time_sec,cctv,local_id,global_id,state,phase,occupied_score
900.0,cctv1,C1_S001,G001,OCCUPIED,OCCUPIED,0.8203214377164841
900.0,cctv1,C1_S002,G002,EMPTY,EMPTY,0.01
900.0,cctv1,C1_S003,G003,OCCUPIED,OCCUPIED,0.8372130602598191
900.0,cctv1,C1_S004,G004,OCCUPIED,OCCUPIED,0.7831063866615297
900.0,cctv1,C1_S005,G005,OCCUPIED,OCCUPIED,0.7688297301530839
900.0,cctv1,C1_S006,G006,EMPTY,EMPTY,0.01
900.0,cctv2,C2_S001,G007,OCCUPIED,OCCUPIED,0.8082583457231522
900.0,cctv2,C2_S002,G008,OCCUPIED,OCCUPIED,0.8298247635364533
900.0,cctv2,C2_S003,G009,OCCUPIED,OCCUPIED,0.778885367512703
900.0,cctv2,C2_S004,G010,OCCUPIED,OCCUPIED,0.7852414876222611
900.0,cctv2,C2_S005,G001,EMPTY,EMPTY,0.01
900.0,cctv2,C2_S006,G003,OCCUPIED,OCCUPIED,0.8035023957490922
900.0,cctv2,C2_S007,G004,OCCUPIED,OCCUPIED,0.8005164444446564
900.0,cctv2,C2_S008,G006,OCCUPIED,OCCUPIED,0.7698506146669388
900.0,cctv2,C2_S009,G005,OCCUPIED,OCCUPIED,0.7924946546554567
900.0,cctv2,C2_S010,G002,OCCUPIED,OCCUPIED,0.8026894450187684
900.0,cctv2,C2_S011,G017,OCCUPIED,OCCUPIED,0.8013834595680237
900.0,cctv2,C2_S012,G018,EMPTY,EMPTY,0.01
900.0,cctv2,C2_S013,G019,OCCUPIED,OCCUPIED,0.7770638167858125
900.0,cctv2,C2_S014,G020,EMPTY,EMPTY,0.01
900.0,cctv3,C3_S001,G021,OCCUPIED,OCCUPIED,0.8023831456899644
900.0,cctv3,C3_S002,G019,EMPTY,EMPTY,0.01
900.0,cctv3,C3_S003,G020,OCCUPIED,OCCUPIED,0.8253735482692719
900.0,cctv3,C3_S004,G024,OCCUPIED,OCCUPIED,0.8276766002178193
900.0,cctv3,C3_S005,G025,OCCUPIED,OCCUPIED,0.8279835343360902
900.0,cctv3,C3_S006,G026,OCCUPIED,OCCUPIED,0.8244673997163773
900.0,cctv3,C3_S007,G027,EMPTY,EMPTY,0.01
900.0,cctv3,C3_S008,G028,EMPTY,EMPTY,0.01
900.0,cctv3,C3_S009,G029,EMPTY,EMPTY,0.01
900.0,cctv3,C3_S010,G007,EMPTY,EMPTY,0.01
900.0,cctv3,C3_S011,G008,OCCUPIED,OCCUPIED,0.7851672887802125
900.0,cctv3,C3_S012,G009,OCCUPIED,OCCUPIED,0.8259098649024964
901.0,cctv1,C1_S001,G001,OCCUPIED,OCCUPIED,0.8199386149644852
901.0,cctv1,C1_S002,G002,EMPTY,EMPTY,0.01
901.0,cctv1,C1_S003,G003,OCCUPIED,OCCUPIED,0.8373791560530663
901.0,cctv1,C1_S004,G004,OCCUPIED,OCCUPIED,0.7819547712802888
901.0,cctv1,C1_S005,G005,OCCUPIED,OCCUPIED,0.7813338667154313
901.0,cctv1,C1_S006,G006,EMPTY,EMPTY,0.01
901.0,cctv2,C2_S001,G007,OCCUPIED,OCCUPIED,0.8062765866518021
901.0,cctv2,C2_S002,G008,OCCUPIED,OCCUPIED,0.8291796252131463
901.0,cctv2,C2_S003,G009,OCCUPIED,OCCUPIED,0.51
901.0,cctv2,C2_S004,G010,OCCUPIED,OCCUPIED,0.7888104930520058
901.0,cctv2,C2_S005,G001,EMPTY,EMPTY,0.01
901.0,cctv2,C2_S006,G003,OCCUPIED,OCCUPIED,0.8041317984461785
901.0,cctv2,C2_S007,G004,OCCUPIED,OCCUPIED,0.8001563221216202
901.0,cctv2,C2_S008,G006,OCCUPIED,OCCUPIED,0.7720373325049877
901.0,cctv2,C2_S009,G005,OCCUPIED,OCCUPIED,0.7944383710622788
901.0,cctv2,C2_S010,G002,OCCUPIED,OCCUPIED,0.8099880307912827
901.0,cctv2,C2_S011,G017,OCCUPIED,OCCUPIED,0.807109260559082
901.0,cctv2,C2_S012,G018,EMPTY,EMPTY,0.01
901.0,cctv2,C2_S013,G019,OCCUPIED,OCCUPIED,0.7906455755233766
901.0,cctv2,C2_S014,G020,EMPTY,EMPTY,0.01
901.0,cctv3,C3_S001,G021,OCCUPIED,OCCUPIED,0.7932097628712654
901.0,cctv3,C3_S002,G019,EMPTY,EMPTY,0.01
901.0,cctv3,C3_S003,G020,OCCUPIED,OCCUPIED,0.8255763366818428
901.0,cctv3,C3_S004,G024,OCCUPIED,OCCUPIED,0.8276220530271531
901.0,cctv3,C3_S005,G025,OCCUPIED,OCCUPIED,0.8281455665826798
901.0,cctv3,C3_S006,G026,OCCUPIED,OCCUPIED,0.825658667087555
901.0,cctv3,C3_S007,G027,EMPTY,MANEUVERING,0.420044651478529
901.0,cctv3,C3_S008,G028,EMPTY,EMPTY,0.01
901.0,cctv3,C3_S009,G029,EMPTY,EMPTY,0.01
901.0,cctv3,C3_S010,G007,EMPTY,MANEUVERING,0.4528030633926392
901.0,cctv3,C3_S011,G008,OCCUPIED,OCCUPIED,0.7338725143671037
901.0,cctv3,C3_S012,G009,OCCUPIED,OCCUPIED,0.8274837717413903
902.0,cctv1,C1_S001,G001,OCCUPIED,OCCUPIED,0.8189460247755052
902.0,cctv1,C1_S002,G002,EMPTY,EMPTY,0.01
902.0,cctv1,C1_S003,G003,OCCUPIED,LEAVING,0.8172520756721497
902.0,cctv1,C1_S004,G004,OCCUPIED,OCCUPIED,0.784266608953476
902.0,cctv1,C1_S005,G005,OCCUPIED,OCCUPIED,0.7739805296063423
902.0,cctv1,C1_S006,G006,EMPTY,EMPTY,0.01
902.0,cctv2,C2_S001,G007,OCCUPIED,OCCUPIED,0.8059751987457277
902.0,cctv2,C2_S002,G008,OCCUPIED,OCCUPIED,0.8310057789087296
902.0,cctv2,C2_S003,G009,OCCUPIED,OCCUPIED,0.51
902.0,cctv2,C2_S004,G010,OCCUPIED,OCCUPIED,0.7920742630958558
902.0,cctv2,C2_S005,G001,EMPTY,EMPTY,0.01
902.0,cctv2,C2_S006,G003,OCCUPIED,OCCUPIED,0.8010556012392045
902.0,cctv2,C2_S007,G004,OCCUPIED,OCCUPIED,0.800486707687378
902.0,cctv2,C2_S008,G006,OCCUPIED,OCCUPIED,0.7713436692953111
902.0,cctv2,C2_S009,G005,OCCUPIED,OCCUPIED,0.7967905551195146
902.0,cctv2,C2_S010,G002,OCCUPIED,OCCUPIED,0.8129257917404176
902.0,cctv2,C2_S011,G017,OCCUPIED,OCCUPIED,0.8075191468000412
902.0,cctv2,C2_S012,G018,EMPTY,EMPTY,0.01
902.0,cctv2,C2_S013,G019,OCCUPIED,OCCUPIED,0.7937772721052171
902.0,cctv2,C2_S014,G020,EMPTY,EMPTY,0.01
902.0,cctv3,C3_S001,G021,OCCUPIED,OCCUPIED,0.788516116142273
902.0,cctv3,C3_S002,G019,EMPTY,EMPTY,0.01
902.0,cctv3,C3_S003,G020,OCCUPIED,OCCUPIED,0.8235667645931244
902.0,cctv3,C3_S004,G024,OCCUPIED,OCCUPIED,0.827716487646103
902.0,cctv3,C3_S005,G025,OCCUPIED,OCCUPIED,0.828443530201912
902.0,cctv3,C3_S006,G026,OCCUPIED,OCCUPIED,0.8257295787334442
902.0,cctv3,C3_S007,G027,EMPTY,MANEUVERING,0.3233779848118623
902.0,cctv3,C3_S008,G028,EMPTY,EMPTY,0.01
902.0,cctv3,C3_S009,G029,EMPTY,EMPTY,0.01
902.0,cctv3,C3_S010,G007,EMPTY,MANEUVERING,0.49
902.0,cctv3,C3_S011,G008,OCCUPIED,OCCUPIED,0.7967900782823564
902.0,cctv3,C3_S012,G009,OCCUPIED,OCCUPIED,0.8274917513132096
903.0,cctv1,C1_S001,G001,OCCUPIED,OCCUPIED,0.8196403756737709
903.0,cctv1,C1_S002,G002,EMPTY,EMPTY,0.01
903.0,cctv1,C1_S003,G003,OCCUPIED,LEAVING,0.8226195029914379
903.0,cctv1,C1_S004,G004,OCCUPIED,OCCUPIED,0.785860324651003
903.0,cctv1,C1_S005,G005,OCCUPIED,OCCUPIED,0.770790108665824
903.0,cctv1,C1_S006,G006,EMPTY,EMPTY,0.01
903.0,cctv2,C2_S001,G007,OCCUPIED,OCCUPIED,0.804318755120039
903.0,cctv2,C2_S002,G008,OCCUPIED,OCCUPIED,0.8306441202759743
903.0,cctv2,C2_S003,G009,OCCUPIED,LEAVING,0.51
903.0,cctv2,C2_S004,G010,OCCUPIED,OCCUPIED,0.7865997795015575
903.0,cctv2,C2_S005,G001,EMPTY,EMPTY,0.01
903.0,cctv2,C2_S006,G003,OCCUPIED,OCCUPIED,0.8009250275790692
903.0,cctv2,C2_S007,G004,OCCUPIED,OCCUPIED,0.8001554749906064
903.0,cctv2,C2_S008,G006,OCCUPIED,OCCUPIED,0.7708838976919652
903.0,cctv2,C2_S009,G005,OCCUPIED,OCCUPIED,0.7956694468855858
903.0,cctv2,C2_S010,G002,OCCUPIED,OCCUPIED,0.8126636326313019
903.0,cctv2,C2_S011,G017,OCCUPIED,OCCUPIED,0.8028156138956547
903.0,cctv2,C2_S012,G018,EMPTY,EMPTY,0.01
903.0,cctv2,C2_S013,G019,OCCUPIED,OCCUPIED,0.8003030121326448
903.0,cctv2,C2_S014,G020,EMPTY,EMPTY,0.01
903.0,cctv3,C3_S001,G021,OCCUPIED,OCCUPIED,0.7888385757803917
903.0,cctv3,C3_S002,G019,EMPTY,EMPTY,0.01
903.0,cctv3,C3_S003,G020,OCCUPIED,OCCUPIED,0.821114806085825
903.0,cctv3,C3_S004,G024,OCCUPIED,OCCUPIED,0.8279634691774845
903.0,cctv3,C3_S005,G025,OCCUPIED,OCCUPIED,0.8268558464944363
903.0,cctv3,C3_S006,G026,OCCUPIED,OCCUPIED,0.8253356195986271
903.0,cctv3,C3_S007,G027,EMPTY,MANEUVERING,0.2750446514785289
903.0,cctv3,C3_S008,G028,EMPTY,EMPTY,0.01
903.0,cctv3,C3_S009,G029,EMPTY,EMPTY,0.01
903.0,cctv3,C3_S010,G007,EMPTY,MANEUVERING,0.49
903.0,cctv3,C3_S011,G008,OCCUPIED,OCCUPIED,0.7978553265333176
903.0,cctv3,C3_S012,G009,OCCUPIED,OCCUPIED,0.8271933197975159
904.0,cctv1,C1_S001,G001,OCCUPIED,OCCUPIED,0.8201578944921494
904.0,cctv1,C1_S002,G002,EMPTY,EMPTY,0.01
904.0,cctv1,C1_S003,G003,OCCUPIED,LEAVING,0.8114068076014519
904.0,cctv1,C1_S004,G004,OCCUPIED,OCCUPIED,0.783525023162365
904.0,cctv1,C1_S005,G005,OCCUPIED,OCCUPIED,0.7647946479916573
904.0,cctv1,C1_S006,G006,EMPTY,MANEUVERING,0.2826409232616425
904.0,cctv2,C2_S001,G007,OCCUPIED,OCCUPIED,0.8033973228931428
904.0,cctv2,C2_S002,G008,OCCUPIED,OCCUPIED,0.8306534051895142
904.0,cctv2,C2_S003,G009,OCCUPIED,LEAVING,0.51
904.0,cctv2,C2_S004,G010,OCCUPIED,OCCUPIED,0.7821960198879243
904.0,cctv2,C2_S005,G001,EMPTY,EMPTY,0.01
904.0,cctv2,C2_S006,G003,OCCUPIED,OCCUPIED,0.8010178548097611
904.0,cctv2,C2_S007,G004,OCCUPIED,OCCUPIED,0.7998795235157014
904.0,cctv2,C2_S008,G006,OCCUPIED,OCCUPIED,0.7718233007192612
904.0,cctv2,C2_S009,G005,OCCUPIED,OCCUPIED,0.7956844377517701
904.0,cctv2,C2_S010,G002,OCCUPIED,OCCUPIED,0.8132550239562989
904.0,cctv2,C2_S011,G017,OCCUPIED,OCCUPIED,0.8045121955871583
904.0,cctv2,C2_S012,G018,EMPTY,EMPTY,0.01
904.0,cctv2,C2_S013,G019,OCCUPIED,OCCUPIED,0.7980602866411209
904.0,cctv2,C2_S014,G020,EMPTY,EMPTY,0.01
904.0,cctv3,C3_S001,G021,OCCUPIED,OCCUPIED,0.7869501101970673
904.0,cctv3,C3_S002,G019,EMPTY,EMPTY,0.01
904.0,cctv3,C3_S003,G020,OCCUPIED,OCCUPIED,0.8222334861755372
904.0,cctv3,C3_S004,G024,OCCUPIED,OCCUPIED,0.8282330495119096
904.0,cctv3,C3_S005,G025,OCCUPIED,OCCUPIED,0.8259903901815415
904.0,cctv3,C3_S006,G026,OCCUPIED,OCCUPIED,0.8251301431655884
904.0,cctv3,C3_S007,G027,EMPTY,MANEUVERING,0.2550446514785289
904.0,cctv3,C3_S008,G028,EMPTY,EMPTY,0.01
904.0,cctv3,C3_S009,G029,EMPTY,EMPTY,0.01
904.0,cctv3,C3_S010,G007,EMPTY,MANEUVERING,0.49
904.0,cctv3,C3_S011,G008,OCCUPIED,OCCUPIED,0.7954403978586198
904.0,cctv3,C3_S012,G009,OCCUPIED,OCCUPIED,0.8274098312854767
905.0,cctv1,C1_S001,G001,OCCUPIED,OCCUPIED,0.8197242289781571
905.0,cctv1,C1_S002,G002,EMPTY,EMPTY,0.01
905.0,cctv1,C1_S003,G003,OCCUPIED,LEAVING,0.8157511152327062
905.0,cctv1,C1_S004,G004,OCCUPIED,OCCUPIED,0.7822088547050954
905.0,cctv1,C1_S005,G005,OCCUPIED,OCCUPIED,0.7610224097967149
905.0,cctv1,C1_S006,G006,EMPTY,MANEUVERING,0.2693075899283091
905.0,cctv2,C2_S001,G007,OCCUPIED,OCCUPIED,0.8028229176998138
905.0,cctv2,C2_S002,G008,OCCUPIED,OCCUPIED,0.8304920613765717
905.0,cctv2,C2_S003,G009,OCCUPIED,LEAVING,0.51
905.0,cctv2,C2_S004,G010,OCCUPIED,OCCUPIED,0.7810857608914376
905.0,cctv2,C2_S005,G001,EMPTY,EMPTY,0.01
905.0,cctv2,C2_S006,G003,OCCUPIED,OCCUPIED,0.8009331002831459
905.0,cctv2,C2_S007,G004,OCCUPIED,OCCUPIED,0.7991971492767335
905.0,cctv2,C2_S008,G006,OCCUPIED,OCCUPIED,0.7720621481537819
905.0,cctv2,C2_S009,G005,OCCUPIED,OCCUPIED,0.7947014883160591
905.0,cctv2,C2_S010,G002,OCCUPIED,OCCUPIED,0.8122078925371171
905.0,cctv2,C2_S011,G017,OCCUPIED,OCCUPIED,0.8038474023342134
905.0,cctv2,C2_S012,G018,EMPTY,EMPTY,0.01
905.0,cctv2,C2_S013,G019,OCCUPIED,OCCUPIED,0.7977159544825555
905.0,cctv2,C2_S014,G020,EMPTY,EMPTY,0.01
905.0,cctv3,C3_S001,G021,OCCUPIED,OCCUPIED,0.7868039414286614
905.0,cctv3,C3_S002,G019,EMPTY,EMPTY,0.01
905.0,cctv3,C3_S003,G020,OCCUPIED,OCCUPIED,0.82279162555933
905.0,cctv3,C3_S004,G024,OCCUPIED,OCCUPIED,0.8283923327922822
905.0,cctv3,C3_S005,G025,OCCUPIED,OCCUPIED,0.8263575464487076
905.0,cctv3,C3_S006,G026,OCCUPIED,OCCUPIED,0.8250928685069084
905.0,cctv3,C3_S007,G027,EMPTY,MANEUVERING,0.3075681719866892
905.0,cctv3,C3_S008,G028,EMPTY,EMPTY,0.01
905.0,cctv3,C3_S009,G029,EMPTY,MANEUVERING,0.2608361121515433
905.0,cctv3,C3_S010,G007,EMPTY,MANEUVERING,0.4407415896654129
905.0,cctv3,C3_S011,G008,OCCUPIED,LEAVING,0.735485031604767
905.0,cctv3,C3_S012,G009,OCCUPIED,OCCUPIED,0.8274641662836075
906.0,cctv1,C1_S001,G001,OCCUPIED,OCCUPIED,0.818787403191839
906.0,cctv1,C1_S002,G002,EMPTY,EMPTY,0.01
906.0,cctv1,C1_S003,G003,OCCUPIED,LEAVING,0.8188488034265382
906.0,cctv1,C1_S004,G004,OCCUPIED,OCCUPIED,0.78226867467165
906.0,cctv1,C1_S005,G005,OCCUPIED,LEAVING,0.7436750884992737
906.0,cctv1,C1_S006,G006,EMPTY,MANEUVERING,0.2975673102906772
906.0,cctv2,C2_S001,G007,OCCUPIED,OCCUPIED,0.8035225110394615
906.0,cctv2,C2_S002,G008,OCCUPIED,OCCUPIED,0.8302456072398595
906.0,cctv2,C2_S003,G009,OCCUPIED,LEAVING,0.51
906.0,cctv2,C2_S004,G010,OCCUPIED,OCCUPIED,0.781922351036753
906.0,cctv2,C2_S005,G001,EMPTY,EMPTY,0.01
906.0,cctv2,C2_S006,G003,OCCUPIED,LEAVING,0.805558386870793
906.0,cctv2,C2_S007,G004,OCCUPIED,OCCUPIED,0.7990596460444587
906.0,cctv2,C2_S008,G006,OCCUPIED,OCCUPIED,0.7709589142884528
906.0,cctv2,C2_S009,G005,OCCUPIED,OCCUPIED,0.7945270947047642
906.0,cctv2,C2_S010,G002,OCCUPIED,OCCUPIED,0.8123784244060517
906.0,cctv2,C2_S011,G017,OCCUPIED,OCCUPIED,0.8028317425932203
906.0,cctv2,C2_S012,G018,EMPTY,EMPTY,0.01
906.0,cctv2,C2_S013,G019,OCCUPIED,OCCUPIED,0.7985950887203217
906.0,cctv2,C2_S014,G020,EMPTY,EMPTY,0.01
906.0,cctv3,C3_S001,G021,OCCUPIED,OCCUPIED,0.7871171333960125
906.0,cctv3,C3_S002,G019,EMPTY,EMPTY,0.01
906.0,cctv3,C3_S003,G020,OCCUPIED,OCCUPIED,0.8230446142809732
906.0,cctv3,C3_S004,G024,OCCUPIED,OCCUPIED,0.8282429946320398
906.0,cctv3,C3_S005,G025,OCCUPIED,OCCUPIED,0.826900196501187
906.0,cctv3,C3_S006,G026,OCCUPIED,OCCUPIED,0.825236902492387
906.0,cctv3,C3_S007,G027,EMPTY,MANEUVERING,0.3918650807919247
906.0,cctv3,C3_S008,G028,EMPTY,EMPTY,0.01
906.0,cctv3,C3_S009,G029,EMPTY,MANEUVERING,0.3490063037297555
906.0,cctv3,C3_S010,G007,EMPTY,MANEUVERING,0.3585987325225557
906.0,cctv3,C3_S011,G008,OCCUPIED,LEAVING,0.7443850537708827
906.0,cctv3,C3_S012,G009,OCCUPIED,OCCUPIED,0.826809213416917
907.0,cctv1,C1_S001,G001,OCCUPIED,LEAVING,0.8077970658428968
907.0,cctv1,C1_S002,G002,EMPTY,EMPTY,0.01
907.0,cctv1,C1_S003,G003,OCCUPIED,LEAVING,0.8209671756252647
907.0,cctv1,C1_S004,G004,OCCUPIED,OCCUPIED,0.7807679373770953
907.0,cctv1,C1_S005,G005,OCCUPIED,LEAVING,0.7337796195223928
907.0,cctv1,C1_S006,G006,EMPTY,MANEUVERING,0.3492386774718762
907.0,cctv2,C2_S001,G007,OCCUPIED,OCCUPIED,0.8030760664492846
907.0,cctv2,C2_S002,G008,OCCUPIED,OCCUPIED,0.8303722135722638
907.0,cctv2,C2_S003,G009,OCCUPIED,LEAVING,0.51
907.0,cctv2,C2_S004,G010,OCCUPIED,OCCUPIED,0.7834458827972413
907.0,cctv2,C2_S005,G001,EMPTY,EMPTY,0.01
907.0,cctv2,C2_S006,G003,OCCUPIED,LEAVING,0.8067680679261685
907.0,cctv2,C2_S007,G004,OCCUPIED,OCCUPIED,0.7990625530481339
907.0,cctv2,C2_S008,G006,OCCUPIED,OCCUPIED,0.7690271697938443
907.0,cctv2,C2_S009,G005,OCCUPIED,OCCUPIED,0.7937918927520514
907.0,cctv2,C2_S010,G002,OCCUPIED,OCCUPIED,0.8117375016212464
907.0,cctv2,C2_S011,G017,OCCUPIED,OCCUPIED,0.8009661089628936
907.0,cctv2,C2_S012,G018,EMPTY,EMPTY,0.01
907.0,cctv2,C2_S013,G019,OCCUPIED,OCCUPIED,0.8012150838971138
907.0,cctv2,C2_S014,G020,EMPTY,EMPTY,0.01
907.0,cctv3,C3_S001,G021,OCCUPIED,OCCUPIED,0.7886594533920289
907.0,cctv3,C3_S002,G019,EMPTY,EMPTY,0.01
907.0,cctv3,C3_S003,G020,OCCUPIED,OCCUPIED,0.8232431657612325
907.0,cctv3,C3_S004,G024,OCCUPIED,OCCUPIED,0.8282346036285162
907.0,cctv3,C3_S005,G025,OCCUPIED,OCCUPIED,0.8272436693310738
907.0,cctv3,C3_S006,G026,OCCUPIED,OCCUPIED,0.8252745646983386
907.0,cctv3,C3_S007,G027,EMPTY,MANEUVERING,0.4676171121839434
907.0,cctv3,C3_S008,G028,EMPTY,EMPTY,0.01
907.0,cctv3,C3_S009,G029,EMPTY,MANEUVERING,0.3347205894440412
907.0,cctv3,C3_S010,G007,EMPTY,MANEUVERING,0.2857415896654129
907.0,cctv3,C3_S011,G008,OCCUPIED,LEAVING,0.7516550178825856
907.0,cctv3,C3_S012,G009,OCCUPIED,OCCUPIED,0.8264757193624974
908.0,cctv1,C1_S001,G001,OCCUPIED,LEAVING,0.8007646111150584
908.0,cctv1,C1_S002,G002,EMPTY,EMPTY,0.01
908.0,cctv1,C1_S003,G003,OCCUPIED,LEAVING,0.822675099472205
908.0,cctv1,C1_S004,G004,OCCUPIED,OCCUPIED,0.7808081090450287
908.0,cctv1,C1_S005,G005,OCCUPIED,LEAVING,0.7357968816161157
908.0,cctv1,C1_S006,G006,EMPTY,MANEUVERING,0.2842386774718761
908.0,cctv2,C2_S001,G007,OCCUPIED,OCCUPIED,0.8023981094360352
908.0,cctv2,C2_S002,G008,OCCUPIED,OCCUPIED,0.8308676391839982
908.0,cctv2,C2_S003,G009,OCCUPIED,LEAVING,0.51
908.0,cctv2,C2_S004,G010,OCCUPIED,OCCUPIED,0.7845117886861166
908.0,cctv2,C2_S005,G001,EMPTY,EMPTY,0.01
908.0,cctv2,C2_S006,G003,OCCUPIED,LEAVING,0.8091861685117087
908.0,cctv2,C2_S007,G004,OCCUPIED,OCCUPIED,0.7993012040853501
908.0,cctv2,C2_S008,G006,OCCUPIED,OCCUPIED,0.7676266461610795
908.0,cctv2,C2_S009,G005,OCCUPIED,OCCUPIED,0.7936663031578064
908.0,cctv2,C2_S010,G002,OCCUPIED,OCCUPIED,0.8101336002349854
908.0,cctv2,C2_S011,G017,OCCUPIED,OCCUPIED,0.8010276903708776
908.0,cctv2,C2_S012,G018,EMPTY,EMPTY,0.01
908.0,cctv2,C2_S013,G019,OCCUPIED,OCCUPIED,0.7997790565093359
908.0,cctv2,C2_S014,G020,EMPTY,EMPTY,0.01
908.0,cctv3,C3_S001,G021,OCCUPIED,OCCUPIED,0.7884593238433203
908.0,cctv3,C3_S002,G019,EMPTY,EMPTY,0.01
908.0,cctv3,C3_S003,G020,OCCUPIED,OCCUPIED,0.8234058499336243
908.0,cctv3,C3_S004,G024,OCCUPIED,OCCUPIED,0.8283313741286596
908.0,cctv3,C3_S005,G025,OCCUPIED,OCCUPIED,0.8274484237035116
908.0,cctv3,C3_S006,G026,OCCUPIED,OCCUPIED,0.825347184141477
908.0,cctv3,C3_S007,G027,EMPTY,MANEUVERING,0.4453948899617212
908.0,cctv3,C3_S008,G028,EMPTY,EMPTY,0.01
908.0,cctv3,C3_S009,G029,EMPTY,MANEUVERING,0.4165322438379129
908.0,cctv3,C3_S010,G007,EMPTY,MANEUVERING,0.2640749229987462
908.0,cctv3,C3_S011,G008,OCCUPIED,LEAVING,0.7560681706666946
908.0,cctv3,C3_S012,G009,OCCUPIED,OCCUPIED,0.8267205705245336
909.0,cctv1,C1_S001,G001,OCCUPIED,LEAVING,0.7937130700051785
909.0,cctv1,C1_S002,G002,EMPTY,EMPTY,0.01
909.0,cctv1,C1_S003,G003,OCCUPIED,LEAVING,0.8241062344610691
909.0,cctv1,C1_S004,G004,OCCUPIED,OCCUPIED,0.7798109643161297
909.0,cctv1,C1_S005,G005,OCCUPIED,LEAVING,0.7246481549143792
909.0,cctv1,C1_S006,G006,EMPTY,MANEUVERING,0.3652084171250462
909.0,cctv2,C2_S001,G007,OCCUPIED,OCCUPIED,0.8028479912877083
909.0,cctv2,C2_S002,G008,OCCUPIED,OCCUPIED,0.8312862616777421
909.0,cctv2,C2_S003,G009,OCCUPIED,LEAVING,0.51
909.0,cctv2,C2_S004,G010,OCCUPIED,OCCUPIED,0.7858575105667115
909.0,cctv2,C2_S005,G001,EMPTY,EMPTY,0.01
909.0,cctv2,C2_S006,G003,OCCUPIED,LEAVING,0.8107720011472702
909.0,cctv2,C2_S007,G004,OCCUPIED,OCCUPIED,0.798334871530533
909.0,cctv2,C2_S008,G006,OCCUPIED,OCCUPIED,0.7669633869826794
909.0,cctv2,C2_S009,G005,OCCUPIED,OCCUPIED,0.7939568439126016
909.0,cctv2,C2_S010,G002,OCCUPIED,OCCUPIED,0.8086512187123299
909.0,cctv2,C2_S011,G017,OCCUPIED,OCCUPIED,0.8012446793913842
909.0,cctv2,C2_S012,G018,EMPTY,EMPTY,0.01
909.0,cctv2,C2_S013,G019,OCCUPIED,OCCUPIED,0.7945473983883858
909.0,cctv2,C2_S014,G020,EMPTY,EMPTY,0.01
909.0,cctv3,C3_S001,G021,OCCUPIED,OCCUPIED,0.7881181782484055
909.0,cctv3,C3_S002,G019,EMPTY,EMPTY,0.01
909.0,cctv3,C3_S003,G020,OCCUPIED,OCCUPIED,0.8229496002197266
909.0,cctv3,C3_S004,G024,OCCUPIED,OCCUPIED,0.8285441634058953
909.0,cctv3,C3_S005,G025,OCCUPIED,OCCUPIED,0.8274954679608346
909.0,cctv3,C3_S006,G026,OCCUPIED,OCCUPIED,0.8253184548020364
909.0,cctv3,C3_S007,G027,EMPTY,MANEUVERING,0.3826171121839434
909.0,cctv3,C3_S008,G028,EMPTY,EMPTY,0.01
909.0,cctv3,C3_S009,G029,EMPTY,MANEUVERING,0.3581989105045795
909.0,cctv3,C3_S010,G007,EMPTY,MANEUVERING,0.2467415896654129
909.0,cctv3,C3_S011,G008,OCCUPIED,LEAVING,0.7586797215938569
909.0,cctv3,C3_S012,G009,OCCUPIED,OCCUPIED,0.8267038381099702
910.0,cctv1,C1_S001,G001,OCCUPIED,LEAVING,0.7883345527405089
910.0,cctv1,C1_S002,G002,EMPTY,EMPTY,0.01
910.0,cctv1,C1_S003,G003,OCCUPIED,LEAVING,0.8198351016098804
910.0,cctv1,C1_S004,G004,OCCUPIED,OCCUPIED,0.7791095664555376
910.0,cctv1,C1_S005,G005,OCCUPIED,LEAVING,0.7174804664200004
910.0,cctv1,C1_S006,G006,EMPTY,MANEUVERING,0.3939185799522833
910.0,cctv2,C2_S001,G007,OCCUPIED,OCCUPIED,0.8026290335438468
910.0,cctv2,C2_S002,G008,OCCUPIED,OCCUPIED,0.831292417103594
910.0,cctv2,C2_S003,G009,OCCUPIED,LEAVING,0.51
910.0,cctv2,C2_S004,G010,OCCUPIED,OCCUPIED,0.7847446843981744
910.0,cctv2,C2_S005,G001,EMPTY,EMPTY,0.01
910.0,cctv2,C2_S006,G003,OCCUPIED,LEAVING,0.8119505511088805
910.0,cctv2,C2_S007,G004,OCCUPIED,OCCUPIED,0.7984183742241426
910.0,cctv2,C2_S008,G006,OCCUPIED,OCCUPIED,0.7665108925916932
910.0,cctv2,C2_S009,G005,OCCUPIED,OCCUPIED,0.7936943409117786
910.0,cctv2,C2_S010,G002,OCCUPIED,OCCUPIED,0.8085581297224219
910.0,cctv2,C2_S011,G017,OCCUPIED,OCCUPIED,0.8011641369624571
910.0,cctv2,C2_S012,G018,EMPTY,EMPTY,0.01
910.0,cctv2,C2_S013,G019,OCCUPIED,OCCUPIED,0.7942597375674681
910.0,cctv2,C2_S014,G020,EMPTY,EMPTY,0.01
910.0,cctv3,C3_S001,G021,OCCUPIED,OCCUPIED,0.7897903101010757
910.0,cctv3,C3_S002,G019,EMPTY,EMPTY,0.01
910.0,cctv3,C3_S003,G020,OCCUPIED,OCCUPIED,0.8233089138161053
910.0,cctv3,C3_S004,G024,OCCUPIED,OCCUPIED,0.8286479166962885
910.0,cctv3,C3_S005,G025,OCCUPIED,OCCUPIED,0.8275615415789865
910.0,cctv3,C3_S006,G026,OCCUPIED,OCCUPIED,0.8253164294091139
910.0,cctv3,C3_S007,G027,EMPTY,MANEUVERING,0.4037418626452034
910.0,cctv3,C3_S008,G028,EMPTY,EMPTY,0.01
910.0,cctv3,C3_S009,G029,EMPTY,MANEUVERING,0.3022898195954886
910.0,cctv3,C3_S010,G007,EMPTY,MANEUVERING,0.2325597714835947
910.0,cctv3,C3_S011,G008,OCCUPIED,LEAVING,0.7617922335321253
910.0,cctv3,C3_S012,G009,OCCUPIED,OCCUPIED,0.826463905247775
911.0,cctv1,C1_S001,G001,OCCUPIED,LEAVING,0.7809438131749631
911.0,cctv1,C1_S002,G002,EMPTY,EMPTY,0.01
911.0,cctv1,C1_S003,G003,OCCUPIED,LEAVING,0.8197609783573585
911.0,cctv1,C1_S004,G004,OCCUPIED,OCCUPIED,0.7789376401088455
911.0,cctv1,C1_S005,G005,OCCUPIED,LEAVING,0.715480887727304
911.0,cctv1,C1_S006,G006,EMPTY,MANEUVERING,0.3489185799522833
911.0,cctv2,C2_S001,G007,OCCUPIED,OCCUPIED,0.802796535058455
911.0,cctv2,C2_S002,G008,OCCUPIED,OCCUPIED,0.8314601819623602
911.0,cctv2,C2_S003,G009,OCCUPIED,OCCUPIED,0.51
911.0,cctv2,C2_S004,G010,OCCUPIED,OCCUPIED,0.7850645841522651
911.0,cctv2,C2_S005,G001,EMPTY,EMPTY,0.01
911.0,cctv2,C2_S006,G003,OCCUPIED,LEAVING,0.8131943507628008
911.0,cctv2,C2_S007,G004,OCCUPIED,OCCUPIED,0.7983264996246858
911.0,cctv2,C2_S008,G006,OCCUPIED,OCCUPIED,0.7659983106634835
911.0,cctv2,C2_S009,G005,OCCUPIED,OCCUPIED,0.7936526780778712
911.0,cctv2,C2_S010,G002,OCCUPIED,OCCUPIED,0.8082613270391118
911.0,cctv2,C2_S011,G017,OCCUPIED,OCCUPIED,0.8011625934730877
911.0,cctv2,C2_S012,G018,EMPTY,EMPTY,0.01
911.0,cctv2,C2_S013,G019,OCCUPIED,OCCUPIED,0.7965124428272248
911.0,cctv2,C2_S014,G020,EMPTY,EMPTY,0.01
911.0,cctv3,C3_S001,G021,OCCUPIED,OCCUPIED,0.7895019653168592
911.0,cctv3,C3_S002,G019,EMPTY,EMPTY,0.01
911.0,cctv3,C3_S003,G020,OCCUPIED,OCCUPIED,0.8236046346751127
911.0,cctv3,C3_S004,G024,OCCUPIED,OCCUPIED,0.8287895040078597
911.0,cctv3,C3_S005,G025,OCCUPIED,OCCUPIED,0.827795899998058
911.0,cctv3,C3_S006,G026,OCCUPIED,OCCUPIED,0.8254995812069287
911.0,cctv3,C3_S007,G027,EMPTY,MANEUVERING,0.4396022559685463
911.0,cctv3,C3_S008,G028,EMPTY,EMPTY,0.01
911.0,cctv3,C3_S009,G029,EMPTY,MANEUVERING,0.3022898195954886
911.0,cctv3,C3_S010,G007,EMPTY,MANEUVERING,0.2325597714835947
911.0,cctv3,C3_S011,G008,OCCUPIED,LEAVING,0.76233157212084
911.0,cctv3,C3_S012,G009,OCCUPIED,OCCUPIED,0.826236548207023
912.0,cctv1,C1_S001,G001,OCCUPIED,OCCUPIED,0.7732015211473813
912.0,cctv1,C1_S002,G002,EMPTY,EMPTY,0.01
912.0,cctv1,C1_S003,G003,OCCUPIED,LEAVING,0.8199110251936046
912.0,cctv1,C1_S004,G004,OCCUPIED,OCCUPIED,0.7793646087700671
912.0,cctv1,C1_S005,G005,OCCUPIED,LEAVING,0.7114981625296855
912.0,cctv1,C1_S006,G006,EMPTY,MANEUVERING,0.3489185799522833
912.0,cctv2,C2_S001,G007,OCCUPIED,OCCUPIED,0.8036624163389207
912.0,cctv2,C2_S002,G008,OCCUPIED,OCCUPIED,0.8317564368247986
912.0,cctv2,C2_S003,G009,OCCUPIED,OCCUPIED,0.51
912.0,cctv2,C2_S004,G010,OCCUPIED,OCCUPIED,0.786223318766464
912.0,cctv2,C2_S005,G001,EMPTY,EMPTY,0.01
912.0,cctv2,C2_S006,G003,OCCUPIED,LEAVING,0.8149597880515186
912.0,cctv2,C2_S007,G004,OCCUPIED,OCCUPIED,0.7984156798232687
912.0,cctv2,C2_S008,G006,OCCUPIED,OCCUPIED,0.7649860364469616
912.0,cctv2,C2_S009,G005,OCCUPIED,OCCUPIED,0.7930841326713562
912.0,cctv2,C2_S010,G002,OCCUPIED,OCCUPIED,0.806540849263018
912.0,cctv2,C2_S011,G017,OCCUPIED,OCCUPIED,0.8005257850343531
912.0,cctv2,C2_S012,G018,EMPTY,EMPTY,0.01
912.0,cctv2,C2_S013,G019,OCCUPIED,OCCUPIED,0.7927590408108451
912.0,cctv2,C2_S014,G020,EMPTY,EMPTY,0.01
912.0,cctv3,C3_S001,G021,OCCUPIED,OCCUPIED,0.7881873281164603
912.0,cctv3,C3_S002,G019,EMPTY,EMPTY,0.01
912.0,cctv3,C3_S003,G020,OCCUPIED,OCCUPIED,0.8215947465463118
912.0,cctv3,C3_S004,G024,OCCUPIED,OCCUPIED,0.8289064410057936
912.0,cctv3,C3_S005,G025,OCCUPIED,OCCUPIED,0.827444662289186
912.0,cctv3,C3_S006,G026,OCCUPIED,OCCUPIED,0.8253118168223988
912.0,cctv3,C3_S007,G027,EMPTY,MANEUVERING,0.4035137768665498
912.0,cctv3,C3_S008,G028,EMPTY,EMPTY,0.01
912.0,cctv3,C3_S009,G029,EMPTY,MANEUVERING,0.2572898195954886
912.0,cctv3,C3_S010,G007,EMPTY,MANEUVERING,0.1792563073472543
912.0,cctv3,C3_S011,G008,OCCUPIED,LEAVING,0.7724755807898261
912.0,cctv3,C3_S012,G009,OCCUPIED,OCCUPIED,0.8260437323288485
913.0,cctv1,C1_S001,G001,OCCUPIED,OCCUPIED,0.7674105310981925
913.0,cctv1,C1_S002,G002,EMPTY,EMPTY,0.01
913.0,cctv1,C1_S003,G003,OCCUPIED,LEAVING,0.8254654289646582
913.0,cctv1,C1_S004,G004,OCCUPIED,OCCUPIED,0.777966894209385
913.0,cctv1,C1_S005,G005,OCCUPIED,LEAVING,0.7012895825234327
913.0,cctv1,C1_S006,G006,EMPTY,MANEUVERING,0.3959739772907712
913.0,cctv2,C2_S001,G007,OCCUPIED,OCCUPIED,0.8043987452983857
913.0,cctv2,C2_S002,G008,OCCUPIED,OCCUPIED,0.8314335362477736
913.0,cctv2,C2_S003,G009,OCCUPIED,OCCUPIED,0.51
913.0,cctv2,C2_S004,G010,OCCUPIED,OCCUPIED,0.7865840311754835
913.0,cctv2,C2_S005,G001,EMPTY,EMPTY,0.01
913.0,cctv2,C2_S006,G003,OCCUPIED,LEAVING,0.8171322871338238
913.0,cctv2,C2_S007,G004,OCCUPIED,OCCUPIED,0.7972510126504032
913.0,cctv2,C2_S008,G006,OCCUPIED,OCCUPIED,0.7647803508422593
913.0,cctv2,C2_S009,G005,OCCUPIED,OCCUPIED,0.7921277422796597
913.0,cctv2,C2_S010,G002,OCCUPIED,OCCUPIED,0.8029907700690357
913.0,cctv2,C2_S011,G017,OCCUPIED,OCCUPIED,0.7990501555529508
913.0,cctv2,C2_S012,G018,EMPTY,EMPTY,0.01
913.0,cctv2,C2_S013,G019,OCCUPIED,OCCUPIED,0.787894180552526
913.0,cctv2,C2_S014,G020,EMPTY,EMPTY,0.01
913.0,cctv3,C3_S001,G021,OCCUPIED,OCCUPIED,0.7878475938330998
913.0,cctv3,C3_S002,G019,EMPTY,EMPTY,0.01
913.0,cctv3,C3_S003,G020,OCCUPIED,OCCUPIED,0.8222278657284651
913.0,cctv3,C3_S004,G024,OCCUPIED,OCCUPIED,0.828979208523577
913.0,cctv3,C3_S005,G025,OCCUPIED,OCCUPIED,0.8275437723506581
913.0,cctv3,C3_S006,G026,OCCUPIED,OCCUPIED,0.8253357998349451
913.0,cctv3,C3_S007,G027,EMPTY,MANEUVERING,0.4842739646678621
913.0,cctv3,C3_S008,G028,EMPTY,EMPTY,0.01
913.0,cctv3,C3_S009,G029,EMPTY,MANEUVERING,0.3484295853464441
913.0,cctv3,C3_S010,G007,EMPTY,MANEUVERING,0.1292232874848626
913.0,cctv3,C3_S011,G008,OCCUPIED,LEAVING,0.7828249499472706
913.0,cctv3,C3_S012,G009,OCCUPIED,OCCUPIED,0.8261743274602024
914.0,cctv1,C1_S001,G001,OCCUPIED,OCCUPIED,0.7629383763129062
914.0,cctv1,C1_S002,G002,EMPTY,EMPTY,0.01
914.0,cctv1,C1_S003,G003,OCCUPIED,LEAVING,0.82523983405395
914.0,cctv1,C1_S004,G004,OCCUPIED,OCCUPIED,0.7771395058794456
914.0,cctv1,C1_S005,G005,OCCUPIED,OCCUPIED,0.7371779193196979
914.0,cctv1,C1_S006,G006,EMPTY,MANEUVERING,0.4433141426954951
914.0,cctv2,C2_S001,G007,OCCUPIED,OCCUPIED,0.8057447793808851
914.0,cctv2,C2_S002,G008,OCCUPIED,OCCUPIED,0.8318358261476864
914.0,cctv2,C2_S003,G009,OCCUPIED,OCCUPIED,0.51
914.0,cctv2,C2_S004,G010,OCCUPIED,OCCUPIED,0.7896966481750662
914.0,cctv2,C2_S005,G001,EMPTY,EMPTY,0.01
914.0,cctv2,C2_S006,G003,OCCUPIED,LEAVING,0.8179116712375121
914.0,cctv2,C2_S007,G004,OCCUPIED,OCCUPIED,0.7971797179092062
914.0,cctv2,C2_S008,G006,OCCUPIED,OCCUPIED,0.7634974823756652
914.0,cctv2,C2_S009,G005,OCCUPIED,OCCUPIED,0.792289165746082
914.0,cctv2,C2_S010,G002,OCCUPIED,OCCUPIED,0.8016396015882493
914.0,cctv2,C2_S011,G017,OCCUPIED,OCCUPIED,0.7998408146879891
914.0,cctv2,C2_S012,G018,EMPTY,EMPTY,0.01
914.0,cctv2,C2_S013,G019,OCCUPIED,OCCUPIED,0.7811994092030959
914.0,cctv2,C2_S014,G020,EMPTY,EMPTY,0.01
914.0,cctv3,C3_S001,G021,OCCUPIED,OCCUPIED,0.7890556396408515
914.0,cctv3,C3_S002,G019,EMPTY,EMPTY,0.01
914.0,cctv3,C3_S003,G020,OCCUPIED,OCCUPIED,0.8225078826600856
914.0,cctv3,C3_S004,G024,OCCUPIED,OCCUPIED,0.829158488186923
914.0,cctv3,C3_S005,G025,OCCUPIED,OCCUPIED,0.8276529301296581
914.0,cctv3,C3_S006,G026,OCCUPIED,OCCUPIED,0.8254189564423129
914.0,cctv3,C3_S007,G027,EMPTY,MANEUVERING,0.4392739646678621
914.0,cctv3,C3_S008,G028,EMPTY,EMPTY,0.01
914.0,cctv3,C3_S009,G029,EMPTY,MANEUVERING,0.3484295853464441
914.0,cctv3,C3_S010,G007,EMPTY,EMPTY,0.01
914.0,cctv3,C3_S011,G008,OCCUPIED,OCCUPIED,0.7924662118608302
914.0,cctv3,C3_S012,G009,OCCUPIED,OCCUPIED,0.8259750685908578
915.0,cctv1,C1_S001,G001,OCCUPIED,OCCUPIED,0.7574386477470398
915.0,cctv1,C1_S002,G002,EMPTY,EMPTY,0.01
915.0,cctv1,C1_S003,G003,OCCUPIED,LEAVING,0.8315093037757008
915.0,cctv1,C1_S004,G004,OCCUPIED,OCCUPIED,0.7775497192686255
915.0,cctv1,C1_S005,G005,OCCUPIED,OCCUPIED,0.7542547803033482
915.0,cctv1,C1_S006,G006,EMPTY,MANEUVERING,0.49
915.0,cctv2,C2_S001,G007,OCCUPIED,OCCUPIED,0.8067995084957643
915.0,cctv2,C2_S002,G008,OCCUPIED,OCCUPIED,0.8321547838774594
915.0,cctv2,C2_S003,G009,EMPTY,EMPTY,0.2289245785366405
915.0,cctv2,C2_S004,G010,OCCUPIED,OCCUPIED,0.7943138535727154
915.0,cctv2,C2_S005,G001,EMPTY,EMPTY,0.01
915.0,cctv2,C2_S006,G003,OCCUPIED,LEAVING,0.820906334031712
915.0,cctv2,C2_S007,G004,OCCUPIED,OCCUPIED,0.7976939835331658
915.0,cctv2,C2_S008,G006,OCCUPIED,OCCUPIED,0.7635092442685908
915.0,cctv2,C2_S009,G005,OCCUPIED,OCCUPIED,0.7928134230050174
915.0,cctv2,C2_S010,G002,OCCUPIED,OCCUPIED,0.8002512682567944
915.0,cctv2,C2_S011,G017,OCCUPIED,OCCUPIED,0.7985247920859945
915.0,cctv2,C2_S012,G018,EMPTY,EMPTY,0.01
915.0,cctv2,C2_S013,G019,OCCUPIED,OCCUPIED,0.780195912718773
915.0,cctv2,C2_S014,G020,EMPTY,EMPTY,0.01
915.0,cctv3,C3_S001,G021,OCCUPIED,OCCUPIED,0.7907120483842763
915.0,cctv3,C3_S002,G019,EMPTY,EMPTY,0.01
915.0,cctv3,C3_S003,G020,OCCUPIED,OCCUPIED,0.8222564970905131
915.0,cctv3,C3_S004,G024,OCCUPIED,OCCUPIED,0.8291247240521692
915.0,cctv3,C3_S005,G025,OCCUPIED,OCCUPIED,0.8282589029182088
915.0,cctv3,C3_S006,G026,OCCUPIED,OCCUPIED,0.8254940022121777
915.0,cctv3,C3_S007,G027,EMPTY,MANEUVERING,0.3942739646678621
915.0,cctv3,C3_S008,G028,EMPTY,EMPTY,0.01
915.0,cctv3,C3_S009,G029,EMPTY,MANEUVERING,0.3484295853464441
915.0,cctv3,C3_S010,G007,EMPTY,EMPTY,0.01
915.0,cctv3,C3_S011,G008,OCCUPIED,OCCUPIED,0.7926524376327342
915.0,cctv3,C3_S012,G009,OCCUPIED,OCCUPIED,0.8254361526532608
916.0,cctv1,C1_S001,G001,OCCUPIED,OCCUPIED,0.7505657801573927
916.0,cctv1,C1_S002,G002,EMPTY,EMPTY,0.01
916.0,cctv1,C1_S003,G003,OCCUPIED,LEAVING,0.8313926536928524
916.0,cctv1,C1_S004,G004,OCCUPIED,OCCUPIED,0.776162376728925
916.0,cctv1,C1_S005,G005,OCCUPIED,OCCUPIED,0.7562953061678194
916.0,cctv1,C1_S006,G006,EMPTY,MANEUVERING,0.49
916.0,cctv2,C2_S001,G007,OCCUPIED,OCCUPIED,0.8076839352195914
916.0,cctv2,C2_S002,G008,OCCUPIED,OCCUPIED,0.8325814201073214
916.0,cctv2,C2_S003,G009,EMPTY,MANEUVERING,0.2289245785366405
916.0,cctv2,C2_S004,G010,OCCUPIED,OCCUPIED,0.7975262613459068
916.0,cctv2,C2_S005,G001,EMPTY,EMPTY,0.01
916.0,cctv2,C2_S006,G003,OCCUPIED,LEAVING,0.8241075838154013
916.0,cctv2,C2_S007,G004,OCCUPIED,OCCUPIED,0.7970333993434907
916.0,cctv2,C2_S008,G006,OCCUPIED,OCCUPIED,0.7644005220044744
916.0,cctv2,C2_S009,G005,OCCUPIED,OCCUPIED,0.7933100055564535
916.0,cctv2,C2_S010,G002,OCCUPIED,OCCUPIED,0.8000455631451174
916.0,cctv2,C2_S011,G017,OCCUPIED,OCCUPIED,0.7983779939738187
916.0,cctv2,C2_S012,G018,EMPTY,EMPTY,0.01
916.0,cctv2,C2_S013,G019,OCCUPIED,OCCUPIED,0.7808516868136146
916.0,cctv2,C2_S014,G020,EMPTY,EMPTY,0.01
916.0,cctv3,C3_S001,G021,OCCUPIED,OCCUPIED,0.7908431775190614
916.0,cctv3,C3_S002,G019,EMPTY,EMPTY,0.01
916.0,cctv3,C3_S003,G020,OCCUPIED,OCCUPIED,0.8219863970171322
916.0,cctv3,C3_S004,G024,OCCUPIED,OCCUPIED,0.8290420689366081
916.0,cctv3,C3_S005,G025,OCCUPIED,OCCUPIED,0.8283123195171357
916.0,cctv3,C3_S006,G026,OCCUPIED,OCCUPIED,0.825405483625152
916.0,cctv3,C3_S007,G027,EMPTY,MANEUVERING,0.4391258744133466
916.0,cctv3,C3_S008,G028,EMPTY,EMPTY,0.01
916.0,cctv3,C3_S009,G029,EMPTY,MANEUVERING,0.3150011471184817
916.0,cctv3,C3_S010,G007,EMPTY,EMPTY,0.01
916.0,cctv3,C3_S011,G008,OCCUPIED,OCCUPIED,0.7922344519333406
916.0,cctv3,C3_S012,G009,OCCUPIED,OCCUPIED,0.8250445200638339
917.0,cctv1,C1_S001,G001,OCCUPIED,OCCUPIED,0.7520654227245939
917.0,cctv1,C1_S002,G002,EMPTY,EMPTY,0.01
917.0,cctv1,C1_S003,G003,OCCUPIED,LEAVING,0.8312385754151779
917.0,cctv1,C1_S004,G004,OCCUPIED,OCCUPIED,0.7747697368264199
917.0,cctv1,C1_S005,G005,OCCUPIED,OCCUPIED,0.7551885417916558
917.0,cctv1,C1_S006,G006,EMPTY,MANEUVERING,0.4181206101314588
917.0,cctv2,C2_S001,G007,OCCUPIED,OCCUPIED,0.807666205818003
917.0,cctv2,C2_S002,G008,OCCUPIED,OCCUPIED,0.8330465232784099
917.0,cctv2,C2_S003,G009,EMPTY,MANEUVERING,0.2289245785366405
917.0,cctv2,C2_S004,G010,OCCUPIED,OCCUPIED,0.7995725511149927
917.0,cctv2,C2_S005,G001,EMPTY,EMPTY,0.01
917.0,cctv2,C2_S006,G003,OCCUPIED,LEAVING,0.8175503211942586
917.0,cctv2,C2_S007,G004,OCCUPIED,OCCUPIED,0.7971985494548625
917.0,cctv2,C2_S008,G006,OCCUPIED,OCCUPIED,0.7652306827631864
917.0,cctv2,C2_S009,G005,OCCUPIED,OCCUPIED,0.7936333312229678
917.0,cctv2,C2_S010,G002,OCCUPIED,OCCUPIED,0.7988182184371082
917.0,cctv2,C2_S011,G017,OCCUPIED,OCCUPIED,0.7980225346305154
917.0,cctv2,C2_S012,G018,EMPTY,EMPTY,0.01
917.0,cctv2,C2_S013,G019,OCCUPIED,OCCUPIED,0.7824436315081337
917.0,cctv2,C2_S014,G020,EMPTY,EMPTY,0.01
917.0,cctv3,C3_S001,G021,OCCUPIED,OCCUPIED,0.7919120833277703
917.0,cctv3,C3_S002,G019,EMPTY,EMPTY,0.01
917.0,cctv3,C3_S003,G020,OCCUPIED,OCCUPIED,0.8215725394812498
917.0,cctv3,C3_S004,G024,OCCUPIED,OCCUPIED,0.8291580118916252
917.0,cctv3,C3_S005,G025,OCCUPIED,OCCUPIED,0.8273814141750336
917.0,cctv3,C3_S006,G026,OCCUPIED,OCCUPIED,0.8250790417194367
917.0,cctv3,C3_S007,G027,EMPTY,MANEUVERING,0.3573830791393464
917.0,cctv3,C3_S008,G028,EMPTY,EMPTY,0.01
917.0,cctv3,C3_S009,G029,EMPTY,MANEUVERING,0.2439567630670287
917.0,cctv3,C3_S010,G007,EMPTY,EMPTY,0.01
917.0,cctv3,C3_S011,G008,OCCUPIED,OCCUPIED,0.7911479435183786
917.0,cctv3,C3_S012,G009,OCCUPIED,OCCUPIED,0.825494967807423
918.0,cctv1,C1_S001,G001,OCCUPIED,OCCUPIED,0.7619040907106617
918.0,cctv1,C1_S002,G002,EMPTY,EMPTY,0.01
918.0,cctv1,C1_S003,G003,OCCUPIED,LEAVING,0.8313338523561304
918.0,cctv1,C1_S004,G004,OCCUPIED,OCCUPIED,0.7761878951029345
918.0,cctv1,C1_S005,G005,OCCUPIED,OCCUPIED,0.7540184378623963
918.0,cctv1,C1_S006,G006,EMPTY,MANEUVERING,0.3362414368038827
918.0,cctv2,C2_S001,G007,OCCUPIED,OCCUPIED,0.808184043656696
918.0,cctv2,C2_S002,G008,OCCUPIED,OCCUPIED,0.8332578862255271
918.0,cctv2,C2_S003,G009,EMPTY,EMPTY,0.01
918.0,cctv2,C2_S004,G010,OCCUPIED,OCCUPIED,0.7997577291997997
918.0,cctv2,C2_S005,G001,EMPTY,EMPTY,0.01
918.0,cctv2,C2_S006,G003,OCCUPIED,LEAVING,0.8127633234316654
918.0,cctv2,C2_S007,G004,OCCUPIED,OCCUPIED,0.795779945362698
918.0,cctv2,C2_S008,G006,OCCUPIED,OCCUPIED,0.7672755960713734
918.0,cctv2,C2_S009,G005,OCCUPIED,OCCUPIED,0.7948487197810954
918.0,cctv2,C2_S010,G002,OCCUPIED,OCCUPIED,0.7988206698135897
918.0,cctv2,C2_S011,G017,OCCUPIED,OCCUPIED,0.7988497287034989
918.0,cctv2,C2_S012,G018,EMPTY,EMPTY,0.01
918.0,cctv2,C2_S013,G019,OCCUPIED,OCCUPIED,0.7814780980348588
918.0,cctv2,C2_S014,G020,EMPTY,EMPTY,0.01
918.0,cctv3,C3_S001,G021,OCCUPIED,OCCUPIED,0.7913095104423437
918.0,cctv3,C3_S002,G019,EMPTY,EMPTY,0.01
918.0,cctv3,C3_S003,G020,OCCUPIED,OCCUPIED,0.8217706840146672
918.0,cctv3,C3_S004,G024,OCCUPIED,OCCUPIED,0.8292624668641524
918.0,cctv3,C3_S005,G025,OCCUPIED,OCCUPIED,0.8270117521286011
918.0,cctv3,C3_S006,G026,OCCUPIED,OCCUPIED,0.8247845481742513
918.0,cctv3,C3_S007,G027,EMPTY,MANEUVERING,0.3188709369445728
918.0,cctv3,C3_S008,G028,EMPTY,EMPTY,0.01
918.0,cctv3,C3_S009,G029,EMPTY,MANEUVERING,0.2439567630670287
918.0,cctv3,C3_S010,G007,EMPTY,EMPTY,0.01
918.0,cctv3,C3_S011,G008,OCCUPIED,OCCUPIED,0.7911005245013671
918.0,cctv3,C3_S012,G009,OCCUPIED,OCCUPIED,0.8254947150295432
919.0,cctv1,C1_S001,G001,OCCUPIED,OCCUPIED,0.7705237570811403
919.0,cctv1,C1_S002,G002,EMPTY,EMPTY,0.01
919.0,cctv1,C1_S003,G003,OCCUPIED,LEAVING,0.8313473853197966
919.0,cctv1,C1_S004,G004,OCCUPIED,OCCUPIED,0.7753217606381937
919.0,cctv1,C1_S005,G005,OCCUPIED,OCCUPIED,0.740912240490769
919.0,cctv1,C1_S006,G006,EMPTY,MANEUVERING,0.3726288755373521
919.0,cctv2,C2_S001,G007,OCCUPIED,OCCUPIED,0.8095945165915923
919.0,cctv2,C2_S002,G008,OCCUPIED,OCCUPIED,0.8329018871892583
919.0,cctv2,C2_S003,G009,EMPTY,EMPTY,0.01
919.0,cctv2,C2_S004,G010,OCCUPIED,OCCUPIED,0.8008596814491533
919.0,cctv2,C2_S005,G001,EMPTY,EMPTY,0.01
919.0,cctv2,C2_S006,G003,OCCUPIED,LEAVING,0.8077794604680756
919.0,cctv2,C2_S007,G004,OCCUPIED,OCCUPIED,0.7946319655938583
919.0,cctv2,C2_S008,G006,OCCUPIED,OCCUPIED,0.7678645356134935
919.0,cctv2,C2_S009,G005,OCCUPIED,OCCUPIED,0.7954815975644373
919.0,cctv2,C2_S010,G002,OCCUPIED,OCCUPIED,0.7992110637101261
919.0,cctv2,C2_S011,G017,OCCUPIED,OCCUPIED,0.7982018663124605
919.0,cctv2,C2_S012,G018,EMPTY,EMPTY,0.01
919.0,cctv2,C2_S013,G019,OCCUPIED,OCCUPIED,0.7788634355772626
919.0,cctv2,C2_S014,G020,EMPTY,EMPTY,0.01
919.0,cctv3,C3_S001,G021,OCCUPIED,OCCUPIED,0.7917656997388061
919.0,cctv3,C3_S002,G019,EMPTY,EMPTY,0.01
919.0,cctv3,C3_S003,G020,OCCUPIED,OCCUPIED,0.8222903311252594
919.0,cctv3,C3_S004,G024,OCCUPIED,OCCUPIED,0.8293269666758452
919.0,cctv3,C3_S005,G025,OCCUPIED,OCCUPIED,0.8267369354313071
919.0,cctv3,C3_S006,G026,OCCUPIED,OCCUPIED,0.8248382273045454
919.0,cctv3,C3_S007,G027,EMPTY,MANEUVERING,0.4003830166736787
919.0,cctv3,C3_S008,G028,EMPTY,EMPTY,0.01
919.0,cctv3,C3_S009,G029,EMPTY,MANEUVERING,0.2236670644174922
919.0,cctv3,C3_S010,G007,EMPTY,EMPTY,0.01
919.0,cctv3,C3_S011,G008,OCCUPIED,OCCUPIED,0.791593978621743
919.0,cctv3,C3_S012,G009,OCCUPIED,OCCUPIED,0.824601848288016
920.0,cctv1,C1_S001,G001,OCCUPIED,OCCUPIED,0.7707420385019347
920.0,cctv1,C1_S002,G002,EMPTY,EMPTY,0.01
920.0,cctv1,C1_S003,G003,OCCUPIED,LEAVING,0.8312387444756248
920.0,cctv1,C1_S004,G004,OCCUPIED,OCCUPIED,0.775475447150794
920.0,cctv1,C1_S005,G005,OCCUPIED,OCCUPIED,0.7276260303186649
920.0,cctv1,C1_S006,G006,EMPTY,MANEUVERING,0.4178794020549817
920.0,cctv2,C2_S001,G007,OCCUPIED,OCCUPIED,0.8093710455027494
920.0,cctv2,C2_S002,G008,OCCUPIED,OCCUPIED,0.8326216971332377
920.0,cctv2,C2_S003,G009,EMPTY,EMPTY,0.01
920.0,cctv2,C2_S004,G010,OCCUPIED,OCCUPIED,0.8020514397458597
920.0,cctv2,C2_S005,G001,EMPTY,EMPTY,0.01
920.0,cctv2,C2_S006,G003,OCCUPIED,LEAVING,0.808735750886527
920.0,cctv2,C2_S007,G004,OCCUPIED,OCCUPIED,0.7953036191788587
920.0,cctv2,C2_S008,G006,OCCUPIED,OCCUPIED,0.7697710103609345
920.0,cctv2,C2_S009,G005,OCCUPIED,OCCUPIED,0.7947458570653743
920.0,cctv2,C2_S010,G002,OCCUPIED,OCCUPIED,0.7999090964143927
920.0,cctv2,C2_S011,G017,OCCUPIED,OCCUPIED,0.7977420592849905
920.0,cctv2,C2_S012,G018,EMPTY,EMPTY,0.01
920.0,cctv2,C2_S013,G019,OCCUPIED,OCCUPIED,0.782338013838638
920.0,cctv2,C2_S014,G020,EMPTY,EMPTY,0.01
920.0,cctv3,C3_S001,G021,OCCUPIED,OCCUPIED,0.7922102059830319
920.0,cctv3,C3_S002,G019,EMPTY,EMPTY,0.01
920.0,cctv3,C3_S003,G020,OCCUPIED,OCCUPIED,0.8233222403309562
920.0,cctv3,C3_S004,G024,OCCUPIED,OCCUPIED,0.8291898261417043
920.0,cctv3,C3_S005,G025,OCCUPIED,OCCUPIED,0.8265955074266955
920.0,cctv3,C3_S006,G026,OCCUPIED,OCCUPIED,0.824773211370815
920.0,cctv3,C3_S007,G027,EMPTY,MANEUVERING,0.3553830166736786
920.0,cctv3,C3_S008,G028,EMPTY,EMPTY,0.01
920.0,cctv3,C3_S009,G029,EMPTY,MANEUVERING,0.2236670644174922
920.0,cctv3,C3_S010,G007,EMPTY,EMPTY,0.01
920.0,cctv3,C3_S011,G008,OCCUPIED,OCCUPIED,0.7926812299273231
920.0,cctv3,C3_S012,G009,OCCUPIED,OCCUPIED,0.8236920893192292
921.0,cctv1,C1_S001,G001,OCCUPIED,OCCUPIED,0.7721585299481046
921.0,cctv1,C1_S002,G002,EMPTY,MANEUVERING,0.2105358345400203
921.0,cctv1,C1_S003,G003,OCCUPIED,OCCUPIED,0.8366862760348754
921.0,cctv1,C1_S004,G004,OCCUPIED,OCCUPIED,0.7759602816267448
921.0,cctv1,C1_S005,G005,OCCUPIED,OCCUPIED,0.71220277661627
921.0,cctv1,C1_S006,G006,EMPTY,MANEUVERING,0.464711583642797
921.0,cctv2,C2_S001,G007,OCCUPIED,OCCUPIED,0.8095709773627195
921.0,cctv2,C2_S002,G008,OCCUPIED,OCCUPIED,0.8326336565342817
921.0,cctv2,C2_S003,G009,EMPTY,EMPTY,0.01
921.0,cctv2,C2_S004,G010,OCCUPIED,OCCUPIED,0.8055757668885318
921.0,cctv2,C2_S005,G001,EMPTY,EMPTY,0.01
921.0,cctv2,C2_S006,G003,OCCUPIED,LEAVING,0.8098184294321321
921.0,cctv2,C2_S007,G004,OCCUPIED,OCCUPIED,0.7961400124159727
921.0,cctv2,C2_S008,G006,OCCUPIED,OCCUPIED,0.7695606930689379
921.0,cctv2,C2_S009,G005,OCCUPIED,OCCUPIED,0.7939453517848796
921.0,cctv2,C2_S010,G002,OCCUPIED,OCCUPIED,0.7995714818889446
921.0,cctv2,C2_S011,G017,OCCUPIED,OCCUPIED,0.7970706657929855
921.0,cctv2,C2_S012,G018,EMPTY,EMPTY,0.01
921.0,cctv2,C2_S013,G019,OCCUPIED,OCCUPIED,0.781479505381801
921.0,cctv2,C2_S014,G020,EMPTY,EMPTY,0.01
921.0,cctv3,C3_S001,G021,OCCUPIED,OCCUPIED,0.7896743553605947
921.0,cctv3,C3_S002,G019,EMPTY,EMPTY,0.01
921.0,cctv3,C3_S003,G020,OCCUPIED,OCCUPIED,0.8230973899364472
921.0,cctv3,C3_S004,G024,OCCUPIED,OCCUPIED,0.8292047562924298
921.0,cctv3,C3_S005,G025,OCCUPIED,OCCUPIED,0.8261090164834803
921.0,cctv3,C3_S006,G026,OCCUPIED,OCCUPIED,0.8246045036749406
921.0,cctv3,C3_S007,G027,EMPTY,MANEUVERING,0.318873100174083
921.0,cctv3,C3_S008,G028,EMPTY,EMPTY,0.01
921.0,cctv3,C3_S009,G029,EMPTY,MANEUVERING,0.2236670644174922
921.0,cctv3,C3_S010,G007,EMPTY,EMPTY,0.01
921.0,cctv3,C3_S011,G008,OCCUPIED,OCCUPIED,0.7920589647509836
921.0,cctv3,C3_S012,G009,OCCUPIED,OCCUPIED,0.8234772573817861
922.0,cctv1,C1_S001,G001,OCCUPIED,OCCUPIED,0.7727869577028535
922.0,cctv1,C1_S002,G002,EMPTY,MANEUVERING,0.2918385959348895
922.0,cctv1,C1_S003,G003,OCCUPIED,OCCUPIED,0.8366236789660021
922.0,cctv1,C1_S004,G004,OCCUPIED,OCCUPIED,0.7760307456959379
922.0,cctv1,C1_S005,G005,OCCUPIED,OCCUPIED,0.7049671809890053
922.0,cctv1,C1_S006,G006,EMPTY,MANEUVERING,0.49
922.0,cctv2,C2_S001,G007,OCCUPIED,OCCUPIED,0.8089147651737387
922.0,cctv2,C2_S002,G008,OCCUPIED,OCCUPIED,0.83233902156353
922.0,cctv2,C2_S003,G009,EMPTY,MANEUVERING,0.2441375208984721
922.0,cctv2,C2_S004,G010,OCCUPIED,OCCUPIED,0.8078651127490131
922.0,cctv2,C2_S005,G001,EMPTY,EMPTY,0.01
922.0,cctv2,C2_S006,G003,OCCUPIED,LEAVING,0.8114723055200144
922.0,cctv2,C2_S007,G004,OCCUPIED,OCCUPIED,0.7964930187572133
922.0,cctv2,C2_S008,G006,OCCUPIED,OCCUPIED,0.7681055109609258
922.0,cctv2,C2_S009,G005,OCCUPIED,OCCUPIED,0.7935250333764337
922.0,cctv2,C2_S010,G002,OCCUPIED,OCCUPIED,0.79992269765247
922.0,cctv2,C2_S011,G017,OCCUPIED,OCCUPIED,0.796702187169682
922.0,cctv2,C2_S012,G018,EMPTY,EMPTY,0.01
922.0,cctv2,C2_S013,G019,OCCUPIED,OCCUPIED,0.7792354774746029
922.0,cctv2,C2_S014,G020,EMPTY,EMPTY,0.01
922.0,cctv3,C3_S001,G021,OCCUPIED,OCCUPIED,0.78783321719278
922.0,cctv3,C3_S002,G019,EMPTY,EMPTY,0.01
922.0,cctv3,C3_S003,G020,OCCUPIED,OCCUPIED,0.8215639084577561
922.0,cctv3,C3_S004,G024,OCCUPIED,OCCUPIED,0.8290176429531791
922.0,cctv3,C3_S005,G025,OCCUPIED,OCCUPIED,0.8258349410512231
922.0,cctv3,C3_S006,G026,OCCUPIED,OCCUPIED,0.824441816319119
922.0,cctv3,C3_S007,G027,EMPTY,MANEUVERING,0.2823475745218721
922.0,cctv3,C3_S008,G028,EMPTY,EMPTY,0.01
922.0,cctv3,C3_S009,G029,EMPTY,MANEUVERING,0.2236670644174922
922.0,cctv3,C3_S010,G007,EMPTY,EMPTY,0.01
922.0,cctv3,C3_S011,G008,OCCUPIED,OCCUPIED,0.791802847927267
922.0,cctv3,C3_S012,G009,OCCUPIED,OCCUPIED,0.8233269545164976
923.0,cctv1,C1_S001,G001,OCCUPIED,OCCUPIED,0.7741320893845776
923.0,cctv1,C1_S002,G002,EMPTY,MANEUVERING,0.2918385959348895
923.0,cctv1,C1_S003,G003,OCCUPIED,OCCUPIED,0.8362819801677358
923.0,cctv1,C1_S004,G004,OCCUPIED,OCCUPIED,0.7749066266146574
923.0,cctv1,C1_S005,G005,OCCUPIED,OCCUPIED,0.706038876701485
923.0,cctv1,C1_S006,G006,EMPTY,MANEUVERING,0.4732290443998653
923.0,cctv2,C2_S001,G007,OCCUPIED,OCCUPIED,0.8080601085316051
923.0,cctv2,C2_S002,G008,OCCUPIED,OCCUPIED,0.8324334263801575
923.0,cctv2,C2_S003,G009,EMPTY,MANEUVERING,0.2441375208984721
923.0,cctv2,C2_S004,G010,OCCUPIED,OCCUPIED,0.8082952586087314
923.0,cctv2,C2_S005,G001,EMPTY,EMPTY,0.01
923.0,cctv2,C2_S006,G003,OCCUPIED,OCCUPIED,0.8122784783894366
923.0,cctv2,C2_S007,G004,OCCUPIED,OCCUPIED,0.7964252824133093
923.0,cctv2,C2_S008,G006,OCCUPIED,OCCUPIED,0.7667864599011162
923.0,cctv2,C2_S009,G005,OCCUPIED,OCCUPIED,0.7918026463551955
923.0,cctv2,C2_S010,G002,OCCUPIED,OCCUPIED,0.800129026987336
923.0,cctv2,C2_S011,G017,OCCUPIED,OCCUPIED,0.795630207386884
923.0,cctv2,C2_S012,G018,EMPTY,MANEUVERING,0.1621511787988923
923.0,cctv2,C2_S013,G019,OCCUPIED,OCCUPIED,0.6885923067412594
923.0,cctv2,C2_S014,G020,EMPTY,EMPTY,0.01
923.0,cctv3,C3_S001,G021,OCCUPIED,OCCUPIED,0.7879530465061015
923.0,cctv3,C3_S002,G019,EMPTY,EMPTY,0.01
923.0,cctv3,C3_S003,G020,OCCUPIED,OCCUPIED,0.8230125947432085
923.0,cctv3,C3_S004,G024,OCCUPIED,OCCUPIED,0.8290040490302173
923.0,cctv3,C3_S005,G025,OCCUPIED,OCCUPIED,0.8255637965419076
923.0,cctv3,C3_S006,G026,OCCUPIED,OCCUPIED,0.8243847340345383
923.0,cctv3,C3_S007,G027,EMPTY,MANEUVERING,0.2373475745218721
923.0,cctv3,C3_S008,G028,EMPTY,EMPTY,0.01
923.0,cctv3,C3_S009,G029,EMPTY,MANEUVERING,0.2236670644174922
923.0,cctv3,C3_S010,G007,EMPTY,EMPTY,0.01
923.0,cctv3,C3_S011,G008,OCCUPIED,OCCUPIED,0.7912038513205268
923.0,cctv3,C3_S012,G009,OCCUPIED,OCCUPIED,0.8229679335247387
924.0,cctv1,C1_S001,G001,OCCUPIED,OCCUPIED,0.7733953784135256
924.0,cctv1,C1_S002,G002,EMPTY,MANEUVERING,0.2918385959348895
924.0,cctv1,C1_S003,G003,OCCUPIED,OCCUPIED,0.8360685738650235
924.0,cctv1,C1_S004,G004,OCCUPIED,OCCUPIED,0.7742888647046957
924.0,cctv1,C1_S005,G005,OCCUPIED,OCCUPIED,0.706325760494579
924.0,cctv1,C1_S006,G006,EMPTY,MANEUVERING,0.392452663863247
924.0,cctv2,C2_S001,G007,OCCUPIED,OCCUPIED,0.8072559782049873
924.0,cctv2,C2_S002,G008,OCCUPIED,OCCUPIED,0.8322384785522114
924.0,cctv2,C2_S003,G009,EMPTY,MANEUVERING,0.3223961650512435
924.0,cctv2,C2_S004,G010,OCCUPIED,OCCUPIED,0.8096026144244455
924.0,cctv2,C2_S005,G001,EMPTY,EMPTY,0.01
924.0,cctv2,C2_S006,G003,OCCUPIED,OCCUPIED,0.7302626201916824
924.0,cctv2,C2_S007,G004,OCCUPIED,OCCUPIED,0.7977966511791403
924.0,cctv2,C2_S008,G006,OCCUPIED,OCCUPIED,0.7663304916836999
924.0,cctv2,C2_S009,G005,OCCUPIED,OCCUPIED,0.7913436976346103
924.0,cctv2,C2_S010,G002,OCCUPIED,OCCUPIED,0.8022884035652335
924.0,cctv2,C2_S011,G017,OCCUPIED,OCCUPIED,0.7961434001272376
924.0,cctv2,C2_S012,G018,EMPTY,MANEUVERING,0.1621511787988923
924.0,cctv2,C2_S013,G019,OCCUPIED,LEAVING,0.6926279678127983
924.0,cctv2,C2_S014,G020,EMPTY,EMPTY,0.01
924.0,cctv3,C3_S001,G021,OCCUPIED,OCCUPIED,0.7887397489764474
924.0,cctv3,C3_S002,G019,EMPTY,EMPTY,0.01
924.0,cctv3,C3_S003,G020,OCCUPIED,OCCUPIED,0.8223622752861544
924.0,cctv3,C3_S004,G024,OCCUPIED,OCCUPIED,0.8288777348670093
924.0,cctv3,C3_S005,G025,OCCUPIED,OCCUPIED,0.8247284558686344
924.0,cctv3,C3_S006,G026,OCCUPIED,OCCUPIED,0.8242291220209816
924.0,cctv3,C3_S007,G027,EMPTY,MANEUVERING,0.2010748190365054
924.0,cctv3,C3_S008,G028,EMPTY,EMPTY,0.01
924.0,cctv3,C3_S009,G029,EMPTY,EMPTY,0.01
924.0,cctv3,C3_S010,G007,EMPTY,EMPTY,0.01
924.0,cctv3,C3_S011,G008,OCCUPIED,OCCUPIED,0.790901867909865
924.0,cctv3,C3_S012,G009,OCCUPIED,OCCUPIED,0.8222265067425641
925.0,cctv1,C1_S001,G001,OCCUPIED,LEAVING,0.7701478383757852
925.0,cctv1,C1_S002,G002,EMPTY,MANEUVERING,0.2468385959348895
925.0,cctv1,C1_S003,G003,OCCUPIED,OCCUPIED,0.8361083128235558
925.0,cctv1,C1_S004,G004,OCCUPIED,OCCUPIED,0.774273871969093
925.0,cctv1,C1_S005,G005,OCCUPIED,OCCUPIED,0.68771048129508
925.0,cctv1,C1_S006,G006,EMPTY,MANEUVERING,0.4111839814529274
925.0,cctv2,C2_S001,G007,OCCUPIED,OCCUPIED,0.8050753325223924
925.0,cctv2,C2_S002,G008,OCCUPIED,OCCUPIED,0.8320150033994155
925.0,cctv2,C2_S003,G009,EMPTY,MANEUVERING,0.3223961650512435
925.0,cctv2,C2_S004,G010,OCCUPIED,OCCUPIED,0.8103735707022928
925.0,cctv2,C2_S005,G001,EMPTY,EMPTY,0.01
925.0,cctv2,C2_S006,G003,OCCUPIED,OCCUPIED,0.6491789532520555
925.0,cctv2,C2_S007,G004,OCCUPIED,OCCUPIED,0.7982322988185017
925.0,cctv2,C2_S008,G006,OCCUPIED,OCCUPIED,0.7674768747253852
925.0,cctv2,C2_S009,G005,OCCUPIED,OCCUPIED,0.790092862465165
925.0,cctv2,C2_S010,G002,OCCUPIED,OCCUPIED,0.8029212951660157
925.0,cctv2,C2_S011,G017,OCCUPIED,OCCUPIED,0.796230560541153
925.0,cctv2,C2_S012,G018,EMPTY,MANEUVERING,0.1621511787988923
925.0,cctv2,C2_S013,G019,OCCUPIED,LEAVING,0.6986742082915524
925.0,cctv2,C2_S014,G020,EMPTY,EMPTY,0.01
925.0,cctv3,C3_S001,G021,OCCUPIED,OCCUPIED,0.784189708530903
925.0,cctv3,C3_S002,G019,EMPTY,EMPTY,0.01
925.0,cctv3,C3_S003,G020,OCCUPIED,OCCUPIED,0.8227988226847216
925.0,cctv3,C3_S004,G024,OCCUPIED,OCCUPIED,0.8287394669922916
925.0,cctv3,C3_S005,G025,OCCUPIED,OCCUPIED,0.8227799220518633
925.0,cctv3,C3_S006,G026,OCCUPIED,OCCUPIED,0.8240175062959845
925.0,cctv3,C3_S007,G027,EMPTY,MANEUVERING,0.2010748190365054
925.0,cctv3,C3_S008,G028,EMPTY,EMPTY,0.01
925.0,cctv3,C3_S009,G029,EMPTY,EMPTY,0.01
925.0,cctv3,C3_S010,G007,EMPTY,EMPTY,0.01
925.0,cctv3,C3_S011,G008,OCCUPIED,OCCUPIED,0.7912007334557447
925.0,cctv3,C3_S012,G009,OCCUPIED,OCCUPIED,0.8214214994148775
926.0,cctv1,C1_S001,G001,OCCUPIED,LEAVING,0.7753773262554949
926.0,cctv1,C1_S002,G002,EMPTY,MANEUVERING,0.2018385959348895
926.0,cctv1,C1_S003,G003,OCCUPIED,OCCUPIED,0.8361539550802926
926.0,cctv1,C1_S004,G004,OCCUPIED,OCCUPIED,0.7748129732229494
926.0,cctv1,C1_S005,G005,OCCUPIED,OCCUPIED,0.758406187593937
926.0,cctv1,C1_S006,G006,EMPTY,MANEUVERING,0.4255674137716944
926.0,cctv2,C2_S001,G007,OCCUPIED,OCCUPIED,0.8023793784054843
926.0,cctv2,C2_S002,G008,OCCUPIED,OCCUPIED,0.8315318627790972
926.0,cctv2,C2_S003,G009,EMPTY,MANEUVERING,0.3556102808090773
926.0,cctv2,C2_S004,G010,OCCUPIED,OCCUPIED,0.8093033067204736
926.0,cctv2,C2_S005,G001,EMPTY,EMPTY,0.01
926.0,cctv2,C2_S006,G003,OCCUPIED,OCCUPIED,0.6493051531730277
926.0,cctv2,C2_S007,G004,OCCUPIED,OCCUPIED,0.7978219582275912
926.0,cctv2,C2_S008,G006,OCCUPIED,OCCUPIED,0.7650693210688505
926.0,cctv2,C2_S009,G005,OCCUPIED,OCCUPIED,0.7900403887033464
926.0,cctv2,C2_S010,G002,OCCUPIED,OCCUPIED,0.80286668213931
926.0,cctv2,C2_S011,G017,OCCUPIED,OCCUPIED,0.7963021300055765
926.0,cctv2,C2_S012,G018,EMPTY,MANEUVERING,0.1621511787988923
926.0,cctv2,C2_S013,G019,OCCUPIED,LEAVING,0.7009342358193614
926.0,cctv2,C2_S014,G020,EMPTY,EMPTY,0.01
926.0,cctv3,C3_S001,G021,OCCUPIED,OCCUPIED,0.7802474769678983
926.0,cctv3,C3_S002,G019,EMPTY,EMPTY,0.01
926.0,cctv3,C3_S003,G020,OCCUPIED,OCCUPIED,0.8230645767667077
926.0,cctv3,C3_S004,G024,OCCUPIED,OCCUPIED,0.8283521015535702
926.0,cctv3,C3_S005,G025,OCCUPIED,OCCUPIED,0.8216977295550434
926.0,cctv3,C3_S006,G026,OCCUPIED,OCCUPIED,0.8237578010017222
926.0,cctv3,C3_S007,G027,EMPTY,MANEUVERING,0.2010748190365054
926.0,cctv3,C3_S008,G028,EMPTY,EMPTY,0.01
926.0,cctv3,C3_S009,G029,EMPTY,EMPTY,0.01
926.0,cctv3,C3_S010,G007,EMPTY,EMPTY,0.01
926.0,cctv3,C3_S011,G008,OCCUPIED,OCCUPIED,0.7923006204041568
926.0,cctv3,C3_S012,G009,OCCUPIED,OCCUPIED,0.8217905892567202
927.0,cctv1,C1_S001,G001,OCCUPIED,LEAVING,0.7824402925643055
927.0,cctv1,C1_S002,G002,EMPTY,MANEUVERING,0.2018385959348895
927.0,cctv1,C1_S003,G003,OCCUPIED,OCCUPIED,0.8361257837577301
927.0,cctv1,C1_S004,G004,OCCUPIED,OCCUPIED,0.7764583393931389
927.0,cctv1,C1_S005,G005,OCCUPIED,OCCUPIED,0.758925626630133
927.0,cctv1,C1_S006,G006,EMPTY,MANEUVERING,0.4255674137716944
927.0,cctv2,C2_S001,G007,OCCUPIED,OCCUPIED,0.8007548464970156
927.0,cctv2,C2_S002,G008,OCCUPIED,OCCUPIED,0.8306977965615013
927.0,cctv2,C2_S003,G009,EMPTY,MANEUVERING,0.3556102808090773
927.0,cctv2,C2_S004,G010,OCCUPIED,OCCUPIED,0.8080024516040629
927.0,cctv2,C2_S005,G001,EMPTY,EMPTY,0.01
927.0,cctv2,C2_S006,G003,OCCUPIED,OCCUPIED,0.6413682508288009
927.0,cctv2,C2_S007,G004,OCCUPIED,OCCUPIED,0.7985501657832753
927.0,cctv2,C2_S008,G006,OCCUPIED,OCCUPIED,0.7646907215768641
927.0,cctv2,C2_S009,G005,OCCUPIED,OCCUPIED,0.7903409269723026
927.0,cctv2,C2_S010,G002,OCCUPIED,OCCUPIED,0.803307550332763
927.0,cctv2,C2_S011,G017,OCCUPIED,OCCUPIED,0.7957540352236141
927.0,cctv2,C2_S012,G018,EMPTY,MANEUVERING,0.1171511787988922
927.0,cctv2,C2_S013,G019,OCCUPIED,LEAVING,0.7453091979704121
927.0,cctv2,C2_S014,G020,EMPTY,EMPTY,0.01
927.0,cctv3,C3_S001,G021,OCCUPIED,OCCUPIED,0.7780563840811904
927.0,cctv3,C3_S002,G019,EMPTY,EMPTY,0.01
927.0,cctv3,C3_S003,G020,OCCUPIED,LEAVING,0.8190040707588196
927.0,cctv3,C3_S004,G024,OCCUPIED,OCCUPIED,0.8280192142183131
927.0,cctv3,C3_S005,G025,OCCUPIED,OCCUPIED,0.8217550125989048
927.0,cctv3,C3_S006,G026,OCCUPIED,OCCUPIED,0.8237321842800488
927.0,cctv3,C3_S007,G027,EMPTY,MANEUVERING,0.1655222446810115
927.0,cctv3,C3_S008,G028,EMPTY,EMPTY,0.01
927.0,cctv3,C3_S009,G029,EMPTY,EMPTY,0.01
927.0,cctv3,C3_S010,G007,EMPTY,EMPTY,0.01
927.0,cctv3,C3_S011,G008,OCCUPIED,OCCUPIED,0.7914742415601558
927.0,cctv3,C3_S012,G009,OCCUPIED,OCCUPIED,0.8220389764417302
928.0,cctv1,C1_S001,G001,OCCUPIED,LEAVING,0.7738998724655672
928.0,cctv1,C1_S002,G002,EMPTY,MANEUVERING,0.2018385959348895
928.0,cctv1,C1_S003,G003,OCCUPIED,OCCUPIED,0.8362158409573816
928.0,cctv1,C1_S004,G004,OCCUPIED,OCCUPIED,0.7776975097981367
928.0,cctv1,C1_S005,G005,OCCUPIED,OCCUPIED,0.7587319902398371
928.0,cctv1,C1_S006,G006,EMPTY,MANEUVERING,0.4255674137716944
928.0,cctv2,C2_S001,G007,OCCUPIED,OCCUPIED,0.799558592655442
928.0,cctv2,C2_S002,G008,OCCUPIED,OCCUPIED,0.8304648003794931
928.0,cctv2,C2_S003,G009,EMPTY,MANEUVERING,0.3106102808090773
928.0,cctv2,C2_S004,G010,OCCUPIED,OCCUPIED,0.8076582851735029
928.0,cctv2,C2_S005,G001,EMPTY,EMPTY,0.01
928.0,cctv2,C2_S006,G003,OCCUPIED,OCCUPIED,0.6901438082077287
928.0,cctv2,C2_S007,G004,OCCUPIED,OCCUPIED,0.7989935706962239
928.0,cctv2,C2_S008,G006,OCCUPIED,OCCUPIED,0.765171772918918
928.0,cctv2,C2_S009,G005,OCCUPIED,OCCUPIED,0.7902773163535379
928.0,cctv2,C2_S010,G002,OCCUPIED,OCCUPIED,0.8044725027951328
928.0,cctv2,C2_S011,G017,OCCUPIED,OCCUPIED,0.7967480911449953
928.0,cctv2,C2_S012,G018,EMPTY,MANEUVERING,0.1171511787988922
928.0,cctv2,C2_S013,G019,OCCUPIED,LEAVING,0.744850170978091
928.0,cctv2,C2_S014,G020,EMPTY,EMPTY,0.01
928.0,cctv3,C3_S001,G021,OCCUPIED,OCCUPIED,0.7761512337760492
928.0,cctv3,C3_S002,G019,EMPTY,EMPTY,0.01
928.0,cctv3,C3_S003,G020,OCCUPIED,LEAVING,0.8186065275560727
928.0,cctv3,C3_S004,G024,OCCUPIED,OCCUPIED,0.8279948548837142
928.0,cctv3,C3_S005,G025,OCCUPIED,OCCUPIED,0.8221455918117003
928.0,cctv3,C3_S006,G026,OCCUPIED,OCCUPIED,0.8234650517051871
928.0,cctv3,C3_S007,G027,EMPTY,MANEUVERING,0.1655222446810115
928.0,cctv3,C3_S008,G028,EMPTY,EMPTY,0.01
928.0,cctv3,C3_S009,G029,EMPTY,EMPTY,0.01
928.0,cctv3,C3_S010,G007,EMPTY,MANEUVERING,0.2698615862022746
928.0,cctv3,C3_S011,G008,OCCUPIED,OCCUPIED,0.7922232833775608
928.0,cctv3,C3_S012,G009,OCCUPIED,OCCUPIED,0.8219271323897622
929.0,cctv1,C1_S001,G001,OCCUPIED,LEAVING,0.7630931149829518
929.0,cctv1,C1_S002,G002,EMPTY,MANEUVERING,0.2018385959348895
929.0,cctv1,C1_S003,G003,OCCUPIED,OCCUPIED,0.8363341865214435
929.0,cctv1,C1_S004,G004,OCCUPIED,OCCUPIED,0.7768696467984807
929.0,cctv1,C1_S005,G005,OCCUPIED,OCCUPIED,0.7554781898856163
929.0,cctv1,C1_S006,G006,EMPTY,MANEUVERING,0.3805674137716943
929.0,cctv2,C2_S001,G007,OCCUPIED,OCCUPIED,0.7991489990191026
929.0,cctv2,C2_S002,G008,OCCUPIED,OCCUPIED,0.8302916020154953
929.0,cctv2,C2_S003,G009,EMPTY,MANEUVERING,0.3106102808090773
929.0,cctv2,C2_S004,G010,OCCUPIED,OCCUPIED,0.8088918452913112
929.0,cctv2,C2_S005,G001,EMPTY,EMPTY,0.01
929.0,cctv2,C2_S006,G003,OCCUPIED,OCCUPIED,0.7405432568806591
929.0,cctv2,C2_S007,G004,OCCUPIED,OCCUPIED,0.8001091737638821
929.0,cctv2,C2_S008,G006,OCCUPIED,OCCUPIED,0.7663320737806234
929.0,cctv2,C2_S009,G005,OCCUPIED,OCCUPIED,0.7885430471463637
929.0,cctv2,C2_S010,G002,OCCUPIED,OCCUPIED,0.8040142530744727
929.0,cctv2,C2_S011,G017,OCCUPIED,OCCUPIED,0.7972809566692873
929.0,cctv2,C2_S012,G018,EMPTY,MANEUVERING,0.1171511787988922
929.0,cctv2,C2_S013,G019,OCCUPIED,LEAVING,0.7455961040339687
929.0,cctv2,C2_S014,G020,EMPTY,EMPTY,0.01
929.0,cctv3,C3_S001,G021,OCCUPIED,OCCUPIED,0.7760944018309768
929.0,cctv3,C3_S002,G019,EMPTY,EMPTY,0.01
929.0,cctv3,C3_S003,G020,OCCUPIED,LEAVING,0.8183691650629044
929.0,cctv3,C3_S004,G024,OCCUPIED,OCCUPIED,0.8278356730937958
929.0,cctv3,C3_S005,G025,OCCUPIED,OCCUPIED,0.8222745784304359
929.0,cctv3,C3_S006,G026,OCCUPIED,OCCUPIED,0.8235513367436149
929.0,cctv3,C3_S007,G027,EMPTY,MANEUVERING,0.2471785921908237
929.0,cctv3,C3_S008,G028,EMPTY,EMPTY,0.01
929.0,cctv3,C3_S009,G029,EMPTY,EMPTY,0.01
929.0,cctv3,C3_S010,G007,EMPTY,MANEUVERING,0.2698615862022746
929.0,cctv3,C3_S011,G008,OCCUPIED,OCCUPIED,0.7923421491276135
929.0,cctv3,C3_S012,G009,OCCUPIED,OCCUPIED,0.8221062389287083
930.0,cctv1,C1_S001,G001,OCCUPIED,LEAVING,0.7528331800617956
930.0,cctv1,C1_S002,G002,EMPTY,MANEUVERING,0.2018385959348895
930.0,cctv1,C1_S003,G003,OCCUPIED,OCCUPIED,0.8363494035872547
930.0,cctv1,C1_S004,G004,OCCUPIED,OCCUPIED,0.7776132766496052
930.0,cctv1,C1_S005,G005,OCCUPIED,OCCUPIED,0.7541029441085729
930.0,cctv1,C1_S006,G006,EMPTY,MANEUVERING,0.3000404099578207
930.0,cctv2,C2_S001,G007,OCCUPIED,OCCUPIED,0.7958433332768354
930.0,cctv2,C2_S002,G008,OCCUPIED,OCCUPIED,0.8303132897073573
930.0,cctv2,C2_S003,G009,EMPTY,MANEUVERING,0.2656102808090773
930.0,cctv2,C2_S004,G010,OCCUPIED,OCCUPIED,0.8053018121556803
930.0,cctv2,C2_S005,G001,EMPTY,EMPTY,0.01
930.0,cctv2,C2_S006,G003,OCCUPIED,OCCUPIED,0.7457163708228054
930.0,cctv2,C2_S007,G004,OCCUPIED,OCCUPIED,0.800997822934931
930.0,cctv2,C2_S008,G006,OCCUPIED,OCCUPIED,0.7678256663409146
930.0,cctv2,C2_S009,G005,OCCUPIED,OCCUPIED,0.7883941089565104
930.0,cctv2,C2_S010,G002,OCCUPIED,OCCUPIED,0.8034479184584185
930.0,cctv2,C2_S011,G017,OCCUPIED,OCCUPIED,0.7973330020904542
930.0,cctv2,C2_S012,G018,EMPTY,MANEUVERING,0.1171511787988922
930.0,cctv2,C2_S013,G019,OCCUPIED,LEAVING,0.7494261344454506
930.0,cctv2,C2_S014,G020,EMPTY,EMPTY,0.01
930.0,cctv3,C3_S001,G021,OCCUPIED,OCCUPIED,0.7769935043020683
930.0,cctv3,C3_S002,G019,EMPTY,EMPTY,0.01
930.0,cctv3,C3_S003,G020,OCCUPIED,LEAVING,0.818366959961978
930.0,cctv3,C3_S004,G024,OCCUPIED,OCCUPIED,0.8277018633755772
930.0,cctv3,C3_S005,G025,OCCUPIED,OCCUPIED,0.8210236002098431
930.0,cctv3,C3_S006,G026,OCCUPIED,OCCUPIED,0.8174247552048077
930.0,cctv3,C3_S007,G027,EMPTY,MANEUVERING,0.2111076669733632
930.0,cctv3,C3_S008,G028,EMPTY,EMPTY,0.01
930.0,cctv3,C3_S009,G029,EMPTY,EMPTY,0.01
930.0,cctv3,C3_S010,G007,EMPTY,MANEUVERING,0.2698615862022746
930.0,cctv3,C3_S011,G008,OCCUPIED,OCCUPIED,0.791144329851324
930.0,cctv3,C3_S012,G009,OCCUPIED,OCCUPIED,0.8225052419033918
931.0,cctv1,C1_S001,G001,OCCUPIED,LEAVING,0.7523383137177337
931.0,cctv1,C1_S002,G002,EMPTY,MANEUVERING,0.2018385959348895
931.0,cctv1,C1_S003,G003,OCCUPIED,OCCUPIED,0.8364997032013807
931.0,cctv1,C1_S004,G004,OCCUPIED,OCCUPIED,0.7782965608618477
931.0,cctv1,C1_S005,G005,OCCUPIED,OCCUPIED,0.7537106442180548
931.0,cctv1,C1_S006,G006,EMPTY,MANEUVERING,0.2643271318315105
931.0,cctv2,C2_S001,G007,OCCUPIED,OCCUPIED,0.7950994876298039
931.0,cctv2,C2_S002,G008,OCCUPIED,OCCUPIED,0.8307496956803583
931.0,cctv2,C2_S003,G009,EMPTY,MANEUVERING,0.2656102808090773
931.0,cctv2,C2_S004,G010,OCCUPIED,OCCUPIED,0.8027620528231968
931.0,cctv2,C2_S005,G001,EMPTY,EMPTY,0.01
931.0,cctv2,C2_S006,G003,OCCUPIED,LEAVING,0.7439154661514542
931.0,cctv2,C2_S007,G004,OCCUPIED,OCCUPIED,0.8004072362726385
931.0,cctv2,C2_S008,G006,OCCUPIED,OCCUPIED,0.7672423378987746
931.0,cctv2,C2_S009,G005,OCCUPIED,OCCUPIED,0.7888349226929925
931.0,cctv2,C2_S010,G002,OCCUPIED,OCCUPIED,0.8020935979756443
931.0,cctv2,C2_S011,G017,OCCUPIED,OCCUPIED,0.7959376592527737
931.0,cctv2,C2_S012,G018,EMPTY,MANEUVERING,0.1171511787988922
931.0,cctv2,C2_S013,G019,OCCUPIED,LEAVING,0.750580430247567
931.0,cctv2,C2_S014,G020,EMPTY,EMPTY,0.01
931.0,cctv3,C3_S001,G021,OCCUPIED,OCCUPIED,0.7766180779446256
931.0,cctv3,C3_S002,G019,EMPTY,EMPTY,0.01
931.0,cctv3,C3_S003,G020,OCCUPIED,LEAVING,0.8178614050149918
931.0,cctv3,C3_S004,G024,OCCUPIED,OCCUPIED,0.8274618942629208
931.0,cctv3,C3_S005,G025,OCCUPIED,OCCUPIED,0.8191366775469348
931.0,cctv3,C3_S006,G026,OCCUPIED,OCCUPIED,0.8149358603087339
931.0,cctv3,C3_S007,G027,EMPTY,MANEUVERING,0.1511076669733632
931.0,cctv3,C3_S008,G028,EMPTY,EMPTY,0.01
931.0,cctv3,C3_S009,G029,EMPTY,MANEUVERING,0.1530077907781709
931.0,cctv3,C3_S010,G007,EMPTY,MANEUVERING,0.2698615862022746
931.0,cctv3,C3_S011,G008,OCCUPIED,OCCUPIED,0.7918902936306867
931.0,cctv3,C3_S012,G009,OCCUPIED,OCCUPIED,0.8229950352148577
932.0,cctv1,C1_S001,G001,OCCUPIED,LEAVING,0.7500269759785045
932.0,cctv1,C1_S002,G002,EMPTY,MANEUVERING,0.165414084602486
932.0,cctv1,C1_S003,G003,OCCUPIED,OCCUPIED,0.8364968177947132
932.0,cctv1,C1_S004,G004,OCCUPIED,OCCUPIED,0.7781154637986964
932.0,cctv1,C1_S005,G005,OCCUPIED,OCCUPIED,0.7542853530157697
932.0,cctv1,C1_S006,G006,EMPTY,MANEUVERING,0.2270944930883971
932.0,cctv2,C2_S001,G007,OCCUPIED,OCCUPIED,0.7946600206873634
932.0,cctv2,C2_S002,G008,OCCUPIED,OCCUPIED,0.8309006707234816
932.0,cctv2,C2_S003,G009,EMPTY,MANEUVERING,0.2656102808090773
932.0,cctv2,C2_S004,G010,OCCUPIED,OCCUPIED,0.797984532605518
932.0,cctv2,C2_S005,G001,EMPTY,EMPTY,0.01
932.0,cctv2,C2_S006,G003,OCCUPIED,LEAVING,0.7421884315031948
932.0,cctv2,C2_S007,G004,OCCUPIED,OCCUPIED,0.7992120910774578
932.0,cctv2,C2_S008,G006,OCCUPIED,OCCUPIED,0.7659413003108719
932.0,cctv2,C2_S009,G005,OCCUPIED,OCCUPIED,0.7890030354261399
932.0,cctv2,C2_S010,G002,OCCUPIED,OCCUPIED,0.8004370096054945
932.0,cctv2,C2_S011,G017,OCCUPIED,OCCUPIED,0.7948387265205384
932.0,cctv2,C2_S012,G018,EMPTY,MANEUVERING,0.1171511787988922
932.0,cctv2,C2_S013,G019,OCCUPIED,LEAVING,0.7522437208078125
932.0,cctv2,C2_S014,G020,EMPTY,EMPTY,0.01
932.0,cctv3,C3_S001,G021,OCCUPIED,OCCUPIED,0.776050687107173
932.0,cctv3,C3_S002,G019,EMPTY,EMPTY,0.01
932.0,cctv3,C3_S003,G020,OCCUPIED,LEAVING,0.8176389385353435
932.0,cctv3,C3_S004,G024,OCCUPIED,OCCUPIED,0.827400782162493
932.0,cctv3,C3_S005,G025,OCCUPIED,OCCUPIED,0.8195215046405793
932.0,cctv3,C3_S006,G026,OCCUPIED,LEAVING,0.8104924080046741
932.0,cctv3,C3_S007,G027,EMPTY,MANEUVERING,0.1511076669733632
932.0,cctv3,C3_S008,G028,EMPTY,EMPTY,0.01
932.0,cctv3,C3_S009,G029,EMPTY,MANEUVERING,0.1530077907781709
932.0,cctv3,C3_S010,G007,EMPTY,MANEUVERING,0.2248615862022746
932.0,cctv3,C3_S011,G008,OCCUPIED,OCCUPIED,0.7933610423044726
932.0,cctv3,C3_S012,G009,OCCUPIED,OCCUPIED,0.8227267517284914
933.0,cctv1,C1_S001,G001,OCCUPIED,LEAVING,0.7482071276415478
933.0,cctv1,C1_S002,G002,EMPTY,EMPTY,0.01
933.0,cctv1,C1_S003,G003,OCCUPIED,OCCUPIED,0.8366675972938538
933.0,cctv1,C1_S004,G004,OCCUPIED,OCCUPIED,0.7776535955342381
933.0,cctv1,C1_S005,G005,OCCUPIED,OCCUPIED,0.7560149312019349
933.0,cctv1,C1_S006,G006,EMPTY,MANEUVERING,0.3134025810929861
933.0,cctv2,C2_S001,G007,OCCUPIED,OCCUPIED,0.7941243445331401
933.0,cctv2,C2_S002,G008,OCCUPIED,OCCUPIED,0.8308578756722538
933.0,cctv2,C2_S003,G009,EMPTY,MANEUVERING,0.2261193880371072
933.0,cctv2,C2_S004,G010,OCCUPIED,OCCUPIED,0.7950174518606881
933.0,cctv2,C2_S005,G001,EMPTY,EMPTY,0.01
933.0,cctv2,C2_S006,G003,OCCUPIED,LEAVING,0.7389181700168235
933.0,cctv2,C2_S007,G004,OCCUPIED,OCCUPIED,0.7968911975622178
933.0,cctv2,C2_S008,G006,OCCUPIED,OCCUPIED,0.7664951850067486
933.0,cctv2,C2_S009,G005,OCCUPIED,OCCUPIED,0.7885441712357781
933.0,cctv2,C2_S010,G002,OCCUPIED,OCCUPIED,0.7988171390511773
933.0,cctv2,C2_S011,G017,OCCUPIED,OCCUPIED,0.7937534462321889
933.0,cctv2,C2_S012,G018,EMPTY,MANEUVERING,0.1171511787988922
933.0,cctv2,C2_S013,G019,OCCUPIED,OCCUPIED,0.7566513948819855
933.0,cctv2,C2_S014,G020,EMPTY,EMPTY,0.01
933.0,cctv3,C3_S001,G021,OCCUPIED,OCCUPIED,0.7769877729090778
933.0,cctv3,C3_S002,G019,EMPTY,EMPTY,0.01
933.0,cctv3,C3_S003,G020,OCCUPIED,LEAVING,0.8183307078751652
933.0,cctv3,C3_S004,G024,OCCUPIED,OCCUPIED,0.8277735263109207
933.0,cctv3,C3_S005,G025,OCCUPIED,OCCUPIED,0.818982219696045
933.0,cctv3,C3_S006,G026,OCCUPIED,LEAVING,0.8074749878861688
933.0,cctv3,C3_S007,G027,EMPTY,MANEUVERING,0.1061076669733632
933.0,cctv3,C3_S008,G028,EMPTY,EMPTY,0.01
933.0,cctv3,C3_S009,G029,EMPTY,MANEUVERING,0.1530077907781709
933.0,cctv3,C3_S010,G007,EMPTY,MANEUVERING,0.316993858136914
933.0,cctv3,C3_S011,G008,OCCUPIED,OCCUPIED,0.7125052373517644
933.0,cctv3,C3_S012,G009,OCCUPIED,OCCUPIED,0.8221800370649859
934.0,cctv1,C1_S001,G001,OCCUPIED,LEAVING,0.7454568756574935
934.0,cctv1,C1_S002,G002,EMPTY,EMPTY,0.01
934.0,cctv1,C1_S003,G003,OCCUPIED,OCCUPIED,0.8369299043308606
934.0,cctv1,C1_S004,G004,OCCUPIED,OCCUPIED,0.7780966310338541
934.0,cctv1,C1_S005,G005,OCCUPIED,OCCUPIED,0.7562889021905986
934.0,cctv1,C1_S006,G006,EMPTY,MANEUVERING,0.3134025810929861
934.0,cctv2,C2_S001,G007,OCCUPIED,OCCUPIED,0.7927953343499792
934.0,cctv2,C2_S002,G008,OCCUPIED,OCCUPIED,0.8308487155220726
934.0,cctv2,C2_S003,G009,EMPTY,MANEUVERING,0.2261193880371072
934.0,cctv2,C2_S004,G010,OCCUPIED,OCCUPIED,0.7913705266334794
934.0,cctv2,C2_S005,G001,EMPTY,EMPTY,0.01
934.0,cctv2,C2_S006,G003,OCCUPIED,LEAVING,0.7371107724128347
934.0,cctv2,C2_S007,G004,OCCUPIED,OCCUPIED,0.7957551674409347
934.0,cctv2,C2_S008,G006,OCCUPIED,OCCUPIED,0.765865110944618
934.0,cctv2,C2_S009,G005,OCCUPIED,OCCUPIED,0.788153359564868
934.0,cctv2,C2_S010,G002,OCCUPIED,OCCUPIED,0.7970458285375075
934.0,cctv2,C2_S011,G017,OCCUPIED,OCCUPIED,0.792697601968592
934.0,cctv2,C2_S012,G018,EMPTY,EMPTY,0.01
934.0,cctv2,C2_S013,G019,OCCUPIED,OCCUPIED,0.8053473767909137
934.0,cctv2,C2_S014,G020,EMPTY,EMPTY,0.01
934.0,cctv3,C3_S001,G021,OCCUPIED,OCCUPIED,0.7794406587427314
934.0,cctv3,C3_S002,G019,EMPTY,EMPTY,0.01
934.0,cctv3,C3_S003,G020,OCCUPIED,LEAVING,0.8191831049594013
934.0,cctv3,C3_S004,G024,OCCUPIED,OCCUPIED,0.8277416039596905
934.0,cctv3,C3_S005,G025,OCCUPIED,OCCUPIED,0.8191658225926487
934.0,cctv3,C3_S006,G026,OCCUPIED,LEAVING,0.8053632132031702
934.0,cctv3,C3_S007,G027,EMPTY,MANEUVERING,0.0861076669733632
934.0,cctv3,C3_S008,G028,EMPTY,EMPTY,0.01
934.0,cctv3,C3_S009,G029,EMPTY,MANEUVERING,0.2858932453698732
934.0,cctv3,C3_S010,G007,EMPTY,MANEUVERING,0.316993858136914
934.0,cctv3,C3_S011,G008,OCCUPIED,OCCUPIED,0.7140158932317388
934.0,cctv3,C3_S012,G009,OCCUPIED,OCCUPIED,0.8222950623794036
935.0,cctv1,C1_S001,G001,OCCUPIED,LEAVING,0.7431059472940186
935.0,cctv1,C1_S002,G002,EMPTY,EMPTY,0.01
935.0,cctv1,C1_S003,G003,OCCUPIED,OCCUPIED,0.8370581618764185
935.0,cctv1,C1_S004,G004,OCCUPIED,OCCUPIED,0.7799137516455218
935.0,cctv1,C1_S005,G005,OCCUPIED,OCCUPIED,0.7557003609158777
935.0,cctv1,C1_S006,G006,EMPTY,MANEUVERING,0.3933303726701574
935.0,cctv2,C2_S001,G007,OCCUPIED,OCCUPIED,0.7905699990012429
935.0,cctv2,C2_S002,G008,OCCUPIED,OCCUPIED,0.8302706116979773
935.0,cctv2,C2_S003,G009,EMPTY,MANEUVERING,0.1865839668701995
935.0,cctv2,C2_S004,G010,OCCUPIED,OCCUPIED,0.7870115285569972
935.0,cctv2,C2_S005,G001,EMPTY,EMPTY,0.01
935.0,cctv2,C2_S006,G003,OCCUPIED,LEAVING,0.7743240142274987
935.0,cctv2,C2_S007,G004,OCCUPIED,OCCUPIED,0.7935973993756555
935.0,cctv2,C2_S008,G006,OCCUPIED,OCCUPIED,0.765165546942841
935.0,cctv2,C2_S009,G005,OCCUPIED,OCCUPIED,0.7868700359355321
935.0,cctv2,C2_S010,G002,OCCUPIED,OCCUPIED,0.7967583014206453
935.0,cctv2,C2_S011,G017,OCCUPIED,OCCUPIED,0.7924746738238768
935.0,cctv2,C2_S012,G018,EMPTY,EMPTY,0.01
935.0,cctv2,C2_S013,G019,OCCUPIED,OCCUPIED,0.8066327937624672
935.0,cctv2,C2_S014,G020,EMPTY,EMPTY,0.01
935.0,cctv3,C3_S001,G021,OCCUPIED,OCCUPIED,0.7777810532938351
935.0,cctv3,C3_S002,G019,EMPTY,EMPTY,0.01
935.0,cctv3,C3_S003,G020,OCCUPIED,LEAVING,0.8186978258869866
935.0,cctv3,C3_S004,G024,OCCUPIED,OCCUPIED,0.8273642033338547
935.0,cctv3,C3_S005,G025,OCCUPIED,OCCUPIED,0.8191676741296595
935.0,cctv3,C3_S006,G026,OCCUPIED,LEAVING,0.8016561524434523
935.0,cctv3,C3_S007,G027,EMPTY,MANEUVERING,0.0861076669733632
935.0,cctv3,C3_S008,G028,EMPTY,EMPTY,0.01
935.0,cctv3,C3_S009,G029,EMPTY,MANEUVERING,0.2408932453698732
935.0,cctv3,C3_S010,G007,EMPTY,MANEUVERING,0.316993858136914
935.0,cctv3,C3_S011,G008,OCCUPIED,OCCUPIED,0.7143673359264027
935.0,cctv3,C3_S012,G009,OCCUPIED,OCCUPIED,0.8228294884616679
936.0,cctv1,C1_S001,G001,OCCUPIED,LEAVING,0.7425994428044016
936.0,cctv1,C1_S002,G002,EMPTY,EMPTY,0.01
936.0,cctv1,C1_S003,G003,OCCUPIED,OCCUPIED,0.8370851562781768
936.0,cctv1,C1_S004,G004,OCCUPIED,OCCUPIED,0.7796446147290144
936.0,cctv1,C1_S005,G005,OCCUPIED,OCCUPIED,0.7556976396929135
936.0,cctv1,C1_S006,G006,EMPTY,MANEUVERING,0.3582231197032061
936.0,cctv2,C2_S001,G007,OCCUPIED,OCCUPIED,0.7914026940410788
936.0,cctv2,C2_S002,G008,OCCUPIED,OCCUPIED,0.8294689888303931
936.0,cctv2,C2_S003,G009,EMPTY,MANEUVERING,0.1865839668701995
936.0,cctv2,C2_S004,G010,OCCUPIED,OCCUPIED,0.7845551054586064
936.0,cctv2,C2_S005,G001,EMPTY,EMPTY,0.01
936.0,cctv2,C2_S006,G003,OCCUPIED,LEAVING,0.811352086473595
936.0,cctv2,C2_S007,G004,OCCUPIED,OCCUPIED,0.7924068480730058
936.0,cctv2,C2_S008,G006,OCCUPIED,OCCUPIED,0.7650326463309202
936.0,cctv2,C2_S009,G005,OCCUPIED,OCCUPIED,0.7877165606076068
936.0,cctv2,C2_S010,G002,OCCUPIED,OCCUPIED,0.7971120018850674
936.0,cctv2,C2_S011,G017,OCCUPIED,OCCUPIED,0.7922303741628474
936.0,cctv2,C2_S012,G018,EMPTY,EMPTY,0.01
936.0,cctv2,C2_S013,G019,OCCUPIED,OCCUPIED,0.8076658953319897
936.0,cctv2,C2_S014,G020,EMPTY,EMPTY,0.01
936.0,cctv3,C3_S001,G021,OCCUPIED,OCCUPIED,0.7807144068858841
936.0,cctv3,C3_S002,G019,EMPTY,EMPTY,0.01
936.0,cctv3,C3_S003,G020,OCCUPIED,LEAVING,0.8180322991176086
936.0,cctv3,C3_S004,G024,OCCUPIED,OCCUPIED,0.8272131689570168
936.0,cctv3,C3_S005,G025,OCCUPIED,OCCUPIED,0.8200650713660501
936.0,cctv3,C3_S006,G026,OCCUPIED,LEAVING,0.7983776192773473
936.0,cctv3,C3_S007,G027,EMPTY,MANEUVERING,0.0861076669733632
936.0,cctv3,C3_S008,G028,EMPTY,EMPTY,0.01
936.0,cctv3,C3_S009,G029,EMPTY,MANEUVERING,0.2408932453698732
936.0,cctv3,C3_S010,G007,EMPTY,MANEUVERING,0.3866377610239115
936.0,cctv3,C3_S011,G008,OCCUPIED,OCCUPIED,0.7153689603913914
936.0,cctv3,C3_S012,G009,OCCUPIED,OCCUPIED,0.8234660693190315
937.0,cctv1,C1_S001,G001,OCCUPIED,LEAVING,0.7340093286877329
937.0,cctv1,C1_S002,G002,EMPTY,EMPTY,0.01
937.0,cctv1,C1_S003,G003,OCCUPIED,OCCUPIED,0.8372211678461596
937.0,cctv1,C1_S004,G004,OCCUPIED,OCCUPIED,0.780148365280845
937.0,cctv1,C1_S005,G005,OCCUPIED,OCCUPIED,0.7532782457091592
937.0,cctv1,C1_S006,G006,EMPTY,MANEUVERING,0.2758677283606746
937.0,cctv2,C2_S001,G007,OCCUPIED,OCCUPIED,0.7926262430169366
937.0,cctv2,C2_S002,G008,OCCUPIED,OCCUPIED,0.829105251214721
937.0,cctv2,C2_S003,G009,EMPTY,EMPTY,0.01
937.0,cctv2,C2_S004,G010,OCCUPIED,OCCUPIED,0.7825966206463901
937.0,cctv2,C2_S005,G001,EMPTY,EMPTY,0.01
937.0,cctv2,C2_S006,G003,OCCUPIED,OCCUPIED,0.8098732562227683
937.0,cctv2,C2_S007,G004,OCCUPIED,OCCUPIED,0.7917230367660523
937.0,cctv2,C2_S008,G006,OCCUPIED,OCCUPIED,0.7669312492012978
937.0,cctv2,C2_S009,G005,OCCUPIED,OCCUPIED,0.7857705643231219
937.0,cctv2,C2_S010,G002,OCCUPIED,OCCUPIED,0.7966274722055956
937.0,cctv2,C2_S011,G017,OCCUPIED,OCCUPIED,0.7906255881894719
937.0,cctv2,C2_S012,G018,EMPTY,EMPTY,0.01
937.0,cctv2,C2_S013,G019,OCCUPIED,OCCUPIED,0.8092133462429048
937.0,cctv2,C2_S014,G020,EMPTY,EMPTY,0.01
937.0,cctv3,C3_S001,G021,OCCUPIED,OCCUPIED,0.7836578398942948
937.0,cctv3,C3_S002,G019,EMPTY,EMPTY,0.01
937.0,cctv3,C3_S003,G020,OCCUPIED,LEAVING,0.8169079260392623
937.0,cctv3,C3_S004,G024,OCCUPIED,OCCUPIED,0.827441354231401
937.0,cctv3,C3_S005,G025,OCCUPIED,OCCUPIED,0.8200876141136344
937.0,cctv3,C3_S006,G026,OCCUPIED,LEAVING,0.7962612344460055
937.0,cctv3,C3_S007,G027,EMPTY,MANEUVERING,0.0861076669733632
937.0,cctv3,C3_S008,G028,EMPTY,EMPTY,0.01
937.0,cctv3,C3_S009,G029,EMPTY,MANEUVERING,0.2408932453698732
937.0,cctv3,C3_S010,G007,EMPTY,MANEUVERING,0.3416377610239115
937.0,cctv3,C3_S011,G008,OCCUPIED,OCCUPIED,0.7600251950729977
937.0,cctv3,C3_S012,G009,OCCUPIED,OCCUPIED,0.8226972287351435
938.0,cctv1,C1_S001,G001,OCCUPIED,LEAVING,0.7250981364737858
938.0,cctv1,C1_S002,G002,EMPTY,EMPTY,0.01
938.0,cctv1,C1_S003,G003,OCCUPIED,OCCUPIED,0.8372544646263123
938.0,cctv1,C1_S004,G004,OCCUPIED,OCCUPIED,0.7804094019261274
938.0,cctv1,C1_S005,G005,OCCUPIED,OCCUPIED,0.753844305601987
938.0,cctv1,C1_S006,G006,EMPTY,MANEUVERING,0.2758677283606746
938.0,cctv2,C2_S001,G007,OCCUPIED,OCCUPIED,0.7917660008777272
938.0,cctv2,C2_S002,G008,OCCUPIED,OCCUPIED,0.8288782127878883
938.0,cctv2,C2_S003,G009,EMPTY,EMPTY,0.01
938.0,cctv2,C2_S004,G010,OCCUPIED,OCCUPIED,0.7805230873552236
938.0,cctv2,C2_S005,G001,EMPTY,EMPTY,0.01
938.0,cctv2,C2_S006,G003,OCCUPIED,OCCUPIED,0.8145810698921031
938.0,cctv2,C2_S007,G004,OCCUPIED,OCCUPIED,0.7918170985850421
938.0,cctv2,C2_S008,G006,OCCUPIED,OCCUPIED,0.7662298917770386
938.0,cctv2,C2_S009,G005,OCCUPIED,OCCUPIED,0.7851254166527228
938.0,cctv2,C2_S010,G002,OCCUPIED,OCCUPIED,0.7954515031792901
938.0,cctv2,C2_S011,G017,OCCUPIED,OCCUPIED,0.7897020987489007
938.0,cctv2,C2_S012,G018,EMPTY,EMPTY,0.01
938.0,cctv2,C2_S013,G019,OCCUPIED,OCCUPIED,0.811233606392687
938.0,cctv2,C2_S014,G020,EMPTY,EMPTY,0.01
938.0,cctv3,C3_S001,G021,OCCUPIED,OCCUPIED,0.7833055284890262
938.0,cctv3,C3_S002,G019,EMPTY,EMPTY,0.01
938.0,cctv3,C3_S003,G020,OCCUPIED,LEAVING,0.8194966291839427
938.0,cctv3,C3_S004,G024,OCCUPIED,OCCUPIED,0.8274270726875825
938.0,cctv3,C3_S005,G025,OCCUPIED,OCCUPIED,0.8196120080622761
938.0,cctv3,C3_S006,G026,OCCUPIED,LEAVING,0.7945179123770107
938.0,cctv3,C3_S007,G027,EMPTY,MANEUVERING,0.0861076669733632
938.0,cctv3,C3_S008,G028,EMPTY,EMPTY,0.01
938.0,cctv3,C3_S009,G029,EMPTY,MANEUVERING,0.1958932453698732
938.0,cctv3,C3_S010,G007,EMPTY,MANEUVERING,0.427968474091454
938.0,cctv3,C3_S011,G008,OCCUPIED,OCCUPIED,0.6802580743847472
938.0,cctv3,C3_S012,G009,OCCUPIED,OCCUPIED,0.8222375257448717
939.0,cctv1,C1_S001,G001,OCCUPIED,LEAVING,0.7244071994315495
939.0,cctv1,C1_S002,G002,EMPTY,EMPTY,0.01
939.0,cctv1,C1_S003,G003,OCCUPIED,OCCUPIED,0.8372677984562787
939.0,cctv1,C1_S004,G004,OCCUPIED,OCCUPIED,0.7800842328505083
939.0,cctv1,C1_S005,G005,OCCUPIED,OCCUPIED,0.7551819423382933
939.0,cctv1,C1_S006,G006,EMPTY,MANEUVERING,0.3109726710888472
939.0,cctv2,C2_S001,G007,OCCUPIED,OCCUPIED,0.791863667423075
939.0,cctv2,C2_S002,G008,OCCUPIED,OCCUPIED,0.8283150846307928
939.0,cctv2,C2_S003,G009,EMPTY,MANEUVERING,0.2865976495634426
939.0,cctv2,C2_S004,G010,OCCUPIED,OCCUPIED,0.7787211557680911
939.0,cctv2,C2_S005,G001,EMPTY,EMPTY,0.01
939.0,cctv2,C2_S006,G003,OCCUPIED,OCCUPIED,0.8165163040161133
939.0,cctv2,C2_S007,G004,OCCUPIED,OCCUPIED,0.7909698334607211
939.0,cctv2,C2_S008,G006,OCCUPIED,OCCUPIED,0.7653044772419063
939.0,cctv2,C2_S009,G005,OCCUPIED,OCCUPIED,0.7853024465116588
939.0,cctv2,C2_S010,G002,OCCUPIED,OCCUPIED,0.7014523961327294
939.0,cctv2,C2_S011,G017,OCCUPIED,LEAVING,0.7775607603788377
939.0,cctv2,C2_S012,G018,EMPTY,MANEUVERING,0.1333626360513947
939.0,cctv2,C2_S013,G019,OCCUPIED,OCCUPIED,0.8115271205251868
939.0,cctv2,C2_S014,G020,EMPTY,EMPTY,0.01
939.0,cctv3,C3_S001,G021,OCCUPIED,OCCUPIED,0.7859266367825596
939.0,cctv3,C3_S002,G019,EMPTY,EMPTY,0.01
939.0,cctv3,C3_S003,G020,OCCUPIED,LEAVING,0.8191534169695595
939.0,cctv3,C3_S004,G024,OCCUPIED,OCCUPIED,0.8273268417878585
939.0,cctv3,C3_S005,G025,OCCUPIED,OCCUPIED,0.8193932462822308
939.0,cctv3,C3_S006,G026,OCCUPIED,LEAVING,0.7932394528930838
939.0,cctv3,C3_S007,G027,EMPTY,MANEUVERING,0.0861076669733632
939.0,cctv3,C3_S008,G028,EMPTY,EMPTY,0.01
939.0,cctv3,C3_S009,G029,EMPTY,MANEUVERING,0.1958932453698732
939.0,cctv3,C3_S010,G007,EMPTY,MANEUVERING,0.4774887093021112
939.0,cctv3,C3_S011,G008,OCCUPIED,OCCUPIED,0.599383474635807
939.0,cctv3,C3_S012,G009,OCCUPIED,OCCUPIED,0.8223098055882888
940.0,cctv1,C1_S001,G001,OCCUPIED,LEAVING,0.7248718336224557
940.0,cctv1,C1_S002,G002,EMPTY,EMPTY,0.01
940.0,cctv1,C1_S003,G003,OCCUPIED,OCCUPIED,0.8371921691027555
940.0,cctv1,C1_S004,G004,OCCUPIED,OCCUPIED,0.7791238963603974
940.0,cctv1,C1_S005,G005,OCCUPIED,LEAVING,0.7559712087566203
940.0,cctv1,C1_S006,G006,EMPTY,MANEUVERING,0.3912599481506781
940.0,cctv2,C2_S001,G007,OCCUPIED,OCCUPIED,0.7910084930333225
940.0,cctv2,C2_S002,G008,OCCUPIED,OCCUPIED,0.8283116107637233
940.0,cctv2,C2_S003,G009,EMPTY,MANEUVERING,0.2865976495634426
940.0,cctv2,C2_S004,G010,OCCUPIED,OCCUPIED,0.7763399133628066
940.0,cctv2,C2_S005,G001,EMPTY,EMPTY,0.01
940.0,cctv2,C2_S006,G003,OCCUPIED,OCCUPIED,0.8166486848484387
940.0,cctv2,C2_S007,G004,OCCUPIED,OCCUPIED,0.7898642269047824
940.0,cctv2,C2_S008,G006,OCCUPIED,OCCUPIED,0.7621907491575588
940.0,cctv2,C2_S009,G005,OCCUPIED,OCCUPIED,0.7851668454029344
940.0,cctv2,C2_S010,G002,OCCUPIED,OCCUPIED,0.6082338758670923
940.0,cctv2,C2_S011,G017,OCCUPIED,LEAVING,0.7630453037131917
940.0,cctv2,C2_S012,G018,EMPTY,MANEUVERING,0.238485797657208
940.0,cctv2,C2_S013,G019,OCCUPIED,OCCUPIED,0.8133921571753242
940.0,cctv2,C2_S014,G020,EMPTY,EMPTY,0.01
940.0,cctv3,C3_S001,G021,OCCUPIED,LEAVING,0.7896913130174984
940.0,cctv3,C3_S002,G019,EMPTY,EMPTY,0.01
940.0,cctv3,C3_S003,G020,OCCUPIED,LEAVING,0.8191385372118517
940.0,cctv3,C3_S004,G024,OCCUPIED,OCCUPIED,0.82741154757413
940.0,cctv3,C3_S005,G025,OCCUPIED,OCCUPIED,0.8193158564242451
940.0,cctv3,C3_S006,G026,OCCUPIED,LEAVING,0.7910948829217391
940.0,cctv3,C3_S007,G027,EMPTY,EMPTY,0.01
940.0,cctv3,C3_S008,G028,EMPTY,MANEUVERING,0.1099391779642213
940.0,cctv3,C3_S009,G029,EMPTY,MANEUVERING,0.1958932453698732
940.0,cctv3,C3_S010,G007,EMPTY,MANEUVERING,0.49
940.0,cctv3,C3_S011,G008,OCCUPIED,LEAVING,0.51
940.0,cctv3,C3_S012,G009,OCCUPIED,OCCUPIED,0.8221974259073085
941.0,cctv1,C1_S001,G001,OCCUPIED,OCCUPIED,0.7240232330831615
941.0,cctv1,C1_S002,G002,EMPTY,EMPTY,0.01
941.0,cctv1,C1_S003,G003,OCCUPIED,OCCUPIED,0.8372336970134215
941.0,cctv1,C1_S004,G004,OCCUPIED,OCCUPIED,0.7780559528957715
941.0,cctv1,C1_S005,G005,OCCUPIED,LEAVING,0.7585042125799439
941.0,cctv1,C1_S006,G006,EMPTY,MANEUVERING,0.3672599481506781
941.0,cctv2,C2_S001,G007,OCCUPIED,OCCUPIED,0.7939493677832864
941.0,cctv2,C2_S002,G008,OCCUPIED,OCCUPIED,0.8284592208537189
941.0,cctv2,C2_S003,G009,EMPTY,MANEUVERING,0.2865976495634426
941.0,cctv2,C2_S004,G010,OCCUPIED,OCCUPIED,0.7793930568478324
941.0,cctv2,C2_S005,G001,EMPTY,EMPTY,0.01
941.0,cctv2,C2_S006,G003,OCCUPIED,OCCUPIED,0.816025497154756
941.0,cctv2,C2_S007,G004,OCCUPIED,OCCUPIED,0.789160197431391
941.0,cctv2,C2_S008,G006,OCCUPIED,OCCUPIED,0.7620690264485099
941.0,cctv2,C2_S009,G005,OCCUPIED,OCCUPIED,0.7837831457907504
941.0,cctv2,C2_S010,G002,OCCUPIED,OCCUPIED,0.5265467756512491
941.0,cctv2,C2_S011,G017,OCCUPIED,LEAVING,0.6697622894969854
941.0,cctv2,C2_S012,G018,EMPTY,MANEUVERING,0.3510304215008561
941.0,cctv2,C2_S013,G019,OCCUPIED,OCCUPIED,0.8169639321890745
941.0,cctv2,C2_S014,G020,EMPTY,EMPTY,0.01
941.0,cctv3,C3_S001,G021,OCCUPIED,LEAVING,0.7071201582659374
941.0,cctv3,C3_S002,G019,EMPTY,EMPTY,0.01
941.0,cctv3,C3_S003,G020,OCCUPIED,LEAVING,0.8170201049609618
941.0,cctv3,C3_S004,G024,OCCUPIED,OCCUPIED,0.8273271937261929
941.0,cctv3,C3_S005,G025,OCCUPIED,OCCUPIED,0.8198820520531048
941.0,cctv3,C3_S006,G026,OCCUPIED,LEAVING,0.794167801195925
941.0,cctv3,C3_S007,G027,EMPTY,EMPTY,0.01
941.0,cctv3,C3_S008,G028,EMPTY,MANEUVERING,0.1099391779642213
941.0,cctv3,C3_S009,G029,EMPTY,MANEUVERING,0.1958932453698732
941.0,cctv3,C3_S010,G007,EMPTY,MANEUVERING,0.49
941.0,cctv3,C3_S011,G008,OCCUPIED,LEAVING,0.51
941.0,cctv3,C3_S012,G009,OCCUPIED,OCCUPIED,0.8221935488960961
942.0,cctv1,C1_S001,G001,OCCUPIED,OCCUPIED,0.7240203456445174
942.0,cctv1,C1_S002,G002,EMPTY,EMPTY,0.01
942.0,cctv1,C1_S003,G003,OCCUPIED,OCCUPIED,0.8370709885250439
942.0,cctv1,C1_S004,G004,OCCUPIED,OCCUPIED,0.7776805436069316
942.0,cctv1,C1_S005,G005,OCCUPIED,LEAVING,0.7594191559336403
942.0,cctv1,C1_S006,G006,EMPTY,MANEUVERING,0.4509885268861597
942.0,cctv2,C2_S001,G007,OCCUPIED,OCCUPIED,0.7929105425422842
942.0,cctv2,C2_S002,G008,OCCUPIED,OCCUPIED,0.8277454175732353
942.0,cctv2,C2_S003,G009,EMPTY,MANEUVERING,0.3604602425477721
942.0,cctv2,C2_S004,G010,OCCUPIED,OCCUPIED,0.7802131772041322
942.0,cctv2,C2_S005,G001,EMPTY,EMPTY,0.01
942.0,cctv2,C2_S006,G003,OCCUPIED,OCCUPIED,0.816062118248506
942.0,cctv2,C2_S007,G004,OCCUPIED,OCCUPIED,0.7892743546854366
942.0,cctv2,C2_S008,G006,OCCUPIED,OCCUPIED,0.7623326087539847
942.0,cctv2,C2_S009,G005,OCCUPIED,OCCUPIED,0.782519579069181
942.0,cctv2,C2_S010,G002,OCCUPIED,OCCUPIED,0.51
942.0,cctv2,C2_S011,G017,OCCUPIED,LEAVING,0.5776075918385477
942.0,cctv2,C2_S012,G018,EMPTY,MANEUVERING,0.4551032691719857
942.0,cctv2,C2_S013,G019,OCCUPIED,OCCUPIED,0.8206325983459299
942.0,cctv2,C2_S014,G020,EMPTY,EMPTY,0.01
942.0,cctv3,C3_S001,G021,OCCUPIED,LEAVING,0.6260538605668329
942.0,cctv3,C3_S002,G019,EMPTY,EMPTY,0.01
942.0,cctv3,C3_S003,G020,OCCUPIED,LEAVING,0.8133616043762728
942.0,cctv3,C3_S004,G024,OCCUPIED,OCCUPIED,0.8270968187939037
942.0,cctv3,C3_S005,G025,OCCUPIED,OCCUPIED,0.8213552464138378
942.0,cctv3,C3_S006,G026,OCCUPIED,OCCUPIED,0.7929251743988558
942.0,cctv3,C3_S007,G027,EMPTY,EMPTY,0.01
942.0,cctv3,C3_S008,G028,EMPTY,MANEUVERING,0.1099391779642213
942.0,cctv3,C3_S009,G029,EMPTY,MANEUVERING,0.1910514272343028
942.0,cctv3,C3_S010,G007,EMPTY,MANEUVERING,0.49
942.0,cctv3,C3_S011,G008,OCCUPIED,LEAVING,0.5414943147905462
942.0,cctv3,C3_S012,G009,OCCUPIED,OCCUPIED,0.8223638008941304
943.0,cctv1,C1_S001,G001,OCCUPIED,OCCUPIED,0.7234469637274743
943.0,cctv1,C1_S002,G002,EMPTY,EMPTY,0.01
943.0,cctv1,C1_S003,G003,OCCUPIED,OCCUPIED,0.8370599630204114
943.0,cctv1,C1_S004,G004,OCCUPIED,OCCUPIED,0.776260645552115
943.0,cctv1,C1_S005,G005,OCCUPIED,LEAVING,0.7603377844799649
943.0,cctv1,C1_S006,G006,EMPTY,MANEUVERING,0.3917028126004455
943.0,cctv2,C2_S001,G007,OCCUPIED,OCCUPIED,0.791307492689653
943.0,cctv2,C2_S002,G008,OCCUPIED,OCCUPIED,0.8272637481039221
943.0,cctv2,C2_S003,G009,EMPTY,MANEUVERING,0.3154602425477721
943.0,cctv2,C2_S004,G010,OCCUPIED,OCCUPIED,0.783222106505524
943.0,cctv2,C2_S005,G001,EMPTY,EMPTY,0.01
943.0,cctv2,C2_S006,G003,OCCUPIED,OCCUPIED,0.8156876648014243
943.0,cctv2,C2_S007,G004,OCCUPIED,OCCUPIED,0.7885955209081824
943.0,cctv2,C2_S008,G006,OCCUPIED,OCCUPIED,0.7642549442974005
943.0,cctv2,C2_S009,G005,OCCUPIED,OCCUPIED,0.7829901254989885
943.0,cctv2,C2_S010,G002,OCCUPIED,OCCUPIED,0.51
943.0,cctv2,C2_S011,G017,OCCUPIED,LEAVING,0.51
943.0,cctv2,C2_S012,G018,EMPTY,MANEUVERING,0.49
943.0,cctv2,C2_S013,G019,OCCUPIED,OCCUPIED,0.8233737907626413
943.0,cctv2,C2_S014,G020,EMPTY,EMPTY,0.01
943.0,cctv3,C3_S001,G021,OCCUPIED,LEAVING,0.5334075359605027
943.0,cctv3,C3_S002,G019,EMPTY,MANEUVERING,0.2347288528175065
943.0,cctv3,C3_S003,G020,OCCUPIED,LEAVING,0.7311359720338475
943.0,cctv3,C3_S004,G024,OCCUPIED,OCCUPIED,0.8263433789665049
943.0,cctv3,C3_S005,G025,OCCUPIED,OCCUPIED,0.8188084182414143
943.0,cctv3,C3_S006,G026,OCCUPIED,OCCUPIED,0.7909827722744509
943.0,cctv3,C3_S007,G027,EMPTY,EMPTY,0.01
943.0,cctv3,C3_S008,G028,EMPTY,MANEUVERING,0.1099391779642213
943.0,cctv3,C3_S009,G029,EMPTY,MANEUVERING,0.1910514272343028
943.0,cctv3,C3_S010,G007,EMPTY,MANEUVERING,0.49
943.0,cctv3,C3_S011,G008,OCCUPIED,LEAVING,0.5838990898140065
943.0,cctv3,C3_S012,G009,OCCUPIED,OCCUPIED,0.8225769625468689
944.0,cctv1,C1_S001,G001,OCCUPIED,OCCUPIED,0.723334067518061
944.0,cctv1,C1_S002,G002,EMPTY,EMPTY,0.01
944.0,cctv1,C1_S003,G003,OCCUPIED,OCCUPIED,0.8370217927477577
944.0,cctv1,C1_S004,G004,OCCUPIED,OCCUPIED,0.776172396811572
944.0,cctv1,C1_S005,G005,OCCUPIED,LEAVING,0.7571312958543952
944.0,cctv1,C1_S006,G006,EMPTY,MANEUVERING,0.2910607507582996
944.0,cctv2,C2_S001,G007,OCCUPIED,OCCUPIED,0.7909493291919882
944.0,cctv2,C2_S002,G008,OCCUPIED,OCCUPIED,0.8270111709833146
944.0,cctv2,C2_S003,G009,EMPTY,MANEUVERING,0.3804002869400111
944.0,cctv2,C2_S004,G010,OCCUPIED,OCCUPIED,0.7850981743498282
944.0,cctv2,C2_S005,G001,EMPTY,EMPTY,0.01
944.0,cctv2,C2_S006,G003,OCCUPIED,OCCUPIED,0.8166915172880347
944.0,cctv2,C2_S007,G004,OCCUPIED,OCCUPIED,0.7898642366582698
944.0,cctv2,C2_S008,G006,OCCUPIED,OCCUPIED,0.7639270162040538
944.0,cctv2,C2_S009,G005,OCCUPIED,OCCUPIED,0.7837926123629917
944.0,cctv2,C2_S010,G002,OCCUPIED,OCCUPIED,0.51
944.0,cctv2,C2_S011,G017,OCCUPIED,LEAVING,0.51
944.0,cctv2,C2_S012,G018,EMPTY,MANEUVERING,0.49
944.0,cctv2,C2_S013,G019,OCCUPIED,OCCUPIED,0.7313148417256096
944.0,cctv2,C2_S014,G020,EMPTY,EMPTY,0.01
944.0,cctv3,C3_S001,G021,OCCUPIED,OCCUPIED,0.51
944.0,cctv3,C3_S002,G019,EMPTY,MANEUVERING,0.3302628281893152
944.0,cctv3,C3_S003,G020,OCCUPIED,LEAVING,0.6490092205820662
944.0,cctv3,C3_S004,G024,OCCUPIED,OCCUPIED,0.8254380578344519
944.0,cctv3,C3_S005,G025,OCCUPIED,OCCUPIED,0.8162435388023204
944.0,cctv3,C3_S006,G026,OCCUPIED,OCCUPIED,0.7882397514852612
944.0,cctv3,C3_S007,G027,EMPTY,EMPTY,0.01
944.0,cctv3,C3_S008,G028,EMPTY,MANEUVERING,0.0649391779642213
944.0,cctv3,C3_S009,G029,EMPTY,MANEUVERING,0.1910514272343028
944.0,cctv3,C3_S010,G007,OCCUPIED,OCCUPIED,0.5976706546893367
944.0,cctv3,C3_S011,G008,OCCUPIED,LEAVING,0.5838990898140065
944.0,cctv3,C3_S012,G009,OCCUPIED,OCCUPIED,0.8233330504460769
945.0,cctv1,C1_S001,G001,OCCUPIED,OCCUPIED,0.7235202158716593
945.0,cctv1,C1_S002,G002,EMPTY,EMPTY,0.01
945.0,cctv1,C1_S003,G003,OCCUPIED,OCCUPIED,0.836895701289177
945.0,cctv1,C1_S004,G004,OCCUPIED,OCCUPIED,0.7763204799457031
945.0,cctv1,C1_S005,G005,OCCUPIED,LEAVING,0.755969425900416
945.0,cctv1,C1_S006,G006,EMPTY,MANEUVERING,0.282489322186871
945.0,cctv2,C2_S001,G007,OCCUPIED,OCCUPIED,0.791549378362569
945.0,cctv2,C2_S002,G008,OCCUPIED,OCCUPIED,0.8263405602086675
945.0,cctv2,C2_S003,G009,EMPTY,MANEUVERING,0.3804002869400111
945.0,cctv2,C2_S004,G010,OCCUPIED,OCCUPIED,0.7880684278228067
945.0,cctv2,C2_S005,G001,EMPTY,EMPTY,0.01
945.0,cctv2,C2_S006,G003,OCCUPIED,OCCUPIED,0.816867035356435
945.0,cctv2,C2_S007,G004,OCCUPIED,OCCUPIED,0.7908663912252947
945.0,cctv2,C2_S008,G006,OCCUPIED,OCCUPIED,0.7674985754218969
945.0,cctv2,C2_S009,G005,OCCUPIED,OCCUPIED,0.7854444329034199
945.0,cctv2,C2_S010,G002,OCCUPIED,OCCUPIED,0.51
945.0,cctv2,C2_S011,G017,OCCUPIED,LEAVING,0.5393346010487189
945.0,cctv2,C2_S012,G018,EMPTY,MANEUVERING,0.49
945.0,cctv2,C2_S013,G019,OCCUPIED,LEAVING,0.7324770804426888
945.0,cctv2,C2_S014,G020,EMPTY,EMPTY,0.01
945.0,cctv3,C3_S001,G021,OCCUPIED,OCCUPIED,0.51
945.0,cctv3,C3_S002,G019,EMPTY,MANEUVERING,0.3302628281893152
945.0,cctv3,C3_S003,G020,OCCUPIED,LEAVING,0.5654898617890748
945.0,cctv3,C3_S004,G024,OCCUPIED,OCCUPIED,0.8245701681483877
945.0,cctv3,C3_S005,G025,OCCUPIED,OCCUPIED,0.8124170636588878
945.0,cctv3,C3_S006,G026,OCCUPIED,OCCUPIED,0.7840335247191517
945.0,cctv3,C3_S007,G027,EMPTY,EMPTY,0.01
945.0,cctv3,C3_S008,G028,EMPTY,MANEUVERING,0.0649391779642213
945.0,cctv3,C3_S009,G029,EMPTY,EMPTY,0.01
945.0,cctv3,C3_S010,G007,OCCUPIED,OCCUPIED,0.6347949367118153
945.0,cctv3,C3_S011,G008,OCCUPIED,LEAVING,0.51
945.0,cctv3,C3_S012,G009,OCCUPIED,OCCUPIED,0.8233428608287465
946.0,cctv1,C1_S001,G001,OCCUPIED,OCCUPIED,0.7237571668895809
946.0,cctv1,C1_S002,G002,EMPTY,EMPTY,0.01
946.0,cctv1,C1_S003,G003,OCCUPIED,OCCUPIED,0.8368504020300779
946.0,cctv1,C1_S004,G004,OCCUPIED,OCCUPIED,0.7747145479375667
946.0,cctv1,C1_S005,G005,OCCUPIED,LEAVING,0.7549497146498074
946.0,cctv1,C1_S006,G006,EMPTY,MANEUVERING,0.1856145137819376
946.0,cctv2,C2_S001,G007,OCCUPIED,OCCUPIED,0.7936924300410532
946.0,cctv2,C2_S002,G008,OCCUPIED,OCCUPIED,0.8261608140035109
946.0,cctv2,C2_S003,G009,EMPTY,MANEUVERING,0.4166837803883986
946.0,cctv2,C2_S004,G010,OCCUPIED,OCCUPIED,0.7879528473724019
946.0,cctv2,C2_S005,G001,EMPTY,EMPTY,0.01
946.0,cctv2,C2_S006,G003,OCCUPIED,OCCUPIED,0.8168438667600806
946.0,cctv2,C2_S007,G004,OCCUPIED,OCCUPIED,0.7932336203076623
946.0,cctv2,C2_S008,G006,OCCUPIED,OCCUPIED,0.7692981113087047
946.0,cctv2,C2_S009,G005,OCCUPIED,OCCUPIED,0.7868384342301976
946.0,cctv2,C2_S010,G002,OCCUPIED,OCCUPIED,0.51
946.0,cctv2,C2_S011,G017,OCCUPIED,LEAVING,0.51
946.0,cctv2,C2_S012,G018,EMPTY,MANEUVERING,0.4582976976714351
946.0,cctv2,C2_S013,G019,OCCUPIED,LEAVING,0.73524938932874
946.0,cctv2,C2_S014,G020,EMPTY,EMPTY,0.01
946.0,cctv3,C3_S001,G021,OCCUPIED,OCCUPIED,0.51
946.0,cctv3,C3_S002,G019,EMPTY,MANEUVERING,0.3302628281893152
946.0,cctv3,C3_S003,G020,OCCUPIED,OCCUPIED,0.51
946.0,cctv3,C3_S004,G024,OCCUPIED,OCCUPIED,0.8236945667050102
946.0,cctv3,C3_S005,G025,OCCUPIED,OCCUPIED,0.8079219654202462
946.0,cctv3,C3_S006,G026,OCCUPIED,OCCUPIED,0.7811382597143001
946.0,cctv3,C3_S007,G027,EMPTY,EMPTY,0.01
946.0,cctv3,C3_S008,G028,EMPTY,MANEUVERING,0.0649391779642213
946.0,cctv3,C3_S009,G029,EMPTY,EMPTY,0.01
946.0,cctv3,C3_S010,G007,OCCUPIED,OCCUPIED,0.5897949367118154
946.0,cctv3,C3_S011,G008,OCCUPIED,OCCUPIED,0.5156838186627084
946.0,cctv3,C3_S012,G009,OCCUPIED,OCCUPIED,0.823515469106761
947.0,cctv1,C1_S001,G001,OCCUPIED,OCCUPIED,0.722392927211794
947.0,cctv1,C1_S002,G002,EMPTY,EMPTY,0.01
947.0,cctv1,C1_S003,G003,OCCUPIED,OCCUPIED,0.8368207758123225
947.0,cctv1,C1_S004,G004,OCCUPIED,OCCUPIED,0.774593565680764
947.0,cctv1,C1_S005,G005,OCCUPIED,OCCUPIED,0.7147239417379553
947.0,cctv1,C1_S006,G006,EMPTY,MANEUVERING,0.261521447063847
947.0,cctv2,C2_S001,G007,OCCUPIED,OCCUPIED,0.7945792089809072
947.0,cctv2,C2_S002,G008,OCCUPIED,OCCUPIED,0.826923428611322
947.0,cctv2,C2_S003,G009,EMPTY,MANEUVERING,0.4166837803883986
947.0,cctv2,C2_S004,G010,OCCUPIED,OCCUPIED,0.7868470006368378
947.0,cctv2,C2_S005,G001,EMPTY,EMPTY,0.01
947.0,cctv2,C2_S006,G003,OCCUPIED,OCCUPIED,0.8166775283488361
947.0,cctv2,C2_S007,G004,OCCUPIED,OCCUPIED,0.7940615231340582
947.0,cctv2,C2_S008,G006,OCCUPIED,OCCUPIED,0.7687301108782942
947.0,cctv2,C2_S009,G005,OCCUPIED,LEAVING,0.7910303107716821
947.0,cctv2,C2_S010,G002,OCCUPIED,OCCUPIED,0.51
947.0,cctv2,C2_S011,G017,OCCUPIED,LEAVING,0.51
947.0,cctv2,C2_S012,G018,EMPTY,MANEUVERING,0.49
947.0,cctv2,C2_S013,G019,OCCUPIED,LEAVING,0.7347876184365967
947.0,cctv2,C2_S014,G020,EMPTY,EMPTY,0.01
947.0,cctv3,C3_S001,G021,OCCUPIED,OCCUPIED,0.51
947.0,cctv3,C3_S002,G019,EMPTY,MANEUVERING,0.2852628281893152
947.0,cctv3,C3_S003,G020,OCCUPIED,OCCUPIED,0.51
947.0,cctv3,C3_S004,G024,OCCUPIED,OCCUPIED,0.8214341480623593
947.0,cctv3,C3_S005,G025,OCCUPIED,OCCUPIED,0.8053628901189025
947.0,cctv3,C3_S006,G026,OCCUPIED,OCCUPIED,0.7784025735475801
947.0,cctv3,C3_S007,G027,EMPTY,EMPTY,0.01
947.0,cctv3,C3_S008,G028,EMPTY,MANEUVERING,0.0649391779642213
947.0,cctv3,C3_S009,G029,EMPTY,EMPTY,0.01
947.0,cctv3,C3_S010,G007,OCCUPIED,OCCUPIED,0.5598282233228932
947.0,cctv3,C3_S011,G008,OCCUPIED,OCCUPIED,0.5173905022984201
947.0,cctv3,C3_S012,G009,OCCUPIED,OCCUPIED,0.8242781747471203
948.0,cctv1,C1_S001,G001,OCCUPIED,OCCUPIED,0.7230359217998658
948.0,cctv1,C1_S002,G002,EMPTY,EMPTY,0.01
948.0,cctv1,C1_S003,G003,OCCUPIED,OCCUPIED,0.8367128477855162
948.0,cctv1,C1_S004,G004,OCCUPIED,OCCUPIED,0.774009980396791
948.0,cctv1,C1_S005,G005,OCCUPIED,OCCUPIED,0.7178398084315387
948.0,cctv1,C1_S006,G006,EMPTY,MANEUVERING,0.338986919527704
948.0,cctv2,C2_S001,G007,OCCUPIED,OCCUPIED,0.7954280809922653
948.0,cctv2,C2_S002,G008,OCCUPIED,OCCUPIED,0.8272023840384051
948.0,cctv2,C2_S003,G009,EMPTY,MANEUVERING,0.4463006615096873
948.0,cctv2,C2_S004,G010,OCCUPIED,OCCUPIED,0.7879466364329513
948.0,cctv2,C2_S005,G001,EMPTY,EMPTY,0.01
948.0,cctv2,C2_S006,G003,OCCUPIED,OCCUPIED,0.816064017740163
948.0,cctv2,C2_S007,G004,OCCUPIED,OCCUPIED,0.795125837488608
948.0,cctv2,C2_S008,G006,OCCUPIED,OCCUPIED,0.7682604182850231
948.0,cctv2,C2_S009,G005,OCCUPIED,LEAVING,0.7869442847642032
948.0,cctv2,C2_S010,G002,EMPTY,EMPTY,0.2311688245968385
948.0,cctv2,C2_S011,G017,OCCUPIED,LEAVING,0.51
948.0,cctv2,C2_S012,G018,EMPTY,MANEUVERING,0.4559589947469823
948.0,cctv2,C2_S013,G019,OCCUPIED,LEAVING,0.7799633147499779
948.0,cctv2,C2_S014,G020,EMPTY,EMPTY,0.01
948.0,cctv3,C3_S001,G021,OCCUPIED,OCCUPIED,0.51
948.0,cctv3,C3_S002,G019,EMPTY,MANEUVERING,0.2402628281893152
948.0,cctv3,C3_S003,G020,OCCUPIED,OCCUPIED,0.51
948.0,cctv3,C3_S004,G024,OCCUPIED,OCCUPIED,0.8200478345155716
948.0,cctv3,C3_S005,G025,OCCUPIED,OCCUPIED,0.8033811570568519
948.0,cctv3,C3_S006,G026,OCCUPIED,OCCUPIED,0.7739799144593152
948.0,cctv3,C3_S007,G027,EMPTY,EMPTY,0.01
948.0,cctv3,C3_S008,G028,EMPTY,MANEUVERING,0.0649391779642213
948.0,cctv3,C3_S009,G029,EMPTY,EMPTY,0.01
948.0,cctv3,C3_S010,G007,OCCUPIED,OCCUPIED,0.5148282233228931
948.0,cctv3,C3_S011,G008,OCCUPIED,OCCUPIED,0.5639686351066285
948.0,cctv3,C3_S012,G009,OCCUPIED,OCCUPIED,0.8248544172807174
949.0,cctv1,C1_S001,G001,OCCUPIED,OCCUPIED,0.7252902837300843
949.0,cctv1,C1_S002,G002,EMPTY,EMPTY,0.01
949.0,cctv1,C1_S003,G003,OCCUPIED,OCCUPIED,0.836708920381286
949.0,cctv1,C1_S004,G004,OCCUPIED,OCCUPIED,0.7746827865188772
949.0,cctv1,C1_S005,G005,OCCUPIED,OCCUPIED,0.7180610885132443
949.0,cctv1,C1_S006,G006,EMPTY,MANEUVERING,0.4172969303754242
949.0,cctv2,C2_S001,G007,OCCUPIED,OCCUPIED,0.7973442592404106
949.0,cctv2,C2_S002,G008,OCCUPIED,OCCUPIED,0.8275429213588888
949.0,cctv2,C2_S003,G009,EMPTY,MANEUVERING,0.49
949.0,cctv2,C2_S004,G010,OCCUPIED,OCCUPIED,0.7890360314737668
949.0,cctv2,C2_S005,G001,EMPTY,EMPTY,0.01
949.0,cctv2,C2_S006,G003,OCCUPIED,OCCUPIED,0.8128806176510724
949.0,cctv2,C2_S007,G004,OCCUPIED,OCCUPIED,0.7896574298089202
949.0,cctv2,C2_S008,G006,OCCUPIED,OCCUPIED,0.7644389025866986
949.0,cctv2,C2_S009,G005,OCCUPIED,LEAVING,0.7880496019666846
949.0,cctv2,C2_S010,G002,EMPTY,EMPTY,0.01
949.0,cctv2,C2_S011,G017,OCCUPIED,OCCUPIED,0.51
949.0,cctv2,C2_S012,G018,EMPTY,MANEUVERING,0.49
949.0,cctv2,C2_S013,G019,OCCUPIED,LEAVING,0.7803634896061638
949.0,cctv2,C2_S014,G020,EMPTY,EMPTY,0.01
949.0,cctv3,C3_S001,G021,OCCUPIED,OCCUPIED,0.51
949.0,cctv3,C3_S002,G019,EMPTY,MANEUVERING,0.2402628281893152
949.0,cctv3,C3_S003,G020,OCCUPIED,OCCUPIED,0.51
949.0,cctv3,C3_S004,G024,OCCUPIED,OCCUPIED,0.8192860148169778
949.0,cctv3,C3_S005,G025,OCCUPIED,OCCUPIED,0.8013242603702979
949.0,cctv3,C3_S006,G026,OCCUPIED,OCCUPIED,0.7693349010565065
949.0,cctv3,C3_S007,G027,EMPTY,EMPTY,0.01
949.0,cctv3,C3_S008,G028,EMPTY,MANEUVERING,0.0649391779642213
949.0,cctv3,C3_S009,G029,EMPTY,MANEUVERING,0.2093847041915763
949.0,cctv3,C3_S010,G007,OCCUPIED,OCCUPIED,0.51
949.0,cctv3,C3_S011,G008,OCCUPIED,OCCUPIED,0.6475832609967752
949.0,cctv3,C3_S012,G009,OCCUPIED,OCCUPIED,0.8252633297985251
950.0,cctv1,C1_S001,G001,OCCUPIED,OCCUPIED,0.6436439169232141
950.0,cctv1,C1_S002,G002,EMPTY,EMPTY,0.01
950.0,cctv1,C1_S003,G003,OCCUPIED,OCCUPIED,0.836621708761562
950.0,cctv1,C1_S004,G004,OCCUPIED,OCCUPIED,0.7751495282758367
950.0,cctv1,C1_S005,G005,OCCUPIED,OCCUPIED,0.717319817786867
950.0,cctv1,C1_S006,G006,EMPTY,MANEUVERING,0.4076107142323797
950.0,cctv2,C2_S001,G007,OCCUPIED,OCCUPIED,0.7986173608086327
950.0,cctv2,C2_S002,G008,OCCUPIED,OCCUPIED,0.8279197197068822
950.0,cctv2,C2_S003,G009,EMPTY,MANEUVERING,0.4432006278092211
950.0,cctv2,C2_S004,G010,OCCUPIED,OCCUPIED,0.7886682965538719
950.0,cctv2,C2_S005,G001,EMPTY,EMPTY,0.01
950.0,cctv2,C2_S006,G003,OCCUPIED,LEAVING,0.8145127296447754
950.0,cctv2,C2_S007,G004,OCCUPIED,OCCUPIED,0.7931804146278989
950.0,cctv2,C2_S008,G006,OCCUPIED,LEAVING,0.7703149515796792
950.0,cctv2,C2_S009,G005,OCCUPIED,LEAVING,0.7735662433775989
950.0,cctv2,C2_S010,G002,EMPTY,EMPTY,0.01
950.0,cctv2,C2_S011,G017,OCCUPIED,OCCUPIED,0.5535428608005697
950.0,cctv2,C2_S012,G018,EMPTY,MANEUVERING,0.49
950.0,cctv2,C2_S013,G019,OCCUPIED,LEAVING,0.7808588712594726
950.0,cctv2,C2_S014,G020,EMPTY,EMPTY,0.01
950.0,cctv3,C3_S001,G021,EMPTY,EMPTY,0.2633106485099503
950.0,cctv3,C3_S002,G019,EMPTY,MANEUVERING,0.2402628281893152
950.0,cctv3,C3_S003,G020,OCCUPIED,LEAVING,0.51
950.0,cctv3,C3_S004,G024,OCCUPIED,OCCUPIED,0.8184599188241093
950.0,cctv3,C3_S005,G025,OCCUPIED,OCCUPIED,0.798940038274635
950.0,cctv3,C3_S006,G026,OCCUPIED,OCCUPIED,0.7633221337741072
950.0,cctv3,C3_S007,G027,EMPTY,EMPTY,0.01
950.0,cctv3,C3_S008,G028,EMPTY,MANEUVERING,0.0649391779642213
950.0,cctv3,C3_S009,G029,EMPTY,MANEUVERING,0.2093847041915763
950.0,cctv3,C3_S010,G007,OCCUPIED,OCCUPIED,0.51
950.0,cctv3,C3_S011,G008,OCCUPIED,OCCUPIED,0.685454240153459
950.0,cctv3,C3_S012,G009,OCCUPIED,OCCUPIED,0.825232536413453
951.0,cctv1,C1_S001,G001,OCCUPIED,LEAVING,0.6505002064291726
951.0,cctv1,C1_S002,G002,EMPTY,EMPTY,0.01
951.0,cctv1,C1_S003,G003,OCCUPIED,OCCUPIED,0.8365465898405422
951.0,cctv1,C1_S004,G004,OCCUPIED,OCCUPIED,0.7761464769190008
951.0,cctv1,C1_S005,G005,OCCUPIED,OCCUPIED,0.7385579749291594
951.0,cctv1,C1_S006,G006,EMPTY,MANEUVERING,0.4256794687563723
951.0,cctv2,C2_S001,G007,OCCUPIED,OCCUPIED,0.8004295441237363
951.0,cctv2,C2_S002,G008,OCCUPIED,OCCUPIED,0.8273679608648474
951.0,cctv2,C2_S003,G009,EMPTY,MANEUVERING,0.49
951.0,cctv2,C2_S004,G010,OCCUPIED,OCCUPIED,0.7894637487151407
951.0,cctv2,C2_S005,G001,EMPTY,EMPTY,0.01
951.0,cctv2,C2_S006,G003,OCCUPIED,LEAVING,0.8165396587415176
951.0,cctv2,C2_S007,G004,OCCUPIED,OCCUPIED,0.789239921217615
951.0,cctv2,C2_S008,G006,OCCUPIED,LEAVING,0.7729356229982594
951.0,cctv2,C2_S009,G005,OCCUPIED,LEAVING,0.7760486001860012
951.0,cctv2,C2_S010,G002,EMPTY,EMPTY,0.01
951.0,cctv2,C2_S011,G017,OCCUPIED,OCCUPIED,0.6141655404513532
951.0,cctv2,C2_S012,G018,EMPTY,MANEUVERING,0.49
951.0,cctv2,C2_S013,G019,OCCUPIED,LEAVING,0.779828869917176
951.0,cctv2,C2_S014,G020,EMPTY,EMPTY,0.01
951.0,cctv3,C3_S001,G021,EMPTY,EMPTY,0.01
951.0,cctv3,C3_S002,G019,EMPTY,MANEUVERING,0.2402628281893152
951.0,cctv3,C3_S003,G020,OCCUPIED,LEAVING,0.51
951.0,cctv3,C3_S004,G024,OCCUPIED,OCCUPIED,0.8179870884526861
951.0,cctv3,C3_S005,G025,OCCUPIED,OCCUPIED,0.795656919343905
951.0,cctv3,C3_S006,G026,OCCUPIED,LEAVING,0.7582333850589666
951.0,cctv3,C3_S007,G027,EMPTY,EMPTY,0.01
951.0,cctv3,C3_S008,G028,EMPTY,EMPTY,0.01
951.0,cctv3,C3_S009,G029,EMPTY,MANEUVERING,0.2910285118154504
951.0,cctv3,C3_S010,G007,OCCUPIED,OCCUPIED,0.51
951.0,cctv3,C3_S011,G008,OCCUPIED,OCCUPIED,0.7229962623932145
951.0,cctv3,C3_S012,G009,OCCUPIED,OCCUPIED,0.8251662094484676
952.0,cctv1,C1_S001,G001,OCCUPIED,LEAVING,0.6604230979118835
952.0,cctv1,C1_S002,G002,EMPTY,EMPTY,0.01
952.0,cctv1,C1_S003,G003,OCCUPIED,OCCUPIED,0.8364829402078282
952.0,cctv1,C1_S004,G004,OCCUPIED,OCCUPIED,0.7778695580634205
952.0,cctv1,C1_S005,G005,OCCUPIED,OCCUPIED,0.7375386058633978
952.0,cctv1,C1_S006,G006,EMPTY,MANEUVERING,0.4672868292256222
952.0,cctv2,C2_S001,G007,OCCUPIED,OCCUPIED,0.7998155011372133
952.0,cctv2,C2_S002,G008,OCCUPIED,OCCUPIED,0.8271177392114293
952.0,cctv2,C2_S003,G009,EMPTY,MANEUVERING,0.4742791597341949
952.0,cctv2,C2_S004,G010,OCCUPIED,OCCUPIED,0.7884375461123208
952.0,cctv2,C2_S005,G001,EMPTY,EMPTY,0.01
952.0,cctv2,C2_S006,G003,OCCUPIED,LEAVING,0.8184088568795812
952.0,cctv2,C2_S007,G004,OCCUPIED,OCCUPIED,0.7900417822328482
952.0,cctv2,C2_S008,G006,OCCUPIED,LEAVING,0.7717259056866169
952.0,cctv2,C2_S009,G005,OCCUPIED,LEAVING,0.7776022559404374
952.0,cctv2,C2_S010,G002,EMPTY,EMPTY,0.01
952.0,cctv2,C2_S011,G017,OCCUPIED,OCCUPIED,0.6543015681768393
952.0,cctv2,C2_S012,G018,OCCUPIED,OCCUPIED,0.6970012399283323
952.0,cctv2,C2_S013,G019,OCCUPIED,LEAVING,0.7795998906276443
952.0,cctv2,C2_S014,G020,EMPTY,EMPTY,0.01
952.0,cctv3,C3_S001,G021,EMPTY,EMPTY,0.01
952.0,cctv3,C3_S002,G019,EMPTY,MANEUVERING,0.2402628281893152
952.0,cctv3,C3_S003,G020,OCCUPIED,LEAVING,0.5127597343786197
952.0,cctv3,C3_S004,G024,OCCUPIED,OCCUPIED,0.8176710795272482
952.0,cctv3,C3_S005,G025,OCCUPIED,OCCUPIED,0.7919058857993647
952.0,cctv3,C3_S006,G026,OCCUPIED,LEAVING,0.7554452373222872
952.0,cctv3,C3_S007,G027,EMPTY,EMPTY,0.01
952.0,cctv3,C3_S008,G028,EMPTY,EMPTY,0.01
952.0,cctv3,C3_S009,G029,EMPTY,MANEUVERING,0.3727000717344609
952.0,cctv3,C3_S010,G007,OCCUPIED,OCCUPIED,0.51
952.0,cctv3,C3_S011,G008,OCCUPIED,OCCUPIED,0.7300544015385888
952.0,cctv3,C3_S012,G009,OCCUPIED,OCCUPIED,0.825607851418582
953.0,cctv1,C1_S001,G001,OCCUPIED,LEAVING,0.663401936668564
953.0,cctv1,C1_S002,G002,EMPTY,EMPTY,0.01
953.0,cctv1,C1_S003,G003,OCCUPIED,OCCUPIED,0.8365770654244857
953.0,cctv1,C1_S004,G004,OCCUPIED,OCCUPIED,0.7776799010959539
953.0,cctv1,C1_S005,G005,OCCUPIED,OCCUPIED,0.7489555777473884
953.0,cctv1,C1_S006,G006,EMPTY,MANEUVERING,0.4852665616581579
953.0,cctv2,C2_S001,G007,OCCUPIED,OCCUPIED,0.8017398259856485
953.0,cctv2,C2_S002,G008,OCCUPIED,OCCUPIED,0.8272801916707646
953.0,cctv2,C2_S003,G009,EMPTY,MANEUVERING,0.475193490514701
953.0,cctv2,C2_S004,G010,OCCUPIED,OCCUPIED,0.7898944326422432
953.0,cctv2,C2_S005,G001,EMPTY,EMPTY,0.01
953.0,cctv2,C2_S006,G003,OCCUPIED,LEAVING,0.81824672953649
953.0,cctv2,C2_S007,G004,OCCUPIED,OCCUPIED,0.7911429322578691
953.0,cctv2,C2_S008,G006,OCCUPIED,LEAVING,0.7704538148235192
953.0,cctv2,C2_S009,G005,OCCUPIED,LEAVING,0.7946581740270962
953.0,cctv2,C2_S010,G002,EMPTY,EMPTY,0.01
953.0,cctv2,C2_S011,G017,OCCUPIED,OCCUPIED,0.6933593969734071
953.0,cctv2,C2_S012,G018,OCCUPIED,LEAVING,0.6936265437779102
953.0,cctv2,C2_S013,G019,OCCUPIED,LEAVING,0.7793486686728218
953.0,cctv2,C2_S014,G020,EMPTY,EMPTY,0.01
953.0,cctv3,C3_S001,G021,EMPTY,EMPTY,0.01
953.0,cctv3,C3_S002,G019,EMPTY,MANEUVERING,0.2402628281893152
953.0,cctv3,C3_S003,G020,OCCUPIED,OCCUPIED,0.5685694703324274
953.0,cctv3,C3_S004,G024,OCCUPIED,OCCUPIED,0.8177938970652494
953.0,cctv3,C3_S005,G025,OCCUPIED,OCCUPIED,0.7880758863958446
953.0,cctv3,C3_S006,G026,OCCUPIED,LEAVING,0.7540084344419566
953.0,cctv3,C3_S007,G027,EMPTY,EMPTY,0.01
953.0,cctv3,C3_S008,G028,EMPTY,EMPTY,0.01
953.0,cctv3,C3_S009,G029,EMPTY,MANEUVERING,0.4167195170796053
953.0,cctv3,C3_S010,G007,OCCUPIED,OCCUPIED,0.51
953.0,cctv3,C3_S011,G008,OCCUPIED,OCCUPIED,0.7304121178207976
953.0,cctv3,C3_S012,G009,OCCUPIED,OCCUPIED,0.825804272835905
954.0,cctv1,C1_S001,G001,OCCUPIED,LEAVING,0.7122991271350873
954.0,cctv1,C1_S002,G002,EMPTY,EMPTY,0.01
954.0,cctv1,C1_S003,G003,OCCUPIED,OCCUPIED,0.8365508911284534
954.0,cctv1,C1_S004,G004,OCCUPIED,OCCUPIED,0.779305501011285
954.0,cctv1,C1_S005,G005,OCCUPIED,OCCUPIED,0.748250900073485
954.0,cctv1,C1_S006,G006,EMPTY,MANEUVERING,0.49
954.0,cctv2,C2_S001,G007,OCCUPIED,OCCUPIED,0.8044497722929175
954.0,cctv2,C2_S002,G008,OCCUPIED,OCCUPIED,0.8276369514790449
954.0,cctv2,C2_S003,G009,EMPTY,MANEUVERING,0.475193490514701
954.0,cctv2,C2_S004,G010,OCCUPIED,OCCUPIED,0.7907678679986434
954.0,cctv2,C2_S005,G001,EMPTY,EMPTY,0.01
954.0,cctv2,C2_S006,G003,OCCUPIED,LEAVING,0.8190794944763184
954.0,cctv2,C2_S007,G004,OCCUPIED,OCCUPIED,0.7916963264346123
954.0,cctv2,C2_S008,G006,OCCUPIED,LEAVING,0.7698406504636461
954.0,cctv2,C2_S009,G005,OCCUPIED,LEAVING,0.7952051772312685
954.0,cctv2,C2_S010,G002,EMPTY,EMPTY,0.01
954.0,cctv2,C2_S011,G017,OCCUPIED,OCCUPIED,0.730689771753369
954.0,cctv2,C2_S012,G018,OCCUPIED,LEAVING,0.6907989981499586
954.0,cctv2,C2_S013,G019,OCCUPIED,OCCUPIED,0.7801296564123849
954.0,cctv2,C2_S014,G020,EMPTY,EMPTY,0.01
954.0,cctv3,C3_S001,G021,EMPTY,EMPTY,0.01
954.0,cctv3,C3_S002,G019,EMPTY,MANEUVERING,0.2047361975005178
954.0,cctv3,C3_S003,G020,OCCUPIED,OCCUPIED,0.6067902355844325
954.0,cctv3,C3_S004,G024,OCCUPIED,OCCUPIED,0.818287800658833
954.0,cctv3,C3_S005,G025,OCCUPIED,OCCUPIED,0.7865727106278594
954.0,cctv3,C3_S006,G026,OCCUPIED,LEAVING,0.7552039827812802
954.0,cctv3,C3_S007,G027,EMPTY,EMPTY,0.01
954.0,cctv3,C3_S008,G028,EMPTY,EMPTY,0.01
954.0,cctv3,C3_S009,G029,EMPTY,MANEUVERING,0.49
954.0,cctv3,C3_S010,G007,OCCUPIED,OCCUPIED,0.51
954.0,cctv3,C3_S011,G008,OCCUPIED,OCCUPIED,0.7326414795535984
954.0,cctv3,C3_S012,G009,OCCUPIED,OCCUPIED,0.8263942531564019
955.0,cctv1,C1_S001,G001,OCCUPIED,LEAVING,0.7130163390968334
955.0,cctv1,C1_S002,G002,EMPTY,EMPTY,0.01
955.0,cctv1,C1_S003,G003,OCCUPIED,OCCUPIED,0.836650680682876
955.0,cctv1,C1_S004,G004,OCCUPIED,OCCUPIED,0.7789370544932106
955.0,cctv1,C1_S005,G005,OCCUPIED,OCCUPIED,0.7493727774782615
955.0,cctv1,C1_S006,G006,EMPTY,MANEUVERING,0.49
955.0,cctv2,C2_S001,G007,OCCUPIED,OCCUPIED,0.8057896421714263
955.0,cctv2,C2_S002,G008,OCCUPIED,OCCUPIED,0.8281955393877897
955.0,cctv2,C2_S003,G009,EMPTY,MANEUVERING,0.3975397498363798
955.0,cctv2,C2_S004,G010,OCCUPIED,OCCUPIED,0.7907897979021073
955.0,cctv2,C2_S005,G001,EMPTY,EMPTY,0.01
955.0,cctv2,C2_S006,G003,OCCUPIED,LEAVING,0.8194103514606303
955.0,cctv2,C2_S007,G004,OCCUPIED,OCCUPIED,0.7916708795861765
955.0,cctv2,C2_S008,G006,OCCUPIED,LEAVING,0.7702343455092474
955.0,cctv2,C2_S009,G005,OCCUPIED,LEAVING,0.795879366722974
955.0,cctv2,C2_S010,G002,EMPTY,EMPTY,0.01
955.0,cctv2,C2_S011,G017,OCCUPIED,OCCUPIED,0.7313914153792642
955.0,cctv2,C2_S012,G018,OCCUPIED,OCCUPIED,0.6873222305354747
955.0,cctv2,C2_S013,G019,OCCUPIED,OCCUPIED,0.8281603658741171
955.0,cctv2,C2_S014,G020,EMPTY,EMPTY,0.01
955.0,cctv3,C3_S001,G021,EMPTY,EMPTY,0.01
955.0,cctv3,C3_S002,G019,EMPTY,EMPTY,0.01
955.0,cctv3,C3_S003,G020,OCCUPIED,OCCUPIED,0.6440648475831205
955.0,cctv3,C3_S004,G024,OCCUPIED,OCCUPIED,0.818731793219393
955.0,cctv3,C3_S005,G025,OCCUPIED,OCCUPIED,0.7851043995131146
955.0,cctv3,C3_S006,G026,OCCUPIED,OCCUPIED,0.7548783471638507
955.0,cctv3,C3_S007,G027,EMPTY,EMPTY,0.01
955.0,cctv3,C3_S008,G028,EMPTY,EMPTY,0.01
955.0,cctv3,C3_S009,G029,EMPTY,MANEUVERING,0.49
955.0,cctv3,C3_S010,G007,EMPTY,EMPTY,0.2505740017782558
955.0,cctv3,C3_S011,G008,OCCUPIED,OCCUPIED,0.7691288654912602
955.0,cctv3,C3_S012,G009,OCCUPIED,OCCUPIED,0.8267077229239724
956.0,cctv1,C1_S001,G001,OCCUPIED,LEAVING,0.714526984918524
956.0,cctv1,C1_S002,G002,EMPTY,EMPTY,0.01
956.0,cctv1,C1_S003,G003,OCCUPIED,OCCUPIED,0.8366071988235821
956.0,cctv1,C1_S004,G004,OCCUPIED,OCCUPIED,0.7781700162725016
956.0,cctv1,C1_S005,G005,OCCUPIED,OCCUPIED,0.7494244498285381
956.0,cctv1,C1_S006,G006,EMPTY,MANEUVERING,0.49
956.0,cctv2,C2_S001,G007,OCCUPIED,OCCUPIED,0.8064969049258666
956.0,cctv2,C2_S002,G008,OCCUPIED,OCCUPIED,0.8282566864382137
956.0,cctv2,C2_S003,G009,EMPTY,MANEUVERING,0.3975397498363798
956.0,cctv2,C2_S004,G010,OCCUPIED,OCCUPIED,0.7888731839981946
956.0,cctv2,C2_S005,G001,EMPTY,EMPTY,0.01
956.0,cctv2,C2_S006,G003,OCCUPIED,LEAVING,0.8196463094516234
956.0,cctv2,C2_S007,G004,OCCUPIED,OCCUPIED,0.7915751816196875
956.0,cctv2,C2_S008,G006,OCCUPIED,LEAVING,0.7683312743224882
956.0,cctv2,C2_S009,G005,OCCUPIED,LEAVING,0.7971095968376507
956.0,cctv2,C2_S010,G002,EMPTY,EMPTY,0.01
956.0,cctv2,C2_S011,G017,OCCUPIED,OCCUPIED,0.7322028405088368
956.0,cctv2,C2_S012,G018,OCCUPIED,OCCUPIED,0.7238855532624505
956.0,cctv2,C2_S013,G019,OCCUPIED,OCCUPIED,0.8282858794385737
956.0,cctv2,C2_S014,G020,EMPTY,EMPTY,0.01
956.0,cctv3,C3_S001,G021,EMPTY,EMPTY,0.01
956.0,cctv3,C3_S002,G019,EMPTY,EMPTY,0.01
956.0,cctv3,C3_S003,G020,OCCUPIED,OCCUPIED,0.681385619377161
956.0,cctv3,C3_S004,G024,OCCUPIED,OCCUPIED,0.8191000540148129
956.0,cctv3,C3_S005,G025,OCCUPIED,OCCUPIED,0.7851692512631417
956.0,cctv3,C3_S006,G026,OCCUPIED,OCCUPIED,0.7553184058178556
956.0,cctv3,C3_S007,G027,EMPTY,EMPTY,0.01
956.0,cctv3,C3_S008,G028,EMPTY,EMPTY,0.01
956.0,cctv3,C3_S009,G029,EMPTY,MANEUVERING,0.49
956.0,cctv3,C3_S010,G007,EMPTY,EMPTY,0.01
956.0,cctv3,C3_S011,G008,OCCUPIED,OCCUPIED,0.805684627998959
956.0,cctv3,C3_S012,G009,OCCUPIED,OCCUPIED,0.8267354309558869
957.0,cctv1,C1_S001,G001,OCCUPIED,LEAVING,0.7152117557857525
957.0,cctv1,C1_S002,G002,EMPTY,EMPTY,0.01
957.0,cctv1,C1_S003,G003,OCCUPIED,OCCUPIED,0.8364965268156745
957.0,cctv1,C1_S004,G004,OCCUPIED,OCCUPIED,0.7772831198844043
957.0,cctv1,C1_S005,G005,OCCUPIED,OCCUPIED,0.74819761921059
957.0,cctv1,C1_S006,G006,EMPTY,MANEUVERING,0.49
957.0,cctv2,C2_S001,G007,OCCUPIED,OCCUPIED,0.805809464508837
957.0,cctv2,C2_S002,G008,OCCUPIED,OCCUPIED,0.8287034156647596
957.0,cctv2,C2_S003,G009,EMPTY,MANEUVERING,0.3136093039302663
957.0,cctv2,C2_S004,G010,OCCUPIED,OCCUPIED,0.7909607037901879
957.0,cctv2,C2_S005,G001,EMPTY,EMPTY,0.01
957.0,cctv2,C2_S006,G003,OCCUPIED,OCCUPIED,0.8000023239309138
957.0,cctv2,C2_S007,G004,OCCUPIED,OCCUPIED,0.790611260722984
957.0,cctv2,C2_S008,G006,OCCUPIED,LEAVING,0.7670317875390704
957.0,cctv2,C2_S009,G005,OCCUPIED,LEAVING,0.798995409228585
957.0,cctv2,C2_S010,G002,EMPTY,EMPTY,0.01
957.0,cctv2,C2_S011,G017,OCCUPIED,OCCUPIED,0.7690247040174225
957.0,cctv2,C2_S012,G018,OCCUPIED,OCCUPIED,0.7606845580447804
957.0,cctv2,C2_S013,G019,OCCUPIED,OCCUPIED,0.8278262105855075
957.0,cctv2,C2_S014,G020,EMPTY,EMPTY,0.01
957.0,cctv3,C3_S001,G021,EMPTY,EMPTY,0.01
957.0,cctv3,C3_S002,G019,EMPTY,EMPTY,0.01
957.0,cctv3,C3_S003,G020,OCCUPIED,OCCUPIED,0.7182070515033874
957.0,cctv3,C3_S004,G024,OCCUPIED,OCCUPIED,0.8195384635166689
957.0,cctv3,C3_S005,G025,OCCUPIED,OCCUPIED,0.7852470129728318
957.0,cctv3,C3_S006,G026,OCCUPIED,OCCUPIED,0.7557199284434319
957.0,cctv3,C3_S007,G027,EMPTY,EMPTY,0.01
957.0,cctv3,C3_S008,G028,EMPTY,EMPTY,0.01
957.0,cctv3,C3_S009,G029,EMPTY,MANEUVERING,0.49
957.0,cctv3,C3_S010,G007,EMPTY,MANEUVERING,0.2989344788681377
957.0,cctv3,C3_S011,G008,OCCUPIED,LEAVING,0.7999805195765063
957.0,cctv3,C3_S012,G009,OCCUPIED,OCCUPIED,0.8265209802172402
958.0,cctv1,C1_S001,G001,OCCUPIED,OCCUPIED,0.7164417849887502
958.0,cctv1,C1_S002,G002,EMPTY,EMPTY,0.01
958.0,cctv1,C1_S003,G003,OCCUPIED,OCCUPIED,0.8365151779218154
958.0,cctv1,C1_S004,G004,OCCUPIED,OCCUPIED,0.7776866769248789
958.0,cctv1,C1_S005,G005,OCCUPIED,OCCUPIED,0.7499557621099733
958.0,cctv1,C1_S006,G006,EMPTY,MANEUVERING,0.4345357160192805
958.0,cctv2,C2_S001,G007,OCCUPIED,OCCUPIED,0.8044995353980499
958.0,cctv2,C2_S002,G008,OCCUPIED,OCCUPIED,0.8282209781083194
958.0,cctv2,C2_S003,G009,EMPTY,MANEUVERING,0.3950696463341062
958.0,cctv2,C2_S004,G010,OCCUPIED,OCCUPIED,0.7917720480398699
958.0,cctv2,C2_S005,G001,EMPTY,EMPTY,0.01
958.0,cctv2,C2_S006,G003,OCCUPIED,OCCUPIED,0.8030305689650697
958.0,cctv2,C2_S007,G004,OCCUPIED,OCCUPIED,0.789348031309518
958.0,cctv2,C2_S008,G006,OCCUPIED,LEAVING,0.7666997954926709
958.0,cctv2,C2_S009,G005,OCCUPIED,OCCUPIED,0.7952732874588534
958.0,cctv2,C2_S010,G002,EMPTY,EMPTY,0.01
958.0,cctv2,C2_S011,G017,OCCUPIED,OCCUPIED,0.8158866782080044
958.0,cctv2,C2_S012,G018,OCCUPIED,OCCUPIED,0.760683881234039
958.0,cctv2,C2_S013,G019,OCCUPIED,OCCUPIED,0.8288938955827193
958.0,cctv2,C2_S014,G020,EMPTY,EMPTY,0.01
958.0,cctv3,C3_S001,G021,EMPTY,EMPTY,0.01
958.0,cctv3,C3_S002,G019,EMPTY,EMPTY,0.01
958.0,cctv3,C3_S003,G020,OCCUPIED,OCCUPIED,0.7544920287349007
958.0,cctv3,C3_S004,G024,OCCUPIED,OCCUPIED,0.8210669885982167
958.0,cctv3,C3_S005,G025,OCCUPIED,OCCUPIED,0.7865998801859944
958.0,cctv3,C3_S006,G026,OCCUPIED,OCCUPIED,0.756142480806871
958.0,cctv3,C3_S007,G027,EMPTY,EMPTY,0.01
958.0,cctv3,C3_S008,G028,EMPTY,EMPTY,0.01
958.0,cctv3,C3_S009,G029,EMPTY,MANEUVERING,0.49
958.0,cctv3,C3_S010,G007,EMPTY,MANEUVERING,0.2989344788681377
958.0,cctv3,C3_S011,G008,OCCUPIED,LEAVING,0.7994636188853872
958.0,cctv3,C3_S012,G009,OCCUPIED,OCCUPIED,0.8260929890654305
959.0,cctv1,C1_S001,G001,OCCUPIED,OCCUPIED,0.7169777169484984
959.0,cctv1,C1_S002,G002,EMPTY,EMPTY,0.01
959.0,cctv1,C1_S003,G003,OCCUPIED,OCCUPIED,0.8365955271504143
959.0,cctv1,C1_S004,G004,OCCUPIED,OCCUPIED,0.7786132248965177
959.0,cctv1,C1_S005,G005,OCCUPIED,OCCUPIED,0.7492919978770344
959.0,cctv1,C1_S006,G006,EMPTY,MANEUVERING,0.4798697340623899
959.0,cctv2,C2_S001,G007,OCCUPIED,OCCUPIED,0.8050798305056313
959.0,cctv2,C2_S002,G008,OCCUPIED,OCCUPIED,0.8280470051548698
959.0,cctv2,C2_S003,G009,EMPTY,MANEUVERING,0.3638950114189224
959.0,cctv2,C2_S004,G010,OCCUPIED,OCCUPIED,0.7914328054948288
959.0,cctv2,C2_S005,G001,EMPTY,EMPTY,0.01
959.0,cctv2,C2_S006,G003,OCCUPIED,OCCUPIED,0.8057067646763542
959.0,cctv2,C2_S007,G004,OCCUPIED,OCCUPIED,0.7881604271856222
959.0,cctv2,C2_S008,G006,OCCUPIED,LEAVING,0.7662615168501031
959.0,cctv2,C2_S009,G005,OCCUPIED,OCCUPIED,0.8012428841807626
959.0,cctv2,C2_S010,G002,EMPTY,EMPTY,0.01
959.0,cctv2,C2_S011,G017,OCCUPIED,OCCUPIED,0.8157939160412009
959.0,cctv2,C2_S012,G018,OCCUPIED,OCCUPIED,0.7972381990064275
959.0,cctv2,C2_S013,G019,OCCUPIED,OCCUPIED,0.8296624744480308
959.0,cctv2,C2_S014,G020,EMPTY,EMPTY,0.01
959.0,cctv3,C3_S001,G021,EMPTY,EMPTY,0.01
959.0,cctv3,C3_S002,G019,EMPTY,EMPTY,0.01
959.0,cctv3,C3_S003,G020,OCCUPIED,OCCUPIED,0.7873599984158169
959.0,cctv3,C3_S004,G024,OCCUPIED,OCCUPIED,0.8213773835789074
959.0,cctv3,C3_S005,G025,OCCUPIED,OCCUPIED,0.7855791208418934
959.0,cctv3,C3_S006,G026,OCCUPIED,OCCUPIED,0.7561779912222516
959.0,cctv3,C3_S007,G027,EMPTY,EMPTY,0.01
959.0,cctv3,C3_S008,G028,EMPTY,EMPTY,0.01
959.0,cctv3,C3_S009,G029,EMPTY,MANEUVERING,0.49
959.0,cctv3,C3_S010,G007,EMPTY,MANEUVERING,0.2989344788681377
959.0,cctv3,C3_S011,G008,OCCUPIED,LEAVING,0.7992668113925241
959.0,cctv3,C3_S012,G009,OCCUPIED,OCCUPIED,0.8262891390106896
960.0,cctv1,C1_S001,G001,OCCUPIED,OCCUPIED,0.7151230335641992
960.0,cctv1,C1_S002,G002,EMPTY,EMPTY,0.01
960.0,cctv1,C1_S003,G003,OCCUPIED,OCCUPIED,0.836615188555284
960.0,cctv1,C1_S004,G004,OCCUPIED,OCCUPIED,0.7778487335551869
960.0,cctv1,C1_S005,G005,OCCUPIED,OCCUPIED,0.7488921735774388
960.0,cctv1,C1_S006,G006,EMPTY,MANEUVERING,0.4802812417625607
960.0,cctv2,C2_S001,G007,OCCUPIED,OCCUPIED,0.8044664718888024
960.0,cctv2,C2_S002,G008,OCCUPIED,OCCUPIED,0.8282774052836679
960.0,cctv2,C2_S003,G009,EMPTY,MANEUVERING,0.3221002488109198
960.0,cctv2,C2_S004,G010,OCCUPIED,OCCUPIED,0.7911467332731594
960.0,cctv2,C2_S005,G001,EMPTY,EMPTY,0.01
960.0,cctv2,C2_S006,G003,OCCUPIED,OCCUPIED,0.8104972798896559
960.0,cctv2,C2_S007,G004,OCCUPIED,OCCUPIED,0.7924721574241466
960.0,cctv2,C2_S008,G006,OCCUPIED,LEAVING,0.7680465779521249
960.0,cctv2,C2_S009,G005,OCCUPIED,OCCUPIED,0.799658448045904
960.0,cctv2,C2_S010,G002,EMPTY,EMPTY,0.01
960.0,cctv2,C2_S011,G017,OCCUPIED,OCCUPIED,0.8142587463964116
960.0,cctv2,C2_S012,G018,OCCUPIED,OCCUPIED,0.7975478738546372
960.0,cctv2,C2_S013,G019,OCCUPIED,OCCUPIED,0.7489468814839016
960.0,cctv2,C2_S014,G020,EMPTY,EMPTY,0.01
960.0,cctv3,C3_S001,G021,EMPTY,EMPTY,0.01
960.0,cctv3,C3_S002,G019,EMPTY,EMPTY,0.01
960.0,cctv3,C3_S003,G020,OCCUPIED,OCCUPIED,0.8237295532768424
960.0,cctv3,C3_S004,G024,OCCUPIED,OCCUPIED,0.8213245497508483
960.0,cctv3,C3_S005,G025,OCCUPIED,OCCUPIED,0.7852949107235129
960.0,cctv3,C3_S006,G026,OCCUPIED,OCCUPIED,0.7558412780815905
960.0,cctv3,C3_S007,G027,EMPTY,EMPTY,0.01
960.0,cctv3,C3_S008,G028,EMPTY,EMPTY,0.01
960.0,cctv3,C3_S009,G029,EMPTY,MANEUVERING,0.49
960.0,cctv3,C3_S010,G007,EMPTY,MANEUVERING,0.2989344788681377
960.0,cctv3,C3_S011,G008,OCCUPIED,LEAVING,0.7986391452225773
960.0,cctv3,C3_S012,G009,OCCUPIED,OCCUPIED,0.8260285502130336
961.0,cctv1,C1_S001,G001,OCCUPIED,OCCUPIED,0.749420593137091
961.0,cctv1,C1_S002,G002,EMPTY,EMPTY,0.01
961.0,cctv1,C1_S003,G003,OCCUPIED,OCCUPIED,0.8366963562640277
961.0,cctv1,C1_S004,G004,OCCUPIED,OCCUPIED,0.7773468694903635
961.0,cctv1,C1_S005,G005,OCCUPIED,OCCUPIED,0.7479755814779889
961.0,cctv1,C1_S006,G006,EMPTY,MANEUVERING,0.49
961.0,cctv2,C2_S001,G007,OCCUPIED,OCCUPIED,0.7226050122488629
961.0,cctv2,C2_S002,G008,OCCUPIED,OCCUPIED,0.8285713932730936
961.0,cctv2,C2_S003,G009,EMPTY,MANEUVERING,0.3221002488109198
961.0,cctv2,C2_S004,G010,OCCUPIED,OCCUPIED,0.7915079634297979
961.0,cctv2,C2_S005,G001,EMPTY,EMPTY,0.01
961.0,cctv2,C2_S006,G003,OCCUPIED,OCCUPIED,0.821851073070006
961.0,cctv2,C2_S007,G004,OCCUPIED,OCCUPIED,0.7880804221738469
961.0,cctv2,C2_S008,G006,OCCUPIED,OCCUPIED,0.7607696961272847
961.0,cctv2,C2_S009,G005,OCCUPIED,OCCUPIED,0.798013871908188
961.0,cctv2,C2_S010,G002,EMPTY,EMPTY,0.01
961.0,cctv2,C2_S011,G017,OCCUPIED,OCCUPIED,0.8134536399082705
961.0,cctv2,C2_S012,G018,OCCUPIED,OCCUPIED,0.7975051300092177
961.0,cctv2,C2_S013,G019,OCCUPIED,OCCUPIED,0.745908426832069
961.0,cctv2,C2_S014,G020,EMPTY,EMPTY,0.01
961.0,cctv3,C3_S001,G021,EMPTY,EMPTY,0.01
961.0,cctv3,C3_S002,G019,EMPTY,EMPTY,0.01
961.0,cctv3,C3_S003,G020,OCCUPIED,OCCUPIED,0.825969328663566
961.0,cctv3,C3_S004,G024,OCCUPIED,OCCUPIED,0.8204452249136839
961.0,cctv3,C3_S005,G025,OCCUPIED,OCCUPIED,0.7825869866392829
961.0,cctv3,C3_S006,G026,OCCUPIED,OCCUPIED,0.7579699596220797
961.0,cctv3,C3_S007,G027,EMPTY,EMPTY,0.01
961.0,cctv3,C3_S008,G028,EMPTY,EMPTY,0.01
961.0,cctv3,C3_S009,G029,EMPTY,MANEUVERING,0.49
961.0,cctv3,C3_S010,G007,EMPTY,MANEUVERING,0.2539344788681377
961.0,cctv3,C3_S011,G008,OCCUPIED,LEAVING,0.7984150003303182
961.0,cctv3,C3_S012,G009,OCCUPIED,OCCUPIED,0.825983074578372
962.0,cctv1,C1_S001,G001,OCCUPIED,LEAVING,0.743291282450611
962.0,cctv1,C1_S002,G002,EMPTY,EMPTY,0.01
962.0,cctv1,C1_S003,G003,OCCUPIED,OCCUPIED,0.836710967800834
962.0,cctv1,C1_S004,G004,OCCUPIED,OCCUPIED,0.7780953659252687
962.0,cctv1,C1_S005,G005,OCCUPIED,OCCUPIED,0.7475339955904268
962.0,cctv1,C1_S006,G006,EMPTY,MANEUVERING,0.49
962.0,cctv2,C2_S001,G007,OCCUPIED,OCCUPIED,0.7199114601720463
962.0,cctv2,C2_S002,G008,OCCUPIED,OCCUPIED,0.8294073069637473
962.0,cctv2,C2_S003,G009,EMPTY,MANEUVERING,0.2549053726277568
962.0,cctv2,C2_S004,G010,OCCUPIED,OCCUPIED,0.79056259366599
962.0,cctv2,C2_S005,G001,EMPTY,EMPTY,0.01
962.0,cctv2,C2_S006,G003,OCCUPIED,OCCUPIED,0.8196724861860276
962.0,cctv2,C2_S007,G004,OCCUPIED,OCCUPIED,0.7911206357858398
962.0,cctv2,C2_S008,G006,OCCUPIED,OCCUPIED,0.7571961597962813
962.0,cctv2,C2_S009,G005,OCCUPIED,OCCUPIED,0.7963150826367466
962.0,cctv2,C2_S010,G002,EMPTY,EMPTY,0.01
962.0,cctv2,C2_S011,G017,OCCUPIED,OCCUPIED,0.8126957988197154
962.0,cctv2,C2_S012,G018,OCCUPIED,OCCUPIED,0.7990009792826394
962.0,cctv2,C2_S013,G019,OCCUPIED,OCCUPIED,0.7421908171881328
962.0,cctv2,C2_S014,G020,EMPTY,EMPTY,0.01
962.0,cctv3,C3_S001,G021,EMPTY,EMPTY,0.01
962.0,cctv3,C3_S002,G019,EMPTY,EMPTY,0.01
962.0,cctv3,C3_S003,G020,OCCUPIED,OCCUPIED,0.8253692859953101
962.0,cctv3,C3_S004,G024,OCCUPIED,OCCUPIED,0.8144182524897836
962.0,cctv3,C3_S005,G025,OCCUPIED,OCCUPIED,0.7793758476322348
962.0,cctv3,C3_S006,G026,OCCUPIED,OCCUPIED,0.7630645352331076
962.0,cctv3,C3_S007,G027,EMPTY,EMPTY,0.01
962.0,cctv3,C3_S008,G028,EMPTY,EMPTY,0.01
962.0,cctv3,C3_S009,G029,EMPTY,MANEUVERING,0.49
962.0,cctv3,C3_S010,G007,EMPTY,MANEUVERING,0.2539344788681377
962.0,cctv3,C3_S011,G008,OCCUPIED,LEAVING,0.7978128525343808
962.0,cctv3,C3_S012,G009,OCCUPIED,OCCUPIED,0.8253656658259305
963.0,cctv1,C1_S001,G001,OCCUPIED,OCCUPIED,0.7343796681951393
963.0,cctv1,C1_S002,G002,EMPTY,EMPTY,0.01
963.0,cctv1,C1_S003,G003,OCCUPIED,OCCUPIED,0.8367150992155076
963.0,cctv1,C1_S004,G004,OCCUPIED,OCCUPIED,0.7771363697268747
963.0,cctv1,C1_S005,G005,OCCUPIED,OCCUPIED,0.7467694607647983
963.0,cctv1,C1_S006,G006,EMPTY,MANEUVERING,0.49
963.0,cctv2,C2_S001,G007,OCCUPIED,OCCUPIED,0.7221080722321164
963.0,cctv2,C2_S002,G008,OCCUPIED,OCCUPIED,0.8300362353975124
963.0,cctv2,C2_S003,G009,EMPTY,MANEUVERING,0.2549053726277568
963.0,cctv2,C2_S004,G010,OCCUPIED,OCCUPIED,0.7905132402073254
963.0,cctv2,C2_S005,G001,EMPTY,EMPTY,0.01
963.0,cctv2,C2_S006,G003,OCCUPIED,OCCUPIED,0.8175452408465473
963.0,cctv2,C2_S007,G004,OCCUPIED,OCCUPIED,0.7902046581560915
963.0,cctv2,C2_S008,G006,OCCUPIED,OCCUPIED,0.7551374355500395
963.0,cctv2,C2_S009,G005,OCCUPIED,OCCUPIED,0.7965004476633939
963.0,cctv2,C2_S010,G002,EMPTY,EMPTY,0.01
963.0,cctv2,C2_S011,G017,OCCUPIED,OCCUPIED,0.8118973498994655
963.0,cctv2,C2_S012,G018,OCCUPIED,OCCUPIED,0.800569262829694
963.0,cctv2,C2_S013,G019,OCCUPIED,OCCUPIED,0.6595743882475478
963.0,cctv2,C2_S014,G020,EMPTY,EMPTY,0.01
963.0,cctv3,C3_S001,G021,EMPTY,EMPTY,0.01
963.0,cctv3,C3_S002,G019,EMPTY,EMPTY,0.01
963.0,cctv3,C3_S003,G020,OCCUPIED,OCCUPIED,0.8246545813300393
963.0,cctv3,C3_S004,G024,OCCUPIED,OCCUPIED,0.8130706903609364
963.0,cctv3,C3_S005,G025,OCCUPIED,OCCUPIED,0.7813707064498555
963.0,cctv3,C3_S006,G026,OCCUPIED,OCCUPIED,0.7682990355925127
963.0,cctv3,C3_S007,G027,EMPTY,EMPTY,0.01
963.0,cctv3,C3_S008,G028,EMPTY,EMPTY,0.01
963.0,cctv3,C3_S009,G029,EMPTY,MANEUVERING,0.49
963.0,cctv3,C3_S010,G007,EMPTY,MANEUVERING,0.2539344788681377
963.0,cctv3,C3_S011,G008,OCCUPIED,LEAVING,0.7965027007189664
963.0,cctv3,C3_S012,G009,OCCUPIED,OCCUPIED,0.8248451457782225
964.0,cctv1,C1_S001,G001,OCCUPIED,OCCUPIED,0.7314976577731697
964.0,cctv1,C1_S002,G002,EMPTY,EMPTY,0.01
964.0,cctv1,C1_S003,G003,OCCUPIED,OCCUPIED,0.8367209228602324
964.0,cctv1,C1_S004,G004,OCCUPIED,OCCUPIED,0.7782097503542901
964.0,cctv1,C1_S005,G005,OCCUPIED,OCCUPIED,0.7474101234566082
964.0,cctv1,C1_S006,G006,EMPTY,MANEUVERING,0.49
964.0,cctv2,C2_S001,G007,OCCUPIED,OCCUPIED,0.7199571122635495
964.0,cctv2,C2_S002,G008,OCCUPIED,OCCUPIED,0.8306488275527955
964.0,cctv2,C2_S003,G009,EMPTY,MANEUVERING,0.2050019250403751
964.0,cctv2,C2_S004,G010,OCCUPIED,OCCUPIED,0.7891000712459738
964.0,cctv2,C2_S005,G001,EMPTY,EMPTY,0.01
964.0,cctv2,C2_S006,G003,OCCUPIED,OCCUPIED,0.8169004434889013
964.0,cctv2,C2_S007,G004,OCCUPIED,OCCUPIED,0.7868331502784383
964.0,cctv2,C2_S008,G006,OCCUPIED,OCCUPIED,0.7531018644571305
964.0,cctv2,C2_S009,G005,OCCUPIED,OCCUPIED,0.7930598716844213
964.0,cctv2,C2_S010,G002,EMPTY,EMPTY,0.01
964.0,cctv2,C2_S011,G017,OCCUPIED,OCCUPIED,0.8098462540994992
964.0,cctv2,C2_S012,G018,OCCUPIED,OCCUPIED,0.8006828803907742
964.0,cctv2,C2_S013,G019,OCCUPIED,OCCUPIED,0.6216148467090997
964.0,cctv2,C2_S014,G020,EMPTY,EMPTY,0.01
964.0,cctv3,C3_S001,G021,EMPTY,EMPTY,0.01
964.0,cctv3,C3_S002,G019,EMPTY,EMPTY,0.01
964.0,cctv3,C3_S003,G020,OCCUPIED,OCCUPIED,0.8249516717412255
964.0,cctv3,C3_S004,G024,OCCUPIED,OCCUPIED,0.812801307168874
964.0,cctv3,C3_S005,G025,OCCUPIED,OCCUPIED,0.7837103242223914
964.0,cctv3,C3_S006,G026,OCCUPIED,OCCUPIED,0.7732754659923641
964.0,cctv3,C3_S007,G027,EMPTY,EMPTY,0.01
964.0,cctv3,C3_S008,G028,EMPTY,EMPTY,0.01
964.0,cctv3,C3_S009,G029,EMPTY,MANEUVERING,0.49
964.0,cctv3,C3_S010,G007,EMPTY,MANEUVERING,0.2539344788681377
964.0,cctv3,C3_S011,G008,OCCUPIED,LEAVING,0.7971476232463663
964.0,cctv3,C3_S012,G009,OCCUPIED,OCCUPIED,0.8247016866098751
965.0,cctv1,C1_S001,G001,OCCUPIED,OCCUPIED,0.728795744275505
965.0,cctv1,C1_S002,G002,EMPTY,EMPTY,0.01
965.0,cctv1,C1_S003,G003,OCCUPIED,OCCUPIED,0.8367157909003171
965.0,cctv1,C1_S004,G004,OCCUPIED,OCCUPIED,0.7797442161224106
965.0,cctv1,C1_S005,G005,OCCUPIED,OCCUPIED,0.7466256029226563
965.0,cctv1,C1_S006,G006,EMPTY,MANEUVERING,0.49
965.0,cctv2,C2_S001,G007,OCCUPIED,OCCUPIED,0.7644387288797986
965.0,cctv2,C2_S002,G008,OCCUPIED,OCCUPIED,0.8310207784175874
965.0,cctv2,C2_S003,G009,EMPTY,MANEUVERING,0.2050019250403751
965.0,cctv2,C2_S004,G010,OCCUPIED,OCCUPIED,0.7877607142383403
965.0,cctv2,C2_S005,G001,EMPTY,EMPTY,0.01
965.0,cctv2,C2_S006,G003,OCCUPIED,OCCUPIED,0.8155371684919704
965.0,cctv2,C2_S007,G004,OCCUPIED,OCCUPIED,0.7859952663833445
965.0,cctv2,C2_S008,G006,OCCUPIED,OCCUPIED,0.7518047083507885
965.0,cctv2,C2_S009,G005,OCCUPIED,OCCUPIED,0.7919867019761693
965.0,cctv2,C2_S010,G002,EMPTY,EMPTY,0.01
965.0,cctv2,C2_S011,G017,OCCUPIED,OCCUPIED,0.8098151941191067
965.0,cctv2,C2_S012,G018,OCCUPIED,OCCUPIED,0.803607707402923
965.0,cctv2,C2_S013,G019,OCCUPIED,OCCUPIED,0.537989827471894
965.0,cctv2,C2_S014,G020,EMPTY,EMPTY,0.01
965.0,cctv3,C3_S001,G021,EMPTY,EMPTY,0.01
965.0,cctv3,C3_S002,G019,EMPTY,EMPTY,0.01
965.0,cctv3,C3_S003,G020,OCCUPIED,OCCUPIED,0.823476742072539
965.0,cctv3,C3_S004,G024,OCCUPIED,LEAVING,0.8108765027739786
965.0,cctv3,C3_S005,G025,OCCUPIED,OCCUPIED,0.7826558702371338
965.0,cctv3,C3_S006,G026,OCCUPIED,OCCUPIED,0.7783003098585389
965.0,cctv3,C3_S007,G027,EMPTY,EMPTY,0.01
965.0,cctv3,C3_S008,G028,EMPTY,EMPTY,0.01
965.0,cctv3,C3_S009,G029,EMPTY,MANEUVERING,0.49
965.0,cctv3,C3_S010,G007,EMPTY,MANEUVERING,0.2539344788681377
965.0,cctv3,C3_S011,G008,OCCUPIED,LEAVING,0.7983655387705023
965.0,cctv3,C3_S012,G009,OCCUPIED,OCCUPIED,0.8245845293456858
966.0,cctv1,C1_S001,G001,OCCUPIED,OCCUPIED,0.7281941026449205
966.0,cctv1,C1_S002,G002,EMPTY,EMPTY,0.01
966.0,cctv1,C1_S003,G003,OCCUPIED,OCCUPIED,0.8365259246392684
966.0,cctv1,C1_S004,G004,OCCUPIED,OCCUPIED,0.7817545590075581
966.0,cctv1,C1_S005,G005,OCCUPIED,OCCUPIED,0.7465588500553912
966.0,cctv1,C1_S006,G006,EMPTY,MANEUVERING,0.49
966.0,cctv2,C2_S001,G007,OCCUPIED,OCCUPIED,0.7629213397611272
966.0,cctv2,C2_S002,G008,OCCUPIED,OCCUPIED,0.831409414248033
966.0,cctv2,C2_S003,G009,EMPTY,MANEUVERING,0.2050019250403751
966.0,cctv2,C2_S004,G010,OCCUPIED,OCCUPIED,0.786330413276499
966.0,cctv2,C2_S005,G001,EMPTY,EMPTY,0.01
966.0,cctv2,C2_S006,G003,OCCUPIED,OCCUPIED,0.8150378687815233
966.0,cctv2,C2_S007,G004,OCCUPIED,OCCUPIED,0.785540167039091
966.0,cctv2,C2_S008,G006,OCCUPIED,OCCUPIED,0.7511575770649044
966.0,cctv2,C2_S009,G005,OCCUPIED,OCCUPIED,0.7918476855212992
966.0,cctv2,C2_S010,G002,EMPTY,EMPTY,0.01
966.0,cctv2,C2_S011,G017,OCCUPIED,OCCUPIED,0.8096110950816762
966.0,cctv2,C2_S012,G018,OCCUPIED,OCCUPIED,0.7233554505218159
966.0,cctv2,C2_S013,G019,OCCUPIED,LEAVING,0.5356831813632668
966.0,cctv2,C2_S014,G020,EMPTY,EMPTY,0.01
966.0,cctv3,C3_S001,G021,EMPTY,EMPTY,0.01
966.0,cctv3,C3_S002,G019,EMPTY,EMPTY,0.01
966.0,cctv3,C3_S003,G020,OCCUPIED,OCCUPIED,0.8215847711671483
966.0,cctv3,C3_S004,G024,OCCUPIED,LEAVING,0.8095096238634804
966.0,cctv3,C3_S005,G025,OCCUPIED,OCCUPIED,0.7849323870106177
966.0,cctv3,C3_S006,G026,OCCUPIED,OCCUPIED,0.7840520823543723
966.0,cctv3,C3_S007,G027,EMPTY,EMPTY,0.01
966.0,cctv3,C3_S008,G028,EMPTY,EMPTY,0.01
966.0,cctv3,C3_S009,G029,EMPTY,MANEUVERING,0.49
966.0,cctv3,C3_S010,G007,EMPTY,MANEUVERING,0.2539344788681377
966.0,cctv3,C3_S011,G008,OCCUPIED,LEAVING,0.797488361326131
966.0,cctv3,C3_S012,G009,OCCUPIED,OCCUPIED,0.8229539746587927
967.0,cctv1,C1_S001,G001,OCCUPIED,OCCUPIED,0.7275604392994535
967.0,cctv1,C1_S002,G002,EMPTY,EMPTY,0.01
967.0,cctv1,C1_S003,G003,OCCUPIED,OCCUPIED,0.8365410888736899
967.0,cctv1,C1_S004,G004,OCCUPIED,OCCUPIED,0.7833653055808761
967.0,cctv1,C1_S005,G005,OCCUPIED,OCCUPIED,0.7468224632469092
967.0,cctv1,C1_S006,G006,EMPTY,MANEUVERING,0.4637242783402854
967.0,cctv2,C2_S001,G007,OCCUPIED,OCCUPIED,0.7624487550963055
967.0,cctv2,C2_S002,G008,OCCUPIED,OCCUPIED,0.8324734034863386
967.0,cctv2,C2_S003,G009,EMPTY,MANEUVERING,0.2050019250403751
967.0,cctv2,C2_S004,G010,OCCUPIED,OCCUPIED,0.7876873281869022
967.0,cctv2,C2_S005,G001,EMPTY,EMPTY,0.01
967.0,cctv2,C2_S006,G003,OCCUPIED,OCCUPIED,0.8146666754375805
967.0,cctv2,C2_S007,G004,OCCUPIED,OCCUPIED,0.7851838770237837
967.0,cctv2,C2_S008,G006,OCCUPIED,OCCUPIED,0.7504619790749117
967.0,cctv2,C2_S009,G005,OCCUPIED,OCCUPIED,0.7912308774211191
967.0,cctv2,C2_S010,G002,EMPTY,EMPTY,0.01
967.0,cctv2,C2_S011,G017,OCCUPIED,OCCUPIED,0.8098148722540249
967.0,cctv2,C2_S012,G018,OCCUPIED,OCCUPIED,0.7216268767822873
967.0,cctv2,C2_S013,G019,OCCUPIED,LEAVING,0.51
967.0,cctv2,C2_S014,G020,EMPTY,EMPTY,0.01
967.0,cctv3,C3_S001,G021,EMPTY,EMPTY,0.01
967.0,cctv3,C3_S002,G019,EMPTY,EMPTY,0.01
967.0,cctv3,C3_S003,G020,OCCUPIED,OCCUPIED,0.8207162962718444
967.0,cctv3,C3_S004,G024,OCCUPIED,LEAVING,0.8080807103352113
967.0,cctv3,C3_S005,G025,OCCUPIED,OCCUPIED,0.788137226890434
967.0,cctv3,C3_S006,G026,OCCUPIED,OCCUPIED,0.7897589944980362
967.0,cctv3,C3_S007,G027,EMPTY,EMPTY,0.01
967.0,cctv3,C3_S008,G028,EMPTY,EMPTY,0.01
967.0,cctv3,C3_S009,G029,EMPTY,MANEUVERING,0.49
967.0,cctv3,C3_S010,G007,EMPTY,MANEUVERING,0.2539344788681377
967.0,cctv3,C3_S011,G008,OCCUPIED,LEAVING,0.7967444173314355
967.0,cctv3,C3_S012,G009,OCCUPIED,OCCUPIED,0.8229095304554159
968.0,cctv1,C1_S001,G001,OCCUPIED,OCCUPIED,0.7282052518969233
968.0,cctv1,C1_S002,G002,EMPTY,EMPTY,0.01
968.0,cctv1,C1_S003,G003,OCCUPIED,OCCUPIED,0.8366765688766133
968.0,cctv1,C1_S004,G004,OCCUPIED,OCCUPIED,0.7858712906187232
968.0,cctv1,C1_S005,G005,OCCUPIED,OCCUPIED,0.7465327556160364
968.0,cctv1,C1_S006,G006,EMPTY,MANEUVERING,0.4187242783402854
968.0,cctv2,C2_S001,G007,OCCUPIED,OCCUPIED,0.7620398460734975
968.0,cctv2,C2_S002,G008,OCCUPIED,OCCUPIED,0.8334527665918524
968.0,cctv2,C2_S003,G009,EMPTY,MANEUVERING,0.2050019250403751
968.0,cctv2,C2_S004,G010,OCCUPIED,OCCUPIED,0.7885015298019756
968.0,cctv2,C2_S005,G001,EMPTY,EMPTY,0.01
968.0,cctv2,C2_S006,G003,OCCUPIED,OCCUPIED,0.8140793472528458
968.0,cctv2,C2_S007,G004,OCCUPIED,OCCUPIED,0.7849045217037202
968.0,cctv2,C2_S008,G006,OCCUPIED,OCCUPIED,0.7493419979106297
968.0,cctv2,C2_S009,G005,OCCUPIED,OCCUPIED,0.7907107036222112
968.0,cctv2,C2_S010,G002,EMPTY,EMPTY,0.01
968.0,cctv2,C2_S011,G017,OCCUPIED,OCCUPIED,0.8107161684469744
968.0,cctv2,C2_S012,G018,OCCUPIED,OCCUPIED,0.7213586245883595
968.0,cctv2,C2_S013,G019,OCCUPIED,LEAVING,0.51
968.0,cctv2,C2_S014,G020,EMPTY,EMPTY,0.01
968.0,cctv3,C3_S001,G021,EMPTY,EMPTY,0.01
968.0,cctv3,C3_S002,G019,EMPTY,EMPTY,0.01
968.0,cctv3,C3_S003,G020,OCCUPIED,OCCUPIED,0.816566241871227
968.0,cctv3,C3_S004,G024,OCCUPIED,LEAVING,0.8051418204199184
968.0,cctv3,C3_S005,G025,OCCUPIED,OCCUPIED,0.7922889028083195
968.0,cctv3,C3_S006,G026,OCCUPIED,OCCUPIED,0.7957395533269103
968.0,cctv3,C3_S007,G027,EMPTY,EMPTY,0.01
968.0,cctv3,C3_S008,G028,EMPTY,MANEUVERING,0.216031203601848
968.0,cctv3,C3_S009,G029,EMPTY,MANEUVERING,0.49
968.0,cctv3,C3_S010,G007,EMPTY,EMPTY,0.01
968.0,cctv3,C3_S011,G008,OCCUPIED,LEAVING,0.8026933521032334
968.0,cctv3,C3_S012,G009,OCCUPIED,OCCUPIED,0.8227372578599237
969.0,cctv1,C1_S001,G001,OCCUPIED,OCCUPIED,0.7276039223779333
969.0,cctv1,C1_S002,G002,EMPTY,EMPTY,0.01
969.0,cctv1,C1_S003,G003,OCCUPIED,OCCUPIED,0.8367059073664926
969.0,cctv1,C1_S004,G004,OCCUPIED,OCCUPIED,0.7862522585825488
969.0,cctv1,C1_S005,G005,OCCUPIED,OCCUPIED,0.7469955654984172
969.0,cctv1,C1_S006,G006,EMPTY,MANEUVERING,0.3737242783402854
969.0,cctv2,C2_S001,G007,OCCUPIED,OCCUPIED,0.7619473581422459
969.0,cctv2,C2_S002,G008,OCCUPIED,OCCUPIED,0.8341141139919108
969.0,cctv2,C2_S003,G009,EMPTY,EMPTY,0.01
969.0,cctv2,C2_S004,G010,OCCUPIED,OCCUPIED,0.7901768871329048
969.0,cctv2,C2_S005,G001,EMPTY,EMPTY,0.01
969.0,cctv2,C2_S006,G003,OCCUPIED,OCCUPIED,0.8142334507270294
969.0,cctv2,C2_S007,G004,OCCUPIED,OCCUPIED,0.7856089226224207
969.0,cctv2,C2_S008,G006,OCCUPIED,OCCUPIED,0.7500069736079736
969.0,cctv2,C2_S009,G005,OCCUPIED,OCCUPIED,0.7912902420217341
969.0,cctv2,C2_S010,G002,EMPTY,EMPTY,0.01
969.0,cctv2,C2_S011,G017,OCCUPIED,OCCUPIED,0.8111344947056337
969.0,cctv2,C2_S012,G018,OCCUPIED,OCCUPIED,0.7214085047353398
969.0,cctv2,C2_S013,G019,OCCUPIED,LEAVING,0.51
969.0,cctv2,C2_S014,G020,EMPTY,EMPTY,0.01
969.0,cctv3,C3_S001,G021,EMPTY,EMPTY,0.01
969.0,cctv3,C3_S002,G019,EMPTY,EMPTY,0.01
969.0,cctv3,C3_S003,G020,OCCUPIED,OCCUPIED,0.8166796009648931
969.0,cctv3,C3_S004,G024,OCCUPIED,LEAVING,0.7223480324853551
969.0,cctv3,C3_S005,G025,OCCUPIED,OCCUPIED,0.7933775009079413
969.0,cctv3,C3_S006,G026,OCCUPIED,OCCUPIED,0.8011484992775051
969.0,cctv3,C3_S007,G027,EMPTY,EMPTY,0.01
969.0,cctv3,C3_S008,G028,EMPTY,MANEUVERING,0.216031203601848
969.0,cctv3,C3_S009,G029,EMPTY,MANEUVERING,0.49
969.0,cctv3,C3_S010,G007,EMPTY,EMPTY,0.01
969.0,cctv3,C3_S011,G008,OCCUPIED,LEAVING,0.8015445189042525
969.0,cctv3,C3_S012,G009,OCCUPIED,OCCUPIED,0.8219618661837145
970.0,cctv1,C1_S001,G001,OCCUPIED,OCCUPIED,0.7269379983571443
970.0,cctv1,C1_S002,G002,EMPTY,EMPTY,0.01
970.0,cctv1,C1_S003,G003,OCCUPIED,OCCUPIED,0.8366334812207656
970.0,cctv1,C1_S004,G004,OCCUPIED,OCCUPIED,0.7847629303281958
970.0,cctv1,C1_S005,G005,OCCUPIED,OCCUPIED,0.7487492449581624
970.0,cctv1,C1_S006,G006,EMPTY,MANEUVERING,0.3376862923259084
970.0,cctv2,C2_S001,G007,OCCUPIED,OCCUPIED,0.7604943339933049
970.0,cctv2,C2_S002,G008,OCCUPIED,OCCUPIED,0.8349173079837453
970.0,cctv2,C2_S003,G009,EMPTY,EMPTY,0.01
970.0,cctv2,C2_S004,G010,OCCUPIED,OCCUPIED,0.7893587069077925
970.0,cctv2,C2_S005,G001,EMPTY,EMPTY,0.01
970.0,cctv2,C2_S006,G003,OCCUPIED,OCCUPIED,0.8141968328844418
970.0,cctv2,C2_S007,G004,OCCUPIED,OCCUPIED,0.7852525797757236
970.0,cctv2,C2_S008,G006,OCCUPIED,OCCUPIED,0.7500773787498475
970.0,cctv2,C2_S009,G005,OCCUPIED,OCCUPIED,0.790227821469307
970.0,cctv2,C2_S010,G002,EMPTY,EMPTY,0.01
970.0,cctv2,C2_S011,G017,OCCUPIED,OCCUPIED,0.8110525873574345
970.0,cctv2,C2_S012,G018,OCCUPIED,OCCUPIED,0.7673652826655996
970.0,cctv2,C2_S013,G019,OCCUPIED,OCCUPIED,0.51
970.0,cctv2,C2_S014,G020,EMPTY,EMPTY,0.01
970.0,cctv3,C3_S001,G021,EMPTY,EMPTY,0.01
970.0,cctv3,C3_S002,G019,EMPTY,EMPTY,0.01
970.0,cctv3,C3_S003,G020,OCCUPIED,OCCUPIED,0.8205548337914728
970.0,cctv3,C3_S004,G024,OCCUPIED,LEAVING,0.7248916007984768
970.0,cctv3,C3_S005,G025,OCCUPIED,OCCUPIED,0.7968299306251787
970.0,cctv3,C3_S006,G026,OCCUPIED,OCCUPIED,0.8075556285002016
970.0,cctv3,C3_S007,G027,EMPTY,EMPTY,0.01
970.0,cctv3,C3_S008,G028,EMPTY,MANEUVERING,0.216031203601848
970.0,cctv3,C3_S009,G029,EMPTY,MANEUVERING,0.49
970.0,cctv3,C3_S010,G007,EMPTY,EMPTY,0.01
970.0,cctv3,C3_S011,G008,OCCUPIED,LEAVING,0.800532332875512
970.0,cctv3,C3_S012,G009,OCCUPIED,OCCUPIED,0.8216088346459649
971.0,cctv1,C1_S001,G001,OCCUPIED,OCCUPIED,0.7274766968732531
971.0,cctv1,C1_S002,G002,EMPTY,EMPTY,0.01
971.0,cctv1,C1_S003,G003,OCCUPIED,OCCUPIED,0.8365711921995337
971.0,cctv1,C1_S004,G004,OCCUPIED,OCCUPIED,0.7834096924825149
971.0,cctv1,C1_S005,G005,OCCUPIED,OCCUPIED,0.7505608247762378
971.0,cctv1,C1_S006,G006,EMPTY,MANEUVERING,0.3014487080513077
971.0,cctv2,C2_S001,G007,OCCUPIED,OCCUPIED,0.7595064576376569
971.0,cctv2,C2_S002,G008,OCCUPIED,OCCUPIED,0.8356438013640317
971.0,cctv2,C2_S003,G009,EMPTY,EMPTY,0.01
971.0,cctv2,C2_S004,G010,OCCUPIED,OCCUPIED,0.7903369995680722
971.0,cctv2,C2_S005,G001,EMPTY,EMPTY,0.01
971.0,cctv2,C2_S006,G003,OCCUPIED,OCCUPIED,0.8143512127074329
971.0,cctv2,C2_S007,G004,OCCUPIED,OCCUPIED,0.7853612279350108
971.0,cctv2,C2_S008,G006,OCCUPIED,OCCUPIED,0.7509114388715138
971.0,cctv2,C2_S009,G005,OCCUPIED,OCCUPIED,0.7909205889159984
971.0,cctv2,C2_S010,G002,EMPTY,EMPTY,0.01
971.0,cctv2,C2_S011,G017,OCCUPIED,OCCUPIED,0.8119480460882188
971.0,cctv2,C2_S012,G018,OCCUPIED,OCCUPIED,0.7675453554500233
971.0,cctv2,C2_S013,G019,OCCUPIED,OCCUPIED,0.51
971.0,cctv2,C2_S014,G020,EMPTY,EMPTY,0.01
971.0,cctv3,C3_S001,G021,EMPTY,EMPTY,0.01
971.0,cctv3,C3_S002,G019,EMPTY,EMPTY,0.01
971.0,cctv3,C3_S003,G020,OCCUPIED,OCCUPIED,0.8210175343535164
971.0,cctv3,C3_S004,G024,OCCUPIED,LEAVING,0.7273609979857099
971.0,cctv3,C3_S005,G025,OCCUPIED,LEAVING,0.799042091450908
971.0,cctv3,C3_S006,G026,OCCUPIED,OCCUPIED,0.8140856634486806
971.0,cctv3,C3_S007,G027,EMPTY,EMPTY,0.01
971.0,cctv3,C3_S008,G028,EMPTY,MANEUVERING,0.216031203601848
971.0,cctv3,C3_S009,G029,EMPTY,MANEUVERING,0.49
971.0,cctv3,C3_S010,G007,EMPTY,EMPTY,0.01
971.0,cctv3,C3_S011,G008,OCCUPIED,OCCUPIED,0.7995465405962685
971.0,cctv3,C3_S012,G009,OCCUPIED,OCCUPIED,0.8205332582647151
972.0,cctv1,C1_S001,G001,OCCUPIED,OCCUPIED,0.7273037342185324
972.0,cctv1,C1_S002,G002,EMPTY,EMPTY,0.01
972.0,cctv1,C1_S003,G003,OCCUPIED,OCCUPIED,0.8366197101094507
972.0,cctv1,C1_S004,G004,OCCUPIED,OCCUPIED,0.7829476157372649
972.0,cctv1,C1_S005,G005,OCCUPIED,OCCUPIED,0.750140973722393
972.0,cctv1,C1_S006,G006,EMPTY,MANEUVERING,0.2658057333799925
972.0,cctv2,C2_S001,G007,OCCUPIED,OCCUPIED,0.7957914187149568
972.0,cctv2,C2_S002,G008,OCCUPIED,OCCUPIED,0.8357723425735127
972.0,cctv2,C2_S003,G009,EMPTY,EMPTY,0.01
972.0,cctv2,C2_S004,G010,OCCUPIED,OCCUPIED,0.791459633274512
972.0,cctv2,C2_S005,G001,EMPTY,EMPTY,0.01
972.0,cctv2,C2_S006,G003,OCCUPIED,OCCUPIED,0.8149545878171921
972.0,cctv2,C2_S007,G004,OCCUPIED,OCCUPIED,0.7855388925834136
972.0,cctv2,C2_S008,G006,OCCUPIED,OCCUPIED,0.7511908397078515
972.0,cctv2,C2_S009,G005,OCCUPIED,OCCUPIED,0.7917984068393707
972.0,cctv2,C2_S010,G002,EMPTY,EMPTY,0.01
972.0,cctv2,C2_S011,G017,OCCUPIED,OCCUPIED,0.8123750708319925
972.0,cctv2,C2_S012,G018,OCCUPIED,OCCUPIED,0.7675725405324589
972.0,cctv2,C2_S013,G019,OCCUPIED,OCCUPIED,0.51
972.0,cctv2,C2_S014,G020,EMPTY,EMPTY,0.01
972.0,cctv3,C3_S001,G021,EMPTY,EMPTY,0.01
972.0,cctv3,C3_S002,G019,EMPTY,EMPTY,0.01
972.0,cctv3,C3_S003,G020,OCCUPIED,OCCUPIED,0.8211016224189238
972.0,cctv3,C3_S004,G024,OCCUPIED,LEAVING,0.7306278016079556
972.0,cctv3,C3_S005,G025,OCCUPIED,LEAVING,0.803954250026833
972.0,cctv3,C3_S006,G026,OCCUPIED,OCCUPIED,0.8195076774467123
972.0,cctv3,C3_S007,G027,EMPTY,EMPTY,0.01
972.0,cctv3,C3_S008,G028,EMPTY,MANEUVERING,0.171031203601848
972.0,cctv3,C3_S009,G029,EMPTY,MANEUVERING,0.49
972.0,cctv3,C3_S010,G007,EMPTY,EMPTY,0.01
972.0,cctv3,C3_S011,G008,OCCUPIED,OCCUPIED,0.7981190762736581
972.0,cctv3,C3_S012,G009,OCCUPIED,OCCUPIED,0.8188222494992343
973.0,cctv1,C1_S001,G001,OCCUPIED,OCCUPIED,0.7270805876363409
973.0,cctv1,C1_S002,G002,EMPTY,EMPTY,0.01
973.0,cctv1,C1_S003,G003,OCCUPIED,OCCUPIED,0.8365951077504592
973.0,cctv1,C1_S004,G004,OCCUPIED,OCCUPIED,0.7827001380649481
973.0,cctv1,C1_S005,G005,OCCUPIED,OCCUPIED,0.7504581274634059
973.0,cctv1,C1_S006,G006,EMPTY,MANEUVERING,0.346651844592257
973.0,cctv2,C2_S001,G007,OCCUPIED,OCCUPIED,0.7968625483187763
973.0,cctv2,C2_S002,G008,OCCUPIED,OCCUPIED,0.8356158218600533
973.0,cctv2,C2_S003,G009,EMPTY,EMPTY,0.01
973.0,cctv2,C2_S004,G010,OCCUPIED,OCCUPIED,0.7928665445609526
973.0,cctv2,C2_S005,G001,EMPTY,EMPTY,0.01
973.0,cctv2,C2_S006,G003,OCCUPIED,OCCUPIED,0.8156110324642876
973.0,cctv2,C2_S007,G004,OCCUPIED,OCCUPIED,0.7875766809691083
973.0,cctv2,C2_S008,G006,OCCUPIED,OCCUPIED,0.7514583140611649
973.0,cctv2,C2_S009,G005,OCCUPIED,OCCUPIED,0.7923390458930624
973.0,cctv2,C2_S010,G002,EMPTY,EMPTY,0.01
973.0,cctv2,C2_S011,G017,OCCUPIED,OCCUPIED,0.8127778451551091
973.0,cctv2,C2_S012,G018,OCCUPIED,OCCUPIED,0.7667366899956357
973.0,cctv2,C2_S013,G019,EMPTY,EMPTY,0.2759573013674129
973.0,cctv2,C2_S014,G020,EMPTY,EMPTY,0.01
973.0,cctv3,C3_S001,G021,EMPTY,EMPTY,0.01
973.0,cctv3,C3_S002,G019,EMPTY,EMPTY,0.01
973.0,cctv3,C3_S003,G020,OCCUPIED,OCCUPIED,0.8195732850920071
973.0,cctv3,C3_S004,G024,OCCUPIED,LEAVING,0.7836490674723279
973.0,cctv3,C3_S005,G025,OCCUPIED,LEAVING,0.8105988173322245
973.0,cctv3,C3_S006,G026,OCCUPIED,OCCUPIED,0.8217965827746825
973.0,cctv3,C3_S007,G027,EMPTY,EMPTY,0.01
973.0,cctv3,C3_S008,G028,EMPTY,MANEUVERING,0.171031203601848
973.0,cctv3,C3_S009,G029,EMPTY,MANEUVERING,0.49
973.0,cctv3,C3_S010,G007,EMPTY,EMPTY,0.01
973.0,cctv3,C3_S011,G008,OCCUPIED,OCCUPIED,0.797415905919942
973.0,cctv3,C3_S012,G009,OCCUPIED,OCCUPIED,0.8190144435925918
974.0,cctv1,C1_S001,G001,OCCUPIED,OCCUPIED,0.7283929173241963
974.0,cctv1,C1_S002,G002,EMPTY,EMPTY,0.01
974.0,cctv1,C1_S003,G003,OCCUPIED,OCCUPIED,0.8365321595560421
974.0,cctv1,C1_S004,G004,OCCUPIED,OCCUPIED,0.7831555982882327
974.0,cctv1,C1_S005,G005,OCCUPIED,OCCUPIED,0.7537732106040825
974.0,cctv1,C1_S006,G006,EMPTY,MANEUVERING,0.3117568119141188
974.0,cctv2,C2_S001,G007,OCCUPIED,OCCUPIED,0.794046596234495
974.0,cctv2,C2_S002,G008,OCCUPIED,OCCUPIED,0.8352777619253506
974.0,cctv2,C2_S003,G009,EMPTY,EMPTY,0.01
974.0,cctv2,C2_S004,G010,OCCUPIED,OCCUPIED,0.7922659166834571
974.0,cctv2,C2_S005,G001,EMPTY,EMPTY,0.01
974.0,cctv2,C2_S006,G003,OCCUPIED,OCCUPIED,0.8162672178311782
974.0,cctv2,C2_S007,G004,OCCUPIED,OCCUPIED,0.7868619527329099
974.0,cctv2,C2_S008,G006,OCCUPIED,OCCUPIED,0.7530692414803939
974.0,cctv2,C2_S009,G005,OCCUPIED,OCCUPIED,0.7916148494590414
974.0,cctv2,C2_S010,G002,EMPTY,EMPTY,0.01
974.0,cctv2,C2_S011,G017,OCCUPIED,OCCUPIED,0.8131086745045403
974.0,cctv2,C2_S012,G018,OCCUPIED,OCCUPIED,0.765758252333511
974.0,cctv2,C2_S013,G019,EMPTY,MANEUVERING,0.2759573013674129
974.0,cctv2,C2_S014,G020,EMPTY,EMPTY,0.01
974.0,cctv3,C3_S001,G021,EMPTY,EMPTY,0.01
974.0,cctv3,C3_S002,G019,EMPTY,EMPTY,0.01
974.0,cctv3,C3_S003,G020,OCCUPIED,OCCUPIED,0.8173598368059506
974.0,cctv3,C3_S004,G024,OCCUPIED,LEAVING,0.7858651863444935
974.0,cctv3,C3_S005,G025,OCCUPIED,LEAVING,0.8130561751398174
974.0,cctv3,C3_S006,G026,OCCUPIED,OCCUPIED,0.8223438322544099
974.0,cctv3,C3_S007,G027,EMPTY,EMPTY,0.01
974.0,cctv3,C3_S008,G028,EMPTY,MANEUVERING,0.171031203601848
974.0,cctv3,C3_S009,G029,EMPTY,MANEUVERING,0.49
974.0,cctv3,C3_S010,G007,EMPTY,EMPTY,0.01
974.0,cctv3,C3_S011,G008,OCCUPIED,OCCUPIED,0.7960273775187406
974.0,cctv3,C3_S012,G009,OCCUPIED,OCCUPIED,0.8187053206292066
975.0,cctv1,C1_S001,G001,OCCUPIED,OCCUPIED,0.728601624681191
975.0,cctv1,C1_S002,G002,EMPTY,EMPTY,0.01
975.0,cctv1,C1_S003,G003,OCCUPIED,OCCUPIED,0.8364546859806234
975.0,cctv1,C1_S004,G004,OCCUPIED,OCCUPIED,0.7823976043950428
975.0,cctv1,C1_S005,G005,OCCUPIED,OCCUPIED,0.7543290626596322
975.0,cctv1,C1_S006,G006,EMPTY,MANEUVERING,0.2734167872301556
975.0,cctv2,C2_S001,G007,OCCUPIED,OCCUPIED,0.79362063462084
975.0,cctv2,C2_S002,G008,OCCUPIED,OCCUPIED,0.8350313051180407
975.0,cctv2,C2_S003,G009,EMPTY,EMPTY,0.01
975.0,cctv2,C2_S004,G010,OCCUPIED,OCCUPIED,0.7903731845996598
975.0,cctv2,C2_S005,G001,EMPTY,EMPTY,0.01
975.0,cctv2,C2_S006,G003,OCCUPIED,OCCUPIED,0.817095494541255
975.0,cctv2,C2_S007,G004,OCCUPIED,OCCUPIED,0.7895784968679602
975.0,cctv2,C2_S008,G006,OCCUPIED,OCCUPIED,0.7554899562488904
975.0,cctv2,C2_S009,G005,OCCUPIED,OCCUPIED,0.7941576218063182
975.0,cctv2,C2_S010,G002,EMPTY,EMPTY,0.01
975.0,cctv2,C2_S011,G017,OCCUPIED,OCCUPIED,0.8148546438325536
975.0,cctv2,C2_S012,G018,OCCUPIED,OCCUPIED,0.7646887393702161
975.0,cctv2,C2_S013,G019,EMPTY,MANEUVERING,0.3585648300430991
975.0,cctv2,C2_S014,G020,EMPTY,EMPTY,0.01
975.0,cctv3,C3_S001,G021,EMPTY,EMPTY,0.01
975.0,cctv3,C3_S002,G019,EMPTY,EMPTY,0.01
975.0,cctv3,C3_S003,G020,OCCUPIED,OCCUPIED,0.8172770272601735
975.0,cctv3,C3_S004,G024,OCCUPIED,OCCUPIED,0.7866702656854283
975.0,cctv3,C3_S005,G025,OCCUPIED,LEAVING,0.8147359564900398
975.0,cctv3,C3_S006,G026,OCCUPIED,OCCUPIED,0.8227027134461837
975.0,cctv3,C3_S007,G027,EMPTY,EMPTY,0.01
975.0,cctv3,C3_S008,G028,EMPTY,MANEUVERING,0.171031203601848
975.0,cctv3,C3_S009,G029,EMPTY,MANEUVERING,0.49
975.0,cctv3,C3_S010,G007,EMPTY,EMPTY,0.01
975.0,cctv3,C3_S011,G008,OCCUPIED,OCCUPIED,0.7942705582488667
975.0,cctv3,C3_S012,G009,OCCUPIED,OCCUPIED,0.8181276345794852
976.0,cctv1,C1_S001,G001,OCCUPIED,OCCUPIED,0.7282694052566182
976.0,cctv1,C1_S002,G002,EMPTY,EMPTY,0.01
976.0,cctv1,C1_S003,G003,OCCUPIED,OCCUPIED,0.8364389202811502
976.0,cctv1,C1_S004,G004,OCCUPIED,OCCUPIED,0.7813762443986807
976.0,cctv1,C1_S005,G005,OCCUPIED,OCCUPIED,0.7417591762316951
976.0,cctv1,C1_S006,G006,EMPTY,MANEUVERING,0.3206582131914117
976.0,cctv2,C2_S001,G007,OCCUPIED,OCCUPIED,0.7908293621106581
976.0,cctv2,C2_S002,G008,OCCUPIED,OCCUPIED,0.8349017877470364
976.0,cctv2,C2_S003,G009,EMPTY,EMPTY,0.01
976.0,cctv2,C2_S004,G010,OCCUPIED,OCCUPIED,0.7918405171145093
976.0,cctv2,C2_S005,G001,EMPTY,EMPTY,0.01
976.0,cctv2,C2_S006,G003,OCCUPIED,OCCUPIED,0.8180924074216323
976.0,cctv2,C2_S007,G004,OCCUPIED,OCCUPIED,0.7906701884486459
976.0,cctv2,C2_S008,G006,OCCUPIED,OCCUPIED,0.7581455248323354
976.0,cctv2,C2_S009,G005,OCCUPIED,OCCUPIED,0.7950939882885326
976.0,cctv2,C2_S010,G002,EMPTY,EMPTY,0.01
976.0,cctv2,C2_S011,G017,OCCUPIED,OCCUPIED,0.8154025557366285
976.0,cctv2,C2_S012,G018,OCCUPIED,OCCUPIED,0.7614039497483861
976.0,cctv2,C2_S013,G019,EMPTY,MANEUVERING,0.4291624251278964
976.0,cctv2,C2_S014,G020,EMPTY,MANEUVERING,0.2052731535922397
976.0,cctv3,C3_S001,G021,EMPTY,EMPTY,0.01
976.0,cctv3,C3_S002,G019,EMPTY,EMPTY,0.01
976.0,cctv3,C3_S003,G020,OCCUPIED,LEAVING,0.8142454532059757
976.0,cctv3,C3_S004,G024,OCCUPIED,OCCUPIED,0.7896635733951223
976.0,cctv3,C3_S005,G025,OCCUPIED,LEAVING,0.820248087427833
976.0,cctv3,C3_S006,G026,OCCUPIED,OCCUPIED,0.8230956261808222
976.0,cctv3,C3_S007,G027,EMPTY,EMPTY,0.01
976.0,cctv3,C3_S008,G028,EMPTY,MANEUVERING,0.171031203601848
976.0,cctv3,C3_S009,G029,EMPTY,MANEUVERING,0.49
976.0,cctv3,C3_S010,G007,EMPTY,EMPTY,0.01
976.0,cctv3,C3_S011,G008,OCCUPIED,OCCUPIED,0.7900095067240975
976.0,cctv3,C3_S012,G009,OCCUPIED,OCCUPIED,0.816449461741881
977.0,cctv1,C1_S001,G001,OCCUPIED,OCCUPIED,0.7293352169746703
977.0,cctv1,C1_S002,G002,EMPTY,EMPTY,0.01
977.0,cctv1,C1_S003,G003,OCCUPIED,OCCUPIED,0.836447548866272
977.0,cctv1,C1_S004,G004,OCCUPIED,OCCUPIED,0.7808354273438455
977.0,cctv1,C1_S005,G005,OCCUPIED,OCCUPIED,0.7451574070390428
977.0,cctv1,C1_S006,G006,EMPTY,MANEUVERING,0.2756582131914117
977.0,cctv2,C2_S001,G007,OCCUPIED,OCCUPIED,0.7092871649969708
977.0,cctv2,C2_S002,G008,OCCUPIED,OCCUPIED,0.8349292730743235
977.0,cctv2,C2_S003,G009,EMPTY,EMPTY,0.01
977.0,cctv2,C2_S004,G010,OCCUPIED,OCCUPIED,0.7913254419511015
977.0,cctv2,C2_S005,G001,EMPTY,EMPTY,0.01
977.0,cctv2,C2_S006,G003,OCCUPIED,OCCUPIED,0.8186152122237467
977.0,cctv2,C2_S007,G004,OCCUPIED,OCCUPIED,0.7915022617036647
977.0,cctv2,C2_S008,G006,OCCUPIED,OCCUPIED,0.7592943665656178
977.0,cctv2,C2_S009,G005,OCCUPIED,OCCUPIED,0.795228097113696
977.0,cctv2,C2_S010,G002,EMPTY,EMPTY,0.01
977.0,cctv2,C2_S011,G017,OCCUPIED,OCCUPIED,0.8161612624471839
977.0,cctv2,C2_S012,G018,OCCUPIED,OCCUPIED,0.7981454001231627
977.0,cctv2,C2_S013,G019,EMPTY,MANEUVERING,0.4538639307293025
977.0,cctv2,C2_S014,G020,EMPTY,MANEUVERING,0.3040515159747817
977.0,cctv3,C3_S001,G021,EMPTY,EMPTY,0.01
977.0,cctv3,C3_S002,G019,EMPTY,EMPTY,0.01
977.0,cctv3,C3_S003,G020,OCCUPIED,LEAVING,0.814487465674227
977.0,cctv3,C3_S004,G024,OCCUPIED,OCCUPIED,0.788867646645416
977.0,cctv3,C3_S005,G025,OCCUPIED,LEAVING,0.8227479785680771
977.0,cctv3,C3_S006,G026,OCCUPIED,OCCUPIED,0.823391114581715
977.0,cctv3,C3_S007,G027,EMPTY,EMPTY,0.01
977.0,cctv3,C3_S008,G028,EMPTY,MANEUVERING,0.171031203601848
977.0,cctv3,C3_S009,G029,EMPTY,MANEUVERING,0.4658572219087827
977.0,cctv3,C3_S010,G007,EMPTY,EMPTY,0.01
977.0,cctv3,C3_S011,G008,OCCUPIED,OCCUPIED,0.7889402473514731
977.0,cctv3,C3_S012,G009,OCCUPIED,OCCUPIED,0.817472904920578
978.0,cctv1,C1_S001,G001,OCCUPIED,OCCUPIED,0.7286255335265941
978.0,cctv1,C1_S002,G002,EMPTY,EMPTY,0.01
978.0,cctv1,C1_S003,G003,OCCUPIED,OCCUPIED,0.8364581427790903
978.0,cctv1,C1_S004,G004,OCCUPIED,OCCUPIED,0.7788192567500202
978.0,cctv1,C1_S005,G005,OCCUPIED,OCCUPIED,0.7278557521782139
978.0,cctv1,C1_S006,G006,EMPTY,MANEUVERING,0.2652084292742339
978.0,cctv2,C2_S001,G007,OCCUPIED,OCCUPIED,0.7077566419948231
978.0,cctv2,C2_S002,G008,OCCUPIED,OCCUPIED,0.8348486548120326
978.0,cctv2,C2_S003,G009,EMPTY,EMPTY,0.01
978.0,cctv2,C2_S004,G010,OCCUPIED,OCCUPIED,0.7924381482330236
978.0,cctv2,C2_S005,G001,EMPTY,EMPTY,0.01
978.0,cctv2,C2_S006,G003,OCCUPIED,OCCUPIED,0.8186958946964958
978.0,cctv2,C2_S007,G004,OCCUPIED,OCCUPIED,0.791912306438793
978.0,cctv2,C2_S008,G006,OCCUPIED,OCCUPIED,0.7606466233730317
978.0,cctv2,C2_S009,G005,OCCUPIED,OCCUPIED,0.79462239661
978.0,cctv2,C2_S010,G002,EMPTY,EMPTY,0.01
978.0,cctv2,C2_S011,G017,OCCUPIED,OCCUPIED,0.8160990522666411
978.0,cctv2,C2_S012,G018,OCCUPIED,OCCUPIED,0.7989934877915816
978.0,cctv2,C2_S013,G019,EMPTY,MANEUVERING,0.4715095560117201
978.0,cctv2,C2_S014,G020,EMPTY,MANEUVERING,0.2840515159747817
978.0,cctv3,C3_S001,G021,EMPTY,EMPTY,0.01
978.0,cctv3,C3_S002,G019,EMPTY,EMPTY,0.01
978.0,cctv3,C3_S003,G020,OCCUPIED,LEAVING,0.8114972090179271
978.0,cctv3,C3_S004,G024,OCCUPIED,OCCUPIED,0.7911069254983556
978.0,cctv3,C3_S005,G025,OCCUPIED,LEAVING,0.8239371798255227
978.0,cctv3,C3_S006,G026,OCCUPIED,OCCUPIED,0.8236465128985319
978.0,cctv3,C3_S007,G027,EMPTY,EMPTY,0.01
978.0,cctv3,C3_S008,G028,EMPTY,MANEUVERING,0.171031203601848
978.0,cctv3,C3_S009,G029,EMPTY,MANEUVERING,0.3845065026067488
978.0,cctv3,C3_S010,G007,EMPTY,EMPTY,0.01
978.0,cctv3,C3_S011,G008,OCCUPIED,OCCUPIED,0.7861792313781653
978.0,cctv3,C3_S012,G009,OCCUPIED,OCCUPIED,0.8170874145897953
979.0,cctv1,C1_S001,G001,OCCUPIED,OCCUPIED,0.7276902088387447
979.0,cctv1,C1_S002,G002,EMPTY,EMPTY,0.01
979.0,cctv1,C1_S003,G003,OCCUPIED,OCCUPIED,0.8364156265150418
979.0,cctv1,C1_S004,G004,OCCUPIED,OCCUPIED,0.7790209474888715
979.0,cctv1,C1_S005,G005,OCCUPIED,OCCUPIED,0.75876032859087
979.0,cctv1,C1_S006,G006,EMPTY,MANEUVERING,0.3610128116472201
979.0,cctv2,C2_S001,G007,OCCUPIED,OCCUPIED,0.7080763425339353
979.0,cctv2,C2_S002,G008,OCCUPIED,OCCUPIED,0.8347072926434604
979.0,cctv2,C2_S003,G009,EMPTY,EMPTY,0.01
979.0,cctv2,C2_S004,G010,OCCUPIED,OCCUPIED,0.7913683873685924
979.0,cctv2,C2_S005,G001,EMPTY,EMPTY,0.01
979.0,cctv2,C2_S006,G003,OCCUPIED,OCCUPIED,0.8189811728217385
979.0,cctv2,C2_S007,G004,OCCUPIED,OCCUPIED,0.7923957217823376
979.0,cctv2,C2_S008,G006,OCCUPIED,OCCUPIED,0.7624977734955876
979.0,cctv2,C2_S009,G005,OCCUPIED,OCCUPIED,0.7946498957547276
979.0,cctv2,C2_S010,G002,EMPTY,EMPTY,0.01
979.0,cctv2,C2_S011,G017,OCCUPIED,OCCUPIED,0.8152545839548111
979.0,cctv2,C2_S012,G018,OCCUPIED,OCCUPIED,0.7986386356028644
979.0,cctv2,C2_S013,G019,EMPTY,MANEUVERING,0.49
979.0,cctv2,C2_S014,G020,EMPTY,MANEUVERING,0.2720515159747817
979.0,cctv3,C3_S001,G021,EMPTY,EMPTY,0.01
979.0,cctv3,C3_S002,G019,EMPTY,EMPTY,0.01
979.0,cctv3,C3_S003,G020,OCCUPIED,LEAVING,0.8136828167871996
979.0,cctv3,C3_S004,G024,OCCUPIED,OCCUPIED,0.7924506648291242
979.0,cctv3,C3_S005,G025,OCCUPIED,OCCUPIED,0.8252297485416586
979.0,cctv3,C3_S006,G026,OCCUPIED,OCCUPIED,0.8239202762191946
979.0,cctv3,C3_S007,G027,EMPTY,EMPTY,0.01
979.0,cctv3,C3_S008,G028,EMPTY,EMPTY,0.01
979.0,cctv3,C3_S009,G029,EMPTY,MANEUVERING,0.4290646012475738
979.0,cctv3,C3_S010,G007,EMPTY,EMPTY,0.01
979.0,cctv3,C3_S011,G008,OCCUPIED,OCCUPIED,0.7851082464510745
979.0,cctv3,C3_S012,G009,OCCUPIED,OCCUPIED,0.8167816419493069
980.0,cctv1,C1_S001,G001,OCCUPIED,OCCUPIED,0.7281611143188044
980.0,cctv1,C1_S002,G002,EMPTY,EMPTY,0.01
980.0,cctv1,C1_S003,G003,OCCUPIED,OCCUPIED,0.8364169058474629
980.0,cctv1,C1_S004,G004,OCCUPIED,OCCUPIED,0.7780983090400696
980.0,cctv1,C1_S005,G005,OCCUPIED,OCCUPIED,0.7559805940498006
980.0,cctv1,C1_S006,G006,EMPTY,MANEUVERING,0.4123645604605024
980.0,cctv2,C2_S001,G007,OCCUPIED,OCCUPIED,0.7076231305707585
980.0,cctv2,C2_S002,G008,OCCUPIED,OCCUPIED,0.8345064569603313
980.0,cctv2,C2_S003,G009,EMPTY,EMPTY,0.01
980.0,cctv2,C2_S004,G010,OCCUPIED,OCCUPIED,0.7914842620491982
980.0,cctv2,C2_S005,G001,EMPTY,EMPTY,0.01
980.0,cctv2,C2_S006,G003,OCCUPIED,OCCUPIED,0.8189279228448868
980.0,cctv2,C2_S007,G004,OCCUPIED,OCCUPIED,0.7928079610521144
980.0,cctv2,C2_S008,G006,OCCUPIED,OCCUPIED,0.7623267916115848
980.0,cctv2,C2_S009,G005,OCCUPIED,OCCUPIED,0.7942544113505972
980.0,cctv2,C2_S010,G002,EMPTY,EMPTY,0.01
980.0,cctv2,C2_S011,G017,OCCUPIED,OCCUPIED,0.8150748442519795
980.0,cctv2,C2_S012,G018,OCCUPIED,OCCUPIED,0.7978475586934524
980.0,cctv2,C2_S013,G019,EMPTY,MANEUVERING,0.4590587004477328
980.0,cctv2,C2_S014,G020,EMPTY,MANEUVERING,0.3359987196597186
980.0,cctv3,C3_S001,G021,EMPTY,EMPTY,0.01
980.0,cctv3,C3_S002,G019,EMPTY,EMPTY,0.01
980.0,cctv3,C3_S003,G020,OCCUPIED,LEAVING,0.8127016484737397
980.0,cctv3,C3_S004,G024,OCCUPIED,OCCUPIED,0.8289448746226051
980.0,cctv3,C3_S005,G025,OCCUPIED,OCCUPIED,0.8270700909874656
980.0,cctv3,C3_S006,G026,OCCUPIED,OCCUPIED,0.8244155225428669
980.0,cctv3,C3_S007,G027,EMPTY,EMPTY,0.01
980.0,cctv3,C3_S008,G028,EMPTY,EMPTY,0.01
980.0,cctv3,C3_S009,G029,EMPTY,MANEUVERING,0.4839852198774552
980.0,cctv3,C3_S010,G007,EMPTY,EMPTY,0.01
980.0,cctv3,C3_S011,G008,OCCUPIED,OCCUPIED,0.7846012301065706
980.0,cctv3,C3_S012,G009,OCCUPIED,OCCUPIED,0.8169682261618701
981.0,cctv1,C1_S001,G001,OCCUPIED,OCCUPIED,0.7276883633976634
981.0,cctv1,C1_S002,G002,EMPTY,EMPTY,0.01
981.0,cctv1,C1_S003,G003,OCCUPIED,OCCUPIED,0.8365094948898663
981.0,cctv1,C1_S004,G004,OCCUPIED,OCCUPIED,0.7775590501048348
981.0,cctv1,C1_S005,G005,OCCUPIED,OCCUPIED,0.7544891021468423
981.0,cctv1,C1_S006,G006,EMPTY,MANEUVERING,0.49
981.0,cctv2,C2_S001,G007,OCCUPIED,OCCUPIED,0.7518630434979092
981.0,cctv2,C2_S002,G008,OCCUPIED,OCCUPIED,0.8343038778413426
981.0,cctv2,C2_S003,G009,EMPTY,EMPTY,0.01
981.0,cctv2,C2_S004,G010,OCCUPIED,OCCUPIED,0.7923909600485456
981.0,cctv2,C2_S005,G001,EMPTY,EMPTY,0.01
981.0,cctv2,C2_S006,G003,OCCUPIED,OCCUPIED,0.8187634367834439
981.0,cctv2,C2_S007,G004,OCCUPIED,OCCUPIED,0.7939505308866501
981.0,cctv2,C2_S008,G006,OCCUPIED,OCCUPIED,0.7625395245172761
981.0,cctv2,C2_S009,G005,OCCUPIED,OCCUPIED,0.7951899300922047
981.0,cctv2,C2_S010,G002,EMPTY,EMPTY,0.01
981.0,cctv2,C2_S011,G017,OCCUPIED,OCCUPIED,0.8153279821981084
981.0,cctv2,C2_S012,G018,OCCUPIED,OCCUPIED,0.7959954413500699
981.0,cctv2,C2_S013,G019,EMPTY,MANEUVERING,0.4140587004477328
981.0,cctv2,C2_S014,G020,EMPTY,MANEUVERING,0.2909987196597186
981.0,cctv3,C3_S001,G021,EMPTY,EMPTY,0.01
981.0,cctv3,C3_S002,G019,EMPTY,EMPTY,0.01
981.0,cctv3,C3_S003,G020,OCCUPIED,LEAVING,0.8101989288221707
981.0,cctv3,C3_S004,G024,OCCUPIED,OCCUPIED,0.8285039861093868
981.0,cctv3,C3_S005,G025,OCCUPIED,OCCUPIED,0.827683298425241
981.0,cctv3,C3_S006,G026,OCCUPIED,OCCUPIED,0.8247965742241253
981.0,cctv3,C3_S007,G027,EMPTY,EMPTY,0.01
981.0,cctv3,C3_S008,G028,EMPTY,EMPTY,0.01
981.0,cctv3,C3_S009,G029,EMPTY,MANEUVERING,0.4489325933700258
981.0,cctv3,C3_S010,G007,EMPTY,EMPTY,0.01
981.0,cctv3,C3_S011,G008,OCCUPIED,OCCUPIED,0.7835126498883421
981.0,cctv3,C3_S012,G009,OCCUPIED,OCCUPIED,0.81669361428781
982.0,cctv1,C1_S001,G001,OCCUPIED,OCCUPIED,0.7269959621131421
982.0,cctv1,C1_S002,G002,EMPTY,EMPTY,0.01
982.0,cctv1,C1_S003,G003,OCCUPIED,OCCUPIED,0.8365210617130454
982.0,cctv1,C1_S004,G004,OCCUPIED,OCCUPIED,0.7773609238592062
982.0,cctv1,C1_S005,G005,OCCUPIED,OCCUPIED,0.7522993357344108
982.0,cctv1,C1_S006,G006,EMPTY,MANEUVERING,0.49
982.0,cctv2,C2_S001,G007,OCCUPIED,OCCUPIED,0.7513258327950131
982.0,cctv2,C2_S002,G008,OCCUPIED,OCCUPIED,0.8344375054944646
982.0,cctv2,C2_S003,G009,EMPTY,EMPTY,0.01
982.0,cctv2,C2_S004,G010,OCCUPIED,OCCUPIED,0.7925287500023842
982.0,cctv2,C2_S005,G001,EMPTY,EMPTY,0.01
982.0,cctv2,C2_S006,G003,OCCUPIED,OCCUPIED,0.8188480425964703
982.0,cctv2,C2_S007,G004,OCCUPIED,OCCUPIED,0.7950958861546084
982.0,cctv2,C2_S008,G006,OCCUPIED,OCCUPIED,0.7629442369396037
982.0,cctv2,C2_S009,G005,OCCUPIED,OCCUPIED,0.7954546811905775
982.0,cctv2,C2_S010,G002,EMPTY,EMPTY,0.01
982.0,cctv2,C2_S011,G017,OCCUPIED,OCCUPIED,0.8149140482599085
982.0,cctv2,C2_S012,G018,OCCUPIED,OCCUPIED,0.7959066309712151
982.0,cctv2,C2_S013,G019,EMPTY,MANEUVERING,0.3690587004477327
982.0,cctv2,C2_S014,G020,EMPTY,MANEUVERING,0.2909987196597186
982.0,cctv3,C3_S001,G021,EMPTY,EMPTY,0.01
982.0,cctv3,C3_S002,G019,EMPTY,EMPTY,0.01
982.0,cctv3,C3_S003,G020,OCCUPIED,LEAVING,0.8104791164398194
982.0,cctv3,C3_S004,G024,OCCUPIED,OCCUPIED,0.7459714015234601
982.0,cctv3,C3_S005,G025,OCCUPIED,OCCUPIED,0.8268022959882564
982.0,cctv3,C3_S006,G026,OCCUPIED,OCCUPIED,0.8247890859842301
982.0,cctv3,C3_S007,G027,EMPTY,EMPTY,0.01
982.0,cctv3,C3_S008,G028,EMPTY,EMPTY,0.01
982.0,cctv3,C3_S009,G029,EMPTY,MANEUVERING,0.4151204414868897
982.0,cctv3,C3_S010,G007,EMPTY,MANEUVERING,0.2225733615051616
982.0,cctv3,C3_S011,G008,OCCUPIED,LEAVING,0.7790401191873985
982.0,cctv3,C3_S012,G009,OCCUPIED,OCCUPIED,0.8178501454266636
983.0,cctv1,C1_S001,G001,OCCUPIED,OCCUPIED,0.7275437271053141
983.0,cctv1,C1_S002,G002,EMPTY,EMPTY,0.01
983.0,cctv1,C1_S003,G003,OCCUPIED,OCCUPIED,0.8364216850562529
983.0,cctv1,C1_S004,G004,OCCUPIED,OCCUPIED,0.7758469818667932
983.0,cctv1,C1_S005,G005,OCCUPIED,OCCUPIED,0.754258246448907
983.0,cctv1,C1_S006,G006,EMPTY,MANEUVERING,0.49
983.0,cctv2,C2_S001,G007,OCCUPIED,OCCUPIED,0.7501775630224835
983.0,cctv2,C2_S002,G008,OCCUPIED,OCCUPIED,0.8347072698853233
983.0,cctv2,C2_S003,G009,EMPTY,EMPTY,0.01
983.0,cctv2,C2_S004,G010,OCCUPIED,OCCUPIED,0.7906909247690982
983.0,cctv2,C2_S005,G001,EMPTY,EMPTY,0.01
983.0,cctv2,C2_S006,G003,OCCUPIED,OCCUPIED,0.8186400600455025
983.0,cctv2,C2_S007,G004,OCCUPIED,OCCUPIED,0.7951725038615141
983.0,cctv2,C2_S008,G006,OCCUPIED,OCCUPIED,0.7634159005501054
983.0,cctv2,C2_S009,G005,OCCUPIED,OCCUPIED,0.7954559263857929
983.0,cctv2,C2_S010,G002,EMPTY,EMPTY,0.01
983.0,cctv2,C2_S011,G017,OCCUPIED,OCCUPIED,0.8147166758775711
983.0,cctv2,C2_S012,G018,OCCUPIED,OCCUPIED,0.7944423415444115
983.0,cctv2,C2_S013,G019,EMPTY,MANEUVERING,0.3984270369058305
983.0,cctv2,C2_S014,G020,EMPTY,MANEUVERING,0.2909987196597186
983.0,cctv3,C3_S001,G021,EMPTY,EMPTY,0.01
983.0,cctv3,C3_S002,G019,EMPTY,EMPTY,0.01
983.0,cctv3,C3_S003,G020,OCCUPIED,LEAVING,0.8101347801360218
983.0,cctv3,C3_S004,G024,OCCUPIED,OCCUPIED,0.7424400087107312
983.0,cctv3,C3_S005,G025,OCCUPIED,OCCUPIED,0.8265042155981064
983.0,cctv3,C3_S006,G026,OCCUPIED,OCCUPIED,0.8247870605100286
983.0,cctv3,C3_S007,G027,EMPTY,EMPTY,0.01
983.0,cctv3,C3_S008,G028,EMPTY,EMPTY,0.01
983.0,cctv3,C3_S009,G029,EMPTY,MANEUVERING,0.3368315205028789
983.0,cctv3,C3_S010,G007,EMPTY,MANEUVERING,0.2225733615051616
983.0,cctv3,C3_S011,G008,OCCUPIED,LEAVING,0.7796715437011286
983.0,cctv3,C3_S012,G009,OCCUPIED,OCCUPIED,0.8193067182194104
984.0,cctv1,C1_S001,G001,OCCUPIED,OCCUPIED,0.7282379390841182
984.0,cctv1,C1_S002,G002,EMPTY,EMPTY,0.01
984.0,cctv1,C1_S003,G003,OCCUPIED,OCCUPIED,0.8365457664836538
984.0,cctv1,C1_S004,G004,OCCUPIED,OCCUPIED,0.7752024454149333
984.0,cctv1,C1_S005,G005,OCCUPIED,OCCUPIED,0.7543167564001951
984.0,cctv1,C1_S006,G006,EMPTY,MANEUVERING,0.49
984.0,cctv2,C2_S001,G007,OCCUPIED,OCCUPIED,0.6677056550798994
984.0,cctv2,C2_S002,G008,OCCUPIED,OCCUPIED,0.835053741390055
984.0,cctv2,C2_S003,G009,EMPTY,EMPTY,0.01
984.0,cctv2,C2_S004,G010,OCCUPIED,OCCUPIED,0.7898052520372651
984.0,cctv2,C2_S005,G001,EMPTY,EMPTY,0.01
984.0,cctv2,C2_S006,G003,OCCUPIED,OCCUPIED,0.8186048369516027
984.0,cctv2,C2_S007,G004,OCCUPIED,OCCUPIED,0.7939123671163213
984.0,cctv2,C2_S008,G006,OCCUPIED,OCCUPIED,0.7648588070815261
984.0,cctv2,C2_S009,G005,OCCUPIED,OCCUPIED,0.7943561142141169
984.0,cctv2,C2_S010,G002,EMPTY,EMPTY,0.01
984.0,cctv2,C2_S011,G017,OCCUPIED,OCCUPIED,0.8143371433019638
984.0,cctv2,C2_S012,G018,OCCUPIED,OCCUPIED,0.7946483953432604
984.0,cctv2,C2_S013,G019,EMPTY,MANEUVERING,0.49
984.0,cctv2,C2_S014,G020,EMPTY,MANEUVERING,0.2459987196597186
984.0,cctv3,C3_S001,G021,EMPTY,EMPTY,0.01
984.0,cctv3,C3_S002,G019,EMPTY,EMPTY,0.01
984.0,cctv3,C3_S003,G020,OCCUPIED,LEAVING,0.8095617521892895
984.0,cctv3,C3_S004,G024,OCCUPIED,OCCUPIED,0.7385209741104732
984.0,cctv3,C3_S005,G025,OCCUPIED,OCCUPIED,0.8236462674357675
984.0,cctv3,C3_S006,G026,OCCUPIED,OCCUPIED,0.8245031990788201
984.0,cctv3,C3_S007,G027,EMPTY,EMPTY,0.01
984.0,cctv3,C3_S008,G028,EMPTY,EMPTY,0.01
984.0,cctv3,C3_S009,G029,EMPTY,MANEUVERING,0.2611502684551206
984.0,cctv3,C3_S010,G007,EMPTY,MANEUVERING,0.2225733615051616
984.0,cctv3,C3_S011,G008,OCCUPIED,LEAVING,0.7797165227207271
984.0,cctv3,C3_S012,G009,OCCUPIED,OCCUPIED,0.8191083704883403
985.0,cctv1,C1_S001,G001,OCCUPIED,OCCUPIED,0.7271446229381996
985.0,cctv1,C1_S002,G002,EMPTY,EMPTY,0.01
985.0,cctv1,C1_S003,G003,OCCUPIED,OCCUPIED,0.836563339829445
985.0,cctv1,C1_S004,G004,OCCUPIED,OCCUPIED,0.7747054207054052
985.0,cctv1,C1_S005,G005,OCCUPIED,OCCUPIED,0.7497097058052367
985.0,cctv1,C1_S006,G006,EMPTY,MANEUVERING,0.49
985.0,cctv2,C2_S001,G007,OCCUPIED,OCCUPIED,0.6677570263364099
985.0,cctv2,C2_S002,G008,OCCUPIED,OCCUPIED,0.8351623050191186
985.0,cctv2,C2_S003,G009,EMPTY,EMPTY,0.01
985.0,cctv2,C2_S004,G010,OCCUPIED,OCCUPIED,0.7905146077275277
985.0,cctv2,C2_S005,G001,EMPTY,EMPTY,0.01
985.0,cctv2,C2_S006,G003,OCCUPIED,OCCUPIED,0.8187573749910702
985.0,cctv2,C2_S007,G004,OCCUPIED,OCCUPIED,0.7947418743913824
985.0,cctv2,C2_S008,G006,OCCUPIED,OCCUPIED,0.7639949732206085
985.0,cctv2,C2_S009,G005,OCCUPIED,OCCUPIED,0.7945212188092146
985.0,cctv2,C2_S010,G002,EMPTY,EMPTY,0.01
985.0,cctv2,C2_S011,G017,OCCUPIED,OCCUPIED,0.8136354562911121
985.0,cctv2,C2_S012,G018,OCCUPIED,OCCUPIED,0.7944096811793068
985.0,cctv2,C2_S013,G019,EMPTY,MANEUVERING,0.49
985.0,cctv2,C2_S014,G020,EMPTY,MANEUVERING,0.2459987196597186
985.0,cctv3,C3_S001,G021,EMPTY,EMPTY,0.01
985.0,cctv3,C3_S002,G019,EMPTY,EMPTY,0.01
985.0,cctv3,C3_S003,G020,OCCUPIED,LEAVING,0.8129851636561481
985.0,cctv3,C3_S004,G024,OCCUPIED,OCCUPIED,0.737156402062286
985.0,cctv3,C3_S005,G025,OCCUPIED,OCCUPIED,0.8227400059049781
985.0,cctv3,C3_S006,G026,OCCUPIED,OCCUPIED,0.8241105114871806
985.0,cctv3,C3_S007,G027,EMPTY,EMPTY,0.01
985.0,cctv3,C3_S008,G028,EMPTY,EMPTY,0.01
985.0,cctv3,C3_S009,G029,EMPTY,MANEUVERING,0.3069095962393012
985.0,cctv3,C3_S010,G007,EMPTY,MANEUVERING,0.2225733615051616
985.0,cctv3,C3_S011,G008,OCCUPIED,LEAVING,0.7807753743095832
985.0,cctv3,C3_S012,G009,OCCUPIED,OCCUPIED,0.8191134162924507
986.0,cctv1,C1_S001,G001,OCCUPIED,OCCUPIED,0.7270793995396658
986.0,cctv1,C1_S002,G002,EMPTY,EMPTY,0.01
986.0,cctv1,C1_S003,G003,OCCUPIED,OCCUPIED,0.8366567579182712
986.0,cctv1,C1_S004,G004,OCCUPIED,OCCUPIED,0.7752743009816517
986.0,cctv1,C1_S005,G005,OCCUPIED,OCCUPIED,0.7481241492385214
986.0,cctv1,C1_S006,G006,EMPTY,MANEUVERING,0.49
986.0,cctv2,C2_S001,G007,OCCUPIED,OCCUPIED,0.6702652116435946
986.0,cctv2,C2_S002,G008,OCCUPIED,OCCUPIED,0.835432706637816
986.0,cctv2,C2_S003,G009,EMPTY,EMPTY,0.01
986.0,cctv2,C2_S004,G010,OCCUPIED,OCCUPIED,0.7932917681607334
986.0,cctv2,C2_S005,G001,EMPTY,EMPTY,0.01
986.0,cctv2,C2_S006,G003,OCCUPIED,OCCUPIED,0.8184100313620134
986.0,cctv2,C2_S007,G004,OCCUPIED,OCCUPIED,0.7939208680933173
986.0,cctv2,C2_S008,G006,OCCUPIED,OCCUPIED,0.7638797491788865
986.0,cctv2,C2_S009,G005,OCCUPIED,OCCUPIED,0.7949621308933605
986.0,cctv2,C2_S010,G002,EMPTY,EMPTY,0.01
986.0,cctv2,C2_S011,G017,OCCUPIED,OCCUPIED,0.813921011577953
986.0,cctv2,C2_S012,G018,OCCUPIED,OCCUPIED,0.7949318552559073
986.0,cctv2,C2_S013,G019,EMPTY,MANEUVERING,0.49
986.0,cctv2,C2_S014,G020,EMPTY,MANEUVERING,0.2459987196597186
986.0,cctv3,C3_S001,G021,EMPTY,EMPTY,0.01
986.0,cctv3,C3_S002,G019,EMPTY,EMPTY,0.01
986.0,cctv3,C3_S003,G020,OCCUPIED,LEAVING,0.8125025220892647
986.0,cctv3,C3_S004,G024,OCCUPIED,OCCUPIED,0.7792708601463925
986.0,cctv3,C3_S005,G025,OCCUPIED,OCCUPIED,0.8223265165632422
986.0,cctv3,C3_S006,G026,OCCUPIED,OCCUPIED,0.8238040886142037
986.0,cctv3,C3_S007,G027,EMPTY,EMPTY,0.01
986.0,cctv3,C3_S008,G028,EMPTY,EMPTY,0.01
986.0,cctv3,C3_S009,G029,EMPTY,MANEUVERING,0.3833064992310987
986.0,cctv3,C3_S010,G007,EMPTY,MANEUVERING,0.1775733615051616
986.0,cctv3,C3_S011,G008,OCCUPIED,LEAVING,0.7809277627955784
986.0,cctv3,C3_S012,G009,OCCUPIED,OCCUPIED,0.8197061129591683
987.0,cctv1,C1_S001,G001,OCCUPIED,OCCUPIED,0.7270070798695089
987.0,cctv1,C1_S002,G002,EMPTY,EMPTY,0.01
987.0,cctv1,C1_S003,G003,OCCUPIED,OCCUPIED,0.8366897840391506
987.0,cctv1,C1_S004,G004,OCCUPIED,OCCUPIED,0.7747541426257655
987.0,cctv1,C1_S005,G005,OCCUPIED,OCCUPIED,0.747836047885093
987.0,cctv1,C1_S006,G006,EMPTY,MANEUVERING,0.49
987.0,cctv2,C2_S001,G007,OCCUPIED,OCCUPIED,0.6724393824555657
987.0,cctv2,C2_S002,G008,OCCUPIED,OCCUPIED,0.8355765591968191
987.0,cctv2,C2_S003,G009,EMPTY,EMPTY,0.01
987.0,cctv2,C2_S004,G010,OCCUPIED,OCCUPIED,0.7924606409939854
987.0,cctv2,C2_S005,G001,EMPTY,EMPTY,0.01
987.0,cctv2,C2_S006,G003,OCCUPIED,OCCUPIED,0.8177547294985165
987.0,cctv2,C2_S007,G004,OCCUPIED,OCCUPIED,0.7929669843478637
987.0,cctv2,C2_S008,G006,OCCUPIED,OCCUPIED,0.7623813237656247
987.0,cctv2,C2_S009,G005,OCCUPIED,OCCUPIED,0.7953900212591345
987.0,cctv2,C2_S010,G002,EMPTY,EMPTY,0.01
987.0,cctv2,C2_S011,G017,OCCUPIED,OCCUPIED,0.8135983735322952
987.0,cctv2,C2_S012,G018,OCCUPIED,OCCUPIED,0.7956565775654534
987.0,cctv2,C2_S013,G019,EMPTY,MANEUVERING,0.49
987.0,cctv2,C2_S014,G020,EMPTY,MANEUVERING,0.2161342299661853
987.0,cctv3,C3_S001,G021,EMPTY,EMPTY,0.01
987.0,cctv3,C3_S002,G019,EMPTY,EMPTY,0.01
987.0,cctv3,C3_S003,G020,OCCUPIED,LEAVING,0.8144339897415855
987.0,cctv3,C3_S004,G024,OCCUPIED,OCCUPIED,0.7756029571999203
987.0,cctv3,C3_S005,G025,OCCUPIED,OCCUPIED,0.821140946041454
987.0,cctv3,C3_S006,G026,OCCUPIED,OCCUPIED,0.8234873782504689
987.0,cctv3,C3_S007,G027,EMPTY,EMPTY,0.01
987.0,cctv3,C3_S008,G028,EMPTY,EMPTY,0.01
987.0,cctv3,C3_S009,G029,EMPTY,MANEUVERING,0.3833064992310987
987.0,cctv3,C3_S010,G007,EMPTY,MANEUVERING,0.2771601148627021
987.0,cctv3,C3_S011,G008,OCCUPIED,LEAVING,0.7005895170975815
987.0,cctv3,C3_S012,G009,OCCUPIED,OCCUPIED,0.8203376089984721
988.0,cctv1,C1_S001,G001,OCCUPIED,OCCUPIED,0.7261593071574515
988.0,cctv1,C1_S002,G002,EMPTY,EMPTY,0.01
988.0,cctv1,C1_S003,G003,OCCUPIED,OCCUPIED,0.8367356741970237
988.0,cctv1,C1_S004,G004,OCCUPIED,OCCUPIED,0.7734133794903756
988.0,cctv1,C1_S005,G005,OCCUPIED,OCCUPIED,0.7433104553683239
988.0,cctv1,C1_S006,G006,EMPTY,MANEUVERING,0.49
988.0,cctv2,C2_S001,G007,OCCUPIED,OCCUPIED,0.7536473803628575
988.0,cctv2,C2_S002,G008,OCCUPIED,OCCUPIED,0.8355716824531556
988.0,cctv2,C2_S003,G009,EMPTY,EMPTY,0.01
988.0,cctv2,C2_S004,G010,OCCUPIED,OCCUPIED,0.795406537977132
988.0,cctv2,C2_S005,G001,EMPTY,EMPTY,0.01
988.0,cctv2,C2_S006,G003,OCCUPIED,OCCUPIED,0.8174780198118904
988.0,cctv2,C2_S007,G004,OCCUPIED,OCCUPIED,0.7922040202400902
988.0,cctv2,C2_S008,G006,OCCUPIED,OCCUPIED,0.7625187512148511
988.0,cctv2,C2_S009,G005,OCCUPIED,OCCUPIED,0.7955347565087406
988.0,cctv2,C2_S010,G002,EMPTY,EMPTY,0.01
988.0,cctv2,C2_S011,G017,OCCUPIED,OCCUPIED,0.8133071652867578
988.0,cctv2,C2_S012,G018,OCCUPIED,OCCUPIED,0.7959854407743975
988.0,cctv2,C2_S013,G019,EMPTY,MANEUVERING,0.4157901271635835
988.0,cctv2,C2_S014,G020,EMPTY,MANEUVERING,0.2044385815750469
988.0,cctv3,C3_S001,G021,EMPTY,EMPTY,0.01
988.0,cctv3,C3_S002,G019,EMPTY,EMPTY,0.01
988.0,cctv3,C3_S003,G020,OCCUPIED,LEAVING,0.8143824303692038
988.0,cctv3,C3_S004,G024,OCCUPIED,OCCUPIED,0.6952126701492252
988.0,cctv3,C3_S005,G025,OCCUPIED,OCCUPIED,0.8193117087537592
988.0,cctv3,C3_S006,G026,OCCUPIED,OCCUPIED,0.8230265341021799
988.0,cctv3,C3_S007,G027,EMPTY,EMPTY,0.01
988.0,cctv3,C3_S008,G028,EMPTY,EMPTY,0.01
988.0,cctv3,C3_S009,G029,EMPTY,MANEUVERING,0.4611856730858033
988.0,cctv3,C3_S010,G007,EMPTY,MANEUVERING,0.2771601148627021
988.0,cctv3,C3_S011,G008,OCCUPIED,LEAVING,0.7000519621778618
988.0,cctv3,C3_S012,G009,OCCUPIED,OCCUPIED,0.8200883521275087
989.0,cctv1,C1_S001,G001,OCCUPIED,OCCUPIED,0.7272542399438945
989.0,cctv1,C1_S002,G002,EMPTY,EMPTY,0.01
989.0,cctv1,C1_S003,G003,OCCUPIED,OCCUPIED,0.8367730463092978
989.0,cctv1,C1_S004,G004,OCCUPIED,OCCUPIED,0.7745192246003585
989.0,cctv1,C1_S005,G005,OCCUPIED,OCCUPIED,0.7435972765765407
989.0,cctv1,C1_S006,G006,EMPTY,MANEUVERING,0.49
989.0,cctv2,C2_S001,G007,OCCUPIED,OCCUPIED,0.7528779735077512
989.0,cctv2,C2_S002,G008,OCCUPIED,OCCUPIED,0.835610529780388
989.0,cctv2,C2_S003,G009,EMPTY,EMPTY,0.01
989.0,cctv2,C2_S004,G010,OCCUPIED,OCCUPIED,0.793576787818562
989.0,cctv2,C2_S005,G001,EMPTY,EMPTY,0.01
989.0,cctv2,C2_S006,G003,OCCUPIED,OCCUPIED,0.817319543524222
989.0,cctv2,C2_S007,G004,OCCUPIED,OCCUPIED,0.791596577113325
989.0,cctv2,C2_S008,G006,OCCUPIED,OCCUPIED,0.7631668594750491
989.0,cctv2,C2_S009,G005,OCCUPIED,OCCUPIED,0.7971637132492932
989.0,cctv2,C2_S010,G002,EMPTY,EMPTY,0.01
989.0,cctv2,C2_S011,G017,OCCUPIED,OCCUPIED,0.8132808674465527
989.0,cctv2,C2_S012,G018,OCCUPIED,OCCUPIED,0.7966321116144007
989.0,cctv2,C2_S013,G019,EMPTY,MANEUVERING,0.3329442328079181
989.0,cctv2,C2_S014,G020,EMPTY,MANEUVERING,0.2044385815750469
989.0,cctv3,C3_S001,G021,EMPTY,EMPTY,0.01
989.0,cctv3,C3_S002,G019,EMPTY,EMPTY,0.01
989.0,cctv3,C3_S003,G020,OCCUPIED,LEAVING,0.8168118143623526
989.0,cctv3,C3_S004,G024,OCCUPIED,OCCUPIED,0.6966024766185067
989.0,cctv3,C3_S005,G025,OCCUPIED,OCCUPIED,0.8183698388663205
989.0,cctv3,C3_S006,G026,OCCUPIED,OCCUPIED,0.8227899307554419
989.0,cctv3,C3_S007,G027,EMPTY,EMPTY,0.01
989.0,cctv3,C3_S008,G028,EMPTY,EMPTY,0.01
989.0,cctv3,C3_S009,G029,EMPTY,MANEUVERING,0.49
989.0,cctv3,C3_S010,G007,EMPTY,MANEUVERING,0.2771601148627021
989.0,cctv3,C3_S011,G008,OCCUPIED,LEAVING,0.7014725391973149
989.0,cctv3,C3_S012,G009,OCCUPIED,OCCUPIED,0.8195609826933254
990.0,cctv1,C1_S001,G001,OCCUPIED,OCCUPIED,0.7279883900149303
990.0,cctv1,C1_S002,G002,EMPTY,EMPTY,0.01
990.0,cctv1,C1_S003,G003,OCCUPIED,OCCUPIED,0.836822083592415
990.0,cctv1,C1_S004,G004,OCCUPIED,OCCUPIED,0.772576373002746
990.0,cctv1,C1_S005,G005,OCCUPIED,OCCUPIED,0.7442058413543485
990.0,cctv1,C1_S006,G006,EMPTY,MANEUVERING,0.49
990.0,cctv2,C2_S001,G007,OCCUPIED,OCCUPIED,0.7524410961974751
990.0,cctv2,C2_S002,G008,OCCUPIED,OCCUPIED,0.8358257518573241
990.0,cctv2,C2_S003,G009,EMPTY,EMPTY,0.01
990.0,cctv2,C2_S004,G010,OCCUPIED,OCCUPIED,0.7947510312904011
990.0,cctv2,C2_S005,G001,EMPTY,EMPTY,0.01
990.0,cctv2,C2_S006,G003,OCCUPIED,OCCUPIED,0.817399045012214
990.0,cctv2,C2_S007,G004,OCCUPIED,OCCUPIED,0.7917031315239994
990.0,cctv2,C2_S008,G006,OCCUPIED,OCCUPIED,0.7636902803724464
990.0,cctv2,C2_S009,G005,OCCUPIED,OCCUPIED,0.7972607596354052
990.0,cctv2,C2_S010,G002,EMPTY,EMPTY,0.01
990.0,cctv2,C2_S011,G017,OCCUPIED,OCCUPIED,0.8135099882429297
990.0,cctv2,C2_S012,G018,OCCUPIED,OCCUPIED,0.7966716181148183
990.0,cctv2,C2_S013,G019,EMPTY,MANEUVERING,0.2967496419223872
990.0,cctv2,C2_S014,G020,EMPTY,MANEUVERING,0.2044385815750469
990.0,cctv3,C3_S001,G021,EMPTY,EMPTY,0.01
990.0,cctv3,C3_S002,G019,EMPTY,EMPTY,0.01
990.0,cctv3,C3_S003,G020,OCCUPIED,LEAVING,0.8188918040557341
990.0,cctv3,C3_S004,G024,OCCUPIED,OCCUPIED,0.700696982921976
990.0,cctv3,C3_S005,G025,OCCUPIED,OCCUPIED,0.8178695556792347
990.0,cctv3,C3_S006,G026,OCCUPIED,OCCUPIED,0.8225251089442861
990.0,cctv3,C3_S007,G027,EMPTY,EMPTY,0.01
990.0,cctv3,C3_S008,G028,EMPTY,EMPTY,0.01
990.0,cctv3,C3_S009,G029,EMPTY,MANEUVERING,0.49
990.0,cctv3,C3_S010,G007,EMPTY,MANEUVERING,0.2771601148627021
990.0,cctv3,C3_S011,G008,OCCUPIED,LEAVING,0.7007852839339863
990.0,cctv3,C3_S012,G009,OCCUPIED,OCCUPIED,0.8192640312693337
991.0,cctv1,C1_S001,G001,OCCUPIED,OCCUPIED,0.7279214006255974
991.0,cctv1,C1_S002,G002,EMPTY,EMPTY,0.01
991.0,cctv1,C1_S003,G003,OCCUPIED,OCCUPIED,0.8367873115973039
991.0,cctv1,C1_S004,G004,OCCUPIED,OCCUPIED,0.7734853793274273
991.0,cctv1,C1_S005,G005,OCCUPIED,OCCUPIED,0.7462594393302094
991.0,cctv1,C1_S006,G006,EMPTY,MANEUVERING,0.49
991.0,cctv2,C2_S001,G007,OCCUPIED,OCCUPIED,0.752516299079765
991.0,cctv2,C2_S002,G008,OCCUPIED,OCCUPIED,0.8363538487391039
991.0,cctv2,C2_S003,G009,EMPTY,EMPTY,0.01
991.0,cctv2,C2_S004,G010,OCCUPIED,OCCUPIED,0.7931414961814881
991.0,cctv2,C2_S005,G001,EMPTY,EMPTY,0.01
991.0,cctv2,C2_S006,G003,OCCUPIED,OCCUPIED,0.8170551118525593
991.0,cctv2,C2_S007,G004,OCCUPIED,OCCUPIED,0.7912089044397528
991.0,cctv2,C2_S008,G006,OCCUPIED,OCCUPIED,0.7643158414147118
991.0,cctv2,C2_S009,G005,OCCUPIED,OCCUPIED,0.7984508760950783
991.0,cctv2,C2_S010,G002,EMPTY,EMPTY,0.01
991.0,cctv2,C2_S011,G017,OCCUPIED,OCCUPIED,0.8136422089555048
991.0,cctv2,C2_S012,G018,OCCUPIED,OCCUPIED,0.7966558312827892
991.0,cctv2,C2_S013,G019,EMPTY,MANEUVERING,0.2967496419223872
991.0,cctv2,C2_S014,G020,EMPTY,EMPTY,0.01
991.0,cctv3,C3_S001,G021,EMPTY,EMPTY,0.01
991.0,cctv3,C3_S002,G019,EMPTY,EMPTY,0.01
991.0,cctv3,C3_S003,G020,OCCUPIED,OCCUPIED,0.8197370372035288
991.0,cctv3,C3_S004,G024,OCCUPIED,OCCUPIED,0.7014371752558333
991.0,cctv3,C3_S005,G025,OCCUPIED,OCCUPIED,0.8179168527776546
991.0,cctv3,C3_S006,G026,OCCUPIED,OCCUPIED,0.8222365950996227
991.0,cctv3,C3_S007,G027,EMPTY,EMPTY,0.01
991.0,cctv3,C3_S008,G028,EMPTY,EMPTY,0.01
991.0,cctv3,C3_S009,G029,EMPTY,MANEUVERING,0.49
991.0,cctv3,C3_S010,G007,EMPTY,MANEUVERING,0.2321601148627021
991.0,cctv3,C3_S011,G008,OCCUPIED,LEAVING,0.7458831765164029
991.0,cctv3,C3_S012,G009,OCCUPIED,OCCUPIED,0.818585386059501
992.0,cctv1,C1_S001,G001,OCCUPIED,OCCUPIED,0.72726092138751
992.0,cctv1,C1_S002,G002,EMPTY,EMPTY,0.01
992.0,cctv1,C1_S003,G003,OCCUPIED,OCCUPIED,0.8367686092853547
992.0,cctv1,C1_S004,G004,OCCUPIED,OCCUPIED,0.7733561082319781
992.0,cctv1,C1_S005,G005,OCCUPIED,OCCUPIED,0.7456512466073036
992.0,cctv1,C1_S006,G006,EMPTY,MANEUVERING,0.49
992.0,cctv2,C2_S001,G007,OCCUPIED,OCCUPIED,0.7518119518865239
992.0,cctv2,C2_S002,G008,OCCUPIED,OCCUPIED,0.8362957407127728
992.0,cctv2,C2_S003,G009,EMPTY,EMPTY,0.01
992.0,cctv2,C2_S004,G010,OCCUPIED,OCCUPIED,0.7929399200461128
992.0,cctv2,C2_S005,G001,EMPTY,EMPTY,0.01
992.0,cctv2,C2_S006,G003,OCCUPIED,OCCUPIED,0.8173905017701063
992.0,cctv2,C2_S007,G004,OCCUPIED,OCCUPIED,0.7916282605041158
992.0,cctv2,C2_S008,G006,OCCUPIED,OCCUPIED,0.7650995280254972
992.0,cctv2,C2_S009,G005,OCCUPIED,OCCUPIED,0.7986405123363842
992.0,cctv2,C2_S010,G002,EMPTY,EMPTY,0.01
992.0,cctv2,C2_S011,G017,OCCUPIED,OCCUPIED,0.8133923668753018
992.0,cctv2,C2_S012,G018,OCCUPIED,OCCUPIED,0.796785698153756
992.0,cctv2,C2_S013,G019,EMPTY,MANEUVERING,0.2967496419223872
992.0,cctv2,C2_S014,G020,EMPTY,EMPTY,0.01
992.0,cctv3,C3_S001,G021,EMPTY,EMPTY,0.01
992.0,cctv3,C3_S002,G019,EMPTY,EMPTY,0.01
992.0,cctv3,C3_S003,G020,OCCUPIED,OCCUPIED,0.8222766144709154
992.0,cctv3,C3_S004,G024,OCCUPIED,OCCUPIED,0.7460520944812081
992.0,cctv3,C3_S005,G025,OCCUPIED,OCCUPIED,0.8178212986751037
992.0,cctv3,C3_S006,G026,OCCUPIED,OCCUPIED,0.8221502011472529
992.0,cctv3,C3_S007,G027,EMPTY,EMPTY,0.01
992.0,cctv3,C3_S008,G028,EMPTY,EMPTY,0.01
992.0,cctv3,C3_S009,G029,EMPTY,MANEUVERING,0.4842606345547193
992.0,cctv3,C3_S010,G007,EMPTY,MANEUVERING,0.2321601148627021
992.0,cctv3,C3_S011,G008,OCCUPIED,LEAVING,0.7460672270167958
992.0,cctv3,C3_S012,G009,OCCUPIED,OCCUPIED,0.8174651744690808
993.0,cctv1,C1_S001,G001,OCCUPIED,OCCUPIED,0.7266904636878859
993.0,cctv1,C1_S002,G002,EMPTY,EMPTY,0.01
993.0,cctv1,C1_S003,G003,OCCUPIED,OCCUPIED,0.8368556908585809
993.0,cctv1,C1_S004,G004,OCCUPIED,OCCUPIED,0.7759145076979291
993.0,cctv1,C1_S005,G005,OCCUPIED,OCCUPIED,0.7473914313045416
993.0,cctv1,C1_S006,G006,EMPTY,MANEUVERING,0.49
993.0,cctv2,C2_S001,G007,OCCUPIED,OCCUPIED,0.7524678297747266
993.0,cctv2,C2_S002,G008,OCCUPIED,OCCUPIED,0.835941288417036
993.0,cctv2,C2_S003,G009,EMPTY,EMPTY,0.01
993.0,cctv2,C2_S004,G010,OCCUPIED,OCCUPIED,0.7929782626303761
993.0,cctv2,C2_S005,G001,EMPTY,EMPTY,0.01
993.0,cctv2,C2_S006,G003,OCCUPIED,OCCUPIED,0.8173198588869789
993.0,cctv2,C2_S007,G004,OCCUPIED,OCCUPIED,0.7915427988225764
993.0,cctv2,C2_S008,G006,OCCUPIED,OCCUPIED,0.7660834122787823
993.0,cctv2,C2_S009,G005,OCCUPIED,OCCUPIED,0.7986927910284564
993.0,cctv2,C2_S010,G002,EMPTY,EMPTY,0.01
993.0,cctv2,C2_S011,G017,OCCUPIED,OCCUPIED,0.813916008851745
993.0,cctv2,C2_S012,G018,OCCUPIED,OCCUPIED,0.7979292856021362
993.0,cctv2,C2_S013,G019,EMPTY,MANEUVERING,0.3931471309675411
993.0,cctv2,C2_S014,G020,EMPTY,EMPTY,0.01
993.0,cctv3,C3_S001,G021,EMPTY,EMPTY,0.01
993.0,cctv3,C3_S002,G019,EMPTY,EMPTY,0.01
993.0,cctv3,C3_S003,G020,OCCUPIED,OCCUPIED,0.8211786700920626
993.0,cctv3,C3_S004,G024,OCCUPIED,OCCUPIED,0.7839101367105138
993.0,cctv3,C3_S005,G025,OCCUPIED,OCCUPIED,0.8181317147883502
993.0,cctv3,C3_S006,G026,OCCUPIED,OCCUPIED,0.8221478432416917
993.0,cctv3,C3_S007,G027,EMPTY,EMPTY,0.01
993.0,cctv3,C3_S008,G028,EMPTY,EMPTY,0.01
993.0,cctv3,C3_S009,G029,EMPTY,MANEUVERING,0.4392606345547193
993.0,cctv3,C3_S010,G007,EMPTY,MANEUVERING,0.1940195954929698
993.0,cctv3,C3_S011,G008,OCCUPIED,LEAVING,0.750674789141525
993.0,cctv3,C3_S012,G009,OCCUPIED,OCCUPIED,0.8173787447539244
994.0,cctv1,C1_S001,G001,OCCUPIED,OCCUPIED,0.7255126971751452
994.0,cctv1,C1_S002,G002,EMPTY,EMPTY,0.01
994.0,cctv1,C1_S003,G003,OCCUPIED,OCCUPIED,0.8369519317691977
994.0,cctv1,C1_S004,G004,OCCUPIED,OCCUPIED,0.7789813410152089
994.0,cctv1,C1_S005,G005,OCCUPIED,OCCUPIED,0.7475651661103423
994.0,cctv1,C1_S006,G006,EMPTY,MANEUVERING,0.49
994.0,cctv2,C2_S001,G007,OCCUPIED,OCCUPIED,0.7513213530589234
994.0,cctv2,C2_S002,G008,OCCUPIED,OCCUPIED,0.8358776729215276
994.0,cctv2,C2_S003,G009,EMPTY,EMPTY,0.01
994.0,cctv2,C2_S004,G010,OCCUPIED,OCCUPIED,0.7950162749398839
994.0,cctv2,C2_S005,G001,EMPTY,EMPTY,0.01
994.0,cctv2,C2_S006,G003,OCCUPIED,OCCUPIED,0.817374011874199
994.0,cctv2,C2_S007,G004,OCCUPIED,OCCUPIED,0.7919576991688122
994.0,cctv2,C2_S008,G006,OCCUPIED,OCCUPIED,0.76676093949513
994.0,cctv2,C2_S009,G005,OCCUPIED,OCCUPIED,0.7991254158995369
994.0,cctv2,C2_S010,G002,EMPTY,EMPTY,0.01
994.0,cctv2,C2_S011,G017,OCCUPIED,OCCUPIED,0.8132067173719406
994.0,cctv2,C2_S012,G018,OCCUPIED,OCCUPIED,0.7993047191338106
994.0,cctv2,C2_S013,G019,EMPTY,MANEUVERING,0.3709247833761301
994.0,cctv2,C2_S014,G020,EMPTY,MANEUVERING,0.2608905411850322
994.0,cctv3,C3_S001,G021,EMPTY,EMPTY,0.01
994.0,cctv3,C3_S002,G019,EMPTY,EMPTY,0.01
994.0,cctv3,C3_S003,G020,OCCUPIED,OCCUPIED,0.8173137117515912
994.0,cctv3,C3_S004,G024,OCCUPIED,OCCUPIED,0.7863107298720967
994.0,cctv3,C3_S005,G025,OCCUPIED,OCCUPIED,0.8191905224865134
994.0,cctv3,C3_S006,G026,OCCUPIED,OCCUPIED,0.8223816140131518
994.0,cctv3,C3_S007,G027,EMPTY,EMPTY,0.01
994.0,cctv3,C3_S008,G028,EMPTY,EMPTY,0.01
994.0,cctv3,C3_S009,G029,EMPTY,MANEUVERING,0.3942606345547194
994.0,cctv3,C3_S010,G007,EMPTY,MANEUVERING,0.1940195954929698
994.0,cctv3,C3_S011,G008,OCCUPIED,LEAVING,0.7500990216840397
994.0,cctv3,C3_S012,G009,OCCUPIED,OCCUPIED,0.8171756503256885
995.0,cctv1,C1_S001,G001,OCCUPIED,OCCUPIED,0.7246356430717491
995.0,cctv1,C1_S002,G002,EMPTY,EMPTY,0.01
995.0,cctv1,C1_S003,G003,OCCUPIED,OCCUPIED,0.8368269985372371
995.0,cctv1,C1_S004,G004,OCCUPIED,OCCUPIED,0.7806940192526037
995.0,cctv1,C1_S005,G005,OCCUPIED,OCCUPIED,0.7469960647550496
995.0,cctv1,C1_S006,G006,EMPTY,MANEUVERING,0.49
995.0,cctv2,C2_S001,G007,OCCUPIED,OCCUPIED,0.7861198493025521
995.0,cctv2,C2_S002,G008,OCCUPIED,OCCUPIED,0.8356750076467341
995.0,cctv2,C2_S003,G009,EMPTY,EMPTY,0.01
995.0,cctv2,C2_S004,G010,OCCUPIED,OCCUPIED,0.7967124478383498
995.0,cctv2,C2_S005,G001,EMPTY,EMPTY,0.01
995.0,cctv2,C2_S006,G003,OCCUPIED,OCCUPIED,0.8173809457908978
995.0,cctv2,C2_S007,G004,OCCUPIED,OCCUPIED,0.7936033628203653
995.0,cctv2,C2_S008,G006,OCCUPIED,OCCUPIED,0.7675979650833391
995.0,cctv2,C2_S009,G005,OCCUPIED,OCCUPIED,0.8002670599655672
995.0,cctv2,C2_S010,G002,EMPTY,EMPTY,0.01
995.0,cctv2,C2_S011,G017,OCCUPIED,OCCUPIED,0.8136046507141808
995.0,cctv2,C2_S012,G018,OCCUPIED,OCCUPIED,0.7982850879430772
995.0,cctv2,C2_S013,G019,EMPTY,MANEUVERING,0.4075816858085719
995.0,cctv2,C2_S014,G020,EMPTY,MANEUVERING,0.3435741697929122
995.0,cctv3,C3_S001,G021,EMPTY,EMPTY,0.01
995.0,cctv3,C3_S002,G019,EMPTY,EMPTY,0.01
995.0,cctv3,C3_S003,G020,OCCUPIED,LEAVING,0.8169929146766663
995.0,cctv3,C3_S004,G024,OCCUPIED,OCCUPIED,0.7896347906101834
995.0,cctv3,C3_S005,G025,OCCUPIED,OCCUPIED,0.8222673486579549
995.0,cctv3,C3_S006,G026,OCCUPIED,OCCUPIED,0.8226007895036178
995.0,cctv3,C3_S007,G027,EMPTY,EMPTY,0.01
995.0,cctv3,C3_S008,G028,EMPTY,EMPTY,0.01
995.0,cctv3,C3_S009,G029,EMPTY,MANEUVERING,0.3492606345547193
995.0,cctv3,C3_S010,G007,EMPTY,MANEUVERING,0.1940195954929698
995.0,cctv3,C3_S011,G008,OCCUPIED,LEAVING,0.7501130111921918
995.0,cctv3,C3_S012,G009,OCCUPIED,OCCUPIED,0.8170301096005874
996.0,cctv1,C1_S001,G001,OCCUPIED,OCCUPIED,0.7257420455528932
996.0,cctv1,C1_S002,G002,EMPTY,EMPTY,0.01
996.0,cctv1,C1_S003,G003,OCCUPIED,OCCUPIED,0.8368199475786904
996.0,cctv1,C1_S004,G004,OCCUPIED,OCCUPIED,0.7818207079713996
996.0,cctv1,C1_S005,G005,OCCUPIED,OCCUPIED,0.748612159693783
996.0,cctv1,C1_S006,G006,EMPTY,MANEUVERING,0.49
996.0,cctv2,C2_S001,G007,OCCUPIED,OCCUPIED,0.7846599448810925
996.0,cctv2,C2_S002,G008,OCCUPIED,OCCUPIED,0.8355503109368412
996.0,cctv2,C2_S003,G009,EMPTY,EMPTY,0.01
996.0,cctv2,C2_S004,G010,OCCUPIED,OCCUPIED,0.7978596863421528
996.0,cctv2,C2_S005,G001,EMPTY,EMPTY,0.01
996.0,cctv2,C2_S006,G003,OCCUPIED,OCCUPIED,0.8173028398643841
996.0,cctv2,C2_S007,G004,OCCUPIED,OCCUPIED,0.7943180666728453
996.0,cctv2,C2_S008,G006,OCCUPIED,OCCUPIED,0.769272306426005
996.0,cctv2,C2_S009,G005,OCCUPIED,OCCUPIED,0.800160712003708
996.0,cctv2,C2_S010,G002,EMPTY,EMPTY,0.01
996.0,cctv2,C2_S011,G017,OCCUPIED,OCCUPIED,0.8140358353202994
996.0,cctv2,C2_S012,G018,OCCUPIED,OCCUPIED,0.7987839926372875
996.0,cctv2,C2_S013,G019,EMPTY,MANEUVERING,0.4814053073796359
996.0,cctv2,C2_S014,G020,EMPTY,MANEUVERING,0.4366578695448962
996.0,cctv3,C3_S001,G021,EMPTY,EMPTY,0.01
996.0,cctv3,C3_S002,G019,EMPTY,EMPTY,0.01
996.0,cctv3,C3_S003,G020,OCCUPIED,LEAVING,0.8136210276321932
996.0,cctv3,C3_S004,G024,OCCUPIED,OCCUPIED,0.79109558690678
996.0,cctv3,C3_S005,G025,OCCUPIED,OCCUPIED,0.8234793625094674
996.0,cctv3,C3_S006,G026,OCCUPIED,OCCUPIED,0.8226510963656686
996.0,cctv3,C3_S007,G027,EMPTY,EMPTY,0.01
996.0,cctv3,C3_S008,G028,EMPTY,EMPTY,0.01
996.0,cctv3,C3_S009,G029,EMPTY,MANEUVERING,0.3129402776638215
996.0,cctv3,C3_S010,G007,EMPTY,MANEUVERING,0.3074564861438491
996.0,cctv3,C3_S011,G008,OCCUPIED,OCCUPIED,0.7505614354122769
996.0,cctv3,C3_S012,G009,OCCUPIED,OCCUPIED,0.8170370540835641
997.0,cctv1,C1_S001,G001,OCCUPIED,OCCUPIED,0.7254487077959559
997.0,cctv1,C1_S002,G002,EMPTY,EMPTY,0.01
997.0,cctv1,C1_S003,G003,OCCUPIED,OCCUPIED,0.8368625491857529
997.0,cctv1,C1_S004,G004,OCCUPIED,OCCUPIED,0.7806706559928982
997.0,cctv1,C1_S005,G005,OCCUPIED,OCCUPIED,0.74945938621055
997.0,cctv1,C1_S006,G006,EMPTY,MANEUVERING,0.49
997.0,cctv2,C2_S001,G007,OCCUPIED,OCCUPIED,0.7824145774949681
997.0,cctv2,C2_S002,G008,OCCUPIED,OCCUPIED,0.8354472824118355
997.0,cctv2,C2_S003,G009,EMPTY,EMPTY,0.01
997.0,cctv2,C2_S004,G010,OCCUPIED,OCCUPIED,0.7972859073768963
997.0,cctv2,C2_S005,G001,EMPTY,EMPTY,0.01
997.0,cctv2,C2_S006,G003,OCCUPIED,OCCUPIED,0.8176937100562183
997.0,cctv2,C2_S007,G004,OCCUPIED,OCCUPIED,0.7947814052755183
997.0,cctv2,C2_S008,G006,OCCUPIED,OCCUPIED,0.7688398359851404
997.0,cctv2,C2_S009,G005,OCCUPIED,OCCUPIED,0.7997635581276634
997.0,cctv2,C2_S010,G002,EMPTY,EMPTY,0.01
997.0,cctv2,C2_S011,G017,OCCUPIED,OCCUPIED,0.813748118823225
997.0,cctv2,C2_S012,G018,OCCUPIED,OCCUPIED,0.7997193390672858
997.0,cctv2,C2_S013,G019,EMPTY,MANEUVERING,0.4364053073796359
997.0,cctv2,C2_S014,G020,EMPTY,MANEUVERING,0.49
997.0,cctv3,C3_S001,G021,EMPTY,EMPTY,0.01
997.0,cctv3,C3_S002,G019,EMPTY,EMPTY,0.01
997.0,cctv3,C3_S003,G020,OCCUPIED,LEAVING,0.8109358673745937
997.0,cctv3,C3_S004,G024,OCCUPIED,OCCUPIED,0.7938897522200238
997.0,cctv3,C3_S005,G025,OCCUPIED,OCCUPIED,0.8243899001316591
997.0,cctv3,C3_S006,G026,OCCUPIED,OCCUPIED,0.8227110250429674
997.0,cctv3,C3_S007,G027,EMPTY,EMPTY,0.01
997.0,cctv3,C3_S008,G028,EMPTY,EMPTY,0.01
997.0,cctv3,C3_S009,G029,EMPTY,MANEUVERING,0.276119226846336
997.0,cctv3,C3_S010,G007,EMPTY,MANEUVERING,0.3074564861438491
997.0,cctv3,C3_S011,G008,OCCUPIED,OCCUPIED,0.750052777718414
997.0,cctv3,C3_S012,G009,OCCUPIED,OCCUPIED,0.816070919958028
998.0,cctv1,C1_S001,G001,OCCUPIED,OCCUPIED,0.7264724031429399
998.0,cctv1,C1_S002,G002,EMPTY,EMPTY,0.01
998.0,cctv1,C1_S003,G003,OCCUPIED,OCCUPIED,0.8368237644433976
998.0,cctv1,C1_S004,G004,OCCUPIED,OCCUPIED,0.7816482342102311
998.0,cctv1,C1_S005,G005,OCCUPIED,OCCUPIED,0.7495183586396955
998.0,cctv1,C1_S006,G006,EMPTY,MANEUVERING,0.49
998.0,cctv2,C2_S001,G007,OCCUPIED,OCCUPIED,0.7817142925479196
998.0,cctv2,C2_S002,G008,OCCUPIED,OCCUPIED,0.8354776133190502
998.0,cctv2,C2_S003,G009,EMPTY,EMPTY,0.01
998.0,cctv2,C2_S004,G010,OCCUPIED,OCCUPIED,0.7979724090207707
998.0,cctv2,C2_S005,G001,EMPTY,EMPTY,0.01
998.0,cctv2,C2_S006,G003,OCCUPIED,OCCUPIED,0.8182772327553143
998.0,cctv2,C2_S007,G004,OCCUPIED,OCCUPIED,0.7952234698967501
998.0,cctv2,C2_S008,G006,OCCUPIED,OCCUPIED,0.7698244208639319
998.0,cctv2,C2_S009,G005,OCCUPIED,OCCUPIED,0.7990128257057885
998.0,cctv2,C2_S010,G002,EMPTY,EMPTY,0.01
998.0,cctv2,C2_S011,G017,OCCUPIED,OCCUPIED,0.8140616089105607
998.0,cctv2,C2_S012,G018,OCCUPIED,OCCUPIED,0.8005161867900329
998.0,cctv2,C2_S013,G019,EMPTY,MANEUVERING,0.49
998.0,cctv2,C2_S014,G020,EMPTY,MANEUVERING,0.49
998.0,cctv3,C3_S001,G021,EMPTY,EMPTY,0.01
998.0,cctv3,C3_S002,G019,EMPTY,EMPTY,0.01
998.0,cctv3,C3_S003,G020,OCCUPIED,LEAVING,0.8105910450220108
998.0,cctv3,C3_S004,G024,OCCUPIED,OCCUPIED,0.7954158254374157
998.0,cctv3,C3_S005,G025,OCCUPIED,OCCUPIED,0.8253961918028919
998.0,cctv3,C3_S006,G026,OCCUPIED,OCCUPIED,0.8227480305866762
998.0,cctv3,C3_S007,G027,EMPTY,EMPTY,0.01
998.0,cctv3,C3_S008,G028,EMPTY,EMPTY,0.01
998.0,cctv3,C3_S009,G029,EMPTY,MANEUVERING,0.276119226846336
998.0,cctv3,C3_S010,G007,EMPTY,MANEUVERING,0.2631661040674556
998.0,cctv3,C3_S011,G008,OCCUPIED,OCCUPIED,0.7872771241448143
998.0,cctv3,C3_S012,G009,OCCUPIED,OCCUPIED,0.8165703041986986
999.0,cctv1,C1_S001,G001,OCCUPIED,OCCUPIED,0.7265612498941747
999.0,cctv1,C1_S002,G002,EMPTY,EMPTY,0.01
999.0,cctv1,C1_S003,G003,OCCUPIED,OCCUPIED,0.8368076118555936
999.0,cctv1,C1_S004,G004,OCCUPIED,OCCUPIED,0.7829999757083981
999.0,cctv1,C1_S005,G005,OCCUPIED,OCCUPIED,0.7519681245765903
999.0,cctv1,C1_S006,G006,EMPTY,MANEUVERING,0.49
999.0,cctv2,C2_S001,G007,OCCUPIED,OCCUPIED,0.7818467449058186
999.0,cctv2,C2_S002,G008,OCCUPIED,OCCUPIED,0.8355718815868551
999.0,cctv2,C2_S003,G009,EMPTY,EMPTY,0.01
999.0,cctv2,C2_S004,G010,OCCUPIED,OCCUPIED,0.7967050766403025
999.0,cctv2,C2_S005,G001,EMPTY,EMPTY,0.01
999.0,cctv2,C2_S006,G003,OCCUPIED,OCCUPIED,0.8183571260083806
999.0,cctv2,C2_S007,G004,OCCUPIED,OCCUPIED,0.7959734431721948
999.0,cctv2,C2_S008,G006,OCCUPIED,OCCUPIED,0.7707620252262463
999.0,cctv2,C2_S009,G005,OCCUPIED,OCCUPIED,0.7989818559451537
999.0,cctv2,C2_S010,G002,EMPTY,EMPTY,0.01
999.0,cctv2,C2_S011,G017,OCCUPIED,OCCUPIED,0.8145864204926925
999.0,cctv2,C2_S012,G018,OCCUPIED,OCCUPIED,0.8004728520458395
999.0,cctv2,C2_S013,G019,EMPTY,MANEUVERING,0.49
999.0,cctv2,C2_S014,G020,EMPTY,MANEUVERING,0.49
999.0,cctv3,C3_S001,G021,EMPTY,EMPTY,0.01
999.0,cctv3,C3_S002,G019,EMPTY,EMPTY,0.01
999.0,cctv3,C3_S003,G020,OCCUPIED,LEAVING,0.8084287050095472
999.0,cctv3,C3_S004,G024,OCCUPIED,OCCUPIED,0.8302514241500335
999.0,cctv3,C3_S005,G025,OCCUPIED,OCCUPIED,0.827382828430696
999.0,cctv3,C3_S006,G026,OCCUPIED,OCCUPIED,0.8232212665406141
999.0,cctv3,C3_S007,G027,EMPTY,EMPTY,0.01
999.0,cctv3,C3_S008,G028,EMPTY,EMPTY,0.01
999.0,cctv3,C3_S009,G029,EMPTY,MANEUVERING,0.2398339372026649
999.0,cctv3,C3_S010,G007,EMPTY,MANEUVERING,0.2631661040674556
999.0,cctv3,C3_S011,G008,OCCUPIED,OCCUPIED,0.78836990730329
999.0,cctv3,C3_S012,G009,OCCUPIED,OCCUPIED,0.8170821566473354
1000.0,cctv1,C1_S001,G001,OCCUPIED,OCCUPIED,0.7255127705294978
1000.0,cctv1,C1_S002,G002,EMPTY,EMPTY,0.01
1000.0,cctv1,C1_S003,G003,OCCUPIED,OCCUPIED,0.8367900872772391
1000.0,cctv1,C1_S004,G004,OCCUPIED,OCCUPIED,0.7828969284892083
1000.0,cctv1,C1_S005,G005,OCCUPIED,OCCUPIED,0.7519377201118254
1000.0,cctv1,C1_S006,G006,EMPTY,MANEUVERING,0.45445966168464
1000.0,cctv2,C2_S001,G007,OCCUPIED,OCCUPIED,0.7826537029309707
1000.0,cctv2,C2_S002,G008,OCCUPIED,OCCUPIED,0.8350770985538309
1000.0,cctv2,C2_S003,G009,EMPTY,EMPTY,0.01
1000.0,cctv2,C2_S004,G010,OCCUPIED,OCCUPIED,0.7981840028004213
1000.0,cctv2,C2_S005,G001,EMPTY,EMPTY,0.01
1000.0,cctv2,C2_S006,G003,OCCUPIED,OCCUPIED,0.8184965000911193
1000.0,cctv2,C2_S007,G004,OCCUPIED,OCCUPIED,0.7963905689391224
1000.0,cctv2,C2_S008,G006,OCCUPIED,OCCUPIED,0.7691184008663352
1000.0,cctv2,C2_S009,G005,OCCUPIED,OCCUPIED,0.7984056743708524
1000.0,cctv2,C2_S010,G002,EMPTY,EMPTY,0.01
1000.0,cctv2,C2_S011,G017,OCCUPIED,OCCUPIED,0.8147854119539262
1000.0,cctv2,C2_S012,G018,OCCUPIED,OCCUPIED,0.8003862874074417
1000.0,cctv2,C2_S013,G019,EMPTY,MANEUVERING,0.49
1000.0,cctv2,C2_S014,G020,EMPTY,MANEUVERING,0.49
1000.0,cctv3,C3_S001,G021,EMPTY,EMPTY,0.01
1000.0,cctv3,C3_S002,G019,EMPTY,EMPTY,0.01
1000.0,cctv3,C3_S003,G020,OCCUPIED,LEAVING,0.8056074153293263
1000.0,cctv3,C3_S004,G024,OCCUPIED,OCCUPIED,0.8280997698957271
1000.0,cctv3,C3_S005,G025,OCCUPIED,OCCUPIED,0.8277796653184024
1000.0,cctv3,C3_S006,G026,OCCUPIED,OCCUPIED,0.8231995024464348
1000.0,cctv3,C3_S007,G027,EMPTY,EMPTY,0.01
1000.0,cctv3,C3_S008,G028,EMPTY,EMPTY,0.01
1000.0,cctv3,C3_S009,G029,EMPTY,MANEUVERING,0.2025921404852786
1000.0,cctv3,C3_S010,G007,EMPTY,MANEUVERING,0.2181661040674556
1000.0,cctv3,C3_S011,G008,OCCUPIED,OCCUPIED,0.7887798301198267
1000.0,cctv3,C3_S012,G009,OCCUPIED,OCCUPIED,0.8169696989384565
1001.0,cctv1,C1_S001,G001,OCCUPIED,OCCUPIED,0.7246249272403392
1001.0,cctv1,C1_S002,G002,EMPTY,EMPTY,0.01
1001.0,cctv1,C1_S003,G003,OCCUPIED,OCCUPIED,0.836825704574585
1001.0,cctv1,C1_S004,G004,OCCUPIED,OCCUPIED,0.7843381509184838
1001.0,cctv1,C1_S005,G005,OCCUPIED,OCCUPIED,0.7513517618856648
1001.0,cctv1,C1_S006,G006,EMPTY,MANEUVERING,0.4184994049167091
1001.0,cctv2,C2_S001,G007,OCCUPIED,OCCUPIED,0.7821609014814551
1001.0,cctv2,C2_S002,G008,OCCUPIED,OCCUPIED,0.834839775074612
1001.0,cctv2,C2_S003,G009,EMPTY,EMPTY,0.01
1001.0,cctv2,C2_S004,G010,OCCUPIED,OCCUPIED,0.7980747856877067
1001.0,cctv2,C2_S005,G001,EMPTY,EMPTY,0.01
1001.0,cctv2,C2_S006,G003,OCCUPIED,OCCUPIED,0.8183819299394435
1001.0,cctv2,C2_S007,G004,OCCUPIED,OCCUPIED,0.7961316561157054
1001.0,cctv2,C2_S008,G006,OCCUPIED,OCCUPIED,0.7685863233425401
1001.0,cctv2,C2_S009,G005,OCCUPIED,OCCUPIED,0.7975894757292488
1001.0,cctv2,C2_S010,G002,EMPTY,EMPTY,0.01
1001.0,cctv2,C2_S011,G017,OCCUPIED,OCCUPIED,0.8143709334460172
1001.0,cctv2,C2_S012,G018,OCCUPIED,OCCUPIED,0.8004333804954182
1001.0,cctv2,C2_S013,G019,EMPTY,MANEUVERING,0.49
1001.0,cctv2,C2_S014,G020,EMPTY,MANEUVERING,0.49
1001.0,cctv3,C3_S001,G021,EMPTY,EMPTY,0.01
1001.0,cctv3,C3_S002,G019,EMPTY,EMPTY,0.01
1001.0,cctv3,C3_S003,G020,OCCUPIED,LEAVING,0.8016155397350139
1001.0,cctv3,C3_S004,G024,OCCUPIED,OCCUPIED,0.8266293227672578
1001.0,cctv3,C3_S005,G025,OCCUPIED,OCCUPIED,0.8277363582090899
1001.0,cctv3,C3_S006,G026,OCCUPIED,OCCUPIED,0.8232673883438111
1001.0,cctv3,C3_S007,G027,EMPTY,EMPTY,0.01
1001.0,cctv3,C3_S008,G028,EMPTY,EMPTY,0.01
1001.0,cctv3,C3_S009,G029,EMPTY,MANEUVERING,0.1670387824218381
1001.0,cctv3,C3_S010,G007,EMPTY,MANEUVERING,0.2181661040674556
1001.0,cctv3,C3_S011,G008,OCCUPIED,OCCUPIED,0.7892761517654766
1001.0,cctv3,C3_S012,G009,OCCUPIED,OCCUPIED,0.8170330770991066
1002.0,cctv1,C1_S001,G001,OCCUPIED,OCCUPIED,0.7244929928332567
1002.0,cctv1,C1_S002,G002,EMPTY,EMPTY,0.01
1002.0,cctv1,C1_S003,G003,OCCUPIED,OCCUPIED,0.8368234856562182
1002.0,cctv1,C1_S004,G004,OCCUPIED,OCCUPIED,0.784555092860352
1002.0,cctv1,C1_S005,G005,OCCUPIED,OCCUPIED,0.7506034284152768
1002.0,cctv1,C1_S006,G006,EMPTY,MANEUVERING,0.4640100222622806
1002.0,cctv2,C2_S001,G007,OCCUPIED,OCCUPIED,0.7825450466437773
1002.0,cctv2,C2_S002,G008,OCCUPIED,OCCUPIED,0.834694300998341
1002.0,cctv2,C2_S003,G009,EMPTY,EMPTY,0.01
1002.0,cctv2,C2_S004,G010,OCCUPIED,OCCUPIED,0.7987002873962576
1002.0,cctv2,C2_S005,G001,EMPTY,EMPTY,0.01
1002.0,cctv2,C2_S006,G003,OCCUPIED,OCCUPIED,0.8184866758910093
1002.0,cctv2,C2_S007,G004,OCCUPIED,OCCUPIED,0.7961515272205527
1002.0,cctv2,C2_S008,G006,OCCUPIED,OCCUPIED,0.767973454432054
1002.0,cctv2,C2_S009,G005,OCCUPIED,OCCUPIED,0.7966153266755018
1002.0,cctv2,C2_S010,G002,EMPTY,EMPTY,0.01
1002.0,cctv2,C2_S011,G017,OCCUPIED,OCCUPIED,0.8138950234109705
1002.0,cctv2,C2_S012,G018,OCCUPIED,OCCUPIED,0.8001250540668314
1002.0,cctv2,C2_S013,G019,EMPTY,MANEUVERING,0.49
1002.0,cctv2,C2_S014,G020,EMPTY,MANEUVERING,0.49
1002.0,cctv3,C3_S001,G021,EMPTY,EMPTY,0.01
1002.0,cctv3,C3_S002,G019,EMPTY,EMPTY,0.01
1002.0,cctv3,C3_S003,G020,OCCUPIED,LEAVING,0.7998947961763903
1002.0,cctv3,C3_S004,G024,OCCUPIED,OCCUPIED,0.8251877069473267
1002.0,cctv3,C3_S005,G025,OCCUPIED,OCCUPIED,0.8274904817342759
1002.0,cctv3,C3_S006,G026,OCCUPIED,OCCUPIED,0.8234604773196308
1002.0,cctv3,C3_S007,G027,EMPTY,EMPTY,0.01
1002.0,cctv3,C3_S008,G028,EMPTY,EMPTY,0.01
1002.0,cctv3,C3_S009,G029,EMPTY,EMPTY,0.01
1002.0,cctv3,C3_S010,G007,EMPTY,MANEUVERING,0.2181661040674556
1002.0,cctv3,C3_S011,G008,OCCUPIED,OCCUPIED,0.7883122845129534
1002.0,cctv3,C3_S012,G009,OCCUPIED,OCCUPIED,0.8175368170846593
1003.0,cctv1,C1_S001,G001,OCCUPIED,OCCUPIED,0.7248935855247758
1003.0,cctv1,C1_S002,G002,EMPTY,EMPTY,0.01
1003.0,cctv1,C1_S003,G003,OCCUPIED,OCCUPIED,0.8368826600638304
1003.0,cctv1,C1_S004,G004,OCCUPIED,OCCUPIED,0.7851411547173154
1003.0,cctv1,C1_S005,G005,OCCUPIED,OCCUPIED,0.7537393759597432
1003.0,cctv1,C1_S006,G006,EMPTY,MANEUVERING,0.3840370961481874
1003.0,cctv2,C2_S001,G007,OCCUPIED,OCCUPIED,0.7833034737543627
1003.0,cctv2,C2_S002,G008,OCCUPIED,OCCUPIED,0.8349647757681934
1003.0,cctv2,C2_S003,G009,EMPTY,EMPTY,0.01
1003.0,cctv2,C2_S004,G010,OCCUPIED,OCCUPIED,0.7991923467679458
1003.0,cctv2,C2_S005,G001,EMPTY,EMPTY,0.01
1003.0,cctv2,C2_S006,G003,OCCUPIED,OCCUPIED,0.818325571851297
1003.0,cctv2,C2_S007,G004,OCCUPIED,OCCUPIED,0.7953360438346864
1003.0,cctv2,C2_S008,G006,OCCUPIED,OCCUPIED,0.7674126610159875
1003.0,cctv2,C2_S009,G005,OCCUPIED,OCCUPIED,0.796159747784788
1003.0,cctv2,C2_S010,G002,EMPTY,EMPTY,0.01
1003.0,cctv2,C2_S011,G017,OCCUPIED,OCCUPIED,0.8141126919876446
1003.0,cctv2,C2_S012,G018,OCCUPIED,OCCUPIED,0.8007991728457539
1003.0,cctv2,C2_S013,G019,EMPTY,MANEUVERING,0.49
1003.0,cctv2,C2_S014,G020,EMPTY,MANEUVERING,0.49
1003.0,cctv3,C3_S001,G021,EMPTY,EMPTY,0.01
1003.0,cctv3,C3_S002,G019,EMPTY,EMPTY,0.01
1003.0,cctv3,C3_S003,G020,OCCUPIED,LEAVING,0.7975766661492262
1003.0,cctv3,C3_S004,G024,OCCUPIED,LEAVING,0.8241089436140928
1003.0,cctv3,C3_S005,G025,OCCUPIED,OCCUPIED,0.8274542670358311
1003.0,cctv3,C3_S006,G026,OCCUPIED,OCCUPIED,0.8234757187691603
1003.0,cctv3,C3_S007,G027,EMPTY,EMPTY,0.01
1003.0,cctv3,C3_S008,G028,EMPTY,EMPTY,0.01
1003.0,cctv3,C3_S009,G029,EMPTY,EMPTY,0.01
1003.0,cctv3,C3_S010,G007,EMPTY,MANEUVERING,0.2181661040674556
1003.0,cctv3,C3_S011,G008,OCCUPIED,OCCUPIED,0.7892084162343633
1003.0,cctv3,C3_S012,G009,OCCUPIED,OCCUPIED,0.819057384133339
1004.0,cctv1,C1_S001,G001,OCCUPIED,OCCUPIED,0.7255898254161532
1004.0,cctv1,C1_S002,G002,EMPTY,EMPTY,0.01
1004.0,cctv1,C1_S003,G003,OCCUPIED,OCCUPIED,0.8369126040827145
1004.0,cctv1,C1_S004,G004,OCCUPIED,OCCUPIED,0.7842325182123618
1004.0,cctv1,C1_S005,G005,OCCUPIED,OCCUPIED,0.7543087244033814
1004.0,cctv1,C1_S006,G006,EMPTY,MANEUVERING,0.4297342903370207
1004.0,cctv2,C2_S001,G007,OCCUPIED,OCCUPIED,0.7824476401914251
1004.0,cctv2,C2_S002,G008,OCCUPIED,OCCUPIED,0.8352407669479197
1004.0,cctv2,C2_S003,G009,EMPTY,EMPTY,0.01
1004.0,cctv2,C2_S004,G010,OCCUPIED,OCCUPIED,0.7987147241830826
1004.0,cctv2,C2_S005,G001,EMPTY,EMPTY,0.01
1004.0,cctv2,C2_S006,G003,OCCUPIED,OCCUPIED,0.8183141058141535
1004.0,cctv2,C2_S007,G004,OCCUPIED,OCCUPIED,0.794376689195633
1004.0,cctv2,C2_S008,G006,OCCUPIED,OCCUPIED,0.7656400959600103
1004.0,cctv2,C2_S009,G005,OCCUPIED,OCCUPIED,0.7952414406971499
1004.0,cctv2,C2_S010,G002,EMPTY,EMPTY,0.01
1004.0,cctv2,C2_S011,G017,OCCUPIED,OCCUPIED,0.8137075865810568
1004.0,cctv2,C2_S012,G018,OCCUPIED,OCCUPIED,0.7987931194630536
1004.0,cctv2,C2_S013,G019,EMPTY,MANEUVERING,0.49
1004.0,cctv2,C2_S014,G020,EMPTY,MANEUVERING,0.49
1004.0,cctv3,C3_S001,G021,EMPTY,EMPTY,0.01
1004.0,cctv3,C3_S002,G019,EMPTY,EMPTY,0.01
1004.0,cctv3,C3_S003,G020,OCCUPIED,LEAVING,0.7955899766900323
1004.0,cctv3,C3_S004,G024,OCCUPIED,LEAVING,0.822480291670019
1004.0,cctv3,C3_S005,G025,OCCUPIED,OCCUPIED,0.8285318485715173
1004.0,cctv3,C3_S006,G026,OCCUPIED,OCCUPIED,0.8237905865365809
1004.0,cctv3,C3_S007,G027,EMPTY,EMPTY,0.01
1004.0,cctv3,C3_S008,G028,EMPTY,EMPTY,0.01
1004.0,cctv3,C3_S009,G029,EMPTY,EMPTY,0.01
1004.0,cctv3,C3_S010,G007,EMPTY,MANEUVERING,0.2181661040674556
1004.0,cctv3,C3_S011,G008,OCCUPIED,OCCUPIED,0.7900648203763095
1004.0,cctv3,C3_S012,G009,OCCUPIED,OCCUPIED,0.8188161430033771
1005.0,cctv1,C1_S001,G001,OCCUPIED,OCCUPIED,0.7265926454554905
1005.0,cctv1,C1_S002,G002,EMPTY,EMPTY,0.01
1005.0,cctv1,C1_S003,G003,OCCUPIED,OCCUPIED,0.8368587282570926
1005.0,cctv1,C1_S004,G004,OCCUPIED,OCCUPIED,0.7839247046546504
1005.0,cctv1,C1_S005,G005,OCCUPIED,OCCUPIED,0.7545937192710964
1005.0,cctv1,C1_S006,G006,EMPTY,MANEUVERING,0.4297342903370207
1005.0,cctv2,C2_S001,G007,OCCUPIED,OCCUPIED,0.7844820733774793
1005.0,cctv2,C2_S002,G008,OCCUPIED,OCCUPIED,0.8353016888553446
1005.0,cctv2,C2_S003,G009,EMPTY,EMPTY,0.01
1005.0,cctv2,C2_S004,G010,OCCUPIED,OCCUPIED,0.7987438651648435
1005.0,cctv2,C2_S005,G001,EMPTY,EMPTY,0.01
1005.0,cctv2,C2_S006,G003,OCCUPIED,OCCUPIED,0.8183099573308772
1005.0,cctv2,C2_S007,G004,OCCUPIED,OCCUPIED,0.7943048043684526
1005.0,cctv2,C2_S008,G006,OCCUPIED,OCCUPIED,0.7651859191330997
1005.0,cctv2,C2_S009,G005,OCCUPIED,OCCUPIED,0.7943752091039311
1005.0,cctv2,C2_S010,G002,EMPTY,EMPTY,0.01
1005.0,cctv2,C2_S011,G017,OCCUPIED,OCCUPIED,0.8142316829074514
1005.0,cctv2,C2_S012,G018,OCCUPIED,OCCUPIED,0.7976597187193958
1005.0,cctv2,C2_S013,G019,OCCUPIED,OCCUPIED,0.7892832191694867
1005.0,cctv2,C2_S014,G020,EMPTY,MANEUVERING,0.49
1005.0,cctv3,C3_S001,G021,EMPTY,EMPTY,0.01
1005.0,cctv3,C3_S002,G019,EMPTY,EMPTY,0.01
1005.0,cctv3,C3_S003,G020,OCCUPIED,LEAVING,0.7965300373055719
1005.0,cctv3,C3_S004,G024,OCCUPIED,LEAVING,0.8215446542609822
1005.0,cctv3,C3_S005,G025,OCCUPIED,OCCUPIED,0.8286737179214305
1005.0,cctv3,C3_S006,G026,OCCUPIED,OCCUPIED,0.8239128001711586
1005.0,cctv3,C3_S007,G027,EMPTY,EMPTY,0.01
1005.0,cctv3,C3_S008,G028,EMPTY,EMPTY,0.01
1005.0,cctv3,C3_S009,G029,EMPTY,EMPTY,0.01
1005.0,cctv3,C3_S010,G007,EMPTY,MANEUVERING,0.2181661040674556
1005.0,cctv3,C3_S011,G008,OCCUPIED,OCCUPIED,0.7900568948550658
1005.0,cctv3,C3_S012,G009,OCCUPIED,OCCUPIED,0.8179834983565591
1006.0,cctv1,C1_S001,G001,OCCUPIED,OCCUPIED,0.728105617788705
1006.0,cctv1,C1_S002,G002,EMPTY,EMPTY,0.01
1006.0,cctv1,C1_S003,G003,OCCUPIED,OCCUPIED,0.8369840695099398
1006.0,cctv1,C1_S004,G004,OCCUPIED,OCCUPIED,0.7821117650378835
1006.0,cctv1,C1_S005,G005,OCCUPIED,OCCUPIED,0.7559018821878868
1006.0,cctv1,C1_S006,G006,EMPTY,MANEUVERING,0.3490590405701236
1006.0,cctv2,C2_S001,G007,OCCUPIED,OCCUPIED,0.7866195936094631
1006.0,cctv2,C2_S002,G008,OCCUPIED,OCCUPIED,0.8356200475584378
1006.0,cctv2,C2_S003,G009,EMPTY,EMPTY,0.01
1006.0,cctv2,C2_S004,G010,OCCUPIED,OCCUPIED,0.79819052381949
1006.0,cctv2,C2_S005,G001,EMPTY,EMPTY,0.01
1006.0,cctv2,C2_S006,G003,OCCUPIED,OCCUPIED,0.8183218777179718
1006.0,cctv2,C2_S007,G004,OCCUPIED,OCCUPIED,0.7937309238043699
1006.0,cctv2,C2_S008,G006,OCCUPIED,OCCUPIED,0.7645173439925368
1006.0,cctv2,C2_S009,G005,OCCUPIED,OCCUPIED,0.7936785370111467
1006.0,cctv2,C2_S010,G002,EMPTY,EMPTY,0.01
1006.0,cctv2,C2_S011,G017,OCCUPIED,OCCUPIED,0.8140813337130981
1006.0,cctv2,C2_S012,G018,OCCUPIED,OCCUPIED,0.7980134240605615
1006.0,cctv2,C2_S013,G019,OCCUPIED,OCCUPIED,0.7918769278038632
1006.0,cctv2,C2_S014,G020,EMPTY,MANEUVERING,0.49
1006.0,cctv3,C3_S001,G021,EMPTY,EMPTY,0.01
1006.0,cctv3,C3_S002,G019,EMPTY,EMPTY,0.01
1006.0,cctv3,C3_S003,G020,OCCUPIED,LEAVING,0.7958961085839705
1006.0,cctv3,C3_S004,G024,OCCUPIED,LEAVING,0.8207824176008052
1006.0,cctv3,C3_S005,G025,OCCUPIED,OCCUPIED,0.8273214846849442
1006.0,cctv3,C3_S006,G026,OCCUPIED,OCCUPIED,0.8238013056191532
1006.0,cctv3,C3_S007,G027,EMPTY,EMPTY,0.01
1006.0,cctv3,C3_S008,G028,EMPTY,EMPTY,0.01
1006.0,cctv3,C3_S009,G029,EMPTY,MANEUVERING,0.2093759551610459
1006.0,cctv3,C3_S010,G007,EMPTY,MANEUVERING,0.2181661040674556
1006.0,cctv3,C3_S011,G008,OCCUPIED,OCCUPIED,0.7901392281055452
1006.0,cctv3,C3_S012,G009,OCCUPIED,OCCUPIED,0.8183036435734142
1007.0,cctv1,C1_S001,G001,OCCUPIED,OCCUPIED,0.7276330548253928
1007.0,cctv1,C1_S002,G002,EMPTY,EMPTY,0.01
1007.0,cctv1,C1_S003,G003,OCCUPIED,OCCUPIED,0.8371234874833715
1007.0,cctv1,C1_S004,G004,OCCUPIED,OCCUPIED,0.7804921049963345
1007.0,cctv1,C1_S005,G005,OCCUPIED,OCCUPIED,0.7564880318262361
1007.0,cctv1,C1_S006,G006,EMPTY,MANEUVERING,0.3139765604111281
1007.0,cctv2,C2_S001,G007,OCCUPIED,OCCUPIED,0.7872881520878185
1007.0,cctv2,C2_S002,G008,OCCUPIED,OCCUPIED,0.8357144596901808
1007.0,cctv2,C2_S003,G009,EMPTY,EMPTY,0.01
1007.0,cctv2,C2_S004,G010,OCCUPIED,OCCUPIED,0.7985670563849536
1007.0,cctv2,C2_S005,G001,EMPTY,EMPTY,0.01
1007.0,cctv2,C2_S006,G003,OCCUPIED,OCCUPIED,0.8182243363423781
1007.0,cctv2,C2_S007,G004,OCCUPIED,OCCUPIED,0.7932302382859318
1007.0,cctv2,C2_S008,G006,OCCUPIED,OCCUPIED,0.7638342556628315
1007.0,cctv2,C2_S009,G005,OCCUPIED,OCCUPIED,0.7930026707324116
1007.0,cctv2,C2_S010,G002,EMPTY,EMPTY,0.01
1007.0,cctv2,C2_S011,G017,OCCUPIED,OCCUPIED,0.8144719462503087
1007.0,cctv2,C2_S012,G018,OCCUPIED,OCCUPIED,0.79772117219188
1007.0,cctv2,C2_S013,G019,OCCUPIED,OCCUPIED,0.7928891237486493
1007.0,cctv2,C2_S014,G020,EMPTY,MANEUVERING,0.49
1007.0,cctv3,C3_S001,G021,EMPTY,EMPTY,0.01
1007.0,cctv3,C3_S002,G019,EMPTY,EMPTY,0.01
1007.0,cctv3,C3_S003,G020,OCCUPIED,LEAVING,0.7950357672843067
1007.0,cctv3,C3_S004,G024,OCCUPIED,LEAVING,0.8199945731596514
1007.0,cctv3,C3_S005,G025,OCCUPIED,OCCUPIED,0.8270011793483388
1007.0,cctv3,C3_S006,G026,OCCUPIED,OCCUPIED,0.8240237647836859
1007.0,cctv3,C3_S007,G027,EMPTY,EMPTY,0.01
1007.0,cctv3,C3_S008,G028,EMPTY,EMPTY,0.01
1007.0,cctv3,C3_S009,G029,EMPTY,MANEUVERING,0.2093759551610459
1007.0,cctv3,C3_S010,G007,EMPTY,EMPTY,0.01
1007.0,cctv3,C3_S011,G008,OCCUPIED,OCCUPIED,0.7890782949599353
1007.0,cctv3,C3_S012,G009,OCCUPIED,OCCUPIED,0.8187743964520369
1008.0,cctv1,C1_S001,G001,OCCUPIED,OCCUPIED,0.7282228453592822
1008.0,cctv1,C1_S002,G002,EMPTY,EMPTY,0.01
1008.0,cctv1,C1_S003,G003,OCCUPIED,OCCUPIED,0.8370716200633483
1008.0,cctv1,C1_S004,G004,OCCUPIED,OCCUPIED,0.7815748855471611
1008.0,cctv1,C1_S005,G005,OCCUPIED,OCCUPIED,0.7573204147544774
1008.0,cctv1,C1_S006,G006,EMPTY,MANEUVERING,0.2689765604111281
1008.0,cctv2,C2_S001,G007,OCCUPIED,OCCUPIED,0.7883903806859798
1008.0,cctv2,C2_S002,G008,OCCUPIED,OCCUPIED,0.8355864370411094
1008.0,cctv2,C2_S003,G009,EMPTY,EMPTY,0.01
1008.0,cctv2,C2_S004,G010,OCCUPIED,OCCUPIED,0.7982553137974306
1008.0,cctv2,C2_S005,G001,EMPTY,EMPTY,0.01
1008.0,cctv2,C2_S006,G003,OCCUPIED,OCCUPIED,0.8182560441168872
1008.0,cctv2,C2_S007,G004,OCCUPIED,OCCUPIED,0.7930204806002704
1008.0,cctv2,C2_S008,G006,OCCUPIED,OCCUPIED,0.7629634691910311
1008.0,cctv2,C2_S009,G005,OCCUPIED,OCCUPIED,0.7915211655876854
1008.0,cctv2,C2_S010,G002,EMPTY,EMPTY,0.01
1008.0,cctv2,C2_S011,G017,OCCUPIED,OCCUPIED,0.8141393531452527
1008.0,cctv2,C2_S012,G018,OCCUPIED,OCCUPIED,0.7974573712457311
1008.0,cctv2,C2_S013,G019,OCCUPIED,LEAVING,0.8241845506158743
1008.0,cctv2,C2_S014,G020,OCCUPIED,OCCUPIED,0.7135064219344747
1008.0,cctv3,C3_S001,G021,EMPTY,EMPTY,0.01
1008.0,cctv3,C3_S002,G019,EMPTY,EMPTY,0.01
1008.0,cctv3,C3_S003,G020,OCCUPIED,LEAVING,0.796089254455133
1008.0,cctv3,C3_S004,G024,OCCUPIED,OCCUPIED,0.8181586027145387
1008.0,cctv3,C3_S005,G025,OCCUPIED,OCCUPIED,0.8272023482756181
1008.0,cctv3,C3_S006,G026,OCCUPIED,OCCUPIED,0.8242979044264014
1008.0,cctv3,C3_S007,G027,EMPTY,EMPTY,0.01
1008.0,cctv3,C3_S008,G028,EMPTY,EMPTY,0.01
1008.0,cctv3,C3_S009,G029,EMPTY,MANEUVERING,0.2093759551610459
1008.0,cctv3,C3_S010,G007,EMPTY,EMPTY,0.01
1008.0,cctv3,C3_S011,G008,OCCUPIED,OCCUPIED,0.7888230218128726
1008.0,cctv3,C3_S012,G009,OCCUPIED,OCCUPIED,0.819432246414098
1009.0,cctv1,C1_S001,G001,OCCUPIED,OCCUPIED,0.7272028642621908
1009.0,cctv1,C1_S002,G002,EMPTY,EMPTY,0.01
1009.0,cctv1,C1_S003,G003,OCCUPIED,OCCUPIED,0.837084099650383
1009.0,cctv1,C1_S004,G004,OCCUPIED,OCCUPIED,0.7798894317312675
1009.0,cctv1,C1_S005,G005,OCCUPIED,OCCUPIED,0.7584318526766518
1009.0,cctv1,C1_S006,G006,EMPTY,MANEUVERING,0.2689765604111281
1009.0,cctv2,C2_S001,G007,OCCUPIED,OCCUPIED,0.7883869596502998
1009.0,cctv2,C2_S002,G008,OCCUPIED,OCCUPIED,0.8354576796293259
1009.0,cctv2,C2_S003,G009,EMPTY,EMPTY,0.01
1009.0,cctv2,C2_S004,G010,OCCUPIED,OCCUPIED,0.7961257845163346
1009.0,cctv2,C2_S005,G001,EMPTY,EMPTY,0.01
1009.0,cctv2,C2_S006,G003,OCCUPIED,OCCUPIED,0.8180650618943301
1009.0,cctv2,C2_S007,G004,OCCUPIED,OCCUPIED,0.7930827379226685
1009.0,cctv2,C2_S008,G006,OCCUPIED,OCCUPIED,0.7624953269958497
1009.0,cctv2,C2_S009,G005,OCCUPIED,OCCUPIED,0.7907952874898911
1009.0,cctv2,C2_S010,G002,EMPTY,EMPTY,0.01
1009.0,cctv2,C2_S011,G017,OCCUPIED,OCCUPIED,0.8141711113127796
1009.0,cctv2,C2_S012,G018,OCCUPIED,OCCUPIED,0.7971752882003785
1009.0,cctv2,C2_S013,G019,OCCUPIED,LEAVING,0.744105114679445
1009.0,cctv2,C2_S014,G020,OCCUPIED,LEAVING,0.7208818440545689
1009.0,cctv3,C3_S001,G021,EMPTY,EMPTY,0.01
1009.0,cctv3,C3_S002,G019,EMPTY,EMPTY,0.01
1009.0,cctv3,C3_S003,G020,OCCUPIED,LEAVING,0.7964553182775325
1009.0,cctv3,C3_S004,G024,OCCUPIED,LEAVING,0.8196238357912411
1009.0,cctv3,C3_S005,G025,OCCUPIED,OCCUPIED,0.8271026066758417
1009.0,cctv3,C3_S006,G026,OCCUPIED,OCCUPIED,0.8245046547868036
1009.0,cctv3,C3_S007,G027,EMPTY,EMPTY,0.01
1009.0,cctv3,C3_S008,G028,EMPTY,EMPTY,0.01
1009.0,cctv3,C3_S009,G029,EMPTY,MANEUVERING,0.2093759551610459
1009.0,cctv3,C3_S010,G007,EMPTY,EMPTY,0.01
1009.0,cctv3,C3_S011,G008,OCCUPIED,OCCUPIED,0.787331799756397
1009.0,cctv3,C3_S012,G009,OCCUPIED,OCCUPIED,0.8193377229300413
1010.0,cctv1,C1_S001,G001,OCCUPIED,OCCUPIED,0.7269888298755343
1010.0,cctv1,C1_S002,G002,EMPTY,EMPTY,0.01
1010.0,cctv1,C1_S003,G003,OCCUPIED,OCCUPIED,0.8370853155851364
1010.0,cctv1,C1_S004,G004,OCCUPIED,OCCUPIED,0.778885310210965
1010.0,cctv1,C1_S005,G005,OCCUPIED,OCCUPIED,0.7569022567434744
1010.0,cctv1,C1_S006,G006,EMPTY,MANEUVERING,0.2339044091782786
1010.0,cctv2,C2_S001,G007,OCCUPIED,OCCUPIED,0.7858513703400439
1010.0,cctv2,C2_S002,G008,OCCUPIED,OCCUPIED,0.8350063540718773
1010.0,cctv2,C2_S003,G009,EMPTY,EMPTY,0.01
1010.0,cctv2,C2_S004,G010,OCCUPIED,OCCUPIED,0.7947036829861729
1010.0,cctv2,C2_S005,G001,EMPTY,EMPTY,0.01
1010.0,cctv2,C2_S006,G003,OCCUPIED,OCCUPIED,0.8181928293271499
1010.0,cctv2,C2_S007,G004,OCCUPIED,OCCUPIED,0.792250115221197
1010.0,cctv2,C2_S008,G006,OCCUPIED,OCCUPIED,0.7620577603578568
1010.0,cctv2,C2_S009,G005,OCCUPIED,OCCUPIED,0.789506822553548
1010.0,cctv2,C2_S010,G002,EMPTY,EMPTY,0.01
1010.0,cctv2,C2_S011,G017,OCCUPIED,OCCUPIED,0.8136979176239535
1010.0,cctv2,C2_S012,G018,OCCUPIED,OCCUPIED,0.7965668112039567
1010.0,cctv2,C2_S013,G019,OCCUPIED,LEAVING,0.6631110800125383
1010.0,cctv2,C2_S014,G020,OCCUPIED,LEAVING,0.6434757965622527
1010.0,cctv3,C3_S001,G021,EMPTY,EMPTY,0.01
1010.0,cctv3,C3_S002,G019,EMPTY,EMPTY,0.01
1010.0,cctv3,C3_S003,G020,OCCUPIED,LEAVING,0.8002871529622512
1010.0,cctv3,C3_S004,G024,OCCUPIED,LEAVING,0.8214566347273914
1010.0,cctv3,C3_S005,G025,OCCUPIED,OCCUPIED,0.8267576957290823
1010.0,cctv3,C3_S006,G026,OCCUPIED,OCCUPIED,0.8245540196245368
1010.0,cctv3,C3_S007,G027,EMPTY,EMPTY,0.01
1010.0,cctv3,C3_S008,G028,EMPTY,EMPTY,0.01
1010.0,cctv3,C3_S009,G029,EMPTY,MANEUVERING,0.1643759551610459
1010.0,cctv3,C3_S010,G007,EMPTY,EMPTY,0.01
1010.0,cctv3,C3_S011,G008,OCCUPIED,OCCUPIED,0.7874921690333974
1010.0,cctv3,C3_S012,G009,OCCUPIED,OCCUPIED,0.8195801287889481
1011.0,cctv1,C1_S001,G001,OCCUPIED,OCCUPIED,0.7276793867349626
1011.0,cctv1,C1_S002,G002,EMPTY,EMPTY,0.01
1011.0,cctv1,C1_S003,G003,OCCUPIED,OCCUPIED,0.8371389191259038
1011.0,cctv1,C1_S004,G004,OCCUPIED,OCCUPIED,0.7786462758075108
1011.0,cctv1,C1_S005,G005,OCCUPIED,OCCUPIED,0.7595163490284573
1011.0,cctv1,C1_S006,G006,EMPTY,MANEUVERING,0.2339044091782786
1011.0,cctv2,C2_S001,G007,OCCUPIED,OCCUPIED,0.784038095040755
1011.0,cctv2,C2_S002,G008,OCCUPIED,OCCUPIED,0.8350760971957988
1011.0,cctv2,C2_S003,G009,EMPTY,EMPTY,0.01
1011.0,cctv2,C2_S004,G010,OCCUPIED,OCCUPIED,0.7929128793152896
1011.0,cctv2,C2_S005,G001,EMPTY,EMPTY,0.01
1011.0,cctv2,C2_S006,G003,OCCUPIED,OCCUPIED,0.8184117894281041
1011.0,cctv2,C2_S007,G004,OCCUPIED,OCCUPIED,0.7919536514715716
1011.0,cctv2,C2_S008,G006,OCCUPIED,OCCUPIED,0.7623861054127867
1011.0,cctv2,C2_S009,G005,OCCUPIED,OCCUPIED,0.7882543170993979
1011.0,cctv2,C2_S010,G002,EMPTY,EMPTY,0.01
1011.0,cctv2,C2_S011,G017,OCCUPIED,OCCUPIED,0.8135780009356413
1011.0,cctv2,C2_S012,G018,OCCUPIED,OCCUPIED,0.7968379882248966
1011.0,cctv2,C2_S013,G019,OCCUPIED,LEAVING,0.5804541266066107
1011.0,cctv2,C2_S014,G020,OCCUPIED,LEAVING,0.5613063790378245
1011.0,cctv3,C3_S001,G021,EMPTY,EMPTY,0.01
1011.0,cctv3,C3_S002,G019,EMPTY,EMPTY,0.01
1011.0,cctv3,C3_S003,G020,OCCUPIED,LEAVING,0.802865450761535
1011.0,cctv3,C3_S004,G024,OCCUPIED,LEAVING,0.8221381921659817
1011.0,cctv3,C3_S005,G025,OCCUPIED,OCCUPIED,0.8273101446303455
1011.0,cctv3,C3_S006,G026,OCCUPIED,OCCUPIED,0.8248884634538131
1011.0,cctv3,C3_S007,G027,EMPTY,EMPTY,0.01
1011.0,cctv3,C3_S008,G028,EMPTY,EMPTY,0.01
1011.0,cctv3,C3_S009,G029,EMPTY,MANEUVERING,0.1643759551610459
1011.0,cctv3,C3_S010,G007,EMPTY,EMPTY,0.01
1011.0,cctv3,C3_S011,G008,OCCUPIED,OCCUPIED,0.7887496552684091
1011.0,cctv3,C3_S012,G009,OCCUPIED,OCCUPIED,0.8210046475583858
1012.0,cctv1,C1_S001,G001,OCCUPIED,OCCUPIED,0.7281130023977974
1012.0,cctv1,C1_S002,G002,EMPTY,EMPTY,0.01
1012.0,cctv1,C1_S003,G003,OCCUPIED,OCCUPIED,0.8370365830984983
1012.0,cctv1,C1_S004,G004,OCCUPIED,OCCUPIED,0.7770647344264118
1012.0,cctv1,C1_S005,G005,OCCUPIED,LEAVING,0.7472758136283268
1012.0,cctv1,C1_S006,G006,EMPTY,MANEUVERING,0.3137796438011255
1012.0,cctv2,C2_S001,G007,OCCUPIED,OCCUPIED,0.7849216480146756
1012.0,cctv2,C2_S002,G008,OCCUPIED,OCCUPIED,0.8348422492092307
1012.0,cctv2,C2_S003,G009,EMPTY,EMPTY,0.01
1012.0,cctv2,C2_S004,G010,OCCUPIED,OCCUPIED,0.7917655278335919
1012.0,cctv2,C2_S005,G001,EMPTY,EMPTY,0.01
1012.0,cctv2,C2_S006,G003,OCCUPIED,OCCUPIED,0.8182589864188975
1012.0,cctv2,C2_S007,G004,OCCUPIED,OCCUPIED,0.7916810122403233
1012.0,cctv2,C2_S008,G006,OCCUPIED,OCCUPIED,0.7625785339962353
1012.0,cctv2,C2_S009,G005,OCCUPIED,OCCUPIED,0.7882605601440777
1012.0,cctv2,C2_S010,G002,EMPTY,EMPTY,0.01
1012.0,cctv2,C2_S011,G017,OCCUPIED,OCCUPIED,0.8145436815240167
1012.0,cctv2,C2_S012,G018,OCCUPIED,OCCUPIED,0.7967415327375587
1012.0,cctv2,C2_S013,G019,OCCUPIED,OCCUPIED,0.51
1012.0,cctv2,C2_S014,G020,OCCUPIED,LEAVING,0.525373399590517
1012.0,cctv3,C3_S001,G021,EMPTY,EMPTY,0.01
1012.0,cctv3,C3_S002,G019,EMPTY,EMPTY,0.01
1012.0,cctv3,C3_S003,G020,OCCUPIED,LEAVING,0.803765372525562
1012.0,cctv3,C3_S004,G024,OCCUPIED,LEAVING,0.8230103213678708
1012.0,cctv3,C3_S005,G025,OCCUPIED,OCCUPIED,0.8274770097299056
1012.0,cctv3,C3_S006,G026,OCCUPIED,OCCUPIED,0.8250348275358027
1012.0,cctv3,C3_S007,G027,EMPTY,EMPTY,0.01
1012.0,cctv3,C3_S008,G028,EMPTY,EMPTY,0.01
1012.0,cctv3,C3_S009,G029,EMPTY,MANEUVERING,0.1643759551610459
1012.0,cctv3,C3_S010,G007,EMPTY,EMPTY,0.01
1012.0,cctv3,C3_S011,G008,OCCUPIED,OCCUPIED,0.7890329225496813
1012.0,cctv3,C3_S012,G009,OCCUPIED,OCCUPIED,0.82142329974608
1013.0,cctv1,C1_S001,G001,OCCUPIED,OCCUPIED,0.7285127303817056
1013.0,cctv1,C1_S002,G002,EMPTY,EMPTY,0.01
1013.0,cctv1,C1_S003,G003,OCCUPIED,OCCUPIED,0.836969006061554
1013.0,cctv1,C1_S004,G004,OCCUPIED,OCCUPIED,0.7753104660998692
1013.0,cctv1,C1_S005,G005,OCCUPIED,LEAVING,0.7477570803598925
1013.0,cctv1,C1_S006,G006,EMPTY,MANEUVERING,0.2762916827879169
1013.0,cctv2,C2_S001,G007,OCCUPIED,OCCUPIED,0.7847373956983741
1013.0,cctv2,C2_S002,G008,OCCUPIED,OCCUPIED,0.8341364852406763
1013.0,cctv2,C2_S003,G009,EMPTY,EMPTY,0.01
1013.0,cctv2,C2_S004,G010,OCCUPIED,OCCUPIED,0.7918828687884591
1013.0,cctv2,C2_S005,G001,EMPTY,EMPTY,0.01
1013.0,cctv2,C2_S006,G003,OCCUPIED,OCCUPIED,0.8183472400361842
1013.0,cctv2,C2_S007,G004,OCCUPIED,OCCUPIED,0.7912796326658943
1013.0,cctv2,C2_S008,G006,OCCUPIED,OCCUPIED,0.7633205098184673
1013.0,cctv2,C2_S009,G005,OCCUPIED,OCCUPIED,0.7863876191052525
1013.0,cctv2,C2_S010,G002,EMPTY,EMPTY,0.01
1013.0,cctv2,C2_S011,G017,OCCUPIED,OCCUPIED,0.8148466500368986
1013.0,cctv2,C2_S012,G018,OCCUPIED,OCCUPIED,0.7974820467558774
1013.0,cctv2,C2_S013,G019,OCCUPIED,OCCUPIED,0.51
1013.0,cctv2,C2_S014,G020,OCCUPIED,OCCUPIED,0.51
1013.0,cctv3,C3_S001,G021,EMPTY,EMPTY,0.01
1013.0,cctv3,C3_S002,G019,EMPTY,EMPTY,0.01
1013.0,cctv3,C3_S003,G020,OCCUPIED,LEAVING,0.8059601054950194
1013.0,cctv3,C3_S004,G024,OCCUPIED,LEAVING,0.8243759355761788
1013.0,cctv3,C3_S005,G025,OCCUPIED,OCCUPIED,0.8274732400070538
1013.0,cctv3,C3_S006,G026,OCCUPIED,OCCUPIED,0.8248516302217137
1013.0,cctv3,C3_S007,G027,EMPTY,EMPTY,0.01
1013.0,cctv3,C3_S008,G028,EMPTY,EMPTY,0.01
1013.0,cctv3,C3_S009,G029,EMPTY,MANEUVERING,0.1643759551610459
1013.0,cctv3,C3_S010,G007,EMPTY,EMPTY,0.01
1013.0,cctv3,C3_S011,G008,OCCUPIED,OCCUPIED,0.7901842908425765
1013.0,cctv3,C3_S012,G009,OCCUPIED,OCCUPIED,0.822162462906404
1014.0,cctv1,C1_S001,G001,OCCUPIED,OCCUPIED,0.7284458171914925
1014.0,cctv1,C1_S002,G002,EMPTY,EMPTY,0.01
1014.0,cctv1,C1_S003,G003,OCCUPIED,OCCUPIED,0.8368206482041967
1014.0,cctv1,C1_S004,G004,OCCUPIED,OCCUPIED,0.7752848477526145
1014.0,cctv1,C1_S005,G005,OCCUPIED,LEAVING,0.7462407203154131
1014.0,cctv1,C1_S006,G006,EMPTY,MANEUVERING,0.2762916827879169
1014.0,cctv2,C2_S001,G007,OCCUPIED,OCCUPIED,0.78330496116118
1014.0,cctv2,C2_S002,G008,OCCUPIED,OCCUPIED,0.8331277682022615
1014.0,cctv2,C2_S003,G009,EMPTY,MANEUVERING,0.2235905526172031
1014.0,cctv2,C2_S004,G010,OCCUPIED,OCCUPIED,0.7890407757325606
1014.0,cctv2,C2_S005,G001,EMPTY,EMPTY,0.01
1014.0,cctv2,C2_S006,G003,OCCUPIED,OCCUPIED,0.8184616395018318
1014.0,cctv2,C2_S007,G004,OCCUPIED,OCCUPIED,0.7907776791941037
1014.0,cctv2,C2_S008,G006,OCCUPIED,OCCUPIED,0.7626554008234632
1014.0,cctv2,C2_S009,G005,OCCUPIED,OCCUPIED,0.7850077558647504
1014.0,cctv2,C2_S010,G002,EMPTY,EMPTY,0.01
1014.0,cctv2,C2_S011,G017,OCCUPIED,OCCUPIED,0.814753049070185
1014.0,cctv2,C2_S012,G018,OCCUPIED,OCCUPIED,0.7968534109267322
1014.0,cctv2,C2_S013,G019,OCCUPIED,OCCUPIED,0.51
1014.0,cctv2,C2_S014,G020,OCCUPIED,OCCUPIED,0.51
1014.0,cctv3,C3_S001,G021,EMPTY,EMPTY,0.01
1014.0,cctv3,C3_S002,G019,EMPTY,EMPTY,0.01
1014.0,cctv3,C3_S003,G020,OCCUPIED,LEAVING,0.8062220979820599
1014.0,cctv3,C3_S004,G024,OCCUPIED,OCCUPIED,0.8261600898070769
1014.0,cctv3,C3_S005,G025,OCCUPIED,OCCUPIED,0.8268902586265044
1014.0,cctv3,C3_S006,G026,OCCUPIED,OCCUPIED,0.8246528102592989
1014.0,cctv3,C3_S007,G027,EMPTY,EMPTY,0.01
1014.0,cctv3,C3_S008,G028,EMPTY,EMPTY,0.01
1014.0,cctv3,C3_S009,G029,EMPTY,MANEUVERING,0.2518534212677993
1014.0,cctv3,C3_S010,G007,EMPTY,EMPTY,0.01
1014.0,cctv3,C3_S011,G008,OCCUPIED,OCCUPIED,0.7913164081898603
1014.0,cctv3,C3_S012,G009,OCCUPIED,OCCUPIED,0.8224782409993086
1015.0,cctv1,C1_S001,G001,OCCUPIED,OCCUPIED,0.7278165173124184
1015.0,cctv1,C1_S002,G002,EMPTY,EMPTY,0.01
1015.0,cctv1,C1_S003,G003,OCCUPIED,OCCUPIED,0.8368035942316056
1015.0,cctv1,C1_S004,G004,OCCUPIED,OCCUPIED,0.7740636444904588
1015.0,cctv1,C1_S005,G005,OCCUPIED,LEAVING,0.7447978662089869
1015.0,cctv1,C1_S006,G006,EMPTY,MANEUVERING,0.1289846585013649
1015.0,cctv2,C2_S001,G007,OCCUPIED,OCCUPIED,0.7846327456561002
1015.0,cctv2,C2_S002,G008,OCCUPIED,OCCUPIED,0.8321297011592172
1015.0,cctv2,C2_S003,G009,EMPTY,MANEUVERING,0.2235905526172031
1015.0,cctv2,C2_S004,G010,OCCUPIED,OCCUPIED,0.7896042046221821
1015.0,cctv2,C2_S005,G001,EMPTY,EMPTY,0.01
1015.0,cctv2,C2_S006,G003,OCCUPIED,OCCUPIED,0.8183770727027547
1015.0,cctv2,C2_S007,G004,OCCUPIED,OCCUPIED,0.7917202862826261
1015.0,cctv2,C2_S008,G006,OCCUPIED,OCCUPIED,0.7634556988423522
1015.0,cctv2,C2_S009,G005,OCCUPIED,OCCUPIED,0.7856809537519109
1015.0,cctv2,C2_S010,G002,EMPTY,EMPTY,0.01
1015.0,cctv2,C2_S011,G017,OCCUPIED,OCCUPIED,0.8146366322582419
1015.0,cctv2,C2_S012,G018,OCCUPIED,OCCUPIED,0.7153592695702207
1015.0,cctv2,C2_S013,G019,OCCUPIED,OCCUPIED,0.51
1015.0,cctv2,C2_S014,G020,OCCUPIED,OCCUPIED,0.51
1015.0,cctv3,C3_S001,G021,EMPTY,EMPTY,0.01
1015.0,cctv3,C3_S002,G019,EMPTY,EMPTY,0.01
1015.0,cctv3,C3_S003,G020,OCCUPIED,LEAVING,0.8066449563611638
1015.0,cctv3,C3_S004,G024,OCCUPIED,OCCUPIED,0.8227860553698106
1015.0,cctv3,C3_S005,G025,OCCUPIED,OCCUPIED,0.8243078716776588
1015.0,cctv3,C3_S006,G026,OCCUPIED,OCCUPIED,0.8245493850924752
1015.0,cctv3,C3_S007,G027,EMPTY,EMPTY,0.01
1015.0,cctv3,C3_S008,G028,EMPTY,EMPTY,0.01
1015.0,cctv3,C3_S009,G029,EMPTY,MANEUVERING,0.2518534212677993
1015.0,cctv3,C3_S010,G007,EMPTY,EMPTY,0.01
1015.0,cctv3,C3_S011,G008,OCCUPIED,OCCUPIED,0.7912705611098897
1015.0,cctv3,C3_S012,G009,OCCUPIED,OCCUPIED,0.8223868922753768
1016.0,cctv1,C1_S001,G001,OCCUPIED,OCCUPIED,0.7273155442693018
1016.0,cctv1,C1_S002,G002,EMPTY,EMPTY,0.01
1016.0,cctv1,C1_S003,G003,OCCUPIED,OCCUPIED,0.8368374339558862
1016.0,cctv1,C1_S004,G004,OCCUPIED,OCCUPIED,0.7733865939758041
1016.0,cctv1,C1_S005,G005,OCCUPIED,LEAVING,0.7319898168336262
1016.0,cctv1,C1_S006,G006,EMPTY,MANEUVERING,0.1779941585795446
1016.0,cctv2,C2_S001,G007,OCCUPIED,OCCUPIED,0.7849296458742836
1016.0,cctv2,C2_S002,G008,OCCUPIED,OCCUPIED,0.831639217788523
1016.0,cctv2,C2_S003,G009,EMPTY,MANEUVERING,0.2235905526172031
1016.0,cctv2,C2_S004,G010,OCCUPIED,OCCUPIED,0.7876885457472368
1016.0,cctv2,C2_S005,G001,EMPTY,EMPTY,0.01
1016.0,cctv2,C2_S006,G003,OCCUPIED,OCCUPIED,0.8181946589188143
1016.0,cctv2,C2_S007,G004,OCCUPIED,OCCUPIED,0.7921195786107671
1016.0,cctv2,C2_S008,G006,OCCUPIED,OCCUPIED,0.7646441393277863
1016.0,cctv2,C2_S009,G005,OCCUPIED,OCCUPIED,0.7862316567789425
1016.0,cctv2,C2_S010,G002,EMPTY,EMPTY,0.01
1016.0,cctv2,C2_S011,G017,OCCUPIED,OCCUPIED,0.8137327627702193
1016.0,cctv2,C2_S012,G018,OCCUPIED,OCCUPIED,0.7123541856218468
1016.0,cctv2,C2_S013,G019,OCCUPIED,OCCUPIED,0.51
1016.0,cctv2,C2_S014,G020,OCCUPIED,OCCUPIED,0.51
1016.0,cctv3,C3_S001,G021,EMPTY,EMPTY,0.01
1016.0,cctv3,C3_S002,G019,EMPTY,EMPTY,0.01
1016.0,cctv3,C3_S003,G020,OCCUPIED,LEAVING,0.806989109787074
1016.0,cctv3,C3_S004,G024,OCCUPIED,OCCUPIED,0.8215960445729169
1016.0,cctv3,C3_S005,G025,OCCUPIED,OCCUPIED,0.8218999502333728
1016.0,cctv3,C3_S006,G026,OCCUPIED,OCCUPIED,0.8239127010107041
1016.0,cctv3,C3_S007,G027,EMPTY,EMPTY,0.01
1016.0,cctv3,C3_S008,G028,EMPTY,EMPTY,0.01
1016.0,cctv3,C3_S009,G029,EMPTY,MANEUVERING,0.2518534212677993
1016.0,cctv3,C3_S010,G007,EMPTY,EMPTY,0.01
1016.0,cctv3,C3_S011,G008,OCCUPIED,OCCUPIED,0.792769852551547
1016.0,cctv3,C3_S012,G009,OCCUPIED,OCCUPIED,0.8233441799879074
1017.0,cctv1,C1_S001,G001,OCCUPIED,OCCUPIED,0.7255585457790983
1017.0,cctv1,C1_S002,G002,EMPTY,EMPTY,0.01
1017.0,cctv1,C1_S003,G003,OCCUPIED,OCCUPIED,0.8366934684189884
1017.0,cctv1,C1_S004,G004,OCCUPIED,OCCUPIED,0.7744145095348359
1017.0,cctv1,C1_S005,G005,OCCUPIED,LEAVING,0.7304588781703603
1017.0,cctv1,C1_S006,G006,EMPTY,MANEUVERING,0.1779941585795446
1017.0,cctv2,C2_S001,G007,OCCUPIED,OCCUPIED,0.7827703257853336
1017.0,cctv2,C2_S002,G008,OCCUPIED,OCCUPIED,0.8310337107289922
1017.0,cctv2,C2_S003,G009,EMPTY,MANEUVERING,0.2235905526172031
1017.0,cctv2,C2_S004,G010,OCCUPIED,OCCUPIED,0.7851655034856363
1017.0,cctv2,C2_S005,G001,EMPTY,EMPTY,0.01
1017.0,cctv2,C2_S006,G003,OCCUPIED,OCCUPIED,0.8178862471472134
1017.0,cctv2,C2_S007,G004,OCCUPIED,OCCUPIED,0.7914576931433245
1017.0,cctv2,C2_S008,G006,OCCUPIED,OCCUPIED,0.7644525198773905
1017.0,cctv2,C2_S009,G005,OCCUPIED,OCCUPIED,0.7861214114861056
1017.0,cctv2,C2_S010,G002,EMPTY,EMPTY,0.01
1017.0,cctv2,C2_S011,G017,OCCUPIED,OCCUPIED,0.812946737354452
1017.0,cctv2,C2_S012,G018,OCCUPIED,OCCUPIED,0.7126991463113915
1017.0,cctv2,C2_S013,G019,OCCUPIED,LEAVING,0.51
1017.0,cctv2,C2_S014,G020,OCCUPIED,OCCUPIED,0.51
1017.0,cctv3,C3_S001,G021,EMPTY,EMPTY,0.01
1017.0,cctv3,C3_S002,G019,EMPTY,EMPTY,0.01
1017.0,cctv3,C3_S003,G020,OCCUPIED,LEAVING,0.810136998241598
1017.0,cctv3,C3_S004,G024,OCCUPIED,OCCUPIED,0.8199816579168494
1017.0,cctv3,C3_S005,G025,OCCUPIED,OCCUPIED,0.8190049217505889
1017.0,cctv3,C3_S006,G026,OCCUPIED,OCCUPIED,0.8234352434223349
1017.0,cctv3,C3_S007,G027,EMPTY,EMPTY,0.01
1017.0,cctv3,C3_S008,G028,EMPTY,EMPTY,0.01
1017.0,cctv3,C3_S009,G029,EMPTY,MANEUVERING,0.22160361464728
1017.0,cctv3,C3_S010,G007,EMPTY,EMPTY,0.01
1017.0,cctv3,C3_S011,G008,OCCUPIED,OCCUPIED,0.7945910090749915
1017.0,cctv3,C3_S012,G009,OCCUPIED,OCCUPIED,0.8240258113904433
1018.0,cctv1,C1_S001,G001,OCCUPIED,OCCUPIED,0.7253619555045259
1018.0,cctv1,C1_S002,G002,EMPTY,EMPTY,0.01
1018.0,cctv1,C1_S003,G003,OCCUPIED,OCCUPIED,0.8366468686949123
1018.0,cctv1,C1_S004,G004,OCCUPIED,OCCUPIED,0.7744948534802958
1018.0,cctv1,C1_S005,G005,OCCUPIED,LEAVING,0.7285430727899075
1018.0,cctv1,C1_S006,G006,EMPTY,MANEUVERING,0.1779941585795446
1018.0,cctv2,C2_S001,G007,OCCUPIED,OCCUPIED,0.7837500887838278
1018.0,cctv2,C2_S002,G008,OCCUPIED,OCCUPIED,0.831243784590201
1018.0,cctv2,C2_S003,G009,EMPTY,MANEUVERING,0.1785905526172031
1018.0,cctv2,C2_S004,G010,OCCUPIED,OCCUPIED,0.7826242526823824
1018.0,cctv2,C2_S005,G001,EMPTY,EMPTY,0.01
1018.0,cctv2,C2_S006,G003,OCCUPIED,OCCUPIED,0.818133172121915
1018.0,cctv2,C2_S007,G004,OCCUPIED,OCCUPIED,0.7920592159032822
1018.0,cctv2,C2_S008,G006,OCCUPIED,OCCUPIED,0.7666949469934811
1018.0,cctv2,C2_S009,G005,OCCUPIED,OCCUPIED,0.7872711663896388
1018.0,cctv2,C2_S010,G002,EMPTY,EMPTY,0.01
1018.0,cctv2,C2_S011,G017,OCCUPIED,OCCUPIED,0.8127693961967122
1018.0,cctv2,C2_S012,G018,OCCUPIED,OCCUPIED,0.7113640964437615
1018.0,cctv2,C2_S013,G019,OCCUPIED,LEAVING,0.51
1018.0,cctv2,C2_S014,G020,EMPTY,EMPTY,0.276030257452618
1018.0,cctv3,C3_S001,G021,EMPTY,EMPTY,0.01
1018.0,cctv3,C3_S002,G019,EMPTY,EMPTY,0.01
1018.0,cctv3,C3_S003,G020,OCCUPIED,LEAVING,0.8111604901877317
1018.0,cctv3,C3_S004,G024,OCCUPIED,OCCUPIED,0.8193179014054213
1018.0,cctv3,C3_S005,G025,OCCUPIED,OCCUPIED,0.8157623513178393
1018.0,cctv3,C3_S006,G026,OCCUPIED,OCCUPIED,0.8209338665008545
1018.0,cctv3,C3_S007,G027,EMPTY,EMPTY,0.01
1018.0,cctv3,C3_S008,G028,EMPTY,EMPTY,0.01
1018.0,cctv3,C3_S009,G029,EMPTY,MANEUVERING,0.17660361464728
1018.0,cctv3,C3_S010,G007,EMPTY,EMPTY,0.01
1018.0,cctv3,C3_S011,G008,OCCUPIED,OCCUPIED,0.7962452086535368
1018.0,cctv3,C3_S012,G009,OCCUPIED,OCCUPIED,0.8240210061723536
1019.0,cctv1,C1_S001,G001,OCCUPIED,OCCUPIED,0.7242331949824637
1019.0,cctv1,C1_S002,G002,EMPTY,EMPTY,0.01
1019.0,cctv1,C1_S003,G003,OCCUPIED,OCCUPIED,0.8366316118023613
1019.0,cctv1,C1_S004,G004,OCCUPIED,OCCUPIED,0.773464252867482
1019.0,cctv1,C1_S005,G005,OCCUPIED,LEAVING,0.7160114323686471
1019.0,cctv1,C1_S006,G006,EMPTY,MANEUVERING,0.2686381360346621
1019.0,cctv2,C2_S001,G007,OCCUPIED,OCCUPIED,0.7826469636776231
1019.0,cctv2,C2_S002,G008,OCCUPIED,OCCUPIED,0.8311182807792318
1019.0,cctv2,C2_S003,G009,EMPTY,MANEUVERING,0.1785905526172031
1019.0,cctv2,C2_S004,G010,OCCUPIED,OCCUPIED,0.7819035382433371
1019.0,cctv2,C2_S005,G001,EMPTY,EMPTY,0.01
1019.0,cctv2,C2_S006,G003,OCCUPIED,OCCUPIED,0.8164291314103387
1019.0,cctv2,C2_S007,G004,OCCUPIED,OCCUPIED,0.7910662962631746
1019.0,cctv2,C2_S008,G006,OCCUPIED,OCCUPIED,0.7688602191480725
1019.0,cctv2,C2_S009,G005,OCCUPIED,OCCUPIED,0.7892299356785688
1019.0,cctv2,C2_S010,G002,EMPTY,EMPTY,0.01
1019.0,cctv2,C2_S011,G017,OCCUPIED,OCCUPIED,0.8117135039784692
1019.0,cctv2,C2_S012,G018,OCCUPIED,OCCUPIED,0.7530344298888337
1019.0,cctv2,C2_S013,G019,OCCUPIED,OCCUPIED,0.51
1019.0,cctv2,C2_S014,G020,EMPTY,MANEUVERING,0.276030257452618
1019.0,cctv3,C3_S001,G021,EMPTY,EMPTY,0.01
1019.0,cctv3,C3_S002,G019,EMPTY,EMPTY,0.01
1019.0,cctv3,C3_S003,G020,OCCUPIED,LEAVING,0.8132286740974947
1019.0,cctv3,C3_S004,G024,OCCUPIED,OCCUPIED,0.8210593995722858
1019.0,cctv3,C3_S005,G025,OCCUPIED,OCCUPIED,0.8145533610473981
1019.0,cctv3,C3_S006,G026,OCCUPIED,OCCUPIED,0.8203049762682482
1019.0,cctv3,C3_S007,G027,EMPTY,EMPTY,0.01
1019.0,cctv3,C3_S008,G028,EMPTY,EMPTY,0.01
1019.0,cctv3,C3_S009,G029,EMPTY,MANEUVERING,0.17660361464728
1019.0,cctv3,C3_S010,G007,EMPTY,EMPTY,0.01
1019.0,cctv3,C3_S011,G008,OCCUPIED,OCCUPIED,0.7973541517149318
1019.0,cctv3,C3_S012,G009,OCCUPIED,OCCUPIED,0.8233883323994551
1020.0,cctv1,C1_S001,G001,OCCUPIED,OCCUPIED,0.7243100211701611
1020.0,cctv1,C1_S002,G002,EMPTY,EMPTY,0.01
1020.0,cctv1,C1_S003,G003,OCCUPIED,OCCUPIED,0.8366668170148677
1020.0,cctv1,C1_S004,G004,OCCUPIED,OCCUPIED,0.773526805639267
1020.0,cctv1,C1_S005,G005,OCCUPIED,LEAVING,0.7150206613405186
1020.0,cctv1,C1_S006,G006,EMPTY,MANEUVERING,0.223638136034662
1020.0,cctv2,C2_S001,G007,OCCUPIED,OCCUPIED,0.7830993271686815
1020.0,cctv2,C2_S002,G008,OCCUPIED,OCCUPIED,0.8308436884121462
1020.0,cctv2,C2_S003,G009,EMPTY,MANEUVERING,0.1785905526172031
1020.0,cctv2,C2_S004,G010,OCCUPIED,OCCUPIED,0.7819906108758667
1020.0,cctv2,C2_S005,G001,EMPTY,EMPTY,0.01
1020.0,cctv2,C2_S006,G003,OCCUPIED,OCCUPIED,0.815985559875315
1020.0,cctv2,C2_S007,G004,OCCUPIED,OCCUPIED,0.7914128604260359
1020.0,cctv2,C2_S008,G006,OCCUPIED,OCCUPIED,0.7711816621097652
1020.0,cctv2,C2_S009,G005,OCCUPIED,OCCUPIED,0.7905794338746505
1020.0,cctv2,C2_S010,G002,EMPTY,EMPTY,0.01
1020.0,cctv2,C2_S011,G017,OCCUPIED,OCCUPIED,0.8115368447520517
1020.0,cctv2,C2_S012,G018,OCCUPIED,OCCUPIED,0.7522164813090455
1020.0,cctv2,C2_S013,G019,OCCUPIED,OCCUPIED,0.5773908378048376
1020.0,cctv2,C2_S014,G020,EMPTY,EMPTY,0.01
1020.0,cctv3,C3_S001,G021,EMPTY,EMPTY,0.01
1020.0,cctv3,C3_S002,G019,EMPTY,EMPTY,0.01
1020.0,cctv3,C3_S003,G020,OCCUPIED,LEAVING,0.8141869712959637
1020.0,cctv3,C3_S004,G024,OCCUPIED,OCCUPIED,0.8207468498836865
1020.0,cctv3,C3_S005,G025,OCCUPIED,OCCUPIED,0.8144155727191406
1020.0,cctv3,C3_S006,G026,OCCUPIED,OCCUPIED,0.8202236297455702
1020.0,cctv3,C3_S007,G027,EMPTY,EMPTY,0.01
1020.0,cctv3,C3_S008,G028,EMPTY,EMPTY,0.01
1020.0,cctv3,C3_S009,G029,EMPTY,MANEUVERING,0.1166036146472801
1020.0,cctv3,C3_S010,G007,EMPTY,MANEUVERING,0.2385115570913661
1020.0,cctv3,C3_S011,G008,OCCUPIED,LEAVING,0.7929144849831409
1020.0,cctv3,C3_S012,G009,OCCUPIED,OCCUPIED,0.8242134156552229
1021.0,cctv1,C1_S001,G001,OCCUPIED,OCCUPIED,0.7243000207976862
1021.0,cctv1,C1_S002,G002,EMPTY,EMPTY,0.01
1021.0,cctv1,C1_S003,G003,OCCUPIED,OCCUPIED,0.836848439953544
1021.0,cctv1,C1_S004,G004,OCCUPIED,OCCUPIED,0.7719344009052624
1021.0,cctv1,C1_S005,G005,OCCUPIED,LEAVING,0.698836747432297
1021.0,cctv1,C1_S006,G006,EMPTY,MANEUVERING,0.3184415313018994
1021.0,cctv2,C2_S001,G007,OCCUPIED,OCCUPIED,0.7869226881048896
1021.0,cctv2,C2_S002,G008,OCCUPIED,OCCUPIED,0.8307360619306565
1021.0,cctv2,C2_S003,G009,EMPTY,MANEUVERING,0.1785905526172031
1021.0,cctv2,C2_S004,G010,OCCUPIED,OCCUPIED,0.7821732311086221
1021.0,cctv2,C2_S005,G001,EMPTY,EMPTY,0.01
1021.0,cctv2,C2_S006,G003,OCCUPIED,OCCUPIED,0.8126429617404938
1021.0,cctv2,C2_S007,G004,OCCUPIED,OCCUPIED,0.7926353649659591
1021.0,cctv2,C2_S008,G006,OCCUPIED,OCCUPIED,0.7727261682802982
1021.0,cctv2,C2_S009,G005,OCCUPIED,OCCUPIED,0.7915420510552147
1021.0,cctv2,C2_S010,G002,EMPTY,EMPTY,0.01
1021.0,cctv2,C2_S011,G017,OCCUPIED,OCCUPIED,0.811360834945332
1021.0,cctv2,C2_S012,G018,OCCUPIED,OCCUPIED,0.7524289444495331
1021.0,cctv2,C2_S013,G019,OCCUPIED,OCCUPIED,0.6137420743161981
1021.0,cctv2,C2_S014,G020,EMPTY,EMPTY,0.01
1021.0,cctv3,C3_S001,G021,EMPTY,EMPTY,0.01
1021.0,cctv3,C3_S002,G019,EMPTY,EMPTY,0.01
1021.0,cctv3,C3_S003,G020,OCCUPIED,LEAVING,0.8123753414912658
1021.0,cctv3,C3_S004,G024,OCCUPIED,OCCUPIED,0.8199447832324289
1021.0,cctv3,C3_S005,G025,OCCUPIED,OCCUPIED,0.814598097042604
1021.0,cctv3,C3_S006,G026,OCCUPIED,OCCUPIED,0.8204544362696735
1021.0,cctv3,C3_S007,G027,EMPTY,EMPTY,0.01
1021.0,cctv3,C3_S008,G028,EMPTY,EMPTY,0.01
1021.0,cctv3,C3_S009,G029,EMPTY,MANEUVERING,0.1166036146472801
1021.0,cctv3,C3_S010,G007,EMPTY,MANEUVERING,0.2385115570913661
1021.0,cctv3,C3_S011,G008,OCCUPIED,LEAVING,0.7931473275477237
1021.0,cctv3,C3_S012,G009,OCCUPIED,OCCUPIED,0.8242615214803003
1022.0,cctv1,C1_S001,G001,OCCUPIED,OCCUPIED,0.7252075935629282
1022.0,cctv1,C1_S002,G002,EMPTY,EMPTY,0.01
1022.0,cctv1,C1_S003,G003,OCCUPIED,OCCUPIED,0.8368637464263223
1022.0,cctv1,C1_S004,G004,OCCUPIED,OCCUPIED,0.7710760537873615
1022.0,cctv1,C1_S005,G005,OCCUPIED,LEAVING,0.6962824651571837
1022.0,cctv1,C1_S006,G006,EMPTY,MANEUVERING,0.3184415313018994
1022.0,cctv2,C2_S001,G007,OCCUPIED,OCCUPIED,0.7897636981172995
1022.0,cctv2,C2_S002,G008,OCCUPIED,OCCUPIED,0.8299161179499193
1022.0,cctv2,C2_S003,G009,EMPTY,MANEUVERING,0.1785905526172031
1022.0,cctv2,C2_S004,G010,OCCUPIED,OCCUPIED,0.7838825362649832
1022.0,cctv2,C2_S005,G001,EMPTY,EMPTY,0.01
1022.0,cctv2,C2_S006,G003,OCCUPIED,OCCUPIED,0.8101126218383963
1022.0,cctv2,C2_S007,G004,OCCUPIED,OCCUPIED,0.7929631959308279
1022.0,cctv2,C2_S008,G006,OCCUPIED,OCCUPIED,0.7748776294968346
1022.0,cctv2,C2_S009,G005,OCCUPIED,OCCUPIED,0.7930338688872078
1022.0,cctv2,C2_S010,G002,EMPTY,EMPTY,0.01
1022.0,cctv2,C2_S011,G017,OCCUPIED,OCCUPIED,0.8118676781654358
1022.0,cctv2,C2_S012,G018,OCCUPIED,OCCUPIED,0.752819554548372
1022.0,cctv2,C2_S013,G019,OCCUPIED,OCCUPIED,0.6507378140633756
1022.0,cctv2,C2_S014,G020,EMPTY,EMPTY,0.01
1022.0,cctv3,C3_S001,G021,EMPTY,EMPTY,0.01
1022.0,cctv3,C3_S002,G019,EMPTY,EMPTY,0.01
1022.0,cctv3,C3_S003,G020,OCCUPIED,OCCUPIED,0.813752739537846
1022.0,cctv3,C3_S004,G024,OCCUPIED,OCCUPIED,0.8199784880334682
1022.0,cctv3,C3_S005,G025,OCCUPIED,OCCUPIED,0.8145735141905872
1022.0,cctv3,C3_S006,G026,OCCUPIED,OCCUPIED,0.8204106496139006
1022.0,cctv3,C3_S007,G027,EMPTY,EMPTY,0.01
1022.0,cctv3,C3_S008,G028,EMPTY,EMPTY,0.01
1022.0,cctv3,C3_S009,G029,EMPTY,MANEUVERING,0.1166036146472801
1022.0,cctv3,C3_S010,G007,EMPTY,MANEUVERING,0.2385115570913661
1022.0,cctv3,C3_S011,G008,OCCUPIED,LEAVING,0.7920820354060694
1022.0,cctv3,C3_S012,G009,OCCUPIED,OCCUPIED,0.823923767154867
1023.0,cctv1,C1_S001,G001,OCCUPIED,LEAVING,0.7233063803647053
1023.0,cctv1,C1_S002,G002,EMPTY,EMPTY,0.01
1023.0,cctv1,C1_S003,G003,OCCUPIED,OCCUPIED,0.8371346308426424
1023.0,cctv1,C1_S004,G004,OCCUPIED,OCCUPIED,0.7719307035207749
1023.0,cctv1,C1_S005,G005,OCCUPIED,LEAVING,0.7106373585164547
1023.0,cctv1,C1_S006,G006,EMPTY,MANEUVERING,0.2245029131445017
1023.0,cctv2,C2_S001,G007,OCCUPIED,OCCUPIED,0.7901522006500852
1023.0,cctv2,C2_S002,G008,OCCUPIED,OCCUPIED,0.8297140403227373
1023.0,cctv2,C2_S003,G009,EMPTY,MANEUVERING,0.1785905526172031
1023.0,cctv2,C2_S004,G010,OCCUPIED,OCCUPIED,0.7853476864370433
1023.0,cctv2,C2_S005,G001,EMPTY,EMPTY,0.01
1023.0,cctv2,C2_S006,G003,OCCUPIED,OCCUPIED,0.803520076383244
1023.0,cctv2,C2_S007,G004,OCCUPIED,OCCUPIED,0.7923133381388405
1023.0,cctv2,C2_S008,G006,OCCUPIED,OCCUPIED,0.7752089079130781
1023.0,cctv2,C2_S009,G005,OCCUPIED,OCCUPIED,0.793018298257481
1023.0,cctv2,C2_S010,G002,EMPTY,EMPTY,0.01
1023.0,cctv2,C2_S011,G017,OCCUPIED,OCCUPIED,0.8114567401734266
1023.0,cctv2,C2_S012,G018,OCCUPIED,OCCUPIED,0.7536051789332521
1023.0,cctv2,C2_S013,G019,OCCUPIED,OCCUPIED,0.6873859342429545
1023.0,cctv2,C2_S014,G020,EMPTY,EMPTY,0.01
1023.0,cctv3,C3_S001,G021,EMPTY,EMPTY,0.01
1023.0,cctv3,C3_S002,G019,EMPTY,EMPTY,0.01
1023.0,cctv3,C3_S003,G020,OCCUPIED,OCCUPIED,0.8138256566091018
1023.0,cctv3,C3_S004,G024,OCCUPIED,OCCUPIED,0.819790908152407
1023.0,cctv3,C3_S005,G025,OCCUPIED,OCCUPIED,0.8145684358748524
1023.0,cctv3,C3_S006,G026,OCCUPIED,OCCUPIED,0.8205476796085185
1023.0,cctv3,C3_S007,G027,EMPTY,EMPTY,0.01
1023.0,cctv3,C3_S008,G028,EMPTY,EMPTY,0.01
1023.0,cctv3,C3_S009,G029,EMPTY,MANEUVERING,0.1166036146472801
1023.0,cctv3,C3_S010,G007,EMPTY,MANEUVERING,0.2385115570913661
1023.0,cctv3,C3_S011,G008,OCCUPIED,LEAVING,0.7923097582025962
1023.0,cctv3,C3_S012,G009,OCCUPIED,OCCUPIED,0.8242884996262464
1024.0,cctv1,C1_S001,G001,OCCUPIED,LEAVING,0.7316864261065018
1024.0,cctv1,C1_S002,G002,EMPTY,MANEUVERING,0.2171660417657006
1024.0,cctv1,C1_S003,G003,OCCUPIED,OCCUPIED,0.8372256552631205
1024.0,cctv1,C1_S004,G004,OCCUPIED,OCCUPIED,0.7711806375872006
1024.0,cctv1,C1_S005,G005,OCCUPIED,LEAVING,0.7099994113580748
1024.0,cctv1,C1_S006,G006,EMPTY,MANEUVERING,0.3049537513120607
1024.0,cctv2,C2_S001,G007,OCCUPIED,OCCUPIED,0.7908915987068957
1024.0,cctv2,C2_S002,G008,OCCUPIED,OCCUPIED,0.8304064005613327
1024.0,cctv2,C2_S003,G009,EMPTY,MANEUVERING,0.1785905526172031
1024.0,cctv2,C2_S004,G010,OCCUPIED,OCCUPIED,0.7869455214251172
1024.0,cctv2,C2_S005,G001,EMPTY,EMPTY,0.01
1024.0,cctv2,C2_S006,G003,OCCUPIED,OCCUPIED,0.7971040588888256
1024.0,cctv2,C2_S007,G004,OCCUPIED,OCCUPIED,0.7914207680658861
1024.0,cctv2,C2_S008,G006,OCCUPIED,OCCUPIED,0.7761627814986489
1024.0,cctv2,C2_S009,G005,OCCUPIED,OCCUPIED,0.795159830830314
1024.0,cctv2,C2_S010,G002,EMPTY,EMPTY,0.01
1024.0,cctv2,C2_S011,G017,OCCUPIED,OCCUPIED,0.8122251296585257
1024.0,cctv2,C2_S012,G018,OCCUPIED,OCCUPIED,0.7536320403624666
1024.0,cctv2,C2_S013,G019,OCCUPIED,OCCUPIED,0.7241910285231742
1024.0,cctv2,C2_S014,G020,EMPTY,EMPTY,0.01
1024.0,cctv3,C3_S001,G021,EMPTY,EMPTY,0.01
1024.0,cctv3,C3_S002,G019,EMPTY,EMPTY,0.01
1024.0,cctv3,C3_S003,G020,OCCUPIED,OCCUPIED,0.8131265396421606
1024.0,cctv3,C3_S004,G024,OCCUPIED,OCCUPIED,0.8191868754950438
1024.0,cctv3,C3_S005,G025,OCCUPIED,OCCUPIED,0.814536152644591
1024.0,cctv3,C3_S006,G026,OCCUPIED,OCCUPIED,0.8208198157223789
1024.0,cctv3,C3_S007,G027,EMPTY,MANEUVERING,0.2118053397129882
1024.0,cctv3,C3_S008,G028,EMPTY,EMPTY,0.01
1024.0,cctv3,C3_S009,G029,EMPTY,MANEUVERING,0.1166036146472801
1024.0,cctv3,C3_S010,G007,EMPTY,MANEUVERING,0.1935115570913661
1024.0,cctv3,C3_S011,G008,OCCUPIED,LEAVING,0.7929631841453639
1024.0,cctv3,C3_S012,G009,OCCUPIED,OCCUPIED,0.8244480691172861
1025.0,cctv1,C1_S001,G001,OCCUPIED,LEAVING,0.7402587332000787
1025.0,cctv1,C1_S002,G002,EMPTY,MANEUVERING,0.3024967909909107
1025.0,cctv1,C1_S003,G003,OCCUPIED,OCCUPIED,0.8374207185073332
1025.0,cctv1,C1_S004,G004,OCCUPIED,OCCUPIED,0.7718797179785643
1025.0,cctv1,C1_S005,G005,OCCUPIED,LEAVING,0.7101228417401965
1025.0,cctv1,C1_S006,G006,EMPTY,MANEUVERING,0.2599537513120608
1025.0,cctv2,C2_S001,G007,OCCUPIED,OCCUPIED,0.7917967979203572
1025.0,cctv2,C2_S002,G008,OCCUPIED,OCCUPIED,0.8309215943921697
1025.0,cctv2,C2_S003,G009,EMPTY,EMPTY,0.01
1025.0,cctv2,C2_S004,G010,OCCUPIED,OCCUPIED,0.7899533213539558
1025.0,cctv2,C2_S005,G001,EMPTY,EMPTY,0.01
1025.0,cctv2,C2_S006,G003,OCCUPIED,OCCUPIED,0.7901094202290883
1025.0,cctv2,C2_S007,G004,OCCUPIED,OCCUPIED,0.7900022671981292
1025.0,cctv2,C2_S008,G006,OCCUPIED,OCCUPIED,0.7783948715437543
1025.0,cctv2,C2_S009,G005,OCCUPIED,OCCUPIED,0.7969157259572637
1025.0,cctv2,C2_S010,G002,EMPTY,EMPTY,0.01
1025.0,cctv2,C2_S011,G017,OCCUPIED,OCCUPIED,0.812870539860292
1025.0,cctv2,C2_S012,G018,OCCUPIED,OCCUPIED,0.7540314400602471
1025.0,cctv2,C2_S013,G019,OCCUPIED,OCCUPIED,0.7606675567048969
1025.0,cctv2,C2_S014,G020,EMPTY,EMPTY,0.01
1025.0,cctv3,C3_S001,G021,EMPTY,EMPTY,0.01
1025.0,cctv3,C3_S002,G019,EMPTY,EMPTY,0.01
1025.0,cctv3,C3_S003,G020,OCCUPIED,OCCUPIED,0.811755122108893
1025.0,cctv3,C3_S004,G024,OCCUPIED,OCCUPIED,0.8180594910274853
1025.0,cctv3,C3_S005,G025,OCCUPIED,OCCUPIED,0.8152301352132452
1025.0,cctv3,C3_S006,G026,OCCUPIED,OCCUPIED,0.8213600321249529
1025.0,cctv3,C3_S007,G027,EMPTY,MANEUVERING,0.2118053397129882
1025.0,cctv3,C3_S008,G028,EMPTY,EMPTY,0.01
1025.0,cctv3,C3_S009,G029,EMPTY,EMPTY,0.01
1025.0,cctv3,C3_S010,G007,EMPTY,MANEUVERING,0.3040905921093442
1025.0,cctv3,C3_S011,G008,OCCUPIED,LEAVING,0.7929114744067193
1025.0,cctv3,C3_S012,G009,OCCUPIED,OCCUPIED,0.8241561756892638
1026.0,cctv1,C1_S001,G001,OCCUPIED,LEAVING,0.7499618594111367
1026.0,cctv1,C1_S002,G002,EMPTY,MANEUVERING,0.3820630509677258
1026.0,cctv1,C1_S003,G003,OCCUPIED,OCCUPIED,0.8374199902469462
1026.0,cctv1,C1_S004,G004,OCCUPIED,OCCUPIED,0.7738593800501391
1026.0,cctv1,C1_S005,G005,OCCUPIED,LEAVING,0.7056857091323896
1026.0,cctv1,C1_S006,G006,EMPTY,MANEUVERING,0.3439804115349596
1026.0,cctv2,C2_S001,G007,OCCUPIED,OCCUPIED,0.7917832714590161
1026.0,cctv2,C2_S002,G008,OCCUPIED,OCCUPIED,0.8314684903079814
1026.0,cctv2,C2_S003,G009,EMPTY,EMPTY,0.01
1026.0,cctv2,C2_S004,G010,OCCUPIED,OCCUPIED,0.7902113766832786
1026.0,cctv2,C2_S005,G001,EMPTY,EMPTY,0.01
1026.0,cctv2,C2_S006,G003,OCCUPIED,OCCUPIED,0.7831530948931521
1026.0,cctv2,C2_S007,G004,OCCUPIED,OCCUPIED,0.7877943682399664
1026.0,cctv2,C2_S008,G006,OCCUPIED,OCCUPIED,0.7799857466058299
1026.0,cctv2,C2_S009,G005,OCCUPIED,OCCUPIED,0.7972306075421247
1026.0,cctv2,C2_S010,G002,EMPTY,EMPTY,0.01
1026.0,cctv2,C2_S011,G017,OCCUPIED,OCCUPIED,0.8134115105325526
1026.0,cctv2,C2_S012,G018,OCCUPIED,OCCUPIED,0.7915847701105205
1026.0,cctv2,C2_S013,G019,OCCUPIED,OCCUPIED,0.7970054974068295
1026.0,cctv2,C2_S014,G020,EMPTY,EMPTY,0.01
1026.0,cctv3,C3_S001,G021,EMPTY,EMPTY,0.01
1026.0,cctv3,C3_S002,G019,EMPTY,EMPTY,0.01
1026.0,cctv3,C3_S003,G020,OCCUPIED,LEAVING,0.8108815315094862
1026.0,cctv3,C3_S004,G024,OCCUPIED,OCCUPIED,0.8225570126013323
1026.0,cctv3,C3_S005,G025,OCCUPIED,OCCUPIED,0.8177680169994181
1026.0,cctv3,C3_S006,G026,OCCUPIED,OCCUPIED,0.8214683998714795
1026.0,cctv3,C3_S007,G027,EMPTY,MANEUVERING,0.2975682917169549
1026.0,cctv3,C3_S008,G028,EMPTY,EMPTY,0.01
1026.0,cctv3,C3_S009,G029,EMPTY,EMPTY,0.01
1026.0,cctv3,C3_S010,G007,EMPTY,MANEUVERING,0.3040905921093442
1026.0,cctv3,C3_S011,G008,OCCUPIED,LEAVING,0.7924496736038815
1026.0,cctv3,C3_S012,G009,OCCUPIED,OCCUPIED,0.8244960538365624
1027.0,cctv1,C1_S001,G001,OCCUPIED,LEAVING,0.7591873492198913
1027.0,cctv1,C1_S002,G002,EMPTY,MANEUVERING,0.3820630509677258
1027.0,cctv1,C1_S003,G003,OCCUPIED,OCCUPIED,0.8375622586770491
1027.0,cctv1,C1_S004,G004,OCCUPIED,OCCUPIED,0.7742587113922293
1027.0,cctv1,C1_S005,G005,OCCUPIED,LEAVING,0.7195678805446987
1027.0,cctv1,C1_S006,G006,EMPTY,MANEUVERING,0.2922776300572988
1027.0,cctv2,C2_S001,G007,OCCUPIED,OCCUPIED,0.7919217376546427
1027.0,cctv2,C2_S002,G008,OCCUPIED,OCCUPIED,0.831201290271499
1027.0,cctv2,C2_S003,G009,EMPTY,MANEUVERING,0.2306886611472476
1027.0,cctv2,C2_S004,G010,OCCUPIED,OCCUPIED,0.7929021598263221
1027.0,cctv2,C2_S005,G001,EMPTY,EMPTY,0.01
1027.0,cctv2,C2_S006,G003,OCCUPIED,OCCUPIED,0.7769312388517641
1027.0,cctv2,C2_S007,G004,OCCUPIED,OCCUPIED,0.7856653514233503
1027.0,cctv2,C2_S008,G006,OCCUPIED,OCCUPIED,0.7791810270060193
1027.0,cctv2,C2_S009,G005,OCCUPIED,OCCUPIED,0.7977692463181236
1027.0,cctv2,C2_S010,G002,EMPTY,EMPTY,0.01
1027.0,cctv2,C2_S011,G017,OCCUPIED,OCCUPIED,0.8152468876405197
1027.0,cctv2,C2_S012,G018,OCCUPIED,OCCUPIED,0.795538666844368
1027.0,cctv2,C2_S013,G019,OCCUPIED,OCCUPIED,0.8336222131143918
1027.0,cctv2,C2_S014,G020,EMPTY,EMPTY,0.01
1027.0,cctv3,C3_S001,G021,EMPTY,EMPTY,0.01
1027.0,cctv3,C3_S002,G019,EMPTY,EMPTY,0.01
1027.0,cctv3,C3_S003,G020,OCCUPIED,LEAVING,0.8104093529961327
1027.0,cctv3,C3_S004,G024,OCCUPIED,OCCUPIED,0.8247089684009552
1027.0,cctv3,C3_S005,G025,OCCUPIED,OCCUPIED,0.8197291311892597
1027.0,cctv3,C3_S006,G026,OCCUPIED,OCCUPIED,0.8219462305307389
1027.0,cctv3,C3_S007,G027,EMPTY,MANEUVERING,0.3776735913279381
1027.0,cctv3,C3_S008,G028,EMPTY,EMPTY,0.01
1027.0,cctv3,C3_S009,G029,EMPTY,EMPTY,0.01
1027.0,cctv3,C3_S010,G007,EMPTY,MANEUVERING,0.3040905921093442
1027.0,cctv3,C3_S011,G008,OCCUPIED,LEAVING,0.7919082420793447
1027.0,cctv3,C3_S012,G009,OCCUPIED,OCCUPIED,0.8244359601627698
1028.0,cctv1,C1_S001,G001,OCCUPIED,LEAVING,0.7636868946423585
1028.0,cctv1,C1_S002,G002,EMPTY,MANEUVERING,0.3370630509677258
1028.0,cctv1,C1_S003,G003,OCCUPIED,OCCUPIED,0.8376947362314572
1028.0,cctv1,C1_S004,G004,OCCUPIED,OCCUPIED,0.7745494116436352
1028.0,cctv1,C1_S005,G005,OCCUPIED,LEAVING,0.7207999926760342
1028.0,cctv1,C1_S006,G006,EMPTY,MANEUVERING,0.3540172566783119
1028.0,cctv2,C2_S001,G007,OCCUPIED,OCCUPIED,0.793981759114699
1028.0,cctv2,C2_S002,G008,OCCUPIED,OCCUPIED,0.8312576247887178
1028.0,cctv2,C2_S003,G009,EMPTY,MANEUVERING,0.2306886611472476
1028.0,cctv2,C2_S004,G010,OCCUPIED,OCCUPIED,0.7931589061563666
1028.0,cctv2,C2_S005,G001,EMPTY,EMPTY,0.01
1028.0,cctv2,C2_S006,G003,OCCUPIED,OCCUPIED,0.7692701785401865
1028.0,cctv2,C2_S007,G004,OCCUPIED,OCCUPIED,0.7850542596795342
1028.0,cctv2,C2_S008,G006,OCCUPIED,OCCUPIED,0.7790836437181994
1028.0,cctv2,C2_S009,G005,OCCUPIED,OCCUPIED,0.7996275189247999
1028.0,cctv2,C2_S010,G002,EMPTY,EMPTY,0.01
1028.0,cctv2,C2_S011,G017,OCCUPIED,OCCUPIED,0.816607262600552
1028.0,cctv2,C2_S012,G018,OCCUPIED,OCCUPIED,0.7952451437711716
1028.0,cctv2,C2_S013,G019,OCCUPIED,OCCUPIED,0.8348103829405525
1028.0,cctv2,C2_S014,G020,EMPTY,EMPTY,0.01
1028.0,cctv3,C3_S001,G021,EMPTY,EMPTY,0.01
1028.0,cctv3,C3_S002,G019,EMPTY,EMPTY,0.01
1028.0,cctv3,C3_S003,G020,OCCUPIED,LEAVING,0.8097148721868342
1028.0,cctv3,C3_S004,G024,OCCUPIED,OCCUPIED,0.8268987490372225
1028.0,cctv3,C3_S005,G025,OCCUPIED,OCCUPIED,0.8236392424865203
1028.0,cctv3,C3_S006,G026,OCCUPIED,OCCUPIED,0.8225832161578266
1028.0,cctv3,C3_S007,G027,EMPTY,MANEUVERING,0.4133115883594887
1028.0,cctv3,C3_S008,G028,EMPTY,EMPTY,0.01
1028.0,cctv3,C3_S009,G029,EMPTY,EMPTY,0.01
1028.0,cctv3,C3_S010,G007,EMPTY,MANEUVERING,0.3040905921093442
1028.0,cctv3,C3_S011,G008,OCCUPIED,LEAVING,0.7908196683634412
1028.0,cctv3,C3_S012,G009,OCCUPIED,OCCUPIED,0.8241878704591231
1029.0,cctv1,C1_S001,G001,OCCUPIED,LEAVING,0.7667166693813422
1029.0,cctv1,C1_S002,G002,EMPTY,MANEUVERING,0.2620630509677258
1029.0,cctv1,C1_S003,G003,OCCUPIED,OCCUPIED,0.8377015067772433
1029.0,cctv1,C1_S004,G004,OCCUPIED,OCCUPIED,0.7745526075363159
1029.0,cctv1,C1_S005,G005,OCCUPIED,LEAVING,0.7224671971075464
1029.0,cctv1,C1_S006,G006,EMPTY,MANEUVERING,0.4410141567682678
1029.0,cctv2,C2_S001,G007,OCCUPIED,OCCUPIED,0.793992487137968
1029.0,cctv2,C2_S002,G008,OCCUPIED,OCCUPIED,0.8306988507509232
1029.0,cctv2,C2_S003,G009,EMPTY,MANEUVERING,0.2306886611472476
1029.0,cctv2,C2_S004,G010,OCCUPIED,OCCUPIED,0.7945991694927216
1029.0,cctv2,C2_S005,G001,EMPTY,EMPTY,0.01
1029.0,cctv2,C2_S006,G003,OCCUPIED,OCCUPIED,0.7609105777334084
1029.0,cctv2,C2_S007,G004,OCCUPIED,OCCUPIED,0.7821823152628813
1029.0,cctv2,C2_S008,G006,OCCUPIED,OCCUPIED,0.7772570849819618
1029.0,cctv2,C2_S009,G005,OCCUPIED,OCCUPIED,0.7993041574954988
1029.0,cctv2,C2_S010,G002,EMPTY,EMPTY,0.01
1029.0,cctv2,C2_S011,G017,OCCUPIED,OCCUPIED,0.8173594117164612
1029.0,cctv2,C2_S012,G018,OCCUPIED,OCCUPIED,0.7973913970318708
1029.0,cctv2,C2_S013,G019,OCCUPIED,OCCUPIED,0.8351057729937814
1029.0,cctv2,C2_S014,G020,EMPTY,EMPTY,0.01
1029.0,cctv3,C3_S001,G021,EMPTY,EMPTY,0.01
1029.0,cctv3,C3_S002,G019,EMPTY,EMPTY,0.01
1029.0,cctv3,C3_S003,G020,OCCUPIED,LEAVING,0.8116556227207185
1029.0,cctv3,C3_S004,G024,OCCUPIED,OCCUPIED,0.8278465067798442
1029.0,cctv3,C3_S005,G025,OCCUPIED,OCCUPIED,0.827162480083379
1029.0,cctv3,C3_S006,G026,OCCUPIED,OCCUPIED,0.8250066968527707
1029.0,cctv3,C3_S007,G027,EMPTY,MANEUVERING,0.4133115883594887
1029.0,cctv3,C3_S008,G028,EMPTY,EMPTY,0.01
1029.0,cctv3,C3_S009,G029,EMPTY,EMPTY,0.01
1029.0,cctv3,C3_S010,G007,EMPTY,MANEUVERING,0.3402865214916792
1029.0,cctv3,C3_S011,G008,OCCUPIED,LEAVING,0.7901443718509241
1029.0,cctv3,C3_S012,G009,OCCUPIED,OCCUPIED,0.8239798017523506
1030.0,cctv1,C1_S001,G001,OCCUPIED,LEAVING,0.6902562784251165
1030.0,cctv1,C1_S002,G002,EMPTY,MANEUVERING,0.2170630509677258
1030.0,cctv1,C1_S003,G003,OCCUPIED,OCCUPIED,0.8376752195033161
1030.0,cctv1,C1_S004,G004,OCCUPIED,OCCUPIED,0.7744778718460691
1030.0,cctv1,C1_S005,G005,OCCUPIED,LEAVING,0.7362094567761277
1030.0,cctv1,C1_S006,G006,EMPTY,MANEUVERING,0.4550564181601459
1030.0,cctv2,C2_S001,G007,OCCUPIED,OCCUPIED,0.7949876370755109
1030.0,cctv2,C2_S002,G008,OCCUPIED,OCCUPIED,0.8299170071428473
1030.0,cctv2,C2_S003,G009,EMPTY,MANEUVERING,0.3153240761838176
1030.0,cctv2,C2_S004,G010,OCCUPIED,OCCUPIED,0.7966731868006967
1030.0,cctv2,C2_S005,G001,EMPTY,EMPTY,0.01
1030.0,cctv2,C2_S006,G003,OCCUPIED,OCCUPIED,0.756233878501437
1030.0,cctv2,C2_S007,G004,OCCUPIED,OCCUPIED,0.7830835935744374
1030.0,cctv2,C2_S008,G006,OCCUPIED,OCCUPIED,0.7784879897128453
1030.0,cctv2,C2_S009,G005,OCCUPIED,OCCUPIED,0.7993457187305798
1030.0,cctv2,C2_S010,G002,EMPTY,EMPTY,0.01
1030.0,cctv2,C2_S011,G017,OCCUPIED,OCCUPIED,0.8190448777242141
1030.0,cctv2,C2_S012,G018,OCCUPIED,OCCUPIED,0.8008512345227329
1030.0,cctv2,C2_S013,G019,OCCUPIED,OCCUPIED,0.8352814593098381
1030.0,cctv2,C2_S014,G020,EMPTY,EMPTY,0.01
1030.0,cctv3,C3_S001,G021,EMPTY,EMPTY,0.01
1030.0,cctv3,C3_S002,G019,EMPTY,EMPTY,0.01
1030.0,cctv3,C3_S003,G020,OCCUPIED,LEAVING,0.8078438769687306
1030.0,cctv3,C3_S004,G024,OCCUPIED,OCCUPIED,0.8276828822764484
1030.0,cctv3,C3_S005,G025,OCCUPIED,OCCUPIED,0.8281008915467696
1030.0,cctv3,C3_S006,G026,OCCUPIED,OCCUPIED,0.8253666306083853
1030.0,cctv3,C3_S007,G027,EMPTY,MANEUVERING,0.4492379329556769
1030.0,cctv3,C3_S008,G028,EMPTY,EMPTY,0.01
1030.0,cctv3,C3_S009,G029,EMPTY,EMPTY,0.01
1030.0,cctv3,C3_S010,G007,EMPTY,MANEUVERING,0.3402865214916792
1030.0,cctv3,C3_S011,G008,OCCUPIED,LEAVING,0.79023154608228
1030.0,cctv3,C3_S012,G009,OCCUPIED,OCCUPIED,0.8241398410363632
1031.0,cctv1,C1_S001,G001,OCCUPIED,LEAVING,0.6908075877126645
1031.0,cctv1,C1_S002,G002,EMPTY,MANEUVERING,0.2170630509677258
1031.0,cctv1,C1_S003,G003,OCCUPIED,OCCUPIED,0.8377086845311252
1031.0,cctv1,C1_S004,G004,OCCUPIED,OCCUPIED,0.7755581156774001
1031.0,cctv1,C1_S005,G005,OCCUPIED,LEAVING,0.73668199324066
1031.0,cctv1,C1_S006,G006,EMPTY,MANEUVERING,0.49
1031.0,cctv2,C2_S001,G007,OCCUPIED,OCCUPIED,0.79595511962067
1031.0,cctv2,C2_S002,G008,OCCUPIED,OCCUPIED,0.8299815768545324
1031.0,cctv2,C2_S003,G009,EMPTY,MANEUVERING,0.2703240761838176
1031.0,cctv2,C2_S004,G010,OCCUPIED,OCCUPIED,0.7985344431617044
1031.0,cctv2,C2_S005,G001,EMPTY,EMPTY,0.01
1031.0,cctv2,C2_S006,G003,OCCUPIED,OCCUPIED,0.7530544984747064
1031.0,cctv2,C2_S007,G004,OCCUPIED,OCCUPIED,0.7836174116893249
1031.0,cctv2,C2_S008,G006,OCCUPIED,OCCUPIED,0.7798794035207142
1031.0,cctv2,C2_S009,G005,OCCUPIED,OCCUPIED,0.8006325206973337
1031.0,cctv2,C2_S010,G002,EMPTY,EMPTY,0.01
1031.0,cctv2,C2_S011,G017,OCCUPIED,OCCUPIED,0.8200594102794474
1031.0,cctv2,C2_S012,G018,OCCUPIED,OCCUPIED,0.801449304548177
1031.0,cctv2,C2_S013,G019,OCCUPIED,OCCUPIED,0.835463586178693
1031.0,cctv2,C2_S014,G020,EMPTY,EMPTY,0.01
1031.0,cctv3,C3_S001,G021,EMPTY,EMPTY,0.01
1031.0,cctv3,C3_S002,G019,EMPTY,EMPTY,0.01
1031.0,cctv3,C3_S003,G020,OCCUPIED,LEAVING,0.8068207792260431
1031.0,cctv3,C3_S004,G024,OCCUPIED,OCCUPIED,0.8278865253383464
1031.0,cctv3,C3_S005,G025,OCCUPIED,OCCUPIED,0.8280743189833382
1031.0,cctv3,C3_S006,G026,OCCUPIED,OCCUPIED,0.8254330770535903
1031.0,cctv3,C3_S007,G027,EMPTY,MANEUVERING,0.4851850797777826
1031.0,cctv3,C3_S008,G028,EMPTY,EMPTY,0.01
1031.0,cctv3,C3_S009,G029,EMPTY,MANEUVERING,0.1453321936320174
1031.0,cctv3,C3_S010,G007,EMPTY,MANEUVERING,0.2484467309645631
1031.0,cctv3,C3_S011,G008,OCCUPIED,LEAVING,0.7960100829601289
1031.0,cctv3,C3_S012,G009,OCCUPIED,OCCUPIED,0.8237233598123898
1032.0,cctv1,C1_S001,G001,OCCUPIED,LEAVING,0.691626168623228
1032.0,cctv1,C1_S002,G002,EMPTY,MANEUVERING,0.2170630509677258
1032.0,cctv1,C1_S003,G003,OCCUPIED,OCCUPIED,0.8376547339287672
1032.0,cctv1,C1_S004,G004,OCCUPIED,OCCUPIED,0.7773223394697364
1032.0,cctv1,C1_S005,G005,OCCUPIED,LEAVING,0.749208350750533
1032.0,cctv1,C1_S006,G006,EMPTY,MANEUVERING,0.49
1032.0,cctv2,C2_S001,G007,OCCUPIED,OCCUPIED,0.7957263775847175
1032.0,cctv2,C2_S002,G008,OCCUPIED,OCCUPIED,0.8295410223982551
1032.0,cctv2,C2_S003,G009,EMPTY,MANEUVERING,0.2703240761838176
1032.0,cctv2,C2_S004,G010,OCCUPIED,OCCUPIED,0.8000730053945022
1032.0,cctv2,C2_S005,G001,EMPTY,EMPTY,0.01
1032.0,cctv2,C2_S006,G003,OCCUPIED,OCCUPIED,0.7535844891586088
1032.0,cctv2,C2_S007,G004,OCCUPIED,OCCUPIED,0.7834209260615437
1032.0,cctv2,C2_S008,G006,OCCUPIED,OCCUPIED,0.7819359442049807
1032.0,cctv2,C2_S009,G005,OCCUPIED,OCCUPIED,0.8016986410726201
1032.0,cctv2,C2_S010,G002,EMPTY,EMPTY,0.01
1032.0,cctv2,C2_S011,G017,OCCUPIED,OCCUPIED,0.8209262189539996
1032.0,cctv2,C2_S012,G018,OCCUPIED,OCCUPIED,0.8014987661079928
1032.0,cctv2,C2_S013,G019,OCCUPIED,OCCUPIED,0.8356759984384884
1032.0,cctv2,C2_S014,G020,EMPTY,EMPTY,0.01
1032.0,cctv3,C3_S001,G021,EMPTY,EMPTY,0.01
1032.0,cctv3,C3_S002,G019,EMPTY,EMPTY,0.01
1032.0,cctv3,C3_S003,G020,OCCUPIED,LEAVING,0.8058487938209014
1032.0,cctv3,C3_S004,G024,OCCUPIED,OCCUPIED,0.8282192273573443
1032.0,cctv3,C3_S005,G025,OCCUPIED,OCCUPIED,0.8282638414339587
1032.0,cctv3,C3_S006,G026,OCCUPIED,OCCUPIED,0.8252286187627099
1032.0,cctv3,C3_S007,G027,EMPTY,MANEUVERING,0.49
1032.0,cctv3,C3_S008,G028,EMPTY,EMPTY,0.01
1032.0,cctv3,C3_S009,G029,EMPTY,MANEUVERING,0.1453321936320174
1032.0,cctv3,C3_S010,G007,EMPTY,MANEUVERING,0.2484467309645631
1032.0,cctv3,C3_S011,G008,OCCUPIED,LEAVING,0.7959939758885991
1032.0,cctv3,C3_S012,G009,OCCUPIED,OCCUPIED,0.8235865102572875
1033.0,cctv1,C1_S001,G001,OCCUPIED,LEAVING,0.6909584615227173
1033.0,cctv1,C1_S002,G002,EMPTY,MANEUVERING,0.2170630509677258
1033.0,cctv1,C1_S003,G003,OCCUPIED,OCCUPIED,0.8374865244735372
1033.0,cctv1,C1_S004,G004,OCCUPIED,OCCUPIED,0.7789430793036115
1033.0,cctv1,C1_S005,G005,OCCUPIED,LEAVING,0.7483888123523106
1033.0,cctv1,C1_S006,G006,EMPTY,MANEUVERING,0.49
1033.0,cctv2,C2_S001,G007,OCCUPIED,OCCUPIED,0.7953080415725708
1033.0,cctv2,C2_S002,G008,OCCUPIED,OCCUPIED,0.8301487556912683
1033.0,cctv2,C2_S003,G009,EMPTY,MANEUVERING,0.2703240761838176
1033.0,cctv2,C2_S004,G010,OCCUPIED,OCCUPIED,0.7991472401402214
1033.0,cctv2,C2_S005,G001,EMPTY,EMPTY,0.01
1033.0,cctv2,C2_S006,G003,OCCUPIED,OCCUPIED,0.753015096011487
1033.0,cctv2,C2_S007,G004,OCCUPIED,OCCUPIED,0.7838213522325863
1033.0,cctv2,C2_S008,G006,OCCUPIED,OCCUPIED,0.7833841200579297
1033.0,cctv2,C2_S009,G005,OCCUPIED,OCCUPIED,0.8019584601575679
1033.0,cctv2,C2_S010,G002,EMPTY,EMPTY,0.01
1033.0,cctv2,C2_S011,G017,OCCUPIED,OCCUPIED,0.8213568939404055
1033.0,cctv2,C2_S012,G018,OCCUPIED,OCCUPIED,0.8010653349486265
1033.0,cctv2,C2_S013,G019,OCCUPIED,OCCUPIED,0.8356866216117687
1033.0,cctv2,C2_S014,G020,EMPTY,EMPTY,0.01
1033.0,cctv3,C3_S001,G021,EMPTY,EMPTY,0.01
1033.0,cctv3,C3_S002,G019,EMPTY,EMPTY,0.01
1033.0,cctv3,C3_S003,G020,OCCUPIED,LEAVING,0.7221361746300351
1033.0,cctv3,C3_S004,G024,OCCUPIED,OCCUPIED,0.8282487983053382
1033.0,cctv3,C3_S005,G025,OCCUPIED,OCCUPIED,0.8282947859980844
1033.0,cctv3,C3_S006,G026,OCCUPIED,OCCUPIED,0.8252786972305992
1033.0,cctv3,C3_S007,G027,EMPTY,MANEUVERING,0.49
1033.0,cctv3,C3_S008,G028,EMPTY,EMPTY,0.01
1033.0,cctv3,C3_S009,G029,EMPTY,MANEUVERING,0.1453321936320174
1033.0,cctv3,C3_S010,G007,EMPTY,MANEUVERING,0.2034467309645631
1033.0,cctv3,C3_S011,G008,OCCUPIED,LEAVING,0.7964723031629216
1033.0,cctv3,C3_S012,G009,OCCUPIED,OCCUPIED,0.8234383482824673
1034.0,cctv1,C1_S001,G001,OCCUPIED,LEAVING,0.73949750718068
1034.0,cctv1,C1_S002,G002,EMPTY,MANEUVERING,0.2170630509677258
1034.0,cctv1,C1_S003,G003,OCCUPIED,OCCUPIED,0.837264771624045
1034.0,cctv1,C1_S004,G004,OCCUPIED,OCCUPIED,0.7800616002895616
1034.0,cctv1,C1_S005,G005,OCCUPIED,LEAVING,0.7492575672539799
1034.0,cctv1,C1_S006,G006,EMPTY,MANEUVERING,0.49
1034.0,cctv2,C2_S001,G007,OCCUPIED,OCCUPIED,0.7949251895601099
1034.0,cctv2,C2_S002,G008,OCCUPIED,OCCUPIED,0.8300746527585117
1034.0,cctv2,C2_S003,G009,EMPTY,MANEUVERING,0.3088444403084841
1034.0,cctv2,C2_S004,G010,OCCUPIED,OCCUPIED,0.7976375864310699
1034.0,cctv2,C2_S005,G001,EMPTY,EMPTY,0.01
1034.0,cctv2,C2_S006,G003,OCCUPIED,OCCUPIED,0.7546774913641541
1034.0,cctv2,C2_S007,G004,OCCUPIED,OCCUPIED,0.7852949424223467
1034.0,cctv2,C2_S008,G006,OCCUPIED,OCCUPIED,0.7861781832846729
1034.0,cctv2,C2_S009,G005,OCCUPIED,OCCUPIED,0.8022390167821538
1034.0,cctv2,C2_S010,G002,EMPTY,EMPTY,0.01
1034.0,cctv2,C2_S011,G017,OCCUPIED,OCCUPIED,0.822042128443718
1034.0,cctv2,C2_S012,G018,OCCUPIED,OCCUPIED,0.8012857954610478
1034.0,cctv2,C2_S013,G019,OCCUPIED,OCCUPIED,0.8357690540227024
1034.0,cctv2,C2_S014,G020,EMPTY,EMPTY,0.01
1034.0,cctv3,C3_S001,G021,EMPTY,EMPTY,0.01
1034.0,cctv3,C3_S002,G019,EMPTY,EMPTY,0.01
1034.0,cctv3,C3_S003,G020,OCCUPIED,LEAVING,0.7211896284330975
1034.0,cctv3,C3_S004,G024,OCCUPIED,OCCUPIED,0.8282383685762232
1034.0,cctv3,C3_S005,G025,OCCUPIED,OCCUPIED,0.8285038658163765
1034.0,cctv3,C3_S006,G026,OCCUPIED,OCCUPIED,0.8254650367931886
1034.0,cctv3,C3_S007,G027,EMPTY,MANEUVERING,0.49
1034.0,cctv3,C3_S008,G028,EMPTY,EMPTY,0.01
1034.0,cctv3,C3_S009,G029,EMPTY,MANEUVERING,0.1453321936320174
1034.0,cctv3,C3_S010,G007,EMPTY,MANEUVERING,0.2034467309645631
1034.0,cctv3,C3_S011,G008,OCCUPIED,OCCUPIED,0.7966867604038933
1034.0,cctv3,C3_S012,G009,OCCUPIED,OCCUPIED,0.8229122825644234
1035.0,cctv1,C1_S001,G001,OCCUPIED,LEAVING,0.7293883443285119
1035.0,cctv1,C1_S002,G002,EMPTY,MANEUVERING,0.1817842828414657
1035.0,cctv1,C1_S003,G003,OCCUPIED,OCCUPIED,0.8372880873355
1035.0,cctv1,C1_S004,G004,OCCUPIED,OCCUPIED,0.7814525577155027
1035.0,cctv1,C1_S005,G005,OCCUPIED,LEAVING,0.7482875199480491
1035.0,cctv1,C1_S006,G006,EMPTY,MANEUVERING,0.4811500575777256
1035.0,cctv2,C2_S001,G007,OCCUPIED,OCCUPIED,0.7950335443019868
1035.0,cctv2,C2_S002,G008,OCCUPIED,OCCUPIED,0.8301301314072176
1035.0,cctv2,C2_S003,G009,EMPTY,MANEUVERING,0.3088444403084841
1035.0,cctv2,C2_S004,G010,OCCUPIED,OCCUPIED,0.7954463135112416
1035.0,cctv2,C2_S005,G001,EMPTY,EMPTY,0.01
1035.0,cctv2,C2_S006,G003,OCCUPIED,OCCUPIED,0.7594844508577477
1035.0,cctv2,C2_S007,G004,OCCUPIED,OCCUPIED,0.7877018039876765
1035.0,cctv2,C2_S008,G006,OCCUPIED,OCCUPIED,0.7890407919883728
1035.0,cctv2,C2_S009,G005,OCCUPIED,OCCUPIED,0.8019761440428821
1035.0,cctv2,C2_S010,G002,EMPTY,EMPTY,0.01
1035.0,cctv2,C2_S011,G017,OCCUPIED,OCCUPIED,0.8218449950218201
1035.0,cctv2,C2_S012,G018,OCCUPIED,OCCUPIED,0.8018743891607631
1035.0,cctv2,C2_S013,G019,OCCUPIED,OCCUPIED,0.835698250207034
1035.0,cctv2,C2_S014,G020,EMPTY,EMPTY,0.01
1035.0,cctv3,C3_S001,G021,EMPTY,EMPTY,0.01
1035.0,cctv3,C3_S002,G019,EMPTY,EMPTY,0.01
1035.0,cctv3,C3_S003,G020,OCCUPIED,LEAVING,0.7172881345857274
1035.0,cctv3,C3_S004,G024,OCCUPIED,OCCUPIED,0.8280392064289614
1035.0,cctv3,C3_S005,G025,OCCUPIED,OCCUPIED,0.8287945546887139
1035.0,cctv3,C3_S006,G026,OCCUPIED,OCCUPIED,0.825571943954988
1035.0,cctv3,C3_S007,G027,EMPTY,MANEUVERING,0.49
1035.0,cctv3,C3_S008,G028,EMPTY,EMPTY,0.01
1035.0,cctv3,C3_S009,G029,EMPTY,MANEUVERING,0.1003321936320174
1035.0,cctv3,C3_S010,G007,EMPTY,MANEUVERING,0.2034467309645631
1035.0,cctv3,C3_S011,G008,OCCUPIED,OCCUPIED,0.7965489046140151
1035.0,cctv3,C3_S012,G009,OCCUPIED,OCCUPIED,0.8224845945835114
1036.0,cctv1,C1_S001,G001,OCCUPIED,LEAVING,0.7193235516954553
1036.0,cctv1,C1_S002,G002,EMPTY,MANEUVERING,0.1407410254668105
1036.0,cctv1,C1_S003,G003,OCCUPIED,OCCUPIED,0.8370881814848293
1036.0,cctv1,C1_S004,G004,OCCUPIED,OCCUPIED,0.7815258714285764
1036.0,cctv1,C1_S005,G005,OCCUPIED,LEAVING,0.749396201697263
1036.0,cctv1,C1_S006,G006,EMPTY,MANEUVERING,0.49
1036.0,cctv2,C2_S001,G007,OCCUPIED,OCCUPIED,0.7970156894488769
1036.0,cctv2,C2_S002,G008,OCCUPIED,OCCUPIED,0.8299937922846188
1036.0,cctv2,C2_S003,G009,EMPTY,MANEUVERING,0.3088444403084841
1036.0,cctv2,C2_S004,G010,OCCUPIED,OCCUPIED,0.794255928830667
1036.0,cctv2,C2_S005,G001,EMPTY,EMPTY,0.01
1036.0,cctv2,C2_S006,G003,OCCUPIED,OCCUPIED,0.7654073291881518
1036.0,cctv2,C2_S007,G004,OCCUPIED,OCCUPIED,0.7899079469117252
1036.0,cctv2,C2_S008,G006,OCCUPIED,OCCUPIED,0.7910452002828772
1036.0,cctv2,C2_S009,G005,OCCUPIED,OCCUPIED,0.8012222888794813
1036.0,cctv2,C2_S010,G002,EMPTY,EMPTY,0.01
1036.0,cctv2,C2_S011,G017,OCCUPIED,OCCUPIED,0.8218801717866552
1036.0,cctv2,C2_S012,G018,OCCUPIED,OCCUPIED,0.8031008503653787
1036.0,cctv2,C2_S013,G019,OCCUPIED,OCCUPIED,0.835871924053539
1036.0,cctv2,C2_S014,G020,EMPTY,EMPTY,0.01
1036.0,cctv3,C3_S001,G021,EMPTY,EMPTY,0.01
1036.0,cctv3,C3_S002,G019,EMPTY,EMPTY,0.01
1036.0,cctv3,C3_S003,G020,OCCUPIED,LEAVING,0.7133358110893857
1036.0,cctv3,C3_S004,G024,OCCUPIED,OCCUPIED,0.8275712284174833
1036.0,cctv3,C3_S005,G025,OCCUPIED,OCCUPIED,0.8288531422615052
1036.0,cctv3,C3_S006,G026,OCCUPIED,OCCUPIED,0.8253776959397576
1036.0,cctv3,C3_S007,G027,EMPTY,MANEUVERING,0.49
1036.0,cctv3,C3_S008,G028,EMPTY,EMPTY,0.01
1036.0,cctv3,C3_S009,G029,EMPTY,MANEUVERING,0.1003321936320174
1036.0,cctv3,C3_S010,G007,EMPTY,MANEUVERING,0.2535730280659415
1036.0,cctv3,C3_S011,G008,OCCUPIED,OCCUPIED,0.7950878248973327
1036.0,cctv3,C3_S012,G009,OCCUPIED,OCCUPIED,0.8224907758561049
1037.0,cctv1,C1_S001,G001,OCCUPIED,LEAVING,0.7080090329457414
1037.0,cctv1,C1_S002,G002,EMPTY,EMPTY,0.01
1037.0,cctv1,C1_S003,G003,OCCUPIED,OCCUPIED,0.8371176605874843
1037.0,cctv1,C1_S004,G004,OCCUPIED,OCCUPIED,0.780680149793625
1037.0,cctv1,C1_S005,G005,OCCUPIED,LEAVING,0.7518866299228235
1037.0,cctv1,C1_S006,G006,EMPTY,MANEUVERING,0.4508082734822453
1037.0,cctv2,C2_S001,G007,OCCUPIED,OCCUPIED,0.7969246048818935
1037.0,cctv2,C2_S002,G008,OCCUPIED,OCCUPIED,0.8294149439443242
1037.0,cctv2,C2_S003,G009,EMPTY,MANEUVERING,0.3888789456202225
1037.0,cctv2,C2_S004,G010,OCCUPIED,OCCUPIED,0.7933127202770928
1037.0,cctv2,C2_S005,G001,EMPTY,EMPTY,0.01
1037.0,cctv2,C2_S006,G003,OCCUPIED,OCCUPIED,0.7714629638601433
1037.0,cctv2,C2_S007,G004,OCCUPIED,OCCUPIED,0.7911878478798
1037.0,cctv2,C2_S008,G006,OCCUPIED,OCCUPIED,0.7926529269326817
1037.0,cctv2,C2_S009,G005,OCCUPIED,OCCUPIED,0.7989327369765803
1037.0,cctv2,C2_S010,G002,EMPTY,EMPTY,0.01
1037.0,cctv2,C2_S011,G017,OCCUPIED,OCCUPIED,0.8192109243436294
1037.0,cctv2,C2_S012,G018,OCCUPIED,OCCUPIED,0.8031547164375132
1037.0,cctv2,C2_S013,G019,OCCUPIED,OCCUPIED,0.8362047097899697
1037.0,cctv2,C2_S014,G020,EMPTY,EMPTY,0.01
1037.0,cctv3,C3_S001,G021,EMPTY,EMPTY,0.01
1037.0,cctv3,C3_S002,G019,EMPTY,EMPTY,0.01
1037.0,cctv3,C3_S003,G020,OCCUPIED,LEAVING,0.6771530598221404
1037.0,cctv3,C3_S004,G024,OCCUPIED,OCCUPIED,0.8273947756398808
1037.0,cctv3,C3_S005,G025,OCCUPIED,OCCUPIED,0.8289696996862239
1037.0,cctv3,C3_S006,G026,OCCUPIED,OCCUPIED,0.8255597098307177
1037.0,cctv3,C3_S007,G027,EMPTY,MANEUVERING,0.49
1037.0,cctv3,C3_S008,G028,EMPTY,EMPTY,0.01
1037.0,cctv3,C3_S009,G029,EMPTY,MANEUVERING,0.2161442629925229
1037.0,cctv3,C3_S010,G007,EMPTY,MANEUVERING,0.2335730280659415
1037.0,cctv3,C3_S011,G008,OCCUPIED,OCCUPIED,0.7953726194121622
1037.0,cctv3,C3_S012,G009,OCCUPIED,OCCUPIED,0.822810443152081
1038.0,cctv1,C1_S001,G001,OCCUPIED,LEAVING,0.6985868958045136
1038.0,cctv1,C1_S002,G002,EMPTY,EMPTY,0.01
1038.0,cctv1,C1_S003,G003,OCCUPIED,OCCUPIED,0.8369877644560555
1038.0,cctv1,C1_S004,G004,OCCUPIED,OCCUPIED,0.7809612501751293
1038.0,cctv1,C1_S005,G005,OCCUPIED,LEAVING,0.7520765522664244
1038.0,cctv1,C1_S006,G006,EMPTY,MANEUVERING,0.49
1038.0,cctv2,C2_S001,G007,OCCUPIED,OCCUPIED,0.7962984066117894
1038.0,cctv2,C2_S002,G008,OCCUPIED,OCCUPIED,0.8296704202890397
1038.0,cctv2,C2_S003,G009,EMPTY,MANEUVERING,0.3088817677172747
1038.0,cctv2,C2_S004,G010,OCCUPIED,OCCUPIED,0.7917959050698714
1038.0,cctv2,C2_S005,G001,EMPTY,EMPTY,0.01
1038.0,cctv2,C2_S006,G003,OCCUPIED,OCCUPIED,0.7777419680221515
1038.0,cctv2,C2_S007,G004,OCCUPIED,OCCUPIED,0.7940472342751244
1038.0,cctv2,C2_S008,G006,OCCUPIED,OCCUPIED,0.7947552667422728
1038.0,cctv2,C2_S009,G005,OCCUPIED,OCCUPIED,0.7964001346718181
1038.0,cctv2,C2_S010,G002,EMPTY,EMPTY,0.01
1038.0,cctv2,C2_S011,G017,OCCUPIED,OCCUPIED,0.8156083112413234
1038.0,cctv2,C2_S012,G018,OCCUPIED,OCCUPIED,0.8033305474302986
1038.0,cctv2,C2_S013,G019,OCCUPIED,OCCUPIED,0.8358502298593522
1038.0,cctv2,C2_S014,G020,EMPTY,EMPTY,0.01
1038.0,cctv3,C3_S001,G021,EMPTY,EMPTY,0.01
1038.0,cctv3,C3_S002,G019,EMPTY,EMPTY,0.01
1038.0,cctv3,C3_S003,G020,OCCUPIED,LEAVING,0.5953993046012792
1038.0,cctv3,C3_S004,G024,OCCUPIED,OCCUPIED,0.8266731817613949
1038.0,cctv3,C3_S005,G025,OCCUPIED,OCCUPIED,0.8293894458900799
1038.0,cctv3,C3_S006,G026,OCCUPIED,OCCUPIED,0.8257540724494241
1038.0,cctv3,C3_S007,G027,EMPTY,MANEUVERING,0.49
1038.0,cctv3,C3_S008,G028,EMPTY,EMPTY,0.01
1038.0,cctv3,C3_S009,G029,EMPTY,MANEUVERING,0.3070283360752192
1038.0,cctv3,C3_S010,G007,EMPTY,MANEUVERING,0.2215730280659415
1038.0,cctv3,C3_S011,G008,OCCUPIED,OCCUPIED,0.7950615238059652
1038.0,cctv3,C3_S012,G009,OCCUPIED,OCCUPIED,0.8230231561444024
1039.0,cctv1,C1_S001,G001,OCCUPIED,LEAVING,0.6933163402263415
1039.0,cctv1,C1_S002,G002,EMPTY,EMPTY,0.01
1039.0,cctv1,C1_S003,G003,OCCUPIED,OCCUPIED,0.8368878001516517
1039.0,cctv1,C1_S004,G004,OCCUPIED,OCCUPIED,0.7806578264995055
1039.0,cctv1,C1_S005,G005,OCCUPIED,LEAVING,0.7542913822965189
1039.0,cctv1,C1_S006,G006,EMPTY,MANEUVERING,0.481676292198819
1039.0,cctv2,C2_S001,G007,OCCUPIED,OCCUPIED,0.7957846050912685
1039.0,cctv2,C2_S002,G008,OCCUPIED,OCCUPIED,0.8294879878109153
1039.0,cctv2,C2_S003,G009,EMPTY,MANEUVERING,0.3088817677172747
1039.0,cctv2,C2_S004,G010,OCCUPIED,OCCUPIED,0.7940115283836019
1039.0,cctv2,C2_S005,G001,EMPTY,EMPTY,0.01
1039.0,cctv2,C2_S006,G003,OCCUPIED,OCCUPIED,0.785667384415865
1039.0,cctv2,C2_S007,G004,OCCUPIED,OCCUPIED,0.796591324155981
1039.0,cctv2,C2_S008,G006,OCCUPIED,OCCUPIED,0.7963238701224328
1039.0,cctv2,C2_S009,G005,OCCUPIED,OCCUPIED,0.793974959308451
1039.0,cctv2,C2_S010,G002,EMPTY,EMPTY,0.01
1039.0,cctv2,C2_S011,G017,OCCUPIED,OCCUPIED,0.7336160998452794
1039.0,cctv2,C2_S012,G018,OCCUPIED,OCCUPIED,0.8016800956292587
1039.0,cctv2,C2_S013,G019,OCCUPIED,OCCUPIED,0.835477791320194
1039.0,cctv2,C2_S014,G020,EMPTY,EMPTY,0.01
1039.0,cctv3,C3_S001,G021,EMPTY,EMPTY,0.01
1039.0,cctv3,C3_S002,G019,EMPTY,EMPTY,0.01
1039.0,cctv3,C3_S003,G020,OCCUPIED,LEAVING,0.5103850636234532
1039.0,cctv3,C3_S004,G024,OCCUPIED,OCCUPIED,0.8264618521386927
1039.0,cctv3,C3_S005,G025,OCCUPIED,OCCUPIED,0.8296718906272542
1039.0,cctv3,C3_S006,G026,OCCUPIED,OCCUPIED,0.8257278168743307
1039.0,cctv3,C3_S007,G027,EMPTY,MANEUVERING,0.49
1039.0,cctv3,C3_S008,G028,EMPTY,EMPTY,0.01
1039.0,cctv3,C3_S009,G029,EMPTY,MANEUVERING,0.3070283360752192
1039.0,cctv3,C3_S010,G007,EMPTY,MANEUVERING,0.2215730280659415
1039.0,cctv3,C3_S011,G008,OCCUPIED,OCCUPIED,0.7945434161207894
1039.0,cctv3,C3_S012,G009,OCCUPIED,OCCUPIED,0.8230048342184587
1040.0,cctv1,C1_S001,G001,OCCUPIED,LEAVING,0.6087088141409737
1040.0,cctv1,C1_S002,G002,EMPTY,EMPTY,0.01
1040.0,cctv1,C1_S003,G003,OCCUPIED,OCCUPIED,0.8369457358663733
1040.0,cctv1,C1_S004,G004,OCCUPIED,OCCUPIED,0.7822058825330301
1040.0,cctv1,C1_S005,G005,OCCUPIED,LEAVING,0.7537277546795933
1040.0,cctv1,C1_S006,G006,EMPTY,MANEUVERING,0.4836094617766219
1040.0,cctv2,C2_S001,G007,OCCUPIED,OCCUPIED,0.795730202577331
1040.0,cctv2,C2_S002,G008,OCCUPIED,OCCUPIED,0.8295704860578884
1040.0,cctv2,C2_S003,G009,EMPTY,MANEUVERING,0.3088817677172747
1040.0,cctv2,C2_S004,G010,OCCUPIED,OCCUPIED,0.7945154569365762
1040.0,cctv2,C2_S005,G001,EMPTY,EMPTY,0.01
1040.0,cctv2,C2_S006,G003,OCCUPIED,OCCUPIED,0.7942255109548569
1040.0,cctv2,C2_S007,G004,OCCUPIED,OCCUPIED,0.8004765299233524
1040.0,cctv2,C2_S008,G006,OCCUPIED,OCCUPIED,0.7989986351945184
1040.0,cctv2,C2_S009,G005,OCCUPIED,OCCUPIED,0.794156701727347
1040.0,cctv2,C2_S010,G002,EMPTY,EMPTY,0.01
1040.0,cctv2,C2_S011,G017,OCCUPIED,OCCUPIED,0.6515956846692346
1040.0,cctv2,C2_S012,G018,OCCUPIED,OCCUPIED,0.7991030747240241
1040.0,cctv2,C2_S013,G019,OCCUPIED,OCCUPIED,0.8352668323300102
1040.0,cctv2,C2_S014,G020,EMPTY,EMPTY,0.01
1040.0,cctv3,C3_S001,G021,EMPTY,EMPTY,0.01
1040.0,cctv3,C3_S002,G019,EMPTY,EMPTY,0.01
1040.0,cctv3,C3_S003,G020,OCCUPIED,OCCUPIED,0.51
1040.0,cctv3,C3_S004,G024,OCCUPIED,OCCUPIED,0.8265696257352829
1040.0,cctv3,C3_S005,G025,OCCUPIED,OCCUPIED,0.8293925987048583
1040.0,cctv3,C3_S006,G026,OCCUPIED,OCCUPIED,0.8259048109704799
1040.0,cctv3,C3_S007,G027,EMPTY,MANEUVERING,0.49
1040.0,cctv3,C3_S008,G028,EMPTY,EMPTY,0.01
1040.0,cctv3,C3_S009,G029,EMPTY,MANEUVERING,0.3070283360752192
1040.0,cctv3,C3_S010,G007,EMPTY,MANEUVERING,0.1301949486028064
1040.0,cctv3,C3_S011,G008,OCCUPIED,OCCUPIED,0.7940442383289338
1040.0,cctv3,C3_S012,G009,OCCUPIED,OCCUPIED,0.8227421094070781
1041.0,cctv1,C1_S001,G001,OCCUPIED,LEAVING,0.6440666629035364
1041.0,cctv1,C1_S002,G002,EMPTY,EMPTY,0.01
1041.0,cctv1,C1_S003,G003,OCCUPIED,OCCUPIED,0.8371678268367595
1041.0,cctv1,C1_S004,G004,OCCUPIED,OCCUPIED,0.783987692269412
1041.0,cctv1,C1_S005,G005,OCCUPIED,LEAVING,0.7556752907958898
1041.0,cctv1,C1_S006,G006,EMPTY,MANEUVERING,0.4482871561294252
1041.0,cctv2,C2_S001,G007,OCCUPIED,OCCUPIED,0.7966844561425123
1041.0,cctv2,C2_S002,G008,OCCUPIED,OCCUPIED,0.8300624804063277
1041.0,cctv2,C2_S003,G009,EMPTY,MANEUVERING,0.226979269602082
1041.0,cctv2,C2_S004,G010,OCCUPIED,OCCUPIED,0.7942272381349044
1041.0,cctv2,C2_S005,G001,EMPTY,EMPTY,0.01
1041.0,cctv2,C2_S006,G003,OCCUPIED,OCCUPIED,0.8007732582363216
1041.0,cctv2,C2_S007,G004,OCCUPIED,OCCUPIED,0.8021423906087876
1041.0,cctv2,C2_S008,G006,OCCUPIED,OCCUPIED,0.7985955268144608
1041.0,cctv2,C2_S009,G005,OCCUPIED,OCCUPIED,0.7943063868717715
1041.0,cctv2,C2_S010,G002,EMPTY,EMPTY,0.01
1041.0,cctv2,C2_S011,G017,OCCUPIED,OCCUPIED,0.5697300263223323
1041.0,cctv2,C2_S012,G018,OCCUPIED,OCCUPIED,0.7173635180700909
1041.0,cctv2,C2_S013,G019,OCCUPIED,OCCUPIED,0.8349518605253914
1041.0,cctv2,C2_S014,G020,EMPTY,EMPTY,0.01
1041.0,cctv3,C3_S001,G021,EMPTY,EMPTY,0.01
1041.0,cctv3,C3_S002,G019,EMPTY,EMPTY,0.01
1041.0,cctv3,C3_S003,G020,OCCUPIED,OCCUPIED,0.51
1041.0,cctv3,C3_S004,G024,OCCUPIED,OCCUPIED,0.8266608216545799
1041.0,cctv3,C3_S005,G025,OCCUPIED,OCCUPIED,0.8294191672043367
1041.0,cctv3,C3_S006,G026,OCCUPIED,OCCUPIED,0.8258976283398543
1041.0,cctv3,C3_S007,G027,EMPTY,MANEUVERING,0.49
1041.0,cctv3,C3_S008,G028,EMPTY,EMPTY,0.01
1041.0,cctv3,C3_S009,G029,EMPTY,MANEUVERING,0.2620283360752192
1041.0,cctv3,C3_S010,G007,EMPTY,MANEUVERING,0.1301949486028064
1041.0,cctv3,C3_S011,G008,OCCUPIED,OCCUPIED,0.7942318759181284
1041.0,cctv3,C3_S012,G009,OCCUPIED,OCCUPIED,0.8233986580913718
1042.0,cctv1,C1_S001,G001,OCCUPIED,OCCUPIED,0.6421083167229187
1042.0,cctv1,C1_S002,G002,EMPTY,EMPTY,0.01
1042.0,cctv1,C1_S003,G003,OCCUPIED,OCCUPIED,0.8371865332126618
1042.0,cctv1,C1_S004,G004,OCCUPIED,OCCUPIED,0.7838777127591047
1042.0,cctv1,C1_S005,G005,OCCUPIED,LEAVING,0.7560608087615533
1042.0,cctv1,C1_S006,G006,EMPTY,MANEUVERING,0.3654683419520204
1042.0,cctv2,C2_S001,G007,OCCUPIED,OCCUPIED,0.7961347162723542
1042.0,cctv2,C2_S002,G008,OCCUPIED,OCCUPIED,0.8302750544114547
1042.0,cctv2,C2_S003,G009,EMPTY,MANEUVERING,0.226979269602082
1042.0,cctv2,C2_S004,G010,OCCUPIED,OCCUPIED,0.7934166444973513
1042.0,cctv2,C2_S005,G001,EMPTY,EMPTY,0.01
1042.0,cctv2,C2_S006,G003,OCCUPIED,OCCUPIED,0.80419935841452
1042.0,cctv2,C2_S007,G004,OCCUPIED,OCCUPIED,0.801745813001286
1042.0,cctv2,C2_S008,G006,OCCUPIED,OCCUPIED,0.7956045337698677
1042.0,cctv2,C2_S009,G005,OCCUPIED,OCCUPIED,0.7924765871329742
1042.0,cctv2,C2_S010,G002,EMPTY,EMPTY,0.01
1042.0,cctv2,C2_S011,G017,OCCUPIED,OCCUPIED,0.51
1042.0,cctv2,C2_S012,G018,OCCUPIED,OCCUPIED,0.6361025063016199
1042.0,cctv2,C2_S013,G019,OCCUPIED,OCCUPIED,0.8347656087441878
1042.0,cctv2,C2_S014,G020,EMPTY,EMPTY,0.01
1042.0,cctv3,C3_S001,G021,EMPTY,EMPTY,0.01
1042.0,cctv3,C3_S002,G019,EMPTY,EMPTY,0.01
1042.0,cctv3,C3_S003,G020,OCCUPIED,OCCUPIED,0.51
1042.0,cctv3,C3_S004,G024,OCCUPIED,OCCUPIED,0.8264673246578738
1042.0,cctv3,C3_S005,G025,OCCUPIED,OCCUPIED,0.8291404548016462
1042.0,cctv3,C3_S006,G026,OCCUPIED,OCCUPIED,0.8258195833726363
1042.0,cctv3,C3_S007,G027,EMPTY,MANEUVERING,0.49
1042.0,cctv3,C3_S008,G028,EMPTY,EMPTY,0.01
1042.0,cctv3,C3_S009,G029,EMPTY,MANEUVERING,0.1866491345695474
1042.0,cctv3,C3_S010,G007,EMPTY,MANEUVERING,0.1301949486028064
1042.0,cctv3,C3_S011,G008,OCCUPIED,OCCUPIED,0.7929442701014606
1042.0,cctv3,C3_S012,G009,OCCUPIED,OCCUPIED,0.8229865895076232
1043.0,cctv1,C1_S001,G001,OCCUPIED,OCCUPIED,0.6399836210567843
1043.0,cctv1,C1_S002,G002,EMPTY,EMPTY,0.01
1043.0,cctv1,C1_S003,G003,OCCUPIED,OCCUPIED,0.8370373650030657
1043.0,cctv1,C1_S004,G004,OCCUPIED,OCCUPIED,0.784543881633065
1043.0,cctv1,C1_S005,G005,OCCUPIED,LEAVING,0.7558950945734978
1043.0,cctv1,C1_S006,G006,EMPTY,MANEUVERING,0.3296536128460006
1043.0,cctv2,C2_S001,G007,OCCUPIED,OCCUPIED,0.7933055140755394
1043.0,cctv2,C2_S002,G008,OCCUPIED,OCCUPIED,0.8305440312082117
1043.0,cctv2,C2_S003,G009,EMPTY,MANEUVERING,0.226979269602082
1043.0,cctv2,C2_S004,G010,OCCUPIED,OCCUPIED,0.7928260643373837
1043.0,cctv2,C2_S005,G001,EMPTY,EMPTY,0.01
1043.0,cctv2,C2_S006,G003,OCCUPIED,OCCUPIED,0.8066768872466955
1043.0,cctv2,C2_S007,G004,OCCUPIED,OCCUPIED,0.8020109135996212
1043.0,cctv2,C2_S008,G006,OCCUPIED,OCCUPIED,0.7929734744808892
1043.0,cctv2,C2_S009,G005,OCCUPIED,OCCUPIED,0.7904227351600475
1043.0,cctv2,C2_S010,G002,EMPTY,MANEUVERING,0.3359167678247798
1043.0,cctv2,C2_S011,G017,OCCUPIED,OCCUPIED,0.51
1043.0,cctv2,C2_S012,G018,OCCUPIED,OCCUPIED,0.5544626154479656
1043.0,cctv2,C2_S013,G019,OCCUPIED,OCCUPIED,0.8350082080472601
1043.0,cctv2,C2_S014,G020,EMPTY,EMPTY,0.01
1043.0,cctv3,C3_S001,G021,EMPTY,EMPTY,0.01
1043.0,cctv3,C3_S002,G019,EMPTY,EMPTY,0.01
1043.0,cctv3,C3_S003,G020,OCCUPIED,OCCUPIED,0.51
1043.0,cctv3,C3_S004,G024,OCCUPIED,OCCUPIED,0.8260319192301144
1043.0,cctv3,C3_S005,G025,OCCUPIED,OCCUPIED,0.827649363604459
1043.0,cctv3,C3_S006,G026,OCCUPIED,OCCUPIED,0.8257501222870567
1043.0,cctv3,C3_S007,G027,EMPTY,MANEUVERING,0.4672920442660424
1043.0,cctv3,C3_S008,G028,EMPTY,EMPTY,0.01
1043.0,cctv3,C3_S009,G029,EMPTY,MANEUVERING,0.1746491345695474
1043.0,cctv3,C3_S010,G007,EMPTY,MANEUVERING,0.2404339510879733
1043.0,cctv3,C3_S011,G008,OCCUPIED,OCCUPIED,0.791874050823125
1043.0,cctv3,C3_S012,G009,OCCUPIED,OCCUPIED,0.8231402158737183
1044.0,cctv1,C1_S001,G001,OCCUPIED,OCCUPIED,0.6831137473170054
1044.0,cctv1,C1_S002,G002,EMPTY,EMPTY,0.01
1044.0,cctv1,C1_S003,G003,OCCUPIED,OCCUPIED,0.8371091986244376
1044.0,cctv1,C1_S004,G004,OCCUPIED,OCCUPIED,0.7846385977484964
1044.0,cctv1,C1_S005,G005,OCCUPIED,LEAVING,0.7573734399947254
1044.0,cctv1,C1_S006,G006,EMPTY,MANEUVERING,0.2481126360866156
1044.0,cctv2,C2_S001,G007,OCCUPIED,OCCUPIED,0.7922111451625825
1044.0,cctv2,C2_S002,G008,OCCUPIED,OCCUPIED,0.8304217492992229
1044.0,cctv2,C2_S003,G009,EMPTY,MANEUVERING,0.226979269602082
1044.0,cctv2,C2_S004,G010,OCCUPIED,OCCUPIED,0.792158481207761
1044.0,cctv2,C2_S005,G001,EMPTY,EMPTY,0.01
1044.0,cctv2,C2_S006,G003,OCCUPIED,OCCUPIED,0.8094836076552219
1044.0,cctv2,C2_S007,G004,OCCUPIED,OCCUPIED,0.8019769942218608
1044.0,cctv2,C2_S008,G006,OCCUPIED,OCCUPIED,0.7910591900348664
1044.0,cctv2,C2_S009,G005,OCCUPIED,OCCUPIED,0.7890705872665753
1044.0,cctv2,C2_S010,G002,EMPTY,MANEUVERING,0.4179398699782111
1044.0,cctv2,C2_S011,G017,OCCUPIED,OCCUPIED,0.51
1044.0,cctv2,C2_S012,G018,OCCUPIED,OCCUPIED,0.51
1044.0,cctv2,C2_S013,G019,OCCUPIED,OCCUPIED,0.8347926454110579
1044.0,cctv2,C2_S014,G020,EMPTY,EMPTY,0.01
1044.0,cctv3,C3_S001,G021,EMPTY,EMPTY,0.01
1044.0,cctv3,C3_S002,G019,EMPTY,EMPTY,0.01
1044.0,cctv3,C3_S003,G020,OCCUPIED,OCCUPIED,0.51
1044.0,cctv3,C3_S004,G024,OCCUPIED,OCCUPIED,0.8256516429510984
1044.0,cctv3,C3_S005,G025,OCCUPIED,OCCUPIED,0.8272508694366976
1044.0,cctv3,C3_S006,G026,OCCUPIED,OCCUPIED,0.8258565848523921
1044.0,cctv3,C3_S007,G027,EMPTY,MANEUVERING,0.4310689055629365
1044.0,cctv3,C3_S008,G028,EMPTY,EMPTY,0.01
1044.0,cctv3,C3_S009,G029,EMPTY,MANEUVERING,0.1746491345695474
1044.0,cctv3,C3_S010,G007,EMPTY,MANEUVERING,0.2404339510879733
1044.0,cctv3,C3_S011,G008,OCCUPIED,OCCUPIED,0.7916275428100066
1044.0,cctv3,C3_S012,G009,OCCUPIED,OCCUPIED,0.823434049432928
1045.0,cctv1,C1_S001,G001,OCCUPIED,OCCUPIED,0.6810754050348293
1045.0,cctv1,C1_S002,G002,EMPTY,EMPTY,0.01
1045.0,cctv1,C1_S003,G003,OCCUPIED,OCCUPIED,0.8370543490756642
1045.0,cctv1,C1_S004,G004,OCCUPIED,OCCUPIED,0.7838665490800685
1045.0,cctv1,C1_S005,G005,OCCUPIED,LEAVING,0.758365886997093
1045.0,cctv1,C1_S006,G006,EMPTY,MANEUVERING,0.2481126360866156
1045.0,cctv2,C2_S001,G007,OCCUPIED,OCCUPIED,0.7886534850705754
1045.0,cctv2,C2_S002,G008,OCCUPIED,OCCUPIED,0.8298560827970505
1045.0,cctv2,C2_S003,G009,EMPTY,MANEUVERING,0.1858006433736194
1045.0,cctv2,C2_S004,G010,OCCUPIED,OCCUPIED,0.7927762353962119
1045.0,cctv2,C2_S005,G001,EMPTY,EMPTY,0.01
1045.0,cctv2,C2_S006,G003,OCCUPIED,OCCUPIED,0.814570208571174
1045.0,cctv2,C2_S007,G004,OCCUPIED,OCCUPIED,0.801714010943066
1045.0,cctv2,C2_S008,G006,OCCUPIED,OCCUPIED,0.7888504055413333
1045.0,cctv2,C2_S009,G005,OCCUPIED,OCCUPIED,0.7887754483656451
1045.0,cctv2,C2_S010,G002,EMPTY,MANEUVERING,0.49
1045.0,cctv2,C2_S011,G017,OCCUPIED,OCCUPIED,0.51
1045.0,cctv2,C2_S012,G018,OCCUPIED,OCCUPIED,0.51
1045.0,cctv2,C2_S013,G019,OCCUPIED,OCCUPIED,0.8333238766951995
1045.0,cctv2,C2_S014,G020,EMPTY,EMPTY,0.01
1045.0,cctv3,C3_S001,G021,EMPTY,EMPTY,0.01
1045.0,cctv3,C3_S002,G019,EMPTY,EMPTY,0.01
1045.0,cctv3,C3_S003,G020,OCCUPIED,OCCUPIED,0.51
1045.0,cctv3,C3_S004,G024,OCCUPIED,OCCUPIED,0.8255334184928375
1045.0,cctv3,C3_S005,G025,OCCUPIED,OCCUPIED,0.8264804455367002
1045.0,cctv3,C3_S006,G026,OCCUPIED,OCCUPIED,0.8256758868694306
1045.0,cctv3,C3_S007,G027,EMPTY,MANEUVERING,0.3498725838010961
1045.0,cctv3,C3_S008,G028,EMPTY,EMPTY,0.01
1045.0,cctv3,C3_S009,G029,EMPTY,MANEUVERING,0.1746491345695474
1045.0,cctv3,C3_S010,G007,EMPTY,MANEUVERING,0.2404339510879733
1045.0,cctv3,C3_S011,G008,OCCUPIED,OCCUPIED,0.7907980623570356
1045.0,cctv3,C3_S012,G009,OCCUPIED,OCCUPIED,0.8239397653124549
1046.0,cctv1,C1_S001,G001,OCCUPIED,OCCUPIED,0.6803439399261366
1046.0,cctv1,C1_S002,G002,EMPTY,EMPTY,0.01
1046.0,cctv1,C1_S003,G003,OCCUPIED,OCCUPIED,0.8369737616994165
1046.0,cctv1,C1_S004,G004,OCCUPIED,OCCUPIED,0.7843469749797475
1046.0,cctv1,C1_S005,G005,OCCUPIED,LEAVING,0.7619685903191568
1046.0,cctv1,C1_S006,G006,EMPTY,MANEUVERING,0.2481126360866156
1046.0,cctv2,C2_S001,G007,OCCUPIED,OCCUPIED,0.7862037540836768
1046.0,cctv2,C2_S002,G008,OCCUPIED,OCCUPIED,0.8297584723342549
1046.0,cctv2,C2_S003,G009,EMPTY,MANEUVERING,0.1858006433736194
1046.0,cctv2,C2_S004,G010,OCCUPIED,OCCUPIED,0.7937895463271575
1046.0,cctv2,C2_S005,G001,EMPTY,EMPTY,0.01
1046.0,cctv2,C2_S006,G003,OCCUPIED,OCCUPIED,0.8162703608924693
1046.0,cctv2,C2_S007,G004,OCCUPIED,OCCUPIED,0.8013598748228767
1046.0,cctv2,C2_S008,G006,OCCUPIED,OCCUPIED,0.7857495004480536
1046.0,cctv2,C2_S009,G005,OCCUPIED,OCCUPIED,0.7882806515151805
1046.0,cctv2,C2_S010,G002,EMPTY,MANEUVERING,0.49
1046.0,cctv2,C2_S011,G017,OCCUPIED,OCCUPIED,0.51
1046.0,cctv2,C2_S012,G018,OCCUPIED,OCCUPIED,0.51
1046.0,cctv2,C2_S013,G019,OCCUPIED,OCCUPIED,0.8326237884434787
1046.0,cctv2,C2_S014,G020,EMPTY,EMPTY,0.01
1046.0,cctv3,C3_S001,G021,EMPTY,EMPTY,0.01
1046.0,cctv3,C3_S002,G019,EMPTY,EMPTY,0.01
1046.0,cctv3,C3_S003,G020,EMPTY,EMPTY,0.2144329250942577
1046.0,cctv3,C3_S004,G024,OCCUPIED,OCCUPIED,0.8254703711379658
1046.0,cctv3,C3_S005,G025,OCCUPIED,OCCUPIED,0.8258716214786876
1046.0,cctv3,C3_S006,G026,OCCUPIED,OCCUPIED,0.8255968819965016
1046.0,cctv3,C3_S007,G027,EMPTY,MANEUVERING,0.3131603449786251
1046.0,cctv3,C3_S008,G028,EMPTY,EMPTY,0.01
1046.0,cctv3,C3_S009,G029,EMPTY,MANEUVERING,0.1746491345695474
1046.0,cctv3,C3_S010,G007,EMPTY,MANEUVERING,0.2404339510879733
1046.0,cctv3,C3_S011,G008,OCCUPIED,OCCUPIED,0.7912954446944325
1046.0,cctv3,C3_S012,G009,OCCUPIED,OCCUPIED,0.8242100271311674
1047.0,cctv1,C1_S001,G001,OCCUPIED,OCCUPIED,0.6812166896123778
1047.0,cctv1,C1_S002,G002,EMPTY,EMPTY,0.01
1047.0,cctv1,C1_S003,G003,OCCUPIED,OCCUPIED,0.8369544132189317
1047.0,cctv1,C1_S004,G004,OCCUPIED,OCCUPIED,0.7846092917702415
1047.0,cctv1,C1_S005,G005,OCCUPIED,LEAVING,0.7633716388182207
1047.0,cctv1,C1_S006,G006,EMPTY,MANEUVERING,0.2107156116447665
1047.0,cctv2,C2_S001,G007,OCCUPIED,OCCUPIED,0.7834349275989967
1047.0,cctv2,C2_S002,G008,OCCUPIED,OCCUPIED,0.8293724780732936
1047.0,cctv2,C2_S003,G009,EMPTY,MANEUVERING,0.1858006433736194
1047.0,cctv2,C2_S004,G010,OCCUPIED,OCCUPIED,0.7948265200311488
1047.0,cctv2,C2_S005,G001,EMPTY,EMPTY,0.01
1047.0,cctv2,C2_S006,G003,OCCUPIED,OCCUPIED,0.8169321301308545
1047.0,cctv2,C2_S007,G004,OCCUPIED,OCCUPIED,0.8005976300347936
1047.0,cctv2,C2_S008,G006,OCCUPIED,OCCUPIED,0.7833102865652605
1047.0,cctv2,C2_S009,G005,OCCUPIED,OCCUPIED,0.7888894024220381
1047.0,cctv2,C2_S010,G002,EMPTY,MANEUVERING,0.49
1047.0,cctv2,C2_S011,G017,OCCUPIED,OCCUPIED,0.51
1047.0,cctv2,C2_S012,G018,OCCUPIED,OCCUPIED,0.51
1047.0,cctv2,C2_S013,G019,OCCUPIED,OCCUPIED,0.8322980943051252
1047.0,cctv2,C2_S014,G020,EMPTY,EMPTY,0.01
1047.0,cctv3,C3_S001,G021,EMPTY,EMPTY,0.01
1047.0,cctv3,C3_S002,G019,EMPTY,EMPTY,0.01
1047.0,cctv3,C3_S003,G020,EMPTY,EMPTY,0.01
1047.0,cctv3,C3_S004,G024,OCCUPIED,OCCUPIED,0.8256109969182448
1047.0,cctv3,C3_S005,G025,OCCUPIED,OCCUPIED,0.8256261977282437
1047.0,cctv3,C3_S006,G026,OCCUPIED,OCCUPIED,0.8255820518190211
1047.0,cctv3,C3_S007,G027,EMPTY,MANEUVERING,0.2765497992052274
1047.0,cctv3,C3_S008,G028,EMPTY,EMPTY,0.01
1047.0,cctv3,C3_S009,G029,EMPTY,MANEUVERING,0.1746491345695474
1047.0,cctv3,C3_S010,G007,EMPTY,MANEUVERING,0.1759456808458675
1047.0,cctv3,C3_S011,G008,OCCUPIED,OCCUPIED,0.792227893525904
1047.0,cctv3,C3_S012,G009,OCCUPIED,OCCUPIED,0.8240912434729664
1048.0,cctv1,C1_S001,G001,OCCUPIED,OCCUPIED,0.681466135386039
1048.0,cctv1,C1_S002,G002,EMPTY,EMPTY,0.01
1048.0,cctv1,C1_S003,G003,OCCUPIED,OCCUPIED,0.8368592264977369
1048.0,cctv1,C1_S004,G004,OCCUPIED,OCCUPIED,0.7842114055698569
1048.0,cctv1,C1_S005,G005,OCCUPIED,LEAVING,0.7632146840745753
1048.0,cctv1,C1_S006,G006,EMPTY,MANEUVERING,0.2107156116447665
1048.0,cctv2,C2_S001,G007,OCCUPIED,OCCUPIED,0.7812781109051271
1048.0,cctv2,C2_S002,G008,OCCUPIED,OCCUPIED,0.829623385721987
1048.0,cctv2,C2_S003,G009,EMPTY,EMPTY,0.01
1048.0,cctv2,C2_S004,G010,OCCUPIED,OCCUPIED,0.7966029259291563
1048.0,cctv2,C2_S005,G001,EMPTY,EMPTY,0.01
1048.0,cctv2,C2_S006,G003,OCCUPIED,OCCUPIED,0.8179550344293769
1048.0,cctv2,C2_S007,G004,OCCUPIED,OCCUPIED,0.8020924332466993
1048.0,cctv2,C2_S008,G006,OCCUPIED,OCCUPIED,0.7823594532229684
1048.0,cctv2,C2_S009,G005,OCCUPIED,OCCUPIED,0.7913489104671912
1048.0,cctv2,C2_S010,G002,EMPTY,MANEUVERING,0.49
1048.0,cctv2,C2_S011,G017,OCCUPIED,OCCUPIED,0.51
1048.0,cctv2,C2_S012,G018,OCCUPIED,OCCUPIED,0.51
1048.0,cctv2,C2_S013,G019,OCCUPIED,OCCUPIED,0.8317784927108072
1048.0,cctv2,C2_S014,G020,EMPTY,EMPTY,0.01
1048.0,cctv3,C3_S001,G021,EMPTY,EMPTY,0.01
1048.0,cctv3,C3_S002,G019,EMPTY,MANEUVERING,0.3450994802605022
1048.0,cctv3,C3_S003,G020,EMPTY,EMPTY,0.01
1048.0,cctv3,C3_S004,G024,OCCUPIED,OCCUPIED,0.8257269358093089
1048.0,cctv3,C3_S005,G025,OCCUPIED,OCCUPIED,0.8253955976529556
1048.0,cctv3,C3_S006,G026,OCCUPIED,OCCUPIED,0.8254395793784749
1048.0,cctv3,C3_S007,G027,EMPTY,MANEUVERING,0.2402908945354548
1048.0,cctv3,C3_S008,G028,EMPTY,EMPTY,0.01
1048.0,cctv3,C3_S009,G029,EMPTY,MANEUVERING,0.1273419367860664
1048.0,cctv3,C3_S010,G007,EMPTY,MANEUVERING,0.1759456808458675
1048.0,cctv3,C3_S011,G008,OCCUPIED,OCCUPIED,0.7933786180886356
1048.0,cctv3,C3_S012,G009,OCCUPIED,OCCUPIED,0.8239286788485267
1049.0,cctv1,C1_S001,G001,OCCUPIED,OCCUPIED,0.6793386641923678
1049.0,cctv1,C1_S002,G002,EMPTY,EMPTY,0.01
1049.0,cctv1,C1_S003,G003,OCCUPIED,OCCUPIED,0.8368270830674606
1049.0,cctv1,C1_S004,G004,OCCUPIED,OCCUPIED,0.7836517415263436
1049.0,cctv1,C1_S005,G005,OCCUPIED,LEAVING,0.7648377643390136
1049.0,cctv1,C1_S006,G006,EMPTY,MANEUVERING,0.1680373377691615
1049.0,cctv2,C2_S001,G007,OCCUPIED,OCCUPIED,0.779453468322754
1049.0,cctv2,C2_S002,G008,OCCUPIED,OCCUPIED,0.829514407569712
1049.0,cctv2,C2_S003,G009,EMPTY,EMPTY,0.01
1049.0,cctv2,C2_S004,G010,OCCUPIED,OCCUPIED,0.7980562248013237
1049.0,cctv2,C2_S005,G001,EMPTY,EMPTY,0.01
1049.0,cctv2,C2_S006,G003,OCCUPIED,OCCUPIED,0.8179125279188156
1049.0,cctv2,C2_S007,G004,OCCUPIED,OCCUPIED,0.8008523334156383
1049.0,cctv2,C2_S008,G006,OCCUPIED,OCCUPIED,0.778508941016414
1049.0,cctv2,C2_S009,G005,OCCUPIED,OCCUPIED,0.7937588179653342
1049.0,cctv2,C2_S010,G002,EMPTY,MANEUVERING,0.49
1049.0,cctv2,C2_S011,G017,OCCUPIED,OCCUPIED,0.51
1049.0,cctv2,C2_S012,G018,OCCUPIED,OCCUPIED,0.51
1049.0,cctv2,C2_S013,G019,OCCUPIED,OCCUPIED,0.8316198294812983
1049.0,cctv2,C2_S014,G020,EMPTY,EMPTY,0.01
1049.0,cctv3,C3_S001,G021,EMPTY,EMPTY,0.01
1049.0,cctv3,C3_S002,G019,EMPTY,MANEUVERING,0.4267404123327948
1049.0,cctv3,C3_S003,G020,EMPTY,EMPTY,0.01
1049.0,cctv3,C3_S004,G024,OCCUPIED,OCCUPIED,0.8261559234424072
1049.0,cctv3,C3_S005,G025,OCCUPIED,OCCUPIED,0.8247723741964861
1049.0,cctv3,C3_S006,G026,OCCUPIED,OCCUPIED,0.825324435396628
1049.0,cctv3,C3_S007,G027,EMPTY,MANEUVERING,0.2050749850950458
1049.0,cctv3,C3_S008,G028,EMPTY,EMPTY,0.01
1049.0,cctv3,C3_S009,G029,EMPTY,EMPTY,0.01
1049.0,cctv3,C3_S010,G007,EMPTY,MANEUVERING,0.1759456808458675
1049.0,cctv3,C3_S011,G008,OCCUPIED,OCCUPIED,0.7932445328343999
1049.0,cctv3,C3_S012,G009,OCCUPIED,OCCUPIED,0.8233490437269211
1050.0,cctv1,C1_S001,G001,OCCUPIED,OCCUPIED,0.6809541920978915
1050.0,cctv1,C1_S002,G002,EMPTY,EMPTY,0.01
1050.0,cctv1,C1_S003,G003,OCCUPIED,OCCUPIED,0.8368446247144179
1050.0,cctv1,C1_S004,G004,OCCUPIED,OCCUPIED,0.7828403993086382
1050.0,cctv1,C1_S005,G005,OCCUPIED,LEAVING,0.7626027193936435
1050.0,cctv1,C1_S006,G006,EMPTY,MANEUVERING,0.1680373377691615
1050.0,cctv2,C2_S001,G007,OCCUPIED,OCCUPIED,0.7786794226277959
1050.0,cctv2,C2_S002,G008,OCCUPIED,OCCUPIED,0.8292952930385417
1050.0,cctv2,C2_S003,G009,EMPTY,EMPTY,0.01
1050.0,cctv2,C2_S004,G010,OCCUPIED,OCCUPIED,0.798967193202539
1050.0,cctv2,C2_S005,G001,EMPTY,EMPTY,0.01
1050.0,cctv2,C2_S006,G003,OCCUPIED,OCCUPIED,0.8182327105240389
1050.0,cctv2,C2_S007,G004,OCCUPIED,OCCUPIED,0.8004424593665384
1050.0,cctv2,C2_S008,G006,OCCUPIED,OCCUPIED,0.7787655438889157
1050.0,cctv2,C2_S009,G005,OCCUPIED,OCCUPIED,0.7961470178582453
1050.0,cctv2,C2_S010,G002,EMPTY,MANEUVERING,0.49
1050.0,cctv2,C2_S011,G017,OCCUPIED,OCCUPIED,0.51
1050.0,cctv2,C2_S012,G018,OCCUPIED,LEAVING,0.51
1050.0,cctv2,C2_S013,G019,OCCUPIED,OCCUPIED,0.8314507852901113
1050.0,cctv2,C2_S014,G020,EMPTY,EMPTY,0.01
1050.0,cctv3,C3_S001,G021,EMPTY,EMPTY,0.01
1050.0,cctv3,C3_S002,G019,EMPTY,MANEUVERING,0.49
1050.0,cctv3,C3_S003,G020,EMPTY,EMPTY,0.01
1050.0,cctv3,C3_S004,G024,OCCUPIED,OCCUPIED,0.8263460977510972
1050.0,cctv3,C3_S005,G025,OCCUPIED,OCCUPIED,0.8247171637686816
1050.0,cctv3,C3_S006,G026,OCCUPIED,OCCUPIED,0.8253156499429183
1050.0,cctv3,C3_S007,G027,EMPTY,MANEUVERING,0.1691024773906577
1050.0,cctv3,C3_S008,G028,EMPTY,EMPTY,0.01
1050.0,cctv3,C3_S009,G029,EMPTY,EMPTY,0.01
1050.0,cctv3,C3_S010,G007,EMPTY,MANEUVERING,0.1759456808458675
1050.0,cctv3,C3_S011,G008,OCCUPIED,OCCUPIED,0.7918878926472231
1050.0,cctv3,C3_S012,G009,OCCUPIED,OCCUPIED,0.8233559743924574
1051.0,cctv1,C1_S001,G001,OCCUPIED,OCCUPIED,0.7166904516856779
1051.0,cctv1,C1_S002,G002,EMPTY,EMPTY,0.01
1051.0,cctv1,C1_S003,G003,OCCUPIED,OCCUPIED,0.8368048451163552
1051.0,cctv1,C1_S004,G004,OCCUPIED,OCCUPIED,0.7817111909389497
1051.0,cctv1,C1_S005,G005,OCCUPIED,LEAVING,0.7627534822984176
1051.0,cctv1,C1_S006,G006,EMPTY,EMPTY,0.01
1051.0,cctv2,C2_S001,G007,OCCUPIED,OCCUPIED,0.7773268398913471
1051.0,cctv2,C2_S002,G008,OCCUPIED,OCCUPIED,0.8290482729673386
1051.0,cctv2,C2_S003,G009,EMPTY,EMPTY,0.01
1051.0,cctv2,C2_S004,G010,OCCUPIED,OCCUPIED,0.7993122520771894
1051.0,cctv2,C2_S005,G001,EMPTY,EMPTY,0.01
1051.0,cctv2,C2_S006,G003,OCCUPIED,OCCUPIED,0.817754258892753
1051.0,cctv2,C2_S007,G004,OCCUPIED,OCCUPIED,0.7990160817449744
1051.0,cctv2,C2_S008,G006,OCCUPIED,OCCUPIED,0.7771492715586317
1051.0,cctv2,C2_S009,G005,OCCUPIED,OCCUPIED,0.7957567263733257
1051.0,cctv2,C2_S010,G002,EMPTY,MANEUVERING,0.4693655232136899
1051.0,cctv2,C2_S011,G017,OCCUPIED,OCCUPIED,0.51
1051.0,cctv2,C2_S012,G018,OCCUPIED,OCCUPIED,0.51
1051.0,cctv2,C2_S013,G019,OCCUPIED,OCCUPIED,0.8310658289627596
1051.0,cctv2,C2_S014,G020,EMPTY,EMPTY,0.01
1051.0,cctv3,C3_S001,G021,EMPTY,EMPTY,0.01
1051.0,cctv3,C3_S002,G019,EMPTY,MANEUVERING,0.49
1051.0,cctv3,C3_S003,G020,EMPTY,MANEUVERING,0.3181170476566661
1051.0,cctv3,C3_S004,G024,OCCUPIED,OCCUPIED,0.8263670027256013
1051.0,cctv3,C3_S005,G025,OCCUPIED,OCCUPIED,0.8246568205681715
1051.0,cctv3,C3_S006,G026,OCCUPIED,OCCUPIED,0.8252780705690385
1051.0,cctv3,C3_S007,G027,EMPTY,MANEUVERING,0.1691024773906577
1051.0,cctv3,C3_S008,G028,EMPTY,EMPTY,0.01
1051.0,cctv3,C3_S009,G029,EMPTY,EMPTY,0.01
1051.0,cctv3,C3_S010,G007,EMPTY,MANEUVERING,0.1759456808458675
1051.0,cctv3,C3_S011,G008,OCCUPIED,OCCUPIED,0.7917275940830057
1051.0,cctv3,C3_S012,G009,OCCUPIED,OCCUPIED,0.8237174971537157
1052.0,cctv1,C1_S001,G001,OCCUPIED,OCCUPIED,0.7166451085358859
1052.0,cctv1,C1_S002,G002,EMPTY,EMPTY,0.01
1052.0,cctv1,C1_S003,G003,OCCUPIED,OCCUPIED,0.8366384303027934
1052.0,cctv1,C1_S004,G004,OCCUPIED,OCCUPIED,0.779511789300225
1052.0,cctv1,C1_S005,G005,OCCUPIED,OCCUPIED,0.7612436253916134
1052.0,cctv1,C1_S006,G006,EMPTY,EMPTY,0.01
1052.0,cctv2,C2_S001,G007,OCCUPIED,OCCUPIED,0.7760436906055971
1052.0,cctv2,C2_S002,G008,OCCUPIED,OCCUPIED,0.8288753883405166
1052.0,cctv2,C2_S003,G009,EMPTY,EMPTY,0.01
1052.0,cctv2,C2_S004,G010,OCCUPIED,OCCUPIED,0.7977505009282719
1052.0,cctv2,C2_S005,G001,EMPTY,EMPTY,0.01
1052.0,cctv2,C2_S006,G003,OCCUPIED,OCCUPIED,0.8172121746973559
1052.0,cctv2,C2_S007,G004,OCCUPIED,OCCUPIED,0.7972957502711904
1052.0,cctv2,C2_S008,G006,OCCUPIED,OCCUPIED,0.773982714929364
1052.0,cctv2,C2_S009,G005,OCCUPIED,OCCUPIED,0.794968973777511
1052.0,cctv2,C2_S010,G002,EMPTY,MANEUVERING,0.4613655232136899
1052.0,cctv2,C2_S011,G017,OCCUPIED,OCCUPIED,0.51
1052.0,cctv2,C2_S012,G018,OCCUPIED,OCCUPIED,0.51
1052.0,cctv2,C2_S013,G019,OCCUPIED,OCCUPIED,0.8311432350765575
1052.0,cctv2,C2_S014,G020,EMPTY,EMPTY,0.01
1052.0,cctv3,C3_S001,G021,EMPTY,MANEUVERING,0.2531407077204097
1052.0,cctv3,C3_S002,G019,EMPTY,MANEUVERING,0.4323718533190813
1052.0,cctv3,C3_S003,G020,EMPTY,MANEUVERING,0.3955270989916541
1052.0,cctv3,C3_S004,G024,OCCUPIED,OCCUPIED,0.826234611326998
1052.0,cctv3,C3_S005,G025,OCCUPIED,OCCUPIED,0.824506634744731
1052.0,cctv3,C3_S006,G026,OCCUPIED,OCCUPIED,0.8254692527380857
1052.0,cctv3,C3_S007,G027,EMPTY,EMPTY,0.01
1052.0,cctv3,C3_S008,G028,EMPTY,EMPTY,0.01
1052.0,cctv3,C3_S009,G029,EMPTY,EMPTY,0.01
1052.0,cctv3,C3_S010,G007,EMPTY,MANEUVERING,0.1759456808458675
1052.0,cctv3,C3_S011,G008,OCCUPIED,OCCUPIED,0.7913993461565538
1052.0,cctv3,C3_S012,G009,OCCUPIED,OCCUPIED,0.8237599687142806
1053.0,cctv1,C1_S001,G001,OCCUPIED,OCCUPIED,0.717085114968094
1053.0,cctv1,C1_S002,G002,EMPTY,EMPTY,0.01
1053.0,cctv1,C1_S003,G003,OCCUPIED,OCCUPIED,0.8364819380370054
1053.0,cctv1,C1_S004,G004,OCCUPIED,OCCUPIED,0.7801702773029154
1053.0,cctv1,C1_S005,G005,OCCUPIED,OCCUPIED,0.764763767881827
1053.0,cctv1,C1_S006,G006,EMPTY,EMPTY,0.01
1053.0,cctv2,C2_S001,G007,OCCUPIED,OCCUPIED,0.7744276612997055
1053.0,cctv2,C2_S002,G008,OCCUPIED,OCCUPIED,0.8285225494341417
1053.0,cctv2,C2_S003,G009,EMPTY,EMPTY,0.01
1053.0,cctv2,C2_S004,G010,OCCUPIED,OCCUPIED,0.7974937940185721
1053.0,cctv2,C2_S005,G001,EMPTY,EMPTY,0.01
1053.0,cctv2,C2_S006,G003,OCCUPIED,OCCUPIED,0.8175720824436709
1053.0,cctv2,C2_S007,G004,OCCUPIED,OCCUPIED,0.7972001839767804
1053.0,cctv2,C2_S008,G006,OCCUPIED,OCCUPIED,0.7729430037465963
1053.0,cctv2,C2_S009,G005,OCCUPIED,OCCUPIED,0.7945312071930279
1053.0,cctv2,C2_S010,G002,EMPTY,MANEUVERING,0.4098200686682354
1053.0,cctv2,C2_S011,G017,OCCUPIED,OCCUPIED,0.5425947242433374
1053.0,cctv2,C2_S012,G018,OCCUPIED,OCCUPIED,0.51
1053.0,cctv2,C2_S013,G019,OCCUPIED,OCCUPIED,0.8313131830909036
1053.0,cctv2,C2_S014,G020,EMPTY,EMPTY,0.01
1053.0,cctv3,C3_S001,G021,EMPTY,MANEUVERING,0.3479753313443877
1053.0,cctv3,C3_S002,G019,EMPTY,MANEUVERING,0.3693718533190814
1053.0,cctv3,C3_S003,G020,EMPTY,MANEUVERING,0.4748027459057894
1053.0,cctv3,C3_S004,G024,OCCUPIED,OCCUPIED,0.8265619066628543
1053.0,cctv3,C3_S005,G025,OCCUPIED,OCCUPIED,0.8243259554559534
1053.0,cctv3,C3_S006,G026,OCCUPIED,OCCUPIED,0.8257105523889716
1053.0,cctv3,C3_S007,G027,EMPTY,EMPTY,0.01
1053.0,cctv3,C3_S008,G028,EMPTY,EMPTY,0.01
1053.0,cctv3,C3_S009,G029,EMPTY,MANEUVERING,0.2111234182458032
1053.0,cctv3,C3_S010,G007,EMPTY,MANEUVERING,0.1759456808458675
1053.0,cctv3,C3_S011,G008,OCCUPIED,OCCUPIED,0.7933174791661176
1053.0,cctv3,C3_S012,G009,OCCUPIED,OCCUPIED,0.8241958358071068
1054.0,cctv1,C1_S001,G001,OCCUPIED,OCCUPIED,0.7172796132212336
1054.0,cctv1,C1_S002,G002,EMPTY,EMPTY,0.01
1054.0,cctv1,C1_S003,G003,OCCUPIED,OCCUPIED,0.8365256759253415
1054.0,cctv1,C1_S004,G004,OCCUPIED,OCCUPIED,0.7779088256033985
1054.0,cctv1,C1_S005,G005,OCCUPIED,OCCUPIED,0.7658573077483611
1054.0,cctv1,C1_S006,G006,EMPTY,EMPTY,0.01
1054.0,cctv2,C2_S001,G007,OCCUPIED,OCCUPIED,0.7757916157895869
1054.0,cctv2,C2_S002,G008,OCCUPIED,OCCUPIED,0.8285018419677561
1054.0,cctv2,C2_S003,G009,EMPTY,MANEUVERING,0.2793081922422755
1054.0,cctv2,C2_S004,G010,OCCUPIED,OCCUPIED,0.7982311909848994
1054.0,cctv2,C2_S005,G001,EMPTY,EMPTY,0.01
1054.0,cctv2,C2_S006,G003,OCCUPIED,OCCUPIED,0.8178125384179029
1054.0,cctv2,C2_S007,G004,OCCUPIED,OCCUPIED,0.7961351161653346
1054.0,cctv2,C2_S008,G006,OCCUPIED,OCCUPIED,0.7707900047302246
1054.0,cctv2,C2_S009,G005,OCCUPIED,OCCUPIED,0.7943394495682283
1054.0,cctv2,C2_S010,G002,EMPTY,MANEUVERING,0.3608734561096538
1054.0,cctv2,C2_S011,G017,OCCUPIED,OCCUPIED,0.5768337575143033
1054.0,cctv2,C2_S012,G018,OCCUPIED,OCCUPIED,0.534474095214497
1054.0,cctv2,C2_S013,G019,OCCUPIED,OCCUPIED,0.8312089126218449
1054.0,cctv2,C2_S014,G020,EMPTY,EMPTY,0.01
1054.0,cctv3,C3_S001,G021,EMPTY,MANEUVERING,0.4382485696944323
1054.0,cctv3,C3_S002,G019,EMPTY,MANEUVERING,0.3123718533190813
1054.0,cctv3,C3_S003,G020,EMPTY,MANEUVERING,0.49
1054.0,cctv3,C3_S004,G024,OCCUPIED,OCCUPIED,0.8270000682635741
1054.0,cctv3,C3_S005,G025,OCCUPIED,OCCUPIED,0.825377595153722
1054.0,cctv3,C3_S006,G026,OCCUPIED,OCCUPIED,0.8255474732680754
1054.0,cctv3,C3_S007,G027,EMPTY,EMPTY,0.01
1054.0,cctv3,C3_S008,G028,EMPTY,EMPTY,0.01
1054.0,cctv3,C3_S009,G029,EMPTY,MANEUVERING,0.2111234182458032
1054.0,cctv3,C3_S010,G007,EMPTY,EMPTY,0.01
1054.0,cctv3,C3_S011,G008,OCCUPIED,OCCUPIED,0.7934072242541748
1054.0,cctv3,C3_S012,G009,OCCUPIED,OCCUPIED,0.8242370304736225
1055.0,cctv1,C1_S001,G001,OCCUPIED,OCCUPIED,0.7179350627078253
1055.0,cctv1,C1_S002,G002,EMPTY,EMPTY,0.01
1055.0,cctv1,C1_S003,G003,OCCUPIED,OCCUPIED,0.8364943168380045
1055.0,cctv1,C1_S004,G004,OCCUPIED,OCCUPIED,0.7765942014076493
1055.0,cctv1,C1_S005,G005,OCCUPIED,OCCUPIED,0.7662558128887957
1055.0,cctv1,C1_S006,G006,EMPTY,EMPTY,0.01
1055.0,cctv2,C2_S001,G007,OCCUPIED,OCCUPIED,0.7757379878651013
1055.0,cctv2,C2_S002,G008,OCCUPIED,OCCUPIED,0.8280424023216422
1055.0,cctv2,C2_S003,G009,EMPTY,MANEUVERING,0.2793081922422755
1055.0,cctv2,C2_S004,G010,OCCUPIED,OCCUPIED,0.797977810014378
1055.0,cctv2,C2_S005,G001,EMPTY,EMPTY,0.01
1055.0,cctv2,C2_S006,G003,OCCUPIED,OCCUPIED,0.8179742991924286
1055.0,cctv2,C2_S007,G004,OCCUPIED,OCCUPIED,0.7949401440945539
1055.0,cctv2,C2_S008,G006,OCCUPIED,OCCUPIED,0.7681863267313351
1055.0,cctv2,C2_S009,G005,OCCUPIED,OCCUPIED,0.7930975038896908
1055.0,cctv2,C2_S010,G002,EMPTY,MANEUVERING,0.3107601680132476
1055.0,cctv2,C2_S011,G017,OCCUPIED,OCCUPIED,0.6580051073780308
1055.0,cctv2,C2_S012,G018,OCCUPIED,OCCUPIED,0.5788710843433034
1055.0,cctv2,C2_S013,G019,OCCUPIED,OCCUPIED,0.8317492818290537
1055.0,cctv2,C2_S014,G020,EMPTY,EMPTY,0.01
1055.0,cctv3,C3_S001,G021,EMPTY,MANEUVERING,0.49
1055.0,cctv3,C3_S002,G019,EMPTY,MANEUVERING,0.3038004247476528
1055.0,cctv3,C3_S003,G020,OCCUPIED,OCCUPIED,0.597578381841833
1055.0,cctv3,C3_S004,G024,OCCUPIED,OCCUPIED,0.8272894859313965
1055.0,cctv3,C3_S005,G025,OCCUPIED,OCCUPIED,0.8255507772619075
1055.0,cctv3,C3_S006,G026,OCCUPIED,OCCUPIED,0.8254376815123992
1055.0,cctv3,C3_S007,G027,EMPTY,EMPTY,0.01
1055.0,cctv3,C3_S008,G028,EMPTY,EMPTY,0.01
1055.0,cctv3,C3_S009,G029,EMPTY,MANEUVERING,0.2111234182458032
1055.0,cctv3,C3_S010,G007,EMPTY,EMPTY,0.01
1055.0,cctv3,C3_S011,G008,OCCUPIED,OCCUPIED,0.7938470910895955
1055.0,cctv3,C3_S012,G009,OCCUPIED,OCCUPIED,0.823822995749387
1056.0,cctv1,C1_S001,G001,OCCUPIED,OCCUPIED,0.7170365105975759
1056.0,cctv1,C1_S002,G002,EMPTY,EMPTY,0.01
1056.0,cctv1,C1_S003,G003,OCCUPIED,OCCUPIED,0.8364495288241994
1056.0,cctv1,C1_S004,G004,OCCUPIED,OCCUPIED,0.7754368477246979
1056.0,cctv1,C1_S005,G005,OCCUPIED,LEAVING,0.7639530531384728
1056.0,cctv1,C1_S006,G006,EMPTY,MANEUVERING,0.2356793491135944
1056.0,cctv2,C2_S001,G007,OCCUPIED,OCCUPIED,0.7773729157718746
1056.0,cctv2,C2_S002,G008,OCCUPIED,OCCUPIED,0.8287611303004352
1056.0,cctv2,C2_S003,G009,EMPTY,MANEUVERING,0.2793081922422755
1056.0,cctv2,C2_S004,G010,OCCUPIED,OCCUPIED,0.7986196983944287
1056.0,cctv2,C2_S005,G001,EMPTY,EMPTY,0.01
1056.0,cctv2,C2_S006,G003,OCCUPIED,OCCUPIED,0.8178109542890029
1056.0,cctv2,C2_S007,G004,OCCUPIED,OCCUPIED,0.7940926416353746
1056.0,cctv2,C2_S008,G006,OCCUPIED,OCCUPIED,0.7656746228987521
1056.0,cctv2,C2_S009,G005,OCCUPIED,OCCUPIED,0.7923720167441802
1056.0,cctv2,C2_S010,G002,EMPTY,MANEUVERING,0.2597065340930765
1056.0,cctv2,C2_S011,G017,OCCUPIED,OCCUPIED,0.69435630467805
1056.0,cctv2,C2_S012,G018,OCCUPIED,OCCUPIED,0.6177244624650324
1056.0,cctv2,C2_S013,G019,OCCUPIED,OCCUPIED,0.8330896970900623
1056.0,cctv2,C2_S014,G020,EMPTY,EMPTY,0.01
1056.0,cctv3,C3_S001,G021,EMPTY,MANEUVERING,0.49
1056.0,cctv3,C3_S002,G019,EMPTY,MANEUVERING,0.2973718533190814
1056.0,cctv3,C3_S003,G020,OCCUPIED,OCCUPIED,0.6366044962948019
1056.0,cctv3,C3_S004,G024,OCCUPIED,OCCUPIED,0.827596637877551
1056.0,cctv3,C3_S005,G025,OCCUPIED,OCCUPIED,0.8259535117582841
1056.0,cctv3,C3_S006,G026,OCCUPIED,OCCUPIED,0.8252485492012718
1056.0,cctv3,C3_S007,G027,EMPTY,EMPTY,0.01
1056.0,cctv3,C3_S008,G028,EMPTY,EMPTY,0.01
1056.0,cctv3,C3_S009,G029,EMPTY,MANEUVERING,0.2111234182458032
1056.0,cctv3,C3_S010,G007,EMPTY,EMPTY,0.01
1056.0,cctv3,C3_S011,G008,OCCUPIED,OCCUPIED,0.7944337779825384
1056.0,cctv3,C3_S012,G009,OCCUPIED,OCCUPIED,0.8232714904980226
1057.0,cctv1,C1_S001,G001,OCCUPIED,OCCUPIED,0.7176755768670278
1057.0,cctv1,C1_S002,G002,EMPTY,EMPTY,0.01
1057.0,cctv1,C1_S003,G003,OCCUPIED,OCCUPIED,0.8365082586353476
1057.0,cctv1,C1_S004,G004,OCCUPIED,OCCUPIED,0.7734623558141969
1057.0,cctv1,C1_S005,G005,OCCUPIED,LEAVING,0.7626231927763333
1057.0,cctv1,C1_S006,G006,EMPTY,MANEUVERING,0.3154109272293069
1057.0,cctv2,C2_S001,G007,OCCUPIED,OCCUPIED,0.7785397031090477
1057.0,cctv2,C2_S002,G008,OCCUPIED,OCCUPIED,0.8279289335012436
1057.0,cctv2,C2_S003,G009,EMPTY,MANEUVERING,0.2793081922422755
1057.0,cctv2,C2_S004,G010,OCCUPIED,OCCUPIED,0.7983167185024782
1057.0,cctv2,C2_S005,G001,EMPTY,EMPTY,0.01
1057.0,cctv2,C2_S006,G003,OCCUPIED,OCCUPIED,0.817834760113196
1057.0,cctv2,C2_S007,G004,OCCUPIED,OCCUPIED,0.793298729712313
1057.0,cctv2,C2_S008,G006,OCCUPIED,OCCUPIED,0.7639841358770024
1057.0,cctv2,C2_S009,G005,OCCUPIED,OCCUPIED,0.7913327493450859
1057.0,cctv2,C2_S010,G002,EMPTY,MANEUVERING,0.2081676505641503
1057.0,cctv2,C2_S011,G017,OCCUPIED,OCCUPIED,0.730877753279426
1057.0,cctv2,C2_S012,G018,OCCUPIED,OCCUPIED,0.6559083170985635
1057.0,cctv2,C2_S013,G019,OCCUPIED,OCCUPIED,0.8326581329107285
1057.0,cctv2,C2_S014,G020,EMPTY,EMPTY,0.01
1057.0,cctv3,C3_S001,G021,EMPTY,MANEUVERING,0.49
1057.0,cctv3,C3_S002,G019,EMPTY,MANEUVERING,0.2923718533190814
1057.0,cctv3,C3_S003,G020,OCCUPIED,OCCUPIED,0.6736914435377369
1057.0,cctv3,C3_S004,G024,OCCUPIED,OCCUPIED,0.8277552954175256
1057.0,cctv3,C3_S005,G025,OCCUPIED,OCCUPIED,0.825846965475516
1057.0,cctv3,C3_S006,G026,OCCUPIED,OCCUPIED,0.8251734164628116
1057.0,cctv3,C3_S007,G027,EMPTY,EMPTY,0.01
1057.0,cctv3,C3_S008,G028,EMPTY,EMPTY,0.01
1057.0,cctv3,C3_S009,G029,EMPTY,MANEUVERING,0.1661234182458032
1057.0,cctv3,C3_S010,G007,EMPTY,MANEUVERING,0.2855195803533901
1057.0,cctv3,C3_S011,G008,OCCUPIED,OCCUPIED,0.793889834935015
1057.0,cctv3,C3_S012,G009,OCCUPIED,OCCUPIED,0.8228828351606023
1058.0,cctv1,C1_S001,G001,OCCUPIED,OCCUPIED,0.7181711409918288
1058.0,cctv1,C1_S002,G002,EMPTY,EMPTY,0.01
1058.0,cctv1,C1_S003,G003,OCCUPIED,OCCUPIED,0.8365577510812067
1058.0,cctv1,C1_S004,G004,OCCUPIED,OCCUPIED,0.7721837813203986
1058.0,cctv1,C1_S005,G005,OCCUPIED,LEAVING,0.7586730421944099
1058.0,cctv1,C1_S006,G006,EMPTY,MANEUVERING,0.3959508165988055
1058.0,cctv2,C2_S001,G007,OCCUPIED,OCCUPIED,0.7814422100782396
1058.0,cctv2,C2_S002,G008,OCCUPIED,OCCUPIED,0.8284005536274477
1058.0,cctv2,C2_S003,G009,EMPTY,MANEUVERING,0.2343081922422756
1058.0,cctv2,C2_S004,G010,OCCUPIED,OCCUPIED,0.7978545933961869
1058.0,cctv2,C2_S005,G001,EMPTY,EMPTY,0.01
1058.0,cctv2,C2_S006,G003,OCCUPIED,OCCUPIED,0.8179918944835664
1058.0,cctv2,C2_S007,G004,OCCUPIED,OCCUPIED,0.793442277474837
1058.0,cctv2,C2_S008,G006,OCCUPIED,OCCUPIED,0.7620574015108023
1058.0,cctv2,C2_S009,G005,OCCUPIED,OCCUPIED,0.7902270858938044
1058.0,cctv2,C2_S010,G002,EMPTY,MANEUVERING,0.1709242437102578
1058.0,cctv2,C2_S011,G017,OCCUPIED,OCCUPIED,0.766917866956104
1058.0,cctv2,C2_S012,G018,OCCUPIED,OCCUPIED,0.698926486806436
1058.0,cctv2,C2_S013,G019,OCCUPIED,OCCUPIED,0.8311812850562009
1058.0,cctv2,C2_S014,G020,EMPTY,EMPTY,0.01
1058.0,cctv3,C3_S001,G021,EMPTY,MANEUVERING,0.49
1058.0,cctv3,C3_S002,G019,EMPTY,MANEUVERING,0.2883718533190814
1058.0,cctv3,C3_S003,G020,OCCUPIED,LEAVING,0.708084971356121
1058.0,cctv3,C3_S004,G024,OCCUPIED,OCCUPIED,0.8282232498580759
1058.0,cctv3,C3_S005,G025,OCCUPIED,OCCUPIED,0.8260549553415992
1058.0,cctv3,C3_S006,G026,OCCUPIED,OCCUPIED,0.825229313698682
1058.0,cctv3,C3_S007,G027,EMPTY,EMPTY,0.01
1058.0,cctv3,C3_S008,G028,EMPTY,EMPTY,0.01
1058.0,cctv3,C3_S009,G029,EMPTY,MANEUVERING,0.1661234182458032
1058.0,cctv3,C3_S010,G007,EMPTY,MANEUVERING,0.2855195803533901
1058.0,cctv3,C3_S011,G008,OCCUPIED,OCCUPIED,0.7943715092810718
1058.0,cctv3,C3_S012,G009,OCCUPIED,OCCUPIED,0.8230905990708959
1059.0,cctv1,C1_S001,G001,OCCUPIED,OCCUPIED,0.7186621769585393
1059.0,cctv1,C1_S002,G002,EMPTY,EMPTY,0.01
1059.0,cctv1,C1_S003,G003,OCCUPIED,OCCUPIED,0.8365569090301341
1059.0,cctv1,C1_S004,G004,OCCUPIED,OCCUPIED,0.7717893336306919
1059.0,cctv1,C1_S005,G005,OCCUPIED,LEAVING,0.7566395676948808
1059.0,cctv1,C1_S006,G006,EMPTY,MANEUVERING,0.4769594400613145
1059.0,cctv2,C2_S001,G007,OCCUPIED,OCCUPIED,0.7833733530207114
1059.0,cctv2,C2_S002,G008,OCCUPIED,OCCUPIED,0.8282357099381361
1059.0,cctv2,C2_S003,G009,EMPTY,MANEUVERING,0.3014249647340991
1059.0,cctv2,C2_S004,G010,OCCUPIED,OCCUPIED,0.7971155814149163
1059.0,cctv2,C2_S005,G001,EMPTY,EMPTY,0.01
1059.0,cctv2,C2_S006,G003,OCCUPIED,OCCUPIED,0.8178731018846686
1059.0,cctv2,C2_S007,G004,OCCUPIED,OCCUPIED,0.7920712923461741
1059.0,cctv2,C2_S008,G006,OCCUPIED,OCCUPIED,0.759351255406033
1059.0,cctv2,C2_S009,G005,OCCUPIED,OCCUPIED,0.7886362766677684
1059.0,cctv2,C2_S010,G002,EMPTY,MANEUVERING,0.1709242437102578
1059.0,cctv2,C2_S011,G017,OCCUPIED,OCCUPIED,0.765379426967014
1059.0,cctv2,C2_S012,G018,OCCUPIED,OCCUPIED,0.7414361686191777
1059.0,cctv2,C2_S013,G019,OCCUPIED,OCCUPIED,0.8297538589347493
1059.0,cctv2,C2_S014,G020,EMPTY,EMPTY,0.01
1059.0,cctv3,C3_S001,G021,EMPTY,MANEUVERING,0.49
1059.0,cctv3,C3_S002,G019,EMPTY,MANEUVERING,0.2397807671210982
1059.0,cctv3,C3_S003,G020,OCCUPIED,LEAVING,0.7423263948975187
1059.0,cctv3,C3_S004,G024,OCCUPIED,OCCUPIED,0.8282398421656002
1059.0,cctv3,C3_S005,G025,OCCUPIED,OCCUPIED,0.8248623070391743
1059.0,cctv3,C3_S006,G026,OCCUPIED,OCCUPIED,0.8250851100141352
1059.0,cctv3,C3_S007,G027,EMPTY,EMPTY,0.01
1059.0,cctv3,C3_S008,G028,EMPTY,EMPTY,0.01
1059.0,cctv3,C3_S009,G029,EMPTY,MANEUVERING,0.1661234182458032
1059.0,cctv3,C3_S010,G007,EMPTY,MANEUVERING,0.2855195803533901
1059.0,cctv3,C3_S011,G008,OCCUPIED,OCCUPIED,0.793159093098207
1059.0,cctv3,C3_S012,G009,OCCUPIED,OCCUPIED,0.8226360808719289
1060.0,cctv1,C1_S001,G001,OCCUPIED,OCCUPIED,0.7196630863303488
1060.0,cctv1,C1_S002,G002,EMPTY,EMPTY,0.01
1060.0,cctv1,C1_S003,G003,OCCUPIED,OCCUPIED,0.8364817933602767
1060.0,cctv1,C1_S004,G004,OCCUPIED,OCCUPIED,0.7696053904565898
1060.0,cctv1,C1_S005,G005,OCCUPIED,LEAVING,0.7538667873902755
1060.0,cctv1,C1_S006,G006,EMPTY,MANEUVERING,0.49
1060.0,cctv2,C2_S001,G007,OCCUPIED,OCCUPIED,0.7844657460396941
1060.0,cctv2,C2_S002,G008,OCCUPIED,OCCUPIED,0.828457417271354
1060.0,cctv2,C2_S003,G009,EMPTY,MANEUVERING,0.3014249647340991
1060.0,cctv2,C2_S004,G010,OCCUPIED,OCCUPIED,0.7951299737800253
1060.0,cctv2,C2_S005,G001,EMPTY,EMPTY,0.01
1060.0,cctv2,C2_S006,G003,OCCUPIED,OCCUPIED,0.8184470117092133
1060.0,cctv2,C2_S007,G004,OCCUPIED,OCCUPIED,0.7926583482460543
1060.0,cctv2,C2_S008,G006,OCCUPIED,OCCUPIED,0.7610909182916988
1060.0,cctv2,C2_S009,G005,OCCUPIED,OCCUPIED,0.7865114388140766
1060.0,cctv2,C2_S010,G002,EMPTY,MANEUVERING,0.1945927258621562
1060.0,cctv2,C2_S011,G017,OCCUPIED,OCCUPIED,0.7476633646298539
1060.0,cctv2,C2_S012,G018,OCCUPIED,OCCUPIED,0.6964361686191776
1060.0,cctv2,C2_S013,G019,OCCUPIED,OCCUPIED,0.82673691267317
1060.0,cctv2,C2_S014,G020,EMPTY,EMPTY,0.01
1060.0,cctv3,C3_S001,G021,EMPTY,MANEUVERING,0.49
1060.0,cctv3,C3_S002,G019,EMPTY,MANEUVERING,0.1901801898371089
1060.0,cctv3,C3_S003,G020,OCCUPIED,LEAVING,0.7775736485828053
1060.0,cctv3,C3_S004,G024,OCCUPIED,OCCUPIED,0.828299296985973
1060.0,cctv3,C3_S005,G025,OCCUPIED,OCCUPIED,0.8253184288740159
1060.0,cctv3,C3_S006,G026,OCCUPIED,OCCUPIED,0.8250528194687584
1060.0,cctv3,C3_S007,G027,EMPTY,EMPTY,0.01
1060.0,cctv3,C3_S008,G028,EMPTY,EMPTY,0.01
1060.0,cctv3,C3_S009,G029,EMPTY,MANEUVERING,0.1661234182458032
1060.0,cctv3,C3_S010,G007,EMPTY,MANEUVERING,0.3663333236358382
1060.0,cctv3,C3_S011,G008,OCCUPIED,OCCUPIED,0.7934581268917431
1060.0,cctv3,C3_S012,G009,OCCUPIED,OCCUPIED,0.8232163613492793
1061.0,cctv1,C1_S001,G001,OCCUPIED,OCCUPIED,0.7194875751706687
1061.0,cctv1,C1_S002,G002,EMPTY,EMPTY,0.01
1061.0,cctv1,C1_S003,G003,OCCUPIED,OCCUPIED,0.8364266503940929
1061.0,cctv1,C1_S004,G004,OCCUPIED,OCCUPIED,0.7696128177371893
1061.0,cctv1,C1_S005,G005,OCCUPIED,LEAVING,0.7529196908528155
1061.0,cctv1,C1_S006,G006,EMPTY,MANEUVERING,0.4551286760920828
1061.0,cctv2,C2_S001,G007,OCCUPIED,OCCUPIED,0.786901282857765
1061.0,cctv2,C2_S002,G008,OCCUPIED,OCCUPIED,0.8289826059883292
1061.0,cctv2,C2_S003,G009,EMPTY,MANEUVERING,0.3014249647340991
1061.0,cctv2,C2_S004,G010,OCCUPIED,OCCUPIED,0.7931005599823866
1061.0,cctv2,C2_S005,G001,EMPTY,EMPTY,0.01
1061.0,cctv2,C2_S006,G003,OCCUPIED,OCCUPIED,0.8181984383951535
1061.0,cctv2,C2_S007,G004,OCCUPIED,OCCUPIED,0.791755697131157
1061.0,cctv2,C2_S008,G006,OCCUPIED,OCCUPIED,0.7590524154630575
1061.0,cctv2,C2_S009,G005,OCCUPIED,OCCUPIED,0.7838517619804903
1061.0,cctv2,C2_S010,G002,EMPTY,MANEUVERING,0.1945927258621562
1061.0,cctv2,C2_S011,G017,OCCUPIED,OCCUPIED,0.7475869484950196
1061.0,cctv2,C2_S012,G018,OCCUPIED,OCCUPIED,0.6898472332141616
1061.0,cctv2,C2_S013,G019,OCCUPIED,OCCUPIED,0.8249549326571552
1061.0,cctv2,C2_S014,G020,EMPTY,EMPTY,0.01
1061.0,cctv3,C3_S001,G021,EMPTY,MANEUVERING,0.49
1061.0,cctv3,C3_S002,G019,EMPTY,EMPTY,0.01
1061.0,cctv3,C3_S003,G020,OCCUPIED,LEAVING,0.8111969113349915
1061.0,cctv3,C3_S004,G024,OCCUPIED,OCCUPIED,0.8282437549395996
1061.0,cctv3,C3_S005,G025,OCCUPIED,OCCUPIED,0.8250783662904393
1061.0,cctv3,C3_S006,G026,OCCUPIED,OCCUPIED,0.8251789158040828
1061.0,cctv3,C3_S007,G027,EMPTY,EMPTY,0.01
1061.0,cctv3,C3_S008,G028,EMPTY,EMPTY,0.01
1061.0,cctv3,C3_S009,G029,EMPTY,MANEUVERING,0.1661234182458032
1061.0,cctv3,C3_S010,G007,EMPTY,MANEUVERING,0.3213333236358382
1061.0,cctv3,C3_S011,G008,OCCUPIED,OCCUPIED,0.7945984891869806
1061.0,cctv3,C3_S012,G009,OCCUPIED,OCCUPIED,0.8234759999947115
1062.0,cctv1,C1_S001,G001,OCCUPIED,OCCUPIED,0.7199105776169084
1062.0,cctv1,C1_S002,G002,EMPTY,EMPTY,0.01
1062.0,cctv1,C1_S003,G003,OCCUPIED,OCCUPIED,0.836464183438908
1062.0,cctv1,C1_S004,G004,OCCUPIED,OCCUPIED,0.77072401791811
1062.0,cctv1,C1_S005,G005,OCCUPIED,LEAVING,0.752576250650666
1062.0,cctv1,C1_S006,G006,EMPTY,MANEUVERING,0.3958429618063686
1062.0,cctv2,C2_S001,G007,OCCUPIED,OCCUPIED,0.7881749598817392
1062.0,cctv2,C2_S002,G008,OCCUPIED,OCCUPIED,0.829551128636707
1062.0,cctv2,C2_S003,G009,EMPTY,MANEUVERING,0.3014249647340991
1062.0,cctv2,C2_S004,G010,OCCUPIED,OCCUPIED,0.7926364849914205
1062.0,cctv2,C2_S005,G001,EMPTY,EMPTY,0.01
1062.0,cctv2,C2_S006,G003,OCCUPIED,OCCUPIED,0.818317997455597
1062.0,cctv2,C2_S007,G004,OCCUPIED,OCCUPIED,0.7912858293815093
1062.0,cctv2,C2_S008,G006,OCCUPIED,OCCUPIED,0.7573571573604237
1062.0,cctv2,C2_S009,G005,OCCUPIED,OCCUPIED,0.7824710062958978
1062.0,cctv2,C2_S010,G002,EMPTY,MANEUVERING,0.1935018167712471
1062.0,cctv2,C2_S011,G017,OCCUPIED,OCCUPIED,0.7855229648947717
1062.0,cctv2,C2_S012,G018,OCCUPIED,OCCUPIED,0.6826130410216071
1062.0,cctv2,C2_S013,G019,OCCUPIED,OCCUPIED,0.8236118928952652
1062.0,cctv2,C2_S014,G020,EMPTY,EMPTY,0.01
1062.0,cctv3,C3_S001,G021,EMPTY,MANEUVERING,0.49
1062.0,cctv3,C3_S002,G019,EMPTY,EMPTY,0.01
1062.0,cctv3,C3_S003,G020,OCCUPIED,LEAVING,0.8108350618319079
1062.0,cctv3,C3_S004,G024,OCCUPIED,OCCUPIED,0.8284036194736308
1062.0,cctv3,C3_S005,G025,OCCUPIED,OCCUPIED,0.8250047827308828
1062.0,cctv3,C3_S006,G026,OCCUPIED,OCCUPIED,0.8250989144498653
1062.0,cctv3,C3_S007,G027,EMPTY,EMPTY,0.01
1062.0,cctv3,C3_S008,G028,EMPTY,EMPTY,0.01
1062.0,cctv3,C3_S009,G029,EMPTY,MANEUVERING,0.1661234182458032
1062.0,cctv3,C3_S010,G007,EMPTY,MANEUVERING,0.4006107244166461
1062.0,cctv3,C3_S011,G008,OCCUPIED,OCCUPIED,0.7945046842098237
1062.0,cctv3,C3_S012,G009,OCCUPIED,OCCUPIED,0.8235928492112594
1063.0,cctv1,C1_S001,G001,OCCUPIED,OCCUPIED,0.7202101487666369
1063.0,cctv1,C1_S002,G002,EMPTY,EMPTY,0.01
1063.0,cctv1,C1_S003,G003,OCCUPIED,OCCUPIED,0.8365179674191909
1063.0,cctv1,C1_S004,G004,OCCUPIED,OCCUPIED,0.7721401153640314
1063.0,cctv1,C1_S005,G005,OCCUPIED,LEAVING,0.7524257864464413
1063.0,cctv1,C1_S006,G006,EMPTY,MANEUVERING,0.4354986691271717
1063.0,cctv2,C2_S001,G007,OCCUPIED,OCCUPIED,0.7889383726499298
1063.0,cctv2,C2_S002,G008,OCCUPIED,OCCUPIED,0.8300064287402413
1063.0,cctv2,C2_S003,G009,EMPTY,MANEUVERING,0.2564249647340991
1063.0,cctv2,C2_S004,G010,OCCUPIED,OCCUPIED,0.7943096282807264
1063.0,cctv2,C2_S005,G001,EMPTY,EMPTY,0.01
1063.0,cctv2,C2_S006,G003,OCCUPIED,OCCUPIED,0.8185276730494067
1063.0,cctv2,C2_S007,G004,OCCUPIED,OCCUPIED,0.791544861685146
1063.0,cctv2,C2_S008,G006,OCCUPIED,OCCUPIED,0.7585466333410957
1063.0,cctv2,C2_S009,G005,OCCUPIED,OCCUPIED,0.782514163851738
1063.0,cctv2,C2_S010,G002,EMPTY,MANEUVERING,0.1935018167712471
1063.0,cctv2,C2_S011,G017,OCCUPIED,OCCUPIED,0.7847782251780684
1063.0,cctv2,C2_S012,G018,OCCUPIED,OCCUPIED,0.6772224124453285
1063.0,cctv2,C2_S013,G019,OCCUPIED,OCCUPIED,0.8232878470962699
1063.0,cctv2,C2_S014,G020,EMPTY,EMPTY,0.01
1063.0,cctv3,C3_S001,G021,EMPTY,MANEUVERING,0.49
1063.0,cctv3,C3_S002,G019,EMPTY,EMPTY,0.01
1063.0,cctv3,C3_S003,G020,OCCUPIED,LEAVING,0.8093294135548852
1063.0,cctv3,C3_S004,G024,OCCUPIED,OCCUPIED,0.8287060694261031
1063.0,cctv3,C3_S005,G025,OCCUPIED,OCCUPIED,0.8241983432661404
1063.0,cctv3,C3_S006,G026,OCCUPIED,OCCUPIED,0.8248662287538703
1063.0,cctv3,C3_S007,G027,EMPTY,EMPTY,0.01
1063.0,cctv3,C3_S008,G028,EMPTY,EMPTY,0.01
1063.0,cctv3,C3_S009,G029,EMPTY,MANEUVERING,0.1661234182458032
1063.0,cctv3,C3_S010,G007,EMPTY,MANEUVERING,0.4006107244166461
1063.0,cctv3,C3_S011,G008,OCCUPIED,OCCUPIED,0.794139048728076
1063.0,cctv3,C3_S012,G009,OCCUPIED,OCCUPIED,0.8232424828139219
1064.0,cctv1,C1_S001,G001,OCCUPIED,OCCUPIED,0.720707046579231
1064.0,cctv1,C1_S002,G002,EMPTY,EMPTY,0.01
1064.0,cctv1,C1_S003,G003,OCCUPIED,OCCUPIED,0.836492505940524
1064.0,cctv1,C1_S004,G004,OCCUPIED,OCCUPIED,0.7713776308027182
1064.0,cctv1,C1_S005,G005,OCCUPIED,LEAVING,0.7500060957941143
1064.0,cctv1,C1_S006,G006,EMPTY,MANEUVERING,0.3904986691271717
1064.0,cctv2,C2_S001,G007,OCCUPIED,OCCUPIED,0.7897614271803336
1064.0,cctv2,C2_S002,G008,OCCUPIED,OCCUPIED,0.8301625389944424
1064.0,cctv2,C2_S003,G009,EMPTY,MANEUVERING,0.2564249647340991
1064.0,cctv2,C2_S004,G010,OCCUPIED,OCCUPIED,0.7959237816658887
1064.0,cctv2,C2_S005,G001,EMPTY,EMPTY,0.01
1064.0,cctv2,C2_S006,G003,OCCUPIED,OCCUPIED,0.8181575704704632
1064.0,cctv2,C2_S007,G004,OCCUPIED,OCCUPIED,0.7915710619904779
1064.0,cctv2,C2_S008,G006,OCCUPIED,OCCUPIED,0.7582432998852296
1064.0,cctv2,C2_S009,G005,OCCUPIED,OCCUPIED,0.7827236500653354
1064.0,cctv2,C2_S010,G002,EMPTY,MANEUVERING,0.1485018167712471
1064.0,cctv2,C2_S011,G017,OCCUPIED,OCCUPIED,0.7851774459806357
1064.0,cctv2,C2_S012,G018,OCCUPIED,OCCUPIED,0.7168573573909024
1064.0,cctv2,C2_S013,G019,OCCUPIED,OCCUPIED,0.8219959619370374
1064.0,cctv2,C2_S014,G020,EMPTY,EMPTY,0.01
1064.0,cctv3,C3_S001,G021,EMPTY,MANEUVERING,0.49
1064.0,cctv3,C3_S002,G019,EMPTY,EMPTY,0.01
1064.0,cctv3,C3_S003,G020,OCCUPIED,LEAVING,0.8094579937783155
1064.0,cctv3,C3_S004,G024,OCCUPIED,OCCUPIED,0.8284518244591627
1064.0,cctv3,C3_S005,G025,OCCUPIED,OCCUPIED,0.8244165848601949
1064.0,cctv3,C3_S006,G026,OCCUPIED,OCCUPIED,0.82468039393425
1064.0,cctv3,C3_S007,G027,EMPTY,EMPTY,0.01
1064.0,cctv3,C3_S008,G028,EMPTY,EMPTY,0.01
1064.0,cctv3,C3_S009,G029,EMPTY,EMPTY,0.01
1064.0,cctv3,C3_S010,G007,EMPTY,MANEUVERING,0.355610724416646
1064.0,cctv3,C3_S011,G008,OCCUPIED,OCCUPIED,0.7938913532278755
1064.0,cctv3,C3_S012,G009,OCCUPIED,OCCUPIED,0.8233722554011779
1065.0,cctv1,C1_S001,G001,OCCUPIED,OCCUPIED,0.7218418993733147
1065.0,cctv1,C1_S002,G002,EMPTY,EMPTY,0.01
1065.0,cctv1,C1_S003,G003,OCCUPIED,OCCUPIED,0.8364873040806164
1065.0,cctv1,C1_S004,G004,OCCUPIED,OCCUPIED,0.7725624507123774
1065.0,cctv1,C1_S005,G005,OCCUPIED,LEAVING,0.7494720041751862
1065.0,cctv1,C1_S006,G006,EMPTY,MANEUVERING,0.3904986691271717
1065.0,cctv2,C2_S001,G007,OCCUPIED,OCCUPIED,0.7918230713768439
1065.0,cctv2,C2_S002,G008,OCCUPIED,OCCUPIED,0.8303833928975193
1065.0,cctv2,C2_S003,G009,EMPTY,MANEUVERING,0.2058144644986499
1065.0,cctv2,C2_S004,G010,OCCUPIED,OCCUPIED,0.7945755441080441
1065.0,cctv2,C2_S005,G001,EMPTY,EMPTY,0.01
1065.0,cctv2,C2_S006,G003,OCCUPIED,OCCUPIED,0.8178860910914162
1065.0,cctv2,C2_S007,G004,OCCUPIED,OCCUPIED,0.7918775945901871
1065.0,cctv2,C2_S008,G006,OCCUPIED,OCCUPIED,0.7590349770405076
1065.0,cctv2,C2_S009,G005,OCCUPIED,OCCUPIED,0.7838322485035116
1065.0,cctv2,C2_S010,G002,EMPTY,MANEUVERING,0.1485018167712471
1065.0,cctv2,C2_S011,G017,OCCUPIED,OCCUPIED,0.7853107355128636
1065.0,cctv2,C2_S012,G018,OCCUPIED,OCCUPIED,0.7111838974735954
1065.0,cctv2,C2_S013,G019,OCCUPIED,OCCUPIED,0.8207686326720498
1065.0,cctv2,C2_S014,G020,EMPTY,EMPTY,0.01
1065.0,cctv3,C3_S001,G021,EMPTY,MANEUVERING,0.49
1065.0,cctv3,C3_S002,G019,EMPTY,EMPTY,0.01
1065.0,cctv3,C3_S003,G020,OCCUPIED,LEAVING,0.808864881775596
1065.0,cctv3,C3_S004,G024,OCCUPIED,OCCUPIED,0.8282403745434501
1065.0,cctv3,C3_S005,G025,OCCUPIED,OCCUPIED,0.8245259921659124
1065.0,cctv3,C3_S006,G026,OCCUPIED,OCCUPIED,0.8249595403671265
1065.0,cctv3,C3_S007,G027,EMPTY,EMPTY,0.01
1065.0,cctv3,C3_S008,G028,EMPTY,EMPTY,0.01
1065.0,cctv3,C3_S009,G029,EMPTY,EMPTY,0.01
1065.0,cctv3,C3_S010,G007,EMPTY,MANEUVERING,0.355610724416646
1065.0,cctv3,C3_S011,G008,OCCUPIED,OCCUPIED,0.7942350401119753
1065.0,cctv3,C3_S012,G009,OCCUPIED,OCCUPIED,0.8230232683095066
1066.0,cctv1,C1_S001,G001,OCCUPIED,OCCUPIED,0.7228614314035936
1066.0,cctv1,C1_S002,G002,EMPTY,EMPTY,0.01
1066.0,cctv1,C1_S003,G003,OCCUPIED,OCCUPIED,0.8364853281866421
1066.0,cctv1,C1_S004,G004,OCCUPIED,OCCUPIED,0.772154007174752
1066.0,cctv1,C1_S005,G005,OCCUPIED,LEAVING,0.7479538186029955
1066.0,cctv1,C1_S006,G006,EMPTY,MANEUVERING,0.3904986691271717
1066.0,cctv2,C2_S001,G007,OCCUPIED,OCCUPIED,0.7928390921516852
1066.0,cctv2,C2_S002,G008,OCCUPIED,OCCUPIED,0.8310669603672896
1066.0,cctv2,C2_S003,G009,EMPTY,MANEUVERING,0.2058144644986499
1066.0,cctv2,C2_S004,G010,OCCUPIED,OCCUPIED,0.7964818924665452
1066.0,cctv2,C2_S005,G001,EMPTY,EMPTY,0.01
1066.0,cctv2,C2_S006,G003,OCCUPIED,OCCUPIED,0.8177496999502183
1066.0,cctv2,C2_S007,G004,OCCUPIED,OCCUPIED,0.7925286821343682
1066.0,cctv2,C2_S008,G006,OCCUPIED,OCCUPIED,0.7596267040480268
1066.0,cctv2,C2_S009,G005,OCCUPIED,OCCUPIED,0.7847573017532176
1066.0,cctv2,C2_S010,G002,EMPTY,MANEUVERING,0.1485018167712471
1066.0,cctv2,C2_S011,G017,OCCUPIED,OCCUPIED,0.7852393911914393
1066.0,cctv2,C2_S012,G018,OCCUPIED,OCCUPIED,0.7072924945435741
1066.0,cctv2,C2_S013,G019,OCCUPIED,OCCUPIED,0.8194492166692561
1066.0,cctv2,C2_S014,G020,EMPTY,EMPTY,0.01
1066.0,cctv3,C3_S001,G021,EMPTY,MANEUVERING,0.49
1066.0,cctv3,C3_S002,G019,EMPTY,EMPTY,0.01
1066.0,cctv3,C3_S003,G020,OCCUPIED,LEAVING,0.8063080522147092
1066.0,cctv3,C3_S004,G024,OCCUPIED,OCCUPIED,0.8284648234193976
1066.0,cctv3,C3_S005,G025,OCCUPIED,OCCUPIED,0.8239553050561386
1066.0,cctv3,C3_S006,G026,OCCUPIED,OCCUPIED,0.8248665920712732
1066.0,cctv3,C3_S007,G027,EMPTY,EMPTY,0.01
1066.0,cctv3,C3_S008,G028,EMPTY,EMPTY,0.01
1066.0,cctv3,C3_S009,G029,EMPTY,EMPTY,0.01
1066.0,cctv3,C3_S010,G007,EMPTY,MANEUVERING,0.3919590833647685
1066.0,cctv3,C3_S011,G008,OCCUPIED,OCCUPIED,0.7937471056526358
1066.0,cctv3,C3_S012,G009,OCCUPIED,OCCUPIED,0.8231561563231728
1067.0,cctv1,C1_S001,G001,OCCUPIED,OCCUPIED,0.7235704513097352
1067.0,cctv1,C1_S002,G002,EMPTY,EMPTY,0.01
1067.0,cctv1,C1_S003,G003,OCCUPIED,OCCUPIED,0.8365651060234417
1067.0,cctv1,C1_S004,G004,OCCUPIED,OCCUPIED,0.7718342305584388
1067.0,cctv1,C1_S005,G005,OCCUPIED,LEAVING,0.7478870673613115
1067.0,cctv1,C1_S006,G006,EMPTY,MANEUVERING,0.3097352604026144
1067.0,cctv2,C2_S001,G007,OCCUPIED,OCCUPIED,0.7964848770336672
1067.0,cctv2,C2_S002,G008,OCCUPIED,OCCUPIED,0.8314336687326431
1067.0,cctv2,C2_S003,G009,EMPTY,MANEUVERING,0.2058144644986499
1067.0,cctv2,C2_S004,G010,OCCUPIED,OCCUPIED,0.7970221161842347
1067.0,cctv2,C2_S005,G001,EMPTY,EMPTY,0.01
1067.0,cctv2,C2_S006,G003,OCCUPIED,OCCUPIED,0.817798675461249
1067.0,cctv2,C2_S007,G004,OCCUPIED,OCCUPIED,0.7931575496088376
1067.0,cctv2,C2_S008,G006,OCCUPIED,OCCUPIED,0.761331464892084
1067.0,cctv2,C2_S009,G005,OCCUPIED,OCCUPIED,0.7858690245585008
1067.0,cctv2,C2_S010,G002,EMPTY,MANEUVERING,0.1485018167712471
1067.0,cctv2,C2_S011,G017,OCCUPIED,OCCUPIED,0.7856199982762337
1067.0,cctv2,C2_S012,G018,OCCUPIED,OCCUPIED,0.7093779214403847
1067.0,cctv2,C2_S013,G019,OCCUPIED,OCCUPIED,0.8190085500478745
1067.0,cctv2,C2_S014,G020,EMPTY,EMPTY,0.01
1067.0,cctv3,C3_S001,G021,EMPTY,MANEUVERING,0.49
1067.0,cctv3,C3_S002,G019,EMPTY,EMPTY,0.01
1067.0,cctv3,C3_S003,G020,OCCUPIED,LEAVING,0.802394562959671
1067.0,cctv3,C3_S004,G024,OCCUPIED,OCCUPIED,0.828273969617757
1067.0,cctv3,C3_S005,G025,OCCUPIED,OCCUPIED,0.8240286740389737
1067.0,cctv3,C3_S006,G026,OCCUPIED,OCCUPIED,0.8248201191425324
1067.0,cctv3,C3_S007,G027,EMPTY,EMPTY,0.01
1067.0,cctv3,C3_S008,G028,EMPTY,EMPTY,0.01
1067.0,cctv3,C3_S009,G029,EMPTY,EMPTY,0.01
1067.0,cctv3,C3_S010,G007,OCCUPIED,OCCUPIED,0.51
1067.0,cctv3,C3_S011,G008,OCCUPIED,OCCUPIED,0.7938067173415965
1067.0,cctv3,C3_S012,G009,OCCUPIED,OCCUPIED,0.8232778676531533
1068.0,cctv1,C1_S001,G001,OCCUPIED,OCCUPIED,0.723525607213378
1068.0,cctv1,C1_S002,G002,EMPTY,EMPTY,0.01
1068.0,cctv1,C1_S003,G003,OCCUPIED,OCCUPIED,0.8365222808989612
1068.0,cctv1,C1_S004,G004,OCCUPIED,OCCUPIED,0.7717235406691378
1068.0,cctv1,C1_S005,G005,OCCUPIED,LEAVING,0.7327073887171168
1068.0,cctv1,C1_S006,G006,EMPTY,MANEUVERING,0.3540726528519933
1068.0,cctv2,C2_S001,G007,OCCUPIED,OCCUPIED,0.7967999097975819
1068.0,cctv2,C2_S002,G008,OCCUPIED,OCCUPIED,0.8322276830673219
1068.0,cctv2,C2_S003,G009,EMPTY,MANEUVERING,0.2058144644986499
1068.0,cctv2,C2_S004,G010,OCCUPIED,OCCUPIED,0.797769072380933
1068.0,cctv2,C2_S005,G001,EMPTY,EMPTY,0.01
1068.0,cctv2,C2_S006,G003,OCCUPIED,OCCUPIED,0.8175237157128075
1068.0,cctv2,C2_S007,G004,OCCUPIED,OCCUPIED,0.7929004322398794
1068.0,cctv2,C2_S008,G006,OCCUPIED,OCCUPIED,0.7612916523760016
1068.0,cctv2,C2_S009,G005,OCCUPIED,OCCUPIED,0.7862941132350402
1068.0,cctv2,C2_S010,G002,EMPTY,MANEUVERING,0.1485018167712471
1068.0,cctv2,C2_S011,G017,OCCUPIED,OCCUPIED,0.7853019866347314
1068.0,cctv2,C2_S012,G018,OCCUPIED,OCCUPIED,0.7119008559665898
1068.0,cctv2,C2_S013,G019,OCCUPIED,OCCUPIED,0.8193226976828142
1068.0,cctv2,C2_S014,G020,EMPTY,EMPTY,0.01
1068.0,cctv3,C3_S001,G021,EMPTY,MANEUVERING,0.49
1068.0,cctv3,C3_S002,G019,EMPTY,EMPTY,0.01
1068.0,cctv3,C3_S003,G020,OCCUPIED,LEAVING,0.7994894217361104
1068.0,cctv3,C3_S004,G024,OCCUPIED,OCCUPIED,0.8283813230016015
1068.0,cctv3,C3_S005,G025,OCCUPIED,OCCUPIED,0.8239157180894505
1068.0,cctv3,C3_S006,G026,OCCUPIED,OCCUPIED,0.8246334682811391
1068.0,cctv3,C3_S007,G027,EMPTY,EMPTY,0.01
1068.0,cctv3,C3_S008,G028,EMPTY,EMPTY,0.01
1068.0,cctv3,C3_S009,G029,EMPTY,EMPTY,0.01
1068.0,cctv3,C3_S010,G007,OCCUPIED,OCCUPIED,0.51
1068.0,cctv3,C3_S011,G008,OCCUPIED,OCCUPIED,0.7939683090556753
1068.0,cctv3,C3_S012,G009,OCCUPIED,OCCUPIED,0.8236679153008895
1069.0,cctv1,C1_S001,G001,OCCUPIED,OCCUPIED,0.7240537329492245
1069.0,cctv1,C1_S002,G002,EMPTY,EMPTY,0.01
1069.0,cctv1,C1_S003,G003,OCCUPIED,OCCUPIED,0.8365732737562874
1069.0,cctv1,C1_S004,G004,OCCUPIED,OCCUPIED,0.7724318685856733
1069.0,cctv1,C1_S005,G005,OCCUPIED,LEAVING,0.7330475135463658
1069.0,cctv1,C1_S006,G006,EMPTY,MANEUVERING,0.3194695308669047
1069.0,cctv2,C2_S001,G007,OCCUPIED,OCCUPIED,0.7962292104959489
1069.0,cctv2,C2_S002,G008,OCCUPIED,OCCUPIED,0.8326951100067659
1069.0,cctv2,C2_S003,G009,EMPTY,MANEUVERING,0.2058144644986499
1069.0,cctv2,C2_S004,G010,OCCUPIED,OCCUPIED,0.797687598250129
1069.0,cctv2,C2_S005,G001,EMPTY,EMPTY,0.01
1069.0,cctv2,C2_S006,G003,OCCUPIED,OCCUPIED,0.8172490453178233
1069.0,cctv2,C2_S007,G004,OCCUPIED,OCCUPIED,0.7929338582537392
1069.0,cctv2,C2_S008,G006,OCCUPIED,OCCUPIED,0.761069844256748
1069.0,cctv2,C2_S009,G005,OCCUPIED,OCCUPIED,0.7870490201494911
1069.0,cctv2,C2_S010,G002,EMPTY,MANEUVERING,0.1485018167712471
1069.0,cctv2,C2_S011,G017,OCCUPIED,OCCUPIED,0.785445898527449
1069.0,cctv2,C2_S012,G018,OCCUPIED,OCCUPIED,0.713180472620509
1069.0,cctv2,C2_S013,G019,OCCUPIED,OCCUPIED,0.818504870208827
1069.0,cctv2,C2_S014,G020,EMPTY,EMPTY,0.01
1069.0,cctv3,C3_S001,G021,EMPTY,MANEUVERING,0.49
1069.0,cctv3,C3_S002,G019,EMPTY,EMPTY,0.01
1069.0,cctv3,C3_S003,G020,OCCUPIED,LEAVING,0.7996431667696347
1069.0,cctv3,C3_S004,G024,OCCUPIED,OCCUPIED,0.8283328351649372
1069.0,cctv3,C3_S005,G025,OCCUPIED,OCCUPIED,0.8230113194747405
1069.0,cctv3,C3_S006,G026,OCCUPIED,OCCUPIED,0.8245516991073436
1069.0,cctv3,C3_S007,G027,EMPTY,EMPTY,0.01
1069.0,cctv3,C3_S008,G028,EMPTY,EMPTY,0.01
1069.0,cctv3,C3_S009,G029,EMPTY,EMPTY,0.01
1069.0,cctv3,C3_S010,G007,OCCUPIED,OCCUPIED,0.51
1069.0,cctv3,C3_S011,G008,OCCUPIED,OCCUPIED,0.7930337258360604
1069.0,cctv3,C3_S012,G009,OCCUPIED,OCCUPIED,0.8233661537820643
1070.0,cctv1,C1_S001,G001,OCCUPIED,OCCUPIED,0.7238471449437467
1070.0,cctv1,C1_S002,G002,EMPTY,EMPTY,0.01
1070.0,cctv1,C1_S003,G003,OCCUPIED,OCCUPIED,0.8366166686469859
1070.0,cctv1,C1_S004,G004,OCCUPIED,OCCUPIED,0.7710232232104649
1070.0,cctv1,C1_S005,G005,OCCUPIED,LEAVING,0.7342436093001655
1070.0,cctv1,C1_S006,G006,EMPTY,MANEUVERING,0.285964271006259
1070.0,cctv2,C2_S001,G007,OCCUPIED,OCCUPIED,0.7962705075740815
1070.0,cctv2,C2_S002,G008,OCCUPIED,OCCUPIED,0.8333254486322403
1070.0,cctv2,C2_S003,G009,EMPTY,EMPTY,0.01
1070.0,cctv2,C2_S004,G010,OCCUPIED,OCCUPIED,0.7976438441059807
1070.0,cctv2,C2_S005,G001,EMPTY,EMPTY,0.01
1070.0,cctv2,C2_S006,G003,OCCUPIED,OCCUPIED,0.817330929095095
1070.0,cctv2,C2_S007,G004,OCCUPIED,OCCUPIED,0.793491321260279
1070.0,cctv2,C2_S008,G006,OCCUPIED,OCCUPIED,0.7606777760115537
1070.0,cctv2,C2_S009,G005,OCCUPIED,OCCUPIED,0.7868979613889349
1070.0,cctv2,C2_S010,G002,EMPTY,MANEUVERING,0.1485018167712471
1070.0,cctv2,C2_S011,G017,OCCUPIED,LEAVING,0.7846429410576822
1070.0,cctv2,C2_S012,G018,OCCUPIED,OCCUPIED,0.7150942591510037
1070.0,cctv2,C2_S013,G019,OCCUPIED,OCCUPIED,0.8192882020365109
1070.0,cctv2,C2_S014,G020,EMPTY,EMPTY,0.01
1070.0,cctv3,C3_S001,G021,EMPTY,MANEUVERING,0.49
1070.0,cctv3,C3_S002,G019,EMPTY,EMPTY,0.01
1070.0,cctv3,C3_S003,G020,OCCUPIED,LEAVING,0.8003491347486323
1070.0,cctv3,C3_S004,G024,OCCUPIED,OCCUPIED,0.8284399593418296
1070.0,cctv3,C3_S005,G025,OCCUPIED,OCCUPIED,0.8228069717233832
1070.0,cctv3,C3_S006,G026,OCCUPIED,OCCUPIED,0.8247095568613573
1070.0,cctv3,C3_S007,G027,EMPTY,EMPTY,0.01
1070.0,cctv3,C3_S008,G028,EMPTY,EMPTY,0.01
1070.0,cctv3,C3_S009,G029,EMPTY,EMPTY,0.01
1070.0,cctv3,C3_S010,G007,OCCUPIED,OCCUPIED,0.51
1070.0,cctv3,C3_S011,G008,OCCUPIED,OCCUPIED,0.7939355617219752
1070.0,cctv3,C3_S012,G009,OCCUPIED,OCCUPIED,0.8236206165768885
1071.0,cctv1,C1_S001,G001,OCCUPIED,OCCUPIED,0.7240240378474648
1071.0,cctv1,C1_S002,G002,EMPTY,EMPTY,0.01
1071.0,cctv1,C1_S003,G003,OCCUPIED,OCCUPIED,0.8366420943628659
1071.0,cctv1,C1_S004,G004,OCCUPIED,OCCUPIED,0.7723299381407825
1071.0,cctv1,C1_S005,G005,OCCUPIED,LEAVING,0.7360022488146118
1071.0,cctv1,C1_S006,G006,EMPTY,MANEUVERING,0.2377708691290833
1071.0,cctv2,C2_S001,G007,OCCUPIED,OCCUPIED,0.7976895920254968
1071.0,cctv2,C2_S002,G008,OCCUPIED,OCCUPIED,0.8333309756083922
1071.0,cctv2,C2_S003,G009,EMPTY,EMPTY,0.01
1071.0,cctv2,C2_S004,G010,OCCUPIED,OCCUPIED,0.7980112506584688
1071.0,cctv2,C2_S005,G001,EMPTY,EMPTY,0.01
1071.0,cctv2,C2_S006,G003,OCCUPIED,OCCUPIED,0.8170411993156781
1071.0,cctv2,C2_S007,G004,OCCUPIED,OCCUPIED,0.7939339897849343
1071.0,cctv2,C2_S008,G006,OCCUPIED,OCCUPIED,0.7613456740975381
1071.0,cctv2,C2_S009,G005,OCCUPIED,OCCUPIED,0.7878820126706905
1071.0,cctv2,C2_S010,G002,EMPTY,EMPTY,0.01
1071.0,cctv2,C2_S011,G017,OCCUPIED,OCCUPIED,0.8006244025447152
1071.0,cctv2,C2_S012,G018,OCCUPIED,OCCUPIED,0.7607079516757619
1071.0,cctv2,C2_S013,G019,OCCUPIED,OCCUPIED,0.8211308341134679
1071.0,cctv2,C2_S014,G020,EMPTY,EMPTY,0.01
1071.0,cctv3,C3_S001,G021,EMPTY,MANEUVERING,0.49
1071.0,cctv3,C3_S002,G019,EMPTY,EMPTY,0.01
1071.0,cctv3,C3_S003,G020,OCCUPIED,LEAVING,0.8007056507197294
1071.0,cctv3,C3_S004,G024,OCCUPIED,OCCUPIED,0.8284967986020175
1071.0,cctv3,C3_S005,G025,OCCUPIED,OCCUPIED,0.8228294307535345
1071.0,cctv3,C3_S006,G026,OCCUPIED,OCCUPIED,0.8247699520804666
1071.0,cctv3,C3_S007,G027,EMPTY,EMPTY,0.01
1071.0,cctv3,C3_S008,G028,EMPTY,EMPTY,0.01
1071.0,cctv3,C3_S009,G029,EMPTY,EMPTY,0.01
1071.0,cctv3,C3_S010,G007,OCCUPIED,OCCUPIED,0.51
1071.0,cctv3,C3_S011,G008,OCCUPIED,OCCUPIED,0.7934315543283117
1071.0,cctv3,C3_S012,G009,OCCUPIED,OCCUPIED,0.8237510320815173
1072.0,cctv1,C1_S001,G001,OCCUPIED,OCCUPIED,0.7237887825139545
1072.0,cctv1,C1_S002,G002,EMPTY,EMPTY,0.01
1072.0,cctv1,C1_S003,G003,OCCUPIED,OCCUPIED,0.8366249916228382
1072.0,cctv1,C1_S004,G004,OCCUPIED,OCCUPIED,0.772262010791085
1072.0,cctv1,C1_S005,G005,OCCUPIED,LEAVING,0.7397398992722686
1072.0,cctv1,C1_S006,G006,EMPTY,MANEUVERING,0.1927708691290833
1072.0,cctv2,C2_S001,G007,OCCUPIED,OCCUPIED,0.7972714746540244
1072.0,cctv2,C2_S002,G008,OCCUPIED,OCCUPIED,0.833282128518278
1072.0,cctv2,C2_S003,G009,EMPTY,EMPTY,0.01
1072.0,cctv2,C2_S004,G010,OCCUPIED,OCCUPIED,0.7988609956069427
1072.0,cctv2,C2_S005,G001,EMPTY,EMPTY,0.01
1072.0,cctv2,C2_S006,G003,OCCUPIED,OCCUPIED,0.8169386283917861
1072.0,cctv2,C2_S007,G004,OCCUPIED,OCCUPIED,0.793655400113626
1072.0,cctv2,C2_S008,G006,OCCUPIED,OCCUPIED,0.7615347556092523
1072.0,cctv2,C2_S009,G005,OCCUPIED,OCCUPIED,0.7880216175859626
1072.0,cctv2,C2_S010,G002,EMPTY,EMPTY,0.01
1072.0,cctv2,C2_S011,G017,OCCUPIED,OCCUPIED,0.7999564999883826
1072.0,cctv2,C2_S012,G018,OCCUPIED,OCCUPIED,0.762782819569111
1072.0,cctv2,C2_S013,G019,OCCUPIED,OCCUPIED,0.8221992424943231
1072.0,cctv2,C2_S014,G020,EMPTY,EMPTY,0.01
1072.0,cctv3,C3_S001,G021,EMPTY,MANEUVERING,0.49
1072.0,cctv3,C3_S002,G019,EMPTY,EMPTY,0.01
1072.0,cctv3,C3_S003,G020,OCCUPIED,LEAVING,0.8005623508583416
1072.0,cctv3,C3_S004,G024,OCCUPIED,OCCUPIED,0.828505144336007
1072.0,cctv3,C3_S005,G025,OCCUPIED,OCCUPIED,0.8221174944530835
1072.0,cctv3,C3_S006,G026,OCCUPIED,OCCUPIED,0.824734256755222
1072.0,cctv3,C3_S007,G027,EMPTY,EMPTY,0.01
1072.0,cctv3,C3_S008,G028,EMPTY,EMPTY,0.01
1072.0,cctv3,C3_S009,G029,EMPTY,EMPTY,0.01
1072.0,cctv3,C3_S010,G007,OCCUPIED,OCCUPIED,0.51
1072.0,cctv3,C3_S011,G008,OCCUPIED,OCCUPIED,0.7938080755147068
1072.0,cctv3,C3_S012,G009,OCCUPIED,OCCUPIED,0.8237044404853475
1073.0,cctv1,C1_S001,G001,OCCUPIED,OCCUPIED,0.7250596215779131
1073.0,cctv1,C1_S002,G002,EMPTY,EMPTY,0.01
1073.0,cctv1,C1_S003,G003,OCCUPIED,OCCUPIED,0.8365503359924664
1073.0,cctv1,C1_S004,G004,OCCUPIED,OCCUPIED,0.7703394948081538
1073.0,cctv1,C1_S005,G005,OCCUPIED,LEAVING,0.7410605810176244
1073.0,cctv1,C1_S006,G006,EMPTY,MANEUVERING,0.1927708691290833
1073.0,cctv2,C2_S001,G007,OCCUPIED,OCCUPIED,0.7958432617512616
1073.0,cctv2,C2_S002,G008,OCCUPIED,OCCUPIED,0.8328316011212089
1073.0,cctv2,C2_S003,G009,EMPTY,EMPTY,0.01
1073.0,cctv2,C2_S004,G010,OCCUPIED,OCCUPIED,0.7979529369961132
1073.0,cctv2,C2_S005,G001,EMPTY,EMPTY,0.01
1073.0,cctv2,C2_S006,G003,OCCUPIED,OCCUPIED,0.8169859628785741
1073.0,cctv2,C2_S007,G004,OCCUPIED,OCCUPIED,0.7939013375477358
1073.0,cctv2,C2_S008,G006,OCCUPIED,OCCUPIED,0.7619606018066407
1073.0,cctv2,C2_S009,G005,OCCUPIED,OCCUPIED,0.7868482933803038
1073.0,cctv2,C2_S010,G002,EMPTY,EMPTY,0.01
1073.0,cctv2,C2_S011,G017,OCCUPIED,OCCUPIED,0.8000149412588641
1073.0,cctv2,C2_S012,G018,OCCUPIED,OCCUPIED,0.762349055978385
1073.0,cctv2,C2_S013,G019,OCCUPIED,OCCUPIED,0.8201292379335924
1073.0,cctv2,C2_S014,G020,EMPTY,EMPTY,0.01
1073.0,cctv3,C3_S001,G021,EMPTY,MANEUVERING,0.49
1073.0,cctv3,C3_S002,G019,EMPTY,EMPTY,0.01
1073.0,cctv3,C3_S003,G020,OCCUPIED,LEAVING,0.7981982721523806
1073.0,cctv3,C3_S004,G024,OCCUPIED,OCCUPIED,0.8283604846759276
1073.0,cctv3,C3_S005,G025,OCCUPIED,OCCUPIED,0.8222486951134422
1073.0,cctv3,C3_S006,G026,OCCUPIED,OCCUPIED,0.8248374884778804
1073.0,cctv3,C3_S007,G027,EMPTY,EMPTY,0.01
1073.0,cctv3,C3_S008,G028,EMPTY,EMPTY,0.01
1073.0,cctv3,C3_S009,G029,EMPTY,EMPTY,0.01
1073.0,cctv3,C3_S010,G007,OCCUPIED,OCCUPIED,0.51
1073.0,cctv3,C3_S011,G008,OCCUPIED,OCCUPIED,0.7945956736803056
1073.0,cctv3,C3_S012,G009,OCCUPIED,OCCUPIED,0.8236994150010023
1074.0,cctv1,C1_S001,G001,OCCUPIED,OCCUPIED,0.7254489350725305
1074.0,cctv1,C1_S002,G002,EMPTY,EMPTY,0.01
1074.0,cctv1,C1_S003,G003,OCCUPIED,OCCUPIED,0.8365587703206323
1074.0,cctv1,C1_S004,G004,OCCUPIED,OCCUPIED,0.7705246590755204
1074.0,cctv1,C1_S005,G005,OCCUPIED,LEAVING,0.7417422806945715
1074.0,cctv1,C1_S006,G006,EMPTY,MANEUVERING,0.0750112857737324
1074.0,cctv2,C2_S001,G007,OCCUPIED,OCCUPIED,0.7958620681004092
1074.0,cctv2,C2_S002,G008,OCCUPIED,OCCUPIED,0.8328935731541027
1074.0,cctv2,C2_S003,G009,EMPTY,EMPTY,0.01
1074.0,cctv2,C2_S004,G010,OCCUPIED,OCCUPIED,0.7955106783996929
1074.0,cctv2,C2_S005,G001,EMPTY,EMPTY,0.01
1074.0,cctv2,C2_S006,G003,OCCUPIED,OCCUPIED,0.8166884880174291
1074.0,cctv2,C2_S007,G004,OCCUPIED,OCCUPIED,0.7938608199357987
1074.0,cctv2,C2_S008,G006,OCCUPIED,OCCUPIED,0.7604702835733241
1074.0,cctv2,C2_S009,G005,OCCUPIED,OCCUPIED,0.7853116895664822
1074.0,cctv2,C2_S010,G002,EMPTY,EMPTY,0.01
1074.0,cctv2,C2_S011,G017,OCCUPIED,OCCUPIED,0.7990643671967768
1074.0,cctv2,C2_S012,G018,OCCUPIED,OCCUPIED,0.7597525541077961
1074.0,cctv2,C2_S013,G019,OCCUPIED,OCCUPIED,0.8180704661390998
1074.0,cctv2,C2_S014,G020,EMPTY,EMPTY,0.01
1074.0,cctv3,C3_S001,G021,OCCUPIED,OCCUPIED,0.7818451957269149
1074.0,cctv3,C3_S002,G019,EMPTY,EMPTY,0.01
1074.0,cctv3,C3_S003,G020,OCCUPIED,LEAVING,0.8000962219455026
1074.0,cctv3,C3_S004,G024,OCCUPIED,OCCUPIED,0.8280459623445164
1074.0,cctv3,C3_S005,G025,OCCUPIED,OCCUPIED,0.8225794066082348
1074.0,cctv3,C3_S006,G026,OCCUPIED,OCCUPIED,0.8249777224930851
1074.0,cctv3,C3_S007,G027,EMPTY,EMPTY,0.01
1074.0,cctv3,C3_S008,G028,EMPTY,EMPTY,0.01
1074.0,cctv3,C3_S009,G029,EMPTY,EMPTY,0.01
1074.0,cctv3,C3_S010,G007,OCCUPIED,OCCUPIED,0.51
1074.0,cctv3,C3_S011,G008,OCCUPIED,OCCUPIED,0.7948926251042974
1074.0,cctv3,C3_S012,G009,OCCUPIED,OCCUPIED,0.8242324577136474
1075.0,cctv1,C1_S001,G001,OCCUPIED,OCCUPIED,0.7260922370986506
1075.0,cctv1,C1_S002,G002,EMPTY,EMPTY,0.01
1075.0,cctv1,C1_S003,G003,OCCUPIED,OCCUPIED,0.8369459561326288
1075.0,cctv1,C1_S004,G004,OCCUPIED,OCCUPIED,0.7702607744119385
1075.0,cctv1,C1_S005,G005,OCCUPIED,LEAVING,0.7403906147859314
1075.0,cctv1,C1_S006,G006,EMPTY,MANEUVERING,0.0750112857737324
1075.0,cctv2,C2_S001,G007,OCCUPIED,OCCUPIED,0.7954200319268487
1075.0,cctv2,C2_S002,G008,OCCUPIED,OCCUPIED,0.8326772700656545
1075.0,cctv2,C2_S003,G009,EMPTY,EMPTY,0.01
1075.0,cctv2,C2_S004,G010,OCCUPIED,OCCUPIED,0.7943926442753185
1075.0,cctv2,C2_S005,G001,EMPTY,EMPTY,0.01
1075.0,cctv2,C2_S006,G003,OCCUPIED,OCCUPIED,0.8168070579116995
1075.0,cctv2,C2_S007,G004,OCCUPIED,OCCUPIED,0.7925762157548558
1075.0,cctv2,C2_S008,G006,OCCUPIED,OCCUPIED,0.7609338968992234
1075.0,cctv2,C2_S009,G005,OCCUPIED,OCCUPIED,0.7841932994398204
1075.0,cctv2,C2_S010,G002,EMPTY,EMPTY,0.01
1075.0,cctv2,C2_S011,G017,OCCUPIED,OCCUPIED,0.7985391264612025
1075.0,cctv2,C2_S012,G018,OCCUPIED,OCCUPIED,0.758731733398004
1075.0,cctv2,C2_S013,G019,OCCUPIED,OCCUPIED,0.8169244273142382
1075.0,cctv2,C2_S014,G020,EMPTY,EMPTY,0.01
1075.0,cctv3,C3_S001,G021,OCCUPIED,OCCUPIED,0.779362654415044
1075.0,cctv3,C3_S002,G019,EMPTY,EMPTY,0.01
1075.0,cctv3,C3_S003,G020,OCCUPIED,LEAVING,0.7994571986523542
1075.0,cctv3,C3_S004,G024,OCCUPIED,OCCUPIED,0.8281697991219434
1075.0,cctv3,C3_S005,G025,OCCUPIED,OCCUPIED,0.8218412293629214
1075.0,cctv3,C3_S006,G026,OCCUPIED,OCCUPIED,0.8248896728862416
1075.0,cctv3,C3_S007,G027,EMPTY,EMPTY,0.01
1075.0,cctv3,C3_S008,G028,EMPTY,EMPTY,0.01
1075.0,cctv3,C3_S009,G029,EMPTY,EMPTY,0.01
1075.0,cctv3,C3_S010,G007,OCCUPIED,OCCUPIED,0.5144713094288653
1075.0,cctv3,C3_S011,G008,OCCUPIED,OCCUPIED,0.7952181607484818
1075.0,cctv3,C3_S012,G009,OCCUPIED,OCCUPIED,0.8240389956669375
1076.0,cctv1,C1_S001,G001,OCCUPIED,OCCUPIED,0.7263615613633937
1076.0,cctv1,C1_S002,G002,EMPTY,EMPTY,0.01
1076.0,cctv1,C1_S003,G003,OCCUPIED,OCCUPIED,0.8370262882926248
1076.0,cctv1,C1_S004,G004,OCCUPIED,OCCUPIED,0.7712816731496291
1076.0,cctv1,C1_S005,G005,OCCUPIED,LEAVING,0.7410320821404458
1076.0,cctv1,C1_S006,G006,EMPTY,MANEUVERING,0.0750112857737324
1076.0,cctv2,C2_S001,G007,OCCUPIED,OCCUPIED,0.7953618198633194
1076.0,cctv2,C2_S002,G008,OCCUPIED,OCCUPIED,0.8329181836410002
1076.0,cctv2,C2_S003,G009,EMPTY,EMPTY,0.01
1076.0,cctv2,C2_S004,G010,OCCUPIED,OCCUPIED,0.7959262809970162
1076.0,cctv2,C2_S005,G001,EMPTY,EMPTY,0.01
1076.0,cctv2,C2_S006,G003,OCCUPIED,OCCUPIED,0.8164187707684257
1076.0,cctv2,C2_S007,G004,OCCUPIED,OCCUPIED,0.79190524735234
1076.0,cctv2,C2_S008,G006,OCCUPIED,OCCUPIED,0.7586554192683914
1076.0,cctv2,C2_S009,G005,OCCUPIED,OCCUPIED,0.782323455946012
1076.0,cctv2,C2_S010,G002,EMPTY,EMPTY,0.01
1076.0,cctv2,C2_S011,G017,OCCUPIED,OCCUPIED,0.8001025178215722
1076.0,cctv2,C2_S012,G018,OCCUPIED,OCCUPIED,0.7580308266661384
1076.0,cctv2,C2_S013,G019,OCCUPIED,OCCUPIED,0.8162065755237233
1076.0,cctv2,C2_S014,G020,EMPTY,EMPTY,0.01
1076.0,cctv3,C3_S001,G021,OCCUPIED,OCCUPIED,0.7761889996853742
1076.0,cctv3,C3_S002,G019,EMPTY,EMPTY,0.01
1076.0,cctv3,C3_S003,G020,OCCUPIED,LEAVING,0.7971196185458791
1076.0,cctv3,C3_S004,G024,OCCUPIED,OCCUPIED,0.8281157469207591
1076.0,cctv3,C3_S005,G025,OCCUPIED,OCCUPIED,0.8218805513598703
1076.0,cctv3,C3_S006,G026,OCCUPIED,OCCUPIED,0.8248108703981747
1076.0,cctv3,C3_S007,G027,EMPTY,EMPTY,0.01
1076.0,cctv3,C3_S008,G028,EMPTY,EMPTY,0.01
1076.0,cctv3,C3_S009,G029,EMPTY,EMPTY,0.01
1076.0,cctv3,C3_S010,G007,OCCUPIED,OCCUPIED,0.5514000867849046
1076.0,cctv3,C3_S011,G008,OCCUPIED,OCCUPIED,0.7963121687824076
1076.0,cctv3,C3_S012,G009,OCCUPIED,OCCUPIED,0.8242796483364973
1077.0,cctv1,C1_S001,G001,OCCUPIED,OCCUPIED,0.725372512028976
1077.0,cctv1,C1_S002,G002,EMPTY,EMPTY,0.01
1077.0,cctv1,C1_S003,G003,OCCUPIED,OCCUPIED,0.8370503257621419
1077.0,cctv1,C1_S004,G004,OCCUPIED,OCCUPIED,0.7727675190026111
1077.0,cctv1,C1_S005,G005,OCCUPIED,LEAVING,0.741939762397246
1077.0,cctv1,C1_S006,G006,EMPTY,MANEUVERING,0.0750112857737324
1077.0,cctv2,C2_S001,G007,OCCUPIED,OCCUPIED,0.7959347551519221
1077.0,cctv2,C2_S002,G008,OCCUPIED,OCCUPIED,0.8328853729096326
1077.0,cctv2,C2_S003,G009,EMPTY,EMPTY,0.01
1077.0,cctv2,C2_S004,G010,OCCUPIED,OCCUPIED,0.7961503787474199
1077.0,cctv2,C2_S005,G001,EMPTY,EMPTY,0.01
1077.0,cctv2,C2_S006,G003,OCCUPIED,OCCUPIED,0.8161093267527494
1077.0,cctv2,C2_S007,G004,OCCUPIED,OCCUPIED,0.7909606538035654
1077.0,cctv2,C2_S008,G006,OCCUPIED,OCCUPIED,0.7582996506582608
1077.0,cctv2,C2_S009,G005,OCCUPIED,OCCUPIED,0.7811319114132361
1077.0,cctv2,C2_S010,G002,EMPTY,EMPTY,0.01
1077.0,cctv2,C2_S011,G017,OCCUPIED,OCCUPIED,0.8007143687118184
1077.0,cctv2,C2_S012,G018,OCCUPIED,LEAVING,0.7590387809005651
1077.0,cctv2,C2_S013,G019,OCCUPIED,LEAVING,0.7230652394077995
1077.0,cctv2,C2_S014,G020,EMPTY,EMPTY,0.01
1077.0,cctv3,C3_S001,G021,OCCUPIED,OCCUPIED,0.7738943471149965
1077.0,cctv3,C3_S002,G019,EMPTY,EMPTY,0.01
1077.0,cctv3,C3_S003,G020,OCCUPIED,LEAVING,0.7971330027688635
1077.0,cctv3,C3_S004,G024,OCCUPIED,OCCUPIED,0.8281625929203901
1077.0,cctv3,C3_S005,G025,OCCUPIED,OCCUPIED,0.8220030429688368
1077.0,cctv3,C3_S006,G026,OCCUPIED,OCCUPIED,0.8246560004624455
1077.0,cctv3,C3_S007,G027,EMPTY,EMPTY,0.01
1077.0,cctv3,C3_S008,G028,EMPTY,EMPTY,0.01
1077.0,cctv3,C3_S009,G029,EMPTY,EMPTY,0.01
1077.0,cctv3,C3_S010,G007,OCCUPIED,LEAVING,0.51
1077.0,cctv3,C3_S011,G008,OCCUPIED,OCCUPIED,0.7967356912114404
1077.0,cctv3,C3_S012,G009,OCCUPIED,OCCUPIED,0.8241409691897306
1078.0,cctv1,C1_S001,G001,OCCUPIED,OCCUPIED,0.7258409716188908
1078.0,cctv1,C1_S002,G002,EMPTY,EMPTY,0.01
1078.0,cctv1,C1_S003,G003,OCCUPIED,OCCUPIED,0.8370909441601146
1078.0,cctv1,C1_S004,G004,OCCUPIED,OCCUPIED,0.7745110373605382
1078.0,cctv1,C1_S005,G005,OCCUPIED,LEAVING,0.7425593254512007
1078.0,cctv1,C1_S006,G006,EMPTY,MANEUVERING,0.0750112857737324
1078.0,cctv2,C2_S001,G007,OCCUPIED,OCCUPIED,0.7947310886599801
1078.0,cctv2,C2_S002,G008,OCCUPIED,OCCUPIED,0.8321737292138014
1078.0,cctv2,C2_S003,G009,EMPTY,MANEUVERING,0.2517036346684803
1078.0,cctv2,C2_S004,G010,OCCUPIED,OCCUPIED,0.7959948057478126
1078.0,cctv2,C2_S005,G001,EMPTY,EMPTY,0.01
1078.0,cctv2,C2_S006,G003,OCCUPIED,OCCUPIED,0.81595671962608
1078.0,cctv2,C2_S007,G004,OCCUPIED,OCCUPIED,0.7899496747688814
1078.0,cctv2,C2_S008,G006,OCCUPIED,OCCUPIED,0.7545936650173232
1078.0,cctv2,C2_S009,G005,OCCUPIED,OCCUPIED,0.7784124062819915
1078.0,cctv2,C2_S010,G002,EMPTY,EMPTY,0.01
1078.0,cctv2,C2_S011,G017,OCCUPIED,OCCUPIED,0.8003869644620203
1078.0,cctv2,C2_S012,G018,OCCUPIED,LEAVING,0.7576364342461933
1078.0,cctv2,C2_S013,G019,OCCUPIED,LEAVING,0.7199034129760482
1078.0,cctv2,C2_S014,G020,EMPTY,EMPTY,0.01
1078.0,cctv3,C3_S001,G021,OCCUPIED,OCCUPIED,0.7714102797887543
1078.0,cctv3,C3_S002,G019,EMPTY,EMPTY,0.01
1078.0,cctv3,C3_S003,G020,OCCUPIED,LEAVING,0.7973934021863072
1078.0,cctv3,C3_S004,G024,OCCUPIED,OCCUPIED,0.8281115017154
1078.0,cctv3,C3_S005,G025,OCCUPIED,OCCUPIED,0.8221946786750447
1078.0,cctv3,C3_S006,G026,OCCUPIED,OCCUPIED,0.8247614129023119
1078.0,cctv3,C3_S007,G027,EMPTY,EMPTY,0.01
1078.0,cctv3,C3_S008,G028,EMPTY,EMPTY,0.01
1078.0,cctv3,C3_S009,G029,EMPTY,MANEUVERING,0.1561240664612163
1078.0,cctv3,C3_S010,G007,OCCUPIED,LEAVING,0.51
1078.0,cctv3,C3_S011,G008,OCCUPIED,OCCUPIED,0.7973777868530968
1078.0,cctv3,C3_S012,G009,OCCUPIED,OCCUPIED,0.8240496464750984
1079.0,cctv1,C1_S001,G001,OCCUPIED,OCCUPIED,0.7266238698227839
1079.0,cctv1,C1_S002,G002,EMPTY,EMPTY,0.01
1079.0,cctv1,C1_S003,G003,OCCUPIED,OCCUPIED,0.8371511841362174
1079.0,cctv1,C1_S004,G004,OCCUPIED,OCCUPIED,0.7762445807456971
1079.0,cctv1,C1_S005,G005,OCCUPIED,LEAVING,0.7546040799130094
1079.0,cctv1,C1_S006,G006,EMPTY,EMPTY,0.01
1079.0,cctv2,C2_S001,G007,OCCUPIED,OCCUPIED,0.7947619657624853
1079.0,cctv2,C2_S002,G008,OCCUPIED,OCCUPIED,0.8320508905432442
1079.0,cctv2,C2_S003,G009,EMPTY,MANEUVERING,0.2517036346684803
1079.0,cctv2,C2_S004,G010,OCCUPIED,OCCUPIED,0.7949597713622181
1079.0,cctv2,C2_S005,G001,EMPTY,EMPTY,0.01
1079.0,cctv2,C2_S006,G003,OCCUPIED,OCCUPIED,0.8160644111308185
1079.0,cctv2,C2_S007,G004,OCCUPIED,OCCUPIED,0.7892283734950153
1079.0,cctv2,C2_S008,G006,OCCUPIED,OCCUPIED,0.7528817662461238
1079.0,cctv2,C2_S009,G005,OCCUPIED,OCCUPIED,0.7772447740489787
1079.0,cctv2,C2_S010,G002,EMPTY,EMPTY,0.01
1079.0,cctv2,C2_S011,G017,OCCUPIED,OCCUPIED,0.8002062567255714
1079.0,cctv2,C2_S012,G018,OCCUPIED,LEAVING,0.7566182774576274
1079.0,cctv2,C2_S013,G019,OCCUPIED,LEAVING,0.7139597839794376
1079.0,cctv2,C2_S014,G020,EMPTY,EMPTY,0.01
1079.0,cctv3,C3_S001,G021,OCCUPIED,OCCUPIED,0.7722909254106609
1079.0,cctv3,C3_S002,G019,EMPTY,EMPTY,0.01
1079.0,cctv3,C3_S003,G020,OCCUPIED,LEAVING,0.7957410951906985
1079.0,cctv3,C3_S004,G024,OCCUPIED,OCCUPIED,0.8278513875874607
1079.0,cctv3,C3_S005,G025,OCCUPIED,OCCUPIED,0.8228528570045125
1079.0,cctv3,C3_S006,G026,OCCUPIED,OCCUPIED,0.8249255210161209
1079.0,cctv3,C3_S007,G027,EMPTY,EMPTY,0.01
1079.0,cctv3,C3_S008,G028,EMPTY,EMPTY,0.01
1079.0,cctv3,C3_S009,G029,EMPTY,MANEUVERING,0.1561240664612163
1079.0,cctv3,C3_S010,G007,OCCUPIED,LEAVING,0.51
1079.0,cctv3,C3_S011,G008,OCCUPIED,OCCUPIED,0.7968691928820177
1079.0,cctv3,C3_S012,G009,OCCUPIED,OCCUPIED,0.82419192628427
1080.0,cctv1,C1_S001,G001,OCCUPIED,OCCUPIED,0.7267269997434184
1080.0,cctv1,C1_S002,G002,EMPTY,EMPTY,0.01
1080.0,cctv1,C1_S003,G003,OCCUPIED,OCCUPIED,0.8371841834350067
1080.0,cctv1,C1_S004,G004,OCCUPIED,OCCUPIED,0.7759307338432833
1080.0,cctv1,C1_S005,G005,OCCUPIED,LEAVING,0.7559941891919484
1080.0,cctv1,C1_S006,G006,EMPTY,MANEUVERING,0.2357766685973514
1080.0,cctv2,C2_S001,G007,OCCUPIED,OCCUPIED,0.7944082978096876
1080.0,cctv2,C2_S002,G008,OCCUPIED,OCCUPIED,0.8317514072765004
1080.0,cctv2,C2_S003,G009,EMPTY,MANEUVERING,0.2517036346684803
1080.0,cctv2,C2_S004,G010,OCCUPIED,OCCUPIED,0.7950963787057184
1080.0,cctv2,C2_S005,G001,EMPTY,EMPTY,0.01
1080.0,cctv2,C2_S006,G003,OCCUPIED,OCCUPIED,0.8165920300917192
1080.0,cctv2,C2_S007,G004,OCCUPIED,OCCUPIED,0.7890854914080013
1080.0,cctv2,C2_S008,G006,OCCUPIED,OCCUPIED,0.7531220348721201
1080.0,cctv2,C2_S009,G005,OCCUPIED,OCCUPIED,0.7750230718742718
1080.0,cctv2,C2_S010,G002,EMPTY,EMPTY,0.01
1080.0,cctv2,C2_S011,G017,OCCUPIED,OCCUPIED,0.8004559923302044
1080.0,cctv2,C2_S012,G018,OCCUPIED,LEAVING,0.7535146161913873
1080.0,cctv2,C2_S013,G019,OCCUPIED,LEAVING,0.709968933232806
1080.0,cctv2,C2_S014,G020,EMPTY,EMPTY,0.01
1080.0,cctv3,C3_S001,G021,OCCUPIED,OCCUPIED,0.7717782841487365
1080.0,cctv3,C3_S002,G019,EMPTY,EMPTY,0.01
1080.0,cctv3,C3_S003,G020,OCCUPIED,LEAVING,0.7940133079886437
1080.0,cctv3,C3_S004,G024,OCCUPIED,OCCUPIED,0.8278357096693734
1080.0,cctv3,C3_S005,G025,OCCUPIED,OCCUPIED,0.8236882708289407
1080.0,cctv3,C3_S006,G026,OCCUPIED,OCCUPIED,0.824819134853103
1080.0,cctv3,C3_S007,G027,EMPTY,EMPTY,0.01
1080.0,cctv3,C3_S008,G028,EMPTY,EMPTY,0.01
1080.0,cctv3,C3_S009,G029,EMPTY,MANEUVERING,0.1521240664612163
1080.0,cctv3,C3_S010,G007,OCCUPIED,LEAVING,0.51
1080.0,cctv3,C3_S011,G008,OCCUPIED,OCCUPIED,0.796475040641698
1080.0,cctv3,C3_S012,G009,OCCUPIED,OCCUPIED,0.8247971212322063
1081.0,cctv1,C1_S001,G001,OCCUPIED,OCCUPIED,0.7269093692302705
1081.0,cctv1,C1_S002,G002,EMPTY,EMPTY,0.01
1081.0,cctv1,C1_S003,G003,OCCUPIED,OCCUPIED,0.837222137505358
1081.0,cctv1,C1_S004,G004,OCCUPIED,OCCUPIED,0.7781967111609199
1081.0,cctv1,C1_S005,G005,OCCUPIED,LEAVING,0.7574164195494218
1081.0,cctv1,C1_S006,G006,EMPTY,MANEUVERING,0.3157230659506537
1081.0,cctv2,C2_S001,G007,OCCUPIED,OCCUPIED,0.7944677274335515
1081.0,cctv2,C2_S002,G008,OCCUPIED,OCCUPIED,0.8312827847220682
1081.0,cctv2,C2_S003,G009,EMPTY,MANEUVERING,0.2517036346684803
1081.0,cctv2,C2_S004,G010,OCCUPIED,OCCUPIED,0.7928268348628825
1081.0,cctv2,C2_S005,G001,EMPTY,EMPTY,0.01
1081.0,cctv2,C2_S006,G003,OCCUPIED,OCCUPIED,0.8167028459635648
1081.0,cctv2,C2_S007,G004,OCCUPIED,OCCUPIED,0.7883547934618864
1081.0,cctv2,C2_S008,G006,OCCUPIED,OCCUPIED,0.7521913172846492
1081.0,cctv2,C2_S009,G005,OCCUPIED,OCCUPIED,0.7745363972403787
1081.0,cctv2,C2_S010,G002,EMPTY,EMPTY,0.01
1081.0,cctv2,C2_S011,G017,OCCUPIED,OCCUPIED,0.8008072170344267
1081.0,cctv2,C2_S012,G018,OCCUPIED,LEAVING,0.7514227682893927
1081.0,cctv2,C2_S013,G019,OCCUPIED,LEAVING,0.7521073049984196
1081.0,cctv2,C2_S014,G020,EMPTY,EMPTY,0.01
1081.0,cctv3,C3_S001,G021,OCCUPIED,OCCUPIED,0.7715965596112339
1081.0,cctv3,C3_S002,G019,EMPTY,EMPTY,0.01
1081.0,cctv3,C3_S003,G020,OCCUPIED,LEAVING,0.792934990877455
1081.0,cctv3,C3_S004,G024,OCCUPIED,OCCUPIED,0.8275948229161176
1081.0,cctv3,C3_S005,G025,OCCUPIED,OCCUPIED,0.8252093515612863
1081.0,cctv3,C3_S006,G026,OCCUPIED,OCCUPIED,0.8248323183168065
1081.0,cctv3,C3_S007,G027,EMPTY,EMPTY,0.01
1081.0,cctv3,C3_S008,G028,EMPTY,EMPTY,0.01
1081.0,cctv3,C3_S009,G029,EMPTY,MANEUVERING,0.1521240664612163
1081.0,cctv3,C3_S010,G007,OCCUPIED,LEAVING,0.51
1081.0,cctv3,C3_S011,G008,OCCUPIED,OCCUPIED,0.7958831169388512
1081.0,cctv3,C3_S012,G009,OCCUPIED,OCCUPIED,0.8251926064491273
1082.0,cctv1,C1_S001,G001,OCCUPIED,OCCUPIED,0.7264828998256814
1082.0,cctv1,C1_S002,G002,EMPTY,EMPTY,0.01
1082.0,cctv1,C1_S003,G003,OCCUPIED,OCCUPIED,0.8374031858010726
1082.0,cctv1,C1_S004,G004,OCCUPIED,OCCUPIED,0.7790396510200067
1082.0,cctv1,C1_S005,G005,OCCUPIED,OCCUPIED,0.7583718813278459
1082.0,cctv1,C1_S006,G006,EMPTY,MANEUVERING,0.3157230659506537
1082.0,cctv2,C2_S001,G007,OCCUPIED,OCCUPIED,0.7947457522153855
1082.0,cctv2,C2_S002,G008,OCCUPIED,OCCUPIED,0.8306179049340162
1082.0,cctv2,C2_S003,G009,EMPTY,MANEUVERING,0.2067036346684802
1082.0,cctv2,C2_S004,G010,OCCUPIED,OCCUPIED,0.7922228859229522
1082.0,cctv2,C2_S005,G001,EMPTY,EMPTY,0.01
1082.0,cctv2,C2_S006,G003,OCCUPIED,OCCUPIED,0.8166095977479761
1082.0,cctv2,C2_S007,G004,OCCUPIED,OCCUPIED,0.7870041329752315
1082.0,cctv2,C2_S008,G006,OCCUPIED,OCCUPIED,0.7505547690797937
1082.0,cctv2,C2_S009,G005,OCCUPIED,OCCUPIED,0.7725433269684966
1082.0,cctv2,C2_S010,G002,EMPTY,EMPTY,0.01
1082.0,cctv2,C2_S011,G017,OCCUPIED,OCCUPIED,0.801337126439268
1082.0,cctv2,C2_S012,G018,OCCUPIED,LEAVING,0.7502065604383296
1082.0,cctv2,C2_S013,G019,OCCUPIED,LEAVING,0.7446926667473533
1082.0,cctv2,C2_S014,G020,EMPTY,EMPTY,0.01
1082.0,cctv3,C3_S001,G021,OCCUPIED,OCCUPIED,0.771939971365712
1082.0,cctv3,C3_S002,G019,EMPTY,EMPTY,0.01
1082.0,cctv3,C3_S003,G020,OCCUPIED,LEAVING,0.7918766009536657
1082.0,cctv3,C3_S004,G024,OCCUPIED,OCCUPIED,0.8275421882217582
1082.0,cctv3,C3_S005,G025,OCCUPIED,OCCUPIED,0.8253422412005338
1082.0,cctv3,C3_S006,G026,OCCUPIED,OCCUPIED,0.8248160405592485
1082.0,cctv3,C3_S007,G027,EMPTY,EMPTY,0.01
1082.0,cctv3,C3_S008,G028,EMPTY,EMPTY,0.01
1082.0,cctv3,C3_S009,G029,EMPTY,MANEUVERING,0.1071240664612163
1082.0,cctv3,C3_S010,G007,OCCUPIED,LEAVING,0.51
1082.0,cctv3,C3_S011,G008,OCCUPIED,OCCUPIED,0.7958833680911498
1082.0,cctv3,C3_S012,G009,OCCUPIED,OCCUPIED,0.8251563381065022
1083.0,cctv1,C1_S001,G001,OCCUPIED,OCCUPIED,0.72681376575069
1083.0,cctv1,C1_S002,G002,EMPTY,EMPTY,0.01
1083.0,cctv1,C1_S003,G003,OCCUPIED,OCCUPIED,0.8374358120289717
1083.0,cctv1,C1_S004,G004,OCCUPIED,OCCUPIED,0.7781706136736004
1083.0,cctv1,C1_S005,G005,OCCUPIED,OCCUPIED,0.7571075180714781
1083.0,cctv1,C1_S006,G006,EMPTY,MANEUVERING,0.3157230659506537
1083.0,cctv2,C2_S001,G007,OCCUPIED,OCCUPIED,0.7946772746064447
1083.0,cctv2,C2_S002,G008,OCCUPIED,OCCUPIED,0.8303725380789151
1083.0,cctv2,C2_S003,G009,EMPTY,MANEUVERING,0.2067036346684802
1083.0,cctv2,C2_S004,G010,OCCUPIED,OCCUPIED,0.7926584287123247
1083.0,cctv2,C2_S005,G001,EMPTY,EMPTY,0.01
1083.0,cctv2,C2_S006,G003,OCCUPIED,OCCUPIED,0.8167118468067863
1083.0,cctv2,C2_S007,G004,OCCUPIED,OCCUPIED,0.7865753680467606
1083.0,cctv2,C2_S008,G006,OCCUPIED,OCCUPIED,0.7493941146541726
1083.0,cctv2,C2_S009,G005,OCCUPIED,OCCUPIED,0.7729843723503027
1083.0,cctv2,C2_S010,G002,EMPTY,EMPTY,0.01
1083.0,cctv2,C2_S011,G017,OCCUPIED,OCCUPIED,0.8022911020300606
1083.0,cctv2,C2_S012,G018,OCCUPIED,LEAVING,0.7489567095583136
1083.0,cctv2,C2_S013,G019,OCCUPIED,LEAVING,0.7435765271566132
1083.0,cctv2,C2_S014,G020,EMPTY,EMPTY,0.01
1083.0,cctv3,C3_S001,G021,OCCUPIED,OCCUPIED,0.7693793680180203
1083.0,cctv3,C3_S002,G019,EMPTY,EMPTY,0.01
1083.0,cctv3,C3_S003,G020,OCCUPIED,LEAVING,0.7925423008474437
1083.0,cctv3,C3_S004,G024,OCCUPIED,OCCUPIED,0.8275193918835033
1083.0,cctv3,C3_S005,G025,OCCUPIED,OCCUPIED,0.8260445784438741
1083.0,cctv3,C3_S006,G026,OCCUPIED,OCCUPIED,0.82476996996186
1083.0,cctv3,C3_S007,G027,EMPTY,EMPTY,0.01
1083.0,cctv3,C3_S008,G028,EMPTY,EMPTY,0.01
1083.0,cctv3,C3_S009,G029,EMPTY,MANEUVERING,0.1071240664612163
1083.0,cctv3,C3_S010,G007,OCCUPIED,LEAVING,0.51
1083.0,cctv3,C3_S011,G008,OCCUPIED,OCCUPIED,0.7955523249777882
1083.0,cctv3,C3_S012,G009,OCCUPIED,OCCUPIED,0.8252426231449301
1084.0,cctv1,C1_S001,G001,OCCUPIED,OCCUPIED,0.7253816256468947
1084.0,cctv1,C1_S002,G002,EMPTY,EMPTY,0.01
1084.0,cctv1,C1_S003,G003,OCCUPIED,OCCUPIED,0.8374319845979865
1084.0,cctv1,C1_S004,G004,OCCUPIED,OCCUPIED,0.7772016701373188
1084.0,cctv1,C1_S005,G005,OCCUPIED,LEAVING,0.7561706338416447
1084.0,cctv1,C1_S006,G006,EMPTY,MANEUVERING,0.3527492392334071
1084.0,cctv2,C2_S001,G007,OCCUPIED,OCCUPIED,0.7958942082795231
1084.0,cctv2,C2_S002,G008,OCCUPIED,OCCUPIED,0.8300612205808814
1084.0,cctv2,C2_S003,G009,EMPTY,MANEUVERING,0.2067036346684802
1084.0,cctv2,C2_S004,G010,OCCUPIED,OCCUPIED,0.7936491968956861
1084.0,cctv2,C2_S005,G001,EMPTY,EMPTY,0.01
1084.0,cctv2,C2_S006,G003,OCCUPIED,OCCUPIED,0.8167797123843974
1084.0,cctv2,C2_S007,G004,OCCUPIED,OCCUPIED,0.786577322808179
1084.0,cctv2,C2_S008,G006,OCCUPIED,OCCUPIED,0.7499033543873918
1084.0,cctv2,C2_S009,G005,OCCUPIED,OCCUPIED,0.7747863965955648
1084.0,cctv2,C2_S010,G002,EMPTY,EMPTY,0.01
1084.0,cctv2,C2_S011,G017,OCCUPIED,OCCUPIED,0.8024741229685871
1084.0,cctv2,C2_S012,G018,OCCUPIED,LEAVING,0.7494250342249871
1084.0,cctv2,C2_S013,G019,OCCUPIED,LEAVING,0.7452226676724175
1084.0,cctv2,C2_S014,G020,EMPTY,EMPTY,0.01
1084.0,cctv3,C3_S001,G021,OCCUPIED,OCCUPIED,0.7678232397545468
1084.0,cctv3,C3_S002,G019,EMPTY,EMPTY,0.01
1084.0,cctv3,C3_S003,G020,OCCUPIED,LEAVING,0.792839255522598
1084.0,cctv3,C3_S004,G024,OCCUPIED,OCCUPIED,0.8275849336927588
1084.0,cctv3,C3_S005,G025,OCCUPIED,OCCUPIED,0.8260925241492012
1084.0,cctv3,C3_S006,G026,OCCUPIED,OCCUPIED,0.8248274846510454
1084.0,cctv3,C3_S007,G027,EMPTY,EMPTY,0.01
1084.0,cctv3,C3_S008,G028,EMPTY,EMPTY,0.01
1084.0,cctv3,C3_S009,G029,EMPTY,MANEUVERING,0.1111240664612163
1084.0,cctv3,C3_S010,G007,OCCUPIED,LEAVING,0.51
1084.0,cctv3,C3_S011,G008,OCCUPIED,OCCUPIED,0.7957644161852924
1084.0,cctv3,C3_S012,G009,OCCUPIED,OCCUPIED,0.825383140824058
1085.0,cctv1,C1_S001,G001,OCCUPIED,OCCUPIED,0.725393952226097
1085.0,cctv1,C1_S002,G002,EMPTY,EMPTY,0.01
1085.0,cctv1,C1_S003,G003,OCCUPIED,OCCUPIED,0.8373164130882784
1085.0,cctv1,C1_S004,G004,OCCUPIED,OCCUPIED,0.7758858986876228
1085.0,cctv1,C1_S005,G005,OCCUPIED,LEAVING,0.7557186060331085
1085.0,cctv1,C1_S006,G006,EMPTY,MANEUVERING,0.2777492392334071
1085.0,cctv2,C2_S001,G007,OCCUPIED,OCCUPIED,0.7963276556947015
1085.0,cctv2,C2_S002,G008,OCCUPIED,OCCUPIED,0.8289144502444701
1085.0,cctv2,C2_S003,G009,EMPTY,MANEUVERING,0.2764899751476266
1085.0,cctv2,C2_S004,G010,OCCUPIED,OCCUPIED,0.7955035713585941
1085.0,cctv2,C2_S005,G001,EMPTY,EMPTY,0.01
1085.0,cctv2,C2_S006,G003,OCCUPIED,OCCUPIED,0.8171900952404196
1085.0,cctv2,C2_S007,G004,OCCUPIED,OCCUPIED,0.7863446679982273
1085.0,cctv2,C2_S008,G006,OCCUPIED,OCCUPIED,0.7502018383280799
1085.0,cctv2,C2_S009,G005,OCCUPIED,OCCUPIED,0.7757003564726224
1085.0,cctv2,C2_S010,G002,EMPTY,EMPTY,0.01
1085.0,cctv2,C2_S011,G017,OCCUPIED,OCCUPIED,0.8040030105547472
1085.0,cctv2,C2_S012,G018,OCCUPIED,LEAVING,0.7499443517489868
1085.0,cctv2,C2_S013,G019,OCCUPIED,LEAVING,0.7451692970774392
1085.0,cctv2,C2_S014,G020,EMPTY,EMPTY,0.01
1085.0,cctv3,C3_S001,G021,OCCUPIED,OCCUPIED,0.769050179692832
1085.0,cctv3,C3_S002,G019,EMPTY,EMPTY,0.01
1085.0,cctv3,C3_S003,G020,OCCUPIED,LEAVING,0.7928897899660198
1085.0,cctv3,C3_S004,G024,OCCUPIED,OCCUPIED,0.8277390192855489
1085.0,cctv3,C3_S005,G025,OCCUPIED,OCCUPIED,0.8268464370207353
1085.0,cctv3,C3_S006,G026,OCCUPIED,OCCUPIED,0.8249651990153574
1085.0,cctv3,C3_S007,G027,EMPTY,EMPTY,0.01
1085.0,cctv3,C3_S008,G028,EMPTY,EMPTY,0.01
1085.0,cctv3,C3_S009,G029,EMPTY,MANEUVERING,0.1071240664612163
1085.0,cctv3,C3_S010,G007,OCCUPIED,LEAVING,0.51
1085.0,cctv3,C3_S011,G008,OCCUPIED,OCCUPIED,0.7964007418264043
1085.0,cctv3,C3_S012,G009,OCCUPIED,OCCUPIED,0.8253452777862549
1086.0,cctv1,C1_S001,G001,OCCUPIED,OCCUPIED,0.7255689133297314
1086.0,cctv1,C1_S002,G002,EMPTY,EMPTY,0.01
1086.0,cctv1,C1_S003,G003,OCCUPIED,OCCUPIED,0.8370165908878501
1086.0,cctv1,C1_S004,G004,OCCUPIED,OCCUPIED,0.7769706742330031
1086.0,cctv1,C1_S005,G005,OCCUPIED,LEAVING,0.7564405660737645
1086.0,cctv1,C1_S006,G006,EMPTY,MANEUVERING,0.2597492392334071
1086.0,cctv2,C2_S001,G007,OCCUPIED,OCCUPIED,0.7965691187165
1086.0,cctv2,C2_S002,G008,OCCUPIED,OCCUPIED,0.8283069364049218
1086.0,cctv2,C2_S003,G009,EMPTY,MANEUVERING,0.2764899751476266
1086.0,cctv2,C2_S004,G010,OCCUPIED,OCCUPIED,0.7958342576568778
1086.0,cctv2,C2_S005,G001,EMPTY,EMPTY,0.01
1086.0,cctv2,C2_S006,G003,OCCUPIED,OCCUPIED,0.8172347247600555
1086.0,cctv2,C2_S007,G004,OCCUPIED,OCCUPIED,0.7870431924408133
1086.0,cctv2,C2_S008,G006,OCCUPIED,OCCUPIED,0.750108842890371
1086.0,cctv2,C2_S009,G005,OCCUPIED,OCCUPIED,0.7769107406789607
1086.0,cctv2,C2_S010,G002,EMPTY,EMPTY,0.01
1086.0,cctv2,C2_S011,G017,OCCUPIED,OCCUPIED,0.8044238914142956
1086.0,cctv2,C2_S012,G018,OCCUPIED,LEAVING,0.7501240089535713
1086.0,cctv2,C2_S013,G019,OCCUPIED,LEAVING,0.744823409237645
1086.0,cctv2,C2_S014,G020,EMPTY,EMPTY,0.01
1086.0,cctv3,C3_S001,G021,OCCUPIED,OCCUPIED,0.772783879258416
1086.0,cctv3,C3_S002,G019,EMPTY,EMPTY,0.01
1086.0,cctv3,C3_S003,G020,OCCUPIED,LEAVING,0.7933197114955296
1086.0,cctv3,C3_S004,G024,OCCUPIED,OCCUPIED,0.827721944180402
1086.0,cctv3,C3_S005,G025,OCCUPIED,OCCUPIED,0.8277253644032913
1086.0,cctv3,C3_S006,G026,OCCUPIED,OCCUPIED,0.8250738089734858
1086.0,cctv3,C3_S007,G027,EMPTY,EMPTY,0.01
1086.0,cctv3,C3_S008,G028,EMPTY,EMPTY,0.01
1086.0,cctv3,C3_S009,G029,EMPTY,MANEUVERING,0.1071240664612163
1086.0,cctv3,C3_S010,G007,OCCUPIED,LEAVING,0.51
1086.0,cctv3,C3_S011,G008,OCCUPIED,OCCUPIED,0.795463333346627
1086.0,cctv3,C3_S012,G009,OCCUPIED,OCCUPIED,0.825524058396166
1087.0,cctv1,C1_S001,G001,OCCUPIED,OCCUPIED,0.7255777223543688
1087.0,cctv1,C1_S002,G002,EMPTY,EMPTY,0.01
1087.0,cctv1,C1_S003,G003,OCCUPIED,OCCUPIED,0.8369737738912757
1087.0,cctv1,C1_S004,G004,OCCUPIED,OCCUPIED,0.7751569189808586
1087.0,cctv1,C1_S005,G005,OCCUPIED,LEAVING,0.7561586081981659
1087.0,cctv1,C1_S006,G006,EMPTY,MANEUVERING,0.247749239233407
1087.0,cctv2,C2_S001,G007,OCCUPIED,OCCUPIED,0.7950678643855182
1087.0,cctv2,C2_S002,G008,OCCUPIED,OCCUPIED,0.8279494052583521
1087.0,cctv2,C2_S003,G009,EMPTY,MANEUVERING,0.2764899751476266
1087.0,cctv2,C2_S004,G010,OCCUPIED,OCCUPIED,0.7949081266468222
1087.0,cctv2,C2_S005,G001,EMPTY,EMPTY,0.01
1087.0,cctv2,C2_S006,G003,OCCUPIED,OCCUPIED,0.8176338634707712
1087.0,cctv2,C2_S007,G004,OCCUPIED,OCCUPIED,0.7878971460190687
1087.0,cctv2,C2_S008,G006,OCCUPIED,OCCUPIED,0.7525199801407078
1087.0,cctv2,C2_S009,G005,OCCUPIED,OCCUPIED,0.7779781314459715
1087.0,cctv2,C2_S010,G002,EMPTY,EMPTY,0.01
1087.0,cctv2,C2_S011,G017,OCCUPIED,OCCUPIED,0.8041355222463609
1087.0,cctv2,C2_S012,G018,OCCUPIED,LEAVING,0.7505599049004642
1087.0,cctv2,C2_S013,G019,OCCUPIED,LEAVING,0.7450711443207482
1087.0,cctv2,C2_S014,G020,EMPTY,EMPTY,0.01
1087.0,cctv3,C3_S001,G021,OCCUPIED,OCCUPIED,0.7746488801457666
1087.0,cctv3,C3_S002,G019,EMPTY,EMPTY,0.01
1087.0,cctv3,C3_S003,G020,OCCUPIED,LEAVING,0.7955250294371086
1087.0,cctv3,C3_S004,G024,OCCUPIED,OCCUPIED,0.8277786444533956
1087.0,cctv3,C3_S005,G025,OCCUPIED,OCCUPIED,0.8277728525075047
1087.0,cctv3,C3_S006,G026,OCCUPIED,OCCUPIED,0.8251181345094335
1087.0,cctv3,C3_S007,G027,EMPTY,EMPTY,0.01
1087.0,cctv3,C3_S008,G028,EMPTY,EMPTY,0.01
1087.0,cctv3,C3_S009,G029,EMPTY,MANEUVERING,0.1071240664612163
1087.0,cctv3,C3_S010,G007,OCCUPIED,LEAVING,0.51
1087.0,cctv3,C3_S011,G008,OCCUPIED,OCCUPIED,0.7949398035352881
1087.0,cctv3,C3_S012,G009,OCCUPIED,OCCUPIED,0.8252060630104759
1088.0,cctv1,C1_S001,G001,OCCUPIED,OCCUPIED,0.7258677774532275
1088.0,cctv1,C1_S002,G002,EMPTY,EMPTY,0.01
1088.0,cctv1,C1_S003,G003,OCCUPIED,OCCUPIED,0.8369549707932906
1088.0,cctv1,C1_S004,G004,OCCUPIED,OCCUPIED,0.7743722785602917
1088.0,cctv1,C1_S005,G005,OCCUPIED,LEAVING,0.7574400087649172
1088.0,cctv1,C1_S006,G006,EMPTY,MANEUVERING,0.1941778106619785
1088.0,cctv2,C2_S001,G007,OCCUPIED,OCCUPIED,0.7945251836018129
1088.0,cctv2,C2_S002,G008,OCCUPIED,OCCUPIED,0.8269317426464775
1088.0,cctv2,C2_S003,G009,EMPTY,MANEUVERING,0.2764899751476266
1088.0,cctv2,C2_S004,G010,OCCUPIED,OCCUPIED,0.7934528941457922
1088.0,cctv2,C2_S005,G001,EMPTY,EMPTY,0.01
1088.0,cctv2,C2_S006,G003,OCCUPIED,OCCUPIED,0.8178704895756462
1088.0,cctv2,C2_S007,G004,OCCUPIED,OCCUPIED,0.7889398539608176
1088.0,cctv2,C2_S008,G006,OCCUPIED,OCCUPIED,0.7522071654823694
1088.0,cctv2,C2_S009,G005,OCCUPIED,OCCUPIED,0.7791628111492505
1088.0,cctv2,C2_S010,G002,EMPTY,EMPTY,0.01
1088.0,cctv2,C2_S011,G017,OCCUPIED,OCCUPIED,0.8042004918510264
1088.0,cctv2,C2_S012,G018,OCCUPIED,OCCUPIED,0.7480929850177332
1088.0,cctv2,C2_S013,G019,OCCUPIED,LEAVING,0.7946614877744155
1088.0,cctv2,C2_S014,G020,EMPTY,EMPTY,0.01
1088.0,cctv3,C3_S001,G021,OCCUPIED,OCCUPIED,0.7737172026525845
1088.0,cctv3,C3_S002,G019,EMPTY,EMPTY,0.01
1088.0,cctv3,C3_S003,G020,OCCUPIED,LEAVING,0.7945575306361372
1088.0,cctv3,C3_S004,G024,OCCUPIED,OCCUPIED,0.8277713862332432
1088.0,cctv3,C3_S005,G025,OCCUPIED,OCCUPIED,0.8282483984123578
1088.0,cctv3,C3_S006,G026,OCCUPIED,OCCUPIED,0.8254245256835765
1088.0,cctv3,C3_S007,G027,EMPTY,EMPTY,0.01
1088.0,cctv3,C3_S008,G028,EMPTY,EMPTY,0.01
1088.0,cctv3,C3_S009,G029,EMPTY,MANEUVERING,0.1071240664612163
1088.0,cctv3,C3_S010,G007,OCCUPIED,LEAVING,0.51
1088.0,cctv3,C3_S011,G008,OCCUPIED,OCCUPIED,0.7947953194379808
1088.0,cctv3,C3_S012,G009,OCCUPIED,OCCUPIED,0.8254848493771121
1089.0,cctv1,C1_S001,G001,OCCUPIED,OCCUPIED,0.7256365171887659
1089.0,cctv1,C1_S002,G002,EMPTY,EMPTY,0.01
1089.0,cctv1,C1_S003,G003,OCCUPIED,OCCUPIED,0.8369677950035442
1089.0,cctv1,C1_S004,G004,OCCUPIED,OCCUPIED,0.7720267680558293
1089.0,cctv1,C1_S005,G005,OCCUPIED,LEAVING,0.7363886421647939
1089.0,cctv1,C1_S006,G006,EMPTY,MANEUVERING,0.2692078408835964
1089.0,cctv2,C2_S001,G007,OCCUPIED,OCCUPIED,0.7927089070731944
1089.0,cctv2,C2_S002,G008,OCCUPIED,OCCUPIED,0.8263715868646448
1089.0,cctv2,C2_S003,G009,EMPTY,MANEUVERING,0.297669803940437
1089.0,cctv2,C2_S004,G010,OCCUPIED,OCCUPIED,0.7936231510205702
1089.0,cctv2,C2_S005,G001,EMPTY,EMPTY,0.01
1089.0,cctv2,C2_S006,G003,OCCUPIED,OCCUPIED,0.8178978781808507
1089.0,cctv2,C2_S007,G004,OCCUPIED,OCCUPIED,0.7891689308665016
1089.0,cctv2,C2_S008,G006,OCCUPIED,OCCUPIED,0.7543918237090111
1089.0,cctv2,C2_S009,G005,OCCUPIED,OCCUPIED,0.7802855777469548
1089.0,cctv2,C2_S010,G002,EMPTY,EMPTY,0.01
1089.0,cctv2,C2_S011,G017,OCCUPIED,OCCUPIED,0.8042931077155201
1089.0,cctv2,C2_S012,G018,OCCUPIED,OCCUPIED,0.7468011376532642
1089.0,cctv2,C2_S013,G019,OCCUPIED,LEAVING,0.7964891953901811
1089.0,cctv2,C2_S014,G020,EMPTY,EMPTY,0.01
1089.0,cctv3,C3_S001,G021,OCCUPIED,LEAVING,0.7720192785967481
1089.0,cctv3,C3_S002,G019,EMPTY,EMPTY,0.01
1089.0,cctv3,C3_S003,G020,OCCUPIED,LEAVING,0.7957037352702835
1089.0,cctv3,C3_S004,G024,OCCUPIED,OCCUPIED,0.827894538640976
1089.0,cctv3,C3_S005,G025,OCCUPIED,OCCUPIED,0.8281077620658008
1089.0,cctv3,C3_S006,G026,OCCUPIED,OCCUPIED,0.825557951764627
1089.0,cctv3,C3_S007,G027,EMPTY,EMPTY,0.01
1089.0,cctv3,C3_S008,G028,EMPTY,EMPTY,0.01
1089.0,cctv3,C3_S009,G029,EMPTY,EMPTY,0.01
1089.0,cctv3,C3_S010,G007,OCCUPIED,LEAVING,0.51
1089.0,cctv3,C3_S011,G008,OCCUPIED,OCCUPIED,0.7938231934200635
1089.0,cctv3,C3_S012,G009,OCCUPIED,OCCUPIED,0.8258170312101192
1090.0,cctv1,C1_S001,G001,OCCUPIED,OCCUPIED,0.7253433186222207
1090.0,cctv1,C1_S002,G002,EMPTY,EMPTY,0.01
1090.0,cctv1,C1_S003,G003,OCCUPIED,OCCUPIED,0.8368418530984358
1090.0,cctv1,C1_S004,G004,OCCUPIED,OCCUPIED,0.7703509226441384
1090.0,cctv1,C1_S005,G005,OCCUPIED,OCCUPIED,0.7151151472059163
1090.0,cctv1,C1_S006,G006,EMPTY,MANEUVERING,0.3443655673617666
1090.0,cctv2,C2_S001,G007,OCCUPIED,OCCUPIED,0.7929591888731177
1090.0,cctv2,C2_S002,G008,OCCUPIED,OCCUPIED,0.8258551535281269
1090.0,cctv2,C2_S003,G009,EMPTY,MANEUVERING,0.297669803940437
1090.0,cctv2,C2_S004,G010,OCCUPIED,OCCUPIED,0.7953104531223124
1090.0,cctv2,C2_S005,G001,EMPTY,EMPTY,0.01
1090.0,cctv2,C2_S006,G003,OCCUPIED,OCCUPIED,0.8180076585574584
1090.0,cctv2,C2_S007,G004,OCCUPIED,OCCUPIED,0.7900927031582052
1090.0,cctv2,C2_S008,G006,OCCUPIED,OCCUPIED,0.7555062884634192
1090.0,cctv2,C2_S009,G005,OCCUPIED,OCCUPIED,0.7813074302944271
1090.0,cctv2,C2_S010,G002,EMPTY,EMPTY,0.01
1090.0,cctv2,C2_S011,G017,OCCUPIED,OCCUPIED,0.8046859806234187
1090.0,cctv2,C2_S012,G018,OCCUPIED,OCCUPIED,0.7463916943831878
1090.0,cctv2,C2_S013,G019,OCCUPIED,LEAVING,0.7996586939150637
1090.0,cctv2,C2_S014,G020,EMPTY,EMPTY,0.01
1090.0,cctv3,C3_S001,G021,OCCUPIED,LEAVING,0.7714622378349305
1090.0,cctv3,C3_S002,G019,EMPTY,EMPTY,0.01
1090.0,cctv3,C3_S003,G020,OCCUPIED,LEAVING,0.7962701840834184
1090.0,cctv3,C3_S004,G024,OCCUPIED,OCCUPIED,0.8281912104649978
1090.0,cctv3,C3_S005,G025,OCCUPIED,OCCUPIED,0.8281335876746612
1090.0,cctv3,C3_S006,G026,OCCUPIED,OCCUPIED,0.825556467608972
1090.0,cctv3,C3_S007,G027,EMPTY,EMPTY,0.01
1090.0,cctv3,C3_S008,G028,EMPTY,EMPTY,0.01
1090.0,cctv3,C3_S009,G029,EMPTY,EMPTY,0.01
1090.0,cctv3,C3_S010,G007,OCCUPIED,OCCUPIED,0.51
1090.0,cctv3,C3_S011,G008,OCCUPIED,OCCUPIED,0.7939775147221306
1090.0,cctv3,C3_S012,G009,OCCUPIED,OCCUPIED,0.8253888766873967
1091.0,cctv1,C1_S001,G001,OCCUPIED,OCCUPIED,0.7239738314666532
1091.0,cctv1,C1_S002,G002,EMPTY,EMPTY,0.01
1091.0,cctv1,C1_S003,G003,OCCUPIED,OCCUPIED,0.836745908856392
1091.0,cctv1,C1_S004,G004,OCCUPIED,OCCUPIED,0.7693795769052073
1091.0,cctv1,C1_S005,G005,OCCUPIED,OCCUPIED,0.7278059882557755
1091.0,cctv1,C1_S006,G006,EMPTY,MANEUVERING,0.4086467635089701
1091.0,cctv2,C2_S001,G007,OCCUPIED,OCCUPIED,0.792231422662735
1091.0,cctv2,C2_S002,G008,OCCUPIED,OCCUPIED,0.8250838282433424
1091.0,cctv2,C2_S003,G009,EMPTY,MANEUVERING,0.3770511578294364
1091.0,cctv2,C2_S004,G010,OCCUPIED,OCCUPIED,0.7953864791176537
1091.0,cctv2,C2_S005,G001,EMPTY,EMPTY,0.01
1091.0,cctv2,C2_S006,G003,OCCUPIED,OCCUPIED,0.8178241930224679
1091.0,cctv2,C2_S007,G004,OCCUPIED,OCCUPIED,0.7902818647297947
1091.0,cctv2,C2_S008,G006,OCCUPIED,OCCUPIED,0.7563495595346799
1091.0,cctv2,C2_S009,G005,OCCUPIED,OCCUPIED,0.7829761324958369
1091.0,cctv2,C2_S010,G002,EMPTY,EMPTY,0.01
1091.0,cctv2,C2_S011,G017,OCCUPIED,OCCUPIED,0.8043795691295104
1091.0,cctv2,C2_S012,G018,OCCUPIED,OCCUPIED,0.7472174620086497
1091.0,cctv2,C2_S013,G019,OCCUPIED,OCCUPIED,0.8026220041242513
1091.0,cctv2,C2_S014,G020,EMPTY,EMPTY,0.01
1091.0,cctv3,C3_S001,G021,OCCUPIED,LEAVING,0.7720833671363918
1091.0,cctv3,C3_S002,G019,EMPTY,EMPTY,0.01
1091.0,cctv3,C3_S003,G020,OCCUPIED,LEAVING,0.7963452956893228
1091.0,cctv3,C3_S004,G024,OCCUPIED,OCCUPIED,0.8281415513970636
1091.0,cctv3,C3_S005,G025,OCCUPIED,OCCUPIED,0.8279776237227701
1091.0,cctv3,C3_S006,G026,OCCUPIED,OCCUPIED,0.8255955628373407
1091.0,cctv3,C3_S007,G027,EMPTY,EMPTY,0.01
1091.0,cctv3,C3_S008,G028,EMPTY,EMPTY,0.01
1091.0,cctv3,C3_S009,G029,EMPTY,EMPTY,0.01
1091.0,cctv3,C3_S010,G007,OCCUPIED,OCCUPIED,0.51
1091.0,cctv3,C3_S011,G008,OCCUPIED,OCCUPIED,0.7947414045984096
1091.0,cctv3,C3_S012,G009,OCCUPIED,OCCUPIED,0.8249401983889667
1092.0,cctv1,C1_S001,G001,OCCUPIED,OCCUPIED,0.7242637772451748
1092.0,cctv1,C1_S002,G002,EMPTY,EMPTY,0.01
1092.0,cctv1,C1_S003,G003,OCCUPIED,OCCUPIED,0.8366574496030807
1092.0,cctv1,C1_S004,G004,OCCUPIED,OCCUPIED,0.768369168449532
1092.0,cctv1,C1_S005,G005,OCCUPIED,OCCUPIED,0.7384587966763613
1092.0,cctv1,C1_S006,G006,EMPTY,MANEUVERING,0.4735010690445249
1092.0,cctv2,C2_S001,G007,OCCUPIED,OCCUPIED,0.792602937058969
1092.0,cctv2,C2_S002,G008,OCCUPIED,OCCUPIED,0.8247398170557889
1092.0,cctv2,C2_S003,G009,EMPTY,MANEUVERING,0.3770511578294364
1092.0,cctv2,C2_S004,G010,OCCUPIED,OCCUPIED,0.798178961060264
1092.0,cctv2,C2_S005,G001,EMPTY,EMPTY,0.01
1092.0,cctv2,C2_S006,G003,OCCUPIED,OCCUPIED,0.8177501169118016
1092.0,cctv2,C2_S007,G004,OCCUPIED,OCCUPIED,0.7911090157248758
1092.0,cctv2,C2_S008,G006,OCCUPIED,OCCUPIED,0.7583627057346431
1092.0,cctv2,C2_S009,G005,OCCUPIED,OCCUPIED,0.7845627997409215
1092.0,cctv2,C2_S010,G002,EMPTY,EMPTY,0.01
1092.0,cctv2,C2_S011,G017,OCCUPIED,OCCUPIED,0.8055413021282717
1092.0,cctv2,C2_S012,G018,OCCUPIED,OCCUPIED,0.7484861424023456
1092.0,cctv2,C2_S013,G019,OCCUPIED,OCCUPIED,0.8040064937689089
1092.0,cctv2,C2_S014,G020,EMPTY,EMPTY,0.01
1092.0,cctv3,C3_S001,G021,OCCUPIED,LEAVING,0.7729445122859695
1092.0,cctv3,C3_S002,G019,EMPTY,EMPTY,0.01
1092.0,cctv3,C3_S003,G020,OCCUPIED,LEAVING,0.7948571695522829
1092.0,cctv3,C3_S004,G024,OCCUPIED,OCCUPIED,0.8283766600218687
1092.0,cctv3,C3_S005,G025,OCCUPIED,OCCUPIED,0.8275714763186195
1092.0,cctv3,C3_S006,G026,OCCUPIED,OCCUPIED,0.8255107773975894
1092.0,cctv3,C3_S007,G027,EMPTY,EMPTY,0.01
1092.0,cctv3,C3_S008,G028,EMPTY,EMPTY,0.01
1092.0,cctv3,C3_S009,G029,EMPTY,EMPTY,0.01
1092.0,cctv3,C3_S010,G007,OCCUPIED,OCCUPIED,0.51
1092.0,cctv3,C3_S011,G008,OCCUPIED,OCCUPIED,0.794322922283953
1092.0,cctv3,C3_S012,G009,OCCUPIED,OCCUPIED,0.8247191746126522
1093.0,cctv1,C1_S001,G001,OCCUPIED,OCCUPIED,0.7254959147762169
1093.0,cctv1,C1_S002,G002,EMPTY,EMPTY,0.01
1093.0,cctv1,C1_S003,G003,OCCUPIED,OCCUPIED,0.8365258238532327
1093.0,cctv1,C1_S004,G004,OCCUPIED,OCCUPIED,0.7680990277366205
1093.0,cctv1,C1_S005,G005,OCCUPIED,OCCUPIED,0.7368408833218344
1093.0,cctv1,C1_S006,G006,EMPTY,MANEUVERING,0.428501069044525
1093.0,cctv2,C2_S001,G007,OCCUPIED,OCCUPIED,0.7920144132592462
1093.0,cctv2,C2_S002,G008,OCCUPIED,OCCUPIED,0.824468485604633
1093.0,cctv2,C2_S003,G009,EMPTY,MANEUVERING,0.3320511578294363
1093.0,cctv2,C2_S004,G010,OCCUPIED,OCCUPIED,0.7991046247157184
1093.0,cctv2,C2_S005,G001,EMPTY,EMPTY,0.01
1093.0,cctv2,C2_S006,G003,OCCUPIED,OCCUPIED,0.8176967279477554
1093.0,cctv2,C2_S007,G004,OCCUPIED,OCCUPIED,0.7904922937805003
1093.0,cctv2,C2_S008,G006,OCCUPIED,OCCUPIED,0.7589828804135323
1093.0,cctv2,C2_S009,G005,OCCUPIED,OCCUPIED,0.7855523938482458
1093.0,cctv2,C2_S010,G002,EMPTY,EMPTY,0.01
1093.0,cctv2,C2_S011,G017,OCCUPIED,OCCUPIED,0.806119431148876
1093.0,cctv2,C2_S012,G018,OCCUPIED,OCCUPIED,0.7494260680946437
1093.0,cctv2,C2_S013,G019,OCCUPIED,OCCUPIED,0.8095968769355254
1093.0,cctv2,C2_S014,G020,EMPTY,EMPTY,0.01
1093.0,cctv3,C3_S001,G021,OCCUPIED,LEAVING,0.7747525910084898
1093.0,cctv3,C3_S002,G019,EMPTY,EMPTY,0.01
1093.0,cctv3,C3_S003,G020,OCCUPIED,LEAVING,0.794947972893715
1093.0,cctv3,C3_S004,G024,OCCUPIED,OCCUPIED,0.8283993214368821
1093.0,cctv3,C3_S005,G025,OCCUPIED,OCCUPIED,0.8276125531304968
1093.0,cctv3,C3_S006,G026,OCCUPIED,OCCUPIED,0.8255179657177492
1093.0,cctv3,C3_S007,G027,EMPTY,EMPTY,0.01
1093.0,cctv3,C3_S008,G028,EMPTY,EMPTY,0.01
1093.0,cctv3,C3_S009,G029,EMPTY,EMPTY,0.01
1093.0,cctv3,C3_S010,G007,OCCUPIED,OCCUPIED,0.51
1093.0,cctv3,C3_S011,G008,OCCUPIED,OCCUPIED,0.793413242968646
1093.0,cctv3,C3_S012,G009,OCCUPIED,OCCUPIED,0.8248980048027906
1094.0,cctv1,C1_S001,G001,OCCUPIED,OCCUPIED,0.7251607445153324
1094.0,cctv1,C1_S002,G002,EMPTY,EMPTY,0.01
1094.0,cctv1,C1_S003,G003,OCCUPIED,OCCUPIED,0.836680988019163
1094.0,cctv1,C1_S004,G004,OCCUPIED,OCCUPIED,0.7679284656589682
1094.0,cctv1,C1_S005,G005,OCCUPIED,OCCUPIED,0.7381475485888395
1094.0,cctv1,C1_S006,G006,EMPTY,MANEUVERING,0.49
1094.0,cctv2,C2_S001,G007,OCCUPIED,OCCUPIED,0.7921479897065596
1094.0,cctv2,C2_S002,G008,OCCUPIED,OCCUPIED,0.824455441128124
1094.0,cctv2,C2_S003,G009,EMPTY,MANEUVERING,0.3320511578294363
1094.0,cctv2,C2_S004,G010,OCCUPIED,OCCUPIED,0.7995871224186638
1094.0,cctv2,C2_S005,G001,EMPTY,EMPTY,0.01
1094.0,cctv2,C2_S006,G003,OCCUPIED,OCCUPIED,0.8177753524346786
1094.0,cctv2,C2_S007,G004,OCCUPIED,OCCUPIED,0.7918234846808694
1094.0,cctv2,C2_S008,G006,OCCUPIED,OCCUPIED,0.75977482335134
1094.0,cctv2,C2_S009,G005,OCCUPIED,OCCUPIED,0.7853170430118388
1094.0,cctv2,C2_S010,G002,EMPTY,EMPTY,0.01
1094.0,cctv2,C2_S011,G017,OCCUPIED,OCCUPIED,0.8049219036644156
1094.0,cctv2,C2_S012,G018,OCCUPIED,OCCUPIED,0.7489020420746371
1094.0,cctv2,C2_S013,G019,OCCUPIED,OCCUPIED,0.8093153189529073
1094.0,cctv2,C2_S014,G020,EMPTY,EMPTY,0.01
1094.0,cctv3,C3_S001,G021,OCCUPIED,LEAVING,0.7772944652221421
1094.0,cctv3,C3_S002,G019,EMPTY,EMPTY,0.01
1094.0,cctv3,C3_S003,G020,OCCUPIED,LEAVING,0.7955049693584443
1094.0,cctv3,C3_S004,G024,OCCUPIED,OCCUPIED,0.8284259232607756
1094.0,cctv3,C3_S005,G025,OCCUPIED,OCCUPIED,0.8275748705322092
1094.0,cctv3,C3_S006,G026,OCCUPIED,OCCUPIED,0.8255219101905823
1094.0,cctv3,C3_S007,G027,EMPTY,EMPTY,0.01
1094.0,cctv3,C3_S008,G028,EMPTY,EMPTY,0.01
1094.0,cctv3,C3_S009,G029,EMPTY,EMPTY,0.01
1094.0,cctv3,C3_S010,G007,OCCUPIED,OCCUPIED,0.51
1094.0,cctv3,C3_S011,G008,OCCUPIED,OCCUPIED,0.7941022853959692
1094.0,cctv3,C3_S012,G009,OCCUPIED,OCCUPIED,0.8247892005877062
1095.0,cctv1,C1_S001,G001,OCCUPIED,OCCUPIED,0.7256888737055389
1095.0,cctv1,C1_S002,G002,EMPTY,EMPTY,0.01
1095.0,cctv1,C1_S003,G003,OCCUPIED,OCCUPIED,0.836743402210149
1095.0,cctv1,C1_S004,G004,OCCUPIED,OCCUPIED,0.769883050701835
1095.0,cctv1,C1_S005,G005,OCCUPIED,OCCUPIED,0.7517184875228189
1095.0,cctv1,C1_S006,G006,EMPTY,MANEUVERING,0.49
1095.0,cctv2,C2_S001,G007,OCCUPIED,OCCUPIED,0.7922907539389351
1095.0,cctv2,C2_S002,G008,OCCUPIED,OCCUPIED,0.824979158694094
1095.0,cctv2,C2_S003,G009,EMPTY,MANEUVERING,0.2870511578294363
1095.0,cctv2,C2_S004,G010,OCCUPIED,OCCUPIED,0.8003162077882073
1095.0,cctv2,C2_S005,G001,EMPTY,EMPTY,0.01
1095.0,cctv2,C2_S006,G003,OCCUPIED,OCCUPIED,0.8180170105262237
1095.0,cctv2,C2_S007,G004,OCCUPIED,OCCUPIED,0.7926997542381288
1095.0,cctv2,C2_S008,G006,OCCUPIED,OCCUPIED,0.7595888389782472
1095.0,cctv2,C2_S009,G005,OCCUPIED,OCCUPIED,0.7856246208602733
1095.0,cctv2,C2_S010,G002,EMPTY,EMPTY,0.01
1095.0,cctv2,C2_S011,G017,OCCUPIED,OCCUPIED,0.8033986503427679
1095.0,cctv2,C2_S012,G018,OCCUPIED,OCCUPIED,0.7499504745006562
1095.0,cctv2,C2_S013,G019,OCCUPIED,OCCUPIED,0.8108169943094254
1095.0,cctv2,C2_S014,G020,EMPTY,EMPTY,0.01
1095.0,cctv3,C3_S001,G021,OCCUPIED,LEAVING,0.77928331670436
1095.0,cctv3,C3_S002,G019,EMPTY,EMPTY,0.01
1095.0,cctv3,C3_S003,G020,OCCUPIED,LEAVING,0.7959896965460345
1095.0,cctv3,C3_S004,G024,OCCUPIED,OCCUPIED,0.8283142181960019
1095.0,cctv3,C3_S005,G025,OCCUPIED,OCCUPIED,0.8277560870755803
1095.0,cctv3,C3_S006,G026,OCCUPIED,OCCUPIED,0.8253277101299981
1095.0,cctv3,C3_S007,G027,EMPTY,EMPTY,0.01
1095.0,cctv3,C3_S008,G028,EMPTY,EMPTY,0.01
1095.0,cctv3,C3_S009,G029,EMPTY,EMPTY,0.01
1095.0,cctv3,C3_S010,G007,OCCUPIED,OCCUPIED,0.51
1095.0,cctv3,C3_S011,G008,OCCUPIED,OCCUPIED,0.7922276895154607
1095.0,cctv3,C3_S012,G009,OCCUPIED,OCCUPIED,0.8248242668130181
1096.0,cctv1,C1_S001,G001,OCCUPIED,OCCUPIED,0.7264066803861748
1096.0,cctv1,C1_S002,G002,EMPTY,EMPTY,0.01
1096.0,cctv1,C1_S003,G003,OCCUPIED,OCCUPIED,0.8367248128760946
1096.0,cctv1,C1_S004,G004,OCCUPIED,OCCUPIED,0.7700277481566776
1096.0,cctv1,C1_S005,G005,OCCUPIED,OCCUPIED,0.7526908151128076
1096.0,cctv1,C1_S006,G006,EMPTY,MANEUVERING,0.49
1096.0,cctv2,C2_S001,G007,OCCUPIED,OCCUPIED,0.7909267043525523
1096.0,cctv2,C2_S002,G008,OCCUPIED,OCCUPIED,0.8252035766839981
1096.0,cctv2,C2_S003,G009,EMPTY,MANEUVERING,0.2660749425671317
1096.0,cctv2,C2_S004,G010,OCCUPIED,OCCUPIED,0.8001262082294985
1096.0,cctv2,C2_S005,G001,EMPTY,EMPTY,0.01
1096.0,cctv2,C2_S006,G003,OCCUPIED,OCCUPIED,0.8179792954163119
1096.0,cctv2,C2_S007,G004,OCCUPIED,OCCUPIED,0.7940912200645968
1096.0,cctv2,C2_S008,G006,OCCUPIED,OCCUPIED,0.7622202766212551
1096.0,cctv2,C2_S009,G005,OCCUPIED,OCCUPIED,0.7857951337640936
1096.0,cctv2,C2_S010,G002,EMPTY,EMPTY,0.01
1096.0,cctv2,C2_S011,G017,OCCUPIED,OCCUPIED,0.8027464484626597
1096.0,cctv2,C2_S012,G018,OCCUPIED,OCCUPIED,0.7523258912292394
1096.0,cctv2,C2_S013,G019,OCCUPIED,OCCUPIED,0.812718983671882
1096.0,cctv2,C2_S014,G020,EMPTY,EMPTY,0.01
1096.0,cctv3,C3_S001,G021,OCCUPIED,LEAVING,0.7790643314068968
1096.0,cctv3,C3_S002,G019,EMPTY,EMPTY,0.01
1096.0,cctv3,C3_S003,G020,OCCUPIED,LEAVING,0.7947561152956704
1096.0,cctv3,C3_S004,G024,OCCUPIED,OCCUPIED,0.8285372064872222
1096.0,cctv3,C3_S005,G025,OCCUPIED,OCCUPIED,0.827671537345106
1096.0,cctv3,C3_S006,G026,OCCUPIED,OCCUPIED,0.8251977554776453
1096.0,cctv3,C3_S007,G027,EMPTY,EMPTY,0.01
1096.0,cctv3,C3_S008,G028,EMPTY,EMPTY,0.01
1096.0,cctv3,C3_S009,G029,EMPTY,EMPTY,0.01
1096.0,cctv3,C3_S010,G007,OCCUPIED,OCCUPIED,0.51
1096.0,cctv3,C3_S011,G008,OCCUPIED,OCCUPIED,0.7904031404040077
1096.0,cctv3,C3_S012,G009,OCCUPIED,OCCUPIED,0.824838662147522
1097.0,cctv1,C1_S001,G001,OCCUPIED,OCCUPIED,0.7270650515502151
1097.0,cctv1,C1_S002,G002,EMPTY,EMPTY,0.01
1097.0,cctv1,C1_S003,G003,OCCUPIED,OCCUPIED,0.8366949590769681
1097.0,cctv1,C1_S004,G004,OCCUPIED,OCCUPIED,0.7692635908722878
1097.0,cctv1,C1_S005,G005,OCCUPIED,OCCUPIED,0.7532840730114417
1097.0,cctv1,C1_S006,G006,EMPTY,MANEUVERING,0.49
1097.0,cctv2,C2_S001,G007,OCCUPIED,OCCUPIED,0.7924589097499848
1097.0,cctv2,C2_S002,G008,OCCUPIED,OCCUPIED,0.8257876488295469
1097.0,cctv2,C2_S003,G009,EMPTY,MANEUVERING,0.2660749425671317
1097.0,cctv2,C2_S004,G010,OCCUPIED,OCCUPIED,0.8014035598798233
1097.0,cctv2,C2_S005,G001,EMPTY,EMPTY,0.01
1097.0,cctv2,C2_S006,G003,OCCUPIED,OCCUPIED,0.818091431260109
1097.0,cctv2,C2_S007,G004,OCCUPIED,OCCUPIED,0.7941488729281859
1097.0,cctv2,C2_S008,G006,OCCUPIED,OCCUPIED,0.7625325121662834
1097.0,cctv2,C2_S009,G005,OCCUPIED,OCCUPIED,0.786231858351014
1097.0,cctv2,C2_S010,G002,EMPTY,EMPTY,0.01
1097.0,cctv2,C2_S011,G017,OCCUPIED,OCCUPIED,0.8026050139557233
1097.0,cctv2,C2_S012,G018,OCCUPIED,OCCUPIED,0.7523326463320039
1097.0,cctv2,C2_S013,G019,OCCUPIED,OCCUPIED,0.8143153336915103
1097.0,cctv2,C2_S014,G020,EMPTY,EMPTY,0.01
1097.0,cctv3,C3_S001,G021,OCCUPIED,LEAVING,0.7799060508608818
1097.0,cctv3,C3_S002,G019,EMPTY,EMPTY,0.01
1097.0,cctv3,C3_S003,G020,OCCUPIED,LEAVING,0.7931618240746585
1097.0,cctv3,C3_S004,G024,OCCUPIED,OCCUPIED,0.8286001579328017
1097.0,cctv3,C3_S005,G025,OCCUPIED,OCCUPIED,0.8279836838895624
1097.0,cctv3,C3_S006,G026,OCCUPIED,OCCUPIED,0.8251133089715785
1097.0,cctv3,C3_S007,G027,EMPTY,EMPTY,0.01
1097.0,cctv3,C3_S008,G028,EMPTY,EMPTY,0.01
1097.0,cctv3,C3_S009,G029,EMPTY,EMPTY,0.01
1097.0,cctv3,C3_S010,G007,OCCUPIED,LEAVING,0.51
1097.0,cctv3,C3_S011,G008,OCCUPIED,OCCUPIED,0.7906959335912358
1097.0,cctv3,C3_S012,G009,OCCUPIED,OCCUPIED,0.8250337083231319
1098.0,cctv1,C1_S001,G001,OCCUPIED,OCCUPIED,0.7263529567555949
1098.0,cctv1,C1_S002,G002,EMPTY,EMPTY,0.01
1098.0,cctv1,C1_S003,G003,OCCUPIED,OCCUPIED,0.8367655523798683
1098.0,cctv1,C1_S004,G004,OCCUPIED,OCCUPIED,0.77100455341014
1098.0,cctv1,C1_S005,G005,OCCUPIED,OCCUPIED,0.7534540608525276
1098.0,cctv1,C1_S006,G006,EMPTY,MANEUVERING,0.49
1098.0,cctv2,C2_S001,G007,OCCUPIED,OCCUPIED,0.7940195067362352
1098.0,cctv2,C2_S002,G008,OCCUPIED,OCCUPIED,0.8263022216883573
1098.0,cctv2,C2_S003,G009,EMPTY,MANEUVERING,0.2660749425671317
1098.0,cctv2,C2_S004,G010,OCCUPIED,OCCUPIED,0.8026894051920285
1098.0,cctv2,C2_S005,G001,EMPTY,EMPTY,0.01
1098.0,cctv2,C2_S006,G003,OCCUPIED,OCCUPIED,0.8183684636246075
1098.0,cctv2,C2_S007,G004,OCCUPIED,OCCUPIED,0.7936918838457628
1098.0,cctv2,C2_S008,G006,OCCUPIED,OCCUPIED,0.762297929010608
1098.0,cctv2,C2_S009,G005,OCCUPIED,OCCUPIED,0.7863958437334408
1098.0,cctv2,C2_S010,G002,EMPTY,EMPTY,0.01
1098.0,cctv2,C2_S011,G017,OCCUPIED,OCCUPIED,0.8024774367159064
1098.0,cctv2,C2_S012,G018,OCCUPIED,OCCUPIED,0.7528821419585835
1098.0,cctv2,C2_S013,G019,OCCUPIED,OCCUPIED,0.8152647682211617
1098.0,cctv2,C2_S014,G020,EMPTY,EMPTY,0.01
1098.0,cctv3,C3_S001,G021,OCCUPIED,LEAVING,0.7815190825950016
1098.0,cctv3,C3_S002,G019,EMPTY,EMPTY,0.01
1098.0,cctv3,C3_S003,G020,OCCUPIED,LEAVING,0.7931720554828644
1098.0,cctv3,C3_S004,G024,OCCUPIED,OCCUPIED,0.8287918927994642
1098.0,cctv3,C3_S005,G025,OCCUPIED,OCCUPIED,0.8274880230426789
1098.0,cctv3,C3_S006,G026,OCCUPIED,OCCUPIED,0.8251737505197525
1098.0,cctv3,C3_S007,G027,EMPTY,EMPTY,0.01
1098.0,cctv3,C3_S008,G028,EMPTY,EMPTY,0.01
1098.0,cctv3,C3_S009,G029,EMPTY,EMPTY,0.01
1098.0,cctv3,C3_S010,G007,OCCUPIED,LEAVING,0.51
1098.0,cctv3,C3_S011,G008,OCCUPIED,LEAVING,0.7847493238069795
1098.0,cctv3,C3_S012,G009,OCCUPIED,OCCUPIED,0.825340577418154
1099.0,cctv1,C1_S001,G001,OCCUPIED,OCCUPIED,0.7263758219778539
1099.0,cctv1,C1_S002,G002,EMPTY,EMPTY,0.01
1099.0,cctv1,C1_S003,G003,OCCUPIED,OCCUPIED,0.836915374885906
1099.0,cctv1,C1_S004,G004,OCCUPIED,OCCUPIED,0.7722543823448095
1099.0,cctv1,C1_S005,G005,OCCUPIED,OCCUPIED,0.7523190467195078
1099.0,cctv1,C1_S006,G006,EMPTY,MANEUVERING,0.49
1099.0,cctv2,C2_S001,G007,OCCUPIED,OCCUPIED,0.7949788004159928
1099.0,cctv2,C2_S002,G008,OCCUPIED,OCCUPIED,0.826813771778887
1099.0,cctv2,C2_S003,G009,EMPTY,MANEUVERING,0.2660749425671317
1099.0,cctv2,C2_S004,G010,OCCUPIED,OCCUPIED,0.8043096333742142
1099.0,cctv2,C2_S005,G001,EMPTY,EMPTY,0.01
1099.0,cctv2,C2_S006,G003,OCCUPIED,OCCUPIED,0.8184011304920371
1099.0,cctv2,C2_S007,G004,OCCUPIED,OCCUPIED,0.7937682276422328
1099.0,cctv2,C2_S008,G006,OCCUPIED,OCCUPIED,0.763774007965218
1099.0,cctv2,C2_S009,G005,OCCUPIED,OCCUPIED,0.7876038196412001
1099.0,cctv2,C2_S010,G002,EMPTY,EMPTY,0.01
1099.0,cctv2,C2_S011,G017,OCCUPIED,OCCUPIED,0.8011561090295966
1099.0,cctv2,C2_S012,G018,OCCUPIED,OCCUPIED,0.7530224779790099
1099.0,cctv2,C2_S013,G019,OCCUPIED,OCCUPIED,0.8147783894430508
1099.0,cctv2,C2_S014,G020,EMPTY,EMPTY,0.01
1099.0,cctv3,C3_S001,G021,OCCUPIED,LEAVING,0.7847008367831058
1099.0,cctv3,C3_S002,G019,EMPTY,EMPTY,0.01
1099.0,cctv3,C3_S003,G020,OCCUPIED,LEAVING,0.7947151238268073
1099.0,cctv3,C3_S004,G024,OCCUPIED,OCCUPIED,0.8288065303455701
1099.0,cctv3,C3_S005,G025,OCCUPIED,OCCUPIED,0.8275205712426793
1099.0,cctv3,C3_S006,G026,OCCUPIED,OCCUPIED,0.8250198762525213
1099.0,cctv3,C3_S007,G027,EMPTY,EMPTY,0.01
1099.0,cctv3,C3_S008,G028,EMPTY,EMPTY,0.01
1099.0,cctv3,C3_S009,G029,EMPTY,EMPTY,0.01
1099.0,cctv3,C3_S010,G007,OCCUPIED,LEAVING,0.51
1099.0,cctv3,C3_S011,G008,OCCUPIED,LEAVING,0.7846555765379559
1099.0,cctv3,C3_S012,G009,OCCUPIED,OCCUPIED,0.825575479594144
1100.0,cctv1,C1_S001,G001,OCCUPIED,OCCUPIED,0.7272451543672519
1100.0,cctv1,C1_S002,G002,EMPTY,EMPTY,0.01
1100.0,cctv1,C1_S003,G003,OCCUPIED,OCCUPIED,0.8369744078679519
1100.0,cctv1,C1_S004,G004,OCCUPIED,OCCUPIED,0.772690394927155
1100.0,cctv1,C1_S005,G005,OCCUPIED,OCCUPIED,0.7541200427846476
1100.0,cctv1,C1_S006,G006,EMPTY,MANEUVERING,0.49
1100.0,cctv2,C2_S001,G007,OCCUPIED,OCCUPIED,0.7968039282343605
1100.0,cctv2,C2_S002,G008,OCCUPIED,OCCUPIED,0.8274291079152715
1100.0,cctv2,C2_S003,G009,EMPTY,MANEUVERING,0.2103593201528896
1100.0,cctv2,C2_S004,G010,OCCUPIED,OCCUPIED,0.8046322072094138
1100.0,cctv2,C2_S005,G001,EMPTY,EMPTY,0.01
1100.0,cctv2,C2_S006,G003,OCCUPIED,OCCUPIED,0.8186049320481041
1100.0,cctv2,C2_S007,G004,OCCUPIED,OCCUPIED,0.7945220389149407
1100.0,cctv2,C2_S008,G006,OCCUPIED,OCCUPIED,0.7658482422882861
1100.0,cctv2,C2_S009,G005,OCCUPIED,OCCUPIED,0.7890972337939524
1100.0,cctv2,C2_S010,G002,EMPTY,EMPTY,0.01
1100.0,cctv2,C2_S011,G017,OCCUPIED,OCCUPIED,0.7996100504289975
1100.0,cctv2,C2_S012,G018,OCCUPIED,OCCUPIED,0.7522613609378989
1100.0,cctv2,C2_S013,G019,OCCUPIED,OCCUPIED,0.8152856228026477
1100.0,cctv2,C2_S014,G020,EMPTY,EMPTY,0.01
1100.0,cctv3,C3_S001,G021,OCCUPIED,LEAVING,0.7897198123010722
1100.0,cctv3,C3_S002,G019,EMPTY,EMPTY,0.01
1100.0,cctv3,C3_S003,G020,OCCUPIED,LEAVING,0.7927637419917367
1100.0,cctv3,C3_S004,G024,OCCUPIED,OCCUPIED,0.8288456158204512
1100.0,cctv3,C3_S005,G025,OCCUPIED,OCCUPIED,0.8276059646498074
1100.0,cctv3,C3_S006,G026,OCCUPIED,OCCUPIED,0.8248922055417842
1100.0,cctv3,C3_S007,G027,EMPTY,EMPTY,0.01
1100.0,cctv3,C3_S008,G028,EMPTY,EMPTY,0.01
1100.0,cctv3,C3_S009,G029,EMPTY,EMPTY,0.01
1100.0,cctv3,C3_S010,G007,OCCUPIED,LEAVING,0.51
1100.0,cctv3,C3_S011,G008,OCCUPIED,LEAVING,0.784932734884999
1100.0,cctv3,C3_S012,G009,OCCUPIED,OCCUPIED,0.8247218535705046
1101.0,cctv1,C1_S001,G001,OCCUPIED,OCCUPIED,0.7268208851868456
1101.0,cctv1,C1_S002,G002,EMPTY,EMPTY,0.01
1101.0,cctv1,C1_S003,G003,OCCUPIED,OCCUPIED,0.8371223763986068
1101.0,cctv1,C1_S004,G004,OCCUPIED,OCCUPIED,0.7738126470284029
1101.0,cctv1,C1_S005,G005,OCCUPIED,OCCUPIED,0.7553346063603055
1101.0,cctv1,C1_S006,G006,EMPTY,MANEUVERING,0.49
1101.0,cctv2,C2_S001,G007,OCCUPIED,OCCUPIED,0.7981516577980736
1101.0,cctv2,C2_S002,G008,OCCUPIED,OCCUPIED,0.8281368656591936
1101.0,cctv2,C2_S003,G009,EMPTY,MANEUVERING,0.2103593201528896
1101.0,cctv2,C2_S004,G010,OCCUPIED,OCCUPIED,0.804443524371494
1101.0,cctv2,C2_S005,G001,EMPTY,EMPTY,0.01
1101.0,cctv2,C2_S006,G003,OCCUPIED,OCCUPIED,0.8184362682429227
1101.0,cctv2,C2_S007,G004,OCCUPIED,OCCUPIED,0.7941192028197376
1101.0,cctv2,C2_S008,G006,OCCUPIED,OCCUPIED,0.7671687758781693
1101.0,cctv2,C2_S009,G005,OCCUPIED,OCCUPIED,0.790107174082236
1101.0,cctv2,C2_S010,G002,EMPTY,EMPTY,0.01
1101.0,cctv2,C2_S011,G017,OCCUPIED,OCCUPIED,0.7969280356710609
1101.0,cctv2,C2_S012,G018,OCCUPIED,OCCUPIED,0.7519002612341534
1101.0,cctv2,C2_S013,G019,OCCUPIED,OCCUPIED,0.8161134410988201
1101.0,cctv2,C2_S014,G020,EMPTY,EMPTY,0.01
1101.0,cctv3,C3_S001,G021,OCCUPIED,LEAVING,0.7916253864765168
1101.0,cctv3,C3_S002,G019,EMPTY,EMPTY,0.01
1101.0,cctv3,C3_S003,G020,OCCUPIED,LEAVING,0.7952240217815747
1101.0,cctv3,C3_S004,G024,OCCUPIED,OCCUPIED,0.8287695597518575
1101.0,cctv3,C3_S005,G025,OCCUPIED,OCCUPIED,0.8259168443354694
1101.0,cctv3,C3_S006,G026,OCCUPIED,OCCUPIED,0.8247494786977768
1101.0,cctv3,C3_S007,G027,EMPTY,EMPTY,0.01
1101.0,cctv3,C3_S008,G028,EMPTY,EMPTY,0.01
1101.0,cctv3,C3_S009,G029,EMPTY,MANEUVERING,0.163105768371712
1101.0,cctv3,C3_S010,G007,OCCUPIED,LEAVING,0.51
1101.0,cctv3,C3_S011,G008,OCCUPIED,LEAVING,0.7843049728057602
1101.0,cctv3,C3_S012,G009,OCCUPIED,OCCUPIED,0.8248651030388746
1102.0,cctv1,C1_S001,G001,OCCUPIED,OCCUPIED,0.727180706167763
1102.0,cctv1,C1_S002,G002,EMPTY,EMPTY,0.01
1102.0,cctv1,C1_S003,G003,OCCUPIED,OCCUPIED,0.8372213117100976
1102.0,cctv1,C1_S004,G004,OCCUPIED,OCCUPIED,0.774675646966154
1102.0,cctv1,C1_S005,G005,OCCUPIED,OCCUPIED,0.7551292385567319
1102.0,cctv1,C1_S006,G006,EMPTY,MANEUVERING,0.49
1102.0,cctv2,C2_S001,G007,OCCUPIED,OCCUPIED,0.7985469064929269
1102.0,cctv2,C2_S002,G008,OCCUPIED,OCCUPIED,0.8284310787916184
1102.0,cctv2,C2_S003,G009,EMPTY,EMPTY,0.01
1102.0,cctv2,C2_S004,G010,OCCUPIED,OCCUPIED,0.8033442315730183
1102.0,cctv2,C2_S005,G001,EMPTY,EMPTY,0.01
1102.0,cctv2,C2_S006,G003,OCCUPIED,OCCUPIED,0.8185745271769438
1102.0,cctv2,C2_S007,G004,OCCUPIED,OCCUPIED,0.79528992284428
1102.0,cctv2,C2_S008,G006,OCCUPIED,OCCUPIED,0.7661551154472612
1102.0,cctv2,C2_S009,G005,OCCUPIED,OCCUPIED,0.7900137145410885
1102.0,cctv2,C2_S010,G002,EMPTY,EMPTY,0.01
1102.0,cctv2,C2_S011,G017,OCCUPIED,OCCUPIED,0.7906243289736185
1102.0,cctv2,C2_S012,G018,OCCUPIED,OCCUPIED,0.750089671801437
1102.0,cctv2,C2_S013,G019,OCCUPIED,OCCUPIED,0.8181035857308996
1102.0,cctv2,C2_S014,G020,EMPTY,EMPTY,0.01
1102.0,cctv3,C3_S001,G021,OCCUPIED,LEAVING,0.7923351388085973
1102.0,cctv3,C3_S002,G019,EMPTY,EMPTY,0.01
1102.0,cctv3,C3_S003,G020,OCCUPIED,LEAVING,0.7943206489086152
1102.0,cctv3,C3_S004,G024,OCCUPIED,OCCUPIED,0.8287001612511549
1102.0,cctv3,C3_S005,G025,OCCUPIED,OCCUPIED,0.8250671392137354
1102.0,cctv3,C3_S006,G026,OCCUPIED,OCCUPIED,0.8247589208862999
1102.0,cctv3,C3_S007,G027,EMPTY,EMPTY,0.01
1102.0,cctv3,C3_S008,G028,EMPTY,EMPTY,0.01
1102.0,cctv3,C3_S009,G029,EMPTY,MANEUVERING,0.163105768371712
1102.0,cctv3,C3_S010,G007,OCCUPIED,OCCUPIED,0.51
1102.0,cctv3,C3_S011,G008,OCCUPIED,LEAVING,0.7839404719797048
1102.0,cctv3,C3_S012,G009,OCCUPIED,OCCUPIED,0.8245301138270986
1103.0,cctv1,C1_S001,G001,OCCUPIED,OCCUPIED,0.7277499440718782
1103.0,cctv1,C1_S002,G002,EMPTY,EMPTY,0.01
1103.0,cctv1,C1_S003,G003,OCCUPIED,OCCUPIED,0.8373801269314507
1103.0,cctv1,C1_S004,G004,OCCUPIED,OCCUPIED,0.7747821428559044
1103.0,cctv1,C1_S005,G005,OCCUPIED,OCCUPIED,0.7557395557110961
1103.0,cctv1,C1_S006,G006,EMPTY,MANEUVERING,0.49
1103.0,cctv2,C2_S001,G007,OCCUPIED,OCCUPIED,0.7985504982146351
1103.0,cctv2,C2_S002,G008,OCCUPIED,OCCUPIED,0.8286234573884445
1103.0,cctv2,C2_S003,G009,EMPTY,EMPTY,0.01
1103.0,cctv2,C2_S004,G010,OCCUPIED,OCCUPIED,0.8021981382911856
1103.0,cctv2,C2_S005,G001,EMPTY,EMPTY,0.01
1103.0,cctv2,C2_S006,G003,OCCUPIED,OCCUPIED,0.8183780212293972
1103.0,cctv2,C2_S007,G004,OCCUPIED,OCCUPIED,0.7949775462800807
1103.0,cctv2,C2_S008,G006,OCCUPIED,OCCUPIED,0.765528865158558
1103.0,cctv2,C2_S009,G005,OCCUPIED,OCCUPIED,0.7894058642062275
1103.0,cctv2,C2_S010,G002,EMPTY,EMPTY,0.01
1103.0,cctv2,C2_S011,G017,OCCUPIED,OCCUPIED,0.7841637437316505
1103.0,cctv2,C2_S012,G018,OCCUPIED,OCCUPIED,0.7493442619388755
1103.0,cctv2,C2_S013,G019,OCCUPIED,OCCUPIED,0.8186031674796885
1103.0,cctv2,C2_S014,G020,EMPTY,EMPTY,0.01
1103.0,cctv3,C3_S001,G021,OCCUPIED,OCCUPIED,0.7903944443572652
1103.0,cctv3,C3_S002,G019,EMPTY,EMPTY,0.01
1103.0,cctv3,C3_S003,G020,OCCUPIED,OCCUPIED,0.797361999208277
1103.0,cctv3,C3_S004,G024,OCCUPIED,OCCUPIED,0.8285930720242588
1103.0,cctv3,C3_S005,G025,OCCUPIED,OCCUPIED,0.825145527178591
1103.0,cctv3,C3_S006,G026,OCCUPIED,OCCUPIED,0.8249055613170971
1103.0,cctv3,C3_S007,G027,EMPTY,EMPTY,0.01
1103.0,cctv3,C3_S008,G028,EMPTY,EMPTY,0.01
1103.0,cctv3,C3_S009,G029,EMPTY,MANEUVERING,0.157105768371712
1103.0,cctv3,C3_S010,G007,OCCUPIED,LEAVING,0.51
1103.0,cctv3,C3_S011,G008,OCCUPIED,LEAVING,0.7846953463825314
1103.0,cctv3,C3_S012,G009,OCCUPIED,OCCUPIED,0.8243645345622843
1104.0,cctv1,C1_S001,G001,OCCUPIED,OCCUPIED,0.72602911953899
1104.0,cctv1,C1_S002,G002,EMPTY,EMPTY,0.01
1104.0,cctv1,C1_S003,G003,OCCUPIED,OCCUPIED,0.8374149907719006
1104.0,cctv1,C1_S004,G004,OCCUPIED,OCCUPIED,0.7751953745430167
1104.0,cctv1,C1_S005,G005,OCCUPIED,OCCUPIED,0.7547608534043486
1104.0,cctv1,C1_S006,G006,EMPTY,MANEUVERING,0.49
1104.0,cctv2,C2_S001,G007,OCCUPIED,OCCUPIED,0.7983605685559186
1104.0,cctv2,C2_S002,G008,OCCUPIED,OCCUPIED,0.829634220220826
1104.0,cctv2,C2_S003,G009,EMPTY,EMPTY,0.01
1104.0,cctv2,C2_S004,G010,OCCUPIED,OCCUPIED,0.8025965081019836
1104.0,cctv2,C2_S005,G001,EMPTY,EMPTY,0.01
1104.0,cctv2,C2_S006,G003,OCCUPIED,OCCUPIED,0.8179178671403365
1104.0,cctv2,C2_S007,G004,OCCUPIED,OCCUPIED,0.7952294926751744
1104.0,cctv2,C2_S008,G006,OCCUPIED,OCCUPIED,0.7650983819907362
1104.0,cctv2,C2_S009,G005,OCCUPIED,OCCUPIED,0.7898306675932625
1104.0,cctv2,C2_S010,G002,EMPTY,EMPTY,0.01
1104.0,cctv2,C2_S011,G017,OCCUPIED,OCCUPIED,0.7842610485851765
1104.0,cctv2,C2_S012,G018,OCCUPIED,OCCUPIED,0.7505092729221692
1104.0,cctv2,C2_S013,G019,OCCUPIED,OCCUPIED,0.8202048242092133
1104.0,cctv2,C2_S014,G020,EMPTY,EMPTY,0.01
1104.0,cctv3,C3_S001,G021,OCCUPIED,OCCUPIED,0.7867066125978124
1104.0,cctv3,C3_S002,G019,EMPTY,EMPTY,0.01
1104.0,cctv3,C3_S003,G020,OCCUPIED,LEAVING,0.7953987742012198
1104.0,cctv3,C3_S004,G024,OCCUPIED,OCCUPIED,0.8287209508093921
1104.0,cctv3,C3_S005,G025,OCCUPIED,OCCUPIED,0.8237278545444663
1104.0,cctv3,C3_S006,G026,OCCUPIED,OCCUPIED,0.824831373854117
1104.0,cctv3,C3_S007,G027,EMPTY,EMPTY,0.01
1104.0,cctv3,C3_S008,G028,EMPTY,EMPTY,0.01
1104.0,cctv3,C3_S009,G029,EMPTY,MANEUVERING,0.157105768371712
1104.0,cctv3,C3_S010,G007,OCCUPIED,LEAVING,0.51
1104.0,cctv3,C3_S011,G008,OCCUPIED,LEAVING,0.7864035233855248
1104.0,cctv3,C3_S012,G009,OCCUPIED,OCCUPIED,0.8243226075714285
1105.0,cctv1,C1_S001,G001,OCCUPIED,OCCUPIED,0.7254194071008401
1105.0,cctv1,C1_S002,G002,EMPTY,EMPTY,0.01
1105.0,cctv1,C1_S003,G003,OCCUPIED,OCCUPIED,0.8374507210471414
1105.0,cctv1,C1_S004,G004,OCCUPIED,OCCUPIED,0.7763638077811762
1105.0,cctv1,C1_S005,G005,OCCUPIED,OCCUPIED,0.7535464292222804
1105.0,cctv1,C1_S006,G006,EMPTY,MANEUVERING,0.49
1105.0,cctv2,C2_S001,G007,OCCUPIED,OCCUPIED,0.7984724483706735
1105.0,cctv2,C2_S002,G008,OCCUPIED,OCCUPIED,0.8298555284738541
1105.0,cctv2,C2_S003,G009,EMPTY,EMPTY,0.01
1105.0,cctv2,C2_S004,G010,OCCUPIED,OCCUPIED,0.8029265441677788
1105.0,cctv2,C2_S005,G001,EMPTY,EMPTY,0.01
1105.0,cctv2,C2_S006,G003,OCCUPIED,OCCUPIED,0.817612956870686
1105.0,cctv2,C2_S007,G004,OCCUPIED,OCCUPIED,0.7944604935971173
1105.0,cctv2,C2_S008,G006,OCCUPIED,OCCUPIED,0.7647619496692312
1105.0,cctv2,C2_S009,G005,OCCUPIED,OCCUPIED,0.7903060306202282
1105.0,cctv2,C2_S010,G002,EMPTY,EMPTY,0.01
1105.0,cctv2,C2_S011,G017,OCCUPIED,OCCUPIED,0.783973614126444
1105.0,cctv2,C2_S012,G018,OCCUPIED,OCCUPIED,0.7514196711507711
1105.0,cctv2,C2_S013,G019,OCCUPIED,OCCUPIED,0.8214754711497915
1105.0,cctv2,C2_S014,G020,EMPTY,EMPTY,0.01
1105.0,cctv3,C3_S001,G021,OCCUPIED,OCCUPIED,0.7829766356132248
1105.0,cctv3,C3_S002,G019,EMPTY,EMPTY,0.01
1105.0,cctv3,C3_S003,G020,OCCUPIED,LEAVING,0.7947072779590434
1105.0,cctv3,C3_S004,G024,OCCUPIED,OCCUPIED,0.8286946277726781
1105.0,cctv3,C3_S005,G025,OCCUPIED,OCCUPIED,0.8236961979757657
1105.0,cctv3,C3_S006,G026,OCCUPIED,OCCUPIED,0.8247203547846188
1105.0,cctv3,C3_S007,G027,EMPTY,EMPTY,0.01
1105.0,cctv3,C3_S008,G028,EMPTY,EMPTY,0.01
1105.0,cctv3,C3_S009,G029,EMPTY,MANEUVERING,0.112105768371712
1105.0,cctv3,C3_S010,G007,OCCUPIED,LEAVING,0.51
1105.0,cctv3,C3_S011,G008,OCCUPIED,LEAVING,0.7860534609718757
1105.0,cctv3,C3_S012,G009,OCCUPIED,OCCUPIED,0.8241061362353239
1106.0,cctv1,C1_S001,G001,OCCUPIED,OCCUPIED,0.7268418213521893
1106.0,cctv1,C1_S002,G002,EMPTY,EMPTY,0.01
1106.0,cctv1,C1_S003,G003,OCCUPIED,OCCUPIED,0.8374126036058773
1106.0,cctv1,C1_S004,G004,OCCUPIED,OCCUPIED,0.7766991131684997
1106.0,cctv1,C1_S005,G005,OCCUPIED,OCCUPIED,0.7537280497225849
1106.0,cctv1,C1_S006,G006,EMPTY,MANEUVERING,0.49
1106.0,cctv2,C2_S001,G007,OCCUPIED,OCCUPIED,0.7986473462798379
1106.0,cctv2,C2_S002,G008,OCCUPIED,OCCUPIED,0.8299723524938931
1106.0,cctv2,C2_S003,G009,EMPTY,EMPTY,0.01
1106.0,cctv2,C2_S004,G010,OCCUPIED,OCCUPIED,0.8028491640632803
1106.0,cctv2,C2_S005,G001,EMPTY,EMPTY,0.01
1106.0,cctv2,C2_S006,G003,OCCUPIED,OCCUPIED,0.8170517517761752
1106.0,cctv2,C2_S007,G004,OCCUPIED,OCCUPIED,0.793411427194422
1106.0,cctv2,C2_S008,G006,OCCUPIED,OCCUPIED,0.7638038211248138
1106.0,cctv2,C2_S009,G005,OCCUPIED,OCCUPIED,0.7903920287435706
1106.0,cctv2,C2_S010,G002,EMPTY,EMPTY,0.01
1106.0,cctv2,C2_S011,G017,OCCUPIED,OCCUPIED,0.7846076737073335
1106.0,cctv2,C2_S012,G018,OCCUPIED,OCCUPIED,0.7498327694155954
1106.0,cctv2,C2_S013,G019,OCCUPIED,OCCUPIED,0.8214349307797173
1106.0,cctv2,C2_S014,G020,EMPTY,EMPTY,0.01
1106.0,cctv3,C3_S001,G021,OCCUPIED,OCCUPIED,0.7801981869069013
1106.0,cctv3,C3_S002,G019,EMPTY,EMPTY,0.01
1106.0,cctv3,C3_S003,G020,OCCUPIED,LEAVING,0.7933736551891675
1106.0,cctv3,C3_S004,G024,OCCUPIED,OCCUPIED,0.8287237183614211
1106.0,cctv3,C3_S005,G025,OCCUPIED,OCCUPIED,0.8237385142933239
1106.0,cctv3,C3_S006,G026,OCCUPIED,OCCUPIED,0.8246120138601823
1106.0,cctv3,C3_S007,G027,EMPTY,EMPTY,0.01
1106.0,cctv3,C3_S008,G028,EMPTY,EMPTY,0.01
1106.0,cctv3,C3_S009,G029,EMPTY,MANEUVERING,0.112105768371712
1106.0,cctv3,C3_S010,G007,OCCUPIED,LEAVING,0.51
1106.0,cctv3,C3_S011,G008,OCCUPIED,LEAVING,0.7873321212150834
1106.0,cctv3,C3_S012,G009,OCCUPIED,OCCUPIED,0.8236987834626979
1107.0,cctv1,C1_S001,G001,OCCUPIED,OCCUPIED,0.7278997410766104
1107.0,cctv1,C1_S002,G002,EMPTY,EMPTY,0.01
1107.0,cctv1,C1_S003,G003,OCCUPIED,OCCUPIED,0.8374408887191253
1107.0,cctv1,C1_S004,G004,OCCUPIED,OCCUPIED,0.7766624372113835
1107.0,cctv1,C1_S005,G005,OCCUPIED,OCCUPIED,0.7525292518464002
1107.0,cctv1,C1_S006,G006,EMPTY,MANEUVERING,0.49
1107.0,cctv2,C2_S001,G007,OCCUPIED,OCCUPIED,0.800357920202342
1107.0,cctv2,C2_S002,G008,OCCUPIED,OCCUPIED,0.8309316022829576
1107.0,cctv2,C2_S003,G009,EMPTY,EMPTY,0.01
1107.0,cctv2,C2_S004,G010,OCCUPIED,OCCUPIED,0.8017692676999353
1107.0,cctv2,C2_S005,G001,EMPTY,EMPTY,0.01
1107.0,cctv2,C2_S006,G003,OCCUPIED,OCCUPIED,0.817037229646336
1107.0,cctv2,C2_S007,G004,OCCUPIED,OCCUPIED,0.7926381918517027
1107.0,cctv2,C2_S008,G006,OCCUPIED,OCCUPIED,0.7635273390195587
1107.0,cctv2,C2_S009,G005,OCCUPIED,OCCUPIED,0.7915266421708195
1107.0,cctv2,C2_S010,G002,EMPTY,EMPTY,0.01
1107.0,cctv2,C2_S011,G017,OCCUPIED,LEAVING,0.777930630540306
1107.0,cctv2,C2_S012,G018,OCCUPIED,OCCUPIED,0.7502519263462587
1107.0,cctv2,C2_S013,G019,OCCUPIED,OCCUPIED,0.8218546135859056
1107.0,cctv2,C2_S014,G020,EMPTY,EMPTY,0.01
1107.0,cctv3,C3_S001,G021,OCCUPIED,OCCUPIED,0.7769719694148411
1107.0,cctv3,C3_S002,G019,EMPTY,EMPTY,0.01
1107.0,cctv3,C3_S003,G020,OCCUPIED,LEAVING,0.7914441666819834
1107.0,cctv3,C3_S004,G024,OCCUPIED,OCCUPIED,0.8284645251252435
1107.0,cctv3,C3_S005,G025,OCCUPIED,OCCUPIED,0.8236984811045908
1107.0,cctv3,C3_S006,G026,OCCUPIED,OCCUPIED,0.8244080204855313
1107.0,cctv3,C3_S007,G027,EMPTY,EMPTY,0.01
1107.0,cctv3,C3_S008,G028,EMPTY,EMPTY,0.01
1107.0,cctv3,C3_S009,G029,EMPTY,MANEUVERING,0.112105768371712
1107.0,cctv3,C3_S010,G007,OCCUPIED,LEAVING,0.51
1107.0,cctv3,C3_S011,G008,OCCUPIED,LEAVING,0.7882151759483598
1107.0,cctv3,C3_S012,G009,OCCUPIED,OCCUPIED,0.8230483859777451
1108.0,cctv1,C1_S001,G001,OCCUPIED,OCCUPIED,0.7272103812545538
1108.0,cctv1,C1_S002,G002,EMPTY,EMPTY,0.01
1108.0,cctv1,C1_S003,G003,OCCUPIED,OCCUPIED,0.8374925342473117
1108.0,cctv1,C1_S004,G004,OCCUPIED,OCCUPIED,0.7768687567927621
1108.0,cctv1,C1_S005,G005,OCCUPIED,OCCUPIED,0.7520357257940553
1108.0,cctv1,C1_S006,G006,EMPTY,MANEUVERING,0.49
1108.0,cctv2,C2_S001,G007,OCCUPIED,OCCUPIED,0.798987517844547
1108.0,cctv2,C2_S002,G008,OCCUPIED,OCCUPIED,0.8307543716647409
1108.0,cctv2,C2_S003,G009,EMPTY,EMPTY,0.01
1108.0,cctv2,C2_S004,G010,OCCUPIED,OCCUPIED,0.8008675228465688
1108.0,cctv2,C2_S005,G001,EMPTY,EMPTY,0.01
1108.0,cctv2,C2_S006,G003,OCCUPIED,OCCUPIED,0.8170255766673522
1108.0,cctv2,C2_S007,G004,OCCUPIED,OCCUPIED,0.793364760821516
1108.0,cctv2,C2_S008,G006,OCCUPIED,OCCUPIED,0.7644568593664604
1108.0,cctv2,C2_S009,G005,OCCUPIED,OCCUPIED,0.7913011033426632
1108.0,cctv2,C2_S010,G002,EMPTY,EMPTY,0.01
1108.0,cctv2,C2_S011,G017,OCCUPIED,LEAVING,0.6940879289467227
1108.0,cctv2,C2_S012,G018,OCCUPIED,OCCUPIED,0.7524871675805612
1108.0,cctv2,C2_S013,G019,OCCUPIED,OCCUPIED,0.8220311882820996
1108.0,cctv2,C2_S014,G020,EMPTY,EMPTY,0.01
1108.0,cctv3,C3_S001,G021,OCCUPIED,LEAVING,0.7731952915137466
1108.0,cctv3,C3_S002,G019,EMPTY,EMPTY,0.01
1108.0,cctv3,C3_S003,G020,OCCUPIED,LEAVING,0.7946637010032481
1108.0,cctv3,C3_S004,G024,OCCUPIED,OCCUPIED,0.8283569904890928
1108.0,cctv3,C3_S005,G025,OCCUPIED,OCCUPIED,0.8227939443154769
1108.0,cctv3,C3_S006,G026,OCCUPIED,OCCUPIED,0.8242870552973315
1108.0,cctv3,C3_S007,G027,EMPTY,EMPTY,0.01
1108.0,cctv3,C3_S008,G028,EMPTY,EMPTY,0.01
1108.0,cctv3,C3_S009,G029,EMPTY,MANEUVERING,0.112105768371712
1108.0,cctv3,C3_S010,G007,OCCUPIED,LEAVING,0.51
1108.0,cctv3,C3_S011,G008,OCCUPIED,LEAVING,0.7882212670011954
1108.0,cctv3,C3_S012,G009,OCCUPIED,OCCUPIED,0.8230054901404815
1109.0,cctv1,C1_S001,G001,OCCUPIED,LEAVING,0.7271335428749974
1109.0,cctv1,C1_S002,G002,EMPTY,EMPTY,0.01
1109.0,cctv1,C1_S003,G003,OCCUPIED,OCCUPIED,0.8373602737079968
1109.0,cctv1,C1_S004,G004,OCCUPIED,OCCUPIED,0.7749305559830233
1109.0,cctv1,C1_S005,G005,OCCUPIED,OCCUPIED,0.7504987464709716
1109.0,cctv1,C1_S006,G006,EMPTY,MANEUVERING,0.49
1109.0,cctv2,C2_S001,G007,OCCUPIED,OCCUPIED,0.7967670031569222
1109.0,cctv2,C2_S002,G008,OCCUPIED,OCCUPIED,0.8301162091168491
1109.0,cctv2,C2_S003,G009,EMPTY,EMPTY,0.01
1109.0,cctv2,C2_S004,G010,OCCUPIED,OCCUPIED,0.7987528871406209
1109.0,cctv2,C2_S005,G001,EMPTY,EMPTY,0.01
1109.0,cctv2,C2_S006,G003,OCCUPIED,OCCUPIED,0.8165976359085604
1109.0,cctv2,C2_S007,G004,OCCUPIED,OCCUPIED,0.7941518257964741
1109.0,cctv2,C2_S008,G006,OCCUPIED,OCCUPIED,0.7655663295225664
1109.0,cctv2,C2_S009,G005,OCCUPIED,OCCUPIED,0.7919906627048147
1109.0,cctv2,C2_S010,G002,EMPTY,EMPTY,0.01
1109.0,cctv2,C2_S011,G017,OCCUPIED,LEAVING,0.6928878880698572
1109.0,cctv2,C2_S012,G018,OCCUPIED,OCCUPIED,0.7488993427970193
1109.0,cctv2,C2_S013,G019,OCCUPIED,OCCUPIED,0.8218779406764292
1109.0,cctv2,C2_S014,G020,EMPTY,EMPTY,0.01
1109.0,cctv3,C3_S001,G021,OCCUPIED,LEAVING,0.7717223336750811
1109.0,cctv3,C3_S002,G019,EMPTY,EMPTY,0.01
1109.0,cctv3,C3_S003,G020,OCCUPIED,LEAVING,0.7963178404352882
1109.0,cctv3,C3_S004,G024,OCCUPIED,OCCUPIED,0.8283293182199652
1109.0,cctv3,C3_S005,G025,OCCUPIED,OCCUPIED,0.8230100149458106
1109.0,cctv3,C3_S006,G026,OCCUPIED,OCCUPIED,0.8240025184371256
1109.0,cctv3,C3_S007,G027,EMPTY,EMPTY,0.01
1109.0,cctv3,C3_S008,G028,EMPTY,EMPTY,0.01
1109.0,cctv3,C3_S009,G029,EMPTY,MANEUVERING,0.112105768371712
1109.0,cctv3,C3_S010,G007,OCCUPIED,LEAVING,0.51
1109.0,cctv3,C3_S011,G008,OCCUPIED,LEAVING,0.7940300843932413
1109.0,cctv3,C3_S012,G009,OCCUPIED,OCCUPIED,0.8225628955797716
1110.0,cctv1,C1_S001,G001,OCCUPIED,LEAVING,0.7267650303176859
1110.0,cctv1,C1_S002,G002,EMPTY,EMPTY,0.01
1110.0,cctv1,C1_S003,G003,OCCUPIED,OCCUPIED,0.8372198080474681
1110.0,cctv1,C1_S004,G004,OCCUPIED,OCCUPIED,0.7745505584911867
1110.0,cctv1,C1_S005,G005,OCCUPIED,OCCUPIED,0.7504965190183033
1110.0,cctv1,C1_S006,G006,EMPTY,MANEUVERING,0.49
1110.0,cctv2,C2_S001,G007,OCCUPIED,OCCUPIED,0.7960393767465246
1110.0,cctv2,C2_S002,G008,OCCUPIED,OCCUPIED,0.8307411638173191
1110.0,cctv2,C2_S003,G009,EMPTY,EMPTY,0.01
1110.0,cctv2,C2_S004,G010,OCCUPIED,OCCUPIED,0.7984838575124741
1110.0,cctv2,C2_S005,G001,EMPTY,EMPTY,0.01
1110.0,cctv2,C2_S006,G003,OCCUPIED,OCCUPIED,0.8158718220212243
1110.0,cctv2,C2_S007,G004,OCCUPIED,OCCUPIED,0.7947785149921072
1110.0,cctv2,C2_S008,G006,OCCUPIED,OCCUPIED,0.7645803446119482
1110.0,cctv2,C2_S009,G005,OCCUPIED,OCCUPIED,0.792287746613676
1110.0,cctv2,C2_S010,G002,EMPTY,EMPTY,0.01
1110.0,cctv2,C2_S011,G017,OCCUPIED,LEAVING,0.6953354806859385
1110.0,cctv2,C2_S012,G018,OCCUPIED,OCCUPIED,0.7517271469939839
1110.0,cctv2,C2_S013,G019,OCCUPIED,OCCUPIED,0.8231566911393946
1110.0,cctv2,C2_S014,G020,EMPTY,EMPTY,0.01
1110.0,cctv3,C3_S001,G021,OCCUPIED,LEAVING,0.7686974854631858
1110.0,cctv3,C3_S002,G019,EMPTY,EMPTY,0.01
1110.0,cctv3,C3_S003,G020,OCCUPIED,LEAVING,0.7928982507098805
1110.0,cctv3,C3_S004,G024,OCCUPIED,OCCUPIED,0.8285702220418237
1110.0,cctv3,C3_S005,G025,OCCUPIED,OCCUPIED,0.8228995241902092
1110.0,cctv3,C3_S006,G026,OCCUPIED,OCCUPIED,0.8239404179833153
1110.0,cctv3,C3_S007,G027,EMPTY,EMPTY,0.01
1110.0,cctv3,C3_S008,G028,EMPTY,EMPTY,0.01
1110.0,cctv3,C3_S009,G029,EMPTY,MANEUVERING,0.112105768371712
1110.0,cctv3,C3_S010,G007,OCCUPIED,LEAVING,0.51
1110.0,cctv3,C3_S011,G008,OCCUPIED,LEAVING,0.7934370943091134
1110.0,cctv3,C3_S012,G009,OCCUPIED,OCCUPIED,0.8224156593734568
1111.0,cctv1,C1_S001,G001,OCCUPIED,OCCUPIED,0.7257304588163441
1111.0,cctv1,C1_S002,G002,EMPTY,EMPTY,0.01
1111.0,cctv1,C1_S003,G003,OCCUPIED,OCCUPIED,0.8371168339794333
1111.0,cctv1,C1_S004,G004,OCCUPIED,OCCUPIED,0.775600442154841
1111.0,cctv1,C1_S005,G005,OCCUPIED,OCCUPIED,0.7486885662783277
1111.0,cctv1,C1_S006,G006,EMPTY,MANEUVERING,0.443567569831362
1111.0,cctv2,C2_S001,G007,OCCUPIED,OCCUPIED,0.7938319886272605
1111.0,cctv2,C2_S002,G008,OCCUPIED,OCCUPIED,0.8308234296061776
1111.0,cctv2,C2_S003,G009,EMPTY,EMPTY,0.01
1111.0,cctv2,C2_S004,G010,OCCUPIED,OCCUPIED,0.797834049300714
1111.0,cctv2,C2_S005,G001,EMPTY,EMPTY,0.01
1111.0,cctv2,C2_S006,G003,OCCUPIED,OCCUPIED,0.8158976484428753
1111.0,cctv2,C2_S007,G004,OCCUPIED,OCCUPIED,0.7953284499320118
1111.0,cctv2,C2_S008,G006,OCCUPIED,OCCUPIED,0.7634204090996223
1111.0,cctv2,C2_S009,G005,OCCUPIED,OCCUPIED,0.7919330756772649
1111.0,cctv2,C2_S010,G002,EMPTY,EMPTY,0.01
1111.0,cctv2,C2_S011,G017,OCCUPIED,LEAVING,0.6977670560438525
1111.0,cctv2,C2_S012,G018,OCCUPIED,OCCUPIED,0.7548459615219724
1111.0,cctv2,C2_S013,G019,OCCUPIED,OCCUPIED,0.8236168484796178
1111.0,cctv2,C2_S014,G020,EMPTY,EMPTY,0.01
1111.0,cctv3,C3_S001,G021,OCCUPIED,LEAVING,0.7636504861441527
1111.0,cctv3,C3_S002,G019,EMPTY,EMPTY,0.01
1111.0,cctv3,C3_S003,G020,OCCUPIED,LEAVING,0.7125550263036381
1111.0,cctv3,C3_S004,G024,OCCUPIED,OCCUPIED,0.8285600678487258
1111.0,cctv3,C3_S005,G025,OCCUPIED,OCCUPIED,0.8226804527369413
1111.0,cctv3,C3_S006,G026,OCCUPIED,OCCUPIED,0.8240152727473866
1111.0,cctv3,C3_S007,G027,EMPTY,EMPTY,0.01
1111.0,cctv3,C3_S008,G028,EMPTY,EMPTY,0.01
1111.0,cctv3,C3_S009,G029,EMPTY,MANEUVERING,0.112105768371712
1111.0,cctv3,C3_S010,G007,OCCUPIED,OCCUPIED,0.51
1111.0,cctv3,C3_S011,G008,OCCUPIED,LEAVING,0.7934736853296107
1111.0,cctv3,C3_S012,G009,OCCUPIED,OCCUPIED,0.8225701708685269
1112.0,cctv1,C1_S001,G001,OCCUPIED,OCCUPIED,0.7267648352479393
1112.0,cctv1,C1_S002,G002,EMPTY,EMPTY,0.01
1112.0,cctv1,C1_S003,G003,OCCUPIED,OCCUPIED,0.8370270319960335
1112.0,cctv1,C1_S004,G004,OCCUPIED,OCCUPIED,0.7758963462981312
1112.0,cctv1,C1_S005,G005,OCCUPIED,OCCUPIED,0.7500078209421852
1112.0,cctv1,C1_S006,G006,EMPTY,MANEUVERING,0.4070027344768697
1112.0,cctv2,C2_S001,G007,OCCUPIED,OCCUPIED,0.7931716068224474
1112.0,cctv2,C2_S002,G008,OCCUPIED,OCCUPIED,0.8307350971482017
1112.0,cctv2,C2_S003,G009,EMPTY,EMPTY,0.01
1112.0,cctv2,C2_S004,G010,OCCUPIED,OCCUPIED,0.7962145030498505
1112.0,cctv2,C2_S005,G001,EMPTY,EMPTY,0.01
1112.0,cctv2,C2_S006,G003,OCCUPIED,OCCUPIED,0.8158073595978997
1112.0,cctv2,C2_S007,G004,OCCUPIED,OCCUPIED,0.7955734461545945
1112.0,cctv2,C2_S008,G006,OCCUPIED,OCCUPIED,0.7624427284706723
1112.0,cctv2,C2_S009,G005,OCCUPIED,OCCUPIED,0.7916639639572665
1112.0,cctv2,C2_S010,G002,EMPTY,EMPTY,0.01
1112.0,cctv2,C2_S011,G017,OCCUPIED,OCCUPIED,0.7426210808415306
1112.0,cctv2,C2_S012,G018,OCCUPIED,OCCUPIED,0.7588723226027055
1112.0,cctv2,C2_S013,G019,OCCUPIED,OCCUPIED,0.8254674353382805
1112.0,cctv2,C2_S014,G020,EMPTY,EMPTY,0.01
1112.0,cctv3,C3_S001,G021,OCCUPIED,LEAVING,0.7617689819498497
1112.0,cctv3,C3_S002,G019,EMPTY,EMPTY,0.01
1112.0,cctv3,C3_S003,G020,OCCUPIED,LEAVING,0.7090911250222813
1112.0,cctv3,C3_S004,G024,OCCUPIED,OCCUPIED,0.8286363929510117
1112.0,cctv3,C3_S005,G025,OCCUPIED,OCCUPIED,0.8234130038456484
1112.0,cctv3,C3_S006,G026,OCCUPIED,OCCUPIED,0.8240393622355028
1112.0,cctv3,C3_S007,G027,EMPTY,EMPTY,0.01
1112.0,cctv3,C3_S008,G028,EMPTY,EMPTY,0.01
1112.0,cctv3,C3_S009,G029,EMPTY,EMPTY,0.01
1112.0,cctv3,C3_S010,G007,OCCUPIED,OCCUPIED,0.51
1112.0,cctv3,C3_S011,G008,OCCUPIED,OCCUPIED,0.7939412398771807
1112.0,cctv3,C3_S012,G009,OCCUPIED,OCCUPIED,0.8225087718530135
1113.0,cctv1,C1_S001,G001,OCCUPIED,OCCUPIED,0.7263919933614407
1113.0,cctv1,C1_S002,G002,EMPTY,EMPTY,0.01
1113.0,cctv1,C1_S003,G003,OCCUPIED,OCCUPIED,0.8369251478802074
1113.0,cctv1,C1_S004,G004,OCCUPIED,OCCUPIED,0.7746178323572332
1113.0,cctv1,C1_S005,G005,OCCUPIED,OCCUPIED,0.7494625160639937
1113.0,cctv1,C1_S006,G006,EMPTY,MANEUVERING,0.3249563376361673
1113.0,cctv2,C2_S001,G007,OCCUPIED,OCCUPIED,0.793113860487938
1113.0,cctv2,C2_S002,G008,OCCUPIED,OCCUPIED,0.8314305549318141
1113.0,cctv2,C2_S003,G009,EMPTY,EMPTY,0.01
1113.0,cctv2,C2_S004,G010,OCCUPIED,OCCUPIED,0.7977505887096579
1113.0,cctv2,C2_S005,G001,EMPTY,EMPTY,0.01
1113.0,cctv2,C2_S006,G003,OCCUPIED,OCCUPIED,0.8156996453350241
1113.0,cctv2,C2_S007,G004,OCCUPIED,OCCUPIED,0.7944044069810348
1113.0,cctv2,C2_S008,G006,OCCUPIED,OCCUPIED,0.7634627656503158
1113.0,cctv2,C2_S009,G005,OCCUPIED,OCCUPIED,0.7918199189684608
1113.0,cctv2,C2_S010,G002,EMPTY,EMPTY,0.01
1113.0,cctv2,C2_S011,G017,OCCUPIED,OCCUPIED,0.7466310412098062
1113.0,cctv2,C2_S012,G018,OCCUPIED,OCCUPIED,0.7625841154293581
1113.0,cctv2,C2_S013,G019,OCCUPIED,OCCUPIED,0.8257869351993908
1113.0,cctv2,C2_S014,G020,EMPTY,EMPTY,0.01
1113.0,cctv3,C3_S001,G021,OCCUPIED,LEAVING,0.7563577358018269
1113.0,cctv3,C3_S002,G019,EMPTY,EMPTY,0.01
1113.0,cctv3,C3_S003,G020,OCCUPIED,LEAVING,0.7144259958375584
1113.0,cctv3,C3_S004,G024,OCCUPIED,OCCUPIED,0.8290203804319556
1113.0,cctv3,C3_S005,G025,OCCUPIED,OCCUPIED,0.824068252064965
1113.0,cctv3,C3_S006,G026,OCCUPIED,OCCUPIED,0.8240560886534778
1113.0,cctv3,C3_S007,G027,EMPTY,EMPTY,0.01
1113.0,cctv3,C3_S008,G028,EMPTY,EMPTY,0.01
1113.0,cctv3,C3_S009,G029,EMPTY,EMPTY,0.01
1113.0,cctv3,C3_S010,G007,OCCUPIED,OCCUPIED,0.5459599924629385
1113.0,cctv3,C3_S011,G008,OCCUPIED,OCCUPIED,0.794267781756141
1113.0,cctv3,C3_S012,G009,OCCUPIED,OCCUPIED,0.8231592522426086
1114.0,cctv1,C1_S001,G001,OCCUPIED,OCCUPIED,0.7266628275879405
1114.0,cctv1,C1_S002,G002,EMPTY,EMPTY,0.01
1114.0,cctv1,C1_S003,G003,OCCUPIED,OCCUPIED,0.836823032931848
1114.0,cctv1,C1_S004,G004,OCCUPIED,OCCUPIED,0.7757387754592029
1114.0,cctv1,C1_S005,G005,OCCUPIED,OCCUPIED,0.7498589884151112
1114.0,cctv1,C1_S006,G006,EMPTY,MANEUVERING,0.289072816574438
1114.0,cctv2,C2_S001,G007,OCCUPIED,OCCUPIED,0.7933055205778643
1114.0,cctv2,C2_S002,G008,OCCUPIED,OCCUPIED,0.8318575496023353
1114.0,cctv2,C2_S003,G009,EMPTY,EMPTY,0.01
1114.0,cctv2,C2_S004,G010,OCCUPIED,OCCUPIED,0.7972738122398204
1114.0,cctv2,C2_S005,G001,EMPTY,EMPTY,0.01
1114.0,cctv2,C2_S006,G003,OCCUPIED,OCCUPIED,0.8156195895238356
1114.0,cctv2,C2_S007,G004,OCCUPIED,OCCUPIED,0.7941161816770381
1114.0,cctv2,C2_S008,G006,OCCUPIED,OCCUPIED,0.762906631150029
1114.0,cctv2,C2_S009,G005,OCCUPIED,OCCUPIED,0.7920246178453619
1114.0,cctv2,C2_S010,G002,EMPTY,EMPTY,0.01
1114.0,cctv2,C2_S011,G017,OCCUPIED,OCCUPIED,0.7501899315823208
1114.0,cctv2,C2_S012,G018,OCCUPIED,OCCUPIED,0.7645031148737128
1114.0,cctv2,C2_S013,G019,OCCUPIED,OCCUPIED,0.8271477352489125
1114.0,cctv2,C2_S014,G020,EMPTY,EMPTY,0.01
1114.0,cctv3,C3_S001,G021,OCCUPIED,LEAVING,0.7581805569204418
1114.0,cctv3,C3_S002,G019,EMPTY,EMPTY,0.01
1114.0,cctv3,C3_S003,G020,OCCUPIED,LEAVING,0.7148970310796391
1114.0,cctv3,C3_S004,G024,OCCUPIED,OCCUPIED,0.8292964764616707
1114.0,cctv3,C3_S005,G025,OCCUPIED,OCCUPIED,0.8242579305713827
1114.0,cctv3,C3_S006,G026,OCCUPIED,OCCUPIED,0.8238852611996912
1114.0,cctv3,C3_S007,G027,EMPTY,EMPTY,0.01
1114.0,cctv3,C3_S008,G028,EMPTY,EMPTY,0.01
1114.0,cctv3,C3_S009,G029,EMPTY,EMPTY,0.01
1114.0,cctv3,C3_S010,G007,OCCUPIED,OCCUPIED,0.51
1114.0,cctv3,C3_S011,G008,OCCUPIED,OCCUPIED,0.7942149267955261
1114.0,cctv3,C3_S012,G009,OCCUPIED,OCCUPIED,0.8232755024324765
1115.0,cctv1,C1_S001,G001,OCCUPIED,OCCUPIED,0.7270188310945577
1115.0,cctv1,C1_S002,G002,EMPTY,EMPTY,0.01
1115.0,cctv1,C1_S003,G003,OCCUPIED,OCCUPIED,0.8367670438506387
1115.0,cctv1,C1_S004,G004,OCCUPIED,OCCUPIED,0.7751504134048116
1115.0,cctv1,C1_S005,G005,OCCUPIED,OCCUPIED,0.7530469592322003
1115.0,cctv1,C1_S006,G006,EMPTY,MANEUVERING,0.2530247843834486
1115.0,cctv2,C2_S001,G007,OCCUPIED,OCCUPIED,0.7925124905326151
1115.0,cctv2,C2_S002,G008,OCCUPIED,OCCUPIED,0.8315996373241599
1115.0,cctv2,C2_S003,G009,EMPTY,EMPTY,0.01
1115.0,cctv2,C2_S004,G010,OCCUPIED,OCCUPIED,0.7978569269180299
1115.0,cctv2,C2_S005,G001,EMPTY,EMPTY,0.01
1115.0,cctv2,C2_S006,G003,OCCUPIED,OCCUPIED,0.8160385326905685
1115.0,cctv2,C2_S007,G004,OCCUPIED,OCCUPIED,0.795110709829764
1115.0,cctv2,C2_S008,G006,OCCUPIED,OCCUPIED,0.7627811171791771
1115.0,cctv2,C2_S009,G005,OCCUPIED,OCCUPIED,0.7923249512910844
1115.0,cctv2,C2_S010,G002,EMPTY,EMPTY,0.01
1115.0,cctv2,C2_S011,G017,OCCUPIED,OCCUPIED,0.7509747101772916
1115.0,cctv2,C2_S012,G018,OCCUPIED,OCCUPIED,0.7666323511437937
1115.0,cctv2,C2_S013,G019,OCCUPIED,OCCUPIED,0.8276950204914267
1115.0,cctv2,C2_S014,G020,EMPTY,EMPTY,0.01
1115.0,cctv3,C3_S001,G021,OCCUPIED,LEAVING,0.7620663926005364
1115.0,cctv3,C3_S002,G019,EMPTY,EMPTY,0.01
1115.0,cctv3,C3_S003,G020,OCCUPIED,LEAVING,0.7652139230478894
1115.0,cctv3,C3_S004,G024,OCCUPIED,OCCUPIED,0.8293646476485513
1115.0,cctv3,C3_S005,G025,OCCUPIED,OCCUPIED,0.8251809916713022
1115.0,cctv3,C3_S006,G026,OCCUPIED,OCCUPIED,0.8238947586579757
1115.0,cctv3,C3_S007,G027,EMPTY,EMPTY,0.01
1115.0,cctv3,C3_S008,G028,EMPTY,EMPTY,0.01
1115.0,cctv3,C3_S009,G029,EMPTY,EMPTY,0.01
1115.0,cctv3,C3_S010,G007,OCCUPIED,OCCUPIED,0.5462265608256514
1115.0,cctv3,C3_S011,G008,OCCUPIED,OCCUPIED,0.7940864042802291
1115.0,cctv3,C3_S012,G009,OCCUPIED,OCCUPIED,0.8231363445520401
1116.0,cctv1,C1_S001,G001,OCCUPIED,OCCUPIED,0.7270775672048331
1116.0,cctv1,C1_S002,G002,EMPTY,EMPTY,0.01
1116.0,cctv1,C1_S003,G003,OCCUPIED,OCCUPIED,0.836619690602476
1116.0,cctv1,C1_S004,G004,OCCUPIED,OCCUPIED,0.775008434328166
1116.0,cctv1,C1_S005,G005,OCCUPIED,OCCUPIED,0.7418671913472089
1116.0,cctv1,C1_S006,G006,EMPTY,MANEUVERING,0.2959113087328997
1116.0,cctv2,C2_S001,G007,OCCUPIED,OCCUPIED,0.792136083949696
1116.0,cctv2,C2_S002,G008,OCCUPIED,OCCUPIED,0.831276700984348
1116.0,cctv2,C2_S003,G009,EMPTY,EMPTY,0.01
1116.0,cctv2,C2_S004,G010,OCCUPIED,OCCUPIED,0.7962541818618775
1116.0,cctv2,C2_S005,G001,EMPTY,EMPTY,0.01
1116.0,cctv2,C2_S006,G003,OCCUPIED,OCCUPIED,0.8161116236990149
1116.0,cctv2,C2_S007,G004,OCCUPIED,OCCUPIED,0.7957895436070183
1116.0,cctv2,C2_S008,G006,OCCUPIED,OCCUPIED,0.763365273448554
1116.0,cctv2,C2_S009,G005,OCCUPIED,OCCUPIED,0.7916552817279643
1116.0,cctv2,C2_S010,G002,EMPTY,EMPTY,0.01
1116.0,cctv2,C2_S011,G017,OCCUPIED,OCCUPIED,0.7529063432325017
1116.0,cctv2,C2_S012,G018,OCCUPIED,OCCUPIED,0.7639207995750688
1116.0,cctv2,C2_S013,G019,OCCUPIED,OCCUPIED,0.8262146605686709
1116.0,cctv2,C2_S014,G020,EMPTY,EMPTY,0.01
1116.0,cctv3,C3_S001,G021,OCCUPIED,LEAVING,0.7672768782485616
1116.0,cctv3,C3_S002,G019,EMPTY,EMPTY,0.01
1116.0,cctv3,C3_S003,G020,OCCUPIED,LEAVING,0.768971362601627
1116.0,cctv3,C3_S004,G024,OCCUPIED,OCCUPIED,0.8295689897103744
1116.0,cctv3,C3_S005,G025,OCCUPIED,OCCUPIED,0.8255909104238858
1116.0,cctv3,C3_S006,G026,OCCUPIED,OCCUPIED,0.8241487906737761
1116.0,cctv3,C3_S007,G027,EMPTY,EMPTY,0.01
1116.0,cctv3,C3_S008,G028,EMPTY,EMPTY,0.01
1116.0,cctv3,C3_S009,G029,EMPTY,EMPTY,0.01
1116.0,cctv3,C3_S010,G007,OCCUPIED,OCCUPIED,0.583751203920934
1116.0,cctv3,C3_S011,G008,OCCUPIED,OCCUPIED,0.7940484258261594
1116.0,cctv3,C3_S012,G009,OCCUPIED,OCCUPIED,0.823543574593284
1117.0,cctv1,C1_S001,G001,OCCUPIED,OCCUPIED,0.7263263460926035
1117.0,cctv1,C1_S002,G002,EMPTY,EMPTY,0.01
1117.0,cctv1,C1_S003,G003,OCCUPIED,OCCUPIED,0.8366031267426232
1117.0,cctv1,C1_S004,G004,OCCUPIED,OCCUPIED,0.7743158912116832
1117.0,cctv1,C1_S005,G005,OCCUPIED,OCCUPIED,0.7444208996133372
1117.0,cctv1,C1_S006,G006,EMPTY,MANEUVERING,0.2959113087328997
1117.0,cctv2,C2_S001,G007,OCCUPIED,OCCUPIED,0.7929489200765437
1117.0,cctv2,C2_S002,G008,OCCUPIED,OCCUPIED,0.8311082810163498
1117.0,cctv2,C2_S003,G009,EMPTY,EMPTY,0.01
1117.0,cctv2,C2_S004,G010,OCCUPIED,OCCUPIED,0.7960288047790528
1117.0,cctv2,C2_S005,G001,EMPTY,EMPTY,0.01
1117.0,cctv2,C2_S006,G003,OCCUPIED,OCCUPIED,0.8159774726087398
1117.0,cctv2,C2_S007,G004,OCCUPIED,OCCUPIED,0.7967819698832252
1117.0,cctv2,C2_S008,G006,OCCUPIED,OCCUPIED,0.7648389587348159
1117.0,cctv2,C2_S009,G005,OCCUPIED,OCCUPIED,0.7907457991079851
1117.0,cctv2,C2_S010,G002,EMPTY,EMPTY,0.01
1117.0,cctv2,C2_S011,G017,OCCUPIED,OCCUPIED,0.7541559611667287
1117.0,cctv2,C2_S012,G018,OCCUPIED,OCCUPIED,0.6845749822665345
1117.0,cctv2,C2_S013,G019,OCCUPIED,OCCUPIED,0.8257057691162284
1117.0,cctv2,C2_S014,G020,EMPTY,EMPTY,0.01
1117.0,cctv3,C3_S001,G021,OCCUPIED,LEAVING,0.6859425047446381
1117.0,cctv3,C3_S002,G019,EMPTY,EMPTY,0.01
1117.0,cctv3,C3_S003,G020,OCCUPIED,LEAVING,0.7736231981624258
1117.0,cctv3,C3_S004,G024,OCCUPIED,OCCUPIED,0.8297829828479074
1117.0,cctv3,C3_S005,G025,OCCUPIED,OCCUPIED,0.8252551466226579
1117.0,cctv3,C3_S006,G026,OCCUPIED,OCCUPIED,0.8243175365708092
1117.0,cctv3,C3_S007,G027,EMPTY,EMPTY,0.01
1117.0,cctv3,C3_S008,G028,EMPTY,EMPTY,0.01
1117.0,cctv3,C3_S009,G029,EMPTY,EMPTY,0.01
1117.0,cctv3,C3_S010,G007,OCCUPIED,OCCUPIED,0.51
1117.0,cctv3,C3_S011,G008,OCCUPIED,OCCUPIED,0.7952576127919284
1117.0,cctv3,C3_S012,G009,OCCUPIED,OCCUPIED,0.823834750327197
1118.0,cctv1,C1_S001,G001,OCCUPIED,OCCUPIED,0.7249632456424562
1118.0,cctv1,C1_S002,G002,EMPTY,EMPTY,0.01
1118.0,cctv1,C1_S003,G003,OCCUPIED,OCCUPIED,0.8366351775147699
1118.0,cctv1,C1_S004,G004,OCCUPIED,OCCUPIED,0.7741260420192373
1118.0,cctv1,C1_S005,G005,OCCUPIED,OCCUPIED,0.7465472512895411
1118.0,cctv1,C1_S006,G006,EMPTY,MANEUVERING,0.2575470268211581
1118.0,cctv2,C2_S001,G007,OCCUPIED,OCCUPIED,0.7923550846901808
1118.0,cctv2,C2_S002,G008,OCCUPIED,OCCUPIED,0.8309571970592846
1118.0,cctv2,C2_S003,G009,EMPTY,EMPTY,0.01
1118.0,cctv2,C2_S004,G010,OCCUPIED,OCCUPIED,0.7962291714819996
1118.0,cctv2,C2_S005,G001,EMPTY,EMPTY,0.01
1118.0,cctv2,C2_S006,G003,OCCUPIED,OCCUPIED,0.815718377720226
1118.0,cctv2,C2_S007,G004,OCCUPIED,OCCUPIED,0.797024864229289
1118.0,cctv2,C2_S008,G006,OCCUPIED,OCCUPIED,0.7628246079791676
1118.0,cctv2,C2_S009,G005,OCCUPIED,OCCUPIED,0.7901949554681779
1118.0,cctv2,C2_S010,G002,EMPTY,EMPTY,0.01
1118.0,cctv2,C2_S011,G017,OCCUPIED,OCCUPIED,0.7595547892559659
1118.0,cctv2,C2_S012,G018,OCCUPIED,OCCUPIED,0.6864610705186021
1118.0,cctv2,C2_S013,G019,OCCUPIED,OCCUPIED,0.8255868415940892
1118.0,cctv2,C2_S014,G020,EMPTY,EMPTY,0.01
1118.0,cctv3,C3_S001,G021,OCCUPIED,LEAVING,0.6052071390368723
1118.0,cctv3,C3_S002,G019,EMPTY,EMPTY,0.01
1118.0,cctv3,C3_S003,G020,OCCUPIED,LEAVING,0.7784382211078298
1118.0,cctv3,C3_S004,G024,OCCUPIED,OCCUPIED,0.8300719713622874
1118.0,cctv3,C3_S005,G025,OCCUPIED,OCCUPIED,0.8247074809941379
1118.0,cctv3,C3_S006,G026,OCCUPIED,OCCUPIED,0.8245439093221318
1118.0,cctv3,C3_S007,G027,EMPTY,EMPTY,0.01
1118.0,cctv3,C3_S008,G028,EMPTY,EMPTY,0.01
1118.0,cctv3,C3_S009,G029,EMPTY,EMPTY,0.01
1118.0,cctv3,C3_S010,G007,OCCUPIED,OCCUPIED,0.51
1118.0,cctv3,C3_S011,G008,OCCUPIED,OCCUPIED,0.7964244883168828
1118.0,cctv3,C3_S012,G009,OCCUPIED,OCCUPIED,0.8242890929633921
1119.0,cctv1,C1_S001,G001,OCCUPIED,OCCUPIED,0.7250212646682155
1119.0,cctv1,C1_S002,G002,EMPTY,EMPTY,0.01
1119.0,cctv1,C1_S003,G003,OCCUPIED,OCCUPIED,0.8366607771678405
1119.0,cctv1,C1_S004,G004,OCCUPIED,OCCUPIED,0.7741518830711192
1119.0,cctv1,C1_S005,G005,OCCUPIED,OCCUPIED,0.7473975798216734
1119.0,cctv1,C1_S006,G006,EMPTY,MANEUVERING,0.2575470268211581
1119.0,cctv2,C2_S001,G007,OCCUPIED,OCCUPIED,0.7935429846698588
1119.0,cctv2,C2_S002,G008,OCCUPIED,OCCUPIED,0.8309833957390352
1119.0,cctv2,C2_S003,G009,EMPTY,EMPTY,0.01
1119.0,cctv2,C2_S004,G010,OCCUPIED,OCCUPIED,0.7969940944151446
1119.0,cctv2,C2_S005,G001,EMPTY,EMPTY,0.01
1119.0,cctv2,C2_S006,G003,OCCUPIED,OCCUPIED,0.8155939402905378
1119.0,cctv2,C2_S007,G004,OCCUPIED,OCCUPIED,0.7970049346035177
1119.0,cctv2,C2_S008,G006,OCCUPIED,OCCUPIED,0.760800990191373
1119.0,cctv2,C2_S009,G005,OCCUPIED,OCCUPIED,0.7896982298655943
1119.0,cctv2,C2_S010,G002,EMPTY,EMPTY,0.01
1119.0,cctv2,C2_S011,G017,OCCUPIED,OCCUPIED,0.7965576591816816
1119.0,cctv2,C2_S012,G018,OCCUPIED,OCCUPIED,0.6039001706061942
1119.0,cctv2,C2_S013,G019,OCCUPIED,OCCUPIED,0.8252490726384251
1119.0,cctv2,C2_S014,G020,EMPTY,EMPTY,0.01
1119.0,cctv3,C3_S001,G021,OCCUPIED,LEAVING,0.6095260468938135
1119.0,cctv3,C3_S002,G019,EMPTY,EMPTY,0.01
1119.0,cctv3,C3_S003,G020,OCCUPIED,LEAVING,0.7769292639602314
1119.0,cctv3,C3_S004,G024,OCCUPIED,OCCUPIED,0.8301288130608473
1119.0,cctv3,C3_S005,G025,OCCUPIED,OCCUPIED,0.8255629902536219
1119.0,cctv3,C3_S006,G026,OCCUPIED,OCCUPIED,0.8247178099372171
1119.0,cctv3,C3_S007,G027,EMPTY,EMPTY,0.01
1119.0,cctv3,C3_S008,G028,EMPTY,EMPTY,0.01
1119.0,cctv3,C3_S009,G029,EMPTY,EMPTY,0.01
1119.0,cctv3,C3_S010,G007,OCCUPIED,OCCUPIED,0.51
1119.0,cctv3,C3_S011,G008,OCCUPIED,OCCUPIED,0.7968120577660475
1119.0,cctv3,C3_S012,G009,OCCUPIED,OCCUPIED,0.8237448955124076
1120.0,cctv1,C1_S001,G001,OCCUPIED,OCCUPIED,0.7257142497395928
1120.0,cctv1,C1_S002,G002,EMPTY,EMPTY,0.01
1120.0,cctv1,C1_S003,G003,OCCUPIED,OCCUPIED,0.836666257002137
1120.0,cctv1,C1_S004,G004,OCCUPIED,OCCUPIED,0.7764756904406982
1120.0,cctv1,C1_S005,G005,OCCUPIED,OCCUPIED,0.7493495281717995
1120.0,cctv1,C1_S006,G006,EMPTY,MANEUVERING,0.0799952369251034
1120.0,cctv2,C2_S001,G007,OCCUPIED,OCCUPIED,0.795052841576663
1120.0,cctv2,C2_S002,G008,OCCUPIED,OCCUPIED,0.8306691278110852
1120.0,cctv2,C2_S003,G009,EMPTY,EMPTY,0.01
1120.0,cctv2,C2_S004,G010,OCCUPIED,OCCUPIED,0.7964293991977519
1120.0,cctv2,C2_S005,G001,EMPTY,EMPTY,0.01
1120.0,cctv2,C2_S006,G003,OCCUPIED,OCCUPIED,0.8160174350846898
1120.0,cctv2,C2_S007,G004,OCCUPIED,OCCUPIED,0.7974949059161274
1120.0,cctv2,C2_S008,G006,OCCUPIED,OCCUPIED,0.7603444810618054
1120.0,cctv2,C2_S009,G005,OCCUPIED,OCCUPIED,0.7888589024543763
1120.0,cctv2,C2_S010,G002,EMPTY,EMPTY,0.01
1120.0,cctv2,C2_S011,G017,OCCUPIED,OCCUPIED,0.796521926468069
1120.0,cctv2,C2_S012,G018,OCCUPIED,OCCUPIED,0.5274851913106713
1120.0,cctv2,C2_S013,G019,OCCUPIED,OCCUPIED,0.8238473697142168
1120.0,cctv2,C2_S014,G020,EMPTY,EMPTY,0.01
1120.0,cctv3,C3_S001,G021,OCCUPIED,OCCUPIED,0.6049502564289354
1120.0,cctv3,C3_S002,G019,EMPTY,EMPTY,0.01
1120.0,cctv3,C3_S003,G020,OCCUPIED,LEAVING,0.7722103794325482
1120.0,cctv3,C3_S004,G024,OCCUPIED,OCCUPIED,0.8299576231024482
1120.0,cctv3,C3_S005,G025,OCCUPIED,OCCUPIED,0.8255839350548658
1120.0,cctv3,C3_S006,G026,OCCUPIED,OCCUPIED,0.8249906645579772
1120.0,cctv3,C3_S007,G027,EMPTY,EMPTY,0.01
1120.0,cctv3,C3_S008,G028,EMPTY,EMPTY,0.01
1120.0,cctv3,C3_S009,G029,EMPTY,EMPTY,0.01
1120.0,cctv3,C3_S010,G007,OCCUPIED,OCCUPIED,0.51
1120.0,cctv3,C3_S011,G008,OCCUPIED,OCCUPIED,0.7968890940601177
1120.0,cctv3,C3_S012,G009,OCCUPIED,OCCUPIED,0.8242197147824548
1121.0,cctv1,C1_S001,G001,OCCUPIED,OCCUPIED,0.7262901799583977
1121.0,cctv1,C1_S002,G002,EMPTY,EMPTY,0.01
1121.0,cctv1,C1_S003,G003,OCCUPIED,OCCUPIED,0.8368616112253884
1121.0,cctv1,C1_S004,G004,OCCUPIED,OCCUPIED,0.7753631885756147
1121.0,cctv1,C1_S005,G005,OCCUPIED,OCCUPIED,0.7476508250561629
1121.0,cctv1,C1_S006,G006,EMPTY,MANEUVERING,0.0799952369251034
1121.0,cctv2,C2_S001,G007,OCCUPIED,OCCUPIED,0.7952811633998698
1121.0,cctv2,C2_S002,G008,OCCUPIED,OCCUPIED,0.8299692809581757
1121.0,cctv2,C2_S003,G009,EMPTY,EMPTY,0.01
1121.0,cctv2,C2_S004,G010,OCCUPIED,OCCUPIED,0.7942176236347719
1121.0,cctv2,C2_S005,G001,EMPTY,EMPTY,0.01
1121.0,cctv2,C2_S006,G003,OCCUPIED,OCCUPIED,0.8167498528957368
1121.0,cctv2,C2_S007,G004,OCCUPIED,OCCUPIED,0.7968440557068045
1121.0,cctv2,C2_S008,G006,OCCUPIED,OCCUPIED,0.761042597483505
1121.0,cctv2,C2_S009,G005,OCCUPIED,OCCUPIED,0.7879535886374387
1121.0,cctv2,C2_S010,G002,EMPTY,EMPTY,0.01
1121.0,cctv2,C2_S011,G017,OCCUPIED,OCCUPIED,0.7921605351296339
1121.0,cctv2,C2_S012,G018,OCCUPIED,OCCUPIED,0.5723318192464385
1121.0,cctv2,C2_S013,G019,OCCUPIED,OCCUPIED,0.8225973692807285
1121.0,cctv2,C2_S014,G020,EMPTY,EMPTY,0.01
1121.0,cctv3,C3_S001,G021,OCCUPIED,OCCUPIED,0.6475858390150648
1121.0,cctv3,C3_S002,G019,EMPTY,EMPTY,0.01
1121.0,cctv3,C3_S003,G020,OCCUPIED,LEAVING,0.7709488659013402
1121.0,cctv3,C3_S004,G024,OCCUPIED,OCCUPIED,0.8294161281802438
1121.0,cctv3,C3_S005,G025,OCCUPIED,OCCUPIED,0.8255680831995877
1121.0,cctv3,C3_S006,G026,OCCUPIED,OCCUPIED,0.8251110786741431
1121.0,cctv3,C3_S007,G027,EMPTY,MANEUVERING,0.2095256788622249
1121.0,cctv3,C3_S008,G028,EMPTY,EMPTY,0.01
1121.0,cctv3,C3_S009,G029,EMPTY,EMPTY,0.01
1121.0,cctv3,C3_S010,G007,OCCUPIED,OCCUPIED,0.51
1121.0,cctv3,C3_S011,G008,OCCUPIED,OCCUPIED,0.797896100174297
1121.0,cctv3,C3_S012,G009,OCCUPIED,OCCUPIED,0.8239276522939856
1122.0,cctv1,C1_S001,G001,OCCUPIED,OCCUPIED,0.726551427319646
1122.0,cctv1,C1_S002,G002,EMPTY,EMPTY,0.01
1122.0,cctv1,C1_S003,G003,OCCUPIED,OCCUPIED,0.8368792812932622
1122.0,cctv1,C1_S004,G004,OCCUPIED,OCCUPIED,0.7747642317956145
1122.0,cctv1,C1_S005,G005,OCCUPIED,OCCUPIED,0.746862103207545
1122.0,cctv1,C1_S006,G006,EMPTY,MANEUVERING,0.0799952369251034
1122.0,cctv2,C2_S001,G007,OCCUPIED,OCCUPIED,0.796615526621992
1122.0,cctv2,C2_S002,G008,OCCUPIED,OCCUPIED,0.8298736902800474
1122.0,cctv2,C2_S003,G009,EMPTY,EMPTY,0.01
1122.0,cctv2,C2_S004,G010,OCCUPIED,OCCUPIED,0.7933148481629112
1122.0,cctv2,C2_S005,G001,EMPTY,EMPTY,0.01
1122.0,cctv2,C2_S006,G003,OCCUPIED,OCCUPIED,0.8165544531562112
1122.0,cctv2,C2_S007,G004,OCCUPIED,OCCUPIED,0.7957128462466327
1122.0,cctv2,C2_S008,G006,OCCUPIED,OCCUPIED,0.761312536624345
1122.0,cctv2,C2_S009,G005,OCCUPIED,OCCUPIED,0.7873169671405447
1122.0,cctv2,C2_S010,G002,EMPTY,EMPTY,0.01
1122.0,cctv2,C2_S011,G017,OCCUPIED,OCCUPIED,0.7859979534691031
1122.0,cctv2,C2_S012,G018,OCCUPIED,OCCUPIED,0.5706009076264772
1122.0,cctv2,C2_S013,G019,OCCUPIED,OCCUPIED,0.821343916925517
1122.0,cctv2,C2_S014,G020,EMPTY,EMPTY,0.01
1122.0,cctv3,C3_S001,G021,OCCUPIED,OCCUPIED,0.6918468010244948
1122.0,cctv3,C3_S002,G019,EMPTY,EMPTY,0.01
1122.0,cctv3,C3_S003,G020,OCCUPIED,LEAVING,0.8051384408365597
1122.0,cctv3,C3_S004,G024,OCCUPIED,OCCUPIED,0.8292095330628483
1122.0,cctv3,C3_S005,G025,OCCUPIED,OCCUPIED,0.8259426886385138
1122.0,cctv3,C3_S006,G026,OCCUPIED,OCCUPIED,0.8251337343996222
1122.0,cctv3,C3_S007,G027,EMPTY,MANEUVERING,0.2095256788622249
1122.0,cctv3,C3_S008,G028,EMPTY,EMPTY,0.01
1122.0,cctv3,C3_S009,G029,EMPTY,EMPTY,0.01
1122.0,cctv3,C3_S010,G007,OCCUPIED,OCCUPIED,0.51
1122.0,cctv3,C3_S011,G008,OCCUPIED,OCCUPIED,0.7982867606661537
1122.0,cctv3,C3_S012,G009,OCCUPIED,OCCUPIED,0.8247097324241293
1123.0,cctv1,C1_S001,G001,OCCUPIED,OCCUPIED,0.7263940907676112
1123.0,cctv1,C1_S002,G002,EMPTY,EMPTY,0.01
1123.0,cctv1,C1_S003,G003,OCCUPIED,OCCUPIED,0.8369230833920567
1123.0,cctv1,C1_S004,G004,OCCUPIED,OCCUPIED,0.7747677654027939
1123.0,cctv1,C1_S005,G005,OCCUPIED,OCCUPIED,0.7449282894351267
1123.0,cctv1,C1_S006,G006,EMPTY,MANEUVERING,0.0799952369251034
1123.0,cctv2,C2_S001,G007,OCCUPIED,OCCUPIED,0.7961091694506732
1123.0,cctv2,C2_S002,G008,OCCUPIED,OCCUPIED,0.8294941739602523
1123.0,cctv2,C2_S003,G009,EMPTY,EMPTY,0.01
1123.0,cctv2,C2_S004,G010,OCCUPIED,OCCUPIED,0.7936432724649256
1123.0,cctv2,C2_S005,G001,EMPTY,EMPTY,0.01
1123.0,cctv2,C2_S006,G003,OCCUPIED,OCCUPIED,0.8165780915455385
1123.0,cctv2,C2_S007,G004,OCCUPIED,OCCUPIED,0.7968989572741769
1123.0,cctv2,C2_S008,G006,OCCUPIED,OCCUPIED,0.7622610055587509
1123.0,cctv2,C2_S009,G005,OCCUPIED,OCCUPIED,0.787989987839352
1123.0,cctv2,C2_S010,G002,EMPTY,EMPTY,0.01
1123.0,cctv2,C2_S011,G017,OCCUPIED,OCCUPIED,0.7891131998463111
1123.0,cctv2,C2_S012,G018,OCCUPIED,OCCUPIED,0.6156125227090987
1123.0,cctv2,C2_S013,G019,OCCUPIED,OCCUPIED,0.819343623789874
1123.0,cctv2,C2_S014,G020,EMPTY,EMPTY,0.01
1123.0,cctv3,C3_S001,G021,OCCUPIED,OCCUPIED,0.6895646424907627
1123.0,cctv3,C3_S002,G019,EMPTY,EMPTY,0.01
1123.0,cctv3,C3_S003,G020,OCCUPIED,LEAVING,0.8055328962477771
1123.0,cctv3,C3_S004,G024,OCCUPIED,OCCUPIED,0.8284876156936993
1123.0,cctv3,C3_S005,G025,OCCUPIED,OCCUPIED,0.8268169888041237
1123.0,cctv3,C3_S006,G026,OCCUPIED,OCCUPIED,0.8254461906173013
1123.0,cctv3,C3_S007,G027,EMPTY,MANEUVERING,0.2095256788622249
1123.0,cctv3,C3_S008,G028,EMPTY,EMPTY,0.01
1123.0,cctv3,C3_S009,G029,EMPTY,EMPTY,0.01
1123.0,cctv3,C3_S010,G007,OCCUPIED,OCCUPIED,0.51
1123.0,cctv3,C3_S011,G008,OCCUPIED,OCCUPIED,0.7979516235264865
1123.0,cctv3,C3_S012,G009,OCCUPIED,OCCUPIED,0.825033697756854
1124.0,cctv1,C1_S001,G001,OCCUPIED,OCCUPIED,0.7273387678306211
1124.0,cctv1,C1_S002,G002,EMPTY,EMPTY,0.01
1124.0,cctv1,C1_S003,G003,OCCUPIED,OCCUPIED,0.8369109142910351
1124.0,cctv1,C1_S004,G004,OCCUPIED,OCCUPIED,0.7768635232340206
1124.0,cctv1,C1_S005,G005,OCCUPIED,OCCUPIED,0.7449197421290659
1124.0,cctv1,C1_S006,G006,EMPTY,MANEUVERING,0.0799952369251034
1124.0,cctv2,C2_S001,G007,OCCUPIED,OCCUPIED,0.7962522766806863
1124.0,cctv2,C2_S002,G008,OCCUPIED,OCCUPIED,0.8293476367538626
1124.0,cctv2,C2_S003,G009,EMPTY,EMPTY,0.01
1124.0,cctv2,C2_S004,G010,OCCUPIED,OCCUPIED,0.7922177230769938
1124.0,cctv2,C2_S005,G001,EMPTY,EMPTY,0.01
1124.0,cctv2,C2_S006,G003,OCCUPIED,OCCUPIED,0.8167283635247838
1124.0,cctv2,C2_S007,G004,OCCUPIED,OCCUPIED,0.7971928452903575
1124.0,cctv2,C2_S008,G006,OCCUPIED,OCCUPIED,0.76079208728942
1124.0,cctv2,C2_S009,G005,OCCUPIED,OCCUPIED,0.7879736653783105
1124.0,cctv2,C2_S010,G002,EMPTY,EMPTY,0.01
1124.0,cctv2,C2_S011,G017,OCCUPIED,OCCUPIED,0.7928064955906435
1124.0,cctv2,C2_S012,G018,OCCUPIED,OCCUPIED,0.6596391105008397
1124.0,cctv2,C2_S013,G019,OCCUPIED,OCCUPIED,0.8173269415443595
1124.0,cctv2,C2_S014,G020,EMPTY,EMPTY,0.01
1124.0,cctv3,C3_S001,G021,OCCUPIED,LEAVING,0.6973324390071811
1124.0,cctv3,C3_S002,G019,EMPTY,EMPTY,0.01
1124.0,cctv3,C3_S003,G020,OCCUPIED,LEAVING,0.8022143079475924
1124.0,cctv3,C3_S004,G024,OCCUPIED,OCCUPIED,0.8281448293815961
1124.0,cctv3,C3_S005,G025,OCCUPIED,OCCUPIED,0.8271154186942361
1124.0,cctv3,C3_S006,G026,OCCUPIED,OCCUPIED,0.825454579429193
1124.0,cctv3,C3_S007,G027,EMPTY,MANEUVERING,0.2095256788622249
1124.0,cctv3,C3_S008,G028,EMPTY,EMPTY,0.01
1124.0,cctv3,C3_S009,G029,EMPTY,EMPTY,0.01
1124.0,cctv3,C3_S010,G007,OCCUPIED,OCCUPIED,0.51
1124.0,cctv3,C3_S011,G008,OCCUPIED,OCCUPIED,0.7971234012733807
1124.0,cctv3,C3_S012,G009,OCCUPIED,OCCUPIED,0.8247389026663521
1125.0,cctv1,C1_S001,G001,OCCUPIED,OCCUPIED,0.7262821867723357
1125.0,cctv1,C1_S002,G002,EMPTY,EMPTY,0.01
1125.0,cctv1,C1_S003,G003,OCCUPIED,OCCUPIED,0.8369072811170059
1125.0,cctv1,C1_S004,G004,OCCUPIED,OCCUPIED,0.7756521486423233
1125.0,cctv1,C1_S005,G005,OCCUPIED,OCCUPIED,0.7461507964134217
1125.0,cctv1,C1_S006,G006,EMPTY,MANEUVERING,0.0799952369251034
1125.0,cctv2,C2_S001,G007,OCCUPIED,OCCUPIED,0.7955772378227928
1125.0,cctv2,C2_S002,G008,OCCUPIED,OCCUPIED,0.8290884061293169
1125.0,cctv2,C2_S003,G009,EMPTY,EMPTY,0.01
1125.0,cctv2,C2_S004,G010,OCCUPIED,OCCUPIED,0.7923988087610766
1125.0,cctv2,C2_S005,G001,EMPTY,EMPTY,0.01
1125.0,cctv2,C2_S006,G003,OCCUPIED,OCCUPIED,0.8169211030006409
1125.0,cctv2,C2_S007,G004,OCCUPIED,OCCUPIED,0.7968147204680877
1125.0,cctv2,C2_S008,G006,OCCUPIED,OCCUPIED,0.7611181882294742
1125.0,cctv2,C2_S009,G005,OCCUPIED,OCCUPIED,0.7871627523140474
1125.0,cctv2,C2_S010,G002,EMPTY,EMPTY,0.01
1125.0,cctv2,C2_S011,G017,OCCUPIED,OCCUPIED,0.7950795336203142
1125.0,cctv2,C2_S012,G018,OCCUPIED,OCCUPIED,0.6562666389075192
1125.0,cctv2,C2_S013,G019,OCCUPIED,OCCUPIED,0.8160016198049893
1125.0,cctv2,C2_S014,G020,EMPTY,EMPTY,0.01
1125.0,cctv3,C3_S001,G021,OCCUPIED,LEAVING,0.6944167441942476
1125.0,cctv3,C3_S002,G019,EMPTY,EMPTY,0.01
1125.0,cctv3,C3_S003,G020,OCCUPIED,LEAVING,0.7996539598161525
1125.0,cctv3,C3_S004,G024,OCCUPIED,OCCUPIED,0.8276977750388059
1125.0,cctv3,C3_S005,G025,OCCUPIED,OCCUPIED,0.8270540586926721
1125.0,cctv3,C3_S006,G026,OCCUPIED,OCCUPIED,0.8255428793755445
1125.0,cctv3,C3_S007,G027,EMPTY,MANEUVERING,0.1645256788622249
1125.0,cctv3,C3_S008,G028,EMPTY,EMPTY,0.01
1125.0,cctv3,C3_S009,G029,EMPTY,EMPTY,0.01
1125.0,cctv3,C3_S010,G007,OCCUPIED,OCCUPIED,0.51
1125.0,cctv3,C3_S011,G008,OCCUPIED,OCCUPIED,0.7955308998172934
1125.0,cctv3,C3_S012,G009,OCCUPIED,OCCUPIED,0.8249493926763535
1126.0,cctv1,C1_S001,G001,OCCUPIED,OCCUPIED,0.7269061587073586
1126.0,cctv1,C1_S002,G002,EMPTY,EMPTY,0.01
1126.0,cctv1,C1_S003,G003,OCCUPIED,OCCUPIED,0.8369334757328034
1126.0,cctv1,C1_S004,G004,OCCUPIED,OCCUPIED,0.776808243312619
1126.0,cctv1,C1_S005,G005,OCCUPIED,OCCUPIED,0.7441797982833603
1126.0,cctv1,C1_S006,G006,EMPTY,MANEUVERING,0.1638538652319799
1126.0,cctv2,C2_S001,G007,OCCUPIED,OCCUPIED,0.7969668309796941
1126.0,cctv2,C2_S002,G008,OCCUPIED,OCCUPIED,0.8283964441581206
1126.0,cctv2,C2_S003,G009,EMPTY,MANEUVERING,0.2309836147319186
1126.0,cctv2,C2_S004,G010,OCCUPIED,OCCUPIED,0.7909052604978736
1126.0,cctv2,C2_S005,G001,EMPTY,EMPTY,0.01
1126.0,cctv2,C2_S006,G003,OCCUPIED,OCCUPIED,0.8172896815971895
1126.0,cctv2,C2_S007,G004,OCCUPIED,OCCUPIED,0.7977561766451056
1126.0,cctv2,C2_S008,G006,OCCUPIED,OCCUPIED,0.7625410627235066
1126.0,cctv2,C2_S009,G005,OCCUPIED,OCCUPIED,0.7888945677063682
1126.0,cctv2,C2_S010,G002,EMPTY,EMPTY,0.01
1126.0,cctv2,C2_S011,G017,OCCUPIED,OCCUPIED,0.7949873208999635
1126.0,cctv2,C2_S012,G018,OCCUPIED,OCCUPIED,0.6531260280785236
1126.0,cctv2,C2_S013,G019,OCCUPIED,OCCUPIED,0.813804841041565
1126.0,cctv2,C2_S014,G020,EMPTY,EMPTY,0.01
1126.0,cctv3,C3_S001,G021,OCCUPIED,LEAVING,0.6908749388474407
1126.0,cctv3,C3_S002,G019,EMPTY,EMPTY,0.01
1126.0,cctv3,C3_S003,G020,OCCUPIED,LEAVING,0.7960763180797751
1126.0,cctv3,C3_S004,G024,OCCUPIED,OCCUPIED,0.8275239695202221
1126.0,cctv3,C3_S005,G025,OCCUPIED,OCCUPIED,0.8274709544398569
1126.0,cctv3,C3_S006,G026,OCCUPIED,OCCUPIED,0.8255958708849821
1126.0,cctv3,C3_S007,G027,EMPTY,MANEUVERING,0.1645256788622249
1126.0,cctv3,C3_S008,G028,EMPTY,EMPTY,0.01
1126.0,cctv3,C3_S009,G029,EMPTY,EMPTY,0.01
1126.0,cctv3,C3_S010,G007,OCCUPIED,OCCUPIED,0.5534244346076792
1126.0,cctv3,C3_S011,G008,OCCUPIED,OCCUPIED,0.7956831533800472
1126.0,cctv3,C3_S012,G009,OCCUPIED,OCCUPIED,0.8252901876514609
1127.0,cctv1,C1_S001,G001,OCCUPIED,OCCUPIED,0.727427161146294
1127.0,cctv1,C1_S002,G002,EMPTY,EMPTY,0.01
1127.0,cctv1,C1_S003,G003,OCCUPIED,OCCUPIED,0.836921222914349
1127.0,cctv1,C1_S004,G004,OCCUPIED,OCCUPIED,0.7762904026291588
1127.0,cctv1,C1_S005,G005,OCCUPIED,OCCUPIED,0.7437020639397882
1127.0,cctv1,C1_S006,G006,EMPTY,MANEUVERING,0.1790761299024928
1127.0,cctv2,C2_S001,G007,OCCUPIED,OCCUPIED,0.7958454644138163
1127.0,cctv2,C2_S002,G008,OCCUPIED,OCCUPIED,0.8274324980649082
1127.0,cctv2,C2_S003,G009,EMPTY,MANEUVERING,0.2309836147319186
1127.0,cctv2,C2_S004,G010,OCCUPIED,OCCUPIED,0.7913030556657098
1127.0,cctv2,C2_S005,G001,EMPTY,EMPTY,0.01
1127.0,cctv2,C2_S006,G003,OCCUPIED,OCCUPIED,0.817644892226566
1127.0,cctv2,C2_S007,G004,OCCUPIED,OCCUPIED,0.7989593026312916
1127.0,cctv2,C2_S008,G006,OCCUPIED,OCCUPIED,0.7647124243053524
1127.0,cctv2,C2_S009,G005,OCCUPIED,OCCUPIED,0.7915328535166655
1127.0,cctv2,C2_S010,G002,EMPTY,EMPTY,0.01
1127.0,cctv2,C2_S011,G017,OCCUPIED,OCCUPIED,0.7937720315022903
1127.0,cctv2,C2_S012,G018,OCCUPIED,OCCUPIED,0.6569080053743991
1127.0,cctv2,C2_S013,G019,OCCUPIED,OCCUPIED,0.8134855159304359
1127.0,cctv2,C2_S014,G020,EMPTY,EMPTY,0.01
1127.0,cctv3,C3_S001,G021,OCCUPIED,LEAVING,0.6868726801691634
1127.0,cctv3,C3_S002,G019,EMPTY,EMPTY,0.01
1127.0,cctv3,C3_S003,G020,OCCUPIED,LEAVING,0.7954957401210612
1127.0,cctv3,C3_S004,G024,OCCUPIED,OCCUPIED,0.8273474712263454
1127.0,cctv3,C3_S005,G025,OCCUPIED,OCCUPIED,0.8272336691617966
1127.0,cctv3,C3_S006,G026,OCCUPIED,OCCUPIED,0.8256620702418415
1127.0,cctv3,C3_S007,G027,EMPTY,MANEUVERING,0.1645256788622249
1127.0,cctv3,C3_S008,G028,EMPTY,EMPTY,0.01
1127.0,cctv3,C3_S009,G029,EMPTY,EMPTY,0.01
1127.0,cctv3,C3_S010,G007,OCCUPIED,OCCUPIED,0.51
1127.0,cctv3,C3_S011,G008,OCCUPIED,OCCUPIED,0.7961098741401327
1127.0,cctv3,C3_S012,G009,OCCUPIED,OCCUPIED,0.8252260470932181
1128.0,cctv1,C1_S001,G001,OCCUPIED,OCCUPIED,0.7288703736933796
1128.0,cctv1,C1_S002,G002,EMPTY,EMPTY,0.01
1128.0,cctv1,C1_S003,G003,OCCUPIED,OCCUPIED,0.8368622330102055
1128.0,cctv1,C1_S004,G004,OCCUPIED,OCCUPIED,0.7765747005289252
1128.0,cctv1,C1_S005,G005,OCCUPIED,OCCUPIED,0.7404941252957692
1128.0,cctv1,C1_S006,G006,EMPTY,MANEUVERING,0.2783635420284487
1128.0,cctv2,C2_S001,G007,OCCUPIED,OCCUPIED,0.7938847850669515
1128.0,cctv2,C2_S002,G008,OCCUPIED,OCCUPIED,0.8263540663502433
1128.0,cctv2,C2_S003,G009,EMPTY,MANEUVERING,0.316732446023009
1128.0,cctv2,C2_S004,G010,OCCUPIED,OCCUPIED,0.7900187473405492
1128.0,cctv2,C2_S005,G001,EMPTY,EMPTY,0.01
1128.0,cctv2,C2_S006,G003,OCCUPIED,OCCUPIED,0.8183393714102832
1128.0,cctv2,C2_S007,G004,OCCUPIED,OCCUPIED,0.7996837721629577
1128.0,cctv2,C2_S008,G006,OCCUPIED,OCCUPIED,0.7652823494239287
1128.0,cctv2,C2_S009,G005,OCCUPIED,OCCUPIED,0.7936210150068457
1128.0,cctv2,C2_S010,G002,EMPTY,EMPTY,0.01
1128.0,cctv2,C2_S011,G017,OCCUPIED,OCCUPIED,0.7935601548715072
1128.0,cctv2,C2_S012,G018,OCCUPIED,OCCUPIED,0.6915407858111642
1128.0,cctv2,C2_S013,G019,OCCUPIED,OCCUPIED,0.8120870243419301
1128.0,cctv2,C2_S014,G020,EMPTY,EMPTY,0.01
1128.0,cctv3,C3_S001,G021,OCCUPIED,LEAVING,0.7228404730964791
1128.0,cctv3,C3_S002,G019,EMPTY,EMPTY,0.01
1128.0,cctv3,C3_S003,G020,OCCUPIED,LEAVING,0.7914760557087985
1128.0,cctv3,C3_S004,G024,OCCUPIED,OCCUPIED,0.827127616242929
1128.0,cctv3,C3_S005,G025,OCCUPIED,OCCUPIED,0.8274908409877257
1128.0,cctv3,C3_S006,G026,OCCUPIED,OCCUPIED,0.8258022246035663
1128.0,cctv3,C3_S007,G027,EMPTY,MANEUVERING,0.1645256788622249
1128.0,cctv3,C3_S008,G028,EMPTY,EMPTY,0.01
1128.0,cctv3,C3_S009,G029,EMPTY,EMPTY,0.01
1128.0,cctv3,C3_S010,G007,OCCUPIED,OCCUPIED,0.51
1128.0,cctv3,C3_S011,G008,OCCUPIED,OCCUPIED,0.7956909090280534
1128.0,cctv3,C3_S012,G009,OCCUPIED,OCCUPIED,0.8252669897946445
1129.0,cctv1,C1_S001,G001,OCCUPIED,OCCUPIED,0.7295700466090983
1129.0,cctv1,C1_S002,G002,EMPTY,EMPTY,0.01
1129.0,cctv1,C1_S003,G003,OCCUPIED,OCCUPIED,0.8368765551935543
1129.0,cctv1,C1_S004,G004,OCCUPIED,OCCUPIED,0.7766981109976769
1129.0,cctv1,C1_S005,G005,OCCUPIED,OCCUPIED,0.7505839785391635
1129.0,cctv1,C1_S006,G006,EMPTY,MANEUVERING,0.368867093053731
1129.0,cctv2,C2_S001,G007,OCCUPIED,OCCUPIED,0.7927299981767482
1129.0,cctv2,C2_S002,G008,OCCUPIED,OCCUPIED,0.8239293729717082
1129.0,cctv2,C2_S003,G009,EMPTY,MANEUVERING,0.3960511468621817
1129.0,cctv2,C2_S004,G010,OCCUPIED,OCCUPIED,0.7895223289728165
1129.0,cctv2,C2_S005,G001,EMPTY,EMPTY,0.01
1129.0,cctv2,C2_S006,G003,OCCUPIED,OCCUPIED,0.8188069007613443
1129.0,cctv2,C2_S007,G004,OCCUPIED,OCCUPIED,0.8003895247524435
1129.0,cctv2,C2_S008,G006,OCCUPIED,OCCUPIED,0.7658963985063814
1129.0,cctv2,C2_S009,G005,OCCUPIED,OCCUPIED,0.7937816094268453
1129.0,cctv2,C2_S010,G002,EMPTY,EMPTY,0.01
1129.0,cctv2,C2_S011,G017,OCCUPIED,OCCUPIED,0.7956257532943379
1129.0,cctv2,C2_S012,G018,OCCUPIED,OCCUPIED,0.686326479595719
1129.0,cctv2,C2_S013,G019,OCCUPIED,OCCUPIED,0.8099756788123739
1129.0,cctv2,C2_S014,G020,EMPTY,EMPTY,0.01
1129.0,cctv3,C3_S001,G021,OCCUPIED,LEAVING,0.7591055049137636
1129.0,cctv3,C3_S002,G019,EMPTY,EMPTY,0.01
1129.0,cctv3,C3_S003,G020,OCCUPIED,LEAVING,0.7900350372899663
1129.0,cctv3,C3_S004,G024,OCCUPIED,OCCUPIED,0.8269465004855937
1129.0,cctv3,C3_S005,G025,OCCUPIED,OCCUPIED,0.8280872382900932
1129.0,cctv3,C3_S006,G026,OCCUPIED,OCCUPIED,0.8259958605874669
1129.0,cctv3,C3_S007,G027,EMPTY,MANEUVERING,0.1645256788622249
1129.0,cctv3,C3_S008,G028,EMPTY,EMPTY,0.01
1129.0,cctv3,C3_S009,G029,EMPTY,EMPTY,0.01
1129.0,cctv3,C3_S010,G007,OCCUPIED,OCCUPIED,0.5449309309368784
1129.0,cctv3,C3_S011,G008,OCCUPIED,OCCUPIED,0.7950333663008431
1129.0,cctv3,C3_S012,G009,OCCUPIED,OCCUPIED,0.8253507925705477
1130.0,cctv1,C1_S001,G001,OCCUPIED,OCCUPIED,0.7298240343278105
1130.0,cctv1,C1_S002,G002,EMPTY,EMPTY,0.01
1130.0,cctv1,C1_S003,G003,OCCUPIED,OCCUPIED,0.8367642657323318
1130.0,cctv1,C1_S004,G004,OCCUPIED,OCCUPIED,0.7759629370136695
1130.0,cctv1,C1_S005,G005,OCCUPIED,OCCUPIED,0.7490663107145917
1130.0,cctv1,C1_S006,G006,EMPTY,MANEUVERING,0.4100112243457274
1130.0,cctv2,C2_S001,G007,OCCUPIED,OCCUPIED,0.792234829068184
1130.0,cctv2,C2_S002,G008,OCCUPIED,OCCUPIED,0.8232351408763365
1130.0,cctv2,C2_S003,G009,EMPTY,MANEUVERING,0.3510511468621817
1130.0,cctv2,C2_S004,G010,OCCUPIED,OCCUPIED,0.7881075254895471
1130.0,cctv2,C2_S005,G001,EMPTY,EMPTY,0.01
1130.0,cctv2,C2_S006,G003,OCCUPIED,OCCUPIED,0.819060272791169
1130.0,cctv2,C2_S007,G004,OCCUPIED,OCCUPIED,0.8013972127979453
1130.0,cctv2,C2_S008,G006,OCCUPIED,OCCUPIED,0.7671404834498059
1130.0,cctv2,C2_S009,G005,OCCUPIED,OCCUPIED,0.7964373295957392
1130.0,cctv2,C2_S010,G002,EMPTY,EMPTY,0.01
1130.0,cctv2,C2_S011,G017,OCCUPIED,OCCUPIED,0.7965518721125343
1130.0,cctv2,C2_S012,G018,OCCUPIED,OCCUPIED,0.7239416785944592
1130.0,cctv2,C2_S013,G019,OCCUPIED,OCCUPIED,0.8100834662264045
1130.0,cctv2,C2_S014,G020,EMPTY,EMPTY,0.01
1130.0,cctv3,C3_S001,G021,OCCUPIED,LEAVING,0.7561583229086617
1130.0,cctv3,C3_S002,G019,EMPTY,EMPTY,0.01
1130.0,cctv3,C3_S003,G020,OCCUPIED,LEAVING,0.7888218952850863
1130.0,cctv3,C3_S004,G024,OCCUPIED,OCCUPIED,0.827064661546187
1130.0,cctv3,C3_S005,G025,OCCUPIED,OCCUPIED,0.8281707273288207
1130.0,cctv3,C3_S006,G026,OCCUPIED,OCCUPIED,0.8261613049290397
1130.0,cctv3,C3_S007,G027,EMPTY,MANEUVERING,0.1645256788622249
1130.0,cctv3,C3_S008,G028,EMPTY,EMPTY,0.01
1130.0,cctv3,C3_S009,G029,EMPTY,MANEUVERING,0.13071471416718
1130.0,cctv3,C3_S010,G007,OCCUPIED,OCCUPIED,0.51
1130.0,cctv3,C3_S011,G008,OCCUPIED,OCCUPIED,0.7945404055443678
1130.0,cctv3,C3_S012,G009,OCCUPIED,OCCUPIED,0.8257847414775329
1131.0,cctv1,C1_S001,G001,OCCUPIED,OCCUPIED,0.7293791391632775
1131.0,cctv1,C1_S002,G002,EMPTY,EMPTY,0.01
1131.0,cctv1,C1_S003,G003,OCCUPIED,OCCUPIED,0.8368376777930694
1131.0,cctv1,C1_S004,G004,OCCUPIED,OCCUPIED,0.775215755673972
1131.0,cctv1,C1_S005,G005,OCCUPIED,OCCUPIED,0.7497202328660272
1131.0,cctv1,C1_S006,G006,EMPTY,MANEUVERING,0.49
1131.0,cctv2,C2_S001,G007,OCCUPIED,OCCUPIED,0.7910509678450498
1131.0,cctv2,C2_S002,G008,OCCUPIED,OCCUPIED,0.8228665679693222
1131.0,cctv2,C2_S003,G009,EMPTY,MANEUVERING,0.3510511468621817
1131.0,cctv2,C2_S004,G010,OCCUPIED,OCCUPIED,0.7880714587189935
1131.0,cctv2,C2_S005,G001,EMPTY,EMPTY,0.01
1131.0,cctv2,C2_S006,G003,OCCUPIED,OCCUPIED,0.8190131431276149
1131.0,cctv2,C2_S007,G004,OCCUPIED,OCCUPIED,0.8008853684772146
1131.0,cctv2,C2_S008,G006,OCCUPIED,OCCUPIED,0.7663506261327051
1131.0,cctv2,C2_S009,G005,OCCUPIED,OCCUPIED,0.7970925444906409
1131.0,cctv2,C2_S010,G002,EMPTY,EMPTY,0.01
1131.0,cctv2,C2_S011,G017,OCCUPIED,OCCUPIED,0.7985174265774815
1131.0,cctv2,C2_S012,G018,OCCUPIED,OCCUPIED,0.6789416785944592
1131.0,cctv2,C2_S013,G019,OCCUPIED,OCCUPIED,0.8112564287402414
1131.0,cctv2,C2_S014,G020,EMPTY,EMPTY,0.01
1131.0,cctv3,C3_S001,G021,OCCUPIED,LEAVING,0.7565868285569278
1131.0,cctv3,C3_S002,G019,EMPTY,EMPTY,0.01
1131.0,cctv3,C3_S003,G020,OCCUPIED,LEAVING,0.7912817377935757
1131.0,cctv3,C3_S004,G024,OCCUPIED,OCCUPIED,0.8271982363679193
1131.0,cctv3,C3_S005,G025,OCCUPIED,OCCUPIED,0.8282352417707444
1131.0,cctv3,C3_S006,G026,OCCUPIED,OCCUPIED,0.826265190135349
1131.0,cctv3,C3_S007,G027,EMPTY,MANEUVERING,0.1645256788622249
1131.0,cctv3,C3_S008,G028,EMPTY,EMPTY,0.01
1131.0,cctv3,C3_S009,G029,EMPTY,MANEUVERING,0.1285718570243228
1131.0,cctv3,C3_S010,G007,OCCUPIED,LEAVING,0.5679899221155551
1131.0,cctv3,C3_S011,G008,OCCUPIED,OCCUPIED,0.7951100839809938
1131.0,cctv3,C3_S012,G009,OCCUPIED,OCCUPIED,0.8258031471209093
1132.0,cctv1,C1_S001,G001,OCCUPIED,OCCUPIED,0.7296008950607343
1132.0,cctv1,C1_S002,G002,EMPTY,EMPTY,0.01
1132.0,cctv1,C1_S003,G003,OCCUPIED,OCCUPIED,0.836582581021569
1132.0,cctv1,C1_S004,G004,OCCUPIED,OCCUPIED,0.7751164359125224
1132.0,cctv1,C1_S005,G005,OCCUPIED,OCCUPIED,0.7523186679590833
1132.0,cctv1,C1_S006,G006,EMPTY,MANEUVERING,0.4501752542907541
1132.0,cctv2,C2_S001,G007,OCCUPIED,OCCUPIED,0.7910906564105642
1132.0,cctv2,C2_S002,G008,OCCUPIED,OCCUPIED,0.8228102448311719
1132.0,cctv2,C2_S003,G009,EMPTY,MANEUVERING,0.3060511468621817
1132.0,cctv2,C2_S004,G010,OCCUPIED,OCCUPIED,0.7882988068190488
1132.0,cctv2,C2_S005,G001,EMPTY,EMPTY,0.01
1132.0,cctv2,C2_S006,G003,OCCUPIED,OCCUPIED,0.8188398204066537
1132.0,cctv2,C2_S007,G004,OCCUPIED,OCCUPIED,0.8012413024902344
1132.0,cctv2,C2_S008,G006,OCCUPIED,OCCUPIED,0.7658326610922814
1132.0,cctv2,C2_S009,G005,OCCUPIED,OCCUPIED,0.7978139140389183
1132.0,cctv2,C2_S010,G002,EMPTY,EMPTY,0.01
1132.0,cctv2,C2_S011,G017,OCCUPIED,OCCUPIED,0.8002969064495781
1132.0,cctv2,C2_S012,G018,OCCUPIED,OCCUPIED,0.6789541437138211
1132.0,cctv2,C2_S013,G019,OCCUPIED,OCCUPIED,0.8120687007904054
1132.0,cctv2,C2_S014,G020,EMPTY,EMPTY,0.01
1132.0,cctv3,C3_S001,G021,OCCUPIED,LEAVING,0.7613687784834342
1132.0,cctv3,C3_S002,G019,EMPTY,EMPTY,0.01
1132.0,cctv3,C3_S003,G020,OCCUPIED,LEAVING,0.7959770755334334
1132.0,cctv3,C3_S004,G024,OCCUPIED,OCCUPIED,0.8275755256414414
1132.0,cctv3,C3_S005,G025,OCCUPIED,OCCUPIED,0.8284287989139557
1132.0,cctv3,C3_S006,G026,OCCUPIED,OCCUPIED,0.8263806763020429
1132.0,cctv3,C3_S007,G027,EMPTY,EMPTY,0.01
1132.0,cctv3,C3_S008,G028,EMPTY,EMPTY,0.01
1132.0,cctv3,C3_S009,G029,EMPTY,MANEUVERING,0.1269051903576561
1132.0,cctv3,C3_S010,G007,OCCUPIED,LEAVING,0.6075425020955277
1132.0,cctv3,C3_S011,G008,OCCUPIED,OCCUPIED,0.7954239089380611
1132.0,cctv3,C3_S012,G009,OCCUPIED,OCCUPIED,0.8258268676020883
1133.0,cctv1,C1_S001,G001,OCCUPIED,OCCUPIED,0.7293868830258197
1133.0,cctv1,C1_S002,G002,EMPTY,EMPTY,0.01
1133.0,cctv1,C1_S003,G003,OCCUPIED,OCCUPIED,0.8365878389640289
1133.0,cctv1,C1_S004,G004,OCCUPIED,OCCUPIED,0.7758913045579737
1133.0,cctv1,C1_S005,G005,OCCUPIED,OCCUPIED,0.7556218298998747
1133.0,cctv1,C1_S006,G006,EMPTY,MANEUVERING,0.4051752542907541
1133.0,cctv2,C2_S001,G007,OCCUPIED,OCCUPIED,0.790309810909358
1133.0,cctv2,C2_S002,G008,OCCUPIED,OCCUPIED,0.8228909785097296
1133.0,cctv2,C2_S003,G009,EMPTY,MANEUVERING,0.3430299107967453
1133.0,cctv2,C2_S004,G010,OCCUPIED,OCCUPIED,0.7887624177065763
1133.0,cctv2,C2_S005,G001,EMPTY,EMPTY,0.01
1133.0,cctv2,C2_S006,G003,OCCUPIED,OCCUPIED,0.8191130919889971
1133.0,cctv2,C2_S007,G004,OCCUPIED,OCCUPIED,0.8029478571631692
1133.0,cctv2,C2_S008,G006,OCCUPIED,OCCUPIED,0.764474151080305
1133.0,cctv2,C2_S009,G005,OCCUPIED,OCCUPIED,0.7984662402759899
1133.0,cctv2,C2_S010,G002,EMPTY,EMPTY,0.01
1133.0,cctv2,C2_S011,G017,OCCUPIED,OCCUPIED,0.8061108066277071
1133.0,cctv2,C2_S012,G018,OCCUPIED,OCCUPIED,0.6802092865515839
1133.0,cctv2,C2_S013,G019,OCCUPIED,OCCUPIED,0.812714621424675
1133.0,cctv2,C2_S014,G020,EMPTY,EMPTY,0.01
1133.0,cctv3,C3_S001,G021,OCCUPIED,LEAVING,0.7621384005654942
1133.0,cctv3,C3_S002,G019,EMPTY,EMPTY,0.01
1133.0,cctv3,C3_S003,G020,OCCUPIED,LEAVING,0.7977860702709719
1133.0,cctv3,C3_S004,G024,OCCUPIED,OCCUPIED,0.8276655072515662
1133.0,cctv3,C3_S005,G025,OCCUPIED,OCCUPIED,0.8281297830018131
1133.0,cctv3,C3_S006,G026,OCCUPIED,OCCUPIED,0.8264488678086889
1133.0,cctv3,C3_S007,G027,EMPTY,EMPTY,0.01
1133.0,cctv3,C3_S008,G028,EMPTY,EMPTY,0.01
1133.0,cctv3,C3_S009,G029,EMPTY,MANEUVERING,0.1269051903576561
1133.0,cctv3,C3_S010,G007,OCCUPIED,LEAVING,0.5625425020955278
1133.0,cctv3,C3_S011,G008,OCCUPIED,OCCUPIED,0.7949933566830376
1133.0,cctv3,C3_S012,G009,OCCUPIED,OCCUPIED,0.825650731812824
1134.0,cctv1,C1_S001,G001,OCCUPIED,OCCUPIED,0.7294353970749813
1134.0,cctv1,C1_S002,G002,EMPTY,EMPTY,0.01
1134.0,cctv1,C1_S003,G003,OCCUPIED,OCCUPIED,0.8366127339276401
1134.0,cctv1,C1_S004,G004,OCCUPIED,OCCUPIED,0.7761141530492089
1134.0,cctv1,C1_S005,G005,OCCUPIED,OCCUPIED,0.756912305273793
1134.0,cctv1,C1_S006,G006,EMPTY,MANEUVERING,0.3601752542907541
1134.0,cctv2,C2_S001,G007,OCCUPIED,OCCUPIED,0.7909463600678878
1134.0,cctv2,C2_S002,G008,OCCUPIED,OCCUPIED,0.8227057028900494
1134.0,cctv2,C2_S003,G009,EMPTY,MANEUVERING,0.3430299107967453
1134.0,cctv2,C2_S004,G010,OCCUPIED,OCCUPIED,0.7890975841067055
1134.0,cctv2,C2_S005,G001,EMPTY,EMPTY,0.01
1134.0,cctv2,C2_S006,G003,OCCUPIED,OCCUPIED,0.8197633017193188
1134.0,cctv2,C2_S007,G004,OCCUPIED,OCCUPIED,0.8039720895615492
1134.0,cctv2,C2_S008,G006,OCCUPIED,OCCUPIED,0.7674922356551345
1134.0,cctv2,C2_S009,G005,OCCUPIED,OCCUPIED,0.7981473491950469
1134.0,cctv2,C2_S010,G002,EMPTY,EMPTY,0.01
1134.0,cctv2,C2_S011,G017,OCCUPIED,OCCUPIED,0.8059919221834704
1134.0,cctv2,C2_S012,G018,OCCUPIED,OCCUPIED,0.6779412159730088
1134.0,cctv2,C2_S013,G019,OCCUPIED,OCCUPIED,0.8127852821891959
1134.0,cctv2,C2_S014,G020,EMPTY,EMPTY,0.01
1134.0,cctv3,C3_S001,G021,OCCUPIED,LEAVING,0.7638268320397897
1134.0,cctv3,C3_S002,G019,EMPTY,EMPTY,0.01
1134.0,cctv3,C3_S003,G020,OCCUPIED,LEAVING,0.7983217269182206
1134.0,cctv3,C3_S004,G024,OCCUPIED,OCCUPIED,0.8282848902724007
1134.0,cctv3,C3_S005,G025,OCCUPIED,OCCUPIED,0.8277326990257611
1134.0,cctv3,C3_S006,G026,OCCUPIED,OCCUPIED,0.8261399959976023
1134.0,cctv3,C3_S007,G027,EMPTY,EMPTY,0.01
1134.0,cctv3,C3_S008,G028,EMPTY,EMPTY,0.01
1134.0,cctv3,C3_S009,G029,EMPTY,MANEUVERING,0.0819051903576562
1134.0,cctv3,C3_S010,G007,OCCUPIED,LEAVING,0.5269187504543371
1134.0,cctv3,C3_S011,G008,OCCUPIED,OCCUPIED,0.7959312195127661
1134.0,cctv3,C3_S012,G009,OCCUPIED,OCCUPIED,0.8256309427998283
1135.0,cctv1,C1_S001,G001,OCCUPIED,OCCUPIED,0.7283413150771099
1135.0,cctv1,C1_S002,G002,EMPTY,EMPTY,0.01
1135.0,cctv1,C1_S003,G003,OCCUPIED,OCCUPIED,0.836710978367112
1135.0,cctv1,C1_S004,G004,OCCUPIED,OCCUPIED,0.7739129230380059
1135.0,cctv1,C1_S005,G005,OCCUPIED,OCCUPIED,0.7567365161397241
1135.0,cctv1,C1_S006,G006,EMPTY,MANEUVERING,0.3993766807774445
1135.0,cctv2,C2_S001,G007,OCCUPIED,OCCUPIED,0.7911290949041194
1135.0,cctv2,C2_S002,G008,OCCUPIED,OCCUPIED,0.8214654795148156
1135.0,cctv2,C2_S003,G009,EMPTY,MANEUVERING,0.4279749266261404
1135.0,cctv2,C2_S004,G010,OCCUPIED,OCCUPIED,0.7900435740297491
1135.0,cctv2,C2_S005,G001,EMPTY,EMPTY,0.01
1135.0,cctv2,C2_S006,G003,OCCUPIED,OCCUPIED,0.8201048452745785
1135.0,cctv2,C2_S007,G004,OCCUPIED,OCCUPIED,0.8055597736076876
1135.0,cctv2,C2_S008,G006,OCCUPIED,OCCUPIED,0.7697994551875376
1135.0,cctv2,C2_S009,G005,OCCUPIED,OCCUPIED,0.7975052559917624
1135.0,cctv2,C2_S010,G002,EMPTY,EMPTY,0.01
1135.0,cctv2,C2_S011,G017,OCCUPIED,OCCUPIED,0.8053418733856895
1135.0,cctv2,C2_S012,G018,OCCUPIED,OCCUPIED,0.7219827996600758
1135.0,cctv2,C2_S013,G019,OCCUPIED,OCCUPIED,0.8132177664475008
1135.0,cctv2,C2_S014,G020,EMPTY,EMPTY,0.01
1135.0,cctv3,C3_S001,G021,OCCUPIED,LEAVING,0.7589211591265419
1135.0,cctv3,C3_S002,G019,EMPTY,EMPTY,0.01
1135.0,cctv3,C3_S003,G020,OCCUPIED,LEAVING,0.7972346072847194
1135.0,cctv3,C3_S004,G024,OCCUPIED,OCCUPIED,0.8282611250877381
1135.0,cctv3,C3_S005,G025,OCCUPIED,OCCUPIED,0.8275999142365023
1135.0,cctv3,C3_S006,G026,OCCUPIED,OCCUPIED,0.8261575636538593
1135.0,cctv3,C3_S007,G027,EMPTY,EMPTY,0.01
1135.0,cctv3,C3_S008,G028,EMPTY,EMPTY,0.01
1135.0,cctv3,C3_S009,G029,EMPTY,MANEUVERING,0.0819051903576562
1135.0,cctv3,C3_S010,G007,OCCUPIED,LEAVING,0.51
1135.0,cctv3,C3_S011,G008,OCCUPIED,OCCUPIED,0.7966541414911097
1135.0,cctv3,C3_S012,G009,OCCUPIED,OCCUPIED,0.8250137860124762
1136.0,cctv1,C1_S001,G001,OCCUPIED,LEAVING,0.7281095238571818
1136.0,cctv1,C1_S002,G002,EMPTY,EMPTY,0.01
1136.0,cctv1,C1_S003,G003,OCCUPIED,OCCUPIED,0.8367200450463729
1136.0,cctv1,C1_S004,G004,OCCUPIED,OCCUPIED,0.7722549309784716
1136.0,cctv1,C1_S005,G005,OCCUPIED,OCCUPIED,0.7540601122785698
1136.0,cctv1,C1_S006,G006,EMPTY,MANEUVERING,0.4824848201580636
1136.0,cctv2,C2_S001,G007,OCCUPIED,OCCUPIED,0.792198829759251
1136.0,cctv2,C2_S002,G008,OCCUPIED,OCCUPIED,0.821070732311769
1136.0,cctv2,C2_S003,G009,EMPTY,MANEUVERING,0.49
1136.0,cctv2,C2_S004,G010,OCCUPIED,OCCUPIED,0.7884272939779542
1136.0,cctv2,C2_S005,G001,EMPTY,EMPTY,0.01
1136.0,cctv2,C2_S006,G003,OCCUPIED,OCCUPIED,0.8204860660162839
1136.0,cctv2,C2_S007,G004,OCCUPIED,OCCUPIED,0.8071443511681123
1136.0,cctv2,C2_S008,G006,OCCUPIED,OCCUPIED,0.7696523136713289
1136.0,cctv2,C2_S009,G005,OCCUPIED,OCCUPIED,0.7987443227659573
1136.0,cctv2,C2_S010,G002,EMPTY,EMPTY,0.01
1136.0,cctv2,C2_S011,G017,OCCUPIED,OCCUPIED,0.8049265357581052
1136.0,cctv2,C2_S012,G018,OCCUPIED,OCCUPIED,0.7250854462791574
1136.0,cctv2,C2_S013,G019,OCCUPIED,OCCUPIED,0.8134915972297843
1136.0,cctv2,C2_S014,G020,EMPTY,EMPTY,0.01
1136.0,cctv3,C3_S001,G021,OCCUPIED,LEAVING,0.7583192795515061
1136.0,cctv3,C3_S002,G019,EMPTY,EMPTY,0.01
1136.0,cctv3,C3_S003,G020,OCCUPIED,LEAVING,0.7978542357683183
1136.0,cctv3,C3_S004,G024,OCCUPIED,OCCUPIED,0.8284802184863524
1136.0,cctv3,C3_S005,G025,OCCUPIED,OCCUPIED,0.8276398141275754
1136.0,cctv3,C3_S006,G026,OCCUPIED,OCCUPIED,0.8261197249997747
1136.0,cctv3,C3_S007,G027,EMPTY,EMPTY,0.01
1136.0,cctv3,C3_S008,G028,EMPTY,EMPTY,0.01
1136.0,cctv3,C3_S009,G029,EMPTY,MANEUVERING,0.0819051903576562
1136.0,cctv3,C3_S010,G007,OCCUPIED,OCCUPIED,0.51
1136.0,cctv3,C3_S011,G008,OCCUPIED,OCCUPIED,0.7974735807288778
1136.0,cctv3,C3_S012,G009,OCCUPIED,OCCUPIED,0.8250165828249671
1137.0,cctv1,C1_S001,G001,OCCUPIED,LEAVING,0.7265872440554879
1137.0,cctv1,C1_S002,G002,EMPTY,EMPTY,0.01
1137.0,cctv1,C1_S003,G003,OCCUPIED,OCCUPIED,0.8366700527342884
1137.0,cctv1,C1_S004,G004,OCCUPIED,OCCUPIED,0.7715895545753566
1137.0,cctv1,C1_S005,G005,OCCUPIED,OCCUPIED,0.7529141913083467
1137.0,cctv1,C1_S006,G006,EMPTY,MANEUVERING,0.49
1137.0,cctv2,C2_S001,G007,OCCUPIED,OCCUPIED,0.7931245470588858
1137.0,cctv2,C2_S002,G008,OCCUPIED,OCCUPIED,0.8217333948070353
1137.0,cctv2,C2_S003,G009,EMPTY,MANEUVERING,0.49
1137.0,cctv2,C2_S004,G010,OCCUPIED,OCCUPIED,0.7890387409112671
1137.0,cctv2,C2_S005,G001,EMPTY,EMPTY,0.01
1137.0,cctv2,C2_S006,G003,OCCUPIED,OCCUPIED,0.8192933860150251
1137.0,cctv2,C2_S007,G004,OCCUPIED,OCCUPIED,0.8068908425894651
1137.0,cctv2,C2_S008,G006,OCCUPIED,OCCUPIED,0.7693622502413664
1137.0,cctv2,C2_S009,G005,OCCUPIED,OCCUPIED,0.7974242931062525
1137.0,cctv2,C2_S010,G002,EMPTY,EMPTY,0.01
1137.0,cctv2,C2_S011,G017,OCCUPIED,OCCUPIED,0.8040283241055229
1137.0,cctv2,C2_S012,G018,OCCUPIED,OCCUPIED,0.7252762952853333
1137.0,cctv2,C2_S013,G019,OCCUPIED,OCCUPIED,0.8135061640631069
1137.0,cctv2,C2_S014,G020,EMPTY,EMPTY,0.01
1137.0,cctv3,C3_S001,G021,OCCUPIED,LEAVING,0.756390246207064
1137.0,cctv3,C3_S002,G019,EMPTY,EMPTY,0.01
1137.0,cctv3,C3_S003,G020,OCCUPIED,LEAVING,0.7990324952385643
1137.0,cctv3,C3_S004,G024,OCCUPIED,OCCUPIED,0.8284360985864293
1137.0,cctv3,C3_S005,G025,OCCUPIED,OCCUPIED,0.8274929014119236
1137.0,cctv3,C3_S006,G026,OCCUPIED,OCCUPIED,0.8260265434330161
1137.0,cctv3,C3_S007,G027,EMPTY,EMPTY,0.01
1137.0,cctv3,C3_S008,G028,EMPTY,EMPTY,0.01
1137.0,cctv3,C3_S009,G029,EMPTY,MANEUVERING,0.0819051903576562
1137.0,cctv3,C3_S010,G007,OCCUPIED,OCCUPIED,0.51
1137.0,cctv3,C3_S011,G008,OCCUPIED,OCCUPIED,0.7973865259777416
1137.0,cctv3,C3_S012,G009,OCCUPIED,OCCUPIED,0.8245134353637695
1138.0,cctv1,C1_S001,G001,OCCUPIED,OCCUPIED,0.7264990920370276
1138.0,cctv1,C1_S002,G002,EMPTY,EMPTY,0.01
1138.0,cctv1,C1_S003,G003,OCCUPIED,OCCUPIED,0.8367011712356047
1138.0,cctv1,C1_S004,G004,OCCUPIED,OCCUPIED,0.7726830542087556
1138.0,cctv1,C1_S005,G005,OCCUPIED,OCCUPIED,0.7529133118689061
1138.0,cctv1,C1_S006,G006,EMPTY,MANEUVERING,0.49
1138.0,cctv2,C2_S001,G007,OCCUPIED,OCCUPIED,0.7949360638856888
1138.0,cctv2,C2_S002,G008,OCCUPIED,OCCUPIED,0.8224536150693894
1138.0,cctv2,C2_S003,G009,EMPTY,MANEUVERING,0.49
1138.0,cctv2,C2_S004,G010,OCCUPIED,OCCUPIED,0.787794615328312
1138.0,cctv2,C2_S005,G001,EMPTY,EMPTY,0.01
1138.0,cctv2,C2_S006,G003,OCCUPIED,OCCUPIED,0.8176891665567052
1138.0,cctv2,C2_S007,G004,OCCUPIED,OCCUPIED,0.8058906305919995
1138.0,cctv2,C2_S008,G006,OCCUPIED,OCCUPIED,0.7677448769862002
1138.0,cctv2,C2_S009,G005,OCCUPIED,OCCUPIED,0.7950040018016642
1138.0,cctv2,C2_S010,G002,EMPTY,EMPTY,0.01
1138.0,cctv2,C2_S011,G017,OCCUPIED,OCCUPIED,0.8046910459345038
1138.0,cctv2,C2_S012,G018,OCCUPIED,OCCUPIED,0.7253839587081563
1138.0,cctv2,C2_S013,G019,OCCUPIED,OCCUPIED,0.8144303273070943
1138.0,cctv2,C2_S014,G020,EMPTY,EMPTY,0.01
1138.0,cctv3,C3_S001,G021,OCCUPIED,LEAVING,0.7555091588334605
1138.0,cctv3,C3_S002,G019,EMPTY,EMPTY,0.01
1138.0,cctv3,C3_S003,G020,OCCUPIED,LEAVING,0.7955442588437688
1138.0,cctv3,C3_S004,G024,OCCUPIED,OCCUPIED,0.8284147855910389
1138.0,cctv3,C3_S005,G025,OCCUPIED,OCCUPIED,0.8268993423743682
1138.0,cctv3,C3_S006,G026,OCCUPIED,OCCUPIED,0.825922526554628
1138.0,cctv3,C3_S007,G027,EMPTY,EMPTY,0.01
1138.0,cctv3,C3_S008,G028,EMPTY,EMPTY,0.01
1138.0,cctv3,C3_S009,G029,EMPTY,MANEUVERING,0.0819051903576562
1138.0,cctv3,C3_S010,G007,OCCUPIED,OCCUPIED,0.51
1138.0,cctv3,C3_S011,G008,OCCUPIED,OCCUPIED,0.7969978885217147
1138.0,cctv3,C3_S012,G009,OCCUPIED,OCCUPIED,0.8241149330681021
1139.0,cctv1,C1_S001,G001,OCCUPIED,OCCUPIED,0.7263777777552606
1139.0,cctv1,C1_S002,G002,EMPTY,EMPTY,0.01
1139.0,cctv1,C1_S003,G003,OCCUPIED,OCCUPIED,0.8367534157904712
1139.0,cctv1,C1_S004,G004,OCCUPIED,OCCUPIED,0.7734153037721461
1139.0,cctv1,C1_S005,G005,OCCUPIED,OCCUPIED,0.7543085766786879
1139.0,cctv1,C1_S006,G006,EMPTY,MANEUVERING,0.49
1139.0,cctv2,C2_S001,G007,OCCUPIED,OCCUPIED,0.7973960852081126
1139.0,cctv2,C2_S002,G008,OCCUPIED,OCCUPIED,0.8233314443718304
1139.0,cctv2,C2_S003,G009,EMPTY,MANEUVERING,0.49
1139.0,cctv2,C2_S004,G010,OCCUPIED,OCCUPIED,0.7882871306755327
1139.0,cctv2,C2_S005,G001,EMPTY,EMPTY,0.01
1139.0,cctv2,C2_S006,G003,OCCUPIED,OCCUPIED,0.8178357582200658
1139.0,cctv2,C2_S007,G004,OCCUPIED,OCCUPIED,0.8057258194143122
1139.0,cctv2,C2_S008,G006,OCCUPIED,OCCUPIED,0.7667214407162234
1139.0,cctv2,C2_S009,G005,OCCUPIED,OCCUPIED,0.7938833675601267
1139.0,cctv2,C2_S010,G002,EMPTY,EMPTY,0.01
1139.0,cctv2,C2_S011,G017,OCCUPIED,OCCUPIED,0.8049654505469583
1139.0,cctv2,C2_S012,G018,OCCUPIED,OCCUPIED,0.7267301893640649
1139.0,cctv2,C2_S013,G019,OCCUPIED,OCCUPIED,0.8137242520397361
1139.0,cctv2,C2_S014,G020,EMPTY,EMPTY,0.01
1139.0,cctv3,C3_S001,G021,OCCUPIED,LEAVING,0.7561850267377768
1139.0,cctv3,C3_S002,G019,EMPTY,EMPTY,0.01
1139.0,cctv3,C3_S003,G020,OCCUPIED,LEAVING,0.7971238515593789
1139.0,cctv3,C3_S004,G024,OCCUPIED,OCCUPIED,0.8283545098521493
1139.0,cctv3,C3_S005,G025,OCCUPIED,OCCUPIED,0.8263210873712193
1139.0,cctv3,C3_S006,G026,OCCUPIED,OCCUPIED,0.8258803524754265
1139.0,cctv3,C3_S007,G027,EMPTY,EMPTY,0.01
1139.0,cctv3,C3_S008,G028,EMPTY,EMPTY,0.01
1139.0,cctv3,C3_S009,G029,EMPTY,MANEUVERING,0.0819051903576562
1139.0,cctv3,C3_S010,G007,OCCUPIED,OCCUPIED,0.51
1139.0,cctv3,C3_S011,G008,OCCUPIED,OCCUPIED,0.7970678063956175
1139.0,cctv3,C3_S012,G009,OCCUPIED,OCCUPIED,0.8235408436168324
1140.0,cctv1,C1_S001,G001,OCCUPIED,OCCUPIED,0.7270104769278657
1140.0,cctv1,C1_S002,G002,EMPTY,EMPTY,0.01
1140.0,cctv1,C1_S003,G003,OCCUPIED,OCCUPIED,0.8367673267017712
1140.0,cctv1,C1_S004,G004,OCCUPIED,OCCUPIED,0.7743909885937518
1140.0,cctv1,C1_S005,G005,OCCUPIED,OCCUPIED,0.7551127480512316
1140.0,cctv1,C1_S006,G006,EMPTY,MANEUVERING,0.4618069842999631
1140.0,cctv2,C2_S001,G007,OCCUPIED,OCCUPIED,0.7984630370681937
1140.0,cctv2,C2_S002,G008,OCCUPIED,OCCUPIED,0.8252432733774185
1140.0,cctv2,C2_S003,G009,EMPTY,MANEUVERING,0.4339883936399763
1140.0,cctv2,C2_S004,G010,OCCUPIED,OCCUPIED,0.7891869947314263
1140.0,cctv2,C2_S005,G001,EMPTY,EMPTY,0.01
1140.0,cctv2,C2_S006,G003,OCCUPIED,OCCUPIED,0.8179803471673619
1140.0,cctv2,C2_S007,G004,OCCUPIED,OCCUPIED,0.8049119510433891
1140.0,cctv2,C2_S008,G006,OCCUPIED,OCCUPIED,0.7660596109249376
1140.0,cctv2,C2_S009,G005,OCCUPIED,OCCUPIED,0.7916132949969986
1140.0,cctv2,C2_S010,G002,EMPTY,EMPTY,0.01
1140.0,cctv2,C2_S011,G017,OCCUPIED,OCCUPIED,0.8038753723556346
1140.0,cctv2,C2_S012,G018,OCCUPIED,OCCUPIED,0.7266130000759256
1140.0,cctv2,C2_S013,G019,OCCUPIED,OCCUPIED,0.8126926370642402
1140.0,cctv2,C2_S014,G020,EMPTY,EMPTY,0.01
1140.0,cctv3,C3_S001,G021,OCCUPIED,LEAVING,0.7545024075291374
1140.0,cctv3,C3_S002,G019,EMPTY,EMPTY,0.01
1140.0,cctv3,C3_S003,G020,OCCUPIED,LEAVING,0.796731127392162
1140.0,cctv3,C3_S004,G024,OCCUPIED,OCCUPIED,0.8282298302108592
1140.0,cctv3,C3_S005,G025,OCCUPIED,OCCUPIED,0.82619104412469
1140.0,cctv3,C3_S006,G026,OCCUPIED,OCCUPIED,0.825892341949723
1140.0,cctv3,C3_S007,G027,EMPTY,EMPTY,0.01
1140.0,cctv3,C3_S008,G028,EMPTY,EMPTY,0.01
1140.0,cctv3,C3_S009,G029,EMPTY,MANEUVERING,0.0819051903576562
1140.0,cctv3,C3_S010,G007,OCCUPIED,OCCUPIED,0.51
1140.0,cctv3,C3_S011,G008,OCCUPIED,OCCUPIED,0.7976732419295745
1140.0,cctv3,C3_S012,G009,OCCUPIED,OCCUPIED,0.8235383524136111
1141.0,cctv1,C1_S001,G001,OCCUPIED,OCCUPIED,0.7290869328108701
1141.0,cctv1,C1_S002,G002,EMPTY,EMPTY,0.01
1141.0,cctv1,C1_S003,G003,OCCUPIED,OCCUPIED,0.8367905204946345
1141.0,cctv1,C1_S004,G004,OCCUPIED,OCCUPIED,0.77413870529695
1141.0,cctv1,C1_S005,G005,OCCUPIED,OCCUPIED,0.7553562999448994
1141.0,cctv1,C1_S006,G006,EMPTY,MANEUVERING,0.4627471540665084
1141.0,cctv2,C2_S001,G007,OCCUPIED,OCCUPIED,0.7999254213138061
1141.0,cctv2,C2_S002,G008,OCCUPIED,OCCUPIED,0.8258873026479375
1141.0,cctv2,C2_S003,G009,EMPTY,MANEUVERING,0.470043583640998
1141.0,cctv2,C2_S004,G010,OCCUPIED,OCCUPIED,0.7900109522721985
1141.0,cctv2,C2_S005,G001,EMPTY,EMPTY,0.01
1141.0,cctv2,C2_S006,G003,OCCUPIED,OCCUPIED,0.8181506105444649
1141.0,cctv2,C2_S007,G004,OCCUPIED,OCCUPIED,0.8046243499625814
1141.0,cctv2,C2_S008,G006,OCCUPIED,OCCUPIED,0.7658958949825981
1141.0,cctv2,C2_S009,G005,OCCUPIED,OCCUPIED,0.7893736545335164
1141.0,cctv2,C2_S010,G002,EMPTY,EMPTY,0.01
1141.0,cctv2,C2_S011,G017,OCCUPIED,OCCUPIED,0.8013215858827938
1141.0,cctv2,C2_S012,G018,OCCUPIED,OCCUPIED,0.7249943356622349
1141.0,cctv2,C2_S013,G019,OCCUPIED,OCCUPIED,0.8114677282896909
1141.0,cctv2,C2_S014,G020,EMPTY,EMPTY,0.01
1141.0,cctv3,C3_S001,G021,OCCUPIED,LEAVING,0.7540092508901249
1141.0,cctv3,C3_S002,G019,EMPTY,EMPTY,0.01
1141.0,cctv3,C3_S003,G020,OCCUPIED,LEAVING,0.7978660000996157
1141.0,cctv3,C3_S004,G024,OCCUPIED,OCCUPIED,0.828065019033172
1141.0,cctv3,C3_S005,G025,OCCUPIED,OCCUPIED,0.8258725448088213
1141.0,cctv3,C3_S006,G026,OCCUPIED,OCCUPIED,0.8257574886083603
1141.0,cctv3,C3_S007,G027,EMPTY,EMPTY,0.01
1141.0,cctv3,C3_S008,G028,EMPTY,EMPTY,0.01
1141.0,cctv3,C3_S009,G029,EMPTY,EMPTY,0.01
1141.0,cctv3,C3_S010,G007,OCCUPIED,OCCUPIED,0.51
1141.0,cctv3,C3_S011,G008,OCCUPIED,OCCUPIED,0.7976261976090345
1141.0,cctv3,C3_S012,G009,OCCUPIED,OCCUPIED,0.8230982848189095
1142.0,cctv1,C1_S001,G001,OCCUPIED,OCCUPIED,0.7298039744523439
1142.0,cctv1,C1_S002,G002,EMPTY,EMPTY,0.01
1142.0,cctv1,C1_S003,G003,OCCUPIED,OCCUPIED,0.8367415108463981
1142.0,cctv1,C1_S004,G004,OCCUPIED,OCCUPIED,0.7734850269826976
1142.0,cctv1,C1_S005,G005,OCCUPIED,OCCUPIED,0.7531068881126968
1142.0,cctv1,C1_S006,G006,EMPTY,MANEUVERING,0.3817848555201834
1142.0,cctv2,C2_S001,G007,OCCUPIED,OCCUPIED,0.8011443739587611
1142.0,cctv2,C2_S002,G008,OCCUPIED,OCCUPIED,0.8265382755886426
1142.0,cctv2,C2_S003,G009,EMPTY,MANEUVERING,0.425043583640998
1142.0,cctv2,C2_S004,G010,OCCUPIED,OCCUPIED,0.7925067193128846
1142.0,cctv2,C2_S005,G001,EMPTY,EMPTY,0.01
1142.0,cctv2,C2_S006,G003,OCCUPIED,OCCUPIED,0.8184162711555308
1142.0,cctv2,C2_S007,G004,OCCUPIED,OCCUPIED,0.8046847102316944
1142.0,cctv2,C2_S008,G006,OCCUPIED,OCCUPIED,0.7659693265503104
1142.0,cctv2,C2_S009,G005,OCCUPIED,OCCUPIED,0.789031308753924
1142.0,cctv2,C2_S010,G002,EMPTY,EMPTY,0.01
1142.0,cctv2,C2_S011,G017,OCCUPIED,OCCUPIED,0.7989448674700478
1142.0,cctv2,C2_S012,G018,OCCUPIED,OCCUPIED,0.7614497746933591
1142.0,cctv2,C2_S013,G019,OCCUPIED,OCCUPIED,0.8116784304380418
1142.0,cctv2,C2_S014,G020,EMPTY,EMPTY,0.01
1142.0,cctv3,C3_S001,G021,OCCUPIED,LEAVING,0.7581642368977721
1142.0,cctv3,C3_S002,G019,EMPTY,EMPTY,0.01
1142.0,cctv3,C3_S003,G020,OCCUPIED,LEAVING,0.7993749401786111
1142.0,cctv3,C3_S004,G024,OCCUPIED,OCCUPIED,0.8279419405893846
1142.0,cctv3,C3_S005,G025,OCCUPIED,OCCUPIED,0.8259742761200125
1142.0,cctv3,C3_S006,G026,OCCUPIED,OCCUPIED,0.8256057844920592
1142.0,cctv3,C3_S007,G027,EMPTY,EMPTY,0.01
1142.0,cctv3,C3_S008,G028,EMPTY,EMPTY,0.01
1142.0,cctv3,C3_S009,G029,EMPTY,EMPTY,0.01
1142.0,cctv3,C3_S010,G007,EMPTY,EMPTY,0.2286529861977606
1142.0,cctv3,C3_S011,G008,OCCUPIED,OCCUPIED,0.797461078383706
1142.0,cctv3,C3_S012,G009,OCCUPIED,OCCUPIED,0.8222565759312024
1143.0,cctv1,C1_S001,G001,OCCUPIED,OCCUPIED,0.7309292936189609
1143.0,cctv1,C1_S002,G002,EMPTY,EMPTY,0.01
1143.0,cctv1,C1_S003,G003,OCCUPIED,OCCUPIED,0.8369311917911877
1143.0,cctv1,C1_S004,G004,OCCUPIED,OCCUPIED,0.7739459950815548
1143.0,cctv1,C1_S005,G005,OCCUPIED,OCCUPIED,0.7523839068006386
1143.0,cctv1,C1_S006,G006,EMPTY,MANEUVERING,0.3817848555201834
1143.0,cctv2,C2_S001,G007,OCCUPIED,OCCUPIED,0.8020005488937552
1143.0,cctv2,C2_S002,G008,OCCUPIED,OCCUPIED,0.8272830551320857
1143.0,cctv2,C2_S003,G009,EMPTY,MANEUVERING,0.425043583640998
1143.0,cctv2,C2_S004,G010,OCCUPIED,OCCUPIED,0.7921937664801425
1143.0,cctv2,C2_S005,G001,EMPTY,EMPTY,0.01
1143.0,cctv2,C2_S006,G003,OCCUPIED,OCCUPIED,0.8189183920621872
1143.0,cctv2,C2_S007,G004,OCCUPIED,OCCUPIED,0.8046851613304833
1143.0,cctv2,C2_S008,G006,OCCUPIED,OCCUPIED,0.7662499762394213
1143.0,cctv2,C2_S009,G005,OCCUPIED,OCCUPIED,0.7875195190310479
1143.0,cctv2,C2_S010,G002,EMPTY,EMPTY,0.01
1143.0,cctv2,C2_S011,G017,OCCUPIED,OCCUPIED,0.7994067910042677
1143.0,cctv2,C2_S012,G018,OCCUPIED,OCCUPIED,0.7602136347781528
1143.0,cctv2,C2_S013,G019,OCCUPIED,OCCUPIED,0.8110863466154445
1143.0,cctv2,C2_S014,G020,EMPTY,EMPTY,0.01
1143.0,cctv3,C3_S001,G021,OCCUPIED,LEAVING,0.7540935787287626
1143.0,cctv3,C3_S002,G019,EMPTY,EMPTY,0.01
1143.0,cctv3,C3_S003,G020,OCCUPIED,LEAVING,0.7967436224222184
1143.0,cctv3,C3_S004,G024,OCCUPIED,OCCUPIED,0.827804158763452
1143.0,cctv3,C3_S005,G025,OCCUPIED,OCCUPIED,0.8255272949283774
1143.0,cctv3,C3_S006,G026,OCCUPIED,OCCUPIED,0.8255023576996544
1143.0,cctv3,C3_S007,G027,EMPTY,EMPTY,0.01
1143.0,cctv3,C3_S008,G028,EMPTY,EMPTY,0.01
1143.0,cctv3,C3_S009,G029,EMPTY,EMPTY,0.01
1143.0,cctv3,C3_S010,G007,EMPTY,EMPTY,0.01
1143.0,cctv3,C3_S011,G008,OCCUPIED,OCCUPIED,0.797639447721568
1143.0,cctv3,C3_S012,G009,OCCUPIED,OCCUPIED,0.8222908675670624
1144.0,cctv1,C1_S001,G001,OCCUPIED,OCCUPIED,0.7322578846053645
1144.0,cctv1,C1_S002,G002,EMPTY,EMPTY,0.01
1144.0,cctv1,C1_S003,G003,OCCUPIED,OCCUPIED,0.8369409070773559
1144.0,cctv1,C1_S004,G004,OCCUPIED,OCCUPIED,0.7736232972957872
1144.0,cctv1,C1_S005,G005,OCCUPIED,OCCUPIED,0.7493943438611248
1144.0,cctv1,C1_S006,G006,EMPTY,MANEUVERING,0.4629458610510284
1144.0,cctv2,C2_S001,G007,OCCUPIED,OCCUPIED,0.8034856920892542
1144.0,cctv2,C2_S002,G008,OCCUPIED,OCCUPIED,0.8272173653949392
1144.0,cctv2,C2_S003,G009,EMPTY,MANEUVERING,0.4700113092159683
1144.0,cctv2,C2_S004,G010,OCCUPIED,OCCUPIED,0.7929676561193033
1144.0,cctv2,C2_S005,G001,EMPTY,EMPTY,0.01
1144.0,cctv2,C2_S006,G003,OCCUPIED,OCCUPIED,0.8191839315674523
1144.0,cctv2,C2_S007,G004,OCCUPIED,OCCUPIED,0.8031266133893621
1144.0,cctv2,C2_S008,G006,OCCUPIED,OCCUPIED,0.7670796521685341
1144.0,cctv2,C2_S009,G005,OCCUPIED,OCCUPIED,0.7865504539825701
1144.0,cctv2,C2_S010,G002,EMPTY,EMPTY,0.01
1144.0,cctv2,C2_S011,G017,OCCUPIED,OCCUPIED,0.7976431930607016
1144.0,cctv2,C2_S012,G018,OCCUPIED,OCCUPIED,0.7589820505543189
1144.0,cctv2,C2_S013,G019,OCCUPIED,OCCUPIED,0.8108376505700026
1144.0,cctv2,C2_S014,G020,EMPTY,EMPTY,0.01
1144.0,cctv3,C3_S001,G021,OCCUPIED,LEAVING,0.7573919065973976
1144.0,cctv3,C3_S002,G019,EMPTY,EMPTY,0.01
1144.0,cctv3,C3_S003,G020,OCCUPIED,LEAVING,0.7977035321972588
1144.0,cctv3,C3_S004,G024,OCCUPIED,OCCUPIED,0.8279745424335654
1144.0,cctv3,C3_S005,G025,OCCUPIED,OCCUPIED,0.8253325819969177
1144.0,cctv3,C3_S006,G026,OCCUPIED,OCCUPIED,0.825353261015632
1144.0,cctv3,C3_S007,G027,EMPTY,EMPTY,0.01
1144.0,cctv3,C3_S008,G028,EMPTY,EMPTY,0.01
1144.0,cctv3,C3_S009,G029,EMPTY,EMPTY,0.01
1144.0,cctv3,C3_S010,G007,EMPTY,EMPTY,0.01
1144.0,cctv3,C3_S011,G008,OCCUPIED,OCCUPIED,0.7974722916429694
1144.0,cctv3,C3_S012,G009,OCCUPIED,OCCUPIED,0.8219382586804304
1145.0,cctv1,C1_S001,G001,OCCUPIED,OCCUPIED,0.7317680563439023
1145.0,cctv1,C1_S002,G002,EMPTY,EMPTY,0.01
1145.0,cctv1,C1_S003,G003,OCCUPIED,OCCUPIED,0.8368332123214549
1145.0,cctv1,C1_S004,G004,OCCUPIED,OCCUPIED,0.7737641579725526
1145.0,cctv1,C1_S005,G005,OCCUPIED,OCCUPIED,0.7472016343338924
1145.0,cctv1,C1_S006,G006,EMPTY,MANEUVERING,0.49
1145.0,cctv2,C2_S001,G007,OCCUPIED,OCCUPIED,0.803598346493461
1145.0,cctv2,C2_S002,G008,OCCUPIED,OCCUPIED,0.8278106529604305
1145.0,cctv2,C2_S003,G009,EMPTY,MANEUVERING,0.4250113092159683
1145.0,cctv2,C2_S004,G010,OCCUPIED,OCCUPIED,0.7944124475121499
1145.0,cctv2,C2_S005,G001,EMPTY,EMPTY,0.01
1145.0,cctv2,C2_S006,G003,OCCUPIED,OCCUPIED,0.8190377162261443
1145.0,cctv2,C2_S007,G004,OCCUPIED,OCCUPIED,0.8009433602744883
1145.0,cctv2,C2_S008,G006,OCCUPIED,OCCUPIED,0.7629021026871422
1145.0,cctv2,C2_S009,G005,OCCUPIED,OCCUPIED,0.7851439052007416
1145.0,cctv2,C2_S010,G002,EMPTY,EMPTY,0.01
1145.0,cctv2,C2_S011,G017,OCCUPIED,OCCUPIED,0.7974990690296347
1145.0,cctv2,C2_S012,G018,OCCUPIED,OCCUPIED,0.7581849801269445
1145.0,cctv2,C2_S013,G019,OCCUPIED,OCCUPIED,0.8108773505145854
1145.0,cctv2,C2_S014,G020,EMPTY,EMPTY,0.01
1145.0,cctv3,C3_S001,G021,OCCUPIED,LEAVING,0.7585532104427165
1145.0,cctv3,C3_S002,G019,EMPTY,EMPTY,0.01
1145.0,cctv3,C3_S003,G020,OCCUPIED,LEAVING,0.7992029333656485
1145.0,cctv3,C3_S004,G024,OCCUPIED,OCCUPIED,0.8279120648449119
1145.0,cctv3,C3_S005,G025,OCCUPIED,OCCUPIED,0.8255812406539917
1145.0,cctv3,C3_S006,G026,OCCUPIED,OCCUPIED,0.825494533777237
1145.0,cctv3,C3_S007,G027,EMPTY,EMPTY,0.01
1145.0,cctv3,C3_S008,G028,EMPTY,EMPTY,0.01
1145.0,cctv3,C3_S009,G029,EMPTY,EMPTY,0.01
1145.0,cctv3,C3_S010,G007,EMPTY,MANEUVERING,0.2749777747284282
1145.0,cctv3,C3_S011,G008,OCCUPIED,OCCUPIED,0.7975927008823915
1145.0,cctv3,C3_S012,G009,OCCUPIED,OCCUPIED,0.8214779948646372
1146.0,cctv1,C1_S001,G001,OCCUPIED,OCCUPIED,0.7324286907233976
1146.0,cctv1,C1_S002,G002,EMPTY,EMPTY,0.01
1146.0,cctv1,C1_S003,G003,OCCUPIED,OCCUPIED,0.8369357718662782
1146.0,cctv1,C1_S004,G004,OCCUPIED,OCCUPIED,0.7752128194678914
1146.0,cctv1,C1_S005,G005,OCCUPIED,OCCUPIED,0.7493294880471447
1146.0,cctv1,C1_S006,G006,EMPTY,MANEUVERING,0.49
1146.0,cctv2,C2_S001,G007,OCCUPIED,OCCUPIED,0.8028089585629377
1146.0,cctv2,C2_S002,G008,OCCUPIED,OCCUPIED,0.8287188529968262
1146.0,cctv2,C2_S003,G009,EMPTY,MANEUVERING,0.466037693301385
1146.0,cctv2,C2_S004,G010,OCCUPIED,OCCUPIED,0.7953215115449646
1146.0,cctv2,C2_S005,G001,EMPTY,EMPTY,0.01
1146.0,cctv2,C2_S006,G003,OCCUPIED,OCCUPIED,0.8192146615548568
1146.0,cctv2,C2_S007,G004,OCCUPIED,OCCUPIED,0.7999068961902098
1146.0,cctv2,C2_S008,G006,OCCUPIED,OCCUPIED,0.7612808158451861
1146.0,cctv2,C2_S009,G005,OCCUPIED,OCCUPIED,0.7851676963947036
1146.0,cctv2,C2_S010,G002,EMPTY,EMPTY,0.01
1146.0,cctv2,C2_S011,G017,OCCUPIED,OCCUPIED,0.7968889217485082
1146.0,cctv2,C2_S012,G018,OCCUPIED,OCCUPIED,0.7586014329032466
1146.0,cctv2,C2_S013,G019,OCCUPIED,OCCUPIED,0.8125849837606605
1146.0,cctv2,C2_S014,G020,EMPTY,EMPTY,0.01
1146.0,cctv3,C3_S001,G021,OCCUPIED,LEAVING,0.7591137994419446
1146.0,cctv3,C3_S002,G019,EMPTY,EMPTY,0.01
1146.0,cctv3,C3_S003,G020,OCCUPIED,LEAVING,0.8006266352805225
1146.0,cctv3,C3_S004,G024,OCCUPIED,OCCUPIED,0.8280415318228982
1146.0,cctv3,C3_S005,G025,OCCUPIED,OCCUPIED,0.8257144846699456
1146.0,cctv3,C3_S006,G026,OCCUPIED,OCCUPIED,0.8254340832883662
1146.0,cctv3,C3_S007,G027,EMPTY,EMPTY,0.01
1146.0,cctv3,C3_S008,G028,EMPTY,EMPTY,0.01
1146.0,cctv3,C3_S009,G029,EMPTY,EMPTY,0.01
1146.0,cctv3,C3_S010,G007,EMPTY,MANEUVERING,0.2749777747284282
1146.0,cctv3,C3_S011,G008,OCCUPIED,OCCUPIED,0.7976791988719594
1146.0,cctv3,C3_S012,G009,OCCUPIED,OCCUPIED,0.8211432039737702
1147.0,cctv1,C1_S001,G001,OCCUPIED,OCCUPIED,0.7325649908320471
1147.0,cctv1,C1_S002,G002,EMPTY,EMPTY,0.01
1147.0,cctv1,C1_S003,G003,OCCUPIED,OCCUPIED,0.8369152407754552
1147.0,cctv1,C1_S004,G004,OCCUPIED,OCCUPIED,0.7761536774310199
1147.0,cctv1,C1_S005,G005,OCCUPIED,OCCUPIED,0.7498978239568798
1147.0,cctv1,C1_S006,G006,EMPTY,MANEUVERING,0.49
1147.0,cctv2,C2_S001,G007,OCCUPIED,OCCUPIED,0.8024846518581564
1147.0,cctv2,C2_S002,G008,OCCUPIED,OCCUPIED,0.829218516837467
1147.0,cctv2,C2_S003,G009,EMPTY,MANEUVERING,0.49
1147.0,cctv2,C2_S004,G010,OCCUPIED,OCCUPIED,0.7985050428997387
1147.0,cctv2,C2_S005,G001,EMPTY,EMPTY,0.01
1147.0,cctv2,C2_S006,G003,OCCUPIED,OCCUPIED,0.8192072732882066
1147.0,cctv2,C2_S007,G004,OCCUPIED,OCCUPIED,0.7999552686106075
1147.0,cctv2,C2_S008,G006,OCCUPIED,OCCUPIED,0.7621504123915326
1147.0,cctv2,C2_S009,G005,OCCUPIED,OCCUPIED,0.7841572025960143
1147.0,cctv2,C2_S010,G002,EMPTY,EMPTY,0.01
1147.0,cctv2,C2_S011,G017,OCCUPIED,OCCUPIED,0.7976657796989788
1147.0,cctv2,C2_S012,G018,OCCUPIED,OCCUPIED,0.7573510321703825
1147.0,cctv2,C2_S013,G019,OCCUPIED,OCCUPIED,0.8124801467765462
1147.0,cctv2,C2_S014,G020,EMPTY,EMPTY,0.01
1147.0,cctv3,C3_S001,G021,OCCUPIED,LEAVING,0.7583183411847462
1147.0,cctv3,C3_S002,G019,EMPTY,EMPTY,0.01
1147.0,cctv3,C3_S003,G020,OCCUPIED,LEAVING,0.8003089308738709
1147.0,cctv3,C3_S004,G024,OCCUPIED,OCCUPIED,0.8279573567888954
1147.0,cctv3,C3_S005,G025,OCCUPIED,OCCUPIED,0.8258830241181634
1147.0,cctv3,C3_S006,G026,OCCUPIED,OCCUPIED,0.8253593715754423
1147.0,cctv3,C3_S007,G027,EMPTY,EMPTY,0.01
1147.0,cctv3,C3_S008,G028,EMPTY,EMPTY,0.01
1147.0,cctv3,C3_S009,G029,EMPTY,EMPTY,0.01
1147.0,cctv3,C3_S010,G007,EMPTY,MANEUVERING,0.2749777747284282
1147.0,cctv3,C3_S011,G008,OCCUPIED,OCCUPIED,0.7989340866153891
1147.0,cctv3,C3_S012,G009,OCCUPIED,OCCUPIED,0.8205045716329055
1148.0,cctv1,C1_S001,G001,OCCUPIED,OCCUPIED,0.7342066071927548
1148.0,cctv1,C1_S002,G002,EMPTY,EMPTY,0.01
1148.0,cctv1,C1_S003,G003,OCCUPIED,OCCUPIED,0.8368547211993825
1148.0,cctv1,C1_S004,G004,OCCUPIED,OCCUPIED,0.7763013330372898
1148.0,cctv1,C1_S005,G005,OCCUPIED,OCCUPIED,0.7502779441800985
1148.0,cctv1,C1_S006,G006,EMPTY,MANEUVERING,0.49
1148.0,cctv2,C2_S001,G007,OCCUPIED,OCCUPIED,0.8016482456163927
1148.0,cctv2,C2_S002,G008,OCCUPIED,OCCUPIED,0.828878883340142
1148.0,cctv2,C2_S003,G009,EMPTY,MANEUVERING,0.49
1148.0,cctv2,C2_S004,G010,OCCUPIED,OCCUPIED,0.798880943926898
1148.0,cctv2,C2_S005,G001,EMPTY,EMPTY,0.01
1148.0,cctv2,C2_S006,G003,OCCUPIED,OCCUPIED,0.8203986577012323
1148.0,cctv2,C2_S007,G004,OCCUPIED,OCCUPIED,0.799533530256965
1148.0,cctv2,C2_S008,G006,OCCUPIED,OCCUPIED,0.7615257868712599
1148.0,cctv2,C2_S009,G005,OCCUPIED,OCCUPIED,0.7839583907615055
1148.0,cctv2,C2_S010,G002,EMPTY,EMPTY,0.01
1148.0,cctv2,C2_S011,G017,OCCUPIED,OCCUPIED,0.7975793052803387
1148.0,cctv2,C2_S012,G018,OCCUPIED,OCCUPIED,0.7584895498373292
1148.0,cctv2,C2_S013,G019,OCCUPIED,OCCUPIED,0.8144190644676036
1148.0,cctv2,C2_S014,G020,EMPTY,EMPTY,0.01
1148.0,cctv3,C3_S001,G021,OCCUPIED,LEAVING,0.7586655844341625
1148.0,cctv3,C3_S002,G019,EMPTY,EMPTY,0.01
1148.0,cctv3,C3_S003,G020,OCCUPIED,LEAVING,0.8022872469641946
1148.0,cctv3,C3_S004,G024,OCCUPIED,OCCUPIED,0.8279220613566313
1148.0,cctv3,C3_S005,G025,OCCUPIED,OCCUPIED,0.8259145969694311
1148.0,cctv3,C3_S006,G026,OCCUPIED,OCCUPIED,0.8254908632148397
1148.0,cctv3,C3_S007,G027,EMPTY,EMPTY,0.01
1148.0,cctv3,C3_S008,G028,EMPTY,EMPTY,0.01
1148.0,cctv3,C3_S009,G029,EMPTY,EMPTY,0.01
1148.0,cctv3,C3_S010,G007,EMPTY,MANEUVERING,0.2749777747284282
1148.0,cctv3,C3_S011,G008,OCCUPIED,OCCUPIED,0.7993406607346102
1148.0,cctv3,C3_S012,G009,OCCUPIED,OCCUPIED,0.8202578254721382
1149.0,cctv1,C1_S001,G001,OCCUPIED,OCCUPIED,0.7340771729295905
1149.0,cctv1,C1_S002,G002,EMPTY,EMPTY,0.01
1149.0,cctv1,C1_S003,G003,OCCUPIED,OCCUPIED,0.8369338805025275
1149.0,cctv1,C1_S004,G004,OCCUPIED,OCCUPIED,0.7748969901691785
1149.0,cctv1,C1_S005,G005,OCCUPIED,OCCUPIED,0.7505568325519563
1149.0,cctv1,C1_S006,G006,EMPTY,MANEUVERING,0.49
1149.0,cctv2,C2_S001,G007,OCCUPIED,OCCUPIED,0.7991347166624937
1149.0,cctv2,C2_S002,G008,OCCUPIED,OCCUPIED,0.8294577422467145
1149.0,cctv2,C2_S003,G009,EMPTY,MANEUVERING,0.4803438850695437
1149.0,cctv2,C2_S004,G010,OCCUPIED,OCCUPIED,0.8007522601972927
1149.0,cctv2,C2_S005,G001,EMPTY,EMPTY,0.01
1149.0,cctv2,C2_S006,G003,OCCUPIED,OCCUPIED,0.8218506845560941
1149.0,cctv2,C2_S007,G004,OCCUPIED,OCCUPIED,0.7992223549972881
1149.0,cctv2,C2_S008,G006,OCCUPIED,OCCUPIED,0.761392365666953
1149.0,cctv2,C2_S009,G005,OCCUPIED,OCCUPIED,0.7835136106068439
1149.0,cctv2,C2_S010,G002,EMPTY,EMPTY,0.01
1149.0,cctv2,C2_S011,G017,OCCUPIED,OCCUPIED,0.7968097348104825
1149.0,cctv2,C2_S012,G018,OCCUPIED,OCCUPIED,0.7576456529172985
1149.0,cctv2,C2_S013,G019,OCCUPIED,OCCUPIED,0.8132347781549801
1149.0,cctv2,C2_S014,G020,EMPTY,EMPTY,0.01
1149.0,cctv3,C3_S001,G021,OCCUPIED,LEAVING,0.7583202983845364
1149.0,cctv3,C3_S002,G019,EMPTY,EMPTY,0.01
1149.0,cctv3,C3_S003,G020,OCCUPIED,LEAVING,0.8054606009613384
1149.0,cctv3,C3_S004,G024,OCCUPIED,OCCUPIED,0.8279153086922386
1149.0,cctv3,C3_S005,G025,OCCUPIED,OCCUPIED,0.8266254229979082
1149.0,cctv3,C3_S006,G026,OCCUPIED,OCCUPIED,0.8255487908016552
1149.0,cctv3,C3_S007,G027,EMPTY,EMPTY,0.01
1149.0,cctv3,C3_S008,G028,EMPTY,EMPTY,0.01
1149.0,cctv3,C3_S009,G029,EMPTY,EMPTY,0.01
1149.0,cctv3,C3_S010,G007,EMPTY,MANEUVERING,0.3104750531099059
1149.0,cctv3,C3_S011,G008,OCCUPIED,OCCUPIED,0.7986650082198057
1149.0,cctv3,C3_S012,G009,OCCUPIED,OCCUPIED,0.8203880515965549
1150.0,cctv1,C1_S001,G001,OCCUPIED,OCCUPIED,0.7318102374334228
1150.0,cctv1,C1_S002,G002,EMPTY,EMPTY,0.01
1150.0,cctv1,C1_S003,G003,OCCUPIED,OCCUPIED,0.8367839547720823
1150.0,cctv1,C1_S004,G004,OCCUPIED,OCCUPIED,0.7732212483882904
1150.0,cctv1,C1_S005,G005,OCCUPIED,OCCUPIED,0.7500707114284689
1150.0,cctv1,C1_S006,G006,EMPTY,MANEUVERING,0.49
1150.0,cctv2,C2_S001,G007,OCCUPIED,OCCUPIED,0.797339142723517
1150.0,cctv2,C2_S002,G008,OCCUPIED,OCCUPIED,0.8292611607096413
1150.0,cctv2,C2_S003,G009,EMPTY,MANEUVERING,0.4353438850695437
1150.0,cctv2,C2_S004,G010,OCCUPIED,OCCUPIED,0.8015087000348352
1150.0,cctv2,C2_S005,G001,EMPTY,EMPTY,0.01
1150.0,cctv2,C2_S006,G003,OCCUPIED,OCCUPIED,0.8216123231432655
1150.0,cctv2,C2_S007,G004,OCCUPIED,OCCUPIED,0.7983732033859601
1150.0,cctv2,C2_S008,G006,OCCUPIED,OCCUPIED,0.7615407698533753
1150.0,cctv2,C2_S009,G005,OCCUPIED,OCCUPIED,0.7834831350229003
1150.0,cctv2,C2_S010,G002,EMPTY,EMPTY,0.01
1150.0,cctv2,C2_S011,G017,OCCUPIED,OCCUPIED,0.79665719026869
1150.0,cctv2,C2_S012,G018,OCCUPIED,OCCUPIED,0.7578641099008647
1150.0,cctv2,C2_S013,G019,OCCUPIED,OCCUPIED,0.8160959839820863
1150.0,cctv2,C2_S014,G020,EMPTY,EMPTY,0.01
1150.0,cctv3,C3_S001,G021,OCCUPIED,LEAVING,0.7571890385313468
1150.0,cctv3,C3_S002,G019,EMPTY,EMPTY,0.01
1150.0,cctv3,C3_S003,G020,OCCUPIED,LEAVING,0.8038237065076829
1150.0,cctv3,C3_S004,G024,OCCUPIED,OCCUPIED,0.828078015555035
1150.0,cctv3,C3_S005,G025,OCCUPIED,OCCUPIED,0.8270843814719808
1150.0,cctv3,C3_S006,G026,OCCUPIED,OCCUPIED,0.8253313156691465
1150.0,cctv3,C3_S007,G027,EMPTY,EMPTY,0.01
1150.0,cctv3,C3_S008,G028,EMPTY,EMPTY,0.01
1150.0,cctv3,C3_S009,G029,EMPTY,EMPTY,0.01
1150.0,cctv3,C3_S010,G007,EMPTY,MANEUVERING,0.3104750531099059
1150.0,cctv3,C3_S011,G008,OCCUPIED,OCCUPIED,0.7985180036588149
1150.0,cctv3,C3_S012,G009,OCCUPIED,OCCUPIED,0.8207411245866256
1151.0,cctv1,C1_S001,G001,OCCUPIED,OCCUPIED,0.730371632393111
1151.0,cctv1,C1_S002,G002,EMPTY,EMPTY,0.01
1151.0,cctv1,C1_S003,G003,OCCUPIED,OCCUPIED,0.8369110524654388
1151.0,cctv1,C1_S004,G004,OCCUPIED,OCCUPIED,0.7733027981086211
1151.0,cctv1,C1_S005,G005,OCCUPIED,OCCUPIED,0.7475876600904899
1151.0,cctv1,C1_S006,G006,EMPTY,MANEUVERING,0.49
1151.0,cctv2,C2_S001,G007,OCCUPIED,OCCUPIED,0.7970509401776574
1151.0,cctv2,C2_S002,G008,OCCUPIED,OCCUPIED,0.8296832778237083
1151.0,cctv2,C2_S003,G009,EMPTY,MANEUVERING,0.3903438850695436
1151.0,cctv2,C2_S004,G010,OCCUPIED,OCCUPIED,0.8018767511302776
1151.0,cctv2,C2_S005,G001,EMPTY,EMPTY,0.01
1151.0,cctv2,C2_S006,G003,OCCUPIED,OCCUPIED,0.8213757076046684
1151.0,cctv2,C2_S007,G004,OCCUPIED,OCCUPIED,0.7983901785178619
1151.0,cctv2,C2_S008,G006,OCCUPIED,OCCUPIED,0.763371576639739
1151.0,cctv2,C2_S009,G005,OCCUPIED,OCCUPIED,0.7846683962778612
1151.0,cctv2,C2_S010,G002,EMPTY,EMPTY,0.01
1151.0,cctv2,C2_S011,G017,OCCUPIED,OCCUPIED,0.7975846705111591
1151.0,cctv2,C2_S012,G018,OCCUPIED,OCCUPIED,0.7590935617685318
1151.0,cctv2,C2_S013,G019,OCCUPIED,OCCUPIED,0.8174423870715228
1151.0,cctv2,C2_S014,G020,EMPTY,EMPTY,0.01
1151.0,cctv3,C3_S001,G021,OCCUPIED,LEAVING,0.7592131094499068
1151.0,cctv3,C3_S002,G019,EMPTY,EMPTY,0.01
1151.0,cctv3,C3_S003,G020,OCCUPIED,LEAVING,0.8042613032189283
1151.0,cctv3,C3_S004,G024,OCCUPIED,OCCUPIED,0.82801329954104
1151.0,cctv3,C3_S005,G025,OCCUPIED,OCCUPIED,0.827142773162235
1151.0,cctv3,C3_S006,G026,OCCUPIED,OCCUPIED,0.8250794464891608
1151.0,cctv3,C3_S007,G027,EMPTY,EMPTY,0.01
1151.0,cctv3,C3_S008,G028,EMPTY,EMPTY,0.01
1151.0,cctv3,C3_S009,G029,EMPTY,EMPTY,0.01
1151.0,cctv3,C3_S010,G007,EMPTY,MANEUVERING,0.3104750531099059
1151.0,cctv3,C3_S011,G008,OCCUPIED,OCCUPIED,0.7983986713669518
1151.0,cctv3,C3_S012,G009,OCCUPIED,OCCUPIED,0.8203622137958354
1152.0,cctv1,C1_S001,G001,OCCUPIED,OCCUPIED,0.7279828050258486
1152.0,cctv1,C1_S002,G002,EMPTY,EMPTY,0.01
1152.0,cctv1,C1_S003,G003,OCCUPIED,OCCUPIED,0.8370876678011635
1152.0,cctv1,C1_S004,G004,OCCUPIED,OCCUPIED,0.7745161681012674
1152.0,cctv1,C1_S005,G005,OCCUPIED,OCCUPIED,0.7486981661482291
1152.0,cctv1,C1_S006,G006,EMPTY,MANEUVERING,0.49
1152.0,cctv2,C2_S001,G007,OCCUPIED,OCCUPIED,0.7960938353430141
1152.0,cctv2,C2_S002,G008,OCCUPIED,OCCUPIED,0.8296802152286877
1152.0,cctv2,C2_S003,G009,EMPTY,MANEUVERING,0.3097817911072211
1152.0,cctv2,C2_S004,G010,OCCUPIED,OCCUPIED,0.8014206943186848
1152.0,cctv2,C2_S005,G001,EMPTY,EMPTY,0.01
1152.0,cctv2,C2_S006,G003,OCCUPIED,OCCUPIED,0.8206336143341932
1152.0,cctv2,C2_S007,G004,OCCUPIED,OCCUPIED,0.7968138873577119
1152.0,cctv2,C2_S008,G006,OCCUPIED,OCCUPIED,0.7627267874099992
1152.0,cctv2,C2_S009,G005,OCCUPIED,OCCUPIED,0.7838019582358274
1152.0,cctv2,C2_S010,G002,EMPTY,EMPTY,0.01
1152.0,cctv2,C2_S011,G017,OCCUPIED,OCCUPIED,0.7994476759975607
1152.0,cctv2,C2_S012,G018,OCCUPIED,OCCUPIED,0.7598177134990692
1152.0,cctv2,C2_S013,G019,OCCUPIED,OCCUPIED,0.8184773816303774
1152.0,cctv2,C2_S014,G020,EMPTY,EMPTY,0.01
1152.0,cctv3,C3_S001,G021,OCCUPIED,LEAVING,0.760043191774325
1152.0,cctv3,C3_S002,G019,EMPTY,EMPTY,0.01
1152.0,cctv3,C3_S003,G020,OCCUPIED,LEAVING,0.8014423283663663
1152.0,cctv3,C3_S004,G024,OCCUPIED,OCCUPIED,0.8277762727303939
1152.0,cctv3,C3_S005,G025,OCCUPIED,OCCUPIED,0.8273742201653395
1152.0,cctv3,C3_S006,G026,OCCUPIED,OCCUPIED,0.8250600817528638
1152.0,cctv3,C3_S007,G027,EMPTY,EMPTY,0.01
1152.0,cctv3,C3_S008,G028,EMPTY,EMPTY,0.01
1152.0,cctv3,C3_S009,G029,EMPTY,EMPTY,0.01
1152.0,cctv3,C3_S010,G007,EMPTY,MANEUVERING,0.3104750531099059
1152.0,cctv3,C3_S011,G008,OCCUPIED,OCCUPIED,0.7981318947943775
1152.0,cctv3,C3_S012,G009,OCCUPIED,OCCUPIED,0.8200787807052786
1153.0,cctv1,C1_S001,G001,OCCUPIED,OCCUPIED,0.726669564606114
1153.0,cctv1,C1_S002,G002,EMPTY,EMPTY,0.01
1153.0,cctv1,C1_S003,G003,OCCUPIED,OCCUPIED,0.8370470453392376
1153.0,cctv1,C1_S004,G004,OCCUPIED,OCCUPIED,0.7756562073122372
1153.0,cctv1,C1_S005,G005,OCCUPIED,OCCUPIED,0.7499466438185085
1153.0,cctv1,C1_S006,G006,EMPTY,MANEUVERING,0.49
1153.0,cctv2,C2_S001,G007,OCCUPIED,OCCUPIED,0.7956969887018205
1153.0,cctv2,C2_S002,G008,OCCUPIED,OCCUPIED,0.8299746494401585
1153.0,cctv2,C2_S003,G009,EMPTY,MANEUVERING,0.3097817911072211
1153.0,cctv2,C2_S004,G010,OCCUPIED,OCCUPIED,0.8010654292323374
1153.0,cctv2,C2_S005,G001,EMPTY,EMPTY,0.01
1153.0,cctv2,C2_S006,G003,OCCUPIED,OCCUPIED,0.8204383852806959
1153.0,cctv2,C2_S007,G004,OCCUPIED,OCCUPIED,0.7955676883459092
1153.0,cctv2,C2_S008,G006,OCCUPIED,OCCUPIED,0.7617819752205502
1153.0,cctv2,C2_S009,G005,OCCUPIED,OCCUPIED,0.7846526695923373
1153.0,cctv2,C2_S010,G002,EMPTY,EMPTY,0.01
1153.0,cctv2,C2_S011,G017,OCCUPIED,OCCUPIED,0.8004953622817994
1153.0,cctv2,C2_S012,G018,OCCUPIED,OCCUPIED,0.7597530356862329
1153.0,cctv2,C2_S013,G019,OCCUPIED,OCCUPIED,0.8161368827928197
1153.0,cctv2,C2_S014,G020,EMPTY,EMPTY,0.01
1153.0,cctv3,C3_S001,G021,OCCUPIED,LEAVING,0.7562499963424423
1153.0,cctv3,C3_S002,G019,EMPTY,EMPTY,0.01
1153.0,cctv3,C3_S003,G020,OCCUPIED,LEAVING,0.7999702426520261
1153.0,cctv3,C3_S004,G024,OCCUPIED,OCCUPIED,0.8277670605616136
1153.0,cctv3,C3_S005,G025,OCCUPIED,OCCUPIED,0.8275343163446947
1153.0,cctv3,C3_S006,G026,OCCUPIED,OCCUPIED,0.8251187221570448
1153.0,cctv3,C3_S007,G027,EMPTY,EMPTY,0.01
1153.0,cctv3,C3_S008,G028,EMPTY,EMPTY,0.01
1153.0,cctv3,C3_S009,G029,EMPTY,EMPTY,0.01
1153.0,cctv3,C3_S010,G007,EMPTY,MANEUVERING,0.3512337705763903
1153.0,cctv3,C3_S011,G008,OCCUPIED,OCCUPIED,0.7166773383725773
1153.0,cctv3,C3_S012,G009,OCCUPIED,OCCUPIED,0.8204234917055477
1154.0,cctv1,C1_S001,G001,OCCUPIED,OCCUPIED,0.7251427545127545
1154.0,cctv1,C1_S002,G002,EMPTY,EMPTY,0.01
1154.0,cctv1,C1_S003,G003,OCCUPIED,OCCUPIED,0.836968064850027
1154.0,cctv1,C1_S004,G004,OCCUPIED,OCCUPIED,0.7743560670451685
1154.0,cctv1,C1_S005,G005,OCCUPIED,OCCUPIED,0.7485375168648634
1154.0,cctv1,C1_S006,G006,EMPTY,MANEUVERING,0.49
1154.0,cctv2,C2_S001,G007,OCCUPIED,OCCUPIED,0.7945705283771862
1154.0,cctv2,C2_S002,G008,OCCUPIED,OCCUPIED,0.829685146429322
1154.0,cctv2,C2_S003,G009,EMPTY,MANEUVERING,0.3097817911072211
1154.0,cctv2,C2_S004,G010,OCCUPIED,OCCUPIED,0.802883882414211
1154.0,cctv2,C2_S005,G001,EMPTY,EMPTY,0.01
1154.0,cctv2,C2_S006,G003,OCCUPIED,OCCUPIED,0.8197719611904839
1154.0,cctv2,C2_S007,G004,OCCUPIED,OCCUPIED,0.7937849256125364
1154.0,cctv2,C2_S008,G006,OCCUPIED,OCCUPIED,0.7605286065827717
1154.0,cctv2,C2_S009,G005,OCCUPIED,OCCUPIED,0.7857045962051913
1154.0,cctv2,C2_S010,G002,EMPTY,EMPTY,0.01
1154.0,cctv2,C2_S011,G017,OCCUPIED,OCCUPIED,0.8001795793121512
1154.0,cctv2,C2_S012,G018,OCCUPIED,LEAVING,0.7599398649551652
1154.0,cctv2,C2_S013,G019,OCCUPIED,OCCUPIED,0.7239552634141663
1154.0,cctv2,C2_S014,G020,EMPTY,EMPTY,0.01
1154.0,cctv3,C3_S001,G021,OCCUPIED,LEAVING,0.7592900876294484
1154.0,cctv3,C3_S002,G019,EMPTY,EMPTY,0.01
1154.0,cctv3,C3_S003,G020,OCCUPIED,LEAVING,0.8015211462974549
1154.0,cctv3,C3_S004,G024,OCCUPIED,OCCUPIED,0.8278854573314841
1154.0,cctv3,C3_S005,G025,OCCUPIED,OCCUPIED,0.8279543551531705
1154.0,cctv3,C3_S006,G026,OCCUPIED,OCCUPIED,0.8250485181808472
1154.0,cctv3,C3_S007,G027,EMPTY,EMPTY,0.01
1154.0,cctv3,C3_S008,G028,EMPTY,EMPTY,0.01
1154.0,cctv3,C3_S009,G029,EMPTY,EMPTY,0.01
1154.0,cctv3,C3_S010,G007,EMPTY,MANEUVERING,0.3512337705763903
1154.0,cctv3,C3_S011,G008,OCCUPIED,OCCUPIED,0.7160171814669263
1154.0,cctv3,C3_S012,G009,OCCUPIED,OCCUPIED,0.8201527592810718
1155.0,cctv1,C1_S001,G001,OCCUPIED,OCCUPIED,0.7240563887425445
1155.0,cctv1,C1_S002,G002,EMPTY,EMPTY,0.01
1155.0,cctv1,C1_S003,G003,OCCUPIED,OCCUPIED,0.8369479856707833
1155.0,cctv1,C1_S004,G004,OCCUPIED,OCCUPIED,0.7754077542911877
1155.0,cctv1,C1_S005,G005,OCCUPIED,LEAVING,0.7502408037131484
1155.0,cctv1,C1_S006,G006,EMPTY,MANEUVERING,0.49
1155.0,cctv2,C2_S001,G007,OCCUPIED,OCCUPIED,0.7937837893312628
1155.0,cctv2,C2_S002,G008,OCCUPIED,OCCUPIED,0.82985576255755
1155.0,cctv2,C2_S003,G009,EMPTY,MANEUVERING,0.2767848694595423
1155.0,cctv2,C2_S004,G010,OCCUPIED,OCCUPIED,0.8014905934984035
1155.0,cctv2,C2_S005,G001,EMPTY,EMPTY,0.01
1155.0,cctv2,C2_S006,G003,OCCUPIED,OCCUPIED,0.8194253864613447
1155.0,cctv2,C2_S007,G004,OCCUPIED,OCCUPIED,0.7932987662878904
1155.0,cctv2,C2_S008,G006,OCCUPIED,OCCUPIED,0.7594999623569576
1155.0,cctv2,C2_S009,G005,OCCUPIED,OCCUPIED,0.7856111740524119
1155.0,cctv2,C2_S010,G002,EMPTY,EMPTY,0.01
1155.0,cctv2,C2_S011,G017,OCCUPIED,OCCUPIED,0.8017737884413113
1155.0,cctv2,C2_S012,G018,OCCUPIED,LEAVING,0.7597639258612287
1155.0,cctv2,C2_S013,G019,OCCUPIED,LEAVING,0.7237349619648674
1155.0,cctv2,C2_S014,G020,EMPTY,EMPTY,0.01
1155.0,cctv3,C3_S001,G021,OCCUPIED,LEAVING,0.7557410800998862
1155.0,cctv3,C3_S002,G019,EMPTY,EMPTY,0.01
1155.0,cctv3,C3_S003,G020,OCCUPIED,LEAVING,0.7998518767681989
1155.0,cctv3,C3_S004,G024,OCCUPIED,OCCUPIED,0.8277716300704263
1155.0,cctv3,C3_S005,G025,OCCUPIED,OCCUPIED,0.8282382043925199
1155.0,cctv3,C3_S006,G026,OCCUPIED,OCCUPIED,0.82494874894619
1155.0,cctv3,C3_S007,G027,EMPTY,EMPTY,0.01
1155.0,cctv3,C3_S008,G028,EMPTY,EMPTY,0.01
1155.0,cctv3,C3_S009,G029,EMPTY,EMPTY,0.01
1155.0,cctv3,C3_S010,G007,EMPTY,MANEUVERING,0.3512337705763903
1155.0,cctv3,C3_S011,G008,OCCUPIED,OCCUPIED,0.7168371747840535
1155.0,cctv3,C3_S012,G009,OCCUPIED,OCCUPIED,0.820224536007101
1156.0,cctv1,C1_S001,G001,OCCUPIED,OCCUPIED,0.723263790593906
1156.0,cctv1,C1_S002,G002,EMPTY,EMPTY,0.01
1156.0,cctv1,C1_S003,G003,OCCUPIED,OCCUPIED,0.8369594549590892
1156.0,cctv1,C1_S004,G004,OCCUPIED,OCCUPIED,0.7752832437103445
1156.0,cctv1,C1_S005,G005,OCCUPIED,LEAVING,0.7505265971476383
1156.0,cctv1,C1_S006,G006,EMPTY,MANEUVERING,0.49
1156.0,cctv2,C2_S001,G007,OCCUPIED,OCCUPIED,0.7923590917478909
1156.0,cctv2,C2_S002,G008,OCCUPIED,OCCUPIED,0.8293483235619286
1156.0,cctv2,C2_S003,G009,EMPTY,MANEUVERING,0.2767848694595423
1156.0,cctv2,C2_S004,G010,OCCUPIED,OCCUPIED,0.7991121649742127
1156.0,cctv2,C2_S005,G001,EMPTY,EMPTY,0.01
1156.0,cctv2,C2_S006,G003,OCCUPIED,OCCUPIED,0.819218687306751
1156.0,cctv2,C2_S007,G004,OCCUPIED,OCCUPIED,0.7926174055446279
1156.0,cctv2,C2_S008,G006,OCCUPIED,OCCUPIED,0.7588619912212546
1156.0,cctv2,C2_S009,G005,OCCUPIED,OCCUPIED,0.7852218099615791
1156.0,cctv2,C2_S010,G002,EMPTY,EMPTY,0.01
1156.0,cctv2,C2_S011,G017,OCCUPIED,OCCUPIED,0.8019312430511822
1156.0,cctv2,C2_S012,G018,OCCUPIED,LEAVING,0.7596542328596115
1156.0,cctv2,C2_S013,G019,OCCUPIED,LEAVING,0.7245427548072555
1156.0,cctv2,C2_S014,G020,EMPTY,EMPTY,0.01
1156.0,cctv3,C3_S001,G021,OCCUPIED,LEAVING,0.7527707559141247
1156.0,cctv3,C3_S002,G019,EMPTY,EMPTY,0.01
1156.0,cctv3,C3_S003,G020,OCCUPIED,LEAVING,0.8005674251101235
1156.0,cctv3,C3_S004,G024,OCCUPIED,OCCUPIED,0.8278959439559417
1156.0,cctv3,C3_S005,G025,OCCUPIED,OCCUPIED,0.8281384814869275
1156.0,cctv3,C3_S006,G026,OCCUPIED,OCCUPIED,0.8247909245165912
1156.0,cctv3,C3_S007,G027,EMPTY,EMPTY,0.01
1156.0,cctv3,C3_S008,G028,EMPTY,EMPTY,0.01
1156.0,cctv3,C3_S009,G029,EMPTY,EMPTY,0.01
1156.0,cctv3,C3_S010,G007,EMPTY,MANEUVERING,0.3166344957730986
1156.0,cctv3,C3_S011,G008,OCCUPIED,OCCUPIED,0.717005072127689
1156.0,cctv3,C3_S012,G009,OCCUPIED,OCCUPIED,0.820596774599769
1157.0,cctv1,C1_S001,G001,OCCUPIED,OCCUPIED,0.7226453335447746
1157.0,cctv1,C1_S002,G002,EMPTY,EMPTY,0.01
1157.0,cctv1,C1_S003,G003,OCCUPIED,OCCUPIED,0.8367767063054172
1157.0,cctv1,C1_S004,G004,OCCUPIED,OCCUPIED,0.7754380185495724
1157.0,cctv1,C1_S005,G005,OCCUPIED,LEAVING,0.7492285709489476
1157.0,cctv1,C1_S006,G006,EMPTY,MANEUVERING,0.49
1157.0,cctv2,C2_S001,G007,OCCUPIED,OCCUPIED,0.7933842954310505
1157.0,cctv2,C2_S002,G008,OCCUPIED,OCCUPIED,0.8296450669115241
1157.0,cctv2,C2_S003,G009,EMPTY,MANEUVERING,0.2509479296884753
1157.0,cctv2,C2_S004,G010,OCCUPIED,OCCUPIED,0.7992861224846407
1157.0,cctv2,C2_S005,G001,EMPTY,EMPTY,0.01
1157.0,cctv2,C2_S006,G003,OCCUPIED,OCCUPIED,0.8185656799511477
1157.0,cctv2,C2_S007,G004,OCCUPIED,OCCUPIED,0.791853001984683
1157.0,cctv2,C2_S008,G006,OCCUPIED,OCCUPIED,0.7591841932047497
1157.0,cctv2,C2_S009,G005,OCCUPIED,OCCUPIED,0.7855103457515891
1157.0,cctv2,C2_S010,G002,EMPTY,EMPTY,0.01
1157.0,cctv2,C2_S011,G017,OCCUPIED,OCCUPIED,0.802651557597247
1157.0,cctv2,C2_S012,G018,OCCUPIED,LEAVING,0.7592388513413343
1157.0,cctv2,C2_S013,G019,OCCUPIED,LEAVING,0.7232712509415367
1157.0,cctv2,C2_S014,G020,EMPTY,EMPTY,0.01
1157.0,cctv3,C3_S001,G021,OCCUPIED,LEAVING,0.7531105824492195
1157.0,cctv3,C3_S002,G019,EMPTY,EMPTY,0.01
1157.0,cctv3,C3_S003,G020,OCCUPIED,LEAVING,0.8002643647519025
1157.0,cctv3,C3_S004,G024,OCCUPIED,OCCUPIED,0.8279711815443906
1157.0,cctv3,C3_S005,G025,OCCUPIED,OCCUPIED,0.828160478852012
1157.0,cctv3,C3_S006,G026,OCCUPIED,OCCUPIED,0.8246152877807618
1157.0,cctv3,C3_S007,G027,EMPTY,EMPTY,0.01
1157.0,cctv3,C3_S008,G028,EMPTY,EMPTY,0.01
1157.0,cctv3,C3_S009,G029,EMPTY,EMPTY,0.01
1157.0,cctv3,C3_S010,G007,EMPTY,MANEUVERING,0.3509645960005846
1157.0,cctv3,C3_S011,G008,OCCUPIED,OCCUPIED,0.7623121162165295
1157.0,cctv3,C3_S012,G009,OCCUPIED,OCCUPIED,0.8219266325235367
1158.0,cctv1,C1_S001,G001,OCCUPIED,OCCUPIED,0.722730220176957
1158.0,cctv1,C1_S002,G002,EMPTY,EMPTY,0.01
1158.0,cctv1,C1_S003,G003,OCCUPIED,OCCUPIED,0.8368582836606286
1158.0,cctv1,C1_S004,G004,OCCUPIED,OCCUPIED,0.776148851893165
1158.0,cctv1,C1_S005,G005,OCCUPIED,LEAVING,0.7491846274245869
1158.0,cctv1,C1_S006,G006,EMPTY,MANEUVERING,0.49
1158.0,cctv2,C2_S001,G007,OCCUPIED,OCCUPIED,0.7925433180548929
1158.0,cctv2,C2_S002,G008,OCCUPIED,OCCUPIED,0.8295585713603281
1158.0,cctv2,C2_S003,G009,EMPTY,MANEUVERING,0.2434644402157176
1158.0,cctv2,C2_S004,G010,OCCUPIED,OCCUPIED,0.7962292145599019
1158.0,cctv2,C2_S005,G001,EMPTY,EMPTY,0.01
1158.0,cctv2,C2_S006,G003,OCCUPIED,OCCUPIED,0.81833944699981
1158.0,cctv2,C2_S007,G004,OCCUPIED,OCCUPIED,0.7911039617928592
1158.0,cctv2,C2_S008,G006,OCCUPIED,OCCUPIED,0.7584656692364
1158.0,cctv2,C2_S009,G005,OCCUPIED,OCCUPIED,0.7861719516190616
1158.0,cctv2,C2_S010,G002,EMPTY,EMPTY,0.01
1158.0,cctv2,C2_S011,G017,OCCUPIED,OCCUPIED,0.8019357215274465
1158.0,cctv2,C2_S012,G018,OCCUPIED,LEAVING,0.7578937523744324
1158.0,cctv2,C2_S013,G019,OCCUPIED,LEAVING,0.7663034000179986
1158.0,cctv2,C2_S014,G020,EMPTY,EMPTY,0.01
1158.0,cctv3,C3_S001,G021,OCCUPIED,LEAVING,0.7549189789728685
1158.0,cctv3,C3_S002,G019,EMPTY,EMPTY,0.01
1158.0,cctv3,C3_S003,G020,OCCUPIED,LEAVING,0.8019701619039883
1158.0,cctv3,C3_S004,G024,OCCUPIED,OCCUPIED,0.8280778790062124
1158.0,cctv3,C3_S005,G025,OCCUPIED,OCCUPIED,0.8281183120879261
1158.0,cctv3,C3_S006,G026,OCCUPIED,OCCUPIED,0.8247735665603118
1158.0,cctv3,C3_S007,G027,EMPTY,EMPTY,0.01
1158.0,cctv3,C3_S008,G028,EMPTY,EMPTY,0.01
1158.0,cctv3,C3_S009,G029,EMPTY,EMPTY,0.01
1158.0,cctv3,C3_S010,G007,OCCUPIED,OCCUPIED,0.51
1158.0,cctv3,C3_S011,G008,OCCUPIED,OCCUPIED,0.7616399743069302
1158.0,cctv3,C3_S012,G009,OCCUPIED,OCCUPIED,0.8224972342902964
1159.0,cctv1,C1_S001,G001,OCCUPIED,OCCUPIED,0.7229759326712653
1159.0,cctv1,C1_S002,G002,EMPTY,EMPTY,0.01
1159.0,cctv1,C1_S003,G003,OCCUPIED,OCCUPIED,0.837033674120903
1159.0,cctv1,C1_S004,G004,OCCUPIED,OCCUPIED,0.7739248885349794
1159.0,cctv1,C1_S005,G005,OCCUPIED,LEAVING,0.7500512702898546
1159.0,cctv1,C1_S006,G006,EMPTY,MANEUVERING,0.49
1159.0,cctv2,C2_S001,G007,OCCUPIED,OCCUPIED,0.7915897496721962
1159.0,cctv2,C2_S002,G008,OCCUPIED,OCCUPIED,0.8302362639795651
1159.0,cctv2,C2_S003,G009,EMPTY,EMPTY,0.01
1159.0,cctv2,C2_S004,G010,OCCUPIED,OCCUPIED,0.795197050950744
1159.0,cctv2,C2_S005,G001,EMPTY,EMPTY,0.01
1159.0,cctv2,C2_S006,G003,OCCUPIED,OCCUPIED,0.8178059377453545
1159.0,cctv2,C2_S007,G004,OCCUPIED,OCCUPIED,0.7903659186579965
1159.0,cctv2,C2_S008,G006,OCCUPIED,OCCUPIED,0.7572700201110407
1159.0,cctv2,C2_S009,G005,OCCUPIED,OCCUPIED,0.7854854792356492
1159.0,cctv2,C2_S010,G002,EMPTY,EMPTY,0.01
1159.0,cctv2,C2_S011,G017,OCCUPIED,OCCUPIED,0.8023457053032789
1159.0,cctv2,C2_S012,G018,OCCUPIED,LEAVING,0.7564365204085004
1159.0,cctv2,C2_S013,G019,OCCUPIED,LEAVING,0.7627171417258003
1159.0,cctv2,C2_S014,G020,EMPTY,EMPTY,0.01
1159.0,cctv3,C3_S001,G021,OCCUPIED,LEAVING,0.7553769799796018
1159.0,cctv3,C3_S002,G019,EMPTY,EMPTY,0.01
1159.0,cctv3,C3_S003,G020,OCCUPIED,LEAVING,0.7992983305996115
1159.0,cctv3,C3_S004,G024,OCCUPIED,OCCUPIED,0.8282309356060895
1159.0,cctv3,C3_S005,G025,OCCUPIED,OCCUPIED,0.8283407379280437
1159.0,cctv3,C3_S006,G026,OCCUPIED,OCCUPIED,0.824739276550033
1159.0,cctv3,C3_S007,G027,EMPTY,EMPTY,0.01
1159.0,cctv3,C3_S008,G028,EMPTY,EMPTY,0.01
1159.0,cctv3,C3_S009,G029,EMPTY,EMPTY,0.01
1159.0,cctv3,C3_S010,G007,OCCUPIED,OCCUPIED,0.51
1159.0,cctv3,C3_S011,G008,OCCUPIED,OCCUPIED,0.7621535681594502
1159.0,cctv3,C3_S012,G009,OCCUPIED,OCCUPIED,0.8231947289271788
1160.0,cctv1,C1_S001,G001,OCCUPIED,OCCUPIED,0.7236575988205997
1160.0,cctv1,C1_S002,G002,EMPTY,EMPTY,0.01
1160.0,cctv1,C1_S003,G003,OCCUPIED,OCCUPIED,0.8369599158113654
1160.0,cctv1,C1_S004,G004,OCCUPIED,OCCUPIED,0.7738502463156527
1160.0,cctv1,C1_S005,G005,OCCUPIED,LEAVING,0.7526159363714132
1160.0,cctv1,C1_S006,G006,EMPTY,MANEUVERING,0.49
1160.0,cctv2,C2_S001,G007,OCCUPIED,OCCUPIED,0.7932665277611126
1160.0,cctv2,C2_S002,G008,OCCUPIED,OCCUPIED,0.8296473679217427
1160.0,cctv2,C2_S003,G009,EMPTY,EMPTY,0.01
1160.0,cctv2,C2_S004,G010,OCCUPIED,OCCUPIED,0.7949450939893723
1160.0,cctv2,C2_S005,G001,EMPTY,EMPTY,0.01
1160.0,cctv2,C2_S006,G003,OCCUPIED,OCCUPIED,0.8176764130592347
1160.0,cctv2,C2_S007,G004,OCCUPIED,OCCUPIED,0.7899554504589602
1160.0,cctv2,C2_S008,G006,OCCUPIED,OCCUPIED,0.7573272478851406
1160.0,cctv2,C2_S009,G005,OCCUPIED,OCCUPIED,0.7857803775505586
1160.0,cctv2,C2_S010,G002,EMPTY,EMPTY,0.01
1160.0,cctv2,C2_S011,G017,OCCUPIED,OCCUPIED,0.8028229954567823
1160.0,cctv2,C2_S012,G018,OCCUPIED,LEAVING,0.7554298666390507
1160.0,cctv2,C2_S013,G019,OCCUPIED,LEAVING,0.7598158525607803
1160.0,cctv2,C2_S014,G020,EMPTY,EMPTY,0.01
1160.0,cctv3,C3_S001,G021,OCCUPIED,LEAVING,0.7569038583473726
1160.0,cctv3,C3_S002,G019,EMPTY,EMPTY,0.01
1160.0,cctv3,C3_S003,G020,OCCUPIED,LEAVING,0.7974089305509221
1160.0,cctv3,C3_S004,G024,OCCUPIED,OCCUPIED,0.8281859232620761
1160.0,cctv3,C3_S005,G025,OCCUPIED,OCCUPIED,0.8283375891772184
1160.0,cctv3,C3_S006,G026,OCCUPIED,OCCUPIED,0.8246656938032672
1160.0,cctv3,C3_S007,G027,EMPTY,EMPTY,0.01
1160.0,cctv3,C3_S008,G028,EMPTY,EMPTY,0.01
1160.0,cctv3,C3_S009,G029,EMPTY,EMPTY,0.01
1160.0,cctv3,C3_S010,G007,OCCUPIED,OCCUPIED,0.51
1160.0,cctv3,C3_S011,G008,OCCUPIED,OCCUPIED,0.7641125713695179
1160.0,cctv3,C3_S012,G009,OCCUPIED,OCCUPIED,0.8235017809000883
1161.0,cctv1,C1_S001,G001,OCCUPIED,OCCUPIED,0.7244607760486278
1161.0,cctv1,C1_S002,G002,EMPTY,EMPTY,0.01
1161.0,cctv1,C1_S003,G003,OCCUPIED,OCCUPIED,0.8371324842626399
1161.0,cctv1,C1_S004,G004,OCCUPIED,OCCUPIED,0.7743384242057801
1161.0,cctv1,C1_S005,G005,OCCUPIED,LEAVING,0.753522631119598
1161.0,cctv1,C1_S006,G006,EMPTY,MANEUVERING,0.49
1161.0,cctv2,C2_S001,G007,OCCUPIED,OCCUPIED,0.7917322172359987
1161.0,cctv2,C2_S002,G008,OCCUPIED,OCCUPIED,0.828212342208082
1161.0,cctv2,C2_S003,G009,EMPTY,MANEUVERING,0.230390379388224
1161.0,cctv2,C2_S004,G010,OCCUPIED,OCCUPIED,0.7944078832864762
1161.0,cctv2,C2_S005,G001,EMPTY,EMPTY,0.01
1161.0,cctv2,C2_S006,G003,OCCUPIED,OCCUPIED,0.8175009705803612
1161.0,cctv2,C2_S007,G004,OCCUPIED,OCCUPIED,0.789218245311217
1161.0,cctv2,C2_S008,G006,OCCUPIED,OCCUPIED,0.7557787683877079
1161.0,cctv2,C2_S009,G005,OCCUPIED,OCCUPIED,0.7854558676481248
1161.0,cctv2,C2_S010,G002,EMPTY,EMPTY,0.01
1161.0,cctv2,C2_S011,G017,OCCUPIED,OCCUPIED,0.8025232480330902
1161.0,cctv2,C2_S012,G018,OCCUPIED,LEAVING,0.754565280540423
1161.0,cctv2,C2_S013,G019,OCCUPIED,LEAVING,0.7579403903267601
1161.0,cctv2,C2_S014,G020,EMPTY,EMPTY,0.01
1161.0,cctv3,C3_S001,G021,OCCUPIED,LEAVING,0.7560419999740341
1161.0,cctv3,C3_S002,G019,EMPTY,EMPTY,0.01
1161.0,cctv3,C3_S003,G020,OCCUPIED,LEAVING,0.7981928833506324
1161.0,cctv3,C3_S004,G024,OCCUPIED,OCCUPIED,0.8279374385421927
1161.0,cctv3,C3_S005,G025,OCCUPIED,OCCUPIED,0.8279420381242579
1161.0,cctv3,C3_S006,G026,OCCUPIED,OCCUPIED,0.8250018558718942
1161.0,cctv3,C3_S007,G027,EMPTY,EMPTY,0.01
1161.0,cctv3,C3_S008,G028,EMPTY,EMPTY,0.01
1161.0,cctv3,C3_S009,G029,EMPTY,EMPTY,0.01
1161.0,cctv3,C3_S010,G007,OCCUPIED,OCCUPIED,0.51
1161.0,cctv3,C3_S011,G008,OCCUPIED,OCCUPIED,0.7641127081621777
1161.0,cctv3,C3_S012,G009,OCCUPIED,OCCUPIED,0.8235627353191376
1162.0,cctv1,C1_S001,G001,OCCUPIED,OCCUPIED,0.7241174096072263
1162.0,cctv1,C1_S002,G002,EMPTY,EMPTY,0.01
1162.0,cctv1,C1_S003,G003,OCCUPIED,OCCUPIED,0.8368968359448694
1162.0,cctv1,C1_S004,G004,OCCUPIED,OCCUPIED,0.7732955992221833
1162.0,cctv1,C1_S005,G005,OCCUPIED,LEAVING,0.754329457066276
1162.0,cctv1,C1_S006,G006,EMPTY,MANEUVERING,0.49
1162.0,cctv2,C2_S001,G007,OCCUPIED,OCCUPIED,0.7919207001274283
1162.0,cctv2,C2_S002,G008,OCCUPIED,OCCUPIED,0.8278742489489643
1162.0,cctv2,C2_S003,G009,EMPTY,MANEUVERING,0.3112657732448795
1162.0,cctv2,C2_S004,G010,OCCUPIED,OCCUPIED,0.793313454227014
1162.0,cctv2,C2_S005,G001,EMPTY,EMPTY,0.01
1162.0,cctv2,C2_S006,G003,OCCUPIED,OCCUPIED,0.816924047741023
1162.0,cctv2,C2_S007,G004,OCCUPIED,OCCUPIED,0.7879026120359248
1162.0,cctv2,C2_S008,G006,OCCUPIED,OCCUPIED,0.7534401519732042
1162.0,cctv2,C2_S009,G005,OCCUPIED,OCCUPIED,0.784512778168375
1162.0,cctv2,C2_S010,G002,EMPTY,EMPTY,0.01
1162.0,cctv2,C2_S011,G017,OCCUPIED,OCCUPIED,0.8014136425473474
1162.0,cctv2,C2_S012,G018,OCCUPIED,LEAVING,0.7529642602259463
1162.0,cctv2,C2_S013,G019,OCCUPIED,LEAVING,0.7580364733121613
1162.0,cctv2,C2_S014,G020,EMPTY,EMPTY,0.01
1162.0,cctv3,C3_S001,G021,OCCUPIED,LEAVING,0.7549507351084189
1162.0,cctv3,C3_S002,G019,EMPTY,EMPTY,0.01
1162.0,cctv3,C3_S003,G020,OCCUPIED,LEAVING,0.796105951612646
1162.0,cctv3,C3_S004,G024,OCCUPIED,OCCUPIED,0.8278992845253512
1162.0,cctv3,C3_S005,G025,OCCUPIED,OCCUPIED,0.8280219175598839
1162.0,cctv3,C3_S006,G026,OCCUPIED,OCCUPIED,0.8251936817711051
1162.0,cctv3,C3_S007,G027,EMPTY,EMPTY,0.01
1162.0,cctv3,C3_S008,G028,EMPTY,EMPTY,0.01
1162.0,cctv3,C3_S009,G029,EMPTY,EMPTY,0.01
1162.0,cctv3,C3_S010,G007,OCCUPIED,OCCUPIED,0.51
1162.0,cctv3,C3_S011,G008,OCCUPIED,OCCUPIED,0.7638440840352666
1162.0,cctv3,C3_S012,G009,OCCUPIED,OCCUPIED,0.8240278108553454
1163.0,cctv1,C1_S001,G001,OCCUPIED,OCCUPIED,0.7234329305927862
1163.0,cctv1,C1_S002,G002,EMPTY,EMPTY,0.01
1163.0,cctv1,C1_S003,G003,OCCUPIED,OCCUPIED,0.8367776426402006
1163.0,cctv1,C1_S004,G004,OCCUPIED,OCCUPIED,0.7725735729390926
1163.0,cctv1,C1_S005,G005,OCCUPIED,LEAVING,0.7523239600387487
1163.0,cctv1,C1_S006,G006,EMPTY,MANEUVERING,0.49
1163.0,cctv2,C2_S001,G007,OCCUPIED,OCCUPIED,0.7910496259277517
1163.0,cctv2,C2_S002,G008,OCCUPIED,OCCUPIED,0.8278213062069634
1163.0,cctv2,C2_S003,G009,EMPTY,MANEUVERING,0.3112657732448795
1163.0,cctv2,C2_S004,G010,OCCUPIED,OCCUPIED,0.7923556056889621
1163.0,cctv2,C2_S005,G001,EMPTY,EMPTY,0.01
1163.0,cctv2,C2_S006,G003,OCCUPIED,OCCUPIED,0.8173213275996122
1163.0,cctv2,C2_S007,G004,OCCUPIED,OCCUPIED,0.7879440854896199
1163.0,cctv2,C2_S008,G006,OCCUPIED,OCCUPIED,0.7539614242586223
1163.0,cctv2,C2_S009,G005,OCCUPIED,OCCUPIED,0.7846300435337155
1163.0,cctv2,C2_S010,G002,EMPTY,EMPTY,0.01
1163.0,cctv2,C2_S011,G017,OCCUPIED,OCCUPIED,0.8013942379843105
1163.0,cctv2,C2_S012,G018,OCCUPIED,LEAVING,0.7514919749715112
1163.0,cctv2,C2_S013,G019,OCCUPIED,LEAVING,0.7550506185672501
1163.0,cctv2,C2_S014,G020,EMPTY,EMPTY,0.01
1163.0,cctv3,C3_S001,G021,OCCUPIED,LEAVING,0.7547853773290462
1163.0,cctv3,C3_S002,G019,EMPTY,EMPTY,0.01
1163.0,cctv3,C3_S003,G020,OCCUPIED,LEAVING,0.798730001395399
1163.0,cctv3,C3_S004,G024,OCCUPIED,OCCUPIED,0.8281352075663481
1163.0,cctv3,C3_S005,G025,OCCUPIED,OCCUPIED,0.8281551258130507
1163.0,cctv3,C3_S006,G026,OCCUPIED,OCCUPIED,0.8252136252143167
1163.0,cctv3,C3_S007,G027,EMPTY,EMPTY,0.01
1163.0,cctv3,C3_S008,G028,EMPTY,EMPTY,0.01
1163.0,cctv3,C3_S009,G029,EMPTY,EMPTY,0.01
1163.0,cctv3,C3_S010,G007,OCCUPIED,OCCUPIED,0.51
1163.0,cctv3,C3_S011,G008,OCCUPIED,OCCUPIED,0.7650459103692662
1163.0,cctv3,C3_S012,G009,OCCUPIED,OCCUPIED,0.8247053709897129
1164.0,cctv1,C1_S001,G001,OCCUPIED,OCCUPIED,0.723934733088721
1164.0,cctv1,C1_S002,G002,EMPTY,EMPTY,0.01
1164.0,cctv1,C1_S003,G003,OCCUPIED,OCCUPIED,0.836893837560307
1164.0,cctv1,C1_S004,G004,OCCUPIED,OCCUPIED,0.7718063928864219
1164.0,cctv1,C1_S005,G005,OCCUPIED,LEAVING,0.7515708274462007
1164.0,cctv1,C1_S006,G006,EMPTY,MANEUVERING,0.49
1164.0,cctv2,C2_S001,G007,OCCUPIED,OCCUPIED,0.7896591167558324
1164.0,cctv2,C2_S002,G008,OCCUPIED,OCCUPIED,0.8280047465454449
1164.0,cctv2,C2_S003,G009,EMPTY,MANEUVERING,0.3112657732448795
1164.0,cctv2,C2_S004,G010,OCCUPIED,OCCUPIED,0.7912363783879715
1164.0,cctv2,C2_S005,G001,EMPTY,EMPTY,0.01
1164.0,cctv2,C2_S006,G003,OCCUPIED,OCCUPIED,0.8172226458787919
1164.0,cctv2,C2_S007,G004,OCCUPIED,OCCUPIED,0.7881431818008423
1164.0,cctv2,C2_S008,G006,OCCUPIED,OCCUPIED,0.7557119618762623
1164.0,cctv2,C2_S009,G005,OCCUPIED,OCCUPIED,0.7832724385640839
1164.0,cctv2,C2_S010,G002,EMPTY,EMPTY,0.01
1164.0,cctv2,C2_S011,G017,OCCUPIED,OCCUPIED,0.8004223956303164
1164.0,cctv2,C2_S012,G018,OCCUPIED,LEAVING,0.7491158797659658
1164.0,cctv2,C2_S013,G019,OCCUPIED,OCCUPIED,0.7520924844525079
1164.0,cctv2,C2_S014,G020,EMPTY,EMPTY,0.01
1164.0,cctv3,C3_S001,G021,OCCUPIED,LEAVING,0.7550247132778168
1164.0,cctv3,C3_S002,G019,EMPTY,EMPTY,0.01
1164.0,cctv3,C3_S003,G020,OCCUPIED,LEAVING,0.7985876655036753
1164.0,cctv3,C3_S004,G024,OCCUPIED,OCCUPIED,0.8282696536996148
1164.0,cctv3,C3_S005,G025,OCCUPIED,OCCUPIED,0.8281862101771615
1164.0,cctv3,C3_S006,G026,OCCUPIED,OCCUPIED,0.8251452492042022
1164.0,cctv3,C3_S007,G027,EMPTY,EMPTY,0.01
1164.0,cctv3,C3_S008,G028,EMPTY,EMPTY,0.01
1164.0,cctv3,C3_S009,G029,EMPTY,EMPTY,0.01
1164.0,cctv3,C3_S010,G007,OCCUPIED,OCCUPIED,0.51
1164.0,cctv3,C3_S011,G008,OCCUPIED,OCCUPIED,0.7995086247270758
1164.0,cctv3,C3_S012,G009,OCCUPIED,OCCUPIED,0.8248946105892009
1165.0,cctv1,C1_S001,G001,OCCUPIED,OCCUPIED,0.7235766468061643
1165.0,cctv1,C1_S002,G002,EMPTY,EMPTY,0.01
1165.0,cctv1,C1_S003,G003,OCCUPIED,OCCUPIED,0.8369094675237483
1165.0,cctv1,C1_S004,G004,OCCUPIED,OCCUPIED,0.772644749825651
1165.0,cctv1,C1_S005,G005,OCCUPIED,LEAVING,0.7511609940366312
1165.0,cctv1,C1_S006,G006,EMPTY,MANEUVERING,0.49
1165.0,cctv2,C2_S001,G007,OCCUPIED,OCCUPIED,0.7897339682687413
1165.0,cctv2,C2_S002,G008,OCCUPIED,OCCUPIED,0.8275555724447424
1165.0,cctv2,C2_S003,G009,EMPTY,MANEUVERING,0.3471891942891207
1165.0,cctv2,C2_S004,G010,OCCUPIED,OCCUPIED,0.7914467919956555
1165.0,cctv2,C2_S005,G001,EMPTY,EMPTY,0.01
1165.0,cctv2,C2_S006,G003,OCCUPIED,OCCUPIED,0.817635122483427
1165.0,cctv2,C2_S007,G004,OCCUPIED,OCCUPIED,0.7892656748945064
1165.0,cctv2,C2_S008,G006,OCCUPIED,OCCUPIED,0.7581772740591657
1165.0,cctv2,C2_S009,G005,OCCUPIED,OCCUPIED,0.7830661596222358
1165.0,cctv2,C2_S010,G002,EMPTY,EMPTY,0.01
1165.0,cctv2,C2_S011,G017,OCCUPIED,OCCUPIED,0.8020920894362711
1165.0,cctv2,C2_S012,G018,OCCUPIED,OCCUPIED,0.748833930831064
1165.0,cctv2,C2_S013,G019,OCCUPIED,OCCUPIED,0.8017691628499465
1165.0,cctv2,C2_S014,G020,EMPTY,EMPTY,0.01
1165.0,cctv3,C3_S001,G021,OCCUPIED,OCCUPIED,0.7547434336759828
1165.0,cctv3,C3_S002,G019,EMPTY,EMPTY,0.01
1165.0,cctv3,C3_S003,G020,OCCUPIED,LEAVING,0.7999830514192582
1165.0,cctv3,C3_S004,G024,OCCUPIED,OCCUPIED,0.8282529012723403
1165.0,cctv3,C3_S005,G025,OCCUPIED,OCCUPIED,0.8282164524901998
1165.0,cctv3,C3_S006,G026,OCCUPIED,OCCUPIED,0.8251660647717389
1165.0,cctv3,C3_S007,G027,EMPTY,EMPTY,0.01
1165.0,cctv3,C3_S008,G028,EMPTY,EMPTY,0.01
1165.0,cctv3,C3_S009,G029,EMPTY,EMPTY,0.01
1165.0,cctv3,C3_S010,G007,OCCUPIED,OCCUPIED,0.51
1165.0,cctv3,C3_S011,G008,OCCUPIED,OCCUPIED,0.799429010261189
1165.0,cctv3,C3_S012,G009,OCCUPIED,OCCUPIED,0.8250067407434638
1166.0,cctv1,C1_S001,G001,OCCUPIED,OCCUPIED,0.7237270819531246
1166.0,cctv1,C1_S002,G002,EMPTY,EMPTY,0.01
1166.0,cctv1,C1_S003,G003,OCCUPIED,OCCUPIED,0.8368586120280354
1166.0,cctv1,C1_S004,G004,OCCUPIED,OCCUPIED,0.7718965240500191
1166.0,cctv1,C1_S005,G005,OCCUPIED,LEAVING,0.7521366882053289
1166.0,cctv1,C1_S006,G006,EMPTY,MANEUVERING,0.49
1166.0,cctv2,C2_S001,G007,OCCUPIED,OCCUPIED,0.790590231797912
1166.0,cctv2,C2_S002,G008,OCCUPIED,OCCUPIED,0.8273181359876287
1166.0,cctv2,C2_S003,G009,EMPTY,MANEUVERING,0.3906153987957673
1166.0,cctv2,C2_S004,G010,OCCUPIED,OCCUPIED,0.7910031505606392
1166.0,cctv2,C2_S005,G001,EMPTY,EMPTY,0.01
1166.0,cctv2,C2_S006,G003,OCCUPIED,OCCUPIED,0.8175074265761809
1166.0,cctv2,C2_S007,G004,OCCUPIED,OCCUPIED,0.7896027334711769
1166.0,cctv2,C2_S008,G006,OCCUPIED,OCCUPIED,0.7577267950231379
1166.0,cctv2,C2_S009,G005,OCCUPIED,OCCUPIED,0.7835484159263698
1166.0,cctv2,C2_S010,G002,EMPTY,EMPTY,0.01
1166.0,cctv2,C2_S011,G017,OCCUPIED,OCCUPIED,0.8011182744394649
1166.0,cctv2,C2_S012,G018,OCCUPIED,OCCUPIED,0.7481504060328007
1166.0,cctv2,C2_S013,G019,OCCUPIED,OCCUPIED,0.8015135767784987
1166.0,cctv2,C2_S014,G020,EMPTY,EMPTY,0.01
1166.0,cctv3,C3_S001,G021,OCCUPIED,OCCUPIED,0.7566478455608542
1166.0,cctv3,C3_S002,G019,EMPTY,EMPTY,0.01
1166.0,cctv3,C3_S003,G020,OCCUPIED,LEAVING,0.7996355720541695
1166.0,cctv3,C3_S004,G024,OCCUPIED,OCCUPIED,0.828293114900589
1166.0,cctv3,C3_S005,G025,OCCUPIED,OCCUPIED,0.8281383514404297
1166.0,cctv3,C3_S006,G026,OCCUPIED,OCCUPIED,0.8253259813243693
1166.0,cctv3,C3_S007,G027,EMPTY,EMPTY,0.01
1166.0,cctv3,C3_S008,G028,EMPTY,EMPTY,0.01
1166.0,cctv3,C3_S009,G029,EMPTY,EMPTY,0.01
1166.0,cctv3,C3_S010,G007,OCCUPIED,OCCUPIED,0.51
1166.0,cctv3,C3_S011,G008,OCCUPIED,OCCUPIED,0.7996791733936831
1166.0,cctv3,C3_S012,G009,OCCUPIED,OCCUPIED,0.825369025089524
1167.0,cctv1,C1_S001,G001,OCCUPIED,OCCUPIED,0.7244662984528325
1167.0,cctv1,C1_S002,G002,EMPTY,EMPTY,0.01
1167.0,cctv1,C1_S003,G003,OCCUPIED,OCCUPIED,0.8369355296546763
1167.0,cctv1,C1_S004,G004,OCCUPIED,OCCUPIED,0.7708160717378963
1167.0,cctv1,C1_S005,G005,OCCUPIED,LEAVING,0.7524572869593448
1167.0,cctv1,C1_S006,G006,EMPTY,MANEUVERING,0.49
1167.0,cctv2,C2_S001,G007,OCCUPIED,OCCUPIED,0.7913782802495091
1167.0,cctv2,C2_S002,G008,OCCUPIED,OCCUPIED,0.8273227388208564
1167.0,cctv2,C2_S003,G009,EMPTY,MANEUVERING,0.3906153987957673
1167.0,cctv2,C2_S004,G010,OCCUPIED,OCCUPIED,0.7927663396705281
1167.0,cctv2,C2_S005,G001,EMPTY,EMPTY,0.01
1167.0,cctv2,C2_S006,G003,OCCUPIED,OCCUPIED,0.8174025107513775
1167.0,cctv2,C2_S007,G004,OCCUPIED,OCCUPIED,0.790454638004303
1167.0,cctv2,C2_S008,G006,OCCUPIED,OCCUPIED,0.7592041464014487
1167.0,cctv2,C2_S009,G005,OCCUPIED,OCCUPIED,0.7832210872660984
1167.0,cctv2,C2_S010,G002,EMPTY,EMPTY,0.01
1167.0,cctv2,C2_S011,G017,OCCUPIED,OCCUPIED,0.8000149656425823
1167.0,cctv2,C2_S012,G018,OCCUPIED,OCCUPIED,0.7474220574579457
1167.0,cctv2,C2_S013,G019,OCCUPIED,OCCUPIED,0.797871868447824
1167.0,cctv2,C2_S014,G020,EMPTY,EMPTY,0.01
1167.0,cctv3,C3_S001,G021,OCCUPIED,OCCUPIED,0.7579291343688965
1167.0,cctv3,C3_S002,G019,EMPTY,EMPTY,0.01
1167.0,cctv3,C3_S003,G020,OCCUPIED,LEAVING,0.7987215199253777
1167.0,cctv3,C3_S004,G024,OCCUPIED,OCCUPIED,0.8280988920818676
1167.0,cctv3,C3_S005,G025,OCCUPIED,OCCUPIED,0.8281135133721612
1167.0,cctv3,C3_S006,G026,OCCUPIED,OCCUPIED,0.8254710457541726
1167.0,cctv3,C3_S007,G027,EMPTY,EMPTY,0.01
1167.0,cctv3,C3_S008,G028,EMPTY,EMPTY,0.01
1167.0,cctv3,C3_S009,G029,EMPTY,EMPTY,0.01
1167.0,cctv3,C3_S010,G007,OCCUPIED,OCCUPIED,0.51
1167.0,cctv3,C3_S011,G008,OCCUPIED,OCCUPIED,0.7999204502864318
1167.0,cctv3,C3_S012,G009,OCCUPIED,OCCUPIED,0.825182795253667
1168.0,cctv1,C1_S001,G001,OCCUPIED,OCCUPIED,0.7256911710581997
1168.0,cctv1,C1_S002,G002,EMPTY,EMPTY,0.01
1168.0,cctv1,C1_S003,G003,OCCUPIED,OCCUPIED,0.8369773396036843
1168.0,cctv1,C1_S004,G004,OCCUPIED,OCCUPIED,0.7714015036821366
1168.0,cctv1,C1_S005,G005,OCCUPIED,LEAVING,0.7541506585749713
1168.0,cctv1,C1_S006,G006,EMPTY,MANEUVERING,0.49
1168.0,cctv2,C2_S001,G007,OCCUPIED,OCCUPIED,0.7895009672099894
1168.0,cctv2,C2_S002,G008,OCCUPIED,OCCUPIED,0.8268965065479279
1168.0,cctv2,C2_S003,G009,EMPTY,MANEUVERING,0.4699662538821047
1168.0,cctv2,C2_S004,G010,OCCUPIED,OCCUPIED,0.7921338349580765
1168.0,cctv2,C2_S005,G001,EMPTY,EMPTY,0.01
1168.0,cctv2,C2_S006,G003,OCCUPIED,OCCUPIED,0.8175052930008282
1168.0,cctv2,C2_S007,G004,OCCUPIED,OCCUPIED,0.7910208385099065
1168.0,cctv2,C2_S008,G006,OCCUPIED,OCCUPIED,0.7602891474962236
1168.0,cctv2,C2_S009,G005,OCCUPIED,OCCUPIED,0.7840748002583331
1168.0,cctv2,C2_S010,G002,EMPTY,EMPTY,0.01
1168.0,cctv2,C2_S011,G017,OCCUPIED,OCCUPIED,0.7995732269503855
1168.0,cctv2,C2_S012,G018,OCCUPIED,OCCUPIED,0.7472032131796534
1168.0,cctv2,C2_S013,G019,OCCUPIED,OCCUPIED,0.7977422315966
1168.0,cctv2,C2_S014,G020,EMPTY,EMPTY,0.01
1168.0,cctv3,C3_S001,G021,OCCUPIED,OCCUPIED,0.7577704662626441
1168.0,cctv3,C3_S002,G019,EMPTY,EMPTY,0.01
1168.0,cctv3,C3_S003,G020,OCCUPIED,LEAVING,0.7995977716012435
1168.0,cctv3,C3_S004,G024,OCCUPIED,OCCUPIED,0.8279652961275795
1168.0,cctv3,C3_S005,G025,OCCUPIED,OCCUPIED,0.8280718237161637
1168.0,cctv3,C3_S006,G026,OCCUPIED,OCCUPIED,0.8255981848998504
1168.0,cctv3,C3_S007,G027,EMPTY,EMPTY,0.01
1168.0,cctv3,C3_S008,G028,EMPTY,EMPTY,0.01
1168.0,cctv3,C3_S009,G029,EMPTY,EMPTY,0.01
1168.0,cctv3,C3_S010,G007,OCCUPIED,OCCUPIED,0.51
1168.0,cctv3,C3_S011,G008,OCCUPIED,OCCUPIED,0.7991590906273236
1168.0,cctv3,C3_S012,G009,OCCUPIED,OCCUPIED,0.8246017946438357
1169.0,cctv1,C1_S001,G001,OCCUPIED,OCCUPIED,0.727001764015718
1169.0,cctv1,C1_S002,G002,EMPTY,EMPTY,0.01
1169.0,cctv1,C1_S003,G003,OCCUPIED,OCCUPIED,0.8368975894017654
1169.0,cctv1,C1_S004,G004,OCCUPIED,OCCUPIED,0.7726885190064258
1169.0,cctv1,C1_S005,G005,OCCUPIED,LEAVING,0.7556854340163145
1169.0,cctv1,C1_S006,G006,EMPTY,MANEUVERING,0.49
1169.0,cctv2,C2_S001,G007,OCCUPIED,OCCUPIED,0.7904812959107487
1169.0,cctv2,C2_S002,G008,OCCUPIED,OCCUPIED,0.8268618914214048
1169.0,cctv2,C2_S003,G009,EMPTY,MANEUVERING,0.4249662538821047
1169.0,cctv2,C2_S004,G010,OCCUPIED,OCCUPIED,0.7947303734042428
1169.0,cctv2,C2_S005,G001,EMPTY,EMPTY,0.01
1169.0,cctv2,C2_S006,G003,OCCUPIED,OCCUPIED,0.8175882732326335
1169.0,cctv2,C2_S007,G004,OCCUPIED,OCCUPIED,0.7916775944558058
1169.0,cctv2,C2_S008,G006,OCCUPIED,OCCUPIED,0.760912351039323
1169.0,cctv2,C2_S009,G005,OCCUPIED,OCCUPIED,0.7835047520019792
1169.0,cctv2,C2_S010,G002,EMPTY,EMPTY,0.01
1169.0,cctv2,C2_S011,G017,OCCUPIED,OCCUPIED,0.8001556320623918
1169.0,cctv2,C2_S012,G018,OCCUPIED,OCCUPIED,0.7476026123897597
1169.0,cctv2,C2_S013,G019,OCCUPIED,OCCUPIED,0.7991157420656898
1169.0,cctv2,C2_S014,G020,EMPTY,EMPTY,0.01
1169.0,cctv3,C3_S001,G021,OCCUPIED,OCCUPIED,0.7582671288739552
1169.0,cctv3,C3_S002,G019,EMPTY,EMPTY,0.01
1169.0,cctv3,C3_S003,G020,OCCUPIED,LEAVING,0.7974436326460406
1169.0,cctv3,C3_S004,G024,OCCUPIED,OCCUPIED,0.8279254531318492
1169.0,cctv3,C3_S005,G025,OCCUPIED,OCCUPIED,0.8280251036990773
1169.0,cctv3,C3_S006,G026,OCCUPIED,OCCUPIED,0.8254796117544174
1169.0,cctv3,C3_S007,G027,EMPTY,EMPTY,0.01
1169.0,cctv3,C3_S008,G028,EMPTY,EMPTY,0.01
1169.0,cctv3,C3_S009,G029,EMPTY,EMPTY,0.01
1169.0,cctv3,C3_S010,G007,OCCUPIED,OCCUPIED,0.51
1169.0,cctv3,C3_S011,G008,OCCUPIED,OCCUPIED,0.7986365881833164
1169.0,cctv3,C3_S012,G009,OCCUPIED,OCCUPIED,0.8241424240849236
1170.0,cctv1,C1_S001,G001,OCCUPIED,OCCUPIED,0.7267661792988127
1170.0,cctv1,C1_S002,G002,EMPTY,EMPTY,0.01
1170.0,cctv1,C1_S003,G003,OCCUPIED,OCCUPIED,0.8368521308357066
1170.0,cctv1,C1_S004,G004,OCCUPIED,OCCUPIED,0.7745286265557463
1170.0,cctv1,C1_S005,G005,OCCUPIED,LEAVING,0.7549542288888585
1170.0,cctv1,C1_S006,G006,EMPTY,MANEUVERING,0.49
1170.0,cctv2,C2_S001,G007,OCCUPIED,OCCUPIED,0.7918837587941777
1170.0,cctv2,C2_S002,G008,OCCUPIED,OCCUPIED,0.8263982984152708
1170.0,cctv2,C2_S003,G009,EMPTY,MANEUVERING,0.3799662538821047
1170.0,cctv2,C2_S004,G010,OCCUPIED,OCCUPIED,0.7950848517092792
1170.0,cctv2,C2_S005,G001,EMPTY,EMPTY,0.01
1170.0,cctv2,C2_S006,G003,OCCUPIED,OCCUPIED,0.8174596060406079
1170.0,cctv2,C2_S007,G004,OCCUPIED,OCCUPIED,0.7918410856615414
1170.0,cctv2,C2_S008,G006,OCCUPIED,OCCUPIED,0.7616484251889316
1170.0,cctv2,C2_S009,G005,OCCUPIED,OCCUPIED,0.7829028496688063
1170.0,cctv2,C2_S010,G002,EMPTY,EMPTY,0.01
1170.0,cctv2,C2_S011,G017,OCCUPIED,OCCUPIED,0.80015126331286
1170.0,cctv2,C2_S012,G018,OCCUPIED,OCCUPIED,0.7476351467723197
1170.0,cctv2,C2_S013,G019,OCCUPIED,OCCUPIED,0.800150795958259
1170.0,cctv2,C2_S014,G020,EMPTY,EMPTY,0.01
1170.0,cctv3,C3_S001,G021,OCCUPIED,OCCUPIED,0.7570772082968192
1170.0,cctv3,C3_S002,G019,EMPTY,EMPTY,0.01
1170.0,cctv3,C3_S003,G020,OCCUPIED,LEAVING,0.7978214526718314
1170.0,cctv3,C3_S004,G024,OCCUPIED,OCCUPIED,0.8278959439559417
1170.0,cctv3,C3_S005,G025,OCCUPIED,OCCUPIED,0.8272821594368328
1170.0,cctv3,C3_S006,G026,OCCUPIED,OCCUPIED,0.8254118737849323
1170.0,cctv3,C3_S007,G027,EMPTY,EMPTY,0.01
1170.0,cctv3,C3_S008,G028,EMPTY,EMPTY,0.01
1170.0,cctv3,C3_S009,G029,EMPTY,EMPTY,0.01
1170.0,cctv3,C3_S010,G007,OCCUPIED,OCCUPIED,0.51
1170.0,cctv3,C3_S011,G008,OCCUPIED,OCCUPIED,0.7982635181058537
1170.0,cctv3,C3_S012,G009,OCCUPIED,OCCUPIED,0.8237405844710091
1171.0,cctv1,C1_S001,G001,OCCUPIED,OCCUPIED,0.726106995344162
1171.0,cctv1,C1_S002,G002,EMPTY,EMPTY,0.01
1171.0,cctv1,C1_S003,G003,OCCUPIED,OCCUPIED,0.8368280356580562
1171.0,cctv1,C1_S004,G004,OCCUPIED,OCCUPIED,0.7761542699553751
1171.0,cctv1,C1_S005,G005,OCCUPIED,LEAVING,0.7531306075778875
1171.0,cctv1,C1_S006,G006,EMPTY,MANEUVERING,0.49
1171.0,cctv2,C2_S001,G007,OCCUPIED,OCCUPIED,0.7928585792129691
1171.0,cctv2,C2_S002,G008,OCCUPIED,OCCUPIED,0.8263436894525182
1171.0,cctv2,C2_S003,G009,EMPTY,MANEUVERING,0.4605048146640712
1171.0,cctv2,C2_S004,G010,OCCUPIED,OCCUPIED,0.7951899666677822
1171.0,cctv2,C2_S005,G001,EMPTY,EMPTY,0.01
1171.0,cctv2,C2_S006,G003,OCCUPIED,OCCUPIED,0.8175915975462307
1171.0,cctv2,C2_S007,G004,OCCUPIED,OCCUPIED,0.7926103302023628
1171.0,cctv2,C2_S008,G006,OCCUPIED,OCCUPIED,0.7609613940119744
1171.0,cctv2,C2_S009,G005,OCCUPIED,OCCUPIED,0.7839054650881074
1171.0,cctv2,C2_S010,G002,EMPTY,EMPTY,0.01
1171.0,cctv2,C2_S011,G017,OCCUPIED,OCCUPIED,0.7997972678054464
1171.0,cctv2,C2_S012,G018,OCCUPIED,OCCUPIED,0.749107328395952
1171.0,cctv2,C2_S013,G019,OCCUPIED,OCCUPIED,0.8038004850799387
1171.0,cctv2,C2_S014,G020,EMPTY,EMPTY,0.01
1171.0,cctv3,C3_S001,G021,OCCUPIED,OCCUPIED,0.7553750154646961
1171.0,cctv3,C3_S002,G019,EMPTY,EMPTY,0.01
1171.0,cctv3,C3_S003,G020,OCCUPIED,LEAVING,0.7968816740946337
1171.0,cctv3,C3_S004,G024,OCCUPIED,OCCUPIED,0.8279903447086161
1171.0,cctv3,C3_S005,G025,OCCUPIED,OCCUPIED,0.8262622486461293
1171.0,cctv3,C3_S006,G026,OCCUPIED,OCCUPIED,0.8253196862610904
1171.0,cctv3,C3_S007,G027,EMPTY,EMPTY,0.01
1171.0,cctv3,C3_S008,G028,EMPTY,EMPTY,0.01
1171.0,cctv3,C3_S009,G029,EMPTY,EMPTY,0.01
1171.0,cctv3,C3_S010,G007,OCCUPIED,OCCUPIED,0.51
1171.0,cctv3,C3_S011,G008,OCCUPIED,OCCUPIED,0.79631291736256
1171.0,cctv3,C3_S012,G009,OCCUPIED,OCCUPIED,0.8231499815529044
1172.0,cctv1,C1_S001,G001,OCCUPIED,OCCUPIED,0.7278520319949497
1172.0,cctv1,C1_S002,G002,EMPTY,EMPTY,0.01
1172.0,cctv1,C1_S003,G003,OCCUPIED,OCCUPIED,0.8368984883481807
1172.0,cctv1,C1_S004,G004,OCCUPIED,OCCUPIED,0.7764664201573893
1172.0,cctv1,C1_S005,G005,OCCUPIED,LEAVING,0.7525651133873247
1172.0,cctv1,C1_S006,G006,EMPTY,MANEUVERING,0.49
1172.0,cctv2,C2_S001,G007,OCCUPIED,OCCUPIED,0.7948135300116106
1172.0,cctv2,C2_S002,G008,OCCUPIED,OCCUPIED,0.8284104477275502
1172.0,cctv2,C2_S003,G009,EMPTY,MANEUVERING,0.379800428991968
1172.0,cctv2,C2_S004,G010,OCCUPIED,OCCUPIED,0.795012640953064
1172.0,cctv2,C2_S005,G001,EMPTY,EMPTY,0.01
1172.0,cctv2,C2_S006,G003,OCCUPIED,OCCUPIED,0.8175663189454513
1172.0,cctv2,C2_S007,G004,OCCUPIED,OCCUPIED,0.7923305302858353
1172.0,cctv2,C2_S008,G006,OCCUPIED,OCCUPIED,0.7606547163291412
1172.0,cctv2,C2_S009,G005,OCCUPIED,OCCUPIED,0.7827970800074665
1172.0,cctv2,C2_S010,G002,EMPTY,EMPTY,0.01
1172.0,cctv2,C2_S011,G017,OCCUPIED,OCCUPIED,0.7993276568976316
1172.0,cctv2,C2_S012,G018,OCCUPIED,OCCUPIED,0.7481474389406768
1172.0,cctv2,C2_S013,G019,OCCUPIED,OCCUPIED,0.8017471126534723
1172.0,cctv2,C2_S014,G020,EMPTY,EMPTY,0.01
1172.0,cctv3,C3_S001,G021,OCCUPIED,OCCUPIED,0.7568328147584742
1172.0,cctv3,C3_S002,G019,EMPTY,EMPTY,0.01
1172.0,cctv3,C3_S003,G020,OCCUPIED,LEAVING,0.7956750718030063
1172.0,cctv3,C3_S004,G024,OCCUPIED,OCCUPIED,0.828140903602947
1172.0,cctv3,C3_S005,G025,OCCUPIED,OCCUPIED,0.8268935650587083
1172.0,cctv3,C3_S006,G026,OCCUPIED,OCCUPIED,0.8251872143962167
1172.0,cctv3,C3_S007,G027,EMPTY,EMPTY,0.01
1172.0,cctv3,C3_S008,G028,EMPTY,EMPTY,0.01
1172.0,cctv3,C3_S009,G029,EMPTY,EMPTY,0.01
1172.0,cctv3,C3_S010,G007,OCCUPIED,OCCUPIED,0.51
1172.0,cctv3,C3_S011,G008,OCCUPIED,OCCUPIED,0.7957433559677818
1172.0,cctv3,C3_S012,G009,OCCUPIED,OCCUPIED,0.8230987611142072
1173.0,cctv1,C1_S001,G001,OCCUPIED,OCCUPIED,0.7277565557170999
1173.0,cctv1,C1_S002,G002,EMPTY,EMPTY,0.01
1173.0,cctv1,C1_S003,G003,OCCUPIED,OCCUPIED,0.8370546945116737
1173.0,cctv1,C1_S004,G004,OCCUPIED,OCCUPIED,0.7767784557559274
1173.0,cctv1,C1_S005,G005,OCCUPIED,LEAVING,0.7517026742750949
1173.0,cctv1,C1_S006,G006,EMPTY,MANEUVERING,0.49
1173.0,cctv2,C2_S001,G007,OCCUPIED,OCCUPIED,0.7950366475365379
1173.0,cctv2,C2_S002,G008,OCCUPIED,OCCUPIED,0.8286681844429538
1173.0,cctv2,C2_S003,G009,EMPTY,MANEUVERING,0.3446697899191217
1173.0,cctv2,C2_S004,G010,OCCUPIED,OCCUPIED,0.7973223366520622
1173.0,cctv2,C2_S005,G001,EMPTY,EMPTY,0.01
1173.0,cctv2,C2_S006,G003,OCCUPIED,OCCUPIED,0.8178806567733938
1173.0,cctv2,C2_S007,G004,OCCUPIED,OCCUPIED,0.7931174855340611
1173.0,cctv2,C2_S008,G006,OCCUPIED,OCCUPIED,0.7619204418225722
1173.0,cctv2,C2_S009,G005,OCCUPIED,OCCUPIED,0.7843591396104206
1173.0,cctv2,C2_S010,G002,EMPTY,EMPTY,0.01
1173.0,cctv2,C2_S011,G017,OCCUPIED,OCCUPIED,0.8007456692782315
1173.0,cctv2,C2_S012,G018,OCCUPIED,OCCUPIED,0.7487892102788796
1173.0,cctv2,C2_S013,G019,OCCUPIED,OCCUPIED,0.8021795692768965
1173.0,cctv2,C2_S014,G020,EMPTY,EMPTY,0.01
1173.0,cctv3,C3_S001,G021,OCCUPIED,OCCUPIED,0.7572501063346864
1173.0,cctv3,C3_S002,G019,EMPTY,EMPTY,0.01
1173.0,cctv3,C3_S003,G020,OCCUPIED,LEAVING,0.7986293949864128
1173.0,cctv3,C3_S004,G024,OCCUPIED,OCCUPIED,0.8283229036764665
1173.0,cctv3,C3_S005,G025,OCCUPIED,OCCUPIED,0.8264781615950845
1173.0,cctv3,C3_S006,G026,OCCUPIED,OCCUPIED,0.8251205078580164
1173.0,cctv3,C3_S007,G027,EMPTY,EMPTY,0.01
1173.0,cctv3,C3_S008,G028,EMPTY,EMPTY,0.01
1173.0,cctv3,C3_S009,G029,EMPTY,EMPTY,0.01
1173.0,cctv3,C3_S010,G007,OCCUPIED,OCCUPIED,0.51
1173.0,cctv3,C3_S011,G008,OCCUPIED,OCCUPIED,0.795319718935273
1173.0,cctv3,C3_S012,G009,OCCUPIED,OCCUPIED,0.8232755861499094
1174.0,cctv1,C1_S001,G001,OCCUPIED,OCCUPIED,0.7281811752102593
1174.0,cctv1,C1_S002,G002,EMPTY,EMPTY,0.01
1174.0,cctv1,C1_S003,G003,OCCUPIED,OCCUPIED,0.8371861617673528
1174.0,cctv1,C1_S004,G004,OCCUPIED,OCCUPIED,0.7766758100552993
1174.0,cctv1,C1_S005,G005,OCCUPIED,LEAVING,0.7530690411275084
1174.0,cctv1,C1_S006,G006,EMPTY,MANEUVERING,0.49
1174.0,cctv2,C2_S001,G007,OCCUPIED,OCCUPIED,0.7958524275909771
1174.0,cctv2,C2_S002,G008,OCCUPIED,OCCUPIED,0.8291271323507483
1174.0,cctv2,C2_S003,G009,EMPTY,MANEUVERING,0.3446697899191217
1174.0,cctv2,C2_S004,G010,OCCUPIED,OCCUPIED,0.7988106383518739
1174.0,cctv2,C2_S005,G001,EMPTY,EMPTY,0.01
1174.0,cctv2,C2_S006,G003,OCCUPIED,OCCUPIED,0.8179850207133728
1174.0,cctv2,C2_S007,G004,OCCUPIED,OCCUPIED,0.7931932294910605
1174.0,cctv2,C2_S008,G006,OCCUPIED,OCCUPIED,0.7606424500996417
1174.0,cctv2,C2_S009,G005,OCCUPIED,OCCUPIED,0.7842202637683262
1174.0,cctv2,C2_S010,G002,EMPTY,EMPTY,0.01
1174.0,cctv2,C2_S011,G017,OCCUPIED,OCCUPIED,0.80014133263718
1174.0,cctv2,C2_S012,G018,OCCUPIED,OCCUPIED,0.7485484239052643
1174.0,cctv2,C2_S013,G019,OCCUPIED,OCCUPIED,0.8019774493846027
1174.0,cctv2,C2_S014,G020,EMPTY,EMPTY,0.01
1174.0,cctv3,C3_S001,G021,OCCUPIED,OCCUPIED,0.7558901068839161
1174.0,cctv3,C3_S002,G019,EMPTY,EMPTY,0.01
1174.0,cctv3,C3_S003,G020,OCCUPIED,LEAVING,0.7962724176320164
1174.0,cctv3,C3_S004,G024,OCCUPIED,OCCUPIED,0.8282557582313365
1174.0,cctv3,C3_S005,G025,OCCUPIED,OCCUPIED,0.826246835697781
1174.0,cctv3,C3_S006,G026,OCCUPIED,OCCUPIED,0.8249531030654907
1174.0,cctv3,C3_S007,G027,EMPTY,EMPTY,0.01
1174.0,cctv3,C3_S008,G028,EMPTY,EMPTY,0.01
1174.0,cctv3,C3_S009,G029,EMPTY,EMPTY,0.01
1174.0,cctv3,C3_S010,G007,OCCUPIED,OCCUPIED,0.51
1174.0,cctv3,C3_S011,G008,OCCUPIED,OCCUPIED,0.7952606851404365
1174.0,cctv3,C3_S012,G009,OCCUPIED,OCCUPIED,0.8230617880821228
1175.0,cctv1,C1_S001,G001,OCCUPIED,OCCUPIED,0.7288514578206974
1175.0,cctv1,C1_S002,G002,EMPTY,EMPTY,0.01
1175.0,cctv1,C1_S003,G003,OCCUPIED,OCCUPIED,0.8371502795002678
1175.0,cctv1,C1_S004,G004,OCCUPIED,OCCUPIED,0.7758742262016644
1175.0,cctv1,C1_S005,G005,OCCUPIED,LEAVING,0.7533701190894301
1175.0,cctv1,C1_S006,G006,EMPTY,MANEUVERING,0.49
1175.0,cctv2,C2_S001,G007,OCCUPIED,OCCUPIED,0.7971140468662437
1175.0,cctv2,C2_S002,G008,OCCUPIED,OCCUPIED,0.8283121008764615
1175.0,cctv2,C2_S003,G009,EMPTY,MANEUVERING,0.2996697899191217
1175.0,cctv2,C2_S004,G010,OCCUPIED,OCCUPIED,0.7996082574129105
1175.0,cctv2,C2_S005,G001,EMPTY,EMPTY,0.01
1175.0,cctv2,C2_S006,G003,OCCUPIED,OCCUPIED,0.8179738757285205
1175.0,cctv2,C2_S007,G004,OCCUPIED,OCCUPIED,0.7943625507029621
1175.0,cctv2,C2_S008,G006,OCCUPIED,OCCUPIED,0.760046785934405
1175.0,cctv2,C2_S009,G005,OCCUPIED,OCCUPIED,0.7847858335484159
1175.0,cctv2,C2_S010,G002,EMPTY,EMPTY,0.01
1175.0,cctv2,C2_S011,G017,OCCUPIED,OCCUPIED,0.800981526483189
1175.0,cctv2,C2_S012,G018,OCCUPIED,OCCUPIED,0.7497802554206415
1175.0,cctv2,C2_S013,G019,OCCUPIED,OCCUPIED,0.8063522850925273
1175.0,cctv2,C2_S014,G020,EMPTY,EMPTY,0.01
1175.0,cctv3,C3_S001,G021,OCCUPIED,OCCUPIED,0.7557335552844135
1175.0,cctv3,C3_S002,G019,EMPTY,EMPTY,0.01
1175.0,cctv3,C3_S003,G020,OCCUPIED,LEAVING,0.7959424977952785
1175.0,cctv3,C3_S004,G024,OCCUPIED,OCCUPIED,0.8281682401895524
1175.0,cctv3,C3_S005,G025,OCCUPIED,OCCUPIED,0.825949412855235
1175.0,cctv3,C3_S006,G026,OCCUPIED,OCCUPIED,0.8249498104507273
1175.0,cctv3,C3_S007,G027,EMPTY,EMPTY,0.01
1175.0,cctv3,C3_S008,G028,EMPTY,EMPTY,0.01
1175.0,cctv3,C3_S009,G029,EMPTY,EMPTY,0.01
1175.0,cctv3,C3_S010,G007,OCCUPIED,LEAVING,0.51
1175.0,cctv3,C3_S011,G008,OCCUPIED,OCCUPIED,0.7963045529343866
1175.0,cctv3,C3_S012,G009,OCCUPIED,OCCUPIED,0.8227684202519331
1176.0,cctv1,C1_S001,G001,OCCUPIED,OCCUPIED,0.7296829635446722
1176.0,cctv1,C1_S002,G002,EMPTY,EMPTY,0.01
1176.0,cctv1,C1_S003,G003,OCCUPIED,OCCUPIED,0.8372172900221565
1176.0,cctv1,C1_S004,G004,OCCUPIED,OCCUPIED,0.7773680089549585
1176.0,cctv1,C1_S005,G005,OCCUPIED,LEAVING,0.7537726414474575
1176.0,cctv1,C1_S006,G006,EMPTY,MANEUVERING,0.49
1176.0,cctv2,C2_S001,G007,OCCUPIED,OCCUPIED,0.7986888839439913
1176.0,cctv2,C2_S002,G008,OCCUPIED,OCCUPIED,0.829366353696043
1176.0,cctv2,C2_S003,G009,EMPTY,MANEUVERING,0.2656386168572035
1176.0,cctv2,C2_S004,G010,OCCUPIED,OCCUPIED,0.7998050258918242
1176.0,cctv2,C2_S005,G001,EMPTY,EMPTY,0.01
1176.0,cctv2,C2_S006,G003,OCCUPIED,OCCUPIED,0.8177396497943186
1176.0,cctv2,C2_S007,G004,OCCUPIED,OCCUPIED,0.79452263712883
1176.0,cctv2,C2_S008,G006,OCCUPIED,OCCUPIED,0.7589505809274587
1176.0,cctv2,C2_S009,G005,OCCUPIED,OCCUPIED,0.7836403067816389
1176.0,cctv2,C2_S010,G002,EMPTY,EMPTY,0.01
1176.0,cctv2,C2_S011,G017,OCCUPIED,OCCUPIED,0.7995495731180365
1176.0,cctv2,C2_S012,G018,OCCUPIED,OCCUPIED,0.7490852662108162
1176.0,cctv2,C2_S013,G019,OCCUPIED,OCCUPIED,0.8056542044336146
1176.0,cctv2,C2_S014,G020,EMPTY,EMPTY,0.01
1176.0,cctv3,C3_S001,G021,OCCUPIED,OCCUPIED,0.7542290225625039
1176.0,cctv3,C3_S002,G019,EMPTY,EMPTY,0.01
1176.0,cctv3,C3_S003,G020,OCCUPIED,LEAVING,0.7939486289566214
1176.0,cctv3,C3_S004,G024,OCCUPIED,OCCUPIED,0.8279998714273626
1176.0,cctv3,C3_S005,G025,OCCUPIED,OCCUPIED,0.8259700845588338
1176.0,cctv3,C3_S006,G026,OCCUPIED,OCCUPIED,0.8249544872479005
1176.0,cctv3,C3_S007,G027,EMPTY,EMPTY,0.01
1176.0,cctv3,C3_S008,G028,EMPTY,EMPTY,0.01
1176.0,cctv3,C3_S009,G029,EMPTY,EMPTY,0.01
1176.0,cctv3,C3_S010,G007,OCCUPIED,LEAVING,0.5123282288963145
1176.0,cctv3,C3_S011,G008,OCCUPIED,OCCUPIED,0.796576142040166
1176.0,cctv3,C3_S012,G009,OCCUPIED,OCCUPIED,0.8229087501764298
1177.0,cctv1,C1_S001,G001,OCCUPIED,OCCUPIED,0.7297027801925486
1177.0,cctv1,C1_S002,G002,EMPTY,EMPTY,0.01
1177.0,cctv1,C1_S003,G003,OCCUPIED,OCCUPIED,0.8373144688931379
1177.0,cctv1,C1_S004,G004,OCCUPIED,OCCUPIED,0.7776072693142024
1177.0,cctv1,C1_S005,G005,OCCUPIED,LEAVING,0.7512107311324641
1177.0,cctv1,C1_S006,G006,EMPTY,MANEUVERING,0.49
1177.0,cctv2,C2_S001,G007,OCCUPIED,OCCUPIED,0.798649040948261
1177.0,cctv2,C2_S002,G008,OCCUPIED,OCCUPIED,0.8298658614808864
1177.0,cctv2,C2_S003,G009,EMPTY,MANEUVERING,0.2193745554915883
1177.0,cctv2,C2_S004,G010,OCCUPIED,OCCUPIED,0.8018993133848364
1177.0,cctv2,C2_S005,G001,EMPTY,EMPTY,0.01
1177.0,cctv2,C2_S006,G003,OCCUPIED,OCCUPIED,0.817785841497508
1177.0,cctv2,C2_S007,G004,OCCUPIED,OCCUPIED,0.7946542718193749
1177.0,cctv2,C2_S008,G006,OCCUPIED,OCCUPIED,0.7601508897813885
1177.0,cctv2,C2_S009,G005,OCCUPIED,OCCUPIED,0.7834734685041689
1177.0,cctv2,C2_S010,G002,EMPTY,EMPTY,0.01
1177.0,cctv2,C2_S011,G017,OCCUPIED,OCCUPIED,0.8003335413607685
1177.0,cctv2,C2_S012,G018,OCCUPIED,OCCUPIED,0.7497754144397649
1177.0,cctv2,C2_S013,G019,OCCUPIED,OCCUPIED,0.806169420209798
1177.0,cctv2,C2_S014,G020,EMPTY,EMPTY,0.01
1177.0,cctv3,C3_S001,G021,OCCUPIED,OCCUPIED,0.7521541124040431
1177.0,cctv3,C3_S002,G019,EMPTY,EMPTY,0.01
1177.0,cctv3,C3_S003,G020,OCCUPIED,LEAVING,0.7954270853237673
1177.0,cctv3,C3_S004,G024,OCCUPIED,OCCUPIED,0.8280184843323448
1177.0,cctv3,C3_S005,G025,OCCUPIED,OCCUPIED,0.8260102120312778
1177.0,cctv3,C3_S006,G026,OCCUPIED,OCCUPIED,0.8248886325142601
1177.0,cctv3,C3_S007,G027,EMPTY,EMPTY,0.01
1177.0,cctv3,C3_S008,G028,EMPTY,EMPTY,0.01
1177.0,cctv3,C3_S009,G029,EMPTY,EMPTY,0.01
1177.0,cctv3,C3_S010,G007,OCCUPIED,LEAVING,0.5468739022856408
1177.0,cctv3,C3_S011,G008,OCCUPIED,OCCUPIED,0.7955778270959855
1177.0,cctv3,C3_S012,G009,OCCUPIED,OCCUPIED,0.8223552926020189
1178.0,cctv1,C1_S001,G001,OCCUPIED,OCCUPIED,0.7294237906282599
1178.0,cctv1,C1_S002,G002,EMPTY,EMPTY,0.01
1178.0,cctv1,C1_S003,G003,OCCUPIED,OCCUPIED,0.8373748291622509
1178.0,cctv1,C1_S004,G004,OCCUPIED,OCCUPIED,0.7783796418796887
1178.0,cctv1,C1_S005,G005,OCCUPIED,LEAVING,0.7522980730641973
1178.0,cctv1,C1_S006,G006,EMPTY,MANEUVERING,0.49
1178.0,cctv2,C2_S001,G007,OCCUPIED,OCCUPIED,0.7977646321058274
1178.0,cctv2,C2_S002,G008,OCCUPIED,OCCUPIED,0.8299468536268582
1178.0,cctv2,C2_S003,G009,EMPTY,MANEUVERING,0.2193745554915883
1178.0,cctv2,C2_S004,G010,OCCUPIED,OCCUPIED,0.8022022957151587
1178.0,cctv2,C2_S005,G001,EMPTY,EMPTY,0.01
1178.0,cctv2,C2_S006,G003,OCCUPIED,OCCUPIED,0.81778728176247
1178.0,cctv2,C2_S007,G004,OCCUPIED,OCCUPIED,0.7947501567277042
1178.0,cctv2,C2_S008,G006,OCCUPIED,OCCUPIED,0.7609406052665277
1178.0,cctv2,C2_S009,G005,OCCUPIED,OCCUPIED,0.7856266410513358
1178.0,cctv2,C2_S010,G002,EMPTY,EMPTY,0.01
1178.0,cctv2,C2_S011,G017,OCCUPIED,OCCUPIED,0.8016903213479303
1178.0,cctv2,C2_S012,G018,OCCUPIED,OCCUPIED,0.7522461361505769
1178.0,cctv2,C2_S013,G019,OCCUPIED,OCCUPIED,0.8100535490296105
1178.0,cctv2,C2_S014,G020,EMPTY,EMPTY,0.01
1178.0,cctv3,C3_S001,G021,OCCUPIED,OCCUPIED,0.7529589673334902
1178.0,cctv3,C3_S002,G019,EMPTY,EMPTY,0.01
1178.0,cctv3,C3_S003,G020,OCCUPIED,LEAVING,0.7968557403846221
1178.0,cctv3,C3_S004,G024,OCCUPIED,OCCUPIED,0.8280667795376344
1178.0,cctv3,C3_S005,G025,OCCUPIED,OCCUPIED,0.8263465415347707
1178.0,cctv3,C3_S006,G026,OCCUPIED,OCCUPIED,0.8248682777989995
1178.0,cctv3,C3_S007,G027,EMPTY,EMPTY,0.01
1178.0,cctv3,C3_S008,G028,EMPTY,EMPTY,0.01
1178.0,cctv3,C3_S009,G029,EMPTY,EMPTY,0.01
1178.0,cctv3,C3_S010,G007,OCCUPIED,LEAVING,0.627858331664042
1178.0,cctv3,C3_S011,G008,OCCUPIED,OCCUPIED,0.7940577802332965
1178.0,cctv3,C3_S012,G009,OCCUPIED,OCCUPIED,0.8226702700961721
1179.0,cctv1,C1_S001,G001,OCCUPIED,OCCUPIED,0.7282579217444767
1179.0,cctv1,C1_S002,G002,EMPTY,EMPTY,0.01
1179.0,cctv1,C1_S003,G003,OCCUPIED,OCCUPIED,0.8373660493980755
1179.0,cctv1,C1_S004,G004,OCCUPIED,OCCUPIED,0.7770605233582584
1179.0,cctv1,C1_S005,G005,OCCUPIED,OCCUPIED,0.7503541461446069
1179.0,cctv1,C1_S006,G006,EMPTY,MANEUVERING,0.49
1179.0,cctv2,C2_S001,G007,OCCUPIED,OCCUPIED,0.800359996882352
1179.0,cctv2,C2_S002,G008,OCCUPIED,OCCUPIED,0.8306710850108754
1179.0,cctv2,C2_S003,G009,EMPTY,MANEUVERING,0.1845612549375404
1179.0,cctv2,C2_S004,G010,OCCUPIED,OCCUPIED,0.8023586928844453
1179.0,cctv2,C2_S005,G001,EMPTY,EMPTY,0.01
1179.0,cctv2,C2_S006,G003,OCCUPIED,OCCUPIED,0.8174790309234099
1179.0,cctv2,C2_S007,G004,OCCUPIED,OCCUPIED,0.7945572368123315
1179.0,cctv2,C2_S008,G006,OCCUPIED,OCCUPIED,0.7595203065059403
1179.0,cctv2,C2_S009,G005,OCCUPIED,OCCUPIED,0.7850426957011224
1179.0,cctv2,C2_S010,G002,EMPTY,EMPTY,0.01
1179.0,cctv2,C2_S011,G017,OCCUPIED,OCCUPIED,0.8025450308214535
1179.0,cctv2,C2_S012,G018,OCCUPIED,OCCUPIED,0.7530888724056157
1179.0,cctv2,C2_S013,G019,OCCUPIED,OCCUPIED,0.8108244752342051
1179.0,cctv2,C2_S014,G020,EMPTY,EMPTY,0.01
1179.0,cctv3,C3_S001,G021,OCCUPIED,OCCUPIED,0.7537488470023329
1179.0,cctv3,C3_S002,G019,EMPTY,EMPTY,0.01
1179.0,cctv3,C3_S003,G020,OCCUPIED,LEAVING,0.7956680907444521
1179.0,cctv3,C3_S004,G024,OCCUPIED,OCCUPIED,0.8281922435218638
1179.0,cctv3,C3_S005,G025,OCCUPIED,OCCUPIED,0.8265149517492816
1179.0,cctv3,C3_S006,G026,OCCUPIED,OCCUPIED,0.8249577497894114
1179.0,cctv3,C3_S007,G027,EMPTY,EMPTY,0.01
1179.0,cctv3,C3_S008,G028,EMPTY,EMPTY,0.01
1179.0,cctv3,C3_S009,G029,EMPTY,EMPTY,0.01
1179.0,cctv3,C3_S010,G007,OCCUPIED,OCCUPIED,0.6645430871200833
1179.0,cctv3,C3_S011,G008,OCCUPIED,OCCUPIED,0.7945224794474516
1179.0,cctv3,C3_S012,G009,OCCUPIED,OCCUPIED,0.8227968289093538
1180.0,cctv1,C1_S001,G001,OCCUPIED,OCCUPIED,0.7277196440507065
1180.0,cctv1,C1_S002,G002,EMPTY,EMPTY,0.01
1180.0,cctv1,C1_S003,G003,OCCUPIED,OCCUPIED,0.8375301518223504
1180.0,cctv1,C1_S004,G004,OCCUPIED,OCCUPIED,0.7750437797470526
1180.0,cctv1,C1_S005,G005,OCCUPIED,OCCUPIED,0.7491526741873135
1180.0,cctv1,C1_S006,G006,EMPTY,MANEUVERING,0.49
1180.0,cctv2,C2_S001,G007,OCCUPIED,OCCUPIED,0.7999611637809061
1180.0,cctv2,C2_S002,G008,OCCUPIED,OCCUPIED,0.8311016413298521
1180.0,cctv2,C2_S003,G009,EMPTY,MANEUVERING,0.1845612549375404
1180.0,cctv2,C2_S004,G010,OCCUPIED,OCCUPIED,0.8025221174413508
1180.0,cctv2,C2_S005,G001,EMPTY,EMPTY,0.01
1180.0,cctv2,C2_S006,G003,OCCUPIED,OCCUPIED,0.8175429406491194
1180.0,cctv2,C2_S007,G004,OCCUPIED,OCCUPIED,0.7942044361071153
1180.0,cctv2,C2_S008,G006,OCCUPIED,OCCUPIED,0.7596809362823314
1180.0,cctv2,C2_S009,G005,OCCUPIED,OCCUPIED,0.7857507728717544
1180.0,cctv2,C2_S010,G002,EMPTY,EMPTY,0.01
1180.0,cctv2,C2_S011,G017,OCCUPIED,OCCUPIED,0.8025585662234914
1180.0,cctv2,C2_S012,G018,OCCUPIED,OCCUPIED,0.7525234611196953
1180.0,cctv2,C2_S013,G019,OCCUPIED,OCCUPIED,0.8111183469945735
1180.0,cctv2,C2_S014,G020,EMPTY,EMPTY,0.01
1180.0,cctv3,C3_S001,G021,OCCUPIED,OCCUPIED,0.7536764066327702
1180.0,cctv3,C3_S002,G019,EMPTY,EMPTY,0.01
1180.0,cctv3,C3_S003,G020,OCCUPIED,LEAVING,0.7966267276893964
1180.0,cctv3,C3_S004,G024,OCCUPIED,OCCUPIED,0.828025189854882
1180.0,cctv3,C3_S005,G025,OCCUPIED,OCCUPIED,0.826626840504733
1180.0,cctv3,C3_S006,G026,OCCUPIED,OCCUPIED,0.8251496691595425
1180.0,cctv3,C3_S007,G027,EMPTY,EMPTY,0.01
1180.0,cctv3,C3_S008,G028,EMPTY,EMPTY,0.01
1180.0,cctv3,C3_S009,G029,EMPTY,EMPTY,0.01
1180.0,cctv3,C3_S010,G007,OCCUPIED,OCCUPIED,0.6626815373924646
1180.0,cctv3,C3_S011,G008,OCCUPIED,OCCUPIED,0.7956351402130994
1180.0,cctv3,C3_S012,G009,OCCUPIED,OCCUPIED,0.8231416463851929
1181.0,cctv1,C1_S001,G001,OCCUPIED,OCCUPIED,0.72781963436441
1181.0,cctv1,C1_S002,G002,EMPTY,EMPTY,0.01
1181.0,cctv1,C1_S003,G003,OCCUPIED,OCCUPIED,0.8375543372197585
1181.0,cctv1,C1_S004,G004,OCCUPIED,OCCUPIED,0.7761736464771358
1181.0,cctv1,C1_S005,G005,OCCUPIED,LEAVING,0.7492151403968985
1181.0,cctv1,C1_S006,G006,EMPTY,MANEUVERING,0.49
1181.0,cctv2,C2_S001,G007,OCCUPIED,OCCUPIED,0.7982468875971708
1181.0,cctv2,C2_S002,G008,OCCUPIED,OCCUPIED,0.8310748956420205
1181.0,cctv2,C2_S003,G009,EMPTY,MANEUVERING,0.1845612549375404
1181.0,cctv2,C2_S004,G010,OCCUPIED,OCCUPIED,0.80284146937457
1181.0,cctv2,C2_S005,G001,EMPTY,EMPTY,0.01
1181.0,cctv2,C2_S006,G003,OCCUPIED,OCCUPIED,0.8176566224206578
1181.0,cctv2,C2_S007,G004,OCCUPIED,OCCUPIED,0.7940100873058493
1181.0,cctv2,C2_S008,G006,OCCUPIED,OCCUPIED,0.7585119357163257
1181.0,cctv2,C2_S009,G005,OCCUPIED,OCCUPIED,0.786491692472588
1181.0,cctv2,C2_S010,G002,EMPTY,EMPTY,0.01
1181.0,cctv2,C2_S011,G017,OCCUPIED,OCCUPIED,0.8029430340636861
1181.0,cctv2,C2_S012,G018,OCCUPIED,OCCUPIED,0.7534460938789629
1181.0,cctv2,C2_S013,G019,OCCUPIED,OCCUPIED,0.81189621117982
1181.0,cctv2,C2_S014,G020,EMPTY,EMPTY,0.01
1181.0,cctv3,C3_S001,G021,OCCUPIED,LEAVING,0.7569732401858678
1181.0,cctv3,C3_S002,G019,EMPTY,EMPTY,0.01
1181.0,cctv3,C3_S003,G020,OCCUPIED,LEAVING,0.795595700361512
1181.0,cctv3,C3_S004,G024,OCCUPIED,OCCUPIED,0.8279935089024631
1181.0,cctv3,C3_S005,G025,OCCUPIED,OCCUPIED,0.827399076927792
1181.0,cctv3,C3_S006,G026,OCCUPIED,OCCUPIED,0.8251053135503423
1181.0,cctv3,C3_S007,G027,EMPTY,EMPTY,0.01
1181.0,cctv3,C3_S008,G028,EMPTY,EMPTY,0.01
1181.0,cctv3,C3_S009,G029,EMPTY,EMPTY,0.01
1181.0,cctv3,C3_S010,G007,OCCUPIED,OCCUPIED,0.6620541597631845
1181.0,cctv3,C3_S011,G008,OCCUPIED,OCCUPIED,0.794704154404727
1181.0,cctv3,C3_S012,G009,OCCUPIED,OCCUPIED,0.8227799765088342
1182.0,cctv1,C1_S001,G001,OCCUPIED,OCCUPIED,0.7273449898443439
1182.0,cctv1,C1_S002,G002,EMPTY,EMPTY,0.01
1182.0,cctv1,C1_S003,G003,OCCUPIED,OCCUPIED,0.8377353912050074
1182.0,cctv1,C1_S004,G004,OCCUPIED,OCCUPIED,0.7750128282742067
1182.0,cctv1,C1_S005,G005,OCCUPIED,LEAVING,0.7477196662263438
1182.0,cctv1,C1_S006,G006,EMPTY,MANEUVERING,0.49
1182.0,cctv2,C2_S001,G007,OCCUPIED,OCCUPIED,0.7964404564012182
1182.0,cctv2,C2_S002,G008,OCCUPIED,OCCUPIED,0.8319122235883367
1182.0,cctv2,C2_S003,G009,EMPTY,EMPTY,0.01
1182.0,cctv2,C2_S004,G010,OCCUPIED,OCCUPIED,0.802119746262377
1182.0,cctv2,C2_S005,G001,EMPTY,EMPTY,0.01
1182.0,cctv2,C2_S006,G003,OCCUPIED,OCCUPIED,0.8177263517271389
1182.0,cctv2,C2_S007,G004,OCCUPIED,OCCUPIED,0.7934896127744155
1182.0,cctv2,C2_S008,G006,OCCUPIED,OCCUPIED,0.7581676030700858
1182.0,cctv2,C2_S009,G005,OCCUPIED,OCCUPIED,0.785669514943253
1182.0,cctv2,C2_S010,G002,EMPTY,EMPTY,0.01
1182.0,cctv2,C2_S011,G017,OCCUPIED,OCCUPIED,0.8038082813674754
1182.0,cctv2,C2_S012,G018,OCCUPIED,OCCUPIED,0.7540671301158992
1182.0,cctv2,C2_S013,G019,OCCUPIED,OCCUPIED,0.8121142650192434
1182.0,cctv2,C2_S014,G020,EMPTY,EMPTY,0.01
1182.0,cctv3,C3_S001,G021,OCCUPIED,LEAVING,0.7582574302499945
1182.0,cctv3,C3_S002,G019,EMPTY,EMPTY,0.01
1182.0,cctv3,C3_S003,G020,OCCUPIED,LEAVING,0.79818517240611
1182.0,cctv3,C3_S004,G024,OCCUPIED,OCCUPIED,0.8278843364932321
1182.0,cctv3,C3_S005,G025,OCCUPIED,OCCUPIED,0.8284317217089914
1182.0,cctv3,C3_S006,G026,OCCUPIED,OCCUPIED,0.8252061954953455
1182.0,cctv3,C3_S007,G027,EMPTY,EMPTY,0.01
1182.0,cctv3,C3_S008,G028,EMPTY,EMPTY,0.01
1182.0,cctv3,C3_S009,G029,EMPTY,EMPTY,0.01
1182.0,cctv3,C3_S010,G007,OCCUPIED,OCCUPIED,0.6970735407688401
1182.0,cctv3,C3_S011,G008,OCCUPIED,OCCUPIED,0.7949007172476162
1182.0,cctv3,C3_S012,G009,OCCUPIED,OCCUPIED,0.8227707399563357
1183.0,cctv1,C1_S001,G001,OCCUPIED,OCCUPIED,0.7258052823895759
1183.0,cctv1,C1_S002,G002,EMPTY,EMPTY,0.01
1183.0,cctv1,C1_S003,G003,OCCUPIED,OCCUPIED,0.8376176097176292
1183.0,cctv1,C1_S004,G004,OCCUPIED,OCCUPIED,0.7744235437024725
1183.0,cctv1,C1_S005,G005,OCCUPIED,LEAVING,0.7481583484194496
1183.0,cctv1,C1_S006,G006,EMPTY,MANEUVERING,0.4898593563129279
1183.0,cctv2,C2_S001,G007,OCCUPIED,OCCUPIED,0.794750290838155
1183.0,cctv2,C2_S002,G008,OCCUPIED,OCCUPIED,0.8321068934418939
1183.0,cctv2,C2_S003,G009,EMPTY,EMPTY,0.01
1183.0,cctv2,C2_S004,G010,OCCUPIED,OCCUPIED,0.8015825721350583
1183.0,cctv2,C2_S005,G001,EMPTY,EMPTY,0.01
1183.0,cctv2,C2_S006,G003,OCCUPIED,OCCUPIED,0.8176861665465616
1183.0,cctv2,C2_S007,G004,OCCUPIED,OCCUPIED,0.7941757299683312
1183.0,cctv2,C2_S008,G006,OCCUPIED,OCCUPIED,0.7580412868749012
1183.0,cctv2,C2_S009,G005,OCCUPIED,OCCUPIED,0.785531405156309
1183.0,cctv2,C2_S010,G002,EMPTY,EMPTY,0.01
1183.0,cctv2,C2_S011,G017,OCCUPIED,OCCUPIED,0.8045124555175955
1183.0,cctv2,C2_S012,G018,OCCUPIED,OCCUPIED,0.7540526835755869
1183.0,cctv2,C2_S013,G019,OCCUPIED,OCCUPIED,0.8139175759120422
1183.0,cctv2,C2_S014,G020,EMPTY,EMPTY,0.01
1183.0,cctv3,C3_S001,G021,OCCUPIED,LEAVING,0.75864753682505
1183.0,cctv3,C3_S002,G019,EMPTY,EMPTY,0.01
1183.0,cctv3,C3_S003,G020,OCCUPIED,LEAVING,0.8006570458412171
1183.0,cctv3,C3_S004,G024,OCCUPIED,OCCUPIED,0.8277274906635285
1183.0,cctv3,C3_S005,G025,OCCUPIED,OCCUPIED,0.8283611568537625
1183.0,cctv3,C3_S006,G026,OCCUPIED,OCCUPIED,0.825287336381999
1183.0,cctv3,C3_S007,G027,EMPTY,EMPTY,0.01
1183.0,cctv3,C3_S008,G028,EMPTY,EMPTY,0.01
1183.0,cctv3,C3_S009,G029,EMPTY,EMPTY,0.01
1183.0,cctv3,C3_S010,G007,OCCUPIED,OCCUPIED,0.734439013640989
1183.0,cctv3,C3_S011,G008,OCCUPIED,OCCUPIED,0.7952005451375789
1183.0,cctv3,C3_S012,G009,OCCUPIED,OCCUPIED,0.8227484833110463
1184.0,cctv1,C1_S001,G001,OCCUPIED,OCCUPIED,0.7254596677693455
1184.0,cctv1,C1_S002,G002,EMPTY,EMPTY,0.01
1184.0,cctv1,C1_S003,G003,OCCUPIED,OCCUPIED,0.8374530407515439
1184.0,cctv1,C1_S004,G004,OCCUPIED,OCCUPIED,0.7745841807939791
1184.0,cctv1,C1_S005,G005,OCCUPIED,LEAVING,0.7503025245937435
1184.0,cctv1,C1_S006,G006,EMPTY,MANEUVERING,0.4086885425583883
1184.0,cctv2,C2_S001,G007,OCCUPIED,OCCUPIED,0.793572613325986
1184.0,cctv2,C2_S002,G008,OCCUPIED,OCCUPIED,0.8317270194942301
1184.0,cctv2,C2_S003,G009,EMPTY,EMPTY,0.01
1184.0,cctv2,C2_S004,G010,OCCUPIED,OCCUPIED,0.8003000454469161
1184.0,cctv2,C2_S005,G001,EMPTY,EMPTY,0.01
1184.0,cctv2,C2_S006,G003,OCCUPIED,OCCUPIED,0.8173788821155376
1184.0,cctv2,C2_S007,G004,OCCUPIED,OCCUPIED,0.7936125059019437
1184.0,cctv2,C2_S008,G006,OCCUPIED,OCCUPIED,0.7565410761670633
1184.0,cctv2,C2_S009,G005,OCCUPIED,OCCUPIED,0.7842464083975013
1184.0,cctv2,C2_S010,G002,EMPTY,EMPTY,0.01
1184.0,cctv2,C2_S011,G017,OCCUPIED,OCCUPIED,0.804569815776565
1184.0,cctv2,C2_S012,G018,OCCUPIED,OCCUPIED,0.7537895848805255
1184.0,cctv2,C2_S013,G019,OCCUPIED,OCCUPIED,0.812686434659091
1184.0,cctv2,C2_S014,G020,EMPTY,EMPTY,0.01
1184.0,cctv3,C3_S001,G021,OCCUPIED,LEAVING,0.7589748272841628
1184.0,cctv3,C3_S002,G019,EMPTY,EMPTY,0.01
1184.0,cctv3,C3_S003,G020,OCCUPIED,LEAVING,0.7992207318544389
1184.0,cctv3,C3_S004,G024,OCCUPIED,OCCUPIED,0.8276940296996724
1184.0,cctv3,C3_S005,G025,OCCUPIED,OCCUPIED,0.8288721631873739
1184.0,cctv3,C3_S006,G026,OCCUPIED,OCCUPIED,0.82526492042975
1184.0,cctv3,C3_S007,G027,EMPTY,EMPTY,0.01
1184.0,cctv3,C3_S008,G028,EMPTY,EMPTY,0.01
1184.0,cctv3,C3_S009,G029,EMPTY,EMPTY,0.01
1184.0,cctv3,C3_S010,G007,OCCUPIED,OCCUPIED,0.7335597274113785
1184.0,cctv3,C3_S011,G008,OCCUPIED,OCCUPIED,0.794889582829042
1184.0,cctv3,C3_S012,G009,OCCUPIED,OCCUPIED,0.822054903886535
1185.0,cctv1,C1_S001,G001,OCCUPIED,OCCUPIED,0.7249469104815613
1185.0,cctv1,C1_S002,G002,EMPTY,EMPTY,0.01
1185.0,cctv1,C1_S003,G003,OCCUPIED,OCCUPIED,0.837244546955282
1185.0,cctv1,C1_S004,G004,OCCUPIED,OCCUPIED,0.7738379748030143
1185.0,cctv1,C1_S005,G005,OCCUPIED,LEAVING,0.7495575585148552
1185.0,cctv1,C1_S006,G006,EMPTY,MANEUVERING,0.3723498552089387
1185.0,cctv2,C2_S001,G007,OCCUPIED,OCCUPIED,0.7926883922381835
1185.0,cctv2,C2_S002,G008,OCCUPIED,OCCUPIED,0.8310950853607872
1185.0,cctv2,C2_S003,G009,EMPTY,MANEUVERING,0.2267583778094161
1185.0,cctv2,C2_S004,G010,OCCUPIED,OCCUPIED,0.7990287490866401
1185.0,cctv2,C2_S005,G001,EMPTY,EMPTY,0.01
1185.0,cctv2,C2_S006,G003,OCCUPIED,OCCUPIED,0.8166750062595715
1185.0,cctv2,C2_S007,G004,OCCUPIED,OCCUPIED,0.7929774311455814
1185.0,cctv2,C2_S008,G006,OCCUPIED,OCCUPIED,0.7564958252690056
1185.0,cctv2,C2_S009,G005,OCCUPIED,OCCUPIED,0.7841667589816181
1185.0,cctv2,C2_S010,G002,EMPTY,EMPTY,0.01
1185.0,cctv2,C2_S011,G017,OCCUPIED,OCCUPIED,0.8052861061963169
1185.0,cctv2,C2_S012,G018,OCCUPIED,OCCUPIED,0.7553149323571813
1185.0,cctv2,C2_S013,G019,OCCUPIED,OCCUPIED,0.8153922267935494
1185.0,cctv2,C2_S014,G020,EMPTY,EMPTY,0.01
1185.0,cctv3,C3_S001,G021,OCCUPIED,LEAVING,0.7590931748802012
1185.0,cctv3,C3_S002,G019,EMPTY,EMPTY,0.01
1185.0,cctv3,C3_S003,G020,OCCUPIED,LEAVING,0.8001808708364314
1185.0,cctv3,C3_S004,G024,OCCUPIED,OCCUPIED,0.8278493604876779
1185.0,cctv3,C3_S005,G025,OCCUPIED,OCCUPIED,0.8290632632645695
1185.0,cctv3,C3_S006,G026,OCCUPIED,OCCUPIED,0.8253713512962515
1185.0,cctv3,C3_S007,G027,EMPTY,EMPTY,0.01
1185.0,cctv3,C3_S008,G028,EMPTY,EMPTY,0.01
1185.0,cctv3,C3_S009,G029,EMPTY,EMPTY,0.01
1185.0,cctv3,C3_S010,G007,OCCUPIED,OCCUPIED,0.7702174034985629
1185.0,cctv3,C3_S011,G008,OCCUPIED,OCCUPIED,0.7944035933776336
1185.0,cctv3,C3_S012,G009,OCCUPIED,OCCUPIED,0.8220430525866422
1186.0,cctv1,C1_S001,G001,OCCUPIED,OCCUPIED,0.7240882226011971
1186.0,cctv1,C1_S002,G002,EMPTY,EMPTY,0.01
1186.0,cctv1,C1_S003,G003,OCCUPIED,OCCUPIED,0.8371289925141768
1186.0,cctv1,C1_S004,G004,OCCUPIED,OCCUPIED,0.7742237353866751
1186.0,cctv1,C1_S005,G005,OCCUPIED,OCCUPIED,0.7487680584192277
1186.0,cctv1,C1_S006,G006,EMPTY,MANEUVERING,0.3348184748942202
1186.0,cctv2,C2_S001,G007,OCCUPIED,OCCUPIED,0.7908584539185871
1186.0,cctv2,C2_S002,G008,OCCUPIED,OCCUPIED,0.8313078918240288
1186.0,cctv2,C2_S003,G009,EMPTY,MANEUVERING,0.2267583778094161
1186.0,cctv2,C2_S004,G010,OCCUPIED,OCCUPIED,0.7991236700253054
1186.0,cctv2,C2_S005,G001,EMPTY,EMPTY,0.01
1186.0,cctv2,C2_S006,G003,OCCUPIED,OCCUPIED,0.816247417439114
1186.0,cctv2,C2_S007,G004,OCCUPIED,OCCUPIED,0.7913430165160786
1186.0,cctv2,C2_S008,G006,OCCUPIED,OCCUPIED,0.7561460062861444
1186.0,cctv2,C2_S009,G005,OCCUPIED,OCCUPIED,0.7835461616516114
1186.0,cctv2,C2_S010,G002,EMPTY,EMPTY,0.01
1186.0,cctv2,C2_S011,G017,OCCUPIED,OCCUPIED,0.8056010259823366
1186.0,cctv2,C2_S012,G018,OCCUPIED,OCCUPIED,0.7566365164789287
1186.0,cctv2,C2_S013,G019,OCCUPIED,OCCUPIED,0.8157977174628865
1186.0,cctv2,C2_S014,G020,EMPTY,EMPTY,0.01
1186.0,cctv3,C3_S001,G021,OCCUPIED,LEAVING,0.7611868995157156
1186.0,cctv3,C3_S002,G019,EMPTY,EMPTY,0.01
1186.0,cctv3,C3_S003,G020,OCCUPIED,LEAVING,0.80026570585641
1186.0,cctv3,C3_S004,G024,OCCUPIED,OCCUPIED,0.8278118981556459
1186.0,cctv3,C3_S005,G025,OCCUPIED,OCCUPIED,0.8290879899805244
1186.0,cctv3,C3_S006,G026,OCCUPIED,OCCUPIED,0.8251926210793583
1186.0,cctv3,C3_S007,G027,EMPTY,EMPTY,0.01
1186.0,cctv3,C3_S008,G028,EMPTY,EMPTY,0.01
1186.0,cctv3,C3_S009,G029,EMPTY,EMPTY,0.01
1186.0,cctv3,C3_S010,G007,OCCUPIED,OCCUPIED,0.6887605345655572
1186.0,cctv3,C3_S011,G008,OCCUPIED,OCCUPIED,0.794514470208775
1186.0,cctv3,C3_S012,G009,OCCUPIED,OCCUPIED,0.82196733138778
1187.0,cctv1,C1_S001,G001,OCCUPIED,OCCUPIED,0.7237869473343547
1187.0,cctv1,C1_S002,G002,EMPTY,EMPTY,0.01
1187.0,cctv1,C1_S003,G003,OCCUPIED,OCCUPIED,0.8370494650168853
1187.0,cctv1,C1_S004,G004,OCCUPIED,OCCUPIED,0.7739797405221246
1187.0,cctv1,C1_S005,G005,OCCUPIED,OCCUPIED,0.7503062138503249
1187.0,cctv1,C1_S006,G006,EMPTY,MANEUVERING,0.2983907053484158
1187.0,cctv2,C2_S001,G007,OCCUPIED,OCCUPIED,0.7889594743197615
1187.0,cctv2,C2_S002,G008,OCCUPIED,OCCUPIED,0.8309010828083212
1187.0,cctv2,C2_S003,G009,EMPTY,MANEUVERING,0.2267583778094161
1187.0,cctv2,C2_S004,G010,OCCUPIED,OCCUPIED,0.7979526476426558
1187.0,cctv2,C2_S005,G001,EMPTY,EMPTY,0.01
1187.0,cctv2,C2_S006,G003,OCCUPIED,OCCUPIED,0.8164228826761246
1187.0,cctv2,C2_S007,G004,OCCUPIED,OCCUPIED,0.7912479923530059
1187.0,cctv2,C2_S008,G006,OCCUPIED,OCCUPIED,0.7558416206728329
1187.0,cctv2,C2_S009,G005,OCCUPIED,OCCUPIED,0.7845111773772674
1187.0,cctv2,C2_S010,G002,EMPTY,EMPTY,0.01
1187.0,cctv2,C2_S011,G017,OCCUPIED,OCCUPIED,0.8070273979143664
1187.0,cctv2,C2_S012,G018,OCCUPIED,OCCUPIED,0.7567556325684894
1187.0,cctv2,C2_S013,G019,OCCUPIED,OCCUPIED,0.8153218171813272
1187.0,cctv2,C2_S014,G020,EMPTY,EMPTY,0.01
1187.0,cctv3,C3_S001,G021,OCCUPIED,LEAVING,0.762850554693829
1187.0,cctv3,C3_S002,G019,EMPTY,EMPTY,0.01
1187.0,cctv3,C3_S003,G020,OCCUPIED,LEAVING,0.7992882828820836
1187.0,cctv3,C3_S004,G024,OCCUPIED,OCCUPIED,0.8278732752258128
1187.0,cctv3,C3_S005,G025,OCCUPIED,OCCUPIED,0.8288579019633207
1187.0,cctv3,C3_S006,G026,OCCUPIED,OCCUPIED,0.8250086784362793
1187.0,cctv3,C3_S007,G027,EMPTY,EMPTY,0.01
1187.0,cctv3,C3_S008,G028,EMPTY,EMPTY,0.01
1187.0,cctv3,C3_S009,G029,EMPTY,EMPTY,0.01
1187.0,cctv3,C3_S010,G007,OCCUPIED,OCCUPIED,0.6074978289820931
1187.0,cctv3,C3_S011,G008,OCCUPIED,OCCUPIED,0.7945737445896323
1187.0,cctv3,C3_S012,G009,OCCUPIED,OCCUPIED,0.8218998413194311
1188.0,cctv1,C1_S001,G001,OCCUPIED,OCCUPIED,0.7236690890382638
1188.0,cctv1,C1_S002,G002,EMPTY,EMPTY,0.01
1188.0,cctv1,C1_S003,G003,OCCUPIED,OCCUPIED,0.8369810987602582
1188.0,cctv1,C1_S004,G004,OCCUPIED,OCCUPIED,0.7741452238776467
1188.0,cctv1,C1_S005,G005,OCCUPIED,OCCUPIED,0.7543722346425057
1188.0,cctv1,C1_S006,G006,EMPTY,MANEUVERING,0.2612448805841532
1188.0,cctv2,C2_S001,G007,OCCUPIED,OCCUPIED,0.7890737770633265
1188.0,cctv2,C2_S002,G008,OCCUPIED,OCCUPIED,0.8303079504858364
1188.0,cctv2,C2_S003,G009,EMPTY,MANEUVERING,0.3244956093958833
1188.0,cctv2,C2_S004,G010,OCCUPIED,OCCUPIED,0.794676227325743
1188.0,cctv2,C2_S005,G001,EMPTY,EMPTY,0.01
1188.0,cctv2,C2_S006,G003,OCCUPIED,OCCUPIED,0.8164999441667037
1188.0,cctv2,C2_S007,G004,OCCUPIED,OCCUPIED,0.7917365973645991
1188.0,cctv2,C2_S008,G006,OCCUPIED,OCCUPIED,0.7562095791101456
1188.0,cctv2,C2_S009,G005,OCCUPIED,OCCUPIED,0.783805133808743
1188.0,cctv2,C2_S010,G002,EMPTY,EMPTY,0.01
1188.0,cctv2,C2_S011,G017,OCCUPIED,OCCUPIED,0.8071334638378838
1188.0,cctv2,C2_S012,G018,OCCUPIED,OCCUPIED,0.7569047715176236
1188.0,cctv2,C2_S013,G019,OCCUPIED,OCCUPIED,0.8154480557550084
1188.0,cctv2,C2_S014,G020,EMPTY,EMPTY,0.01
1188.0,cctv3,C3_S001,G021,OCCUPIED,LEAVING,0.7632956152612513
1188.0,cctv3,C3_S002,G019,EMPTY,EMPTY,0.01
1188.0,cctv3,C3_S003,G020,OCCUPIED,LEAVING,0.7991076141595841
1188.0,cctv3,C3_S004,G024,OCCUPIED,OCCUPIED,0.827689495140856
1188.0,cctv3,C3_S005,G025,OCCUPIED,OCCUPIED,0.8289831976998937
1188.0,cctv3,C3_S006,G026,OCCUPIED,OCCUPIED,0.82508410459215
1188.0,cctv3,C3_S007,G027,EMPTY,EMPTY,0.01
1188.0,cctv3,C3_S008,G028,EMPTY,EMPTY,0.01
1188.0,cctv3,C3_S009,G029,EMPTY,EMPTY,0.01
1188.0,cctv3,C3_S010,G007,OCCUPIED,OCCUPIED,0.5268370466780934
1188.0,cctv3,C3_S011,G008,OCCUPIED,OCCUPIED,0.7951589627699419
1188.0,cctv3,C3_S012,G009,OCCUPIED,OCCUPIED,0.8218453445217827
1189.0,cctv1,C1_S001,G001,OCCUPIED,OCCUPIED,0.7247896946289323
1189.0,cctv1,C1_S002,G002,EMPTY,EMPTY,0.01
1189.0,cctv1,C1_S003,G003,OCCUPIED,OCCUPIED,0.8368835907090795
1189.0,cctv1,C1_S004,G004,OCCUPIED,OCCUPIED,0.775467728891156
1189.0,cctv1,C1_S005,G005,OCCUPIED,OCCUPIED,0.7397013852722718
1189.0,cctv1,C1_S006,G006,EMPTY,MANEUVERING,0.3078927828642455
1189.0,cctv2,C2_S001,G007,OCCUPIED,OCCUPIED,0.7889916356314313
1189.0,cctv2,C2_S002,G008,OCCUPIED,OCCUPIED,0.8301150834018535
1189.0,cctv2,C2_S003,G009,EMPTY,MANEUVERING,0.2794956093958833
1189.0,cctv2,C2_S004,G010,OCCUPIED,OCCUPIED,0.7950918713753874
1189.0,cctv2,C2_S005,G001,EMPTY,EMPTY,0.01
1189.0,cctv2,C2_S006,G003,OCCUPIED,OCCUPIED,0.8164163161407818
1189.0,cctv2,C2_S007,G004,OCCUPIED,OCCUPIED,0.7921113588593224
1189.0,cctv2,C2_S008,G006,OCCUPIED,OCCUPIED,0.7551663891835647
1189.0,cctv2,C2_S009,G005,OCCUPIED,OCCUPIED,0.782663011009043
1189.0,cctv2,C2_S010,G002,EMPTY,EMPTY,0.01
1189.0,cctv2,C2_S011,G017,OCCUPIED,OCCUPIED,0.8072656040841883
1189.0,cctv2,C2_S012,G018,OCCUPIED,OCCUPIED,0.7562548714605245
1189.0,cctv2,C2_S013,G019,OCCUPIED,OCCUPIED,0.8149492445317182
1189.0,cctv2,C2_S014,G020,EMPTY,EMPTY,0.01
1189.0,cctv3,C3_S001,G021,OCCUPIED,LEAVING,0.7633126720786095
1189.0,cctv3,C3_S002,G019,EMPTY,EMPTY,0.01
1189.0,cctv3,C3_S003,G020,OCCUPIED,LEAVING,0.7971538573503495
1189.0,cctv3,C3_S004,G024,OCCUPIED,OCCUPIED,0.8277873494408348
1189.0,cctv3,C3_S005,G025,OCCUPIED,OCCUPIED,0.8289590001106263
1189.0,cctv3,C3_S006,G026,OCCUPIED,OCCUPIED,0.8252105796878989
1189.0,cctv3,C3_S007,G027,EMPTY,EMPTY,0.01
1189.0,cctv3,C3_S008,G028,EMPTY,EMPTY,0.01
1189.0,cctv3,C3_S009,G029,EMPTY,EMPTY,0.01
1189.0,cctv3,C3_S010,G007,OCCUPIED,OCCUPIED,0.526500831219283
1189.0,cctv3,C3_S011,G008,OCCUPIED,OCCUPIED,0.7959130065007644
1189.0,cctv3,C3_S012,G009,OCCUPIED,OCCUPIED,0.8209249851378528
1190.0,cctv1,C1_S001,G001,OCCUPIED,OCCUPIED,0.7250671766698361
1190.0,cctv1,C1_S002,G002,EMPTY,EMPTY,0.01
1190.0,cctv1,C1_S003,G003,OCCUPIED,OCCUPIED,0.8369004406712273
1190.0,cctv1,C1_S004,G004,OCCUPIED,OCCUPIED,0.7748881270939654
1190.0,cctv1,C1_S005,G005,OCCUPIED,OCCUPIED,0.7412336909662594
1190.0,cctv1,C1_S006,G006,EMPTY,MANEUVERING,0.2703275619379499
1190.0,cctv2,C2_S001,G007,OCCUPIED,OCCUPIED,0.7877674876288935
1190.0,cctv2,C2_S002,G008,OCCUPIED,OCCUPIED,0.8293220175938174
1190.0,cctv2,C2_S003,G009,EMPTY,MANEUVERING,0.3618317957493392
1190.0,cctv2,C2_S004,G010,OCCUPIED,OCCUPIED,0.7930594941431827
1190.0,cctv2,C2_S005,G001,EMPTY,EMPTY,0.01
1190.0,cctv2,C2_S006,G003,OCCUPIED,OCCUPIED,0.8165270336649635
1190.0,cctv2,C2_S007,G004,OCCUPIED,OCCUPIED,0.7912158245390113
1190.0,cctv2,C2_S008,G006,OCCUPIED,OCCUPIED,0.7549624421379784
1190.0,cctv2,C2_S009,G005,OCCUPIED,OCCUPIED,0.7816634240475568
1190.0,cctv2,C2_S010,G002,EMPTY,EMPTY,0.01
1190.0,cctv2,C2_S011,G017,OCCUPIED,OCCUPIED,0.8063834580508146
1190.0,cctv2,C2_S012,G018,OCCUPIED,OCCUPIED,0.7554271539503878
1190.0,cctv2,C2_S013,G019,OCCUPIED,OCCUPIED,0.8142143599011682
1190.0,cctv2,C2_S014,G020,EMPTY,EMPTY,0.01
1190.0,cctv3,C3_S001,G021,OCCUPIED,LEAVING,0.7624443568966606
1190.0,cctv3,C3_S002,G019,EMPTY,EMPTY,0.01
1190.0,cctv3,C3_S003,G020,OCCUPIED,LEAVING,0.7971480597149243
1190.0,cctv3,C3_S004,G024,OCCUPIED,OCCUPIED,0.8276762198318135
1190.0,cctv3,C3_S005,G025,OCCUPIED,OCCUPIED,0.8288376472213053
1190.0,cctv3,C3_S006,G026,OCCUPIED,OCCUPIED,0.8251022184436972
1190.0,cctv3,C3_S007,G027,EMPTY,EMPTY,0.01
1190.0,cctv3,C3_S008,G028,EMPTY,EMPTY,0.01
1190.0,cctv3,C3_S009,G029,EMPTY,EMPTY,0.01
1190.0,cctv3,C3_S010,G007,OCCUPIED,OCCUPIED,0.51
1190.0,cctv3,C3_S011,G008,OCCUPIED,OCCUPIED,0.7964768913659184
1190.0,cctv3,C3_S012,G009,OCCUPIED,OCCUPIED,0.820837487415834
1191.0,cctv1,C1_S001,G001,OCCUPIED,OCCUPIED,0.7249644279479981
1191.0,cctv1,C1_S002,G002,EMPTY,EMPTY,0.01
1191.0,cctv1,C1_S003,G003,OCCUPIED,OCCUPIED,0.8367118212309751
1191.0,cctv1,C1_S004,G004,OCCUPIED,OCCUPIED,0.7764655045487665
1191.0,cctv1,C1_S005,G005,OCCUPIED,OCCUPIED,0.7320171387900006
1191.0,cctv1,C1_S006,G006,EMPTY,MANEUVERING,0.2190699068592353
1191.0,cctv2,C2_S001,G007,OCCUPIED,OCCUPIED,0.7872311327945103
1191.0,cctv2,C2_S002,G008,OCCUPIED,OCCUPIED,0.8292387927120383
1191.0,cctv2,C2_S003,G009,EMPTY,MANEUVERING,0.3618317957493392
1191.0,cctv2,C2_S004,G010,OCCUPIED,OCCUPIED,0.7923226628791202
1191.0,cctv2,C2_S005,G001,EMPTY,EMPTY,0.01
1191.0,cctv2,C2_S006,G003,OCCUPIED,OCCUPIED,0.8163590477271514
1191.0,cctv2,C2_S007,G004,OCCUPIED,OCCUPIED,0.79064002904025
1191.0,cctv2,C2_S008,G006,OCCUPIED,OCCUPIED,0.7547865843231029
1191.0,cctv2,C2_S009,G005,OCCUPIED,OCCUPIED,0.7810388099063528
1191.0,cctv2,C2_S010,G002,EMPTY,EMPTY,0.01
1191.0,cctv2,C2_S011,G017,OCCUPIED,OCCUPIED,0.8061163531108336
1191.0,cctv2,C2_S012,G018,OCCUPIED,OCCUPIED,0.7564082686196675
1191.0,cctv2,C2_S013,G019,OCCUPIED,OCCUPIED,0.8141934524882924
1191.0,cctv2,C2_S014,G020,EMPTY,EMPTY,0.01
1191.0,cctv3,C3_S001,G021,OCCUPIED,LEAVING,0.7609402179718018
1191.0,cctv3,C3_S002,G019,EMPTY,EMPTY,0.01
1191.0,cctv3,C3_S003,G020,OCCUPIED,LEAVING,0.7970498185266148
1191.0,cctv3,C3_S004,G024,OCCUPIED,OCCUPIED,0.8279095346277411
1191.0,cctv3,C3_S005,G025,OCCUPIED,OCCUPIED,0.8288874249566686
1191.0,cctv3,C3_S006,G026,OCCUPIED,OCCUPIED,0.825026376139034
1191.0,cctv3,C3_S007,G027,EMPTY,EMPTY,0.01
1191.0,cctv3,C3_S008,G028,EMPTY,EMPTY,0.01
1191.0,cctv3,C3_S009,G029,EMPTY,EMPTY,0.01
1191.0,cctv3,C3_S010,G007,OCCUPIED,LEAVING,0.5340052681658176
1191.0,cctv3,C3_S011,G008,OCCUPIED,OCCUPIED,0.7949517174200579
1191.0,cctv3,C3_S012,G009,OCCUPIED,OCCUPIED,0.8205390599640934
1192.0,cctv1,C1_S001,G001,OCCUPIED,LEAVING,0.7247977292673154
1192.0,cctv1,C1_S002,G002,EMPTY,EMPTY,0.01
1192.0,cctv1,C1_S003,G003,OCCUPIED,OCCUPIED,0.8366242999380286
1192.0,cctv1,C1_S004,G004,OCCUPIED,OCCUPIED,0.7747757770798424
1192.0,cctv1,C1_S005,G005,OCCUPIED,OCCUPIED,0.722171548225663
1192.0,cctv1,C1_S006,G006,EMPTY,MANEUVERING,0.3099362413043325
1192.0,cctv2,C2_S001,G007,OCCUPIED,OCCUPIED,0.7880419914018024
1192.0,cctv2,C2_S002,G008,OCCUPIED,OCCUPIED,0.8291194717992436
1192.0,cctv2,C2_S003,G009,EMPTY,MANEUVERING,0.3168317957493392
1192.0,cctv2,C2_S004,G010,OCCUPIED,OCCUPIED,0.79232999750159
1192.0,cctv2,C2_S005,G001,EMPTY,EMPTY,0.01
1192.0,cctv2,C2_S006,G003,OCCUPIED,OCCUPIED,0.8169494100592354
1192.0,cctv2,C2_S007,G004,OCCUPIED,OCCUPIED,0.7909109191461043
1192.0,cctv2,C2_S008,G006,OCCUPIED,OCCUPIED,0.7562975624745543
1192.0,cctv2,C2_S009,G005,OCCUPIED,OCCUPIED,0.7809870879758489
1192.0,cctv2,C2_S010,G002,EMPTY,EMPTY,0.01
1192.0,cctv2,C2_S011,G017,OCCUPIED,OCCUPIED,0.8059665184129369
1192.0,cctv2,C2_S012,G018,OCCUPIED,OCCUPIED,0.7567777624184435
1192.0,cctv2,C2_S013,G019,OCCUPIED,OCCUPIED,0.8153239084915682
1192.0,cctv2,C2_S014,G020,EMPTY,EMPTY,0.01
1192.0,cctv3,C3_S001,G021,OCCUPIED,LEAVING,0.758457840437239
1192.0,cctv3,C3_S002,G019,EMPTY,EMPTY,0.01
1192.0,cctv3,C3_S003,G020,OCCUPIED,LEAVING,0.7982346737926658
1192.0,cctv3,C3_S004,G024,OCCUPIED,OCCUPIED,0.8280330609191549
1192.0,cctv3,C3_S005,G025,OCCUPIED,OCCUPIED,0.8287766025824981
1192.0,cctv3,C3_S006,G026,OCCUPIED,OCCUPIED,0.8249437925490467
1192.0,cctv3,C3_S007,G027,EMPTY,EMPTY,0.01
1192.0,cctv3,C3_S008,G028,EMPTY,EMPTY,0.01
1192.0,cctv3,C3_S009,G029,EMPTY,EMPTY,0.01
1192.0,cctv3,C3_S010,G007,OCCUPIED,LEAVING,0.5795708413131825
1192.0,cctv3,C3_S011,G008,OCCUPIED,OCCUPIED,0.7944400039586155
1192.0,cctv3,C3_S012,G009,OCCUPIED,OCCUPIED,0.820749768614769
1193.0,cctv1,C1_S001,G001,OCCUPIED,LEAVING,0.7250860779122873
1193.0,cctv1,C1_S002,G002,EMPTY,EMPTY,0.01
1193.0,cctv1,C1_S003,G003,OCCUPIED,OCCUPIED,0.8364607778462497
1193.0,cctv1,C1_S004,G004,OCCUPIED,OCCUPIED,0.7773269614035434
1193.0,cctv1,C1_S005,G005,OCCUPIED,OCCUPIED,0.7249036089398645
1193.0,cctv1,C1_S006,G006,EMPTY,MANEUVERING,0.2649362413043326
1193.0,cctv2,C2_S001,G007,OCCUPIED,OCCUPIED,0.7891674056649208
1193.0,cctv2,C2_S002,G008,OCCUPIED,OCCUPIED,0.8285360978408294
1193.0,cctv2,C2_S003,G009,EMPTY,MANEUVERING,0.3168317957493392
1193.0,cctv2,C2_S004,G010,OCCUPIED,OCCUPIED,0.7922374970533632
1193.0,cctv2,C2_S005,G001,EMPTY,EMPTY,0.01
1193.0,cctv2,C2_S006,G003,OCCUPIED,OCCUPIED,0.816623294082555
1193.0,cctv2,C2_S007,G004,OCCUPIED,OCCUPIED,0.790302754261277
1193.0,cctv2,C2_S008,G006,OCCUPIED,OCCUPIED,0.7575390180403536
1193.0,cctv2,C2_S009,G005,OCCUPIED,OCCUPIED,0.7810530174862256
1193.0,cctv2,C2_S010,G002,EMPTY,EMPTY,0.01
1193.0,cctv2,C2_S011,G017,OCCUPIED,OCCUPIED,0.8059581515463916
1193.0,cctv2,C2_S012,G018,OCCUPIED,OCCUPIED,0.7556416502053088
1193.0,cctv2,C2_S013,G019,OCCUPIED,OCCUPIED,0.815712001377886
1193.0,cctv2,C2_S014,G020,EMPTY,EMPTY,0.01
1193.0,cctv3,C3_S001,G021,OCCUPIED,LEAVING,0.757548247684132
1193.0,cctv3,C3_S002,G019,EMPTY,EMPTY,0.01
1193.0,cctv3,C3_S003,G020,OCCUPIED,LEAVING,0.796740638667887
1193.0,cctv3,C3_S004,G024,OCCUPIED,OCCUPIED,0.8281488201834939
1193.0,cctv3,C3_S005,G025,OCCUPIED,OCCUPIED,0.8286136640743776
1193.0,cctv3,C3_S006,G026,OCCUPIED,OCCUPIED,0.8247780783609912
1193.0,cctv3,C3_S007,G027,EMPTY,EMPTY,0.01
1193.0,cctv3,C3_S008,G028,EMPTY,EMPTY,0.01
1193.0,cctv3,C3_S009,G029,EMPTY,EMPTY,0.01
1193.0,cctv3,C3_S010,G007,OCCUPIED,LEAVING,0.5810564147071404
1193.0,cctv3,C3_S011,G008,OCCUPIED,OCCUPIED,0.794335856220939
1193.0,cctv3,C3_S012,G009,OCCUPIED,OCCUPIED,0.8205346221273596
1194.0,cctv1,C1_S001,G001,OCCUPIED,LEAVING,0.7247988084500487
1194.0,cctv1,C1_S002,G002,EMPTY,EMPTY,0.01
1194.0,cctv1,C1_S003,G003,OCCUPIED,OCCUPIED,0.8364902894605291
1194.0,cctv1,C1_S004,G004,OCCUPIED,OCCUPIED,0.778729523447427
1194.0,cctv1,C1_S005,G005,OCCUPIED,OCCUPIED,0.7091884139017626
1194.0,cctv1,C1_S006,G006,EMPTY,MANEUVERING,0.3618159841163592
1194.0,cctv2,C2_S001,G007,OCCUPIED,OCCUPIED,0.7913138214837422
1194.0,cctv2,C2_S002,G008,OCCUPIED,OCCUPIED,0.827446348829703
1194.0,cctv2,C2_S003,G009,EMPTY,MANEUVERING,0.3567291949926452
1194.0,cctv2,C2_S004,G010,OCCUPIED,OCCUPIED,0.7929391190409661
1194.0,cctv2,C2_S005,G001,EMPTY,EMPTY,0.01
1194.0,cctv2,C2_S006,G003,OCCUPIED,OCCUPIED,0.8164555097168142
1194.0,cctv2,C2_S007,G004,OCCUPIED,OCCUPIED,0.7895238594575362
1194.0,cctv2,C2_S008,G006,OCCUPIED,OCCUPIED,0.7605460693890399
1194.0,cctv2,C2_S009,G005,OCCUPIED,OCCUPIED,0.7822099192575975
1194.0,cctv2,C2_S010,G002,EMPTY,EMPTY,0.01
1194.0,cctv2,C2_S011,G017,OCCUPIED,OCCUPIED,0.806049647385424
1194.0,cctv2,C2_S012,G018,OCCUPIED,OCCUPIED,0.7561481175097553
1194.0,cctv2,C2_S013,G019,OCCUPIED,OCCUPIED,0.8163593191992153
1194.0,cctv2,C2_S014,G020,EMPTY,EMPTY,0.01
1194.0,cctv3,C3_S001,G021,OCCUPIED,LEAVING,0.7583459390835329
1194.0,cctv3,C3_S002,G019,EMPTY,EMPTY,0.01
1194.0,cctv3,C3_S003,G020,OCCUPIED,LEAVING,0.7968489999120887
1194.0,cctv3,C3_S004,G024,OCCUPIED,OCCUPIED,0.8283028293739666
1194.0,cctv3,C3_S005,G025,OCCUPIED,OCCUPIED,0.8286837770180269
1194.0,cctv3,C3_S006,G026,OCCUPIED,OCCUPIED,0.8246890135786751
1194.0,cctv3,C3_S007,G027,EMPTY,EMPTY,0.01
1194.0,cctv3,C3_S008,G028,EMPTY,EMPTY,0.01
1194.0,cctv3,C3_S009,G029,EMPTY,EMPTY,0.01
1194.0,cctv3,C3_S010,G007,OCCUPIED,LEAVING,0.6248188185614425
1194.0,cctv3,C3_S011,G008,OCCUPIED,OCCUPIED,0.7944745012305
1194.0,cctv3,C3_S012,G009,OCCUPIED,OCCUPIED,0.8205264462666079
1195.0,cctv1,C1_S001,G001,OCCUPIED,LEAVING,0.7249292999505997
1195.0,cctv1,C1_S002,G002,EMPTY,EMPTY,0.01
1195.0,cctv1,C1_S003,G003,OCCUPIED,OCCUPIED,0.8366594019261274
1195.0,cctv1,C1_S004,G004,OCCUPIED,OCCUPIED,0.7801916996186431
1195.0,cctv1,C1_S005,G005,OCCUPIED,OCCUPIED,0.6960615910725161
1195.0,cctv1,C1_S006,G006,EMPTY,MANEUVERING,0.4105998756939715
1195.0,cctv2,C2_S001,G007,OCCUPIED,OCCUPIED,0.7924033177169887
1195.0,cctv2,C2_S002,G008,OCCUPIED,OCCUPIED,0.827543687007644
1195.0,cctv2,C2_S003,G009,EMPTY,MANEUVERING,0.3567291949926452
1195.0,cctv2,C2_S004,G010,OCCUPIED,OCCUPIED,0.7937984329732982
1195.0,cctv2,C2_S005,G001,EMPTY,EMPTY,0.01
1195.0,cctv2,C2_S006,G003,OCCUPIED,OCCUPIED,0.8166921236298301
1195.0,cctv2,C2_S007,G004,OCCUPIED,OCCUPIED,0.7903044269843535
1195.0,cctv2,C2_S008,G006,OCCUPIED,OCCUPIED,0.7631811637770046
1195.0,cctv2,C2_S009,G005,OCCUPIED,OCCUPIED,0.7838859845291485
1195.0,cctv2,C2_S010,G002,EMPTY,EMPTY,0.01
1195.0,cctv2,C2_S011,G017,OCCUPIED,OCCUPIED,0.8056086580861699
1195.0,cctv2,C2_S012,G018,OCCUPIED,OCCUPIED,0.7568163354288449
1195.0,cctv2,C2_S013,G019,OCCUPIED,OCCUPIED,0.8164854512973265
1195.0,cctv2,C2_S014,G020,EMPTY,EMPTY,0.01
1195.0,cctv3,C3_S001,G021,OCCUPIED,LEAVING,0.7574199389327657
1195.0,cctv3,C3_S002,G019,EMPTY,EMPTY,0.01
1195.0,cctv3,C3_S003,G020,OCCUPIED,LEAVING,0.7965449707074599
1195.0,cctv3,C3_S004,G024,OCCUPIED,OCCUPIED,0.8283185048536821
1195.0,cctv3,C3_S005,G025,OCCUPIED,OCCUPIED,0.828617948293686
1195.0,cctv3,C3_S006,G026,OCCUPIED,OCCUPIED,0.8247829136523335
1195.0,cctv3,C3_S007,G027,EMPTY,EMPTY,0.01
1195.0,cctv3,C3_S008,G028,EMPTY,EMPTY,0.01
1195.0,cctv3,C3_S009,G029,EMPTY,EMPTY,0.01
1195.0,cctv3,C3_S010,G007,OCCUPIED,OCCUPIED,0.6243003616085301
1195.0,cctv3,C3_S011,G008,OCCUPIED,OCCUPIED,0.7936412559314208
1195.0,cctv3,C3_S012,G009,OCCUPIED,OCCUPIED,0.8209699056365274
1196.0,cctv1,C1_S001,G001,OCCUPIED,LEAVING,0.7251476628536528
1196.0,cctv1,C1_S002,G002,EMPTY,EMPTY,0.01
1196.0,cctv1,C1_S003,G003,OCCUPIED,OCCUPIED,0.8367520787499169
1196.0,cctv1,C1_S004,G004,OCCUPIED,OCCUPIED,0.7798058996146376
1196.0,cctv1,C1_S005,G005,OCCUPIED,OCCUPIED,0.7559824435548349
1196.0,cctv1,C1_S006,G006,EMPTY,MANEUVERING,0.4578294427936727
1196.0,cctv2,C2_S001,G007,OCCUPIED,OCCUPIED,0.7928290655667132
1196.0,cctv2,C2_S002,G008,OCCUPIED,OCCUPIED,0.8283907139843161
1196.0,cctv2,C2_S003,G009,EMPTY,MANEUVERING,0.3273255279931155
1196.0,cctv2,C2_S004,G010,OCCUPIED,OCCUPIED,0.7939475808631291
1196.0,cctv2,C2_S005,G001,EMPTY,EMPTY,0.01
1196.0,cctv2,C2_S006,G003,OCCUPIED,OCCUPIED,0.8173224313692614
1196.0,cctv2,C2_S007,G004,OCCUPIED,OCCUPIED,0.7910043161023748
1196.0,cctv2,C2_S008,G006,OCCUPIED,OCCUPIED,0.7657954515381293
1196.0,cctv2,C2_S009,G005,OCCUPIED,OCCUPIED,0.7844832003116609
1196.0,cctv2,C2_S010,G002,EMPTY,EMPTY,0.01
1196.0,cctv2,C2_S011,G017,OCCUPIED,OCCUPIED,0.8054943293333054
1196.0,cctv2,C2_S012,G018,OCCUPIED,OCCUPIED,0.755888958004388
1196.0,cctv2,C2_S013,G019,OCCUPIED,OCCUPIED,0.8166728726842187
1196.0,cctv2,C2_S014,G020,EMPTY,EMPTY,0.01
1196.0,cctv3,C3_S001,G021,OCCUPIED,LEAVING,0.7587074236436324
1196.0,cctv3,C3_S002,G019,EMPTY,EMPTY,0.01
1196.0,cctv3,C3_S003,G020,OCCUPIED,LEAVING,0.7960867047309876
1196.0,cctv3,C3_S004,G024,OCCUPIED,OCCUPIED,0.8282714052633806
1196.0,cctv3,C3_S005,G025,OCCUPIED,OCCUPIED,0.8285799974744971
1196.0,cctv3,C3_S006,G026,OCCUPIED,OCCUPIED,0.8249178238890389
1196.0,cctv3,C3_S007,G027,EMPTY,EMPTY,0.01
1196.0,cctv3,C3_S008,G028,EMPTY,EMPTY,0.01
1196.0,cctv3,C3_S009,G029,EMPTY,EMPTY,0.01
1196.0,cctv3,C3_S010,G007,OCCUPIED,OCCUPIED,0.62315870552481
1196.0,cctv3,C3_S011,G008,OCCUPIED,OCCUPIED,0.792014588822018
1196.0,cctv3,C3_S012,G009,OCCUPIED,OCCUPIED,0.8208496077494188
1197.0,cctv1,C1_S001,G001,OCCUPIED,LEAVING,0.7260839433832603
1197.0,cctv1,C1_S002,G002,EMPTY,EMPTY,0.01
1197.0,cctv1,C1_S003,G003,OCCUPIED,OCCUPIED,0.8367172100327233
1197.0,cctv1,C1_S004,G004,OCCUPIED,OCCUPIED,0.7800865281711926
1197.0,cctv1,C1_S005,G005,OCCUPIED,OCCUPIED,0.7590453384952113
1197.0,cctv1,C1_S006,G006,EMPTY,MANEUVERING,0.4578294427936727
1197.0,cctv2,C2_S001,G007,OCCUPIED,OCCUPIED,0.79439439014955
1197.0,cctv2,C2_S002,G008,OCCUPIED,OCCUPIED,0.8290108447725123
1197.0,cctv2,C2_S003,G009,EMPTY,MANEUVERING,0.3273255279931155
1197.0,cctv2,C2_S004,G010,OCCUPIED,OCCUPIED,0.7930884660644966
1197.0,cctv2,C2_S005,G001,EMPTY,EMPTY,0.01
1197.0,cctv2,C2_S006,G003,OCCUPIED,OCCUPIED,0.8176933467388153
1197.0,cctv2,C2_S007,G004,OCCUPIED,OCCUPIED,0.791162368926135
1197.0,cctv2,C2_S008,G006,OCCUPIED,OCCUPIED,0.7668372930450873
1197.0,cctv2,C2_S009,G005,OCCUPIED,OCCUPIED,0.7848018483682113
1197.0,cctv2,C2_S010,G002,EMPTY,EMPTY,0.01
1197.0,cctv2,C2_S011,G017,OCCUPIED,OCCUPIED,0.8048655658960343
1197.0,cctv2,C2_S012,G018,OCCUPIED,OCCUPIED,0.7548688212578948
1197.0,cctv2,C2_S013,G019,OCCUPIED,OCCUPIED,0.8124560329047117
1197.0,cctv2,C2_S014,G020,EMPTY,EMPTY,0.01
1197.0,cctv3,C3_S001,G021,OCCUPIED,LEAVING,0.7578223397785968
1197.0,cctv3,C3_S002,G019,EMPTY,EMPTY,0.01
1197.0,cctv3,C3_S003,G020,OCCUPIED,LEAVING,0.7940102555535057
1197.0,cctv3,C3_S004,G024,OCCUPIED,OCCUPIED,0.8283942374316129
1197.0,cctv3,C3_S005,G025,OCCUPIED,OCCUPIED,0.8288344432007183
1197.0,cctv3,C3_S006,G026,OCCUPIED,OCCUPIED,0.8251945408907804
1197.0,cctv3,C3_S007,G027,EMPTY,EMPTY,0.01
1197.0,cctv3,C3_S008,G028,EMPTY,EMPTY,0.01
1197.0,cctv3,C3_S009,G029,EMPTY,EMPTY,0.01
1197.0,cctv3,C3_S010,G007,OCCUPIED,OCCUPIED,0.6588685761121187
1197.0,cctv3,C3_S011,G008,OCCUPIED,OCCUPIED,0.791778973015872
1197.0,cctv3,C3_S012,G009,OCCUPIED,OCCUPIED,0.8211965701796793
1198.0,cctv1,C1_S001,G001,OCCUPIED,OCCUPIED,0.7255485135045919
1198.0,cctv1,C1_S002,G002,EMPTY,EMPTY,0.01
1198.0,cctv1,C1_S003,G003,OCCUPIED,OCCUPIED,0.8366446075114338
1198.0,cctv1,C1_S004,G004,OCCUPIED,OCCUPIED,0.7794482957233083
1198.0,cctv1,C1_S005,G005,OCCUPIED,OCCUPIED,0.7573929644443773
1198.0,cctv1,C1_S006,G006,EMPTY,MANEUVERING,0.4128294427936727
1198.0,cctv2,C2_S001,G007,OCCUPIED,OCCUPIED,0.794669948111881
1198.0,cctv2,C2_S002,G008,OCCUPIED,OCCUPIED,0.8291863685304469
1198.0,cctv2,C2_S003,G009,EMPTY,MANEUVERING,0.2823255279931155
1198.0,cctv2,C2_S004,G010,OCCUPIED,OCCUPIED,0.7922261521220207
1198.0,cctv2,C2_S005,G001,EMPTY,EMPTY,0.01
1198.0,cctv2,C2_S006,G003,OCCUPIED,OCCUPIED,0.8178237882527439
1198.0,cctv2,C2_S007,G004,OCCUPIED,OCCUPIED,0.7905818592418324
1198.0,cctv2,C2_S008,G006,OCCUPIED,OCCUPIED,0.7674011864445427
1198.0,cctv2,C2_S009,G005,OCCUPIED,OCCUPIED,0.7838727157224309
1198.0,cctv2,C2_S010,G002,EMPTY,EMPTY,0.01
1198.0,cctv2,C2_S011,G017,OCCUPIED,OCCUPIED,0.803450421853499
1198.0,cctv2,C2_S012,G018,OCCUPIED,OCCUPIED,0.7533209785819054
1198.0,cctv2,C2_S013,G019,OCCUPIED,OCCUPIED,0.8093470291657882
1198.0,cctv2,C2_S014,G020,EMPTY,EMPTY,0.01
1198.0,cctv3,C3_S001,G021,OCCUPIED,LEAVING,0.7555572918870233
1198.0,cctv3,C3_S002,G019,EMPTY,EMPTY,0.01
1198.0,cctv3,C3_S003,G020,OCCUPIED,LEAVING,0.795631244507703
1198.0,cctv3,C3_S004,G024,OCCUPIED,OCCUPIED,0.8286180125041442
1198.0,cctv3,C3_S005,G025,OCCUPIED,OCCUPIED,0.8289867309006779
1198.0,cctv3,C3_S006,G026,OCCUPIED,OCCUPIED,0.8253716284578497
1198.0,cctv3,C3_S007,G027,EMPTY,EMPTY,0.01
1198.0,cctv3,C3_S008,G028,EMPTY,EMPTY,0.01
1198.0,cctv3,C3_S009,G029,EMPTY,EMPTY,0.01
1198.0,cctv3,C3_S010,G007,OCCUPIED,OCCUPIED,0.695141970298507
1198.0,cctv3,C3_S011,G008,OCCUPIED,OCCUPIED,0.789184622195634
1198.0,cctv3,C3_S012,G009,OCCUPIED,OCCUPIED,0.8212920129299164
1199.0,cctv1,C1_S001,G001,OCCUPIED,OCCUPIED,0.7253295688466593
1199.0,cctv1,C1_S002,G002,EMPTY,EMPTY,0.01
1199.0,cctv1,C1_S003,G003,OCCUPIED,OCCUPIED,0.8366458169438623
1199.0,cctv1,C1_S004,G004,OCCUPIED,OCCUPIED,0.779542507908561
1199.0,cctv1,C1_S005,G005,OCCUPIED,OCCUPIED,0.754291023043069
1199.0,cctv1,C1_S006,G006,EMPTY,MANEUVERING,0.4826169703610532
1199.0,cctv2,C2_S001,G007,OCCUPIED,OCCUPIED,0.7937811607664282
1199.0,cctv2,C2_S002,G008,OCCUPIED,OCCUPIED,0.8297627533024008
1199.0,cctv2,C2_S003,G009,EMPTY,MANEUVERING,0.2435082351348617
1199.0,cctv2,C2_S004,G010,OCCUPIED,OCCUPIED,0.7956403770230034
1199.0,cctv2,C2_S005,G001,EMPTY,EMPTY,0.01
1199.0,cctv2,C2_S006,G003,OCCUPIED,OCCUPIED,0.8174622402949767
1199.0,cctv2,C2_S007,G004,OCCUPIED,OCCUPIED,0.7897975382479755
1199.0,cctv2,C2_S008,G006,OCCUPIED,OCCUPIED,0.7672118224880913
1199.0,cctv2,C2_S009,G005,OCCUPIED,OCCUPIED,0.7850938872857528
1199.0,cctv2,C2_S010,G002,EMPTY,EMPTY,0.01
1199.0,cctv2,C2_S011,G017,OCCUPIED,OCCUPIED,0.8024099149487236
1199.0,cctv2,C2_S012,G018,OCCUPIED,OCCUPIED,0.752407746965235
1199.0,cctv2,C2_S013,G019,OCCUPIED,OCCUPIED,0.8087829565460032
1199.0,cctv2,C2_S014,G020,EMPTY,EMPTY,0.01
1199.0,cctv3,C3_S001,G021,OCCUPIED,LEAVING,0.7575353897430681
1199.0,cctv3,C3_S002,G019,EMPTY,EMPTY,0.01
1199.0,cctv3,C3_S003,G020,OCCUPIED,LEAVING,0.7967763973907992
1199.0,cctv3,C3_S004,G024,OCCUPIED,OCCUPIED,0.8288180841640993
1199.0,cctv3,C3_S005,G025,OCCUPIED,OCCUPIED,0.8291081756353379
1199.0,cctv3,C3_S006,G026,OCCUPIED,OCCUPIED,0.8255358999425715
1199.0,cctv3,C3_S007,G027,EMPTY,EMPTY,0.01
1199.0,cctv3,C3_S008,G028,EMPTY,EMPTY,0.01
1199.0,cctv3,C3_S009,G029,EMPTY,EMPTY,0.01
1199.0,cctv3,C3_S010,G007,OCCUPIED,OCCUPIED,0.7306242785264145
1199.0,cctv3,C3_S011,G008,OCCUPIED,OCCUPIED,0.7856299202550542
1199.0,cctv3,C3_S012,G009,OCCUPIED,OCCUPIED,0.8214452597227964
1200.0,cctv1,C1_S001,G001,OCCUPIED,OCCUPIED,0.7238944534212352
1200.0,cctv1,C1_S002,G002,EMPTY,EMPTY,0.01
1200.0,cctv1,C1_S003,G003,OCCUPIED,OCCUPIED,0.8366332959045064
1200.0,cctv1,C1_S004,G004,OCCUPIED,OCCUPIED,0.7794154150919481
1200.0,cctv1,C1_S005,G005,OCCUPIED,OCCUPIED,0.7556064462119884
1200.0,cctv1,C1_S006,G006,EMPTY,MANEUVERING,0.4829178149069285
1200.0,cctv2,C2_S001,G007,OCCUPIED,OCCUPIED,0.7931169117038901
1200.0,cctv2,C2_S002,G008,OCCUPIED,OCCUPIED,0.8291621563109486
1200.0,cctv2,C2_S003,G009,EMPTY,MANEUVERING,0.324047822383317
1200.0,cctv2,C2_S004,G010,OCCUPIED,OCCUPIED,0.793485669114373
1200.0,cctv2,C2_S005,G001,EMPTY,EMPTY,0.01
1200.0,cctv2,C2_S006,G003,OCCUPIED,OCCUPIED,0.8175299473784188
1200.0,cctv2,C2_S007,G004,OCCUPIED,OCCUPIED,0.7899605011398143
1200.0,cctv2,C2_S008,G006,OCCUPIED,OCCUPIED,0.7677847333929756
1200.0,cctv2,C2_S009,G005,OCCUPIED,OCCUPIED,0.7858217648484491
1200.0,cctv2,C2_S010,G002,EMPTY,EMPTY,0.01
1200.0,cctv2,C2_S011,G017,OCCUPIED,OCCUPIED,0.8020993127064272
1200.0,cctv2,C2_S012,G018,OCCUPIED,OCCUPIED,0.7511556917970832
1200.0,cctv2,C2_S013,G019,OCCUPIED,OCCUPIED,0.8088788869706067
1200.0,cctv2,C2_S014,G020,EMPTY,EMPTY,0.01
1200.0,cctv3,C3_S001,G021,OCCUPIED,LEAVING,0.7564092833887448
1200.0,cctv3,C3_S002,G019,EMPTY,EMPTY,0.01
1200.0,cctv3,C3_S003,G020,OCCUPIED,LEAVING,0.7977874853394249
1200.0,cctv3,C3_S004,G024,OCCUPIED,OCCUPIED,0.8288143575191498
1200.0,cctv3,C3_S005,G025,OCCUPIED,OCCUPIED,0.828759264945984
1200.0,cctv3,C3_S006,G026,OCCUPIED,OCCUPIED,0.8253671069036831
1200.0,cctv3,C3_S007,G027,EMPTY,EMPTY,0.01
1200.0,cctv3,C3_S008,G028,EMPTY,EMPTY,0.01
1200.0,cctv3,C3_S009,G029,EMPTY,EMPTY,0.01
1200.0,cctv3,C3_S010,G007,OCCUPIED,OCCUPIED,0.6491095314242623
1200.0,cctv3,C3_S011,G008,OCCUPIED,OCCUPIED,0.7856372573158958
1200.0,cctv3,C3_S012,G009,OCCUPIED,OCCUPIED,0.8223736047744752
1201.0,cctv1,C1_S001,G001,OCCUPIED,OCCUPIED,0.7234747825021094
1201.0,cctv1,C1_S002,G002,EMPTY,EMPTY,0.01
1201.0,cctv1,C1_S003,G003,OCCUPIED,OCCUPIED,0.8365467272021554
1201.0,cctv1,C1_S004,G004,OCCUPIED,OCCUPIED,0.7814612643285231
1201.0,cctv1,C1_S005,G005,OCCUPIED,OCCUPIED,0.7563210586255248
1201.0,cctv1,C1_S006,G006,EMPTY,MANEUVERING,0.4829178149069285
1201.0,cctv2,C2_S001,G007,OCCUPIED,OCCUPIED,0.7935851042920894
1201.0,cctv2,C2_S002,G008,OCCUPIED,OCCUPIED,0.8291445545174859
1201.0,cctv2,C2_S003,G009,EMPTY,MANEUVERING,0.2903196493468501
1201.0,cctv2,C2_S004,G010,OCCUPIED,OCCUPIED,0.7943409377878363
1201.0,cctv2,C2_S005,G001,EMPTY,EMPTY,0.01
1201.0,cctv2,C2_S006,G003,OCCUPIED,OCCUPIED,0.8178915530443192
1201.0,cctv2,C2_S007,G004,OCCUPIED,OCCUPIED,0.7903699175878005
1201.0,cctv2,C2_S008,G006,OCCUPIED,OCCUPIED,0.7686831283298406
1201.0,cctv2,C2_S009,G005,OCCUPIED,OCCUPIED,0.7856802035461773
1201.0,cctv2,C2_S010,G002,EMPTY,EMPTY,0.01
1201.0,cctv2,C2_S011,G017,OCCUPIED,OCCUPIED,0.8017113425514916
1201.0,cctv2,C2_S012,G018,OCCUPIED,OCCUPIED,0.7510226733305239
1201.0,cctv2,C2_S013,G019,OCCUPIED,OCCUPIED,0.8087823323228143
1201.0,cctv2,C2_S014,G020,EMPTY,EMPTY,0.01
1201.0,cctv3,C3_S001,G021,OCCUPIED,LEAVING,0.7573563518849287
1201.0,cctv3,C3_S002,G019,EMPTY,EMPTY,0.01
1201.0,cctv3,C3_S003,G020,OCCUPIED,LEAVING,0.7979871034622193
1201.0,cctv3,C3_S004,G024,OCCUPIED,OCCUPIED,0.8288463977250187
1201.0,cctv3,C3_S005,G025,OCCUPIED,OCCUPIED,0.8287497991865332
1201.0,cctv3,C3_S006,G026,OCCUPIED,OCCUPIED,0.8254401044412093
1201.0,cctv3,C3_S007,G027,EMPTY,EMPTY,0.01
1201.0,cctv3,C3_S008,G028,EMPTY,EMPTY,0.01
1201.0,cctv3,C3_S009,G029,EMPTY,EMPTY,0.01
1201.0,cctv3,C3_S010,G007,OCCUPIED,OCCUPIED,0.6041095314242624
1201.0,cctv3,C3_S011,G008,OCCUPIED,OCCUPIED,0.7842531472444535
1201.0,cctv3,C3_S012,G009,OCCUPIED,OCCUPIED,0.8228056980804964
1202.0,cctv1,C1_S001,G001,OCCUPIED,OCCUPIED,0.7236494698985058
1202.0,cctv1,C1_S002,G002,EMPTY,EMPTY,0.01
1202.0,cctv1,C1_S003,G003,OCCUPIED,OCCUPIED,0.8365248891440306
1202.0,cctv1,C1_S004,G004,OCCUPIED,OCCUPIED,0.7815270938656548
1202.0,cctv1,C1_S005,G005,OCCUPIED,OCCUPIED,0.757379387183623
1202.0,cctv1,C1_S006,G006,EMPTY,MANEUVERING,0.49
1202.0,cctv2,C2_S001,G007,OCCUPIED,OCCUPIED,0.7943955329331486
1202.0,cctv2,C2_S002,G008,OCCUPIED,OCCUPIED,0.8291097337549383
1202.0,cctv2,C2_S003,G009,EMPTY,MANEUVERING,0.2903196493468501
1202.0,cctv2,C2_S004,G010,OCCUPIED,OCCUPIED,0.7948558203198693
1202.0,cctv2,C2_S005,G001,EMPTY,EMPTY,0.01
1202.0,cctv2,C2_S006,G003,OCCUPIED,OCCUPIED,0.8178298354148865
1202.0,cctv2,C2_S007,G004,OCCUPIED,OCCUPIED,0.7904093745079908
1202.0,cctv2,C2_S008,G006,OCCUPIED,OCCUPIED,0.7677631558342414
1202.0,cctv2,C2_S009,G005,OCCUPIED,OCCUPIED,0.78669118095528
1202.0,cctv2,C2_S010,G002,EMPTY,EMPTY,0.01
1202.0,cctv2,C2_S011,G017,OCCUPIED,OCCUPIED,0.8017904010686008
1202.0,cctv2,C2_S012,G018,OCCUPIED,OCCUPIED,0.7513449289581993
1202.0,cctv2,C2_S013,G019,OCCUPIED,OCCUPIED,0.8092338301918724
1202.0,cctv2,C2_S014,G020,EMPTY,EMPTY,0.01
1202.0,cctv3,C3_S001,G021,OCCUPIED,LEAVING,0.7589072815396569
1202.0,cctv3,C3_S002,G019,EMPTY,EMPTY,0.01
1202.0,cctv3,C3_S003,G020,OCCUPIED,LEAVING,0.7996221008625898
1202.0,cctv3,C3_S004,G024,OCCUPIED,OCCUPIED,0.8288465521552346
1202.0,cctv3,C3_S005,G025,OCCUPIED,OCCUPIED,0.8288486377759414
1202.0,cctv3,C3_S006,G026,OCCUPIED,OCCUPIED,0.8253957919099115
1202.0,cctv3,C3_S007,G027,EMPTY,EMPTY,0.01
1202.0,cctv3,C3_S008,G028,EMPTY,EMPTY,0.01
1202.0,cctv3,C3_S009,G029,EMPTY,EMPTY,0.01
1202.0,cctv3,C3_S010,G007,OCCUPIED,OCCUPIED,0.6040684101798318
1202.0,cctv3,C3_S011,G008,OCCUPIED,OCCUPIED,0.7829012419689786
1202.0,cctv3,C3_S012,G009,OCCUPIED,OCCUPIED,0.8229209818623283
1203.0,cctv1,C1_S001,G001,OCCUPIED,OCCUPIED,0.7233952714638278
1203.0,cctv1,C1_S002,G002,EMPTY,EMPTY,0.01
1203.0,cctv1,C1_S003,G003,OCCUPIED,OCCUPIED,0.8365420374003324
1203.0,cctv1,C1_S004,G004,OCCUPIED,OCCUPIED,0.7820539252324539
1203.0,cctv1,C1_S005,G005,OCCUPIED,OCCUPIED,0.7585862138054589
1203.0,cctv1,C1_S006,G006,EMPTY,MANEUVERING,0.4613501508330757
1203.0,cctv2,C2_S001,G007,OCCUPIED,OCCUPIED,0.7937628624114124
1203.0,cctv2,C2_S002,G008,OCCUPIED,OCCUPIED,0.8292061518539082
1203.0,cctv2,C2_S003,G009,EMPTY,MANEUVERING,0.2903196493468501
1203.0,cctv2,C2_S004,G010,OCCUPIED,OCCUPIED,0.795685040679845
1203.0,cctv2,C2_S005,G001,EMPTY,EMPTY,0.01
1203.0,cctv2,C2_S006,G003,OCCUPIED,OCCUPIED,0.8177165689793501
1203.0,cctv2,C2_S007,G004,OCCUPIED,OCCUPIED,0.7896845717321743
1203.0,cctv2,C2_S008,G006,OCCUPIED,OCCUPIED,0.7680532391775738
1203.0,cctv2,C2_S009,G005,OCCUPIED,OCCUPIED,0.7869277826764367
1203.0,cctv2,C2_S010,G002,EMPTY,EMPTY,0.01
1203.0,cctv2,C2_S011,G017,OCCUPIED,OCCUPIED,0.8015164898200469
1203.0,cctv2,C2_S012,G018,OCCUPIED,OCCUPIED,0.7495156985792247
1203.0,cctv2,C2_S013,G019,OCCUPIED,OCCUPIED,0.8092319997874173
1203.0,cctv2,C2_S014,G020,EMPTY,EMPTY,0.01
1203.0,cctv3,C3_S001,G021,OCCUPIED,LEAVING,0.758000249889764
1203.0,cctv3,C3_S002,G019,EMPTY,EMPTY,0.01
1203.0,cctv3,C3_S003,G020,OCCUPIED,LEAVING,0.7989363689314236
1203.0,cctv3,C3_S004,G024,OCCUPIED,OCCUPIED,0.8286504038355568
1203.0,cctv3,C3_S005,G025,OCCUPIED,OCCUPIED,0.8287077787247572
1203.0,cctv3,C3_S006,G026,OCCUPIED,OCCUPIED,0.8256954515522177
1203.0,cctv3,C3_S007,G027,EMPTY,EMPTY,0.01
1203.0,cctv3,C3_S008,G028,EMPTY,EMPTY,0.01
1203.0,cctv3,C3_S009,G029,EMPTY,EMPTY,0.01
1203.0,cctv3,C3_S010,G007,OCCUPIED,OCCUPIED,0.6052571373997313
1203.0,cctv3,C3_S011,G008,OCCUPIED,OCCUPIED,0.7009138408709656
1203.0,cctv3,C3_S012,G009,OCCUPIED,OCCUPIED,0.8233279558745298
1204.0,cctv1,C1_S001,G001,OCCUPIED,OCCUPIED,0.7229822249913758
1204.0,cctv1,C1_S002,G002,EMPTY,EMPTY,0.01
1204.0,cctv1,C1_S003,G003,OCCUPIED,OCCUPIED,0.8367175099524585
1204.0,cctv1,C1_S004,G004,OCCUPIED,OCCUPIED,0.7787907521833074
1204.0,cctv1,C1_S005,G005,OCCUPIED,OCCUPIED,0.7560875085267155
1204.0,cctv1,C1_S006,G006,EMPTY,MANEUVERING,0.49
1204.0,cctv2,C2_S001,G007,OCCUPIED,OCCUPIED,0.7923298564824192
1204.0,cctv2,C2_S002,G008,OCCUPIED,OCCUPIED,0.8293299016627399
1204.0,cctv2,C2_S003,G009,EMPTY,MANEUVERING,0.2453196493468501
1204.0,cctv2,C2_S004,G010,OCCUPIED,OCCUPIED,0.7947750329971314
1204.0,cctv2,C2_S005,G001,EMPTY,EMPTY,0.01
1204.0,cctv2,C2_S006,G003,OCCUPIED,OCCUPIED,0.8179096254435453
1204.0,cctv2,C2_S007,G004,OCCUPIED,OCCUPIED,0.7895796477794648
1204.0,cctv2,C2_S008,G006,OCCUPIED,OCCUPIED,0.7672978275201539
1204.0,cctv2,C2_S009,G005,OCCUPIED,OCCUPIED,0.7868557287888094
1204.0,cctv2,C2_S010,G002,EMPTY,EMPTY,0.01
1204.0,cctv2,C2_S011,G017,OCCUPIED,OCCUPIED,0.8011512997475538
1204.0,cctv2,C2_S012,G018,OCCUPIED,OCCUPIED,0.7499820526350629
1204.0,cctv2,C2_S013,G019,OCCUPIED,OCCUPIED,0.8090708673000336
1204.0,cctv2,C2_S014,G020,EMPTY,EMPTY,0.01
1204.0,cctv3,C3_S001,G021,OCCUPIED,LEAVING,0.7577802270650864
1204.0,cctv3,C3_S002,G019,EMPTY,EMPTY,0.01
1204.0,cctv3,C3_S003,G020,OCCUPIED,LEAVING,0.7982056506655434
1204.0,cctv3,C3_S004,G024,OCCUPIED,OCCUPIED,0.8287184482271022
1204.0,cctv3,C3_S005,G025,OCCUPIED,OCCUPIED,0.8287590154192666
1204.0,cctv3,C3_S006,G026,OCCUPIED,OCCUPIED,0.8257604105906053
1204.0,cctv3,C3_S007,G027,EMPTY,EMPTY,0.01
1204.0,cctv3,C3_S008,G028,EMPTY,EMPTY,0.01
1204.0,cctv3,C3_S009,G029,EMPTY,EMPTY,0.01
1204.0,cctv3,C3_S010,G007,OCCUPIED,OCCUPIED,0.5687108292532239
1204.0,cctv3,C3_S011,G008,OCCUPIED,OCCUPIED,0.7011938080598008
1204.0,cctv3,C3_S012,G009,OCCUPIED,OCCUPIED,0.8237631215290591
1205.0,cctv1,C1_S001,G001,OCCUPIED,OCCUPIED,0.7249400888315657
1205.0,cctv1,C1_S002,G002,EMPTY,EMPTY,0.01
1205.0,cctv1,C1_S003,G003,OCCUPIED,OCCUPIED,0.8367542472752658
1205.0,cctv1,C1_S004,G004,OCCUPIED,OCCUPIED,0.7774086460471153
1205.0,cctv1,C1_S005,G005,OCCUPIED,OCCUPIED,0.7550843834877015
1205.0,cctv1,C1_S006,G006,EMPTY,MANEUVERING,0.49
1205.0,cctv2,C2_S001,G007,OCCUPIED,OCCUPIED,0.7916968884793195
1205.0,cctv2,C2_S002,G008,OCCUPIED,OCCUPIED,0.8293912494724448
1205.0,cctv2,C2_S003,G009,EMPTY,MANEUVERING,0.2046724514256824
1205.0,cctv2,C2_S004,G010,OCCUPIED,OCCUPIED,0.7923919276757674
1205.0,cctv2,C2_S005,G001,EMPTY,EMPTY,0.01
1205.0,cctv2,C2_S006,G003,OCCUPIED,OCCUPIED,0.81790224367922
1205.0,cctv2,C2_S007,G004,OCCUPIED,OCCUPIED,0.7896165736696937
1205.0,cctv2,C2_S008,G006,OCCUPIED,OCCUPIED,0.7655923412604766
1205.0,cctv2,C2_S009,G005,OCCUPIED,OCCUPIED,0.7870666999708523
1205.0,cctv2,C2_S010,G002,EMPTY,EMPTY,0.01
1205.0,cctv2,C2_S011,G017,OCCUPIED,OCCUPIED,0.8007026864723726
1205.0,cctv2,C2_S012,G018,OCCUPIED,OCCUPIED,0.7497475275939162
1205.0,cctv2,C2_S013,G019,OCCUPIED,OCCUPIED,0.8091698245568709
1205.0,cctv2,C2_S014,G020,EMPTY,EMPTY,0.01
1205.0,cctv3,C3_S001,G021,OCCUPIED,LEAVING,0.7564236701889472
1205.0,cctv3,C3_S002,G019,EMPTY,EMPTY,0.01
1205.0,cctv3,C3_S003,G020,OCCUPIED,LEAVING,0.7968394577503205
1205.0,cctv3,C3_S004,G024,OCCUPIED,OCCUPIED,0.8288252285935662
1205.0,cctv3,C3_S005,G025,OCCUPIED,OCCUPIED,0.8284955200823871
1205.0,cctv3,C3_S006,G026,OCCUPIED,OCCUPIED,0.8256013913588092
1205.0,cctv3,C3_S007,G027,EMPTY,EMPTY,0.01
1205.0,cctv3,C3_S008,G028,EMPTY,EMPTY,0.01
1205.0,cctv3,C3_S009,G029,EMPTY,EMPTY,0.01
1205.0,cctv3,C3_S010,G007,OCCUPIED,OCCUPIED,0.5318680118585563
1205.0,cctv3,C3_S011,G008,OCCUPIED,OCCUPIED,0.6996356216479431
1205.0,cctv3,C3_S012,G009,OCCUPIED,OCCUPIED,0.8232780529694125
1206.0,cctv1,C1_S001,G001,OCCUPIED,OCCUPIED,0.7254748449068178
1206.0,cctv1,C1_S002,G002,EMPTY,EMPTY,0.01
1206.0,cctv1,C1_S003,G003,OCCUPIED,OCCUPIED,0.8358636774800041
1206.0,cctv1,C1_S004,G004,OCCUPIED,OCCUPIED,0.7748496946963398
1206.0,cctv1,C1_S005,G005,OCCUPIED,OCCUPIED,0.753775208646601
1206.0,cctv1,C1_S006,G006,EMPTY,MANEUVERING,0.49
1206.0,cctv2,C2_S001,G007,OCCUPIED,OCCUPIED,0.7916159532286905
1206.0,cctv2,C2_S002,G008,OCCUPIED,OCCUPIED,0.8295213756236164
1206.0,cctv2,C2_S003,G009,EMPTY,MANEUVERING,0.2046724514256824
1206.0,cctv2,C2_S004,G010,OCCUPIED,OCCUPIED,0.7898952129212293
1206.0,cctv2,C2_S005,G001,EMPTY,EMPTY,0.01
1206.0,cctv2,C2_S006,G003,OCCUPIED,OCCUPIED,0.8180882256139409
1206.0,cctv2,C2_S007,G004,OCCUPIED,OCCUPIED,0.7902477502822877
1206.0,cctv2,C2_S008,G006,OCCUPIED,OCCUPIED,0.7646623726595533
1206.0,cctv2,C2_S009,G005,OCCUPIED,OCCUPIED,0.7864320307970047
1206.0,cctv2,C2_S010,G002,EMPTY,EMPTY,0.01
1206.0,cctv2,C2_S011,G017,OCCUPIED,OCCUPIED,0.800212913480672
1206.0,cctv2,C2_S012,G018,OCCUPIED,OCCUPIED,0.7500776729800485
1206.0,cctv2,C2_S013,G019,OCCUPIED,OCCUPIED,0.8098868391730569
1206.0,cctv2,C2_S014,G020,EMPTY,EMPTY,0.01
1206.0,cctv3,C3_S001,G021,OCCUPIED,LEAVING,0.7555104076862336
1206.0,cctv3,C3_S002,G019,EMPTY,EMPTY,0.01
1206.0,cctv3,C3_S003,G020,OCCUPIED,LEAVING,0.7955708712339402
1206.0,cctv3,C3_S004,G024,OCCUPIED,OCCUPIED,0.8287693703716452
1206.0,cctv3,C3_S005,G025,OCCUPIED,OCCUPIED,0.8278009620579807
1206.0,cctv3,C3_S006,G026,OCCUPIED,OCCUPIED,0.8255348725752398
1206.0,cctv3,C3_S007,G027,EMPTY,EMPTY,0.01
1206.0,cctv3,C3_S008,G028,EMPTY,EMPTY,0.01
1206.0,cctv3,C3_S009,G029,EMPTY,EMPTY,0.01
1206.0,cctv3,C3_S010,G007,OCCUPIED,OCCUPIED,0.5327071984247729
1206.0,cctv3,C3_S011,G008,OCCUPIED,OCCUPIED,0.7005774891782891
1206.0,cctv3,C3_S012,G009,OCCUPIED,OCCUPIED,0.8233699633316561
1207.0,cctv1,C1_S001,G001,OCCUPIED,OCCUPIED,0.7251248410140927
1207.0,cctv1,C1_S002,G002,EMPTY,EMPTY,0.01
1207.0,cctv1,C1_S003,G003,OCCUPIED,OCCUPIED,0.8357789733193138
1207.0,cctv1,C1_S004,G004,OCCUPIED,OCCUPIED,0.77614931111986
1207.0,cctv1,C1_S005,G005,OCCUPIED,OCCUPIED,0.7570921689271928
1207.0,cctv1,C1_S006,G006,EMPTY,MANEUVERING,0.49
1207.0,cctv2,C2_S001,G007,OCCUPIED,OCCUPIED,0.7922835298559883
1207.0,cctv2,C2_S002,G008,OCCUPIED,OCCUPIED,0.8294085212729194
1207.0,cctv2,C2_S003,G009,EMPTY,MANEUVERING,0.2046724514256824
1207.0,cctv2,C2_S004,G010,OCCUPIED,OCCUPIED,0.7909748207439077
1207.0,cctv2,C2_S005,G001,EMPTY,EMPTY,0.01
1207.0,cctv2,C2_S006,G003,OCCUPIED,OCCUPIED,0.8185547471046448
1207.0,cctv2,C2_S007,G004,OCCUPIED,OCCUPIED,0.790824094414711
1207.0,cctv2,C2_S008,G006,OCCUPIED,OCCUPIED,0.763561023907228
1207.0,cctv2,C2_S009,G005,OCCUPIED,OCCUPIED,0.7859646794470875
1207.0,cctv2,C2_S010,G002,EMPTY,EMPTY,0.01
1207.0,cctv2,C2_S011,G017,OCCUPIED,OCCUPIED,0.7992866036566821
1207.0,cctv2,C2_S012,G018,OCCUPIED,OCCUPIED,0.7505675837397576
1207.0,cctv2,C2_S013,G019,OCCUPIED,OCCUPIED,0.8096809219230305
1207.0,cctv2,C2_S014,G020,EMPTY,EMPTY,0.01
1207.0,cctv3,C3_S001,G021,OCCUPIED,LEAVING,0.7553812889890238
1207.0,cctv3,C3_S002,G019,EMPTY,EMPTY,0.01
1207.0,cctv3,C3_S003,G020,OCCUPIED,LEAVING,0.7974222708832135
1207.0,cctv3,C3_S004,G024,OCCUPIED,OCCUPIED,0.8288708245212382
1207.0,cctv3,C3_S005,G025,OCCUPIED,OCCUPIED,0.8277727817947215
1207.0,cctv3,C3_S006,G026,OCCUPIED,OCCUPIED,0.8255573616786437
1207.0,cctv3,C3_S007,G027,EMPTY,EMPTY,0.01
1207.0,cctv3,C3_S008,G028,EMPTY,EMPTY,0.01
1207.0,cctv3,C3_S009,G029,EMPTY,EMPTY,0.01
1207.0,cctv3,C3_S010,G007,OCCUPIED,OCCUPIED,0.5321473524322757
1207.0,cctv3,C3_S011,G008,OCCUPIED,OCCUPIED,0.7459199920703065
1207.0,cctv3,C3_S012,G009,OCCUPIED,OCCUPIED,0.8232646354220131
1208.0,cctv1,C1_S001,G001,OCCUPIED,OCCUPIED,0.72449807561934
1208.0,cctv1,C1_S002,G002,EMPTY,EMPTY,0.01
1208.0,cctv1,C1_S003,G003,OCCUPIED,OCCUPIED,0.8360062076286836
1208.0,cctv1,C1_S004,G004,OCCUPIED,OCCUPIED,0.7746533171697096
1208.0,cctv1,C1_S005,G005,OCCUPIED,OCCUPIED,0.7578832840377635
1208.0,cctv1,C1_S006,G006,EMPTY,MANEUVERING,0.49
1208.0,cctv2,C2_S001,G007,OCCUPIED,OCCUPIED,0.7921615023504605
1208.0,cctv2,C2_S002,G008,OCCUPIED,OCCUPIED,0.8292924759062854
1208.0,cctv2,C2_S003,G009,EMPTY,MANEUVERING,0.2046724514256824
1208.0,cctv2,C2_S004,G010,OCCUPIED,OCCUPIED,0.7922435405579481
1208.0,cctv2,C2_S005,G001,EMPTY,MANEUVERING,0.3003430141102183
1208.0,cctv2,C2_S006,G003,OCCUPIED,OCCUPIED,0.8191724931651896
1208.0,cctv2,C2_S007,G004,OCCUPIED,OCCUPIED,0.7915172056718307
1208.0,cctv2,C2_S008,G006,OCCUPIED,OCCUPIED,0.7616958909414032
1208.0,cctv2,C2_S009,G005,OCCUPIED,OCCUPIED,0.7856260505589573
1208.0,cctv2,C2_S010,G002,EMPTY,EMPTY,0.01
1208.0,cctv2,C2_S011,G017,OCCUPIED,OCCUPIED,0.7991861272941937
1208.0,cctv2,C2_S012,G018,OCCUPIED,OCCUPIED,0.7520046081055295
1208.0,cctv2,C2_S013,G019,OCCUPIED,OCCUPIED,0.8142996695908634
1208.0,cctv2,C2_S014,G020,EMPTY,EMPTY,0.01
1208.0,cctv3,C3_S001,G021,OCCUPIED,LEAVING,0.7555668446150694
1208.0,cctv3,C3_S002,G019,EMPTY,EMPTY,0.01
1208.0,cctv3,C3_S003,G020,OCCUPIED,LEAVING,0.8001577664505353
1208.0,cctv3,C3_S004,G024,OCCUPIED,OCCUPIED,0.8289135968143291
1208.0,cctv3,C3_S005,G025,OCCUPIED,OCCUPIED,0.8271540067412637
1208.0,cctv3,C3_S006,G026,OCCUPIED,OCCUPIED,0.8254158637740396
1208.0,cctv3,C3_S007,G027,EMPTY,EMPTY,0.01
1208.0,cctv3,C3_S008,G028,EMPTY,EMPTY,0.01
1208.0,cctv3,C3_S009,G029,EMPTY,EMPTY,0.01
1208.0,cctv3,C3_S010,G007,OCCUPIED,OCCUPIED,0.51
1208.0,cctv3,C3_S011,G008,OCCUPIED,OCCUPIED,0.747560408752073
1208.0,cctv3,C3_S012,G009,OCCUPIED,OCCUPIED,0.8232095981186087
1209.0,cctv1,C1_S001,G001,OCCUPIED,OCCUPIED,0.7249018082225865
1209.0,cctv1,C1_S002,G002,EMPTY,EMPTY,0.01
1209.0,cctv1,C1_S003,G003,OCCUPIED,OCCUPIED,0.836273098804734
1209.0,cctv1,C1_S004,G004,OCCUPIED,OCCUPIED,0.772884221916849
1209.0,cctv1,C1_S005,G005,OCCUPIED,OCCUPIED,0.7585795623334972
1209.0,cctv1,C1_S006,G006,EMPTY,MANEUVERING,0.49
1209.0,cctv2,C2_S001,G007,OCCUPIED,OCCUPIED,0.7928623107346622
1209.0,cctv2,C2_S002,G008,OCCUPIED,OCCUPIED,0.8293775027448481
1209.0,cctv2,C2_S003,G009,EMPTY,MANEUVERING,0.2046724514256824
1209.0,cctv2,C2_S004,G010,OCCUPIED,OCCUPIED,0.7948514141819695
1209.0,cctv2,C2_S005,G001,EMPTY,MANEUVERING,0.3866790189526298
1209.0,cctv2,C2_S006,G003,OCCUPIED,OCCUPIED,0.8190707943656228
1209.0,cctv2,C2_S007,G004,OCCUPIED,OCCUPIED,0.7904980369589546
1209.0,cctv2,C2_S008,G006,OCCUPIED,OCCUPIED,0.7602201013402506
1209.0,cctv2,C2_S009,G005,OCCUPIED,OCCUPIED,0.786059933629903
1209.0,cctv2,C2_S010,G002,EMPTY,EMPTY,0.01
1209.0,cctv2,C2_S011,G017,OCCUPIED,OCCUPIED,0.7988194538788362
1209.0,cctv2,C2_S012,G018,OCCUPIED,OCCUPIED,0.753936153785749
1209.0,cctv2,C2_S013,G019,OCCUPIED,OCCUPIED,0.818073024803942
1209.0,cctv2,C2_S014,G020,EMPTY,EMPTY,0.01
1209.0,cctv3,C3_S001,G021,OCCUPIED,LEAVING,0.7576755725524643
1209.0,cctv3,C3_S002,G019,EMPTY,EMPTY,0.01
1209.0,cctv3,C3_S003,G020,OCCUPIED,LEAVING,0.8015901156447152
1209.0,cctv3,C3_S004,G024,OCCUPIED,OCCUPIED,0.8288816590200772
1209.0,cctv3,C3_S005,G025,OCCUPIED,OCCUPIED,0.8267308435656808
1209.0,cctv3,C3_S006,G026,OCCUPIED,OCCUPIED,0.8253712505102158
1209.0,cctv3,C3_S007,G027,EMPTY,EMPTY,0.01
1209.0,cctv3,C3_S008,G028,EMPTY,EMPTY,0.01
1209.0,cctv3,C3_S009,G029,EMPTY,EMPTY,0.01
1209.0,cctv3,C3_S010,G007,OCCUPIED,OCCUPIED,0.544076160097664
1209.0,cctv3,C3_S011,G008,OCCUPIED,OCCUPIED,0.7504480003226888
1209.0,cctv3,C3_S012,G009,OCCUPIED,OCCUPIED,0.8234837393869054
1210.0,cctv1,C1_S001,G001,OCCUPIED,OCCUPIED,0.725860016217286
1210.0,cctv1,C1_S002,G002,EMPTY,EMPTY,0.01
1210.0,cctv1,C1_S003,G003,OCCUPIED,OCCUPIED,0.8364719025113366
1210.0,cctv1,C1_S004,G004,OCCUPIED,OCCUPIED,0.7718388203870167
1210.0,cctv1,C1_S005,G005,OCCUPIED,OCCUPIED,0.7600877611474558
1210.0,cctv1,C1_S006,G006,EMPTY,MANEUVERING,0.49
1210.0,cctv2,C2_S001,G007,OCCUPIED,OCCUPIED,0.7939801026474347
1210.0,cctv2,C2_S002,G008,OCCUPIED,OCCUPIED,0.8290289521217347
1210.0,cctv2,C2_S003,G009,EMPTY,MANEUVERING,0.2046724514256824
1210.0,cctv2,C2_S004,G010,OCCUPIED,OCCUPIED,0.7943936293775385
1210.0,cctv2,C2_S005,G001,EMPTY,MANEUVERING,0.3866790189526298
1210.0,cctv2,C2_S006,G003,OCCUPIED,OCCUPIED,0.8198753522201019
1210.0,cctv2,C2_S007,G004,OCCUPIED,OCCUPIED,0.7905745993960989
1210.0,cctv2,C2_S008,G006,OCCUPIED,OCCUPIED,0.7599539867856286
1210.0,cctv2,C2_S009,G005,OCCUPIED,OCCUPIED,0.7852518669583581
1210.0,cctv2,C2_S010,G002,EMPTY,EMPTY,0.01
1210.0,cctv2,C2_S011,G017,OCCUPIED,OCCUPIED,0.7975547183643689
1210.0,cctv2,C2_S012,G018,OCCUPIED,OCCUPIED,0.7546346253969454
1210.0,cctv2,C2_S013,G019,OCCUPIED,OCCUPIED,0.8178462098945272
1210.0,cctv2,C2_S014,G020,EMPTY,EMPTY,0.01
1210.0,cctv3,C3_S001,G021,OCCUPIED,LEAVING,0.7550665508617055
1210.0,cctv3,C3_S002,G019,EMPTY,EMPTY,0.01
1210.0,cctv3,C3_S003,G020,OCCUPIED,LEAVING,0.8007399195974524
1210.0,cctv3,C3_S004,G024,OCCUPIED,OCCUPIED,0.8289280514825474
1210.0,cctv3,C3_S005,G025,OCCUPIED,OCCUPIED,0.826475595615127
1210.0,cctv3,C3_S006,G026,OCCUPIED,OCCUPIED,0.8249741738492793
1210.0,cctv3,C3_S007,G027,EMPTY,EMPTY,0.01
1210.0,cctv3,C3_S008,G028,EMPTY,EMPTY,0.01
1210.0,cctv3,C3_S009,G029,EMPTY,EMPTY,0.01
1210.0,cctv3,C3_S010,G007,OCCUPIED,OCCUPIED,0.51
1210.0,cctv3,C3_S011,G008,OCCUPIED,OCCUPIED,0.754881624322046
1210.0,cctv3,C3_S012,G009,OCCUPIED,OCCUPIED,0.8237175288525496
1211.0,cctv1,C1_S001,G001,OCCUPIED,OCCUPIED,0.728338486565785
1211.0,cctv1,C1_S002,G002,EMPTY,EMPTY,0.01
1211.0,cctv1,C1_S003,G003,OCCUPIED,OCCUPIED,0.8367165118455887
1211.0,cctv1,C1_S004,G004,OCCUPIED,OCCUPIED,0.7719044320962647
1211.0,cctv1,C1_S005,G005,OCCUPIED,OCCUPIED,0.7602037451483987
1211.0,cctv1,C1_S006,G006,EMPTY,MANEUVERING,0.410185073246107
1211.0,cctv2,C2_S001,G007,OCCUPIED,OCCUPIED,0.7956568774851887
1211.0,cctv2,C2_S002,G008,OCCUPIED,OCCUPIED,0.8302073018117385
1211.0,cctv2,C2_S003,G009,EMPTY,EMPTY,0.01
1211.0,cctv2,C2_S004,G010,OCCUPIED,OCCUPIED,0.7939780828627674
1211.0,cctv2,C2_S005,G001,EMPTY,MANEUVERING,0.3866790189526298
1211.0,cctv2,C2_S006,G003,OCCUPIED,OCCUPIED,0.8204270785505122
1211.0,cctv2,C2_S007,G004,OCCUPIED,OCCUPIED,0.7896331050179222
1211.0,cctv2,C2_S008,G006,OCCUPIED,OCCUPIED,0.7578777302395214
1211.0,cctv2,C2_S009,G005,OCCUPIED,OCCUPIED,0.7836691840128466
1211.0,cctv2,C2_S010,G002,EMPTY,EMPTY,0.01
1211.0,cctv2,C2_S011,G017,OCCUPIED,OCCUPIED,0.7964812446724285
1211.0,cctv2,C2_S012,G018,OCCUPIED,OCCUPIED,0.7563687775622715
1211.0,cctv2,C2_S013,G019,OCCUPIED,OCCUPIED,0.8185501954772256
1211.0,cctv2,C2_S014,G020,EMPTY,EMPTY,0.01
1211.0,cctv3,C3_S001,G021,OCCUPIED,LEAVING,0.7553835095329718
1211.0,cctv3,C3_S002,G019,EMPTY,EMPTY,0.01
1211.0,cctv3,C3_S003,G020,OCCUPIED,LEAVING,0.7997466878457503
1211.0,cctv3,C3_S004,G024,OCCUPIED,OCCUPIED,0.8289398166266355
1211.0,cctv3,C3_S005,G025,OCCUPIED,OCCUPIED,0.8250057442621752
1211.0,cctv3,C3_S006,G026,OCCUPIED,OCCUPIED,0.8248594281348316
1211.0,cctv3,C3_S007,G027,EMPTY,EMPTY,0.01
1211.0,cctv3,C3_S008,G028,EMPTY,EMPTY,0.01
1211.0,cctv3,C3_S009,G029,EMPTY,EMPTY,0.01
1211.0,cctv3,C3_S010,G007,OCCUPIED,LEAVING,0.51
1211.0,cctv3,C3_S011,G008,OCCUPIED,OCCUPIED,0.7539604920555245
1211.0,cctv3,C3_S012,G009,OCCUPIED,OCCUPIED,0.8233713987198743
1212.0,cctv1,C1_S001,G001,OCCUPIED,OCCUPIED,0.7305272590368986
1212.0,cctv1,C1_S002,G002,EMPTY,EMPTY,0.01
1212.0,cctv1,C1_S003,G003,OCCUPIED,OCCUPIED,0.8369085181843151
1212.0,cctv1,C1_S004,G004,OCCUPIED,OCCUPIED,0.77005925395272
1212.0,cctv1,C1_S005,G005,OCCUPIED,OCCUPIED,0.7607951092449102
1212.0,cctv1,C1_S006,G006,EMPTY,MANEUVERING,0.410185073246107
1212.0,cctv2,C2_S001,G007,OCCUPIED,OCCUPIED,0.7959923787550494
1212.0,cctv2,C2_S002,G008,OCCUPIED,OCCUPIED,0.8309618868611076
1212.0,cctv2,C2_S003,G009,EMPTY,EMPTY,0.01
1212.0,cctv2,C2_S004,G010,OCCUPIED,OCCUPIED,0.7966464321721685
1212.0,cctv2,C2_S005,G001,EMPTY,MANEUVERING,0.3416790189526297
1212.0,cctv2,C2_S006,G003,OCCUPIED,OCCUPIED,0.8199366553263231
1212.0,cctv2,C2_S007,G004,OCCUPIED,OCCUPIED,0.7891959407112816
1212.0,cctv2,C2_S008,G006,OCCUPIED,OCCUPIED,0.7559911339120432
1212.0,cctv2,C2_S009,G005,OCCUPIED,OCCUPIED,0.7833914290774953
1212.0,cctv2,C2_S010,G002,EMPTY,EMPTY,0.01
1212.0,cctv2,C2_S011,G017,OCCUPIED,OCCUPIED,0.7958113865418868
1212.0,cctv2,C2_S012,G018,OCCUPIED,OCCUPIED,0.758077452399514
1212.0,cctv2,C2_S013,G019,OCCUPIED,OCCUPIED,0.8193221766840328
1212.0,cctv2,C2_S014,G020,EMPTY,EMPTY,0.01
1212.0,cctv3,C3_S001,G021,OCCUPIED,LEAVING,0.7554737402634187
1212.0,cctv3,C3_S002,G019,EMPTY,EMPTY,0.01
1212.0,cctv3,C3_S003,G020,OCCUPIED,LEAVING,0.8021325249563565
1212.0,cctv3,C3_S004,G024,OCCUPIED,OCCUPIED,0.8288267216899179
1212.0,cctv3,C3_S005,G025,OCCUPIED,OCCUPIED,0.8249007195234299
1212.0,cctv3,C3_S006,G026,OCCUPIED,OCCUPIED,0.8248746256936681
1212.0,cctv3,C3_S007,G027,EMPTY,EMPTY,0.01
1212.0,cctv3,C3_S008,G028,EMPTY,EMPTY,0.01
1212.0,cctv3,C3_S009,G029,EMPTY,EMPTY,0.01
1212.0,cctv3,C3_S010,G007,OCCUPIED,LEAVING,0.5809474071782904
1212.0,cctv3,C3_S011,G008,OCCUPIED,OCCUPIED,0.7540862706709992
1212.0,cctv3,C3_S012,G009,OCCUPIED,OCCUPIED,0.8219852867451581
1213.0,cctv1,C1_S001,G001,OCCUPIED,OCCUPIED,0.7351540832018311
1213.0,cctv1,C1_S002,G002,EMPTY,MANEUVERING,0.2099253078888763
1213.0,cctv1,C1_S003,G003,OCCUPIED,OCCUPIED,0.8369534224271775
1213.0,cctv1,C1_S004,G004,OCCUPIED,OCCUPIED,0.7685140605677259
1213.0,cctv1,C1_S005,G005,OCCUPIED,OCCUPIED,0.7628196714953943
1213.0,cctv1,C1_S006,G006,EMPTY,MANEUVERING,0.3310763611350998
1213.0,cctv2,C2_S001,G007,OCCUPIED,OCCUPIED,0.7969165509397333
1213.0,cctv2,C2_S002,G008,OCCUPIED,OCCUPIED,0.8306985800916499
1213.0,cctv2,C2_S003,G009,EMPTY,EMPTY,0.01
1213.0,cctv2,C2_S004,G010,OCCUPIED,OCCUPIED,0.7976202382282778
1213.0,cctv2,C2_S005,G001,EMPTY,MANEUVERING,0.2966790189526298
1213.0,cctv2,C2_S006,G003,OCCUPIED,OCCUPIED,0.8204707497900183
1213.0,cctv2,C2_S007,G004,OCCUPIED,OCCUPIED,0.790057197213173
1213.0,cctv2,C2_S008,G006,OCCUPIED,OCCUPIED,0.7558728261427446
1213.0,cctv2,C2_S009,G005,OCCUPIED,OCCUPIED,0.7831027656793595
1213.0,cctv2,C2_S010,G002,EMPTY,EMPTY,0.01
1213.0,cctv2,C2_S011,G017,OCCUPIED,OCCUPIED,0.7954212275418369
1213.0,cctv2,C2_S012,G018,OCCUPIED,OCCUPIED,0.7584441091526639
1213.0,cctv2,C2_S013,G019,OCCUPIED,OCCUPIED,0.8196680637923155
1213.0,cctv2,C2_S014,G020,EMPTY,EMPTY,0.01
1213.0,cctv3,C3_S001,G021,OCCUPIED,LEAVING,0.754968658360568
1213.0,cctv3,C3_S002,G019,EMPTY,EMPTY,0.01
1213.0,cctv3,C3_S003,G020,OCCUPIED,LEAVING,0.8004502418366346
1213.0,cctv3,C3_S004,G024,OCCUPIED,OCCUPIED,0.8286592478101904
1213.0,cctv3,C3_S005,G025,OCCUPIED,OCCUPIED,0.8221060454845429
1213.0,cctv3,C3_S006,G026,OCCUPIED,OCCUPIED,0.8244688781824979
1213.0,cctv3,C3_S007,G027,EMPTY,EMPTY,0.01
1213.0,cctv3,C3_S008,G028,EMPTY,EMPTY,0.01
1213.0,cctv3,C3_S009,G029,EMPTY,EMPTY,0.01
1213.0,cctv3,C3_S010,G007,OCCUPIED,LEAVING,0.5822146985708893
1213.0,cctv3,C3_S011,G008,OCCUPIED,OCCUPIED,0.7559220652688634
1213.0,cctv3,C3_S012,G009,OCCUPIED,OCCUPIED,0.8221536433154887
1214.0,cctv1,C1_S001,G001,OCCUPIED,OCCUPIED,0.7403587832030926
1214.0,cctv1,C1_S002,G002,EMPTY,MANEUVERING,0.2099253078888763
1214.0,cctv1,C1_S003,G003,OCCUPIED,OCCUPIED,0.837018262798136
1214.0,cctv1,C1_S004,G004,OCCUPIED,OCCUPIED,0.7667915650389412
1214.0,cctv1,C1_S005,G005,OCCUPIED,OCCUPIED,0.7618748905983839
1214.0,cctv1,C1_S006,G006,EMPTY,MANEUVERING,0.3310763611350998
1214.0,cctv2,C2_S001,G007,OCCUPIED,OCCUPIED,0.7975534333424136
1214.0,cctv2,C2_S002,G008,OCCUPIED,OCCUPIED,0.8313959560611032
1214.0,cctv2,C2_S003,G009,EMPTY,EMPTY,0.01
1214.0,cctv2,C2_S004,G010,OCCUPIED,OCCUPIED,0.7982700992714276
1214.0,cctv2,C2_S005,G001,EMPTY,MANEUVERING,0.2966790189526298
1214.0,cctv2,C2_S006,G003,OCCUPIED,OCCUPIED,0.8205133310773156
1214.0,cctv2,C2_S007,G004,OCCUPIED,OCCUPIED,0.7915878940712322
1214.0,cctv2,C2_S008,G006,OCCUPIED,OCCUPIED,0.7538409971378067
1214.0,cctv2,C2_S009,G005,OCCUPIED,OCCUPIED,0.7824909814379433
1214.0,cctv2,C2_S010,G002,EMPTY,EMPTY,0.01
1214.0,cctv2,C2_S011,G017,OCCUPIED,OCCUPIED,0.7946411103010178
1214.0,cctv2,C2_S012,G018,OCCUPIED,OCCUPIED,0.7589917837218806
1214.0,cctv2,C2_S013,G019,OCCUPIED,OCCUPIED,0.8178922666744753
1214.0,cctv2,C2_S014,G020,EMPTY,EMPTY,0.01
1214.0,cctv3,C3_S001,G021,OCCUPIED,LEAVING,0.7571548862890765
1214.0,cctv3,C3_S002,G019,EMPTY,EMPTY,0.01
1214.0,cctv3,C3_S003,G020,OCCUPIED,LEAVING,0.8017022620547902
1214.0,cctv3,C3_S004,G024,OCCUPIED,OCCUPIED,0.8285804306918925
1214.0,cctv3,C3_S005,G025,OCCUPIED,OCCUPIED,0.8213284259492701
1214.0,cctv3,C3_S006,G026,OCCUPIED,OCCUPIED,0.8243272136558186
1214.0,cctv3,C3_S007,G027,EMPTY,EMPTY,0.01
1214.0,cctv3,C3_S008,G028,EMPTY,EMPTY,0.01
1214.0,cctv3,C3_S009,G029,EMPTY,EMPTY,0.01
1214.0,cctv3,C3_S010,G007,OCCUPIED,OCCUPIED,0.6268811569391908
1214.0,cctv3,C3_S011,G008,OCCUPIED,OCCUPIED,0.7923859341578051
1214.0,cctv3,C3_S012,G009,OCCUPIED,OCCUPIED,0.8218928301876243
1215.0,cctv1,C1_S001,G001,OCCUPIED,OCCUPIED,0.7441532208838246
1215.0,cctv1,C1_S002,G002,EMPTY,MANEUVERING,0.2099253078888763
1215.0,cctv1,C1_S003,G003,OCCUPIED,OCCUPIED,0.8369369861754505
1215.0,cctv1,C1_S004,G004,OCCUPIED,OCCUPIED,0.7675280569629236
1215.0,cctv1,C1_S005,G005,OCCUPIED,OCCUPIED,0.7648835756561974
1215.0,cctv1,C1_S006,G006,EMPTY,MANEUVERING,0.2970022205003735
1215.0,cctv2,C2_S001,G007,OCCUPIED,OCCUPIED,0.7988888580690732
1215.0,cctv2,C2_S002,G008,OCCUPIED,OCCUPIED,0.8312750453298743
1215.0,cctv2,C2_S003,G009,EMPTY,EMPTY,0.01
1215.0,cctv2,C2_S004,G010,OCCUPIED,OCCUPIED,0.8013519940051166
1215.0,cctv2,C2_S005,G001,EMPTY,MANEUVERING,0.2966790189526298
1215.0,cctv2,C2_S006,G003,OCCUPIED,OCCUPIED,0.8202166560021315
1215.0,cctv2,C2_S007,G004,OCCUPIED,OCCUPIED,0.7920874538746747
1215.0,cctv2,C2_S008,G006,OCCUPIED,OCCUPIED,0.7517493321136995
1215.0,cctv2,C2_S009,G005,OCCUPIED,OCCUPIED,0.7818464279174805
1215.0,cctv2,C2_S010,G002,EMPTY,EMPTY,0.01
1215.0,cctv2,C2_S011,G017,OCCUPIED,OCCUPIED,0.7937766310843555
1215.0,cctv2,C2_S012,G018,OCCUPIED,OCCUPIED,0.7594986883076755
1215.0,cctv2,C2_S013,G019,OCCUPIED,OCCUPIED,0.8187982258471577
1215.0,cctv2,C2_S014,G020,EMPTY,EMPTY,0.01
1215.0,cctv3,C3_S001,G021,OCCUPIED,LEAVING,0.7570601002736526
1215.0,cctv3,C3_S002,G019,EMPTY,EMPTY,0.01
1215.0,cctv3,C3_S003,G020,OCCUPIED,LEAVING,0.8048957887020979
1215.0,cctv3,C3_S004,G024,OCCUPIED,OCCUPIED,0.8279961992393841
1215.0,cctv3,C3_S005,G025,OCCUPIED,OCCUPIED,0.8190592210401189
1215.0,cctv3,C3_S006,G026,OCCUPIED,OCCUPIED,0.8240986195477573
1215.0,cctv3,C3_S007,G027,EMPTY,EMPTY,0.01
1215.0,cctv3,C3_S008,G028,EMPTY,EMPTY,0.01
1215.0,cctv3,C3_S009,G029,EMPTY,EMPTY,0.01
1215.0,cctv3,C3_S010,G007,OCCUPIED,OCCUPIED,0.6631102767688307
1215.0,cctv3,C3_S011,G008,OCCUPIED,OCCUPIED,0.7926285123283213
1215.0,cctv3,C3_S012,G009,OCCUPIED,OCCUPIED,0.8212822090495717
1216.0,cctv1,C1_S001,G001,OCCUPIED,OCCUPIED,0.7462484593418512
1216.0,cctv1,C1_S002,G002,EMPTY,MANEUVERING,0.2099253078888763
1216.0,cctv1,C1_S003,G003,OCCUPIED,OCCUPIED,0.8368367788466541
1216.0,cctv1,C1_S004,G004,OCCUPIED,OCCUPIED,0.7682099342346193
1216.0,cctv1,C1_S005,G005,OCCUPIED,OCCUPIED,0.7691907250068405
1216.0,cctv1,C1_S006,G006,EMPTY,MANEUVERING,0.265557910628391
1216.0,cctv2,C2_S001,G007,OCCUPIED,OCCUPIED,0.797166436504234
1216.0,cctv2,C2_S002,G008,OCCUPIED,OCCUPIED,0.8315595797517084
1216.0,cctv2,C2_S003,G009,EMPTY,MANEUVERING,0.2335464185069907
1216.0,cctv2,C2_S004,G010,OCCUPIED,OCCUPIED,0.8047335142439063
1216.0,cctv2,C2_S005,G001,EMPTY,MANEUVERING,0.2966790189526298
1216.0,cctv2,C2_S006,G003,OCCUPIED,OCCUPIED,0.8194752698594874
1216.0,cctv2,C2_S007,G004,OCCUPIED,OCCUPIED,0.7934103884480217
1216.0,cctv2,C2_S008,G006,OCCUPIED,OCCUPIED,0.7494382595474071
1216.0,cctv2,C2_S009,G005,OCCUPIED,OCCUPIED,0.7802670989524235
1216.0,cctv2,C2_S010,G002,EMPTY,EMPTY,0.01
1216.0,cctv2,C2_S011,G017,OCCUPIED,OCCUPIED,0.7931420448151503
1216.0,cctv2,C2_S012,G018,OCCUPIED,OCCUPIED,0.7601130113005639
1216.0,cctv2,C2_S013,G019,OCCUPIED,OCCUPIED,0.8192164529453625
1216.0,cctv2,C2_S014,G020,EMPTY,EMPTY,0.01
1216.0,cctv3,C3_S001,G021,OCCUPIED,LEAVING,0.7570324962789363
1216.0,cctv3,C3_S002,G019,EMPTY,EMPTY,0.01
1216.0,cctv3,C3_S003,G020,OCCUPIED,LEAVING,0.8036678685383364
1216.0,cctv3,C3_S004,G024,OCCUPIED,OCCUPIED,0.8277080795981668
1216.0,cctv3,C3_S005,G025,OCCUPIED,OCCUPIED,0.818776779554107
1216.0,cctv3,C3_S006,G026,OCCUPIED,OCCUPIED,0.8241184524514459
1216.0,cctv3,C3_S007,G027,EMPTY,EMPTY,0.01
1216.0,cctv3,C3_S008,G028,EMPTY,EMPTY,0.01
1216.0,cctv3,C3_S009,G029,EMPTY,EMPTY,0.01
1216.0,cctv3,C3_S010,G007,OCCUPIED,OCCUPIED,0.6181102767688307
1216.0,cctv3,C3_S011,G008,OCCUPIED,OCCUPIED,0.7931416148489172
1216.0,cctv3,C3_S012,G009,OCCUPIED,OCCUPIED,0.821985274553299
1217.0,cctv1,C1_S001,G001,OCCUPIED,OCCUPIED,0.7499062621458011
1217.0,cctv1,C1_S002,G002,EMPTY,MANEUVERING,0.2465319275229492
1217.0,cctv1,C1_S003,G003,OCCUPIED,OCCUPIED,0.8375841341235422
1217.0,cctv1,C1_S004,G004,OCCUPIED,OCCUPIED,0.7684118980711158
1217.0,cctv1,C1_S005,G005,OCCUPIED,OCCUPIED,0.7733789765022019
1217.0,cctv1,C1_S006,G006,EMPTY,MANEUVERING,0.2240135882975477
1217.0,cctv2,C2_S001,G007,OCCUPIED,OCCUPIED,0.7944852763956244
1217.0,cctv2,C2_S002,G008,OCCUPIED,OCCUPIED,0.8318667528304188
1217.0,cctv2,C2_S003,G009,EMPTY,MANEUVERING,0.2335464185069907
1217.0,cctv2,C2_S004,G010,OCCUPIED,OCCUPIED,0.808383412252773
1217.0,cctv2,C2_S005,G001,EMPTY,MANEUVERING,0.2966790189526298
1217.0,cctv2,C2_S006,G003,OCCUPIED,LEAVING,0.8208726276050915
1217.0,cctv2,C2_S007,G004,OCCUPIED,OCCUPIED,0.7939719024029646
1217.0,cctv2,C2_S008,G006,OCCUPIED,OCCUPIED,0.7481559092348273
1217.0,cctv2,C2_S009,G005,OCCUPIED,OCCUPIED,0.7785604357719422
1217.0,cctv2,C2_S010,G002,EMPTY,EMPTY,0.01
1217.0,cctv2,C2_S011,G017,OCCUPIED,OCCUPIED,0.7926473698832772
1217.0,cctv2,C2_S012,G018,OCCUPIED,OCCUPIED,0.7592782741243189
1217.0,cctv2,C2_S013,G019,OCCUPIED,OCCUPIED,0.8194034866311334
1217.0,cctv2,C2_S014,G020,EMPTY,EMPTY,0.01
1217.0,cctv3,C3_S001,G021,OCCUPIED,LEAVING,0.7589615580710498
1217.0,cctv3,C3_S002,G019,EMPTY,EMPTY,0.01
1217.0,cctv3,C3_S003,G020,OCCUPIED,LEAVING,0.8037099914117294
1217.0,cctv3,C3_S004,G024,OCCUPIED,OCCUPIED,0.8276441170410678
1217.0,cctv3,C3_S005,G025,OCCUPIED,OCCUPIED,0.8194198351014745
1217.0,cctv3,C3_S006,G026,OCCUPIED,OCCUPIED,0.8240935615517877
1217.0,cctv3,C3_S007,G027,EMPTY,EMPTY,0.01
1217.0,cctv3,C3_S008,G028,EMPTY,EMPTY,0.01
1217.0,cctv3,C3_S009,G029,EMPTY,EMPTY,0.01
1217.0,cctv3,C3_S010,G007,OCCUPIED,OCCUPIED,0.6173560887676748
1217.0,cctv3,C3_S011,G008,OCCUPIED,OCCUPIED,0.7935066935690968
1217.0,cctv3,C3_S012,G009,OCCUPIED,OCCUPIED,0.8218578923832287
1218.0,cctv1,C1_S001,G001,OCCUPIED,OCCUPIED,0.7521109621633183
1218.0,cctv1,C1_S002,G002,EMPTY,MANEUVERING,0.2465319275229492
1218.0,cctv1,C1_S003,G003,OCCUPIED,OCCUPIED,0.8376373410224915
1218.0,cctv1,C1_S004,G004,OCCUPIED,OCCUPIED,0.767867364937609
1218.0,cctv1,C1_S005,G005,OCCUPIED,OCCUPIED,0.7711412595076995
1218.0,cctv1,C1_S006,G006,EMPTY,MANEUVERING,0.1925918348720579
1218.0,cctv2,C2_S001,G007,OCCUPIED,OCCUPIED,0.7941723877733404
1218.0,cctv2,C2_S002,G008,OCCUPIED,OCCUPIED,0.8314858783375134
1218.0,cctv2,C2_S003,G009,EMPTY,MANEUVERING,0.2335464185069907
1218.0,cctv2,C2_S004,G010,OCCUPIED,OCCUPIED,0.808613286506046
1218.0,cctv2,C2_S005,G001,EMPTY,MANEUVERING,0.2966790189526298
1218.0,cctv2,C2_S006,G003,OCCUPIED,LEAVING,0.8217791386625984
1218.0,cctv2,C2_S007,G004,OCCUPIED,OCCUPIED,0.7934091944586148
1218.0,cctv2,C2_S008,G006,OCCUPIED,OCCUPIED,0.7458478074182164
1218.0,cctv2,C2_S009,G005,OCCUPIED,OCCUPIED,0.7784315605055203
1218.0,cctv2,C2_S010,G002,EMPTY,EMPTY,0.01
1218.0,cctv2,C2_S011,G017,OCCUPIED,OCCUPIED,0.7926415413618089
1218.0,cctv2,C2_S012,G018,OCCUPIED,OCCUPIED,0.7585413562980565
1218.0,cctv2,C2_S013,G019,OCCUPIED,OCCUPIED,0.8159630910916762
1218.0,cctv2,C2_S014,G020,EMPTY,EMPTY,0.01
1218.0,cctv3,C3_S001,G021,OCCUPIED,LEAVING,0.7583769897168333
1218.0,cctv3,C3_S002,G019,EMPTY,EMPTY,0.01
1218.0,cctv3,C3_S003,G020,OCCUPIED,LEAVING,0.8027384936809541
1218.0,cctv3,C3_S004,G024,OCCUPIED,OCCUPIED,0.8274867282672362
1218.0,cctv3,C3_S005,G025,OCCUPIED,OCCUPIED,0.8188213603063064
1218.0,cctv3,C3_S006,G026,OCCUPIED,OCCUPIED,0.823978834531524
1218.0,cctv3,C3_S007,G027,EMPTY,EMPTY,0.01
1218.0,cctv3,C3_S008,G028,EMPTY,EMPTY,0.01
1218.0,cctv3,C3_S009,G029,EMPTY,EMPTY,0.01
1218.0,cctv3,C3_S010,G007,OCCUPIED,OCCUPIED,0.6178468234938654
1218.0,cctv3,C3_S011,G008,OCCUPIED,OCCUPIED,0.7949623974886808
1218.0,cctv3,C3_S012,G009,OCCUPIED,OCCUPIED,0.8214131471785633
1219.0,cctv1,C1_S001,G001,OCCUPIED,OCCUPIED,0.7548587993464687
1219.0,cctv1,C1_S002,G002,EMPTY,MANEUVERING,0.331173116852614
1219.0,cctv1,C1_S003,G003,OCCUPIED,OCCUPIED,0.8373890521851454
1219.0,cctv1,C1_S004,G004,OCCUPIED,OCCUPIED,0.7684182488105514
1219.0,cctv1,C1_S005,G005,OCCUPIED,OCCUPIED,0.7716039438139309
1219.0,cctv1,C1_S006,G006,EMPTY,MANEUVERING,0.1925918348720579
1219.0,cctv2,C2_S001,G007,OCCUPIED,OCCUPIED,0.7922300632704389
1219.0,cctv2,C2_S002,G008,OCCUPIED,OCCUPIED,0.831449654698372
1219.0,cctv2,C2_S003,G009,EMPTY,MANEUVERING,0.2335464185069907
1219.0,cctv2,C2_S004,G010,OCCUPIED,OCCUPIED,0.808513460376046
1219.0,cctv2,C2_S005,G001,EMPTY,MANEUVERING,0.2652877510677685
1219.0,cctv2,C2_S006,G003,OCCUPIED,LEAVING,0.8230320147492669
1219.0,cctv2,C2_S007,G004,OCCUPIED,OCCUPIED,0.7900073975324632
1219.0,cctv2,C2_S008,G006,OCCUPIED,OCCUPIED,0.6639854696799409
1219.0,cctv2,C2_S009,G005,OCCUPIED,OCCUPIED,0.7790384379300205
1219.0,cctv2,C2_S010,G002,EMPTY,EMPTY,0.01
1219.0,cctv2,C2_S011,G017,OCCUPIED,OCCUPIED,0.7929894856431268
1219.0,cctv2,C2_S012,G018,OCCUPIED,OCCUPIED,0.7561459168791772
1219.0,cctv2,C2_S013,G019,OCCUPIED,OCCUPIED,0.8107335995544087
1219.0,cctv2,C2_S014,G020,EMPTY,EMPTY,0.01
1219.0,cctv3,C3_S001,G021,OCCUPIED,OCCUPIED,0.7568419123237784
1219.0,cctv3,C3_S002,G019,EMPTY,EMPTY,0.01
1219.0,cctv3,C3_S003,G020,OCCUPIED,LEAVING,0.8011817086826671
1219.0,cctv3,C3_S004,G024,OCCUPIED,OCCUPIED,0.8271747800436887
1219.0,cctv3,C3_S005,G025,OCCUPIED,OCCUPIED,0.8193463604558598
1219.0,cctv3,C3_S006,G026,OCCUPIED,OCCUPIED,0.8240635199980303
1219.0,cctv3,C3_S007,G027,EMPTY,EMPTY,0.01
1219.0,cctv3,C3_S008,G028,EMPTY,EMPTY,0.01
1219.0,cctv3,C3_S009,G029,EMPTY,EMPTY,0.01
1219.0,cctv3,C3_S010,G007,OCCUPIED,OCCUPIED,0.6532682845809243
1219.0,cctv3,C3_S011,G008,OCCUPIED,OCCUPIED,0.7924739252437245
1219.0,cctv3,C3_S012,G009,OCCUPIED,OCCUPIED,0.8209434444254096
1220.0,cctv1,C1_S001,G001,OCCUPIED,OCCUPIED,0.7574029071087187
1220.0,cctv1,C1_S002,G002,EMPTY,MANEUVERING,0.331173116852614
1220.0,cctv1,C1_S003,G003,OCCUPIED,OCCUPIED,0.8373986171050506
1220.0,cctv1,C1_S004,G004,OCCUPIED,OCCUPIED,0.7695329155434263
1220.0,cctv1,C1_S005,G005,OCCUPIED,OCCUPIED,0.772599005970088
1220.0,cctv1,C1_S006,G006,EMPTY,EMPTY,0.01
1220.0,cctv2,C2_S001,G007,OCCUPIED,OCCUPIED,0.790299753844738
1220.0,cctv2,C2_S002,G008,OCCUPIED,OCCUPIED,0.8310719460248948
1220.0,cctv2,C2_S003,G009,EMPTY,MANEUVERING,0.1885464185069907
1220.0,cctv2,C2_S004,G010,OCCUPIED,OCCUPIED,0.8082957885482095
1220.0,cctv2,C2_S005,G001,EMPTY,EMPTY,0.01
1220.0,cctv2,C2_S006,G003,OCCUPIED,LEAVING,0.8159258445555514
1220.0,cctv2,C2_S007,G004,OCCUPIED,OCCUPIED,0.7953142358498141
1220.0,cctv2,C2_S008,G006,OCCUPIED,LEAVING,0.6701150486279618
1220.0,cctv2,C2_S009,G005,OCCUPIED,OCCUPIED,0.7806235267357393
1220.0,cctv2,C2_S010,G002,EMPTY,EMPTY,0.01
1220.0,cctv2,C2_S011,G017,OCCUPIED,OCCUPIED,0.7946363180875778
1220.0,cctv2,C2_S012,G018,OCCUPIED,OCCUPIED,0.7558854085477916
1220.0,cctv2,C2_S013,G019,OCCUPIED,OCCUPIED,0.8106473681601611
1220.0,cctv2,C2_S014,G020,EMPTY,EMPTY,0.01
1220.0,cctv3,C3_S001,G021,OCCUPIED,OCCUPIED,0.75534551482309
1220.0,cctv3,C3_S002,G019,EMPTY,EMPTY,0.01
1220.0,cctv3,C3_S003,G020,OCCUPIED,LEAVING,0.8005912260575728
1220.0,cctv3,C3_S004,G024,OCCUPIED,OCCUPIED,0.8270881487564608
1220.0,cctv3,C3_S005,G025,OCCUPIED,OCCUPIED,0.819824438203465
1220.0,cctv3,C3_S006,G026,OCCUPIED,OCCUPIED,0.8240804032845931
1220.0,cctv3,C3_S007,G027,EMPTY,EMPTY,0.01
1220.0,cctv3,C3_S008,G028,EMPTY,EMPTY,0.01
1220.0,cctv3,C3_S009,G029,EMPTY,EMPTY,0.01
1220.0,cctv3,C3_S010,G007,OCCUPIED,OCCUPIED,0.696985647262949
1220.0,cctv3,C3_S011,G008,OCCUPIED,OCCUPIED,0.7924263989383524
1220.0,cctv3,C3_S012,G009,OCCUPIED,OCCUPIED,0.8209047523411839
1221.0,cctv1,C1_S001,G001,OCCUPIED,OCCUPIED,0.7580381271514026
1221.0,cctv1,C1_S002,G002,EMPTY,MANEUVERING,0.286173116852614
1221.0,cctv1,C1_S003,G003,OCCUPIED,OCCUPIED,0.83742252452807
1221.0,cctv1,C1_S004,G004,OCCUPIED,OCCUPIED,0.7702068888328293
1221.0,cctv1,C1_S005,G005,OCCUPIED,OCCUPIED,0.7608283289725131
1221.0,cctv1,C1_S006,G006,EMPTY,MANEUVERING,0.1269319348850033
1221.0,cctv2,C2_S001,G007,OCCUPIED,OCCUPIED,0.7888456072319638
1221.0,cctv2,C2_S002,G008,OCCUPIED,OCCUPIED,0.8308965019204401
1221.0,cctv2,C2_S003,G009,EMPTY,MANEUVERING,0.1885464185069907
1221.0,cctv2,C2_S004,G010,OCCUPIED,OCCUPIED,0.8082303727214988
1221.0,cctv2,C2_S005,G001,EMPTY,EMPTY,0.01
1221.0,cctv2,C2_S006,G003,OCCUPIED,LEAVING,0.8150162294507027
1221.0,cctv2,C2_S007,G004,OCCUPIED,OCCUPIED,0.7945780637589368
1221.0,cctv2,C2_S008,G006,OCCUPIED,LEAVING,0.6686630388010633
1221.0,cctv2,C2_S009,G005,OCCUPIED,OCCUPIED,0.6990984641421925
1221.0,cctv2,C2_S010,G002,EMPTY,EMPTY,0.01
1221.0,cctv2,C2_S011,G017,OCCUPIED,OCCUPIED,0.7977926303039898
1221.0,cctv2,C2_S012,G018,OCCUPIED,OCCUPIED,0.757088069211353
1221.0,cctv2,C2_S013,G019,OCCUPIED,OCCUPIED,0.8105836209925739
1221.0,cctv2,C2_S014,G020,EMPTY,EMPTY,0.01
1221.0,cctv3,C3_S001,G021,OCCUPIED,OCCUPIED,0.7583251560276205
1221.0,cctv3,C3_S002,G019,EMPTY,EMPTY,0.01
1221.0,cctv3,C3_S003,G020,OCCUPIED,LEAVING,0.8009756028652192
1221.0,cctv3,C3_S004,G024,OCCUPIED,OCCUPIED,0.826944366910241
1221.0,cctv3,C3_S005,G025,OCCUPIED,OCCUPIED,0.8200915098190308
1221.0,cctv3,C3_S006,G026,OCCUPIED,OCCUPIED,0.8243384065953169
1221.0,cctv3,C3_S007,G027,EMPTY,EMPTY,0.01
1221.0,cctv3,C3_S008,G028,EMPTY,EMPTY,0.01
1221.0,cctv3,C3_S009,G029,EMPTY,EMPTY,0.01
1221.0,cctv3,C3_S010,G007,OCCUPIED,OCCUPIED,0.7326999395002018
1221.0,cctv3,C3_S011,G008,OCCUPIED,OCCUPIED,0.7920506352728064
1221.0,cctv3,C3_S012,G009,OCCUPIED,OCCUPIED,0.8213084808804773
1222.0,cctv1,C1_S001,G001,OCCUPIED,OCCUPIED,0.7570629088716074
1222.0,cctv1,C1_S002,G002,EMPTY,MANEUVERING,0.286173116852614
1222.0,cctv1,C1_S003,G003,OCCUPIED,OCCUPIED,0.8373153174465353
1222.0,cctv1,C1_S004,G004,OCCUPIED,OCCUPIED,0.768878381360661
1222.0,cctv1,C1_S005,G005,OCCUPIED,OCCUPIED,0.7600302783196624
1222.0,cctv1,C1_S006,G006,EMPTY,MANEUVERING,0.1269319348850033
1222.0,cctv2,C2_S001,G007,OCCUPIED,OCCUPIED,0.7882721314376051
1222.0,cctv2,C2_S002,G008,OCCUPIED,OCCUPIED,0.830975623835217
1222.0,cctv2,C2_S003,G009,EMPTY,MANEUVERING,0.1885464185069907
1222.0,cctv2,C2_S004,G010,OCCUPIED,OCCUPIED,0.8102819805795497
1222.0,cctv2,C2_S005,G001,EMPTY,EMPTY,0.01
1222.0,cctv2,C2_S006,G003,OCCUPIED,LEAVING,0.8145327157594942
1222.0,cctv2,C2_S007,G004,OCCUPIED,OCCUPIED,0.7961083412170411
1222.0,cctv2,C2_S008,G006,OCCUPIED,LEAVING,0.6727219076861035
1222.0,cctv2,C2_S009,G005,OCCUPIED,OCCUPIED,0.6991456030715596
1222.0,cctv2,C2_S010,G002,EMPTY,EMPTY,0.01
1222.0,cctv2,C2_S011,G017,OCCUPIED,OCCUPIED,0.7998735644600609
1222.0,cctv2,C2_S012,G018,OCCUPIED,OCCUPIED,0.754375504499132
1222.0,cctv2,C2_S013,G019,OCCUPIED,OCCUPIED,0.8092727823690935
1222.0,cctv2,C2_S014,G020,EMPTY,EMPTY,0.01
1222.0,cctv3,C3_S001,G021,OCCUPIED,OCCUPIED,0.7566502197222277
1222.0,cctv3,C3_S002,G019,EMPTY,EMPTY,0.01
1222.0,cctv3,C3_S003,G020,OCCUPIED,LEAVING,0.8006800795143302
1222.0,cctv3,C3_S004,G024,OCCUPIED,OCCUPIED,0.8269162784923207
1222.0,cctv3,C3_S005,G025,OCCUPIED,OCCUPIED,0.8216753087260507
1222.0,cctv3,C3_S006,G026,OCCUPIED,OCCUPIED,0.8244617995890705
1222.0,cctv3,C3_S007,G027,EMPTY,EMPTY,0.01
1222.0,cctv3,C3_S008,G028,EMPTY,EMPTY,0.01
1222.0,cctv3,C3_S009,G029,EMPTY,EMPTY,0.01
1222.0,cctv3,C3_S010,G007,OCCUPIED,OCCUPIED,0.7335727723349225
1222.0,cctv3,C3_S011,G008,OCCUPIED,OCCUPIED,0.7925824953751132
1222.0,cctv3,C3_S012,G009,OCCUPIED,OCCUPIED,0.821259798786857
1223.0,cctv1,C1_S001,G001,OCCUPIED,OCCUPIED,0.7564994529566982
1223.0,cctv1,C1_S002,G002,EMPTY,MANEUVERING,0.241173116852614
1223.0,cctv1,C1_S003,G003,OCCUPIED,OCCUPIED,0.8375195514072072
1223.0,cctv1,C1_S004,G004,OCCUPIED,OCCUPIED,0.7684702580625361
1223.0,cctv1,C1_S005,G005,OCCUPIED,OCCUPIED,0.7585522856495598
1223.0,cctv1,C1_S006,G006,EMPTY,MANEUVERING,0.2094560759175907
1223.0,cctv2,C2_S001,G007,OCCUPIED,OCCUPIED,0.7869042357260532
1223.0,cctv2,C2_S002,G008,OCCUPIED,OCCUPIED,0.8306280883875761
1223.0,cctv2,C2_S003,G009,EMPTY,MANEUVERING,0.1885464185069907
1223.0,cctv2,C2_S004,G010,OCCUPIED,OCCUPIED,0.808197436820377
1223.0,cctv2,C2_S005,G001,EMPTY,EMPTY,0.01
1223.0,cctv2,C2_S006,G003,OCCUPIED,LEAVING,0.814735328202898
1223.0,cctv2,C2_S007,G004,OCCUPIED,OCCUPIED,0.7967630359259519
1223.0,cctv2,C2_S008,G006,OCCUPIED,LEAVING,0.7191113272715699
1223.0,cctv2,C2_S009,G005,OCCUPIED,OCCUPIED,0.7020965801585805
1223.0,cctv2,C2_S010,G002,EMPTY,EMPTY,0.01
1223.0,cctv2,C2_S011,G017,OCCUPIED,OCCUPIED,0.8028942357410085
1223.0,cctv2,C2_S012,G018,OCCUPIED,OCCUPIED,0.7544845659624447
1223.0,cctv2,C2_S013,G019,OCCUPIED,OCCUPIED,0.8088180430910805
1223.0,cctv2,C2_S014,G020,EMPTY,EMPTY,0.01
1223.0,cctv3,C3_S001,G021,OCCUPIED,OCCUPIED,0.755666125768965
1223.0,cctv3,C3_S002,G019,EMPTY,EMPTY,0.01
1223.0,cctv3,C3_S003,G020,OCCUPIED,LEAVING,0.797328020496802
1223.0,cctv3,C3_S004,G024,OCCUPIED,OCCUPIED,0.8269521428780122
1223.0,cctv3,C3_S005,G025,OCCUPIED,OCCUPIED,0.8214447801763362
1223.0,cctv3,C3_S006,G026,OCCUPIED,OCCUPIED,0.8243155078454452
1223.0,cctv3,C3_S007,G027,EMPTY,EMPTY,0.01
1223.0,cctv3,C3_S008,G028,EMPTY,EMPTY,0.01
1223.0,cctv3,C3_S009,G029,EMPTY,EMPTY,0.01
1223.0,cctv3,C3_S010,G007,OCCUPIED,OCCUPIED,0.731807792078365
1223.0,cctv3,C3_S011,G008,OCCUPIED,OCCUPIED,0.7925078568133441
1223.0,cctv3,C3_S012,G009,OCCUPIED,OCCUPIED,0.8224915000525388
1224.0,cctv1,C1_S001,G001,OCCUPIED,OCCUPIED,0.7504534254697237
1224.0,cctv1,C1_S002,G002,EMPTY,MANEUVERING,0.2065697486072101
1224.0,cctv1,C1_S003,G003,OCCUPIED,OCCUPIED,0.8371787036007101
1224.0,cctv1,C1_S004,G004,OCCUPIED,OCCUPIED,0.7693396713245999
1224.0,cctv1,C1_S005,G005,OCCUPIED,OCCUPIED,0.7561930771849373
1224.0,cctv1,C1_S006,G006,EMPTY,MANEUVERING,0.2094560759175907
1224.0,cctv2,C2_S001,G007,OCCUPIED,OCCUPIED,0.7855022499507125
1224.0,cctv2,C2_S002,G008,OCCUPIED,OCCUPIED,0.8305486348542301
1224.0,cctv2,C2_S003,G009,EMPTY,MANEUVERING,0.1885464185069907
1224.0,cctv2,C2_S004,G010,OCCUPIED,OCCUPIED,0.8061694543470037
1224.0,cctv2,C2_S005,G001,EMPTY,EMPTY,0.01
1224.0,cctv2,C2_S006,G003,OCCUPIED,LEAVING,0.8144715987823227
1224.0,cctv2,C2_S007,G004,OCCUPIED,OCCUPIED,0.7962945084680211
1224.0,cctv2,C2_S008,G006,OCCUPIED,LEAVING,0.7207425457645547
1224.0,cctv2,C2_S009,G005,OCCUPIED,OCCUPIED,0.7014512308348309
1224.0,cctv2,C2_S010,G002,EMPTY,EMPTY,0.01
1224.0,cctv2,C2_S011,G017,OCCUPIED,OCCUPIED,0.8042648689313369
1224.0,cctv2,C2_S012,G018,OCCUPIED,OCCUPIED,0.7534363001585007
1224.0,cctv2,C2_S013,G019,OCCUPIED,OCCUPIED,0.8078582552346317
1224.0,cctv2,C2_S014,G020,EMPTY,EMPTY,0.01
1224.0,cctv3,C3_S001,G021,OCCUPIED,OCCUPIED,0.756187714636326
1224.0,cctv3,C3_S002,G019,EMPTY,EMPTY,0.01
1224.0,cctv3,C3_S003,G020,OCCUPIED,LEAVING,0.7973993932658976
1224.0,cctv3,C3_S004,G024,OCCUPIED,OCCUPIED,0.8270469890399413
1224.0,cctv3,C3_S005,G025,OCCUPIED,OCCUPIED,0.8241461588577791
1224.0,cctv3,C3_S006,G026,OCCUPIED,OCCUPIED,0.824549515138973
1224.0,cctv3,C3_S007,G027,EMPTY,EMPTY,0.01
1224.0,cctv3,C3_S008,G028,EMPTY,EMPTY,0.01
1224.0,cctv3,C3_S009,G029,EMPTY,EMPTY,0.01
1224.0,cctv3,C3_S010,G007,OCCUPIED,OCCUPIED,0.7319981989670884
1224.0,cctv3,C3_S011,G008,OCCUPIED,OCCUPIED,0.7933254916559567
1224.0,cctv3,C3_S012,G009,OCCUPIED,OCCUPIED,0.8226495008577001
1225.0,cctv1,C1_S001,G001,OCCUPIED,OCCUPIED,0.7452769886363637
1225.0,cctv1,C1_S002,G002,EMPTY,MANEUVERING,0.2065697486072101
1225.0,cctv1,C1_S003,G003,OCCUPIED,OCCUPIED,0.8369696774265983
1225.0,cctv1,C1_S004,G004,OCCUPIED,OCCUPIED,0.7699323712424799
1225.0,cctv1,C1_S005,G005,OCCUPIED,OCCUPIED,0.6754052323780277
1225.0,cctv1,C1_S006,G006,EMPTY,MANEUVERING,0.1644560759175907
1225.0,cctv2,C2_S001,G007,OCCUPIED,OCCUPIED,0.785341590507464
1225.0,cctv2,C2_S002,G008,OCCUPIED,OCCUPIED,0.8305786625905471
1225.0,cctv2,C2_S003,G009,EMPTY,MANEUVERING,0.1885464185069907
1225.0,cctv2,C2_S004,G010,OCCUPIED,OCCUPIED,0.8057436991821636
1225.0,cctv2,C2_S005,G001,EMPTY,EMPTY,0.01
1225.0,cctv2,C2_S006,G003,OCCUPIED,LEAVING,0.8142769768834115
1225.0,cctv2,C2_S007,G004,OCCUPIED,OCCUPIED,0.7948576442219994
1225.0,cctv2,C2_S008,G006,OCCUPIED,OCCUPIED,0.723169986944307
1225.0,cctv2,C2_S009,G005,OCCUPIED,OCCUPIED,0.746492439400066
1225.0,cctv2,C2_S010,G002,EMPTY,EMPTY,0.01
1225.0,cctv2,C2_S011,G017,OCCUPIED,OCCUPIED,0.8041414068503814
1225.0,cctv2,C2_S012,G018,OCCUPIED,OCCUPIED,0.7526638422500004
1225.0,cctv2,C2_S013,G019,OCCUPIED,OCCUPIED,0.8085227286273784
1225.0,cctv2,C2_S014,G020,EMPTY,EMPTY,0.01
1225.0,cctv3,C3_S001,G021,OCCUPIED,OCCUPIED,0.7553573157299649
1225.0,cctv3,C3_S002,G019,EMPTY,EMPTY,0.01
1225.0,cctv3,C3_S003,G020,OCCUPIED,LEAVING,0.7974339303645221
1225.0,cctv3,C3_S004,G024,OCCUPIED,OCCUPIED,0.8272164209322497
1225.0,cctv3,C3_S005,G025,OCCUPIED,OCCUPIED,0.8250226251103662
1225.0,cctv3,C3_S006,G026,OCCUPIED,OCCUPIED,0.8243961009112272
1225.0,cctv3,C3_S007,G027,EMPTY,EMPTY,0.01
1225.0,cctv3,C3_S008,G028,EMPTY,EMPTY,0.01
1225.0,cctv3,C3_S009,G029,EMPTY,EMPTY,0.01
1225.0,cctv3,C3_S010,G007,OCCUPIED,OCCUPIED,0.7303742961991917
1225.0,cctv3,C3_S011,G008,OCCUPIED,OCCUPIED,0.7936955560337414
1225.0,cctv3,C3_S012,G009,OCCUPIED,OCCUPIED,0.8228534227067774
1226.0,cctv1,C1_S001,G001,OCCUPIED,OCCUPIED,0.7413830240341751
1226.0,cctv1,C1_S002,G002,EMPTY,MANEUVERING,0.2065697486072101
1226.0,cctv1,C1_S003,G003,OCCUPIED,OCCUPIED,0.8370397765528073
1226.0,cctv1,C1_S004,G004,OCCUPIED,OCCUPIED,0.7714480026201769
1226.0,cctv1,C1_S005,G005,OCCUPIED,OCCUPIED,0.6759064514122226
1226.0,cctv1,C1_S006,G006,EMPTY,MANEUVERING,0.1644560759175907
1226.0,cctv2,C2_S001,G007,OCCUPIED,OCCUPIED,0.7853658588095145
1226.0,cctv2,C2_S002,G008,OCCUPIED,OCCUPIED,0.8311685169284995
1226.0,cctv2,C2_S003,G009,EMPTY,MANEUVERING,0.1885464185069907
1226.0,cctv2,C2_S004,G010,OCCUPIED,OCCUPIED,0.8050521753051065
1226.0,cctv2,C2_S005,G001,EMPTY,EMPTY,0.01
1226.0,cctv2,C2_S006,G003,OCCUPIED,LEAVING,0.814406481249766
1226.0,cctv2,C2_S007,G004,OCCUPIED,OCCUPIED,0.7948103300549768
1226.0,cctv2,C2_S008,G006,OCCUPIED,OCCUPIED,0.726049374084581
1226.0,cctv2,C2_S009,G005,OCCUPIED,OCCUPIED,0.74496430803429
1226.0,cctv2,C2_S010,G002,EMPTY,EMPTY,0.01
1226.0,cctv2,C2_S011,G017,OCCUPIED,OCCUPIED,0.8050577648661355
1226.0,cctv2,C2_S012,G018,OCCUPIED,OCCUPIED,0.7527300948446448
1226.0,cctv2,C2_S013,G019,OCCUPIED,OCCUPIED,0.8084488028829748
1226.0,cctv2,C2_S014,G020,EMPTY,EMPTY,0.01
1226.0,cctv3,C3_S001,G021,OCCUPIED,OCCUPIED,0.755596394024112
1226.0,cctv3,C3_S002,G019,EMPTY,EMPTY,0.01
1226.0,cctv3,C3_S003,G020,OCCUPIED,LEAVING,0.7947529429739173
1226.0,cctv3,C3_S004,G024,OCCUPIED,OCCUPIED,0.8278211371465163
1226.0,cctv3,C3_S005,G025,OCCUPIED,OCCUPIED,0.8274445777589625
1226.0,cctv3,C3_S006,G026,OCCUPIED,OCCUPIED,0.8246707070957531
1226.0,cctv3,C3_S007,G027,EMPTY,EMPTY,0.01
1226.0,cctv3,C3_S008,G028,EMPTY,EMPTY,0.01
1226.0,cctv3,C3_S009,G029,EMPTY,EMPTY,0.01
1226.0,cctv3,C3_S010,G007,OCCUPIED,OCCUPIED,0.7307231335748327
1226.0,cctv3,C3_S011,G008,OCCUPIED,OCCUPIED,0.793971688639034
1226.0,cctv3,C3_S012,G009,OCCUPIED,OCCUPIED,0.823926831375469
1227.0,cctv1,C1_S001,G001,OCCUPIED,OCCUPIED,0.7368153603578156
1227.0,cctv1,C1_S002,G002,EMPTY,MANEUVERING,0.2065697486072101
1227.0,cctv1,C1_S003,G003,OCCUPIED,OCCUPIED,0.8371474973180077
1227.0,cctv1,C1_S004,G004,OCCUPIED,OCCUPIED,0.7704731622880157
1227.0,cctv1,C1_S005,G005,OCCUPIED,OCCUPIED,0.6727989388189533
1227.0,cctv1,C1_S006,G006,EMPTY,MANEUVERING,0.1194560759175907
1227.0,cctv2,C2_S001,G007,OCCUPIED,OCCUPIED,0.7870696577158842
1227.0,cctv2,C2_S002,G008,OCCUPIED,OCCUPIED,0.8306212536313318
1227.0,cctv2,C2_S003,G009,EMPTY,MANEUVERING,0.2919352723251689
1227.0,cctv2,C2_S004,G010,OCCUPIED,OCCUPIED,0.8055157829414715
1227.0,cctv2,C2_S005,G001,EMPTY,EMPTY,0.01
1227.0,cctv2,C2_S006,G003,OCCUPIED,LEAVING,0.8153504952788353
1227.0,cctv2,C2_S007,G004,OCCUPIED,OCCUPIED,0.7944710127331994
1227.0,cctv2,C2_S008,G006,OCCUPIED,OCCUPIED,0.7290870634127747
1227.0,cctv2,C2_S009,G005,OCCUPIED,OCCUPIED,0.746525300483812
1227.0,cctv2,C2_S010,G002,EMPTY,EMPTY,0.01
1227.0,cctv2,C2_S011,G017,OCCUPIED,OCCUPIED,0.8054653005166488
1227.0,cctv2,C2_S012,G018,OCCUPIED,OCCUPIED,0.7531189119273967
1227.0,cctv2,C2_S013,G019,OCCUPIED,OCCUPIED,0.8085071328011426
1227.0,cctv2,C2_S014,G020,EMPTY,EMPTY,0.01
1227.0,cctv3,C3_S001,G021,OCCUPIED,OCCUPIED,0.7557957179167054
1227.0,cctv3,C3_S002,G019,EMPTY,EMPTY,0.01
1227.0,cctv3,C3_S003,G020,OCCUPIED,LEAVING,0.7966163223439997
1227.0,cctv3,C3_S004,G024,OCCUPIED,OCCUPIED,0.8278692697936839
1227.0,cctv3,C3_S005,G025,OCCUPIED,OCCUPIED,0.8279683701016687
1227.0,cctv3,C3_S006,G026,OCCUPIED,OCCUPIED,0.8247883983633736
1227.0,cctv3,C3_S007,G027,EMPTY,EMPTY,0.01
1227.0,cctv3,C3_S008,G028,EMPTY,EMPTY,0.01
1227.0,cctv3,C3_S009,G029,EMPTY,EMPTY,0.01
1227.0,cctv3,C3_S010,G007,OCCUPIED,OCCUPIED,0.6857231335748326
1227.0,cctv3,C3_S011,G008,OCCUPIED,OCCUPIED,0.7955645290288059
1227.0,cctv3,C3_S012,G009,OCCUPIED,OCCUPIED,0.8241918458179994
1228.0,cctv1,C1_S001,G001,OCCUPIED,OCCUPIED,0.7332276544449005
1228.0,cctv1,C1_S002,G002,EMPTY,MANEUVERING,0.1750009500573981
1228.0,cctv1,C1_S003,G003,OCCUPIED,OCCUPIED,0.8373133342374456
1228.0,cctv1,C1_S004,G004,OCCUPIED,OCCUPIED,0.7719767147844488
1228.0,cctv1,C1_S005,G005,OCCUPIED,OCCUPIED,0.6833497912098061
1228.0,cctv1,C1_S006,G006,EMPTY,MANEUVERING,0.2230374391647902
1228.0,cctv2,C2_S001,G007,OCCUPIED,OCCUPIED,0.7079444489289414
1228.0,cctv2,C2_S002,G008,OCCUPIED,OCCUPIED,0.8306961157105186
1228.0,cctv2,C2_S003,G009,EMPTY,MANEUVERING,0.2919352723251689
1228.0,cctv2,C2_S004,G010,OCCUPIED,OCCUPIED,0.8042732658711347
1228.0,cctv2,C2_S005,G001,EMPTY,EMPTY,0.01
1228.0,cctv2,C2_S006,G003,OCCUPIED,OCCUPIED,0.8134602190418677
1228.0,cctv2,C2_S007,G004,OCCUPIED,OCCUPIED,0.7943500540473245
1228.0,cctv2,C2_S008,G006,OCCUPIED,OCCUPIED,0.73091935638677
1228.0,cctv2,C2_S009,G005,OCCUPIED,OCCUPIED,0.7482401757348668
1228.0,cctv2,C2_S010,G002,EMPTY,EMPTY,0.01
1228.0,cctv2,C2_S011,G017,OCCUPIED,OCCUPIED,0.807265354557471
1228.0,cctv2,C2_S012,G018,OCCUPIED,OCCUPIED,0.7543791827830402
1228.0,cctv2,C2_S013,G019,OCCUPIED,OCCUPIED,0.8092131934382699
1228.0,cctv2,C2_S014,G020,EMPTY,EMPTY,0.01
1228.0,cctv3,C3_S001,G021,OCCUPIED,OCCUPIED,0.7545365796847777
1228.0,cctv3,C3_S002,G019,EMPTY,EMPTY,0.01
1228.0,cctv3,C3_S003,G020,OCCUPIED,LEAVING,0.7961717925288461
1228.0,cctv3,C3_S004,G024,OCCUPIED,OCCUPIED,0.8281342216513374
1228.0,cctv3,C3_S005,G025,OCCUPIED,OCCUPIED,0.8279624684290453
1228.0,cctv3,C3_S006,G026,OCCUPIED,OCCUPIED,0.8248130641200326
1228.0,cctv3,C3_S007,G027,EMPTY,EMPTY,0.01
1228.0,cctv3,C3_S008,G028,EMPTY,EMPTY,0.01
1228.0,cctv3,C3_S009,G029,EMPTY,EMPTY,0.01
1228.0,cctv3,C3_S010,G007,OCCUPIED,OCCUPIED,0.6857103823531758
1228.0,cctv3,C3_S011,G008,OCCUPIED,OCCUPIED,0.7956513513218273
1228.0,cctv3,C3_S012,G009,OCCUPIED,OCCUPIED,0.824313485622406
1229.0,cctv1,C1_S001,G001,OCCUPIED,OCCUPIED,0.6508585645292293
1229.0,cctv1,C1_S002,G002,EMPTY,MANEUVERING,0.1750009500573981
1229.0,cctv1,C1_S003,G003,OCCUPIED,OCCUPIED,0.8374411374330522
1229.0,cctv1,C1_S004,G004,OCCUPIED,OCCUPIED,0.7728139045563611
1229.0,cctv1,C1_S005,G005,OCCUPIED,OCCUPIED,0.7305049260367047
1229.0,cctv1,C1_S006,G006,EMPTY,MANEUVERING,0.2230374391647902
1229.0,cctv2,C2_S001,G007,OCCUPIED,OCCUPIED,0.7066756979037415
1229.0,cctv2,C2_S002,G008,OCCUPIED,OCCUPIED,0.8312319194728679
1229.0,cctv2,C2_S003,G009,EMPTY,MANEUVERING,0.2919352723251689
1229.0,cctv2,C2_S004,G010,OCCUPIED,OCCUPIED,0.8031678446314552
1229.0,cctv2,C2_S005,G001,EMPTY,EMPTY,0.01
1229.0,cctv2,C2_S006,G003,OCCUPIED,OCCUPIED,0.8111054606058381
1229.0,cctv2,C2_S007,G004,OCCUPIED,OCCUPIED,0.7939653911373833
1229.0,cctv2,C2_S008,G006,OCCUPIED,OCCUPIED,0.7313750006664883
1229.0,cctv2,C2_S009,G005,OCCUPIED,OCCUPIED,0.7472483981062066
1229.0,cctv2,C2_S010,G002,EMPTY,EMPTY,0.01
1229.0,cctv2,C2_S011,G017,OCCUPIED,OCCUPIED,0.8087343760512092
1229.0,cctv2,C2_S012,G018,OCCUPIED,OCCUPIED,0.7547729599204931
1229.0,cctv2,C2_S013,G019,OCCUPIED,OCCUPIED,0.8105218025771055
1229.0,cctv2,C2_S014,G020,EMPTY,EMPTY,0.01
1229.0,cctv3,C3_S001,G021,OCCUPIED,OCCUPIED,0.7545034694400701
1229.0,cctv3,C3_S002,G019,EMPTY,EMPTY,0.01
1229.0,cctv3,C3_S003,G020,OCCUPIED,LEAVING,0.7965589864687487
1229.0,cctv3,C3_S004,G024,OCCUPIED,OCCUPIED,0.8279112390496515
1229.0,cctv3,C3_S005,G025,OCCUPIED,OCCUPIED,0.8286832267587836
1229.0,cctv3,C3_S006,G026,OCCUPIED,OCCUPIED,0.8248610545288433
1229.0,cctv3,C3_S007,G027,EMPTY,EMPTY,0.01
1229.0,cctv3,C3_S008,G028,EMPTY,EMPTY,0.01
1229.0,cctv3,C3_S009,G029,EMPTY,EMPTY,0.01
1229.0,cctv3,C3_S010,G007,OCCUPIED,OCCUPIED,0.6855398340929638
1229.0,cctv3,C3_S011,G008,OCCUPIED,OCCUPIED,0.7947865567424082
1229.0,cctv3,C3_S012,G009,OCCUPIED,OCCUPIED,0.8251969621940093
1230.0,cctv1,C1_S001,G001,OCCUPIED,OCCUPIED,0.646740694868971
1230.0,cctv1,C1_S002,G002,EMPTY,EMPTY,0.01
1230.0,cctv1,C1_S003,G003,OCCUPIED,OCCUPIED,0.837844692035155
1230.0,cctv1,C1_S004,G004,OCCUPIED,OCCUPIED,0.7749054224653678
1230.0,cctv1,C1_S005,G005,OCCUPIED,OCCUPIED,0.7295009671558034
1230.0,cctv1,C1_S006,G006,EMPTY,MANEUVERING,0.3324740033908324
1230.0,cctv2,C2_S001,G007,OCCUPIED,OCCUPIED,0.7081304945458066
1230.0,cctv2,C2_S002,G008,OCCUPIED,OCCUPIED,0.8314149509776723
1230.0,cctv2,C2_S003,G009,EMPTY,MANEUVERING,0.2919352723251689
1230.0,cctv2,C2_S004,G010,OCCUPIED,OCCUPIED,0.8024543152614074
1230.0,cctv2,C2_S005,G001,EMPTY,EMPTY,0.01
1230.0,cctv2,C2_S006,G003,OCCUPIED,OCCUPIED,0.8088953512636099
1230.0,cctv2,C2_S007,G004,OCCUPIED,OCCUPIED,0.7978337103670294
1230.0,cctv2,C2_S008,G006,OCCUPIED,OCCUPIED,0.7659441475163807
1230.0,cctv2,C2_S009,G005,OCCUPIED,OCCUPIED,0.747284724156965
1230.0,cctv2,C2_S010,G002,EMPTY,EMPTY,0.01
1230.0,cctv2,C2_S011,G017,OCCUPIED,OCCUPIED,0.8104390409859745
1230.0,cctv2,C2_S012,G018,OCCUPIED,OCCUPIED,0.7562338230284779
1230.0,cctv2,C2_S013,G019,OCCUPIED,OCCUPIED,0.8157781600952149
1230.0,cctv2,C2_S014,G020,EMPTY,EMPTY,0.01
1230.0,cctv3,C3_S001,G021,OCCUPIED,OCCUPIED,0.7549503986131062
1230.0,cctv3,C3_S002,G019,EMPTY,EMPTY,0.01
1230.0,cctv3,C3_S003,G020,OCCUPIED,LEAVING,0.7988524003462358
1230.0,cctv3,C3_S004,G024,OCCUPIED,OCCUPIED,0.827981610460715
1230.0,cctv3,C3_S005,G025,OCCUPIED,OCCUPIED,0.8288533210754395
1230.0,cctv3,C3_S006,G026,OCCUPIED,OCCUPIED,0.8249534444375473
1230.0,cctv3,C3_S007,G027,EMPTY,EMPTY,0.01
1230.0,cctv3,C3_S008,G028,EMPTY,EMPTY,0.01
1230.0,cctv3,C3_S009,G029,EMPTY,EMPTY,0.01
1230.0,cctv3,C3_S010,G007,OCCUPIED,OCCUPIED,0.6839372003484856
1230.0,cctv3,C3_S011,G008,OCCUPIED,OCCUPIED,0.7970991012724964
1230.0,cctv3,C3_S012,G009,OCCUPIED,OCCUPIED,0.8261013941331343
