time_sec,cctv,local_id,global_id,state,phase,occupied_score
900.0,cctv1,C1_S001,G001,OCCUPIED,OCCUPIED,0.8203214377164841
900.0,cctv1,C1_S002,G002,EMPTY,EMPTY,0.01
900.0,cctv1,C1_S003,G003,OCCUPIED,OCCUPIED,0.8372130602598191
900.0,cctv1,C1_S004,G004,OCCUPIED,OCCUPIED,0.7831063866615297
900.0,cctv1,C1_S005,G005,OCCUPIED,OCCUPIED,0.7688297301530839
900.0,cctv1,C1_S006,G006,EMPTY,EMPTY,0.01
900.0,cctv2,C2_S001,G007,EMPTY,MANEUVERING,0.49
900.0,cctv2,C2_S002,G008,OCCUPIED,OCCUPIED,0.8125331610441209
900.0,cctv2,C2_S003,G009,OCCUPIED,OCCUPIED,0.778885367512703
900.0,cctv2,C2_S004,G010,OCCUPIED,OCCUPIED,0.8013084471225739
900.0,cctv2,C2_S005,G001,EMPTY,EMPTY,0.01
900.0,cctv2,C2_S006,G003,OCCUPIED,OCCUPIED,0.8040070444345475
900.0,cctv2,C2_S007,G004,OCCUPIED,OCCUPIED,0.8090204775333405
900.0,cctv2,C2_S008,G006,OCCUPIED,OCCUPIED,0.7757443755865098
900.0,cctv2,C2_S009,G005,OCCUPIED,OCCUPIED,0.8085455209016801
900.0,cctv2,C2_S010,G002,OCCUPIED,OCCUPIED,0.7960899412631989
900.0,cctv2,C2_S011,G017,OCCUPIED,OCCUPIED,0.7828474640846254
900.0,cctv2,C2_S012,G018,OCCUPIED,OCCUPIED,0.7516296356916429
900.0,cctv2,C2_S013,G019,OCCUPIED,OCCUPIED,0.8306720912456513
900.0,cctv2,C2_S014,G020,EMPTY,EMPTY,0.01
900.0,cctv3,C3_S001,G021,OCCUPIED,OCCUPIED,0.8023831456899644
900.0,cctv3,C3_S002,G019,EMPTY,EMPTY,0.01
900.0,cctv3,C3_S003,G020,OCCUPIED,OCCUPIED,0.8253735482692719
900.0,cctv3,C3_S004,G024,OCCUPIED,OCCUPIED,0.8276766002178193
900.0,cctv3,C3_S005,G025,OCCUPIED,OCCUPIED,0.8279835343360902
900.0,cctv3,C3_S006,G026,OCCUPIED,OCCUPIED,0.8244673997163773
900.0,cctv3,C3_S007,G027,EMPTY,EMPTY,0.01
900.0,cctv3,C3_S008,G028,EMPTY,EMPTY,0.01
900.0,cctv3,C3_S009,G029,EMPTY,EMPTY,0.01
900.0,cctv3,C3_S010,G007,EMPTY,EMPTY,0.01
900.0,cctv3,C3_S011,G008,OCCUPIED,OCCUPIED,0.7851672887802125
900.0,cctv3,C3_S012,G009,OCCUPIED,OCCUPIED,0.8259098649024964
901.0,cctv1,C1_S001,G001,OCCUPIED,OCCUPIED,0.8199386149644852
901.0,cctv1,C1_S002,G002,EMPTY,EMPTY,0.01
901.0,cctv1,C1_S003,G003,OCCUPIED,OCCUPIED,0.8373791560530663
901.0,cctv1,C1_S004,G004,OCCUPIED,OCCUPIED,0.7819547712802888
901.0,cctv1,C1_S005,G005,OCCUPIED,OCCUPIED,0.7813338667154313
901.0,cctv1,C1_S006,G006,EMPTY,EMPTY,0.01
901.0,cctv2,C2_S001,G007,OCCUPIED,OCCUPIED,0.7439413528889418
901.0,cctv2,C2_S002,G008,OCCUPIED,OCCUPIED,0.8122110143303872
901.0,cctv2,C2_S003,G009,OCCUPIED,OCCUPIED,0.51
901.0,cctv2,C2_S004,G010,OCCUPIED,OCCUPIED,0.7996539399027826
901.0,cctv2,C2_S005,G001,EMPTY,EMPTY,0.01
901.0,cctv2,C2_S006,G003,OCCUPIED,OCCUPIED,0.8002109408378602
901.0,cctv2,C2_S007,G004,OCCUPIED,OCCUPIED,0.8039257690310478
901.0,cctv2,C2_S008,G006,OCCUPIED,OCCUPIED,0.7702982686460019
901.0,cctv2,C2_S009,G005,OCCUPIED,OCCUPIED,0.8069674029946328
901.0,cctv2,C2_S010,G002,OCCUPIED,OCCUPIED,0.80992179363966
901.0,cctv2,C2_S011,G017,OCCUPIED,OCCUPIED,0.8024420246481896
901.0,cctv2,C2_S012,G018,OCCUPIED,OCCUPIED,0.7528274923563004
901.0,cctv2,C2_S013,G019,OCCUPIED,OCCUPIED,0.8304297000169755
901.0,cctv2,C2_S014,G020,EMPTY,EMPTY,0.01
901.0,cctv3,C3_S001,G021,OCCUPIED,OCCUPIED,0.7932097628712654
901.0,cctv3,C3_S002,G019,EMPTY,EMPTY,0.01
901.0,cctv3,C3_S003,G020,OCCUPIED,OCCUPIED,0.8255763366818428
901.0,cctv3,C3_S004,G024,OCCUPIED,OCCUPIED,0.8276220530271531
901.0,cctv3,C3_S005,G025,OCCUPIED,OCCUPIED,0.8281455665826798
901.0,cctv3,C3_S006,G026,OCCUPIED,OCCUPIED,0.825658667087555
901.0,cctv3,C3_S007,G027,EMPTY,MANEUVERING,0.420044651478529
901.0,cctv3,C3_S008,G028,EMPTY,EMPTY,0.01
901.0,cctv3,C3_S009,G029,EMPTY,EMPTY,0.01
901.0,cctv3,C3_S010,G007,EMPTY,MANEUVERING,0.4528030633926392
901.0,cctv3,C3_S011,G008,OCCUPIED,OCCUPIED,0.7338725143671037
901.0,cctv3,C3_S012,G009,OCCUPIED,OCCUPIED,0.8274837717413903
902.0,cctv1,C1_S001,G001,OCCUPIED,OCCUPIED,0.8189460247755052
902.0,cctv1,C1_S002,G002,EMPTY,EMPTY,0.01
902.0,cctv1,C1_S003,G003,OCCUPIED,LEAVING,0.8172520756721497
902.0,cctv1,C1_S004,G004,OCCUPIED,OCCUPIED,0.784266608953476
902.0,cctv1,C1_S005,G005,OCCUPIED,OCCUPIED,0.7739805296063423
902.0,cctv1,C1_S006,G006,EMPTY,EMPTY,0.01
902.0,cctv2,C2_S001,G007,OCCUPIED,OCCUPIED,0.7423407904803754
902.0,cctv2,C2_S002,G008,OCCUPIED,LEAVING,0.8020417362451554
902.0,cctv2,C2_S003,G009,OCCUPIED,OCCUPIED,0.51
902.0,cctv2,C2_S004,G010,OCCUPIED,OCCUPIED,0.8009603470563889
902.0,cctv2,C2_S005,G001,EMPTY,EMPTY,0.01
902.0,cctv2,C2_S006,G003,OCCUPIED,OCCUPIED,0.7996309906244279
902.0,cctv2,C2_S007,G004,OCCUPIED,OCCUPIED,0.8031610876321793
902.0,cctv2,C2_S008,G006,OCCUPIED,OCCUPIED,0.766817593574524
902.0,cctv2,C2_S009,G005,OCCUPIED,OCCUPIED,0.807753485441208
902.0,cctv2,C2_S010,G002,OCCUPIED,OCCUPIED,0.8111713886260987
902.0,cctv2,C2_S011,G017,OCCUPIED,OCCUPIED,0.8026412576436998
902.0,cctv2,C2_S012,G018,OCCUPIED,OCCUPIED,0.7518816739320756
902.0,cctv2,C2_S013,G019,OCCUPIED,OCCUPIED,0.8300470918416978
902.0,cctv2,C2_S014,G020,EMPTY,EMPTY,0.01
902.0,cctv3,C3_S001,G021,OCCUPIED,OCCUPIED,0.788516116142273
902.0,cctv3,C3_S002,G019,EMPTY,EMPTY,0.01
902.0,cctv3,C3_S003,G020,OCCUPIED,OCCUPIED,0.8235667645931244
902.0,cctv3,C3_S004,G024,OCCUPIED,OCCUPIED,0.827716487646103
902.0,cctv3,C3_S005,G025,OCCUPIED,OCCUPIED,0.828443530201912
902.0,cctv3,C3_S006,G026,OCCUPIED,OCCUPIED,0.8257295787334442
902.0,cctv3,C3_S007,G027,EMPTY,MANEUVERING,0.3233779848118623
902.0,cctv3,C3_S008,G028,EMPTY,EMPTY,0.01
902.0,cctv3,C3_S009,G029,EMPTY,EMPTY,0.01
902.0,cctv3,C3_S010,G007,EMPTY,MANEUVERING,0.49
902.0,cctv3,C3_S011,G008,OCCUPIED,OCCUPIED,0.7967900782823564
902.0,cctv3,C3_S012,G009,OCCUPIED,OCCUPIED,0.8274917513132096
903.0,cctv1,C1_S001,G001,OCCUPIED,OCCUPIED,0.8196403756737709
903.0,cctv1,C1_S002,G002,EMPTY,EMPTY,0.01
903.0,cctv1,C1_S003,G003,OCCUPIED,LEAVING,0.8226195029914379
903.0,cctv1,C1_S004,G004,OCCUPIED,OCCUPIED,0.785860324651003
903.0,cctv1,C1_S005,G005,OCCUPIED,OCCUPIED,0.770790108665824
903.0,cctv1,C1_S006,G006,EMPTY,EMPTY,0.01
903.0,cctv2,C2_S001,G007,OCCUPIED,OCCUPIED,0.7464412895962597
903.0,cctv2,C2_S002,G008,OCCUPIED,LEAVING,0.8038282908499241
903.0,cctv2,C2_S003,G009,OCCUPIED,LEAVING,0.51
903.0,cctv2,C2_S004,G010,OCCUPIED,OCCUPIED,0.8014404073357583
903.0,cctv2,C2_S005,G001,EMPTY,EMPTY,0.01
903.0,cctv2,C2_S006,G003,OCCUPIED,OCCUPIED,0.799326191842556
903.0,cctv2,C2_S007,G004,OCCUPIED,OCCUPIED,0.8039622873067857
903.0,cctv2,C2_S008,G006,OCCUPIED,OCCUPIED,0.7683053806424142
903.0,cctv2,C2_S009,G005,OCCUPIED,OCCUPIED,0.8056255251169205
903.0,cctv2,C2_S010,G002,OCCUPIED,OCCUPIED,0.8105569116771222
903.0,cctv2,C2_S011,G017,OCCUPIED,OCCUPIED,0.8034350879490376
903.0,cctv2,C2_S012,G018,OCCUPIED,OCCUPIED,0.751957006007433
903.0,cctv2,C2_S013,G019,OCCUPIED,OCCUPIED,0.829959861934185
903.0,cctv2,C2_S014,G020,EMPTY,EMPTY,0.01
903.0,cctv3,C3_S001,G021,OCCUPIED,OCCUPIED,0.7888385757803917
903.0,cctv3,C3_S002,G019,EMPTY,EMPTY,0.01
903.0,cctv3,C3_S003,G020,OCCUPIED,OCCUPIED,0.821114806085825
903.0,cctv3,C3_S004,G024,OCCUPIED,OCCUPIED,0.8279634691774845
903.0,cctv3,C3_S005,G025,OCCUPIED,OCCUPIED,0.8268558464944363
903.0,cctv3,C3_S006,G026,OCCUPIED,OCCUPIED,0.8253356195986271
903.0,cctv3,C3_S007,G027,EMPTY,MANEUVERING,0.2750446514785289
903.0,cctv3,C3_S008,G028,EMPTY,EMPTY,0.01
903.0,cctv3,C3_S009,G029,EMPTY,EMPTY,0.01
903.0,cctv3,C3_S010,G007,EMPTY,MANEUVERING,0.49
903.0,cctv3,C3_S011,G008,OCCUPIED,OCCUPIED,0.7978553265333176
903.0,cctv3,C3_S012,G009,OCCUPIED,OCCUPIED,0.8271933197975159
904.0,cctv1,C1_S001,G001,OCCUPIED,OCCUPIED,0.8201578944921494
904.0,cctv1,C1_S002,G002,EMPTY,EMPTY,0.01
904.0,cctv1,C1_S003,G003,OCCUPIED,LEAVING,0.8114068076014519
904.0,cctv1,C1_S004,G004,OCCUPIED,OCCUPIED,0.783525023162365
904.0,cctv1,C1_S005,G005,OCCUPIED,OCCUPIED,0.7647946479916573
904.0,cctv1,C1_S006,G006,EMPTY,MANEUVERING,0.2826409232616425
904.0,cctv2,C2_S001,G007,OCCUPIED,OCCUPIED,0.7495159722864628
904.0,cctv2,C2_S002,G008,OCCUPIED,LEAVING,0.8027446985244752
904.0,cctv2,C2_S003,G009,OCCUPIED,LEAVING,0.51
904.0,cctv2,C2_S004,G010,OCCUPIED,OCCUPIED,0.794091641008854
904.0,cctv2,C2_S005,G001,EMPTY,EMPTY,0.01
904.0,cctv2,C2_S006,G003,OCCUPIED,OCCUPIED,0.7986808264255524
904.0,cctv2,C2_S007,G004,OCCUPIED,OCCUPIED,0.8039821910858155
904.0,cctv2,C2_S008,G006,OCCUPIED,OCCUPIED,0.770826085805893
904.0,cctv2,C2_S009,G005,OCCUPIED,OCCUPIED,0.8061780440807343
904.0,cctv2,C2_S010,G002,OCCUPIED,OCCUPIED,0.8113847732543946
904.0,cctv2,C2_S011,G017,OCCUPIED,OCCUPIED,0.8029168033599854
904.0,cctv2,C2_S012,G018,OCCUPIED,OCCUPIED,0.7545557022094728
904.0,cctv2,C2_S013,G019,OCCUPIED,OCCUPIED,0.8297561097145081
904.0,cctv2,C2_S014,G020,EMPTY,EMPTY,0.01
904.0,cctv3,C3_S001,G021,OCCUPIED,OCCUPIED,0.7869501101970673
904.0,cctv3,C3_S002,G019,EMPTY,EMPTY,0.01
904.0,cctv3,C3_S003,G020,OCCUPIED,OCCUPIED,0.8222334861755372
904.0,cctv3,C3_S004,G024,OCCUPIED,OCCUPIED,0.8282330495119096
904.0,cctv3,C3_S005,G025,OCCUPIED,OCCUPIED,0.8259903901815415
904.0,cctv3,C3_S006,G026,OCCUPIED,OCCUPIED,0.8251301431655884
904.0,cctv3,C3_S007,G027,EMPTY,MANEUVERING,0.2550446514785289
904.0,cctv3,C3_S008,G028,EMPTY,EMPTY,0.01
904.0,cctv3,C3_S009,G029,EMPTY,EMPTY,0.01
904.0,cctv3,C3_S010,G007,EMPTY,MANEUVERING,0.49
904.0,cctv3,C3_S011,G008,OCCUPIED,OCCUPIED,0.7954403978586198
904.0,cctv3,C3_S012,G009,OCCUPIED,OCCUPIED,0.8274098312854767
905.0,cctv1,C1_S001,G001,OCCUPIED,OCCUPIED,0.8197242289781571
905.0,cctv1,C1_S002,G002,EMPTY,EMPTY,0.01
905.0,cctv1,C1_S003,G003,OCCUPIED,LEAVING,0.8157511152327062
905.0,cctv1,C1_S004,G004,OCCUPIED,OCCUPIED,0.7822088547050954
905.0,cctv1,C1_S005,G005,OCCUPIED,OCCUPIED,0.7610224097967149
905.0,cctv1,C1_S006,G006,EMPTY,MANEUVERING,0.2693075899283091
905.0,cctv2,C2_S001,G007,OCCUPIED,OCCUPIED,0.7509669695049525
905.0,cctv2,C2_S002,G008,OCCUPIED,LEAVING,0.8046319723129273
905.0,cctv2,C2_S003,G009,OCCUPIED,LEAVING,0.51
905.0,cctv2,C2_S004,G010,OCCUPIED,OCCUPIED,0.7927242629230024
905.0,cctv2,C2_S005,G001,EMPTY,EMPTY,0.01
905.0,cctv2,C2_S006,G003,OCCUPIED,OCCUPIED,0.7990883737802507
905.0,cctv2,C2_S007,G004,OCCUPIED,OCCUPIED,0.8029130086302758
905.0,cctv2,C2_S008,G006,OCCUPIED,OCCUPIED,0.7703950166702271
905.0,cctv2,C2_S009,G005,OCCUPIED,OCCUPIED,0.8054477930068971
905.0,cctv2,C2_S010,G002,OCCUPIED,OCCUPIED,0.8099127426743508
905.0,cctv2,C2_S011,G017,OCCUPIED,OCCUPIED,0.8014646887779237
905.0,cctv2,C2_S012,G018,OCCUPIED,OCCUPIED,0.7536328993737699
905.0,cctv2,C2_S013,G019,OCCUPIED,OCCUPIED,0.8309796765446664
905.0,cctv2,C2_S014,G020,EMPTY,EMPTY,0.01
905.0,cctv3,C3_S001,G021,OCCUPIED,OCCUPIED,0.7868039414286614
905.0,cctv3,C3_S002,G019,EMPTY,EMPTY,0.01
905.0,cctv3,C3_S003,G020,OCCUPIED,OCCUPIED,0.82279162555933
905.0,cctv3,C3_S004,G024,OCCUPIED,OCCUPIED,0.8283923327922822
905.0,cctv3,C3_S005,G025,OCCUPIED,OCCUPIED,0.8263575464487076
905.0,cctv3,C3_S006,G026,OCCUPIED,OCCUPIED,0.8250928685069084
905.0,cctv3,C3_S007,G027,EMPTY,MANEUVERING,0.3075681719866892
905.0,cctv3,C3_S008,G028,EMPTY,EMPTY,0.01
905.0,cctv3,C3_S009,G029,EMPTY,MANEUVERING,0.2608361121515433
905.0,cctv3,C3_S010,G007,EMPTY,MANEUVERING,0.4407415896654129
905.0,cctv3,C3_S011,G008,OCCUPIED,LEAVING,0.735485031604767
905.0,cctv3,C3_S012,G009,OCCUPIED,OCCUPIED,0.8274641662836075
906.0,cctv1,C1_S001,G001,OCCUPIED,OCCUPIED,0.818787403191839
906.0,cctv1,C1_S002,G002,EMPTY,EMPTY,0.01
906.0,cctv1,C1_S003,G003,OCCUPIED,LEAVING,0.8188488034265382
906.0,cctv1,C1_S004,G004,OCCUPIED,OCCUPIED,0.78226867467165
906.0,cctv1,C1_S005,G005,OCCUPIED,LEAVING,0.7436750884992737
906.0,cctv1,C1_S006,G006,EMPTY,MANEUVERING,0.2975673102906772
906.0,cctv2,C2_S001,G007,OCCUPIED,OCCUPIED,0.7513729958661965
906.0,cctv2,C2_S002,G008,OCCUPIED,LEAVING,0.80671583541802
906.0,cctv2,C2_S003,G009,OCCUPIED,LEAVING,0.5269862504197018
906.0,cctv2,C2_S004,G010,OCCUPIED,OCCUPIED,0.792582749256066
906.0,cctv2,C2_S005,G001,EMPTY,EMPTY,0.01
906.0,cctv2,C2_S006,G003,OCCUPIED,OCCUPIED,0.7985379104103362
906.0,cctv2,C2_S007,G004,OCCUPIED,OCCUPIED,0.8020352133682797
906.0,cctv2,C2_S008,G006,OCCUPIED,OCCUPIED,0.7670721897057126
906.0,cctv2,C2_S009,G005,OCCUPIED,OCCUPIED,0.8041871854237148
906.0,cctv2,C2_S010,G002,OCCUPIED,OCCUPIED,0.8103548369237356
906.0,cctv2,C2_S011,G017,OCCUPIED,OCCUPIED,0.8004927950245994
906.0,cctv2,C2_S012,G018,OCCUPIED,OCCUPIED,0.7540927663445474
906.0,cctv2,C2_S013,G019,OCCUPIED,OCCUPIED,0.8316437367882048
906.0,cctv2,C2_S014,G020,EMPTY,EMPTY,0.01
906.0,cctv3,C3_S001,G021,OCCUPIED,OCCUPIED,0.7871171333960125
906.0,cctv3,C3_S002,G019,EMPTY,EMPTY,0.01
906.0,cctv3,C3_S003,G020,OCCUPIED,OCCUPIED,0.8230446142809732
906.0,cctv3,C3_S004,G024,OCCUPIED,OCCUPIED,0.8282429946320398
906.0,cctv3,C3_S005,G025,OCCUPIED,OCCUPIED,0.826900196501187
906.0,cctv3,C3_S006,G026,OCCUPIED,OCCUPIED,0.825236902492387
906.0,cctv3,C3_S007,G027,EMPTY,MANEUVERING,0.3918650807919247
906.0,cctv3,C3_S008,G028,EMPTY,EMPTY,0.01
906.0,cctv3,C3_S009,G029,EMPTY,MANEUVERING,0.3490063037297555
906.0,cctv3,C3_S010,G007,EMPTY,MANEUVERING,0.3585987325225557
906.0,cctv3,C3_S011,G008,OCCUPIED,LEAVING,0.7443850537708827
906.0,cctv3,C3_S012,G009,OCCUPIED,OCCUPIED,0.826809213416917
907.0,cctv1,C1_S001,G001,OCCUPIED,LEAVING,0.8077970658428968
907.0,cctv1,C1_S002,G002,EMPTY,EMPTY,0.01
907.0,cctv1,C1_S003,G003,OCCUPIED,LEAVING,0.8209671756252647
907.0,cctv1,C1_S004,G004,OCCUPIED,OCCUPIED,0.7807679373770953
907.0,cctv1,C1_S005,G005,OCCUPIED,LEAVING,0.7337796195223928
907.0,cctv1,C1_S006,G006,EMPTY,MANEUVERING,0.3492386774718762
907.0,cctv2,C2_S001,G007,OCCUPIED,OCCUPIED,0.749653768260032
907.0,cctv2,C2_S002,G008,OCCUPIED,LEAVING,0.8078747775405646
907.0,cctv2,C2_S003,G009,OCCUPIED,LEAVING,0.5461138653755188
907.0,cctv2,C2_S004,G010,OCCUPIED,OCCUPIED,0.7923415647819639
907.0,cctv2,C2_S005,G001,EMPTY,EMPTY,0.01
907.0,cctv2,C2_S006,G003,OCCUPIED,OCCUPIED,0.800039977952838
907.0,cctv2,C2_S007,G004,OCCUPIED,OCCUPIED,0.8015720613300801
907.0,cctv2,C2_S008,G006,OCCUPIED,OCCUPIED,0.7667002439498902
907.0,cctv2,C2_S009,G005,OCCUPIED,OCCUPIED,0.8022147990763188
907.0,cctv2,C2_S010,G002,OCCUPIED,OCCUPIED,0.8089112546294929
907.0,cctv2,C2_S011,G017,OCCUPIED,OCCUPIED,0.7999472796916962
907.0,cctv2,C2_S012,G018,OCCUPIED,OCCUPIED,0.7555032869800926
907.0,cctv2,C2_S013,G019,OCCUPIED,OCCUPIED,0.8323937453329564
907.0,cctv2,C2_S014,G020,EMPTY,EMPTY,0.01
907.0,cctv3,C3_S001,G021,OCCUPIED,OCCUPIED,0.7886594533920289
907.0,cctv3,C3_S002,G019,EMPTY,EMPTY,0.01
907.0,cctv3,C3_S003,G020,OCCUPIED,OCCUPIED,0.8232431657612325
907.0,cctv3,C3_S004,G024,OCCUPIED,OCCUPIED,0.8282346036285162
907.0,cctv3,C3_S005,G025,OCCUPIED,OCCUPIED,0.8272436693310738
907.0,cctv3,C3_S006,G026,OCCUPIED,OCCUPIED,0.8252745646983386
907.0,cctv3,C3_S007,G027,EMPTY,MANEUVERING,0.4676171121839434
907.0,cctv3,C3_S008,G028,EMPTY,EMPTY,0.01
907.0,cctv3,C3_S009,G029,EMPTY,MANEUVERING,0.3347205894440412
907.0,cctv3,C3_S010,G007,EMPTY,MANEUVERING,0.2857415896654129
907.0,cctv3,C3_S011,G008,OCCUPIED,LEAVING,0.7516550178825856
907.0,cctv3,C3_S012,G009,OCCUPIED,OCCUPIED,0.8264757193624974
908.0,cctv1,C1_S001,G001,OCCUPIED,LEAVING,0.8007646111150584
908.0,cctv1,C1_S002,G002,EMPTY,EMPTY,0.01
908.0,cctv1,C1_S003,G003,OCCUPIED,LEAVING,0.822675099472205
908.0,cctv1,C1_S004,G004,OCCUPIED,OCCUPIED,0.7808081090450287
908.0,cctv1,C1_S005,G005,OCCUPIED,LEAVING,0.7357968816161157
908.0,cctv1,C1_S006,G006,EMPTY,MANEUVERING,0.2842386774718761
908.0,cctv2,C2_S001,G007,OCCUPIED,OCCUPIED,0.7497426403065524
908.0,cctv2,C2_S002,G008,OCCUPIED,LEAVING,0.8082374761501949
908.0,cctv2,C2_S003,G009,OCCUPIED,LEAVING,0.5611733691642682
908.0,cctv2,C2_S004,G010,OCCUPIED,OCCUPIED,0.7936215862631798
908.0,cctv2,C2_S005,G001,EMPTY,EMPTY,0.01
908.0,cctv2,C2_S006,G003,OCCUPIED,OCCUPIED,0.8025804102420807
908.0,cctv2,C2_S007,G004,OCCUPIED,OCCUPIED,0.801727984348933
908.0,cctv2,C2_S008,G006,OCCUPIED,OCCUPIED,0.7671694889664651
908.0,cctv2,C2_S009,G005,OCCUPIED,OCCUPIED,0.8008669356505077
908.0,cctv2,C2_S010,G002,OCCUPIED,OCCUPIED,0.8071348627408346
908.0,cctv2,C2_S011,G017,OCCUPIED,OCCUPIED,0.7999849498271943
908.0,cctv2,C2_S012,G018,OCCUPIED,OCCUPIED,0.7546096334854763
908.0,cctv2,C2_S013,G019,OCCUPIED,OCCUPIED,0.8329906096061072
908.0,cctv2,C2_S014,G020,EMPTY,EMPTY,0.01
908.0,cctv3,C3_S001,G021,OCCUPIED,OCCUPIED,0.7884593238433203
908.0,cctv3,C3_S002,G019,EMPTY,EMPTY,0.01
908.0,cctv3,C3_S003,G020,OCCUPIED,OCCUPIED,0.8234058499336243
908.0,cctv3,C3_S004,G024,OCCUPIED,OCCUPIED,0.8283313741286596
908.0,cctv3,C3_S005,G025,OCCUPIED,OCCUPIED,0.8274484237035116
908.0,cctv3,C3_S006,G026,OCCUPIED,OCCUPIED,0.825347184141477
908.0,cctv3,C3_S007,G027,EMPTY,MANEUVERING,0.4453948899617212
908.0,cctv3,C3_S008,G028,EMPTY,EMPTY,0.01
908.0,cctv3,C3_S009,G029,EMPTY,MANEUVERING,0.4165322438379129
908.0,cctv3,C3_S010,G007,EMPTY,MANEUVERING,0.2640749229987462
908.0,cctv3,C3_S011,G008,OCCUPIED,LEAVING,0.7560681706666946
908.0,cctv3,C3_S012,G009,OCCUPIED,OCCUPIED,0.8267205705245336
909.0,cctv1,C1_S001,G001,OCCUPIED,LEAVING,0.7937130700051785
909.0,cctv1,C1_S002,G002,EMPTY,EMPTY,0.01
909.0,cctv1,C1_S003,G003,OCCUPIED,LEAVING,0.8241062344610691
909.0,cctv1,C1_S004,G004,OCCUPIED,OCCUPIED,0.7798109643161297
909.0,cctv1,C1_S005,G005,OCCUPIED,LEAVING,0.7246481549143792
909.0,cctv1,C1_S006,G006,EMPTY,MANEUVERING,0.3652084171250462
909.0,cctv2,C2_S001,G007,OCCUPIED,OCCUPIED,0.748786971345544
909.0,cctv2,C2_S002,G008,OCCUPIED,LEAVING,0.8085708597302438
909.0,cctv2,C2_S003,G009,OCCUPIED,LEAVING,0.6179729670073304
909.0,cctv2,C2_S004,G010,OCCUPIED,OCCUPIED,0.7940017391741276
909.0,cctv2,C2_S005,G001,EMPTY,EMPTY,0.01
909.0,cctv2,C2_S006,G003,OCCUPIED,OCCUPIED,0.8036323246359826
909.0,cctv2,C2_S007,G004,OCCUPIED,OCCUPIED,0.8013063979148866
909.0,cctv2,C2_S008,G006,OCCUPIED,OCCUPIED,0.7667310401797295
909.0,cctv2,C2_S009,G005,OCCUPIED,OCCUPIED,0.8002105885744095
909.0,cctv2,C2_S010,G002,OCCUPIED,OCCUPIED,0.8066178208589554
909.0,cctv2,C2_S011,G017,OCCUPIED,OCCUPIED,0.8008419170975686
909.0,cctv2,C2_S012,G018,OCCUPIED,OCCUPIED,0.7532889954745771
909.0,cctv2,C2_S013,G019,OCCUPIED,OCCUPIED,0.833501236140728
909.0,cctv2,C2_S014,G020,EMPTY,EMPTY,0.01
909.0,cctv3,C3_S001,G021,OCCUPIED,OCCUPIED,0.7881181782484055
909.0,cctv3,C3_S002,G019,EMPTY,EMPTY,0.01
909.0,cctv3,C3_S003,G020,OCCUPIED,OCCUPIED,0.8229496002197266
909.0,cctv3,C3_S004,G024,OCCUPIED,OCCUPIED,0.8285441634058953
909.0,cctv3,C3_S005,G025,OCCUPIED,OCCUPIED,0.8274954679608346
909.0,cctv3,C3_S006,G026,OCCUPIED,OCCUPIED,0.8253184548020364
909.0,cctv3,C3_S007,G027,EMPTY,MANEUVERING,0.3826171121839434
909.0,cctv3,C3_S008,G028,EMPTY,EMPTY,0.01
909.0,cctv3,C3_S009,G029,EMPTY,MANEUVERING,0.3581989105045795
909.0,cctv3,C3_S010,G007,EMPTY,MANEUVERING,0.2467415896654129
909.0,cctv3,C3_S011,G008,OCCUPIED,LEAVING,0.7586797215938569
909.0,cctv3,C3_S012,G009,OCCUPIED,OCCUPIED,0.8267038381099702
910.0,cctv1,C1_S001,G001,OCCUPIED,LEAVING,0.7883345527405089
910.0,cctv1,C1_S002,G002,EMPTY,EMPTY,0.01
910.0,cctv1,C1_S003,G003,OCCUPIED,LEAVING,0.8198351016098804
910.0,cctv1,C1_S004,G004,OCCUPIED,OCCUPIED,0.7791095664555376
910.0,cctv1,C1_S005,G005,OCCUPIED,LEAVING,0.7174804664200004
910.0,cctv1,C1_S006,G006,EMPTY,MANEUVERING,0.3939185799522833
910.0,cctv2,C2_S001,G007,OCCUPIED,OCCUPIED,0.7479902704331008
910.0,cctv2,C2_S002,G008,OCCUPIED,LEAVING,0.8059354023499923
910.0,cctv2,C2_S003,G009,OCCUPIED,LEAVING,0.6276457554576073
910.0,cctv2,C2_S004,G010,OCCUPIED,OCCUPIED,0.7923372167077932
910.0,cctv2,C2_S005,G001,EMPTY,EMPTY,0.01
910.0,cctv2,C2_S006,G003,OCCUPIED,OCCUPIED,0.8048398345708848
910.0,cctv2,C2_S007,G004,OCCUPIED,OCCUPIED,0.8012543071400036
910.0,cctv2,C2_S008,G006,OCCUPIED,OCCUPIED,0.7669773758812385
910.0,cctv2,C2_S009,G005,OCCUPIED,OCCUPIED,0.7997023956342177
910.0,cctv2,C2_S010,G002,OCCUPIED,OCCUPIED,0.8070950814268807
910.0,cctv2,C2_S011,G017,OCCUPIED,OCCUPIED,0.8012197277762674
910.0,cctv2,C2_S012,G018,OCCUPIED,OCCUPIED,0.7533443028276617
910.0,cctv2,C2_S013,G019,OCCUPIED,OCCUPIED,0.8332832591100173
910.0,cctv2,C2_S014,G020,EMPTY,EMPTY,0.01
910.0,cctv3,C3_S001,G021,OCCUPIED,OCCUPIED,0.7897903101010757
910.0,cctv3,C3_S002,G019,EMPTY,EMPTY,0.01
910.0,cctv3,C3_S003,G020,OCCUPIED,OCCUPIED,0.8233089138161053
910.0,cctv3,C3_S004,G024,OCCUPIED,OCCUPIED,0.8286479166962885
910.0,cctv3,C3_S005,G025,OCCUPIED,OCCUPIED,0.8275615415789865
910.0,cctv3,C3_S006,G026,OCCUPIED,OCCUPIED,0.8253164294091139
910.0,cctv3,C3_S007,G027,EMPTY,MANEUVERING,0.4037418626452034
910.0,cctv3,C3_S008,G028,EMPTY,EMPTY,0.01
910.0,cctv3,C3_S009,G029,EMPTY,MANEUVERING,0.3022898195954886
910.0,cctv3,C3_S010,G007,EMPTY,MANEUVERING,0.2325597714835947
910.0,cctv3,C3_S011,G008,OCCUPIED,LEAVING,0.7617922335321253
910.0,cctv3,C3_S012,G009,OCCUPIED,OCCUPIED,0.826463905247775
911.0,cctv1,C1_S001,G001,OCCUPIED,LEAVING,0.7809438131749631
911.0,cctv1,C1_S002,G002,EMPTY,EMPTY,0.01
911.0,cctv1,C1_S003,G003,OCCUPIED,LEAVING,0.8197609783573585
911.0,cctv1,C1_S004,G004,OCCUPIED,OCCUPIED,0.7789376401088455
911.0,cctv1,C1_S005,G005,OCCUPIED,LEAVING,0.715480887727304
911.0,cctv1,C1_S006,G006,EMPTY,MANEUVERING,0.3489185799522833
911.0,cctv2,C2_S001,G007,OCCUPIED,OCCUPIED,0.7516689308665017
911.0,cctv2,C2_S002,G008,OCCUPIED,LEAVING,0.8056770023974507
911.0,cctv2,C2_S003,G009,OCCUPIED,LEAVING,0.6213607985441658
911.0,cctv2,C2_S004,G010,OCCUPIED,OCCUPIED,0.7906304783441804
911.0,cctv2,C2_S005,G001,EMPTY,EMPTY,0.01
911.0,cctv2,C2_S006,G003,OCCUPIED,OCCUPIED,0.8056276424364611
911.0,cctv2,C2_S007,G004,OCCUPIED,OCCUPIED,0.8006941399791024
911.0,cctv2,C2_S008,G006,OCCUPIED,OCCUPIED,0.7666377858682113
911.0,cctv2,C2_S009,G005,OCCUPIED,OCCUPIED,0.7973291697827253
911.0,cctv2,C2_S010,G002,OCCUPIED,OCCUPIED,0.8071929235350003
911.0,cctv2,C2_S011,G017,OCCUPIED,OCCUPIED,0.8025720179080964
911.0,cctv2,C2_S012,G018,OCCUPIED,OCCUPIED,0.7526615554636176
911.0,cctv2,C2_S013,G019,OCCUPIED,OCCUPIED,0.8339392843571577
911.0,cctv2,C2_S014,G020,EMPTY,EMPTY,0.01
911.0,cctv3,C3_S001,G021,OCCUPIED,OCCUPIED,0.7895019653168592
911.0,cctv3,C3_S002,G019,EMPTY,EMPTY,0.01
911.0,cctv3,C3_S003,G020,OCCUPIED,OCCUPIED,0.8236046346751127
911.0,cctv3,C3_S004,G024,OCCUPIED,OCCUPIED,0.8287895040078597
911.0,cctv3,C3_S005,G025,OCCUPIED,OCCUPIED,0.827795899998058
911.0,cctv3,C3_S006,G026,OCCUPIED,OCCUPIED,0.8254995812069287
911.0,cctv3,C3_S007,G027,EMPTY,MANEUVERING,0.4396022559685463
911.0,cctv3,C3_S008,G028,EMPTY,EMPTY,0.01
911.0,cctv3,C3_S009,G029,EMPTY,MANEUVERING,0.3022898195954886
911.0,cctv3,C3_S010,G007,EMPTY,MANEUVERING,0.2325597714835947
911.0,cctv3,C3_S011,G008,OCCUPIED,LEAVING,0.76233157212084
911.0,cctv3,C3_S012,G009,OCCUPIED,OCCUPIED,0.826236548207023
912.0,cctv1,C1_S001,G001,OCCUPIED,OCCUPIED,0.7732015211473813
912.0,cctv1,C1_S002,G002,EMPTY,EMPTY,0.01
912.0,cctv1,C1_S003,G003,OCCUPIED,LEAVING,0.8199110251936046
912.0,cctv1,C1_S004,G004,OCCUPIED,OCCUPIED,0.7793646087700671
912.0,cctv1,C1_S005,G005,OCCUPIED,LEAVING,0.7114981625296855
912.0,cctv1,C1_S006,G006,EMPTY,MANEUVERING,0.3489185799522833
912.0,cctv2,C2_S001,G007,OCCUPIED,OCCUPIED,0.7500469986688008
912.0,cctv2,C2_S002,G008,OCCUPIED,LEAVING,0.8033602248538625
912.0,cctv2,C2_S003,G009,OCCUPIED,LEAVING,0.6587191178717396
912.0,cctv2,C2_S004,G010,OCCUPIED,OCCUPIED,0.7904861047863961
912.0,cctv2,C2_S005,G001,EMPTY,EMPTY,0.01
912.0,cctv2,C2_S006,G003,OCCUPIED,OCCUPIED,0.8075696471062574
912.0,cctv2,C2_S007,G004,OCCUPIED,OCCUPIED,0.8009759182279761
912.0,cctv2,C2_S008,G006,OCCUPIED,OCCUPIED,0.76712977940386
912.0,cctv2,C2_S009,G005,OCCUPIED,OCCUPIED,0.7963706880807877
912.0,cctv2,C2_S010,G002,OCCUPIED,OCCUPIED,0.805164504593069
912.0,cctv2,C2_S011,G017,OCCUPIED,OCCUPIED,0.8012644751505419
912.0,cctv2,C2_S012,G018,OCCUPIED,OCCUPIED,0.7509473193098198
912.0,cctv2,C2_S013,G019,OCCUPIED,OCCUPIED,0.8345129210840573
912.0,cctv2,C2_S014,G020,EMPTY,EMPTY,0.01
912.0,cctv3,C3_S001,G021,OCCUPIED,OCCUPIED,0.7881873281164603
912.0,cctv3,C3_S002,G019,EMPTY,EMPTY,0.01
912.0,cctv3,C3_S003,G020,OCCUPIED,OCCUPIED,0.8215947465463118
912.0,cctv3,C3_S004,G024,OCCUPIED,OCCUPIED,0.8289064410057936
912.0,cctv3,C3_S005,G025,OCCUPIED,OCCUPIED,0.827444662289186
912.0,cctv3,C3_S006,G026,OCCUPIED,OCCUPIED,0.8253118168223988
912.0,cctv3,C3_S007,G027,EMPTY,MANEUVERING,0.4035137768665498
912.0,cctv3,C3_S008,G028,EMPTY,EMPTY,0.01
912.0,cctv3,C3_S009,G029,EMPTY,MANEUVERING,0.2572898195954886
912.0,cctv3,C3_S010,G007,EMPTY,MANEUVERING,0.1792563073472543
912.0,cctv3,C3_S011,G008,OCCUPIED,LEAVING,0.7724755807898261
912.0,cctv3,C3_S012,G009,OCCUPIED,OCCUPIED,0.8260437323288485
913.0,cctv1,C1_S001,G001,OCCUPIED,OCCUPIED,0.7674105310981925
913.0,cctv1,C1_S002,G002,EMPTY,EMPTY,0.01
913.0,cctv1,C1_S003,G003,OCCUPIED,LEAVING,0.8254654289646582
913.0,cctv1,C1_S004,G004,OCCUPIED,OCCUPIED,0.777966894209385
913.0,cctv1,C1_S005,G005,OCCUPIED,LEAVING,0.7012895825234327
913.0,cctv1,C1_S006,G006,EMPTY,MANEUVERING,0.3959739772907712
913.0,cctv2,C2_S001,G007,OCCUPIED,OCCUPIED,0.7503655833276837
913.0,cctv2,C2_S002,G008,OCCUPIED,LEAVING,0.8081904354420576
913.0,cctv2,C2_S003,G009,OCCUPIED,LEAVING,0.6137191178717396
913.0,cctv2,C2_S004,G010,OCCUPIED,OCCUPIED,0.7893947594545105
913.0,cctv2,C2_S005,G001,EMPTY,EMPTY,0.01
913.0,cctv2,C2_S006,G003,OCCUPIED,OCCUPIED,0.8086683059280569
913.0,cctv2,C2_S007,G004,OCCUPIED,OCCUPIED,0.800817301327532
913.0,cctv2,C2_S008,G006,OCCUPIED,OCCUPIED,0.7673429808833383
913.0,cctv2,C2_S009,G005,OCCUPIED,OCCUPIED,0.7941337655891072
913.0,cctv2,C2_S010,G002,OCCUPIED,OCCUPIED,0.803466906059872
913.0,cctv2,C2_S011,G017,OCCUPIED,OCCUPIED,0.7998147354884582
913.0,cctv2,C2_S012,G018,OCCUPIED,OCCUPIED,0.7486739681525665
913.0,cctv2,C2_S013,G019,OCCUPIED,OCCUPIED,0.8352364559065213
913.0,cctv2,C2_S014,G020,EMPTY,EMPTY,0.01
913.0,cctv3,C3_S001,G021,OCCUPIED,OCCUPIED,0.7878475938330998
913.0,cctv3,C3_S002,G019,EMPTY,EMPTY,0.01
913.0,cctv3,C3_S003,G020,OCCUPIED,OCCUPIED,0.8222278657284651
913.0,cctv3,C3_S004,G024,OCCUPIED,OCCUPIED,0.828979208523577
913.0,cctv3,C3_S005,G025,OCCUPIED,OCCUPIED,0.8275437723506581
913.0,cctv3,C3_S006,G026,OCCUPIED,OCCUPIED,0.8253357998349451
913.0,cctv3,C3_S007,G027,EMPTY,MANEUVERING,0.4842739646678621
913.0,cctv3,C3_S008,G028,EMPTY,EMPTY,0.01
913.0,cctv3,C3_S009,G029,EMPTY,MANEUVERING,0.3484295853464441
913.0,cctv3,C3_S010,G007,EMPTY,MANEUVERING,0.1292232874848626
913.0,cctv3,C3_S011,G008,OCCUPIED,LEAVING,0.7828249499472706
913.0,cctv3,C3_S012,G009,OCCUPIED,OCCUPIED,0.8261743274602024
914.0,cctv1,C1_S001,G001,OCCUPIED,OCCUPIED,0.7629383763129062
914.0,cctv1,C1_S002,G002,EMPTY,EMPTY,0.01
914.0,cctv1,C1_S003,G003,OCCUPIED,LEAVING,0.82523983405395
914.0,cctv1,C1_S004,G004,OCCUPIED,OCCUPIED,0.7771395058794456
914.0,cctv1,C1_S005,G005,OCCUPIED,OCCUPIED,0.7371779193196979
914.0,cctv1,C1_S006,G006,EMPTY,MANEUVERING,0.4433141426954951
914.0,cctv2,C2_S001,G007,OCCUPIED,OCCUPIED,0.7501851385289973
914.0,cctv2,C2_S002,G008,OCCUPIED,LEAVING,0.8091717736287551
914.0,cctv2,C2_S003,G009,OCCUPIED,LEAVING,0.6142564984478733
914.0,cctv2,C2_S004,G010,OCCUPIED,OCCUPIED,0.7896094515919686
914.0,cctv2,C2_S005,G001,EMPTY,EMPTY,0.01
914.0,cctv2,C2_S006,G003,OCCUPIED,OCCUPIED,0.8095314505425367
914.0,cctv2,C2_S007,G004,OCCUPIED,OCCUPIED,0.7998473755337976
914.0,cctv2,C2_S008,G006,OCCUPIED,OCCUPIED,0.7668906832283194
914.0,cctv2,C2_S009,G005,OCCUPIED,OCCUPIED,0.7924229787154632
914.0,cctv2,C2_S010,G002,OCCUPIED,OCCUPIED,0.8019332246346907
914.0,cctv2,C2_S011,G017,OCCUPIED,OCCUPIED,0.7995201882990924
914.0,cctv2,C2_S012,G018,OCCUPIED,OCCUPIED,0.746974282779477
914.0,cctv2,C2_S013,G019,OCCUPIED,OCCUPIED,0.8354335308074952
914.0,cctv2,C2_S014,G020,EMPTY,EMPTY,0.01
914.0,cctv3,C3_S001,G021,OCCUPIED,OCCUPIED,0.7890556396408515
914.0,cctv3,C3_S002,G019,EMPTY,EMPTY,0.01
914.0,cctv3,C3_S003,G020,OCCUPIED,OCCUPIED,0.8225078826600856
914.0,cctv3,C3_S004,G024,OCCUPIED,OCCUPIED,0.829158488186923
914.0,cctv3,C3_S005,G025,OCCUPIED,OCCUPIED,0.8276529301296581
914.0,cctv3,C3_S006,G026,OCCUPIED,OCCUPIED,0.8254189564423129
914.0,cctv3,C3_S007,G027,EMPTY,MANEUVERING,0.4392739646678621
914.0,cctv3,C3_S008,G028,EMPTY,EMPTY,0.01
914.0,cctv3,C3_S009,G029,EMPTY,MANEUVERING,0.3484295853464441
914.0,cctv3,C3_S010,G007,EMPTY,EMPTY,0.01
914.0,cctv3,C3_S011,G008,OCCUPIED,OCCUPIED,0.7924662118608302
914.0,cctv3,C3_S012,G009,OCCUPIED,OCCUPIED,0.8259750685908578
915.0,cctv1,C1_S001,G001,OCCUPIED,OCCUPIED,0.7574386477470398
915.0,cctv1,C1_S002,G002,EMPTY,EMPTY,0.01
915.0,cctv1,C1_S003,G003,OCCUPIED,LEAVING,0.8315093037757008
915.0,cctv1,C1_S004,G004,OCCUPIED,OCCUPIED,0.7775497192686255
915.0,cctv1,C1_S005,G005,OCCUPIED,OCCUPIED,0.7542547803033482
915.0,cctv1,C1_S006,G006,EMPTY,MANEUVERING,0.49
915.0,cctv2,C2_S001,G007,OCCUPIED,OCCUPIED,0.7513908861712977
915.0,cctv2,C2_S002,G008,OCCUPIED,LEAVING,0.8109136668118564
915.0,cctv2,C2_S003,G009,OCCUPIED,LEAVING,0.6145378599383614
915.0,cctv2,C2_S004,G010,OCCUPIED,OCCUPIED,0.7935873297127811
915.0,cctv2,C2_S005,G001,EMPTY,EMPTY,0.01
915.0,cctv2,C2_S006,G003,OCCUPIED,LEAVING,0.8133149778301066
915.0,cctv2,C2_S007,G004,OCCUPIED,OCCUPIED,0.800018278577111
915.0,cctv2,C2_S008,G006,OCCUPIED,OCCUPIED,0.7668874580751767
915.0,cctv2,C2_S009,G005,OCCUPIED,OCCUPIED,0.7904976712031798
915.0,cctv2,C2_S010,G002,OCCUPIED,OCCUPIED,0.8004804678938606
915.0,cctv2,C2_S011,G017,OCCUPIED,OCCUPIED,0.8001796987923709
915.0,cctv2,C2_S012,G018,OCCUPIED,OCCUPIED,0.7442735933444717
915.0,cctv2,C2_S013,G019,OCCUPIED,OCCUPIED,0.8358150823549791
915.0,cctv2,C2_S014,G020,EMPTY,EMPTY,0.01
915.0,cctv3,C3_S001,G021,OCCUPIED,OCCUPIED,0.7907120483842763
915.0,cctv3,C3_S002,G019,EMPTY,EMPTY,0.01
915.0,cctv3,C3_S003,G020,OCCUPIED,OCCUPIED,0.8222564970905131
915.0,cctv3,C3_S004,G024,OCCUPIED,OCCUPIED,0.8291247240521692
915.0,cctv3,C3_S005,G025,OCCUPIED,OCCUPIED,0.8282589029182088
915.0,cctv3,C3_S006,G026,OCCUPIED,OCCUPIED,0.8254940022121777
915.0,cctv3,C3_S007,G027,EMPTY,MANEUVERING,0.3942739646678621
915.0,cctv3,C3_S008,G028,EMPTY,EMPTY,0.01
915.0,cctv3,C3_S009,G029,EMPTY,MANEUVERING,0.3484295853464441
915.0,cctv3,C3_S010,G007,EMPTY,EMPTY,0.01
915.0,cctv3,C3_S011,G008,OCCUPIED,OCCUPIED,0.7926524376327342
915.0,cctv3,C3_S012,G009,OCCUPIED,OCCUPIED,0.8254361526532608
916.0,cctv1,C1_S001,G001,OCCUPIED,OCCUPIED,0.7505657801573927
916.0,cctv1,C1_S002,G002,EMPTY,EMPTY,0.01
916.0,cctv1,C1_S003,G003,OCCUPIED,LEAVING,0.8313926536928524
916.0,cctv1,C1_S004,G004,OCCUPIED,OCCUPIED,0.776162376728925
916.0,cctv1,C1_S005,G005,OCCUPIED,OCCUPIED,0.7562953061678194
916.0,cctv1,C1_S006,G006,EMPTY,MANEUVERING,0.49
916.0,cctv2,C2_S001,G007,OCCUPIED,OCCUPIED,0.7515800619667228
916.0,cctv2,C2_S002,G008,OCCUPIED,LEAVING,0.8100655027411201
916.0,cctv2,C2_S003,G009,OCCUPIED,LEAVING,0.6510111239958893
916.0,cctv2,C2_S004,G010,OCCUPIED,OCCUPIED,0.7960809144106779
916.0,cctv2,C2_S005,G001,EMPTY,EMPTY,0.01
916.0,cctv2,C2_S006,G003,OCCUPIED,LEAVING,0.8136548949913546
916.0,cctv2,C2_S007,G004,OCCUPIED,OCCUPIED,0.79994315803051
916.0,cctv2,C2_S008,G006,OCCUPIED,OCCUPIED,0.7675941884517671
916.0,cctv2,C2_S009,G005,OCCUPIED,OCCUPIED,0.7890363825993105
916.0,cctv2,C2_S010,G002,OCCUPIED,OCCUPIED,0.8000733085653999
916.0,cctv2,C2_S011,G017,OCCUPIED,OCCUPIED,0.8010465017773889
916.0,cctv2,C2_S012,G018,OCCUPIED,OCCUPIED,0.7452541423114865
916.0,cctv2,C2_S013,G019,OCCUPIED,OCCUPIED,0.8353655254298991
916.0,cctv2,C2_S014,G020,EMPTY,EMPTY,0.01
916.0,cctv3,C3_S001,G021,OCCUPIED,OCCUPIED,0.7908431775190614
916.0,cctv3,C3_S002,G019,EMPTY,EMPTY,0.01
916.0,cctv3,C3_S003,G020,OCCUPIED,OCCUPIED,0.8219863970171322
916.0,cctv3,C3_S004,G024,OCCUPIED,OCCUPIED,0.8290420689366081
916.0,cctv3,C3_S005,G025,OCCUPIED,OCCUPIED,0.8283123195171357
916.0,cctv3,C3_S006,G026,OCCUPIED,OCCUPIED,0.825405483625152
916.0,cctv3,C3_S007,G027,EMPTY,MANEUVERING,0.4391258744133466
916.0,cctv3,C3_S008,G028,EMPTY,EMPTY,0.01
916.0,cctv3,C3_S009,G029,EMPTY,MANEUVERING,0.3150011471184817
916.0,cctv3,C3_S010,G007,EMPTY,EMPTY,0.01
916.0,cctv3,C3_S011,G008,OCCUPIED,OCCUPIED,0.7922344519333406
916.0,cctv3,C3_S012,G009,OCCUPIED,OCCUPIED,0.8250445200638339
917.0,cctv1,C1_S001,G001,OCCUPIED,OCCUPIED,0.7520654227245939
917.0,cctv1,C1_S002,G002,EMPTY,EMPTY,0.01
917.0,cctv1,C1_S003,G003,OCCUPIED,LEAVING,0.8312385754151779
917.0,cctv1,C1_S004,G004,OCCUPIED,OCCUPIED,0.7747697368264199
917.0,cctv1,C1_S005,G005,OCCUPIED,OCCUPIED,0.7551885417916558
917.0,cctv1,C1_S006,G006,EMPTY,MANEUVERING,0.4181206101314588
917.0,cctv2,C2_S001,G007,OCCUPIED,OCCUPIED,0.7523837403817611
917.0,cctv2,C2_S002,G008,OCCUPIED,LEAVING,0.809237907149575
917.0,cctv2,C2_S003,G009,OCCUPIED,LEAVING,0.69572568197142
917.0,cctv2,C2_S004,G010,OCCUPIED,OCCUPIED,0.7982163965702057
917.0,cctv2,C2_S005,G001,EMPTY,EMPTY,0.01
917.0,cctv2,C2_S006,G003,OCCUPIED,LEAVING,0.8126628856767308
917.0,cctv2,C2_S007,G004,OCCUPIED,OCCUPIED,0.8003774474967611
917.0,cctv2,C2_S008,G006,OCCUPIED,OCCUPIED,0.7692323171279648
917.0,cctv2,C2_S009,G005,OCCUPIED,OCCUPIED,0.7881985929879276
917.0,cctv2,C2_S010,G002,OCCUPIED,OCCUPIED,0.7978387862443924
917.0,cctv2,C2_S011,G017,OCCUPIED,OCCUPIED,0.7993774167516016
917.0,cctv2,C2_S012,G018,OCCUPIED,OCCUPIED,0.7447030564600772
917.0,cctv2,C2_S013,G019,OCCUPIED,OCCUPIED,0.8350047918883238
917.0,cctv2,C2_S014,G020,EMPTY,EMPTY,0.01
917.0,cctv3,C3_S001,G021,OCCUPIED,OCCUPIED,0.7919120833277703
917.0,cctv3,C3_S002,G019,EMPTY,EMPTY,0.01
917.0,cctv3,C3_S003,G020,OCCUPIED,OCCUPIED,0.8215725394812498
917.0,cctv3,C3_S004,G024,OCCUPIED,OCCUPIED,0.8291580118916252
917.0,cctv3,C3_S005,G025,OCCUPIED,OCCUPIED,0.8273814141750336
917.0,cctv3,C3_S006,G026,OCCUPIED,OCCUPIED,0.8250790417194367
917.0,cctv3,C3_S007,G027,EMPTY,MANEUVERING,0.3573830791393464
917.0,cctv3,C3_S008,G028,EMPTY,EMPTY,0.01
917.0,cctv3,C3_S009,G029,EMPTY,MANEUVERING,0.2439567630670287
917.0,cctv3,C3_S010,G007,EMPTY,EMPTY,0.01
917.0,cctv3,C3_S011,G008,OCCUPIED,OCCUPIED,0.7911479435183786
917.0,cctv3,C3_S012,G009,OCCUPIED,OCCUPIED,0.825494967807423
918.0,cctv1,C1_S001,G001,OCCUPIED,OCCUPIED,0.7619040907106617
918.0,cctv1,C1_S002,G002,EMPTY,EMPTY,0.01
918.0,cctv1,C1_S003,G003,OCCUPIED,LEAVING,0.8313338523561304
918.0,cctv1,C1_S004,G004,OCCUPIED,OCCUPIED,0.7761878951029345
918.0,cctv1,C1_S005,G005,OCCUPIED,OCCUPIED,0.7540184378623963
918.0,cctv1,C1_S006,G006,EMPTY,MANEUVERING,0.3362414368038827
918.0,cctv2,C2_S001,G007,OCCUPIED,OCCUPIED,0.7522959277033806
918.0,cctv2,C2_S002,G008,OCCUPIED,LEAVING,0.8093777908520265
918.0,cctv2,C2_S003,G009,OCCUPIED,LEAVING,0.696191732551564
918.0,cctv2,C2_S004,G010,OCCUPIED,OCCUPIED,0.799080988764763
918.0,cctv2,C2_S005,G001,EMPTY,EMPTY,0.01
918.0,cctv2,C2_S006,G003,OCCUPIED,LEAVING,0.8108332631262867
918.0,cctv2,C2_S007,G004,OCCUPIED,OCCUPIED,0.800706713849848
918.0,cctv2,C2_S008,G006,OCCUPIED,OCCUPIED,0.7682379673827779
918.0,cctv2,C2_S009,G005,OCCUPIED,OCCUPIED,0.7893088543956931
918.0,cctv2,C2_S010,G002,OCCUPIED,OCCUPIED,0.7984474770047448
918.0,cctv2,C2_S011,G017,OCCUPIED,OCCUPIED,0.7987498757514088
918.0,cctv2,C2_S012,G018,OCCUPIED,OCCUPIED,0.7443933694200083
918.0,cctv2,C2_S013,G019,OCCUPIED,OCCUPIED,0.835002422603694
918.0,cctv2,C2_S014,G020,EMPTY,EMPTY,0.01
918.0,cctv3,C3_S001,G021,OCCUPIED,OCCUPIED,0.7913095104423437
918.0,cctv3,C3_S002,G019,EMPTY,EMPTY,0.01
918.0,cctv3,C3_S003,G020,OCCUPIED,OCCUPIED,0.8217706840146672
918.0,cctv3,C3_S004,G024,OCCUPIED,OCCUPIED,0.8292624668641524
918.0,cctv3,C3_S005,G025,OCCUPIED,OCCUPIED,0.8270117521286011
918.0,cctv3,C3_S006,G026,OCCUPIED,OCCUPIED,0.8247845481742513
918.0,cctv3,C3_S007,G027,EMPTY,MANEUVERING,0.3188709369445728
918.0,cctv3,C3_S008,G028,EMPTY,EMPTY,0.01
918.0,cctv3,C3_S009,G029,EMPTY,MANEUVERING,0.2439567630670287
918.0,cctv3,C3_S010,G007,EMPTY,EMPTY,0.01
918.0,cctv3,C3_S011,G008,OCCUPIED,OCCUPIED,0.7911005245013671
918.0,cctv3,C3_S012,G009,OCCUPIED,OCCUPIED,0.8254947150295432
919.0,cctv1,C1_S001,G001,OCCUPIED,OCCUPIED,0.7705237570811403
919.0,cctv1,C1_S002,G002,EMPTY,EMPTY,0.01
919.0,cctv1,C1_S003,G003,OCCUPIED,LEAVING,0.8313473853197966
919.0,cctv1,C1_S004,G004,OCCUPIED,OCCUPIED,0.7753217606381937
919.0,cctv1,C1_S005,G005,OCCUPIED,OCCUPIED,0.740912240490769
919.0,cctv1,C1_S006,G006,EMPTY,MANEUVERING,0.3726288755373521
919.0,cctv2,C2_S001,G007,OCCUPIED,OCCUPIED,0.7544756850058383
919.0,cctv2,C2_S002,G008,OCCUPIED,LEAVING,0.8097724453969436
919.0,cctv2,C2_S003,G009,OCCUPIED,LEAVING,0.6963650966842067
919.0,cctv2,C2_S004,G010,OCCUPIED,OCCUPIED,0.7994989500804381
919.0,cctv2,C2_S005,G001,EMPTY,EMPTY,0.01
919.0,cctv2,C2_S006,G003,OCCUPIED,LEAVING,0.8085589912804692
919.0,cctv2,C2_S007,G004,OCCUPIED,OCCUPIED,0.8004429876804352
919.0,cctv2,C2_S008,G006,OCCUPIED,OCCUPIED,0.7677477412603119
919.0,cctv2,C2_S009,G005,OCCUPIED,OCCUPIED,0.7903460174798966
919.0,cctv2,C2_S010,G002,OCCUPIED,OCCUPIED,0.7996420036662709
919.0,cctv2,C2_S011,G017,OCCUPIED,OCCUPIED,0.7981060854413293
919.0,cctv2,C2_S012,G018,OCCUPIED,OCCUPIED,0.7436680858785456
919.0,cctv2,C2_S013,G019,OCCUPIED,OCCUPIED,0.8345081248066643
919.0,cctv2,C2_S014,G020,EMPTY,EMPTY,0.01
919.0,cctv3,C3_S001,G021,OCCUPIED,OCCUPIED,0.7917656997388061
919.0,cctv3,C3_S002,G019,EMPTY,EMPTY,0.01
919.0,cctv3,C3_S003,G020,OCCUPIED,OCCUPIED,0.8222903311252594
919.0,cctv3,C3_S004,G024,OCCUPIED,OCCUPIED,0.8293269666758452
919.0,cctv3,C3_S005,G025,OCCUPIED,OCCUPIED,0.8267369354313071
919.0,cctv3,C3_S006,G026,OCCUPIED,OCCUPIED,0.8248382273045454
919.0,cctv3,C3_S007,G027,EMPTY,MANEUVERING,0.4003830166736787
919.0,cctv3,C3_S008,G028,EMPTY,EMPTY,0.01
919.0,cctv3,C3_S009,G029,EMPTY,MANEUVERING,0.2236670644174922
919.0,cctv3,C3_S010,G007,EMPTY,EMPTY,0.01
919.0,cctv3,C3_S011,G008,OCCUPIED,OCCUPIED,0.791593978621743
919.0,cctv3,C3_S012,G009,OCCUPIED,OCCUPIED,0.824601848288016
920.0,cctv1,C1_S001,G001,OCCUPIED,OCCUPIED,0.7707420385019347
920.0,cctv1,C1_S002,G002,EMPTY,EMPTY,0.01
920.0,cctv1,C1_S003,G003,OCCUPIED,LEAVING,0.8312387444756248
920.0,cctv1,C1_S004,G004,OCCUPIED,OCCUPIED,0.775475447150794
920.0,cctv1,C1_S005,G005,OCCUPIED,OCCUPIED,0.7276260303186649
920.0,cctv1,C1_S006,G006,EMPTY,MANEUVERING,0.4178794020549817
920.0,cctv2,C2_S001,G007,OCCUPIED,OCCUPIED,0.757093714854934
920.0,cctv2,C2_S002,G008,OCCUPIED,LEAVING,0.809493284333836
920.0,cctv2,C2_S003,G009,OCCUPIED,LEAVING,0.6975661576945674
920.0,cctv2,C2_S004,G010,OCCUPIED,OCCUPIED,0.8009961729699916
920.0,cctv2,C2_S005,G001,EMPTY,EMPTY,0.01
920.0,cctv2,C2_S006,G003,OCCUPIED,LEAVING,0.8078110410408541
920.0,cctv2,C2_S007,G004,OCCUPIED,OCCUPIED,0.800165023857897
920.0,cctv2,C2_S008,G006,OCCUPIED,OCCUPIED,0.7668964926492084
920.0,cctv2,C2_S009,G005,OCCUPIED,OCCUPIED,0.7883232401175932
920.0,cctv2,C2_S010,G002,OCCUPIED,OCCUPIED,0.7989414756948299
920.0,cctv2,C2_S011,G017,OCCUPIED,OCCUPIED,0.7976050301031633
920.0,cctv2,C2_S012,G018,OCCUPIED,OCCUPIED,0.7444231390953064
920.0,cctv2,C2_S013,G019,OCCUPIED,OCCUPIED,0.8343761381777851
920.0,cctv2,C2_S014,G020,EMPTY,EMPTY,0.01
920.0,cctv3,C3_S001,G021,OCCUPIED,OCCUPIED,0.7922102059830319
920.0,cctv3,C3_S002,G019,EMPTY,EMPTY,0.01
920.0,cctv3,C3_S003,G020,OCCUPIED,OCCUPIED,0.8233222403309562
920.0,cctv3,C3_S004,G024,OCCUPIED,OCCUPIED,0.8291898261417043
920.0,cctv3,C3_S005,G025,OCCUPIED,OCCUPIED,0.8265955074266955
920.0,cctv3,C3_S006,G026,OCCUPIED,OCCUPIED,0.824773211370815
920.0,cctv3,C3_S007,G027,EMPTY,MANEUVERING,0.3553830166736786
920.0,cctv3,C3_S008,G028,EMPTY,EMPTY,0.01
920.0,cctv3,C3_S009,G029,EMPTY,MANEUVERING,0.2236670644174922
920.0,cctv3,C3_S010,G007,EMPTY,EMPTY,0.01
920.0,cctv3,C3_S011,G008,OCCUPIED,OCCUPIED,0.7926812299273231
920.0,cctv3,C3_S012,G009,OCCUPIED,OCCUPIED,0.8236920893192292
921.0,cctv1,C1_S001,G001,OCCUPIED,OCCUPIED,0.7721585299481046
921.0,cctv1,C1_S002,G002,EMPTY,MANEUVERING,0.2105358345400203
921.0,cctv1,C1_S003,G003,OCCUPIED,OCCUPIED,0.8366862760348754
921.0,cctv1,C1_S004,G004,OCCUPIED,OCCUPIED,0.7759602816267448
921.0,cctv1,C1_S005,G005,OCCUPIED,OCCUPIED,0.71220277661627
921.0,cctv1,C1_S006,G006,EMPTY,MANEUVERING,0.464711583642797
921.0,cctv2,C2_S001,G007,OCCUPIED,LEAVING,0.756486187401143
921.0,cctv2,C2_S002,G008,OCCUPIED,LEAVING,0.8129476704380729
921.0,cctv2,C2_S003,G009,OCCUPIED,LEAVING,0.6984312382746827
921.0,cctv2,C2_S004,G010,OCCUPIED,OCCUPIED,0.8049008897759699
921.0,cctv2,C2_S005,G001,EMPTY,EMPTY,0.01
921.0,cctv2,C2_S006,G003,OCCUPIED,LEAVING,0.8095737294717269
921.0,cctv2,C2_S007,G004,OCCUPIED,OCCUPIED,0.8003924426707355
921.0,cctv2,C2_S008,G006,OCCUPIED,OCCUPIED,0.7651679735292088
921.0,cctv2,C2_S009,G005,OCCUPIED,OCCUPIED,0.7853535714474592
921.0,cctv2,C2_S010,G002,OCCUPIED,OCCUPIED,0.7974444576285102
921.0,cctv2,C2_S011,G017,OCCUPIED,OCCUPIED,0.7968111921440472
921.0,cctv2,C2_S012,G018,OCCUPIED,OCCUPIED,0.7445514710112052
921.0,cctv2,C2_S013,G019,OCCUPIED,OCCUPIED,0.8345326938412407
921.0,cctv2,C2_S014,G020,EMPTY,EMPTY,0.01
921.0,cctv3,C3_S001,G021,OCCUPIED,OCCUPIED,0.7896743553605947
921.0,cctv3,C3_S002,G019,EMPTY,EMPTY,0.01
921.0,cctv3,C3_S003,G020,OCCUPIED,OCCUPIED,0.8230973899364472
921.0,cctv3,C3_S004,G024,OCCUPIED,OCCUPIED,0.8292047562924298
921.0,cctv3,C3_S005,G025,OCCUPIED,OCCUPIED,0.8261090164834803
921.0,cctv3,C3_S006,G026,OCCUPIED,OCCUPIED,0.8246045036749406
921.0,cctv3,C3_S007,G027,EMPTY,MANEUVERING,0.318873100174083
921.0,cctv3,C3_S008,G028,EMPTY,EMPTY,0.01
921.0,cctv3,C3_S009,G029,EMPTY,MANEUVERING,0.2236670644174922
921.0,cctv3,C3_S010,G007,EMPTY,EMPTY,0.01
921.0,cctv3,C3_S011,G008,OCCUPIED,OCCUPIED,0.7920589647509836
921.0,cctv3,C3_S012,G009,OCCUPIED,OCCUPIED,0.8234772573817861
922.0,cctv1,C1_S001,G001,OCCUPIED,OCCUPIED,0.7727869577028535
922.0,cctv1,C1_S002,G002,EMPTY,MANEUVERING,0.2918385959348895
922.0,cctv1,C1_S003,G003,OCCUPIED,OCCUPIED,0.8366236789660021
922.0,cctv1,C1_S004,G004,OCCUPIED,OCCUPIED,0.7760307456959379
922.0,cctv1,C1_S005,G005,OCCUPIED,OCCUPIED,0.7049671809890053
922.0,cctv1,C1_S006,G006,EMPTY,MANEUVERING,0.49
922.0,cctv2,C2_S001,G007,OCCUPIED,LEAVING,0.7550443204289133
922.0,cctv2,C2_S002,G008,OCCUPIED,LEAVING,0.8137939163229683
922.0,cctv2,C2_S003,G009,OCCUPIED,LEAVING,0.6988984656740319
922.0,cctv2,C2_S004,G010,OCCUPIED,OCCUPIED,0.807953011176803
922.0,cctv2,C2_S005,G001,EMPTY,EMPTY,0.01
922.0,cctv2,C2_S006,G003,OCCUPIED,LEAVING,0.8116564485159787
922.0,cctv2,C2_S007,G004,OCCUPIED,OCCUPIED,0.8007709665731951
922.0,cctv2,C2_S008,G006,OCCUPIED,OCCUPIED,0.7636682228608566
922.0,cctv2,C2_S009,G005,OCCUPIED,OCCUPIED,0.7866005271673203
922.0,cctv2,C2_S010,G002,OCCUPIED,OCCUPIED,0.7983044104142623
922.0,cctv2,C2_S011,G017,OCCUPIED,OCCUPIED,0.7983729546720332
922.0,cctv2,C2_S012,G018,OCCUPIED,OCCUPIED,0.7453004648739642
922.0,cctv2,C2_S013,G019,OCCUPIED,OCCUPIED,0.8344101079485634
922.0,cctv2,C2_S014,G020,EMPTY,EMPTY,0.01
922.0,cctv3,C3_S001,G021,OCCUPIED,OCCUPIED,0.78783321719278
922.0,cctv3,C3_S002,G019,EMPTY,EMPTY,0.01
922.0,cctv3,C3_S003,G020,OCCUPIED,OCCUPIED,0.8215639084577561
922.0,cctv3,C3_S004,G024,OCCUPIED,OCCUPIED,0.8290176429531791
922.0,cctv3,C3_S005,G025,OCCUPIED,OCCUPIED,0.8258349410512231
922.0,cctv3,C3_S006,G026,OCCUPIED,OCCUPIED,0.824441816319119
922.0,cctv3,C3_S007,G027,EMPTY,MANEUVERING,0.2823475745218721
922.0,cctv3,C3_S008,G028,EMPTY,EMPTY,0.01
922.0,cctv3,C3_S009,G029,EMPTY,MANEUVERING,0.2236670644174922
922.0,cctv3,C3_S010,G007,EMPTY,EMPTY,0.01
922.0,cctv3,C3_S011,G008,OCCUPIED,OCCUPIED,0.791802847927267
922.0,cctv3,C3_S012,G009,OCCUPIED,OCCUPIED,0.8233269545164976
923.0,cctv1,C1_S001,G001,OCCUPIED,OCCUPIED,0.7741320893845776
923.0,cctv1,C1_S002,G002,EMPTY,MANEUVERING,0.2918385959348895
923.0,cctv1,C1_S003,G003,OCCUPIED,OCCUPIED,0.8362819801677358
923.0,cctv1,C1_S004,G004,OCCUPIED,OCCUPIED,0.7749066266146574
923.0,cctv1,C1_S005,G005,OCCUPIED,OCCUPIED,0.706038876701485
923.0,cctv1,C1_S006,G006,EMPTY,MANEUVERING,0.4732290443998653
923.0,cctv2,C2_S001,G007,OCCUPIED,LEAVING,0.7540845721960069
923.0,cctv2,C2_S002,G008,OCCUPIED,LEAVING,0.8169888401573355
923.0,cctv2,C2_S003,G009,OCCUPIED,LEAVING,0.6984811982173812
923.0,cctv2,C2_S004,G010,OCCUPIED,OCCUPIED,0.8099214453588833
923.0,cctv2,C2_S005,G001,EMPTY,EMPTY,0.01
923.0,cctv2,C2_S006,G003,OCCUPIED,LEAVING,0.8130742178721861
923.0,cctv2,C2_S007,G004,OCCUPIED,OCCUPIED,0.8004526363177733
923.0,cctv2,C2_S008,G006,OCCUPIED,OCCUPIED,0.7630131563002414
923.0,cctv2,C2_S009,G005,OCCUPIED,OCCUPIED,0.7838503367521547
923.0,cctv2,C2_S010,G002,OCCUPIED,OCCUPIED,0.7977610241283071
923.0,cctv2,C2_S011,G017,OCCUPIED,OCCUPIED,0.7980584112080662
923.0,cctv2,C2_S012,G018,OCCUPIED,OCCUPIED,0.7457213890146126
923.0,cctv2,C2_S013,G019,OCCUPIED,OCCUPIED,0.8343772947788239
923.0,cctv2,C2_S014,G020,EMPTY,EMPTY,0.01
923.0,cctv3,C3_S001,G021,OCCUPIED,OCCUPIED,0.7879530465061015
923.0,cctv3,C3_S002,G019,EMPTY,EMPTY,0.01
923.0,cctv3,C3_S003,G020,OCCUPIED,OCCUPIED,0.8230125947432085
923.0,cctv3,C3_S004,G024,OCCUPIED,OCCUPIED,0.8290040490302173
923.0,cctv3,C3_S005,G025,OCCUPIED,OCCUPIED,0.8255637965419076
923.0,cctv3,C3_S006,G026,OCCUPIED,OCCUPIED,0.8243847340345383
923.0,cctv3,C3_S007,G027,EMPTY,MANEUVERING,0.2373475745218721
923.0,cctv3,C3_S008,G028,EMPTY,EMPTY,0.01
923.0,cctv3,C3_S009,G029,EMPTY,MANEUVERING,0.2236670644174922
923.0,cctv3,C3_S010,G007,EMPTY,EMPTY,0.01
923.0,cctv3,C3_S011,G008,OCCUPIED,OCCUPIED,0.7912038513205268
923.0,cctv3,C3_S012,G009,OCCUPIED,OCCUPIED,0.8229679335247387
924.0,cctv1,C1_S001,G001,OCCUPIED,OCCUPIED,0.7733953784135256
924.0,cctv1,C1_S002,G002,EMPTY,MANEUVERING,0.2918385959348895
924.0,cctv1,C1_S003,G003,OCCUPIED,OCCUPIED,0.8360685738650235
924.0,cctv1,C1_S004,G004,OCCUPIED,OCCUPIED,0.7742888647046957
924.0,cctv1,C1_S005,G005,OCCUPIED,OCCUPIED,0.706325760494579
924.0,cctv1,C1_S006,G006,EMPTY,MANEUVERING,0.392452663863247
924.0,cctv2,C2_S001,G007,OCCUPIED,LEAVING,0.7551433282819662
924.0,cctv2,C2_S002,G008,OCCUPIED,OCCUPIED,0.8147349100221288
924.0,cctv2,C2_S003,G009,OCCUPIED,LEAVING,0.7353272158313882
924.0,cctv2,C2_S004,G010,OCCUPIED,OCCUPIED,0.812681619687514
924.0,cctv2,C2_S005,G001,EMPTY,EMPTY,0.01
924.0,cctv2,C2_S006,G003,OCCUPIED,LEAVING,0.8152701700275595
924.0,cctv2,C2_S007,G004,OCCUPIED,OCCUPIED,0.8008416127074849
924.0,cctv2,C2_S008,G006,OCCUPIED,OCCUPIED,0.7621388699520718
924.0,cctv2,C2_S009,G005,OCCUPIED,OCCUPIED,0.7836400540037589
924.0,cctv2,C2_S010,G002,OCCUPIED,OCCUPIED,0.7982452213764192
924.0,cctv2,C2_S011,G017,OCCUPIED,OCCUPIED,0.8001113878055053
924.0,cctv2,C2_S012,G018,OCCUPIED,OCCUPIED,0.7503988293084232
924.0,cctv2,C2_S013,G019,OCCUPIED,OCCUPIED,0.8338356291705913
924.0,cctv2,C2_S014,G020,EMPTY,EMPTY,0.01
924.0,cctv3,C3_S001,G021,OCCUPIED,OCCUPIED,0.7887397489764474
924.0,cctv3,C3_S002,G019,EMPTY,EMPTY,0.01
924.0,cctv3,C3_S003,G020,OCCUPIED,OCCUPIED,0.8223622752861544
924.0,cctv3,C3_S004,G024,OCCUPIED,OCCUPIED,0.8288777348670093
924.0,cctv3,C3_S005,G025,OCCUPIED,OCCUPIED,0.8247284558686344
924.0,cctv3,C3_S006,G026,OCCUPIED,OCCUPIED,0.8242291220209816
924.0,cctv3,C3_S007,G027,EMPTY,MANEUVERING,0.2010748190365054
924.0,cctv3,C3_S008,G028,EMPTY,EMPTY,0.01
924.0,cctv3,C3_S009,G029,EMPTY,EMPTY,0.01
924.0,cctv3,C3_S010,G007,EMPTY,EMPTY,0.01
924.0,cctv3,C3_S011,G008,OCCUPIED,OCCUPIED,0.790901867909865
924.0,cctv3,C3_S012,G009,OCCUPIED,OCCUPIED,0.8222265067425641
925.0,cctv1,C1_S001,G001,OCCUPIED,LEAVING,0.7701478383757852
925.0,cctv1,C1_S002,G002,EMPTY,MANEUVERING,0.2468385959348895
925.0,cctv1,C1_S003,G003,OCCUPIED,OCCUPIED,0.8361083128235558
925.0,cctv1,C1_S004,G004,OCCUPIED,OCCUPIED,0.774273871969093
925.0,cctv1,C1_S005,G005,OCCUPIED,OCCUPIED,0.68771048129508
925.0,cctv1,C1_S006,G006,EMPTY,MANEUVERING,0.4111839814529274
925.0,cctv2,C2_S001,G007,OCCUPIED,LEAVING,0.7532861446115104
925.0,cctv2,C2_S002,G008,OCCUPIED,OCCUPIED,0.814260818199678
925.0,cctv2,C2_S003,G009,OCCUPIED,LEAVING,0.7358299493789674
925.0,cctv2,C2_S004,G010,OCCUPIED,OCCUPIED,0.8134392283179543
925.0,cctv2,C2_S005,G001,EMPTY,EMPTY,0.01
925.0,cctv2,C2_S006,G003,OCCUPIED,OCCUPIED,0.7346429120410572
925.0,cctv2,C2_S007,G004,OCCUPIED,OCCUPIED,0.8016899385235527
925.0,cctv2,C2_S008,G006,OCCUPIED,OCCUPIED,0.7602047550407324
925.0,cctv2,C2_S009,G005,OCCUPIED,OCCUPIED,0.7840554176406428
925.0,cctv2,C2_S010,G002,OCCUPIED,OCCUPIED,0.7990845447236842
925.0,cctv2,C2_S011,G017,OCCUPIED,OCCUPIED,0.8012318229133433
925.0,cctv2,C2_S012,G018,OCCUPIED,OCCUPIED,0.7540624004873363
925.0,cctv2,C2_S013,G019,OCCUPIED,OCCUPIED,0.8342205806211993
925.0,cctv2,C2_S014,G020,EMPTY,EMPTY,0.01
925.0,cctv3,C3_S001,G021,OCCUPIED,OCCUPIED,0.784189708530903
925.0,cctv3,C3_S002,G019,EMPTY,EMPTY,0.01
925.0,cctv3,C3_S003,G020,OCCUPIED,OCCUPIED,0.8227988226847216
925.0,cctv3,C3_S004,G024,OCCUPIED,OCCUPIED,0.8287394669922916
925.0,cctv3,C3_S005,G025,OCCUPIED,OCCUPIED,0.8227799220518633
925.0,cctv3,C3_S006,G026,OCCUPIED,OCCUPIED,0.8240175062959845
925.0,cctv3,C3_S007,G027,EMPTY,MANEUVERING,0.2010748190365054
925.0,cctv3,C3_S008,G028,EMPTY,EMPTY,0.01
925.0,cctv3,C3_S009,G029,EMPTY,EMPTY,0.01
925.0,cctv3,C3_S010,G007,EMPTY,EMPTY,0.01
925.0,cctv3,C3_S011,G008,OCCUPIED,OCCUPIED,0.7912007334557447
925.0,cctv3,C3_S012,G009,OCCUPIED,OCCUPIED,0.8214214994148775
926.0,cctv1,C1_S001,G001,OCCUPIED,LEAVING,0.7753773262554949
926.0,cctv1,C1_S002,G002,EMPTY,MANEUVERING,0.2018385959348895
926.0,cctv1,C1_S003,G003,OCCUPIED,OCCUPIED,0.8361539550802926
926.0,cctv1,C1_S004,G004,OCCUPIED,OCCUPIED,0.7748129732229494
926.0,cctv1,C1_S005,G005,OCCUPIED,OCCUPIED,0.758406187593937
926.0,cctv1,C1_S006,G006,EMPTY,MANEUVERING,0.4255674137716944
926.0,cctv2,C2_S001,G007,OCCUPIED,LEAVING,0.7506567519496788
926.0,cctv2,C2_S002,G008,OCCUPIED,OCCUPIED,0.8147509398785505
926.0,cctv2,C2_S003,G009,OCCUPIED,LEAVING,0.7359444321556525
926.0,cctv2,C2_S004,G010,OCCUPIED,OCCUPIED,0.8140872939066454
926.0,cctv2,C2_S005,G001,EMPTY,EMPTY,0.01
926.0,cctv2,C2_S006,G003,OCCUPIED,LEAVING,0.7346589453924786
926.0,cctv2,C2_S007,G004,OCCUPIED,OCCUPIED,0.8000468156554483
926.0,cctv2,C2_S008,G006,OCCUPIED,OCCUPIED,0.7580068558454515
926.0,cctv2,C2_S009,G005,OCCUPIED,OCCUPIED,0.7845960835164244
926.0,cctv2,C2_S010,G002,OCCUPIED,OCCUPIED,0.7991635471582413
926.0,cctv2,C2_S011,G017,OCCUPIED,OCCUPIED,0.8011545021425595
926.0,cctv2,C2_S012,G018,OCCUPIED,OCCUPIED,0.757656508142298
926.0,cctv2,C2_S013,G019,OCCUPIED,OCCUPIED,0.8347086630084298
926.0,cctv2,C2_S014,G020,EMPTY,EMPTY,0.01
926.0,cctv3,C3_S001,G021,OCCUPIED,OCCUPIED,0.7802474769678983
926.0,cctv3,C3_S002,G019,EMPTY,EMPTY,0.01
926.0,cctv3,C3_S003,G020,OCCUPIED,OCCUPIED,0.8230645767667077
926.0,cctv3,C3_S004,G024,OCCUPIED,OCCUPIED,0.8283521015535702
926.0,cctv3,C3_S005,G025,OCCUPIED,OCCUPIED,0.8216977295550434
926.0,cctv3,C3_S006,G026,OCCUPIED,OCCUPIED,0.8237578010017222
926.0,cctv3,C3_S007,G027,EMPTY,MANEUVERING,0.2010748190365054
926.0,cctv3,C3_S008,G028,EMPTY,EMPTY,0.01
926.0,cctv3,C3_S009,G029,EMPTY,EMPTY,0.01
926.0,cctv3,C3_S010,G007,EMPTY,EMPTY,0.01
926.0,cctv3,C3_S011,G008,OCCUPIED,OCCUPIED,0.7923006204041568
926.0,cctv3,C3_S012,G009,OCCUPIED,OCCUPIED,0.8217905892567202
927.0,cctv1,C1_S001,G001,OCCUPIED,LEAVING,0.7824402925643055
927.0,cctv1,C1_S002,G002,EMPTY,MANEUVERING,0.2018385959348895
927.0,cctv1,C1_S003,G003,OCCUPIED,OCCUPIED,0.8361257837577301
927.0,cctv1,C1_S004,G004,OCCUPIED,OCCUPIED,0.7764583393931389
927.0,cctv1,C1_S005,G005,OCCUPIED,OCCUPIED,0.758925626630133
927.0,cctv1,C1_S006,G006,EMPTY,MANEUVERING,0.4255674137716944
927.0,cctv2,C2_S001,G007,OCCUPIED,LEAVING,0.7492261811413549
927.0,cctv2,C2_S002,G008,OCCUPIED,OCCUPIED,0.813271791826595
927.0,cctv2,C2_S003,G009,OCCUPIED,OCCUPIED,0.7355649050663818
927.0,cctv2,C2_S004,G010,OCCUPIED,OCCUPIED,0.8128110793503849
927.0,cctv2,C2_S005,G001,EMPTY,EMPTY,0.01
927.0,cctv2,C2_S006,G003,OCCUPIED,OCCUPIED,0.7307232864607465
927.0,cctv2,C2_S007,G004,OCCUPIED,OCCUPIED,0.7999962901527232
927.0,cctv2,C2_S008,G006,OCCUPIED,OCCUPIED,0.7583006820895456
927.0,cctv2,C2_S009,G005,OCCUPIED,OCCUPIED,0.7858931477774274
927.0,cctv2,C2_S010,G002,OCCUPIED,OCCUPIED,0.800558317791332
927.0,cctv2,C2_S011,G017,OCCUPIED,OCCUPIED,0.8006912610747599
927.0,cctv2,C2_S012,G018,OCCUPIED,OCCUPIED,0.7571094752712684
927.0,cctv2,C2_S013,G019,OCCUPIED,OCCUPIED,0.8349002076820895
927.0,cctv2,C2_S014,G020,EMPTY,EMPTY,0.01
927.0,cctv3,C3_S001,G021,OCCUPIED,OCCUPIED,0.7780563840811904
927.0,cctv3,C3_S002,G019,EMPTY,EMPTY,0.01
927.0,cctv3,C3_S003,G020,OCCUPIED,LEAVING,0.8190040707588196
927.0,cctv3,C3_S004,G024,OCCUPIED,OCCUPIED,0.8280192142183131
927.0,cctv3,C3_S005,G025,OCCUPIED,OCCUPIED,0.8217550125989048
927.0,cctv3,C3_S006,G026,OCCUPIED,OCCUPIED,0.8237321842800488
927.0,cctv3,C3_S007,G027,EMPTY,MANEUVERING,0.1655222446810115
927.0,cctv3,C3_S008,G028,EMPTY,EMPTY,0.01
927.0,cctv3,C3_S009,G029,EMPTY,EMPTY,0.01
927.0,cctv3,C3_S010,G007,EMPTY,EMPTY,0.01
927.0,cctv3,C3_S011,G008,OCCUPIED,OCCUPIED,0.7914742415601558
927.0,cctv3,C3_S012,G009,OCCUPIED,OCCUPIED,0.8220389764417302
928.0,cctv1,C1_S001,G001,OCCUPIED,LEAVING,0.7738998724655672
928.0,cctv1,C1_S002,G002,EMPTY,MANEUVERING,0.2018385959348895
928.0,cctv1,C1_S003,G003,OCCUPIED,OCCUPIED,0.8362158409573816
928.0,cctv1,C1_S004,G004,OCCUPIED,OCCUPIED,0.7776975097981367
928.0,cctv1,C1_S005,G005,OCCUPIED,OCCUPIED,0.7587319902398371
928.0,cctv1,C1_S006,G006,EMPTY,MANEUVERING,0.4255674137716944
928.0,cctv2,C2_S001,G007,OCCUPIED,LEAVING,0.7476179143921896
928.0,cctv2,C2_S002,G008,OCCUPIED,OCCUPIED,0.8130760604685003
928.0,cctv2,C2_S003,G009,OCCUPIED,OCCUPIED,0.7346566906029528
928.0,cctv2,C2_S004,G010,OCCUPIED,OCCUPIED,0.811689034917138
928.0,cctv2,C2_S005,G001,EMPTY,EMPTY,0.01
928.0,cctv2,C2_S006,G003,OCCUPIED,OCCUPIED,0.7314997448433529
928.0,cctv2,C2_S007,G004,OCCUPIED,OCCUPIED,0.8002701510082593
928.0,cctv2,C2_S008,G006,OCCUPIED,OCCUPIED,0.7591954609209841
928.0,cctv2,C2_S009,G005,OCCUPIED,OCCUPIED,0.7866092179309239
928.0,cctv2,C2_S010,G002,OCCUPIED,OCCUPIED,0.8031585625626825
928.0,cctv2,C2_S011,G017,OCCUPIED,OCCUPIED,0.804393098842014
928.0,cctv2,C2_S012,G018,OCCUPIED,OCCUPIED,0.7594613767483018
928.0,cctv2,C2_S013,G019,OCCUPIED,OCCUPIED,0.835460914535956
928.0,cctv2,C2_S014,G020,EMPTY,EMPTY,0.01
928.0,cctv3,C3_S001,G021,OCCUPIED,OCCUPIED,0.7761512337760492
928.0,cctv3,C3_S002,G019,EMPTY,EMPTY,0.01
928.0,cctv3,C3_S003,G020,OCCUPIED,LEAVING,0.8186065275560727
928.0,cctv3,C3_S004,G024,OCCUPIED,OCCUPIED,0.8279948548837142
928.0,cctv3,C3_S005,G025,OCCUPIED,OCCUPIED,0.8221455918117003
928.0,cctv3,C3_S006,G026,OCCUPIED,OCCUPIED,0.8234650517051871
928.0,cctv3,C3_S007,G027,EMPTY,MANEUVERING,0.1655222446810115
928.0,cctv3,C3_S008,G028,EMPTY,EMPTY,0.01
928.0,cctv3,C3_S009,G029,EMPTY,EMPTY,0.01
928.0,cctv3,C3_S010,G007,EMPTY,MANEUVERING,0.2698615862022746
928.0,cctv3,C3_S011,G008,OCCUPIED,OCCUPIED,0.7922232833775608
928.0,cctv3,C3_S012,G009,OCCUPIED,OCCUPIED,0.8219271323897622
929.0,cctv1,C1_S001,G001,OCCUPIED,LEAVING,0.7630931149829518
929.0,cctv1,C1_S002,G002,EMPTY,MANEUVERING,0.2018385959348895
929.0,cctv1,C1_S003,G003,OCCUPIED,OCCUPIED,0.8363341865214435
929.0,cctv1,C1_S004,G004,OCCUPIED,OCCUPIED,0.7768696467984807
929.0,cctv1,C1_S005,G005,OCCUPIED,OCCUPIED,0.7554781898856163
929.0,cctv1,C1_S006,G006,EMPTY,MANEUVERING,0.3805674137716943
929.0,cctv2,C2_S001,G007,OCCUPIED,LEAVING,0.7489473110572858
929.0,cctv2,C2_S002,G008,OCCUPIED,OCCUPIED,0.8115553723140196
929.0,cctv2,C2_S003,G009,OCCUPIED,OCCUPIED,0.7343445227227429
929.0,cctv2,C2_S004,G010,OCCUPIED,OCCUPIED,0.8098515356128867
929.0,cctv2,C2_S005,G001,EMPTY,EMPTY,0.01
929.0,cctv2,C2_S006,G003,OCCUPIED,OCCUPIED,0.7782214959372175
929.0,cctv2,C2_S007,G004,OCCUPIED,OCCUPIED,0.7990349555557426
929.0,cctv2,C2_S008,G006,OCCUPIED,OCCUPIED,0.7615816511891106
929.0,cctv2,C2_S009,G005,OCCUPIED,OCCUPIED,0.7868451052091339
929.0,cctv2,C2_S010,G002,OCCUPIED,OCCUPIED,0.8032730262387884
929.0,cctv2,C2_S011,G017,OCCUPIED,OCCUPIED,0.8057832593267615
929.0,cctv2,C2_S012,G018,OCCUPIED,OCCUPIED,0.7590931659395045
929.0,cctv2,C2_S013,G019,OCCUPIED,OCCUPIED,0.8352114520289682
929.0,cctv2,C2_S014,G020,EMPTY,EMPTY,0.01
929.0,cctv3,C3_S001,G021,OCCUPIED,OCCUPIED,0.7760944018309768
929.0,cctv3,C3_S002,G019,EMPTY,EMPTY,0.01
929.0,cctv3,C3_S003,G020,OCCUPIED,LEAVING,0.8183691650629044
929.0,cctv3,C3_S004,G024,OCCUPIED,OCCUPIED,0.8278356730937958
929.0,cctv3,C3_S005,G025,OCCUPIED,OCCUPIED,0.8222745784304359
929.0,cctv3,C3_S006,G026,OCCUPIED,OCCUPIED,0.8235513367436149
929.0,cctv3,C3_S007,G027,EMPTY,MANEUVERING,0.2471785921908237
929.0,cctv3,C3_S008,G028,EMPTY,EMPTY,0.01
929.0,cctv3,C3_S009,G029,EMPTY,EMPTY,0.01
929.0,cctv3,C3_S010,G007,EMPTY,MANEUVERING,0.2698615862022746
929.0,cctv3,C3_S011,G008,OCCUPIED,OCCUPIED,0.7923421491276135
929.0,cctv3,C3_S012,G009,OCCUPIED,OCCUPIED,0.8221062389287083
930.0,cctv1,C1_S001,G001,OCCUPIED,LEAVING,0.7528331800617956
930.0,cctv1,C1_S002,G002,EMPTY,MANEUVERING,0.2018385959348895
930.0,cctv1,C1_S003,G003,OCCUPIED,OCCUPIED,0.8363494035872547
930.0,cctv1,C1_S004,G004,OCCUPIED,OCCUPIED,0.7776132766496052
930.0,cctv1,C1_S005,G005,OCCUPIED,OCCUPIED,0.7541029441085729
930.0,cctv1,C1_S006,G006,EMPTY,MANEUVERING,0.3000404099578207
930.0,cctv2,C2_S001,G007,OCCUPIED,LEAVING,0.7450882980769331
930.0,cctv2,C2_S002,G008,OCCUPIED,LEAVING,0.8099846479567615
930.0,cctv2,C2_S003,G009,OCCUPIED,OCCUPIED,0.6530948856879365
930.0,cctv2,C2_S004,G010,OCCUPIED,OCCUPIED,0.7286271195520054
930.0,cctv2,C2_S005,G001,EMPTY,EMPTY,0.01
930.0,cctv2,C2_S006,G003,OCCUPIED,OCCUPIED,0.7800458254326474
930.0,cctv2,C2_S007,G004,OCCUPIED,OCCUPIED,0.7980109117247842
930.0,cctv2,C2_S008,G006,OCCUPIED,OCCUPIED,0.7615832540121946
930.0,cctv2,C2_S009,G005,OCCUPIED,OCCUPIED,0.7861663193865256
930.0,cctv2,C2_S010,G002,OCCUPIED,OCCUPIED,0.8024527977813375
930.0,cctv2,C2_S011,G017,OCCUPIED,OCCUPIED,0.8063882518898358
930.0,cctv2,C2_S012,G018,OCCUPIED,OCCUPIED,0.7608570963144303
930.0,cctv2,C2_S013,G019,OCCUPIED,OCCUPIED,0.8357137151739815
930.0,cctv2,C2_S014,G020,EMPTY,EMPTY,0.01
930.0,cctv3,C3_S001,G021,OCCUPIED,OCCUPIED,0.7769935043020683
930.0,cctv3,C3_S002,G019,EMPTY,EMPTY,0.01
930.0,cctv3,C3_S003,G020,OCCUPIED,LEAVING,0.818366959961978
930.0,cctv3,C3_S004,G024,OCCUPIED,OCCUPIED,0.8277018633755772
930.0,cctv3,C3_S005,G025,OCCUPIED,OCCUPIED,0.8210236002098431
930.0,cctv3,C3_S006,G026,OCCUPIED,OCCUPIED,0.8174247552048077
930.0,cctv3,C3_S007,G027,EMPTY,MANEUVERING,0.2111076669733632
930.0,cctv3,C3_S008,G028,EMPTY,EMPTY,0.01
930.0,cctv3,C3_S009,G029,EMPTY,EMPTY,0.01
930.0,cctv3,C3_S010,G007,EMPTY,MANEUVERING,0.2698615862022746
930.0,cctv3,C3_S011,G008,OCCUPIED,OCCUPIED,0.791144329851324
930.0,cctv3,C3_S012,G009,OCCUPIED,OCCUPIED,0.8225052419033918
931.0,cctv1,C1_S001,G001,OCCUPIED,LEAVING,0.7523383137177337
931.0,cctv1,C1_S002,G002,EMPTY,MANEUVERING,0.2018385959348895
931.0,cctv1,C1_S003,G003,OCCUPIED,OCCUPIED,0.8364997032013807
931.0,cctv1,C1_S004,G004,OCCUPIED,OCCUPIED,0.7782965608618477
931.0,cctv1,C1_S005,G005,OCCUPIED,OCCUPIED,0.7537106442180548
931.0,cctv1,C1_S006,G006,EMPTY,MANEUVERING,0.2643271318315105
931.0,cctv2,C2_S001,G007,OCCUPIED,LEAVING,0.7415539476004515
931.0,cctv2,C2_S002,G008,OCCUPIED,LEAVING,0.811285641247576
931.0,cctv2,C2_S003,G009,OCCUPIED,OCCUPIED,0.5710287335334403
931.0,cctv2,C2_S004,G010,OCCUPIED,OCCUPIED,0.7249648939479482
931.0,cctv2,C2_S005,G001,EMPTY,EMPTY,0.01
931.0,cctv2,C2_S006,G003,OCCUPIED,OCCUPIED,0.7813809521902692
931.0,cctv2,C2_S007,G004,OCCUPIED,OCCUPIED,0.7976799482649024
931.0,cctv2,C2_S008,G006,OCCUPIED,OCCUPIED,0.7622957625172355
931.0,cctv2,C2_S009,G005,OCCUPIED,OCCUPIED,0.788650168478489
931.0,cctv2,C2_S010,G002,OCCUPIED,OCCUPIED,0.802554924921556
931.0,cctv2,C2_S011,G017,OCCUPIED,OCCUPIED,0.8055222023617138
931.0,cctv2,C2_S012,G018,OCCUPIED,OCCUPIED,0.7605875745415688
931.0,cctv2,C2_S013,G019,OCCUPIED,OCCUPIED,0.8356403388760307
931.0,cctv2,C2_S014,G020,EMPTY,EMPTY,0.01
931.0,cctv3,C3_S001,G021,OCCUPIED,OCCUPIED,0.7766180779446256
931.0,cctv3,C3_S002,G019,EMPTY,EMPTY,0.01
931.0,cctv3,C3_S003,G020,OCCUPIED,LEAVING,0.8178614050149918
931.0,cctv3,C3_S004,G024,OCCUPIED,OCCUPIED,0.8274618942629208
931.0,cctv3,C3_S005,G025,OCCUPIED,OCCUPIED,0.8191366775469348
931.0,cctv3,C3_S006,G026,OCCUPIED,OCCUPIED,0.8149358603087339
931.0,cctv3,C3_S007,G027,EMPTY,MANEUVERING,0.1511076669733632
931.0,cctv3,C3_S008,G028,EMPTY,EMPTY,0.01
931.0,cctv3,C3_S009,G029,EMPTY,MANEUVERING,0.1530077907781709
931.0,cctv3,C3_S010,G007,EMPTY,MANEUVERING,0.2698615862022746
931.0,cctv3,C3_S011,G008,OCCUPIED,OCCUPIED,0.7918902936306867
931.0,cctv3,C3_S012,G009,OCCUPIED,OCCUPIED,0.8229950352148577
932.0,cctv1,C1_S001,G001,OCCUPIED,LEAVING,0.7500269759785045
932.0,cctv1,C1_S002,G002,EMPTY,MANEUVERING,0.165414084602486
932.0,cctv1,C1_S003,G003,OCCUPIED,OCCUPIED,0.8364968177947132
932.0,cctv1,C1_S004,G004,OCCUPIED,OCCUPIED,0.7781154637986964
932.0,cctv1,C1_S005,G005,OCCUPIED,OCCUPIED,0.7542853530157697
932.0,cctv1,C1_S006,G006,EMPTY,MANEUVERING,0.2270944930883971
932.0,cctv2,C2_S001,G007,OCCUPIED,LEAVING,0.7453289672055028
932.0,cctv2,C2_S002,G008,OCCUPIED,LEAVING,0.8096262682567944
932.0,cctv2,C2_S003,G009,OCCUPIED,OCCUPIED,0.51
932.0,cctv2,C2_S004,G010,OCCUPIED,OCCUPIED,0.7160649147291075
932.0,cctv2,C2_S005,G001,EMPTY,EMPTY,0.01
932.0,cctv2,C2_S006,G003,OCCUPIED,LEAVING,0.7797515450824392
932.0,cctv2,C2_S007,G004,OCCUPIED,OCCUPIED,0.7969113523309882
932.0,cctv2,C2_S008,G006,OCCUPIED,OCCUPIED,0.7638048761270264
932.0,cctv2,C2_S009,G005,OCCUPIED,OCCUPIED,0.7907052493908189
932.0,cctv2,C2_S010,G002,OCCUPIED,OCCUPIED,0.8021486937999726
932.0,cctv2,C2_S011,G017,OCCUPIED,OCCUPIED,0.8054641406644475
932.0,cctv2,C2_S012,G018,OCCUPIED,OCCUPIED,0.7613998490301046
932.0,cctv2,C2_S013,G019,OCCUPIED,OCCUPIED,0.8355457324873318
932.0,cctv2,C2_S014,G020,EMPTY,EMPTY,0.01
932.0,cctv3,C3_S001,G021,OCCUPIED,OCCUPIED,0.776050687107173
932.0,cctv3,C3_S002,G019,EMPTY,EMPTY,0.01
932.0,cctv3,C3_S003,G020,OCCUPIED,LEAVING,0.8176389385353435
932.0,cctv3,C3_S004,G024,OCCUPIED,OCCUPIED,0.827400782162493
932.0,cctv3,C3_S005,G025,OCCUPIED,OCCUPIED,0.8195215046405793
932.0,cctv3,C3_S006,G026,OCCUPIED,LEAVING,0.8104924080046741
932.0,cctv3,C3_S007,G027,EMPTY,MANEUVERING,0.1511076669733632
932.0,cctv3,C3_S008,G028,EMPTY,EMPTY,0.01
932.0,cctv3,C3_S009,G029,EMPTY,MANEUVERING,0.1530077907781709
932.0,cctv3,C3_S010,G007,EMPTY,MANEUVERING,0.2248615862022746
932.0,cctv3,C3_S011,G008,OCCUPIED,OCCUPIED,0.7933610423044726
932.0,cctv3,C3_S012,G009,OCCUPIED,OCCUPIED,0.8227267517284914
933.0,cctv1,C1_S001,G001,OCCUPIED,LEAVING,0.7482071276415478
933.0,cctv1,C1_S002,G002,EMPTY,EMPTY,0.01
933.0,cctv1,C1_S003,G003,OCCUPIED,OCCUPIED,0.8366675972938538
933.0,cctv1,C1_S004,G004,OCCUPIED,OCCUPIED,0.7776535955342381
933.0,cctv1,C1_S005,G005,OCCUPIED,OCCUPIED,0.7560149312019349
933.0,cctv1,C1_S006,G006,EMPTY,MANEUVERING,0.3134025810929861
933.0,cctv2,C2_S001,G007,OCCUPIED,LEAVING,0.745509422570467
933.0,cctv2,C2_S002,G008,OCCUPIED,LEAVING,0.8094501731070606
933.0,cctv2,C2_S003,G009,OCCUPIED,OCCUPIED,0.51
933.0,cctv2,C2_S004,G010,OCCUPIED,OCCUPIED,0.7138646781105887
933.0,cctv2,C2_S005,G001,EMPTY,EMPTY,0.01
933.0,cctv2,C2_S006,G003,OCCUPIED,LEAVING,0.7772790106047284
933.0,cctv2,C2_S007,G004,OCCUPIED,OCCUPIED,0.7944684930823067
933.0,cctv2,C2_S008,G006,OCCUPIED,OCCUPIED,0.7639216302470728
933.0,cctv2,C2_S009,G005,OCCUPIED,OCCUPIED,0.7894763099876317
933.0,cctv2,C2_S010,G002,OCCUPIED,OCCUPIED,0.8009045137600466
933.0,cctv2,C2_S011,G017,OCCUPIED,OCCUPIED,0.8039992952888663
933.0,cctv2,C2_S012,G018,OCCUPIED,OCCUPIED,0.763248706270348
933.0,cctv2,C2_S013,G019,OCCUPIED,OCCUPIED,0.8353527808731254
933.0,cctv2,C2_S014,G020,EMPTY,EMPTY,0.01
933.0,cctv3,C3_S001,G021,OCCUPIED,OCCUPIED,0.7769877729090778
933.0,cctv3,C3_S002,G019,EMPTY,EMPTY,0.01
933.0,cctv3,C3_S003,G020,OCCUPIED,LEAVING,0.8183307078751652
933.0,cctv3,C3_S004,G024,OCCUPIED,OCCUPIED,0.8277735263109207
933.0,cctv3,C3_S005,G025,OCCUPIED,OCCUPIED,0.818982219696045
933.0,cctv3,C3_S006,G026,OCCUPIED,LEAVING,0.8074749878861688
933.0,cctv3,C3_S007,G027,EMPTY,MANEUVERING,0.1061076669733632
933.0,cctv3,C3_S008,G028,EMPTY,EMPTY,0.01
933.0,cctv3,C3_S009,G029,EMPTY,MANEUVERING,0.1530077907781709
933.0,cctv3,C3_S010,G007,EMPTY,MANEUVERING,0.316993858136914
933.0,cctv3,C3_S011,G008,OCCUPIED,OCCUPIED,0.7125052373517644
933.0,cctv3,C3_S012,G009,OCCUPIED,OCCUPIED,0.8221800370649859
934.0,cctv1,C1_S001,G001,OCCUPIED,LEAVING,0.7454568756574935
934.0,cctv1,C1_S002,G002,EMPTY,EMPTY,0.01
934.0,cctv1,C1_S003,G003,OCCUPIED,OCCUPIED,0.8369299043308606
934.0,cctv1,C1_S004,G004,OCCUPIED,OCCUPIED,0.7780966310338541
934.0,cctv1,C1_S005,G005,OCCUPIED,OCCUPIED,0.7562889021905986
934.0,cctv1,C1_S006,G006,EMPTY,MANEUVERING,0.3134025810929861
934.0,cctv2,C2_S001,G007,OCCUPIED,LEAVING,0.748664340241389
934.0,cctv2,C2_S002,G008,OCCUPIED,LEAVING,0.807419778271155
934.0,cctv2,C2_S003,G009,OCCUPIED,OCCUPIED,0.51
934.0,cctv2,C2_S004,G010,OCCUPIED,OCCUPIED,0.7537228543717753
934.0,cctv2,C2_S005,G001,EMPTY,EMPTY,0.01
934.0,cctv2,C2_S006,G003,OCCUPIED,LEAVING,0.7758227400888097
934.0,cctv2,C2_S007,G004,OCCUPIED,OCCUPIED,0.7935354021462528
934.0,cctv2,C2_S008,G006,OCCUPIED,OCCUPIED,0.763154589587992
934.0,cctv2,C2_S009,G005,OCCUPIED,OCCUPIED,0.7895495160059496
934.0,cctv2,C2_S010,G002,OCCUPIED,OCCUPIED,0.7986687604676594
934.0,cctv2,C2_S011,G017,OCCUPIED,OCCUPIED,0.8020030709830198
934.0,cctv2,C2_S012,G018,OCCUPIED,OCCUPIED,0.76525058881803
934.0,cctv2,C2_S013,G019,OCCUPIED,OCCUPIED,0.8347800691019406
934.0,cctv2,C2_S014,G020,EMPTY,EMPTY,0.01
934.0,cctv3,C3_S001,G021,OCCUPIED,OCCUPIED,0.7794406587427314
934.0,cctv3,C3_S002,G019,EMPTY,EMPTY,0.01
934.0,cctv3,C3_S003,G020,OCCUPIED,LEAVING,0.8191831049594013
934.0,cctv3,C3_S004,G024,OCCUPIED,OCCUPIED,0.8277416039596905
934.0,cctv3,C3_S005,G025,OCCUPIED,OCCUPIED,0.8191658225926487
934.0,cctv3,C3_S006,G026,OCCUPIED,LEAVING,0.8053632132031702
934.0,cctv3,C3_S007,G027,EMPTY,MANEUVERING,0.0861076669733632
934.0,cctv3,C3_S008,G028,EMPTY,EMPTY,0.01
934.0,cctv3,C3_S009,G029,EMPTY,MANEUVERING,0.2858932453698732
934.0,cctv3,C3_S010,G007,EMPTY,MANEUVERING,0.316993858136914
934.0,cctv3,C3_S011,G008,OCCUPIED,OCCUPIED,0.7140158932317388
934.0,cctv3,C3_S012,G009,OCCUPIED,OCCUPIED,0.8222950623794036
935.0,cctv1,C1_S001,G001,OCCUPIED,LEAVING,0.7431059472940186
935.0,cctv1,C1_S002,G002,EMPTY,EMPTY,0.01
935.0,cctv1,C1_S003,G003,OCCUPIED,OCCUPIED,0.8370581618764185
935.0,cctv1,C1_S004,G004,OCCUPIED,OCCUPIED,0.7799137516455218
935.0,cctv1,C1_S005,G005,OCCUPIED,OCCUPIED,0.7557003609158777
935.0,cctv1,C1_S006,G006,EMPTY,MANEUVERING,0.3933303726701574
935.0,cctv2,C2_S001,G007,OCCUPIED,LEAVING,0.7479364679618316
935.0,cctv2,C2_S002,G008,OCCUPIED,LEAVING,0.8058310571041974
935.0,cctv2,C2_S003,G009,OCCUPIED,OCCUPIED,0.51
935.0,cctv2,C2_S004,G010,OCCUPIED,OCCUPIED,0.7498892025310885
935.0,cctv2,C2_S005,G001,EMPTY,EMPTY,0.01
935.0,cctv2,C2_S006,G003,OCCUPIED,LEAVING,0.7744073187221181
935.0,cctv2,C2_S007,G004,OCCUPIED,OCCUPIED,0.7917081830176441
935.0,cctv2,C2_S008,G006,OCCUPIED,OCCUPIED,0.7624755802479658
935.0,cctv2,C2_S009,G005,OCCUPIED,OCCUPIED,0.7884198232130571
935.0,cctv2,C2_S010,G002,OCCUPIED,OCCUPIED,0.7979601427912713
935.0,cctv2,C2_S011,G017,OCCUPIED,OCCUPIED,0.8013330218466846
935.0,cctv2,C2_S012,G018,OCCUPIED,OCCUPIED,0.7633472774516453
935.0,cctv2,C2_S013,G019,OCCUPIED,OCCUPIED,0.8346767739816146
935.0,cctv2,C2_S014,G020,EMPTY,EMPTY,0.01
935.0,cctv3,C3_S001,G021,OCCUPIED,OCCUPIED,0.7777810532938351
935.0,cctv3,C3_S002,G019,EMPTY,EMPTY,0.01
935.0,cctv3,C3_S003,G020,OCCUPIED,LEAVING,0.8186978258869866
935.0,cctv3,C3_S004,G024,OCCUPIED,OCCUPIED,0.8273642033338547
935.0,cctv3,C3_S005,G025,OCCUPIED,OCCUPIED,0.8191676741296595
935.0,cctv3,C3_S006,G026,OCCUPIED,LEAVING,0.8016561524434523
935.0,cctv3,C3_S007,G027,EMPTY,MANEUVERING,0.0861076669733632
935.0,cctv3,C3_S008,G028,EMPTY,EMPTY,0.01
935.0,cctv3,C3_S009,G029,EMPTY,MANEUVERING,0.2408932453698732
935.0,cctv3,C3_S010,G007,EMPTY,MANEUVERING,0.316993858136914
935.0,cctv3,C3_S011,G008,OCCUPIED,OCCUPIED,0.7143673359264027
935.0,cctv3,C3_S012,G009,OCCUPIED,OCCUPIED,0.8228294884616679
936.0,cctv1,C1_S001,G001,OCCUPIED,LEAVING,0.7425994428044016
936.0,cctv1,C1_S002,G002,EMPTY,EMPTY,0.01
936.0,cctv1,C1_S003,G003,OCCUPIED,OCCUPIED,0.8370851562781768
936.0,cctv1,C1_S004,G004,OCCUPIED,OCCUPIED,0.7796446147290144
936.0,cctv1,C1_S005,G005,OCCUPIED,OCCUPIED,0.7556976396929135
936.0,cctv1,C1_S006,G006,EMPTY,MANEUVERING,0.3582231197032061
936.0,cctv2,C2_S001,G007,OCCUPIED,LEAVING,0.7472300606695089
936.0,cctv2,C2_S002,G008,OCCUPIED,LEAVING,0.8042076094584032
936.0,cctv2,C2_S003,G009,OCCUPIED,OCCUPIED,0.51
936.0,cctv2,C2_S004,G010,OCCUPIED,OCCUPIED,0.7457613382894885
936.0,cctv2,C2_S005,G001,EMPTY,EMPTY,0.01
936.0,cctv2,C2_S006,G003,OCCUPIED,LEAVING,0.8114264929836448
936.0,cctv2,C2_S007,G004,OCCUPIED,OCCUPIED,0.7904105091636832
936.0,cctv2,C2_S008,G006,OCCUPIED,OCCUPIED,0.7624165582385931
936.0,cctv2,C2_S009,G005,OCCUPIED,OCCUPIED,0.788316332210194
936.0,cctv2,C2_S010,G002,OCCUPIED,OCCUPIED,0.79801546538418
936.0,cctv2,C2_S011,G017,OCCUPIED,OCCUPIED,0.8001335688612679
936.0,cctv2,C2_S012,G018,OCCUPIED,OCCUPIED,0.7632392961870541
936.0,cctv2,C2_S013,G019,OCCUPIED,OCCUPIED,0.8342798883264716
936.0,cctv2,C2_S014,G020,EMPTY,EMPTY,0.01
936.0,cctv3,C3_S001,G021,OCCUPIED,OCCUPIED,0.7807144068858841
936.0,cctv3,C3_S002,G019,EMPTY,EMPTY,0.01
936.0,cctv3,C3_S003,G020,OCCUPIED,LEAVING,0.8180322991176086
936.0,cctv3,C3_S004,G024,OCCUPIED,OCCUPIED,0.8272131689570168
936.0,cctv3,C3_S005,G025,OCCUPIED,OCCUPIED,0.8200650713660501
936.0,cctv3,C3_S006,G026,OCCUPIED,LEAVING,0.7983776192773473
936.0,cctv3,C3_S007,G027,EMPTY,MANEUVERING,0.0861076669733632
936.0,cctv3,C3_S008,G028,EMPTY,EMPTY,0.01
936.0,cctv3,C3_S009,G029,EMPTY,MANEUVERING,0.2408932453698732
936.0,cctv3,C3_S010,G007,EMPTY,MANEUVERING,0.3866377610239115
936.0,cctv3,C3_S011,G008,OCCUPIED,OCCUPIED,0.7153689603913914
936.0,cctv3,C3_S012,G009,OCCUPIED,OCCUPIED,0.8234660693190315
937.0,cctv1,C1_S001,G001,OCCUPIED,LEAVING,0.7340093286877329
937.0,cctv1,C1_S002,G002,EMPTY,EMPTY,0.01
937.0,cctv1,C1_S003,G003,OCCUPIED,OCCUPIED,0.8372211678461596
937.0,cctv1,C1_S004,G004,OCCUPIED,OCCUPIED,0.780148365280845
937.0,cctv1,C1_S005,G005,OCCUPIED,OCCUPIED,0.7532782457091592
937.0,cctv1,C1_S006,G006,EMPTY,MANEUVERING,0.2758677283606746
937.0,cctv2,C2_S001,G007,OCCUPIED,LEAVING,0.7473576403476976
937.0,cctv2,C2_S002,G008,OCCUPIED,LEAVING,0.8023792800578204
937.0,cctv2,C2_S003,G009,OCCUPIED,OCCUPIED,0.51
937.0,cctv2,C2_S004,G010,OCCUPIED,OCCUPIED,0.7417916331846606
937.0,cctv2,C2_S005,G001,EMPTY,EMPTY,0.01
937.0,cctv2,C2_S006,G003,OCCUPIED,OCCUPIED,0.8096304565668107
937.0,cctv2,C2_S007,G004,OCCUPIED,OCCUPIED,0.789974815195257
937.0,cctv2,C2_S008,G006,OCCUPIED,OCCUPIED,0.7613302355462855
937.0,cctv2,C2_S009,G005,OCCUPIED,OCCUPIED,0.786540069363334
937.0,cctv2,C2_S010,G002,OCCUPIED,OCCUPIED,0.7971665153449232
937.0,cctv2,C2_S011,G017,OCCUPIED,OCCUPIED,0.7972047835588456
937.0,cctv2,C2_S012,G018,OCCUPIED,OCCUPIED,0.7622322478077629
937.0,cctv2,C2_S013,G019,OCCUPIED,OCCUPIED,0.8335715193640103
937.0,cctv2,C2_S014,G020,EMPTY,EMPTY,0.01
937.0,cctv3,C3_S001,G021,OCCUPIED,OCCUPIED,0.7836578398942948
937.0,cctv3,C3_S002,G019,EMPTY,EMPTY,0.01
937.0,cctv3,C3_S003,G020,OCCUPIED,LEAVING,0.8169079260392623
937.0,cctv3,C3_S004,G024,OCCUPIED,OCCUPIED,0.827441354231401
937.0,cctv3,C3_S005,G025,OCCUPIED,OCCUPIED,0.8200876141136344
937.0,cctv3,C3_S006,G026,OCCUPIED,LEAVING,0.7962612344460055
937.0,cctv3,C3_S007,G027,EMPTY,MANEUVERING,0.0861076669733632
937.0,cctv3,C3_S008,G028,EMPTY,EMPTY,0.01
937.0,cctv3,C3_S009,G029,EMPTY,MANEUVERING,0.2408932453698732
937.0,cctv3,C3_S010,G007,EMPTY,MANEUVERING,0.3416377610239115
937.0,cctv3,C3_S011,G008,OCCUPIED,OCCUPIED,0.7600251950729977
937.0,cctv3,C3_S012,G009,OCCUPIED,OCCUPIED,0.8226972287351435
938.0,cctv1,C1_S001,G001,OCCUPIED,LEAVING,0.7250981364737858
938.0,cctv1,C1_S002,G002,EMPTY,EMPTY,0.01
938.0,cctv1,C1_S003,G003,OCCUPIED,OCCUPIED,0.8372544646263123
938.0,cctv1,C1_S004,G004,OCCUPIED,OCCUPIED,0.7804094019261274
938.0,cctv1,C1_S005,G005,OCCUPIED,OCCUPIED,0.753844305601987
938.0,cctv1,C1_S006,G006,EMPTY,MANEUVERING,0.2758677283606746
938.0,cctv2,C2_S001,G007,OCCUPIED,LEAVING,0.7463597352531823
938.0,cctv2,C2_S002,G008,OCCUPIED,LEAVING,0.8030047476291657
938.0,cctv2,C2_S003,G009,OCCUPIED,OCCUPIED,0.51
938.0,cctv2,C2_S004,G010,OCCUPIED,OCCUPIED,0.7343593493510376
938.0,cctv2,C2_S005,G001,EMPTY,EMPTY,0.01
938.0,cctv2,C2_S006,G003,OCCUPIED,OCCUPIED,0.8140869281508707
938.0,cctv2,C2_S007,G004,OCCUPIED,OCCUPIED,0.7896884308619934
938.0,cctv2,C2_S008,G006,OCCUPIED,OCCUPIED,0.7587753209200773
938.0,cctv2,C2_S009,G005,OCCUPIED,OCCUPIED,0.7851269581101158
938.0,cctv2,C2_S010,G002,OCCUPIED,OCCUPIED,0.7956652041185986
938.0,cctv2,C2_S011,G017,OCCUPIED,OCCUPIED,0.7949848910624331
938.0,cctv2,C2_S012,G018,OCCUPIED,OCCUPIED,0.7642619826576927
938.0,cctv2,C2_S013,G019,OCCUPIED,OCCUPIED,0.8331900767304681
938.0,cctv2,C2_S014,G020,EMPTY,EMPTY,0.01
938.0,cctv3,C3_S001,G021,OCCUPIED,OCCUPIED,0.7833055284890262
938.0,cctv3,C3_S002,G019,EMPTY,EMPTY,0.01
938.0,cctv3,C3_S003,G020,OCCUPIED,LEAVING,0.8194966291839427
938.0,cctv3,C3_S004,G024,OCCUPIED,OCCUPIED,0.8274270726875825
938.0,cctv3,C3_S005,G025,OCCUPIED,OCCUPIED,0.8196120080622761
938.0,cctv3,C3_S006,G026,OCCUPIED,LEAVING,0.7945179123770107
938.0,cctv3,C3_S007,G027,EMPTY,MANEUVERING,0.0861076669733632
938.0,cctv3,C3_S008,G028,EMPTY,EMPTY,0.01
938.0,cctv3,C3_S009,G029,EMPTY,MANEUVERING,0.1958932453698732
938.0,cctv3,C3_S010,G007,EMPTY,MANEUVERING,0.427968474091454
938.0,cctv3,C3_S011,G008,OCCUPIED,OCCUPIED,0.6802580743847472
938.0,cctv3,C3_S012,G009,OCCUPIED,OCCUPIED,0.8222375257448717
939.0,cctv1,C1_S001,G001,OCCUPIED,LEAVING,0.7244071994315495
939.0,cctv1,C1_S002,G002,EMPTY,EMPTY,0.01
939.0,cctv1,C1_S003,G003,OCCUPIED,OCCUPIED,0.8372677984562787
939.0,cctv1,C1_S004,G004,OCCUPIED,OCCUPIED,0.7800842328505083
939.0,cctv1,C1_S005,G005,OCCUPIED,OCCUPIED,0.7551819423382933
939.0,cctv1,C1_S006,G006,EMPTY,MANEUVERING,0.3109726710888472
939.0,cctv2,C2_S001,G007,OCCUPIED,LEAVING,0.7470366024835544
939.0,cctv2,C2_S002,G008,OCCUPIED,LEAVING,0.8032607839866118
939.0,cctv2,C2_S003,G009,EMPTY,EMPTY,0.1895003349672664
939.0,cctv2,C2_S004,G010,OCCUPIED,OCCUPIED,0.7320385930348526
939.0,cctv2,C2_S005,G001,EMPTY,EMPTY,0.01
939.0,cctv2,C2_S006,G003,OCCUPIED,OCCUPIED,0.8163544270125302
939.0,cctv2,C2_S007,G004,OCCUPIED,OCCUPIED,0.7884342811324381
939.0,cctv2,C2_S008,G006,OCCUPIED,OCCUPIED,0.756366760215976
939.0,cctv2,C2_S009,G005,OCCUPIED,OCCUPIED,0.7837818798693744
939.0,cctv2,C2_S010,G002,OCCUPIED,OCCUPIED,0.792175776172768
939.0,cctv2,C2_S011,G017,OCCUPIED,OCCUPIED,0.78752280656587
939.0,cctv2,C2_S012,G018,OCCUPIED,OCCUPIED,0.7629839567975565
939.0,cctv2,C2_S013,G019,OCCUPIED,OCCUPIED,0.8331181585788727
939.0,cctv2,C2_S014,G020,EMPTY,EMPTY,0.01
939.0,cctv3,C3_S001,G021,OCCUPIED,OCCUPIED,0.7859266367825596
939.0,cctv3,C3_S002,G019,EMPTY,EMPTY,0.01
939.0,cctv3,C3_S003,G020,OCCUPIED,LEAVING,0.8191534169695595
939.0,cctv3,C3_S004,G024,OCCUPIED,OCCUPIED,0.8273268417878585
939.0,cctv3,C3_S005,G025,OCCUPIED,OCCUPIED,0.8193932462822308
939.0,cctv3,C3_S006,G026,OCCUPIED,LEAVING,0.7932394528930838
939.0,cctv3,C3_S007,G027,EMPTY,MANEUVERING,0.0861076669733632
939.0,cctv3,C3_S008,G028,EMPTY,EMPTY,0.01
939.0,cctv3,C3_S009,G029,EMPTY,MANEUVERING,0.1958932453698732
939.0,cctv3,C3_S010,G007,EMPTY,MANEUVERING,0.4774887093021112
939.0,cctv3,C3_S011,G008,OCCUPIED,OCCUPIED,0.599383474635807
939.0,cctv3,C3_S012,G009,OCCUPIED,OCCUPIED,0.8223098055882888
940.0,cctv1,C1_S001,G001,OCCUPIED,LEAVING,0.7248718336224557
940.0,cctv1,C1_S002,G002,EMPTY,EMPTY,0.01
940.0,cctv1,C1_S003,G003,OCCUPIED,OCCUPIED,0.8371921691027555
940.0,cctv1,C1_S004,G004,OCCUPIED,OCCUPIED,0.7791238963603974
940.0,cctv1,C1_S005,G005,OCCUPIED,LEAVING,0.7559712087566203
940.0,cctv1,C1_S006,G006,EMPTY,MANEUVERING,0.3912599481506781
940.0,cctv2,C2_S001,G007,OCCUPIED,LEAVING,0.7448773760687222
940.0,cctv2,C2_S002,G008,OCCUPIED,LEAVING,0.80442237962376
940.0,cctv2,C2_S003,G009,EMPTY,EMPTY,0.01
940.0,cctv2,C2_S004,G010,OCCUPIED,OCCUPIED,0.7284810643304479
940.0,cctv2,C2_S005,G001,EMPTY,EMPTY,0.01
940.0,cctv2,C2_S006,G003,OCCUPIED,OCCUPIED,0.8168378724293276
940.0,cctv2,C2_S007,G004,OCCUPIED,OCCUPIED,0.7895130932331086
940.0,cctv2,C2_S008,G006,OCCUPIED,OCCUPIED,0.7547912208871409
940.0,cctv2,C2_S009,G005,OCCUPIED,OCCUPIED,0.7806582276116718
940.0,cctv2,C2_S010,G002,OCCUPIED,OCCUPIED,0.7872264222665267
940.0,cctv2,C2_S011,G017,OCCUPIED,OCCUPIED,0.7820696504955943
940.0,cctv2,C2_S012,G018,OCCUPIED,OCCUPIED,0.7678691612048583
940.0,cctv2,C2_S013,G019,OCCUPIED,OCCUPIED,0.8334670335054398
940.0,cctv2,C2_S014,G020,EMPTY,EMPTY,0.01
940.0,cctv3,C3_S001,G021,OCCUPIED,LEAVING,0.7896913130174984
940.0,cctv3,C3_S002,G019,EMPTY,EMPTY,0.01
940.0,cctv3,C3_S003,G020,OCCUPIED,LEAVING,0.8191385372118517
940.0,cctv3,C3_S004,G024,OCCUPIED,OCCUPIED,0.82741154757413
940.0,cctv3,C3_S005,G025,OCCUPIED,OCCUPIED,0.8193158564242451
940.0,cctv3,C3_S006,G026,OCCUPIED,LEAVING,0.7910948829217391
940.0,cctv3,C3_S007,G027,EMPTY,EMPTY,0.01
940.0,cctv3,C3_S008,G028,EMPTY,MANEUVERING,0.1099391779642213
940.0,cctv3,C3_S009,G029,EMPTY,MANEUVERING,0.1958932453698732
940.0,cctv3,C3_S010,G007,EMPTY,MANEUVERING,0.49
940.0,cctv3,C3_S011,G008,OCCUPIED,LEAVING,0.51
940.0,cctv3,C3_S012,G009,OCCUPIED,OCCUPIED,0.8221974259073085
941.0,cctv1,C1_S001,G001,OCCUPIED,OCCUPIED,0.7240232330831615
941.0,cctv1,C1_S002,G002,EMPTY,EMPTY,0.01
941.0,cctv1,C1_S003,G003,OCCUPIED,OCCUPIED,0.8372336970134215
941.0,cctv1,C1_S004,G004,OCCUPIED,OCCUPIED,0.7780559528957715
941.0,cctv1,C1_S005,G005,OCCUPIED,LEAVING,0.7585042125799439
941.0,cctv1,C1_S006,G006,EMPTY,MANEUVERING,0.3672599481506781
941.0,cctv2,C2_S001,G007,OCCUPIED,LEAVING,0.7466399781405927
941.0,cctv2,C2_S002,G008,OCCUPIED,LEAVING,0.8047579589215192
941.0,cctv2,C2_S003,G009,EMPTY,EMPTY,0.01
941.0,cctv2,C2_S004,G010,OCCUPIED,OCCUPIED,0.7638507979837331
941.0,cctv2,C2_S005,G001,EMPTY,EMPTY,0.01
941.0,cctv2,C2_S006,G003,OCCUPIED,OCCUPIED,0.8172226759520445
941.0,cctv2,C2_S007,G004,OCCUPIED,OCCUPIED,0.79054150743918
941.0,cctv2,C2_S008,G006,OCCUPIED,OCCUPIED,0.7538959255272693
941.0,cctv2,C2_S009,G005,OCCUPIED,OCCUPIED,0.7789220239628446
941.0,cctv2,C2_S010,G002,OCCUPIED,OCCUPIED,0.7048813273419033
941.0,cctv2,C2_S011,G017,OCCUPIED,OCCUPIED,0.6880179347030142
941.0,cctv2,C2_S012,G018,OCCUPIED,LEAVING,0.7731082956899297
941.0,cctv2,C2_S013,G019,OCCUPIED,OCCUPIED,0.8335339139808309
941.0,cctv2,C2_S014,G020,EMPTY,EMPTY,0.01
941.0,cctv3,C3_S001,G021,OCCUPIED,LEAVING,0.7071201582659374
941.0,cctv3,C3_S002,G019,EMPTY,EMPTY,0.01
941.0,cctv3,C3_S003,G020,OCCUPIED,LEAVING,0.8170201049609618
941.0,cctv3,C3_S004,G024,OCCUPIED,OCCUPIED,0.8273271937261929
941.0,cctv3,C3_S005,G025,OCCUPIED,OCCUPIED,0.8198820520531048
941.0,cctv3,C3_S006,G026,OCCUPIED,LEAVING,0.794167801195925
941.0,cctv3,C3_S007,G027,EMPTY,EMPTY,0.01
941.0,cctv3,C3_S008,G028,EMPTY,MANEUVERING,0.1099391779642213
941.0,cctv3,C3_S009,G029,EMPTY,MANEUVERING,0.1958932453698732
941.0,cctv3,C3_S010,G007,EMPTY,MANEUVERING,0.49
941.0,cctv3,C3_S011,G008,OCCUPIED,LEAVING,0.51
941.0,cctv3,C3_S012,G009,OCCUPIED,OCCUPIED,0.8221935488960961
942.0,cctv1,C1_S001,G001,OCCUPIED,OCCUPIED,0.7240203456445174
942.0,cctv1,C1_S002,G002,EMPTY,EMPTY,0.01
942.0,cctv1,C1_S003,G003,OCCUPIED,OCCUPIED,0.8370709885250439
942.0,cctv1,C1_S004,G004,OCCUPIED,OCCUPIED,0.7776805436069316
942.0,cctv1,C1_S005,G005,OCCUPIED,LEAVING,0.7594191559336403
942.0,cctv1,C1_S006,G006,EMPTY,MANEUVERING,0.4509885268861597
942.0,cctv2,C2_S001,G007,OCCUPIED,LEAVING,0.7501136993142692
942.0,cctv2,C2_S002,G008,OCCUPIED,LEAVING,0.8026431395248934
942.0,cctv2,C2_S003,G009,EMPTY,EMPTY,0.01
942.0,cctv2,C2_S004,G010,OCCUPIED,OCCUPIED,0.7649210026318377
942.0,cctv2,C2_S005,G001,EMPTY,EMPTY,0.01
942.0,cctv2,C2_S006,G003,OCCUPIED,OCCUPIED,0.8175519114190882
942.0,cctv2,C2_S007,G004,OCCUPIED,OCCUPIED,0.7907434420152144
942.0,cctv2,C2_S008,G006,OCCUPIED,OCCUPIED,0.7530436938459224
942.0,cctv2,C2_S009,G005,OCCUPIED,OCCUPIED,0.7785156497901137
942.0,cctv2,C2_S010,G002,OCCUPIED,OCCUPIED,0.6225024608590387
942.0,cctv2,C2_S011,G017,OCCUPIED,OCCUPIED,0.5942756733162837
942.0,cctv2,C2_S012,G018,OCCUPIED,LEAVING,0.7804572062058883
942.0,cctv2,C2_S013,G019,OCCUPIED,OCCUPIED,0.8331008453260769
942.0,cctv2,C2_S014,G020,EMPTY,EMPTY,0.01
942.0,cctv3,C3_S001,G021,OCCUPIED,LEAVING,0.6260538605668329
942.0,cctv3,C3_S002,G019,EMPTY,EMPTY,0.01
942.0,cctv3,C3_S003,G020,OCCUPIED,LEAVING,0.8133616043762728
942.0,cctv3,C3_S004,G024,OCCUPIED,OCCUPIED,0.8270968187939037
942.0,cctv3,C3_S005,G025,OCCUPIED,OCCUPIED,0.8213552464138378
942.0,cctv3,C3_S006,G026,OCCUPIED,OCCUPIED,0.7929251743988558
942.0,cctv3,C3_S007,G027,EMPTY,EMPTY,0.01
942.0,cctv3,C3_S008,G028,EMPTY,MANEUVERING,0.1099391779642213
942.0,cctv3,C3_S009,G029,EMPTY,MANEUVERING,0.1910514272343028
942.0,cctv3,C3_S010,G007,EMPTY,MANEUVERING,0.49
942.0,cctv3,C3_S011,G008,OCCUPIED,LEAVING,0.5414943147905462
942.0,cctv3,C3_S012,G009,OCCUPIED,OCCUPIED,0.8223638008941304
943.0,cctv1,C1_S001,G001,OCCUPIED,OCCUPIED,0.7234469637274743
943.0,cctv1,C1_S002,G002,EMPTY,EMPTY,0.01
943.0,cctv1,C1_S003,G003,OCCUPIED,OCCUPIED,0.8370599630204114
943.0,cctv1,C1_S004,G004,OCCUPIED,OCCUPIED,0.776260645552115
943.0,cctv1,C1_S005,G005,OCCUPIED,LEAVING,0.7603377844799649
943.0,cctv1,C1_S006,G006,EMPTY,MANEUVERING,0.3917028126004455
943.0,cctv2,C2_S001,G007,OCCUPIED,LEAVING,0.750050406090238
943.0,cctv2,C2_S002,G008,OCCUPIED,LEAVING,0.8026010125875473
943.0,cctv2,C2_S003,G009,EMPTY,EMPTY,0.01
943.0,cctv2,C2_S004,G010,OCCUPIED,OCCUPIED,0.7693751026960938
943.0,cctv2,C2_S005,G001,EMPTY,EMPTY,0.01
943.0,cctv2,C2_S006,G003,OCCUPIED,OCCUPIED,0.8174237018281764
943.0,cctv2,C2_S007,G004,OCCUPIED,OCCUPIED,0.7894008785486222
943.0,cctv2,C2_S008,G006,OCCUPIED,OCCUPIED,0.7521122492172502
943.0,cctv2,C2_S009,G005,OCCUPIED,OCCUPIED,0.7790626131675461
943.0,cctv2,C2_S010,G002,OCCUPIED,OCCUPIED,0.5404260479387912
943.0,cctv2,C2_S011,G017,OCCUPIED,LEAVING,0.5970982989533381
943.0,cctv2,C2_S012,G018,OCCUPIED,LEAVING,0.7844081033359875
943.0,cctv2,C2_S013,G019,OCCUPIED,OCCUPIED,0.8334875117648732
943.0,cctv2,C2_S014,G020,EMPTY,EMPTY,0.01
943.0,cctv3,C3_S001,G021,OCCUPIED,LEAVING,0.5334075359605027
943.0,cctv3,C3_S002,G019,EMPTY,MANEUVERING,0.2347288528175065
943.0,cctv3,C3_S003,G020,OCCUPIED,LEAVING,0.7311359720338475
943.0,cctv3,C3_S004,G024,OCCUPIED,OCCUPIED,0.8263433789665049
943.0,cctv3,C3_S005,G025,OCCUPIED,OCCUPIED,0.8188084182414143
943.0,cctv3,C3_S006,G026,OCCUPIED,OCCUPIED,0.7909827722744509
943.0,cctv3,C3_S007,G027,EMPTY,EMPTY,0.01
943.0,cctv3,C3_S008,G028,EMPTY,MANEUVERING,0.1099391779642213
943.0,cctv3,C3_S009,G029,EMPTY,MANEUVERING,0.1910514272343028
943.0,cctv3,C3_S010,G007,EMPTY,MANEUVERING,0.49
943.0,cctv3,C3_S011,G008,OCCUPIED,LEAVING,0.5838990898140065
943.0,cctv3,C3_S012,G009,OCCUPIED,OCCUPIED,0.8225769625468689
944.0,cctv1,C1_S001,G001,OCCUPIED,OCCUPIED,0.723334067518061
944.0,cctv1,C1_S002,G002,EMPTY,EMPTY,0.01
944.0,cctv1,C1_S003,G003,OCCUPIED,OCCUPIED,0.8370217927477577
944.0,cctv1,C1_S004,G004,OCCUPIED,OCCUPIED,0.776172396811572
944.0,cctv1,C1_S005,G005,OCCUPIED,LEAVING,0.7571312958543952
944.0,cctv1,C1_S006,G006,EMPTY,MANEUVERING,0.2910607507582996
944.0,cctv2,C2_S001,G007,OCCUPIED,LEAVING,0.7511800509284844
944.0,cctv2,C2_S002,G008,OCCUPIED,LEAVING,0.8013152786276558
944.0,cctv2,C2_S003,G009,EMPTY,EMPTY,0.01
944.0,cctv2,C2_S004,G010,OCCUPIED,OCCUPIED,0.7670757359401746
944.0,cctv2,C2_S005,G001,EMPTY,EMPTY,0.01
944.0,cctv2,C2_S006,G003,OCCUPIED,OCCUPIED,0.8184983174909246
944.0,cctv2,C2_S007,G004,OCCUPIED,OCCUPIED,0.7902473512020979
944.0,cctv2,C2_S008,G006,OCCUPIED,OCCUPIED,0.7528545623475855
944.0,cctv2,C2_S009,G005,OCCUPIED,OCCUPIED,0.7792347459630533
944.0,cctv2,C2_S010,G002,OCCUPIED,LEAVING,0.5422347218272361
944.0,cctv2,C2_S011,G017,OCCUPIED,LEAVING,0.51
944.0,cctv2,C2_S012,G018,OCCUPIED,LEAVING,0.7818344270641154
944.0,cctv2,C2_S013,G019,OCCUPIED,OCCUPIED,0.8339283336292614
944.0,cctv2,C2_S014,G020,EMPTY,EMPTY,0.01
944.0,cctv3,C3_S001,G021,OCCUPIED,OCCUPIED,0.51
944.0,cctv3,C3_S002,G019,EMPTY,MANEUVERING,0.3302628281893152
944.0,cctv3,C3_S003,G020,OCCUPIED,LEAVING,0.6490092205820662
944.0,cctv3,C3_S004,G024,OCCUPIED,OCCUPIED,0.8254380578344519
944.0,cctv3,C3_S005,G025,OCCUPIED,OCCUPIED,0.8162435388023204
944.0,cctv3,C3_S006,G026,OCCUPIED,OCCUPIED,0.7882397514852612
944.0,cctv3,C3_S007,G027,EMPTY,EMPTY,0.01
944.0,cctv3,C3_S008,G028,EMPTY,MANEUVERING,0.0649391779642213
944.0,cctv3,C3_S009,G029,EMPTY,MANEUVERING,0.1910514272343028
944.0,cctv3,C3_S010,G007,OCCUPIED,OCCUPIED,0.5976706546893367
944.0,cctv3,C3_S011,G008,OCCUPIED,LEAVING,0.5838990898140065
944.0,cctv3,C3_S012,G009,OCCUPIED,OCCUPIED,0.8233330504460769
945.0,cctv1,C1_S001,G001,OCCUPIED,OCCUPIED,0.7235202158716593
945.0,cctv1,C1_S002,G002,EMPTY,EMPTY,0.01
945.0,cctv1,C1_S003,G003,OCCUPIED,OCCUPIED,0.836895701289177
945.0,cctv1,C1_S004,G004,OCCUPIED,OCCUPIED,0.7763204799457031
945.0,cctv1,C1_S005,G005,OCCUPIED,LEAVING,0.755969425900416
945.0,cctv1,C1_S006,G006,EMPTY,MANEUVERING,0.282489322186871
945.0,cctv2,C2_S001,G007,OCCUPIED,LEAVING,0.7518074143339287
945.0,cctv2,C2_S002,G008,OCCUPIED,LEAVING,0.8027063738216054
945.0,cctv2,C2_S003,G009,EMPTY,MANEUVERING,0.2334831831942905
945.0,cctv2,C2_S004,G010,OCCUPIED,OCCUPIED,0.7687857949598269
945.0,cctv2,C2_S005,G001,EMPTY,EMPTY,0.01
945.0,cctv2,C2_S006,G003,OCCUPIED,OCCUPIED,0.818639539046721
945.0,cctv2,C2_S007,G004,OCCUPIED,OCCUPIED,0.789836706627499
945.0,cctv2,C2_S008,G006,OCCUPIED,OCCUPIED,0.7536773628809236
945.0,cctv2,C2_S009,G005,OCCUPIED,OCCUPIED,0.7811576240442016
945.0,cctv2,C2_S010,G002,OCCUPIED,LEAVING,0.5902238688719544
945.0,cctv2,C2_S011,G017,OCCUPIED,LEAVING,0.51
945.0,cctv2,C2_S012,G018,OCCUPIED,LEAVING,0.7872442288832232
945.0,cctv2,C2_S013,G019,OCCUPIED,OCCUPIED,0.8346962890841745
945.0,cctv2,C2_S014,G020,EMPTY,EMPTY,0.01
945.0,cctv3,C3_S001,G021,OCCUPIED,OCCUPIED,0.51
945.0,cctv3,C3_S002,G019,EMPTY,MANEUVERING,0.3302628281893152
945.0,cctv3,C3_S003,G020,OCCUPIED,LEAVING,0.5654898617890748
945.0,cctv3,C3_S004,G024,OCCUPIED,OCCUPIED,0.8245701681483877
945.0,cctv3,C3_S005,G025,OCCUPIED,OCCUPIED,0.8124170636588878
945.0,cctv3,C3_S006,G026,OCCUPIED,OCCUPIED,0.7840335247191517
945.0,cctv3,C3_S007,G027,EMPTY,EMPTY,0.01
945.0,cctv3,C3_S008,G028,EMPTY,MANEUVERING,0.0649391779642213
945.0,cctv3,C3_S009,G029,EMPTY,EMPTY,0.01
945.0,cctv3,C3_S010,G007,OCCUPIED,OCCUPIED,0.6347949367118153
945.0,cctv3,C3_S011,G008,OCCUPIED,LEAVING,0.51
945.0,cctv3,C3_S012,G009,OCCUPIED,OCCUPIED,0.8233428608287465
946.0,cctv1,C1_S001,G001,OCCUPIED,OCCUPIED,0.7237571668895809
946.0,cctv1,C1_S002,G002,EMPTY,EMPTY,0.01
946.0,cctv1,C1_S003,G003,OCCUPIED,OCCUPIED,0.8368504020300779
946.0,cctv1,C1_S004,G004,OCCUPIED,OCCUPIED,0.7747145479375667
946.0,cctv1,C1_S005,G005,OCCUPIED,LEAVING,0.7549497146498074
946.0,cctv1,C1_S006,G006,EMPTY,MANEUVERING,0.1856145137819376
946.0,cctv2,C2_S001,G007,OCCUPIED,LEAVING,0.7549133558842269
946.0,cctv2,C2_S002,G008,OCCUPIED,LEAVING,0.8035117420283231
946.0,cctv2,C2_S003,G009,EMPTY,MANEUVERING,0.2334831831942905
946.0,cctv2,C2_S004,G010,OCCUPIED,OCCUPIED,0.7672068406912415
946.0,cctv2,C2_S005,G001,EMPTY,EMPTY,0.01
946.0,cctv2,C2_S006,G003,OCCUPIED,OCCUPIED,0.8186615924943578
946.0,cctv2,C2_S007,G004,OCCUPIED,OCCUPIED,0.7902416689829393
946.0,cctv2,C2_S008,G006,OCCUPIED,OCCUPIED,0.7536450292576443
946.0,cctv2,C2_S009,G005,OCCUPIED,OCCUPIED,0.7009117728878151
946.0,cctv2,C2_S010,G002,OCCUPIED,LEAVING,0.5534011479283308
946.0,cctv2,C2_S011,G017,OCCUPIED,LEAVING,0.51
946.0,cctv2,C2_S012,G018,OCCUPIED,LEAVING,0.7911762989380143
946.0,cctv2,C2_S013,G019,OCCUPIED,OCCUPIED,0.7537876625765454
946.0,cctv2,C2_S014,G020,EMPTY,EMPTY,0.01
946.0,cctv3,C3_S001,G021,OCCUPIED,OCCUPIED,0.51
946.0,cctv3,C3_S002,G019,EMPTY,MANEUVERING,0.3302628281893152
946.0,cctv3,C3_S003,G020,OCCUPIED,OCCUPIED,0.51
946.0,cctv3,C3_S004,G024,OCCUPIED,OCCUPIED,0.8236945667050102
946.0,cctv3,C3_S005,G025,OCCUPIED,OCCUPIED,0.8079219654202462
946.0,cctv3,C3_S006,G026,OCCUPIED,OCCUPIED,0.7811382597143001
946.0,cctv3,C3_S007,G027,EMPTY,EMPTY,0.01
946.0,cctv3,C3_S008,G028,EMPTY,MANEUVERING,0.0649391779642213
946.0,cctv3,C3_S009,G029,EMPTY,EMPTY,0.01
946.0,cctv3,C3_S010,G007,OCCUPIED,OCCUPIED,0.5897949367118154
946.0,cctv3,C3_S011,G008,OCCUPIED,OCCUPIED,0.5156838186627084
946.0,cctv3,C3_S012,G009,OCCUPIED,OCCUPIED,0.823515469106761
947.0,cctv1,C1_S001,G001,OCCUPIED,OCCUPIED,0.722392927211794
947.0,cctv1,C1_S002,G002,EMPTY,EMPTY,0.01
947.0,cctv1,C1_S003,G003,OCCUPIED,OCCUPIED,0.8368207758123225
947.0,cctv1,C1_S004,G004,OCCUPIED,OCCUPIED,0.774593565680764
947.0,cctv1,C1_S005,G005,OCCUPIED,OCCUPIED,0.7147239417379553
947.0,cctv1,C1_S006,G006,EMPTY,MANEUVERING,0.261521447063847
947.0,cctv2,C2_S001,G007,OCCUPIED,LEAVING,0.7596576144749468
947.0,cctv2,C2_S002,G008,OCCUPIED,LEAVING,0.8051160037517548
947.0,cctv2,C2_S003,G009,EMPTY,MANEUVERING,0.2334831831942905
947.0,cctv2,C2_S004,G010,OCCUPIED,OCCUPIED,0.7661574544554408
947.0,cctv2,C2_S005,G001,EMPTY,EMPTY,0.01
947.0,cctv2,C2_S006,G003,OCCUPIED,OCCUPIED,0.8183658748865128
947.0,cctv2,C2_S007,G004,OCCUPIED,OCCUPIED,0.7905593514442445
947.0,cctv2,C2_S008,G006,OCCUPIED,OCCUPIED,0.7561412543058396
947.0,cctv2,C2_S009,G005,OCCUPIED,LEAVING,0.7053535351563583
947.0,cctv2,C2_S010,G002,OCCUPIED,LEAVING,0.5148994453793222
947.0,cctv2,C2_S011,G017,OCCUPIED,OCCUPIED,0.51
947.0,cctv2,C2_S012,G018,OCCUPIED,LEAVING,0.7934578082778238
947.0,cctv2,C2_S013,G019,OCCUPIED,LEAVING,0.660803646109321
947.0,cctv2,C2_S014,G020,EMPTY,EMPTY,0.01
947.0,cctv3,C3_S001,G021,OCCUPIED,OCCUPIED,0.51
947.0,cctv3,C3_S002,G019,EMPTY,MANEUVERING,0.2852628281893152
947.0,cctv3,C3_S003,G020,OCCUPIED,OCCUPIED,0.51
947.0,cctv3,C3_S004,G024,OCCUPIED,OCCUPIED,0.8214341480623593
947.0,cctv3,C3_S005,G025,OCCUPIED,OCCUPIED,0.8053628901189025
947.0,cctv3,C3_S006,G026,OCCUPIED,OCCUPIED,0.7784025735475801
947.0,cctv3,C3_S007,G027,EMPTY,EMPTY,0.01
947.0,cctv3,C3_S008,G028,EMPTY,MANEUVERING,0.0649391779642213
947.0,cctv3,C3_S009,G029,EMPTY,EMPTY,0.01
947.0,cctv3,C3_S010,G007,OCCUPIED,OCCUPIED,0.5598282233228932
947.0,cctv3,C3_S011,G008,OCCUPIED,OCCUPIED,0.5173905022984201
947.0,cctv3,C3_S012,G009,OCCUPIED,OCCUPIED,0.8242781747471203
948.0,cctv1,C1_S001,G001,OCCUPIED,OCCUPIED,0.7230359217998658
948.0,cctv1,C1_S002,G002,EMPTY,EMPTY,0.01
948.0,cctv1,C1_S003,G003,OCCUPIED,OCCUPIED,0.8367128477855162
948.0,cctv1,C1_S004,G004,OCCUPIED,OCCUPIED,0.774009980396791
948.0,cctv1,C1_S005,G005,OCCUPIED,OCCUPIED,0.7178398084315387
948.0,cctv1,C1_S006,G006,EMPTY,MANEUVERING,0.338986919527704
948.0,cctv2,C2_S001,G007,OCCUPIED,LEAVING,0.7611757394942371
948.0,cctv2,C2_S002,G008,OCCUPIED,LEAVING,0.8036887076768009
948.0,cctv2,C2_S003,G009,EMPTY,MANEUVERING,0.3123840364746072
948.0,cctv2,C2_S004,G010,OCCUPIED,OCCUPIED,0.7669448104094376
948.0,cctv2,C2_S005,G001,EMPTY,EMPTY,0.01
948.0,cctv2,C2_S006,G003,OCCUPIED,OCCUPIED,0.8177921268072996
948.0,cctv2,C2_S007,G004,OCCUPIED,OCCUPIED,0.7925355339592154
948.0,cctv2,C2_S008,G006,OCCUPIED,OCCUPIED,0.7602261903611097
948.0,cctv2,C2_S009,G005,OCCUPIED,LEAVING,0.7007601789046418
948.0,cctv2,C2_S010,G002,OCCUPIED,LEAVING,0.51
948.0,cctv2,C2_S011,G017,OCCUPIED,LEAVING,0.51
948.0,cctv2,C2_S012,G018,OCCUPIED,LEAVING,0.7969705173915084
948.0,cctv2,C2_S013,G019,OCCUPIED,LEAVING,0.5680419976589355
948.0,cctv2,C2_S014,G020,EMPTY,EMPTY,0.01
948.0,cctv3,C3_S001,G021,OCCUPIED,OCCUPIED,0.51
948.0,cctv3,C3_S002,G019,EMPTY,MANEUVERING,0.2402628281893152
948.0,cctv3,C3_S003,G020,OCCUPIED,OCCUPIED,0.51
948.0,cctv3,C3_S004,G024,OCCUPIED,OCCUPIED,0.8200478345155716
948.0,cctv3,C3_S005,G025,OCCUPIED,OCCUPIED,0.8033811570568519
948.0,cctv3,C3_S006,G026,OCCUPIED,OCCUPIED,0.7739799144593152
948.0,cctv3,C3_S007,G027,EMPTY,EMPTY,0.01
948.0,cctv3,C3_S008,G028,EMPTY,MANEUVERING,0.0649391779642213
948.0,cctv3,C3_S009,G029,EMPTY,EMPTY,0.01
948.0,cctv3,C3_S010,G007,OCCUPIED,OCCUPIED,0.5148282233228931
948.0,cctv3,C3_S011,G008,OCCUPIED,OCCUPIED,0.5639686351066285
948.0,cctv3,C3_S012,G009,OCCUPIED,OCCUPIED,0.8248544172807174
949.0,cctv1,C1_S001,G001,OCCUPIED,OCCUPIED,0.7252902837300843
949.0,cctv1,C1_S002,G002,EMPTY,EMPTY,0.01
949.0,cctv1,C1_S003,G003,OCCUPIED,OCCUPIED,0.836708920381286
949.0,cctv1,C1_S004,G004,OCCUPIED,OCCUPIED,0.7746827865188772
949.0,cctv1,C1_S005,G005,OCCUPIED,OCCUPIED,0.7180610885132443
949.0,cctv1,C1_S006,G006,EMPTY,MANEUVERING,0.4172969303754242
949.0,cctv2,C2_S001,G007,OCCUPIED,LEAVING,0.7643329260701484
949.0,cctv2,C2_S002,G008,OCCUPIED,LEAVING,0.8037564692172138
949.0,cctv2,C2_S003,G009,EMPTY,MANEUVERING,0.2673840364746072
949.0,cctv2,C2_S004,G010,OCCUPIED,OCCUPIED,0.7702180078083819
949.0,cctv2,C2_S005,G001,EMPTY,EMPTY,0.01
949.0,cctv2,C2_S006,G003,OCCUPIED,OCCUPIED,0.8167184799909593
949.0,cctv2,C2_S007,G004,OCCUPIED,OCCUPIED,0.7873318507590078
949.0,cctv2,C2_S008,G006,OCCUPIED,OCCUPIED,0.7603553143414585
949.0,cctv2,C2_S009,G005,OCCUPIED,LEAVING,0.7024230671335351
949.0,cctv2,C2_S010,G002,OCCUPIED,OCCUPIED,0.51
949.0,cctv2,C2_S011,G017,OCCUPIED,LEAVING,0.51
949.0,cctv2,C2_S012,G018,OCCUPIED,LEAVING,0.8010701267556711
949.0,cctv2,C2_S013,G019,OCCUPIED,OCCUPIED,0.51
949.0,cctv2,C2_S014,G020,EMPTY,EMPTY,0.01
949.0,cctv3,C3_S001,G021,OCCUPIED,OCCUPIED,0.51
949.0,cctv3,C3_S002,G019,EMPTY,MANEUVERING,0.2402628281893152
949.0,cctv3,C3_S003,G020,OCCUPIED,OCCUPIED,0.51
949.0,cctv3,C3_S004,G024,OCCUPIED,OCCUPIED,0.8192860148169778
949.0,cctv3,C3_S005,G025,OCCUPIED,OCCUPIED,0.8013242603702979
949.0,cctv3,C3_S006,G026,OCCUPIED,OCCUPIED,0.7693349010565065
949.0,cctv3,C3_S007,G027,EMPTY,EMPTY,0.01
949.0,cctv3,C3_S008,G028,EMPTY,MANEUVERING,0.0649391779642213
949.0,cctv3,C3_S009,G029,EMPTY,MANEUVERING,0.2093847041915763
949.0,cctv3,C3_S010,G007,OCCUPIED,OCCUPIED,0.51
949.0,cctv3,C3_S011,G008,OCCUPIED,OCCUPIED,0.6475832609967752
949.0,cctv3,C3_S012,G009,OCCUPIED,OCCUPIED,0.8252633297985251
950.0,cctv1,C1_S001,G001,OCCUPIED,OCCUPIED,0.6436439169232141
950.0,cctv1,C1_S002,G002,EMPTY,EMPTY,0.01
950.0,cctv1,C1_S003,G003,OCCUPIED,OCCUPIED,0.836621708761562
950.0,cctv1,C1_S004,G004,OCCUPIED,OCCUPIED,0.7751495282758367
950.0,cctv1,C1_S005,G005,OCCUPIED,OCCUPIED,0.717319817786867
950.0,cctv1,C1_S006,G006,EMPTY,MANEUVERING,0.4076107142323797
950.0,cctv2,C2_S001,G007,OCCUPIED,LEAVING,0.7649165141988885
950.0,cctv2,C2_S002,G008,OCCUPIED,LEAVING,0.8021908499977806
950.0,cctv2,C2_S003,G009,EMPTY,MANEUVERING,0.348776135918769
950.0,cctv2,C2_S004,G010,OCCUPIED,OCCUPIED,0.7706352018497208
950.0,cctv2,C2_S005,G001,EMPTY,EMPTY,0.01
950.0,cctv2,C2_S006,G003,OCCUPIED,OCCUPIED,0.8107841209931808
950.0,cctv2,C2_S007,G004,OCCUPIED,OCCUPIED,0.7818979257209735
950.0,cctv2,C2_S008,G006,OCCUPIED,OCCUPIED,0.764653943208131
950.0,cctv2,C2_S009,G005,OCCUPIED,LEAVING,0.7503629532862793
950.0,cctv2,C2_S010,G002,OCCUPIED,OCCUPIED,0.51
950.0,cctv2,C2_S011,G017,OCCUPIED,OCCUPIED,0.51
950.0,cctv2,C2_S012,G018,OCCUPIED,LEAVING,0.8061097483743321
950.0,cctv2,C2_S013,G019,OCCUPIED,OCCUPIED,0.51
950.0,cctv2,C2_S014,G020,EMPTY,EMPTY,0.01
950.0,cctv3,C3_S001,G021,EMPTY,EMPTY,0.2633106485099503
950.0,cctv3,C3_S002,G019,EMPTY,MANEUVERING,0.2402628281893152
950.0,cctv3,C3_S003,G020,OCCUPIED,LEAVING,0.51
950.0,cctv3,C3_S004,G024,OCCUPIED,OCCUPIED,0.8184599188241093
950.0,cctv3,C3_S005,G025,OCCUPIED,OCCUPIED,0.798940038274635
950.0,cctv3,C3_S006,G026,OCCUPIED,OCCUPIED,0.7633221337741072
950.0,cctv3,C3_S007,G027,EMPTY,EMPTY,0.01
950.0,cctv3,C3_S008,G028,EMPTY,MANEUVERING,0.0649391779642213
950.0,cctv3,C3_S009,G029,EMPTY,MANEUVERING,0.2093847041915763
950.0,cctv3,C3_S010,G007,OCCUPIED,OCCUPIED,0.51
950.0,cctv3,C3_S011,G008,OCCUPIED,OCCUPIED,0.685454240153459
950.0,cctv3,C3_S012,G009,OCCUPIED,OCCUPIED,0.825232536413453
951.0,cctv1,C1_S001,G001,OCCUPIED,LEAVING,0.6505002064291726
951.0,cctv1,C1_S002,G002,EMPTY,EMPTY,0.01
951.0,cctv1,C1_S003,G003,OCCUPIED,OCCUPIED,0.8365465898405422
951.0,cctv1,C1_S004,G004,OCCUPIED,OCCUPIED,0.7761464769190008
951.0,cctv1,C1_S005,G005,OCCUPIED,OCCUPIED,0.7385579749291594
951.0,cctv1,C1_S006,G006,EMPTY,MANEUVERING,0.4256794687563723
951.0,cctv2,C2_S001,G007,OCCUPIED,LEAVING,0.7696249953725122
951.0,cctv2,C2_S002,G008,OCCUPIED,LEAVING,0.8000399597666481
951.0,cctv2,C2_S003,G009,EMPTY,MANEUVERING,0.4291369677199559
951.0,cctv2,C2_S004,G010,OCCUPIED,OCCUPIED,0.7751577147028663
951.0,cctv2,C2_S005,G001,EMPTY,EMPTY,0.01
951.0,cctv2,C2_S006,G003,OCCUPIED,OCCUPIED,0.8127663197842512
951.0,cctv2,C2_S007,G004,OCCUPIED,OCCUPIED,0.776753988523375
951.0,cctv2,C2_S008,G006,OCCUPIED,OCCUPIED,0.7657137067480522
951.0,cctv2,C2_S009,G005,OCCUPIED,LEAVING,0.754190359603275
951.0,cctv2,C2_S010,G002,OCCUPIED,OCCUPIED,0.51
951.0,cctv2,C2_S011,G017,OCCUPIED,OCCUPIED,0.5337078211957758
951.0,cctv2,C2_S012,G018,OCCUPIED,LEAVING,0.8064441629431465
951.0,cctv2,C2_S013,G019,OCCUPIED,OCCUPIED,0.51
951.0,cctv2,C2_S014,G020,EMPTY,EMPTY,0.01
951.0,cctv3,C3_S001,G021,EMPTY,EMPTY,0.01
951.0,cctv3,C3_S002,G019,EMPTY,MANEUVERING,0.2402628281893152
951.0,cctv3,C3_S003,G020,OCCUPIED,LEAVING,0.51
951.0,cctv3,C3_S004,G024,OCCUPIED,OCCUPIED,0.8179870884526861
951.0,cctv3,C3_S005,G025,OCCUPIED,OCCUPIED,0.795656919343905
951.0,cctv3,C3_S006,G026,OCCUPIED,LEAVING,0.7582333850589666
951.0,cctv3,C3_S007,G027,EMPTY,EMPTY,0.01
951.0,cctv3,C3_S008,G028,EMPTY,EMPTY,0.01
951.0,cctv3,C3_S009,G029,EMPTY,MANEUVERING,0.2910285118154504
951.0,cctv3,C3_S010,G007,OCCUPIED,OCCUPIED,0.51
951.0,cctv3,C3_S011,G008,OCCUPIED,OCCUPIED,0.7229962623932145
951.0,cctv3,C3_S012,G009,OCCUPIED,OCCUPIED,0.8251662094484676
952.0,cctv1,C1_S001,G001,OCCUPIED,LEAVING,0.6604230979118835
952.0,cctv1,C1_S002,G002,EMPTY,EMPTY,0.01
952.0,cctv1,C1_S003,G003,OCCUPIED,OCCUPIED,0.8364829402078282
952.0,cctv1,C1_S004,G004,OCCUPIED,OCCUPIED,0.7778695580634205
952.0,cctv1,C1_S005,G005,OCCUPIED,OCCUPIED,0.7375386058633978
952.0,cctv1,C1_S006,G006,EMPTY,MANEUVERING,0.4672868292256222
952.0,cctv2,C2_S001,G007,OCCUPIED,OCCUPIED,0.7731099643490532
952.0,cctv2,C2_S002,G008,OCCUPIED,LEAVING,0.8009374350309373
952.0,cctv2,C2_S003,G009,EMPTY,MANEUVERING,0.4662363436276262
952.0,cctv2,C2_S004,G010,OCCUPIED,OCCUPIED,0.7799651691859419
952.0,cctv2,C2_S005,G001,EMPTY,EMPTY,0.01
952.0,cctv2,C2_S006,G003,OCCUPIED,LEAVING,0.8142703424800527
952.0,cctv2,C2_S007,G004,OCCUPIED,OCCUPIED,0.7764692866666751
952.0,cctv2,C2_S008,G006,OCCUPIED,OCCUPIED,0.7661359002644366
952.0,cctv2,C2_S009,G005,OCCUPIED,LEAVING,0.7572699092734945
952.0,cctv2,C2_S010,G002,OCCUPIED,OCCUPIED,0.51
952.0,cctv2,C2_S011,G017,OCCUPIED,OCCUPIED,0.5823555920069868
952.0,cctv2,C2_S012,G018,OCCUPIED,LEAVING,0.8064594279636037
952.0,cctv2,C2_S013,G019,OCCUPIED,LEAVING,0.51
952.0,cctv2,C2_S014,G020,EMPTY,EMPTY,0.01
952.0,cctv3,C3_S001,G021,EMPTY,EMPTY,0.01
952.0,cctv3,C3_S002,G019,EMPTY,MANEUVERING,0.2402628281893152
952.0,cctv3,C3_S003,G020,OCCUPIED,LEAVING,0.5127597343786197
952.0,cctv3,C3_S004,G024,OCCUPIED,OCCUPIED,0.8176710795272482
952.0,cctv3,C3_S005,G025,OCCUPIED,OCCUPIED,0.7919058857993647
952.0,cctv3,C3_S006,G026,OCCUPIED,LEAVING,0.7554452373222872
952.0,cctv3,C3_S007,G027,EMPTY,EMPTY,0.01
952.0,cctv3,C3_S008,G028,EMPTY,EMPTY,0.01
952.0,cctv3,C3_S009,G029,EMPTY,MANEUVERING,0.3727000717344609
952.0,cctv3,C3_S010,G007,OCCUPIED,OCCUPIED,0.51
952.0,cctv3,C3_S011,G008,OCCUPIED,OCCUPIED,0.7300544015385888
952.0,cctv3,C3_S012,G009,OCCUPIED,OCCUPIED,0.825607851418582
953.0,cctv1,C1_S001,G001,OCCUPIED,LEAVING,0.663401936668564
953.0,cctv1,C1_S002,G002,EMPTY,EMPTY,0.01
953.0,cctv1,C1_S003,G003,OCCUPIED,OCCUPIED,0.8365770654244857
953.0,cctv1,C1_S004,G004,OCCUPIED,OCCUPIED,0.7776799010959539
953.0,cctv1,C1_S005,G005,OCCUPIED,OCCUPIED,0.7489555777473884
953.0,cctv1,C1_S006,G006,EMPTY,MANEUVERING,0.4852665616581579
953.0,cctv2,C2_S001,G007,OCCUPIED,OCCUPIED,0.7756109950217335
953.0,cctv2,C2_S002,G008,OCCUPIED,LEAVING,0.8011425801298836
953.0,cctv2,C2_S003,G009,EMPTY,MANEUVERING,0.49
953.0,cctv2,C2_S004,G010,OCCUPIED,OCCUPIED,0.7811082047494976
953.0,cctv2,C2_S005,G001,EMPTY,EMPTY,0.01
953.0,cctv2,C2_S006,G003,OCCUPIED,LEAVING,0.8135534530336207
953.0,cctv2,C2_S007,G004,OCCUPIED,OCCUPIED,0.7762319688769905
953.0,cctv2,C2_S008,G006,OCCUPIED,OCCUPIED,0.7668933524326845
953.0,cctv2,C2_S009,G005,OCCUPIED,LEAVING,0.7577275558222425
953.0,cctv2,C2_S010,G002,OCCUPIED,OCCUPIED,0.51
953.0,cctv2,C2_S011,G017,OCCUPIED,OCCUPIED,0.6309436200609455
953.0,cctv2,C2_S012,G018,OCCUPIED,LEAVING,0.8054304041645745
953.0,cctv2,C2_S013,G019,OCCUPIED,LEAVING,0.51
953.0,cctv2,C2_S014,G020,EMPTY,EMPTY,0.01
953.0,cctv3,C3_S001,G021,EMPTY,EMPTY,0.01
953.0,cctv3,C3_S002,G019,EMPTY,MANEUVERING,0.2402628281893152
953.0,cctv3,C3_S003,G020,OCCUPIED,OCCUPIED,0.5685694703324274
953.0,cctv3,C3_S004,G024,OCCUPIED,OCCUPIED,0.8177938970652494
953.0,cctv3,C3_S005,G025,OCCUPIED,OCCUPIED,0.7880758863958446
953.0,cctv3,C3_S006,G026,OCCUPIED,LEAVING,0.7540084344419566
953.0,cctv3,C3_S007,G027,EMPTY,EMPTY,0.01
953.0,cctv3,C3_S008,G028,EMPTY,EMPTY,0.01
953.0,cctv3,C3_S009,G029,EMPTY,MANEUVERING,0.4167195170796053
953.0,cctv3,C3_S010,G007,OCCUPIED,OCCUPIED,0.51
953.0,cctv3,C3_S011,G008,OCCUPIED,OCCUPIED,0.7304121178207976
953.0,cctv3,C3_S012,G009,OCCUPIED,OCCUPIED,0.825804272835905
954.0,cctv1,C1_S001,G001,OCCUPIED,LEAVING,0.7122991271350873
954.0,cctv1,C1_S002,G002,EMPTY,EMPTY,0.01
954.0,cctv1,C1_S003,G003,OCCUPIED,OCCUPIED,0.8365508911284534
954.0,cctv1,C1_S004,G004,OCCUPIED,OCCUPIED,0.779305501011285
954.0,cctv1,C1_S005,G005,OCCUPIED,OCCUPIED,0.748250900073485
954.0,cctv1,C1_S006,G006,EMPTY,MANEUVERING,0.49
954.0,cctv2,C2_S001,G007,OCCUPIED,OCCUPIED,0.7766652311791074
954.0,cctv2,C2_S002,G008,OCCUPIED,LEAVING,0.8022398181936958
954.0,cctv2,C2_S003,G009,EMPTY,MANEUVERING,0.49
954.0,cctv2,C2_S004,G010,OCCUPIED,OCCUPIED,0.7830241188406944
954.0,cctv2,C2_S005,G001,EMPTY,EMPTY,0.01
954.0,cctv2,C2_S006,G003,OCCUPIED,LEAVING,0.81365909549323
954.0,cctv2,C2_S007,G004,OCCUPIED,OCCUPIED,0.7768037768250162
954.0,cctv2,C2_S008,G006,OCCUPIED,OCCUPIED,0.7673021970824763
954.0,cctv2,C2_S009,G005,OCCUPIED,LEAVING,0.7570932786573064
954.0,cctv2,C2_S010,G002,OCCUPIED,OCCUPIED,0.51
954.0,cctv2,C2_S011,G017,OCCUPIED,OCCUPIED,0.6417797508162337
954.0,cctv2,C2_S012,G018,OCCUPIED,LEAVING,0.8057350039482117
954.0,cctv2,C2_S013,G019,OCCUPIED,OCCUPIED,0.5622285031730478
954.0,cctv2,C2_S014,G020,EMPTY,EMPTY,0.01
954.0,cctv3,C3_S001,G021,EMPTY,EMPTY,0.01
954.0,cctv3,C3_S002,G019,EMPTY,MANEUVERING,0.2047361975005178
954.0,cctv3,C3_S003,G020,OCCUPIED,OCCUPIED,0.6067902355844325
954.0,cctv3,C3_S004,G024,OCCUPIED,OCCUPIED,0.818287800658833
954.0,cctv3,C3_S005,G025,OCCUPIED,OCCUPIED,0.7865727106278594
954.0,cctv3,C3_S006,G026,OCCUPIED,LEAVING,0.7552039827812802
954.0,cctv3,C3_S007,G027,EMPTY,EMPTY,0.01
954.0,cctv3,C3_S008,G028,EMPTY,EMPTY,0.01
954.0,cctv3,C3_S009,G029,EMPTY,MANEUVERING,0.49
954.0,cctv3,C3_S010,G007,OCCUPIED,OCCUPIED,0.51
954.0,cctv3,C3_S011,G008,OCCUPIED,OCCUPIED,0.7326414795535984
954.0,cctv3,C3_S012,G009,OCCUPIED,OCCUPIED,0.8263942531564019
955.0,cctv1,C1_S001,G001,OCCUPIED,LEAVING,0.7130163390968334
955.0,cctv1,C1_S002,G002,EMPTY,EMPTY,0.01
955.0,cctv1,C1_S003,G003,OCCUPIED,OCCUPIED,0.836650680682876
955.0,cctv1,C1_S004,G004,OCCUPIED,OCCUPIED,0.7789370544932106
955.0,cctv1,C1_S005,G005,OCCUPIED,OCCUPIED,0.7493727774782615
955.0,cctv1,C1_S006,G006,EMPTY,MANEUVERING,0.49
955.0,cctv2,C2_S001,G007,OCCUPIED,OCCUPIED,0.7775239330801098
955.0,cctv2,C2_S002,G008,OCCUPIED,LEAVING,0.8030745411461051
955.0,cctv2,C2_S003,G009,EMPTY,MANEUVERING,0.49
955.0,cctv2,C2_S004,G010,OCCUPIED,OCCUPIED,0.7855760594660586
955.0,cctv2,C2_S005,G001,EMPTY,EMPTY,0.01
955.0,cctv2,C2_S006,G003,OCCUPIED,LEAVING,0.8132732329043476
955.0,cctv2,C2_S007,G004,OCCUPIED,OCCUPIED,0.7769542089240118
955.0,cctv2,C2_S008,G006,OCCUPIED,OCCUPIED,0.7654968326742
955.0,cctv2,C2_S009,G005,OCCUPIED,LEAVING,0.7562563838471066
955.0,cctv2,C2_S010,G002,EMPTY,EMPTY,0.1529654968326741
955.0,cctv2,C2_S011,G017,OCCUPIED,OCCUPIED,0.6888502118316564
955.0,cctv2,C2_S012,G018,OCCUPIED,LEAVING,0.8121839252385227
955.0,cctv2,C2_S013,G019,OCCUPIED,OCCUPIED,0.6023296933824366
955.0,cctv2,C2_S014,G020,EMPTY,EMPTY,0.01
955.0,cctv3,C3_S001,G021,EMPTY,EMPTY,0.01
955.0,cctv3,C3_S002,G019,EMPTY,EMPTY,0.01
955.0,cctv3,C3_S003,G020,OCCUPIED,OCCUPIED,0.6440648475831205
955.0,cctv3,C3_S004,G024,OCCUPIED,OCCUPIED,0.818731793219393
955.0,cctv3,C3_S005,G025,OCCUPIED,OCCUPIED,0.7851043995131146
955.0,cctv3,C3_S006,G026,OCCUPIED,OCCUPIED,0.7548783471638507
955.0,cctv3,C3_S007,G027,EMPTY,EMPTY,0.01
955.0,cctv3,C3_S008,G028,EMPTY,EMPTY,0.01
955.0,cctv3,C3_S009,G029,EMPTY,MANEUVERING,0.49
955.0,cctv3,C3_S010,G007,EMPTY,EMPTY,0.2505740017782558
955.0,cctv3,C3_S011,G008,OCCUPIED,OCCUPIED,0.7691288654912602
955.0,cctv3,C3_S012,G009,OCCUPIED,OCCUPIED,0.8267077229239724
956.0,cctv1,C1_S001,G001,OCCUPIED,LEAVING,0.714526984918524
956.0,cctv1,C1_S002,G002,EMPTY,EMPTY,0.01
956.0,cctv1,C1_S003,G003,OCCUPIED,OCCUPIED,0.8366071988235821
956.0,cctv1,C1_S004,G004,OCCUPIED,OCCUPIED,0.7781700162725016
956.0,cctv1,C1_S005,G005,OCCUPIED,OCCUPIED,0.7494244498285381
956.0,cctv1,C1_S006,G006,EMPTY,MANEUVERING,0.49
956.0,cctv2,C2_S001,G007,OCCUPIED,OCCUPIED,0.7782925005663526
956.0,cctv2,C2_S002,G008,OCCUPIED,LEAVING,0.8034810567444022
956.0,cctv2,C2_S003,G009,EMPTY,MANEUVERING,0.49
956.0,cctv2,C2_S004,G010,OCCUPIED,OCCUPIED,0.7875087975101038
956.0,cctv2,C2_S005,G001,EMPTY,EMPTY,0.01
956.0,cctv2,C2_S006,G003,OCCUPIED,LEAVING,0.8131298883394762
956.0,cctv2,C2_S007,G004,OCCUPIED,OCCUPIED,0.7786731830374761
956.0,cctv2,C2_S008,G006,OCCUPIED,OCCUPIED,0.7640859066085383
956.0,cctv2,C2_S009,G005,OCCUPIED,LEAVING,0.7568370525945317
956.0,cctv2,C2_S010,G002,EMPTY,EMPTY,0.01
956.0,cctv2,C2_S011,G017,OCCUPIED,OCCUPIED,0.7365121122815392
956.0,cctv2,C2_S012,G018,OCCUPIED,LEAVING,0.8108613588593223
956.0,cctv2,C2_S013,G019,OCCUPIED,OCCUPIED,0.5973403983766382
956.0,cctv2,C2_S014,G020,EMPTY,EMPTY,0.01
956.0,cctv3,C3_S001,G021,EMPTY,EMPTY,0.01
956.0,cctv3,C3_S002,G019,EMPTY,EMPTY,0.01
956.0,cctv3,C3_S003,G020,OCCUPIED,OCCUPIED,0.681385619377161
956.0,cctv3,C3_S004,G024,OCCUPIED,OCCUPIED,0.8191000540148129
956.0,cctv3,C3_S005,G025,OCCUPIED,OCCUPIED,0.7851692512631417
956.0,cctv3,C3_S006,G026,OCCUPIED,OCCUPIED,0.7553184058178556
956.0,cctv3,C3_S007,G027,EMPTY,EMPTY,0.01
956.0,cctv3,C3_S008,G028,EMPTY,EMPTY,0.01
956.0,cctv3,C3_S009,G029,EMPTY,MANEUVERING,0.49
956.0,cctv3,C3_S010,G007,EMPTY,EMPTY,0.01
956.0,cctv3,C3_S011,G008,OCCUPIED,OCCUPIED,0.805684627998959
956.0,cctv3,C3_S012,G009,OCCUPIED,OCCUPIED,0.8267354309558869
957.0,cctv1,C1_S001,G001,OCCUPIED,LEAVING,0.7152117557857525
957.0,cctv1,C1_S002,G002,EMPTY,EMPTY,0.01
957.0,cctv1,C1_S003,G003,OCCUPIED,OCCUPIED,0.8364965268156745
957.0,cctv1,C1_S004,G004,OCCUPIED,OCCUPIED,0.7772831198844043
957.0,cctv1,C1_S005,G005,OCCUPIED,OCCUPIED,0.74819761921059
957.0,cctv1,C1_S006,G006,EMPTY,MANEUVERING,0.49
957.0,cctv2,C2_S001,G007,OCCUPIED,OCCUPIED,0.7746765715154735
957.0,cctv2,C2_S002,G008,OCCUPIED,LEAVING,0.8038383343003014
957.0,cctv2,C2_S003,G009,EMPTY,MANEUVERING,0.49
957.0,cctv2,C2_S004,G010,OCCUPIED,OCCUPIED,0.789480238611048
957.0,cctv2,C2_S005,G001,EMPTY,EMPTY,0.01
957.0,cctv2,C2_S006,G003,OCCUPIED,LEAVING,0.8130392052910546
957.0,cctv2,C2_S007,G004,OCCUPIED,OCCUPIED,0.7788263851268725
957.0,cctv2,C2_S008,G006,OCCUPIED,OCCUPIED,0.7640239642425017
957.0,cctv2,C2_S009,G005,OCCUPIED,LEAVING,0.7919921883127907
957.0,cctv2,C2_S010,G002,EMPTY,EMPTY,0.01
957.0,cctv2,C2_S011,G017,OCCUPIED,OCCUPIED,0.7729200976274231
957.0,cctv2,C2_S012,G018,OCCUPIED,LEAVING,0.8120373701507395
957.0,cctv2,C2_S013,G019,OCCUPIED,OCCUPIED,0.6317297825759107
957.0,cctv2,C2_S014,G020,EMPTY,EMPTY,0.01
957.0,cctv3,C3_S001,G021,EMPTY,EMPTY,0.01
957.0,cctv3,C3_S002,G019,EMPTY,EMPTY,0.01
957.0,cctv3,C3_S003,G020,OCCUPIED,OCCUPIED,0.7182070515033874
957.0,cctv3,C3_S004,G024,OCCUPIED,OCCUPIED,0.8195384635166689
957.0,cctv3,C3_S005,G025,OCCUPIED,OCCUPIED,0.7852470129728318
957.0,cctv3,C3_S006,G026,OCCUPIED,OCCUPIED,0.7557199284434319
957.0,cctv3,C3_S007,G027,EMPTY,EMPTY,0.01
957.0,cctv3,C3_S008,G028,EMPTY,EMPTY,0.01
957.0,cctv3,C3_S009,G029,EMPTY,MANEUVERING,0.49
957.0,cctv3,C3_S010,G007,EMPTY,MANEUVERING,0.2989344788681377
957.0,cctv3,C3_S011,G008,OCCUPIED,LEAVING,0.7999805195765063
957.0,cctv3,C3_S012,G009,OCCUPIED,OCCUPIED,0.8265209802172402
958.0,cctv1,C1_S001,G001,OCCUPIED,OCCUPIED,0.7164417849887502
958.0,cctv1,C1_S002,G002,EMPTY,EMPTY,0.01
958.0,cctv1,C1_S003,G003,OCCUPIED,OCCUPIED,0.8365151779218154
958.0,cctv1,C1_S004,G004,OCCUPIED,OCCUPIED,0.7776866769248789
958.0,cctv1,C1_S005,G005,OCCUPIED,OCCUPIED,0.7499557621099733
958.0,cctv1,C1_S006,G006,EMPTY,MANEUVERING,0.4345357160192805
958.0,cctv2,C2_S001,G007,OCCUPIED,OCCUPIED,0.7709670228036968
958.0,cctv2,C2_S002,G008,OCCUPIED,LEAVING,0.8039181088859385
958.0,cctv2,C2_S003,G009,EMPTY,MANEUVERING,0.49
958.0,cctv2,C2_S004,G010,OCCUPIED,OCCUPIED,0.7927459089593455
958.0,cctv2,C2_S005,G001,EMPTY,EMPTY,0.01
958.0,cctv2,C2_S006,G003,OCCUPIED,LEAVING,0.8134745570746336
958.0,cctv2,C2_S007,G004,OCCUPIED,OCCUPIED,0.7781620474701578
958.0,cctv2,C2_S008,G006,OCCUPIED,OCCUPIED,0.7611642072146589
958.0,cctv2,C2_S009,G005,OCCUPIED,LEAVING,0.7862419402057474
958.0,cctv2,C2_S010,G002,EMPTY,EMPTY,0.01
958.0,cctv2,C2_S011,G017,OCCUPIED,OCCUPIED,0.8196994919668545
958.0,cctv2,C2_S012,G018,OCCUPIED,LEAVING,0.8135149161924016
958.0,cctv2,C2_S013,G019,OCCUPIED,OCCUPIED,0.5867297825759107
958.0,cctv2,C2_S014,G020,EMPTY,EMPTY,0.01
958.0,cctv3,C3_S001,G021,EMPTY,EMPTY,0.01
958.0,cctv3,C3_S002,G019,EMPTY,EMPTY,0.01
958.0,cctv3,C3_S003,G020,OCCUPIED,OCCUPIED,0.7544920287349007
958.0,cctv3,C3_S004,G024,OCCUPIED,OCCUPIED,0.8210669885982167
958.0,cctv3,C3_S005,G025,OCCUPIED,OCCUPIED,0.7865998801859944
958.0,cctv3,C3_S006,G026,OCCUPIED,OCCUPIED,0.756142480806871
958.0,cctv3,C3_S007,G027,EMPTY,EMPTY,0.01
958.0,cctv3,C3_S008,G028,EMPTY,EMPTY,0.01
958.0,cctv3,C3_S009,G029,EMPTY,MANEUVERING,0.49
958.0,cctv3,C3_S010,G007,EMPTY,MANEUVERING,0.2989344788681377
958.0,cctv3,C3_S011,G008,OCCUPIED,LEAVING,0.7994636188853872
958.0,cctv3,C3_S012,G009,OCCUPIED,OCCUPIED,0.8260929890654305
959.0,cctv1,C1_S001,G001,OCCUPIED,OCCUPIED,0.7169777169484984
959.0,cctv1,C1_S002,G002,EMPTY,EMPTY,0.01
959.0,cctv1,C1_S003,G003,OCCUPIED,OCCUPIED,0.8365955271504143
959.0,cctv1,C1_S004,G004,OCCUPIED,OCCUPIED,0.7786132248965177
959.0,cctv1,C1_S005,G005,OCCUPIED,OCCUPIED,0.7492919978770344
959.0,cctv1,C1_S006,G006,EMPTY,MANEUVERING,0.4798697340623899
959.0,cctv2,C2_S001,G007,OCCUPIED,OCCUPIED,0.7714759898456661
959.0,cctv2,C2_S002,G008,OCCUPIED,LEAVING,0.8071280709721826
959.0,cctv2,C2_S003,G009,EMPTY,MANEUVERING,0.49
959.0,cctv2,C2_S004,G010,OCCUPIED,OCCUPIED,0.7944489003582434
959.0,cctv2,C2_S005,G001,EMPTY,EMPTY,0.01
959.0,cctv2,C2_S006,G003,OCCUPIED,LEAVING,0.8140466072342614
959.0,cctv2,C2_S007,G004,OCCUPIED,OCCUPIED,0.7777948928827589
959.0,cctv2,C2_S008,G006,OCCUPIED,OCCUPIED,0.757723079757257
959.0,cctv2,C2_S009,G005,OCCUPIED,LEAVING,0.7928219329227102
959.0,cctv2,C2_S010,G002,EMPTY,EMPTY,0.01
959.0,cctv2,C2_S011,G017,OCCUPIED,OCCUPIED,0.819195286252282
959.0,cctv2,C2_S012,G018,OCCUPIED,OCCUPIED,0.8152288485657085
959.0,cctv2,C2_S013,G019,OCCUPIED,OCCUPIED,0.5417297825759108
959.0,cctv2,C2_S014,G020,EMPTY,EMPTY,0.01
959.0,cctv3,C3_S001,G021,EMPTY,EMPTY,0.01
959.0,cctv3,C3_S002,G019,EMPTY,EMPTY,0.01
959.0,cctv3,C3_S003,G020,OCCUPIED,OCCUPIED,0.7873599984158169
959.0,cctv3,C3_S004,G024,OCCUPIED,OCCUPIED,0.8213773835789074
959.0,cctv3,C3_S005,G025,OCCUPIED,OCCUPIED,0.7855791208418934
959.0,cctv3,C3_S006,G026,OCCUPIED,OCCUPIED,0.7561779912222516
959.0,cctv3,C3_S007,G027,EMPTY,EMPTY,0.01
959.0,cctv3,C3_S008,G028,EMPTY,EMPTY,0.01
959.0,cctv3,C3_S009,G029,EMPTY,MANEUVERING,0.49
959.0,cctv3,C3_S010,G007,EMPTY,MANEUVERING,0.2989344788681377
959.0,cctv3,C3_S011,G008,OCCUPIED,LEAVING,0.7992668113925241
959.0,cctv3,C3_S012,G009,OCCUPIED,OCCUPIED,0.8262891390106896
960.0,cctv1,C1_S001,G001,OCCUPIED,OCCUPIED,0.7151230335641992
960.0,cctv1,C1_S002,G002,EMPTY,EMPTY,0.01
960.0,cctv1,C1_S003,G003,OCCUPIED,OCCUPIED,0.836615188555284
960.0,cctv1,C1_S004,G004,OCCUPIED,OCCUPIED,0.7778487335551869
960.0,cctv1,C1_S005,G005,OCCUPIED,OCCUPIED,0.7488921735774388
960.0,cctv1,C1_S006,G006,EMPTY,MANEUVERING,0.4802812417625607
960.0,cctv2,C2_S001,G007,OCCUPIED,OCCUPIED,0.7697752758860589
960.0,cctv2,C2_S002,G008,OCCUPIED,LEAVING,0.8095219677144831
960.0,cctv2,C2_S003,G009,EMPTY,MANEUVERING,0.49
960.0,cctv2,C2_S004,G010,OCCUPIED,OCCUPIED,0.796235327558084
960.0,cctv2,C2_S005,G001,EMPTY,EMPTY,0.01
960.0,cctv2,C2_S006,G003,OCCUPIED,LEAVING,0.8151712704788555
960.0,cctv2,C2_S007,G004,OCCUPIED,OCCUPIED,0.7823321211067114
960.0,cctv2,C2_S008,G006,OCCUPIED,OCCUPIED,0.7563982692631809
960.0,cctv2,C2_S009,G005,OCCUPIED,OCCUPIED,0.7915854808959095
960.0,cctv2,C2_S010,G002,EMPTY,EMPTY,0.01
960.0,cctv2,C2_S011,G017,OCCUPIED,OCCUPIED,0.8182220320809972
960.0,cctv2,C2_S012,G018,OCCUPIED,OCCUPIED,0.8152023190801795
960.0,cctv2,C2_S013,G019,OCCUPIED,OCCUPIED,0.51
960.0,cctv2,C2_S014,G020,EMPTY,EMPTY,0.01
960.0,cctv3,C3_S001,G021,EMPTY,EMPTY,0.01
960.0,cctv3,C3_S002,G019,EMPTY,EMPTY,0.01
960.0,cctv3,C3_S003,G020,OCCUPIED,OCCUPIED,0.8237295532768424
960.0,cctv3,C3_S004,G024,OCCUPIED,OCCUPIED,0.8213245497508483
960.0,cctv3,C3_S005,G025,OCCUPIED,OCCUPIED,0.7852949107235129
960.0,cctv3,C3_S006,G026,OCCUPIED,OCCUPIED,0.7558412780815905
960.0,cctv3,C3_S007,G027,EMPTY,EMPTY,0.01
960.0,cctv3,C3_S008,G028,EMPTY,EMPTY,0.01
960.0,cctv3,C3_S009,G029,EMPTY,MANEUVERING,0.49
960.0,cctv3,C3_S010,G007,EMPTY,MANEUVERING,0.2989344788681377
960.0,cctv3,C3_S011,G008,OCCUPIED,LEAVING,0.7986391452225773
960.0,cctv3,C3_S012,G009,OCCUPIED,OCCUPIED,0.8260285502130336
961.0,cctv1,C1_S001,G001,OCCUPIED,OCCUPIED,0.749420593137091
961.0,cctv1,C1_S002,G002,EMPTY,EMPTY,0.01
961.0,cctv1,C1_S003,G003,OCCUPIED,OCCUPIED,0.8366963562640277
961.0,cctv1,C1_S004,G004,OCCUPIED,OCCUPIED,0.7773468694903635
961.0,cctv1,C1_S005,G005,OCCUPIED,OCCUPIED,0.7479755814779889
961.0,cctv1,C1_S006,G006,EMPTY,MANEUVERING,0.49
961.0,cctv2,C2_S001,G007,OCCUPIED,OCCUPIED,0.7722273347052662
961.0,cctv2,C2_S002,G008,OCCUPIED,LEAVING,0.8099228522994302
961.0,cctv2,C2_S003,G009,EMPTY,MANEUVERING,0.4876606230166825
961.0,cctv2,C2_S004,G010,OCCUPIED,OCCUPIED,0.7966946599158374
961.0,cctv2,C2_S005,G001,EMPTY,EMPTY,0.01
961.0,cctv2,C2_S006,G003,OCCUPIED,LEAVING,0.8210647851228714
961.0,cctv2,C2_S007,G004,OCCUPIED,OCCUPIED,0.7882395527579569
961.0,cctv2,C2_S008,G006,OCCUPIED,OCCUPIED,0.7516858962449161
961.0,cctv2,C2_S009,G005,OCCUPIED,OCCUPIED,0.7895387115803633
961.0,cctv2,C2_S010,G002,EMPTY,EMPTY,0.01
961.0,cctv2,C2_S011,G017,OCCUPIED,OCCUPIED,0.8174590330232274
961.0,cctv2,C2_S012,G018,OCCUPIED,OCCUPIED,0.8152335221117194
961.0,cctv2,C2_S013,G019,OCCUPIED,OCCUPIED,0.51
961.0,cctv2,C2_S014,G020,EMPTY,EMPTY,0.01
961.0,cctv3,C3_S001,G021,EMPTY,EMPTY,0.01
961.0,cctv3,C3_S002,G019,EMPTY,EMPTY,0.01
961.0,cctv3,C3_S003,G020,OCCUPIED,OCCUPIED,0.825969328663566
961.0,cctv3,C3_S004,G024,OCCUPIED,OCCUPIED,0.8204452249136839
961.0,cctv3,C3_S005,G025,OCCUPIED,OCCUPIED,0.7825869866392829
961.0,cctv3,C3_S006,G026,OCCUPIED,OCCUPIED,0.7579699596220797
961.0,cctv3,C3_S007,G027,EMPTY,EMPTY,0.01
961.0,cctv3,C3_S008,G028,EMPTY,EMPTY,0.01
961.0,cctv3,C3_S009,G029,EMPTY,MANEUVERING,0.49
961.0,cctv3,C3_S010,G007,EMPTY,MANEUVERING,0.2539344788681377
961.0,cctv3,C3_S011,G008,OCCUPIED,LEAVING,0.7984150003303182
961.0,cctv3,C3_S012,G009,OCCUPIED,OCCUPIED,0.825983074578372
962.0,cctv1,C1_S001,G001,OCCUPIED,LEAVING,0.743291282450611
962.0,cctv1,C1_S002,G002,EMPTY,EMPTY,0.01
962.0,cctv1,C1_S003,G003,OCCUPIED,OCCUPIED,0.836710967800834
962.0,cctv1,C1_S004,G004,OCCUPIED,OCCUPIED,0.7780953659252687
962.0,cctv1,C1_S005,G005,OCCUPIED,OCCUPIED,0.7475339955904268
962.0,cctv1,C1_S006,G006,EMPTY,MANEUVERING,0.49
962.0,cctv2,C2_S001,G007,OCCUPIED,OCCUPIED,0.7717943217266691
962.0,cctv2,C2_S002,G008,OCCUPIED,LEAVING,0.8120546874674884
962.0,cctv2,C2_S003,G009,EMPTY,MANEUVERING,0.3921652043001218
962.0,cctv2,C2_S004,G010,OCCUPIED,OCCUPIED,0.79752972017635
962.0,cctv2,C2_S005,G001,EMPTY,EMPTY,0.01
962.0,cctv2,C2_S006,G003,OCCUPIED,LEAVING,0.8195483966307208
962.0,cctv2,C2_S007,G004,OCCUPIED,OCCUPIED,0.7923610481348905
962.0,cctv2,C2_S008,G006,OCCUPIED,OCCUPIED,0.7486929972063412
962.0,cctv2,C2_S009,G005,OCCUPIED,OCCUPIED,0.7880233171311293
962.0,cctv2,C2_S010,G002,EMPTY,EMPTY,0.01
962.0,cctv2,C2_S011,G017,OCCUPIED,OCCUPIED,0.8169613905928352
962.0,cctv2,C2_S012,G018,OCCUPIED,OCCUPIED,0.816256308555603
962.0,cctv2,C2_S013,G019,OCCUPIED,LEAVING,0.5253060084503967
962.0,cctv2,C2_S014,G020,EMPTY,EMPTY,0.01
962.0,cctv3,C3_S001,G021,EMPTY,EMPTY,0.01
962.0,cctv3,C3_S002,G019,EMPTY,EMPTY,0.01
962.0,cctv3,C3_S003,G020,OCCUPIED,OCCUPIED,0.8253692859953101
962.0,cctv3,C3_S004,G024,OCCUPIED,OCCUPIED,0.8144182524897836
962.0,cctv3,C3_S005,G025,OCCUPIED,OCCUPIED,0.7793758476322348
962.0,cctv3,C3_S006,G026,OCCUPIED,OCCUPIED,0.7630645352331076
962.0,cctv3,C3_S007,G027,EMPTY,EMPTY,0.01
962.0,cctv3,C3_S008,G028,EMPTY,EMPTY,0.01
962.0,cctv3,C3_S009,G029,EMPTY,MANEUVERING,0.49
962.0,cctv3,C3_S010,G007,EMPTY,MANEUVERING,0.2539344788681377
962.0,cctv3,C3_S011,G008,OCCUPIED,LEAVING,0.7978128525343808
962.0,cctv3,C3_S012,G009,OCCUPIED,OCCUPIED,0.8253656658259305
963.0,cctv1,C1_S001,G001,OCCUPIED,OCCUPIED,0.7343796681951393
963.0,cctv1,C1_S002,G002,EMPTY,EMPTY,0.01
963.0,cctv1,C1_S003,G003,OCCUPIED,OCCUPIED,0.8367150992155076
963.0,cctv1,C1_S004,G004,OCCUPIED,OCCUPIED,0.7771363697268747
963.0,cctv1,C1_S005,G005,OCCUPIED,OCCUPIED,0.7467694607647983
963.0,cctv1,C1_S006,G006,EMPTY,MANEUVERING,0.49
963.0,cctv2,C2_S001,G007,OCCUPIED,OCCUPIED,0.7684784213250334
963.0,cctv2,C2_S002,G008,OCCUPIED,LEAVING,0.8137021758339622
963.0,cctv2,C2_S003,G009,EMPTY,MANEUVERING,0.3408446728979999
963.0,cctv2,C2_S004,G010,OCCUPIED,OCCUPIED,0.790503736246716
963.0,cctv2,C2_S005,G001,EMPTY,EMPTY,0.01
963.0,cctv2,C2_S006,G003,OCCUPIED,OCCUPIED,0.8171727697957647
963.0,cctv2,C2_S007,G004,OCCUPIED,OCCUPIED,0.7918443351984025
963.0,cctv2,C2_S008,G006,OCCUPIED,OCCUPIED,0.7490149037404494
963.0,cctv2,C2_S009,G005,OCCUPIED,OCCUPIED,0.7859345427968286
963.0,cctv2,C2_S010,G002,EMPTY,EMPTY,0.01
963.0,cctv2,C2_S011,G017,OCCUPIED,OCCUPIED,0.8162078759887003
963.0,cctv2,C2_S012,G018,OCCUPIED,OCCUPIED,0.8173076475208456
963.0,cctv2,C2_S013,G019,OCCUPIED,LEAVING,0.5628224358310947
963.0,cctv2,C2_S014,G020,EMPTY,EMPTY,0.01
963.0,cctv3,C3_S001,G021,EMPTY,EMPTY,0.01
963.0,cctv3,C3_S002,G019,EMPTY,EMPTY,0.01
963.0,cctv3,C3_S003,G020,OCCUPIED,OCCUPIED,0.8246545813300393
963.0,cctv3,C3_S004,G024,OCCUPIED,OCCUPIED,0.8130706903609364
963.0,cctv3,C3_S005,G025,OCCUPIED,OCCUPIED,0.7813707064498555
963.0,cctv3,C3_S006,G026,OCCUPIED,OCCUPIED,0.7682990355925127
963.0,cctv3,C3_S007,G027,EMPTY,EMPTY,0.01
963.0,cctv3,C3_S008,G028,EMPTY,EMPTY,0.01
963.0,cctv3,C3_S009,G029,EMPTY,MANEUVERING,0.49
963.0,cctv3,C3_S010,G007,EMPTY,MANEUVERING,0.2539344788681377
963.0,cctv3,C3_S011,G008,OCCUPIED,LEAVING,0.7965027007189664
963.0,cctv3,C3_S012,G009,OCCUPIED,OCCUPIED,0.8248451457782225
964.0,cctv1,C1_S001,G001,OCCUPIED,OCCUPIED,0.7314976577731697
964.0,cctv1,C1_S002,G002,EMPTY,EMPTY,0.01
964.0,cctv1,C1_S003,G003,OCCUPIED,OCCUPIED,0.8367209228602324
964.0,cctv1,C1_S004,G004,OCCUPIED,OCCUPIED,0.7782097503542901
964.0,cctv1,C1_S005,G005,OCCUPIED,OCCUPIED,0.7474101234566082
964.0,cctv1,C1_S006,G006,EMPTY,MANEUVERING,0.49
964.0,cctv2,C2_S001,G007,OCCUPIED,OCCUPIED,0.7648481257937172
964.0,cctv2,C2_S002,G008,OCCUPIED,LEAVING,0.815458210760897
964.0,cctv2,C2_S003,G009,EMPTY,MANEUVERING,0.2872123981470411
964.0,cctv2,C2_S004,G010,OCCUPIED,OCCUPIED,0.7904058624397625
964.0,cctv2,C2_S005,G001,EMPTY,EMPTY,0.01
964.0,cctv2,C2_S006,G003,OCCUPIED,OCCUPIED,0.8178127692504363
964.0,cctv2,C2_S007,G004,OCCUPIED,OCCUPIED,0.791634822162715
964.0,cctv2,C2_S008,G006,OCCUPIED,OCCUPIED,0.7483326944437895
964.0,cctv2,C2_S009,G005,OCCUPIED,OCCUPIED,0.7833891199393707
964.0,cctv2,C2_S010,G002,EMPTY,EMPTY,0.01
964.0,cctv2,C2_S011,G017,OCCUPIED,OCCUPIED,0.8156578955325214
964.0,cctv2,C2_S012,G018,OCCUPIED,OCCUPIED,0.8182751308787953
964.0,cctv2,C2_S013,G019,OCCUPIED,LEAVING,0.5998723593702564
964.0,cctv2,C2_S014,G020,EMPTY,EMPTY,0.01
964.0,cctv3,C3_S001,G021,EMPTY,EMPTY,0.01
964.0,cctv3,C3_S002,G019,EMPTY,EMPTY,0.01
964.0,cctv3,C3_S003,G020,OCCUPIED,OCCUPIED,0.8249516717412255
964.0,cctv3,C3_S004,G024,OCCUPIED,OCCUPIED,0.812801307168874
964.0,cctv3,C3_S005,G025,OCCUPIED,OCCUPIED,0.7837103242223914
964.0,cctv3,C3_S006,G026,OCCUPIED,OCCUPIED,0.7732754659923641
964.0,cctv3,C3_S007,G027,EMPTY,EMPTY,0.01
964.0,cctv3,C3_S008,G028,EMPTY,EMPTY,0.01
964.0,cctv3,C3_S009,G029,EMPTY,MANEUVERING,0.49
964.0,cctv3,C3_S010,G007,EMPTY,MANEUVERING,0.2539344788681377
964.0,cctv3,C3_S011,G008,OCCUPIED,LEAVING,0.7971476232463663
964.0,cctv3,C3_S012,G009,OCCUPIED,OCCUPIED,0.8247016866098751
965.0,cctv1,C1_S001,G001,OCCUPIED,OCCUPIED,0.728795744275505
965.0,cctv1,C1_S002,G002,EMPTY,EMPTY,0.01
965.0,cctv1,C1_S003,G003,OCCUPIED,OCCUPIED,0.8367157909003171
965.0,cctv1,C1_S004,G004,OCCUPIED,OCCUPIED,0.7797442161224106
965.0,cctv1,C1_S005,G005,OCCUPIED,OCCUPIED,0.7466256029226563
965.0,cctv1,C1_S006,G006,EMPTY,MANEUVERING,0.49
965.0,cctv2,C2_S001,G007,OCCUPIED,OCCUPIED,0.7614638014273211
965.0,cctv2,C2_S002,G008,OCCUPIED,LEAVING,0.8165867892178623
965.0,cctv2,C2_S003,G009,EMPTY,MANEUVERING,0.2352025043083863
965.0,cctv2,C2_S004,G010,OCCUPIED,OCCUPIED,0.7909460455179215
965.0,cctv2,C2_S005,G001,EMPTY,EMPTY,0.01
965.0,cctv2,C2_S006,G003,OCCUPIED,OCCUPIED,0.8178519400683317
965.0,cctv2,C2_S007,G004,OCCUPIED,OCCUPIED,0.7927371572364461
965.0,cctv2,C2_S008,G006,OCCUPIED,OCCUPIED,0.7479756062681026
965.0,cctv2,C2_S009,G005,OCCUPIED,OCCUPIED,0.7826945765451953
965.0,cctv2,C2_S010,G002,EMPTY,EMPTY,0.01
965.0,cctv2,C2_S011,G017,OCCUPIED,OCCUPIED,0.8156494465741245
965.0,cctv2,C2_S012,G018,OCCUPIED,LEAVING,0.8167259389703925
965.0,cctv2,C2_S013,G019,OCCUPIED,OCCUPIED,0.647923853645077
965.0,cctv2,C2_S014,G020,EMPTY,EMPTY,0.01
965.0,cctv3,C3_S001,G021,EMPTY,EMPTY,0.01
965.0,cctv3,C3_S002,G019,EMPTY,EMPTY,0.01
965.0,cctv3,C3_S003,G020,OCCUPIED,OCCUPIED,0.823476742072539
965.0,cctv3,C3_S004,G024,OCCUPIED,LEAVING,0.8108765027739786
965.0,cctv3,C3_S005,G025,OCCUPIED,OCCUPIED,0.7826558702371338
965.0,cctv3,C3_S006,G026,OCCUPIED,OCCUPIED,0.7783003098585389
965.0,cctv3,C3_S007,G027,EMPTY,EMPTY,0.01
965.0,cctv3,C3_S008,G028,EMPTY,EMPTY,0.01
965.0,cctv3,C3_S009,G029,EMPTY,MANEUVERING,0.49
965.0,cctv3,C3_S010,G007,EMPTY,MANEUVERING,0.2539344788681377
965.0,cctv3,C3_S011,G008,OCCUPIED,LEAVING,0.7983655387705023
965.0,cctv3,C3_S012,G009,OCCUPIED,OCCUPIED,0.8245845293456858
966.0,cctv1,C1_S001,G001,OCCUPIED,OCCUPIED,0.7281941026449205
966.0,cctv1,C1_S002,G002,EMPTY,EMPTY,0.01
966.0,cctv1,C1_S003,G003,OCCUPIED,OCCUPIED,0.8365259246392684
966.0,cctv1,C1_S004,G004,OCCUPIED,OCCUPIED,0.7817545590075581
966.0,cctv1,C1_S005,G005,OCCUPIED,OCCUPIED,0.7465588500553912
966.0,cctv1,C1_S006,G006,EMPTY,MANEUVERING,0.49
966.0,cctv2,C2_S001,G007,OCCUPIED,LEAVING,0.7608139050277798
966.0,cctv2,C2_S002,G008,OCCUPIED,LEAVING,0.8158814316446131
966.0,cctv2,C2_S003,G009,EMPTY,MANEUVERING,0.1837323279949751
966.0,cctv2,C2_S004,G010,OCCUPIED,OCCUPIED,0.7893313028595665
966.0,cctv2,C2_S005,G001,EMPTY,EMPTY,0.01
966.0,cctv2,C2_S006,G003,OCCUPIED,OCCUPIED,0.8176996279846539
966.0,cctv2,C2_S007,G004,OCCUPIED,OCCUPIED,0.7931921257214113
966.0,cctv2,C2_S008,G006,OCCUPIED,OCCUPIED,0.7479178448969668
966.0,cctv2,C2_S009,G005,OCCUPIED,OCCUPIED,0.7831632291728801
966.0,cctv2,C2_S010,G002,EMPTY,EMPTY,0.01
966.0,cctv2,C2_S011,G017,OCCUPIED,OCCUPIED,0.8160490046847951
966.0,cctv2,C2_S012,G018,OCCUPIED,LEAVING,0.8126428711143407
966.0,cctv2,C2_S013,G019,OCCUPIED,OCCUPIED,0.5629945424740964
966.0,cctv2,C2_S014,G020,EMPTY,EMPTY,0.01
966.0,cctv3,C3_S001,G021,EMPTY,EMPTY,0.01
966.0,cctv3,C3_S002,G019,EMPTY,EMPTY,0.01
966.0,cctv3,C3_S003,G020,OCCUPIED,OCCUPIED,0.8215847711671483
966.0,cctv3,C3_S004,G024,OCCUPIED,LEAVING,0.8095096238634804
966.0,cctv3,C3_S005,G025,OCCUPIED,OCCUPIED,0.7849323870106177
966.0,cctv3,C3_S006,G026,OCCUPIED,OCCUPIED,0.7840520823543723
966.0,cctv3,C3_S007,G027,EMPTY,EMPTY,0.01
966.0,cctv3,C3_S008,G028,EMPTY,EMPTY,0.01
966.0,cctv3,C3_S009,G029,EMPTY,MANEUVERING,0.49
966.0,cctv3,C3_S010,G007,EMPTY,MANEUVERING,0.2539344788681377
966.0,cctv3,C3_S011,G008,OCCUPIED,LEAVING,0.797488361326131
966.0,cctv3,C3_S012,G009,OCCUPIED,OCCUPIED,0.8229539746587927
967.0,cctv1,C1_S001,G001,OCCUPIED,OCCUPIED,0.7275604392994535
967.0,cctv1,C1_S002,G002,EMPTY,EMPTY,0.01
967.0,cctv1,C1_S003,G003,OCCUPIED,OCCUPIED,0.8365410888736899
967.0,cctv1,C1_S004,G004,OCCUPIED,OCCUPIED,0.7833653055808761
967.0,cctv1,C1_S005,G005,OCCUPIED,OCCUPIED,0.7468224632469092
967.0,cctv1,C1_S006,G006,EMPTY,MANEUVERING,0.4637242783402854
967.0,cctv2,C2_S001,G007,OCCUPIED,LEAVING,0.7583362961357291
967.0,cctv2,C2_S002,G008,OCCUPIED,OCCUPIED,0.7859326195716858
967.0,cctv2,C2_S003,G009,EMPTY,MANEUVERING,0.1322103220901706
967.0,cctv2,C2_S004,G010,OCCUPIED,OCCUPIED,0.788715628602288
967.0,cctv2,C2_S005,G001,EMPTY,EMPTY,0.01
967.0,cctv2,C2_S006,G003,OCCUPIED,OCCUPIED,0.8177029774947601
967.0,cctv2,C2_S007,G004,OCCUPIED,OCCUPIED,0.7925431221723557
967.0,cctv2,C2_S008,G006,OCCUPIED,OCCUPIED,0.7477516052397816
967.0,cctv2,C2_S009,G005,OCCUPIED,OCCUPIED,0.7826508069580252
967.0,cctv2,C2_S010,G002,EMPTY,EMPTY,0.01
967.0,cctv2,C2_S011,G017,OCCUPIED,OCCUPIED,0.8162212894721466
967.0,cctv2,C2_S012,G018,OCCUPIED,LEAVING,0.8091899159279737
967.0,cctv2,C2_S013,G019,OCCUPIED,OCCUPIED,0.51
967.0,cctv2,C2_S014,G020,EMPTY,EMPTY,0.01
967.0,cctv3,C3_S001,G021,EMPTY,EMPTY,0.01
967.0,cctv3,C3_S002,G019,EMPTY,EMPTY,0.01
967.0,cctv3,C3_S003,G020,OCCUPIED,OCCUPIED,0.8207162962718444
967.0,cctv3,C3_S004,G024,OCCUPIED,LEAVING,0.8080807103352113
967.0,cctv3,C3_S005,G025,OCCUPIED,OCCUPIED,0.788137226890434
967.0,cctv3,C3_S006,G026,OCCUPIED,OCCUPIED,0.7897589944980362
967.0,cctv3,C3_S007,G027,EMPTY,EMPTY,0.01
967.0,cctv3,C3_S008,G028,EMPTY,EMPTY,0.01
967.0,cctv3,C3_S009,G029,EMPTY,MANEUVERING,0.49
967.0,cctv3,C3_S010,G007,EMPTY,MANEUVERING,0.2539344788681377
967.0,cctv3,C3_S011,G008,OCCUPIED,LEAVING,0.7967444173314355
967.0,cctv3,C3_S012,G009,OCCUPIED,OCCUPIED,0.8229095304554159
968.0,cctv1,C1_S001,G001,OCCUPIED,OCCUPIED,0.7282052518969233
968.0,cctv1,C1_S002,G002,EMPTY,EMPTY,0.01
968.0,cctv1,C1_S003,G003,OCCUPIED,OCCUPIED,0.8366765688766133
968.0,cctv1,C1_S004,G004,OCCUPIED,OCCUPIED,0.7858712906187232
968.0,cctv1,C1_S005,G005,OCCUPIED,OCCUPIED,0.7465327556160364
968.0,cctv1,C1_S006,G006,EMPTY,MANEUVERING,0.4187242783402854
968.0,cctv2,C2_S001,G007,OCCUPIED,LEAVING,0.7589452725919811
968.0,cctv2,C2_S002,G008,OCCUPIED,OCCUPIED,0.8010963765599511
968.0,cctv2,C2_S003,G009,EMPTY,MANEUVERING,0.0788981122862209
968.0,cctv2,C2_S004,G010,OCCUPIED,OCCUPIED,0.7873205706477165
968.0,cctv2,C2_S005,G001,EMPTY,EMPTY,0.01
968.0,cctv2,C2_S006,G003,OCCUPIED,OCCUPIED,0.8173699259757996
968.0,cctv2,C2_S007,G004,OCCUPIED,OCCUPIED,0.7929131068966606
968.0,cctv2,C2_S008,G006,OCCUPIED,OCCUPIED,0.747924241559072
968.0,cctv2,C2_S009,G005,OCCUPIED,OCCUPIED,0.7832902366464789
968.0,cctv2,C2_S010,G002,EMPTY,EMPTY,0.01
968.0,cctv2,C2_S011,G017,OCCUPIED,OCCUPIED,0.8169664745981043
968.0,cctv2,C2_S012,G018,OCCUPIED,LEAVING,0.8044562742114068
968.0,cctv2,C2_S013,G019,OCCUPIED,OCCUPIED,0.51
968.0,cctv2,C2_S014,G020,EMPTY,EMPTY,0.01
968.0,cctv3,C3_S001,G021,EMPTY,EMPTY,0.01
968.0,cctv3,C3_S002,G019,EMPTY,EMPTY,0.01
968.0,cctv3,C3_S003,G020,OCCUPIED,OCCUPIED,0.816566241871227
968.0,cctv3,C3_S004,G024,OCCUPIED,LEAVING,0.8051418204199184
968.0,cctv3,C3_S005,G025,OCCUPIED,OCCUPIED,0.7922889028083195
968.0,cctv3,C3_S006,G026,OCCUPIED,OCCUPIED,0.7957395533269103
968.0,cctv3,C3_S007,G027,EMPTY,EMPTY,0.01
968.0,cctv3,C3_S008,G028,EMPTY,MANEUVERING,0.216031203601848
968.0,cctv3,C3_S009,G029,EMPTY,MANEUVERING,0.49
968.0,cctv3,C3_S010,G007,EMPTY,EMPTY,0.01
968.0,cctv3,C3_S011,G008,OCCUPIED,LEAVING,0.8026933521032334
968.0,cctv3,C3_S012,G009,OCCUPIED,OCCUPIED,0.8227372578599237
969.0,cctv1,C1_S001,G001,OCCUPIED,OCCUPIED,0.7276039223779333
969.0,cctv1,C1_S002,G002,EMPTY,EMPTY,0.01
969.0,cctv1,C1_S003,G003,OCCUPIED,OCCUPIED,0.8367059073664926
969.0,cctv1,C1_S004,G004,OCCUPIED,OCCUPIED,0.7862522585825488
969.0,cctv1,C1_S005,G005,OCCUPIED,OCCUPIED,0.7469955654984172
969.0,cctv1,C1_S006,G006,EMPTY,MANEUVERING,0.3737242783402854
969.0,cctv2,C2_S001,G007,OCCUPIED,LEAVING,0.7605322446335446
969.0,cctv2,C2_S002,G008,OCCUPIED,OCCUPIED,0.8159755406054584
969.0,cctv2,C2_S003,G009,EMPTY,MANEUVERING,0.2317496826838363
969.0,cctv2,C2_S004,G010,OCCUPIED,OCCUPIED,0.7872854954817079
969.0,cctv2,C2_S005,G001,EMPTY,EMPTY,0.01
969.0,cctv2,C2_S006,G003,OCCUPIED,OCCUPIED,0.817490236867558
969.0,cctv2,C2_S007,G004,OCCUPIED,OCCUPIED,0.794083158807321
969.0,cctv2,C2_S008,G006,OCCUPIED,OCCUPIED,0.7492241989482533
969.0,cctv2,C2_S009,G005,OCCUPIED,OCCUPIED,0.7855201683261178
969.0,cctv2,C2_S010,G002,EMPTY,EMPTY,0.01
969.0,cctv2,C2_S011,G017,OCCUPIED,OCCUPIED,0.8175553836605767
969.0,cctv2,C2_S012,G018,OCCUPIED,LEAVING,0.8002247659997507
969.0,cctv2,C2_S013,G019,OCCUPIED,OCCUPIED,0.51
969.0,cctv2,C2_S014,G020,EMPTY,EMPTY,0.01
969.0,cctv3,C3_S001,G021,EMPTY,EMPTY,0.01
969.0,cctv3,C3_S002,G019,EMPTY,EMPTY,0.01
969.0,cctv3,C3_S003,G020,OCCUPIED,OCCUPIED,0.8166796009648931
969.0,cctv3,C3_S004,G024,OCCUPIED,LEAVING,0.7223480324853551
969.0,cctv3,C3_S005,G025,OCCUPIED,OCCUPIED,0.7933775009079413
969.0,cctv3,C3_S006,G026,OCCUPIED,OCCUPIED,0.8011484992775051
969.0,cctv3,C3_S007,G027,EMPTY,EMPTY,0.01
969.0,cctv3,C3_S008,G028,EMPTY,MANEUVERING,0.216031203601848
969.0,cctv3,C3_S009,G029,EMPTY,MANEUVERING,0.49
969.0,cctv3,C3_S010,G007,EMPTY,EMPTY,0.01
969.0,cctv3,C3_S011,G008,OCCUPIED,LEAVING,0.8015445189042525
969.0,cctv3,C3_S012,G009,OCCUPIED,OCCUPIED,0.8219618661837145
970.0,cctv1,C1_S001,G001,OCCUPIED,OCCUPIED,0.7269379983571443
970.0,cctv1,C1_S002,G002,EMPTY,EMPTY,0.01
970.0,cctv1,C1_S003,G003,OCCUPIED,OCCUPIED,0.8366334812207656
970.0,cctv1,C1_S004,G004,OCCUPIED,OCCUPIED,0.7847629303281958
970.0,cctv1,C1_S005,G005,OCCUPIED,OCCUPIED,0.7487492449581624
970.0,cctv1,C1_S006,G006,EMPTY,MANEUVERING,0.3376862923259084
970.0,cctv2,C2_S001,G007,OCCUPIED,LEAVING,0.7592343427918175
970.0,cctv2,C2_S002,G008,OCCUPIED,OCCUPIED,0.8151838923042471
970.0,cctv2,C2_S003,G009,EMPTY,MANEUVERING,0.3274275164238431
970.0,cctv2,C2_S004,G010,OCCUPIED,OCCUPIED,0.7873612304980105
970.0,cctv2,C2_S005,G001,EMPTY,EMPTY,0.01
970.0,cctv2,C2_S006,G003,OCCUPIED,OCCUPIED,0.8174777036363429
970.0,cctv2,C2_S007,G004,OCCUPIED,OCCUPIED,0.7923969507217408
970.0,cctv2,C2_S008,G006,OCCUPIED,OCCUPIED,0.7493026312101971
970.0,cctv2,C2_S009,G005,OCCUPIED,OCCUPIED,0.7844943883744153
970.0,cctv2,C2_S010,G002,EMPTY,EMPTY,0.01
970.0,cctv2,C2_S011,G017,OCCUPIED,OCCUPIED,0.8172652946277099
970.0,cctv2,C2_S012,G018,OCCUPIED,OCCUPIED,0.7958095024932516
970.0,cctv2,C2_S013,G019,OCCUPIED,OCCUPIED,0.51
970.0,cctv2,C2_S014,G020,EMPTY,EMPTY,0.01
970.0,cctv3,C3_S001,G021,EMPTY,EMPTY,0.01
970.0,cctv3,C3_S002,G019,EMPTY,EMPTY,0.01
970.0,cctv3,C3_S003,G020,OCCUPIED,OCCUPIED,0.8205548337914728
970.0,cctv3,C3_S004,G024,OCCUPIED,LEAVING,0.7248916007984768
970.0,cctv3,C3_S005,G025,OCCUPIED,OCCUPIED,0.7968299306251787
970.0,cctv3,C3_S006,G026,OCCUPIED,OCCUPIED,0.8075556285002016
970.0,cctv3,C3_S007,G027,EMPTY,EMPTY,0.01
970.0,cctv3,C3_S008,G028,EMPTY,MANEUVERING,0.216031203601848
970.0,cctv3,C3_S009,G029,EMPTY,MANEUVERING,0.49
970.0,cctv3,C3_S010,G007,EMPTY,EMPTY,0.01
970.0,cctv3,C3_S011,G008,OCCUPIED,LEAVING,0.800532332875512
970.0,cctv3,C3_S012,G009,OCCUPIED,OCCUPIED,0.8216088346459649
971.0,cctv1,C1_S001,G001,OCCUPIED,OCCUPIED,0.7274766968732531
971.0,cctv1,C1_S002,G002,EMPTY,EMPTY,0.01
971.0,cctv1,C1_S003,G003,OCCUPIED,OCCUPIED,0.8365711921995337
971.0,cctv1,C1_S004,G004,OCCUPIED,OCCUPIED,0.7834096924825149
971.0,cctv1,C1_S005,G005,OCCUPIED,OCCUPIED,0.7505608247762378
971.0,cctv1,C1_S006,G006,EMPTY,MANEUVERING,0.3014487080513077
971.0,cctv2,C2_S001,G007,OCCUPIED,LEAVING,0.7585539638996125
971.0,cctv2,C2_S002,G008,OCCUPIED,OCCUPIED,0.8150583145293323
971.0,cctv2,C2_S003,G009,EMPTY,MANEUVERING,0.40185283574191
971.0,cctv2,C2_S004,G010,OCCUPIED,OCCUPIED,0.7883069416338748
971.0,cctv2,C2_S005,G001,EMPTY,EMPTY,0.01
971.0,cctv2,C2_S006,G003,OCCUPIED,OCCUPIED,0.8175471492789009
971.0,cctv2,C2_S007,G004,OCCUPIED,OCCUPIED,0.7928743953054602
971.0,cctv2,C2_S008,G006,OCCUPIED,OCCUPIED,0.7511112032966181
971.0,cctv2,C2_S009,G005,OCCUPIED,OCCUPIED,0.7846229409629649
971.0,cctv2,C2_S010,G002,EMPTY,EMPTY,0.01
971.0,cctv2,C2_S011,G017,OCCUPIED,OCCUPIED,0.817742332816124
971.0,cctv2,C2_S012,G018,OCCUPIED,OCCUPIED,0.7907175046476451
971.0,cctv2,C2_S013,G019,OCCUPIED,OCCUPIED,0.51
971.0,cctv2,C2_S014,G020,EMPTY,EMPTY,0.01
971.0,cctv3,C3_S001,G021,EMPTY,EMPTY,0.01
971.0,cctv3,C3_S002,G019,EMPTY,EMPTY,0.01
971.0,cctv3,C3_S003,G020,OCCUPIED,OCCUPIED,0.8210175343535164
971.0,cctv3,C3_S004,G024,OCCUPIED,LEAVING,0.7273609979857099
971.0,cctv3,C3_S005,G025,OCCUPIED,LEAVING,0.799042091450908
971.0,cctv3,C3_S006,G026,OCCUPIED,OCCUPIED,0.8140856634486806
971.0,cctv3,C3_S007,G027,EMPTY,EMPTY,0.01
971.0,cctv3,C3_S008,G028,EMPTY,MANEUVERING,0.216031203601848
971.0,cctv3,C3_S009,G029,EMPTY,MANEUVERING,0.49
971.0,cctv3,C3_S010,G007,EMPTY,EMPTY,0.01
971.0,cctv3,C3_S011,G008,OCCUPIED,OCCUPIED,0.7995465405962685
971.0,cctv3,C3_S012,G009,OCCUPIED,OCCUPIED,0.8205332582647151
972.0,cctv1,C1_S001,G001,OCCUPIED,OCCUPIED,0.7273037342185324
972.0,cctv1,C1_S002,G002,EMPTY,EMPTY,0.01
972.0,cctv1,C1_S003,G003,OCCUPIED,OCCUPIED,0.8366197101094507
972.0,cctv1,C1_S004,G004,OCCUPIED,OCCUPIED,0.7829476157372649
972.0,cctv1,C1_S005,G005,OCCUPIED,OCCUPIED,0.750140973722393
972.0,cctv1,C1_S006,G006,EMPTY,MANEUVERING,0.2658057333799925
972.0,cctv2,C2_S001,G007,OCCUPIED,LEAVING,0.7576020609248769
972.0,cctv2,C2_S002,G008,OCCUPIED,OCCUPIED,0.8162589363076471
972.0,cctv2,C2_S003,G009,OCCUPIED,OCCUPIED,0.51
972.0,cctv2,C2_S004,G010,OCCUPIED,OCCUPIED,0.789312762699344
972.0,cctv2,C2_S005,G001,EMPTY,EMPTY,0.01
972.0,cctv2,C2_S006,G003,OCCUPIED,OCCUPIED,0.8176862624558536
972.0,cctv2,C2_S007,G004,OCCUPIED,OCCUPIED,0.7922355231913654
972.0,cctv2,C2_S008,G006,OCCUPIED,OCCUPIED,0.7520340022715656
972.0,cctv2,C2_S009,G005,OCCUPIED,OCCUPIED,0.7850825756788254
972.0,cctv2,C2_S010,G002,EMPTY,EMPTY,0.01
972.0,cctv2,C2_S011,G017,OCCUPIED,OCCUPIED,0.8178732985799964
972.0,cctv2,C2_S012,G018,OCCUPIED,OCCUPIED,0.7911849933591757
972.0,cctv2,C2_S013,G019,OCCUPIED,OCCUPIED,0.51
972.0,cctv2,C2_S014,G020,EMPTY,EMPTY,0.01
972.0,cctv3,C3_S001,G021,EMPTY,EMPTY,0.01
972.0,cctv3,C3_S002,G019,EMPTY,EMPTY,0.01
972.0,cctv3,C3_S003,G020,OCCUPIED,OCCUPIED,0.8211016224189238
972.0,cctv3,C3_S004,G024,OCCUPIED,LEAVING,0.7306278016079556
972.0,cctv3,C3_S005,G025,OCCUPIED,LEAVING,0.803954250026833
972.0,cctv3,C3_S006,G026,OCCUPIED,OCCUPIED,0.8195076774467123
972.0,cctv3,C3_S007,G027,EMPTY,EMPTY,0.01
972.0,cctv3,C3_S008,G028,EMPTY,MANEUVERING,0.171031203601848
972.0,cctv3,C3_S009,G029,EMPTY,MANEUVERING,0.49
972.0,cctv3,C3_S010,G007,EMPTY,EMPTY,0.01
972.0,cctv3,C3_S011,G008,OCCUPIED,OCCUPIED,0.7981190762736581
972.0,cctv3,C3_S012,G009,OCCUPIED,OCCUPIED,0.8188222494992343
973.0,cctv1,C1_S001,G001,OCCUPIED,OCCUPIED,0.7270805876363409
973.0,cctv1,C1_S002,G002,EMPTY,EMPTY,0.01
973.0,cctv1,C1_S003,G003,OCCUPIED,OCCUPIED,0.8365951077504592
973.0,cctv1,C1_S004,G004,OCCUPIED,OCCUPIED,0.7827001380649481
973.0,cctv1,C1_S005,G005,OCCUPIED,OCCUPIED,0.7504581274634059
973.0,cctv1,C1_S006,G006,EMPTY,MANEUVERING,0.346651844592257
973.0,cctv2,C2_S001,G007,OCCUPIED,LEAVING,0.7547105099667203
973.0,cctv2,C2_S002,G008,OCCUPIED,OCCUPIED,0.8162650509314104
973.0,cctv2,C2_S003,G009,OCCUPIED,OCCUPIED,0.5209489425474947
973.0,cctv2,C2_S004,G010,OCCUPIED,OCCUPIED,0.7898222035982393
973.0,cctv2,C2_S005,G001,EMPTY,EMPTY,0.01
973.0,cctv2,C2_S006,G003,OCCUPIED,OCCUPIED,0.8175947097214786
973.0,cctv2,C2_S007,G004,OCCUPIED,OCCUPIED,0.7927209063009782
973.0,cctv2,C2_S008,G006,OCCUPIED,OCCUPIED,0.7535592765970665
973.0,cctv2,C2_S009,G005,OCCUPIED,OCCUPIED,0.7853104642846368
973.0,cctv2,C2_S010,G002,EMPTY,EMPTY,0.01
973.0,cctv2,C2_S011,G017,OCCUPIED,OCCUPIED,0.8172310663895174
973.0,cctv2,C2_S012,G018,OCCUPIED,OCCUPIED,0.7895855295387182
973.0,cctv2,C2_S013,G019,OCCUPIED,OCCUPIED,0.51
973.0,cctv2,C2_S014,G020,EMPTY,EMPTY,0.01
973.0,cctv3,C3_S001,G021,EMPTY,EMPTY,0.01
973.0,cctv3,C3_S002,G019,EMPTY,EMPTY,0.01
973.0,cctv3,C3_S003,G020,OCCUPIED,OCCUPIED,0.8195732850920071
973.0,cctv3,C3_S004,G024,OCCUPIED,LEAVING,0.7836490674723279
973.0,cctv3,C3_S005,G025,OCCUPIED,LEAVING,0.8105988173322245
973.0,cctv3,C3_S006,G026,OCCUPIED,OCCUPIED,0.8217965827746825
973.0,cctv3,C3_S007,G027,EMPTY,EMPTY,0.01
973.0,cctv3,C3_S008,G028,EMPTY,MANEUVERING,0.171031203601848
973.0,cctv3,C3_S009,G029,EMPTY,MANEUVERING,0.49
973.0,cctv3,C3_S010,G007,EMPTY,EMPTY,0.01
973.0,cctv3,C3_S011,G008,OCCUPIED,OCCUPIED,0.797415905919942
973.0,cctv3,C3_S012,G009,OCCUPIED,OCCUPIED,0.8190144435925918
974.0,cctv1,C1_S001,G001,OCCUPIED,OCCUPIED,0.7283929173241963
974.0,cctv1,C1_S002,G002,EMPTY,EMPTY,0.01
974.0,cctv1,C1_S003,G003,OCCUPIED,OCCUPIED,0.8365321595560421
974.0,cctv1,C1_S004,G004,OCCUPIED,OCCUPIED,0.7831555982882327
974.0,cctv1,C1_S005,G005,OCCUPIED,OCCUPIED,0.7537732106040825
974.0,cctv1,C1_S006,G006,EMPTY,MANEUVERING,0.3117568119141188
974.0,cctv2,C2_S001,G007,OCCUPIED,LEAVING,0.7544794555414808
974.0,cctv2,C2_S002,G008,OCCUPIED,OCCUPIED,0.8154485580596058
974.0,cctv2,C2_S003,G009,OCCUPIED,OCCUPIED,0.51
974.0,cctv2,C2_S004,G010,OCCUPIED,OCCUPIED,0.7951733625747941
974.0,cctv2,C2_S005,G001,EMPTY,EMPTY,0.01
974.0,cctv2,C2_S006,G003,OCCUPIED,OCCUPIED,0.8184702835299753
974.0,cctv2,C2_S007,G004,OCCUPIED,OCCUPIED,0.7928508918393743
974.0,cctv2,C2_S008,G006,OCCUPIED,OCCUPIED,0.7525661952116274
974.0,cctv2,C2_S009,G005,OCCUPIED,OCCUPIED,0.7855416528203272
974.0,cctv2,C2_S010,G002,EMPTY,EMPTY,0.01
974.0,cctv2,C2_S011,G017,OCCUPIED,OCCUPIED,0.8171241194009782
974.0,cctv2,C2_S012,G018,OCCUPIED,OCCUPIED,0.7879316266287457
974.0,cctv2,C2_S013,G019,OCCUPIED,OCCUPIED,0.51
974.0,cctv2,C2_S014,G020,EMPTY,EMPTY,0.01
974.0,cctv3,C3_S001,G021,EMPTY,EMPTY,0.01
974.0,cctv3,C3_S002,G019,EMPTY,EMPTY,0.01
974.0,cctv3,C3_S003,G020,OCCUPIED,OCCUPIED,0.8173598368059506
974.0,cctv3,C3_S004,G024,OCCUPIED,LEAVING,0.7858651863444935
974.0,cctv3,C3_S005,G025,OCCUPIED,LEAVING,0.8130561751398174
974.0,cctv3,C3_S006,G026,OCCUPIED,OCCUPIED,0.8223438322544099
974.0,cctv3,C3_S007,G027,EMPTY,EMPTY,0.01
974.0,cctv3,C3_S008,G028,EMPTY,MANEUVERING,0.171031203601848
974.0,cctv3,C3_S009,G029,EMPTY,MANEUVERING,0.49
974.0,cctv3,C3_S010,G007,EMPTY,EMPTY,0.01
974.0,cctv3,C3_S011,G008,OCCUPIED,OCCUPIED,0.7960273775187406
974.0,cctv3,C3_S012,G009,OCCUPIED,OCCUPIED,0.8187053206292066
975.0,cctv1,C1_S001,G001,OCCUPIED,OCCUPIED,0.728601624681191
975.0,cctv1,C1_S002,G002,EMPTY,EMPTY,0.01
975.0,cctv1,C1_S003,G003,OCCUPIED,OCCUPIED,0.8364546859806234
975.0,cctv1,C1_S004,G004,OCCUPIED,OCCUPIED,0.7823976043950428
975.0,cctv1,C1_S005,G005,OCCUPIED,OCCUPIED,0.7543290626596322
975.0,cctv1,C1_S006,G006,EMPTY,MANEUVERING,0.2734167872301556
975.0,cctv2,C2_S001,G007,OCCUPIED,LEAVING,0.7534527616067367
975.0,cctv2,C2_S002,G008,OCCUPIED,OCCUPIED,0.8143499406901273
975.0,cctv2,C2_S003,G009,OCCUPIED,OCCUPIED,0.51
975.0,cctv2,C2_S004,G010,OCCUPIED,OCCUPIED,0.7934926554560662
975.0,cctv2,C2_S005,G001,EMPTY,EMPTY,0.01
975.0,cctv2,C2_S006,G003,OCCUPIED,OCCUPIED,0.8183843406763944
975.0,cctv2,C2_S007,G004,OCCUPIED,OCCUPIED,0.7936753963882274
975.0,cctv2,C2_S008,G006,OCCUPIED,OCCUPIED,0.75322666967457
975.0,cctv2,C2_S009,G005,OCCUPIED,OCCUPIED,0.7877079275521366
975.0,cctv2,C2_S010,G002,EMPTY,EMPTY,0.01
975.0,cctv2,C2_S011,G017,OCCUPIED,OCCUPIED,0.8170128093524414
975.0,cctv2,C2_S012,G018,OCCUPIED,OCCUPIED,0.786682476374236
975.0,cctv2,C2_S013,G019,OCCUPIED,OCCUPIED,0.51
975.0,cctv2,C2_S014,G020,EMPTY,EMPTY,0.01
975.0,cctv3,C3_S001,G021,EMPTY,EMPTY,0.01
975.0,cctv3,C3_S002,G019,EMPTY,EMPTY,0.01
975.0,cctv3,C3_S003,G020,OCCUPIED,OCCUPIED,0.8172770272601735
975.0,cctv3,C3_S004,G024,OCCUPIED,OCCUPIED,0.7866702656854283
975.0,cctv3,C3_S005,G025,OCCUPIED,LEAVING,0.8147359564900398
975.0,cctv3,C3_S006,G026,OCCUPIED,OCCUPIED,0.8227027134461837
975.0,cctv3,C3_S007,G027,EMPTY,EMPTY,0.01
975.0,cctv3,C3_S008,G028,EMPTY,MANEUVERING,0.171031203601848
975.0,cctv3,C3_S009,G029,EMPTY,MANEUVERING,0.49
975.0,cctv3,C3_S010,G007,EMPTY,EMPTY,0.01
975.0,cctv3,C3_S011,G008,OCCUPIED,OCCUPIED,0.7942705582488667
975.0,cctv3,C3_S012,G009,OCCUPIED,OCCUPIED,0.8181276345794852
976.0,cctv1,C1_S001,G001,OCCUPIED,OCCUPIED,0.7282694052566182
976.0,cctv1,C1_S002,G002,EMPTY,EMPTY,0.01
976.0,cctv1,C1_S003,G003,OCCUPIED,OCCUPIED,0.8364389202811502
976.0,cctv1,C1_S004,G004,OCCUPIED,OCCUPIED,0.7813762443986807
976.0,cctv1,C1_S005,G005,OCCUPIED,OCCUPIED,0.7417591762316951
976.0,cctv1,C1_S006,G006,EMPTY,MANEUVERING,0.3206582131914117
976.0,cctv2,C2_S001,G007,OCCUPIED,LEAVING,0.753190357441252
976.0,cctv2,C2_S002,G008,OCCUPIED,OCCUPIED,0.8136136344887994
976.0,cctv2,C2_S003,G009,OCCUPIED,OCCUPIED,0.51
976.0,cctv2,C2_S004,G010,OCCUPIED,OCCUPIED,0.7924899408763106
976.0,cctv2,C2_S005,G001,EMPTY,EMPTY,0.01
976.0,cctv2,C2_S006,G003,OCCUPIED,OCCUPIED,0.8180481696670706
976.0,cctv2,C2_S007,G004,OCCUPIED,OCCUPIED,0.7929637665098365
976.0,cctv2,C2_S008,G006,OCCUPIED,OCCUPIED,0.7526404814286666
976.0,cctv2,C2_S009,G005,OCCUPIED,OCCUPIED,0.7900434269146487
976.0,cctv2,C2_S010,G002,EMPTY,EMPTY,0.01
976.0,cctv2,C2_S011,G017,OCCUPIED,OCCUPIED,0.8178391784429551
976.0,cctv2,C2_S012,G018,OCCUPIED,OCCUPIED,0.7885857816446912
976.0,cctv2,C2_S013,G019,OCCUPIED,OCCUPIED,0.51
976.0,cctv2,C2_S014,G020,EMPTY,EMPTY,0.01
976.0,cctv3,C3_S001,G021,EMPTY,EMPTY,0.01
976.0,cctv3,C3_S002,G019,EMPTY,EMPTY,0.01
976.0,cctv3,C3_S003,G020,OCCUPIED,LEAVING,0.8142454532059757
976.0,cctv3,C3_S004,G024,OCCUPIED,OCCUPIED,0.7896635733951223
976.0,cctv3,C3_S005,G025,OCCUPIED,LEAVING,0.820248087427833
976.0,cctv3,C3_S006,G026,OCCUPIED,OCCUPIED,0.8230956261808222
976.0,cctv3,C3_S007,G027,EMPTY,EMPTY,0.01
976.0,cctv3,C3_S008,G028,EMPTY,MANEUVERING,0.171031203601848
976.0,cctv3,C3_S009,G029,EMPTY,MANEUVERING,0.49
976.0,cctv3,C3_S010,G007,EMPTY,EMPTY,0.01
976.0,cctv3,C3_S011,G008,OCCUPIED,OCCUPIED,0.7900095067240975
976.0,cctv3,C3_S012,G009,OCCUPIED,OCCUPIED,0.816449461741881
977.0,cctv1,C1_S001,G001,OCCUPIED,OCCUPIED,0.7293352169746703
977.0,cctv1,C1_S002,G002,EMPTY,EMPTY,0.01
977.0,cctv1,C1_S003,G003,OCCUPIED,OCCUPIED,0.836447548866272
977.0,cctv1,C1_S004,G004,OCCUPIED,OCCUPIED,0.7808354273438455
977.0,cctv1,C1_S005,G005,OCCUPIED,OCCUPIED,0.7451574070390428
977.0,cctv1,C1_S006,G006,EMPTY,MANEUVERING,0.2756582131914117
977.0,cctv2,C2_S001,G007,OCCUPIED,LEAVING,0.7519585119052368
977.0,cctv2,C2_S002,G008,OCCUPIED,OCCUPIED,0.8142414567145435
977.0,cctv2,C2_S003,G009,OCCUPIED,OCCUPIED,0.51
977.0,cctv2,C2_S004,G010,OCCUPIED,OCCUPIED,0.7945403214205395
977.0,cctv2,C2_S005,G001,EMPTY,EMPTY,0.01
977.0,cctv2,C2_S006,G003,OCCUPIED,OCCUPIED,0.8182606420733712
977.0,cctv2,C2_S007,G004,OCCUPIED,OCCUPIED,0.7931840311397207
977.0,cctv2,C2_S008,G006,OCCUPIED,OCCUPIED,0.7544160599058325
977.0,cctv2,C2_S009,G005,OCCUPIED,OCCUPIED,0.7902326291257685
977.0,cctv2,C2_S010,G002,EMPTY,EMPTY,0.01
977.0,cctv2,C2_S011,G017,OCCUPIED,OCCUPIED,0.8177964858033441
977.0,cctv2,C2_S012,G018,OCCUPIED,LEAVING,0.7923619576475838
977.0,cctv2,C2_S013,G019,OCCUPIED,OCCUPIED,0.51
977.0,cctv2,C2_S014,G020,EMPTY,EMPTY,0.01
977.0,cctv3,C3_S001,G021,EMPTY,EMPTY,0.01
977.0,cctv3,C3_S002,G019,EMPTY,EMPTY,0.01
977.0,cctv3,C3_S003,G020,OCCUPIED,LEAVING,0.814487465674227
977.0,cctv3,C3_S004,G024,OCCUPIED,OCCUPIED,0.788867646645416
977.0,cctv3,C3_S005,G025,OCCUPIED,LEAVING,0.8227479785680771
977.0,cctv3,C3_S006,G026,OCCUPIED,OCCUPIED,0.823391114581715
977.0,cctv3,C3_S007,G027,EMPTY,EMPTY,0.01
977.0,cctv3,C3_S008,G028,EMPTY,MANEUVERING,0.171031203601848
977.0,cctv3,C3_S009,G029,EMPTY,MANEUVERING,0.4658572219087827
977.0,cctv3,C3_S010,G007,EMPTY,EMPTY,0.01
977.0,cctv3,C3_S011,G008,OCCUPIED,OCCUPIED,0.7889402473514731
977.0,cctv3,C3_S012,G009,OCCUPIED,OCCUPIED,0.817472904920578
978.0,cctv1,C1_S001,G001,OCCUPIED,OCCUPIED,0.7286255335265941
978.0,cctv1,C1_S002,G002,EMPTY,EMPTY,0.01
978.0,cctv1,C1_S003,G003,OCCUPIED,OCCUPIED,0.8364581427790903
978.0,cctv1,C1_S004,G004,OCCUPIED,OCCUPIED,0.7788192567500202
978.0,cctv1,C1_S005,G005,OCCUPIED,OCCUPIED,0.7278557521782139
978.0,cctv1,C1_S006,G006,EMPTY,MANEUVERING,0.2652084292742339
978.0,cctv2,C2_S001,G007,OCCUPIED,LEAVING,0.7499559370631522
978.0,cctv2,C2_S002,G008,OCCUPIED,OCCUPIED,0.8138023173267191
978.0,cctv2,C2_S003,G009,OCCUPIED,OCCUPIED,0.51
978.0,cctv2,C2_S004,G010,OCCUPIED,OCCUPIED,0.7948206959800287
978.0,cctv2,C2_S005,G001,EMPTY,EMPTY,0.01
978.0,cctv2,C2_S006,G003,OCCUPIED,OCCUPIED,0.8183475578373129
978.0,cctv2,C2_S007,G004,OCCUPIED,OCCUPIED,0.7935552228580822
978.0,cctv2,C2_S008,G006,OCCUPIED,OCCUPIED,0.755050531977957
978.0,cctv2,C2_S009,G005,OCCUPIED,OCCUPIED,0.7900919277559628
978.0,cctv2,C2_S010,G002,EMPTY,EMPTY,0.01
978.0,cctv2,C2_S011,G017,OCCUPIED,OCCUPIED,0.8179635841738094
978.0,cctv2,C2_S012,G018,OCCUPIED,LEAVING,0.7968447518619625
978.0,cctv2,C2_S013,G019,OCCUPIED,OCCUPIED,0.5307549768550829
978.0,cctv2,C2_S014,G020,EMPTY,EMPTY,0.01
978.0,cctv3,C3_S001,G021,EMPTY,EMPTY,0.01
978.0,cctv3,C3_S002,G019,EMPTY,EMPTY,0.01
978.0,cctv3,C3_S003,G020,OCCUPIED,LEAVING,0.8114972090179271
978.0,cctv3,C3_S004,G024,OCCUPIED,OCCUPIED,0.7911069254983556
978.0,cctv3,C3_S005,G025,OCCUPIED,LEAVING,0.8239371798255227
978.0,cctv3,C3_S006,G026,OCCUPIED,OCCUPIED,0.8236465128985319
978.0,cctv3,C3_S007,G027,EMPTY,EMPTY,0.01
978.0,cctv3,C3_S008,G028,EMPTY,MANEUVERING,0.171031203601848
978.0,cctv3,C3_S009,G029,EMPTY,MANEUVERING,0.3845065026067488
978.0,cctv3,C3_S010,G007,EMPTY,EMPTY,0.01
978.0,cctv3,C3_S011,G008,OCCUPIED,OCCUPIED,0.7861792313781653
978.0,cctv3,C3_S012,G009,OCCUPIED,OCCUPIED,0.8170874145897953
979.0,cctv1,C1_S001,G001,OCCUPIED,OCCUPIED,0.7276902088387447
979.0,cctv1,C1_S002,G002,EMPTY,EMPTY,0.01
979.0,cctv1,C1_S003,G003,OCCUPIED,OCCUPIED,0.8364156265150418
979.0,cctv1,C1_S004,G004,OCCUPIED,OCCUPIED,0.7790209474888715
979.0,cctv1,C1_S005,G005,OCCUPIED,OCCUPIED,0.75876032859087
979.0,cctv1,C1_S006,G006,EMPTY,MANEUVERING,0.3610128116472201
979.0,cctv2,C2_S001,G007,OCCUPIED,LEAVING,0.749765933034095
979.0,cctv2,C2_S002,G008,OCCUPIED,OCCUPIED,0.8147415098818866
979.0,cctv2,C2_S003,G009,OCCUPIED,OCCUPIED,0.51
979.0,cctv2,C2_S004,G010,OCCUPIED,OCCUPIED,0.7971579050475901
979.0,cctv2,C2_S005,G001,EMPTY,EMPTY,0.01
979.0,cctv2,C2_S006,G003,OCCUPIED,OCCUPIED,0.818590347333388
979.0,cctv2,C2_S007,G004,OCCUPIED,OCCUPIED,0.794002759998495
979.0,cctv2,C2_S008,G006,OCCUPIED,OCCUPIED,0.7571761793710969
979.0,cctv2,C2_S009,G005,OCCUPIED,OCCUPIED,0.7913648984648965
979.0,cctv2,C2_S010,G002,EMPTY,EMPTY,0.01
979.0,cctv2,C2_S011,G017,OCCUPIED,OCCUPIED,0.8180051559751684
979.0,cctv2,C2_S012,G018,OCCUPIED,LEAVING,0.8014002550732007
979.0,cctv2,C2_S013,G019,OCCUPIED,OCCUPIED,0.5707201498205011
979.0,cctv2,C2_S014,G020,EMPTY,EMPTY,0.01
979.0,cctv3,C3_S001,G021,EMPTY,EMPTY,0.01
979.0,cctv3,C3_S002,G019,EMPTY,EMPTY,0.01
979.0,cctv3,C3_S003,G020,OCCUPIED,LEAVING,0.8136828167871996
979.0,cctv3,C3_S004,G024,OCCUPIED,OCCUPIED,0.7924506648291242
979.0,cctv3,C3_S005,G025,OCCUPIED,OCCUPIED,0.8252297485416586
979.0,cctv3,C3_S006,G026,OCCUPIED,OCCUPIED,0.8239202762191946
979.0,cctv3,C3_S007,G027,EMPTY,EMPTY,0.01
979.0,cctv3,C3_S008,G028,EMPTY,EMPTY,0.01
979.0,cctv3,C3_S009,G029,EMPTY,MANEUVERING,0.4290646012475738
979.0,cctv3,C3_S010,G007,EMPTY,EMPTY,0.01
979.0,cctv3,C3_S011,G008,OCCUPIED,OCCUPIED,0.7851082464510745
979.0,cctv3,C3_S012,G009,OCCUPIED,OCCUPIED,0.8167816419493069
980.0,cctv1,C1_S001,G001,OCCUPIED,OCCUPIED,0.7281611143188044
980.0,cctv1,C1_S002,G002,EMPTY,EMPTY,0.01
980.0,cctv1,C1_S003,G003,OCCUPIED,OCCUPIED,0.8364169058474629
980.0,cctv1,C1_S004,G004,OCCUPIED,OCCUPIED,0.7780983090400696
980.0,cctv1,C1_S005,G005,OCCUPIED,OCCUPIED,0.7559805940498006
980.0,cctv1,C1_S006,G006,EMPTY,MANEUVERING,0.4123645604605024
980.0,cctv2,C2_S001,G007,OCCUPIED,LEAVING,0.7477557785131715
980.0,cctv2,C2_S002,G008,OCCUPIED,LEAVING,0.8135294765233994
980.0,cctv2,C2_S003,G009,OCCUPIED,OCCUPIED,0.51
980.0,cctv2,C2_S004,G010,OCCUPIED,OCCUPIED,0.7961873176422987
980.0,cctv2,C2_S005,G001,EMPTY,EMPTY,0.01
980.0,cctv2,C2_S006,G003,OCCUPIED,OCCUPIED,0.8185924914750187
980.0,cctv2,C2_S007,G004,OCCUPIED,OCCUPIED,0.7937321340495891
980.0,cctv2,C2_S008,G006,OCCUPIED,OCCUPIED,0.7570171073079109
980.0,cctv2,C2_S009,G005,OCCUPIED,OCCUPIED,0.7913334906101227
980.0,cctv2,C2_S010,G002,EMPTY,EMPTY,0.01
980.0,cctv2,C2_S011,G017,OCCUPIED,OCCUPIED,0.8174691587686539
980.0,cctv2,C2_S012,G018,OCCUPIED,LEAVING,0.8053088635206224
980.0,cctv2,C2_S013,G019,OCCUPIED,OCCUPIED,0.5995912859385664
980.0,cctv2,C2_S014,G020,EMPTY,EMPTY,0.01
980.0,cctv3,C3_S001,G021,EMPTY,EMPTY,0.01
980.0,cctv3,C3_S002,G019,EMPTY,EMPTY,0.01
980.0,cctv3,C3_S003,G020,OCCUPIED,LEAVING,0.8127016484737397
980.0,cctv3,C3_S004,G024,OCCUPIED,OCCUPIED,0.8289448746226051
980.0,cctv3,C3_S005,G025,OCCUPIED,OCCUPIED,0.8270700909874656
980.0,cctv3,C3_S006,G026,OCCUPIED,OCCUPIED,0.8244155225428669
980.0,cctv3,C3_S007,G027,EMPTY,EMPTY,0.01
980.0,cctv3,C3_S008,G028,EMPTY,EMPTY,0.01
980.0,cctv3,C3_S009,G029,EMPTY,MANEUVERING,0.4839852198774552
980.0,cctv3,C3_S010,G007,EMPTY,EMPTY,0.01
980.0,cctv3,C3_S011,G008,OCCUPIED,OCCUPIED,0.7846012301065706
980.0,cctv3,C3_S012,G009,OCCUPIED,OCCUPIED,0.8169682261618701
981.0,cctv1,C1_S001,G001,OCCUPIED,OCCUPIED,0.7276883633976634
981.0,cctv1,C1_S002,G002,EMPTY,EMPTY,0.01
981.0,cctv1,C1_S003,G003,OCCUPIED,OCCUPIED,0.8365094948898663
981.0,cctv1,C1_S004,G004,OCCUPIED,OCCUPIED,0.7775590501048348
981.0,cctv1,C1_S005,G005,OCCUPIED,OCCUPIED,0.7544891021468423
981.0,cctv1,C1_S006,G006,EMPTY,MANEUVERING,0.49
981.0,cctv2,C2_S001,G007,OCCUPIED,LEAVING,0.7466508193449541
981.0,cctv2,C2_S002,G008,OCCUPIED,LEAVING,0.812707222591747
981.0,cctv2,C2_S003,G009,OCCUPIED,OCCUPIED,0.51
981.0,cctv2,C2_S004,G010,OCCUPIED,OCCUPIED,0.7948682812127201
981.0,cctv2,C2_S005,G001,EMPTY,EMPTY,0.01
981.0,cctv2,C2_S006,G003,OCCUPIED,OCCUPIED,0.8186844099651684
981.0,cctv2,C2_S007,G004,OCCUPIED,OCCUPIED,0.7944866524501281
981.0,cctv2,C2_S008,G006,OCCUPIED,OCCUPIED,0.7579096920110964
981.0,cctv2,C2_S009,G005,OCCUPIED,OCCUPIED,0.7919434948401018
981.0,cctv2,C2_S010,G002,EMPTY,EMPTY,0.01
981.0,cctv2,C2_S011,G017,OCCUPIED,OCCUPIED,0.8176360319961202
981.0,cctv2,C2_S012,G018,OCCUPIED,LEAVING,0.808864924447103
981.0,cctv2,C2_S013,G019,OCCUPIED,OCCUPIED,0.5545912859385663
981.0,cctv2,C2_S014,G020,EMPTY,EMPTY,0.01
981.0,cctv3,C3_S001,G021,EMPTY,EMPTY,0.01
981.0,cctv3,C3_S002,G019,EMPTY,EMPTY,0.01
981.0,cctv3,C3_S003,G020,OCCUPIED,LEAVING,0.8101989288221707
981.0,cctv3,C3_S004,G024,OCCUPIED,OCCUPIED,0.8285039861093868
981.0,cctv3,C3_S005,G025,OCCUPIED,OCCUPIED,0.827683298425241
981.0,cctv3,C3_S006,G026,OCCUPIED,OCCUPIED,0.8247965742241253
981.0,cctv3,C3_S007,G027,EMPTY,EMPTY,0.01
981.0,cctv3,C3_S008,G028,EMPTY,EMPTY,0.01
981.0,cctv3,C3_S009,G029,EMPTY,MANEUVERING,0.4489325933700258
981.0,cctv3,C3_S010,G007,EMPTY,EMPTY,0.01
981.0,cctv3,C3_S011,G008,OCCUPIED,OCCUPIED,0.7835126498883421
981.0,cctv3,C3_S012,G009,OCCUPIED,OCCUPIED,0.81669361428781
982.0,cctv1,C1_S001,G001,OCCUPIED,OCCUPIED,0.7269959621131421
982.0,cctv1,C1_S002,G002,EMPTY,EMPTY,0.01
982.0,cctv1,C1_S003,G003,OCCUPIED,OCCUPIED,0.8365210617130454
982.0,cctv1,C1_S004,G004,OCCUPIED,OCCUPIED,0.7773609238592062
982.0,cctv1,C1_S005,G005,OCCUPIED,OCCUPIED,0.7522993357344108
982.0,cctv1,C1_S006,G006,EMPTY,MANEUVERING,0.49
982.0,cctv2,C2_S001,G007,OCCUPIED,LEAVING,0.7486331750046124
982.0,cctv2,C2_S002,G008,OCCUPIED,LEAVING,0.8116771811788733
982.0,cctv2,C2_S003,G009,OCCUPIED,LEAVING,0.51
982.0,cctv2,C2_S004,G010,OCCUPIED,OCCUPIED,0.7957949673587627
982.0,cctv2,C2_S005,G001,EMPTY,EMPTY,0.01
982.0,cctv2,C2_S006,G003,OCCUPIED,OCCUPIED,0.8188618860461496
982.0,cctv2,C2_S007,G004,OCCUPIED,OCCUPIED,0.7957454245198857
982.0,cctv2,C2_S008,G006,OCCUPIED,OCCUPIED,0.7580154527317394
982.0,cctv2,C2_S009,G005,OCCUPIED,OCCUPIED,0.7915582450953398
982.0,cctv2,C2_S010,G002,EMPTY,EMPTY,0.01
982.0,cctv2,C2_S011,G017,OCCUPIED,OCCUPIED,0.8171909763054415
982.0,cctv2,C2_S012,G018,OCCUPIED,LEAVING,0.805625731362538
982.0,cctv2,C2_S013,G019,OCCUPIED,OCCUPIED,0.51
982.0,cctv2,C2_S014,G020,EMPTY,EMPTY,0.01
982.0,cctv3,C3_S001,G021,EMPTY,EMPTY,0.01
982.0,cctv3,C3_S002,G019,EMPTY,EMPTY,0.01
982.0,cctv3,C3_S003,G020,OCCUPIED,LEAVING,0.8104791164398194
982.0,cctv3,C3_S004,G024,OCCUPIED,OCCUPIED,0.7459714015234601
982.0,cctv3,C3_S005,G025,OCCUPIED,OCCUPIED,0.8268022959882564
982.0,cctv3,C3_S006,G026,OCCUPIED,OCCUPIED,0.8247890859842301
982.0,cctv3,C3_S007,G027,EMPTY,EMPTY,0.01
982.0,cctv3,C3_S008,G028,EMPTY,EMPTY,0.01
982.0,cctv3,C3_S009,G029,EMPTY,MANEUVERING,0.4151204414868897
982.0,cctv3,C3_S010,G007,EMPTY,MANEUVERING,0.2225733615051616
982.0,cctv3,C3_S011,G008,OCCUPIED,LEAVING,0.7790401191873985
982.0,cctv3,C3_S012,G009,OCCUPIED,OCCUPIED,0.8178501454266636
983.0,cctv1,C1_S001,G001,OCCUPIED,OCCUPIED,0.7275437271053141
983.0,cctv1,C1_S002,G002,EMPTY,EMPTY,0.01
983.0,cctv1,C1_S003,G003,OCCUPIED,OCCUPIED,0.8364216850562529
983.0,cctv1,C1_S004,G004,OCCUPIED,OCCUPIED,0.7758469818667932
983.0,cctv1,C1_S005,G005,OCCUPIED,OCCUPIED,0.754258246448907
983.0,cctv1,C1_S006,G006,EMPTY,MANEUVERING,0.49
983.0,cctv2,C2_S001,G007,OCCUPIED,LEAVING,0.7458079026503998
983.0,cctv2,C2_S002,G008,OCCUPIED,LEAVING,0.811097754131664
983.0,cctv2,C2_S003,G009,OCCUPIED,LEAVING,0.51
983.0,cctv2,C2_S004,G010,OCCUPIED,OCCUPIED,0.7937098887833682
983.0,cctv2,C2_S005,G001,EMPTY,EMPTY,0.01
983.0,cctv2,C2_S006,G003,OCCUPIED,OCCUPIED,0.8188415679064664
983.0,cctv2,C2_S007,G004,OCCUPIED,OCCUPIED,0.7958786124532874
983.0,cctv2,C2_S008,G006,OCCUPIED,OCCUPIED,0.7585504213517363
983.0,cctv2,C2_S009,G005,OCCUPIED,OCCUPIED,0.7921861014582895
983.0,cctv2,C2_S010,G002,EMPTY,EMPTY,0.01
983.0,cctv2,C2_S011,G017,OCCUPIED,OCCUPIED,0.8178687437014147
983.0,cctv2,C2_S012,G018,OCCUPIED,LEAVING,0.8021159706467933
983.0,cctv2,C2_S013,G019,OCCUPIED,OCCUPIED,0.51
983.0,cctv2,C2_S014,G020,EMPTY,EMPTY,0.01
983.0,cctv3,C3_S001,G021,EMPTY,EMPTY,0.01
983.0,cctv3,C3_S002,G019,EMPTY,EMPTY,0.01
983.0,cctv3,C3_S003,G020,OCCUPIED,LEAVING,0.8101347801360218
983.0,cctv3,C3_S004,G024,OCCUPIED,OCCUPIED,0.7424400087107312
983.0,cctv3,C3_S005,G025,OCCUPIED,OCCUPIED,0.8265042155981064
983.0,cctv3,C3_S006,G026,OCCUPIED,OCCUPIED,0.8247870605100286
983.0,cctv3,C3_S007,G027,EMPTY,EMPTY,0.01
983.0,cctv3,C3_S008,G028,EMPTY,EMPTY,0.01
983.0,cctv3,C3_S009,G029,EMPTY,MANEUVERING,0.3368315205028789
983.0,cctv3,C3_S010,G007,EMPTY,MANEUVERING,0.2225733615051616
983.0,cctv3,C3_S011,G008,OCCUPIED,LEAVING,0.7796715437011286
983.0,cctv3,C3_S012,G009,OCCUPIED,OCCUPIED,0.8193067182194104
984.0,cctv1,C1_S001,G001,OCCUPIED,OCCUPIED,0.7282379390841182
984.0,cctv1,C1_S002,G002,EMPTY,EMPTY,0.01
984.0,cctv1,C1_S003,G003,OCCUPIED,OCCUPIED,0.8365457664836538
984.0,cctv1,C1_S004,G004,OCCUPIED,OCCUPIED,0.7752024454149333
984.0,cctv1,C1_S005,G005,OCCUPIED,OCCUPIED,0.7543167564001951
984.0,cctv1,C1_S006,G006,EMPTY,MANEUVERING,0.49
984.0,cctv2,C2_S001,G007,OCCUPIED,LEAVING,0.7461787968873979
984.0,cctv2,C2_S002,G008,OCCUPIED,LEAVING,0.812069164893844
984.0,cctv2,C2_S003,G009,OCCUPIED,OCCUPIED,0.51
984.0,cctv2,C2_S004,G010,OCCUPIED,OCCUPIED,0.7917097720232877
984.0,cctv2,C2_S005,G001,EMPTY,EMPTY,0.01
984.0,cctv2,C2_S006,G003,OCCUPIED,OCCUPIED,0.819081490690058
984.0,cctv2,C2_S007,G004,OCCUPIED,OCCUPIED,0.7957048215649345
984.0,cctv2,C2_S008,G006,OCCUPIED,OCCUPIED,0.7575523226098582
984.0,cctv2,C2_S009,G005,OCCUPIED,OCCUPIED,0.7911562583663247
984.0,cctv2,C2_S010,G002,EMPTY,EMPTY,0.01
984.0,cctv2,C2_S011,G017,OCCUPIED,OCCUPIED,0.8180593008344824
984.0,cctv2,C2_S012,G018,OCCUPIED,LEAVING,0.8014099547131496
984.0,cctv2,C2_S013,G019,OCCUPIED,OCCUPIED,0.51
984.0,cctv2,C2_S014,G020,EMPTY,EMPTY,0.01
984.0,cctv3,C3_S001,G021,EMPTY,EMPTY,0.01
984.0,cctv3,C3_S002,G019,EMPTY,EMPTY,0.01
984.0,cctv3,C3_S003,G020,OCCUPIED,LEAVING,0.8095617521892895
984.0,cctv3,C3_S004,G024,OCCUPIED,OCCUPIED,0.7385209741104732
984.0,cctv3,C3_S005,G025,OCCUPIED,OCCUPIED,0.8236462674357675
984.0,cctv3,C3_S006,G026,OCCUPIED,OCCUPIED,0.8245031990788201
984.0,cctv3,C3_S007,G027,EMPTY,EMPTY,0.01
984.0,cctv3,C3_S008,G028,EMPTY,EMPTY,0.01
984.0,cctv3,C3_S009,G029,EMPTY,MANEUVERING,0.2611502684551206
984.0,cctv3,C3_S010,G007,EMPTY,MANEUVERING,0.2225733615051616
984.0,cctv3,C3_S011,G008,OCCUPIED,LEAVING,0.7797165227207271
984.0,cctv3,C3_S012,G009,OCCUPIED,OCCUPIED,0.8191083704883403
985.0,cctv1,C1_S001,G001,OCCUPIED,OCCUPIED,0.7271446229381996
985.0,cctv1,C1_S002,G002,EMPTY,EMPTY,0.01
985.0,cctv1,C1_S003,G003,OCCUPIED,OCCUPIED,0.836563339829445
985.0,cctv1,C1_S004,G004,OCCUPIED,OCCUPIED,0.7747054207054052
985.0,cctv1,C1_S005,G005,OCCUPIED,OCCUPIED,0.7497097058052367
985.0,cctv1,C1_S006,G006,EMPTY,MANEUVERING,0.49
985.0,cctv2,C2_S001,G007,OCCUPIED,LEAVING,0.7458430046384985
985.0,cctv2,C2_S002,G008,OCCUPIED,LEAVING,0.8123541894284162
985.0,cctv2,C2_S003,G009,OCCUPIED,OCCUPIED,0.51
985.0,cctv2,C2_S004,G010,OCCUPIED,OCCUPIED,0.79188563877886
985.0,cctv2,C2_S005,G001,EMPTY,EMPTY,0.01
985.0,cctv2,C2_S006,G003,OCCUPIED,OCCUPIED,0.8188830275427212
985.0,cctv2,C2_S007,G004,OCCUPIED,OCCUPIED,0.795609239827503
985.0,cctv2,C2_S008,G006,OCCUPIED,OCCUPIED,0.7590320424600081
985.0,cctv2,C2_S009,G005,OCCUPIED,OCCUPIED,0.790529898350889
985.0,cctv2,C2_S010,G002,EMPTY,EMPTY,0.01
985.0,cctv2,C2_S011,G017,OCCUPIED,OCCUPIED,0.8178630899299275
985.0,cctv2,C2_S012,G018,OCCUPIED,LEAVING,0.797617743164301
985.0,cctv2,C2_S013,G019,OCCUPIED,OCCUPIED,0.51
985.0,cctv2,C2_S014,G020,EMPTY,EMPTY,0.01
985.0,cctv3,C3_S001,G021,EMPTY,EMPTY,0.01
985.0,cctv3,C3_S002,G019,EMPTY,EMPTY,0.01
985.0,cctv3,C3_S003,G020,OCCUPIED,LEAVING,0.8129851636561481
985.0,cctv3,C3_S004,G024,OCCUPIED,OCCUPIED,0.737156402062286
985.0,cctv3,C3_S005,G025,OCCUPIED,OCCUPIED,0.8227400059049781
985.0,cctv3,C3_S006,G026,OCCUPIED,OCCUPIED,0.8241105114871806
985.0,cctv3,C3_S007,G027,EMPTY,EMPTY,0.01
985.0,cctv3,C3_S008,G028,EMPTY,EMPTY,0.01
985.0,cctv3,C3_S009,G029,EMPTY,MANEUVERING,0.3069095962393012
985.0,cctv3,C3_S010,G007,EMPTY,MANEUVERING,0.2225733615051616
985.0,cctv3,C3_S011,G008,OCCUPIED,LEAVING,0.7807753743095832
985.0,cctv3,C3_S012,G009,OCCUPIED,OCCUPIED,0.8191134162924507
986.0,cctv1,C1_S001,G001,OCCUPIED,OCCUPIED,0.7270793995396658
986.0,cctv1,C1_S002,G002,EMPTY,EMPTY,0.01
986.0,cctv1,C1_S003,G003,OCCUPIED,OCCUPIED,0.8366567579182712
986.0,cctv1,C1_S004,G004,OCCUPIED,OCCUPIED,0.7752743009816517
986.0,cctv1,C1_S005,G005,OCCUPIED,OCCUPIED,0.7481241492385214
986.0,cctv1,C1_S006,G006,EMPTY,MANEUVERING,0.49
986.0,cctv2,C2_S001,G007,OCCUPIED,LEAVING,0.745871302350001
986.0,cctv2,C2_S002,G008,OCCUPIED,LEAVING,0.8134533846920188
986.0,cctv2,C2_S003,G009,OCCUPIED,OCCUPIED,0.51
986.0,cctv2,C2_S004,G010,OCCUPIED,OCCUPIED,0.7930467329242014
986.0,cctv2,C2_S005,G001,EMPTY,EMPTY,0.01
986.0,cctv2,C2_S006,G003,OCCUPIED,OCCUPIED,0.8185401501980696
986.0,cctv2,C2_S007,G004,OCCUPIED,OCCUPIED,0.7944168329238892
986.0,cctv2,C2_S008,G006,OCCUPIED,OCCUPIED,0.7600686678832228
986.0,cctv2,C2_S009,G005,OCCUPIED,OCCUPIED,0.7904273753816432
986.0,cctv2,C2_S010,G002,EMPTY,EMPTY,0.01
986.0,cctv2,C2_S011,G017,OCCUPIED,OCCUPIED,0.8183040670373224
986.0,cctv2,C2_S012,G018,OCCUPIED,LEAVING,0.7967616690153426
986.0,cctv2,C2_S013,G019,OCCUPIED,OCCUPIED,0.51
986.0,cctv2,C2_S014,G020,EMPTY,EMPTY,0.01
986.0,cctv3,C3_S001,G021,EMPTY,EMPTY,0.01
986.0,cctv3,C3_S002,G019,EMPTY,EMPTY,0.01
986.0,cctv3,C3_S003,G020,OCCUPIED,LEAVING,0.8125025220892647
986.0,cctv3,C3_S004,G024,OCCUPIED,OCCUPIED,0.7792708601463925
986.0,cctv3,C3_S005,G025,OCCUPIED,OCCUPIED,0.8223265165632422
986.0,cctv3,C3_S006,G026,OCCUPIED,OCCUPIED,0.8238040886142037
986.0,cctv3,C3_S007,G027,EMPTY,EMPTY,0.01
986.0,cctv3,C3_S008,G028,EMPTY,EMPTY,0.01
986.0,cctv3,C3_S009,G029,EMPTY,MANEUVERING,0.3833064992310987
986.0,cctv3,C3_S010,G007,EMPTY,MANEUVERING,0.1775733615051616
986.0,cctv3,C3_S011,G008,OCCUPIED,LEAVING,0.7809277627955784
986.0,cctv3,C3_S012,G009,OCCUPIED,OCCUPIED,0.8197061129591683
987.0,cctv1,C1_S001,G001,OCCUPIED,OCCUPIED,0.7270070798695089
987.0,cctv1,C1_S002,G002,EMPTY,EMPTY,0.01
987.0,cctv1,C1_S003,G003,OCCUPIED,OCCUPIED,0.8366897840391506
987.0,cctv1,C1_S004,G004,OCCUPIED,OCCUPIED,0.7747541426257655
987.0,cctv1,C1_S005,G005,OCCUPIED,OCCUPIED,0.747836047885093
987.0,cctv1,C1_S006,G006,EMPTY,MANEUVERING,0.49
987.0,cctv2,C2_S001,G007,OCCUPIED,LEAVING,0.7452070317485117
987.0,cctv2,C2_S002,G008,OCCUPIED,OCCUPIED,0.8136839254335925
987.0,cctv2,C2_S003,G009,OCCUPIED,OCCUPIED,0.51
987.0,cctv2,C2_S004,G010,OCCUPIED,OCCUPIED,0.7940573884682223
987.0,cctv2,C2_S005,G001,EMPTY,EMPTY,0.01
987.0,cctv2,C2_S006,G003,OCCUPIED,OCCUPIED,0.8181876234032892
987.0,cctv2,C2_S007,G004,OCCUPIED,OCCUPIED,0.7931452585892245
987.0,cctv2,C2_S008,G006,OCCUPIED,OCCUPIED,0.759936564618891
987.0,cctv2,C2_S009,G005,OCCUPIED,OCCUPIED,0.7893366233869032
987.0,cctv2,C2_S010,G002,EMPTY,EMPTY,0.01
987.0,cctv2,C2_S011,G017,OCCUPIED,OCCUPIED,0.817904349619692
987.0,cctv2,C2_S012,G018,OCCUPIED,OCCUPIED,0.7930470927872442
987.0,cctv2,C2_S013,G019,OCCUPIED,OCCUPIED,0.51
987.0,cctv2,C2_S014,G020,EMPTY,EMPTY,0.01
987.0,cctv3,C3_S001,G021,EMPTY,EMPTY,0.01
987.0,cctv3,C3_S002,G019,EMPTY,EMPTY,0.01
987.0,cctv3,C3_S003,G020,OCCUPIED,LEAVING,0.8144339897415855
987.0,cctv3,C3_S004,G024,OCCUPIED,OCCUPIED,0.7756029571999203
987.0,cctv3,C3_S005,G025,OCCUPIED,OCCUPIED,0.821140946041454
987.0,cctv3,C3_S006,G026,OCCUPIED,OCCUPIED,0.8234873782504689
987.0,cctv3,C3_S007,G027,EMPTY,EMPTY,0.01
987.0,cctv3,C3_S008,G028,EMPTY,EMPTY,0.01
987.0,cctv3,C3_S009,G029,EMPTY,MANEUVERING,0.3833064992310987
987.0,cctv3,C3_S010,G007,EMPTY,MANEUVERING,0.2771601148627021
987.0,cctv3,C3_S011,G008,OCCUPIED,LEAVING,0.7005895170975815
987.0,cctv3,C3_S012,G009,OCCUPIED,OCCUPIED,0.8203376089984721
988.0,cctv1,C1_S001,G001,OCCUPIED,OCCUPIED,0.7261593071574515
988.0,cctv1,C1_S002,G002,EMPTY,EMPTY,0.01
988.0,cctv1,C1_S003,G003,OCCUPIED,OCCUPIED,0.8367356741970237
988.0,cctv1,C1_S004,G004,OCCUPIED,OCCUPIED,0.7734133794903756
988.0,cctv1,C1_S005,G005,OCCUPIED,OCCUPIED,0.7433104553683239
988.0,cctv1,C1_S006,G006,EMPTY,MANEUVERING,0.49
988.0,cctv2,C2_S001,G007,OCCUPIED,LEAVING,0.7453698934479194
988.0,cctv2,C2_S002,G008,OCCUPIED,OCCUPIED,0.8145294528115881
988.0,cctv2,C2_S003,G009,OCCUPIED,LEAVING,0.51
988.0,cctv2,C2_S004,G010,OCCUPIED,OCCUPIED,0.7919113725423813
988.0,cctv2,C2_S005,G001,EMPTY,EMPTY,0.01
988.0,cctv2,C2_S006,G003,OCCUPIED,OCCUPIED,0.8179102716120807
988.0,cctv2,C2_S007,G004,OCCUPIED,OCCUPIED,0.7916538073257967
988.0,cctv2,C2_S008,G006,OCCUPIED,OCCUPIED,0.7582018898292022
988.0,cctv2,C2_S009,G005,OCCUPIED,OCCUPIED,0.7908278917724436
988.0,cctv2,C2_S010,G002,EMPTY,EMPTY,0.01
988.0,cctv2,C2_S011,G017,OCCUPIED,OCCUPIED,0.8183396762067622
988.0,cctv2,C2_S012,G018,OCCUPIED,OCCUPIED,0.7878688147799536
988.0,cctv2,C2_S013,G019,OCCUPIED,OCCUPIED,0.51
988.0,cctv2,C2_S014,G020,EMPTY,EMPTY,0.01
988.0,cctv3,C3_S001,G021,EMPTY,EMPTY,0.01
988.0,cctv3,C3_S002,G019,EMPTY,EMPTY,0.01
988.0,cctv3,C3_S003,G020,OCCUPIED,LEAVING,0.8143824303692038
988.0,cctv3,C3_S004,G024,OCCUPIED,OCCUPIED,0.6952126701492252
988.0,cctv3,C3_S005,G025,OCCUPIED,OCCUPIED,0.8193117087537592
988.0,cctv3,C3_S006,G026,OCCUPIED,OCCUPIED,0.8230265341021799
988.0,cctv3,C3_S007,G027,EMPTY,EMPTY,0.01
988.0,cctv3,C3_S008,G028,EMPTY,EMPTY,0.01
988.0,cctv3,C3_S009,G029,EMPTY,MANEUVERING,0.4611856730858033
988.0,cctv3,C3_S010,G007,EMPTY,MANEUVERING,0.2771601148627021
988.0,cctv3,C3_S011,G008,OCCUPIED,LEAVING,0.7000519621778618
988.0,cctv3,C3_S012,G009,OCCUPIED,OCCUPIED,0.8200883521275087
989.0,cctv1,C1_S001,G001,OCCUPIED,OCCUPIED,0.7272542399438945
989.0,cctv1,C1_S002,G002,EMPTY,EMPTY,0.01
989.0,cctv1,C1_S003,G003,OCCUPIED,OCCUPIED,0.8367730463092978
989.0,cctv1,C1_S004,G004,OCCUPIED,OCCUPIED,0.7745192246003585
989.0,cctv1,C1_S005,G005,OCCUPIED,OCCUPIED,0.7435972765765407
989.0,cctv1,C1_S006,G006,EMPTY,MANEUVERING,0.49
989.0,cctv2,C2_S001,G007,OCCUPIED,LEAVING,0.7473812691867352
989.0,cctv2,C2_S002,G008,OCCUPIED,OCCUPIED,0.8164487538012593
989.0,cctv2,C2_S003,G009,OCCUPIED,LEAVING,0.51
989.0,cctv2,C2_S004,G010,OCCUPIED,OCCUPIED,0.7902683577754281
989.0,cctv2,C2_S005,G001,EMPTY,EMPTY,0.01
989.0,cctv2,C2_S006,G003,OCCUPIED,OCCUPIED,0.8175988785245203
989.0,cctv2,C2_S007,G004,OCCUPIED,OCCUPIED,0.7907532540234653
989.0,cctv2,C2_S008,G006,OCCUPIED,OCCUPIED,0.758800232545896
989.0,cctv2,C2_S009,G005,OCCUPIED,OCCUPIED,0.7917125574567102
989.0,cctv2,C2_S010,G002,EMPTY,EMPTY,0.01
989.0,cctv2,C2_S011,G017,OCCUPIED,OCCUPIED,0.8181928130713376
989.0,cctv2,C2_S012,G018,OCCUPIED,OCCUPIED,0.7876976410773668
989.0,cctv2,C2_S013,G019,OCCUPIED,OCCUPIED,0.51
989.0,cctv2,C2_S014,G020,EMPTY,EMPTY,0.01
989.0,cctv3,C3_S001,G021,EMPTY,EMPTY,0.01
989.0,cctv3,C3_S002,G019,EMPTY,EMPTY,0.01
989.0,cctv3,C3_S003,G020,OCCUPIED,LEAVING,0.8168118143623526
989.0,cctv3,C3_S004,G024,OCCUPIED,OCCUPIED,0.6966024766185067
989.0,cctv3,C3_S005,G025,OCCUPIED,OCCUPIED,0.8183698388663205
989.0,cctv3,C3_S006,G026,OCCUPIED,OCCUPIED,0.8227899307554419
989.0,cctv3,C3_S007,G027,EMPTY,EMPTY,0.01
989.0,cctv3,C3_S008,G028,EMPTY,EMPTY,0.01
989.0,cctv3,C3_S009,G029,EMPTY,MANEUVERING,0.49
989.0,cctv3,C3_S010,G007,EMPTY,MANEUVERING,0.2771601148627021
989.0,cctv3,C3_S011,G008,OCCUPIED,LEAVING,0.7014725391973149
989.0,cctv3,C3_S012,G009,OCCUPIED,OCCUPIED,0.8195609826933254
990.0,cctv1,C1_S001,G001,OCCUPIED,OCCUPIED,0.7279883900149303
990.0,cctv1,C1_S002,G002,EMPTY,EMPTY,0.01
990.0,cctv1,C1_S003,G003,OCCUPIED,OCCUPIED,0.836822083592415
990.0,cctv1,C1_S004,G004,OCCUPIED,OCCUPIED,0.772576373002746
990.0,cctv1,C1_S005,G005,OCCUPIED,OCCUPIED,0.7442058413543485
990.0,cctv1,C1_S006,G006,EMPTY,MANEUVERING,0.49
990.0,cctv2,C2_S001,G007,OCCUPIED,LEAVING,0.7488286789845338
990.0,cctv2,C2_S002,G008,OCCUPIED,OCCUPIED,0.8155562081120231
990.0,cctv2,C2_S003,G009,OCCUPIED,LEAVING,0.51
990.0,cctv2,C2_S004,G010,OCCUPIED,OCCUPIED,0.7900796903805299
990.0,cctv2,C2_S005,G001,EMPTY,EMPTY,0.01
990.0,cctv2,C2_S006,G003,OCCUPIED,OCCUPIED,0.8176737649874254
990.0,cctv2,C2_S007,G004,OCCUPIED,OCCUPIED,0.7904234723611312
990.0,cctv2,C2_S008,G006,OCCUPIED,OCCUPIED,0.7587737701155923
990.0,cctv2,C2_S009,G005,OCCUPIED,OCCUPIED,0.7921629247340289
990.0,cctv2,C2_S010,G002,EMPTY,EMPTY,0.01
990.0,cctv2,C2_S011,G017,OCCUPIED,OCCUPIED,0.8180940370668065
990.0,cctv2,C2_S012,G018,OCCUPIED,OCCUPIED,0.7879874919625847
990.0,cctv2,C2_S013,G019,EMPTY,EMPTY,0.2003106028925289
990.0,cctv2,C2_S014,G020,EMPTY,EMPTY,0.01
990.0,cctv3,C3_S001,G021,EMPTY,EMPTY,0.01
990.0,cctv3,C3_S002,G019,EMPTY,EMPTY,0.01
990.0,cctv3,C3_S003,G020,OCCUPIED,LEAVING,0.8188918040557341
990.0,cctv3,C3_S004,G024,OCCUPIED,OCCUPIED,0.700696982921976
990.0,cctv3,C3_S005,G025,OCCUPIED,OCCUPIED,0.8178695556792347
990.0,cctv3,C3_S006,G026,OCCUPIED,OCCUPIED,0.8225251089442861
990.0,cctv3,C3_S007,G027,EMPTY,EMPTY,0.01
990.0,cctv3,C3_S008,G028,EMPTY,EMPTY,0.01
990.0,cctv3,C3_S009,G029,EMPTY,MANEUVERING,0.49
990.0,cctv3,C3_S010,G007,EMPTY,MANEUVERING,0.2771601148627021
990.0,cctv3,C3_S011,G008,OCCUPIED,LEAVING,0.7007852839339863
990.0,cctv3,C3_S012,G009,OCCUPIED,OCCUPIED,0.8192640312693337
991.0,cctv1,C1_S001,G001,OCCUPIED,OCCUPIED,0.7279214006255974
991.0,cctv1,C1_S002,G002,EMPTY,EMPTY,0.01
991.0,cctv1,C1_S003,G003,OCCUPIED,OCCUPIED,0.8367873115973039
991.0,cctv1,C1_S004,G004,OCCUPIED,OCCUPIED,0.7734853793274273
991.0,cctv1,C1_S005,G005,OCCUPIED,OCCUPIED,0.7462594393302094
991.0,cctv1,C1_S006,G006,EMPTY,MANEUVERING,0.49
991.0,cctv2,C2_S001,G007,OCCUPIED,LEAVING,0.7509397032586012
991.0,cctv2,C2_S002,G008,OCCUPIED,OCCUPIED,0.8164998563853177
991.0,cctv2,C2_S003,G009,OCCUPIED,LEAVING,0.51
991.0,cctv2,C2_S004,G010,OCCUPIED,OCCUPIED,0.7866146985780109
991.0,cctv2,C2_S005,G001,EMPTY,EMPTY,0.01
991.0,cctv2,C2_S006,G003,OCCUPIED,OCCUPIED,0.8170217224142768
991.0,cctv2,C2_S007,G004,OCCUPIED,OCCUPIED,0.789725641228936
991.0,cctv2,C2_S008,G006,OCCUPIED,OCCUPIED,0.7590034204450521
991.0,cctv2,C2_S009,G005,OCCUPIED,OCCUPIED,0.7931228312579068
991.0,cctv2,C2_S010,G002,EMPTY,EMPTY,0.01
991.0,cctv2,C2_S011,G017,OCCUPIED,OCCUPIED,0.8182471521876076
991.0,cctv2,C2_S012,G018,OCCUPIED,OCCUPIED,0.7885627827183768
991.0,cctv2,C2_S013,G019,EMPTY,EMPTY,0.01
991.0,cctv2,C2_S014,G020,EMPTY,EMPTY,0.01
991.0,cctv3,C3_S001,G021,EMPTY,EMPTY,0.01
991.0,cctv3,C3_S002,G019,EMPTY,EMPTY,0.01
991.0,cctv3,C3_S003,G020,OCCUPIED,OCCUPIED,0.8197370372035288
991.0,cctv3,C3_S004,G024,OCCUPIED,OCCUPIED,0.7014371752558333
991.0,cctv3,C3_S005,G025,OCCUPIED,OCCUPIED,0.8179168527776546
991.0,cctv3,C3_S006,G026,OCCUPIED,OCCUPIED,0.8222365950996227
991.0,cctv3,C3_S007,G027,EMPTY,EMPTY,0.01
991.0,cctv3,C3_S008,G028,EMPTY,EMPTY,0.01
991.0,cctv3,C3_S009,G029,EMPTY,MANEUVERING,0.49
991.0,cctv3,C3_S010,G007,EMPTY,MANEUVERING,0.2321601148627021
991.0,cctv3,C3_S011,G008,OCCUPIED,LEAVING,0.7458831765164029
991.0,cctv3,C3_S012,G009,OCCUPIED,OCCUPIED,0.818585386059501
992.0,cctv1,C1_S001,G001,OCCUPIED,OCCUPIED,0.72726092138751
992.0,cctv1,C1_S002,G002,EMPTY,EMPTY,0.01
992.0,cctv1,C1_S003,G003,OCCUPIED,OCCUPIED,0.8367686092853547
992.0,cctv1,C1_S004,G004,OCCUPIED,OCCUPIED,0.7733561082319781
992.0,cctv1,C1_S005,G005,OCCUPIED,OCCUPIED,0.7456512466073036
992.0,cctv1,C1_S006,G006,EMPTY,MANEUVERING,0.49
992.0,cctv2,C2_S001,G007,OCCUPIED,LEAVING,0.7535957501693206
992.0,cctv2,C2_S002,G008,OCCUPIED,OCCUPIED,0.8171161629936913
992.0,cctv2,C2_S003,G009,OCCUPIED,OCCUPIED,0.51
992.0,cctv2,C2_S004,G010,OCCUPIED,OCCUPIED,0.78538998731158
992.0,cctv2,C2_S005,G001,EMPTY,EMPTY,0.01
992.0,cctv2,C2_S006,G003,OCCUPIED,OCCUPIED,0.8168958374045112
992.0,cctv2,C2_S007,G004,OCCUPIED,OCCUPIED,0.7904983417554335
992.0,cctv2,C2_S008,G006,OCCUPIED,OCCUPIED,0.7580460880290378
992.0,cctv2,C2_S009,G005,OCCUPIED,OCCUPIED,0.793057165091688
992.0,cctv2,C2_S010,G002,EMPTY,EMPTY,0.01
992.0,cctv2,C2_S011,G017,OCCUPIED,OCCUPIED,0.8182600365443664
992.0,cctv2,C2_S012,G018,OCCUPIED,OCCUPIED,0.7887982465326787
992.0,cctv2,C2_S013,G019,EMPTY,EMPTY,0.01
992.0,cctv2,C2_S014,G020,EMPTY,EMPTY,0.01
992.0,cctv3,C3_S001,G021,EMPTY,EMPTY,0.01
992.0,cctv3,C3_S002,G019,EMPTY,EMPTY,0.01
992.0,cctv3,C3_S003,G020,OCCUPIED,OCCUPIED,0.8222766144709154
992.0,cctv3,C3_S004,G024,OCCUPIED,OCCUPIED,0.7460520944812081
992.0,cctv3,C3_S005,G025,OCCUPIED,OCCUPIED,0.8178212986751037
992.0,cctv3,C3_S006,G026,OCCUPIED,OCCUPIED,0.8221502011472529
992.0,cctv3,C3_S007,G027,EMPTY,EMPTY,0.01
992.0,cctv3,C3_S008,G028,EMPTY,EMPTY,0.01
992.0,cctv3,C3_S009,G029,EMPTY,MANEUVERING,0.4842606345547193
992.0,cctv3,C3_S010,G007,EMPTY,MANEUVERING,0.2321601148627021
992.0,cctv3,C3_S011,G008,OCCUPIED,LEAVING,0.7460672270167958
992.0,cctv3,C3_S012,G009,OCCUPIED,OCCUPIED,0.8174651744690808
993.0,cctv1,C1_S001,G001,OCCUPIED,OCCUPIED,0.7266904636878859
993.0,cctv1,C1_S002,G002,EMPTY,EMPTY,0.01
993.0,cctv1,C1_S003,G003,OCCUPIED,OCCUPIED,0.8368556908585809
993.0,cctv1,C1_S004,G004,OCCUPIED,OCCUPIED,0.7759145076979291
993.0,cctv1,C1_S005,G005,OCCUPIED,OCCUPIED,0.7473914313045416
993.0,cctv1,C1_S006,G006,EMPTY,MANEUVERING,0.49
993.0,cctv2,C2_S001,G007,OCCUPIED,LEAVING,0.7524272161451253
993.0,cctv2,C2_S002,G008,OCCUPIED,OCCUPIED,0.8185640681873669
993.0,cctv2,C2_S003,G009,OCCUPIED,LEAVING,0.51
993.0,cctv2,C2_S004,G010,OCCUPIED,OCCUPIED,0.784579923613505
993.0,cctv2,C2_S005,G001,EMPTY,EMPTY,0.01
993.0,cctv2,C2_S006,G003,OCCUPIED,OCCUPIED,0.8167889310555025
993.0,cctv2,C2_S007,G004,OCCUPIED,OCCUPIED,0.7891006662087008
993.0,cctv2,C2_S008,G006,OCCUPIED,OCCUPIED,0.7571354227987204
993.0,cctv2,C2_S009,G005,OCCUPIED,OCCUPIED,0.792915424975482
993.0,cctv2,C2_S010,G002,EMPTY,EMPTY,0.01
993.0,cctv2,C2_S011,G017,OCCUPIED,OCCUPIED,0.8186654304916209
993.0,cctv2,C2_S012,G018,OCCUPIED,OCCUPIED,0.7973401152274826
993.0,cctv2,C2_S013,G019,EMPTY,EMPTY,0.01
993.0,cctv2,C2_S014,G020,EMPTY,MANEUVERING,0.297790892232548
993.0,cctv3,C3_S001,G021,EMPTY,EMPTY,0.01
993.0,cctv3,C3_S002,G019,EMPTY,EMPTY,0.01
993.0,cctv3,C3_S003,G020,OCCUPIED,OCCUPIED,0.8211786700920626
993.0,cctv3,C3_S004,G024,OCCUPIED,OCCUPIED,0.7839101367105138
993.0,cctv3,C3_S005,G025,OCCUPIED,OCCUPIED,0.8181317147883502
993.0,cctv3,C3_S006,G026,OCCUPIED,OCCUPIED,0.8221478432416917
993.0,cctv3,C3_S007,G027,EMPTY,EMPTY,0.01
993.0,cctv3,C3_S008,G028,EMPTY,EMPTY,0.01
993.0,cctv3,C3_S009,G029,EMPTY,MANEUVERING,0.4392606345547193
993.0,cctv3,C3_S010,G007,EMPTY,MANEUVERING,0.1940195954929698
993.0,cctv3,C3_S011,G008,OCCUPIED,LEAVING,0.750674789141525
993.0,cctv3,C3_S012,G009,OCCUPIED,OCCUPIED,0.8173787447539244
994.0,cctv1,C1_S001,G001,OCCUPIED,OCCUPIED,0.7255126971751452
994.0,cctv1,C1_S002,G002,EMPTY,EMPTY,0.01
994.0,cctv1,C1_S003,G003,OCCUPIED,OCCUPIED,0.8369519317691977
994.0,cctv1,C1_S004,G004,OCCUPIED,OCCUPIED,0.7789813410152089
994.0,cctv1,C1_S005,G005,OCCUPIED,OCCUPIED,0.7475651661103423
994.0,cctv1,C1_S006,G006,EMPTY,MANEUVERING,0.49
994.0,cctv2,C2_S001,G007,OCCUPIED,LEAVING,0.7525394072586841
994.0,cctv2,C2_S002,G008,OCCUPIED,OCCUPIED,0.8176717541434548
994.0,cctv2,C2_S003,G009,OCCUPIED,LEAVING,0.51
994.0,cctv2,C2_S004,G010,OCCUPIED,OCCUPIED,0.782727219841697
994.0,cctv2,C2_S005,G001,EMPTY,EMPTY,0.01
994.0,cctv2,C2_S006,G003,OCCUPIED,OCCUPIED,0.8167631403966384
994.0,cctv2,C2_S007,G004,OCCUPIED,OCCUPIED,0.7887882766398517
994.0,cctv2,C2_S008,G006,OCCUPIED,OCCUPIED,0.7569882605563512
994.0,cctv2,C2_S009,G005,OCCUPIED,OCCUPIED,0.7921201573176818
994.0,cctv2,C2_S010,G002,EMPTY,EMPTY,0.01
994.0,cctv2,C2_S011,G017,OCCUPIED,OCCUPIED,0.8179456954652613
994.0,cctv2,C2_S012,G018,OCCUPIED,OCCUPIED,0.8004617895592343
994.0,cctv2,C2_S013,G019,EMPTY,MANEUVERING,0.1993016309629787
994.0,cctv2,C2_S014,G020,EMPTY,MANEUVERING,0.2377908922325481
994.0,cctv3,C3_S001,G021,EMPTY,EMPTY,0.01
994.0,cctv3,C3_S002,G019,EMPTY,EMPTY,0.01
994.0,cctv3,C3_S003,G020,OCCUPIED,OCCUPIED,0.8173137117515912
994.0,cctv3,C3_S004,G024,OCCUPIED,OCCUPIED,0.7863107298720967
994.0,cctv3,C3_S005,G025,OCCUPIED,OCCUPIED,0.8191905224865134
994.0,cctv3,C3_S006,G026,OCCUPIED,OCCUPIED,0.8223816140131518
994.0,cctv3,C3_S007,G027,EMPTY,EMPTY,0.01
994.0,cctv3,C3_S008,G028,EMPTY,EMPTY,0.01
994.0,cctv3,C3_S009,G029,EMPTY,MANEUVERING,0.3942606345547194
994.0,cctv3,C3_S010,G007,EMPTY,MANEUVERING,0.1940195954929698
994.0,cctv3,C3_S011,G008,OCCUPIED,LEAVING,0.7500990216840397
994.0,cctv3,C3_S012,G009,OCCUPIED,OCCUPIED,0.8171756503256885
995.0,cctv1,C1_S001,G001,OCCUPIED,OCCUPIED,0.7246356430717491
995.0,cctv1,C1_S002,G002,EMPTY,EMPTY,0.01
995.0,cctv1,C1_S003,G003,OCCUPIED,OCCUPIED,0.8368269985372371
995.0,cctv1,C1_S004,G004,OCCUPIED,OCCUPIED,0.7806940192526037
995.0,cctv1,C1_S005,G005,OCCUPIED,OCCUPIED,0.7469960647550496
995.0,cctv1,C1_S006,G006,EMPTY,MANEUVERING,0.49
995.0,cctv2,C2_S001,G007,OCCUPIED,LEAVING,0.7525127294388685
995.0,cctv2,C2_S002,G008,OCCUPIED,OCCUPIED,0.817377639358694
995.0,cctv2,C2_S003,G009,OCCUPIED,LEAVING,0.51
995.0,cctv2,C2_S004,G010,OCCUPIED,OCCUPIED,0.7846779498186979
995.0,cctv2,C2_S005,G001,EMPTY,EMPTY,0.01
995.0,cctv2,C2_S006,G003,OCCUPIED,OCCUPIED,0.8167946823618629
995.0,cctv2,C2_S007,G004,OCCUPIED,OCCUPIED,0.789331850680438
995.0,cctv2,C2_S008,G006,OCCUPIED,OCCUPIED,0.7564827332442458
995.0,cctv2,C2_S009,G005,OCCUPIED,OCCUPIED,0.7931090512058953
995.0,cctv2,C2_S010,G002,EMPTY,EMPTY,0.01
995.0,cctv2,C2_S011,G017,OCCUPIED,OCCUPIED,0.8183516762473367
995.0,cctv2,C2_S012,G018,OCCUPIED,LEAVING,0.8021362016146834
995.0,cctv2,C2_S013,G019,EMPTY,MANEUVERING,0.2958019932291724
995.0,cctv2,C2_S014,G020,EMPTY,MANEUVERING,0.2177908922325481
995.0,cctv3,C3_S001,G021,EMPTY,EMPTY,0.01
995.0,cctv3,C3_S002,G019,EMPTY,EMPTY,0.01
995.0,cctv3,C3_S003,G020,OCCUPIED,LEAVING,0.8169929146766663
995.0,cctv3,C3_S004,G024,OCCUPIED,OCCUPIED,0.7896347906101834
995.0,cctv3,C3_S005,G025,OCCUPIED,OCCUPIED,0.8222673486579549
995.0,cctv3,C3_S006,G026,OCCUPIED,OCCUPIED,0.8226007895036178
995.0,cctv3,C3_S007,G027,EMPTY,EMPTY,0.01
995.0,cctv3,C3_S008,G028,EMPTY,EMPTY,0.01
995.0,cctv3,C3_S009,G029,EMPTY,MANEUVERING,0.3492606345547193
995.0,cctv3,C3_S010,G007,EMPTY,MANEUVERING,0.1940195954929698
995.0,cctv3,C3_S011,G008,OCCUPIED,LEAVING,0.7501130111921918
995.0,cctv3,C3_S012,G009,OCCUPIED,OCCUPIED,0.8170301096005874
996.0,cctv1,C1_S001,G001,OCCUPIED,OCCUPIED,0.7257420455528932
996.0,cctv1,C1_S002,G002,EMPTY,EMPTY,0.01
996.0,cctv1,C1_S003,G003,OCCUPIED,OCCUPIED,0.8368199475786904
996.0,cctv1,C1_S004,G004,OCCUPIED,OCCUPIED,0.7818207079713996
996.0,cctv1,C1_S005,G005,OCCUPIED,OCCUPIED,0.748612159693783
996.0,cctv1,C1_S006,G006,EMPTY,MANEUVERING,0.49
996.0,cctv2,C2_S001,G007,OCCUPIED,LEAVING,0.7532116529616444
996.0,cctv2,C2_S002,G008,OCCUPIED,OCCUPIED,0.8174770810387352
996.0,cctv2,C2_S003,G009,OCCUPIED,OCCUPIED,0.51
996.0,cctv2,C2_S004,G010,OCCUPIED,OCCUPIED,0.7847983419895173
996.0,cctv2,C2_S005,G001,EMPTY,EMPTY,0.01
996.0,cctv2,C2_S006,G003,OCCUPIED,OCCUPIED,0.8169289383021269
996.0,cctv2,C2_S007,G004,OCCUPIED,OCCUPIED,0.7898734585805374
996.0,cctv2,C2_S008,G006,OCCUPIED,OCCUPIED,0.755036205730655
996.0,cctv2,C2_S009,G005,OCCUPIED,OCCUPIED,0.7944933384656907
996.0,cctv2,C2_S010,G002,EMPTY,EMPTY,0.01
996.0,cctv2,C2_S011,G017,OCCUPIED,OCCUPIED,0.8184729470448061
996.0,cctv2,C2_S012,G018,OCCUPIED,LEAVING,0.8068340594118293
996.0,cctv2,C2_S013,G019,EMPTY,MANEUVERING,0.3831675541671839
996.0,cctv2,C2_S014,G020,EMPTY,MANEUVERING,0.2077908922325481
996.0,cctv3,C3_S001,G021,EMPTY,EMPTY,0.01
996.0,cctv3,C3_S002,G019,EMPTY,EMPTY,0.01
996.0,cctv3,C3_S003,G020,OCCUPIED,LEAVING,0.8136210276321932
996.0,cctv3,C3_S004,G024,OCCUPIED,OCCUPIED,0.79109558690678
996.0,cctv3,C3_S005,G025,OCCUPIED,OCCUPIED,0.8234793625094674
996.0,cctv3,C3_S006,G026,OCCUPIED,OCCUPIED,0.8226510963656686
996.0,cctv3,C3_S007,G027,EMPTY,EMPTY,0.01
996.0,cctv3,C3_S008,G028,EMPTY,EMPTY,0.01
996.0,cctv3,C3_S009,G029,EMPTY,MANEUVERING,0.3129402776638215
996.0,cctv3,C3_S010,G007,EMPTY,MANEUVERING,0.3074564861438491
996.0,cctv3,C3_S011,G008,OCCUPIED,OCCUPIED,0.7505614354122769
996.0,cctv3,C3_S012,G009,OCCUPIED,OCCUPIED,0.8170370540835641
997.0,cctv1,C1_S001,G001,OCCUPIED,OCCUPIED,0.7254487077959559
997.0,cctv1,C1_S002,G002,EMPTY,EMPTY,0.01
997.0,cctv1,C1_S003,G003,OCCUPIED,OCCUPIED,0.8368625491857529
997.0,cctv1,C1_S004,G004,OCCUPIED,OCCUPIED,0.7806706559928982
997.0,cctv1,C1_S005,G005,OCCUPIED,OCCUPIED,0.74945938621055
997.0,cctv1,C1_S006,G006,EMPTY,MANEUVERING,0.49
997.0,cctv2,C2_S001,G007,OCCUPIED,LEAVING,0.7537893414497376
997.0,cctv2,C2_S002,G008,OCCUPIED,OCCUPIED,0.8169437172737989
997.0,cctv2,C2_S003,G009,OCCUPIED,OCCUPIED,0.51
997.0,cctv2,C2_S004,G010,OCCUPIED,OCCUPIED,0.7851778071035039
997.0,cctv2,C2_S005,G001,EMPTY,EMPTY,0.01
997.0,cctv2,C2_S006,G003,OCCUPIED,OCCUPIED,0.8174219835888257
997.0,cctv2,C2_S007,G004,OCCUPIED,OCCUPIED,0.7897829535332593
997.0,cctv2,C2_S008,G006,OCCUPIED,OCCUPIED,0.7528402507305146
997.0,cctv2,C2_S009,G005,OCCUPIED,OCCUPIED,0.7941984393379906
997.0,cctv2,C2_S010,G002,EMPTY,EMPTY,0.01
997.0,cctv2,C2_S011,G017,OCCUPIED,OCCUPIED,0.8182285742326216
997.0,cctv2,C2_S012,G018,OCCUPIED,LEAVING,0.8081094823100351
997.0,cctv2,C2_S013,G019,EMPTY,MANEUVERING,0.4876956119848923
997.0,cctv2,C2_S014,G020,EMPTY,MANEUVERING,0.1567908922325481
997.0,cctv3,C3_S001,G021,EMPTY,EMPTY,0.01
997.0,cctv3,C3_S002,G019,EMPTY,EMPTY,0.01
997.0,cctv3,C3_S003,G020,OCCUPIED,LEAVING,0.8109358673745937
997.0,cctv3,C3_S004,G024,OCCUPIED,OCCUPIED,0.7938897522200238
997.0,cctv3,C3_S005,G025,OCCUPIED,OCCUPIED,0.8243899001316591
997.0,cctv3,C3_S006,G026,OCCUPIED,OCCUPIED,0.8227110250429674
997.0,cctv3,C3_S007,G027,EMPTY,EMPTY,0.01
997.0,cctv3,C3_S008,G028,EMPTY,EMPTY,0.01
997.0,cctv3,C3_S009,G029,EMPTY,MANEUVERING,0.276119226846336
997.0,cctv3,C3_S010,G007,EMPTY,MANEUVERING,0.3074564861438491
997.0,cctv3,C3_S011,G008,OCCUPIED,OCCUPIED,0.750052777718414
997.0,cctv3,C3_S012,G009,OCCUPIED,OCCUPIED,0.816070919958028
998.0,cctv1,C1_S001,G001,OCCUPIED,OCCUPIED,0.7264724031429399
998.0,cctv1,C1_S002,G002,EMPTY,EMPTY,0.01
998.0,cctv1,C1_S003,G003,OCCUPIED,OCCUPIED,0.8368237644433976
998.0,cctv1,C1_S004,G004,OCCUPIED,OCCUPIED,0.7816482342102311
998.0,cctv1,C1_S005,G005,OCCUPIED,OCCUPIED,0.7495183586396955
998.0,cctv1,C1_S006,G006,EMPTY,MANEUVERING,0.49
998.0,cctv2,C2_S001,G007,OCCUPIED,LEAVING,0.7544996111230418
998.0,cctv2,C2_S002,G008,OCCUPIED,OCCUPIED,0.8162527964873748
998.0,cctv2,C2_S003,G009,OCCUPIED,OCCUPIED,0.51
998.0,cctv2,C2_S004,G010,OCCUPIED,OCCUPIED,0.785019081289118
998.0,cctv2,C2_S005,G001,EMPTY,EMPTY,0.01
998.0,cctv2,C2_S006,G003,OCCUPIED,OCCUPIED,0.818182038719004
998.0,cctv2,C2_S007,G004,OCCUPIED,OCCUPIED,0.7912576092915102
998.0,cctv2,C2_S008,G006,OCCUPIED,OCCUPIED,0.7529253007336097
998.0,cctv2,C2_S009,G005,OCCUPIED,OCCUPIED,0.7938126620921222
998.0,cctv2,C2_S010,G002,EMPTY,EMPTY,0.01
998.0,cctv2,C2_S011,G017,OCCUPIED,OCCUPIED,0.8182417934591121
998.0,cctv2,C2_S012,G018,OCCUPIED,LEAVING,0.8120516399090941
998.0,cctv2,C2_S013,G019,EMPTY,MANEUVERING,0.49
998.0,cctv2,C2_S014,G020,EMPTY,MANEUVERING,0.1527908922325481
998.0,cctv3,C3_S001,G021,EMPTY,EMPTY,0.01
998.0,cctv3,C3_S002,G019,EMPTY,EMPTY,0.01
998.0,cctv3,C3_S003,G020,OCCUPIED,LEAVING,0.8105910450220108
998.0,cctv3,C3_S004,G024,OCCUPIED,OCCUPIED,0.7954158254374157
998.0,cctv3,C3_S005,G025,OCCUPIED,OCCUPIED,0.8253961918028919
998.0,cctv3,C3_S006,G026,OCCUPIED,OCCUPIED,0.8227480305866762
998.0,cctv3,C3_S007,G027,EMPTY,EMPTY,0.01
998.0,cctv3,C3_S008,G028,EMPTY,EMPTY,0.01
998.0,cctv3,C3_S009,G029,EMPTY,MANEUVERING,0.276119226846336
998.0,cctv3,C3_S010,G007,EMPTY,MANEUVERING,0.2631661040674556
998.0,cctv3,C3_S011,G008,OCCUPIED,OCCUPIED,0.7872771241448143
998.0,cctv3,C3_S012,G009,OCCUPIED,OCCUPIED,0.8165703041986986
999.0,cctv1,C1_S001,G001,OCCUPIED,OCCUPIED,0.7265612498941747
999.0,cctv1,C1_S002,G002,EMPTY,EMPTY,0.01
999.0,cctv1,C1_S003,G003,OCCUPIED,OCCUPIED,0.8368076118555936
999.0,cctv1,C1_S004,G004,OCCUPIED,OCCUPIED,0.7829999757083981
999.0,cctv1,C1_S005,G005,OCCUPIED,OCCUPIED,0.7519681245765903
999.0,cctv1,C1_S006,G006,EMPTY,MANEUVERING,0.49
999.0,cctv2,C2_S001,G007,OCCUPIED,LEAVING,0.7533675266937777
999.0,cctv2,C2_S002,G008,OCCUPIED,OCCUPIED,0.8174848789518531
999.0,cctv2,C2_S003,G009,OCCUPIED,OCCUPIED,0.51
999.0,cctv2,C2_S004,G010,OCCUPIED,OCCUPIED,0.7876237947832455
999.0,cctv2,C2_S005,G001,EMPTY,EMPTY,0.01
999.0,cctv2,C2_S006,G003,OCCUPIED,OCCUPIED,0.818569626049562
999.0,cctv2,C2_S007,G004,OCCUPIED,OCCUPIED,0.7917379214005037
999.0,cctv2,C2_S008,G006,OCCUPIED,OCCUPIED,0.7537651231343097
999.0,cctv2,C2_S009,G005,OCCUPIED,OCCUPIED,0.7932357872074302
999.0,cctv2,C2_S010,G002,EMPTY,EMPTY,0.01
999.0,cctv2,C2_S011,G017,OCCUPIED,OCCUPIED,0.8184048652648926
999.0,cctv2,C2_S012,G018,OCCUPIED,LEAVING,0.8182967437939211
999.0,cctv2,C2_S013,G019,EMPTY,MANEUVERING,0.49
999.0,cctv2,C2_S014,G020,EMPTY,MANEUVERING,0.2005087655502093
999.0,cctv3,C3_S001,G021,EMPTY,EMPTY,0.01
999.0,cctv3,C3_S002,G019,EMPTY,EMPTY,0.01
999.0,cctv3,C3_S003,G020,OCCUPIED,LEAVING,0.8084287050095472
999.0,cctv3,C3_S004,G024,OCCUPIED,OCCUPIED,0.8302514241500335
999.0,cctv3,C3_S005,G025,OCCUPIED,OCCUPIED,0.827382828430696
999.0,cctv3,C3_S006,G026,OCCUPIED,OCCUPIED,0.8232212665406141
999.0,cctv3,C3_S007,G027,EMPTY,EMPTY,0.01
999.0,cctv3,C3_S008,G028,EMPTY,EMPTY,0.01
999.0,cctv3,C3_S009,G029,EMPTY,MANEUVERING,0.2398339372026649
999.0,cctv3,C3_S010,G007,EMPTY,MANEUVERING,0.2631661040674556
999.0,cctv3,C3_S011,G008,OCCUPIED,OCCUPIED,0.78836990730329
999.0,cctv3,C3_S012,G009,OCCUPIED,OCCUPIED,0.8170821566473354
1000.0,cctv1,C1_S001,G001,OCCUPIED,OCCUPIED,0.7255127705294978
1000.0,cctv1,C1_S002,G002,EMPTY,EMPTY,0.01
1000.0,cctv1,C1_S003,G003,OCCUPIED,OCCUPIED,0.8367900872772391
1000.0,cctv1,C1_S004,G004,OCCUPIED,OCCUPIED,0.7828969284892083
1000.0,cctv1,C1_S005,G005,OCCUPIED,OCCUPIED,0.7519377201118254
1000.0,cctv1,C1_S006,G006,EMPTY,MANEUVERING,0.45445966168464
1000.0,cctv2,C2_S001,G007,OCCUPIED,LEAVING,0.7523682754148137
1000.0,cctv2,C2_S002,G008,OCCUPIED,OCCUPIED,0.8150975292379207
1000.0,cctv2,C2_S003,G009,OCCUPIED,OCCUPIED,0.51
1000.0,cctv2,C2_S004,G010,OCCUPIED,OCCUPIED,0.788766450773586
1000.0,cctv2,C2_S005,G001,EMPTY,EMPTY,0.01
1000.0,cctv2,C2_S006,G003,OCCUPIED,OCCUPIED,0.8186231198635969
1000.0,cctv2,C2_S007,G004,OCCUPIED,OCCUPIED,0.7922156285155904
1000.0,cctv2,C2_S008,G006,OCCUPIED,OCCUPIED,0.7542223219167103
1000.0,cctv2,C2_S009,G005,OCCUPIED,OCCUPIED,0.79385204911232
1000.0,cctv2,C2_S010,G002,EMPTY,EMPTY,0.01
1000.0,cctv2,C2_S011,G017,OCCUPIED,OCCUPIED,0.8184545381502673
1000.0,cctv2,C2_S012,G018,OCCUPIED,LEAVING,0.818187049573118
1000.0,cctv2,C2_S013,G019,EMPTY,MANEUVERING,0.49
1000.0,cctv2,C2_S014,G020,EMPTY,MANEUVERING,0.3939335952970114
1000.0,cctv3,C3_S001,G021,EMPTY,EMPTY,0.01
1000.0,cctv3,C3_S002,G019,EMPTY,EMPTY,0.01
1000.0,cctv3,C3_S003,G020,OCCUPIED,LEAVING,0.8056074153293263
1000.0,cctv3,C3_S004,G024,OCCUPIED,OCCUPIED,0.8280997698957271
1000.0,cctv3,C3_S005,G025,OCCUPIED,OCCUPIED,0.8277796653184024
1000.0,cctv3,C3_S006,G026,OCCUPIED,OCCUPIED,0.8231995024464348
1000.0,cctv3,C3_S007,G027,EMPTY,EMPTY,0.01
1000.0,cctv3,C3_S008,G028,EMPTY,EMPTY,0.01
1000.0,cctv3,C3_S009,G029,EMPTY,MANEUVERING,0.2025921404852786
1000.0,cctv3,C3_S010,G007,EMPTY,MANEUVERING,0.2181661040674556
1000.0,cctv3,C3_S011,G008,OCCUPIED,OCCUPIED,0.7887798301198267
1000.0,cctv3,C3_S012,G009,OCCUPIED,OCCUPIED,0.8169696989384565
1001.0,cctv1,C1_S001,G001,OCCUPIED,OCCUPIED,0.7246249272403392
1001.0,cctv1,C1_S002,G002,EMPTY,EMPTY,0.01
1001.0,cctv1,C1_S003,G003,OCCUPIED,OCCUPIED,0.836825704574585
1001.0,cctv1,C1_S004,G004,OCCUPIED,OCCUPIED,0.7843381509184838
1001.0,cctv1,C1_S005,G005,OCCUPIED,OCCUPIED,0.7513517618856648
1001.0,cctv1,C1_S006,G006,EMPTY,MANEUVERING,0.4184994049167091
1001.0,cctv2,C2_S001,G007,OCCUPIED,LEAVING,0.750292011553591
1001.0,cctv2,C2_S002,G008,OCCUPIED,OCCUPIED,0.8167207265442069
1001.0,cctv2,C2_S003,G009,OCCUPIED,OCCUPIED,0.51
1001.0,cctv2,C2_S004,G010,OCCUPIED,OCCUPIED,0.7896167069673539
1001.0,cctv2,C2_S005,G001,EMPTY,EMPTY,0.01
1001.0,cctv2,C2_S006,G003,OCCUPIED,OCCUPIED,0.8185109490698035
1001.0,cctv2,C2_S007,G004,OCCUPIED,OCCUPIED,0.7915483176708222
1001.0,cctv2,C2_S008,G006,OCCUPIED,OCCUPIED,0.7519973246888682
1001.0,cctv2,C2_S009,G005,OCCUPIED,OCCUPIED,0.7922901524738832
1001.0,cctv2,C2_S010,G002,EMPTY,EMPTY,0.01
1001.0,cctv2,C2_S011,G017,OCCUPIED,OCCUPIED,0.8184321522712708
1001.0,cctv2,C2_S012,G018,OCCUPIED,LEAVING,0.8187450855970383
1001.0,cctv2,C2_S013,G019,EMPTY,MANEUVERING,0.49
1001.0,cctv2,C2_S014,G020,OCCUPIED,OCCUPIED,0.51
1001.0,cctv3,C3_S001,G021,EMPTY,EMPTY,0.01
1001.0,cctv3,C3_S002,G019,EMPTY,EMPTY,0.01
1001.0,cctv3,C3_S003,G020,OCCUPIED,LEAVING,0.8016155397350139
1001.0,cctv3,C3_S004,G024,OCCUPIED,OCCUPIED,0.8266293227672578
1001.0,cctv3,C3_S005,G025,OCCUPIED,OCCUPIED,0.8277363582090899
1001.0,cctv3,C3_S006,G026,OCCUPIED,OCCUPIED,0.8232673883438111
1001.0,cctv3,C3_S007,G027,EMPTY,EMPTY,0.01
1001.0,cctv3,C3_S008,G028,EMPTY,EMPTY,0.01
1001.0,cctv3,C3_S009,G029,EMPTY,MANEUVERING,0.1670387824218381
1001.0,cctv3,C3_S010,G007,EMPTY,MANEUVERING,0.2181661040674556
1001.0,cctv3,C3_S011,G008,OCCUPIED,OCCUPIED,0.7892761517654766
1001.0,cctv3,C3_S012,G009,OCCUPIED,OCCUPIED,0.8170330770991066
1002.0,cctv1,C1_S001,G001,OCCUPIED,OCCUPIED,0.7244929928332567
1002.0,cctv1,C1_S002,G002,EMPTY,EMPTY,0.01
1002.0,cctv1,C1_S003,G003,OCCUPIED,OCCUPIED,0.8368234856562182
1002.0,cctv1,C1_S004,G004,OCCUPIED,OCCUPIED,0.784555092860352
1002.0,cctv1,C1_S005,G005,OCCUPIED,OCCUPIED,0.7506034284152768
1002.0,cctv1,C1_S006,G006,EMPTY,MANEUVERING,0.4640100222622806
1002.0,cctv2,C2_S001,G007,OCCUPIED,LEAVING,0.7493977004831488
1002.0,cctv2,C2_S002,G008,OCCUPIED,OCCUPIED,0.8186409248547121
1002.0,cctv2,C2_S003,G009,OCCUPIED,OCCUPIED,0.51
1002.0,cctv2,C2_S004,G010,OCCUPIED,OCCUPIED,0.7933898862112653
1002.0,cctv2,C2_S005,G001,EMPTY,EMPTY,0.01
1002.0,cctv2,C2_S006,G003,OCCUPIED,OCCUPIED,0.8186948657035829
1002.0,cctv2,C2_S007,G004,OCCUPIED,OCCUPIED,0.7909314347939058
1002.0,cctv2,C2_S008,G006,OCCUPIED,OCCUPIED,0.7516163981773637
1002.0,cctv2,C2_S009,G005,OCCUPIED,OCCUPIED,0.7920351256023754
1002.0,cctv2,C2_S010,G002,EMPTY,EMPTY,0.01
1002.0,cctv2,C2_S011,G017,OCCUPIED,OCCUPIED,0.8187130250714043
1002.0,cctv2,C2_S012,G018,OCCUPIED,LEAVING,0.8189114126292143
1002.0,cctv2,C2_S013,G019,EMPTY,MANEUVERING,0.49
1002.0,cctv2,C2_S014,G020,OCCUPIED,LEAVING,0.5607054076546972
1002.0,cctv3,C3_S001,G021,EMPTY,EMPTY,0.01
1002.0,cctv3,C3_S002,G019,EMPTY,EMPTY,0.01
1002.0,cctv3,C3_S003,G020,OCCUPIED,LEAVING,0.7998947961763903
1002.0,cctv3,C3_S004,G024,OCCUPIED,OCCUPIED,0.8251877069473267
1002.0,cctv3,C3_S005,G025,OCCUPIED,OCCUPIED,0.8274904817342759
1002.0,cctv3,C3_S006,G026,OCCUPIED,OCCUPIED,0.8234604773196308
1002.0,cctv3,C3_S007,G027,EMPTY,EMPTY,0.01
1002.0,cctv3,C3_S008,G028,EMPTY,EMPTY,0.01
1002.0,cctv3,C3_S009,G029,EMPTY,EMPTY,0.01
1002.0,cctv3,C3_S010,G007,EMPTY,MANEUVERING,0.2181661040674556
1002.0,cctv3,C3_S011,G008,OCCUPIED,OCCUPIED,0.7883122845129534
1002.0,cctv3,C3_S012,G009,OCCUPIED,OCCUPIED,0.8175368170846593
1003.0,cctv1,C1_S001,G001,OCCUPIED,OCCUPIED,0.7248935855247758
1003.0,cctv1,C1_S002,G002,EMPTY,EMPTY,0.01
1003.0,cctv1,C1_S003,G003,OCCUPIED,OCCUPIED,0.8368826600638304
1003.0,cctv1,C1_S004,G004,OCCUPIED,OCCUPIED,0.7851411547173154
1003.0,cctv1,C1_S005,G005,OCCUPIED,OCCUPIED,0.7537393759597432
1003.0,cctv1,C1_S006,G006,EMPTY,MANEUVERING,0.3840370961481874
1003.0,cctv2,C2_S001,G007,OCCUPIED,LEAVING,0.7469469327818264
1003.0,cctv2,C2_S002,G008,OCCUPIED,OCCUPIED,0.8197834816845981
1003.0,cctv2,C2_S003,G009,OCCUPIED,OCCUPIED,0.51
1003.0,cctv2,C2_S004,G010,OCCUPIED,OCCUPIED,0.7949021595445547
1003.0,cctv2,C2_S005,G001,EMPTY,EMPTY,0.01
1003.0,cctv2,C2_S006,G003,OCCUPIED,OCCUPIED,0.8185160672122782
1003.0,cctv2,C2_S007,G004,OCCUPIED,OCCUPIED,0.7896315233273941
1003.0,cctv2,C2_S008,G006,OCCUPIED,OCCUPIED,0.7519494379108603
1003.0,cctv2,C2_S009,G005,OCCUPIED,OCCUPIED,0.7923781915144488
1003.0,cctv2,C2_S010,G002,EMPTY,EMPTY,0.01
1003.0,cctv2,C2_S011,G017,OCCUPIED,OCCUPIED,0.819069894606417
1003.0,cctv2,C2_S012,G018,OCCUPIED,LEAVING,0.8195386008782821
1003.0,cctv2,C2_S013,G019,EMPTY,MANEUVERING,0.49
1003.0,cctv2,C2_S014,G020,OCCUPIED,LEAVING,0.5985478563403541
1003.0,cctv3,C3_S001,G021,EMPTY,EMPTY,0.01
1003.0,cctv3,C3_S002,G019,EMPTY,EMPTY,0.01
1003.0,cctv3,C3_S003,G020,OCCUPIED,LEAVING,0.7975766661492262
1003.0,cctv3,C3_S004,G024,OCCUPIED,LEAVING,0.8241089436140928
1003.0,cctv3,C3_S005,G025,OCCUPIED,OCCUPIED,0.8274542670358311
1003.0,cctv3,C3_S006,G026,OCCUPIED,OCCUPIED,0.8234757187691603
1003.0,cctv3,C3_S007,G027,EMPTY,EMPTY,0.01
1003.0,cctv3,C3_S008,G028,EMPTY,EMPTY,0.01
1003.0,cctv3,C3_S009,G029,EMPTY,EMPTY,0.01
1003.0,cctv3,C3_S010,G007,EMPTY,MANEUVERING,0.2181661040674556
1003.0,cctv3,C3_S011,G008,OCCUPIED,OCCUPIED,0.7892084162343633
1003.0,cctv3,C3_S012,G009,OCCUPIED,OCCUPIED,0.819057384133339
1004.0,cctv1,C1_S001,G001,OCCUPIED,OCCUPIED,0.7255898254161532
1004.0,cctv1,C1_S002,G002,EMPTY,EMPTY,0.01
1004.0,cctv1,C1_S003,G003,OCCUPIED,OCCUPIED,0.8369126040827145
1004.0,cctv1,C1_S004,G004,OCCUPIED,OCCUPIED,0.7842325182123618
1004.0,cctv1,C1_S005,G005,OCCUPIED,OCCUPIED,0.7543087244033814
1004.0,cctv1,C1_S006,G006,EMPTY,MANEUVERING,0.4297342903370207
1004.0,cctv2,C2_S001,G007,OCCUPIED,LEAVING,0.7460213065147401
1004.0,cctv2,C2_S002,G008,OCCUPIED,OCCUPIED,0.8194675182754344
1004.0,cctv2,C2_S003,G009,OCCUPIED,OCCUPIED,0.51
1004.0,cctv2,C2_S004,G010,OCCUPIED,OCCUPIED,0.7947747814384374
1004.0,cctv2,C2_S005,G001,EMPTY,EMPTY,0.01
1004.0,cctv2,C2_S006,G003,OCCUPIED,OCCUPIED,0.8184249476952987
1004.0,cctv2,C2_S007,G004,OCCUPIED,OCCUPIED,0.7888252724300732
1004.0,cctv2,C2_S008,G006,OCCUPIED,OCCUPIED,0.751846978339282
1004.0,cctv2,C2_S009,G005,OCCUPIED,OCCUPIED,0.7930711320855401
1004.0,cctv2,C2_S010,G002,EMPTY,EMPTY,0.01
1004.0,cctv2,C2_S011,G017,OCCUPIED,OCCUPIED,0.8187799957665531
1004.0,cctv2,C2_S012,G018,OCCUPIED,LEAVING,0.8189416801387615
1004.0,cctv2,C2_S013,G019,EMPTY,MANEUVERING,0.49
1004.0,cctv2,C2_S014,G020,OCCUPIED,OCCUPIED,0.5973297013139183
1004.0,cctv3,C3_S001,G021,EMPTY,EMPTY,0.01
1004.0,cctv3,C3_S002,G019,EMPTY,EMPTY,0.01
1004.0,cctv3,C3_S003,G020,OCCUPIED,LEAVING,0.7955899766900323
1004.0,cctv3,C3_S004,G024,OCCUPIED,LEAVING,0.822480291670019
1004.0,cctv3,C3_S005,G025,OCCUPIED,OCCUPIED,0.8285318485715173
1004.0,cctv3,C3_S006,G026,OCCUPIED,OCCUPIED,0.8237905865365809
1004.0,cctv3,C3_S007,G027,EMPTY,EMPTY,0.01
1004.0,cctv3,C3_S008,G028,EMPTY,EMPTY,0.01
1004.0,cctv3,C3_S009,G029,EMPTY,EMPTY,0.01
1004.0,cctv3,C3_S010,G007,EMPTY,MANEUVERING,0.2181661040674556
1004.0,cctv3,C3_S011,G008,OCCUPIED,OCCUPIED,0.7900648203763095
1004.0,cctv3,C3_S012,G009,OCCUPIED,OCCUPIED,0.8188161430033771
1005.0,cctv1,C1_S001,G001,OCCUPIED,OCCUPIED,0.7265926454554905
1005.0,cctv1,C1_S002,G002,EMPTY,EMPTY,0.01
1005.0,cctv1,C1_S003,G003,OCCUPIED,OCCUPIED,0.8368587282570926
1005.0,cctv1,C1_S004,G004,OCCUPIED,OCCUPIED,0.7839247046546504
1005.0,cctv1,C1_S005,G005,OCCUPIED,OCCUPIED,0.7545937192710964
1005.0,cctv1,C1_S006,G006,EMPTY,MANEUVERING,0.4297342903370207
1005.0,cctv2,C2_S001,G007,OCCUPIED,LEAVING,0.7454401648857377
1005.0,cctv2,C2_S002,G008,OCCUPIED,OCCUPIED,0.8215743064880372
1005.0,cctv2,C2_S003,G009,OCCUPIED,OCCUPIED,0.51
1005.0,cctv2,C2_S004,G010,OCCUPIED,OCCUPIED,0.799224559285424
1005.0,cctv2,C2_S005,G001,EMPTY,EMPTY,0.01
1005.0,cctv2,C2_S006,G003,OCCUPIED,OCCUPIED,0.8185306072235108
1005.0,cctv2,C2_S007,G004,OCCUPIED,OCCUPIED,0.7891288846731187
1005.0,cctv2,C2_S008,G006,OCCUPIED,OCCUPIED,0.7516803794286468
1005.0,cctv2,C2_S009,G005,OCCUPIED,OCCUPIED,0.7933007950132545
1005.0,cctv2,C2_S010,G002,EMPTY,EMPTY,0.01
1005.0,cctv2,C2_S011,G017,OCCUPIED,OCCUPIED,0.8189842874353583
1005.0,cctv2,C2_S012,G018,OCCUPIED,OCCUPIED,0.8185091389851137
1005.0,cctv2,C2_S013,G019,EMPTY,MANEUVERING,0.49
1005.0,cctv2,C2_S014,G020,OCCUPIED,OCCUPIED,0.6358373284049623
1005.0,cctv3,C3_S001,G021,EMPTY,EMPTY,0.01
1005.0,cctv3,C3_S002,G019,EMPTY,EMPTY,0.01
1005.0,cctv3,C3_S003,G020,OCCUPIED,LEAVING,0.7965300373055719
1005.0,cctv3,C3_S004,G024,OCCUPIED,LEAVING,0.8215446542609822
1005.0,cctv3,C3_S005,G025,OCCUPIED,OCCUPIED,0.8286737179214305
1005.0,cctv3,C3_S006,G026,OCCUPIED,OCCUPIED,0.8239128001711586
1005.0,cctv3,C3_S007,G027,EMPTY,EMPTY,0.01
1005.0,cctv3,C3_S008,G028,EMPTY,EMPTY,0.01
1005.0,cctv3,C3_S009,G029,EMPTY,EMPTY,0.01
1005.0,cctv3,C3_S010,G007,EMPTY,MANEUVERING,0.2181661040674556
1005.0,cctv3,C3_S011,G008,OCCUPIED,OCCUPIED,0.7900568948550658
1005.0,cctv3,C3_S012,G009,OCCUPIED,OCCUPIED,0.8179834983565591
1006.0,cctv1,C1_S001,G001,OCCUPIED,OCCUPIED,0.728105617788705
1006.0,cctv1,C1_S002,G002,EMPTY,EMPTY,0.01
1006.0,cctv1,C1_S003,G003,OCCUPIED,OCCUPIED,0.8369840695099398
1006.0,cctv1,C1_S004,G004,OCCUPIED,OCCUPIED,0.7821117650378835
1006.0,cctv1,C1_S005,G005,OCCUPIED,OCCUPIED,0.7559018821878868
1006.0,cctv1,C1_S006,G006,EMPTY,MANEUVERING,0.3490590405701236
1006.0,cctv2,C2_S001,G007,OCCUPIED,LEAVING,0.745073009079153
1006.0,cctv2,C2_S002,G008,OCCUPIED,OCCUPIED,0.821791848269376
1006.0,cctv2,C2_S003,G009,OCCUPIED,OCCUPIED,0.5141927116906101
1006.0,cctv2,C2_S004,G010,OCCUPIED,OCCUPIED,0.799090614643964
1006.0,cctv2,C2_S005,G001,EMPTY,EMPTY,0.01
1006.0,cctv2,C2_S006,G003,OCCUPIED,OCCUPIED,0.8183016246015375
1006.0,cctv2,C2_S007,G004,OCCUPIED,OCCUPIED,0.7887632898309015
1006.0,cctv2,C2_S008,G006,OCCUPIED,OCCUPIED,0.7524434536695481
1006.0,cctv2,C2_S009,G005,OCCUPIED,OCCUPIED,0.7931371485645121
1006.0,cctv2,C2_S010,G002,EMPTY,EMPTY,0.01
1006.0,cctv2,C2_S011,G017,OCCUPIED,OCCUPIED,0.8190688436681575
1006.0,cctv2,C2_S012,G018,OCCUPIED,OCCUPIED,0.8182246777144346
1006.0,cctv2,C2_S013,G019,EMPTY,MANEUVERING,0.49
1006.0,cctv2,C2_S014,G020,OCCUPIED,OCCUPIED,0.6730604594488713
1006.0,cctv3,C3_S001,G021,EMPTY,EMPTY,0.01
1006.0,cctv3,C3_S002,G019,EMPTY,EMPTY,0.01
1006.0,cctv3,C3_S003,G020,OCCUPIED,LEAVING,0.7958961085839705
1006.0,cctv3,C3_S004,G024,OCCUPIED,LEAVING,0.8207824176008052
1006.0,cctv3,C3_S005,G025,OCCUPIED,OCCUPIED,0.8273214846849442
1006.0,cctv3,C3_S006,G026,OCCUPIED,OCCUPIED,0.8238013056191532
1006.0,cctv3,C3_S007,G027,EMPTY,EMPTY,0.01
1006.0,cctv3,C3_S008,G028,EMPTY,EMPTY,0.01
1006.0,cctv3,C3_S009,G029,EMPTY,MANEUVERING,0.2093759551610459
1006.0,cctv3,C3_S010,G007,EMPTY,MANEUVERING,0.2181661040674556
1006.0,cctv3,C3_S011,G008,OCCUPIED,OCCUPIED,0.7901392281055452
1006.0,cctv3,C3_S012,G009,OCCUPIED,OCCUPIED,0.8183036435734142
1007.0,cctv1,C1_S001,G001,OCCUPIED,OCCUPIED,0.7276330548253928
1007.0,cctv1,C1_S002,G002,EMPTY,EMPTY,0.01
1007.0,cctv1,C1_S003,G003,OCCUPIED,OCCUPIED,0.8371234874833715
1007.0,cctv1,C1_S004,G004,OCCUPIED,OCCUPIED,0.7804921049963345
1007.0,cctv1,C1_S005,G005,OCCUPIED,OCCUPIED,0.7564880318262361
1007.0,cctv1,C1_S006,G006,EMPTY,MANEUVERING,0.3139765604111281
1007.0,cctv2,C2_S001,G007,OCCUPIED,LEAVING,0.7440866669470614
1007.0,cctv2,C2_S002,G008,OCCUPIED,OCCUPIED,0.8211099949750034
1007.0,cctv2,C2_S003,G009,OCCUPIED,OCCUPIED,0.5527377818873176
1007.0,cctv2,C2_S004,G010,OCCUPIED,OCCUPIED,0.8007695108652115
1007.0,cctv2,C2_S005,G001,EMPTY,EMPTY,0.01
1007.0,cctv2,C2_S006,G003,OCCUPIED,OCCUPIED,0.8181412886489522
1007.0,cctv2,C2_S007,G004,OCCUPIED,OCCUPIED,0.7877606996081092
1007.0,cctv2,C2_S008,G006,OCCUPIED,OCCUPIED,0.7523682359944691
1007.0,cctv2,C2_S009,G005,OCCUPIED,OCCUPIED,0.7933226070620798
1007.0,cctv2,C2_S010,G002,EMPTY,EMPTY,0.01
1007.0,cctv2,C2_S011,G017,OCCUPIED,OCCUPIED,0.8191846321929586
1007.0,cctv2,C2_S012,G018,OCCUPIED,OCCUPIED,0.8180548613721674
1007.0,cctv2,C2_S013,G019,EMPTY,MANEUVERING,0.49
1007.0,cctv2,C2_S014,G020,OCCUPIED,OCCUPIED,0.7076224063156229
1007.0,cctv3,C3_S001,G021,EMPTY,EMPTY,0.01
1007.0,cctv3,C3_S002,G019,EMPTY,EMPTY,0.01
1007.0,cctv3,C3_S003,G020,OCCUPIED,LEAVING,0.7950357672843067
1007.0,cctv3,C3_S004,G024,OCCUPIED,LEAVING,0.8199945731596514
1007.0,cctv3,C3_S005,G025,OCCUPIED,OCCUPIED,0.8270011793483388
1007.0,cctv3,C3_S006,G026,OCCUPIED,OCCUPIED,0.8240237647836859
1007.0,cctv3,C3_S007,G027,EMPTY,EMPTY,0.01
1007.0,cctv3,C3_S008,G028,EMPTY,EMPTY,0.01
1007.0,cctv3,C3_S009,G029,EMPTY,MANEUVERING,0.2093759551610459
1007.0,cctv3,C3_S010,G007,EMPTY,EMPTY,0.01
1007.0,cctv3,C3_S011,G008,OCCUPIED,OCCUPIED,0.7890782949599353
1007.0,cctv3,C3_S012,G009,OCCUPIED,OCCUPIED,0.8187743964520369
1008.0,cctv1,C1_S001,G001,OCCUPIED,OCCUPIED,0.7282228453592822
1008.0,cctv1,C1_S002,G002,EMPTY,EMPTY,0.01
1008.0,cctv1,C1_S003,G003,OCCUPIED,OCCUPIED,0.8370716200633483
1008.0,cctv1,C1_S004,G004,OCCUPIED,OCCUPIED,0.7815748855471611
1008.0,cctv1,C1_S005,G005,OCCUPIED,OCCUPIED,0.7573204147544774
1008.0,cctv1,C1_S006,G006,EMPTY,MANEUVERING,0.2689765604111281
1008.0,cctv2,C2_S001,G007,OCCUPIED,LEAVING,0.743668845024976
1008.0,cctv2,C2_S002,G008,OCCUPIED,LEAVING,0.8201097244566138
1008.0,cctv2,C2_S003,G009,OCCUPIED,OCCUPIED,0.6329084241678092
1008.0,cctv2,C2_S004,G010,OCCUPIED,OCCUPIED,0.802420105717399
1008.0,cctv2,C2_S005,G001,EMPTY,EMPTY,0.01
1008.0,cctv2,C2_S006,G003,OCCUPIED,OCCUPIED,0.8179868226701563
1008.0,cctv2,C2_S007,G004,OCCUPIED,OCCUPIED,0.7881436824798584
1008.0,cctv2,C2_S008,G006,OCCUPIED,OCCUPIED,0.752955043993213
1008.0,cctv2,C2_S009,G005,OCCUPIED,OCCUPIED,0.79279556193135
1008.0,cctv2,C2_S010,G002,EMPTY,EMPTY,0.01
1008.0,cctv2,C2_S011,G017,OCCUPIED,OCCUPIED,0.8189930753274398
1008.0,cctv2,C2_S012,G018,OCCUPIED,OCCUPIED,0.8177141045982188
1008.0,cctv2,C2_S013,G019,EMPTY,MANEUVERING,0.49
1008.0,cctv2,C2_S014,G020,OCCUPIED,OCCUPIED,0.6626224063156229
1008.0,cctv3,C3_S001,G021,EMPTY,EMPTY,0.01
1008.0,cctv3,C3_S002,G019,EMPTY,EMPTY,0.01
1008.0,cctv3,C3_S003,G020,OCCUPIED,LEAVING,0.796089254455133
1008.0,cctv3,C3_S004,G024,OCCUPIED,OCCUPIED,0.8181586027145387
1008.0,cctv3,C3_S005,G025,OCCUPIED,OCCUPIED,0.8272023482756181
1008.0,cctv3,C3_S006,G026,OCCUPIED,OCCUPIED,0.8242979044264014
1008.0,cctv3,C3_S007,G027,EMPTY,EMPTY,0.01
1008.0,cctv3,C3_S008,G028,EMPTY,EMPTY,0.01
1008.0,cctv3,C3_S009,G029,EMPTY,MANEUVERING,0.2093759551610459
1008.0,cctv3,C3_S010,G007,EMPTY,EMPTY,0.01
1008.0,cctv3,C3_S011,G008,OCCUPIED,OCCUPIED,0.7888230218128726
1008.0,cctv3,C3_S012,G009,OCCUPIED,OCCUPIED,0.819432246414098
1009.0,cctv1,C1_S001,G001,OCCUPIED,OCCUPIED,0.7272028642621908
1009.0,cctv1,C1_S002,G002,EMPTY,EMPTY,0.01
1009.0,cctv1,C1_S003,G003,OCCUPIED,OCCUPIED,0.837084099650383
1009.0,cctv1,C1_S004,G004,OCCUPIED,OCCUPIED,0.7798894317312675
1009.0,cctv1,C1_S005,G005,OCCUPIED,OCCUPIED,0.7584318526766518
1009.0,cctv1,C1_S006,G006,EMPTY,MANEUVERING,0.2689765604111281
1009.0,cctv2,C2_S001,G007,OCCUPIED,LEAVING,0.7436185324733908
1009.0,cctv2,C2_S002,G008,OCCUPIED,LEAVING,0.8215095213868402
1009.0,cctv2,C2_S003,G009,OCCUPIED,OCCUPIED,0.6309947895732794
1009.0,cctv2,C2_S004,G010,OCCUPIED,OCCUPIED,0.8029107833450492
1009.0,cctv2,C2_S005,G001,EMPTY,EMPTY,0.01
1009.0,cctv2,C2_S006,G003,OCCUPIED,OCCUPIED,0.8177391515536743
1009.0,cctv2,C2_S007,G004,OCCUPIED,OCCUPIED,0.7874034204266289
1009.0,cctv2,C2_S008,G006,OCCUPIED,OCCUPIED,0.7535938608375463
1009.0,cctv2,C2_S009,G005,OCCUPIED,OCCUPIED,0.7928373686291955
1009.0,cctv2,C2_S010,G002,EMPTY,EMPTY,0.01
1009.0,cctv2,C2_S011,G017,OCCUPIED,OCCUPIED,0.8188388491218741
1009.0,cctv2,C2_S012,G018,OCCUPIED,OCCUPIED,0.8170030940662731
1009.0,cctv2,C2_S013,G019,EMPTY,MANEUVERING,0.49
1009.0,cctv2,C2_S014,G020,OCCUPIED,LEAVING,0.6822007931728254
1009.0,cctv3,C3_S001,G021,EMPTY,EMPTY,0.01
1009.0,cctv3,C3_S002,G019,EMPTY,EMPTY,0.01
1009.0,cctv3,C3_S003,G020,OCCUPIED,LEAVING,0.7964553182775325
1009.0,cctv3,C3_S004,G024,OCCUPIED,LEAVING,0.8196238357912411
1009.0,cctv3,C3_S005,G025,OCCUPIED,OCCUPIED,0.8271026066758417
1009.0,cctv3,C3_S006,G026,OCCUPIED,OCCUPIED,0.8245046547868036
1009.0,cctv3,C3_S007,G027,EMPTY,EMPTY,0.01
1009.0,cctv3,C3_S008,G028,EMPTY,EMPTY,0.01
1009.0,cctv3,C3_S009,G029,EMPTY,MANEUVERING,0.2093759551610459
1009.0,cctv3,C3_S010,G007,EMPTY,EMPTY,0.01
1009.0,cctv3,C3_S011,G008,OCCUPIED,OCCUPIED,0.787331799756397
1009.0,cctv3,C3_S012,G009,OCCUPIED,OCCUPIED,0.8193377229300413
1010.0,cctv1,C1_S001,G001,OCCUPIED,OCCUPIED,0.7269888298755343
1010.0,cctv1,C1_S002,G002,EMPTY,EMPTY,0.01
1010.0,cctv1,C1_S003,G003,OCCUPIED,OCCUPIED,0.8370853155851364
1010.0,cctv1,C1_S004,G004,OCCUPIED,OCCUPIED,0.778885310210965
1010.0,cctv1,C1_S005,G005,OCCUPIED,OCCUPIED,0.7569022567434744
1010.0,cctv1,C1_S006,G006,EMPTY,MANEUVERING,0.2339044091782786
1010.0,cctv2,C2_S001,G007,OCCUPIED,LEAVING,0.7447446424852718
1010.0,cctv2,C2_S002,G008,OCCUPIED,LEAVING,0.8202290217984807
1010.0,cctv2,C2_S003,G009,OCCUPIED,OCCUPIED,0.551485426247894
1010.0,cctv2,C2_S004,G010,OCCUPIED,OCCUPIED,0.8005190006711267
1010.0,cctv2,C2_S005,G001,EMPTY,EMPTY,0.01
1010.0,cctv2,C2_S006,G003,OCCUPIED,OCCUPIED,0.8175088083202189
1010.0,cctv2,C2_S007,G004,OCCUPIED,OCCUPIED,0.7866292007944802
1010.0,cctv2,C2_S008,G006,OCCUPIED,OCCUPIED,0.753035956485705
1010.0,cctv2,C2_S009,G005,OCCUPIED,OCCUPIED,0.7922112979672172
1010.0,cctv2,C2_S010,G002,EMPTY,EMPTY,0.01
1010.0,cctv2,C2_S011,G017,OCCUPIED,OCCUPIED,0.818060856515711
1010.0,cctv2,C2_S012,G018,OCCUPIED,OCCUPIED,0.8154667288064957
1010.0,cctv2,C2_S013,G019,EMPTY,MANEUVERING,0.49
1010.0,cctv2,C2_S014,G020,OCCUPIED,LEAVING,0.6053609805919908
1010.0,cctv3,C3_S001,G021,EMPTY,EMPTY,0.01
1010.0,cctv3,C3_S002,G019,EMPTY,EMPTY,0.01
1010.0,cctv3,C3_S003,G020,OCCUPIED,LEAVING,0.8002871529622512
1010.0,cctv3,C3_S004,G024,OCCUPIED,LEAVING,0.8214566347273914
1010.0,cctv3,C3_S005,G025,OCCUPIED,OCCUPIED,0.8267576957290823
1010.0,cctv3,C3_S006,G026,OCCUPIED,OCCUPIED,0.8245540196245368
1010.0,cctv3,C3_S007,G027,EMPTY,EMPTY,0.01
1010.0,cctv3,C3_S008,G028,EMPTY,EMPTY,0.01
1010.0,cctv3,C3_S009,G029,EMPTY,MANEUVERING,0.1643759551610459
1010.0,cctv3,C3_S010,G007,EMPTY,EMPTY,0.01
1010.0,cctv3,C3_S011,G008,OCCUPIED,OCCUPIED,0.7874921690333974
1010.0,cctv3,C3_S012,G009,OCCUPIED,OCCUPIED,0.8195801287889481
1011.0,cctv1,C1_S001,G001,OCCUPIED,OCCUPIED,0.7276793867349626
1011.0,cctv1,C1_S002,G002,EMPTY,EMPTY,0.01
1011.0,cctv1,C1_S003,G003,OCCUPIED,OCCUPIED,0.8371389191259038
1011.0,cctv1,C1_S004,G004,OCCUPIED,OCCUPIED,0.7786462758075108
1011.0,cctv1,C1_S005,G005,OCCUPIED,OCCUPIED,0.7595163490284573
1011.0,cctv1,C1_S006,G006,EMPTY,MANEUVERING,0.2339044091782786
1011.0,cctv2,C2_S001,G007,OCCUPIED,LEAVING,0.7449512258172036
1011.0,cctv2,C2_S002,G008,OCCUPIED,LEAVING,0.8204827116294341
1011.0,cctv2,C2_S003,G009,OCCUPIED,OCCUPIED,0.51
1011.0,cctv2,C2_S004,G010,OCCUPIED,OCCUPIED,0.8019133226438002
1011.0,cctv2,C2_S005,G001,EMPTY,EMPTY,0.01
1011.0,cctv2,C2_S006,G003,OCCUPIED,OCCUPIED,0.8177762733264403
1011.0,cctv2,C2_S007,G004,OCCUPIED,OCCUPIED,0.7853980245915326
1011.0,cctv2,C2_S008,G006,OCCUPIED,OCCUPIED,0.7515579634092071
1011.0,cctv2,C2_S009,G005,OCCUPIED,OCCUPIED,0.7906276860020378
1011.0,cctv2,C2_S010,G002,EMPTY,EMPTY,0.01
1011.0,cctv2,C2_S011,G017,OCCUPIED,OCCUPIED,0.8177875540473245
1011.0,cctv2,C2_S012,G018,OCCUPIED,LEAVING,0.8080965321172369
1011.0,cctv2,C2_S013,G019,EMPTY,MANEUVERING,0.49
1011.0,cctv2,C2_S014,G020,OCCUPIED,LEAVING,0.5223520274859937
1011.0,cctv3,C3_S001,G021,EMPTY,EMPTY,0.01
1011.0,cctv3,C3_S002,G019,EMPTY,EMPTY,0.01
1011.0,cctv3,C3_S003,G020,OCCUPIED,LEAVING,0.802865450761535
1011.0,cctv3,C3_S004,G024,OCCUPIED,LEAVING,0.8221381921659817
1011.0,cctv3,C3_S005,G025,OCCUPIED,OCCUPIED,0.8273101446303455
1011.0,cctv3,C3_S006,G026,OCCUPIED,OCCUPIED,0.8248884634538131
1011.0,cctv3,C3_S007,G027,EMPTY,EMPTY,0.01
1011.0,cctv3,C3_S008,G028,EMPTY,EMPTY,0.01
1011.0,cctv3,C3_S009,G029,EMPTY,MANEUVERING,0.1643759551610459
1011.0,cctv3,C3_S010,G007,EMPTY,EMPTY,0.01
1011.0,cctv3,C3_S011,G008,OCCUPIED,OCCUPIED,0.7887496552684091
1011.0,cctv3,C3_S012,G009,OCCUPIED,OCCUPIED,0.8210046475583858
1012.0,cctv1,C1_S001,G001,OCCUPIED,OCCUPIED,0.7281130023977974
1012.0,cctv1,C1_S002,G002,EMPTY,EMPTY,0.01
1012.0,cctv1,C1_S003,G003,OCCUPIED,OCCUPIED,0.8370365830984983
1012.0,cctv1,C1_S004,G004,OCCUPIED,OCCUPIED,0.7770647344264118
1012.0,cctv1,C1_S005,G005,OCCUPIED,LEAVING,0.7472758136283268
1012.0,cctv1,C1_S006,G006,EMPTY,MANEUVERING,0.3137796438011255
1012.0,cctv2,C2_S001,G007,OCCUPIED,LEAVING,0.7471269236369568
1012.0,cctv2,C2_S002,G008,OCCUPIED,LEAVING,0.8193729484623129
1012.0,cctv2,C2_S003,G009,OCCUPIED,OCCUPIED,0.51
1012.0,cctv2,C2_S004,G010,OCCUPIED,OCCUPIED,0.8002298057079316
1012.0,cctv2,C2_S005,G001,EMPTY,EMPTY,0.01
1012.0,cctv2,C2_S006,G003,OCCUPIED,OCCUPIED,0.8175674032081258
1012.0,cctv2,C2_S007,G004,OCCUPIED,OCCUPIED,0.7855488671497866
1012.0,cctv2,C2_S008,G006,OCCUPIED,OCCUPIED,0.7523557413708081
1012.0,cctv2,C2_S009,G005,OCCUPIED,OCCUPIED,0.7908311713825573
1012.0,cctv2,C2_S010,G002,EMPTY,EMPTY,0.01
1012.0,cctv2,C2_S011,G017,OCCUPIED,OCCUPIED,0.8179474697871643
1012.0,cctv2,C2_S012,G018,OCCUPIED,LEAVING,0.8076582396572287
1012.0,cctv2,C2_S013,G019,EMPTY,MANEUVERING,0.49
1012.0,cctv2,C2_S014,G020,OCCUPIED,LEAVING,0.51
1012.0,cctv3,C3_S001,G021,EMPTY,EMPTY,0.01
1012.0,cctv3,C3_S002,G019,EMPTY,EMPTY,0.01
1012.0,cctv3,C3_S003,G020,OCCUPIED,LEAVING,0.803765372525562
1012.0,cctv3,C3_S004,G024,OCCUPIED,LEAVING,0.8230103213678708
1012.0,cctv3,C3_S005,G025,OCCUPIED,OCCUPIED,0.8274770097299056
1012.0,cctv3,C3_S006,G026,OCCUPIED,OCCUPIED,0.8250348275358027
1012.0,cctv3,C3_S007,G027,EMPTY,EMPTY,0.01
1012.0,cctv3,C3_S008,G028,EMPTY,EMPTY,0.01
1012.0,cctv3,C3_S009,G029,EMPTY,MANEUVERING,0.1643759551610459
1012.0,cctv3,C3_S010,G007,EMPTY,EMPTY,0.01
1012.0,cctv3,C3_S011,G008,OCCUPIED,OCCUPIED,0.7890329225496813
1012.0,cctv3,C3_S012,G009,OCCUPIED,OCCUPIED,0.82142329974608
1013.0,cctv1,C1_S001,G001,OCCUPIED,OCCUPIED,0.7285127303817056
1013.0,cctv1,C1_S002,G002,EMPTY,EMPTY,0.01
1013.0,cctv1,C1_S003,G003,OCCUPIED,OCCUPIED,0.836969006061554
1013.0,cctv1,C1_S004,G004,OCCUPIED,OCCUPIED,0.7753104660998692
1013.0,cctv1,C1_S005,G005,OCCUPIED,LEAVING,0.7477570803598925
1013.0,cctv1,C1_S006,G006,EMPTY,MANEUVERING,0.2762916827879169
1013.0,cctv2,C2_S001,G007,OCCUPIED,LEAVING,0.7466613909060306
1013.0,cctv2,C2_S002,G008,OCCUPIED,LEAVING,0.8182734605940907
1013.0,cctv2,C2_S003,G009,OCCUPIED,OCCUPIED,0.5433318555642936
1013.0,cctv2,C2_S004,G010,OCCUPIED,OCCUPIED,0.802000653743744
1013.0,cctv2,C2_S005,G001,EMPTY,EMPTY,0.01
1013.0,cctv2,C2_S006,G003,OCCUPIED,OCCUPIED,0.8178330085494302
1013.0,cctv2,C2_S007,G004,OCCUPIED,OCCUPIED,0.786561201919209
1013.0,cctv2,C2_S008,G006,OCCUPIED,OCCUPIED,0.7523881383917549
1013.0,cctv2,C2_S009,G005,OCCUPIED,OCCUPIED,0.7891111105680466
1013.0,cctv2,C2_S010,G002,EMPTY,EMPTY,0.01
1013.0,cctv2,C2_S011,G017,OCCUPIED,OCCUPIED,0.8175167379054157
1013.0,cctv2,C2_S012,G018,OCCUPIED,LEAVING,0.807680216702548
1013.0,cctv2,C2_S013,G019,EMPTY,MANEUVERING,0.4751912994237689
1013.0,cctv2,C2_S014,G020,OCCUPIED,OCCUPIED,0.51
1013.0,cctv3,C3_S001,G021,EMPTY,EMPTY,0.01
1013.0,cctv3,C3_S002,G019,EMPTY,EMPTY,0.01
1013.0,cctv3,C3_S003,G020,OCCUPIED,LEAVING,0.8059601054950194
1013.0,cctv3,C3_S004,G024,OCCUPIED,LEAVING,0.8243759355761788
1013.0,cctv3,C3_S005,G025,OCCUPIED,OCCUPIED,0.8274732400070538
1013.0,cctv3,C3_S006,G026,OCCUPIED,OCCUPIED,0.8248516302217137
1013.0,cctv3,C3_S007,G027,EMPTY,EMPTY,0.01
1013.0,cctv3,C3_S008,G028,EMPTY,EMPTY,0.01
1013.0,cctv3,C3_S009,G029,EMPTY,MANEUVERING,0.1643759551610459
1013.0,cctv3,C3_S010,G007,EMPTY,EMPTY,0.01
1013.0,cctv3,C3_S011,G008,OCCUPIED,OCCUPIED,0.7901842908425765
1013.0,cctv3,C3_S012,G009,OCCUPIED,OCCUPIED,0.822162462906404
1014.0,cctv1,C1_S001,G001,OCCUPIED,OCCUPIED,0.7284458171914925
1014.0,cctv1,C1_S002,G002,EMPTY,EMPTY,0.01
1014.0,cctv1,C1_S003,G003,OCCUPIED,OCCUPIED,0.8368206482041967
1014.0,cctv1,C1_S004,G004,OCCUPIED,OCCUPIED,0.7752848477526145
1014.0,cctv1,C1_S005,G005,OCCUPIED,LEAVING,0.7462407203154131
1014.0,cctv1,C1_S006,G006,EMPTY,MANEUVERING,0.2762916827879169
1014.0,cctv2,C2_S001,G007,OCCUPIED,LEAVING,0.7467101315205749
1014.0,cctv2,C2_S002,G008,OCCUPIED,LEAVING,0.8172620816664263
1014.0,cctv2,C2_S003,G009,OCCUPIED,OCCUPIED,0.51
1014.0,cctv2,C2_S004,G010,OCCUPIED,OCCUPIED,0.8005962336605246
1014.0,cctv2,C2_S005,G001,EMPTY,EMPTY,0.01
1014.0,cctv2,C2_S006,G003,OCCUPIED,OCCUPIED,0.8184287889437243
1014.0,cctv2,C2_S007,G004,OCCUPIED,OCCUPIED,0.7871132184158672
1014.0,cctv2,C2_S008,G006,OCCUPIED,OCCUPIED,0.7525019363923507
1014.0,cctv2,C2_S009,G005,OCCUPIED,OCCUPIED,0.7872474052689293
1014.0,cctv2,C2_S010,G002,EMPTY,EMPTY,0.01
1014.0,cctv2,C2_S011,G017,OCCUPIED,OCCUPIED,0.8174128722060812
1014.0,cctv2,C2_S012,G018,OCCUPIED,LEAVING,0.807838925448331
1014.0,cctv2,C2_S013,G019,EMPTY,MANEUVERING,0.4367538853802464
1014.0,cctv2,C2_S014,G020,OCCUPIED,OCCUPIED,0.51
1014.0,cctv3,C3_S001,G021,EMPTY,EMPTY,0.01
1014.0,cctv3,C3_S002,G019,EMPTY,EMPTY,0.01
1014.0,cctv3,C3_S003,G020,OCCUPIED,LEAVING,0.8062220979820599
1014.0,cctv3,C3_S004,G024,OCCUPIED,OCCUPIED,0.8261600898070769
1014.0,cctv3,C3_S005,G025,OCCUPIED,OCCUPIED,0.8268902586265044
1014.0,cctv3,C3_S006,G026,OCCUPIED,OCCUPIED,0.8246528102592989
1014.0,cctv3,C3_S007,G027,EMPTY,EMPTY,0.01
1014.0,cctv3,C3_S008,G028,EMPTY,EMPTY,0.01
1014.0,cctv3,C3_S009,G029,EMPTY,MANEUVERING,0.2518534212677993
1014.0,cctv3,C3_S010,G007,EMPTY,EMPTY,0.01
1014.0,cctv3,C3_S011,G008,OCCUPIED,OCCUPIED,0.7913164081898603
1014.0,cctv3,C3_S012,G009,OCCUPIED,OCCUPIED,0.8224782409993086
1015.0,cctv1,C1_S001,G001,OCCUPIED,OCCUPIED,0.7278165173124184
1015.0,cctv1,C1_S002,G002,EMPTY,EMPTY,0.01
1015.0,cctv1,C1_S003,G003,OCCUPIED,OCCUPIED,0.8368035942316056
1015.0,cctv1,C1_S004,G004,OCCUPIED,OCCUPIED,0.7740636444904588
1015.0,cctv1,C1_S005,G005,OCCUPIED,LEAVING,0.7447978662089869
1015.0,cctv1,C1_S006,G006,EMPTY,MANEUVERING,0.1289846585013649
1015.0,cctv2,C2_S001,G007,OCCUPIED,LEAVING,0.7465524505485188
1015.0,cctv2,C2_S002,G008,OCCUPIED,LEAVING,0.8157096808606928
1015.0,cctv2,C2_S003,G009,OCCUPIED,OCCUPIED,0.5871775803257796
1015.0,cctv2,C2_S004,G010,OCCUPIED,OCCUPIED,0.799992926012386
1015.0,cctv2,C2_S005,G001,EMPTY,EMPTY,0.01
1015.0,cctv2,C2_S006,G003,OCCUPIED,OCCUPIED,0.8183202635158193
1015.0,cctv2,C2_S007,G004,OCCUPIED,OCCUPIED,0.787391458587213
1015.0,cctv2,C2_S008,G006,OCCUPIED,OCCUPIED,0.7530586069280452
1015.0,cctv2,C2_S009,G005,OCCUPIED,OCCUPIED,0.7863878101110459
1015.0,cctv2,C2_S010,G002,EMPTY,EMPTY,0.01
1015.0,cctv2,C2_S011,G017,OCCUPIED,OCCUPIED,0.8173998082225974
1015.0,cctv2,C2_S012,G018,OCCUPIED,LEAVING,0.8010147387331183
1015.0,cctv2,C2_S013,G019,EMPTY,MANEUVERING,0.3976409119096669
1015.0,cctv2,C2_S014,G020,OCCUPIED,OCCUPIED,0.51
1015.0,cctv3,C3_S001,G021,EMPTY,EMPTY,0.01
1015.0,cctv3,C3_S002,G019,EMPTY,EMPTY,0.01
1015.0,cctv3,C3_S003,G020,OCCUPIED,LEAVING,0.8066449563611638
1015.0,cctv3,C3_S004,G024,OCCUPIED,OCCUPIED,0.8227860553698106
1015.0,cctv3,C3_S005,G025,OCCUPIED,OCCUPIED,0.8243078716776588
1015.0,cctv3,C3_S006,G026,OCCUPIED,OCCUPIED,0.8245493850924752
1015.0,cctv3,C3_S007,G027,EMPTY,EMPTY,0.01
1015.0,cctv3,C3_S008,G028,EMPTY,EMPTY,0.01
1015.0,cctv3,C3_S009,G029,EMPTY,MANEUVERING,0.2518534212677993
1015.0,cctv3,C3_S010,G007,EMPTY,EMPTY,0.01
1015.0,cctv3,C3_S011,G008,OCCUPIED,OCCUPIED,0.7912705611098897
1015.0,cctv3,C3_S012,G009,OCCUPIED,OCCUPIED,0.8223868922753768
1016.0,cctv1,C1_S001,G001,OCCUPIED,OCCUPIED,0.7273155442693018
1016.0,cctv1,C1_S002,G002,EMPTY,EMPTY,0.01
1016.0,cctv1,C1_S003,G003,OCCUPIED,OCCUPIED,0.8368374339558862
1016.0,cctv1,C1_S004,G004,OCCUPIED,OCCUPIED,0.7733865939758041
1016.0,cctv1,C1_S005,G005,OCCUPIED,LEAVING,0.7319898168336262
1016.0,cctv1,C1_S006,G006,EMPTY,MANEUVERING,0.1779941585795446
1016.0,cctv2,C2_S001,G007,OCCUPIED,LEAVING,0.748064529218457
1016.0,cctv2,C2_S002,G008,OCCUPIED,LEAVING,0.814759360389276
1016.0,cctv2,C2_S003,G009,OCCUPIED,OCCUPIED,0.5886792371151122
1016.0,cctv2,C2_S004,G010,OCCUPIED,OCCUPIED,0.7994422156702389
1016.0,cctv2,C2_S005,G001,EMPTY,EMPTY,0.01
1016.0,cctv2,C2_S006,G003,OCCUPIED,OCCUPIED,0.8178563169457697
1016.0,cctv2,C2_S007,G004,OCCUPIED,OCCUPIED,0.7867622790011494
1016.0,cctv2,C2_S008,G006,OCCUPIED,OCCUPIED,0.7533024745908651
1016.0,cctv2,C2_S009,G005,OCCUPIED,OCCUPIED,0.7857820852236315
1016.0,cctv2,C2_S010,G002,EMPTY,EMPTY,0.01
1016.0,cctv2,C2_S011,G017,OCCUPIED,OCCUPIED,0.8134401679039002
1016.0,cctv2,C2_S012,G018,OCCUPIED,LEAVING,0.7963257171890953
1016.0,cctv2,C2_S013,G019,EMPTY,MANEUVERING,0.3569366502152248
1016.0,cctv2,C2_S014,G020,OCCUPIED,OCCUPIED,0.51
1016.0,cctv3,C3_S001,G021,EMPTY,EMPTY,0.01
1016.0,cctv3,C3_S002,G019,EMPTY,EMPTY,0.01
1016.0,cctv3,C3_S003,G020,OCCUPIED,LEAVING,0.806989109787074
1016.0,cctv3,C3_S004,G024,OCCUPIED,OCCUPIED,0.8215960445729169
1016.0,cctv3,C3_S005,G025,OCCUPIED,OCCUPIED,0.8218999502333728
1016.0,cctv3,C3_S006,G026,OCCUPIED,OCCUPIED,0.8239127010107041
1016.0,cctv3,C3_S007,G027,EMPTY,EMPTY,0.01
1016.0,cctv3,C3_S008,G028,EMPTY,EMPTY,0.01
1016.0,cctv3,C3_S009,G029,EMPTY,MANEUVERING,0.2518534212677993
1016.0,cctv3,C3_S010,G007,EMPTY,EMPTY,0.01
1016.0,cctv3,C3_S011,G008,OCCUPIED,OCCUPIED,0.792769852551547
1016.0,cctv3,C3_S012,G009,OCCUPIED,OCCUPIED,0.8233441799879074
1017.0,cctv1,C1_S001,G001,OCCUPIED,OCCUPIED,0.7255585457790983
1017.0,cctv1,C1_S002,G002,EMPTY,EMPTY,0.01
1017.0,cctv1,C1_S003,G003,OCCUPIED,OCCUPIED,0.8366934684189884
1017.0,cctv1,C1_S004,G004,OCCUPIED,OCCUPIED,0.7744145095348359
1017.0,cctv1,C1_S005,G005,OCCUPIED,LEAVING,0.7304588781703603
1017.0,cctv1,C1_S006,G006,EMPTY,MANEUVERING,0.1779941585795446
1017.0,cctv2,C2_S001,G007,OCCUPIED,LEAVING,0.7501427677544681
1017.0,cctv2,C2_S002,G008,OCCUPIED,LEAVING,0.8140783345157451
1017.0,cctv2,C2_S003,G009,OCCUPIED,OCCUPIED,0.5847044335779819
1017.0,cctv2,C2_S004,G010,OCCUPIED,OCCUPIED,0.798724775151773
1017.0,cctv2,C2_S005,G001,EMPTY,EMPTY,0.01
1017.0,cctv2,C2_S006,G003,OCCUPIED,OCCUPIED,0.8173931295221503
1017.0,cctv2,C2_S007,G004,OCCUPIED,OCCUPIED,0.7859737290577455
1017.0,cctv2,C2_S008,G006,OCCUPIED,OCCUPIED,0.7542746205221523
1017.0,cctv2,C2_S009,G005,OCCUPIED,OCCUPIED,0.785951533371752
1017.0,cctv2,C2_S010,G002,EMPTY,EMPTY,0.01
1017.0,cctv2,C2_S011,G017,OCCUPIED,OCCUPIED,0.8115206840363416
1017.0,cctv2,C2_S012,G018,OCCUPIED,LEAVING,0.7959858349778436
1017.0,cctv2,C2_S013,G019,EMPTY,MANEUVERING,0.3973313353346153
1017.0,cctv2,C2_S014,G020,OCCUPIED,OCCUPIED,0.51
1017.0,cctv3,C3_S001,G021,EMPTY,EMPTY,0.01
1017.0,cctv3,C3_S002,G019,EMPTY,EMPTY,0.01
1017.0,cctv3,C3_S003,G020,OCCUPIED,LEAVING,0.810136998241598
1017.0,cctv3,C3_S004,G024,OCCUPIED,OCCUPIED,0.8199816579168494
1017.0,cctv3,C3_S005,G025,OCCUPIED,OCCUPIED,0.8190049217505889
1017.0,cctv3,C3_S006,G026,OCCUPIED,OCCUPIED,0.8234352434223349
1017.0,cctv3,C3_S007,G027,EMPTY,EMPTY,0.01
1017.0,cctv3,C3_S008,G028,EMPTY,EMPTY,0.01
1017.0,cctv3,C3_S009,G029,EMPTY,MANEUVERING,0.22160361464728
1017.0,cctv3,C3_S010,G007,EMPTY,EMPTY,0.01
1017.0,cctv3,C3_S011,G008,OCCUPIED,OCCUPIED,0.7945910090749915
1017.0,cctv3,C3_S012,G009,OCCUPIED,OCCUPIED,0.8240258113904433
1018.0,cctv1,C1_S001,G001,OCCUPIED,OCCUPIED,0.7253619555045259
1018.0,cctv1,C1_S002,G002,EMPTY,EMPTY,0.01
1018.0,cctv1,C1_S003,G003,OCCUPIED,OCCUPIED,0.8366468686949123
1018.0,cctv1,C1_S004,G004,OCCUPIED,OCCUPIED,0.7744948534802958
1018.0,cctv1,C1_S005,G005,OCCUPIED,LEAVING,0.7285430727899075
1018.0,cctv1,C1_S006,G006,EMPTY,MANEUVERING,0.1779941585795446
1018.0,cctv2,C2_S001,G007,OCCUPIED,LEAVING,0.75287912203507
1018.0,cctv2,C2_S002,G008,OCCUPIED,LEAVING,0.8140725758942692
1018.0,cctv2,C2_S003,G009,OCCUPIED,OCCUPIED,0.6278983759609136
1018.0,cctv2,C2_S004,G010,OCCUPIED,OCCUPIED,0.7964399061419748
1018.0,cctv2,C2_S005,G001,EMPTY,EMPTY,0.01
1018.0,cctv2,C2_S006,G003,OCCUPIED,OCCUPIED,0.8170528839934956
1018.0,cctv2,C2_S007,G004,OCCUPIED,OCCUPIED,0.7853412755511024
1018.0,cctv2,C2_S008,G006,OCCUPIED,OCCUPIED,0.7539824430238118
1018.0,cctv2,C2_S009,G005,OCCUPIED,OCCUPIED,0.7863143265247345
1018.0,cctv2,C2_S010,G002,EMPTY,EMPTY,0.01
1018.0,cctv2,C2_S011,G017,OCCUPIED,OCCUPIED,0.8114324572411451
1018.0,cctv2,C2_S012,G018,OCCUPIED,LEAVING,0.7953885744918477
1018.0,cctv2,C2_S013,G019,OCCUPIED,OCCUPIED,0.51
1018.0,cctv2,C2_S014,G020,EMPTY,EMPTY,0.0797699112512848
1018.0,cctv3,C3_S001,G021,EMPTY,EMPTY,0.01
1018.0,cctv3,C3_S002,G019,EMPTY,EMPTY,0.01
1018.0,cctv3,C3_S003,G020,OCCUPIED,LEAVING,0.8111604901877317
1018.0,cctv3,C3_S004,G024,OCCUPIED,OCCUPIED,0.8193179014054213
1018.0,cctv3,C3_S005,G025,OCCUPIED,OCCUPIED,0.8157623513178393
1018.0,cctv3,C3_S006,G026,OCCUPIED,OCCUPIED,0.8209338665008545
1018.0,cctv3,C3_S007,G027,EMPTY,EMPTY,0.01
1018.0,cctv3,C3_S008,G028,EMPTY,EMPTY,0.01
1018.0,cctv3,C3_S009,G029,EMPTY,MANEUVERING,0.17660361464728
1018.0,cctv3,C3_S010,G007,EMPTY,EMPTY,0.01
1018.0,cctv3,C3_S011,G008,OCCUPIED,OCCUPIED,0.7962452086535368
1018.0,cctv3,C3_S012,G009,OCCUPIED,OCCUPIED,0.8240210061723536
1019.0,cctv1,C1_S001,G001,OCCUPIED,OCCUPIED,0.7242331949824637
1019.0,cctv1,C1_S002,G002,EMPTY,EMPTY,0.01
1019.0,cctv1,C1_S003,G003,OCCUPIED,OCCUPIED,0.8366316118023613
1019.0,cctv1,C1_S004,G004,OCCUPIED,OCCUPIED,0.773464252867482
1019.0,cctv1,C1_S005,G005,OCCUPIED,LEAVING,0.7160114323686471
1019.0,cctv1,C1_S006,G006,EMPTY,MANEUVERING,0.2686381360346621
1019.0,cctv2,C2_S001,G007,OCCUPIED,LEAVING,0.7529110435735096
1019.0,cctv2,C2_S002,G008,OCCUPIED,LEAVING,0.8160445473410867
1019.0,cctv2,C2_S003,G009,OCCUPIED,OCCUPIED,0.5470120125080083
1019.0,cctv2,C2_S004,G010,OCCUPIED,OCCUPIED,0.7936142095110634
1019.0,cctv2,C2_S005,G001,EMPTY,EMPTY,0.01
1019.0,cctv2,C2_S006,G003,OCCUPIED,OCCUPIED,0.8153344893997366
1019.0,cctv2,C2_S007,G004,OCCUPIED,OCCUPIED,0.7845458689061079
1019.0,cctv2,C2_S008,G006,OCCUPIED,OCCUPIED,0.7561524732546373
1019.0,cctv2,C2_S009,G005,OCCUPIED,OCCUPIED,0.7880826727910476
1019.0,cctv2,C2_S010,G002,EMPTY,EMPTY,0.01
1019.0,cctv2,C2_S011,G017,OCCUPIED,OCCUPIED,0.8113339559598403
1019.0,cctv2,C2_S012,G018,OCCUPIED,LEAVING,0.7936455312100325
1019.0,cctv2,C2_S013,G019,OCCUPIED,LEAVING,0.51
1019.0,cctv2,C2_S014,G020,EMPTY,MANEUVERING,0.0797699112512848
1019.0,cctv3,C3_S001,G021,EMPTY,EMPTY,0.01
1019.0,cctv3,C3_S002,G019,EMPTY,EMPTY,0.01
1019.0,cctv3,C3_S003,G020,OCCUPIED,LEAVING,0.8132286740974947
1019.0,cctv3,C3_S004,G024,OCCUPIED,OCCUPIED,0.8210593995722858
1019.0,cctv3,C3_S005,G025,OCCUPIED,OCCUPIED,0.8145533610473981
1019.0,cctv3,C3_S006,G026,OCCUPIED,OCCUPIED,0.8203049762682482
1019.0,cctv3,C3_S007,G027,EMPTY,EMPTY,0.01
1019.0,cctv3,C3_S008,G028,EMPTY,EMPTY,0.01
1019.0,cctv3,C3_S009,G029,EMPTY,MANEUVERING,0.17660361464728
1019.0,cctv3,C3_S010,G007,EMPTY,EMPTY,0.01
1019.0,cctv3,C3_S011,G008,OCCUPIED,OCCUPIED,0.7973541517149318
1019.0,cctv3,C3_S012,G009,OCCUPIED,OCCUPIED,0.8233883323994551
1020.0,cctv1,C1_S001,G001,OCCUPIED,OCCUPIED,0.7243100211701611
1020.0,cctv1,C1_S002,G002,EMPTY,EMPTY,0.01
1020.0,cctv1,C1_S003,G003,OCCUPIED,OCCUPIED,0.8366668170148677
1020.0,cctv1,C1_S004,G004,OCCUPIED,OCCUPIED,0.773526805639267
1020.0,cctv1,C1_S005,G005,OCCUPIED,LEAVING,0.7150206613405186
1020.0,cctv1,C1_S006,G006,EMPTY,MANEUVERING,0.223638136034662
1020.0,cctv2,C2_S001,G007,OCCUPIED,LEAVING,0.7542296427217398
1020.0,cctv2,C2_S002,G008,OCCUPIED,LEAVING,0.8150540937076916
1020.0,cctv2,C2_S003,G009,OCCUPIED,OCCUPIED,0.5476912359603039
1020.0,cctv2,C2_S004,G010,OCCUPIED,OCCUPIED,0.7934210303154859
1020.0,cctv2,C2_S005,G001,EMPTY,EMPTY,0.01
1020.0,cctv2,C2_S006,G003,OCCUPIED,OCCUPIED,0.8144313441081481
1020.0,cctv2,C2_S007,G004,OCCUPIED,OCCUPIED,0.7851044112985786
1020.0,cctv2,C2_S008,G006,OCCUPIED,OCCUPIED,0.7558729342438959
1020.0,cctv2,C2_S009,G005,OCCUPIED,OCCUPIED,0.7882269471883775
1020.0,cctv2,C2_S010,G002,EMPTY,EMPTY,0.01
1020.0,cctv2,C2_S011,G017,OCCUPIED,OCCUPIED,0.8112841473384338
1020.0,cctv2,C2_S012,G018,OCCUPIED,LEAVING,0.793047123876485
1020.0,cctv2,C2_S013,G019,OCCUPIED,OCCUPIED,0.5676970259709792
1020.0,cctv2,C2_S014,G020,EMPTY,EMPTY,0.01
1020.0,cctv3,C3_S001,G021,EMPTY,EMPTY,0.01
1020.0,cctv3,C3_S002,G019,EMPTY,EMPTY,0.01
1020.0,cctv3,C3_S003,G020,OCCUPIED,LEAVING,0.8141869712959637
1020.0,cctv3,C3_S004,G024,OCCUPIED,OCCUPIED,0.8207468498836865
1020.0,cctv3,C3_S005,G025,OCCUPIED,OCCUPIED,0.8144155727191406
1020.0,cctv3,C3_S006,G026,OCCUPIED,OCCUPIED,0.8202236297455702
1020.0,cctv3,C3_S007,G027,EMPTY,EMPTY,0.01
1020.0,cctv3,C3_S008,G028,EMPTY,EMPTY,0.01
1020.0,cctv3,C3_S009,G029,EMPTY,MANEUVERING,0.1166036146472801
1020.0,cctv3,C3_S010,G007,EMPTY,MANEUVERING,0.2385115570913661
1020.0,cctv3,C3_S011,G008,OCCUPIED,LEAVING,0.7929144849831409
1020.0,cctv3,C3_S012,G009,OCCUPIED,OCCUPIED,0.8242134156552229
1021.0,cctv1,C1_S001,G001,OCCUPIED,OCCUPIED,0.7243000207976862
1021.0,cctv1,C1_S002,G002,EMPTY,EMPTY,0.01
1021.0,cctv1,C1_S003,G003,OCCUPIED,OCCUPIED,0.836848439953544
1021.0,cctv1,C1_S004,G004,OCCUPIED,OCCUPIED,0.7719344009052624
1021.0,cctv1,C1_S005,G005,OCCUPIED,LEAVING,0.698836747432297
1021.0,cctv1,C1_S006,G006,EMPTY,MANEUVERING,0.3184415313018994
1021.0,cctv2,C2_S001,G007,OCCUPIED,LEAVING,0.755232521891594
1021.0,cctv2,C2_S002,G008,OCCUPIED,LEAVING,0.8150163111361591
1021.0,cctv2,C2_S003,G009,OCCUPIED,OCCUPIED,0.5842107948017391
1021.0,cctv2,C2_S004,G010,OCCUPIED,OCCUPIED,0.7962758419188587
1021.0,cctv2,C2_S005,G001,EMPTY,EMPTY,0.01
1021.0,cctv2,C2_S006,G003,OCCUPIED,OCCUPIED,0.8115099836479535
1021.0,cctv2,C2_S007,G004,OCCUPIED,OCCUPIED,0.786708216233687
1021.0,cctv2,C2_S008,G006,OCCUPIED,OCCUPIED,0.7572871293533933
1021.0,cctv2,C2_S009,G005,OCCUPIED,OCCUPIED,0.7886254194107923
1021.0,cctv2,C2_S010,G002,EMPTY,EMPTY,0.01
1021.0,cctv2,C2_S011,G017,OCCUPIED,OCCUPIED,0.8115542368455367
1021.0,cctv2,C2_S012,G018,OCCUPIED,LEAVING,0.7930136507207698
1021.0,cctv2,C2_S013,G019,OCCUPIED,LEAVING,0.6058378761464899
1021.0,cctv2,C2_S014,G020,EMPTY,EMPTY,0.01
1021.0,cctv3,C3_S001,G021,EMPTY,EMPTY,0.01
1021.0,cctv3,C3_S002,G019,EMPTY,EMPTY,0.01
1021.0,cctv3,C3_S003,G020,OCCUPIED,LEAVING,0.8123753414912658
1021.0,cctv3,C3_S004,G024,OCCUPIED,OCCUPIED,0.8199447832324289
1021.0,cctv3,C3_S005,G025,OCCUPIED,OCCUPIED,0.814598097042604
1021.0,cctv3,C3_S006,G026,OCCUPIED,OCCUPIED,0.8204544362696735
1021.0,cctv3,C3_S007,G027,EMPTY,EMPTY,0.01
1021.0,cctv3,C3_S008,G028,EMPTY,EMPTY,0.01
1021.0,cctv3,C3_S009,G029,EMPTY,MANEUVERING,0.1166036146472801
1021.0,cctv3,C3_S010,G007,EMPTY,MANEUVERING,0.2385115570913661
1021.0,cctv3,C3_S011,G008,OCCUPIED,LEAVING,0.7931473275477237
1021.0,cctv3,C3_S012,G009,OCCUPIED,OCCUPIED,0.8242615214803003
1022.0,cctv1,C1_S001,G001,OCCUPIED,OCCUPIED,0.7252075935629282
1022.0,cctv1,C1_S002,G002,EMPTY,EMPTY,0.01
1022.0,cctv1,C1_S003,G003,OCCUPIED,OCCUPIED,0.8368637464263223
1022.0,cctv1,C1_S004,G004,OCCUPIED,OCCUPIED,0.7710760537873615
1022.0,cctv1,C1_S005,G005,OCCUPIED,LEAVING,0.6962824651571837
1022.0,cctv1,C1_S006,G006,EMPTY,MANEUVERING,0.3184415313018994
1022.0,cctv2,C2_S001,G007,OCCUPIED,LEAVING,0.7538515534590592
1022.0,cctv2,C2_S002,G008,OCCUPIED,LEAVING,0.8144597186283632
1022.0,cctv2,C2_S003,G009,OCCUPIED,OCCUPIED,0.6213658133961938
1022.0,cctv2,C2_S004,G010,OCCUPIED,OCCUPIED,0.7952754429795525
1022.0,cctv2,C2_S005,G001,EMPTY,EMPTY,0.01
1022.0,cctv2,C2_S006,G003,OCCUPIED,OCCUPIED,0.8088334796103565
1022.0,cctv2,C2_S007,G004,OCCUPIED,OCCUPIED,0.7880846665664153
1022.0,cctv2,C2_S008,G006,OCCUPIED,OCCUPIED,0.7615613415837289
1022.0,cctv2,C2_S009,G005,OCCUPIED,OCCUPIED,0.7903645564209332
1022.0,cctv2,C2_S010,G002,EMPTY,EMPTY,0.01
1022.0,cctv2,C2_S011,G017,OCCUPIED,OCCUPIED,0.812338398532434
1022.0,cctv2,C2_S012,G018,OCCUPIED,LEAVING,0.8006116205995734
1022.0,cctv2,C2_S013,G019,OCCUPIED,LEAVING,0.6432684341614896
1022.0,cctv2,C2_S014,G020,EMPTY,EMPTY,0.01
1022.0,cctv3,C3_S001,G021,EMPTY,EMPTY,0.01
1022.0,cctv3,C3_S002,G019,EMPTY,EMPTY,0.01
1022.0,cctv3,C3_S003,G020,OCCUPIED,OCCUPIED,0.813752739537846
1022.0,cctv3,C3_S004,G024,OCCUPIED,OCCUPIED,0.8199784880334682
1022.0,cctv3,C3_S005,G025,OCCUPIED,OCCUPIED,0.8145735141905872
1022.0,cctv3,C3_S006,G026,OCCUPIED,OCCUPIED,0.8204106496139006
1022.0,cctv3,C3_S007,G027,EMPTY,EMPTY,0.01
1022.0,cctv3,C3_S008,G028,EMPTY,EMPTY,0.01
1022.0,cctv3,C3_S009,G029,EMPTY,MANEUVERING,0.1166036146472801
1022.0,cctv3,C3_S010,G007,EMPTY,MANEUVERING,0.2385115570913661
1022.0,cctv3,C3_S011,G008,OCCUPIED,LEAVING,0.7920820354060694
1022.0,cctv3,C3_S012,G009,OCCUPIED,OCCUPIED,0.823923767154867
1023.0,cctv1,C1_S001,G001,OCCUPIED,LEAVING,0.7233063803647053
1023.0,cctv1,C1_S002,G002,EMPTY,EMPTY,0.01
1023.0,cctv1,C1_S003,G003,OCCUPIED,OCCUPIED,0.8371346308426424
1023.0,cctv1,C1_S004,G004,OCCUPIED,OCCUPIED,0.7719307035207749
1023.0,cctv1,C1_S005,G005,OCCUPIED,LEAVING,0.7106373585164547
1023.0,cctv1,C1_S006,G006,EMPTY,MANEUVERING,0.2245029131445017
1023.0,cctv2,C2_S001,G007,OCCUPIED,LEAVING,0.7513807659122078
1023.0,cctv2,C2_S002,G008,OCCUPIED,LEAVING,0.8128559640862726
1023.0,cctv2,C2_S003,G009,OCCUPIED,OCCUPIED,0.6669117196717046
1023.0,cctv2,C2_S004,G010,OCCUPIED,OCCUPIED,0.796753689646721
1023.0,cctv2,C2_S005,G001,EMPTY,EMPTY,0.01
1023.0,cctv2,C2_S006,G003,OCCUPIED,OCCUPIED,0.8049860482866115
1023.0,cctv2,C2_S007,G004,OCCUPIED,OCCUPIED,0.7869175415147436
1023.0,cctv2,C2_S008,G006,OCCUPIED,OCCUPIED,0.7607931240038439
1023.0,cctv2,C2_S009,G005,OCCUPIED,OCCUPIED,0.7914555782621557
1023.0,cctv2,C2_S010,G002,EMPTY,EMPTY,0.01
1023.0,cctv2,C2_S011,G017,OCCUPIED,OCCUPIED,0.8127578602595763
1023.0,cctv2,C2_S012,G018,OCCUPIED,LEAVING,0.8006679372353988
1023.0,cctv2,C2_S013,G019,OCCUPIED,LEAVING,0.6803990467028185
1023.0,cctv2,C2_S014,G020,EMPTY,EMPTY,0.01
1023.0,cctv3,C3_S001,G021,EMPTY,EMPTY,0.01
1023.0,cctv3,C3_S002,G019,EMPTY,EMPTY,0.01
1023.0,cctv3,C3_S003,G020,OCCUPIED,OCCUPIED,0.8138256566091018
1023.0,cctv3,C3_S004,G024,OCCUPIED,OCCUPIED,0.819790908152407
1023.0,cctv3,C3_S005,G025,OCCUPIED,OCCUPIED,0.8145684358748524
1023.0,cctv3,C3_S006,G026,OCCUPIED,OCCUPIED,0.8205476796085185
1023.0,cctv3,C3_S007,G027,EMPTY,EMPTY,0.01
1023.0,cctv3,C3_S008,G028,EMPTY,EMPTY,0.01
1023.0,cctv3,C3_S009,G029,EMPTY,MANEUVERING,0.1166036146472801
1023.0,cctv3,C3_S010,G007,EMPTY,MANEUVERING,0.2385115570913661
1023.0,cctv3,C3_S011,G008,OCCUPIED,LEAVING,0.7923097582025962
1023.0,cctv3,C3_S012,G009,OCCUPIED,OCCUPIED,0.8242884996262464
1024.0,cctv1,C1_S001,G001,OCCUPIED,LEAVING,0.7316864261065018
1024.0,cctv1,C1_S002,G002,EMPTY,MANEUVERING,0.2171660417657006
1024.0,cctv1,C1_S003,G003,OCCUPIED,OCCUPIED,0.8372256552631205
1024.0,cctv1,C1_S004,G004,OCCUPIED,OCCUPIED,0.7711806375872006
1024.0,cctv1,C1_S005,G005,OCCUPIED,LEAVING,0.7099994113580748
1024.0,cctv1,C1_S006,G006,EMPTY,MANEUVERING,0.3049537513120607
1024.0,cctv2,C2_S001,G007,OCCUPIED,LEAVING,0.7500831733373079
1024.0,cctv2,C2_S002,G008,OCCUPIED,LEAVING,0.813219715519385
1024.0,cctv2,C2_S003,G009,OCCUPIED,OCCUPIED,0.5823773906667802
1024.0,cctv2,C2_S004,G010,OCCUPIED,OCCUPIED,0.795452457395467
1024.0,cctv2,C2_S005,G001,EMPTY,EMPTY,0.01
1024.0,cctv2,C2_S006,G003,OCCUPIED,OCCUPIED,0.8001877068118616
1024.0,cctv2,C2_S007,G004,OCCUPIED,OCCUPIED,0.7856135677207601
1024.0,cctv2,C2_S008,G006,OCCUPIED,OCCUPIED,0.7624326356432656
1024.0,cctv2,C2_S009,G005,OCCUPIED,OCCUPIED,0.7941604633222927
1024.0,cctv2,C2_S010,G002,EMPTY,EMPTY,0.01
1024.0,cctv2,C2_S011,G017,OCCUPIED,OCCUPIED,0.813871588219296
1024.0,cctv2,C2_S012,G018,OCCUPIED,LEAVING,0.8001651677218351
1024.0,cctv2,C2_S013,G019,OCCUPIED,LEAVING,0.7183230570432815
1024.0,cctv2,C2_S014,G020,EMPTY,EMPTY,0.01
1024.0,cctv3,C3_S001,G021,EMPTY,EMPTY,0.01
1024.0,cctv3,C3_S002,G019,EMPTY,EMPTY,0.01
1024.0,cctv3,C3_S003,G020,OCCUPIED,OCCUPIED,0.8131265396421606
1024.0,cctv3,C3_S004,G024,OCCUPIED,OCCUPIED,0.8191868754950438
1024.0,cctv3,C3_S005,G025,OCCUPIED,OCCUPIED,0.814536152644591
1024.0,cctv3,C3_S006,G026,OCCUPIED,OCCUPIED,0.8208198157223789
1024.0,cctv3,C3_S007,G027,EMPTY,MANEUVERING,0.2118053397129882
1024.0,cctv3,C3_S008,G028,EMPTY,EMPTY,0.01
1024.0,cctv3,C3_S009,G029,EMPTY,MANEUVERING,0.1166036146472801
1024.0,cctv3,C3_S010,G007,EMPTY,MANEUVERING,0.1935115570913661
1024.0,cctv3,C3_S011,G008,OCCUPIED,LEAVING,0.7929631841453639
1024.0,cctv3,C3_S012,G009,OCCUPIED,OCCUPIED,0.8244480691172861
1025.0,cctv1,C1_S001,G001,OCCUPIED,LEAVING,0.7402587332000787
1025.0,cctv1,C1_S002,G002,EMPTY,MANEUVERING,0.3024967909909107
1025.0,cctv1,C1_S003,G003,OCCUPIED,OCCUPIED,0.8374207185073332
1025.0,cctv1,C1_S004,G004,OCCUPIED,OCCUPIED,0.7718797179785643
1025.0,cctv1,C1_S005,G005,OCCUPIED,LEAVING,0.7101228417401965
1025.0,cctv1,C1_S006,G006,EMPTY,MANEUVERING,0.2599537513120608
1025.0,cctv2,C2_S001,G007,OCCUPIED,LEAVING,0.7506767315620726
1025.0,cctv2,C2_S002,G008,OCCUPIED,LEAVING,0.8121522971174935
1025.0,cctv2,C2_S003,G009,OCCUPIED,OCCUPIED,0.5373773906667803
1025.0,cctv2,C2_S004,G010,OCCUPIED,OCCUPIED,0.7964566179297188
1025.0,cctv2,C2_S005,G001,EMPTY,EMPTY,0.01
1025.0,cctv2,C2_S006,G003,OCCUPIED,OCCUPIED,0.7955139563842254
1025.0,cctv2,C2_S007,G004,OCCUPIED,OCCUPIED,0.7837100937962532
1025.0,cctv2,C2_S008,G006,OCCUPIED,OCCUPIED,0.7627011215144939
1025.0,cctv2,C2_S009,G005,OCCUPIED,OCCUPIED,0.796841783957048
1025.0,cctv2,C2_S010,G002,EMPTY,EMPTY,0.01
1025.0,cctv2,C2_S011,G017,OCCUPIED,OCCUPIED,0.8144122028892691
1025.0,cctv2,C2_S012,G018,OCCUPIED,LEAVING,0.7990269893949683
1025.0,cctv2,C2_S013,G019,OCCUPIED,LEAVING,0.7557528269110304
1025.0,cctv2,C2_S014,G020,EMPTY,EMPTY,0.01
1025.0,cctv3,C3_S001,G021,EMPTY,EMPTY,0.01
1025.0,cctv3,C3_S002,G019,EMPTY,EMPTY,0.01
1025.0,cctv3,C3_S003,G020,OCCUPIED,OCCUPIED,0.811755122108893
1025.0,cctv3,C3_S004,G024,OCCUPIED,OCCUPIED,0.8180594910274853
1025.0,cctv3,C3_S005,G025,OCCUPIED,OCCUPIED,0.8152301352132452
1025.0,cctv3,C3_S006,G026,OCCUPIED,OCCUPIED,0.8213600321249529
1025.0,cctv3,C3_S007,G027,EMPTY,MANEUVERING,0.2118053397129882
1025.0,cctv3,C3_S008,G028,EMPTY,EMPTY,0.01
1025.0,cctv3,C3_S009,G029,EMPTY,EMPTY,0.01
1025.0,cctv3,C3_S010,G007,EMPTY,MANEUVERING,0.3040905921093442
1025.0,cctv3,C3_S011,G008,OCCUPIED,LEAVING,0.7929114744067193
1025.0,cctv3,C3_S012,G009,OCCUPIED,OCCUPIED,0.8241561756892638
1026.0,cctv1,C1_S001,G001,OCCUPIED,LEAVING,0.7499618594111367
1026.0,cctv1,C1_S002,G002,EMPTY,MANEUVERING,0.3820630509677258
1026.0,cctv1,C1_S003,G003,OCCUPIED,OCCUPIED,0.8374199902469462
1026.0,cctv1,C1_S004,G004,OCCUPIED,OCCUPIED,0.7738593800501391
1026.0,cctv1,C1_S005,G005,OCCUPIED,LEAVING,0.7056857091323896
1026.0,cctv1,C1_S006,G006,EMPTY,MANEUVERING,0.3439804115349596
1026.0,cctv2,C2_S001,G007,OCCUPIED,LEAVING,0.751718234135346
1026.0,cctv2,C2_S002,G008,OCCUPIED,LEAVING,0.8144166122783315
1026.0,cctv2,C2_S003,G009,OCCUPIED,OCCUPIED,0.51
1026.0,cctv2,C2_S004,G010,OCCUPIED,OCCUPIED,0.7971967231143605
1026.0,cctv2,C2_S005,G001,EMPTY,EMPTY,0.01
1026.0,cctv2,C2_S006,G003,OCCUPIED,OCCUPIED,0.7914320455356079
1026.0,cctv2,C2_S007,G004,OCCUPIED,OCCUPIED,0.7830136663534425
1026.0,cctv2,C2_S008,G006,OCCUPIED,OCCUPIED,0.7627139554782347
1026.0,cctv2,C2_S009,G005,OCCUPIED,OCCUPIED,0.7988660243424504
1026.0,cctv2,C2_S010,G002,EMPTY,EMPTY,0.01
1026.0,cctv2,C2_S011,G017,OCCUPIED,OCCUPIED,0.8152939807284962
1026.0,cctv2,C2_S012,G018,OCCUPIED,OCCUPIED,0.8053862720727921
1026.0,cctv2,C2_S013,G019,OCCUPIED,LEAVING,0.7929484309662472
1026.0,cctv2,C2_S014,G020,EMPTY,EMPTY,0.01
1026.0,cctv3,C3_S001,G021,EMPTY,EMPTY,0.01
1026.0,cctv3,C3_S002,G019,EMPTY,EMPTY,0.01
1026.0,cctv3,C3_S003,G020,OCCUPIED,LEAVING,0.8108815315094862
1026.0,cctv3,C3_S004,G024,OCCUPIED,OCCUPIED,0.8225570126013323
1026.0,cctv3,C3_S005,G025,OCCUPIED,OCCUPIED,0.8177680169994181
1026.0,cctv3,C3_S006,G026,OCCUPIED,OCCUPIED,0.8214683998714795
1026.0,cctv3,C3_S007,G027,EMPTY,MANEUVERING,0.2975682917169549
1026.0,cctv3,C3_S008,G028,EMPTY,EMPTY,0.01
1026.0,cctv3,C3_S009,G029,EMPTY,EMPTY,0.01
1026.0,cctv3,C3_S010,G007,EMPTY,MANEUVERING,0.3040905921093442
1026.0,cctv3,C3_S011,G008,OCCUPIED,LEAVING,0.7924496736038815
1026.0,cctv3,C3_S012,G009,OCCUPIED,OCCUPIED,0.8244960538365624
1027.0,cctv1,C1_S001,G001,OCCUPIED,LEAVING,0.7591873492198913
1027.0,cctv1,C1_S002,G002,EMPTY,MANEUVERING,0.3820630509677258
1027.0,cctv1,C1_S003,G003,OCCUPIED,OCCUPIED,0.8375622586770491
1027.0,cctv1,C1_S004,G004,OCCUPIED,OCCUPIED,0.7742587113922293
1027.0,cctv1,C1_S005,G005,OCCUPIED,LEAVING,0.7195678805446987
1027.0,cctv1,C1_S006,G006,EMPTY,MANEUVERING,0.2922776300572988
1027.0,cctv2,C2_S001,G007,OCCUPIED,LEAVING,0.7524759809401903
1027.0,cctv2,C2_S002,G008,OCCUPIED,LEAVING,0.8132717650045049
1027.0,cctv2,C2_S003,G009,OCCUPIED,OCCUPIED,0.51
1027.0,cctv2,C2_S004,G010,OCCUPIED,OCCUPIED,0.796281787482175
1027.0,cctv2,C2_S005,G001,EMPTY,EMPTY,0.01
1027.0,cctv2,C2_S006,G003,OCCUPIED,OCCUPIED,0.7866523852402514
1027.0,cctv2,C2_S007,G004,OCCUPIED,OCCUPIED,0.7828255963596431
1027.0,cctv2,C2_S008,G006,OCCUPIED,OCCUPIED,0.7622243560173295
1027.0,cctv2,C2_S009,G005,OCCUPIED,OCCUPIED,0.8002694381908938
1027.0,cctv2,C2_S010,G002,EMPTY,EMPTY,0.01
1027.0,cctv2,C2_S011,G017,OCCUPIED,OCCUPIED,0.8201712543314155
1027.0,cctv2,C2_S012,G018,OCCUPIED,OCCUPIED,0.8105535550550982
1027.0,cctv2,C2_S013,G019,OCCUPIED,LEAVING,0.8300735408609564
1027.0,cctv2,C2_S014,G020,EMPTY,EMPTY,0.01
1027.0,cctv3,C3_S001,G021,EMPTY,EMPTY,0.01
1027.0,cctv3,C3_S002,G019,EMPTY,EMPTY,0.01
1027.0,cctv3,C3_S003,G020,OCCUPIED,LEAVING,0.8104093529961327
1027.0,cctv3,C3_S004,G024,OCCUPIED,OCCUPIED,0.8247089684009552
1027.0,cctv3,C3_S005,G025,OCCUPIED,OCCUPIED,0.8197291311892597
1027.0,cctv3,C3_S006,G026,OCCUPIED,OCCUPIED,0.8219462305307389
1027.0,cctv3,C3_S007,G027,EMPTY,MANEUVERING,0.3776735913279381
1027.0,cctv3,C3_S008,G028,EMPTY,EMPTY,0.01
1027.0,cctv3,C3_S009,G029,EMPTY,EMPTY,0.01
1027.0,cctv3,C3_S010,G007,EMPTY,MANEUVERING,0.3040905921093442
1027.0,cctv3,C3_S011,G008,OCCUPIED,LEAVING,0.7919082420793447
1027.0,cctv3,C3_S012,G009,OCCUPIED,OCCUPIED,0.8244359601627698
1028.0,cctv1,C1_S001,G001,OCCUPIED,LEAVING,0.7636868946423585
1028.0,cctv1,C1_S002,G002,EMPTY,MANEUVERING,0.3370630509677258
1028.0,cctv1,C1_S003,G003,OCCUPIED,OCCUPIED,0.8376947362314572
1028.0,cctv1,C1_S004,G004,OCCUPIED,OCCUPIED,0.7745494116436352
1028.0,cctv1,C1_S005,G005,OCCUPIED,LEAVING,0.7207999926760342
1028.0,cctv1,C1_S006,G006,EMPTY,MANEUVERING,0.3540172566783119
1028.0,cctv2,C2_S001,G007,OCCUPIED,LEAVING,0.7512609341605144
1028.0,cctv2,C2_S002,G008,OCCUPIED,LEAVING,0.813779006492008
1028.0,cctv2,C2_S003,G009,OCCUPIED,OCCUPIED,0.51
1028.0,cctv2,C2_S004,G010,OCCUPIED,OCCUPIED,0.7932460182092407
1028.0,cctv2,C2_S005,G001,EMPTY,EMPTY,0.01
1028.0,cctv2,C2_S006,G003,OCCUPIED,OCCUPIED,0.7824732487851924
1028.0,cctv2,C2_S007,G004,OCCUPIED,OCCUPIED,0.7819721662185409
1028.0,cctv2,C2_S008,G006,OCCUPIED,OCCUPIED,0.7607052434574475
1028.0,cctv2,C2_S009,G005,OCCUPIED,OCCUPIED,0.8016443239016967
1028.0,cctv2,C2_S010,G002,EMPTY,EMPTY,0.01
1028.0,cctv2,C2_S011,G017,OCCUPIED,OCCUPIED,0.8226314625956797
1028.0,cctv2,C2_S012,G018,OCCUPIED,OCCUPIED,0.8112705940550025
1028.0,cctv2,C2_S013,G019,OCCUPIED,OCCUPIED,0.8331256338141182
1028.0,cctv2,C2_S014,G020,EMPTY,EMPTY,0.01
1028.0,cctv3,C3_S001,G021,EMPTY,EMPTY,0.01
1028.0,cctv3,C3_S002,G019,EMPTY,EMPTY,0.01
1028.0,cctv3,C3_S003,G020,OCCUPIED,LEAVING,0.8097148721868342
1028.0,cctv3,C3_S004,G024,OCCUPIED,OCCUPIED,0.8268987490372225
1028.0,cctv3,C3_S005,G025,OCCUPIED,OCCUPIED,0.8236392424865203
1028.0,cctv3,C3_S006,G026,OCCUPIED,OCCUPIED,0.8225832161578266
1028.0,cctv3,C3_S007,G027,EMPTY,MANEUVERING,0.4133115883594887
1028.0,cctv3,C3_S008,G028,EMPTY,EMPTY,0.01
1028.0,cctv3,C3_S009,G029,EMPTY,EMPTY,0.01
1028.0,cctv3,C3_S010,G007,EMPTY,MANEUVERING,0.3040905921093442
1028.0,cctv3,C3_S011,G008,OCCUPIED,LEAVING,0.7908196683634412
1028.0,cctv3,C3_S012,G009,OCCUPIED,OCCUPIED,0.8241878704591231
1029.0,cctv1,C1_S001,G001,OCCUPIED,LEAVING,0.7667166693813422
1029.0,cctv1,C1_S002,G002,EMPTY,MANEUVERING,0.2620630509677258
1029.0,cctv1,C1_S003,G003,OCCUPIED,OCCUPIED,0.8377015067772433
1029.0,cctv1,C1_S004,G004,OCCUPIED,OCCUPIED,0.7745526075363159
1029.0,cctv1,C1_S005,G005,OCCUPIED,LEAVING,0.7224671971075464
1029.0,cctv1,C1_S006,G006,EMPTY,MANEUVERING,0.4410141567682678
1029.0,cctv2,C2_S001,G007,OCCUPIED,LEAVING,0.7486891793256457
1029.0,cctv2,C2_S002,G008,OCCUPIED,LEAVING,0.8129693020473827
1029.0,cctv2,C2_S003,G009,OCCUPIED,OCCUPIED,0.51
1029.0,cctv2,C2_S004,G010,OCCUPIED,OCCUPIED,0.7947683295065707
1029.0,cctv2,C2_S005,G001,EMPTY,EMPTY,0.01
1029.0,cctv2,C2_S006,G003,OCCUPIED,OCCUPIED,0.7784383664076979
1029.0,cctv2,C2_S007,G004,OCCUPIED,OCCUPIED,0.7813175962729888
1029.0,cctv2,C2_S008,G006,OCCUPIED,OCCUPIED,0.7642420306801797
1029.0,cctv2,C2_S009,G005,OCCUPIED,OCCUPIED,0.8019525251605295
1029.0,cctv2,C2_S010,G002,EMPTY,EMPTY,0.01
1029.0,cctv2,C2_S011,G017,OCCUPIED,OCCUPIED,0.8235809979113666
1029.0,cctv2,C2_S012,G018,OCCUPIED,OCCUPIED,0.8121169886805795
1029.0,cctv2,C2_S013,G019,OCCUPIED,OCCUPIED,0.833512825315649
1029.0,cctv2,C2_S014,G020,EMPTY,EMPTY,0.01
1029.0,cctv3,C3_S001,G021,EMPTY,EMPTY,0.01
1029.0,cctv3,C3_S002,G019,EMPTY,EMPTY,0.01
1029.0,cctv3,C3_S003,G020,OCCUPIED,LEAVING,0.8116556227207185
1029.0,cctv3,C3_S004,G024,OCCUPIED,OCCUPIED,0.8278465067798442
1029.0,cctv3,C3_S005,G025,OCCUPIED,OCCUPIED,0.827162480083379
1029.0,cctv3,C3_S006,G026,OCCUPIED,OCCUPIED,0.8250066968527707
1029.0,cctv3,C3_S007,G027,EMPTY,MANEUVERING,0.4133115883594887
1029.0,cctv3,C3_S008,G028,EMPTY,EMPTY,0.01
1029.0,cctv3,C3_S009,G029,EMPTY,EMPTY,0.01
1029.0,cctv3,C3_S010,G007,EMPTY,MANEUVERING,0.3402865214916792
1029.0,cctv3,C3_S011,G008,OCCUPIED,LEAVING,0.7901443718509241
1029.0,cctv3,C3_S012,G009,OCCUPIED,OCCUPIED,0.8239798017523506
1030.0,cctv1,C1_S001,G001,OCCUPIED,LEAVING,0.6902562784251165
1030.0,cctv1,C1_S002,G002,EMPTY,MANEUVERING,0.2170630509677258
1030.0,cctv1,C1_S003,G003,OCCUPIED,OCCUPIED,0.8376752195033161
1030.0,cctv1,C1_S004,G004,OCCUPIED,OCCUPIED,0.7744778718460691
1030.0,cctv1,C1_S005,G005,OCCUPIED,LEAVING,0.7362094567761277
1030.0,cctv1,C1_S006,G006,EMPTY,MANEUVERING,0.4550564181601459
1030.0,cctv2,C2_S001,G007,OCCUPIED,LEAVING,0.7474053216928787
1030.0,cctv2,C2_S002,G008,OCCUPIED,OCCUPIED,0.8126764292066748
1030.0,cctv2,C2_S003,G009,OCCUPIED,OCCUPIED,0.5448860617117448
1030.0,cctv2,C2_S004,G010,OCCUPIED,OCCUPIED,0.7963425114750863
1030.0,cctv2,C2_S005,G001,EMPTY,EMPTY,0.01
1030.0,cctv2,C2_S006,G003,OCCUPIED,OCCUPIED,0.7765623400157149
1030.0,cctv2,C2_S007,G004,OCCUPIED,OCCUPIED,0.7820591311563145
1030.0,cctv2,C2_S008,G006,OCCUPIED,OCCUPIED,0.7620437754826113
1030.0,cctv2,C2_S009,G005,OCCUPIED,OCCUPIED,0.8024100263010372
1030.0,cctv2,C2_S010,G002,EMPTY,EMPTY,0.01
1030.0,cctv2,C2_S011,G017,OCCUPIED,OCCUPIED,0.8243285604498604
1030.0,cctv2,C2_S012,G018,OCCUPIED,OCCUPIED,0.8130528008395976
1030.0,cctv2,C2_S013,G019,OCCUPIED,OCCUPIED,0.8335691899061204
1030.0,cctv2,C2_S014,G020,EMPTY,EMPTY,0.01
1030.0,cctv3,C3_S001,G021,EMPTY,EMPTY,0.01
1030.0,cctv3,C3_S002,G019,EMPTY,EMPTY,0.01
1030.0,cctv3,C3_S003,G020,OCCUPIED,LEAVING,0.8078438769687306
1030.0,cctv3,C3_S004,G024,OCCUPIED,OCCUPIED,0.8276828822764484
1030.0,cctv3,C3_S005,G025,OCCUPIED,OCCUPIED,0.8281008915467696
1030.0,cctv3,C3_S006,G026,OCCUPIED,OCCUPIED,0.8253666306083853
1030.0,cctv3,C3_S007,G027,EMPTY,MANEUVERING,0.4492379329556769
1030.0,cctv3,C3_S008,G028,EMPTY,EMPTY,0.01
1030.0,cctv3,C3_S009,G029,EMPTY,EMPTY,0.01
1030.0,cctv3,C3_S010,G007,EMPTY,MANEUVERING,0.3402865214916792
1030.0,cctv3,C3_S011,G008,OCCUPIED,LEAVING,0.79023154608228
1030.0,cctv3,C3_S012,G009,OCCUPIED,OCCUPIED,0.8241398410363632
1031.0,cctv1,C1_S001,G001,OCCUPIED,LEAVING,0.6908075877126645
1031.0,cctv1,C1_S002,G002,EMPTY,MANEUVERING,0.2170630509677258
1031.0,cctv1,C1_S003,G003,OCCUPIED,OCCUPIED,0.8377086845311252
1031.0,cctv1,C1_S004,G004,OCCUPIED,OCCUPIED,0.7755581156774001
1031.0,cctv1,C1_S005,G005,OCCUPIED,LEAVING,0.73668199324066
1031.0,cctv1,C1_S006,G006,EMPTY,MANEUVERING,0.49
1031.0,cctv2,C2_S001,G007,OCCUPIED,LEAVING,0.7457259321077304
1031.0,cctv2,C2_S002,G008,OCCUPIED,OCCUPIED,0.813606670498848
1031.0,cctv2,C2_S003,G009,OCCUPIED,OCCUPIED,0.51
1031.0,cctv2,C2_S004,G010,OCCUPIED,OCCUPIED,0.7953905361619863
1031.0,cctv2,C2_S005,G001,EMPTY,EMPTY,0.01
1031.0,cctv2,C2_S006,G003,OCCUPIED,OCCUPIED,0.7740169992501086
1031.0,cctv2,C2_S007,G004,OCCUPIED,OCCUPIED,0.7829986333847047
1031.0,cctv2,C2_S008,G006,OCCUPIED,OCCUPIED,0.764909557320855
1031.0,cctv2,C2_S009,G005,OCCUPIED,OCCUPIED,0.8050351188941436
1031.0,cctv2,C2_S010,G002,EMPTY,EMPTY,0.01
1031.0,cctv2,C2_S011,G017,OCCUPIED,OCCUPIED,0.8253212256865068
1031.0,cctv2,C2_S012,G018,OCCUPIED,OCCUPIED,0.8145322219891982
1031.0,cctv2,C2_S013,G019,OCCUPIED,OCCUPIED,0.8335549758239227
1031.0,cctv2,C2_S014,G020,EMPTY,EMPTY,0.01
1031.0,cctv3,C3_S001,G021,EMPTY,EMPTY,0.01
1031.0,cctv3,C3_S002,G019,EMPTY,EMPTY,0.01
1031.0,cctv3,C3_S003,G020,OCCUPIED,LEAVING,0.8068207792260431
1031.0,cctv3,C3_S004,G024,OCCUPIED,OCCUPIED,0.8278865253383464
1031.0,cctv3,C3_S005,G025,OCCUPIED,OCCUPIED,0.8280743189833382
1031.0,cctv3,C3_S006,G026,OCCUPIED,OCCUPIED,0.8254330770535903
1031.0,cctv3,C3_S007,G027,EMPTY,MANEUVERING,0.4851850797777826
1031.0,cctv3,C3_S008,G028,EMPTY,EMPTY,0.01
1031.0,cctv3,C3_S009,G029,EMPTY,MANEUVERING,0.1453321936320174
1031.0,cctv3,C3_S010,G007,EMPTY,MANEUVERING,0.2484467309645631
1031.0,cctv3,C3_S011,G008,OCCUPIED,LEAVING,0.7960100829601289
1031.0,cctv3,C3_S012,G009,OCCUPIED,OCCUPIED,0.8237233598123898
1032.0,cctv1,C1_S001,G001,OCCUPIED,LEAVING,0.691626168623228
1032.0,cctv1,C1_S002,G002,EMPTY,MANEUVERING,0.2170630509677258
1032.0,cctv1,C1_S003,G003,OCCUPIED,OCCUPIED,0.8376547339287672
1032.0,cctv1,C1_S004,G004,OCCUPIED,OCCUPIED,0.7773223394697364
1032.0,cctv1,C1_S005,G005,OCCUPIED,LEAVING,0.749208350750533
1032.0,cctv1,C1_S006,G006,EMPTY,MANEUVERING,0.49
1032.0,cctv2,C2_S001,G007,OCCUPIED,LEAVING,0.7452083515172656
1032.0,cctv2,C2_S002,G008,OCCUPIED,OCCUPIED,0.8126113352450458
1032.0,cctv2,C2_S003,G009,OCCUPIED,OCCUPIED,0.51
1032.0,cctv2,C2_S004,G010,OCCUPIED,OCCUPIED,0.7940560965375467
1032.0,cctv2,C2_S005,G001,EMPTY,EMPTY,0.01
1032.0,cctv2,C2_S006,G003,OCCUPIED,OCCUPIED,0.7750036043199626
1032.0,cctv2,C2_S007,G004,OCCUPIED,OCCUPIED,0.7840586456385527
1032.0,cctv2,C2_S008,G006,OCCUPIED,OCCUPIED,0.7676745510914109
1032.0,cctv2,C2_S009,G005,OCCUPIED,OCCUPIED,0.8066035081039776
1032.0,cctv2,C2_S010,G002,EMPTY,EMPTY,0.01
1032.0,cctv2,C2_S011,G017,OCCUPIED,OCCUPIED,0.8258879748257725
1032.0,cctv2,C2_S012,G018,OCCUPIED,OCCUPIED,0.8153272449970246
1032.0,cctv2,C2_S013,G019,OCCUPIED,OCCUPIED,0.8340853241356937
1032.0,cctv2,C2_S014,G020,EMPTY,EMPTY,0.01
1032.0,cctv3,C3_S001,G021,EMPTY,EMPTY,0.01
1032.0,cctv3,C3_S002,G019,EMPTY,EMPTY,0.01
1032.0,cctv3,C3_S003,G020,OCCUPIED,LEAVING,0.8058487938209014
1032.0,cctv3,C3_S004,G024,OCCUPIED,OCCUPIED,0.8282192273573443
1032.0,cctv3,C3_S005,G025,OCCUPIED,OCCUPIED,0.8282638414339587
1032.0,cctv3,C3_S006,G026,OCCUPIED,OCCUPIED,0.8252286187627099
1032.0,cctv3,C3_S007,G027,EMPTY,MANEUVERING,0.49
1032.0,cctv3,C3_S008,G028,EMPTY,EMPTY,0.01
1032.0,cctv3,C3_S009,G029,EMPTY,MANEUVERING,0.1453321936320174
1032.0,cctv3,C3_S010,G007,EMPTY,MANEUVERING,0.2484467309645631
1032.0,cctv3,C3_S011,G008,OCCUPIED,LEAVING,0.7959939758885991
1032.0,cctv3,C3_S012,G009,OCCUPIED,OCCUPIED,0.8235865102572875
1033.0,cctv1,C1_S001,G001,OCCUPIED,LEAVING,0.6909584615227173
1033.0,cctv1,C1_S002,G002,EMPTY,MANEUVERING,0.2170630509677258
1033.0,cctv1,C1_S003,G003,OCCUPIED,OCCUPIED,0.8374865244735372
1033.0,cctv1,C1_S004,G004,OCCUPIED,OCCUPIED,0.7789430793036115
1033.0,cctv1,C1_S005,G005,OCCUPIED,LEAVING,0.7483888123523106
1033.0,cctv1,C1_S006,G006,EMPTY,MANEUVERING,0.49
1033.0,cctv2,C2_S001,G007,OCCUPIED,LEAVING,0.7543399351564322
1033.0,cctv2,C2_S002,G008,OCCUPIED,OCCUPIED,0.8130658201195977
1033.0,cctv2,C2_S003,G009,OCCUPIED,OCCUPIED,0.51
1033.0,cctv2,C2_S004,G010,OCCUPIED,OCCUPIED,0.7937356481497939
1033.0,cctv2,C2_S005,G001,EMPTY,EMPTY,0.01
1033.0,cctv2,C2_S006,G003,OCCUPIED,OCCUPIED,0.7756808848543602
1033.0,cctv2,C2_S007,G004,OCCUPIED,OCCUPIED,0.785245140303265
1033.0,cctv2,C2_S008,G006,OCCUPIED,OCCUPIED,0.766446995057843
1033.0,cctv2,C2_S009,G005,OCCUPIED,OCCUPIED,0.8067193185741252
1033.0,cctv2,C2_S010,G002,EMPTY,EMPTY,0.01
1033.0,cctv2,C2_S011,G017,OCCUPIED,OCCUPIED,0.8262301174077121
1033.0,cctv2,C2_S012,G018,OCCUPIED,OCCUPIED,0.8155587619001216
1033.0,cctv2,C2_S013,G019,OCCUPIED,OCCUPIED,0.8343114977533168
1033.0,cctv2,C2_S014,G020,EMPTY,EMPTY,0.01
1033.0,cctv3,C3_S001,G021,EMPTY,EMPTY,0.01
1033.0,cctv3,C3_S002,G019,EMPTY,EMPTY,0.01
1033.0,cctv3,C3_S003,G020,OCCUPIED,LEAVING,0.7221361746300351
1033.0,cctv3,C3_S004,G024,OCCUPIED,OCCUPIED,0.8282487983053382
1033.0,cctv3,C3_S005,G025,OCCUPIED,OCCUPIED,0.8282947859980844
1033.0,cctv3,C3_S006,G026,OCCUPIED,OCCUPIED,0.8252786972305992
1033.0,cctv3,C3_S007,G027,EMPTY,MANEUVERING,0.49
1033.0,cctv3,C3_S008,G028,EMPTY,EMPTY,0.01
1033.0,cctv3,C3_S009,G029,EMPTY,MANEUVERING,0.1453321936320174
1033.0,cctv3,C3_S010,G007,EMPTY,MANEUVERING,0.2034467309645631
1033.0,cctv3,C3_S011,G008,OCCUPIED,LEAVING,0.7964723031629216
1033.0,cctv3,C3_S012,G009,OCCUPIED,OCCUPIED,0.8234383482824673
1034.0,cctv1,C1_S001,G001,OCCUPIED,LEAVING,0.73949750718068
1034.0,cctv1,C1_S002,G002,EMPTY,MANEUVERING,0.2170630509677258
1034.0,cctv1,C1_S003,G003,OCCUPIED,OCCUPIED,0.837264771624045
1034.0,cctv1,C1_S004,G004,OCCUPIED,OCCUPIED,0.7800616002895616
1034.0,cctv1,C1_S005,G005,OCCUPIED,LEAVING,0.7492575672539799
1034.0,cctv1,C1_S006,G006,EMPTY,MANEUVERING,0.49
1034.0,cctv2,C2_S001,G007,OCCUPIED,LEAVING,0.7551301370967519
1034.0,cctv2,C2_S002,G008,OCCUPIED,OCCUPIED,0.8152870029211045
1034.0,cctv2,C2_S003,G009,OCCUPIED,OCCUPIED,0.51
1034.0,cctv2,C2_S004,G010,OCCUPIED,OCCUPIED,0.7914094763723287
1034.0,cctv2,C2_S005,G001,EMPTY,EMPTY,0.01
1034.0,cctv2,C2_S006,G003,OCCUPIED,OCCUPIED,0.7768878203901378
1034.0,cctv2,C2_S007,G004,OCCUPIED,OCCUPIED,0.7877105203541843
1034.0,cctv2,C2_S008,G006,OCCUPIED,OCCUPIED,0.770702962577343
1034.0,cctv2,C2_S009,G005,OCCUPIED,OCCUPIED,0.8061359088529241
1034.0,cctv2,C2_S010,G002,EMPTY,EMPTY,0.01
1034.0,cctv2,C2_S011,G017,OCCUPIED,OCCUPIED,0.8262982788411054
1034.0,cctv2,C2_S012,G018,OCCUPIED,OCCUPIED,0.8158502741293474
1034.0,cctv2,C2_S013,G019,OCCUPIED,OCCUPIED,0.8345385231754997
1034.0,cctv2,C2_S014,G020,EMPTY,EMPTY,0.01
1034.0,cctv3,C3_S001,G021,EMPTY,EMPTY,0.01
1034.0,cctv3,C3_S002,G019,EMPTY,EMPTY,0.01
1034.0,cctv3,C3_S003,G020,OCCUPIED,LEAVING,0.7211896284330975
1034.0,cctv3,C3_S004,G024,OCCUPIED,OCCUPIED,0.8282383685762232
1034.0,cctv3,C3_S005,G025,OCCUPIED,OCCUPIED,0.8285038658163765
1034.0,cctv3,C3_S006,G026,OCCUPIED,OCCUPIED,0.8254650367931886
1034.0,cctv3,C3_S007,G027,EMPTY,MANEUVERING,0.49
1034.0,cctv3,C3_S008,G028,EMPTY,EMPTY,0.01
1034.0,cctv3,C3_S009,G029,EMPTY,MANEUVERING,0.1453321936320174
1034.0,cctv3,C3_S010,G007,EMPTY,MANEUVERING,0.2034467309645631
1034.0,cctv3,C3_S011,G008,OCCUPIED,OCCUPIED,0.7966867604038933
1034.0,cctv3,C3_S012,G009,OCCUPIED,OCCUPIED,0.8229122825644234
1035.0,cctv1,C1_S001,G001,OCCUPIED,LEAVING,0.7293883443285119
1035.0,cctv1,C1_S002,G002,EMPTY,MANEUVERING,0.1817842828414657
1035.0,cctv1,C1_S003,G003,OCCUPIED,OCCUPIED,0.8372880873355
1035.0,cctv1,C1_S004,G004,OCCUPIED,OCCUPIED,0.7814525577155027
1035.0,cctv1,C1_S005,G005,OCCUPIED,LEAVING,0.7482875199480491
1035.0,cctv1,C1_S006,G006,EMPTY,MANEUVERING,0.4811500575777256
1035.0,cctv2,C2_S001,G007,OCCUPIED,LEAVING,0.7566887004808946
1035.0,cctv2,C2_S002,G008,OCCUPIED,OCCUPIED,0.8150718442418359
1035.0,cctv2,C2_S003,G009,OCCUPIED,OCCUPIED,0.5921221449680917
1035.0,cctv2,C2_S004,G010,OCCUPIED,OCCUPIED,0.7895334849303419
1035.0,cctv2,C2_S005,G001,EMPTY,EMPTY,0.01
1035.0,cctv2,C2_S006,G003,OCCUPIED,OCCUPIED,0.7799130705269901
1035.0,cctv2,C2_S007,G004,OCCUPIED,OCCUPIED,0.7899593672969125
1035.0,cctv2,C2_S008,G006,OCCUPIED,OCCUPIED,0.7725349580699747
1035.0,cctv2,C2_S009,G005,OCCUPIED,OCCUPIED,0.8057443542913958
1035.0,cctv2,C2_S010,G002,EMPTY,EMPTY,0.01
1035.0,cctv2,C2_S011,G017,OCCUPIED,OCCUPIED,0.8258659522641789
1035.0,cctv2,C2_S012,G018,OCCUPIED,OCCUPIED,0.8164044111967087
1035.0,cctv2,C2_S013,G019,OCCUPIED,OCCUPIED,0.8344822740012949
1035.0,cctv2,C2_S014,G020,EMPTY,EMPTY,0.01
1035.0,cctv3,C3_S001,G021,EMPTY,EMPTY,0.01
1035.0,cctv3,C3_S002,G019,EMPTY,EMPTY,0.01
1035.0,cctv3,C3_S003,G020,OCCUPIED,LEAVING,0.7172881345857274
1035.0,cctv3,C3_S004,G024,OCCUPIED,OCCUPIED,0.8280392064289614
1035.0,cctv3,C3_S005,G025,OCCUPIED,OCCUPIED,0.8287945546887139
1035.0,cctv3,C3_S006,G026,OCCUPIED,OCCUPIED,0.825571943954988
1035.0,cctv3,C3_S007,G027,EMPTY,MANEUVERING,0.49
1035.0,cctv3,C3_S008,G028,EMPTY,EMPTY,0.01
1035.0,cctv3,C3_S009,G029,EMPTY,MANEUVERING,0.1003321936320174
1035.0,cctv3,C3_S010,G007,EMPTY,MANEUVERING,0.2034467309645631
1035.0,cctv3,C3_S011,G008,OCCUPIED,OCCUPIED,0.7965489046140151
1035.0,cctv3,C3_S012,G009,OCCUPIED,OCCUPIED,0.8224845945835114
1036.0,cctv1,C1_S001,G001,OCCUPIED,LEAVING,0.7193235516954553
1036.0,cctv1,C1_S002,G002,EMPTY,MANEUVERING,0.1407410254668105
1036.0,cctv1,C1_S003,G003,OCCUPIED,OCCUPIED,0.8370881814848293
1036.0,cctv1,C1_S004,G004,OCCUPIED,OCCUPIED,0.7815258714285764
1036.0,cctv1,C1_S005,G005,OCCUPIED,LEAVING,0.749396201697263
1036.0,cctv1,C1_S006,G006,EMPTY,MANEUVERING,0.49
1036.0,cctv2,C2_S001,G007,OCCUPIED,LEAVING,0.7560050484809009
1036.0,cctv2,C2_S002,G008,OCCUPIED,OCCUPIED,0.8151325702667237
1036.0,cctv2,C2_S003,G009,OCCUPIED,OCCUPIED,0.6266637618568811
1036.0,cctv2,C2_S004,G010,OCCUPIED,OCCUPIED,0.7869808891957457
1036.0,cctv2,C2_S005,G001,EMPTY,EMPTY,0.01
1036.0,cctv2,C2_S006,G003,OCCUPIED,OCCUPIED,0.7830508133227175
1036.0,cctv2,C2_S007,G004,OCCUPIED,OCCUPIED,0.7923699347810312
1036.0,cctv2,C2_S008,G006,OCCUPIED,OCCUPIED,0.7753687098622323
1036.0,cctv2,C2_S009,G005,OCCUPIED,OCCUPIED,0.8032563420859251
1036.0,cctv2,C2_S010,G002,EMPTY,EMPTY,0.01
1036.0,cctv2,C2_S011,G017,OCCUPIED,OCCUPIED,0.8257474116303705
1036.0,cctv2,C2_S012,G018,OCCUPIED,OCCUPIED,0.8173957491462882
1036.0,cctv2,C2_S013,G019,OCCUPIED,OCCUPIED,0.8345465324141763
1036.0,cctv2,C2_S014,G020,EMPTY,EMPTY,0.01
1036.0,cctv3,C3_S001,G021,EMPTY,EMPTY,0.01
1036.0,cctv3,C3_S002,G019,EMPTY,EMPTY,0.01
1036.0,cctv3,C3_S003,G020,OCCUPIED,LEAVING,0.7133358110893857
1036.0,cctv3,C3_S004,G024,OCCUPIED,OCCUPIED,0.8275712284174833
1036.0,cctv3,C3_S005,G025,OCCUPIED,OCCUPIED,0.8288531422615052
1036.0,cctv3,C3_S006,G026,OCCUPIED,OCCUPIED,0.8253776959397576
1036.0,cctv3,C3_S007,G027,EMPTY,MANEUVERING,0.49
1036.0,cctv3,C3_S008,G028,EMPTY,EMPTY,0.01
1036.0,cctv3,C3_S009,G029,EMPTY,MANEUVERING,0.1003321936320174
1036.0,cctv3,C3_S010,G007,EMPTY,MANEUVERING,0.2535730280659415
1036.0,cctv3,C3_S011,G008,OCCUPIED,OCCUPIED,0.7950878248973327
1036.0,cctv3,C3_S012,G009,OCCUPIED,OCCUPIED,0.8224907758561049
1037.0,cctv1,C1_S001,G001,OCCUPIED,LEAVING,0.7080090329457414
1037.0,cctv1,C1_S002,G002,EMPTY,EMPTY,0.01
1037.0,cctv1,C1_S003,G003,OCCUPIED,OCCUPIED,0.8371176605874843
1037.0,cctv1,C1_S004,G004,OCCUPIED,OCCUPIED,0.780680149793625
1037.0,cctv1,C1_S005,G005,OCCUPIED,LEAVING,0.7518866299228235
1037.0,cctv1,C1_S006,G006,EMPTY,MANEUVERING,0.4508082734822453
1037.0,cctv2,C2_S001,G007,OCCUPIED,LEAVING,0.7547376309606163
1037.0,cctv2,C2_S002,G008,OCCUPIED,LEAVING,0.8093980829824101
1037.0,cctv2,C2_S003,G009,OCCUPIED,OCCUPIED,0.5816637618568811
1037.0,cctv2,C2_S004,G010,OCCUPIED,OCCUPIED,0.7834057293154977
1037.0,cctv2,C2_S005,G001,EMPTY,EMPTY,0.01
1037.0,cctv2,C2_S006,G003,OCCUPIED,OCCUPIED,0.7868383704261347
1037.0,cctv2,C2_S007,G004,OCCUPIED,OCCUPIED,0.7931590748104183
1037.0,cctv2,C2_S008,G006,OCCUPIED,OCCUPIED,0.7780595405535266
1037.0,cctv2,C2_S009,G005,OCCUPIED,OCCUPIED,0.801310517300259
1037.0,cctv2,C2_S010,G002,EMPTY,EMPTY,0.01
1037.0,cctv2,C2_S011,G017,OCCUPIED,OCCUPIED,0.8236978755755858
1037.0,cctv2,C2_S012,G018,OCCUPIED,OCCUPIED,0.8179371668533846
1037.0,cctv2,C2_S013,G019,OCCUPIED,OCCUPIED,0.834705385836688
1037.0,cctv2,C2_S014,G020,EMPTY,EMPTY,0.01
1037.0,cctv3,C3_S001,G021,EMPTY,EMPTY,0.01
1037.0,cctv3,C3_S002,G019,EMPTY,EMPTY,0.01
1037.0,cctv3,C3_S003,G020,OCCUPIED,LEAVING,0.6771530598221404
1037.0,cctv3,C3_S004,G024,OCCUPIED,OCCUPIED,0.8273947756398808
1037.0,cctv3,C3_S005,G025,OCCUPIED,OCCUPIED,0.8289696996862239
1037.0,cctv3,C3_S006,G026,OCCUPIED,OCCUPIED,0.8255597098307177
1037.0,cctv3,C3_S007,G027,EMPTY,MANEUVERING,0.49
1037.0,cctv3,C3_S008,G028,EMPTY,EMPTY,0.01
1037.0,cctv3,C3_S009,G029,EMPTY,MANEUVERING,0.2161442629925229
1037.0,cctv3,C3_S010,G007,EMPTY,MANEUVERING,0.2335730280659415
1037.0,cctv3,C3_S011,G008,OCCUPIED,OCCUPIED,0.7953726194121622
1037.0,cctv3,C3_S012,G009,OCCUPIED,OCCUPIED,0.822810443152081
1038.0,cctv1,C1_S001,G001,OCCUPIED,LEAVING,0.6985868958045136
1038.0,cctv1,C1_S002,G002,EMPTY,EMPTY,0.01
1038.0,cctv1,C1_S003,G003,OCCUPIED,OCCUPIED,0.8369877644560555
1038.0,cctv1,C1_S004,G004,OCCUPIED,OCCUPIED,0.7809612501751293
1038.0,cctv1,C1_S005,G005,OCCUPIED,LEAVING,0.7520765522664244
1038.0,cctv1,C1_S006,G006,EMPTY,MANEUVERING,0.49
1038.0,cctv2,C2_S001,G007,OCCUPIED,LEAVING,0.7520721979439259
1038.0,cctv2,C2_S002,G008,OCCUPIED,LEAVING,0.810817869684913
1038.0,cctv2,C2_S003,G009,OCCUPIED,OCCUPIED,0.51
1038.0,cctv2,C2_S004,G010,OCCUPIED,OCCUPIED,0.7834050644527782
1038.0,cctv2,C2_S005,G001,EMPTY,EMPTY,0.01
1038.0,cctv2,C2_S006,G003,OCCUPIED,OCCUPIED,0.7912985528057273
1038.0,cctv2,C2_S007,G004,OCCUPIED,OCCUPIED,0.7942872208627788
1038.0,cctv2,C2_S008,G006,OCCUPIED,OCCUPIED,0.780142864720388
1038.0,cctv2,C2_S009,G005,OCCUPIED,OCCUPIED,0.8001516729593278
1038.0,cctv2,C2_S010,G002,EMPTY,EMPTY,0.01
1038.0,cctv2,C2_S011,G017,OCCUPIED,OCCUPIED,0.8206516672264447
1038.0,cctv2,C2_S012,G018,OCCUPIED,OCCUPIED,0.8165117280049758
1038.0,cctv2,C2_S013,G019,OCCUPIED,OCCUPIED,0.8347927754575557
1038.0,cctv2,C2_S014,G020,EMPTY,EMPTY,0.01
1038.0,cctv3,C3_S001,G021,EMPTY,EMPTY,0.01
1038.0,cctv3,C3_S002,G019,EMPTY,EMPTY,0.01
1038.0,cctv3,C3_S003,G020,OCCUPIED,LEAVING,0.5953993046012792
1038.0,cctv3,C3_S004,G024,OCCUPIED,OCCUPIED,0.8266731817613949
1038.0,cctv3,C3_S005,G025,OCCUPIED,OCCUPIED,0.8293894458900799
1038.0,cctv3,C3_S006,G026,OCCUPIED,OCCUPIED,0.8257540724494241
1038.0,cctv3,C3_S007,G027,EMPTY,MANEUVERING,0.49
1038.0,cctv3,C3_S008,G028,EMPTY,EMPTY,0.01
1038.0,cctv3,C3_S009,G029,EMPTY,MANEUVERING,0.3070283360752192
1038.0,cctv3,C3_S010,G007,EMPTY,MANEUVERING,0.2215730280659415
1038.0,cctv3,C3_S011,G008,OCCUPIED,OCCUPIED,0.7950615238059652
1038.0,cctv3,C3_S012,G009,OCCUPIED,OCCUPIED,0.8230231561444024
1039.0,cctv1,C1_S001,G001,OCCUPIED,LEAVING,0.6933163402263415
1039.0,cctv1,C1_S002,G002,EMPTY,EMPTY,0.01
1039.0,cctv1,C1_S003,G003,OCCUPIED,OCCUPIED,0.8368878001516517
1039.0,cctv1,C1_S004,G004,OCCUPIED,OCCUPIED,0.7806578264995055
1039.0,cctv1,C1_S005,G005,OCCUPIED,LEAVING,0.7542913822965189
1039.0,cctv1,C1_S006,G006,EMPTY,MANEUVERING,0.481676292198819
1039.0,cctv2,C2_S001,G007,OCCUPIED,LEAVING,0.7536139812659134
1039.0,cctv2,C2_S002,G008,OCCUPIED,LEAVING,0.8104736951264468
1039.0,cctv2,C2_S003,G009,OCCUPIED,OCCUPIED,0.5396829163943503
1039.0,cctv2,C2_S004,G010,OCCUPIED,OCCUPIED,0.7866637147285722
1039.0,cctv2,C2_S005,G001,EMPTY,EMPTY,0.01
1039.0,cctv2,C2_S006,G003,OCCUPIED,OCCUPIED,0.7959824842485516
1039.0,cctv2,C2_S007,G004,OCCUPIED,OCCUPIED,0.7959706939079545
1039.0,cctv2,C2_S008,G006,OCCUPIED,OCCUPIED,0.7804012683304874
1039.0,cctv2,C2_S009,G005,OCCUPIED,OCCUPIED,0.7979620085521179
1039.0,cctv2,C2_S010,G002,EMPTY,EMPTY,0.01
1039.0,cctv2,C2_S011,G017,OCCUPIED,OCCUPIED,0.7387508224357259
1039.0,cctv2,C2_S012,G018,OCCUPIED,OCCUPIED,0.8145854077555917
1039.0,cctv2,C2_S013,G019,OCCUPIED,OCCUPIED,0.83448213420131
1039.0,cctv2,C2_S014,G020,EMPTY,EMPTY,0.01
1039.0,cctv3,C3_S001,G021,EMPTY,EMPTY,0.01
1039.0,cctv3,C3_S002,G019,EMPTY,EMPTY,0.01
1039.0,cctv3,C3_S003,G020,OCCUPIED,LEAVING,0.5103850636234532
1039.0,cctv3,C3_S004,G024,OCCUPIED,OCCUPIED,0.8264618521386927
1039.0,cctv3,C3_S005,G025,OCCUPIED,OCCUPIED,0.8296718906272542
1039.0,cctv3,C3_S006,G026,OCCUPIED,OCCUPIED,0.8257278168743307
1039.0,cctv3,C3_S007,G027,EMPTY,MANEUVERING,0.49
1039.0,cctv3,C3_S008,G028,EMPTY,EMPTY,0.01
1039.0,cctv3,C3_S009,G029,EMPTY,MANEUVERING,0.3070283360752192
1039.0,cctv3,C3_S010,G007,EMPTY,MANEUVERING,0.2215730280659415
1039.0,cctv3,C3_S011,G008,OCCUPIED,OCCUPIED,0.7945434161207894
1039.0,cctv3,C3_S012,G009,OCCUPIED,OCCUPIED,0.8230048342184587
1040.0,cctv1,C1_S001,G001,OCCUPIED,LEAVING,0.6087088141409737
1040.0,cctv1,C1_S002,G002,EMPTY,EMPTY,0.01
1040.0,cctv1,C1_S003,G003,OCCUPIED,OCCUPIED,0.8369457358663733
1040.0,cctv1,C1_S004,G004,OCCUPIED,OCCUPIED,0.7822058825330301
1040.0,cctv1,C1_S005,G005,OCCUPIED,LEAVING,0.7537277546795933
1040.0,cctv1,C1_S006,G006,EMPTY,MANEUVERING,0.4836094617766219
1040.0,cctv2,C2_S001,G007,OCCUPIED,LEAVING,0.7536328359761022
1040.0,cctv2,C2_S002,G008,OCCUPIED,LEAVING,0.8102101160721346
1040.0,cctv2,C2_S003,G009,OCCUPIED,OCCUPIED,0.539600792462853
1040.0,cctv2,C2_S004,G010,OCCUPIED,OCCUPIED,0.7869273799386892
1040.0,cctv2,C2_S005,G001,EMPTY,EMPTY,0.01
1040.0,cctv2,C2_S006,G003,OCCUPIED,OCCUPIED,0.8005097950046713
1040.0,cctv2,C2_S007,G004,OCCUPIED,OCCUPIED,0.7974807974967091
1040.0,cctv2,C2_S008,G006,OCCUPIED,OCCUPIED,0.7782547923651609
1040.0,cctv2,C2_S009,G005,OCCUPIED,OCCUPIED,0.7962395654483275
1040.0,cctv2,C2_S010,G002,EMPTY,EMPTY,0.01
1040.0,cctv2,C2_S011,G017,OCCUPIED,OCCUPIED,0.6567273376204752
1040.0,cctv2,C2_S012,G018,OCCUPIED,LEAVING,0.8142102252353323
1040.0,cctv2,C2_S013,G019,OCCUPIED,OCCUPIED,0.8346849303353917
1040.0,cctv2,C2_S014,G020,EMPTY,EMPTY,0.01
1040.0,cctv3,C3_S001,G021,EMPTY,EMPTY,0.01
1040.0,cctv3,C3_S002,G019,EMPTY,EMPTY,0.01
1040.0,cctv3,C3_S003,G020,OCCUPIED,OCCUPIED,0.51
1040.0,cctv3,C3_S004,G024,OCCUPIED,OCCUPIED,0.8265696257352829
1040.0,cctv3,C3_S005,G025,OCCUPIED,OCCUPIED,0.8293925987048583
1040.0,cctv3,C3_S006,G026,OCCUPIED,OCCUPIED,0.8259048109704799
1040.0,cctv3,C3_S007,G027,EMPTY,MANEUVERING,0.49
1040.0,cctv3,C3_S008,G028,EMPTY,EMPTY,0.01
1040.0,cctv3,C3_S009,G029,EMPTY,MANEUVERING,0.3070283360752192
1040.0,cctv3,C3_S010,G007,EMPTY,MANEUVERING,0.1301949486028064
1040.0,cctv3,C3_S011,G008,OCCUPIED,OCCUPIED,0.7940442383289338
1040.0,cctv3,C3_S012,G009,OCCUPIED,OCCUPIED,0.8227421094070781
1041.0,cctv1,C1_S001,G001,OCCUPIED,LEAVING,0.6440666629035364
1041.0,cctv1,C1_S002,G002,EMPTY,EMPTY,0.01
1041.0,cctv1,C1_S003,G003,OCCUPIED,OCCUPIED,0.8371678268367595
1041.0,cctv1,C1_S004,G004,OCCUPIED,OCCUPIED,0.783987692269412
1041.0,cctv1,C1_S005,G005,OCCUPIED,LEAVING,0.7556752907958898
1041.0,cctv1,C1_S006,G006,EMPTY,MANEUVERING,0.4482871561294252
1041.0,cctv2,C2_S001,G007,OCCUPIED,LEAVING,0.7564722500741482
1041.0,cctv2,C2_S002,G008,OCCUPIED,LEAVING,0.8101048816334118
1041.0,cctv2,C2_S003,G009,OCCUPIED,OCCUPIED,0.51
1041.0,cctv2,C2_S004,G010,OCCUPIED,OCCUPIED,0.7861848176880317
1041.0,cctv2,C2_S005,G001,EMPTY,EMPTY,0.01
1041.0,cctv2,C2_S006,G003,OCCUPIED,OCCUPIED,0.8036293788389727
1041.0,cctv2,C2_S007,G004,OCCUPIED,OCCUPIED,0.7977080350572413
1041.0,cctv2,C2_S008,G006,OCCUPIED,OCCUPIED,0.7784110794013197
1041.0,cctv2,C2_S009,G005,OCCUPIED,OCCUPIED,0.796076637506485
1041.0,cctv2,C2_S010,G002,EMPTY,EMPTY,0.01
1041.0,cctv2,C2_S011,G017,OCCUPIED,OCCUPIED,0.5745873380926523
1041.0,cctv2,C2_S012,G018,OCCUPIED,LEAVING,0.8156224692409689
1041.0,cctv2,C2_S013,G019,OCCUPIED,OCCUPIED,0.8347594510425221
1041.0,cctv2,C2_S014,G020,EMPTY,EMPTY,0.01
1041.0,cctv3,C3_S001,G021,EMPTY,EMPTY,0.01
1041.0,cctv3,C3_S002,G019,EMPTY,EMPTY,0.01
1041.0,cctv3,C3_S003,G020,OCCUPIED,OCCUPIED,0.51
1041.0,cctv3,C3_S004,G024,OCCUPIED,OCCUPIED,0.8266608216545799
1041.0,cctv3,C3_S005,G025,OCCUPIED,OCCUPIED,0.8294191672043367
1041.0,cctv3,C3_S006,G026,OCCUPIED,OCCUPIED,0.8258976283398543
1041.0,cctv3,C3_S007,G027,EMPTY,MANEUVERING,0.49
1041.0,cctv3,C3_S008,G028,EMPTY,EMPTY,0.01
1041.0,cctv3,C3_S009,G029,EMPTY,MANEUVERING,0.2620283360752192
1041.0,cctv3,C3_S010,G007,EMPTY,MANEUVERING,0.1301949486028064
1041.0,cctv3,C3_S011,G008,OCCUPIED,OCCUPIED,0.7942318759181284
1041.0,cctv3,C3_S012,G009,OCCUPIED,OCCUPIED,0.8233986580913718
1042.0,cctv1,C1_S001,G001,OCCUPIED,OCCUPIED,0.6421083167229187
1042.0,cctv1,C1_S002,G002,EMPTY,EMPTY,0.01
1042.0,cctv1,C1_S003,G003,OCCUPIED,OCCUPIED,0.8371865332126618
1042.0,cctv1,C1_S004,G004,OCCUPIED,OCCUPIED,0.7838777127591047
1042.0,cctv1,C1_S005,G005,OCCUPIED,LEAVING,0.7560608087615533
1042.0,cctv1,C1_S006,G006,EMPTY,MANEUVERING,0.3654683419520204
1042.0,cctv2,C2_S001,G007,OCCUPIED,LEAVING,0.7555615265261044
1042.0,cctv2,C2_S002,G008,OCCUPIED,LEAVING,0.8090612527999012
1042.0,cctv2,C2_S003,G009,OCCUPIED,OCCUPIED,0.51
1042.0,cctv2,C2_S004,G010,OCCUPIED,OCCUPIED,0.787136189097708
1042.0,cctv2,C2_S005,G001,EMPTY,EMPTY,0.01
1042.0,cctv2,C2_S006,G003,OCCUPIED,OCCUPIED,0.8066087465394628
1042.0,cctv2,C2_S007,G004,OCCUPIED,OCCUPIED,0.7959131658077241
1042.0,cctv2,C2_S008,G006,OCCUPIED,OCCUPIED,0.7757355222647841
1042.0,cctv2,C2_S009,G005,OCCUPIED,OCCUPIED,0.7941959310661664
1042.0,cctv2,C2_S010,G002,EMPTY,EMPTY,0.01
1042.0,cctv2,C2_S011,G017,OCCUPIED,OCCUPIED,0.51
1042.0,cctv2,C2_S012,G018,OCCUPIED,LEAVING,0.8143911475485022
1042.0,cctv2,C2_S013,G019,OCCUPIED,OCCUPIED,0.8347407406026668
1042.0,cctv2,C2_S014,G020,EMPTY,EMPTY,0.01
1042.0,cctv3,C3_S001,G021,EMPTY,EMPTY,0.01
1042.0,cctv3,C3_S002,G019,EMPTY,EMPTY,0.01
1042.0,cctv3,C3_S003,G020,OCCUPIED,OCCUPIED,0.51
1042.0,cctv3,C3_S004,G024,OCCUPIED,OCCUPIED,0.8264673246578738
1042.0,cctv3,C3_S005,G025,OCCUPIED,OCCUPIED,0.8291404548016462
1042.0,cctv3,C3_S006,G026,OCCUPIED,OCCUPIED,0.8258195833726363
1042.0,cctv3,C3_S007,G027,EMPTY,MANEUVERING,0.49
1042.0,cctv3,C3_S008,G028,EMPTY,EMPTY,0.01
1042.0,cctv3,C3_S009,G029,EMPTY,MANEUVERING,0.1866491345695474
1042.0,cctv3,C3_S010,G007,EMPTY,MANEUVERING,0.1301949486028064
1042.0,cctv3,C3_S011,G008,OCCUPIED,OCCUPIED,0.7929442701014606
1042.0,cctv3,C3_S012,G009,OCCUPIED,OCCUPIED,0.8229865895076232
1043.0,cctv1,C1_S001,G001,OCCUPIED,OCCUPIED,0.6399836210567843
1043.0,cctv1,C1_S002,G002,EMPTY,EMPTY,0.01
1043.0,cctv1,C1_S003,G003,OCCUPIED,OCCUPIED,0.8370373650030657
1043.0,cctv1,C1_S004,G004,OCCUPIED,OCCUPIED,0.784543881633065
1043.0,cctv1,C1_S005,G005,OCCUPIED,LEAVING,0.7558950945734978
1043.0,cctv1,C1_S006,G006,EMPTY,MANEUVERING,0.3296536128460006
1043.0,cctv2,C2_S001,G007,OCCUPIED,LEAVING,0.7536528511480852
1043.0,cctv2,C2_S002,G008,OCCUPIED,LEAVING,0.8094132195819509
1043.0,cctv2,C2_S003,G009,OCCUPIED,OCCUPIED,0.51
1043.0,cctv2,C2_S004,G010,OCCUPIED,OCCUPIED,0.7865974918007851
1043.0,cctv2,C2_S005,G001,EMPTY,EMPTY,0.01
1043.0,cctv2,C2_S006,G003,OCCUPIED,OCCUPIED,0.8082009944048796
1043.0,cctv2,C2_S007,G004,OCCUPIED,OCCUPIED,0.7939622415737673
1043.0,cctv2,C2_S008,G006,OCCUPIED,OCCUPIED,0.7728818957101216
1043.0,cctv2,C2_S009,G005,OCCUPIED,OCCUPIED,0.7925731937993657
1043.0,cctv2,C2_S010,G002,EMPTY,MANEUVERING,0.3391538901220668
1043.0,cctv2,C2_S011,G017,OCCUPIED,OCCUPIED,0.51
1043.0,cctv2,C2_S012,G018,OCCUPIED,LEAVING,0.8143478128043089
1043.0,cctv2,C2_S013,G019,OCCUPIED,OCCUPIED,0.8340971022844315
1043.0,cctv2,C2_S014,G020,EMPTY,EMPTY,0.01
1043.0,cctv3,C3_S001,G021,EMPTY,EMPTY,0.01
1043.0,cctv3,C3_S002,G019,EMPTY,EMPTY,0.01
1043.0,cctv3,C3_S003,G020,OCCUPIED,OCCUPIED,0.51
1043.0,cctv3,C3_S004,G024,OCCUPIED,OCCUPIED,0.8260319192301144
1043.0,cctv3,C3_S005,G025,OCCUPIED,OCCUPIED,0.827649363604459
1043.0,cctv3,C3_S006,G026,OCCUPIED,OCCUPIED,0.8257501222870567
1043.0,cctv3,C3_S007,G027,EMPTY,MANEUVERING,0.4672920442660424
1043.0,cctv3,C3_S008,G028,EMPTY,EMPTY,0.01
1043.0,cctv3,C3_S009,G029,EMPTY,MANEUVERING,0.1746491345695474
1043.0,cctv3,C3_S010,G007,EMPTY,MANEUVERING,0.2404339510879733
1043.0,cctv3,C3_S011,G008,OCCUPIED,OCCUPIED,0.791874050823125
1043.0,cctv3,C3_S012,G009,OCCUPIED,OCCUPIED,0.8231402158737183
1044.0,cctv1,C1_S001,G001,OCCUPIED,OCCUPIED,0.6831137473170054
1044.0,cctv1,C1_S002,G002,EMPTY,EMPTY,0.01
1044.0,cctv1,C1_S003,G003,OCCUPIED,OCCUPIED,0.8371091986244376
1044.0,cctv1,C1_S004,G004,OCCUPIED,OCCUPIED,0.7846385977484964
1044.0,cctv1,C1_S005,G005,OCCUPIED,LEAVING,0.7573734399947254
1044.0,cctv1,C1_S006,G006,EMPTY,MANEUVERING,0.2481126360866156
1044.0,cctv2,C2_S001,G007,OCCUPIED,LEAVING,0.746352577615868
1044.0,cctv2,C2_S002,G008,OCCUPIED,LEAVING,0.8101928914135154
1044.0,cctv2,C2_S003,G009,OCCUPIED,OCCUPIED,0.51
1044.0,cctv2,C2_S004,G010,OCCUPIED,OCCUPIED,0.7863092209805143
1044.0,cctv2,C2_S005,G001,EMPTY,EMPTY,0.01
1044.0,cctv2,C2_S006,G003,OCCUPIED,OCCUPIED,0.8096585986289112
1044.0,cctv2,C2_S007,G004,OCCUPIED,OCCUPIED,0.7929181079972875
1044.0,cctv2,C2_S008,G006,OCCUPIED,OCCUPIED,0.7706267081878403
1044.0,cctv2,C2_S009,G005,OCCUPIED,OCCUPIED,0.7928868285634302
1044.0,cctv2,C2_S010,G002,EMPTY,MANEUVERING,0.4211596830866553
1044.0,cctv2,C2_S011,G017,OCCUPIED,OCCUPIED,0.51
1044.0,cctv2,C2_S012,G018,OCCUPIED,LEAVING,0.8130124604160136
1044.0,cctv2,C2_S013,G019,OCCUPIED,OCCUPIED,0.8339830888943239
1044.0,cctv2,C2_S014,G020,EMPTY,EMPTY,0.01
1044.0,cctv3,C3_S001,G021,EMPTY,EMPTY,0.01
1044.0,cctv3,C3_S002,G019,EMPTY,EMPTY,0.01
1044.0,cctv3,C3_S003,G020,OCCUPIED,OCCUPIED,0.51
1044.0,cctv3,C3_S004,G024,OCCUPIED,OCCUPIED,0.8256516429510984
1044.0,cctv3,C3_S005,G025,OCCUPIED,OCCUPIED,0.8272508694366976
1044.0,cctv3,C3_S006,G026,OCCUPIED,OCCUPIED,0.8258565848523921
1044.0,cctv3,C3_S007,G027,EMPTY,MANEUVERING,0.4310689055629365
1044.0,cctv3,C3_S008,G028,EMPTY,EMPTY,0.01
1044.0,cctv3,C3_S009,G029,EMPTY,MANEUVERING,0.1746491345695474
1044.0,cctv3,C3_S010,G007,EMPTY,MANEUVERING,0.2404339510879733
1044.0,cctv3,C3_S011,G008,OCCUPIED,OCCUPIED,0.7916275428100066
1044.0,cctv3,C3_S012,G009,OCCUPIED,OCCUPIED,0.823434049432928
1045.0,cctv1,C1_S001,G001,OCCUPIED,OCCUPIED,0.6810754050348293
1045.0,cctv1,C1_S002,G002,EMPTY,EMPTY,0.01
1045.0,cctv1,C1_S003,G003,OCCUPIED,OCCUPIED,0.8370543490756642
1045.0,cctv1,C1_S004,G004,OCCUPIED,OCCUPIED,0.7838665490800685
1045.0,cctv1,C1_S005,G005,OCCUPIED,LEAVING,0.758365886997093
1045.0,cctv1,C1_S006,G006,EMPTY,MANEUVERING,0.2481126360866156
1045.0,cctv2,C2_S001,G007,OCCUPIED,LEAVING,0.7458526504310695
1045.0,cctv2,C2_S002,G008,OCCUPIED,LEAVING,0.8104610147801313
1045.0,cctv2,C2_S003,G009,OCCUPIED,OCCUPIED,0.51
1045.0,cctv2,C2_S004,G010,OCCUPIED,OCCUPIED,0.7881404341621833
1045.0,cctv2,C2_S005,G001,EMPTY,EMPTY,0.01
1045.0,cctv2,C2_S006,G003,OCCUPIED,OCCUPIED,0.812344353036447
1045.0,cctv2,C2_S007,G004,OCCUPIED,OCCUPIED,0.7915134343233976
1045.0,cctv2,C2_S008,G006,OCCUPIED,OCCUPIED,0.7679211976853284
1045.0,cctv2,C2_S009,G005,OCCUPIED,OCCUPIED,0.792878682775931
1045.0,cctv2,C2_S010,G002,EMPTY,MANEUVERING,0.49
1045.0,cctv2,C2_S011,G017,OCCUPIED,OCCUPIED,0.51
1045.0,cctv2,C2_S012,G018,OCCUPIED,LEAVING,0.8098253905773164
1045.0,cctv2,C2_S013,G019,OCCUPIED,OCCUPIED,0.8338597706773065
1045.0,cctv2,C2_S014,G020,EMPTY,EMPTY,0.01
1045.0,cctv3,C3_S001,G021,EMPTY,EMPTY,0.01
1045.0,cctv3,C3_S002,G019,EMPTY,EMPTY,0.01
1045.0,cctv3,C3_S003,G020,OCCUPIED,OCCUPIED,0.51
1045.0,cctv3,C3_S004,G024,OCCUPIED,OCCUPIED,0.8255334184928375
1045.0,cctv3,C3_S005,G025,OCCUPIED,OCCUPIED,0.8264804455367002
1045.0,cctv3,C3_S006,G026,OCCUPIED,OCCUPIED,0.8256758868694306
1045.0,cctv3,C3_S007,G027,EMPTY,MANEUVERING,0.3498725838010961
1045.0,cctv3,C3_S008,G028,EMPTY,EMPTY,0.01
1045.0,cctv3,C3_S009,G029,EMPTY,MANEUVERING,0.1746491345695474
1045.0,cctv3,C3_S010,G007,EMPTY,MANEUVERING,0.2404339510879733
1045.0,cctv3,C3_S011,G008,OCCUPIED,OCCUPIED,0.7907980623570356
1045.0,cctv3,C3_S012,G009,OCCUPIED,OCCUPIED,0.8239397653124549
1046.0,cctv1,C1_S001,G001,OCCUPIED,OCCUPIED,0.6803439399261366
1046.0,cctv1,C1_S002,G002,EMPTY,EMPTY,0.01
1046.0,cctv1,C1_S003,G003,OCCUPIED,OCCUPIED,0.8369737616994165
1046.0,cctv1,C1_S004,G004,OCCUPIED,OCCUPIED,0.7843469749797475
1046.0,cctv1,C1_S005,G005,OCCUPIED,LEAVING,0.7619685903191568
1046.0,cctv1,C1_S006,G006,EMPTY,MANEUVERING,0.2481126360866156
1046.0,cctv2,C2_S001,G007,OCCUPIED,LEAVING,0.6644323932040822
1046.0,cctv2,C2_S002,G008,OCCUPIED,LEAVING,0.8102979949929499
1046.0,cctv2,C2_S003,G009,OCCUPIED,OCCUPIED,0.51
1046.0,cctv2,C2_S004,G010,OCCUPIED,OCCUPIED,0.7906998045065187
1046.0,cctv2,C2_S005,G001,EMPTY,EMPTY,0.01
1046.0,cctv2,C2_S006,G003,OCCUPIED,OCCUPIED,0.8142699043859136
1046.0,cctv2,C2_S007,G004,OCCUPIED,OCCUPIED,0.7904156638817355
1046.0,cctv2,C2_S008,G006,OCCUPIED,OCCUPIED,0.7659825482151725
1046.0,cctv2,C2_S009,G005,OCCUPIED,OCCUPIED,0.7926883182742379
1046.0,cctv2,C2_S010,G002,EMPTY,MANEUVERING,0.49
1046.0,cctv2,C2_S011,G017,OCCUPIED,OCCUPIED,0.51
1046.0,cctv2,C2_S012,G018,OCCUPIED,LEAVING,0.8056406576525081
1046.0,cctv2,C2_S013,G019,OCCUPIED,OCCUPIED,0.8332564183256843
1046.0,cctv2,C2_S014,G020,EMPTY,EMPTY,0.01
1046.0,cctv3,C3_S001,G021,EMPTY,EMPTY,0.01
1046.0,cctv3,C3_S002,G019,EMPTY,EMPTY,0.01
1046.0,cctv3,C3_S003,G020,EMPTY,EMPTY,0.2144329250942577
1046.0,cctv3,C3_S004,G024,OCCUPIED,OCCUPIED,0.8254703711379658
1046.0,cctv3,C3_S005,G025,OCCUPIED,OCCUPIED,0.8258716214786876
1046.0,cctv3,C3_S006,G026,OCCUPIED,OCCUPIED,0.8255968819965016
1046.0,cctv3,C3_S007,G027,EMPTY,MANEUVERING,0.3131603449786251
1046.0,cctv3,C3_S008,G028,EMPTY,EMPTY,0.01
1046.0,cctv3,C3_S009,G029,EMPTY,MANEUVERING,0.1746491345695474
1046.0,cctv3,C3_S010,G007,EMPTY,MANEUVERING,0.2404339510879733
1046.0,cctv3,C3_S011,G008,OCCUPIED,OCCUPIED,0.7912954446944325
1046.0,cctv3,C3_S012,G009,OCCUPIED,OCCUPIED,0.8242100271311674
1047.0,cctv1,C1_S001,G001,OCCUPIED,OCCUPIED,0.6812166896123778
1047.0,cctv1,C1_S002,G002,EMPTY,EMPTY,0.01
1047.0,cctv1,C1_S003,G003,OCCUPIED,OCCUPIED,0.8369544132189317
1047.0,cctv1,C1_S004,G004,OCCUPIED,OCCUPIED,0.7846092917702415
1047.0,cctv1,C1_S005,G005,OCCUPIED,LEAVING,0.7633716388182207
1047.0,cctv1,C1_S006,G006,EMPTY,MANEUVERING,0.2107156116447665
1047.0,cctv2,C2_S001,G007,OCCUPIED,LEAVING,0.6636351401020181
1047.0,cctv2,C2_S002,G008,OCCUPIED,LEAVING,0.8118352153084496
1047.0,cctv2,C2_S003,G009,OCCUPIED,OCCUPIED,0.51
1047.0,cctv2,C2_S004,G010,OCCUPIED,OCCUPIED,0.7923143846067516
1047.0,cctv2,C2_S005,G001,EMPTY,EMPTY,0.01
1047.0,cctv2,C2_S006,G003,OCCUPIED,OCCUPIED,0.8148457852276889
1047.0,cctv2,C2_S007,G004,OCCUPIED,OCCUPIED,0.7890939468687231
1047.0,cctv2,C2_S008,G006,OCCUPIED,OCCUPIED,0.7634331630034881
1047.0,cctv2,C2_S009,G005,OCCUPIED,OCCUPIED,0.7942765615203164
1047.0,cctv2,C2_S010,G002,EMPTY,MANEUVERING,0.49
1047.0,cctv2,C2_S011,G017,OCCUPIED,OCCUPIED,0.51
1047.0,cctv2,C2_S012,G018,OCCUPIED,LEAVING,0.8027516104958274
1047.0,cctv2,C2_S013,G019,OCCUPIED,OCCUPIED,0.8329543959010732
1047.0,cctv2,C2_S014,G020,EMPTY,EMPTY,0.01
1047.0,cctv3,C3_S001,G021,EMPTY,EMPTY,0.01
1047.0,cctv3,C3_S002,G019,EMPTY,EMPTY,0.01
1047.0,cctv3,C3_S003,G020,EMPTY,EMPTY,0.01
1047.0,cctv3,C3_S004,G024,OCCUPIED,OCCUPIED,0.8256109969182448
1047.0,cctv3,C3_S005,G025,OCCUPIED,OCCUPIED,0.8256261977282437
1047.0,cctv3,C3_S006,G026,OCCUPIED,OCCUPIED,0.8255820518190211
1047.0,cctv3,C3_S007,G027,EMPTY,MANEUVERING,0.2765497992052274
1047.0,cctv3,C3_S008,G028,EMPTY,EMPTY,0.01
1047.0,cctv3,C3_S009,G029,EMPTY,MANEUVERING,0.1746491345695474
1047.0,cctv3,C3_S010,G007,EMPTY,MANEUVERING,0.1759456808458675
1047.0,cctv3,C3_S011,G008,OCCUPIED,OCCUPIED,0.792227893525904
1047.0,cctv3,C3_S012,G009,OCCUPIED,OCCUPIED,0.8240912434729664
1048.0,cctv1,C1_S001,G001,OCCUPIED,OCCUPIED,0.681466135386039
1048.0,cctv1,C1_S002,G002,EMPTY,EMPTY,0.01
1048.0,cctv1,C1_S003,G003,OCCUPIED,OCCUPIED,0.8368592264977369
1048.0,cctv1,C1_S004,G004,OCCUPIED,OCCUPIED,0.7842114055698569
1048.0,cctv1,C1_S005,G005,OCCUPIED,LEAVING,0.7632146840745753
1048.0,cctv1,C1_S006,G006,EMPTY,MANEUVERING,0.2107156116447665
1048.0,cctv2,C2_S001,G007,OCCUPIED,LEAVING,0.663653844263066
1048.0,cctv2,C2_S002,G008,OCCUPIED,LEAVING,0.8160407987507907
1048.0,cctv2,C2_S003,G009,OCCUPIED,OCCUPIED,0.515677812451666
1048.0,cctv2,C2_S004,G010,OCCUPIED,OCCUPIED,0.7948550424792551
1048.0,cctv2,C2_S005,G001,EMPTY,EMPTY,0.01
1048.0,cctv2,C2_S006,G003,OCCUPIED,OCCUPIED,0.8153678235682575
1048.0,cctv2,C2_S007,G004,OCCUPIED,OCCUPIED,0.7901924602010034
1048.0,cctv2,C2_S008,G006,OCCUPIED,OCCUPIED,0.7614285580136559
1048.0,cctv2,C2_S009,G005,OCCUPIED,OCCUPIED,0.7956675063480031
1048.0,cctv2,C2_S010,G002,EMPTY,MANEUVERING,0.49
1048.0,cctv2,C2_S011,G017,OCCUPIED,OCCUPIED,0.51
1048.0,cctv2,C2_S012,G018,OCCUPIED,LEAVING,0.7957225302403624
1048.0,cctv2,C2_S013,G019,OCCUPIED,OCCUPIED,0.8321966872973876
1048.0,cctv2,C2_S014,G020,EMPTY,EMPTY,0.01
1048.0,cctv3,C3_S001,G021,EMPTY,EMPTY,0.01
1048.0,cctv3,C3_S002,G019,EMPTY,MANEUVERING,0.3450994802605022
1048.0,cctv3,C3_S003,G020,EMPTY,EMPTY,0.01
1048.0,cctv3,C3_S004,G024,OCCUPIED,OCCUPIED,0.8257269358093089
1048.0,cctv3,C3_S005,G025,OCCUPIED,OCCUPIED,0.8253955976529556
1048.0,cctv3,C3_S006,G026,OCCUPIED,OCCUPIED,0.8254395793784749
1048.0,cctv3,C3_S007,G027,EMPTY,MANEUVERING,0.2402908945354548
1048.0,cctv3,C3_S008,G028,EMPTY,EMPTY,0.01
1048.0,cctv3,C3_S009,G029,EMPTY,MANEUVERING,0.1273419367860664
1048.0,cctv3,C3_S010,G007,EMPTY,MANEUVERING,0.1759456808458675
1048.0,cctv3,C3_S011,G008,OCCUPIED,OCCUPIED,0.7933786180886356
1048.0,cctv3,C3_S012,G009,OCCUPIED,OCCUPIED,0.8239286788485267
1049.0,cctv1,C1_S001,G001,OCCUPIED,OCCUPIED,0.6793386641923678
1049.0,cctv1,C1_S002,G002,EMPTY,EMPTY,0.01
1049.0,cctv1,C1_S003,G003,OCCUPIED,OCCUPIED,0.8368270830674606
1049.0,cctv1,C1_S004,G004,OCCUPIED,OCCUPIED,0.7836517415263436
1049.0,cctv1,C1_S005,G005,OCCUPIED,LEAVING,0.7648377643390136
1049.0,cctv1,C1_S006,G006,EMPTY,MANEUVERING,0.1680373377691615
1049.0,cctv2,C2_S001,G007,OCCUPIED,LEAVING,0.6728360247273337
1049.0,cctv2,C2_S002,G008,OCCUPIED,LEAVING,0.8154376211491499
1049.0,cctv2,C2_S003,G009,OCCUPIED,OCCUPIED,0.5556805154603797
1049.0,cctv2,C2_S004,G010,OCCUPIED,OCCUPIED,0.7954476578669115
1049.0,cctv2,C2_S005,G001,EMPTY,EMPTY,0.01
1049.0,cctv2,C2_S006,G003,OCCUPIED,OCCUPIED,0.8162725554271179
1049.0,cctv2,C2_S007,G004,OCCUPIED,OCCUPIED,0.7894949354908684
1049.0,cctv2,C2_S008,G006,OCCUPIED,OCCUPIED,0.7611700584942644
1049.0,cctv2,C2_S009,G005,OCCUPIED,OCCUPIED,0.7971807444637473
1049.0,cctv2,C2_S010,G002,EMPTY,MANEUVERING,0.49
1049.0,cctv2,C2_S011,G017,OCCUPIED,OCCUPIED,0.51
1049.0,cctv2,C2_S012,G018,OCCUPIED,LEAVING,0.7938109621405602
1049.0,cctv2,C2_S013,G019,OCCUPIED,OCCUPIED,0.8313528432087465
1049.0,cctv2,C2_S014,G020,EMPTY,EMPTY,0.01
1049.0,cctv3,C3_S001,G021,EMPTY,EMPTY,0.01
1049.0,cctv3,C3_S002,G019,EMPTY,MANEUVERING,0.4267404123327948
1049.0,cctv3,C3_S003,G020,EMPTY,EMPTY,0.01
1049.0,cctv3,C3_S004,G024,OCCUPIED,OCCUPIED,0.8261559234424072
1049.0,cctv3,C3_S005,G025,OCCUPIED,OCCUPIED,0.8247723741964861
1049.0,cctv3,C3_S006,G026,OCCUPIED,OCCUPIED,0.825324435396628
1049.0,cctv3,C3_S007,G027,EMPTY,MANEUVERING,0.2050749850950458
1049.0,cctv3,C3_S008,G028,EMPTY,EMPTY,0.01
1049.0,cctv3,C3_S009,G029,EMPTY,EMPTY,0.01
1049.0,cctv3,C3_S010,G007,EMPTY,MANEUVERING,0.1759456808458675
1049.0,cctv3,C3_S011,G008,OCCUPIED,OCCUPIED,0.7932445328343999
1049.0,cctv3,C3_S012,G009,OCCUPIED,OCCUPIED,0.8233490437269211
1050.0,cctv1,C1_S001,G001,OCCUPIED,OCCUPIED,0.6809541920978915
1050.0,cctv1,C1_S002,G002,EMPTY,EMPTY,0.01
1050.0,cctv1,C1_S003,G003,OCCUPIED,OCCUPIED,0.8368446247144179
1050.0,cctv1,C1_S004,G004,OCCUPIED,OCCUPIED,0.7828403993086382
1050.0,cctv1,C1_S005,G005,OCCUPIED,LEAVING,0.7626027193936435
1050.0,cctv1,C1_S006,G006,EMPTY,MANEUVERING,0.1680373377691615
1050.0,cctv2,C2_S001,G007,OCCUPIED,LEAVING,0.7142482728917491
1050.0,cctv2,C2_S002,G008,OCCUPIED,LEAVING,0.8124757617712022
1050.0,cctv2,C2_S003,G009,OCCUPIED,OCCUPIED,0.5586867423491044
1050.0,cctv2,C2_S004,G010,OCCUPIED,OCCUPIED,0.7943509286100214
1050.0,cctv2,C2_S005,G001,EMPTY,EMPTY,0.01
1050.0,cctv2,C2_S006,G003,OCCUPIED,OCCUPIED,0.816681228984486
1050.0,cctv2,C2_S007,G004,OCCUPIED,OCCUPIED,0.7898720264434815
1050.0,cctv2,C2_S008,G006,OCCUPIED,OCCUPIED,0.7627461623061788
1050.0,cctv2,C2_S009,G005,OCCUPIED,OCCUPIED,0.7989067589694804
1050.0,cctv2,C2_S010,G002,EMPTY,MANEUVERING,0.49
1050.0,cctv2,C2_S011,G017,OCCUPIED,OCCUPIED,0.51
1050.0,cctv2,C2_S012,G018,OCCUPIED,LEAVING,0.7961380336772312
1050.0,cctv2,C2_S013,G019,OCCUPIED,OCCUPIED,0.8311790116808632
1050.0,cctv2,C2_S014,G020,EMPTY,EMPTY,0.01
1050.0,cctv3,C3_S001,G021,EMPTY,EMPTY,0.01
1050.0,cctv3,C3_S002,G019,EMPTY,MANEUVERING,0.49
1050.0,cctv3,C3_S003,G020,EMPTY,EMPTY,0.01
1050.0,cctv3,C3_S004,G024,OCCUPIED,OCCUPIED,0.8263460977510972
1050.0,cctv3,C3_S005,G025,OCCUPIED,OCCUPIED,0.8247171637686816
1050.0,cctv3,C3_S006,G026,OCCUPIED,OCCUPIED,0.8253156499429183
1050.0,cctv3,C3_S007,G027,EMPTY,MANEUVERING,0.1691024773906577
1050.0,cctv3,C3_S008,G028,EMPTY,EMPTY,0.01
1050.0,cctv3,C3_S009,G029,EMPTY,EMPTY,0.01
1050.0,cctv3,C3_S010,G007,EMPTY,MANEUVERING,0.1759456808458675
1050.0,cctv3,C3_S011,G008,OCCUPIED,OCCUPIED,0.7918878926472231
1050.0,cctv3,C3_S012,G009,OCCUPIED,OCCUPIED,0.8233559743924574
1051.0,cctv1,C1_S001,G001,OCCUPIED,OCCUPIED,0.7166904516856779
1051.0,cctv1,C1_S002,G002,EMPTY,EMPTY,0.01
1051.0,cctv1,C1_S003,G003,OCCUPIED,OCCUPIED,0.8368048451163552
1051.0,cctv1,C1_S004,G004,OCCUPIED,OCCUPIED,0.7817111909389497
1051.0,cctv1,C1_S005,G005,OCCUPIED,LEAVING,0.7627534822984176
1051.0,cctv1,C1_S006,G006,EMPTY,EMPTY,0.01
1051.0,cctv2,C2_S001,G007,OCCUPIED,LEAVING,0.7132340228218924
1051.0,cctv2,C2_S002,G008,OCCUPIED,LEAVING,0.8129979594187303
1051.0,cctv2,C2_S003,G009,OCCUPIED,OCCUPIED,0.5254878775572235
1051.0,cctv2,C2_S004,G010,OCCUPIED,OCCUPIED,0.7919600912115792
1051.0,cctv2,C2_S005,G001,EMPTY,EMPTY,0.01
1051.0,cctv2,C2_S006,G003,OCCUPIED,OCCUPIED,0.8166472486474298
1051.0,cctv2,C2_S007,G004,OCCUPIED,OCCUPIED,0.7894264115528628
1051.0,cctv2,C2_S008,G006,OCCUPIED,OCCUPIED,0.7613139813596552
1051.0,cctv2,C2_S009,G005,OCCUPIED,OCCUPIED,0.7986606947400354
1051.0,cctv2,C2_S010,G002,EMPTY,MANEUVERING,0.49
1051.0,cctv2,C2_S011,G017,OCCUPIED,OCCUPIED,0.51
1051.0,cctv2,C2_S012,G018,OCCUPIED,LEAVING,0.7954744454134595
1051.0,cctv2,C2_S013,G019,OCCUPIED,OCCUPIED,0.8310783605683935
1051.0,cctv2,C2_S014,G020,EMPTY,EMPTY,0.01
1051.0,cctv3,C3_S001,G021,EMPTY,EMPTY,0.01
1051.0,cctv3,C3_S002,G019,EMPTY,MANEUVERING,0.49
1051.0,cctv3,C3_S003,G020,EMPTY,MANEUVERING,0.3181170476566661
1051.0,cctv3,C3_S004,G024,OCCUPIED,OCCUPIED,0.8263670027256013
1051.0,cctv3,C3_S005,G025,OCCUPIED,OCCUPIED,0.8246568205681715
1051.0,cctv3,C3_S006,G026,OCCUPIED,OCCUPIED,0.8252780705690385
1051.0,cctv3,C3_S007,G027,EMPTY,MANEUVERING,0.1691024773906577
1051.0,cctv3,C3_S008,G028,EMPTY,EMPTY,0.01
1051.0,cctv3,C3_S009,G029,EMPTY,EMPTY,0.01
1051.0,cctv3,C3_S010,G007,EMPTY,MANEUVERING,0.1759456808458675
1051.0,cctv3,C3_S011,G008,OCCUPIED,OCCUPIED,0.7917275940830057
1051.0,cctv3,C3_S012,G009,OCCUPIED,OCCUPIED,0.8237174971537157
1052.0,cctv1,C1_S001,G001,OCCUPIED,OCCUPIED,0.7166451085358859
1052.0,cctv1,C1_S002,G002,EMPTY,EMPTY,0.01
1052.0,cctv1,C1_S003,G003,OCCUPIED,OCCUPIED,0.8366384303027934
1052.0,cctv1,C1_S004,G004,OCCUPIED,OCCUPIED,0.779511789300225
1052.0,cctv1,C1_S005,G005,OCCUPIED,OCCUPIED,0.7612436253916134
1052.0,cctv1,C1_S006,G006,EMPTY,EMPTY,0.01
1052.0,cctv2,C2_S001,G007,OCCUPIED,LEAVING,0.7122658218104732
1052.0,cctv2,C2_S002,G008,OCCUPIED,LEAVING,0.8106051623821259
1052.0,cctv2,C2_S003,G009,OCCUPIED,OCCUPIED,0.51
1052.0,cctv2,C2_S004,G010,OCCUPIED,OCCUPIED,0.790510922128504
1052.0,cctv2,C2_S005,G001,EMPTY,EMPTY,0.01
1052.0,cctv2,C2_S006,G003,OCCUPIED,OCCUPIED,0.8167441406033257
1052.0,cctv2,C2_S007,G004,OCCUPIED,OCCUPIED,0.7887074779380452
1052.0,cctv2,C2_S008,G006,OCCUPIED,OCCUPIED,0.7622317658229308
1052.0,cctv2,C2_S009,G005,OCCUPIED,OCCUPIED,0.797142644091086
1052.0,cctv2,C2_S010,G002,EMPTY,MANEUVERING,0.49
1052.0,cctv2,C2_S011,G017,OCCUPIED,OCCUPIED,0.51
1052.0,cctv2,C2_S012,G018,OCCUPIED,LEAVING,0.7934072051535954
1052.0,cctv2,C2_S013,G019,OCCUPIED,OCCUPIED,0.8311579823493958
1052.0,cctv2,C2_S014,G020,EMPTY,EMPTY,0.01
1052.0,cctv3,C3_S001,G021,EMPTY,MANEUVERING,0.2531407077204097
1052.0,cctv3,C3_S002,G019,EMPTY,MANEUVERING,0.4323718533190813
1052.0,cctv3,C3_S003,G020,EMPTY,MANEUVERING,0.3955270989916541
1052.0,cctv3,C3_S004,G024,OCCUPIED,OCCUPIED,0.826234611326998
1052.0,cctv3,C3_S005,G025,OCCUPIED,OCCUPIED,0.824506634744731
1052.0,cctv3,C3_S006,G026,OCCUPIED,OCCUPIED,0.8254692527380857
1052.0,cctv3,C3_S007,G027,EMPTY,EMPTY,0.01
1052.0,cctv3,C3_S008,G028,EMPTY,EMPTY,0.01
1052.0,cctv3,C3_S009,G029,EMPTY,EMPTY,0.01
1052.0,cctv3,C3_S010,G007,EMPTY,MANEUVERING,0.1759456808458675
1052.0,cctv3,C3_S011,G008,OCCUPIED,OCCUPIED,0.7913993461565538
1052.0,cctv3,C3_S012,G009,OCCUPIED,OCCUPIED,0.8237599687142806
1053.0,cctv1,C1_S001,G001,OCCUPIED,OCCUPIED,0.717085114968094
1053.0,cctv1,C1_S002,G002,EMPTY,EMPTY,0.01
1053.0,cctv1,C1_S003,G003,OCCUPIED,OCCUPIED,0.8364819380370054
1053.0,cctv1,C1_S004,G004,OCCUPIED,OCCUPIED,0.7801702773029154
1053.0,cctv1,C1_S005,G005,OCCUPIED,OCCUPIED,0.764763767881827
1053.0,cctv1,C1_S006,G006,EMPTY,EMPTY,0.01
1053.0,cctv2,C2_S001,G007,OCCUPIED,LEAVING,0.7119754492152821
1053.0,cctv2,C2_S002,G008,OCCUPIED,LEAVING,0.8103214383125306
1053.0,cctv2,C2_S003,G009,OCCUPIED,OCCUPIED,0.51
1053.0,cctv2,C2_S004,G010,OCCUPIED,OCCUPIED,0.788460908965631
1053.0,cctv2,C2_S005,G001,EMPTY,EMPTY,0.01
1053.0,cctv2,C2_S006,G003,OCCUPIED,OCCUPIED,0.8172177480025725
1053.0,cctv2,C2_S007,G004,OCCUPIED,OCCUPIED,0.7900202128020201
1053.0,cctv2,C2_S008,G006,OCCUPIED,OCCUPIED,0.7624660933559592
1053.0,cctv2,C2_S009,G005,OCCUPIED,OCCUPIED,0.7955766379833222
1053.0,cctv2,C2_S010,G002,EMPTY,MANEUVERING,0.4618441152727449
1053.0,cctv2,C2_S011,G017,OCCUPIED,OCCUPIED,0.536073567813093
1053.0,cctv2,C2_S012,G018,OCCUPIED,LEAVING,0.7912388488650323
1053.0,cctv2,C2_S013,G019,OCCUPIED,OCCUPIED,0.8312301719730552
1053.0,cctv2,C2_S014,G020,EMPTY,EMPTY,0.01
1053.0,cctv3,C3_S001,G021,EMPTY,MANEUVERING,0.3479753313443877
1053.0,cctv3,C3_S002,G019,EMPTY,MANEUVERING,0.3693718533190814
1053.0,cctv3,C3_S003,G020,EMPTY,MANEUVERING,0.4748027459057894
1053.0,cctv3,C3_S004,G024,OCCUPIED,OCCUPIED,0.8265619066628543
1053.0,cctv3,C3_S005,G025,OCCUPIED,OCCUPIED,0.8243259554559534
1053.0,cctv3,C3_S006,G026,OCCUPIED,OCCUPIED,0.8257105523889716
1053.0,cctv3,C3_S007,G027,EMPTY,EMPTY,0.01
1053.0,cctv3,C3_S008,G028,EMPTY,EMPTY,0.01
1053.0,cctv3,C3_S009,G029,EMPTY,MANEUVERING,0.2111234182458032
1053.0,cctv3,C3_S010,G007,EMPTY,MANEUVERING,0.1759456808458675
1053.0,cctv3,C3_S011,G008,OCCUPIED,OCCUPIED,0.7933174791661176
1053.0,cctv3,C3_S012,G009,OCCUPIED,OCCUPIED,0.8241958358071068
1054.0,cctv1,C1_S001,G001,OCCUPIED,OCCUPIED,0.7172796132212336
1054.0,cctv1,C1_S002,G002,EMPTY,EMPTY,0.01
1054.0,cctv1,C1_S003,G003,OCCUPIED,OCCUPIED,0.8365256759253415
1054.0,cctv1,C1_S004,G004,OCCUPIED,OCCUPIED,0.7779088256033985
1054.0,cctv1,C1_S005,G005,OCCUPIED,OCCUPIED,0.7658573077483611
1054.0,cctv1,C1_S006,G006,EMPTY,EMPTY,0.01
1054.0,cctv2,C2_S001,G007,OCCUPIED,LEAVING,0.710632186647166
1054.0,cctv2,C2_S002,G008,OCCUPIED,LEAVING,0.8096700264648958
1054.0,cctv2,C2_S003,G009,OCCUPIED,OCCUPIED,0.51
1054.0,cctv2,C2_S004,G010,OCCUPIED,OCCUPIED,0.7890202519568531
1054.0,cctv2,C2_S005,G001,EMPTY,EMPTY,0.01
1054.0,cctv2,C2_S006,G003,OCCUPIED,OCCUPIED,0.8178475786339153
1054.0,cctv2,C2_S007,G004,OCCUPIED,OCCUPIED,0.790583296255632
1054.0,cctv2,C2_S008,G006,OCCUPIED,OCCUPIED,0.7607764394445853
1054.0,cctv2,C2_S009,G005,OCCUPIED,OCCUPIED,0.7948984024199574
1054.0,cctv2,C2_S010,G002,EMPTY,MANEUVERING,0.4134288497675549
1054.0,cctv2,C2_S011,G017,OCCUPIED,OCCUPIED,0.5720941913669759
1054.0,cctv2,C2_S012,G018,OCCUPIED,LEAVING,0.7880492211742836
1054.0,cctv2,C2_S013,G019,OCCUPIED,OCCUPIED,0.8315691446716136
1054.0,cctv2,C2_S014,G020,EMPTY,EMPTY,0.01
1054.0,cctv3,C3_S001,G021,EMPTY,MANEUVERING,0.4382485696944323
1054.0,cctv3,C3_S002,G019,EMPTY,MANEUVERING,0.3123718533190813
1054.0,cctv3,C3_S003,G020,EMPTY,MANEUVERING,0.49
1054.0,cctv3,C3_S004,G024,OCCUPIED,OCCUPIED,0.8270000682635741
1054.0,cctv3,C3_S005,G025,OCCUPIED,OCCUPIED,0.825377595153722
1054.0,cctv3,C3_S006,G026,OCCUPIED,OCCUPIED,0.8255474732680754
1054.0,cctv3,C3_S007,G027,EMPTY,EMPTY,0.01
1054.0,cctv3,C3_S008,G028,EMPTY,EMPTY,0.01
1054.0,cctv3,C3_S009,G029,EMPTY,MANEUVERING,0.2111234182458032
1054.0,cctv3,C3_S010,G007,EMPTY,EMPTY,0.01
1054.0,cctv3,C3_S011,G008,OCCUPIED,OCCUPIED,0.7934072242541748
1054.0,cctv3,C3_S012,G009,OCCUPIED,OCCUPIED,0.8242370304736225
1055.0,cctv1,C1_S001,G001,OCCUPIED,OCCUPIED,0.7179350627078253
1055.0,cctv1,C1_S002,G002,EMPTY,EMPTY,0.01
1055.0,cctv1,C1_S003,G003,OCCUPIED,OCCUPIED,0.8364943168380045
1055.0,cctv1,C1_S004,G004,OCCUPIED,OCCUPIED,0.7765942014076493
1055.0,cctv1,C1_S005,G005,OCCUPIED,OCCUPIED,0.7662558128887957
1055.0,cctv1,C1_S006,G006,EMPTY,EMPTY,0.01
1055.0,cctv2,C2_S001,G007,OCCUPIED,LEAVING,0.7115816765684974
1055.0,cctv2,C2_S002,G008,OCCUPIED,LEAVING,0.8080295492302288
1055.0,cctv2,C2_S003,G009,OCCUPIED,OCCUPIED,0.51
1055.0,cctv2,C2_S004,G010,OCCUPIED,OCCUPIED,0.7888574353673242
1055.0,cctv2,C2_S005,G001,EMPTY,EMPTY,0.01
1055.0,cctv2,C2_S006,G003,OCCUPIED,OCCUPIED,0.8182064427570864
1055.0,cctv2,C2_S007,G004,OCCUPIED,OCCUPIED,0.7901649740609257
1055.0,cctv2,C2_S008,G006,OCCUPIED,OCCUPIED,0.7603595729578626
1055.0,cctv2,C2_S009,G005,OCCUPIED,OCCUPIED,0.7921045728705147
1055.0,cctv2,C2_S010,G002,EMPTY,MANEUVERING,0.3642997063289989
1055.0,cctv2,C2_S011,G017,OCCUPIED,OCCUPIED,0.6535040528356255
1055.0,cctv2,C2_S012,G018,OCCUPIED,OCCUPIED,0.7329686756838453
1055.0,cctv2,C2_S013,G019,OCCUPIED,OCCUPIED,0.8316213900392706
1055.0,cctv2,C2_S014,G020,EMPTY,EMPTY,0.01
1055.0,cctv3,C3_S001,G021,EMPTY,MANEUVERING,0.49
1055.0,cctv3,C3_S002,G019,EMPTY,MANEUVERING,0.3038004247476528
1055.0,cctv3,C3_S003,G020,OCCUPIED,OCCUPIED,0.597578381841833
1055.0,cctv3,C3_S004,G024,OCCUPIED,OCCUPIED,0.8272894859313965
1055.0,cctv3,C3_S005,G025,OCCUPIED,OCCUPIED,0.8255507772619075
1055.0,cctv3,C3_S006,G026,OCCUPIED,OCCUPIED,0.8254376815123992
1055.0,cctv3,C3_S007,G027,EMPTY,EMPTY,0.01
1055.0,cctv3,C3_S008,G028,EMPTY,EMPTY,0.01
1055.0,cctv3,C3_S009,G029,EMPTY,MANEUVERING,0.2111234182458032
1055.0,cctv3,C3_S010,G007,EMPTY,EMPTY,0.01
1055.0,cctv3,C3_S011,G008,OCCUPIED,OCCUPIED,0.7938470910895955
1055.0,cctv3,C3_S012,G009,OCCUPIED,OCCUPIED,0.823822995749387
1056.0,cctv1,C1_S001,G001,OCCUPIED,OCCUPIED,0.7170365105975759
1056.0,cctv1,C1_S002,G002,EMPTY,EMPTY,0.01
1056.0,cctv1,C1_S003,G003,OCCUPIED,OCCUPIED,0.8364495288241994
1056.0,cctv1,C1_S004,G004,OCCUPIED,OCCUPIED,0.7754368477246979
1056.0,cctv1,C1_S005,G005,OCCUPIED,LEAVING,0.7639530531384728
1056.0,cctv1,C1_S006,G006,EMPTY,MANEUVERING,0.2356793491135944
1056.0,cctv2,C2_S001,G007,OCCUPIED,LEAVING,0.711047250669111
1056.0,cctv2,C2_S002,G008,OCCUPIED,LEAVING,0.8069831601598046
1056.0,cctv2,C2_S003,G009,OCCUPIED,OCCUPIED,0.51
1056.0,cctv2,C2_S004,G010,OCCUPIED,OCCUPIED,0.7886141866445542
1056.0,cctv2,C2_S005,G001,EMPTY,EMPTY,0.01
1056.0,cctv2,C2_S006,G003,OCCUPIED,OCCUPIED,0.8184396372600036
1056.0,cctv2,C2_S007,G004,OCCUPIED,OCCUPIED,0.7907753416083076
1056.0,cctv2,C2_S008,G006,OCCUPIED,OCCUPIED,0.7587562593546782
1056.0,cctv2,C2_S009,G005,OCCUPIED,OCCUPIED,0.7914679432457145
1056.0,cctv2,C2_S010,G002,EMPTY,MANEUVERING,0.314880595383319
1056.0,cctv2,C2_S011,G017,OCCUPIED,OCCUPIED,0.6902535161850127
1056.0,cctv2,C2_S012,G018,OCCUPIED,OCCUPIED,0.7397485513307833
1056.0,cctv2,C2_S013,G019,OCCUPIED,OCCUPIED,0.8318734429099344
1056.0,cctv2,C2_S014,G020,EMPTY,EMPTY,0.01
1056.0,cctv3,C3_S001,G021,EMPTY,MANEUVERING,0.49
1056.0,cctv3,C3_S002,G019,EMPTY,MANEUVERING,0.2973718533190814
1056.0,cctv3,C3_S003,G020,OCCUPIED,OCCUPIED,0.6366044962948019
1056.0,cctv3,C3_S004,G024,OCCUPIED,OCCUPIED,0.827596637877551
1056.0,cctv3,C3_S005,G025,OCCUPIED,OCCUPIED,0.8259535117582841
1056.0,cctv3,C3_S006,G026,OCCUPIED,OCCUPIED,0.8252485492012718
1056.0,cctv3,C3_S007,G027,EMPTY,EMPTY,0.01
1056.0,cctv3,C3_S008,G028,EMPTY,EMPTY,0.01
1056.0,cctv3,C3_S009,G029,EMPTY,MANEUVERING,0.2111234182458032
1056.0,cctv3,C3_S010,G007,EMPTY,EMPTY,0.01
1056.0,cctv3,C3_S011,G008,OCCUPIED,OCCUPIED,0.7944337779825384
1056.0,cctv3,C3_S012,G009,OCCUPIED,OCCUPIED,0.8232714904980226
1057.0,cctv1,C1_S001,G001,OCCUPIED,OCCUPIED,0.7176755768670278
1057.0,cctv1,C1_S002,G002,EMPTY,EMPTY,0.01
1057.0,cctv1,C1_S003,G003,OCCUPIED,OCCUPIED,0.8365082586353476
1057.0,cctv1,C1_S004,G004,OCCUPIED,OCCUPIED,0.7734623558141969
1057.0,cctv1,C1_S005,G005,OCCUPIED,LEAVING,0.7626231927763333
1057.0,cctv1,C1_S006,G006,EMPTY,MANEUVERING,0.3154109272293069
1057.0,cctv2,C2_S001,G007,OCCUPIED,LEAVING,0.7466121581467716
1057.0,cctv2,C2_S002,G008,OCCUPIED,LEAVING,0.8065006079998884
1057.0,cctv2,C2_S003,G009,OCCUPIED,OCCUPIED,0.51
1057.0,cctv2,C2_S004,G010,OCCUPIED,OCCUPIED,0.7877586619420486
1057.0,cctv2,C2_S005,G001,EMPTY,EMPTY,0.01
1057.0,cctv2,C2_S006,G003,OCCUPIED,OCCUPIED,0.8184693195603111
1057.0,cctv2,C2_S007,G004,OCCUPIED,OCCUPIED,0.7911611156030135
1057.0,cctv2,C2_S008,G006,OCCUPIED,OCCUPIED,0.7569798250089993
1057.0,cctv2,C2_S009,G005,OCCUPIED,OCCUPIED,0.7901017478921197
1057.0,cctv2,C2_S010,G002,EMPTY,MANEUVERING,0.2644372415000742
1057.0,cctv2,C2_S011,G017,OCCUPIED,OCCUPIED,0.7270403764464639
1057.0,cctv2,C2_S012,G018,OCCUPIED,OCCUPIED,0.7496059903502466
1057.0,cctv2,C2_S013,G019,OCCUPIED,OCCUPIED,0.8318865580992265
1057.0,cctv2,C2_S014,G020,EMPTY,EMPTY,0.01
1057.0,cctv3,C3_S001,G021,EMPTY,MANEUVERING,0.49
1057.0,cctv3,C3_S002,G019,EMPTY,MANEUVERING,0.2923718533190814
1057.0,cctv3,C3_S003,G020,OCCUPIED,OCCUPIED,0.6736914435377369
1057.0,cctv3,C3_S004,G024,OCCUPIED,OCCUPIED,0.8277552954175256
1057.0,cctv3,C3_S005,G025,OCCUPIED,OCCUPIED,0.825846965475516
1057.0,cctv3,C3_S006,G026,OCCUPIED,OCCUPIED,0.8251734164628116
1057.0,cctv3,C3_S007,G027,EMPTY,EMPTY,0.01
1057.0,cctv3,C3_S008,G028,EMPTY,EMPTY,0.01
1057.0,cctv3,C3_S009,G029,EMPTY,MANEUVERING,0.1661234182458032
1057.0,cctv3,C3_S010,G007,EMPTY,MANEUVERING,0.2855195803533901
1057.0,cctv3,C3_S011,G008,OCCUPIED,OCCUPIED,0.793889834935015
1057.0,cctv3,C3_S012,G009,OCCUPIED,OCCUPIED,0.8228828351606023
1058.0,cctv1,C1_S001,G001,OCCUPIED,OCCUPIED,0.7181711409918288
1058.0,cctv1,C1_S002,G002,EMPTY,EMPTY,0.01
1058.0,cctv1,C1_S003,G003,OCCUPIED,OCCUPIED,0.8365577510812067
1058.0,cctv1,C1_S004,G004,OCCUPIED,OCCUPIED,0.7721837813203986
1058.0,cctv1,C1_S005,G005,OCCUPIED,LEAVING,0.7586730421944099
1058.0,cctv1,C1_S006,G006,EMPTY,MANEUVERING,0.3959508165988055
1058.0,cctv2,C2_S001,G007,OCCUPIED,LEAVING,0.7464392633600669
1058.0,cctv2,C2_S002,G008,OCCUPIED,LEAVING,0.805150468512015
1058.0,cctv2,C2_S003,G009,OCCUPIED,OCCUPIED,0.51
1058.0,cctv2,C2_S004,G010,OCCUPIED,OCCUPIED,0.78473476794633
1058.0,cctv2,C2_S005,G001,EMPTY,EMPTY,0.01
1058.0,cctv2,C2_S006,G003,OCCUPIED,OCCUPIED,0.8190134487368844
1058.0,cctv2,C2_S007,G004,OCCUPIED,OCCUPIED,0.7931550202044575
1058.0,cctv2,C2_S008,G006,OCCUPIED,OCCUPIED,0.7562864508141172
1058.0,cctv2,C2_S009,G005,OCCUPIED,OCCUPIED,0.7897900955243544
1058.0,cctv2,C2_S010,G002,EMPTY,MANEUVERING,0.2112712122635408
1058.0,cctv2,C2_S011,G017,OCCUPIED,OCCUPIED,0.7636482282389294
1058.0,cctv2,C2_S012,G018,OCCUPIED,OCCUPIED,0.7575107844580304
1058.0,cctv2,C2_S013,G019,OCCUPIED,OCCUPIED,0.8315846258943732
1058.0,cctv2,C2_S014,G020,EMPTY,EMPTY,0.01
1058.0,cctv3,C3_S001,G021,EMPTY,MANEUVERING,0.49
1058.0,cctv3,C3_S002,G019,EMPTY,MANEUVERING,0.2883718533190814
1058.0,cctv3,C3_S003,G020,OCCUPIED,LEAVING,0.708084971356121
1058.0,cctv3,C3_S004,G024,OCCUPIED,OCCUPIED,0.8282232498580759
1058.0,cctv3,C3_S005,G025,OCCUPIED,OCCUPIED,0.8260549553415992
1058.0,cctv3,C3_S006,G026,OCCUPIED,OCCUPIED,0.825229313698682
1058.0,cctv3,C3_S007,G027,EMPTY,EMPTY,0.01
1058.0,cctv3,C3_S008,G028,EMPTY,EMPTY,0.01
1058.0,cctv3,C3_S009,G029,EMPTY,MANEUVERING,0.1661234182458032
1058.0,cctv3,C3_S010,G007,EMPTY,MANEUVERING,0.2855195803533901
1058.0,cctv3,C3_S011,G008,OCCUPIED,OCCUPIED,0.7943715092810718
1058.0,cctv3,C3_S012,G009,OCCUPIED,OCCUPIED,0.8230905990708959
1059.0,cctv1,C1_S001,G001,OCCUPIED,OCCUPIED,0.7186621769585393
1059.0,cctv1,C1_S002,G002,EMPTY,EMPTY,0.01
1059.0,cctv1,C1_S003,G003,OCCUPIED,OCCUPIED,0.8365569090301341
1059.0,cctv1,C1_S004,G004,OCCUPIED,OCCUPIED,0.7717893336306919
1059.0,cctv1,C1_S005,G005,OCCUPIED,LEAVING,0.7566395676948808
1059.0,cctv1,C1_S006,G006,EMPTY,MANEUVERING,0.4769594400613145
1059.0,cctv2,C2_S001,G007,OCCUPIED,LEAVING,0.7455977720970458
1059.0,cctv2,C2_S002,G008,OCCUPIED,LEAVING,0.8059889042919333
1059.0,cctv2,C2_S003,G009,OCCUPIED,OCCUPIED,0.51
1059.0,cctv2,C2_S004,G010,OCCUPIED,OCCUPIED,0.7857318043708802
1059.0,cctv2,C2_S005,G001,EMPTY,EMPTY,0.01
1059.0,cctv2,C2_S006,G003,OCCUPIED,OCCUPIED,0.8191157173026693
1059.0,cctv2,C2_S007,G004,OCCUPIED,OCCUPIED,0.7932664090936835
1059.0,cctv2,C2_S008,G006,OCCUPIED,OCCUPIED,0.753894263776866
1059.0,cctv2,C2_S009,G005,OCCUPIED,OCCUPIED,0.7880105628208681
1059.0,cctv2,C2_S010,G002,EMPTY,MANEUVERING,0.1558974359252236
1059.0,cctv2,C2_S011,G017,OCCUPIED,OCCUPIED,0.7622555886615406
1059.0,cctv2,C2_S012,G018,OCCUPIED,OCCUPIED,0.7686563181877137
1059.0,cctv2,C2_S013,G019,OCCUPIED,OCCUPIED,0.8317680093375119
1059.0,cctv2,C2_S014,G020,EMPTY,EMPTY,0.01
1059.0,cctv3,C3_S001,G021,EMPTY,MANEUVERING,0.49
1059.0,cctv3,C3_S002,G019,EMPTY,MANEUVERING,0.2397807671210982
1059.0,cctv3,C3_S003,G020,OCCUPIED,LEAVING,0.7423263948975187
1059.0,cctv3,C3_S004,G024,OCCUPIED,OCCUPIED,0.8282398421656002
1059.0,cctv3,C3_S005,G025,OCCUPIED,OCCUPIED,0.8248623070391743
1059.0,cctv3,C3_S006,G026,OCCUPIED,OCCUPIED,0.8250851100141352
1059.0,cctv3,C3_S007,G027,EMPTY,EMPTY,0.01
1059.0,cctv3,C3_S008,G028,EMPTY,EMPTY,0.01
1059.0,cctv3,C3_S009,G029,EMPTY,MANEUVERING,0.1661234182458032
1059.0,cctv3,C3_S010,G007,EMPTY,MANEUVERING,0.2855195803533901
1059.0,cctv3,C3_S011,G008,OCCUPIED,OCCUPIED,0.793159093098207
1059.0,cctv3,C3_S012,G009,OCCUPIED,OCCUPIED,0.8226360808719289
1060.0,cctv1,C1_S001,G001,OCCUPIED,OCCUPIED,0.7196630863303488
1060.0,cctv1,C1_S002,G002,EMPTY,EMPTY,0.01
1060.0,cctv1,C1_S003,G003,OCCUPIED,OCCUPIED,0.8364817933602767
1060.0,cctv1,C1_S004,G004,OCCUPIED,OCCUPIED,0.7696053904565898
1060.0,cctv1,C1_S005,G005,OCCUPIED,LEAVING,0.7538667873902755
1060.0,cctv1,C1_S006,G006,EMPTY,MANEUVERING,0.49
1060.0,cctv2,C2_S001,G007,OCCUPIED,LEAVING,0.7366384653205222
1060.0,cctv2,C2_S002,G008,OCCUPIED,LEAVING,0.8064488064159048
1060.0,cctv2,C2_S003,G009,EMPTY,EMPTY,0.2129050975844457
1060.0,cctv2,C2_S004,G010,OCCUPIED,OCCUPIED,0.7837178531018171
1060.0,cctv2,C2_S005,G001,EMPTY,EMPTY,0.01
1060.0,cctv2,C2_S006,G003,OCCUPIED,OCCUPIED,0.819172713431445
1060.0,cctv2,C2_S007,G004,OCCUPIED,OCCUPIED,0.794313179362904
1060.0,cctv2,C2_S008,G006,OCCUPIED,OCCUPIED,0.751426734301177
1060.0,cctv2,C2_S009,G005,OCCUPIED,OCCUPIED,0.7857452528043227
1060.0,cctv2,C2_S010,G002,EMPTY,EMPTY,0.01
1060.0,cctv2,C2_S011,G017,OCCUPIED,OCCUPIED,0.763236306201328
1060.0,cctv2,C2_S012,G018,OCCUPIED,OCCUPIED,0.7764475532553413
1060.0,cctv2,C2_S013,G019,OCCUPIED,OCCUPIED,0.8319133663719351
1060.0,cctv2,C2_S014,G020,EMPTY,EMPTY,0.01
1060.0,cctv3,C3_S001,G021,EMPTY,MANEUVERING,0.49
1060.0,cctv3,C3_S002,G019,EMPTY,MANEUVERING,0.1901801898371089
1060.0,cctv3,C3_S003,G020,OCCUPIED,LEAVING,0.7775736485828053
1060.0,cctv3,C3_S004,G024,OCCUPIED,OCCUPIED,0.828299296985973
1060.0,cctv3,C3_S005,G025,OCCUPIED,OCCUPIED,0.8253184288740159
1060.0,cctv3,C3_S006,G026,OCCUPIED,OCCUPIED,0.8250528194687584
1060.0,cctv3,C3_S007,G027,EMPTY,EMPTY,0.01
1060.0,cctv3,C3_S008,G028,EMPTY,EMPTY,0.01
1060.0,cctv3,C3_S009,G029,EMPTY,MANEUVERING,0.1661234182458032
1060.0,cctv3,C3_S010,G007,EMPTY,MANEUVERING,0.3663333236358382
1060.0,cctv3,C3_S011,G008,OCCUPIED,OCCUPIED,0.7934581268917431
1060.0,cctv3,C3_S012,G009,OCCUPIED,OCCUPIED,0.8232163613492793
1061.0,cctv1,C1_S001,G001,OCCUPIED,OCCUPIED,0.7194875751706687
1061.0,cctv1,C1_S002,G002,EMPTY,EMPTY,0.01
1061.0,cctv1,C1_S003,G003,OCCUPIED,OCCUPIED,0.8364266503940929
1061.0,cctv1,C1_S004,G004,OCCUPIED,OCCUPIED,0.7696128177371893
1061.0,cctv1,C1_S005,G005,OCCUPIED,LEAVING,0.7529196908528155
1061.0,cctv1,C1_S006,G006,EMPTY,MANEUVERING,0.4551286760920828
1061.0,cctv2,C2_S001,G007,OCCUPIED,LEAVING,0.745302312956615
1061.0,cctv2,C2_S002,G008,OCCUPIED,LEAVING,0.80863534970717
1061.0,cctv2,C2_S003,G009,EMPTY,EMPTY,0.01
1061.0,cctv2,C2_S004,G010,OCCUPIED,OCCUPIED,0.78483146564527
1061.0,cctv2,C2_S005,G001,EMPTY,EMPTY,0.01
1061.0,cctv2,C2_S006,G003,OCCUPIED,OCCUPIED,0.8189244254068896
1061.0,cctv2,C2_S007,G004,OCCUPIED,OCCUPIED,0.7940922157330947
1061.0,cctv2,C2_S008,G006,OCCUPIED,OCCUPIED,0.7505253430117261
1061.0,cctv2,C2_S009,G005,OCCUPIED,OCCUPIED,0.7832550460642035
1061.0,cctv2,C2_S010,G002,EMPTY,MANEUVERING,0.1910181012045253
1061.0,cctv2,C2_S011,G017,OCCUPIED,LEAVING,0.7480721283663403
1061.0,cctv2,C2_S012,G018,OCCUPIED,OCCUPIED,0.7596890005469323
1061.0,cctv2,C2_S013,G019,OCCUPIED,OCCUPIED,0.8320502394979651
1061.0,cctv2,C2_S014,G020,EMPTY,EMPTY,0.01
1061.0,cctv3,C3_S001,G021,EMPTY,MANEUVERING,0.49
1061.0,cctv3,C3_S002,G019,EMPTY,EMPTY,0.01
1061.0,cctv3,C3_S003,G020,OCCUPIED,LEAVING,0.8111969113349915
1061.0,cctv3,C3_S004,G024,OCCUPIED,OCCUPIED,0.8282437549395996
1061.0,cctv3,C3_S005,G025,OCCUPIED,OCCUPIED,0.8250783662904393
1061.0,cctv3,C3_S006,G026,OCCUPIED,OCCUPIED,0.8251789158040828
1061.0,cctv3,C3_S007,G027,EMPTY,EMPTY,0.01
1061.0,cctv3,C3_S008,G028,EMPTY,EMPTY,0.01
1061.0,cctv3,C3_S009,G029,EMPTY,MANEUVERING,0.1661234182458032
1061.0,cctv3,C3_S010,G007,EMPTY,MANEUVERING,0.3213333236358382
1061.0,cctv3,C3_S011,G008,OCCUPIED,OCCUPIED,0.7945984891869806
1061.0,cctv3,C3_S012,G009,OCCUPIED,OCCUPIED,0.8234759999947115
1062.0,cctv1,C1_S001,G001,OCCUPIED,OCCUPIED,0.7199105776169084
1062.0,cctv1,C1_S002,G002,EMPTY,EMPTY,0.01
1062.0,cctv1,C1_S003,G003,OCCUPIED,OCCUPIED,0.836464183438908
1062.0,cctv1,C1_S004,G004,OCCUPIED,OCCUPIED,0.77072401791811
1062.0,cctv1,C1_S005,G005,OCCUPIED,LEAVING,0.752576250650666
1062.0,cctv1,C1_S006,G006,EMPTY,MANEUVERING,0.3958429618063686
1062.0,cctv2,C2_S001,G007,OCCUPIED,LEAVING,0.7452203854918481
1062.0,cctv2,C2_S002,G008,OCCUPIED,LEAVING,0.8096161392602055
1062.0,cctv2,C2_S003,G009,EMPTY,EMPTY,0.01
1062.0,cctv2,C2_S004,G010,OCCUPIED,OCCUPIED,0.7873427423563871
1062.0,cctv2,C2_S005,G001,EMPTY,EMPTY,0.01
1062.0,cctv2,C2_S006,G003,OCCUPIED,OCCUPIED,0.8189091465689919
1062.0,cctv2,C2_S007,G004,OCCUPIED,OCCUPIED,0.7939303062178873
1062.0,cctv2,C2_S008,G006,OCCUPIED,OCCUPIED,0.7495920326222073
1062.0,cctv2,C2_S009,G005,OCCUPIED,OCCUPIED,0.7825980938293717
1062.0,cctv2,C2_S010,G002,EMPTY,MANEUVERING,0.2827911453084512
1062.0,cctv2,C2_S011,G017,OCCUPIED,LEAVING,0.7703833086111329
1062.0,cctv2,C2_S012,G018,OCCUPIED,OCCUPIED,0.7442814273454926
1062.0,cctv2,C2_S013,G019,OCCUPIED,OCCUPIED,0.8319503841075031
1062.0,cctv2,C2_S014,G020,EMPTY,EMPTY,0.01
1062.0,cctv3,C3_S001,G021,EMPTY,MANEUVERING,0.49
1062.0,cctv3,C3_S002,G019,EMPTY,EMPTY,0.01
1062.0,cctv3,C3_S003,G020,OCCUPIED,LEAVING,0.8108350618319079
1062.0,cctv3,C3_S004,G024,OCCUPIED,OCCUPIED,0.8284036194736308
1062.0,cctv3,C3_S005,G025,OCCUPIED,OCCUPIED,0.8250047827308828
1062.0,cctv3,C3_S006,G026,OCCUPIED,OCCUPIED,0.8250989144498653
1062.0,cctv3,C3_S007,G027,EMPTY,EMPTY,0.01
1062.0,cctv3,C3_S008,G028,EMPTY,EMPTY,0.01
1062.0,cctv3,C3_S009,G029,EMPTY,MANEUVERING,0.1661234182458032
1062.0,cctv3,C3_S010,G007,EMPTY,MANEUVERING,0.4006107244166461
1062.0,cctv3,C3_S011,G008,OCCUPIED,OCCUPIED,0.7945046842098237
1062.0,cctv3,C3_S012,G009,OCCUPIED,OCCUPIED,0.8235928492112594
1063.0,cctv1,C1_S001,G001,OCCUPIED,OCCUPIED,0.7202101487666369
1063.0,cctv1,C1_S002,G002,EMPTY,EMPTY,0.01
1063.0,cctv1,C1_S003,G003,OCCUPIED,OCCUPIED,0.8365179674191909
1063.0,cctv1,C1_S004,G004,OCCUPIED,OCCUPIED,0.7721401153640314
1063.0,cctv1,C1_S005,G005,OCCUPIED,LEAVING,0.7524257864464413
1063.0,cctv1,C1_S006,G006,EMPTY,MANEUVERING,0.4354986691271717
1063.0,cctv2,C2_S001,G007,OCCUPIED,LEAVING,0.7431141207163985
1063.0,cctv2,C2_S002,G008,OCCUPIED,LEAVING,0.8108701662583785
1063.0,cctv2,C2_S003,G009,EMPTY,EMPTY,0.01
1063.0,cctv2,C2_S004,G010,OCCUPIED,OCCUPIED,0.7883937545798042
1063.0,cctv2,C2_S005,G001,EMPTY,EMPTY,0.01
1063.0,cctv2,C2_S006,G003,OCCUPIED,OCCUPIED,0.8193612402135676
1063.0,cctv2,C2_S007,G004,OCCUPIED,OCCUPIED,0.7957896387035197
1063.0,cctv2,C2_S008,G006,OCCUPIED,OCCUPIED,0.7484197662635284
1063.0,cctv2,C2_S009,G005,OCCUPIED,OCCUPIED,0.7826707695018162
1063.0,cctv2,C2_S010,G002,EMPTY,MANEUVERING,0.2827911453084512
1063.0,cctv2,C2_S011,G017,OCCUPIED,LEAVING,0.7698360266197812
1063.0,cctv2,C2_S012,G018,OCCUPIED,OCCUPIED,0.7401015057347038
1063.0,cctv2,C2_S013,G019,OCCUPIED,OCCUPIED,0.8319697943600742
1063.0,cctv2,C2_S014,G020,EMPTY,EMPTY,0.01
1063.0,cctv3,C3_S001,G021,EMPTY,MANEUVERING,0.49
1063.0,cctv3,C3_S002,G019,EMPTY,EMPTY,0.01
1063.0,cctv3,C3_S003,G020,OCCUPIED,LEAVING,0.8093294135548852
1063.0,cctv3,C3_S004,G024,OCCUPIED,OCCUPIED,0.8287060694261031
1063.0,cctv3,C3_S005,G025,OCCUPIED,OCCUPIED,0.8241983432661404
1063.0,cctv3,C3_S006,G026,OCCUPIED,OCCUPIED,0.8248662287538703
1063.0,cctv3,C3_S007,G027,EMPTY,EMPTY,0.01
1063.0,cctv3,C3_S008,G028,EMPTY,EMPTY,0.01
1063.0,cctv3,C3_S009,G029,EMPTY,MANEUVERING,0.1661234182458032
1063.0,cctv3,C3_S010,G007,EMPTY,MANEUVERING,0.4006107244166461
1063.0,cctv3,C3_S011,G008,OCCUPIED,OCCUPIED,0.794139048728076
1063.0,cctv3,C3_S012,G009,OCCUPIED,OCCUPIED,0.8232424828139219
1064.0,cctv1,C1_S001,G001,OCCUPIED,OCCUPIED,0.720707046579231
1064.0,cctv1,C1_S002,G002,EMPTY,EMPTY,0.01
1064.0,cctv1,C1_S003,G003,OCCUPIED,OCCUPIED,0.836492505940524
1064.0,cctv1,C1_S004,G004,OCCUPIED,OCCUPIED,0.7713776308027182
1064.0,cctv1,C1_S005,G005,OCCUPIED,LEAVING,0.7500060957941143
1064.0,cctv1,C1_S006,G006,EMPTY,MANEUVERING,0.3904986691271717
1064.0,cctv2,C2_S001,G007,OCCUPIED,LEAVING,0.7430036681619558
1064.0,cctv2,C2_S002,G008,OCCUPIED,LEAVING,0.8112117910926993
1064.0,cctv2,C2_S003,G009,EMPTY,MANEUVERING,0.2719656450640071
1064.0,cctv2,C2_S004,G010,OCCUPIED,OCCUPIED,0.7905484876849436
1064.0,cctv2,C2_S005,G001,EMPTY,EMPTY,0.01
1064.0,cctv2,C2_S006,G003,OCCUPIED,OCCUPIED,0.8194090680642562
1064.0,cctv2,C2_S007,G004,OCCUPIED,OCCUPIED,0.7955930002711037
1064.0,cctv2,C2_S008,G006,OCCUPIED,OCCUPIED,0.7476533323526383
1064.0,cctv2,C2_S009,G005,OCCUPIED,OCCUPIED,0.7832244627855042
1064.0,cctv2,C2_S010,G002,EMPTY,MANEUVERING,0.3731718259507959
1064.0,cctv2,C2_S011,G017,OCCUPIED,LEAVING,0.7544243313507601
1064.0,cctv2,C2_S012,G018,OCCUPIED,OCCUPIED,0.7269974705305967
1064.0,cctv2,C2_S013,G019,OCCUPIED,OCCUPIED,0.831872014024041
1064.0,cctv2,C2_S014,G020,EMPTY,EMPTY,0.01
1064.0,cctv3,C3_S001,G021,EMPTY,MANEUVERING,0.49
1064.0,cctv3,C3_S002,G019,EMPTY,EMPTY,0.01
1064.0,cctv3,C3_S003,G020,OCCUPIED,LEAVING,0.8094579937783155
1064.0,cctv3,C3_S004,G024,OCCUPIED,OCCUPIED,0.8284518244591627
1064.0,cctv3,C3_S005,G025,OCCUPIED,OCCUPIED,0.8244165848601949
1064.0,cctv3,C3_S006,G026,OCCUPIED,OCCUPIED,0.82468039393425
1064.0,cctv3,C3_S007,G027,EMPTY,EMPTY,0.01
1064.0,cctv3,C3_S008,G028,EMPTY,EMPTY,0.01
1064.0,cctv3,C3_S009,G029,EMPTY,EMPTY,0.01
1064.0,cctv3,C3_S010,G007,EMPTY,MANEUVERING,0.355610724416646
1064.0,cctv3,C3_S011,G008,OCCUPIED,OCCUPIED,0.7938913532278755
1064.0,cctv3,C3_S012,G009,OCCUPIED,OCCUPIED,0.8233722554011779
1065.0,cctv1,C1_S001,G001,OCCUPIED,OCCUPIED,0.7218418993733147
1065.0,cctv1,C1_S002,G002,EMPTY,EMPTY,0.01
1065.0,cctv1,C1_S003,G003,OCCUPIED,OCCUPIED,0.8364873040806164
1065.0,cctv1,C1_S004,G004,OCCUPIED,OCCUPIED,0.7725624507123774
1065.0,cctv1,C1_S005,G005,OCCUPIED,LEAVING,0.7494720041751862
1065.0,cctv1,C1_S006,G006,EMPTY,MANEUVERING,0.3904986691271717
1065.0,cctv2,C2_S001,G007,OCCUPIED,LEAVING,0.7440847249870951
1065.0,cctv2,C2_S002,G008,OCCUPIED,LEAVING,0.8117880003018814
1065.0,cctv2,C2_S003,G009,EMPTY,MANEUVERING,0.2719656450640071
1065.0,cctv2,C2_S004,G010,OCCUPIED,OCCUPIED,0.7879174117337574
1065.0,cctv2,C2_S005,G001,EMPTY,EMPTY,0.01
1065.0,cctv2,C2_S006,G003,OCCUPIED,OCCUPIED,0.8192401978102598
1065.0,cctv2,C2_S007,G004,OCCUPIED,OCCUPIED,0.7955599148165097
1065.0,cctv2,C2_S008,G006,OCCUPIED,OCCUPIED,0.7485314099626108
1065.0,cctv2,C2_S009,G005,OCCUPIED,OCCUPIED,0.7836986106905071
1065.0,cctv2,C2_S010,G002,EMPTY,MANEUVERING,0.3281718259507959
1065.0,cctv2,C2_S011,G017,OCCUPIED,LEAVING,0.7527451555295425
1065.0,cctv2,C2_S012,G018,OCCUPIED,OCCUPIED,0.7249832282824951
1065.0,cctv2,C2_S013,G019,OCCUPIED,OCCUPIED,0.8316632601347838
1065.0,cctv2,C2_S014,G020,EMPTY,EMPTY,0.01
1065.0,cctv3,C3_S001,G021,EMPTY,MANEUVERING,0.49
1065.0,cctv3,C3_S002,G019,EMPTY,EMPTY,0.01
1065.0,cctv3,C3_S003,G020,OCCUPIED,LEAVING,0.808864881775596
1065.0,cctv3,C3_S004,G024,OCCUPIED,OCCUPIED,0.8282403745434501
1065.0,cctv3,C3_S005,G025,OCCUPIED,OCCUPIED,0.8245259921659124
1065.0,cctv3,C3_S006,G026,OCCUPIED,OCCUPIED,0.8249595403671265
1065.0,cctv3,C3_S007,G027,EMPTY,EMPTY,0.01
1065.0,cctv3,C3_S008,G028,EMPTY,EMPTY,0.01
1065.0,cctv3,C3_S009,G029,EMPTY,EMPTY,0.01
1065.0,cctv3,C3_S010,G007,EMPTY,MANEUVERING,0.355610724416646
1065.0,cctv3,C3_S011,G008,OCCUPIED,OCCUPIED,0.7942350401119753
1065.0,cctv3,C3_S012,G009,OCCUPIED,OCCUPIED,0.8230232683095066
1066.0,cctv1,C1_S001,G001,OCCUPIED,OCCUPIED,0.7228614314035936
1066.0,cctv1,C1_S002,G002,EMPTY,EMPTY,0.01
1066.0,cctv1,C1_S003,G003,OCCUPIED,OCCUPIED,0.8364853281866421
1066.0,cctv1,C1_S004,G004,OCCUPIED,OCCUPIED,0.772154007174752
1066.0,cctv1,C1_S005,G005,OCCUPIED,LEAVING,0.7479538186029955
1066.0,cctv1,C1_S006,G006,EMPTY,MANEUVERING,0.3904986691271717
1066.0,cctv2,C2_S001,G007,OCCUPIED,LEAVING,0.7424580022015356
1066.0,cctv2,C2_S002,G008,OCCUPIED,OCCUPIED,0.8126774386926131
1066.0,cctv2,C2_S003,G009,EMPTY,MANEUVERING,0.2719656450640071
1066.0,cctv2,C2_S004,G010,OCCUPIED,OCCUPIED,0.7891103510152211
1066.0,cctv2,C2_S005,G001,EMPTY,EMPTY,0.01
1066.0,cctv2,C2_S006,G003,OCCUPIED,OCCUPIED,0.8193662445653569
1066.0,cctv2,C2_S007,G004,OCCUPIED,OCCUPIED,0.7956272837790577
1066.0,cctv2,C2_S008,G006,OCCUPIED,OCCUPIED,0.748292660848661
1066.0,cctv2,C2_S009,G005,OCCUPIED,OCCUPIED,0.7841406777501106
1066.0,cctv2,C2_S010,G002,EMPTY,MANEUVERING,0.3748257594081489
1066.0,cctv2,C2_S011,G017,OCCUPIED,LEAVING,0.7382285150343723
1066.0,cctv2,C2_S012,G018,OCCUPIED,OCCUPIED,0.7115558511560615
1066.0,cctv2,C2_S013,G019,OCCUPIED,OCCUPIED,0.8315734744071961
1066.0,cctv2,C2_S014,G020,EMPTY,EMPTY,0.01
1066.0,cctv3,C3_S001,G021,EMPTY,MANEUVERING,0.49
1066.0,cctv3,C3_S002,G019,EMPTY,EMPTY,0.01
1066.0,cctv3,C3_S003,G020,OCCUPIED,LEAVING,0.8063080522147092
1066.0,cctv3,C3_S004,G024,OCCUPIED,OCCUPIED,0.8284648234193976
1066.0,cctv3,C3_S005,G025,OCCUPIED,OCCUPIED,0.8239553050561386
1066.0,cctv3,C3_S006,G026,OCCUPIED,OCCUPIED,0.8248665920712732
1066.0,cctv3,C3_S007,G027,EMPTY,EMPTY,0.01
1066.0,cctv3,C3_S008,G028,EMPTY,EMPTY,0.01
1066.0,cctv3,C3_S009,G029,EMPTY,EMPTY,0.01
1066.0,cctv3,C3_S010,G007,EMPTY,MANEUVERING,0.3919590833647685
1066.0,cctv3,C3_S011,G008,OCCUPIED,OCCUPIED,0.7937471056526358
1066.0,cctv3,C3_S012,G009,OCCUPIED,OCCUPIED,0.8231561563231728
1067.0,cctv1,C1_S001,G001,OCCUPIED,OCCUPIED,0.7235704513097352
1067.0,cctv1,C1_S002,G002,EMPTY,EMPTY,0.01
1067.0,cctv1,C1_S003,G003,OCCUPIED,OCCUPIED,0.8365651060234417
1067.0,cctv1,C1_S004,G004,OCCUPIED,OCCUPIED,0.7718342305584388
1067.0,cctv1,C1_S005,G005,OCCUPIED,LEAVING,0.7478870673613115
1067.0,cctv1,C1_S006,G006,EMPTY,MANEUVERING,0.3097352604026144
1067.0,cctv2,C2_S001,G007,OCCUPIED,LEAVING,0.7427121929147027
1067.0,cctv2,C2_S002,G008,OCCUPIED,OCCUPIED,0.813019612160596
1067.0,cctv2,C2_S003,G009,EMPTY,MANEUVERING,0.2719656450640071
1067.0,cctv2,C2_S004,G010,OCCUPIED,OCCUPIED,0.7891069486737252
1067.0,cctv2,C2_S005,G001,EMPTY,EMPTY,0.01
1067.0,cctv2,C2_S006,G003,OCCUPIED,OCCUPIED,0.8192643555727872
1067.0,cctv2,C2_S007,G004,OCCUPIED,OCCUPIED,0.7952269738370723
1067.0,cctv2,C2_S008,G006,OCCUPIED,OCCUPIED,0.7487307980656625
1067.0,cctv2,C2_S009,G005,OCCUPIED,OCCUPIED,0.7841282233595849
1067.0,cctv2,C2_S010,G002,EMPTY,MANEUVERING,0.3748257594081489
1067.0,cctv2,C2_S011,G017,OCCUPIED,LEAVING,0.7380932756174695
1067.0,cctv2,C2_S012,G018,OCCUPIED,OCCUPIED,0.7157268552346664
1067.0,cctv2,C2_S013,G019,OCCUPIED,OCCUPIED,0.8313085916367444
1067.0,cctv2,C2_S014,G020,EMPTY,EMPTY,0.01
1067.0,cctv3,C3_S001,G021,EMPTY,MANEUVERING,0.49
1067.0,cctv3,C3_S002,G019,EMPTY,EMPTY,0.01
1067.0,cctv3,C3_S003,G020,OCCUPIED,LEAVING,0.802394562959671
1067.0,cctv3,C3_S004,G024,OCCUPIED,OCCUPIED,0.828273969617757
1067.0,cctv3,C3_S005,G025,OCCUPIED,OCCUPIED,0.8240286740389737
1067.0,cctv3,C3_S006,G026,OCCUPIED,OCCUPIED,0.8248201191425324
1067.0,cctv3,C3_S007,G027,EMPTY,EMPTY,0.01
1067.0,cctv3,C3_S008,G028,EMPTY,EMPTY,0.01
1067.0,cctv3,C3_S009,G029,EMPTY,EMPTY,0.01
1067.0,cctv3,C3_S010,G007,OCCUPIED,OCCUPIED,0.51
1067.0,cctv3,C3_S011,G008,OCCUPIED,OCCUPIED,0.7938067173415965
1067.0,cctv3,C3_S012,G009,OCCUPIED,OCCUPIED,0.8232778676531533
1068.0,cctv1,C1_S001,G001,OCCUPIED,OCCUPIED,0.723525607213378
1068.0,cctv1,C1_S002,G002,EMPTY,EMPTY,0.01
1068.0,cctv1,C1_S003,G003,OCCUPIED,OCCUPIED,0.8365222808989612
1068.0,cctv1,C1_S004,G004,OCCUPIED,OCCUPIED,0.7717235406691378
1068.0,cctv1,C1_S005,G005,OCCUPIED,LEAVING,0.7327073887171168
1068.0,cctv1,C1_S006,G006,EMPTY,MANEUVERING,0.3540726528519933
1068.0,cctv2,C2_S001,G007,OCCUPIED,LEAVING,0.7424379577690905
1068.0,cctv2,C2_S002,G008,OCCUPIED,OCCUPIED,0.8135227685624904
1068.0,cctv2,C2_S003,G009,EMPTY,MANEUVERING,0.2269656450640071
1068.0,cctv2,C2_S004,G010,OCCUPIED,OCCUPIED,0.7894581343639981
1068.0,cctv2,C2_S005,G001,EMPTY,EMPTY,0.01
1068.0,cctv2,C2_S006,G003,OCCUPIED,OCCUPIED,0.8192585449327123
1068.0,cctv2,C2_S007,G004,OCCUPIED,OCCUPIED,0.794375983693383
1068.0,cctv2,C2_S008,G006,OCCUPIED,OCCUPIED,0.7484007103876634
1068.0,cctv2,C2_S009,G005,OCCUPIED,OCCUPIED,0.783077883720398
1068.0,cctv2,C2_S010,G002,EMPTY,MANEUVERING,0.3298257594081489
1068.0,cctv2,C2_S011,G017,OCCUPIED,LEAVING,0.7369419048862025
1068.0,cctv2,C2_S012,G018,OCCUPIED,OCCUPIED,0.7098352103179152
1068.0,cctv2,C2_S013,G019,OCCUPIED,OCCUPIED,0.8313401384787127
1068.0,cctv2,C2_S014,G020,EMPTY,EMPTY,0.01
1068.0,cctv3,C3_S001,G021,EMPTY,MANEUVERING,0.49
1068.0,cctv3,C3_S002,G019,EMPTY,EMPTY,0.01
1068.0,cctv3,C3_S003,G020,OCCUPIED,LEAVING,0.7994894217361104
1068.0,cctv3,C3_S004,G024,OCCUPIED,OCCUPIED,0.8283813230016015
1068.0,cctv3,C3_S005,G025,OCCUPIED,OCCUPIED,0.8239157180894505
1068.0,cctv3,C3_S006,G026,OCCUPIED,OCCUPIED,0.8246334682811391
1068.0,cctv3,C3_S007,G027,EMPTY,EMPTY,0.01
1068.0,cctv3,C3_S008,G028,EMPTY,EMPTY,0.01
1068.0,cctv3,C3_S009,G029,EMPTY,EMPTY,0.01
1068.0,cctv3,C3_S010,G007,OCCUPIED,OCCUPIED,0.51
1068.0,cctv3,C3_S011,G008,OCCUPIED,OCCUPIED,0.7939683090556753
1068.0,cctv3,C3_S012,G009,OCCUPIED,OCCUPIED,0.8236679153008895
1069.0,cctv1,C1_S001,G001,OCCUPIED,OCCUPIED,0.7240537329492245
1069.0,cctv1,C1_S002,G002,EMPTY,EMPTY,0.01
1069.0,cctv1,C1_S003,G003,OCCUPIED,OCCUPIED,0.8365732737562874
1069.0,cctv1,C1_S004,G004,OCCUPIED,OCCUPIED,0.7724318685856733
1069.0,cctv1,C1_S005,G005,OCCUPIED,LEAVING,0.7330475135463658
1069.0,cctv1,C1_S006,G006,EMPTY,MANEUVERING,0.3194695308669047
1069.0,cctv2,C2_S001,G007,OCCUPIED,LEAVING,0.7464169831438499
1069.0,cctv2,C2_S002,G008,OCCUPIED,OCCUPIED,0.8141517994078724
1069.0,cctv2,C2_S003,G009,EMPTY,MANEUVERING,0.2269656450640071
1069.0,cctv2,C2_S004,G010,OCCUPIED,OCCUPIED,0.7909990955482831
1069.0,cctv2,C2_S005,G001,EMPTY,EMPTY,0.01
1069.0,cctv2,C2_S006,G003,OCCUPIED,OCCUPIED,0.8190889577973973
1069.0,cctv2,C2_S007,G004,OCCUPIED,OCCUPIED,0.7937293209812859
1069.0,cctv2,C2_S008,G006,OCCUPIED,OCCUPIED,0.7477632988582958
1069.0,cctv2,C2_S009,G005,OCCUPIED,OCCUPIED,0.7825863689184189
1069.0,cctv2,C2_S010,G002,EMPTY,MANEUVERING,0.3298257594081489
1069.0,cctv2,C2_S011,G017,OCCUPIED,LEAVING,0.7362507743998008
1069.0,cctv2,C2_S012,G018,OCCUPIED,OCCUPIED,0.7094450301853094
1069.0,cctv2,C2_S013,G019,OCCUPIED,OCCUPIED,0.8314170723611659
1069.0,cctv2,C2_S014,G020,EMPTY,EMPTY,0.01
1069.0,cctv3,C3_S001,G021,EMPTY,MANEUVERING,0.49
1069.0,cctv3,C3_S002,G019,EMPTY,EMPTY,0.01
1069.0,cctv3,C3_S003,G020,OCCUPIED,LEAVING,0.7996431667696347
1069.0,cctv3,C3_S004,G024,OCCUPIED,OCCUPIED,0.8283328351649372
1069.0,cctv3,C3_S005,G025,OCCUPIED,OCCUPIED,0.8230113194747405
1069.0,cctv3,C3_S006,G026,OCCUPIED,OCCUPIED,0.8245516991073436
1069.0,cctv3,C3_S007,G027,EMPTY,EMPTY,0.01
1069.0,cctv3,C3_S008,G028,EMPTY,EMPTY,0.01
1069.0,cctv3,C3_S009,G029,EMPTY,EMPTY,0.01
1069.0,cctv3,C3_S010,G007,OCCUPIED,OCCUPIED,0.51
1069.0,cctv3,C3_S011,G008,OCCUPIED,OCCUPIED,0.7930337258360604
1069.0,cctv3,C3_S012,G009,OCCUPIED,OCCUPIED,0.8233661537820643
1070.0,cctv1,C1_S001,G001,OCCUPIED,OCCUPIED,0.7238471449437467
1070.0,cctv1,C1_S002,G002,EMPTY,EMPTY,0.01
1070.0,cctv1,C1_S003,G003,OCCUPIED,OCCUPIED,0.8366166686469859
1070.0,cctv1,C1_S004,G004,OCCUPIED,OCCUPIED,0.7710232232104649
1070.0,cctv1,C1_S005,G005,OCCUPIED,LEAVING,0.7342436093001655
1070.0,cctv1,C1_S006,G006,EMPTY,MANEUVERING,0.285964271006259
1070.0,cctv2,C2_S001,G007,OCCUPIED,LEAVING,0.747786708650264
1070.0,cctv2,C2_S002,G008,OCCUPIED,OCCUPIED,0.8127409273927862
1070.0,cctv2,C2_S003,G009,EMPTY,MANEUVERING,0.2269656450640071
1070.0,cctv2,C2_S004,G010,OCCUPIED,OCCUPIED,0.7908787253228101
1070.0,cctv2,C2_S005,G001,EMPTY,EMPTY,0.01
1070.0,cctv2,C2_S006,G003,OCCUPIED,OCCUPIED,0.8191580287434839
1070.0,cctv2,C2_S007,G004,OCCUPIED,OCCUPIED,0.7930696666240693
1070.0,cctv2,C2_S008,G006,OCCUPIED,OCCUPIED,0.7496061251922088
1070.0,cctv2,C2_S009,G005,OCCUPIED,OCCUPIED,0.7830338922413913
1070.0,cctv2,C2_S010,G002,EMPTY,MANEUVERING,0.3770090247284282
1070.0,cctv2,C2_S011,G017,OCCUPIED,LEAVING,0.7221304388208823
1070.0,cctv2,C2_S012,G018,OCCUPIED,LEAVING,0.7584057462486354
1070.0,cctv2,C2_S013,G019,OCCUPIED,OCCUPIED,0.8314032256603241
1070.0,cctv2,C2_S014,G020,EMPTY,EMPTY,0.01
1070.0,cctv3,C3_S001,G021,EMPTY,MANEUVERING,0.49
1070.0,cctv3,C3_S002,G019,EMPTY,EMPTY,0.01
1070.0,cctv3,C3_S003,G020,OCCUPIED,LEAVING,0.8003491347486323
1070.0,cctv3,C3_S004,G024,OCCUPIED,OCCUPIED,0.8284399593418296
1070.0,cctv3,C3_S005,G025,OCCUPIED,OCCUPIED,0.8228069717233832
1070.0,cctv3,C3_S006,G026,OCCUPIED,OCCUPIED,0.8247095568613573
1070.0,cctv3,C3_S007,G027,EMPTY,EMPTY,0.01
1070.0,cctv3,C3_S008,G028,EMPTY,EMPTY,0.01
1070.0,cctv3,C3_S009,G029,EMPTY,EMPTY,0.01
1070.0,cctv3,C3_S010,G007,OCCUPIED,OCCUPIED,0.51
1070.0,cctv3,C3_S011,G008,OCCUPIED,OCCUPIED,0.7939355617219752
1070.0,cctv3,C3_S012,G009,OCCUPIED,OCCUPIED,0.8236206165768885
1071.0,cctv1,C1_S001,G001,OCCUPIED,OCCUPIED,0.7240240378474648
1071.0,cctv1,C1_S002,G002,EMPTY,EMPTY,0.01
1071.0,cctv1,C1_S003,G003,OCCUPIED,OCCUPIED,0.8366420943628659
1071.0,cctv1,C1_S004,G004,OCCUPIED,OCCUPIED,0.7723299381407825
1071.0,cctv1,C1_S005,G005,OCCUPIED,LEAVING,0.7360022488146118
1071.0,cctv1,C1_S006,G006,EMPTY,MANEUVERING,0.2377708691290833
1071.0,cctv2,C2_S001,G007,OCCUPIED,LEAVING,0.7503397002138875
1071.0,cctv2,C2_S002,G008,OCCUPIED,OCCUPIED,0.8139320175756108
1071.0,cctv2,C2_S003,G009,EMPTY,MANEUVERING,0.2269656450640071
1071.0,cctv2,C2_S004,G010,OCCUPIED,OCCUPIED,0.7885226070880891
1071.0,cctv2,C2_S005,G001,EMPTY,EMPTY,0.01
1071.0,cctv2,C2_S006,G003,OCCUPIED,OCCUPIED,0.8188545782457699
1071.0,cctv2,C2_S007,G004,OCCUPIED,OCCUPIED,0.7941563367843628
1071.0,cctv2,C2_S008,G006,OCCUPIED,OCCUPIED,0.7509685719555075
1071.0,cctv2,C2_S009,G005,OCCUPIED,OCCUPIED,0.7830681107260965
1071.0,cctv2,C2_S010,G002,EMPTY,MANEUVERING,0.3770090247284282
1071.0,cctv2,C2_S011,G017,OCCUPIED,LEAVING,0.7218393224206838
1071.0,cctv2,C2_S012,G018,OCCUPIED,LEAVING,0.7595095349983736
1071.0,cctv2,C2_S013,G019,OCCUPIED,OCCUPIED,0.8314453135837209
1071.0,cctv2,C2_S014,G020,EMPTY,EMPTY,0.01
1071.0,cctv3,C3_S001,G021,EMPTY,MANEUVERING,0.49
1071.0,cctv3,C3_S002,G019,EMPTY,EMPTY,0.01
1071.0,cctv3,C3_S003,G020,OCCUPIED,LEAVING,0.8007056507197294
1071.0,cctv3,C3_S004,G024,OCCUPIED,OCCUPIED,0.8284967986020175
1071.0,cctv3,C3_S005,G025,OCCUPIED,OCCUPIED,0.8228294307535345
1071.0,cctv3,C3_S006,G026,OCCUPIED,OCCUPIED,0.8247699520804666
1071.0,cctv3,C3_S007,G027,EMPTY,EMPTY,0.01
1071.0,cctv3,C3_S008,G028,EMPTY,EMPTY,0.01
1071.0,cctv3,C3_S009,G029,EMPTY,EMPTY,0.01
1071.0,cctv3,C3_S010,G007,OCCUPIED,OCCUPIED,0.51
1071.0,cctv3,C3_S011,G008,OCCUPIED,OCCUPIED,0.7934315543283117
1071.0,cctv3,C3_S012,G009,OCCUPIED,OCCUPIED,0.8237510320815173
1072.0,cctv1,C1_S001,G001,OCCUPIED,OCCUPIED,0.7237887825139545
1072.0,cctv1,C1_S002,G002,EMPTY,EMPTY,0.01
1072.0,cctv1,C1_S003,G003,OCCUPIED,OCCUPIED,0.8366249916228382
1072.0,cctv1,C1_S004,G004,OCCUPIED,OCCUPIED,0.772262010791085
1072.0,cctv1,C1_S005,G005,OCCUPIED,LEAVING,0.7397398992722686
1072.0,cctv1,C1_S006,G006,EMPTY,MANEUVERING,0.1927708691290833
1072.0,cctv2,C2_S001,G007,OCCUPIED,LEAVING,0.7443838632242247
1072.0,cctv2,C2_S002,G008,OCCUPIED,OCCUPIED,0.8146889824758877
1072.0,cctv2,C2_S003,G009,EMPTY,MANEUVERING,0.2269656450640071
1072.0,cctv2,C2_S004,G010,OCCUPIED,OCCUPIED,0.7890288464047692
1072.0,cctv2,C2_S005,G001,EMPTY,EMPTY,0.01
1072.0,cctv2,C2_S006,G003,OCCUPIED,OCCUPIED,0.8187864948402752
1072.0,cctv2,C2_S007,G004,OCCUPIED,OCCUPIED,0.7944385921413248
1072.0,cctv2,C2_S008,G006,OCCUPIED,OCCUPIED,0.7501675050367009
1072.0,cctv2,C2_S009,G005,OCCUPIED,OCCUPIED,0.7830621513453397
1072.0,cctv2,C2_S010,G002,EMPTY,MANEUVERING,0.4220566035400738
1072.0,cctv2,C2_S011,G017,OCCUPIED,LEAVING,0.7214499152519487
1072.0,cctv2,C2_S012,G018,OCCUPIED,LEAVING,0.7604974315925078
1072.0,cctv2,C2_S013,G019,OCCUPIED,OCCUPIED,0.8313310262831776
1072.0,cctv2,C2_S014,G020,EMPTY,EMPTY,0.01
1072.0,cctv3,C3_S001,G021,EMPTY,MANEUVERING,0.49
1072.0,cctv3,C3_S002,G019,EMPTY,EMPTY,0.01
1072.0,cctv3,C3_S003,G020,OCCUPIED,LEAVING,0.8005623508583416
1072.0,cctv3,C3_S004,G024,OCCUPIED,OCCUPIED,0.828505144336007
1072.0,cctv3,C3_S005,G025,OCCUPIED,OCCUPIED,0.8221174944530835
1072.0,cctv3,C3_S006,G026,OCCUPIED,OCCUPIED,0.824734256755222
1072.0,cctv3,C3_S007,G027,EMPTY,EMPTY,0.01
1072.0,cctv3,C3_S008,G028,EMPTY,EMPTY,0.01
1072.0,cctv3,C3_S009,G029,EMPTY,EMPTY,0.01
1072.0,cctv3,C3_S010,G007,OCCUPIED,OCCUPIED,0.51
1072.0,cctv3,C3_S011,G008,OCCUPIED,OCCUPIED,0.7938080755147068
1072.0,cctv3,C3_S012,G009,OCCUPIED,OCCUPIED,0.8237044404853475
1073.0,cctv1,C1_S001,G001,OCCUPIED,OCCUPIED,0.7250596215779131
1073.0,cctv1,C1_S002,G002,EMPTY,EMPTY,0.01
1073.0,cctv1,C1_S003,G003,OCCUPIED,OCCUPIED,0.8365503359924664
1073.0,cctv1,C1_S004,G004,OCCUPIED,OCCUPIED,0.7703394948081538
1073.0,cctv1,C1_S005,G005,OCCUPIED,LEAVING,0.7410605810176244
1073.0,cctv1,C1_S006,G006,EMPTY,MANEUVERING,0.1927708691290833
1073.0,cctv2,C2_S001,G007,OCCUPIED,LEAVING,0.7442160965366797
1073.0,cctv2,C2_S002,G008,OCCUPIED,OCCUPIED,0.8140680892900988
1073.0,cctv2,C2_S003,G009,EMPTY,MANEUVERING,0.2977581637284972
1073.0,cctv2,C2_S004,G010,OCCUPIED,OCCUPIED,0.7892335729165512
1073.0,cctv2,C2_S005,G001,EMPTY,EMPTY,0.01
1073.0,cctv2,C2_S006,G003,OCCUPIED,OCCUPIED,0.8189630614085631
1073.0,cctv2,C2_S007,G004,OCCUPIED,OCCUPIED,0.7958006097511813
1073.0,cctv2,C2_S008,G006,OCCUPIED,OCCUPIED,0.7507389736446468
1073.0,cctv2,C2_S009,G005,OCCUPIED,OCCUPIED,0.7831453197381714
1073.0,cctv2,C2_S010,G002,EMPTY,MANEUVERING,0.4676984615217556
1073.0,cctv2,C2_S011,G017,OCCUPIED,LEAVING,0.7225635635581884
1073.0,cctv2,C2_S012,G018,OCCUPIED,LEAVING,0.762006917054003
1073.0,cctv2,C2_S013,G019,OCCUPIED,OCCUPIED,0.8314625650644303
1073.0,cctv2,C2_S014,G020,EMPTY,EMPTY,0.01
1073.0,cctv3,C3_S001,G021,EMPTY,MANEUVERING,0.49
1073.0,cctv3,C3_S002,G019,EMPTY,EMPTY,0.01
1073.0,cctv3,C3_S003,G020,OCCUPIED,LEAVING,0.7981982721523806
1073.0,cctv3,C3_S004,G024,OCCUPIED,OCCUPIED,0.8283604846759276
1073.0,cctv3,C3_S005,G025,OCCUPIED,OCCUPIED,0.8222486951134422
1073.0,cctv3,C3_S006,G026,OCCUPIED,OCCUPIED,0.8248374884778804
1073.0,cctv3,C3_S007,G027,EMPTY,EMPTY,0.01
1073.0,cctv3,C3_S008,G028,EMPTY,EMPTY,0.01
1073.0,cctv3,C3_S009,G029,EMPTY,EMPTY,0.01
1073.0,cctv3,C3_S010,G007,OCCUPIED,OCCUPIED,0.51
1073.0,cctv3,C3_S011,G008,OCCUPIED,OCCUPIED,0.7945956736803056
1073.0,cctv3,C3_S012,G009,OCCUPIED,OCCUPIED,0.8236994150010023
1074.0,cctv1,C1_S001,G001,OCCUPIED,OCCUPIED,0.7254489350725305
1074.0,cctv1,C1_S002,G002,EMPTY,EMPTY,0.01
1074.0,cctv1,C1_S003,G003,OCCUPIED,OCCUPIED,0.8365587703206323
1074.0,cctv1,C1_S004,G004,OCCUPIED,OCCUPIED,0.7705246590755204
1074.0,cctv1,C1_S005,G005,OCCUPIED,LEAVING,0.7417422806945715
1074.0,cctv1,C1_S006,G006,EMPTY,MANEUVERING,0.0750112857737324
1074.0,cctv2,C2_S001,G007,OCCUPIED,LEAVING,0.7529683493755082
1074.0,cctv2,C2_S002,G008,OCCUPIED,OCCUPIED,0.815795927697962
1074.0,cctv2,C2_S003,G009,EMPTY,MANEUVERING,0.3713452104004947
1074.0,cctv2,C2_S004,G010,OCCUPIED,OCCUPIED,0.7908416027372535
1074.0,cctv2,C2_S005,G001,EMPTY,EMPTY,0.01
1074.0,cctv2,C2_S006,G003,OCCUPIED,OCCUPIED,0.8188317632133311
1074.0,cctv2,C2_S007,G004,OCCUPIED,OCCUPIED,0.7947872468016365
1074.0,cctv2,C2_S008,G006,OCCUPIED,OCCUPIED,0.7507066420533441
1074.0,cctv2,C2_S009,G005,OCCUPIED,OCCUPIED,0.7816923085938801
1074.0,cctv2,C2_S010,G002,EMPTY,MANEUVERING,0.49
1074.0,cctv2,C2_S011,G017,OCCUPIED,OCCUPIED,0.7246069424640049
1074.0,cctv2,C2_S012,G018,OCCUPIED,LEAVING,0.7633581777865237
1074.0,cctv2,C2_S013,G019,OCCUPIED,OCCUPIED,0.8313617416403511
1074.0,cctv2,C2_S014,G020,EMPTY,EMPTY,0.01
1074.0,cctv3,C3_S001,G021,OCCUPIED,OCCUPIED,0.7818451957269149
1074.0,cctv3,C3_S002,G019,EMPTY,EMPTY,0.01
1074.0,cctv3,C3_S003,G020,OCCUPIED,LEAVING,0.8000962219455026
1074.0,cctv3,C3_S004,G024,OCCUPIED,OCCUPIED,0.8280459623445164
1074.0,cctv3,C3_S005,G025,OCCUPIED,OCCUPIED,0.8225794066082348
1074.0,cctv3,C3_S006,G026,OCCUPIED,OCCUPIED,0.8249777224930851
1074.0,cctv3,C3_S007,G027,EMPTY,EMPTY,0.01
1074.0,cctv3,C3_S008,G028,EMPTY,EMPTY,0.01
1074.0,cctv3,C3_S009,G029,EMPTY,EMPTY,0.01
1074.0,cctv3,C3_S010,G007,OCCUPIED,OCCUPIED,0.51
1074.0,cctv3,C3_S011,G008,OCCUPIED,OCCUPIED,0.7948926251042974
1074.0,cctv3,C3_S012,G009,OCCUPIED,OCCUPIED,0.8242324577136474
1075.0,cctv1,C1_S001,G001,OCCUPIED,OCCUPIED,0.7260922370986506
1075.0,cctv1,C1_S002,G002,EMPTY,EMPTY,0.01
1075.0,cctv1,C1_S003,G003,OCCUPIED,OCCUPIED,0.8369459561326288
1075.0,cctv1,C1_S004,G004,OCCUPIED,OCCUPIED,0.7702607744119385
1075.0,cctv1,C1_S005,G005,OCCUPIED,LEAVING,0.7403906147859314
1075.0,cctv1,C1_S006,G006,EMPTY,MANEUVERING,0.0750112857737324
1075.0,cctv2,C2_S001,G007,OCCUPIED,LEAVING,0.7546154687350447
1075.0,cctv2,C2_S002,G008,OCCUPIED,OCCUPIED,0.8167234526439147
1075.0,cctv2,C2_S003,G009,EMPTY,MANEUVERING,0.4007982015880671
1075.0,cctv2,C2_S004,G010,OCCUPIED,OCCUPIED,0.7909711794419723
1075.0,cctv2,C2_S005,G001,EMPTY,EMPTY,0.01
1075.0,cctv2,C2_S006,G003,OCCUPIED,OCCUPIED,0.81906482685696
1075.0,cctv2,C2_S007,G004,OCCUPIED,OCCUPIED,0.7937614058906383
1075.0,cctv2,C2_S008,G006,OCCUPIED,OCCUPIED,0.7498195908286356
1075.0,cctv2,C2_S009,G005,OCCUPIED,OCCUPIED,0.7807542868635872
1075.0,cctv2,C2_S010,G002,EMPTY,MANEUVERING,0.49
1075.0,cctv2,C2_S011,G017,OCCUPIED,OCCUPIED,0.7244053797396747
1075.0,cctv2,C2_S012,G018,OCCUPIED,LEAVING,0.7635254492813891
1075.0,cctv2,C2_S013,G019,OCCUPIED,OCCUPIED,0.831409420750358
1075.0,cctv2,C2_S014,G020,EMPTY,EMPTY,0.01
1075.0,cctv3,C3_S001,G021,OCCUPIED,OCCUPIED,0.779362654415044
1075.0,cctv3,C3_S002,G019,EMPTY,EMPTY,0.01
1075.0,cctv3,C3_S003,G020,OCCUPIED,LEAVING,0.7994571986523542
1075.0,cctv3,C3_S004,G024,OCCUPIED,OCCUPIED,0.8281697991219434
1075.0,cctv3,C3_S005,G025,OCCUPIED,OCCUPIED,0.8218412293629214
1075.0,cctv3,C3_S006,G026,OCCUPIED,OCCUPIED,0.8248896728862416
1075.0,cctv3,C3_S007,G027,EMPTY,EMPTY,0.01
1075.0,cctv3,C3_S008,G028,EMPTY,EMPTY,0.01
1075.0,cctv3,C3_S009,G029,EMPTY,EMPTY,0.01
1075.0,cctv3,C3_S010,G007,OCCUPIED,OCCUPIED,0.5144713094288653
1075.0,cctv3,C3_S011,G008,OCCUPIED,OCCUPIED,0.7952181607484818
1075.0,cctv3,C3_S012,G009,OCCUPIED,OCCUPIED,0.8240389956669375
1076.0,cctv1,C1_S001,G001,OCCUPIED,OCCUPIED,0.7263615613633937
1076.0,cctv1,C1_S002,G002,EMPTY,EMPTY,0.01
1076.0,cctv1,C1_S003,G003,OCCUPIED,OCCUPIED,0.8370262882926248
1076.0,cctv1,C1_S004,G004,OCCUPIED,OCCUPIED,0.7712816731496291
1076.0,cctv1,C1_S005,G005,OCCUPIED,LEAVING,0.7410320821404458
1076.0,cctv1,C1_S006,G006,EMPTY,MANEUVERING,0.0750112857737324
1076.0,cctv2,C2_S001,G007,OCCUPIED,LEAVING,0.7568334158171307
1076.0,cctv2,C2_S002,G008,OCCUPIED,OCCUPIED,0.8174683085896752
1076.0,cctv2,C2_S003,G009,EMPTY,MANEUVERING,0.4007982015880671
1076.0,cctv2,C2_S004,G010,OCCUPIED,OCCUPIED,0.7947030339728702
1076.0,cctv2,C2_S005,G001,EMPTY,EMPTY,0.01
1076.0,cctv2,C2_S006,G003,OCCUPIED,OCCUPIED,0.8189744510433892
1076.0,cctv2,C2_S007,G004,OCCUPIED,OCCUPIED,0.7930332332849503
1076.0,cctv2,C2_S008,G006,OCCUPIED,OCCUPIED,0.7498667794195089
1076.0,cctv2,C2_S009,G005,OCCUPIED,OCCUPIED,0.7796265593983911
1076.0,cctv2,C2_S010,G002,EMPTY,MANEUVERING,0.49
1076.0,cctv2,C2_S011,G017,OCCUPIED,OCCUPIED,0.7258748344508085
1076.0,cctv2,C2_S012,G018,OCCUPIED,LEAVING,0.762303213775158
1076.0,cctv2,C2_S013,G019,OCCUPIED,OCCUPIED,0.8315214143557983
1076.0,cctv2,C2_S014,G020,EMPTY,EMPTY,0.01
1076.0,cctv3,C3_S001,G021,OCCUPIED,OCCUPIED,0.7761889996853742
1076.0,cctv3,C3_S002,G019,EMPTY,EMPTY,0.01
1076.0,cctv3,C3_S003,G020,OCCUPIED,LEAVING,0.7971196185458791
1076.0,cctv3,C3_S004,G024,OCCUPIED,OCCUPIED,0.8281157469207591
1076.0,cctv3,C3_S005,G025,OCCUPIED,OCCUPIED,0.8218805513598703
1076.0,cctv3,C3_S006,G026,OCCUPIED,OCCUPIED,0.8248108703981747
1076.0,cctv3,C3_S007,G027,EMPTY,EMPTY,0.01
1076.0,cctv3,C3_S008,G028,EMPTY,EMPTY,0.01
1076.0,cctv3,C3_S009,G029,EMPTY,EMPTY,0.01
1076.0,cctv3,C3_S010,G007,OCCUPIED,OCCUPIED,0.5514000867849046
1076.0,cctv3,C3_S011,G008,OCCUPIED,OCCUPIED,0.7963121687824076
1076.0,cctv3,C3_S012,G009,OCCUPIED,OCCUPIED,0.8242796483364973
1077.0,cctv1,C1_S001,G001,OCCUPIED,OCCUPIED,0.725372512028976
1077.0,cctv1,C1_S002,G002,EMPTY,EMPTY,0.01
1077.0,cctv1,C1_S003,G003,OCCUPIED,OCCUPIED,0.8370503257621419
1077.0,cctv1,C1_S004,G004,OCCUPIED,OCCUPIED,0.7727675190026111
1077.0,cctv1,C1_S005,G005,OCCUPIED,LEAVING,0.741939762397246
1077.0,cctv1,C1_S006,G006,EMPTY,MANEUVERING,0.0750112857737324
1077.0,cctv2,C2_S001,G007,OCCUPIED,LEAVING,0.7595552613789386
1077.0,cctv2,C2_S002,G008,OCCUPIED,OCCUPIED,0.8178033043037762
1077.0,cctv2,C2_S003,G009,OCCUPIED,OCCUPIED,0.51
1077.0,cctv2,C2_S004,G010,OCCUPIED,OCCUPIED,0.7953761066902768
1077.0,cctv2,C2_S005,G001,EMPTY,EMPTY,0.01
1077.0,cctv2,C2_S006,G003,OCCUPIED,OCCUPIED,0.8186791333285246
1077.0,cctv2,C2_S007,G004,OCCUPIED,OCCUPIED,0.7912671977823431
1077.0,cctv2,C2_S008,G006,OCCUPIED,OCCUPIED,0.7487698518417099
1077.0,cctv2,C2_S009,G005,OCCUPIED,OCCUPIED,0.7777206857096066
1077.0,cctv2,C2_S010,G002,EMPTY,MANEUVERING,0.49
1077.0,cctv2,C2_S011,G017,OCCUPIED,OCCUPIED,0.725763141577894
1077.0,cctv2,C2_S012,G018,OCCUPIED,LEAVING,0.758691876178438
1077.0,cctv2,C2_S013,G019,OCCUPIED,OCCUPIED,0.8316486908630891
1077.0,cctv2,C2_S014,G020,EMPTY,EMPTY,0.01
1077.0,cctv3,C3_S001,G021,OCCUPIED,OCCUPIED,0.7738943471149965
1077.0,cctv3,C3_S002,G019,EMPTY,EMPTY,0.01
1077.0,cctv3,C3_S003,G020,OCCUPIED,LEAVING,0.7971330027688635
1077.0,cctv3,C3_S004,G024,OCCUPIED,OCCUPIED,0.8281625929203901
1077.0,cctv3,C3_S005,G025,OCCUPIED,OCCUPIED,0.8220030429688368
1077.0,cctv3,C3_S006,G026,OCCUPIED,OCCUPIED,0.8246560004624455
1077.0,cctv3,C3_S007,G027,EMPTY,EMPTY,0.01
1077.0,cctv3,C3_S008,G028,EMPTY,EMPTY,0.01
1077.0,cctv3,C3_S009,G029,EMPTY,EMPTY,0.01
1077.0,cctv3,C3_S010,G007,OCCUPIED,LEAVING,0.51
1077.0,cctv3,C3_S011,G008,OCCUPIED,OCCUPIED,0.7967356912114404
1077.0,cctv3,C3_S012,G009,OCCUPIED,OCCUPIED,0.8241409691897306
1078.0,cctv1,C1_S001,G001,OCCUPIED,OCCUPIED,0.7258409716188908
1078.0,cctv1,C1_S002,G002,EMPTY,EMPTY,0.01
1078.0,cctv1,C1_S003,G003,OCCUPIED,OCCUPIED,0.8370909441601146
1078.0,cctv1,C1_S004,G004,OCCUPIED,OCCUPIED,0.7745110373605382
1078.0,cctv1,C1_S005,G005,OCCUPIED,LEAVING,0.7425593254512007
1078.0,cctv1,C1_S006,G006,EMPTY,MANEUVERING,0.0750112857737324
1078.0,cctv2,C2_S001,G007,OCCUPIED,LEAVING,0.7629011183977128
1078.0,cctv2,C2_S002,G008,OCCUPIED,OCCUPIED,0.8186152926900171
1078.0,cctv2,C2_S003,G009,OCCUPIED,OCCUPIED,0.51
1078.0,cctv2,C2_S004,G010,OCCUPIED,OCCUPIED,0.7966794099320066
1078.0,cctv2,C2_S005,G001,EMPTY,EMPTY,0.01
1078.0,cctv2,C2_S006,G003,OCCUPIED,OCCUPIED,0.8185019498521632
1078.0,cctv2,C2_S007,G004,OCCUPIED,OCCUPIED,0.7906321872364391
1078.0,cctv2,C2_S008,G006,OCCUPIED,OCCUPIED,0.7483443632721901
1078.0,cctv2,C2_S009,G005,OCCUPIED,OCCUPIED,0.774660375443372
1078.0,cctv2,C2_S010,G002,EMPTY,MANEUVERING,0.4699644105542789
1078.0,cctv2,C2_S011,G017,OCCUPIED,OCCUPIED,0.718404084444046
1078.0,cctv2,C2_S012,G018,OCCUPIED,LEAVING,0.7556030666286295
1078.0,cctv2,C2_S013,G019,OCCUPIED,OCCUPIED,0.8315724242817273
1078.0,cctv2,C2_S014,G020,EMPTY,EMPTY,0.01
1078.0,cctv3,C3_S001,G021,OCCUPIED,OCCUPIED,0.7714102797887543
1078.0,cctv3,C3_S002,G019,EMPTY,EMPTY,0.01
1078.0,cctv3,C3_S003,G020,OCCUPIED,LEAVING,0.7973934021863072
1078.0,cctv3,C3_S004,G024,OCCUPIED,OCCUPIED,0.8281115017154
1078.0,cctv3,C3_S005,G025,OCCUPIED,OCCUPIED,0.8221946786750447
1078.0,cctv3,C3_S006,G026,OCCUPIED,OCCUPIED,0.8247614129023119
1078.0,cctv3,C3_S007,G027,EMPTY,EMPTY,0.01
1078.0,cctv3,C3_S008,G028,EMPTY,EMPTY,0.01
1078.0,cctv3,C3_S009,G029,EMPTY,MANEUVERING,0.1561240664612163
1078.0,cctv3,C3_S010,G007,OCCUPIED,LEAVING,0.51
1078.0,cctv3,C3_S011,G008,OCCUPIED,OCCUPIED,0.7973777868530968
1078.0,cctv3,C3_S012,G009,OCCUPIED,OCCUPIED,0.8240496464750984
1079.0,cctv1,C1_S001,G001,OCCUPIED,OCCUPIED,0.7266238698227839
1079.0,cctv1,C1_S002,G002,EMPTY,EMPTY,0.01
1079.0,cctv1,C1_S003,G003,OCCUPIED,OCCUPIED,0.8371511841362174
1079.0,cctv1,C1_S004,G004,OCCUPIED,OCCUPIED,0.7762445807456971
1079.0,cctv1,C1_S005,G005,OCCUPIED,LEAVING,0.7546040799130094
1079.0,cctv1,C1_S006,G006,EMPTY,EMPTY,0.01
1079.0,cctv2,C2_S001,G007,OCCUPIED,LEAVING,0.7623500807041472
1079.0,cctv2,C2_S002,G008,OCCUPIED,OCCUPIED,0.8176148173483936
1079.0,cctv2,C2_S003,G009,OCCUPIED,OCCUPIED,0.51240551633591
1079.0,cctv2,C2_S004,G010,OCCUPIED,OCCUPIED,0.7970882306044753
1079.0,cctv2,C2_S005,G001,EMPTY,EMPTY,0.01
1079.0,cctv2,C2_S006,G003,OCCUPIED,OCCUPIED,0.8182576631957835
1079.0,cctv2,C2_S007,G004,OCCUPIED,OCCUPIED,0.7898120075464249
1079.0,cctv2,C2_S008,G006,OCCUPIED,OCCUPIED,0.7492784397168594
1079.0,cctv2,C2_S009,G005,OCCUPIED,OCCUPIED,0.7748087450861931
1079.0,cctv2,C2_S010,G002,EMPTY,MANEUVERING,0.49
1079.0,cctv2,C2_S011,G017,OCCUPIED,OCCUPIED,0.725386000329798
1079.0,cctv2,C2_S012,G018,OCCUPIED,LEAVING,0.7568125283176249
1079.0,cctv2,C2_S013,G019,OCCUPIED,OCCUPIED,0.8315922905098309
1079.0,cctv2,C2_S014,G020,EMPTY,EMPTY,0.01
1079.0,cctv3,C3_S001,G021,OCCUPIED,OCCUPIED,0.7722909254106609
1079.0,cctv3,C3_S002,G019,EMPTY,EMPTY,0.01
1079.0,cctv3,C3_S003,G020,OCCUPIED,LEAVING,0.7957410951906985
1079.0,cctv3,C3_S004,G024,OCCUPIED,OCCUPIED,0.8278513875874607
1079.0,cctv3,C3_S005,G025,OCCUPIED,OCCUPIED,0.8228528570045125
1079.0,cctv3,C3_S006,G026,OCCUPIED,OCCUPIED,0.8249255210161209
1079.0,cctv3,C3_S007,G027,EMPTY,EMPTY,0.01
1079.0,cctv3,C3_S008,G028,EMPTY,EMPTY,0.01
1079.0,cctv3,C3_S009,G029,EMPTY,MANEUVERING,0.1561240664612163
1079.0,cctv3,C3_S010,G007,OCCUPIED,LEAVING,0.51
1079.0,cctv3,C3_S011,G008,OCCUPIED,OCCUPIED,0.7968691928820177
1079.0,cctv3,C3_S012,G009,OCCUPIED,OCCUPIED,0.82419192628427
1080.0,cctv1,C1_S001,G001,OCCUPIED,OCCUPIED,0.7267269997434184
1080.0,cctv1,C1_S002,G002,EMPTY,EMPTY,0.01
1080.0,cctv1,C1_S003,G003,OCCUPIED,OCCUPIED,0.8371841834350067
1080.0,cctv1,C1_S004,G004,OCCUPIED,OCCUPIED,0.7759307338432833
1080.0,cctv1,C1_S005,G005,OCCUPIED,LEAVING,0.7559941891919484
1080.0,cctv1,C1_S006,G006,EMPTY,MANEUVERING,0.2357766685973514
1080.0,cctv2,C2_S001,G007,OCCUPIED,LEAVING,0.7583058319308542
1080.0,cctv2,C2_S002,G008,OCCUPIED,OCCUPIED,0.818203955617818
1080.0,cctv2,C2_S003,G009,OCCUPIED,OCCUPIED,0.5921800356600192
1080.0,cctv2,C2_S004,G010,OCCUPIED,OCCUPIED,0.8016777897422964
1080.0,cctv2,C2_S005,G001,EMPTY,EMPTY,0.01
1080.0,cctv2,C2_S006,G003,OCCUPIED,OCCUPIED,0.8186926102096385
1080.0,cctv2,C2_S007,G004,OCCUPIED,OCCUPIED,0.7893749318339609
1080.0,cctv2,C2_S008,G006,OCCUPIED,OCCUPIED,0.7498532606796785
1080.0,cctv2,C2_S009,G005,OCCUPIED,OCCUPIED,0.7739881029183215
1080.0,cctv2,C2_S010,G002,EMPTY,MANEUVERING,0.49
1080.0,cctv2,C2_S011,G017,OCCUPIED,OCCUPIED,0.7259417418458246
1080.0,cctv2,C2_S012,G018,OCCUPIED,LEAVING,0.7558849261565642
1080.0,cctv2,C2_S013,G019,OCCUPIED,OCCUPIED,0.8315853078256954
1080.0,cctv2,C2_S014,G020,EMPTY,EMPTY,0.01
1080.0,cctv3,C3_S001,G021,OCCUPIED,OCCUPIED,0.7717782841487365
1080.0,cctv3,C3_S002,G019,EMPTY,EMPTY,0.01
1080.0,cctv3,C3_S003,G020,OCCUPIED,LEAVING,0.7940133079886437
1080.0,cctv3,C3_S004,G024,OCCUPIED,OCCUPIED,0.8278357096693734
1080.0,cctv3,C3_S005,G025,OCCUPIED,OCCUPIED,0.8236882708289407
1080.0,cctv3,C3_S006,G026,OCCUPIED,OCCUPIED,0.824819134853103
1080.0,cctv3,C3_S007,G027,EMPTY,EMPTY,0.01
1080.0,cctv3,C3_S008,G028,EMPTY,EMPTY,0.01
1080.0,cctv3,C3_S009,G029,EMPTY,MANEUVERING,0.1521240664612163
1080.0,cctv3,C3_S010,G007,OCCUPIED,LEAVING,0.51
1080.0,cctv3,C3_S011,G008,OCCUPIED,OCCUPIED,0.796475040641698
1080.0,cctv3,C3_S012,G009,OCCUPIED,OCCUPIED,0.8247971212322063
1081.0,cctv1,C1_S001,G001,OCCUPIED,OCCUPIED,0.7269093692302705
1081.0,cctv1,C1_S002,G002,EMPTY,EMPTY,0.01
1081.0,cctv1,C1_S003,G003,OCCUPIED,OCCUPIED,0.837222137505358
1081.0,cctv1,C1_S004,G004,OCCUPIED,OCCUPIED,0.7781967111609199
1081.0,cctv1,C1_S005,G005,OCCUPIED,LEAVING,0.7574164195494218
1081.0,cctv1,C1_S006,G006,EMPTY,MANEUVERING,0.3157230659506537
1081.0,cctv2,C2_S001,G007,OCCUPIED,LEAVING,0.7595327543941411
1081.0,cctv2,C2_S002,G008,OCCUPIED,OCCUPIED,0.8187091781334445
1081.0,cctv2,C2_S003,G009,OCCUPIED,OCCUPIED,0.6288151902061972
1081.0,cctv2,C2_S004,G010,OCCUPIED,OCCUPIED,0.80288175127723
1081.0,cctv2,C2_S005,G001,EMPTY,EMPTY,0.01
1081.0,cctv2,C2_S006,G003,OCCUPIED,OCCUPIED,0.8188094951889733
1081.0,cctv2,C2_S007,G004,OCCUPIED,OCCUPIED,0.7890755964951083
1081.0,cctv2,C2_S008,G006,OCCUPIED,OCCUPIED,0.749020005627112
1081.0,cctv2,C2_S009,G005,OCCUPIED,OCCUPIED,0.7728382061828267
1081.0,cctv2,C2_S010,G002,EMPTY,MANEUVERING,0.49
1081.0,cctv2,C2_S011,G017,OCCUPIED,OCCUPIED,0.7249736045978288
1081.0,cctv2,C2_S012,G018,OCCUPIED,LEAVING,0.7562869120727886
1081.0,cctv2,C2_S013,G019,OCCUPIED,OCCUPIED,0.8312321226705205
1081.0,cctv2,C2_S014,G020,EMPTY,EMPTY,0.01
1081.0,cctv3,C3_S001,G021,OCCUPIED,OCCUPIED,0.7715965596112339
1081.0,cctv3,C3_S002,G019,EMPTY,EMPTY,0.01
1081.0,cctv3,C3_S003,G020,OCCUPIED,LEAVING,0.792934990877455
1081.0,cctv3,C3_S004,G024,OCCUPIED,OCCUPIED,0.8275948229161176
1081.0,cctv3,C3_S005,G025,OCCUPIED,OCCUPIED,0.8252093515612863
1081.0,cctv3,C3_S006,G026,OCCUPIED,OCCUPIED,0.8248323183168065
1081.0,cctv3,C3_S007,G027,EMPTY,EMPTY,0.01
1081.0,cctv3,C3_S008,G028,EMPTY,EMPTY,0.01
1081.0,cctv3,C3_S009,G029,EMPTY,MANEUVERING,0.1521240664612163
1081.0,cctv3,C3_S010,G007,OCCUPIED,LEAVING,0.51
1081.0,cctv3,C3_S011,G008,OCCUPIED,OCCUPIED,0.7958831169388512
1081.0,cctv3,C3_S012,G009,OCCUPIED,OCCUPIED,0.8251926064491273
1082.0,cctv1,C1_S001,G001,OCCUPIED,OCCUPIED,0.7264828998256814
1082.0,cctv1,C1_S002,G002,EMPTY,EMPTY,0.01
1082.0,cctv1,C1_S003,G003,OCCUPIED,OCCUPIED,0.8374031858010726
1082.0,cctv1,C1_S004,G004,OCCUPIED,OCCUPIED,0.7790396510200067
1082.0,cctv1,C1_S005,G005,OCCUPIED,OCCUPIED,0.7583718813278459
1082.0,cctv1,C1_S006,G006,EMPTY,MANEUVERING,0.3157230659506537
1082.0,cctv2,C2_S001,G007,OCCUPIED,LEAVING,0.7592048957943917
1082.0,cctv2,C2_S002,G008,OCCUPIED,OCCUPIED,0.8161431323398244
1082.0,cctv2,C2_S003,G009,OCCUPIED,OCCUPIED,0.6649127075392189
1082.0,cctv2,C2_S004,G010,OCCUPIED,OCCUPIED,0.8078931215134535
1082.0,cctv2,C2_S005,G001,EMPTY,EMPTY,0.01
1082.0,cctv2,C2_S006,G003,OCCUPIED,OCCUPIED,0.8190071739933709
1082.0,cctv2,C2_S007,G004,OCCUPIED,OCCUPIED,0.7875672855160454
1082.0,cctv2,C2_S008,G006,OCCUPIED,OCCUPIED,0.7476451715285128
1082.0,cctv2,C2_S009,G005,OCCUPIED,OCCUPIED,0.771435462886637
1082.0,cctv2,C2_S010,G002,EMPTY,MANEUVERING,0.49
1082.0,cctv2,C2_S011,G017,OCCUPIED,OCCUPIED,0.7254323858835482
1082.0,cctv2,C2_S012,G018,OCCUPIED,LEAVING,0.755393473533067
1082.0,cctv2,C2_S013,G019,OCCUPIED,OCCUPIED,0.8311907426877456
1082.0,cctv2,C2_S014,G020,EMPTY,EMPTY,0.01
1082.0,cctv3,C3_S001,G021,OCCUPIED,OCCUPIED,0.771939971365712
1082.0,cctv3,C3_S002,G019,EMPTY,EMPTY,0.01
1082.0,cctv3,C3_S003,G020,OCCUPIED,LEAVING,0.7918766009536657
1082.0,cctv3,C3_S004,G024,OCCUPIED,OCCUPIED,0.8275421882217582
1082.0,cctv3,C3_S005,G025,OCCUPIED,OCCUPIED,0.8253422412005338
1082.0,cctv3,C3_S006,G026,OCCUPIED,OCCUPIED,0.8248160405592485
1082.0,cctv3,C3_S007,G027,EMPTY,EMPTY,0.01
1082.0,cctv3,C3_S008,G028,EMPTY,EMPTY,0.01
1082.0,cctv3,C3_S009,G029,EMPTY,MANEUVERING,0.1071240664612163
1082.0,cctv3,C3_S010,G007,OCCUPIED,LEAVING,0.51
1082.0,cctv3,C3_S011,G008,OCCUPIED,OCCUPIED,0.7958833680911498
1082.0,cctv3,C3_S012,G009,OCCUPIED,OCCUPIED,0.8251563381065022
1083.0,cctv1,C1_S001,G001,OCCUPIED,OCCUPIED,0.72681376575069
1083.0,cctv1,C1_S002,G002,EMPTY,EMPTY,0.01
1083.0,cctv1,C1_S003,G003,OCCUPIED,OCCUPIED,0.8374358120289717
1083.0,cctv1,C1_S004,G004,OCCUPIED,OCCUPIED,0.7781706136736004
1083.0,cctv1,C1_S005,G005,OCCUPIED,OCCUPIED,0.7571075180714781
1083.0,cctv1,C1_S006,G006,EMPTY,MANEUVERING,0.3157230659506537
1083.0,cctv2,C2_S001,G007,OCCUPIED,LEAVING,0.7580599452961575
1083.0,cctv2,C2_S002,G008,OCCUPIED,OCCUPIED,0.8156216076829217
1083.0,cctv2,C2_S003,G009,OCCUPIED,OCCUPIED,0.6998141050000083
1083.0,cctv2,C2_S004,G010,OCCUPIED,OCCUPIED,0.8082557529211045
1083.0,cctv2,C2_S005,G001,EMPTY,EMPTY,0.01
1083.0,cctv2,C2_S006,G003,OCCUPIED,OCCUPIED,0.8188878603956917
1083.0,cctv2,C2_S007,G004,OCCUPIED,OCCUPIED,0.7858855201439424
1083.0,cctv2,C2_S008,G006,OCCUPIED,OCCUPIED,0.7476131012493914
1083.0,cctv2,C2_S009,G005,OCCUPIED,OCCUPIED,0.7721259106289258
1083.0,cctv2,C2_S010,G002,EMPTY,MANEUVERING,0.49
1083.0,cctv2,C2_S011,G017,OCCUPIED,OCCUPIED,0.7246012619679626
1083.0,cctv2,C2_S012,G018,OCCUPIED,LEAVING,0.7546583113345233
1083.0,cctv2,C2_S013,G019,OCCUPIED,OCCUPIED,0.8311902476982638
1083.0,cctv2,C2_S014,G020,EMPTY,EMPTY,0.01
1083.0,cctv3,C3_S001,G021,OCCUPIED,OCCUPIED,0.7693793680180203
1083.0,cctv3,C3_S002,G019,EMPTY,EMPTY,0.01
1083.0,cctv3,C3_S003,G020,OCCUPIED,LEAVING,0.7925423008474437
1083.0,cctv3,C3_S004,G024,OCCUPIED,OCCUPIED,0.8275193918835033
1083.0,cctv3,C3_S005,G025,OCCUPIED,OCCUPIED,0.8260445784438741
1083.0,cctv3,C3_S006,G026,OCCUPIED,OCCUPIED,0.82476996996186
1083.0,cctv3,C3_S007,G027,EMPTY,EMPTY,0.01
1083.0,cctv3,C3_S008,G028,EMPTY,EMPTY,0.01
1083.0,cctv3,C3_S009,G029,EMPTY,MANEUVERING,0.1071240664612163
1083.0,cctv3,C3_S010,G007,OCCUPIED,LEAVING,0.51
1083.0,cctv3,C3_S011,G008,OCCUPIED,OCCUPIED,0.7955523249777882
1083.0,cctv3,C3_S012,G009,OCCUPIED,OCCUPIED,0.8252426231449301
1084.0,cctv1,C1_S001,G001,OCCUPIED,OCCUPIED,0.7253816256468947
1084.0,cctv1,C1_S002,G002,EMPTY,EMPTY,0.01
1084.0,cctv1,C1_S003,G003,OCCUPIED,OCCUPIED,0.8374319845979865
1084.0,cctv1,C1_S004,G004,OCCUPIED,OCCUPIED,0.7772016701373188
1084.0,cctv1,C1_S005,G005,OCCUPIED,LEAVING,0.7561706338416447
1084.0,cctv1,C1_S006,G006,EMPTY,MANEUVERING,0.3527492392334071
1084.0,cctv2,C2_S001,G007,OCCUPIED,LEAVING,0.7584415153346279
1084.0,cctv2,C2_S002,G008,OCCUPIED,OCCUPIED,0.8141954031857578
1084.0,cctv2,C2_S003,G009,OCCUPIED,OCCUPIED,0.6976523931730878
1084.0,cctv2,C2_S004,G010,OCCUPIED,OCCUPIED,0.8086140797896819
1084.0,cctv2,C2_S005,G001,EMPTY,EMPTY,0.01
1084.0,cctv2,C2_S006,G003,OCCUPIED,OCCUPIED,0.8189520107074217
1084.0,cctv2,C2_S007,G004,OCCUPIED,OCCUPIED,0.7853089313615453
1084.0,cctv2,C2_S008,G006,OCCUPIED,OCCUPIED,0.7477798277681524
1084.0,cctv2,C2_S009,G005,OCCUPIED,OCCUPIED,0.771547948636792
1084.0,cctv2,C2_S010,G002,EMPTY,MANEUVERING,0.4684301840175282
1084.0,cctv2,C2_S011,G017,OCCUPIED,OCCUPIED,0.7158061504364014
1084.0,cctv2,C2_S012,G018,OCCUPIED,LEAVING,0.7514646672389724
1084.0,cctv2,C2_S013,G019,OCCUPIED,OCCUPIED,0.8311779404228384
1084.0,cctv2,C2_S014,G020,EMPTY,EMPTY,0.01
1084.0,cctv3,C3_S001,G021,OCCUPIED,OCCUPIED,0.7678232397545468
1084.0,cctv3,C3_S002,G019,EMPTY,EMPTY,0.01
1084.0,cctv3,C3_S003,G020,OCCUPIED,LEAVING,0.792839255522598
1084.0,cctv3,C3_S004,G024,OCCUPIED,OCCUPIED,0.8275849336927588
1084.0,cctv3,C3_S005,G025,OCCUPIED,OCCUPIED,0.8260925241492012
1084.0,cctv3,C3_S006,G026,OCCUPIED,OCCUPIED,0.8248274846510454
1084.0,cctv3,C3_S007,G027,EMPTY,EMPTY,0.01
1084.0,cctv3,C3_S008,G028,EMPTY,EMPTY,0.01
1084.0,cctv3,C3_S009,G029,EMPTY,MANEUVERING,0.1111240664612163
1084.0,cctv3,C3_S010,G007,OCCUPIED,LEAVING,0.51
1084.0,cctv3,C3_S011,G008,OCCUPIED,OCCUPIED,0.7957644161852924
1084.0,cctv3,C3_S012,G009,OCCUPIED,OCCUPIED,0.825383140824058
1085.0,cctv1,C1_S001,G001,OCCUPIED,OCCUPIED,0.725393952226097
1085.0,cctv1,C1_S002,G002,EMPTY,EMPTY,0.01
1085.0,cctv1,C1_S003,G003,OCCUPIED,OCCUPIED,0.8373164130882784
1085.0,cctv1,C1_S004,G004,OCCUPIED,OCCUPIED,0.7758858986876228
1085.0,cctv1,C1_S005,G005,OCCUPIED,LEAVING,0.7557186060331085
1085.0,cctv1,C1_S006,G006,EMPTY,MANEUVERING,0.2777492392334071
1085.0,cctv2,C2_S001,G007,OCCUPIED,LEAVING,0.7500709784301846
1085.0,cctv2,C2_S002,G008,OCCUPIED,OCCUPIED,0.8125754115256397
1085.0,cctv2,C2_S003,G009,OCCUPIED,OCCUPIED,0.6972631183673036
1085.0,cctv2,C2_S004,G010,OCCUPIED,OCCUPIED,0.8091636180877686
1085.0,cctv2,C2_S005,G001,EMPTY,EMPTY,0.01
1085.0,cctv2,C2_S006,G003,OCCUPIED,OCCUPIED,0.8188961240378294
1085.0,cctv2,C2_S007,G004,OCCUPIED,OCCUPIED,0.784299714456905
1085.0,cctv2,C2_S008,G006,OCCUPIED,OCCUPIED,0.7466683979738843
1085.0,cctv2,C2_S009,G005,OCCUPIED,OCCUPIED,0.7712993159890176
1085.0,cctv2,C2_S010,G002,EMPTY,MANEUVERING,0.4697480665553699
1085.0,cctv2,C2_S011,G017,OCCUPIED,OCCUPIED,0.7158674893054096
1085.0,cctv2,C2_S012,G018,OCCUPIED,LEAVING,0.7510304940017788
1085.0,cctv2,C2_S013,G019,OCCUPIED,OCCUPIED,0.8312480289827694
1085.0,cctv2,C2_S014,G020,EMPTY,EMPTY,0.01
1085.0,cctv3,C3_S001,G021,OCCUPIED,OCCUPIED,0.769050179692832
1085.0,cctv3,C3_S002,G019,EMPTY,EMPTY,0.01
1085.0,cctv3,C3_S003,G020,OCCUPIED,LEAVING,0.7928897899660198
1085.0,cctv3,C3_S004,G024,OCCUPIED,OCCUPIED,0.8277390192855489
1085.0,cctv3,C3_S005,G025,OCCUPIED,OCCUPIED,0.8268464370207353
1085.0,cctv3,C3_S006,G026,OCCUPIED,OCCUPIED,0.8249651990153574
1085.0,cctv3,C3_S007,G027,EMPTY,EMPTY,0.01
1085.0,cctv3,C3_S008,G028,EMPTY,EMPTY,0.01
1085.0,cctv3,C3_S009,G029,EMPTY,MANEUVERING,0.1071240664612163
1085.0,cctv3,C3_S010,G007,OCCUPIED,LEAVING,0.51
1085.0,cctv3,C3_S011,G008,OCCUPIED,OCCUPIED,0.7964007418264043
1085.0,cctv3,C3_S012,G009,OCCUPIED,OCCUPIED,0.8253452777862549
1086.0,cctv1,C1_S001,G001,OCCUPIED,OCCUPIED,0.7255689133297314
1086.0,cctv1,C1_S002,G002,EMPTY,EMPTY,0.01
1086.0,cctv1,C1_S003,G003,OCCUPIED,OCCUPIED,0.8370165908878501
1086.0,cctv1,C1_S004,G004,OCCUPIED,OCCUPIED,0.7769706742330031
1086.0,cctv1,C1_S005,G005,OCCUPIED,LEAVING,0.7564405660737645
1086.0,cctv1,C1_S006,G006,EMPTY,MANEUVERING,0.2597492392334071
1086.0,cctv2,C2_S001,G007,OCCUPIED,LEAVING,0.7510643682696603
1086.0,cctv2,C2_S002,G008,OCCUPIED,OCCUPIED,0.8121474764563821
1086.0,cctv2,C2_S003,G009,OCCUPIED,OCCUPIED,0.697642557959665
1086.0,cctv2,C2_S004,G010,OCCUPIED,OCCUPIED,0.8093117207288743
1086.0,cctv2,C2_S005,G001,EMPTY,EMPTY,0.01
1086.0,cctv2,C2_S006,G003,OCCUPIED,OCCUPIED,0.8185494013807991
1086.0,cctv2,C2_S007,G004,OCCUPIED,OCCUPIED,0.7854886775667018
1086.0,cctv2,C2_S008,G006,OCCUPIED,OCCUPIED,0.748625158044425
1086.0,cctv2,C2_S009,G005,OCCUPIED,OCCUPIED,0.7722629162398252
1086.0,cctv2,C2_S010,G002,EMPTY,MANEUVERING,0.49
1086.0,cctv2,C2_S011,G017,OCCUPIED,OCCUPIED,0.7160659032789144
1086.0,cctv2,C2_S012,G018,OCCUPIED,LEAVING,0.7506398855285211
1086.0,cctv2,C2_S013,G019,OCCUPIED,OCCUPIED,0.8313599234277552
1086.0,cctv2,C2_S014,G020,EMPTY,EMPTY,0.01
1086.0,cctv3,C3_S001,G021,OCCUPIED,OCCUPIED,0.772783879258416
1086.0,cctv3,C3_S002,G019,EMPTY,EMPTY,0.01
1086.0,cctv3,C3_S003,G020,OCCUPIED,LEAVING,0.7933197114955296
1086.0,cctv3,C3_S004,G024,OCCUPIED,OCCUPIED,0.827721944180402
1086.0,cctv3,C3_S005,G025,OCCUPIED,OCCUPIED,0.8277253644032913
1086.0,cctv3,C3_S006,G026,OCCUPIED,OCCUPIED,0.8250738089734858
1086.0,cctv3,C3_S007,G027,EMPTY,EMPTY,0.01
1086.0,cctv3,C3_S008,G028,EMPTY,EMPTY,0.01
1086.0,cctv3,C3_S009,G029,EMPTY,MANEUVERING,0.1071240664612163
1086.0,cctv3,C3_S010,G007,OCCUPIED,LEAVING,0.51
1086.0,cctv3,C3_S011,G008,OCCUPIED,OCCUPIED,0.795463333346627
1086.0,cctv3,C3_S012,G009,OCCUPIED,OCCUPIED,0.825524058396166
1087.0,cctv1,C1_S001,G001,OCCUPIED,OCCUPIED,0.7255777223543688
1087.0,cctv1,C1_S002,G002,EMPTY,EMPTY,0.01
1087.0,cctv1,C1_S003,G003,OCCUPIED,OCCUPIED,0.8369737738912757
1087.0,cctv1,C1_S004,G004,OCCUPIED,OCCUPIED,0.7751569189808586
1087.0,cctv1,C1_S005,G005,OCCUPIED,LEAVING,0.7561586081981659
1087.0,cctv1,C1_S006,G006,EMPTY,MANEUVERING,0.247749239233407
1087.0,cctv2,C2_S001,G007,OCCUPIED,LEAVING,0.7480522656305271
1087.0,cctv2,C2_S002,G008,OCCUPIED,OCCUPIED,0.8093385038050739
1087.0,cctv2,C2_S003,G009,OCCUPIED,OCCUPIED,0.652642557959665
1087.0,cctv2,C2_S004,G010,OCCUPIED,OCCUPIED,0.8074396827004173
1087.0,cctv2,C2_S005,G001,EMPTY,EMPTY,0.01
1087.0,cctv2,C2_S006,G003,OCCUPIED,OCCUPIED,0.818518307263201
1087.0,cctv2,C2_S007,G004,OCCUPIED,OCCUPIED,0.7864899551326578
1087.0,cctv2,C2_S008,G006,OCCUPIED,OCCUPIED,0.7482451300729406
1087.0,cctv2,C2_S009,G005,OCCUPIED,OCCUPIED,0.7736160069704057
1087.0,cctv2,C2_S010,G002,EMPTY,MANEUVERING,0.49
1087.0,cctv2,C2_S011,G017,OCCUPIED,OCCUPIED,0.7228695469552822
1087.0,cctv2,C2_S012,G018,OCCUPIED,LEAVING,0.7530541577122429
1087.0,cctv2,C2_S013,G019,OCCUPIED,OCCUPIED,0.8312285780906677
1087.0,cctv2,C2_S014,G020,EMPTY,EMPTY,0.01
1087.0,cctv3,C3_S001,G021,OCCUPIED,OCCUPIED,0.7746488801457666
1087.0,cctv3,C3_S002,G019,EMPTY,EMPTY,0.01
1087.0,cctv3,C3_S003,G020,OCCUPIED,LEAVING,0.7955250294371086
1087.0,cctv3,C3_S004,G024,OCCUPIED,OCCUPIED,0.8277786444533956
1087.0,cctv3,C3_S005,G025,OCCUPIED,OCCUPIED,0.8277728525075047
1087.0,cctv3,C3_S006,G026,OCCUPIED,OCCUPIED,0.8251181345094335
1087.0,cctv3,C3_S007,G027,EMPTY,EMPTY,0.01
1087.0,cctv3,C3_S008,G028,EMPTY,EMPTY,0.01
1087.0,cctv3,C3_S009,G029,EMPTY,MANEUVERING,0.1071240664612163
1087.0,cctv3,C3_S010,G007,OCCUPIED,LEAVING,0.51
1087.0,cctv3,C3_S011,G008,OCCUPIED,OCCUPIED,0.7949398035352881
1087.0,cctv3,C3_S012,G009,OCCUPIED,OCCUPIED,0.8252060630104759
1088.0,cctv1,C1_S001,G001,OCCUPIED,OCCUPIED,0.7258677774532275
1088.0,cctv1,C1_S002,G002,EMPTY,EMPTY,0.01
1088.0,cctv1,C1_S003,G003,OCCUPIED,OCCUPIED,0.8369549707932906
1088.0,cctv1,C1_S004,G004,OCCUPIED,OCCUPIED,0.7743722785602917
1088.0,cctv1,C1_S005,G005,OCCUPIED,LEAVING,0.7574400087649172
1088.0,cctv1,C1_S006,G006,EMPTY,MANEUVERING,0.1941778106619785
1088.0,cctv2,C2_S001,G007,OCCUPIED,LEAVING,0.7466968799856577
1088.0,cctv2,C2_S002,G008,OCCUPIED,OCCUPIED,0.809460482543165
1088.0,cctv2,C2_S003,G009,OCCUPIED,OCCUPIED,0.5671733908671321
1088.0,cctv2,C2_S004,G010,OCCUPIED,OCCUPIED,0.8060565154660833
1088.0,cctv2,C2_S005,G001,EMPTY,EMPTY,0.01
1088.0,cctv2,C2_S006,G003,OCCUPIED,OCCUPIED,0.8186239042065361
1088.0,cctv2,C2_S007,G004,OCCUPIED,OCCUPIED,0.7881163133816286
1088.0,cctv2,C2_S008,G006,OCCUPIED,OCCUPIED,0.7500018607486378
1088.0,cctv2,C2_S009,G005,OCCUPIED,OCCUPIED,0.775009434060617
1088.0,cctv2,C2_S010,G002,EMPTY,MANEUVERING,0.49
1088.0,cctv2,C2_S011,G017,OCCUPIED,OCCUPIED,0.7155242734334686
1088.0,cctv2,C2_S012,G018,OCCUPIED,LEAVING,0.755029665611007
1088.0,cctv2,C2_S013,G019,OCCUPIED,OCCUPIED,0.8312343741005118
1088.0,cctv2,C2_S014,G020,EMPTY,EMPTY,0.01
1088.0,cctv3,C3_S001,G021,OCCUPIED,OCCUPIED,0.7737172026525845
1088.0,cctv3,C3_S002,G019,EMPTY,EMPTY,0.01
1088.0,cctv3,C3_S003,G020,OCCUPIED,LEAVING,0.7945575306361372
1088.0,cctv3,C3_S004,G024,OCCUPIED,OCCUPIED,0.8277713862332432
1088.0,cctv3,C3_S005,G025,OCCUPIED,OCCUPIED,0.8282483984123578
1088.0,cctv3,C3_S006,G026,OCCUPIED,OCCUPIED,0.8254245256835765
1088.0,cctv3,C3_S007,G027,EMPTY,EMPTY,0.01
1088.0,cctv3,C3_S008,G028,EMPTY,EMPTY,0.01
1088.0,cctv3,C3_S009,G029,EMPTY,MANEUVERING,0.1071240664612163
1088.0,cctv3,C3_S010,G007,OCCUPIED,LEAVING,0.51
1088.0,cctv3,C3_S011,G008,OCCUPIED,OCCUPIED,0.7947953194379808
1088.0,cctv3,C3_S012,G009,OCCUPIED,OCCUPIED,0.8254848493771121
1089.0,cctv1,C1_S001,G001,OCCUPIED,OCCUPIED,0.7256365171887659
1089.0,cctv1,C1_S002,G002,EMPTY,EMPTY,0.01
1089.0,cctv1,C1_S003,G003,OCCUPIED,OCCUPIED,0.8369677950035442
1089.0,cctv1,C1_S004,G004,OCCUPIED,OCCUPIED,0.7720267680558293
1089.0,cctv1,C1_S005,G005,OCCUPIED,LEAVING,0.7363886421647939
1089.0,cctv1,C1_S006,G006,EMPTY,MANEUVERING,0.2692078408835964
1089.0,cctv2,C2_S001,G007,OCCUPIED,LEAVING,0.7437810883603313
1089.0,cctv2,C2_S002,G008,OCCUPIED,OCCUPIED,0.8064736956899817
1089.0,cctv2,C2_S003,G009,OCCUPIED,OCCUPIED,0.5669676309146665
1089.0,cctv2,C2_S004,G010,OCCUPIED,OCCUPIED,0.8059479201381857
1089.0,cctv2,C2_S005,G001,EMPTY,EMPTY,0.01
1089.0,cctv2,C2_S006,G003,OCCUPIED,OCCUPIED,0.8187365716153926
1089.0,cctv2,C2_S007,G004,OCCUPIED,OCCUPIED,0.7881944672627883
1089.0,cctv2,C2_S008,G006,OCCUPIED,OCCUPIED,0.7494482349265706
1089.0,cctv2,C2_S009,G005,OCCUPIED,OCCUPIED,0.7773693244565618
1089.0,cctv2,C2_S010,G002,EMPTY,MANEUVERING,0.49
1089.0,cctv2,C2_S011,G017,OCCUPIED,OCCUPIED,0.7231890622594142
1089.0,cctv2,C2_S012,G018,OCCUPIED,LEAVING,0.7560673159631817
1089.0,cctv2,C2_S013,G019,OCCUPIED,OCCUPIED,0.8313342229886489
1089.0,cctv2,C2_S014,G020,EMPTY,EMPTY,0.01
1089.0,cctv3,C3_S001,G021,OCCUPIED,LEAVING,0.7720192785967481
1089.0,cctv3,C3_S002,G019,EMPTY,EMPTY,0.01
1089.0,cctv3,C3_S003,G020,OCCUPIED,LEAVING,0.7957037352702835
1089.0,cctv3,C3_S004,G024,OCCUPIED,OCCUPIED,0.827894538640976
1089.0,cctv3,C3_S005,G025,OCCUPIED,OCCUPIED,0.8281077620658008
1089.0,cctv3,C3_S006,G026,OCCUPIED,OCCUPIED,0.825557951764627
1089.0,cctv3,C3_S007,G027,EMPTY,EMPTY,0.01
1089.0,cctv3,C3_S008,G028,EMPTY,EMPTY,0.01
1089.0,cctv3,C3_S009,G029,EMPTY,EMPTY,0.01
1089.0,cctv3,C3_S010,G007,OCCUPIED,LEAVING,0.51
1089.0,cctv3,C3_S011,G008,OCCUPIED,OCCUPIED,0.7938231934200635
1089.0,cctv3,C3_S012,G009,OCCUPIED,OCCUPIED,0.8258170312101192
1090.0,cctv1,C1_S001,G001,OCCUPIED,OCCUPIED,0.7253433186222207
1090.0,cctv1,C1_S002,G002,EMPTY,EMPTY,0.01
1090.0,cctv1,C1_S003,G003,OCCUPIED,OCCUPIED,0.8368418530984358
1090.0,cctv1,C1_S004,G004,OCCUPIED,OCCUPIED,0.7703509226441384
1090.0,cctv1,C1_S005,G005,OCCUPIED,OCCUPIED,0.7151151472059163
1090.0,cctv1,C1_S006,G006,EMPTY,MANEUVERING,0.3443655673617666
1090.0,cctv2,C2_S001,G007,OCCUPIED,LEAVING,0.7437961386008697
1090.0,cctv2,C2_S002,G008,OCCUPIED,OCCUPIED,0.8061678937890313
1090.0,cctv2,C2_S003,G009,OCCUPIED,OCCUPIED,0.51
1090.0,cctv2,C2_S004,G010,OCCUPIED,OCCUPIED,0.8066642682660711
1090.0,cctv2,C2_S005,G001,EMPTY,EMPTY,0.01
1090.0,cctv2,C2_S006,G003,OCCUPIED,OCCUPIED,0.8188236418095503
1090.0,cctv2,C2_S007,G004,OCCUPIED,OCCUPIED,0.7898330840197477
1090.0,cctv2,C2_S008,G006,OCCUPIED,OCCUPIED,0.7483285845680671
1090.0,cctv2,C2_S009,G005,OCCUPIED,OCCUPIED,0.7778345462950794
1090.0,cctv2,C2_S010,G002,EMPTY,MANEUVERING,0.4705301852930675
1090.0,cctv2,C2_S011,G017,OCCUPIED,OCCUPIED,0.7169605309312994
1090.0,cctv2,C2_S012,G018,OCCUPIED,LEAVING,0.7547879546880722
1090.0,cctv2,C2_S013,G019,OCCUPIED,OCCUPIED,0.8313459198583257
1090.0,cctv2,C2_S014,G020,EMPTY,EMPTY,0.01
1090.0,cctv3,C3_S001,G021,OCCUPIED,LEAVING,0.7714622378349305
1090.0,cctv3,C3_S002,G019,EMPTY,EMPTY,0.01
1090.0,cctv3,C3_S003,G020,OCCUPIED,LEAVING,0.7962701840834184
1090.0,cctv3,C3_S004,G024,OCCUPIED,OCCUPIED,0.8281912104649978
1090.0,cctv3,C3_S005,G025,OCCUPIED,OCCUPIED,0.8281335876746612
1090.0,cctv3,C3_S006,G026,OCCUPIED,OCCUPIED,0.825556467608972
1090.0,cctv3,C3_S007,G027,EMPTY,EMPTY,0.01
1090.0,cctv3,C3_S008,G028,EMPTY,EMPTY,0.01
1090.0,cctv3,C3_S009,G029,EMPTY,EMPTY,0.01
1090.0,cctv3,C3_S010,G007,OCCUPIED,OCCUPIED,0.51
1090.0,cctv3,C3_S011,G008,OCCUPIED,OCCUPIED,0.7939775147221306
1090.0,cctv3,C3_S012,G009,OCCUPIED,OCCUPIED,0.8253888766873967
1091.0,cctv1,C1_S001,G001,OCCUPIED,OCCUPIED,0.7239738314666532
1091.0,cctv1,C1_S002,G002,EMPTY,EMPTY,0.01
1091.0,cctv1,C1_S003,G003,OCCUPIED,OCCUPIED,0.836745908856392
1091.0,cctv1,C1_S004,G004,OCCUPIED,OCCUPIED,0.7693795769052073
1091.0,cctv1,C1_S005,G005,OCCUPIED,OCCUPIED,0.7278059882557755
1091.0,cctv1,C1_S006,G006,EMPTY,MANEUVERING,0.4086467635089701
1091.0,cctv2,C2_S001,G007,OCCUPIED,LEAVING,0.7455813736400821
1091.0,cctv2,C2_S002,G008,OCCUPIED,OCCUPIED,0.8050334160978144
1091.0,cctv2,C2_S003,G009,OCCUPIED,OCCUPIED,0.51
1091.0,cctv2,C2_S004,G010,OCCUPIED,OCCUPIED,0.8052290637384762
1091.0,cctv2,C2_S005,G001,EMPTY,EMPTY,0.01
1091.0,cctv2,C2_S006,G003,OCCUPIED,OCCUPIED,0.8186749905347824
1091.0,cctv2,C2_S007,G004,OCCUPIED,OCCUPIED,0.7897535963491961
1091.0,cctv2,C2_S008,G006,OCCUPIED,OCCUPIED,0.7473395061763851
1091.0,cctv2,C2_S009,G005,OCCUPIED,OCCUPIED,0.7780175339091908
1091.0,cctv2,C2_S010,G002,EMPTY,MANEUVERING,0.49
1091.0,cctv2,C2_S011,G017,OCCUPIED,OCCUPIED,0.7228631283478304
1091.0,cctv2,C2_S012,G018,OCCUPIED,LEAVING,0.7560842138799755
1091.0,cctv2,C2_S013,G019,OCCUPIED,OCCUPIED,0.8313292064450004
1091.0,cctv2,C2_S014,G020,EMPTY,EMPTY,0.01
1091.0,cctv3,C3_S001,G021,OCCUPIED,LEAVING,0.7720833671363918
1091.0,cctv3,C3_S002,G019,EMPTY,EMPTY,0.01
1091.0,cctv3,C3_S003,G020,OCCUPIED,LEAVING,0.7963452956893228
1091.0,cctv3,C3_S004,G024,OCCUPIED,OCCUPIED,0.8281415513970636
1091.0,cctv3,C3_S005,G025,OCCUPIED,OCCUPIED,0.8279776237227701
1091.0,cctv3,C3_S006,G026,OCCUPIED,OCCUPIED,0.8255955628373407
1091.0,cctv3,C3_S007,G027,EMPTY,EMPTY,0.01
1091.0,cctv3,C3_S008,G028,EMPTY,EMPTY,0.01
1091.0,cctv3,C3_S009,G029,EMPTY,EMPTY,0.01
1091.0,cctv3,C3_S010,G007,OCCUPIED,OCCUPIED,0.51
1091.0,cctv3,C3_S011,G008,OCCUPIED,OCCUPIED,0.7947414045984096
1091.0,cctv3,C3_S012,G009,OCCUPIED,OCCUPIED,0.8249401983889667
1092.0,cctv1,C1_S001,G001,OCCUPIED,OCCUPIED,0.7242637772451748
1092.0,cctv1,C1_S002,G002,EMPTY,EMPTY,0.01
1092.0,cctv1,C1_S003,G003,OCCUPIED,OCCUPIED,0.8366574496030807
1092.0,cctv1,C1_S004,G004,OCCUPIED,OCCUPIED,0.768369168449532
1092.0,cctv1,C1_S005,G005,OCCUPIED,OCCUPIED,0.7384587966763613
1092.0,cctv1,C1_S006,G006,EMPTY,MANEUVERING,0.4735010690445249
1092.0,cctv2,C2_S001,G007,OCCUPIED,LEAVING,0.7438381011513147
1092.0,cctv2,C2_S002,G008,OCCUPIED,OCCUPIED,0.8042001488533888
1092.0,cctv2,C2_S003,G009,OCCUPIED,OCCUPIED,0.51
1092.0,cctv2,C2_S004,G010,OCCUPIED,OCCUPIED,0.8031875734979457
1092.0,cctv2,C2_S005,G001,EMPTY,EMPTY,0.01
1092.0,cctv2,C2_S006,G003,OCCUPIED,OCCUPIED,0.8185214438221672
1092.0,cctv2,C2_S007,G004,OCCUPIED,OCCUPIED,0.7900191147219051
1092.0,cctv2,C2_S008,G006,OCCUPIED,OCCUPIED,0.7476461806080559
1092.0,cctv2,C2_S009,G005,OCCUPIED,OCCUPIED,0.7791216802867977
1092.0,cctv2,C2_S010,G002,EMPTY,MANEUVERING,0.49
1092.0,cctv2,C2_S011,G017,OCCUPIED,OCCUPIED,0.7230864519151775
1092.0,cctv2,C2_S012,G018,OCCUPIED,LEAVING,0.7563028496774761
1092.0,cctv2,C2_S013,G019,OCCUPIED,OCCUPIED,0.8315108716487885
1092.0,cctv2,C2_S014,G020,EMPTY,EMPTY,0.01
1092.0,cctv3,C3_S001,G021,OCCUPIED,LEAVING,0.7729445122859695
1092.0,cctv3,C3_S002,G019,EMPTY,EMPTY,0.01
1092.0,cctv3,C3_S003,G020,OCCUPIED,LEAVING,0.7948571695522829
1092.0,cctv3,C3_S004,G024,OCCUPIED,OCCUPIED,0.8283766600218687
1092.0,cctv3,C3_S005,G025,OCCUPIED,OCCUPIED,0.8275714763186195
1092.0,cctv3,C3_S006,G026,OCCUPIED,OCCUPIED,0.8255107773975894
1092.0,cctv3,C3_S007,G027,EMPTY,EMPTY,0.01
1092.0,cctv3,C3_S008,G028,EMPTY,EMPTY,0.01
1092.0,cctv3,C3_S009,G029,EMPTY,EMPTY,0.01
1092.0,cctv3,C3_S010,G007,OCCUPIED,OCCUPIED,0.51
1092.0,cctv3,C3_S011,G008,OCCUPIED,OCCUPIED,0.794322922283953
1092.0,cctv3,C3_S012,G009,OCCUPIED,OCCUPIED,0.8247191746126522
1093.0,cctv1,C1_S001,G001,OCCUPIED,OCCUPIED,0.7254959147762169
1093.0,cctv1,C1_S002,G002,EMPTY,EMPTY,0.01
1093.0,cctv1,C1_S003,G003,OCCUPIED,OCCUPIED,0.8365258238532327
1093.0,cctv1,C1_S004,G004,OCCUPIED,OCCUPIED,0.7680990277366205
1093.0,cctv1,C1_S005,G005,OCCUPIED,OCCUPIED,0.7368408833218344
1093.0,cctv1,C1_S006,G006,EMPTY,MANEUVERING,0.428501069044525
1093.0,cctv2,C2_S001,G007,OCCUPIED,LEAVING,0.7502510796216402
1093.0,cctv2,C2_S002,G008,OCCUPIED,LEAVING,0.8025090120055459
1093.0,cctv2,C2_S003,G009,OCCUPIED,OCCUPIED,0.51
1093.0,cctv2,C2_S004,G010,OCCUPIED,OCCUPIED,0.8016877911307596
1093.0,cctv2,C2_S005,G001,EMPTY,EMPTY,0.01
1093.0,cctv2,C2_S006,G003,OCCUPIED,OCCUPIED,0.8185603342273019
1093.0,cctv2,C2_S007,G004,OCCUPIED,OCCUPIED,0.7884127941998569
1093.0,cctv2,C2_S008,G006,OCCUPIED,OCCUPIED,0.7480741607871924
1093.0,cctv2,C2_S009,G005,OCCUPIED,OCCUPIED,0.7803995472463695
1093.0,cctv2,C2_S010,G002,EMPTY,MANEUVERING,0.49
1093.0,cctv2,C2_S011,G017,OCCUPIED,OCCUPIED,0.7296838097409769
1093.0,cctv2,C2_S012,G018,OCCUPIED,LEAVING,0.7573033550923521
1093.0,cctv2,C2_S013,G019,OCCUPIED,OCCUPIED,0.8314346083185891
1093.0,cctv2,C2_S014,G020,EMPTY,EMPTY,0.01
1093.0,cctv3,C3_S001,G021,OCCUPIED,LEAVING,0.7747525910084898
1093.0,cctv3,C3_S002,G019,EMPTY,EMPTY,0.01
1093.0,cctv3,C3_S003,G020,OCCUPIED,LEAVING,0.794947972893715
1093.0,cctv3,C3_S004,G024,OCCUPIED,OCCUPIED,0.8283993214368821
1093.0,cctv3,C3_S005,G025,OCCUPIED,OCCUPIED,0.8276125531304968
1093.0,cctv3,C3_S006,G026,OCCUPIED,OCCUPIED,0.8255179657177492
1093.0,cctv3,C3_S007,G027,EMPTY,EMPTY,0.01
1093.0,cctv3,C3_S008,G028,EMPTY,EMPTY,0.01
1093.0,cctv3,C3_S009,G029,EMPTY,EMPTY,0.01
1093.0,cctv3,C3_S010,G007,OCCUPIED,OCCUPIED,0.51
1093.0,cctv3,C3_S011,G008,OCCUPIED,OCCUPIED,0.793413242968646
1093.0,cctv3,C3_S012,G009,OCCUPIED,OCCUPIED,0.8248980048027906
1094.0,cctv1,C1_S001,G001,OCCUPIED,OCCUPIED,0.7251607445153324
1094.0,cctv1,C1_S002,G002,EMPTY,EMPTY,0.01
1094.0,cctv1,C1_S003,G003,OCCUPIED,OCCUPIED,0.836680988019163
1094.0,cctv1,C1_S004,G004,OCCUPIED,OCCUPIED,0.7679284656589682
1094.0,cctv1,C1_S005,G005,OCCUPIED,OCCUPIED,0.7381475485888395
1094.0,cctv1,C1_S006,G006,EMPTY,MANEUVERING,0.49
1094.0,cctv2,C2_S001,G007,OCCUPIED,LEAVING,0.7481528338383545
1094.0,cctv2,C2_S002,G008,OCCUPIED,LEAVING,0.8035068270835011
1094.0,cctv2,C2_S003,G009,OCCUPIED,OCCUPIED,0.51
1094.0,cctv2,C2_S004,G010,OCCUPIED,OCCUPIED,0.8012972501191227
1094.0,cctv2,C2_S005,G001,EMPTY,EMPTY,0.01
1094.0,cctv2,C2_S006,G003,OCCUPIED,OCCUPIED,0.8187965368682688
1094.0,cctv2,C2_S007,G004,OCCUPIED,OCCUPIED,0.7890863212672148
1094.0,cctv2,C2_S008,G006,OCCUPIED,OCCUPIED,0.7484302146868272
1094.0,cctv2,C2_S009,G005,OCCUPIED,OCCUPIED,0.779291733963923
1094.0,cctv2,C2_S010,G002,EMPTY,MANEUVERING,0.49
1094.0,cctv2,C2_S011,G017,OCCUPIED,OCCUPIED,0.7223343052376402
1094.0,cctv2,C2_S012,G018,OCCUPIED,LEAVING,0.7556416128169408
1094.0,cctv2,C2_S013,G019,OCCUPIED,OCCUPIED,0.8313739465041594
1094.0,cctv2,C2_S014,G020,EMPTY,EMPTY,0.01
1094.0,cctv3,C3_S001,G021,OCCUPIED,LEAVING,0.7772944652221421
1094.0,cctv3,C3_S002,G019,EMPTY,EMPTY,0.01
1094.0,cctv3,C3_S003,G020,OCCUPIED,LEAVING,0.7955049693584443
1094.0,cctv3,C3_S004,G024,OCCUPIED,OCCUPIED,0.8284259232607756
1094.0,cctv3,C3_S005,G025,OCCUPIED,OCCUPIED,0.8275748705322092
1094.0,cctv3,C3_S006,G026,OCCUPIED,OCCUPIED,0.8255219101905823
1094.0,cctv3,C3_S007,G027,EMPTY,EMPTY,0.01
1094.0,cctv3,C3_S008,G028,EMPTY,EMPTY,0.01
1094.0,cctv3,C3_S009,G029,EMPTY,EMPTY,0.01
1094.0,cctv3,C3_S010,G007,OCCUPIED,OCCUPIED,0.51
1094.0,cctv3,C3_S011,G008,OCCUPIED,OCCUPIED,0.7941022853959692
1094.0,cctv3,C3_S012,G009,OCCUPIED,OCCUPIED,0.8247892005877062
1095.0,cctv1,C1_S001,G001,OCCUPIED,OCCUPIED,0.7256888737055389
1095.0,cctv1,C1_S002,G002,EMPTY,EMPTY,0.01
1095.0,cctv1,C1_S003,G003,OCCUPIED,OCCUPIED,0.836743402210149
1095.0,cctv1,C1_S004,G004,OCCUPIED,OCCUPIED,0.769883050701835
1095.0,cctv1,C1_S005,G005,OCCUPIED,OCCUPIED,0.7517184875228189
1095.0,cctv1,C1_S006,G006,EMPTY,MANEUVERING,0.49
1095.0,cctv2,C2_S001,G007,OCCUPIED,LEAVING,0.750665197860111
1095.0,cctv2,C2_S002,G008,OCCUPIED,LEAVING,0.8041611934250052
1095.0,cctv2,C2_S003,G009,OCCUPIED,OCCUPIED,0.51
1095.0,cctv2,C2_S004,G010,OCCUPIED,OCCUPIED,0.797484183988788
1095.0,cctv2,C2_S005,G001,EMPTY,EMPTY,0.01
1095.0,cctv2,C2_S006,G003,OCCUPIED,OCCUPIED,0.8185388391668147
1095.0,cctv2,C2_S007,G004,OCCUPIED,OCCUPIED,0.7897396634925496
1095.0,cctv2,C2_S008,G006,OCCUPIED,OCCUPIED,0.7484820398417387
1095.0,cctv2,C2_S009,G005,OCCUPIED,OCCUPIED,0.7802407942034982
1095.0,cctv2,C2_S010,G002,EMPTY,MANEUVERING,0.49
1095.0,cctv2,C2_S011,G017,OCCUPIED,OCCUPIED,0.7229864193363624
1095.0,cctv2,C2_S012,G018,OCCUPIED,LEAVING,0.7584344832734629
1095.0,cctv2,C2_S013,G019,OCCUPIED,OCCUPIED,0.8311464399099351
1095.0,cctv2,C2_S014,G020,EMPTY,EMPTY,0.01
1095.0,cctv3,C3_S001,G021,OCCUPIED,LEAVING,0.77928331670436
1095.0,cctv3,C3_S002,G019,EMPTY,EMPTY,0.01
1095.0,cctv3,C3_S003,G020,OCCUPIED,LEAVING,0.7959896965460345
1095.0,cctv3,C3_S004,G024,OCCUPIED,OCCUPIED,0.8283142181960019
1095.0,cctv3,C3_S005,G025,OCCUPIED,OCCUPIED,0.8277560870755803
1095.0,cctv3,C3_S006,G026,OCCUPIED,OCCUPIED,0.8253277101299981
1095.0,cctv3,C3_S007,G027,EMPTY,EMPTY,0.01
1095.0,cctv3,C3_S008,G028,EMPTY,EMPTY,0.01
1095.0,cctv3,C3_S009,G029,EMPTY,EMPTY,0.01
1095.0,cctv3,C3_S010,G007,OCCUPIED,OCCUPIED,0.51
1095.0,cctv3,C3_S011,G008,OCCUPIED,OCCUPIED,0.7922276895154607
1095.0,cctv3,C3_S012,G009,OCCUPIED,OCCUPIED,0.8248242668130181
1096.0,cctv1,C1_S001,G001,OCCUPIED,OCCUPIED,0.7264066803861748
1096.0,cctv1,C1_S002,G002,EMPTY,EMPTY,0.01
1096.0,cctv1,C1_S003,G003,OCCUPIED,OCCUPIED,0.8367248128760946
1096.0,cctv1,C1_S004,G004,OCCUPIED,OCCUPIED,0.7700277481566776
1096.0,cctv1,C1_S005,G005,OCCUPIED,OCCUPIED,0.7526908151128076
1096.0,cctv1,C1_S006,G006,EMPTY,MANEUVERING,0.49
1096.0,cctv2,C2_S001,G007,OCCUPIED,LEAVING,0.7503833304074679
1096.0,cctv2,C2_S002,G008,OCCUPIED,LEAVING,0.8031691442836415
1096.0,cctv2,C2_S003,G009,OCCUPIED,OCCUPIED,0.51
1096.0,cctv2,C2_S004,G010,OCCUPIED,OCCUPIED,0.7958190166137435
1096.0,cctv2,C2_S005,G001,EMPTY,EMPTY,0.01
1096.0,cctv2,C2_S006,G003,OCCUPIED,OCCUPIED,0.8185958320444281
1096.0,cctv2,C2_S007,G004,OCCUPIED,OCCUPIED,0.7912947196852078
1096.0,cctv2,C2_S008,G006,OCCUPIED,OCCUPIED,0.7500484348698097
1096.0,cctv2,C2_S009,G005,OCCUPIED,OCCUPIED,0.7819530132141981
1096.0,cctv2,C2_S010,G002,EMPTY,MANEUVERING,0.4241613795269619
1096.0,cctv2,C2_S011,G017,OCCUPIED,OCCUPIED,0.7167928380045024
1096.0,cctv2,C2_S012,G018,OCCUPIED,LEAVING,0.7574048380960118
1096.0,cctv2,C2_S013,G019,OCCUPIED,OCCUPIED,0.8308738900856538
1096.0,cctv2,C2_S014,G020,EMPTY,EMPTY,0.01
1096.0,cctv3,C3_S001,G021,OCCUPIED,LEAVING,0.7790643314068968
1096.0,cctv3,C3_S002,G019,EMPTY,EMPTY,0.01
1096.0,cctv3,C3_S003,G020,OCCUPIED,LEAVING,0.7947561152956704
1096.0,cctv3,C3_S004,G024,OCCUPIED,OCCUPIED,0.8285372064872222
1096.0,cctv3,C3_S005,G025,OCCUPIED,OCCUPIED,0.827671537345106
1096.0,cctv3,C3_S006,G026,OCCUPIED,OCCUPIED,0.8251977554776453
1096.0,cctv3,C3_S007,G027,EMPTY,EMPTY,0.01
1096.0,cctv3,C3_S008,G028,EMPTY,EMPTY,0.01
1096.0,cctv3,C3_S009,G029,EMPTY,EMPTY,0.01
1096.0,cctv3,C3_S010,G007,OCCUPIED,OCCUPIED,0.51
1096.0,cctv3,C3_S011,G008,OCCUPIED,OCCUPIED,0.7904031404040077
1096.0,cctv3,C3_S012,G009,OCCUPIED,OCCUPIED,0.824838662147522
1097.0,cctv1,C1_S001,G001,OCCUPIED,OCCUPIED,0.7270650515502151
1097.0,cctv1,C1_S002,G002,EMPTY,EMPTY,0.01
1097.0,cctv1,C1_S003,G003,OCCUPIED,OCCUPIED,0.8366949590769681
1097.0,cctv1,C1_S004,G004,OCCUPIED,OCCUPIED,0.7692635908722878
1097.0,cctv1,C1_S005,G005,OCCUPIED,OCCUPIED,0.7532840730114417
1097.0,cctv1,C1_S006,G006,EMPTY,MANEUVERING,0.49
1097.0,cctv2,C2_S001,G007,OCCUPIED,LEAVING,0.750469877977263
1097.0,cctv2,C2_S002,G008,OCCUPIED,LEAVING,0.8003832418810238
1097.0,cctv2,C2_S003,G009,OCCUPIED,OCCUPIED,0.51
1097.0,cctv2,C2_S004,G010,OCCUPIED,OCCUPIED,0.7948948411778971
1097.0,cctv2,C2_S005,G001,EMPTY,EMPTY,0.01
1097.0,cctv2,C2_S006,G003,OCCUPIED,OCCUPIED,0.8186634440313687
1097.0,cctv2,C2_S007,G004,OCCUPIED,OCCUPIED,0.7903442374684595
1097.0,cctv2,C2_S008,G006,OCCUPIED,OCCUPIED,0.74908677556298
1097.0,cctv2,C2_S009,G005,OCCUPIED,OCCUPIED,0.7822079368612984
1097.0,cctv2,C2_S010,G002,EMPTY,MANEUVERING,0.3320253969322551
1097.0,cctv2,C2_S011,G017,OCCUPIED,LEAVING,0.7209461642937227
1097.0,cctv2,C2_S012,G018,OCCUPIED,OCCUPIED,0.7039956725456499
1097.0,cctv2,C2_S013,G019,OCCUPIED,OCCUPIED,0.830805437673222
1097.0,cctv2,C2_S014,G020,EMPTY,EMPTY,0.01
1097.0,cctv3,C3_S001,G021,OCCUPIED,LEAVING,0.7799060508608818
1097.0,cctv3,C3_S002,G019,EMPTY,EMPTY,0.01
1097.0,cctv3,C3_S003,G020,OCCUPIED,LEAVING,0.7931618240746585
1097.0,cctv3,C3_S004,G024,OCCUPIED,OCCUPIED,0.8286001579328017
1097.0,cctv3,C3_S005,G025,OCCUPIED,OCCUPIED,0.8279836838895624
1097.0,cctv3,C3_S006,G026,OCCUPIED,OCCUPIED,0.8251133089715785
1097.0,cctv3,C3_S007,G027,EMPTY,EMPTY,0.01
1097.0,cctv3,C3_S008,G028,EMPTY,EMPTY,0.01
1097.0,cctv3,C3_S009,G029,EMPTY,EMPTY,0.01
1097.0,cctv3,C3_S010,G007,OCCUPIED,LEAVING,0.51
1097.0,cctv3,C3_S011,G008,OCCUPIED,OCCUPIED,0.7906959335912358
1097.0,cctv3,C3_S012,G009,OCCUPIED,OCCUPIED,0.8250337083231319
1098.0,cctv1,C1_S001,G001,OCCUPIED,OCCUPIED,0.7263529567555949
1098.0,cctv1,C1_S002,G002,EMPTY,EMPTY,0.01
1098.0,cctv1,C1_S003,G003,OCCUPIED,OCCUPIED,0.8367655523798683
1098.0,cctv1,C1_S004,G004,OCCUPIED,OCCUPIED,0.77100455341014
1098.0,cctv1,C1_S005,G005,OCCUPIED,OCCUPIED,0.7534540608525276
1098.0,cctv1,C1_S006,G006,EMPTY,MANEUVERING,0.49
1098.0,cctv2,C2_S001,G007,OCCUPIED,LEAVING,0.7537913551384753
1098.0,cctv2,C2_S002,G008,OCCUPIED,LEAVING,0.8014584159309215
1098.0,cctv2,C2_S003,G009,OCCUPIED,OCCUPIED,0.51
1098.0,cctv2,C2_S004,G010,OCCUPIED,OCCUPIED,0.7954262087290938
1098.0,cctv2,C2_S005,G001,EMPTY,EMPTY,0.01
1098.0,cctv2,C2_S006,G003,OCCUPIED,OCCUPIED,0.818543321707032
1098.0,cctv2,C2_S007,G004,OCCUPIED,OCCUPIED,0.7892403629693119
1098.0,cctv2,C2_S008,G006,OCCUPIED,OCCUPIED,0.7493682071566582
1098.0,cctv2,C2_S009,G005,OCCUPIED,OCCUPIED,0.7821879194541411
1098.0,cctv2,C2_S010,G002,EMPTY,MANEUVERING,0.2831581451269713
1098.0,cctv2,C2_S011,G017,OCCUPIED,LEAVING,0.7362984852086415
1098.0,cctv2,C2_S012,G018,OCCUPIED,OCCUPIED,0.7137542985786093
1098.0,cctv2,C2_S013,G019,OCCUPIED,OCCUPIED,0.8308592208407143
1098.0,cctv2,C2_S014,G020,EMPTY,EMPTY,0.01
1098.0,cctv3,C3_S001,G021,OCCUPIED,LEAVING,0.7815190825950016
1098.0,cctv3,C3_S002,G019,EMPTY,EMPTY,0.01
1098.0,cctv3,C3_S003,G020,OCCUPIED,LEAVING,0.7931720554828644
1098.0,cctv3,C3_S004,G024,OCCUPIED,OCCUPIED,0.8287918927994642
1098.0,cctv3,C3_S005,G025,OCCUPIED,OCCUPIED,0.8274880230426789
1098.0,cctv3,C3_S006,G026,OCCUPIED,OCCUPIED,0.8251737505197525
1098.0,cctv3,C3_S007,G027,EMPTY,EMPTY,0.01
1098.0,cctv3,C3_S008,G028,EMPTY,EMPTY,0.01
1098.0,cctv3,C3_S009,G029,EMPTY,EMPTY,0.01
1098.0,cctv3,C3_S010,G007,OCCUPIED,LEAVING,0.51
1098.0,cctv3,C3_S011,G008,OCCUPIED,LEAVING,0.7847493238069795
1098.0,cctv3,C3_S012,G009,OCCUPIED,OCCUPIED,0.825340577418154
1099.0,cctv1,C1_S001,G001,OCCUPIED,OCCUPIED,0.7263758219778539
1099.0,cctv1,C1_S002,G002,EMPTY,EMPTY,0.01
1099.0,cctv1,C1_S003,G003,OCCUPIED,OCCUPIED,0.836915374885906
1099.0,cctv1,C1_S004,G004,OCCUPIED,OCCUPIED,0.7722543823448095
1099.0,cctv1,C1_S005,G005,OCCUPIED,OCCUPIED,0.7523190467195078
1099.0,cctv1,C1_S006,G006,EMPTY,MANEUVERING,0.49
1099.0,cctv2,C2_S001,G007,OCCUPIED,LEAVING,0.7527920961380006
1099.0,cctv2,C2_S002,G008,OCCUPIED,LEAVING,0.8009623592550105
1099.0,cctv2,C2_S003,G009,OCCUPIED,OCCUPIED,0.51
1099.0,cctv2,C2_S004,G010,OCCUPIED,OCCUPIED,0.7933823329481212
1099.0,cctv2,C2_S005,G001,EMPTY,EMPTY,0.01
1099.0,cctv2,C2_S006,G003,OCCUPIED,OCCUPIED,0.8185565799474717
1099.0,cctv2,C2_S007,G004,OCCUPIED,OCCUPIED,0.788949049060995
1099.0,cctv2,C2_S008,G006,OCCUPIED,OCCUPIED,0.7487577871842819
1099.0,cctv2,C2_S009,G005,OCCUPIED,OCCUPIED,0.7823450188745152
1099.0,cctv2,C2_S010,G002,EMPTY,MANEUVERING,0.372661516178738
1099.0,cctv2,C2_S011,G017,OCCUPIED,LEAVING,0.7211703128435395
1099.0,cctv2,C2_S012,G018,OCCUPIED,OCCUPIED,0.7033885065804829
1099.0,cctv2,C2_S013,G019,OCCUPIED,OCCUPIED,0.8304729835553604
1099.0,cctv2,C2_S014,G020,EMPTY,EMPTY,0.01
1099.0,cctv3,C3_S001,G021,OCCUPIED,LEAVING,0.7847008367831058
1099.0,cctv3,C3_S002,G019,EMPTY,EMPTY,0.01
1099.0,cctv3,C3_S003,G020,OCCUPIED,LEAVING,0.7947151238268073
1099.0,cctv3,C3_S004,G024,OCCUPIED,OCCUPIED,0.8288065303455701
1099.0,cctv3,C3_S005,G025,OCCUPIED,OCCUPIED,0.8275205712426793
1099.0,cctv3,C3_S006,G026,OCCUPIED,OCCUPIED,0.8250198762525213
1099.0,cctv3,C3_S007,G027,EMPTY,EMPTY,0.01
1099.0,cctv3,C3_S008,G028,EMPTY,EMPTY,0.01
1099.0,cctv3,C3_S009,G029,EMPTY,EMPTY,0.01
1099.0,cctv3,C3_S010,G007,OCCUPIED,LEAVING,0.51
1099.0,cctv3,C3_S011,G008,OCCUPIED,LEAVING,0.7846555765379559
1099.0,cctv3,C3_S012,G009,OCCUPIED,OCCUPIED,0.825575479594144
1100.0,cctv1,C1_S001,G001,OCCUPIED,OCCUPIED,0.7272451543672519
1100.0,cctv1,C1_S002,G002,EMPTY,EMPTY,0.01
1100.0,cctv1,C1_S003,G003,OCCUPIED,OCCUPIED,0.8369744078679519
1100.0,cctv1,C1_S004,G004,OCCUPIED,OCCUPIED,0.772690394927155
1100.0,cctv1,C1_S005,G005,OCCUPIED,OCCUPIED,0.7541200427846476
1100.0,cctv1,C1_S006,G006,EMPTY,MANEUVERING,0.49
1100.0,cctv2,C2_S001,G007,OCCUPIED,LEAVING,0.7547233719717373
1100.0,cctv2,C2_S002,G008,OCCUPIED,LEAVING,0.8030911944129251
1100.0,cctv2,C2_S003,G009,OCCUPIED,OCCUPIED,0.51
1100.0,cctv2,C2_S004,G010,OCCUPIED,OCCUPIED,0.791396497731859
1100.0,cctv2,C2_S005,G001,EMPTY,EMPTY,0.01
1100.0,cctv2,C2_S006,G003,OCCUPIED,OCCUPIED,0.8184324009851977
1100.0,cctv2,C2_S007,G004,OCCUPIED,OCCUPIED,0.7899608360095458
1100.0,cctv2,C2_S008,G006,OCCUPIED,OCCUPIED,0.7499871545217255
1100.0,cctv2,C2_S009,G005,OCCUPIED,OCCUPIED,0.7837698627601971
1100.0,cctv2,C2_S010,G002,EMPTY,MANEUVERING,0.3240160544487563
1100.0,cctv2,C2_S011,G017,OCCUPIED,LEAVING,0.7332075242020868
1100.0,cctv2,C2_S012,G018,OCCUPIED,OCCUPIED,0.7115268148210917
1100.0,cctv2,C2_S013,G019,OCCUPIED,OCCUPIED,0.8303237535736778
1100.0,cctv2,C2_S014,G020,EMPTY,EMPTY,0.01
1100.0,cctv3,C3_S001,G021,OCCUPIED,LEAVING,0.7897198123010722
1100.0,cctv3,C3_S002,G019,EMPTY,EMPTY,0.01
1100.0,cctv3,C3_S003,G020,OCCUPIED,LEAVING,0.7927637419917367
1100.0,cctv3,C3_S004,G024,OCCUPIED,OCCUPIED,0.8288456158204512
1100.0,cctv3,C3_S005,G025,OCCUPIED,OCCUPIED,0.8276059646498074
1100.0,cctv3,C3_S006,G026,OCCUPIED,OCCUPIED,0.8248922055417842
1100.0,cctv3,C3_S007,G027,EMPTY,EMPTY,0.01
1100.0,cctv3,C3_S008,G028,EMPTY,EMPTY,0.01
1100.0,cctv3,C3_S009,G029,EMPTY,EMPTY,0.01
1100.0,cctv3,C3_S010,G007,OCCUPIED,LEAVING,0.51
1100.0,cctv3,C3_S011,G008,OCCUPIED,LEAVING,0.784932734884999
1100.0,cctv3,C3_S012,G009,OCCUPIED,OCCUPIED,0.8247218535705046
1101.0,cctv1,C1_S001,G001,OCCUPIED,OCCUPIED,0.7268208851868456
1101.0,cctv1,C1_S002,G002,EMPTY,EMPTY,0.01
1101.0,cctv1,C1_S003,G003,OCCUPIED,OCCUPIED,0.8371223763986068
1101.0,cctv1,C1_S004,G004,OCCUPIED,OCCUPIED,0.7738126470284029
1101.0,cctv1,C1_S005,G005,OCCUPIED,OCCUPIED,0.7553346063603055
1101.0,cctv1,C1_S006,G006,EMPTY,MANEUVERING,0.49
1101.0,cctv2,C2_S001,G007,OCCUPIED,LEAVING,0.7568001804026692
1101.0,cctv2,C2_S002,G008,OCCUPIED,LEAVING,0.8050783219662581
1101.0,cctv2,C2_S003,G009,OCCUPIED,OCCUPIED,0.51
1101.0,cctv2,C2_S004,G010,OCCUPIED,OCCUPIED,0.7900297358632088
1101.0,cctv2,C2_S005,G001,EMPTY,EMPTY,0.01
1101.0,cctv2,C2_S006,G003,OCCUPIED,OCCUPIED,0.8183974550528961
1101.0,cctv2,C2_S007,G004,OCCUPIED,OCCUPIED,0.7896996376189319
1101.0,cctv2,C2_S008,G006,OCCUPIED,OCCUPIED,0.7503137561407957
1101.0,cctv2,C2_S009,G005,OCCUPIED,OCCUPIED,0.7843061379411005
1101.0,cctv2,C2_S010,G002,EMPTY,MANEUVERING,0.3240160544487563
1101.0,cctv2,C2_S011,G017,OCCUPIED,LEAVING,0.7300935193625364
1101.0,cctv2,C2_S012,G018,OCCUPIED,OCCUPIED,0.7154835681075401
1101.0,cctv2,C2_S013,G019,OCCUPIED,OCCUPIED,0.8300870559432291
1101.0,cctv2,C2_S014,G020,EMPTY,EMPTY,0.01
1101.0,cctv3,C3_S001,G021,OCCUPIED,LEAVING,0.7916253864765168
1101.0,cctv3,C3_S002,G019,EMPTY,EMPTY,0.01
1101.0,cctv3,C3_S003,G020,OCCUPIED,LEAVING,0.7952240217815747
1101.0,cctv3,C3_S004,G024,OCCUPIED,OCCUPIED,0.8287695597518575
1101.0,cctv3,C3_S005,G025,OCCUPIED,OCCUPIED,0.8259168443354694
1101.0,cctv3,C3_S006,G026,OCCUPIED,OCCUPIED,0.8247494786977768
1101.0,cctv3,C3_S007,G027,EMPTY,EMPTY,0.01
1101.0,cctv3,C3_S008,G028,EMPTY,EMPTY,0.01
1101.0,cctv3,C3_S009,G029,EMPTY,MANEUVERING,0.163105768371712
1101.0,cctv3,C3_S010,G007,OCCUPIED,LEAVING,0.51
1101.0,cctv3,C3_S011,G008,OCCUPIED,LEAVING,0.7843049728057602
1101.0,cctv3,C3_S012,G009,OCCUPIED,OCCUPIED,0.8248651030388746
1102.0,cctv1,C1_S001,G001,OCCUPIED,OCCUPIED,0.727180706167763
1102.0,cctv1,C1_S002,G002,EMPTY,EMPTY,0.01
1102.0,cctv1,C1_S003,G003,OCCUPIED,OCCUPIED,0.8372213117100976
1102.0,cctv1,C1_S004,G004,OCCUPIED,OCCUPIED,0.774675646966154
1102.0,cctv1,C1_S005,G005,OCCUPIED,OCCUPIED,0.7551292385567319
1102.0,cctv1,C1_S006,G006,EMPTY,MANEUVERING,0.49
1102.0,cctv2,C2_S001,G007,OCCUPIED,LEAVING,0.756002090735869
1102.0,cctv2,C2_S002,G008,OCCUPIED,LEAVING,0.8047516557303342
1102.0,cctv2,C2_S003,G009,OCCUPIED,OCCUPIED,0.51
1102.0,cctv2,C2_S004,G010,OCCUPIED,OCCUPIED,0.786524078927257
1102.0,cctv2,C2_S005,G001,EMPTY,EMPTY,0.01
1102.0,cctv2,C2_S006,G003,OCCUPIED,OCCUPIED,0.818581942265684
1102.0,cctv2,C2_S007,G004,OCCUPIED,OCCUPIED,0.7912646610628475
1102.0,cctv2,C2_S008,G006,OCCUPIED,OCCUPIED,0.7514842453328047
1102.0,cctv2,C2_S009,G005,OCCUPIED,OCCUPIED,0.7852378414435821
1102.0,cctv2,C2_S010,G002,EMPTY,MANEUVERING,0.2774745934659784
1102.0,cctv2,C2_S011,G017,OCCUPIED,LEAVING,0.7400208943404936
1102.0,cctv2,C2_S012,G018,OCCUPIED,OCCUPIED,0.7252444549175827
1102.0,cctv2,C2_S013,G019,OCCUPIED,OCCUPIED,0.829987578500401
1102.0,cctv2,C2_S014,G020,EMPTY,EMPTY,0.01
1102.0,cctv3,C3_S001,G021,OCCUPIED,LEAVING,0.7923351388085973
1102.0,cctv3,C3_S002,G019,EMPTY,EMPTY,0.01
1102.0,cctv3,C3_S003,G020,OCCUPIED,LEAVING,0.7943206489086152
1102.0,cctv3,C3_S004,G024,OCCUPIED,OCCUPIED,0.8287001612511549
1102.0,cctv3,C3_S005,G025,OCCUPIED,OCCUPIED,0.8250671392137354
1102.0,cctv3,C3_S006,G026,OCCUPIED,OCCUPIED,0.8247589208862999
1102.0,cctv3,C3_S007,G027,EMPTY,EMPTY,0.01
1102.0,cctv3,C3_S008,G028,EMPTY,EMPTY,0.01
1102.0,cctv3,C3_S009,G029,EMPTY,MANEUVERING,0.163105768371712
1102.0,cctv3,C3_S010,G007,OCCUPIED,OCCUPIED,0.51
1102.0,cctv3,C3_S011,G008,OCCUPIED,LEAVING,0.7839404719797048
1102.0,cctv3,C3_S012,G009,OCCUPIED,OCCUPIED,0.8245301138270986
1103.0,cctv1,C1_S001,G001,OCCUPIED,OCCUPIED,0.7277499440718782
1103.0,cctv1,C1_S002,G002,EMPTY,EMPTY,0.01
1103.0,cctv1,C1_S003,G003,OCCUPIED,OCCUPIED,0.8373801269314507
1103.0,cctv1,C1_S004,G004,OCCUPIED,OCCUPIED,0.7747821428559044
1103.0,cctv1,C1_S005,G005,OCCUPIED,OCCUPIED,0.7557395557110961
1103.0,cctv1,C1_S006,G006,EMPTY,MANEUVERING,0.49
1103.0,cctv2,C2_S001,G007,OCCUPIED,LEAVING,0.7581076195294207
1103.0,cctv2,C2_S002,G008,OCCUPIED,LEAVING,0.8068801860917699
1103.0,cctv2,C2_S003,G009,OCCUPIED,OCCUPIED,0.51
1103.0,cctv2,C2_S004,G010,OCCUPIED,OCCUPIED,0.7889450318434023
1103.0,cctv2,C2_S005,G001,EMPTY,EMPTY,0.01
1103.0,cctv2,C2_S006,G003,OCCUPIED,OCCUPIED,0.8185460591858085
1103.0,cctv2,C2_S007,G004,OCCUPIED,OCCUPIED,0.7910249024629593
1103.0,cctv2,C2_S008,G006,OCCUPIED,OCCUPIED,0.7510030245239085
1103.0,cctv2,C2_S009,G005,OCCUPIED,OCCUPIED,0.7862314023754814
1103.0,cctv2,C2_S010,G002,EMPTY,MANEUVERING,0.2745760821754281
1103.0,cctv2,C2_S011,G017,OCCUPIED,LEAVING,0.7404691402343188
1103.0,cctv2,C2_S012,G018,OCCUPIED,OCCUPIED,0.7260926108604129
1103.0,cctv2,C2_S013,G019,OCCUPIED,OCCUPIED,0.8300684495405718
1103.0,cctv2,C2_S014,G020,EMPTY,EMPTY,0.01
1103.0,cctv3,C3_S001,G021,OCCUPIED,OCCUPIED,0.7903944443572652
1103.0,cctv3,C3_S002,G019,EMPTY,EMPTY,0.01
1103.0,cctv3,C3_S003,G020,OCCUPIED,OCCUPIED,0.797361999208277
1103.0,cctv3,C3_S004,G024,OCCUPIED,OCCUPIED,0.8285930720242588
1103.0,cctv3,C3_S005,G025,OCCUPIED,OCCUPIED,0.825145527178591
1103.0,cctv3,C3_S006,G026,OCCUPIED,OCCUPIED,0.8249055613170971
1103.0,cctv3,C3_S007,G027,EMPTY,EMPTY,0.01
1103.0,cctv3,C3_S008,G028,EMPTY,EMPTY,0.01
1103.0,cctv3,C3_S009,G029,EMPTY,MANEUVERING,0.157105768371712
1103.0,cctv3,C3_S010,G007,OCCUPIED,LEAVING,0.51
1103.0,cctv3,C3_S011,G008,OCCUPIED,LEAVING,0.7846953463825314
1103.0,cctv3,C3_S012,G009,OCCUPIED,OCCUPIED,0.8243645345622843
1104.0,cctv1,C1_S001,G001,OCCUPIED,OCCUPIED,0.72602911953899
1104.0,cctv1,C1_S002,G002,EMPTY,EMPTY,0.01
1104.0,cctv1,C1_S003,G003,OCCUPIED,OCCUPIED,0.8374149907719006
1104.0,cctv1,C1_S004,G004,OCCUPIED,OCCUPIED,0.7751953745430167
1104.0,cctv1,C1_S005,G005,OCCUPIED,OCCUPIED,0.7547608534043486
1104.0,cctv1,C1_S006,G006,EMPTY,MANEUVERING,0.49
1104.0,cctv2,C2_S001,G007,OCCUPIED,LEAVING,0.7497123166918755
1104.0,cctv2,C2_S002,G008,OCCUPIED,LEAVING,0.8106223398988898
1104.0,cctv2,C2_S003,G009,OCCUPIED,OCCUPIED,0.51
1104.0,cctv2,C2_S004,G010,OCCUPIED,OCCUPIED,0.789207309619947
1104.0,cctv2,C2_S005,G001,EMPTY,EMPTY,0.01
1104.0,cctv2,C2_S006,G003,OCCUPIED,OCCUPIED,0.8181357364762913
1104.0,cctv2,C2_S007,G004,OCCUPIED,OCCUPIED,0.7918673769994216
1104.0,cctv2,C2_S008,G006,OCCUPIED,OCCUPIED,0.7504956635561857
1104.0,cctv2,C2_S009,G005,OCCUPIED,OCCUPIED,0.7867383268746464
1104.0,cctv2,C2_S010,G002,EMPTY,MANEUVERING,0.3204913293773477
1104.0,cctv2,C2_S011,G017,OCCUPIED,LEAVING,0.7409765146130866
1104.0,cctv2,C2_S012,G018,OCCUPIED,OCCUPIED,0.7267922902784565
1104.0,cctv2,C2_S013,G019,OCCUPIED,OCCUPIED,0.8301845241676677
1104.0,cctv2,C2_S014,G020,EMPTY,EMPTY,0.01
1104.0,cctv3,C3_S001,G021,OCCUPIED,OCCUPIED,0.7867066125978124
1104.0,cctv3,C3_S002,G019,EMPTY,EMPTY,0.01
1104.0,cctv3,C3_S003,G020,OCCUPIED,LEAVING,0.7953987742012198
1104.0,cctv3,C3_S004,G024,OCCUPIED,OCCUPIED,0.8287209508093921
1104.0,cctv3,C3_S005,G025,OCCUPIED,OCCUPIED,0.8237278545444663
1104.0,cctv3,C3_S006,G026,OCCUPIED,OCCUPIED,0.824831373854117
1104.0,cctv3,C3_S007,G027,EMPTY,EMPTY,0.01
1104.0,cctv3,C3_S008,G028,EMPTY,EMPTY,0.01
1104.0,cctv3,C3_S009,G029,EMPTY,MANEUVERING,0.157105768371712
1104.0,cctv3,C3_S010,G007,OCCUPIED,LEAVING,0.51
1104.0,cctv3,C3_S011,G008,OCCUPIED,LEAVING,0.7864035233855248
1104.0,cctv3,C3_S012,G009,OCCUPIED,OCCUPIED,0.8243226075714285
1105.0,cctv1,C1_S001,G001,OCCUPIED,OCCUPIED,0.7254194071008401
1105.0,cctv1,C1_S002,G002,EMPTY,EMPTY,0.01
1105.0,cctv1,C1_S003,G003,OCCUPIED,OCCUPIED,0.8374507210471414
1105.0,cctv1,C1_S004,G004,OCCUPIED,OCCUPIED,0.7763638077811762
1105.0,cctv1,C1_S005,G005,OCCUPIED,OCCUPIED,0.7535464292222804
1105.0,cctv1,C1_S006,G006,EMPTY,MANEUVERING,0.49
1105.0,cctv2,C2_S001,G007,OCCUPIED,LEAVING,0.7509209050373599
1105.0,cctv2,C2_S002,G008,OCCUPIED,LEAVING,0.8099169205535542
1105.0,cctv2,C2_S003,G009,OCCUPIED,OCCUPIED,0.51
1105.0,cctv2,C2_S004,G010,OCCUPIED,OCCUPIED,0.786769658733498
1105.0,cctv2,C2_S005,G001,EMPTY,EMPTY,0.01
1105.0,cctv2,C2_S006,G003,OCCUPIED,OCCUPIED,0.8176205621524291
1105.0,cctv2,C2_S007,G004,OCCUPIED,OCCUPIED,0.791234669902108
1105.0,cctv2,C2_S008,G006,OCCUPIED,OCCUPIED,0.7512400440194391
1105.0,cctv2,C2_S009,G005,OCCUPIED,OCCUPIED,0.7888363068754023
1105.0,cctv2,C2_S010,G002,EMPTY,MANEUVERING,0.3204913293773477
1105.0,cctv2,C2_S011,G017,OCCUPIED,LEAVING,0.7415655594115909
1105.0,cctv2,C2_S012,G018,OCCUPIED,OCCUPIED,0.7264051215350629
1105.0,cctv2,C2_S013,G019,OCCUPIED,OCCUPIED,0.8301923562179913
1105.0,cctv2,C2_S014,G020,EMPTY,EMPTY,0.01
1105.0,cctv3,C3_S001,G021,OCCUPIED,OCCUPIED,0.7829766356132248
1105.0,cctv3,C3_S002,G019,EMPTY,EMPTY,0.01
1105.0,cctv3,C3_S003,G020,OCCUPIED,LEAVING,0.7947072779590434
1105.0,cctv3,C3_S004,G024,OCCUPIED,OCCUPIED,0.8286946277726781
1105.0,cctv3,C3_S005,G025,OCCUPIED,OCCUPIED,0.8236961979757657
1105.0,cctv3,C3_S006,G026,OCCUPIED,OCCUPIED,0.8247203547846188
1105.0,cctv3,C3_S007,G027,EMPTY,EMPTY,0.01
1105.0,cctv3,C3_S008,G028,EMPTY,EMPTY,0.01
1105.0,cctv3,C3_S009,G029,EMPTY,MANEUVERING,0.112105768371712
1105.0,cctv3,C3_S010,G007,OCCUPIED,LEAVING,0.51
1105.0,cctv3,C3_S011,G008,OCCUPIED,LEAVING,0.7860534609718757
1105.0,cctv3,C3_S012,G009,OCCUPIED,OCCUPIED,0.8241061362353239
1106.0,cctv1,C1_S001,G001,OCCUPIED,OCCUPIED,0.7268418213521893
1106.0,cctv1,C1_S002,G002,EMPTY,EMPTY,0.01
1106.0,cctv1,C1_S003,G003,OCCUPIED,OCCUPIED,0.8374126036058773
1106.0,cctv1,C1_S004,G004,OCCUPIED,OCCUPIED,0.7766991131684997
1106.0,cctv1,C1_S005,G005,OCCUPIED,OCCUPIED,0.7537280497225849
1106.0,cctv1,C1_S006,G006,EMPTY,MANEUVERING,0.49
1106.0,cctv2,C2_S001,G007,OCCUPIED,LEAVING,0.7517043283039874
1106.0,cctv2,C2_S002,G008,OCCUPIED,LEAVING,0.8096634209156037
1106.0,cctv2,C2_S003,G009,OCCUPIED,OCCUPIED,0.51
1106.0,cctv2,C2_S004,G010,OCCUPIED,OCCUPIED,0.7892235707152975
1106.0,cctv2,C2_S005,G001,EMPTY,EMPTY,0.01
1106.0,cctv2,C2_S006,G003,OCCUPIED,OCCUPIED,0.8173282542011955
1106.0,cctv2,C2_S007,G004,OCCUPIED,OCCUPIED,0.7895151926712557
1106.0,cctv2,C2_S008,G006,OCCUPIED,OCCUPIED,0.752023853768002
1106.0,cctv2,C2_S009,G005,OCCUPIED,OCCUPIED,0.7881671522151341
1106.0,cctv2,C2_S010,G002,EMPTY,MANEUVERING,0.3204913293773477
1106.0,cctv2,C2_S011,G017,OCCUPIED,LEAVING,0.7410864884338596
1106.0,cctv2,C2_S012,G018,OCCUPIED,OCCUPIED,0.7238983143595132
1106.0,cctv2,C2_S013,G019,OCCUPIED,OCCUPIED,0.8303930098360236
1106.0,cctv2,C2_S014,G020,EMPTY,EMPTY,0.01
1106.0,cctv3,C3_S001,G021,OCCUPIED,OCCUPIED,0.7801981869069013
1106.0,cctv3,C3_S002,G019,EMPTY,EMPTY,0.01
1106.0,cctv3,C3_S003,G020,OCCUPIED,LEAVING,0.7933736551891675
1106.0,cctv3,C3_S004,G024,OCCUPIED,OCCUPIED,0.8287237183614211
1106.0,cctv3,C3_S005,G025,OCCUPIED,OCCUPIED,0.8237385142933239
1106.0,cctv3,C3_S006,G026,OCCUPIED,OCCUPIED,0.8246120138601823
1106.0,cctv3,C3_S007,G027,EMPTY,EMPTY,0.01
1106.0,cctv3,C3_S008,G028,EMPTY,EMPTY,0.01
1106.0,cctv3,C3_S009,G029,EMPTY,MANEUVERING,0.112105768371712
1106.0,cctv3,C3_S010,G007,OCCUPIED,LEAVING,0.51
1106.0,cctv3,C3_S011,G008,OCCUPIED,LEAVING,0.7873321212150834
1106.0,cctv3,C3_S012,G009,OCCUPIED,OCCUPIED,0.8236987834626979
1107.0,cctv1,C1_S001,G001,OCCUPIED,OCCUPIED,0.7278997410766104
1107.0,cctv1,C1_S002,G002,EMPTY,EMPTY,0.01
1107.0,cctv1,C1_S003,G003,OCCUPIED,OCCUPIED,0.8374408887191253
1107.0,cctv1,C1_S004,G004,OCCUPIED,OCCUPIED,0.7766624372113835
1107.0,cctv1,C1_S005,G005,OCCUPIED,OCCUPIED,0.7525292518464002
1107.0,cctv1,C1_S006,G006,EMPTY,MANEUVERING,0.49
1107.0,cctv2,C2_S001,G007,OCCUPIED,LEAVING,0.6613639052889564
1107.0,cctv2,C2_S002,G008,OCCUPIED,LEAVING,0.8089037160981786
1107.0,cctv2,C2_S003,G009,OCCUPIED,OCCUPIED,0.51
1107.0,cctv2,C2_S004,G010,OCCUPIED,OCCUPIED,0.7851698080247099
1107.0,cctv2,C2_S005,G001,EMPTY,EMPTY,0.01
1107.0,cctv2,C2_S006,G003,OCCUPIED,OCCUPIED,0.8174562963572416
1107.0,cctv2,C2_S007,G004,OCCUPIED,OCCUPIED,0.7893918484449387
1107.0,cctv2,C2_S008,G006,OCCUPIED,OCCUPIED,0.7536185794255951
1107.0,cctv2,C2_S009,G005,OCCUPIED,OCCUPIED,0.7888628603382545
1107.0,cctv2,C2_S010,G002,EMPTY,MANEUVERING,0.2754913293773477
1107.0,cctv2,C2_S011,G017,OCCUPIED,LEAVING,0.7356948126581583
1107.0,cctv2,C2_S012,G018,OCCUPIED,OCCUPIED,0.727236243418672
1107.0,cctv2,C2_S013,G019,OCCUPIED,OCCUPIED,0.8311250553889709
1107.0,cctv2,C2_S014,G020,EMPTY,EMPTY,0.01
1107.0,cctv3,C3_S001,G021,OCCUPIED,OCCUPIED,0.7769719694148411
1107.0,cctv3,C3_S002,G019,EMPTY,EMPTY,0.01
1107.0,cctv3,C3_S003,G020,OCCUPIED,LEAVING,0.7914441666819834
1107.0,cctv3,C3_S004,G024,OCCUPIED,OCCUPIED,0.8284645251252435
1107.0,cctv3,C3_S005,G025,OCCUPIED,OCCUPIED,0.8236984811045908
1107.0,cctv3,C3_S006,G026,OCCUPIED,OCCUPIED,0.8244080204855313
1107.0,cctv3,C3_S007,G027,EMPTY,EMPTY,0.01
1107.0,cctv3,C3_S008,G028,EMPTY,EMPTY,0.01
1107.0,cctv3,C3_S009,G029,EMPTY,MANEUVERING,0.112105768371712
1107.0,cctv3,C3_S010,G007,OCCUPIED,LEAVING,0.51
1107.0,cctv3,C3_S011,G008,OCCUPIED,LEAVING,0.7882151759483598
1107.0,cctv3,C3_S012,G009,OCCUPIED,OCCUPIED,0.8230483859777451
1108.0,cctv1,C1_S001,G001,OCCUPIED,OCCUPIED,0.7272103812545538
1108.0,cctv1,C1_S002,G002,EMPTY,EMPTY,0.01
1108.0,cctv1,C1_S003,G003,OCCUPIED,OCCUPIED,0.8374925342473117
1108.0,cctv1,C1_S004,G004,OCCUPIED,OCCUPIED,0.7768687567927621
1108.0,cctv1,C1_S005,G005,OCCUPIED,OCCUPIED,0.7520357257940553
1108.0,cctv1,C1_S006,G006,EMPTY,MANEUVERING,0.49
1108.0,cctv2,C2_S001,G007,OCCUPIED,LEAVING,0.6609544540128925
1108.0,cctv2,C2_S002,G008,OCCUPIED,LEAVING,0.8108364890922201
1108.0,cctv2,C2_S003,G009,OCCUPIED,OCCUPIED,0.51
1108.0,cctv2,C2_S004,G010,OCCUPIED,OCCUPIED,0.7822419639338147
1108.0,cctv2,C2_S005,G001,EMPTY,EMPTY,0.01
1108.0,cctv2,C2_S006,G003,OCCUPIED,OCCUPIED,0.8173908610235562
1108.0,cctv2,C2_S007,G004,OCCUPIED,OCCUPIED,0.7894543414766139
1108.0,cctv2,C2_S008,G006,OCCUPIED,OCCUPIED,0.7547034346244552
1108.0,cctv2,C2_S009,G005,OCCUPIED,OCCUPIED,0.7896657381545414
1108.0,cctv2,C2_S010,G002,EMPTY,MANEUVERING,0.2304913293773477
1108.0,cctv2,C2_S011,G017,OCCUPIED,LEAVING,0.7321513727442786
1108.0,cctv2,C2_S012,G018,OCCUPIED,OCCUPIED,0.7276161584122616
1108.0,cctv2,C2_S013,G019,OCCUPIED,OCCUPIED,0.8310974180698395
1108.0,cctv2,C2_S014,G020,EMPTY,EMPTY,0.01
1108.0,cctv3,C3_S001,G021,OCCUPIED,LEAVING,0.7731952915137466
1108.0,cctv3,C3_S002,G019,EMPTY,EMPTY,0.01
1108.0,cctv3,C3_S003,G020,OCCUPIED,LEAVING,0.7946637010032481
1108.0,cctv3,C3_S004,G024,OCCUPIED,OCCUPIED,0.8283569904890928
1108.0,cctv3,C3_S005,G025,OCCUPIED,OCCUPIED,0.8227939443154769
1108.0,cctv3,C3_S006,G026,OCCUPIED,OCCUPIED,0.8242870552973315
1108.0,cctv3,C3_S007,G027,EMPTY,EMPTY,0.01
1108.0,cctv3,C3_S008,G028,EMPTY,EMPTY,0.01
1108.0,cctv3,C3_S009,G029,EMPTY,MANEUVERING,0.112105768371712
1108.0,cctv3,C3_S010,G007,OCCUPIED,LEAVING,0.51
1108.0,cctv3,C3_S011,G008,OCCUPIED,LEAVING,0.7882212670011954
1108.0,cctv3,C3_S012,G009,OCCUPIED,OCCUPIED,0.8230054901404815
1109.0,cctv1,C1_S001,G001,OCCUPIED,LEAVING,0.7271335428749974
1109.0,cctv1,C1_S002,G002,EMPTY,EMPTY,0.01
1109.0,cctv1,C1_S003,G003,OCCUPIED,OCCUPIED,0.8373602737079968
1109.0,cctv1,C1_S004,G004,OCCUPIED,OCCUPIED,0.7749305559830233
1109.0,cctv1,C1_S005,G005,OCCUPIED,OCCUPIED,0.7504987464709716
1109.0,cctv1,C1_S006,G006,EMPTY,MANEUVERING,0.49
1109.0,cctv2,C2_S001,G007,OCCUPIED,LEAVING,0.6606028870425441
1109.0,cctv2,C2_S002,G008,OCCUPIED,LEAVING,0.8121412626721642
1109.0,cctv2,C2_S003,G009,OCCUPIED,OCCUPIED,0.51
1109.0,cctv2,C2_S004,G010,OCCUPIED,OCCUPIED,0.7804900644855066
1109.0,cctv2,C2_S005,G001,EMPTY,EMPTY,0.01
1109.0,cctv2,C2_S006,G003,OCCUPIED,OCCUPIED,0.8174553957852451
1109.0,cctv2,C2_S007,G004,OCCUPIED,OCCUPIED,0.7902456947348335
1109.0,cctv2,C2_S008,G006,OCCUPIED,OCCUPIED,0.7560045189478182
1109.0,cctv2,C2_S009,G005,OCCUPIED,OCCUPIED,0.7905539110302926
1109.0,cctv2,C2_S010,G002,EMPTY,MANEUVERING,0.2304913293773477
1109.0,cctv2,C2_S011,G017,OCCUPIED,LEAVING,0.7320711015435784
1109.0,cctv2,C2_S012,G018,OCCUPIED,OCCUPIED,0.7294567203115334
1109.0,cctv2,C2_S013,G019,OCCUPIED,OCCUPIED,0.8310322932221673
1109.0,cctv2,C2_S014,G020,EMPTY,EMPTY,0.01
1109.0,cctv3,C3_S001,G021,OCCUPIED,LEAVING,0.7717223336750811
1109.0,cctv3,C3_S002,G019,EMPTY,EMPTY,0.01
1109.0,cctv3,C3_S003,G020,OCCUPIED,LEAVING,0.7963178404352882
1109.0,cctv3,C3_S004,G024,OCCUPIED,OCCUPIED,0.8283293182199652
1109.0,cctv3,C3_S005,G025,OCCUPIED,OCCUPIED,0.8230100149458106
1109.0,cctv3,C3_S006,G026,OCCUPIED,OCCUPIED,0.8240025184371256
1109.0,cctv3,C3_S007,G027,EMPTY,EMPTY,0.01
1109.0,cctv3,C3_S008,G028,EMPTY,EMPTY,0.01
1109.0,cctv3,C3_S009,G029,EMPTY,MANEUVERING,0.112105768371712
1109.0,cctv3,C3_S010,G007,OCCUPIED,LEAVING,0.51
1109.0,cctv3,C3_S011,G008,OCCUPIED,LEAVING,0.7940300843932413
1109.0,cctv3,C3_S012,G009,OCCUPIED,OCCUPIED,0.8225628955797716
1110.0,cctv1,C1_S001,G001,OCCUPIED,LEAVING,0.7267650303176859
1110.0,cctv1,C1_S002,G002,EMPTY,EMPTY,0.01
1110.0,cctv1,C1_S003,G003,OCCUPIED,OCCUPIED,0.8372198080474681
1110.0,cctv1,C1_S004,G004,OCCUPIED,OCCUPIED,0.7745505584911867
1110.0,cctv1,C1_S005,G005,OCCUPIED,OCCUPIED,0.7504965190183033
1110.0,cctv1,C1_S006,G006,EMPTY,MANEUVERING,0.49
1110.0,cctv2,C2_S001,G007,OCCUPIED,LEAVING,0.6620947115800598
1110.0,cctv2,C2_S002,G008,OCCUPIED,LEAVING,0.8127045460722664
1110.0,cctv2,C2_S003,G009,OCCUPIED,OCCUPIED,0.51
1110.0,cctv2,C2_S004,G010,OCCUPIED,OCCUPIED,0.7832277391444553
1110.0,cctv2,C2_S005,G001,EMPTY,EMPTY,0.01
1110.0,cctv2,C2_S006,G003,OCCUPIED,OCCUPIED,0.817269055409865
1110.0,cctv2,C2_S007,G004,OCCUPIED,OCCUPIED,0.7900791962038387
1110.0,cctv2,C2_S008,G006,OCCUPIED,OCCUPIED,0.7555061063983224
1110.0,cctv2,C2_S009,G005,OCCUPIED,OCCUPIED,0.792812124572017
1110.0,cctv2,C2_S010,G002,EMPTY,MANEUVERING,0.1874449484185739
1110.0,cctv2,C2_S011,G017,OCCUPIED,LEAVING,0.7488253785669804
1110.0,cctv2,C2_S012,G018,OCCUPIED,OCCUPIED,0.7402811273309318
1110.0,cctv2,C2_S013,G019,OCCUPIED,OCCUPIED,0.831400456482714
1110.0,cctv2,C2_S014,G020,EMPTY,EMPTY,0.01
1110.0,cctv3,C3_S001,G021,OCCUPIED,LEAVING,0.7686974854631858
1110.0,cctv3,C3_S002,G019,EMPTY,EMPTY,0.01
1110.0,cctv3,C3_S003,G020,OCCUPIED,LEAVING,0.7928982507098805
1110.0,cctv3,C3_S004,G024,OCCUPIED,OCCUPIED,0.8285702220418237
1110.0,cctv3,C3_S005,G025,OCCUPIED,OCCUPIED,0.8228995241902092
1110.0,cctv3,C3_S006,G026,OCCUPIED,OCCUPIED,0.8239404179833153
1110.0,cctv3,C3_S007,G027,EMPTY,EMPTY,0.01
1110.0,cctv3,C3_S008,G028,EMPTY,EMPTY,0.01
1110.0,cctv3,C3_S009,G029,EMPTY,MANEUVERING,0.112105768371712
1110.0,cctv3,C3_S010,G007,OCCUPIED,LEAVING,0.51
1110.0,cctv3,C3_S011,G008,OCCUPIED,LEAVING,0.7934370943091134
1110.0,cctv3,C3_S012,G009,OCCUPIED,OCCUPIED,0.8224156593734568
1111.0,cctv1,C1_S001,G001,OCCUPIED,OCCUPIED,0.7257304588163441
1111.0,cctv1,C1_S002,G002,EMPTY,EMPTY,0.01
1111.0,cctv1,C1_S003,G003,OCCUPIED,OCCUPIED,0.8371168339794333
1111.0,cctv1,C1_S004,G004,OCCUPIED,OCCUPIED,0.775600442154841
1111.0,cctv1,C1_S005,G005,OCCUPIED,OCCUPIED,0.7486885662783277
1111.0,cctv1,C1_S006,G006,EMPTY,MANEUVERING,0.443567569831362
1111.0,cctv2,C2_S001,G007,OCCUPIED,LEAVING,0.7080047779462555
1111.0,cctv2,C2_S002,G008,OCCUPIED,LEAVING,0.8126604968851263
1111.0,cctv2,C2_S003,G009,OCCUPIED,OCCUPIED,0.51
1111.0,cctv2,C2_S004,G010,OCCUPIED,OCCUPIED,0.7828531507741322
1111.0,cctv2,C2_S005,G001,EMPTY,EMPTY,0.01
1111.0,cctv2,C2_S006,G003,OCCUPIED,OCCUPIED,0.817553107846867
1111.0,cctv2,C2_S007,G004,OCCUPIED,OCCUPIED,0.7891139699654146
1111.0,cctv2,C2_S008,G006,OCCUPIED,OCCUPIED,0.7566307395696641
1111.0,cctv2,C2_S009,G005,OCCUPIED,OCCUPIED,0.7928937222469937
1111.0,cctv2,C2_S010,G002,EMPTY,MANEUVERING,0.1874449484185739
1111.0,cctv2,C2_S011,G017,OCCUPIED,LEAVING,0.7530035408924927
1111.0,cctv2,C2_S012,G018,OCCUPIED,OCCUPIED,0.7462412670308893
1111.0,cctv2,C2_S013,G019,OCCUPIED,OCCUPIED,0.831558382511139
1111.0,cctv2,C2_S014,G020,EMPTY,EMPTY,0.01
1111.0,cctv3,C3_S001,G021,OCCUPIED,LEAVING,0.7636504861441527
1111.0,cctv3,C3_S002,G019,EMPTY,EMPTY,0.01
1111.0,cctv3,C3_S003,G020,OCCUPIED,LEAVING,0.7125550263036381
1111.0,cctv3,C3_S004,G024,OCCUPIED,OCCUPIED,0.8285600678487258
1111.0,cctv3,C3_S005,G025,OCCUPIED,OCCUPIED,0.8226804527369413
1111.0,cctv3,C3_S006,G026,OCCUPIED,OCCUPIED,0.8240152727473866
1111.0,cctv3,C3_S007,G027,EMPTY,EMPTY,0.01
1111.0,cctv3,C3_S008,G028,EMPTY,EMPTY,0.01
1111.0,cctv3,C3_S009,G029,EMPTY,MANEUVERING,0.112105768371712
1111.0,cctv3,C3_S010,G007,OCCUPIED,OCCUPIED,0.51
1111.0,cctv3,C3_S011,G008,OCCUPIED,LEAVING,0.7934736853296107
1111.0,cctv3,C3_S012,G009,OCCUPIED,OCCUPIED,0.8225701708685269
1112.0,cctv1,C1_S001,G001,OCCUPIED,OCCUPIED,0.7267648352479393
1112.0,cctv1,C1_S002,G002,EMPTY,EMPTY,0.01
1112.0,cctv1,C1_S003,G003,OCCUPIED,OCCUPIED,0.8370270319960335
1112.0,cctv1,C1_S004,G004,OCCUPIED,OCCUPIED,0.7758963462981312
1112.0,cctv1,C1_S005,G005,OCCUPIED,OCCUPIED,0.7500078209421852
1112.0,cctv1,C1_S006,G006,EMPTY,MANEUVERING,0.4070027344768697
1112.0,cctv2,C2_S001,G007,OCCUPIED,LEAVING,0.7074126186154106
1112.0,cctv2,C2_S002,G008,OCCUPIED,LEAVING,0.8112088276581332
1112.0,cctv2,C2_S003,G009,OCCUPIED,OCCUPIED,0.51
1112.0,cctv2,C2_S004,G010,OCCUPIED,OCCUPIED,0.781549105454575
1112.0,cctv2,C2_S005,G001,EMPTY,EMPTY,0.01
1112.0,cctv2,C2_S006,G003,OCCUPIED,OCCUPIED,0.8175476426428016
1112.0,cctv2,C2_S007,G004,OCCUPIED,OCCUPIED,0.7881949110464617
1112.0,cctv2,C2_S008,G006,OCCUPIED,OCCUPIED,0.757651586695151
1112.0,cctv2,C2_S009,G005,OCCUPIED,OCCUPIED,0.7920491181991318
1112.0,cctv2,C2_S010,G002,EMPTY,MANEUVERING,0.1874449484185739
1112.0,cctv2,C2_S011,G017,OCCUPIED,LEAVING,0.7544911939853972
1112.0,cctv2,C2_S012,G018,OCCUPIED,OCCUPIED,0.7453151157010686
1112.0,cctv2,C2_S013,G019,OCCUPIED,OCCUPIED,0.8318024098873139
1112.0,cctv2,C2_S014,G020,EMPTY,EMPTY,0.01
1112.0,cctv3,C3_S001,G021,OCCUPIED,LEAVING,0.7617689819498497
1112.0,cctv3,C3_S002,G019,EMPTY,EMPTY,0.01
1112.0,cctv3,C3_S003,G020,OCCUPIED,LEAVING,0.7090911250222813
1112.0,cctv3,C3_S004,G024,OCCUPIED,OCCUPIED,0.8286363929510117
1112.0,cctv3,C3_S005,G025,OCCUPIED,OCCUPIED,0.8234130038456484
1112.0,cctv3,C3_S006,G026,OCCUPIED,OCCUPIED,0.8240393622355028
1112.0,cctv3,C3_S007,G027,EMPTY,EMPTY,0.01
1112.0,cctv3,C3_S008,G028,EMPTY,EMPTY,0.01
1112.0,cctv3,C3_S009,G029,EMPTY,EMPTY,0.01
1112.0,cctv3,C3_S010,G007,OCCUPIED,OCCUPIED,0.51
1112.0,cctv3,C3_S011,G008,OCCUPIED,OCCUPIED,0.7939412398771807
1112.0,cctv3,C3_S012,G009,OCCUPIED,OCCUPIED,0.8225087718530135
1113.0,cctv1,C1_S001,G001,OCCUPIED,OCCUPIED,0.7263919933614407
1113.0,cctv1,C1_S002,G002,EMPTY,EMPTY,0.01
1113.0,cctv1,C1_S003,G003,OCCUPIED,OCCUPIED,0.8369251478802074
1113.0,cctv1,C1_S004,G004,OCCUPIED,OCCUPIED,0.7746178323572332
1113.0,cctv1,C1_S005,G005,OCCUPIED,OCCUPIED,0.7494625160639937
1113.0,cctv1,C1_S006,G006,EMPTY,MANEUVERING,0.3249563376361673
1113.0,cctv2,C2_S001,G007,OCCUPIED,LEAVING,0.7073975763402203
1113.0,cctv2,C2_S002,G008,OCCUPIED,LEAVING,0.8128542742945932
1113.0,cctv2,C2_S003,G009,OCCUPIED,OCCUPIED,0.51
1113.0,cctv2,C2_S004,G010,OCCUPIED,OCCUPIED,0.7831089156595143
1113.0,cctv2,C2_S005,G001,EMPTY,EMPTY,0.01
1113.0,cctv2,C2_S006,G003,OCCUPIED,OCCUPIED,0.8173946917057038
1113.0,cctv2,C2_S007,G004,OCCUPIED,OCCUPIED,0.78641916513443
1113.0,cctv2,C2_S008,G006,OCCUPIED,OCCUPIED,0.7574039249257608
1113.0,cctv2,C2_S009,G005,OCCUPIED,OCCUPIED,0.7906659655950287
1113.0,cctv2,C2_S010,G002,EMPTY,MANEUVERING,0.1874449484185739
1113.0,cctv2,C2_S011,G017,OCCUPIED,LEAVING,0.7566806781562893
1113.0,cctv2,C2_S012,G018,OCCUPIED,OCCUPIED,0.7461580145142296
1113.0,cctv2,C2_S013,G019,OCCUPIED,OCCUPIED,0.8320032000541687
1113.0,cctv2,C2_S014,G020,EMPTY,EMPTY,0.01
1113.0,cctv3,C3_S001,G021,OCCUPIED,LEAVING,0.7563577358018269
1113.0,cctv3,C3_S002,G019,EMPTY,EMPTY,0.01
1113.0,cctv3,C3_S003,G020,OCCUPIED,LEAVING,0.7144259958375584
1113.0,cctv3,C3_S004,G024,OCCUPIED,OCCUPIED,0.8290203804319556
1113.0,cctv3,C3_S005,G025,OCCUPIED,OCCUPIED,0.824068252064965
1113.0,cctv3,C3_S006,G026,OCCUPIED,OCCUPIED,0.8240560886534778
1113.0,cctv3,C3_S007,G027,EMPTY,EMPTY,0.01
1113.0,cctv3,C3_S008,G028,EMPTY,EMPTY,0.01
1113.0,cctv3,C3_S009,G029,EMPTY,EMPTY,0.01
1113.0,cctv3,C3_S010,G007,OCCUPIED,OCCUPIED,0.5459599924629385
1113.0,cctv3,C3_S011,G008,OCCUPIED,OCCUPIED,0.794267781756141
1113.0,cctv3,C3_S012,G009,OCCUPIED,OCCUPIED,0.8231592522426086
1114.0,cctv1,C1_S001,G001,OCCUPIED,OCCUPIED,0.7266628275879405
1114.0,cctv1,C1_S002,G002,EMPTY,EMPTY,0.01
1114.0,cctv1,C1_S003,G003,OCCUPIED,OCCUPIED,0.836823032931848
1114.0,cctv1,C1_S004,G004,OCCUPIED,OCCUPIED,0.7757387754592029
1114.0,cctv1,C1_S005,G005,OCCUPIED,OCCUPIED,0.7498589884151112
1114.0,cctv1,C1_S006,G006,EMPTY,MANEUVERING,0.289072816574438
1114.0,cctv2,C2_S001,G007,OCCUPIED,LEAVING,0.7072873742065647
1114.0,cctv2,C2_S002,G008,OCCUPIED,LEAVING,0.8119775325059891
1114.0,cctv2,C2_S003,G009,OCCUPIED,OCCUPIED,0.51
1114.0,cctv2,C2_S004,G010,OCCUPIED,OCCUPIED,0.7820649860934779
1114.0,cctv2,C2_S005,G001,EMPTY,EMPTY,0.01
1114.0,cctv2,C2_S006,G003,OCCUPIED,OCCUPIED,0.8174760894341903
1114.0,cctv2,C2_S007,G004,OCCUPIED,OCCUPIED,0.7863003733483228
1114.0,cctv2,C2_S008,G006,OCCUPIED,OCCUPIED,0.757364559038119
1114.0,cctv2,C2_S009,G005,OCCUPIED,OCCUPIED,0.789542699537494
1114.0,cctv2,C2_S010,G002,EMPTY,MANEUVERING,0.146233928582885
1114.0,cctv2,C2_S011,G017,OCCUPIED,LEAVING,0.7703631520542232
1114.0,cctv2,C2_S012,G018,OCCUPIED,OCCUPIED,0.7587119012420829
1114.0,cctv2,C2_S013,G019,OCCUPIED,OCCUPIED,0.832115986943245
1114.0,cctv2,C2_S014,G020,EMPTY,EMPTY,0.01
1114.0,cctv3,C3_S001,G021,OCCUPIED,LEAVING,0.7581805569204418
1114.0,cctv3,C3_S002,G019,EMPTY,EMPTY,0.01
1114.0,cctv3,C3_S003,G020,OCCUPIED,LEAVING,0.7148970310796391
1114.0,cctv3,C3_S004,G024,OCCUPIED,OCCUPIED,0.8292964764616707
1114.0,cctv3,C3_S005,G025,OCCUPIED,OCCUPIED,0.8242579305713827
1114.0,cctv3,C3_S006,G026,OCCUPIED,OCCUPIED,0.8238852611996912
1114.0,cctv3,C3_S007,G027,EMPTY,EMPTY,0.01
1114.0,cctv3,C3_S008,G028,EMPTY,EMPTY,0.01
1114.0,cctv3,C3_S009,G029,EMPTY,EMPTY,0.01
1114.0,cctv3,C3_S010,G007,OCCUPIED,OCCUPIED,0.51
1114.0,cctv3,C3_S011,G008,OCCUPIED,OCCUPIED,0.7942149267955261
1114.0,cctv3,C3_S012,G009,OCCUPIED,OCCUPIED,0.8232755024324765
1115.0,cctv1,C1_S001,G001,OCCUPIED,OCCUPIED,0.7270188310945577
1115.0,cctv1,C1_S002,G002,EMPTY,EMPTY,0.01
1115.0,cctv1,C1_S003,G003,OCCUPIED,OCCUPIED,0.8367670438506387
1115.0,cctv1,C1_S004,G004,OCCUPIED,OCCUPIED,0.7751504134048116
1115.0,cctv1,C1_S005,G005,OCCUPIED,OCCUPIED,0.7530469592322003
1115.0,cctv1,C1_S006,G006,EMPTY,MANEUVERING,0.2530247843834486
1115.0,cctv2,C2_S001,G007,OCCUPIED,LEAVING,0.7105812238834122
1115.0,cctv2,C2_S002,G008,OCCUPIED,LEAVING,0.8122535537589681
1115.0,cctv2,C2_S003,G009,OCCUPIED,OCCUPIED,0.51
1115.0,cctv2,C2_S004,G010,OCCUPIED,OCCUPIED,0.7836116128347137
1115.0,cctv2,C2_S005,G001,EMPTY,EMPTY,0.01
1115.0,cctv2,C2_S006,G003,OCCUPIED,OCCUPIED,0.8177496454932474
1115.0,cctv2,C2_S007,G004,OCCUPIED,OCCUPIED,0.7864161057905718
1115.0,cctv2,C2_S008,G006,OCCUPIED,OCCUPIED,0.7584574307907712
1115.0,cctv2,C2_S009,G005,OCCUPIED,OCCUPIED,0.7893133844841611
1115.0,cctv2,C2_S010,G002,EMPTY,EMPTY,0.01
1115.0,cctv2,C2_S011,G017,OCCUPIED,OCCUPIED,0.7870669064196674
1115.0,cctv2,C2_S012,G018,OCCUPIED,OCCUPIED,0.7709707640788772
1115.0,cctv2,C2_S013,G019,OCCUPIED,OCCUPIED,0.8321250796318055
1115.0,cctv2,C2_S014,G020,EMPTY,EMPTY,0.01
1115.0,cctv3,C3_S001,G021,OCCUPIED,LEAVING,0.7620663926005364
1115.0,cctv3,C3_S002,G019,EMPTY,EMPTY,0.01
1115.0,cctv3,C3_S003,G020,OCCUPIED,LEAVING,0.7652139230478894
1115.0,cctv3,C3_S004,G024,OCCUPIED,OCCUPIED,0.8293646476485513
1115.0,cctv3,C3_S005,G025,OCCUPIED,OCCUPIED,0.8251809916713022
1115.0,cctv3,C3_S006,G026,OCCUPIED,OCCUPIED,0.8238947586579757
1115.0,cctv3,C3_S007,G027,EMPTY,EMPTY,0.01
1115.0,cctv3,C3_S008,G028,EMPTY,EMPTY,0.01
1115.0,cctv3,C3_S009,G029,EMPTY,EMPTY,0.01
1115.0,cctv3,C3_S010,G007,OCCUPIED,OCCUPIED,0.5462265608256514
1115.0,cctv3,C3_S011,G008,OCCUPIED,OCCUPIED,0.7940864042802291
1115.0,cctv3,C3_S012,G009,OCCUPIED,OCCUPIED,0.8231363445520401
1116.0,cctv1,C1_S001,G001,OCCUPIED,OCCUPIED,0.7270775672048331
1116.0,cctv1,C1_S002,G002,EMPTY,EMPTY,0.01
1116.0,cctv1,C1_S003,G003,OCCUPIED,OCCUPIED,0.836619690602476
1116.0,cctv1,C1_S004,G004,OCCUPIED,OCCUPIED,0.775008434328166
1116.0,cctv1,C1_S005,G005,OCCUPIED,OCCUPIED,0.7418671913472089
1116.0,cctv1,C1_S006,G006,EMPTY,MANEUVERING,0.2959113087328997
1116.0,cctv2,C2_S001,G007,OCCUPIED,LEAVING,0.7132999931953171
1116.0,cctv2,C2_S002,G008,OCCUPIED,LEAVING,0.8119818045334383
1116.0,cctv2,C2_S003,G009,OCCUPIED,OCCUPIED,0.51
1116.0,cctv2,C2_S004,G010,OCCUPIED,OCCUPIED,0.7856973375786436
1116.0,cctv2,C2_S005,G001,EMPTY,EMPTY,0.01
1116.0,cctv2,C2_S006,G003,OCCUPIED,OCCUPIED,0.8180127263069153
1116.0,cctv2,C2_S007,G004,OCCUPIED,OCCUPIED,0.7865395012226972
1116.0,cctv2,C2_S008,G006,OCCUPIED,OCCUPIED,0.7592348198999058
1116.0,cctv2,C2_S009,G005,OCCUPIED,OCCUPIED,0.7889785049991175
1116.0,cctv2,C2_S010,G002,EMPTY,EMPTY,0.01
1116.0,cctv2,C2_S011,G017,OCCUPIED,OCCUPIED,0.7885125861926513
1116.0,cctv2,C2_S012,G018,OCCUPIED,OCCUPIED,0.7741455762223765
1116.0,cctv2,C2_S013,G019,OCCUPIED,OCCUPIED,0.8323952049016953
1116.0,cctv2,C2_S014,G020,EMPTY,EMPTY,0.01
1116.0,cctv3,C3_S001,G021,OCCUPIED,LEAVING,0.7672768782485616
1116.0,cctv3,C3_S002,G019,EMPTY,EMPTY,0.01
1116.0,cctv3,C3_S003,G020,OCCUPIED,LEAVING,0.768971362601627
1116.0,cctv3,C3_S004,G024,OCCUPIED,OCCUPIED,0.8295689897103744
1116.0,cctv3,C3_S005,G025,OCCUPIED,OCCUPIED,0.8255909104238858
1116.0,cctv3,C3_S006,G026,OCCUPIED,OCCUPIED,0.8241487906737761
1116.0,cctv3,C3_S007,G027,EMPTY,EMPTY,0.01
1116.0,cctv3,C3_S008,G028,EMPTY,EMPTY,0.01
1116.0,cctv3,C3_S009,G029,EMPTY,EMPTY,0.01
1116.0,cctv3,C3_S010,G007,OCCUPIED,OCCUPIED,0.583751203920934
1116.0,cctv3,C3_S011,G008,OCCUPIED,OCCUPIED,0.7940484258261594
1116.0,cctv3,C3_S012,G009,OCCUPIED,OCCUPIED,0.823543574593284
1117.0,cctv1,C1_S001,G001,OCCUPIED,OCCUPIED,0.7263263460926035
1117.0,cctv1,C1_S002,G002,EMPTY,EMPTY,0.01
1117.0,cctv1,C1_S003,G003,OCCUPIED,OCCUPIED,0.8366031267426232
1117.0,cctv1,C1_S004,G004,OCCUPIED,OCCUPIED,0.7743158912116832
1117.0,cctv1,C1_S005,G005,OCCUPIED,OCCUPIED,0.7444208996133372
1117.0,cctv1,C1_S006,G006,EMPTY,MANEUVERING,0.2959113087328997
1117.0,cctv2,C2_S001,G007,OCCUPIED,LEAVING,0.710160013803027
1117.0,cctv2,C2_S002,G008,OCCUPIED,LEAVING,0.8129646301269532
1117.0,cctv2,C2_S003,G009,OCCUPIED,OCCUPIED,0.51
1117.0,cctv2,C2_S004,G010,OCCUPIED,OCCUPIED,0.7863425689664755
1117.0,cctv2,C2_S005,G001,EMPTY,EMPTY,0.01
1117.0,cctv2,C2_S006,G003,OCCUPIED,OCCUPIED,0.8182010271332482
1117.0,cctv2,C2_S007,G004,OCCUPIED,OCCUPIED,0.7876782525669446
1117.0,cctv2,C2_S008,G006,OCCUPIED,OCCUPIED,0.7590359369462187
1117.0,cctv2,C2_S009,G005,OCCUPIED,OCCUPIED,0.7905287612568249
1117.0,cctv2,C2_S010,G002,EMPTY,EMPTY,0.01
1117.0,cctv2,C2_S011,G017,OCCUPIED,OCCUPIED,0.7869659074328164
1117.0,cctv2,C2_S012,G018,OCCUPIED,OCCUPIED,0.7753893892873418
1117.0,cctv2,C2_S013,G019,OCCUPIED,OCCUPIED,0.83264089606025
1117.0,cctv2,C2_S014,G020,EMPTY,EMPTY,0.01
1117.0,cctv3,C3_S001,G021,OCCUPIED,LEAVING,0.6859425047446381
1117.0,cctv3,C3_S002,G019,EMPTY,EMPTY,0.01
1117.0,cctv3,C3_S003,G020,OCCUPIED,LEAVING,0.7736231981624258
1117.0,cctv3,C3_S004,G024,OCCUPIED,OCCUPIED,0.8297829828479074
1117.0,cctv3,C3_S005,G025,OCCUPIED,OCCUPIED,0.8252551466226579
1117.0,cctv3,C3_S006,G026,OCCUPIED,OCCUPIED,0.8243175365708092
1117.0,cctv3,C3_S007,G027,EMPTY,EMPTY,0.01
1117.0,cctv3,C3_S008,G028,EMPTY,EMPTY,0.01
1117.0,cctv3,C3_S009,G029,EMPTY,EMPTY,0.01
1117.0,cctv3,C3_S010,G007,OCCUPIED,OCCUPIED,0.51
1117.0,cctv3,C3_S011,G008,OCCUPIED,OCCUPIED,0.7952576127919284
1117.0,cctv3,C3_S012,G009,OCCUPIED,OCCUPIED,0.823834750327197
1118.0,cctv1,C1_S001,G001,OCCUPIED,OCCUPIED,0.7249632456424562
1118.0,cctv1,C1_S002,G002,EMPTY,EMPTY,0.01
1118.0,cctv1,C1_S003,G003,OCCUPIED,OCCUPIED,0.8366351775147699
1118.0,cctv1,C1_S004,G004,OCCUPIED,OCCUPIED,0.7741260420192373
1118.0,cctv1,C1_S005,G005,OCCUPIED,OCCUPIED,0.7465472512895411
1118.0,cctv1,C1_S006,G006,EMPTY,MANEUVERING,0.2575470268211581
1118.0,cctv2,C2_S001,G007,OCCUPIED,LEAVING,0.7583828170191158
1118.0,cctv2,C2_S002,G008,OCCUPIED,LEAVING,0.8159450341354717
1118.0,cctv2,C2_S003,G009,OCCUPIED,OCCUPIED,0.5139817879890853
1118.0,cctv2,C2_S004,G010,OCCUPIED,OCCUPIED,0.7905694121664222
1118.0,cctv2,C2_S005,G001,EMPTY,EMPTY,0.01
1118.0,cctv2,C2_S006,G003,OCCUPIED,OCCUPIED,0.8179120337421244
1118.0,cctv2,C2_S007,G004,OCCUPIED,OCCUPIED,0.7867437847635963
1118.0,cctv2,C2_S008,G006,OCCUPIED,OCCUPIED,0.7584506854414941
1118.0,cctv2,C2_S009,G005,OCCUPIED,OCCUPIED,0.7889962673187256
1118.0,cctv2,C2_S010,G002,EMPTY,EMPTY,0.01
1118.0,cctv2,C2_S011,G017,OCCUPIED,OCCUPIED,0.7900852409276096
1118.0,cctv2,C2_S012,G018,OCCUPIED,LEAVING,0.775392500649799
1118.0,cctv2,C2_S013,G019,OCCUPIED,OCCUPIED,0.8321295963092284
1118.0,cctv2,C2_S014,G020,EMPTY,EMPTY,0.01
1118.0,cctv3,C3_S001,G021,OCCUPIED,LEAVING,0.6052071390368723
1118.0,cctv3,C3_S002,G019,EMPTY,EMPTY,0.01
1118.0,cctv3,C3_S003,G020,OCCUPIED,LEAVING,0.7784382211078298
1118.0,cctv3,C3_S004,G024,OCCUPIED,OCCUPIED,0.8300719713622874
1118.0,cctv3,C3_S005,G025,OCCUPIED,OCCUPIED,0.8247074809941379
1118.0,cctv3,C3_S006,G026,OCCUPIED,OCCUPIED,0.8245439093221318
1118.0,cctv3,C3_S007,G027,EMPTY,EMPTY,0.01
1118.0,cctv3,C3_S008,G028,EMPTY,EMPTY,0.01
1118.0,cctv3,C3_S009,G029,EMPTY,EMPTY,0.01
1118.0,cctv3,C3_S010,G007,OCCUPIED,OCCUPIED,0.51
1118.0,cctv3,C3_S011,G008,OCCUPIED,OCCUPIED,0.7964244883168828
1118.0,cctv3,C3_S012,G009,OCCUPIED,OCCUPIED,0.8242890929633921
1119.0,cctv1,C1_S001,G001,OCCUPIED,OCCUPIED,0.7250212646682155
1119.0,cctv1,C1_S002,G002,EMPTY,EMPTY,0.01
1119.0,cctv1,C1_S003,G003,OCCUPIED,OCCUPIED,0.8366607771678405
1119.0,cctv1,C1_S004,G004,OCCUPIED,OCCUPIED,0.7741518830711192
1119.0,cctv1,C1_S005,G005,OCCUPIED,OCCUPIED,0.7473975798216734
1119.0,cctv1,C1_S006,G006,EMPTY,MANEUVERING,0.2575470268211581
1119.0,cctv2,C2_S001,G007,OCCUPIED,LEAVING,0.7570394432002848
1119.0,cctv2,C2_S002,G008,OCCUPIED,LEAVING,0.8167437715963884
1119.0,cctv2,C2_S003,G009,OCCUPIED,OCCUPIED,0.51
1119.0,cctv2,C2_S004,G010,OCCUPIED,OCCUPIED,0.7905728372660551
1119.0,cctv2,C2_S005,G001,EMPTY,EMPTY,0.01
1119.0,cctv2,C2_S006,G003,OCCUPIED,OCCUPIED,0.8177724076942965
1119.0,cctv2,C2_S007,G004,OCCUPIED,OCCUPIED,0.7871874318881469
1119.0,cctv2,C2_S008,G006,OCCUPIED,OCCUPIED,0.7587113916873932
1119.0,cctv2,C2_S009,G005,OCCUPIED,OCCUPIED,0.7873684216629375
1119.0,cctv2,C2_S010,G002,EMPTY,EMPTY,0.01
1119.0,cctv2,C2_S011,G017,OCCUPIED,OCCUPIED,0.7940224787051028
1119.0,cctv2,C2_S012,G018,OCCUPIED,LEAVING,0.7739719275723804
1119.0,cctv2,C2_S013,G019,OCCUPIED,OCCUPIED,0.8321675528179516
1119.0,cctv2,C2_S014,G020,EMPTY,EMPTY,0.01
1119.0,cctv3,C3_S001,G021,OCCUPIED,LEAVING,0.6095260468938135
1119.0,cctv3,C3_S002,G019,EMPTY,EMPTY,0.01
1119.0,cctv3,C3_S003,G020,OCCUPIED,LEAVING,0.7769292639602314
1119.0,cctv3,C3_S004,G024,OCCUPIED,OCCUPIED,0.8301288130608473
1119.0,cctv3,C3_S005,G025,OCCUPIED,OCCUPIED,0.8255629902536219
1119.0,cctv3,C3_S006,G026,OCCUPIED,OCCUPIED,0.8247178099372171
1119.0,cctv3,C3_S007,G027,EMPTY,EMPTY,0.01
1119.0,cctv3,C3_S008,G028,EMPTY,EMPTY,0.01
1119.0,cctv3,C3_S009,G029,EMPTY,EMPTY,0.01
1119.0,cctv3,C3_S010,G007,OCCUPIED,OCCUPIED,0.51
1119.0,cctv3,C3_S011,G008,OCCUPIED,OCCUPIED,0.7968120577660475
1119.0,cctv3,C3_S012,G009,OCCUPIED,OCCUPIED,0.8237448955124076
1120.0,cctv1,C1_S001,G001,OCCUPIED,OCCUPIED,0.7257142497395928
1120.0,cctv1,C1_S002,G002,EMPTY,EMPTY,0.01
1120.0,cctv1,C1_S003,G003,OCCUPIED,OCCUPIED,0.836666257002137
1120.0,cctv1,C1_S004,G004,OCCUPIED,OCCUPIED,0.7764756904406982
1120.0,cctv1,C1_S005,G005,OCCUPIED,OCCUPIED,0.7493495281717995
1120.0,cctv1,C1_S006,G006,EMPTY,MANEUVERING,0.0799952369251034
1120.0,cctv2,C2_S001,G007,OCCUPIED,LEAVING,0.755911292677576
1120.0,cctv2,C2_S002,G008,OCCUPIED,LEAVING,0.8160076230764389
1120.0,cctv2,C2_S003,G009,OCCUPIED,OCCUPIED,0.51
1120.0,cctv2,C2_S004,G010,OCCUPIED,OCCUPIED,0.7902030776847493
1120.0,cctv2,C2_S005,G001,EMPTY,EMPTY,0.01
1120.0,cctv2,C2_S006,G003,OCCUPIED,OCCUPIED,0.8177609359676188
1120.0,cctv2,C2_S007,G004,OCCUPIED,OCCUPIED,0.7872589558362961
1120.0,cctv2,C2_S008,G006,OCCUPIED,OCCUPIED,0.7579507062380965
1120.0,cctv2,C2_S009,G005,OCCUPIED,OCCUPIED,0.7854417259042914
1120.0,cctv2,C2_S010,G002,EMPTY,EMPTY,0.01
1120.0,cctv2,C2_S011,G017,OCCUPIED,OCCUPIED,0.712288789789785
1120.0,cctv2,C2_S012,G018,OCCUPIED,LEAVING,0.7737015040083366
1120.0,cctv2,C2_S013,G019,OCCUPIED,OCCUPIED,0.8322760351679542
1120.0,cctv2,C2_S014,G020,EMPTY,EMPTY,0.01
1120.0,cctv3,C3_S001,G021,OCCUPIED,OCCUPIED,0.6049502564289354
1120.0,cctv3,C3_S002,G019,EMPTY,EMPTY,0.01
1120.0,cctv3,C3_S003,G020,OCCUPIED,LEAVING,0.7722103794325482
1120.0,cctv3,C3_S004,G024,OCCUPIED,OCCUPIED,0.8299576231024482
1120.0,cctv3,C3_S005,G025,OCCUPIED,OCCUPIED,0.8255839350548658
1120.0,cctv3,C3_S006,G026,OCCUPIED,OCCUPIED,0.8249906645579772
1120.0,cctv3,C3_S007,G027,EMPTY,EMPTY,0.01
1120.0,cctv3,C3_S008,G028,EMPTY,EMPTY,0.01
1120.0,cctv3,C3_S009,G029,EMPTY,EMPTY,0.01
1120.0,cctv3,C3_S010,G007,OCCUPIED,OCCUPIED,0.51
1120.0,cctv3,C3_S011,G008,OCCUPIED,OCCUPIED,0.7968890940601177
1120.0,cctv3,C3_S012,G009,OCCUPIED,OCCUPIED,0.8242197147824548
1121.0,cctv1,C1_S001,G001,OCCUPIED,OCCUPIED,0.7262901799583977
1121.0,cctv1,C1_S002,G002,EMPTY,EMPTY,0.01
1121.0,cctv1,C1_S003,G003,OCCUPIED,OCCUPIED,0.8368616112253884
1121.0,cctv1,C1_S004,G004,OCCUPIED,OCCUPIED,0.7753631885756147
1121.0,cctv1,C1_S005,G005,OCCUPIED,OCCUPIED,0.7476508250561629
1121.0,cctv1,C1_S006,G006,EMPTY,MANEUVERING,0.0799952369251034
1121.0,cctv2,C2_S001,G007,OCCUPIED,LEAVING,0.7613914984193716
1121.0,cctv2,C2_S002,G008,OCCUPIED,OCCUPIED,0.813737217675556
1121.0,cctv2,C2_S003,G009,OCCUPIED,OCCUPIED,0.51
1121.0,cctv2,C2_S004,G010,OCCUPIED,OCCUPIED,0.7835979672995481
1121.0,cctv2,C2_S005,G001,EMPTY,EMPTY,0.01
1121.0,cctv2,C2_S006,G003,OCCUPIED,OCCUPIED,0.81777713813565
1121.0,cctv2,C2_S007,G004,OCCUPIED,OCCUPIED,0.7876125181263144
1121.0,cctv2,C2_S008,G006,OCCUPIED,OCCUPIED,0.7597025963393125
1121.0,cctv2,C2_S009,G005,OCCUPIED,OCCUPIED,0.7848029610785572
1121.0,cctv2,C2_S010,G002,EMPTY,EMPTY,0.01
1121.0,cctv2,C2_S011,G017,OCCUPIED,LEAVING,0.7095108205486428
1121.0,cctv2,C2_S012,G018,OCCUPIED,LEAVING,0.7732123877514493
1121.0,cctv2,C2_S013,G019,OCCUPIED,OCCUPIED,0.8321424229578539
1121.0,cctv2,C2_S014,G020,EMPTY,EMPTY,0.01
1121.0,cctv3,C3_S001,G021,OCCUPIED,OCCUPIED,0.6475858390150648
1121.0,cctv3,C3_S002,G019,EMPTY,EMPTY,0.01
1121.0,cctv3,C3_S003,G020,OCCUPIED,LEAVING,0.7709488659013402
1121.0,cctv3,C3_S004,G024,OCCUPIED,OCCUPIED,0.8294161281802438
1121.0,cctv3,C3_S005,G025,OCCUPIED,OCCUPIED,0.8255680831995877
1121.0,cctv3,C3_S006,G026,OCCUPIED,OCCUPIED,0.8251110786741431
1121.0,cctv3,C3_S007,G027,EMPTY,MANEUVERING,0.2095256788622249
1121.0,cctv3,C3_S008,G028,EMPTY,EMPTY,0.01
1121.0,cctv3,C3_S009,G029,EMPTY,EMPTY,0.01
1121.0,cctv3,C3_S010,G007,OCCUPIED,OCCUPIED,0.51
1121.0,cctv3,C3_S011,G008,OCCUPIED,OCCUPIED,0.797896100174297
1121.0,cctv3,C3_S012,G009,OCCUPIED,OCCUPIED,0.8239276522939856
1122.0,cctv1,C1_S001,G001,OCCUPIED,OCCUPIED,0.726551427319646
1122.0,cctv1,C1_S002,G002,EMPTY,EMPTY,0.01
1122.0,cctv1,C1_S003,G003,OCCUPIED,OCCUPIED,0.8368792812932622
1122.0,cctv1,C1_S004,G004,OCCUPIED,OCCUPIED,0.7747642317956145
1122.0,cctv1,C1_S005,G005,OCCUPIED,OCCUPIED,0.746862103207545
1122.0,cctv1,C1_S006,G006,EMPTY,MANEUVERING,0.0799952369251034
1122.0,cctv2,C2_S001,G007,OCCUPIED,LEAVING,0.7588787704706192
1122.0,cctv2,C2_S002,G008,OCCUPIED,OCCUPIED,0.8116431748325175
1122.0,cctv2,C2_S003,G009,OCCUPIED,OCCUPIED,0.51
1122.0,cctv2,C2_S004,G010,OCCUPIED,OCCUPIED,0.7851186107505452
1122.0,cctv2,C2_S005,G001,EMPTY,EMPTY,0.01
1122.0,cctv2,C2_S006,G003,OCCUPIED,OCCUPIED,0.8177056239409881
1122.0,cctv2,C2_S007,G004,OCCUPIED,OCCUPIED,0.7880642151290721
1122.0,cctv2,C2_S008,G006,OCCUPIED,OCCUPIED,0.7590257079763847
1122.0,cctv2,C2_S009,G005,OCCUPIED,OCCUPIED,0.783997280760245
1122.0,cctv2,C2_S010,G002,EMPTY,EMPTY,0.01
1122.0,cctv2,C2_S011,G017,OCCUPIED,LEAVING,0.7031819887865673
1122.0,cctv2,C2_S012,G018,OCCUPIED,LEAVING,0.7710795609788462
1122.0,cctv2,C2_S013,G019,OCCUPIED,OCCUPIED,0.8320533337918196
1122.0,cctv2,C2_S014,G020,EMPTY,EMPTY,0.01
1122.0,cctv3,C3_S001,G021,OCCUPIED,OCCUPIED,0.6918468010244948
1122.0,cctv3,C3_S002,G019,EMPTY,EMPTY,0.01
1122.0,cctv3,C3_S003,G020,OCCUPIED,LEAVING,0.8051384408365597
1122.0,cctv3,C3_S004,G024,OCCUPIED,OCCUPIED,0.8292095330628483
1122.0,cctv3,C3_S005,G025,OCCUPIED,OCCUPIED,0.8259426886385138
1122.0,cctv3,C3_S006,G026,OCCUPIED,OCCUPIED,0.8251337343996222
1122.0,cctv3,C3_S007,G027,EMPTY,MANEUVERING,0.2095256788622249
1122.0,cctv3,C3_S008,G028,EMPTY,EMPTY,0.01
1122.0,cctv3,C3_S009,G029,EMPTY,EMPTY,0.01
1122.0,cctv3,C3_S010,G007,OCCUPIED,OCCUPIED,0.51
1122.0,cctv3,C3_S011,G008,OCCUPIED,OCCUPIED,0.7982867606661537
1122.0,cctv3,C3_S012,G009,OCCUPIED,OCCUPIED,0.8247097324241293
1123.0,cctv1,C1_S001,G001,OCCUPIED,OCCUPIED,0.7263940907676112
1123.0,cctv1,C1_S002,G002,EMPTY,EMPTY,0.01
1123.0,cctv1,C1_S003,G003,OCCUPIED,OCCUPIED,0.8369230833920567
1123.0,cctv1,C1_S004,G004,OCCUPIED,OCCUPIED,0.7747677654027939
1123.0,cctv1,C1_S005,G005,OCCUPIED,OCCUPIED,0.7449282894351267
1123.0,cctv1,C1_S006,G006,EMPTY,MANEUVERING,0.0799952369251034
1123.0,cctv2,C2_S001,G007,OCCUPIED,LEAVING,0.7579820198091595
1123.0,cctv2,C2_S002,G008,OCCUPIED,LEAVING,0.8092079997062683
1123.0,cctv2,C2_S003,G009,OCCUPIED,OCCUPIED,0.51
1123.0,cctv2,C2_S004,G010,OCCUPIED,OCCUPIED,0.7869833751158282
1123.0,cctv2,C2_S005,G001,EMPTY,EMPTY,0.01
1123.0,cctv2,C2_S006,G003,OCCUPIED,OCCUPIED,0.8176982820034028
1123.0,cctv2,C2_S007,G004,OCCUPIED,OCCUPIED,0.7892666234211488
1123.0,cctv2,C2_S008,G006,OCCUPIED,OCCUPIED,0.7605457020076839
1123.0,cctv2,C2_S009,G005,OCCUPIED,OCCUPIED,0.7859861631285061
1123.0,cctv2,C2_S010,G002,EMPTY,EMPTY,0.01
1123.0,cctv2,C2_S011,G017,OCCUPIED,OCCUPIED,0.7058564971793782
1123.0,cctv2,C2_S012,G018,OCCUPIED,LEAVING,0.77049027396874
1123.0,cctv2,C2_S013,G019,OCCUPIED,OCCUPIED,0.8319482838565654
1123.0,cctv2,C2_S014,G020,EMPTY,EMPTY,0.01
1123.0,cctv3,C3_S001,G021,OCCUPIED,OCCUPIED,0.6895646424907627
1123.0,cctv3,C3_S002,G019,EMPTY,EMPTY,0.01
1123.0,cctv3,C3_S003,G020,OCCUPIED,LEAVING,0.8055328962477771
1123.0,cctv3,C3_S004,G024,OCCUPIED,OCCUPIED,0.8284876156936993
1123.0,cctv3,C3_S005,G025,OCCUPIED,OCCUPIED,0.8268169888041237
1123.0,cctv3,C3_S006,G026,OCCUPIED,OCCUPIED,0.8254461906173013
1123.0,cctv3,C3_S007,G027,EMPTY,MANEUVERING,0.2095256788622249
1123.0,cctv3,C3_S008,G028,EMPTY,EMPTY,0.01
1123.0,cctv3,C3_S009,G029,EMPTY,EMPTY,0.01
1123.0,cctv3,C3_S010,G007,OCCUPIED,OCCUPIED,0.51
1123.0,cctv3,C3_S011,G008,OCCUPIED,OCCUPIED,0.7979516235264865
1123.0,cctv3,C3_S012,G009,OCCUPIED,OCCUPIED,0.825033697756854
1124.0,cctv1,C1_S001,G001,OCCUPIED,OCCUPIED,0.7273387678306211
1124.0,cctv1,C1_S002,G002,EMPTY,EMPTY,0.01
1124.0,cctv1,C1_S003,G003,OCCUPIED,OCCUPIED,0.8369109142910351
1124.0,cctv1,C1_S004,G004,OCCUPIED,OCCUPIED,0.7768635232340206
1124.0,cctv1,C1_S005,G005,OCCUPIED,OCCUPIED,0.7449197421290659
1124.0,cctv1,C1_S006,G006,EMPTY,MANEUVERING,0.0799952369251034
1124.0,cctv2,C2_S001,G007,OCCUPIED,LEAVING,0.757296072082086
1124.0,cctv2,C2_S002,G008,OCCUPIED,LEAVING,0.8073867936025967
1124.0,cctv2,C2_S003,G009,OCCUPIED,OCCUPIED,0.5476011629112355
1124.0,cctv2,C2_S004,G010,OCCUPIED,OCCUPIED,0.7899018127809871
1124.0,cctv2,C2_S005,G001,EMPTY,EMPTY,0.01
1124.0,cctv2,C2_S006,G003,OCCUPIED,OCCUPIED,0.8176425904035569
1124.0,cctv2,C2_S007,G004,OCCUPIED,OCCUPIED,0.7891627260229805
1124.0,cctv2,C2_S008,G006,OCCUPIED,OCCUPIED,0.7608056324449453
1124.0,cctv2,C2_S009,G005,OCCUPIED,OCCUPIED,0.7874329661781139
1124.0,cctv2,C2_S010,G002,EMPTY,EMPTY,0.01
1124.0,cctv2,C2_S011,G017,OCCUPIED,OCCUPIED,0.755770871381868
1124.0,cctv2,C2_S012,G018,OCCUPIED,LEAVING,0.7727716215632179
1124.0,cctv2,C2_S013,G019,OCCUPIED,OCCUPIED,0.8314570966092023
1124.0,cctv2,C2_S014,G020,EMPTY,EMPTY,0.01
1124.0,cctv3,C3_S001,G021,OCCUPIED,LEAVING,0.6973324390071811
1124.0,cctv3,C3_S002,G019,EMPTY,EMPTY,0.01
1124.0,cctv3,C3_S003,G020,OCCUPIED,LEAVING,0.8022143079475924
1124.0,cctv3,C3_S004,G024,OCCUPIED,OCCUPIED,0.8281448293815961
1124.0,cctv3,C3_S005,G025,OCCUPIED,OCCUPIED,0.8271154186942361
1124.0,cctv3,C3_S006,G026,OCCUPIED,OCCUPIED,0.825454579429193
1124.0,cctv3,C3_S007,G027,EMPTY,MANEUVERING,0.2095256788622249
1124.0,cctv3,C3_S008,G028,EMPTY,EMPTY,0.01
1124.0,cctv3,C3_S009,G029,EMPTY,EMPTY,0.01
1124.0,cctv3,C3_S010,G007,OCCUPIED,OCCUPIED,0.51
1124.0,cctv3,C3_S011,G008,OCCUPIED,OCCUPIED,0.7971234012733807
1124.0,cctv3,C3_S012,G009,OCCUPIED,OCCUPIED,0.8247389026663521
1125.0,cctv1,C1_S001,G001,OCCUPIED,OCCUPIED,0.7262821867723357
1125.0,cctv1,C1_S002,G002,EMPTY,EMPTY,0.01
1125.0,cctv1,C1_S003,G003,OCCUPIED,OCCUPIED,0.8369072811170059
1125.0,cctv1,C1_S004,G004,OCCUPIED,OCCUPIED,0.7756521486423233
1125.0,cctv1,C1_S005,G005,OCCUPIED,OCCUPIED,0.7461507964134217
1125.0,cctv1,C1_S006,G006,EMPTY,MANEUVERING,0.0799952369251034
1125.0,cctv2,C2_S001,G007,OCCUPIED,LEAVING,0.7636962547898293
1125.0,cctv2,C2_S002,G008,OCCUPIED,LEAVING,0.8066131364215505
1125.0,cctv2,C2_S003,G009,OCCUPIED,OCCUPIED,0.5929602928169362
1125.0,cctv2,C2_S004,G010,OCCUPIED,OCCUPIED,0.7913206135684794
1125.0,cctv2,C2_S005,G001,EMPTY,EMPTY,0.01
1125.0,cctv2,C2_S006,G003,OCCUPIED,OCCUPIED,0.8177697116678412
1125.0,cctv2,C2_S007,G004,OCCUPIED,OCCUPIED,0.7891927505081351
1125.0,cctv2,C2_S008,G006,OCCUPIED,OCCUPIED,0.762156101113016
1125.0,cctv2,C2_S009,G005,OCCUPIED,OCCUPIED,0.7881982524286617
1125.0,cctv2,C2_S010,G002,EMPTY,MANEUVERING,0.1925739612470973
1125.0,cctv2,C2_S011,G017,OCCUPIED,LEAVING,0.7409712669957769
1125.0,cctv2,C2_S012,G018,OCCUPIED,LEAVING,0.7580097285725854
1125.0,cctv2,C2_S013,G019,OCCUPIED,OCCUPIED,0.8313110982829874
1125.0,cctv2,C2_S014,G020,EMPTY,EMPTY,0.01
1125.0,cctv3,C3_S001,G021,OCCUPIED,LEAVING,0.6944167441942476
1125.0,cctv3,C3_S002,G019,EMPTY,EMPTY,0.01
1125.0,cctv3,C3_S003,G020,OCCUPIED,LEAVING,0.7996539598161525
1125.0,cctv3,C3_S004,G024,OCCUPIED,OCCUPIED,0.8276977750388059
1125.0,cctv3,C3_S005,G025,OCCUPIED,OCCUPIED,0.8270540586926721
1125.0,cctv3,C3_S006,G026,OCCUPIED,OCCUPIED,0.8255428793755445
1125.0,cctv3,C3_S007,G027,EMPTY,MANEUVERING,0.1645256788622249
1125.0,cctv3,C3_S008,G028,EMPTY,EMPTY,0.01
1125.0,cctv3,C3_S009,G029,EMPTY,EMPTY,0.01
1125.0,cctv3,C3_S010,G007,OCCUPIED,OCCUPIED,0.51
1125.0,cctv3,C3_S011,G008,OCCUPIED,OCCUPIED,0.7955308998172934
1125.0,cctv3,C3_S012,G009,OCCUPIED,OCCUPIED,0.8249493926763535
1126.0,cctv1,C1_S001,G001,OCCUPIED,OCCUPIED,0.7269061587073586
1126.0,cctv1,C1_S002,G002,EMPTY,EMPTY,0.01
1126.0,cctv1,C1_S003,G003,OCCUPIED,OCCUPIED,0.8369334757328034
1126.0,cctv1,C1_S004,G004,OCCUPIED,OCCUPIED,0.776808243312619
1126.0,cctv1,C1_S005,G005,OCCUPIED,OCCUPIED,0.7441797982833603
1126.0,cctv1,C1_S006,G006,EMPTY,MANEUVERING,0.1638538652319799
1126.0,cctv2,C2_S001,G007,OCCUPIED,LEAVING,0.7604572801427408
1126.0,cctv2,C2_S002,G008,OCCUPIED,LEAVING,0.8024806378917261
1126.0,cctv2,C2_S003,G009,OCCUPIED,OCCUPIED,0.5101174799149686
1126.0,cctv2,C2_S004,G010,OCCUPIED,OCCUPIED,0.7891092874787071
1126.0,cctv2,C2_S005,G001,EMPTY,EMPTY,0.01
1126.0,cctv2,C2_S006,G003,OCCUPIED,OCCUPIED,0.8178974327715961
1126.0,cctv2,C2_S007,G004,OCCUPIED,OCCUPIED,0.7899112931706689
1126.0,cctv2,C2_S008,G006,OCCUPIED,OCCUPIED,0.7633034054528584
1126.0,cctv2,C2_S009,G005,OCCUPIED,OCCUPIED,0.7903974346139215
1126.0,cctv2,C2_S010,G002,EMPTY,MANEUVERING,0.1925739612470973
1126.0,cctv2,C2_S011,G017,OCCUPIED,LEAVING,0.739448749493469
1126.0,cctv2,C2_S012,G018,OCCUPIED,LEAVING,0.7568020989136263
1126.0,cctv2,C2_S013,G019,OCCUPIED,OCCUPIED,0.8312444112517617
1126.0,cctv2,C2_S014,G020,EMPTY,EMPTY,0.01
1126.0,cctv3,C3_S001,G021,OCCUPIED,LEAVING,0.6908749388474407
1126.0,cctv3,C3_S002,G019,EMPTY,EMPTY,0.01
1126.0,cctv3,C3_S003,G020,OCCUPIED,LEAVING,0.7960763180797751
1126.0,cctv3,C3_S004,G024,OCCUPIED,OCCUPIED,0.8275239695202221
1126.0,cctv3,C3_S005,G025,OCCUPIED,OCCUPIED,0.8274709544398569
1126.0,cctv3,C3_S006,G026,OCCUPIED,OCCUPIED,0.8255958708849821
1126.0,cctv3,C3_S007,G027,EMPTY,MANEUVERING,0.1645256788622249
1126.0,cctv3,C3_S008,G028,EMPTY,EMPTY,0.01
1126.0,cctv3,C3_S009,G029,EMPTY,EMPTY,0.01
1126.0,cctv3,C3_S010,G007,OCCUPIED,OCCUPIED,0.5534244346076792
1126.0,cctv3,C3_S011,G008,OCCUPIED,OCCUPIED,0.7956831533800472
1126.0,cctv3,C3_S012,G009,OCCUPIED,OCCUPIED,0.8252901876514609
1127.0,cctv1,C1_S001,G001,OCCUPIED,OCCUPIED,0.727427161146294
1127.0,cctv1,C1_S002,G002,EMPTY,EMPTY,0.01
1127.0,cctv1,C1_S003,G003,OCCUPIED,OCCUPIED,0.836921222914349
1127.0,cctv1,C1_S004,G004,OCCUPIED,OCCUPIED,0.7762904026291588
1127.0,cctv1,C1_S005,G005,OCCUPIED,OCCUPIED,0.7437020639397882
1127.0,cctv1,C1_S006,G006,EMPTY,MANEUVERING,0.1790761299024928
1127.0,cctv2,C2_S001,G007,OCCUPIED,LEAVING,0.7591462610797449
1127.0,cctv2,C2_S002,G008,OCCUPIED,LEAVING,0.8015550246292895
1127.0,cctv2,C2_S003,G009,OCCUPIED,OCCUPIED,0.51
1127.0,cctv2,C2_S004,G010,OCCUPIED,OCCUPIED,0.787884317744862
1127.0,cctv2,C2_S005,G001,EMPTY,EMPTY,0.01
1127.0,cctv2,C2_S006,G003,OCCUPIED,OCCUPIED,0.8176275708458641
1127.0,cctv2,C2_S007,G004,OCCUPIED,OCCUPIED,0.791527572003278
1127.0,cctv2,C2_S008,G006,OCCUPIED,OCCUPIED,0.7639284024184401
1127.0,cctv2,C2_S009,G005,OCCUPIED,OCCUPIED,0.7923311122439125
1127.0,cctv2,C2_S010,G002,EMPTY,MANEUVERING,0.1925739612470973
1127.0,cctv2,C2_S011,G017,OCCUPIED,LEAVING,0.7379689408053052
1127.0,cctv2,C2_S012,G018,OCCUPIED,LEAVING,0.7564334269454986
1127.0,cctv2,C2_S013,G019,OCCUPIED,OCCUPIED,0.830949463356625
1127.0,cctv2,C2_S014,G020,EMPTY,EMPTY,0.01
1127.0,cctv3,C3_S001,G021,OCCUPIED,LEAVING,0.6868726801691634
1127.0,cctv3,C3_S002,G019,EMPTY,EMPTY,0.01
1127.0,cctv3,C3_S003,G020,OCCUPIED,LEAVING,0.7954957401210612
1127.0,cctv3,C3_S004,G024,OCCUPIED,OCCUPIED,0.8273474712263454
1127.0,cctv3,C3_S005,G025,OCCUPIED,OCCUPIED,0.8272336691617966
1127.0,cctv3,C3_S006,G026,OCCUPIED,OCCUPIED,0.8256620702418415
1127.0,cctv3,C3_S007,G027,EMPTY,MANEUVERING,0.1645256788622249
1127.0,cctv3,C3_S008,G028,EMPTY,EMPTY,0.01
1127.0,cctv3,C3_S009,G029,EMPTY,EMPTY,0.01
1127.0,cctv3,C3_S010,G007,OCCUPIED,OCCUPIED,0.51
1127.0,cctv3,C3_S011,G008,OCCUPIED,OCCUPIED,0.7961098741401327
1127.0,cctv3,C3_S012,G009,OCCUPIED,OCCUPIED,0.8252260470932181
1128.0,cctv1,C1_S001,G001,OCCUPIED,OCCUPIED,0.7288703736933796
1128.0,cctv1,C1_S002,G002,EMPTY,EMPTY,0.01
1128.0,cctv1,C1_S003,G003,OCCUPIED,OCCUPIED,0.8368622330102055
1128.0,cctv1,C1_S004,G004,OCCUPIED,OCCUPIED,0.7765747005289252
1128.0,cctv1,C1_S005,G005,OCCUPIED,OCCUPIED,0.7404941252957692
1128.0,cctv1,C1_S006,G006,EMPTY,MANEUVERING,0.2783635420284487
1128.0,cctv2,C2_S001,G007,OCCUPIED,LEAVING,0.7601509832523087
1128.0,cctv2,C2_S002,G008,OCCUPIED,LEAVING,0.79792897796089
1128.0,cctv2,C2_S003,G009,OCCUPIED,OCCUPIED,0.51
1128.0,cctv2,C2_S004,G010,OCCUPIED,OCCUPIED,0.7868198457089338
1128.0,cctv2,C2_S005,G001,EMPTY,EMPTY,0.01
1128.0,cctv2,C2_S006,G003,OCCUPIED,OCCUPIED,0.8175384979356419
1128.0,cctv2,C2_S007,G004,OCCUPIED,OCCUPIED,0.7922253169796685
1128.0,cctv2,C2_S008,G006,OCCUPIED,OCCUPIED,0.7642723014408892
1128.0,cctv2,C2_S009,G005,OCCUPIED,OCCUPIED,0.7932604529640892
1128.0,cctv2,C2_S010,G002,EMPTY,MANEUVERING,0.2854572676203467
1128.0,cctv2,C2_S011,G017,OCCUPIED,LEAVING,0.7236335552741181
1128.0,cctv2,C2_S012,G018,OCCUPIED,LEAVING,0.7468739086985589
1128.0,cctv2,C2_S013,G019,OCCUPIED,OCCUPIED,0.8308003227819096
1128.0,cctv2,C2_S014,G020,EMPTY,EMPTY,0.01
1128.0,cctv3,C3_S001,G021,OCCUPIED,LEAVING,0.7228404730964791
1128.0,cctv3,C3_S002,G019,EMPTY,EMPTY,0.01
1128.0,cctv3,C3_S003,G020,OCCUPIED,LEAVING,0.7914760557087985
1128.0,cctv3,C3_S004,G024,OCCUPIED,OCCUPIED,0.827127616242929
1128.0,cctv3,C3_S005,G025,OCCUPIED,OCCUPIED,0.8274908409877257
1128.0,cctv3,C3_S006,G026,OCCUPIED,OCCUPIED,0.8258022246035663
1128.0,cctv3,C3_S007,G027,EMPTY,MANEUVERING,0.1645256788622249
1128.0,cctv3,C3_S008,G028,EMPTY,EMPTY,0.01
1128.0,cctv3,C3_S009,G029,EMPTY,EMPTY,0.01
1128.0,cctv3,C3_S010,G007,OCCUPIED,OCCUPIED,0.51
1128.0,cctv3,C3_S011,G008,OCCUPIED,OCCUPIED,0.7956909090280534
1128.0,cctv3,C3_S012,G009,OCCUPIED,OCCUPIED,0.8252669897946445
1129.0,cctv1,C1_S001,G001,OCCUPIED,OCCUPIED,0.7295700466090983
1129.0,cctv1,C1_S002,G002,EMPTY,EMPTY,0.01
1129.0,cctv1,C1_S003,G003,OCCUPIED,OCCUPIED,0.8368765551935543
1129.0,cctv1,C1_S004,G004,OCCUPIED,OCCUPIED,0.7766981109976769
1129.0,cctv1,C1_S005,G005,OCCUPIED,OCCUPIED,0.7505839785391635
1129.0,cctv1,C1_S006,G006,EMPTY,MANEUVERING,0.368867093053731
1129.0,cctv2,C2_S001,G007,OCCUPIED,LEAVING,0.7574624893340198
1129.0,cctv2,C2_S002,G008,OCCUPIED,LEAVING,0.793831696429036
1129.0,cctv2,C2_S003,G009,OCCUPIED,OCCUPIED,0.51
1129.0,cctv2,C2_S004,G010,OCCUPIED,OCCUPIED,0.785945476456122
1129.0,cctv2,C2_S005,G001,EMPTY,EMPTY,0.01
1129.0,cctv2,C2_S006,G003,OCCUPIED,OCCUPIED,0.8178563697771594
1129.0,cctv2,C2_S007,G004,OCCUPIED,OCCUPIED,0.7926484102552588
1129.0,cctv2,C2_S008,G006,OCCUPIED,OCCUPIED,0.7636224916035479
1129.0,cctv2,C2_S009,G005,OCCUPIED,OCCUPIED,0.7952425664121455
1129.0,cctv2,C2_S010,G002,EMPTY,MANEUVERING,0.2404572676203467
1129.0,cctv2,C2_S011,G017,OCCUPIED,LEAVING,0.7271591589857231
1129.0,cctv2,C2_S012,G018,OCCUPIED,LEAVING,0.7455373806086454
1129.0,cctv2,C2_S013,G019,OCCUPIED,OCCUPIED,0.8306973999196834
1129.0,cctv2,C2_S014,G020,EMPTY,EMPTY,0.01
1129.0,cctv3,C3_S001,G021,OCCUPIED,LEAVING,0.7591055049137636
1129.0,cctv3,C3_S002,G019,EMPTY,EMPTY,0.01
1129.0,cctv3,C3_S003,G020,OCCUPIED,LEAVING,0.7900350372899663
1129.0,cctv3,C3_S004,G024,OCCUPIED,OCCUPIED,0.8269465004855937
1129.0,cctv3,C3_S005,G025,OCCUPIED,OCCUPIED,0.8280872382900932
1129.0,cctv3,C3_S006,G026,OCCUPIED,OCCUPIED,0.8259958605874669
1129.0,cctv3,C3_S007,G027,EMPTY,MANEUVERING,0.1645256788622249
1129.0,cctv3,C3_S008,G028,EMPTY,EMPTY,0.01
1129.0,cctv3,C3_S009,G029,EMPTY,EMPTY,0.01
1129.0,cctv3,C3_S010,G007,OCCUPIED,OCCUPIED,0.5449309309368784
1129.0,cctv3,C3_S011,G008,OCCUPIED,OCCUPIED,0.7950333663008431
1129.0,cctv3,C3_S012,G009,OCCUPIED,OCCUPIED,0.8253507925705477
1130.0,cctv1,C1_S001,G001,OCCUPIED,OCCUPIED,0.7298240343278105
1130.0,cctv1,C1_S002,G002,EMPTY,EMPTY,0.01
1130.0,cctv1,C1_S003,G003,OCCUPIED,OCCUPIED,0.8367642657323318
1130.0,cctv1,C1_S004,G004,OCCUPIED,OCCUPIED,0.7759629370136695
1130.0,cctv1,C1_S005,G005,OCCUPIED,OCCUPIED,0.7490663107145917
1130.0,cctv1,C1_S006,G006,EMPTY,MANEUVERING,0.4100112243457274
1130.0,cctv2,C2_S001,G007,OCCUPIED,LEAVING,0.7576548138802702
1130.0,cctv2,C2_S002,G008,OCCUPIED,LEAVING,0.7903461154211652
1130.0,cctv2,C2_S003,G009,OCCUPIED,OCCUPIED,0.51
1130.0,cctv2,C2_S004,G010,OCCUPIED,OCCUPIED,0.7879831335761331
1130.0,cctv2,C2_S005,G001,EMPTY,EMPTY,0.01
1130.0,cctv2,C2_S006,G003,OCCUPIED,OCCUPIED,0.8177464357831262
1130.0,cctv2,C2_S007,G004,OCCUPIED,OCCUPIED,0.7924906248396094
1130.0,cctv2,C2_S008,G006,OCCUPIED,OCCUPIED,0.7644724527543242
1130.0,cctv2,C2_S009,G005,OCCUPIED,OCCUPIED,0.79691505540501
1130.0,cctv2,C2_S010,G002,EMPTY,MANEUVERING,0.3401097066077319
1130.0,cctv2,C2_S011,G017,OCCUPIED,LEAVING,0.7105091526914726
1130.0,cctv2,C2_S012,G018,OCCUPIED,LEAVING,0.7368120667067442
1130.0,cctv2,C2_S013,G019,OCCUPIED,OCCUPIED,0.8306612169200724
1130.0,cctv2,C2_S014,G020,EMPTY,EMPTY,0.01
1130.0,cctv3,C3_S001,G021,OCCUPIED,LEAVING,0.7561583229086617
1130.0,cctv3,C3_S002,G019,EMPTY,EMPTY,0.01
1130.0,cctv3,C3_S003,G020,OCCUPIED,LEAVING,0.7888218952850863
1130.0,cctv3,C3_S004,G024,OCCUPIED,OCCUPIED,0.827064661546187
1130.0,cctv3,C3_S005,G025,OCCUPIED,OCCUPIED,0.8281707273288207
1130.0,cctv3,C3_S006,G026,OCCUPIED,OCCUPIED,0.8261613049290397
1130.0,cctv3,C3_S007,G027,EMPTY,MANEUVERING,0.1645256788622249
1130.0,cctv3,C3_S008,G028,EMPTY,EMPTY,0.01
1130.0,cctv3,C3_S009,G029,EMPTY,MANEUVERING,0.13071471416718
1130.0,cctv3,C3_S010,G007,OCCUPIED,OCCUPIED,0.51
1130.0,cctv3,C3_S011,G008,OCCUPIED,OCCUPIED,0.7945404055443678
1130.0,cctv3,C3_S012,G009,OCCUPIED,OCCUPIED,0.8257847414775329
1131.0,cctv1,C1_S001,G001,OCCUPIED,OCCUPIED,0.7293791391632775
1131.0,cctv1,C1_S002,G002,EMPTY,EMPTY,0.01
1131.0,cctv1,C1_S003,G003,OCCUPIED,OCCUPIED,0.8368376777930694
1131.0,cctv1,C1_S004,G004,OCCUPIED,OCCUPIED,0.775215755673972
1131.0,cctv1,C1_S005,G005,OCCUPIED,OCCUPIED,0.7497202328660272
1131.0,cctv1,C1_S006,G006,EMPTY,MANEUVERING,0.49
1131.0,cctv2,C2_S001,G007,OCCUPIED,LEAVING,0.7572645207697696
1131.0,cctv2,C2_S002,G008,OCCUPIED,LEAVING,0.7908386632800103
1131.0,cctv2,C2_S003,G009,OCCUPIED,OCCUPIED,0.51
1131.0,cctv2,C2_S004,G010,OCCUPIED,OCCUPIED,0.7905591970140284
1131.0,cctv2,C2_S005,G001,EMPTY,EMPTY,0.01
1131.0,cctv2,C2_S006,G003,OCCUPIED,OCCUPIED,0.8181394842537968
1131.0,cctv2,C2_S007,G004,OCCUPIED,OCCUPIED,0.7921616405248643
1131.0,cctv2,C2_S008,G006,OCCUPIED,OCCUPIED,0.764249353923581
1131.0,cctv2,C2_S009,G005,OCCUPIED,OCCUPIED,0.7982390140945261
1131.0,cctv2,C2_S010,G002,EMPTY,MANEUVERING,0.3368369793350046
1131.0,cctv2,C2_S011,G017,OCCUPIED,LEAVING,0.7528701761364938
1131.0,cctv2,C2_S012,G018,OCCUPIED,LEAVING,0.7382454725287177
1131.0,cctv2,C2_S013,G019,OCCUPIED,OCCUPIED,0.8305392463098873
1131.0,cctv2,C2_S014,G020,EMPTY,EMPTY,0.01
1131.0,cctv3,C3_S001,G021,OCCUPIED,LEAVING,0.7565868285569278
1131.0,cctv3,C3_S002,G019,EMPTY,EMPTY,0.01
1131.0,cctv3,C3_S003,G020,OCCUPIED,LEAVING,0.7912817377935757
1131.0,cctv3,C3_S004,G024,OCCUPIED,OCCUPIED,0.8271982363679193
1131.0,cctv3,C3_S005,G025,OCCUPIED,OCCUPIED,0.8282352417707444
1131.0,cctv3,C3_S006,G026,OCCUPIED,OCCUPIED,0.826265190135349
1131.0,cctv3,C3_S007,G027,EMPTY,MANEUVERING,0.1645256788622249
1131.0,cctv3,C3_S008,G028,EMPTY,EMPTY,0.01
1131.0,cctv3,C3_S009,G029,EMPTY,MANEUVERING,0.1285718570243228
1131.0,cctv3,C3_S010,G007,OCCUPIED,LEAVING,0.5679899221155551
1131.0,cctv3,C3_S011,G008,OCCUPIED,OCCUPIED,0.7951100839809938
1131.0,cctv3,C3_S012,G009,OCCUPIED,OCCUPIED,0.8258031471209093
1132.0,cctv1,C1_S001,G001,OCCUPIED,OCCUPIED,0.7296008950607343
1132.0,cctv1,C1_S002,G002,EMPTY,EMPTY,0.01
1132.0,cctv1,C1_S003,G003,OCCUPIED,OCCUPIED,0.836582581021569
1132.0,cctv1,C1_S004,G004,OCCUPIED,OCCUPIED,0.7751164359125224
1132.0,cctv1,C1_S005,G005,OCCUPIED,OCCUPIED,0.7523186679590833
1132.0,cctv1,C1_S006,G006,EMPTY,MANEUVERING,0.4501752542907541
1132.0,cctv2,C2_S001,G007,OCCUPIED,LEAVING,0.7501462725075809
1132.0,cctv2,C2_S002,G008,OCCUPIED,LEAVING,0.7884141934188931
1132.0,cctv2,C2_S003,G009,OCCUPIED,OCCUPIED,0.51
1132.0,cctv2,C2_S004,G010,OCCUPIED,OCCUPIED,0.794692349433899
1132.0,cctv2,C2_S005,G001,EMPTY,EMPTY,0.01
1132.0,cctv2,C2_S006,G003,OCCUPIED,OCCUPIED,0.8182453282854775
1132.0,cctv2,C2_S007,G004,OCCUPIED,OCCUPIED,0.793019690567797
1132.0,cctv2,C2_S008,G006,OCCUPIED,OCCUPIED,0.7640930197455666
1132.0,cctv2,C2_S009,G005,OCCUPIED,OCCUPIED,0.7965317116542296
1132.0,cctv2,C2_S010,G002,EMPTY,MANEUVERING,0.2918369793350046
1132.0,cctv2,C2_S011,G017,OCCUPIED,LEAVING,0.7531847439841791
1132.0,cctv2,C2_S012,G018,OCCUPIED,LEAVING,0.7355171900716696
1132.0,cctv2,C2_S013,G019,OCCUPIED,OCCUPIED,0.8305991343476556
1132.0,cctv2,C2_S014,G020,EMPTY,EMPTY,0.01
1132.0,cctv3,C3_S001,G021,OCCUPIED,LEAVING,0.7613687784834342
1132.0,cctv3,C3_S002,G019,EMPTY,EMPTY,0.01
1132.0,cctv3,C3_S003,G020,OCCUPIED,LEAVING,0.7959770755334334
1132.0,cctv3,C3_S004,G024,OCCUPIED,OCCUPIED,0.8275755256414414
1132.0,cctv3,C3_S005,G025,OCCUPIED,OCCUPIED,0.8284287989139557
1132.0,cctv3,C3_S006,G026,OCCUPIED,OCCUPIED,0.8263806763020429
1132.0,cctv3,C3_S007,G027,EMPTY,EMPTY,0.01
1132.0,cctv3,C3_S008,G028,EMPTY,EMPTY,0.01
1132.0,cctv3,C3_S009,G029,EMPTY,MANEUVERING,0.1269051903576561
1132.0,cctv3,C3_S010,G007,OCCUPIED,LEAVING,0.6075425020955277
1132.0,cctv3,C3_S011,G008,OCCUPIED,OCCUPIED,0.7954239089380611
1132.0,cctv3,C3_S012,G009,OCCUPIED,OCCUPIED,0.8258268676020883
1133.0,cctv1,C1_S001,G001,OCCUPIED,OCCUPIED,0.7293868830258197
1133.0,cctv1,C1_S002,G002,EMPTY,EMPTY,0.01
1133.0,cctv1,C1_S003,G003,OCCUPIED,OCCUPIED,0.8365878389640289
1133.0,cctv1,C1_S004,G004,OCCUPIED,OCCUPIED,0.7758913045579737
1133.0,cctv1,C1_S005,G005,OCCUPIED,OCCUPIED,0.7556218298998747
1133.0,cctv1,C1_S006,G006,EMPTY,MANEUVERING,0.4051752542907541
1133.0,cctv2,C2_S001,G007,OCCUPIED,LEAVING,0.7494409785351971
1133.0,cctv2,C2_S002,G008,OCCUPIED,LEAVING,0.7865719006820159
1133.0,cctv2,C2_S003,G009,OCCUPIED,OCCUPIED,0.51
1133.0,cctv2,C2_S004,G010,OCCUPIED,OCCUPIED,0.7913691156289795
1133.0,cctv2,C2_S005,G001,EMPTY,EMPTY,0.01
1133.0,cctv2,C2_S006,G003,OCCUPIED,OCCUPIED,0.8183267349546607
1133.0,cctv2,C2_S007,G004,OCCUPIED,OCCUPIED,0.793695118752393
1133.0,cctv2,C2_S008,G006,OCCUPIED,OCCUPIED,0.7647041769190268
1133.0,cctv2,C2_S009,G005,OCCUPIED,OCCUPIED,0.7964743538336321
1133.0,cctv2,C2_S010,G002,EMPTY,MANEUVERING,0.2918369793350046
1133.0,cctv2,C2_S011,G017,OCCUPIED,LEAVING,0.7584317767620088
1133.0,cctv2,C2_S012,G018,OCCUPIED,LEAVING,0.7335906137932431
1133.0,cctv2,C2_S013,G019,OCCUPIED,OCCUPIED,0.8306994635950435
1133.0,cctv2,C2_S014,G020,EMPTY,EMPTY,0.01
1133.0,cctv3,C3_S001,G021,OCCUPIED,LEAVING,0.7621384005654942
1133.0,cctv3,C3_S002,G019,EMPTY,EMPTY,0.01
1133.0,cctv3,C3_S003,G020,OCCUPIED,LEAVING,0.7977860702709719
1133.0,cctv3,C3_S004,G024,OCCUPIED,OCCUPIED,0.8276655072515662
1133.0,cctv3,C3_S005,G025,OCCUPIED,OCCUPIED,0.8281297830018131
1133.0,cctv3,C3_S006,G026,OCCUPIED,OCCUPIED,0.8264488678086889
1133.0,cctv3,C3_S007,G027,EMPTY,EMPTY,0.01
1133.0,cctv3,C3_S008,G028,EMPTY,EMPTY,0.01
1133.0,cctv3,C3_S009,G029,EMPTY,MANEUVERING,0.1269051903576561
1133.0,cctv3,C3_S010,G007,OCCUPIED,LEAVING,0.5625425020955278
1133.0,cctv3,C3_S011,G008,OCCUPIED,OCCUPIED,0.7949933566830376
1133.0,cctv3,C3_S012,G009,OCCUPIED,OCCUPIED,0.825650731812824
1134.0,cctv1,C1_S001,G001,OCCUPIED,OCCUPIED,0.7294353970749813
1134.0,cctv1,C1_S002,G002,EMPTY,EMPTY,0.01
1134.0,cctv1,C1_S003,G003,OCCUPIED,OCCUPIED,0.8366127339276401
1134.0,cctv1,C1_S004,G004,OCCUPIED,OCCUPIED,0.7761141530492089
1134.0,cctv1,C1_S005,G005,OCCUPIED,OCCUPIED,0.756912305273793
1134.0,cctv1,C1_S006,G006,EMPTY,MANEUVERING,0.3601752542907541
1134.0,cctv2,C2_S001,G007,OCCUPIED,LEAVING,0.7503607262941925
1134.0,cctv2,C2_S002,G008,OCCUPIED,LEAVING,0.7869664715095
1134.0,cctv2,C2_S003,G009,OCCUPIED,OCCUPIED,0.51
1134.0,cctv2,C2_S004,G010,OCCUPIED,OCCUPIED,0.7898365924304183
1134.0,cctv2,C2_S005,G001,EMPTY,EMPTY,0.01
1134.0,cctv2,C2_S006,G003,OCCUPIED,OCCUPIED,0.8183654254133051
1134.0,cctv2,C2_S007,G004,OCCUPIED,OCCUPIED,0.7937683081085032
1134.0,cctv2,C2_S008,G006,OCCUPIED,OCCUPIED,0.7621545937928287
1134.0,cctv2,C2_S009,G005,OCCUPIED,OCCUPIED,0.7968707095492971
1134.0,cctv2,C2_S010,G002,EMPTY,MANEUVERING,0.2468369793350046
1134.0,cctv2,C2_S011,G017,OCCUPIED,LEAVING,0.7578967524658551
1134.0,cctv2,C2_S012,G018,OCCUPIED,LEAVING,0.7325885039297018
1134.0,cctv2,C2_S013,G019,OCCUPIED,OCCUPIED,0.8308510539206593
1134.0,cctv2,C2_S014,G020,EMPTY,EMPTY,0.01
1134.0,cctv3,C3_S001,G021,OCCUPIED,LEAVING,0.7638268320397897
1134.0,cctv3,C3_S002,G019,EMPTY,EMPTY,0.01
1134.0,cctv3,C3_S003,G020,OCCUPIED,LEAVING,0.7983217269182206
1134.0,cctv3,C3_S004,G024,OCCUPIED,OCCUPIED,0.8282848902724007
1134.0,cctv3,C3_S005,G025,OCCUPIED,OCCUPIED,0.8277326990257611
1134.0,cctv3,C3_S006,G026,OCCUPIED,OCCUPIED,0.8261399959976023
1134.0,cctv3,C3_S007,G027,EMPTY,EMPTY,0.01
1134.0,cctv3,C3_S008,G028,EMPTY,EMPTY,0.01
1134.0,cctv3,C3_S009,G029,EMPTY,MANEUVERING,0.0819051903576562
1134.0,cctv3,C3_S010,G007,OCCUPIED,LEAVING,0.5269187504543371
1134.0,cctv3,C3_S011,G008,OCCUPIED,OCCUPIED,0.7959312195127661
1134.0,cctv3,C3_S012,G009,OCCUPIED,OCCUPIED,0.8256309427998283
1135.0,cctv1,C1_S001,G001,OCCUPIED,OCCUPIED,0.7283413150771099
1135.0,cctv1,C1_S002,G002,EMPTY,EMPTY,0.01
1135.0,cctv1,C1_S003,G003,OCCUPIED,OCCUPIED,0.836710978367112
1135.0,cctv1,C1_S004,G004,OCCUPIED,OCCUPIED,0.7739129230380059
1135.0,cctv1,C1_S005,G005,OCCUPIED,OCCUPIED,0.7567365161397241
1135.0,cctv1,C1_S006,G006,EMPTY,MANEUVERING,0.3993766807774445
1135.0,cctv2,C2_S001,G007,OCCUPIED,OCCUPIED,0.7514583992009813
1135.0,cctv2,C2_S002,G008,OCCUPIED,LEAVING,0.785387750918215
1135.0,cctv2,C2_S003,G009,OCCUPIED,OCCUPIED,0.51
1135.0,cctv2,C2_S004,G010,OCCUPIED,OCCUPIED,0.7866937335241926
1135.0,cctv2,C2_S005,G001,EMPTY,EMPTY,0.01
1135.0,cctv2,C2_S006,G003,OCCUPIED,OCCUPIED,0.8184923564845866
1135.0,cctv2,C2_S007,G004,OCCUPIED,OCCUPIED,0.7951042107560419
1135.0,cctv2,C2_S008,G006,OCCUPIED,OCCUPIED,0.7630690856413408
1135.0,cctv2,C2_S009,G005,OCCUPIED,OCCUPIED,0.7968390619212932
1135.0,cctv2,C2_S010,G002,EMPTY,MANEUVERING,0.2468369793350046
1135.0,cctv2,C2_S011,G017,OCCUPIED,LEAVING,0.7575865159793335
1135.0,cctv2,C2_S012,G018,OCCUPIED,LEAVING,0.731674785857851
1135.0,cctv2,C2_S013,G019,OCCUPIED,OCCUPIED,0.8311202087185601
1135.0,cctv2,C2_S014,G020,EMPTY,EMPTY,0.01
1135.0,cctv3,C3_S001,G021,OCCUPIED,LEAVING,0.7589211591265419
1135.0,cctv3,C3_S002,G019,EMPTY,EMPTY,0.01
1135.0,cctv3,C3_S003,G020,OCCUPIED,LEAVING,0.7972346072847194
1135.0,cctv3,C3_S004,G024,OCCUPIED,OCCUPIED,0.8282611250877381
1135.0,cctv3,C3_S005,G025,OCCUPIED,OCCUPIED,0.8275999142365023
1135.0,cctv3,C3_S006,G026,OCCUPIED,OCCUPIED,0.8261575636538593
1135.0,cctv3,C3_S007,G027,EMPTY,EMPTY,0.01
1135.0,cctv3,C3_S008,G028,EMPTY,EMPTY,0.01
1135.0,cctv3,C3_S009,G029,EMPTY,MANEUVERING,0.0819051903576562
1135.0,cctv3,C3_S010,G007,OCCUPIED,LEAVING,0.51
1135.0,cctv3,C3_S011,G008,OCCUPIED,OCCUPIED,0.7966541414911097
1135.0,cctv3,C3_S012,G009,OCCUPIED,OCCUPIED,0.8250137860124762
1136.0,cctv1,C1_S001,G001,OCCUPIED,LEAVING,0.7281095238571818
1136.0,cctv1,C1_S002,G002,EMPTY,EMPTY,0.01
1136.0,cctv1,C1_S003,G003,OCCUPIED,OCCUPIED,0.8367200450463729
1136.0,cctv1,C1_S004,G004,OCCUPIED,OCCUPIED,0.7722549309784716
1136.0,cctv1,C1_S005,G005,OCCUPIED,OCCUPIED,0.7540601122785698
1136.0,cctv1,C1_S006,G006,EMPTY,MANEUVERING,0.4824848201580636
1136.0,cctv2,C2_S001,G007,OCCUPIED,OCCUPIED,0.7424757429821925
1136.0,cctv2,C2_S002,G008,OCCUPIED,LEAVING,0.7829600819132545
1136.0,cctv2,C2_S003,G009,OCCUPIED,OCCUPIED,0.51
1136.0,cctv2,C2_S004,G010,OCCUPIED,OCCUPIED,0.7811114063317126
1136.0,cctv2,C2_S005,G001,EMPTY,EMPTY,0.01
1136.0,cctv2,C2_S006,G003,OCCUPIED,OCCUPIED,0.8182500083338131
1136.0,cctv2,C2_S007,G004,OCCUPIED,OCCUPIED,0.796263892271302
1136.0,cctv2,C2_S008,G006,OCCUPIED,OCCUPIED,0.7629617899656297
1136.0,cctv2,C2_S009,G005,OCCUPIED,OCCUPIED,0.7970395936207338
1136.0,cctv2,C2_S010,G002,EMPTY,MANEUVERING,0.2024684883789582
1136.0,cctv2,C2_S011,G017,OCCUPIED,LEAVING,0.7720261453769424
1136.0,cctv2,C2_S012,G018,OCCUPIED,LEAVING,0.7415071332183751
1136.0,cctv2,C2_S013,G019,OCCUPIED,OCCUPIED,0.8312758979472248
1136.0,cctv2,C2_S014,G020,EMPTY,EMPTY,0.01
1136.0,cctv3,C3_S001,G021,OCCUPIED,LEAVING,0.7583192795515061
1136.0,cctv3,C3_S002,G019,EMPTY,EMPTY,0.01
1136.0,cctv3,C3_S003,G020,OCCUPIED,LEAVING,0.7978542357683183
1136.0,cctv3,C3_S004,G024,OCCUPIED,OCCUPIED,0.8284802184863524
1136.0,cctv3,C3_S005,G025,OCCUPIED,OCCUPIED,0.8276398141275754
1136.0,cctv3,C3_S006,G026,OCCUPIED,OCCUPIED,0.8261197249997747
1136.0,cctv3,C3_S007,G027,EMPTY,EMPTY,0.01
1136.0,cctv3,C3_S008,G028,EMPTY,EMPTY,0.01
1136.0,cctv3,C3_S009,G029,EMPTY,MANEUVERING,0.0819051903576562
1136.0,cctv3,C3_S010,G007,OCCUPIED,OCCUPIED,0.51
1136.0,cctv3,C3_S011,G008,OCCUPIED,OCCUPIED,0.7974735807288778
1136.0,cctv3,C3_S012,G009,OCCUPIED,OCCUPIED,0.8250165828249671
1137.0,cctv1,C1_S001,G001,OCCUPIED,LEAVING,0.7265872440554879
1137.0,cctv1,C1_S002,G002,EMPTY,EMPTY,0.01
1137.0,cctv1,C1_S003,G003,OCCUPIED,OCCUPIED,0.8366700527342884
1137.0,cctv1,C1_S004,G004,OCCUPIED,OCCUPIED,0.7715895545753566
1137.0,cctv1,C1_S005,G005,OCCUPIED,OCCUPIED,0.7529141913083467
1137.0,cctv1,C1_S006,G006,EMPTY,MANEUVERING,0.49
1137.0,cctv2,C2_S001,G007,OCCUPIED,OCCUPIED,0.7441180046986451
1137.0,cctv2,C2_S002,G008,OCCUPIED,LEAVING,0.787528080154549
1137.0,cctv2,C2_S003,G009,OCCUPIED,OCCUPIED,0.51
1137.0,cctv2,C2_S004,G010,OCCUPIED,OCCUPIED,0.7822784777392041
1137.0,cctv2,C2_S005,G001,EMPTY,EMPTY,0.01
1137.0,cctv2,C2_S006,G003,OCCUPIED,OCCUPIED,0.8167953017083082
1137.0,cctv2,C2_S007,G004,OCCUPIED,OCCUPIED,0.7968442515893417
1137.0,cctv2,C2_S008,G006,OCCUPIED,OCCUPIED,0.7620168717070059
1137.0,cctv2,C2_S009,G005,OCCUPIED,OCCUPIED,0.7949956942688335
1137.0,cctv2,C2_S010,G002,EMPTY,MANEUVERING,0.2024684883789582
1137.0,cctv2,C2_S011,G017,OCCUPIED,LEAVING,0.7710152906992219
1137.0,cctv2,C2_S012,G018,OCCUPIED,LEAVING,0.7413894411379641
1137.0,cctv2,C2_S013,G019,OCCUPIED,OCCUPIED,0.8313876655968754
1137.0,cctv2,C2_S014,G020,EMPTY,EMPTY,0.01
1137.0,cctv3,C3_S001,G021,OCCUPIED,LEAVING,0.756390246207064
1137.0,cctv3,C3_S002,G019,EMPTY,EMPTY,0.01
1137.0,cctv3,C3_S003,G020,OCCUPIED,LEAVING,0.7990324952385643
1137.0,cctv3,C3_S004,G024,OCCUPIED,OCCUPIED,0.8284360985864293
1137.0,cctv3,C3_S005,G025,OCCUPIED,OCCUPIED,0.8274929014119236
1137.0,cctv3,C3_S006,G026,OCCUPIED,OCCUPIED,0.8260265434330161
1137.0,cctv3,C3_S007,G027,EMPTY,EMPTY,0.01
1137.0,cctv3,C3_S008,G028,EMPTY,EMPTY,0.01
1137.0,cctv3,C3_S009,G029,EMPTY,MANEUVERING,0.0819051903576562
1137.0,cctv3,C3_S010,G007,OCCUPIED,OCCUPIED,0.51
1137.0,cctv3,C3_S011,G008,OCCUPIED,OCCUPIED,0.7973865259777416
1137.0,cctv3,C3_S012,G009,OCCUPIED,OCCUPIED,0.8245134353637695
1138.0,cctv1,C1_S001,G001,OCCUPIED,OCCUPIED,0.7264990920370276
1138.0,cctv1,C1_S002,G002,EMPTY,EMPTY,0.01
1138.0,cctv1,C1_S003,G003,OCCUPIED,OCCUPIED,0.8367011712356047
1138.0,cctv1,C1_S004,G004,OCCUPIED,OCCUPIED,0.7726830542087556
1138.0,cctv1,C1_S005,G005,OCCUPIED,OCCUPIED,0.7529133118689061
1138.0,cctv1,C1_S006,G006,EMPTY,MANEUVERING,0.49
1138.0,cctv2,C2_S001,G007,OCCUPIED,LEAVING,0.7506016471846538
1138.0,cctv2,C2_S002,G008,OCCUPIED,LEAVING,0.7894108494574374
1138.0,cctv2,C2_S003,G009,OCCUPIED,OCCUPIED,0.51
1138.0,cctv2,C2_S004,G010,OCCUPIED,OCCUPIED,0.7835465083068068
1138.0,cctv2,C2_S005,G001,EMPTY,EMPTY,0.01
1138.0,cctv2,C2_S006,G003,OCCUPIED,OCCUPIED,0.8169226147911766
1138.0,cctv2,C2_S007,G004,OCCUPIED,OCCUPIED,0.796447085521438
1138.0,cctv2,C2_S008,G006,OCCUPIED,OCCUPIED,0.7600937176834454
1138.0,cctv2,C2_S009,G005,OCCUPIED,OCCUPIED,0.7932323621077971
1138.0,cctv2,C2_S010,G002,EMPTY,MANEUVERING,0.2024684883789582
1138.0,cctv2,C2_S011,G017,OCCUPIED,LEAVING,0.7716896110502157
1138.0,cctv2,C2_S012,G018,OCCUPIED,LEAVING,0.7419295299324122
1138.0,cctv2,C2_S013,G019,OCCUPIED,OCCUPIED,0.8315060322934932
1138.0,cctv2,C2_S014,G020,EMPTY,EMPTY,0.01
1138.0,cctv3,C3_S001,G021,OCCUPIED,LEAVING,0.7555091588334605
1138.0,cctv3,C3_S002,G019,EMPTY,EMPTY,0.01
1138.0,cctv3,C3_S003,G020,OCCUPIED,LEAVING,0.7955442588437688
1138.0,cctv3,C3_S004,G024,OCCUPIED,OCCUPIED,0.8284147855910389
1138.0,cctv3,C3_S005,G025,OCCUPIED,OCCUPIED,0.8268993423743682
1138.0,cctv3,C3_S006,G026,OCCUPIED,OCCUPIED,0.825922526554628
1138.0,cctv3,C3_S007,G027,EMPTY,EMPTY,0.01
1138.0,cctv3,C3_S008,G028,EMPTY,EMPTY,0.01
1138.0,cctv3,C3_S009,G029,EMPTY,MANEUVERING,0.0819051903576562
1138.0,cctv3,C3_S010,G007,OCCUPIED,OCCUPIED,0.51
1138.0,cctv3,C3_S011,G008,OCCUPIED,OCCUPIED,0.7969978885217147
1138.0,cctv3,C3_S012,G009,OCCUPIED,OCCUPIED,0.8241149330681021
1139.0,cctv1,C1_S001,G001,OCCUPIED,OCCUPIED,0.7263777777552606
1139.0,cctv1,C1_S002,G002,EMPTY,EMPTY,0.01
1139.0,cctv1,C1_S003,G003,OCCUPIED,OCCUPIED,0.8367534157904712
1139.0,cctv1,C1_S004,G004,OCCUPIED,OCCUPIED,0.7734153037721461
1139.0,cctv1,C1_S005,G005,OCCUPIED,OCCUPIED,0.7543085766786879
1139.0,cctv1,C1_S006,G006,EMPTY,MANEUVERING,0.49
1139.0,cctv2,C2_S001,G007,OCCUPIED,LEAVING,0.7510184352370827
1139.0,cctv2,C2_S002,G008,OCCUPIED,LEAVING,0.7930822409012102
1139.0,cctv2,C2_S003,G009,OCCUPIED,OCCUPIED,0.51
1139.0,cctv2,C2_S004,G010,OCCUPIED,OCCUPIED,0.7842212025414814
1139.0,cctv2,C2_S005,G001,EMPTY,EMPTY,0.01
1139.0,cctv2,C2_S006,G003,OCCUPIED,OCCUPIED,0.8175145620649512
1139.0,cctv2,C2_S007,G004,OCCUPIED,OCCUPIED,0.796259937232191
1139.0,cctv2,C2_S008,G006,OCCUPIED,OCCUPIED,0.7587349337610332
1139.0,cctv2,C2_S009,G005,OCCUPIED,OCCUPIED,0.7920278584415263
1139.0,cctv2,C2_S010,G002,EMPTY,MANEUVERING,0.1648691300370476
1139.0,cctv2,C2_S011,G017,OCCUPIED,LEAVING,0.7877964901924135
1139.0,cctv2,C2_S012,G018,OCCUPIED,LEAVING,0.7529068086905915
1139.0,cctv2,C2_S013,G019,OCCUPIED,OCCUPIED,0.8314477113160221
1139.0,cctv2,C2_S014,G020,EMPTY,EMPTY,0.01
1139.0,cctv3,C3_S001,G021,OCCUPIED,LEAVING,0.7561850267377768
1139.0,cctv3,C3_S002,G019,EMPTY,EMPTY,0.01
1139.0,cctv3,C3_S003,G020,OCCUPIED,LEAVING,0.7971238515593789
1139.0,cctv3,C3_S004,G024,OCCUPIED,OCCUPIED,0.8283545098521493
1139.0,cctv3,C3_S005,G025,OCCUPIED,OCCUPIED,0.8263210873712193
1139.0,cctv3,C3_S006,G026,OCCUPIED,OCCUPIED,0.8258803524754265
1139.0,cctv3,C3_S007,G027,EMPTY,EMPTY,0.01
1139.0,cctv3,C3_S008,G028,EMPTY,EMPTY,0.01
1139.0,cctv3,C3_S009,G029,EMPTY,MANEUVERING,0.0819051903576562
1139.0,cctv3,C3_S010,G007,OCCUPIED,OCCUPIED,0.51
1139.0,cctv3,C3_S011,G008,OCCUPIED,OCCUPIED,0.7970678063956175
1139.0,cctv3,C3_S012,G009,OCCUPIED,OCCUPIED,0.8235408436168324
1140.0,cctv1,C1_S001,G001,OCCUPIED,OCCUPIED,0.7270104769278657
1140.0,cctv1,C1_S002,G002,EMPTY,EMPTY,0.01
1140.0,cctv1,C1_S003,G003,OCCUPIED,OCCUPIED,0.8367673267017712
1140.0,cctv1,C1_S004,G004,OCCUPIED,OCCUPIED,0.7743909885937518
1140.0,cctv1,C1_S005,G005,OCCUPIED,OCCUPIED,0.7551127480512316
1140.0,cctv1,C1_S006,G006,EMPTY,MANEUVERING,0.4618069842999631
1140.0,cctv2,C2_S001,G007,OCCUPIED,LEAVING,0.7524700036780402
1140.0,cctv2,C2_S002,G008,OCCUPIED,LEAVING,0.7951985184441914
1140.0,cctv2,C2_S003,G009,OCCUPIED,OCCUPIED,0.5116524347121065
1140.0,cctv2,C2_S004,G010,OCCUPIED,OCCUPIED,0.7851845496080139
1140.0,cctv2,C2_S005,G001,EMPTY,EMPTY,0.01
1140.0,cctv2,C2_S006,G003,OCCUPIED,OCCUPIED,0.8171405467120084
1140.0,cctv2,C2_S007,G004,OCCUPIED,OCCUPIED,0.7960154490037399
1140.0,cctv2,C2_S008,G006,OCCUPIED,OCCUPIED,0.7581313501704824
1140.0,cctv2,C2_S009,G005,OCCUPIED,OCCUPIED,0.7885539149696177
1140.0,cctv2,C2_S010,G002,EMPTY,MANEUVERING,0.1648691300370476
1140.0,cctv2,C2_S011,G017,OCCUPIED,LEAVING,0.7857996546680278
1140.0,cctv2,C2_S012,G018,OCCUPIED,LEAVING,0.7511608812212945
1140.0,cctv2,C2_S013,G019,OCCUPIED,OCCUPIED,0.8316910169341348
1140.0,cctv2,C2_S014,G020,EMPTY,EMPTY,0.01
1140.0,cctv3,C3_S001,G021,OCCUPIED,LEAVING,0.7545024075291374
1140.0,cctv3,C3_S002,G019,EMPTY,EMPTY,0.01
1140.0,cctv3,C3_S003,G020,OCCUPIED,LEAVING,0.796731127392162
1140.0,cctv3,C3_S004,G024,OCCUPIED,OCCUPIED,0.8282298302108592
1140.0,cctv3,C3_S005,G025,OCCUPIED,OCCUPIED,0.82619104412469
1140.0,cctv3,C3_S006,G026,OCCUPIED,OCCUPIED,0.825892341949723
1140.0,cctv3,C3_S007,G027,EMPTY,EMPTY,0.01
1140.0,cctv3,C3_S008,G028,EMPTY,EMPTY,0.01
1140.0,cctv3,C3_S009,G029,EMPTY,MANEUVERING,0.0819051903576562
1140.0,cctv3,C3_S010,G007,OCCUPIED,OCCUPIED,0.51
1140.0,cctv3,C3_S011,G008,OCCUPIED,OCCUPIED,0.7976732419295745
1140.0,cctv3,C3_S012,G009,OCCUPIED,OCCUPIED,0.8235383524136111
1141.0,cctv1,C1_S001,G001,OCCUPIED,OCCUPIED,0.7290869328108701
1141.0,cctv1,C1_S002,G002,EMPTY,EMPTY,0.01
1141.0,cctv1,C1_S003,G003,OCCUPIED,OCCUPIED,0.8367905204946345
1141.0,cctv1,C1_S004,G004,OCCUPIED,OCCUPIED,0.77413870529695
1141.0,cctv1,C1_S005,G005,OCCUPIED,OCCUPIED,0.7553562999448994
1141.0,cctv1,C1_S006,G006,EMPTY,MANEUVERING,0.4627471540665084
1141.0,cctv2,C2_S001,G007,OCCUPIED,LEAVING,0.754325331137939
1141.0,cctv2,C2_S002,G008,OCCUPIED,LEAVING,0.7982565878467127
1141.0,cctv2,C2_S003,G009,OCCUPIED,OCCUPIED,0.5488692971115763
1141.0,cctv2,C2_S004,G010,OCCUPIED,OCCUPIED,0.7848977166143332
1141.0,cctv2,C2_S005,G001,EMPTY,EMPTY,0.01
1141.0,cctv2,C2_S006,G003,OCCUPIED,OCCUPIED,0.8178482231768696
1141.0,cctv2,C2_S007,G004,OCCUPIED,OCCUPIED,0.7969004853205248
1141.0,cctv2,C2_S008,G006,OCCUPIED,OCCUPIED,0.7571441631425512
1141.0,cctv2,C2_S009,G005,OCCUPIED,OCCUPIED,0.7878207095644691
1141.0,cctv2,C2_S010,G002,EMPTY,MANEUVERING,0.1836638227917931
1141.0,cctv2,C2_S011,G017,OCCUPIED,LEAVING,0.785156371132894
1141.0,cctv2,C2_S012,G018,OCCUPIED,LEAVING,0.7515507354248655
1141.0,cctv2,C2_S013,G019,OCCUPIED,OCCUPIED,0.8317589247768576
1141.0,cctv2,C2_S014,G020,EMPTY,EMPTY,0.01
1141.0,cctv3,C3_S001,G021,OCCUPIED,LEAVING,0.7540092508901249
1141.0,cctv3,C3_S002,G019,EMPTY,EMPTY,0.01
1141.0,cctv3,C3_S003,G020,OCCUPIED,LEAVING,0.7978660000996157
1141.0,cctv3,C3_S004,G024,OCCUPIED,OCCUPIED,0.828065019033172
1141.0,cctv3,C3_S005,G025,OCCUPIED,OCCUPIED,0.8258725448088213
1141.0,cctv3,C3_S006,G026,OCCUPIED,OCCUPIED,0.8257574886083603
1141.0,cctv3,C3_S007,G027,EMPTY,EMPTY,0.01
1141.0,cctv3,C3_S008,G028,EMPTY,EMPTY,0.01
1141.0,cctv3,C3_S009,G029,EMPTY,EMPTY,0.01
1141.0,cctv3,C3_S010,G007,OCCUPIED,OCCUPIED,0.51
1141.0,cctv3,C3_S011,G008,OCCUPIED,OCCUPIED,0.7976261976090345
1141.0,cctv3,C3_S012,G009,OCCUPIED,OCCUPIED,0.8230982848189095
1142.0,cctv1,C1_S001,G001,OCCUPIED,OCCUPIED,0.7298039744523439
1142.0,cctv1,C1_S002,G002,EMPTY,EMPTY,0.01
1142.0,cctv1,C1_S003,G003,OCCUPIED,OCCUPIED,0.8367415108463981
1142.0,cctv1,C1_S004,G004,OCCUPIED,OCCUPIED,0.7734850269826976
1142.0,cctv1,C1_S005,G005,OCCUPIED,OCCUPIED,0.7531068881126968
1142.0,cctv1,C1_S006,G006,EMPTY,MANEUVERING,0.3817848555201834
1142.0,cctv2,C2_S001,G007,OCCUPIED,LEAVING,0.753815190426328
1142.0,cctv2,C2_S002,G008,OCCUPIED,LEAVING,0.7991536941040647
1142.0,cctv2,C2_S003,G009,OCCUPIED,OCCUPIED,0.5500609820877964
1142.0,cctv2,C2_S004,G010,OCCUPIED,OCCUPIED,0.7822566864165393
1142.0,cctv2,C2_S005,G001,EMPTY,EMPTY,0.01
1142.0,cctv2,C2_S006,G003,OCCUPIED,OCCUPIED,0.8171923304145987
1142.0,cctv2,C2_S007,G004,OCCUPIED,OCCUPIED,0.7979116261005402
1142.0,cctv2,C2_S008,G006,OCCUPIED,OCCUPIED,0.7562160663984039
1142.0,cctv2,C2_S009,G005,OCCUPIED,OCCUPIED,0.7867113877426495
1142.0,cctv2,C2_S010,G002,EMPTY,MANEUVERING,0.1836638227917931
1142.0,cctv2,C2_S011,G017,OCCUPIED,LEAVING,0.783889345174486
1142.0,cctv2,C2_S012,G018,OCCUPIED,LEAVING,0.7489214285124433
1142.0,cctv2,C2_S013,G019,OCCUPIED,OCCUPIED,0.831945550441742
1142.0,cctv2,C2_S014,G020,EMPTY,EMPTY,0.01
1142.0,cctv3,C3_S001,G021,OCCUPIED,LEAVING,0.7581642368977721
1142.0,cctv3,C3_S002,G019,EMPTY,EMPTY,0.01
1142.0,cctv3,C3_S003,G020,OCCUPIED,LEAVING,0.7993749401786111
1142.0,cctv3,C3_S004,G024,OCCUPIED,OCCUPIED,0.8279419405893846
1142.0,cctv3,C3_S005,G025,OCCUPIED,OCCUPIED,0.8259742761200125
1142.0,cctv3,C3_S006,G026,OCCUPIED,OCCUPIED,0.8256057844920592
1142.0,cctv3,C3_S007,G027,EMPTY,EMPTY,0.01
1142.0,cctv3,C3_S008,G028,EMPTY,EMPTY,0.01
1142.0,cctv3,C3_S009,G029,EMPTY,EMPTY,0.01
1142.0,cctv3,C3_S010,G007,EMPTY,EMPTY,0.2286529861977606
1142.0,cctv3,C3_S011,G008,OCCUPIED,OCCUPIED,0.797461078383706
1142.0,cctv3,C3_S012,G009,OCCUPIED,OCCUPIED,0.8222565759312024
1143.0,cctv1,C1_S001,G001,OCCUPIED,OCCUPIED,0.7309292936189609
1143.0,cctv1,C1_S002,G002,EMPTY,EMPTY,0.01
1143.0,cctv1,C1_S003,G003,OCCUPIED,OCCUPIED,0.8369311917911877
1143.0,cctv1,C1_S004,G004,OCCUPIED,OCCUPIED,0.7739459950815548
1143.0,cctv1,C1_S005,G005,OCCUPIED,OCCUPIED,0.7523839068006386
1143.0,cctv1,C1_S006,G006,EMPTY,MANEUVERING,0.3817848555201834
1143.0,cctv2,C2_S001,G007,OCCUPIED,LEAVING,0.7558688465167176
1143.0,cctv2,C2_S002,G008,OCCUPIED,LEAVING,0.803840957581997
1143.0,cctv2,C2_S003,G009,OCCUPIED,OCCUPIED,0.5870910041808308
1143.0,cctv2,C2_S004,G010,OCCUPIED,OCCUPIED,0.7813655525445938
1143.0,cctv2,C2_S005,G001,EMPTY,EMPTY,0.01
1143.0,cctv2,C2_S006,G003,OCCUPIED,OCCUPIED,0.8176813149994071
1143.0,cctv2,C2_S007,G004,OCCUPIED,OCCUPIED,0.7983395571058447
1143.0,cctv2,C2_S008,G006,OCCUPIED,OCCUPIED,0.7561147634278644
1143.0,cctv2,C2_S009,G005,OCCUPIED,OCCUPIED,0.7878907851197503
1143.0,cctv2,C2_S010,G002,EMPTY,MANEUVERING,0.1836638227917931
1143.0,cctv2,C2_S011,G017,OCCUPIED,LEAVING,0.7845555831356483
1143.0,cctv2,C2_S012,G018,OCCUPIED,LEAVING,0.7510103410211477
1143.0,cctv2,C2_S013,G019,OCCUPIED,OCCUPIED,0.8319141848520799
1143.0,cctv2,C2_S014,G020,EMPTY,EMPTY,0.01
1143.0,cctv3,C3_S001,G021,OCCUPIED,LEAVING,0.7540935787287626
1143.0,cctv3,C3_S002,G019,EMPTY,EMPTY,0.01
1143.0,cctv3,C3_S003,G020,OCCUPIED,LEAVING,0.7967436224222184
1143.0,cctv3,C3_S004,G024,OCCUPIED,OCCUPIED,0.827804158763452
1143.0,cctv3,C3_S005,G025,OCCUPIED,OCCUPIED,0.8255272949283774
1143.0,cctv3,C3_S006,G026,OCCUPIED,OCCUPIED,0.8255023576996544
1143.0,cctv3,C3_S007,G027,EMPTY,EMPTY,0.01
1143.0,cctv3,C3_S008,G028,EMPTY,EMPTY,0.01
1143.0,cctv3,C3_S009,G029,EMPTY,EMPTY,0.01
1143.0,cctv3,C3_S010,G007,EMPTY,EMPTY,0.01
1143.0,cctv3,C3_S011,G008,OCCUPIED,OCCUPIED,0.797639447721568
1143.0,cctv3,C3_S012,G009,OCCUPIED,OCCUPIED,0.8222908675670624
1144.0,cctv1,C1_S001,G001,OCCUPIED,OCCUPIED,0.7322578846053645
1144.0,cctv1,C1_S002,G002,EMPTY,EMPTY,0.01
1144.0,cctv1,C1_S003,G003,OCCUPIED,OCCUPIED,0.8369409070773559
1144.0,cctv1,C1_S004,G004,OCCUPIED,OCCUPIED,0.7736232972957872
1144.0,cctv1,C1_S005,G005,OCCUPIED,OCCUPIED,0.7493943438611248
1144.0,cctv1,C1_S006,G006,EMPTY,MANEUVERING,0.4629458610510284
1144.0,cctv2,C2_S001,G007,OCCUPIED,LEAVING,0.7575841283256358
1144.0,cctv2,C2_S002,G008,OCCUPIED,LEAVING,0.8057812436060473
1144.0,cctv2,C2_S003,G009,OCCUPIED,OCCUPIED,0.6222486130808565
1144.0,cctv2,C2_S004,G010,OCCUPIED,OCCUPIED,0.7825066581368447
1144.0,cctv2,C2_S005,G001,EMPTY,EMPTY,0.01
1144.0,cctv2,C2_S006,G003,OCCUPIED,OCCUPIED,0.8179704847660932
1144.0,cctv2,C2_S007,G004,OCCUPIED,OCCUPIED,0.7985951025377621
1144.0,cctv2,C2_S008,G006,OCCUPIED,OCCUPIED,0.7563263791528616
1144.0,cctv2,C2_S009,G005,OCCUPIED,OCCUPIED,0.7880565781484952
1144.0,cctv2,C2_S010,G002,EMPTY,MANEUVERING,0.1836638227917931
1144.0,cctv2,C2_S011,G017,OCCUPIED,LEAVING,0.7835587198354982
1144.0,cctv2,C2_S012,G018,OCCUPIED,LEAVING,0.7510241060365331
1144.0,cctv2,C2_S013,G019,OCCUPIED,OCCUPIED,0.8319922704588284
1144.0,cctv2,C2_S014,G020,EMPTY,EMPTY,0.01
1144.0,cctv3,C3_S001,G021,OCCUPIED,LEAVING,0.7573919065973976
1144.0,cctv3,C3_S002,G019,EMPTY,EMPTY,0.01
1144.0,cctv3,C3_S003,G020,OCCUPIED,LEAVING,0.7977035321972588
1144.0,cctv3,C3_S004,G024,OCCUPIED,OCCUPIED,0.8279745424335654
1144.0,cctv3,C3_S005,G025,OCCUPIED,OCCUPIED,0.8253325819969177
1144.0,cctv3,C3_S006,G026,OCCUPIED,OCCUPIED,0.825353261015632
1144.0,cctv3,C3_S007,G027,EMPTY,EMPTY,0.01
1144.0,cctv3,C3_S008,G028,EMPTY,EMPTY,0.01
1144.0,cctv3,C3_S009,G029,EMPTY,EMPTY,0.01
1144.0,cctv3,C3_S010,G007,EMPTY,EMPTY,0.01
1144.0,cctv3,C3_S011,G008,OCCUPIED,OCCUPIED,0.7974722916429694
1144.0,cctv3,C3_S012,G009,OCCUPIED,OCCUPIED,0.8219382586804304
1145.0,cctv1,C1_S001,G001,OCCUPIED,OCCUPIED,0.7317680563439023
1145.0,cctv1,C1_S002,G002,EMPTY,EMPTY,0.01
1145.0,cctv1,C1_S003,G003,OCCUPIED,OCCUPIED,0.8368332123214549
1145.0,cctv1,C1_S004,G004,OCCUPIED,OCCUPIED,0.7737641579725526
1145.0,cctv1,C1_S005,G005,OCCUPIED,OCCUPIED,0.7472016343338924
1145.0,cctv1,C1_S006,G006,EMPTY,MANEUVERING,0.49
1145.0,cctv2,C2_S001,G007,OCCUPIED,LEAVING,0.7583823679523035
1145.0,cctv2,C2_S002,G008,OCCUPIED,LEAVING,0.8086781333793294
1145.0,cctv2,C2_S003,G009,OCCUPIED,OCCUPIED,0.6596124623535258
1145.0,cctv2,C2_S004,G010,OCCUPIED,OCCUPIED,0.7856341016563503
1145.0,cctv2,C2_S005,G001,EMPTY,EMPTY,0.01
1145.0,cctv2,C2_S006,G003,OCCUPIED,OCCUPIED,0.8181665607474068
1145.0,cctv2,C2_S007,G004,OCCUPIED,OCCUPIED,0.7980856185609645
1145.0,cctv2,C2_S008,G006,OCCUPIED,OCCUPIED,0.7567804117094388
1145.0,cctv2,C2_S009,G005,OCCUPIED,OCCUPIED,0.7854477153583007
1145.0,cctv2,C2_S010,G002,EMPTY,MANEUVERING,0.236060789688067
1145.0,cctv2,C2_S011,G017,OCCUPIED,LEAVING,0.7676511048457839
1145.0,cctv2,C2_S012,G018,OCCUPIED,LEAVING,0.7405032965811816
1145.0,cctv2,C2_S013,G019,OCCUPIED,OCCUPIED,0.8319813880053434
1145.0,cctv2,C2_S014,G020,EMPTY,EMPTY,0.01
1145.0,cctv3,C3_S001,G021,OCCUPIED,LEAVING,0.7585532104427165
1145.0,cctv3,C3_S002,G019,EMPTY,EMPTY,0.01
1145.0,cctv3,C3_S003,G020,OCCUPIED,LEAVING,0.7992029333656485
1145.0,cctv3,C3_S004,G024,OCCUPIED,OCCUPIED,0.8279120648449119
1145.0,cctv3,C3_S005,G025,OCCUPIED,OCCUPIED,0.8255812406539917
1145.0,cctv3,C3_S006,G026,OCCUPIED,OCCUPIED,0.825494533777237
1145.0,cctv3,C3_S007,G027,EMPTY,EMPTY,0.01
1145.0,cctv3,C3_S008,G028,EMPTY,EMPTY,0.01
1145.0,cctv3,C3_S009,G029,EMPTY,EMPTY,0.01
1145.0,cctv3,C3_S010,G007,EMPTY,MANEUVERING,0.2749777747284282
1145.0,cctv3,C3_S011,G008,OCCUPIED,OCCUPIED,0.7975927008823915
1145.0,cctv3,C3_S012,G009,OCCUPIED,OCCUPIED,0.8214779948646372
1146.0,cctv1,C1_S001,G001,OCCUPIED,OCCUPIED,0.7324286907233976
1146.0,cctv1,C1_S002,G002,EMPTY,EMPTY,0.01
1146.0,cctv1,C1_S003,G003,OCCUPIED,OCCUPIED,0.8369357718662782
1146.0,cctv1,C1_S004,G004,OCCUPIED,OCCUPIED,0.7752128194678914
1146.0,cctv1,C1_S005,G005,OCCUPIED,OCCUPIED,0.7493294880471447
1146.0,cctv1,C1_S006,G006,EMPTY,MANEUVERING,0.49
1146.0,cctv2,C2_S001,G007,OCCUPIED,LEAVING,0.758314660056071
1146.0,cctv2,C2_S002,G008,OCCUPIED,LEAVING,0.8121427817778154
1146.0,cctv2,C2_S003,G009,OCCUPIED,OCCUPIED,0.6958367100019347
1146.0,cctv2,C2_S004,G010,OCCUPIED,OCCUPIED,0.7885132799094374
1146.0,cctv2,C2_S005,G001,EMPTY,EMPTY,0.01
1146.0,cctv2,C2_S006,G003,OCCUPIED,OCCUPIED,0.8184252533045683
1146.0,cctv2,C2_S007,G004,OCCUPIED,OCCUPIED,0.7979188973253424
1146.0,cctv2,C2_S008,G006,OCCUPIED,OCCUPIED,0.7558542164889249
1146.0,cctv2,C2_S009,G005,OCCUPIED,OCCUPIED,0.7844541324810549
1146.0,cctv2,C2_S010,G002,EMPTY,MANEUVERING,0.236060789688067
1146.0,cctv2,C2_S011,G017,OCCUPIED,LEAVING,0.7673805195364085
1146.0,cctv2,C2_S012,G018,OCCUPIED,LEAVING,0.7404553781043399
1146.0,cctv2,C2_S013,G019,OCCUPIED,OCCUPIED,0.8321192754940554
1146.0,cctv2,C2_S014,G020,EMPTY,EMPTY,0.01
1146.0,cctv3,C3_S001,G021,OCCUPIED,LEAVING,0.7591137994419446
1146.0,cctv3,C3_S002,G019,EMPTY,EMPTY,0.01
1146.0,cctv3,C3_S003,G020,OCCUPIED,LEAVING,0.8006266352805225
1146.0,cctv3,C3_S004,G024,OCCUPIED,OCCUPIED,0.8280415318228982
1146.0,cctv3,C3_S005,G025,OCCUPIED,OCCUPIED,0.8257144846699456
1146.0,cctv3,C3_S006,G026,OCCUPIED,OCCUPIED,0.8254340832883662
1146.0,cctv3,C3_S007,G027,EMPTY,EMPTY,0.01
1146.0,cctv3,C3_S008,G028,EMPTY,EMPTY,0.01
1146.0,cctv3,C3_S009,G029,EMPTY,EMPTY,0.01
1146.0,cctv3,C3_S010,G007,EMPTY,MANEUVERING,0.2749777747284282
1146.0,cctv3,C3_S011,G008,OCCUPIED,OCCUPIED,0.7976791988719594
1146.0,cctv3,C3_S012,G009,OCCUPIED,OCCUPIED,0.8211432039737702
1147.0,cctv1,C1_S001,G001,OCCUPIED,OCCUPIED,0.7325649908320471
1147.0,cctv1,C1_S002,G002,EMPTY,EMPTY,0.01
1147.0,cctv1,C1_S003,G003,OCCUPIED,OCCUPIED,0.8369152407754552
1147.0,cctv1,C1_S004,G004,OCCUPIED,OCCUPIED,0.7761536774310199
1147.0,cctv1,C1_S005,G005,OCCUPIED,OCCUPIED,0.7498978239568798
1147.0,cctv1,C1_S006,G006,EMPTY,MANEUVERING,0.49
1147.0,cctv2,C2_S001,G007,OCCUPIED,LEAVING,0.7599347492510623
1147.0,cctv2,C2_S002,G008,OCCUPIED,LEAVING,0.8161506612192502
1147.0,cctv2,C2_S003,G009,OCCUPIED,OCCUPIED,0.7320442458445376
1147.0,cctv2,C2_S004,G010,OCCUPIED,OCCUPIED,0.7941066171635282
1147.0,cctv2,C2_S005,G001,EMPTY,EMPTY,0.01
1147.0,cctv2,C2_S006,G003,OCCUPIED,OCCUPIED,0.8188656183806333
1147.0,cctv2,C2_S007,G004,OCCUPIED,OCCUPIED,0.7978129330006514
1147.0,cctv2,C2_S008,G006,OCCUPIED,OCCUPIED,0.7557893736795946
1147.0,cctv2,C2_S009,G005,OCCUPIED,OCCUPIED,0.7834561824798585
1147.0,cctv2,C2_S010,G002,EMPTY,MANEUVERING,0.3316561585122888
1147.0,cctv2,C2_S011,G017,OCCUPIED,LEAVING,0.7534184952486646
1147.0,cctv2,C2_S012,G018,OCCUPIED,LEAVING,0.7283140803738075
1147.0,cctv2,C2_S013,G019,OCCUPIED,OCCUPIED,0.8320803200656718
1147.0,cctv2,C2_S014,G020,EMPTY,EMPTY,0.01
1147.0,cctv3,C3_S001,G021,OCCUPIED,LEAVING,0.7583183411847462
1147.0,cctv3,C3_S002,G019,EMPTY,EMPTY,0.01
1147.0,cctv3,C3_S003,G020,OCCUPIED,LEAVING,0.8003089308738709
1147.0,cctv3,C3_S004,G024,OCCUPIED,OCCUPIED,0.8279573567888954
1147.0,cctv3,C3_S005,G025,OCCUPIED,OCCUPIED,0.8258830241181634
1147.0,cctv3,C3_S006,G026,OCCUPIED,OCCUPIED,0.8253593715754423
1147.0,cctv3,C3_S007,G027,EMPTY,EMPTY,0.01
1147.0,cctv3,C3_S008,G028,EMPTY,EMPTY,0.01
1147.0,cctv3,C3_S009,G029,EMPTY,EMPTY,0.01
1147.0,cctv3,C3_S010,G007,EMPTY,MANEUVERING,0.2749777747284282
1147.0,cctv3,C3_S011,G008,OCCUPIED,OCCUPIED,0.7989340866153891
1147.0,cctv3,C3_S012,G009,OCCUPIED,OCCUPIED,0.8205045716329055
1148.0,cctv1,C1_S001,G001,OCCUPIED,OCCUPIED,0.7342066071927548
1148.0,cctv1,C1_S002,G002,EMPTY,EMPTY,0.01
1148.0,cctv1,C1_S003,G003,OCCUPIED,OCCUPIED,0.8368547211993825
1148.0,cctv1,C1_S004,G004,OCCUPIED,OCCUPIED,0.7763013330372898
1148.0,cctv1,C1_S005,G005,OCCUPIED,OCCUPIED,0.7502779441800985
1148.0,cctv1,C1_S006,G006,EMPTY,MANEUVERING,0.49
1148.0,cctv2,C2_S001,G007,OCCUPIED,LEAVING,0.7614273372021589
1148.0,cctv2,C2_S002,G008,OCCUPIED,LEAVING,0.8161391114646739
1148.0,cctv2,C2_S003,G009,OCCUPIED,OCCUPIED,0.7372526497326115
1148.0,cctv2,C2_S004,G010,OCCUPIED,OCCUPIED,0.7933361363681881
1148.0,cctv2,C2_S005,G001,EMPTY,EMPTY,0.01
1148.0,cctv2,C2_S006,G003,OCCUPIED,OCCUPIED,0.8203304653817958
1148.0,cctv2,C2_S007,G004,OCCUPIED,OCCUPIED,0.7972061197866094
1148.0,cctv2,C2_S008,G006,OCCUPIED,OCCUPIED,0.7564590940421279
1148.0,cctv2,C2_S009,G005,OCCUPIED,OCCUPIED,0.7841311221772975
1148.0,cctv2,C2_S010,G002,EMPTY,MANEUVERING,0.3316561585122888
1148.0,cctv2,C2_S011,G017,OCCUPIED,LEAVING,0.7539502212405206
1148.0,cctv2,C2_S012,G018,OCCUPIED,LEAVING,0.7297732878273184
1148.0,cctv2,C2_S013,G019,OCCUPIED,OCCUPIED,0.8321206881241365
1148.0,cctv2,C2_S014,G020,EMPTY,EMPTY,0.01
1148.0,cctv3,C3_S001,G021,OCCUPIED,LEAVING,0.7586655844341625
1148.0,cctv3,C3_S002,G019,EMPTY,EMPTY,0.01
1148.0,cctv3,C3_S003,G020,OCCUPIED,LEAVING,0.8022872469641946
1148.0,cctv3,C3_S004,G024,OCCUPIED,OCCUPIED,0.8279220613566313
1148.0,cctv3,C3_S005,G025,OCCUPIED,OCCUPIED,0.8259145969694311
1148.0,cctv3,C3_S006,G026,OCCUPIED,OCCUPIED,0.8254908632148397
1148.0,cctv3,C3_S007,G027,EMPTY,EMPTY,0.01
1148.0,cctv3,C3_S008,G028,EMPTY,EMPTY,0.01
1148.0,cctv3,C3_S009,G029,EMPTY,EMPTY,0.01
1148.0,cctv3,C3_S010,G007,EMPTY,MANEUVERING,0.2749777747284282
1148.0,cctv3,C3_S011,G008,OCCUPIED,OCCUPIED,0.7993406607346102
1148.0,cctv3,C3_S012,G009,OCCUPIED,OCCUPIED,0.8202578254721382
1149.0,cctv1,C1_S001,G001,OCCUPIED,OCCUPIED,0.7340771729295905
1149.0,cctv1,C1_S002,G002,EMPTY,EMPTY,0.01
1149.0,cctv1,C1_S003,G003,OCCUPIED,OCCUPIED,0.8369338805025275
1149.0,cctv1,C1_S004,G004,OCCUPIED,OCCUPIED,0.7748969901691785
1149.0,cctv1,C1_S005,G005,OCCUPIED,OCCUPIED,0.7505568325519563
1149.0,cctv1,C1_S006,G006,EMPTY,MANEUVERING,0.49
1149.0,cctv2,C2_S001,G007,OCCUPIED,LEAVING,0.7530477909201926
1149.0,cctv2,C2_S002,G008,OCCUPIED,LEAVING,0.8153306473385205
1149.0,cctv2,C2_S003,G009,OCCUPIED,OCCUPIED,0.741200814260678
1149.0,cctv2,C2_S004,G010,OCCUPIED,OCCUPIED,0.7929412046616728
1149.0,cctv2,C2_S005,G001,EMPTY,EMPTY,0.01
1149.0,cctv2,C2_S006,G003,OCCUPIED,OCCUPIED,0.8209911186586727
1149.0,cctv2,C2_S007,G004,OCCUPIED,OCCUPIED,0.7970095187425614
1149.0,cctv2,C2_S008,G006,OCCUPIED,OCCUPIED,0.7564777890389617
1149.0,cctv2,C2_S009,G005,OCCUPIED,OCCUPIED,0.78360293507576
1149.0,cctv2,C2_S010,G002,EMPTY,MANEUVERING,0.3790929863127795
1149.0,cctv2,C2_S011,G017,OCCUPIED,LEAVING,0.7387277631326157
1149.0,cctv2,C2_S012,G018,OCCUPIED,LEAVING,0.7196797331354836
1149.0,cctv2,C2_S013,G019,OCCUPIED,OCCUPIED,0.8321440818634901
1149.0,cctv2,C2_S014,G020,EMPTY,EMPTY,0.01
1149.0,cctv3,C3_S001,G021,OCCUPIED,LEAVING,0.7583202983845364
1149.0,cctv3,C3_S002,G019,EMPTY,EMPTY,0.01
1149.0,cctv3,C3_S003,G020,OCCUPIED,LEAVING,0.8054606009613384
1149.0,cctv3,C3_S004,G024,OCCUPIED,OCCUPIED,0.8279153086922386
1149.0,cctv3,C3_S005,G025,OCCUPIED,OCCUPIED,0.8266254229979082
1149.0,cctv3,C3_S006,G026,OCCUPIED,OCCUPIED,0.8255487908016552
1149.0,cctv3,C3_S007,G027,EMPTY,EMPTY,0.01
1149.0,cctv3,C3_S008,G028,EMPTY,EMPTY,0.01
1149.0,cctv3,C3_S009,G029,EMPTY,EMPTY,0.01
1149.0,cctv3,C3_S010,G007,EMPTY,MANEUVERING,0.3104750531099059
1149.0,cctv3,C3_S011,G008,OCCUPIED,OCCUPIED,0.7986650082198057
1149.0,cctv3,C3_S012,G009,OCCUPIED,OCCUPIED,0.8203880515965549
1150.0,cctv1,C1_S001,G001,OCCUPIED,OCCUPIED,0.7318102374334228
1150.0,cctv1,C1_S002,G002,EMPTY,EMPTY,0.01
1150.0,cctv1,C1_S003,G003,OCCUPIED,OCCUPIED,0.8367839547720823
1150.0,cctv1,C1_S004,G004,OCCUPIED,OCCUPIED,0.7732212483882904
1150.0,cctv1,C1_S005,G005,OCCUPIED,OCCUPIED,0.7500707114284689
1150.0,cctv1,C1_S006,G006,EMPTY,MANEUVERING,0.49
1150.0,cctv2,C2_S001,G007,OCCUPIED,LEAVING,0.7526900098405102
1150.0,cctv2,C2_S002,G008,OCCUPIED,OCCUPIED,0.8132012602957813
1150.0,cctv2,C2_S003,G009,OCCUPIED,OCCUPIED,0.6609815609861505
1150.0,cctv2,C2_S004,G010,OCCUPIED,OCCUPIED,0.7913786829872566
1150.0,cctv2,C2_S005,G001,EMPTY,EMPTY,0.01
1150.0,cctv2,C2_S006,G003,OCCUPIED,OCCUPIED,0.8207734232599085
1150.0,cctv2,C2_S007,G004,OCCUPIED,OCCUPIED,0.7957985972816295
1150.0,cctv2,C2_S008,G006,OCCUPIED,OCCUPIED,0.7584870663556187
1150.0,cctv2,C2_S009,G005,OCCUPIED,OCCUPIED,0.7848440809683367
1150.0,cctv2,C2_S010,G002,EMPTY,MANEUVERING,0.3790929863127795
1150.0,cctv2,C2_S011,G017,OCCUPIED,LEAVING,0.7379800420999528
1150.0,cctv2,C2_S012,G018,OCCUPIED,LEAVING,0.7192676206610421
1150.0,cctv2,C2_S013,G019,OCCUPIED,OCCUPIED,0.8321501542221417
1150.0,cctv2,C2_S014,G020,EMPTY,EMPTY,0.01
1150.0,cctv3,C3_S001,G021,OCCUPIED,LEAVING,0.7571890385313468
1150.0,cctv3,C3_S002,G019,EMPTY,EMPTY,0.01
1150.0,cctv3,C3_S003,G020,OCCUPIED,LEAVING,0.8038237065076829
1150.0,cctv3,C3_S004,G024,OCCUPIED,OCCUPIED,0.828078015555035
1150.0,cctv3,C3_S005,G025,OCCUPIED,OCCUPIED,0.8270843814719808
1150.0,cctv3,C3_S006,G026,OCCUPIED,OCCUPIED,0.8253313156691465
1150.0,cctv3,C3_S007,G027,EMPTY,EMPTY,0.01
1150.0,cctv3,C3_S008,G028,EMPTY,EMPTY,0.01
1150.0,cctv3,C3_S009,G029,EMPTY,EMPTY,0.01
1150.0,cctv3,C3_S010,G007,EMPTY,MANEUVERING,0.3104750531099059
1150.0,cctv3,C3_S011,G008,OCCUPIED,OCCUPIED,0.7985180036588149
1150.0,cctv3,C3_S012,G009,OCCUPIED,OCCUPIED,0.8207411245866256
1151.0,cctv1,C1_S001,G001,OCCUPIED,OCCUPIED,0.730371632393111
1151.0,cctv1,C1_S002,G002,EMPTY,EMPTY,0.01
1151.0,cctv1,C1_S003,G003,OCCUPIED,OCCUPIED,0.8369110524654388
1151.0,cctv1,C1_S004,G004,OCCUPIED,OCCUPIED,0.7733027981086211
1151.0,cctv1,C1_S005,G005,OCCUPIED,OCCUPIED,0.7475876600904899
1151.0,cctv1,C1_S006,G006,EMPTY,MANEUVERING,0.49
1151.0,cctv2,C2_S001,G007,OCCUPIED,LEAVING,0.7518671796403149
1151.0,cctv2,C2_S002,G008,OCCUPIED,OCCUPIED,0.8150262938304381
1151.0,cctv2,C2_S003,G009,OCCUPIED,OCCUPIED,0.6608569160510194
1151.0,cctv2,C2_S004,G010,OCCUPIED,OCCUPIED,0.7918832885948095
1151.0,cctv2,C2_S005,G001,EMPTY,EMPTY,0.01
1151.0,cctv2,C2_S006,G003,OCCUPIED,OCCUPIED,0.8211473166942597
1151.0,cctv2,C2_S007,G004,OCCUPIED,OCCUPIED,0.7960305547172374
1151.0,cctv2,C2_S008,G006,OCCUPIED,OCCUPIED,0.7576309109275992
1151.0,cctv2,C2_S009,G005,OCCUPIED,OCCUPIED,0.7863008618354798
1151.0,cctv2,C2_S010,G002,EMPTY,MANEUVERING,0.3340929863127795
1151.0,cctv2,C2_S011,G017,OCCUPIED,LEAVING,0.7384206282550639
1151.0,cctv2,C2_S012,G018,OCCUPIED,LEAVING,0.7185586705532943
1151.0,cctv2,C2_S013,G019,OCCUPIED,OCCUPIED,0.8319961198351601
1151.0,cctv2,C2_S014,G020,EMPTY,EMPTY,0.01
1151.0,cctv3,C3_S001,G021,OCCUPIED,LEAVING,0.7592131094499068
1151.0,cctv3,C3_S002,G019,EMPTY,EMPTY,0.01
1151.0,cctv3,C3_S003,G020,OCCUPIED,LEAVING,0.8042613032189283
1151.0,cctv3,C3_S004,G024,OCCUPIED,OCCUPIED,0.82801329954104
1151.0,cctv3,C3_S005,G025,OCCUPIED,OCCUPIED,0.827142773162235
1151.0,cctv3,C3_S006,G026,OCCUPIED,OCCUPIED,0.8250794464891608
1151.0,cctv3,C3_S007,G027,EMPTY,EMPTY,0.01
1151.0,cctv3,C3_S008,G028,EMPTY,EMPTY,0.01
1151.0,cctv3,C3_S009,G029,EMPTY,EMPTY,0.01
1151.0,cctv3,C3_S010,G007,EMPTY,MANEUVERING,0.3104750531099059
1151.0,cctv3,C3_S011,G008,OCCUPIED,OCCUPIED,0.7983986713669518
1151.0,cctv3,C3_S012,G009,OCCUPIED,OCCUPIED,0.8203622137958354
1152.0,cctv1,C1_S001,G001,OCCUPIED,OCCUPIED,0.7279828050258486
1152.0,cctv1,C1_S002,G002,EMPTY,EMPTY,0.01
1152.0,cctv1,C1_S003,G003,OCCUPIED,OCCUPIED,0.8370876678011635
1152.0,cctv1,C1_S004,G004,OCCUPIED,OCCUPIED,0.7745161681012674
1152.0,cctv1,C1_S005,G005,OCCUPIED,OCCUPIED,0.7486981661482291
1152.0,cctv1,C1_S006,G006,EMPTY,MANEUVERING,0.49
1152.0,cctv2,C2_S001,G007,OCCUPIED,LEAVING,0.7508099662309344
1152.0,cctv2,C2_S002,G008,OCCUPIED,OCCUPIED,0.8151035788384351
1152.0,cctv2,C2_S003,G009,OCCUPIED,OCCUPIED,0.6611307079006326
1152.0,cctv2,C2_S004,G010,OCCUPIED,OCCUPIED,0.7931238639083776
1152.0,cctv2,C2_S005,G001,EMPTY,EMPTY,0.01
1152.0,cctv2,C2_S006,G003,OCCUPIED,OCCUPIED,0.8202165974812075
1152.0,cctv2,C2_S007,G004,OCCUPIED,OCCUPIED,0.7951007377017629
1152.0,cctv2,C2_S008,G006,OCCUPIED,OCCUPIED,0.7557749385183509
1152.0,cctv2,C2_S009,G005,OCCUPIED,OCCUPIED,0.7851624949411913
1152.0,cctv2,C2_S010,G002,EMPTY,MANEUVERING,0.3767712259563532
1152.0,cctv2,C2_S011,G017,OCCUPIED,LEAVING,0.738751208484173
1152.0,cctv2,C2_S012,G018,OCCUPIED,LEAVING,0.7172823568365791
1152.0,cctv2,C2_S013,G019,OCCUPIED,OCCUPIED,0.8323459692976692
1152.0,cctv2,C2_S014,G020,EMPTY,EMPTY,0.01
1152.0,cctv3,C3_S001,G021,OCCUPIED,LEAVING,0.760043191774325
1152.0,cctv3,C3_S002,G019,EMPTY,EMPTY,0.01
1152.0,cctv3,C3_S003,G020,OCCUPIED,LEAVING,0.8014423283663663
1152.0,cctv3,C3_S004,G024,OCCUPIED,OCCUPIED,0.8277762727303939
1152.0,cctv3,C3_S005,G025,OCCUPIED,OCCUPIED,0.8273742201653395
1152.0,cctv3,C3_S006,G026,OCCUPIED,OCCUPIED,0.8250600817528638
1152.0,cctv3,C3_S007,G027,EMPTY,EMPTY,0.01
1152.0,cctv3,C3_S008,G028,EMPTY,EMPTY,0.01
1152.0,cctv3,C3_S009,G029,EMPTY,EMPTY,0.01
1152.0,cctv3,C3_S010,G007,EMPTY,MANEUVERING,0.3104750531099059
1152.0,cctv3,C3_S011,G008,OCCUPIED,OCCUPIED,0.7981318947943775
1152.0,cctv3,C3_S012,G009,OCCUPIED,OCCUPIED,0.8200787807052786
1153.0,cctv1,C1_S001,G001,OCCUPIED,OCCUPIED,0.726669564606114
1153.0,cctv1,C1_S002,G002,EMPTY,EMPTY,0.01
1153.0,cctv1,C1_S003,G003,OCCUPIED,OCCUPIED,0.8370470453392376
1153.0,cctv1,C1_S004,G004,OCCUPIED,OCCUPIED,0.7756562073122372
1153.0,cctv1,C1_S005,G005,OCCUPIED,OCCUPIED,0.7499466438185085
1153.0,cctv1,C1_S006,G006,EMPTY,MANEUVERING,0.49
1153.0,cctv2,C2_S001,G007,OCCUPIED,LEAVING,0.7510687994008716
1153.0,cctv2,C2_S002,G008,OCCUPIED,OCCUPIED,0.8150382971221751
1153.0,cctv2,C2_S003,G009,OCCUPIED,OCCUPIED,0.6640467398275028
1153.0,cctv2,C2_S004,G010,OCCUPIED,OCCUPIED,0.7937351852655411
1153.0,cctv2,C2_S005,G001,EMPTY,EMPTY,0.01
1153.0,cctv2,C2_S006,G003,OCCUPIED,OCCUPIED,0.8200879562984814
1153.0,cctv2,C2_S007,G004,OCCUPIED,OCCUPIED,0.7940089632164349
1153.0,cctv2,C2_S008,G006,OCCUPIED,OCCUPIED,0.7576156239617955
1153.0,cctv2,C2_S009,G005,OCCUPIED,OCCUPIED,0.785430270433426
1153.0,cctv2,C2_S010,G002,EMPTY,MANEUVERING,0.3317712259563533
1153.0,cctv2,C2_S011,G017,OCCUPIED,LEAVING,0.7391941525448453
1153.0,cctv2,C2_S012,G018,OCCUPIED,LEAVING,0.718353533582254
1153.0,cctv2,C2_S013,G019,OCCUPIED,OCCUPIED,0.8320439411835238
1153.0,cctv2,C2_S014,G020,EMPTY,EMPTY,0.01
1153.0,cctv3,C3_S001,G021,OCCUPIED,LEAVING,0.7562499963424423
1153.0,cctv3,C3_S002,G019,EMPTY,EMPTY,0.01
1153.0,cctv3,C3_S003,G020,OCCUPIED,LEAVING,0.7999702426520261
1153.0,cctv3,C3_S004,G024,OCCUPIED,OCCUPIED,0.8277670605616136
1153.0,cctv3,C3_S005,G025,OCCUPIED,OCCUPIED,0.8275343163446947
1153.0,cctv3,C3_S006,G026,OCCUPIED,OCCUPIED,0.8251187221570448
1153.0,cctv3,C3_S007,G027,EMPTY,EMPTY,0.01
1153.0,cctv3,C3_S008,G028,EMPTY,EMPTY,0.01
1153.0,cctv3,C3_S009,G029,EMPTY,EMPTY,0.01
1153.0,cctv3,C3_S010,G007,EMPTY,MANEUVERING,0.3512337705763903
1153.0,cctv3,C3_S011,G008,OCCUPIED,OCCUPIED,0.7166773383725773
1153.0,cctv3,C3_S012,G009,OCCUPIED,OCCUPIED,0.8204234917055477
1154.0,cctv1,C1_S001,G001,OCCUPIED,OCCUPIED,0.7251427545127545
1154.0,cctv1,C1_S002,G002,EMPTY,EMPTY,0.01
1154.0,cctv1,C1_S003,G003,OCCUPIED,OCCUPIED,0.836968064850027
1154.0,cctv1,C1_S004,G004,OCCUPIED,OCCUPIED,0.7743560670451685
1154.0,cctv1,C1_S005,G005,OCCUPIED,OCCUPIED,0.7485375168648634
1154.0,cctv1,C1_S006,G006,EMPTY,MANEUVERING,0.49
1154.0,cctv2,C2_S001,G007,OCCUPIED,LEAVING,0.7492854937233708
1154.0,cctv2,C2_S002,G008,OCCUPIED,OCCUPIED,0.813859622315927
1154.0,cctv2,C2_S003,G009,OCCUPIED,OCCUPIED,0.7083419657159936
1154.0,cctv2,C2_S004,G010,OCCUPIED,OCCUPIED,0.7961261315779253
1154.0,cctv2,C2_S005,G001,EMPTY,EMPTY,0.01
1154.0,cctv2,C2_S006,G003,OCCUPIED,OCCUPIED,0.8189616065133702
1154.0,cctv2,C2_S007,G004,OCCUPIED,OCCUPIED,0.7917638518593528
1154.0,cctv2,C2_S008,G006,OCCUPIED,OCCUPIED,0.7565456363287839
1154.0,cctv2,C2_S009,G005,OCCUPIED,OCCUPIED,0.7849510783498939
1154.0,cctv2,C2_S010,G002,EMPTY,MANEUVERING,0.3317712259563533
1154.0,cctv2,C2_S011,G017,OCCUPIED,LEAVING,0.7383080709793353
1154.0,cctv2,C2_S012,G018,OCCUPIED,LEAVING,0.7165585879304194
1154.0,cctv2,C2_S013,G019,OCCUPIED,OCCUPIED,0.83234803378582
1154.0,cctv2,C2_S014,G020,EMPTY,EMPTY,0.01
1154.0,cctv3,C3_S001,G021,OCCUPIED,LEAVING,0.7592900876294484
1154.0,cctv3,C3_S002,G019,EMPTY,EMPTY,0.01
1154.0,cctv3,C3_S003,G020,OCCUPIED,LEAVING,0.8015211462974549
1154.0,cctv3,C3_S004,G024,OCCUPIED,OCCUPIED,0.8278854573314841
1154.0,cctv3,C3_S005,G025,OCCUPIED,OCCUPIED,0.8279543551531705
1154.0,cctv3,C3_S006,G026,OCCUPIED,OCCUPIED,0.8250485181808472
1154.0,cctv3,C3_S007,G027,EMPTY,EMPTY,0.01
1154.0,cctv3,C3_S008,G028,EMPTY,EMPTY,0.01
1154.0,cctv3,C3_S009,G029,EMPTY,EMPTY,0.01
1154.0,cctv3,C3_S010,G007,EMPTY,MANEUVERING,0.3512337705763903
1154.0,cctv3,C3_S011,G008,OCCUPIED,OCCUPIED,0.7160171814669263
1154.0,cctv3,C3_S012,G009,OCCUPIED,OCCUPIED,0.8201527592810718
1155.0,cctv1,C1_S001,G001,OCCUPIED,OCCUPIED,0.7240563887425445
1155.0,cctv1,C1_S002,G002,EMPTY,EMPTY,0.01
1155.0,cctv1,C1_S003,G003,OCCUPIED,OCCUPIED,0.8369479856707833
1155.0,cctv1,C1_S004,G004,OCCUPIED,OCCUPIED,0.7754077542911877
1155.0,cctv1,C1_S005,G005,OCCUPIED,LEAVING,0.7502408037131484
1155.0,cctv1,C1_S006,G006,EMPTY,MANEUVERING,0.49
1155.0,cctv2,C2_S001,G007,OCCUPIED,LEAVING,0.7495900435203856
1155.0,cctv2,C2_S002,G008,OCCUPIED,OCCUPIED,0.8151272627440367
1155.0,cctv2,C2_S003,G009,OCCUPIED,OCCUPIED,0.6294014707027059
1155.0,cctv2,C2_S004,G010,OCCUPIED,OCCUPIED,0.7959077534350483
1155.0,cctv2,C2_S005,G001,EMPTY,EMPTY,0.01
1155.0,cctv2,C2_S006,G003,OCCUPIED,OCCUPIED,0.8184172448786823
1155.0,cctv2,C2_S007,G004,OCCUPIED,OCCUPIED,0.7904626951976257
1155.0,cctv2,C2_S008,G006,OCCUPIED,OCCUPIED,0.7553662304173817
1155.0,cctv2,C2_S009,G005,OCCUPIED,OCCUPIED,0.7841948108239608
1155.0,cctv2,C2_S010,G002,EMPTY,MANEUVERING,0.3317712259563533
1155.0,cctv2,C2_S011,G017,OCCUPIED,LEAVING,0.7388894405961037
1155.0,cctv2,C2_S012,G018,OCCUPIED,LEAVING,0.7172755960442805
1155.0,cctv2,C2_S013,G019,OCCUPIED,OCCUPIED,0.8321820066733794
1155.0,cctv2,C2_S014,G020,EMPTY,EMPTY,0.01
1155.0,cctv3,C3_S001,G021,OCCUPIED,LEAVING,0.7557410800998862
1155.0,cctv3,C3_S002,G019,EMPTY,EMPTY,0.01
1155.0,cctv3,C3_S003,G020,OCCUPIED,LEAVING,0.7998518767681989
1155.0,cctv3,C3_S004,G024,OCCUPIED,OCCUPIED,0.8277716300704263
1155.0,cctv3,C3_S005,G025,OCCUPIED,OCCUPIED,0.8282382043925199
1155.0,cctv3,C3_S006,G026,OCCUPIED,OCCUPIED,0.82494874894619
1155.0,cctv3,C3_S007,G027,EMPTY,EMPTY,0.01
1155.0,cctv3,C3_S008,G028,EMPTY,EMPTY,0.01
1155.0,cctv3,C3_S009,G029,EMPTY,EMPTY,0.01
1155.0,cctv3,C3_S010,G007,EMPTY,MANEUVERING,0.3512337705763903
1155.0,cctv3,C3_S011,G008,OCCUPIED,OCCUPIED,0.7168371747840535
1155.0,cctv3,C3_S012,G009,OCCUPIED,OCCUPIED,0.820224536007101
1156.0,cctv1,C1_S001,G001,OCCUPIED,OCCUPIED,0.723263790593906
1156.0,cctv1,C1_S002,G002,EMPTY,EMPTY,0.01
1156.0,cctv1,C1_S003,G003,OCCUPIED,OCCUPIED,0.8369594549590892
1156.0,cctv1,C1_S004,G004,OCCUPIED,OCCUPIED,0.7752832437103445
1156.0,cctv1,C1_S005,G005,OCCUPIED,LEAVING,0.7505265971476383
1156.0,cctv1,C1_S006,G006,EMPTY,MANEUVERING,0.49
1156.0,cctv2,C2_S001,G007,OCCUPIED,LEAVING,0.7482838394289668
1156.0,cctv2,C2_S002,G008,OCCUPIED,OCCUPIED,0.8148672136393461
1156.0,cctv2,C2_S003,G009,OCCUPIED,OCCUPIED,0.6282460637209993
1156.0,cctv2,C2_S004,G010,OCCUPIED,OCCUPIED,0.7937336661598899
1156.0,cctv2,C2_S005,G001,EMPTY,EMPTY,0.01
1156.0,cctv2,C2_S006,G003,OCCUPIED,OCCUPIED,0.818235872279514
1156.0,cctv2,C2_S007,G004,OCCUPIED,OCCUPIED,0.7904063427990133
1156.0,cctv2,C2_S008,G006,OCCUPIED,OCCUPIED,0.7536238715052606
1156.0,cctv2,C2_S009,G005,OCCUPIED,OCCUPIED,0.7834130253304136
1156.0,cctv2,C2_S010,G002,EMPTY,MANEUVERING,0.2381787460500543
1156.0,cctv2,C2_S011,G017,OCCUPIED,LEAVING,0.7533792358365927
1156.0,cctv2,C2_S012,G018,OCCUPIED,LEAVING,0.7265869511257519
1156.0,cctv2,C2_S013,G019,OCCUPIED,OCCUPIED,0.8319461478428407
1156.0,cctv2,C2_S014,G020,EMPTY,EMPTY,0.01
1156.0,cctv3,C3_S001,G021,OCCUPIED,LEAVING,0.7527707559141247
1156.0,cctv3,C3_S002,G019,EMPTY,EMPTY,0.01
1156.0,cctv3,C3_S003,G020,OCCUPIED,LEAVING,0.8005674251101235
1156.0,cctv3,C3_S004,G024,OCCUPIED,OCCUPIED,0.8278959439559417
1156.0,cctv3,C3_S005,G025,OCCUPIED,OCCUPIED,0.8281384814869275
1156.0,cctv3,C3_S006,G026,OCCUPIED,OCCUPIED,0.8247909245165912
1156.0,cctv3,C3_S007,G027,EMPTY,EMPTY,0.01
1156.0,cctv3,C3_S008,G028,EMPTY,EMPTY,0.01
1156.0,cctv3,C3_S009,G029,EMPTY,EMPTY,0.01
1156.0,cctv3,C3_S010,G007,EMPTY,MANEUVERING,0.3166344957730986
1156.0,cctv3,C3_S011,G008,OCCUPIED,OCCUPIED,0.717005072127689
1156.0,cctv3,C3_S012,G009,OCCUPIED,OCCUPIED,0.820596774599769
1157.0,cctv1,C1_S001,G001,OCCUPIED,OCCUPIED,0.7226453335447746
1157.0,cctv1,C1_S002,G002,EMPTY,EMPTY,0.01
1157.0,cctv1,C1_S003,G003,OCCUPIED,OCCUPIED,0.8367767063054172
1157.0,cctv1,C1_S004,G004,OCCUPIED,OCCUPIED,0.7754380185495724
1157.0,cctv1,C1_S005,G005,OCCUPIED,LEAVING,0.7492285709489476
1157.0,cctv1,C1_S006,G006,EMPTY,MANEUVERING,0.49
1157.0,cctv2,C2_S001,G007,OCCUPIED,LEAVING,0.7466691760176962
1157.0,cctv2,C2_S002,G008,OCCUPIED,OCCUPIED,0.8130765156312423
1157.0,cctv2,C2_S003,G009,OCCUPIED,OCCUPIED,0.631646512182373
1157.0,cctv2,C2_S004,G010,OCCUPIED,OCCUPIED,0.7935729961503637
1157.0,cctv2,C2_S005,G001,EMPTY,EMPTY,0.01
1157.0,cctv2,C2_S006,G003,OCCUPIED,OCCUPIED,0.8178159326314927
1157.0,cctv2,C2_S007,G004,OCCUPIED,OCCUPIED,0.7898994995789095
1157.0,cctv2,C2_S008,G006,OCCUPIED,OCCUPIED,0.7531889834187249
1157.0,cctv2,C2_S009,G005,OCCUPIED,OCCUPIED,0.7846749103882097
1157.0,cctv2,C2_S010,G002,EMPTY,MANEUVERING,0.2381787460500543
1157.0,cctv2,C2_S011,G017,OCCUPIED,LEAVING,0.7533582455190746
1157.0,cctv2,C2_S012,G018,OCCUPIED,LEAVING,0.7269019664146684
1157.0,cctv2,C2_S013,G019,OCCUPIED,OCCUPIED,0.8317404402927919
1157.0,cctv2,C2_S014,G020,EMPTY,EMPTY,0.01
1157.0,cctv3,C3_S001,G021,OCCUPIED,LEAVING,0.7531105824492195
1157.0,cctv3,C3_S002,G019,EMPTY,EMPTY,0.01
1157.0,cctv3,C3_S003,G020,OCCUPIED,LEAVING,0.8002643647519025
1157.0,cctv3,C3_S004,G024,OCCUPIED,OCCUPIED,0.8279711815443906
1157.0,cctv3,C3_S005,G025,OCCUPIED,OCCUPIED,0.828160478852012
1157.0,cctv3,C3_S006,G026,OCCUPIED,OCCUPIED,0.8246152877807618
1157.0,cctv3,C3_S007,G027,EMPTY,EMPTY,0.01
1157.0,cctv3,C3_S008,G028,EMPTY,EMPTY,0.01
1157.0,cctv3,C3_S009,G029,EMPTY,EMPTY,0.01
1157.0,cctv3,C3_S010,G007,EMPTY,MANEUVERING,0.3509645960005846
1157.0,cctv3,C3_S011,G008,OCCUPIED,OCCUPIED,0.7623121162165295
1157.0,cctv3,C3_S012,G009,OCCUPIED,OCCUPIED,0.8219266325235367
1158.0,cctv1,C1_S001,G001,OCCUPIED,OCCUPIED,0.722730220176957
1158.0,cctv1,C1_S002,G002,EMPTY,EMPTY,0.01
1158.0,cctv1,C1_S003,G003,OCCUPIED,OCCUPIED,0.8368582836606286
1158.0,cctv1,C1_S004,G004,OCCUPIED,OCCUPIED,0.776148851893165
1158.0,cctv1,C1_S005,G005,OCCUPIED,LEAVING,0.7491846274245869
1158.0,cctv1,C1_S006,G006,EMPTY,MANEUVERING,0.49
1158.0,cctv2,C2_S001,G007,OCCUPIED,LEAVING,0.7461354879493064
1158.0,cctv2,C2_S002,G008,OCCUPIED,OCCUPIED,0.8102153439413418
1158.0,cctv2,C2_S003,G009,OCCUPIED,OCCUPIED,0.6307785694617214
1158.0,cctv2,C2_S004,G010,OCCUPIED,OCCUPIED,0.7931127737868917
1158.0,cctv2,C2_S005,G001,EMPTY,EMPTY,0.01
1158.0,cctv2,C2_S006,G003,OCCUPIED,OCCUPIED,0.8174235782840036
1158.0,cctv2,C2_S007,G004,OCCUPIED,OCCUPIED,0.7889321267604829
1158.0,cctv2,C2_S008,G006,OCCUPIED,OCCUPIED,0.7525229596278885
1158.0,cctv2,C2_S009,G005,OCCUPIED,OCCUPIED,0.785402119837024
1158.0,cctv2,C2_S010,G002,EMPTY,MANEUVERING,0.1858446709947152
1158.0,cctv2,C2_S011,G017,OCCUPIED,LEAVING,0.7676993821696801
1158.0,cctv2,C2_S012,G018,OCCUPIED,LEAVING,0.7375332259860906
1158.0,cctv2,C2_S013,G019,OCCUPIED,OCCUPIED,0.8316673500971361
1158.0,cctv2,C2_S014,G020,EMPTY,EMPTY,0.01
1158.0,cctv3,C3_S001,G021,OCCUPIED,LEAVING,0.7549189789728685
1158.0,cctv3,C3_S002,G019,EMPTY,EMPTY,0.01
1158.0,cctv3,C3_S003,G020,OCCUPIED,LEAVING,0.8019701619039883
1158.0,cctv3,C3_S004,G024,OCCUPIED,OCCUPIED,0.8280778790062124
1158.0,cctv3,C3_S005,G025,OCCUPIED,OCCUPIED,0.8281183120879261
1158.0,cctv3,C3_S006,G026,OCCUPIED,OCCUPIED,0.8247735665603118
1158.0,cctv3,C3_S007,G027,EMPTY,EMPTY,0.01
1158.0,cctv3,C3_S008,G028,EMPTY,EMPTY,0.01
1158.0,cctv3,C3_S009,G029,EMPTY,EMPTY,0.01
1158.0,cctv3,C3_S010,G007,OCCUPIED,OCCUPIED,0.51
1158.0,cctv3,C3_S011,G008,OCCUPIED,OCCUPIED,0.7616399743069302
1158.0,cctv3,C3_S012,G009,OCCUPIED,OCCUPIED,0.8224972342902964
1159.0,cctv1,C1_S001,G001,OCCUPIED,OCCUPIED,0.7229759326712653
1159.0,cctv1,C1_S002,G002,EMPTY,EMPTY,0.01
1159.0,cctv1,C1_S003,G003,OCCUPIED,OCCUPIED,0.837033674120903
1159.0,cctv1,C1_S004,G004,OCCUPIED,OCCUPIED,0.7739248885349794
1159.0,cctv1,C1_S005,G005,OCCUPIED,LEAVING,0.7500512702898546
1159.0,cctv1,C1_S006,G006,EMPTY,MANEUVERING,0.49
1159.0,cctv2,C2_S001,G007,OCCUPIED,LEAVING,0.7432199677960439
1159.0,cctv2,C2_S002,G008,OCCUPIED,LEAVING,0.8070689420808446
1159.0,cctv2,C2_S003,G009,OCCUPIED,OCCUPIED,0.6692919223823331
1159.0,cctv2,C2_S004,G010,OCCUPIED,OCCUPIED,0.7942694341594523
1159.0,cctv2,C2_S005,G001,EMPTY,EMPTY,0.01
1159.0,cctv2,C2_S006,G003,OCCUPIED,OCCUPIED,0.8173163037408483
1159.0,cctv2,C2_S007,G004,OCCUPIED,OCCUPIED,0.7892471001906829
1159.0,cctv2,C2_S008,G006,OCCUPIED,OCCUPIED,0.751216079701077
1159.0,cctv2,C2_S009,G005,OCCUPIED,OCCUPIED,0.7851709142327309
1159.0,cctv2,C2_S010,G002,EMPTY,MANEUVERING,0.1858446709947152
1159.0,cctv2,C2_S011,G017,OCCUPIED,LEAVING,0.767405169850046
1159.0,cctv2,C2_S012,G018,OCCUPIED,LEAVING,0.7354836431958459
1159.0,cctv2,C2_S013,G019,OCCUPIED,OCCUPIED,0.8314931341192939
1159.0,cctv2,C2_S014,G020,EMPTY,EMPTY,0.01
1159.0,cctv3,C3_S001,G021,OCCUPIED,LEAVING,0.7553769799796018
1159.0,cctv3,C3_S002,G019,EMPTY,EMPTY,0.01
1159.0,cctv3,C3_S003,G020,OCCUPIED,LEAVING,0.7992983305996115
1159.0,cctv3,C3_S004,G024,OCCUPIED,OCCUPIED,0.8282309356060895
1159.0,cctv3,C3_S005,G025,OCCUPIED,OCCUPIED,0.8283407379280437
1159.0,cctv3,C3_S006,G026,OCCUPIED,OCCUPIED,0.824739276550033
1159.0,cctv3,C3_S007,G027,EMPTY,EMPTY,0.01
1159.0,cctv3,C3_S008,G028,EMPTY,EMPTY,0.01
1159.0,cctv3,C3_S009,G029,EMPTY,EMPTY,0.01
1159.0,cctv3,C3_S010,G007,OCCUPIED,OCCUPIED,0.51
1159.0,cctv3,C3_S011,G008,OCCUPIED,OCCUPIED,0.7621535681594502
1159.0,cctv3,C3_S012,G009,OCCUPIED,OCCUPIED,0.8231947289271788
1160.0,cctv1,C1_S001,G001,OCCUPIED,OCCUPIED,0.7236575988205997
1160.0,cctv1,C1_S002,G002,EMPTY,EMPTY,0.01
1160.0,cctv1,C1_S003,G003,OCCUPIED,OCCUPIED,0.8369599158113654
1160.0,cctv1,C1_S004,G004,OCCUPIED,OCCUPIED,0.7738502463156527
1160.0,cctv1,C1_S005,G005,OCCUPIED,LEAVING,0.7526159363714132
1160.0,cctv1,C1_S006,G006,EMPTY,MANEUVERING,0.49
1160.0,cctv2,C2_S001,G007,OCCUPIED,LEAVING,0.751826773583889
1160.0,cctv2,C2_S002,G008,OCCUPIED,LEAVING,0.8054856682365592
1160.0,cctv2,C2_S003,G009,OCCUPIED,OCCUPIED,0.5838941295732829
1160.0,cctv2,C2_S004,G010,OCCUPIED,OCCUPIED,0.7925814021717419
1160.0,cctv2,C2_S005,G001,EMPTY,EMPTY,0.01
1160.0,cctv2,C2_S006,G003,OCCUPIED,OCCUPIED,0.8168394346128811
1160.0,cctv2,C2_S007,G004,OCCUPIED,OCCUPIED,0.7895424617962404
1160.0,cctv2,C2_S008,G006,OCCUPIED,OCCUPIED,0.7518957701596347
1160.0,cctv2,C2_S009,G005,OCCUPIED,OCCUPIED,0.7855581106110053
1160.0,cctv2,C2_S010,G002,EMPTY,MANEUVERING,0.2276469011740251
1160.0,cctv2,C2_S011,G017,OCCUPIED,LEAVING,0.7666790097139099
1160.0,cctv2,C2_S012,G018,OCCUPIED,LEAVING,0.7325361541590908
1160.0,cctv2,C2_S013,G019,OCCUPIED,OCCUPIED,0.8314072798598897
1160.0,cctv2,C2_S014,G020,EMPTY,EMPTY,0.01
1160.0,cctv3,C3_S001,G021,OCCUPIED,LEAVING,0.7569038583473726
1160.0,cctv3,C3_S002,G019,EMPTY,EMPTY,0.01
1160.0,cctv3,C3_S003,G020,OCCUPIED,LEAVING,0.7974089305509221
1160.0,cctv3,C3_S004,G024,OCCUPIED,OCCUPIED,0.8281859232620761
1160.0,cctv3,C3_S005,G025,OCCUPIED,OCCUPIED,0.8283375891772184
1160.0,cctv3,C3_S006,G026,OCCUPIED,OCCUPIED,0.8246656938032672
1160.0,cctv3,C3_S007,G027,EMPTY,EMPTY,0.01
1160.0,cctv3,C3_S008,G028,EMPTY,EMPTY,0.01
1160.0,cctv3,C3_S009,G029,EMPTY,EMPTY,0.01
1160.0,cctv3,C3_S010,G007,OCCUPIED,OCCUPIED,0.51
1160.0,cctv3,C3_S011,G008,OCCUPIED,OCCUPIED,0.7641125713695179
1160.0,cctv3,C3_S012,G009,OCCUPIED,OCCUPIED,0.8235017809000883
1161.0,cctv1,C1_S001,G001,OCCUPIED,OCCUPIED,0.7244607760486278
1161.0,cctv1,C1_S002,G002,EMPTY,EMPTY,0.01
1161.0,cctv1,C1_S003,G003,OCCUPIED,OCCUPIED,0.8371324842626399
1161.0,cctv1,C1_S004,G004,OCCUPIED,OCCUPIED,0.7743384242057801
1161.0,cctv1,C1_S005,G005,OCCUPIED,LEAVING,0.753522631119598
1161.0,cctv1,C1_S006,G006,EMPTY,MANEUVERING,0.49
1161.0,cctv2,C2_S001,G007,OCCUPIED,LEAVING,0.7510071925141595
1161.0,cctv2,C2_S002,G008,OCCUPIED,LEAVING,0.8047361558133906
1161.0,cctv2,C2_S003,G009,OCCUPIED,OCCUPIED,0.538894129573283
1161.0,cctv2,C2_S004,G010,OCCUPIED,OCCUPIED,0.7933387238870968
1161.0,cctv2,C2_S005,G001,EMPTY,EMPTY,0.01
1161.0,cctv2,C2_S006,G003,OCCUPIED,OCCUPIED,0.8163827657699585
1161.0,cctv2,C2_S007,G004,OCCUPIED,OCCUPIED,0.7901320649818941
1161.0,cctv2,C2_S008,G006,OCCUPIED,OCCUPIED,0.7516204861077396
1161.0,cctv2,C2_S009,G005,OCCUPIED,OCCUPIED,0.7842123512517323
1161.0,cctv2,C2_S010,G002,EMPTY,MANEUVERING,0.2276469011740251
1161.0,cctv2,C2_S011,G017,OCCUPIED,LEAVING,0.7668877172741023
1161.0,cctv2,C2_S012,G018,OCCUPIED,LEAVING,0.7321035674891689
1161.0,cctv2,C2_S013,G019,OCCUPIED,OCCUPIED,0.8313688917593522
1161.0,cctv2,C2_S014,G020,EMPTY,EMPTY,0.01
1161.0,cctv3,C3_S001,G021,OCCUPIED,LEAVING,0.7560419999740341
1161.0,cctv3,C3_S002,G019,EMPTY,EMPTY,0.01
1161.0,cctv3,C3_S003,G020,OCCUPIED,LEAVING,0.7981928833506324
1161.0,cctv3,C3_S004,G024,OCCUPIED,OCCUPIED,0.8279374385421927
1161.0,cctv3,C3_S005,G025,OCCUPIED,OCCUPIED,0.8279420381242579
1161.0,cctv3,C3_S006,G026,OCCUPIED,OCCUPIED,0.8250018558718942
1161.0,cctv3,C3_S007,G027,EMPTY,EMPTY,0.01
1161.0,cctv3,C3_S008,G028,EMPTY,EMPTY,0.01
1161.0,cctv3,C3_S009,G029,EMPTY,EMPTY,0.01
1161.0,cctv3,C3_S010,G007,OCCUPIED,OCCUPIED,0.51
1161.0,cctv3,C3_S011,G008,OCCUPIED,OCCUPIED,0.7641127081621777
1161.0,cctv3,C3_S012,G009,OCCUPIED,OCCUPIED,0.8235627353191376
1162.0,cctv1,C1_S001,G001,OCCUPIED,OCCUPIED,0.7241174096072263
1162.0,cctv1,C1_S002,G002,EMPTY,EMPTY,0.01
1162.0,cctv1,C1_S003,G003,OCCUPIED,OCCUPIED,0.8368968359448694
1162.0,cctv1,C1_S004,G004,OCCUPIED,OCCUPIED,0.7732955992221833
1162.0,cctv1,C1_S005,G005,OCCUPIED,LEAVING,0.754329457066276
1162.0,cctv1,C1_S006,G006,EMPTY,MANEUVERING,0.49
1162.0,cctv2,C2_S001,G007,OCCUPIED,LEAVING,0.758231264894659
1162.0,cctv2,C2_S002,G008,OCCUPIED,LEAVING,0.8042323776266792
1162.0,cctv2,C2_S003,G009,OCCUPIED,OCCUPIED,0.5389995012720201
1162.0,cctv2,C2_S004,G010,OCCUPIED,OCCUPIED,0.7939821500669827
1162.0,cctv2,C2_S005,G001,EMPTY,EMPTY,0.01
1162.0,cctv2,C2_S006,G003,OCCUPIED,OCCUPIED,0.8161582981998271
1162.0,cctv2,C2_S007,G004,OCCUPIED,OCCUPIED,0.7887217017737302
1162.0,cctv2,C2_S008,G006,OCCUPIED,OCCUPIED,0.751398560946638
1162.0,cctv2,C2_S009,G005,OCCUPIED,OCCUPIED,0.7822843314571815
1162.0,cctv2,C2_S010,G002,EMPTY,MANEUVERING,0.2276469011740251
1162.0,cctv2,C2_S011,G017,OCCUPIED,LEAVING,0.7657858812538061
1162.0,cctv2,C2_S012,G018,OCCUPIED,LEAVING,0.73146647376093
1162.0,cctv2,C2_S013,G019,OCCUPIED,OCCUPIED,0.8313392273404382
1162.0,cctv2,C2_S014,G020,EMPTY,EMPTY,0.01
1162.0,cctv3,C3_S001,G021,OCCUPIED,LEAVING,0.7549507351084189
1162.0,cctv3,C3_S002,G019,EMPTY,EMPTY,0.01
1162.0,cctv3,C3_S003,G020,OCCUPIED,LEAVING,0.796105951612646
1162.0,cctv3,C3_S004,G024,OCCUPIED,OCCUPIED,0.8278992845253512
1162.0,cctv3,C3_S005,G025,OCCUPIED,OCCUPIED,0.8280219175598839
1162.0,cctv3,C3_S006,G026,OCCUPIED,OCCUPIED,0.8251936817711051
1162.0,cctv3,C3_S007,G027,EMPTY,EMPTY,0.01
1162.0,cctv3,C3_S008,G028,EMPTY,EMPTY,0.01
1162.0,cctv3,C3_S009,G029,EMPTY,EMPTY,0.01
1162.0,cctv3,C3_S010,G007,OCCUPIED,OCCUPIED,0.51
1162.0,cctv3,C3_S011,G008,OCCUPIED,OCCUPIED,0.7638440840352666
1162.0,cctv3,C3_S012,G009,OCCUPIED,OCCUPIED,0.8240278108553454
1163.0,cctv1,C1_S001,G001,OCCUPIED,OCCUPIED,0.7234329305927862
1163.0,cctv1,C1_S002,G002,EMPTY,EMPTY,0.01
1163.0,cctv1,C1_S003,G003,OCCUPIED,OCCUPIED,0.8367776426402006
1163.0,cctv1,C1_S004,G004,OCCUPIED,OCCUPIED,0.7725735729390926
1163.0,cctv1,C1_S005,G005,OCCUPIED,LEAVING,0.7523239600387487
1163.0,cctv1,C1_S006,G006,EMPTY,MANEUVERING,0.49
1163.0,cctv2,C2_S001,G007,OCCUPIED,LEAVING,0.7584123891862957
1163.0,cctv2,C2_S002,G008,OCCUPIED,LEAVING,0.8044892852956599
1163.0,cctv2,C2_S003,G009,OCCUPIED,OCCUPIED,0.5374521237154577
1163.0,cctv2,C2_S004,G010,OCCUPIED,OCCUPIED,0.79330209385265
1163.0,cctv2,C2_S005,G001,EMPTY,EMPTY,0.01
1163.0,cctv2,C2_S006,G003,OCCUPIED,OCCUPIED,0.8166852896863764
1163.0,cctv2,C2_S007,G004,OCCUPIED,OCCUPIED,0.7880848827687177
1163.0,cctv2,C2_S008,G006,OCCUPIED,OCCUPIED,0.7513759633356876
1163.0,cctv2,C2_S009,G005,OCCUPIED,OCCUPIED,0.7825287774205208
1163.0,cctv2,C2_S010,G002,EMPTY,MANEUVERING,0.1863715664365074
1163.0,cctv2,C2_S011,G017,OCCUPIED,LEAVING,0.78021265108477
1163.0,cctv2,C2_S012,G018,OCCUPIED,LEAVING,0.7432135204970838
1163.0,cctv2,C2_S013,G019,OCCUPIED,OCCUPIED,0.8307753571055153
1163.0,cctv2,C2_S014,G020,EMPTY,EMPTY,0.01
1163.0,cctv3,C3_S001,G021,OCCUPIED,LEAVING,0.7547853773290462
1163.0,cctv3,C3_S002,G019,EMPTY,EMPTY,0.01
1163.0,cctv3,C3_S003,G020,OCCUPIED,LEAVING,0.798730001395399
1163.0,cctv3,C3_S004,G024,OCCUPIED,OCCUPIED,0.8281352075663481
1163.0,cctv3,C3_S005,G025,OCCUPIED,OCCUPIED,0.8281551258130507
1163.0,cctv3,C3_S006,G026,OCCUPIED,OCCUPIED,0.8252136252143167
1163.0,cctv3,C3_S007,G027,EMPTY,EMPTY,0.01
1163.0,cctv3,C3_S008,G028,EMPTY,EMPTY,0.01
1163.0,cctv3,C3_S009,G029,EMPTY,EMPTY,0.01
1163.0,cctv3,C3_S010,G007,OCCUPIED,OCCUPIED,0.51
1163.0,cctv3,C3_S011,G008,OCCUPIED,OCCUPIED,0.7650459103692662
1163.0,cctv3,C3_S012,G009,OCCUPIED,OCCUPIED,0.8247053709897129
1164.0,cctv1,C1_S001,G001,OCCUPIED,OCCUPIED,0.723934733088721
1164.0,cctv1,C1_S002,G002,EMPTY,EMPTY,0.01
1164.0,cctv1,C1_S003,G003,OCCUPIED,OCCUPIED,0.836893837560307
1164.0,cctv1,C1_S004,G004,OCCUPIED,OCCUPIED,0.7718063928864219
1164.0,cctv1,C1_S005,G005,OCCUPIED,LEAVING,0.7515708274462007
1164.0,cctv1,C1_S006,G006,EMPTY,MANEUVERING,0.49
1164.0,cctv2,C2_S001,G007,OCCUPIED,LEAVING,0.7570600561797619
1164.0,cctv2,C2_S002,G008,OCCUPIED,LEAVING,0.8026406011798166
1164.0,cctv2,C2_S003,G009,OCCUPIED,OCCUPIED,0.51
1164.0,cctv2,C2_S004,G010,OCCUPIED,OCCUPIED,0.7955853242765774
1164.0,cctv2,C2_S005,G001,EMPTY,EMPTY,0.01
1164.0,cctv2,C2_S006,G003,OCCUPIED,OCCUPIED,0.8175769486210563
1164.0,cctv2,C2_S007,G004,OCCUPIED,OCCUPIED,0.78729074976661
1164.0,cctv2,C2_S008,G006,OCCUPIED,OCCUPIED,0.7493027945811099
1164.0,cctv2,C2_S009,G005,OCCUPIED,OCCUPIED,0.783184698630463
1164.0,cctv2,C2_S010,G002,EMPTY,MANEUVERING,0.1413715664365075
1164.0,cctv2,C2_S011,G017,OCCUPIED,LEAVING,0.7786779349771414
1164.0,cctv2,C2_S012,G018,OCCUPIED,LEAVING,0.7400437907332725
1164.0,cctv2,C2_S013,G019,OCCUPIED,OCCUPIED,0.8306396860967984
1164.0,cctv2,C2_S014,G020,EMPTY,EMPTY,0.01
1164.0,cctv3,C3_S001,G021,OCCUPIED,LEAVING,0.7550247132778168
1164.0,cctv3,C3_S002,G019,EMPTY,EMPTY,0.01
1164.0,cctv3,C3_S003,G020,OCCUPIED,LEAVING,0.7985876655036753
1164.0,cctv3,C3_S004,G024,OCCUPIED,OCCUPIED,0.8282696536996148
1164.0,cctv3,C3_S005,G025,OCCUPIED,OCCUPIED,0.8281862101771615
1164.0,cctv3,C3_S006,G026,OCCUPIED,OCCUPIED,0.8251452492042022
1164.0,cctv3,C3_S007,G027,EMPTY,EMPTY,0.01
1164.0,cctv3,C3_S008,G028,EMPTY,EMPTY,0.01
1164.0,cctv3,C3_S009,G029,EMPTY,EMPTY,0.01
1164.0,cctv3,C3_S010,G007,OCCUPIED,OCCUPIED,0.51
1164.0,cctv3,C3_S011,G008,OCCUPIED,OCCUPIED,0.7995086247270758
1164.0,cctv3,C3_S012,G009,OCCUPIED,OCCUPIED,0.8248946105892009
1165.0,cctv1,C1_S001,G001,OCCUPIED,OCCUPIED,0.7235766468061643
1165.0,cctv1,C1_S002,G002,EMPTY,EMPTY,0.01
1165.0,cctv1,C1_S003,G003,OCCUPIED,OCCUPIED,0.8369094675237483
1165.0,cctv1,C1_S004,G004,OCCUPIED,OCCUPIED,0.772644749825651
1165.0,cctv1,C1_S005,G005,OCCUPIED,LEAVING,0.7511609940366312
1165.0,cctv1,C1_S006,G006,EMPTY,MANEUVERING,0.49
1165.0,cctv2,C2_S001,G007,OCCUPIED,LEAVING,0.7640971416099506
1165.0,cctv2,C2_S002,G008,OCCUPIED,LEAVING,0.8007569792595777
1165.0,cctv2,C2_S003,G009,OCCUPIED,OCCUPIED,0.5413405099646611
1165.0,cctv2,C2_S004,G010,OCCUPIED,OCCUPIED,0.794926303896037
1165.0,cctv2,C2_S005,G001,EMPTY,EMPTY,0.01
1165.0,cctv2,C2_S006,G003,OCCUPIED,OCCUPIED,0.8184152917428451
1165.0,cctv2,C2_S007,G004,OCCUPIED,OCCUPIED,0.788074494491924
1165.0,cctv2,C2_S008,G006,OCCUPIED,OCCUPIED,0.7495517385276882
1165.0,cctv2,C2_S009,G005,OCCUPIED,OCCUPIED,0.7829034365036271
1165.0,cctv2,C2_S010,G002,EMPTY,MANEUVERING,0.1413715664365075
1165.0,cctv2,C2_S011,G017,OCCUPIED,LEAVING,0.7796990828351542
1165.0,cctv2,C2_S012,G018,OCCUPIED,LEAVING,0.7406430710039357
1165.0,cctv2,C2_S013,G019,OCCUPIED,OCCUPIED,0.8304010605270213
1165.0,cctv2,C2_S014,G020,EMPTY,EMPTY,0.01
1165.0,cctv3,C3_S001,G021,OCCUPIED,OCCUPIED,0.7547434336759828
1165.0,cctv3,C3_S002,G019,EMPTY,EMPTY,0.01
1165.0,cctv3,C3_S003,G020,OCCUPIED,LEAVING,0.7999830514192582
1165.0,cctv3,C3_S004,G024,OCCUPIED,OCCUPIED,0.8282529012723403
1165.0,cctv3,C3_S005,G025,OCCUPIED,OCCUPIED,0.8282164524901998
1165.0,cctv3,C3_S006,G026,OCCUPIED,OCCUPIED,0.8251660647717389
1165.0,cctv3,C3_S007,G027,EMPTY,EMPTY,0.01
1165.0,cctv3,C3_S008,G028,EMPTY,EMPTY,0.01
1165.0,cctv3,C3_S009,G029,EMPTY,EMPTY,0.01
1165.0,cctv3,C3_S010,G007,OCCUPIED,OCCUPIED,0.51
1165.0,cctv3,C3_S011,G008,OCCUPIED,OCCUPIED,0.799429010261189
1165.0,cctv3,C3_S012,G009,OCCUPIED,OCCUPIED,0.8250067407434638
1166.0,cctv1,C1_S001,G001,OCCUPIED,OCCUPIED,0.7237270819531246
1166.0,cctv1,C1_S002,G002,EMPTY,EMPTY,0.01
1166.0,cctv1,C1_S003,G003,OCCUPIED,OCCUPIED,0.8368586120280354
1166.0,cctv1,C1_S004,G004,OCCUPIED,OCCUPIED,0.7718965240500191
1166.0,cctv1,C1_S005,G005,OCCUPIED,LEAVING,0.7521366882053289
1166.0,cctv1,C1_S006,G006,EMPTY,MANEUVERING,0.49
1166.0,cctv2,C2_S001,G007,OCCUPIED,LEAVING,0.7640071331777356
1166.0,cctv2,C2_S002,G008,OCCUPIED,LEAVING,0.7988232796842403
1166.0,cctv2,C2_S003,G009,OCCUPIED,OCCUPIED,0.5807733341221782
1166.0,cctv2,C2_S004,G010,OCCUPIED,OCCUPIED,0.7974738749590787
1166.0,cctv2,C2_S005,G001,EMPTY,EMPTY,0.01
1166.0,cctv2,C2_S006,G003,OCCUPIED,OCCUPIED,0.8186215966939927
1166.0,cctv2,C2_S007,G004,OCCUPIED,OCCUPIED,0.787967446717349
1166.0,cctv2,C2_S008,G006,OCCUPIED,OCCUPIED,0.748758152127266
1166.0,cctv2,C2_S009,G005,OCCUPIED,OCCUPIED,0.7823002881624482
1166.0,cctv2,C2_S010,G002,EMPTY,MANEUVERING,0.1413715664365075
1166.0,cctv2,C2_S011,G017,OCCUPIED,LEAVING,0.7779310470548544
1166.0,cctv2,C2_S012,G018,OCCUPIED,LEAVING,0.7396693271263081
1166.0,cctv2,C2_S013,G019,OCCUPIED,OCCUPIED,0.8304171814159914
1166.0,cctv2,C2_S014,G020,EMPTY,EMPTY,0.01
1166.0,cctv3,C3_S001,G021,OCCUPIED,OCCUPIED,0.7566478455608542
1166.0,cctv3,C3_S002,G019,EMPTY,EMPTY,0.01
1166.0,cctv3,C3_S003,G020,OCCUPIED,LEAVING,0.7996355720541695
1166.0,cctv3,C3_S004,G024,OCCUPIED,OCCUPIED,0.828293114900589
1166.0,cctv3,C3_S005,G025,OCCUPIED,OCCUPIED,0.8281383514404297
1166.0,cctv3,C3_S006,G026,OCCUPIED,OCCUPIED,0.8253259813243693
1166.0,cctv3,C3_S007,G027,EMPTY,EMPTY,0.01
1166.0,cctv3,C3_S008,G028,EMPTY,EMPTY,0.01
1166.0,cctv3,C3_S009,G029,EMPTY,EMPTY,0.01
1166.0,cctv3,C3_S010,G007,OCCUPIED,OCCUPIED,0.51
1166.0,cctv3,C3_S011,G008,OCCUPIED,OCCUPIED,0.7996791733936831
1166.0,cctv3,C3_S012,G009,OCCUPIED,OCCUPIED,0.825369025089524
1167.0,cctv1,C1_S001,G001,OCCUPIED,OCCUPIED,0.7244662984528325
1167.0,cctv1,C1_S002,G002,EMPTY,EMPTY,0.01
1167.0,cctv1,C1_S003,G003,OCCUPIED,OCCUPIED,0.8369355296546763
1167.0,cctv1,C1_S004,G004,OCCUPIED,OCCUPIED,0.7708160717378963
1167.0,cctv1,C1_S005,G005,OCCUPIED,LEAVING,0.7524572869593448
1167.0,cctv1,C1_S006,G006,EMPTY,MANEUVERING,0.49
1167.0,cctv2,C2_S001,G007,OCCUPIED,LEAVING,0.7637520790777423
1167.0,cctv2,C2_S002,G008,OCCUPIED,LEAVING,0.798024365847761
1167.0,cctv2,C2_S003,G009,OCCUPIED,OCCUPIED,0.5862290592965754
1167.0,cctv2,C2_S004,G010,OCCUPIED,OCCUPIED,0.7986998810009523
1167.0,cctv2,C2_S005,G001,EMPTY,EMPTY,0.01
1167.0,cctv2,C2_S006,G003,OCCUPIED,OCCUPIED,0.8187104615298185
1167.0,cctv2,C2_S007,G004,OCCUPIED,OCCUPIED,0.7888324981386012
1167.0,cctv2,C2_S008,G006,OCCUPIED,OCCUPIED,0.7503014817833901
1167.0,cctv2,C2_S009,G005,OCCUPIED,OCCUPIED,0.7825690296563236
1167.0,cctv2,C2_S010,G002,EMPTY,MANEUVERING,0.2246676419810815
1167.0,cctv2,C2_S011,G017,OCCUPIED,LEAVING,0.763123559599573
1167.0,cctv2,C2_S012,G018,OCCUPIED,LEAVING,0.7292135839977048
1167.0,cctv2,C2_S013,G019,OCCUPIED,OCCUPIED,0.8305004883896221
1167.0,cctv2,C2_S014,G020,EMPTY,EMPTY,0.01
1167.0,cctv3,C3_S001,G021,OCCUPIED,OCCUPIED,0.7579291343688965
1167.0,cctv3,C3_S002,G019,EMPTY,EMPTY,0.01
1167.0,cctv3,C3_S003,G020,OCCUPIED,LEAVING,0.7987215199253777
1167.0,cctv3,C3_S004,G024,OCCUPIED,OCCUPIED,0.8280988920818676
1167.0,cctv3,C3_S005,G025,OCCUPIED,OCCUPIED,0.8281135133721612
1167.0,cctv3,C3_S006,G026,OCCUPIED,OCCUPIED,0.8254710457541726
1167.0,cctv3,C3_S007,G027,EMPTY,EMPTY,0.01
1167.0,cctv3,C3_S008,G028,EMPTY,EMPTY,0.01
1167.0,cctv3,C3_S009,G029,EMPTY,EMPTY,0.01
1167.0,cctv3,C3_S010,G007,OCCUPIED,OCCUPIED,0.51
1167.0,cctv3,C3_S011,G008,OCCUPIED,OCCUPIED,0.7999204502864318
1167.0,cctv3,C3_S012,G009,OCCUPIED,OCCUPIED,0.825182795253667
1168.0,cctv1,C1_S001,G001,OCCUPIED,OCCUPIED,0.7256911710581997
1168.0,cctv1,C1_S002,G002,EMPTY,EMPTY,0.01
1168.0,cctv1,C1_S003,G003,OCCUPIED,OCCUPIED,0.8369773396036843
1168.0,cctv1,C1_S004,G004,OCCUPIED,OCCUPIED,0.7714015036821366
1168.0,cctv1,C1_S005,G005,OCCUPIED,LEAVING,0.7541506585749713
1168.0,cctv1,C1_S006,G006,EMPTY,MANEUVERING,0.49
1168.0,cctv2,C2_S001,G007,OCCUPIED,LEAVING,0.7662253663621166
1168.0,cctv2,C2_S002,G008,OCCUPIED,LEAVING,0.7999388494274834
1168.0,cctv2,C2_S003,G009,OCCUPIED,OCCUPIED,0.5468325778338816
1168.0,cctv2,C2_S004,G010,OCCUPIED,OCCUPIED,0.7972657249732451
1168.0,cctv2,C2_S005,G001,EMPTY,EMPTY,0.01
1168.0,cctv2,C2_S006,G003,OCCUPIED,OCCUPIED,0.8183474042198875
1168.0,cctv2,C2_S007,G004,OCCUPIED,OCCUPIED,0.7890505064617505
1168.0,cctv2,C2_S008,G006,OCCUPIED,OCCUPIED,0.7505753645842727
1168.0,cctv2,C2_S009,G005,OCCUPIED,OCCUPIED,0.7824050483378497
1168.0,cctv2,C2_S010,G002,EMPTY,MANEUVERING,0.2246676419810815
1168.0,cctv2,C2_S011,G017,OCCUPIED,LEAVING,0.7621642976186492
1168.0,cctv2,C2_S012,G018,OCCUPIED,LEAVING,0.7269101504439658
1168.0,cctv2,C2_S013,G019,OCCUPIED,OCCUPIED,0.8304789185523987
1168.0,cctv2,C2_S014,G020,EMPTY,EMPTY,0.01
1168.0,cctv3,C3_S001,G021,OCCUPIED,OCCUPIED,0.7577704662626441
1168.0,cctv3,C3_S002,G019,EMPTY,EMPTY,0.01
1168.0,cctv3,C3_S003,G020,OCCUPIED,LEAVING,0.7995977716012435
1168.0,cctv3,C3_S004,G024,OCCUPIED,OCCUPIED,0.8279652961275795
1168.0,cctv3,C3_S005,G025,OCCUPIED,OCCUPIED,0.8280718237161637
1168.0,cctv3,C3_S006,G026,OCCUPIED,OCCUPIED,0.8255981848998504
1168.0,cctv3,C3_S007,G027,EMPTY,EMPTY,0.01
1168.0,cctv3,C3_S008,G028,EMPTY,EMPTY,0.01
1168.0,cctv3,C3_S009,G029,EMPTY,EMPTY,0.01
1168.0,cctv3,C3_S010,G007,OCCUPIED,OCCUPIED,0.51
1168.0,cctv3,C3_S011,G008,OCCUPIED,OCCUPIED,0.7991590906273236
1168.0,cctv3,C3_S012,G009,OCCUPIED,OCCUPIED,0.8246017946438357
1169.0,cctv1,C1_S001,G001,OCCUPIED,OCCUPIED,0.727001764015718
1169.0,cctv1,C1_S002,G002,EMPTY,EMPTY,0.01
1169.0,cctv1,C1_S003,G003,OCCUPIED,OCCUPIED,0.8368975894017654
1169.0,cctv1,C1_S004,G004,OCCUPIED,OCCUPIED,0.7726885190064258
1169.0,cctv1,C1_S005,G005,OCCUPIED,LEAVING,0.7556854340163145
1169.0,cctv1,C1_S006,G006,EMPTY,MANEUVERING,0.49
1169.0,cctv2,C2_S001,G007,OCCUPIED,LEAVING,0.7662948428907178
1169.0,cctv2,C2_S002,G008,OCCUPIED,LEAVING,0.8012737742879175
1169.0,cctv2,C2_S003,G009,OCCUPIED,OCCUPIED,0.5478092346369445
1169.0,cctv2,C2_S004,G010,OCCUPIED,OCCUPIED,0.7971441493792968
1169.0,cctv2,C2_S005,G001,EMPTY,EMPTY,0.01
1169.0,cctv2,C2_S006,G003,OCCUPIED,OCCUPIED,0.8182426168160005
1169.0,cctv2,C2_S007,G004,OCCUPIED,OCCUPIED,0.788965664939447
1169.0,cctv2,C2_S008,G006,OCCUPIED,OCCUPIED,0.7505399122834207
1169.0,cctv2,C2_S009,G005,OCCUPIED,OCCUPIED,0.7814378803426569
1169.0,cctv2,C2_S010,G002,EMPTY,MANEUVERING,0.2246676419810815
1169.0,cctv2,C2_S011,G017,OCCUPIED,LEAVING,0.7625079015981068
1169.0,cctv2,C2_S012,G018,OCCUPIED,LEAVING,0.7266767909445546
1169.0,cctv2,C2_S013,G019,OCCUPIED,OCCUPIED,0.8304904171011666
1169.0,cctv2,C2_S014,G020,EMPTY,EMPTY,0.01
1169.0,cctv3,C3_S001,G021,OCCUPIED,OCCUPIED,0.7582671288739552
1169.0,cctv3,C3_S002,G019,EMPTY,EMPTY,0.01
1169.0,cctv3,C3_S003,G020,OCCUPIED,LEAVING,0.7974436326460406
1169.0,cctv3,C3_S004,G024,OCCUPIED,OCCUPIED,0.8279254531318492
1169.0,cctv3,C3_S005,G025,OCCUPIED,OCCUPIED,0.8280251036990773
1169.0,cctv3,C3_S006,G026,OCCUPIED,OCCUPIED,0.8254796117544174
1169.0,cctv3,C3_S007,G027,EMPTY,EMPTY,0.01
1169.0,cctv3,C3_S008,G028,EMPTY,EMPTY,0.01
1169.0,cctv3,C3_S009,G029,EMPTY,EMPTY,0.01
1169.0,cctv3,C3_S010,G007,OCCUPIED,OCCUPIED,0.51
1169.0,cctv3,C3_S011,G008,OCCUPIED,OCCUPIED,0.7986365881833164
1169.0,cctv3,C3_S012,G009,OCCUPIED,OCCUPIED,0.8241424240849236
1170.0,cctv1,C1_S001,G001,OCCUPIED,OCCUPIED,0.7267661792988127
1170.0,cctv1,C1_S002,G002,EMPTY,EMPTY,0.01
1170.0,cctv1,C1_S003,G003,OCCUPIED,OCCUPIED,0.8368521308357066
1170.0,cctv1,C1_S004,G004,OCCUPIED,OCCUPIED,0.7745286265557463
1170.0,cctv1,C1_S005,G005,OCCUPIED,LEAVING,0.7549542288888585
1170.0,cctv1,C1_S006,G006,EMPTY,MANEUVERING,0.49
1170.0,cctv2,C2_S001,G007,OCCUPIED,LEAVING,0.7679448403418064
1170.0,cctv2,C2_S002,G008,OCCUPIED,LEAVING,0.8032350152730943
1170.0,cctv2,C2_S003,G009,OCCUPIED,OCCUPIED,0.5491518970607937
1170.0,cctv2,C2_S004,G010,OCCUPIED,OCCUPIED,0.7970455530014906
1170.0,cctv2,C2_S005,G001,EMPTY,EMPTY,0.01
1170.0,cctv2,C2_S006,G003,OCCUPIED,OCCUPIED,0.8180830522017046
1170.0,cctv2,C2_S007,G004,OCCUPIED,OCCUPIED,0.7882917493581773
1170.0,cctv2,C2_S008,G006,OCCUPIED,OCCUPIED,0.7498559538613667
1170.0,cctv2,C2_S009,G005,OCCUPIED,OCCUPIED,0.7800211420113391
1170.0,cctv2,C2_S010,G002,EMPTY,MANEUVERING,0.3194937055761164
1170.0,cctv2,C2_S011,G017,OCCUPIED,LEAVING,0.7471525948968801
1170.0,cctv2,C2_S012,G018,OCCUPIED,LEAVING,0.7151894369044088
1170.0,cctv2,C2_S013,G019,OCCUPIED,OCCUPIED,0.8304305916482753
1170.0,cctv2,C2_S014,G020,EMPTY,EMPTY,0.01
1170.0,cctv3,C3_S001,G021,OCCUPIED,OCCUPIED,0.7570772082968192
1170.0,cctv3,C3_S002,G019,EMPTY,EMPTY,0.01
1170.0,cctv3,C3_S003,G020,OCCUPIED,LEAVING,0.7978214526718314
1170.0,cctv3,C3_S004,G024,OCCUPIED,OCCUPIED,0.8278959439559417
1170.0,cctv3,C3_S005,G025,OCCUPIED,OCCUPIED,0.8272821594368328
1170.0,cctv3,C3_S006,G026,OCCUPIED,OCCUPIED,0.8254118737849323
1170.0,cctv3,C3_S007,G027,EMPTY,EMPTY,0.01
1170.0,cctv3,C3_S008,G028,EMPTY,EMPTY,0.01
1170.0,cctv3,C3_S009,G029,EMPTY,EMPTY,0.01
1170.0,cctv3,C3_S010,G007,OCCUPIED,OCCUPIED,0.51
1170.0,cctv3,C3_S011,G008,OCCUPIED,OCCUPIED,0.7982635181058537
1170.0,cctv3,C3_S012,G009,OCCUPIED,OCCUPIED,0.8237405844710091
1171.0,cctv1,C1_S001,G001,OCCUPIED,OCCUPIED,0.726106995344162
1171.0,cctv1,C1_S002,G002,EMPTY,EMPTY,0.01
1171.0,cctv1,C1_S003,G003,OCCUPIED,OCCUPIED,0.8368280356580562
1171.0,cctv1,C1_S004,G004,OCCUPIED,OCCUPIED,0.7761542699553751
1171.0,cctv1,C1_S005,G005,OCCUPIED,LEAVING,0.7531306075778875
1171.0,cctv1,C1_S006,G006,EMPTY,MANEUVERING,0.49
1171.0,cctv2,C2_S001,G007,OCCUPIED,LEAVING,0.7605578717182984
1171.0,cctv2,C2_S002,G008,OCCUPIED,LEAVING,0.8048199455846441
1171.0,cctv2,C2_S003,G009,OCCUPIED,OCCUPIED,0.51
1171.0,cctv2,C2_S004,G010,OCCUPIED,OCCUPIED,0.7978430753404444
1171.0,cctv2,C2_S005,G001,EMPTY,EMPTY,0.01
1171.0,cctv2,C2_S006,G003,OCCUPIED,OCCUPIED,0.8182063175873323
1171.0,cctv2,C2_S007,G004,OCCUPIED,OCCUPIED,0.7882808929139918
1171.0,cctv2,C2_S008,G006,OCCUPIED,OCCUPIED,0.7495230332016946
1171.0,cctv2,C2_S009,G005,OCCUPIED,OCCUPIED,0.7794269433075732
1171.0,cctv2,C2_S010,G002,EMPTY,MANEUVERING,0.2240093206004663
1171.0,cctv2,C2_S011,G017,OCCUPIED,LEAVING,0.7619913158633492
1171.0,cctv2,C2_S012,G018,OCCUPIED,LEAVING,0.7279849280552431
1171.0,cctv2,C2_S013,G019,OCCUPIED,OCCUPIED,0.8304765777154403
1171.0,cctv2,C2_S014,G020,EMPTY,EMPTY,0.01
1171.0,cctv3,C3_S001,G021,OCCUPIED,OCCUPIED,0.7553750154646961
1171.0,cctv3,C3_S002,G019,EMPTY,EMPTY,0.01
1171.0,cctv3,C3_S003,G020,OCCUPIED,LEAVING,0.7968816740946337
1171.0,cctv3,C3_S004,G024,OCCUPIED,OCCUPIED,0.8279903447086161
1171.0,cctv3,C3_S005,G025,OCCUPIED,OCCUPIED,0.8262622486461293
1171.0,cctv3,C3_S006,G026,OCCUPIED,OCCUPIED,0.8253196862610904
1171.0,cctv3,C3_S007,G027,EMPTY,EMPTY,0.01
1171.0,cctv3,C3_S008,G028,EMPTY,EMPTY,0.01
1171.0,cctv3,C3_S009,G029,EMPTY,EMPTY,0.01
1171.0,cctv3,C3_S010,G007,OCCUPIED,OCCUPIED,0.51
1171.0,cctv3,C3_S011,G008,OCCUPIED,OCCUPIED,0.79631291736256
1171.0,cctv3,C3_S012,G009,OCCUPIED,OCCUPIED,0.8231499815529044
1172.0,cctv1,C1_S001,G001,OCCUPIED,OCCUPIED,0.7278520319949497
1172.0,cctv1,C1_S002,G002,EMPTY,EMPTY,0.01
1172.0,cctv1,C1_S003,G003,OCCUPIED,OCCUPIED,0.8368984883481807
1172.0,cctv1,C1_S004,G004,OCCUPIED,OCCUPIED,0.7764664201573893
1172.0,cctv1,C1_S005,G005,OCCUPIED,LEAVING,0.7525651133873247
1172.0,cctv1,C1_S006,G006,EMPTY,MANEUVERING,0.49
1172.0,cctv2,C2_S001,G007,OCCUPIED,LEAVING,0.7590303126383912
1172.0,cctv2,C2_S002,G008,OCCUPIED,LEAVING,0.8084244012832642
1172.0,cctv2,C2_S003,G009,OCCUPIED,OCCUPIED,0.584363896689293
1172.0,cctv2,C2_S004,G010,OCCUPIED,OCCUPIED,0.7991563385183161
1172.0,cctv2,C2_S005,G001,EMPTY,EMPTY,0.01
1172.0,cctv2,C2_S006,G003,OCCUPIED,OCCUPIED,0.8183120462027463
1172.0,cctv2,C2_S007,G004,OCCUPIED,OCCUPIED,0.7873303855007345
1172.0,cctv2,C2_S008,G006,OCCUPIED,OCCUPIED,0.7487765841863373
1172.0,cctv2,C2_S009,G005,OCCUPIED,OCCUPIED,0.778138668564233
1172.0,cctv2,C2_S010,G002,EMPTY,MANEUVERING,0.3172701483423059
1172.0,cctv2,C2_S011,G017,OCCUPIED,LEAVING,0.7463858570023018
1172.0,cctv2,C2_S012,G018,OCCUPIED,LEAVING,0.718208084946329
1172.0,cctv2,C2_S013,G019,OCCUPIED,OCCUPIED,0.8305458583615044
1172.0,cctv2,C2_S014,G020,EMPTY,EMPTY,0.01
1172.0,cctv3,C3_S001,G021,OCCUPIED,OCCUPIED,0.7568328147584742
1172.0,cctv3,C3_S002,G019,EMPTY,EMPTY,0.01
1172.0,cctv3,C3_S003,G020,OCCUPIED,LEAVING,0.7956750718030063
1172.0,cctv3,C3_S004,G024,OCCUPIED,OCCUPIED,0.828140903602947
1172.0,cctv3,C3_S005,G025,OCCUPIED,OCCUPIED,0.8268935650587083
1172.0,cctv3,C3_S006,G026,OCCUPIED,OCCUPIED,0.8251872143962167
1172.0,cctv3,C3_S007,G027,EMPTY,EMPTY,0.01
1172.0,cctv3,C3_S008,G028,EMPTY,EMPTY,0.01
1172.0,cctv3,C3_S009,G029,EMPTY,EMPTY,0.01
1172.0,cctv3,C3_S010,G007,OCCUPIED,OCCUPIED,0.51
1172.0,cctv3,C3_S011,G008,OCCUPIED,OCCUPIED,0.7957433559677818
1172.0,cctv3,C3_S012,G009,OCCUPIED,OCCUPIED,0.8230987611142072
1173.0,cctv1,C1_S001,G001,OCCUPIED,OCCUPIED,0.7277565557170999
1173.0,cctv1,C1_S002,G002,EMPTY,EMPTY,0.01
1173.0,cctv1,C1_S003,G003,OCCUPIED,OCCUPIED,0.8370546945116737
1173.0,cctv1,C1_S004,G004,OCCUPIED,OCCUPIED,0.7767784557559274
1173.0,cctv1,C1_S005,G005,OCCUPIED,LEAVING,0.7517026742750949
1173.0,cctv1,C1_S006,G006,EMPTY,MANEUVERING,0.49
1173.0,cctv2,C2_S001,G007,OCCUPIED,LEAVING,0.7504173414273696
1173.0,cctv2,C2_S002,G008,OCCUPIED,LEAVING,0.8083988252011213
1173.0,cctv2,C2_S003,G009,OCCUPIED,OCCUPIED,0.5847701918435367
1173.0,cctv2,C2_S004,G010,OCCUPIED,OCCUPIED,0.7985878955234181
1173.0,cctv2,C2_S005,G001,EMPTY,EMPTY,0.01
1173.0,cctv2,C2_S006,G003,OCCUPIED,OCCUPIED,0.8181405555118215
1173.0,cctv2,C2_S007,G004,OCCUPIED,OCCUPIED,0.7879163587635214
1173.0,cctv2,C2_S008,G006,OCCUPIED,OCCUPIED,0.7488764025948265
1173.0,cctv2,C2_S009,G005,OCCUPIED,OCCUPIED,0.779667988554998
1173.0,cctv2,C2_S010,G002,EMPTY,MANEUVERING,0.4118672496351329
1173.0,cctv2,C2_S011,G017,OCCUPIED,LEAVING,0.7317061922496017
1173.0,cctv2,C2_S012,G018,OCCUPIED,LEAVING,0.7096502798253841
1173.0,cctv2,C2_S013,G019,OCCUPIED,OCCUPIED,0.8306373151865873
1173.0,cctv2,C2_S014,G020,EMPTY,EMPTY,0.01
1173.0,cctv3,C3_S001,G021,OCCUPIED,OCCUPIED,0.7572501063346864
1173.0,cctv3,C3_S002,G019,EMPTY,EMPTY,0.01
1173.0,cctv3,C3_S003,G020,OCCUPIED,LEAVING,0.7986293949864128
1173.0,cctv3,C3_S004,G024,OCCUPIED,OCCUPIED,0.8283229036764665
1173.0,cctv3,C3_S005,G025,OCCUPIED,OCCUPIED,0.8264781615950845
1173.0,cctv3,C3_S006,G026,OCCUPIED,OCCUPIED,0.8251205078580164
1173.0,cctv3,C3_S007,G027,EMPTY,EMPTY,0.01
1173.0,cctv3,C3_S008,G028,EMPTY,EMPTY,0.01
1173.0,cctv3,C3_S009,G029,EMPTY,EMPTY,0.01
1173.0,cctv3,C3_S010,G007,OCCUPIED,OCCUPIED,0.51
1173.0,cctv3,C3_S011,G008,OCCUPIED,OCCUPIED,0.795319718935273
1173.0,cctv3,C3_S012,G009,OCCUPIED,OCCUPIED,0.8232755861499094
1174.0,cctv1,C1_S001,G001,OCCUPIED,OCCUPIED,0.7281811752102593
1174.0,cctv1,C1_S002,G002,EMPTY,EMPTY,0.01
1174.0,cctv1,C1_S003,G003,OCCUPIED,OCCUPIED,0.8371861617673528
1174.0,cctv1,C1_S004,G004,OCCUPIED,OCCUPIED,0.7766758100552993
1174.0,cctv1,C1_S005,G005,OCCUPIED,LEAVING,0.7530690411275084
1174.0,cctv1,C1_S006,G006,EMPTY,MANEUVERING,0.49
1174.0,cctv2,C2_S001,G007,OCCUPIED,LEAVING,0.7495762839913369
1174.0,cctv2,C2_S002,G008,OCCUPIED,LEAVING,0.8086304404518821
1174.0,cctv2,C2_S003,G009,OCCUPIED,OCCUPIED,0.5857016319510612
1174.0,cctv2,C2_S004,G010,OCCUPIED,OCCUPIED,0.799719286235896
1174.0,cctv2,C2_S005,G001,EMPTY,EMPTY,0.01
1174.0,cctv2,C2_S006,G003,OCCUPIED,OCCUPIED,0.8182759436694059
1174.0,cctv2,C2_S007,G004,OCCUPIED,OCCUPIED,0.7880405149676584
1174.0,cctv2,C2_S008,G006,OCCUPIED,OCCUPIED,0.7502971975640818
1174.0,cctv2,C2_S009,G005,OCCUPIED,OCCUPIED,0.7791792929172516
1174.0,cctv2,C2_S010,G002,EMPTY,MANEUVERING,0.4590734572302212
1174.0,cctv2,C2_S011,G017,OCCUPIED,LEAVING,0.7174239873886109
1174.0,cctv2,C2_S012,G018,OCCUPIED,LEAVING,0.699301186610352
1174.0,cctv2,C2_S013,G019,OCCUPIED,OCCUPIED,0.8308465039188212
1174.0,cctv2,C2_S014,G020,EMPTY,EMPTY,0.01
1174.0,cctv3,C3_S001,G021,OCCUPIED,OCCUPIED,0.7558901068839161
1174.0,cctv3,C3_S002,G019,EMPTY,EMPTY,0.01
1174.0,cctv3,C3_S003,G020,OCCUPIED,LEAVING,0.7962724176320164
1174.0,cctv3,C3_S004,G024,OCCUPIED,OCCUPIED,0.8282557582313365
1174.0,cctv3,C3_S005,G025,OCCUPIED,OCCUPIED,0.826246835697781
1174.0,cctv3,C3_S006,G026,OCCUPIED,OCCUPIED,0.8249531030654907
1174.0,cctv3,C3_S007,G027,EMPTY,EMPTY,0.01
1174.0,cctv3,C3_S008,G028,EMPTY,EMPTY,0.01
1174.0,cctv3,C3_S009,G029,EMPTY,EMPTY,0.01
1174.0,cctv3,C3_S010,G007,OCCUPIED,OCCUPIED,0.51
1174.0,cctv3,C3_S011,G008,OCCUPIED,OCCUPIED,0.7952606851404365
1174.0,cctv3,C3_S012,G009,OCCUPIED,OCCUPIED,0.8230617880821228
1175.0,cctv1,C1_S001,G001,OCCUPIED,OCCUPIED,0.7288514578206974
1175.0,cctv1,C1_S002,G002,EMPTY,EMPTY,0.01
1175.0,cctv1,C1_S003,G003,OCCUPIED,OCCUPIED,0.8371502795002678
1175.0,cctv1,C1_S004,G004,OCCUPIED,OCCUPIED,0.7758742262016644
1175.0,cctv1,C1_S005,G005,OCCUPIED,LEAVING,0.7533701190894301
1175.0,cctv1,C1_S006,G006,EMPTY,MANEUVERING,0.49
1175.0,cctv2,C2_S001,G007,OCCUPIED,LEAVING,0.7500283239917322
1175.0,cctv2,C2_S002,G008,OCCUPIED,LEAVING,0.8093379600481554
1175.0,cctv2,C2_S003,G009,OCCUPIED,OCCUPIED,0.5857016319510612
1175.0,cctv2,C2_S004,G010,OCCUPIED,OCCUPIED,0.7984409763054415
1175.0,cctv2,C2_S005,G001,EMPTY,EMPTY,0.01
1175.0,cctv2,C2_S006,G003,OCCUPIED,OCCUPIED,0.8175655500455337
1175.0,cctv2,C2_S007,G004,OCCUPIED,OCCUPIED,0.7889201592315328
1175.0,cctv2,C2_S008,G006,OCCUPIED,OCCUPIED,0.7518167665058917
1175.0,cctv2,C2_S009,G005,OCCUPIED,OCCUPIED,0.7776942846449939
1175.0,cctv2,C2_S010,G002,EMPTY,MANEUVERING,0.4590734572302212
1175.0,cctv2,C2_S011,G017,OCCUPIED,LEAVING,0.7178082073276694
1175.0,cctv2,C2_S012,G018,OCCUPIED,LEAVING,0.7015440883961591
1175.0,cctv2,C2_S013,G019,OCCUPIED,OCCUPIED,0.8312070448290219
1175.0,cctv2,C2_S014,G020,EMPTY,EMPTY,0.01
1175.0,cctv3,C3_S001,G021,OCCUPIED,OCCUPIED,0.7557335552844135
1175.0,cctv3,C3_S002,G019,EMPTY,EMPTY,0.01
1175.0,cctv3,C3_S003,G020,OCCUPIED,LEAVING,0.7959424977952785
1175.0,cctv3,C3_S004,G024,OCCUPIED,OCCUPIED,0.8281682401895524
1175.0,cctv3,C3_S005,G025,OCCUPIED,OCCUPIED,0.825949412855235
1175.0,cctv3,C3_S006,G026,OCCUPIED,OCCUPIED,0.8249498104507273
1175.0,cctv3,C3_S007,G027,EMPTY,EMPTY,0.01
1175.0,cctv3,C3_S008,G028,EMPTY,EMPTY,0.01
1175.0,cctv3,C3_S009,G029,EMPTY,EMPTY,0.01
1175.0,cctv3,C3_S010,G007,OCCUPIED,LEAVING,0.51
1175.0,cctv3,C3_S011,G008,OCCUPIED,OCCUPIED,0.7963045529343866
1175.0,cctv3,C3_S012,G009,OCCUPIED,OCCUPIED,0.8227684202519331
1176.0,cctv1,C1_S001,G001,OCCUPIED,OCCUPIED,0.7296829635446722
1176.0,cctv1,C1_S002,G002,EMPTY,EMPTY,0.01
1176.0,cctv1,C1_S003,G003,OCCUPIED,OCCUPIED,0.8372172900221565
1176.0,cctv1,C1_S004,G004,OCCUPIED,OCCUPIED,0.7773680089549585
1176.0,cctv1,C1_S005,G005,OCCUPIED,LEAVING,0.7537726414474575
1176.0,cctv1,C1_S006,G006,EMPTY,MANEUVERING,0.49
1176.0,cctv2,C2_S001,G007,OCCUPIED,LEAVING,0.741987730698152
1176.0,cctv2,C2_S002,G008,OCCUPIED,LEAVING,0.8132209501483224
1176.0,cctv2,C2_S003,G009,OCCUPIED,OCCUPIED,0.5866646089692684
1176.0,cctv2,C2_S004,G010,OCCUPIED,OCCUPIED,0.7993517008694736
1176.0,cctv2,C2_S005,G001,EMPTY,EMPTY,0.01
1176.0,cctv2,C2_S006,G003,OCCUPIED,OCCUPIED,0.8174470045349815
1176.0,cctv2,C2_S007,G004,OCCUPIED,OCCUPIED,0.788004909049381
1176.0,cctv2,C2_S008,G006,OCCUPIED,OCCUPIED,0.7512768467718905
1176.0,cctv2,C2_S009,G005,OCCUPIED,OCCUPIED,0.77717329074036
1176.0,cctv2,C2_S010,G002,EMPTY,MANEUVERING,0.49
1176.0,cctv2,C2_S011,G017,OCCUPIED,OCCUPIED,0.7137419683012096
1176.0,cctv2,C2_S012,G018,OCCUPIED,LEAVING,0.7575923793695191
1176.0,cctv2,C2_S013,G019,OCCUPIED,OCCUPIED,0.831117437102578
1176.0,cctv2,C2_S014,G020,EMPTY,EMPTY,0.01
1176.0,cctv3,C3_S001,G021,OCCUPIED,OCCUPIED,0.7542290225625039
1176.0,cctv3,C3_S002,G019,EMPTY,EMPTY,0.01
1176.0,cctv3,C3_S003,G020,OCCUPIED,LEAVING,0.7939486289566214
1176.0,cctv3,C3_S004,G024,OCCUPIED,OCCUPIED,0.8279998714273626
1176.0,cctv3,C3_S005,G025,OCCUPIED,OCCUPIED,0.8259700845588338
1176.0,cctv3,C3_S006,G026,OCCUPIED,OCCUPIED,0.8249544872479005
1176.0,cctv3,C3_S007,G027,EMPTY,EMPTY,0.01
1176.0,cctv3,C3_S008,G028,EMPTY,EMPTY,0.01
1176.0,cctv3,C3_S009,G029,EMPTY,EMPTY,0.01
1176.0,cctv3,C3_S010,G007,OCCUPIED,LEAVING,0.5123282288963145
1176.0,cctv3,C3_S011,G008,OCCUPIED,OCCUPIED,0.796576142040166
1176.0,cctv3,C3_S012,G009,OCCUPIED,OCCUPIED,0.8229087501764298
1177.0,cctv1,C1_S001,G001,OCCUPIED,OCCUPIED,0.7297027801925486
1177.0,cctv1,C1_S002,G002,EMPTY,EMPTY,0.01
1177.0,cctv1,C1_S003,G003,OCCUPIED,OCCUPIED,0.8373144688931379
1177.0,cctv1,C1_S004,G004,OCCUPIED,OCCUPIED,0.7776072693142024
1177.0,cctv1,C1_S005,G005,OCCUPIED,LEAVING,0.7512107311324641
1177.0,cctv1,C1_S006,G006,EMPTY,MANEUVERING,0.49
1177.0,cctv2,C2_S001,G007,OCCUPIED,LEAVING,0.741021136126735
1177.0,cctv2,C2_S002,G008,OCCUPIED,LEAVING,0.8161816862496464
1177.0,cctv2,C2_S003,G009,OCCUPIED,OCCUPIED,0.5829032349501821
1177.0,cctv2,C2_S004,G010,OCCUPIED,OCCUPIED,0.7989020976153287
1177.0,cctv2,C2_S005,G001,EMPTY,EMPTY,0.01
1177.0,cctv2,C2_S006,G003,OCCUPIED,OCCUPIED,0.8175196517597546
1177.0,cctv2,C2_S007,G004,OCCUPIED,OCCUPIED,0.7875527772036466
1177.0,cctv2,C2_S008,G006,OCCUPIED,OCCUPIED,0.751933252811432
1177.0,cctv2,C2_S009,G005,OCCUPIED,OCCUPIED,0.7778846987269142
1177.0,cctv2,C2_S010,G002,EMPTY,MANEUVERING,0.4601887332309375
1177.0,cctv2,C2_S011,G017,OCCUPIED,OCCUPIED,0.7146445771509952
1177.0,cctv2,C2_S012,G018,OCCUPIED,LEAVING,0.7571736735376445
1177.0,cctv2,C2_S013,G019,OCCUPIED,OCCUPIED,0.8312193228439853
1177.0,cctv2,C2_S014,G020,EMPTY,EMPTY,0.01
1177.0,cctv3,C3_S001,G021,OCCUPIED,OCCUPIED,0.7521541124040431
1177.0,cctv3,C3_S002,G019,EMPTY,EMPTY,0.01
1177.0,cctv3,C3_S003,G020,OCCUPIED,LEAVING,0.7954270853237673
1177.0,cctv3,C3_S004,G024,OCCUPIED,OCCUPIED,0.8280184843323448
1177.0,cctv3,C3_S005,G025,OCCUPIED,OCCUPIED,0.8260102120312778
1177.0,cctv3,C3_S006,G026,OCCUPIED,OCCUPIED,0.8248886325142601
1177.0,cctv3,C3_S007,G027,EMPTY,EMPTY,0.01
1177.0,cctv3,C3_S008,G028,EMPTY,EMPTY,0.01
1177.0,cctv3,C3_S009,G029,EMPTY,EMPTY,0.01
1177.0,cctv3,C3_S010,G007,OCCUPIED,LEAVING,0.5468739022856408
1177.0,cctv3,C3_S011,G008,OCCUPIED,OCCUPIED,0.7955778270959855
1177.0,cctv3,C3_S012,G009,OCCUPIED,OCCUPIED,0.8223552926020189
1178.0,cctv1,C1_S001,G001,OCCUPIED,OCCUPIED,0.7294237906282599
1178.0,cctv1,C1_S002,G002,EMPTY,EMPTY,0.01
1178.0,cctv1,C1_S003,G003,OCCUPIED,OCCUPIED,0.8373748291622509
1178.0,cctv1,C1_S004,G004,OCCUPIED,OCCUPIED,0.7783796418796887
1178.0,cctv1,C1_S005,G005,OCCUPIED,LEAVING,0.7522980730641973
1178.0,cctv1,C1_S006,G006,EMPTY,MANEUVERING,0.49
1178.0,cctv2,C2_S001,G007,OCCUPIED,LEAVING,0.740381760488857
1178.0,cctv2,C2_S002,G008,OCCUPIED,LEAVING,0.8167233047160236
1178.0,cctv2,C2_S003,G009,OCCUPIED,OCCUPIED,0.51
1178.0,cctv2,C2_S004,G010,OCCUPIED,OCCUPIED,0.7991050684993918
1178.0,cctv2,C2_S005,G001,EMPTY,EMPTY,0.01
1178.0,cctv2,C2_S006,G003,OCCUPIED,OCCUPIED,0.8173058398745278
1178.0,cctv2,C2_S007,G004,OCCUPIED,OCCUPIED,0.7847338303923608
1178.0,cctv2,C2_S008,G006,OCCUPIED,OCCUPIED,0.7525141469456933
1178.0,cctv2,C2_S009,G005,OCCUPIED,OCCUPIED,0.7791348495266655
1178.0,cctv2,C2_S010,G002,EMPTY,MANEUVERING,0.4630261959541927
1178.0,cctv2,C2_S011,G017,OCCUPIED,OCCUPIED,0.7143864417617971
1178.0,cctv2,C2_S012,G018,OCCUPIED,LEAVING,0.7590842118317431
1178.0,cctv2,C2_S013,G019,OCCUPIED,OCCUPIED,0.831067283045162
1178.0,cctv2,C2_S014,G020,EMPTY,EMPTY,0.01
1178.0,cctv3,C3_S001,G021,OCCUPIED,OCCUPIED,0.7529589673334902
1178.0,cctv3,C3_S002,G019,EMPTY,EMPTY,0.01
1178.0,cctv3,C3_S003,G020,OCCUPIED,LEAVING,0.7968557403846221
1178.0,cctv3,C3_S004,G024,OCCUPIED,OCCUPIED,0.8280667795376344
1178.0,cctv3,C3_S005,G025,OCCUPIED,OCCUPIED,0.8263465415347707
1178.0,cctv3,C3_S006,G026,OCCUPIED,OCCUPIED,0.8248682777989995
1178.0,cctv3,C3_S007,G027,EMPTY,EMPTY,0.01
1178.0,cctv3,C3_S008,G028,EMPTY,EMPTY,0.01
1178.0,cctv3,C3_S009,G029,EMPTY,EMPTY,0.01
1178.0,cctv3,C3_S010,G007,OCCUPIED,LEAVING,0.627858331664042
1178.0,cctv3,C3_S011,G008,OCCUPIED,OCCUPIED,0.7940577802332965
1178.0,cctv3,C3_S012,G009,OCCUPIED,OCCUPIED,0.8226702700961721
1179.0,cctv1,C1_S001,G001,OCCUPIED,OCCUPIED,0.7282579217444767
1179.0,cctv1,C1_S002,G002,EMPTY,EMPTY,0.01
1179.0,cctv1,C1_S003,G003,OCCUPIED,OCCUPIED,0.8373660493980755
1179.0,cctv1,C1_S004,G004,OCCUPIED,OCCUPIED,0.7770605233582584
1179.0,cctv1,C1_S005,G005,OCCUPIED,OCCUPIED,0.7503541461446069
1179.0,cctv1,C1_S006,G006,EMPTY,MANEUVERING,0.49
1179.0,cctv2,C2_S001,G007,OCCUPIED,LEAVING,0.7394201836802743
1179.0,cctv2,C2_S002,G008,OCCUPIED,LEAVING,0.8162145620042628
1179.0,cctv2,C2_S003,G009,OCCUPIED,OCCUPIED,0.5819554993053051
1179.0,cctv2,C2_S004,G010,OCCUPIED,OCCUPIED,0.7994400902227923
1179.0,cctv2,C2_S005,G001,EMPTY,EMPTY,0.01
1179.0,cctv2,C2_S006,G003,OCCUPIED,OCCUPIED,0.8175776159221476
1179.0,cctv2,C2_S007,G004,OCCUPIED,OCCUPIED,0.7832799731330439
1179.0,cctv2,C2_S008,G006,OCCUPIED,OCCUPIED,0.7519065286625516
1179.0,cctv2,C2_S009,G005,OCCUPIED,OCCUPIED,0.7781116965142164
1179.0,cctv2,C2_S010,G002,EMPTY,MANEUVERING,0.4630261959541927
1179.0,cctv2,C2_S011,G017,OCCUPIED,OCCUPIED,0.7156762656840412
1179.0,cctv2,C2_S012,G018,OCCUPIED,LEAVING,0.7590853533961557
1179.0,cctv2,C2_S013,G019,OCCUPIED,OCCUPIED,0.8313610076904298
1179.0,cctv2,C2_S014,G020,EMPTY,EMPTY,0.01
1179.0,cctv3,C3_S001,G021,OCCUPIED,OCCUPIED,0.7537488470023329
1179.0,cctv3,C3_S002,G019,EMPTY,EMPTY,0.01
1179.0,cctv3,C3_S003,G020,OCCUPIED,LEAVING,0.7956680907444521
1179.0,cctv3,C3_S004,G024,OCCUPIED,OCCUPIED,0.8281922435218638
1179.0,cctv3,C3_S005,G025,OCCUPIED,OCCUPIED,0.8265149517492816
1179.0,cctv3,C3_S006,G026,OCCUPIED,OCCUPIED,0.8249577497894114
1179.0,cctv3,C3_S007,G027,EMPTY,EMPTY,0.01
1179.0,cctv3,C3_S008,G028,EMPTY,EMPTY,0.01
1179.0,cctv3,C3_S009,G029,EMPTY,EMPTY,0.01
1179.0,cctv3,C3_S010,G007,OCCUPIED,OCCUPIED,0.6645430871200833
1179.0,cctv3,C3_S011,G008,OCCUPIED,OCCUPIED,0.7945224794474516
1179.0,cctv3,C3_S012,G009,OCCUPIED,OCCUPIED,0.8227968289093538
1180.0,cctv1,C1_S001,G001,OCCUPIED,OCCUPIED,0.7277196440507065
1180.0,cctv1,C1_S002,G002,EMPTY,EMPTY,0.01
1180.0,cctv1,C1_S003,G003,OCCUPIED,OCCUPIED,0.8375301518223504
1180.0,cctv1,C1_S004,G004,OCCUPIED,OCCUPIED,0.7750437797470526
1180.0,cctv1,C1_S005,G005,OCCUPIED,OCCUPIED,0.7491526741873135
1180.0,cctv1,C1_S006,G006,EMPTY,MANEUVERING,0.49
1180.0,cctv2,C2_S001,G007,OCCUPIED,LEAVING,0.7398878573016687
1180.0,cctv2,C2_S002,G008,OCCUPIED,OCCUPIED,0.8171933886679736
1180.0,cctv2,C2_S003,G009,OCCUPIED,OCCUPIED,0.5862727371146056
1180.0,cctv2,C2_S004,G010,OCCUPIED,OCCUPIED,0.7991690367460251
1180.0,cctv2,C2_S005,G001,EMPTY,EMPTY,0.01
1180.0,cctv2,C2_S006,G003,OCCUPIED,OCCUPIED,0.8180028305812316
1180.0,cctv2,C2_S007,G004,OCCUPIED,OCCUPIED,0.7833968605507504
1180.0,cctv2,C2_S008,G006,OCCUPIED,OCCUPIED,0.7515586274591359
1180.0,cctv2,C2_S009,G005,OCCUPIED,OCCUPIED,0.7768932250413029
1180.0,cctv2,C2_S010,G002,EMPTY,MANEUVERING,0.49
1180.0,cctv2,C2_S011,G017,OCCUPIED,OCCUPIED,0.7227163859118116
1180.0,cctv2,C2_S012,G018,OCCUPIED,LEAVING,0.7615000478245996
1180.0,cctv2,C2_S013,G019,OCCUPIED,OCCUPIED,0.8314914110031996
1180.0,cctv2,C2_S014,G020,EMPTY,EMPTY,0.01
1180.0,cctv3,C3_S001,G021,OCCUPIED,OCCUPIED,0.7536764066327702
1180.0,cctv3,C3_S002,G019,EMPTY,EMPTY,0.01
1180.0,cctv3,C3_S003,G020,OCCUPIED,LEAVING,0.7966267276893964
1180.0,cctv3,C3_S004,G024,OCCUPIED,OCCUPIED,0.828025189854882
1180.0,cctv3,C3_S005,G025,OCCUPIED,OCCUPIED,0.826626840504733
1180.0,cctv3,C3_S006,G026,OCCUPIED,OCCUPIED,0.8251496691595425
1180.0,cctv3,C3_S007,G027,EMPTY,EMPTY,0.01
1180.0,cctv3,C3_S008,G028,EMPTY,EMPTY,0.01
1180.0,cctv3,C3_S009,G029,EMPTY,EMPTY,0.01
1180.0,cctv3,C3_S010,G007,OCCUPIED,OCCUPIED,0.6626815373924646
1180.0,cctv3,C3_S011,G008,OCCUPIED,OCCUPIED,0.7956351402130994
1180.0,cctv3,C3_S012,G009,OCCUPIED,OCCUPIED,0.8231416463851929
1181.0,cctv1,C1_S001,G001,OCCUPIED,OCCUPIED,0.72781963436441
1181.0,cctv1,C1_S002,G002,EMPTY,EMPTY,0.01
1181.0,cctv1,C1_S003,G003,OCCUPIED,OCCUPIED,0.8375543372197585
1181.0,cctv1,C1_S004,G004,OCCUPIED,OCCUPIED,0.7761736464771358
1181.0,cctv1,C1_S005,G005,OCCUPIED,LEAVING,0.7492151403968985
1181.0,cctv1,C1_S006,G006,EMPTY,MANEUVERING,0.49
1181.0,cctv2,C2_S001,G007,OCCUPIED,LEAVING,0.7400548658587717
1181.0,cctv2,C2_S002,G008,OCCUPIED,OCCUPIED,0.8172728698362004
1181.0,cctv2,C2_S003,G009,OCCUPIED,OCCUPIED,0.51
1181.0,cctv2,C2_S004,G010,OCCUPIED,OCCUPIED,0.7981857202269815
1181.0,cctv2,C2_S005,G001,EMPTY,EMPTY,0.01
1181.0,cctv2,C2_S006,G003,OCCUPIED,OCCUPIED,0.8179761653596705
1181.0,cctv2,C2_S007,G004,OCCUPIED,OCCUPIED,0.7828529199415988
1181.0,cctv2,C2_S008,G006,OCCUPIED,OCCUPIED,0.7500885367393494
1181.0,cctv2,C2_S009,G005,OCCUPIED,OCCUPIED,0.7769817505370488
1181.0,cctv2,C2_S010,G002,EMPTY,MANEUVERING,0.4623147027600895
1181.0,cctv2,C2_S011,G017,OCCUPIED,OCCUPIED,0.7275321312655103
1181.0,cctv2,C2_S012,G018,OCCUPIED,LEAVING,0.7634884835644202
1181.0,cctv2,C2_S013,G019,OCCUPIED,OCCUPIED,0.8316893490878019
1181.0,cctv2,C2_S014,G020,EMPTY,EMPTY,0.01
1181.0,cctv3,C3_S001,G021,OCCUPIED,LEAVING,0.7569732401858678
1181.0,cctv3,C3_S002,G019,EMPTY,EMPTY,0.01
1181.0,cctv3,C3_S003,G020,OCCUPIED,LEAVING,0.795595700361512
1181.0,cctv3,C3_S004,G024,OCCUPIED,OCCUPIED,0.8279935089024631
1181.0,cctv3,C3_S005,G025,OCCUPIED,OCCUPIED,0.827399076927792
1181.0,cctv3,C3_S006,G026,OCCUPIED,OCCUPIED,0.8251053135503423
1181.0,cctv3,C3_S007,G027,EMPTY,EMPTY,0.01
1181.0,cctv3,C3_S008,G028,EMPTY,EMPTY,0.01
1181.0,cctv3,C3_S009,G029,EMPTY,EMPTY,0.01
1181.0,cctv3,C3_S010,G007,OCCUPIED,OCCUPIED,0.6620541597631845
1181.0,cctv3,C3_S011,G008,OCCUPIED,OCCUPIED,0.794704154404727
1181.0,cctv3,C3_S012,G009,OCCUPIED,OCCUPIED,0.8227799765088342
1182.0,cctv1,C1_S001,G001,OCCUPIED,OCCUPIED,0.7273449898443439
1182.0,cctv1,C1_S002,G002,EMPTY,EMPTY,0.01
1182.0,cctv1,C1_S003,G003,OCCUPIED,OCCUPIED,0.8377353912050074
1182.0,cctv1,C1_S004,G004,OCCUPIED,OCCUPIED,0.7750128282742067
1182.0,cctv1,C1_S005,G005,OCCUPIED,LEAVING,0.7477196662263438
1182.0,cctv1,C1_S006,G006,EMPTY,MANEUVERING,0.49
1182.0,cctv2,C2_S001,G007,OCCUPIED,LEAVING,0.7393515654585578
1182.0,cctv2,C2_S002,G008,OCCUPIED,OCCUPIED,0.8175280332565308
1182.0,cctv2,C2_S003,G009,OCCUPIED,OCCUPIED,0.5853768357177349
1182.0,cctv2,C2_S004,G010,OCCUPIED,OCCUPIED,0.799103959852999
1182.0,cctv2,C2_S005,G001,EMPTY,EMPTY,0.01
1182.0,cctv2,C2_S006,G003,OCCUPIED,OCCUPIED,0.8182382269339129
1182.0,cctv2,C2_S007,G004,OCCUPIED,OCCUPIED,0.7817124544219538
1182.0,cctv2,C2_S008,G006,OCCUPIED,OCCUPIED,0.750519819693132
1182.0,cctv2,C2_S009,G005,OCCUPIED,OCCUPIED,0.7765625627203422
1182.0,cctv2,C2_S010,G002,EMPTY,MANEUVERING,0.4173147027600895
1182.0,cctv2,C2_S011,G017,OCCUPIED,OCCUPIED,0.7247769335562533
1182.0,cctv2,C2_S012,G018,OCCUPIED,LEAVING,0.7625869398767299
1182.0,cctv2,C2_S013,G019,OCCUPIED,OCCUPIED,0.8317706647244367
1182.0,cctv2,C2_S014,G020,EMPTY,EMPTY,0.01
1182.0,cctv3,C3_S001,G021,OCCUPIED,LEAVING,0.7582574302499945
1182.0,cctv3,C3_S002,G019,EMPTY,EMPTY,0.01
1182.0,cctv3,C3_S003,G020,OCCUPIED,LEAVING,0.79818517240611
1182.0,cctv3,C3_S004,G024,OCCUPIED,OCCUPIED,0.8278843364932321
1182.0,cctv3,C3_S005,G025,OCCUPIED,OCCUPIED,0.8284317217089914
1182.0,cctv3,C3_S006,G026,OCCUPIED,OCCUPIED,0.8252061954953455
1182.0,cctv3,C3_S007,G027,EMPTY,EMPTY,0.01
1182.0,cctv3,C3_S008,G028,EMPTY,EMPTY,0.01
1182.0,cctv3,C3_S009,G029,EMPTY,EMPTY,0.01
1182.0,cctv3,C3_S010,G007,OCCUPIED,OCCUPIED,0.6970735407688401
1182.0,cctv3,C3_S011,G008,OCCUPIED,OCCUPIED,0.7949007172476162
1182.0,cctv3,C3_S012,G009,OCCUPIED,OCCUPIED,0.8227707399563357
1183.0,cctv1,C1_S001,G001,OCCUPIED,OCCUPIED,0.7258052823895759
1183.0,cctv1,C1_S002,G002,EMPTY,EMPTY,0.01
1183.0,cctv1,C1_S003,G003,OCCUPIED,OCCUPIED,0.8376176097176292
1183.0,cctv1,C1_S004,G004,OCCUPIED,OCCUPIED,0.7744235437024725
1183.0,cctv1,C1_S005,G005,OCCUPIED,LEAVING,0.7481583484194496
1183.0,cctv1,C1_S006,G006,EMPTY,MANEUVERING,0.4898593563129279
1183.0,cctv2,C2_S001,G007,OCCUPIED,LEAVING,0.7395257911898874
1183.0,cctv2,C2_S002,G008,OCCUPIED,OCCUPIED,0.8174456967548891
1183.0,cctv2,C2_S003,G009,OCCUPIED,OCCUPIED,0.5858273051780734
1183.0,cctv2,C2_S004,G010,OCCUPIED,OCCUPIED,0.7983525820753792
1183.0,cctv2,C2_S005,G001,EMPTY,EMPTY,0.01
1183.0,cctv2,C2_S006,G003,OCCUPIED,OCCUPIED,0.8188093448227103
1183.0,cctv2,C2_S007,G004,OCCUPIED,OCCUPIED,0.7838128817352382
1183.0,cctv2,C2_S008,G006,OCCUPIED,OCCUPIED,0.7505072974345901
1183.0,cctv2,C2_S009,G005,OCCUPIED,OCCUPIED,0.7754411571405151
1183.0,cctv2,C2_S010,G002,EMPTY,MANEUVERING,0.4629172610152851
1183.0,cctv2,C2_S011,G017,OCCUPIED,OCCUPIED,0.7246517768068748
1183.0,cctv2,C2_S012,G018,OCCUPIED,LEAVING,0.7628314703702928
1183.0,cctv2,C2_S013,G019,OCCUPIED,OCCUPIED,0.83165223300457
1183.0,cctv2,C2_S014,G020,EMPTY,EMPTY,0.01
1183.0,cctv3,C3_S001,G021,OCCUPIED,LEAVING,0.75864753682505
1183.0,cctv3,C3_S002,G019,EMPTY,EMPTY,0.01
1183.0,cctv3,C3_S003,G020,OCCUPIED,LEAVING,0.8006570458412171
1183.0,cctv3,C3_S004,G024,OCCUPIED,OCCUPIED,0.8277274906635285
1183.0,cctv3,C3_S005,G025,OCCUPIED,OCCUPIED,0.8283611568537625
1183.0,cctv3,C3_S006,G026,OCCUPIED,OCCUPIED,0.825287336381999
1183.0,cctv3,C3_S007,G027,EMPTY,EMPTY,0.01
1183.0,cctv3,C3_S008,G028,EMPTY,EMPTY,0.01
1183.0,cctv3,C3_S009,G029,EMPTY,EMPTY,0.01
1183.0,cctv3,C3_S010,G007,OCCUPIED,OCCUPIED,0.734439013640989
1183.0,cctv3,C3_S011,G008,OCCUPIED,OCCUPIED,0.7952005451375789
1183.0,cctv3,C3_S012,G009,OCCUPIED,OCCUPIED,0.8227484833110463
1184.0,cctv1,C1_S001,G001,OCCUPIED,OCCUPIED,0.7254596677693455
1184.0,cctv1,C1_S002,G002,EMPTY,EMPTY,0.01
1184.0,cctv1,C1_S003,G003,OCCUPIED,OCCUPIED,0.8374530407515439
1184.0,cctv1,C1_S004,G004,OCCUPIED,OCCUPIED,0.7745841807939791
1184.0,cctv1,C1_S005,G005,OCCUPIED,LEAVING,0.7503025245937435
1184.0,cctv1,C1_S006,G006,EMPTY,MANEUVERING,0.4086885425583883
1184.0,cctv2,C2_S001,G007,OCCUPIED,LEAVING,0.7483161807737568
1184.0,cctv2,C2_S002,G008,OCCUPIED,OCCUPIED,0.8174435599283739
1184.0,cctv2,C2_S003,G009,OCCUPIED,OCCUPIED,0.58493262111294
1184.0,cctv2,C2_S004,G010,OCCUPIED,OCCUPIED,0.7975827450102027
1184.0,cctv2,C2_S005,G001,EMPTY,EMPTY,0.01
1184.0,cctv2,C2_S006,G003,OCCUPIED,OCCUPIED,0.8191387647932227
1184.0,cctv2,C2_S007,G004,OCCUPIED,OCCUPIED,0.7844017176465555
1184.0,cctv2,C2_S008,G006,OCCUPIED,OCCUPIED,0.7515143742615527
1184.0,cctv2,C2_S009,G005,OCCUPIED,OCCUPIED,0.7750956784595143
1184.0,cctv2,C2_S010,G002,EMPTY,MANEUVERING,0.4626053111661564
1184.0,cctv2,C2_S011,G017,OCCUPIED,OCCUPIED,0.7247400418032299
1184.0,cctv2,C2_S012,G018,OCCUPIED,LEAVING,0.7624605773524805
1184.0,cctv2,C2_S013,G019,OCCUPIED,OCCUPIED,0.8316737906499343
1184.0,cctv2,C2_S014,G020,EMPTY,EMPTY,0.01
1184.0,cctv3,C3_S001,G021,OCCUPIED,LEAVING,0.7589748272841628
1184.0,cctv3,C3_S002,G019,EMPTY,EMPTY,0.01
1184.0,cctv3,C3_S003,G020,OCCUPIED,LEAVING,0.7992207318544389
1184.0,cctv3,C3_S004,G024,OCCUPIED,OCCUPIED,0.8276940296996724
1184.0,cctv3,C3_S005,G025,OCCUPIED,OCCUPIED,0.8288721631873739
1184.0,cctv3,C3_S006,G026,OCCUPIED,OCCUPIED,0.82526492042975
1184.0,cctv3,C3_S007,G027,EMPTY,EMPTY,0.01
1184.0,cctv3,C3_S008,G028,EMPTY,EMPTY,0.01
1184.0,cctv3,C3_S009,G029,EMPTY,EMPTY,0.01
1184.0,cctv3,C3_S010,G007,OCCUPIED,OCCUPIED,0.7335597274113785
1184.0,cctv3,C3_S011,G008,OCCUPIED,OCCUPIED,0.794889582829042
1184.0,cctv3,C3_S012,G009,OCCUPIED,OCCUPIED,0.822054903886535
1185.0,cctv1,C1_S001,G001,OCCUPIED,OCCUPIED,0.7249469104815613
1185.0,cctv1,C1_S002,G002,EMPTY,EMPTY,0.01
1185.0,cctv1,C1_S003,G003,OCCUPIED,OCCUPIED,0.837244546955282
1185.0,cctv1,C1_S004,G004,OCCUPIED,OCCUPIED,0.7738379748030143
1185.0,cctv1,C1_S005,G005,OCCUPIED,LEAVING,0.7495575585148552
1185.0,cctv1,C1_S006,G006,EMPTY,MANEUVERING,0.3723498552089387
1185.0,cctv2,C2_S001,G007,OCCUPIED,LEAVING,0.7497894064269284
1185.0,cctv2,C2_S002,G008,OCCUPIED,OCCUPIED,0.817282878539779
1185.0,cctv2,C2_S003,G009,OCCUPIED,OCCUPIED,0.6291141930882904
1185.0,cctv2,C2_S004,G010,OCCUPIED,OCCUPIED,0.7964525352824818
1185.0,cctv2,C2_S005,G001,EMPTY,EMPTY,0.01
1185.0,cctv2,C2_S006,G003,OCCUPIED,OCCUPIED,0.8186671089042318
1185.0,cctv2,C2_S007,G004,OCCUPIED,OCCUPIED,0.7839586329731075
1185.0,cctv2,C2_S008,G006,OCCUPIED,OCCUPIED,0.7500058718703011
1185.0,cctv2,C2_S009,G005,OCCUPIED,OCCUPIED,0.7746635550802405
1185.0,cctv2,C2_S010,G002,EMPTY,MANEUVERING,0.415637624968182
1185.0,cctv2,C2_S011,G017,OCCUPIED,LEAVING,0.7215508455579932
1185.0,cctv2,C2_S012,G018,OCCUPIED,LEAVING,0.7611957113851201
1185.0,cctv2,C2_S013,G019,OCCUPIED,OCCUPIED,0.8317435183308342
1185.0,cctv2,C2_S014,G020,EMPTY,EMPTY,0.01
1185.0,cctv3,C3_S001,G021,OCCUPIED,LEAVING,0.7590931748802012
1185.0,cctv3,C3_S002,G019,EMPTY,EMPTY,0.01
1185.0,cctv3,C3_S003,G020,OCCUPIED,LEAVING,0.8001808708364314
1185.0,cctv3,C3_S004,G024,OCCUPIED,OCCUPIED,0.8278493604876779
1185.0,cctv3,C3_S005,G025,OCCUPIED,OCCUPIED,0.8290632632645695
1185.0,cctv3,C3_S006,G026,OCCUPIED,OCCUPIED,0.8253713512962515
1185.0,cctv3,C3_S007,G027,EMPTY,EMPTY,0.01
1185.0,cctv3,C3_S008,G028,EMPTY,EMPTY,0.01
1185.0,cctv3,C3_S009,G029,EMPTY,EMPTY,0.01
1185.0,cctv3,C3_S010,G007,OCCUPIED,OCCUPIED,0.7702174034985629
1185.0,cctv3,C3_S011,G008,OCCUPIED,OCCUPIED,0.7944035933776336
1185.0,cctv3,C3_S012,G009,OCCUPIED,OCCUPIED,0.8220430525866422
1186.0,cctv1,C1_S001,G001,OCCUPIED,OCCUPIED,0.7240882226011971
1186.0,cctv1,C1_S002,G002,EMPTY,EMPTY,0.01
1186.0,cctv1,C1_S003,G003,OCCUPIED,OCCUPIED,0.8371289925141768
1186.0,cctv1,C1_S004,G004,OCCUPIED,OCCUPIED,0.7742237353866751
1186.0,cctv1,C1_S005,G005,OCCUPIED,OCCUPIED,0.7487680584192277
1186.0,cctv1,C1_S006,G006,EMPTY,MANEUVERING,0.3348184748942202
1186.0,cctv2,C2_S001,G007,OCCUPIED,LEAVING,0.7514846683903175
1186.0,cctv2,C2_S002,G008,OCCUPIED,OCCUPIED,0.8181908095424826
1186.0,cctv2,C2_S003,G009,OCCUPIED,OCCUPIED,0.6640918298878453
1186.0,cctv2,C2_S004,G010,OCCUPIED,OCCUPIED,0.7975144437768243
1186.0,cctv2,C2_S005,G001,EMPTY,EMPTY,0.01
1186.0,cctv2,C2_S006,G003,OCCUPIED,OCCUPIED,0.8187438314611262
1186.0,cctv2,C2_S007,G004,OCCUPIED,OCCUPIED,0.7839287043972449
1186.0,cctv2,C2_S008,G006,OCCUPIED,OCCUPIED,0.7489503771066667
1186.0,cctv2,C2_S009,G005,OCCUPIED,OCCUPIED,0.7758032768964768
1186.0,cctv2,C2_S010,G002,EMPTY,MANEUVERING,0.49
1186.0,cctv2,C2_S011,G017,OCCUPIED,OCCUPIED,0.723830653873357
1186.0,cctv2,C2_S012,G018,OCCUPIED,LEAVING,0.7619009502909401
1186.0,cctv2,C2_S013,G019,OCCUPIED,OCCUPIED,0.8317746677181939
1186.0,cctv2,C2_S014,G020,EMPTY,EMPTY,0.01
1186.0,cctv3,C3_S001,G021,OCCUPIED,LEAVING,0.7611868995157156
1186.0,cctv3,C3_S002,G019,EMPTY,EMPTY,0.01
1186.0,cctv3,C3_S003,G020,OCCUPIED,LEAVING,0.80026570585641
1186.0,cctv3,C3_S004,G024,OCCUPIED,OCCUPIED,0.8278118981556459
1186.0,cctv3,C3_S005,G025,OCCUPIED,OCCUPIED,0.8290879899805244
1186.0,cctv3,C3_S006,G026,OCCUPIED,OCCUPIED,0.8251926210793583
1186.0,cctv3,C3_S007,G027,EMPTY,EMPTY,0.01
1186.0,cctv3,C3_S008,G028,EMPTY,EMPTY,0.01
1186.0,cctv3,C3_S009,G029,EMPTY,EMPTY,0.01
1186.0,cctv3,C3_S010,G007,OCCUPIED,OCCUPIED,0.6887605345655572
1186.0,cctv3,C3_S011,G008,OCCUPIED,OCCUPIED,0.794514470208775
1186.0,cctv3,C3_S012,G009,OCCUPIED,OCCUPIED,0.82196733138778
1187.0,cctv1,C1_S001,G001,OCCUPIED,OCCUPIED,0.7237869473343547
1187.0,cctv1,C1_S002,G002,EMPTY,EMPTY,0.01
1187.0,cctv1,C1_S003,G003,OCCUPIED,OCCUPIED,0.8370494650168853
1187.0,cctv1,C1_S004,G004,OCCUPIED,OCCUPIED,0.7739797405221246
1187.0,cctv1,C1_S005,G005,OCCUPIED,OCCUPIED,0.7503062138503249
1187.0,cctv1,C1_S006,G006,EMPTY,MANEUVERING,0.2983907053484158
1187.0,cctv2,C2_S001,G007,OCCUPIED,LEAVING,0.7544045361605558
1187.0,cctv2,C2_S002,G008,OCCUPIED,OCCUPIED,0.8173440532250839
1187.0,cctv2,C2_S003,G009,OCCUPIED,OCCUPIED,0.6631672076203606
1187.0,cctv2,C2_S004,G010,OCCUPIED,OCCUPIED,0.7972462968392806
1187.0,cctv2,C2_S005,G001,EMPTY,EMPTY,0.01
1187.0,cctv2,C2_S006,G003,OCCUPIED,OCCUPIED,0.8189340122721412
1187.0,cctv2,C2_S007,G004,OCCUPIED,OCCUPIED,0.7856905857270415
1187.0,cctv2,C2_S008,G006,OCCUPIED,OCCUPIED,0.7489456539804286
1187.0,cctv2,C2_S009,G005,OCCUPIED,OCCUPIED,0.776046813347123
1187.0,cctv2,C2_S010,G002,EMPTY,MANEUVERING,0.49
1187.0,cctv2,C2_S011,G017,OCCUPIED,OCCUPIED,0.7236632397337394
1187.0,cctv2,C2_S012,G018,OCCUPIED,LEAVING,0.7605055375532671
1187.0,cctv2,C2_S013,G019,OCCUPIED,OCCUPIED,0.8318993961269205
1187.0,cctv2,C2_S014,G020,EMPTY,EMPTY,0.01
1187.0,cctv3,C3_S001,G021,OCCUPIED,LEAVING,0.762850554693829
1187.0,cctv3,C3_S002,G019,EMPTY,EMPTY,0.01
1187.0,cctv3,C3_S003,G020,OCCUPIED,LEAVING,0.7992882828820836
1187.0,cctv3,C3_S004,G024,OCCUPIED,OCCUPIED,0.8278732752258128
1187.0,cctv3,C3_S005,G025,OCCUPIED,OCCUPIED,0.8288579019633207
1187.0,cctv3,C3_S006,G026,OCCUPIED,OCCUPIED,0.8250086784362793
1187.0,cctv3,C3_S007,G027,EMPTY,EMPTY,0.01
1187.0,cctv3,C3_S008,G028,EMPTY,EMPTY,0.01
1187.0,cctv3,C3_S009,G029,EMPTY,EMPTY,0.01
1187.0,cctv3,C3_S010,G007,OCCUPIED,OCCUPIED,0.6074978289820931
1187.0,cctv3,C3_S011,G008,OCCUPIED,OCCUPIED,0.7945737445896323
1187.0,cctv3,C3_S012,G009,OCCUPIED,OCCUPIED,0.8218998413194311
1188.0,cctv1,C1_S001,G001,OCCUPIED,OCCUPIED,0.7236690890382638
1188.0,cctv1,C1_S002,G002,EMPTY,EMPTY,0.01
1188.0,cctv1,C1_S003,G003,OCCUPIED,OCCUPIED,0.8369810987602582
1188.0,cctv1,C1_S004,G004,OCCUPIED,OCCUPIED,0.7741452238776467
1188.0,cctv1,C1_S005,G005,OCCUPIED,OCCUPIED,0.7543722346425057
1188.0,cctv1,C1_S006,G006,EMPTY,MANEUVERING,0.2612448805841532
1188.0,cctv2,C2_S001,G007,OCCUPIED,LEAVING,0.7558499542149631
1188.0,cctv2,C2_S002,G008,OCCUPIED,OCCUPIED,0.817355778542432
1188.0,cctv2,C2_S003,G009,OCCUPIED,OCCUPIED,0.5830081855979833
1188.0,cctv2,C2_S004,G010,OCCUPIED,OCCUPIED,0.7944329095157711
1188.0,cctv2,C2_S005,G001,EMPTY,EMPTY,0.01
1188.0,cctv2,C2_S006,G003,OCCUPIED,OCCUPIED,0.8188435868783431
1188.0,cctv2,C2_S007,G004,OCCUPIED,OCCUPIED,0.786962177130309
1188.0,cctv2,C2_S008,G006,OCCUPIED,OCCUPIED,0.7495403679934416
1188.0,cctv2,C2_S009,G005,OCCUPIED,OCCUPIED,0.7750628978013993
1188.0,cctv2,C2_S010,G002,EMPTY,MANEUVERING,0.49
1188.0,cctv2,C2_S011,G017,OCCUPIED,OCCUPIED,0.7308182883750309
1188.0,cctv2,C2_S012,G018,OCCUPIED,LEAVING,0.7627906475554813
1188.0,cctv2,C2_S013,G019,OCCUPIED,OCCUPIED,0.8318758414550261
1188.0,cctv2,C2_S014,G020,EMPTY,EMPTY,0.01
1188.0,cctv3,C3_S001,G021,OCCUPIED,LEAVING,0.7632956152612513
1188.0,cctv3,C3_S002,G019,EMPTY,EMPTY,0.01
1188.0,cctv3,C3_S003,G020,OCCUPIED,LEAVING,0.7991076141595841
1188.0,cctv3,C3_S004,G024,OCCUPIED,OCCUPIED,0.827689495140856
1188.0,cctv3,C3_S005,G025,OCCUPIED,OCCUPIED,0.8289831976998937
1188.0,cctv3,C3_S006,G026,OCCUPIED,OCCUPIED,0.82508410459215
1188.0,cctv3,C3_S007,G027,EMPTY,EMPTY,0.01
1188.0,cctv3,C3_S008,G028,EMPTY,EMPTY,0.01
1188.0,cctv3,C3_S009,G029,EMPTY,EMPTY,0.01
1188.0,cctv3,C3_S010,G007,OCCUPIED,OCCUPIED,0.5268370466780934
1188.0,cctv3,C3_S011,G008,OCCUPIED,OCCUPIED,0.7951589627699419
1188.0,cctv3,C3_S012,G009,OCCUPIED,OCCUPIED,0.8218453445217827
1189.0,cctv1,C1_S001,G001,OCCUPIED,OCCUPIED,0.7247896946289323
1189.0,cctv1,C1_S002,G002,EMPTY,EMPTY,0.01
1189.0,cctv1,C1_S003,G003,OCCUPIED,OCCUPIED,0.8368835907090795
1189.0,cctv1,C1_S004,G004,OCCUPIED,OCCUPIED,0.775467728891156
1189.0,cctv1,C1_S005,G005,OCCUPIED,OCCUPIED,0.7397013852722718
1189.0,cctv1,C1_S006,G006,EMPTY,MANEUVERING,0.3078927828642455
1189.0,cctv2,C2_S001,G007,OCCUPIED,LEAVING,0.7559964727271687
1189.0,cctv2,C2_S002,G008,OCCUPIED,OCCUPIED,0.817195871743289
1189.0,cctv2,C2_S003,G009,OCCUPIED,OCCUPIED,0.6183124586759191
1189.0,cctv2,C2_S004,G010,OCCUPIED,OCCUPIED,0.7941398659890349
1189.0,cctv2,C2_S005,G001,EMPTY,EMPTY,0.01
1189.0,cctv2,C2_S006,G003,OCCUPIED,OCCUPIED,0.8188986786387185
1189.0,cctv2,C2_S007,G004,OCCUPIED,OCCUPIED,0.7893029551614416
1189.0,cctv2,C2_S008,G006,OCCUPIED,OCCUPIED,0.7498865578662266
1189.0,cctv2,C2_S009,G005,OCCUPIED,OCCUPIED,0.7750544000755657
1189.0,cctv2,C2_S010,G002,EMPTY,MANEUVERING,0.49
1189.0,cctv2,C2_S011,G017,OCCUPIED,OCCUPIED,0.7313825841058385
1189.0,cctv2,C2_S012,G018,OCCUPIED,LEAVING,0.7617940467866985
1189.0,cctv2,C2_S013,G019,OCCUPIED,OCCUPIED,0.8321167655966499
1189.0,cctv2,C2_S014,G020,EMPTY,EMPTY,0.01
1189.0,cctv3,C3_S001,G021,OCCUPIED,LEAVING,0.7633126720786095
1189.0,cctv3,C3_S002,G019,EMPTY,EMPTY,0.01
1189.0,cctv3,C3_S003,G020,OCCUPIED,LEAVING,0.7971538573503495
1189.0,cctv3,C3_S004,G024,OCCUPIED,OCCUPIED,0.8277873494408348
1189.0,cctv3,C3_S005,G025,OCCUPIED,OCCUPIED,0.8289590001106263
1189.0,cctv3,C3_S006,G026,OCCUPIED,OCCUPIED,0.8252105796878989
1189.0,cctv3,C3_S007,G027,EMPTY,EMPTY,0.01
1189.0,cctv3,C3_S008,G028,EMPTY,EMPTY,0.01
1189.0,cctv3,C3_S009,G029,EMPTY,EMPTY,0.01
1189.0,cctv3,C3_S010,G007,OCCUPIED,OCCUPIED,0.526500831219283
1189.0,cctv3,C3_S011,G008,OCCUPIED,OCCUPIED,0.7959130065007644
1189.0,cctv3,C3_S012,G009,OCCUPIED,OCCUPIED,0.8209249851378528
1190.0,cctv1,C1_S001,G001,OCCUPIED,OCCUPIED,0.7250671766698361
1190.0,cctv1,C1_S002,G002,EMPTY,EMPTY,0.01
1190.0,cctv1,C1_S003,G003,OCCUPIED,OCCUPIED,0.8369004406712273
1190.0,cctv1,C1_S004,G004,OCCUPIED,OCCUPIED,0.7748881270939654
1190.0,cctv1,C1_S005,G005,OCCUPIED,OCCUPIED,0.7412336909662594
1190.0,cctv1,C1_S006,G006,EMPTY,MANEUVERING,0.2703275619379499
1190.0,cctv2,C2_S001,G007,OCCUPIED,LEAVING,0.7549666546285153
1190.0,cctv2,C2_S002,G008,OCCUPIED,OCCUPIED,0.8170219451189041
1190.0,cctv2,C2_S003,G009,OCCUPIED,OCCUPIED,0.614015759757974
1190.0,cctv2,C2_S004,G010,OCCUPIED,OCCUPIED,0.7935291456905279
1190.0,cctv2,C2_S005,G001,EMPTY,EMPTY,0.01
1190.0,cctv2,C2_S006,G003,OCCUPIED,OCCUPIED,0.8189991070465609
1190.0,cctv2,C2_S007,G004,OCCUPIED,OCCUPIED,0.790249557115815
1190.0,cctv2,C2_S008,G006,OCCUPIED,OCCUPIED,0.7490854694084689
1190.0,cctv2,C2_S009,G005,OCCUPIED,OCCUPIED,0.7738253797997129
1190.0,cctv2,C2_S010,G002,EMPTY,MANEUVERING,0.49
1190.0,cctv2,C2_S011,G017,OCCUPIED,OCCUPIED,0.7307887901717967
1190.0,cctv2,C2_S012,G018,OCCUPIED,LEAVING,0.7618310303850608
1190.0,cctv2,C2_S013,G019,OCCUPIED,OCCUPIED,0.8319717247377743
1190.0,cctv2,C2_S014,G020,EMPTY,EMPTY,0.01
1190.0,cctv3,C3_S001,G021,OCCUPIED,LEAVING,0.7624443568966606
1190.0,cctv3,C3_S002,G019,EMPTY,EMPTY,0.01
1190.0,cctv3,C3_S003,G020,OCCUPIED,LEAVING,0.7971480597149243
1190.0,cctv3,C3_S004,G024,OCCUPIED,OCCUPIED,0.8276762198318135
1190.0,cctv3,C3_S005,G025,OCCUPIED,OCCUPIED,0.8288376472213053
1190.0,cctv3,C3_S006,G026,OCCUPIED,OCCUPIED,0.8251022184436972
1190.0,cctv3,C3_S007,G027,EMPTY,EMPTY,0.01
1190.0,cctv3,C3_S008,G028,EMPTY,EMPTY,0.01
1190.0,cctv3,C3_S009,G029,EMPTY,EMPTY,0.01
1190.0,cctv3,C3_S010,G007,OCCUPIED,OCCUPIED,0.51
1190.0,cctv3,C3_S011,G008,OCCUPIED,OCCUPIED,0.7964768913659184
1190.0,cctv3,C3_S012,G009,OCCUPIED,OCCUPIED,0.820837487415834
1191.0,cctv1,C1_S001,G001,OCCUPIED,OCCUPIED,0.7249644279479981
1191.0,cctv1,C1_S002,G002,EMPTY,EMPTY,0.01
1191.0,cctv1,C1_S003,G003,OCCUPIED,OCCUPIED,0.8367118212309751
1191.0,cctv1,C1_S004,G004,OCCUPIED,OCCUPIED,0.7764655045487665
1191.0,cctv1,C1_S005,G005,OCCUPIED,OCCUPIED,0.7320171387900006
1191.0,cctv1,C1_S006,G006,EMPTY,MANEUVERING,0.2190699068592353
1191.0,cctv2,C2_S001,G007,OCCUPIED,LEAVING,0.7531524186107246
1191.0,cctv2,C2_S002,G008,OCCUPIED,OCCUPIED,0.8155966062437405
1191.0,cctv2,C2_S003,G009,OCCUPIED,OCCUPIED,0.5286142204244706
1191.0,cctv2,C2_S004,G010,OCCUPIED,OCCUPIED,0.7896947031671351
1191.0,cctv2,C2_S005,G001,EMPTY,EMPTY,0.01
1191.0,cctv2,C2_S006,G003,OCCUPIED,OCCUPIED,0.8189794700254094
1191.0,cctv2,C2_S007,G004,OCCUPIED,OCCUPIED,0.7902668581767516
1191.0,cctv2,C2_S008,G006,OCCUPIED,OCCUPIED,0.7504093512892723
1191.0,cctv2,C2_S009,G005,OCCUPIED,OCCUPIED,0.775921648063443
1191.0,cctv2,C2_S010,G002,EMPTY,MANEUVERING,0.49
1191.0,cctv2,C2_S011,G017,OCCUPIED,OCCUPIED,0.7297275221564553
1191.0,cctv2,C2_S012,G018,OCCUPIED,LEAVING,0.7600935075770725
1191.0,cctv2,C2_S013,G019,OCCUPIED,OCCUPIED,0.831799973953854
1191.0,cctv2,C2_S014,G020,EMPTY,EMPTY,0.01
1191.0,cctv3,C3_S001,G021,OCCUPIED,LEAVING,0.7609402179718018
1191.0,cctv3,C3_S002,G019,EMPTY,EMPTY,0.01
1191.0,cctv3,C3_S003,G020,OCCUPIED,LEAVING,0.7970498185266148
1191.0,cctv3,C3_S004,G024,OCCUPIED,OCCUPIED,0.8279095346277411
1191.0,cctv3,C3_S005,G025,OCCUPIED,OCCUPIED,0.8288874249566686
1191.0,cctv3,C3_S006,G026,OCCUPIED,OCCUPIED,0.825026376139034
1191.0,cctv3,C3_S007,G027,EMPTY,EMPTY,0.01
1191.0,cctv3,C3_S008,G028,EMPTY,EMPTY,0.01
1191.0,cctv3,C3_S009,G029,EMPTY,EMPTY,0.01
1191.0,cctv3,C3_S010,G007,OCCUPIED,LEAVING,0.5340052681658176
1191.0,cctv3,C3_S011,G008,OCCUPIED,OCCUPIED,0.7949517174200579
1191.0,cctv3,C3_S012,G009,OCCUPIED,OCCUPIED,0.8205390599640934
1192.0,cctv1,C1_S001,G001,OCCUPIED,LEAVING,0.7247977292673154
1192.0,cctv1,C1_S002,G002,EMPTY,EMPTY,0.01
1192.0,cctv1,C1_S003,G003,OCCUPIED,OCCUPIED,0.8366242999380286
1192.0,cctv1,C1_S004,G004,OCCUPIED,OCCUPIED,0.7747757770798424
1192.0,cctv1,C1_S005,G005,OCCUPIED,OCCUPIED,0.722171548225663
1192.0,cctv1,C1_S006,G006,EMPTY,MANEUVERING,0.3099362413043325
1192.0,cctv2,C2_S001,G007,OCCUPIED,LEAVING,0.7544091257859361
1192.0,cctv2,C2_S002,G008,OCCUPIED,OCCUPIED,0.8143437537279996
1192.0,cctv2,C2_S003,G009,OCCUPIED,OCCUPIED,0.5286142204244706
1192.0,cctv2,C2_S004,G010,OCCUPIED,OCCUPIED,0.787461596320976
1192.0,cctv2,C2_S005,G001,EMPTY,EMPTY,0.01
1192.0,cctv2,C2_S006,G003,OCCUPIED,OCCUPIED,0.8195204089988363
1192.0,cctv2,C2_S007,G004,OCCUPIED,OCCUPIED,0.790369902144779
1192.0,cctv2,C2_S008,G006,OCCUPIED,OCCUPIED,0.751841302216053
1192.0,cctv2,C2_S009,G005,OCCUPIED,OCCUPIED,0.7760172826322643
1192.0,cctv2,C2_S010,G002,EMPTY,MANEUVERING,0.49
1192.0,cctv2,C2_S011,G017,OCCUPIED,OCCUPIED,0.727695331866091
1192.0,cctv2,C2_S012,G018,OCCUPIED,LEAVING,0.7596138335087084
1192.0,cctv2,C2_S013,G019,OCCUPIED,OCCUPIED,0.8318773735653271
1192.0,cctv2,C2_S014,G020,EMPTY,EMPTY,0.01
1192.0,cctv3,C3_S001,G021,OCCUPIED,LEAVING,0.758457840437239
1192.0,cctv3,C3_S002,G019,EMPTY,EMPTY,0.01
1192.0,cctv3,C3_S003,G020,OCCUPIED,LEAVING,0.7982346737926658
1192.0,cctv3,C3_S004,G024,OCCUPIED,OCCUPIED,0.8280330609191549
1192.0,cctv3,C3_S005,G025,OCCUPIED,OCCUPIED,0.8287766025824981
1192.0,cctv3,C3_S006,G026,OCCUPIED,OCCUPIED,0.8249437925490467
1192.0,cctv3,C3_S007,G027,EMPTY,EMPTY,0.01
1192.0,cctv3,C3_S008,G028,EMPTY,EMPTY,0.01
1192.0,cctv3,C3_S009,G029,EMPTY,EMPTY,0.01
1192.0,cctv3,C3_S010,G007,OCCUPIED,LEAVING,0.5795708413131825
1192.0,cctv3,C3_S011,G008,OCCUPIED,OCCUPIED,0.7944400039586155
1192.0,cctv3,C3_S012,G009,OCCUPIED,OCCUPIED,0.820749768614769
1193.0,cctv1,C1_S001,G001,OCCUPIED,LEAVING,0.7250860779122873
1193.0,cctv1,C1_S002,G002,EMPTY,EMPTY,0.01
1193.0,cctv1,C1_S003,G003,OCCUPIED,OCCUPIED,0.8364607778462497
1193.0,cctv1,C1_S004,G004,OCCUPIED,OCCUPIED,0.7773269614035434
1193.0,cctv1,C1_S005,G005,OCCUPIED,OCCUPIED,0.7249036089398645
1193.0,cctv1,C1_S006,G006,EMPTY,MANEUVERING,0.2649362413043326
1193.0,cctv2,C2_S001,G007,OCCUPIED,LEAVING,0.7534115447916768
1193.0,cctv2,C2_S002,G008,OCCUPIED,LEAVING,0.8112525777383285
1193.0,cctv2,C2_S003,G009,OCCUPIED,OCCUPIED,0.5286561640267345
1193.0,cctv2,C2_S004,G010,OCCUPIED,OCCUPIED,0.7873314937407321
1193.0,cctv2,C2_S005,G001,EMPTY,EMPTY,0.01
1193.0,cctv2,C2_S006,G003,OCCUPIED,OCCUPIED,0.8193176835775375
1193.0,cctv2,C2_S007,G004,OCCUPIED,OCCUPIED,0.7893965175206011
1193.0,cctv2,C2_S008,G006,OCCUPIED,OCCUPIED,0.7512075949798931
1193.0,cctv2,C2_S009,G005,OCCUPIED,OCCUPIED,0.7763713984326883
1193.0,cctv2,C2_S010,G002,EMPTY,MANEUVERING,0.4729781559690252
1193.0,cctv2,C2_S011,G017,OCCUPIED,OCCUPIED,0.7268810384056785
1193.0,cctv2,C2_S012,G018,OCCUPIED,LEAVING,0.7593268834731797
1193.0,cctv2,C2_S013,G019,OCCUPIED,OCCUPIED,0.8317106677727266
1193.0,cctv2,C2_S014,G020,EMPTY,EMPTY,0.01
1193.0,cctv3,C3_S001,G021,OCCUPIED,LEAVING,0.757548247684132
1193.0,cctv3,C3_S002,G019,EMPTY,EMPTY,0.01
1193.0,cctv3,C3_S003,G020,OCCUPIED,LEAVING,0.796740638667887
1193.0,cctv3,C3_S004,G024,OCCUPIED,OCCUPIED,0.8281488201834939
1193.0,cctv3,C3_S005,G025,OCCUPIED,OCCUPIED,0.8286136640743776
1193.0,cctv3,C3_S006,G026,OCCUPIED,OCCUPIED,0.8247780783609912
1193.0,cctv3,C3_S007,G027,EMPTY,EMPTY,0.01
1193.0,cctv3,C3_S008,G028,EMPTY,EMPTY,0.01
1193.0,cctv3,C3_S009,G029,EMPTY,EMPTY,0.01
1193.0,cctv3,C3_S010,G007,OCCUPIED,LEAVING,0.5810564147071404
1193.0,cctv3,C3_S011,G008,OCCUPIED,OCCUPIED,0.794335856220939
1193.0,cctv3,C3_S012,G009,OCCUPIED,OCCUPIED,0.8205346221273596
1194.0,cctv1,C1_S001,G001,OCCUPIED,LEAVING,0.7247988084500487
1194.0,cctv1,C1_S002,G002,EMPTY,EMPTY,0.01
1194.0,cctv1,C1_S003,G003,OCCUPIED,OCCUPIED,0.8364902894605291
1194.0,cctv1,C1_S004,G004,OCCUPIED,OCCUPIED,0.778729523447427
1194.0,cctv1,C1_S005,G005,OCCUPIED,OCCUPIED,0.7091884139017626
1194.0,cctv1,C1_S006,G006,EMPTY,MANEUVERING,0.3618159841163592
1194.0,cctv2,C2_S001,G007,OCCUPIED,LEAVING,0.7538543705913154
1194.0,cctv2,C2_S002,G008,OCCUPIED,LEAVING,0.81094874848019
1194.0,cctv2,C2_S003,G009,OCCUPIED,OCCUPIED,0.5315160182592544
1194.0,cctv2,C2_S004,G010,OCCUPIED,OCCUPIED,0.7866847278042274
1194.0,cctv2,C2_S005,G001,EMPTY,EMPTY,0.01
1194.0,cctv2,C2_S006,G003,OCCUPIED,OCCUPIED,0.8190862780267543
1194.0,cctv2,C2_S007,G004,OCCUPIED,OCCUPIED,0.7875739906321872
1194.0,cctv2,C2_S008,G006,OCCUPIED,OCCUPIED,0.7523335399952802
1194.0,cctv2,C2_S009,G005,OCCUPIED,OCCUPIED,0.7793369340625677
1194.0,cctv2,C2_S010,G002,EMPTY,MANEUVERING,0.49
1194.0,cctv2,C2_S011,G017,OCCUPIED,OCCUPIED,0.7266618779518388
1194.0,cctv2,C2_S012,G018,OCCUPIED,LEAVING,0.7586105044592512
1194.0,cctv2,C2_S013,G019,OCCUPIED,OCCUPIED,0.8317044734954835
1194.0,cctv2,C2_S014,G020,EMPTY,EMPTY,0.01
1194.0,cctv3,C3_S001,G021,OCCUPIED,LEAVING,0.7583459390835329
1194.0,cctv3,C3_S002,G019,EMPTY,EMPTY,0.01
1194.0,cctv3,C3_S003,G020,OCCUPIED,LEAVING,0.7968489999120887
1194.0,cctv3,C3_S004,G024,OCCUPIED,OCCUPIED,0.8283028293739666
1194.0,cctv3,C3_S005,G025,OCCUPIED,OCCUPIED,0.8286837770180269
1194.0,cctv3,C3_S006,G026,OCCUPIED,OCCUPIED,0.8246890135786751
1194.0,cctv3,C3_S007,G027,EMPTY,EMPTY,0.01
1194.0,cctv3,C3_S008,G028,EMPTY,EMPTY,0.01
1194.0,cctv3,C3_S009,G029,EMPTY,EMPTY,0.01
1194.0,cctv3,C3_S010,G007,OCCUPIED,LEAVING,0.6248188185614425
1194.0,cctv3,C3_S011,G008,OCCUPIED,OCCUPIED,0.7944745012305
1194.0,cctv3,C3_S012,G009,OCCUPIED,OCCUPIED,0.8205264462666079
1195.0,cctv1,C1_S001,G001,OCCUPIED,LEAVING,0.7249292999505997
1195.0,cctv1,C1_S002,G002,EMPTY,EMPTY,0.01
1195.0,cctv1,C1_S003,G003,OCCUPIED,OCCUPIED,0.8366594019261274
1195.0,cctv1,C1_S004,G004,OCCUPIED,OCCUPIED,0.7801916996186431
1195.0,cctv1,C1_S005,G005,OCCUPIED,OCCUPIED,0.6960615910725161
1195.0,cctv1,C1_S006,G006,EMPTY,MANEUVERING,0.4105998756939715
1195.0,cctv2,C2_S001,G007,OCCUPIED,LEAVING,0.7452984859320251
1195.0,cctv2,C2_S002,G008,OCCUPIED,LEAVING,0.8087774669582194
1195.0,cctv2,C2_S003,G009,OCCUPIED,OCCUPIED,0.5779367441413077
1195.0,cctv2,C2_S004,G010,OCCUPIED,OCCUPIED,0.7870395978743381
1195.0,cctv2,C2_S005,G001,EMPTY,EMPTY,0.01
1195.0,cctv2,C2_S006,G003,OCCUPIED,OCCUPIED,0.8192305759950118
1195.0,cctv2,C2_S007,G004,OCCUPIED,OCCUPIED,0.7870747201822021
1195.0,cctv2,C2_S008,G006,OCCUPIED,OCCUPIED,0.7521182443607938
1195.0,cctv2,C2_S009,G005,OCCUPIED,OCCUPIED,0.7808297845450315
1195.0,cctv2,C2_S010,G002,EMPTY,MANEUVERING,0.49
1195.0,cctv2,C2_S011,G017,OCCUPIED,OCCUPIED,0.7267323428338225
1195.0,cctv2,C2_S012,G018,OCCUPIED,LEAVING,0.758210533044555
1195.0,cctv2,C2_S013,G019,OCCUPIED,OCCUPIED,0.8315288692712784
1195.0,cctv2,C2_S014,G020,EMPTY,EMPTY,0.01
1195.0,cctv3,C3_S001,G021,OCCUPIED,LEAVING,0.7574199389327657
1195.0,cctv3,C3_S002,G019,EMPTY,EMPTY,0.01
1195.0,cctv3,C3_S003,G020,OCCUPIED,LEAVING,0.7965449707074599
1195.0,cctv3,C3_S004,G024,OCCUPIED,OCCUPIED,0.8283185048536821
1195.0,cctv3,C3_S005,G025,OCCUPIED,OCCUPIED,0.828617948293686
1195.0,cctv3,C3_S006,G026,OCCUPIED,OCCUPIED,0.8247829136523335
1195.0,cctv3,C3_S007,G027,EMPTY,EMPTY,0.01
1195.0,cctv3,C3_S008,G028,EMPTY,EMPTY,0.01
1195.0,cctv3,C3_S009,G029,EMPTY,EMPTY,0.01
1195.0,cctv3,C3_S010,G007,OCCUPIED,OCCUPIED,0.6243003616085301
1195.0,cctv3,C3_S011,G008,OCCUPIED,OCCUPIED,0.7936412559314208
1195.0,cctv3,C3_S012,G009,OCCUPIED,OCCUPIED,0.8209699056365274
1196.0,cctv1,C1_S001,G001,OCCUPIED,LEAVING,0.7251476628536528
1196.0,cctv1,C1_S002,G002,EMPTY,EMPTY,0.01
1196.0,cctv1,C1_S003,G003,OCCUPIED,OCCUPIED,0.8367520787499169
1196.0,cctv1,C1_S004,G004,OCCUPIED,OCCUPIED,0.7798058996146376
1196.0,cctv1,C1_S005,G005,OCCUPIED,OCCUPIED,0.7559824435548349
1196.0,cctv1,C1_S006,G006,EMPTY,MANEUVERING,0.4578294427936727
1196.0,cctv2,C2_S001,G007,OCCUPIED,LEAVING,0.7448309395123612
1196.0,cctv2,C2_S002,G008,OCCUPIED,LEAVING,0.8070381291887978
1196.0,cctv2,C2_S003,G009,OCCUPIED,OCCUPIED,0.5424032576943373
1196.0,cctv2,C2_S004,G010,OCCUPIED,OCCUPIED,0.7870682105422021
1196.0,cctv2,C2_S005,G001,EMPTY,EMPTY,0.01
1196.0,cctv2,C2_S006,G003,OCCUPIED,OCCUPIED,0.8197567400607196
1196.0,cctv2,C2_S007,G004,OCCUPIED,OCCUPIED,0.7873247028751807
1196.0,cctv2,C2_S008,G006,OCCUPIED,OCCUPIED,0.7538331114433029
1196.0,cctv2,C2_S009,G005,OCCUPIED,OCCUPIED,0.7829565613107249
1196.0,cctv2,C2_S010,G002,EMPTY,MANEUVERING,0.49
1196.0,cctv2,C2_S011,G017,OCCUPIED,OCCUPIED,0.7335429860841145
1196.0,cctv2,C2_S012,G018,OCCUPIED,LEAVING,0.7598180227658966
1196.0,cctv2,C2_S013,G019,OCCUPIED,OCCUPIED,0.8312882645563646
1196.0,cctv2,C2_S014,G020,EMPTY,EMPTY,0.01
1196.0,cctv3,C3_S001,G021,OCCUPIED,LEAVING,0.7587074236436324
1196.0,cctv3,C3_S002,G019,EMPTY,EMPTY,0.01
1196.0,cctv3,C3_S003,G020,OCCUPIED,LEAVING,0.7960867047309876
1196.0,cctv3,C3_S004,G024,OCCUPIED,OCCUPIED,0.8282714052633806
1196.0,cctv3,C3_S005,G025,OCCUPIED,OCCUPIED,0.8285799974744971
1196.0,cctv3,C3_S006,G026,OCCUPIED,OCCUPIED,0.8249178238890389
1196.0,cctv3,C3_S007,G027,EMPTY,EMPTY,0.01
1196.0,cctv3,C3_S008,G028,EMPTY,EMPTY,0.01
1196.0,cctv3,C3_S009,G029,EMPTY,EMPTY,0.01
1196.0,cctv3,C3_S010,G007,OCCUPIED,OCCUPIED,0.62315870552481
1196.0,cctv3,C3_S011,G008,OCCUPIED,OCCUPIED,0.792014588822018
1196.0,cctv3,C3_S012,G009,OCCUPIED,OCCUPIED,0.8208496077494188
1197.0,cctv1,C1_S001,G001,OCCUPIED,LEAVING,0.7260839433832603
1197.0,cctv1,C1_S002,G002,EMPTY,EMPTY,0.01
1197.0,cctv1,C1_S003,G003,OCCUPIED,OCCUPIED,0.8367172100327233
1197.0,cctv1,C1_S004,G004,OCCUPIED,OCCUPIED,0.7800865281711926
1197.0,cctv1,C1_S005,G005,OCCUPIED,OCCUPIED,0.7590453384952113
1197.0,cctv1,C1_S006,G006,EMPTY,MANEUVERING,0.4578294427936727
1197.0,cctv2,C2_S001,G007,OCCUPIED,LEAVING,0.7437629635361108
1197.0,cctv2,C2_S002,G008,OCCUPIED,LEAVING,0.8061341646042738
1197.0,cctv2,C2_S003,G009,OCCUPIED,OCCUPIED,0.5498701207900976
1197.0,cctv2,C2_S004,G010,OCCUPIED,OCCUPIED,0.7869841923767871
1197.0,cctv2,C2_S005,G001,EMPTY,EMPTY,0.01
1197.0,cctv2,C2_S006,G003,OCCUPIED,OCCUPIED,0.820291479067369
1197.0,cctv2,C2_S007,G004,OCCUPIED,OCCUPIED,0.7861314368518917
1197.0,cctv2,C2_S008,G006,OCCUPIED,OCCUPIED,0.7540713972666048
1197.0,cctv2,C2_S009,G005,OCCUPIED,OCCUPIED,0.7820735065774485
1197.0,cctv2,C2_S010,G002,EMPTY,MANEUVERING,0.49
1197.0,cctv2,C2_S011,G017,OCCUPIED,OCCUPIED,0.7369543771906333
1197.0,cctv2,C2_S012,G018,OCCUPIED,LEAVING,0.7595590863715519
1197.0,cctv2,C2_S013,G019,OCCUPIED,OCCUPIED,0.8310362295670943
1197.0,cctv2,C2_S014,G020,EMPTY,EMPTY,0.01
1197.0,cctv3,C3_S001,G021,OCCUPIED,LEAVING,0.7578223397785968
1197.0,cctv3,C3_S002,G019,EMPTY,EMPTY,0.01
1197.0,cctv3,C3_S003,G020,OCCUPIED,LEAVING,0.7940102555535057
1197.0,cctv3,C3_S004,G024,OCCUPIED,OCCUPIED,0.8283942374316129
1197.0,cctv3,C3_S005,G025,OCCUPIED,OCCUPIED,0.8288344432007183
1197.0,cctv3,C3_S006,G026,OCCUPIED,OCCUPIED,0.8251945408907804
1197.0,cctv3,C3_S007,G027,EMPTY,EMPTY,0.01
1197.0,cctv3,C3_S008,G028,EMPTY,EMPTY,0.01
1197.0,cctv3,C3_S009,G029,EMPTY,EMPTY,0.01
1197.0,cctv3,C3_S010,G007,OCCUPIED,OCCUPIED,0.6588685761121187
1197.0,cctv3,C3_S011,G008,OCCUPIED,OCCUPIED,0.791778973015872
1197.0,cctv3,C3_S012,G009,OCCUPIED,OCCUPIED,0.8211965701796793
1198.0,cctv1,C1_S001,G001,OCCUPIED,OCCUPIED,0.7255485135045919
1198.0,cctv1,C1_S002,G002,EMPTY,EMPTY,0.01
1198.0,cctv1,C1_S003,G003,OCCUPIED,OCCUPIED,0.8366446075114338
1198.0,cctv1,C1_S004,G004,OCCUPIED,OCCUPIED,0.7794482957233083
1198.0,cctv1,C1_S005,G005,OCCUPIED,OCCUPIED,0.7573929644443773
1198.0,cctv1,C1_S006,G006,EMPTY,MANEUVERING,0.4128294427936727
1198.0,cctv2,C2_S001,G007,OCCUPIED,LEAVING,0.6601197844405066
1198.0,cctv2,C2_S002,G008,OCCUPIED,LEAVING,0.8060947783968666
1198.0,cctv2,C2_S003,G009,OCCUPIED,OCCUPIED,0.5503916440826732
1198.0,cctv2,C2_S004,G010,OCCUPIED,OCCUPIED,0.7872937640005893
1198.0,cctv2,C2_S005,G001,EMPTY,EMPTY,0.01
1198.0,cctv2,C2_S006,G003,OCCUPIED,OCCUPIED,0.820229064876383
1198.0,cctv2,C2_S007,G004,OCCUPIED,OCCUPIED,0.784682719680396
1198.0,cctv2,C2_S008,G006,OCCUPIED,OCCUPIED,0.7535634649070827
1198.0,cctv2,C2_S009,G005,OCCUPIED,OCCUPIED,0.7821605101227761
1198.0,cctv2,C2_S010,G002,EMPTY,MANEUVERING,0.4714026080478321
1198.0,cctv2,C2_S011,G017,OCCUPIED,OCCUPIED,0.7242522019418803
1198.0,cctv2,C2_S012,G018,OCCUPIED,LEAVING,0.758437022024935
1198.0,cctv2,C2_S013,G019,OCCUPIED,OCCUPIED,0.8308643072843552
1198.0,cctv2,C2_S014,G020,EMPTY,EMPTY,0.01
1198.0,cctv3,C3_S001,G021,OCCUPIED,LEAVING,0.7555572918870233
1198.0,cctv3,C3_S002,G019,EMPTY,EMPTY,0.01
1198.0,cctv3,C3_S003,G020,OCCUPIED,LEAVING,0.795631244507703
1198.0,cctv3,C3_S004,G024,OCCUPIED,OCCUPIED,0.8286180125041442
1198.0,cctv3,C3_S005,G025,OCCUPIED,OCCUPIED,0.8289867309006779
1198.0,cctv3,C3_S006,G026,OCCUPIED,OCCUPIED,0.8253716284578497
1198.0,cctv3,C3_S007,G027,EMPTY,EMPTY,0.01
1198.0,cctv3,C3_S008,G028,EMPTY,EMPTY,0.01
1198.0,cctv3,C3_S009,G029,EMPTY,EMPTY,0.01
1198.0,cctv3,C3_S010,G007,OCCUPIED,OCCUPIED,0.695141970298507
1198.0,cctv3,C3_S011,G008,OCCUPIED,OCCUPIED,0.789184622195634
1198.0,cctv3,C3_S012,G009,OCCUPIED,OCCUPIED,0.8212920129299164
1199.0,cctv1,C1_S001,G001,OCCUPIED,OCCUPIED,0.7253295688466593
1199.0,cctv1,C1_S002,G002,EMPTY,EMPTY,0.01
1199.0,cctv1,C1_S003,G003,OCCUPIED,OCCUPIED,0.8366458169438623
1199.0,cctv1,C1_S004,G004,OCCUPIED,OCCUPIED,0.779542507908561
1199.0,cctv1,C1_S005,G005,OCCUPIED,OCCUPIED,0.754291023043069
1199.0,cctv1,C1_S006,G006,EMPTY,MANEUVERING,0.4826169703610532
1199.0,cctv2,C2_S001,G007,OCCUPIED,LEAVING,0.6573206818510186
1199.0,cctv2,C2_S002,G008,OCCUPIED,LEAVING,0.8044092018495907
1199.0,cctv2,C2_S003,G009,OCCUPIED,OCCUPIED,0.51
1199.0,cctv2,C2_S004,G010,OCCUPIED,OCCUPIED,0.7910819359801033
1199.0,cctv2,C2_S005,G001,EMPTY,EMPTY,0.01
1199.0,cctv2,C2_S006,G003,OCCUPIED,OCCUPIED,0.8200447841124102
1199.0,cctv2,C2_S007,G004,OCCUPIED,OCCUPIED,0.7834037107500164
1199.0,cctv2,C2_S008,G006,OCCUPIED,OCCUPIED,0.7541732252998786
1199.0,cctv2,C2_S009,G005,OCCUPIED,OCCUPIED,0.7834947774356062
1199.0,cctv2,C2_S010,G002,EMPTY,MANEUVERING,0.379092180241238
1199.0,cctv2,C2_S011,G017,OCCUPIED,LEAVING,0.7138822201978077
1199.0,cctv2,C2_S012,G018,OCCUPIED,LEAVING,0.7558221539313144
1199.0,cctv2,C2_S013,G019,OCCUPIED,OCCUPIED,0.8306896190751684
1199.0,cctv2,C2_S014,G020,EMPTY,EMPTY,0.01
1199.0,cctv3,C3_S001,G021,OCCUPIED,LEAVING,0.7575353897430681
1199.0,cctv3,C3_S002,G019,EMPTY,EMPTY,0.01
1199.0,cctv3,C3_S003,G020,OCCUPIED,LEAVING,0.7967763973907992
1199.0,cctv3,C3_S004,G024,OCCUPIED,OCCUPIED,0.8288180841640993
1199.0,cctv3,C3_S005,G025,OCCUPIED,OCCUPIED,0.8291081756353379
1199.0,cctv3,C3_S006,G026,OCCUPIED,OCCUPIED,0.8255358999425715
1199.0,cctv3,C3_S007,G027,EMPTY,EMPTY,0.01
1199.0,cctv3,C3_S008,G028,EMPTY,EMPTY,0.01
1199.0,cctv3,C3_S009,G029,EMPTY,EMPTY,0.01
1199.0,cctv3,C3_S010,G007,OCCUPIED,OCCUPIED,0.7306242785264145
1199.0,cctv3,C3_S011,G008,OCCUPIED,OCCUPIED,0.7856299202550542
1199.0,cctv3,C3_S012,G009,OCCUPIED,OCCUPIED,0.8214452597227964
1200.0,cctv1,C1_S001,G001,OCCUPIED,OCCUPIED,0.7238944534212352
1200.0,cctv1,C1_S002,G002,EMPTY,EMPTY,0.01
1200.0,cctv1,C1_S003,G003,OCCUPIED,OCCUPIED,0.8366332959045064
1200.0,cctv1,C1_S004,G004,OCCUPIED,OCCUPIED,0.7794154150919481
1200.0,cctv1,C1_S005,G005,OCCUPIED,OCCUPIED,0.7556064462119884
1200.0,cctv1,C1_S006,G006,EMPTY,MANEUVERING,0.4829178149069285
1200.0,cctv2,C2_S001,G007,OCCUPIED,LEAVING,0.6574334879625927
1200.0,cctv2,C2_S002,G008,OCCUPIED,LEAVING,0.8002131109887904
1200.0,cctv2,C2_S003,G009,OCCUPIED,OCCUPIED,0.51
1200.0,cctv2,C2_S004,G010,OCCUPIED,OCCUPIED,0.7872491442344406
1200.0,cctv2,C2_S005,G001,EMPTY,EMPTY,0.01
1200.0,cctv2,C2_S006,G003,OCCUPIED,OCCUPIED,0.8198063316670332
1200.0,cctv2,C2_S007,G004,OCCUPIED,OCCUPIED,0.7825137968767774
1200.0,cctv2,C2_S008,G006,OCCUPIED,OCCUPIED,0.7540682574564761
1200.0,cctv2,C2_S009,G005,OCCUPIED,OCCUPIED,0.783745521713387
1200.0,cctv2,C2_S010,G002,EMPTY,MANEUVERING,0.2848395884307948
1200.0,cctv2,C2_S011,G017,OCCUPIED,LEAVING,0.728468679000031
1200.0,cctv2,C2_S012,G018,OCCUPIED,LEAVING,0.7548943384127184
1200.0,cctv2,C2_S013,G019,OCCUPIED,OCCUPIED,0.8306832272898068
1200.0,cctv2,C2_S014,G020,EMPTY,EMPTY,0.01
1200.0,cctv3,C3_S001,G021,OCCUPIED,LEAVING,0.7564092833887448
1200.0,cctv3,C3_S002,G019,EMPTY,EMPTY,0.01
1200.0,cctv3,C3_S003,G020,OCCUPIED,LEAVING,0.7977874853394249
1200.0,cctv3,C3_S004,G024,OCCUPIED,OCCUPIED,0.8288143575191498
1200.0,cctv3,C3_S005,G025,OCCUPIED,OCCUPIED,0.828759264945984
1200.0,cctv3,C3_S006,G026,OCCUPIED,OCCUPIED,0.8253671069036831
1200.0,cctv3,C3_S007,G027,EMPTY,EMPTY,0.01
1200.0,cctv3,C3_S008,G028,EMPTY,EMPTY,0.01
1200.0,cctv3,C3_S009,G029,EMPTY,EMPTY,0.01
1200.0,cctv3,C3_S010,G007,OCCUPIED,OCCUPIED,0.6491095314242623
1200.0,cctv3,C3_S011,G008,OCCUPIED,OCCUPIED,0.7856372573158958
1200.0,cctv3,C3_S012,G009,OCCUPIED,OCCUPIED,0.8223736047744752
1201.0,cctv1,C1_S001,G001,OCCUPIED,OCCUPIED,0.7234747825021094
1201.0,cctv1,C1_S002,G002,EMPTY,EMPTY,0.01
1201.0,cctv1,C1_S003,G003,OCCUPIED,OCCUPIED,0.8365467272021554
1201.0,cctv1,C1_S004,G004,OCCUPIED,OCCUPIED,0.7814612643285231
1201.0,cctv1,C1_S005,G005,OCCUPIED,OCCUPIED,0.7563210586255248
1201.0,cctv1,C1_S006,G006,EMPTY,MANEUVERING,0.4829178149069285
1201.0,cctv2,C2_S001,G007,OCCUPIED,LEAVING,0.6659779470820318
1201.0,cctv2,C2_S002,G008,OCCUPIED,LEAVING,0.8001124745065517
1201.0,cctv2,C2_S003,G009,OCCUPIED,OCCUPIED,0.51
1201.0,cctv2,C2_S004,G010,OCCUPIED,OCCUPIED,0.7894809705289928
1201.0,cctv2,C2_S005,G001,EMPTY,EMPTY,0.01
1201.0,cctv2,C2_S006,G003,OCCUPIED,OCCUPIED,0.8198527306318284
1201.0,cctv2,C2_S007,G004,OCCUPIED,OCCUPIED,0.78209764320742
1201.0,cctv2,C2_S008,G006,OCCUPIED,OCCUPIED,0.7546653659506278
1201.0,cctv2,C2_S009,G005,OCCUPIED,OCCUPIED,0.784887958656658
1201.0,cctv2,C2_S010,G002,EMPTY,MANEUVERING,0.3771263320337642
1201.0,cctv2,C2_S011,G017,OCCUPIED,LEAVING,0.7130665661259131
1201.0,cctv2,C2_S012,G018,OCCUPIED,LEAVING,0.7557152447375385
1201.0,cctv2,C2_S013,G019,OCCUPIED,OCCUPIED,0.8306591312993657
1201.0,cctv2,C2_S014,G020,EMPTY,EMPTY,0.01
1201.0,cctv3,C3_S001,G021,OCCUPIED,LEAVING,0.7573563518849287
1201.0,cctv3,C3_S002,G019,EMPTY,EMPTY,0.01
1201.0,cctv3,C3_S003,G020,OCCUPIED,LEAVING,0.7979871034622193
1201.0,cctv3,C3_S004,G024,OCCUPIED,OCCUPIED,0.8288463977250187
1201.0,cctv3,C3_S005,G025,OCCUPIED,OCCUPIED,0.8287497991865332
1201.0,cctv3,C3_S006,G026,OCCUPIED,OCCUPIED,0.8254401044412093
1201.0,cctv3,C3_S007,G027,EMPTY,EMPTY,0.01
1201.0,cctv3,C3_S008,G028,EMPTY,EMPTY,0.01
1201.0,cctv3,C3_S009,G029,EMPTY,EMPTY,0.01
1201.0,cctv3,C3_S010,G007,OCCUPIED,OCCUPIED,0.6041095314242624
1201.0,cctv3,C3_S011,G008,OCCUPIED,OCCUPIED,0.7842531472444535
1201.0,cctv3,C3_S012,G009,OCCUPIED,OCCUPIED,0.8228056980804964
1202.0,cctv1,C1_S001,G001,OCCUPIED,OCCUPIED,0.7236494698985058
1202.0,cctv1,C1_S002,G002,EMPTY,EMPTY,0.01
1202.0,cctv1,C1_S003,G003,OCCUPIED,OCCUPIED,0.8365248891440306
1202.0,cctv1,C1_S004,G004,OCCUPIED,OCCUPIED,0.7815270938656548
1202.0,cctv1,C1_S005,G005,OCCUPIED,OCCUPIED,0.757379387183623
1202.0,cctv1,C1_S006,G006,EMPTY,MANEUVERING,0.49
1202.0,cctv2,C2_S001,G007,OCCUPIED,LEAVING,0.7209029644389044
1202.0,cctv2,C2_S002,G008,OCCUPIED,LEAVING,0.7997143395922401
1202.0,cctv2,C2_S003,G009,OCCUPIED,OCCUPIED,0.51
1202.0,cctv2,C2_S004,G010,OCCUPIED,OCCUPIED,0.7935639652338895
1202.0,cctv2,C2_S005,G001,EMPTY,EMPTY,0.01
1202.0,cctv2,C2_S006,G003,OCCUPIED,OCCUPIED,0.8197112814946609
1202.0,cctv2,C2_S007,G004,OCCUPIED,OCCUPIED,0.7823243760249832
1202.0,cctv2,C2_S008,G006,OCCUPIED,OCCUPIED,0.7538509436629036
1202.0,cctv2,C2_S009,G005,OCCUPIED,OCCUPIED,0.7851786589080638
1202.0,cctv2,C2_S010,G002,EMPTY,MANEUVERING,0.4214004422317852
1202.0,cctv2,C2_S011,G017,OCCUPIED,LEAVING,0.7139554981480946
1202.0,cctv2,C2_S012,G018,OCCUPIED,LEAVING,0.7559542352502997
1202.0,cctv2,C2_S013,G019,OCCUPIED,OCCUPIED,0.8306880869648674
1202.0,cctv2,C2_S014,G020,EMPTY,EMPTY,0.01
1202.0,cctv3,C3_S001,G021,OCCUPIED,LEAVING,0.7589072815396569
1202.0,cctv3,C3_S002,G019,EMPTY,EMPTY,0.01
1202.0,cctv3,C3_S003,G020,OCCUPIED,LEAVING,0.7996221008625898
1202.0,cctv3,C3_S004,G024,OCCUPIED,OCCUPIED,0.8288465521552346
1202.0,cctv3,C3_S005,G025,OCCUPIED,OCCUPIED,0.8288486377759414
1202.0,cctv3,C3_S006,G026,OCCUPIED,OCCUPIED,0.8253957919099115
1202.0,cctv3,C3_S007,G027,EMPTY,EMPTY,0.01
1202.0,cctv3,C3_S008,G028,EMPTY,EMPTY,0.01
1202.0,cctv3,C3_S009,G029,EMPTY,EMPTY,0.01
1202.0,cctv3,C3_S010,G007,OCCUPIED,OCCUPIED,0.6040684101798318
1202.0,cctv3,C3_S011,G008,OCCUPIED,OCCUPIED,0.7829012419689786
1202.0,cctv3,C3_S012,G009,OCCUPIED,OCCUPIED,0.8229209818623283
1203.0,cctv1,C1_S001,G001,OCCUPIED,OCCUPIED,0.7233952714638278
1203.0,cctv1,C1_S002,G002,EMPTY,EMPTY,0.01
1203.0,cctv1,C1_S003,G003,OCCUPIED,OCCUPIED,0.8365420374003324
1203.0,cctv1,C1_S004,G004,OCCUPIED,OCCUPIED,0.7820539252324539
1203.0,cctv1,C1_S005,G005,OCCUPIED,OCCUPIED,0.7585862138054589
1203.0,cctv1,C1_S006,G006,EMPTY,MANEUVERING,0.4613501508330757
1203.0,cctv2,C2_S001,G007,OCCUPIED,LEAVING,0.7197911682386291
1203.0,cctv2,C2_S002,G008,OCCUPIED,LEAVING,0.8007308130914516
1203.0,cctv2,C2_S003,G009,OCCUPIED,OCCUPIED,0.5894094523144039
1203.0,cctv2,C2_S004,G010,OCCUPIED,OCCUPIED,0.7983329934152691
1203.0,cctv2,C2_S005,G001,EMPTY,EMPTY,0.01
1203.0,cctv2,C2_S006,G003,OCCUPIED,OCCUPIED,0.8192107780413195
1203.0,cctv2,C2_S007,G004,OCCUPIED,OCCUPIED,0.7820150620558046
1203.0,cctv2,C2_S008,G006,OCCUPIED,OCCUPIED,0.7536040276288987
1203.0,cctv2,C2_S009,G005,OCCUPIED,OCCUPIED,0.786305317553607
1203.0,cctv2,C2_S010,G002,EMPTY,MANEUVERING,0.49
1203.0,cctv2,C2_S011,G017,OCCUPIED,OCCUPIED,0.7173956146402792
1203.0,cctv2,C2_S012,G018,OCCUPIED,LEAVING,0.755789484625513
1203.0,cctv2,C2_S013,G019,OCCUPIED,OCCUPIED,0.8305623864585704
1203.0,cctv2,C2_S014,G020,EMPTY,EMPTY,0.01
1203.0,cctv3,C3_S001,G021,OCCUPIED,LEAVING,0.758000249889764
1203.0,cctv3,C3_S002,G019,EMPTY,EMPTY,0.01
1203.0,cctv3,C3_S003,G020,OCCUPIED,LEAVING,0.7989363689314236
1203.0,cctv3,C3_S004,G024,OCCUPIED,OCCUPIED,0.8286504038355568
1203.0,cctv3,C3_S005,G025,OCCUPIED,OCCUPIED,0.8287077787247572
1203.0,cctv3,C3_S006,G026,OCCUPIED,OCCUPIED,0.8256954515522177
1203.0,cctv3,C3_S007,G027,EMPTY,EMPTY,0.01
1203.0,cctv3,C3_S008,G028,EMPTY,EMPTY,0.01
1203.0,cctv3,C3_S009,G029,EMPTY,EMPTY,0.01
1203.0,cctv3,C3_S010,G007,OCCUPIED,OCCUPIED,0.6052571373997313
1203.0,cctv3,C3_S011,G008,OCCUPIED,OCCUPIED,0.7009138408709656
1203.0,cctv3,C3_S012,G009,OCCUPIED,OCCUPIED,0.8233279558745298
1204.0,cctv1,C1_S001,G001,OCCUPIED,OCCUPIED,0.7229822249913758
1204.0,cctv1,C1_S002,G002,EMPTY,EMPTY,0.01
1204.0,cctv1,C1_S003,G003,OCCUPIED,OCCUPIED,0.8367175099524585
1204.0,cctv1,C1_S004,G004,OCCUPIED,OCCUPIED,0.7787907521833074
1204.0,cctv1,C1_S005,G005,OCCUPIED,OCCUPIED,0.7560875085267155
1204.0,cctv1,C1_S006,G006,EMPTY,MANEUVERING,0.49
1204.0,cctv2,C2_S001,G007,OCCUPIED,LEAVING,0.7218009970743549
1204.0,cctv2,C2_S002,G008,OCCUPIED,LEAVING,0.803508319367062
1204.0,cctv2,C2_S003,G009,OCCUPIED,OCCUPIED,0.6343785342675718
1204.0,cctv2,C2_S004,G010,OCCUPIED,OCCUPIED,0.7981251368468458
1204.0,cctv2,C2_S005,G001,EMPTY,EMPTY,0.01
1204.0,cctv2,C2_S006,G003,OCCUPIED,OCCUPIED,0.8191359045830641
1204.0,cctv2,C2_S007,G004,OCCUPIED,OCCUPIED,0.7827002742073753
1204.0,cctv2,C2_S008,G006,OCCUPIED,OCCUPIED,0.7530557292428884
1204.0,cctv2,C2_S009,G005,OCCUPIED,OCCUPIED,0.7849742981520567
1204.0,cctv2,C2_S010,G002,EMPTY,MANEUVERING,0.49
1204.0,cctv2,C2_S011,G017,OCCUPIED,OCCUPIED,0.7157027766216886
1204.0,cctv2,C2_S012,G018,OCCUPIED,LEAVING,0.7550337571989407
1204.0,cctv2,C2_S013,G019,OCCUPIED,OCCUPIED,0.8306563970717518
1204.0,cctv2,C2_S014,G020,EMPTY,EMPTY,0.01
1204.0,cctv3,C3_S001,G021,OCCUPIED,LEAVING,0.7577802270650864
1204.0,cctv3,C3_S002,G019,EMPTY,EMPTY,0.01
1204.0,cctv3,C3_S003,G020,OCCUPIED,LEAVING,0.7982056506655434
1204.0,cctv3,C3_S004,G024,OCCUPIED,OCCUPIED,0.8287184482271022
1204.0,cctv3,C3_S005,G025,OCCUPIED,OCCUPIED,0.8287590154192666
1204.0,cctv3,C3_S006,G026,OCCUPIED,OCCUPIED,0.8257604105906053
1204.0,cctv3,C3_S007,G027,EMPTY,EMPTY,0.01
1204.0,cctv3,C3_S008,G028,EMPTY,EMPTY,0.01
1204.0,cctv3,C3_S009,G029,EMPTY,EMPTY,0.01
1204.0,cctv3,C3_S010,G007,OCCUPIED,OCCUPIED,0.5687108292532239
1204.0,cctv3,C3_S011,G008,OCCUPIED,OCCUPIED,0.7011938080598008
1204.0,cctv3,C3_S012,G009,OCCUPIED,OCCUPIED,0.8237631215290591
1205.0,cctv1,C1_S001,G001,OCCUPIED,OCCUPIED,0.7249400888315657
1205.0,cctv1,C1_S002,G002,EMPTY,EMPTY,0.01
1205.0,cctv1,C1_S003,G003,OCCUPIED,OCCUPIED,0.8367542472752658
1205.0,cctv1,C1_S004,G004,OCCUPIED,OCCUPIED,0.7774086460471153
1205.0,cctv1,C1_S005,G005,OCCUPIED,OCCUPIED,0.7550843834877015
1205.0,cctv1,C1_S006,G006,EMPTY,MANEUVERING,0.49
1205.0,cctv2,C2_S001,G007,OCCUPIED,LEAVING,0.7221171021122824
1205.0,cctv2,C2_S002,G008,OCCUPIED,LEAVING,0.8027957482771441
1205.0,cctv2,C2_S003,G009,OCCUPIED,OCCUPIED,0.5510996843584172
1205.0,cctv2,C2_S004,G010,OCCUPIED,OCCUPIED,0.79533018483357
1205.0,cctv2,C2_S005,G001,EMPTY,EMPTY,0.01
1205.0,cctv2,C2_S006,G003,OCCUPIED,OCCUPIED,0.8184197872877121
1205.0,cctv2,C2_S007,G004,OCCUPIED,OCCUPIED,0.7823498249053956
1205.0,cctv2,C2_S008,G006,OCCUPIED,OCCUPIED,0.7510119229555131
1205.0,cctv2,C2_S009,G005,OCCUPIED,OCCUPIED,0.7841762596910651
1205.0,cctv2,C2_S010,G002,EMPTY,MANEUVERING,0.4205838669430126
1205.0,cctv2,C2_S011,G017,OCCUPIED,LEAVING,0.7139852674169974
1205.0,cctv2,C2_S012,G018,OCCUPIED,LEAVING,0.7533692266453397
1205.0,cctv2,C2_S013,G019,OCCUPIED,OCCUPIED,0.8307824942198667
1205.0,cctv2,C2_S014,G020,EMPTY,EMPTY,0.01
1205.0,cctv3,C3_S001,G021,OCCUPIED,LEAVING,0.7564236701889472
1205.0,cctv3,C3_S002,G019,EMPTY,EMPTY,0.01
1205.0,cctv3,C3_S003,G020,OCCUPIED,LEAVING,0.7968394577503205
1205.0,cctv3,C3_S004,G024,OCCUPIED,OCCUPIED,0.8288252285935662
1205.0,cctv3,C3_S005,G025,OCCUPIED,OCCUPIED,0.8284955200823871
1205.0,cctv3,C3_S006,G026,OCCUPIED,OCCUPIED,0.8256013913588092
1205.0,cctv3,C3_S007,G027,EMPTY,EMPTY,0.01
1205.0,cctv3,C3_S008,G028,EMPTY,EMPTY,0.01
1205.0,cctv3,C3_S009,G029,EMPTY,EMPTY,0.01
1205.0,cctv3,C3_S010,G007,OCCUPIED,OCCUPIED,0.5318680118585563
1205.0,cctv3,C3_S011,G008,OCCUPIED,OCCUPIED,0.6996356216479431
1205.0,cctv3,C3_S012,G009,OCCUPIED,OCCUPIED,0.8232780529694125
1206.0,cctv1,C1_S001,G001,OCCUPIED,OCCUPIED,0.7254748449068178
1206.0,cctv1,C1_S002,G002,EMPTY,EMPTY,0.01
1206.0,cctv1,C1_S003,G003,OCCUPIED,OCCUPIED,0.8358636774800041
1206.0,cctv1,C1_S004,G004,OCCUPIED,OCCUPIED,0.7748496946963398
1206.0,cctv1,C1_S005,G005,OCCUPIED,OCCUPIED,0.753775208646601
1206.0,cctv1,C1_S006,G006,EMPTY,MANEUVERING,0.49
1206.0,cctv2,C2_S001,G007,OCCUPIED,LEAVING,0.7244477383453738
1206.0,cctv2,C2_S002,G008,OCCUPIED,LEAVING,0.8023859343745492
1206.0,cctv2,C2_S003,G009,OCCUPIED,OCCUPIED,0.51
1206.0,cctv2,C2_S004,G010,OCCUPIED,OCCUPIED,0.7906918229027229
1206.0,cctv2,C2_S005,G001,EMPTY,EMPTY,0.01
1206.0,cctv2,C2_S006,G003,OCCUPIED,OCCUPIED,0.8176969701593573
1206.0,cctv2,C2_S007,G004,OCCUPIED,OCCUPIED,0.7838090587746014
1206.0,cctv2,C2_S008,G006,OCCUPIED,OCCUPIED,0.7512925141236999
1206.0,cctv2,C2_S009,G005,OCCUPIED,OCCUPIED,0.7826990432359956
1206.0,cctv2,C2_S010,G002,EMPTY,MANEUVERING,0.3273891647430983
1206.0,cctv2,C2_S011,G017,OCCUPIED,LEAVING,0.7291191276907922
1206.0,cctv2,C2_S012,G018,OCCUPIED,OCCUPIED,0.7061463138027625
1206.0,cctv2,C2_S013,G019,OCCUPIED,OCCUPIED,0.8308398073369807
1206.0,cctv2,C2_S014,G020,EMPTY,EMPTY,0.01
1206.0,cctv3,C3_S001,G021,OCCUPIED,LEAVING,0.7555104076862336
1206.0,cctv3,C3_S002,G019,EMPTY,EMPTY,0.01
1206.0,cctv3,C3_S003,G020,OCCUPIED,LEAVING,0.7955708712339402
1206.0,cctv3,C3_S004,G024,OCCUPIED,OCCUPIED,0.8287693703716452
1206.0,cctv3,C3_S005,G025,OCCUPIED,OCCUPIED,0.8278009620579807
1206.0,cctv3,C3_S006,G026,OCCUPIED,OCCUPIED,0.8255348725752398
1206.0,cctv3,C3_S007,G027,EMPTY,EMPTY,0.01
1206.0,cctv3,C3_S008,G028,EMPTY,EMPTY,0.01
1206.0,cctv3,C3_S009,G029,EMPTY,EMPTY,0.01
1206.0,cctv3,C3_S010,G007,OCCUPIED,OCCUPIED,0.5327071984247729
1206.0,cctv3,C3_S011,G008,OCCUPIED,OCCUPIED,0.7005774891782891
1206.0,cctv3,C3_S012,G009,OCCUPIED,OCCUPIED,0.8233699633316561
1207.0,cctv1,C1_S001,G001,OCCUPIED,OCCUPIED,0.7251248410140927
1207.0,cctv1,C1_S002,G002,EMPTY,EMPTY,0.01
1207.0,cctv1,C1_S003,G003,OCCUPIED,OCCUPIED,0.8357789733193138
1207.0,cctv1,C1_S004,G004,OCCUPIED,OCCUPIED,0.77614931111986
1207.0,cctv1,C1_S005,G005,OCCUPIED,OCCUPIED,0.7570921689271928
1207.0,cctv1,C1_S006,G006,EMPTY,MANEUVERING,0.49
1207.0,cctv2,C2_S001,G007,OCCUPIED,LEAVING,0.7319945433397185
1207.0,cctv2,C2_S002,G008,OCCUPIED,OCCUPIED,0.8030070941556584
1207.0,cctv2,C2_S003,G009,OCCUPIED,OCCUPIED,0.51
1207.0,cctv2,C2_S004,G010,OCCUPIED,OCCUPIED,0.7918890390883793
1207.0,cctv2,C2_S005,G001,EMPTY,EMPTY,0.01
1207.0,cctv2,C2_S006,G003,OCCUPIED,OCCUPIED,0.8177799276330255
1207.0,cctv2,C2_S007,G004,OCCUPIED,OCCUPIED,0.7845466792583466
1207.0,cctv2,C2_S008,G006,OCCUPIED,OCCUPIED,0.7501281517473135
1207.0,cctv2,C2_S009,G005,OCCUPIED,OCCUPIED,0.7816296521912922
1207.0,cctv2,C2_S010,G002,EMPTY,MANEUVERING,0.2351335179263895
1207.0,cctv2,C2_S011,G017,OCCUPIED,LEAVING,0.7446507132324306
1207.0,cctv2,C2_S012,G018,OCCUPIED,OCCUPIED,0.7187437701712955
1207.0,cctv2,C2_S013,G019,OCCUPIED,OCCUPIED,0.830877611041069
1207.0,cctv2,C2_S014,G020,EMPTY,EMPTY,0.01
1207.0,cctv3,C3_S001,G021,OCCUPIED,LEAVING,0.7553812889890238
1207.0,cctv3,C3_S002,G019,EMPTY,EMPTY,0.01
1207.0,cctv3,C3_S003,G020,OCCUPIED,LEAVING,0.7974222708832135
1207.0,cctv3,C3_S004,G024,OCCUPIED,OCCUPIED,0.8288708245212382
1207.0,cctv3,C3_S005,G025,OCCUPIED,OCCUPIED,0.8277727817947215
1207.0,cctv3,C3_S006,G026,OCCUPIED,OCCUPIED,0.8255573616786437
1207.0,cctv3,C3_S007,G027,EMPTY,EMPTY,0.01
1207.0,cctv3,C3_S008,G028,EMPTY,EMPTY,0.01
1207.0,cctv3,C3_S009,G029,EMPTY,EMPTY,0.01
1207.0,cctv3,C3_S010,G007,OCCUPIED,OCCUPIED,0.5321473524322757
1207.0,cctv3,C3_S011,G008,OCCUPIED,OCCUPIED,0.7459199920703065
1207.0,cctv3,C3_S012,G009,OCCUPIED,OCCUPIED,0.8232646354220131
1208.0,cctv1,C1_S001,G001,OCCUPIED,OCCUPIED,0.72449807561934
1208.0,cctv1,C1_S002,G002,EMPTY,EMPTY,0.01
1208.0,cctv1,C1_S003,G003,OCCUPIED,OCCUPIED,0.8360062076286836
1208.0,cctv1,C1_S004,G004,OCCUPIED,OCCUPIED,0.7746533171697096
1208.0,cctv1,C1_S005,G005,OCCUPIED,OCCUPIED,0.7578832840377635
1208.0,cctv1,C1_S006,G006,EMPTY,MANEUVERING,0.49
1208.0,cctv2,C2_S001,G007,OCCUPIED,LEAVING,0.7320290700752627
1208.0,cctv2,C2_S002,G008,OCCUPIED,OCCUPIED,0.8025725486603651
1208.0,cctv2,C2_S003,G009,OCCUPIED,OCCUPIED,0.51
1208.0,cctv2,C2_S004,G010,OCCUPIED,OCCUPIED,0.791359181702137
1208.0,cctv2,C2_S005,G001,EMPTY,EMPTY,0.01
1208.0,cctv2,C2_S006,G003,OCCUPIED,OCCUPIED,0.8176836021921852
1208.0,cctv2,C2_S007,G004,OCCUPIED,OCCUPIED,0.7857247070832687
1208.0,cctv2,C2_S008,G006,OCCUPIED,OCCUPIED,0.750305999679999
1208.0,cctv2,C2_S009,G005,OCCUPIED,OCCUPIED,0.781450767544183
1208.0,cctv2,C2_S010,G002,EMPTY,MANEUVERING,0.2351335179263895
1208.0,cctv2,C2_S011,G017,OCCUPIED,LEAVING,0.743904370286248
1208.0,cctv2,C2_S012,G018,OCCUPIED,OCCUPIED,0.7189960599704223
1208.0,cctv2,C2_S013,G019,OCCUPIED,OCCUPIED,0.8309335513548418
1208.0,cctv2,C2_S014,G020,EMPTY,EMPTY,0.01
1208.0,cctv3,C3_S001,G021,OCCUPIED,LEAVING,0.7555668446150694
1208.0,cctv3,C3_S002,G019,EMPTY,EMPTY,0.01
1208.0,cctv3,C3_S003,G020,OCCUPIED,LEAVING,0.8001577664505353
1208.0,cctv3,C3_S004,G024,OCCUPIED,OCCUPIED,0.8289135968143291
1208.0,cctv3,C3_S005,G025,OCCUPIED,OCCUPIED,0.8271540067412637
1208.0,cctv3,C3_S006,G026,OCCUPIED,OCCUPIED,0.8254158637740396
1208.0,cctv3,C3_S007,G027,EMPTY,EMPTY,0.01
1208.0,cctv3,C3_S008,G028,EMPTY,EMPTY,0.01
1208.0,cctv3,C3_S009,G029,EMPTY,EMPTY,0.01
1208.0,cctv3,C3_S010,G007,OCCUPIED,OCCUPIED,0.51
1208.0,cctv3,C3_S011,G008,OCCUPIED,OCCUPIED,0.747560408752073
1208.0,cctv3,C3_S012,G009,OCCUPIED,OCCUPIED,0.8232095981186087
1209.0,cctv1,C1_S001,G001,OCCUPIED,OCCUPIED,0.7249018082225865
1209.0,cctv1,C1_S002,G002,EMPTY,EMPTY,0.01
1209.0,cctv1,C1_S003,G003,OCCUPIED,OCCUPIED,0.836273098804734
1209.0,cctv1,C1_S004,G004,OCCUPIED,OCCUPIED,0.772884221916849
1209.0,cctv1,C1_S005,G005,OCCUPIED,OCCUPIED,0.7585795623334972
1209.0,cctv1,C1_S006,G006,EMPTY,MANEUVERING,0.49
1209.0,cctv2,C2_S001,G007,OCCUPIED,LEAVING,0.7660062575204807
1209.0,cctv2,C2_S002,G008,OCCUPIED,OCCUPIED,0.8005459154194052
1209.0,cctv2,C2_S003,G009,OCCUPIED,OCCUPIED,0.5482641698555513
1209.0,cctv2,C2_S004,G010,OCCUPIED,OCCUPIED,0.7925566791133448
1209.0,cctv2,C2_S005,G001,EMPTY,EMPTY,0.01
1209.0,cctv2,C2_S006,G003,OCCUPIED,OCCUPIED,0.8176240156997334
1209.0,cctv2,C2_S007,G004,OCCUPIED,OCCUPIED,0.7850490041754463
1209.0,cctv2,C2_S008,G006,OCCUPIED,OCCUPIED,0.7510450291362676
1209.0,cctv2,C2_S009,G005,OCCUPIED,OCCUPIED,0.7813014562834394
1209.0,cctv2,C2_S010,G002,EMPTY,MANEUVERING,0.2351335179263895
1209.0,cctv2,C2_S011,G017,OCCUPIED,LEAVING,0.7435699524662712
1209.0,cctv2,C2_S012,G018,OCCUPIED,OCCUPIED,0.7204519792795182
1209.0,cctv2,C2_S013,G019,OCCUPIED,OCCUPIED,0.831372870369391
1209.0,cctv2,C2_S014,G020,EMPTY,EMPTY,0.01
1209.0,cctv3,C3_S001,G021,OCCUPIED,LEAVING,0.7576755725524643
1209.0,cctv3,C3_S002,G019,EMPTY,EMPTY,0.01
1209.0,cctv3,C3_S003,G020,OCCUPIED,LEAVING,0.8015901156447152
1209.0,cctv3,C3_S004,G024,OCCUPIED,OCCUPIED,0.8288816590200772
1209.0,cctv3,C3_S005,G025,OCCUPIED,OCCUPIED,0.8267308435656808
1209.0,cctv3,C3_S006,G026,OCCUPIED,OCCUPIED,0.8253712505102158
1209.0,cctv3,C3_S007,G027,EMPTY,EMPTY,0.01
1209.0,cctv3,C3_S008,G028,EMPTY,EMPTY,0.01
1209.0,cctv3,C3_S009,G029,EMPTY,EMPTY,0.01
1209.0,cctv3,C3_S010,G007,OCCUPIED,OCCUPIED,0.544076160097664
1209.0,cctv3,C3_S011,G008,OCCUPIED,OCCUPIED,0.7504480003226888
1209.0,cctv3,C3_S012,G009,OCCUPIED,OCCUPIED,0.8234837393869054
1210.0,cctv1,C1_S001,G001,OCCUPIED,OCCUPIED,0.725860016217286
1210.0,cctv1,C1_S002,G002,EMPTY,EMPTY,0.01
1210.0,cctv1,C1_S003,G003,OCCUPIED,OCCUPIED,0.8364719025113366
1210.0,cctv1,C1_S004,G004,OCCUPIED,OCCUPIED,0.7718388203870167
1210.0,cctv1,C1_S005,G005,OCCUPIED,OCCUPIED,0.7600877611474558
1210.0,cctv1,C1_S006,G006,EMPTY,MANEUVERING,0.49
1210.0,cctv2,C2_S001,G007,OCCUPIED,LEAVING,0.7680702968077227
1210.0,cctv2,C2_S002,G008,OCCUPIED,OCCUPIED,0.8002853818915108
1210.0,cctv2,C2_S003,G009,OCCUPIED,OCCUPIED,0.6301487392661247
1210.0,cctv2,C2_S004,G010,OCCUPIED,OCCUPIED,0.79181241650473
1210.0,cctv2,C2_S005,G001,EMPTY,EMPTY,0.01
1210.0,cctv2,C2_S006,G003,OCCUPIED,OCCUPIED,0.8181764792312276
1210.0,cctv2,C2_S007,G004,OCCUPIED,OCCUPIED,0.7839607413519514
1210.0,cctv2,C2_S008,G006,OCCUPIED,OCCUPIED,0.7497360209172423
1210.0,cctv2,C2_S009,G005,OCCUPIED,OCCUPIED,0.7794226257638498
1210.0,cctv2,C2_S010,G002,EMPTY,MANEUVERING,0.2351335179263895
1210.0,cctv2,C2_S011,G017,OCCUPIED,LEAVING,0.7427645688165319
1210.0,cctv2,C2_S012,G018,OCCUPIED,OCCUPIED,0.7204461300318892
1210.0,cctv2,C2_S013,G019,OCCUPIED,OCCUPIED,0.8310166559436105
1210.0,cctv2,C2_S014,G020,EMPTY,EMPTY,0.01
1210.0,cctv3,C3_S001,G021,OCCUPIED,LEAVING,0.7550665508617055
1210.0,cctv3,C3_S002,G019,EMPTY,EMPTY,0.01
1210.0,cctv3,C3_S003,G020,OCCUPIED,LEAVING,0.8007399195974524
1210.0,cctv3,C3_S004,G024,OCCUPIED,OCCUPIED,0.8289280514825474
1210.0,cctv3,C3_S005,G025,OCCUPIED,OCCUPIED,0.826475595615127
1210.0,cctv3,C3_S006,G026,OCCUPIED,OCCUPIED,0.8249741738492793
1210.0,cctv3,C3_S007,G027,EMPTY,EMPTY,0.01
1210.0,cctv3,C3_S008,G028,EMPTY,EMPTY,0.01
1210.0,cctv3,C3_S009,G029,EMPTY,EMPTY,0.01
1210.0,cctv3,C3_S010,G007,OCCUPIED,OCCUPIED,0.51
1210.0,cctv3,C3_S011,G008,OCCUPIED,OCCUPIED,0.754881624322046
1210.0,cctv3,C3_S012,G009,OCCUPIED,OCCUPIED,0.8237175288525496
1211.0,cctv1,C1_S001,G001,OCCUPIED,OCCUPIED,0.728338486565785
1211.0,cctv1,C1_S002,G002,EMPTY,EMPTY,0.01
1211.0,cctv1,C1_S003,G003,OCCUPIED,OCCUPIED,0.8367165118455887
1211.0,cctv1,C1_S004,G004,OCCUPIED,OCCUPIED,0.7719044320962647
1211.0,cctv1,C1_S005,G005,OCCUPIED,OCCUPIED,0.7602037451483987
1211.0,cctv1,C1_S006,G006,EMPTY,MANEUVERING,0.410185073246107
1211.0,cctv2,C2_S001,G007,OCCUPIED,LEAVING,0.7712574889714068
1211.0,cctv2,C2_S002,G008,OCCUPIED,OCCUPIED,0.8035731012170966
1211.0,cctv2,C2_S003,G009,OCCUPIED,OCCUPIED,0.6666094667532227
1211.0,cctv2,C2_S004,G010,OCCUPIED,OCCUPIED,0.7932343331250278
1211.0,cctv2,C2_S005,G001,EMPTY,EMPTY,0.01
1211.0,cctv2,C2_S006,G003,OCCUPIED,OCCUPIED,0.81853924556212
1211.0,cctv2,C2_S007,G004,OCCUPIED,OCCUPIED,0.7840166954831644
1211.0,cctv2,C2_S008,G006,OCCUPIED,OCCUPIED,0.7488547559488904
1211.0,cctv2,C2_S009,G005,OCCUPIED,OCCUPIED,0.7776518138972196
1211.0,cctv2,C2_S010,G002,EMPTY,MANEUVERING,0.2351335179263895
1211.0,cctv2,C2_S011,G017,OCCUPIED,LEAVING,0.743870178623633
1211.0,cctv2,C2_S012,G018,OCCUPIED,OCCUPIED,0.7209619895382361
1211.0,cctv2,C2_S013,G019,OCCUPIED,OCCUPIED,0.8307394439523871
1211.0,cctv2,C2_S014,G020,EMPTY,EMPTY,0.01
1211.0,cctv3,C3_S001,G021,OCCUPIED,LEAVING,0.7553835095329718
1211.0,cctv3,C3_S002,G019,EMPTY,EMPTY,0.01
1211.0,cctv3,C3_S003,G020,OCCUPIED,LEAVING,0.7997466878457503
1211.0,cctv3,C3_S004,G024,OCCUPIED,OCCUPIED,0.8289398166266355
1211.0,cctv3,C3_S005,G025,OCCUPIED,OCCUPIED,0.8250057442621752
1211.0,cctv3,C3_S006,G026,OCCUPIED,OCCUPIED,0.8248594281348316
1211.0,cctv3,C3_S007,G027,EMPTY,EMPTY,0.01
1211.0,cctv3,C3_S008,G028,EMPTY,EMPTY,0.01
1211.0,cctv3,C3_S009,G029,EMPTY,EMPTY,0.01
1211.0,cctv3,C3_S010,G007,OCCUPIED,LEAVING,0.51
1211.0,cctv3,C3_S011,G008,OCCUPIED,OCCUPIED,0.7539604920555245
1211.0,cctv3,C3_S012,G009,OCCUPIED,OCCUPIED,0.8233713987198743
1212.0,cctv1,C1_S001,G001,OCCUPIED,OCCUPIED,0.7305272590368986
1212.0,cctv1,C1_S002,G002,EMPTY,EMPTY,0.01
1212.0,cctv1,C1_S003,G003,OCCUPIED,OCCUPIED,0.8369085181843151
1212.0,cctv1,C1_S004,G004,OCCUPIED,OCCUPIED,0.77005925395272
1212.0,cctv1,C1_S005,G005,OCCUPIED,OCCUPIED,0.7607951092449102
1212.0,cctv1,C1_S006,G006,EMPTY,MANEUVERING,0.410185073246107
1212.0,cctv2,C2_S001,G007,OCCUPIED,LEAVING,0.7657179015603933
1212.0,cctv2,C2_S002,G008,OCCUPIED,OCCUPIED,0.8034588943828237
1212.0,cctv2,C2_S003,G009,OCCUPIED,OCCUPIED,0.5866113629293712
1212.0,cctv2,C2_S004,G010,OCCUPIED,OCCUPIED,0.7931422683325682
1212.0,cctv2,C2_S005,G001,EMPTY,EMPTY,0.01
1212.0,cctv2,C2_S006,G003,OCCUPIED,OCCUPIED,0.81806126778776
1212.0,cctv2,C2_S007,G004,OCCUPIED,OCCUPIED,0.782641411098567
1212.0,cctv2,C2_S008,G006,OCCUPIED,OCCUPIED,0.7493979951197451
1212.0,cctv2,C2_S009,G005,OCCUPIED,OCCUPIED,0.7752553832801906
1212.0,cctv2,C2_S010,G002,EMPTY,MANEUVERING,0.1866090782122178
1212.0,cctv2,C2_S011,G017,OCCUPIED,LEAVING,0.7574578518759121
1212.0,cctv2,C2_S012,G018,OCCUPIED,OCCUPIED,0.7333501519181512
1212.0,cctv2,C2_S013,G019,OCCUPIED,OCCUPIED,0.8306283297863875
1212.0,cctv2,C2_S014,G020,EMPTY,EMPTY,0.01
1212.0,cctv3,C3_S001,G021,OCCUPIED,LEAVING,0.7554737402634187
1212.0,cctv3,C3_S002,G019,EMPTY,EMPTY,0.01
1212.0,cctv3,C3_S003,G020,OCCUPIED,LEAVING,0.8021325249563565
1212.0,cctv3,C3_S004,G024,OCCUPIED,OCCUPIED,0.8288267216899179
1212.0,cctv3,C3_S005,G025,OCCUPIED,OCCUPIED,0.8249007195234299
1212.0,cctv3,C3_S006,G026,OCCUPIED,OCCUPIED,0.8248746256936681
1212.0,cctv3,C3_S007,G027,EMPTY,EMPTY,0.01
1212.0,cctv3,C3_S008,G028,EMPTY,EMPTY,0.01
1212.0,cctv3,C3_S009,G029,EMPTY,EMPTY,0.01
1212.0,cctv3,C3_S010,G007,OCCUPIED,LEAVING,0.5809474071782904
1212.0,cctv3,C3_S011,G008,OCCUPIED,OCCUPIED,0.7540862706709992
1212.0,cctv3,C3_S012,G009,OCCUPIED,OCCUPIED,0.8219852867451581
1213.0,cctv1,C1_S001,G001,OCCUPIED,OCCUPIED,0.7351540832018311
1213.0,cctv1,C1_S002,G002,EMPTY,MANEUVERING,0.2099253078888763
1213.0,cctv1,C1_S003,G003,OCCUPIED,OCCUPIED,0.8369534224271775
1213.0,cctv1,C1_S004,G004,OCCUPIED,OCCUPIED,0.7685140605677259
1213.0,cctv1,C1_S005,G005,OCCUPIED,OCCUPIED,0.7628196714953943
1213.0,cctv1,C1_S006,G006,EMPTY,MANEUVERING,0.3310763611350998
1213.0,cctv2,C2_S001,G007,OCCUPIED,LEAVING,0.7569589639251884
1213.0,cctv2,C2_S002,G008,OCCUPIED,OCCUPIED,0.8060150566426191
1213.0,cctv2,C2_S003,G009,OCCUPIED,LEAVING,0.5851596815613183
1213.0,cctv2,C2_S004,G010,OCCUPIED,OCCUPIED,0.7942980988459154
1213.0,cctv2,C2_S005,G001,EMPTY,EMPTY,0.01
1213.0,cctv2,C2_S006,G003,OCCUPIED,OCCUPIED,0.8174094284122642
1213.0,cctv2,C2_S007,G004,OCCUPIED,OCCUPIED,0.782985988801176
1213.0,cctv2,C2_S008,G006,OCCUPIED,OCCUPIED,0.7500489522110333
1213.0,cctv2,C2_S009,G005,OCCUPIED,OCCUPIED,0.7720380008220673
1213.0,cctv2,C2_S010,G002,EMPTY,MANEUVERING,0.1399032358147881
1213.0,cctv2,C2_S011,G017,OCCUPIED,LEAVING,0.770933666039597
1213.0,cctv2,C2_S012,G018,OCCUPIED,OCCUPIED,0.745219194282185
1213.0,cctv2,C2_S013,G019,OCCUPIED,OCCUPIED,0.8305729990655726
1213.0,cctv2,C2_S014,G020,EMPTY,EMPTY,0.01
1213.0,cctv3,C3_S001,G021,OCCUPIED,LEAVING,0.754968658360568
1213.0,cctv3,C3_S002,G019,EMPTY,EMPTY,0.01
1213.0,cctv3,C3_S003,G020,OCCUPIED,LEAVING,0.8004502418366346
1213.0,cctv3,C3_S004,G024,OCCUPIED,OCCUPIED,0.8286592478101904
1213.0,cctv3,C3_S005,G025,OCCUPIED,OCCUPIED,0.8221060454845429
1213.0,cctv3,C3_S006,G026,OCCUPIED,OCCUPIED,0.8244688781824979
1213.0,cctv3,C3_S007,G027,EMPTY,EMPTY,0.01
1213.0,cctv3,C3_S008,G028,EMPTY,EMPTY,0.01
1213.0,cctv3,C3_S009,G029,EMPTY,EMPTY,0.01
1213.0,cctv3,C3_S010,G007,OCCUPIED,LEAVING,0.5822146985708893
1213.0,cctv3,C3_S011,G008,OCCUPIED,OCCUPIED,0.7559220652688634
1213.0,cctv3,C3_S012,G009,OCCUPIED,OCCUPIED,0.8221536433154887
1214.0,cctv1,C1_S001,G001,OCCUPIED,OCCUPIED,0.7403587832030926
1214.0,cctv1,C1_S002,G002,EMPTY,MANEUVERING,0.2099253078888763
1214.0,cctv1,C1_S003,G003,OCCUPIED,OCCUPIED,0.837018262798136
1214.0,cctv1,C1_S004,G004,OCCUPIED,OCCUPIED,0.7667915650389412
1214.0,cctv1,C1_S005,G005,OCCUPIED,OCCUPIED,0.7618748905983839
1214.0,cctv1,C1_S006,G006,EMPTY,MANEUVERING,0.3310763611350998
1214.0,cctv2,C2_S001,G007,OCCUPIED,LEAVING,0.7548611993139441
1214.0,cctv2,C2_S002,G008,OCCUPIED,OCCUPIED,0.8070596892725338
1214.0,cctv2,C2_S003,G009,OCCUPIED,LEAVING,0.5845544866387817
1214.0,cctv2,C2_S004,G010,OCCUPIED,OCCUPIED,0.794456977464936
1214.0,cctv2,C2_S005,G001,EMPTY,EMPTY,0.01
1214.0,cctv2,C2_S006,G003,OCCUPIED,OCCUPIED,0.8169231219725176
1214.0,cctv2,C2_S007,G004,OCCUPIED,OCCUPIED,0.7835997042330829
1214.0,cctv2,C2_S008,G006,OCCUPIED,OCCUPIED,0.7510500708764251
1214.0,cctv2,C2_S009,G005,OCCUPIED,OCCUPIED,0.7697711257772013
1214.0,cctv2,C2_S010,G002,EMPTY,EMPTY,0.01
1214.0,cctv2,C2_S011,G017,OCCUPIED,OCCUPIED,0.784390303221616
1214.0,cctv2,C2_S012,G018,OCCUPIED,OCCUPIED,0.7563901320099832
1214.0,cctv2,C2_S013,G019,OCCUPIED,OCCUPIED,0.8303898367014799
1214.0,cctv2,C2_S014,G020,EMPTY,EMPTY,0.01
1214.0,cctv3,C3_S001,G021,OCCUPIED,LEAVING,0.7571548862890765
1214.0,cctv3,C3_S002,G019,EMPTY,EMPTY,0.01
1214.0,cctv3,C3_S003,G020,OCCUPIED,LEAVING,0.8017022620547902
1214.0,cctv3,C3_S004,G024,OCCUPIED,OCCUPIED,0.8285804306918925
1214.0,cctv3,C3_S005,G025,OCCUPIED,OCCUPIED,0.8213284259492701
1214.0,cctv3,C3_S006,G026,OCCUPIED,OCCUPIED,0.8243272136558186
1214.0,cctv3,C3_S007,G027,EMPTY,EMPTY,0.01
1214.0,cctv3,C3_S008,G028,EMPTY,EMPTY,0.01
1214.0,cctv3,C3_S009,G029,EMPTY,EMPTY,0.01
1214.0,cctv3,C3_S010,G007,OCCUPIED,OCCUPIED,0.6268811569391908
1214.0,cctv3,C3_S011,G008,OCCUPIED,OCCUPIED,0.7923859341578051
1214.0,cctv3,C3_S012,G009,OCCUPIED,OCCUPIED,0.8218928301876243
1215.0,cctv1,C1_S001,G001,OCCUPIED,OCCUPIED,0.7441532208838246
1215.0,cctv1,C1_S002,G002,EMPTY,MANEUVERING,0.2099253078888763
1215.0,cctv1,C1_S003,G003,OCCUPIED,OCCUPIED,0.8369369861754505
1215.0,cctv1,C1_S004,G004,OCCUPIED,OCCUPIED,0.7675280569629236
1215.0,cctv1,C1_S005,G005,OCCUPIED,OCCUPIED,0.7648835756561974
1215.0,cctv1,C1_S006,G006,EMPTY,MANEUVERING,0.2970022205003735
1215.0,cctv2,C2_S001,G007,OCCUPIED,LEAVING,0.7552018146623265
1215.0,cctv2,C2_S002,G008,OCCUPIED,OCCUPIED,0.8078055059367961
1215.0,cctv2,C2_S003,G009,OCCUPIED,LEAVING,0.5845633328993889
1215.0,cctv2,C2_S004,G010,OCCUPIED,OCCUPIED,0.7961166333068501
1215.0,cctv2,C2_S005,G001,EMPTY,EMPTY,0.01
1215.0,cctv2,C2_S006,G003,OCCUPIED,OCCUPIED,0.8159272974187678
1215.0,cctv2,C2_S007,G004,OCCUPIED,OCCUPIED,0.7837929297577252
1215.0,cctv2,C2_S008,G006,OCCUPIED,OCCUPIED,0.751378333433108
1215.0,cctv2,C2_S009,G005,OCCUPIED,OCCUPIED,0.769190447438847
1215.0,cctv2,C2_S010,G002,EMPTY,EMPTY,0.01
1215.0,cctv2,C2_S011,G017,OCCUPIED,OCCUPIED,0.784572490236976
1215.0,cctv2,C2_S012,G018,OCCUPIED,OCCUPIED,0.757451059872454
1215.0,cctv2,C2_S013,G019,OCCUPIED,OCCUPIED,0.8303731923753566
1215.0,cctv2,C2_S014,G020,EMPTY,EMPTY,0.01
1215.0,cctv3,C3_S001,G021,OCCUPIED,LEAVING,0.7570601002736526
1215.0,cctv3,C3_S002,G019,EMPTY,EMPTY,0.01
1215.0,cctv3,C3_S003,G020,OCCUPIED,LEAVING,0.8048957887020979
1215.0,cctv3,C3_S004,G024,OCCUPIED,OCCUPIED,0.8279961992393841
1215.0,cctv3,C3_S005,G025,OCCUPIED,OCCUPIED,0.8190592210401189
1215.0,cctv3,C3_S006,G026,OCCUPIED,OCCUPIED,0.8240986195477573
1215.0,cctv3,C3_S007,G027,EMPTY,EMPTY,0.01
1215.0,cctv3,C3_S008,G028,EMPTY,EMPTY,0.01
1215.0,cctv3,C3_S009,G029,EMPTY,EMPTY,0.01
1215.0,cctv3,C3_S010,G007,OCCUPIED,OCCUPIED,0.6631102767688307
1215.0,cctv3,C3_S011,G008,OCCUPIED,OCCUPIED,0.7926285123283213
1215.0,cctv3,C3_S012,G009,OCCUPIED,OCCUPIED,0.8212822090495717
1216.0,cctv1,C1_S001,G001,OCCUPIED,OCCUPIED,0.7462484593418512
1216.0,cctv1,C1_S002,G002,EMPTY,MANEUVERING,0.2099253078888763
1216.0,cctv1,C1_S003,G003,OCCUPIED,OCCUPIED,0.8368367788466541
1216.0,cctv1,C1_S004,G004,OCCUPIED,OCCUPIED,0.7682099342346193
1216.0,cctv1,C1_S005,G005,OCCUPIED,OCCUPIED,0.7691907250068405
1216.0,cctv1,C1_S006,G006,EMPTY,MANEUVERING,0.265557910628391
1216.0,cctv2,C2_S001,G007,OCCUPIED,LEAVING,0.7554948244582523
1216.0,cctv2,C2_S002,G008,OCCUPIED,OCCUPIED,0.8087684774940664
1216.0,cctv2,C2_S003,G009,OCCUPIED,LEAVING,0.665233936341423
1216.0,cctv2,C2_S004,G010,OCCUPIED,OCCUPIED,0.8013113406571476
1216.0,cctv2,C2_S005,G001,EMPTY,EMPTY,0.01
1216.0,cctv2,C2_S006,G003,OCCUPIED,OCCUPIED,0.8152357361533425
1216.0,cctv2,C2_S007,G004,OCCUPIED,OCCUPIED,0.785176642374559
1216.0,cctv2,C2_S008,G006,OCCUPIED,OCCUPIED,0.7521426284855063
1216.0,cctv2,C2_S009,G005,OCCUPIED,OCCUPIED,0.7681994008747015
1216.0,cctv2,C2_S010,G002,EMPTY,EMPTY,0.01
1216.0,cctv2,C2_S011,G017,OCCUPIED,OCCUPIED,0.7841069505973296
1216.0,cctv2,C2_S012,G018,OCCUPIED,OCCUPIED,0.7583326727151871
1216.0,cctv2,C2_S013,G019,OCCUPIED,OCCUPIED,0.830311831561002
1216.0,cctv2,C2_S014,G020,EMPTY,EMPTY,0.01
1216.0,cctv3,C3_S001,G021,OCCUPIED,LEAVING,0.7570324962789363
1216.0,cctv3,C3_S002,G019,EMPTY,EMPTY,0.01
1216.0,cctv3,C3_S003,G020,OCCUPIED,LEAVING,0.8036678685383364
1216.0,cctv3,C3_S004,G024,OCCUPIED,OCCUPIED,0.8277080795981668
1216.0,cctv3,C3_S005,G025,OCCUPIED,OCCUPIED,0.818776779554107
1216.0,cctv3,C3_S006,G026,OCCUPIED,OCCUPIED,0.8241184524514459
1216.0,cctv3,C3_S007,G027,EMPTY,EMPTY,0.01
1216.0,cctv3,C3_S008,G028,EMPTY,EMPTY,0.01
1216.0,cctv3,C3_S009,G029,EMPTY,EMPTY,0.01
1216.0,cctv3,C3_S010,G007,OCCUPIED,OCCUPIED,0.6181102767688307
1216.0,cctv3,C3_S011,G008,OCCUPIED,OCCUPIED,0.7931416148489172
1216.0,cctv3,C3_S012,G009,OCCUPIED,OCCUPIED,0.821985274553299
1217.0,cctv1,C1_S001,G001,OCCUPIED,OCCUPIED,0.7499062621458011
1217.0,cctv1,C1_S002,G002,EMPTY,MANEUVERING,0.2465319275229492
1217.0,cctv1,C1_S003,G003,OCCUPIED,OCCUPIED,0.8375841341235422
1217.0,cctv1,C1_S004,G004,OCCUPIED,OCCUPIED,0.7684118980711158
1217.0,cctv1,C1_S005,G005,OCCUPIED,OCCUPIED,0.7733789765022019
1217.0,cctv1,C1_S006,G006,EMPTY,MANEUVERING,0.2240135882975477
1217.0,cctv2,C2_S001,G007,OCCUPIED,LEAVING,0.7552762719717894
1217.0,cctv2,C2_S002,G008,OCCUPIED,OCCUPIED,0.8122129280458797
1217.0,cctv2,C2_S003,G009,OCCUPIED,LEAVING,0.7011405648697507
1217.0,cctv2,C2_S004,G010,OCCUPIED,OCCUPIED,0.8078895379196515
1217.0,cctv2,C2_S005,G001,EMPTY,EMPTY,0.01
1217.0,cctv2,C2_S006,G003,OCCUPIED,LEAVING,0.8170833075588401
1217.0,cctv2,C2_S007,G004,OCCUPIED,OCCUPIED,0.7852220594882966
1217.0,cctv2,C2_S008,G006,OCCUPIED,OCCUPIED,0.7516083625229923
1217.0,cctv2,C2_S009,G005,OCCUPIED,OCCUPIED,0.7667496319521558
1217.0,cctv2,C2_S010,G002,EMPTY,EMPTY,0.01
1217.0,cctv2,C2_S011,G017,OCCUPIED,OCCUPIED,0.7826577676968142
1217.0,cctv2,C2_S012,G018,OCCUPIED,LEAVING,0.7568553241816435
1217.0,cctv2,C2_S013,G019,OCCUPIED,OCCUPIED,0.8303962455554442
1217.0,cctv2,C2_S014,G020,EMPTY,EMPTY,0.01
1217.0,cctv3,C3_S001,G021,OCCUPIED,LEAVING,0.7589615580710498
1217.0,cctv3,C3_S002,G019,EMPTY,EMPTY,0.01
1217.0,cctv3,C3_S003,G020,OCCUPIED,LEAVING,0.8037099914117294
1217.0,cctv3,C3_S004,G024,OCCUPIED,OCCUPIED,0.8276441170410678
1217.0,cctv3,C3_S005,G025,OCCUPIED,OCCUPIED,0.8194198351014745
1217.0,cctv3,C3_S006,G026,OCCUPIED,OCCUPIED,0.8240935615517877
1217.0,cctv3,C3_S007,G027,EMPTY,EMPTY,0.01
1217.0,cctv3,C3_S008,G028,EMPTY,EMPTY,0.01
1217.0,cctv3,C3_S009,G029,EMPTY,EMPTY,0.01
1217.0,cctv3,C3_S010,G007,OCCUPIED,OCCUPIED,0.6173560887676748
1217.0,cctv3,C3_S011,G008,OCCUPIED,OCCUPIED,0.7935066935690968
1217.0,cctv3,C3_S012,G009,OCCUPIED,OCCUPIED,0.8218578923832287
1218.0,cctv1,C1_S001,G001,OCCUPIED,OCCUPIED,0.7521109621633183
1218.0,cctv1,C1_S002,G002,EMPTY,MANEUVERING,0.2465319275229492
1218.0,cctv1,C1_S003,G003,OCCUPIED,OCCUPIED,0.8376373410224915
1218.0,cctv1,C1_S004,G004,OCCUPIED,OCCUPIED,0.767867364937609
1218.0,cctv1,C1_S005,G005,OCCUPIED,OCCUPIED,0.7711412595076995
1218.0,cctv1,C1_S006,G006,EMPTY,MANEUVERING,0.1925918348720579
1218.0,cctv2,C2_S001,G007,OCCUPIED,LEAVING,0.74775651530786
1218.0,cctv2,C2_S002,G008,OCCUPIED,OCCUPIED,0.8137279152870178
1218.0,cctv2,C2_S003,G009,OCCUPIED,LEAVING,0.7002965655584228
1218.0,cctv2,C2_S004,G010,OCCUPIED,OCCUPIED,0.8086022512479263
1218.0,cctv2,C2_S005,G001,EMPTY,EMPTY,0.01
1218.0,cctv2,C2_S006,G003,OCCUPIED,LEAVING,0.811958968774839
1218.0,cctv2,C2_S007,G004,OCCUPIED,OCCUPIED,0.7855827206915076
1218.0,cctv2,C2_S008,G006,OCCUPIED,OCCUPIED,0.752070477469401
1218.0,cctv2,C2_S009,G005,OCCUPIED,OCCUPIED,0.7656728534535929
1218.0,cctv2,C2_S010,G002,EMPTY,MANEUVERING,0.175859184644439
1218.0,cctv2,C2_S011,G017,OCCUPIED,LEAVING,0.7674115509065715
1218.0,cctv2,C2_S012,G018,OCCUPIED,LEAVING,0.7422332962155342
1218.0,cctv2,C2_S013,G019,OCCUPIED,OCCUPIED,0.8304377433928577
1218.0,cctv2,C2_S014,G020,EMPTY,EMPTY,0.01
1218.0,cctv3,C3_S001,G021,OCCUPIED,LEAVING,0.7583769897168333
1218.0,cctv3,C3_S002,G019,EMPTY,EMPTY,0.01
1218.0,cctv3,C3_S003,G020,OCCUPIED,LEAVING,0.8027384936809541
1218.0,cctv3,C3_S004,G024,OCCUPIED,OCCUPIED,0.8274867282672362
1218.0,cctv3,C3_S005,G025,OCCUPIED,OCCUPIED,0.8188213603063064
1218.0,cctv3,C3_S006,G026,OCCUPIED,OCCUPIED,0.823978834531524
1218.0,cctv3,C3_S007,G027,EMPTY,EMPTY,0.01
1218.0,cctv3,C3_S008,G028,EMPTY,EMPTY,0.01
1218.0,cctv3,C3_S009,G029,EMPTY,EMPTY,0.01
1218.0,cctv3,C3_S010,G007,OCCUPIED,OCCUPIED,0.6178468234938654
1218.0,cctv3,C3_S011,G008,OCCUPIED,OCCUPIED,0.7949623974886808
1218.0,cctv3,C3_S012,G009,OCCUPIED,OCCUPIED,0.8214131471785633
1219.0,cctv1,C1_S001,G001,OCCUPIED,OCCUPIED,0.7548587993464687
1219.0,cctv1,C1_S002,G002,EMPTY,MANEUVERING,0.331173116852614
1219.0,cctv1,C1_S003,G003,OCCUPIED,OCCUPIED,0.8373890521851454
1219.0,cctv1,C1_S004,G004,OCCUPIED,OCCUPIED,0.7684182488105514
1219.0,cctv1,C1_S005,G005,OCCUPIED,OCCUPIED,0.7716039438139309
1219.0,cctv1,C1_S006,G006,EMPTY,MANEUVERING,0.1925918348720579
1219.0,cctv2,C2_S001,G007,OCCUPIED,LEAVING,0.7463012897155502
1219.0,cctv2,C2_S002,G008,OCCUPIED,OCCUPIED,0.8154161228375002
1219.0,cctv2,C2_S003,G009,OCCUPIED,LEAVING,0.6986433875967156
1219.0,cctv2,C2_S004,G010,OCCUPIED,OCCUPIED,0.810451489686966
1219.0,cctv2,C2_S005,G001,EMPTY,EMPTY,0.01
1219.0,cctv2,C2_S006,G003,OCCUPIED,LEAVING,0.8135826106775892
1219.0,cctv2,C2_S007,G004,OCCUPIED,OCCUPIED,0.7850356110117653
1219.0,cctv2,C2_S008,G006,OCCUPIED,OCCUPIED,0.6705626297403465
1219.0,cctv2,C2_S009,G005,OCCUPIED,OCCUPIED,0.7673428439281205
1219.0,cctv2,C2_S010,G002,EMPTY,MANEUVERING,0.2777595983581109
1219.0,cctv2,C2_S011,G017,OCCUPIED,LEAVING,0.7544881124929949
1219.0,cctv2,C2_S012,G018,OCCUPIED,LEAVING,0.7311000098423525
1219.0,cctv2,C2_S013,G019,OCCUPIED,OCCUPIED,0.8306725504723462
1219.0,cctv2,C2_S014,G020,EMPTY,EMPTY,0.01
1219.0,cctv3,C3_S001,G021,OCCUPIED,OCCUPIED,0.7568419123237784
1219.0,cctv3,C3_S002,G019,EMPTY,EMPTY,0.01
1219.0,cctv3,C3_S003,G020,OCCUPIED,LEAVING,0.8011817086826671
1219.0,cctv3,C3_S004,G024,OCCUPIED,OCCUPIED,0.8271747800436887
1219.0,cctv3,C3_S005,G025,OCCUPIED,OCCUPIED,0.8193463604558598
1219.0,cctv3,C3_S006,G026,OCCUPIED,OCCUPIED,0.8240635199980303
1219.0,cctv3,C3_S007,G027,EMPTY,EMPTY,0.01
1219.0,cctv3,C3_S008,G028,EMPTY,EMPTY,0.01
1219.0,cctv3,C3_S009,G029,EMPTY,EMPTY,0.01
1219.0,cctv3,C3_S010,G007,OCCUPIED,OCCUPIED,0.6532682845809243
1219.0,cctv3,C3_S011,G008,OCCUPIED,OCCUPIED,0.7924739252437245
1219.0,cctv3,C3_S012,G009,OCCUPIED,OCCUPIED,0.8209434444254096
1220.0,cctv1,C1_S001,G001,OCCUPIED,OCCUPIED,0.7574029071087187
1220.0,cctv1,C1_S002,G002,EMPTY,MANEUVERING,0.331173116852614
1220.0,cctv1,C1_S003,G003,OCCUPIED,OCCUPIED,0.8373986171050506
1220.0,cctv1,C1_S004,G004,OCCUPIED,OCCUPIED,0.7695329155434263
1220.0,cctv1,C1_S005,G005,OCCUPIED,OCCUPIED,0.772599005970088
1220.0,cctv1,C1_S006,G006,EMPTY,EMPTY,0.01
1220.0,cctv2,C2_S001,G007,OCCUPIED,LEAVING,0.7472491311756048
1220.0,cctv2,C2_S002,G008,OCCUPIED,OCCUPIED,0.8160040118477562
1220.0,cctv2,C2_S003,G009,OCCUPIED,LEAVING,0.6971850296516311
1220.0,cctv2,C2_S004,G010,OCCUPIED,OCCUPIED,0.8101968935944818
1220.0,cctv2,C2_S005,G001,EMPTY,EMPTY,0.01
1220.0,cctv2,C2_S006,G003,OCCUPIED,LEAVING,0.8102642003785481
1220.0,cctv2,C2_S007,G004,OCCUPIED,OCCUPIED,0.7820248866623098
1220.0,cctv2,C2_S008,G006,OCCUPIED,LEAVING,0.669939876686443
1220.0,cctv2,C2_S009,G005,OCCUPIED,OCCUPIED,0.7698135778307915
1220.0,cctv2,C2_S010,G002,EMPTY,MANEUVERING,0.3721670227701014
1220.0,cctv2,C2_S011,G017,OCCUPIED,LEAVING,0.7407335062731397
1220.0,cctv2,C2_S012,G018,OCCUPIED,LEAVING,0.7201962366158313
1220.0,cctv2,C2_S013,G019,OCCUPIED,OCCUPIED,0.8302239347587933
1220.0,cctv2,C2_S014,G020,EMPTY,EMPTY,0.01
1220.0,cctv3,C3_S001,G021,OCCUPIED,OCCUPIED,0.75534551482309
1220.0,cctv3,C3_S002,G019,EMPTY,EMPTY,0.01
1220.0,cctv3,C3_S003,G020,OCCUPIED,LEAVING,0.8005912260575728
1220.0,cctv3,C3_S004,G024,OCCUPIED,OCCUPIED,0.8270881487564608
1220.0,cctv3,C3_S005,G025,OCCUPIED,OCCUPIED,0.819824438203465
1220.0,cctv3,C3_S006,G026,OCCUPIED,OCCUPIED,0.8240804032845931
1220.0,cctv3,C3_S007,G027,EMPTY,EMPTY,0.01
1220.0,cctv3,C3_S008,G028,EMPTY,EMPTY,0.01
1220.0,cctv3,C3_S009,G029,EMPTY,EMPTY,0.01
1220.0,cctv3,C3_S010,G007,OCCUPIED,OCCUPIED,0.696985647262949
1220.0,cctv3,C3_S011,G008,OCCUPIED,OCCUPIED,0.7924263989383524
1220.0,cctv3,C3_S012,G009,OCCUPIED,OCCUPIED,0.8209047523411839
1221.0,cctv1,C1_S001,G001,OCCUPIED,OCCUPIED,0.7580381271514026
1221.0,cctv1,C1_S002,G002,EMPTY,MANEUVERING,0.286173116852614
1221.0,cctv1,C1_S003,G003,OCCUPIED,OCCUPIED,0.83742252452807
1221.0,cctv1,C1_S004,G004,OCCUPIED,OCCUPIED,0.7702068888328293
1221.0,cctv1,C1_S005,G005,OCCUPIED,OCCUPIED,0.7608283289725131
1221.0,cctv1,C1_S006,G006,EMPTY,MANEUVERING,0.1269319348850033
1221.0,cctv2,C2_S001,G007,OCCUPIED,LEAVING,0.7470693431117319
1221.0,cctv2,C2_S002,G008,OCCUPIED,OCCUPIED,0.816396444223144
1221.0,cctv2,C2_S003,G009,OCCUPIED,LEAVING,0.6959680318493735
1221.0,cctv2,C2_S004,G010,OCCUPIED,OCCUPIED,0.8104570491747424
1221.0,cctv2,C2_S005,G001,EMPTY,EMPTY,0.01
1221.0,cctv2,C2_S006,G003,OCCUPIED,LEAVING,0.8090832042423162
1221.0,cctv2,C2_S007,G004,OCCUPIED,OCCUPIED,0.7845843175595457
1221.0,cctv2,C2_S008,G006,OCCUPIED,LEAVING,0.6706088723648679
1221.0,cctv2,C2_S009,G005,OCCUPIED,OCCUPIED,0.6887748495150696
1221.0,cctv2,C2_S010,G002,EMPTY,MANEUVERING,0.3721670227701014
1221.0,cctv2,C2_S011,G017,OCCUPIED,LEAVING,0.7428244247490711
1221.0,cctv2,C2_S012,G018,OCCUPIED,LEAVING,0.7224257102879612
1221.0,cctv2,C2_S013,G019,OCCUPIED,OCCUPIED,0.8307761959054254
1221.0,cctv2,C2_S014,G020,EMPTY,EMPTY,0.01
1221.0,cctv3,C3_S001,G021,OCCUPIED,OCCUPIED,0.7583251560276205
1221.0,cctv3,C3_S002,G019,EMPTY,EMPTY,0.01
1221.0,cctv3,C3_S003,G020,OCCUPIED,LEAVING,0.8009756028652192
1221.0,cctv3,C3_S004,G024,OCCUPIED,OCCUPIED,0.826944366910241
1221.0,cctv3,C3_S005,G025,OCCUPIED,OCCUPIED,0.8200915098190308
1221.0,cctv3,C3_S006,G026,OCCUPIED,OCCUPIED,0.8243384065953169
1221.0,cctv3,C3_S007,G027,EMPTY,EMPTY,0.01
1221.0,cctv3,C3_S008,G028,EMPTY,EMPTY,0.01
1221.0,cctv3,C3_S009,G029,EMPTY,EMPTY,0.01
1221.0,cctv3,C3_S010,G007,OCCUPIED,OCCUPIED,0.7326999395002018
1221.0,cctv3,C3_S011,G008,OCCUPIED,OCCUPIED,0.7920506352728064
1221.0,cctv3,C3_S012,G009,OCCUPIED,OCCUPIED,0.8213084808804773
1222.0,cctv1,C1_S001,G001,OCCUPIED,OCCUPIED,0.7570629088716074
1222.0,cctv1,C1_S002,G002,EMPTY,MANEUVERING,0.286173116852614
1222.0,cctv1,C1_S003,G003,OCCUPIED,OCCUPIED,0.8373153174465353
1222.0,cctv1,C1_S004,G004,OCCUPIED,OCCUPIED,0.768878381360661
1222.0,cctv1,C1_S005,G005,OCCUPIED,OCCUPIED,0.7600302783196624
1222.0,cctv1,C1_S006,G006,EMPTY,MANEUVERING,0.1269319348850033
1222.0,cctv2,C2_S001,G007,OCCUPIED,LEAVING,0.7464798484336247
1222.0,cctv2,C2_S002,G008,OCCUPIED,OCCUPIED,0.8175909684462981
1222.0,cctv2,C2_S003,G009,OCCUPIED,LEAVING,0.6949554630775344
1222.0,cctv2,C2_S004,G010,OCCUPIED,OCCUPIED,0.8134178568016399
1222.0,cctv2,C2_S005,G001,EMPTY,EMPTY,0.01
1222.0,cctv2,C2_S006,G003,OCCUPIED,LEAVING,0.8090482583100146
1222.0,cctv2,C2_S007,G004,OCCUPIED,OCCUPIED,0.7850229318846357
1222.0,cctv2,C2_S008,G006,OCCUPIED,LEAVING,0.6760123800147664
1222.0,cctv2,C2_S009,G005,OCCUPIED,LEAVING,0.6946054126728665
1222.0,cctv2,C2_S010,G002,EMPTY,MANEUVERING,0.4187780438634483
1222.0,cctv2,C2_S011,G017,OCCUPIED,LEAVING,0.7267977107383989
1222.0,cctv2,C2_S012,G018,OCCUPIED,LEAVING,0.7119803261756898
1222.0,cctv2,C2_S013,G019,OCCUPIED,OCCUPIED,0.8309572580185804
1222.0,cctv2,C2_S014,G020,EMPTY,EMPTY,0.01
1222.0,cctv3,C3_S001,G021,OCCUPIED,OCCUPIED,0.7566502197222277
1222.0,cctv3,C3_S002,G019,EMPTY,EMPTY,0.01
1222.0,cctv3,C3_S003,G020,OCCUPIED,LEAVING,0.8006800795143302
1222.0,cctv3,C3_S004,G024,OCCUPIED,OCCUPIED,0.8269162784923207
1222.0,cctv3,C3_S005,G025,OCCUPIED,OCCUPIED,0.8216753087260507
1222.0,cctv3,C3_S006,G026,OCCUPIED,OCCUPIED,0.8244617995890705
1222.0,cctv3,C3_S007,G027,EMPTY,EMPTY,0.01
1222.0,cctv3,C3_S008,G028,EMPTY,EMPTY,0.01
1222.0,cctv3,C3_S009,G029,EMPTY,EMPTY,0.01
1222.0,cctv3,C3_S010,G007,OCCUPIED,OCCUPIED,0.7335727723349225
1222.0,cctv3,C3_S011,G008,OCCUPIED,OCCUPIED,0.7925824953751132
1222.0,cctv3,C3_S012,G009,OCCUPIED,OCCUPIED,0.821259798786857
1223.0,cctv1,C1_S001,G001,OCCUPIED,OCCUPIED,0.7564994529566982
1223.0,cctv1,C1_S002,G002,EMPTY,MANEUVERING,0.241173116852614
1223.0,cctv1,C1_S003,G003,OCCUPIED,OCCUPIED,0.8375195514072072
1223.0,cctv1,C1_S004,G004,OCCUPIED,OCCUPIED,0.7684702580625361
1223.0,cctv1,C1_S005,G005,OCCUPIED,OCCUPIED,0.7585522856495598
1223.0,cctv1,C1_S006,G006,EMPTY,MANEUVERING,0.2094560759175907
1223.0,cctv2,C2_S001,G007,OCCUPIED,LEAVING,0.7444241847504269
1223.0,cctv2,C2_S002,G008,OCCUPIED,OCCUPIED,0.816982375220819
1223.0,cctv2,C2_S003,G009,OCCUPIED,LEAVING,0.7306683345951818
1223.0,cctv2,C2_S004,G010,OCCUPIED,OCCUPIED,0.810458831218156
1223.0,cctv2,C2_S005,G001,EMPTY,EMPTY,0.01
1223.0,cctv2,C2_S006,G003,OCCUPIED,LEAVING,0.8097374559803443
1223.0,cctv2,C2_S007,G004,OCCUPIED,OCCUPIED,0.7867721470919523
1223.0,cctv2,C2_S008,G006,OCCUPIED,LEAVING,0.7216231297362935
1223.0,cctv2,C2_S009,G005,OCCUPIED,LEAVING,0.6928921825100075
1223.0,cctv2,C2_S010,G002,EMPTY,MANEUVERING,0.3737780438634482
1223.0,cctv2,C2_S011,G017,OCCUPIED,LEAVING,0.7310333796251905
1223.0,cctv2,C2_S012,G018,OCCUPIED,LEAVING,0.7123192440108821
1223.0,cctv2,C2_S013,G019,OCCUPIED,OCCUPIED,0.8311518254605207
1223.0,cctv2,C2_S014,G020,EMPTY,EMPTY,0.01
1223.0,cctv3,C3_S001,G021,OCCUPIED,OCCUPIED,0.755666125768965
1223.0,cctv3,C3_S002,G019,EMPTY,EMPTY,0.01
1223.0,cctv3,C3_S003,G020,OCCUPIED,LEAVING,0.797328020496802
1223.0,cctv3,C3_S004,G024,OCCUPIED,OCCUPIED,0.8269521428780122
1223.0,cctv3,C3_S005,G025,OCCUPIED,OCCUPIED,0.8214447801763362
1223.0,cctv3,C3_S006,G026,OCCUPIED,OCCUPIED,0.8243155078454452
1223.0,cctv3,C3_S007,G027,EMPTY,EMPTY,0.01
1223.0,cctv3,C3_S008,G028,EMPTY,EMPTY,0.01
1223.0,cctv3,C3_S009,G029,EMPTY,EMPTY,0.01
1223.0,cctv3,C3_S010,G007,OCCUPIED,OCCUPIED,0.731807792078365
1223.0,cctv3,C3_S011,G008,OCCUPIED,OCCUPIED,0.7925078568133441
1223.0,cctv3,C3_S012,G009,OCCUPIED,OCCUPIED,0.8224915000525388
1224.0,cctv1,C1_S001,G001,OCCUPIED,OCCUPIED,0.7504534254697237
1224.0,cctv1,C1_S002,G002,EMPTY,MANEUVERING,0.2065697486072101
1224.0,cctv1,C1_S003,G003,OCCUPIED,OCCUPIED,0.8371787036007101
1224.0,cctv1,C1_S004,G004,OCCUPIED,OCCUPIED,0.7693396713245999
1224.0,cctv1,C1_S005,G005,OCCUPIED,OCCUPIED,0.7561930771849373
1224.0,cctv1,C1_S006,G006,EMPTY,MANEUVERING,0.2094560759175907
1224.0,cctv2,C2_S001,G007,OCCUPIED,LEAVING,0.7489553026177667
1224.0,cctv2,C2_S002,G008,OCCUPIED,LEAVING,0.8132921302860434
1224.0,cctv2,C2_S003,G009,OCCUPIED,LEAVING,0.6482247113842856
1224.0,cctv2,C2_S004,G010,OCCUPIED,OCCUPIED,0.8089244361628186
1224.0,cctv2,C2_S005,G001,EMPTY,EMPTY,0.01
1224.0,cctv2,C2_S006,G003,OCCUPIED,LEAVING,0.810616749118675
1224.0,cctv2,C2_S007,G004,OCCUPIED,OCCUPIED,0.7864240743897178
1224.0,cctv2,C2_S008,G006,OCCUPIED,LEAVING,0.7227616992999207
1224.0,cctv2,C2_S009,G005,OCCUPIED,LEAVING,0.6949973513592373
1224.0,cctv2,C2_S010,G002,EMPTY,MANEUVERING,0.3287780438634483
1224.0,cctv2,C2_S011,G017,OCCUPIED,LEAVING,0.7335107467120345
1224.0,cctv2,C2_S012,G018,OCCUPIED,LEAVING,0.7119157304547051
1224.0,cctv2,C2_S013,G019,OCCUPIED,OCCUPIED,0.8312727914615111
1224.0,cctv2,C2_S014,G020,EMPTY,EMPTY,0.01
1224.0,cctv3,C3_S001,G021,OCCUPIED,OCCUPIED,0.756187714636326
1224.0,cctv3,C3_S002,G019,EMPTY,EMPTY,0.01
1224.0,cctv3,C3_S003,G020,OCCUPIED,LEAVING,0.7973993932658976
1224.0,cctv3,C3_S004,G024,OCCUPIED,OCCUPIED,0.8270469890399413
1224.0,cctv3,C3_S005,G025,OCCUPIED,OCCUPIED,0.8241461588577791
1224.0,cctv3,C3_S006,G026,OCCUPIED,OCCUPIED,0.824549515138973
1224.0,cctv3,C3_S007,G027,EMPTY,EMPTY,0.01
1224.0,cctv3,C3_S008,G028,EMPTY,EMPTY,0.01
1224.0,cctv3,C3_S009,G029,EMPTY,EMPTY,0.01
1224.0,cctv3,C3_S010,G007,OCCUPIED,OCCUPIED,0.7319981989670884
1224.0,cctv3,C3_S011,G008,OCCUPIED,OCCUPIED,0.7933254916559567
1224.0,cctv3,C3_S012,G009,OCCUPIED,OCCUPIED,0.8226495008577001
1225.0,cctv1,C1_S001,G001,OCCUPIED,OCCUPIED,0.7452769886363637
1225.0,cctv1,C1_S002,G002,EMPTY,MANEUVERING,0.2065697486072101
1225.0,cctv1,C1_S003,G003,OCCUPIED,OCCUPIED,0.8369696774265983
1225.0,cctv1,C1_S004,G004,OCCUPIED,OCCUPIED,0.7699323712424799
1225.0,cctv1,C1_S005,G005,OCCUPIED,OCCUPIED,0.6754052323780277
1225.0,cctv1,C1_S006,G006,EMPTY,MANEUVERING,0.1644560759175907
1225.0,cctv2,C2_S001,G007,OCCUPIED,LEAVING,0.74880332804539
1225.0,cctv2,C2_S002,G008,OCCUPIED,LEAVING,0.8135476269505242
1225.0,cctv2,C2_S003,G009,OCCUPIED,LEAVING,0.5667436582662844
1225.0,cctv2,C2_S004,G010,OCCUPIED,OCCUPIED,0.8082146244970235
1225.0,cctv2,C2_S005,G001,EMPTY,EMPTY,0.01
1225.0,cctv2,C2_S006,G003,OCCUPIED,LEAVING,0.8117784918709235
1225.0,cctv2,C2_S007,G004,OCCUPIED,OCCUPIED,0.7852069862864235
1225.0,cctv2,C2_S008,G006,OCCUPIED,LEAVING,0.7233179434050214
1225.0,cctv2,C2_S009,G005,OCCUPIED,LEAVING,0.7426975298334252
1225.0,cctv2,C2_S010,G002,EMPTY,MANEUVERING,0.3287780438634483
1225.0,cctv2,C2_S011,G017,OCCUPIED,LEAVING,0.7353824754736641
1225.0,cctv2,C2_S012,G018,OCCUPIED,LEAVING,0.7113559859449214
1225.0,cctv2,C2_S013,G019,OCCUPIED,OCCUPIED,0.8314661632884633
1225.0,cctv2,C2_S014,G020,EMPTY,EMPTY,0.01
1225.0,cctv3,C3_S001,G021,OCCUPIED,OCCUPIED,0.7553573157299649
1225.0,cctv3,C3_S002,G019,EMPTY,EMPTY,0.01
1225.0,cctv3,C3_S003,G020,OCCUPIED,LEAVING,0.7974339303645221
1225.0,cctv3,C3_S004,G024,OCCUPIED,OCCUPIED,0.8272164209322497
1225.0,cctv3,C3_S005,G025,OCCUPIED,OCCUPIED,0.8250226251103662
1225.0,cctv3,C3_S006,G026,OCCUPIED,OCCUPIED,0.8243961009112272
1225.0,cctv3,C3_S007,G027,EMPTY,EMPTY,0.01
1225.0,cctv3,C3_S008,G028,EMPTY,EMPTY,0.01
1225.0,cctv3,C3_S009,G029,EMPTY,EMPTY,0.01
1225.0,cctv3,C3_S010,G007,OCCUPIED,OCCUPIED,0.7303742961991917
1225.0,cctv3,C3_S011,G008,OCCUPIED,OCCUPIED,0.7936955560337414
1225.0,cctv3,C3_S012,G009,OCCUPIED,OCCUPIED,0.8228534227067774
1226.0,cctv1,C1_S001,G001,OCCUPIED,OCCUPIED,0.7413830240341751
1226.0,cctv1,C1_S002,G002,EMPTY,MANEUVERING,0.2065697486072101
1226.0,cctv1,C1_S003,G003,OCCUPIED,OCCUPIED,0.8370397765528073
1226.0,cctv1,C1_S004,G004,OCCUPIED,OCCUPIED,0.7714480026201769
1226.0,cctv1,C1_S005,G005,OCCUPIED,OCCUPIED,0.6759064514122226
1226.0,cctv1,C1_S006,G006,EMPTY,MANEUVERING,0.1644560759175907
1226.0,cctv2,C2_S001,G007,OCCUPIED,LEAVING,0.7480535100129518
1226.0,cctv2,C2_S002,G008,OCCUPIED,LEAVING,0.8115782686255195
1226.0,cctv2,C2_S003,G009,OCCUPIED,LEAVING,0.5715037562269154
1226.0,cctv2,C2_S004,G010,OCCUPIED,OCCUPIED,0.8073590550910343
1226.0,cctv2,C2_S005,G001,EMPTY,EMPTY,0.01
1226.0,cctv2,C2_S006,G003,OCCUPIED,LEAVING,0.8129072865301913
1226.0,cctv2,C2_S007,G004,OCCUPIED,OCCUPIED,0.7850027393211019
1226.0,cctv2,C2_S008,G006,OCCUPIED,LEAVING,0.7251924038339745
1226.0,cctv2,C2_S009,G005,OCCUPIED,LEAVING,0.7456670262325894
1226.0,cctv2,C2_S010,G002,EMPTY,MANEUVERING,0.2837780438634482
1226.0,cctv2,C2_S011,G017,OCCUPIED,LEAVING,0.7382833137837325
1226.0,cctv2,C2_S012,G018,OCCUPIED,LEAVING,0.7131216760115191
1226.0,cctv2,C2_S013,G019,OCCUPIED,OCCUPIED,0.83155413730578
1226.0,cctv2,C2_S014,G020,EMPTY,EMPTY,0.01
1226.0,cctv3,C3_S001,G021,OCCUPIED,OCCUPIED,0.755596394024112
1226.0,cctv3,C3_S002,G019,EMPTY,EMPTY,0.01
1226.0,cctv3,C3_S003,G020,OCCUPIED,LEAVING,0.7947529429739173
1226.0,cctv3,C3_S004,G024,OCCUPIED,OCCUPIED,0.8278211371465163
1226.0,cctv3,C3_S005,G025,OCCUPIED,OCCUPIED,0.8274445777589625
1226.0,cctv3,C3_S006,G026,OCCUPIED,OCCUPIED,0.8246707070957531
1226.0,cctv3,C3_S007,G027,EMPTY,EMPTY,0.01
1226.0,cctv3,C3_S008,G028,EMPTY,EMPTY,0.01
1226.0,cctv3,C3_S009,G029,EMPTY,EMPTY,0.01
1226.0,cctv3,C3_S010,G007,OCCUPIED,OCCUPIED,0.7307231335748327
1226.0,cctv3,C3_S011,G008,OCCUPIED,OCCUPIED,0.793971688639034
1226.0,cctv3,C3_S012,G009,OCCUPIED,OCCUPIED,0.823926831375469
1227.0,cctv1,C1_S001,G001,OCCUPIED,OCCUPIED,0.7368153603578156
1227.0,cctv1,C1_S002,G002,EMPTY,MANEUVERING,0.2065697486072101
1227.0,cctv1,C1_S003,G003,OCCUPIED,OCCUPIED,0.8371474973180077
1227.0,cctv1,C1_S004,G004,OCCUPIED,OCCUPIED,0.7704731622880157
1227.0,cctv1,C1_S005,G005,OCCUPIED,OCCUPIED,0.6727989388189533
1227.0,cctv1,C1_S006,G006,EMPTY,MANEUVERING,0.1194560759175907
1227.0,cctv2,C2_S001,G007,OCCUPIED,LEAVING,0.7478694320402363
1227.0,cctv2,C2_S002,G008,OCCUPIED,LEAVING,0.809445394711061
1227.0,cctv2,C2_S003,G009,OCCUPIED,LEAVING,0.5779653884786549
1227.0,cctv2,C2_S004,G010,OCCUPIED,OCCUPIED,0.8065256829966199
1227.0,cctv2,C2_S005,G001,EMPTY,EMPTY,0.01
1227.0,cctv2,C2_S006,G003,OCCUPIED,LEAVING,0.8141431070186875
1227.0,cctv2,C2_S007,G004,OCCUPIED,OCCUPIED,0.7848378785631874
1227.0,cctv2,C2_S008,G006,OCCUPIED,LEAVING,0.72714553211223
1227.0,cctv2,C2_S009,G005,OCCUPIED,LEAVING,0.7475754014063966
1227.0,cctv2,C2_S010,G002,EMPTY,MANEUVERING,0.2837780438634482
1227.0,cctv2,C2_S011,G017,OCCUPIED,LEAVING,0.7387147536061028
1227.0,cctv2,C2_S012,G018,OCCUPIED,LEAVING,0.712343878881498
1227.0,cctv2,C2_S013,G019,OCCUPIED,OCCUPIED,0.8315909006378868
1227.0,cctv2,C2_S014,G020,EMPTY,EMPTY,0.01
1227.0,cctv3,C3_S001,G021,OCCUPIED,OCCUPIED,0.7557957179167054
1227.0,cctv3,C3_S002,G019,EMPTY,EMPTY,0.01
1227.0,cctv3,C3_S003,G020,OCCUPIED,LEAVING,0.7966163223439997
1227.0,cctv3,C3_S004,G024,OCCUPIED,OCCUPIED,0.8278692697936839
1227.0,cctv3,C3_S005,G025,OCCUPIED,OCCUPIED,0.8279683701016687
1227.0,cctv3,C3_S006,G026,OCCUPIED,OCCUPIED,0.8247883983633736
1227.0,cctv3,C3_S007,G027,EMPTY,EMPTY,0.01
1227.0,cctv3,C3_S008,G028,EMPTY,EMPTY,0.01
1227.0,cctv3,C3_S009,G029,EMPTY,EMPTY,0.01
1227.0,cctv3,C3_S010,G007,OCCUPIED,OCCUPIED,0.6857231335748326
1227.0,cctv3,C3_S011,G008,OCCUPIED,OCCUPIED,0.7955645290288059
1227.0,cctv3,C3_S012,G009,OCCUPIED,OCCUPIED,0.8241918458179994
1228.0,cctv1,C1_S001,G001,OCCUPIED,OCCUPIED,0.7332276544449005
1228.0,cctv1,C1_S002,G002,EMPTY,MANEUVERING,0.1750009500573981
1228.0,cctv1,C1_S003,G003,OCCUPIED,OCCUPIED,0.8373133342374456
1228.0,cctv1,C1_S004,G004,OCCUPIED,OCCUPIED,0.7719767147844488
1228.0,cctv1,C1_S005,G005,OCCUPIED,OCCUPIED,0.6833497912098061
1228.0,cctv1,C1_S006,G006,EMPTY,MANEUVERING,0.2230374391647902
1228.0,cctv2,C2_S001,G007,OCCUPIED,LEAVING,0.7463744170963765
1228.0,cctv2,C2_S002,G008,OCCUPIED,LEAVING,0.8082896926186303
1228.0,cctv2,C2_S003,G009,OCCUPIED,LEAVING,0.621863491815148
1228.0,cctv2,C2_S004,G010,OCCUPIED,OCCUPIED,0.8050114443356341
1228.0,cctv2,C2_S005,G001,EMPTY,EMPTY,0.01
1228.0,cctv2,C2_S006,G003,OCCUPIED,OCCUPIED,0.8128356146541509
1228.0,cctv2,C2_S007,G004,OCCUPIED,OCCUPIED,0.7833735501224345
1228.0,cctv2,C2_S008,G006,OCCUPIED,LEAVING,0.7284351833571088
1228.0,cctv2,C2_S009,G005,OCCUPIED,LEAVING,0.7494967236031186
1228.0,cctv2,C2_S010,G002,EMPTY,MANEUVERING,0.2837780438634482
1228.0,cctv2,C2_S011,G017,OCCUPIED,LEAVING,0.740316997983239
1228.0,cctv2,C2_S012,G018,OCCUPIED,LEAVING,0.7130975641716611
1228.0,cctv2,C2_S013,G019,OCCUPIED,OCCUPIED,0.8315719691189853
1228.0,cctv2,C2_S014,G020,EMPTY,EMPTY,0.01
1228.0,cctv3,C3_S001,G021,OCCUPIED,OCCUPIED,0.7545365796847777
1228.0,cctv3,C3_S002,G019,EMPTY,EMPTY,0.01
1228.0,cctv3,C3_S003,G020,OCCUPIED,LEAVING,0.7961717925288461
1228.0,cctv3,C3_S004,G024,OCCUPIED,OCCUPIED,0.8281342216513374
1228.0,cctv3,C3_S005,G025,OCCUPIED,OCCUPIED,0.8279624684290453
1228.0,cctv3,C3_S006,G026,OCCUPIED,OCCUPIED,0.8248130641200326
1228.0,cctv3,C3_S007,G027,EMPTY,EMPTY,0.01
1228.0,cctv3,C3_S008,G028,EMPTY,EMPTY,0.01
1228.0,cctv3,C3_S009,G029,EMPTY,EMPTY,0.01
1228.0,cctv3,C3_S010,G007,OCCUPIED,OCCUPIED,0.6857103823531758
1228.0,cctv3,C3_S011,G008,OCCUPIED,OCCUPIED,0.7956513513218273
1228.0,cctv3,C3_S012,G009,OCCUPIED,OCCUPIED,0.824313485622406
1229.0,cctv1,C1_S001,G001,OCCUPIED,OCCUPIED,0.6508585645292293
1229.0,cctv1,C1_S002,G002,EMPTY,MANEUVERING,0.1750009500573981
1229.0,cctv1,C1_S003,G003,OCCUPIED,OCCUPIED,0.8374411374330522
1229.0,cctv1,C1_S004,G004,OCCUPIED,OCCUPIED,0.7728139045563611
1229.0,cctv1,C1_S005,G005,OCCUPIED,OCCUPIED,0.7305049260367047
1229.0,cctv1,C1_S006,G006,EMPTY,MANEUVERING,0.2230374391647902
1229.0,cctv2,C2_S001,G007,OCCUPIED,LEAVING,0.7503779659894381
1229.0,cctv2,C2_S002,G008,OCCUPIED,LEAVING,0.8076312257484957
1229.0,cctv2,C2_S003,G009,OCCUPIED,LEAVING,0.5869149495949122
1229.0,cctv2,C2_S004,G010,OCCUPIED,OCCUPIED,0.8034955670887775
1229.0,cctv2,C2_S005,G001,EMPTY,EMPTY,0.01
1229.0,cctv2,C2_S006,G003,OCCUPIED,OCCUPIED,0.8175830973820254
1229.0,cctv2,C2_S007,G004,OCCUPIED,OCCUPIED,0.7833848560398275
1229.0,cctv2,C2_S008,G006,OCCUPIED,LEAVING,0.7301176315952431
1229.0,cctv2,C2_S009,G005,OCCUPIED,LEAVING,0.7503798015822064
1229.0,cctv2,C2_S010,G002,EMPTY,MANEUVERING,0.3374269430610267
1229.0,cctv2,C2_S011,G017,OCCUPIED,LEAVING,0.742375213828954
1229.0,cctv2,C2_S012,G018,OCCUPIED,LEAVING,0.713718554485928
1229.0,cctv2,C2_S013,G019,OCCUPIED,OCCUPIED,0.8312746503136376
1229.0,cctv2,C2_S014,G020,EMPTY,EMPTY,0.01
1229.0,cctv3,C3_S001,G021,OCCUPIED,OCCUPIED,0.7545034694400701
1229.0,cctv3,C3_S002,G019,EMPTY,EMPTY,0.01
1229.0,cctv3,C3_S003,G020,OCCUPIED,LEAVING,0.7965589864687487
1229.0,cctv3,C3_S004,G024,OCCUPIED,OCCUPIED,0.8279112390496515
1229.0,cctv3,C3_S005,G025,OCCUPIED,OCCUPIED,0.8286832267587836
1229.0,cctv3,C3_S006,G026,OCCUPIED,OCCUPIED,0.8248610545288433
1229.0,cctv3,C3_S007,G027,EMPTY,EMPTY,0.01
1229.0,cctv3,C3_S008,G028,EMPTY,EMPTY,0.01
1229.0,cctv3,C3_S009,G029,EMPTY,EMPTY,0.01
1229.0,cctv3,C3_S010,G007,OCCUPIED,OCCUPIED,0.6855398340929638
1229.0,cctv3,C3_S011,G008,OCCUPIED,OCCUPIED,0.7947865567424082
1229.0,cctv3,C3_S012,G009,OCCUPIED,OCCUPIED,0.8251969621940093
1230.0,cctv1,C1_S001,G001,OCCUPIED,OCCUPIED,0.646740694868971
1230.0,cctv1,C1_S002,G002,EMPTY,EMPTY,0.01
1230.0,cctv1,C1_S003,G003,OCCUPIED,OCCUPIED,0.837844692035155
1230.0,cctv1,C1_S004,G004,OCCUPIED,OCCUPIED,0.7749054224653678
1230.0,cctv1,C1_S005,G005,OCCUPIED,OCCUPIED,0.7295009671558034
1230.0,cctv1,C1_S006,G006,EMPTY,MANEUVERING,0.3324740033908324
1230.0,cctv2,C2_S001,G007,OCCUPIED,LEAVING,0.7516448708420451
1230.0,cctv2,C2_S002,G008,OCCUPIED,LEAVING,0.8077745434912769
1230.0,cctv2,C2_S003,G009,OCCUPIED,LEAVING,0.5915019201216373
1230.0,cctv2,C2_S004,G010,OCCUPIED,OCCUPIED,0.7998995831066913
1230.0,cctv2,C2_S005,G001,EMPTY,EMPTY,0.01
1230.0,cctv2,C2_S006,G003,OCCUPIED,OCCUPIED,0.8159942258488049
1230.0,cctv2,C2_S007,G004,OCCUPIED,OCCUPIED,0.7840426466681741
1230.0,cctv2,C2_S008,G006,OCCUPIED,LEAVING,0.7673688995567236
1230.0,cctv2,C2_S009,G005,OCCUPIED,LEAVING,0.7500633429397237
1230.0,cctv2,C2_S010,G002,EMPTY,MANEUVERING,0.2903189503604715
1230.0,cctv2,C2_S011,G017,OCCUPIED,LEAVING,0.7584153713963249
1230.0,cctv2,C2_S012,G018,OCCUPIED,LEAVING,0.7246720729361882
1230.0,cctv2,C2_S013,G019,OCCUPIED,OCCUPIED,0.831727727434852
1230.0,cctv2,C2_S014,G020,EMPTY,EMPTY,0.01
1230.0,cctv3,C3_S001,G021,OCCUPIED,OCCUPIED,0.7549503986131062
1230.0,cctv3,C3_S002,G019,EMPTY,EMPTY,0.01
1230.0,cctv3,C3_S003,G020,OCCUPIED,LEAVING,0.7988524003462358
1230.0,cctv3,C3_S004,G024,OCCUPIED,OCCUPIED,0.827981610460715
1230.0,cctv3,C3_S005,G025,OCCUPIED,OCCUPIED,0.8288533210754395
1230.0,cctv3,C3_S006,G026,OCCUPIED,OCCUPIED,0.8249534444375473
1230.0,cctv3,C3_S007,G027,EMPTY,EMPTY,0.01
1230.0,cctv3,C3_S008,G028,EMPTY,EMPTY,0.01
1230.0,cctv3,C3_S009,G029,EMPTY,EMPTY,0.01
1230.0,cctv3,C3_S010,G007,OCCUPIED,OCCUPIED,0.6839372003484856
1230.0,cctv3,C3_S011,G008,OCCUPIED,OCCUPIED,0.7970991012724964
1230.0,cctv3,C3_S012,G009,OCCUPIED,OCCUPIED,0.8261013941331343
