time_sec,cctv,local_id,global_id,state,phase,occupied_score
660.0,cctv1,C1_S001,G001,OCCUPIED,OCCUPIED,0.7465558305382729
660.0,cctv1,C1_S002,G002,EMPTY,EMPTY,0.01
660.0,cctv1,C1_S003,G003,OCCUPIED,OCCUPIED,0.8394294768571854
660.0,cctv1,C1_S004,G004,OCCUPIED,OCCUPIED,0.7639602065086365
660.0,cctv1,C1_S005,G005,OCCUPIED,OCCUPIED,0.7874635636806488
660.0,cctv1,C1_S006,G006,EMPTY,EMPTY,0.01
660.0,cctv2,C2_S001,G007,OCCUPIED,OCCUPIED,0.7670898705720902
660.0,cctv2,C2_S002,G008,OCCUPIED,OCCUPIED,0.7988674491643907
660.0,cctv2,C2_S003,G009,EMPTY,EMPTY,0.01
660.0,cctv2,C2_S004,G010,OCCUPIED,OCCUPIED,0.7520283728837968
660.0,cctv2,C2_S005,G001,EMPTY,EMPTY,0.01
660.0,cctv2,C2_S006,G003,OCCUPIED,OCCUPIED,0.8247059106826783
660.0,cctv2,C2_S007,G004,OCCUPIED,OCCUPIED,0.7901766180992127
660.0,cctv2,C2_S008,G006,OCCUPIED,OCCUPIED,0.7776645600795746
660.0,cctv2,C2_S009,G005,OCCUPIED,OCCUPIED,0.7849064350128174
660.0,cctv2,C2_S010,G002,EMPTY,EMPTY,0.01
660.0,cctv2,C2_S011,G017,OCCUPIED,OCCUPIED,0.7929460525512696
660.0,cctv2,C2_S012,G018,OCCUPIED,OCCUPIED,0.7853578776121141
660.0,cctv2,C2_S013,G019,OCCUPIED,OCCUPIED,0.8379945576190949
660.0,cctv2,C2_S014,G020,EMPTY,EMPTY,0.01
660.0,cctv3,C3_S001,G021,OCCUPIED,OCCUPIED,0.7989855110645295
660.0,cctv3,C3_S002,G019,EMPTY,EMPTY,0.01
660.0,cctv3,C3_S003,G020,OCCUPIED,OCCUPIED,0.8019658833742143
660.0,cctv3,C3_S004,G024,OCCUPIED,OCCUPIED,0.8278437197208405
660.0,cctv3,C3_S005,G025,OCCUPIED,OCCUPIED,0.8311685770750046
660.0,cctv3,C3_S006,G026,OCCUPIED,OCCUPIED,0.8243309557437897
660.0,cctv3,C3_S007,G027,OCCUPIED,OCCUPIED,0.7380630046129227
660.0,cctv3,C3_S008,G028,EMPTY,EMPTY,0.01
660.0,cctv3,C3_S009,G029,EMPTY,EMPTY,0.01
660.0,cctv3,C3_S010,G007,OCCUPIED,OCCUPIED,0.7580184206366539
660.0,cctv3,C3_S011,G008,OCCUPIED,OCCUPIED,0.7942930132150651
660.0,cctv3,C3_S012,G009,OCCUPIED,OCCUPIED,0.8252191871404648
661.0,cctv1,C1_S001,G001,OCCUPIED,OCCUPIED,0.7494066990911962
661.0,cctv1,C1_S002,G002,EMPTY,EMPTY,0.01
661.0,cctv1,C1_S003,G003,OCCUPIED,OCCUPIED,0.8394388556480408
661.0,cctv1,C1_S004,G004,OCCUPIED,OCCUPIED,0.7585576407611371
661.0,cctv1,C1_S005,G005,OCCUPIED,LEAVING,0.7723149813711644
661.0,cctv1,C1_S006,G006,EMPTY,MANEUVERING,0.418282064087689
661.0,cctv2,C2_S001,G007,OCCUPIED,OCCUPIED,0.7601120993494989
661.0,cctv2,C2_S002,G008,OCCUPIED,OCCUPIED,0.7732112593948842
661.0,cctv2,C2_S003,G009,EMPTY,EMPTY,0.01
661.0,cctv2,C2_S004,G010,OCCUPIED,OCCUPIED,0.7440245483070612
661.0,cctv2,C2_S005,G001,EMPTY,EMPTY,0.01
661.0,cctv2,C2_S006,G003,OCCUPIED,OCCUPIED,0.8232065156102181
661.0,cctv2,C2_S007,G004,OCCUPIED,OCCUPIED,0.7795243479311467
661.0,cctv2,C2_S008,G006,OCCUPIED,OCCUPIED,0.7599966749548913
661.0,cctv2,C2_S009,G005,OCCUPIED,OCCUPIED,0.7745675183832647
661.0,cctv2,C2_S010,G002,EMPTY,EMPTY,0.01
661.0,cctv2,C2_S011,G017,OCCUPIED,OCCUPIED,0.7876117423176766
661.0,cctv2,C2_S012,G018,OCCUPIED,OCCUPIED,0.7749780237674714
661.0,cctv2,C2_S013,G019,OCCUPIED,OCCUPIED,0.8371212348341942
661.0,cctv2,C2_S014,G020,EMPTY,EMPTY,0.01
661.0,cctv3,C3_S001,G021,OCCUPIED,OCCUPIED,0.8019337996840478
661.0,cctv3,C3_S002,G019,EMPTY,EMPTY,0.01
661.0,cctv3,C3_S003,G020,OCCUPIED,OCCUPIED,0.7945355206727982
661.0,cctv3,C3_S004,G024,OCCUPIED,OCCUPIED,0.8289393797516823
661.0,cctv3,C3_S005,G025,OCCUPIED,OCCUPIED,0.8313637211918832
661.0,cctv3,C3_S006,G026,OCCUPIED,OCCUPIED,0.8247773736715317
661.0,cctv3,C3_S007,G027,OCCUPIED,OCCUPIED,0.746699420362711
661.0,cctv3,C3_S008,G028,EMPTY,EMPTY,0.01
661.0,cctv3,C3_S009,G029,EMPTY,MANEUVERING,0.3593213647603989
661.0,cctv3,C3_S010,G007,OCCUPIED,LEAVING,0.51
661.0,cctv3,C3_S011,G008,OCCUPIED,OCCUPIED,0.7884738266468049
661.0,cctv3,C3_S012,G009,OCCUPIED,OCCUPIED,0.8249381050467491
662.0,cctv1,C1_S001,G001,OCCUPIED,OCCUPIED,0.7447078034281731
662.0,cctv1,C1_S002,G002,EMPTY,EMPTY,0.01
662.0,cctv1,C1_S003,G003,OCCUPIED,OCCUPIED,0.8394660413265229
662.0,cctv1,C1_S004,G004,OCCUPIED,OCCUPIED,0.764348427951336
662.0,cctv1,C1_S005,G005,OCCUPIED,LEAVING,0.7770186200737954
662.0,cctv1,C1_S006,G006,EMPTY,MANEUVERING,0.3216153974210223
662.0,cctv2,C2_S001,G007,OCCUPIED,OCCUPIED,0.7631264850497246
662.0,cctv2,C2_S002,G008,OCCUPIED,OCCUPIED,0.7771922126412393
662.0,cctv2,C2_S003,G009,EMPTY,EMPTY,0.01
662.0,cctv2,C2_S004,G010,OCCUPIED,OCCUPIED,0.7438616625964642
662.0,cctv2,C2_S005,G001,EMPTY,EMPTY,0.01
662.0,cctv2,C2_S006,G003,OCCUPIED,OCCUPIED,0.8235411763191224
662.0,cctv2,C2_S007,G004,OCCUPIED,OCCUPIED,0.7791533693671228
662.0,cctv2,C2_S008,G006,OCCUPIED,OCCUPIED,0.7570922583341599
662.0,cctv2,C2_S009,G005,OCCUPIED,OCCUPIED,0.7721924021840096
662.0,cctv2,C2_S010,G002,EMPTY,EMPTY,0.01
662.0,cctv2,C2_S011,G017,OCCUPIED,OCCUPIED,0.7887747496366502
662.0,cctv2,C2_S012,G018,OCCUPIED,OCCUPIED,0.7739360436797142
662.0,cctv2,C2_S013,G019,OCCUPIED,OCCUPIED,0.8374937742948533
662.0,cctv2,C2_S014,G020,EMPTY,EMPTY,0.01
662.0,cctv3,C3_S001,G021,OCCUPIED,OCCUPIED,0.8035497784614564
662.0,cctv3,C3_S002,G019,EMPTY,EMPTY,0.01
662.0,cctv3,C3_S003,G020,OCCUPIED,OCCUPIED,0.7950517296791078
662.0,cctv3,C3_S004,G024,OCCUPIED,OCCUPIED,0.8268416315317155
662.0,cctv3,C3_S005,G025,OCCUPIED,OCCUPIED,0.83136804997921
662.0,cctv3,C3_S006,G026,OCCUPIED,OCCUPIED,0.8245876997709275
662.0,cctv3,C3_S007,G027,OCCUPIED,OCCUPIED,0.7454399779438973
662.0,cctv3,C3_S008,G028,EMPTY,EMPTY,0.01
662.0,cctv3,C3_S009,G029,EMPTY,MANEUVERING,0.2426546980937322
662.0,cctv3,C3_S010,G007,OCCUPIED,LEAVING,0.5161708528796832
662.0,cctv3,C3_S011,G008,OCCUPIED,OCCUPIED,0.7853096038103105
662.0,cctv3,C3_S012,G009,OCCUPIED,OCCUPIED,0.8252116113901139
663.0,cctv1,C1_S001,G001,OCCUPIED,OCCUPIED,0.7435024797916413
663.0,cctv1,C1_S002,G002,EMPTY,EMPTY,0.01
663.0,cctv1,C1_S003,G003,OCCUPIED,OCCUPIED,0.8395996183156967
663.0,cctv1,C1_S004,G004,OCCUPIED,OCCUPIED,0.7642300333827735
663.0,cctv1,C1_S005,G005,OCCUPIED,LEAVING,0.7806352730840446
663.0,cctv1,C1_S006,G006,EMPTY,MANEUVERING,0.2732820640876889
663.0,cctv2,C2_S001,G007,OCCUPIED,OCCUPIED,0.7613541666418314
663.0,cctv2,C2_S002,G008,OCCUPIED,OCCUPIED,0.7830959428101779
663.0,cctv2,C2_S003,G009,EMPTY,EMPTY,0.01
663.0,cctv2,C2_S004,G010,OCCUPIED,OCCUPIED,0.7462244397029282
663.0,cctv2,C2_S005,G001,EMPTY,EMPTY,0.01
663.0,cctv2,C2_S006,G003,OCCUPIED,OCCUPIED,0.8235113598406315
663.0,cctv2,C2_S007,G004,OCCUPIED,OCCUPIED,0.7830234561115504
663.0,cctv2,C2_S008,G006,OCCUPIED,OCCUPIED,0.7629096075892449
663.0,cctv2,C2_S009,G005,OCCUPIED,OCCUPIED,0.7718385752290488
663.0,cctv2,C2_S010,G002,EMPTY,EMPTY,0.01
663.0,cctv2,C2_S011,G017,OCCUPIED,OCCUPIED,0.7881938062608242
663.0,cctv2,C2_S012,G018,OCCUPIED,OCCUPIED,0.7786843549460173
663.0,cctv2,C2_S013,G019,OCCUPIED,OCCUPIED,0.8374551318585873
663.0,cctv2,C2_S014,G020,EMPTY,EMPTY,0.01
663.0,cctv3,C3_S001,G021,OCCUPIED,OCCUPIED,0.8036344498395921
663.0,cctv3,C3_S002,G019,EMPTY,EMPTY,0.01
663.0,cctv3,C3_S003,G020,OCCUPIED,OCCUPIED,0.7935594715178014
663.0,cctv3,C3_S004,G024,OCCUPIED,OCCUPIED,0.8272198267281056
663.0,cctv3,C3_S005,G025,OCCUPIED,OCCUPIED,0.831523947417736
663.0,cctv3,C3_S006,G026,OCCUPIED,OCCUPIED,0.8248727217316628
663.0,cctv3,C3_S007,G027,OCCUPIED,OCCUPIED,0.7450642362236978
663.0,cctv3,C3_S008,G028,EMPTY,EMPTY,0.01
663.0,cctv3,C3_S009,G029,EMPTY,MANEUVERING,0.1843213647603988
663.0,cctv3,C3_S010,G007,OCCUPIED,LEAVING,0.5686268903315067
663.0,cctv3,C3_S011,G008,OCCUPIED,OCCUPIED,0.7836551822721959
663.0,cctv3,C3_S012,G009,OCCUPIED,OCCUPIED,0.8232665970921517
664.0,cctv1,C1_S001,G001,OCCUPIED,OCCUPIED,0.7451600697636604
664.0,cctv1,C1_S002,G002,EMPTY,EMPTY,0.01
664.0,cctv1,C1_S003,G003,OCCUPIED,OCCUPIED,0.8397478407621384
664.0,cctv1,C1_S004,G004,OCCUPIED,OCCUPIED,0.7667420014739037
664.0,cctv1,C1_S005,G005,OCCUPIED,LEAVING,0.7846012738347055
664.0,cctv1,C1_S006,G006,EMPTY,MANEUVERING,0.2532820640876889
664.0,cctv2,C2_S001,G007,OCCUPIED,OCCUPIED,0.7600619196891786
664.0,cctv2,C2_S002,G008,OCCUPIED,OCCUPIED,0.7831755134463311
664.0,cctv2,C2_S003,G009,EMPTY,EMPTY,0.01
664.0,cctv2,C2_S004,G010,OCCUPIED,OCCUPIED,0.7491666083037853
664.0,cctv2,C2_S005,G001,EMPTY,EMPTY,0.01
664.0,cctv2,C2_S006,G003,OCCUPIED,OCCUPIED,0.8238996028900147
664.0,cctv2,C2_S007,G004,OCCUPIED,OCCUPIED,0.7823317173123361
664.0,cctv2,C2_S008,G006,OCCUPIED,OCCUPIED,0.7623262789845467
664.0,cctv2,C2_S009,G005,OCCUPIED,OCCUPIED,0.770916748046875
664.0,cctv2,C2_S010,G002,EMPTY,EMPTY,0.01
664.0,cctv2,C2_S011,G017,OCCUPIED,OCCUPIED,0.7907471311092378
664.0,cctv2,C2_S012,G018,OCCUPIED,OCCUPIED,0.7787972703576088
664.0,cctv2,C2_S013,G019,OCCUPIED,OCCUPIED,0.8375790816545488
664.0,cctv2,C2_S014,G020,EMPTY,EMPTY,0.01
664.0,cctv3,C3_S001,G021,OCCUPIED,OCCUPIED,0.8030365854501725
664.0,cctv3,C3_S002,G019,EMPTY,EMPTY,0.01
664.0,cctv3,C3_S003,G020,OCCUPIED,OCCUPIED,0.7991534405946732
664.0,cctv3,C3_S004,G024,OCCUPIED,OCCUPIED,0.8272583490610124
664.0,cctv3,C3_S005,G025,OCCUPIED,OCCUPIED,0.8315336346626282
664.0,cctv3,C3_S006,G026,OCCUPIED,OCCUPIED,0.8247747272253036
664.0,cctv3,C3_S007,G027,OCCUPIED,OCCUPIED,0.7431590086221695
664.0,cctv3,C3_S008,G028,EMPTY,EMPTY,0.01
664.0,cctv3,C3_S009,G029,EMPTY,MANEUVERING,0.1583213647603988
664.0,cctv3,C3_S010,G007,OCCUPIED,LEAVING,0.5976713538393379
664.0,cctv3,C3_S011,G008,OCCUPIED,OCCUPIED,0.7873904877901078
664.0,cctv3,C3_S012,G009,OCCUPIED,OCCUPIED,0.8239007741212845
665.0,cctv1,C1_S001,G001,OCCUPIED,OCCUPIED,0.7433642443269491
665.0,cctv1,C1_S002,G002,EMPTY,EMPTY,0.01
665.0,cctv1,C1_S003,G003,OCCUPIED,OCCUPIED,0.8397520244121552
665.0,cctv1,C1_S004,G004,OCCUPIED,OCCUPIED,0.7659753262996674
665.0,cctv1,C1_S005,G005,OCCUPIED,LEAVING,0.7801040142774582
665.0,cctv1,C1_S006,G006,EMPTY,MANEUVERING,0.1949487307543555
665.0,cctv2,C2_S001,G007,OCCUPIED,OCCUPIED,0.7634702771902084
665.0,cctv2,C2_S002,G008,OCCUPIED,OCCUPIED,0.7873340956866742
665.0,cctv2,C2_S003,G009,EMPTY,EMPTY,0.01
665.0,cctv2,C2_S004,G010,OCCUPIED,OCCUPIED,0.7497090879827738
665.0,cctv2,C2_S005,G001,EMPTY,EMPTY,0.01
665.0,cctv2,C2_S006,G003,OCCUPIED,OCCUPIED,0.8241282999515535
665.0,cctv2,C2_S007,G004,OCCUPIED,OCCUPIED,0.7832526795566083
665.0,cctv2,C2_S008,G006,OCCUPIED,OCCUPIED,0.7603984616696835
665.0,cctv2,C2_S009,G005,OCCUPIED,OCCUPIED,0.7701904729008675
665.0,cctv2,C2_S010,G002,EMPTY,EMPTY,0.01
665.0,cctv2,C2_S011,G017,OCCUPIED,OCCUPIED,0.7908223822712899
665.0,cctv2,C2_S012,G018,OCCUPIED,OCCUPIED,0.7762041524052621
665.0,cctv2,C2_S013,G019,OCCUPIED,OCCUPIED,0.8376841485500337
665.0,cctv2,C2_S014,G020,EMPTY,EMPTY,0.01
665.0,cctv3,C3_S001,G021,OCCUPIED,OCCUPIED,0.8030083402991296
665.0,cctv3,C3_S002,G019,EMPTY,EMPTY,0.01
665.0,cctv3,C3_S003,G020,OCCUPIED,OCCUPIED,0.8011970505118371
665.0,cctv3,C3_S004,G024,OCCUPIED,OCCUPIED,0.8274703055620194
665.0,cctv3,C3_S005,G025,OCCUPIED,OCCUPIED,0.8316233947873116
665.0,cctv3,C3_S006,G026,OCCUPIED,OCCUPIED,0.8249600291252137
665.0,cctv3,C3_S007,G027,OCCUPIED,OCCUPIED,0.744597002118826
665.0,cctv3,C3_S008,G028,EMPTY,EMPTY,0.01
665.0,cctv3,C3_S009,G029,EMPTY,MANEUVERING,0.0959880314270655
665.0,cctv3,C3_S010,G007,OCCUPIED,LEAVING,0.6622589236994585
665.0,cctv3,C3_S011,G008,OCCUPIED,OCCUPIED,0.7882944285869599
665.0,cctv3,C3_S012,G009,OCCUPIED,OCCUPIED,0.8246856957674027
666.0,cctv1,C1_S001,G001,OCCUPIED,OCCUPIED,0.7433197967708112
666.0,cctv1,C1_S002,G002,EMPTY,EMPTY,0.01
666.0,cctv1,C1_S003,G003,OCCUPIED,OCCUPIED,0.8396300894873483
666.0,cctv1,C1_S004,G004,OCCUPIED,OCCUPIED,0.765442114855562
666.0,cctv1,C1_S005,G005,OCCUPIED,LEAVING,0.7776244444506509
666.0,cctv1,C1_S006,G006,EMPTY,MANEUVERING,0.185424921230546
666.0,cctv2,C2_S001,G007,OCCUPIED,OCCUPIED,0.7652310767344067
666.0,cctv2,C2_S002,G008,OCCUPIED,OCCUPIED,0.7926607057452203
666.0,cctv2,C2_S003,G009,EMPTY,EMPTY,0.01
666.0,cctv2,C2_S004,G010,OCCUPIED,OCCUPIED,0.7493943992469992
666.0,cctv2,C2_S005,G001,EMPTY,EMPTY,0.01
666.0,cctv2,C2_S006,G003,OCCUPIED,OCCUPIED,0.8243866562843323
666.0,cctv2,C2_S007,G004,OCCUPIED,OCCUPIED,0.783542289691312
666.0,cctv2,C2_S008,G006,OCCUPIED,OCCUPIED,0.7592905310647828
666.0,cctv2,C2_S009,G005,OCCUPIED,OCCUPIED,0.7697178459593228
666.0,cctv2,C2_S010,G002,EMPTY,EMPTY,0.01
666.0,cctv2,C2_S011,G017,OCCUPIED,OCCUPIED,0.7896002790757588
666.0,cctv2,C2_S012,G018,OCCUPIED,OCCUPIED,0.7745539767401559
666.0,cctv2,C2_S013,G019,OCCUPIED,OCCUPIED,0.8366528298173632
666.0,cctv2,C2_S014,G020,EMPTY,EMPTY,0.01
666.0,cctv3,C3_S001,G021,OCCUPIED,OCCUPIED,0.8016251202140536
666.0,cctv3,C3_S002,G019,EMPTY,EMPTY,0.01
666.0,cctv3,C3_S003,G020,OCCUPIED,OCCUPIED,0.8010337493249349
666.0,cctv3,C3_S004,G024,OCCUPIED,OCCUPIED,0.8275763762848718
666.0,cctv3,C3_S005,G025,OCCUPIED,OCCUPIED,0.8316914073058538
666.0,cctv3,C3_S006,G026,OCCUPIED,OCCUPIED,0.825045377441815
666.0,cctv3,C3_S007,G027,OCCUPIED,OCCUPIED,0.744769612806184
666.0,cctv3,C3_S008,G028,EMPTY,EMPTY,0.01
666.0,cctv3,C3_S009,G029,EMPTY,MANEUVERING,0.0836070790461131
666.0,cctv3,C3_S010,G007,OCCUPIED,LEAVING,0.6771933433094196
666.0,cctv3,C3_S011,G008,OCCUPIED,OCCUPIED,0.789461408342634
666.0,cctv3,C3_S012,G009,OCCUPIED,OCCUPIED,0.8250097973006113
667.0,cctv1,C1_S001,G001,OCCUPIED,OCCUPIED,0.7420945659279824
667.0,cctv1,C1_S002,G002,EMPTY,EMPTY,0.01
667.0,cctv1,C1_S003,G003,OCCUPIED,OCCUPIED,0.8395469218492508
667.0,cctv1,C1_S004,G004,OCCUPIED,OCCUPIED,0.7646551640704274
667.0,cctv1,C1_S005,G005,OCCUPIED,LEAVING,0.7772037303075195
667.0,cctv1,C1_S006,G006,EMPTY,MANEUVERING,0.1782820640876889
667.0,cctv2,C2_S001,G007,OCCUPIED,OCCUPIED,0.7649172466248274
667.0,cctv2,C2_S002,G008,OCCUPIED,OCCUPIED,0.791483740694821
667.0,cctv2,C2_S003,G009,EMPTY,EMPTY,0.01
667.0,cctv2,C2_S004,G010,OCCUPIED,OCCUPIED,0.7496284068562091
667.0,cctv2,C2_S005,G001,EMPTY,EMPTY,0.01
667.0,cctv2,C2_S006,G003,OCCUPIED,OCCUPIED,0.8239192187786103
667.0,cctv2,C2_S007,G004,OCCUPIED,OCCUPIED,0.7827861012890935
667.0,cctv2,C2_S008,G006,OCCUPIED,OCCUPIED,0.7572751397266985
667.0,cctv2,C2_S009,G005,OCCUPIED,OCCUPIED,0.7692201362922788
667.0,cctv2,C2_S010,G002,EMPTY,EMPTY,0.01
667.0,cctv2,C2_S011,G017,OCCUPIED,OCCUPIED,0.7897458977997304
667.0,cctv2,C2_S012,G018,OCCUPIED,OCCUPIED,0.7755214549601078
667.0,cctv2,C2_S013,G019,OCCUPIED,OCCUPIED,0.8368608895689249
667.0,cctv2,C2_S014,G020,EMPTY,EMPTY,0.01
667.0,cctv3,C3_S001,G021,OCCUPIED,OCCUPIED,0.8026520494371653
667.0,cctv3,C3_S002,G019,EMPTY,EMPTY,0.01
667.0,cctv3,C3_S003,G020,OCCUPIED,OCCUPIED,0.8000666692852975
667.0,cctv3,C3_S004,G024,OCCUPIED,OCCUPIED,0.8275869283825159
667.0,cctv3,C3_S005,G025,OCCUPIED,OCCUPIED,0.8317253142595291
667.0,cctv3,C3_S006,G026,OCCUPIED,OCCUPIED,0.8250616308301688
667.0,cctv3,C3_S007,G027,OCCUPIED,OCCUPIED,0.7449023179709912
667.0,cctv3,C3_S008,G028,EMPTY,EMPTY,0.01
667.0,cctv3,C3_S009,G029,EMPTY,MANEUVERING,0.076464221903256
667.0,cctv3,C3_S010,G007,OCCUPIED,LEAVING,0.5893362004522767
667.0,cctv3,C3_S011,G008,OCCUPIED,OCCUPIED,0.7888232827186585
667.0,cctv3,C3_S012,G009,OCCUPIED,OCCUPIED,0.8250644125044346
668.0,cctv1,C1_S001,G001,OCCUPIED,OCCUPIED,0.7412800796329976
668.0,cctv1,C1_S002,G002,EMPTY,EMPTY,0.01
668.0,cctv1,C1_S003,G003,OCCUPIED,OCCUPIED,0.8396016647418341
668.0,cctv1,C1_S004,G004,OCCUPIED,OCCUPIED,0.7661188796162606
668.0,cctv1,C1_S005,G005,OCCUPIED,LEAVING,0.7794224724173546
668.0,cctv1,C1_S006,G006,EMPTY,MANEUVERING,0.1727265085321333
668.0,cctv2,C2_S001,G007,OCCUPIED,OCCUPIED,0.7659637282292049
668.0,cctv2,C2_S002,G008,OCCUPIED,OCCUPIED,0.7936770096421242
668.0,cctv2,C2_S003,G009,EMPTY,EMPTY,0.01
668.0,cctv2,C2_S004,G010,OCCUPIED,OCCUPIED,0.7510870831708114
668.0,cctv2,C2_S005,G001,EMPTY,EMPTY,0.01
668.0,cctv2,C2_S006,G003,OCCUPIED,OCCUPIED,0.8240971326828004
668.0,cctv2,C2_S007,G004,OCCUPIED,OCCUPIED,0.7840041870872181
668.0,cctv2,C2_S008,G006,OCCUPIED,OCCUPIED,0.7554549972216289
668.0,cctv2,C2_S009,G005,OCCUPIED,OCCUPIED,0.7695696150263152
668.0,cctv2,C2_S010,G002,EMPTY,EMPTY,0.01
668.0,cctv2,C2_S011,G017,OCCUPIED,OCCUPIED,0.7907376070817312
668.0,cctv2,C2_S012,G018,OCCUPIED,OCCUPIED,0.7741059184074403
668.0,cctv2,C2_S013,G019,OCCUPIED,OCCUPIED,0.8370348662137985
668.0,cctv2,C2_S014,G020,EMPTY,EMPTY,0.01
668.0,cctv3,C3_S001,G021,OCCUPIED,OCCUPIED,0.803593397140503
668.0,cctv3,C3_S002,G019,EMPTY,EMPTY,0.01
668.0,cctv3,C3_S003,G020,OCCUPIED,OCCUPIED,0.8004369626442592
668.0,cctv3,C3_S004,G024,OCCUPIED,OCCUPIED,0.8277004092931748
668.0,cctv3,C3_S005,G025,OCCUPIED,OCCUPIED,0.8317448129256567
668.0,cctv3,C3_S006,G026,OCCUPIED,OCCUPIED,0.8250679463148117
668.0,cctv3,C3_S007,G027,OCCUPIED,OCCUPIED,0.7451190208395323
668.0,cctv3,C3_S008,G028,EMPTY,EMPTY,0.01
668.0,cctv3,C3_S009,G029,EMPTY,MANEUVERING,0.0687658092048433
668.0,cctv3,C3_S010,G007,OCCUPIED,LEAVING,0.6046468564040131
668.0,cctv3,C3_S011,G008,OCCUPIED,OCCUPIED,0.7893345286448797
668.0,cctv3,C3_S012,G009,OCCUPIED,OCCUPIED,0.825329954425494
669.0,cctv1,C1_S001,G001,OCCUPIED,OCCUPIED,0.7392787571996451
669.0,cctv1,C1_S002,G002,EMPTY,EMPTY,0.01
669.0,cctv1,C1_S003,G003,OCCUPIED,OCCUPIED,0.8394541701674462
669.0,cctv1,C1_S004,G004,OCCUPIED,OCCUPIED,0.7660485538840295
669.0,cctv1,C1_S005,G005,OCCUPIED,LEAVING,0.7799643741548062
669.0,cctv1,C1_S006,G006,EMPTY,MANEUVERING,0.1682820640876889
669.0,cctv2,C2_S001,G007,OCCUPIED,OCCUPIED,0.7669537502527237
669.0,cctv2,C2_S002,G008,OCCUPIED,OCCUPIED,0.7964912877976895
669.0,cctv2,C2_S003,G009,EMPTY,EMPTY,0.01
669.0,cctv2,C2_S004,G010,OCCUPIED,OCCUPIED,0.7547853187471629
669.0,cctv2,C2_S005,G001,EMPTY,EMPTY,0.01
669.0,cctv2,C2_S006,G003,OCCUPIED,OCCUPIED,0.8237590256333351
669.0,cctv2,C2_S007,G004,OCCUPIED,OCCUPIED,0.7830122344195843
669.0,cctv2,C2_S008,G006,OCCUPIED,OCCUPIED,0.7551264217495919
669.0,cctv2,C2_S009,G005,OCCUPIED,OCCUPIED,0.7718262417614461
669.0,cctv2,C2_S010,G002,EMPTY,EMPTY,0.01
669.0,cctv2,C2_S011,G017,OCCUPIED,OCCUPIED,0.7907296144962311
669.0,cctv2,C2_S012,G018,OCCUPIED,OCCUPIED,0.7756638306379319
669.0,cctv2,C2_S013,G019,OCCUPIED,OCCUPIED,0.8371688494086267
669.0,cctv2,C2_S014,G020,EMPTY,EMPTY,0.01
669.0,cctv3,C3_S001,G021,OCCUPIED,OCCUPIED,0.803843478858471
669.0,cctv3,C3_S002,G019,EMPTY,EMPTY,0.01
669.0,cctv3,C3_S003,G020,OCCUPIED,OCCUPIED,0.802850864827633
669.0,cctv3,C3_S004,G024,OCCUPIED,OCCUPIED,0.8277242094278336
669.0,cctv3,C3_S005,G025,OCCUPIED,OCCUPIED,0.8317440298199654
669.0,cctv3,C3_S006,G026,OCCUPIED,OCCUPIED,0.8250527918338776
669.0,cctv3,C3_S007,G027,OCCUPIED,OCCUPIED,0.7436134546250106
669.0,cctv3,C3_S008,G028,EMPTY,EMPTY,0.01
669.0,cctv3,C3_S009,G029,EMPTY,MANEUVERING,0.0626546980937322
669.0,cctv3,C3_S010,G007,OCCUPIED,LEAVING,0.6142066253783803
669.0,cctv3,C3_S011,G008,OCCUPIED,OCCUPIED,0.7898465132713318
669.0,cctv3,C3_S012,G009,OCCUPIED,OCCUPIED,0.8249804142117501
670.0,cctv1,C1_S001,G001,OCCUPIED,OCCUPIED,0.7390986378219995
670.0,cctv1,C1_S002,G002,EMPTY,EMPTY,0.01
670.0,cctv1,C1_S003,G003,OCCUPIED,OCCUPIED,0.8394132373007862
670.0,cctv1,C1_S004,G004,OCCUPIED,OCCUPIED,0.7662393433126538
670.0,cctv1,C1_S005,G005,OCCUPIED,LEAVING,0.7813314311883667
670.0,cctv1,C1_S006,G006,EMPTY,MANEUVERING,0.1646457004513253
670.0,cctv2,C2_S001,G007,OCCUPIED,OCCUPIED,0.7679767145351931
670.0,cctv2,C2_S002,G008,OCCUPIED,OCCUPIED,0.7957778243855997
670.0,cctv2,C2_S003,G009,EMPTY,EMPTY,0.01
670.0,cctv2,C2_S004,G010,OCCUPIED,OCCUPIED,0.7569043141197075
670.0,cctv2,C2_S005,G001,EMPTY,EMPTY,0.01
670.0,cctv2,C2_S006,G003,OCCUPIED,OCCUPIED,0.8234085359356621
670.0,cctv2,C2_S007,G004,OCCUPIED,OCCUPIED,0.7826501108028673
670.0,cctv2,C2_S008,G006,OCCUPIED,OCCUPIED,0.7540424452586608
670.0,cctv2,C2_S009,G005,OCCUPIED,OCCUPIED,0.7717841602184556
670.0,cctv2,C2_S010,G002,EMPTY,EMPTY,0.01
670.0,cctv2,C2_S011,G017,OCCUPIED,OCCUPIED,0.7905852380124005
670.0,cctv2,C2_S012,G018,OCCUPIED,OCCUPIED,0.7759644402699037
670.0,cctv2,C2_S013,G019,OCCUPIED,OCCUPIED,0.8373011529445649
670.0,cctv2,C2_S014,G020,EMPTY,EMPTY,0.01
670.0,cctv3,C3_S001,G021,OCCUPIED,OCCUPIED,0.8035822703079745
670.0,cctv3,C3_S002,G019,EMPTY,EMPTY,0.01
670.0,cctv3,C3_S003,G020,OCCUPIED,OCCUPIED,0.8028485243970698
670.0,cctv3,C3_S004,G024,OCCUPIED,OCCUPIED,0.8277705986391415
670.0,cctv3,C3_S005,G025,OCCUPIED,OCCUPIED,0.831712570515546
670.0,cctv3,C3_S006,G026,OCCUPIED,OCCUPIED,0.8250553716312756
670.0,cctv3,C3_S007,G027,OCCUPIED,OCCUPIED,0.7442008536647667
670.0,cctv3,C3_S008,G028,EMPTY,EMPTY,0.01
670.0,cctv3,C3_S009,G029,EMPTY,MANEUVERING,0.0590183344573685
670.0,cctv3,C3_S010,G007,OCCUPIED,LEAVING,0.5401157162874712
670.0,cctv3,C3_S011,G008,OCCUPIED,OCCUPIED,0.7896533914587716
670.0,cctv3,C3_S012,G009,OCCUPIED,OCCUPIED,0.8250663061033596
671.0,cctv1,C1_S001,G001,OCCUPIED,OCCUPIED,0.7384588025510311
671.0,cctv1,C1_S002,G002,EMPTY,EMPTY,0.01
671.0,cctv1,C1_S003,G003,OCCUPIED,OCCUPIED,0.8392288744449616
671.0,cctv1,C1_S004,G004,OCCUPIED,OCCUPIED,0.7668755133043637
671.0,cctv1,C1_S005,G005,OCCUPIED,LEAVING,0.7797660493037918
671.0,cctv1,C1_S006,G006,EMPTY,MANEUVERING,0.1646457004513253
671.0,cctv2,C2_S001,G007,OCCUPIED,OCCUPIED,0.7662236779928208
671.0,cctv2,C2_S002,G008,OCCUPIED,OCCUPIED,0.796087587827986
671.0,cctv2,C2_S003,G009,EMPTY,MANEUVERING,0.2250612681697715
671.0,cctv2,C2_S004,G010,OCCUPIED,OCCUPIED,0.759563625197519
671.0,cctv2,C2_S005,G001,EMPTY,EMPTY,0.01
671.0,cctv2,C2_S006,G003,OCCUPIED,OCCUPIED,0.8229255123571917
671.0,cctv2,C2_S007,G004,OCCUPIED,OCCUPIED,0.7816018173640426
671.0,cctv2,C2_S008,G006,OCCUPIED,OCCUPIED,0.7503753004426307
671.0,cctv2,C2_S009,G005,OCCUPIED,OCCUPIED,0.7693281345746734
671.0,cctv2,C2_S010,G002,EMPTY,EMPTY,0.01
671.0,cctv2,C2_S011,G017,OCCUPIED,OCCUPIED,0.7903416446664118
671.0,cctv2,C2_S012,G018,OCCUPIED,OCCUPIED,0.774710090187463
671.0,cctv2,C2_S013,G019,OCCUPIED,OCCUPIED,0.8371273498643529
671.0,cctv2,C2_S014,G020,EMPTY,EMPTY,0.01
671.0,cctv3,C3_S001,G021,OCCUPIED,OCCUPIED,0.8038708751851863
671.0,cctv3,C3_S002,G019,EMPTY,EMPTY,0.01
671.0,cctv3,C3_S003,G020,OCCUPIED,OCCUPIED,0.8028162037784403
671.0,cctv3,C3_S004,G024,OCCUPIED,OCCUPIED,0.8277779917825353
671.0,cctv3,C3_S005,G025,OCCUPIED,OCCUPIED,0.8317891947247766
671.0,cctv3,C3_S006,G026,OCCUPIED,OCCUPIED,0.8251559008251538
671.0,cctv3,C3_S007,G027,OCCUPIED,OCCUPIED,0.7447306561876428
671.0,cctv3,C3_S008,G028,EMPTY,EMPTY,0.01
671.0,cctv3,C3_S009,G029,EMPTY,MANEUVERING,0.0590183344573685
671.0,cctv3,C3_S010,G007,OCCUPIED,LEAVING,0.5838822773262633
671.0,cctv3,C3_S011,G008,OCCUPIED,OCCUPIED,0.7884658458557996
671.0,cctv3,C3_S012,G009,OCCUPIED,OCCUPIED,0.82470243844119
672.0,cctv1,C1_S001,G001,OCCUPIED,OCCUPIED,0.7369050636887551
672.0,cctv1,C1_S002,G002,EMPTY,EMPTY,0.01
672.0,cctv1,C1_S003,G003,OCCUPIED,OCCUPIED,0.8391435850750317
672.0,cctv1,C1_S004,G004,OCCUPIED,OCCUPIED,0.7681834482333878
672.0,cctv1,C1_S005,G005,OCCUPIED,LEAVING,0.7797412299297073
672.0,cctv1,C1_S006,G006,EMPTY,EMPTY,0.01
672.0,cctv2,C2_S001,G007,OCCUPIED,OCCUPIED,0.7673941362987866
672.0,cctv2,C2_S002,G008,OCCUPIED,OCCUPIED,0.7997399140488018
672.0,cctv2,C2_S003,G009,EMPTY,MANEUVERING,0.2250612681697715
672.0,cctv2,C2_S004,G010,OCCUPIED,OCCUPIED,0.7604313309897076
672.0,cctv2,C2_S005,G001,EMPTY,EMPTY,0.01
672.0,cctv2,C2_S006,G003,OCCUPIED,OCCUPIED,0.8227518539537084
672.0,cctv2,C2_S007,G004,OCCUPIED,OCCUPIED,0.7821474957195196
672.0,cctv2,C2_S008,G006,OCCUPIED,OCCUPIED,0.7514495048333298
672.0,cctv2,C2_S009,G005,OCCUPIED,OCCUPIED,0.7700546153567055
672.0,cctv2,C2_S010,G002,EMPTY,EMPTY,0.01
672.0,cctv2,C2_S011,G017,OCCUPIED,OCCUPIED,0.7914384560151534
672.0,cctv2,C2_S012,G018,OCCUPIED,OCCUPIED,0.7734994072805752
672.0,cctv2,C2_S013,G019,OCCUPIED,OCCUPIED,0.8372587431560864
672.0,cctv2,C2_S014,G020,EMPTY,EMPTY,0.01
672.0,cctv3,C3_S001,G021,OCCUPIED,OCCUPIED,0.8039023976434362
672.0,cctv3,C3_S002,G019,EMPTY,EMPTY,0.01
672.0,cctv3,C3_S003,G020,OCCUPIED,LEAVING,0.8023782535032793
672.0,cctv3,C3_S004,G024,OCCUPIED,OCCUPIED,0.827688002857295
672.0,cctv3,C3_S005,G025,OCCUPIED,OCCUPIED,0.8317788324572823
672.0,cctv3,C3_S006,G026,OCCUPIED,OCCUPIED,0.8252030410549858
672.0,cctv3,C3_S007,G027,OCCUPIED,OCCUPIED,0.7429894504222003
672.0,cctv3,C3_S008,G028,EMPTY,EMPTY,0.01
672.0,cctv3,C3_S009,G029,EMPTY,EMPTY,0.01
672.0,cctv3,C3_S010,G007,OCCUPIED,LEAVING,0.6320353105483633
672.0,cctv3,C3_S011,G008,OCCUPIED,OCCUPIED,0.7882549283179371
672.0,cctv3,C3_S012,G009,OCCUPIED,OCCUPIED,0.8243343434550546
673.0,cctv1,C1_S001,G001,OCCUPIED,OCCUPIED,0.7371333956718445
673.0,cctv1,C1_S002,G002,EMPTY,EMPTY,0.01
673.0,cctv1,C1_S003,G003,OCCUPIED,OCCUPIED,0.8389341557567771
673.0,cctv1,C1_S004,G004,OCCUPIED,OCCUPIED,0.7681372134522959
673.0,cctv1,C1_S005,G005,OCCUPIED,LEAVING,0.778599604557861
673.0,cctv1,C1_S006,G006,EMPTY,EMPTY,0.01
673.0,cctv2,C2_S001,G007,OCCUPIED,LEAVING,0.7646983471783726
673.0,cctv2,C2_S002,G008,OCCUPIED,OCCUPIED,0.800765500556339
673.0,cctv2,C2_S003,G009,EMPTY,MANEUVERING,0.2250612681697715
673.0,cctv2,C2_S004,G010,OCCUPIED,OCCUPIED,0.7608145463195715
673.0,cctv2,C2_S005,G001,EMPTY,EMPTY,0.01
673.0,cctv2,C2_S006,G003,OCCUPIED,OCCUPIED,0.8228150939399547
673.0,cctv2,C2_S007,G004,OCCUPIED,OCCUPIED,0.7823020559820263
673.0,cctv2,C2_S008,G006,OCCUPIED,OCCUPIED,0.7522208195518364
673.0,cctv2,C2_S009,G005,OCCUPIED,OCCUPIED,0.771281800757755
673.0,cctv2,C2_S010,G002,EMPTY,EMPTY,0.01
673.0,cctv2,C2_S011,G017,OCCUPIED,OCCUPIED,0.7918161524967714
673.0,cctv2,C2_S012,G018,OCCUPIED,OCCUPIED,0.771884589845484
673.0,cctv2,C2_S013,G019,OCCUPIED,OCCUPIED,0.8370792911811309
673.0,cctv2,C2_S014,G020,EMPTY,EMPTY,0.01
673.0,cctv3,C3_S001,G021,OCCUPIED,OCCUPIED,0.8042391286654906
673.0,cctv3,C3_S002,G019,EMPTY,EMPTY,0.01
673.0,cctv3,C3_S003,G020,OCCUPIED,LEAVING,0.8037967242977837
673.0,cctv3,C3_S004,G024,OCCUPIED,OCCUPIED,0.82819739011201
673.0,cctv3,C3_S005,G025,OCCUPIED,OCCUPIED,0.831808132746003
673.0,cctv3,C3_S006,G026,OCCUPIED,OCCUPIED,0.825354448502714
673.0,cctv3,C3_S007,G027,OCCUPIED,OCCUPIED,0.7427560844204644
673.0,cctv3,C3_S008,G028,EMPTY,EMPTY,0.01
673.0,cctv3,C3_S009,G029,EMPTY,EMPTY,0.01
673.0,cctv3,C3_S010,G007,OCCUPIED,LEAVING,0.6333575283307018
673.0,cctv3,C3_S011,G008,OCCUPIED,OCCUPIED,0.7898170070214705
673.0,cctv3,C3_S012,G009,OCCUPIED,OCCUPIED,0.8239140803163703
674.0,cctv1,C1_S001,G001,OCCUPIED,OCCUPIED,0.7364327415146612
674.0,cctv1,C1_S002,G002,EMPTY,EMPTY,0.01
674.0,cctv1,C1_S003,G003,OCCUPIED,OCCUPIED,0.8386091524904425
674.0,cctv1,C1_S004,G004,OCCUPIED,OCCUPIED,0.7681466174396603
674.0,cctv1,C1_S005,G005,OCCUPIED,LEAVING,0.7772568582133814
674.0,cctv1,C1_S006,G006,EMPTY,EMPTY,0.01
674.0,cctv2,C2_S001,G007,OCCUPIED,LEAVING,0.7645689452236349
674.0,cctv2,C2_S002,G008,OCCUPIED,OCCUPIED,0.8005661262707278
674.0,cctv2,C2_S003,G009,EMPTY,MANEUVERING,0.3100055954537608
674.0,cctv2,C2_S004,G010,OCCUPIED,OCCUPIED,0.763533440232277
674.0,cctv2,C2_S005,G001,EMPTY,EMPTY,0.01
674.0,cctv2,C2_S006,G003,OCCUPIED,OCCUPIED,0.8228421566161244
674.0,cctv2,C2_S007,G004,OCCUPIED,OCCUPIED,0.7804358257488772
674.0,cctv2,C2_S008,G006,OCCUPIED,OCCUPIED,0.748772270096974
674.0,cctv2,C2_S009,G005,OCCUPIED,OCCUPIED,0.7720964128320869
674.0,cctv2,C2_S010,G002,EMPTY,EMPTY,0.01
674.0,cctv2,C2_S011,G017,OCCUPIED,OCCUPIED,0.7927921782840383
674.0,cctv2,C2_S012,G018,OCCUPIED,OCCUPIED,0.767525795779445
674.0,cctv2,C2_S013,G019,OCCUPIED,OCCUPIED,0.8366864597255534
674.0,cctv2,C2_S014,G020,EMPTY,EMPTY,0.01
674.0,cctv3,C3_S001,G021,OCCUPIED,OCCUPIED,0.8043358361179179
674.0,cctv3,C3_S002,G019,EMPTY,EMPTY,0.01
674.0,cctv3,C3_S003,G020,OCCUPIED,LEAVING,0.8062341516668147
674.0,cctv3,C3_S004,G024,OCCUPIED,OCCUPIED,0.8279598463665356
674.0,cctv3,C3_S005,G025,OCCUPIED,OCCUPIED,0.8317317214879123
674.0,cctv3,C3_S006,G026,OCCUPIED,OCCUPIED,0.8253278808160263
674.0,cctv3,C3_S007,G027,OCCUPIED,OCCUPIED,0.7425408290191131
674.0,cctv3,C3_S008,G028,EMPTY,EMPTY,0.01
674.0,cctv3,C3_S009,G029,EMPTY,EMPTY,0.01
674.0,cctv3,C3_S010,G007,OCCUPIED,LEAVING,0.67890657279076
674.0,cctv3,C3_S011,G008,OCCUPIED,OCCUPIED,0.7892901167273522
674.0,cctv3,C3_S012,G009,OCCUPIED,OCCUPIED,0.8242147494446148
675.0,cctv1,C1_S001,G001,OCCUPIED,OCCUPIED,0.7333662042563612
675.0,cctv1,C1_S002,G002,EMPTY,EMPTY,0.01
675.0,cctv1,C1_S003,G003,OCCUPIED,OCCUPIED,0.83849985816262
675.0,cctv1,C1_S004,G004,OCCUPIED,OCCUPIED,0.7675520143725656
675.0,cctv1,C1_S005,G005,OCCUPIED,OCCUPIED,0.7740904027765448
675.0,cctv1,C1_S006,G006,EMPTY,EMPTY,0.01
675.0,cctv2,C2_S001,G007,OCCUPIED,LEAVING,0.7629590234295889
675.0,cctv2,C2_S002,G008,OCCUPIED,OCCUPIED,0.8006170224059712
675.0,cctv2,C2_S003,G009,EMPTY,MANEUVERING,0.2650055954537608
675.0,cctv2,C2_S004,G010,OCCUPIED,OCCUPIED,0.7612228819592433
675.0,cctv2,C2_S005,G001,EMPTY,EMPTY,0.01
675.0,cctv2,C2_S006,G003,OCCUPIED,OCCUPIED,0.8225103389133107
675.0,cctv2,C2_S007,G004,OCCUPIED,OCCUPIED,0.780404070019722
675.0,cctv2,C2_S008,G006,OCCUPIED,OCCUPIED,0.7475473389706829
675.0,cctv2,C2_S009,G005,OCCUPIED,OCCUPIED,0.7719814444130118
675.0,cctv2,C2_S010,G002,EMPTY,EMPTY,0.01
675.0,cctv2,C2_S011,G017,OCCUPIED,OCCUPIED,0.7917428981174123
675.0,cctv2,C2_S012,G018,OCCUPIED,OCCUPIED,0.7657789360393178
675.0,cctv2,C2_S013,G019,OCCUPIED,OCCUPIED,0.8361789654601705
675.0,cctv2,C2_S014,G020,EMPTY,EMPTY,0.01
675.0,cctv3,C3_S001,G021,OCCUPIED,OCCUPIED,0.8040951444344088
675.0,cctv3,C3_S002,G019,EMPTY,EMPTY,0.01
675.0,cctv3,C3_S003,G020,OCCUPIED,LEAVING,0.8043944049965253
675.0,cctv3,C3_S004,G024,OCCUPIED,OCCUPIED,0.8278389722108841
675.0,cctv3,C3_S005,G025,OCCUPIED,OCCUPIED,0.831741719625213
675.0,cctv3,C3_S006,G026,OCCUPIED,OCCUPIED,0.8254946183074605
675.0,cctv3,C3_S007,G027,OCCUPIED,OCCUPIED,0.7409084890376438
675.0,cctv3,C3_S008,G028,EMPTY,EMPTY,0.01
675.0,cctv3,C3_S009,G029,EMPTY,EMPTY,0.01
675.0,cctv3,C3_S010,G007,OCCUPIED,OCCUPIED,0.677552533578692
675.0,cctv3,C3_S011,G008,OCCUPIED,OCCUPIED,0.7870625518939712
675.0,cctv3,C3_S012,G009,OCCUPIED,OCCUPIED,0.8239678366617723
676.0,cctv1,C1_S001,G001,OCCUPIED,OCCUPIED,0.7336007429117507
676.0,cctv1,C1_S002,G002,EMPTY,EMPTY,0.01
676.0,cctv1,C1_S003,G003,OCCUPIED,OCCUPIED,0.8383837160739033
676.0,cctv1,C1_S004,G004,OCCUPIED,OCCUPIED,0.7682097529823131
676.0,cctv1,C1_S005,G005,OCCUPIED,OCCUPIED,0.7765849274667828
676.0,cctv1,C1_S006,G006,EMPTY,EMPTY,0.01
676.0,cctv2,C2_S001,G007,OCCUPIED,LEAVING,0.7591765629296954
676.0,cctv2,C2_S002,G008,OCCUPIED,OCCUPIED,0.7995583284984936
676.0,cctv2,C2_S003,G009,EMPTY,MANEUVERING,0.2650055954537608
676.0,cctv2,C2_S004,G010,OCCUPIED,OCCUPIED,0.760849817571315
676.0,cctv2,C2_S005,G001,EMPTY,EMPTY,0.01
676.0,cctv2,C2_S006,G003,OCCUPIED,OCCUPIED,0.8221393560821361
676.0,cctv2,C2_S007,G004,OCCUPIED,OCCUPIED,0.7790245566855778
676.0,cctv2,C2_S008,G006,OCCUPIED,OCCUPIED,0.7477559429000725
676.0,cctv2,C2_S009,G005,OCCUPIED,OCCUPIED,0.7744623674587771
676.0,cctv2,C2_S010,G002,EMPTY,EMPTY,0.01
676.0,cctv2,C2_S011,G017,OCCUPIED,OCCUPIED,0.7922316876324741
676.0,cctv2,C2_S012,G018,OCCUPIED,OCCUPIED,0.7659589220177044
676.0,cctv2,C2_S013,G019,OCCUPIED,OCCUPIED,0.8360547621141781
676.0,cctv2,C2_S014,G020,EMPTY,EMPTY,0.01
676.0,cctv3,C3_S001,G021,OCCUPIED,OCCUPIED,0.8039972714402459
676.0,cctv3,C3_S002,G019,EMPTY,EMPTY,0.01
676.0,cctv3,C3_S003,G020,OCCUPIED,LEAVING,0.8033900217576461
676.0,cctv3,C3_S004,G024,OCCUPIED,OCCUPIED,0.8274841939861125
676.0,cctv3,C3_S005,G025,OCCUPIED,OCCUPIED,0.8316967804323544
676.0,cctv3,C3_S006,G026,OCCUPIED,OCCUPIED,0.8253989796746861
676.0,cctv3,C3_S007,G027,OCCUPIED,OCCUPIED,0.739375167678703
676.0,cctv3,C3_S008,G028,EMPTY,EMPTY,0.01
676.0,cctv3,C3_S009,G029,EMPTY,EMPTY,0.01
676.0,cctv3,C3_S010,G007,OCCUPIED,OCCUPIED,0.6755766500352007
676.0,cctv3,C3_S011,G008,OCCUPIED,OCCUPIED,0.7857477240941741
676.0,cctv3,C3_S012,G009,OCCUPIED,OCCUPIED,0.8233086610382254
677.0,cctv1,C1_S001,G001,OCCUPIED,OCCUPIED,0.7311304044317116
677.0,cctv1,C1_S002,G002,EMPTY,EMPTY,0.01
677.0,cctv1,C1_S003,G003,OCCUPIED,OCCUPIED,0.8383663516152989
677.0,cctv1,C1_S004,G004,OCCUPIED,OCCUPIED,0.7696342884139582
677.0,cctv1,C1_S005,G005,OCCUPIED,OCCUPIED,0.7767818548462608
677.0,cctv1,C1_S006,G006,EMPTY,EMPTY,0.01
677.0,cctv2,C2_S001,G007,OCCUPIED,LEAVING,0.7566893119026314
677.0,cctv2,C2_S002,G008,OCCUPIED,OCCUPIED,0.7953066744587639
677.0,cctv2,C2_S003,G009,EMPTY,MANEUVERING,0.2650055954537608
677.0,cctv2,C2_S004,G010,OCCUPIED,OCCUPIED,0.7623847669498488
677.0,cctv2,C2_S005,G001,EMPTY,EMPTY,0.01
677.0,cctv2,C2_S006,G003,OCCUPIED,OCCUPIED,0.8218469757925381
677.0,cctv2,C2_S007,G004,OCCUPIED,OCCUPIED,0.7790250679308719
677.0,cctv2,C2_S008,G006,OCCUPIED,OCCUPIED,0.7468648606403309
677.0,cctv2,C2_S009,G005,OCCUPIED,OCCUPIED,0.7751161400567402
677.0,cctv2,C2_S010,G002,EMPTY,EMPTY,0.01
677.0,cctv2,C2_S011,G017,OCCUPIED,OCCUPIED,0.7938170365311883
677.0,cctv2,C2_S012,G018,OCCUPIED,OCCUPIED,0.763688782399351
677.0,cctv2,C2_S013,G019,OCCUPIED,OCCUPIED,0.836489285664125
677.0,cctv2,C2_S014,G020,EMPTY,EMPTY,0.01
677.0,cctv3,C3_S001,G021,OCCUPIED,OCCUPIED,0.8047786330634898
677.0,cctv3,C3_S002,G019,EMPTY,EMPTY,0.01
677.0,cctv3,C3_S003,G020,OCCUPIED,LEAVING,0.8041074135086754
677.0,cctv3,C3_S004,G024,OCCUPIED,OCCUPIED,0.827447006377307
677.0,cctv3,C3_S005,G025,OCCUPIED,OCCUPIED,0.8316579599272121
677.0,cctv3,C3_S006,G026,OCCUPIED,OCCUPIED,0.8254371353171089
677.0,cctv3,C3_S007,G027,OCCUPIED,OCCUPIED,0.7402778590267356
677.0,cctv3,C3_S008,G028,EMPTY,EMPTY,0.01
677.0,cctv3,C3_S009,G029,EMPTY,EMPTY,0.01
677.0,cctv3,C3_S010,G007,OCCUPIED,OCCUPIED,0.6769204074460449
677.0,cctv3,C3_S011,G008,OCCUPIED,OCCUPIED,0.7862671948292039
677.0,cctv3,C3_S012,G009,OCCUPIED,OCCUPIED,0.8231598171320829
678.0,cctv1,C1_S001,G001,OCCUPIED,OCCUPIED,0.7307519488036633
678.0,cctv1,C1_S002,G002,EMPTY,EMPTY,0.01
678.0,cctv1,C1_S003,G003,OCCUPIED,OCCUPIED,0.8383679048581557
678.0,cctv1,C1_S004,G004,OCCUPIED,OCCUPIED,0.7704528270797296
678.0,cctv1,C1_S005,G005,OCCUPIED,OCCUPIED,0.7775268851356073
678.0,cctv1,C1_S006,G006,EMPTY,EMPTY,0.01
678.0,cctv2,C2_S001,G007,OCCUPIED,LEAVING,0.756324271790006
678.0,cctv2,C2_S002,G008,OCCUPIED,OCCUPIED,0.7975983831015501
678.0,cctv2,C2_S003,G009,EMPTY,MANEUVERING,0.2200055954537608
678.0,cctv2,C2_S004,G010,OCCUPIED,OCCUPIED,0.7628167915750634
678.0,cctv2,C2_S005,G001,EMPTY,EMPTY,0.01
678.0,cctv2,C2_S006,G003,OCCUPIED,OCCUPIED,0.8220744913274592
678.0,cctv2,C2_S007,G004,OCCUPIED,OCCUPIED,0.7790744539011609
678.0,cctv2,C2_S008,G006,OCCUPIED,OCCUPIED,0.7479365526952527
678.0,cctv2,C2_S009,G005,OCCUPIED,OCCUPIED,0.7770534744316882
678.0,cctv2,C2_S010,G002,EMPTY,EMPTY,0.01
678.0,cctv2,C2_S011,G017,OCCUPIED,OCCUPIED,0.7946155992421238
678.0,cctv2,C2_S012,G018,OCCUPIED,OCCUPIED,0.7607741132378579
678.0,cctv2,C2_S013,G019,OCCUPIED,OCCUPIED,0.8357020353729075
678.0,cctv2,C2_S014,G020,EMPTY,EMPTY,0.01
678.0,cctv3,C3_S001,G021,OCCUPIED,OCCUPIED,0.8036218402060596
678.0,cctv3,C3_S002,G019,EMPTY,EMPTY,0.01
678.0,cctv3,C3_S003,G020,OCCUPIED,LEAVING,0.8055402048609475
678.0,cctv3,C3_S004,G024,OCCUPIED,OCCUPIED,0.8275438511913473
678.0,cctv3,C3_S005,G025,OCCUPIED,OCCUPIED,0.8316375580700962
678.0,cctv3,C3_S006,G026,OCCUPIED,OCCUPIED,0.8254848144271157
678.0,cctv3,C3_S007,G027,OCCUPIED,OCCUPIED,0.7392045832493089
678.0,cctv3,C3_S008,G028,EMPTY,EMPTY,0.01
678.0,cctv3,C3_S009,G029,EMPTY,MANEUVERING,0.1047837391536344
678.0,cctv3,C3_S010,G007,OCCUPIED,LEAVING,0.6199204074460449
678.0,cctv3,C3_S011,G008,OCCUPIED,OCCUPIED,0.7869373731992462
678.0,cctv3,C3_S012,G009,OCCUPIED,OCCUPIED,0.823031599413265
679.0,cctv1,C1_S001,G001,OCCUPIED,OCCUPIED,0.7307808628136462
679.0,cctv1,C1_S002,G002,EMPTY,EMPTY,0.01
679.0,cctv1,C1_S003,G003,OCCUPIED,OCCUPIED,0.8382839679718018
679.0,cctv1,C1_S004,G004,OCCUPIED,OCCUPIED,0.7689673494208944
679.0,cctv1,C1_S005,G005,OCCUPIED,OCCUPIED,0.7752362896095624
679.0,cctv1,C1_S006,G006,EMPTY,EMPTY,0.01
679.0,cctv2,C2_S001,G007,OCCUPIED,LEAVING,0.7531727847050538
679.0,cctv2,C2_S002,G008,OCCUPIED,OCCUPIED,0.7964457362890244
679.0,cctv2,C2_S003,G009,EMPTY,MANEUVERING,0.3002016908201304
679.0,cctv2,C2_S004,G010,OCCUPIED,OCCUPIED,0.7618212848224424
679.0,cctv2,C2_S005,G001,EMPTY,EMPTY,0.01
679.0,cctv2,C2_S006,G003,OCCUPIED,OCCUPIED,0.822037438641895
679.0,cctv2,C2_S007,G004,OCCUPIED,OCCUPIED,0.7774943507530473
679.0,cctv2,C2_S008,G006,OCCUPIED,OCCUPIED,0.7491038516841152
679.0,cctv2,C2_S009,G005,OCCUPIED,OCCUPIED,0.7780724114992402
679.0,cctv2,C2_S010,G002,EMPTY,EMPTY,0.01
679.0,cctv2,C2_S011,G017,OCCUPIED,OCCUPIED,0.7944861216978594
679.0,cctv2,C2_S012,G018,OCCUPIED,OCCUPIED,0.7604473132978786
679.0,cctv2,C2_S013,G019,OCCUPIED,OCCUPIED,0.835405200177973
679.0,cctv2,C2_S014,G020,EMPTY,EMPTY,0.01
679.0,cctv3,C3_S001,G021,OCCUPIED,OCCUPIED,0.8028324994173918
679.0,cctv3,C3_S002,G019,EMPTY,EMPTY,0.01
679.0,cctv3,C3_S003,G020,OCCUPIED,LEAVING,0.8061308541081169
679.0,cctv3,C3_S004,G024,OCCUPIED,OCCUPIED,0.8271459519863129
679.0,cctv3,C3_S005,G025,OCCUPIED,OCCUPIED,0.8315625326199966
679.0,cctv3,C3_S006,G026,OCCUPIED,OCCUPIED,0.8253237144513564
679.0,cctv3,C3_S007,G027,OCCUPIED,OCCUPIED,0.7377647250890732
679.0,cctv3,C3_S008,G028,EMPTY,EMPTY,0.01
679.0,cctv3,C3_S009,G029,EMPTY,MANEUVERING,0.1047837391536344
679.0,cctv3,C3_S010,G007,OCCUPIED,LEAVING,0.6184299858528557
679.0,cctv3,C3_S011,G008,OCCUPIED,OCCUPIED,0.7862424965609205
679.0,cctv3,C3_S012,G009,OCCUPIED,OCCUPIED,0.8226707472042605
680.0,cctv1,C1_S001,G001,OCCUPIED,OCCUPIED,0.7342158882455393
680.0,cctv1,C1_S002,G002,EMPTY,EMPTY,0.01
680.0,cctv1,C1_S003,G003,OCCUPIED,OCCUPIED,0.8382333278656007
680.0,cctv1,C1_S004,G004,OCCUPIED,OCCUPIED,0.7695007794282653
680.0,cctv1,C1_S005,G005,OCCUPIED,OCCUPIED,0.7746243046088652
680.0,cctv1,C1_S006,G006,EMPTY,EMPTY,0.01
680.0,cctv2,C2_S001,G007,OCCUPIED,LEAVING,0.7510535794902932
680.0,cctv2,C2_S002,G008,OCCUPIED,OCCUPIED,0.7945896061983976
680.0,cctv2,C2_S003,G009,EMPTY,MANEUVERING,0.3002016908201304
680.0,cctv2,C2_S004,G010,OCCUPIED,OCCUPIED,0.761756364798004
680.0,cctv2,C2_S005,G001,EMPTY,EMPTY,0.01
680.0,cctv2,C2_S006,G003,OCCUPIED,OCCUPIED,0.8223200329325416
680.0,cctv2,C2_S007,G004,OCCUPIED,OCCUPIED,0.7788532187992877
680.0,cctv2,C2_S008,G006,OCCUPIED,OCCUPIED,0.7495631210505963
680.0,cctv2,C2_S009,G005,OCCUPIED,OCCUPIED,0.7764869179237973
680.0,cctv2,C2_S010,G002,EMPTY,EMPTY,0.01
680.0,cctv2,C2_S011,G017,OCCUPIED,OCCUPIED,0.7945609707723965
680.0,cctv2,C2_S012,G018,OCCUPIED,OCCUPIED,0.7600067320195112
680.0,cctv2,C2_S013,G019,OCCUPIED,OCCUPIED,0.834469517252662
680.0,cctv2,C2_S014,G020,EMPTY,EMPTY,0.01
680.0,cctv3,C3_S001,G021,OCCUPIED,OCCUPIED,0.8034221310507168
680.0,cctv3,C3_S002,G019,EMPTY,EMPTY,0.01
680.0,cctv3,C3_S003,G020,OCCUPIED,LEAVING,0.8040989995002747
680.0,cctv3,C3_S004,G024,OCCUPIED,OCCUPIED,0.8270593702793122
680.0,cctv3,C3_S005,G025,OCCUPIED,OCCUPIED,0.8315139529379932
680.0,cctv3,C3_S006,G026,OCCUPIED,OCCUPIED,0.8253632810982792
680.0,cctv3,C3_S007,G027,OCCUPIED,OCCUPIED,0.7394302486696027
680.0,cctv3,C3_S008,G028,EMPTY,EMPTY,0.01
680.0,cctv3,C3_S009,G029,EMPTY,MANEUVERING,0.1047837391536344
680.0,cctv3,C3_S010,G007,OCCUPIED,LEAVING,0.6194844536103986
680.0,cctv3,C3_S011,G008,OCCUPIED,OCCUPIED,0.7856612634929745
680.0,cctv3,C3_S012,G009,OCCUPIED,OCCUPIED,0.8227728393944828
681.0,cctv1,C1_S001,G001,OCCUPIED,OCCUPIED,0.7332156750288877
681.0,cctv1,C1_S002,G002,EMPTY,EMPTY,0.01
681.0,cctv1,C1_S003,G003,OCCUPIED,OCCUPIED,0.8381237775087357
681.0,cctv1,C1_S004,G004,OCCUPIED,OCCUPIED,0.770222358270125
681.0,cctv1,C1_S005,G005,OCCUPIED,OCCUPIED,0.7727236356247555
681.0,cctv1,C1_S006,G006,EMPTY,EMPTY,0.01
681.0,cctv2,C2_S001,G007,OCCUPIED,LEAVING,0.7489205548031764
681.0,cctv2,C2_S002,G008,OCCUPIED,OCCUPIED,0.7945577813820406
681.0,cctv2,C2_S003,G009,EMPTY,MANEUVERING,0.3872687306119637
681.0,cctv2,C2_S004,G010,OCCUPIED,OCCUPIED,0.7615974317220124
681.0,cctv2,C2_S005,G001,EMPTY,EMPTY,0.01
681.0,cctv2,C2_S006,G003,OCCUPIED,OCCUPIED,0.8224767796017908
681.0,cctv2,C2_S007,G004,OCCUPIED,OCCUPIED,0.7804261352528226
681.0,cctv2,C2_S008,G006,OCCUPIED,OCCUPIED,0.7501415150409396
681.0,cctv2,C2_S009,G005,OCCUPIED,OCCUPIED,0.7776116567579183
681.0,cctv2,C2_S010,G002,EMPTY,EMPTY,0.01
681.0,cctv2,C2_S011,G017,OCCUPIED,OCCUPIED,0.7945749377662485
681.0,cctv2,C2_S012,G018,OCCUPIED,OCCUPIED,0.7583710567517714
681.0,cctv2,C2_S013,G019,OCCUPIED,OCCUPIED,0.8343826039270922
681.0,cctv2,C2_S014,G020,EMPTY,EMPTY,0.01
681.0,cctv3,C3_S001,G021,OCCUPIED,OCCUPIED,0.8038602560758591
681.0,cctv3,C3_S002,G019,EMPTY,EMPTY,0.01
681.0,cctv3,C3_S003,G020,OCCUPIED,LEAVING,0.8053764332424511
681.0,cctv3,C3_S004,G024,OCCUPIED,OCCUPIED,0.8268382302739404
681.0,cctv3,C3_S005,G025,OCCUPIED,OCCUPIED,0.831469035690481
681.0,cctv3,C3_S006,G026,OCCUPIED,OCCUPIED,0.8252306962555106
681.0,cctv3,C3_S007,G027,OCCUPIED,OCCUPIED,0.7393091237680479
681.0,cctv3,C3_S008,G028,EMPTY,EMPTY,0.01
681.0,cctv3,C3_S009,G029,EMPTY,MANEUVERING,0.1036928300627253
681.0,cctv3,C3_S010,G007,OCCUPIED,LEAVING,0.6579819613627412
681.0,cctv3,C3_S011,G008,OCCUPIED,OCCUPIED,0.7861381529407069
681.0,cctv3,C3_S012,G009,OCCUPIED,OCCUPIED,0.8224130681969903
682.0,cctv1,C1_S001,G001,OCCUPIED,OCCUPIED,0.7329258897765117
682.0,cctv1,C1_S002,G002,EMPTY,EMPTY,0.01
682.0,cctv1,C1_S003,G003,OCCUPIED,OCCUPIED,0.8382779833945362
682.0,cctv1,C1_S004,G004,OCCUPIED,OCCUPIED,0.7706043125553566
682.0,cctv1,C1_S005,G005,OCCUPIED,OCCUPIED,0.771481082791632
682.0,cctv1,C1_S006,G006,EMPTY,EMPTY,0.01
682.0,cctv2,C2_S001,G007,OCCUPIED,LEAVING,0.7492056402970445
682.0,cctv2,C2_S002,G008,OCCUPIED,OCCUPIED,0.7944708932529797
682.0,cctv2,C2_S003,G009,EMPTY,MANEUVERING,0.3536106120320884
682.0,cctv2,C2_S004,G010,OCCUPIED,OCCUPIED,0.7583629481494427
682.0,cctv2,C2_S005,G001,EMPTY,EMPTY,0.01
682.0,cctv2,C2_S006,G003,OCCUPIED,OCCUPIED,0.8227320251139728
682.0,cctv2,C2_S007,G004,OCCUPIED,OCCUPIED,0.7800528871742163
682.0,cctv2,C2_S008,G006,OCCUPIED,OCCUPIED,0.7511975326321343
682.0,cctv2,C2_S009,G005,OCCUPIED,OCCUPIED,0.778220720589161
682.0,cctv2,C2_S010,G002,EMPTY,EMPTY,0.01
682.0,cctv2,C2_S011,G017,OCCUPIED,OCCUPIED,0.7944210488687863
682.0,cctv2,C2_S012,G018,OCCUPIED,OCCUPIED,0.7552806500684132
682.0,cctv2,C2_S013,G019,OCCUPIED,OCCUPIED,0.8345219389958816
682.0,cctv2,C2_S014,G020,EMPTY,EMPTY,0.01
682.0,cctv3,C3_S001,G021,OCCUPIED,OCCUPIED,0.803774178299037
682.0,cctv3,C3_S002,G019,EMPTY,EMPTY,0.01
682.0,cctv3,C3_S003,G020,OCCUPIED,LEAVING,0.8045259909196334
682.0,cctv3,C3_S004,G024,OCCUPIED,OCCUPIED,0.8267051471905276
682.0,cctv3,C3_S005,G025,OCCUPIED,OCCUPIED,0.8314105619083751
682.0,cctv3,C3_S006,G026,OCCUPIED,OCCUPIED,0.8252317317507485
682.0,cctv3,C3_S007,G027,OCCUPIED,OCCUPIED,0.7390993689271538
682.0,cctv3,C3_S008,G028,EMPTY,EMPTY,0.01
682.0,cctv3,C3_S009,G029,EMPTY,MANEUVERING,0.0586928300627253
682.0,cctv3,C3_S010,G007,OCCUPIED,LEAVING,0.70355818211355
682.0,cctv3,C3_S011,G008,OCCUPIED,OCCUPIED,0.7876302975145254
682.0,cctv3,C3_S012,G009,OCCUPIED,OCCUPIED,0.82272528545423
683.0,cctv1,C1_S001,G001,OCCUPIED,OCCUPIED,0.7325733605433595
683.0,cctv1,C1_S002,G002,EMPTY,EMPTY,0.01
683.0,cctv1,C1_S003,G003,OCCUPIED,OCCUPIED,0.8381897712295706
683.0,cctv1,C1_S004,G004,OCCUPIED,OCCUPIED,0.7702336556532167
683.0,cctv1,C1_S005,G005,OCCUPIED,OCCUPIED,0.7716717183589936
683.0,cctv1,C1_S006,G006,EMPTY,EMPTY,0.01
683.0,cctv2,C2_S001,G007,OCCUPIED,LEAVING,0.7464161262593487
683.0,cctv2,C2_S002,G008,OCCUPIED,OCCUPIED,0.7950609597292814
683.0,cctv2,C2_S003,G009,EMPTY,MANEUVERING,0.3086106120320883
683.0,cctv2,C2_S004,G010,OCCUPIED,OCCUPIED,0.7601157936860216
683.0,cctv2,C2_S005,G001,EMPTY,EMPTY,0.01
683.0,cctv2,C2_S006,G003,OCCUPIED,OCCUPIED,0.8229007523168218
683.0,cctv2,C2_S007,G004,OCCUPIED,OCCUPIED,0.7809283427216791
683.0,cctv2,C2_S008,G006,OCCUPIED,OCCUPIED,0.750540824640881
683.0,cctv2,C2_S009,G005,OCCUPIED,OCCUPIED,0.7791905415329067
683.0,cctv2,C2_S010,G002,EMPTY,EMPTY,0.01
683.0,cctv2,C2_S011,G017,OCCUPIED,OCCUPIED,0.7947404739531605
683.0,cctv2,C2_S012,G018,OCCUPIED,OCCUPIED,0.7556003181771799
683.0,cctv2,C2_S013,G019,OCCUPIED,OCCUPIED,0.8336858221075752
683.0,cctv2,C2_S014,G020,EMPTY,EMPTY,0.01
683.0,cctv3,C3_S001,G021,OCCUPIED,OCCUPIED,0.803711465813897
683.0,cctv3,C3_S002,G019,EMPTY,EMPTY,0.01
683.0,cctv3,C3_S003,G020,OCCUPIED,LEAVING,0.8066859234463085
683.0,cctv3,C3_S004,G024,OCCUPIED,OCCUPIED,0.8264002149755305
683.0,cctv3,C3_S005,G025,OCCUPIED,OCCUPIED,0.8314055169170553
683.0,cctv3,C3_S006,G026,OCCUPIED,OCCUPIED,0.8251710609956222
683.0,cctv3,C3_S007,G027,OCCUPIED,OCCUPIED,0.7400796108625153
683.0,cctv3,C3_S008,G028,EMPTY,EMPTY,0.01
683.0,cctv3,C3_S009,G029,EMPTY,MANEUVERING,0.0586928300627253
683.0,cctv3,C3_S010,G007,OCCUPIED,LEAVING,0.7047025638005951
683.0,cctv3,C3_S011,G008,OCCUPIED,OCCUPIED,0.7876622970808637
683.0,cctv3,C3_S012,G009,OCCUPIED,OCCUPIED,0.8232601374387741
684.0,cctv1,C1_S001,G001,OCCUPIED,OCCUPIED,0.7330474458634854
684.0,cctv1,C1_S002,G002,EMPTY,EMPTY,0.01
684.0,cctv1,C1_S003,G003,OCCUPIED,OCCUPIED,0.8383136267011817
684.0,cctv1,C1_S004,G004,OCCUPIED,OCCUPIED,0.7693801389499144
684.0,cctv1,C1_S005,G005,OCCUPIED,LEAVING,0.7696491490710866
684.0,cctv1,C1_S006,G006,EMPTY,EMPTY,0.01
684.0,cctv2,C2_S001,G007,OCCUPIED,LEAVING,0.7469526773826644
684.0,cctv2,C2_S002,G008,OCCUPIED,OCCUPIED,0.7963063150644303
684.0,cctv2,C2_S003,G009,OCCUPIED,OCCUPIED,0.51
684.0,cctv2,C2_S004,G010,OCCUPIED,OCCUPIED,0.7634177189658989
684.0,cctv2,C2_S005,G001,EMPTY,EMPTY,0.01
684.0,cctv2,C2_S006,G003,OCCUPIED,OCCUPIED,0.8225131723013792
684.0,cctv2,C2_S007,G004,OCCUPIED,OCCUPIED,0.7800807679241355
684.0,cctv2,C2_S008,G006,OCCUPIED,OCCUPIED,0.749784851345149
684.0,cctv2,C2_S009,G005,OCCUPIED,OCCUPIED,0.7787401230497795
684.0,cctv2,C2_S010,G002,EMPTY,EMPTY,0.01
684.0,cctv2,C2_S011,G017,OCCUPIED,OCCUPIED,0.794786202365702
684.0,cctv2,C2_S012,G018,OCCUPIED,OCCUPIED,0.755463333292441
684.0,cctv2,C2_S013,G019,OCCUPIED,OCCUPIED,0.8328050220554526
684.0,cctv2,C2_S014,G020,EMPTY,EMPTY,0.01
684.0,cctv3,C3_S001,G021,OCCUPIED,OCCUPIED,0.802984637563879
684.0,cctv3,C3_S002,G019,EMPTY,EMPTY,0.01
684.0,cctv3,C3_S003,G020,OCCUPIED,LEAVING,0.8072118266062304
684.0,cctv3,C3_S004,G024,OCCUPIED,OCCUPIED,0.8262196137146517
684.0,cctv3,C3_S005,G025,OCCUPIED,OCCUPIED,0.8314341149546884
684.0,cctv3,C3_S006,G026,OCCUPIED,OCCUPIED,0.8251309896057303
684.0,cctv3,C3_S007,G027,OCCUPIED,OCCUPIED,0.7413690946318887
684.0,cctv3,C3_S008,G028,EMPTY,EMPTY,0.01
684.0,cctv3,C3_S009,G029,EMPTY,MANEUVERING,0.0586928300627253
684.0,cctv3,C3_S010,G007,OCCUPIED,LEAVING,0.7053219690106133
684.0,cctv3,C3_S011,G008,OCCUPIED,OCCUPIED,0.786977668106556
684.0,cctv3,C3_S012,G009,OCCUPIED,OCCUPIED,0.8239176980473779
685.0,cctv1,C1_S001,G001,OCCUPIED,OCCUPIED,0.7331196052106944
685.0,cctv1,C1_S002,G002,EMPTY,EMPTY,0.01
685.0,cctv1,C1_S003,G003,OCCUPIED,OCCUPIED,0.8384810355576603
685.0,cctv1,C1_S004,G004,OCCUPIED,OCCUPIED,0.7699469543316149
685.0,cctv1,C1_S005,G005,OCCUPIED,LEAVING,0.7696140064434572
685.0,cctv1,C1_S006,G006,EMPTY,EMPTY,0.01
685.0,cctv2,C2_S001,G007,OCCUPIED,LEAVING,0.7455663654614579
685.0,cctv2,C2_S002,G008,OCCUPIED,OCCUPIED,0.7965919101780112
685.0,cctv2,C2_S003,G009,OCCUPIED,OCCUPIED,0.51
685.0,cctv2,C2_S004,G010,OCCUPIED,OCCUPIED,0.7623409766365182
685.0,cctv2,C2_S005,G001,EMPTY,EMPTY,0.01
685.0,cctv2,C2_S006,G003,OCCUPIED,OCCUPIED,0.8223192095756531
685.0,cctv2,C2_S007,G004,OCCUPIED,OCCUPIED,0.780527559329163
685.0,cctv2,C2_S008,G006,OCCUPIED,OCCUPIED,0.7499511531808161
685.0,cctv2,C2_S009,G005,OCCUPIED,OCCUPIED,0.7777263155037707
685.0,cctv2,C2_S010,G002,EMPTY,EMPTY,0.01
685.0,cctv2,C2_S011,G017,OCCUPIED,OCCUPIED,0.7944544025442818
685.0,cctv2,C2_S012,G018,OCCUPIED,OCCUPIED,0.755861373110251
685.0,cctv2,C2_S013,G019,OCCUPIED,OCCUPIED,0.8324168064377525
685.0,cctv2,C2_S014,G020,EMPTY,EMPTY,0.01
685.0,cctv3,C3_S001,G021,OCCUPIED,OCCUPIED,0.8028853470628913
685.0,cctv3,C3_S002,G019,EMPTY,EMPTY,0.01
685.0,cctv3,C3_S003,G020,OCCUPIED,LEAVING,0.8080224706368013
685.0,cctv3,C3_S004,G024,OCCUPIED,OCCUPIED,0.8264140543612568
685.0,cctv3,C3_S005,G025,OCCUPIED,OCCUPIED,0.8314934007146142
685.0,cctv3,C3_S006,G026,OCCUPIED,OCCUPIED,0.8248909839174965
685.0,cctv3,C3_S007,G027,OCCUPIED,OCCUPIED,0.7416717693209649
685.0,cctv3,C3_S008,G028,EMPTY,EMPTY,0.01
685.0,cctv3,C3_S009,G029,EMPTY,MANEUVERING,0.0586928300627253
685.0,cctv3,C3_S010,G007,OCCUPIED,LEAVING,0.7075265145979145
685.0,cctv3,C3_S011,G008,OCCUPIED,OCCUPIED,0.7879541844129563
685.0,cctv3,C3_S012,G009,OCCUPIED,OCCUPIED,0.8241584425622768
686.0,cctv1,C1_S001,G001,OCCUPIED,OCCUPIED,0.7347488537430764
686.0,cctv1,C1_S002,G002,EMPTY,EMPTY,0.01
686.0,cctv1,C1_S003,G003,OCCUPIED,OCCUPIED,0.8385104699568315
686.0,cctv1,C1_S004,G004,OCCUPIED,OCCUPIED,0.7704317371953618
686.0,cctv1,C1_S005,G005,OCCUPIED,LEAVING,0.7711528763175012
686.0,cctv1,C1_S006,G006,EMPTY,EMPTY,0.01
686.0,cctv2,C2_S001,G007,OCCUPIED,LEAVING,0.7466508364135569
686.0,cctv2,C2_S002,G008,OCCUPIED,OCCUPIED,0.7996859219941227
686.0,cctv2,C2_S003,G009,OCCUPIED,OCCUPIED,0.51
686.0,cctv2,C2_S004,G010,OCCUPIED,OCCUPIED,0.7629101367159323
686.0,cctv2,C2_S005,G001,EMPTY,EMPTY,0.01
686.0,cctv2,C2_S006,G003,OCCUPIED,OCCUPIED,0.8222090154886246
686.0,cctv2,C2_S007,G004,OCCUPIED,OCCUPIED,0.7803092551502315
686.0,cctv2,C2_S008,G006,OCCUPIED,OCCUPIED,0.7497378041798419
686.0,cctv2,C2_S009,G005,OCCUPIED,OCCUPIED,0.7776497965509241
686.0,cctv2,C2_S010,G002,EMPTY,EMPTY,0.01
686.0,cctv2,C2_S011,G017,OCCUPIED,OCCUPIED,0.7944402128458024
686.0,cctv2,C2_S012,G018,OCCUPIED,OCCUPIED,0.7543374240398407
686.0,cctv2,C2_S013,G019,OCCUPIED,OCCUPIED,0.8321351444179362
686.0,cctv2,C2_S014,G020,EMPTY,EMPTY,0.01
686.0,cctv3,C3_S001,G021,OCCUPIED,OCCUPIED,0.8035369491035289
686.0,cctv3,C3_S002,G019,EMPTY,EMPTY,0.01
686.0,cctv3,C3_S003,G020,OCCUPIED,OCCUPIED,0.8082854482260617
686.0,cctv3,C3_S004,G024,OCCUPIED,OCCUPIED,0.8266841129823165
686.0,cctv3,C3_S005,G025,OCCUPIED,OCCUPIED,0.8315325438976289
686.0,cctv3,C3_S006,G026,OCCUPIED,OCCUPIED,0.8247333293611354
686.0,cctv3,C3_S007,G027,OCCUPIED,OCCUPIED,0.7438857499848713
686.0,cctv3,C3_S008,G028,EMPTY,EMPTY,0.01
686.0,cctv3,C3_S009,G029,EMPTY,MANEUVERING,0.0586928300627253
686.0,cctv3,C3_S010,G007,OCCUPIED,LEAVING,0.7091821385107258
686.0,cctv3,C3_S011,G008,OCCUPIED,OCCUPIED,0.7881112236868252
686.0,cctv3,C3_S012,G009,OCCUPIED,OCCUPIED,0.8241491304202514
687.0,cctv1,C1_S001,G001,OCCUPIED,OCCUPIED,0.733897653086619
687.0,cctv1,C1_S002,G002,EMPTY,EMPTY,0.01
687.0,cctv1,C1_S003,G003,OCCUPIED,OCCUPIED,0.8385137178681115
687.0,cctv1,C1_S004,G004,OCCUPIED,OCCUPIED,0.7707291592251171
687.0,cctv1,C1_S005,G005,OCCUPIED,LEAVING,0.771765095401894
687.0,cctv1,C1_S006,G006,EMPTY,EMPTY,0.01
687.0,cctv2,C2_S001,G007,OCCUPIED,LEAVING,0.7488283430988139
687.0,cctv2,C2_S002,G008,OCCUPIED,OCCUPIED,0.8025759607553483
687.0,cctv2,C2_S003,G009,OCCUPIED,OCCUPIED,0.51
687.0,cctv2,C2_S004,G010,OCCUPIED,OCCUPIED,0.7655073725364425
687.0,cctv2,C2_S005,G001,EMPTY,EMPTY,0.01
687.0,cctv2,C2_S006,G003,OCCUPIED,OCCUPIED,0.8222925191575832
687.0,cctv2,C2_S007,G004,OCCUPIED,OCCUPIED,0.7811120951717551
687.0,cctv2,C2_S008,G006,OCCUPIED,OCCUPIED,0.7488064180720937
687.0,cctv2,C2_S009,G005,OCCUPIED,OCCUPIED,0.7738443340767515
687.0,cctv2,C2_S010,G002,EMPTY,EMPTY,0.01
687.0,cctv2,C2_S011,G017,OCCUPIED,OCCUPIED,0.7944413223049858
687.0,cctv2,C2_S012,G018,OCCUPIED,OCCUPIED,0.6718856892396103
687.0,cctv2,C2_S013,G019,OCCUPIED,OCCUPIED,0.8315346490253103
687.0,cctv2,C2_S014,G020,EMPTY,EMPTY,0.01
687.0,cctv3,C3_S001,G021,OCCUPIED,OCCUPIED,0.8040409191088244
687.0,cctv3,C3_S002,G019,EMPTY,EMPTY,0.01
687.0,cctv3,C3_S003,G020,OCCUPIED,OCCUPIED,0.8106225674802607
687.0,cctv3,C3_S004,G024,OCCUPIED,OCCUPIED,0.8269773255694997
687.0,cctv3,C3_S005,G025,OCCUPIED,OCCUPIED,0.8315882452509621
687.0,cctv3,C3_S006,G026,OCCUPIED,OCCUPIED,0.8246083107861606
687.0,cctv3,C3_S007,G027,OCCUPIED,OCCUPIED,0.7450973773544486
687.0,cctv3,C3_S008,G028,EMPTY,EMPTY,0.01
687.0,cctv3,C3_S009,G029,EMPTY,MANEUVERING,0.0586928300627253
687.0,cctv3,C3_S010,G007,OCCUPIED,LEAVING,0.7103869917175988
687.0,cctv3,C3_S011,G008,OCCUPIED,OCCUPIED,0.787972760742361
687.0,cctv3,C3_S012,G009,OCCUPIED,OCCUPIED,0.8241650497371501
688.0,cctv1,C1_S001,G001,OCCUPIED,OCCUPIED,0.7355847995389593
688.0,cctv1,C1_S002,G002,EMPTY,EMPTY,0.01
688.0,cctv1,C1_S003,G003,OCCUPIED,OCCUPIED,0.8385596446015618
688.0,cctv1,C1_S004,G004,OCCUPIED,OCCUPIED,0.7698651684956118
688.0,cctv1,C1_S005,G005,OCCUPIED,LEAVING,0.7724341598424045
688.0,cctv1,C1_S006,G006,EMPTY,EMPTY,0.01
688.0,cctv2,C2_S001,G007,OCCUPIED,LEAVING,0.7493980008092794
688.0,cctv2,C2_S002,G008,OCCUPIED,OCCUPIED,0.8037323821674695
688.0,cctv2,C2_S003,G009,OCCUPIED,OCCUPIED,0.51
688.0,cctv2,C2_S004,G010,OCCUPIED,OCCUPIED,0.7647683308883148
688.0,cctv2,C2_S005,G001,EMPTY,EMPTY,0.01
688.0,cctv2,C2_S006,G003,OCCUPIED,OCCUPIED,0.8222633399746635
688.0,cctv2,C2_S007,G004,OCCUPIED,OCCUPIED,0.7809026268395511
688.0,cctv2,C2_S008,G006,OCCUPIED,OCCUPIED,0.7483415940945799
688.0,cctv2,C2_S009,G005,OCCUPIED,OCCUPIED,0.774273114448244
688.0,cctv2,C2_S010,G002,EMPTY,EMPTY,0.01
688.0,cctv2,C2_S011,G017,OCCUPIED,OCCUPIED,0.7939267153089697
688.0,cctv2,C2_S012,G018,OCCUPIED,LEAVING,0.6751947144080293
688.0,cctv2,C2_S013,G019,OCCUPIED,OCCUPIED,0.8308366423303432
688.0,cctv2,C2_S014,G020,EMPTY,EMPTY,0.01
688.0,cctv3,C3_S001,G021,OCCUPIED,OCCUPIED,0.8043186764825475
688.0,cctv3,C3_S002,G019,EMPTY,EMPTY,0.01
688.0,cctv3,C3_S003,G020,OCCUPIED,OCCUPIED,0.8113001568750903
688.0,cctv3,C3_S004,G024,OCCUPIED,OCCUPIED,0.8270142254504291
688.0,cctv3,C3_S005,G025,OCCUPIED,OCCUPIED,0.8315908031030135
688.0,cctv3,C3_S006,G026,OCCUPIED,OCCUPIED,0.8245464850555767
688.0,cctv3,C3_S007,G027,OCCUPIED,OCCUPIED,0.743995829874819
688.0,cctv3,C3_S008,G028,EMPTY,EMPTY,0.01
688.0,cctv3,C3_S009,G029,EMPTY,MANEUVERING,0.0586928300627253
688.0,cctv3,C3_S010,G007,OCCUPIED,LEAVING,0.7069970550320366
688.0,cctv3,C3_S011,G008,OCCUPIED,OCCUPIED,0.7858751798217948
688.0,cctv3,C3_S012,G009,OCCUPIED,OCCUPIED,0.8241172739050606
689.0,cctv1,C1_S001,G001,OCCUPIED,OCCUPIED,0.7363678641617298
689.0,cctv1,C1_S002,G002,EMPTY,EMPTY,0.01
689.0,cctv1,C1_S003,G003,OCCUPIED,OCCUPIED,0.8384722834283656
689.0,cctv1,C1_S004,G004,OCCUPIED,OCCUPIED,0.7699716416272251
689.0,cctv1,C1_S005,G005,OCCUPIED,LEAVING,0.7707430384375833
689.0,cctv1,C1_S006,G006,EMPTY,EMPTY,0.01
689.0,cctv2,C2_S001,G007,OCCUPIED,LEAVING,0.7492515261877667
689.0,cctv2,C2_S002,G008,OCCUPIED,OCCUPIED,0.7999568523331122
689.0,cctv2,C2_S003,G009,OCCUPIED,OCCUPIED,0.51
689.0,cctv2,C2_S004,G010,OCCUPIED,OCCUPIED,0.7632083841345527
689.0,cctv2,C2_S005,G001,EMPTY,EMPTY,0.01
689.0,cctv2,C2_S006,G003,OCCUPIED,OCCUPIED,0.8219284165989269
689.0,cctv2,C2_S007,G004,OCCUPIED,OCCUPIED,0.781617391651327
689.0,cctv2,C2_S008,G006,OCCUPIED,OCCUPIED,0.7464102672582323
689.0,cctv2,C2_S009,G005,OCCUPIED,OCCUPIED,0.7725383555347269
689.0,cctv2,C2_S010,G002,EMPTY,EMPTY,0.01
689.0,cctv2,C2_S011,G017,OCCUPIED,OCCUPIED,0.7937215068123558
689.0,cctv2,C2_S012,G018,OCCUPIED,LEAVING,0.6758009548891675
689.0,cctv2,C2_S013,G019,OCCUPIED,OCCUPIED,0.8308366813442924
689.0,cctv2,C2_S014,G020,EMPTY,EMPTY,0.01
689.0,cctv3,C3_S001,G021,OCCUPIED,OCCUPIED,0.8050458867441525
689.0,cctv3,C3_S002,G019,EMPTY,EMPTY,0.01
689.0,cctv3,C3_S003,G020,OCCUPIED,OCCUPIED,0.8125836954875426
689.0,cctv3,C3_S004,G024,OCCUPIED,OCCUPIED,0.8268298739736731
689.0,cctv3,C3_S005,G025,OCCUPIED,OCCUPIED,0.8315912793983113
689.0,cctv3,C3_S006,G026,OCCUPIED,OCCUPIED,0.8245312102816322
689.0,cctv3,C3_S007,G027,OCCUPIED,OCCUPIED,0.7446388837966053
689.0,cctv3,C3_S008,G028,EMPTY,EMPTY,0.01
689.0,cctv3,C3_S009,G029,EMPTY,MANEUVERING,0.1068051167645237
689.0,cctv3,C3_S010,G007,OCCUPIED,LEAVING,0.6619970550320365
689.0,cctv3,C3_S011,G008,OCCUPIED,OCCUPIED,0.7861432487314398
689.0,cctv3,C3_S012,G009,OCCUPIED,OCCUPIED,0.8244551631537351
690.0,cctv1,C1_S001,G001,OCCUPIED,OCCUPIED,0.7363196201622487
690.0,cctv1,C1_S002,G002,EMPTY,EMPTY,0.01
690.0,cctv1,C1_S003,G003,OCCUPIED,OCCUPIED,0.8383136949755929
690.0,cctv1,C1_S004,G004,OCCUPIED,OCCUPIED,0.7706497105685148
690.0,cctv1,C1_S005,G005,OCCUPIED,LEAVING,0.7717066614465281
690.0,cctv1,C1_S006,G006,EMPTY,EMPTY,0.01
690.0,cctv2,C2_S001,G007,OCCUPIED,LEAVING,0.7506677215749568
690.0,cctv2,C2_S002,G008,OCCUPIED,OCCUPIED,0.8007059437307446
690.0,cctv2,C2_S003,G009,OCCUPIED,OCCUPIED,0.51
690.0,cctv2,C2_S004,G010,OCCUPIED,OCCUPIED,0.7644154570319437
690.0,cctv2,C2_S005,G001,EMPTY,EMPTY,0.01
690.0,cctv2,C2_S006,G003,OCCUPIED,OCCUPIED,0.8214354395866394
690.0,cctv2,C2_S007,G004,OCCUPIED,OCCUPIED,0.7834410645745018
690.0,cctv2,C2_S008,G006,OCCUPIED,OCCUPIED,0.7458436603573236
690.0,cctv2,C2_S009,G005,OCCUPIED,OCCUPIED,0.7704290887171572
690.0,cctv2,C2_S010,G002,EMPTY,EMPTY,0.01
690.0,cctv2,C2_S011,G017,OCCUPIED,OCCUPIED,0.7936019664460963
690.0,cctv2,C2_S012,G018,OCCUPIED,LEAVING,0.5942126257040284
690.0,cctv2,C2_S013,G019,OCCUPIED,OCCUPIED,0.8307633725079624
690.0,cctv2,C2_S014,G020,EMPTY,EMPTY,0.01
690.0,cctv3,C3_S001,G021,OCCUPIED,OCCUPIED,0.8050175431099805
690.0,cctv3,C3_S002,G019,EMPTY,EMPTY,0.01
690.0,cctv3,C3_S003,G020,OCCUPIED,OCCUPIED,0.8142040333964609
690.0,cctv3,C3_S004,G024,OCCUPIED,OCCUPIED,0.8271481798453765
690.0,cctv3,C3_S005,G025,OCCUPIED,OCCUPIED,0.8315999388694764
690.0,cctv3,C3_S006,G026,OCCUPIED,OCCUPIED,0.8246506701816213
690.0,cctv3,C3_S007,G027,OCCUPIED,OCCUPIED,0.7449535827067766
690.0,cctv3,C3_S008,G028,EMPTY,EMPTY,0.01
690.0,cctv3,C3_S009,G029,EMPTY,MANEUVERING,0.1068051167645237
690.0,cctv3,C3_S010,G007,OCCUPIED,LEAVING,0.661927775808356
690.0,cctv3,C3_S011,G008,OCCUPIED,OCCUPIED,0.7871806987307289
690.0,cctv3,C3_S012,G009,OCCUPIED,OCCUPIED,0.8246428617022254
691.0,cctv1,C1_S001,G001,OCCUPIED,OCCUPIED,0.7339420385658741
691.0,cctv1,C1_S002,G002,EMPTY,EMPTY,0.01
691.0,cctv1,C1_S003,G003,OCCUPIED,OCCUPIED,0.838340911269188
691.0,cctv1,C1_S004,G004,OCCUPIED,OCCUPIED,0.7692340422760358
691.0,cctv1,C1_S005,G005,OCCUPIED,LEAVING,0.7723320501771841
691.0,cctv1,C1_S006,G006,EMPTY,EMPTY,0.01
691.0,cctv2,C2_S001,G007,OCCUPIED,LEAVING,0.7499467511068691
691.0,cctv2,C2_S002,G008,OCCUPIED,OCCUPIED,0.7977536773139781
691.0,cctv2,C2_S003,G009,OCCUPIED,OCCUPIED,0.51
691.0,cctv2,C2_S004,G010,OCCUPIED,OCCUPIED,0.7653320905837147
691.0,cctv2,C2_S005,G001,EMPTY,EMPTY,0.01
691.0,cctv2,C2_S006,G003,OCCUPIED,OCCUPIED,0.8207639461213893
691.0,cctv2,C2_S007,G004,OCCUPIED,OCCUPIED,0.782631962407719
691.0,cctv2,C2_S008,G006,OCCUPIED,OCCUPIED,0.7470062232152983
691.0,cctv2,C2_S009,G005,OCCUPIED,OCCUPIED,0.7708651646971704
691.0,cctv2,C2_S010,G002,EMPTY,EMPTY,0.01
691.0,cctv2,C2_S011,G017,OCCUPIED,OCCUPIED,0.7938774569468066
691.0,cctv2,C2_S012,G018,OCCUPIED,LEAVING,0.6377608999429327
691.0,cctv2,C2_S013,G019,OCCUPIED,OCCUPIED,0.8309984404932369
691.0,cctv2,C2_S014,G020,EMPTY,EMPTY,0.01
691.0,cctv3,C3_S001,G021,OCCUPIED,OCCUPIED,0.804478663747961
691.0,cctv3,C3_S002,G019,EMPTY,EMPTY,0.01
691.0,cctv3,C3_S003,G020,OCCUPIED,OCCUPIED,0.81481660685756
691.0,cctv3,C3_S004,G024,OCCUPIED,OCCUPIED,0.8271157178011808
691.0,cctv3,C3_S005,G025,OCCUPIED,OCCUPIED,0.8316551517356526
691.0,cctv3,C3_S006,G026,OCCUPIED,OCCUPIED,0.8246444734660062
691.0,cctv3,C3_S007,G027,OCCUPIED,OCCUPIED,0.7441186549311335
691.0,cctv3,C3_S008,G028,EMPTY,EMPTY,0.01
691.0,cctv3,C3_S009,G029,EMPTY,MANEUVERING,0.1068051167645237
691.0,cctv3,C3_S010,G007,OCCUPIED,LEAVING,0.66187220714309
691.0,cctv3,C3_S011,G008,OCCUPIED,OCCUPIED,0.787851415980946
691.0,cctv3,C3_S012,G009,OCCUPIED,OCCUPIED,0.8242937274954536
692.0,cctv1,C1_S001,G001,OCCUPIED,OCCUPIED,0.7358939109200782
692.0,cctv1,C1_S002,G002,EMPTY,EMPTY,0.01
692.0,cctv1,C1_S003,G003,OCCUPIED,OCCUPIED,0.8382983698086306
692.0,cctv1,C1_S004,G004,OCCUPIED,OCCUPIED,0.7678058509122242
692.0,cctv1,C1_S005,G005,OCCUPIED,LEAVING,0.7701869368553163
692.0,cctv1,C1_S006,G006,EMPTY,EMPTY,0.01
692.0,cctv2,C2_S001,G007,OCCUPIED,LEAVING,0.7526164094155485
692.0,cctv2,C2_S002,G008,OCCUPIED,OCCUPIED,0.798793129216541
692.0,cctv2,C2_S003,G009,OCCUPIED,OCCUPIED,0.51
692.0,cctv2,C2_S004,G010,OCCUPIED,OCCUPIED,0.7635182682763447
692.0,cctv2,C2_S005,G001,EMPTY,EMPTY,0.01
692.0,cctv2,C2_S006,G003,OCCUPIED,OCCUPIED,0.8205720365047455
692.0,cctv2,C2_S007,G004,OCCUPIED,OCCUPIED,0.7809556053443389
692.0,cctv2,C2_S008,G006,OCCUPIED,OCCUPIED,0.747355634177273
692.0,cctv2,C2_S009,G005,OCCUPIED,OCCUPIED,0.7692897220904178
692.0,cctv2,C2_S010,G002,EMPTY,EMPTY,0.01
692.0,cctv2,C2_S011,G017,OCCUPIED,OCCUPIED,0.7946545936844567
692.0,cctv2,C2_S012,G018,OCCUPIED,LEAVING,0.6356079632856629
692.0,cctv2,C2_S013,G019,OCCUPIED,OCCUPIED,0.8307075451720846
692.0,cctv2,C2_S014,G020,EMPTY,EMPTY,0.01
692.0,cctv3,C3_S001,G021,OCCUPIED,OCCUPIED,0.8049118291247975
692.0,cctv3,C3_S002,G019,EMPTY,EMPTY,0.01
692.0,cctv3,C3_S003,G020,OCCUPIED,OCCUPIED,0.815164970538833
692.0,cctv3,C3_S004,G024,OCCUPIED,OCCUPIED,0.8272802233695984
692.0,cctv3,C3_S005,G025,OCCUPIED,OCCUPIED,0.8316829069094225
692.0,cctv3,C3_S006,G026,OCCUPIED,OCCUPIED,0.8247597856955096
692.0,cctv3,C3_S007,G027,OCCUPIED,OCCUPIED,0.7295331882414494
692.0,cctv3,C3_S008,G028,EMPTY,MANEUVERING,0.1386026755788109
692.0,cctv3,C3_S009,G029,EMPTY,MANEUVERING,0.1068051167645237
692.0,cctv3,C3_S010,G007,OCCUPIED,LEAVING,0.661885965534232
692.0,cctv3,C3_S011,G008,OCCUPIED,OCCUPIED,0.7882586923512547
692.0,cctv3,C3_S012,G009,OCCUPIED,OCCUPIED,0.8247101103717631
693.0,cctv1,C1_S001,G001,OCCUPIED,OCCUPIED,0.7354927621781827
693.0,cctv1,C1_S002,G002,EMPTY,EMPTY,0.01
693.0,cctv1,C1_S003,G003,OCCUPIED,OCCUPIED,0.8382761798121713
693.0,cctv1,C1_S004,G004,OCCUPIED,OCCUPIED,0.7673145283352245
693.0,cctv1,C1_S005,G005,OCCUPIED,LEAVING,0.7716901756145738
693.0,cctv1,C1_S006,G006,EMPTY,EMPTY,0.01
693.0,cctv2,C2_S001,G007,OCCUPIED,LEAVING,0.7526735051111743
693.0,cctv2,C2_S002,G008,OCCUPIED,OCCUPIED,0.7970360482280905
693.0,cctv2,C2_S003,G009,OCCUPIED,OCCUPIED,0.51
693.0,cctv2,C2_S004,G010,OCCUPIED,OCCUPIED,0.7661322207613426
693.0,cctv2,C2_S005,G001,EMPTY,EMPTY,0.01
693.0,cctv2,C2_S006,G003,OCCUPIED,OCCUPIED,0.8207450422373685
693.0,cctv2,C2_S007,G004,OCCUPIED,OCCUPIED,0.7822829866951163
693.0,cctv2,C2_S008,G006,OCCUPIED,OCCUPIED,0.7472625383599238
693.0,cctv2,C2_S009,G005,OCCUPIED,OCCUPIED,0.7693770722909408
693.0,cctv2,C2_S010,G002,EMPTY,EMPTY,0.01
693.0,cctv2,C2_S011,G017,OCCUPIED,OCCUPIED,0.793658226186579
693.0,cctv2,C2_S012,G018,OCCUPIED,LEAVING,0.6396549428322098
693.0,cctv2,C2_S013,G019,OCCUPIED,OCCUPIED,0.8306387424468995
693.0,cctv2,C2_S014,G020,EMPTY,EMPTY,0.01
693.0,cctv3,C3_S001,G021,OCCUPIED,OCCUPIED,0.8033433878963645
693.0,cctv3,C3_S002,G019,EMPTY,EMPTY,0.01
693.0,cctv3,C3_S003,G020,OCCUPIED,OCCUPIED,0.8163750003684651
693.0,cctv3,C3_S004,G024,OCCUPIED,OCCUPIED,0.8275274222547359
693.0,cctv3,C3_S005,G025,OCCUPIED,OCCUPIED,0.8316792810505087
693.0,cctv3,C3_S006,G026,OCCUPIED,OCCUPIED,0.8247054929083044
693.0,cctv3,C3_S007,G027,OCCUPIED,LEAVING,0.7294793453338473
693.0,cctv3,C3_S008,G028,EMPTY,MANEUVERING,0.1386026755788109
693.0,cctv3,C3_S009,G029,EMPTY,MANEUVERING,0.0618051167645237
693.0,cctv3,C3_S010,G007,OCCUPIED,LEAVING,0.7057526280663231
693.0,cctv3,C3_S011,G008,OCCUPIED,OCCUPIED,0.7876337921077555
693.0,cctv3,C3_S012,G009,OCCUPIED,OCCUPIED,0.8247325320135463
694.0,cctv1,C1_S001,G001,OCCUPIED,OCCUPIED,0.737748287211765
694.0,cctv1,C1_S002,G002,EMPTY,EMPTY,0.01
694.0,cctv1,C1_S003,G003,OCCUPIED,OCCUPIED,0.8381318030032245
694.0,cctv1,C1_S004,G004,OCCUPIED,OCCUPIED,0.7673620891841976
694.0,cctv1,C1_S005,G005,OCCUPIED,LEAVING,0.7720136504281652
694.0,cctv1,C1_S006,G006,EMPTY,EMPTY,0.01
694.0,cctv2,C2_S001,G007,OCCUPIED,LEAVING,0.7561439974741503
694.0,cctv2,C2_S002,G008,OCCUPIED,OCCUPIED,0.7991695203564384
694.0,cctv2,C2_S003,G009,OCCUPIED,OCCUPIED,0.51
694.0,cctv2,C2_S004,G010,OCCUPIED,OCCUPIED,0.7657690492543308
694.0,cctv2,C2_S005,G001,EMPTY,EMPTY,0.01
694.0,cctv2,C2_S006,G003,OCCUPIED,OCCUPIED,0.8209003868428144
694.0,cctv2,C2_S007,G004,OCCUPIED,OCCUPIED,0.7838172647086057
694.0,cctv2,C2_S008,G006,OCCUPIED,OCCUPIED,0.7482838231731546
694.0,cctv2,C2_S009,G005,OCCUPIED,OCCUPIED,0.7688227434049953
694.0,cctv2,C2_S010,G002,EMPTY,EMPTY,0.01
694.0,cctv2,C2_S011,G017,OCCUPIED,OCCUPIED,0.7935057206587358
694.0,cctv2,C2_S012,G018,OCCUPIED,LEAVING,0.6842514059760354
694.0,cctv2,C2_S013,G019,OCCUPIED,OCCUPIED,0.8314162563193929
694.0,cctv2,C2_S014,G020,EMPTY,EMPTY,0.01
694.0,cctv3,C3_S001,G021,OCCUPIED,OCCUPIED,0.8039599188349464
694.0,cctv3,C3_S002,G019,EMPTY,EMPTY,0.01
694.0,cctv3,C3_S003,G020,OCCUPIED,OCCUPIED,0.8170018903233789
694.0,cctv3,C3_S004,G024,OCCUPIED,OCCUPIED,0.8278029590845108
694.0,cctv3,C3_S005,G025,OCCUPIED,OCCUPIED,0.8317302552136508
694.0,cctv3,C3_S006,G026,OCCUPIED,OCCUPIED,0.8248989972201262
694.0,cctv3,C3_S007,G027,OCCUPIED,LEAVING,0.7291686557165602
694.0,cctv3,C3_S008,G028,EMPTY,MANEUVERING,0.1386026755788109
694.0,cctv3,C3_S009,G029,EMPTY,MANEUVERING,0.0618051167645237
694.0,cctv3,C3_S010,G007,OCCUPIED,LEAVING,0.7062203659794548
694.0,cctv3,C3_S011,G008,OCCUPIED,OCCUPIED,0.7889736424792897
694.0,cctv3,C3_S012,G009,OCCUPIED,OCCUPIED,0.824782590974461
695.0,cctv1,C1_S001,G001,OCCUPIED,OCCUPIED,0.7362860651178794
695.0,cctv1,C1_S002,G002,EMPTY,EMPTY,0.01
695.0,cctv1,C1_S003,G003,OCCUPIED,OCCUPIED,0.8380025424740531
695.0,cctv1,C1_S004,G004,OCCUPIED,OCCUPIED,0.766626443781636
695.0,cctv1,C1_S005,G005,OCCUPIED,LEAVING,0.7746641337871553
695.0,cctv1,C1_S006,G006,EMPTY,EMPTY,0.01
695.0,cctv2,C2_S001,G007,OCCUPIED,LEAVING,0.758436964723197
695.0,cctv2,C2_S002,G008,OCCUPIED,OCCUPIED,0.8002889110283419
695.0,cctv2,C2_S003,G009,OCCUPIED,OCCUPIED,0.51
695.0,cctv2,C2_S004,G010,OCCUPIED,OCCUPIED,0.7638413712382317
695.0,cctv2,C2_S005,G001,EMPTY,EMPTY,0.01
695.0,cctv2,C2_S006,G003,OCCUPIED,OCCUPIED,0.8210338494994425
695.0,cctv2,C2_S007,G004,OCCUPIED,OCCUPIED,0.7853464977307754
695.0,cctv2,C2_S008,G006,OCCUPIED,OCCUPIED,0.7482982351698659
695.0,cctv2,C2_S009,G005,OCCUPIED,OCCUPIED,0.7683774247765541
695.0,cctv2,C2_S010,G002,EMPTY,EMPTY,0.01
695.0,cctv2,C2_S011,G017,OCCUPIED,OCCUPIED,0.7928150729699569
695.0,cctv2,C2_S012,G018,OCCUPIED,LEAVING,0.6850149553833587
695.0,cctv2,C2_S013,G019,OCCUPIED,OCCUPIED,0.8322534477168864
695.0,cctv2,C2_S014,G020,EMPTY,EMPTY,0.01
695.0,cctv3,C3_S001,G021,OCCUPIED,OCCUPIED,0.8039192654869773
695.0,cctv3,C3_S002,G019,EMPTY,EMPTY,0.01
695.0,cctv3,C3_S003,G020,OCCUPIED,OCCUPIED,0.8170018643140793
695.0,cctv3,C3_S004,G024,OCCUPIED,OCCUPIED,0.8280021513050253
695.0,cctv3,C3_S005,G025,OCCUPIED,OCCUPIED,0.831728480891748
695.0,cctv3,C3_S006,G026,OCCUPIED,OCCUPIED,0.8250554764812643
695.0,cctv3,C3_S007,G027,OCCUPIED,LEAVING,0.728098715225404
695.0,cctv3,C3_S008,G028,EMPTY,MANEUVERING,0.1386026755788109
695.0,cctv3,C3_S009,G029,EMPTY,MANEUVERING,0.0618051167645237
695.0,cctv3,C3_S010,G007,OCCUPIED,LEAVING,0.7054533301971176
695.0,cctv3,C3_S011,G008,OCCUPIED,OCCUPIED,0.7897799852219496
695.0,cctv3,C3_S012,G009,OCCUPIED,OCCUPIED,0.8247706031257457
696.0,cctv1,C1_S001,G001,OCCUPIED,OCCUPIED,0.7368984406644649
696.0,cctv1,C1_S002,G002,EMPTY,EMPTY,0.01
696.0,cctv1,C1_S003,G003,OCCUPIED,OCCUPIED,0.838073773004792
696.0,cctv1,C1_S004,G004,OCCUPIED,OCCUPIED,0.7669731587171555
696.0,cctv1,C1_S005,G005,OCCUPIED,LEAVING,0.7736693398518997
696.0,cctv1,C1_S006,G006,EMPTY,EMPTY,0.01
696.0,cctv2,C2_S001,G007,OCCUPIED,OCCUPIED,0.7604814090512017
696.0,cctv2,C2_S002,G008,OCCUPIED,OCCUPIED,0.8014837579293685
696.0,cctv2,C2_S003,G009,OCCUPIED,OCCUPIED,0.51
696.0,cctv2,C2_S004,G010,OCCUPIED,OCCUPIED,0.7621272299777379
696.0,cctv2,C2_S005,G001,EMPTY,EMPTY,0.01
696.0,cctv2,C2_S006,G003,OCCUPIED,OCCUPIED,0.8211973309516907
696.0,cctv2,C2_S007,G004,OCCUPIED,OCCUPIED,0.785241130807183
696.0,cctv2,C2_S008,G006,OCCUPIED,OCCUPIED,0.7504250375384635
696.0,cctv2,C2_S009,G005,OCCUPIED,OCCUPIED,0.7693033460866322
696.0,cctv2,C2_S010,G002,EMPTY,EMPTY,0.01
696.0,cctv2,C2_S011,G017,OCCUPIED,OCCUPIED,0.7931415880268271
696.0,cctv2,C2_S012,G018,OCCUPIED,LEAVING,0.6878582419771138
696.0,cctv2,C2_S013,G019,OCCUPIED,OCCUPIED,0.8328196839852767
696.0,cctv2,C2_S014,G020,EMPTY,EMPTY,0.01
696.0,cctv3,C3_S001,G021,OCCUPIED,OCCUPIED,0.8043879254297778
696.0,cctv3,C3_S002,G019,EMPTY,EMPTY,0.01
696.0,cctv3,C3_S003,G020,OCCUPIED,OCCUPIED,0.8166863853281195
696.0,cctv3,C3_S004,G024,OCCUPIED,OCCUPIED,0.8275139892643149
696.0,cctv3,C3_S005,G025,OCCUPIED,OCCUPIED,0.8316773002797908
696.0,cctv3,C3_S006,G026,OCCUPIED,OCCUPIED,0.8252110405401751
696.0,cctv3,C3_S007,G027,OCCUPIED,LEAVING,0.7284555018557745
696.0,cctv3,C3_S008,G028,EMPTY,MANEUVERING,0.0936026755788109
696.0,cctv3,C3_S009,G029,EMPTY,MANEUVERING,0.0618051167645237
696.0,cctv3,C3_S010,G007,OCCUPIED,LEAVING,0.7054044125161388
696.0,cctv3,C3_S011,G008,OCCUPIED,OCCUPIED,0.7901720355857503
696.0,cctv3,C3_S012,G009,OCCUPIED,OCCUPIED,0.824901399829171
697.0,cctv1,C1_S001,G001,OCCUPIED,OCCUPIED,0.7363773226060651
697.0,cctv1,C1_S002,G002,EMPTY,EMPTY,0.01
697.0,cctv1,C1_S003,G003,OCCUPIED,OCCUPIED,0.837937803701921
697.0,cctv1,C1_S004,G004,OCCUPIED,OCCUPIED,0.7663629338145257
697.0,cctv1,C1_S005,G005,OCCUPIED,LEAVING,0.7747765256599947
697.0,cctv1,C1_S006,G006,EMPTY,EMPTY,0.01
697.0,cctv2,C2_S001,G007,OCCUPIED,OCCUPIED,0.7612328002398665
697.0,cctv2,C2_S002,G008,OCCUPIED,OCCUPIED,0.8013787600127134
697.0,cctv2,C2_S003,G009,OCCUPIED,OCCUPIED,0.51
697.0,cctv2,C2_S004,G010,OCCUPIED,OCCUPIED,0.7637244972315702
697.0,cctv2,C2_S005,G001,EMPTY,EMPTY,0.01
697.0,cctv2,C2_S006,G003,OCCUPIED,OCCUPIED,0.8215116939761422
697.0,cctv2,C2_S007,G004,OCCUPIED,OCCUPIED,0.7859062227335843
697.0,cctv2,C2_S008,G006,OCCUPIED,OCCUPIED,0.7524740123613315
697.0,cctv2,C2_S009,G005,OCCUPIED,OCCUPIED,0.7701478745449674
697.0,cctv2,C2_S010,G002,EMPTY,EMPTY,0.01
697.0,cctv2,C2_S011,G017,OCCUPIED,OCCUPIED,0.7938945418054408
697.0,cctv2,C2_S012,G018,OCCUPIED,LEAVING,0.6909674124735775
697.0,cctv2,C2_S013,G019,OCCUPIED,OCCUPIED,0.8335551969029688
697.0,cctv2,C2_S014,G020,EMPTY,EMPTY,0.01
697.0,cctv3,C3_S001,G021,OCCUPIED,OCCUPIED,0.8032641513781115
697.0,cctv3,C3_S002,G019,EMPTY,EMPTY,0.01
697.0,cctv3,C3_S003,G020,OCCUPIED,OCCUPIED,0.8173324701460926
697.0,cctv3,C3_S004,G024,OCCUPIED,OCCUPIED,0.8274962525476109
697.0,cctv3,C3_S005,G025,OCCUPIED,OCCUPIED,0.8316090852022171
697.0,cctv3,C3_S006,G026,OCCUPIED,OCCUPIED,0.825350721044974
697.0,cctv3,C3_S007,G027,OCCUPIED,LEAVING,0.7281470551341773
697.0,cctv3,C3_S008,G028,EMPTY,MANEUVERING,0.0936026755788109
697.0,cctv3,C3_S009,G029,EMPTY,MANEUVERING,0.0618051167645237
697.0,cctv3,C3_S010,G007,OCCUPIED,LEAVING,0.7037033434889535
697.0,cctv3,C3_S011,G008,OCCUPIED,OCCUPIED,0.7895768977024339
697.0,cctv3,C3_S012,G009,OCCUPIED,OCCUPIED,0.8248633311553435
698.0,cctv1,C1_S001,G001,OCCUPIED,OCCUPIED,0.737227386371656
698.0,cctv1,C1_S002,G002,EMPTY,EMPTY,0.01
698.0,cctv1,C1_S003,G003,OCCUPIED,OCCUPIED,0.8378085740587928
698.0,cctv1,C1_S004,G004,OCCUPIED,OCCUPIED,0.7652521981434389
698.0,cctv1,C1_S005,G005,OCCUPIED,OCCUPIED,0.7731263522397389
698.0,cctv1,C1_S006,G006,EMPTY,EMPTY,0.01
698.0,cctv2,C2_S001,G007,OCCUPIED,OCCUPIED,0.7589797682382844
698.0,cctv2,C2_S002,G008,OCCUPIED,OCCUPIED,0.8001308630813253
698.0,cctv2,C2_S003,G009,OCCUPIED,OCCUPIED,0.51
698.0,cctv2,C2_S004,G010,OCCUPIED,OCCUPIED,0.7600620771673593
698.0,cctv2,C2_S005,G001,EMPTY,EMPTY,0.01
698.0,cctv2,C2_S006,G003,OCCUPIED,OCCUPIED,0.8215147785165093
698.0,cctv2,C2_S007,G004,OCCUPIED,OCCUPIED,0.7872221022844316
698.0,cctv2,C2_S008,G006,OCCUPIED,OCCUPIED,0.7551598037508401
698.0,cctv2,C2_S009,G005,OCCUPIED,OCCUPIED,0.7727902060205287
698.0,cctv2,C2_S010,G002,EMPTY,EMPTY,0.01
698.0,cctv2,C2_S011,G017,OCCUPIED,OCCUPIED,0.7933457732200623
698.0,cctv2,C2_S012,G018,OCCUPIED,LEAVING,0.7282062791694295
698.0,cctv2,C2_S013,G019,OCCUPIED,OCCUPIED,0.834103398160501
698.0,cctv2,C2_S014,G020,EMPTY,EMPTY,0.01
698.0,cctv3,C3_S001,G021,OCCUPIED,OCCUPIED,0.8031743241982027
698.0,cctv3,C3_S002,G019,EMPTY,EMPTY,0.01
698.0,cctv3,C3_S003,G020,OCCUPIED,OCCUPIED,0.8146274290301584
698.0,cctv3,C3_S004,G024,OCCUPIED,OCCUPIED,0.8274424279277975
698.0,cctv3,C3_S005,G025,OCCUPIED,OCCUPIED,0.831485371968963
698.0,cctv3,C3_S006,G026,OCCUPIED,OCCUPIED,0.8255730534141714
698.0,cctv3,C3_S007,G027,OCCUPIED,LEAVING,0.7276498495787384
698.0,cctv3,C3_S008,G028,EMPTY,MANEUVERING,0.0936026755788109
698.0,cctv3,C3_S009,G029,EMPTY,MANEUVERING,0.0618051167645237
698.0,cctv3,C3_S010,G007,OCCUPIED,LEAVING,0.7027122502706269
698.0,cctv3,C3_S011,G008,OCCUPIED,OCCUPIED,0.7910416227850048
698.0,cctv3,C3_S012,G009,OCCUPIED,OCCUPIED,0.8253862684423274
699.0,cctv1,C1_S001,G001,OCCUPIED,OCCUPIED,0.7373814565214244
699.0,cctv1,C1_S002,G002,EMPTY,EMPTY,0.01
699.0,cctv1,C1_S003,G003,OCCUPIED,OCCUPIED,0.8377255605025725
699.0,cctv1,C1_S004,G004,OCCUPIED,OCCUPIED,0.7641014565121045
699.0,cctv1,C1_S005,G005,OCCUPIED,OCCUPIED,0.7722123448144307
699.0,cctv1,C1_S006,G006,EMPTY,EMPTY,0.01
699.0,cctv2,C2_S001,G007,OCCUPIED,OCCUPIED,0.7588391306725416
699.0,cctv2,C2_S002,G008,OCCUPIED,OCCUPIED,0.8005389554934069
699.0,cctv2,C2_S003,G009,OCCUPIED,OCCUPIED,0.51
699.0,cctv2,C2_S004,G010,OCCUPIED,OCCUPIED,0.7614489527588542
699.0,cctv2,C2_S005,G001,EMPTY,EMPTY,0.01
699.0,cctv2,C2_S006,G003,OCCUPIED,OCCUPIED,0.8216301045634531
699.0,cctv2,C2_S007,G004,OCCUPIED,OCCUPIED,0.7884389441121709
699.0,cctv2,C2_S008,G006,OCCUPIED,OCCUPIED,0.7590823214839806
699.0,cctv2,C2_S009,G005,OCCUPIED,OCCUPIED,0.7719007964838636
699.0,cctv2,C2_S010,G002,EMPTY,EMPTY,0.01
699.0,cctv2,C2_S011,G017,OCCUPIED,OCCUPIED,0.7937956853346392
699.0,cctv2,C2_S012,G018,OCCUPIED,LEAVING,0.7290077920664441
699.0,cctv2,C2_S013,G019,OCCUPIED,OCCUPIED,0.8351135245778345
699.0,cctv2,C2_S014,G020,EMPTY,EMPTY,0.01
699.0,cctv3,C3_S001,G021,OCCUPIED,OCCUPIED,0.8030140882188624
699.0,cctv3,C3_S002,G019,EMPTY,EMPTY,0.01
699.0,cctv3,C3_S003,G020,OCCUPIED,OCCUPIED,0.8141532575542277
699.0,cctv3,C3_S004,G024,OCCUPIED,OCCUPIED,0.8274940620769154
699.0,cctv3,C3_S005,G025,OCCUPIED,OCCUPIED,0.831455550681461
699.0,cctv3,C3_S006,G026,OCCUPIED,OCCUPIED,0.8255337143486197
699.0,cctv3,C3_S007,G027,OCCUPIED,LEAVING,0.7283894861895931
699.0,cctv3,C3_S008,G028,EMPTY,MANEUVERING,0.0936026755788109
699.0,cctv3,C3_S009,G029,EMPTY,MANEUVERING,0.0618051167645237
699.0,cctv3,C3_S010,G007,OCCUPIED,LEAVING,0.7029015811465005
699.0,cctv3,C3_S011,G008,OCCUPIED,OCCUPIED,0.7917645325714893
699.0,cctv3,C3_S012,G009,OCCUPIED,OCCUPIED,0.825215527957136
700.0,cctv1,C1_S001,G001,OCCUPIED,OCCUPIED,0.7364759157327089
700.0,cctv1,C1_S002,G002,EMPTY,EMPTY,0.01
700.0,cctv1,C1_S003,G003,OCCUPIED,OCCUPIED,0.8378081002018669
700.0,cctv1,C1_S004,G004,OCCUPIED,OCCUPIED,0.7634125250306997
700.0,cctv1,C1_S005,G005,OCCUPIED,OCCUPIED,0.775132430818948
700.0,cctv1,C1_S006,G006,EMPTY,EMPTY,0.01
700.0,cctv2,C2_S001,G007,OCCUPIED,OCCUPIED,0.7581918018785391
700.0,cctv2,C2_S002,G008,OCCUPIED,OCCUPIED,0.802715406770056
700.0,cctv2,C2_S003,G009,OCCUPIED,OCCUPIED,0.51
700.0,cctv2,C2_S004,G010,OCCUPIED,OCCUPIED,0.7606725471263582
700.0,cctv2,C2_S005,G001,EMPTY,EMPTY,0.01
700.0,cctv2,C2_S006,G003,OCCUPIED,OCCUPIED,0.8218261236494239
700.0,cctv2,C2_S007,G004,OCCUPIED,OCCUPIED,0.7892932764508508
700.0,cctv2,C2_S008,G006,OCCUPIED,OCCUPIED,0.7622595791112293
700.0,cctv2,C2_S009,G005,OCCUPIED,OCCUPIED,0.7734952059659091
700.0,cctv2,C2_S010,G002,EMPTY,EMPTY,0.01
700.0,cctv2,C2_S011,G017,OCCUPIED,OCCUPIED,0.7937613034790213
700.0,cctv2,C2_S012,G018,OCCUPIED,LEAVING,0.7296291615475309
700.0,cctv2,C2_S013,G019,OCCUPIED,OCCUPIED,0.8352426079186527
700.0,cctv2,C2_S014,G020,EMPTY,EMPTY,0.01
700.0,cctv3,C3_S001,G021,OCCUPIED,OCCUPIED,0.8026960213075985
700.0,cctv3,C3_S002,G019,EMPTY,EMPTY,0.01
700.0,cctv3,C3_S003,G020,OCCUPIED,OCCUPIED,0.813682546940717
700.0,cctv3,C3_S004,G024,OCCUPIED,OCCUPIED,0.8272053157741374
700.0,cctv3,C3_S005,G025,OCCUPIED,OCCUPIED,0.831433024189689
700.0,cctv3,C3_S006,G026,OCCUPIED,OCCUPIED,0.8255505602468145
700.0,cctv3,C3_S007,G027,OCCUPIED,LEAVING,0.7145579971914942
700.0,cctv3,C3_S008,G028,EMPTY,MANEUVERING,0.1811099936203523
700.0,cctv3,C3_S009,G029,EMPTY,EMPTY,0.01
700.0,cctv3,C3_S010,G007,OCCUPIED,LEAVING,0.7504843352870508
700.0,cctv3,C3_S011,G008,OCCUPIED,OCCUPIED,0.7910067597573455
700.0,cctv3,C3_S012,G009,OCCUPIED,OCCUPIED,0.8250490749424155
701.0,cctv1,C1_S001,G001,OCCUPIED,OCCUPIED,0.7357825336131183
701.0,cctv1,C1_S002,G002,EMPTY,EMPTY,0.01
701.0,cctv1,C1_S003,G003,OCCUPIED,OCCUPIED,0.8379402258179405
701.0,cctv1,C1_S004,G004,OCCUPIED,OCCUPIED,0.7629967334595594
701.0,cctv1,C1_S005,G005,OCCUPIED,OCCUPIED,0.7750716373324394
701.0,cctv1,C1_S006,G006,EMPTY,EMPTY,0.01
701.0,cctv2,C2_S001,G007,OCCUPIED,OCCUPIED,0.7590184875509957
701.0,cctv2,C2_S002,G008,OCCUPIED,OCCUPIED,0.804911069571972
701.0,cctv2,C2_S003,G009,OCCUPIED,OCCUPIED,0.51
701.0,cctv2,C2_S004,G010,OCCUPIED,OCCUPIED,0.7594294724816626
701.0,cctv2,C2_S005,G001,EMPTY,EMPTY,0.01
701.0,cctv2,C2_S006,G003,OCCUPIED,OCCUPIED,0.8223045598376881
701.0,cctv2,C2_S007,G004,OCCUPIED,OCCUPIED,0.7890648652206769
701.0,cctv2,C2_S008,G006,OCCUPIED,OCCUPIED,0.7657084459608252
701.0,cctv2,C2_S009,G005,OCCUPIED,OCCUPIED,0.7772390637885441
701.0,cctv2,C2_S010,G002,EMPTY,EMPTY,0.01
701.0,cctv2,C2_S011,G017,OCCUPIED,OCCUPIED,0.79456968144937
701.0,cctv2,C2_S012,G018,OCCUPIED,LEAVING,0.7684097758748315
701.0,cctv2,C2_S013,G019,OCCUPIED,OCCUPIED,0.8347522879188711
701.0,cctv2,C2_S014,G020,EMPTY,EMPTY,0.01
701.0,cctv3,C3_S001,G021,OCCUPIED,OCCUPIED,0.802720274979418
701.0,cctv3,C3_S002,G019,EMPTY,EMPTY,0.01
701.0,cctv3,C3_S003,G020,OCCUPIED,OCCUPIED,0.8122952962463553
701.0,cctv3,C3_S004,G024,OCCUPIED,OCCUPIED,0.827232167937539
701.0,cctv3,C3_S005,G025,OCCUPIED,OCCUPIED,0.8314434864304283
701.0,cctv3,C3_S006,G026,OCCUPIED,OCCUPIED,0.825463712757284
701.0,cctv3,C3_S007,G027,OCCUPIED,LEAVING,0.7162477858229117
701.0,cctv3,C3_S008,G028,EMPTY,MANEUVERING,0.1811099936203523
701.0,cctv3,C3_S009,G029,EMPTY,MANEUVERING,0.1049284444072029
701.0,cctv3,C3_S010,G007,OCCUPIED,LEAVING,0.6580831130526283
701.0,cctv3,C3_S011,G008,OCCUPIED,OCCUPIED,0.7903174621137706
701.0,cctv3,C3_S012,G009,OCCUPIED,OCCUPIED,0.8248163201592186
702.0,cctv1,C1_S001,G001,OCCUPIED,OCCUPIED,0.7349033650349488
702.0,cctv1,C1_S002,G002,EMPTY,EMPTY,0.01
702.0,cctv1,C1_S003,G003,OCCUPIED,OCCUPIED,0.8381000180136075
702.0,cctv1,C1_S004,G004,OCCUPIED,OCCUPIED,0.7637644133784555
702.0,cctv1,C1_S005,G005,OCCUPIED,OCCUPIED,0.7731923760338264
702.0,cctv1,C1_S006,G006,EMPTY,EMPTY,0.01
702.0,cctv2,C2_S001,G007,OCCUPIED,LEAVING,0.758569630032236
702.0,cctv2,C2_S002,G008,OCCUPIED,OCCUPIED,0.8044718513434584
702.0,cctv2,C2_S003,G009,EMPTY,EMPTY,0.1827600398253311
702.0,cctv2,C2_S004,G010,OCCUPIED,OCCUPIED,0.7560100721364672
702.0,cctv2,C2_S005,G001,EMPTY,EMPTY,0.01
702.0,cctv2,C2_S006,G003,OCCUPIED,OCCUPIED,0.8230457696047697
702.0,cctv2,C2_S007,G004,OCCUPIED,OCCUPIED,0.7889289983294228
702.0,cctv2,C2_S008,G006,OCCUPIED,OCCUPIED,0.7639847332781012
702.0,cctv2,C2_S009,G005,OCCUPIED,OCCUPIED,0.7772241336378185
702.0,cctv2,C2_S010,G002,EMPTY,EMPTY,0.01
702.0,cctv2,C2_S011,G017,OCCUPIED,OCCUPIED,0.7943493631753056
702.0,cctv2,C2_S012,G018,OCCUPIED,OCCUPIED,0.7676307270472701
702.0,cctv2,C2_S013,G019,OCCUPIED,OCCUPIED,0.8348837088454855
702.0,cctv2,C2_S014,G020,EMPTY,EMPTY,0.01
702.0,cctv3,C3_S001,G021,OCCUPIED,OCCUPIED,0.8022036880254746
702.0,cctv3,C3_S002,G019,EMPTY,EMPTY,0.01
702.0,cctv3,C3_S003,G020,OCCUPIED,OCCUPIED,0.8127351785247977
702.0,cctv3,C3_S004,G024,OCCUPIED,OCCUPIED,0.8275414981625298
702.0,cctv3,C3_S005,G025,OCCUPIED,OCCUPIED,0.831349561160261
702.0,cctv3,C3_S006,G026,OCCUPIED,OCCUPIED,0.8254276890646328
702.0,cctv3,C3_S007,G027,OCCUPIED,LEAVING,0.7172632502425801
702.0,cctv3,C3_S008,G028,EMPTY,MANEUVERING,0.1811099936203523
702.0,cctv3,C3_S009,G029,EMPTY,MANEUVERING,0.1049284444072029
702.0,cctv3,C3_S010,G007,OCCUPIED,LEAVING,0.6605374929986217
702.0,cctv3,C3_S011,G008,OCCUPIED,OCCUPIED,0.7913001576607879
702.0,cctv3,C3_S012,G009,OCCUPIED,OCCUPIED,0.8258034941825001
703.0,cctv1,C1_S001,G001,OCCUPIED,OCCUPIED,0.7324728673154658
703.0,cctv1,C1_S002,G002,EMPTY,EMPTY,0.01
703.0,cctv1,C1_S003,G003,OCCUPIED,OCCUPIED,0.838184197924354
703.0,cctv1,C1_S004,G004,OCCUPIED,OCCUPIED,0.7648273858157072
703.0,cctv1,C1_S005,G005,OCCUPIED,OCCUPIED,0.7751481831073762
703.0,cctv1,C1_S006,G006,EMPTY,EMPTY,0.01
703.0,cctv2,C2_S001,G007,OCCUPIED,LEAVING,0.7563024664467032
703.0,cctv2,C2_S002,G008,OCCUPIED,OCCUPIED,0.8045537741346793
703.0,cctv2,C2_S003,G009,EMPTY,MANEUVERING,0.1827600398253311
703.0,cctv2,C2_S004,G010,OCCUPIED,OCCUPIED,0.7558924231339585
703.0,cctv2,C2_S005,G001,EMPTY,EMPTY,0.01
703.0,cctv2,C2_S006,G003,OCCUPIED,OCCUPIED,0.8233946908604015
703.0,cctv2,C2_S007,G004,OCCUPIED,OCCUPIED,0.7894503189758821
703.0,cctv2,C2_S008,G006,OCCUPIED,OCCUPIED,0.763612764531916
703.0,cctv2,C2_S009,G005,OCCUPIED,OCCUPIED,0.7784664515744557
703.0,cctv2,C2_S010,G002,EMPTY,EMPTY,0.01
703.0,cctv2,C2_S011,G017,OCCUPIED,OCCUPIED,0.7942170530557633
703.0,cctv2,C2_S012,G018,OCCUPIED,OCCUPIED,0.7710421100258827
703.0,cctv2,C2_S013,G019,OCCUPIED,OCCUPIED,0.8351479389450768
703.0,cctv2,C2_S014,G020,EMPTY,EMPTY,0.01
703.0,cctv3,C3_S001,G021,OCCUPIED,OCCUPIED,0.8015240796587685
703.0,cctv3,C3_S002,G019,EMPTY,EMPTY,0.01
703.0,cctv3,C3_S003,G020,OCCUPIED,OCCUPIED,0.8098214729265734
703.0,cctv3,C3_S004,G024,OCCUPIED,OCCUPIED,0.8275201908566736
703.0,cctv3,C3_S005,G025,OCCUPIED,OCCUPIED,0.8314202024178072
703.0,cctv3,C3_S006,G026,OCCUPIED,OCCUPIED,0.8254965072328395
703.0,cctv3,C3_S007,G027,OCCUPIED,LEAVING,0.731591423594139
703.0,cctv3,C3_S008,G028,EMPTY,MANEUVERING,0.1290718571164391
703.0,cctv3,C3_S009,G029,EMPTY,MANEUVERING,0.1049284444072029
703.0,cctv3,C3_S010,G007,OCCUPIED,LEAVING,0.6585463524542072
703.0,cctv3,C3_S011,G008,OCCUPIED,OCCUPIED,0.7912325164133853
703.0,cctv3,C3_S012,G009,OCCUPIED,OCCUPIED,0.8257311037995599
704.0,cctv1,C1_S001,G001,OCCUPIED,OCCUPIED,0.7327561185441235
704.0,cctv1,C1_S002,G002,EMPTY,EMPTY,0.01
704.0,cctv1,C1_S003,G003,OCCUPIED,OCCUPIED,0.8381980373100801
704.0,cctv1,C1_S004,G004,OCCUPIED,OCCUPIED,0.7654757224700668
704.0,cctv1,C1_S005,G005,OCCUPIED,OCCUPIED,0.7775826970284636
704.0,cctv1,C1_S006,G006,EMPTY,EMPTY,0.01
704.0,cctv2,C2_S001,G007,OCCUPIED,LEAVING,0.7558767783370886
704.0,cctv2,C2_S002,G008,OCCUPIED,OCCUPIED,0.807749840752645
704.0,cctv2,C2_S003,G009,EMPTY,EMPTY,0.01
704.0,cctv2,C2_S004,G010,OCCUPIED,OCCUPIED,0.7541112124242566
704.0,cctv2,C2_S005,G001,EMPTY,EMPTY,0.01
704.0,cctv2,C2_S006,G003,OCCUPIED,OCCUPIED,0.823206420920112
704.0,cctv2,C2_S007,G004,OCCUPIED,OCCUPIED,0.7894175472584638
704.0,cctv2,C2_S008,G006,OCCUPIED,OCCUPIED,0.7658737257122994
704.0,cctv2,C2_S009,G005,OCCUPIED,OCCUPIED,0.7811054367910732
704.0,cctv2,C2_S010,G002,EMPTY,EMPTY,0.01
704.0,cctv2,C2_S011,G017,OCCUPIED,OCCUPIED,0.7968117237091065
704.0,cctv2,C2_S012,G018,OCCUPIED,OCCUPIED,0.771449658681046
704.0,cctv2,C2_S013,G019,OCCUPIED,OCCUPIED,0.8348864048719407
704.0,cctv2,C2_S014,G020,EMPTY,EMPTY,0.01
704.0,cctv3,C3_S001,G021,OCCUPIED,OCCUPIED,0.8028093088756909
704.0,cctv3,C3_S002,G019,EMPTY,EMPTY,0.01
704.0,cctv3,C3_S003,G020,OCCUPIED,OCCUPIED,0.8109791639176283
704.0,cctv3,C3_S004,G024,OCCUPIED,OCCUPIED,0.8274250171401285
704.0,cctv3,C3_S005,G025,OCCUPIED,OCCUPIED,0.8313920245929198
704.0,cctv3,C3_S006,G026,OCCUPIED,OCCUPIED,0.8256067240780051
704.0,cctv3,C3_S007,G027,OCCUPIED,LEAVING,0.7304020796919412
704.0,cctv3,C3_S008,G028,EMPTY,MANEUVERING,0.0840718571164391
704.0,cctv3,C3_S009,G029,EMPTY,MANEUVERING,0.1949941389025612
704.0,cctv3,C3_S010,G007,OCCUPIED,LEAVING,0.5671891071760293
704.0,cctv3,C3_S011,G008,OCCUPIED,OCCUPIED,0.7910908169367097
704.0,cctv3,C3_S012,G009,OCCUPIED,OCCUPIED,0.8258689855987376
705.0,cctv1,C1_S001,G001,OCCUPIED,OCCUPIED,0.7292830634523523
705.0,cctv1,C1_S002,G002,EMPTY,EMPTY,0.01
705.0,cctv1,C1_S003,G003,OCCUPIED,OCCUPIED,0.8385357826948167
705.0,cctv1,C1_S004,G004,OCCUPIED,OCCUPIED,0.7648367414420302
705.0,cctv1,C1_S005,G005,OCCUPIED,OCCUPIED,0.7789206288077615
705.0,cctv1,C1_S006,G006,EMPTY,EMPTY,0.01
705.0,cctv2,C2_S001,G007,OCCUPIED,LEAVING,0.7536388284780763
705.0,cctv2,C2_S002,G008,OCCUPIED,OCCUPIED,0.8068278899246997
705.0,cctv2,C2_S003,G009,EMPTY,EMPTY,0.01
705.0,cctv2,C2_S004,G010,OCCUPIED,OCCUPIED,0.7523260206661442
705.0,cctv2,C2_S005,G001,EMPTY,EMPTY,0.01
705.0,cctv2,C2_S006,G003,OCCUPIED,OCCUPIED,0.8233153917572715
705.0,cctv2,C2_S007,G004,OCCUPIED,OCCUPIED,0.7888563405383717
705.0,cctv2,C2_S008,G006,OCCUPIED,OCCUPIED,0.7670207264748488
705.0,cctv2,C2_S009,G005,OCCUPIED,OCCUPIED,0.7814520212736997
705.0,cctv2,C2_S010,G002,EMPTY,EMPTY,0.01
705.0,cctv2,C2_S011,G017,OCCUPIED,OCCUPIED,0.7964186134663496
705.0,cctv2,C2_S012,G018,OCCUPIED,OCCUPIED,0.7728652562607419
705.0,cctv2,C2_S013,G019,OCCUPIED,OCCUPIED,0.8349677115678787
705.0,cctv2,C2_S014,G020,EMPTY,EMPTY,0.01
705.0,cctv3,C3_S001,G021,OCCUPIED,OCCUPIED,0.801592154936357
705.0,cctv3,C3_S002,G019,EMPTY,EMPTY,0.01
705.0,cctv3,C3_S003,G020,OCCUPIED,OCCUPIED,0.8112824266607112
705.0,cctv3,C3_S004,G024,OCCUPIED,OCCUPIED,0.8274044380946594
705.0,cctv3,C3_S005,G025,OCCUPIED,OCCUPIED,0.8313491165637971
705.0,cctv3,C3_S006,G026,OCCUPIED,OCCUPIED,0.8255149535157464
705.0,cctv3,C3_S007,G027,OCCUPIED,LEAVING,0.7299437072398989
705.0,cctv3,C3_S008,G028,EMPTY,MANEUVERING,0.0840718571164391
705.0,cctv3,C3_S009,G029,EMPTY,MANEUVERING,0.1499941389025612
705.0,cctv3,C3_S010,G007,OCCUPIED,LEAVING,0.6127478177710014
705.0,cctv3,C3_S011,G008,OCCUPIED,OCCUPIED,0.7910247386856513
705.0,cctv3,C3_S012,G009,OCCUPIED,OCCUPIED,0.8260532330382955
706.0,cctv1,C1_S001,G001,OCCUPIED,OCCUPIED,0.7278410110622645
706.0,cctv1,C1_S002,G002,EMPTY,EMPTY,0.01
706.0,cctv1,C1_S003,G003,OCCUPIED,OCCUPIED,0.8387308597564698
706.0,cctv1,C1_S004,G004,OCCUPIED,OCCUPIED,0.7655133306980134
706.0,cctv1,C1_S005,G005,OCCUPIED,OCCUPIED,0.7791184864260934
706.0,cctv1,C1_S006,G006,EMPTY,EMPTY,0.01
706.0,cctv2,C2_S001,G007,OCCUPIED,LEAVING,0.7520492640408604
706.0,cctv2,C2_S002,G008,OCCUPIED,OCCUPIED,0.8072380549528383
706.0,cctv2,C2_S003,G009,EMPTY,EMPTY,0.01
706.0,cctv2,C2_S004,G010,OCCUPIED,OCCUPIED,0.750463530895385
706.0,cctv2,C2_S005,G001,EMPTY,EMPTY,0.01
706.0,cctv2,C2_S006,G003,OCCUPIED,OCCUPIED,0.8234147383408114
706.0,cctv2,C2_S007,G004,OCCUPIED,OCCUPIED,0.78942410485311
706.0,cctv2,C2_S008,G006,OCCUPIED,OCCUPIED,0.7688892532478679
706.0,cctv2,C2_S009,G005,OCCUPIED,OCCUPIED,0.7826999616893856
706.0,cctv2,C2_S010,G002,EMPTY,EMPTY,0.01
706.0,cctv2,C2_S011,G017,OCCUPIED,OCCUPIED,0.7975585205988451
706.0,cctv2,C2_S012,G018,OCCUPIED,OCCUPIED,0.7724070345813578
706.0,cctv2,C2_S013,G019,OCCUPIED,OCCUPIED,0.834410711851987
706.0,cctv2,C2_S014,G020,EMPTY,EMPTY,0.01
706.0,cctv3,C3_S001,G021,OCCUPIED,OCCUPIED,0.8008879970420492
706.0,cctv3,C3_S002,G019,EMPTY,EMPTY,0.01
706.0,cctv3,C3_S003,G020,OCCUPIED,OCCUPIED,0.810366354747252
706.0,cctv3,C3_S004,G024,OCCUPIED,OCCUPIED,0.8273107907988809
706.0,cctv3,C3_S005,G025,OCCUPIED,OCCUPIED,0.8313273158940403
706.0,cctv3,C3_S006,G026,OCCUPIED,OCCUPIED,0.8254027705300939
706.0,cctv3,C3_S007,G027,OCCUPIED,LEAVING,0.7293180846287447
706.0,cctv3,C3_S008,G028,EMPTY,MANEUVERING,0.0840718571164391
706.0,cctv3,C3_S009,G029,EMPTY,MANEUVERING,0.1499941389025612
706.0,cctv3,C3_S010,G007,OCCUPIED,LEAVING,0.6139137293262916
706.0,cctv3,C3_S011,G008,OCCUPIED,OCCUPIED,0.790375918014483
706.0,cctv3,C3_S012,G009,OCCUPIED,OCCUPIED,0.8258663562211124
707.0,cctv1,C1_S001,G001,OCCUPIED,OCCUPIED,0.7291821793737737
707.0,cctv1,C1_S002,G002,EMPTY,EMPTY,0.01
707.0,cctv1,C1_S003,G003,OCCUPIED,OCCUPIED,0.8387400621717627
707.0,cctv1,C1_S004,G004,OCCUPIED,OCCUPIED,0.7660569153048776
707.0,cctv1,C1_S005,G005,OCCUPIED,OCCUPIED,0.7805983603000641
707.0,cctv1,C1_S006,G006,EMPTY,EMPTY,0.01
707.0,cctv2,C2_S001,G007,OCCUPIED,LEAVING,0.7515041741457853
707.0,cctv2,C2_S002,G008,OCCUPIED,OCCUPIED,0.8050730489871719
707.0,cctv2,C2_S003,G009,EMPTY,EMPTY,0.01
707.0,cctv2,C2_S004,G010,OCCUPIED,OCCUPIED,0.7519707214425911
707.0,cctv2,C2_S005,G001,EMPTY,EMPTY,0.01
707.0,cctv2,C2_S006,G003,OCCUPIED,OCCUPIED,0.823257743770426
707.0,cctv2,C2_S007,G004,OCCUPIED,OCCUPIED,0.7903907640413805
707.0,cctv2,C2_S008,G006,OCCUPIED,OCCUPIED,0.7682023992592639
707.0,cctv2,C2_S009,G005,OCCUPIED,OCCUPIED,0.7819792444055731
707.0,cctv2,C2_S010,G002,EMPTY,EMPTY,0.01
707.0,cctv2,C2_S011,G017,OCCUPIED,OCCUPIED,0.7971313357353211
707.0,cctv2,C2_S012,G018,OCCUPIED,OCCUPIED,0.7731033470142972
707.0,cctv2,C2_S013,G019,OCCUPIED,OCCUPIED,0.8345427862622522
707.0,cctv2,C2_S014,G020,EMPTY,EMPTY,0.01
707.0,cctv3,C3_S001,G021,OCCUPIED,OCCUPIED,0.8004782879894431
707.0,cctv3,C3_S002,G019,EMPTY,EMPTY,0.01
707.0,cctv3,C3_S003,G020,OCCUPIED,OCCUPIED,0.8086087673902512
707.0,cctv3,C3_S004,G024,OCCUPIED,OCCUPIED,0.8278205153616993
707.0,cctv3,C3_S005,G025,OCCUPIED,OCCUPIED,0.831385255672715
707.0,cctv3,C3_S006,G026,OCCUPIED,OCCUPIED,0.8254585767334158
707.0,cctv3,C3_S007,G027,OCCUPIED,LEAVING,0.7296250065551564
707.0,cctv3,C3_S008,G028,EMPTY,MANEUVERING,0.0840718571164391
707.0,cctv3,C3_S009,G029,EMPTY,MANEUVERING,0.1499941389025612
707.0,cctv3,C3_S010,G007,OCCUPIED,LEAVING,0.6134398232264953
707.0,cctv3,C3_S011,G008,OCCUPIED,OCCUPIED,0.7883885128931566
707.0,cctv3,C3_S012,G009,OCCUPIED,OCCUPIED,0.8259122024882924
708.0,cctv1,C1_S001,G001,OCCUPIED,OCCUPIED,0.7299323688515209
708.0,cctv1,C1_S002,G002,EMPTY,EMPTY,0.01
708.0,cctv1,C1_S003,G003,OCCUPIED,OCCUPIED,0.8386104188182137
708.0,cctv1,C1_S004,G004,OCCUPIED,OCCUPIED,0.7670339810577307
708.0,cctv1,C1_S005,G005,OCCUPIED,OCCUPIED,0.7784867152571678
708.0,cctv1,C1_S006,G006,EMPTY,EMPTY,0.01
708.0,cctv2,C2_S001,G007,OCCUPIED,LEAVING,0.7510219503532757
708.0,cctv2,C2_S002,G008,OCCUPIED,OCCUPIED,0.8057117902419785
708.0,cctv2,C2_S003,G009,EMPTY,EMPTY,0.01
708.0,cctv2,C2_S004,G010,OCCUPIED,OCCUPIED,0.6698691729862581
708.0,cctv2,C2_S005,G001,EMPTY,EMPTY,0.01
708.0,cctv2,C2_S006,G003,OCCUPIED,OCCUPIED,0.8231856500560588
708.0,cctv2,C2_S007,G004,OCCUPIED,OCCUPIED,0.7930836466225711
708.0,cctv2,C2_S008,G006,OCCUPIED,OCCUPIED,0.7671665854074738
708.0,cctv2,C2_S009,G005,OCCUPIED,OCCUPIED,0.7859978177330711
708.0,cctv2,C2_S010,G002,EMPTY,MANEUVERING,0.1877259568192742
708.0,cctv2,C2_S011,G017,OCCUPIED,LEAVING,0.7842425152930348
708.0,cctv2,C2_S012,G018,OCCUPIED,OCCUPIED,0.7729821489615875
708.0,cctv2,C2_S013,G019,OCCUPIED,OCCUPIED,0.8331003934144974
708.0,cctv2,C2_S014,G020,EMPTY,EMPTY,0.01
708.0,cctv3,C3_S001,G021,OCCUPIED,OCCUPIED,0.8003284224055031
708.0,cctv3,C3_S002,G019,EMPTY,EMPTY,0.01
708.0,cctv3,C3_S003,G020,OCCUPIED,OCCUPIED,0.8102580772204833
708.0,cctv3,C3_S004,G024,OCCUPIED,OCCUPIED,0.8280683092095635
708.0,cctv3,C3_S005,G025,OCCUPIED,OCCUPIED,0.8311816069212827
708.0,cctv3,C3_S006,G026,OCCUPIED,OCCUPIED,0.8253892156210814
708.0,cctv3,C3_S007,G027,OCCUPIED,LEAVING,0.7317739017917353
708.0,cctv3,C3_S008,G028,EMPTY,MANEUVERING,0.0840718571164391
708.0,cctv3,C3_S009,G029,EMPTY,MANEUVERING,0.2020943683589046
708.0,cctv3,C3_S010,G007,OCCUPIED,LEAVING,0.5673947631364519
708.0,cctv3,C3_S011,G008,OCCUPIED,OCCUPIED,0.7905318315733564
708.0,cctv3,C3_S012,G009,OCCUPIED,OCCUPIED,0.8249299669807608
709.0,cctv1,C1_S001,G001,OCCUPIED,OCCUPIED,0.7296348312023012
709.0,cctv1,C1_S002,G002,EMPTY,EMPTY,0.01
709.0,cctv1,C1_S003,G003,OCCUPIED,OCCUPIED,0.8386574233120139
709.0,cctv1,C1_S004,G004,OCCUPIED,OCCUPIED,0.7690633785995571
709.0,cctv1,C1_S005,G005,OCCUPIED,OCCUPIED,0.7785514235496521
709.0,cctv1,C1_S006,G006,EMPTY,EMPTY,0.01
709.0,cctv2,C2_S001,G007,OCCUPIED,LEAVING,0.7545235786925664
709.0,cctv2,C2_S002,G008,OCCUPIED,OCCUPIED,0.8066833099181002
709.0,cctv2,C2_S003,G009,EMPTY,EMPTY,0.01
709.0,cctv2,C2_S004,G010,OCCUPIED,OCCUPIED,0.5901313208359661
709.0,cctv2,C2_S005,G001,EMPTY,EMPTY,0.01
709.0,cctv2,C2_S006,G003,OCCUPIED,OCCUPIED,0.8231372036717155
709.0,cctv2,C2_S007,G004,OCCUPIED,OCCUPIED,0.794274191422896
709.0,cctv2,C2_S008,G006,OCCUPIED,OCCUPIED,0.7688938894055107
709.0,cctv2,C2_S009,G005,OCCUPIED,OCCUPIED,0.7887048249894923
709.0,cctv2,C2_S010,G002,EMPTY,MANEUVERING,0.275441973073916
709.0,cctv2,C2_S011,G017,OCCUPIED,LEAVING,0.7735698237202384
709.0,cctv2,C2_S012,G018,OCCUPIED,OCCUPIED,0.7711183388124814
709.0,cctv2,C2_S013,G019,OCCUPIED,OCCUPIED,0.8327699160034007
709.0,cctv2,C2_S014,G020,EMPTY,EMPTY,0.01
709.0,cctv3,C3_S001,G021,OCCUPIED,OCCUPIED,0.7986719998446379
709.0,cctv3,C3_S002,G019,EMPTY,EMPTY,0.01
709.0,cctv3,C3_S003,G020,OCCUPIED,OCCUPIED,0.7302882741798055
709.0,cctv3,C3_S004,G024,OCCUPIED,OCCUPIED,0.8281682913953609
709.0,cctv3,C3_S005,G025,OCCUPIED,OCCUPIED,0.8309406331994318
709.0,cctv3,C3_S006,G026,OCCUPIED,OCCUPIED,0.8252259698781101
709.0,cctv3,C3_S007,G027,OCCUPIED,LEAVING,0.7326398940181191
709.0,cctv3,C3_S008,G028,EMPTY,MANEUVERING,0.0840718571164391
709.0,cctv3,C3_S009,G029,EMPTY,MANEUVERING,0.2020943683589046
709.0,cctv3,C3_S010,G007,OCCUPIED,LEAVING,0.5681847329234535
709.0,cctv3,C3_S011,G008,OCCUPIED,OCCUPIED,0.7904003960165111
709.0,cctv3,C3_S012,G009,OCCUPIED,OCCUPIED,0.8247002504088663
710.0,cctv1,C1_S001,G001,OCCUPIED,OCCUPIED,0.7304803719913419
710.0,cctv1,C1_S002,G002,EMPTY,EMPTY,0.01
710.0,cctv1,C1_S003,G003,OCCUPIED,OCCUPIED,0.8385943101211029
710.0,cctv1,C1_S004,G004,OCCUPIED,OCCUPIED,0.77012922140685
710.0,cctv1,C1_S005,G005,OCCUPIED,LEAVING,0.7773146809502082
710.0,cctv1,C1_S006,G006,EMPTY,MANEUVERING,0.2569807870279659
710.0,cctv2,C2_S001,G007,OCCUPIED,LEAVING,0.7545686093243686
710.0,cctv2,C2_S002,G008,OCCUPIED,OCCUPIED,0.8096840556372297
710.0,cctv2,C2_S003,G009,EMPTY,EMPTY,0.01
710.0,cctv2,C2_S004,G010,OCCUPIED,LEAVING,0.5850924310900949
710.0,cctv2,C2_S005,G001,EMPTY,EMPTY,0.01
710.0,cctv2,C2_S006,G003,OCCUPIED,OCCUPIED,0.8229544460773468
710.0,cctv2,C2_S007,G004,OCCUPIED,OCCUPIED,0.796166480942206
710.0,cctv2,C2_S008,G006,OCCUPIED,OCCUPIED,0.7687928741628474
710.0,cctv2,C2_S009,G005,OCCUPIED,OCCUPIED,0.7931484109976076
710.0,cctv2,C2_S010,G002,EMPTY,MANEUVERING,0.3762195544893091
710.0,cctv2,C2_S011,G017,OCCUPIED,LEAVING,0.7598176461187277
710.0,cctv2,C2_S012,G018,OCCUPIED,OCCUPIED,0.7693307436325334
710.0,cctv2,C2_S013,G019,OCCUPIED,OCCUPIED,0.831847245855765
710.0,cctv2,C2_S014,G020,EMPTY,EMPTY,0.01
710.0,cctv3,C3_S001,G021,OCCUPIED,OCCUPIED,0.7971215741200881
710.0,cctv3,C3_S002,G019,EMPTY,EMPTY,0.01
710.0,cctv3,C3_S003,G020,OCCUPIED,OCCUPIED,0.7324670763720166
710.0,cctv3,C3_S004,G024,OCCUPIED,OCCUPIED,0.8284142824736509
710.0,cctv3,C3_S005,G025,OCCUPIED,OCCUPIED,0.8306158575144682
710.0,cctv3,C3_S006,G026,OCCUPIED,OCCUPIED,0.8251270361922005
710.0,cctv3,C3_S007,G027,OCCUPIED,OCCUPIED,0.7321471161395312
710.0,cctv3,C3_S008,G028,EMPTY,MANEUVERING,0.0840718571164391
710.0,cctv3,C3_S009,G029,EMPTY,MANEUVERING,0.2020943683589046
710.0,cctv3,C3_S010,G007,OCCUPIED,LEAVING,0.51
710.0,cctv3,C3_S011,G008,OCCUPIED,OCCUPIED,0.790328226712617
710.0,cctv3,C3_S012,G009,OCCUPIED,OCCUPIED,0.8251542825590481
711.0,cctv1,C1_S001,G001,OCCUPIED,OCCUPIED,0.7341850791126491
711.0,cctv1,C1_S002,G002,EMPTY,EMPTY,0.01
711.0,cctv1,C1_S003,G003,OCCUPIED,OCCUPIED,0.838414094935764
711.0,cctv1,C1_S004,G004,OCCUPIED,OCCUPIED,0.7697925493121148
711.0,cctv1,C1_S005,G005,OCCUPIED,LEAVING,0.773769157041203
711.0,cctv1,C1_S006,G006,EMPTY,MANEUVERING,0.316429791145704
711.0,cctv2,C2_S001,G007,OCCUPIED,LEAVING,0.756581004912203
711.0,cctv2,C2_S002,G008,OCCUPIED,OCCUPIED,0.8104197579351339
711.0,cctv2,C2_S003,G009,EMPTY,EMPTY,0.01
711.0,cctv2,C2_S004,G010,OCCUPIED,LEAVING,0.5856031500119152
711.0,cctv2,C2_S005,G001,EMPTY,EMPTY,0.01
711.0,cctv2,C2_S006,G003,OCCUPIED,OCCUPIED,0.8228458629413085
711.0,cctv2,C2_S007,G004,OCCUPIED,OCCUPIED,0.7976598959077489
711.0,cctv2,C2_S008,G006,OCCUPIED,OCCUPIED,0.7686879672787407
711.0,cctv2,C2_S009,G005,OCCUPIED,OCCUPIED,0.7955493343147365
711.0,cctv2,C2_S010,G002,EMPTY,MANEUVERING,0.466960893896493
711.0,cctv2,C2_S011,G017,OCCUPIED,LEAVING,0.7488751576434484
711.0,cctv2,C2_S012,G018,OCCUPIED,OCCUPIED,0.7684519658034499
711.0,cctv2,C2_S013,G019,OCCUPIED,OCCUPIED,0.8320155430923809
711.0,cctv2,C2_S014,G020,EMPTY,EMPTY,0.01
711.0,cctv3,C3_S001,G021,OCCUPIED,OCCUPIED,0.7954936927015132
711.0,cctv3,C3_S002,G019,EMPTY,EMPTY,0.01
711.0,cctv3,C3_S003,G020,OCCUPIED,OCCUPIED,0.7330951907147061
711.0,cctv3,C3_S004,G024,OCCUPIED,OCCUPIED,0.82866582328623
711.0,cctv3,C3_S005,G025,OCCUPIED,OCCUPIED,0.8303123176097871
711.0,cctv3,C3_S006,G026,OCCUPIED,OCCUPIED,0.8251129172065041
711.0,cctv3,C3_S007,G027,OCCUPIED,OCCUPIED,0.7468310160393066
711.0,cctv3,C3_S008,G028,EMPTY,EMPTY,0.01
711.0,cctv3,C3_S009,G029,EMPTY,MANEUVERING,0.2053670956316319
711.0,cctv3,C3_S010,G007,OCCUPIED,LEAVING,0.51
711.0,cctv3,C3_S011,G008,OCCUPIED,OCCUPIED,0.7910064167597077
711.0,cctv3,C3_S012,G009,OCCUPIED,OCCUPIED,0.8246243950995533
712.0,cctv1,C1_S001,G001,OCCUPIED,OCCUPIED,0.735436055504463
712.0,cctv1,C1_S002,G002,EMPTY,EMPTY,0.01
712.0,cctv1,C1_S003,G003,OCCUPIED,OCCUPIED,0.8381290452046828
712.0,cctv1,C1_S004,G004,OCCUPIED,OCCUPIED,0.7722956704822455
712.0,cctv1,C1_S005,G005,OCCUPIED,LEAVING,0.775191848657348
712.0,cctv1,C1_S006,G006,EMPTY,MANEUVERING,0.276429791145704
712.0,cctv2,C2_S001,G007,OCCUPIED,LEAVING,0.755971276218241
712.0,cctv2,C2_S002,G008,OCCUPIED,OCCUPIED,0.8097721361301162
712.0,cctv2,C2_S003,G009,EMPTY,EMPTY,0.01
712.0,cctv2,C2_S004,G010,OCCUPIED,LEAVING,0.6285941210705223
712.0,cctv2,C2_S005,G001,EMPTY,EMPTY,0.01
712.0,cctv2,C2_S006,G003,OCCUPIED,OCCUPIED,0.8225749240680175
712.0,cctv2,C2_S007,G004,OCCUPIED,OCCUPIED,0.799412559379231
712.0,cctv2,C2_S008,G006,OCCUPIED,OCCUPIED,0.7679038397290491
712.0,cctv2,C2_S009,G005,OCCUPIED,OCCUPIED,0.7968082770705224
712.0,cctv2,C2_S010,G002,EMPTY,MANEUVERING,0.49
712.0,cctv2,C2_S011,G017,OCCUPIED,LEAVING,0.7364092085849155
712.0,cctv2,C2_S012,G018,OCCUPIED,OCCUPIED,0.7638457147912546
712.0,cctv2,C2_S013,G019,OCCUPIED,OCCUPIED,0.8318186453797601
712.0,cctv2,C2_S014,G020,EMPTY,EMPTY,0.01
712.0,cctv3,C3_S001,G021,OCCUPIED,OCCUPIED,0.7946071120825682
712.0,cctv3,C3_S002,G019,EMPTY,EMPTY,0.01
712.0,cctv3,C3_S003,G020,OCCUPIED,OCCUPIED,0.735048097263683
712.0,cctv3,C3_S004,G024,OCCUPIED,OCCUPIED,0.8289003962820227
712.0,cctv3,C3_S005,G025,OCCUPIED,OCCUPIED,0.829572864283215
712.0,cctv3,C3_S006,G026,OCCUPIED,OCCUPIED,0.8254187857562846
712.0,cctv3,C3_S007,G027,OCCUPIED,OCCUPIED,0.7475949961353433
712.0,cctv3,C3_S008,G028,EMPTY,EMPTY,0.01
712.0,cctv3,C3_S009,G029,EMPTY,MANEUVERING,0.1133136939711191
712.0,cctv3,C3_S010,G007,OCCUPIED,LEAVING,0.5844916953099045
712.0,cctv3,C3_S011,G008,OCCUPIED,OCCUPIED,0.7097823691774499
712.0,cctv3,C3_S012,G009,OCCUPIED,OCCUPIED,0.8251520278778943
713.0,cctv1,C1_S001,G001,OCCUPIED,OCCUPIED,0.7359938568350944
713.0,cctv1,C1_S002,G002,EMPTY,EMPTY,0.01
713.0,cctv1,C1_S003,G003,OCCUPIED,OCCUPIED,0.8377798573537307
713.0,cctv1,C1_S004,G004,OCCUPIED,OCCUPIED,0.7718800630081785
713.0,cctv1,C1_S005,G005,OCCUPIED,LEAVING,0.7755423946814104
713.0,cctv1,C1_S006,G006,EMPTY,MANEUVERING,0.256429791145704
713.0,cctv2,C2_S001,G007,OCCUPIED,LEAVING,0.7582204295830294
713.0,cctv2,C2_S002,G008,OCCUPIED,OCCUPIED,0.8153264257040891
713.0,cctv2,C2_S003,G009,EMPTY,EMPTY,0.01
713.0,cctv2,C2_S004,G010,OCCUPIED,LEAVING,0.670458781899828
713.0,cctv2,C2_S005,G001,EMPTY,EMPTY,0.01
713.0,cctv2,C2_S006,G003,OCCUPIED,OCCUPIED,0.8226765797896819
713.0,cctv2,C2_S007,G004,OCCUPIED,OCCUPIED,0.8028699966994199
713.0,cctv2,C2_S008,G006,OCCUPIED,OCCUPIED,0.7686478706923399
713.0,cctv2,C2_S009,G005,OCCUPIED,OCCUPIED,0.7990245221690698
713.0,cctv2,C2_S010,G002,EMPTY,MANEUVERING,0.4711182708631862
713.0,cctv2,C2_S011,G017,OCCUPIED,LEAVING,0.7375064312057062
713.0,cctv2,C2_S012,G018,OCCUPIED,LEAVING,0.7657015526836569
713.0,cctv2,C2_S013,G019,OCCUPIED,OCCUPIED,0.831403209404512
713.0,cctv2,C2_S014,G020,EMPTY,EMPTY,0.01
713.0,cctv3,C3_S001,G021,OCCUPIED,OCCUPIED,0.7922886431217194
713.0,cctv3,C3_S002,G019,EMPTY,EMPTY,0.01
713.0,cctv3,C3_S003,G020,OCCUPIED,OCCUPIED,0.7810845090855252
713.0,cctv3,C3_S004,G024,OCCUPIED,OCCUPIED,0.8284268880432303
713.0,cctv3,C3_S005,G025,OCCUPIED,OCCUPIED,0.8290673719211059
713.0,cctv3,C3_S006,G026,OCCUPIED,OCCUPIED,0.8254222490570763
713.0,cctv3,C3_S007,G027,OCCUPIED,OCCUPIED,0.7479105409573426
713.0,cctv3,C3_S008,G028,EMPTY,EMPTY,0.01
713.0,cctv3,C3_S009,G029,EMPTY,MANEUVERING,0.1133136939711191
713.0,cctv3,C3_S010,G007,OCCUPIED,LEAVING,0.5862204594862733
713.0,cctv3,C3_S011,G008,OCCUPIED,OCCUPIED,0.7091043398190628
713.0,cctv3,C3_S012,G009,OCCUPIED,OCCUPIED,0.824701042066921
714.0,cctv1,C1_S001,G001,OCCUPIED,OCCUPIED,0.7366333078593016
714.0,cctv1,C1_S002,G002,EMPTY,EMPTY,0.01
714.0,cctv1,C1_S003,G003,OCCUPIED,OCCUPIED,0.8376998535611413
714.0,cctv1,C1_S004,G004,OCCUPIED,OCCUPIED,0.7727086059071802
714.0,cctv1,C1_S005,G005,OCCUPIED,LEAVING,0.7744157092137771
714.0,cctv1,C1_S006,G006,EMPTY,MANEUVERING,0.199429791145704
714.0,cctv2,C2_S001,G007,OCCUPIED,LEAVING,0.7593568518757821
714.0,cctv2,C2_S002,G008,OCCUPIED,OCCUPIED,0.8154564014889978
714.0,cctv2,C2_S003,G009,EMPTY,EMPTY,0.01
714.0,cctv2,C2_S004,G010,OCCUPIED,LEAVING,0.6721403054215692
714.0,cctv2,C2_S005,G001,EMPTY,EMPTY,0.01
714.0,cctv2,C2_S006,G003,OCCUPIED,OCCUPIED,0.8224466835910624
714.0,cctv2,C2_S007,G004,OCCUPIED,OCCUPIED,0.8042635359547355
714.0,cctv2,C2_S008,G006,OCCUPIED,OCCUPIED,0.7708382466977294
714.0,cctv2,C2_S009,G005,OCCUPIED,OCCUPIED,0.8003497992049564
714.0,cctv2,C2_S010,G002,EMPTY,MANEUVERING,0.49
714.0,cctv2,C2_S011,G017,OCCUPIED,OCCUPIED,0.774846891578916
714.0,cctv2,C2_S012,G018,OCCUPIED,LEAVING,0.7650842812928287
714.0,cctv2,C2_S013,G019,OCCUPIED,OCCUPIED,0.8307384742931887
714.0,cctv2,C2_S014,G020,EMPTY,EMPTY,0.01
714.0,cctv3,C3_S001,G021,OCCUPIED,OCCUPIED,0.7913874111392282
714.0,cctv3,C3_S002,G019,EMPTY,EMPTY,0.01
714.0,cctv3,C3_S003,G020,OCCUPIED,OCCUPIED,0.7844093011726033
714.0,cctv3,C3_S004,G024,OCCUPIED,OCCUPIED,0.8286310773004186
714.0,cctv3,C3_S005,G025,OCCUPIED,OCCUPIED,0.8287964086640965
714.0,cctv3,C3_S006,G026,OCCUPIED,OCCUPIED,0.825297527963465
714.0,cctv3,C3_S007,G027,OCCUPIED,OCCUPIED,0.7499298050322316
714.0,cctv3,C3_S008,G028,EMPTY,EMPTY,0.01
714.0,cctv3,C3_S009,G029,EMPTY,MANEUVERING,0.2062691322090951
714.0,cctv3,C3_S010,G007,OCCUPIED,LEAVING,0.5413488003789605
714.0,cctv3,C3_S011,G008,OCCUPIED,OCCUPIED,0.7097779372740876
714.0,cctv3,C3_S012,G009,OCCUPIED,OCCUPIED,0.8249644414945083
715.0,cctv1,C1_S001,G001,OCCUPIED,OCCUPIED,0.7359524112194777
715.0,cctv1,C1_S002,G002,EMPTY,EMPTY,0.01
715.0,cctv1,C1_S003,G003,OCCUPIED,OCCUPIED,0.8374686829068445
715.0,cctv1,C1_S004,G004,OCCUPIED,OCCUPIED,0.7706199790943753
715.0,cctv1,C1_S005,G005,OCCUPIED,LEAVING,0.7706972897052765
715.0,cctv1,C1_S006,G006,EMPTY,MANEUVERING,0.146429791145704
715.0,cctv2,C2_S001,G007,OCCUPIED,LEAVING,0.7629310985857791
715.0,cctv2,C2_S002,G008,OCCUPIED,OCCUPIED,0.7339236133206974
715.0,cctv2,C2_S003,G009,EMPTY,EMPTY,0.01
715.0,cctv2,C2_S004,G010,OCCUPIED,LEAVING,0.6757670076507512
715.0,cctv2,C2_S005,G001,EMPTY,EMPTY,0.01
715.0,cctv2,C2_S006,G003,OCCUPIED,OCCUPIED,0.8221366535533559
715.0,cctv2,C2_S007,G004,OCCUPIED,OCCUPIED,0.8042617226188834
715.0,cctv2,C2_S008,G006,OCCUPIED,OCCUPIED,0.7719530824910511
715.0,cctv2,C2_S009,G005,OCCUPIED,OCCUPIED,0.7989358775994995
715.0,cctv2,C2_S010,G002,EMPTY,MANEUVERING,0.49
715.0,cctv2,C2_S011,G017,OCCUPIED,OCCUPIED,0.7738808843764392
715.0,cctv2,C2_S012,G018,OCCUPIED,LEAVING,0.7635356745936654
715.0,cctv2,C2_S013,G019,OCCUPIED,OCCUPIED,0.8306196613745256
715.0,cctv2,C2_S014,G020,EMPTY,EMPTY,0.01
715.0,cctv3,C3_S001,G021,OCCUPIED,OCCUPIED,0.790764631466432
715.0,cctv3,C3_S002,G019,EMPTY,EMPTY,0.01
715.0,cctv3,C3_S003,G020,OCCUPIED,OCCUPIED,0.7825314571369778
715.0,cctv3,C3_S004,G024,OCCUPIED,OCCUPIED,0.8286505420099606
715.0,cctv3,C3_S005,G025,OCCUPIED,OCCUPIED,0.8286255169998517
715.0,cctv3,C3_S006,G026,OCCUPIED,OCCUPIED,0.8251205411824314
715.0,cctv3,C3_S007,G027,OCCUPIED,OCCUPIED,0.7535630322992802
715.0,cctv3,C3_S008,G028,EMPTY,EMPTY,0.01
715.0,cctv3,C3_S009,G029,EMPTY,MANEUVERING,0.1618737816146828
715.0,cctv3,C3_S010,G007,OCCUPIED,LEAVING,0.591668018731204
715.0,cctv3,C3_S011,G008,OCCUPIED,OCCUPIED,0.7116894859481941
715.0,cctv3,C3_S012,G009,OCCUPIED,OCCUPIED,0.8251465488563885
716.0,cctv1,C1_S001,G001,OCCUPIED,OCCUPIED,0.7369847505946052
716.0,cctv1,C1_S002,G002,EMPTY,EMPTY,0.01
716.0,cctv1,C1_S003,G003,OCCUPIED,OCCUPIED,0.8371907052668659
716.0,cctv1,C1_S004,G004,OCCUPIED,OCCUPIED,0.7727085295048628
716.0,cctv1,C1_S005,G005,OCCUPIED,LEAVING,0.7680772433226759
716.0,cctv1,C1_S006,G006,EMPTY,MANEUVERING,0.1407155054314183
716.0,cctv2,C2_S001,G007,OCCUPIED,LEAVING,0.7508082995631479
716.0,cctv2,C2_S002,G008,OCCUPIED,LEAVING,0.7323906781185757
716.0,cctv2,C2_S003,G009,EMPTY,EMPTY,0.01
716.0,cctv2,C2_S004,G010,OCCUPIED,LEAVING,0.6788280295151653
716.0,cctv2,C2_S005,G001,EMPTY,EMPTY,0.01
716.0,cctv2,C2_S006,G003,OCCUPIED,OCCUPIED,0.8219512584534558
716.0,cctv2,C2_S007,G004,OCCUPIED,OCCUPIED,0.8044031042944302
716.0,cctv2,C2_S008,G006,OCCUPIED,OCCUPIED,0.7731599538163706
716.0,cctv2,C2_S009,G005,OCCUPIED,OCCUPIED,0.798535313254053
716.0,cctv2,C2_S010,G002,EMPTY,MANEUVERING,0.49
716.0,cctv2,C2_S011,G017,OCCUPIED,OCCUPIED,0.7743627372293762
716.0,cctv2,C2_S012,G018,OCCUPIED,LEAVING,0.7651924759149552
716.0,cctv2,C2_S013,G019,OCCUPIED,OCCUPIED,0.8306322206150403
716.0,cctv2,C2_S014,G020,EMPTY,EMPTY,0.01
716.0,cctv3,C3_S001,G021,OCCUPIED,OCCUPIED,0.79018715755506
716.0,cctv3,C3_S002,G019,EMPTY,EMPTY,0.01
716.0,cctv3,C3_S003,G020,OCCUPIED,LEAVING,0.7793181161988866
716.0,cctv3,C3_S004,G024,OCCUPIED,OCCUPIED,0.8286453141407534
716.0,cctv3,C3_S005,G025,OCCUPIED,OCCUPIED,0.8285461236130108
716.0,cctv3,C3_S006,G026,OCCUPIED,OCCUPIED,0.8248915886337107
716.0,cctv3,C3_S007,G027,OCCUPIED,OCCUPIED,0.755068051069975
716.0,cctv3,C3_S008,G028,EMPTY,MANEUVERING,0.2090462222661484
716.0,cctv3,C3_S009,G029,EMPTY,MANEUVERING,0.2536204285296527
716.0,cctv3,C3_S010,G007,OCCUPIED,LEAVING,0.51
716.0,cctv3,C3_S011,G008,OCCUPIED,OCCUPIED,0.7572191971946847
716.0,cctv3,C3_S012,G009,OCCUPIED,OCCUPIED,0.8247748889706352
717.0,cctv1,C1_S001,G001,OCCUPIED,OCCUPIED,0.7378221654079178
717.0,cctv1,C1_S002,G002,EMPTY,EMPTY,0.01
717.0,cctv1,C1_S003,G003,OCCUPIED,OCCUPIED,0.8371701286597686
717.0,cctv1,C1_S004,G004,OCCUPIED,OCCUPIED,0.7754974327304147
717.0,cctv1,C1_S005,G005,OCCUPIED,OCCUPIED,0.7358939422531562
717.0,cctv1,C1_S006,G006,EMPTY,MANEUVERING,0.136429791145704
717.0,cctv2,C2_S001,G007,OCCUPIED,LEAVING,0.7521562770279973
717.0,cctv2,C2_S002,G008,OCCUPIED,LEAVING,0.7312164248932491
717.0,cctv2,C2_S003,G009,EMPTY,EMPTY,0.01
717.0,cctv2,C2_S004,G010,OCCUPIED,LEAVING,0.6831307308691921
717.0,cctv2,C2_S005,G001,EMPTY,EMPTY,0.01
717.0,cctv2,C2_S006,G003,OCCUPIED,OCCUPIED,0.8217192790725015
717.0,cctv2,C2_S007,G004,OCCUPIED,OCCUPIED,0.8051432858813894
717.0,cctv2,C2_S008,G006,OCCUPIED,OCCUPIED,0.7727026741613042
717.0,cctv2,C2_S009,G005,OCCUPIED,OCCUPIED,0.799429361793128
717.0,cctv2,C2_S010,G002,EMPTY,MANEUVERING,0.49
717.0,cctv2,C2_S011,G017,OCCUPIED,OCCUPIED,0.7732124226364223
717.0,cctv2,C2_S012,G018,OCCUPIED,LEAVING,0.765461255203594
717.0,cctv2,C2_S013,G019,OCCUPIED,OCCUPIED,0.8313439415259796
717.0,cctv2,C2_S014,G020,EMPTY,EMPTY,0.01
717.0,cctv3,C3_S001,G021,OCCUPIED,OCCUPIED,0.7902512054551732
717.0,cctv3,C3_S002,G019,EMPTY,EMPTY,0.01
717.0,cctv3,C3_S003,G020,OCCUPIED,LEAVING,0.7808435626734387
717.0,cctv3,C3_S004,G024,OCCUPIED,OCCUPIED,0.8286911823532799
717.0,cctv3,C3_S005,G025,OCCUPIED,OCCUPIED,0.8283462543379178
717.0,cctv3,C3_S006,G026,OCCUPIED,OCCUPIED,0.8249242636290464
717.0,cctv3,C3_S007,G027,OCCUPIED,OCCUPIED,0.757421329211105
717.0,cctv3,C3_S008,G028,EMPTY,MANEUVERING,0.2090462222661484
717.0,cctv3,C3_S009,G029,EMPTY,MANEUVERING,0.2536204285296527
717.0,cctv3,C3_S010,G007,OCCUPIED,LEAVING,0.51
717.0,cctv3,C3_S011,G008,OCCUPIED,OCCUPIED,0.7569494080949913
717.0,cctv3,C3_S012,G009,OCCUPIED,OCCUPIED,0.8241546549580314
718.0,cctv1,C1_S001,G001,OCCUPIED,OCCUPIED,0.7355787288058888
718.0,cctv1,C1_S002,G002,EMPTY,EMPTY,0.01
718.0,cctv1,C1_S003,G003,OCCUPIED,OCCUPIED,0.8369296645576304
718.0,cctv1,C1_S004,G004,OCCUPIED,OCCUPIED,0.7761753716252068
718.0,cctv1,C1_S005,G005,OCCUPIED,OCCUPIED,0.7222478387572548
718.0,cctv1,C1_S006,G006,EMPTY,MANEUVERING,0.2269328433546153
718.0,cctv2,C2_S001,G007,OCCUPIED,LEAVING,0.753403759436174
718.0,cctv2,C2_S002,G008,OCCUPIED,LEAVING,0.7326870470155369
718.0,cctv2,C2_S003,G009,EMPTY,EMPTY,0.01
718.0,cctv2,C2_S004,G010,OCCUPIED,LEAVING,0.6844666914957943
718.0,cctv2,C2_S005,G001,EMPTY,EMPTY,0.01
718.0,cctv2,C2_S006,G003,OCCUPIED,OCCUPIED,0.8210157218304548
718.0,cctv2,C2_S007,G004,OCCUPIED,OCCUPIED,0.8055302311073651
718.0,cctv2,C2_S008,G006,OCCUPIED,OCCUPIED,0.7719151194800031
718.0,cctv2,C2_S009,G005,OCCUPIED,OCCUPIED,0.800896228985353
718.0,cctv2,C2_S010,G002,EMPTY,MANEUVERING,0.49
718.0,cctv2,C2_S011,G017,OCCUPIED,OCCUPIED,0.7752696462923832
718.0,cctv2,C2_S012,G018,OCCUPIED,LEAVING,0.7610108370808039
718.0,cctv2,C2_S013,G019,OCCUPIED,OCCUPIED,0.8306133809414777
718.0,cctv2,C2_S014,G020,EMPTY,EMPTY,0.01
718.0,cctv3,C3_S001,G021,OCCUPIED,OCCUPIED,0.7891214988448404
718.0,cctv3,C3_S002,G019,EMPTY,EMPTY,0.01
718.0,cctv3,C3_S003,G020,OCCUPIED,LEAVING,0.7814436291564595
718.0,cctv3,C3_S004,G024,OCCUPIED,OCCUPIED,0.8282819130203941
718.0,cctv3,C3_S005,G025,OCCUPIED,OCCUPIED,0.8280636405402965
718.0,cctv3,C3_S006,G026,OCCUPIED,OCCUPIED,0.8250885212963278
718.0,cctv3,C3_S007,G027,OCCUPIED,OCCUPIED,0.7572579591111704
718.0,cctv3,C3_S008,G028,EMPTY,MANEUVERING,0.2090462222661484
718.0,cctv3,C3_S009,G029,EMPTY,MANEUVERING,0.2086204285296526
718.0,cctv3,C3_S010,G007,OCCUPIED,LEAVING,0.550312488096875
718.0,cctv3,C3_S011,G008,OCCUPIED,OCCUPIED,0.7601157643307339
718.0,cctv3,C3_S012,G009,OCCUPIED,OCCUPIED,0.8239173916253177
719.0,cctv1,C1_S001,G001,OCCUPIED,OCCUPIED,0.7341493351215667
719.0,cctv1,C1_S002,G002,EMPTY,EMPTY,0.01
719.0,cctv1,C1_S003,G003,OCCUPIED,OCCUPIED,0.8368704462593253
719.0,cctv1,C1_S004,G004,OCCUPIED,OCCUPIED,0.7766307928345421
719.0,cctv1,C1_S005,G005,OCCUPIED,OCCUPIED,0.711995431385257
719.0,cctv1,C1_S006,G006,EMPTY,MANEUVERING,0.3142539872391657
719.0,cctv2,C2_S001,G007,OCCUPIED,LEAVING,0.7376246235948621
719.0,cctv2,C2_S002,G008,OCCUPIED,LEAVING,0.7726365739513528
719.0,cctv2,C2_S003,G009,EMPTY,EMPTY,0.01
719.0,cctv2,C2_S004,G010,OCCUPIED,LEAVING,0.7195794254947793
719.0,cctv2,C2_S005,G001,EMPTY,EMPTY,0.01
719.0,cctv2,C2_S006,G003,OCCUPIED,OCCUPIED,0.8209084139628844
719.0,cctv2,C2_S007,G004,OCCUPIED,OCCUPIED,0.8039386659860611
719.0,cctv2,C2_S008,G006,OCCUPIED,OCCUPIED,0.7723386496305467
719.0,cctv2,C2_S009,G005,OCCUPIED,OCCUPIED,0.7980074955658479
719.0,cctv2,C2_S010,G002,EMPTY,MANEUVERING,0.49
719.0,cctv2,C2_S011,G017,OCCUPIED,OCCUPIED,0.7654712719537995
719.0,cctv2,C2_S012,G018,OCCUPIED,LEAVING,0.761302836984396
719.0,cctv2,C2_S013,G019,OCCUPIED,OCCUPIED,0.8317908837036654
719.0,cctv2,C2_S014,G020,EMPTY,EMPTY,0.01
719.0,cctv3,C3_S001,G021,OCCUPIED,OCCUPIED,0.7884612121365288
719.0,cctv3,C3_S002,G019,EMPTY,EMPTY,0.01
719.0,cctv3,C3_S003,G020,OCCUPIED,LEAVING,0.7811269523609768
719.0,cctv3,C3_S004,G024,OCCUPIED,OCCUPIED,0.8279489029537548
719.0,cctv3,C3_S005,G025,OCCUPIED,OCCUPIED,0.8280716286464171
719.0,cctv3,C3_S006,G026,OCCUPIED,OCCUPIED,0.8252272337675095
719.0,cctv3,C3_S007,G027,OCCUPIED,OCCUPIED,0.7578223576599902
719.0,cctv3,C3_S008,G028,EMPTY,MANEUVERING,0.2090462222661484
719.0,cctv3,C3_S009,G029,EMPTY,MANEUVERING,0.1570559564314105
719.0,cctv3,C3_S010,G007,OCCUPIED,LEAVING,0.598724675397304
719.0,cctv3,C3_S011,G008,OCCUPIED,OCCUPIED,0.7618066128004681
719.0,cctv3,C3_S012,G009,OCCUPIED,OCCUPIED,0.8252363622188569
720.0,cctv1,C1_S001,G001,OCCUPIED,OCCUPIED,0.7339599089866335
720.0,cctv1,C1_S002,G002,EMPTY,EMPTY,0.01
720.0,cctv1,C1_S003,G003,OCCUPIED,OCCUPIED,0.8368060496720402
720.0,cctv1,C1_S004,G004,OCCUPIED,OCCUPIED,0.7756304963068529
720.0,cctv1,C1_S005,G005,OCCUPIED,OCCUPIED,0.7094879605661739
720.0,cctv1,C1_S006,G006,EMPTY,MANEUVERING,0.3142539872391657
720.0,cctv2,C2_S001,G007,OCCUPIED,LEAVING,0.7209262977134098
720.0,cctv2,C2_S002,G008,OCCUPIED,LEAVING,0.7671132797409188
720.0,cctv2,C2_S003,G009,EMPTY,EMPTY,0.01
720.0,cctv2,C2_S004,G010,OCCUPIED,LEAVING,0.7534954700957646
720.0,cctv2,C2_S005,G001,EMPTY,EMPTY,0.01
720.0,cctv2,C2_S006,G003,OCCUPIED,OCCUPIED,0.8206531408158216
720.0,cctv2,C2_S007,G004,OCCUPIED,OCCUPIED,0.8033077510920439
720.0,cctv2,C2_S008,G006,OCCUPIED,OCCUPIED,0.7706829354166985
720.0,cctv2,C2_S009,G005,OCCUPIED,OCCUPIED,0.7969005153937774
720.0,cctv2,C2_S010,G002,EMPTY,MANEUVERING,0.49
720.0,cctv2,C2_S011,G017,OCCUPIED,OCCUPIED,0.7630681293119084
720.0,cctv2,C2_S012,G018,OCCUPIED,LEAVING,0.7604029375721109
720.0,cctv2,C2_S013,G019,OCCUPIED,OCCUPIED,0.83232183591886
720.0,cctv2,C2_S014,G020,EMPTY,EMPTY,0.01
720.0,cctv3,C3_S001,G021,OCCUPIED,OCCUPIED,0.7889936915852808
720.0,cctv3,C3_S002,G019,EMPTY,EMPTY,0.01
720.0,cctv3,C3_S003,G020,OCCUPIED,LEAVING,0.8186617217280648
720.0,cctv3,C3_S004,G024,OCCUPIED,OCCUPIED,0.8279803636399183
720.0,cctv3,C3_S005,G025,OCCUPIED,OCCUPIED,0.8283042119307952
720.0,cctv3,C3_S006,G026,OCCUPIED,OCCUPIED,0.8256575844504617
720.0,cctv3,C3_S007,G027,OCCUPIED,OCCUPIED,0.7589828889478337
720.0,cctv3,C3_S008,G028,EMPTY,MANEUVERING,0.1640462222661484
720.0,cctv3,C3_S009,G029,EMPTY,MANEUVERING,0.1120559564314105
720.0,cctv3,C3_S010,G007,OCCUPIED,LEAVING,0.6489992260140451
720.0,cctv3,C3_S011,G008,OCCUPIED,OCCUPIED,0.7637834705818783
720.0,cctv3,C3_S012,G009,OCCUPIED,OCCUPIED,0.8255214086987757
721.0,cctv1,C1_S001,G001,OCCUPIED,OCCUPIED,0.7323090381920339
721.0,cctv1,C1_S002,G002,EMPTY,EMPTY,0.01
721.0,cctv1,C1_S003,G003,OCCUPIED,OCCUPIED,0.8367619931697846
721.0,cctv1,C1_S004,G004,OCCUPIED,OCCUPIED,0.7757001036947424
721.0,cctv1,C1_S005,G005,OCCUPIED,OCCUPIED,0.7123966687213291
721.0,cctv1,C1_S006,G006,EMPTY,MANEUVERING,0.2696177812489596
721.0,cctv2,C2_S001,G007,OCCUPIED,OCCUPIED,0.7615536257624627
721.0,cctv2,C2_S002,G008,OCCUPIED,LEAVING,0.7609879266132008
721.0,cctv2,C2_S003,G009,EMPTY,EMPTY,0.01
721.0,cctv2,C2_S004,G010,OCCUPIED,LEAVING,0.6748646931756627
721.0,cctv2,C2_S005,G001,EMPTY,EMPTY,0.01
721.0,cctv2,C2_S006,G003,OCCUPIED,OCCUPIED,0.820226524905725
721.0,cctv2,C2_S007,G004,OCCUPIED,OCCUPIED,0.8016323124820537
721.0,cctv2,C2_S008,G006,OCCUPIED,OCCUPIED,0.7682115317745642
721.0,cctv2,C2_S009,G005,OCCUPIED,OCCUPIED,0.7951572924852371
721.0,cctv2,C2_S010,G002,EMPTY,MANEUVERING,0.49
721.0,cctv2,C2_S011,G017,OCCUPIED,OCCUPIED,0.7634218163652854
721.0,cctv2,C2_S012,G018,OCCUPIED,LEAVING,0.7591735027730465
721.0,cctv2,C2_S013,G019,OCCUPIED,OCCUPIED,0.8331847375089473
721.0,cctv2,C2_S014,G020,EMPTY,EMPTY,0.01
721.0,cctv3,C3_S001,G021,OCCUPIED,OCCUPIED,0.7883703795346347
721.0,cctv3,C3_S002,G019,EMPTY,EMPTY,0.01
721.0,cctv3,C3_S003,G020,OCCUPIED,LEAVING,0.8185052205215801
721.0,cctv3,C3_S004,G024,OCCUPIED,OCCUPIED,0.8275844712149014
721.0,cctv3,C3_S005,G025,OCCUPIED,OCCUPIED,0.8285108168016782
721.0,cctv3,C3_S006,G026,OCCUPIED,OCCUPIED,0.8259978665546939
721.0,cctv3,C3_S007,G027,OCCUPIED,OCCUPIED,0.7604613546620717
721.0,cctv3,C3_S008,G028,EMPTY,MANEUVERING,0.1040462222661484
721.0,cctv3,C3_S009,G029,EMPTY,MANEUVERING,0.1910906441184607
721.0,cctv3,C3_S010,G007,OCCUPIED,LEAVING,0.6039992260140452
721.0,cctv3,C3_S011,G008,OCCUPIED,OCCUPIED,0.7666090320457112
721.0,cctv3,C3_S012,G009,OCCUPIED,OCCUPIED,0.8250754857605155
722.0,cctv1,C1_S001,G001,OCCUPIED,OCCUPIED,0.729064157808369
722.0,cctv1,C1_S002,G002,EMPTY,EMPTY,0.01
722.0,cctv1,C1_S003,G003,OCCUPIED,OCCUPIED,0.836803130128167
722.0,cctv1,C1_S004,G004,OCCUPIED,OCCUPIED,0.7771708665923639
722.0,cctv1,C1_S005,G005,OCCUPIED,OCCUPIED,0.7127570470734076
722.0,cctv1,C1_S006,G006,EMPTY,MANEUVERING,0.193623637878082
722.0,cctv2,C2_S001,G007,OCCUPIED,OCCUPIED,0.7595173166556792
722.0,cctv2,C2_S002,G008,OCCUPIED,LEAVING,0.7602672331441533
722.0,cctv2,C2_S003,G009,EMPTY,EMPTY,0.01
722.0,cctv2,C2_S004,G010,OCCUPIED,LEAVING,0.595869168422439
722.0,cctv2,C2_S005,G001,EMPTY,EMPTY,0.01
722.0,cctv2,C2_S006,G003,OCCUPIED,OCCUPIED,0.8199493633075194
722.0,cctv2,C2_S007,G004,OCCUPIED,OCCUPIED,0.8006613146175039
722.0,cctv2,C2_S008,G006,OCCUPIED,OCCUPIED,0.7679975983771412
722.0,cctv2,C2_S009,G005,OCCUPIED,OCCUPIED,0.7934621502052654
722.0,cctv2,C2_S010,G002,EMPTY,MANEUVERING,0.49
722.0,cctv2,C2_S011,G017,OCCUPIED,OCCUPIED,0.7594389631531455
722.0,cctv2,C2_S012,G018,OCCUPIED,LEAVING,0.7601364475082268
722.0,cctv2,C2_S013,G019,OCCUPIED,OCCUPIED,0.8335746794939042
722.0,cctv2,C2_S014,G020,EMPTY,EMPTY,0.01
722.0,cctv3,C3_S001,G021,OCCUPIED,OCCUPIED,0.7891387430104343
722.0,cctv3,C3_S002,G019,EMPTY,EMPTY,0.01
722.0,cctv3,C3_S003,G020,OCCUPIED,LEAVING,0.8188796918500554
722.0,cctv3,C3_S004,G024,OCCUPIED,OCCUPIED,0.8278737482699482
722.0,cctv3,C3_S005,G025,OCCUPIED,OCCUPIED,0.8285439388318496
722.0,cctv3,C3_S006,G026,OCCUPIED,OCCUPIED,0.8260958988558162
722.0,cctv3,C3_S007,G027,OCCUPIED,OCCUPIED,0.7621616683223031
722.0,cctv3,C3_S008,G028,EMPTY,MANEUVERING,0.0840462222661484
722.0,cctv3,C3_S009,G029,EMPTY,MANEUVERING,0.2724468404254453
722.0,cctv3,C3_S010,G007,OCCUPIED,LEAVING,0.5250679983930154
722.0,cctv3,C3_S011,G008,OCCUPIED,OCCUPIED,0.767398085187782
722.0,cctv3,C3_S012,G009,OCCUPIED,OCCUPIED,0.8254791671579536
723.0,cctv1,C1_S001,G001,OCCUPIED,OCCUPIED,0.7277349025688389
723.0,cctv1,C1_S002,G002,EMPTY,EMPTY,0.01
723.0,cctv1,C1_S003,G003,OCCUPIED,OCCUPIED,0.8368782937526703
723.0,cctv1,C1_S004,G004,OCCUPIED,OCCUPIED,0.7743970963087949
723.0,cctv1,C1_S005,G005,OCCUPIED,OCCUPIED,0.7565944322130898
723.0,cctv1,C1_S006,G006,EMPTY,MANEUVERING,0.2315894020172682
723.0,cctv2,C2_S001,G007,OCCUPIED,OCCUPIED,0.6783420220423828
723.0,cctv2,C2_S002,G008,OCCUPIED,LEAVING,0.7540730894018304
723.0,cctv2,C2_S003,G009,EMPTY,EMPTY,0.01
723.0,cctv2,C2_S004,G010,OCCUPIED,OCCUPIED,0.5953833237606468
723.0,cctv2,C2_S005,G001,EMPTY,EMPTY,0.01
723.0,cctv2,C2_S006,G003,OCCUPIED,OCCUPIED,0.8194882029836829
723.0,cctv2,C2_S007,G004,OCCUPIED,OCCUPIED,0.79918725382198
723.0,cctv2,C2_S008,G006,OCCUPIED,OCCUPIED,0.7678687385537408
723.0,cctv2,C2_S009,G005,OCCUPIED,OCCUPIED,0.7920210952108557
723.0,cctv2,C2_S010,G002,EMPTY,MANEUVERING,0.49
723.0,cctv2,C2_S011,G017,OCCUPIED,OCCUPIED,0.7572079045393251
723.0,cctv2,C2_S012,G018,OCCUPIED,LEAVING,0.7608654292469675
723.0,cctv2,C2_S013,G019,OCCUPIED,OCCUPIED,0.8345587258989161
723.0,cctv2,C2_S014,G020,EMPTY,EMPTY,0.01
723.0,cctv3,C3_S001,G021,OCCUPIED,OCCUPIED,0.7883810279044239
723.0,cctv3,C3_S002,G019,EMPTY,EMPTY,0.01
723.0,cctv3,C3_S003,G020,OCCUPIED,LEAVING,0.8188249040733685
723.0,cctv3,C3_S004,G024,OCCUPIED,OCCUPIED,0.8277107496153225
723.0,cctv3,C3_S005,G025,OCCUPIED,OCCUPIED,0.829182609373873
723.0,cctv3,C3_S006,G026,OCCUPIED,OCCUPIED,0.8261565574190834
723.0,cctv3,C3_S007,G027,OCCUPIED,OCCUPIED,0.7623401242223653
723.0,cctv3,C3_S008,G028,EMPTY,MANEUVERING,0.0840462222661484
723.0,cctv3,C3_S009,G029,EMPTY,MANEUVERING,0.2751135070921119
723.0,cctv3,C3_S010,G007,OCCUPIED,LEAVING,0.5215625206693942
723.0,cctv3,C3_S011,G008,OCCUPIED,OCCUPIED,0.8047360826622356
723.0,cctv3,C3_S012,G009,OCCUPIED,OCCUPIED,0.8251163918863644
724.0,cctv1,C1_S001,G001,OCCUPIED,OCCUPIED,0.7277500737119805
724.0,cctv1,C1_S002,G002,EMPTY,EMPTY,0.01
724.0,cctv1,C1_S003,G003,OCCUPIED,OCCUPIED,0.8369720182635568
724.0,cctv1,C1_S004,G004,OCCUPIED,OCCUPIED,0.7748445476997983
724.0,cctv1,C1_S005,G005,OCCUPIED,OCCUPIED,0.756479750302705
724.0,cctv1,C1_S006,G006,EMPTY,MANEUVERING,0.2315894020172682
724.0,cctv2,C2_S001,G007,OCCUPIED,OCCUPIED,0.6778219300914895
724.0,cctv2,C2_S002,G008,OCCUPIED,LEAVING,0.7490201406587255
724.0,cctv2,C2_S003,G009,EMPTY,EMPTY,0.01
724.0,cctv2,C2_S004,G010,OCCUPIED,OCCUPIED,0.5980535445430063
724.0,cctv2,C2_S005,G001,EMPTY,EMPTY,0.01
724.0,cctv2,C2_S006,G003,OCCUPIED,OCCUPIED,0.8189016136256132
724.0,cctv2,C2_S007,G004,OCCUPIED,OCCUPIED,0.7973060637712479
724.0,cctv2,C2_S008,G006,OCCUPIED,OCCUPIED,0.7685997181318024
724.0,cctv2,C2_S009,G005,OCCUPIED,OCCUPIED,0.7912006074732001
724.0,cctv2,C2_S010,G002,EMPTY,MANEUVERING,0.49
724.0,cctv2,C2_S011,G017,OCCUPIED,OCCUPIED,0.7653038117289545
724.0,cctv2,C2_S012,G018,OCCUPIED,LEAVING,0.7582111786034975
724.0,cctv2,C2_S013,G019,OCCUPIED,OCCUPIED,0.8354875236749649
724.0,cctv2,C2_S014,G020,EMPTY,EMPTY,0.01
724.0,cctv3,C3_S001,G021,OCCUPIED,OCCUPIED,0.7893987726081502
724.0,cctv3,C3_S002,G019,EMPTY,EMPTY,0.01
724.0,cctv3,C3_S003,G020,OCCUPIED,LEAVING,0.8186227142810822
724.0,cctv3,C3_S004,G024,OCCUPIED,OCCUPIED,0.8281294448809191
724.0,cctv3,C3_S005,G025,OCCUPIED,OCCUPIED,0.8296580707485026
724.0,cctv3,C3_S006,G026,OCCUPIED,OCCUPIED,0.8264549612998963
724.0,cctv3,C3_S007,G027,OCCUPIED,OCCUPIED,0.7642346359112047
724.0,cctv3,C3_S008,G028,EMPTY,MANEUVERING,0.0740462222661484
724.0,cctv3,C3_S009,G029,EMPTY,MANEUVERING,0.4188832388648933
724.0,cctv3,C3_S010,G007,OCCUPIED,LEAVING,0.51
724.0,cctv3,C3_S011,G008,OCCUPIED,OCCUPIED,0.8054259484464472
724.0,cctv3,C3_S012,G009,OCCUPIED,OCCUPIED,0.8249407478354195
725.0,cctv1,C1_S001,G001,OCCUPIED,OCCUPIED,0.7281869657337666
725.0,cctv1,C1_S002,G002,EMPTY,EMPTY,0.01
725.0,cctv1,C1_S003,G003,OCCUPIED,OCCUPIED,0.83694750206037
725.0,cctv1,C1_S004,G004,OCCUPIED,OCCUPIED,0.7734758152203127
725.0,cctv1,C1_S005,G005,OCCUPIED,OCCUPIED,0.7546391961249439
725.0,cctv1,C1_S006,G006,EMPTY,MANEUVERING,0.3230763923911885
725.0,cctv2,C2_S001,G007,OCCUPIED,OCCUPIED,0.6736579335887324
725.0,cctv2,C2_S002,G008,OCCUPIED,OCCUPIED,0.7289786421381809
725.0,cctv2,C2_S003,G009,EMPTY,EMPTY,0.01
725.0,cctv2,C2_S004,G010,OCCUPIED,OCCUPIED,0.6401940231341304
725.0,cctv2,C2_S005,G001,EMPTY,EMPTY,0.01
725.0,cctv2,C2_S006,G003,OCCUPIED,OCCUPIED,0.8187969432635741
725.0,cctv2,C2_S007,G004,OCCUPIED,OCCUPIED,0.7970916422930632
725.0,cctv2,C2_S008,G006,OCCUPIED,OCCUPIED,0.7688207849860192
725.0,cctv2,C2_S009,G005,OCCUPIED,OCCUPIED,0.791361307555979
725.0,cctv2,C2_S010,G002,EMPTY,MANEUVERING,0.49
725.0,cctv2,C2_S011,G017,OCCUPIED,OCCUPIED,0.7615344692631203
725.0,cctv2,C2_S012,G018,OCCUPIED,LEAVING,0.7549662122672255
725.0,cctv2,C2_S013,G019,OCCUPIED,OCCUPIED,0.8362110885706815
725.0,cctv2,C2_S014,G020,EMPTY,EMPTY,0.01
725.0,cctv3,C3_S001,G021,OCCUPIED,OCCUPIED,0.7897640309550547
725.0,cctv3,C3_S002,G019,EMPTY,EMPTY,0.01
725.0,cctv3,C3_S003,G020,OCCUPIED,LEAVING,0.8194280304692009
725.0,cctv3,C3_S004,G024,OCCUPIED,OCCUPIED,0.8278260228308765
725.0,cctv3,C3_S005,G025,OCCUPIED,OCCUPIED,0.8297809923237021
725.0,cctv3,C3_S006,G026,OCCUPIED,OCCUPIED,0.8267637185075067
725.0,cctv3,C3_S007,G027,OCCUPIED,OCCUPIED,0.7647882227193226
725.0,cctv3,C3_S008,G028,EMPTY,MANEUVERING,0.0740462222661484
725.0,cctv3,C3_S009,G029,EMPTY,MANEUVERING,0.3366954100462184
725.0,cctv3,C3_S010,G007,OCCUPIED,LEAVING,0.5320375700004689
725.0,cctv3,C3_S011,G008,OCCUPIED,OCCUPIED,0.8058199747042223
725.0,cctv3,C3_S012,G009,OCCUPIED,OCCUPIED,0.824792845140804
726.0,cctv1,C1_S001,G001,OCCUPIED,OCCUPIED,0.7292904813858596
726.0,cctv1,C1_S002,G002,EMPTY,EMPTY,0.01
726.0,cctv1,C1_S003,G003,OCCUPIED,OCCUPIED,0.8370358897881075
726.0,cctv1,C1_S004,G004,OCCUPIED,OCCUPIED,0.7745728675614705
726.0,cctv1,C1_S005,G005,OCCUPIED,OCCUPIED,0.7552497693083504
726.0,cctv1,C1_S006,G006,EMPTY,MANEUVERING,0.3230763923911885
726.0,cctv2,C2_S001,G007,OCCUPIED,OCCUPIED,0.6719440735537897
726.0,cctv2,C2_S002,G008,OCCUPIED,OCCUPIED,0.7819868435913867
726.0,cctv2,C2_S003,G009,EMPTY,EMPTY,0.01
726.0,cctv2,C2_S004,G010,OCCUPIED,OCCUPIED,0.6803903129516227
726.0,cctv2,C2_S005,G001,EMPTY,EMPTY,0.01
726.0,cctv2,C2_S006,G003,OCCUPIED,OCCUPIED,0.8188373739069159
726.0,cctv2,C2_S007,G004,OCCUPIED,OCCUPIED,0.797990729321133
726.0,cctv2,C2_S008,G006,OCCUPIED,OCCUPIED,0.766513204574585
726.0,cctv2,C2_S009,G005,OCCUPIED,OCCUPIED,0.7921000334349546
726.0,cctv2,C2_S010,G002,EMPTY,MANEUVERING,0.49
726.0,cctv2,C2_S011,G017,OCCUPIED,OCCUPIED,0.7615114729783753
726.0,cctv2,C2_S012,G018,OCCUPIED,LEAVING,0.7540836094455287
726.0,cctv2,C2_S013,G019,OCCUPIED,OCCUPIED,0.8367378305305135
726.0,cctv2,C2_S014,G020,EMPTY,EMPTY,0.01
726.0,cctv3,C3_S001,G021,OCCUPIED,OCCUPIED,0.7899765179915862
726.0,cctv3,C3_S002,G019,EMPTY,EMPTY,0.01
726.0,cctv3,C3_S003,G020,OCCUPIED,LEAVING,0.8220144139094787
726.0,cctv3,C3_S004,G024,OCCUPIED,OCCUPIED,0.82783483998342
726.0,cctv3,C3_S005,G025,OCCUPIED,OCCUPIED,0.8298500250686299
726.0,cctv3,C3_S006,G026,OCCUPIED,OCCUPIED,0.8270126982168718
726.0,cctv3,C3_S007,G027,OCCUPIED,OCCUPIED,0.7645215599374339
726.0,cctv3,C3_S008,G028,EMPTY,MANEUVERING,0.0740462222661484
726.0,cctv3,C3_S009,G029,EMPTY,MANEUVERING,0.2916954100462185
726.0,cctv3,C3_S010,G007,OCCUPIED,LEAVING,0.5777689100511663
726.0,cctv3,C3_S011,G008,OCCUPIED,OCCUPIED,0.8059396800669758
726.0,cctv3,C3_S012,G009,OCCUPIED,OCCUPIED,0.8244547665119172
727.0,cctv1,C1_S001,G001,OCCUPIED,OCCUPIED,0.7299679915336046
727.0,cctv1,C1_S002,G002,EMPTY,EMPTY,0.01
727.0,cctv1,C1_S003,G003,OCCUPIED,OCCUPIED,0.8371870720928366
727.0,cctv1,C1_S004,G004,OCCUPIED,OCCUPIED,0.7731698523868215
727.0,cctv1,C1_S005,G005,OCCUPIED,OCCUPIED,0.7555113415826451
727.0,cctv1,C1_S006,G006,EMPTY,MANEUVERING,0.4282211507314986
727.0,cctv2,C2_S001,G007,OCCUPIED,OCCUPIED,0.7200035929341209
727.0,cctv2,C2_S002,G008,OCCUPIED,OCCUPIED,0.7819568703120405
727.0,cctv2,C2_S003,G009,EMPTY,MANEUVERING,0.2296680359135974
727.0,cctv2,C2_S004,G010,OCCUPIED,OCCUPIED,0.6824869341470979
727.0,cctv2,C2_S005,G001,EMPTY,EMPTY,0.01
727.0,cctv2,C2_S006,G003,OCCUPIED,OCCUPIED,0.8185975519093601
727.0,cctv2,C2_S007,G004,OCCUPIED,OCCUPIED,0.7975561822002585
727.0,cctv2,C2_S008,G006,OCCUPIED,OCCUPIED,0.7647001934322445
727.0,cctv2,C2_S009,G005,OCCUPIED,OCCUPIED,0.7938886157490991
727.0,cctv2,C2_S010,G002,EMPTY,MANEUVERING,0.49
727.0,cctv2,C2_S011,G017,OCCUPIED,OCCUPIED,0.760566081269221
727.0,cctv2,C2_S012,G018,OCCUPIED,LEAVING,0.7524641412225637
727.0,cctv2,C2_S013,G019,OCCUPIED,OCCUPIED,0.836768170378425
727.0,cctv2,C2_S014,G020,EMPTY,EMPTY,0.01
727.0,cctv3,C3_S001,G021,OCCUPIED,OCCUPIED,0.7905745847658678
727.0,cctv3,C3_S002,G019,EMPTY,EMPTY,0.01
727.0,cctv3,C3_S003,G020,OCCUPIED,LEAVING,0.8258678046139805
727.0,cctv3,C3_S004,G024,OCCUPIED,OCCUPIED,0.8278040734204379
727.0,cctv3,C3_S005,G025,OCCUPIED,OCCUPIED,0.8297425505789844
727.0,cctv3,C3_S006,G026,OCCUPIED,OCCUPIED,0.8272867630828511
727.0,cctv3,C3_S007,G027,OCCUPIED,OCCUPIED,0.7660718393596737
727.0,cctv3,C3_S008,G028,EMPTY,EMPTY,0.01
727.0,cctv3,C3_S009,G029,EMPTY,MANEUVERING,0.2539802150326696
727.0,cctv3,C3_S010,G007,OCCUPIED,LEAVING,0.6290367256951603
727.0,cctv3,C3_S011,G008,OCCUPIED,OCCUPIED,0.8062740068544042
727.0,cctv3,C3_S012,G009,OCCUPIED,OCCUPIED,0.8243994707410986
728.0,cctv1,C1_S001,G001,OCCUPIED,OCCUPIED,0.730726084587249
728.0,cctv1,C1_S002,G002,EMPTY,EMPTY,0.01
728.0,cctv1,C1_S003,G003,OCCUPIED,OCCUPIED,0.8370198014107618
728.0,cctv1,C1_S004,G004,OCCUPIED,OCCUPIED,0.7717854082584382
728.0,cctv1,C1_S005,G005,OCCUPIED,OCCUPIED,0.7571910879828714
728.0,cctv1,C1_S006,G006,EMPTY,MANEUVERING,0.49
728.0,cctv2,C2_S001,G007,OCCUPIED,OCCUPIED,0.7196777644414794
728.0,cctv2,C2_S002,G008,OCCUPIED,OCCUPIED,0.7791450309482488
728.0,cctv2,C2_S003,G009,EMPTY,MANEUVERING,0.2296680359135974
728.0,cctv2,C2_S004,G010,OCCUPIED,OCCUPIED,0.6822485572912477
728.0,cctv2,C2_S005,G001,EMPTY,EMPTY,0.01
728.0,cctv2,C2_S006,G003,OCCUPIED,OCCUPIED,0.8189210051840002
728.0,cctv2,C2_S007,G004,OCCUPIED,OCCUPIED,0.7970894810828296
728.0,cctv2,C2_S008,G006,OCCUPIED,OCCUPIED,0.7630889526822351
728.0,cctv2,C2_S009,G005,OCCUPIED,OCCUPIED,0.7921378607099707
728.0,cctv2,C2_S010,G002,EMPTY,MANEUVERING,0.49
728.0,cctv2,C2_S011,G017,OCCUPIED,OCCUPIED,0.7612596025792037
728.0,cctv2,C2_S012,G018,OCCUPIED,LEAVING,0.751124468445778
728.0,cctv2,C2_S013,G019,OCCUPIED,OCCUPIED,0.8368252136490563
728.0,cctv2,C2_S014,G020,EMPTY,EMPTY,0.01
728.0,cctv3,C3_S001,G021,OCCUPIED,OCCUPIED,0.7908032463355499
728.0,cctv3,C3_S002,G019,EMPTY,EMPTY,0.01
728.0,cctv3,C3_S003,G020,OCCUPIED,LEAVING,0.8261424961415205
728.0,cctv3,C3_S004,G024,OCCUPIED,OCCUPIED,0.82798400006511
728.0,cctv3,C3_S005,G025,OCCUPIED,OCCUPIED,0.8297922844236548
728.0,cctv3,C3_S006,G026,OCCUPIED,OCCUPIED,0.8272590005939657
728.0,cctv3,C3_S007,G027,OCCUPIED,OCCUPIED,0.7670471641150388
728.0,cctv3,C3_S008,G028,EMPTY,EMPTY,0.01
728.0,cctv3,C3_S009,G029,EMPTY,MANEUVERING,0.2089802150326696
728.0,cctv3,C3_S010,G007,OCCUPIED,LEAVING,0.6753895263102921
728.0,cctv3,C3_S011,G008,OCCUPIED,OCCUPIED,0.8077978624538943
728.0,cctv3,C3_S012,G009,OCCUPIED,OCCUPIED,0.8244995545257222
729.0,cctv1,C1_S001,G001,OCCUPIED,OCCUPIED,0.7308882027864457
729.0,cctv1,C1_S002,G002,EMPTY,EMPTY,0.01
729.0,cctv1,C1_S003,G003,OCCUPIED,OCCUPIED,0.8371058141643352
729.0,cctv1,C1_S004,G004,OCCUPIED,OCCUPIED,0.7697311279448596
729.0,cctv1,C1_S005,G005,OCCUPIED,OCCUPIED,0.7584588458592242
729.0,cctv1,C1_S006,G006,EMPTY,MANEUVERING,0.4289239556545561
729.0,cctv2,C2_S001,G007,OCCUPIED,OCCUPIED,0.7188545480031859
729.0,cctv2,C2_S002,G008,OCCUPIED,OCCUPIED,0.77667624367909
729.0,cctv2,C2_S003,G009,EMPTY,MANEUVERING,0.2296680359135974
729.0,cctv2,C2_S004,G010,OCCUPIED,OCCUPIED,0.6769954126892668
729.0,cctv2,C2_S005,G001,EMPTY,EMPTY,0.01
729.0,cctv2,C2_S006,G003,OCCUPIED,OCCUPIED,0.8195273729887876
729.0,cctv2,C2_S007,G004,OCCUPIED,OCCUPIED,0.7970431219447743
729.0,cctv2,C2_S008,G006,OCCUPIED,OCCUPIED,0.7640255690975624
729.0,cctv2,C2_S009,G005,OCCUPIED,OCCUPIED,0.7919091219251807
729.0,cctv2,C2_S010,G002,EMPTY,MANEUVERING,0.49
729.0,cctv2,C2_S011,G017,OCCUPIED,LEAVING,0.7594381615790455
729.0,cctv2,C2_S012,G018,OCCUPIED,LEAVING,0.752247072688558
729.0,cctv2,C2_S013,G019,OCCUPIED,OCCUPIED,0.837599172375419
729.0,cctv2,C2_S014,G020,EMPTY,EMPTY,0.01
729.0,cctv3,C3_S001,G021,OCCUPIED,OCCUPIED,0.7909566914493388
729.0,cctv3,C3_S002,G019,EMPTY,EMPTY,0.01
729.0,cctv3,C3_S003,G020,OCCUPIED,LEAVING,0.8278203032233499
729.0,cctv3,C3_S004,G024,OCCUPIED,OCCUPIED,0.828385070779107
729.0,cctv3,C3_S005,G025,OCCUPIED,OCCUPIED,0.8298853660171683
729.0,cctv3,C3_S006,G026,OCCUPIED,OCCUPIED,0.8273416150699963
729.0,cctv3,C3_S007,G027,OCCUPIED,OCCUPIED,0.7691956651481716
729.0,cctv3,C3_S008,G028,EMPTY,EMPTY,0.01
729.0,cctv3,C3_S009,G029,EMPTY,MANEUVERING,0.2089802150326696
729.0,cctv3,C3_S010,G007,OCCUPIED,LEAVING,0.6766913263973865
729.0,cctv3,C3_S011,G008,OCCUPIED,OCCUPIED,0.8085296097126875
729.0,cctv3,C3_S012,G009,OCCUPIED,OCCUPIED,0.8251072772524575
730.0,cctv1,C1_S001,G001,OCCUPIED,OCCUPIED,0.7316804139451548
730.0,cctv1,C1_S002,G002,EMPTY,EMPTY,0.01
730.0,cctv1,C1_S003,G003,OCCUPIED,OCCUPIED,0.8371101804754951
730.0,cctv1,C1_S004,G004,OCCUPIED,OCCUPIED,0.7692289485172793
730.0,cctv1,C1_S005,G005,OCCUPIED,OCCUPIED,0.7607326999306679
730.0,cctv1,C1_S006,G006,EMPTY,MANEUVERING,0.3956687716631727
730.0,cctv2,C2_S001,G007,OCCUPIED,OCCUPIED,0.7182770912010562
730.0,cctv2,C2_S002,G008,OCCUPIED,OCCUPIED,0.7801017110997981
730.0,cctv2,C2_S003,G009,EMPTY,MANEUVERING,0.3111301641098477
730.0,cctv2,C2_S004,G010,OCCUPIED,OCCUPIED,0.6816284290768884
730.0,cctv2,C2_S005,G001,EMPTY,EMPTY,0.01
730.0,cctv2,C2_S006,G003,OCCUPIED,OCCUPIED,0.8197282143614509
730.0,cctv2,C2_S007,G004,OCCUPIED,OCCUPIED,0.7971882058815524
730.0,cctv2,C2_S008,G006,OCCUPIED,OCCUPIED,0.7633719395507467
730.0,cctv2,C2_S009,G005,OCCUPIED,OCCUPIED,0.789496520432559
730.0,cctv2,C2_S010,G002,OCCUPIED,OCCUPIED,0.7956482062285597
730.0,cctv2,C2_S011,G017,OCCUPIED,OCCUPIED,0.7683223923498934
730.0,cctv2,C2_S012,G018,OCCUPIED,OCCUPIED,0.7506190295246515
730.0,cctv2,C2_S013,G019,OCCUPIED,OCCUPIED,0.8373742772774264
730.0,cctv2,C2_S014,G020,EMPTY,EMPTY,0.01
730.0,cctv3,C3_S001,G021,OCCUPIED,OCCUPIED,0.7923371821641922
730.0,cctv3,C3_S002,G019,EMPTY,EMPTY,0.01
730.0,cctv3,C3_S003,G020,OCCUPIED,OCCUPIED,0.8266797799955715
730.0,cctv3,C3_S004,G024,OCCUPIED,OCCUPIED,0.8283662774346092
730.0,cctv3,C3_S005,G025,OCCUPIED,OCCUPIED,0.8298714290965687
730.0,cctv3,C3_S006,G026,OCCUPIED,OCCUPIED,0.8274597159840844
730.0,cctv3,C3_S007,G027,OCCUPIED,OCCUPIED,0.7696211220188575
730.0,cctv3,C3_S008,G028,EMPTY,EMPTY,0.01
730.0,cctv3,C3_S009,G029,EMPTY,MANEUVERING,0.2089802150326696
730.0,cctv3,C3_S010,G007,OCCUPIED,LEAVING,0.6775357483801517
730.0,cctv3,C3_S011,G008,OCCUPIED,OCCUPIED,0.8074169066819279
730.0,cctv3,C3_S012,G009,OCCUPIED,OCCUPIED,0.8249348112127999
731.0,cctv1,C1_S001,G001,OCCUPIED,OCCUPIED,0.7322413008321416
731.0,cctv1,C1_S002,G002,EMPTY,EMPTY,0.01
731.0,cctv1,C1_S003,G003,OCCUPIED,OCCUPIED,0.837142180854624
731.0,cctv1,C1_S004,G004,OCCUPIED,OCCUPIED,0.7703968741677025
731.0,cctv1,C1_S005,G005,OCCUPIED,OCCUPIED,0.7636947052045302
731.0,cctv1,C1_S006,G006,EMPTY,MANEUVERING,0.3506687716631727
731.0,cctv2,C2_S001,G007,OCCUPIED,OCCUPIED,0.7171123517711054
731.0,cctv2,C2_S002,G008,OCCUPIED,OCCUPIED,0.7830608793280343
731.0,cctv2,C2_S003,G009,EMPTY,MANEUVERING,0.2661301641098477
731.0,cctv2,C2_S004,G010,OCCUPIED,OCCUPIED,0.6863205231048845
731.0,cctv2,C2_S005,G001,EMPTY,EMPTY,0.01
731.0,cctv2,C2_S006,G003,OCCUPIED,OCCUPIED,0.8195823948491704
731.0,cctv2,C2_S007,G004,OCCUPIED,OCCUPIED,0.7962834691459483
731.0,cctv2,C2_S008,G006,OCCUPIED,OCCUPIED,0.7627202013676817
731.0,cctv2,C2_S009,G005,OCCUPIED,OCCUPIED,0.7862272201613947
731.0,cctv2,C2_S010,G002,OCCUPIED,OCCUPIED,0.7920399165966294
731.0,cctv2,C2_S011,G017,OCCUPIED,OCCUPIED,0.7681116889823567
731.0,cctv2,C2_S012,G018,OCCUPIED,OCCUPIED,0.7514011856507172
731.0,cctv2,C2_S013,G019,OCCUPIED,OCCUPIED,0.8366813619028439
731.0,cctv2,C2_S014,G020,EMPTY,EMPTY,0.01
731.0,cctv3,C3_S001,G021,OCCUPIED,OCCUPIED,0.792564548145641
731.0,cctv3,C3_S002,G019,EMPTY,EMPTY,0.01
731.0,cctv3,C3_S003,G020,OCCUPIED,OCCUPIED,0.8261579887433486
731.0,cctv3,C3_S004,G024,OCCUPIED,OCCUPIED,0.8282619972120633
731.0,cctv3,C3_S005,G025,OCCUPIED,OCCUPIED,0.8297588177702644
731.0,cctv3,C3_S006,G026,OCCUPIED,OCCUPIED,0.8273473680019379
731.0,cctv3,C3_S007,G027,OCCUPIED,OCCUPIED,0.7684927065264096
731.0,cctv3,C3_S008,G028,EMPTY,EMPTY,0.01
731.0,cctv3,C3_S009,G029,EMPTY,MANEUVERING,0.2970866043450819
731.0,cctv3,C3_S010,G007,OCCUPIED,LEAVING,0.5805740134127728
731.0,cctv3,C3_S011,G008,OCCUPIED,OCCUPIED,0.8063280801881444
731.0,cctv3,C3_S012,G009,OCCUPIED,OCCUPIED,0.8248958045786078
732.0,cctv1,C1_S001,G001,OCCUPIED,OCCUPIED,0.73364213203842
732.0,cctv1,C1_S002,G002,EMPTY,EMPTY,0.01
732.0,cctv1,C1_S003,G003,OCCUPIED,OCCUPIED,0.8371491318399257
732.0,cctv1,C1_S004,G004,OCCUPIED,OCCUPIED,0.7707821990955961
732.0,cctv1,C1_S005,G005,OCCUPIED,OCCUPIED,0.76174872842702
732.0,cctv1,C1_S006,G006,EMPTY,MANEUVERING,0.3056687716631727
732.0,cctv2,C2_S001,G007,OCCUPIED,OCCUPIED,0.7138327280838381
732.0,cctv2,C2_S002,G008,OCCUPIED,OCCUPIED,0.7876183665611528
732.0,cctv2,C2_S003,G009,EMPTY,MANEUVERING,0.3457193556698886
732.0,cctv2,C2_S004,G010,OCCUPIED,OCCUPIED,0.7265911168266427
732.0,cctv2,C2_S005,G001,EMPTY,EMPTY,0.01
732.0,cctv2,C2_S006,G003,OCCUPIED,OCCUPIED,0.8196897856213831
732.0,cctv2,C2_S007,G004,OCCUPIED,OCCUPIED,0.7957328555258838
732.0,cctv2,C2_S008,G006,OCCUPIED,OCCUPIED,0.7638337127187036
732.0,cctv2,C2_S009,G005,OCCUPIED,OCCUPIED,0.785954137146473
732.0,cctv2,C2_S010,G002,OCCUPIED,OCCUPIED,0.6983085418424824
732.0,cctv2,C2_S011,G017,OCCUPIED,LEAVING,0.7594110517610204
732.0,cctv2,C2_S012,G018,OCCUPIED,LEAVING,0.7540944681248882
732.0,cctv2,C2_S013,G019,OCCUPIED,OCCUPIED,0.8360469016161832
732.0,cctv2,C2_S014,G020,EMPTY,EMPTY,0.01
732.0,cctv3,C3_S001,G021,OCCUPIED,OCCUPIED,0.7944031886079095
732.0,cctv3,C3_S002,G019,EMPTY,EMPTY,0.01
732.0,cctv3,C3_S003,G020,OCCUPIED,OCCUPIED,0.8258141685615887
732.0,cctv3,C3_S004,G024,OCCUPIED,OCCUPIED,0.8283927020701496
732.0,cctv3,C3_S005,G025,OCCUPIED,OCCUPIED,0.8297248870134354
732.0,cctv3,C3_S006,G026,OCCUPIED,OCCUPIED,0.8273288054899737
732.0,cctv3,C3_S007,G027,OCCUPIED,OCCUPIED,0.7691039270975374
732.0,cctv3,C3_S008,G028,EMPTY,EMPTY,0.01
732.0,cctv3,C3_S009,G029,EMPTY,MANEUVERING,0.3486895044478164
732.0,cctv3,C3_S010,G007,OCCUPIED,LEAVING,0.5239073467461062
732.0,cctv3,C3_S011,G008,OCCUPIED,OCCUPIED,0.8048785518516195
732.0,cctv3,C3_S012,G009,OCCUPIED,OCCUPIED,0.8246536376801404
733.0,cctv1,C1_S001,G001,OCCUPIED,OCCUPIED,0.7344465086405928
733.0,cctv1,C1_S002,G002,EMPTY,EMPTY,0.01
733.0,cctv1,C1_S003,G003,OCCUPIED,OCCUPIED,0.8371558511799033
733.0,cctv1,C1_S004,G004,OCCUPIED,OCCUPIED,0.7702859083359892
733.0,cctv1,C1_S005,G005,OCCUPIED,OCCUPIED,0.7621154786510902
733.0,cctv1,C1_S006,G006,EMPTY,MANEUVERING,0.3056687716631727
733.0,cctv2,C2_S001,G007,OCCUPIED,OCCUPIED,0.7117271101881157
733.0,cctv2,C2_S002,G008,OCCUPIED,OCCUPIED,0.7864117545160381
733.0,cctv2,C2_S003,G009,EMPTY,MANEUVERING,0.3457193556698886
733.0,cctv2,C2_S004,G010,OCCUPIED,OCCUPIED,0.6815911168266426
733.0,cctv2,C2_S005,G001,EMPTY,EMPTY,0.01
733.0,cctv2,C2_S006,G003,OCCUPIED,OCCUPIED,0.8202592600475659
733.0,cctv2,C2_S007,G004,OCCUPIED,OCCUPIED,0.7957324865189466
733.0,cctv2,C2_S008,G006,OCCUPIED,OCCUPIED,0.764007436551831
733.0,cctv2,C2_S009,G005,OCCUPIED,OCCUPIED,0.7860065979036419
733.0,cctv2,C2_S010,G002,OCCUPIED,LEAVING,0.6965247476778248
733.0,cctv2,C2_S011,G017,OCCUPIED,LEAVING,0.7617083324898374
733.0,cctv2,C2_S012,G018,OCCUPIED,LEAVING,0.75343578342687
733.0,cctv2,C2_S013,G019,OCCUPIED,OCCUPIED,0.8355173896659505
733.0,cctv2,C2_S014,G020,EMPTY,EMPTY,0.01
733.0,cctv3,C3_S001,G021,OCCUPIED,OCCUPIED,0.7944110767407851
733.0,cctv3,C3_S002,G019,EMPTY,EMPTY,0.01
733.0,cctv3,C3_S003,G020,OCCUPIED,OCCUPIED,0.8259940456260335
733.0,cctv3,C3_S004,G024,OCCUPIED,OCCUPIED,0.8283237717368387
733.0,cctv3,C3_S005,G025,OCCUPIED,OCCUPIED,0.8298319453542884
733.0,cctv3,C3_S006,G026,OCCUPIED,OCCUPIED,0.8274598476561634
733.0,cctv3,C3_S007,G027,OCCUPIED,OCCUPIED,0.768108447979797
733.0,cctv3,C3_S008,G028,EMPTY,EMPTY,0.01
733.0,cctv3,C3_S009,G029,EMPTY,MANEUVERING,0.2497475294816223
733.0,cctv3,C3_S010,G007,OCCUPIED,LEAVING,0.5624903060075912
733.0,cctv3,C3_S011,G008,OCCUPIED,OCCUPIED,0.8050634064457634
733.0,cctv3,C3_S012,G009,OCCUPIED,OCCUPIED,0.8246852007779208
734.0,cctv1,C1_S001,G001,OCCUPIED,OCCUPIED,0.7355926295573062
734.0,cctv1,C1_S002,G002,EMPTY,EMPTY,0.01
734.0,cctv1,C1_S003,G003,OCCUPIED,OCCUPIED,0.837283739718524
734.0,cctv1,C1_S004,G004,OCCUPIED,OCCUPIED,0.7718067716468465
734.0,cctv1,C1_S005,G005,OCCUPIED,OCCUPIED,0.7639672676270659
734.0,cctv1,C1_S006,G006,EMPTY,MANEUVERING,0.2718089612099257
734.0,cctv2,C2_S001,G007,OCCUPIED,OCCUPIED,0.7474265068769456
734.0,cctv2,C2_S002,G008,OCCUPIED,OCCUPIED,0.7875365701588718
734.0,cctv2,C2_S003,G009,EMPTY,MANEUVERING,0.3007193556698885
734.0,cctv2,C2_S004,G010,OCCUPIED,OCCUPIED,0.6852283379841935
734.0,cctv2,C2_S005,G001,EMPTY,EMPTY,0.01
734.0,cctv2,C2_S006,G003,OCCUPIED,OCCUPIED,0.8210945096882908
734.0,cctv2,C2_S007,G004,OCCUPIED,OCCUPIED,0.795937925848094
734.0,cctv2,C2_S008,G006,OCCUPIED,OCCUPIED,0.7628620264205066
734.0,cctv2,C2_S009,G005,OCCUPIED,OCCUPIED,0.7856787766922605
734.0,cctv2,C2_S010,G002,OCCUPIED,LEAVING,0.6927418749711731
734.0,cctv2,C2_S011,G017,OCCUPIED,LEAVING,0.7615320597453552
734.0,cctv2,C2_S012,G018,OCCUPIED,LEAVING,0.7535478485578841
734.0,cctv2,C2_S013,G019,OCCUPIED,OCCUPIED,0.835578988627954
734.0,cctv2,C2_S014,G020,EMPTY,EMPTY,0.01
734.0,cctv3,C3_S001,G021,OCCUPIED,OCCUPIED,0.7957539230585099
734.0,cctv3,C3_S002,G019,EMPTY,EMPTY,0.01
734.0,cctv3,C3_S003,G020,OCCUPIED,OCCUPIED,0.826079048080878
734.0,cctv3,C3_S004,G024,OCCUPIED,OCCUPIED,0.8285042583942414
734.0,cctv3,C3_S005,G025,OCCUPIED,OCCUPIED,0.829763107679107
734.0,cctv3,C3_S006,G026,OCCUPIED,OCCUPIED,0.8273318900303408
734.0,cctv3,C3_S007,G027,OCCUPIED,OCCUPIED,0.7686190028082241
734.0,cctv3,C3_S008,G028,EMPTY,EMPTY,0.01
734.0,cctv3,C3_S009,G029,EMPTY,MANEUVERING,0.3276442734631287
734.0,cctv3,C3_S010,G007,OCCUPIED,LEAVING,0.51
734.0,cctv3,C3_S011,G008,OCCUPIED,OCCUPIED,0.8044935817068274
734.0,cctv3,C3_S012,G009,OCCUPIED,OCCUPIED,0.8245200921188702
735.0,cctv1,C1_S001,G001,OCCUPIED,OCCUPIED,0.7363110874864188
735.0,cctv1,C1_S002,G002,EMPTY,EMPTY,0.01
735.0,cctv1,C1_S003,G003,OCCUPIED,OCCUPIED,0.8372888286005368
735.0,cctv1,C1_S004,G004,OCCUPIED,OCCUPIED,0.7729998048056257
735.0,cctv1,C1_S005,G005,OCCUPIED,OCCUPIED,0.7634033571590078
735.0,cctv1,C1_S006,G006,EMPTY,MANEUVERING,0.3503857740251855
735.0,cctv2,C2_S001,G007,OCCUPIED,OCCUPIED,0.7445059925317765
735.0,cctv2,C2_S002,G008,OCCUPIED,OCCUPIED,0.7902604960582473
735.0,cctv2,C2_S003,G009,EMPTY,MANEUVERING,0.3861772335930304
735.0,cctv2,C2_S004,G010,OCCUPIED,OCCUPIED,0.6856190786172043
735.0,cctv2,C2_S005,G001,EMPTY,EMPTY,0.01
735.0,cctv2,C2_S006,G003,OCCUPIED,OCCUPIED,0.8214753898707303
735.0,cctv2,C2_S007,G004,OCCUPIED,OCCUPIED,0.7968981851230968
735.0,cctv2,C2_S008,G006,OCCUPIED,OCCUPIED,0.7627396181225777
735.0,cctv2,C2_S009,G005,OCCUPIED,OCCUPIED,0.7858301686969671
735.0,cctv2,C2_S010,G002,OCCUPIED,LEAVING,0.6907331561229446
735.0,cctv2,C2_S011,G017,OCCUPIED,LEAVING,0.760373079668392
735.0,cctv2,C2_S012,G018,OCCUPIED,LEAVING,0.7542764295908538
735.0,cctv2,C2_S013,G019,OCCUPIED,OCCUPIED,0.8348954829302702
735.0,cctv2,C2_S014,G020,EMPTY,EMPTY,0.01
735.0,cctv3,C3_S001,G021,OCCUPIED,OCCUPIED,0.7970772396434438
735.0,cctv3,C3_S002,G019,EMPTY,EMPTY,0.01
735.0,cctv3,C3_S003,G020,OCCUPIED,OCCUPIED,0.8267867042259738
735.0,cctv3,C3_S004,G024,OCCUPIED,OCCUPIED,0.8285445216027174
735.0,cctv3,C3_S005,G025,OCCUPIED,OCCUPIED,0.8296813742680984
735.0,cctv3,C3_S006,G026,OCCUPIED,OCCUPIED,0.827364870634946
735.0,cctv3,C3_S007,G027,OCCUPIED,OCCUPIED,0.7678970362652433
735.0,cctv3,C3_S008,G028,EMPTY,EMPTY,0.01
735.0,cctv3,C3_S009,G029,EMPTY,MANEUVERING,0.2512251779857007
735.0,cctv3,C3_S010,G007,OCCUPIED,LEAVING,0.5615222420123491
735.0,cctv3,C3_S011,G008,OCCUPIED,OCCUPIED,0.8041883772069758
735.0,cctv3,C3_S012,G009,OCCUPIED,OCCUPIED,0.8248505288904364
736.0,cctv1,C1_S001,G001,OCCUPIED,OCCUPIED,0.7359156207604842
736.0,cctv1,C1_S002,G002,EMPTY,EMPTY,0.01
736.0,cctv1,C1_S003,G003,OCCUPIED,OCCUPIED,0.8372840120033784
736.0,cctv1,C1_S004,G004,OCCUPIED,OCCUPIED,0.7736389028755102
736.0,cctv1,C1_S005,G005,OCCUPIED,OCCUPIED,0.7652150641788137
736.0,cctv1,C1_S006,G006,EMPTY,MANEUVERING,0.3040019108625975
736.0,cctv2,C2_S001,G007,OCCUPIED,OCCUPIED,0.7486016852611845
736.0,cctv2,C2_S002,G008,OCCUPIED,OCCUPIED,0.7913923902945086
736.0,cctv2,C2_S003,G009,EMPTY,MANEUVERING,0.3411772335930304
736.0,cctv2,C2_S004,G010,OCCUPIED,OCCUPIED,0.683509519438852
736.0,cctv2,C2_S005,G001,EMPTY,EMPTY,0.01
736.0,cctv2,C2_S006,G003,OCCUPIED,OCCUPIED,0.8215144712816586
736.0,cctv2,C2_S007,G004,OCCUPIED,OCCUPIED,0.7972077469934118
736.0,cctv2,C2_S008,G006,OCCUPIED,OCCUPIED,0.762049754776738
736.0,cctv2,C2_S009,G005,OCCUPIED,OCCUPIED,0.7853620866482909
736.0,cctv2,C2_S010,G002,OCCUPIED,LEAVING,0.7353691785714844
736.0,cctv2,C2_S011,G017,OCCUPIED,LEAVING,0.7604011115973647
736.0,cctv2,C2_S012,G018,OCCUPIED,LEAVING,0.7570938213305041
736.0,cctv2,C2_S013,G019,OCCUPIED,OCCUPIED,0.8342483447356658
736.0,cctv2,C2_S014,G020,EMPTY,EMPTY,0.01
736.0,cctv3,C3_S001,G021,OCCUPIED,OCCUPIED,0.7971128431233494
736.0,cctv3,C3_S002,G019,EMPTY,EMPTY,0.01
736.0,cctv3,C3_S003,G020,OCCUPIED,OCCUPIED,0.826946631344882
736.0,cctv3,C3_S004,G024,OCCUPIED,OCCUPIED,0.8287901209159332
736.0,cctv3,C3_S005,G025,OCCUPIED,OCCUPIED,0.8296306293119085
736.0,cctv3,C3_S006,G026,OCCUPIED,OCCUPIED,0.8274978683753448
736.0,cctv3,C3_S007,G027,OCCUPIED,OCCUPIED,0.7671965883536773
736.0,cctv3,C3_S008,G028,EMPTY,EMPTY,0.01
736.0,cctv3,C3_S009,G029,EMPTY,MANEUVERING,0.2895659304982559
736.0,cctv3,C3_S010,G007,OCCUPIED,LEAVING,0.5251695461876981
736.0,cctv3,C3_S011,G008,OCCUPIED,OCCUPIED,0.8034953374754299
736.0,cctv3,C3_S012,G009,OCCUPIED,OCCUPIED,0.8247968977147884
737.0,cctv1,C1_S001,G001,OCCUPIED,OCCUPIED,0.7356158637865023
737.0,cctv1,C1_S002,G002,EMPTY,EMPTY,0.01
737.0,cctv1,C1_S003,G003,OCCUPIED,OCCUPIED,0.8372245653109118
737.0,cctv1,C1_S004,G004,OCCUPIED,OCCUPIED,0.7733218434182081
737.0,cctv1,C1_S005,G005,OCCUPIED,OCCUPIED,0.7640325802293692
737.0,cctv1,C1_S006,G006,EMPTY,MANEUVERING,0.3040019108625975
737.0,cctv2,C2_S001,G007,OCCUPIED,OCCUPIED,0.7469372014430437
737.0,cctv2,C2_S002,G008,OCCUPIED,OCCUPIED,0.7911940864541315
737.0,cctv2,C2_S003,G009,EMPTY,MANEUVERING,0.3171772335930304
737.0,cctv2,C2_S004,G010,OCCUPIED,OCCUPIED,0.6494352822321834
737.0,cctv2,C2_S005,G001,EMPTY,EMPTY,0.01
737.0,cctv2,C2_S006,G003,OCCUPIED,OCCUPIED,0.821751140464436
737.0,cctv2,C2_S007,G004,OCCUPIED,OCCUPIED,0.7975758996876804
737.0,cctv2,C2_S008,G006,OCCUPIED,OCCUPIED,0.7629233254627749
737.0,cctv2,C2_S009,G005,OCCUPIED,OCCUPIED,0.786049563640898
737.0,cctv2,C2_S010,G002,OCCUPIED,LEAVING,0.7355309345505455
737.0,cctv2,C2_S011,G017,OCCUPIED,LEAVING,0.7585523238507186
737.0,cctv2,C2_S012,G018,OCCUPIED,LEAVING,0.7587628332051365
737.0,cctv2,C2_S013,G019,OCCUPIED,OCCUPIED,0.8341407458890568
737.0,cctv2,C2_S014,G020,EMPTY,EMPTY,0.01
737.0,cctv3,C3_S001,G021,OCCUPIED,OCCUPIED,0.7970743989402598
737.0,cctv3,C3_S002,G019,EMPTY,EMPTY,0.01
737.0,cctv3,C3_S003,G020,OCCUPIED,OCCUPIED,0.8273545603860509
737.0,cctv3,C3_S004,G024,OCCUPIED,OCCUPIED,0.8287348519672048
737.0,cctv3,C3_S005,G025,OCCUPIED,OCCUPIED,0.8295748458667236
737.0,cctv3,C3_S006,G026,OCCUPIED,OCCUPIED,0.8276733458042145
737.0,cctv3,C3_S007,G027,OCCUPIED,OCCUPIED,0.7675942038947886
737.0,cctv3,C3_S008,G028,EMPTY,EMPTY,0.01
737.0,cctv3,C3_S009,G029,EMPTY,MANEUVERING,0.3826452728936618
737.0,cctv3,C3_S010,G007,OCCUPIED,LEAVING,0.51
737.0,cctv3,C3_S011,G008,OCCUPIED,OCCUPIED,0.8030193705450406
737.0,cctv3,C3_S012,G009,OCCUPIED,OCCUPIED,0.8253784396431664
738.0,cctv1,C1_S001,G001,OCCUPIED,OCCUPIED,0.7350156890397723
738.0,cctv1,C1_S002,G002,EMPTY,EMPTY,0.01
738.0,cctv1,C1_S003,G003,OCCUPIED,OCCUPIED,0.8372101870450107
738.0,cctv1,C1_S004,G004,OCCUPIED,OCCUPIED,0.773359369554303
738.0,cctv1,C1_S005,G005,OCCUPIED,OCCUPIED,0.7624484446238389
738.0,cctv1,C1_S006,G006,EMPTY,MANEUVERING,0.2708300469747998
738.0,cctv2,C2_S001,G007,OCCUPIED,OCCUPIED,0.7439581999047237
738.0,cctv2,C2_S002,G008,OCCUPIED,OCCUPIED,0.7905326520854777
738.0,cctv2,C2_S003,G009,EMPTY,MANEUVERING,0.2816196934255686
738.0,cctv2,C2_S004,G010,OCCUPIED,OCCUPIED,0.644250879667022
738.0,cctv2,C2_S005,G001,EMPTY,EMPTY,0.01
738.0,cctv2,C2_S006,G003,OCCUPIED,OCCUPIED,0.8221103443340823
738.0,cctv2,C2_S007,G004,OCCUPIED,OCCUPIED,0.7985561771826312
738.0,cctv2,C2_S008,G006,OCCUPIED,OCCUPIED,0.7629720494151117
738.0,cctv2,C2_S009,G005,OCCUPIED,OCCUPIED,0.7863375247879463
738.0,cctv2,C2_S010,G002,OCCUPIED,LEAVING,0.734964599528096
738.0,cctv2,C2_S011,G017,OCCUPIED,LEAVING,0.7581151753934948
738.0,cctv2,C2_S012,G018,OCCUPIED,LEAVING,0.758083011480895
738.0,cctv2,C2_S013,G019,OCCUPIED,OCCUPIED,0.8332789870825681
738.0,cctv2,C2_S014,G020,EMPTY,EMPTY,0.01
738.0,cctv3,C3_S001,G021,OCCUPIED,OCCUPIED,0.7962519865144384
738.0,cctv3,C3_S002,G019,EMPTY,EMPTY,0.01
738.0,cctv3,C3_S003,G020,OCCUPIED,OCCUPIED,0.8279014164751227
738.0,cctv3,C3_S004,G024,OCCUPIED,OCCUPIED,0.8287797553972764
738.0,cctv3,C3_S005,G025,OCCUPIED,OCCUPIED,0.8295530078085986
738.0,cctv3,C3_S006,G026,OCCUPIED,OCCUPIED,0.827850412238728
738.0,cctv3,C3_S007,G027,OCCUPIED,OCCUPIED,0.7668718858198686
738.0,cctv3,C3_S008,G028,EMPTY,EMPTY,0.01
738.0,cctv3,C3_S009,G029,EMPTY,MANEUVERING,0.4297045470881416
738.0,cctv3,C3_S010,G007,OCCUPIED,LEAVING,0.51
738.0,cctv3,C3_S011,G008,OCCUPIED,OCCUPIED,0.802402262525125
738.0,cctv3,C3_S012,G009,OCCUPIED,OCCUPIED,0.8258053408427672
739.0,cctv1,C1_S001,G001,OCCUPIED,OCCUPIED,0.7345478201454336
739.0,cctv1,C1_S002,G002,EMPTY,EMPTY,0.01
739.0,cctv1,C1_S003,G003,OCCUPIED,OCCUPIED,0.837143036723137
739.0,cctv1,C1_S004,G004,OCCUPIED,OCCUPIED,0.7724718790162695
739.0,cctv1,C1_S005,G005,OCCUPIED,OCCUPIED,0.7628388344564222
739.0,cctv1,C1_S006,G006,EMPTY,MANEUVERING,0.1879343942891467
739.0,cctv2,C2_S001,G007,OCCUPIED,OCCUPIED,0.7414862256835808
739.0,cctv2,C2_S002,G008,OCCUPIED,OCCUPIED,0.7897022808139975
739.0,cctv2,C2_S003,G009,EMPTY,MANEUVERING,0.2366196934255686
739.0,cctv2,C2_S004,G010,OCCUPIED,OCCUPIED,0.6382871682264588
739.0,cctv2,C2_S005,G001,EMPTY,EMPTY,0.01
739.0,cctv2,C2_S006,G003,OCCUPIED,OCCUPIED,0.8222488991238854
739.0,cctv2,C2_S007,G004,OCCUPIED,OCCUPIED,0.7989543754946102
739.0,cctv2,C2_S008,G006,OCCUPIED,OCCUPIED,0.7628866625103085
739.0,cctv2,C2_S009,G005,OCCUPIED,OCCUPIED,0.7873786063356834
739.0,cctv2,C2_S010,G002,OCCUPIED,LEAVING,0.7329026571593502
739.0,cctv2,C2_S011,G017,OCCUPIED,LEAVING,0.7568438034436921
739.0,cctv2,C2_S012,G018,OCCUPIED,LEAVING,0.7600679583170198
739.0,cctv2,C2_S013,G019,OCCUPIED,OCCUPIED,0.832461979714307
739.0,cctv2,C2_S014,G020,EMPTY,EMPTY,0.01
739.0,cctv3,C3_S001,G021,OCCUPIED,OCCUPIED,0.7960767285390334
739.0,cctv3,C3_S002,G019,EMPTY,EMPTY,0.01
739.0,cctv3,C3_S003,G020,OCCUPIED,OCCUPIED,0.8286300434307619
739.0,cctv3,C3_S004,G024,OCCUPIED,OCCUPIED,0.8287457701834766
739.0,cctv3,C3_S005,G025,OCCUPIED,OCCUPIED,0.8295104183933952
739.0,cctv3,C3_S006,G026,OCCUPIED,OCCUPIED,0.828135159611702
739.0,cctv3,C3_S007,G027,OCCUPIED,OCCUPIED,0.7663156269626185
739.0,cctv3,C3_S008,G028,EMPTY,EMPTY,0.01
739.0,cctv3,C3_S009,G029,EMPTY,MANEUVERING,0.4297045470881416
739.0,cctv3,C3_S010,G007,OCCUPIED,LEAVING,0.51
739.0,cctv3,C3_S011,G008,OCCUPIED,OCCUPIED,0.8022061361507936
739.0,cctv3,C3_S012,G009,OCCUPIED,OCCUPIED,0.8260738982395692
740.0,cctv1,C1_S001,G001,OCCUPIED,OCCUPIED,0.734609977291389
740.0,cctv1,C1_S002,G002,EMPTY,EMPTY,0.01
740.0,cctv1,C1_S003,G003,OCCUPIED,OCCUPIED,0.8370949520306155
740.0,cctv1,C1_S004,G004,OCCUPIED,OCCUPIED,0.7737045832655647
740.0,cctv1,C1_S005,G005,OCCUPIED,OCCUPIED,0.7648972461846743
740.0,cctv1,C1_S006,G006,EMPTY,MANEUVERING,0.1879343942891467
740.0,cctv2,C2_S001,G007,OCCUPIED,OCCUPIED,0.7405769588595088
740.0,cctv2,C2_S002,G008,OCCUPIED,OCCUPIED,0.7893364718014544
740.0,cctv2,C2_S003,G009,EMPTY,MANEUVERING,0.2366196934255686
740.0,cctv2,C2_S004,G010,OCCUPIED,OCCUPIED,0.6382698558090312
740.0,cctv2,C2_S005,G001,EMPTY,EMPTY,0.01
740.0,cctv2,C2_S006,G003,OCCUPIED,OCCUPIED,0.822606219757687
740.0,cctv2,C2_S007,G004,OCCUPIED,OCCUPIED,0.7999758533456109
740.0,cctv2,C2_S008,G006,OCCUPIED,OCCUPIED,0.7630924188277939
740.0,cctv2,C2_S009,G005,OCCUPIED,OCCUPIED,0.7881467909975486
740.0,cctv2,C2_S010,G002,OCCUPIED,LEAVING,0.6405538703365761
740.0,cctv2,C2_S011,G017,OCCUPIED,LEAVING,0.7461590484326537
740.0,cctv2,C2_S012,G018,OCCUPIED,LEAVING,0.7620665283365684
740.0,cctv2,C2_S013,G019,OCCUPIED,OCCUPIED,0.8324909508228302
740.0,cctv2,C2_S014,G020,EMPTY,EMPTY,0.01
740.0,cctv3,C3_S001,G021,OCCUPIED,OCCUPIED,0.795551438223232
740.0,cctv3,C3_S002,G019,EMPTY,EMPTY,0.01
740.0,cctv3,C3_S003,G020,OCCUPIED,OCCUPIED,0.8285017281770707
740.0,cctv3,C3_S004,G024,OCCUPIED,OCCUPIED,0.8287000401453539
740.0,cctv3,C3_S005,G025,OCCUPIED,OCCUPIED,0.829517888751897
740.0,cctv3,C3_S006,G026,OCCUPIED,OCCUPIED,0.8281763290817088
740.0,cctv3,C3_S007,G027,OCCUPIED,OCCUPIED,0.766060908138752
740.0,cctv3,C3_S008,G028,EMPTY,EMPTY,0.01
740.0,cctv3,C3_S009,G029,EMPTY,MANEUVERING,0.3847045470881416
740.0,cctv3,C3_S010,G007,OCCUPIED,LEAVING,0.51
740.0,cctv3,C3_S011,G008,OCCUPIED,OCCUPIED,0.8021141290664674
740.0,cctv3,C3_S012,G009,OCCUPIED,OCCUPIED,0.8257097615437075
741.0,cctv1,C1_S001,G001,OCCUPIED,OCCUPIED,0.7345930210568689
741.0,cctv1,C1_S002,G002,EMPTY,EMPTY,0.01
741.0,cctv1,C1_S003,G003,OCCUPIED,OCCUPIED,0.8372395678000017
741.0,cctv1,C1_S004,G004,OCCUPIED,OCCUPIED,0.773543252457272
741.0,cctv1,C1_S005,G005,OCCUPIED,OCCUPIED,0.7628025226294995
741.0,cctv1,C1_S006,G006,EMPTY,MANEUVERING,0.1879343942891467
741.0,cctv2,C2_S001,G007,OCCUPIED,OCCUPIED,0.7412559125233781
741.0,cctv2,C2_S002,G008,OCCUPIED,OCCUPIED,0.7867543051188643
741.0,cctv2,C2_S003,G009,EMPTY,MANEUVERING,0.2017697576216676
741.0,cctv2,C2_S004,G010,OCCUPIED,OCCUPIED,0.678672213784673
741.0,cctv2,C2_S005,G001,EMPTY,EMPTY,0.01
741.0,cctv2,C2_S006,G003,OCCUPIED,OCCUPIED,0.8224512246522038
741.0,cctv2,C2_S007,G004,OCCUPIED,OCCUPIED,0.8002671233632348
741.0,cctv2,C2_S008,G006,OCCUPIED,OCCUPIED,0.7631366594271227
741.0,cctv2,C2_S009,G005,OCCUPIED,OCCUPIED,0.7914303626526487
741.0,cctv2,C2_S010,G002,OCCUPIED,LEAVING,0.6432139208280679
741.0,cctv2,C2_S011,G017,OCCUPIED,LEAVING,0.7469778154925867
741.0,cctv2,C2_S012,G018,OCCUPIED,LEAVING,0.7600125237622045
741.0,cctv2,C2_S013,G019,OCCUPIED,OCCUPIED,0.8329976014115594
741.0,cctv2,C2_S014,G020,EMPTY,EMPTY,0.01
741.0,cctv3,C3_S001,G021,OCCUPIED,OCCUPIED,0.794690996950323
741.0,cctv3,C3_S002,G019,EMPTY,EMPTY,0.01
741.0,cctv3,C3_S003,G020,OCCUPIED,OCCUPIED,0.8300990462303162
741.0,cctv3,C3_S004,G024,OCCUPIED,OCCUPIED,0.8288702165538615
741.0,cctv3,C3_S005,G025,OCCUPIED,OCCUPIED,0.8295617843216117
741.0,cctv3,C3_S006,G026,OCCUPIED,OCCUPIED,0.8281483894044703
741.0,cctv3,C3_S007,G027,OCCUPIED,OCCUPIED,0.7653603594411504
741.0,cctv3,C3_S008,G028,EMPTY,EMPTY,0.01
741.0,cctv3,C3_S009,G029,EMPTY,MANEUVERING,0.3397045470881417
741.0,cctv3,C3_S010,G007,OCCUPIED,OCCUPIED,0.51
741.0,cctv3,C3_S011,G008,OCCUPIED,OCCUPIED,0.8017312234098262
741.0,cctv3,C3_S012,G009,OCCUPIED,OCCUPIED,0.8257879552516071
742.0,cctv1,C1_S001,G001,OCCUPIED,OCCUPIED,0.7338171303272248
742.0,cctv1,C1_S002,G002,EMPTY,EMPTY,0.01
742.0,cctv1,C1_S003,G003,OCCUPIED,OCCUPIED,0.8372231762517583
742.0,cctv1,C1_S004,G004,OCCUPIED,OCCUPIED,0.7729080118916252
742.0,cctv1,C1_S005,G005,OCCUPIED,LEAVING,0.7592579212378372
742.0,cctv1,C1_S006,G006,EMPTY,MANEUVERING,0.2676907761327245
742.0,cctv2,C2_S001,G007,OCCUPIED,OCCUPIED,0.7418754985386675
742.0,cctv2,C2_S002,G008,OCCUPIED,OCCUPIED,0.7843031050129371
742.0,cctv2,C2_S003,G009,EMPTY,MANEUVERING,0.2852837868901816
742.0,cctv2,C2_S004,G010,OCCUPIED,OCCUPIED,0.67781669242364
742.0,cctv2,C2_S005,G001,EMPTY,EMPTY,0.01
742.0,cctv2,C2_S006,G003,OCCUPIED,OCCUPIED,0.8227613197131591
742.0,cctv2,C2_S007,G004,OCCUPIED,OCCUPIED,0.8009077787399292
742.0,cctv2,C2_S008,G006,OCCUPIED,OCCUPIED,0.762280381267721
742.0,cctv2,C2_S009,G005,OCCUPIED,OCCUPIED,0.7936342545531013
742.0,cctv2,C2_S010,G002,OCCUPIED,LEAVING,0.553362016210502
742.0,cctv2,C2_S011,G017,OCCUPIED,LEAVING,0.7386739672043108
742.0,cctv2,C2_S012,G018,OCCUPIED,LEAVING,0.7608322612941266
742.0,cctv2,C2_S013,G019,OCCUPIED,OCCUPIED,0.8331087180159309
742.0,cctv2,C2_S014,G020,EMPTY,EMPTY,0.01
742.0,cctv3,C3_S001,G021,OCCUPIED,OCCUPIED,0.7943523127924312
742.0,cctv3,C3_S002,G019,EMPTY,EMPTY,0.01
742.0,cctv3,C3_S003,G020,OCCUPIED,OCCUPIED,0.8303954831578515
742.0,cctv3,C3_S004,G024,OCCUPIED,OCCUPIED,0.829102711244063
742.0,cctv3,C3_S005,G025,OCCUPIED,OCCUPIED,0.8295905595475978
742.0,cctv3,C3_S006,G026,OCCUPIED,OCCUPIED,0.8282352108847012
742.0,cctv3,C3_S007,G027,OCCUPIED,OCCUPIED,0.7670298203825952
742.0,cctv3,C3_S008,G028,EMPTY,EMPTY,0.01
742.0,cctv3,C3_S009,G029,EMPTY,MANEUVERING,0.2556067262917306
742.0,cctv3,C3_S010,G007,OCCUPIED,OCCUPIED,0.5598403141444379
742.0,cctv3,C3_S011,G008,OCCUPIED,OCCUPIED,0.8019192738966509
742.0,cctv3,C3_S012,G009,OCCUPIED,OCCUPIED,0.8255909616296943
743.0,cctv1,C1_S001,G001,OCCUPIED,OCCUPIED,0.7322190411388875
743.0,cctv1,C1_S002,G002,EMPTY,EMPTY,0.01
743.0,cctv1,C1_S003,G003,OCCUPIED,OCCUPIED,0.8372161122885617
743.0,cctv1,C1_S004,G004,OCCUPIED,OCCUPIED,0.7720749917355452
743.0,cctv1,C1_S005,G005,OCCUPIED,LEAVING,0.7580240542915735
743.0,cctv1,C1_S006,G006,EMPTY,MANEUVERING,0.3474544461342421
743.0,cctv2,C2_S001,G007,OCCUPIED,OCCUPIED,0.7456132462078875
743.0,cctv2,C2_S002,G008,OCCUPIED,OCCUPIED,0.7813758908347651
743.0,cctv2,C2_S003,G009,EMPTY,MANEUVERING,0.2549768109402873
743.0,cctv2,C2_S004,G010,OCCUPIED,OCCUPIED,0.6713265671648763
743.0,cctv2,C2_S005,G001,EMPTY,EMPTY,0.01
743.0,cctv2,C2_S006,G003,OCCUPIED,OCCUPIED,0.8234140385280957
743.0,cctv2,C2_S007,G004,OCCUPIED,OCCUPIED,0.8016780953515661
743.0,cctv2,C2_S008,G006,OCCUPIED,OCCUPIED,0.7630905790762469
743.0,cctv2,C2_S009,G005,OCCUPIED,OCCUPIED,0.7925752314654264
743.0,cctv2,C2_S010,G002,OCCUPIED,LEAVING,0.6013675171498096
743.0,cctv2,C2_S011,G017,OCCUPIED,LEAVING,0.7474245727604086
743.0,cctv2,C2_S012,G018,OCCUPIED,LEAVING,0.758950363709168
743.0,cctv2,C2_S013,G019,OCCUPIED,OCCUPIED,0.8337191310795872
743.0,cctv2,C2_S014,G020,EMPTY,EMPTY,0.01
743.0,cctv3,C3_S001,G021,OCCUPIED,OCCUPIED,0.7940047212622383
743.0,cctv3,C3_S002,G019,EMPTY,EMPTY,0.01
743.0,cctv3,C3_S003,G020,OCCUPIED,OCCUPIED,0.8302697867155076
743.0,cctv3,C3_S004,G024,OCCUPIED,OCCUPIED,0.8291832327842713
743.0,cctv3,C3_S005,G025,OCCUPIED,OCCUPIED,0.8296505881981417
743.0,cctv3,C3_S006,G026,OCCUPIED,OCCUPIED,0.8281401460820978
743.0,cctv3,C3_S007,G027,OCCUPIED,OCCUPIED,0.7663126858797941
743.0,cctv3,C3_S008,G028,EMPTY,EMPTY,0.01
743.0,cctv3,C3_S009,G029,EMPTY,MANEUVERING,0.2823029874095862
743.0,cctv3,C3_S010,G007,OCCUPIED,OCCUPIED,0.5148403141444379
743.0,cctv3,C3_S011,G008,OCCUPIED,OCCUPIED,0.8020977115089244
743.0,cctv3,C3_S012,G009,OCCUPIED,OCCUPIED,0.8259732406247746
744.0,cctv1,C1_S001,G001,OCCUPIED,OCCUPIED,0.7305627695538781
744.0,cctv1,C1_S002,G002,EMPTY,EMPTY,0.01
744.0,cctv1,C1_S003,G003,OCCUPIED,OCCUPIED,0.8372789239341563
744.0,cctv1,C1_S004,G004,OCCUPIED,OCCUPIED,0.7731351750818166
744.0,cctv1,C1_S005,G005,OCCUPIED,LEAVING,0.7579891786656597
744.0,cctv1,C1_S006,G006,EMPTY,MANEUVERING,0.3074544461342421
744.0,cctv2,C2_S001,G007,OCCUPIED,OCCUPIED,0.7487800883298571
744.0,cctv2,C2_S002,G008,OCCUPIED,OCCUPIED,0.781634718315168
744.0,cctv2,C2_S003,G009,EMPTY,MANEUVERING,0.2549768109402873
744.0,cctv2,C2_S004,G010,OCCUPIED,OCCUPIED,0.7093121687729251
744.0,cctv2,C2_S005,G001,EMPTY,EMPTY,0.01
744.0,cctv2,C2_S006,G003,OCCUPIED,OCCUPIED,0.823121517625722
744.0,cctv2,C2_S007,G004,OCCUPIED,OCCUPIED,0.8007638847286052
744.0,cctv2,C2_S008,G006,OCCUPIED,OCCUPIED,0.7635577373883942
744.0,cctv2,C2_S009,G005,OCCUPIED,OCCUPIED,0.7927576062354176
744.0,cctv2,C2_S010,G002,OCCUPIED,LEAVING,0.5536961937492545
744.0,cctv2,C2_S011,G017,OCCUPIED,LEAVING,0.7384606905417009
744.0,cctv2,C2_S012,G018,OCCUPIED,LEAVING,0.7599542799998414
744.0,cctv2,C2_S013,G019,OCCUPIED,OCCUPIED,0.8342791348695755
744.0,cctv2,C2_S014,G020,EMPTY,EMPTY,0.01
744.0,cctv3,C3_S001,G021,OCCUPIED,OCCUPIED,0.7937991096214815
744.0,cctv3,C3_S002,G019,EMPTY,EMPTY,0.01
744.0,cctv3,C3_S003,G020,OCCUPIED,OCCUPIED,0.8303366541862488
744.0,cctv3,C3_S004,G024,OCCUPIED,OCCUPIED,0.829199078950015
744.0,cctv3,C3_S005,G025,OCCUPIED,OCCUPIED,0.8296785319393332
744.0,cctv3,C3_S006,G026,OCCUPIED,OCCUPIED,0.8281001454049891
744.0,cctv3,C3_S007,G027,OCCUPIED,OCCUPIED,0.7662362482060087
744.0,cctv3,C3_S008,G028,EMPTY,EMPTY,0.01
744.0,cctv3,C3_S009,G029,EMPTY,MANEUVERING,0.2765887016953005
744.0,cctv3,C3_S010,G007,OCCUPIED,OCCUPIED,0.520363610185586
744.0,cctv3,C3_S011,G008,OCCUPIED,OCCUPIED,0.8015185827558692
744.0,cctv3,C3_S012,G009,OCCUPIED,OCCUPIED,0.8257760860703209
745.0,cctv1,C1_S001,G001,OCCUPIED,OCCUPIED,0.7305351212620735
745.0,cctv1,C1_S002,G002,EMPTY,EMPTY,0.01
745.0,cctv1,C1_S003,G003,OCCUPIED,OCCUPIED,0.8372912791642276
745.0,cctv1,C1_S004,G004,OCCUPIED,OCCUPIED,0.7734813564203002
745.0,cctv1,C1_S005,G005,OCCUPIED,LEAVING,0.7551976692270149
745.0,cctv1,C1_S006,G006,EMPTY,MANEUVERING,0.3995568004860119
745.0,cctv2,C2_S001,G007,OCCUPIED,OCCUPIED,0.7490794675594027
745.0,cctv2,C2_S002,G008,OCCUPIED,OCCUPIED,0.7814673789522866
745.0,cctv2,C2_S003,G009,EMPTY,MANEUVERING,0.2549768109402873
745.0,cctv2,C2_S004,G010,OCCUPIED,OCCUPIED,0.6257649274983189
745.0,cctv2,C2_S005,G001,EMPTY,EMPTY,0.01
745.0,cctv2,C2_S006,G003,OCCUPIED,OCCUPIED,0.8229144957932559
745.0,cctv2,C2_S007,G004,OCCUPIED,OCCUPIED,0.8006790732795542
745.0,cctv2,C2_S008,G006,OCCUPIED,OCCUPIED,0.7630178794264794
745.0,cctv2,C2_S009,G005,OCCUPIED,OCCUPIED,0.792405810139396
745.0,cctv2,C2_S010,G002,OCCUPIED,LEAVING,0.5584007833322342
745.0,cctv2,C2_S011,G017,OCCUPIED,LEAVING,0.7395322683995421
745.0,cctv2,C2_S012,G018,OCCUPIED,LEAVING,0.7603443593464115
745.0,cctv2,C2_S013,G019,OCCUPIED,OCCUPIED,0.8341366851871664
745.0,cctv2,C2_S014,G020,EMPTY,EMPTY,0.01
745.0,cctv3,C3_S001,G021,OCCUPIED,OCCUPIED,0.7933042022314939
745.0,cctv3,C3_S002,G019,EMPTY,EMPTY,0.01
745.0,cctv3,C3_S003,G020,OCCUPIED,OCCUPIED,0.8304057373241945
745.0,cctv3,C3_S004,G024,OCCUPIED,OCCUPIED,0.8291006581349807
745.0,cctv3,C3_S005,G025,OCCUPIED,OCCUPIED,0.8297567898576911
745.0,cctv3,C3_S006,G026,OCCUPIED,OCCUPIED,0.8282775800336492
745.0,cctv3,C3_S007,G027,OCCUPIED,OCCUPIED,0.7665469813075934
745.0,cctv3,C3_S008,G028,EMPTY,EMPTY,0.01
745.0,cctv3,C3_S009,G029,EMPTY,MANEUVERING,0.2599466230615861
745.0,cctv3,C3_S010,G007,OCCUPIED,OCCUPIED,0.5742431423416385
745.0,cctv3,C3_S011,G008,OCCUPIED,OCCUPIED,0.8012332412329588
745.0,cctv3,C3_S012,G009,OCCUPIED,OCCUPIED,0.8260106330568141
746.0,cctv1,C1_S001,G001,OCCUPIED,OCCUPIED,0.730395358665423
746.0,cctv1,C1_S002,G002,EMPTY,EMPTY,0.01
746.0,cctv1,C1_S003,G003,OCCUPIED,OCCUPIED,0.8373496123335579
746.0,cctv1,C1_S004,G004,OCCUPIED,OCCUPIED,0.7740850363265385
746.0,cctv1,C1_S005,G005,OCCUPIED,LEAVING,0.7546350734477694
746.0,cctv1,C1_S006,G006,EMPTY,MANEUVERING,0.2993703298243609
746.0,cctv2,C2_S001,G007,OCCUPIED,OCCUPIED,0.7500742631202395
746.0,cctv2,C2_S002,G008,OCCUPIED,OCCUPIED,0.7785219229080461
746.0,cctv2,C2_S003,G009,EMPTY,MANEUVERING,0.280002746947787
746.0,cctv2,C2_S004,G010,OCCUPIED,OCCUPIED,0.6281855451383374
746.0,cctv2,C2_S005,G001,EMPTY,EMPTY,0.01
746.0,cctv2,C2_S006,G003,OCCUPIED,OCCUPIED,0.8228920083154332
746.0,cctv2,C2_S007,G004,OCCUPIED,OCCUPIED,0.7997342041947626
746.0,cctv2,C2_S008,G006,OCCUPIED,OCCUPIED,0.7619925448840316
746.0,cctv2,C2_S009,G005,OCCUPIED,OCCUPIED,0.7915436229922556
746.0,cctv2,C2_S010,G002,OCCUPIED,LEAVING,0.5118782104493736
746.0,cctv2,C2_S011,G017,OCCUPIED,LEAVING,0.7317652829397809
746.0,cctv2,C2_S012,G018,OCCUPIED,LEAVING,0.7605727644806559
746.0,cctv2,C2_S013,G019,OCCUPIED,OCCUPIED,0.8347567810253664
746.0,cctv2,C2_S014,G020,EMPTY,EMPTY,0.01
746.0,cctv3,C3_S001,G021,OCCUPIED,OCCUPIED,0.7923954681916671
746.0,cctv3,C3_S002,G019,EMPTY,EMPTY,0.01
746.0,cctv3,C3_S003,G020,OCCUPIED,OCCUPIED,0.8303721373731441
746.0,cctv3,C3_S004,G024,OCCUPIED,OCCUPIED,0.8289558237249202
746.0,cctv3,C3_S005,G025,OCCUPIED,OCCUPIED,0.8297861446033825
746.0,cctv3,C3_S006,G026,OCCUPIED,OCCUPIED,0.8281520632180301
746.0,cctv3,C3_S007,G027,OCCUPIED,OCCUPIED,0.7654161014340142
746.0,cctv3,C3_S008,G028,EMPTY,EMPTY,0.01
746.0,cctv3,C3_S009,G029,EMPTY,MANEUVERING,0.2599466230615861
746.0,cctv3,C3_S010,G007,OCCUPIED,OCCUPIED,0.5761713141977013
746.0,cctv3,C3_S011,G008,OCCUPIED,OCCUPIED,0.8017705153335225
746.0,cctv3,C3_S012,G009,OCCUPIED,OCCUPIED,0.8259309039874511
747.0,cctv1,C1_S001,G001,OCCUPIED,OCCUPIED,0.7300502453338017
747.0,cctv1,C1_S002,G002,EMPTY,EMPTY,0.01
747.0,cctv1,C1_S003,G003,OCCUPIED,OCCUPIED,0.8373300411484459
747.0,cctv1,C1_S004,G004,OCCUPIED,OCCUPIED,0.7762920314615424
747.0,cctv1,C1_S005,G005,OCCUPIED,LEAVING,0.7556947532702577
747.0,cctv1,C1_S006,G006,EMPTY,MANEUVERING,0.2423703298243609
747.0,cctv2,C2_S001,G007,OCCUPIED,OCCUPIED,0.7548402372408998
747.0,cctv2,C2_S002,G008,OCCUPIED,OCCUPIED,0.7775598173791712
747.0,cctv2,C2_S003,G009,EMPTY,MANEUVERING,0.280002746947787
747.0,cctv2,C2_S004,G010,OCCUPIED,OCCUPIED,0.6325002454040629
747.0,cctv2,C2_S005,G001,EMPTY,EMPTY,0.01
747.0,cctv2,C2_S006,G003,OCCUPIED,OCCUPIED,0.8232356943867424
747.0,cctv2,C2_S007,G004,OCCUPIED,OCCUPIED,0.799410134012049
747.0,cctv2,C2_S008,G006,OCCUPIED,OCCUPIED,0.7623635285279968
747.0,cctv2,C2_S009,G005,OCCUPIED,OCCUPIED,0.7920956549319355
747.0,cctv2,C2_S010,G002,OCCUPIED,LEAVING,0.51
747.0,cctv2,C2_S011,G017,OCCUPIED,LEAVING,0.7254666935313833
747.0,cctv2,C2_S012,G018,OCCUPIED,LEAVING,0.7603794572705573
747.0,cctv2,C2_S013,G019,OCCUPIED,OCCUPIED,0.835194176977331
747.0,cctv2,C2_S014,G020,EMPTY,EMPTY,0.01
747.0,cctv3,C3_S001,G021,OCCUPIED,OCCUPIED,0.7915973386981271
747.0,cctv3,C3_S002,G019,EMPTY,EMPTY,0.01
747.0,cctv3,C3_S003,G020,OCCUPIED,OCCUPIED,0.8301894878799265
747.0,cctv3,C3_S004,G024,OCCUPIED,OCCUPIED,0.828987298228524
747.0,cctv3,C3_S005,G025,OCCUPIED,OCCUPIED,0.8297956957058474
747.0,cctv3,C3_S006,G026,OCCUPIED,OCCUPIED,0.828067481788722
747.0,cctv3,C3_S007,G027,OCCUPIED,OCCUPIED,0.7657713218168779
747.0,cctv3,C3_S008,G028,EMPTY,EMPTY,0.01
747.0,cctv3,C3_S009,G029,EMPTY,MANEUVERING,0.253085338919226
747.0,cctv3,C3_S010,G007,OCCUPIED,OCCUPIED,0.5761713141977013
747.0,cctv3,C3_S011,G008,OCCUPIED,OCCUPIED,0.8020076843825255
747.0,cctv3,C3_S012,G009,OCCUPIED,OCCUPIED,0.8258891314268113
748.0,cctv1,C1_S001,G001,OCCUPIED,OCCUPIED,0.7301978787915274
748.0,cctv1,C1_S002,G002,EMPTY,EMPTY,0.01
748.0,cctv1,C1_S003,G003,OCCUPIED,OCCUPIED,0.8372866186228666
748.0,cctv1,C1_S004,G004,OCCUPIED,OCCUPIED,0.7780109881000086
748.0,cctv1,C1_S005,G005,OCCUPIED,LEAVING,0.7580012193457647
748.0,cctv1,C1_S006,G006,EMPTY,MANEUVERING,0.2337989012529323
748.0,cctv2,C2_S001,G007,OCCUPIED,OCCUPIED,0.754209348356182
748.0,cctv2,C2_S002,G008,OCCUPIED,OCCUPIED,0.7794089542193847
748.0,cctv2,C2_S003,G009,EMPTY,MANEUVERING,0.3646575141223994
748.0,cctv2,C2_S004,G010,OCCUPIED,OCCUPIED,0.6717847324569117
748.0,cctv2,C2_S005,G001,EMPTY,EMPTY,0.01
748.0,cctv2,C2_S006,G003,OCCUPIED,OCCUPIED,0.8231266463344749
748.0,cctv2,C2_S007,G004,OCCUPIED,OCCUPIED,0.7989515022798018
748.0,cctv2,C2_S008,G006,OCCUPIED,OCCUPIED,0.7615860467607325
748.0,cctv2,C2_S009,G005,OCCUPIED,OCCUPIED,0.7913845159790733
748.0,cctv2,C2_S010,G002,OCCUPIED,LEAVING,0.51
748.0,cctv2,C2_S011,G017,OCCUPIED,LEAVING,0.7274214130910961
748.0,cctv2,C2_S012,G018,OCCUPIED,LEAVING,0.757643757286397
748.0,cctv2,C2_S013,G019,OCCUPIED,OCCUPIED,0.835298611630093
748.0,cctv2,C2_S014,G020,EMPTY,EMPTY,0.01
748.0,cctv3,C3_S001,G021,OCCUPIED,OCCUPIED,0.7912180840969086
748.0,cctv3,C3_S002,G019,EMPTY,EMPTY,0.01
748.0,cctv3,C3_S003,G020,OCCUPIED,OCCUPIED,0.8297150359912353
748.0,cctv3,C3_S004,G024,OCCUPIED,OCCUPIED,0.8289486289024354
748.0,cctv3,C3_S005,G025,OCCUPIED,OCCUPIED,0.8299356704408473
748.0,cctv3,C3_S006,G026,OCCUPIED,OCCUPIED,0.8279579988934778
748.0,cctv3,C3_S007,G027,OCCUPIED,OCCUPIED,0.7664933574470607
748.0,cctv3,C3_S008,G028,EMPTY,EMPTY,0.01
748.0,cctv3,C3_S009,G029,EMPTY,MANEUVERING,0.2169242175318526
748.0,cctv3,C3_S010,G007,OCCUPIED,OCCUPIED,0.6276464769718322
748.0,cctv3,C3_S011,G008,OCCUPIED,OCCUPIED,0.8020778005773371
748.0,cctv3,C3_S012,G009,OCCUPIED,OCCUPIED,0.8255442855033008
749.0,cctv1,C1_S001,G001,OCCUPIED,OCCUPIED,0.7316501431844452
749.0,cctv1,C1_S002,G002,EMPTY,EMPTY,0.01
749.0,cctv1,C1_S003,G003,OCCUPIED,OCCUPIED,0.8372270353815773
749.0,cctv1,C1_S004,G004,OCCUPIED,OCCUPIED,0.7785745482553136
749.0,cctv1,C1_S005,G005,OCCUPIED,LEAVING,0.7600495823405007
749.0,cctv1,C1_S006,G006,EMPTY,MANEUVERING,0.1823703298243609
749.0,cctv2,C2_S001,G007,OCCUPIED,OCCUPIED,0.7551934382454916
749.0,cctv2,C2_S002,G008,OCCUPIED,OCCUPIED,0.7788348623297432
749.0,cctv2,C2_S003,G009,EMPTY,MANEUVERING,0.3646575141223994
749.0,cctv2,C2_S004,G010,OCCUPIED,OCCUPIED,0.7189581693370234
749.0,cctv2,C2_S005,G001,EMPTY,EMPTY,0.01
749.0,cctv2,C2_S006,G003,OCCUPIED,OCCUPIED,0.8228834415023978
749.0,cctv2,C2_S007,G004,OCCUPIED,OCCUPIED,0.7986748145385223
749.0,cctv2,C2_S008,G006,OCCUPIED,OCCUPIED,0.7612868520346555
749.0,cctv2,C2_S009,G005,OCCUPIED,OCCUPIED,0.7914728630672803
749.0,cctv2,C2_S010,G002,OCCUPIED,LEAVING,0.51
749.0,cctv2,C2_S011,G017,OCCUPIED,OCCUPIED,0.7310909883542495
749.0,cctv2,C2_S012,G018,OCCUPIED,LEAVING,0.7581283666193486
749.0,cctv2,C2_S013,G019,OCCUPIED,OCCUPIED,0.8361030313101683
749.0,cctv2,C2_S014,G020,EMPTY,EMPTY,0.01
749.0,cctv3,C3_S001,G021,OCCUPIED,OCCUPIED,0.7917193531990052
749.0,cctv3,C3_S002,G019,EMPTY,EMPTY,0.01
749.0,cctv3,C3_S003,G020,OCCUPIED,OCCUPIED,0.8293629871173339
749.0,cctv3,C3_S004,G024,OCCUPIED,OCCUPIED,0.8289039327339693
749.0,cctv3,C3_S005,G025,OCCUPIED,OCCUPIED,0.8300442438233984
749.0,cctv3,C3_S006,G026,OCCUPIED,OCCUPIED,0.8278518541292712
749.0,cctv3,C3_S007,G027,OCCUPIED,OCCUPIED,0.76680327125571
749.0,cctv3,C3_S008,G028,EMPTY,EMPTY,0.01
749.0,cctv3,C3_S009,G029,EMPTY,MANEUVERING,0.3302646329152313
749.0,cctv3,C3_S010,G007,OCCUPIED,OCCUPIED,0.5826464769718323
749.0,cctv3,C3_S011,G008,OCCUPIED,OCCUPIED,0.8031212164597078
749.0,cctv3,C3_S012,G009,OCCUPIED,OCCUPIED,0.8254771156744525
750.0,cctv1,C1_S001,G001,OCCUPIED,OCCUPIED,0.7317052300680769
750.0,cctv1,C1_S002,G002,EMPTY,EMPTY,0.01
750.0,cctv1,C1_S003,G003,OCCUPIED,OCCUPIED,0.837330571087924
750.0,cctv1,C1_S004,G004,OCCUPIED,OCCUPIED,0.7790835026990284
750.0,cctv1,C1_S005,G005,OCCUPIED,OCCUPIED,0.7182303464412689
750.0,cctv1,C1_S006,G006,EMPTY,MANEUVERING,0.1773703298243609
750.0,cctv2,C2_S001,G007,OCCUPIED,OCCUPIED,0.7545051702044228
750.0,cctv2,C2_S002,G008,OCCUPIED,OCCUPIED,0.7786318174817346
750.0,cctv2,C2_S003,G009,EMPTY,MANEUVERING,0.3196575141223994
750.0,cctv2,C2_S004,G010,OCCUPIED,OCCUPIED,0.7192422628809105
750.0,cctv2,C2_S005,G001,EMPTY,EMPTY,0.01
750.0,cctv2,C2_S006,G003,OCCUPIED,OCCUPIED,0.8228185044093566
750.0,cctv2,C2_S007,G004,OCCUPIED,OCCUPIED,0.798689139160243
750.0,cctv2,C2_S008,G006,OCCUPIED,OCCUPIED,0.7627069780772383
750.0,cctv2,C2_S009,G005,OCCUPIED,OCCUPIED,0.7923655900088225
750.0,cctv2,C2_S010,G002,OCCUPIED,LEAVING,0.51
750.0,cctv2,C2_S011,G017,OCCUPIED,OCCUPIED,0.7451655207438903
750.0,cctv2,C2_S012,G018,OCCUPIED,OCCUPIED,0.7101619308076121
750.0,cctv2,C2_S013,G019,OCCUPIED,OCCUPIED,0.8364232261072506
750.0,cctv2,C2_S014,G020,EMPTY,EMPTY,0.01
750.0,cctv3,C3_S001,G021,OCCUPIED,OCCUPIED,0.7903387592597442
750.0,cctv3,C3_S002,G019,EMPTY,EMPTY,0.01
750.0,cctv3,C3_S003,G020,OCCUPIED,OCCUPIED,0.8292442319068043
750.0,cctv3,C3_S004,G024,OCCUPIED,OCCUPIED,0.8288689095865597
750.0,cctv3,C3_S005,G025,OCCUPIED,OCCUPIED,0.8299141412431544
750.0,cctv3,C3_S006,G026,OCCUPIED,OCCUPIED,0.8276784956455231
750.0,cctv3,C3_S007,G027,OCCUPIED,OCCUPIED,0.7665052351626483
750.0,cctv3,C3_S008,G028,EMPTY,EMPTY,0.01
750.0,cctv3,C3_S009,G029,EMPTY,MANEUVERING,0.3302646329152313
750.0,cctv3,C3_S010,G007,OCCUPIED,OCCUPIED,0.5815508772906932
750.0,cctv3,C3_S011,G008,OCCUPIED,OCCUPIED,0.8037916386669333
750.0,cctv3,C3_S012,G009,OCCUPIED,OCCUPIED,0.8255123387683523
751.0,cctv1,C1_S001,G001,OCCUPIED,OCCUPIED,0.7319021694362164
751.0,cctv1,C1_S002,G002,EMPTY,EMPTY,0.01
751.0,cctv1,C1_S003,G003,OCCUPIED,OCCUPIED,0.8372844712300734
751.0,cctv1,C1_S004,G004,OCCUPIED,OCCUPIED,0.7795255697586321
751.0,cctv1,C1_S005,G005,OCCUPIED,OCCUPIED,0.7212509630159899
751.0,cctv1,C1_S006,G006,EMPTY,MANEUVERING,0.255317366392775
751.0,cctv2,C2_S001,G007,OCCUPIED,OCCUPIED,0.7538496578281577
751.0,cctv2,C2_S002,G008,OCCUPIED,OCCUPIED,0.7775548528541218
751.0,cctv2,C2_S003,G009,EMPTY,MANEUVERING,0.2796575141223994
751.0,cctv2,C2_S004,G010,OCCUPIED,OCCUPIED,0.7214839774031532
751.0,cctv2,C2_S005,G001,EMPTY,EMPTY,0.01
751.0,cctv2,C2_S006,G003,OCCUPIED,OCCUPIED,0.8224989289587195
751.0,cctv2,C2_S007,G004,OCCUPIED,OCCUPIED,0.7984914449128239
751.0,cctv2,C2_S008,G006,OCCUPIED,OCCUPIED,0.7631932654164055
751.0,cctv2,C2_S009,G005,OCCUPIED,OCCUPIED,0.7913450428030708
751.0,cctv2,C2_S010,G002,OCCUPIED,LEAVING,0.51
751.0,cctv2,C2_S011,G017,OCCUPIED,OCCUPIED,0.7447622652487322
751.0,cctv2,C2_S012,G018,OCCUPIED,OCCUPIED,0.7093891912671653
751.0,cctv2,C2_S013,G019,OCCUPIED,OCCUPIED,0.8365425632758574
751.0,cctv2,C2_S014,G020,EMPTY,EMPTY,0.01
751.0,cctv3,C3_S001,G021,OCCUPIED,OCCUPIED,0.7903344986113636
751.0,cctv3,C3_S002,G019,EMPTY,EMPTY,0.01
751.0,cctv3,C3_S003,G020,OCCUPIED,OCCUPIED,0.8297300466082314
751.0,cctv3,C3_S004,G024,OCCUPIED,OCCUPIED,0.8287518644874747
751.0,cctv3,C3_S005,G025,OCCUPIED,OCCUPIED,0.8299997727979314
751.0,cctv3,C3_S006,G026,OCCUPIED,OCCUPIED,0.8276336954398589
751.0,cctv3,C3_S007,G027,OCCUPIED,OCCUPIED,0.7661262695084919
751.0,cctv3,C3_S008,G028,EMPTY,EMPTY,0.01
751.0,cctv3,C3_S009,G029,EMPTY,MANEUVERING,0.2852646329152313
751.0,cctv3,C3_S010,G007,OCCUPIED,OCCUPIED,0.6256502719697628
751.0,cctv3,C3_S011,G008,OCCUPIED,OCCUPIED,0.8042475873773749
751.0,cctv3,C3_S012,G009,OCCUPIED,OCCUPIED,0.8250515864654021
752.0,cctv1,C1_S001,G001,OCCUPIED,OCCUPIED,0.7311110529032622
752.0,cctv1,C1_S002,G002,EMPTY,EMPTY,0.01
752.0,cctv1,C1_S003,G003,OCCUPIED,OCCUPIED,0.8372466829690067
752.0,cctv1,C1_S004,G004,OCCUPIED,OCCUPIED,0.7796333132819696
752.0,cctv1,C1_S005,G005,OCCUPIED,OCCUPIED,0.7254495579546149
752.0,cctv1,C1_S006,G006,EMPTY,MANEUVERING,0.2520446391200477
752.0,cctv2,C2_S001,G007,OCCUPIED,OCCUPIED,0.7545368271795186
752.0,cctv2,C2_S002,G008,OCCUPIED,OCCUPIED,0.7754447037523444
752.0,cctv2,C2_S003,G009,EMPTY,MANEUVERING,0.2346575141223994
752.0,cctv2,C2_S004,G010,OCCUPIED,OCCUPIED,0.7223308679122817
752.0,cctv2,C2_S005,G001,EMPTY,EMPTY,0.01
752.0,cctv2,C2_S006,G003,OCCUPIED,OCCUPIED,0.8225058604370464
752.0,cctv2,C2_S007,G004,OCCUPIED,OCCUPIED,0.7984446338631891
752.0,cctv2,C2_S008,G006,OCCUPIED,OCCUPIED,0.7648348683660682
752.0,cctv2,C2_S009,G005,OCCUPIED,OCCUPIED,0.7913580003109846
752.0,cctv2,C2_S010,G002,OCCUPIED,LEAVING,0.51
752.0,cctv2,C2_S011,G017,OCCUPIED,OCCUPIED,0.7435913334922358
752.0,cctv2,C2_S012,G018,OCCUPIED,OCCUPIED,0.7108436900214715
752.0,cctv2,C2_S013,G019,OCCUPIED,OCCUPIED,0.8365407670086081
752.0,cctv2,C2_S014,G020,EMPTY,EMPTY,0.01
752.0,cctv3,C3_S001,G021,OCCUPIED,OCCUPIED,0.7902875363826752
752.0,cctv3,C3_S002,G019,EMPTY,EMPTY,0.01
752.0,cctv3,C3_S003,G020,OCCUPIED,OCCUPIED,0.829356305978515
752.0,cctv3,C3_S004,G024,OCCUPIED,OCCUPIED,0.8286013129082593
752.0,cctv3,C3_S005,G025,OCCUPIED,OCCUPIED,0.8300822799856014
752.0,cctv3,C3_S006,G026,OCCUPIED,OCCUPIED,0.82759595757181
752.0,cctv3,C3_S007,G027,OCCUPIED,OCCUPIED,0.7670522139831023
752.0,cctv3,C3_S008,G028,EMPTY,EMPTY,0.01
752.0,cctv3,C3_S009,G029,EMPTY,MANEUVERING,0.365960522075607
752.0,cctv3,C3_S010,G007,OCCUPIED,OCCUPIED,0.5448594725906075
752.0,cctv3,C3_S011,G008,OCCUPIED,OCCUPIED,0.8054713062264703
752.0,cctv3,C3_S012,G009,OCCUPIED,OCCUPIED,0.8251639311963862
753.0,cctv1,C1_S001,G001,OCCUPIED,OCCUPIED,0.7308571838519791
753.0,cctv1,C1_S002,G002,EMPTY,EMPTY,0.01
753.0,cctv1,C1_S003,G003,OCCUPIED,OCCUPIED,0.8373139194466852
753.0,cctv1,C1_S004,G004,OCCUPIED,OCCUPIED,0.7807873158292338
753.0,cctv1,C1_S005,G005,OCCUPIED,OCCUPIED,0.7390925818410787
753.0,cctv1,C1_S006,G006,EMPTY,MANEUVERING,0.2049407691982659
753.0,cctv2,C2_S001,G007,OCCUPIED,OCCUPIED,0.7558087357743221
753.0,cctv2,C2_S002,G008,OCCUPIED,OCCUPIED,0.7747846921736544
753.0,cctv2,C2_S003,G009,EMPTY,MANEUVERING,0.2013303484699942
753.0,cctv2,C2_S004,G010,OCCUPIED,OCCUPIED,0.6404278757490895
753.0,cctv2,C2_S005,G001,EMPTY,EMPTY,0.01
753.0,cctv2,C2_S006,G003,OCCUPIED,OCCUPIED,0.8226803430102089
753.0,cctv2,C2_S007,G004,OCCUPIED,OCCUPIED,0.7988229277459058
753.0,cctv2,C2_S008,G006,OCCUPIED,OCCUPIED,0.7658732929012992
753.0,cctv2,C2_S009,G005,OCCUPIED,OCCUPIED,0.7915354056791827
753.0,cctv2,C2_S010,G002,OCCUPIED,LEAVING,0.51
753.0,cctv2,C2_S011,G017,OCCUPIED,OCCUPIED,0.729208646172827
753.0,cctv2,C2_S012,G018,OCCUPIED,LEAVING,0.7584882733496754
753.0,cctv2,C2_S013,G019,OCCUPIED,OCCUPIED,0.8370264272798192
753.0,cctv2,C2_S014,G020,EMPTY,EMPTY,0.01
753.0,cctv3,C3_S001,G021,OCCUPIED,OCCUPIED,0.7899668807333167
753.0,cctv3,C3_S002,G019,EMPTY,EMPTY,0.01
753.0,cctv3,C3_S003,G020,OCCUPIED,OCCUPIED,0.8296208490024914
753.0,cctv3,C3_S004,G024,OCCUPIED,OCCUPIED,0.8280937316742811
753.0,cctv3,C3_S005,G025,OCCUPIED,OCCUPIED,0.8301038977774707
753.0,cctv3,C3_S006,G026,OCCUPIED,OCCUPIED,0.8275325265797703
753.0,cctv3,C3_S007,G027,OCCUPIED,OCCUPIED,0.7667867248708552
753.0,cctv3,C3_S008,G028,EMPTY,EMPTY,0.01
753.0,cctv3,C3_S009,G029,EMPTY,MANEUVERING,0.320960522075607
753.0,cctv3,C3_S010,G007,OCCUPIED,OCCUPIED,0.5902093744200545
753.0,cctv3,C3_S011,G008,OCCUPIED,OCCUPIED,0.8055814328518781
753.0,cctv3,C3_S012,G009,OCCUPIED,OCCUPIED,0.8252794929526069
754.0,cctv1,C1_S001,G001,OCCUPIED,OCCUPIED,0.7312613947824999
754.0,cctv1,C1_S002,G002,EMPTY,EMPTY,0.01
754.0,cctv1,C1_S003,G003,OCCUPIED,OCCUPIED,0.8372794010422447
754.0,cctv1,C1_S004,G004,OCCUPIED,OCCUPIED,0.7816750250079416
754.0,cctv1,C1_S005,G005,OCCUPIED,OCCUPIED,0.7521362872557208
754.0,cctv1,C1_S006,G006,EMPTY,MANEUVERING,0.1596020789105783
754.0,cctv2,C2_S001,G007,OCCUPIED,OCCUPIED,0.754268772696907
754.0,cctv2,C2_S002,G008,OCCUPIED,OCCUPIED,0.7738828916441312
754.0,cctv2,C2_S003,G009,EMPTY,MANEUVERING,0.2013303484699942
754.0,cctv2,C2_S004,G010,OCCUPIED,OCCUPIED,0.6427460493960164
754.0,cctv2,C2_S005,G001,EMPTY,EMPTY,0.01
754.0,cctv2,C2_S006,G003,OCCUPIED,OCCUPIED,0.8223465575413271
754.0,cctv2,C2_S007,G004,OCCUPIED,OCCUPIED,0.7987348732623187
754.0,cctv2,C2_S008,G006,OCCUPIED,OCCUPIED,0.7654492263089527
754.0,cctv2,C2_S009,G005,OCCUPIED,OCCUPIED,0.7924315195191991
754.0,cctv2,C2_S010,G002,OCCUPIED,LEAVING,0.51
754.0,cctv2,C2_S011,G017,OCCUPIED,OCCUPIED,0.7432212508266623
754.0,cctv2,C2_S012,G018,OCCUPIED,OCCUPIED,0.7108035475124013
754.0,cctv2,C2_S013,G019,OCCUPIED,OCCUPIED,0.8370823139494117
754.0,cctv2,C2_S014,G020,EMPTY,EMPTY,0.01
754.0,cctv3,C3_S001,G021,OCCUPIED,OCCUPIED,0.7895495704629205
754.0,cctv3,C3_S002,G019,EMPTY,EMPTY,0.01
754.0,cctv3,C3_S003,G020,OCCUPIED,OCCUPIED,0.8300731499086728
754.0,cctv3,C3_S004,G024,OCCUPIED,OCCUPIED,0.8278033183379607
754.0,cctv3,C3_S005,G025,OCCUPIED,OCCUPIED,0.8301841949874705
754.0,cctv3,C3_S006,G026,OCCUPIED,OCCUPIED,0.8277046780694616
754.0,cctv3,C3_S007,G027,OCCUPIED,OCCUPIED,0.7680687947706744
754.0,cctv3,C3_S008,G028,EMPTY,EMPTY,0.01
754.0,cctv3,C3_S009,G029,EMPTY,MANEUVERING,0.2847984078052368
754.0,cctv3,C3_S010,G007,OCCUPIED,OCCUPIED,0.5452093744200546
754.0,cctv3,C3_S011,G008,OCCUPIED,OCCUPIED,0.8059218588200483
754.0,cctv3,C3_S012,G009,OCCUPIED,OCCUPIED,0.8253965616226197
755.0,cctv1,C1_S001,G001,OCCUPIED,OCCUPIED,0.731975408982147
755.0,cctv1,C1_S002,G002,EMPTY,EMPTY,0.01
755.0,cctv1,C1_S003,G003,OCCUPIED,OCCUPIED,0.8371362718668851
755.0,cctv1,C1_S004,G004,OCCUPIED,OCCUPIED,0.7821612469174646
755.0,cctv1,C1_S005,G005,OCCUPIED,OCCUPIED,0.7514620465582068
755.0,cctv1,C1_S006,G006,EMPTY,MANEUVERING,0.1146020789105783
755.0,cctv2,C2_S001,G007,OCCUPIED,OCCUPIED,0.7521142066202381
755.0,cctv2,C2_S002,G008,OCCUPIED,OCCUPIED,0.7724598419937221
755.0,cctv2,C2_S003,G009,EMPTY,MANEUVERING,0.2013303484699942
755.0,cctv2,C2_S004,G010,OCCUPIED,OCCUPIED,0.6413088780957641
755.0,cctv2,C2_S005,G001,EMPTY,EMPTY,0.01
755.0,cctv2,C2_S006,G003,OCCUPIED,OCCUPIED,0.8226278651844372
755.0,cctv2,C2_S007,G004,OCCUPIED,OCCUPIED,0.7995128130370921
755.0,cctv2,C2_S008,G006,OCCUPIED,OCCUPIED,0.7638720670884307
755.0,cctv2,C2_S009,G005,OCCUPIED,OCCUPIED,0.7906084366820076
755.0,cctv2,C2_S010,G002,OCCUPIED,LEAVING,0.51
755.0,cctv2,C2_S011,G017,OCCUPIED,OCCUPIED,0.7291659462181005
755.0,cctv2,C2_S012,G018,OCCUPIED,LEAVING,0.7571850578893315
755.0,cctv2,C2_S013,G019,OCCUPIED,OCCUPIED,0.8371165364980698
755.0,cctv2,C2_S014,G020,EMPTY,EMPTY,0.01
755.0,cctv3,C3_S001,G021,OCCUPIED,OCCUPIED,0.7889925040981987
755.0,cctv3,C3_S002,G019,EMPTY,EMPTY,0.01
755.0,cctv3,C3_S003,G020,OCCUPIED,OCCUPIED,0.8300096790898931
755.0,cctv3,C3_S004,G024,OCCUPIED,OCCUPIED,0.827695217999545
755.0,cctv3,C3_S005,G025,OCCUPIED,OCCUPIED,0.8301692209460519
755.0,cctv3,C3_S006,G026,OCCUPIED,OCCUPIED,0.8275925853035667
755.0,cctv3,C3_S007,G027,OCCUPIED,OCCUPIED,0.7688985617323356
755.0,cctv3,C3_S008,G028,EMPTY,EMPTY,0.01
755.0,cctv3,C3_S009,G029,EMPTY,MANEUVERING,0.2847984078052368
755.0,cctv3,C3_S010,G007,OCCUPIED,OCCUPIED,0.5453281873387176
755.0,cctv3,C3_S011,G008,OCCUPIED,OCCUPIED,0.8071559301831506
755.0,cctv3,C3_S012,G009,OCCUPIED,OCCUPIED,0.8256441669030623
756.0,cctv1,C1_S001,G001,OCCUPIED,OCCUPIED,0.7312380894341253
756.0,cctv1,C1_S002,G002,EMPTY,EMPTY,0.01
756.0,cctv1,C1_S003,G003,OCCUPIED,OCCUPIED,0.8370964443141764
756.0,cctv1,C1_S004,G004,OCCUPIED,OCCUPIED,0.7820364266633988
756.0,cctv1,C1_S005,G005,OCCUPIED,OCCUPIED,0.7656420921737498
756.0,cctv1,C1_S006,G006,EMPTY,MANEUVERING,0.186976657916199
756.0,cctv2,C2_S001,G007,OCCUPIED,OCCUPIED,0.7527487384324725
756.0,cctv2,C2_S002,G008,OCCUPIED,OCCUPIED,0.7728088433092292
756.0,cctv2,C2_S003,G009,EMPTY,MANEUVERING,0.2013303484699942
756.0,cctv2,C2_S004,G010,OCCUPIED,OCCUPIED,0.6740443804521452
756.0,cctv2,C2_S005,G001,EMPTY,EMPTY,0.01
756.0,cctv2,C2_S006,G003,OCCUPIED,OCCUPIED,0.8224391904744236
756.0,cctv2,C2_S007,G004,OCCUPIED,OCCUPIED,0.7988053649663925
756.0,cctv2,C2_S008,G006,OCCUPIED,OCCUPIED,0.7655216829343277
756.0,cctv2,C2_S009,G005,OCCUPIED,OCCUPIED,0.7902443715117196
756.0,cctv2,C2_S010,G002,OCCUPIED,LEAVING,0.51
756.0,cctv2,C2_S011,G017,OCCUPIED,OCCUPIED,0.729949085820805
756.0,cctv2,C2_S012,G018,OCCUPIED,OCCUPIED,0.6954232381284238
756.0,cctv2,C2_S013,G019,OCCUPIED,OCCUPIED,0.8372577084736391
756.0,cctv2,C2_S014,G020,EMPTY,EMPTY,0.01
756.0,cctv3,C3_S001,G021,OCCUPIED,OCCUPIED,0.7882254272699357
756.0,cctv3,C3_S002,G019,EMPTY,EMPTY,0.01
756.0,cctv3,C3_S003,G020,OCCUPIED,OCCUPIED,0.8289640589193865
756.0,cctv3,C3_S004,G024,OCCUPIED,OCCUPIED,0.8274963793429462
756.0,cctv3,C3_S005,G025,OCCUPIED,OCCUPIED,0.8301672905683518
756.0,cctv3,C3_S006,G026,OCCUPIED,OCCUPIED,0.8275213368914345
756.0,cctv3,C3_S007,G027,OCCUPIED,OCCUPIED,0.7690456256270409
756.0,cctv3,C3_S008,G028,EMPTY,EMPTY,0.01
756.0,cctv3,C3_S009,G029,EMPTY,MANEUVERING,0.3281295079788701
756.0,cctv3,C3_S010,G007,OCCUPIED,OCCUPIED,0.51
756.0,cctv3,C3_S011,G008,OCCUPIED,OCCUPIED,0.8076200986450369
756.0,cctv3,C3_S012,G009,OCCUPIED,OCCUPIED,0.8254940111528744
757.0,cctv1,C1_S001,G001,OCCUPIED,OCCUPIED,0.7298868935216558
757.0,cctv1,C1_S002,G002,EMPTY,EMPTY,0.01
757.0,cctv1,C1_S003,G003,OCCUPIED,OCCUPIED,0.8369317704981024
757.0,cctv1,C1_S004,G004,OCCUPIED,OCCUPIED,0.7787980790842663
757.0,cctv1,C1_S005,G005,OCCUPIED,OCCUPIED,0.7652842732993039
757.0,cctv1,C1_S006,G006,EMPTY,MANEUVERING,0.186976657916199
757.0,cctv2,C2_S001,G007,OCCUPIED,OCCUPIED,0.7546903875063766
757.0,cctv2,C2_S002,G008,OCCUPIED,OCCUPIED,0.7737816671078857
757.0,cctv2,C2_S003,G009,EMPTY,MANEUVERING,0.1685125030170787
757.0,cctv2,C2_S004,G010,OCCUPIED,OCCUPIED,0.7166455262560737
757.0,cctv2,C2_S005,G001,EMPTY,EMPTY,0.01
757.0,cctv2,C2_S006,G003,OCCUPIED,OCCUPIED,0.8217987789349123
757.0,cctv2,C2_S007,G004,OCCUPIED,OCCUPIED,0.7980505498972806
757.0,cctv2,C2_S008,G006,OCCUPIED,OCCUPIED,0.7676755719564179
757.0,cctv2,C2_S009,G005,OCCUPIED,OCCUPIED,0.7908380191434514
757.0,cctv2,C2_S010,G002,OCCUPIED,LEAVING,0.51
757.0,cctv2,C2_S011,G017,OCCUPIED,OCCUPIED,0.7285750348459591
757.0,cctv2,C2_S012,G018,OCCUPIED,OCCUPIED,0.6962398663298651
757.0,cctv2,C2_S013,G019,OCCUPIED,OCCUPIED,0.8366705054586585
757.0,cctv2,C2_S014,G020,EMPTY,EMPTY,0.01
757.0,cctv3,C3_S001,G021,OCCUPIED,OCCUPIED,0.7879677490754562
757.0,cctv3,C3_S002,G019,EMPTY,EMPTY,0.01
757.0,cctv3,C3_S003,G020,OCCUPIED,OCCUPIED,0.8279471172527835
757.0,cctv3,C3_S004,G024,OCCUPIED,OCCUPIED,0.8275346910411662
757.0,cctv3,C3_S005,G025,OCCUPIED,OCCUPIED,0.8303557230667635
757.0,cctv3,C3_S006,G026,OCCUPIED,OCCUPIED,0.8275177264755423
757.0,cctv3,C3_S007,G027,OCCUPIED,OCCUPIED,0.7710478243502704
757.0,cctv3,C3_S008,G028,EMPTY,EMPTY,0.01
757.0,cctv3,C3_S009,G029,EMPTY,MANEUVERING,0.3281295079788701
757.0,cctv3,C3_S010,G007,OCCUPIED,OCCUPIED,0.51
757.0,cctv3,C3_S011,G008,OCCUPIED,OCCUPIED,0.8077850358052687
757.0,cctv3,C3_S012,G009,OCCUPIED,OCCUPIED,0.8254389153285461
758.0,cctv1,C1_S001,G001,OCCUPIED,OCCUPIED,0.7302967338399454
758.0,cctv1,C1_S002,G002,EMPTY,EMPTY,0.01
758.0,cctv1,C1_S003,G003,OCCUPIED,OCCUPIED,0.8370530738071962
758.0,cctv1,C1_S004,G004,OCCUPIED,OCCUPIED,0.7780709338459102
758.0,cctv1,C1_S005,G005,OCCUPIED,OCCUPIED,0.7642778637734327
758.0,cctv1,C1_S006,G006,EMPTY,MANEUVERING,0.186976657916199
758.0,cctv2,C2_S001,G007,OCCUPIED,OCCUPIED,0.7468168556012891
758.0,cctv2,C2_S002,G008,OCCUPIED,OCCUPIED,0.7737242540175265
758.0,cctv2,C2_S003,G009,EMPTY,MANEUVERING,0.1685125030170787
758.0,cctv2,C2_S004,G010,OCCUPIED,OCCUPIED,0.7132303218204867
758.0,cctv2,C2_S005,G001,EMPTY,EMPTY,0.01
758.0,cctv2,C2_S006,G003,OCCUPIED,OCCUPIED,0.821901054003022
758.0,cctv2,C2_S007,G004,OCCUPIED,OCCUPIED,0.7986935290423307
758.0,cctv2,C2_S008,G006,OCCUPIED,OCCUPIED,0.767501207237894
758.0,cctv2,C2_S009,G005,OCCUPIED,OCCUPIED,0.7902524148876018
758.0,cctv2,C2_S010,G002,OCCUPIED,LEAVING,0.51
758.0,cctv2,C2_S011,G017,OCCUPIED,OCCUPIED,0.7281382720578801
758.0,cctv2,C2_S012,G018,OCCUPIED,LEAVING,0.7549717894331976
758.0,cctv2,C2_S013,G019,OCCUPIED,OCCUPIED,0.8368503987789154
758.0,cctv2,C2_S014,G020,EMPTY,EMPTY,0.01
758.0,cctv3,C3_S001,G021,OCCUPIED,OCCUPIED,0.7878986342386767
758.0,cctv3,C3_S002,G019,EMPTY,EMPTY,0.01
758.0,cctv3,C3_S003,G020,OCCUPIED,OCCUPIED,0.8276259121569721
758.0,cctv3,C3_S004,G024,OCCUPIED,OCCUPIED,0.8275249806317417
758.0,cctv3,C3_S005,G025,OCCUPIED,OCCUPIED,0.830195543982766
758.0,cctv3,C3_S006,G026,OCCUPIED,OCCUPIED,0.8274137339808725
758.0,cctv3,C3_S007,G027,OCCUPIED,OCCUPIED,0.7712950976057487
758.0,cctv3,C3_S008,G028,EMPTY,EMPTY,0.01
758.0,cctv3,C3_S009,G029,EMPTY,MANEUVERING,0.3747536477031694
758.0,cctv3,C3_S010,G007,OCCUPIED,OCCUPIED,0.51
758.0,cctv3,C3_S011,G008,OCCUPIED,OCCUPIED,0.8083787484602495
758.0,cctv3,C3_S012,G009,OCCUPIED,OCCUPIED,0.825269455801357
759.0,cctv1,C1_S001,G001,OCCUPIED,OCCUPIED,0.7284028391607784
759.0,cctv1,C1_S002,G002,EMPTY,EMPTY,0.01
759.0,cctv1,C1_S003,G003,OCCUPIED,OCCUPIED,0.8371430155905811
759.0,cctv1,C1_S004,G004,OCCUPIED,OCCUPIED,0.7779588687148962
759.0,cctv1,C1_S005,G005,OCCUPIED,OCCUPIED,0.7612741976976395
759.0,cctv1,C1_S006,G006,EMPTY,MANEUVERING,0.2790998773954131
759.0,cctv2,C2_S001,G007,OCCUPIED,OCCUPIED,0.7541190379722552
759.0,cctv2,C2_S002,G008,OCCUPIED,OCCUPIED,0.771658332510428
759.0,cctv2,C2_S003,G009,EMPTY,EMPTY,0.01
759.0,cctv2,C2_S004,G010,OCCUPIED,OCCUPIED,0.6285509002524795
759.0,cctv2,C2_S005,G001,EMPTY,EMPTY,0.01
759.0,cctv2,C2_S006,G003,OCCUPIED,OCCUPIED,0.8220742970705033
759.0,cctv2,C2_S007,G004,OCCUPIED,OCCUPIED,0.7994283161380075
759.0,cctv2,C2_S008,G006,OCCUPIED,OCCUPIED,0.7684811425479976
759.0,cctv2,C2_S009,G005,OCCUPIED,OCCUPIED,0.7898523804816333
759.0,cctv2,C2_S010,G002,OCCUPIED,LEAVING,0.51
759.0,cctv2,C2_S011,G017,OCCUPIED,OCCUPIED,0.7407839222116905
759.0,cctv2,C2_S012,G018,OCCUPIED,OCCUPIED,0.7079915441681038
759.0,cctv2,C2_S013,G019,OCCUPIED,OCCUPIED,0.8367409264499491
759.0,cctv2,C2_S014,G020,EMPTY,EMPTY,0.01
759.0,cctv3,C3_S001,G021,OCCUPIED,OCCUPIED,0.7873668481003155
759.0,cctv3,C3_S002,G019,EMPTY,EMPTY,0.01
759.0,cctv3,C3_S003,G020,OCCUPIED,OCCUPIED,0.8277792751789094
759.0,cctv3,C3_S004,G024,OCCUPIED,OCCUPIED,0.8276020096106963
759.0,cctv3,C3_S005,G025,OCCUPIED,OCCUPIED,0.8301442406394266
759.0,cctv3,C3_S006,G026,OCCUPIED,OCCUPIED,0.8273980016058142
759.0,cctv3,C3_S007,G027,OCCUPIED,OCCUPIED,0.7712904525074092
759.0,cctv3,C3_S008,G028,EMPTY,EMPTY,0.01
759.0,cctv3,C3_S009,G029,EMPTY,MANEUVERING,0.3747536477031694
759.0,cctv3,C3_S010,G007,OCCUPIED,OCCUPIED,0.51
759.0,cctv3,C3_S011,G008,OCCUPIED,OCCUPIED,0.8089569823308425
759.0,cctv3,C3_S012,G009,OCCUPIED,OCCUPIED,0.8250479410995137
760.0,cctv1,C1_S001,G001,OCCUPIED,OCCUPIED,0.7263772751458667
760.0,cctv1,C1_S002,G002,EMPTY,EMPTY,0.01
760.0,cctv1,C1_S003,G003,OCCUPIED,OCCUPIED,0.8371239085089077
760.0,cctv1,C1_S004,G004,OCCUPIED,OCCUPIED,0.7796717456795953
760.0,cctv1,C1_S005,G005,OCCUPIED,OCCUPIED,0.7618180444294756
760.0,cctv1,C1_S006,G006,EMPTY,MANEUVERING,0.2790998773954131
760.0,cctv2,C2_S001,G007,OCCUPIED,OCCUPIED,0.7547358635474336
760.0,cctv2,C2_S002,G008,OCCUPIED,OCCUPIED,0.7706357049671086
760.0,cctv2,C2_S003,G009,EMPTY,EMPTY,0.01
760.0,cctv2,C2_S004,G010,OCCUPIED,OCCUPIED,0.627367839944182
760.0,cctv2,C2_S005,G001,EMPTY,EMPTY,0.01
760.0,cctv2,C2_S006,G003,OCCUPIED,OCCUPIED,0.822304209524935
760.0,cctv2,C2_S007,G004,OCCUPIED,OCCUPIED,0.7996178995479237
760.0,cctv2,C2_S008,G006,OCCUPIED,OCCUPIED,0.7691425488753753
760.0,cctv2,C2_S009,G005,OCCUPIED,OCCUPIED,0.789059081402692
760.0,cctv2,C2_S010,G002,OCCUPIED,LEAVING,0.51
760.0,cctv2,C2_S011,G017,OCCUPIED,OCCUPIED,0.7273517926985568
760.0,cctv2,C2_S012,G018,OCCUPIED,OCCUPIED,0.7004831891845573
760.0,cctv2,C2_S013,G019,OCCUPIED,OCCUPIED,0.8366897905414755
760.0,cctv2,C2_S014,G020,EMPTY,EMPTY,0.01
760.0,cctv3,C3_S001,G021,OCCUPIED,OCCUPIED,0.7871013264764439
760.0,cctv3,C3_S002,G019,EMPTY,EMPTY,0.01
760.0,cctv3,C3_S003,G020,OCCUPIED,OCCUPIED,0.8280616199428386
760.0,cctv3,C3_S004,G024,OCCUPIED,OCCUPIED,0.8275353095748208
760.0,cctv3,C3_S005,G025,OCCUPIED,OCCUPIED,0.8300702596252616
760.0,cctv3,C3_S006,G026,OCCUPIED,OCCUPIED,0.8273645195094023
760.0,cctv3,C3_S007,G027,OCCUPIED,OCCUPIED,0.7708573009480131
760.0,cctv3,C3_S008,G028,EMPTY,EMPTY,0.01
760.0,cctv3,C3_S009,G029,EMPTY,MANEUVERING,0.2939186402740465
760.0,cctv3,C3_S010,G007,OCCUPIED,OCCUPIED,0.51
760.0,cctv3,C3_S011,G008,OCCUPIED,OCCUPIED,0.8087185502052308
760.0,cctv3,C3_S012,G009,OCCUPIED,OCCUPIED,0.8249065350402486
761.0,cctv1,C1_S001,G001,OCCUPIED,OCCUPIED,0.727036576345563
761.0,cctv1,C1_S002,G002,EMPTY,EMPTY,0.01
761.0,cctv1,C1_S003,G003,OCCUPIED,OCCUPIED,0.8370648161931472
761.0,cctv1,C1_S004,G004,OCCUPIED,OCCUPIED,0.7799780515107242
761.0,cctv1,C1_S005,G005,OCCUPIED,OCCUPIED,0.7607001594521783
761.0,cctv1,C1_S006,G006,EMPTY,MANEUVERING,0.2790998773954131
761.0,cctv2,C2_S001,G007,OCCUPIED,OCCUPIED,0.7567531974478202
761.0,cctv2,C2_S002,G008,OCCUPIED,OCCUPIED,0.7707129655913874
761.0,cctv2,C2_S003,G009,EMPTY,EMPTY,0.01
761.0,cctv2,C2_S004,G010,OCCUPIED,OCCUPIED,0.5481252120164308
761.0,cctv2,C2_S005,G001,EMPTY,EMPTY,0.01
761.0,cctv2,C2_S006,G003,OCCUPIED,OCCUPIED,0.8221896255558188
761.0,cctv2,C2_S007,G004,OCCUPIED,OCCUPIED,0.7992769355123694
761.0,cctv2,C2_S008,G006,OCCUPIED,OCCUPIED,0.7687689927491276
761.0,cctv2,C2_S009,G005,OCCUPIED,OCCUPIED,0.7883927329020067
761.0,cctv2,C2_S010,G002,OCCUPIED,LEAVING,0.51
761.0,cctv2,C2_S011,G017,OCCUPIED,LEAVING,0.7233755377205936
761.0,cctv2,C2_S012,G018,OCCUPIED,OCCUPIED,0.689013021601872
761.0,cctv2,C2_S013,G019,OCCUPIED,OCCUPIED,0.8371726409955459
761.0,cctv2,C2_S014,G020,EMPTY,EMPTY,0.01
761.0,cctv3,C3_S001,G021,OCCUPIED,OCCUPIED,0.7875529877164148
761.0,cctv3,C3_S002,G019,EMPTY,EMPTY,0.01
761.0,cctv3,C3_S003,G020,OCCUPIED,OCCUPIED,0.8278920393098486
761.0,cctv3,C3_S004,G024,OCCUPIED,OCCUPIED,0.8274643602696332
761.0,cctv3,C3_S005,G025,OCCUPIED,OCCUPIED,0.8301690608263016
761.0,cctv3,C3_S006,G026,OCCUPIED,OCCUPIED,0.8273495048284532
761.0,cctv3,C3_S007,G027,OCCUPIED,OCCUPIED,0.771025757897984
761.0,cctv3,C3_S008,G028,EMPTY,EMPTY,0.01
761.0,cctv3,C3_S009,G029,EMPTY,MANEUVERING,0.2939186402740465
761.0,cctv3,C3_S010,G007,OCCUPIED,OCCUPIED,0.51
761.0,cctv3,C3_S011,G008,OCCUPIED,OCCUPIED,0.8086948874321851
761.0,cctv3,C3_S012,G009,OCCUPIED,OCCUPIED,0.825104742158543
762.0,cctv1,C1_S001,G001,OCCUPIED,OCCUPIED,0.7269689119336281
762.0,cctv1,C1_S002,G002,EMPTY,EMPTY,0.01
762.0,cctv1,C1_S003,G003,OCCUPIED,OCCUPIED,0.8371841273524545
762.0,cctv1,C1_S004,G004,OCCUPIED,OCCUPIED,0.7788462934168903
762.0,cctv1,C1_S005,G005,OCCUPIED,OCCUPIED,0.7582309194586494
762.0,cctv1,C1_S006,G006,EMPTY,MANEUVERING,0.3228033322028138
762.0,cctv2,C2_S001,G007,OCCUPIED,OCCUPIED,0.7552734091200612
762.0,cctv2,C2_S002,G008,OCCUPIED,OCCUPIED,0.7725282216613943
762.0,cctv2,C2_S003,G009,EMPTY,EMPTY,0.01
762.0,cctv2,C2_S004,G010,OCCUPIED,OCCUPIED,0.51
762.0,cctv2,C2_S005,G001,EMPTY,EMPTY,0.01
762.0,cctv2,C2_S006,G003,OCCUPIED,OCCUPIED,0.8221121129664508
762.0,cctv2,C2_S007,G004,OCCUPIED,OCCUPIED,0.7988695916804401
762.0,cctv2,C2_S008,G006,OCCUPIED,OCCUPIED,0.7675200217149475
762.0,cctv2,C2_S009,G005,OCCUPIED,OCCUPIED,0.7895872124216774
762.0,cctv2,C2_S010,G002,OCCUPIED,LEAVING,0.51
762.0,cctv2,C2_S011,G017,OCCUPIED,LEAVING,0.7235390370542353
762.0,cctv2,C2_S012,G018,OCCUPIED,OCCUPIED,0.6887946300479499
762.0,cctv2,C2_S013,G019,OCCUPIED,OCCUPIED,0.8371552310206674
762.0,cctv2,C2_S014,G020,EMPTY,EMPTY,0.01
762.0,cctv3,C3_S001,G021,OCCUPIED,OCCUPIED,0.7882695341652091
762.0,cctv3,C3_S002,G019,EMPTY,EMPTY,0.01
762.0,cctv3,C3_S003,G020,OCCUPIED,OCCUPIED,0.8280368680303748
762.0,cctv3,C3_S004,G024,OCCUPIED,OCCUPIED,0.8278152736750517
762.0,cctv3,C3_S005,G025,OCCUPIED,OCCUPIED,0.830009340968999
762.0,cctv3,C3_S006,G026,OCCUPIED,OCCUPIED,0.82727805565704
762.0,cctv3,C3_S007,G027,OCCUPIED,OCCUPIED,0.7713849930600687
762.0,cctv3,C3_S008,G028,EMPTY,EMPTY,0.01
762.0,cctv3,C3_S009,G029,EMPTY,MANEUVERING,0.2539186402740465
762.0,cctv3,C3_S010,G007,OCCUPIED,OCCUPIED,0.51
762.0,cctv3,C3_S011,G008,OCCUPIED,OCCUPIED,0.8079535524953496
762.0,cctv3,C3_S012,G009,OCCUPIED,OCCUPIED,0.8251969516277313
763.0,cctv1,C1_S001,G001,OCCUPIED,OCCUPIED,0.7283633129501885
763.0,cctv1,C1_S002,G002,EMPTY,EMPTY,0.01
763.0,cctv1,C1_S003,G003,OCCUPIED,OCCUPIED,0.837244442918084
763.0,cctv1,C1_S004,G004,OCCUPIED,OCCUPIED,0.7789178092371334
763.0,cctv1,C1_S005,G005,OCCUPIED,OCCUPIED,0.7572066053748131
763.0,cctv1,C1_S006,G006,EMPTY,MANEUVERING,0.3562791611525145
763.0,cctv2,C2_S001,G007,OCCUPIED,OCCUPIED,0.7548901348628781
763.0,cctv2,C2_S002,G008,OCCUPIED,OCCUPIED,0.7738682711666282
763.0,cctv2,C2_S003,G009,EMPTY,EMPTY,0.01
763.0,cctv2,C2_S004,G010,OCCUPIED,OCCUPIED,0.51
763.0,cctv2,C2_S005,G001,EMPTY,EMPTY,0.01
763.0,cctv2,C2_S006,G003,OCCUPIED,OCCUPIED,0.822104083408009
763.0,cctv2,C2_S007,G004,OCCUPIED,OCCUPIED,0.7989492768591101
763.0,cctv2,C2_S008,G006,OCCUPIED,OCCUPIED,0.7664218814535575
763.0,cctv2,C2_S009,G005,OCCUPIED,OCCUPIED,0.7886956241997807
763.0,cctv2,C2_S010,G002,OCCUPIED,LEAVING,0.51
763.0,cctv2,C2_S011,G017,OCCUPIED,OCCUPIED,0.7249549621885474
763.0,cctv2,C2_S012,G018,OCCUPIED,OCCUPIED,0.7011766340922226
763.0,cctv2,C2_S013,G019,OCCUPIED,OCCUPIED,0.8365261164578526
763.0,cctv2,C2_S014,G020,EMPTY,EMPTY,0.01
763.0,cctv3,C3_S001,G021,OCCUPIED,OCCUPIED,0.7886019785295834
763.0,cctv3,C3_S002,G019,EMPTY,EMPTY,0.01
763.0,cctv3,C3_S003,G020,OCCUPIED,OCCUPIED,0.8285307537425649
763.0,cctv3,C3_S004,G024,OCCUPIED,OCCUPIED,0.827930189262737
763.0,cctv3,C3_S005,G025,OCCUPIED,OCCUPIED,0.8299101561307908
763.0,cctv3,C3_S006,G026,OCCUPIED,OCCUPIED,0.8272990167140961
763.0,cctv3,C3_S007,G027,OCCUPIED,OCCUPIED,0.7705295626412739
763.0,cctv3,C3_S008,G028,EMPTY,EMPTY,0.01
763.0,cctv3,C3_S009,G029,EMPTY,MANEUVERING,0.3088791003625727
763.0,cctv3,C3_S010,G007,OCCUPIED,OCCUPIED,0.51
763.0,cctv3,C3_S011,G008,OCCUPIED,OCCUPIED,0.8074436995116148
763.0,cctv3,C3_S012,G009,OCCUPIED,OCCUPIED,0.8251143030144952
764.0,cctv1,C1_S001,G001,OCCUPIED,OCCUPIED,0.728389836339788
764.0,cctv1,C1_S002,G002,EMPTY,EMPTY,0.01
764.0,cctv1,C1_S003,G003,OCCUPIED,OCCUPIED,0.8371806884353812
764.0,cctv1,C1_S004,G004,OCCUPIED,OCCUPIED,0.7784411782568152
764.0,cctv1,C1_S005,G005,OCCUPIED,OCCUPIED,0.7577018703926693
764.0,cctv1,C1_S006,G006,EMPTY,MANEUVERING,0.3262791611525145
764.0,cctv2,C2_S001,G007,OCCUPIED,OCCUPIED,0.7539746534417977
764.0,cctv2,C2_S002,G008,OCCUPIED,OCCUPIED,0.7755901684815234
764.0,cctv2,C2_S003,G009,EMPTY,EMPTY,0.01
764.0,cctv2,C2_S004,G010,OCCUPIED,OCCUPIED,0.51
764.0,cctv2,C2_S005,G001,EMPTY,EMPTY,0.01
764.0,cctv2,C2_S006,G003,OCCUPIED,OCCUPIED,0.8222659043290399
764.0,cctv2,C2_S007,G004,OCCUPIED,OCCUPIED,0.7988653074611318
764.0,cctv2,C2_S008,G006,OCCUPIED,OCCUPIED,0.7661569194360214
764.0,cctv2,C2_S009,G005,OCCUPIED,OCCUPIED,0.7892224254933271
764.0,cctv2,C2_S010,G002,OCCUPIED,LEAVING,0.51
764.0,cctv2,C2_S011,G017,OCCUPIED,OCCUPIED,0.737014821551063
764.0,cctv2,C2_S012,G018,OCCUPIED,OCCUPIED,0.7120302739874884
764.0,cctv2,C2_S013,G019,OCCUPIED,OCCUPIED,0.8365861808711833
764.0,cctv2,C2_S014,G020,EMPTY,EMPTY,0.01
764.0,cctv3,C3_S001,G021,OCCUPIED,OCCUPIED,0.789400572126562
764.0,cctv3,C3_S002,G019,EMPTY,EMPTY,0.01
764.0,cctv3,C3_S003,G020,OCCUPIED,OCCUPIED,0.8286070203239269
764.0,cctv3,C3_S004,G024,OCCUPIED,OCCUPIED,0.8283994937484915
764.0,cctv3,C3_S005,G025,OCCUPIED,OCCUPIED,0.8297605173154311
764.0,cctv3,C3_S006,G026,OCCUPIED,OCCUPIED,0.827163527770476
764.0,cctv3,C3_S007,G027,OCCUPIED,OCCUPIED,0.7702739261768081
764.0,cctv3,C3_S008,G028,EMPTY,EMPTY,0.01
764.0,cctv3,C3_S009,G029,EMPTY,MANEUVERING,0.2638791003625727
764.0,cctv3,C3_S010,G007,OCCUPIED,OCCUPIED,0.51
764.0,cctv3,C3_S011,G008,OCCUPIED,OCCUPIED,0.8079598491842097
764.0,cctv3,C3_S012,G009,OCCUPIED,OCCUPIED,0.8250214221802625
765.0,cctv1,C1_S001,G001,OCCUPIED,OCCUPIED,0.72699130512774
765.0,cctv1,C1_S002,G002,EMPTY,EMPTY,0.01
765.0,cctv1,C1_S003,G003,OCCUPIED,OCCUPIED,0.8372676570307125
765.0,cctv1,C1_S004,G004,OCCUPIED,OCCUPIED,0.7787050934000449
765.0,cctv1,C1_S005,G005,OCCUPIED,OCCUPIED,0.7450815717632121
765.0,cctv1,C1_S006,G006,EMPTY,MANEUVERING,0.3935831970660524
765.0,cctv2,C2_S001,G007,OCCUPIED,OCCUPIED,0.752882748909972
765.0,cctv2,C2_S002,G008,OCCUPIED,OCCUPIED,0.7754954657771371
765.0,cctv2,C2_S003,G009,EMPTY,EMPTY,0.01
765.0,cctv2,C2_S004,G010,OCCUPIED,OCCUPIED,0.51
765.0,cctv2,C2_S005,G001,EMPTY,EMPTY,0.01
765.0,cctv2,C2_S006,G003,OCCUPIED,OCCUPIED,0.8224436006762765
765.0,cctv2,C2_S007,G004,OCCUPIED,OCCUPIED,0.7987879818136042
765.0,cctv2,C2_S008,G006,OCCUPIED,OCCUPIED,0.7655522613362833
765.0,cctv2,C2_S009,G005,OCCUPIED,OCCUPIED,0.7890054315328598
765.0,cctv2,C2_S010,G002,OCCUPIED,LEAVING,0.51
765.0,cctv2,C2_S011,G017,OCCUPIED,OCCUPIED,0.7231203421950341
765.0,cctv2,C2_S012,G018,OCCUPIED,OCCUPIED,0.7002314984121106
765.0,cctv2,C2_S013,G019,OCCUPIED,OCCUPIED,0.8365288588133726
765.0,cctv2,C2_S014,G020,EMPTY,EMPTY,0.01
765.0,cctv3,C3_S001,G021,OCCUPIED,OCCUPIED,0.7899374438957735
765.0,cctv3,C3_S002,G019,EMPTY,EMPTY,0.01
765.0,cctv3,C3_S003,G020,OCCUPIED,OCCUPIED,0.8285357832908631
765.0,cctv3,C3_S004,G024,OCCUPIED,OCCUPIED,0.8285166567022151
765.0,cctv3,C3_S005,G025,OCCUPIED,OCCUPIED,0.8295900263569572
765.0,cctv3,C3_S006,G026,OCCUPIED,OCCUPIED,0.827149587598714
765.0,cctv3,C3_S007,G027,OCCUPIED,OCCUPIED,0.7695679630745542
765.0,cctv3,C3_S008,G028,EMPTY,EMPTY,0.01
765.0,cctv3,C3_S009,G029,EMPTY,MANEUVERING,0.3428692839994575
765.0,cctv3,C3_S010,G007,OCCUPIED,OCCUPIED,0.51
765.0,cctv3,C3_S011,G008,OCCUPIED,OCCUPIED,0.8080238190564243
765.0,cctv3,C3_S012,G009,OCCUPIED,OCCUPIED,0.8251738488674164
766.0,cctv1,C1_S001,G001,OCCUPIED,OCCUPIED,0.7272917196493258
766.0,cctv1,C1_S002,G002,EMPTY,EMPTY,0.01
766.0,cctv1,C1_S003,G003,OCCUPIED,OCCUPIED,0.8373050413348458
766.0,cctv1,C1_S004,G004,OCCUPIED,OCCUPIED,0.7780856201594527
766.0,cctv1,C1_S005,G005,OCCUPIED,OCCUPIED,0.7442766440890053
766.0,cctv1,C1_S006,G006,EMPTY,MANEUVERING,0.3365831970660524
766.0,cctv2,C2_S001,G007,OCCUPIED,OCCUPIED,0.7552571911026131
766.0,cctv2,C2_S002,G008,OCCUPIED,OCCUPIED,0.7774760849096559
766.0,cctv2,C2_S003,G009,EMPTY,MANEUVERING,0.2290611838888038
766.0,cctv2,C2_S004,G010,OCCUPIED,OCCUPIED,0.51
766.0,cctv2,C2_S005,G001,EMPTY,EMPTY,0.01
766.0,cctv2,C2_S006,G003,OCCUPIED,OCCUPIED,0.8222623857584868
766.0,cctv2,C2_S007,G004,OCCUPIED,OCCUPIED,0.7986032377589833
766.0,cctv2,C2_S008,G006,OCCUPIED,OCCUPIED,0.7668826735832475
766.0,cctv2,C2_S009,G005,OCCUPIED,OCCUPIED,0.79088781719858
766.0,cctv2,C2_S010,G002,OCCUPIED,LEAVING,0.51
766.0,cctv2,C2_S011,G017,OCCUPIED,OCCUPIED,0.736604951565916
766.0,cctv2,C2_S012,G018,OCCUPIED,OCCUPIED,0.7130335258218377
766.0,cctv2,C2_S013,G019,OCCUPIED,OCCUPIED,0.8365176138552753
766.0,cctv2,C2_S014,G020,EMPTY,EMPTY,0.01
766.0,cctv3,C3_S001,G021,OCCUPIED,OCCUPIED,0.791291012547233
766.0,cctv3,C3_S002,G019,EMPTY,EMPTY,0.01
766.0,cctv3,C3_S003,G020,OCCUPIED,OCCUPIED,0.8286158927462318
766.0,cctv3,C3_S004,G024,OCCUPIED,OCCUPIED,0.8286711478775198
766.0,cctv3,C3_S005,G025,OCCUPIED,OCCUPIED,0.8296173897656528
766.0,cctv3,C3_S006,G026,OCCUPIED,OCCUPIED,0.8272991743954746
766.0,cctv3,C3_S007,G027,OCCUPIED,OCCUPIED,0.7696363224224612
766.0,cctv3,C3_S008,G028,EMPTY,EMPTY,0.01
766.0,cctv3,C3_S009,G029,EMPTY,MANEUVERING,0.3495359506661242
766.0,cctv3,C3_S010,G007,OCCUPIED,OCCUPIED,0.51
766.0,cctv3,C3_S011,G008,OCCUPIED,OCCUPIED,0.80741734884002
766.0,cctv3,C3_S012,G009,OCCUPIED,OCCUPIED,0.8249538045037877
767.0,cctv1,C1_S001,G001,OCCUPIED,OCCUPIED,0.727588649127971
767.0,cctv1,C1_S002,G002,EMPTY,EMPTY,0.01
767.0,cctv1,C1_S003,G003,OCCUPIED,OCCUPIED,0.8372689599340613
767.0,cctv1,C1_S004,G004,OCCUPIED,OCCUPIED,0.7784553456035528
767.0,cctv1,C1_S005,G005,OCCUPIED,OCCUPIED,0.7436149536913093
767.0,cctv1,C1_S006,G006,EMPTY,MANEUVERING,0.2830117684946238
767.0,cctv2,C2_S001,G007,OCCUPIED,OCCUPIED,0.7530848870900545
767.0,cctv2,C2_S002,G008,OCCUPIED,OCCUPIED,0.7778128573840315
767.0,cctv2,C2_S003,G009,EMPTY,MANEUVERING,0.2290611838888038
767.0,cctv2,C2_S004,G010,OCCUPIED,OCCUPIED,0.51653457632119
767.0,cctv2,C2_S005,G001,EMPTY,EMPTY,0.01
767.0,cctv2,C2_S006,G003,OCCUPIED,OCCUPIED,0.8225297394123945
767.0,cctv2,C2_S007,G004,OCCUPIED,OCCUPIED,0.7994337967850946
767.0,cctv2,C2_S008,G006,OCCUPIED,OCCUPIED,0.7658602130683987
767.0,cctv2,C2_S009,G005,OCCUPIED,OCCUPIED,0.7905174992301248
767.0,cctv2,C2_S010,G002,OCCUPIED,LEAVING,0.51
767.0,cctv2,C2_S011,G017,OCCUPIED,OCCUPIED,0.7471452444249934
767.0,cctv2,C2_S012,G018,OCCUPIED,OCCUPIED,0.7268207787925548
767.0,cctv2,C2_S013,G019,OCCUPIED,OCCUPIED,0.836509217728268
767.0,cctv2,C2_S014,G020,EMPTY,EMPTY,0.01
767.0,cctv3,C3_S001,G021,OCCUPIED,OCCUPIED,0.7928739555857399
767.0,cctv3,C3_S002,G019,EMPTY,EMPTY,0.01
767.0,cctv3,C3_S003,G020,OCCUPIED,OCCUPIED,0.828854801979932
767.0,cctv3,C3_S004,G024,OCCUPIED,OCCUPIED,0.8289882825179534
767.0,cctv3,C3_S005,G025,OCCUPIED,OCCUPIED,0.829544802687385
767.0,cctv3,C3_S006,G026,OCCUPIED,OCCUPIED,0.8272299514575439
767.0,cctv3,C3_S007,G027,OCCUPIED,OCCUPIED,0.7690273256464438
767.0,cctv3,C3_S008,G028,EMPTY,EMPTY,0.01
767.0,cctv3,C3_S009,G029,EMPTY,MANEUVERING,0.2479574180258946
767.0,cctv3,C3_S010,G007,OCCUPIED,OCCUPIED,0.51
767.0,cctv3,C3_S011,G008,OCCUPIED,OCCUPIED,0.8072929252277722
767.0,cctv3,C3_S012,G009,OCCUPIED,OCCUPIED,0.8248248772187667
768.0,cctv1,C1_S001,G001,OCCUPIED,OCCUPIED,0.7282177096402104
768.0,cctv1,C1_S002,G002,EMPTY,EMPTY,0.01
768.0,cctv1,C1_S003,G003,OCCUPIED,OCCUPIED,0.83732582682913
768.0,cctv1,C1_S004,G004,OCCUPIED,OCCUPIED,0.7816797757690603
768.0,cctv1,C1_S005,G005,OCCUPIED,OCCUPIED,0.7457578927982937
768.0,cctv1,C1_S006,G006,EMPTY,MANEUVERING,0.2765831970660524
768.0,cctv2,C2_S001,G007,OCCUPIED,OCCUPIED,0.7518171218985862
768.0,cctv2,C2_S002,G008,OCCUPIED,OCCUPIED,0.7755700076168235
768.0,cctv2,C2_S003,G009,EMPTY,MANEUVERING,0.2290611838888038
768.0,cctv2,C2_S004,G010,OCCUPIED,OCCUPIED,0.51
768.0,cctv2,C2_S005,G001,EMPTY,EMPTY,0.01
768.0,cctv2,C2_S006,G003,OCCUPIED,OCCUPIED,0.8232518616047773
768.0,cctv2,C2_S007,G004,OCCUPIED,OCCUPIED,0.8008343260396611
768.0,cctv2,C2_S008,G006,OCCUPIED,OCCUPIED,0.7654456118291075
768.0,cctv2,C2_S009,G005,OCCUPIED,OCCUPIED,0.7904247630726208
768.0,cctv2,C2_S010,G002,OCCUPIED,LEAVING,0.51
768.0,cctv2,C2_S011,G017,OCCUPIED,OCCUPIED,0.7330181513049387
768.0,cctv2,C2_S012,G018,OCCUPIED,OCCUPIED,0.7143713830275971
768.0,cctv2,C2_S013,G019,OCCUPIED,OCCUPIED,0.8372214409438047
768.0,cctv2,C2_S014,G020,EMPTY,EMPTY,0.01
768.0,cctv3,C3_S001,G021,OCCUPIED,OCCUPIED,0.7936162317341025
768.0,cctv3,C3_S002,G019,EMPTY,EMPTY,0.01
768.0,cctv3,C3_S003,G020,OCCUPIED,OCCUPIED,0.8298092172904449
768.0,cctv3,C3_S004,G024,OCCUPIED,OCCUPIED,0.8290134505792098
768.0,cctv3,C3_S005,G025,OCCUPIED,OCCUPIED,0.8293154811317272
768.0,cctv3,C3_S006,G026,OCCUPIED,OCCUPIED,0.8273691564798356
768.0,cctv3,C3_S007,G027,OCCUPIED,OCCUPIED,0.7684411097656597
768.0,cctv3,C3_S008,G028,EMPTY,EMPTY,0.01
768.0,cctv3,C3_S009,G029,EMPTY,MANEUVERING,0.3464107971841639
768.0,cctv3,C3_S010,G007,OCCUPIED,OCCUPIED,0.51
768.0,cctv3,C3_S011,G008,OCCUPIED,OCCUPIED,0.8071850410916589
768.0,cctv3,C3_S012,G009,OCCUPIED,OCCUPIED,0.8248200476169587
769.0,cctv1,C1_S001,G001,OCCUPIED,OCCUPIED,0.728533027896827
769.0,cctv1,C1_S002,G002,EMPTY,EMPTY,0.01
769.0,cctv1,C1_S003,G003,OCCUPIED,OCCUPIED,0.8372273060408506
769.0,cctv1,C1_S004,G004,OCCUPIED,OCCUPIED,0.7809933155775071
769.0,cctv1,C1_S005,G005,OCCUPIED,OCCUPIED,0.7162656384977428
769.0,cctv1,C1_S006,G006,EMPTY,MANEUVERING,0.2265831970660524
769.0,cctv2,C2_S001,G007,OCCUPIED,OCCUPIED,0.7534860321743923
769.0,cctv2,C2_S002,G008,OCCUPIED,OCCUPIED,0.775763836638494
769.0,cctv2,C2_S003,G009,EMPTY,MANEUVERING,0.2290611838888038
769.0,cctv2,C2_S004,G010,OCCUPIED,OCCUPIED,0.51
769.0,cctv2,C2_S005,G001,EMPTY,EMPTY,0.01
769.0,cctv2,C2_S006,G003,OCCUPIED,OCCUPIED,0.8231839090585709
769.0,cctv2,C2_S007,G004,OCCUPIED,OCCUPIED,0.8007233744317835
769.0,cctv2,C2_S008,G006,OCCUPIED,OCCUPIED,0.765713022378358
769.0,cctv2,C2_S009,G005,OCCUPIED,OCCUPIED,0.7910228948701512
769.0,cctv2,C2_S010,G002,OCCUPIED,LEAVING,0.51
769.0,cctv2,C2_S011,G017,OCCUPIED,OCCUPIED,0.7195106305859306
769.0,cctv2,C2_S012,G018,OCCUPIED,OCCUPIED,0.7020008334382014
769.0,cctv2,C2_S013,G019,OCCUPIED,OCCUPIED,0.8367525818673047
769.0,cctv2,C2_S014,G020,EMPTY,EMPTY,0.01
769.0,cctv3,C3_S001,G021,OCCUPIED,OCCUPIED,0.7940098450942473
769.0,cctv3,C3_S002,G019,EMPTY,EMPTY,0.01
769.0,cctv3,C3_S003,G020,OCCUPIED,OCCUPIED,0.830103888836774
769.0,cctv3,C3_S004,G024,OCCUPIED,OCCUPIED,0.8290699476545508
769.0,cctv3,C3_S005,G025,OCCUPIED,OCCUPIED,0.8294183544137261
769.0,cctv3,C3_S006,G026,OCCUPIED,OCCUPIED,0.8275361223654314
769.0,cctv3,C3_S007,G027,OCCUPIED,OCCUPIED,0.7677123657681726
769.0,cctv3,C3_S008,G028,EMPTY,EMPTY,0.01
769.0,cctv3,C3_S009,G029,EMPTY,MANEUVERING,0.3490285683626478
769.0,cctv3,C3_S010,G007,OCCUPIED,OCCUPIED,0.51
769.0,cctv3,C3_S011,G008,OCCUPIED,OCCUPIED,0.8064648630944166
769.0,cctv3,C3_S012,G009,OCCUPIED,OCCUPIED,0.8248208287087354
770.0,cctv1,C1_S001,G001,OCCUPIED,OCCUPIED,0.7302385185252537
770.0,cctv1,C1_S002,G002,EMPTY,EMPTY,0.01
770.0,cctv1,C1_S003,G003,OCCUPIED,OCCUPIED,0.8372611514546655
770.0,cctv1,C1_S004,G004,OCCUPIED,OCCUPIED,0.7812820407477292
770.0,cctv1,C1_S005,G005,OCCUPIED,OCCUPIED,0.7295370306842256
770.0,cctv1,C1_S006,G006,EMPTY,MANEUVERING,0.2528283073866006
770.0,cctv2,C2_S001,G007,OCCUPIED,OCCUPIED,0.74769851192832
770.0,cctv2,C2_S002,G008,OCCUPIED,OCCUPIED,0.7776468160477552
770.0,cctv2,C2_S003,G009,EMPTY,MANEUVERING,0.1840611838888038
770.0,cctv2,C2_S004,G010,OCCUPIED,OCCUPIED,0.51
770.0,cctv2,C2_S005,G001,EMPTY,EMPTY,0.01
770.0,cctv2,C2_S006,G003,OCCUPIED,OCCUPIED,0.823358091711998
770.0,cctv2,C2_S007,G004,OCCUPIED,OCCUPIED,0.8000835659829053
770.0,cctv2,C2_S008,G006,OCCUPIED,OCCUPIED,0.764440892501311
770.0,cctv2,C2_S009,G005,OCCUPIED,OCCUPIED,0.7912835430015218
770.0,cctv2,C2_S010,G002,OCCUPIED,LEAVING,0.51
770.0,cctv2,C2_S011,G017,OCCUPIED,OCCUPIED,0.7199974328279496
770.0,cctv2,C2_S012,G018,OCCUPIED,OCCUPIED,0.7038920525122773
770.0,cctv2,C2_S013,G019,OCCUPIED,OCCUPIED,0.8368529842658476
770.0,cctv2,C2_S014,G020,EMPTY,EMPTY,0.01
770.0,cctv3,C3_S001,G021,OCCUPIED,OCCUPIED,0.795686194842512
770.0,cctv3,C3_S002,G019,EMPTY,EMPTY,0.01
770.0,cctv3,C3_S003,G020,OCCUPIED,OCCUPIED,0.8303260163827376
770.0,cctv3,C3_S004,G024,OCCUPIED,OCCUPIED,0.829152132977139
770.0,cctv3,C3_S005,G025,OCCUPIED,OCCUPIED,0.8293630366975612
770.0,cctv3,C3_S006,G026,OCCUPIED,OCCUPIED,0.8275813834233718
770.0,cctv3,C3_S007,G027,OCCUPIED,OCCUPIED,0.7664788072759455
770.0,cctv3,C3_S008,G028,EMPTY,EMPTY,0.01
770.0,cctv3,C3_S009,G029,EMPTY,MANEUVERING,0.3490285683626478
770.0,cctv3,C3_S010,G007,OCCUPIED,OCCUPIED,0.51
770.0,cctv3,C3_S011,G008,OCCUPIED,OCCUPIED,0.8057499080896379
770.0,cctv3,C3_S012,G009,OCCUPIED,OCCUPIED,0.824962304667993
771.0,cctv1,C1_S001,G001,OCCUPIED,OCCUPIED,0.7312169893898748
771.0,cctv1,C1_S002,G002,EMPTY,EMPTY,0.01
771.0,cctv1,C1_S003,G003,OCCUPIED,OCCUPIED,0.8372663256796924
771.0,cctv1,C1_S004,G004,OCCUPIED,OCCUPIED,0.7811910000714389
771.0,cctv1,C1_S005,G005,OCCUPIED,OCCUPIED,0.7306810314366313
771.0,cctv1,C1_S006,G006,EMPTY,MANEUVERING,0.2528283073866006
771.0,cctv2,C2_S001,G007,OCCUPIED,OCCUPIED,0.7482281787151641
771.0,cctv2,C2_S002,G008,OCCUPIED,OCCUPIED,0.7789840081875975
771.0,cctv2,C2_S003,G009,EMPTY,MANEUVERING,0.2687419047883966
771.0,cctv2,C2_S004,G010,OCCUPIED,OCCUPIED,0.51
771.0,cctv2,C2_S005,G001,EMPTY,EMPTY,0.01
771.0,cctv2,C2_S006,G003,OCCUPIED,OCCUPIED,0.8234077410264449
771.0,cctv2,C2_S007,G004,OCCUPIED,OCCUPIED,0.7990640063177457
771.0,cctv2,C2_S008,G006,OCCUPIED,OCCUPIED,0.7642029374837876
771.0,cctv2,C2_S009,G005,OCCUPIED,OCCUPIED,0.7908140930262479
771.0,cctv2,C2_S010,G002,OCCUPIED,LEAVING,0.51
771.0,cctv2,C2_S011,G017,OCCUPIED,OCCUPIED,0.7213582800193267
771.0,cctv2,C2_S012,G018,OCCUPIED,OCCUPIED,0.7051166772165082
771.0,cctv2,C2_S013,G019,OCCUPIED,OCCUPIED,0.8368974455378273
771.0,cctv2,C2_S014,G020,EMPTY,EMPTY,0.01
771.0,cctv3,C3_S001,G021,OCCUPIED,OCCUPIED,0.7968755253336647
771.0,cctv3,C3_S002,G019,EMPTY,EMPTY,0.01
771.0,cctv3,C3_S003,G020,OCCUPIED,OCCUPIED,0.8295050816102462
771.0,cctv3,C3_S004,G024,OCCUPIED,OCCUPIED,0.8294168052348224
771.0,cctv3,C3_S005,G025,OCCUPIED,OCCUPIED,0.8293326115066355
771.0,cctv3,C3_S006,G026,OCCUPIED,OCCUPIED,0.8275340562516993
771.0,cctv3,C3_S007,G027,OCCUPIED,OCCUPIED,0.7665687169541013
771.0,cctv3,C3_S008,G028,EMPTY,EMPTY,0.01
771.0,cctv3,C3_S009,G029,EMPTY,MANEUVERING,0.3944462341273373
771.0,cctv3,C3_S010,G007,OCCUPIED,OCCUPIED,0.51
771.0,cctv3,C3_S011,G008,OCCUPIED,OCCUPIED,0.8042908197099513
771.0,cctv3,C3_S012,G009,OCCUPIED,OCCUPIED,0.8248892022804781
772.0,cctv1,C1_S001,G001,OCCUPIED,OCCUPIED,0.7311758717352694
772.0,cctv1,C1_S002,G002,EMPTY,EMPTY,0.01
772.0,cctv1,C1_S003,G003,OCCUPIED,OCCUPIED,0.8371674814007499
772.0,cctv1,C1_S004,G004,OCCUPIED,OCCUPIED,0.7812048378315839
772.0,cctv1,C1_S005,G005,OCCUPIED,OCCUPIED,0.7324538409764116
772.0,cctv1,C1_S006,G006,EMPTY,MANEUVERING,0.3747942271286791
772.0,cctv2,C2_S001,G007,OCCUPIED,OCCUPIED,0.748721096393737
772.0,cctv2,C2_S002,G008,OCCUPIED,OCCUPIED,0.7791682978922672
772.0,cctv2,C2_S003,G009,EMPTY,MANEUVERING,0.2687419047883966
772.0,cctv2,C2_S004,G010,OCCUPIED,OCCUPIED,0.51
772.0,cctv2,C2_S005,G001,EMPTY,EMPTY,0.01
772.0,cctv2,C2_S006,G003,OCCUPIED,OCCUPIED,0.8235748328945854
772.0,cctv2,C2_S007,G004,OCCUPIED,OCCUPIED,0.7999104838479649
772.0,cctv2,C2_S008,G006,OCCUPIED,OCCUPIED,0.7649892989884723
772.0,cctv2,C2_S009,G005,OCCUPIED,OCCUPIED,0.7898915171623231
772.0,cctv2,C2_S010,G002,OCCUPIED,LEAVING,0.51
772.0,cctv2,C2_S011,G017,OCCUPIED,OCCUPIED,0.7354164871031589
772.0,cctv2,C2_S012,G018,OCCUPIED,OCCUPIED,0.7176250198077073
772.0,cctv2,C2_S013,G019,OCCUPIED,OCCUPIED,0.8364570918408307
772.0,cctv2,C2_S014,G020,EMPTY,EMPTY,0.01
772.0,cctv3,C3_S001,G021,OCCUPIED,OCCUPIED,0.7980092991482128
772.0,cctv3,C3_S002,G019,EMPTY,EMPTY,0.01
772.0,cctv3,C3_S003,G020,OCCUPIED,OCCUPIED,0.8283384523608468
772.0,cctv3,C3_S004,G024,OCCUPIED,OCCUPIED,0.8294885486364365
772.0,cctv3,C3_S005,G025,OCCUPIED,OCCUPIED,0.8292661154812033
772.0,cctv3,C3_S006,G026,OCCUPIED,OCCUPIED,0.8275552960959348
772.0,cctv3,C3_S007,G027,OCCUPIED,OCCUPIED,0.7669197595932268
772.0,cctv3,C3_S008,G028,EMPTY,EMPTY,0.01
772.0,cctv3,C3_S009,G029,EMPTY,MANEUVERING,0.3344462341273373
772.0,cctv3,C3_S010,G007,OCCUPIED,OCCUPIED,0.51
772.0,cctv3,C3_S011,G008,OCCUPIED,OCCUPIED,0.8036791143092243
772.0,cctv3,C3_S012,G009,OCCUPIED,OCCUPIED,0.824616134708578
773.0,cctv1,C1_S001,G001,OCCUPIED,OCCUPIED,0.7304469724947756
773.0,cctv1,C1_S002,G002,EMPTY,EMPTY,0.01
773.0,cctv1,C1_S003,G003,OCCUPIED,OCCUPIED,0.8370259144089439
773.0,cctv1,C1_S004,G004,OCCUPIED,OCCUPIED,0.7806738510727883
773.0,cctv1,C1_S005,G005,OCCUPIED,OCCUPIED,0.7444383504065601
773.0,cctv1,C1_S006,G006,EMPTY,MANEUVERING,0.342169619300826
773.0,cctv2,C2_S001,G007,OCCUPIED,OCCUPIED,0.7501639307899909
773.0,cctv2,C2_S002,G008,OCCUPIED,LEAVING,0.7797975603829731
773.0,cctv2,C2_S003,G009,EMPTY,MANEUVERING,0.2687419047883966
773.0,cctv2,C2_S004,G010,OCCUPIED,OCCUPIED,0.5221549121087248
773.0,cctv2,C2_S005,G001,EMPTY,EMPTY,0.01
773.0,cctv2,C2_S006,G003,OCCUPIED,OCCUPIED,0.8239402936263518
773.0,cctv2,C2_S007,G004,OCCUPIED,OCCUPIED,0.8002314743670551
773.0,cctv2,C2_S008,G006,OCCUPIED,OCCUPIED,0.766039043258537
773.0,cctv2,C2_S009,G005,OCCUPIED,OCCUPIED,0.7894974917173386
773.0,cctv2,C2_S010,G002,OCCUPIED,LEAVING,0.51
773.0,cctv2,C2_S011,G017,OCCUPIED,OCCUPIED,0.7237231792374091
773.0,cctv2,C2_S012,G018,OCCUPIED,OCCUPIED,0.7075420017269525
773.0,cctv2,C2_S013,G019,OCCUPIED,OCCUPIED,0.8363781146027826
773.0,cctv2,C2_S014,G020,EMPTY,EMPTY,0.01
773.0,cctv3,C3_S001,G021,OCCUPIED,OCCUPIED,0.7984334742481058
773.0,cctv3,C3_S002,G019,EMPTY,EMPTY,0.01
773.0,cctv3,C3_S003,G020,OCCUPIED,OCCUPIED,0.8276685097000817
773.0,cctv3,C3_S004,G024,OCCUPIED,OCCUPIED,0.829378196055239
773.0,cctv3,C3_S005,G025,OCCUPIED,OCCUPIED,0.8293021310459484
773.0,cctv3,C3_S006,G026,OCCUPIED,OCCUPIED,0.827524740045721
773.0,cctv3,C3_S007,G027,OCCUPIED,OCCUPIED,0.7667121582410553
773.0,cctv3,C3_S008,G028,EMPTY,EMPTY,0.01
773.0,cctv3,C3_S009,G029,EMPTY,MANEUVERING,0.2894462341273373
773.0,cctv3,C3_S010,G007,OCCUPIED,OCCUPIED,0.51
773.0,cctv3,C3_S011,G008,OCCUPIED,OCCUPIED,0.8032592022960837
773.0,cctv3,C3_S012,G009,OCCUPIED,OCCUPIED,0.8250162024389615
774.0,cctv1,C1_S001,G001,OCCUPIED,OCCUPIED,0.7294678268107502
774.0,cctv1,C1_S002,G002,EMPTY,EMPTY,0.01
774.0,cctv1,C1_S003,G003,OCCUPIED,OCCUPIED,0.836956892230294
774.0,cctv1,C1_S004,G004,OCCUPIED,OCCUPIED,0.7795399277047678
774.0,cctv1,C1_S005,G005,OCCUPIED,OCCUPIED,0.7574178110469472
774.0,cctv1,C1_S006,G006,EMPTY,MANEUVERING,0.2659067951413718
774.0,cctv2,C2_S001,G007,OCCUPIED,OCCUPIED,0.7491130343892358
774.0,cctv2,C2_S002,G008,OCCUPIED,LEAVING,0.782103468477726
774.0,cctv2,C2_S003,G009,EMPTY,MANEUVERING,0.2687419047883966
774.0,cctv2,C2_S004,G010,OCCUPIED,OCCUPIED,0.603402474812873
774.0,cctv2,C2_S005,G001,EMPTY,EMPTY,0.01
774.0,cctv2,C2_S006,G003,OCCUPIED,OCCUPIED,0.8240920944647356
774.0,cctv2,C2_S007,G004,OCCUPIED,OCCUPIED,0.8000017391009765
774.0,cctv2,C2_S008,G006,OCCUPIED,OCCUPIED,0.7669310833920133
774.0,cctv2,C2_S009,G005,OCCUPIED,OCCUPIED,0.7904553938995709
774.0,cctv2,C2_S010,G002,OCCUPIED,LEAVING,0.51
774.0,cctv2,C2_S011,G017,OCCUPIED,OCCUPIED,0.7266819841482423
774.0,cctv2,C2_S012,G018,OCCUPIED,OCCUPIED,0.7084601320326329
774.0,cctv2,C2_S013,G019,OCCUPIED,OCCUPIED,0.8370318567210978
774.0,cctv2,C2_S014,G020,EMPTY,EMPTY,0.01
774.0,cctv3,C3_S001,G021,OCCUPIED,OCCUPIED,0.7991105231371793
774.0,cctv3,C3_S002,G019,EMPTY,EMPTY,0.01
774.0,cctv3,C3_S003,G020,OCCUPIED,OCCUPIED,0.8274978748776697
774.0,cctv3,C3_S004,G024,OCCUPIED,OCCUPIED,0.8294850211251866
774.0,cctv3,C3_S005,G025,OCCUPIED,OCCUPIED,0.8293124949390238
774.0,cctv3,C3_S006,G026,OCCUPIED,OCCUPIED,0.8275142867456784
774.0,cctv3,C3_S007,G027,OCCUPIED,OCCUPIED,0.7673609829761766
774.0,cctv3,C3_S008,G028,EMPTY,EMPTY,0.01
774.0,cctv3,C3_S009,G029,EMPTY,MANEUVERING,0.238736800332977
774.0,cctv3,C3_S010,G007,OCCUPIED,OCCUPIED,0.5237302059477025
774.0,cctv3,C3_S011,G008,OCCUPIED,OCCUPIED,0.803394534371116
774.0,cctv3,C3_S012,G009,OCCUPIED,OCCUPIED,0.8250194462862882
775.0,cctv1,C1_S001,G001,OCCUPIED,OCCUPIED,0.7301860411058774
775.0,cctv1,C1_S002,G002,EMPTY,EMPTY,0.01
775.0,cctv1,C1_S003,G003,OCCUPIED,OCCUPIED,0.8369644877585498
775.0,cctv1,C1_S004,G004,OCCUPIED,OCCUPIED,0.7786061194810001
775.0,cctv1,C1_S005,G005,OCCUPIED,OCCUPIED,0.7555921451611953
775.0,cctv1,C1_S006,G006,EMPTY,MANEUVERING,0.2659067951413718
775.0,cctv2,C2_S001,G007,OCCUPIED,OCCUPIED,0.7487015522339128
775.0,cctv2,C2_S002,G008,OCCUPIED,LEAVING,0.7815748262134465
775.0,cctv2,C2_S003,G009,EMPTY,MANEUVERING,0.3064251980456438
775.0,cctv2,C2_S004,G010,OCCUPIED,OCCUPIED,0.6111265662235099
775.0,cctv2,C2_S005,G001,EMPTY,EMPTY,0.01
775.0,cctv2,C2_S006,G003,OCCUPIED,OCCUPIED,0.8241915036331524
775.0,cctv2,C2_S007,G004,OCCUPIED,OCCUPIED,0.7992038900201972
775.0,cctv2,C2_S008,G006,OCCUPIED,OCCUPIED,0.7661276760426435
775.0,cctv2,C2_S009,G005,OCCUPIED,OCCUPIED,0.7878455069932071
775.0,cctv2,C2_S010,G002,OCCUPIED,LEAVING,0.51
775.0,cctv2,C2_S011,G017,OCCUPIED,LEAVING,0.7265126810832457
775.0,cctv2,C2_S012,G018,OCCUPIED,LEAVING,0.7640590904111213
775.0,cctv2,C2_S013,G019,OCCUPIED,OCCUPIED,0.8369860023260117
775.0,cctv2,C2_S014,G020,EMPTY,EMPTY,0.01
775.0,cctv3,C3_S001,G021,OCCUPIED,OCCUPIED,0.7995321411978116
775.0,cctv3,C3_S002,G019,EMPTY,EMPTY,0.01
775.0,cctv3,C3_S003,G020,OCCUPIED,OCCUPIED,0.8269731453873895
775.0,cctv3,C3_S004,G024,OCCUPIED,OCCUPIED,0.8293755479834297
775.0,cctv3,C3_S005,G025,OCCUPIED,OCCUPIED,0.8294664130969481
775.0,cctv3,C3_S006,G026,OCCUPIED,OCCUPIED,0.8275573678992012
775.0,cctv3,C3_S007,G027,OCCUPIED,OCCUPIED,0.7679982868107883
775.0,cctv3,C3_S008,G028,EMPTY,EMPTY,0.01
775.0,cctv3,C3_S009,G029,EMPTY,MANEUVERING,0.1904034669996437
775.0,cctv3,C3_S010,G007,OCCUPIED,OCCUPIED,0.6070860434636409
775.0,cctv3,C3_S011,G008,OCCUPIED,OCCUPIED,0.8020080330696974
775.0,cctv3,C3_S012,G009,OCCUPIED,OCCUPIED,0.8248762212016366
776.0,cctv1,C1_S001,G001,OCCUPIED,OCCUPIED,0.7318745160644705
776.0,cctv1,C1_S002,G002,EMPTY,EMPTY,0.01
776.0,cctv1,C1_S003,G003,OCCUPIED,OCCUPIED,0.8368663489818573
776.0,cctv1,C1_S004,G004,OCCUPIED,OCCUPIED,0.7781998534094204
776.0,cctv1,C1_S005,G005,OCCUPIED,OCCUPIED,0.7569694013758139
776.0,cctv1,C1_S006,G006,EMPTY,MANEUVERING,0.1839761766723611
776.0,cctv2,C2_S001,G007,OCCUPIED,OCCUPIED,0.7519703217528084
776.0,cctv2,C2_S002,G008,OCCUPIED,LEAVING,0.7821913335811008
776.0,cctv2,C2_S003,G009,EMPTY,MANEUVERING,0.3856094037978487
776.0,cctv2,C2_S004,G010,OCCUPIED,OCCUPIED,0.6472304399040613
776.0,cctv2,C2_S005,G001,EMPTY,EMPTY,0.01
776.0,cctv2,C2_S006,G003,OCCUPIED,OCCUPIED,0.8241280872713437
776.0,cctv2,C2_S007,G004,OCCUPIED,OCCUPIED,0.7993373282931069
776.0,cctv2,C2_S008,G006,OCCUPIED,OCCUPIED,0.7660623699426652
776.0,cctv2,C2_S009,G005,OCCUPIED,OCCUPIED,0.7867582459341397
776.0,cctv2,C2_S010,G002,OCCUPIED,LEAVING,0.51
776.0,cctv2,C2_S011,G017,OCCUPIED,OCCUPIED,0.7280403133143079
776.0,cctv2,C2_S012,G018,OCCUPIED,OCCUPIED,0.7119270034134388
776.0,cctv2,C2_S013,G019,OCCUPIED,OCCUPIED,0.8368679932572626
776.0,cctv2,C2_S014,G020,EMPTY,EMPTY,0.01
776.0,cctv3,C3_S001,G021,OCCUPIED,OCCUPIED,0.7999108796769923
776.0,cctv3,C3_S002,G019,EMPTY,EMPTY,0.01
776.0,cctv3,C3_S003,G020,OCCUPIED,OCCUPIED,0.8258720311251554
776.0,cctv3,C3_S004,G024,OCCUPIED,OCCUPIED,0.8295791365883568
776.0,cctv3,C3_S005,G025,OCCUPIED,OCCUPIED,0.8294895524328406
776.0,cctv3,C3_S006,G026,OCCUPIED,OCCUPIED,0.8275048843838952
776.0,cctv3,C3_S007,G027,OCCUPIED,OCCUPIED,0.7689075776121834
776.0,cctv3,C3_S008,G028,EMPTY,EMPTY,0.01
776.0,cctv3,C3_S009,G029,EMPTY,MANEUVERING,0.1547259296151724
776.0,cctv3,C3_S010,G007,OCCUPIED,OCCUPIED,0.6468979672667655
776.0,cctv3,C3_S011,G008,OCCUPIED,OCCUPIED,0.8018457114696503
776.0,cctv3,C3_S012,G009,OCCUPIED,OCCUPIED,0.8248721304264937
777.0,cctv1,C1_S001,G001,OCCUPIED,OCCUPIED,0.7320637455040759
777.0,cctv1,C1_S002,G002,EMPTY,EMPTY,0.01
777.0,cctv1,C1_S003,G003,OCCUPIED,OCCUPIED,0.8368393976580013
777.0,cctv1,C1_S004,G004,OCCUPIED,OCCUPIED,0.7789420482787219
777.0,cctv1,C1_S005,G005,OCCUPIED,OCCUPIED,0.7584105177359148
777.0,cctv1,C1_S006,G006,EMPTY,MANEUVERING,0.1839761766723611
777.0,cctv2,C2_S001,G007,OCCUPIED,OCCUPIED,0.7508009107275443
777.0,cctv2,C2_S002,G008,OCCUPIED,LEAVING,0.7822469699111853
777.0,cctv2,C2_S003,G009,EMPTY,MANEUVERING,0.3500648710402575
777.0,cctv2,C2_S004,G010,OCCUPIED,OCCUPIED,0.6441340254535052
777.0,cctv2,C2_S005,G001,EMPTY,EMPTY,0.01
777.0,cctv2,C2_S006,G003,OCCUPIED,OCCUPIED,0.8242483770305461
777.0,cctv2,C2_S007,G004,OCCUPIED,OCCUPIED,0.7992032942446796
777.0,cctv2,C2_S008,G006,OCCUPIED,OCCUPIED,0.7652780997482214
777.0,cctv2,C2_S009,G005,OCCUPIED,OCCUPIED,0.7852145704356107
777.0,cctv2,C2_S010,G002,OCCUPIED,LEAVING,0.51
777.0,cctv2,C2_S011,G017,OCCUPIED,LEAVING,0.7263313775712794
777.0,cctv2,C2_S012,G018,OCCUPIED,LEAVING,0.765410379184918
777.0,cctv2,C2_S013,G019,OCCUPIED,OCCUPIED,0.8363180144266649
777.0,cctv2,C2_S014,G020,EMPTY,EMPTY,0.01
777.0,cctv3,C3_S001,G021,OCCUPIED,OCCUPIED,0.7997017470273106
777.0,cctv3,C3_S002,G019,EMPTY,EMPTY,0.01
777.0,cctv3,C3_S003,G020,OCCUPIED,OCCUPIED,0.8256118227135052
777.0,cctv3,C3_S004,G024,OCCUPIED,OCCUPIED,0.8295421318574385
777.0,cctv3,C3_S005,G025,OCCUPIED,OCCUPIED,0.8293539375066757
777.0,cctv3,C3_S006,G026,OCCUPIED,OCCUPIED,0.8273800933902915
777.0,cctv3,C3_S007,G027,OCCUPIED,OCCUPIED,0.7696860615502705
777.0,cctv3,C3_S008,G028,EMPTY,EMPTY,0.01
777.0,cctv3,C3_S009,G029,EMPTY,MANEUVERING,0.1547259296151724
777.0,cctv3,C3_S010,G007,OCCUPIED,OCCUPIED,0.6466802221861753
777.0,cctv3,C3_S011,G008,OCCUPIED,OCCUPIED,0.8017358920790933
777.0,cctv3,C3_S012,G009,OCCUPIED,OCCUPIED,0.8250449711626227
778.0,cctv1,C1_S001,G001,OCCUPIED,OCCUPIED,0.7315395676954227
778.0,cctv1,C1_S002,G002,EMPTY,EMPTY,0.01
778.0,cctv1,C1_S003,G003,OCCUPIED,OCCUPIED,0.8367101420055737
778.0,cctv1,C1_S004,G004,OCCUPIED,OCCUPIED,0.7788188349116933
778.0,cctv1,C1_S005,G005,OCCUPIED,OCCUPIED,0.7583969124338844
778.0,cctv1,C1_S006,G006,EMPTY,MANEUVERING,0.1839761766723611
778.0,cctv2,C2_S001,G007,OCCUPIED,OCCUPIED,0.7538327351212503
778.0,cctv2,C2_S002,G008,OCCUPIED,LEAVING,0.7851673590866003
778.0,cctv2,C2_S003,G009,EMPTY,MANEUVERING,0.432114111320539
778.0,cctv2,C2_S004,G010,OCCUPIED,OCCUPIED,0.6520005131055686
778.0,cctv2,C2_S005,G001,EMPTY,EMPTY,0.01
778.0,cctv2,C2_S006,G003,OCCUPIED,OCCUPIED,0.8239414022727447
778.0,cctv2,C2_S007,G004,OCCUPIED,OCCUPIED,0.79877532991496
778.0,cctv2,C2_S008,G006,OCCUPIED,OCCUPIED,0.7645262318578634
778.0,cctv2,C2_S009,G005,OCCUPIED,OCCUPIED,0.7847870807756078
778.0,cctv2,C2_S010,G002,OCCUPIED,LEAVING,0.51
778.0,cctv2,C2_S011,G017,OCCUPIED,LEAVING,0.7278330756859346
778.0,cctv2,C2_S012,G018,OCCUPIED,LEAVING,0.7666057243265889
778.0,cctv2,C2_S013,G019,OCCUPIED,OCCUPIED,0.8357032212344083
778.0,cctv2,C2_S014,G020,EMPTY,EMPTY,0.01
778.0,cctv3,C3_S001,G021,OCCUPIED,OCCUPIED,0.7988264877687802
778.0,cctv3,C3_S002,G019,EMPTY,EMPTY,0.01
778.0,cctv3,C3_S003,G020,OCCUPIED,OCCUPIED,0.8251982236450369
778.0,cctv3,C3_S004,G024,OCCUPIED,OCCUPIED,0.8291609460657294
778.0,cctv3,C3_S005,G025,OCCUPIED,OCCUPIED,0.8293839904395017
778.0,cctv3,C3_S006,G026,OCCUPIED,OCCUPIED,0.8274605612863195
778.0,cctv3,C3_S007,G027,OCCUPIED,OCCUPIED,0.7697436380115423
778.0,cctv3,C3_S008,G028,EMPTY,EMPTY,0.01
778.0,cctv3,C3_S009,G029,EMPTY,MANEUVERING,0.1547259296151724
778.0,cctv3,C3_S010,G007,OCCUPIED,OCCUPIED,0.6482300573167475
778.0,cctv3,C3_S011,G008,OCCUPIED,OCCUPIED,0.8011224221099508
778.0,cctv3,C3_S012,G009,OCCUPIED,OCCUPIED,0.8253401832147078
779.0,cctv1,C1_S001,G001,OCCUPIED,OCCUPIED,0.7319715705784885
779.0,cctv1,C1_S002,G002,EMPTY,EMPTY,0.01
779.0,cctv1,C1_S003,G003,OCCUPIED,OCCUPIED,0.8367694106968967
779.0,cctv1,C1_S004,G004,OCCUPIED,OCCUPIED,0.7770312043753538
779.0,cctv1,C1_S005,G005,OCCUPIED,OCCUPIED,0.75734013305469
779.0,cctv1,C1_S006,G006,EMPTY,MANEUVERING,0.1839761766723611
779.0,cctv2,C2_S001,G007,OCCUPIED,OCCUPIED,0.7559502598914234
779.0,cctv2,C2_S002,G008,OCCUPIED,LEAVING,0.7898422116583045
779.0,cctv2,C2_S003,G009,EMPTY,MANEUVERING,0.3871141113205389
779.0,cctv2,C2_S004,G010,OCCUPIED,OCCUPIED,0.6859684754727465
779.0,cctv2,C2_S005,G001,EMPTY,EMPTY,0.01
779.0,cctv2,C2_S006,G003,OCCUPIED,OCCUPIED,0.8235700780695135
779.0,cctv2,C2_S007,G004,OCCUPIED,OCCUPIED,0.7975750755180013
779.0,cctv2,C2_S008,G006,OCCUPIED,OCCUPIED,0.7645294464447282
779.0,cctv2,C2_S009,G005,OCCUPIED,OCCUPIED,0.7855015619234605
779.0,cctv2,C2_S010,G002,OCCUPIED,LEAVING,0.51
779.0,cctv2,C2_S011,G017,OCCUPIED,OCCUPIED,0.7328401576388966
779.0,cctv2,C2_S012,G018,OCCUPIED,OCCUPIED,0.7135536924681881
779.0,cctv2,C2_S013,G019,OCCUPIED,OCCUPIED,0.8355361870744012
779.0,cctv2,C2_S014,G020,EMPTY,EMPTY,0.01
779.0,cctv3,C3_S001,G021,OCCUPIED,OCCUPIED,0.7991224890405482
779.0,cctv3,C3_S002,G019,EMPTY,EMPTY,0.01
779.0,cctv3,C3_S003,G020,OCCUPIED,OCCUPIED,0.824594868855043
779.0,cctv3,C3_S004,G024,OCCUPIED,OCCUPIED,0.8290186800739983
779.0,cctv3,C3_S005,G025,OCCUPIED,OCCUPIED,0.8294111287051982
779.0,cctv3,C3_S006,G026,OCCUPIED,OCCUPIED,0.8274187862873078
779.0,cctv3,C3_S007,G027,OCCUPIED,OCCUPIED,0.7696284720843489
779.0,cctv3,C3_S008,G028,EMPTY,EMPTY,0.01
779.0,cctv3,C3_S009,G029,EMPTY,MANEUVERING,0.1057040102414109
779.0,cctv3,C3_S010,G007,OCCUPIED,OCCUPIED,0.696615620118199
779.0,cctv3,C3_S011,G008,OCCUPIED,OCCUPIED,0.8004879918965427
779.0,cctv3,C3_S012,G009,OCCUPIED,OCCUPIED,0.8254626959562302
780.0,cctv1,C1_S001,G001,OCCUPIED,OCCUPIED,0.7311549417674542
780.0,cctv1,C1_S002,G002,EMPTY,EMPTY,0.01
780.0,cctv1,C1_S003,G003,OCCUPIED,OCCUPIED,0.8368183528835124
780.0,cctv1,C1_S004,G004,OCCUPIED,OCCUPIED,0.7761951663277367
780.0,cctv1,C1_S005,G005,OCCUPIED,OCCUPIED,0.7569624349474907
780.0,cctv1,C1_S006,G006,EMPTY,MANEUVERING,0.2580674059959975
780.0,cctv2,C2_S001,G007,OCCUPIED,OCCUPIED,0.7543962607329543
780.0,cctv2,C2_S002,G008,OCCUPIED,LEAVING,0.790710290724581
780.0,cctv2,C2_S003,G009,EMPTY,MANEUVERING,0.342114111320539
780.0,cctv2,C2_S004,G010,OCCUPIED,OCCUPIED,0.7207815260846507
780.0,cctv2,C2_S005,G001,EMPTY,EMPTY,0.01
780.0,cctv2,C2_S006,G003,OCCUPIED,OCCUPIED,0.8234673868526112
780.0,cctv2,C2_S007,G004,OCCUPIED,OCCUPIED,0.7975026022304189
780.0,cctv2,C2_S008,G006,OCCUPIED,OCCUPIED,0.7642243146896363
780.0,cctv2,C2_S009,G005,OCCUPIED,OCCUPIED,0.7849842491475019
780.0,cctv2,C2_S010,G002,OCCUPIED,LEAVING,0.51
780.0,cctv2,C2_S011,G017,OCCUPIED,OCCUPIED,0.7466889902678404
780.0,cctv2,C2_S012,G018,OCCUPIED,OCCUPIED,0.7275104740532963
780.0,cctv2,C2_S013,G019,OCCUPIED,OCCUPIED,0.8359150482849642
780.0,cctv2,C2_S014,G020,EMPTY,EMPTY,0.01
780.0,cctv3,C3_S001,G021,OCCUPIED,OCCUPIED,0.7994979609142651
780.0,cctv3,C3_S002,G019,EMPTY,EMPTY,0.01
780.0,cctv3,C3_S003,G020,OCCUPIED,OCCUPIED,0.824346258152615
780.0,cctv3,C3_S004,G024,OCCUPIED,OCCUPIED,0.8289776024493305
780.0,cctv3,C3_S005,G025,OCCUPIED,OCCUPIED,0.8293693577701395
780.0,cctv3,C3_S006,G026,OCCUPIED,OCCUPIED,0.8272892900488594
780.0,cctv3,C3_S007,G027,OCCUPIED,OCCUPIED,0.7695156937295741
780.0,cctv3,C3_S008,G028,EMPTY,EMPTY,0.01
780.0,cctv3,C3_S009,G029,EMPTY,MANEUVERING,0.2500301083854653
780.0,cctv3,C3_S010,G007,OCCUPIED,OCCUPIED,0.6516156201181991
780.0,cctv3,C3_S011,G008,OCCUPIED,OCCUPIED,0.8008533697236668
780.0,cctv3,C3_S012,G009,OCCUPIED,OCCUPIED,0.8255117551846938
781.0,cctv1,C1_S001,G001,OCCUPIED,OCCUPIED,0.7312252668494529
781.0,cctv1,C1_S002,G002,EMPTY,EMPTY,0.01
781.0,cctv1,C1_S003,G003,OCCUPIED,OCCUPIED,0.8368150293827057
781.0,cctv1,C1_S004,G004,OCCUPIED,OCCUPIED,0.7759874812581323
781.0,cctv1,C1_S005,G005,OCCUPIED,OCCUPIED,0.7579660399393603
781.0,cctv1,C1_S006,G006,EMPTY,MANEUVERING,0.3624921168657866
781.0,cctv2,C2_S001,G007,OCCUPIED,OCCUPIED,0.7539793857119301
781.0,cctv2,C2_S002,G008,OCCUPIED,LEAVING,0.7896836735985496
781.0,cctv2,C2_S003,G009,EMPTY,MANEUVERING,0.342114111320539
781.0,cctv2,C2_S004,G010,OCCUPIED,OCCUPIED,0.7549694965508852
781.0,cctv2,C2_S005,G001,EMPTY,EMPTY,0.01
781.0,cctv2,C2_S006,G003,OCCUPIED,OCCUPIED,0.8231417878107592
781.0,cctv2,C2_S007,G004,OCCUPIED,OCCUPIED,0.7972939523783598
781.0,cctv2,C2_S008,G006,OCCUPIED,OCCUPIED,0.7653892854397948
781.0,cctv2,C2_S009,G005,OCCUPIED,OCCUPIED,0.7847923484715549
781.0,cctv2,C2_S010,G002,OCCUPIED,LEAVING,0.51
781.0,cctv2,C2_S011,G017,OCCUPIED,OCCUPIED,0.7325639470057055
781.0,cctv2,C2_S012,G018,OCCUPIED,OCCUPIED,0.7146624971519817
781.0,cctv2,C2_S013,G019,OCCUPIED,OCCUPIED,0.8357870475812392
781.0,cctv2,C2_S014,G020,EMPTY,EMPTY,0.01
781.0,cctv3,C3_S001,G021,OCCUPIED,OCCUPIED,0.7991795705123381
781.0,cctv3,C3_S002,G019,EMPTY,EMPTY,0.01
781.0,cctv3,C3_S003,G020,OCCUPIED,OCCUPIED,0.8242591245607896
781.0,cctv3,C3_S004,G024,OCCUPIED,OCCUPIED,0.8289215914227747
781.0,cctv3,C3_S005,G025,OCCUPIED,OCCUPIED,0.8294364243745804
781.0,cctv3,C3_S006,G026,OCCUPIED,OCCUPIED,0.8273384029215033
781.0,cctv3,C3_S007,G027,OCCUPIED,OCCUPIED,0.7696654674681751
781.0,cctv3,C3_S008,G028,EMPTY,EMPTY,0.01
781.0,cctv3,C3_S009,G029,EMPTY,MANEUVERING,0.2500301083854653
781.0,cctv3,C3_S010,G007,OCCUPIED,OCCUPIED,0.6510806028662307
781.0,cctv3,C3_S011,G008,OCCUPIED,OCCUPIED,0.8005196216431532
781.0,cctv3,C3_S012,G009,OCCUPIED,OCCUPIED,0.8254922433332964
782.0,cctv1,C1_S001,G001,OCCUPIED,OCCUPIED,0.7310366421260618
782.0,cctv1,C1_S002,G002,EMPTY,EMPTY,0.01
782.0,cctv1,C1_S003,G003,OCCUPIED,OCCUPIED,0.8368820203976198
782.0,cctv1,C1_S004,G004,OCCUPIED,OCCUPIED,0.7750851471315732
782.0,cctv1,C1_S005,G005,OCCUPIED,OCCUPIED,0.7578441900285808
782.0,cctv1,C1_S006,G006,EMPTY,MANEUVERING,0.3624921168657866
782.0,cctv2,C2_S001,G007,OCCUPIED,OCCUPIED,0.7521827874535865
782.0,cctv2,C2_S002,G008,OCCUPIED,LEAVING,0.7885736950419167
782.0,cctv2,C2_S003,G009,EMPTY,MANEUVERING,0.2598597580465403
782.0,cctv2,C2_S004,G010,OCCUPIED,OCCUPIED,0.7522496626458386
782.0,cctv2,C2_S005,G001,EMPTY,EMPTY,0.01
782.0,cctv2,C2_S006,G003,OCCUPIED,OCCUPIED,0.8231424803083593
782.0,cctv2,C2_S007,G004,OCCUPIED,OCCUPIED,0.7982481295412238
782.0,cctv2,C2_S008,G006,OCCUPIED,OCCUPIED,0.7648939167911357
782.0,cctv2,C2_S009,G005,OCCUPIED,OCCUPIED,0.7840366978536953
782.0,cctv2,C2_S010,G002,OCCUPIED,LEAVING,0.51
782.0,cctv2,C2_S011,G017,OCCUPIED,OCCUPIED,0.7293508089401506
782.0,cctv2,C2_S012,G018,OCCUPIED,OCCUPIED,0.7132655608383093
782.0,cctv2,C2_S013,G019,OCCUPIED,OCCUPIED,0.8357027278705077
782.0,cctv2,C2_S014,G020,EMPTY,EMPTY,0.01
782.0,cctv3,C3_S001,G021,OCCUPIED,OCCUPIED,0.7981880244883625
782.0,cctv3,C3_S002,G019,EMPTY,EMPTY,0.01
782.0,cctv3,C3_S003,G020,OCCUPIED,OCCUPIED,0.8248541856353934
782.0,cctv3,C3_S004,G024,OCCUPIED,OCCUPIED,0.8284964165904306
782.0,cctv3,C3_S005,G025,OCCUPIED,OCCUPIED,0.829496370120482
782.0,cctv3,C3_S006,G026,OCCUPIED,OCCUPIED,0.8274381095712836
782.0,cctv3,C3_S007,G027,OCCUPIED,OCCUPIED,0.7695845964280043
782.0,cctv3,C3_S008,G028,EMPTY,EMPTY,0.01
782.0,cctv3,C3_S009,G029,EMPTY,MANEUVERING,0.1949814710529013
782.0,cctv3,C3_S010,G007,OCCUPIED,OCCUPIED,0.5962624210480488
782.0,cctv3,C3_S011,G008,OCCUPIED,OCCUPIED,0.8021356542002072
782.0,cctv3,C3_S012,G009,OCCUPIED,OCCUPIED,0.8254392428831621
783.0,cctv1,C1_S001,G001,OCCUPIED,OCCUPIED,0.7312179490923882
783.0,cctv1,C1_S002,G002,EMPTY,EMPTY,0.01
783.0,cctv1,C1_S003,G003,OCCUPIED,OCCUPIED,0.836774150078947
783.0,cctv1,C1_S004,G004,OCCUPIED,OCCUPIED,0.7752713103186001
783.0,cctv1,C1_S005,G005,OCCUPIED,OCCUPIED,0.7591204090551897
783.0,cctv1,C1_S006,G006,EMPTY,MANEUVERING,0.3118031616441228
783.0,cctv2,C2_S001,G007,OCCUPIED,OCCUPIED,0.7509994561699305
783.0,cctv2,C2_S002,G008,OCCUPIED,LEAVING,0.7870939158580521
783.0,cctv2,C2_S003,G009,EMPTY,MANEUVERING,0.2598597580465403
783.0,cctv2,C2_S004,G010,OCCUPIED,OCCUPIED,0.6712447595257651
783.0,cctv2,C2_S005,G001,EMPTY,EMPTY,0.01
783.0,cctv2,C2_S006,G003,OCCUPIED,OCCUPIED,0.8225340301340277
783.0,cctv2,C2_S007,G004,OCCUPIED,OCCUPIED,0.7978606665676291
783.0,cctv2,C2_S008,G006,OCCUPIED,OCCUPIED,0.7648921542546967
783.0,cctv2,C2_S009,G005,OCCUPIED,OCCUPIED,0.7838302165269853
783.0,cctv2,C2_S010,G002,OCCUPIED,LEAVING,0.51
783.0,cctv2,C2_S011,G017,OCCUPIED,OCCUPIED,0.7289939369667661
783.0,cctv2,C2_S012,G018,OCCUPIED,OCCUPIED,0.7105086823756045
783.0,cctv2,C2_S013,G019,OCCUPIED,OCCUPIED,0.8360890025442298
783.0,cctv2,C2_S014,G020,EMPTY,EMPTY,0.01
783.0,cctv3,C3_S001,G021,OCCUPIED,OCCUPIED,0.7972799610007894
783.0,cctv3,C3_S002,G019,EMPTY,EMPTY,0.01
783.0,cctv3,C3_S003,G020,OCCUPIED,OCCUPIED,0.8257696910337968
783.0,cctv3,C3_S004,G024,OCCUPIED,OCCUPIED,0.8284849253567783
783.0,cctv3,C3_S005,G025,OCCUPIED,OCCUPIED,0.8296083604747599
783.0,cctv3,C3_S006,G026,OCCUPIED,OCCUPIED,0.8275593673641032
783.0,cctv3,C3_S007,G027,OCCUPIED,OCCUPIED,0.7703110633925959
783.0,cctv3,C3_S008,G028,EMPTY,EMPTY,0.01
783.0,cctv3,C3_S009,G029,EMPTY,MANEUVERING,0.2867889304289763
783.0,cctv3,C3_S010,G007,OCCUPIED,OCCUPIED,0.51
783.0,cctv3,C3_S011,G008,OCCUPIED,OCCUPIED,0.8024215272881768
783.0,cctv3,C3_S012,G009,OCCUPIED,OCCUPIED,0.8256056885827672
784.0,cctv1,C1_S001,G001,OCCUPIED,OCCUPIED,0.7315725865011866
784.0,cctv1,C1_S002,G002,EMPTY,EMPTY,0.01
784.0,cctv1,C1_S003,G003,OCCUPIED,OCCUPIED,0.8368425927378915
784.0,cctv1,C1_S004,G004,OCCUPIED,OCCUPIED,0.776463139734485
784.0,cctv1,C1_S005,G005,OCCUPIED,OCCUPIED,0.7613220678134398
784.0,cctv1,C1_S006,G006,EMPTY,MANEUVERING,0.2668031616441228
784.0,cctv2,C2_S001,G007,OCCUPIED,OCCUPIED,0.7520854984494774
784.0,cctv2,C2_S002,G008,OCCUPIED,LEAVING,0.7873708132993091
784.0,cctv2,C2_S003,G009,EMPTY,MANEUVERING,0.3391975431753831
784.0,cctv2,C2_S004,G010,OCCUPIED,OCCUPIED,0.6741842947561633
784.0,cctv2,C2_S005,G001,EMPTY,EMPTY,0.01
784.0,cctv2,C2_S006,G003,OCCUPIED,OCCUPIED,0.822193824432113
784.0,cctv2,C2_S007,G004,OCCUPIED,OCCUPIED,0.7977535692128269
784.0,cctv2,C2_S008,G006,OCCUPIED,OCCUPIED,0.76517017822374
784.0,cctv2,C2_S009,G005,OCCUPIED,OCCUPIED,0.7842286749319597
784.0,cctv2,C2_S010,G002,OCCUPIED,LEAVING,0.51
784.0,cctv2,C2_S011,G017,OCCUPIED,OCCUPIED,0.727798907187852
784.0,cctv2,C2_S012,G018,OCCUPIED,OCCUPIED,0.7073494812981649
784.0,cctv2,C2_S013,G019,OCCUPIED,OCCUPIED,0.8361246312206443
784.0,cctv2,C2_S014,G020,EMPTY,EMPTY,0.01
784.0,cctv3,C3_S001,G021,OCCUPIED,OCCUPIED,0.7959778785705567
784.0,cctv3,C3_S002,G019,EMPTY,EMPTY,0.01
784.0,cctv3,C3_S003,G020,OCCUPIED,OCCUPIED,0.8259395236318763
784.0,cctv3,C3_S004,G024,OCCUPIED,OCCUPIED,0.828498033230955
784.0,cctv3,C3_S005,G025,OCCUPIED,OCCUPIED,0.8295823788101023
784.0,cctv3,C3_S006,G026,OCCUPIED,OCCUPIED,0.8277460450475866
784.0,cctv3,C3_S007,G027,OCCUPIED,OCCUPIED,0.7703427118333904
784.0,cctv3,C3_S008,G028,EMPTY,EMPTY,0.01
784.0,cctv3,C3_S009,G029,EMPTY,MANEUVERING,0.2417889304289763
784.0,cctv3,C3_S010,G007,OCCUPIED,OCCUPIED,0.5491173209791834
784.0,cctv3,C3_S011,G008,OCCUPIED,OCCUPIED,0.8030244618654252
784.0,cctv3,C3_S012,G009,OCCUPIED,OCCUPIED,0.825536572933197
785.0,cctv1,C1_S001,G001,OCCUPIED,OCCUPIED,0.7330631883984263
785.0,cctv1,C1_S002,G002,EMPTY,EMPTY,0.01
785.0,cctv1,C1_S003,G003,OCCUPIED,OCCUPIED,0.8369767682118849
785.0,cctv1,C1_S004,G004,OCCUPIED,OCCUPIED,0.7777070629325781
785.0,cctv1,C1_S005,G005,OCCUPIED,OCCUPIED,0.7647202218120749
785.0,cctv1,C1_S006,G006,EMPTY,MANEUVERING,0.2218031616441228
785.0,cctv2,C2_S001,G007,OCCUPIED,OCCUPIED,0.7520253759216179
785.0,cctv2,C2_S002,G008,OCCUPIED,LEAVING,0.7866228207945825
785.0,cctv2,C2_S003,G009,EMPTY,MANEUVERING,0.423558973913843
785.0,cctv2,C2_S004,G010,OCCUPIED,OCCUPIED,0.6791913017291914
785.0,cctv2,C2_S005,G001,EMPTY,EMPTY,0.01
785.0,cctv2,C2_S006,G003,OCCUPIED,OCCUPIED,0.8210498492826116
785.0,cctv2,C2_S007,G004,OCCUPIED,OCCUPIED,0.7975185784426603
785.0,cctv2,C2_S008,G006,OCCUPIED,OCCUPIED,0.7641050336035816
785.0,cctv2,C2_S009,G005,OCCUPIED,OCCUPIED,0.7821338278326122
785.0,cctv2,C2_S010,G002,OCCUPIED,LEAVING,0.51
785.0,cctv2,C2_S011,G017,OCCUPIED,LEAVING,0.7241935159672391
785.0,cctv2,C2_S012,G018,OCCUPIED,OCCUPIED,0.69235511966727
785.0,cctv2,C2_S013,G019,OCCUPIED,OCCUPIED,0.8361768400127239
785.0,cctv2,C2_S014,G020,EMPTY,EMPTY,0.01
785.0,cctv3,C3_S001,G021,OCCUPIED,OCCUPIED,0.7951042871583592
785.0,cctv3,C3_S002,G019,EMPTY,EMPTY,0.01
785.0,cctv3,C3_S003,G020,OCCUPIED,OCCUPIED,0.8238754662600432
785.0,cctv3,C3_S004,G024,OCCUPIED,OCCUPIED,0.8283815733411096
785.0,cctv3,C3_S005,G025,OCCUPIED,OCCUPIED,0.8297168208794161
785.0,cctv3,C3_S006,G026,OCCUPIED,OCCUPIED,0.8278062256899748
785.0,cctv3,C3_S007,G027,OCCUPIED,OCCUPIED,0.7701583709229123
785.0,cctv3,C3_S008,G028,EMPTY,EMPTY,0.01
785.0,cctv3,C3_S009,G029,EMPTY,MANEUVERING,0.3382710086996244
785.0,cctv3,C3_S010,G007,OCCUPIED,OCCUPIED,0.51
785.0,cctv3,C3_S011,G008,OCCUPIED,OCCUPIED,0.8033636816523293
785.0,cctv3,C3_S012,G009,OCCUPIED,OCCUPIED,0.825369910218499
786.0,cctv1,C1_S001,G001,OCCUPIED,OCCUPIED,0.7335526606576009
786.0,cctv1,C1_S002,G002,EMPTY,EMPTY,0.01
786.0,cctv1,C1_S003,G003,OCCUPIED,OCCUPIED,0.8369740144772964
786.0,cctv1,C1_S004,G004,OCCUPIED,OCCUPIED,0.7783298251303761
786.0,cctv1,C1_S005,G005,OCCUPIED,OCCUPIED,0.7523167844794014
786.0,cctv1,C1_S006,G006,EMPTY,MANEUVERING,0.3012489421936598
786.0,cctv2,C2_S001,G007,OCCUPIED,OCCUPIED,0.7523593357340856
786.0,cctv2,C2_S002,G008,OCCUPIED,LEAVING,0.7863905699415641
786.0,cctv2,C2_S003,G009,EMPTY,MANEUVERING,0.4671797789091413
786.0,cctv2,C2_S004,G010,OCCUPIED,OCCUPIED,0.678705960478295
786.0,cctv2,C2_S005,G001,EMPTY,EMPTY,0.01
786.0,cctv2,C2_S006,G003,OCCUPIED,OCCUPIED,0.8156251022761519
786.0,cctv2,C2_S007,G004,OCCUPIED,OCCUPIED,0.7926085753874346
786.0,cctv2,C2_S008,G006,OCCUPIED,OCCUPIED,0.7660052250732076
786.0,cctv2,C2_S009,G005,OCCUPIED,OCCUPIED,0.7842624679207802
786.0,cctv2,C2_S010,G002,OCCUPIED,LEAVING,0.51
786.0,cctv2,C2_S011,G017,OCCUPIED,OCCUPIED,0.7261279564012181
786.0,cctv2,C2_S012,G018,OCCUPIED,OCCUPIED,0.7028254032135011
786.0,cctv2,C2_S013,G019,OCCUPIED,OCCUPIED,0.8361762328581377
786.0,cctv2,C2_S014,G020,EMPTY,EMPTY,0.01
786.0,cctv3,C3_S001,G021,OCCUPIED,OCCUPIED,0.7945365968075666
786.0,cctv3,C3_S002,G019,EMPTY,EMPTY,0.01
786.0,cctv3,C3_S003,G020,OCCUPIED,OCCUPIED,0.8240994534709237
786.0,cctv3,C3_S004,G024,OCCUPIED,OCCUPIED,0.8285277122801001
786.0,cctv3,C3_S005,G025,OCCUPIED,OCCUPIED,0.8297305033965545
786.0,cctv3,C3_S006,G026,OCCUPIED,OCCUPIED,0.8278504032980313
786.0,cctv3,C3_S007,G027,OCCUPIED,OCCUPIED,0.7692806667902253
786.0,cctv3,C3_S008,G028,EMPTY,EMPTY,0.01
786.0,cctv3,C3_S009,G029,EMPTY,MANEUVERING,0.2932710086996243
786.0,cctv3,C3_S010,G007,OCCUPIED,OCCUPIED,0.51
786.0,cctv3,C3_S011,G008,OCCUPIED,OCCUPIED,0.8038640388033608
786.0,cctv3,C3_S012,G009,OCCUPIED,OCCUPIED,0.8252825726162304
787.0,cctv1,C1_S001,G001,OCCUPIED,OCCUPIED,0.7337928652763367
787.0,cctv1,C1_S002,G002,EMPTY,EMPTY,0.01
787.0,cctv1,C1_S003,G003,OCCUPIED,OCCUPIED,0.8372701002792879
787.0,cctv1,C1_S004,G004,OCCUPIED,OCCUPIED,0.7790612952275711
787.0,cctv1,C1_S005,G005,OCCUPIED,OCCUPIED,0.7506274089488117
787.0,cctv1,C1_S006,G006,EMPTY,MANEUVERING,0.3012489421936598
787.0,cctv2,C2_S001,G007,OCCUPIED,OCCUPIED,0.7513962089338087
787.0,cctv2,C2_S002,G008,OCCUPIED,LEAVING,0.7882892252369361
787.0,cctv2,C2_S003,G009,EMPTY,MANEUVERING,0.49
787.0,cctv2,C2_S004,G010,OCCUPIED,OCCUPIED,0.7270799697596919
787.0,cctv2,C2_S005,G001,EMPTY,EMPTY,0.01
787.0,cctv2,C2_S006,G003,OCCUPIED,OCCUPIED,0.8155932197516615
787.0,cctv2,C2_S007,G004,OCCUPIED,OCCUPIED,0.7927851476452568
787.0,cctv2,C2_S008,G006,OCCUPIED,OCCUPIED,0.7641624670137059
787.0,cctv2,C2_S009,G005,OCCUPIED,OCCUPIED,0.7881918439810927
787.0,cctv2,C2_S010,G002,OCCUPIED,LEAVING,0.51
787.0,cctv2,C2_S011,G017,OCCUPIED,LEAVING,0.7226392095739191
787.0,cctv2,C2_S012,G018,OCCUPIED,OCCUPIED,0.6882830531353301
787.0,cctv2,C2_S013,G019,OCCUPIED,OCCUPIED,0.8361875769766896
787.0,cctv2,C2_S014,G020,EMPTY,EMPTY,0.01
787.0,cctv3,C3_S001,G021,OCCUPIED,OCCUPIED,0.7940257091413845
787.0,cctv3,C3_S002,G019,EMPTY,EMPTY,0.01
787.0,cctv3,C3_S003,G020,OCCUPIED,OCCUPIED,0.8252341351725839
787.0,cctv3,C3_S004,G024,OCCUPIED,OCCUPIED,0.8284984867681158
787.0,cctv3,C3_S005,G025,OCCUPIED,OCCUPIED,0.8296562013300983
787.0,cctv3,C3_S006,G026,OCCUPIED,OCCUPIED,0.827757429805669
787.0,cctv3,C3_S007,G027,OCCUPIED,OCCUPIED,0.768411154367707
787.0,cctv3,C3_S008,G028,EMPTY,EMPTY,0.01
787.0,cctv3,C3_S009,G029,EMPTY,MANEUVERING,0.3482388454009638
787.0,cctv3,C3_S010,G007,OCCUPIED,OCCUPIED,0.51
787.0,cctv3,C3_S011,G008,OCCUPIED,OCCUPIED,0.8046952057968487
787.0,cctv3,C3_S012,G009,OCCUPIED,OCCUPIED,0.8252854230729016
788.0,cctv1,C1_S001,G001,OCCUPIED,OCCUPIED,0.7331385105170988
788.0,cctv1,C1_S002,G002,EMPTY,EMPTY,0.01
788.0,cctv1,C1_S003,G003,OCCUPIED,OCCUPIED,0.8369918243451553
788.0,cctv1,C1_S004,G004,OCCUPIED,OCCUPIED,0.7768795860084621
788.0,cctv1,C1_S005,G005,OCCUPIED,OCCUPIED,0.6690006103298881
788.0,cctv1,C1_S006,G006,EMPTY,MANEUVERING,0.3012489421936598
788.0,cctv2,C2_S001,G007,OCCUPIED,OCCUPIED,0.7504928116771309
788.0,cctv2,C2_S002,G008,OCCUPIED,LEAVING,0.7887333901091056
788.0,cctv2,C2_S003,G009,EMPTY,MANEUVERING,0.4683517553860491
788.0,cctv2,C2_S004,G010,OCCUPIED,OCCUPIED,0.7293092728067528
788.0,cctv2,C2_S005,G001,EMPTY,EMPTY,0.01
788.0,cctv2,C2_S006,G003,OCCUPIED,OCCUPIED,0.8155012102289634
788.0,cctv2,C2_S007,G004,OCCUPIED,OCCUPIED,0.7930010199546814
788.0,cctv2,C2_S008,G006,OCCUPIED,OCCUPIED,0.7649523641575467
788.0,cctv2,C2_S009,G005,OCCUPIED,OCCUPIED,0.7889099818739025
788.0,cctv2,C2_S010,G002,OCCUPIED,LEAVING,0.51
788.0,cctv2,C2_S011,G017,OCCUPIED,LEAVING,0.721625682440671
788.0,cctv2,C2_S012,G018,OCCUPIED,OCCUPIED,0.7522814480418509
788.0,cctv2,C2_S013,G019,OCCUPIED,OCCUPIED,0.8368177115917206
788.0,cctv2,C2_S014,G020,EMPTY,EMPTY,0.01
788.0,cctv3,C3_S001,G021,OCCUPIED,OCCUPIED,0.7934670115059073
788.0,cctv3,C3_S002,G019,EMPTY,EMPTY,0.01
788.0,cctv3,C3_S003,G020,OCCUPIED,OCCUPIED,0.8253683903000573
788.0,cctv3,C3_S004,G024,OCCUPIED,OCCUPIED,0.8284674121574922
788.0,cctv3,C3_S005,G025,OCCUPIED,OCCUPIED,0.829758340662176
788.0,cctv3,C3_S006,G026,OCCUPIED,OCCUPIED,0.8277874941175635
788.0,cctv3,C3_S007,G027,OCCUPIED,OCCUPIED,0.7678729540922425
788.0,cctv3,C3_S008,G028,EMPTY,EMPTY,0.01
788.0,cctv3,C3_S009,G029,EMPTY,MANEUVERING,0.4426514703577214
788.0,cctv3,C3_S010,G007,OCCUPIED,OCCUPIED,0.51
788.0,cctv3,C3_S011,G008,OCCUPIED,OCCUPIED,0.8045286178588867
788.0,cctv3,C3_S012,G009,OCCUPIED,OCCUPIED,0.8252931559627708
789.0,cctv1,C1_S001,G001,OCCUPIED,OCCUPIED,0.7328177307139744
789.0,cctv1,C1_S002,G002,EMPTY,EMPTY,0.01
789.0,cctv1,C1_S003,G003,OCCUPIED,OCCUPIED,0.8372529219497334
789.0,cctv1,C1_S004,G004,OCCUPIED,OCCUPIED,0.7757616360079159
789.0,cctv1,C1_S005,G005,OCCUPIED,OCCUPIED,0.6512096112379523
789.0,cctv1,C1_S006,G006,EMPTY,MANEUVERING,0.3878976588933305
789.0,cctv2,C2_S001,G007,OCCUPIED,OCCUPIED,0.7479858831925826
789.0,cctv2,C2_S002,G008,OCCUPIED,LEAVING,0.7854572660543703
789.0,cctv2,C2_S003,G009,EMPTY,MANEUVERING,0.3864424180103974
789.0,cctv2,C2_S004,G010,OCCUPIED,OCCUPIED,0.6453104004083258
789.0,cctv2,C2_S005,G001,EMPTY,EMPTY,0.01
789.0,cctv2,C2_S006,G003,OCCUPIED,OCCUPIED,0.8155951314351776
789.0,cctv2,C2_S007,G004,OCCUPIED,OCCUPIED,0.7932279722257094
789.0,cctv2,C2_S008,G006,OCCUPIED,OCCUPIED,0.7643931816924703
789.0,cctv2,C2_S009,G005,OCCUPIED,OCCUPIED,0.7910154810005969
789.0,cctv2,C2_S010,G002,OCCUPIED,LEAVING,0.5602197505049892
789.0,cctv2,C2_S011,G017,OCCUPIED,LEAVING,0.7298246600140226
789.0,cctv2,C2_S012,G018,OCCUPIED,OCCUPIED,0.7494958520612934
789.0,cctv2,C2_S013,G019,OCCUPIED,OCCUPIED,0.8373575744303791
789.0,cctv2,C2_S014,G020,EMPTY,EMPTY,0.01
789.0,cctv3,C3_S001,G021,OCCUPIED,OCCUPIED,0.7929444342851639
789.0,cctv3,C3_S002,G019,EMPTY,EMPTY,0.01
789.0,cctv3,C3_S003,G020,OCCUPIED,OCCUPIED,0.8262642586773092
789.0,cctv3,C3_S004,G024,OCCUPIED,OCCUPIED,0.8285455977374858
789.0,cctv3,C3_S005,G025,OCCUPIED,OCCUPIED,0.8297887292775241
789.0,cctv3,C3_S006,G026,OCCUPIED,OCCUPIED,0.8277476860718294
789.0,cctv3,C3_S007,G027,OCCUPIED,OCCUPIED,0.7685968546704813
789.0,cctv3,C3_S008,G028,EMPTY,EMPTY,0.01
789.0,cctv3,C3_S009,G029,EMPTY,MANEUVERING,0.49
789.0,cctv3,C3_S010,G007,OCCUPIED,OCCUPIED,0.51
789.0,cctv3,C3_S011,G008,OCCUPIED,OCCUPIED,0.8049657455899499
789.0,cctv3,C3_S012,G009,OCCUPIED,OCCUPIED,0.8250104966488752
790.0,cctv1,C1_S001,G001,OCCUPIED,OCCUPIED,0.7334652625024319
790.0,cctv1,C1_S002,G002,EMPTY,EMPTY,0.01
790.0,cctv1,C1_S003,G003,OCCUPIED,OCCUPIED,0.8373432554981926
790.0,cctv1,C1_S004,G004,OCCUPIED,OCCUPIED,0.7778397367759184
790.0,cctv1,C1_S005,G005,OCCUPIED,OCCUPIED,0.6504572261282893
790.0,cctv1,C1_S006,G006,EMPTY,MANEUVERING,0.3428976588933305
790.0,cctv2,C2_S001,G007,OCCUPIED,OCCUPIED,0.7467128328301691
790.0,cctv2,C2_S002,G008,OCCUPIED,LEAVING,0.7828910463235595
790.0,cctv2,C2_S003,G009,EMPTY,MANEUVERING,0.3414424180103974
790.0,cctv2,C2_S004,G010,OCCUPIED,OCCUPIED,0.5668851786580953
790.0,cctv2,C2_S005,G001,EMPTY,EMPTY,0.01
790.0,cctv2,C2_S006,G003,OCCUPIED,OCCUPIED,0.8158937238834122
790.0,cctv2,C2_S007,G004,OCCUPIED,OCCUPIED,0.7943493209101937
790.0,cctv2,C2_S008,G006,OCCUPIED,OCCUPIED,0.7633507757024333
790.0,cctv2,C2_S009,G005,OCCUPIED,OCCUPIED,0.7898863474076445
790.0,cctv2,C2_S010,G002,OCCUPIED,LEAVING,0.6532655488496477
790.0,cctv2,C2_S011,G017,OCCUPIED,LEAVING,0.7382308138500562
790.0,cctv2,C2_S012,G018,OCCUPIED,OCCUPIED,0.7488441049375318
790.0,cctv2,C2_S013,G019,OCCUPIED,OCCUPIED,0.8374879297885028
790.0,cctv2,C2_S014,G020,EMPTY,EMPTY,0.01
790.0,cctv3,C3_S001,G021,OCCUPIED,OCCUPIED,0.7917229839346627
790.0,cctv3,C3_S002,G019,EMPTY,EMPTY,0.01
790.0,cctv3,C3_S003,G020,OCCUPIED,OCCUPIED,0.8271041395989331
790.0,cctv3,C3_S004,G024,OCCUPIED,OCCUPIED,0.8280519875613126
790.0,cctv3,C3_S005,G025,OCCUPIED,OCCUPIED,0.8298264655199918
790.0,cctv3,C3_S006,G026,OCCUPIED,OCCUPIED,0.8278299347920852
790.0,cctv3,C3_S007,G027,OCCUPIED,OCCUPIED,0.7691319000991909
790.0,cctv3,C3_S008,G028,EMPTY,EMPTY,0.01
790.0,cctv3,C3_S009,G029,EMPTY,MANEUVERING,0.49
790.0,cctv3,C3_S010,G007,OCCUPIED,OCCUPIED,0.51
790.0,cctv3,C3_S011,G008,OCCUPIED,OCCUPIED,0.8055941294540059
790.0,cctv3,C3_S012,G009,OCCUPIED,OCCUPIED,0.825002401254394
791.0,cctv1,C1_S001,G001,OCCUPIED,OCCUPIED,0.7351159969514067
791.0,cctv1,C1_S002,G002,EMPTY,EMPTY,0.01
791.0,cctv1,C1_S003,G003,OCCUPIED,OCCUPIED,0.8373361086303538
791.0,cctv1,C1_S004,G004,OCCUPIED,OCCUPIED,0.7786072370680897
791.0,cctv1,C1_S005,G005,OCCUPIED,OCCUPIED,0.6370879704166542
791.0,cctv1,C1_S006,G006,EMPTY,MANEUVERING,0.3082564848153428
791.0,cctv2,C2_S001,G007,OCCUPIED,OCCUPIED,0.7476547258821401
791.0,cctv2,C2_S002,G008,OCCUPIED,LEAVING,0.7825218784538183
791.0,cctv2,C2_S003,G009,EMPTY,MANEUVERING,0.2964424180103974
791.0,cctv2,C2_S004,G010,OCCUPIED,OCCUPIED,0.51
791.0,cctv2,C2_S005,G001,EMPTY,EMPTY,0.01
791.0,cctv2,C2_S006,G003,OCCUPIED,OCCUPIED,0.8158717996694825
791.0,cctv2,C2_S007,G004,OCCUPIED,OCCUPIED,0.7942618085579439
791.0,cctv2,C2_S008,G006,OCCUPIED,OCCUPIED,0.7630366719581865
791.0,cctv2,C2_S009,G005,OCCUPIED,OCCUPIED,0.7901661570776594
791.0,cctv2,C2_S010,G002,OCCUPIED,LEAVING,0.7001588485999541
791.0,cctv2,C2_S011,G017,OCCUPIED,LEAVING,0.746332378062335
791.0,cctv2,C2_S012,G018,OCCUPIED,OCCUPIED,0.7470134582709183
791.0,cctv2,C2_S013,G019,OCCUPIED,OCCUPIED,0.8376383009282026
791.0,cctv2,C2_S014,G020,EMPTY,EMPTY,0.01
791.0,cctv3,C3_S001,G021,OCCUPIED,OCCUPIED,0.7917663690718738
791.0,cctv3,C3_S002,G019,EMPTY,EMPTY,0.01
791.0,cctv3,C3_S003,G020,OCCUPIED,OCCUPIED,0.8272983014583588
791.0,cctv3,C3_S004,G024,OCCUPIED,OCCUPIED,0.8280041580850428
791.0,cctv3,C3_S005,G025,OCCUPIED,OCCUPIED,0.8299387379126115
791.0,cctv3,C3_S006,G026,OCCUPIED,OCCUPIED,0.8278491759842093
791.0,cctv3,C3_S007,G027,OCCUPIED,OCCUPIED,0.7699384078383447
791.0,cctv3,C3_S008,G028,EMPTY,MANEUVERING,0.1045360689700553
791.0,cctv3,C3_S009,G029,EMPTY,MANEUVERING,0.49
791.0,cctv3,C3_S010,G007,OCCUPIED,OCCUPIED,0.51
791.0,cctv3,C3_S011,G008,OCCUPIED,OCCUPIED,0.8061365241354163
791.0,cctv3,C3_S012,G009,OCCUPIED,OCCUPIED,0.8252374952489681
792.0,cctv1,C1_S001,G001,OCCUPIED,OCCUPIED,0.7344308376312256
792.0,cctv1,C1_S002,G002,EMPTY,EMPTY,0.01
792.0,cctv1,C1_S003,G003,OCCUPIED,OCCUPIED,0.8373661688782953
792.0,cctv1,C1_S004,G004,OCCUPIED,OCCUPIED,0.7788611528548328
792.0,cctv1,C1_S005,G005,OCCUPIED,OCCUPIED,0.6839439781416546
792.0,cctv1,C1_S006,G006,EMPTY,MANEUVERING,0.2732534632357684
792.0,cctv2,C2_S001,G007,OCCUPIED,OCCUPIED,0.7458018329333176
792.0,cctv2,C2_S002,G008,OCCUPIED,LEAVING,0.7829128307375042
792.0,cctv2,C2_S003,G009,EMPTY,MANEUVERING,0.2964424180103974
792.0,cctv2,C2_S004,G010,OCCUPIED,OCCUPIED,0.51
792.0,cctv2,C2_S005,G001,EMPTY,EMPTY,0.01
792.0,cctv2,C2_S006,G003,OCCUPIED,OCCUPIED,0.8158901224082167
792.0,cctv2,C2_S007,G004,OCCUPIED,OCCUPIED,0.7943523103540595
792.0,cctv2,C2_S008,G006,OCCUPIED,OCCUPIED,0.7621974770318378
792.0,cctv2,C2_S009,G005,OCCUPIED,OCCUPIED,0.7915202402255752
792.0,cctv2,C2_S010,G002,OCCUPIED,LEAVING,0.69716986441251
792.0,cctv2,C2_S011,G017,OCCUPIED,LEAVING,0.7476092672348023
792.0,cctv2,C2_S012,G018,OCCUPIED,OCCUPIED,0.7465715708380396
792.0,cctv2,C2_S013,G019,OCCUPIED,OCCUPIED,0.83773612678051
792.0,cctv2,C2_S014,G020,EMPTY,EMPTY,0.01
792.0,cctv3,C3_S001,G021,OCCUPIED,OCCUPIED,0.790295073390007
792.0,cctv3,C3_S002,G019,EMPTY,EMPTY,0.01
792.0,cctv3,C3_S003,G020,OCCUPIED,OCCUPIED,0.8260967059568927
792.0,cctv3,C3_S004,G024,OCCUPIED,OCCUPIED,0.8279419267719443
792.0,cctv3,C3_S005,G025,OCCUPIED,OCCUPIED,0.8298929257826373
792.0,cctv3,C3_S006,G026,OCCUPIED,OCCUPIED,0.8278133441101422
792.0,cctv3,C3_S007,G027,OCCUPIED,OCCUPIED,0.7700919143178246
792.0,cctv3,C3_S008,G028,EMPTY,MANEUVERING,0.1045360689700553
792.0,cctv3,C3_S009,G029,EMPTY,MANEUVERING,0.49
792.0,cctv3,C3_S010,G007,OCCUPIED,OCCUPIED,0.51
792.0,cctv3,C3_S011,G008,OCCUPIED,OCCUPIED,0.8070101057941264
792.0,cctv3,C3_S012,G009,OCCUPIED,OCCUPIED,0.825110486149788
793.0,cctv1,C1_S001,G001,OCCUPIED,OCCUPIED,0.7345308852466671
793.0,cctv1,C1_S002,G002,EMPTY,EMPTY,0.01
793.0,cctv1,C1_S003,G003,OCCUPIED,OCCUPIED,0.8374376091090117
793.0,cctv1,C1_S004,G004,OCCUPIED,OCCUPIED,0.7793495376001706
793.0,cctv1,C1_S005,G005,OCCUPIED,OCCUPIED,0.6845500916648994
793.0,cctv1,C1_S006,G006,EMPTY,MANEUVERING,0.2282534632357684
793.0,cctv2,C2_S001,G007,OCCUPIED,OCCUPIED,0.7451616481623867
793.0,cctv2,C2_S002,G008,OCCUPIED,LEAVING,0.7838761908086864
793.0,cctv2,C2_S003,G009,EMPTY,MANEUVERING,0.2964424180103974
793.0,cctv2,C2_S004,G010,OCCUPIED,OCCUPIED,0.51
793.0,cctv2,C2_S005,G001,EMPTY,EMPTY,0.01
793.0,cctv2,C2_S006,G003,OCCUPIED,OCCUPIED,0.815765107897195
793.0,cctv2,C2_S007,G004,OCCUPIED,OCCUPIED,0.7947600638324565
793.0,cctv2,C2_S008,G006,OCCUPIED,OCCUPIED,0.7617712752385574
793.0,cctv2,C2_S009,G005,OCCUPIED,OCCUPIED,0.7934789688749747
793.0,cctv2,C2_S010,G002,OCCUPIED,LEAVING,0.6966588415070014
793.0,cctv2,C2_S011,G017,OCCUPIED,LEAVING,0.7482771055806767
793.0,cctv2,C2_S012,G018,OCCUPIED,OCCUPIED,0.746763312207027
793.0,cctv2,C2_S013,G019,OCCUPIED,OCCUPIED,0.8378076913681898
793.0,cctv2,C2_S014,G020,EMPTY,EMPTY,0.01
793.0,cctv3,C3_S001,G021,OCCUPIED,OCCUPIED,0.7899675122716211
793.0,cctv3,C3_S002,G019,EMPTY,EMPTY,0.01
793.0,cctv3,C3_S003,G020,OCCUPIED,OCCUPIED,0.826114861260761
793.0,cctv3,C3_S004,G024,OCCUPIED,OCCUPIED,0.8278072725642812
793.0,cctv3,C3_S005,G025,OCCUPIED,OCCUPIED,0.8298755003647371
793.0,cctv3,C3_S006,G026,OCCUPIED,OCCUPIED,0.827770881490274
793.0,cctv3,C3_S007,G027,OCCUPIED,OCCUPIED,0.7707712418653749
793.0,cctv3,C3_S008,G028,EMPTY,MANEUVERING,0.1045360689700553
793.0,cctv3,C3_S009,G029,EMPTY,MANEUVERING,0.4492516582452761
793.0,cctv3,C3_S010,G007,OCCUPIED,OCCUPIED,0.51
793.0,cctv3,C3_S011,G008,OCCUPIED,OCCUPIED,0.8074454559521242
793.0,cctv3,C3_S012,G009,OCCUPIED,OCCUPIED,0.8253810600800948
794.0,cctv1,C1_S001,G001,OCCUPIED,OCCUPIED,0.7345897556705909
794.0,cctv1,C1_S002,G002,EMPTY,EMPTY,0.01
794.0,cctv1,C1_S003,G003,OCCUPIED,OCCUPIED,0.837657555937767
794.0,cctv1,C1_S004,G004,OCCUPIED,OCCUPIED,0.7797386797991667
794.0,cctv1,C1_S005,G005,OCCUPIED,OCCUPIED,0.6846660650182854
794.0,cctv1,C1_S006,G006,EMPTY,MANEUVERING,0.30979675675319
794.0,cctv2,C2_S001,G007,OCCUPIED,OCCUPIED,0.6638597771186721
794.0,cctv2,C2_S002,G008,OCCUPIED,LEAVING,0.7845617081631314
794.0,cctv2,C2_S003,G009,EMPTY,MANEUVERING,0.2964424180103974
794.0,cctv2,C2_S004,G010,OCCUPIED,OCCUPIED,0.5354698079321292
794.0,cctv2,C2_S005,G001,EMPTY,EMPTY,0.01
794.0,cctv2,C2_S006,G003,OCCUPIED,OCCUPIED,0.8162718503312631
794.0,cctv2,C2_S007,G004,OCCUPIED,OCCUPIED,0.7947002009911971
794.0,cctv2,C2_S008,G006,OCCUPIED,OCCUPIED,0.7624112218618394
794.0,cctv2,C2_S009,G005,OCCUPIED,OCCUPIED,0.7950300180099228
794.0,cctv2,C2_S010,G002,OCCUPIED,LEAVING,0.7438364551148633
794.0,cctv2,C2_S011,G017,OCCUPIED,LEAVING,0.7558529259399935
794.0,cctv2,C2_S012,G018,OCCUPIED,OCCUPIED,0.7459916662763466
794.0,cctv2,C2_S013,G019,OCCUPIED,OCCUPIED,0.8378483317115091
794.0,cctv2,C2_S014,G020,EMPTY,EMPTY,0.01
794.0,cctv3,C3_S001,G021,OCCUPIED,OCCUPIED,0.7902245605533774
794.0,cctv3,C3_S002,G019,EMPTY,EMPTY,0.01
794.0,cctv3,C3_S003,G020,OCCUPIED,OCCUPIED,0.8263480256904256
794.0,cctv3,C3_S004,G024,OCCUPIED,OCCUPIED,0.827626131610437
794.0,cctv3,C3_S005,G025,OCCUPIED,OCCUPIED,0.8298406097021971
794.0,cctv3,C3_S006,G026,OCCUPIED,OCCUPIED,0.8276434928178787
794.0,cctv3,C3_S007,G027,OCCUPIED,OCCUPIED,0.7705689508806576
794.0,cctv3,C3_S008,G028,EMPTY,MANEUVERING,0.1045360689700553
794.0,cctv3,C3_S009,G029,EMPTY,MANEUVERING,0.368276798139806
794.0,cctv3,C3_S010,G007,OCCUPIED,OCCUPIED,0.51
794.0,cctv3,C3_S011,G008,OCCUPIED,OCCUPIED,0.8085474366491492
794.0,cctv3,C3_S012,G009,OCCUPIED,OCCUPIED,0.8254067507657139
795.0,cctv1,C1_S001,G001,OCCUPIED,OCCUPIED,0.7355019420385361
795.0,cctv1,C1_S002,G002,EMPTY,EMPTY,0.01
795.0,cctv1,C1_S003,G003,OCCUPIED,OCCUPIED,0.8376438750462099
795.0,cctv1,C1_S004,G004,OCCUPIED,OCCUPIED,0.7804552904584192
795.0,cctv1,C1_S005,G005,OCCUPIED,OCCUPIED,0.684275965880264
795.0,cctv1,C1_S006,G006,EMPTY,MANEUVERING,0.26479675675319
795.0,cctv2,C2_S001,G007,OCCUPIED,LEAVING,0.6628881960768591
795.0,cctv2,C2_S002,G008,OCCUPIED,LEAVING,0.7818787209012292
795.0,cctv2,C2_S003,G009,EMPTY,MANEUVERING,0.2628529244932261
795.0,cctv2,C2_S004,G010,OCCUPIED,OCCUPIED,0.5766479551288989
795.0,cctv2,C2_S005,G001,EMPTY,EMPTY,0.01
795.0,cctv2,C2_S006,G003,OCCUPIED,OCCUPIED,0.8163629958575422
795.0,cctv2,C2_S007,G004,OCCUPIED,OCCUPIED,0.7949064758690921
795.0,cctv2,C2_S008,G006,OCCUPIED,OCCUPIED,0.7633040946992962
795.0,cctv2,C2_S009,G005,OCCUPIED,OCCUPIED,0.7962237091227011
795.0,cctv2,C2_S010,G002,OCCUPIED,LEAVING,0.6508311932646867
795.0,cctv2,C2_S011,G017,OCCUPIED,LEAVING,0.7485905916040594
795.0,cctv2,C2_S012,G018,OCCUPIED,LEAVING,0.7494292522018606
795.0,cctv2,C2_S013,G019,OCCUPIED,OCCUPIED,0.8378177025101402
795.0,cctv2,C2_S014,G020,EMPTY,EMPTY,0.01
795.0,cctv3,C3_S001,G021,OCCUPIED,OCCUPIED,0.7897227314385502
795.0,cctv3,C3_S002,G019,EMPTY,EMPTY,0.01
795.0,cctv3,C3_S003,G020,OCCUPIED,OCCUPIED,0.8262065074660562
795.0,cctv3,C3_S004,G024,OCCUPIED,OCCUPIED,0.8276042992418463
795.0,cctv3,C3_S005,G025,OCCUPIED,OCCUPIED,0.8299675838513808
795.0,cctv3,C3_S006,G026,OCCUPIED,OCCUPIED,0.8275587130676617
795.0,cctv3,C3_S007,G027,OCCUPIED,OCCUPIED,0.7712873151356524
795.0,cctv3,C3_S008,G028,EMPTY,MANEUVERING,0.0595360689700552
795.0,cctv3,C3_S009,G029,EMPTY,MANEUVERING,0.4042520821300936
795.0,cctv3,C3_S010,G007,OCCUPIED,OCCUPIED,0.51
795.0,cctv3,C3_S011,G008,OCCUPIED,OCCUPIED,0.8092268840833144
795.0,cctv3,C3_S012,G009,OCCUPIED,OCCUPIED,0.825427550890229
796.0,cctv1,C1_S001,G001,OCCUPIED,OCCUPIED,0.7347975476221605
796.0,cctv1,C1_S002,G002,EMPTY,EMPTY,0.01
796.0,cctv1,C1_S003,G003,OCCUPIED,OCCUPIED,0.8376446098089219
796.0,cctv1,C1_S004,G004,OCCUPIED,OCCUPIED,0.7807320285927166
796.0,cctv1,C1_S005,G005,OCCUPIED,OCCUPIED,0.681648387204517
796.0,cctv1,C1_S006,G006,EMPTY,MANEUVERING,0.3513886553997343
796.0,cctv2,C2_S001,G007,OCCUPIED,LEAVING,0.6626970135826956
796.0,cctv2,C2_S002,G008,OCCUPIED,LEAVING,0.7793232332576405
796.0,cctv2,C2_S003,G009,EMPTY,MANEUVERING,0.2215043110332706
796.0,cctv2,C2_S004,G010,OCCUPIED,OCCUPIED,0.5732921240082034
796.0,cctv2,C2_S005,G001,EMPTY,EMPTY,0.01
796.0,cctv2,C2_S006,G003,OCCUPIED,OCCUPIED,0.8172248960895973
796.0,cctv2,C2_S007,G004,OCCUPIED,OCCUPIED,0.7949448696591638
796.0,cctv2,C2_S008,G006,OCCUPIED,OCCUPIED,0.7648567283695396
796.0,cctv2,C2_S009,G005,OCCUPIED,OCCUPIED,0.7982793894681064
796.0,cctv2,C2_S010,G002,OCCUPIED,LEAVING,0.5604131262918766
796.0,cctv2,C2_S011,G017,OCCUPIED,LEAVING,0.7389111667329615
796.0,cctv2,C2_S012,G018,OCCUPIED,LEAVING,0.7522237029265274
796.0,cctv2,C2_S013,G019,OCCUPIED,OCCUPIED,0.8377830573103645
796.0,cctv2,C2_S014,G020,EMPTY,EMPTY,0.01
796.0,cctv3,C3_S001,G021,OCCUPIED,OCCUPIED,0.7895307958126069
796.0,cctv3,C3_S002,G019,EMPTY,EMPTY,0.01
796.0,cctv3,C3_S003,G020,OCCUPIED,OCCUPIED,0.8280710531906649
796.0,cctv3,C3_S004,G024,OCCUPIED,OCCUPIED,0.8275523107160222
796.0,cctv3,C3_S005,G025,OCCUPIED,OCCUPIED,0.8299278148195961
796.0,cctv3,C3_S006,G026,OCCUPIED,OCCUPIED,0.8275337449528954
796.0,cctv3,C3_S007,G027,OCCUPIED,OCCUPIED,0.7705873622135683
796.0,cctv3,C3_S008,G028,EMPTY,MANEUVERING,0.0595360689700552
796.0,cctv3,C3_S009,G029,EMPTY,MANEUVERING,0.3682250602836862
796.0,cctv3,C3_S010,G007,OCCUPIED,OCCUPIED,0.51
796.0,cctv3,C3_S011,G008,OCCUPIED,OCCUPIED,0.8091754100539468
796.0,cctv3,C3_S012,G009,OCCUPIED,OCCUPIED,0.8254064890471372
797.0,cctv1,C1_S001,G001,OCCUPIED,OCCUPIED,0.7340311966159128
797.0,cctv1,C1_S002,G002,EMPTY,EMPTY,0.01
797.0,cctv1,C1_S003,G003,OCCUPIED,OCCUPIED,0.8376509268175473
797.0,cctv1,C1_S004,G004,OCCUPIED,OCCUPIED,0.7796258213845166
797.0,cctv1,C1_S005,G005,OCCUPIED,OCCUPIED,0.6965366668412181
797.0,cctv1,C1_S006,G006,EMPTY,MANEUVERING,0.3057537237295147
797.0,cctv2,C2_S001,G007,OCCUPIED,LEAVING,0.6626867608387362
797.0,cctv2,C2_S002,G008,OCCUPIED,LEAVING,0.7767051582986659
797.0,cctv2,C2_S003,G009,EMPTY,MANEUVERING,0.1858400852571834
797.0,cctv2,C2_S004,G010,OCCUPIED,OCCUPIED,0.6113290366027262
797.0,cctv2,C2_S005,G001,EMPTY,EMPTY,0.01
797.0,cctv2,C2_S006,G003,OCCUPIED,OCCUPIED,0.8221502230925994
797.0,cctv2,C2_S007,G004,OCCUPIED,OCCUPIED,0.8000719398260118
797.0,cctv2,C2_S008,G006,OCCUPIED,OCCUPIED,0.7636654715646398
797.0,cctv2,C2_S009,G005,OCCUPIED,OCCUPIED,0.7988633275032044
797.0,cctv2,C2_S010,G002,OCCUPIED,LEAVING,0.6086091789964474
797.0,cctv2,C2_S011,G017,OCCUPIED,LEAVING,0.7484182759306648
797.0,cctv2,C2_S012,G018,OCCUPIED,LEAVING,0.7509502908722921
797.0,cctv2,C2_S013,G019,OCCUPIED,OCCUPIED,0.8377580802549016
797.0,cctv2,C2_S014,G020,EMPTY,EMPTY,0.01
797.0,cctv3,C3_S001,G021,OCCUPIED,OCCUPIED,0.788660979000005
797.0,cctv3,C3_S002,G019,EMPTY,EMPTY,0.01
797.0,cctv3,C3_S003,G020,OCCUPIED,OCCUPIED,0.8278543680906296
797.0,cctv3,C3_S004,G024,OCCUPIED,OCCUPIED,0.8274092359976335
797.0,cctv3,C3_S005,G025,OCCUPIED,OCCUPIED,0.8299711845137857
797.0,cctv3,C3_S006,G026,OCCUPIED,OCCUPIED,0.8275907581502742
797.0,cctv3,C3_S007,G027,OCCUPIED,OCCUPIED,0.7710396192290567
797.0,cctv3,C3_S008,G028,EMPTY,MANEUVERING,0.0595360689700552
797.0,cctv3,C3_S009,G029,EMPTY,MANEUVERING,0.3682250602836862
797.0,cctv3,C3_S010,G007,OCCUPIED,OCCUPIED,0.51
797.0,cctv3,C3_S011,G008,OCCUPIED,OCCUPIED,0.8103177303617651
797.0,cctv3,C3_S012,G009,OCCUPIED,OCCUPIED,0.8256822217594494
798.0,cctv1,C1_S001,G001,OCCUPIED,OCCUPIED,0.7340194682505998
798.0,cctv1,C1_S002,G002,EMPTY,EMPTY,0.01
798.0,cctv1,C1_S003,G003,OCCUPIED,OCCUPIED,0.8374252863905647
798.0,cctv1,C1_S004,G004,OCCUPIED,OCCUPIED,0.7797464817762375
798.0,cctv1,C1_S005,G005,OCCUPIED,OCCUPIED,0.6994580749679695
798.0,cctv1,C1_S006,G006,EMPTY,MANEUVERING,0.3844691622907465
798.0,cctv2,C2_S001,G007,OCCUPIED,LEAVING,0.7059434568543327
798.0,cctv2,C2_S002,G008,OCCUPIED,LEAVING,0.7736588950861585
798.0,cctv2,C2_S003,G009,EMPTY,EMPTY,0.01
798.0,cctv2,C2_S004,G010,OCCUPIED,OCCUPIED,0.5247221467440778
798.0,cctv2,C2_S005,G001,EMPTY,EMPTY,0.01
798.0,cctv2,C2_S006,G003,OCCUPIED,OCCUPIED,0.8219600861722773
798.0,cctv2,C2_S007,G004,OCCUPIED,OCCUPIED,0.7998769147829576
798.0,cctv2,C2_S008,G006,OCCUPIED,OCCUPIED,0.7639647183093159
798.0,cctv2,C2_S009,G005,OCCUPIED,OCCUPIED,0.7951345530423252
798.0,cctv2,C2_S010,G002,OCCUPIED,LEAVING,0.5144455104490573
798.0,cctv2,C2_S011,G017,OCCUPIED,LEAVING,0.7417643877051094
798.0,cctv2,C2_S012,G018,OCCUPIED,LEAVING,0.7535191625356675
798.0,cctv2,C2_S013,G019,OCCUPIED,OCCUPIED,0.8378983979875392
798.0,cctv2,C2_S014,G020,EMPTY,EMPTY,0.01
798.0,cctv3,C3_S001,G021,OCCUPIED,OCCUPIED,0.7879176689819857
798.0,cctv3,C3_S002,G019,EMPTY,EMPTY,0.01
798.0,cctv3,C3_S003,G020,OCCUPIED,OCCUPIED,0.8278439302336087
798.0,cctv3,C3_S004,G024,OCCUPIED,OCCUPIED,0.8272742493586107
798.0,cctv3,C3_S005,G025,OCCUPIED,OCCUPIED,0.8300273776054383
798.0,cctv3,C3_S006,G026,OCCUPIED,OCCUPIED,0.8275922520594163
798.0,cctv3,C3_S007,G027,OCCUPIED,OCCUPIED,0.7709390619939025
798.0,cctv3,C3_S008,G028,EMPTY,MANEUVERING,0.0595360689700552
798.0,cctv3,C3_S009,G029,EMPTY,MANEUVERING,0.4131998801152363
798.0,cctv3,C3_S010,G007,OCCUPIED,OCCUPIED,0.51
798.0,cctv3,C3_S011,G008,OCCUPIED,OCCUPIED,0.8100166044451974
798.0,cctv3,C3_S012,G009,OCCUPIED,OCCUPIED,0.8253883223642003
799.0,cctv1,C1_S001,G001,OCCUPIED,OCCUPIED,0.7347387019883503
799.0,cctv1,C1_S002,G002,EMPTY,EMPTY,0.01
799.0,cctv1,C1_S003,G003,OCCUPIED,OCCUPIED,0.8378133353861896
799.0,cctv1,C1_S004,G004,OCCUPIED,OCCUPIED,0.7816514105959372
799.0,cctv1,C1_S005,G005,OCCUPIED,OCCUPIED,0.7357633012804119
799.0,cctv1,C1_S006,G006,EMPTY,MANEUVERING,0.3844691622907465
799.0,cctv2,C2_S001,G007,OCCUPIED,LEAVING,0.7064539983529937
799.0,cctv2,C2_S002,G008,OCCUPIED,LEAVING,0.7721276796676897
799.0,cctv2,C2_S003,G009,EMPTY,EMPTY,0.01
799.0,cctv2,C2_S004,G010,OCCUPIED,OCCUPIED,0.5220428002422506
799.0,cctv2,C2_S005,G001,EMPTY,EMPTY,0.01
799.0,cctv2,C2_S006,G003,OCCUPIED,OCCUPIED,0.8216226691549475
799.0,cctv2,C2_S007,G004,OCCUPIED,OCCUPIED,0.7994861689480869
799.0,cctv2,C2_S008,G006,OCCUPIED,OCCUPIED,0.7641839661381462
799.0,cctv2,C2_S009,G005,OCCUPIED,OCCUPIED,0.7958216480233453
799.0,cctv2,C2_S010,G002,OCCUPIED,LEAVING,0.5583353642543609
799.0,cctv2,C2_S011,G017,OCCUPIED,LEAVING,0.7425579688223927
799.0,cctv2,C2_S012,G018,OCCUPIED,LEAVING,0.7522773680361835
799.0,cctv2,C2_S013,G019,OCCUPIED,OCCUPIED,0.8378051229498604
799.0,cctv2,C2_S014,G020,EMPTY,EMPTY,0.01
799.0,cctv3,C3_S001,G021,OCCUPIED,OCCUPIED,0.7868579680269415
799.0,cctv3,C3_S002,G019,EMPTY,EMPTY,0.01
799.0,cctv3,C3_S003,G020,OCCUPIED,OCCUPIED,0.8278899650682103
799.0,cctv3,C3_S004,G024,OCCUPIED,OCCUPIED,0.8273446581580423
799.0,cctv3,C3_S005,G025,OCCUPIED,OCCUPIED,0.8300651585513896
799.0,cctv3,C3_S006,G026,OCCUPIED,OCCUPIED,0.8276591300964355
799.0,cctv3,C3_S007,G027,OCCUPIED,OCCUPIED,0.7719621967185628
799.0,cctv3,C3_S008,G028,EMPTY,MANEUVERING,0.0595360689700552
799.0,cctv3,C3_S009,G029,EMPTY,MANEUVERING,0.3325636037766482
799.0,cctv3,C3_S010,G007,OCCUPIED,OCCUPIED,0.5388115974525353
799.0,cctv3,C3_S011,G008,OCCUPIED,OCCUPIED,0.8108396557244388
799.0,cctv3,C3_S012,G009,OCCUPIED,OCCUPIED,0.8255996072834189
800.0,cctv1,C1_S001,G001,OCCUPIED,OCCUPIED,0.7356469221413137
800.0,cctv1,C1_S002,G002,EMPTY,EMPTY,0.01
800.0,cctv1,C1_S003,G003,OCCUPIED,OCCUPIED,0.8377379246733406
800.0,cctv1,C1_S004,G004,OCCUPIED,OCCUPIED,0.7821611672639848
800.0,cctv1,C1_S005,G005,OCCUPIED,OCCUPIED,0.7459096556631003
800.0,cctv1,C1_S006,G006,EMPTY,MANEUVERING,0.4063433086926287
800.0,cctv2,C2_S001,G007,OCCUPIED,LEAVING,0.7073514500666749
800.0,cctv2,C2_S002,G008,OCCUPIED,LEAVING,0.7722105664285748
800.0,cctv2,C2_S003,G009,EMPTY,EMPTY,0.01
800.0,cctv2,C2_S004,G010,OCCUPIED,OCCUPIED,0.5585598630061397
800.0,cctv2,C2_S005,G001,EMPTY,EMPTY,0.01
800.0,cctv2,C2_S006,G003,OCCUPIED,OCCUPIED,0.8215017803690651
800.0,cctv2,C2_S007,G004,OCCUPIED,OCCUPIED,0.7994701025160877
800.0,cctv2,C2_S008,G006,OCCUPIED,OCCUPIED,0.7659691757776521
800.0,cctv2,C2_S009,G005,OCCUPIED,OCCUPIED,0.7945598377422853
800.0,cctv2,C2_S010,G002,OCCUPIED,LEAVING,0.6005177126249129
800.0,cctv2,C2_S011,G017,OCCUPIED,LEAVING,0.742297152849761
800.0,cctv2,C2_S012,G018,OCCUPIED,LEAVING,0.7505648755214431
800.0,cctv2,C2_S013,G019,OCCUPIED,OCCUPIED,0.8378350092606112
800.0,cctv2,C2_S014,G020,EMPTY,EMPTY,0.01
800.0,cctv3,C3_S001,G021,OCCUPIED,OCCUPIED,0.7873861982063814
800.0,cctv3,C3_S002,G019,EMPTY,EMPTY,0.01
800.0,cctv3,C3_S003,G020,OCCUPIED,OCCUPIED,0.8279864108020609
800.0,cctv3,C3_S004,G024,OCCUPIED,OCCUPIED,0.8274637181650509
800.0,cctv3,C3_S005,G025,OCCUPIED,OCCUPIED,0.8300441763617776
800.0,cctv3,C3_S006,G026,OCCUPIED,OCCUPIED,0.8276810616254807
800.0,cctv3,C3_S007,G027,OCCUPIED,OCCUPIED,0.7708025294271383
800.0,cctv3,C3_S008,G028,EMPTY,MANEUVERING,0.0595360689700552
800.0,cctv3,C3_S009,G029,EMPTY,MANEUVERING,0.3229449945087121
800.0,cctv3,C3_S010,G007,OCCUPIED,OCCUPIED,0.5769866099450496
800.0,cctv3,C3_S011,G008,OCCUPIED,OCCUPIED,0.8103874214670875
800.0,cctv3,C3_S012,G009,OCCUPIED,OCCUPIED,0.8256795940074054
801.0,cctv1,C1_S001,G001,OCCUPIED,OCCUPIED,0.7342141460288656
801.0,cctv1,C1_S002,G002,EMPTY,EMPTY,0.01
801.0,cctv1,C1_S003,G003,OCCUPIED,OCCUPIED,0.8377410734241659
801.0,cctv1,C1_S004,G004,OCCUPIED,OCCUPIED,0.7795143703168089
801.0,cctv1,C1_S005,G005,OCCUPIED,OCCUPIED,0.7444392227584666
801.0,cctv1,C1_S006,G006,EMPTY,MANEUVERING,0.4063433086926287
801.0,cctv2,C2_S001,G007,OCCUPIED,LEAVING,0.7071011342514646
801.0,cctv2,C2_S002,G008,OCCUPIED,LEAVING,0.7731660261750222
801.0,cctv2,C2_S003,G009,EMPTY,MANEUVERING,0.2645836425911296
801.0,cctv2,C2_S004,G010,OCCUPIED,OCCUPIED,0.5991323325884613
801.0,cctv2,C2_S005,G001,EMPTY,EMPTY,0.01
801.0,cctv2,C2_S006,G003,OCCUPIED,OCCUPIED,0.8213808867064389
801.0,cctv2,C2_S007,G004,OCCUPIED,OCCUPIED,0.7991293587467888
801.0,cctv2,C2_S008,G006,OCCUPIED,OCCUPIED,0.7669487993825567
801.0,cctv2,C2_S009,G005,OCCUPIED,OCCUPIED,0.7954494988376445
801.0,cctv2,C2_S010,G002,OCCUPIED,LEAVING,0.5963057252561504
801.0,cctv2,C2_S011,G017,OCCUPIED,LEAVING,0.740424005768516
801.0,cctv2,C2_S012,G018,OCCUPIED,LEAVING,0.7485332021659071
801.0,cctv2,C2_S013,G019,OCCUPIED,OCCUPIED,0.8377598521384326
801.0,cctv2,C2_S014,G020,EMPTY,EMPTY,0.01
801.0,cctv3,C3_S001,G021,OCCUPIED,OCCUPIED,0.7880937616933477
801.0,cctv3,C3_S002,G019,EMPTY,EMPTY,0.01
801.0,cctv3,C3_S003,G020,OCCUPIED,OCCUPIED,0.8279030493714593
801.0,cctv3,C3_S004,G024,OCCUPIED,OCCUPIED,0.8280881282958118
801.0,cctv3,C3_S005,G025,OCCUPIED,OCCUPIED,0.8300506973808462
801.0,cctv3,C3_S006,G026,OCCUPIED,OCCUPIED,0.8275303515520963
801.0,cctv3,C3_S007,G027,OCCUPIED,OCCUPIED,0.7706272844563832
801.0,cctv3,C3_S008,G028,EMPTY,MANEUVERING,0.0595360689700552
801.0,cctv3,C3_S009,G029,EMPTY,MANEUVERING,0.28734101137993
801.0,cctv3,C3_S010,G007,OCCUPIED,OCCUPIED,0.6148592235125375
801.0,cctv3,C3_S011,G008,OCCUPIED,OCCUPIED,0.8099180137569255
801.0,cctv3,C3_S012,G009,OCCUPIED,OCCUPIED,0.8256675744598563
802.0,cctv1,C1_S001,G001,OCCUPIED,OCCUPIED,0.7335166694765742
802.0,cctv1,C1_S002,G002,EMPTY,EMPTY,0.01
802.0,cctv1,C1_S003,G003,OCCUPIED,OCCUPIED,0.8377793257886714
802.0,cctv1,C1_S004,G004,OCCUPIED,OCCUPIED,0.7788354361599142
802.0,cctv1,C1_S005,G005,OCCUPIED,OCCUPIED,0.7469662777673115
802.0,cctv1,C1_S006,G006,EMPTY,MANEUVERING,0.3268942074193196
802.0,cctv2,C2_S001,G007,OCCUPIED,LEAVING,0.706093622784723
802.0,cctv2,C2_S002,G008,OCCUPIED,LEAVING,0.7713715511289511
802.0,cctv2,C2_S003,G009,EMPTY,MANEUVERING,0.2645836425911296
802.0,cctv2,C2_S004,G010,OCCUPIED,OCCUPIED,0.6796989179470323
802.0,cctv2,C2_S005,G001,EMPTY,EMPTY,0.01
802.0,cctv2,C2_S006,G003,OCCUPIED,OCCUPIED,0.8212421238422394
802.0,cctv2,C2_S007,G004,OCCUPIED,OCCUPIED,0.7991715035655282
802.0,cctv2,C2_S008,G006,OCCUPIED,OCCUPIED,0.7662607802586122
802.0,cctv2,C2_S009,G005,OCCUPIED,OCCUPIED,0.7950085038488562
802.0,cctv2,C2_S010,G002,OCCUPIED,LEAVING,0.642390060777014
802.0,cctv2,C2_S011,G017,OCCUPIED,LEAVING,0.7393894785642625
802.0,cctv2,C2_S012,G018,OCCUPIED,LEAVING,0.7467612399973653
802.0,cctv2,C2_S013,G019,OCCUPIED,OCCUPIED,0.8376550712368706
802.0,cctv2,C2_S014,G020,EMPTY,EMPTY,0.01
802.0,cctv3,C3_S001,G021,OCCUPIED,OCCUPIED,0.7872149350968275
802.0,cctv3,C3_S002,G019,EMPTY,EMPTY,0.01
802.0,cctv3,C3_S003,G020,OCCUPIED,OCCUPIED,0.827682622183453
802.0,cctv3,C3_S004,G024,OCCUPIED,OCCUPIED,0.8278384845365179
802.0,cctv3,C3_S005,G025,OCCUPIED,OCCUPIED,0.8301115973429247
802.0,cctv3,C3_S006,G026,OCCUPIED,OCCUPIED,0.827552231875333
802.0,cctv3,C3_S007,G027,OCCUPIED,OCCUPIED,0.7698349022052505
802.0,cctv3,C3_S008,G028,EMPTY,EMPTY,0.01
802.0,cctv3,C3_S009,G029,EMPTY,MANEUVERING,0.2019253880276598
802.0,cctv3,C3_S010,G007,OCCUPIED,OCCUPIED,0.7100482843138956
802.0,cctv3,C3_S011,G008,OCCUPIED,OCCUPIED,0.8094963160428135
802.0,cctv3,C3_S012,G009,OCCUPIED,OCCUPIED,0.8254926489158111
803.0,cctv1,C1_S001,G001,OCCUPIED,OCCUPIED,0.7347432977096602
803.0,cctv1,C1_S002,G002,EMPTY,EMPTY,0.01
803.0,cctv1,C1_S003,G003,OCCUPIED,OCCUPIED,0.8377689814025706
803.0,cctv1,C1_S004,G004,OCCUPIED,OCCUPIED,0.7783334266055715
803.0,cctv1,C1_S005,G005,OCCUPIED,OCCUPIED,0.7441779922626236
803.0,cctv1,C1_S006,G006,EMPTY,MANEUVERING,0.3108942074193196
803.0,cctv2,C2_S001,G007,OCCUPIED,LEAVING,0.707806778069247
803.0,cctv2,C2_S002,G008,OCCUPIED,LEAVING,0.7713753054087813
803.0,cctv2,C2_S003,G009,EMPTY,MANEUVERING,0.2645836425911296
803.0,cctv2,C2_S004,G010,OCCUPIED,OCCUPIED,0.6782121898549976
803.0,cctv2,C2_S005,G001,EMPTY,EMPTY,0.01
803.0,cctv2,C2_S006,G003,OCCUPIED,OCCUPIED,0.8211700423197313
803.0,cctv2,C2_S007,G004,OCCUPIED,OCCUPIED,0.7989692836999894
803.0,cctv2,C2_S008,G006,OCCUPIED,OCCUPIED,0.7663924673741515
803.0,cctv2,C2_S009,G005,OCCUPIED,OCCUPIED,0.7954359796914188
803.0,cctv2,C2_S010,G002,OCCUPIED,LEAVING,0.6444426994567568
803.0,cctv2,C2_S011,G017,OCCUPIED,LEAVING,0.7382595455917446
803.0,cctv2,C2_S012,G018,OCCUPIED,LEAVING,0.7494878261604093
803.0,cctv2,C2_S013,G019,OCCUPIED,OCCUPIED,0.8375953603874554
803.0,cctv2,C2_S014,G020,EMPTY,EMPTY,0.01
803.0,cctv3,C3_S001,G021,OCCUPIED,OCCUPIED,0.7889105170965195
803.0,cctv3,C3_S002,G019,EMPTY,EMPTY,0.01
803.0,cctv3,C3_S003,G020,OCCUPIED,OCCUPIED,0.828885351527821
803.0,cctv3,C3_S004,G024,OCCUPIED,OCCUPIED,0.8280836546962912
803.0,cctv3,C3_S005,G025,OCCUPIED,OCCUPIED,0.8300166422670539
803.0,cctv3,C3_S006,G026,OCCUPIED,OCCUPIED,0.8274132308634845
803.0,cctv3,C3_S007,G027,OCCUPIED,OCCUPIED,0.7700538736852733
803.0,cctv3,C3_S008,G028,EMPTY,EMPTY,0.01
803.0,cctv3,C3_S009,G029,EMPTY,MANEUVERING,0.2019253880276598
803.0,cctv3,C3_S010,G007,OCCUPIED,OCCUPIED,0.7102020275412184
803.0,cctv3,C3_S011,G008,OCCUPIED,OCCUPIED,0.8083984041755851
803.0,cctv3,C3_S012,G009,OCCUPIED,OCCUPIED,0.8253494986078956
804.0,cctv1,C1_S001,G001,OCCUPIED,OCCUPIED,0.7357384206219154
804.0,cctv1,C1_S002,G002,EMPTY,EMPTY,0.01
804.0,cctv1,C1_S003,G003,OCCUPIED,OCCUPIED,0.837636073069139
804.0,cctv1,C1_S004,G004,OCCUPIED,OCCUPIED,0.7777071153575724
804.0,cctv1,C1_S005,G005,OCCUPIED,OCCUPIED,0.7418360360915012
804.0,cctv1,C1_S006,G006,EMPTY,MANEUVERING,0.2544656359907482
804.0,cctv2,C2_S001,G007,OCCUPIED,LEAVING,0.7082937353510749
804.0,cctv2,C2_S002,G008,OCCUPIED,LEAVING,0.771399082785303
804.0,cctv2,C2_S003,G009,EMPTY,MANEUVERING,0.2645836425911296
804.0,cctv2,C2_S004,G010,OCCUPIED,OCCUPIED,0.7166311498392712
804.0,cctv2,C2_S005,G001,EMPTY,EMPTY,0.01
804.0,cctv2,C2_S006,G003,OCCUPIED,OCCUPIED,0.821144147623669
804.0,cctv2,C2_S007,G004,OCCUPIED,OCCUPIED,0.7981184138493105
804.0,cctv2,C2_S008,G006,OCCUPIED,OCCUPIED,0.7660745552994989
804.0,cctv2,C2_S009,G005,OCCUPIED,OCCUPIED,0.7935834128748287
804.0,cctv2,C2_S010,G002,OCCUPIED,LEAVING,0.6468953968753869
804.0,cctv2,C2_S011,G017,OCCUPIED,LEAVING,0.7396925885027106
804.0,cctv2,C2_S012,G018,OCCUPIED,LEAVING,0.7490466954355891
804.0,cctv2,C2_S013,G019,OCCUPIED,OCCUPIED,0.8375691405751489
804.0,cctv2,C2_S014,G020,EMPTY,EMPTY,0.01
804.0,cctv3,C3_S001,G021,OCCUPIED,OCCUPIED,0.789545564218001
804.0,cctv3,C3_S002,G019,EMPTY,EMPTY,0.01
804.0,cctv3,C3_S003,G020,OCCUPIED,OCCUPIED,0.8287764944813469
804.0,cctv3,C3_S004,G024,OCCUPIED,OCCUPIED,0.828640867363323
804.0,cctv3,C3_S005,G025,OCCUPIED,OCCUPIED,0.8299613050439142
804.0,cctv3,C3_S006,G026,OCCUPIED,OCCUPIED,0.8273691524158825
804.0,cctv3,C3_S007,G027,OCCUPIED,OCCUPIED,0.770155578987165
804.0,cctv3,C3_S008,G028,EMPTY,EMPTY,0.01
804.0,cctv3,C3_S009,G029,EMPTY,MANEUVERING,0.2019253880276598
804.0,cctv3,C3_S010,G007,OCCUPIED,OCCUPIED,0.71032117126566
804.0,cctv3,C3_S011,G008,OCCUPIED,OCCUPIED,0.8070623088966717
804.0,cctv3,C3_S012,G009,OCCUPIED,OCCUPIED,0.8248672715642236
805.0,cctv1,C1_S001,G001,OCCUPIED,OCCUPIED,0.7349181602624331
805.0,cctv1,C1_S002,G002,EMPTY,EMPTY,0.01
805.0,cctv1,C1_S003,G003,OCCUPIED,OCCUPIED,0.8377609298987823
805.0,cctv1,C1_S004,G004,OCCUPIED,OCCUPIED,0.7768954293294387
805.0,cctv1,C1_S005,G005,OCCUPIED,OCCUPIED,0.7410191721807827
805.0,cctv1,C1_S006,G006,EMPTY,MANEUVERING,0.2028119688858459
805.0,cctv2,C2_S001,G007,OCCUPIED,LEAVING,0.7444356144151905
805.0,cctv2,C2_S002,G008,OCCUPIED,LEAVING,0.7714667118408464
805.0,cctv2,C2_S003,G009,EMPTY,MANEUVERING,0.2894742751798846
805.0,cctv2,C2_S004,G010,OCCUPIED,OCCUPIED,0.7236585759032856
805.0,cctv2,C2_S005,G001,EMPTY,EMPTY,0.01
805.0,cctv2,C2_S006,G003,OCCUPIED,OCCUPIED,0.8210577341643247
805.0,cctv2,C2_S007,G004,OCCUPIED,OCCUPIED,0.7982256152413109
805.0,cctv2,C2_S008,G006,OCCUPIED,OCCUPIED,0.7642429032109002
805.0,cctv2,C2_S009,G005,OCCUPIED,OCCUPIED,0.7936908792365682
805.0,cctv2,C2_S010,G002,OCCUPIED,LEAVING,0.6473485985567624
805.0,cctv2,C2_S011,G017,OCCUPIED,LEAVING,0.7388355068997904
805.0,cctv2,C2_S012,G018,OCCUPIED,LEAVING,0.7522170559249142
805.0,cctv2,C2_S013,G019,OCCUPIED,OCCUPIED,0.8375391624190591
805.0,cctv2,C2_S014,G020,EMPTY,EMPTY,0.01
805.0,cctv3,C3_S001,G021,OCCUPIED,OCCUPIED,0.7904491809281436
805.0,cctv3,C3_S002,G019,EMPTY,EMPTY,0.01
805.0,cctv3,C3_S003,G020,OCCUPIED,OCCUPIED,0.8289521434090354
805.0,cctv3,C3_S004,G024,OCCUPIED,OCCUPIED,0.8289030110294169
805.0,cctv3,C3_S005,G025,OCCUPIED,OCCUPIED,0.829878946596926
805.0,cctv3,C3_S006,G026,OCCUPIED,OCCUPIED,0.8273547042499889
805.0,cctv3,C3_S007,G027,OCCUPIED,OCCUPIED,0.7691658255728809
805.0,cctv3,C3_S008,G028,EMPTY,EMPTY,0.01
805.0,cctv3,C3_S009,G029,EMPTY,MANEUVERING,0.2019253880276598
805.0,cctv3,C3_S010,G007,OCCUPIED,OCCUPIED,0.7110844087420088
805.0,cctv3,C3_S011,G008,OCCUPIED,OCCUPIED,0.8050768304954876
805.0,cctv3,C3_S012,G009,OCCUPIED,OCCUPIED,0.8245999414812435
806.0,cctv1,C1_S001,G001,OCCUPIED,OCCUPIED,0.7351789770478553
806.0,cctv1,C1_S002,G002,EMPTY,EMPTY,0.01
806.0,cctv1,C1_S003,G003,OCCUPIED,OCCUPIED,0.8380190453746102
806.0,cctv1,C1_S004,G004,OCCUPIED,OCCUPIED,0.7768170080401682
806.0,cctv1,C1_S005,G005,OCCUPIED,OCCUPIED,0.7426771650531077
806.0,cctv1,C1_S006,G006,EMPTY,MANEUVERING,0.1963833974572745
806.0,cctv2,C2_S001,G007,OCCUPIED,LEAVING,0.7433139678429475
806.0,cctv2,C2_S002,G008,OCCUPIED,LEAVING,0.7733838130127301
806.0,cctv2,C2_S003,G009,EMPTY,MANEUVERING,0.2894742751798846
806.0,cctv2,C2_S004,G010,OCCUPIED,OCCUPIED,0.7261151391674172
806.0,cctv2,C2_S005,G001,EMPTY,EMPTY,0.01
806.0,cctv2,C2_S006,G003,OCCUPIED,OCCUPIED,0.8211162591522391
806.0,cctv2,C2_S007,G004,OCCUPIED,OCCUPIED,0.7982166875492444
806.0,cctv2,C2_S008,G006,OCCUPIED,OCCUPIED,0.7628992839293047
806.0,cctv2,C2_S009,G005,OCCUPIED,OCCUPIED,0.7925689973614434
806.0,cctv2,C2_S010,G002,OCCUPIED,LEAVING,0.6958098349336422
806.0,cctv2,C2_S011,G017,OCCUPIED,LEAVING,0.7482145040414551
806.0,cctv2,C2_S012,G018,OCCUPIED,LEAVING,0.7514844584871423
806.0,cctv2,C2_S013,G019,OCCUPIED,OCCUPIED,0.8376018415797841
806.0,cctv2,C2_S014,G020,EMPTY,EMPTY,0.01
806.0,cctv3,C3_S001,G021,OCCUPIED,OCCUPIED,0.7918090812184595
806.0,cctv3,C3_S002,G019,EMPTY,EMPTY,0.01
806.0,cctv3,C3_S003,G020,OCCUPIED,OCCUPIED,0.8293840969150718
806.0,cctv3,C3_S004,G024,OCCUPIED,OCCUPIED,0.828989070112055
806.0,cctv3,C3_S005,G025,OCCUPIED,OCCUPIED,0.8297959744930268
806.0,cctv3,C3_S006,G026,OCCUPIED,OCCUPIED,0.8273194080049342
806.0,cctv3,C3_S007,G027,OCCUPIED,OCCUPIED,0.7685452749783344
806.0,cctv3,C3_S008,G028,EMPTY,EMPTY,0.01
806.0,cctv3,C3_S009,G029,EMPTY,MANEUVERING,0.247475402646444
806.0,cctv3,C3_S010,G007,OCCUPIED,OCCUPIED,0.6660844087420088
806.0,cctv3,C3_S011,G008,OCCUPIED,OCCUPIED,0.8040823185985739
806.0,cctv3,C3_S012,G009,OCCUPIED,OCCUPIED,0.8243356081572446
807.0,cctv1,C1_S001,G001,OCCUPIED,OCCUPIED,0.73571442196315
807.0,cctv1,C1_S002,G002,EMPTY,EMPTY,0.01
807.0,cctv1,C1_S003,G003,OCCUPIED,OCCUPIED,0.8379508717493578
807.0,cctv1,C1_S004,G004,OCCUPIED,OCCUPIED,0.7772781293500555
807.0,cctv1,C1_S005,G005,OCCUPIED,OCCUPIED,0.72361527136781
807.0,cctv1,C1_S006,G006,EMPTY,MANEUVERING,0.1359242439202287
807.0,cctv2,C2_S001,G007,OCCUPIED,LEAVING,0.7450770586051725
807.0,cctv2,C2_S002,G008,OCCUPIED,LEAVING,0.7747282524000515
807.0,cctv2,C2_S003,G009,EMPTY,MANEUVERING,0.2894742751798846
807.0,cctv2,C2_S004,G010,OCCUPIED,OCCUPIED,0.7256066951562058
807.0,cctv2,C2_S005,G001,EMPTY,EMPTY,0.01
807.0,cctv2,C2_S006,G003,OCCUPIED,OCCUPIED,0.8210780262947083
807.0,cctv2,C2_S007,G004,OCCUPIED,OCCUPIED,0.7983142053539103
807.0,cctv2,C2_S008,G006,OCCUPIED,OCCUPIED,0.7612138134512035
807.0,cctv2,C2_S009,G005,OCCUPIED,OCCUPIED,0.7919778620654887
807.0,cctv2,C2_S010,G002,OCCUPIED,LEAVING,0.6508098349336423
807.0,cctv2,C2_S011,G017,OCCUPIED,LEAVING,0.7504131050814282
807.0,cctv2,C2_S012,G018,OCCUPIED,LEAVING,0.7532720435072076
807.0,cctv2,C2_S013,G019,OCCUPIED,OCCUPIED,0.8372805056246845
807.0,cctv2,C2_S014,G020,EMPTY,EMPTY,0.01
807.0,cctv3,C3_S001,G021,OCCUPIED,OCCUPIED,0.7931692350994457
807.0,cctv3,C3_S002,G019,EMPTY,EMPTY,0.01
807.0,cctv3,C3_S003,G020,OCCUPIED,OCCUPIED,0.8290475000034679
807.0,cctv3,C3_S004,G024,OCCUPIED,OCCUPIED,0.8291519899259915
807.0,cctv3,C3_S005,G025,OCCUPIED,OCCUPIED,0.8298191902312366
807.0,cctv3,C3_S006,G026,OCCUPIED,OCCUPIED,0.8274152660911734
807.0,cctv3,C3_S007,G027,OCCUPIED,OCCUPIED,0.7692326597192072
807.0,cctv3,C3_S008,G028,EMPTY,EMPTY,0.01
807.0,cctv3,C3_S009,G029,EMPTY,MANEUVERING,0.247475402646444
807.0,cctv3,C3_S010,G007,OCCUPIED,OCCUPIED,0.66502204585256
807.0,cctv3,C3_S011,G008,OCCUPIED,OCCUPIED,0.8031186976216057
807.0,cctv3,C3_S012,G009,OCCUPIED,OCCUPIED,0.8243396469137886
808.0,cctv1,C1_S001,G001,OCCUPIED,OCCUPIED,0.7360694361003963
808.0,cctv1,C1_S002,G002,EMPTY,EMPTY,0.01
808.0,cctv1,C1_S003,G003,OCCUPIED,OCCUPIED,0.8379961547526447
808.0,cctv1,C1_S004,G004,OCCUPIED,OCCUPIED,0.7771854431791739
808.0,cctv1,C1_S005,G005,OCCUPIED,OCCUPIED,0.7257318534995572
808.0,cctv1,C1_S006,G006,EMPTY,MANEUVERING,0.2189474466217286
808.0,cctv2,C2_S001,G007,OCCUPIED,LEAVING,0.7453960248692469
808.0,cctv2,C2_S002,G008,OCCUPIED,LEAVING,0.7782173536040566
808.0,cctv2,C2_S003,G009,EMPTY,MANEUVERING,0.2894742751798846
808.0,cctv2,C2_S004,G010,OCCUPIED,OCCUPIED,0.7274455470253122
808.0,cctv2,C2_S005,G001,EMPTY,EMPTY,0.01
808.0,cctv2,C2_S006,G003,OCCUPIED,OCCUPIED,0.8212544327432459
808.0,cctv2,C2_S007,G004,OCCUPIED,OCCUPIED,0.7986120053312996
808.0,cctv2,C2_S008,G006,OCCUPIED,OCCUPIED,0.7607761033556679
808.0,cctv2,C2_S009,G005,OCCUPIED,OCCUPIED,0.7924236980351536
808.0,cctv2,C2_S010,G002,OCCUPIED,LEAVING,0.5572638642212208
808.0,cctv2,C2_S011,G017,OCCUPIED,LEAVING,0.7533127599683676
808.0,cctv2,C2_S012,G018,OCCUPIED,LEAVING,0.7547537437216802
808.0,cctv2,C2_S013,G019,OCCUPIED,OCCUPIED,0.8373032718896867
808.0,cctv2,C2_S014,G020,EMPTY,EMPTY,0.01
808.0,cctv3,C3_S001,G021,OCCUPIED,OCCUPIED,0.7932710875164379
808.0,cctv3,C3_S002,G019,EMPTY,EMPTY,0.01
808.0,cctv3,C3_S003,G020,OCCUPIED,OCCUPIED,0.8292297365990553
808.0,cctv3,C3_S004,G024,OCCUPIED,OCCUPIED,0.8292073897340082
808.0,cctv3,C3_S005,G025,OCCUPIED,OCCUPIED,0.8296623964201321
808.0,cctv3,C3_S006,G026,OCCUPIED,OCCUPIED,0.8272602287205784
808.0,cctv3,C3_S007,G027,OCCUPIED,OCCUPIED,0.7685645080425523
808.0,cctv3,C3_S008,G028,EMPTY,EMPTY,0.01
808.0,cctv3,C3_S009,G029,EMPTY,MANEUVERING,0.247475402646444
808.0,cctv3,C3_S010,G007,OCCUPIED,OCCUPIED,0.6648135299303315
808.0,cctv3,C3_S011,G008,OCCUPIED,OCCUPIED,0.8014019757509232
808.0,cctv3,C3_S012,G009,OCCUPIED,OCCUPIED,0.8242774733088234
809.0,cctv1,C1_S001,G001,OCCUPIED,OCCUPIED,0.7369432811032642
809.0,cctv1,C1_S002,G002,EMPTY,EMPTY,0.01
809.0,cctv1,C1_S003,G003,OCCUPIED,OCCUPIED,0.8380849797617306
809.0,cctv1,C1_S004,G004,OCCUPIED,OCCUPIED,0.7763721742413261
809.0,cctv1,C1_S005,G005,OCCUPIED,OCCUPIED,0.7240688859423002
809.0,cctv1,C1_S006,G006,EMPTY,MANEUVERING,0.1873163177253622
809.0,cctv2,C2_S001,G007,OCCUPIED,LEAVING,0.7456622662192042
809.0,cctv2,C2_S002,G008,OCCUPIED,LEAVING,0.7789010011337021
809.0,cctv2,C2_S003,G009,EMPTY,MANEUVERING,0.3242343610796061
809.0,cctv2,C2_S004,G010,OCCUPIED,OCCUPIED,0.7677548166025769
809.0,cctv2,C2_S005,G001,EMPTY,EMPTY,0.01
809.0,cctv2,C2_S006,G003,OCCUPIED,OCCUPIED,0.8211522592739626
809.0,cctv2,C2_S007,G004,OCCUPIED,OCCUPIED,0.7984825765544719
809.0,cctv2,C2_S008,G006,OCCUPIED,OCCUPIED,0.7620369638908994
809.0,cctv2,C2_S009,G005,OCCUPIED,OCCUPIED,0.7937588464130055
809.0,cctv2,C2_S010,G002,OCCUPIED,LEAVING,0.6046590222282844
809.0,cctv2,C2_S011,G017,OCCUPIED,LEAVING,0.7720300813967532
809.0,cctv2,C2_S012,G018,OCCUPIED,LEAVING,0.7530628986656667
809.0,cctv2,C2_S013,G019,OCCUPIED,OCCUPIED,0.8372279530221767
809.0,cctv2,C2_S014,G020,EMPTY,EMPTY,0.01
809.0,cctv3,C3_S001,G021,OCCUPIED,OCCUPIED,0.7941851372068579
809.0,cctv3,C3_S002,G019,EMPTY,EMPTY,0.01
809.0,cctv3,C3_S003,G020,OCCUPIED,OCCUPIED,0.8292932212352753
809.0,cctv3,C3_S004,G024,OCCUPIED,OCCUPIED,0.829252092404799
809.0,cctv3,C3_S005,G025,OCCUPIED,OCCUPIED,0.8296712135726756
809.0,cctv3,C3_S006,G026,OCCUPIED,OCCUPIED,0.8272991199385037
809.0,cctv3,C3_S007,G027,OCCUPIED,OCCUPIED,0.7681391714648768
809.0,cctv3,C3_S008,G028,EMPTY,EMPTY,0.01
809.0,cctv3,C3_S009,G029,EMPTY,MANEUVERING,0.2918125494501807
809.0,cctv3,C3_S010,G007,OCCUPIED,OCCUPIED,0.6198135299303316
809.0,cctv3,C3_S011,G008,OCCUPIED,OCCUPIED,0.8000891303474253
809.0,cctv3,C3_S012,G009,OCCUPIED,OCCUPIED,0.8240430441769687
810.0,cctv1,C1_S001,G001,OCCUPIED,OCCUPIED,0.7379441413012419
810.0,cctv1,C1_S002,G002,EMPTY,MANEUVERING,0.2098883928697217
810.0,cctv1,C1_S003,G003,OCCUPIED,OCCUPIED,0.8380665895613758
810.0,cctv1,C1_S004,G004,OCCUPIED,OCCUPIED,0.7758887670256875
810.0,cctv1,C1_S005,G005,OCCUPIED,OCCUPIED,0.7281901106599606
810.0,cctv1,C1_S006,G006,EMPTY,MANEUVERING,0.1873163177253622
810.0,cctv2,C2_S001,G007,OCCUPIED,LEAVING,0.7523005746304989
810.0,cctv2,C2_S002,G008,OCCUPIED,LEAVING,0.7794341259381988
810.0,cctv2,C2_S003,G009,OCCUPIED,OCCUPIED,0.51
810.0,cctv2,C2_S004,G010,OCCUPIED,OCCUPIED,0.7730507293885405
810.0,cctv2,C2_S005,G001,EMPTY,EMPTY,0.01
810.0,cctv2,C2_S006,G003,OCCUPIED,OCCUPIED,0.820212818817659
810.0,cctv2,C2_S007,G004,OCCUPIED,OCCUPIED,0.7993489877744155
810.0,cctv2,C2_S008,G006,OCCUPIED,OCCUPIED,0.7612024250355635
810.0,cctv2,C2_S009,G005,OCCUPIED,OCCUPIED,0.7937424182891847
810.0,cctv2,C2_S010,G002,OCCUPIED,LEAVING,0.6034081939224041
810.0,cctv2,C2_S011,G017,OCCUPIED,LEAVING,0.7716615783897314
810.0,cctv2,C2_S012,G018,OCCUPIED,LEAVING,0.7567138439552351
810.0,cctv2,C2_S013,G019,OCCUPIED,OCCUPIED,0.8372567428783937
810.0,cctv2,C2_S014,G020,EMPTY,EMPTY,0.01
810.0,cctv3,C3_S001,G021,OCCUPIED,OCCUPIED,0.7966356171803042
810.0,cctv3,C3_S002,G019,EMPTY,EMPTY,0.01
810.0,cctv3,C3_S003,G020,OCCUPIED,OCCUPIED,0.8292525410652161
810.0,cctv3,C3_S004,G024,OCCUPIED,OCCUPIED,0.8292934788898989
810.0,cctv3,C3_S005,G025,OCCUPIED,OCCUPIED,0.8296026156707244
810.0,cctv3,C3_S006,G026,OCCUPIED,OCCUPIED,0.827290165424347
810.0,cctv3,C3_S007,G027,OCCUPIED,OCCUPIED,0.7668184399604798
810.0,cctv3,C3_S008,G028,EMPTY,EMPTY,0.01
810.0,cctv3,C3_S009,G029,EMPTY,MANEUVERING,0.2468125494501807
810.0,cctv3,C3_S010,G007,OCCUPIED,OCCUPIED,0.6635911876776002
810.0,cctv3,C3_S011,G008,OCCUPIED,OCCUPIED,0.7993672048503703
810.0,cctv3,C3_S012,G009,OCCUPIED,OCCUPIED,0.8236222624778748
811.0,cctv1,C1_S001,G001,OCCUPIED,OCCUPIED,0.7379506129432809
811.0,cctv1,C1_S002,G002,EMPTY,MANEUVERING,0.2098883928697217
811.0,cctv1,C1_S003,G003,OCCUPIED,OCCUPIED,0.8379886648871683
811.0,cctv1,C1_S004,G004,OCCUPIED,OCCUPIED,0.7752401629632171
811.0,cctv1,C1_S005,G005,OCCUPIED,OCCUPIED,0.7311603039864338
811.0,cctv1,C1_S006,G006,EMPTY,MANEUVERING,0.1595393065701831
811.0,cctv2,C2_S001,G007,OCCUPIED,LEAVING,0.7544546587223357
811.0,cctv2,C2_S002,G008,OCCUPIED,LEAVING,0.780400994826447
811.0,cctv2,C2_S003,G009,OCCUPIED,OCCUPIED,0.51
811.0,cctv2,C2_S004,G010,OCCUPIED,OCCUPIED,0.7728488387031989
811.0,cctv2,C2_S005,G001,EMPTY,EMPTY,0.01
811.0,cctv2,C2_S006,G003,OCCUPIED,OCCUPIED,0.8190047079866584
811.0,cctv2,C2_S007,G004,OCCUPIED,OCCUPIED,0.7992287963628769
811.0,cctv2,C2_S008,G006,OCCUPIED,OCCUPIED,0.7621550229462711
811.0,cctv2,C2_S009,G005,OCCUPIED,OCCUPIED,0.7954184551130642
811.0,cctv2,C2_S010,G002,OCCUPIED,LEAVING,0.6477391705278195
811.0,cctv2,C2_S011,G017,OCCUPIED,LEAVING,0.77337253107266
811.0,cctv2,C2_S012,G018,OCCUPIED,LEAVING,0.7592541446062653
811.0,cctv2,C2_S013,G019,OCCUPIED,OCCUPIED,0.8365861881862988
811.0,cctv2,C2_S014,G020,EMPTY,EMPTY,0.01
811.0,cctv3,C3_S001,G021,OCCUPIED,OCCUPIED,0.7966039207848636
811.0,cctv3,C3_S002,G019,EMPTY,EMPTY,0.01
811.0,cctv3,C3_S003,G020,OCCUPIED,OCCUPIED,0.8293825948780233
811.0,cctv3,C3_S004,G024,OCCUPIED,OCCUPIED,0.8293900611725721
811.0,cctv3,C3_S005,G025,OCCUPIED,OCCUPIED,0.8295490828427402
811.0,cctv3,C3_S006,G026,OCCUPIED,OCCUPIED,0.827357707511295
811.0,cctv3,C3_S007,G027,OCCUPIED,OCCUPIED,0.7675276623530822
811.0,cctv3,C3_S008,G028,EMPTY,EMPTY,0.01
811.0,cctv3,C3_S009,G029,EMPTY,MANEUVERING,0.3374923910471526
811.0,cctv3,C3_S010,G007,OCCUPIED,OCCUPIED,0.5823358252001081
811.0,cctv3,C3_S011,G008,OCCUPIED,OCCUPIED,0.7999888718128205
811.0,cctv3,C3_S012,G009,OCCUPIED,OCCUPIED,0.8235807605765083
812.0,cctv1,C1_S001,G001,OCCUPIED,OCCUPIED,0.7393044776537202
812.0,cctv1,C1_S002,G002,EMPTY,MANEUVERING,0.2098883928697217
812.0,cctv1,C1_S003,G003,OCCUPIED,OCCUPIED,0.8379362260753459
812.0,cctv1,C1_S004,G004,OCCUPIED,OCCUPIED,0.7766170062802056
812.0,cctv1,C1_S005,G005,OCCUPIED,OCCUPIED,0.7310763459675241
812.0,cctv1,C1_S006,G006,EMPTY,MANEUVERING,0.1085393065701831
812.0,cctv2,C2_S001,G007,OCCUPIED,OCCUPIED,0.754569092325189
812.0,cctv2,C2_S002,G008,OCCUPIED,LEAVING,0.7798089313236151
812.0,cctv2,C2_S003,G009,OCCUPIED,OCCUPIED,0.51
812.0,cctv2,C2_S004,G010,OCCUPIED,OCCUPIED,0.6905015787888658
812.0,cctv2,C2_S005,G001,EMPTY,EMPTY,0.01
812.0,cctv2,C2_S006,G003,OCCUPIED,OCCUPIED,0.8193188385529953
812.0,cctv2,C2_S007,G004,OCCUPIED,OCCUPIED,0.7994558721780778
812.0,cctv2,C2_S008,G006,OCCUPIED,OCCUPIED,0.7617039757696066
812.0,cctv2,C2_S009,G005,OCCUPIED,OCCUPIED,0.7949385258284483
812.0,cctv2,C2_S010,G002,OCCUPIED,LEAVING,0.6030271052365953
812.0,cctv2,C2_S011,G017,OCCUPIED,LEAVING,0.7666535584944668
812.0,cctv2,C2_S012,G018,OCCUPIED,LEAVING,0.7615269115702673
812.0,cctv2,C2_S013,G019,OCCUPIED,OCCUPIED,0.836635045842691
812.0,cctv2,C2_S014,G020,EMPTY,EMPTY,0.01
812.0,cctv3,C3_S001,G021,OCCUPIED,OCCUPIED,0.7964254279028287
812.0,cctv3,C3_S002,G019,EMPTY,EMPTY,0.01
812.0,cctv3,C3_S003,G020,OCCUPIED,OCCUPIED,0.8292959839105607
812.0,cctv3,C3_S004,G024,OCCUPIED,OCCUPIED,0.8294168149883098
812.0,cctv3,C3_S005,G025,OCCUPIED,OCCUPIED,0.8294343224980615
812.0,cctv3,C3_S006,G026,OCCUPIED,OCCUPIED,0.8273509459062056
812.0,cctv3,C3_S007,G027,OCCUPIED,OCCUPIED,0.7669080123305322
812.0,cctv3,C3_S008,G028,EMPTY,EMPTY,0.01
812.0,cctv3,C3_S009,G029,EMPTY,MANEUVERING,0.4161491006291049
812.0,cctv3,C3_S010,G007,OCCUPIED,OCCUPIED,0.51
812.0,cctv3,C3_S011,G008,OCCUPIED,OCCUPIED,0.7999262893741782
812.0,cctv3,C3_S012,G009,OCCUPIED,OCCUPIED,0.8232682767239484
813.0,cctv1,C1_S001,G001,OCCUPIED,OCCUPIED,0.7388016748157415
813.0,cctv1,C1_S002,G002,EMPTY,MANEUVERING,0.2098883928697217
813.0,cctv1,C1_S003,G003,OCCUPIED,OCCUPIED,0.8377972063693134
813.0,cctv1,C1_S004,G004,OCCUPIED,OCCUPIED,0.7751872076229617
813.0,cctv1,C1_S005,G005,OCCUPIED,OCCUPIED,0.6488113815495463
813.0,cctv1,C1_S006,G006,EMPTY,MANEUVERING,0.1867445503480055
813.0,cctv2,C2_S001,G007,OCCUPIED,OCCUPIED,0.7584033527834849
813.0,cctv2,C2_S002,G008,OCCUPIED,LEAVING,0.7812434750524435
813.0,cctv2,C2_S003,G009,OCCUPIED,OCCUPIED,0.51
813.0,cctv2,C2_S004,G010,OCCUPIED,OCCUPIED,0.6905626093257557
813.0,cctv2,C2_S005,G001,EMPTY,EMPTY,0.01
813.0,cctv2,C2_S006,G003,OCCUPIED,OCCUPIED,0.8194198294119402
813.0,cctv2,C2_S007,G004,OCCUPIED,OCCUPIED,0.7986157189715993
813.0,cctv2,C2_S008,G006,OCCUPIED,OCCUPIED,0.7626688061790033
813.0,cctv2,C2_S009,G005,OCCUPIED,OCCUPIED,0.7950826693664899
813.0,cctv2,C2_S010,G002,OCCUPIED,LEAVING,0.6032222661172801
813.0,cctv2,C2_S011,G017,OCCUPIED,LEAVING,0.7690736547293086
813.0,cctv2,C2_S012,G018,OCCUPIED,LEAVING,0.7668832587924871
813.0,cctv2,C2_S013,G019,OCCUPIED,OCCUPIED,0.8367269692095844
813.0,cctv2,C2_S014,G020,EMPTY,EMPTY,0.01
813.0,cctv3,C3_S001,G021,OCCUPIED,OCCUPIED,0.798622663454576
813.0,cctv3,C3_S002,G019,EMPTY,EMPTY,0.01
813.0,cctv3,C3_S003,G020,OCCUPIED,OCCUPIED,0.8295040412382646
813.0,cctv3,C3_S004,G024,OCCUPIED,OCCUPIED,0.829800471663475
813.0,cctv3,C3_S005,G025,OCCUPIED,OCCUPIED,0.8293255564841358
813.0,cctv3,C3_S006,G026,OCCUPIED,OCCUPIED,0.8272246479988099
813.0,cctv3,C3_S007,G027,OCCUPIED,OCCUPIED,0.7678630644624884
813.0,cctv3,C3_S008,G028,EMPTY,EMPTY,0.01
813.0,cctv3,C3_S009,G029,EMPTY,MANEUVERING,0.3711491006291048
813.0,cctv3,C3_S010,G007,OCCUPIED,OCCUPIED,0.51
813.0,cctv3,C3_S011,G008,OCCUPIED,OCCUPIED,0.7996084914966064
813.0,cctv3,C3_S012,G009,OCCUPIED,OCCUPIED,0.8234764868562873
814.0,cctv1,C1_S001,G001,OCCUPIED,OCCUPIED,0.7378296128050849
814.0,cctv1,C1_S002,G002,EMPTY,MANEUVERING,0.1648883928697217
814.0,cctv1,C1_S003,G003,OCCUPIED,OCCUPIED,0.8377973843704571
814.0,cctv1,C1_S004,G004,OCCUPIED,OCCUPIED,0.7768094580281866
814.0,cctv1,C1_S005,G005,OCCUPIED,OCCUPIED,0.6520835603186579
814.0,cctv1,C1_S006,G006,EMPTY,MANEUVERING,0.1810302646337198
814.0,cctv2,C2_S001,G007,OCCUPIED,OCCUPIED,0.7595626327801835
814.0,cctv2,C2_S002,G008,OCCUPIED,LEAVING,0.7812617766586217
814.0,cctv2,C2_S003,G009,OCCUPIED,OCCUPIED,0.51
814.0,cctv2,C2_S004,G010,OCCUPIED,OCCUPIED,0.6936524832655083
814.0,cctv2,C2_S005,G001,EMPTY,EMPTY,0.01
814.0,cctv2,C2_S006,G003,OCCUPIED,OCCUPIED,0.8197550657120618
814.0,cctv2,C2_S007,G004,OCCUPIED,OCCUPIED,0.7990039167079059
814.0,cctv2,C2_S008,G006,OCCUPIED,OCCUPIED,0.7623493372039362
814.0,cctv2,C2_S009,G005,OCCUPIED,OCCUPIED,0.79303821162744
814.0,cctv2,C2_S010,G002,OCCUPIED,LEAVING,0.6073190788721496
814.0,cctv2,C2_S011,G017,OCCUPIED,LEAVING,0.7705999572349318
814.0,cctv2,C2_S012,G018,OCCUPIED,LEAVING,0.7661318541927772
814.0,cctv2,C2_S013,G019,OCCUPIED,OCCUPIED,0.8361869405616414
814.0,cctv2,C2_S014,G020,EMPTY,EMPTY,0.01
814.0,cctv3,C3_S001,G021,OCCUPIED,OCCUPIED,0.7987350577657873
814.0,cctv3,C3_S002,G019,EMPTY,EMPTY,0.01
814.0,cctv3,C3_S003,G020,OCCUPIED,OCCUPIED,0.8289352568713102
814.0,cctv3,C3_S004,G024,OCCUPIED,OCCUPIED,0.8296531761234458
814.0,cctv3,C3_S005,G025,OCCUPIED,OCCUPIED,0.8293709906664762
814.0,cctv3,C3_S006,G026,OCCUPIED,OCCUPIED,0.8271878708492626
814.0,cctv3,C3_S007,G027,OCCUPIED,OCCUPIED,0.7678954501043667
814.0,cctv3,C3_S008,G028,EMPTY,EMPTY,0.01
814.0,cctv3,C3_S009,G029,EMPTY,MANEUVERING,0.3711491006291048
814.0,cctv3,C3_S010,G007,OCCUPIED,OCCUPIED,0.51
814.0,cctv3,C3_S011,G008,OCCUPIED,OCCUPIED,0.7987947165966035
814.0,cctv3,C3_S012,G009,OCCUPIED,OCCUPIED,0.8233274917710912
815.0,cctv1,C1_S001,G001,OCCUPIED,OCCUPIED,0.7368547743017024
815.0,cctv1,C1_S002,G002,EMPTY,MANEUVERING,0.1648883928697217
815.0,cctv1,C1_S003,G003,OCCUPIED,OCCUPIED,0.8378025927326896
815.0,cctv1,C1_S004,G004,OCCUPIED,OCCUPIED,0.7780899161642248
815.0,cctv1,C1_S005,G005,OCCUPIED,OCCUPIED,0.6490603381801735
815.0,cctv1,C1_S006,G006,EMPTY,MANEUVERING,0.1767445503480055
815.0,cctv2,C2_S001,G007,OCCUPIED,OCCUPIED,0.759749330377037
815.0,cctv2,C2_S002,G008,OCCUPIED,OCCUPIED,0.7797969946807082
815.0,cctv2,C2_S003,G009,OCCUPIED,OCCUPIED,0.51
815.0,cctv2,C2_S004,G010,OCCUPIED,OCCUPIED,0.6126803381063722
815.0,cctv2,C2_S005,G001,EMPTY,EMPTY,0.01
815.0,cctv2,C2_S006,G003,OCCUPIED,OCCUPIED,0.8198365057056601
815.0,cctv2,C2_S007,G004,OCCUPIED,OCCUPIED,0.7993276764046062
815.0,cctv2,C2_S008,G006,OCCUPIED,OCCUPIED,0.7635495326735757
815.0,cctv2,C2_S009,G005,OCCUPIED,OCCUPIED,0.7939796572381801
815.0,cctv2,C2_S010,G002,OCCUPIED,LEAVING,0.5153410872546109
815.0,cctv2,C2_S011,G017,OCCUPIED,LEAVING,0.7578421625585268
815.0,cctv2,C2_S012,G018,OCCUPIED,LEAVING,0.7679198183796623
815.0,cctv2,C2_S013,G019,OCCUPIED,OCCUPIED,0.8362647579474883
815.0,cctv2,C2_S014,G020,EMPTY,EMPTY,0.01
815.0,cctv3,C3_S001,G021,OCCUPIED,OCCUPIED,0.7991648492487995
815.0,cctv3,C3_S002,G019,EMPTY,EMPTY,0.01
815.0,cctv3,C3_S003,G020,OCCUPIED,OCCUPIED,0.8290881127119065
815.0,cctv3,C3_S004,G024,OCCUPIED,OCCUPIED,0.8296127357266166
815.0,cctv3,C3_S005,G025,OCCUPIED,OCCUPIED,0.8293221492658962
815.0,cctv3,C3_S006,G026,OCCUPIED,OCCUPIED,0.8272526348179038
815.0,cctv3,C3_S007,G027,OCCUPIED,OCCUPIED,0.7676291689276696
815.0,cctv3,C3_S008,G028,EMPTY,MANEUVERING,0.1139369447644461
815.0,cctv3,C3_S009,G029,EMPTY,MANEUVERING,0.3843326354826039
815.0,cctv3,C3_S010,G007,OCCUPIED,OCCUPIED,0.51
815.0,cctv3,C3_S011,G008,OCCUPIED,OCCUPIED,0.7995371268554168
815.0,cctv3,C3_S012,G009,OCCUPIED,OCCUPIED,0.823690676689148
816.0,cctv1,C1_S001,G001,OCCUPIED,OCCUPIED,0.7371462698687208
816.0,cctv1,C1_S002,G002,EMPTY,MANEUVERING,0.1648883928697217
816.0,cctv1,C1_S003,G003,OCCUPIED,OCCUPIED,0.8376881631937895
816.0,cctv1,C1_S004,G004,OCCUPIED,OCCUPIED,0.7784458810632879
816.0,cctv1,C1_S005,G005,OCCUPIED,OCCUPIED,0.6383849181641231
816.0,cctv1,C1_S006,G006,EMPTY,MANEUVERING,0.2691922154548493
816.0,cctv2,C2_S001,G007,OCCUPIED,OCCUPIED,0.7596350520171903
816.0,cctv2,C2_S002,G008,OCCUPIED,OCCUPIED,0.78061901493506
816.0,cctv2,C2_S003,G009,OCCUPIED,OCCUPIED,0.51
816.0,cctv2,C2_S004,G010,OCCUPIED,OCCUPIED,0.5738524272394452
816.0,cctv2,C2_S005,G001,EMPTY,EMPTY,0.01
816.0,cctv2,C2_S006,G003,OCCUPIED,OCCUPIED,0.8197188656438481
816.0,cctv2,C2_S007,G004,OCCUPIED,OCCUPIED,0.7986305849118667
816.0,cctv2,C2_S008,G006,OCCUPIED,OCCUPIED,0.7641666614196518
816.0,cctv2,C2_S009,G005,OCCUPIED,OCCUPIED,0.7937544118274342
816.0,cctv2,C2_S010,G002,OCCUPIED,LEAVING,0.5624264511195096
816.0,cctv2,C2_S011,G017,OCCUPIED,LEAVING,0.7608414115237468
816.0,cctv2,C2_S012,G018,OCCUPIED,LEAVING,0.7661732508377596
816.0,cctv2,C2_S013,G019,OCCUPIED,OCCUPIED,0.8362850972197273
816.0,cctv2,C2_S014,G020,EMPTY,EMPTY,0.01
816.0,cctv3,C3_S001,G021,OCCUPIED,OCCUPIED,0.7990781919522719
816.0,cctv3,C3_S002,G019,EMPTY,EMPTY,0.01
816.0,cctv3,C3_S003,G020,OCCUPIED,OCCUPIED,0.8284892534667796
816.0,cctv3,C3_S004,G024,OCCUPIED,OCCUPIED,0.8295168873938648
816.0,cctv3,C3_S005,G025,OCCUPIED,OCCUPIED,0.8294501345265997
816.0,cctv3,C3_S006,G026,OCCUPIED,OCCUPIED,0.8272706503217871
816.0,cctv3,C3_S007,G027,OCCUPIED,OCCUPIED,0.7683002295819197
816.0,cctv3,C3_S008,G028,EMPTY,MANEUVERING,0.1139369447644461
816.0,cctv3,C3_S009,G029,EMPTY,MANEUVERING,0.3393326354826038
816.0,cctv3,C3_S010,G007,OCCUPIED,OCCUPIED,0.51
816.0,cctv3,C3_S011,G008,OCCUPIED,OCCUPIED,0.8000238933346489
816.0,cctv3,C3_S012,G009,OCCUPIED,OCCUPIED,0.8240454516627572
817.0,cctv1,C1_S001,G001,OCCUPIED,OCCUPIED,0.7359145665710624
817.0,cctv1,C1_S002,G002,EMPTY,MANEUVERING,0.1648883928697217
817.0,cctv1,C1_S003,G003,OCCUPIED,OCCUPIED,0.8375527433373712
817.0,cctv1,C1_S004,G004,OCCUPIED,OCCUPIED,0.7786461778662422
817.0,cctv1,C1_S005,G005,OCCUPIED,OCCUPIED,0.6733600206781517
817.0,cctv1,C1_S006,G006,EMPTY,MANEUVERING,0.3134751639863984
817.0,cctv2,C2_S001,G007,OCCUPIED,OCCUPIED,0.7677379351447929
817.0,cctv2,C2_S002,G008,OCCUPIED,OCCUPIED,0.7792649029330775
817.0,cctv2,C2_S003,G009,OCCUPIED,OCCUPIED,0.51
817.0,cctv2,C2_S004,G010,OCCUPIED,OCCUPIED,0.569877293175933
817.0,cctv2,C2_S005,G001,EMPTY,EMPTY,0.01
817.0,cctv2,C2_S006,G003,OCCUPIED,OCCUPIED,0.8196575926108794
817.0,cctv2,C2_S007,G004,OCCUPIED,OCCUPIED,0.7981634375723926
817.0,cctv2,C2_S008,G006,OCCUPIED,OCCUPIED,0.7647685861045664
817.0,cctv2,C2_S009,G005,OCCUPIED,OCCUPIED,0.7948915400288322
817.0,cctv2,C2_S010,G002,OCCUPIED,LEAVING,0.5597608551963583
817.0,cctv2,C2_S011,G017,OCCUPIED,LEAVING,0.7605623740048121
817.0,cctv2,C2_S012,G018,OCCUPIED,LEAVING,0.7660452562299642
817.0,cctv2,C2_S013,G019,OCCUPIED,OCCUPIED,0.8362878436392005
817.0,cctv2,C2_S014,G020,EMPTY,EMPTY,0.01
817.0,cctv3,C3_S001,G021,OCCUPIED,OCCUPIED,0.7992539294741371
817.0,cctv3,C3_S002,G019,EMPTY,EMPTY,0.01
817.0,cctv3,C3_S003,G020,OCCUPIED,OCCUPIED,0.8284524470567703
817.0,cctv3,C3_S004,G024,OCCUPIED,OCCUPIED,0.8295439842072401
817.0,cctv3,C3_S005,G025,OCCUPIED,OCCUPIED,0.8293819397687913
817.0,cctv3,C3_S006,G026,OCCUPIED,OCCUPIED,0.8272010047327389
817.0,cctv3,C3_S007,G027,OCCUPIED,OCCUPIED,0.7695014207200571
817.0,cctv3,C3_S008,G028,EMPTY,MANEUVERING,0.1139369447644461
817.0,cctv3,C3_S009,G029,EMPTY,MANEUVERING,0.3838205374086445
817.0,cctv3,C3_S010,G007,OCCUPIED,OCCUPIED,0.51
817.0,cctv3,C3_S011,G008,OCCUPIED,OCCUPIED,0.8004814343018966
817.0,cctv3,C3_S012,G009,OCCUPIED,OCCUPIED,0.8241763442754746
818.0,cctv1,C1_S001,G001,OCCUPIED,OCCUPIED,0.7349196110936729
818.0,cctv1,C1_S002,G002,EMPTY,MANEUVERING,0.1648883928697217
818.0,cctv1,C1_S003,G003,OCCUPIED,OCCUPIED,0.8375522662292828
818.0,cctv1,C1_S004,G004,OCCUPIED,OCCUPIED,0.7782604583285072
818.0,cctv1,C1_S005,G005,OCCUPIED,OCCUPIED,0.6750121954083443
818.0,cctv1,C1_S006,G006,EMPTY,MANEUVERING,0.309111527622762
818.0,cctv2,C2_S001,G007,OCCUPIED,OCCUPIED,0.7688757371496071
818.0,cctv2,C2_S002,G008,OCCUPIED,LEAVING,0.7808406560258433
818.0,cctv2,C2_S003,G009,OCCUPIED,OCCUPIED,0.51
818.0,cctv2,C2_S004,G010,OCCUPIED,OCCUPIED,0.5743843023021791
818.0,cctv2,C2_S005,G001,EMPTY,EMPTY,0.01
818.0,cctv2,C2_S006,G003,OCCUPIED,OCCUPIED,0.8196440954100003
818.0,cctv2,C2_S007,G004,OCCUPIED,OCCUPIED,0.7981577968055552
818.0,cctv2,C2_S008,G006,OCCUPIED,OCCUPIED,0.7653878557411108
818.0,cctv2,C2_S009,G005,OCCUPIED,OCCUPIED,0.795012530413541
818.0,cctv2,C2_S010,G002,OCCUPIED,LEAVING,0.6024059654196555
818.0,cctv2,C2_S011,G017,OCCUPIED,LEAVING,0.7594999069571495
818.0,cctv2,C2_S012,G018,OCCUPIED,LEAVING,0.7638492504304106
818.0,cctv2,C2_S013,G019,OCCUPIED,OCCUPIED,0.8366064656864514
818.0,cctv2,C2_S014,G020,EMPTY,EMPTY,0.01
818.0,cctv3,C3_S001,G021,OCCUPIED,OCCUPIED,0.7987193286418915
818.0,cctv3,C3_S002,G019,EMPTY,EMPTY,0.01
818.0,cctv3,C3_S003,G020,OCCUPIED,OCCUPIED,0.8279790371656418
818.0,cctv3,C3_S004,G024,OCCUPIED,OCCUPIED,0.8293928774920377
818.0,cctv3,C3_S005,G025,OCCUPIED,OCCUPIED,0.8292869993231514
818.0,cctv3,C3_S006,G026,OCCUPIED,OCCUPIED,0.8271984907713804
818.0,cctv3,C3_S007,G027,OCCUPIED,OCCUPIED,0.7698502777652307
818.0,cctv3,C3_S008,G028,EMPTY,MANEUVERING,0.1139369447644461
818.0,cctv3,C3_S009,G029,EMPTY,MANEUVERING,0.3838205374086445
818.0,cctv3,C3_S010,G007,OCCUPIED,OCCUPIED,0.51
818.0,cctv3,C3_S011,G008,OCCUPIED,OCCUPIED,0.8013663015582345
818.0,cctv3,C3_S012,G009,OCCUPIED,OCCUPIED,0.8243072572079573
819.0,cctv1,C1_S001,G001,OCCUPIED,OCCUPIED,0.733705853603103
819.0,cctv1,C1_S002,G002,EMPTY,MANEUVERING,0.1648883928697217
819.0,cctv1,C1_S003,G003,OCCUPIED,OCCUPIED,0.837530296499079
819.0,cctv1,C1_S004,G004,OCCUPIED,OCCUPIED,0.7797116386619481
819.0,cctv1,C1_S005,G005,OCCUPIED,OCCUPIED,0.6771200518310071
819.0,cctv1,C1_S006,G006,EMPTY,MANEUVERING,0.3507160292650489
819.0,cctv2,C2_S001,G007,OCCUPIED,OCCUPIED,0.7703981971876188
819.0,cctv2,C2_S002,G008,OCCUPIED,LEAVING,0.778884685987776
819.0,cctv2,C2_S003,G009,OCCUPIED,OCCUPIED,0.51
819.0,cctv2,C2_S004,G010,OCCUPIED,OCCUPIED,0.6163198720765385
819.0,cctv2,C2_S005,G001,EMPTY,EMPTY,0.01
819.0,cctv2,C2_S006,G003,OCCUPIED,OCCUPIED,0.8197280753742565
819.0,cctv2,C2_S007,G004,OCCUPIED,OCCUPIED,0.7977210047570142
819.0,cctv2,C2_S008,G006,OCCUPIED,OCCUPIED,0.7663284458897331
819.0,cctv2,C2_S009,G005,OCCUPIED,OCCUPIED,0.7917215859348125
819.0,cctv2,C2_S010,G002,OCCUPIED,LEAVING,0.6921064364277956
819.0,cctv2,C2_S011,G017,OCCUPIED,LEAVING,0.7570430299639702
819.0,cctv2,C2_S012,G018,OCCUPIED,LEAVING,0.7630604688416829
819.0,cctv2,C2_S013,G019,OCCUPIED,OCCUPIED,0.8366385579109192
819.0,cctv2,C2_S014,G020,EMPTY,EMPTY,0.01
819.0,cctv3,C3_S001,G021,OCCUPIED,OCCUPIED,0.7993398446928371
819.0,cctv3,C3_S002,G019,EMPTY,EMPTY,0.01
819.0,cctv3,C3_S003,G020,OCCUPIED,OCCUPIED,0.8282566620544954
819.0,cctv3,C3_S004,G024,OCCUPIED,OCCUPIED,0.8294458600607786
819.0,cctv3,C3_S005,G025,OCCUPIED,OCCUPIED,0.8291876754977487
819.0,cctv3,C3_S006,G026,OCCUPIED,OCCUPIED,0.8272997222163461
819.0,cctv3,C3_S007,G027,OCCUPIED,OCCUPIED,0.7712037135254254
819.0,cctv3,C3_S008,G028,EMPTY,MANEUVERING,0.0689369447644461
819.0,cctv3,C3_S009,G029,EMPTY,MANEUVERING,0.3388205374086445
819.0,cctv3,C3_S010,G007,OCCUPIED,OCCUPIED,0.51
819.0,cctv3,C3_S011,G008,OCCUPIED,OCCUPIED,0.8024971802126278
819.0,cctv3,C3_S012,G009,OCCUPIED,OCCUPIED,0.8243610761382364
820.0,cctv1,C1_S001,G001,OCCUPIED,OCCUPIED,0.7318461878733202
820.0,cctv1,C1_S002,G002,EMPTY,MANEUVERING,0.1648883928697217
820.0,cctv1,C1_S003,G003,OCCUPIED,OCCUPIED,0.8374297266656703
820.0,cctv1,C1_S004,G004,OCCUPIED,OCCUPIED,0.7815770829265769
820.0,cctv1,C1_S005,G005,OCCUPIED,OCCUPIED,0.6660333848270503
820.0,cctv1,C1_S006,G006,EMPTY,MANEUVERING,0.3996667231958021
820.0,cctv2,C2_S001,G007,OCCUPIED,OCCUPIED,0.7717507953670892
820.0,cctv2,C2_S002,G008,OCCUPIED,LEAVING,0.7791531052101743
820.0,cctv2,C2_S003,G009,OCCUPIED,OCCUPIED,0.51
820.0,cctv2,C2_S004,G010,OCCUPIED,OCCUPIED,0.6559780399230394
820.0,cctv2,C2_S005,G001,EMPTY,EMPTY,0.01
820.0,cctv2,C2_S006,G003,OCCUPIED,OCCUPIED,0.8200861031358893
820.0,cctv2,C2_S007,G004,OCCUPIED,OCCUPIED,0.7975481981580909
820.0,cctv2,C2_S008,G006,OCCUPIED,OCCUPIED,0.7664788983084939
820.0,cctv2,C2_S009,G005,OCCUPIED,OCCUPIED,0.7909991174936295
820.0,cctv2,C2_S010,G002,OCCUPIED,LEAVING,0.6911297179623084
820.0,cctv2,C2_S011,G017,OCCUPIED,LEAVING,0.7562779619477012
820.0,cctv2,C2_S012,G018,OCCUPIED,LEAVING,0.7643689028241418
820.0,cctv2,C2_S013,G019,OCCUPIED,OCCUPIED,0.8363478381525387
820.0,cctv2,C2_S014,G020,EMPTY,EMPTY,0.01
820.0,cctv3,C3_S001,G021,OCCUPIED,OCCUPIED,0.7992660790681839
820.0,cctv3,C3_S002,G019,EMPTY,EMPTY,0.01
820.0,cctv3,C3_S003,G020,OCCUPIED,OCCUPIED,0.8277578150684184
820.0,cctv3,C3_S004,G024,OCCUPIED,OCCUPIED,0.8295610129833222
820.0,cctv3,C3_S005,G025,OCCUPIED,OCCUPIED,0.8291379270228474
820.0,cctv3,C3_S006,G026,OCCUPIED,OCCUPIED,0.8273078200491992
820.0,cctv3,C3_S007,G027,OCCUPIED,OCCUPIED,0.7715766043825584
820.0,cctv3,C3_S008,G028,EMPTY,MANEUVERING,0.0689369447644461
820.0,cctv3,C3_S009,G029,EMPTY,MANEUVERING,0.3845330957377499
820.0,cctv3,C3_S010,G007,OCCUPIED,OCCUPIED,0.51
820.0,cctv3,C3_S011,G008,OCCUPIED,OCCUPIED,0.8042783823880283
820.0,cctv3,C3_S012,G009,OCCUPIED,OCCUPIED,0.8246294116432017
821.0,cctv1,C1_S001,G001,OCCUPIED,OCCUPIED,0.7315669934857976
821.0,cctv1,C1_S002,G002,EMPTY,EMPTY,0.01
821.0,cctv1,C1_S003,G003,OCCUPIED,OCCUPIED,0.8375728737224233
821.0,cctv1,C1_S004,G004,OCCUPIED,OCCUPIED,0.7831245387142356
821.0,cctv1,C1_S005,G005,OCCUPIED,OCCUPIED,0.6669995326074687
821.0,cctv1,C1_S006,G006,EMPTY,MANEUVERING,0.3546667231958021
821.0,cctv2,C2_S001,G007,OCCUPIED,OCCUPIED,0.768828964301131
821.0,cctv2,C2_S002,G008,OCCUPIED,LEAVING,0.7790765192021024
821.0,cctv2,C2_S003,G009,OCCUPIED,OCCUPIED,0.51
821.0,cctv2,C2_S004,G010,OCCUPIED,OCCUPIED,0.6549104648557577
821.0,cctv2,C2_S005,G001,EMPTY,EMPTY,0.01
821.0,cctv2,C2_S006,G003,OCCUPIED,OCCUPIED,0.8211561866781929
821.0,cctv2,C2_S007,G004,OCCUPIED,OCCUPIED,0.7965288018638438
821.0,cctv2,C2_S008,G006,OCCUPIED,OCCUPIED,0.7671617558056658
821.0,cctv2,C2_S009,G005,OCCUPIED,OCCUPIED,0.7917886265299537
821.0,cctv2,C2_S010,G002,OCCUPIED,LEAVING,0.5994558171352202
821.0,cctv2,C2_S011,G017,OCCUPIED,LEAVING,0.7467587783390827
821.0,cctv2,C2_S012,G018,OCCUPIED,LEAVING,0.7643989390947603
821.0,cctv2,C2_S013,G019,OCCUPIED,OCCUPIED,0.835721014846455
821.0,cctv2,C2_S014,G020,EMPTY,EMPTY,0.01
821.0,cctv3,C3_S001,G021,OCCUPIED,OCCUPIED,0.7982976398684762
821.0,cctv3,C3_S002,G019,EMPTY,EMPTY,0.01
821.0,cctv3,C3_S003,G020,OCCUPIED,OCCUPIED,0.826479642499577
821.0,cctv3,C3_S004,G024,OCCUPIED,OCCUPIED,0.829488232460889
821.0,cctv3,C3_S005,G025,OCCUPIED,OCCUPIED,0.8292039808901874
821.0,cctv3,C3_S006,G026,OCCUPIED,OCCUPIED,0.8272920478474011
821.0,cctv3,C3_S007,G027,OCCUPIED,OCCUPIED,0.7720157957889817
821.0,cctv3,C3_S008,G028,EMPTY,MANEUVERING,0.0689369447644461
821.0,cctv3,C3_S009,G029,EMPTY,MANEUVERING,0.3395330957377498
821.0,cctv3,C3_S010,G007,OCCUPIED,OCCUPIED,0.51
821.0,cctv3,C3_S011,G008,OCCUPIED,OCCUPIED,0.8043685948306865
821.0,cctv3,C3_S012,G009,OCCUPIED,OCCUPIED,0.8245533206246116
822.0,cctv1,C1_S001,G001,OCCUPIED,OCCUPIED,0.7323553684760225
822.0,cctv1,C1_S002,G002,EMPTY,EMPTY,0.01
822.0,cctv1,C1_S003,G003,OCCUPIED,OCCUPIED,0.83752175163139
822.0,cctv1,C1_S004,G004,OCCUPIED,OCCUPIED,0.7855063545432959
822.0,cctv1,C1_S005,G005,OCCUPIED,OCCUPIED,0.6677618459138004
822.0,cctv1,C1_S006,G006,EMPTY,MANEUVERING,0.4398330246216871
822.0,cctv2,C2_S001,G007,OCCUPIED,OCCUPIED,0.7696758067743346
822.0,cctv2,C2_S002,G008,OCCUPIED,LEAVING,0.779295912520452
822.0,cctv2,C2_S003,G009,OCCUPIED,OCCUPIED,0.51
822.0,cctv2,C2_S004,G010,OCCUPIED,OCCUPIED,0.661482577110556
822.0,cctv2,C2_S005,G001,EMPTY,EMPTY,0.01
822.0,cctv2,C2_S006,G003,OCCUPIED,OCCUPIED,0.8226631289178675
822.0,cctv2,C2_S007,G004,OCCUPIED,OCCUPIED,0.7968474978750403
822.0,cctv2,C2_S008,G006,OCCUPIED,OCCUPIED,0.7665583238005639
822.0,cctv2,C2_S009,G005,OCCUPIED,OCCUPIED,0.7919501117684625
822.0,cctv2,C2_S010,G002,OCCUPIED,LEAVING,0.51
822.0,cctv2,C2_S011,G017,OCCUPIED,LEAVING,0.7369369045983662
822.0,cctv2,C2_S012,G018,OCCUPIED,LEAVING,0.765058789334514
822.0,cctv2,C2_S013,G019,OCCUPIED,OCCUPIED,0.8364958619529551
822.0,cctv2,C2_S014,G020,EMPTY,EMPTY,0.01
822.0,cctv3,C3_S001,G021,OCCUPIED,OCCUPIED,0.7980864346027375
822.0,cctv3,C3_S002,G019,EMPTY,EMPTY,0.01
822.0,cctv3,C3_S003,G020,OCCUPIED,OCCUPIED,0.8258822576566176
822.0,cctv3,C3_S004,G024,OCCUPIED,OCCUPIED,0.8293102053078739
822.0,cctv3,C3_S005,G025,OCCUPIED,OCCUPIED,0.8293062421408567
822.0,cctv3,C3_S006,G026,OCCUPIED,OCCUPIED,0.8272776265035977
822.0,cctv3,C3_S007,G027,OCCUPIED,OCCUPIED,0.7720883186567914
822.0,cctv3,C3_S008,G028,EMPTY,MANEUVERING,0.0689369447644461
822.0,cctv3,C3_S009,G029,EMPTY,MANEUVERING,0.2980897147482769
822.0,cctv3,C3_S010,G007,OCCUPIED,OCCUPIED,0.537493446693792
822.0,cctv3,C3_S011,G008,OCCUPIED,OCCUPIED,0.8045788458802484
822.0,cctv3,C3_S012,G009,OCCUPIED,OCCUPIED,0.8247494673187084
823.0,cctv1,C1_S001,G001,OCCUPIED,OCCUPIED,0.7316175348379396
823.0,cctv1,C1_S002,G002,EMPTY,EMPTY,0.01
823.0,cctv1,C1_S003,G003,OCCUPIED,OCCUPIED,0.8375887800346722
823.0,cctv1,C1_S004,G004,OCCUPIED,OCCUPIED,0.7868359206752344
823.0,cctv1,C1_S005,G005,OCCUPIED,OCCUPIED,0.6680535075339404
823.0,cctv1,C1_S006,G006,EMPTY,MANEUVERING,0.3948330246216872
823.0,cctv2,C2_S001,G007,OCCUPIED,OCCUPIED,0.7675451962785288
823.0,cctv2,C2_S002,G008,OCCUPIED,LEAVING,0.778242932937362
823.0,cctv2,C2_S003,G009,OCCUPIED,OCCUPIED,0.51
823.0,cctv2,C2_S004,G010,OCCUPIED,OCCUPIED,0.6963428926287276
823.0,cctv2,C2_S005,G001,EMPTY,EMPTY,0.01
823.0,cctv2,C2_S006,G003,OCCUPIED,OCCUPIED,0.8225423734296453
823.0,cctv2,C2_S007,G004,OCCUPIED,OCCUPIED,0.7963602900505067
823.0,cctv2,C2_S008,G006,OCCUPIED,OCCUPIED,0.7666573115370491
823.0,cctv2,C2_S009,G005,OCCUPIED,OCCUPIED,0.7903163307092407
823.0,cctv2,C2_S010,G002,OCCUPIED,LEAVING,0.51
823.0,cctv2,C2_S011,G017,OCCUPIED,LEAVING,0.7322191667556763
823.0,cctv2,C2_S012,G018,OCCUPIED,LEAVING,0.7645123022523794
823.0,cctv2,C2_S013,G019,OCCUPIED,OCCUPIED,0.8365312118421901
823.0,cctv2,C2_S014,G020,EMPTY,EMPTY,0.01
823.0,cctv3,C3_S001,G021,OCCUPIED,OCCUPIED,0.7980082189494914
823.0,cctv3,C3_S002,G019,EMPTY,EMPTY,0.01
823.0,cctv3,C3_S003,G020,OCCUPIED,OCCUPIED,0.8250945741480048
823.0,cctv3,C3_S004,G024,OCCUPIED,OCCUPIED,0.8292952645908703
823.0,cctv3,C3_S005,G025,OCCUPIED,OCCUPIED,0.8293765485286713
823.0,cctv3,C3_S006,G026,OCCUPIED,OCCUPIED,0.8272754376584834
823.0,cctv3,C3_S007,G027,OCCUPIED,OCCUPIED,0.7720915751023727
823.0,cctv3,C3_S008,G028,EMPTY,MANEUVERING,0.0689369447644461
823.0,cctv3,C3_S009,G029,EMPTY,MANEUVERING,0.2630798765393821
823.0,cctv3,C3_S010,G007,OCCUPIED,OCCUPIED,0.5754323541189169
823.0,cctv3,C3_S011,G008,OCCUPIED,OCCUPIED,0.8046761978756298
823.0,cctv3,C3_S012,G009,OCCUPIED,OCCUPIED,0.8249764122746208
824.0,cctv1,C1_S001,G001,OCCUPIED,OCCUPIED,0.7319454190405933
824.0,cctv1,C1_S002,G002,EMPTY,EMPTY,0.01
824.0,cctv1,C1_S003,G003,OCCUPIED,OCCUPIED,0.837731992114674
824.0,cctv1,C1_S004,G004,OCCUPIED,OCCUPIED,0.7896416409449144
824.0,cctv1,C1_S005,G005,OCCUPIED,OCCUPIED,0.7176485791531477
824.0,cctv1,C1_S006,G006,EMPTY,MANEUVERING,0.307009670720859
824.0,cctv2,C2_S001,G007,OCCUPIED,OCCUPIED,0.7636724103580822
824.0,cctv2,C2_S002,G008,OCCUPIED,LEAVING,0.777477092770013
824.0,cctv2,C2_S003,G009,OCCUPIED,OCCUPIED,0.51
824.0,cctv2,C2_S004,G010,OCCUPIED,OCCUPIED,0.6985777980901978
824.0,cctv2,C2_S005,G001,EMPTY,EMPTY,0.01
824.0,cctv2,C2_S006,G003,OCCUPIED,OCCUPIED,0.8225637522610751
824.0,cctv2,C2_S007,G004,OCCUPIED,OCCUPIED,0.7968431665138765
824.0,cctv2,C2_S008,G006,OCCUPIED,OCCUPIED,0.7657772381197323
824.0,cctv2,C2_S009,G005,OCCUPIED,OCCUPIED,0.789950599318201
824.0,cctv2,C2_S010,G002,OCCUPIED,OCCUPIED,0.51
824.0,cctv2,C2_S011,G017,OCCUPIED,LEAVING,0.7223831480199641
824.0,cctv2,C2_S012,G018,OCCUPIED,LEAVING,0.7619594785300169
824.0,cctv2,C2_S013,G019,OCCUPIED,OCCUPIED,0.8364720488136466
824.0,cctv2,C2_S014,G020,EMPTY,EMPTY,0.01
824.0,cctv3,C3_S001,G021,OCCUPIED,OCCUPIED,0.7967455706813119
824.0,cctv3,C3_S002,G019,EMPTY,EMPTY,0.01
824.0,cctv3,C3_S003,G020,OCCUPIED,OCCUPIED,0.8248904913663865
824.0,cctv3,C3_S004,G024,OCCUPIED,OCCUPIED,0.8291096313433215
824.0,cctv3,C3_S005,G025,OCCUPIED,OCCUPIED,0.829461711103266
824.0,cctv3,C3_S006,G026,OCCUPIED,OCCUPIED,0.827360393784263
824.0,cctv3,C3_S007,G027,OCCUPIED,OCCUPIED,0.7716076728972523
824.0,cctv3,C3_S008,G028,EMPTY,MANEUVERING,0.0689369447644461
824.0,cctv3,C3_S009,G029,EMPTY,MANEUVERING,0.2999778298004107
824.0,cctv3,C3_S010,G007,OCCUPIED,OCCUPIED,0.5754323541189169
824.0,cctv3,C3_S011,G008,OCCUPIED,OCCUPIED,0.8050764899362218
824.0,cctv3,C3_S012,G009,OCCUPIED,OCCUPIED,0.8247098974206232
825.0,cctv1,C1_S001,G001,OCCUPIED,OCCUPIED,0.7320088965648955
825.0,cctv1,C1_S002,G002,EMPTY,EMPTY,0.01
825.0,cctv1,C1_S003,G003,OCCUPIED,OCCUPIED,0.83773503520272
825.0,cctv1,C1_S004,G004,OCCUPIED,OCCUPIED,0.7888505778529428
825.0,cctv1,C1_S005,G005,OCCUPIED,OCCUPIED,0.717701700709083
825.0,cctv1,C1_S006,G006,EMPTY,MANEUVERING,0.307009670720859
825.0,cctv2,C2_S001,G007,OCCUPIED,OCCUPIED,0.7610989598388023
825.0,cctv2,C2_S002,G008,OCCUPIED,LEAVING,0.7769054286859253
825.0,cctv2,C2_S003,G009,OCCUPIED,OCCUPIED,0.51
825.0,cctv2,C2_S004,G010,OCCUPIED,OCCUPIED,0.6987283077655417
825.0,cctv2,C2_S005,G001,EMPTY,EMPTY,0.01
825.0,cctv2,C2_S006,G003,OCCUPIED,OCCUPIED,0.8223852447488091
825.0,cctv2,C2_S007,G004,OCCUPIED,OCCUPIED,0.7966836311600426
825.0,cctv2,C2_S008,G006,OCCUPIED,OCCUPIED,0.7667701821435582
825.0,cctv2,C2_S009,G005,OCCUPIED,OCCUPIED,0.7917756856842475
825.0,cctv2,C2_S010,G002,OCCUPIED,OCCUPIED,0.51
825.0,cctv2,C2_S011,G017,OCCUPIED,OCCUPIED,0.7240432143211365
825.0,cctv2,C2_S012,G018,OCCUPIED,OCCUPIED,0.7071042861450803
825.0,cctv2,C2_S013,G019,OCCUPIED,OCCUPIED,0.8369753279469231
825.0,cctv2,C2_S014,G020,EMPTY,EMPTY,0.01
825.0,cctv3,C3_S001,G021,OCCUPIED,OCCUPIED,0.7960654486309399
825.0,cctv3,C3_S002,G019,EMPTY,EMPTY,0.01
825.0,cctv3,C3_S003,G020,OCCUPIED,OCCUPIED,0.8250606336376884
825.0,cctv3,C3_S004,G024,OCCUPIED,OCCUPIED,0.8289871372959832
825.0,cctv3,C3_S005,G025,OCCUPIED,OCCUPIED,0.8295080734924838
825.0,cctv3,C3_S006,G026,OCCUPIED,OCCUPIED,0.8274377064271408
825.0,cctv3,C3_S007,G027,OCCUPIED,OCCUPIED,0.7711319733749737
825.0,cctv3,C3_S008,G028,EMPTY,MANEUVERING,0.0689369447644461
825.0,cctv3,C3_S009,G029,EMPTY,MANEUVERING,0.2999778298004107
825.0,cctv3,C3_S010,G007,OCCUPIED,OCCUPIED,0.5752166176616371
825.0,cctv3,C3_S011,G008,OCCUPIED,OCCUPIED,0.806074048172344
825.0,cctv3,C3_S012,G009,OCCUPIED,OCCUPIED,0.8248289858753032
826.0,cctv1,C1_S001,G001,OCCUPIED,OCCUPIED,0.7317777612669902
826.0,cctv1,C1_S002,G002,EMPTY,EMPTY,0.01
826.0,cctv1,C1_S003,G003,OCCUPIED,OCCUPIED,0.837768120657314
826.0,cctv1,C1_S004,G004,OCCUPIED,OCCUPIED,0.788995310664177
826.0,cctv1,C1_S005,G005,OCCUPIED,OCCUPIED,0.7178837068785322
826.0,cctv1,C1_S006,G006,EMPTY,MANEUVERING,0.262009670720859
826.0,cctv2,C2_S001,G007,OCCUPIED,OCCUPIED,0.7610585982826623
826.0,cctv2,C2_S002,G008,OCCUPIED,LEAVING,0.7775720128958876
826.0,cctv2,C2_S003,G009,OCCUPIED,OCCUPIED,0.51
826.0,cctv2,C2_S004,G010,OCCUPIED,OCCUPIED,0.7354650256444107
826.0,cctv2,C2_S005,G001,EMPTY,EMPTY,0.01
826.0,cctv2,C2_S006,G003,OCCUPIED,OCCUPIED,0.8222995725545017
826.0,cctv2,C2_S007,G004,OCCUPIED,OCCUPIED,0.7966634503819726
826.0,cctv2,C2_S008,G006,OCCUPIED,OCCUPIED,0.7669028612700376
826.0,cctv2,C2_S009,G005,OCCUPIED,OCCUPIED,0.7920422541824255
826.0,cctv2,C2_S010,G002,OCCUPIED,LEAVING,0.51
826.0,cctv2,C2_S011,G017,OCCUPIED,LEAVING,0.7223578385331414
826.0,cctv2,C2_S012,G018,OCCUPIED,LEAVING,0.7613362762061033
826.0,cctv2,C2_S013,G019,OCCUPIED,OCCUPIED,0.8369244212454017
826.0,cctv2,C2_S014,G020,EMPTY,EMPTY,0.01
826.0,cctv3,C3_S001,G021,OCCUPIED,OCCUPIED,0.794953860748898
826.0,cctv3,C3_S002,G019,EMPTY,EMPTY,0.01
826.0,cctv3,C3_S003,G020,OCCUPIED,OCCUPIED,0.8249063489111987
826.0,cctv3,C3_S004,G024,OCCUPIED,OCCUPIED,0.8287777177312158
826.0,cctv3,C3_S005,G025,OCCUPIED,OCCUPIED,0.8296999115835537
826.0,cctv3,C3_S006,G026,OCCUPIED,OCCUPIED,0.8274516002698379
826.0,cctv3,C3_S007,G027,OCCUPIED,OCCUPIED,0.7712083309888841
826.0,cctv3,C3_S008,G028,EMPTY,EMPTY,0.01
826.0,cctv3,C3_S009,G029,EMPTY,MANEUVERING,0.2615239390107718
826.0,cctv3,C3_S010,G007,OCCUPIED,OCCUPIED,0.6265448881414803
826.0,cctv3,C3_S011,G008,OCCUPIED,OCCUPIED,0.8064028869975698
826.0,cctv3,C3_S012,G009,OCCUPIED,OCCUPIED,0.8246931230480021
827.0,cctv1,C1_S001,G001,OCCUPIED,OCCUPIED,0.7325191685421901
827.0,cctv1,C1_S002,G002,EMPTY,EMPTY,0.01
827.0,cctv1,C1_S003,G003,OCCUPIED,OCCUPIED,0.8378282655369153
827.0,cctv1,C1_S004,G004,OCCUPIED,OCCUPIED,0.7893593205647036
827.0,cctv1,C1_S005,G005,OCCUPIED,OCCUPIED,0.731234813766046
827.0,cctv1,C1_S006,G006,EMPTY,MANEUVERING,0.2158083838021213
827.0,cctv2,C2_S001,G007,OCCUPIED,OCCUPIED,0.7600818031890826
827.0,cctv2,C2_S002,G008,OCCUPIED,LEAVING,0.777791187573563
827.0,cctv2,C2_S003,G009,OCCUPIED,OCCUPIED,0.5563398903405125
827.0,cctv2,C2_S004,G010,OCCUPIED,OCCUPIED,0.7729330909523098
827.0,cctv2,C2_S005,G001,EMPTY,EMPTY,0.01
827.0,cctv2,C2_S006,G003,OCCUPIED,OCCUPIED,0.822403152964332
827.0,cctv2,C2_S007,G004,OCCUPIED,OCCUPIED,0.796983597224409
827.0,cctv2,C2_S008,G006,OCCUPIED,OCCUPIED,0.7675667084076189
827.0,cctv2,C2_S009,G005,OCCUPIED,OCCUPIED,0.7919730930165811
827.0,cctv2,C2_S010,G002,OCCUPIED,LEAVING,0.51
827.0,cctv2,C2_S011,G017,OCCUPIED,LEAVING,0.7201222339814359
827.0,cctv2,C2_S012,G018,OCCUPIED,OCCUPIED,0.6965076075629756
827.0,cctv2,C2_S013,G019,OCCUPIED,OCCUPIED,0.8369267019358548
827.0,cctv2,C2_S014,G020,EMPTY,EMPTY,0.01
827.0,cctv3,C3_S001,G021,OCCUPIED,OCCUPIED,0.7947431358424101
827.0,cctv3,C3_S002,G019,EMPTY,EMPTY,0.01
827.0,cctv3,C3_S003,G020,OCCUPIED,OCCUPIED,0.8253184524449436
827.0,cctv3,C3_S004,G024,OCCUPIED,OCCUPIED,0.8287833690643311
827.0,cctv3,C3_S005,G025,OCCUPIED,OCCUPIED,0.8296560948545283
827.0,cctv3,C3_S006,G026,OCCUPIED,OCCUPIED,0.8274370748888363
827.0,cctv3,C3_S007,G027,OCCUPIED,OCCUPIED,0.771070977097208
827.0,cctv3,C3_S008,G028,EMPTY,EMPTY,0.01
827.0,cctv3,C3_S009,G029,EMPTY,MANEUVERING,0.3429004955193536
827.0,cctv3,C3_S010,G007,OCCUPIED,OCCUPIED,0.5442328574750331
827.0,cctv3,C3_S011,G008,OCCUPIED,OCCUPIED,0.8066061919385737
827.0,cctv3,C3_S012,G009,OCCUPIED,OCCUPIED,0.8238799561153759
828.0,cctv1,C1_S001,G001,OCCUPIED,OCCUPIED,0.7337857795709914
828.0,cctv1,C1_S002,G002,EMPTY,EMPTY,0.01
828.0,cctv1,C1_S003,G003,OCCUPIED,OCCUPIED,0.8378461997617376
828.0,cctv1,C1_S004,G004,OCCUPIED,OCCUPIED,0.7889564812183381
828.0,cctv1,C1_S005,G005,OCCUPIED,OCCUPIED,0.7436203046820381
828.0,cctv1,C1_S006,G006,EMPTY,MANEUVERING,0.1711516600576313
828.0,cctv2,C2_S001,G007,OCCUPIED,OCCUPIED,0.6724510879475962
828.0,cctv2,C2_S002,G008,OCCUPIED,LEAVING,0.7771614215590738
828.0,cctv2,C2_S003,G009,OCCUPIED,OCCUPIED,0.5113398903405124
828.0,cctv2,C2_S004,G010,OCCUPIED,OCCUPIED,0.6952918956835161
828.0,cctv2,C2_S005,G001,EMPTY,EMPTY,0.01
828.0,cctv2,C2_S006,G003,OCCUPIED,OCCUPIED,0.8225375511429527
828.0,cctv2,C2_S007,G004,OCCUPIED,OCCUPIED,0.7970214968377894
828.0,cctv2,C2_S008,G006,OCCUPIED,OCCUPIED,0.7665899889035659
828.0,cctv2,C2_S009,G005,OCCUPIED,OCCUPIED,0.7912955150008202
828.0,cctv2,C2_S010,G002,OCCUPIED,LEAVING,0.51
828.0,cctv2,C2_S011,G017,OCCUPIED,LEAVING,0.7180354436690157
828.0,cctv2,C2_S012,G018,OCCUPIED,OCCUPIED,0.6952059067379346
828.0,cctv2,C2_S013,G019,OCCUPIED,OCCUPIED,0.8368436778133567
828.0,cctv2,C2_S014,G020,EMPTY,EMPTY,0.01
828.0,cctv3,C3_S001,G021,OCCUPIED,OCCUPIED,0.7943449294025249
828.0,cctv3,C3_S002,G019,EMPTY,EMPTY,0.01
828.0,cctv3,C3_S003,G020,OCCUPIED,OCCUPIED,0.8252870372750543
828.0,cctv3,C3_S004,G024,OCCUPIED,OCCUPIED,0.8284102404659446
828.0,cctv3,C3_S005,G025,OCCUPIED,OCCUPIED,0.8297635319558058
828.0,cctv3,C3_S006,G026,OCCUPIED,OCCUPIED,0.8274884099310096
828.0,cctv3,C3_S007,G027,OCCUPIED,OCCUPIED,0.7695117663253438
828.0,cctv3,C3_S008,G028,EMPTY,EMPTY,0.01
828.0,cctv3,C3_S009,G029,EMPTY,MANEUVERING,0.2868246028843251
828.0,cctv3,C3_S010,G007,OCCUPIED,OCCUPIED,0.6261146137592467
828.0,cctv3,C3_S011,G008,OCCUPIED,OCCUPIED,0.8061716545711864
828.0,cctv3,C3_S012,G009,OCCUPIED,OCCUPIED,0.8238019591028041
829.0,cctv1,C1_S001,G001,OCCUPIED,OCCUPIED,0.7343231609599158
829.0,cctv1,C1_S002,G002,EMPTY,EMPTY,0.01
829.0,cctv1,C1_S003,G003,OCCUPIED,OCCUPIED,0.8379471036520871
829.0,cctv1,C1_S004,G004,OCCUPIED,OCCUPIED,0.7894828501072797
829.0,cctv1,C1_S005,G005,OCCUPIED,OCCUPIED,0.7493539442257449
829.0,cctv1,C1_S006,G006,EMPTY,MANEUVERING,0.1711516600576313
829.0,cctv2,C2_S001,G007,OCCUPIED,OCCUPIED,0.6695672076601874
829.0,cctv2,C2_S002,G008,OCCUPIED,LEAVING,0.7781447876583447
829.0,cctv2,C2_S003,G009,OCCUPIED,OCCUPIED,0.5114433159475976
829.0,cctv2,C2_S004,G010,OCCUPIED,OCCUPIED,0.6937905908782374
829.0,cctv2,C2_S005,G001,EMPTY,EMPTY,0.01
829.0,cctv2,C2_S006,G003,OCCUPIED,OCCUPIED,0.8227312871000985
829.0,cctv2,C2_S007,G004,OCCUPIED,OCCUPIED,0.7968518625606191
829.0,cctv2,C2_S008,G006,OCCUPIED,OCCUPIED,0.7661735084923832
829.0,cctv2,C2_S009,G005,OCCUPIED,OCCUPIED,0.7905463593927298
829.0,cctv2,C2_S010,G002,OCCUPIED,LEAVING,0.5543616737831722
829.0,cctv2,C2_S011,G017,OCCUPIED,LEAVING,0.7193843111395837
829.0,cctv2,C2_S012,G018,OCCUPIED,OCCUPIED,0.6976062220876869
829.0,cctv2,C2_S013,G019,OCCUPIED,OCCUPIED,0.8367996261878448
829.0,cctv2,C2_S014,G020,EMPTY,EMPTY,0.01
829.0,cctv3,C3_S001,G021,OCCUPIED,OCCUPIED,0.7943263043056835
829.0,cctv3,C3_S002,G019,EMPTY,EMPTY,0.01
829.0,cctv3,C3_S003,G020,OCCUPIED,OCCUPIED,0.8254611012610523
829.0,cctv3,C3_S004,G024,OCCUPIED,OCCUPIED,0.8282296497713436
829.0,cctv3,C3_S005,G025,OCCUPIED,OCCUPIED,0.8298126562075182
829.0,cctv3,C3_S006,G026,OCCUPIED,OCCUPIED,0.8273221316662702
829.0,cctv3,C3_S007,G027,OCCUPIED,OCCUPIED,0.7694224040616643
829.0,cctv3,C3_S008,G028,EMPTY,EMPTY,0.01
829.0,cctv3,C3_S009,G029,EMPTY,MANEUVERING,0.2868246028843251
829.0,cctv3,C3_S010,G007,OCCUPIED,OCCUPIED,0.6251365909454497
829.0,cctv3,C3_S011,G008,OCCUPIED,OCCUPIED,0.805974487012083
829.0,cctv3,C3_S012,G009,OCCUPIED,OCCUPIED,0.8234986329620535
830.0,cctv1,C1_S001,G001,OCCUPIED,OCCUPIED,0.7370223800567064
830.0,cctv1,C1_S002,G002,EMPTY,EMPTY,0.01
830.0,cctv1,C1_S003,G003,OCCUPIED,OCCUPIED,0.8379916713996367
830.0,cctv1,C1_S004,G004,OCCUPIED,OCCUPIED,0.7892700273882259
830.0,cctv1,C1_S005,G005,OCCUPIED,OCCUPIED,0.7604499013857409
830.0,cctv1,C1_S006,G006,EMPTY,MANEUVERING,0.1267033789713274
830.0,cctv2,C2_S001,G007,OCCUPIED,OCCUPIED,0.6704289008338343
830.0,cctv2,C2_S002,G008,OCCUPIED,LEAVING,0.7797999016263268
830.0,cctv2,C2_S003,G009,OCCUPIED,OCCUPIED,0.5489577603688488
830.0,cctv2,C2_S004,G010,OCCUPIED,OCCUPIED,0.7001225637305867
830.0,cctv2,C2_S005,G001,EMPTY,EMPTY,0.01
830.0,cctv2,C2_S006,G003,OCCUPIED,OCCUPIED,0.8226211881095713
830.0,cctv2,C2_S007,G004,OCCUPIED,OCCUPIED,0.7971198006109759
830.0,cctv2,C2_S008,G006,OCCUPIED,OCCUPIED,0.766079263795506
830.0,cctv2,C2_S009,G005,OCCUPIED,OCCUPIED,0.7939032537016002
830.0,cctv2,C2_S010,G002,OCCUPIED,LEAVING,0.5573370244015347
830.0,cctv2,C2_S011,G017,OCCUPIED,LEAVING,0.720652598142624
830.0,cctv2,C2_S012,G018,OCCUPIED,OCCUPIED,0.6989414688132027
830.0,cctv2,C2_S013,G019,OCCUPIED,OCCUPIED,0.8366512634537437
830.0,cctv2,C2_S014,G020,EMPTY,EMPTY,0.01
830.0,cctv3,C3_S001,G021,OCCUPIED,OCCUPIED,0.7937148598107425
830.0,cctv3,C3_S002,G019,EMPTY,EMPTY,0.01
830.0,cctv3,C3_S003,G020,OCCUPIED,OCCUPIED,0.8250117857347836
830.0,cctv3,C3_S004,G024,OCCUPIED,OCCUPIED,0.82794684659351
830.0,cctv3,C3_S005,G025,OCCUPIED,OCCUPIED,0.8299710910428655
830.0,cctv3,C3_S006,G026,OCCUPIED,OCCUPIED,0.827241111072627
830.0,cctv3,C3_S007,G027,OCCUPIED,OCCUPIED,0.7689478046514772
830.0,cctv3,C3_S008,G028,EMPTY,EMPTY,0.01
830.0,cctv3,C3_S009,G029,EMPTY,MANEUVERING,0.3671794297503815
830.0,cctv3,C3_S010,G007,OCCUPIED,OCCUPIED,0.5432535689140295
830.0,cctv3,C3_S011,G008,OCCUPIED,OCCUPIED,0.805739110979167
830.0,cctv3,C3_S012,G009,OCCUPIED,OCCUPIED,0.8228374326770956
831.0,cctv1,C1_S001,G001,OCCUPIED,OCCUPIED,0.740647425773469
831.0,cctv1,C1_S002,G002,EMPTY,EMPTY,0.01
831.0,cctv1,C1_S003,G003,OCCUPIED,OCCUPIED,0.8379855982281945
831.0,cctv1,C1_S004,G004,OCCUPIED,OCCUPIED,0.7895288028500298
831.0,cctv1,C1_S005,G005,OCCUPIED,OCCUPIED,0.7733682505109094
831.0,cctv1,C1_S006,G006,EMPTY,MANEUVERING,0.1114827135692943
831.0,cctv2,C2_S001,G007,OCCUPIED,OCCUPIED,0.6668067353625189
831.0,cctv2,C2_S002,G008,OCCUPIED,LEAVING,0.7795216712084684
831.0,cctv2,C2_S003,G009,OCCUPIED,OCCUPIED,0.5839475412954661
831.0,cctv2,C2_S004,G010,OCCUPIED,OCCUPIED,0.7017421785403382
831.0,cctv2,C2_S005,G001,EMPTY,EMPTY,0.01
831.0,cctv2,C2_S006,G003,OCCUPIED,OCCUPIED,0.8228142136877235
831.0,cctv2,C2_S007,G004,OCCUPIED,OCCUPIED,0.7974731532010166
831.0,cctv2,C2_S008,G006,OCCUPIED,OCCUPIED,0.765368339419365
831.0,cctv2,C2_S009,G005,OCCUPIED,OCCUPIED,0.7936181194402956
831.0,cctv2,C2_S010,G002,OCCUPIED,OCCUPIED,0.5603650625456463
831.0,cctv2,C2_S011,G017,OCCUPIED,LEAVING,0.7214567695151677
831.0,cctv2,C2_S012,G018,OCCUPIED,LEAVING,0.7638366956602444
831.0,cctv2,C2_S013,G019,OCCUPIED,OCCUPIED,0.8366078815676949
831.0,cctv2,C2_S014,G020,EMPTY,EMPTY,0.01
831.0,cctv3,C3_S001,G021,OCCUPIED,OCCUPIED,0.7934356914325195
831.0,cctv3,C3_S002,G019,EMPTY,EMPTY,0.01
831.0,cctv3,C3_S003,G020,OCCUPIED,OCCUPIED,0.8249584341591055
831.0,cctv3,C3_S004,G024,OCCUPIED,OCCUPIED,0.8278887962753123
831.0,cctv3,C3_S005,G025,OCCUPIED,OCCUPIED,0.8298700920560144
831.0,cctv3,C3_S006,G026,OCCUPIED,OCCUPIED,0.8271381873976101
831.0,cctv3,C3_S007,G027,OCCUPIED,OCCUPIED,0.7691553304141219
831.0,cctv3,C3_S008,G028,EMPTY,EMPTY,0.01
831.0,cctv3,C3_S009,G029,EMPTY,MANEUVERING,0.2858607095378366
831.0,cctv3,C3_S010,G007,OCCUPIED,OCCUPIED,0.6225703142684968
831.0,cctv3,C3_S011,G008,OCCUPIED,OCCUPIED,0.8049215387214315
831.0,cctv3,C3_S012,G009,OCCUPIED,OCCUPIED,0.8226392605087974
832.0,cctv1,C1_S001,G001,OCCUPIED,OCCUPIED,0.7393964660438626
832.0,cctv1,C1_S002,G002,EMPTY,EMPTY,0.01
832.0,cctv1,C1_S003,G003,OCCUPIED,OCCUPIED,0.8378732144832611
832.0,cctv1,C1_S004,G004,OCCUPIED,OCCUPIED,0.7884235238487071
832.0,cctv1,C1_S005,G005,OCCUPIED,OCCUPIED,0.7728009462356568
832.0,cctv1,C1_S006,G006,EMPTY,MANEUVERING,0.1114827135692943
832.0,cctv2,C2_S001,G007,OCCUPIED,OCCUPIED,0.7071788322586905
832.0,cctv2,C2_S002,G008,OCCUPIED,LEAVING,0.7786511033773423
832.0,cctv2,C2_S003,G009,OCCUPIED,OCCUPIED,0.5839475412954661
832.0,cctv2,C2_S004,G010,OCCUPIED,OCCUPIED,0.7439522801746022
832.0,cctv2,C2_S005,G001,EMPTY,EMPTY,0.01
832.0,cctv2,C2_S006,G003,OCCUPIED,OCCUPIED,0.8232609152793885
832.0,cctv2,C2_S007,G004,OCCUPIED,OCCUPIED,0.7982251738960093
832.0,cctv2,C2_S008,G006,OCCUPIED,OCCUPIED,0.7652082647789609
832.0,cctv2,C2_S009,G005,OCCUPIED,OCCUPIED,0.7926344192840837
832.0,cctv2,C2_S010,G002,OCCUPIED,LEAVING,0.5153650625456463
832.0,cctv2,C2_S011,G017,OCCUPIED,LEAVING,0.7229250074787574
832.0,cctv2,C2_S012,G018,OCCUPIED,LEAVING,0.7631442078135231
832.0,cctv2,C2_S013,G019,OCCUPIED,OCCUPIED,0.8371750744906339
832.0,cctv2,C2_S014,G020,EMPTY,EMPTY,0.01
832.0,cctv3,C3_S001,G021,OCCUPIED,OCCUPIED,0.7940902317112143
832.0,cctv3,C3_S002,G019,EMPTY,EMPTY,0.01
832.0,cctv3,C3_S003,G020,OCCUPIED,OCCUPIED,0.8262159577824854
832.0,cctv3,C3_S004,G024,OCCUPIED,OCCUPIED,0.8278686406937513
832.0,cctv3,C3_S005,G025,OCCUPIED,OCCUPIED,0.8298093424601989
832.0,cctv3,C3_S006,G026,OCCUPIED,OCCUPIED,0.8270093869079244
832.0,cctv3,C3_S007,G027,OCCUPIED,OCCUPIED,0.7686210425062614
832.0,cctv3,C3_S008,G028,EMPTY,EMPTY,0.01
832.0,cctv3,C3_S009,G029,EMPTY,MANEUVERING,0.2858607095378366
832.0,cctv3,C3_S010,G007,OCCUPIED,OCCUPIED,0.5410457309151625
832.0,cctv3,C3_S011,G008,OCCUPIED,OCCUPIED,0.8051177561283113
832.0,cctv3,C3_S012,G009,OCCUPIED,OCCUPIED,0.8227490677074953
833.0,cctv1,C1_S001,G001,OCCUPIED,OCCUPIED,0.7404238333756274
833.0,cctv1,C1_S002,G002,EMPTY,EMPTY,0.01
833.0,cctv1,C1_S003,G003,OCCUPIED,OCCUPIED,0.8380238749764183
833.0,cctv1,C1_S004,G004,OCCUPIED,OCCUPIED,0.7876930120316419
833.0,cctv1,C1_S005,G005,OCCUPIED,OCCUPIED,0.7719871949065816
833.0,cctv1,C1_S006,G006,EMPTY,EMPTY,0.01
833.0,cctv2,C2_S001,G007,OCCUPIED,OCCUPIED,0.705077321942557
833.0,cctv2,C2_S002,G008,OCCUPIED,LEAVING,0.7773953784595837
833.0,cctv2,C2_S003,G009,OCCUPIED,OCCUPIED,0.51
833.0,cctv2,C2_S004,G010,OCCUPIED,OCCUPIED,0.7420230083573949
833.0,cctv2,C2_S005,G001,EMPTY,EMPTY,0.01
833.0,cctv2,C2_S006,G003,OCCUPIED,OCCUPIED,0.8229671573097056
833.0,cctv2,C2_S007,G004,OCCUPIED,OCCUPIED,0.7978258393027566
833.0,cctv2,C2_S008,G006,OCCUPIED,OCCUPIED,0.7636957943439484
833.0,cctv2,C2_S009,G005,OCCUPIED,OCCUPIED,0.7907927137884228
833.0,cctv2,C2_S010,G002,OCCUPIED,LEAVING,0.51
833.0,cctv2,C2_S011,G017,OCCUPIED,LEAVING,0.7237975073131648
833.0,cctv2,C2_S012,G018,OCCUPIED,LEAVING,0.7631240859627725
833.0,cctv2,C2_S013,G019,OCCUPIED,OCCUPIED,0.8370573377067393
833.0,cctv2,C2_S014,G020,EMPTY,EMPTY,0.01
833.0,cctv3,C3_S001,G021,OCCUPIED,OCCUPIED,0.7934803380207582
833.0,cctv3,C3_S002,G019,EMPTY,EMPTY,0.01
833.0,cctv3,C3_S003,G020,OCCUPIED,OCCUPIED,0.8259982103651221
833.0,cctv3,C3_S004,G024,OCCUPIED,OCCUPIED,0.8279089242219926
833.0,cctv3,C3_S005,G025,OCCUPIED,OCCUPIED,0.8298016875982285
833.0,cctv3,C3_S006,G026,OCCUPIED,OCCUPIED,0.8268298390236768
833.0,cctv3,C3_S007,G027,OCCUPIED,OCCUPIED,0.7680120672691952
833.0,cctv3,C3_S008,G028,EMPTY,EMPTY,0.01
833.0,cctv3,C3_S009,G029,EMPTY,MANEUVERING,0.2858607095378366
833.0,cctv3,C3_S010,G007,OCCUPIED,OCCUPIED,0.541029251933872
833.0,cctv3,C3_S011,G008,OCCUPIED,OCCUPIED,0.803694937716831
833.0,cctv3,C3_S012,G009,OCCUPIED,OCCUPIED,0.8225285535508937
834.0,cctv1,C1_S001,G001,OCCUPIED,OCCUPIED,0.741220489482988
834.0,cctv1,C1_S002,G002,EMPTY,EMPTY,0.01
834.0,cctv1,C1_S003,G003,OCCUPIED,OCCUPIED,0.8379785098812798
834.0,cctv1,C1_S004,G004,OCCUPIED,OCCUPIED,0.787980512326414
834.0,cctv1,C1_S005,G005,OCCUPIED,OCCUPIED,0.7746056482195854
834.0,cctv1,C1_S006,G006,EMPTY,EMPTY,0.01
834.0,cctv2,C2_S001,G007,OCCUPIED,OCCUPIED,0.7073542409051549
834.0,cctv2,C2_S002,G008,OCCUPIED,LEAVING,0.7803766444325447
834.0,cctv2,C2_S003,G009,OCCUPIED,OCCUPIED,0.5399185906452212
834.0,cctv2,C2_S004,G010,OCCUPIED,OCCUPIED,0.7472914538193833
834.0,cctv2,C2_S005,G001,EMPTY,EMPTY,0.01
834.0,cctv2,C2_S006,G003,OCCUPIED,OCCUPIED,0.823306681080298
834.0,cctv2,C2_S007,G004,OCCUPIED,OCCUPIED,0.7987997802821073
834.0,cctv2,C2_S008,G006,OCCUPIED,OCCUPIED,0.7637829661369324
834.0,cctv2,C2_S009,G005,OCCUPIED,OCCUPIED,0.79229245104573
834.0,cctv2,C2_S010,G002,OCCUPIED,LEAVING,0.5179257673179949
834.0,cctv2,C2_S011,G017,OCCUPIED,LEAVING,0.7335611726479098
834.0,cctv2,C2_S012,G018,OCCUPIED,LEAVING,0.7614027990536257
834.0,cctv2,C2_S013,G019,OCCUPIED,OCCUPIED,0.8370987469499762
834.0,cctv2,C2_S014,G020,EMPTY,EMPTY,0.01
834.0,cctv3,C3_S001,G021,OCCUPIED,OCCUPIED,0.793596024946733
834.0,cctv3,C3_S002,G019,EMPTY,EMPTY,0.01
834.0,cctv3,C3_S003,G020,OCCUPIED,OCCUPIED,0.826395014741204
834.0,cctv3,C3_S004,G024,OCCUPIED,OCCUPIED,0.8279291440140117
834.0,cctv3,C3_S005,G025,OCCUPIED,OCCUPIED,0.8297716102816842
834.0,cctv3,C3_S006,G026,OCCUPIED,OCCUPIED,0.8265581068667499
834.0,cctv3,C3_S007,G027,OCCUPIED,OCCUPIED,0.7683005705475808
834.0,cctv3,C3_S008,G028,EMPTY,EMPTY,0.01
834.0,cctv3,C3_S009,G029,EMPTY,MANEUVERING,0.2408607095378366
834.0,cctv3,C3_S010,G007,OCCUPIED,OCCUPIED,0.5861937454265433
834.0,cctv3,C3_S011,G008,OCCUPIED,OCCUPIED,0.8034725069999695
834.0,cctv3,C3_S012,G009,OCCUPIED,OCCUPIED,0.8220901050350884
835.0,cctv1,C1_S001,G001,OCCUPIED,OCCUPIED,0.7416681999509985
835.0,cctv1,C1_S002,G002,EMPTY,EMPTY,0.01
835.0,cctv1,C1_S003,G003,OCCUPIED,OCCUPIED,0.8380203547802839
835.0,cctv1,C1_S004,G004,OCCUPIED,OCCUPIED,0.787756753509695
835.0,cctv1,C1_S005,G005,OCCUPIED,OCCUPIED,0.77402308461341
835.0,cctv1,C1_S006,G006,EMPTY,EMPTY,0.01
835.0,cctv2,C2_S001,G007,OCCUPIED,OCCUPIED,0.7074259502102028
835.0,cctv2,C2_S002,G008,OCCUPIED,LEAVING,0.7824562565846878
835.0,cctv2,C2_S003,G009,OCCUPIED,OCCUPIED,0.5382653714445504
835.0,cctv2,C2_S004,G010,OCCUPIED,OCCUPIED,0.7528468245674264
835.0,cctv2,C2_S005,G001,EMPTY,EMPTY,0.01
835.0,cctv2,C2_S006,G003,OCCUPIED,OCCUPIED,0.82359869398854
835.0,cctv2,C2_S007,G004,OCCUPIED,OCCUPIED,0.7996080460873518
835.0,cctv2,C2_S008,G006,OCCUPIED,OCCUPIED,0.7636878147721291
835.0,cctv2,C2_S009,G005,OCCUPIED,OCCUPIED,0.792244120890444
835.0,cctv2,C2_S010,G002,OCCUPIED,LEAVING,0.5642051031982358
835.0,cctv2,C2_S011,G017,OCCUPIED,LEAVING,0.7413194896958092
835.0,cctv2,C2_S012,G018,OCCUPIED,LEAVING,0.7609669518741695
835.0,cctv2,C2_S013,G019,OCCUPIED,OCCUPIED,0.8370549928058278
835.0,cctv2,C2_S014,G020,EMPTY,EMPTY,0.01
835.0,cctv3,C3_S001,G021,OCCUPIED,OCCUPIED,0.7936177638444034
835.0,cctv3,C3_S002,G019,EMPTY,EMPTY,0.01
835.0,cctv3,C3_S003,G020,OCCUPIED,OCCUPIED,0.8264023843136701
835.0,cctv3,C3_S004,G024,OCCUPIED,OCCUPIED,0.8280976241285152
835.0,cctv3,C3_S005,G025,OCCUPIED,OCCUPIED,0.829666982184757
835.0,cctv3,C3_S006,G026,OCCUPIED,OCCUPIED,0.8264080640944569
835.0,cctv3,C3_S007,G027,OCCUPIED,OCCUPIED,0.7686868590387432
835.0,cctv3,C3_S008,G028,EMPTY,EMPTY,0.01
835.0,cctv3,C3_S009,G029,EMPTY,MANEUVERING,0.2834802412140098
835.0,cctv3,C3_S010,G007,OCCUPIED,OCCUPIED,0.5411937454265434
835.0,cctv3,C3_S011,G008,OCCUPIED,OCCUPIED,0.8027228978547184
835.0,cctv3,C3_S012,G009,OCCUPIED,OCCUPIED,0.8210819000547583
836.0,cctv1,C1_S001,G001,OCCUPIED,OCCUPIED,0.7428273356773637
836.0,cctv1,C1_S002,G002,EMPTY,EMPTY,0.01
836.0,cctv1,C1_S003,G003,OCCUPIED,OCCUPIED,0.8380078613758087
836.0,cctv1,C1_S004,G004,OCCUPIED,OCCUPIED,0.7877885515039618
836.0,cctv1,C1_S005,G005,OCCUPIED,OCCUPIED,0.7746996385130016
836.0,cctv1,C1_S006,G006,EMPTY,EMPTY,0.01
836.0,cctv2,C2_S001,G007,OCCUPIED,OCCUPIED,0.708110686655749
836.0,cctv2,C2_S002,G008,OCCUPIED,LEAVING,0.7855577964674343
836.0,cctv2,C2_S003,G009,OCCUPIED,OCCUPIED,0.5844461614367636
836.0,cctv2,C2_S004,G010,OCCUPIED,OCCUPIED,0.7548122123290193
836.0,cctv2,C2_S005,G001,EMPTY,EMPTY,0.01
836.0,cctv2,C2_S006,G003,OCCUPIED,OCCUPIED,0.8236674991520969
836.0,cctv2,C2_S007,G004,OCCUPIED,OCCUPIED,0.8001298657872461
836.0,cctv2,C2_S008,G006,OCCUPIED,OCCUPIED,0.7624635810201819
836.0,cctv2,C2_S009,G005,OCCUPIED,OCCUPIED,0.7907155746763403
836.0,cctv2,C2_S010,G002,OCCUPIED,LEAVING,0.6557762672865031
836.0,cctv2,C2_S011,G017,OCCUPIED,LEAVING,0.750011714534326
836.0,cctv2,C2_S012,G018,OCCUPIED,LEAVING,0.7606650058518757
836.0,cctv2,C2_S013,G019,OCCUPIED,OCCUPIED,0.8371203874999827
836.0,cctv2,C2_S014,G020,EMPTY,EMPTY,0.01
836.0,cctv3,C3_S001,G021,OCCUPIED,OCCUPIED,0.7936550115997142
836.0,cctv3,C3_S002,G019,EMPTY,EMPTY,0.01
836.0,cctv3,C3_S003,G020,OCCUPIED,OCCUPIED,0.825440800189972
836.0,cctv3,C3_S004,G024,OCCUPIED,OCCUPIED,0.8281281557950108
836.0,cctv3,C3_S005,G025,OCCUPIED,OCCUPIED,0.8296472598205914
836.0,cctv3,C3_S006,G026,OCCUPIED,OCCUPIED,0.8263596632263878
836.0,cctv3,C3_S007,G027,OCCUPIED,OCCUPIED,0.7699465987357227
836.0,cctv3,C3_S008,G028,EMPTY,EMPTY,0.01
836.0,cctv3,C3_S009,G029,EMPTY,MANEUVERING,0.2834802412140098
836.0,cctv3,C3_S010,G007,OCCUPIED,OCCUPIED,0.5867715826553184
836.0,cctv3,C3_S011,G008,OCCUPIED,LEAVING,0.7880492977391591
836.0,cctv3,C3_S012,G009,OCCUPIED,OCCUPIED,0.8214313439347528
837.0,cctv1,C1_S001,G001,OCCUPIED,OCCUPIED,0.7437969150191004
837.0,cctv1,C1_S002,G002,EMPTY,EMPTY,0.01
837.0,cctv1,C1_S003,G003,OCCUPIED,OCCUPIED,0.8380461430007762
837.0,cctv1,C1_S004,G004,OCCUPIED,OCCUPIED,0.7872775451703505
837.0,cctv1,C1_S005,G005,OCCUPIED,OCCUPIED,0.7741519102996046
837.0,cctv1,C1_S006,G006,EMPTY,EMPTY,0.01
837.0,cctv2,C2_S001,G007,OCCUPIED,OCCUPIED,0.7096548560668122
837.0,cctv2,C2_S002,G008,OCCUPIED,LEAVING,0.7884957004677167
837.0,cctv2,C2_S003,G009,OCCUPIED,OCCUPIED,0.6281428319317374
837.0,cctv2,C2_S004,G010,OCCUPIED,OCCUPIED,0.7576846579123627
837.0,cctv2,C2_S005,G001,EMPTY,EMPTY,0.01
837.0,cctv2,C2_S006,G003,OCCUPIED,OCCUPIED,0.8238777973435143
837.0,cctv2,C2_S007,G004,OCCUPIED,OCCUPIED,0.8004753830758009
837.0,cctv2,C2_S008,G006,OCCUPIED,OCCUPIED,0.7614540759812702
837.0,cctv2,C2_S009,G005,OCCUPIED,OCCUPIED,0.7902686576951634
837.0,cctv2,C2_S010,G002,OCCUPIED,LEAVING,0.7013030432029204
837.0,cctv2,C2_S011,G017,OCCUPIED,LEAVING,0.7496194378083403
837.0,cctv2,C2_S012,G018,OCCUPIED,LEAVING,0.7616783663630486
837.0,cctv2,C2_S013,G019,OCCUPIED,OCCUPIED,0.8369946918704294
837.0,cctv2,C2_S014,G020,EMPTY,EMPTY,0.01
837.0,cctv3,C3_S001,G021,OCCUPIED,OCCUPIED,0.7940066557038915
837.0,cctv3,C3_S002,G019,EMPTY,EMPTY,0.01
837.0,cctv3,C3_S003,G020,OCCUPIED,OCCUPIED,0.8253369702534243
837.0,cctv3,C3_S004,G024,OCCUPIED,OCCUPIED,0.8282268610867588
837.0,cctv3,C3_S005,G025,OCCUPIED,OCCUPIED,0.8295982566746799
837.0,cctv3,C3_S006,G026,OCCUPIED,OCCUPIED,0.8263207029212606
837.0,cctv3,C3_S007,G027,OCCUPIED,OCCUPIED,0.7699677130038088
837.0,cctv3,C3_S008,G028,EMPTY,MANEUVERING,0.1573557287048209
837.0,cctv3,C3_S009,G029,EMPTY,MANEUVERING,0.2834802412140098
837.0,cctv3,C3_S010,G007,OCCUPIED,OCCUPIED,0.5785936710586795
837.0,cctv3,C3_S011,G008,OCCUPIED,LEAVING,0.6947382787818258
837.0,cctv3,C3_S012,G009,OCCUPIED,OCCUPIED,0.8215452297167345
838.0,cctv1,C1_S001,G001,OCCUPIED,OCCUPIED,0.7450747805562887
838.0,cctv1,C1_S002,G002,EMPTY,EMPTY,0.01
838.0,cctv1,C1_S003,G003,OCCUPIED,OCCUPIED,0.8380876018242402
838.0,cctv1,C1_S004,G004,OCCUPIED,OCCUPIED,0.7877202746543018
838.0,cctv1,C1_S005,G005,OCCUPIED,OCCUPIED,0.775678186389533
838.0,cctv1,C1_S006,G006,EMPTY,EMPTY,0.01
838.0,cctv2,C2_S001,G007,OCCUPIED,OCCUPIED,0.712266199331392
838.0,cctv2,C2_S002,G008,OCCUPIED,LEAVING,0.7903939485549928
838.0,cctv2,C2_S003,G009,OCCUPIED,OCCUPIED,0.6304092197594318
838.0,cctv2,C2_S004,G010,OCCUPIED,OCCUPIED,0.7599337545443665
838.0,cctv2,C2_S005,G001,EMPTY,EMPTY,0.01
838.0,cctv2,C2_S006,G003,OCCUPIED,OCCUPIED,0.8238410762765191
838.0,cctv2,C2_S007,G004,OCCUPIED,OCCUPIED,0.8006366236643359
838.0,cctv2,C2_S008,G006,OCCUPIED,OCCUPIED,0.7607219678434459
838.0,cctv2,C2_S009,G005,OCCUPIED,OCCUPIED,0.7894637787883932
838.0,cctv2,C2_S010,G002,OCCUPIED,LEAVING,0.7006222012006875
838.0,cctv2,C2_S011,G017,OCCUPIED,LEAVING,0.750030807798559
838.0,cctv2,C2_S012,G018,OCCUPIED,LEAVING,0.7633900066668338
838.0,cctv2,C2_S013,G019,OCCUPIED,OCCUPIED,0.8369331750002775
838.0,cctv2,C2_S014,G020,EMPTY,EMPTY,0.01
838.0,cctv3,C3_S001,G021,OCCUPIED,OCCUPIED,0.7940144202925943
838.0,cctv3,C3_S002,G019,EMPTY,EMPTY,0.01
838.0,cctv3,C3_S003,G020,OCCUPIED,OCCUPIED,0.8252843542532489
838.0,cctv3,C3_S004,G024,OCCUPIED,OCCUPIED,0.8283261247656563
838.0,cctv3,C3_S005,G025,OCCUPIED,OCCUPIED,0.8295652752572841
838.0,cctv3,C3_S006,G026,OCCUPIED,OCCUPIED,0.8261841386556625
838.0,cctv3,C3_S007,G027,OCCUPIED,OCCUPIED,0.6886439979482781
838.0,cctv3,C3_S008,G028,EMPTY,MANEUVERING,0.1573557287048209
838.0,cctv3,C3_S009,G029,EMPTY,MANEUVERING,0.2460689156621017
838.0,cctv3,C3_S010,G007,OCCUPIED,LEAVING,0.5335936710586796
838.0,cctv3,C3_S011,G008,OCCUPIED,LEAVING,0.6920105714554137
838.0,cctv3,C3_S012,G009,OCCUPIED,OCCUPIED,0.8223934474316511
839.0,cctv1,C1_S001,G001,OCCUPIED,OCCUPIED,0.7447338494387541
839.0,cctv1,C1_S002,G002,EMPTY,EMPTY,0.01
839.0,cctv1,C1_S003,G003,OCCUPIED,OCCUPIED,0.8380585486238654
839.0,cctv1,C1_S004,G004,OCCUPIED,OCCUPIED,0.7873956818472256
839.0,cctv1,C1_S005,G005,OCCUPIED,OCCUPIED,0.7753393652764234
839.0,cctv1,C1_S006,G006,EMPTY,EMPTY,0.01
839.0,cctv2,C2_S001,G007,OCCUPIED,OCCUPIED,0.7503617835315792
839.0,cctv2,C2_S002,G008,OCCUPIED,LEAVING,0.7952069767496803
839.0,cctv2,C2_S003,G009,OCCUPIED,OCCUPIED,0.6683353301702124
839.0,cctv2,C2_S004,G010,OCCUPIED,OCCUPIED,0.7968279612335293
839.0,cctv2,C2_S005,G001,EMPTY,EMPTY,0.01
839.0,cctv2,C2_S006,G003,OCCUPIED,OCCUPIED,0.8236032846299085
839.0,cctv2,C2_S007,G004,OCCUPIED,OCCUPIED,0.8007986461574381
839.0,cctv2,C2_S008,G006,OCCUPIED,OCCUPIED,0.7608210653066636
839.0,cctv2,C2_S009,G005,OCCUPIED,OCCUPIED,0.7880454120310871
839.0,cctv2,C2_S010,G002,OCCUPIED,LEAVING,0.6991845947865284
839.0,cctv2,C2_S011,G017,OCCUPIED,LEAVING,0.7515915697813035
839.0,cctv2,C2_S012,G018,OCCUPIED,LEAVING,0.7638973830775782
839.0,cctv2,C2_S013,G019,OCCUPIED,OCCUPIED,0.8369898403232748
839.0,cctv2,C2_S014,G020,EMPTY,EMPTY,0.01
839.0,cctv3,C3_S001,G021,OCCUPIED,OCCUPIED,0.794199052182111
839.0,cctv3,C3_S002,G019,EMPTY,EMPTY,0.01
839.0,cctv3,C3_S003,G020,OCCUPIED,OCCUPIED,0.824463666569103
839.0,cctv3,C3_S004,G024,OCCUPIED,OCCUPIED,0.8285020248456435
839.0,cctv3,C3_S005,G025,OCCUPIED,OCCUPIED,0.8295540433038365
839.0,cctv3,C3_S006,G026,OCCUPIED,OCCUPIED,0.8263260039416227
839.0,cctv3,C3_S007,G027,OCCUPIED,OCCUPIED,0.6856296956945549
839.0,cctv3,C3_S008,G028,EMPTY,MANEUVERING,0.1573557287048209
839.0,cctv3,C3_S009,G029,EMPTY,MANEUVERING,0.2010689156621017
839.0,cctv3,C3_S010,G007,OCCUPIED,LEAVING,0.51
839.0,cctv3,C3_S011,G008,OCCUPIED,LEAVING,0.6917196832055396
839.0,cctv3,C3_S012,G009,OCCUPIED,OCCUPIED,0.8226309765468944
840.0,cctv1,C1_S001,G001,OCCUPIED,OCCUPIED,0.7451322942294858
840.0,cctv1,C1_S002,G002,EMPTY,EMPTY,0.01
840.0,cctv1,C1_S003,G003,OCCUPIED,OCCUPIED,0.8380041591145776
840.0,cctv1,C1_S004,G004,OCCUPIED,OCCUPIED,0.7865145631811836
840.0,cctv1,C1_S005,G005,OCCUPIED,OCCUPIED,0.7702748336575249
840.0,cctv1,C1_S006,G006,EMPTY,EMPTY,0.01
840.0,cctv2,C2_S001,G007,OCCUPIED,OCCUPIED,0.7524531514807181
840.0,cctv2,C2_S002,G008,OCCUPIED,LEAVING,0.7949752704663711
840.0,cctv2,C2_S003,G009,OCCUPIED,LEAVING,0.6704793502209765
840.0,cctv2,C2_S004,G010,OCCUPIED,OCCUPIED,0.7160772794891488
840.0,cctv2,C2_S005,G001,EMPTY,EMPTY,0.01
840.0,cctv2,C2_S006,G003,OCCUPIED,OCCUPIED,0.8236370723355901
840.0,cctv2,C2_S007,G004,OCCUPIED,OCCUPIED,0.801119230281223
840.0,cctv2,C2_S008,G006,OCCUPIED,OCCUPIED,0.7609502449631692
840.0,cctv2,C2_S009,G005,OCCUPIED,OCCUPIED,0.7870173184709116
840.0,cctv2,C2_S010,G002,OCCUPIED,LEAVING,0.6953731509410974
840.0,cctv2,C2_S011,G017,OCCUPIED,LEAVING,0.7518562891808424
840.0,cctv2,C2_S012,G018,OCCUPIED,LEAVING,0.7631190625104038
840.0,cctv2,C2_S013,G019,OCCUPIED,OCCUPIED,0.8364161198789424
840.0,cctv2,C2_S014,G020,EMPTY,EMPTY,0.01
840.0,cctv3,C3_S001,G021,OCCUPIED,OCCUPIED,0.7938048747452824
840.0,cctv3,C3_S002,G019,EMPTY,EMPTY,0.01
840.0,cctv3,C3_S003,G020,OCCUPIED,OCCUPIED,0.8248662791468881
840.0,cctv3,C3_S004,G024,OCCUPIED,OCCUPIED,0.828719083016569
840.0,cctv3,C3_S005,G025,OCCUPIED,OCCUPIED,0.8294263945384459
840.0,cctv3,C3_S006,G026,OCCUPIED,OCCUPIED,0.8263634272597054
840.0,cctv3,C3_S007,G027,OCCUPIED,OCCUPIED,0.681219555999745
840.0,cctv3,C3_S008,G028,EMPTY,MANEUVERING,0.1373557287048209
840.0,cctv3,C3_S009,G029,EMPTY,MANEUVERING,0.2010689156621017
840.0,cctv3,C3_S010,G007,OCCUPIED,LEAVING,0.51
840.0,cctv3,C3_S011,G008,OCCUPIED,LEAVING,0.6924809924716299
840.0,cctv3,C3_S012,G009,OCCUPIED,OCCUPIED,0.8229317537762902
841.0,cctv1,C1_S001,G001,OCCUPIED,OCCUPIED,0.743465147506107
841.0,cctv1,C1_S002,G002,EMPTY,EMPTY,0.01
841.0,cctv1,C1_S003,G003,OCCUPIED,OCCUPIED,0.83797965510325
841.0,cctv1,C1_S004,G004,OCCUPIED,OCCUPIED,0.7868677296421746
841.0,cctv1,C1_S005,G005,OCCUPIED,OCCUPIED,0.7716454010118139
841.0,cctv1,C1_S006,G006,EMPTY,EMPTY,0.01
841.0,cctv2,C2_S001,G007,OCCUPIED,OCCUPIED,0.7578447163105012
841.0,cctv2,C2_S002,G008,OCCUPIED,LEAVING,0.7145922463048588
841.0,cctv2,C2_S003,G009,OCCUPIED,LEAVING,0.5887268974547359
841.0,cctv2,C2_S004,G010,OCCUPIED,OCCUPIED,0.7153431231189857
841.0,cctv2,C2_S005,G001,EMPTY,EMPTY,0.01
841.0,cctv2,C2_S006,G003,OCCUPIED,OCCUPIED,0.8239029003815218
841.0,cctv2,C2_S007,G004,OCCUPIED,OCCUPIED,0.8009585285728629
841.0,cctv2,C2_S008,G006,OCCUPIED,OCCUPIED,0.7609872907400131
841.0,cctv2,C2_S009,G005,OCCUPIED,OCCUPIED,0.7858947741714392
841.0,cctv2,C2_S010,G002,OCCUPIED,LEAVING,0.6965671263499693
841.0,cctv2,C2_S011,G017,OCCUPIED,LEAVING,0.752972503873435
841.0,cctv2,C2_S012,G018,OCCUPIED,LEAVING,0.7633744880557061
841.0,cctv2,C2_S013,G019,OCCUPIED,OCCUPIED,0.8359160829674115
841.0,cctv2,C2_S014,G020,EMPTY,EMPTY,0.01
841.0,cctv3,C3_S001,G021,OCCUPIED,OCCUPIED,0.7952903828837655
841.0,cctv3,C3_S002,G019,EMPTY,EMPTY,0.01
841.0,cctv3,C3_S003,G020,OCCUPIED,OCCUPIED,0.825017937746915
841.0,cctv3,C3_S004,G024,OCCUPIED,OCCUPIED,0.8291108675978401
841.0,cctv3,C3_S005,G025,OCCUPIED,OCCUPIED,0.8293142814527859
841.0,cctv3,C3_S006,G026,OCCUPIED,OCCUPIED,0.8264175721190193
841.0,cctv3,C3_S007,G027,OCCUPIED,OCCUPIED,0.676701151620258
841.0,cctv3,C3_S008,G028,EMPTY,MANEUVERING,0.0923557287048209
841.0,cctv3,C3_S009,G029,EMPTY,MANEUVERING,0.084348466430198
841.0,cctv3,C3_S010,G007,OCCUPIED,LEAVING,0.51
841.0,cctv3,C3_S011,G008,OCCUPIED,LEAVING,0.738583842610771
841.0,cctv3,C3_S012,G009,OCCUPIED,OCCUPIED,0.8231538390571421
842.0,cctv1,C1_S001,G001,OCCUPIED,OCCUPIED,0.7405770273371177
842.0,cctv1,C1_S002,G002,EMPTY,EMPTY,0.01
842.0,cctv1,C1_S003,G003,OCCUPIED,OCCUPIED,0.8379922606728294
842.0,cctv1,C1_S004,G004,OCCUPIED,OCCUPIED,0.7860081344842912
842.0,cctv1,C1_S005,G005,OCCUPIED,OCCUPIED,0.7714725358919664
842.0,cctv1,C1_S006,G006,EMPTY,EMPTY,0.01
842.0,cctv2,C2_S001,G007,OCCUPIED,LEAVING,0.7591462366960267
842.0,cctv2,C2_S002,G008,OCCUPIED,LEAVING,0.6995737969089638
842.0,cctv2,C2_S003,G009,OCCUPIED,LEAVING,0.5735868646306072
842.0,cctv2,C2_S004,G010,OCCUPIED,OCCUPIED,0.7165534082461488
842.0,cctv2,C2_S005,G001,EMPTY,EMPTY,0.01
842.0,cctv2,C2_S006,G003,OCCUPIED,OCCUPIED,0.8238469421863557
842.0,cctv2,C2_S007,G004,OCCUPIED,OCCUPIED,0.8006455261598935
842.0,cctv2,C2_S008,G006,OCCUPIED,OCCUPIED,0.7618743460286748
842.0,cctv2,C2_S009,G005,OCCUPIED,OCCUPIED,0.7857947464693678
842.0,cctv2,C2_S010,G002,OCCUPIED,OCCUPIED,0.6937384195490317
842.0,cctv2,C2_S011,G017,OCCUPIED,LEAVING,0.7536277394944971
842.0,cctv2,C2_S012,G018,OCCUPIED,LEAVING,0.7630730423060331
842.0,cctv2,C2_S013,G019,OCCUPIED,OCCUPIED,0.8361092816699636
842.0,cctv2,C2_S014,G020,EMPTY,EMPTY,0.01
842.0,cctv3,C3_S001,G021,OCCUPIED,OCCUPIED,0.7958714192563838
842.0,cctv3,C3_S002,G019,EMPTY,EMPTY,0.01
842.0,cctv3,C3_S003,G020,OCCUPIED,OCCUPIED,0.8255919865586542
842.0,cctv3,C3_S004,G024,OCCUPIED,OCCUPIED,0.8291516168551012
842.0,cctv3,C3_S005,G025,OCCUPIED,OCCUPIED,0.8293641811067408
842.0,cctv3,C3_S006,G026,OCCUPIED,OCCUPIED,0.8266515672206879
842.0,cctv3,C3_S007,G027,OCCUPIED,OCCUPIED,0.7208022991229188
842.0,cctv3,C3_S008,G028,EMPTY,MANEUVERING,0.082355728704821
842.0,cctv3,C3_S009,G029,EMPTY,MANEUVERING,0.074348466430198
842.0,cctv3,C3_S010,G007,OCCUPIED,LEAVING,0.51
842.0,cctv3,C3_S011,G008,OCCUPIED,LEAVING,0.738941528593952
842.0,cctv3,C3_S012,G009,OCCUPIED,OCCUPIED,0.8230904682116076
843.0,cctv1,C1_S001,G001,OCCUPIED,OCCUPIED,0.7408671244978905
843.0,cctv1,C1_S002,G002,EMPTY,EMPTY,0.01
843.0,cctv1,C1_S003,G003,OCCUPIED,OCCUPIED,0.8380138451402839
843.0,cctv1,C1_S004,G004,OCCUPIED,OCCUPIED,0.7853642848404971
843.0,cctv1,C1_S005,G005,OCCUPIED,OCCUPIED,0.7676453824747693
843.0,cctv1,C1_S006,G006,EMPTY,EMPTY,0.01
843.0,cctv2,C2_S001,G007,OCCUPIED,LEAVING,0.7587782969528979
843.0,cctv2,C2_S002,G008,OCCUPIED,LEAVING,0.7013662653375756
843.0,cctv2,C2_S003,G009,OCCUPIED,LEAVING,0.5285868646306071
843.0,cctv2,C2_S004,G010,OCCUPIED,OCCUPIED,0.7169379896331918
843.0,cctv2,C2_S005,G001,EMPTY,EMPTY,0.01
843.0,cctv2,C2_S006,G003,OCCUPIED,OCCUPIED,0.8235762406479229
843.0,cctv2,C2_S007,G004,OCCUPIED,OCCUPIED,0.8002016034993259
843.0,cctv2,C2_S008,G006,OCCUPIED,OCCUPIED,0.7616756215691567
843.0,cctv2,C2_S009,G005,OCCUPIED,OCCUPIED,0.785610356791453
843.0,cctv2,C2_S010,G002,OCCUPIED,LEAVING,0.6487384195490318
843.0,cctv2,C2_S011,G017,OCCUPIED,LEAVING,0.7526474067297849
843.0,cctv2,C2_S012,G018,OCCUPIED,LEAVING,0.7642141117291018
843.0,cctv2,C2_S013,G019,OCCUPIED,OCCUPIED,0.8356338674371894
843.0,cctv2,C2_S014,G020,EMPTY,EMPTY,0.01
843.0,cctv3,C3_S001,G021,OCCUPIED,OCCUPIED,0.7960723102092744
843.0,cctv3,C3_S002,G019,EMPTY,EMPTY,0.01
843.0,cctv3,C3_S003,G020,OCCUPIED,OCCUPIED,0.825105476921255
843.0,cctv3,C3_S004,G024,OCCUPIED,OCCUPIED,0.8293148178945888
843.0,cctv3,C3_S005,G025,OCCUPIED,OCCUPIED,0.8293375475840136
843.0,cctv3,C3_S006,G026,OCCUPIED,OCCUPIED,0.8266961447217248
843.0,cctv3,C3_S007,G027,OCCUPIED,OCCUPIED,0.7201171105016362
843.0,cctv3,C3_S008,G028,EMPTY,MANEUVERING,0.082355728704821
843.0,cctv3,C3_S009,G029,EMPTY,MANEUVERING,0.074348466430198
843.0,cctv3,C3_S010,G007,OCCUPIED,LEAVING,0.51
843.0,cctv3,C3_S011,G008,OCCUPIED,LEAVING,0.7388438032025642
843.0,cctv3,C3_S012,G009,OCCUPIED,OCCUPIED,0.8231096037409523
844.0,cctv1,C1_S001,G001,OCCUPIED,OCCUPIED,0.7392309207130563
844.0,cctv1,C1_S002,G002,EMPTY,EMPTY,0.01
844.0,cctv1,C1_S003,G003,OCCUPIED,OCCUPIED,0.8380522446198897
844.0,cctv1,C1_S004,G004,OCCUPIED,OCCUPIED,0.7844718488779936
844.0,cctv1,C1_S005,G005,OCCUPIED,LEAVING,0.7549525165016002
844.0,cctv1,C1_S006,G006,EMPTY,MANEUVERING,0.1542968706109307
844.0,cctv2,C2_S001,G007,OCCUPIED,LEAVING,0.757673181322488
844.0,cctv2,C2_S002,G008,OCCUPIED,LEAVING,0.7017033653665673
844.0,cctv2,C2_S003,G009,OCCUPIED,LEAVING,0.51
844.0,cctv2,C2_S004,G010,OCCUPIED,OCCUPIED,0.7621835476566445
844.0,cctv2,C2_S005,G001,EMPTY,EMPTY,0.01
844.0,cctv2,C2_S006,G003,OCCUPIED,OCCUPIED,0.823856949264353
844.0,cctv2,C2_S007,G004,OCCUPIED,OCCUPIED,0.8009606361389161
844.0,cctv2,C2_S008,G006,OCCUPIED,OCCUPIED,0.7631192258813165
844.0,cctv2,C2_S009,G005,OCCUPIED,OCCUPIED,0.7855982120741498
844.0,cctv2,C2_S010,G002,OCCUPIED,LEAVING,0.6969867161593655
844.0,cctv2,C2_S011,G017,OCCUPIED,LEAVING,0.7607617646726696
844.0,cctv2,C2_S012,G018,OCCUPIED,LEAVING,0.7651248744942926
844.0,cctv2,C2_S013,G019,OCCUPIED,OCCUPIED,0.8349241573702206
844.0,cctv2,C2_S014,G020,EMPTY,EMPTY,0.01
844.0,cctv3,C3_S001,G021,OCCUPIED,OCCUPIED,0.79735288457437
844.0,cctv3,C3_S002,G019,EMPTY,EMPTY,0.01
844.0,cctv3,C3_S003,G020,OCCUPIED,OCCUPIED,0.82578399208459
844.0,cctv3,C3_S004,G024,OCCUPIED,OCCUPIED,0.8296162681146102
844.0,cctv3,C3_S005,G025,OCCUPIED,OCCUPIED,0.8292033022100276
844.0,cctv3,C3_S006,G026,OCCUPIED,OCCUPIED,0.8267712360078638
844.0,cctv3,C3_S007,G027,OCCUPIED,OCCUPIED,0.7211572662402284
844.0,cctv3,C3_S008,G028,EMPTY,MANEUVERING,0.0763557287048209
844.0,cctv3,C3_S009,G029,EMPTY,MANEUVERING,0.1755407205826857
844.0,cctv3,C3_S010,G007,OCCUPIED,OCCUPIED,0.51
844.0,cctv3,C3_S011,G008,OCCUPIED,LEAVING,0.7396808464283293
844.0,cctv3,C3_S012,G009,OCCUPIED,OCCUPIED,0.8233521323312414
845.0,cctv1,C1_S001,G001,OCCUPIED,OCCUPIED,0.7388082941824741
845.0,cctv1,C1_S002,G002,EMPTY,EMPTY,0.01
845.0,cctv1,C1_S003,G003,OCCUPIED,OCCUPIED,0.8380683264949106
845.0,cctv1,C1_S004,G004,OCCUPIED,OCCUPIED,0.7830119420181622
845.0,cctv1,C1_S005,G005,OCCUPIED,LEAVING,0.741518349728801
845.0,cctv1,C1_S006,G006,EMPTY,MANEUVERING,0.2424580039219422
845.0,cctv2,C2_S001,G007,OCCUPIED,LEAVING,0.7562998573888432
845.0,cctv2,C2_S002,G008,OCCUPIED,LEAVING,0.7450268622447145
845.0,cctv2,C2_S003,G009,OCCUPIED,LEAVING,0.51
845.0,cctv2,C2_S004,G010,OCCUPIED,OCCUPIED,0.7565405317057263
845.0,cctv2,C2_S005,G001,EMPTY,EMPTY,0.01
845.0,cctv2,C2_S006,G003,OCCUPIED,OCCUPIED,0.823532717336308
845.0,cctv2,C2_S007,G004,OCCUPIED,OCCUPIED,0.8001976541497491
845.0,cctv2,C2_S008,G006,OCCUPIED,OCCUPIED,0.7619655756787821
845.0,cctv2,C2_S009,G005,OCCUPIED,OCCUPIED,0.7857333360747858
845.0,cctv2,C2_S010,G002,OCCUPIED,LEAVING,0.6036600891116894
845.0,cctv2,C2_S011,G017,OCCUPIED,LEAVING,0.7540662623806433
845.0,cctv2,C2_S012,G018,OCCUPIED,LEAVING,0.7671762129122561
845.0,cctv2,C2_S013,G019,OCCUPIED,OCCUPIED,0.834133870493282
845.0,cctv2,C2_S014,G020,EMPTY,EMPTY,0.01
845.0,cctv3,C3_S001,G021,OCCUPIED,OCCUPIED,0.7975154532627626
845.0,cctv3,C3_S002,G019,EMPTY,EMPTY,0.01
845.0,cctv3,C3_S003,G020,OCCUPIED,OCCUPIED,0.8260969546708194
845.0,cctv3,C3_S004,G024,OCCUPIED,OCCUPIED,0.8297429756684738
845.0,cctv3,C3_S005,G025,OCCUPIED,OCCUPIED,0.8291152087124912
845.0,cctv3,C3_S006,G026,OCCUPIED,OCCUPIED,0.8269950029524891
845.0,cctv3,C3_S007,G027,OCCUPIED,OCCUPIED,0.7214072020758282
845.0,cctv3,C3_S008,G028,EMPTY,MANEUVERING,0.0763557287048209
845.0,cctv3,C3_S009,G029,EMPTY,MANEUVERING,0.1755407205826857
845.0,cctv3,C3_S010,G007,OCCUPIED,OCCUPIED,0.51
845.0,cctv3,C3_S011,G008,OCCUPIED,LEAVING,0.6468436748421553
845.0,cctv3,C3_S012,G009,OCCUPIED,OCCUPIED,0.8235981331630187
846.0,cctv1,C1_S001,G001,OCCUPIED,OCCUPIED,0.7387933146547188
846.0,cctv1,C1_S002,G002,EMPTY,EMPTY,0.01
846.0,cctv1,C1_S003,G003,OCCUPIED,OCCUPIED,0.837894044681029
846.0,cctv1,C1_S004,G004,OCCUPIED,OCCUPIED,0.7813562619415197
846.0,cctv1,C1_S005,G005,OCCUPIED,LEAVING,0.739804863171144
846.0,cctv1,C1_S006,G006,EMPTY,MANEUVERING,0.2424580039219422
846.0,cctv2,C2_S001,G007,OCCUPIED,LEAVING,0.757362181625583
846.0,cctv2,C2_S002,G008,OCCUPIED,LEAVING,0.7457436808158051
846.0,cctv2,C2_S003,G009,OCCUPIED,OCCUPIED,0.51
846.0,cctv2,C2_S004,G010,OCCUPIED,OCCUPIED,0.7539371572841298
846.0,cctv2,C2_S005,G001,EMPTY,EMPTY,0.01
846.0,cctv2,C2_S006,G003,OCCUPIED,OCCUPIED,0.8235834915529598
846.0,cctv2,C2_S007,G004,OCCUPIED,OCCUPIED,0.7992481521584771
846.0,cctv2,C2_S008,G006,OCCUPIED,OCCUPIED,0.7624260821125725
846.0,cctv2,C2_S009,G005,OCCUPIED,OCCUPIED,0.786075250262564
846.0,cctv2,C2_S010,G002,OCCUPIED,LEAVING,0.6055009686314698
846.0,cctv2,C2_S011,G017,OCCUPIED,LEAVING,0.7551942483132537
846.0,cctv2,C2_S012,G018,OCCUPIED,LEAVING,0.7698276342316108
846.0,cctv2,C2_S013,G019,OCCUPIED,OCCUPIED,0.8342521307143299
846.0,cctv2,C2_S014,G020,EMPTY,EMPTY,0.01
846.0,cctv3,C3_S001,G021,OCCUPIED,OCCUPIED,0.7988688398491253
846.0,cctv3,C3_S002,G019,EMPTY,EMPTY,0.01
846.0,cctv3,C3_S003,G020,OCCUPIED,OCCUPIED,0.8264122645963323
846.0,cctv3,C3_S004,G024,OCCUPIED,OCCUPIED,0.8298256893049587
846.0,cctv3,C3_S005,G025,OCCUPIED,OCCUPIED,0.829079155759378
846.0,cctv3,C3_S006,G026,OCCUPIED,OCCUPIED,0.82703998522325
846.0,cctv3,C3_S007,G027,OCCUPIED,OCCUPIED,0.7180569446493279
846.0,cctv3,C3_S008,G028,EMPTY,MANEUVERING,0.0763557287048209
846.0,cctv3,C3_S009,G029,EMPTY,MANEUVERING,0.1170057020079005
846.0,cctv3,C3_S010,G007,OCCUPIED,OCCUPIED,0.51
846.0,cctv3,C3_S011,G008,OCCUPIED,LEAVING,0.6357909128972978
846.0,cctv3,C3_S012,G009,OCCUPIED,OCCUPIED,0.8245735769922083
847.0,cctv1,C1_S001,G001,OCCUPIED,OCCUPIED,0.737568804553964
847.0,cctv1,C1_S002,G002,EMPTY,EMPTY,0.01
847.0,cctv1,C1_S003,G003,OCCUPIED,OCCUPIED,0.8378947209228169
847.0,cctv1,C1_S004,G004,OCCUPIED,OCCUPIED,0.7796751415187663
847.0,cctv1,C1_S005,G005,OCCUPIED,LEAVING,0.7389764682000334
847.0,cctv1,C1_S006,G006,EMPTY,MANEUVERING,0.2424580039219422
847.0,cctv2,C2_S001,G007,OCCUPIED,LEAVING,0.7607812466946515
847.0,cctv2,C2_S002,G008,OCCUPIED,LEAVING,0.7437593101669442
847.0,cctv2,C2_S003,G009,OCCUPIED,LEAVING,0.51
847.0,cctv2,C2_S004,G010,OCCUPIED,OCCUPIED,0.7488642113317143
847.0,cctv2,C2_S005,G001,EMPTY,EMPTY,0.01
847.0,cctv2,C2_S006,G003,OCCUPIED,OCCUPIED,0.8237442786043341
847.0,cctv2,C2_S007,G004,OCCUPIED,OCCUPIED,0.798348806662993
847.0,cctv2,C2_S008,G006,OCCUPIED,OCCUPIED,0.7636482477188111
847.0,cctv2,C2_S009,G005,OCCUPIED,OCCUPIED,0.7870187489823862
847.0,cctv2,C2_S010,G002,OCCUPIED,LEAVING,0.5582703922113235
847.0,cctv2,C2_S011,G017,OCCUPIED,LEAVING,0.7460548358342864
847.0,cctv2,C2_S012,G018,OCCUPIED,LEAVING,0.7701914803548293
847.0,cctv2,C2_S013,G019,OCCUPIED,OCCUPIED,0.8336401554671201
847.0,cctv2,C2_S014,G020,EMPTY,EMPTY,0.01
847.0,cctv3,C3_S001,G021,OCCUPIED,OCCUPIED,0.7992751026695426
847.0,cctv3,C3_S002,G019,EMPTY,EMPTY,0.01
847.0,cctv3,C3_S003,G020,OCCUPIED,OCCUPIED,0.8270437882705168
847.0,cctv3,C3_S004,G024,OCCUPIED,OCCUPIED,0.8301049381494523
847.0,cctv3,C3_S005,G025,OCCUPIED,OCCUPIED,0.8290900447151879
847.0,cctv3,C3_S006,G026,OCCUPIED,OCCUPIED,0.8271333301609214
847.0,cctv3,C3_S007,G027,OCCUPIED,OCCUPIED,0.7181377712298523
847.0,cctv3,C3_S008,G028,EMPTY,MANEUVERING,0.0723557287048209
847.0,cctv3,C3_S009,G029,EMPTY,MANEUVERING,0.1130057020079005
847.0,cctv3,C3_S010,G007,OCCUPIED,OCCUPIED,0.51
847.0,cctv3,C3_S011,G008,OCCUPIED,LEAVING,0.6409362803805959
847.0,cctv3,C3_S012,G009,OCCUPIED,OCCUPIED,0.8242585352875971
848.0,cctv1,C1_S001,G001,OCCUPIED,OCCUPIED,0.73645547343926
848.0,cctv1,C1_S002,G002,EMPTY,EMPTY,0.01
848.0,cctv1,C1_S003,G003,OCCUPIED,OCCUPIED,0.837881997498599
848.0,cctv1,C1_S004,G004,OCCUPIED,OCCUPIED,0.7782517318021168
848.0,cctv1,C1_S005,G005,OCCUPIED,LEAVING,0.7401290158521046
848.0,cctv1,C1_S006,G006,EMPTY,MANEUVERING,0.1974580039219423
848.0,cctv2,C2_S001,G007,OCCUPIED,LEAVING,0.7599821877750484
848.0,cctv2,C2_S002,G008,OCCUPIED,LEAVING,0.7410049765516411
848.0,cctv2,C2_S003,G009,OCCUPIED,LEAVING,0.51
848.0,cctv2,C2_S004,G010,OCCUPIED,OCCUPIED,0.7419405416060578
848.0,cctv2,C2_S005,G001,EMPTY,EMPTY,0.01
848.0,cctv2,C2_S006,G003,OCCUPIED,OCCUPIED,0.8236361538822001
848.0,cctv2,C2_S007,G004,OCCUPIED,OCCUPIED,0.7974448363889348
848.0,cctv2,C2_S008,G006,OCCUPIED,OCCUPIED,0.7647039777853273
848.0,cctv2,C2_S009,G005,OCCUPIED,OCCUPIED,0.7871211142702537
848.0,cctv2,C2_S010,G002,OCCUPIED,LEAVING,0.5568431340327318
848.0,cctv2,C2_S011,G017,OCCUPIED,LEAVING,0.7465328038551592
848.0,cctv2,C2_S012,G018,OCCUPIED,LEAVING,0.7663180724463681
848.0,cctv2,C2_S013,G019,OCCUPIED,OCCUPIED,0.8338273175738076
848.0,cctv2,C2_S014,G020,EMPTY,EMPTY,0.01
848.0,cctv3,C3_S001,G021,OCCUPIED,OCCUPIED,0.7992767315019261
848.0,cctv3,C3_S002,G019,EMPTY,EMPTY,0.01
848.0,cctv3,C3_S003,G020,OCCUPIED,OCCUPIED,0.8267950881611218
848.0,cctv3,C3_S004,G024,OCCUPIED,OCCUPIED,0.8303148608316075
848.0,cctv3,C3_S005,G025,OCCUPIED,OCCUPIED,0.8289212533018806
848.0,cctv3,C3_S006,G026,OCCUPIED,OCCUPIED,0.8269621215083383
848.0,cctv3,C3_S007,G027,OCCUPIED,OCCUPIED,0.7152951947260987
848.0,cctv3,C3_S008,G028,EMPTY,EMPTY,0.01
848.0,cctv3,C3_S009,G029,EMPTY,MANEUVERING,0.0680057020079005
848.0,cctv3,C3_S010,G007,OCCUPIED,OCCUPIED,0.5156084250861949
848.0,cctv3,C3_S011,G008,OCCUPIED,LEAVING,0.6748239150643348
848.0,cctv3,C3_S012,G009,OCCUPIED,OCCUPIED,0.8238296500661157
849.0,cctv1,C1_S001,G001,OCCUPIED,OCCUPIED,0.7341783994978125
849.0,cctv1,C1_S002,G002,EMPTY,EMPTY,0.01
849.0,cctv1,C1_S003,G003,OCCUPIED,OCCUPIED,0.8378520055250689
849.0,cctv1,C1_S004,G004,OCCUPIED,OCCUPIED,0.7768753798170523
849.0,cctv1,C1_S005,G005,OCCUPIED,LEAVING,0.738564498370344
849.0,cctv1,C1_S006,G006,EMPTY,MANEUVERING,0.1524580039219422
849.0,cctv2,C2_S001,G007,OCCUPIED,LEAVING,0.7587343867529522
849.0,cctv2,C2_S002,G008,OCCUPIED,LEAVING,0.7392838378955018
849.0,cctv2,C2_S003,G009,OCCUPIED,LEAVING,0.51
849.0,cctv2,C2_S004,G010,OCCUPIED,OCCUPIED,0.7346508542854678
849.0,cctv2,C2_S005,G001,EMPTY,EMPTY,0.01
849.0,cctv2,C2_S006,G003,OCCUPIED,OCCUPIED,0.8238087816671892
849.0,cctv2,C2_S007,G004,OCCUPIED,OCCUPIED,0.7974618814208292
849.0,cctv2,C2_S008,G006,OCCUPIED,OCCUPIED,0.7647782652215525
849.0,cctv2,C2_S009,G005,OCCUPIED,OCCUPIED,0.7882229088382288
849.0,cctv2,C2_S010,G002,OCCUPIED,LEAVING,0.6010744386335666
849.0,cctv2,C2_S011,G017,OCCUPIED,LEAVING,0.7496900036389178
849.0,cctv2,C2_S012,G018,OCCUPIED,LEAVING,0.7640939071097158
849.0,cctv2,C2_S013,G019,OCCUPIED,OCCUPIED,0.8333929801529105
849.0,cctv2,C2_S014,G020,EMPTY,EMPTY,0.01
849.0,cctv3,C3_S001,G021,OCCUPIED,OCCUPIED,0.7992127144878561
849.0,cctv3,C3_S002,G019,EMPTY,EMPTY,0.01
849.0,cctv3,C3_S003,G020,OCCUPIED,OCCUPIED,0.8261408656835556
849.0,cctv3,C3_S004,G024,OCCUPIED,OCCUPIED,0.8302165001630784
849.0,cctv3,C3_S005,G025,OCCUPIED,OCCUPIED,0.8289922863245011
849.0,cctv3,C3_S006,G026,OCCUPIED,OCCUPIED,0.8271317379041152
849.0,cctv3,C3_S007,G027,OCCUPIED,OCCUPIED,0.7524693707173522
849.0,cctv3,C3_S008,G028,EMPTY,MANEUVERING,0.210206696760248
849.0,cctv3,C3_S009,G029,EMPTY,MANEUVERING,0.1539295673834813
849.0,cctv3,C3_S010,G007,OCCUPIED,OCCUPIED,0.51
849.0,cctv3,C3_S011,G008,OCCUPIED,LEAVING,0.7110252443226901
849.0,cctv3,C3_S012,G009,OCCUPIED,OCCUPIED,0.8236565411090851
850.0,cctv1,C1_S001,G001,OCCUPIED,OCCUPIED,0.7330789807167921
850.0,cctv1,C1_S002,G002,EMPTY,EMPTY,0.01
850.0,cctv1,C1_S003,G003,OCCUPIED,OCCUPIED,0.837870386784727
850.0,cctv1,C1_S004,G004,OCCUPIED,OCCUPIED,0.7759644207629292
850.0,cctv1,C1_S005,G005,OCCUPIED,LEAVING,0.7247532877867873
850.0,cctv1,C1_S006,G006,EMPTY,MANEUVERING,0.2356038362736051
850.0,cctv2,C2_S001,G007,OCCUPIED,LEAVING,0.7565063683824106
850.0,cctv2,C2_S002,G008,OCCUPIED,LEAVING,0.7377731033373963
850.0,cctv2,C2_S003,G009,OCCUPIED,LEAVING,0.51
850.0,cctv2,C2_S004,G010,OCCUPIED,OCCUPIED,0.7330875591595065
850.0,cctv2,C2_S005,G001,EMPTY,EMPTY,0.01
850.0,cctv2,C2_S006,G003,OCCUPIED,OCCUPIED,0.8239968931133097
850.0,cctv2,C2_S007,G004,OCCUPIED,OCCUPIED,0.7972547758709301
850.0,cctv2,C2_S008,G006,OCCUPIED,OCCUPIED,0.7639929920434952
850.0,cctv2,C2_S009,G005,OCCUPIED,OCCUPIED,0.7878784465518865
850.0,cctv2,C2_S010,G002,OCCUPIED,LEAVING,0.6012047660520131
850.0,cctv2,C2_S011,G017,OCCUPIED,LEAVING,0.7497008389505474
850.0,cctv2,C2_S012,G018,OCCUPIED,LEAVING,0.7650209191847932
850.0,cctv2,C2_S013,G019,OCCUPIED,OCCUPIED,0.8333100527524948
850.0,cctv2,C2_S014,G020,EMPTY,EMPTY,0.01
850.0,cctv3,C3_S001,G021,OCCUPIED,OCCUPIED,0.7996409112756904
850.0,cctv3,C3_S002,G019,EMPTY,EMPTY,0.01
850.0,cctv3,C3_S003,G020,OCCUPIED,OCCUPIED,0.8265040546655655
850.0,cctv3,C3_S004,G024,OCCUPIED,OCCUPIED,0.8304755284027621
850.0,cctv3,C3_S005,G025,OCCUPIED,OCCUPIED,0.8288599436933345
850.0,cctv3,C3_S006,G026,OCCUPIED,OCCUPIED,0.8268756113269113
850.0,cctv3,C3_S007,G027,OCCUPIED,OCCUPIED,0.754792596128854
850.0,cctv3,C3_S008,G028,EMPTY,MANEUVERING,0.150206696760248
850.0,cctv3,C3_S009,G029,EMPTY,MANEUVERING,0.2300832394781438
850.0,cctv3,C3_S010,G007,OCCUPIED,OCCUPIED,0.51
850.0,cctv3,C3_S011,G008,OCCUPIED,LEAVING,0.7112686717781154
850.0,cctv3,C3_S012,G009,OCCUPIED,OCCUPIED,0.8234490031545814
851.0,cctv1,C1_S001,G001,OCCUPIED,OCCUPIED,0.7321732202714141
851.0,cctv1,C1_S002,G002,EMPTY,EMPTY,0.01
851.0,cctv1,C1_S003,G003,OCCUPIED,OCCUPIED,0.837789275971326
851.0,cctv1,C1_S004,G004,OCCUPIED,OCCUPIED,0.7759435645558618
851.0,cctv1,C1_S005,G005,OCCUPIED,LEAVING,0.7248324308341201
851.0,cctv1,C1_S006,G006,EMPTY,MANEUVERING,0.2356038362736051
851.0,cctv2,C2_S001,G007,OCCUPIED,LEAVING,0.7535394522276793
851.0,cctv2,C2_S002,G008,OCCUPIED,LEAVING,0.7355358558107506
851.0,cctv2,C2_S003,G009,OCCUPIED,OCCUPIED,0.51
851.0,cctv2,C2_S004,G010,OCCUPIED,OCCUPIED,0.7674331472001293
851.0,cctv2,C2_S005,G001,EMPTY,EMPTY,0.01
851.0,cctv2,C2_S006,G003,OCCUPIED,OCCUPIED,0.824170261350545
851.0,cctv2,C2_S007,G004,OCCUPIED,OCCUPIED,0.797335438023914
851.0,cctv2,C2_S008,G006,OCCUPIED,OCCUPIED,0.7637690747326071
851.0,cctv2,C2_S009,G005,OCCUPIED,OCCUPIED,0.7885137761181051
851.0,cctv2,C2_S010,G002,OCCUPIED,LEAVING,0.6492887956818397
851.0,cctv2,C2_S011,G017,OCCUPIED,LEAVING,0.7484350277077069
851.0,cctv2,C2_S012,G018,OCCUPIED,LEAVING,0.7659944736822085
851.0,cctv2,C2_S013,G019,OCCUPIED,OCCUPIED,0.8339828247373755
851.0,cctv2,C2_S014,G020,EMPTY,EMPTY,0.01
851.0,cctv3,C3_S001,G021,OCCUPIED,OCCUPIED,0.8003634796901183
851.0,cctv3,C3_S002,G019,EMPTY,EMPTY,0.01
851.0,cctv3,C3_S003,G020,OCCUPIED,OCCUPIED,0.8262792953036049
851.0,cctv3,C3_S004,G024,OCCUPIED,OCCUPIED,0.8306668601252817
851.0,cctv3,C3_S005,G025,OCCUPIED,OCCUPIED,0.8288874298334122
851.0,cctv3,C3_S006,G026,OCCUPIED,OCCUPIED,0.8267828060822053
851.0,cctv3,C3_S007,G027,OCCUPIED,OCCUPIED,0.7584231995046139
851.0,cctv3,C3_S008,G028,EMPTY,MANEUVERING,0.150206696760248
851.0,cctv3,C3_S009,G029,EMPTY,MANEUVERING,0.2300832394781438
851.0,cctv3,C3_S010,G007,OCCUPIED,OCCUPIED,0.51
851.0,cctv3,C3_S011,G008,OCCUPIED,OCCUPIED,0.7347800283540379
851.0,cctv3,C3_S012,G009,OCCUPIED,OCCUPIED,0.8233050522479145
852.0,cctv1,C1_S001,G001,OCCUPIED,OCCUPIED,0.731604375961152
852.0,cctv1,C1_S002,G002,EMPTY,EMPTY,0.01
852.0,cctv1,C1_S003,G003,OCCUPIED,OCCUPIED,0.837804234569723
852.0,cctv1,C1_S004,G004,OCCUPIED,OCCUPIED,0.7749985776164315
852.0,cctv1,C1_S005,G005,OCCUPIED,LEAVING,0.7102503883296795
852.0,cctv1,C1_S006,G006,EMPTY,MANEUVERING,0.322501133185896
852.0,cctv2,C2_S001,G007,OCCUPIED,LEAVING,0.7462404994802042
852.0,cctv2,C2_S002,G008,OCCUPIED,LEAVING,0.7732210368188945
852.0,cctv2,C2_S003,G009,OCCUPIED,OCCUPIED,0.51
852.0,cctv2,C2_S004,G010,OCCUPIED,OCCUPIED,0.7646556299518456
852.0,cctv2,C2_S005,G001,EMPTY,EMPTY,0.01
852.0,cctv2,C2_S006,G003,OCCUPIED,OCCUPIED,0.824040885405107
852.0,cctv2,C2_S007,G004,OCCUPIED,OCCUPIED,0.79801238368858
852.0,cctv2,C2_S008,G006,OCCUPIED,OCCUPIED,0.762749622355808
852.0,cctv2,C2_S009,G005,OCCUPIED,OCCUPIED,0.7894997244531459
852.0,cctv2,C2_S010,G002,OCCUPIED,LEAVING,0.6501273011585529
852.0,cctv2,C2_S011,G017,OCCUPIED,LEAVING,0.7482858416167173
852.0,cctv2,C2_S012,G018,OCCUPIED,LEAVING,0.7651324710385367
852.0,cctv2,C2_S013,G019,OCCUPIED,OCCUPIED,0.8346942538564857
852.0,cctv2,C2_S014,G020,EMPTY,EMPTY,0.01
852.0,cctv3,C3_S001,G021,OCCUPIED,OCCUPIED,0.7986282936551354
852.0,cctv3,C3_S002,G019,EMPTY,EMPTY,0.01
852.0,cctv3,C3_S003,G020,OCCUPIED,OCCUPIED,0.8262978253039448
852.0,cctv3,C3_S004,G024,OCCUPIED,OCCUPIED,0.8306043792854656
852.0,cctv3,C3_S005,G025,OCCUPIED,OCCUPIED,0.8289384649558501
852.0,cctv3,C3_S006,G026,OCCUPIED,OCCUPIED,0.826780811494047
852.0,cctv3,C3_S007,G027,OCCUPIED,OCCUPIED,0.7613855906508187
852.0,cctv3,C3_S008,G028,EMPTY,MANEUVERING,0.150206696760248
852.0,cctv3,C3_S009,G029,EMPTY,MANEUVERING,0.3183474824870514
852.0,cctv3,C3_S010,G007,OCCUPIED,OCCUPIED,0.51
852.0,cctv3,C3_S011,G008,OCCUPIED,OCCUPIED,0.7359218985745402
852.0,cctv3,C3_S012,G009,OCCUPIED,OCCUPIED,0.8230575152418831
853.0,cctv1,C1_S001,G001,OCCUPIED,OCCUPIED,0.7307441338219427
853.0,cctv1,C1_S002,G002,EMPTY,EMPTY,0.01
853.0,cctv1,C1_S003,G003,OCCUPIED,OCCUPIED,0.8378174237229608
853.0,cctv1,C1_S004,G004,OCCUPIED,OCCUPIED,0.7756137568842282
853.0,cctv1,C1_S005,G005,OCCUPIED,LEAVING,0.6992859276858243
853.0,cctv1,C1_S006,G006,EMPTY,MANEUVERING,0.4119309408556331
853.0,cctv2,C2_S001,G007,OCCUPIED,OCCUPIED,0.7460719096389684
853.0,cctv2,C2_S002,G008,OCCUPIED,LEAVING,0.7885733122175391
853.0,cctv2,C2_S003,G009,OCCUPIED,OCCUPIED,0.51
853.0,cctv2,C2_S004,G010,OCCUPIED,OCCUPIED,0.760970770974051
853.0,cctv2,C2_S005,G001,EMPTY,EMPTY,0.01
853.0,cctv2,C2_S006,G003,OCCUPIED,OCCUPIED,0.8240687958218835
853.0,cctv2,C2_S007,G004,OCCUPIED,OCCUPIED,0.7982313763011586
853.0,cctv2,C2_S008,G006,OCCUPIED,OCCUPIED,0.7628746551546184
853.0,cctv2,C2_S009,G005,OCCUPIED,OCCUPIED,0.7905551712621343
853.0,cctv2,C2_S010,G002,OCCUPIED,LEAVING,0.6518010135536845
853.0,cctv2,C2_S011,G017,OCCUPIED,LEAVING,0.7489336190711369
853.0,cctv2,C2_S012,G018,OCCUPIED,LEAVING,0.7664899727837606
853.0,cctv2,C2_S013,G019,OCCUPIED,OCCUPIED,0.8344376794316553
853.0,cctv2,C2_S014,G020,EMPTY,EMPTY,0.01
853.0,cctv3,C3_S001,G021,OCCUPIED,OCCUPIED,0.7975572128187527
853.0,cctv3,C3_S002,G019,EMPTY,EMPTY,0.01
853.0,cctv3,C3_S003,G020,OCCUPIED,OCCUPIED,0.8264032539996234
853.0,cctv3,C3_S004,G024,OCCUPIED,OCCUPIED,0.8306946583769539
853.0,cctv3,C3_S005,G025,OCCUPIED,OCCUPIED,0.8289440837773411
853.0,cctv3,C3_S006,G026,OCCUPIED,OCCUPIED,0.8265836089849472
853.0,cctv3,C3_S007,G027,OCCUPIED,OCCUPIED,0.7619264422492548
853.0,cctv3,C3_S008,G028,EMPTY,MANEUVERING,0.085206696760248
853.0,cctv3,C3_S009,G029,EMPTY,MANEUVERING,0.3544237028042024
853.0,cctv3,C3_S010,G007,OCCUPIED,OCCUPIED,0.51
853.0,cctv3,C3_S011,G008,OCCUPIED,OCCUPIED,0.7486742797403625
853.0,cctv3,C3_S012,G009,OCCUPIED,OCCUPIED,0.8228925171223554
854.0,cctv1,C1_S001,G001,OCCUPIED,OCCUPIED,0.7303914546289227
854.0,cctv1,C1_S002,G002,EMPTY,EMPTY,0.01
854.0,cctv1,C1_S003,G003,OCCUPIED,OCCUPIED,0.8378059430555864
854.0,cctv1,C1_S004,G004,OCCUPIED,OCCUPIED,0.7757100368087942
854.0,cctv1,C1_S005,G005,OCCUPIED,LEAVING,0.7005296988920733
854.0,cctv1,C1_S006,G006,EMPTY,MANEUVERING,0.3669309408556331
854.0,cctv2,C2_S001,G007,OCCUPIED,OCCUPIED,0.746610930020159
854.0,cctv2,C2_S002,G008,OCCUPIED,LEAVING,0.7882361788641323
854.0,cctv2,C2_S003,G009,OCCUPIED,OCCUPIED,0.51
854.0,cctv2,C2_S004,G010,OCCUPIED,OCCUPIED,0.7619962822984566
854.0,cctv2,C2_S005,G001,EMPTY,EMPTY,0.01
854.0,cctv2,C2_S006,G003,OCCUPIED,OCCUPIED,0.8239711869846691
854.0,cctv2,C2_S007,G004,OCCUPIED,OCCUPIED,0.7984301515600899
854.0,cctv2,C2_S008,G006,OCCUPIED,OCCUPIED,0.7623649752952837
854.0,cctv2,C2_S009,G005,OCCUPIED,OCCUPIED,0.7883920408108018
854.0,cctv2,C2_S010,G002,OCCUPIED,LEAVING,0.6984823477629459
854.0,cctv2,C2_S011,G017,OCCUPIED,LEAVING,0.7587624356692488
854.0,cctv2,C2_S012,G018,OCCUPIED,LEAVING,0.7691873740743508
854.0,cctv2,C2_S013,G019,OCCUPIED,OCCUPIED,0.8349900901317597
854.0,cctv2,C2_S014,G020,EMPTY,EMPTY,0.01
854.0,cctv3,C3_S001,G021,OCCUPIED,OCCUPIED,0.7970860454169187
854.0,cctv3,C3_S002,G019,EMPTY,EMPTY,0.01
854.0,cctv3,C3_S003,G020,OCCUPIED,OCCUPIED,0.8265723916617307
854.0,cctv3,C3_S004,G024,OCCUPIED,OCCUPIED,0.8307115627960726
854.0,cctv3,C3_S005,G025,OCCUPIED,OCCUPIED,0.8288853312080557
854.0,cctv3,C3_S006,G026,OCCUPIED,OCCUPIED,0.8265907184644179
854.0,cctv3,C3_S007,G027,OCCUPIED,OCCUPIED,0.7631310052492403
854.0,cctv3,C3_S008,G028,EMPTY,MANEUVERING,0.085206696760248
854.0,cctv3,C3_S009,G029,EMPTY,MANEUVERING,0.3120903694708691
854.0,cctv3,C3_S010,G007,OCCUPIED,OCCUPIED,0.51
854.0,cctv3,C3_S011,G008,OCCUPIED,OCCUPIED,0.7493087939132344
854.0,cctv3,C3_S012,G009,OCCUPIED,OCCUPIED,0.8228260056539016
855.0,cctv1,C1_S001,G001,OCCUPIED,OCCUPIED,0.729929904775186
855.0,cctv1,C1_S002,G002,EMPTY,EMPTY,0.01
855.0,cctv1,C1_S003,G003,OCCUPIED,OCCUPIED,0.8377249053933404
855.0,cctv1,C1_S004,G004,OCCUPIED,OCCUPIED,0.7759663714603945
855.0,cctv1,C1_S005,G005,OCCUPIED,LEAVING,0.7016381985761903
855.0,cctv1,C1_S006,G006,EMPTY,MANEUVERING,0.3252030947804451
855.0,cctv2,C2_S001,G007,OCCUPIED,OCCUPIED,0.7474178803238003
855.0,cctv2,C2_S002,G008,OCCUPIED,LEAVING,0.7887323314493353
855.0,cctv2,C2_S003,G009,OCCUPIED,OCCUPIED,0.51
855.0,cctv2,C2_S004,G010,OCCUPIED,OCCUPIED,0.7621106728234075
855.0,cctv2,C2_S005,G001,EMPTY,EMPTY,0.01
855.0,cctv2,C2_S006,G003,OCCUPIED,OCCUPIED,0.8238404081626373
855.0,cctv2,C2_S007,G004,OCCUPIED,OCCUPIED,0.7979530402205208
855.0,cctv2,C2_S008,G006,OCCUPIED,OCCUPIED,0.761098663373427
855.0,cctv2,C2_S009,G005,OCCUPIED,OCCUPIED,0.7877969057722526
855.0,cctv2,C2_S010,G002,OCCUPIED,LEAVING,0.6960257651769753
855.0,cctv2,C2_S011,G017,OCCUPIED,LEAVING,0.7589199158820239
855.0,cctv2,C2_S012,G018,OCCUPIED,LEAVING,0.7685711072927173
855.0,cctv2,C2_S013,G019,OCCUPIED,OCCUPIED,0.8357146466320212
855.0,cctv2,C2_S014,G020,EMPTY,EMPTY,0.01
855.0,cctv3,C3_S001,G021,OCCUPIED,OCCUPIED,0.7971910953521729
855.0,cctv3,C3_S002,G019,EMPTY,EMPTY,0.01
855.0,cctv3,C3_S003,G020,OCCUPIED,OCCUPIED,0.8264197235757655
855.0,cctv3,C3_S004,G024,OCCUPIED,OCCUPIED,0.8305261831391942
855.0,cctv3,C3_S005,G025,OCCUPIED,OCCUPIED,0.8288632582534444
855.0,cctv3,C3_S006,G026,OCCUPIED,OCCUPIED,0.8265106016939338
855.0,cctv3,C3_S007,G027,OCCUPIED,OCCUPIED,0.7621651271527464
855.0,cctv3,C3_S008,G028,EMPTY,MANEUVERING,0.085206696760248
855.0,cctv3,C3_S009,G029,EMPTY,MANEUVERING,0.2762175969426718
855.0,cctv3,C3_S010,G007,OCCUPIED,OCCUPIED,0.5145036496641316
855.0,cctv3,C3_S011,G008,OCCUPIED,OCCUPIED,0.7609809868444096
855.0,cctv3,C3_S012,G009,OCCUPIED,OCCUPIED,0.8225638847459447
856.0,cctv1,C1_S001,G001,OCCUPIED,OCCUPIED,0.7291497133672238
856.0,cctv1,C1_S002,G002,EMPTY,EMPTY,0.01
856.0,cctv1,C1_S003,G003,OCCUPIED,OCCUPIED,0.8376853208650243
856.0,cctv1,C1_S004,G004,OCCUPIED,OCCUPIED,0.776462372866544
856.0,cctv1,C1_S005,G005,OCCUPIED,LEAVING,0.7036679586948771
856.0,cctv1,C1_S006,G006,EMPTY,MANEUVERING,0.3174279081810153
856.0,cctv2,C2_S001,G007,OCCUPIED,OCCUPIED,0.7497266417199916
856.0,cctv2,C2_S002,G008,OCCUPIED,LEAVING,0.788966606150974
856.0,cctv2,C2_S003,G009,OCCUPIED,OCCUPIED,0.51
856.0,cctv2,C2_S004,G010,OCCUPIED,OCCUPIED,0.762771101770076
856.0,cctv2,C2_S005,G001,EMPTY,EMPTY,0.01
856.0,cctv2,C2_S006,G003,OCCUPIED,OCCUPIED,0.8239161984487013
856.0,cctv2,C2_S007,G004,OCCUPIED,OCCUPIED,0.7983737642114813
856.0,cctv2,C2_S008,G006,OCCUPIED,OCCUPIED,0.7610627989877354
856.0,cctv2,C2_S009,G005,OCCUPIED,OCCUPIED,0.7882373358715665
856.0,cctv2,C2_S010,G002,OCCUPIED,LEAVING,0.7442123930833557
856.0,cctv2,C2_S011,G017,OCCUPIED,LEAVING,0.766454367231239
856.0,cctv2,C2_S012,G018,OCCUPIED,LEAVING,0.767589374089783
856.0,cctv2,C2_S013,G019,OCCUPIED,OCCUPIED,0.8363636973229323
856.0,cctv2,C2_S014,G020,EMPTY,EMPTY,0.01
856.0,cctv3,C3_S001,G021,OCCUPIED,OCCUPIED,0.7976667428558524
856.0,cctv3,C3_S002,G019,EMPTY,EMPTY,0.01
856.0,cctv3,C3_S003,G020,OCCUPIED,OCCUPIED,0.8263823498379101
856.0,cctv3,C3_S004,G024,OCCUPIED,OCCUPIED,0.830504773421721
856.0,cctv3,C3_S005,G025,OCCUPIED,OCCUPIED,0.8288302288814025
856.0,cctv3,C3_S006,G026,OCCUPIED,OCCUPIED,0.8264875428243117
856.0,cctv3,C3_S007,G027,OCCUPIED,OCCUPIED,0.7607501984997229
856.0,cctv3,C3_S008,G028,EMPTY,MANEUVERING,0.085206696760248
856.0,cctv3,C3_S009,G029,EMPTY,MANEUVERING,0.2312175969426718
856.0,cctv3,C3_S010,G007,OCCUPIED,OCCUPIED,0.51
856.0,cctv3,C3_S011,G008,OCCUPIED,OCCUPIED,0.7975643393668262
856.0,cctv3,C3_S012,G009,OCCUPIED,OCCUPIED,0.8222835345701739
857.0,cctv1,C1_S001,G001,OCCUPIED,OCCUPIED,0.7284657082097098
857.0,cctv1,C1_S002,G002,EMPTY,EMPTY,0.01
857.0,cctv1,C1_S003,G003,OCCUPIED,OCCUPIED,0.8377857443961231
857.0,cctv1,C1_S004,G004,OCCUPIED,OCCUPIED,0.7780282046307218
857.0,cctv1,C1_S005,G005,OCCUPIED,LEAVING,0.7036963653203213
857.0,cctv1,C1_S006,G006,EMPTY,MANEUVERING,0.2724279081810153
857.0,cctv2,C2_S001,G007,OCCUPIED,OCCUPIED,0.7476752128790726
857.0,cctv2,C2_S002,G008,OCCUPIED,LEAVING,0.7875710714947094
857.0,cctv2,C2_S003,G009,OCCUPIED,OCCUPIED,0.5104631075059826
857.0,cctv2,C2_S004,G010,OCCUPIED,OCCUPIED,0.7618394876745614
857.0,cctv2,C2_S005,G001,EMPTY,EMPTY,0.01
857.0,cctv2,C2_S006,G003,OCCUPIED,OCCUPIED,0.8236291297457435
857.0,cctv2,C2_S007,G004,OCCUPIED,OCCUPIED,0.7986016203056683
857.0,cctv2,C2_S008,G006,OCCUPIED,OCCUPIED,0.761635784669356
857.0,cctv2,C2_S009,G005,OCCUPIED,OCCUPIED,0.7876035949045962
857.0,cctv2,C2_S010,G002,OCCUPIED,OCCUPIED,0.7424643795869568
857.0,cctv2,C2_S011,G017,OCCUPIED,LEAVING,0.7665433084693823
857.0,cctv2,C2_S012,G018,OCCUPIED,LEAVING,0.7645145770501007
857.0,cctv2,C2_S013,G019,OCCUPIED,OCCUPIED,0.8362703247503802
857.0,cctv2,C2_S014,G020,EMPTY,EMPTY,0.01
857.0,cctv3,C3_S001,G021,OCCUPIED,OCCUPIED,0.7957109947096218
857.0,cctv3,C3_S002,G019,EMPTY,EMPTY,0.01
857.0,cctv3,C3_S003,G020,OCCUPIED,OCCUPIED,0.826370058818297
857.0,cctv3,C3_S004,G024,OCCUPIED,OCCUPIED,0.8303900740363381
857.0,cctv3,C3_S005,G025,OCCUPIED,OCCUPIED,0.8288161993026734
857.0,cctv3,C3_S006,G026,OCCUPIED,OCCUPIED,0.8265246987342835
857.0,cctv3,C3_S007,G027,OCCUPIED,OCCUPIED,0.7619151107289575
857.0,cctv3,C3_S008,G028,EMPTY,MANEUVERING,0.085206696760248
857.0,cctv3,C3_S009,G029,EMPTY,MANEUVERING,0.1895509302760051
857.0,cctv3,C3_S010,G007,OCCUPIED,OCCUPIED,0.5160386601632291
857.0,cctv3,C3_S011,G008,OCCUPIED,OCCUPIED,0.7978036216714166
857.0,cctv3,C3_S012,G009,OCCUPIED,OCCUPIED,0.8225820424881849
858.0,cctv1,C1_S001,G001,OCCUPIED,OCCUPIED,0.7286284703422677
858.0,cctv1,C1_S002,G002,EMPTY,EMPTY,0.01
858.0,cctv1,C1_S003,G003,OCCUPIED,OCCUPIED,0.8378527435389432
858.0,cctv1,C1_S004,G004,OCCUPIED,OCCUPIED,0.7798095047473909
858.0,cctv1,C1_S005,G005,OCCUPIED,LEAVING,0.7029707997405168
858.0,cctv1,C1_S006,G006,EMPTY,MANEUVERING,0.2724279081810153
858.0,cctv2,C2_S001,G007,OCCUPIED,OCCUPIED,0.7430611476979473
858.0,cctv2,C2_S002,G008,OCCUPIED,LEAVING,0.7852129090916027
858.0,cctv2,C2_S003,G009,OCCUPIED,OCCUPIED,0.51
858.0,cctv2,C2_S004,G010,OCCUPIED,OCCUPIED,0.6806257551569831
858.0,cctv2,C2_S005,G001,EMPTY,EMPTY,0.01
858.0,cctv2,C2_S006,G003,OCCUPIED,OCCUPIED,0.8235411337830805
858.0,cctv2,C2_S007,G004,OCCUPIED,OCCUPIED,0.7991650223731995
858.0,cctv2,C2_S008,G006,OCCUPIED,OCCUPIED,0.7608115910129114
858.0,cctv2,C2_S009,G005,OCCUPIED,OCCUPIED,0.7871273776346988
858.0,cctv2,C2_S010,G002,OCCUPIED,OCCUPIED,0.788851737705144
858.0,cctv2,C2_S011,G017,OCCUPIED,OCCUPIED,0.7754556528546594
858.0,cctv2,C2_S012,G018,OCCUPIED,OCCUPIED,0.7626291340724989
858.0,cctv2,C2_S013,G019,OCCUPIED,OCCUPIED,0.8368904262781144
858.0,cctv2,C2_S014,G020,EMPTY,EMPTY,0.01
858.0,cctv3,C3_S001,G021,OCCUPIED,OCCUPIED,0.7954799792983316
858.0,cctv3,C3_S002,G019,EMPTY,EMPTY,0.01
858.0,cctv3,C3_S003,G020,OCCUPIED,OCCUPIED,0.8267898497256366
858.0,cctv3,C3_S004,G024,OCCUPIED,OCCUPIED,0.8303315206007524
858.0,cctv3,C3_S005,G025,OCCUPIED,OCCUPIED,0.8284580024805936
858.0,cctv3,C3_S006,G026,OCCUPIED,OCCUPIED,0.8263892471790314
858.0,cctv3,C3_S007,G027,OCCUPIED,OCCUPIED,0.7600230817090382
858.0,cctv3,C3_S008,G028,EMPTY,MANEUVERING,0.085206696760248
858.0,cctv3,C3_S009,G029,EMPTY,MANEUVERING,0.1895509302760051
858.0,cctv3,C3_S010,G007,OCCUPIED,OCCUPIED,0.5200905265455895
858.0,cctv3,C3_S011,G008,OCCUPIED,OCCUPIED,0.7982641114429995
858.0,cctv3,C3_S012,G009,OCCUPIED,OCCUPIED,0.8228307369080458
859.0,cctv1,C1_S001,G001,OCCUPIED,OCCUPIED,0.7293895961208777
859.0,cctv1,C1_S002,G002,EMPTY,EMPTY,0.01
859.0,cctv1,C1_S003,G003,OCCUPIED,OCCUPIED,0.8377901017665863
859.0,cctv1,C1_S004,G004,OCCUPIED,OCCUPIED,0.7816728089343419
859.0,cctv1,C1_S005,G005,OCCUPIED,LEAVING,0.703738696674506
859.0,cctv1,C1_S006,G006,EMPTY,MANEUVERING,0.2724279081810153
859.0,cctv2,C2_S001,G007,OCCUPIED,OCCUPIED,0.7506257086314939
859.0,cctv2,C2_S002,G008,OCCUPIED,LEAVING,0.7862723255699332
859.0,cctv2,C2_S003,G009,OCCUPIED,OCCUPIED,0.5111780912970955
859.0,cctv2,C2_S004,G010,OCCUPIED,OCCUPIED,0.6817442309517752
859.0,cctv2,C2_S005,G001,EMPTY,EMPTY,0.01
859.0,cctv2,C2_S006,G003,OCCUPIED,OCCUPIED,0.823378717086532
859.0,cctv2,C2_S007,G004,OCCUPIED,OCCUPIED,0.7994865875352514
859.0,cctv2,C2_S008,G006,OCCUPIED,OCCUPIED,0.7592269480228425
859.0,cctv2,C2_S009,G005,OCCUPIED,OCCUPIED,0.7865338795564392
859.0,cctv2,C2_S010,G002,OCCUPIED,OCCUPIED,0.6971493961594322
859.0,cctv2,C2_S011,G017,OCCUPIED,LEAVING,0.7662205582586202
859.0,cctv2,C2_S012,G018,OCCUPIED,LEAVING,0.7649106464602731
859.0,cctv2,C2_S013,G019,OCCUPIED,OCCUPIED,0.8367456796494398
859.0,cctv2,C2_S014,G020,EMPTY,EMPTY,0.01
859.0,cctv3,C3_S001,G021,OCCUPIED,OCCUPIED,0.7955197727138347
859.0,cctv3,C3_S002,G019,EMPTY,EMPTY,0.01
859.0,cctv3,C3_S003,G020,OCCUPIED,OCCUPIED,0.8269678760658612
859.0,cctv3,C3_S004,G024,OCCUPIED,OCCUPIED,0.8301367743448778
859.0,cctv3,C3_S005,G025,OCCUPIED,OCCUPIED,0.8285366505384446
859.0,cctv3,C3_S006,G026,OCCUPIED,OCCUPIED,0.8264773114161059
859.0,cctv3,C3_S007,G027,OCCUPIED,OCCUPIED,0.762326986274936
859.0,cctv3,C3_S008,G028,EMPTY,MANEUVERING,0.085206696760248
859.0,cctv3,C3_S009,G029,EMPTY,MANEUVERING,0.1895509302760051
859.0,cctv3,C3_S010,G007,OCCUPIED,OCCUPIED,0.5247073436325246
859.0,cctv3,C3_S011,G008,OCCUPIED,OCCUPIED,0.8003407256169753
859.0,cctv3,C3_S012,G009,OCCUPIED,OCCUPIED,0.8228763832287356
860.0,cctv1,C1_S001,G001,OCCUPIED,OCCUPIED,0.7303949049250646
860.0,cctv1,C1_S002,G002,EMPTY,EMPTY,0.01
860.0,cctv1,C1_S003,G003,OCCUPIED,OCCUPIED,0.8377885534004732
860.0,cctv1,C1_S004,G004,OCCUPIED,OCCUPIED,0.78297859931534
860.0,cctv1,C1_S005,G005,OCCUPIED,OCCUPIED,0.7595491130243649
860.0,cctv1,C1_S006,G006,EMPTY,MANEUVERING,0.2274279081810153
860.0,cctv2,C2_S001,G007,OCCUPIED,OCCUPIED,0.7507265133613891
860.0,cctv2,C2_S002,G008,OCCUPIED,LEAVING,0.7862750427289443
860.0,cctv2,C2_S003,G009,OCCUPIED,OCCUPIED,0.51
860.0,cctv2,C2_S004,G010,OCCUPIED,OCCUPIED,0.684282186519016
860.0,cctv2,C2_S005,G001,EMPTY,EMPTY,0.01
860.0,cctv2,C2_S006,G003,OCCUPIED,OCCUPIED,0.8227798050100154
860.0,cctv2,C2_S007,G004,OCCUPIED,OCCUPIED,0.7988934982906689
860.0,cctv2,C2_S008,G006,OCCUPIED,OCCUPIED,0.7589514445174824
860.0,cctv2,C2_S009,G005,OCCUPIED,OCCUPIED,0.7863963586362926
860.0,cctv2,C2_S010,G002,OCCUPIED,LEAVING,0.6974441333792427
860.0,cctv2,C2_S011,G017,OCCUPIED,LEAVING,0.7637782322005793
860.0,cctv2,C2_S012,G018,OCCUPIED,LEAVING,0.766920606521043
860.0,cctv2,C2_S013,G019,OCCUPIED,OCCUPIED,0.8372138901190325
860.0,cctv2,C2_S014,G020,EMPTY,EMPTY,0.01
860.0,cctv3,C3_S001,G021,OCCUPIED,OCCUPIED,0.7951280222697692
860.0,cctv3,C3_S002,G019,EMPTY,EMPTY,0.01
860.0,cctv3,C3_S003,G020,OCCUPIED,OCCUPIED,0.8267804709347812
860.0,cctv3,C3_S004,G024,OCCUPIED,OCCUPIED,0.8300688274882058
860.0,cctv3,C3_S005,G025,OCCUPIED,OCCUPIED,0.8284620176662099
860.0,cctv3,C3_S006,G026,OCCUPIED,OCCUPIED,0.8263810054822402
860.0,cctv3,C3_S007,G027,OCCUPIED,OCCUPIED,0.7617976596409625
860.0,cctv3,C3_S008,G028,EMPTY,EMPTY,0.01
860.0,cctv3,C3_S009,G029,EMPTY,MANEUVERING,0.1990604857253757
860.0,cctv3,C3_S010,G007,OCCUPIED,OCCUPIED,0.5247073436325246
860.0,cctv3,C3_S011,G008,OCCUPIED,OCCUPIED,0.80072878761725
860.0,cctv3,C3_S012,G009,OCCUPIED,OCCUPIED,0.8227493180470034
861.0,cctv1,C1_S001,G001,OCCUPIED,OCCUPIED,0.7305714087052779
861.0,cctv1,C1_S002,G002,EMPTY,EMPTY,0.01
861.0,cctv1,C1_S003,G003,OCCUPIED,OCCUPIED,0.8377120364796032
861.0,cctv1,C1_S004,G004,OCCUPIED,OCCUPIED,0.7846798208626835
861.0,cctv1,C1_S005,G005,OCCUPIED,LEAVING,0.7198343232815916
861.0,cctv1,C1_S006,G006,EMPTY,MANEUVERING,0.1771003267439928
861.0,cctv2,C2_S001,G007,OCCUPIED,OCCUPIED,0.7502478906376796
861.0,cctv2,C2_S002,G008,OCCUPIED,LEAVING,0.785201212221926
861.0,cctv2,C2_S003,G009,OCCUPIED,OCCUPIED,0.51
861.0,cctv2,C2_S004,G010,OCCUPIED,OCCUPIED,0.6850878264416348
861.0,cctv2,C2_S005,G001,EMPTY,EMPTY,0.01
861.0,cctv2,C2_S006,G003,OCCUPIED,OCCUPIED,0.8228048105131497
861.0,cctv2,C2_S007,G004,OCCUPIED,OCCUPIED,0.7989936722950503
861.0,cctv2,C2_S008,G006,OCCUPIED,OCCUPIED,0.7599392342296514
861.0,cctv2,C2_S009,G005,OCCUPIED,OCCUPIED,0.786858178946105
861.0,cctv2,C2_S010,G002,OCCUPIED,LEAVING,0.6989455436847427
861.0,cctv2,C2_S011,G017,OCCUPIED,LEAVING,0.7634980791265316
861.0,cctv2,C2_S012,G018,OCCUPIED,LEAVING,0.7677410487424244
861.0,cctv2,C2_S013,G019,OCCUPIED,OCCUPIED,0.8372082867405632
861.0,cctv2,C2_S014,G020,EMPTY,EMPTY,0.01
861.0,cctv3,C3_S001,G021,OCCUPIED,OCCUPIED,0.7957516131075947
861.0,cctv3,C3_S002,G019,EMPTY,EMPTY,0.01
861.0,cctv3,C3_S003,G020,OCCUPIED,OCCUPIED,0.8272864721038126
861.0,cctv3,C3_S004,G024,OCCUPIED,OCCUPIED,0.8300028922882947
861.0,cctv3,C3_S005,G025,OCCUPIED,OCCUPIED,0.8283264758912
861.0,cctv3,C3_S006,G026,OCCUPIED,OCCUPIED,0.8263165105472912
861.0,cctv3,C3_S007,G027,OCCUPIED,OCCUPIED,0.7615496012297545
861.0,cctv3,C3_S008,G028,EMPTY,EMPTY,0.01
861.0,cctv3,C3_S009,G029,EMPTY,MANEUVERING,0.0977525796114721
861.0,cctv3,C3_S010,G007,OCCUPIED,OCCUPIED,0.5749339939363591
861.0,cctv3,C3_S011,G008,OCCUPIED,OCCUPIED,0.8007734008810737
861.0,cctv3,C3_S012,G009,OCCUPIED,OCCUPIED,0.8226005058396947
862.0,cctv1,C1_S001,G001,OCCUPIED,OCCUPIED,0.730611216141419
862.0,cctv1,C1_S002,G002,EMPTY,EMPTY,0.01
862.0,cctv1,C1_S003,G003,OCCUPIED,OCCUPIED,0.8377737354148519
862.0,cctv1,C1_S004,G004,OCCUPIED,OCCUPIED,0.7850462593815544
862.0,cctv1,C1_S005,G005,OCCUPIED,LEAVING,0.7201192319935019
862.0,cctv1,C1_S006,G006,EMPTY,MANEUVERING,0.1771003267439928
862.0,cctv2,C2_S001,G007,OCCUPIED,OCCUPIED,0.7502749738368122
862.0,cctv2,C2_S002,G008,OCCUPIED,LEAVING,0.7853502479466525
862.0,cctv2,C2_S003,G009,OCCUPIED,OCCUPIED,0.51
862.0,cctv2,C2_S004,G010,OCCUPIED,OCCUPIED,0.6508573899485848
862.0,cctv2,C2_S005,G001,EMPTY,EMPTY,0.01
862.0,cctv2,C2_S006,G003,OCCUPIED,OCCUPIED,0.8224788806655191
862.0,cctv2,C2_S007,G004,OCCUPIED,OCCUPIED,0.7984245750037107
862.0,cctv2,C2_S008,G006,OCCUPIED,OCCUPIED,0.7598144830627875
862.0,cctv2,C2_S009,G005,OCCUPIED,OCCUPIED,0.7873252718286081
862.0,cctv2,C2_S010,G002,OCCUPIED,LEAVING,0.6972394540093162
862.0,cctv2,C2_S011,G017,OCCUPIED,LEAVING,0.76530972965739
862.0,cctv2,C2_S012,G018,OCCUPIED,LEAVING,0.7668665852059018
862.0,cctv2,C2_S013,G019,OCCUPIED,OCCUPIED,0.8370925079692495
862.0,cctv2,C2_S014,G020,EMPTY,EMPTY,0.01
862.0,cctv3,C3_S001,G021,OCCUPIED,OCCUPIED,0.7954545430161737
862.0,cctv3,C3_S002,G019,EMPTY,EMPTY,0.01
862.0,cctv3,C3_S003,G020,OCCUPIED,OCCUPIED,0.82737830768932
862.0,cctv3,C3_S004,G024,OCCUPIED,OCCUPIED,0.8298289567232132
862.0,cctv3,C3_S005,G025,OCCUPIED,OCCUPIED,0.8282267034053803
862.0,cctv3,C3_S006,G026,OCCUPIED,OCCUPIED,0.826102471893484
862.0,cctv3,C3_S007,G027,OCCUPIED,OCCUPIED,0.7597709560936148
862.0,cctv3,C3_S008,G028,EMPTY,EMPTY,0.01
862.0,cctv3,C3_S009,G029,EMPTY,MANEUVERING,0.0977525796114721
862.0,cctv3,C3_S010,G007,OCCUPIED,OCCUPIED,0.5736323460007643
862.0,cctv3,C3_S011,G008,OCCUPIED,OCCUPIED,0.8008084272796459
862.0,cctv3,C3_S012,G009,OCCUPIED,OCCUPIED,0.8225329409946096
863.0,cctv1,C1_S001,G001,OCCUPIED,OCCUPIED,0.7313856761563908
863.0,cctv1,C1_S002,G002,EMPTY,EMPTY,0.01
863.0,cctv1,C1_S003,G003,OCCUPIED,OCCUPIED,0.8377408409660514
863.0,cctv1,C1_S004,G004,OCCUPIED,OCCUPIED,0.7858125437389721
863.0,cctv1,C1_S005,G005,OCCUPIED,LEAVING,0.7351889185291349
863.0,cctv1,C1_S006,G006,EMPTY,MANEUVERING,0.1277660993667262
863.0,cctv2,C2_S001,G007,OCCUPIED,OCCUPIED,0.7502005116506058
863.0,cctv2,C2_S002,G008,OCCUPIED,LEAVING,0.7851957437666981
863.0,cctv2,C2_S003,G009,OCCUPIED,OCCUPIED,0.51
863.0,cctv2,C2_S004,G010,OCCUPIED,OCCUPIED,0.6486700457650604
863.0,cctv2,C2_S005,G001,EMPTY,EMPTY,0.01
863.0,cctv2,C2_S006,G003,OCCUPIED,OCCUPIED,0.822341429645365
863.0,cctv2,C2_S007,G004,OCCUPIED,OCCUPIED,0.7978805027224801
863.0,cctv2,C2_S008,G006,OCCUPIED,OCCUPIED,0.7601786368272522
863.0,cctv2,C2_S009,G005,OCCUPIED,OCCUPIED,0.7864887014031411
863.0,cctv2,C2_S010,G002,OCCUPIED,LEAVING,0.7415039511702278
863.0,cctv2,C2_S011,G017,OCCUPIED,LEAVING,0.7640350252660839
863.0,cctv2,C2_S012,G018,OCCUPIED,LEAVING,0.7671360553665595
863.0,cctv2,C2_S013,G019,OCCUPIED,OCCUPIED,0.8370525089177219
863.0,cctv2,C2_S014,G020,EMPTY,EMPTY,0.01
863.0,cctv3,C3_S001,G021,OCCUPIED,OCCUPIED,0.7959188496524638
863.0,cctv3,C3_S002,G019,EMPTY,EMPTY,0.01
863.0,cctv3,C3_S003,G020,OCCUPIED,OCCUPIED,0.8275700401176107
863.0,cctv3,C3_S004,G024,OCCUPIED,OCCUPIED,0.8296938302842054
863.0,cctv3,C3_S005,G025,OCCUPIED,OCCUPIED,0.8280908771536568
863.0,cctv3,C3_S006,G026,OCCUPIED,OCCUPIED,0.8260610780932687
863.0,cctv3,C3_S007,G027,OCCUPIED,OCCUPIED,0.7597691626711326
863.0,cctv3,C3_S008,G028,EMPTY,EMPTY,0.01
863.0,cctv3,C3_S009,G029,EMPTY,MANEUVERING,0.2087537971071221
863.0,cctv3,C3_S010,G007,OCCUPIED,OCCUPIED,0.5286323460007643
863.0,cctv3,C3_S011,G008,OCCUPIED,OCCUPIED,0.8011078877882525
863.0,cctv3,C3_S012,G009,OCCUPIED,OCCUPIED,0.823112104697661
864.0,cctv1,C1_S001,G001,OCCUPIED,OCCUPIED,0.731750210510059
864.0,cctv1,C1_S002,G002,EMPTY,EMPTY,0.01
864.0,cctv1,C1_S003,G003,OCCUPIED,OCCUPIED,0.8377441693436016
864.0,cctv1,C1_S004,G004,OCCUPIED,OCCUPIED,0.7850884862921456
864.0,cctv1,C1_S005,G005,OCCUPIED,LEAVING,0.7503441305503702
864.0,cctv1,C1_S006,G006,EMPTY,MANEUVERING,0.0772456635625073
864.0,cctv2,C2_S001,G007,OCCUPIED,OCCUPIED,0.7509594276547432
864.0,cctv2,C2_S002,G008,OCCUPIED,LEAVING,0.7842122736302289
864.0,cctv2,C2_S003,G009,OCCUPIED,OCCUPIED,0.51
864.0,cctv2,C2_S004,G010,OCCUPIED,OCCUPIED,0.6527910170275153
864.0,cctv2,C2_S005,G001,EMPTY,EMPTY,0.01
864.0,cctv2,C2_S006,G003,OCCUPIED,OCCUPIED,0.822448535940864
864.0,cctv2,C2_S007,G004,OCCUPIED,OCCUPIED,0.797547548738393
864.0,cctv2,C2_S008,G006,OCCUPIED,OCCUPIED,0.7601412610574203
864.0,cctv2,C2_S009,G005,OCCUPIED,OCCUPIED,0.7860543712973596
864.0,cctv2,C2_S010,G002,OCCUPIED,LEAVING,0.7410320611975411
864.0,cctv2,C2_S011,G017,OCCUPIED,LEAVING,0.762616605677388
864.0,cctv2,C2_S012,G018,OCCUPIED,LEAVING,0.7681862279772759
864.0,cctv2,C2_S013,G019,OCCUPIED,OCCUPIED,0.8375305289571936
864.0,cctv2,C2_S014,G020,EMPTY,EMPTY,0.01
864.0,cctv3,C3_S001,G021,OCCUPIED,OCCUPIED,0.7967109271071174
864.0,cctv3,C3_S002,G019,EMPTY,EMPTY,0.01
864.0,cctv3,C3_S003,G020,OCCUPIED,OCCUPIED,0.8269607755270871
864.0,cctv3,C3_S004,G024,OCCUPIED,OCCUPIED,0.8293698706410149
864.0,cctv3,C3_S005,G025,OCCUPIED,OCCUPIED,0.8282197069038045
864.0,cctv3,C3_S006,G026,OCCUPIED,OCCUPIED,0.825994979522445
864.0,cctv3,C3_S007,G027,OCCUPIED,OCCUPIED,0.7591018124060198
864.0,cctv3,C3_S008,G028,EMPTY,EMPTY,0.01
864.0,cctv3,C3_S009,G029,EMPTY,MANEUVERING,0.2109608283232558
864.0,cctv3,C3_S010,G007,OCCUPIED,OCCUPIED,0.6242028145221147
864.0,cctv3,C3_S011,G008,OCCUPIED,OCCUPIED,0.8009669710289349
864.0,cctv3,C3_S012,G009,OCCUPIED,OCCUPIED,0.8234343672340567
865.0,cctv1,C1_S001,G001,OCCUPIED,OCCUPIED,0.7319107407196003
865.0,cctv1,C1_S002,G002,EMPTY,EMPTY,0.01
865.0,cctv1,C1_S003,G003,OCCUPIED,OCCUPIED,0.8377582550048829
865.0,cctv1,C1_S004,G004,OCCUPIED,OCCUPIED,0.7855053381486373
865.0,cctv1,C1_S005,G005,OCCUPIED,LEAVING,0.753213248810985
865.0,cctv1,C1_S006,G006,EMPTY,MANEUVERING,0.075912330229174
865.0,cctv2,C2_S001,G007,OCCUPIED,OCCUPIED,0.749425866116177
865.0,cctv2,C2_S002,G008,OCCUPIED,LEAVING,0.7842598161914133
865.0,cctv2,C2_S003,G009,OCCUPIED,OCCUPIED,0.51
865.0,cctv2,C2_S004,G010,OCCUPIED,OCCUPIED,0.6548770246225776
865.0,cctv2,C2_S005,G001,EMPTY,EMPTY,0.01
865.0,cctv2,C2_S006,G003,OCCUPIED,OCCUPIED,0.8223806110295383
865.0,cctv2,C2_S007,G004,OCCUPIED,OCCUPIED,0.7968460462310099
865.0,cctv2,C2_S008,G006,OCCUPIED,OCCUPIED,0.7588444922458042
865.0,cctv2,C2_S009,G005,OCCUPIED,OCCUPIED,0.7883213219317524
865.0,cctv2,C2_S010,G002,OCCUPIED,LEAVING,0.7413977535746316
865.0,cctv2,C2_S011,G017,OCCUPIED,LEAVING,0.7642720975930042
865.0,cctv2,C2_S012,G018,OCCUPIED,LEAVING,0.765381723235954
865.0,cctv2,C2_S013,G019,OCCUPIED,OCCUPIED,0.8366226946765727
865.0,cctv2,C2_S014,G020,EMPTY,EMPTY,0.01
865.0,cctv3,C3_S001,G021,OCCUPIED,OCCUPIED,0.7962191107598219
865.0,cctv3,C3_S002,G019,EMPTY,EMPTY,0.01
865.0,cctv3,C3_S003,G020,OCCUPIED,OCCUPIED,0.8273129926486449
865.0,cctv3,C3_S004,G024,OCCUPIED,OCCUPIED,0.8293282216245479
865.0,cctv3,C3_S005,G025,OCCUPIED,OCCUPIED,0.8282513049515812
865.0,cctv3,C3_S006,G026,OCCUPIED,OCCUPIED,0.8259684484113348
865.0,cctv3,C3_S007,G027,OCCUPIED,OCCUPIED,0.7582125162536448
865.0,cctv3,C3_S008,G028,EMPTY,EMPTY,0.01
865.0,cctv3,C3_S009,G029,EMPTY,MANEUVERING,0.2109608283232558
865.0,cctv3,C3_S010,G007,OCCUPIED,OCCUPIED,0.6219549853456291
865.0,cctv3,C3_S011,G008,OCCUPIED,OCCUPIED,0.8002204009077767
865.0,cctv3,C3_S012,G009,OCCUPIED,OCCUPIED,0.8230422884225845
866.0,cctv1,C1_S001,G001,OCCUPIED,OCCUPIED,0.7324808204715902
866.0,cctv1,C1_S002,G002,EMPTY,EMPTY,0.01
866.0,cctv1,C1_S003,G003,OCCUPIED,OCCUPIED,0.837747645649043
866.0,cctv1,C1_S004,G004,OCCUPIED,OCCUPIED,0.7863302629102361
866.0,cctv1,C1_S005,G005,OCCUPIED,LEAVING,0.7559665382179348
866.0,cctv1,C1_S006,G006,EMPTY,MANEUVERING,0.0748214211382649
866.0,cctv2,C2_S001,G007,OCCUPIED,OCCUPIED,0.7503892652013086
866.0,cctv2,C2_S002,G008,OCCUPIED,LEAVING,0.7861951283433222
866.0,cctv2,C2_S003,G009,OCCUPIED,OCCUPIED,0.51
866.0,cctv2,C2_S004,G010,OCCUPIED,OCCUPIED,0.699517463576613
866.0,cctv2,C2_S005,G001,EMPTY,EMPTY,0.01
866.0,cctv2,C2_S006,G003,OCCUPIED,OCCUPIED,0.8221582339568572
866.0,cctv2,C2_S007,G004,OCCUPIED,OCCUPIED,0.7971474476835945
866.0,cctv2,C2_S008,G006,OCCUPIED,OCCUPIED,0.7589423156597398
866.0,cctv2,C2_S009,G005,OCCUPIED,OCCUPIED,0.7888150028207086
866.0,cctv2,C2_S010,G002,OCCUPIED,LEAVING,0.7437092160365799
866.0,cctv2,C2_S011,G017,OCCUPIED,LEAVING,0.7660590006817471
866.0,cctv2,C2_S012,G018,OCCUPIED,LEAVING,0.7674077086827973
866.0,cctv2,C2_S013,G019,OCCUPIED,OCCUPIED,0.8358840248801492
866.0,cctv2,C2_S014,G020,EMPTY,EMPTY,0.01
866.0,cctv3,C3_S001,G021,OCCUPIED,OCCUPIED,0.7950834220105952
866.0,cctv3,C3_S002,G019,EMPTY,EMPTY,0.01
866.0,cctv3,C3_S003,G020,OCCUPIED,OCCUPIED,0.8268126054243609
866.0,cctv3,C3_S004,G024,OCCUPIED,OCCUPIED,0.829221847653389
866.0,cctv3,C3_S005,G025,OCCUPIED,OCCUPIED,0.8283871563998136
866.0,cctv3,C3_S006,G026,OCCUPIED,OCCUPIED,0.8260761943730441
866.0,cctv3,C3_S007,G027,OCCUPIED,OCCUPIED,0.7575650289654733
866.0,cctv3,C3_S008,G028,EMPTY,EMPTY,0.01
866.0,cctv3,C3_S009,G029,EMPTY,MANEUVERING,0.2109608283232558
866.0,cctv3,C3_S010,G007,OCCUPIED,OCCUPIED,0.6195005746659907
866.0,cctv3,C3_S011,G008,OCCUPIED,OCCUPIED,0.8005589046261528
866.0,cctv3,C3_S012,G009,OCCUPIED,OCCUPIED,0.8227327086708763
867.0,cctv1,C1_S001,G001,OCCUPIED,OCCUPIED,0.7331051887436347
867.0,cctv1,C1_S002,G002,EMPTY,EMPTY,0.01
867.0,cctv1,C1_S003,G003,OCCUPIED,OCCUPIED,0.8377818641337482
867.0,cctv1,C1_S004,G004,OCCUPIED,OCCUPIED,0.787301540374756
867.0,cctv1,C1_S005,G005,OCCUPIED,LEAVING,0.7701619691469453
867.0,cctv1,C1_S006,G006,EMPTY,EMPTY,0.01
867.0,cctv2,C2_S001,G007,OCCUPIED,OCCUPIED,0.7483157932758332
867.0,cctv2,C2_S002,G008,OCCUPIED,LEAVING,0.7849764268506658
867.0,cctv2,C2_S003,G009,OCCUPIED,OCCUPIED,0.51
867.0,cctv2,C2_S004,G010,OCCUPIED,OCCUPIED,0.6983873610017878
867.0,cctv2,C2_S005,G001,EMPTY,EMPTY,0.01
867.0,cctv2,C2_S006,G003,OCCUPIED,OCCUPIED,0.8221444693478672
867.0,cctv2,C2_S007,G004,OCCUPIED,OCCUPIED,0.7970025978305124
867.0,cctv2,C2_S008,G006,OCCUPIED,OCCUPIED,0.7597136275334793
867.0,cctv2,C2_S009,G005,OCCUPIED,OCCUPIED,0.7888839380307632
867.0,cctv2,C2_S010,G002,OCCUPIED,LEAVING,0.7442701625011185
867.0,cctv2,C2_S011,G017,OCCUPIED,LEAVING,0.7655934541333806
867.0,cctv2,C2_S012,G018,OCCUPIED,LEAVING,0.7685823760249398
867.0,cctv2,C2_S013,G019,OCCUPIED,OCCUPIED,0.8359376706860283
867.0,cctv2,C2_S014,G020,EMPTY,EMPTY,0.01
867.0,cctv3,C3_S001,G021,OCCUPIED,OCCUPIED,0.7949147947809914
867.0,cctv3,C3_S002,G019,EMPTY,EMPTY,0.01
867.0,cctv3,C3_S003,G020,OCCUPIED,OCCUPIED,0.8255043449726972
867.0,cctv3,C3_S004,G024,OCCUPIED,OCCUPIED,0.829024628888477
867.0,cctv3,C3_S005,G025,OCCUPIED,OCCUPIED,0.8282653865489094
867.0,cctv3,C3_S006,G026,OCCUPIED,OCCUPIED,0.8259028618985957
867.0,cctv3,C3_S007,G027,OCCUPIED,OCCUPIED,0.7576636273752559
867.0,cctv3,C3_S008,G028,EMPTY,EMPTY,0.01
867.0,cctv3,C3_S009,G029,EMPTY,MANEUVERING,0.1659608283232559
867.0,cctv3,C3_S010,G007,OCCUPIED,OCCUPIED,0.7004354419130268
867.0,cctv3,C3_S011,G008,OCCUPIED,OCCUPIED,0.8003868132829667
867.0,cctv3,C3_S012,G009,OCCUPIED,OCCUPIED,0.8226011642000892
868.0,cctv1,C1_S001,G001,OCCUPIED,OCCUPIED,0.7338632279499011
868.0,cctv1,C1_S002,G002,EMPTY,EMPTY,0.01
868.0,cctv1,C1_S003,G003,OCCUPIED,OCCUPIED,0.8378005753863942
868.0,cctv1,C1_S004,G004,OCCUPIED,OCCUPIED,0.7881332275542346
868.0,cctv1,C1_S005,G005,OCCUPIED,LEAVING,0.7743654734709047
868.0,cctv1,C1_S006,G006,EMPTY,EMPTY,0.01
868.0,cctv2,C2_S001,G007,OCCUPIED,OCCUPIED,0.7499311302873222
868.0,cctv2,C2_S002,G008,OCCUPIED,LEAVING,0.7843622912060131
868.0,cctv2,C2_S003,G009,OCCUPIED,OCCUPIED,0.51
868.0,cctv2,C2_S004,G010,OCCUPIED,OCCUPIED,0.6960143808839899
868.0,cctv2,C2_S005,G001,EMPTY,EMPTY,0.01
868.0,cctv2,C2_S006,G003,OCCUPIED,OCCUPIED,0.8223222347823057
868.0,cctv2,C2_S007,G004,OCCUPIED,OCCUPIED,0.7969314160672102
868.0,cctv2,C2_S008,G006,OCCUPIED,OCCUPIED,0.7586894252083519
868.0,cctv2,C2_S009,G005,OCCUPIED,OCCUPIED,0.7910396188497544
868.0,cctv2,C2_S010,G002,OCCUPIED,LEAVING,0.7458909740231254
868.0,cctv2,C2_S011,G017,OCCUPIED,LEAVING,0.7650819154219195
868.0,cctv2,C2_S012,G018,OCCUPIED,LEAVING,0.7709888169711288
868.0,cctv2,C2_S013,G019,OCCUPIED,OCCUPIED,0.8360094807364724
868.0,cctv2,C2_S014,G020,EMPTY,EMPTY,0.01
868.0,cctv3,C3_S001,G021,OCCUPIED,OCCUPIED,0.7959370122714476
868.0,cctv3,C3_S002,G019,EMPTY,EMPTY,0.01
868.0,cctv3,C3_S003,G020,OCCUPIED,OCCUPIED,0.8250954308293084
868.0,cctv3,C3_S004,G024,OCCUPIED,OCCUPIED,0.8289180224592037
868.0,cctv3,C3_S005,G025,OCCUPIED,OCCUPIED,0.8279615524140271
868.0,cctv3,C3_S006,G026,OCCUPIED,OCCUPIED,0.8256440522995863
868.0,cctv3,C3_S007,G027,OCCUPIED,OCCUPIED,0.7579396315596321
868.0,cctv3,C3_S008,G028,EMPTY,EMPTY,0.01
868.0,cctv3,C3_S009,G029,EMPTY,MANEUVERING,0.1659608283232559
868.0,cctv3,C3_S010,G007,OCCUPIED,OCCUPIED,0.6998190946199677
868.0,cctv3,C3_S011,G008,OCCUPIED,OCCUPIED,0.8004958987236024
868.0,cctv3,C3_S012,G009,OCCUPIED,OCCUPIED,0.8218568040566011
869.0,cctv1,C1_S001,G001,OCCUPIED,OCCUPIED,0.7334458758207886
869.0,cctv1,C1_S002,G002,EMPTY,EMPTY,0.01
869.0,cctv1,C1_S003,G003,OCCUPIED,OCCUPIED,0.8377563473853199
869.0,cctv1,C1_S004,G004,OCCUPIED,OCCUPIED,0.7881756950508465
869.0,cctv1,C1_S005,G005,OCCUPIED,LEAVING,0.7762739399617369
869.0,cctv1,C1_S006,G006,EMPTY,EMPTY,0.01
869.0,cctv2,C2_S001,G007,OCCUPIED,OCCUPIED,0.7498079669069161
869.0,cctv2,C2_S002,G008,OCCUPIED,LEAVING,0.7847817131064155
869.0,cctv2,C2_S003,G009,OCCUPIED,OCCUPIED,0.51
869.0,cctv2,C2_S004,G010,OCCUPIED,OCCUPIED,0.7353081224520098
869.0,cctv2,C2_S005,G001,EMPTY,EMPTY,0.01
869.0,cctv2,C2_S006,G003,OCCUPIED,OCCUPIED,0.8220531108704481
869.0,cctv2,C2_S007,G004,OCCUPIED,OCCUPIED,0.7967183397574858
869.0,cctv2,C2_S008,G006,OCCUPIED,OCCUPIED,0.7592189278114926
869.0,cctv2,C2_S009,G005,OCCUPIED,OCCUPIED,0.7921395846388557
869.0,cctv2,C2_S010,G002,OCCUPIED,OCCUPIED,0.7466336517713288
869.0,cctv2,C2_S011,G017,OCCUPIED,LEAVING,0.7653421303358946
869.0,cctv2,C2_S012,G018,OCCUPIED,LEAVING,0.7748579754070802
869.0,cctv2,C2_S013,G019,OCCUPIED,OCCUPIED,0.8360459669069811
869.0,cctv2,C2_S014,G020,EMPTY,EMPTY,0.01
869.0,cctv3,C3_S001,G021,OCCUPIED,OCCUPIED,0.7954755008220673
869.0,cctv3,C3_S002,G019,EMPTY,EMPTY,0.01
869.0,cctv3,C3_S003,G020,OCCUPIED,OCCUPIED,0.8250294493003325
869.0,cctv3,C3_S004,G024,OCCUPIED,OCCUPIED,0.8284467957236551
869.0,cctv3,C3_S005,G025,OCCUPIED,OCCUPIED,0.8282271276820791
869.0,cctv3,C3_S006,G026,OCCUPIED,OCCUPIED,0.8255968551744115
869.0,cctv3,C3_S007,G027,OCCUPIED,OCCUPIED,0.7575709074735643
869.0,cctv3,C3_S008,G028,EMPTY,EMPTY,0.01
869.0,cctv3,C3_S009,G029,EMPTY,MANEUVERING,0.1659608283232559
869.0,cctv3,C3_S010,G007,OCCUPIED,OCCUPIED,0.6960245715397777
869.0,cctv3,C3_S011,G008,OCCUPIED,OCCUPIED,0.7996390735561199
869.0,cctv3,C3_S012,G009,OCCUPIED,OCCUPIED,0.8214769301089374
870.0,cctv1,C1_S001,G001,OCCUPIED,OCCUPIED,0.7328513753685085
870.0,cctv1,C1_S002,G002,EMPTY,EMPTY,0.01
870.0,cctv1,C1_S003,G003,OCCUPIED,OCCUPIED,0.8378000885248185
870.0,cctv1,C1_S004,G004,OCCUPIED,OCCUPIED,0.7871932335875251
870.0,cctv1,C1_S005,G005,OCCUPIED,OCCUPIED,0.7745629291642797
870.0,cctv1,C1_S006,G006,EMPTY,EMPTY,0.01
870.0,cctv2,C2_S001,G007,OCCUPIED,OCCUPIED,0.7426025488837199
870.0,cctv2,C2_S002,G008,OCCUPIED,LEAVING,0.7843993959101765
870.0,cctv2,C2_S003,G009,OCCUPIED,OCCUPIED,0.51
870.0,cctv2,C2_S004,G010,OCCUPIED,OCCUPIED,0.7393053769726645
870.0,cctv2,C2_S005,G001,EMPTY,EMPTY,0.01
870.0,cctv2,C2_S006,G003,OCCUPIED,OCCUPIED,0.8221471052278173
870.0,cctv2,C2_S007,G004,OCCUPIED,OCCUPIED,0.7967026203870774
870.0,cctv2,C2_S008,G006,OCCUPIED,OCCUPIED,0.7611325839703734
870.0,cctv2,C2_S009,G005,OCCUPIED,OCCUPIED,0.7916344726627524
870.0,cctv2,C2_S010,G002,OCCUPIED,OCCUPIED,0.794500231742859
870.0,cctv2,C2_S011,G017,OCCUPIED,OCCUPIED,0.7758449242873626
870.0,cctv2,C2_S012,G018,OCCUPIED,OCCUPIED,0.7787783128294079
870.0,cctv2,C2_S013,G019,OCCUPIED,OCCUPIED,0.8353571626273069
870.0,cctv2,C2_S014,G020,EMPTY,EMPTY,0.01
870.0,cctv3,C3_S001,G021,OCCUPIED,OCCUPIED,0.7960960640148683
870.0,cctv3,C3_S002,G019,EMPTY,EMPTY,0.01
870.0,cctv3,C3_S003,G020,OCCUPIED,OCCUPIED,0.8250890577381308
870.0,cctv3,C3_S004,G024,OCCUPIED,OCCUPIED,0.8283037128773603
870.0,cctv3,C3_S005,G025,OCCUPIED,OCCUPIED,0.8279606331478466
870.0,cctv3,C3_S006,G026,OCCUPIED,OCCUPIED,0.8255290391770277
870.0,cctv3,C3_S007,G027,OCCUPIED,OCCUPIED,0.7569703551855955
870.0,cctv3,C3_S008,G028,EMPTY,EMPTY,0.01
870.0,cctv3,C3_S009,G029,EMPTY,MANEUVERING,0.1659608283232559
870.0,cctv3,C3_S010,G007,OCCUPIED,OCCUPIED,0.6931406976598682
870.0,cctv3,C3_S011,G008,OCCUPIED,OCCUPIED,0.7984993647445333
870.0,cctv3,C3_S012,G009,OCCUPIED,OCCUPIED,0.8205701768398286
871.0,cctv1,C1_S001,G001,OCCUPIED,OCCUPIED,0.7322562374851921
871.0,cctv1,C1_S002,G002,EMPTY,EMPTY,0.01
871.0,cctv1,C1_S003,G003,OCCUPIED,OCCUPIED,0.8377863426100125
871.0,cctv1,C1_S004,G004,OCCUPIED,OCCUPIED,0.7855748902667653
871.0,cctv1,C1_S005,G005,OCCUPIED,OCCUPIED,0.7706908511844549
871.0,cctv1,C1_S006,G006,EMPTY,EMPTY,0.01
871.0,cctv2,C2_S001,G007,OCCUPIED,LEAVING,0.7411497476426039
871.0,cctv2,C2_S002,G008,OCCUPIED,LEAVING,0.7868134604258972
871.0,cctv2,C2_S003,G009,OCCUPIED,OCCUPIED,0.51
871.0,cctv2,C2_S004,G010,OCCUPIED,OCCUPIED,0.742639771368016
871.0,cctv2,C2_S005,G001,EMPTY,EMPTY,0.01
871.0,cctv2,C2_S006,G003,OCCUPIED,OCCUPIED,0.8226311334154823
871.0,cctv2,C2_S007,G004,OCCUPIED,OCCUPIED,0.7970837200229819
871.0,cctv2,C2_S008,G006,OCCUPIED,OCCUPIED,0.7599593544548209
871.0,cctv2,C2_S009,G005,OCCUPIED,OCCUPIED,0.7894534465941516
871.0,cctv2,C2_S010,G002,OCCUPIED,OCCUPIED,0.7950274751944976
871.0,cctv2,C2_S011,G017,OCCUPIED,OCCUPIED,0.7762780278921128
871.0,cctv2,C2_S012,G018,OCCUPIED,OCCUPIED,0.7794175116853281
871.0,cctv2,C2_S013,G019,OCCUPIED,OCCUPIED,0.8345700415697965
871.0,cctv2,C2_S014,G020,EMPTY,EMPTY,0.01
871.0,cctv3,C3_S001,G021,OCCUPIED,OCCUPIED,0.7964191417802464
871.0,cctv3,C3_S002,G019,EMPTY,EMPTY,0.01
871.0,cctv3,C3_S003,G020,OCCUPIED,OCCUPIED,0.8244304949587042
871.0,cctv3,C3_S004,G024,OCCUPIED,OCCUPIED,0.8281976542689584
871.0,cctv3,C3_S005,G025,OCCUPIED,OCCUPIED,0.8277659470384772
871.0,cctv3,C3_S006,G026,OCCUPIED,OCCUPIED,0.825354106317867
871.0,cctv3,C3_S007,G027,OCCUPIED,OCCUPIED,0.7569590874693611
871.0,cctv3,C3_S008,G028,EMPTY,EMPTY,0.01
871.0,cctv3,C3_S009,G029,EMPTY,MANEUVERING,0.1659608283232559
871.0,cctv3,C3_S010,G007,OCCUPIED,OCCUPIED,0.7288062562454831
871.0,cctv3,C3_S011,G008,OCCUPIED,OCCUPIED,0.7977190304886211
871.0,cctv3,C3_S012,G009,OCCUPIED,OCCUPIED,0.820484070615335
872.0,cctv1,C1_S001,G001,OCCUPIED,OCCUPIED,0.7329188918525523
872.0,cctv1,C1_S002,G002,EMPTY,EMPTY,0.01
872.0,cctv1,C1_S003,G003,OCCUPIED,OCCUPIED,0.83792359856042
872.0,cctv1,C1_S004,G004,OCCUPIED,OCCUPIED,0.7845692585815084
872.0,cctv1,C1_S005,G005,OCCUPIED,OCCUPIED,0.7751032776453279
872.0,cctv1,C1_S006,G006,EMPTY,EMPTY,0.01
872.0,cctv2,C2_S001,G007,OCCUPIED,LEAVING,0.7410793811082841
872.0,cctv2,C2_S002,G008,OCCUPIED,LEAVING,0.7885452343658969
872.0,cctv2,C2_S003,G009,OCCUPIED,OCCUPIED,0.51
872.0,cctv2,C2_S004,G010,OCCUPIED,OCCUPIED,0.7402952305633914
872.0,cctv2,C2_S005,G001,EMPTY,EMPTY,0.01
872.0,cctv2,C2_S006,G003,OCCUPIED,OCCUPIED,0.8226588219404221
872.0,cctv2,C2_S007,G004,OCCUPIED,OCCUPIED,0.7975780259479177
872.0,cctv2,C2_S008,G006,OCCUPIED,OCCUPIED,0.759604256396944
872.0,cctv2,C2_S009,G005,OCCUPIED,OCCUPIED,0.7904310215603222
872.0,cctv2,C2_S010,G002,OCCUPIED,OCCUPIED,0.7933962028134953
872.0,cctv2,C2_S011,G017,OCCUPIED,OCCUPIED,0.7756919518113137
872.0,cctv2,C2_S012,G018,OCCUPIED,OCCUPIED,0.7796480918472464
872.0,cctv2,C2_S013,G019,OCCUPIED,OCCUPIED,0.834674406322566
872.0,cctv2,C2_S014,G020,EMPTY,EMPTY,0.01
872.0,cctv3,C3_S001,G021,OCCUPIED,OCCUPIED,0.7939055575565859
872.0,cctv3,C3_S002,G019,EMPTY,EMPTY,0.01
872.0,cctv3,C3_S003,G020,OCCUPIED,OCCUPIED,0.8239889984781092
872.0,cctv3,C3_S004,G024,OCCUPIED,OCCUPIED,0.8278525043617596
872.0,cctv3,C3_S005,G025,OCCUPIED,OCCUPIED,0.8278874023394152
872.0,cctv3,C3_S006,G026,OCCUPIED,OCCUPIED,0.825259443846616
872.0,cctv3,C3_S007,G027,OCCUPIED,OCCUPIED,0.7569263043728742
872.0,cctv3,C3_S008,G028,EMPTY,EMPTY,0.01
872.0,cctv3,C3_S009,G029,EMPTY,MANEUVERING,0.1659608283232559
872.0,cctv3,C3_S010,G007,OCCUPIED,OCCUPIED,0.7287408890236509
872.0,cctv3,C3_S011,G008,OCCUPIED,OCCUPIED,0.7975417941808701
872.0,cctv3,C3_S012,G009,OCCUPIED,OCCUPIED,0.8205966981974515
873.0,cctv1,C1_S001,G001,OCCUPIED,OCCUPIED,0.732886472886259
873.0,cctv1,C1_S002,G002,EMPTY,EMPTY,0.01
873.0,cctv1,C1_S003,G003,OCCUPIED,OCCUPIED,0.8378964936191386
873.0,cctv1,C1_S004,G004,OCCUPIED,OCCUPIED,0.7797255772081289
873.0,cctv1,C1_S005,G005,OCCUPIED,OCCUPIED,0.7784687627445568
873.0,cctv1,C1_S006,G006,EMPTY,EMPTY,0.01
873.0,cctv2,C2_S001,G007,OCCUPIED,LEAVING,0.742552059550177
873.0,cctv2,C2_S002,G008,OCCUPIED,LEAVING,0.7889229048382153
873.0,cctv2,C2_S003,G009,OCCUPIED,OCCUPIED,0.51
873.0,cctv2,C2_S004,G010,OCCUPIED,OCCUPIED,0.778254071623087
873.0,cctv2,C2_S005,G001,EMPTY,EMPTY,0.01
873.0,cctv2,C2_S006,G003,OCCUPIED,OCCUPIED,0.822481441768733
873.0,cctv2,C2_S007,G004,OCCUPIED,OCCUPIED,0.7979267456314781
873.0,cctv2,C2_S008,G006,OCCUPIED,OCCUPIED,0.7587712179530751
873.0,cctv2,C2_S009,G005,OCCUPIED,OCCUPIED,0.7915825036439029
873.0,cctv2,C2_S010,G002,OCCUPIED,OCCUPIED,0.7026176997206428
873.0,cctv2,C2_S011,G017,OCCUPIED,LEAVING,0.7654746286164631
873.0,cctv2,C2_S012,G018,OCCUPIED,LEAVING,0.7783282808282159
873.0,cctv2,C2_S013,G019,OCCUPIED,OCCUPIED,0.8347504225644199
873.0,cctv2,C2_S014,G020,EMPTY,EMPTY,0.01
873.0,cctv3,C3_S001,G021,OCCUPIED,OCCUPIED,0.7943034648895264
873.0,cctv3,C3_S002,G019,EMPTY,EMPTY,0.01
873.0,cctv3,C3_S003,G020,OCCUPIED,OCCUPIED,0.8235669675198469
873.0,cctv3,C3_S004,G024,OCCUPIED,OCCUPIED,0.8277059297670019
873.0,cctv3,C3_S005,G025,OCCUPIED,OCCUPIED,0.8278738726269116
873.0,cctv3,C3_S006,G026,OCCUPIED,OCCUPIED,0.8252949002114209
873.0,cctv3,C3_S007,G027,OCCUPIED,OCCUPIED,0.756994337385351
873.0,cctv3,C3_S008,G028,EMPTY,EMPTY,0.01
873.0,cctv3,C3_S009,G029,EMPTY,MANEUVERING,0.1659608283232559
873.0,cctv3,C3_S010,G007,OCCUPIED,OCCUPIED,0.7276415945995938
873.0,cctv3,C3_S011,G008,OCCUPIED,OCCUPIED,0.7968554347753526
873.0,cctv3,C3_S012,G009,OCCUPIED,OCCUPIED,0.8202196381308816
874.0,cctv1,C1_S001,G001,OCCUPIED,OCCUPIED,0.7318836942992428
874.0,cctv1,C1_S002,G002,EMPTY,EMPTY,0.01
874.0,cctv1,C1_S003,G003,OCCUPIED,OCCUPIED,0.8379400461912155
874.0,cctv1,C1_S004,G004,OCCUPIED,OCCUPIED,0.776795193552971
874.0,cctv1,C1_S005,G005,OCCUPIED,OCCUPIED,0.7838873325423762
874.0,cctv1,C1_S006,G006,EMPTY,EMPTY,0.01
874.0,cctv2,C2_S001,G007,OCCUPIED,LEAVING,0.7499985435469585
874.0,cctv2,C2_S002,G008,OCCUPIED,LEAVING,0.7881155582991514
874.0,cctv2,C2_S003,G009,OCCUPIED,OCCUPIED,0.511965388560837
874.0,cctv2,C2_S004,G010,OCCUPIED,OCCUPIED,0.7832991769367998
874.0,cctv2,C2_S005,G001,EMPTY,EMPTY,0.01
874.0,cctv2,C2_S006,G003,OCCUPIED,OCCUPIED,0.8226177321238952
874.0,cctv2,C2_S007,G004,OCCUPIED,OCCUPIED,0.798087118159641
874.0,cctv2,C2_S008,G006,OCCUPIED,OCCUPIED,0.7574096937071194
874.0,cctv2,C2_S009,G005,OCCUPIED,OCCUPIED,0.7912342326207595
874.0,cctv2,C2_S010,G002,OCCUPIED,LEAVING,0.7040439992330292
874.0,cctv2,C2_S011,G017,OCCUPIED,LEAVING,0.7661938146027653
874.0,cctv2,C2_S012,G018,OCCUPIED,LEAVING,0.7769096531651237
874.0,cctv2,C2_S013,G019,OCCUPIED,OCCUPIED,0.834741278670051
874.0,cctv2,C2_S014,G020,EMPTY,EMPTY,0.01
874.0,cctv3,C3_S001,G021,OCCUPIED,OCCUPIED,0.7943131143396551
874.0,cctv3,C3_S002,G019,EMPTY,EMPTY,0.01
874.0,cctv3,C3_S003,G020,OCCUPIED,OCCUPIED,0.8233211747624658
874.0,cctv3,C3_S004,G024,OCCUPIED,OCCUPIED,0.8275952658870004
874.0,cctv3,C3_S005,G025,OCCUPIED,OCCUPIED,0.827755346623334
874.0,cctv3,C3_S006,G026,OCCUPIED,OCCUPIED,0.8250207662582398
874.0,cctv3,C3_S007,G027,OCCUPIED,OCCUPIED,0.7564953672614965
874.0,cctv3,C3_S008,G028,EMPTY,EMPTY,0.01
874.0,cctv3,C3_S009,G029,EMPTY,MANEUVERING,0.2102929979528893
874.0,cctv3,C3_S010,G007,OCCUPIED,OCCUPIED,0.6826415945995938
874.0,cctv3,C3_S011,G008,OCCUPIED,OCCUPIED,0.797831340269609
874.0,cctv3,C3_S012,G009,OCCUPIED,OCCUPIED,0.819823137738488
875.0,cctv1,C1_S001,G001,OCCUPIED,OCCUPIED,0.7327087369154801
875.0,cctv1,C1_S002,G002,EMPTY,EMPTY,0.01
875.0,cctv1,C1_S003,G003,OCCUPIED,OCCUPIED,0.8379492534832522
875.0,cctv1,C1_S004,G004,OCCUPIED,OCCUPIED,0.7772619905796918
875.0,cctv1,C1_S005,G005,OCCUPIED,OCCUPIED,0.7832805286754262
875.0,cctv1,C1_S006,G006,EMPTY,EMPTY,0.01
875.0,cctv2,C2_S001,G007,OCCUPIED,LEAVING,0.7503138481893323
875.0,cctv2,C2_S002,G008,OCCUPIED,LEAVING,0.7883624873378061
875.0,cctv2,C2_S003,G009,OCCUPIED,OCCUPIED,0.5462099406897247
875.0,cctv2,C2_S004,G010,OCCUPIED,OCCUPIED,0.7826757007024505
875.0,cctv2,C2_S005,G001,EMPTY,EMPTY,0.01
875.0,cctv2,C2_S006,G003,OCCUPIED,OCCUPIED,0.8224054182117636
875.0,cctv2,C2_S007,G004,OCCUPIED,OCCUPIED,0.798725278269161
875.0,cctv2,C2_S008,G006,OCCUPIED,LEAVING,0.7561693528836424
875.0,cctv2,C2_S009,G005,OCCUPIED,OCCUPIED,0.7905298512090337
875.0,cctv2,C2_S010,G002,OCCUPIED,LEAVING,0.7047218721292237
875.0,cctv2,C2_S011,G017,OCCUPIED,LEAVING,0.7666992504759269
875.0,cctv2,C2_S012,G018,OCCUPIED,LEAVING,0.7749202002178539
875.0,cctv2,C2_S013,G019,OCCUPIED,OCCUPIED,0.8345120863481001
875.0,cctv2,C2_S014,G020,EMPTY,EMPTY,0.01
875.0,cctv3,C3_S001,G021,OCCUPIED,OCCUPIED,0.7948439893397419
875.0,cctv3,C3_S002,G019,EMPTY,EMPTY,0.01
875.0,cctv3,C3_S003,G020,OCCUPIED,OCCUPIED,0.823657943985679
875.0,cctv3,C3_S004,G024,OCCUPIED,OCCUPIED,0.8277194042097439
875.0,cctv3,C3_S005,G025,OCCUPIED,OCCUPIED,0.8275269353931601
875.0,cctv3,C3_S006,G026,OCCUPIED,OCCUPIED,0.8251189025965604
875.0,cctv3,C3_S007,G027,OCCUPIED,OCCUPIED,0.7618100335652178
875.0,cctv3,C3_S008,G028,EMPTY,EMPTY,0.01
875.0,cctv3,C3_S009,G029,EMPTY,MANEUVERING,0.2102929979528893
875.0,cctv3,C3_S010,G007,OCCUPIED,OCCUPIED,0.6851442811299454
875.0,cctv3,C3_S011,G008,OCCUPIED,OCCUPIED,0.7992504889314825
875.0,cctv3,C3_S012,G009,OCCUPIED,OCCUPIED,0.8198468817905947
876.0,cctv1,C1_S001,G001,OCCUPIED,OCCUPIED,0.7331303222612902
876.0,cctv1,C1_S002,G002,EMPTY,EMPTY,0.01
876.0,cctv1,C1_S003,G003,OCCUPIED,OCCUPIED,0.8377384920011868
876.0,cctv1,C1_S004,G004,OCCUPIED,OCCUPIED,0.7766558812423187
876.0,cctv1,C1_S005,G005,OCCUPIED,OCCUPIED,0.782046277685599
876.0,cctv1,C1_S006,G006,EMPTY,EMPTY,0.01
876.0,cctv2,C2_S001,G007,OCCUPIED,LEAVING,0.7510297750884837
876.0,cctv2,C2_S002,G008,OCCUPIED,LEAVING,0.7894886363636364
876.0,cctv2,C2_S003,G009,OCCUPIED,OCCUPIED,0.51
876.0,cctv2,C2_S004,G010,OCCUPIED,OCCUPIED,0.7804766343398528
876.0,cctv2,C2_S005,G001,EMPTY,EMPTY,0.01
876.0,cctv2,C2_S006,G003,OCCUPIED,OCCUPIED,0.8225087596611543
876.0,cctv2,C2_S007,G004,OCCUPIED,OCCUPIED,0.8001548330892216
876.0,cctv2,C2_S008,G006,OCCUPIED,LEAVING,0.7553678795695306
876.0,cctv2,C2_S009,G005,OCCUPIED,OCCUPIED,0.7918813651258296
876.0,cctv2,C2_S010,G002,OCCUPIED,LEAVING,0.7053960855982521
876.0,cctv2,C2_S011,G017,OCCUPIED,LEAVING,0.7641511482542213
876.0,cctv2,C2_S012,G018,OCCUPIED,LEAVING,0.7739431117068638
876.0,cctv2,C2_S013,G019,OCCUPIED,OCCUPIED,0.8353002900427039
876.0,cctv2,C2_S014,G020,EMPTY,EMPTY,0.01
876.0,cctv3,C3_S001,G021,OCCUPIED,OCCUPIED,0.7946116442030127
876.0,cctv3,C3_S002,G019,EMPTY,EMPTY,0.01
876.0,cctv3,C3_S003,G020,OCCUPIED,OCCUPIED,0.8234075443311172
876.0,cctv3,C3_S004,G024,OCCUPIED,OCCUPIED,0.8274755905974995
876.0,cctv3,C3_S005,G025,OCCUPIED,OCCUPIED,0.8276545199480925
876.0,cctv3,C3_S006,G026,OCCUPIED,OCCUPIED,0.8252458572387695
876.0,cctv3,C3_S007,G027,OCCUPIED,LEAVING,0.7678456321358681
876.0,cctv3,C3_S008,G028,EMPTY,EMPTY,0.01
876.0,cctv3,C3_S009,G029,EMPTY,MANEUVERING,0.1502929979528893
876.0,cctv3,C3_S010,G007,OCCUPIED,OCCUPIED,0.6031269200462284
876.0,cctv3,C3_S011,G008,OCCUPIED,OCCUPIED,0.8015366876667197
876.0,cctv3,C3_S012,G009,OCCUPIED,OCCUPIED,0.8196361308748072
877.0,cctv1,C1_S001,G001,OCCUPIED,OCCUPIED,0.7329606552692978
877.0,cctv1,C1_S002,G002,EMPTY,EMPTY,0.01
877.0,cctv1,C1_S003,G003,OCCUPIED,OCCUPIED,0.8378774377432737
877.0,cctv1,C1_S004,G004,OCCUPIED,OCCUPIED,0.7760504798455672
877.0,cctv1,C1_S005,G005,OCCUPIED,LEAVING,0.7791350962086158
877.0,cctv1,C1_S006,G006,EMPTY,MANEUVERING,0.2376252872835506
877.0,cctv2,C2_S001,G007,OCCUPIED,LEAVING,0.7571260285648433
877.0,cctv2,C2_S002,G008,OCCUPIED,LEAVING,0.79048061885617
877.0,cctv2,C2_S003,G009,OCCUPIED,OCCUPIED,0.51
877.0,cctv2,C2_S004,G010,OCCUPIED,OCCUPIED,0.779235035722906
877.0,cctv2,C2_S005,G001,EMPTY,EMPTY,0.01
877.0,cctv2,C2_S006,G003,OCCUPIED,OCCUPIED,0.8226652795618231
877.0,cctv2,C2_S007,G004,OCCUPIED,OCCUPIED,0.8006974122741006
877.0,cctv2,C2_S008,G006,OCCUPIED,LEAVING,0.7541917463595218
877.0,cctv2,C2_S009,G005,OCCUPIED,OCCUPIED,0.7933653574098241
877.0,cctv2,C2_S010,G002,OCCUPIED,LEAVING,0.7506793340227822
877.0,cctv2,C2_S011,G017,OCCUPIED,LEAVING,0.7656324908408253
877.0,cctv2,C2_S012,G018,OCCUPIED,LEAVING,0.7709356564012442
877.0,cctv2,C2_S013,G019,OCCUPIED,OCCUPIED,0.8359898282722994
877.0,cctv2,C2_S014,G020,EMPTY,EMPTY,0.01
877.0,cctv3,C3_S001,G021,OCCUPIED,OCCUPIED,0.7950418087569151
877.0,cctv3,C3_S002,G019,EMPTY,EMPTY,0.01
877.0,cctv3,C3_S003,G020,OCCUPIED,OCCUPIED,0.8238027263771405
877.0,cctv3,C3_S004,G024,OCCUPIED,OCCUPIED,0.8273553447289901
877.0,cctv3,C3_S005,G025,OCCUPIED,OCCUPIED,0.8274856171824716
877.0,cctv3,C3_S006,G026,OCCUPIED,OCCUPIED,0.8250993208451705
877.0,cctv3,C3_S007,G027,OCCUPIED,LEAVING,0.6874887405742298
877.0,cctv3,C3_S008,G028,EMPTY,EMPTY,0.01
877.0,cctv3,C3_S009,G029,EMPTY,MANEUVERING,0.2340650297447361
877.0,cctv3,C3_S010,G007,OCCUPIED,LEAVING,0.51
877.0,cctv3,C3_S011,G008,OCCUPIED,OCCUPIED,0.8016441906040366
877.0,cctv3,C3_S012,G009,OCCUPIED,OCCUPIED,0.8205183134837585
878.0,cctv1,C1_S001,G001,OCCUPIED,OCCUPIED,0.732868433811448
878.0,cctv1,C1_S002,G002,EMPTY,EMPTY,0.01
878.0,cctv1,C1_S003,G003,OCCUPIED,OCCUPIED,0.837283541397615
878.0,cctv1,C1_S004,G004,OCCUPIED,OCCUPIED,0.7753758351911199
878.0,cctv1,C1_S005,G005,OCCUPIED,LEAVING,0.7754960989410228
878.0,cctv1,C1_S006,G006,EMPTY,MANEUVERING,0.3155721805176951
878.0,cctv2,C2_S001,G007,OCCUPIED,LEAVING,0.7559411222961816
878.0,cctv2,C2_S002,G008,OCCUPIED,LEAVING,0.792247641899369
878.0,cctv2,C2_S003,G009,OCCUPIED,OCCUPIED,0.51
878.0,cctv2,C2_S004,G010,OCCUPIED,OCCUPIED,0.7805905298753218
878.0,cctv2,C2_S005,G001,EMPTY,EMPTY,0.01
878.0,cctv2,C2_S006,G003,OCCUPIED,OCCUPIED,0.8224011778831483
878.0,cctv2,C2_S007,G004,OCCUPIED,OCCUPIED,0.8013658667152579
878.0,cctv2,C2_S008,G006,OCCUPIED,LEAVING,0.7526079364798286
878.0,cctv2,C2_S009,G005,OCCUPIED,OCCUPIED,0.7940916500308297
878.0,cctv2,C2_S010,G002,OCCUPIED,LEAVING,0.7498036607287147
878.0,cctv2,C2_S011,G017,OCCUPIED,LEAVING,0.7689316518198361
878.0,cctv2,C2_S012,G018,OCCUPIED,LEAVING,0.770366162874482
878.0,cctv2,C2_S013,G019,OCCUPIED,OCCUPIED,0.8351907925172286
878.0,cctv2,C2_S014,G020,EMPTY,EMPTY,0.01
878.0,cctv3,C3_S001,G021,OCCUPIED,OCCUPIED,0.7938032719221982
878.0,cctv3,C3_S002,G019,EMPTY,EMPTY,0.01
878.0,cctv3,C3_S003,G020,OCCUPIED,OCCUPIED,0.8242215256799352
878.0,cctv3,C3_S004,G024,OCCUPIED,OCCUPIED,0.8273485465483232
878.0,cctv3,C3_S005,G025,OCCUPIED,OCCUPIED,0.8275631248950959
878.0,cctv3,C3_S006,G026,OCCUPIED,OCCUPIED,0.8233546893705022
878.0,cctv3,C3_S007,G027,OCCUPIED,LEAVING,0.6074443621256136
878.0,cctv3,C3_S008,G028,EMPTY,EMPTY,0.01
878.0,cctv3,C3_S009,G029,EMPTY,MANEUVERING,0.1890650297447361
878.0,cctv3,C3_S010,G007,OCCUPIED,LEAVING,0.5586518495134785
878.0,cctv3,C3_S011,G008,OCCUPIED,LEAVING,0.7961439792405476
878.0,cctv3,C3_S012,G009,OCCUPIED,OCCUPIED,0.8213312203233893
879.0,cctv1,C1_S001,G001,OCCUPIED,OCCUPIED,0.732775989445773
879.0,cctv1,C1_S002,G002,EMPTY,EMPTY,0.01
879.0,cctv1,C1_S003,G003,OCCUPIED,OCCUPIED,0.8374157426032154
879.0,cctv1,C1_S004,G004,OCCUPIED,OCCUPIED,0.7741669457067144
879.0,cctv1,C1_S005,G005,OCCUPIED,LEAVING,0.7696390562436798
879.0,cctv1,C1_S006,G006,EMPTY,MANEUVERING,0.3155721805176951
879.0,cctv2,C2_S001,G007,OCCUPIED,LEAVING,0.7569276607172056
879.0,cctv2,C2_S002,G008,OCCUPIED,LEAVING,0.7955154169689526
879.0,cctv2,C2_S003,G009,OCCUPIED,OCCUPIED,0.51
879.0,cctv2,C2_S004,G010,OCCUPIED,OCCUPIED,0.7810776084661485
879.0,cctv2,C2_S005,G001,EMPTY,EMPTY,0.01
879.0,cctv2,C2_S006,G003,OCCUPIED,OCCUPIED,0.8221189127726989
879.0,cctv2,C2_S007,G004,OCCUPIED,OCCUPIED,0.8026273535056548
879.0,cctv2,C2_S008,G006,OCCUPIED,LEAVING,0.7538015068932014
879.0,cctv2,C2_S009,G005,OCCUPIED,OCCUPIED,0.7927763849496842
879.0,cctv2,C2_S010,G002,OCCUPIED,LEAVING,0.748787859000943
879.0,cctv2,C2_S011,G017,OCCUPIED,LEAVING,0.7720614695007152
879.0,cctv2,C2_S012,G018,OCCUPIED,LEAVING,0.7692988127470017
879.0,cctv2,C2_S013,G019,OCCUPIED,OCCUPIED,0.8350878989154643
879.0,cctv2,C2_S014,G020,EMPTY,EMPTY,0.01
879.0,cctv3,C3_S001,G021,OCCUPIED,OCCUPIED,0.7928392811255022
879.0,cctv3,C3_S002,G019,EMPTY,EMPTY,0.01
879.0,cctv3,C3_S003,G020,OCCUPIED,OCCUPIED,0.8237926737828689
879.0,cctv3,C3_S004,G024,OCCUPIED,OCCUPIED,0.8274112151427703
879.0,cctv3,C3_S005,G025,OCCUPIED,OCCUPIED,0.827938700806011
879.0,cctv3,C3_S006,G026,OCCUPIED,OCCUPIED,0.8219265975735405
879.0,cctv3,C3_S007,G027,OCCUPIED,LEAVING,0.6020826628747764
879.0,cctv3,C3_S008,G028,EMPTY,EMPTY,0.01
879.0,cctv3,C3_S009,G029,EMPTY,MANEUVERING,0.1890650297447361
879.0,cctv3,C3_S010,G007,OCCUPIED,LEAVING,0.51
879.0,cctv3,C3_S011,G008,OCCUPIED,LEAVING,0.797205317968672
879.0,cctv3,C3_S012,G009,OCCUPIED,OCCUPIED,0.821763412789865
880.0,cctv1,C1_S001,G001,OCCUPIED,OCCUPIED,0.7336150811477141
880.0,cctv1,C1_S002,G002,EMPTY,EMPTY,0.01
880.0,cctv1,C1_S003,G003,OCCUPIED,OCCUPIED,0.8372460148551248
880.0,cctv1,C1_S004,G004,OCCUPIED,OCCUPIED,0.7728980999101293
880.0,cctv1,C1_S005,G005,OCCUPIED,LEAVING,0.7659212512048809
880.0,cctv1,C1_S006,G006,EMPTY,MANEUVERING,0.3155721805176951
880.0,cctv2,C2_S001,G007,OCCUPIED,LEAVING,0.759754902869463
880.0,cctv2,C2_S002,G008,OCCUPIED,LEAVING,0.7965401914986698
880.0,cctv2,C2_S003,G009,OCCUPIED,OCCUPIED,0.51
880.0,cctv2,C2_S004,G010,OCCUPIED,OCCUPIED,0.7794740189205517
880.0,cctv2,C2_S005,G001,EMPTY,EMPTY,0.01
880.0,cctv2,C2_S006,G003,OCCUPIED,OCCUPIED,0.8223432259126143
880.0,cctv2,C2_S007,G004,OCCUPIED,OCCUPIED,0.8037751796570691
880.0,cctv2,C2_S008,G006,OCCUPIED,LEAVING,0.7556066030805761
880.0,cctv2,C2_S009,G005,OCCUPIED,OCCUPIED,0.7934697676788678
880.0,cctv2,C2_S010,G002,OCCUPIED,LEAVING,0.7505826993963935
880.0,cctv2,C2_S011,G017,OCCUPIED,LEAVING,0.7738980678265746
880.0,cctv2,C2_S012,G018,OCCUPIED,LEAVING,0.765932696922259
880.0,cctv2,C2_S013,G019,OCCUPIED,OCCUPIED,0.8349243061109023
880.0,cctv2,C2_S014,G020,EMPTY,EMPTY,0.01
880.0,cctv3,C3_S001,G021,OCCUPIED,OCCUPIED,0.7925183312459426
880.0,cctv3,C3_S002,G019,EMPTY,EMPTY,0.01
880.0,cctv3,C3_S003,G020,OCCUPIED,OCCUPIED,0.8227859635244716
880.0,cctv3,C3_S004,G024,OCCUPIED,OCCUPIED,0.8275878556750038
880.0,cctv3,C3_S005,G025,OCCUPIED,OCCUPIED,0.8280559808015824
880.0,cctv3,C3_S006,G026,OCCUPIED,OCCUPIED,0.8201742275194689
880.0,cctv3,C3_S007,G027,OCCUPIED,LEAVING,0.5220325133073228
880.0,cctv3,C3_S008,G028,EMPTY,EMPTY,0.01
880.0,cctv3,C3_S009,G029,EMPTY,MANEUVERING,0.1890650297447361
880.0,cctv3,C3_S010,G007,OCCUPIED,LEAVING,0.51
880.0,cctv3,C3_S011,G008,OCCUPIED,LEAVING,0.7983471050858498
880.0,cctv3,C3_S012,G009,OCCUPIED,OCCUPIED,0.8219238755377857
881.0,cctv1,C1_S001,G001,OCCUPIED,OCCUPIED,0.7341386257924818
881.0,cctv1,C1_S002,G002,EMPTY,EMPTY,0.01
881.0,cctv1,C1_S003,G003,OCCUPIED,OCCUPIED,0.8371343634345315
881.0,cctv1,C1_S004,G004,OCCUPIED,OCCUPIED,0.7732074163176798
881.0,cctv1,C1_S005,G005,OCCUPIED,LEAVING,0.7654013444076886
881.0,cctv1,C1_S006,G006,EMPTY,MANEUVERING,0.3521983053061095
881.0,cctv2,C2_S001,G007,OCCUPIED,LEAVING,0.761464922875166
881.0,cctv2,C2_S002,G008,OCCUPIED,LEAVING,0.7974780900911852
881.0,cctv2,C2_S003,G009,OCCUPIED,OCCUPIED,0.51
881.0,cctv2,C2_S004,G010,OCCUPIED,OCCUPIED,0.7766662906516683
881.0,cctv2,C2_S005,G001,EMPTY,EMPTY,0.01
881.0,cctv2,C2_S006,G003,OCCUPIED,OCCUPIED,0.8220741832798178
881.0,cctv2,C2_S007,G004,OCCUPIED,OCCUPIED,0.8046165252273734
881.0,cctv2,C2_S008,G006,OCCUPIED,LEAVING,0.7542025365612725
881.0,cctv2,C2_S009,G005,OCCUPIED,OCCUPIED,0.7960539695891468
881.0,cctv2,C2_S010,G002,OCCUPIED,LEAVING,0.7500444444201211
881.0,cctv2,C2_S011,G017,OCCUPIED,LEAVING,0.7760182077505373
881.0,cctv2,C2_S012,G018,OCCUPIED,LEAVING,0.761935538595373
881.0,cctv2,C2_S013,G019,OCCUPIED,OCCUPIED,0.8356725091283972
881.0,cctv2,C2_S014,G020,EMPTY,EMPTY,0.01
881.0,cctv3,C3_S001,G021,OCCUPIED,OCCUPIED,0.7914545809680766
881.0,cctv3,C3_S002,G019,EMPTY,EMPTY,0.01
881.0,cctv3,C3_S003,G020,OCCUPIED,OCCUPIED,0.8225063286044382
881.0,cctv3,C3_S004,G024,OCCUPIED,OCCUPIED,0.8276991128921509
881.0,cctv3,C3_S005,G025,OCCUPIED,OCCUPIED,0.8283134777437557
881.0,cctv3,C3_S006,G026,OCCUPIED,OCCUPIED,0.818970241600817
881.0,cctv3,C3_S007,G027,OCCUPIED,LEAVING,0.51
881.0,cctv3,C3_S008,G028,EMPTY,EMPTY,0.01
881.0,cctv3,C3_S009,G029,EMPTY,MANEUVERING,0.1440650297447362
881.0,cctv3,C3_S010,G007,OCCUPIED,LEAVING,0.51
881.0,cctv3,C3_S011,G008,OCCUPIED,LEAVING,0.7180335933376443
881.0,cctv3,C3_S012,G009,OCCUPIED,OCCUPIED,0.8229653951796619
882.0,cctv1,C1_S001,G001,OCCUPIED,OCCUPIED,0.7355564237995582
882.0,cctv1,C1_S002,G002,EMPTY,EMPTY,0.01
882.0,cctv1,C1_S003,G003,OCCUPIED,OCCUPIED,0.8370251609520479
882.0,cctv1,C1_S004,G004,OCCUPIED,OCCUPIED,0.77414651946588
882.0,cctv1,C1_S005,G005,OCCUPIED,LEAVING,0.7653797993605788
882.0,cctv1,C1_S006,G006,EMPTY,MANEUVERING,0.2771983053061095
882.0,cctv2,C2_S001,G007,OCCUPIED,LEAVING,0.7621020277792758
882.0,cctv2,C2_S002,G008,OCCUPIED,LEAVING,0.796145079352639
882.0,cctv2,C2_S003,G009,OCCUPIED,OCCUPIED,0.51
882.0,cctv2,C2_S004,G010,OCCUPIED,OCCUPIED,0.7758215971968392
882.0,cctv2,C2_S005,G001,EMPTY,EMPTY,0.01
882.0,cctv2,C2_S006,G003,OCCUPIED,OCCUPIED,0.8218242290345106
882.0,cctv2,C2_S007,G004,OCCUPIED,OCCUPIED,0.8052047564224764
882.0,cctv2,C2_S008,G006,OCCUPIED,LEAVING,0.7568920757282864
882.0,cctv2,C2_S009,G005,OCCUPIED,OCCUPIED,0.798278849775141
882.0,cctv2,C2_S010,G002,OCCUPIED,LEAVING,0.7503258313915947
882.0,cctv2,C2_S011,G017,OCCUPIED,LEAVING,0.779328408051621
882.0,cctv2,C2_S012,G018,OCCUPIED,LEAVING,0.7597380579872566
882.0,cctv2,C2_S013,G019,OCCUPIED,OCCUPIED,0.835826687379317
882.0,cctv2,C2_S014,G020,EMPTY,EMPTY,0.01
882.0,cctv3,C3_S001,G021,OCCUPIED,OCCUPIED,0.7909365675666116
882.0,cctv3,C3_S002,G019,EMPTY,EMPTY,0.01
882.0,cctv3,C3_S003,G020,OCCUPIED,OCCUPIED,0.8222428438338367
882.0,cctv3,C3_S004,G024,OCCUPIED,OCCUPIED,0.8278128141706641
882.0,cctv3,C3_S005,G025,OCCUPIED,OCCUPIED,0.8286812085996975
882.0,cctv3,C3_S006,G026,OCCUPIED,OCCUPIED,0.8170099215074019
882.0,cctv3,C3_S007,G027,OCCUPIED,LEAVING,0.51
882.0,cctv3,C3_S008,G028,EMPTY,EMPTY,0.01
882.0,cctv3,C3_S009,G029,EMPTY,MANEUVERING,0.1440650297447362
882.0,cctv3,C3_S010,G007,OCCUPIED,LEAVING,0.51
882.0,cctv3,C3_S011,G008,OCCUPIED,LEAVING,0.7118826599825512
882.0,cctv3,C3_S012,G009,OCCUPIED,OCCUPIED,0.8235577634789728
883.0,cctv1,C1_S001,G001,OCCUPIED,OCCUPIED,0.7366545301269402
883.0,cctv1,C1_S002,G002,EMPTY,EMPTY,0.01
883.0,cctv1,C1_S003,G003,OCCUPIED,OCCUPIED,0.8368758643215354
883.0,cctv1,C1_S004,G004,OCCUPIED,OCCUPIED,0.7747687537561764
883.0,cctv1,C1_S005,G005,OCCUPIED,LEAVING,0.7613146437840029
883.0,cctv1,C1_S006,G006,EMPTY,MANEUVERING,0.363624260769649
883.0,cctv2,C2_S001,G007,OCCUPIED,LEAVING,0.7652409011667426
883.0,cctv2,C2_S002,G008,OCCUPIED,LEAVING,0.794992779601704
883.0,cctv2,C2_S003,G009,OCCUPIED,OCCUPIED,0.51
883.0,cctv2,C2_S004,G010,OCCUPIED,OCCUPIED,0.7741578887809407
883.0,cctv2,C2_S005,G001,EMPTY,EMPTY,0.01
883.0,cctv2,C2_S006,G003,OCCUPIED,OCCUPIED,0.8216499407183041
883.0,cctv2,C2_S007,G004,OCCUPIED,OCCUPIED,0.8043559250506489
883.0,cctv2,C2_S008,G006,OCCUPIED,LEAVING,0.757447837157683
883.0,cctv2,C2_S009,G005,OCCUPIED,OCCUPIED,0.7984298638322137
883.0,cctv2,C2_S010,G002,OCCUPIED,OCCUPIED,0.7518863692066887
883.0,cctv2,C2_S011,G017,OCCUPIED,LEAVING,0.7830892072753474
883.0,cctv2,C2_S012,G018,OCCUPIED,LEAVING,0.7591089125383984
883.0,cctv2,C2_S013,G019,OCCUPIED,OCCUPIED,0.8357598581097343
883.0,cctv2,C2_S014,G020,EMPTY,EMPTY,0.01
883.0,cctv3,C3_S001,G021,OCCUPIED,OCCUPIED,0.791244460777803
883.0,cctv3,C3_S002,G019,EMPTY,EMPTY,0.01
883.0,cctv3,C3_S003,G020,OCCUPIED,OCCUPIED,0.8218691121448171
883.0,cctv3,C3_S004,G024,OCCUPIED,OCCUPIED,0.8279948183081367
883.0,cctv3,C3_S005,G025,OCCUPIED,OCCUPIED,0.8287471234798431
883.0,cctv3,C3_S006,G026,OCCUPIED,OCCUPIED,0.81543441306461
883.0,cctv3,C3_S007,G027,OCCUPIED,OCCUPIED,0.51
883.0,cctv3,C3_S008,G028,EMPTY,EMPTY,0.01
883.0,cctv3,C3_S009,G029,EMPTY,MANEUVERING,0.1440650297447362
883.0,cctv3,C3_S010,G007,OCCUPIED,LEAVING,0.51
883.0,cctv3,C3_S011,G008,OCCUPIED,LEAVING,0.7115905477512967
883.0,cctv3,C3_S012,G009,OCCUPIED,OCCUPIED,0.8239307994192298
884.0,cctv1,C1_S001,G001,OCCUPIED,OCCUPIED,0.7385958124290813
884.0,cctv1,C1_S002,G002,EMPTY,EMPTY,0.01
884.0,cctv1,C1_S003,G003,OCCUPIED,OCCUPIED,0.8367243487726559
884.0,cctv1,C1_S004,G004,OCCUPIED,OCCUPIED,0.7786583156748252
884.0,cctv1,C1_S005,G005,OCCUPIED,LEAVING,0.7572846483100545
884.0,cctv1,C1_S006,G006,EMPTY,MANEUVERING,0.4501462944800204
884.0,cctv2,C2_S001,G007,OCCUPIED,LEAVING,0.7662951430136508
884.0,cctv2,C2_S002,G008,OCCUPIED,LEAVING,0.7948437227444216
884.0,cctv2,C2_S003,G009,OCCUPIED,OCCUPIED,0.51
884.0,cctv2,C2_S004,G010,OCCUPIED,OCCUPIED,0.7694957437840375
884.0,cctv2,C2_S005,G001,EMPTY,EMPTY,0.01
884.0,cctv2,C2_S006,G003,OCCUPIED,OCCUPIED,0.8217954318631779
884.0,cctv2,C2_S007,G004,OCCUPIED,OCCUPIED,0.8041146408427846
884.0,cctv2,C2_S008,G006,OCCUPIED,LEAVING,0.7605485036969185
884.0,cctv2,C2_S009,G005,OCCUPIED,OCCUPIED,0.7983876759355719
884.0,cctv2,C2_S010,G002,OCCUPIED,OCCUPIED,0.7992792519656096
884.0,cctv2,C2_S011,G017,OCCUPIED,OCCUPIED,0.7943305604837159
884.0,cctv2,C2_S012,G018,OCCUPIED,OCCUPIED,0.7604555643417619
884.0,cctv2,C2_S013,G019,OCCUPIED,OCCUPIED,0.8356766332279553
884.0,cctv2,C2_S014,G020,EMPTY,EMPTY,0.01
884.0,cctv3,C3_S001,G021,OCCUPIED,OCCUPIED,0.790785547007214
884.0,cctv3,C3_S002,G019,EMPTY,EMPTY,0.01
884.0,cctv3,C3_S003,G020,OCCUPIED,OCCUPIED,0.8214220903136514
884.0,cctv3,C3_S004,G024,OCCUPIED,OCCUPIED,0.8280251329595393
884.0,cctv3,C3_S005,G025,OCCUPIED,OCCUPIED,0.8287340212952008
884.0,cctv3,C3_S006,G026,OCCUPIED,OCCUPIED,0.8139450961893255
884.0,cctv3,C3_S007,G027,OCCUPIED,OCCUPIED,0.51
884.0,cctv3,C3_S008,G028,EMPTY,EMPTY,0.01
884.0,cctv3,C3_S009,G029,EMPTY,MANEUVERING,0.1440650297447362
884.0,cctv3,C3_S010,G007,OCCUPIED,LEAVING,0.51
884.0,cctv3,C3_S011,G008,OCCUPIED,LEAVING,0.7124087144840847
884.0,cctv3,C3_S012,G009,OCCUPIED,OCCUPIED,0.8245979086919265
885.0,cctv1,C1_S001,G001,OCCUPIED,OCCUPIED,0.7411126059564678
885.0,cctv1,C1_S002,G002,EMPTY,EMPTY,0.01
885.0,cctv1,C1_S003,G003,OCCUPIED,OCCUPIED,0.8366681028496136
885.0,cctv1,C1_S004,G004,OCCUPIED,OCCUPIED,0.7817155572501097
885.0,cctv1,C1_S005,G005,OCCUPIED,LEAVING,0.7527278271588413
885.0,cctv1,C1_S006,G006,EMPTY,MANEUVERING,0.4886712586889406
885.0,cctv2,C2_S001,G007,OCCUPIED,LEAVING,0.7576196403665977
885.0,cctv2,C2_S002,G008,OCCUPIED,LEAVING,0.7980455902489749
885.0,cctv2,C2_S003,G009,OCCUPIED,OCCUPIED,0.51
885.0,cctv2,C2_S004,G010,OCCUPIED,OCCUPIED,0.7658699966289781
885.0,cctv2,C2_S005,G001,EMPTY,EMPTY,0.01
885.0,cctv2,C2_S006,G003,OCCUPIED,OCCUPIED,0.8212653493339366
885.0,cctv2,C2_S007,G004,OCCUPIED,OCCUPIED,0.8037709523331036
885.0,cctv2,C2_S008,G006,OCCUPIED,LEAVING,0.7635089906779203
885.0,cctv2,C2_S009,G005,OCCUPIED,OCCUPIED,0.7995636847886173
885.0,cctv2,C2_S010,G002,OCCUPIED,OCCUPIED,0.7990411636504261
885.0,cctv2,C2_S011,G017,OCCUPIED,OCCUPIED,0.7980861736969515
885.0,cctv2,C2_S012,G018,OCCUPIED,OCCUPIED,0.7634999459440058
885.0,cctv2,C2_S013,G019,OCCUPIED,OCCUPIED,0.8356410866433924
885.0,cctv2,C2_S014,G020,EMPTY,EMPTY,0.01
885.0,cctv3,C3_S001,G021,OCCUPIED,OCCUPIED,0.7910829495299947
885.0,cctv3,C3_S002,G019,EMPTY,EMPTY,0.01
885.0,cctv3,C3_S003,G020,OCCUPIED,OCCUPIED,0.8199902328577909
885.0,cctv3,C3_S004,G024,OCCUPIED,OCCUPIED,0.8281244397163392
885.0,cctv3,C3_S005,G025,OCCUPIED,OCCUPIED,0.8290451721711593
885.0,cctv3,C3_S006,G026,OCCUPIED,OCCUPIED,0.812918661128391
885.0,cctv3,C3_S007,G027,OCCUPIED,OCCUPIED,0.51
885.0,cctv3,C3_S008,G028,EMPTY,EMPTY,0.01
885.0,cctv3,C3_S009,G029,EMPTY,MANEUVERING,0.0672526459521674
885.0,cctv3,C3_S010,G007,OCCUPIED,LEAVING,0.51
885.0,cctv3,C3_S011,G008,OCCUPIED,LEAVING,0.757787814329971
885.0,cctv3,C3_S012,G009,OCCUPIED,OCCUPIED,0.8248053734952754
886.0,cctv1,C1_S001,G001,OCCUPIED,OCCUPIED,0.6602464222569357
886.0,cctv1,C1_S002,G002,EMPTY,EMPTY,0.01
886.0,cctv1,C1_S003,G003,OCCUPIED,OCCUPIED,0.8367116611112249
886.0,cctv1,C1_S004,G004,OCCUPIED,OCCUPIED,0.781176041473042
886.0,cctv1,C1_S005,G005,OCCUPIED,LEAVING,0.7510517671704293
886.0,cctv1,C1_S006,G006,EMPTY,MANEUVERING,0.49
886.0,cctv2,C2_S001,G007,OCCUPIED,LEAVING,0.7584841963919727
886.0,cctv2,C2_S002,G008,OCCUPIED,LEAVING,0.8008600281043486
886.0,cctv2,C2_S003,G009,EMPTY,EMPTY,0.1092400936375964
886.0,cctv2,C2_S004,G010,OCCUPIED,OCCUPIED,0.7667194587263195
886.0,cctv2,C2_S005,G001,EMPTY,EMPTY,0.01
886.0,cctv2,C2_S006,G003,OCCUPIED,OCCUPIED,0.8213987591591749
886.0,cctv2,C2_S007,G004,OCCUPIED,OCCUPIED,0.802543883973902
886.0,cctv2,C2_S008,G006,OCCUPIED,OCCUPIED,0.7668292480436238
886.0,cctv2,C2_S009,G005,OCCUPIED,OCCUPIED,0.8010622243989598
886.0,cctv2,C2_S010,G002,OCCUPIED,OCCUPIED,0.7993976877494292
886.0,cctv2,C2_S011,G017,OCCUPIED,OCCUPIED,0.8014539923180234
886.0,cctv2,C2_S012,G018,OCCUPIED,OCCUPIED,0.7635969329964032
886.0,cctv2,C2_S013,G019,OCCUPIED,OCCUPIED,0.8358651291240347
886.0,cctv2,C2_S014,G020,EMPTY,EMPTY,0.01
886.0,cctv3,C3_S001,G021,OCCUPIED,OCCUPIED,0.7905588450756941
886.0,cctv3,C3_S002,G019,EMPTY,EMPTY,0.01
886.0,cctv3,C3_S003,G020,OCCUPIED,OCCUPIED,0.8197857388041236
886.0,cctv3,C3_S004,G024,OCCUPIED,OCCUPIED,0.8279797451062636
886.0,cctv3,C3_S005,G025,OCCUPIED,OCCUPIED,0.829375288703225
886.0,cctv3,C3_S006,G026,OCCUPIED,OCCUPIED,0.8115798909555783
886.0,cctv3,C3_S007,G027,OCCUPIED,OCCUPIED,0.51
886.0,cctv3,C3_S008,G028,EMPTY,EMPTY,0.01
886.0,cctv3,C3_S009,G029,EMPTY,MANEUVERING,0.0672526459521674
886.0,cctv3,C3_S010,G007,OCCUPIED,OCCUPIED,0.51
886.0,cctv3,C3_S011,G008,OCCUPIED,LEAVING,0.7560618611086499
886.0,cctv3,C3_S012,G009,OCCUPIED,OCCUPIED,0.8247970854694193
887.0,cctv1,C1_S001,G001,OCCUPIED,OCCUPIED,0.6601497440446507
887.0,cctv1,C1_S002,G002,EMPTY,EMPTY,0.01
887.0,cctv1,C1_S003,G003,OCCUPIED,OCCUPIED,0.8368720856579868
887.0,cctv1,C1_S004,G004,OCCUPIED,OCCUPIED,0.781785446676341
887.0,cctv1,C1_S005,G005,OCCUPIED,LEAVING,0.7509389461441475
887.0,cctv1,C1_S006,G006,EMPTY,MANEUVERING,0.49
887.0,cctv2,C2_S001,G007,OCCUPIED,LEAVING,0.7626397901637988
887.0,cctv2,C2_S002,G008,OCCUPIED,LEAVING,0.8020720760930669
887.0,cctv2,C2_S003,G009,EMPTY,MANEUVERING,0.0992400936375964
887.0,cctv2,C2_S004,G010,OCCUPIED,OCCUPIED,0.7655636790123853
887.0,cctv2,C2_S005,G001,EMPTY,EMPTY,0.01
887.0,cctv2,C2_S006,G003,OCCUPIED,OCCUPIED,0.8214711121537469
887.0,cctv2,C2_S007,G004,OCCUPIED,OCCUPIED,0.8025116104971279
887.0,cctv2,C2_S008,G006,OCCUPIED,OCCUPIED,0.7730350384658033
887.0,cctv2,C2_S009,G005,OCCUPIED,OCCUPIED,0.8012555718421936
887.0,cctv2,C2_S010,G002,OCCUPIED,OCCUPIED,0.7989120258526369
887.0,cctv2,C2_S011,G017,OCCUPIED,OCCUPIED,0.8034808137200096
887.0,cctv2,C2_S012,G018,OCCUPIED,OCCUPIED,0.7643012737685985
887.0,cctv2,C2_S013,G019,OCCUPIED,OCCUPIED,0.8359045551581816
887.0,cctv2,C2_S014,G020,EMPTY,EMPTY,0.01
887.0,cctv3,C3_S001,G021,OCCUPIED,OCCUPIED,0.7902933364564723
887.0,cctv3,C3_S002,G019,EMPTY,EMPTY,0.01
887.0,cctv3,C3_S003,G020,OCCUPIED,OCCUPIED,0.81956238638271
887.0,cctv3,C3_S004,G024,OCCUPIED,OCCUPIED,0.8280915980989283
887.0,cctv3,C3_S005,G025,OCCUPIED,OCCUPIED,0.8293577137318525
887.0,cctv3,C3_S006,G026,OCCUPIED,OCCUPIED,0.8096568836407229
887.0,cctv3,C3_S007,G027,EMPTY,EMPTY,0.163922412615608
887.0,cctv3,C3_S008,G028,EMPTY,EMPTY,0.01
887.0,cctv3,C3_S009,G029,EMPTY,MANEUVERING,0.0741097888093103
887.0,cctv3,C3_S010,G007,OCCUPIED,OCCUPIED,0.51
887.0,cctv3,C3_S011,G008,OCCUPIED,LEAVING,0.7479445717145097
887.0,cctv3,C3_S012,G009,OCCUPIED,OCCUPIED,0.8255387861620297
888.0,cctv1,C1_S001,G001,OCCUPIED,OCCUPIED,0.659759667258371
888.0,cctv1,C1_S002,G002,EMPTY,EMPTY,0.01
888.0,cctv1,C1_S003,G003,OCCUPIED,OCCUPIED,0.8366737753152848
888.0,cctv1,C1_S004,G004,OCCUPIED,OCCUPIED,0.7815750420093537
888.0,cctv1,C1_S005,G005,OCCUPIED,LEAVING,0.7510453144257719
888.0,cctv1,C1_S006,G006,EMPTY,MANEUVERING,0.49
888.0,cctv2,C2_S001,G007,OCCUPIED,LEAVING,0.7575138700956648
888.0,cctv2,C2_S002,G008,OCCUPIED,LEAVING,0.8010383112864061
888.0,cctv2,C2_S003,G009,EMPTY,MANEUVERING,0.0932400936375964
888.0,cctv2,C2_S004,G010,OCCUPIED,OCCUPIED,0.7632783706892621
888.0,cctv2,C2_S005,G001,EMPTY,EMPTY,0.01
888.0,cctv2,C2_S006,G003,OCCUPIED,OCCUPIED,0.8213958843187853
888.0,cctv2,C2_S007,G004,OCCUPIED,OCCUPIED,0.8023156702518464
888.0,cctv2,C2_S008,G006,OCCUPIED,OCCUPIED,0.7749712946740064
888.0,cctv2,C2_S009,G005,OCCUPIED,OCCUPIED,0.8010265306992965
888.0,cctv2,C2_S010,G002,OCCUPIED,OCCUPIED,0.8000991122289138
888.0,cctv2,C2_S011,G017,OCCUPIED,OCCUPIED,0.8038083512674679
888.0,cctv2,C2_S012,G018,OCCUPIED,OCCUPIED,0.7638452128930526
888.0,cctv2,C2_S013,G019,OCCUPIED,OCCUPIED,0.8353079075163061
888.0,cctv2,C2_S014,G020,EMPTY,EMPTY,0.01
888.0,cctv3,C3_S001,G021,OCCUPIED,OCCUPIED,0.7909820318222046
888.0,cctv3,C3_S002,G019,EMPTY,EMPTY,0.01
888.0,cctv3,C3_S003,G020,OCCUPIED,OCCUPIED,0.8191939207640562
888.0,cctv3,C3_S004,G024,OCCUPIED,OCCUPIED,0.8281292327425698
888.0,cctv3,C3_S005,G025,OCCUPIED,OCCUPIED,0.8290130100466989
888.0,cctv3,C3_S006,G026,OCCUPIED,OCCUPIED,0.8072470822117546
888.0,cctv3,C3_S007,G027,EMPTY,MANEUVERING,0.163922412615608
888.0,cctv3,C3_S008,G028,EMPTY,EMPTY,0.01
888.0,cctv3,C3_S009,G029,EMPTY,EMPTY,0.01
888.0,cctv3,C3_S010,G007,OCCUPIED,LEAVING,0.51
888.0,cctv3,C3_S011,G008,OCCUPIED,LEAVING,0.7490012324262749
888.0,cctv3,C3_S012,G009,OCCUPIED,OCCUPIED,0.8249729676680132
889.0,cctv1,C1_S001,G001,OCCUPIED,OCCUPIED,0.6595720659602772
889.0,cctv1,C1_S002,G002,EMPTY,EMPTY,0.01
889.0,cctv1,C1_S003,G003,OCCUPIED,OCCUPIED,0.8372844297777523
889.0,cctv1,C1_S004,G004,OCCUPIED,OCCUPIED,0.7792668426578696
889.0,cctv1,C1_S005,G005,OCCUPIED,LEAVING,0.755395292152058
889.0,cctv1,C1_S006,G006,EMPTY,MANEUVERING,0.4478838738099192
889.0,cctv2,C2_S001,G007,OCCUPIED,LEAVING,0.7604675221172247
889.0,cctv2,C2_S002,G008,OCCUPIED,LEAVING,0.8004983444105496
889.0,cctv2,C2_S003,G009,EMPTY,MANEUVERING,0.0892400936375964
889.0,cctv2,C2_S004,G010,OCCUPIED,OCCUPIED,0.7652993566610597
889.0,cctv2,C2_S005,G001,EMPTY,EMPTY,0.01
889.0,cctv2,C2_S006,G003,OCCUPIED,OCCUPIED,0.8215080120346764
889.0,cctv2,C2_S007,G004,OCCUPIED,OCCUPIED,0.8018909627741034
889.0,cctv2,C2_S008,G006,OCCUPIED,OCCUPIED,0.7773331065069546
889.0,cctv2,C2_S009,G005,OCCUPIED,OCCUPIED,0.7971396745605903
889.0,cctv2,C2_S010,G002,OCCUPIED,OCCUPIED,0.8004811571402983
889.0,cctv2,C2_S011,G017,OCCUPIED,OCCUPIED,0.8032262924042616
889.0,cctv2,C2_S012,G018,OCCUPIED,OCCUPIED,0.7631366923451425
889.0,cctv2,C2_S013,G019,OCCUPIED,OCCUPIED,0.8354465517130766
889.0,cctv2,C2_S014,G020,EMPTY,EMPTY,0.01
889.0,cctv3,C3_S001,G021,OCCUPIED,OCCUPIED,0.7900492452762344
889.0,cctv3,C3_S002,G019,EMPTY,EMPTY,0.01
889.0,cctv3,C3_S003,G020,OCCUPIED,OCCUPIED,0.819579517570409
889.0,cctv3,C3_S004,G024,OCCUPIED,OCCUPIED,0.8278365070169623
889.0,cctv3,C3_S005,G025,OCCUPIED,OCCUPIED,0.828412456133149
889.0,cctv3,C3_S006,G026,OCCUPIED,OCCUPIED,0.8054555998607116
889.0,cctv3,C3_S007,G027,EMPTY,MANEUVERING,0.2497205560400404
889.0,cctv3,C3_S008,G028,EMPTY,EMPTY,0.01
889.0,cctv3,C3_S009,G029,EMPTY,EMPTY,0.01
889.0,cctv3,C3_S010,G007,OCCUPIED,LEAVING,0.51
889.0,cctv3,C3_S011,G008,OCCUPIED,LEAVING,0.7558515571464193
889.0,cctv3,C3_S012,G009,OCCUPIED,OCCUPIED,0.8246420082720844
890.0,cctv1,C1_S001,G001,OCCUPIED,OCCUPIED,0.7044557649303567
890.0,cctv1,C1_S002,G002,EMPTY,EMPTY,0.01
890.0,cctv1,C1_S003,G003,OCCUPIED,OCCUPIED,0.8370452523231506
890.0,cctv1,C1_S004,G004,OCCUPIED,OCCUPIED,0.7796760567209938
890.0,cctv1,C1_S005,G005,OCCUPIED,LEAVING,0.7568995440548117
890.0,cctv1,C1_S006,G006,EMPTY,MANEUVERING,0.4028838738099192
890.0,cctv2,C2_S001,G007,OCCUPIED,LEAVING,0.7624433478171175
890.0,cctv2,C2_S002,G008,OCCUPIED,OCCUPIED,0.7818841810195478
890.0,cctv2,C2_S003,G009,EMPTY,MANEUVERING,0.0863829507804536
890.0,cctv2,C2_S004,G010,OCCUPIED,OCCUPIED,0.7635658681392671
890.0,cctv2,C2_S005,G001,EMPTY,EMPTY,0.01
890.0,cctv2,C2_S006,G003,OCCUPIED,OCCUPIED,0.8207226726141843
890.0,cctv2,C2_S007,G004,OCCUPIED,OCCUPIED,0.800440141287717
890.0,cctv2,C2_S008,G006,OCCUPIED,OCCUPIED,0.7756629685109313
890.0,cctv2,C2_S009,G005,OCCUPIED,OCCUPIED,0.7947144914757123
890.0,cctv2,C2_S010,G002,OCCUPIED,OCCUPIED,0.7088358031890609
890.0,cctv2,C2_S011,G017,OCCUPIED,LEAVING,0.8028856559233233
890.0,cctv2,C2_S012,G018,OCCUPIED,OCCUPIED,0.763356956162236
890.0,cctv2,C2_S013,G019,OCCUPIED,OCCUPIED,0.8355697919021954
890.0,cctv2,C2_S014,G020,EMPTY,EMPTY,0.01
890.0,cctv3,C3_S001,G021,OCCUPIED,OCCUPIED,0.7918283260681414
890.0,cctv3,C3_S002,G019,EMPTY,EMPTY,0.01
890.0,cctv3,C3_S003,G020,OCCUPIED,OCCUPIED,0.819968467950821
890.0,cctv3,C3_S004,G024,OCCUPIED,OCCUPIED,0.8276894675059753
890.0,cctv3,C3_S005,G025,OCCUPIED,OCCUPIED,0.8274079217152163
890.0,cctv3,C3_S006,G026,OCCUPIED,OCCUPIED,0.8046437220139937
890.0,cctv3,C3_S007,G027,EMPTY,MANEUVERING,0.2177914267372001
890.0,cctv3,C3_S008,G028,EMPTY,EMPTY,0.01
890.0,cctv3,C3_S009,G029,EMPTY,EMPTY,0.01
890.0,cctv3,C3_S010,G007,OCCUPIED,LEAVING,0.51
890.0,cctv3,C3_S011,G008,OCCUPIED,LEAVING,0.7552823888171804
890.0,cctv3,C3_S012,G009,OCCUPIED,OCCUPIED,0.824195987798951
891.0,cctv1,C1_S001,G001,OCCUPIED,OCCUPIED,0.7046601930667055
891.0,cctv1,C1_S002,G002,EMPTY,EMPTY,0.01
891.0,cctv1,C1_S003,G003,OCCUPIED,OCCUPIED,0.837174454331398
891.0,cctv1,C1_S004,G004,OCCUPIED,OCCUPIED,0.7782645531676033
891.0,cctv1,C1_S005,G005,OCCUPIED,LEAVING,0.757035002518784
891.0,cctv1,C1_S006,G006,EMPTY,MANEUVERING,0.4378387080410342
891.0,cctv2,C2_S001,G007,OCCUPIED,LEAVING,0.7617847622795539
891.0,cctv2,C2_S002,G008,OCCUPIED,OCCUPIED,0.7848238005421379
891.0,cctv2,C2_S003,G009,EMPTY,MANEUVERING,0.0842400936375964
891.0,cctv2,C2_S004,G010,OCCUPIED,OCCUPIED,0.7598741597749971
891.0,cctv2,C2_S005,G001,EMPTY,EMPTY,0.01
891.0,cctv2,C2_S006,G003,OCCUPIED,OCCUPIED,0.8200126610018991
891.0,cctv2,C2_S007,G004,OCCUPIED,OCCUPIED,0.7990893385627054
891.0,cctv2,C2_S008,G006,OCCUPIED,OCCUPIED,0.7741814491423694
891.0,cctv2,C2_S009,G005,OCCUPIED,OCCUPIED,0.7941059640862725
891.0,cctv2,C2_S010,G002,OCCUPIED,OCCUPIED,0.6269983115882586
891.0,cctv2,C2_S011,G017,OCCUPIED,LEAVING,0.8056231582706626
891.0,cctv2,C2_S012,G018,OCCUPIED,OCCUPIED,0.7668423099951311
891.0,cctv2,C2_S013,G019,OCCUPIED,OCCUPIED,0.8350998810746454
891.0,cctv2,C2_S014,G020,EMPTY,EMPTY,0.01
891.0,cctv3,C3_S001,G021,OCCUPIED,OCCUPIED,0.710844472985376
891.0,cctv3,C3_S002,G019,EMPTY,EMPTY,0.01
891.0,cctv3,C3_S003,G020,OCCUPIED,OCCUPIED,0.8209851617162879
891.0,cctv3,C3_S004,G024,OCCUPIED,OCCUPIED,0.8276780608025465
891.0,cctv3,C3_S005,G025,OCCUPIED,OCCUPIED,0.8268776359883222
891.0,cctv3,C3_S006,G026,OCCUPIED,OCCUPIED,0.8011018207127398
891.0,cctv3,C3_S007,G027,EMPTY,MANEUVERING,0.2177914267372001
891.0,cctv3,C3_S008,G028,EMPTY,EMPTY,0.01
891.0,cctv3,C3_S009,G029,EMPTY,EMPTY,0.01
891.0,cctv3,C3_S010,G007,OCCUPIED,OCCUPIED,0.51
891.0,cctv3,C3_S011,G008,OCCUPIED,LEAVING,0.7540965931523931
891.0,cctv3,C3_S012,G009,OCCUPIED,OCCUPIED,0.8238543085076593
892.0,cctv1,C1_S001,G001,OCCUPIED,OCCUPIED,0.70277721662413
892.0,cctv1,C1_S002,G002,EMPTY,EMPTY,0.01
892.0,cctv1,C1_S003,G003,OCCUPIED,OCCUPIED,0.8372015990994194
892.0,cctv1,C1_S004,G004,OCCUPIED,OCCUPIED,0.7772208471189846
892.0,cctv1,C1_S005,G005,OCCUPIED,LEAVING,0.7614541101184759
892.0,cctv1,C1_S006,G006,EMPTY,MANEUVERING,0.401140773971424
892.0,cctv2,C2_S001,G007,OCCUPIED,LEAVING,0.7607850436459889
892.0,cctv2,C2_S002,G008,OCCUPIED,OCCUPIED,0.7890265259056382
892.0,cctv2,C2_S003,G009,EMPTY,MANEUVERING,0.1673302477282105
892.0,cctv2,C2_S004,G010,OCCUPIED,OCCUPIED,0.7630839731205594
892.0,cctv2,C2_S005,G001,EMPTY,EMPTY,0.01
892.0,cctv2,C2_S006,G003,OCCUPIED,OCCUPIED,0.817583311145956
892.0,cctv2,C2_S007,G004,OCCUPIED,OCCUPIED,0.7962099038741806
892.0,cctv2,C2_S008,G006,OCCUPIED,OCCUPIED,0.7758189873261886
892.0,cctv2,C2_S009,G005,OCCUPIED,OCCUPIED,0.7925331809303978
892.0,cctv2,C2_S010,G002,OCCUPIED,OCCUPIED,0.5463319835066796
892.0,cctv2,C2_S011,G017,OCCUPIED,LEAVING,0.7123257986415517
892.0,cctv2,C2_S012,G018,OCCUPIED,LEAVING,0.769049004397609
892.0,cctv2,C2_S013,G019,OCCUPIED,OCCUPIED,0.83440294157375
892.0,cctv2,C2_S014,G020,EMPTY,EMPTY,0.01
892.0,cctv3,C3_S001,G021,OCCUPIED,OCCUPIED,0.7102084130455147
892.0,cctv3,C3_S002,G019,EMPTY,EMPTY,0.01
892.0,cctv3,C3_S003,G020,OCCUPIED,OCCUPIED,0.8206412952054631
892.0,cctv3,C3_S004,G024,OCCUPIED,OCCUPIED,0.827739968624982
892.0,cctv3,C3_S005,G025,OCCUPIED,OCCUPIED,0.8270361992445859
892.0,cctv3,C3_S006,G026,OCCUPIED,OCCUPIED,0.8013134502551773
892.0,cctv3,C3_S007,G027,EMPTY,MANEUVERING,0.2177914267372001
892.0,cctv3,C3_S008,G028,EMPTY,EMPTY,0.01
892.0,cctv3,C3_S009,G029,EMPTY,EMPTY,0.01
892.0,cctv3,C3_S010,G007,OCCUPIED,LEAVING,0.51
892.0,cctv3,C3_S011,G008,OCCUPIED,LEAVING,0.7745989583374618
892.0,cctv3,C3_S012,G009,OCCUPIED,OCCUPIED,0.8241933478550478
893.0,cctv1,C1_S001,G001,OCCUPIED,OCCUPIED,0.7011523956466805
893.0,cctv1,C1_S002,G002,EMPTY,EMPTY,0.01
893.0,cctv1,C1_S003,G003,OCCUPIED,OCCUPIED,0.8372649829496037
893.0,cctv1,C1_S004,G004,OCCUPIED,OCCUPIED,0.7765714249827645
893.0,cctv1,C1_S005,G005,OCCUPIED,OCCUPIED,0.763486487757076
893.0,cctv1,C1_S006,G006,EMPTY,MANEUVERING,0.401140773971424
893.0,cctv2,C2_S001,G007,OCCUPIED,LEAVING,0.7633782313628631
893.0,cctv2,C2_S002,G008,OCCUPIED,OCCUPIED,0.8036948629400947
893.0,cctv2,C2_S003,G009,EMPTY,MANEUVERING,0.3342862433872439
893.0,cctv2,C2_S004,G010,OCCUPIED,OCCUPIED,0.7645458469336683
893.0,cctv2,C2_S005,G001,EMPTY,EMPTY,0.01
893.0,cctv2,C2_S006,G003,OCCUPIED,OCCUPIED,0.8128751772371205
893.0,cctv2,C2_S007,G004,OCCUPIED,OCCUPIED,0.7956888506358321
893.0,cctv2,C2_S008,G006,OCCUPIED,OCCUPIED,0.7730821051380852
893.0,cctv2,C2_S009,G005,OCCUPIED,OCCUPIED,0.7924434862353585
893.0,cctv2,C2_S010,G002,OCCUPIED,OCCUPIED,0.51
893.0,cctv2,C2_S011,G017,OCCUPIED,LEAVING,0.7119814718474041
893.0,cctv2,C2_S012,G018,OCCUPIED,LEAVING,0.7724361495538192
893.0,cctv2,C2_S013,G019,OCCUPIED,OCCUPIED,0.8344266758723693
893.0,cctv2,C2_S014,G020,EMPTY,EMPTY,0.01
893.0,cctv3,C3_S001,G021,OCCUPIED,OCCUPIED,0.7117303252626549
893.0,cctv3,C3_S002,G019,EMPTY,EMPTY,0.01
893.0,cctv3,C3_S003,G020,OCCUPIED,OCCUPIED,0.8212025198069486
893.0,cctv3,C3_S004,G024,OCCUPIED,OCCUPIED,0.8278667517683723
893.0,cctv3,C3_S005,G025,OCCUPIED,OCCUPIED,0.8270291677930139
893.0,cctv3,C3_S006,G026,OCCUPIED,OCCUPIED,0.803509702330286
893.0,cctv3,C3_S007,G027,EMPTY,MANEUVERING,0.1727914267372001
893.0,cctv3,C3_S008,G028,EMPTY,EMPTY,0.01
893.0,cctv3,C3_S009,G029,EMPTY,EMPTY,0.01
893.0,cctv3,C3_S010,G007,OCCUPIED,OCCUPIED,0.51
893.0,cctv3,C3_S011,G008,OCCUPIED,OCCUPIED,0.7753863435519207
893.0,cctv3,C3_S012,G009,OCCUPIED,OCCUPIED,0.8223717890002511
894.0,cctv1,C1_S001,G001,OCCUPIED,LEAVING,0.7032267561961305
894.0,cctv1,C1_S002,G002,EMPTY,EMPTY,0.01
894.0,cctv1,C1_S003,G003,OCCUPIED,OCCUPIED,0.8373909020965751
894.0,cctv1,C1_S004,G004,OCCUPIED,OCCUPIED,0.7760634601116181
894.0,cctv1,C1_S005,G005,OCCUPIED,OCCUPIED,0.7651064334945246
894.0,cctv1,C1_S006,G006,EMPTY,MANEUVERING,0.3651642609094128
894.0,cctv2,C2_S001,G007,OCCUPIED,LEAVING,0.7641078678044406
894.0,cctv2,C2_S002,G008,OCCUPIED,OCCUPIED,0.8058594007383694
894.0,cctv2,C2_S003,G009,EMPTY,MANEUVERING,0.4105711505087939
894.0,cctv2,C2_S004,G010,OCCUPIED,OCCUPIED,0.7702050068161705
894.0,cctv2,C2_S005,G001,EMPTY,EMPTY,0.01
894.0,cctv2,C2_S006,G003,OCCUPIED,OCCUPIED,0.811110718548298
894.0,cctv2,C2_S007,G004,OCCUPIED,OCCUPIED,0.7962567823854361
894.0,cctv2,C2_S008,G006,OCCUPIED,OCCUPIED,0.7722021052783187
894.0,cctv2,C2_S009,G005,OCCUPIED,OCCUPIED,0.7922061660073021
894.0,cctv2,C2_S010,G002,OCCUPIED,OCCUPIED,0.51
894.0,cctv2,C2_S011,G017,OCCUPIED,LEAVING,0.7125241783965718
894.0,cctv2,C2_S012,G018,OCCUPIED,LEAVING,0.7760569846088237
894.0,cctv2,C2_S013,G019,OCCUPIED,OCCUPIED,0.8338148444890976
894.0,cctv2,C2_S014,G020,EMPTY,EMPTY,0.01
894.0,cctv3,C3_S001,G021,OCCUPIED,OCCUPIED,0.7145936620641838
894.0,cctv3,C3_S002,G019,EMPTY,EMPTY,0.01
894.0,cctv3,C3_S003,G020,OCCUPIED,OCCUPIED,0.8212061074647037
894.0,cctv3,C3_S004,G024,OCCUPIED,OCCUPIED,0.8279409026557749
894.0,cctv3,C3_S005,G025,OCCUPIED,OCCUPIED,0.8270988353274086
894.0,cctv3,C3_S006,G026,OCCUPIED,OCCUPIED,0.805102911726995
894.0,cctv3,C3_S007,G027,EMPTY,MANEUVERING,0.2551665576479652
894.0,cctv3,C3_S008,G028,EMPTY,EMPTY,0.01
894.0,cctv3,C3_S009,G029,EMPTY,MANEUVERING,0.1578126963353776
894.0,cctv3,C3_S010,G007,OCCUPIED,OCCUPIED,0.51
894.0,cctv3,C3_S011,G008,OCCUPIED,OCCUPIED,0.7770244390314276
894.0,cctv3,C3_S012,G009,OCCUPIED,OCCUPIED,0.8217164651914077
895.0,cctv1,C1_S001,G001,OCCUPIED,LEAVING,0.7093033619631421
895.0,cctv1,C1_S002,G002,EMPTY,EMPTY,0.01
895.0,cctv1,C1_S003,G003,OCCUPIED,OCCUPIED,0.8376094021580437
895.0,cctv1,C1_S004,G004,OCCUPIED,OCCUPIED,0.7768917238170451
895.0,cctv1,C1_S005,G005,OCCUPIED,OCCUPIED,0.7515740220384165
895.0,cctv1,C1_S006,G006,EMPTY,MANEUVERING,0.3631461064969048
895.0,cctv2,C2_S001,G007,OCCUPIED,LEAVING,0.7649308146400886
895.0,cctv2,C2_S002,G008,OCCUPIED,OCCUPIED,0.8059015650640835
895.0,cctv2,C2_S003,G009,OCCUPIED,OCCUPIED,0.51
895.0,cctv2,C2_S004,G010,OCCUPIED,OCCUPIED,0.7771270754662427
895.0,cctv2,C2_S005,G001,EMPTY,EMPTY,0.01
895.0,cctv2,C2_S006,G003,OCCUPIED,OCCUPIED,0.8091425647789783
895.0,cctv2,C2_S007,G004,OCCUPIED,OCCUPIED,0.7964589738033035
895.0,cctv2,C2_S008,G006,OCCUPIED,OCCUPIED,0.7701840859922496
895.0,cctv2,C2_S009,G005,OCCUPIED,OCCUPIED,0.7917718155817552
895.0,cctv2,C2_S010,G002,OCCUPIED,LEAVING,0.51
895.0,cctv2,C2_S011,G017,OCCUPIED,LEAVING,0.7110928316820752
895.0,cctv2,C2_S012,G018,OCCUPIED,LEAVING,0.7748903951861642
895.0,cctv2,C2_S013,G019,OCCUPIED,OCCUPIED,0.8332136094570161
895.0,cctv2,C2_S014,G020,EMPTY,EMPTY,0.01
895.0,cctv3,C3_S001,G021,OCCUPIED,OCCUPIED,0.7594298103858125
895.0,cctv3,C3_S002,G019,EMPTY,EMPTY,0.01
895.0,cctv3,C3_S003,G020,OCCUPIED,LEAVING,0.8214028442447836
895.0,cctv3,C3_S004,G024,OCCUPIED,OCCUPIED,0.8278738181699407
895.0,cctv3,C3_S005,G025,OCCUPIED,OCCUPIED,0.8270670877261596
895.0,cctv3,C3_S006,G026,OCCUPIED,OCCUPIED,0.8065421346913685
895.0,cctv3,C3_S007,G027,EMPTY,MANEUVERING,0.2551665576479652
895.0,cctv3,C3_S008,G028,EMPTY,EMPTY,0.01
895.0,cctv3,C3_S009,G029,EMPTY,MANEUVERING,0.1578126963353776
895.0,cctv3,C3_S010,G007,OCCUPIED,OCCUPIED,0.51
895.0,cctv3,C3_S011,G008,OCCUPIED,OCCUPIED,0.7763631604115169
895.0,cctv3,C3_S012,G009,OCCUPIED,OCCUPIED,0.8217768246477302
896.0,cctv1,C1_S001,G001,OCCUPIED,LEAVING,0.7155088907886635
896.0,cctv1,C1_S002,G002,EMPTY,EMPTY,0.01
896.0,cctv1,C1_S003,G003,OCCUPIED,OCCUPIED,0.8376230139623989
896.0,cctv1,C1_S004,G004,OCCUPIED,OCCUPIED,0.7770304720510137
896.0,cctv1,C1_S005,G005,OCCUPIED,OCCUPIED,0.7555325786001755
896.0,cctv1,C1_S006,G006,EMPTY,MANEUVERING,0.3269094789886113
896.0,cctv2,C2_S001,G007,OCCUPIED,LEAVING,0.7672075821594759
896.0,cctv2,C2_S002,G008,OCCUPIED,OCCUPIED,0.8060833473097195
896.0,cctv2,C2_S003,G009,OCCUPIED,OCCUPIED,0.522215748524124
896.0,cctv2,C2_S004,G010,OCCUPIED,OCCUPIED,0.7817800680344755
896.0,cctv2,C2_S005,G001,EMPTY,EMPTY,0.01
896.0,cctv2,C2_S006,G003,OCCUPIED,OCCUPIED,0.8078081275929105
896.0,cctv2,C2_S007,G004,OCCUPIED,OCCUPIED,0.7966669287193906
896.0,cctv2,C2_S008,G006,OCCUPIED,OCCUPIED,0.7675862072543665
896.0,cctv2,C2_S009,G005,OCCUPIED,OCCUPIED,0.7919273877685721
896.0,cctv2,C2_S010,G002,OCCUPIED,LEAVING,0.51
896.0,cctv2,C2_S011,G017,OCCUPIED,LEAVING,0.7542809959162365
896.0,cctv2,C2_S012,G018,OCCUPIED,LEAVING,0.7738602538000454
896.0,cctv2,C2_S013,G019,OCCUPIED,OCCUPIED,0.8324872542511333
896.0,cctv2,C2_S014,G020,EMPTY,EMPTY,0.01
896.0,cctv3,C3_S001,G021,OCCUPIED,OCCUPIED,0.7596219665218484
896.0,cctv3,C3_S002,G019,EMPTY,EMPTY,0.01
896.0,cctv3,C3_S003,G020,OCCUPIED,LEAVING,0.8224359490654686
896.0,cctv3,C3_S004,G024,OCCUPIED,OCCUPIED,0.8278756697069516
896.0,cctv3,C3_S005,G025,OCCUPIED,OCCUPIED,0.8270797363736413
896.0,cctv3,C3_S006,G026,OCCUPIED,OCCUPIED,0.8077310823581436
896.0,cctv3,C3_S007,G027,EMPTY,MANEUVERING,0.3333958139168945
896.0,cctv3,C3_S008,G028,EMPTY,EMPTY,0.01
896.0,cctv3,C3_S009,G029,EMPTY,MANEUVERING,0.1578126963353776
896.0,cctv3,C3_S010,G007,OCCUPIED,OCCUPIED,0.51
896.0,cctv3,C3_S011,G008,OCCUPIED,OCCUPIED,0.7748786072189158
896.0,cctv3,C3_S012,G009,OCCUPIED,OCCUPIED,0.8222359456799248
897.0,cctv1,C1_S001,G001,OCCUPIED,LEAVING,0.7578564867377282
897.0,cctv1,C1_S002,G002,EMPTY,EMPTY,0.01
897.0,cctv1,C1_S003,G003,OCCUPIED,OCCUPIED,0.8375904722647234
897.0,cctv1,C1_S004,G004,OCCUPIED,OCCUPIED,0.7767292339693417
897.0,cctv1,C1_S005,G005,OCCUPIED,OCCUPIED,0.7584587803645568
897.0,cctv1,C1_S006,G006,EMPTY,MANEUVERING,0.2915579764319188
897.0,cctv2,C2_S001,G007,OCCUPIED,LEAVING,0.7670211137695746
897.0,cctv2,C2_S002,G008,OCCUPIED,OCCUPIED,0.803969489444386
897.0,cctv2,C2_S003,G009,OCCUPIED,OCCUPIED,0.5567332903092558
897.0,cctv2,C2_S004,G010,OCCUPIED,OCCUPIED,0.7832992492751643
897.0,cctv2,C2_S005,G001,EMPTY,EMPTY,0.01
897.0,cctv2,C2_S006,G003,OCCUPIED,OCCUPIED,0.8053209639408372
897.0,cctv2,C2_S007,G004,OCCUPIED,OCCUPIED,0.7979124864394015
897.0,cctv2,C2_S008,G006,OCCUPIED,OCCUPIED,0.7651607250625437
897.0,cctv2,C2_S009,G005,OCCUPIED,OCCUPIED,0.7926463026892056
897.0,cctv2,C2_S010,G002,OCCUPIED,LEAVING,0.51
897.0,cctv2,C2_S011,G017,OCCUPIED,LEAVING,0.7558714394677769
897.0,cctv2,C2_S012,G018,OCCUPIED,LEAVING,0.7742010727524758
897.0,cctv2,C2_S013,G019,OCCUPIED,OCCUPIED,0.8318079002878883
897.0,cctv2,C2_S014,G020,EMPTY,EMPTY,0.01
897.0,cctv3,C3_S001,G021,OCCUPIED,OCCUPIED,0.76114036236297
897.0,cctv3,C3_S002,G019,EMPTY,EMPTY,0.01
897.0,cctv3,C3_S003,G020,OCCUPIED,LEAVING,0.8213526349176061
897.0,cctv3,C3_S004,G024,OCCUPIED,OCCUPIED,0.8281578185883436
897.0,cctv3,C3_S005,G025,OCCUPIED,OCCUPIED,0.8269391105933623
897.0,cctv3,C3_S006,G026,OCCUPIED,OCCUPIED,0.8088357574560426
897.0,cctv3,C3_S007,G027,EMPTY,MANEUVERING,0.4132626493605362
897.0,cctv3,C3_S008,G028,EMPTY,EMPTY,0.01
897.0,cctv3,C3_S009,G029,EMPTY,MANEUVERING,0.2613710258088328
897.0,cctv3,C3_S010,G007,OCCUPIED,OCCUPIED,0.51
897.0,cctv3,C3_S011,G008,OCCUPIED,OCCUPIED,0.773854703415524
897.0,cctv3,C3_S012,G009,OCCUPIED,OCCUPIED,0.8223414369604805
898.0,cctv1,C1_S001,G001,OCCUPIED,LEAVING,0.765411325679584
898.0,cctv1,C1_S002,G002,EMPTY,EMPTY,0.01
898.0,cctv1,C1_S003,G003,OCCUPIED,OCCUPIED,0.837590656768192
898.0,cctv1,C1_S004,G004,OCCUPIED,OCCUPIED,0.7769772180102089
898.0,cctv1,C1_S005,G005,OCCUPIED,OCCUPIED,0.762314624705098
898.0,cctv1,C1_S006,G006,EMPTY,MANEUVERING,0.2632496247372844
898.0,cctv2,C2_S001,G007,OCCUPIED,LEAVING,0.7641587667844513
898.0,cctv2,C2_S002,G008,OCCUPIED,OCCUPIED,0.8044214709238573
898.0,cctv2,C2_S003,G009,OCCUPIED,OCCUPIED,0.5117332903092557
898.0,cctv2,C2_S004,G010,OCCUPIED,OCCUPIED,0.7867055449973454
898.0,cctv2,C2_S005,G001,EMPTY,EMPTY,0.01
898.0,cctv2,C2_S006,G003,OCCUPIED,OCCUPIED,0.8032168709418991
898.0,cctv2,C2_S007,G004,OCCUPIED,OCCUPIED,0.797324362532659
898.0,cctv2,C2_S008,G006,OCCUPIED,OCCUPIED,0.7597957640886307
898.0,cctv2,C2_S009,G005,OCCUPIED,OCCUPIED,0.792165633765134
898.0,cctv2,C2_S010,G002,OCCUPIED,LEAVING,0.51
898.0,cctv2,C2_S011,G017,OCCUPIED,LEAVING,0.7586280118335378
898.0,cctv2,C2_S012,G018,OCCUPIED,LEAVING,0.7743862406774001
898.0,cctv2,C2_S013,G019,OCCUPIED,OCCUPIED,0.8310905995694075
898.0,cctv2,C2_S014,G020,EMPTY,EMPTY,0.01
898.0,cctv3,C3_S001,G021,OCCUPIED,OCCUPIED,0.7536740504611623
898.0,cctv3,C3_S002,G019,EMPTY,EMPTY,0.01
898.0,cctv3,C3_S003,G020,OCCUPIED,LEAVING,0.8203467715870251
898.0,cctv3,C3_S004,G024,OCCUPIED,OCCUPIED,0.8282579682090067
898.0,cctv3,C3_S005,G025,OCCUPIED,OCCUPIED,0.8269302495501258
898.0,cctv3,C3_S006,G026,OCCUPIED,OCCUPIED,0.8106250233270906
898.0,cctv3,C3_S007,G027,EMPTY,MANEUVERING,0.4489069080183452
898.0,cctv3,C3_S008,G028,EMPTY,EMPTY,0.01
898.0,cctv3,C3_S009,G029,EMPTY,MANEUVERING,0.2163710258088328
898.0,cctv3,C3_S010,G007,OCCUPIED,OCCUPIED,0.51
898.0,cctv3,C3_S011,G008,OCCUPIED,OCCUPIED,0.7898177950219675
898.0,cctv3,C3_S012,G009,OCCUPIED,OCCUPIED,0.8224664774808017
899.0,cctv1,C1_S001,G001,OCCUPIED,LEAVING,0.7728375589983031
899.0,cctv1,C1_S002,G002,EMPTY,EMPTY,0.01
899.0,cctv1,C1_S003,G003,OCCUPIED,OCCUPIED,0.8376239177855579
899.0,cctv1,C1_S004,G004,OCCUPIED,OCCUPIED,0.7775849838148464
899.0,cctv1,C1_S005,G005,OCCUPIED,OCCUPIED,0.751158890453252
899.0,cctv1,C1_S006,G006,EMPTY,MANEUVERING,0.2020079055157574
899.0,cctv2,C2_S001,G007,OCCUPIED,OCCUPIED,0.7621565192937851
899.0,cctv2,C2_S002,G008,OCCUPIED,OCCUPIED,0.8042016655206681
899.0,cctv2,C2_S003,G009,OCCUPIED,OCCUPIED,0.5468575476032572
899.0,cctv2,C2_S004,G010,OCCUPIED,OCCUPIED,0.791733894835819
899.0,cctv2,C2_S005,G001,EMPTY,EMPTY,0.01
899.0,cctv2,C2_S006,G003,OCCUPIED,OCCUPIED,0.801263453066349
899.0,cctv2,C2_S007,G004,OCCUPIED,OCCUPIED,0.7971436328508638
899.0,cctv2,C2_S008,G006,OCCUPIED,OCCUPIED,0.7594304037365047
899.0,cctv2,C2_S009,G005,OCCUPIED,OCCUPIED,0.7926631542769346
899.0,cctv2,C2_S010,G002,OCCUPIED,LEAVING,0.51
899.0,cctv2,C2_S011,G017,OCCUPIED,OCCUPIED,0.7336194323409687
899.0,cctv2,C2_S012,G018,OCCUPIED,LEAVING,0.7769775447520344
899.0,cctv2,C2_S013,G019,OCCUPIED,OCCUPIED,0.8312302296811884
899.0,cctv2,C2_S014,G020,EMPTY,EMPTY,0.01
899.0,cctv3,C3_S001,G021,OCCUPIED,OCCUPIED,0.7521465789188039
899.0,cctv3,C3_S002,G019,EMPTY,EMPTY,0.01
899.0,cctv3,C3_S003,G020,OCCUPIED,LEAVING,0.8209491136399183
899.0,cctv3,C3_S004,G024,OCCUPIED,OCCUPIED,0.8284538824449886
899.0,cctv3,C3_S005,G025,OCCUPIED,OCCUPIED,0.827165840159763
899.0,cctv3,C3_S006,G026,OCCUPIED,OCCUPIED,0.8130731860345061
899.0,cctv3,C3_S007,G027,EMPTY,MANEUVERING,0.49
899.0,cctv3,C3_S008,G028,EMPTY,EMPTY,0.01
899.0,cctv3,C3_S009,G029,EMPTY,MANEUVERING,0.3125239101323214
899.0,cctv3,C3_S010,G007,OCCUPIED,OCCUPIED,0.51
899.0,cctv3,C3_S011,G008,OCCUPIED,OCCUPIED,0.7878892054611987
899.0,cctv3,C3_S012,G009,OCCUPIED,OCCUPIED,0.8223371917551214
900.0,cctv1,C1_S001,G001,OCCUPIED,LEAVING,0.7810164853930474
900.0,cctv1,C1_S002,G002,EMPTY,EMPTY,0.01
900.0,cctv1,C1_S003,G003,OCCUPIED,OCCUPIED,0.8375548882917925
900.0,cctv1,C1_S004,G004,OCCUPIED,OCCUPIED,0.7798310428857804
900.0,cctv1,C1_S005,G005,OCCUPIED,OCCUPIED,0.7487963284145702
900.0,cctv1,C1_S006,G006,EMPTY,MANEUVERING,0.2020079055157574
900.0,cctv2,C2_S001,G007,OCCUPIED,OCCUPIED,0.7593280776657843
900.0,cctv2,C2_S002,G008,OCCUPIED,OCCUPIED,0.8060170463540338
900.0,cctv2,C2_S003,G009,OCCUPIED,OCCUPIED,0.5884178432737561
900.0,cctv2,C2_S004,G010,OCCUPIED,OCCUPIED,0.7929862109097569
900.0,cctv2,C2_S005,G001,EMPTY,EMPTY,0.01
900.0,cctv2,C2_S006,G003,OCCUPIED,OCCUPIED,0.7995118779214947
900.0,cctv2,C2_S007,G004,OCCUPIED,OCCUPIED,0.7976175669919361
900.0,cctv2,C2_S008,G006,OCCUPIED,OCCUPIED,0.7595735788345338
900.0,cctv2,C2_S009,G005,OCCUPIED,OCCUPIED,0.7967884522947399
900.0,cctv2,C2_S010,G002,OCCUPIED,LEAVING,0.51
900.0,cctv2,C2_S011,G017,OCCUPIED,OCCUPIED,0.732532795261253
900.0,cctv2,C2_S012,G018,OCCUPIED,LEAVING,0.7767092177813704
900.0,cctv2,C2_S013,G019,OCCUPIED,OCCUPIED,0.831258415633982
900.0,cctv2,C2_S014,G020,EMPTY,EMPTY,0.01
900.0,cctv3,C3_S001,G021,OCCUPIED,OCCUPIED,0.7549962941218507
900.0,cctv3,C3_S002,G019,EMPTY,EMPTY,0.01
900.0,cctv3,C3_S003,G020,OCCUPIED,LEAVING,0.8212020865895532
900.0,cctv3,C3_S004,G024,OCCUPIED,OCCUPIED,0.8287065774202347
900.0,cctv3,C3_S005,G025,OCCUPIED,OCCUPIED,0.8278042831204155
900.0,cctv3,C3_S006,G026,OCCUPIED,OCCUPIED,0.8165897530588238
900.0,cctv3,C3_S007,G027,EMPTY,MANEUVERING,0.4473151673952287
900.0,cctv3,C3_S008,G028,EMPTY,EMPTY,0.01
900.0,cctv3,C3_S009,G029,EMPTY,MANEUVERING,0.3125239101323214
900.0,cctv3,C3_S010,G007,OCCUPIED,OCCUPIED,0.51
900.0,cctv3,C3_S011,G008,OCCUPIED,OCCUPIED,0.7860071936791594
900.0,cctv3,C3_S012,G009,OCCUPIED,OCCUPIED,0.8225089262832296
901.0,cctv1,C1_S001,G001,OCCUPIED,LEAVING,0.7886421311985363
901.0,cctv1,C1_S002,G002,EMPTY,EMPTY,0.01
901.0,cctv1,C1_S003,G003,OCCUPIED,OCCUPIED,0.8376323586160487
901.0,cctv1,C1_S004,G004,OCCUPIED,OCCUPIED,0.7793860684741628
901.0,cctv1,C1_S005,G005,OCCUPIED,OCCUPIED,0.752061405425722
901.0,cctv1,C1_S006,G006,EMPTY,MANEUVERING,0.2020079055157574
901.0,cctv2,C2_S001,G007,OCCUPIED,OCCUPIED,0.7572378931397742
901.0,cctv2,C2_S002,G008,OCCUPIED,OCCUPIED,0.8073484843427485
901.0,cctv2,C2_S003,G009,OCCUPIED,OCCUPIED,0.5434178432737562
901.0,cctv2,C2_S004,G010,OCCUPIED,OCCUPIED,0.7972607852383093
901.0,cctv2,C2_S005,G001,EMPTY,EMPTY,0.01
901.0,cctv2,C2_S006,G003,OCCUPIED,OCCUPIED,0.7979553798382933
901.0,cctv2,C2_S007,G004,OCCUPIED,OCCUPIED,0.7979522627863018
901.0,cctv2,C2_S008,G006,OCCUPIED,OCCUPIED,0.7605851950970564
901.0,cctv2,C2_S009,G005,OCCUPIED,OCCUPIED,0.8003326611085372
901.0,cctv2,C2_S010,G002,OCCUPIED,LEAVING,0.51
901.0,cctv2,C2_S011,G017,OCCUPIED,OCCUPIED,0.7209871354608826
901.0,cctv2,C2_S012,G018,OCCUPIED,LEAVING,0.7754462110725316
901.0,cctv2,C2_S013,G019,OCCUPIED,OCCUPIED,0.8305143814195287
901.0,cctv2,C2_S014,G020,EMPTY,EMPTY,0.01
901.0,cctv3,C3_S001,G021,OCCUPIED,OCCUPIED,0.7522590318728577
901.0,cctv3,C3_S002,G019,EMPTY,EMPTY,0.01
901.0,cctv3,C3_S003,G020,OCCUPIED,LEAVING,0.8212074526331642
901.0,cctv3,C3_S004,G024,OCCUPIED,OCCUPIED,0.828694266893647
901.0,cctv3,C3_S005,G025,OCCUPIED,OCCUPIED,0.8286961070515894
901.0,cctv3,C3_S006,G026,OCCUPIED,OCCUPIED,0.8190999788316814
901.0,cctv3,C3_S007,G027,EMPTY,MANEUVERING,0.4836034147424454
901.0,cctv3,C3_S008,G028,EMPTY,EMPTY,0.01
901.0,cctv3,C3_S009,G029,EMPTY,MANEUVERING,0.2675239101323214
901.0,cctv3,C3_S010,G007,OCCUPIED,OCCUPIED,0.51
901.0,cctv3,C3_S011,G008,OCCUPIED,OCCUPIED,0.7746143411777238
901.0,cctv3,C3_S012,G009,OCCUPIED,OCCUPIED,0.8233995773575523
902.0,cctv1,C1_S001,G001,OCCUPIED,LEAVING,0.7955998329953714
902.0,cctv1,C1_S002,G002,EMPTY,EMPTY,0.01
902.0,cctv1,C1_S003,G003,OCCUPIED,LEAVING,0.8321270929141479
902.0,cctv1,C1_S004,G004,OCCUPIED,OCCUPIED,0.7820208137685603
902.0,cctv1,C1_S005,G005,OCCUPIED,OCCUPIED,0.7530392161011696
902.0,cctv1,C1_S006,G006,EMPTY,MANEUVERING,0.1671067894385619
902.0,cctv2,C2_S001,G007,OCCUPIED,OCCUPIED,0.7559515711258759
902.0,cctv2,C2_S002,G008,OCCUPIED,OCCUPIED,0.8063127086921172
902.0,cctv2,C2_S003,G009,OCCUPIED,OCCUPIED,0.5434178432737562
902.0,cctv2,C2_S004,G010,OCCUPIED,OCCUPIED,0.8030588518489492
902.0,cctv2,C2_S005,G001,EMPTY,EMPTY,0.01
902.0,cctv2,C2_S006,G003,OCCUPIED,OCCUPIED,0.7964438461444595
902.0,cctv2,C2_S007,G004,OCCUPIED,OCCUPIED,0.7985406768592922
902.0,cctv2,C2_S008,G006,OCCUPIED,OCCUPIED,0.7596406137401408
902.0,cctv2,C2_S009,G005,OCCUPIED,OCCUPIED,0.8010176168246703
902.0,cctv2,C2_S010,G002,OCCUPIED,LEAVING,0.51
902.0,cctv2,C2_S011,G017,OCCUPIED,OCCUPIED,0.7121332274783743
902.0,cctv2,C2_S012,G018,OCCUPIED,LEAVING,0.771994395824996
902.0,cctv2,C2_S013,G019,OCCUPIED,OCCUPIED,0.8303415610031648
902.0,cctv2,C2_S014,G020,EMPTY,EMPTY,0.01
902.0,cctv3,C3_S001,G021,OCCUPIED,OCCUPIED,0.7877595913681118
902.0,cctv3,C3_S002,G019,EMPTY,EMPTY,0.01
902.0,cctv3,C3_S003,G020,OCCUPIED,LEAVING,0.8205835236744448
902.0,cctv3,C3_S004,G024,OCCUPIED,OCCUPIED,0.828777604753321
902.0,cctv3,C3_S005,G025,OCCUPIED,OCCUPIED,0.8291368573904038
902.0,cctv3,C3_S006,G026,OCCUPIED,OCCUPIED,0.8244321749968962
902.0,cctv3,C3_S007,G027,EMPTY,MANEUVERING,0.4386034147424454
902.0,cctv3,C3_S008,G028,EMPTY,EMPTY,0.01
902.0,cctv3,C3_S009,G029,EMPTY,MANEUVERING,0.2675239101323214
902.0,cctv3,C3_S010,G007,OCCUPIED,OCCUPIED,0.51
902.0,cctv3,C3_S011,G008,OCCUPIED,OCCUPIED,0.7638713204589758
902.0,cctv3,C3_S012,G009,OCCUPIED,OCCUPIED,0.8240958576852626
903.0,cctv1,C1_S001,G001,OCCUPIED,LEAVING,0.8049886699427259
903.0,cctv1,C1_S002,G002,EMPTY,EMPTY,0.01
903.0,cctv1,C1_S003,G003,OCCUPIED,LEAVING,0.8322899070653049
903.0,cctv1,C1_S004,G004,OCCUPIED,OCCUPIED,0.7835773850029166
903.0,cctv1,C1_S005,G005,OCCUPIED,OCCUPIED,0.7496747587756678
903.0,cctv1,C1_S006,G006,EMPTY,MANEUVERING,0.1221067894385619
903.0,cctv2,C2_S001,G007,OCCUPIED,OCCUPIED,0.7563022732057355
903.0,cctv2,C2_S002,G008,OCCUPIED,OCCUPIED,0.8051423145966097
903.0,cctv2,C2_S003,G009,OCCUPIED,LEAVING,0.542027258436111
903.0,cctv2,C2_S004,G010,OCCUPIED,OCCUPIED,0.8042066877538508
903.0,cctv2,C2_S005,G001,EMPTY,EMPTY,0.01
903.0,cctv2,C2_S006,G003,OCCUPIED,OCCUPIED,0.7969154516404326
903.0,cctv2,C2_S007,G004,OCCUPIED,OCCUPIED,0.8014506082643162
903.0,cctv2,C2_S008,G006,OCCUPIED,OCCUPIED,0.759553157470443
903.0,cctv2,C2_S009,G005,OCCUPIED,OCCUPIED,0.8020837038755417
903.0,cctv2,C2_S010,G002,OCCUPIED,LEAVING,0.5772532608021389
903.0,cctv2,C2_S011,G017,OCCUPIED,OCCUPIED,0.7427986561168325
903.0,cctv2,C2_S012,G018,OCCUPIED,OCCUPIED,0.7691879704594613
903.0,cctv2,C2_S013,G019,OCCUPIED,OCCUPIED,0.8303460329771042
903.0,cctv2,C2_S014,G020,EMPTY,EMPTY,0.01
903.0,cctv3,C3_S001,G021,OCCUPIED,OCCUPIED,0.7883918018503623
903.0,cctv3,C3_S002,G019,EMPTY,EMPTY,0.01
903.0,cctv3,C3_S003,G020,OCCUPIED,LEAVING,0.8200015363368122
903.0,cctv3,C3_S004,G024,OCCUPIED,OCCUPIED,0.8287429294802926
903.0,cctv3,C3_S005,G025,OCCUPIED,OCCUPIED,0.8283475865017285
903.0,cctv3,C3_S006,G026,OCCUPIED,OCCUPIED,0.8253019235350869
903.0,cctv3,C3_S007,G027,EMPTY,MANEUVERING,0.3936034147424454
903.0,cctv3,C3_S008,G028,EMPTY,EMPTY,0.01
903.0,cctv3,C3_S009,G029,EMPTY,MANEUVERING,0.2225239101323214
903.0,cctv3,C3_S010,G007,OCCUPIED,LEAVING,0.51
903.0,cctv3,C3_S011,G008,OCCUPIED,OCCUPIED,0.7526434473828837
903.0,cctv3,C3_S012,G009,OCCUPIED,OCCUPIED,0.8239585879174146
904.0,cctv1,C1_S001,G001,OCCUPIED,LEAVING,0.8134867798198354
904.0,cctv1,C1_S002,G002,EMPTY,EMPTY,0.01
904.0,cctv1,C1_S003,G003,OCCUPIED,LEAVING,0.8258529342033647
904.0,cctv1,C1_S004,G004,OCCUPIED,OCCUPIED,0.7835042822090063
904.0,cctv1,C1_S005,G005,OCCUPIED,OCCUPIED,0.7468177310986953
904.0,cctv1,C1_S006,G006,EMPTY,MANEUVERING,0.20683028859171
904.0,cctv2,C2_S001,G007,OCCUPIED,OCCUPIED,0.7561704178425399
904.0,cctv2,C2_S002,G008,OCCUPIED,OCCUPIED,0.8041312217712403
904.0,cctv2,C2_S003,G009,OCCUPIED,LEAVING,0.5373669395511124
904.0,cctv2,C2_S004,G010,OCCUPIED,OCCUPIED,0.8010805621743203
904.0,cctv2,C2_S005,G001,EMPTY,EMPTY,0.01
904.0,cctv2,C2_S006,G003,OCCUPIED,OCCUPIED,0.7993730715729974
904.0,cctv2,C2_S007,G004,OCCUPIED,OCCUPIED,0.8018705576658249
904.0,cctv2,C2_S008,G006,OCCUPIED,OCCUPIED,0.7627354676073248
904.0,cctv2,C2_S009,G005,OCCUPIED,OCCUPIED,0.8034673148935492
904.0,cctv2,C2_S010,G002,OCCUPIED,LEAVING,0.6246801769888247
904.0,cctv2,C2_S011,G017,OCCUPIED,OCCUPIED,0.8082164878194983
904.0,cctv2,C2_S012,G018,OCCUPIED,OCCUPIED,0.7663126180117781
904.0,cctv2,C2_S013,G019,OCCUPIED,OCCUPIED,0.8301836902445013
904.0,cctv2,C2_S014,G020,EMPTY,EMPTY,0.01
904.0,cctv3,C3_S001,G021,OCCUPIED,OCCUPIED,0.7860189905220812
904.0,cctv3,C3_S002,G019,EMPTY,EMPTY,0.01
904.0,cctv3,C3_S003,G020,OCCUPIED,LEAVING,0.8209396462548864
904.0,cctv3,C3_S004,G024,OCCUPIED,OCCUPIED,0.8287102520465851
904.0,cctv3,C3_S005,G025,OCCUPIED,OCCUPIED,0.8275910670107062
904.0,cctv3,C3_S006,G026,OCCUPIED,OCCUPIED,0.8250521887432446
904.0,cctv3,C3_S007,G027,EMPTY,MANEUVERING,0.3936034147424454
904.0,cctv3,C3_S008,G028,EMPTY,EMPTY,0.01
904.0,cctv3,C3_S009,G029,EMPTY,MANEUVERING,0.2225239101323214
904.0,cctv3,C3_S010,G007,OCCUPIED,LEAVING,0.51
904.0,cctv3,C3_S011,G008,OCCUPIED,OCCUPIED,0.7567744617570531
904.0,cctv3,C3_S012,G009,OCCUPIED,OCCUPIED,0.8257410653612831
905.0,cctv1,C1_S001,G001,OCCUPIED,LEAVING,0.8178961249915037
905.0,cctv1,C1_S002,G002,EMPTY,EMPTY,0.01
905.0,cctv1,C1_S003,G003,OCCUPIED,LEAVING,0.8257491156458855
905.0,cctv1,C1_S004,G004,OCCUPIED,OCCUPIED,0.7832687639377335
905.0,cctv1,C1_S005,G005,OCCUPIED,OCCUPIED,0.7448585005510937
905.0,cctv1,C1_S006,G006,EMPTY,MANEUVERING,0.20683028859171
905.0,cctv2,C2_S001,G007,OCCUPIED,OCCUPIED,0.7542189787057314
905.0,cctv2,C2_S002,G008,OCCUPIED,OCCUPIED,0.8037138895554976
905.0,cctv2,C2_S003,G009,OCCUPIED,LEAVING,0.51
905.0,cctv2,C2_S004,G010,OCCUPIED,OCCUPIED,0.798428353260864
905.0,cctv2,C2_S005,G001,EMPTY,EMPTY,0.01
905.0,cctv2,C2_S006,G003,OCCUPIED,OCCUPIED,0.7993312331763182
905.0,cctv2,C2_S007,G004,OCCUPIED,OCCUPIED,0.8016878594051708
905.0,cctv2,C2_S008,G006,OCCUPIED,OCCUPIED,0.7637591294266961
905.0,cctv2,C2_S009,G005,OCCUPIED,OCCUPIED,0.8039749578996138
905.0,cctv2,C2_S010,G002,OCCUPIED,LEAVING,0.6705505922233517
905.0,cctv2,C2_S011,G017,OCCUPIED,LEAVING,0.8065171840516004
905.0,cctv2,C2_S012,G018,OCCUPIED,OCCUPIED,0.7611599892377854
905.0,cctv2,C2_S013,G019,OCCUPIED,OCCUPIED,0.8307678956877103
905.0,cctv2,C2_S014,G020,EMPTY,EMPTY,0.01
905.0,cctv3,C3_S001,G021,OCCUPIED,OCCUPIED,0.7837408530441198
905.0,cctv3,C3_S002,G019,EMPTY,EMPTY,0.01
905.0,cctv3,C3_S003,G020,OCCUPIED,LEAVING,0.8213981731371447
905.0,cctv3,C3_S004,G024,OCCUPIED,OCCUPIED,0.828726753321561
905.0,cctv3,C3_S005,G025,OCCUPIED,OCCUPIED,0.827441082759337
905.0,cctv3,C3_S006,G026,OCCUPIED,OCCUPIED,0.825098919326609
905.0,cctv3,C3_S007,G027,EMPTY,MANEUVERING,0.3919324558025057
905.0,cctv3,C3_S008,G028,EMPTY,EMPTY,0.01
905.0,cctv3,C3_S009,G029,EMPTY,MANEUVERING,0.2874783243509856
905.0,cctv3,C3_S010,G007,OCCUPIED,LEAVING,0.51
905.0,cctv3,C3_S011,G008,OCCUPIED,OCCUPIED,0.7572893914309415
905.0,cctv3,C3_S012,G009,OCCUPIED,OCCUPIED,0.8264701491052455
906.0,cctv1,C1_S001,G001,OCCUPIED,LEAVING,0.8178843598474157
906.0,cctv1,C1_S002,G002,EMPTY,EMPTY,0.01
906.0,cctv1,C1_S003,G003,OCCUPIED,LEAVING,0.8256539142944597
906.0,cctv1,C1_S004,G004,OCCUPIED,OCCUPIED,0.7832441583275795
906.0,cctv1,C1_S005,G005,OCCUPIED,OCCUPIED,0.7445572449944237
906.0,cctv1,C1_S006,G006,EMPTY,MANEUVERING,0.252180734845725
906.0,cctv2,C2_S001,G007,OCCUPIED,OCCUPIED,0.7524446446109903
906.0,cctv2,C2_S002,G008,OCCUPIED,OCCUPIED,0.8067408908497204
906.0,cctv2,C2_S003,G009,OCCUPIED,LEAVING,0.5467166291312737
906.0,cctv2,C2_S004,G010,OCCUPIED,OCCUPIED,0.7959436613050375
906.0,cctv2,C2_S005,G001,EMPTY,EMPTY,0.01
906.0,cctv2,C2_S006,G003,OCCUPIED,OCCUPIED,0.7989535797726025
906.0,cctv2,C2_S007,G004,OCCUPIED,OCCUPIED,0.8016285663301295
906.0,cctv2,C2_S008,G006,OCCUPIED,OCCUPIED,0.7627307916229422
906.0,cctv2,C2_S009,G005,OCCUPIED,OCCUPIED,0.8044232208620419
906.0,cctv2,C2_S010,G002,OCCUPIED,LEAVING,0.6694747570698912
906.0,cctv2,C2_S011,G017,OCCUPIED,LEAVING,0.8044231249527498
906.0,cctv2,C2_S012,G018,OCCUPIED,OCCUPIED,0.7606344510208477
906.0,cctv2,C2_S013,G019,OCCUPIED,OCCUPIED,0.8312137804248116
906.0,cctv2,C2_S014,G020,EMPTY,EMPTY,0.01
906.0,cctv3,C3_S001,G021,OCCUPIED,OCCUPIED,0.7831595435738564
906.0,cctv3,C3_S002,G019,EMPTY,EMPTY,0.01
906.0,cctv3,C3_S003,G020,OCCUPIED,LEAVING,0.8220749603076415
906.0,cctv3,C3_S004,G024,OCCUPIED,OCCUPIED,0.828738113695925
906.0,cctv3,C3_S005,G025,OCCUPIED,OCCUPIED,0.8276896609501405
906.0,cctv3,C3_S006,G026,OCCUPIED,OCCUPIED,0.8252958674322476
906.0,cctv3,C3_S007,G027,EMPTY,MANEUVERING,0.4738802654750936
906.0,cctv3,C3_S008,G028,EMPTY,EMPTY,0.01
906.0,cctv3,C3_S009,G029,EMPTY,MANEUVERING,0.3930630402504043
906.0,cctv3,C3_S010,G007,OCCUPIED,LEAVING,0.51
906.0,cctv3,C3_S011,G008,OCCUPIED,OCCUPIED,0.7589793472940273
906.0,cctv3,C3_S012,G009,OCCUPIED,OCCUPIED,0.8260820155793971
907.0,cctv1,C1_S001,G001,OCCUPIED,LEAVING,0.8102845487946815
907.0,cctv1,C1_S002,G002,EMPTY,EMPTY,0.01
907.0,cctv1,C1_S003,G003,OCCUPIED,LEAVING,0.8254952608184382
907.0,cctv1,C1_S004,G004,OCCUPIED,OCCUPIED,0.7817303443496878
907.0,cctv1,C1_S005,G005,OCCUPIED,OCCUPIED,0.7328650880401786
907.0,cctv1,C1_S006,G006,EMPTY,MANEUVERING,0.3456737612357194
907.0,cctv2,C2_S001,G007,OCCUPIED,OCCUPIED,0.7507456423884089
907.0,cctv2,C2_S002,G008,OCCUPIED,OCCUPIED,0.8070055362853138
907.0,cctv2,C2_S003,G009,OCCUPIED,LEAVING,0.5473691895100977
907.0,cctv2,C2_S004,G010,OCCUPIED,OCCUPIED,0.7948477960445665
907.0,cctv2,C2_S005,G001,EMPTY,EMPTY,0.01
907.0,cctv2,C2_S006,G003,OCCUPIED,OCCUPIED,0.7996821270747618
907.0,cctv2,C2_S007,G004,OCCUPIED,OCCUPIED,0.8017065584659577
907.0,cctv2,C2_S008,G006,OCCUPIED,OCCUPIED,0.7639462297612971
907.0,cctv2,C2_S009,G005,OCCUPIED,OCCUPIED,0.8032282552935861
907.0,cctv2,C2_S010,G002,OCCUPIED,OCCUPIED,0.667093072811311
907.0,cctv2,C2_S011,G017,OCCUPIED,LEAVING,0.8046128091487018
907.0,cctv2,C2_S012,G018,OCCUPIED,OCCUPIED,0.7599364467642524
907.0,cctv2,C2_S013,G019,OCCUPIED,OCCUPIED,0.8319390473040669
907.0,cctv2,C2_S014,G020,EMPTY,EMPTY,0.01
907.0,cctv3,C3_S001,G021,OCCUPIED,OCCUPIED,0.783499064906077
907.0,cctv3,C3_S002,G019,EMPTY,EMPTY,0.01
907.0,cctv3,C3_S003,G020,OCCUPIED,LEAVING,0.8222271902994677
907.0,cctv3,C3_S004,G024,OCCUPIED,OCCUPIED,0.8286960794167086
907.0,cctv3,C3_S005,G025,OCCUPIED,OCCUPIED,0.8276808194138787
907.0,cctv3,C3_S006,G026,OCCUPIED,OCCUPIED,0.8253112860701302
907.0,cctv3,C3_S007,G027,EMPTY,MANEUVERING,0.49
907.0,cctv3,C3_S008,G028,EMPTY,EMPTY,0.01
907.0,cctv3,C3_S009,G029,EMPTY,MANEUVERING,0.3930630402504043
907.0,cctv3,C3_S010,G007,OCCUPIED,OCCUPIED,0.51
907.0,cctv3,C3_S011,G008,OCCUPIED,OCCUPIED,0.7612138834324751
907.0,cctv3,C3_S012,G009,OCCUPIED,OCCUPIED,0.8257546349005267
908.0,cctv1,C1_S001,G001,OCCUPIED,LEAVING,0.8036308115856214
908.0,cctv1,C1_S002,G002,EMPTY,EMPTY,0.01
908.0,cctv1,C1_S003,G003,OCCUPIED,LEAVING,0.825367982685566
908.0,cctv1,C1_S004,G004,OCCUPIED,OCCUPIED,0.7817837438800119
908.0,cctv1,C1_S005,G005,OCCUPIED,OCCUPIED,0.7309157824787227
908.0,cctv1,C1_S006,G006,EMPTY,MANEUVERING,0.3006737612357194
908.0,cctv2,C2_S001,G007,OCCUPIED,OCCUPIED,0.7497712474655022
908.0,cctv2,C2_S002,G008,OCCUPIED,OCCUPIED,0.8085951767184518
908.0,cctv2,C2_S003,G009,OCCUPIED,LEAVING,0.5476763164919692
908.0,cctv2,C2_S004,G010,OCCUPIED,OCCUPIED,0.7944236266342077
908.0,cctv2,C2_S005,G001,EMPTY,EMPTY,0.01
908.0,cctv2,C2_S006,G003,OCCUPIED,OCCUPIED,0.801941558176821
908.0,cctv2,C2_S007,G004,OCCUPIED,OCCUPIED,0.8016403859311885
908.0,cctv2,C2_S008,G006,OCCUPIED,OCCUPIED,0.7649981986392629
908.0,cctv2,C2_S009,G005,OCCUPIED,OCCUPIED,0.8016219542785125
908.0,cctv2,C2_S010,G002,OCCUPIED,OCCUPIED,0.7125894081953801
908.0,cctv2,C2_S011,G017,OCCUPIED,LEAVING,0.802615483511578
908.0,cctv2,C2_S012,G018,OCCUPIED,OCCUPIED,0.7587250010533767
908.0,cctv2,C2_S013,G019,OCCUPIED,OCCUPIED,0.8325869739055634
908.0,cctv2,C2_S014,G020,EMPTY,EMPTY,0.01
908.0,cctv3,C3_S001,G021,OCCUPIED,OCCUPIED,0.7812005336989056
908.0,cctv3,C3_S002,G019,EMPTY,EMPTY,0.01
908.0,cctv3,C3_S003,G020,OCCUPIED,LEAVING,0.8231582321903923
908.0,cctv3,C3_S004,G024,OCCUPIED,OCCUPIED,0.8286279732530768
908.0,cctv3,C3_S005,G025,OCCUPIED,OCCUPIED,0.8276467309756713
908.0,cctv3,C3_S006,G026,OCCUPIED,OCCUPIED,0.8254872227256949
908.0,cctv3,C3_S007,G027,EMPTY,MANEUVERING,0.4845399434102529
908.0,cctv3,C3_S008,G028,EMPTY,EMPTY,0.01
908.0,cctv3,C3_S009,G029,EMPTY,MANEUVERING,0.4323566025732593
908.0,cctv3,C3_S010,G007,OCCUPIED,OCCUPIED,0.51
908.0,cctv3,C3_S011,G008,OCCUPIED,OCCUPIED,0.762566632790999
908.0,cctv3,C3_S012,G009,OCCUPIED,OCCUPIED,0.826105658845468
909.0,cctv1,C1_S001,G001,OCCUPIED,LEAVING,0.795500926131552
909.0,cctv1,C1_S002,G002,EMPTY,EMPTY,0.01
909.0,cctv1,C1_S003,G003,OCCUPIED,LEAVING,0.8252974657849832
909.0,cctv1,C1_S004,G004,OCCUPIED,OCCUPIED,0.7805009266192263
909.0,cctv1,C1_S005,G005,OCCUPIED,OCCUPIED,0.7160342266342858
909.0,cctv1,C1_S006,G006,EMPTY,MANEUVERING,0.3932716271145777
909.0,cctv2,C2_S001,G007,OCCUPIED,OCCUPIED,0.7488855889575049
909.0,cctv2,C2_S002,G008,OCCUPIED,OCCUPIED,0.8081026946956462
909.0,cctv2,C2_S003,G009,OCCUPIED,LEAVING,0.6278699143705043
909.0,cctv2,C2_S004,G010,OCCUPIED,OCCUPIED,0.7943644944917072
909.0,cctv2,C2_S005,G001,EMPTY,EMPTY,0.01
909.0,cctv2,C2_S006,G003,OCCUPIED,OCCUPIED,0.8032719257203016
909.0,cctv2,C2_S007,G004,OCCUPIED,OCCUPIED,0.8014881738207558
909.0,cctv2,C2_S008,G006,OCCUPIED,OCCUPIED,0.766441397368908
909.0,cctv2,C2_S009,G005,OCCUPIED,OCCUPIED,0.8007875158028169
909.0,cctv2,C2_S010,G002,OCCUPIED,OCCUPIED,0.7593450935862283
909.0,cctv2,C2_S011,G017,OCCUPIED,LEAVING,0.80187784595923
909.0,cctv2,C2_S012,G018,OCCUPIED,OCCUPIED,0.7559276370839639
909.0,cctv2,C2_S013,G019,OCCUPIED,OCCUPIED,0.8333778224208139
909.0,cctv2,C2_S014,G020,EMPTY,EMPTY,0.01
909.0,cctv3,C3_S001,G021,OCCUPIED,OCCUPIED,0.7876934948292647
909.0,cctv3,C3_S002,G019,EMPTY,EMPTY,0.01
909.0,cctv3,C3_S003,G020,OCCUPIED,LEAVING,0.8236121489243075
909.0,cctv3,C3_S004,G024,OCCUPIED,OCCUPIED,0.8286670831116764
909.0,cctv3,C3_S005,G025,OCCUPIED,OCCUPIED,0.8274562193588777
909.0,cctv3,C3_S006,G026,OCCUPIED,OCCUPIED,0.825378029183908
909.0,cctv3,C3_S007,G027,EMPTY,MANEUVERING,0.4036056890169328
909.0,cctv3,C3_S008,G028,EMPTY,EMPTY,0.01
909.0,cctv3,C3_S009,G029,EMPTY,MANEUVERING,0.3873566025732593
909.0,cctv3,C3_S010,G007,OCCUPIED,OCCUPIED,0.51
909.0,cctv3,C3_S011,G008,OCCUPIED,OCCUPIED,0.7619585077329116
909.0,cctv3,C3_S012,G009,OCCUPIED,OCCUPIED,0.8262059417637913
910.0,cctv1,C1_S001,G001,OCCUPIED,LEAVING,0.7883345527405089
910.0,cctv1,C1_S002,G002,EMPTY,EMPTY,0.01
910.0,cctv1,C1_S003,G003,OCCUPIED,LEAVING,0.8198351016098804
910.0,cctv1,C1_S004,G004,OCCUPIED,OCCUPIED,0.7791095664555376
910.0,cctv1,C1_S005,G005,OCCUPIED,OCCUPIED,0.7174804664200004
910.0,cctv1,C1_S006,G006,EMPTY,MANEUVERING,0.3939185799522833
910.0,cctv2,C2_S001,G007,OCCUPIED,OCCUPIED,0.7479902704331008
910.0,cctv2,C2_S002,G008,OCCUPIED,OCCUPIED,0.8059354023499923
910.0,cctv2,C2_S003,G009,OCCUPIED,LEAVING,0.6276457554576073
910.0,cctv2,C2_S004,G010,OCCUPIED,OCCUPIED,0.7923372167077932
910.0,cctv2,C2_S005,G001,EMPTY,EMPTY,0.01
910.0,cctv2,C2_S006,G003,OCCUPIED,OCCUPIED,0.8048398345708848
910.0,cctv2,C2_S007,G004,OCCUPIED,OCCUPIED,0.8012543071400036
910.0,cctv2,C2_S008,G006,OCCUPIED,OCCUPIED,0.7669773758812385
910.0,cctv2,C2_S009,G005,OCCUPIED,OCCUPIED,0.7997023956342177
910.0,cctv2,C2_S010,G002,OCCUPIED,OCCUPIED,0.8070950814268807
910.0,cctv2,C2_S011,G017,OCCUPIED,OCCUPIED,0.8012197277762674
910.0,cctv2,C2_S012,G018,OCCUPIED,OCCUPIED,0.7533443028276617
910.0,cctv2,C2_S013,G019,OCCUPIED,OCCUPIED,0.8332832591100173
910.0,cctv2,C2_S014,G020,EMPTY,EMPTY,0.01
910.0,cctv3,C3_S001,G021,OCCUPIED,OCCUPIED,0.7897903101010757
910.0,cctv3,C3_S002,G019,EMPTY,EMPTY,0.01
910.0,cctv3,C3_S003,G020,OCCUPIED,LEAVING,0.8233089138161053
910.0,cctv3,C3_S004,G024,OCCUPIED,OCCUPIED,0.8286479166962885
910.0,cctv3,C3_S005,G025,OCCUPIED,OCCUPIED,0.8275615415789865
910.0,cctv3,C3_S006,G026,OCCUPIED,OCCUPIED,0.8253164294091139
910.0,cctv3,C3_S007,G027,EMPTY,MANEUVERING,0.4037418626452034
910.0,cctv3,C3_S008,G028,EMPTY,EMPTY,0.01
910.0,cctv3,C3_S009,G029,EMPTY,MANEUVERING,0.3022898195954886
910.0,cctv3,C3_S010,G007,OCCUPIED,OCCUPIED,0.51
910.0,cctv3,C3_S011,G008,OCCUPIED,OCCUPIED,0.7617922335321253
910.0,cctv3,C3_S012,G009,OCCUPIED,OCCUPIED,0.826463905247775
911.0,cctv1,C1_S001,G001,OCCUPIED,LEAVING,0.7809438131749631
911.0,cctv1,C1_S002,G002,EMPTY,EMPTY,0.01
911.0,cctv1,C1_S003,G003,OCCUPIED,LEAVING,0.8197609783573585
911.0,cctv1,C1_S004,G004,OCCUPIED,OCCUPIED,0.7789376401088455
911.0,cctv1,C1_S005,G005,OCCUPIED,OCCUPIED,0.715480887727304
911.0,cctv1,C1_S006,G006,EMPTY,MANEUVERING,0.3489185799522833
911.0,cctv2,C2_S001,G007,OCCUPIED,OCCUPIED,0.7516689308665017
911.0,cctv2,C2_S002,G008,OCCUPIED,OCCUPIED,0.8056770023974507
911.0,cctv2,C2_S003,G009,OCCUPIED,LEAVING,0.6213607985441658
911.0,cctv2,C2_S004,G010,OCCUPIED,OCCUPIED,0.7906304783441804
911.0,cctv2,C2_S005,G001,EMPTY,EMPTY,0.01
911.0,cctv2,C2_S006,G003,OCCUPIED,OCCUPIED,0.8056276424364611
911.0,cctv2,C2_S007,G004,OCCUPIED,OCCUPIED,0.8006941399791024
911.0,cctv2,C2_S008,G006,OCCUPIED,OCCUPIED,0.7666377858682113
911.0,cctv2,C2_S009,G005,OCCUPIED,OCCUPIED,0.7973291697827253
911.0,cctv2,C2_S010,G002,OCCUPIED,OCCUPIED,0.8071929235350003
911.0,cctv2,C2_S011,G017,OCCUPIED,OCCUPIED,0.8025720179080964
911.0,cctv2,C2_S012,G018,OCCUPIED,OCCUPIED,0.7526615554636176
911.0,cctv2,C2_S013,G019,OCCUPIED,OCCUPIED,0.8339392843571577
911.0,cctv2,C2_S014,G020,EMPTY,EMPTY,0.01
911.0,cctv3,C3_S001,G021,OCCUPIED,OCCUPIED,0.7895019653168592
911.0,cctv3,C3_S002,G019,EMPTY,EMPTY,0.01
911.0,cctv3,C3_S003,G020,OCCUPIED,OCCUPIED,0.8236046346751127
911.0,cctv3,C3_S004,G024,OCCUPIED,OCCUPIED,0.8287895040078597
911.0,cctv3,C3_S005,G025,OCCUPIED,OCCUPIED,0.827795899998058
911.0,cctv3,C3_S006,G026,OCCUPIED,OCCUPIED,0.8254995812069287
911.0,cctv3,C3_S007,G027,EMPTY,MANEUVERING,0.4396022559685463
911.0,cctv3,C3_S008,G028,EMPTY,EMPTY,0.01
911.0,cctv3,C3_S009,G029,EMPTY,MANEUVERING,0.3022898195954886
911.0,cctv3,C3_S010,G007,OCCUPIED,OCCUPIED,0.51
911.0,cctv3,C3_S011,G008,OCCUPIED,LEAVING,0.76233157212084
911.0,cctv3,C3_S012,G009,OCCUPIED,OCCUPIED,0.826236548207023
912.0,cctv1,C1_S001,G001,OCCUPIED,OCCUPIED,0.7732015211473813
912.0,cctv1,C1_S002,G002,EMPTY,EMPTY,0.01
912.0,cctv1,C1_S003,G003,OCCUPIED,LEAVING,0.8199110251936046
912.0,cctv1,C1_S004,G004,OCCUPIED,OCCUPIED,0.7793646087700671
912.0,cctv1,C1_S005,G005,OCCUPIED,OCCUPIED,0.7114981625296855
912.0,cctv1,C1_S006,G006,EMPTY,MANEUVERING,0.3489185799522833
912.0,cctv2,C2_S001,G007,OCCUPIED,OCCUPIED,0.7500469986688008
912.0,cctv2,C2_S002,G008,OCCUPIED,OCCUPIED,0.8033602248538625
912.0,cctv2,C2_S003,G009,OCCUPIED,LEAVING,0.6587191178717396
912.0,cctv2,C2_S004,G010,OCCUPIED,OCCUPIED,0.7904861047863961
912.0,cctv2,C2_S005,G001,EMPTY,EMPTY,0.01
912.0,cctv2,C2_S006,G003,OCCUPIED,OCCUPIED,0.8075696471062574
912.0,cctv2,C2_S007,G004,OCCUPIED,OCCUPIED,0.8009759182279761
912.0,cctv2,C2_S008,G006,OCCUPIED,OCCUPIED,0.76712977940386
912.0,cctv2,C2_S009,G005,OCCUPIED,OCCUPIED,0.7963706880807877
912.0,cctv2,C2_S010,G002,OCCUPIED,OCCUPIED,0.805164504593069
912.0,cctv2,C2_S011,G017,OCCUPIED,OCCUPIED,0.8012644751505419
912.0,cctv2,C2_S012,G018,OCCUPIED,OCCUPIED,0.7509473193098198
912.0,cctv2,C2_S013,G019,OCCUPIED,OCCUPIED,0.8345129210840573
912.0,cctv2,C2_S014,G020,EMPTY,EMPTY,0.01
912.0,cctv3,C3_S001,G021,OCCUPIED,OCCUPIED,0.7881873281164603
912.0,cctv3,C3_S002,G019,EMPTY,EMPTY,0.01
912.0,cctv3,C3_S003,G020,OCCUPIED,OCCUPIED,0.8215947465463118
912.0,cctv3,C3_S004,G024,OCCUPIED,OCCUPIED,0.8289064410057936
912.0,cctv3,C3_S005,G025,OCCUPIED,OCCUPIED,0.827444662289186
912.0,cctv3,C3_S006,G026,OCCUPIED,OCCUPIED,0.8253118168223988
912.0,cctv3,C3_S007,G027,EMPTY,MANEUVERING,0.4035137768665498
912.0,cctv3,C3_S008,G028,EMPTY,EMPTY,0.01
912.0,cctv3,C3_S009,G029,EMPTY,MANEUVERING,0.2572898195954886
912.0,cctv3,C3_S010,G007,OCCUPIED,OCCUPIED,0.51
912.0,cctv3,C3_S011,G008,OCCUPIED,LEAVING,0.7724755807898261
912.0,cctv3,C3_S012,G009,OCCUPIED,OCCUPIED,0.8260437323288485
913.0,cctv1,C1_S001,G001,OCCUPIED,OCCUPIED,0.7674105310981925
913.0,cctv1,C1_S002,G002,EMPTY,EMPTY,0.01
913.0,cctv1,C1_S003,G003,OCCUPIED,LEAVING,0.8254654289646582
913.0,cctv1,C1_S004,G004,OCCUPIED,OCCUPIED,0.777966894209385
913.0,cctv1,C1_S005,G005,OCCUPIED,OCCUPIED,0.7012895825234327
913.0,cctv1,C1_S006,G006,EMPTY,MANEUVERING,0.3959739772907712
913.0,cctv2,C2_S001,G007,OCCUPIED,OCCUPIED,0.7503655833276837
913.0,cctv2,C2_S002,G008,OCCUPIED,OCCUPIED,0.8081904354420576
913.0,cctv2,C2_S003,G009,OCCUPIED,LEAVING,0.6137191178717396
913.0,cctv2,C2_S004,G010,OCCUPIED,OCCUPIED,0.7893947594545105
913.0,cctv2,C2_S005,G001,EMPTY,EMPTY,0.01
913.0,cctv2,C2_S006,G003,OCCUPIED,OCCUPIED,0.8086683059280569
913.0,cctv2,C2_S007,G004,OCCUPIED,OCCUPIED,0.800817301327532
913.0,cctv2,C2_S008,G006,OCCUPIED,OCCUPIED,0.7673429808833383
913.0,cctv2,C2_S009,G005,OCCUPIED,OCCUPIED,0.7941337655891072
913.0,cctv2,C2_S010,G002,OCCUPIED,OCCUPIED,0.803466906059872
913.0,cctv2,C2_S011,G017,OCCUPIED,OCCUPIED,0.7998147354884582
913.0,cctv2,C2_S012,G018,OCCUPIED,OCCUPIED,0.7486739681525665
913.0,cctv2,C2_S013,G019,OCCUPIED,OCCUPIED,0.8352364559065213
913.0,cctv2,C2_S014,G020,EMPTY,EMPTY,0.01
913.0,cctv3,C3_S001,G021,OCCUPIED,OCCUPIED,0.7878475938330998
913.0,cctv3,C3_S002,G019,EMPTY,EMPTY,0.01
913.0,cctv3,C3_S003,G020,OCCUPIED,OCCUPIED,0.8222278657284651
913.0,cctv3,C3_S004,G024,OCCUPIED,OCCUPIED,0.828979208523577
913.0,cctv3,C3_S005,G025,OCCUPIED,OCCUPIED,0.8275437723506581
913.0,cctv3,C3_S006,G026,OCCUPIED,OCCUPIED,0.8253357998349451
913.0,cctv3,C3_S007,G027,EMPTY,MANEUVERING,0.4842739646678621
913.0,cctv3,C3_S008,G028,EMPTY,EMPTY,0.01
913.0,cctv3,C3_S009,G029,EMPTY,MANEUVERING,0.3484295853464441
913.0,cctv3,C3_S010,G007,EMPTY,EMPTY,0.1292232874848626
913.0,cctv3,C3_S011,G008,OCCUPIED,LEAVING,0.7828249499472706
913.0,cctv3,C3_S012,G009,OCCUPIED,OCCUPIED,0.8261743274602024
914.0,cctv1,C1_S001,G001,OCCUPIED,OCCUPIED,0.7629383763129062
914.0,cctv1,C1_S002,G002,EMPTY,EMPTY,0.01
914.0,cctv1,C1_S003,G003,OCCUPIED,LEAVING,0.82523983405395
914.0,cctv1,C1_S004,G004,OCCUPIED,OCCUPIED,0.7771395058794456
914.0,cctv1,C1_S005,G005,OCCUPIED,OCCUPIED,0.7371779193196979
914.0,cctv1,C1_S006,G006,EMPTY,MANEUVERING,0.4433141426954951
914.0,cctv2,C2_S001,G007,OCCUPIED,OCCUPIED,0.7501851385289973
914.0,cctv2,C2_S002,G008,OCCUPIED,OCCUPIED,0.8091717736287551
914.0,cctv2,C2_S003,G009,OCCUPIED,LEAVING,0.6142564984478733
914.0,cctv2,C2_S004,G010,OCCUPIED,OCCUPIED,0.7896094515919686
914.0,cctv2,C2_S005,G001,EMPTY,EMPTY,0.01
914.0,cctv2,C2_S006,G003,OCCUPIED,OCCUPIED,0.8095314505425367
914.0,cctv2,C2_S007,G004,OCCUPIED,OCCUPIED,0.7998473755337976
914.0,cctv2,C2_S008,G006,OCCUPIED,OCCUPIED,0.7668906832283194
914.0,cctv2,C2_S009,G005,OCCUPIED,OCCUPIED,0.7924229787154632
914.0,cctv2,C2_S010,G002,OCCUPIED,OCCUPIED,0.8019332246346907
914.0,cctv2,C2_S011,G017,OCCUPIED,OCCUPIED,0.7995201882990924
914.0,cctv2,C2_S012,G018,OCCUPIED,OCCUPIED,0.746974282779477
914.0,cctv2,C2_S013,G019,OCCUPIED,OCCUPIED,0.8354335308074952
914.0,cctv2,C2_S014,G020,EMPTY,EMPTY,0.01
914.0,cctv3,C3_S001,G021,OCCUPIED,OCCUPIED,0.7890556396408515
914.0,cctv3,C3_S002,G019,EMPTY,EMPTY,0.01
914.0,cctv3,C3_S003,G020,OCCUPIED,OCCUPIED,0.8225078826600856
914.0,cctv3,C3_S004,G024,OCCUPIED,OCCUPIED,0.829158488186923
914.0,cctv3,C3_S005,G025,OCCUPIED,OCCUPIED,0.8276529301296581
914.0,cctv3,C3_S006,G026,OCCUPIED,OCCUPIED,0.8254189564423129
914.0,cctv3,C3_S007,G027,EMPTY,MANEUVERING,0.4392739646678621
914.0,cctv3,C3_S008,G028,EMPTY,EMPTY,0.01
914.0,cctv3,C3_S009,G029,EMPTY,MANEUVERING,0.3484295853464441
914.0,cctv3,C3_S010,G007,EMPTY,EMPTY,0.01
914.0,cctv3,C3_S011,G008,OCCUPIED,OCCUPIED,0.7924662118608302
914.0,cctv3,C3_S012,G009,OCCUPIED,OCCUPIED,0.8259750685908578
915.0,cctv1,C1_S001,G001,OCCUPIED,OCCUPIED,0.7574386477470398
915.0,cctv1,C1_S002,G002,EMPTY,EMPTY,0.01
915.0,cctv1,C1_S003,G003,OCCUPIED,LEAVING,0.8315093037757008
915.0,cctv1,C1_S004,G004,OCCUPIED,OCCUPIED,0.7775497192686255
915.0,cctv1,C1_S005,G005,OCCUPIED,OCCUPIED,0.7542547803033482
915.0,cctv1,C1_S006,G006,EMPTY,MANEUVERING,0.49
915.0,cctv2,C2_S001,G007,OCCUPIED,OCCUPIED,0.7513908861712977
915.0,cctv2,C2_S002,G008,OCCUPIED,OCCUPIED,0.8109136668118564
915.0,cctv2,C2_S003,G009,OCCUPIED,LEAVING,0.6145378599383614
915.0,cctv2,C2_S004,G010,OCCUPIED,OCCUPIED,0.7935873297127811
915.0,cctv2,C2_S005,G001,EMPTY,EMPTY,0.01
915.0,cctv2,C2_S006,G003,OCCUPIED,LEAVING,0.8133149778301066
915.0,cctv2,C2_S007,G004,OCCUPIED,OCCUPIED,0.800018278577111
915.0,cctv2,C2_S008,G006,OCCUPIED,OCCUPIED,0.7668874580751767
915.0,cctv2,C2_S009,G005,OCCUPIED,OCCUPIED,0.7904976712031798
915.0,cctv2,C2_S010,G002,OCCUPIED,OCCUPIED,0.8004804678938606
915.0,cctv2,C2_S011,G017,OCCUPIED,OCCUPIED,0.8001796987923709
915.0,cctv2,C2_S012,G018,OCCUPIED,OCCUPIED,0.7442735933444717
915.0,cctv2,C2_S013,G019,OCCUPIED,OCCUPIED,0.8358150823549791
915.0,cctv2,C2_S014,G020,EMPTY,EMPTY,0.01
915.0,cctv3,C3_S001,G021,OCCUPIED,OCCUPIED,0.7907120483842763
915.0,cctv3,C3_S002,G019,EMPTY,EMPTY,0.01
915.0,cctv3,C3_S003,G020,OCCUPIED,OCCUPIED,0.8222564970905131
915.0,cctv3,C3_S004,G024,OCCUPIED,OCCUPIED,0.8291247240521692
915.0,cctv3,C3_S005,G025,OCCUPIED,OCCUPIED,0.8282589029182088
915.0,cctv3,C3_S006,G026,OCCUPIED,OCCUPIED,0.8254940022121777
915.0,cctv3,C3_S007,G027,EMPTY,MANEUVERING,0.3942739646678621
915.0,cctv3,C3_S008,G028,EMPTY,EMPTY,0.01
915.0,cctv3,C3_S009,G029,EMPTY,MANEUVERING,0.3484295853464441
915.0,cctv3,C3_S010,G007,EMPTY,EMPTY,0.01
915.0,cctv3,C3_S011,G008,OCCUPIED,OCCUPIED,0.7926524376327342
915.0,cctv3,C3_S012,G009,OCCUPIED,OCCUPIED,0.8254361526532608
916.0,cctv1,C1_S001,G001,OCCUPIED,OCCUPIED,0.7505657801573927
916.0,cctv1,C1_S002,G002,EMPTY,EMPTY,0.01
916.0,cctv1,C1_S003,G003,OCCUPIED,LEAVING,0.8313926536928524
916.0,cctv1,C1_S004,G004,OCCUPIED,OCCUPIED,0.776162376728925
916.0,cctv1,C1_S005,G005,OCCUPIED,OCCUPIED,0.7562953061678194
916.0,cctv1,C1_S006,G006,EMPTY,MANEUVERING,0.49
916.0,cctv2,C2_S001,G007,OCCUPIED,OCCUPIED,0.7515800619667228
916.0,cctv2,C2_S002,G008,OCCUPIED,OCCUPIED,0.8100655027411201
916.0,cctv2,C2_S003,G009,OCCUPIED,LEAVING,0.6510111239958893
916.0,cctv2,C2_S004,G010,OCCUPIED,OCCUPIED,0.7960809144106779
916.0,cctv2,C2_S005,G001,EMPTY,EMPTY,0.01
916.0,cctv2,C2_S006,G003,OCCUPIED,LEAVING,0.8136548949913546
916.0,cctv2,C2_S007,G004,OCCUPIED,OCCUPIED,0.79994315803051
916.0,cctv2,C2_S008,G006,OCCUPIED,OCCUPIED,0.7675941884517671
916.0,cctv2,C2_S009,G005,OCCUPIED,OCCUPIED,0.7890363825993105
916.0,cctv2,C2_S010,G002,OCCUPIED,OCCUPIED,0.8000733085653999
916.0,cctv2,C2_S011,G017,OCCUPIED,OCCUPIED,0.8010465017773889
916.0,cctv2,C2_S012,G018,OCCUPIED,OCCUPIED,0.7452541423114865
916.0,cctv2,C2_S013,G019,OCCUPIED,OCCUPIED,0.8353655254298991
916.0,cctv2,C2_S014,G020,EMPTY,EMPTY,0.01
916.0,cctv3,C3_S001,G021,OCCUPIED,OCCUPIED,0.7908431775190614
916.0,cctv3,C3_S002,G019,EMPTY,EMPTY,0.01
916.0,cctv3,C3_S003,G020,OCCUPIED,OCCUPIED,0.8219863970171322
916.0,cctv3,C3_S004,G024,OCCUPIED,OCCUPIED,0.8290420689366081
916.0,cctv3,C3_S005,G025,OCCUPIED,OCCUPIED,0.8283123195171357
916.0,cctv3,C3_S006,G026,OCCUPIED,OCCUPIED,0.825405483625152
916.0,cctv3,C3_S007,G027,EMPTY,MANEUVERING,0.4391258744133466
916.0,cctv3,C3_S008,G028,EMPTY,EMPTY,0.01
916.0,cctv3,C3_S009,G029,EMPTY,MANEUVERING,0.3150011471184817
916.0,cctv3,C3_S010,G007,EMPTY,EMPTY,0.01
916.0,cctv3,C3_S011,G008,OCCUPIED,OCCUPIED,0.7922344519333406
916.0,cctv3,C3_S012,G009,OCCUPIED,OCCUPIED,0.8250445200638339
917.0,cctv1,C1_S001,G001,OCCUPIED,OCCUPIED,0.7520654227245939
917.0,cctv1,C1_S002,G002,EMPTY,EMPTY,0.01
917.0,cctv1,C1_S003,G003,OCCUPIED,LEAVING,0.8312385754151779
917.0,cctv1,C1_S004,G004,OCCUPIED,OCCUPIED,0.7747697368264199
917.0,cctv1,C1_S005,G005,OCCUPIED,OCCUPIED,0.7551885417916558
917.0,cctv1,C1_S006,G006,EMPTY,MANEUVERING,0.4181206101314588
917.0,cctv2,C2_S001,G007,OCCUPIED,OCCUPIED,0.7523837403817611
917.0,cctv2,C2_S002,G008,OCCUPIED,OCCUPIED,0.809237907149575
917.0,cctv2,C2_S003,G009,OCCUPIED,LEAVING,0.69572568197142
917.0,cctv2,C2_S004,G010,OCCUPIED,OCCUPIED,0.7982163965702057
917.0,cctv2,C2_S005,G001,EMPTY,EMPTY,0.01
917.0,cctv2,C2_S006,G003,OCCUPIED,LEAVING,0.8126628856767308
917.0,cctv2,C2_S007,G004,OCCUPIED,OCCUPIED,0.8003774474967611
917.0,cctv2,C2_S008,G006,OCCUPIED,OCCUPIED,0.7692323171279648
917.0,cctv2,C2_S009,G005,OCCUPIED,OCCUPIED,0.7881985929879276
917.0,cctv2,C2_S010,G002,OCCUPIED,OCCUPIED,0.7978387862443924
917.0,cctv2,C2_S011,G017,OCCUPIED,OCCUPIED,0.7993774167516016
917.0,cctv2,C2_S012,G018,OCCUPIED,OCCUPIED,0.7447030564600772
917.0,cctv2,C2_S013,G019,OCCUPIED,OCCUPIED,0.8350047918883238
917.0,cctv2,C2_S014,G020,EMPTY,EMPTY,0.01
917.0,cctv3,C3_S001,G021,OCCUPIED,OCCUPIED,0.7919120833277703
917.0,cctv3,C3_S002,G019,EMPTY,EMPTY,0.01
917.0,cctv3,C3_S003,G020,OCCUPIED,OCCUPIED,0.8215725394812498
917.0,cctv3,C3_S004,G024,OCCUPIED,OCCUPIED,0.8291580118916252
917.0,cctv3,C3_S005,G025,OCCUPIED,OCCUPIED,0.8273814141750336
917.0,cctv3,C3_S006,G026,OCCUPIED,OCCUPIED,0.8250790417194367
917.0,cctv3,C3_S007,G027,EMPTY,MANEUVERING,0.3573830791393464
917.0,cctv3,C3_S008,G028,EMPTY,EMPTY,0.01
917.0,cctv3,C3_S009,G029,EMPTY,MANEUVERING,0.2439567630670287
917.0,cctv3,C3_S010,G007,EMPTY,EMPTY,0.01
917.0,cctv3,C3_S011,G008,OCCUPIED,OCCUPIED,0.7911479435183786
917.0,cctv3,C3_S012,G009,OCCUPIED,OCCUPIED,0.825494967807423
918.0,cctv1,C1_S001,G001,OCCUPIED,OCCUPIED,0.7619040907106617
918.0,cctv1,C1_S002,G002,EMPTY,EMPTY,0.01
918.0,cctv1,C1_S003,G003,OCCUPIED,LEAVING,0.8313338523561304
918.0,cctv1,C1_S004,G004,OCCUPIED,OCCUPIED,0.7761878951029345
918.0,cctv1,C1_S005,G005,OCCUPIED,OCCUPIED,0.7540184378623963
918.0,cctv1,C1_S006,G006,EMPTY,MANEUVERING,0.3362414368038827
918.0,cctv2,C2_S001,G007,OCCUPIED,OCCUPIED,0.7522959277033806
918.0,cctv2,C2_S002,G008,OCCUPIED,OCCUPIED,0.8093777908520265
918.0,cctv2,C2_S003,G009,OCCUPIED,LEAVING,0.696191732551564
918.0,cctv2,C2_S004,G010,OCCUPIED,OCCUPIED,0.799080988764763
918.0,cctv2,C2_S005,G001,EMPTY,EMPTY,0.01
918.0,cctv2,C2_S006,G003,OCCUPIED,LEAVING,0.8108332631262867
918.0,cctv2,C2_S007,G004,OCCUPIED,OCCUPIED,0.800706713849848
918.0,cctv2,C2_S008,G006,OCCUPIED,OCCUPIED,0.7682379673827779
918.0,cctv2,C2_S009,G005,OCCUPIED,OCCUPIED,0.7893088543956931
918.0,cctv2,C2_S010,G002,OCCUPIED,OCCUPIED,0.7984474770047448
918.0,cctv2,C2_S011,G017,OCCUPIED,OCCUPIED,0.7987498757514088
918.0,cctv2,C2_S012,G018,OCCUPIED,OCCUPIED,0.7443933694200083
918.0,cctv2,C2_S013,G019,OCCUPIED,OCCUPIED,0.835002422603694
918.0,cctv2,C2_S014,G020,EMPTY,EMPTY,0.01
918.0,cctv3,C3_S001,G021,OCCUPIED,OCCUPIED,0.7913095104423437
918.0,cctv3,C3_S002,G019,EMPTY,EMPTY,0.01
918.0,cctv3,C3_S003,G020,OCCUPIED,OCCUPIED,0.8217706840146672
918.0,cctv3,C3_S004,G024,OCCUPIED,OCCUPIED,0.8292624668641524
918.0,cctv3,C3_S005,G025,OCCUPIED,OCCUPIED,0.8270117521286011
918.0,cctv3,C3_S006,G026,OCCUPIED,OCCUPIED,0.8247845481742513
918.0,cctv3,C3_S007,G027,EMPTY,MANEUVERING,0.3188709369445728
918.0,cctv3,C3_S008,G028,EMPTY,EMPTY,0.01
918.0,cctv3,C3_S009,G029,EMPTY,MANEUVERING,0.2439567630670287
918.0,cctv3,C3_S010,G007,EMPTY,EMPTY,0.01
918.0,cctv3,C3_S011,G008,OCCUPIED,OCCUPIED,0.7911005245013671
918.0,cctv3,C3_S012,G009,OCCUPIED,OCCUPIED,0.8254947150295432
919.0,cctv1,C1_S001,G001,OCCUPIED,OCCUPIED,0.7705237570811403
919.0,cctv1,C1_S002,G002,EMPTY,EMPTY,0.01
919.0,cctv1,C1_S003,G003,OCCUPIED,LEAVING,0.8313473853197966
919.0,cctv1,C1_S004,G004,OCCUPIED,OCCUPIED,0.7753217606381937
919.0,cctv1,C1_S005,G005,OCCUPIED,OCCUPIED,0.740912240490769
919.0,cctv1,C1_S006,G006,EMPTY,MANEUVERING,0.3726288755373521
919.0,cctv2,C2_S001,G007,OCCUPIED,OCCUPIED,0.7544756850058383
919.0,cctv2,C2_S002,G008,OCCUPIED,OCCUPIED,0.8097724453969436
919.0,cctv2,C2_S003,G009,OCCUPIED,LEAVING,0.6963650966842067
919.0,cctv2,C2_S004,G010,OCCUPIED,OCCUPIED,0.7994989500804381
919.0,cctv2,C2_S005,G001,EMPTY,EMPTY,0.01
919.0,cctv2,C2_S006,G003,OCCUPIED,LEAVING,0.8085589912804692
919.0,cctv2,C2_S007,G004,OCCUPIED,OCCUPIED,0.8004429876804352
919.0,cctv2,C2_S008,G006,OCCUPIED,OCCUPIED,0.7677477412603119
919.0,cctv2,C2_S009,G005,OCCUPIED,OCCUPIED,0.7903460174798966
919.0,cctv2,C2_S010,G002,OCCUPIED,OCCUPIED,0.7996420036662709
919.0,cctv2,C2_S011,G017,OCCUPIED,OCCUPIED,0.7981060854413293
919.0,cctv2,C2_S012,G018,OCCUPIED,OCCUPIED,0.7436680858785456
919.0,cctv2,C2_S013,G019,OCCUPIED,OCCUPIED,0.8345081248066643
919.0,cctv2,C2_S014,G020,EMPTY,EMPTY,0.01
919.0,cctv3,C3_S001,G021,OCCUPIED,OCCUPIED,0.7917656997388061
919.0,cctv3,C3_S002,G019,EMPTY,EMPTY,0.01
919.0,cctv3,C3_S003,G020,OCCUPIED,OCCUPIED,0.8222903311252594
919.0,cctv3,C3_S004,G024,OCCUPIED,OCCUPIED,0.8293269666758452
919.0,cctv3,C3_S005,G025,OCCUPIED,OCCUPIED,0.8267369354313071
919.0,cctv3,C3_S006,G026,OCCUPIED,OCCUPIED,0.8248382273045454
919.0,cctv3,C3_S007,G027,EMPTY,MANEUVERING,0.4003830166736787
919.0,cctv3,C3_S008,G028,EMPTY,EMPTY,0.01
919.0,cctv3,C3_S009,G029,EMPTY,MANEUVERING,0.2236670644174922
919.0,cctv3,C3_S010,G007,EMPTY,EMPTY,0.01
919.0,cctv3,C3_S011,G008,OCCUPIED,OCCUPIED,0.791593978621743
919.0,cctv3,C3_S012,G009,OCCUPIED,OCCUPIED,0.824601848288016
920.0,cctv1,C1_S001,G001,OCCUPIED,OCCUPIED,0.7707420385019347
920.0,cctv1,C1_S002,G002,EMPTY,EMPTY,0.01
920.0,cctv1,C1_S003,G003,OCCUPIED,LEAVING,0.8312387444756248
920.0,cctv1,C1_S004,G004,OCCUPIED,OCCUPIED,0.775475447150794
920.0,cctv1,C1_S005,G005,OCCUPIED,OCCUPIED,0.7276260303186649
920.0,cctv1,C1_S006,G006,EMPTY,MANEUVERING,0.4178794020549817
920.0,cctv2,C2_S001,G007,OCCUPIED,OCCUPIED,0.757093714854934
920.0,cctv2,C2_S002,G008,OCCUPIED,OCCUPIED,0.809493284333836
920.0,cctv2,C2_S003,G009,OCCUPIED,LEAVING,0.6975661576945674
920.0,cctv2,C2_S004,G010,OCCUPIED,OCCUPIED,0.8009961729699916
920.0,cctv2,C2_S005,G001,EMPTY,EMPTY,0.01
920.0,cctv2,C2_S006,G003,OCCUPIED,LEAVING,0.8078110410408541
920.0,cctv2,C2_S007,G004,OCCUPIED,OCCUPIED,0.800165023857897
920.0,cctv2,C2_S008,G006,OCCUPIED,OCCUPIED,0.7668964926492084
920.0,cctv2,C2_S009,G005,OCCUPIED,OCCUPIED,0.7883232401175932
920.0,cctv2,C2_S010,G002,OCCUPIED,OCCUPIED,0.7989414756948299
920.0,cctv2,C2_S011,G017,OCCUPIED,OCCUPIED,0.7976050301031633
920.0,cctv2,C2_S012,G018,OCCUPIED,OCCUPIED,0.7444231390953064
920.0,cctv2,C2_S013,G019,OCCUPIED,OCCUPIED,0.8343761381777851
920.0,cctv2,C2_S014,G020,EMPTY,EMPTY,0.01
920.0,cctv3,C3_S001,G021,OCCUPIED,OCCUPIED,0.7922102059830319
920.0,cctv3,C3_S002,G019,EMPTY,EMPTY,0.01
920.0,cctv3,C3_S003,G020,OCCUPIED,OCCUPIED,0.8233222403309562
920.0,cctv3,C3_S004,G024,OCCUPIED,OCCUPIED,0.8291898261417043
920.0,cctv3,C3_S005,G025,OCCUPIED,OCCUPIED,0.8265955074266955
920.0,cctv3,C3_S006,G026,OCCUPIED,OCCUPIED,0.824773211370815
920.0,cctv3,C3_S007,G027,EMPTY,MANEUVERING,0.3553830166736786
920.0,cctv3,C3_S008,G028,EMPTY,EMPTY,0.01
920.0,cctv3,C3_S009,G029,EMPTY,MANEUVERING,0.2236670644174922
920.0,cctv3,C3_S010,G007,EMPTY,EMPTY,0.01
920.0,cctv3,C3_S011,G008,OCCUPIED,OCCUPIED,0.7926812299273231
920.0,cctv3,C3_S012,G009,OCCUPIED,OCCUPIED,0.8236920893192292
921.0,cctv1,C1_S001,G001,OCCUPIED,OCCUPIED,0.7721585299481046
921.0,cctv1,C1_S002,G002,EMPTY,MANEUVERING,0.2105358345400203
921.0,cctv1,C1_S003,G003,OCCUPIED,OCCUPIED,0.8366862760348754
921.0,cctv1,C1_S004,G004,OCCUPIED,OCCUPIED,0.7759602816267448
921.0,cctv1,C1_S005,G005,OCCUPIED,OCCUPIED,0.71220277661627
921.0,cctv1,C1_S006,G006,EMPTY,MANEUVERING,0.464711583642797
921.0,cctv2,C2_S001,G007,OCCUPIED,LEAVING,0.756486187401143
921.0,cctv2,C2_S002,G008,OCCUPIED,OCCUPIED,0.8129476704380729
921.0,cctv2,C2_S003,G009,OCCUPIED,LEAVING,0.6984312382746827
921.0,cctv2,C2_S004,G010,OCCUPIED,OCCUPIED,0.8049008897759699
921.0,cctv2,C2_S005,G001,EMPTY,EMPTY,0.01
921.0,cctv2,C2_S006,G003,OCCUPIED,LEAVING,0.8095737294717269
921.0,cctv2,C2_S007,G004,OCCUPIED,OCCUPIED,0.8003924426707355
921.0,cctv2,C2_S008,G006,OCCUPIED,OCCUPIED,0.7651679735292088
921.0,cctv2,C2_S009,G005,OCCUPIED,OCCUPIED,0.7853535714474592
921.0,cctv2,C2_S010,G002,OCCUPIED,OCCUPIED,0.7974444576285102
921.0,cctv2,C2_S011,G017,OCCUPIED,OCCUPIED,0.7968111921440472
921.0,cctv2,C2_S012,G018,OCCUPIED,OCCUPIED,0.7445514710112052
921.0,cctv2,C2_S013,G019,OCCUPIED,OCCUPIED,0.8345326938412407
921.0,cctv2,C2_S014,G020,EMPTY,EMPTY,0.01
921.0,cctv3,C3_S001,G021,OCCUPIED,OCCUPIED,0.7896743553605947
921.0,cctv3,C3_S002,G019,EMPTY,EMPTY,0.01
921.0,cctv3,C3_S003,G020,OCCUPIED,OCCUPIED,0.8230973899364472
921.0,cctv3,C3_S004,G024,OCCUPIED,OCCUPIED,0.8292047562924298
921.0,cctv3,C3_S005,G025,OCCUPIED,OCCUPIED,0.8261090164834803
921.0,cctv3,C3_S006,G026,OCCUPIED,OCCUPIED,0.8246045036749406
921.0,cctv3,C3_S007,G027,EMPTY,MANEUVERING,0.318873100174083
921.0,cctv3,C3_S008,G028,EMPTY,EMPTY,0.01
921.0,cctv3,C3_S009,G029,EMPTY,MANEUVERING,0.2236670644174922
921.0,cctv3,C3_S010,G007,EMPTY,EMPTY,0.01
921.0,cctv3,C3_S011,G008,OCCUPIED,OCCUPIED,0.7920589647509836
921.0,cctv3,C3_S012,G009,OCCUPIED,OCCUPIED,0.8234772573817861
922.0,cctv1,C1_S001,G001,OCCUPIED,OCCUPIED,0.7727869577028535
922.0,cctv1,C1_S002,G002,EMPTY,MANEUVERING,0.2918385959348895
922.0,cctv1,C1_S003,G003,OCCUPIED,OCCUPIED,0.8366236789660021
922.0,cctv1,C1_S004,G004,OCCUPIED,OCCUPIED,0.7760307456959379
922.0,cctv1,C1_S005,G005,OCCUPIED,OCCUPIED,0.7049671809890053
922.0,cctv1,C1_S006,G006,EMPTY,MANEUVERING,0.49
922.0,cctv2,C2_S001,G007,OCCUPIED,LEAVING,0.7550443204289133
922.0,cctv2,C2_S002,G008,OCCUPIED,OCCUPIED,0.8137939163229683
922.0,cctv2,C2_S003,G009,OCCUPIED,LEAVING,0.6988984656740319
922.0,cctv2,C2_S004,G010,OCCUPIED,OCCUPIED,0.807953011176803
922.0,cctv2,C2_S005,G001,EMPTY,EMPTY,0.01
922.0,cctv2,C2_S006,G003,OCCUPIED,LEAVING,0.8116564485159787
922.0,cctv2,C2_S007,G004,OCCUPIED,OCCUPIED,0.8007709665731951
922.0,cctv2,C2_S008,G006,OCCUPIED,OCCUPIED,0.7636682228608566
922.0,cctv2,C2_S009,G005,OCCUPIED,OCCUPIED,0.7866005271673203
922.0,cctv2,C2_S010,G002,OCCUPIED,OCCUPIED,0.7983044104142623
922.0,cctv2,C2_S011,G017,OCCUPIED,OCCUPIED,0.7983729546720332
922.0,cctv2,C2_S012,G018,OCCUPIED,OCCUPIED,0.7453004648739642
922.0,cctv2,C2_S013,G019,OCCUPIED,OCCUPIED,0.8344101079485634
922.0,cctv2,C2_S014,G020,EMPTY,EMPTY,0.01
922.0,cctv3,C3_S001,G021,OCCUPIED,OCCUPIED,0.78783321719278
922.0,cctv3,C3_S002,G019,EMPTY,EMPTY,0.01
922.0,cctv3,C3_S003,G020,OCCUPIED,OCCUPIED,0.8215639084577561
922.0,cctv3,C3_S004,G024,OCCUPIED,OCCUPIED,0.8290176429531791
922.0,cctv3,C3_S005,G025,OCCUPIED,OCCUPIED,0.8258349410512231
922.0,cctv3,C3_S006,G026,OCCUPIED,OCCUPIED,0.824441816319119
922.0,cctv3,C3_S007,G027,EMPTY,MANEUVERING,0.2823475745218721
922.0,cctv3,C3_S008,G028,EMPTY,EMPTY,0.01
922.0,cctv3,C3_S009,G029,EMPTY,MANEUVERING,0.2236670644174922
922.0,cctv3,C3_S010,G007,EMPTY,EMPTY,0.01
922.0,cctv3,C3_S011,G008,OCCUPIED,OCCUPIED,0.791802847927267
922.0,cctv3,C3_S012,G009,OCCUPIED,OCCUPIED,0.8233269545164976
923.0,cctv1,C1_S001,G001,OCCUPIED,OCCUPIED,0.7741320893845776
923.0,cctv1,C1_S002,G002,EMPTY,MANEUVERING,0.2918385959348895
923.0,cctv1,C1_S003,G003,OCCUPIED,OCCUPIED,0.8362819801677358
923.0,cctv1,C1_S004,G004,OCCUPIED,OCCUPIED,0.7749066266146574
923.0,cctv1,C1_S005,G005,OCCUPIED,OCCUPIED,0.706038876701485
923.0,cctv1,C1_S006,G006,EMPTY,MANEUVERING,0.4732290443998653
923.0,cctv2,C2_S001,G007,OCCUPIED,LEAVING,0.7540845721960069
923.0,cctv2,C2_S002,G008,OCCUPIED,OCCUPIED,0.8169888401573355
923.0,cctv2,C2_S003,G009,OCCUPIED,LEAVING,0.6984811982173812
923.0,cctv2,C2_S004,G010,OCCUPIED,OCCUPIED,0.8099214453588833
923.0,cctv2,C2_S005,G001,EMPTY,EMPTY,0.01
923.0,cctv2,C2_S006,G003,OCCUPIED,LEAVING,0.8130742178721861
923.0,cctv2,C2_S007,G004,OCCUPIED,OCCUPIED,0.8004526363177733
923.0,cctv2,C2_S008,G006,OCCUPIED,OCCUPIED,0.7630131563002414
923.0,cctv2,C2_S009,G005,OCCUPIED,OCCUPIED,0.7838503367521547
923.0,cctv2,C2_S010,G002,OCCUPIED,OCCUPIED,0.7977610241283071
923.0,cctv2,C2_S011,G017,OCCUPIED,OCCUPIED,0.7980584112080662
923.0,cctv2,C2_S012,G018,OCCUPIED,OCCUPIED,0.7457213890146126
923.0,cctv2,C2_S013,G019,OCCUPIED,OCCUPIED,0.8343772947788239
923.0,cctv2,C2_S014,G020,EMPTY,EMPTY,0.01
923.0,cctv3,C3_S001,G021,OCCUPIED,OCCUPIED,0.7879530465061015
923.0,cctv3,C3_S002,G019,EMPTY,EMPTY,0.01
923.0,cctv3,C3_S003,G020,OCCUPIED,OCCUPIED,0.8230125947432085
923.0,cctv3,C3_S004,G024,OCCUPIED,OCCUPIED,0.8290040490302173
923.0,cctv3,C3_S005,G025,OCCUPIED,OCCUPIED,0.8255637965419076
923.0,cctv3,C3_S006,G026,OCCUPIED,OCCUPIED,0.8243847340345383
923.0,cctv3,C3_S007,G027,EMPTY,MANEUVERING,0.2373475745218721
923.0,cctv3,C3_S008,G028,EMPTY,EMPTY,0.01
923.0,cctv3,C3_S009,G029,EMPTY,MANEUVERING,0.2236670644174922
923.0,cctv3,C3_S010,G007,EMPTY,EMPTY,0.01
923.0,cctv3,C3_S011,G008,OCCUPIED,OCCUPIED,0.7912038513205268
923.0,cctv3,C3_S012,G009,OCCUPIED,OCCUPIED,0.8229679335247387
924.0,cctv1,C1_S001,G001,OCCUPIED,OCCUPIED,0.7733953784135256
924.0,cctv1,C1_S002,G002,EMPTY,MANEUVERING,0.2918385959348895
924.0,cctv1,C1_S003,G003,OCCUPIED,OCCUPIED,0.8360685738650235
924.0,cctv1,C1_S004,G004,OCCUPIED,OCCUPIED,0.7742888647046957
924.0,cctv1,C1_S005,G005,OCCUPIED,OCCUPIED,0.706325760494579
924.0,cctv1,C1_S006,G006,EMPTY,MANEUVERING,0.392452663863247
924.0,cctv2,C2_S001,G007,OCCUPIED,LEAVING,0.7551433282819662
924.0,cctv2,C2_S002,G008,OCCUPIED,OCCUPIED,0.8147349100221288
924.0,cctv2,C2_S003,G009,OCCUPIED,LEAVING,0.7353272158313882
924.0,cctv2,C2_S004,G010,OCCUPIED,OCCUPIED,0.812681619687514
924.0,cctv2,C2_S005,G001,EMPTY,EMPTY,0.01
924.0,cctv2,C2_S006,G003,OCCUPIED,LEAVING,0.8152701700275595
924.0,cctv2,C2_S007,G004,OCCUPIED,OCCUPIED,0.8008416127074849
924.0,cctv2,C2_S008,G006,OCCUPIED,OCCUPIED,0.7621388699520718
924.0,cctv2,C2_S009,G005,OCCUPIED,OCCUPIED,0.7836400540037589
924.0,cctv2,C2_S010,G002,OCCUPIED,OCCUPIED,0.7982452213764192
924.0,cctv2,C2_S011,G017,OCCUPIED,OCCUPIED,0.8001113878055053
924.0,cctv2,C2_S012,G018,OCCUPIED,OCCUPIED,0.7503988293084232
924.0,cctv2,C2_S013,G019,OCCUPIED,OCCUPIED,0.8338356291705913
924.0,cctv2,C2_S014,G020,EMPTY,EMPTY,0.01
924.0,cctv3,C3_S001,G021,OCCUPIED,OCCUPIED,0.7887397489764474
924.0,cctv3,C3_S002,G019,EMPTY,EMPTY,0.01
924.0,cctv3,C3_S003,G020,OCCUPIED,OCCUPIED,0.8223622752861544
924.0,cctv3,C3_S004,G024,OCCUPIED,OCCUPIED,0.8288777348670093
924.0,cctv3,C3_S005,G025,OCCUPIED,OCCUPIED,0.8247284558686344
924.0,cctv3,C3_S006,G026,OCCUPIED,OCCUPIED,0.8242291220209816
924.0,cctv3,C3_S007,G027,EMPTY,MANEUVERING,0.2010748190365054
924.0,cctv3,C3_S008,G028,EMPTY,EMPTY,0.01
924.0,cctv3,C3_S009,G029,EMPTY,EMPTY,0.01
924.0,cctv3,C3_S010,G007,EMPTY,EMPTY,0.01
924.0,cctv3,C3_S011,G008,OCCUPIED,OCCUPIED,0.790901867909865
924.0,cctv3,C3_S012,G009,OCCUPIED,OCCUPIED,0.8222265067425641
925.0,cctv1,C1_S001,G001,OCCUPIED,LEAVING,0.7701478383757852
925.0,cctv1,C1_S002,G002,EMPTY,MANEUVERING,0.2468385959348895
925.0,cctv1,C1_S003,G003,OCCUPIED,OCCUPIED,0.8361083128235558
925.0,cctv1,C1_S004,G004,OCCUPIED,OCCUPIED,0.774273871969093
925.0,cctv1,C1_S005,G005,OCCUPIED,OCCUPIED,0.68771048129508
925.0,cctv1,C1_S006,G006,EMPTY,MANEUVERING,0.4111839814529274
925.0,cctv2,C2_S001,G007,OCCUPIED,LEAVING,0.7532861446115104
925.0,cctv2,C2_S002,G008,OCCUPIED,OCCUPIED,0.814260818199678
925.0,cctv2,C2_S003,G009,OCCUPIED,LEAVING,0.7358299493789674
925.0,cctv2,C2_S004,G010,OCCUPIED,OCCUPIED,0.8134392283179543
925.0,cctv2,C2_S005,G001,EMPTY,EMPTY,0.01
925.0,cctv2,C2_S006,G003,OCCUPIED,OCCUPIED,0.7346429120410572
925.0,cctv2,C2_S007,G004,OCCUPIED,OCCUPIED,0.8016899385235527
925.0,cctv2,C2_S008,G006,OCCUPIED,OCCUPIED,0.7602047550407324
925.0,cctv2,C2_S009,G005,OCCUPIED,OCCUPIED,0.7840554176406428
925.0,cctv2,C2_S010,G002,OCCUPIED,OCCUPIED,0.7990845447236842
925.0,cctv2,C2_S011,G017,OCCUPIED,OCCUPIED,0.8012318229133433
925.0,cctv2,C2_S012,G018,OCCUPIED,OCCUPIED,0.7540624004873363
925.0,cctv2,C2_S013,G019,OCCUPIED,OCCUPIED,0.8342205806211993
925.0,cctv2,C2_S014,G020,EMPTY,EMPTY,0.01
925.0,cctv3,C3_S001,G021,OCCUPIED,OCCUPIED,0.784189708530903
925.0,cctv3,C3_S002,G019,EMPTY,EMPTY,0.01
925.0,cctv3,C3_S003,G020,OCCUPIED,OCCUPIED,0.8227988226847216
925.0,cctv3,C3_S004,G024,OCCUPIED,OCCUPIED,0.8287394669922916
925.0,cctv3,C3_S005,G025,OCCUPIED,OCCUPIED,0.8227799220518633
925.0,cctv3,C3_S006,G026,OCCUPIED,OCCUPIED,0.8240175062959845
925.0,cctv3,C3_S007,G027,EMPTY,MANEUVERING,0.2010748190365054
925.0,cctv3,C3_S008,G028,EMPTY,EMPTY,0.01
925.0,cctv3,C3_S009,G029,EMPTY,EMPTY,0.01
925.0,cctv3,C3_S010,G007,EMPTY,EMPTY,0.01
925.0,cctv3,C3_S011,G008,OCCUPIED,OCCUPIED,0.7912007334557447
925.0,cctv3,C3_S012,G009,OCCUPIED,OCCUPIED,0.8214214994148775
926.0,cctv1,C1_S001,G001,OCCUPIED,LEAVING,0.7753773262554949
926.0,cctv1,C1_S002,G002,EMPTY,MANEUVERING,0.2018385959348895
926.0,cctv1,C1_S003,G003,OCCUPIED,OCCUPIED,0.8361539550802926
926.0,cctv1,C1_S004,G004,OCCUPIED,OCCUPIED,0.7748129732229494
926.0,cctv1,C1_S005,G005,OCCUPIED,OCCUPIED,0.758406187593937
926.0,cctv1,C1_S006,G006,EMPTY,MANEUVERING,0.4255674137716944
926.0,cctv2,C2_S001,G007,OCCUPIED,LEAVING,0.7506567519496788
926.0,cctv2,C2_S002,G008,OCCUPIED,OCCUPIED,0.8147509398785505
926.0,cctv2,C2_S003,G009,OCCUPIED,LEAVING,0.7359444321556525
926.0,cctv2,C2_S004,G010,OCCUPIED,OCCUPIED,0.8140872939066454
926.0,cctv2,C2_S005,G001,EMPTY,EMPTY,0.01
926.0,cctv2,C2_S006,G003,OCCUPIED,LEAVING,0.7346589453924786
926.0,cctv2,C2_S007,G004,OCCUPIED,OCCUPIED,0.8000468156554483
926.0,cctv2,C2_S008,G006,OCCUPIED,OCCUPIED,0.7580068558454515
926.0,cctv2,C2_S009,G005,OCCUPIED,OCCUPIED,0.7845960835164244
926.0,cctv2,C2_S010,G002,OCCUPIED,OCCUPIED,0.7991635471582413
926.0,cctv2,C2_S011,G017,OCCUPIED,OCCUPIED,0.8011545021425595
926.0,cctv2,C2_S012,G018,OCCUPIED,OCCUPIED,0.757656508142298
926.0,cctv2,C2_S013,G019,OCCUPIED,OCCUPIED,0.8347086630084298
926.0,cctv2,C2_S014,G020,EMPTY,EMPTY,0.01
926.0,cctv3,C3_S001,G021,OCCUPIED,OCCUPIED,0.7802474769678983
926.0,cctv3,C3_S002,G019,EMPTY,EMPTY,0.01
926.0,cctv3,C3_S003,G020,OCCUPIED,OCCUPIED,0.8230645767667077
926.0,cctv3,C3_S004,G024,OCCUPIED,OCCUPIED,0.8283521015535702
926.0,cctv3,C3_S005,G025,OCCUPIED,OCCUPIED,0.8216977295550434
926.0,cctv3,C3_S006,G026,OCCUPIED,OCCUPIED,0.8237578010017222
926.0,cctv3,C3_S007,G027,EMPTY,MANEUVERING,0.2010748190365054
926.0,cctv3,C3_S008,G028,EMPTY,EMPTY,0.01
926.0,cctv3,C3_S009,G029,EMPTY,EMPTY,0.01
926.0,cctv3,C3_S010,G007,EMPTY,EMPTY,0.01
926.0,cctv3,C3_S011,G008,OCCUPIED,OCCUPIED,0.7923006204041568
926.0,cctv3,C3_S012,G009,OCCUPIED,OCCUPIED,0.8217905892567202
927.0,cctv1,C1_S001,G001,OCCUPIED,LEAVING,0.7824402925643055
927.0,cctv1,C1_S002,G002,EMPTY,MANEUVERING,0.2018385959348895
927.0,cctv1,C1_S003,G003,OCCUPIED,OCCUPIED,0.8361257837577301
927.0,cctv1,C1_S004,G004,OCCUPIED,OCCUPIED,0.7764583393931389
927.0,cctv1,C1_S005,G005,OCCUPIED,OCCUPIED,0.758925626630133
927.0,cctv1,C1_S006,G006,EMPTY,MANEUVERING,0.4255674137716944
927.0,cctv2,C2_S001,G007,OCCUPIED,LEAVING,0.7492261811413549
927.0,cctv2,C2_S002,G008,OCCUPIED,OCCUPIED,0.813271791826595
927.0,cctv2,C2_S003,G009,OCCUPIED,OCCUPIED,0.7355649050663818
927.0,cctv2,C2_S004,G010,OCCUPIED,OCCUPIED,0.8128110793503849
927.0,cctv2,C2_S005,G001,EMPTY,EMPTY,0.01
927.0,cctv2,C2_S006,G003,OCCUPIED,OCCUPIED,0.7307232864607465
927.0,cctv2,C2_S007,G004,OCCUPIED,OCCUPIED,0.7999962901527232
927.0,cctv2,C2_S008,G006,OCCUPIED,OCCUPIED,0.7583006820895456
927.0,cctv2,C2_S009,G005,OCCUPIED,OCCUPIED,0.7858931477774274
927.0,cctv2,C2_S010,G002,OCCUPIED,OCCUPIED,0.800558317791332
927.0,cctv2,C2_S011,G017,OCCUPIED,OCCUPIED,0.8006912610747599
927.0,cctv2,C2_S012,G018,OCCUPIED,OCCUPIED,0.7571094752712684
927.0,cctv2,C2_S013,G019,OCCUPIED,OCCUPIED,0.8349002076820895
927.0,cctv2,C2_S014,G020,EMPTY,EMPTY,0.01
927.0,cctv3,C3_S001,G021,OCCUPIED,OCCUPIED,0.7780563840811904
927.0,cctv3,C3_S002,G019,EMPTY,EMPTY,0.01
927.0,cctv3,C3_S003,G020,OCCUPIED,LEAVING,0.8190040707588196
927.0,cctv3,C3_S004,G024,OCCUPIED,OCCUPIED,0.8280192142183131
927.0,cctv3,C3_S005,G025,OCCUPIED,OCCUPIED,0.8217550125989048
927.0,cctv3,C3_S006,G026,OCCUPIED,OCCUPIED,0.8237321842800488
927.0,cctv3,C3_S007,G027,EMPTY,MANEUVERING,0.1655222446810115
927.0,cctv3,C3_S008,G028,EMPTY,EMPTY,0.01
927.0,cctv3,C3_S009,G029,EMPTY,EMPTY,0.01
927.0,cctv3,C3_S010,G007,EMPTY,EMPTY,0.01
927.0,cctv3,C3_S011,G008,OCCUPIED,OCCUPIED,0.7914742415601558
927.0,cctv3,C3_S012,G009,OCCUPIED,OCCUPIED,0.8220389764417302
928.0,cctv1,C1_S001,G001,OCCUPIED,LEAVING,0.7738998724655672
928.0,cctv1,C1_S002,G002,EMPTY,MANEUVERING,0.2018385959348895
928.0,cctv1,C1_S003,G003,OCCUPIED,OCCUPIED,0.8362158409573816
928.0,cctv1,C1_S004,G004,OCCUPIED,OCCUPIED,0.7776975097981367
928.0,cctv1,C1_S005,G005,OCCUPIED,OCCUPIED,0.7587319902398371
928.0,cctv1,C1_S006,G006,EMPTY,MANEUVERING,0.4255674137716944
928.0,cctv2,C2_S001,G007,OCCUPIED,LEAVING,0.7476179143921896
928.0,cctv2,C2_S002,G008,OCCUPIED,OCCUPIED,0.8130760604685003
928.0,cctv2,C2_S003,G009,OCCUPIED,OCCUPIED,0.7346566906029528
928.0,cctv2,C2_S004,G010,OCCUPIED,OCCUPIED,0.811689034917138
928.0,cctv2,C2_S005,G001,EMPTY,EMPTY,0.01
928.0,cctv2,C2_S006,G003,OCCUPIED,OCCUPIED,0.7314997448433529
928.0,cctv2,C2_S007,G004,OCCUPIED,OCCUPIED,0.8002701510082593
928.0,cctv2,C2_S008,G006,OCCUPIED,OCCUPIED,0.7591954609209841
928.0,cctv2,C2_S009,G005,OCCUPIED,OCCUPIED,0.7866092179309239
928.0,cctv2,C2_S010,G002,OCCUPIED,OCCUPIED,0.8031585625626825
928.0,cctv2,C2_S011,G017,OCCUPIED,OCCUPIED,0.804393098842014
928.0,cctv2,C2_S012,G018,OCCUPIED,OCCUPIED,0.7594613767483018
928.0,cctv2,C2_S013,G019,OCCUPIED,OCCUPIED,0.835460914535956
928.0,cctv2,C2_S014,G020,EMPTY,EMPTY,0.01
928.0,cctv3,C3_S001,G021,OCCUPIED,OCCUPIED,0.7761512337760492
928.0,cctv3,C3_S002,G019,EMPTY,EMPTY,0.01
928.0,cctv3,C3_S003,G020,OCCUPIED,LEAVING,0.8186065275560727
928.0,cctv3,C3_S004,G024,OCCUPIED,OCCUPIED,0.8279948548837142
928.0,cctv3,C3_S005,G025,OCCUPIED,OCCUPIED,0.8221455918117003
928.0,cctv3,C3_S006,G026,OCCUPIED,OCCUPIED,0.8234650517051871
928.0,cctv3,C3_S007,G027,EMPTY,MANEUVERING,0.1655222446810115
928.0,cctv3,C3_S008,G028,EMPTY,EMPTY,0.01
928.0,cctv3,C3_S009,G029,EMPTY,EMPTY,0.01
928.0,cctv3,C3_S010,G007,EMPTY,MANEUVERING,0.2698615862022746
928.0,cctv3,C3_S011,G008,OCCUPIED,OCCUPIED,0.7922232833775608
928.0,cctv3,C3_S012,G009,OCCUPIED,OCCUPIED,0.8219271323897622
929.0,cctv1,C1_S001,G001,OCCUPIED,LEAVING,0.7630931149829518
929.0,cctv1,C1_S002,G002,EMPTY,MANEUVERING,0.2018385959348895
929.0,cctv1,C1_S003,G003,OCCUPIED,OCCUPIED,0.8363341865214435
929.0,cctv1,C1_S004,G004,OCCUPIED,OCCUPIED,0.7768696467984807
929.0,cctv1,C1_S005,G005,OCCUPIED,OCCUPIED,0.7554781898856163
929.0,cctv1,C1_S006,G006,EMPTY,MANEUVERING,0.3805674137716943
929.0,cctv2,C2_S001,G007,OCCUPIED,LEAVING,0.7489473110572858
929.0,cctv2,C2_S002,G008,OCCUPIED,OCCUPIED,0.8115553723140196
929.0,cctv2,C2_S003,G009,OCCUPIED,OCCUPIED,0.7343445227227429
929.0,cctv2,C2_S004,G010,OCCUPIED,OCCUPIED,0.8098515356128867
929.0,cctv2,C2_S005,G001,EMPTY,EMPTY,0.01
929.0,cctv2,C2_S006,G003,OCCUPIED,OCCUPIED,0.7782214959372175
929.0,cctv2,C2_S007,G004,OCCUPIED,OCCUPIED,0.7990349555557426
929.0,cctv2,C2_S008,G006,OCCUPIED,OCCUPIED,0.7615816511891106
929.0,cctv2,C2_S009,G005,OCCUPIED,OCCUPIED,0.7868451052091339
929.0,cctv2,C2_S010,G002,OCCUPIED,OCCUPIED,0.8032730262387884
929.0,cctv2,C2_S011,G017,OCCUPIED,OCCUPIED,0.8057832593267615
929.0,cctv2,C2_S012,G018,OCCUPIED,OCCUPIED,0.7590931659395045
929.0,cctv2,C2_S013,G019,OCCUPIED,OCCUPIED,0.8352114520289682
929.0,cctv2,C2_S014,G020,EMPTY,EMPTY,0.01
929.0,cctv3,C3_S001,G021,OCCUPIED,OCCUPIED,0.7760944018309768
929.0,cctv3,C3_S002,G019,EMPTY,EMPTY,0.01
929.0,cctv3,C3_S003,G020,OCCUPIED,LEAVING,0.8183691650629044
929.0,cctv3,C3_S004,G024,OCCUPIED,OCCUPIED,0.8278356730937958
929.0,cctv3,C3_S005,G025,OCCUPIED,OCCUPIED,0.8222745784304359
929.0,cctv3,C3_S006,G026,OCCUPIED,OCCUPIED,0.8235513367436149
929.0,cctv3,C3_S007,G027,EMPTY,MANEUVERING,0.2471785921908237
929.0,cctv3,C3_S008,G028,EMPTY,EMPTY,0.01
929.0,cctv3,C3_S009,G029,EMPTY,EMPTY,0.01
929.0,cctv3,C3_S010,G007,EMPTY,MANEUVERING,0.2698615862022746
929.0,cctv3,C3_S011,G008,OCCUPIED,OCCUPIED,0.7923421491276135
929.0,cctv3,C3_S012,G009,OCCUPIED,OCCUPIED,0.8221062389287083
930.0,cctv1,C1_S001,G001,OCCUPIED,LEAVING,0.7528331800617956
930.0,cctv1,C1_S002,G002,EMPTY,MANEUVERING,0.2018385959348895
930.0,cctv1,C1_S003,G003,OCCUPIED,OCCUPIED,0.8363494035872547
930.0,cctv1,C1_S004,G004,OCCUPIED,OCCUPIED,0.7776132766496052
930.0,cctv1,C1_S005,G005,OCCUPIED,OCCUPIED,0.7541029441085729
930.0,cctv1,C1_S006,G006,EMPTY,MANEUVERING,0.3000404099578207
930.0,cctv2,C2_S001,G007,OCCUPIED,LEAVING,0.7450882980769331
930.0,cctv2,C2_S002,G008,OCCUPIED,LEAVING,0.8099846479567615
930.0,cctv2,C2_S003,G009,OCCUPIED,OCCUPIED,0.6530948856879365
930.0,cctv2,C2_S004,G010,OCCUPIED,OCCUPIED,0.7286271195520054
930.0,cctv2,C2_S005,G001,EMPTY,EMPTY,0.01
930.0,cctv2,C2_S006,G003,OCCUPIED,OCCUPIED,0.7800458254326474
930.0,cctv2,C2_S007,G004,OCCUPIED,OCCUPIED,0.7980109117247842
930.0,cctv2,C2_S008,G006,OCCUPIED,OCCUPIED,0.7615832540121946
930.0,cctv2,C2_S009,G005,OCCUPIED,OCCUPIED,0.7861663193865256
930.0,cctv2,C2_S010,G002,OCCUPIED,OCCUPIED,0.8024527977813375
930.0,cctv2,C2_S011,G017,OCCUPIED,OCCUPIED,0.8063882518898358
930.0,cctv2,C2_S012,G018,OCCUPIED,OCCUPIED,0.7608570963144303
930.0,cctv2,C2_S013,G019,OCCUPIED,OCCUPIED,0.8357137151739815
930.0,cctv2,C2_S014,G020,EMPTY,EMPTY,0.01
930.0,cctv3,C3_S001,G021,OCCUPIED,OCCUPIED,0.7769935043020683
930.0,cctv3,C3_S002,G019,EMPTY,EMPTY,0.01
930.0,cctv3,C3_S003,G020,OCCUPIED,LEAVING,0.818366959961978
930.0,cctv3,C3_S004,G024,OCCUPIED,OCCUPIED,0.8277018633755772
930.0,cctv3,C3_S005,G025,OCCUPIED,OCCUPIED,0.8210236002098431
930.0,cctv3,C3_S006,G026,OCCUPIED,OCCUPIED,0.8174247552048077
930.0,cctv3,C3_S007,G027,EMPTY,MANEUVERING,0.2111076669733632
930.0,cctv3,C3_S008,G028,EMPTY,EMPTY,0.01
930.0,cctv3,C3_S009,G029,EMPTY,EMPTY,0.01
930.0,cctv3,C3_S010,G007,EMPTY,MANEUVERING,0.2698615862022746
930.0,cctv3,C3_S011,G008,OCCUPIED,OCCUPIED,0.791144329851324
930.0,cctv3,C3_S012,G009,OCCUPIED,OCCUPIED,0.8225052419033918
931.0,cctv1,C1_S001,G001,OCCUPIED,LEAVING,0.7523383137177337
931.0,cctv1,C1_S002,G002,EMPTY,MANEUVERING,0.2018385959348895
931.0,cctv1,C1_S003,G003,OCCUPIED,OCCUPIED,0.8364997032013807
931.0,cctv1,C1_S004,G004,OCCUPIED,OCCUPIED,0.7782965608618477
931.0,cctv1,C1_S005,G005,OCCUPIED,OCCUPIED,0.7537106442180548
931.0,cctv1,C1_S006,G006,EMPTY,MANEUVERING,0.2643271318315105
931.0,cctv2,C2_S001,G007,OCCUPIED,LEAVING,0.7415539476004515
931.0,cctv2,C2_S002,G008,OCCUPIED,LEAVING,0.811285641247576
931.0,cctv2,C2_S003,G009,OCCUPIED,OCCUPIED,0.5710287335334403
931.0,cctv2,C2_S004,G010,OCCUPIED,OCCUPIED,0.7249648939479482
931.0,cctv2,C2_S005,G001,EMPTY,EMPTY,0.01
931.0,cctv2,C2_S006,G003,OCCUPIED,OCCUPIED,0.7813809521902692
931.0,cctv2,C2_S007,G004,OCCUPIED,OCCUPIED,0.7976799482649024
931.0,cctv2,C2_S008,G006,OCCUPIED,OCCUPIED,0.7622957625172355
931.0,cctv2,C2_S009,G005,OCCUPIED,OCCUPIED,0.788650168478489
931.0,cctv2,C2_S010,G002,OCCUPIED,OCCUPIED,0.802554924921556
931.0,cctv2,C2_S011,G017,OCCUPIED,OCCUPIED,0.8055222023617138
931.0,cctv2,C2_S012,G018,OCCUPIED,OCCUPIED,0.7605875745415688
931.0,cctv2,C2_S013,G019,OCCUPIED,OCCUPIED,0.8356403388760307
931.0,cctv2,C2_S014,G020,EMPTY,EMPTY,0.01
931.0,cctv3,C3_S001,G021,OCCUPIED,OCCUPIED,0.7766180779446256
931.0,cctv3,C3_S002,G019,EMPTY,EMPTY,0.01
931.0,cctv3,C3_S003,G020,OCCUPIED,LEAVING,0.8178614050149918
931.0,cctv3,C3_S004,G024,OCCUPIED,OCCUPIED,0.8274618942629208
931.0,cctv3,C3_S005,G025,OCCUPIED,OCCUPIED,0.8191366775469348
931.0,cctv3,C3_S006,G026,OCCUPIED,OCCUPIED,0.8149358603087339
931.0,cctv3,C3_S007,G027,EMPTY,MANEUVERING,0.1511076669733632
931.0,cctv3,C3_S008,G028,EMPTY,EMPTY,0.01
931.0,cctv3,C3_S009,G029,EMPTY,MANEUVERING,0.1530077907781709
931.0,cctv3,C3_S010,G007,EMPTY,MANEUVERING,0.2698615862022746
931.0,cctv3,C3_S011,G008,OCCUPIED,OCCUPIED,0.7918902936306867
931.0,cctv3,C3_S012,G009,OCCUPIED,OCCUPIED,0.8229950352148577
932.0,cctv1,C1_S001,G001,OCCUPIED,LEAVING,0.7500269759785045
932.0,cctv1,C1_S002,G002,EMPTY,MANEUVERING,0.165414084602486
932.0,cctv1,C1_S003,G003,OCCUPIED,OCCUPIED,0.8364968177947132
932.0,cctv1,C1_S004,G004,OCCUPIED,OCCUPIED,0.7781154637986964
932.0,cctv1,C1_S005,G005,OCCUPIED,OCCUPIED,0.7542853530157697
932.0,cctv1,C1_S006,G006,EMPTY,MANEUVERING,0.2270944930883971
932.0,cctv2,C2_S001,G007,OCCUPIED,LEAVING,0.7453289672055028
932.0,cctv2,C2_S002,G008,OCCUPIED,LEAVING,0.8096262682567944
932.0,cctv2,C2_S003,G009,OCCUPIED,OCCUPIED,0.51
932.0,cctv2,C2_S004,G010,OCCUPIED,OCCUPIED,0.7160649147291075
932.0,cctv2,C2_S005,G001,EMPTY,EMPTY,0.01
932.0,cctv2,C2_S006,G003,OCCUPIED,LEAVING,0.7797515450824392
932.0,cctv2,C2_S007,G004,OCCUPIED,OCCUPIED,0.7969113523309882
932.0,cctv2,C2_S008,G006,OCCUPIED,OCCUPIED,0.7638048761270264
932.0,cctv2,C2_S009,G005,OCCUPIED,OCCUPIED,0.7907052493908189
932.0,cctv2,C2_S010,G002,OCCUPIED,OCCUPIED,0.8021486937999726
932.0,cctv2,C2_S011,G017,OCCUPIED,OCCUPIED,0.8054641406644475
932.0,cctv2,C2_S012,G018,OCCUPIED,OCCUPIED,0.7613998490301046
932.0,cctv2,C2_S013,G019,OCCUPIED,OCCUPIED,0.8355457324873318
932.0,cctv2,C2_S014,G020,EMPTY,EMPTY,0.01
932.0,cctv3,C3_S001,G021,OCCUPIED,OCCUPIED,0.776050687107173
932.0,cctv3,C3_S002,G019,EMPTY,EMPTY,0.01
932.0,cctv3,C3_S003,G020,OCCUPIED,LEAVING,0.8176389385353435
932.0,cctv3,C3_S004,G024,OCCUPIED,OCCUPIED,0.827400782162493
932.0,cctv3,C3_S005,G025,OCCUPIED,OCCUPIED,0.8195215046405793
932.0,cctv3,C3_S006,G026,OCCUPIED,LEAVING,0.8104924080046741
932.0,cctv3,C3_S007,G027,EMPTY,MANEUVERING,0.1511076669733632
932.0,cctv3,C3_S008,G028,EMPTY,EMPTY,0.01
932.0,cctv3,C3_S009,G029,EMPTY,MANEUVERING,0.1530077907781709
932.0,cctv3,C3_S010,G007,EMPTY,MANEUVERING,0.2248615862022746
932.0,cctv3,C3_S011,G008,OCCUPIED,OCCUPIED,0.7933610423044726
932.0,cctv3,C3_S012,G009,OCCUPIED,OCCUPIED,0.8227267517284914
933.0,cctv1,C1_S001,G001,OCCUPIED,LEAVING,0.7482071276415478
933.0,cctv1,C1_S002,G002,EMPTY,EMPTY,0.01
933.0,cctv1,C1_S003,G003,OCCUPIED,OCCUPIED,0.8366675972938538
933.0,cctv1,C1_S004,G004,OCCUPIED,OCCUPIED,0.7776535955342381
933.0,cctv1,C1_S005,G005,OCCUPIED,OCCUPIED,0.7560149312019349
933.0,cctv1,C1_S006,G006,EMPTY,MANEUVERING,0.3134025810929861
933.0,cctv2,C2_S001,G007,OCCUPIED,LEAVING,0.745509422570467
933.0,cctv2,C2_S002,G008,OCCUPIED,LEAVING,0.8094501731070606
933.0,cctv2,C2_S003,G009,OCCUPIED,OCCUPIED,0.51
933.0,cctv2,C2_S004,G010,OCCUPIED,OCCUPIED,0.7138646781105887
933.0,cctv2,C2_S005,G001,EMPTY,EMPTY,0.01
933.0,cctv2,C2_S006,G003,OCCUPIED,LEAVING,0.7772790106047284
933.0,cctv2,C2_S007,G004,OCCUPIED,OCCUPIED,0.7944684930823067
933.0,cctv2,C2_S008,G006,OCCUPIED,OCCUPIED,0.7639216302470728
933.0,cctv2,C2_S009,G005,OCCUPIED,OCCUPIED,0.7894763099876317
933.0,cctv2,C2_S010,G002,OCCUPIED,OCCUPIED,0.8009045137600466
933.0,cctv2,C2_S011,G017,OCCUPIED,OCCUPIED,0.8039992952888663
933.0,cctv2,C2_S012,G018,OCCUPIED,OCCUPIED,0.763248706270348
933.0,cctv2,C2_S013,G019,OCCUPIED,OCCUPIED,0.8353527808731254
933.0,cctv2,C2_S014,G020,EMPTY,EMPTY,0.01
933.0,cctv3,C3_S001,G021,OCCUPIED,OCCUPIED,0.7769877729090778
933.0,cctv3,C3_S002,G019,EMPTY,EMPTY,0.01
933.0,cctv3,C3_S003,G020,OCCUPIED,LEAVING,0.8183307078751652
933.0,cctv3,C3_S004,G024,OCCUPIED,OCCUPIED,0.8277735263109207
933.0,cctv3,C3_S005,G025,OCCUPIED,OCCUPIED,0.818982219696045
933.0,cctv3,C3_S006,G026,OCCUPIED,LEAVING,0.8074749878861688
933.0,cctv3,C3_S007,G027,EMPTY,MANEUVERING,0.1061076669733632
933.0,cctv3,C3_S008,G028,EMPTY,EMPTY,0.01
933.0,cctv3,C3_S009,G029,EMPTY,MANEUVERING,0.1530077907781709
933.0,cctv3,C3_S010,G007,EMPTY,MANEUVERING,0.316993858136914
933.0,cctv3,C3_S011,G008,OCCUPIED,OCCUPIED,0.7125052373517644
933.0,cctv3,C3_S012,G009,OCCUPIED,OCCUPIED,0.8221800370649859
934.0,cctv1,C1_S001,G001,OCCUPIED,LEAVING,0.7454568756574935
934.0,cctv1,C1_S002,G002,EMPTY,EMPTY,0.01
934.0,cctv1,C1_S003,G003,OCCUPIED,OCCUPIED,0.8369299043308606
934.0,cctv1,C1_S004,G004,OCCUPIED,OCCUPIED,0.7780966310338541
934.0,cctv1,C1_S005,G005,OCCUPIED,OCCUPIED,0.7562889021905986
934.0,cctv1,C1_S006,G006,EMPTY,MANEUVERING,0.3134025810929861
934.0,cctv2,C2_S001,G007,OCCUPIED,LEAVING,0.748664340241389
934.0,cctv2,C2_S002,G008,OCCUPIED,LEAVING,0.807419778271155
934.0,cctv2,C2_S003,G009,OCCUPIED,OCCUPIED,0.51
934.0,cctv2,C2_S004,G010,OCCUPIED,OCCUPIED,0.7537228543717753
934.0,cctv2,C2_S005,G001,EMPTY,EMPTY,0.01
934.0,cctv2,C2_S006,G003,OCCUPIED,LEAVING,0.7758227400888097
934.0,cctv2,C2_S007,G004,OCCUPIED,OCCUPIED,0.7935354021462528
934.0,cctv2,C2_S008,G006,OCCUPIED,OCCUPIED,0.763154589587992
934.0,cctv2,C2_S009,G005,OCCUPIED,OCCUPIED,0.7895495160059496
934.0,cctv2,C2_S010,G002,OCCUPIED,OCCUPIED,0.7986687604676594
934.0,cctv2,C2_S011,G017,OCCUPIED,OCCUPIED,0.8020030709830198
934.0,cctv2,C2_S012,G018,OCCUPIED,OCCUPIED,0.76525058881803
934.0,cctv2,C2_S013,G019,OCCUPIED,OCCUPIED,0.8347800691019406
934.0,cctv2,C2_S014,G020,EMPTY,EMPTY,0.01
934.0,cctv3,C3_S001,G021,OCCUPIED,OCCUPIED,0.7794406587427314
934.0,cctv3,C3_S002,G019,EMPTY,EMPTY,0.01
934.0,cctv3,C3_S003,G020,OCCUPIED,LEAVING,0.8191831049594013
934.0,cctv3,C3_S004,G024,OCCUPIED,OCCUPIED,0.8277416039596905
934.0,cctv3,C3_S005,G025,OCCUPIED,OCCUPIED,0.8191658225926487
934.0,cctv3,C3_S006,G026,OCCUPIED,LEAVING,0.8053632132031702
934.0,cctv3,C3_S007,G027,EMPTY,MANEUVERING,0.0861076669733632
934.0,cctv3,C3_S008,G028,EMPTY,EMPTY,0.01
934.0,cctv3,C3_S009,G029,EMPTY,MANEUVERING,0.2858932453698732
934.0,cctv3,C3_S010,G007,EMPTY,MANEUVERING,0.316993858136914
934.0,cctv3,C3_S011,G008,OCCUPIED,OCCUPIED,0.7140158932317388
934.0,cctv3,C3_S012,G009,OCCUPIED,OCCUPIED,0.8222950623794036
935.0,cctv1,C1_S001,G001,OCCUPIED,LEAVING,0.7431059472940186
935.0,cctv1,C1_S002,G002,EMPTY,EMPTY,0.01
935.0,cctv1,C1_S003,G003,OCCUPIED,OCCUPIED,0.8370581618764185
935.0,cctv1,C1_S004,G004,OCCUPIED,OCCUPIED,0.7799137516455218
935.0,cctv1,C1_S005,G005,OCCUPIED,OCCUPIED,0.7557003609158777
935.0,cctv1,C1_S006,G006,EMPTY,MANEUVERING,0.3933303726701574
935.0,cctv2,C2_S001,G007,OCCUPIED,LEAVING,0.7479364679618316
935.0,cctv2,C2_S002,G008,OCCUPIED,LEAVING,0.8058310571041974
935.0,cctv2,C2_S003,G009,OCCUPIED,OCCUPIED,0.51
935.0,cctv2,C2_S004,G010,OCCUPIED,OCCUPIED,0.7498892025310885
935.0,cctv2,C2_S005,G001,EMPTY,EMPTY,0.01
935.0,cctv2,C2_S006,G003,OCCUPIED,LEAVING,0.7744073187221181
935.0,cctv2,C2_S007,G004,OCCUPIED,OCCUPIED,0.7917081830176441
935.0,cctv2,C2_S008,G006,OCCUPIED,OCCUPIED,0.7624755802479658
935.0,cctv2,C2_S009,G005,OCCUPIED,OCCUPIED,0.7884198232130571
935.0,cctv2,C2_S010,G002,OCCUPIED,OCCUPIED,0.7979601427912713
935.0,cctv2,C2_S011,G017,OCCUPIED,OCCUPIED,0.8013330218466846
935.0,cctv2,C2_S012,G018,OCCUPIED,OCCUPIED,0.7633472774516453
935.0,cctv2,C2_S013,G019,OCCUPIED,OCCUPIED,0.8346767739816146
935.0,cctv2,C2_S014,G020,EMPTY,EMPTY,0.01
935.0,cctv3,C3_S001,G021,OCCUPIED,OCCUPIED,0.7777810532938351
935.0,cctv3,C3_S002,G019,EMPTY,EMPTY,0.01
935.0,cctv3,C3_S003,G020,OCCUPIED,LEAVING,0.8186978258869866
935.0,cctv3,C3_S004,G024,OCCUPIED,OCCUPIED,0.8273642033338547
935.0,cctv3,C3_S005,G025,OCCUPIED,OCCUPIED,0.8191676741296595
935.0,cctv3,C3_S006,G026,OCCUPIED,LEAVING,0.8016561524434523
935.0,cctv3,C3_S007,G027,EMPTY,MANEUVERING,0.0861076669733632
935.0,cctv3,C3_S008,G028,EMPTY,EMPTY,0.01
935.0,cctv3,C3_S009,G029,EMPTY,MANEUVERING,0.2408932453698732
935.0,cctv3,C3_S010,G007,EMPTY,MANEUVERING,0.316993858136914
935.0,cctv3,C3_S011,G008,OCCUPIED,OCCUPIED,0.7143673359264027
935.0,cctv3,C3_S012,G009,OCCUPIED,OCCUPIED,0.8228294884616679
936.0,cctv1,C1_S001,G001,OCCUPIED,LEAVING,0.7425994428044016
936.0,cctv1,C1_S002,G002,EMPTY,EMPTY,0.01
936.0,cctv1,C1_S003,G003,OCCUPIED,OCCUPIED,0.8370851562781768
936.0,cctv1,C1_S004,G004,OCCUPIED,OCCUPIED,0.7796446147290144
936.0,cctv1,C1_S005,G005,OCCUPIED,OCCUPIED,0.7556976396929135
936.0,cctv1,C1_S006,G006,EMPTY,MANEUVERING,0.3582231197032061
936.0,cctv2,C2_S001,G007,OCCUPIED,LEAVING,0.7472300606695089
936.0,cctv2,C2_S002,G008,OCCUPIED,LEAVING,0.8042076094584032
936.0,cctv2,C2_S003,G009,OCCUPIED,OCCUPIED,0.51
936.0,cctv2,C2_S004,G010,OCCUPIED,OCCUPIED,0.7457613382894885
936.0,cctv2,C2_S005,G001,EMPTY,EMPTY,0.01
936.0,cctv2,C2_S006,G003,OCCUPIED,LEAVING,0.8114264929836448
936.0,cctv2,C2_S007,G004,OCCUPIED,OCCUPIED,0.7904105091636832
936.0,cctv2,C2_S008,G006,OCCUPIED,OCCUPIED,0.7624165582385931
936.0,cctv2,C2_S009,G005,OCCUPIED,OCCUPIED,0.788316332210194
936.0,cctv2,C2_S010,G002,OCCUPIED,OCCUPIED,0.79801546538418
936.0,cctv2,C2_S011,G017,OCCUPIED,OCCUPIED,0.8001335688612679
936.0,cctv2,C2_S012,G018,OCCUPIED,OCCUPIED,0.7632392961870541
936.0,cctv2,C2_S013,G019,OCCUPIED,OCCUPIED,0.8342798883264716
936.0,cctv2,C2_S014,G020,EMPTY,EMPTY,0.01
936.0,cctv3,C3_S001,G021,OCCUPIED,OCCUPIED,0.7807144068858841
936.0,cctv3,C3_S002,G019,EMPTY,EMPTY,0.01
936.0,cctv3,C3_S003,G020,OCCUPIED,LEAVING,0.8180322991176086
936.0,cctv3,C3_S004,G024,OCCUPIED,OCCUPIED,0.8272131689570168
936.0,cctv3,C3_S005,G025,OCCUPIED,OCCUPIED,0.8200650713660501
936.0,cctv3,C3_S006,G026,OCCUPIED,LEAVING,0.7983776192773473
936.0,cctv3,C3_S007,G027,EMPTY,MANEUVERING,0.0861076669733632
936.0,cctv3,C3_S008,G028,EMPTY,EMPTY,0.01
936.0,cctv3,C3_S009,G029,EMPTY,MANEUVERING,0.2408932453698732
936.0,cctv3,C3_S010,G007,EMPTY,MANEUVERING,0.3866377610239115
936.0,cctv3,C3_S011,G008,OCCUPIED,OCCUPIED,0.7153689603913914
936.0,cctv3,C3_S012,G009,OCCUPIED,OCCUPIED,0.8234660693190315
937.0,cctv1,C1_S001,G001,OCCUPIED,LEAVING,0.7340093286877329
937.0,cctv1,C1_S002,G002,EMPTY,EMPTY,0.01
937.0,cctv1,C1_S003,G003,OCCUPIED,OCCUPIED,0.8372211678461596
937.0,cctv1,C1_S004,G004,OCCUPIED,OCCUPIED,0.780148365280845
937.0,cctv1,C1_S005,G005,OCCUPIED,OCCUPIED,0.7532782457091592
937.0,cctv1,C1_S006,G006,EMPTY,MANEUVERING,0.2758677283606746
937.0,cctv2,C2_S001,G007,OCCUPIED,LEAVING,0.7473576403476976
937.0,cctv2,C2_S002,G008,OCCUPIED,LEAVING,0.8023792800578204
937.0,cctv2,C2_S003,G009,OCCUPIED,OCCUPIED,0.51
937.0,cctv2,C2_S004,G010,OCCUPIED,OCCUPIED,0.7417916331846606
937.0,cctv2,C2_S005,G001,EMPTY,EMPTY,0.01
937.0,cctv2,C2_S006,G003,OCCUPIED,OCCUPIED,0.8096304565668107
937.0,cctv2,C2_S007,G004,OCCUPIED,OCCUPIED,0.789974815195257
937.0,cctv2,C2_S008,G006,OCCUPIED,OCCUPIED,0.7613302355462855
937.0,cctv2,C2_S009,G005,OCCUPIED,OCCUPIED,0.786540069363334
937.0,cctv2,C2_S010,G002,OCCUPIED,OCCUPIED,0.7971665153449232
937.0,cctv2,C2_S011,G017,OCCUPIED,OCCUPIED,0.7972047835588456
937.0,cctv2,C2_S012,G018,OCCUPIED,OCCUPIED,0.7622322478077629
937.0,cctv2,C2_S013,G019,OCCUPIED,OCCUPIED,0.8335715193640103
937.0,cctv2,C2_S014,G020,EMPTY,EMPTY,0.01
937.0,cctv3,C3_S001,G021,OCCUPIED,OCCUPIED,0.7836578398942948
937.0,cctv3,C3_S002,G019,EMPTY,EMPTY,0.01
937.0,cctv3,C3_S003,G020,OCCUPIED,LEAVING,0.8169079260392623
937.0,cctv3,C3_S004,G024,OCCUPIED,OCCUPIED,0.827441354231401
937.0,cctv3,C3_S005,G025,OCCUPIED,OCCUPIED,0.8200876141136344
937.0,cctv3,C3_S006,G026,OCCUPIED,LEAVING,0.7962612344460055
937.0,cctv3,C3_S007,G027,EMPTY,MANEUVERING,0.0861076669733632
937.0,cctv3,C3_S008,G028,EMPTY,EMPTY,0.01
937.0,cctv3,C3_S009,G029,EMPTY,MANEUVERING,0.2408932453698732
937.0,cctv3,C3_S010,G007,EMPTY,MANEUVERING,0.3416377610239115
937.0,cctv3,C3_S011,G008,OCCUPIED,OCCUPIED,0.7600251950729977
937.0,cctv3,C3_S012,G009,OCCUPIED,OCCUPIED,0.8226972287351435
938.0,cctv1,C1_S001,G001,OCCUPIED,LEAVING,0.7250981364737858
938.0,cctv1,C1_S002,G002,EMPTY,EMPTY,0.01
938.0,cctv1,C1_S003,G003,OCCUPIED,OCCUPIED,0.8372544646263123
938.0,cctv1,C1_S004,G004,OCCUPIED,OCCUPIED,0.7804094019261274
938.0,cctv1,C1_S005,G005,OCCUPIED,OCCUPIED,0.753844305601987
938.0,cctv1,C1_S006,G006,EMPTY,MANEUVERING,0.2758677283606746
938.0,cctv2,C2_S001,G007,OCCUPIED,LEAVING,0.7463597352531823
938.0,cctv2,C2_S002,G008,OCCUPIED,LEAVING,0.8030047476291657
938.0,cctv2,C2_S003,G009,OCCUPIED,OCCUPIED,0.51
938.0,cctv2,C2_S004,G010,OCCUPIED,OCCUPIED,0.7343593493510376
938.0,cctv2,C2_S005,G001,EMPTY,EMPTY,0.01
938.0,cctv2,C2_S006,G003,OCCUPIED,OCCUPIED,0.8140869281508707
938.0,cctv2,C2_S007,G004,OCCUPIED,OCCUPIED,0.7896884308619934
938.0,cctv2,C2_S008,G006,OCCUPIED,OCCUPIED,0.7587753209200773
938.0,cctv2,C2_S009,G005,OCCUPIED,OCCUPIED,0.7851269581101158
938.0,cctv2,C2_S010,G002,OCCUPIED,OCCUPIED,0.7956652041185986
938.0,cctv2,C2_S011,G017,OCCUPIED,OCCUPIED,0.7949848910624331
938.0,cctv2,C2_S012,G018,OCCUPIED,OCCUPIED,0.7642619826576927
938.0,cctv2,C2_S013,G019,OCCUPIED,OCCUPIED,0.8331900767304681
938.0,cctv2,C2_S014,G020,EMPTY,EMPTY,0.01
938.0,cctv3,C3_S001,G021,OCCUPIED,OCCUPIED,0.7833055284890262
938.0,cctv3,C3_S002,G019,EMPTY,EMPTY,0.01
938.0,cctv3,C3_S003,G020,OCCUPIED,LEAVING,0.8194966291839427
938.0,cctv3,C3_S004,G024,OCCUPIED,OCCUPIED,0.8274270726875825
938.0,cctv3,C3_S005,G025,OCCUPIED,OCCUPIED,0.8196120080622761
938.0,cctv3,C3_S006,G026,OCCUPIED,LEAVING,0.7945179123770107
938.0,cctv3,C3_S007,G027,EMPTY,MANEUVERING,0.0861076669733632
938.0,cctv3,C3_S008,G028,EMPTY,EMPTY,0.01
938.0,cctv3,C3_S009,G029,EMPTY,MANEUVERING,0.1958932453698732
938.0,cctv3,C3_S010,G007,EMPTY,MANEUVERING,0.427968474091454
938.0,cctv3,C3_S011,G008,OCCUPIED,OCCUPIED,0.6802580743847472
938.0,cctv3,C3_S012,G009,OCCUPIED,OCCUPIED,0.8222375257448717
939.0,cctv1,C1_S001,G001,OCCUPIED,LEAVING,0.7244071994315495
939.0,cctv1,C1_S002,G002,EMPTY,EMPTY,0.01
939.0,cctv1,C1_S003,G003,OCCUPIED,OCCUPIED,0.8372677984562787
939.0,cctv1,C1_S004,G004,OCCUPIED,OCCUPIED,0.7800842328505083
939.0,cctv1,C1_S005,G005,OCCUPIED,OCCUPIED,0.7551819423382933
939.0,cctv1,C1_S006,G006,EMPTY,MANEUVERING,0.3109726710888472
939.0,cctv2,C2_S001,G007,OCCUPIED,LEAVING,0.7470366024835544
939.0,cctv2,C2_S002,G008,OCCUPIED,LEAVING,0.8032607839866118
939.0,cctv2,C2_S003,G009,EMPTY,EMPTY,0.1895003349672664
939.0,cctv2,C2_S004,G010,OCCUPIED,OCCUPIED,0.7320385930348526
939.0,cctv2,C2_S005,G001,EMPTY,EMPTY,0.01
939.0,cctv2,C2_S006,G003,OCCUPIED,OCCUPIED,0.8163544270125302
939.0,cctv2,C2_S007,G004,OCCUPIED,OCCUPIED,0.7884342811324381
939.0,cctv2,C2_S008,G006,OCCUPIED,OCCUPIED,0.756366760215976
939.0,cctv2,C2_S009,G005,OCCUPIED,OCCUPIED,0.7837818798693744
939.0,cctv2,C2_S010,G002,OCCUPIED,OCCUPIED,0.792175776172768
939.0,cctv2,C2_S011,G017,OCCUPIED,OCCUPIED,0.78752280656587
939.0,cctv2,C2_S012,G018,OCCUPIED,OCCUPIED,0.7629839567975565
939.0,cctv2,C2_S013,G019,OCCUPIED,OCCUPIED,0.8331181585788727
939.0,cctv2,C2_S014,G020,EMPTY,EMPTY,0.01
939.0,cctv3,C3_S001,G021,OCCUPIED,OCCUPIED,0.7859266367825596
939.0,cctv3,C3_S002,G019,EMPTY,EMPTY,0.01
939.0,cctv3,C3_S003,G020,OCCUPIED,LEAVING,0.8191534169695595
939.0,cctv3,C3_S004,G024,OCCUPIED,OCCUPIED,0.8273268417878585
939.0,cctv3,C3_S005,G025,OCCUPIED,OCCUPIED,0.8193932462822308
939.0,cctv3,C3_S006,G026,OCCUPIED,LEAVING,0.7932394528930838
939.0,cctv3,C3_S007,G027,EMPTY,MANEUVERING,0.0861076669733632
939.0,cctv3,C3_S008,G028,EMPTY,EMPTY,0.01
939.0,cctv3,C3_S009,G029,EMPTY,MANEUVERING,0.1958932453698732
939.0,cctv3,C3_S010,G007,EMPTY,MANEUVERING,0.4774887093021112
939.0,cctv3,C3_S011,G008,OCCUPIED,OCCUPIED,0.599383474635807
939.0,cctv3,C3_S012,G009,OCCUPIED,OCCUPIED,0.8223098055882888
940.0,cctv1,C1_S001,G001,OCCUPIED,LEAVING,0.7248718336224557
940.0,cctv1,C1_S002,G002,EMPTY,EMPTY,0.01
940.0,cctv1,C1_S003,G003,OCCUPIED,OCCUPIED,0.8371921691027555
940.0,cctv1,C1_S004,G004,OCCUPIED,OCCUPIED,0.7791238963603974
940.0,cctv1,C1_S005,G005,OCCUPIED,LEAVING,0.7559712087566203
940.0,cctv1,C1_S006,G006,EMPTY,MANEUVERING,0.3912599481506781
940.0,cctv2,C2_S001,G007,OCCUPIED,LEAVING,0.7448773760687222
940.0,cctv2,C2_S002,G008,OCCUPIED,LEAVING,0.80442237962376
940.0,cctv2,C2_S003,G009,EMPTY,EMPTY,0.01
940.0,cctv2,C2_S004,G010,OCCUPIED,OCCUPIED,0.7284810643304479
940.0,cctv2,C2_S005,G001,EMPTY,EMPTY,0.01
940.0,cctv2,C2_S006,G003,OCCUPIED,OCCUPIED,0.8168378724293276
940.0,cctv2,C2_S007,G004,OCCUPIED,OCCUPIED,0.7895130932331086
940.0,cctv2,C2_S008,G006,OCCUPIED,OCCUPIED,0.7547912208871409
940.0,cctv2,C2_S009,G005,OCCUPIED,OCCUPIED,0.7806582276116718
940.0,cctv2,C2_S010,G002,OCCUPIED,OCCUPIED,0.7872264222665267
940.0,cctv2,C2_S011,G017,OCCUPIED,OCCUPIED,0.7820696504955943
940.0,cctv2,C2_S012,G018,OCCUPIED,OCCUPIED,0.7678691612048583
940.0,cctv2,C2_S013,G019,OCCUPIED,OCCUPIED,0.8334670335054398
940.0,cctv2,C2_S014,G020,EMPTY,EMPTY,0.01
940.0,cctv3,C3_S001,G021,OCCUPIED,LEAVING,0.7896913130174984
940.0,cctv3,C3_S002,G019,EMPTY,EMPTY,0.01
940.0,cctv3,C3_S003,G020,OCCUPIED,LEAVING,0.8191385372118517
940.0,cctv3,C3_S004,G024,OCCUPIED,OCCUPIED,0.82741154757413
940.0,cctv3,C3_S005,G025,OCCUPIED,OCCUPIED,0.8193158564242451
940.0,cctv3,C3_S006,G026,OCCUPIED,LEAVING,0.7910948829217391
940.0,cctv3,C3_S007,G027,EMPTY,EMPTY,0.01
940.0,cctv3,C3_S008,G028,EMPTY,MANEUVERING,0.1099391779642213
940.0,cctv3,C3_S009,G029,EMPTY,MANEUVERING,0.1958932453698732
940.0,cctv3,C3_S010,G007,EMPTY,MANEUVERING,0.49
940.0,cctv3,C3_S011,G008,OCCUPIED,LEAVING,0.51
940.0,cctv3,C3_S012,G009,OCCUPIED,OCCUPIED,0.8221974259073085
941.0,cctv1,C1_S001,G001,OCCUPIED,OCCUPIED,0.7240232330831615
941.0,cctv1,C1_S002,G002,EMPTY,EMPTY,0.01
941.0,cctv1,C1_S003,G003,OCCUPIED,OCCUPIED,0.8372336970134215
941.0,cctv1,C1_S004,G004,OCCUPIED,OCCUPIED,0.7780559528957715
941.0,cctv1,C1_S005,G005,OCCUPIED,LEAVING,0.7585042125799439
941.0,cctv1,C1_S006,G006,EMPTY,MANEUVERING,0.3672599481506781
941.0,cctv2,C2_S001,G007,OCCUPIED,LEAVING,0.7466399781405927
941.0,cctv2,C2_S002,G008,OCCUPIED,LEAVING,0.8047579589215192
941.0,cctv2,C2_S003,G009,EMPTY,EMPTY,0.01
941.0,cctv2,C2_S004,G010,OCCUPIED,OCCUPIED,0.7638507979837331
941.0,cctv2,C2_S005,G001,EMPTY,EMPTY,0.01
941.0,cctv2,C2_S006,G003,OCCUPIED,OCCUPIED,0.8172226759520445
941.0,cctv2,C2_S007,G004,OCCUPIED,OCCUPIED,0.79054150743918
941.0,cctv2,C2_S008,G006,OCCUPIED,OCCUPIED,0.7538959255272693
941.0,cctv2,C2_S009,G005,OCCUPIED,OCCUPIED,0.7789220239628446
941.0,cctv2,C2_S010,G002,OCCUPIED,OCCUPIED,0.7048813273419033
941.0,cctv2,C2_S011,G017,OCCUPIED,OCCUPIED,0.6880179347030142
941.0,cctv2,C2_S012,G018,OCCUPIED,LEAVING,0.7731082956899297
941.0,cctv2,C2_S013,G019,OCCUPIED,OCCUPIED,0.8335339139808309
941.0,cctv2,C2_S014,G020,EMPTY,EMPTY,0.01
941.0,cctv3,C3_S001,G021,OCCUPIED,LEAVING,0.7071201582659374
941.0,cctv3,C3_S002,G019,EMPTY,EMPTY,0.01
941.0,cctv3,C3_S003,G020,OCCUPIED,LEAVING,0.8170201049609618
941.0,cctv3,C3_S004,G024,OCCUPIED,OCCUPIED,0.8273271937261929
941.0,cctv3,C3_S005,G025,OCCUPIED,OCCUPIED,0.8198820520531048
941.0,cctv3,C3_S006,G026,OCCUPIED,LEAVING,0.794167801195925
941.0,cctv3,C3_S007,G027,EMPTY,EMPTY,0.01
941.0,cctv3,C3_S008,G028,EMPTY,MANEUVERING,0.1099391779642213
941.0,cctv3,C3_S009,G029,EMPTY,MANEUVERING,0.1958932453698732
941.0,cctv3,C3_S010,G007,EMPTY,MANEUVERING,0.49
941.0,cctv3,C3_S011,G008,OCCUPIED,LEAVING,0.51
941.0,cctv3,C3_S012,G009,OCCUPIED,OCCUPIED,0.8221935488960961
942.0,cctv1,C1_S001,G001,OCCUPIED,OCCUPIED,0.7240203456445174
942.0,cctv1,C1_S002,G002,EMPTY,EMPTY,0.01
942.0,cctv1,C1_S003,G003,OCCUPIED,OCCUPIED,0.8370709885250439
942.0,cctv1,C1_S004,G004,OCCUPIED,OCCUPIED,0.7776805436069316
942.0,cctv1,C1_S005,G005,OCCUPIED,LEAVING,0.7594191559336403
942.0,cctv1,C1_S006,G006,EMPTY,MANEUVERING,0.4509885268861597
942.0,cctv2,C2_S001,G007,OCCUPIED,LEAVING,0.7501136993142692
942.0,cctv2,C2_S002,G008,OCCUPIED,LEAVING,0.8026431395248934
942.0,cctv2,C2_S003,G009,EMPTY,EMPTY,0.01
942.0,cctv2,C2_S004,G010,OCCUPIED,OCCUPIED,0.7649210026318377
942.0,cctv2,C2_S005,G001,EMPTY,EMPTY,0.01
942.0,cctv2,C2_S006,G003,OCCUPIED,OCCUPIED,0.8175519114190882
942.0,cctv2,C2_S007,G004,OCCUPIED,OCCUPIED,0.7907434420152144
942.0,cctv2,C2_S008,G006,OCCUPIED,OCCUPIED,0.7530436938459224
942.0,cctv2,C2_S009,G005,OCCUPIED,OCCUPIED,0.7785156497901137
942.0,cctv2,C2_S010,G002,OCCUPIED,OCCUPIED,0.6225024608590387
942.0,cctv2,C2_S011,G017,OCCUPIED,OCCUPIED,0.5942756733162837
942.0,cctv2,C2_S012,G018,OCCUPIED,LEAVING,0.7804572062058883
942.0,cctv2,C2_S013,G019,OCCUPIED,OCCUPIED,0.8331008453260769
942.0,cctv2,C2_S014,G020,EMPTY,EMPTY,0.01
942.0,cctv3,C3_S001,G021,OCCUPIED,LEAVING,0.6260538605668329
942.0,cctv3,C3_S002,G019,EMPTY,EMPTY,0.01
942.0,cctv3,C3_S003,G020,OCCUPIED,LEAVING,0.8133616043762728
942.0,cctv3,C3_S004,G024,OCCUPIED,OCCUPIED,0.8270968187939037
942.0,cctv3,C3_S005,G025,OCCUPIED,OCCUPIED,0.8213552464138378
942.0,cctv3,C3_S006,G026,OCCUPIED,OCCUPIED,0.7929251743988558
942.0,cctv3,C3_S007,G027,EMPTY,EMPTY,0.01
942.0,cctv3,C3_S008,G028,EMPTY,MANEUVERING,0.1099391779642213
942.0,cctv3,C3_S009,G029,EMPTY,MANEUVERING,0.1910514272343028
942.0,cctv3,C3_S010,G007,EMPTY,MANEUVERING,0.49
942.0,cctv3,C3_S011,G008,OCCUPIED,LEAVING,0.5414943147905462
942.0,cctv3,C3_S012,G009,OCCUPIED,OCCUPIED,0.8223638008941304
943.0,cctv1,C1_S001,G001,OCCUPIED,OCCUPIED,0.7234469637274743
943.0,cctv1,C1_S002,G002,EMPTY,EMPTY,0.01
943.0,cctv1,C1_S003,G003,OCCUPIED,OCCUPIED,0.8370599630204114
943.0,cctv1,C1_S004,G004,OCCUPIED,OCCUPIED,0.776260645552115
943.0,cctv1,C1_S005,G005,OCCUPIED,LEAVING,0.7603377844799649
943.0,cctv1,C1_S006,G006,EMPTY,MANEUVERING,0.3917028126004455
943.0,cctv2,C2_S001,G007,OCCUPIED,LEAVING,0.750050406090238
943.0,cctv2,C2_S002,G008,OCCUPIED,LEAVING,0.8026010125875473
943.0,cctv2,C2_S003,G009,EMPTY,EMPTY,0.01
943.0,cctv2,C2_S004,G010,OCCUPIED,OCCUPIED,0.7693751026960938
943.0,cctv2,C2_S005,G001,EMPTY,EMPTY,0.01
943.0,cctv2,C2_S006,G003,OCCUPIED,OCCUPIED,0.8174237018281764
943.0,cctv2,C2_S007,G004,OCCUPIED,OCCUPIED,0.7894008785486222
943.0,cctv2,C2_S008,G006,OCCUPIED,OCCUPIED,0.7521122492172502
943.0,cctv2,C2_S009,G005,OCCUPIED,OCCUPIED,0.7790626131675461
943.0,cctv2,C2_S010,G002,OCCUPIED,OCCUPIED,0.5404260479387912
943.0,cctv2,C2_S011,G017,OCCUPIED,LEAVING,0.5970982989533381
943.0,cctv2,C2_S012,G018,OCCUPIED,LEAVING,0.7844081033359875
943.0,cctv2,C2_S013,G019,OCCUPIED,OCCUPIED,0.8334875117648732
943.0,cctv2,C2_S014,G020,EMPTY,EMPTY,0.01
943.0,cctv3,C3_S001,G021,OCCUPIED,LEAVING,0.5334075359605027
943.0,cctv3,C3_S002,G019,EMPTY,MANEUVERING,0.2347288528175065
943.0,cctv3,C3_S003,G020,OCCUPIED,LEAVING,0.7311359720338475
943.0,cctv3,C3_S004,G024,OCCUPIED,OCCUPIED,0.8263433789665049
943.0,cctv3,C3_S005,G025,OCCUPIED,OCCUPIED,0.8188084182414143
943.0,cctv3,C3_S006,G026,OCCUPIED,OCCUPIED,0.7909827722744509
943.0,cctv3,C3_S007,G027,EMPTY,EMPTY,0.01
943.0,cctv3,C3_S008,G028,EMPTY,MANEUVERING,0.1099391779642213
943.0,cctv3,C3_S009,G029,EMPTY,MANEUVERING,0.1910514272343028
943.0,cctv3,C3_S010,G007,EMPTY,MANEUVERING,0.49
943.0,cctv3,C3_S011,G008,OCCUPIED,LEAVING,0.5838990898140065
943.0,cctv3,C3_S012,G009,OCCUPIED,OCCUPIED,0.8225769625468689
944.0,cctv1,C1_S001,G001,OCCUPIED,OCCUPIED,0.723334067518061
944.0,cctv1,C1_S002,G002,EMPTY,EMPTY,0.01
944.0,cctv1,C1_S003,G003,OCCUPIED,OCCUPIED,0.8370217927477577
944.0,cctv1,C1_S004,G004,OCCUPIED,OCCUPIED,0.776172396811572
944.0,cctv1,C1_S005,G005,OCCUPIED,LEAVING,0.7571312958543952
944.0,cctv1,C1_S006,G006,EMPTY,MANEUVERING,0.2910607507582996
944.0,cctv2,C2_S001,G007,OCCUPIED,LEAVING,0.7511800509284844
944.0,cctv2,C2_S002,G008,OCCUPIED,LEAVING,0.8013152786276558
944.0,cctv2,C2_S003,G009,EMPTY,EMPTY,0.01
944.0,cctv2,C2_S004,G010,OCCUPIED,OCCUPIED,0.7670757359401746
944.0,cctv2,C2_S005,G001,EMPTY,EMPTY,0.01
944.0,cctv2,C2_S006,G003,OCCUPIED,OCCUPIED,0.8184983174909246
944.0,cctv2,C2_S007,G004,OCCUPIED,OCCUPIED,0.7902473512020979
944.0,cctv2,C2_S008,G006,OCCUPIED,OCCUPIED,0.7528545623475855
944.0,cctv2,C2_S009,G005,OCCUPIED,OCCUPIED,0.7792347459630533
944.0,cctv2,C2_S010,G002,OCCUPIED,LEAVING,0.5422347218272361
944.0,cctv2,C2_S011,G017,OCCUPIED,LEAVING,0.51
944.0,cctv2,C2_S012,G018,OCCUPIED,LEAVING,0.7818344270641154
944.0,cctv2,C2_S013,G019,OCCUPIED,OCCUPIED,0.8339283336292614
944.0,cctv2,C2_S014,G020,EMPTY,EMPTY,0.01
944.0,cctv3,C3_S001,G021,OCCUPIED,OCCUPIED,0.51
944.0,cctv3,C3_S002,G019,EMPTY,MANEUVERING,0.3302628281893152
944.0,cctv3,C3_S003,G020,OCCUPIED,LEAVING,0.6490092205820662
944.0,cctv3,C3_S004,G024,OCCUPIED,OCCUPIED,0.8254380578344519
944.0,cctv3,C3_S005,G025,OCCUPIED,OCCUPIED,0.8162435388023204
944.0,cctv3,C3_S006,G026,OCCUPIED,OCCUPIED,0.7882397514852612
944.0,cctv3,C3_S007,G027,EMPTY,EMPTY,0.01
944.0,cctv3,C3_S008,G028,EMPTY,MANEUVERING,0.0649391779642213
944.0,cctv3,C3_S009,G029,EMPTY,MANEUVERING,0.1910514272343028
944.0,cctv3,C3_S010,G007,OCCUPIED,OCCUPIED,0.5976706546893367
944.0,cctv3,C3_S011,G008,OCCUPIED,LEAVING,0.5838990898140065
944.0,cctv3,C3_S012,G009,OCCUPIED,OCCUPIED,0.8233330504460769
945.0,cctv1,C1_S001,G001,OCCUPIED,OCCUPIED,0.7235202158716593
945.0,cctv1,C1_S002,G002,EMPTY,EMPTY,0.01
945.0,cctv1,C1_S003,G003,OCCUPIED,OCCUPIED,0.836895701289177
945.0,cctv1,C1_S004,G004,OCCUPIED,OCCUPIED,0.7763204799457031
945.0,cctv1,C1_S005,G005,OCCUPIED,LEAVING,0.755969425900416
945.0,cctv1,C1_S006,G006,EMPTY,MANEUVERING,0.282489322186871
945.0,cctv2,C2_S001,G007,OCCUPIED,LEAVING,0.7518074143339287
945.0,cctv2,C2_S002,G008,OCCUPIED,LEAVING,0.8027063738216054
945.0,cctv2,C2_S003,G009,EMPTY,MANEUVERING,0.2334831831942905
945.0,cctv2,C2_S004,G010,OCCUPIED,OCCUPIED,0.7687857949598269
945.0,cctv2,C2_S005,G001,EMPTY,EMPTY,0.01
945.0,cctv2,C2_S006,G003,OCCUPIED,OCCUPIED,0.818639539046721
945.0,cctv2,C2_S007,G004,OCCUPIED,OCCUPIED,0.789836706627499
945.0,cctv2,C2_S008,G006,OCCUPIED,OCCUPIED,0.7536773628809236
945.0,cctv2,C2_S009,G005,OCCUPIED,OCCUPIED,0.7811576240442016
945.0,cctv2,C2_S010,G002,OCCUPIED,LEAVING,0.5902238688719544
945.0,cctv2,C2_S011,G017,OCCUPIED,LEAVING,0.51
945.0,cctv2,C2_S012,G018,OCCUPIED,LEAVING,0.7872442288832232
945.0,cctv2,C2_S013,G019,OCCUPIED,OCCUPIED,0.8346962890841745
945.0,cctv2,C2_S014,G020,EMPTY,EMPTY,0.01
945.0,cctv3,C3_S001,G021,OCCUPIED,OCCUPIED,0.51
945.0,cctv3,C3_S002,G019,EMPTY,MANEUVERING,0.3302628281893152
945.0,cctv3,C3_S003,G020,OCCUPIED,LEAVING,0.5654898617890748
945.0,cctv3,C3_S004,G024,OCCUPIED,OCCUPIED,0.8245701681483877
945.0,cctv3,C3_S005,G025,OCCUPIED,OCCUPIED,0.8124170636588878
945.0,cctv3,C3_S006,G026,OCCUPIED,OCCUPIED,0.7840335247191517
945.0,cctv3,C3_S007,G027,EMPTY,EMPTY,0.01
945.0,cctv3,C3_S008,G028,EMPTY,MANEUVERING,0.0649391779642213
945.0,cctv3,C3_S009,G029,EMPTY,EMPTY,0.01
945.0,cctv3,C3_S010,G007,OCCUPIED,OCCUPIED,0.6347949367118153
945.0,cctv3,C3_S011,G008,OCCUPIED,LEAVING,0.51
945.0,cctv3,C3_S012,G009,OCCUPIED,OCCUPIED,0.8233428608287465
946.0,cctv1,C1_S001,G001,OCCUPIED,OCCUPIED,0.7237571668895809
946.0,cctv1,C1_S002,G002,EMPTY,EMPTY,0.01
946.0,cctv1,C1_S003,G003,OCCUPIED,OCCUPIED,0.8368504020300779
946.0,cctv1,C1_S004,G004,OCCUPIED,OCCUPIED,0.7747145479375667
946.0,cctv1,C1_S005,G005,OCCUPIED,LEAVING,0.7549497146498074
946.0,cctv1,C1_S006,G006,EMPTY,MANEUVERING,0.1856145137819376
946.0,cctv2,C2_S001,G007,OCCUPIED,LEAVING,0.7549133558842269
946.0,cctv2,C2_S002,G008,OCCUPIED,LEAVING,0.8035117420283231
946.0,cctv2,C2_S003,G009,EMPTY,MANEUVERING,0.2334831831942905
946.0,cctv2,C2_S004,G010,OCCUPIED,OCCUPIED,0.7672068406912415
946.0,cctv2,C2_S005,G001,EMPTY,EMPTY,0.01
946.0,cctv2,C2_S006,G003,OCCUPIED,OCCUPIED,0.8186615924943578
946.0,cctv2,C2_S007,G004,OCCUPIED,OCCUPIED,0.7902416689829393
946.0,cctv2,C2_S008,G006,OCCUPIED,OCCUPIED,0.7536450292576443
946.0,cctv2,C2_S009,G005,OCCUPIED,OCCUPIED,0.7009117728878151
946.0,cctv2,C2_S010,G002,OCCUPIED,LEAVING,0.5534011479283308
946.0,cctv2,C2_S011,G017,OCCUPIED,LEAVING,0.51
946.0,cctv2,C2_S012,G018,OCCUPIED,LEAVING,0.7911762989380143
946.0,cctv2,C2_S013,G019,OCCUPIED,OCCUPIED,0.7537876625765454
946.0,cctv2,C2_S014,G020,EMPTY,EMPTY,0.01
946.0,cctv3,C3_S001,G021,OCCUPIED,OCCUPIED,0.51
946.0,cctv3,C3_S002,G019,EMPTY,MANEUVERING,0.3302628281893152
946.0,cctv3,C3_S003,G020,OCCUPIED,OCCUPIED,0.51
946.0,cctv3,C3_S004,G024,OCCUPIED,OCCUPIED,0.8236945667050102
946.0,cctv3,C3_S005,G025,OCCUPIED,OCCUPIED,0.8079219654202462
946.0,cctv3,C3_S006,G026,OCCUPIED,OCCUPIED,0.7811382597143001
946.0,cctv3,C3_S007,G027,EMPTY,EMPTY,0.01
946.0,cctv3,C3_S008,G028,EMPTY,MANEUVERING,0.0649391779642213
946.0,cctv3,C3_S009,G029,EMPTY,EMPTY,0.01
946.0,cctv3,C3_S010,G007,OCCUPIED,OCCUPIED,0.5897949367118154
946.0,cctv3,C3_S011,G008,OCCUPIED,OCCUPIED,0.5156838186627084
946.0,cctv3,C3_S012,G009,OCCUPIED,OCCUPIED,0.823515469106761
947.0,cctv1,C1_S001,G001,OCCUPIED,OCCUPIED,0.722392927211794
947.0,cctv1,C1_S002,G002,EMPTY,EMPTY,0.01
947.0,cctv1,C1_S003,G003,OCCUPIED,OCCUPIED,0.8368207758123225
947.0,cctv1,C1_S004,G004,OCCUPIED,OCCUPIED,0.774593565680764
947.0,cctv1,C1_S005,G005,OCCUPIED,OCCUPIED,0.7147239417379553
947.0,cctv1,C1_S006,G006,EMPTY,MANEUVERING,0.261521447063847
947.0,cctv2,C2_S001,G007,OCCUPIED,LEAVING,0.7596576144749468
947.0,cctv2,C2_S002,G008,OCCUPIED,LEAVING,0.8051160037517548
947.0,cctv2,C2_S003,G009,EMPTY,MANEUVERING,0.2334831831942905
947.0,cctv2,C2_S004,G010,OCCUPIED,OCCUPIED,0.7661574544554408
947.0,cctv2,C2_S005,G001,EMPTY,EMPTY,0.01
947.0,cctv2,C2_S006,G003,OCCUPIED,OCCUPIED,0.8183658748865128
947.0,cctv2,C2_S007,G004,OCCUPIED,OCCUPIED,0.7905593514442445
947.0,cctv2,C2_S008,G006,OCCUPIED,OCCUPIED,0.7561412543058396
947.0,cctv2,C2_S009,G005,OCCUPIED,LEAVING,0.7053535351563583
947.0,cctv2,C2_S010,G002,OCCUPIED,LEAVING,0.5148994453793222
947.0,cctv2,C2_S011,G017,OCCUPIED,OCCUPIED,0.51
947.0,cctv2,C2_S012,G018,OCCUPIED,LEAVING,0.7934578082778238
947.0,cctv2,C2_S013,G019,OCCUPIED,LEAVING,0.660803646109321
947.0,cctv2,C2_S014,G020,EMPTY,EMPTY,0.01
947.0,cctv3,C3_S001,G021,OCCUPIED,OCCUPIED,0.51
947.0,cctv3,C3_S002,G019,EMPTY,MANEUVERING,0.2852628281893152
947.0,cctv3,C3_S003,G020,OCCUPIED,OCCUPIED,0.51
947.0,cctv3,C3_S004,G024,OCCUPIED,OCCUPIED,0.8214341480623593
947.0,cctv3,C3_S005,G025,OCCUPIED,OCCUPIED,0.8053628901189025
947.0,cctv3,C3_S006,G026,OCCUPIED,OCCUPIED,0.7784025735475801
947.0,cctv3,C3_S007,G027,EMPTY,EMPTY,0.01
947.0,cctv3,C3_S008,G028,EMPTY,MANEUVERING,0.0649391779642213
947.0,cctv3,C3_S009,G029,EMPTY,EMPTY,0.01
947.0,cctv3,C3_S010,G007,OCCUPIED,OCCUPIED,0.5598282233228932
947.0,cctv3,C3_S011,G008,OCCUPIED,OCCUPIED,0.5173905022984201
947.0,cctv3,C3_S012,G009,OCCUPIED,OCCUPIED,0.8242781747471203
948.0,cctv1,C1_S001,G001,OCCUPIED,OCCUPIED,0.7230359217998658
948.0,cctv1,C1_S002,G002,EMPTY,EMPTY,0.01
948.0,cctv1,C1_S003,G003,OCCUPIED,OCCUPIED,0.8367128477855162
948.0,cctv1,C1_S004,G004,OCCUPIED,OCCUPIED,0.774009980396791
948.0,cctv1,C1_S005,G005,OCCUPIED,OCCUPIED,0.7178398084315387
948.0,cctv1,C1_S006,G006,EMPTY,MANEUVERING,0.338986919527704
948.0,cctv2,C2_S001,G007,OCCUPIED,LEAVING,0.7611757394942371
948.0,cctv2,C2_S002,G008,OCCUPIED,LEAVING,0.8036887076768009
948.0,cctv2,C2_S003,G009,EMPTY,MANEUVERING,0.3123840364746072
948.0,cctv2,C2_S004,G010,OCCUPIED,OCCUPIED,0.7669448104094376
948.0,cctv2,C2_S005,G001,EMPTY,EMPTY,0.01
948.0,cctv2,C2_S006,G003,OCCUPIED,OCCUPIED,0.8177921268072996
948.0,cctv2,C2_S007,G004,OCCUPIED,OCCUPIED,0.7925355339592154
948.0,cctv2,C2_S008,G006,OCCUPIED,OCCUPIED,0.7602261903611097
948.0,cctv2,C2_S009,G005,OCCUPIED,LEAVING,0.7007601789046418
948.0,cctv2,C2_S010,G002,OCCUPIED,LEAVING,0.51
948.0,cctv2,C2_S011,G017,OCCUPIED,LEAVING,0.51
948.0,cctv2,C2_S012,G018,OCCUPIED,LEAVING,0.7969705173915084
948.0,cctv2,C2_S013,G019,OCCUPIED,LEAVING,0.5680419976589355
948.0,cctv2,C2_S014,G020,EMPTY,EMPTY,0.01
948.0,cctv3,C3_S001,G021,OCCUPIED,OCCUPIED,0.51
948.0,cctv3,C3_S002,G019,EMPTY,MANEUVERING,0.2402628281893152
948.0,cctv3,C3_S003,G020,OCCUPIED,OCCUPIED,0.51
948.0,cctv3,C3_S004,G024,OCCUPIED,OCCUPIED,0.8200478345155716
948.0,cctv3,C3_S005,G025,OCCUPIED,OCCUPIED,0.8033811570568519
948.0,cctv3,C3_S006,G026,OCCUPIED,OCCUPIED,0.7739799144593152
948.0,cctv3,C3_S007,G027,EMPTY,EMPTY,0.01
948.0,cctv3,C3_S008,G028,EMPTY,MANEUVERING,0.0649391779642213
948.0,cctv3,C3_S009,G029,EMPTY,EMPTY,0.01
948.0,cctv3,C3_S010,G007,OCCUPIED,OCCUPIED,0.5148282233228931
948.0,cctv3,C3_S011,G008,OCCUPIED,OCCUPIED,0.5639686351066285
948.0,cctv3,C3_S012,G009,OCCUPIED,OCCUPIED,0.8248544172807174
949.0,cctv1,C1_S001,G001,OCCUPIED,OCCUPIED,0.7252902837300843
949.0,cctv1,C1_S002,G002,EMPTY,EMPTY,0.01
949.0,cctv1,C1_S003,G003,OCCUPIED,OCCUPIED,0.836708920381286
949.0,cctv1,C1_S004,G004,OCCUPIED,OCCUPIED,0.7746827865188772
949.0,cctv1,C1_S005,G005,OCCUPIED,OCCUPIED,0.7180610885132443
949.0,cctv1,C1_S006,G006,EMPTY,MANEUVERING,0.4172969303754242
949.0,cctv2,C2_S001,G007,OCCUPIED,LEAVING,0.7643329260701484
949.0,cctv2,C2_S002,G008,OCCUPIED,LEAVING,0.8037564692172138
949.0,cctv2,C2_S003,G009,EMPTY,MANEUVERING,0.2673840364746072
949.0,cctv2,C2_S004,G010,OCCUPIED,OCCUPIED,0.7702180078083819
949.0,cctv2,C2_S005,G001,EMPTY,EMPTY,0.01
949.0,cctv2,C2_S006,G003,OCCUPIED,OCCUPIED,0.8167184799909593
949.0,cctv2,C2_S007,G004,OCCUPIED,OCCUPIED,0.7873318507590078
949.0,cctv2,C2_S008,G006,OCCUPIED,OCCUPIED,0.7603553143414585
949.0,cctv2,C2_S009,G005,OCCUPIED,LEAVING,0.7024230671335351
949.0,cctv2,C2_S010,G002,OCCUPIED,OCCUPIED,0.51
949.0,cctv2,C2_S011,G017,OCCUPIED,LEAVING,0.51
949.0,cctv2,C2_S012,G018,OCCUPIED,LEAVING,0.8010701267556711
949.0,cctv2,C2_S013,G019,OCCUPIED,OCCUPIED,0.51
949.0,cctv2,C2_S014,G020,EMPTY,EMPTY,0.01
949.0,cctv3,C3_S001,G021,OCCUPIED,OCCUPIED,0.51
949.0,cctv3,C3_S002,G019,EMPTY,MANEUVERING,0.2402628281893152
949.0,cctv3,C3_S003,G020,OCCUPIED,OCCUPIED,0.51
949.0,cctv3,C3_S004,G024,OCCUPIED,OCCUPIED,0.8192860148169778
949.0,cctv3,C3_S005,G025,OCCUPIED,OCCUPIED,0.8013242603702979
949.0,cctv3,C3_S006,G026,OCCUPIED,OCCUPIED,0.7693349010565065
949.0,cctv3,C3_S007,G027,EMPTY,EMPTY,0.01
949.0,cctv3,C3_S008,G028,EMPTY,MANEUVERING,0.0649391779642213
949.0,cctv3,C3_S009,G029,EMPTY,MANEUVERING,0.2093847041915763
949.0,cctv3,C3_S010,G007,OCCUPIED,OCCUPIED,0.51
949.0,cctv3,C3_S011,G008,OCCUPIED,OCCUPIED,0.6475832609967752
949.0,cctv3,C3_S012,G009,OCCUPIED,OCCUPIED,0.8252633297985251
950.0,cctv1,C1_S001,G001,OCCUPIED,OCCUPIED,0.6436439169232141
950.0,cctv1,C1_S002,G002,EMPTY,EMPTY,0.01
950.0,cctv1,C1_S003,G003,OCCUPIED,OCCUPIED,0.836621708761562
950.0,cctv1,C1_S004,G004,OCCUPIED,OCCUPIED,0.7751495282758367
950.0,cctv1,C1_S005,G005,OCCUPIED,OCCUPIED,0.717319817786867
950.0,cctv1,C1_S006,G006,EMPTY,MANEUVERING,0.4076107142323797
950.0,cctv2,C2_S001,G007,OCCUPIED,LEAVING,0.7649165141988885
950.0,cctv2,C2_S002,G008,OCCUPIED,LEAVING,0.8021908499977806
950.0,cctv2,C2_S003,G009,EMPTY,MANEUVERING,0.348776135918769
950.0,cctv2,C2_S004,G010,OCCUPIED,OCCUPIED,0.7706352018497208
950.0,cctv2,C2_S005,G001,EMPTY,EMPTY,0.01
950.0,cctv2,C2_S006,G003,OCCUPIED,OCCUPIED,0.8107841209931808
950.0,cctv2,C2_S007,G004,OCCUPIED,OCCUPIED,0.7818979257209735
950.0,cctv2,C2_S008,G006,OCCUPIED,OCCUPIED,0.764653943208131
950.0,cctv2,C2_S009,G005,OCCUPIED,LEAVING,0.7503629532862793
950.0,cctv2,C2_S010,G002,OCCUPIED,OCCUPIED,0.51
950.0,cctv2,C2_S011,G017,OCCUPIED,OCCUPIED,0.51
950.0,cctv2,C2_S012,G018,OCCUPIED,LEAVING,0.8061097483743321
950.0,cctv2,C2_S013,G019,OCCUPIED,OCCUPIED,0.51
950.0,cctv2,C2_S014,G020,EMPTY,EMPTY,0.01
950.0,cctv3,C3_S001,G021,EMPTY,EMPTY,0.2633106485099503
950.0,cctv3,C3_S002,G019,EMPTY,MANEUVERING,0.2402628281893152
950.0,cctv3,C3_S003,G020,OCCUPIED,LEAVING,0.51
950.0,cctv3,C3_S004,G024,OCCUPIED,OCCUPIED,0.8184599188241093
950.0,cctv3,C3_S005,G025,OCCUPIED,OCCUPIED,0.798940038274635
950.0,cctv3,C3_S006,G026,OCCUPIED,OCCUPIED,0.7633221337741072
950.0,cctv3,C3_S007,G027,EMPTY,EMPTY,0.01
950.0,cctv3,C3_S008,G028,EMPTY,MANEUVERING,0.0649391779642213
950.0,cctv3,C3_S009,G029,EMPTY,MANEUVERING,0.2093847041915763
950.0,cctv3,C3_S010,G007,OCCUPIED,OCCUPIED,0.51
950.0,cctv3,C3_S011,G008,OCCUPIED,OCCUPIED,0.685454240153459
950.0,cctv3,C3_S012,G009,OCCUPIED,OCCUPIED,0.825232536413453
951.0,cctv1,C1_S001,G001,OCCUPIED,LEAVING,0.6505002064291726
951.0,cctv1,C1_S002,G002,EMPTY,EMPTY,0.01
951.0,cctv1,C1_S003,G003,OCCUPIED,OCCUPIED,0.8365465898405422
951.0,cctv1,C1_S004,G004,OCCUPIED,OCCUPIED,0.7761464769190008
951.0,cctv1,C1_S005,G005,OCCUPIED,OCCUPIED,0.7385579749291594
951.0,cctv1,C1_S006,G006,EMPTY,MANEUVERING,0.4256794687563723
951.0,cctv2,C2_S001,G007,OCCUPIED,LEAVING,0.7696249953725122
951.0,cctv2,C2_S002,G008,OCCUPIED,LEAVING,0.8000399597666481
951.0,cctv2,C2_S003,G009,EMPTY,MANEUVERING,0.4291369677199559
951.0,cctv2,C2_S004,G010,OCCUPIED,OCCUPIED,0.7751577147028663
951.0,cctv2,C2_S005,G001,EMPTY,EMPTY,0.01
951.0,cctv2,C2_S006,G003,OCCUPIED,OCCUPIED,0.8127663197842512
951.0,cctv2,C2_S007,G004,OCCUPIED,OCCUPIED,0.776753988523375
951.0,cctv2,C2_S008,G006,OCCUPIED,OCCUPIED,0.7657137067480522
951.0,cctv2,C2_S009,G005,OCCUPIED,LEAVING,0.754190359603275
951.0,cctv2,C2_S010,G002,OCCUPIED,OCCUPIED,0.51
951.0,cctv2,C2_S011,G017,OCCUPIED,OCCUPIED,0.5337078211957758
951.0,cctv2,C2_S012,G018,OCCUPIED,LEAVING,0.8064441629431465
951.0,cctv2,C2_S013,G019,OCCUPIED,OCCUPIED,0.51
951.0,cctv2,C2_S014,G020,EMPTY,EMPTY,0.01
951.0,cctv3,C3_S001,G021,EMPTY,EMPTY,0.01
951.0,cctv3,C3_S002,G019,EMPTY,MANEUVERING,0.2402628281893152
951.0,cctv3,C3_S003,G020,OCCUPIED,LEAVING,0.51
951.0,cctv3,C3_S004,G024,OCCUPIED,OCCUPIED,0.8179870884526861
951.0,cctv3,C3_S005,G025,OCCUPIED,OCCUPIED,0.795656919343905
951.0,cctv3,C3_S006,G026,OCCUPIED,LEAVING,0.7582333850589666
951.0,cctv3,C3_S007,G027,EMPTY,EMPTY,0.01
951.0,cctv3,C3_S008,G028,EMPTY,EMPTY,0.01
951.0,cctv3,C3_S009,G029,EMPTY,MANEUVERING,0.2910285118154504
951.0,cctv3,C3_S010,G007,OCCUPIED,OCCUPIED,0.51
951.0,cctv3,C3_S011,G008,OCCUPIED,OCCUPIED,0.7229962623932145
951.0,cctv3,C3_S012,G009,OCCUPIED,OCCUPIED,0.8251662094484676
952.0,cctv1,C1_S001,G001,OCCUPIED,LEAVING,0.6604230979118835
952.0,cctv1,C1_S002,G002,EMPTY,EMPTY,0.01
952.0,cctv1,C1_S003,G003,OCCUPIED,OCCUPIED,0.8364829402078282
952.0,cctv1,C1_S004,G004,OCCUPIED,OCCUPIED,0.7778695580634205
952.0,cctv1,C1_S005,G005,OCCUPIED,OCCUPIED,0.7375386058633978
952.0,cctv1,C1_S006,G006,EMPTY,MANEUVERING,0.4672868292256222
952.0,cctv2,C2_S001,G007,OCCUPIED,OCCUPIED,0.7731099643490532
952.0,cctv2,C2_S002,G008,OCCUPIED,LEAVING,0.8009374350309373
952.0,cctv2,C2_S003,G009,EMPTY,MANEUVERING,0.4662363436276262
952.0,cctv2,C2_S004,G010,OCCUPIED,OCCUPIED,0.7799651691859419
952.0,cctv2,C2_S005,G001,EMPTY,EMPTY,0.01
952.0,cctv2,C2_S006,G003,OCCUPIED,LEAVING,0.8142703424800527
952.0,cctv2,C2_S007,G004,OCCUPIED,OCCUPIED,0.7764692866666751
952.0,cctv2,C2_S008,G006,OCCUPIED,OCCUPIED,0.7661359002644366
952.0,cctv2,C2_S009,G005,OCCUPIED,LEAVING,0.7572699092734945
952.0,cctv2,C2_S010,G002,OCCUPIED,OCCUPIED,0.51
952.0,cctv2,C2_S011,G017,OCCUPIED,OCCUPIED,0.5823555920069868
952.0,cctv2,C2_S012,G018,OCCUPIED,LEAVING,0.8064594279636037
952.0,cctv2,C2_S013,G019,OCCUPIED,LEAVING,0.51
952.0,cctv2,C2_S014,G020,EMPTY,EMPTY,0.01
952.0,cctv3,C3_S001,G021,EMPTY,EMPTY,0.01
952.0,cctv3,C3_S002,G019,EMPTY,MANEUVERING,0.2402628281893152
952.0,cctv3,C3_S003,G020,OCCUPIED,LEAVING,0.5127597343786197
952.0,cctv3,C3_S004,G024,OCCUPIED,OCCUPIED,0.8176710795272482
952.0,cctv3,C3_S005,G025,OCCUPIED,OCCUPIED,0.7919058857993647
952.0,cctv3,C3_S006,G026,OCCUPIED,LEAVING,0.7554452373222872
952.0,cctv3,C3_S007,G027,EMPTY,EMPTY,0.01
952.0,cctv3,C3_S008,G028,EMPTY,EMPTY,0.01
952.0,cctv3,C3_S009,G029,EMPTY,MANEUVERING,0.3727000717344609
952.0,cctv3,C3_S010,G007,OCCUPIED,OCCUPIED,0.51
952.0,cctv3,C3_S011,G008,OCCUPIED,OCCUPIED,0.7300544015385888
952.0,cctv3,C3_S012,G009,OCCUPIED,OCCUPIED,0.825607851418582
953.0,cctv1,C1_S001,G001,OCCUPIED,LEAVING,0.663401936668564
953.0,cctv1,C1_S002,G002,EMPTY,EMPTY,0.01
953.0,cctv1,C1_S003,G003,OCCUPIED,OCCUPIED,0.8365770654244857
953.0,cctv1,C1_S004,G004,OCCUPIED,OCCUPIED,0.7776799010959539
953.0,cctv1,C1_S005,G005,OCCUPIED,OCCUPIED,0.7489555777473884
953.0,cctv1,C1_S006,G006,EMPTY,MANEUVERING,0.4852665616581579
953.0,cctv2,C2_S001,G007,OCCUPIED,OCCUPIED,0.7756109950217335
953.0,cctv2,C2_S002,G008,OCCUPIED,LEAVING,0.8011425801298836
953.0,cctv2,C2_S003,G009,EMPTY,MANEUVERING,0.49
953.0,cctv2,C2_S004,G010,OCCUPIED,OCCUPIED,0.7811082047494976
953.0,cctv2,C2_S005,G001,EMPTY,EMPTY,0.01
953.0,cctv2,C2_S006,G003,OCCUPIED,LEAVING,0.8135534530336207
953.0,cctv2,C2_S007,G004,OCCUPIED,OCCUPIED,0.7762319688769905
953.0,cctv2,C2_S008,G006,OCCUPIED,OCCUPIED,0.7668933524326845
953.0,cctv2,C2_S009,G005,OCCUPIED,LEAVING,0.7577275558222425
953.0,cctv2,C2_S010,G002,OCCUPIED,OCCUPIED,0.51
953.0,cctv2,C2_S011,G017,OCCUPIED,OCCUPIED,0.6309436200609455
953.0,cctv2,C2_S012,G018,OCCUPIED,LEAVING,0.8054304041645745
953.0,cctv2,C2_S013,G019,OCCUPIED,LEAVING,0.51
953.0,cctv2,C2_S014,G020,EMPTY,EMPTY,0.01
953.0,cctv3,C3_S001,G021,EMPTY,EMPTY,0.01
953.0,cctv3,C3_S002,G019,EMPTY,MANEUVERING,0.2402628281893152
953.0,cctv3,C3_S003,G020,OCCUPIED,OCCUPIED,0.5685694703324274
953.0,cctv3,C3_S004,G024,OCCUPIED,OCCUPIED,0.8177938970652494
953.0,cctv3,C3_S005,G025,OCCUPIED,OCCUPIED,0.7880758863958446
953.0,cctv3,C3_S006,G026,OCCUPIED,LEAVING,0.7540084344419566
953.0,cctv3,C3_S007,G027,EMPTY,EMPTY,0.01
953.0,cctv3,C3_S008,G028,EMPTY,EMPTY,0.01
953.0,cctv3,C3_S009,G029,EMPTY,MANEUVERING,0.4167195170796053
953.0,cctv3,C3_S010,G007,OCCUPIED,OCCUPIED,0.51
953.0,cctv3,C3_S011,G008,OCCUPIED,OCCUPIED,0.7304121178207976
953.0,cctv3,C3_S012,G009,OCCUPIED,OCCUPIED,0.825804272835905
954.0,cctv1,C1_S001,G001,OCCUPIED,LEAVING,0.7122991271350873
954.0,cctv1,C1_S002,G002,EMPTY,EMPTY,0.01
954.0,cctv1,C1_S003,G003,OCCUPIED,OCCUPIED,0.8365508911284534
954.0,cctv1,C1_S004,G004,OCCUPIED,OCCUPIED,0.779305501011285
954.0,cctv1,C1_S005,G005,OCCUPIED,OCCUPIED,0.748250900073485
954.0,cctv1,C1_S006,G006,EMPTY,MANEUVERING,0.49
954.0,cctv2,C2_S001,G007,OCCUPIED,OCCUPIED,0.7766652311791074
954.0,cctv2,C2_S002,G008,OCCUPIED,LEAVING,0.8022398181936958
954.0,cctv2,C2_S003,G009,EMPTY,MANEUVERING,0.49
954.0,cctv2,C2_S004,G010,OCCUPIED,OCCUPIED,0.7830241188406944
954.0,cctv2,C2_S005,G001,EMPTY,EMPTY,0.01
954.0,cctv2,C2_S006,G003,OCCUPIED,LEAVING,0.81365909549323
954.0,cctv2,C2_S007,G004,OCCUPIED,OCCUPIED,0.7768037768250162
954.0,cctv2,C2_S008,G006,OCCUPIED,OCCUPIED,0.7673021970824763
954.0,cctv2,C2_S009,G005,OCCUPIED,LEAVING,0.7570932786573064
954.0,cctv2,C2_S010,G002,OCCUPIED,OCCUPIED,0.51
954.0,cctv2,C2_S011,G017,OCCUPIED,OCCUPIED,0.6417797508162337
954.0,cctv2,C2_S012,G018,OCCUPIED,LEAVING,0.8057350039482117
954.0,cctv2,C2_S013,G019,OCCUPIED,OCCUPIED,0.5622285031730478
954.0,cctv2,C2_S014,G020,EMPTY,EMPTY,0.01
954.0,cctv3,C3_S001,G021,EMPTY,EMPTY,0.01
954.0,cctv3,C3_S002,G019,EMPTY,MANEUVERING,0.2047361975005178
954.0,cctv3,C3_S003,G020,OCCUPIED,OCCUPIED,0.6067902355844325
954.0,cctv3,C3_S004,G024,OCCUPIED,OCCUPIED,0.818287800658833
954.0,cctv3,C3_S005,G025,OCCUPIED,OCCUPIED,0.7865727106278594
954.0,cctv3,C3_S006,G026,OCCUPIED,LEAVING,0.7552039827812802
954.0,cctv3,C3_S007,G027,EMPTY,EMPTY,0.01
954.0,cctv3,C3_S008,G028,EMPTY,EMPTY,0.01
954.0,cctv3,C3_S009,G029,EMPTY,MANEUVERING,0.49
954.0,cctv3,C3_S010,G007,OCCUPIED,OCCUPIED,0.51
954.0,cctv3,C3_S011,G008,OCCUPIED,OCCUPIED,0.7326414795535984
954.0,cctv3,C3_S012,G009,OCCUPIED,OCCUPIED,0.8263942531564019
955.0,cctv1,C1_S001,G001,OCCUPIED,LEAVING,0.7130163390968334
955.0,cctv1,C1_S002,G002,EMPTY,EMPTY,0.01
955.0,cctv1,C1_S003,G003,OCCUPIED,OCCUPIED,0.836650680682876
955.0,cctv1,C1_S004,G004,OCCUPIED,OCCUPIED,0.7789370544932106
955.0,cctv1,C1_S005,G005,OCCUPIED,OCCUPIED,0.7493727774782615
955.0,cctv1,C1_S006,G006,EMPTY,MANEUVERING,0.49
955.0,cctv2,C2_S001,G007,OCCUPIED,OCCUPIED,0.7775239330801098
955.0,cctv2,C2_S002,G008,OCCUPIED,LEAVING,0.8030745411461051
955.0,cctv2,C2_S003,G009,EMPTY,MANEUVERING,0.49
955.0,cctv2,C2_S004,G010,OCCUPIED,OCCUPIED,0.7855760594660586
955.0,cctv2,C2_S005,G001,EMPTY,EMPTY,0.01
955.0,cctv2,C2_S006,G003,OCCUPIED,LEAVING,0.8132732329043476
955.0,cctv2,C2_S007,G004,OCCUPIED,OCCUPIED,0.7769542089240118
955.0,cctv2,C2_S008,G006,OCCUPIED,OCCUPIED,0.7654968326742
955.0,cctv2,C2_S009,G005,OCCUPIED,LEAVING,0.7562563838471066
955.0,cctv2,C2_S010,G002,EMPTY,EMPTY,0.1529654968326741
955.0,cctv2,C2_S011,G017,OCCUPIED,OCCUPIED,0.6888502118316564
955.0,cctv2,C2_S012,G018,OCCUPIED,LEAVING,0.8121839252385227
955.0,cctv2,C2_S013,G019,OCCUPIED,OCCUPIED,0.6023296933824366
955.0,cctv2,C2_S014,G020,EMPTY,EMPTY,0.01
955.0,cctv3,C3_S001,G021,EMPTY,EMPTY,0.01
955.0,cctv3,C3_S002,G019,EMPTY,EMPTY,0.01
955.0,cctv3,C3_S003,G020,OCCUPIED,OCCUPIED,0.6440648475831205
955.0,cctv3,C3_S004,G024,OCCUPIED,OCCUPIED,0.818731793219393
955.0,cctv3,C3_S005,G025,OCCUPIED,OCCUPIED,0.7851043995131146
955.0,cctv3,C3_S006,G026,OCCUPIED,OCCUPIED,0.7548783471638507
955.0,cctv3,C3_S007,G027,EMPTY,EMPTY,0.01
955.0,cctv3,C3_S008,G028,EMPTY,EMPTY,0.01
955.0,cctv3,C3_S009,G029,EMPTY,MANEUVERING,0.49
955.0,cctv3,C3_S010,G007,EMPTY,EMPTY,0.2505740017782558
955.0,cctv3,C3_S011,G008,OCCUPIED,OCCUPIED,0.7691288654912602
955.0,cctv3,C3_S012,G009,OCCUPIED,OCCUPIED,0.8267077229239724
956.0,cctv1,C1_S001,G001,OCCUPIED,LEAVING,0.714526984918524
956.0,cctv1,C1_S002,G002,EMPTY,EMPTY,0.01
956.0,cctv1,C1_S003,G003,OCCUPIED,OCCUPIED,0.8366071988235821
956.0,cctv1,C1_S004,G004,OCCUPIED,OCCUPIED,0.7781700162725016
956.0,cctv1,C1_S005,G005,OCCUPIED,OCCUPIED,0.7494244498285381
956.0,cctv1,C1_S006,G006,EMPTY,MANEUVERING,0.49
956.0,cctv2,C2_S001,G007,OCCUPIED,OCCUPIED,0.7782925005663526
956.0,cctv2,C2_S002,G008,OCCUPIED,LEAVING,0.8034810567444022
956.0,cctv2,C2_S003,G009,EMPTY,MANEUVERING,0.49
956.0,cctv2,C2_S004,G010,OCCUPIED,OCCUPIED,0.7875087975101038
956.0,cctv2,C2_S005,G001,EMPTY,EMPTY,0.01
956.0,cctv2,C2_S006,G003,OCCUPIED,LEAVING,0.8131298883394762
956.0,cctv2,C2_S007,G004,OCCUPIED,OCCUPIED,0.7786731830374761
956.0,cctv2,C2_S008,G006,OCCUPIED,OCCUPIED,0.7640859066085383
956.0,cctv2,C2_S009,G005,OCCUPIED,LEAVING,0.7568370525945317
956.0,cctv2,C2_S010,G002,EMPTY,EMPTY,0.01
956.0,cctv2,C2_S011,G017,OCCUPIED,OCCUPIED,0.7365121122815392
956.0,cctv2,C2_S012,G018,OCCUPIED,LEAVING,0.8108613588593223
956.0,cctv2,C2_S013,G019,OCCUPIED,OCCUPIED,0.5973403983766382
956.0,cctv2,C2_S014,G020,EMPTY,EMPTY,0.01
956.0,cctv3,C3_S001,G021,EMPTY,EMPTY,0.01
956.0,cctv3,C3_S002,G019,EMPTY,EMPTY,0.01
956.0,cctv3,C3_S003,G020,OCCUPIED,OCCUPIED,0.681385619377161
956.0,cctv3,C3_S004,G024,OCCUPIED,OCCUPIED,0.8191000540148129
956.0,cctv3,C3_S005,G025,OCCUPIED,OCCUPIED,0.7851692512631417
956.0,cctv3,C3_S006,G026,OCCUPIED,OCCUPIED,0.7553184058178556
956.0,cctv3,C3_S007,G027,EMPTY,EMPTY,0.01
956.0,cctv3,C3_S008,G028,EMPTY,EMPTY,0.01
956.0,cctv3,C3_S009,G029,EMPTY,MANEUVERING,0.49
956.0,cctv3,C3_S010,G007,EMPTY,EMPTY,0.01
956.0,cctv3,C3_S011,G008,OCCUPIED,OCCUPIED,0.805684627998959
956.0,cctv3,C3_S012,G009,OCCUPIED,OCCUPIED,0.8267354309558869
957.0,cctv1,C1_S001,G001,OCCUPIED,LEAVING,0.7152117557857525
957.0,cctv1,C1_S002,G002,EMPTY,EMPTY,0.01
957.0,cctv1,C1_S003,G003,OCCUPIED,OCCUPIED,0.8364965268156745
957.0,cctv1,C1_S004,G004,OCCUPIED,OCCUPIED,0.7772831198844043
957.0,cctv1,C1_S005,G005,OCCUPIED,OCCUPIED,0.74819761921059
957.0,cctv1,C1_S006,G006,EMPTY,MANEUVERING,0.49
957.0,cctv2,C2_S001,G007,OCCUPIED,OCCUPIED,0.7746765715154735
957.0,cctv2,C2_S002,G008,OCCUPIED,LEAVING,0.8038383343003014
957.0,cctv2,C2_S003,G009,EMPTY,MANEUVERING,0.49
957.0,cctv2,C2_S004,G010,OCCUPIED,OCCUPIED,0.789480238611048
957.0,cctv2,C2_S005,G001,EMPTY,EMPTY,0.01
957.0,cctv2,C2_S006,G003,OCCUPIED,LEAVING,0.8130392052910546
957.0,cctv2,C2_S007,G004,OCCUPIED,OCCUPIED,0.7788263851268725
957.0,cctv2,C2_S008,G006,OCCUPIED,OCCUPIED,0.7640239642425017
957.0,cctv2,C2_S009,G005,OCCUPIED,LEAVING,0.7919921883127907
957.0,cctv2,C2_S010,G002,EMPTY,EMPTY,0.01
957.0,cctv2,C2_S011,G017,OCCUPIED,OCCUPIED,0.7729200976274231
957.0,cctv2,C2_S012,G018,OCCUPIED,LEAVING,0.8120373701507395
957.0,cctv2,C2_S013,G019,OCCUPIED,OCCUPIED,0.6317297825759107
957.0,cctv2,C2_S014,G020,EMPTY,EMPTY,0.01
957.0,cctv3,C3_S001,G021,EMPTY,EMPTY,0.01
957.0,cctv3,C3_S002,G019,EMPTY,EMPTY,0.01
957.0,cctv3,C3_S003,G020,OCCUPIED,OCCUPIED,0.7182070515033874
957.0,cctv3,C3_S004,G024,OCCUPIED,OCCUPIED,0.8195384635166689
957.0,cctv3,C3_S005,G025,OCCUPIED,OCCUPIED,0.7852470129728318
957.0,cctv3,C3_S006,G026,OCCUPIED,OCCUPIED,0.7557199284434319
957.0,cctv3,C3_S007,G027,EMPTY,EMPTY,0.01
957.0,cctv3,C3_S008,G028,EMPTY,EMPTY,0.01
957.0,cctv3,C3_S009,G029,EMPTY,MANEUVERING,0.49
957.0,cctv3,C3_S010,G007,EMPTY,MANEUVERING,0.2989344788681377
957.0,cctv3,C3_S011,G008,OCCUPIED,LEAVING,0.7999805195765063
957.0,cctv3,C3_S012,G009,OCCUPIED,OCCUPIED,0.8265209802172402
958.0,cctv1,C1_S001,G001,OCCUPIED,OCCUPIED,0.7164417849887502
958.0,cctv1,C1_S002,G002,EMPTY,EMPTY,0.01
958.0,cctv1,C1_S003,G003,OCCUPIED,OCCUPIED,0.8365151779218154
958.0,cctv1,C1_S004,G004,OCCUPIED,OCCUPIED,0.7776866769248789
958.0,cctv1,C1_S005,G005,OCCUPIED,OCCUPIED,0.7499557621099733
958.0,cctv1,C1_S006,G006,EMPTY,MANEUVERING,0.4345357160192805
958.0,cctv2,C2_S001,G007,OCCUPIED,OCCUPIED,0.7709670228036968
958.0,cctv2,C2_S002,G008,OCCUPIED,LEAVING,0.8039181088859385
958.0,cctv2,C2_S003,G009,EMPTY,MANEUVERING,0.49
958.0,cctv2,C2_S004,G010,OCCUPIED,OCCUPIED,0.7927459089593455
958.0,cctv2,C2_S005,G001,EMPTY,EMPTY,0.01
958.0,cctv2,C2_S006,G003,OCCUPIED,LEAVING,0.8134745570746336
958.0,cctv2,C2_S007,G004,OCCUPIED,OCCUPIED,0.7781620474701578
958.0,cctv2,C2_S008,G006,OCCUPIED,OCCUPIED,0.7611642072146589
958.0,cctv2,C2_S009,G005,OCCUPIED,LEAVING,0.7862419402057474
958.0,cctv2,C2_S010,G002,EMPTY,EMPTY,0.01
958.0,cctv2,C2_S011,G017,OCCUPIED,OCCUPIED,0.8196994919668545
958.0,cctv2,C2_S012,G018,OCCUPIED,LEAVING,0.8135149161924016
958.0,cctv2,C2_S013,G019,OCCUPIED,OCCUPIED,0.5867297825759107
958.0,cctv2,C2_S014,G020,EMPTY,EMPTY,0.01
958.0,cctv3,C3_S001,G021,EMPTY,EMPTY,0.01
958.0,cctv3,C3_S002,G019,EMPTY,EMPTY,0.01
958.0,cctv3,C3_S003,G020,OCCUPIED,OCCUPIED,0.7544920287349007
958.0,cctv3,C3_S004,G024,OCCUPIED,OCCUPIED,0.8210669885982167
958.0,cctv3,C3_S005,G025,OCCUPIED,OCCUPIED,0.7865998801859944
958.0,cctv3,C3_S006,G026,OCCUPIED,OCCUPIED,0.756142480806871
958.0,cctv3,C3_S007,G027,EMPTY,EMPTY,0.01
958.0,cctv3,C3_S008,G028,EMPTY,EMPTY,0.01
958.0,cctv3,C3_S009,G029,EMPTY,MANEUVERING,0.49
958.0,cctv3,C3_S010,G007,EMPTY,MANEUVERING,0.2989344788681377
958.0,cctv3,C3_S011,G008,OCCUPIED,LEAVING,0.7994636188853872
958.0,cctv3,C3_S012,G009,OCCUPIED,OCCUPIED,0.8260929890654305
959.0,cctv1,C1_S001,G001,OCCUPIED,OCCUPIED,0.7169777169484984
959.0,cctv1,C1_S002,G002,EMPTY,EMPTY,0.01
959.0,cctv1,C1_S003,G003,OCCUPIED,OCCUPIED,0.8365955271504143
959.0,cctv1,C1_S004,G004,OCCUPIED,OCCUPIED,0.7786132248965177
959.0,cctv1,C1_S005,G005,OCCUPIED,OCCUPIED,0.7492919978770344
959.0,cctv1,C1_S006,G006,EMPTY,MANEUVERING,0.4798697340623899
959.0,cctv2,C2_S001,G007,OCCUPIED,OCCUPIED,0.7714759898456661
959.0,cctv2,C2_S002,G008,OCCUPIED,LEAVING,0.8071280709721826
959.0,cctv2,C2_S003,G009,EMPTY,MANEUVERING,0.49
959.0,cctv2,C2_S004,G010,OCCUPIED,OCCUPIED,0.7944489003582434
959.0,cctv2,C2_S005,G001,EMPTY,EMPTY,0.01
959.0,cctv2,C2_S006,G003,OCCUPIED,LEAVING,0.8140466072342614
959.0,cctv2,C2_S007,G004,OCCUPIED,OCCUPIED,0.7777948928827589
959.0,cctv2,C2_S008,G006,OCCUPIED,OCCUPIED,0.757723079757257
959.0,cctv2,C2_S009,G005,OCCUPIED,LEAVING,0.7928219329227102
959.0,cctv2,C2_S010,G002,EMPTY,EMPTY,0.01
959.0,cctv2,C2_S011,G017,OCCUPIED,OCCUPIED,0.819195286252282
959.0,cctv2,C2_S012,G018,OCCUPIED,OCCUPIED,0.8152288485657085
959.0,cctv2,C2_S013,G019,OCCUPIED,OCCUPIED,0.5417297825759108
959.0,cctv2,C2_S014,G020,EMPTY,EMPTY,0.01
959.0,cctv3,C3_S001,G021,EMPTY,EMPTY,0.01
959.0,cctv3,C3_S002,G019,EMPTY,EMPTY,0.01
959.0,cctv3,C3_S003,G020,OCCUPIED,OCCUPIED,0.7873599984158169
959.0,cctv3,C3_S004,G024,OCCUPIED,OCCUPIED,0.8213773835789074
959.0,cctv3,C3_S005,G025,OCCUPIED,OCCUPIED,0.7855791208418934
959.0,cctv3,C3_S006,G026,OCCUPIED,OCCUPIED,0.7561779912222516
959.0,cctv3,C3_S007,G027,EMPTY,EMPTY,0.01
959.0,cctv3,C3_S008,G028,EMPTY,EMPTY,0.01
959.0,cctv3,C3_S009,G029,EMPTY,MANEUVERING,0.49
959.0,cctv3,C3_S010,G007,EMPTY,MANEUVERING,0.2989344788681377
959.0,cctv3,C3_S011,G008,OCCUPIED,LEAVING,0.7992668113925241
959.0,cctv3,C3_S012,G009,OCCUPIED,OCCUPIED,0.8262891390106896
960.0,cctv1,C1_S001,G001,OCCUPIED,OCCUPIED,0.7151230335641992
960.0,cctv1,C1_S002,G002,EMPTY,EMPTY,0.01
960.0,cctv1,C1_S003,G003,OCCUPIED,OCCUPIED,0.836615188555284
960.0,cctv1,C1_S004,G004,OCCUPIED,OCCUPIED,0.7778487335551869
960.0,cctv1,C1_S005,G005,OCCUPIED,OCCUPIED,0.7488921735774388
960.0,cctv1,C1_S006,G006,EMPTY,MANEUVERING,0.4802812417625607
960.0,cctv2,C2_S001,G007,OCCUPIED,OCCUPIED,0.7697752758860589
960.0,cctv2,C2_S002,G008,OCCUPIED,LEAVING,0.8095219677144831
960.0,cctv2,C2_S003,G009,EMPTY,MANEUVERING,0.49
960.0,cctv2,C2_S004,G010,OCCUPIED,OCCUPIED,0.796235327558084
960.0,cctv2,C2_S005,G001,EMPTY,EMPTY,0.01
960.0,cctv2,C2_S006,G003,OCCUPIED,LEAVING,0.8151712704788555
960.0,cctv2,C2_S007,G004,OCCUPIED,OCCUPIED,0.7823321211067114
960.0,cctv2,C2_S008,G006,OCCUPIED,OCCUPIED,0.7563982692631809
960.0,cctv2,C2_S009,G005,OCCUPIED,OCCUPIED,0.7915854808959095
960.0,cctv2,C2_S010,G002,EMPTY,EMPTY,0.01
960.0,cctv2,C2_S011,G017,OCCUPIED,OCCUPIED,0.8182220320809972
960.0,cctv2,C2_S012,G018,OCCUPIED,OCCUPIED,0.8152023190801795
960.0,cctv2,C2_S013,G019,OCCUPIED,OCCUPIED,0.51
960.0,cctv2,C2_S014,G020,EMPTY,EMPTY,0.01
960.0,cctv3,C3_S001,G021,EMPTY,EMPTY,0.01
960.0,cctv3,C3_S002,G019,EMPTY,EMPTY,0.01
960.0,cctv3,C3_S003,G020,OCCUPIED,OCCUPIED,0.8237295532768424
960.0,cctv3,C3_S004,G024,OCCUPIED,OCCUPIED,0.8213245497508483
960.0,cctv3,C3_S005,G025,OCCUPIED,OCCUPIED,0.7852949107235129
960.0,cctv3,C3_S006,G026,OCCUPIED,OCCUPIED,0.7558412780815905
960.0,cctv3,C3_S007,G027,EMPTY,EMPTY,0.01
960.0,cctv3,C3_S008,G028,EMPTY,EMPTY,0.01
960.0,cctv3,C3_S009,G029,EMPTY,MANEUVERING,0.49
960.0,cctv3,C3_S010,G007,EMPTY,MANEUVERING,0.2989344788681377
960.0,cctv3,C3_S011,G008,OCCUPIED,LEAVING,0.7986391452225773
960.0,cctv3,C3_S012,G009,OCCUPIED,OCCUPIED,0.8260285502130336
961.0,cctv1,C1_S001,G001,OCCUPIED,OCCUPIED,0.749420593137091
961.0,cctv1,C1_S002,G002,EMPTY,EMPTY,0.01
961.0,cctv1,C1_S003,G003,OCCUPIED,OCCUPIED,0.8366963562640277
961.0,cctv1,C1_S004,G004,OCCUPIED,OCCUPIED,0.7773468694903635
961.0,cctv1,C1_S005,G005,OCCUPIED,OCCUPIED,0.7479755814779889
961.0,cctv1,C1_S006,G006,EMPTY,MANEUVERING,0.49
961.0,cctv2,C2_S001,G007,OCCUPIED,OCCUPIED,0.7722273347052662
961.0,cctv2,C2_S002,G008,OCCUPIED,LEAVING,0.8099228522994302
961.0,cctv2,C2_S003,G009,EMPTY,MANEUVERING,0.4876606230166825
961.0,cctv2,C2_S004,G010,OCCUPIED,OCCUPIED,0.7966946599158374
961.0,cctv2,C2_S005,G001,EMPTY,EMPTY,0.01
961.0,cctv2,C2_S006,G003,OCCUPIED,LEAVING,0.8210647851228714
961.0,cctv2,C2_S007,G004,OCCUPIED,OCCUPIED,0.7882395527579569
961.0,cctv2,C2_S008,G006,OCCUPIED,OCCUPIED,0.7516858962449161
961.0,cctv2,C2_S009,G005,OCCUPIED,OCCUPIED,0.7895387115803633
961.0,cctv2,C2_S010,G002,EMPTY,EMPTY,0.01
961.0,cctv2,C2_S011,G017,OCCUPIED,OCCUPIED,0.8174590330232274
961.0,cctv2,C2_S012,G018,OCCUPIED,OCCUPIED,0.8152335221117194
961.0,cctv2,C2_S013,G019,OCCUPIED,OCCUPIED,0.51
961.0,cctv2,C2_S014,G020,EMPTY,EMPTY,0.01
961.0,cctv3,C3_S001,G021,EMPTY,EMPTY,0.01
961.0,cctv3,C3_S002,G019,EMPTY,EMPTY,0.01
961.0,cctv3,C3_S003,G020,OCCUPIED,OCCUPIED,0.825969328663566
961.0,cctv3,C3_S004,G024,OCCUPIED,OCCUPIED,0.8204452249136839
961.0,cctv3,C3_S005,G025,OCCUPIED,OCCUPIED,0.7825869866392829
961.0,cctv3,C3_S006,G026,OCCUPIED,OCCUPIED,0.7579699596220797
961.0,cctv3,C3_S007,G027,EMPTY,EMPTY,0.01
961.0,cctv3,C3_S008,G028,EMPTY,EMPTY,0.01
961.0,cctv3,C3_S009,G029,EMPTY,MANEUVERING,0.49
961.0,cctv3,C3_S010,G007,EMPTY,MANEUVERING,0.2539344788681377
961.0,cctv3,C3_S011,G008,OCCUPIED,LEAVING,0.7984150003303182
961.0,cctv3,C3_S012,G009,OCCUPIED,OCCUPIED,0.825983074578372
962.0,cctv1,C1_S001,G001,OCCUPIED,LEAVING,0.743291282450611
962.0,cctv1,C1_S002,G002,EMPTY,EMPTY,0.01
962.0,cctv1,C1_S003,G003,OCCUPIED,OCCUPIED,0.836710967800834
962.0,cctv1,C1_S004,G004,OCCUPIED,OCCUPIED,0.7780953659252687
962.0,cctv1,C1_S005,G005,OCCUPIED,OCCUPIED,0.7475339955904268
962.0,cctv1,C1_S006,G006,EMPTY,MANEUVERING,0.49
962.0,cctv2,C2_S001,G007,OCCUPIED,OCCUPIED,0.7717943217266691
962.0,cctv2,C2_S002,G008,OCCUPIED,LEAVING,0.8120546874674884
962.0,cctv2,C2_S003,G009,EMPTY,MANEUVERING,0.3921652043001218
962.0,cctv2,C2_S004,G010,OCCUPIED,OCCUPIED,0.79752972017635
962.0,cctv2,C2_S005,G001,EMPTY,EMPTY,0.01
962.0,cctv2,C2_S006,G003,OCCUPIED,LEAVING,0.8195483966307208
962.0,cctv2,C2_S007,G004,OCCUPIED,OCCUPIED,0.7923610481348905
962.0,cctv2,C2_S008,G006,OCCUPIED,OCCUPIED,0.7486929972063412
962.0,cctv2,C2_S009,G005,OCCUPIED,OCCUPIED,0.7880233171311293
962.0,cctv2,C2_S010,G002,EMPTY,EMPTY,0.01
962.0,cctv2,C2_S011,G017,OCCUPIED,OCCUPIED,0.8169613905928352
962.0,cctv2,C2_S012,G018,OCCUPIED,OCCUPIED,0.816256308555603
962.0,cctv2,C2_S013,G019,OCCUPIED,LEAVING,0.5253060084503967
962.0,cctv2,C2_S014,G020,EMPTY,EMPTY,0.01
962.0,cctv3,C3_S001,G021,EMPTY,EMPTY,0.01
962.0,cctv3,C3_S002,G019,EMPTY,EMPTY,0.01
962.0,cctv3,C3_S003,G020,OCCUPIED,OCCUPIED,0.8253692859953101
962.0,cctv3,C3_S004,G024,OCCUPIED,OCCUPIED,0.8144182524897836
962.0,cctv3,C3_S005,G025,OCCUPIED,OCCUPIED,0.7793758476322348
962.0,cctv3,C3_S006,G026,OCCUPIED,OCCUPIED,0.7630645352331076
962.0,cctv3,C3_S007,G027,EMPTY,EMPTY,0.01
962.0,cctv3,C3_S008,G028,EMPTY,EMPTY,0.01
962.0,cctv3,C3_S009,G029,EMPTY,MANEUVERING,0.49
962.0,cctv3,C3_S010,G007,EMPTY,MANEUVERING,0.2539344788681377
962.0,cctv3,C3_S011,G008,OCCUPIED,LEAVING,0.7978128525343808
962.0,cctv3,C3_S012,G009,OCCUPIED,OCCUPIED,0.8253656658259305
963.0,cctv1,C1_S001,G001,OCCUPIED,OCCUPIED,0.7343796681951393
963.0,cctv1,C1_S002,G002,EMPTY,EMPTY,0.01
963.0,cctv1,C1_S003,G003,OCCUPIED,OCCUPIED,0.8367150992155076
963.0,cctv1,C1_S004,G004,OCCUPIED,OCCUPIED,0.7771363697268747
963.0,cctv1,C1_S005,G005,OCCUPIED,OCCUPIED,0.7467694607647983
963.0,cctv1,C1_S006,G006,EMPTY,MANEUVERING,0.49
963.0,cctv2,C2_S001,G007,OCCUPIED,OCCUPIED,0.7684784213250334
963.0,cctv2,C2_S002,G008,OCCUPIED,LEAVING,0.8137021758339622
963.0,cctv2,C2_S003,G009,EMPTY,MANEUVERING,0.3408446728979999
963.0,cctv2,C2_S004,G010,OCCUPIED,OCCUPIED,0.790503736246716
963.0,cctv2,C2_S005,G001,EMPTY,EMPTY,0.01
963.0,cctv2,C2_S006,G003,OCCUPIED,OCCUPIED,0.8171727697957647
963.0,cctv2,C2_S007,G004,OCCUPIED,OCCUPIED,0.7918443351984025
963.0,cctv2,C2_S008,G006,OCCUPIED,OCCUPIED,0.7490149037404494
963.0,cctv2,C2_S009,G005,OCCUPIED,OCCUPIED,0.7859345427968286
963.0,cctv2,C2_S010,G002,EMPTY,EMPTY,0.01
963.0,cctv2,C2_S011,G017,OCCUPIED,OCCUPIED,0.8162078759887003
963.0,cctv2,C2_S012,G018,OCCUPIED,OCCUPIED,0.8173076475208456
963.0,cctv2,C2_S013,G019,OCCUPIED,LEAVING,0.5628224358310947
963.0,cctv2,C2_S014,G020,EMPTY,EMPTY,0.01
963.0,cctv3,C3_S001,G021,EMPTY,EMPTY,0.01
963.0,cctv3,C3_S002,G019,EMPTY,EMPTY,0.01
963.0,cctv3,C3_S003,G020,OCCUPIED,OCCUPIED,0.8246545813300393
963.0,cctv3,C3_S004,G024,OCCUPIED,OCCUPIED,0.8130706903609364
963.0,cctv3,C3_S005,G025,OCCUPIED,OCCUPIED,0.7813707064498555
963.0,cctv3,C3_S006,G026,OCCUPIED,OCCUPIED,0.7682990355925127
963.0,cctv3,C3_S007,G027,EMPTY,EMPTY,0.01
963.0,cctv3,C3_S008,G028,EMPTY,EMPTY,0.01
963.0,cctv3,C3_S009,G029,EMPTY,MANEUVERING,0.49
963.0,cctv3,C3_S010,G007,EMPTY,MANEUVERING,0.2539344788681377
963.0,cctv3,C3_S011,G008,OCCUPIED,LEAVING,0.7965027007189664
963.0,cctv3,C3_S012,G009,OCCUPIED,OCCUPIED,0.8248451457782225
964.0,cctv1,C1_S001,G001,OCCUPIED,OCCUPIED,0.7314976577731697
964.0,cctv1,C1_S002,G002,EMPTY,EMPTY,0.01
964.0,cctv1,C1_S003,G003,OCCUPIED,OCCUPIED,0.8367209228602324
964.0,cctv1,C1_S004,G004,OCCUPIED,OCCUPIED,0.7782097503542901
964.0,cctv1,C1_S005,G005,OCCUPIED,OCCUPIED,0.7474101234566082
964.0,cctv1,C1_S006,G006,EMPTY,MANEUVERING,0.49
964.0,cctv2,C2_S001,G007,OCCUPIED,OCCUPIED,0.7648481257937172
964.0,cctv2,C2_S002,G008,OCCUPIED,LEAVING,0.815458210760897
964.0,cctv2,C2_S003,G009,EMPTY,MANEUVERING,0.2872123981470411
964.0,cctv2,C2_S004,G010,OCCUPIED,OCCUPIED,0.7904058624397625
964.0,cctv2,C2_S005,G001,EMPTY,EMPTY,0.01
964.0,cctv2,C2_S006,G003,OCCUPIED,OCCUPIED,0.8178127692504363
964.0,cctv2,C2_S007,G004,OCCUPIED,OCCUPIED,0.791634822162715
964.0,cctv2,C2_S008,G006,OCCUPIED,OCCUPIED,0.7483326944437895
964.0,cctv2,C2_S009,G005,OCCUPIED,OCCUPIED,0.7833891199393707
964.0,cctv2,C2_S010,G002,EMPTY,EMPTY,0.01
964.0,cctv2,C2_S011,G017,OCCUPIED,OCCUPIED,0.8156578955325214
964.0,cctv2,C2_S012,G018,OCCUPIED,OCCUPIED,0.8182751308787953
964.0,cctv2,C2_S013,G019,OCCUPIED,LEAVING,0.5998723593702564
964.0,cctv2,C2_S014,G020,EMPTY,EMPTY,0.01
964.0,cctv3,C3_S001,G021,EMPTY,EMPTY,0.01
964.0,cctv3,C3_S002,G019,EMPTY,EMPTY,0.01
964.0,cctv3,C3_S003,G020,OCCUPIED,OCCUPIED,0.8249516717412255
964.0,cctv3,C3_S004,G024,OCCUPIED,OCCUPIED,0.812801307168874
964.0,cctv3,C3_S005,G025,OCCUPIED,OCCUPIED,0.7837103242223914
964.0,cctv3,C3_S006,G026,OCCUPIED,OCCUPIED,0.7732754659923641
964.0,cctv3,C3_S007,G027,EMPTY,EMPTY,0.01
964.0,cctv3,C3_S008,G028,EMPTY,EMPTY,0.01
964.0,cctv3,C3_S009,G029,EMPTY,MANEUVERING,0.49
964.0,cctv3,C3_S010,G007,EMPTY,MANEUVERING,0.2539344788681377
964.0,cctv3,C3_S011,G008,OCCUPIED,LEAVING,0.7971476232463663
964.0,cctv3,C3_S012,G009,OCCUPIED,OCCUPIED,0.8247016866098751
965.0,cctv1,C1_S001,G001,OCCUPIED,OCCUPIED,0.728795744275505
965.0,cctv1,C1_S002,G002,EMPTY,EMPTY,0.01
965.0,cctv1,C1_S003,G003,OCCUPIED,OCCUPIED,0.8367157909003171
965.0,cctv1,C1_S004,G004,OCCUPIED,OCCUPIED,0.7797442161224106
965.0,cctv1,C1_S005,G005,OCCUPIED,OCCUPIED,0.7466256029226563
965.0,cctv1,C1_S006,G006,EMPTY,MANEUVERING,0.49
965.0,cctv2,C2_S001,G007,OCCUPIED,OCCUPIED,0.7614638014273211
965.0,cctv2,C2_S002,G008,OCCUPIED,LEAVING,0.8165867892178623
965.0,cctv2,C2_S003,G009,EMPTY,MANEUVERING,0.2352025043083863
965.0,cctv2,C2_S004,G010,OCCUPIED,OCCUPIED,0.7909460455179215
965.0,cctv2,C2_S005,G001,EMPTY,EMPTY,0.01
965.0,cctv2,C2_S006,G003,OCCUPIED,OCCUPIED,0.8178519400683317
965.0,cctv2,C2_S007,G004,OCCUPIED,OCCUPIED,0.7927371572364461
965.0,cctv2,C2_S008,G006,OCCUPIED,OCCUPIED,0.7479756062681026
965.0,cctv2,C2_S009,G005,OCCUPIED,OCCUPIED,0.7826945765451953
965.0,cctv2,C2_S010,G002,EMPTY,EMPTY,0.01
965.0,cctv2,C2_S011,G017,OCCUPIED,OCCUPIED,0.8156494465741245
965.0,cctv2,C2_S012,G018,OCCUPIED,LEAVING,0.8167259389703925
965.0,cctv2,C2_S013,G019,OCCUPIED,OCCUPIED,0.647923853645077
965.0,cctv2,C2_S014,G020,EMPTY,EMPTY,0.01
965.0,cctv3,C3_S001,G021,EMPTY,EMPTY,0.01
965.0,cctv3,C3_S002,G019,EMPTY,EMPTY,0.01
965.0,cctv3,C3_S003,G020,OCCUPIED,OCCUPIED,0.823476742072539
965.0,cctv3,C3_S004,G024,OCCUPIED,LEAVING,0.8108765027739786
965.0,cctv3,C3_S005,G025,OCCUPIED,OCCUPIED,0.7826558702371338
965.0,cctv3,C3_S006,G026,OCCUPIED,OCCUPIED,0.7783003098585389
965.0,cctv3,C3_S007,G027,EMPTY,EMPTY,0.01
965.0,cctv3,C3_S008,G028,EMPTY,EMPTY,0.01
965.0,cctv3,C3_S009,G029,EMPTY,MANEUVERING,0.49
965.0,cctv3,C3_S010,G007,EMPTY,MANEUVERING,0.2539344788681377
965.0,cctv3,C3_S011,G008,OCCUPIED,LEAVING,0.7983655387705023
965.0,cctv3,C3_S012,G009,OCCUPIED,OCCUPIED,0.8245845293456858
966.0,cctv1,C1_S001,G001,OCCUPIED,OCCUPIED,0.7281941026449205
966.0,cctv1,C1_S002,G002,EMPTY,EMPTY,0.01
966.0,cctv1,C1_S003,G003,OCCUPIED,OCCUPIED,0.8365259246392684
966.0,cctv1,C1_S004,G004,OCCUPIED,OCCUPIED,0.7817545590075581
966.0,cctv1,C1_S005,G005,OCCUPIED,OCCUPIED,0.7465588500553912
966.0,cctv1,C1_S006,G006,EMPTY,MANEUVERING,0.49
966.0,cctv2,C2_S001,G007,OCCUPIED,LEAVING,0.7608139050277798
966.0,cctv2,C2_S002,G008,OCCUPIED,LEAVING,0.8158814316446131
966.0,cctv2,C2_S003,G009,EMPTY,MANEUVERING,0.1837323279949751
966.0,cctv2,C2_S004,G010,OCCUPIED,OCCUPIED,0.7893313028595665
966.0,cctv2,C2_S005,G001,EMPTY,EMPTY,0.01
966.0,cctv2,C2_S006,G003,OCCUPIED,OCCUPIED,0.8176996279846539
966.0,cctv2,C2_S007,G004,OCCUPIED,OCCUPIED,0.7931921257214113
966.0,cctv2,C2_S008,G006,OCCUPIED,OCCUPIED,0.7479178448969668
966.0,cctv2,C2_S009,G005,OCCUPIED,OCCUPIED,0.7831632291728801
966.0,cctv2,C2_S010,G002,EMPTY,EMPTY,0.01
966.0,cctv2,C2_S011,G017,OCCUPIED,OCCUPIED,0.8160490046847951
966.0,cctv2,C2_S012,G018,OCCUPIED,LEAVING,0.8126428711143407
966.0,cctv2,C2_S013,G019,OCCUPIED,OCCUPIED,0.5629945424740964
966.0,cctv2,C2_S014,G020,EMPTY,EMPTY,0.01
966.0,cctv3,C3_S001,G021,EMPTY,EMPTY,0.01
966.0,cctv3,C3_S002,G019,EMPTY,EMPTY,0.01
966.0,cctv3,C3_S003,G020,OCCUPIED,OCCUPIED,0.8215847711671483
966.0,cctv3,C3_S004,G024,OCCUPIED,LEAVING,0.8095096238634804
966.0,cctv3,C3_S005,G025,OCCUPIED,OCCUPIED,0.7849323870106177
966.0,cctv3,C3_S006,G026,OCCUPIED,OCCUPIED,0.7840520823543723
966.0,cctv3,C3_S007,G027,EMPTY,EMPTY,0.01
966.0,cctv3,C3_S008,G028,EMPTY,EMPTY,0.01
966.0,cctv3,C3_S009,G029,EMPTY,MANEUVERING,0.49
966.0,cctv3,C3_S010,G007,EMPTY,MANEUVERING,0.2539344788681377
966.0,cctv3,C3_S011,G008,OCCUPIED,LEAVING,0.797488361326131
966.0,cctv3,C3_S012,G009,OCCUPIED,OCCUPIED,0.8229539746587927
967.0,cctv1,C1_S001,G001,OCCUPIED,OCCUPIED,0.7275604392994535
967.0,cctv1,C1_S002,G002,EMPTY,EMPTY,0.01
967.0,cctv1,C1_S003,G003,OCCUPIED,OCCUPIED,0.8365410888736899
967.0,cctv1,C1_S004,G004,OCCUPIED,OCCUPIED,0.7833653055808761
967.0,cctv1,C1_S005,G005,OCCUPIED,OCCUPIED,0.7468224632469092
967.0,cctv1,C1_S006,G006,EMPTY,MANEUVERING,0.4637242783402854
967.0,cctv2,C2_S001,G007,OCCUPIED,LEAVING,0.7583362961357291
967.0,cctv2,C2_S002,G008,OCCUPIED,OCCUPIED,0.7859326195716858
967.0,cctv2,C2_S003,G009,EMPTY,MANEUVERING,0.1322103220901706
967.0,cctv2,C2_S004,G010,OCCUPIED,OCCUPIED,0.788715628602288
967.0,cctv2,C2_S005,G001,EMPTY,EMPTY,0.01
967.0,cctv2,C2_S006,G003,OCCUPIED,OCCUPIED,0.8177029774947601
967.0,cctv2,C2_S007,G004,OCCUPIED,OCCUPIED,0.7925431221723557
967.0,cctv2,C2_S008,G006,OCCUPIED,OCCUPIED,0.7477516052397816
967.0,cctv2,C2_S009,G005,OCCUPIED,OCCUPIED,0.7826508069580252
967.0,cctv2,C2_S010,G002,EMPTY,EMPTY,0.01
967.0,cctv2,C2_S011,G017,OCCUPIED,OCCUPIED,0.8162212894721466
967.0,cctv2,C2_S012,G018,OCCUPIED,LEAVING,0.8091899159279737
967.0,cctv2,C2_S013,G019,OCCUPIED,OCCUPIED,0.51
967.0,cctv2,C2_S014,G020,EMPTY,EMPTY,0.01
967.0,cctv3,C3_S001,G021,EMPTY,EMPTY,0.01
967.0,cctv3,C3_S002,G019,EMPTY,EMPTY,0.01
967.0,cctv3,C3_S003,G020,OCCUPIED,OCCUPIED,0.8207162962718444
967.0,cctv3,C3_S004,G024,OCCUPIED,LEAVING,0.8080807103352113
967.0,cctv3,C3_S005,G025,OCCUPIED,OCCUPIED,0.788137226890434
967.0,cctv3,C3_S006,G026,OCCUPIED,OCCUPIED,0.7897589944980362
967.0,cctv3,C3_S007,G027,EMPTY,EMPTY,0.01
967.0,cctv3,C3_S008,G028,EMPTY,EMPTY,0.01
967.0,cctv3,C3_S009,G029,EMPTY,MANEUVERING,0.49
967.0,cctv3,C3_S010,G007,EMPTY,MANEUVERING,0.2539344788681377
967.0,cctv3,C3_S011,G008,OCCUPIED,LEAVING,0.7967444173314355
967.0,cctv3,C3_S012,G009,OCCUPIED,OCCUPIED,0.8229095304554159
968.0,cctv1,C1_S001,G001,OCCUPIED,OCCUPIED,0.7282052518969233
968.0,cctv1,C1_S002,G002,EMPTY,EMPTY,0.01
968.0,cctv1,C1_S003,G003,OCCUPIED,OCCUPIED,0.8366765688766133
968.0,cctv1,C1_S004,G004,OCCUPIED,OCCUPIED,0.7858712906187232
968.0,cctv1,C1_S005,G005,OCCUPIED,OCCUPIED,0.7465327556160364
968.0,cctv1,C1_S006,G006,EMPTY,MANEUVERING,0.4187242783402854
968.0,cctv2,C2_S001,G007,OCCUPIED,LEAVING,0.7589452725919811
968.0,cctv2,C2_S002,G008,OCCUPIED,OCCUPIED,0.8010963765599511
968.0,cctv2,C2_S003,G009,EMPTY,MANEUVERING,0.0788981122862209
968.0,cctv2,C2_S004,G010,OCCUPIED,OCCUPIED,0.7873205706477165
968.0,cctv2,C2_S005,G001,EMPTY,EMPTY,0.01
968.0,cctv2,C2_S006,G003,OCCUPIED,OCCUPIED,0.8173699259757996
968.0,cctv2,C2_S007,G004,OCCUPIED,OCCUPIED,0.7929131068966606
968.0,cctv2,C2_S008,G006,OCCUPIED,OCCUPIED,0.747924241559072
968.0,cctv2,C2_S009,G005,OCCUPIED,OCCUPIED,0.7832902366464789
968.0,cctv2,C2_S010,G002,EMPTY,EMPTY,0.01
968.0,cctv2,C2_S011,G017,OCCUPIED,OCCUPIED,0.8169664745981043
968.0,cctv2,C2_S012,G018,OCCUPIED,LEAVING,0.8044562742114068
968.0,cctv2,C2_S013,G019,OCCUPIED,OCCUPIED,0.51
968.0,cctv2,C2_S014,G020,EMPTY,EMPTY,0.01
968.0,cctv3,C3_S001,G021,EMPTY,EMPTY,0.01
968.0,cctv3,C3_S002,G019,EMPTY,EMPTY,0.01
968.0,cctv3,C3_S003,G020,OCCUPIED,OCCUPIED,0.816566241871227
968.0,cctv3,C3_S004,G024,OCCUPIED,LEAVING,0.8051418204199184
968.0,cctv3,C3_S005,G025,OCCUPIED,OCCUPIED,0.7922889028083195
968.0,cctv3,C3_S006,G026,OCCUPIED,OCCUPIED,0.7957395533269103
968.0,cctv3,C3_S007,G027,EMPTY,EMPTY,0.01
968.0,cctv3,C3_S008,G028,EMPTY,MANEUVERING,0.216031203601848
968.0,cctv3,C3_S009,G029,EMPTY,MANEUVERING,0.49
968.0,cctv3,C3_S010,G007,EMPTY,EMPTY,0.01
968.0,cctv3,C3_S011,G008,OCCUPIED,LEAVING,0.8026933521032334
968.0,cctv3,C3_S012,G009,OCCUPIED,OCCUPIED,0.8227372578599237
969.0,cctv1,C1_S001,G001,OCCUPIED,OCCUPIED,0.7276039223779333
969.0,cctv1,C1_S002,G002,EMPTY,EMPTY,0.01
969.0,cctv1,C1_S003,G003,OCCUPIED,OCCUPIED,0.8367059073664926
969.0,cctv1,C1_S004,G004,OCCUPIED,OCCUPIED,0.7862522585825488
969.0,cctv1,C1_S005,G005,OCCUPIED,OCCUPIED,0.7469955654984172
969.0,cctv1,C1_S006,G006,EMPTY,MANEUVERING,0.3737242783402854
969.0,cctv2,C2_S001,G007,OCCUPIED,LEAVING,0.7605322446335446
969.0,cctv2,C2_S002,G008,OCCUPIED,OCCUPIED,0.8159755406054584
969.0,cctv2,C2_S003,G009,EMPTY,MANEUVERING,0.2317496826838363
969.0,cctv2,C2_S004,G010,OCCUPIED,OCCUPIED,0.7872854954817079
969.0,cctv2,C2_S005,G001,EMPTY,EMPTY,0.01
969.0,cctv2,C2_S006,G003,OCCUPIED,OCCUPIED,0.817490236867558
969.0,cctv2,C2_S007,G004,OCCUPIED,OCCUPIED,0.794083158807321
969.0,cctv2,C2_S008,G006,OCCUPIED,OCCUPIED,0.7492241989482533
969.0,cctv2,C2_S009,G005,OCCUPIED,OCCUPIED,0.7855201683261178
969.0,cctv2,C2_S010,G002,EMPTY,EMPTY,0.01
969.0,cctv2,C2_S011,G017,OCCUPIED,OCCUPIED,0.8175553836605767
969.0,cctv2,C2_S012,G018,OCCUPIED,LEAVING,0.8002247659997507
969.0,cctv2,C2_S013,G019,OCCUPIED,OCCUPIED,0.51
969.0,cctv2,C2_S014,G020,EMPTY,EMPTY,0.01
969.0,cctv3,C3_S001,G021,EMPTY,EMPTY,0.01
969.0,cctv3,C3_S002,G019,EMPTY,EMPTY,0.01
969.0,cctv3,C3_S003,G020,OCCUPIED,OCCUPIED,0.8166796009648931
969.0,cctv3,C3_S004,G024,OCCUPIED,LEAVING,0.7223480324853551
969.0,cctv3,C3_S005,G025,OCCUPIED,OCCUPIED,0.7933775009079413
969.0,cctv3,C3_S006,G026,OCCUPIED,OCCUPIED,0.8011484992775051
969.0,cctv3,C3_S007,G027,EMPTY,EMPTY,0.01
969.0,cctv3,C3_S008,G028,EMPTY,MANEUVERING,0.216031203601848
969.0,cctv3,C3_S009,G029,EMPTY,MANEUVERING,0.49
969.0,cctv3,C3_S010,G007,EMPTY,EMPTY,0.01
969.0,cctv3,C3_S011,G008,OCCUPIED,LEAVING,0.8015445189042525
969.0,cctv3,C3_S012,G009,OCCUPIED,OCCUPIED,0.8219618661837145
970.0,cctv1,C1_S001,G001,OCCUPIED,OCCUPIED,0.7269379983571443
970.0,cctv1,C1_S002,G002,EMPTY,EMPTY,0.01
970.0,cctv1,C1_S003,G003,OCCUPIED,OCCUPIED,0.8366334812207656
970.0,cctv1,C1_S004,G004,OCCUPIED,OCCUPIED,0.7847629303281958
970.0,cctv1,C1_S005,G005,OCCUPIED,OCCUPIED,0.7487492449581624
970.0,cctv1,C1_S006,G006,EMPTY,MANEUVERING,0.3376862923259084
970.0,cctv2,C2_S001,G007,OCCUPIED,LEAVING,0.7592343427918175
970.0,cctv2,C2_S002,G008,OCCUPIED,OCCUPIED,0.8151838923042471
970.0,cctv2,C2_S003,G009,EMPTY,MANEUVERING,0.3274275164238431
970.0,cctv2,C2_S004,G010,OCCUPIED,OCCUPIED,0.7873612304980105
970.0,cctv2,C2_S005,G001,EMPTY,EMPTY,0.01
970.0,cctv2,C2_S006,G003,OCCUPIED,OCCUPIED,0.8174777036363429
970.0,cctv2,C2_S007,G004,OCCUPIED,OCCUPIED,0.7923969507217408
970.0,cctv2,C2_S008,G006,OCCUPIED,OCCUPIED,0.7493026312101971
970.0,cctv2,C2_S009,G005,OCCUPIED,OCCUPIED,0.7844943883744153
970.0,cctv2,C2_S010,G002,EMPTY,EMPTY,0.01
970.0,cctv2,C2_S011,G017,OCCUPIED,OCCUPIED,0.8172652946277099
970.0,cctv2,C2_S012,G018,OCCUPIED,OCCUPIED,0.7958095024932516
970.0,cctv2,C2_S013,G019,OCCUPIED,OCCUPIED,0.51
970.0,cctv2,C2_S014,G020,EMPTY,EMPTY,0.01
970.0,cctv3,C3_S001,G021,EMPTY,EMPTY,0.01
970.0,cctv3,C3_S002,G019,EMPTY,EMPTY,0.01
970.0,cctv3,C3_S003,G020,OCCUPIED,OCCUPIED,0.8205548337914728
970.0,cctv3,C3_S004,G024,OCCUPIED,LEAVING,0.7248916007984768
970.0,cctv3,C3_S005,G025,OCCUPIED,OCCUPIED,0.7968299306251787
970.0,cctv3,C3_S006,G026,OCCUPIED,OCCUPIED,0.8075556285002016
970.0,cctv3,C3_S007,G027,EMPTY,EMPTY,0.01
970.0,cctv3,C3_S008,G028,EMPTY,MANEUVERING,0.216031203601848
970.0,cctv3,C3_S009,G029,EMPTY,MANEUVERING,0.49
970.0,cctv3,C3_S010,G007,EMPTY,EMPTY,0.01
970.0,cctv3,C3_S011,G008,OCCUPIED,LEAVING,0.800532332875512
970.0,cctv3,C3_S012,G009,OCCUPIED,OCCUPIED,0.8216088346459649
971.0,cctv1,C1_S001,G001,OCCUPIED,OCCUPIED,0.7274766968732531
971.0,cctv1,C1_S002,G002,EMPTY,EMPTY,0.01
971.0,cctv1,C1_S003,G003,OCCUPIED,OCCUPIED,0.8365711921995337
971.0,cctv1,C1_S004,G004,OCCUPIED,OCCUPIED,0.7834096924825149
971.0,cctv1,C1_S005,G005,OCCUPIED,OCCUPIED,0.7505608247762378
971.0,cctv1,C1_S006,G006,EMPTY,MANEUVERING,0.3014487080513077
971.0,cctv2,C2_S001,G007,OCCUPIED,LEAVING,0.7585539638996125
971.0,cctv2,C2_S002,G008,OCCUPIED,OCCUPIED,0.8150583145293323
971.0,cctv2,C2_S003,G009,EMPTY,MANEUVERING,0.40185283574191
971.0,cctv2,C2_S004,G010,OCCUPIED,OCCUPIED,0.7883069416338748
971.0,cctv2,C2_S005,G001,EMPTY,EMPTY,0.01
971.0,cctv2,C2_S006,G003,OCCUPIED,OCCUPIED,0.8175471492789009
971.0,cctv2,C2_S007,G004,OCCUPIED,OCCUPIED,0.7928743953054602
971.0,cctv2,C2_S008,G006,OCCUPIED,OCCUPIED,0.7511112032966181
971.0,cctv2,C2_S009,G005,OCCUPIED,OCCUPIED,0.7846229409629649
971.0,cctv2,C2_S010,G002,EMPTY,EMPTY,0.01
971.0,cctv2,C2_S011,G017,OCCUPIED,OCCUPIED,0.817742332816124
971.0,cctv2,C2_S012,G018,OCCUPIED,OCCUPIED,0.7907175046476451
971.0,cctv2,C2_S013,G019,OCCUPIED,OCCUPIED,0.51
971.0,cctv2,C2_S014,G020,EMPTY,EMPTY,0.01
971.0,cctv3,C3_S001,G021,EMPTY,EMPTY,0.01
971.0,cctv3,C3_S002,G019,EMPTY,EMPTY,0.01
971.0,cctv3,C3_S003,G020,OCCUPIED,OCCUPIED,0.8210175343535164
971.0,cctv3,C3_S004,G024,OCCUPIED,LEAVING,0.7273609979857099
971.0,cctv3,C3_S005,G025,OCCUPIED,LEAVING,0.799042091450908
971.0,cctv3,C3_S006,G026,OCCUPIED,OCCUPIED,0.8140856634486806
971.0,cctv3,C3_S007,G027,EMPTY,EMPTY,0.01
971.0,cctv3,C3_S008,G028,EMPTY,MANEUVERING,0.216031203601848
971.0,cctv3,C3_S009,G029,EMPTY,MANEUVERING,0.49
971.0,cctv3,C3_S010,G007,EMPTY,EMPTY,0.01
971.0,cctv3,C3_S011,G008,OCCUPIED,OCCUPIED,0.7995465405962685
971.0,cctv3,C3_S012,G009,OCCUPIED,OCCUPIED,0.8205332582647151
972.0,cctv1,C1_S001,G001,OCCUPIED,OCCUPIED,0.7273037342185324
972.0,cctv1,C1_S002,G002,EMPTY,EMPTY,0.01
972.0,cctv1,C1_S003,G003,OCCUPIED,OCCUPIED,0.8366197101094507
972.0,cctv1,C1_S004,G004,OCCUPIED,OCCUPIED,0.7829476157372649
972.0,cctv1,C1_S005,G005,OCCUPIED,OCCUPIED,0.750140973722393
972.0,cctv1,C1_S006,G006,EMPTY,MANEUVERING,0.2658057333799925
972.0,cctv2,C2_S001,G007,OCCUPIED,LEAVING,0.7576020609248769
972.0,cctv2,C2_S002,G008,OCCUPIED,OCCUPIED,0.8162589363076471
972.0,cctv2,C2_S003,G009,OCCUPIED,OCCUPIED,0.51
972.0,cctv2,C2_S004,G010,OCCUPIED,OCCUPIED,0.789312762699344
972.0,cctv2,C2_S005,G001,EMPTY,EMPTY,0.01
972.0,cctv2,C2_S006,G003,OCCUPIED,OCCUPIED,0.8176862624558536
972.0,cctv2,C2_S007,G004,OCCUPIED,OCCUPIED,0.7922355231913654
972.0,cctv2,C2_S008,G006,OCCUPIED,OCCUPIED,0.7520340022715656
972.0,cctv2,C2_S009,G005,OCCUPIED,OCCUPIED,0.7850825756788254
972.0,cctv2,C2_S010,G002,EMPTY,EMPTY,0.01
972.0,cctv2,C2_S011,G017,OCCUPIED,OCCUPIED,0.8178732985799964
972.0,cctv2,C2_S012,G018,OCCUPIED,OCCUPIED,0.7911849933591757
972.0,cctv2,C2_S013,G019,OCCUPIED,OCCUPIED,0.51
972.0,cctv2,C2_S014,G020,EMPTY,EMPTY,0.01
972.0,cctv3,C3_S001,G021,EMPTY,EMPTY,0.01
972.0,cctv3,C3_S002,G019,EMPTY,EMPTY,0.01
972.0,cctv3,C3_S003,G020,OCCUPIED,OCCUPIED,0.8211016224189238
972.0,cctv3,C3_S004,G024,OCCUPIED,LEAVING,0.7306278016079556
972.0,cctv3,C3_S005,G025,OCCUPIED,LEAVING,0.803954250026833
972.0,cctv3,C3_S006,G026,OCCUPIED,OCCUPIED,0.8195076774467123
972.0,cctv3,C3_S007,G027,EMPTY,EMPTY,0.01
972.0,cctv3,C3_S008,G028,EMPTY,MANEUVERING,0.171031203601848
972.0,cctv3,C3_S009,G029,EMPTY,MANEUVERING,0.49
972.0,cctv3,C3_S010,G007,EMPTY,EMPTY,0.01
972.0,cctv3,C3_S011,G008,OCCUPIED,OCCUPIED,0.7981190762736581
972.0,cctv3,C3_S012,G009,OCCUPIED,OCCUPIED,0.8188222494992343
973.0,cctv1,C1_S001,G001,OCCUPIED,OCCUPIED,0.7270805876363409
973.0,cctv1,C1_S002,G002,EMPTY,EMPTY,0.01
973.0,cctv1,C1_S003,G003,OCCUPIED,OCCUPIED,0.8365951077504592
973.0,cctv1,C1_S004,G004,OCCUPIED,OCCUPIED,0.7827001380649481
973.0,cctv1,C1_S005,G005,OCCUPIED,OCCUPIED,0.7504581274634059
973.0,cctv1,C1_S006,G006,EMPTY,MANEUVERING,0.346651844592257
973.0,cctv2,C2_S001,G007,OCCUPIED,LEAVING,0.7547105099667203
973.0,cctv2,C2_S002,G008,OCCUPIED,OCCUPIED,0.8162650509314104
973.0,cctv2,C2_S003,G009,OCCUPIED,OCCUPIED,0.5209489425474947
973.0,cctv2,C2_S004,G010,OCCUPIED,OCCUPIED,0.7898222035982393
973.0,cctv2,C2_S005,G001,EMPTY,EMPTY,0.01
973.0,cctv2,C2_S006,G003,OCCUPIED,OCCUPIED,0.8175947097214786
973.0,cctv2,C2_S007,G004,OCCUPIED,OCCUPIED,0.7927209063009782
973.0,cctv2,C2_S008,G006,OCCUPIED,OCCUPIED,0.7535592765970665
973.0,cctv2,C2_S009,G005,OCCUPIED,OCCUPIED,0.7853104642846368
973.0,cctv2,C2_S010,G002,EMPTY,EMPTY,0.01
973.0,cctv2,C2_S011,G017,OCCUPIED,OCCUPIED,0.8172310663895174
973.0,cctv2,C2_S012,G018,OCCUPIED,OCCUPIED,0.7895855295387182
973.0,cctv2,C2_S013,G019,OCCUPIED,OCCUPIED,0.51
973.0,cctv2,C2_S014,G020,EMPTY,EMPTY,0.01
973.0,cctv3,C3_S001,G021,EMPTY,EMPTY,0.01
973.0,cctv3,C3_S002,G019,EMPTY,EMPTY,0.01
973.0,cctv3,C3_S003,G020,OCCUPIED,OCCUPIED,0.8195732850920071
973.0,cctv3,C3_S004,G024,OCCUPIED,LEAVING,0.7836490674723279
973.0,cctv3,C3_S005,G025,OCCUPIED,LEAVING,0.8105988173322245
973.0,cctv3,C3_S006,G026,OCCUPIED,OCCUPIED,0.8217965827746825
973.0,cctv3,C3_S007,G027,EMPTY,EMPTY,0.01
973.0,cctv3,C3_S008,G028,EMPTY,MANEUVERING,0.171031203601848
973.0,cctv3,C3_S009,G029,EMPTY,MANEUVERING,0.49
973.0,cctv3,C3_S010,G007,EMPTY,EMPTY,0.01
973.0,cctv3,C3_S011,G008,OCCUPIED,OCCUPIED,0.797415905919942
973.0,cctv3,C3_S012,G009,OCCUPIED,OCCUPIED,0.8190144435925918
974.0,cctv1,C1_S001,G001,OCCUPIED,OCCUPIED,0.7283929173241963
974.0,cctv1,C1_S002,G002,EMPTY,EMPTY,0.01
974.0,cctv1,C1_S003,G003,OCCUPIED,OCCUPIED,0.8365321595560421
974.0,cctv1,C1_S004,G004,OCCUPIED,OCCUPIED,0.7831555982882327
974.0,cctv1,C1_S005,G005,OCCUPIED,OCCUPIED,0.7537732106040825
974.0,cctv1,C1_S006,G006,EMPTY,MANEUVERING,0.3117568119141188
974.0,cctv2,C2_S001,G007,OCCUPIED,LEAVING,0.7544794555414808
974.0,cctv2,C2_S002,G008,OCCUPIED,OCCUPIED,0.8154485580596058
974.0,cctv2,C2_S003,G009,OCCUPIED,OCCUPIED,0.51
974.0,cctv2,C2_S004,G010,OCCUPIED,OCCUPIED,0.7951733625747941
974.0,cctv2,C2_S005,G001,EMPTY,EMPTY,0.01
974.0,cctv2,C2_S006,G003,OCCUPIED,OCCUPIED,0.8184702835299753
974.0,cctv2,C2_S007,G004,OCCUPIED,OCCUPIED,0.7928508918393743
974.0,cctv2,C2_S008,G006,OCCUPIED,OCCUPIED,0.7525661952116274
974.0,cctv2,C2_S009,G005,OCCUPIED,OCCUPIED,0.7855416528203272
974.0,cctv2,C2_S010,G002,EMPTY,EMPTY,0.01
974.0,cctv2,C2_S011,G017,OCCUPIED,OCCUPIED,0.8171241194009782
974.0,cctv2,C2_S012,G018,OCCUPIED,OCCUPIED,0.7879316266287457
974.0,cctv2,C2_S013,G019,OCCUPIED,OCCUPIED,0.51
974.0,cctv2,C2_S014,G020,EMPTY,EMPTY,0.01
974.0,cctv3,C3_S001,G021,EMPTY,EMPTY,0.01
974.0,cctv3,C3_S002,G019,EMPTY,EMPTY,0.01
974.0,cctv3,C3_S003,G020,OCCUPIED,OCCUPIED,0.8173598368059506
974.0,cctv3,C3_S004,G024,OCCUPIED,LEAVING,0.7858651863444935
974.0,cctv3,C3_S005,G025,OCCUPIED,LEAVING,0.8130561751398174
974.0,cctv3,C3_S006,G026,OCCUPIED,OCCUPIED,0.8223438322544099
974.0,cctv3,C3_S007,G027,EMPTY,EMPTY,0.01
974.0,cctv3,C3_S008,G028,EMPTY,MANEUVERING,0.171031203601848
974.0,cctv3,C3_S009,G029,EMPTY,MANEUVERING,0.49
974.0,cctv3,C3_S010,G007,EMPTY,EMPTY,0.01
974.0,cctv3,C3_S011,G008,OCCUPIED,OCCUPIED,0.7960273775187406
974.0,cctv3,C3_S012,G009,OCCUPIED,OCCUPIED,0.8187053206292066
975.0,cctv1,C1_S001,G001,OCCUPIED,OCCUPIED,0.728601624681191
975.0,cctv1,C1_S002,G002,EMPTY,EMPTY,0.01
975.0,cctv1,C1_S003,G003,OCCUPIED,OCCUPIED,0.8364546859806234
975.0,cctv1,C1_S004,G004,OCCUPIED,OCCUPIED,0.7823976043950428
975.0,cctv1,C1_S005,G005,OCCUPIED,OCCUPIED,0.7543290626596322
975.0,cctv1,C1_S006,G006,EMPTY,MANEUVERING,0.2734167872301556
975.0,cctv2,C2_S001,G007,OCCUPIED,LEAVING,0.7534527616067367
975.0,cctv2,C2_S002,G008,OCCUPIED,OCCUPIED,0.8143499406901273
975.0,cctv2,C2_S003,G009,OCCUPIED,OCCUPIED,0.51
975.0,cctv2,C2_S004,G010,OCCUPIED,OCCUPIED,0.7934926554560662
975.0,cctv2,C2_S005,G001,EMPTY,EMPTY,0.01
975.0,cctv2,C2_S006,G003,OCCUPIED,OCCUPIED,0.8183843406763944
975.0,cctv2,C2_S007,G004,OCCUPIED,OCCUPIED,0.7936753963882274
975.0,cctv2,C2_S008,G006,OCCUPIED,OCCUPIED,0.75322666967457
975.0,cctv2,C2_S009,G005,OCCUPIED,OCCUPIED,0.7877079275521366
975.0,cctv2,C2_S010,G002,EMPTY,EMPTY,0.01
975.0,cctv2,C2_S011,G017,OCCUPIED,OCCUPIED,0.8170128093524414
975.0,cctv2,C2_S012,G018,OCCUPIED,OCCUPIED,0.786682476374236
975.0,cctv2,C2_S013,G019,OCCUPIED,OCCUPIED,0.51
975.0,cctv2,C2_S014,G020,EMPTY,EMPTY,0.01
975.0,cctv3,C3_S001,G021,EMPTY,EMPTY,0.01
975.0,cctv3,C3_S002,G019,EMPTY,EMPTY,0.01
975.0,cctv3,C3_S003,G020,OCCUPIED,OCCUPIED,0.8172770272601735
975.0,cctv3,C3_S004,G024,OCCUPIED,OCCUPIED,0.7866702656854283
975.0,cctv3,C3_S005,G025,OCCUPIED,LEAVING,0.8147359564900398
975.0,cctv3,C3_S006,G026,OCCUPIED,OCCUPIED,0.8227027134461837
975.0,cctv3,C3_S007,G027,EMPTY,EMPTY,0.01
975.0,cctv3,C3_S008,G028,EMPTY,MANEUVERING,0.171031203601848
975.0,cctv3,C3_S009,G029,EMPTY,MANEUVERING,0.49
975.0,cctv3,C3_S010,G007,EMPTY,EMPTY,0.01
975.0,cctv3,C3_S011,G008,OCCUPIED,OCCUPIED,0.7942705582488667
975.0,cctv3,C3_S012,G009,OCCUPIED,OCCUPIED,0.8181276345794852
976.0,cctv1,C1_S001,G001,OCCUPIED,OCCUPIED,0.7282694052566182
976.0,cctv1,C1_S002,G002,EMPTY,EMPTY,0.01
976.0,cctv1,C1_S003,G003,OCCUPIED,OCCUPIED,0.8364389202811502
976.0,cctv1,C1_S004,G004,OCCUPIED,OCCUPIED,0.7813762443986807
976.0,cctv1,C1_S005,G005,OCCUPIED,OCCUPIED,0.7417591762316951
976.0,cctv1,C1_S006,G006,EMPTY,MANEUVERING,0.3206582131914117
976.0,cctv2,C2_S001,G007,OCCUPIED,LEAVING,0.753190357441252
976.0,cctv2,C2_S002,G008,OCCUPIED,OCCUPIED,0.8136136344887994
976.0,cctv2,C2_S003,G009,OCCUPIED,OCCUPIED,0.51
976.0,cctv2,C2_S004,G010,OCCUPIED,OCCUPIED,0.7924899408763106
976.0,cctv2,C2_S005,G001,EMPTY,EMPTY,0.01
976.0,cctv2,C2_S006,G003,OCCUPIED,OCCUPIED,0.8180481696670706
976.0,cctv2,C2_S007,G004,OCCUPIED,OCCUPIED,0.7929637665098365
976.0,cctv2,C2_S008,G006,OCCUPIED,OCCUPIED,0.7526404814286666
976.0,cctv2,C2_S009,G005,OCCUPIED,OCCUPIED,0.7900434269146487
976.0,cctv2,C2_S010,G002,EMPTY,EMPTY,0.01
976.0,cctv2,C2_S011,G017,OCCUPIED,OCCUPIED,0.8178391784429551
976.0,cctv2,C2_S012,G018,OCCUPIED,OCCUPIED,0.7885857816446912
976.0,cctv2,C2_S013,G019,OCCUPIED,OCCUPIED,0.51
976.0,cctv2,C2_S014,G020,EMPTY,EMPTY,0.01
976.0,cctv3,C3_S001,G021,EMPTY,EMPTY,0.01
976.0,cctv3,C3_S002,G019,EMPTY,EMPTY,0.01
976.0,cctv3,C3_S003,G020,OCCUPIED,LEAVING,0.8142454532059757
976.0,cctv3,C3_S004,G024,OCCUPIED,OCCUPIED,0.7896635733951223
976.0,cctv3,C3_S005,G025,OCCUPIED,LEAVING,0.820248087427833
976.0,cctv3,C3_S006,G026,OCCUPIED,OCCUPIED,0.8230956261808222
976.0,cctv3,C3_S007,G027,EMPTY,EMPTY,0.01
976.0,cctv3,C3_S008,G028,EMPTY,MANEUVERING,0.171031203601848
976.0,cctv3,C3_S009,G029,EMPTY,MANEUVERING,0.49
976.0,cctv3,C3_S010,G007,EMPTY,EMPTY,0.01
976.0,cctv3,C3_S011,G008,OCCUPIED,OCCUPIED,0.7900095067240975
976.0,cctv3,C3_S012,G009,OCCUPIED,OCCUPIED,0.816449461741881
977.0,cctv1,C1_S001,G001,OCCUPIED,OCCUPIED,0.7293352169746703
977.0,cctv1,C1_S002,G002,EMPTY,EMPTY,0.01
977.0,cctv1,C1_S003,G003,OCCUPIED,OCCUPIED,0.836447548866272
977.0,cctv1,C1_S004,G004,OCCUPIED,OCCUPIED,0.7808354273438455
977.0,cctv1,C1_S005,G005,OCCUPIED,OCCUPIED,0.7451574070390428
977.0,cctv1,C1_S006,G006,EMPTY,MANEUVERING,0.2756582131914117
977.0,cctv2,C2_S001,G007,OCCUPIED,LEAVING,0.7519585119052368
977.0,cctv2,C2_S002,G008,OCCUPIED,OCCUPIED,0.8142414567145435
977.0,cctv2,C2_S003,G009,OCCUPIED,OCCUPIED,0.51
977.0,cctv2,C2_S004,G010,OCCUPIED,OCCUPIED,0.7945403214205395
977.0,cctv2,C2_S005,G001,EMPTY,EMPTY,0.01
977.0,cctv2,C2_S006,G003,OCCUPIED,OCCUPIED,0.8182606420733712
977.0,cctv2,C2_S007,G004,OCCUPIED,OCCUPIED,0.7931840311397207
977.0,cctv2,C2_S008,G006,OCCUPIED,OCCUPIED,0.7544160599058325
977.0,cctv2,C2_S009,G005,OCCUPIED,OCCUPIED,0.7902326291257685
977.0,cctv2,C2_S010,G002,EMPTY,EMPTY,0.01
977.0,cctv2,C2_S011,G017,OCCUPIED,OCCUPIED,0.8177964858033441
977.0,cctv2,C2_S012,G018,OCCUPIED,LEAVING,0.7923619576475838
977.0,cctv2,C2_S013,G019,OCCUPIED,OCCUPIED,0.51
977.0,cctv2,C2_S014,G020,EMPTY,EMPTY,0.01
977.0,cctv3,C3_S001,G021,EMPTY,EMPTY,0.01
977.0,cctv3,C3_S002,G019,EMPTY,EMPTY,0.01
977.0,cctv3,C3_S003,G020,OCCUPIED,LEAVING,0.814487465674227
977.0,cctv3,C3_S004,G024,OCCUPIED,OCCUPIED,0.788867646645416
977.0,cctv3,C3_S005,G025,OCCUPIED,LEAVING,0.8227479785680771
977.0,cctv3,C3_S006,G026,OCCUPIED,OCCUPIED,0.823391114581715
977.0,cctv3,C3_S007,G027,EMPTY,EMPTY,0.01
977.0,cctv3,C3_S008,G028,EMPTY,MANEUVERING,0.171031203601848
977.0,cctv3,C3_S009,G029,EMPTY,MANEUVERING,0.4658572219087827
977.0,cctv3,C3_S010,G007,EMPTY,EMPTY,0.01
977.0,cctv3,C3_S011,G008,OCCUPIED,OCCUPIED,0.7889402473514731
977.0,cctv3,C3_S012,G009,OCCUPIED,OCCUPIED,0.817472904920578
978.0,cctv1,C1_S001,G001,OCCUPIED,OCCUPIED,0.7286255335265941
978.0,cctv1,C1_S002,G002,EMPTY,EMPTY,0.01
978.0,cctv1,C1_S003,G003,OCCUPIED,OCCUPIED,0.8364581427790903
978.0,cctv1,C1_S004,G004,OCCUPIED,OCCUPIED,0.7788192567500202
978.0,cctv1,C1_S005,G005,OCCUPIED,OCCUPIED,0.7278557521782139
978.0,cctv1,C1_S006,G006,EMPTY,MANEUVERING,0.2652084292742339
978.0,cctv2,C2_S001,G007,OCCUPIED,LEAVING,0.7499559370631522
978.0,cctv2,C2_S002,G008,OCCUPIED,OCCUPIED,0.8138023173267191
978.0,cctv2,C2_S003,G009,OCCUPIED,OCCUPIED,0.51
978.0,cctv2,C2_S004,G010,OCCUPIED,OCCUPIED,0.7948206959800287
978.0,cctv2,C2_S005,G001,EMPTY,EMPTY,0.01
978.0,cctv2,C2_S006,G003,OCCUPIED,OCCUPIED,0.8183475578373129
978.0,cctv2,C2_S007,G004,OCCUPIED,OCCUPIED,0.7935552228580822
978.0,cctv2,C2_S008,G006,OCCUPIED,OCCUPIED,0.755050531977957
978.0,cctv2,C2_S009,G005,OCCUPIED,OCCUPIED,0.7900919277559628
978.0,cctv2,C2_S010,G002,EMPTY,EMPTY,0.01
978.0,cctv2,C2_S011,G017,OCCUPIED,OCCUPIED,0.8179635841738094
978.0,cctv2,C2_S012,G018,OCCUPIED,LEAVING,0.7968447518619625
978.0,cctv2,C2_S013,G019,OCCUPIED,OCCUPIED,0.5307549768550829
978.0,cctv2,C2_S014,G020,EMPTY,EMPTY,0.01
978.0,cctv3,C3_S001,G021,EMPTY,EMPTY,0.01
978.0,cctv3,C3_S002,G019,EMPTY,EMPTY,0.01
978.0,cctv3,C3_S003,G020,OCCUPIED,LEAVING,0.8114972090179271
978.0,cctv3,C3_S004,G024,OCCUPIED,OCCUPIED,0.7911069254983556
978.0,cctv3,C3_S005,G025,OCCUPIED,LEAVING,0.8239371798255227
978.0,cctv3,C3_S006,G026,OCCUPIED,OCCUPIED,0.8236465128985319
978.0,cctv3,C3_S007,G027,EMPTY,EMPTY,0.01
978.0,cctv3,C3_S008,G028,EMPTY,MANEUVERING,0.171031203601848
978.0,cctv3,C3_S009,G029,EMPTY,MANEUVERING,0.3845065026067488
978.0,cctv3,C3_S010,G007,EMPTY,EMPTY,0.01
978.0,cctv3,C3_S011,G008,OCCUPIED,OCCUPIED,0.7861792313781653
978.0,cctv3,C3_S012,G009,OCCUPIED,OCCUPIED,0.8170874145897953
979.0,cctv1,C1_S001,G001,OCCUPIED,OCCUPIED,0.7276902088387447
979.0,cctv1,C1_S002,G002,EMPTY,EMPTY,0.01
979.0,cctv1,C1_S003,G003,OCCUPIED,OCCUPIED,0.8364156265150418
979.0,cctv1,C1_S004,G004,OCCUPIED,OCCUPIED,0.7790209474888715
979.0,cctv1,C1_S005,G005,OCCUPIED,OCCUPIED,0.75876032859087
979.0,cctv1,C1_S006,G006,EMPTY,MANEUVERING,0.3610128116472201
979.0,cctv2,C2_S001,G007,OCCUPIED,LEAVING,0.749765933034095
979.0,cctv2,C2_S002,G008,OCCUPIED,OCCUPIED,0.8147415098818866
979.0,cctv2,C2_S003,G009,OCCUPIED,OCCUPIED,0.51
979.0,cctv2,C2_S004,G010,OCCUPIED,OCCUPIED,0.7971579050475901
979.0,cctv2,C2_S005,G001,EMPTY,EMPTY,0.01
979.0,cctv2,C2_S006,G003,OCCUPIED,OCCUPIED,0.818590347333388
979.0,cctv2,C2_S007,G004,OCCUPIED,OCCUPIED,0.794002759998495
979.0,cctv2,C2_S008,G006,OCCUPIED,OCCUPIED,0.7571761793710969
979.0,cctv2,C2_S009,G005,OCCUPIED,OCCUPIED,0.7913648984648965
979.0,cctv2,C2_S010,G002,EMPTY,EMPTY,0.01
979.0,cctv2,C2_S011,G017,OCCUPIED,OCCUPIED,0.8180051559751684
979.0,cctv2,C2_S012,G018,OCCUPIED,LEAVING,0.8014002550732007
979.0,cctv2,C2_S013,G019,OCCUPIED,OCCUPIED,0.5707201498205011
979.0,cctv2,C2_S014,G020,EMPTY,EMPTY,0.01
979.0,cctv3,C3_S001,G021,EMPTY,EMPTY,0.01
979.0,cctv3,C3_S002,G019,EMPTY,EMPTY,0.01
979.0,cctv3,C3_S003,G020,OCCUPIED,LEAVING,0.8136828167871996
979.0,cctv3,C3_S004,G024,OCCUPIED,OCCUPIED,0.7924506648291242
979.0,cctv3,C3_S005,G025,OCCUPIED,OCCUPIED,0.8252297485416586
979.0,cctv3,C3_S006,G026,OCCUPIED,OCCUPIED,0.8239202762191946
979.0,cctv3,C3_S007,G027,EMPTY,EMPTY,0.01
979.0,cctv3,C3_S008,G028,EMPTY,EMPTY,0.01
979.0,cctv3,C3_S009,G029,EMPTY,MANEUVERING,0.4290646012475738
979.0,cctv3,C3_S010,G007,EMPTY,EMPTY,0.01
979.0,cctv3,C3_S011,G008,OCCUPIED,OCCUPIED,0.7851082464510745
979.0,cctv3,C3_S012,G009,OCCUPIED,OCCUPIED,0.8167816419493069
980.0,cctv1,C1_S001,G001,OCCUPIED,OCCUPIED,0.7281611143188044
980.0,cctv1,C1_S002,G002,EMPTY,EMPTY,0.01
980.0,cctv1,C1_S003,G003,OCCUPIED,OCCUPIED,0.8364169058474629
980.0,cctv1,C1_S004,G004,OCCUPIED,OCCUPIED,0.7780983090400696
980.0,cctv1,C1_S005,G005,OCCUPIED,OCCUPIED,0.7559805940498006
980.0,cctv1,C1_S006,G006,EMPTY,MANEUVERING,0.4123645604605024
980.0,cctv2,C2_S001,G007,OCCUPIED,LEAVING,0.7477557785131715
980.0,cctv2,C2_S002,G008,OCCUPIED,LEAVING,0.8135294765233994
980.0,cctv2,C2_S003,G009,OCCUPIED,OCCUPIED,0.51
980.0,cctv2,C2_S004,G010,OCCUPIED,OCCUPIED,0.7961873176422987
980.0,cctv2,C2_S005,G001,EMPTY,EMPTY,0.01
980.0,cctv2,C2_S006,G003,OCCUPIED,OCCUPIED,0.8185924914750187
980.0,cctv2,C2_S007,G004,OCCUPIED,OCCUPIED,0.7937321340495891
980.0,cctv2,C2_S008,G006,OCCUPIED,OCCUPIED,0.7570171073079109
980.0,cctv2,C2_S009,G005,OCCUPIED,OCCUPIED,0.7913334906101227
980.0,cctv2,C2_S010,G002,EMPTY,EMPTY,0.01
980.0,cctv2,C2_S011,G017,OCCUPIED,OCCUPIED,0.8174691587686539
980.0,cctv2,C2_S012,G018,OCCUPIED,LEAVING,0.8053088635206224
980.0,cctv2,C2_S013,G019,OCCUPIED,OCCUPIED,0.5995912859385664
980.0,cctv2,C2_S014,G020,EMPTY,EMPTY,0.01
980.0,cctv3,C3_S001,G021,EMPTY,EMPTY,0.01
980.0,cctv3,C3_S002,G019,EMPTY,EMPTY,0.01
980.0,cctv3,C3_S003,G020,OCCUPIED,LEAVING,0.8127016484737397
980.0,cctv3,C3_S004,G024,OCCUPIED,OCCUPIED,0.8289448746226051
980.0,cctv3,C3_S005,G025,OCCUPIED,OCCUPIED,0.8270700909874656
980.0,cctv3,C3_S006,G026,OCCUPIED,OCCUPIED,0.8244155225428669
980.0,cctv3,C3_S007,G027,EMPTY,EMPTY,0.01
980.0,cctv3,C3_S008,G028,EMPTY,EMPTY,0.01
980.0,cctv3,C3_S009,G029,EMPTY,MANEUVERING,0.4839852198774552
980.0,cctv3,C3_S010,G007,EMPTY,EMPTY,0.01
980.0,cctv3,C3_S011,G008,OCCUPIED,OCCUPIED,0.7846012301065706
980.0,cctv3,C3_S012,G009,OCCUPIED,OCCUPIED,0.8169682261618701
981.0,cctv1,C1_S001,G001,OCCUPIED,OCCUPIED,0.7276883633976634
981.0,cctv1,C1_S002,G002,EMPTY,EMPTY,0.01
981.0,cctv1,C1_S003,G003,OCCUPIED,OCCUPIED,0.8365094948898663
981.0,cctv1,C1_S004,G004,OCCUPIED,OCCUPIED,0.7775590501048348
981.0,cctv1,C1_S005,G005,OCCUPIED,OCCUPIED,0.7544891021468423
981.0,cctv1,C1_S006,G006,EMPTY,MANEUVERING,0.49
981.0,cctv2,C2_S001,G007,OCCUPIED,LEAVING,0.7466508193449541
981.0,cctv2,C2_S002,G008,OCCUPIED,LEAVING,0.812707222591747
981.0,cctv2,C2_S003,G009,OCCUPIED,OCCUPIED,0.51
981.0,cctv2,C2_S004,G010,OCCUPIED,OCCUPIED,0.7948682812127201
981.0,cctv2,C2_S005,G001,EMPTY,EMPTY,0.01
981.0,cctv2,C2_S006,G003,OCCUPIED,OCCUPIED,0.8186844099651684
981.0,cctv2,C2_S007,G004,OCCUPIED,OCCUPIED,0.7944866524501281
981.0,cctv2,C2_S008,G006,OCCUPIED,OCCUPIED,0.7579096920110964
981.0,cctv2,C2_S009,G005,OCCUPIED,OCCUPIED,0.7919434948401018
981.0,cctv2,C2_S010,G002,EMPTY,EMPTY,0.01
981.0,cctv2,C2_S011,G017,OCCUPIED,OCCUPIED,0.8176360319961202
981.0,cctv2,C2_S012,G018,OCCUPIED,LEAVING,0.808864924447103
981.0,cctv2,C2_S013,G019,OCCUPIED,OCCUPIED,0.5545912859385663
981.0,cctv2,C2_S014,G020,EMPTY,EMPTY,0.01
981.0,cctv3,C3_S001,G021,EMPTY,EMPTY,0.01
981.0,cctv3,C3_S002,G019,EMPTY,EMPTY,0.01
981.0,cctv3,C3_S003,G020,OCCUPIED,LEAVING,0.8101989288221707
981.0,cctv3,C3_S004,G024,OCCUPIED,OCCUPIED,0.8285039861093868
981.0,cctv3,C3_S005,G025,OCCUPIED,OCCUPIED,0.827683298425241
981.0,cctv3,C3_S006,G026,OCCUPIED,OCCUPIED,0.8247965742241253
981.0,cctv3,C3_S007,G027,EMPTY,EMPTY,0.01
981.0,cctv3,C3_S008,G028,EMPTY,EMPTY,0.01
981.0,cctv3,C3_S009,G029,EMPTY,MANEUVERING,0.4489325933700258
981.0,cctv3,C3_S010,G007,EMPTY,EMPTY,0.01
981.0,cctv3,C3_S011,G008,OCCUPIED,OCCUPIED,0.7835126498883421
981.0,cctv3,C3_S012,G009,OCCUPIED,OCCUPIED,0.81669361428781
982.0,cctv1,C1_S001,G001,OCCUPIED,OCCUPIED,0.7269959621131421
982.0,cctv1,C1_S002,G002,EMPTY,EMPTY,0.01
982.0,cctv1,C1_S003,G003,OCCUPIED,OCCUPIED,0.8365210617130454
982.0,cctv1,C1_S004,G004,OCCUPIED,OCCUPIED,0.7773609238592062
982.0,cctv1,C1_S005,G005,OCCUPIED,OCCUPIED,0.7522993357344108
982.0,cctv1,C1_S006,G006,EMPTY,MANEUVERING,0.49
982.0,cctv2,C2_S001,G007,OCCUPIED,LEAVING,0.7486331750046124
982.0,cctv2,C2_S002,G008,OCCUPIED,LEAVING,0.8116771811788733
982.0,cctv2,C2_S003,G009,OCCUPIED,LEAVING,0.51
982.0,cctv2,C2_S004,G010,OCCUPIED,OCCUPIED,0.7957949673587627
982.0,cctv2,C2_S005,G001,EMPTY,EMPTY,0.01
982.0,cctv2,C2_S006,G003,OCCUPIED,OCCUPIED,0.8188618860461496
982.0,cctv2,C2_S007,G004,OCCUPIED,OCCUPIED,0.7957454245198857
982.0,cctv2,C2_S008,G006,OCCUPIED,OCCUPIED,0.7580154527317394
982.0,cctv2,C2_S009,G005,OCCUPIED,OCCUPIED,0.7915582450953398
982.0,cctv2,C2_S010,G002,EMPTY,EMPTY,0.01
982.0,cctv2,C2_S011,G017,OCCUPIED,OCCUPIED,0.8171909763054415
982.0,cctv2,C2_S012,G018,OCCUPIED,LEAVING,0.805625731362538
982.0,cctv2,C2_S013,G019,OCCUPIED,OCCUPIED,0.51
982.0,cctv2,C2_S014,G020,EMPTY,EMPTY,0.01
982.0,cctv3,C3_S001,G021,EMPTY,EMPTY,0.01
982.0,cctv3,C3_S002,G019,EMPTY,EMPTY,0.01
982.0,cctv3,C3_S003,G020,OCCUPIED,LEAVING,0.8104791164398194
982.0,cctv3,C3_S004,G024,OCCUPIED,OCCUPIED,0.7459714015234601
982.0,cctv3,C3_S005,G025,OCCUPIED,OCCUPIED,0.8268022959882564
982.0,cctv3,C3_S006,G026,OCCUPIED,OCCUPIED,0.8247890859842301
982.0,cctv3,C3_S007,G027,EMPTY,EMPTY,0.01
982.0,cctv3,C3_S008,G028,EMPTY,EMPTY,0.01
982.0,cctv3,C3_S009,G029,EMPTY,MANEUVERING,0.4151204414868897
982.0,cctv3,C3_S010,G007,EMPTY,MANEUVERING,0.2225733615051616
982.0,cctv3,C3_S011,G008,OCCUPIED,LEAVING,0.7790401191873985
982.0,cctv3,C3_S012,G009,OCCUPIED,OCCUPIED,0.8178501454266636
983.0,cctv1,C1_S001,G001,OCCUPIED,OCCUPIED,0.7275437271053141
983.0,cctv1,C1_S002,G002,EMPTY,EMPTY,0.01
983.0,cctv1,C1_S003,G003,OCCUPIED,OCCUPIED,0.8364216850562529
983.0,cctv1,C1_S004,G004,OCCUPIED,OCCUPIED,0.7758469818667932
983.0,cctv1,C1_S005,G005,OCCUPIED,OCCUPIED,0.754258246448907
983.0,cctv1,C1_S006,G006,EMPTY,MANEUVERING,0.49
983.0,cctv2,C2_S001,G007,OCCUPIED,LEAVING,0.7458079026503998
983.0,cctv2,C2_S002,G008,OCCUPIED,LEAVING,0.811097754131664
983.0,cctv2,C2_S003,G009,OCCUPIED,LEAVING,0.51
983.0,cctv2,C2_S004,G010,OCCUPIED,OCCUPIED,0.7937098887833682
983.0,cctv2,C2_S005,G001,EMPTY,EMPTY,0.01
983.0,cctv2,C2_S006,G003,OCCUPIED,OCCUPIED,0.8188415679064664
983.0,cctv2,C2_S007,G004,OCCUPIED,OCCUPIED,0.7958786124532874
983.0,cctv2,C2_S008,G006,OCCUPIED,OCCUPIED,0.7585504213517363
983.0,cctv2,C2_S009,G005,OCCUPIED,OCCUPIED,0.7921861014582895
983.0,cctv2,C2_S010,G002,EMPTY,EMPTY,0.01
983.0,cctv2,C2_S011,G017,OCCUPIED,OCCUPIED,0.8178687437014147
983.0,cctv2,C2_S012,G018,OCCUPIED,LEAVING,0.8021159706467933
983.0,cctv2,C2_S013,G019,OCCUPIED,OCCUPIED,0.51
983.0,cctv2,C2_S014,G020,EMPTY,EMPTY,0.01
983.0,cctv3,C3_S001,G021,EMPTY,EMPTY,0.01
983.0,cctv3,C3_S002,G019,EMPTY,EMPTY,0.01
983.0,cctv3,C3_S003,G020,OCCUPIED,LEAVING,0.8101347801360218
983.0,cctv3,C3_S004,G024,OCCUPIED,OCCUPIED,0.7424400087107312
983.0,cctv3,C3_S005,G025,OCCUPIED,OCCUPIED,0.8265042155981064
983.0,cctv3,C3_S006,G026,OCCUPIED,OCCUPIED,0.8247870605100286
983.0,cctv3,C3_S007,G027,EMPTY,EMPTY,0.01
983.0,cctv3,C3_S008,G028,EMPTY,EMPTY,0.01
983.0,cctv3,C3_S009,G029,EMPTY,MANEUVERING,0.3368315205028789
983.0,cctv3,C3_S010,G007,EMPTY,MANEUVERING,0.2225733615051616
983.0,cctv3,C3_S011,G008,OCCUPIED,LEAVING,0.7796715437011286
983.0,cctv3,C3_S012,G009,OCCUPIED,OCCUPIED,0.8193067182194104
984.0,cctv1,C1_S001,G001,OCCUPIED,OCCUPIED,0.7282379390841182
984.0,cctv1,C1_S002,G002,EMPTY,EMPTY,0.01
984.0,cctv1,C1_S003,G003,OCCUPIED,OCCUPIED,0.8365457664836538
984.0,cctv1,C1_S004,G004,OCCUPIED,OCCUPIED,0.7752024454149333
984.0,cctv1,C1_S005,G005,OCCUPIED,OCCUPIED,0.7543167564001951
984.0,cctv1,C1_S006,G006,EMPTY,MANEUVERING,0.49
984.0,cctv2,C2_S001,G007,OCCUPIED,LEAVING,0.7461787968873979
984.0,cctv2,C2_S002,G008,OCCUPIED,LEAVING,0.812069164893844
984.0,cctv2,C2_S003,G009,OCCUPIED,OCCUPIED,0.51
984.0,cctv2,C2_S004,G010,OCCUPIED,OCCUPIED,0.7917097720232877
984.0,cctv2,C2_S005,G001,EMPTY,EMPTY,0.01
984.0,cctv2,C2_S006,G003,OCCUPIED,OCCUPIED,0.819081490690058
984.0,cctv2,C2_S007,G004,OCCUPIED,OCCUPIED,0.7957048215649345
984.0,cctv2,C2_S008,G006,OCCUPIED,OCCUPIED,0.7575523226098582
984.0,cctv2,C2_S009,G005,OCCUPIED,OCCUPIED,0.7911562583663247
984.0,cctv2,C2_S010,G002,EMPTY,EMPTY,0.01
984.0,cctv2,C2_S011,G017,OCCUPIED,OCCUPIED,0.8180593008344824
984.0,cctv2,C2_S012,G018,OCCUPIED,LEAVING,0.8014099547131496
984.0,cctv2,C2_S013,G019,OCCUPIED,OCCUPIED,0.51
984.0,cctv2,C2_S014,G020,EMPTY,EMPTY,0.01
984.0,cctv3,C3_S001,G021,EMPTY,EMPTY,0.01
984.0,cctv3,C3_S002,G019,EMPTY,EMPTY,0.01
984.0,cctv3,C3_S003,G020,OCCUPIED,LEAVING,0.8095617521892895
984.0,cctv3,C3_S004,G024,OCCUPIED,OCCUPIED,0.7385209741104732
984.0,cctv3,C3_S005,G025,OCCUPIED,OCCUPIED,0.8236462674357675
984.0,cctv3,C3_S006,G026,OCCUPIED,OCCUPIED,0.8245031990788201
984.0,cctv3,C3_S007,G027,EMPTY,EMPTY,0.01
984.0,cctv3,C3_S008,G028,EMPTY,EMPTY,0.01
984.0,cctv3,C3_S009,G029,EMPTY,MANEUVERING,0.2611502684551206
984.0,cctv3,C3_S010,G007,EMPTY,MANEUVERING,0.2225733615051616
984.0,cctv3,C3_S011,G008,OCCUPIED,LEAVING,0.7797165227207271
984.0,cctv3,C3_S012,G009,OCCUPIED,OCCUPIED,0.8191083704883403
985.0,cctv1,C1_S001,G001,OCCUPIED,OCCUPIED,0.7271446229381996
985.0,cctv1,C1_S002,G002,EMPTY,EMPTY,0.01
985.0,cctv1,C1_S003,G003,OCCUPIED,OCCUPIED,0.836563339829445
985.0,cctv1,C1_S004,G004,OCCUPIED,OCCUPIED,0.7747054207054052
985.0,cctv1,C1_S005,G005,OCCUPIED,OCCUPIED,0.7497097058052367
985.0,cctv1,C1_S006,G006,EMPTY,MANEUVERING,0.49
985.0,cctv2,C2_S001,G007,OCCUPIED,LEAVING,0.7458430046384985
985.0,cctv2,C2_S002,G008,OCCUPIED,LEAVING,0.8123541894284162
985.0,cctv2,C2_S003,G009,OCCUPIED,OCCUPIED,0.51
985.0,cctv2,C2_S004,G010,OCCUPIED,OCCUPIED,0.79188563877886
985.0,cctv2,C2_S005,G001,EMPTY,EMPTY,0.01
985.0,cctv2,C2_S006,G003,OCCUPIED,OCCUPIED,0.8188830275427212
985.0,cctv2,C2_S007,G004,OCCUPIED,OCCUPIED,0.795609239827503
985.0,cctv2,C2_S008,G006,OCCUPIED,OCCUPIED,0.7590320424600081
985.0,cctv2,C2_S009,G005,OCCUPIED,OCCUPIED,0.790529898350889
985.0,cctv2,C2_S010,G002,EMPTY,EMPTY,0.01
985.0,cctv2,C2_S011,G017,OCCUPIED,OCCUPIED,0.8178630899299275
985.0,cctv2,C2_S012,G018,OCCUPIED,LEAVING,0.797617743164301
985.0,cctv2,C2_S013,G019,OCCUPIED,OCCUPIED,0.51
985.0,cctv2,C2_S014,G020,EMPTY,EMPTY,0.01
985.0,cctv3,C3_S001,G021,EMPTY,EMPTY,0.01
985.0,cctv3,C3_S002,G019,EMPTY,EMPTY,0.01
985.0,cctv3,C3_S003,G020,OCCUPIED,LEAVING,0.8129851636561481
985.0,cctv3,C3_S004,G024,OCCUPIED,OCCUPIED,0.737156402062286
985.0,cctv3,C3_S005,G025,OCCUPIED,OCCUPIED,0.8227400059049781
985.0,cctv3,C3_S006,G026,OCCUPIED,OCCUPIED,0.8241105114871806
985.0,cctv3,C3_S007,G027,EMPTY,EMPTY,0.01
985.0,cctv3,C3_S008,G028,EMPTY,EMPTY,0.01
985.0,cctv3,C3_S009,G029,EMPTY,MANEUVERING,0.3069095962393012
985.0,cctv3,C3_S010,G007,EMPTY,MANEUVERING,0.2225733615051616
985.0,cctv3,C3_S011,G008,OCCUPIED,LEAVING,0.7807753743095832
985.0,cctv3,C3_S012,G009,OCCUPIED,OCCUPIED,0.8191134162924507
986.0,cctv1,C1_S001,G001,OCCUPIED,OCCUPIED,0.7270793995396658
986.0,cctv1,C1_S002,G002,EMPTY,EMPTY,0.01
986.0,cctv1,C1_S003,G003,OCCUPIED,OCCUPIED,0.8366567579182712
986.0,cctv1,C1_S004,G004,OCCUPIED,OCCUPIED,0.7752743009816517
986.0,cctv1,C1_S005,G005,OCCUPIED,OCCUPIED,0.7481241492385214
986.0,cctv1,C1_S006,G006,EMPTY,MANEUVERING,0.49
986.0,cctv2,C2_S001,G007,OCCUPIED,LEAVING,0.745871302350001
986.0,cctv2,C2_S002,G008,OCCUPIED,LEAVING,0.8134533846920188
986.0,cctv2,C2_S003,G009,OCCUPIED,OCCUPIED,0.51
986.0,cctv2,C2_S004,G010,OCCUPIED,OCCUPIED,0.7930467329242014
986.0,cctv2,C2_S005,G001,EMPTY,EMPTY,0.01
986.0,cctv2,C2_S006,G003,OCCUPIED,OCCUPIED,0.8185401501980696
986.0,cctv2,C2_S007,G004,OCCUPIED,OCCUPIED,0.7944168329238892
986.0,cctv2,C2_S008,G006,OCCUPIED,OCCUPIED,0.7600686678832228
986.0,cctv2,C2_S009,G005,OCCUPIED,OCCUPIED,0.7904273753816432
986.0,cctv2,C2_S010,G002,EMPTY,EMPTY,0.01
986.0,cctv2,C2_S011,G017,OCCUPIED,OCCUPIED,0.8183040670373224
986.0,cctv2,C2_S012,G018,OCCUPIED,LEAVING,0.7967616690153426
986.0,cctv2,C2_S013,G019,OCCUPIED,OCCUPIED,0.51
986.0,cctv2,C2_S014,G020,EMPTY,EMPTY,0.01
986.0,cctv3,C3_S001,G021,EMPTY,EMPTY,0.01
986.0,cctv3,C3_S002,G019,EMPTY,EMPTY,0.01
986.0,cctv3,C3_S003,G020,OCCUPIED,LEAVING,0.8125025220892647
986.0,cctv3,C3_S004,G024,OCCUPIED,OCCUPIED,0.7792708601463925
986.0,cctv3,C3_S005,G025,OCCUPIED,OCCUPIED,0.8223265165632422
986.0,cctv3,C3_S006,G026,OCCUPIED,OCCUPIED,0.8238040886142037
986.0,cctv3,C3_S007,G027,EMPTY,EMPTY,0.01
986.0,cctv3,C3_S008,G028,EMPTY,EMPTY,0.01
986.0,cctv3,C3_S009,G029,EMPTY,MANEUVERING,0.3833064992310987
986.0,cctv3,C3_S010,G007,EMPTY,MANEUVERING,0.1775733615051616
986.0,cctv3,C3_S011,G008,OCCUPIED,LEAVING,0.7809277627955784
986.0,cctv3,C3_S012,G009,OCCUPIED,OCCUPIED,0.8197061129591683
987.0,cctv1,C1_S001,G001,OCCUPIED,OCCUPIED,0.7270070798695089
987.0,cctv1,C1_S002,G002,EMPTY,EMPTY,0.01
987.0,cctv1,C1_S003,G003,OCCUPIED,OCCUPIED,0.8366897840391506
987.0,cctv1,C1_S004,G004,OCCUPIED,OCCUPIED,0.7747541426257655
987.0,cctv1,C1_S005,G005,OCCUPIED,OCCUPIED,0.747836047885093
987.0,cctv1,C1_S006,G006,EMPTY,MANEUVERING,0.49
987.0,cctv2,C2_S001,G007,OCCUPIED,LEAVING,0.7452070317485117
987.0,cctv2,C2_S002,G008,OCCUPIED,OCCUPIED,0.8136839254335925
987.0,cctv2,C2_S003,G009,OCCUPIED,OCCUPIED,0.51
987.0,cctv2,C2_S004,G010,OCCUPIED,OCCUPIED,0.7940573884682223
987.0,cctv2,C2_S005,G001,EMPTY,EMPTY,0.01
987.0,cctv2,C2_S006,G003,OCCUPIED,OCCUPIED,0.8181876234032892
987.0,cctv2,C2_S007,G004,OCCUPIED,OCCUPIED,0.7931452585892245
987.0,cctv2,C2_S008,G006,OCCUPIED,OCCUPIED,0.759936564618891
987.0,cctv2,C2_S009,G005,OCCUPIED,OCCUPIED,0.7893366233869032
987.0,cctv2,C2_S010,G002,EMPTY,EMPTY,0.01
987.0,cctv2,C2_S011,G017,OCCUPIED,OCCUPIED,0.817904349619692
987.0,cctv2,C2_S012,G018,OCCUPIED,OCCUPIED,0.7930470927872442
987.0,cctv2,C2_S013,G019,OCCUPIED,OCCUPIED,0.51
987.0,cctv2,C2_S014,G020,EMPTY,EMPTY,0.01
987.0,cctv3,C3_S001,G021,EMPTY,EMPTY,0.01
987.0,cctv3,C3_S002,G019,EMPTY,EMPTY,0.01
987.0,cctv3,C3_S003,G020,OCCUPIED,LEAVING,0.8144339897415855
987.0,cctv3,C3_S004,G024,OCCUPIED,OCCUPIED,0.7756029571999203
987.0,cctv3,C3_S005,G025,OCCUPIED,OCCUPIED,0.821140946041454
987.0,cctv3,C3_S006,G026,OCCUPIED,OCCUPIED,0.8234873782504689
987.0,cctv3,C3_S007,G027,EMPTY,EMPTY,0.01
987.0,cctv3,C3_S008,G028,EMPTY,EMPTY,0.01
987.0,cctv3,C3_S009,G029,EMPTY,MANEUVERING,0.3833064992310987
987.0,cctv3,C3_S010,G007,EMPTY,MANEUVERING,0.2771601148627021
987.0,cctv3,C3_S011,G008,OCCUPIED,LEAVING,0.7005895170975815
987.0,cctv3,C3_S012,G009,OCCUPIED,OCCUPIED,0.8203376089984721
988.0,cctv1,C1_S001,G001,OCCUPIED,OCCUPIED,0.7261593071574515
988.0,cctv1,C1_S002,G002,EMPTY,EMPTY,0.01
988.0,cctv1,C1_S003,G003,OCCUPIED,OCCUPIED,0.8367356741970237
988.0,cctv1,C1_S004,G004,OCCUPIED,OCCUPIED,0.7734133794903756
988.0,cctv1,C1_S005,G005,OCCUPIED,OCCUPIED,0.7433104553683239
988.0,cctv1,C1_S006,G006,EMPTY,MANEUVERING,0.49
988.0,cctv2,C2_S001,G007,OCCUPIED,LEAVING,0.7453698934479194
988.0,cctv2,C2_S002,G008,OCCUPIED,OCCUPIED,0.8145294528115881
988.0,cctv2,C2_S003,G009,OCCUPIED,LEAVING,0.51
988.0,cctv2,C2_S004,G010,OCCUPIED,OCCUPIED,0.7919113725423813
988.0,cctv2,C2_S005,G001,EMPTY,EMPTY,0.01
988.0,cctv2,C2_S006,G003,OCCUPIED,OCCUPIED,0.8179102716120807
988.0,cctv2,C2_S007,G004,OCCUPIED,OCCUPIED,0.7916538073257967
988.0,cctv2,C2_S008,G006,OCCUPIED,OCCUPIED,0.7582018898292022
988.0,cctv2,C2_S009,G005,OCCUPIED,OCCUPIED,0.7908278917724436
988.0,cctv2,C2_S010,G002,EMPTY,EMPTY,0.01
988.0,cctv2,C2_S011,G017,OCCUPIED,OCCUPIED,0.8183396762067622
988.0,cctv2,C2_S012,G018,OCCUPIED,OCCUPIED,0.7878688147799536
988.0,cctv2,C2_S013,G019,OCCUPIED,OCCUPIED,0.51
988.0,cctv2,C2_S014,G020,EMPTY,EMPTY,0.01
988.0,cctv3,C3_S001,G021,EMPTY,EMPTY,0.01
988.0,cctv3,C3_S002,G019,EMPTY,EMPTY,0.01
988.0,cctv3,C3_S003,G020,OCCUPIED,LEAVING,0.8143824303692038
988.0,cctv3,C3_S004,G024,OCCUPIED,OCCUPIED,0.6952126701492252
988.0,cctv3,C3_S005,G025,OCCUPIED,OCCUPIED,0.8193117087537592
988.0,cctv3,C3_S006,G026,OCCUPIED,OCCUPIED,0.8230265341021799
988.0,cctv3,C3_S007,G027,EMPTY,EMPTY,0.01
988.0,cctv3,C3_S008,G028,EMPTY,EMPTY,0.01
988.0,cctv3,C3_S009,G029,EMPTY,MANEUVERING,0.4611856730858033
988.0,cctv3,C3_S010,G007,EMPTY,MANEUVERING,0.2771601148627021
988.0,cctv3,C3_S011,G008,OCCUPIED,LEAVING,0.7000519621778618
988.0,cctv3,C3_S012,G009,OCCUPIED,OCCUPIED,0.8200883521275087
989.0,cctv1,C1_S001,G001,OCCUPIED,OCCUPIED,0.7272542399438945
989.0,cctv1,C1_S002,G002,EMPTY,EMPTY,0.01
989.0,cctv1,C1_S003,G003,OCCUPIED,OCCUPIED,0.8367730463092978
989.0,cctv1,C1_S004,G004,OCCUPIED,OCCUPIED,0.7745192246003585
989.0,cctv1,C1_S005,G005,OCCUPIED,OCCUPIED,0.7435972765765407
989.0,cctv1,C1_S006,G006,EMPTY,MANEUVERING,0.49
989.0,cctv2,C2_S001,G007,OCCUPIED,LEAVING,0.7473812691867352
989.0,cctv2,C2_S002,G008,OCCUPIED,OCCUPIED,0.8164487538012593
989.0,cctv2,C2_S003,G009,OCCUPIED,LEAVING,0.51
989.0,cctv2,C2_S004,G010,OCCUPIED,OCCUPIED,0.7902683577754281
989.0,cctv2,C2_S005,G001,EMPTY,EMPTY,0.01
989.0,cctv2,C2_S006,G003,OCCUPIED,OCCUPIED,0.8175988785245203
989.0,cctv2,C2_S007,G004,OCCUPIED,OCCUPIED,0.7907532540234653
989.0,cctv2,C2_S008,G006,OCCUPIED,OCCUPIED,0.758800232545896
989.0,cctv2,C2_S009,G005,OCCUPIED,OCCUPIED,0.7917125574567102
989.0,cctv2,C2_S010,G002,EMPTY,EMPTY,0.01
989.0,cctv2,C2_S011,G017,OCCUPIED,OCCUPIED,0.8181928130713376
989.0,cctv2,C2_S012,G018,OCCUPIED,OCCUPIED,0.7876976410773668
989.0,cctv2,C2_S013,G019,OCCUPIED,OCCUPIED,0.51
989.0,cctv2,C2_S014,G020,EMPTY,EMPTY,0.01
989.0,cctv3,C3_S001,G021,EMPTY,EMPTY,0.01
989.0,cctv3,C3_S002,G019,EMPTY,EMPTY,0.01
989.0,cctv3,C3_S003,G020,OCCUPIED,LEAVING,0.8168118143623526
989.0,cctv3,C3_S004,G024,OCCUPIED,OCCUPIED,0.6966024766185067
989.0,cctv3,C3_S005,G025,OCCUPIED,OCCUPIED,0.8183698388663205
989.0,cctv3,C3_S006,G026,OCCUPIED,OCCUPIED,0.8227899307554419
989.0,cctv3,C3_S007,G027,EMPTY,EMPTY,0.01
989.0,cctv3,C3_S008,G028,EMPTY,EMPTY,0.01
989.0,cctv3,C3_S009,G029,EMPTY,MANEUVERING,0.49
989.0,cctv3,C3_S010,G007,EMPTY,MANEUVERING,0.2771601148627021
989.0,cctv3,C3_S011,G008,OCCUPIED,LEAVING,0.7014725391973149
989.0,cctv3,C3_S012,G009,OCCUPIED,OCCUPIED,0.8195609826933254
990.0,cctv1,C1_S001,G001,OCCUPIED,OCCUPIED,0.7279883900149303
990.0,cctv1,C1_S002,G002,EMPTY,EMPTY,0.01
990.0,cctv1,C1_S003,G003,OCCUPIED,OCCUPIED,0.836822083592415
990.0,cctv1,C1_S004,G004,OCCUPIED,OCCUPIED,0.772576373002746
990.0,cctv1,C1_S005,G005,OCCUPIED,OCCUPIED,0.7442058413543485
990.0,cctv1,C1_S006,G006,EMPTY,MANEUVERING,0.49
990.0,cctv2,C2_S001,G007,OCCUPIED,LEAVING,0.7488286789845338
990.0,cctv2,C2_S002,G008,OCCUPIED,OCCUPIED,0.8155562081120231
990.0,cctv2,C2_S003,G009,OCCUPIED,LEAVING,0.51
990.0,cctv2,C2_S004,G010,OCCUPIED,OCCUPIED,0.7900796903805299
990.0,cctv2,C2_S005,G001,EMPTY,EMPTY,0.01
990.0,cctv2,C2_S006,G003,OCCUPIED,OCCUPIED,0.8176737649874254
990.0,cctv2,C2_S007,G004,OCCUPIED,OCCUPIED,0.7904234723611312
990.0,cctv2,C2_S008,G006,OCCUPIED,OCCUPIED,0.7587737701155923
990.0,cctv2,C2_S009,G005,OCCUPIED,OCCUPIED,0.7921629247340289
990.0,cctv2,C2_S010,G002,EMPTY,EMPTY,0.01
990.0,cctv2,C2_S011,G017,OCCUPIED,OCCUPIED,0.8180940370668065
990.0,cctv2,C2_S012,G018,OCCUPIED,OCCUPIED,0.7879874919625847
990.0,cctv2,C2_S013,G019,EMPTY,EMPTY,0.2003106028925289
990.0,cctv2,C2_S014,G020,EMPTY,EMPTY,0.01
990.0,cctv3,C3_S001,G021,EMPTY,EMPTY,0.01
990.0,cctv3,C3_S002,G019,EMPTY,EMPTY,0.01
990.0,cctv3,C3_S003,G020,OCCUPIED,LEAVING,0.8188918040557341
990.0,cctv3,C3_S004,G024,OCCUPIED,OCCUPIED,0.700696982921976
990.0,cctv3,C3_S005,G025,OCCUPIED,OCCUPIED,0.8178695556792347
990.0,cctv3,C3_S006,G026,OCCUPIED,OCCUPIED,0.8225251089442861
990.0,cctv3,C3_S007,G027,EMPTY,EMPTY,0.01
990.0,cctv3,C3_S008,G028,EMPTY,EMPTY,0.01
990.0,cctv3,C3_S009,G029,EMPTY,MANEUVERING,0.49
990.0,cctv3,C3_S010,G007,EMPTY,MANEUVERING,0.2771601148627021
990.0,cctv3,C3_S011,G008,OCCUPIED,LEAVING,0.7007852839339863
990.0,cctv3,C3_S012,G009,OCCUPIED,OCCUPIED,0.8192640312693337
