time_sec,cctv,local_id,global_id,state,phase,occupied_score
330.0,cctv1,C1_S001,G001,EMPTY,MANEUVERING,0.49
330.0,cctv1,C1_S002,G002,EMPTY,EMPTY,0.01
330.0,cctv1,C1_S003,G003,OCCUPIED,OCCUPIED,0.8386076390743256
330.0,cctv1,C1_S004,G004,OCCUPIED,OCCUPIED,0.7745440602302552
330.0,cctv1,C1_S005,G005,OCCUPIED,OCCUPIED,0.802086341381073
330.0,cctv1,C1_S006,G006,EMPTY,EMPTY,0.01
330.0,cctv2,C2_S001,G007,EMPTY,EMPTY,0.01
330.0,cctv2,C2_S002,G008,OCCUPIED,OCCUPIED,0.8247381329536438
330.0,cctv2,C2_S003,G009,EMPTY,EMPTY,0.01
330.0,cctv2,C2_S004,G010,OCCUPIED,OCCUPIED,0.739797329902649
330.0,cctv2,C2_S005,G001,EMPTY,EMPTY,0.01
330.0,cctv2,C2_S006,G003,OCCUPIED,OCCUPIED,0.8189982324838638
330.0,cctv2,C2_S007,G004,OCCUPIED,OCCUPIED,0.7914511948823929
330.0,cctv2,C2_S008,G006,OCCUPIED,OCCUPIED,0.7649731382727624
330.0,cctv2,C2_S009,G005,OCCUPIED,OCCUPIED,0.8016278803348542
330.0,cctv2,C2_S010,G002,EMPTY,EMPTY,0.01
330.0,cctv2,C2_S011,G017,OCCUPIED,OCCUPIED,0.8054675251245499
330.0,cctv2,C2_S012,G018,OCCUPIED,OCCUPIED,0.841589629650116
330.0,cctv2,C2_S013,G019,EMPTY,EMPTY,0.01
330.0,cctv2,C2_S014,G020,EMPTY,EMPTY,0.01
330.0,cctv3,C3_S001,G021,OCCUPIED,OCCUPIED,0.8093382835388184
330.0,cctv3,C3_S002,G019,EMPTY,EMPTY,0.01
330.0,cctv3,C3_S003,G020,OCCUPIED,OCCUPIED,0.7967646151781083
330.0,cctv3,C3_S004,G024,OCCUPIED,OCCUPIED,0.8119696825742723
330.0,cctv3,C3_S005,G025,OCCUPIED,OCCUPIED,0.8301122069358826
330.0,cctv3,C3_S006,G026,OCCUPIED,OCCUPIED,0.8247703194618226
330.0,cctv3,C3_S007,G027,OCCUPIED,OCCUPIED,0.7479287773370743
330.0,cctv3,C3_S008,G028,EMPTY,EMPTY,0.01
330.0,cctv3,C3_S009,G029,EMPTY,EMPTY,0.01
330.0,cctv3,C3_S010,G007,OCCUPIED,OCCUPIED,0.7714091569185257
330.0,cctv3,C3_S011,G008,OCCUPIED,OCCUPIED,0.8019451588392258
330.0,cctv3,C3_S012,G009,OCCUPIED,OCCUPIED,0.8192480444908142
331.0,cctv1,C1_S001,G001,OCCUPIED,OCCUPIED,0.7398778922855854
331.0,cctv1,C1_S002,G002,EMPTY,EMPTY,0.01
331.0,cctv1,C1_S003,G003,OCCUPIED,OCCUPIED,0.8378317028284074
331.0,cctv1,C1_S004,G004,OCCUPIED,OCCUPIED,0.7715564325451851
331.0,cctv1,C1_S005,G005,OCCUPIED,OCCUPIED,0.7955575004220009
331.0,cctv1,C1_S006,G006,EMPTY,EMPTY,0.01
331.0,cctv2,C2_S001,G007,OCCUPIED,OCCUPIED,0.51
331.0,cctv2,C2_S002,G008,OCCUPIED,OCCUPIED,0.824720086157322
331.0,cctv2,C2_S003,G009,EMPTY,EMPTY,0.01
331.0,cctv2,C2_S004,G010,OCCUPIED,OCCUPIED,0.7425570726394654
331.0,cctv2,C2_S005,G001,EMPTY,EMPTY,0.01
331.0,cctv2,C2_S006,G003,OCCUPIED,OCCUPIED,0.8188782304525376
331.0,cctv2,C2_S007,G004,OCCUPIED,OCCUPIED,0.7850778549909593
331.0,cctv2,C2_S008,G006,OCCUPIED,OCCUPIED,0.764000777155161
331.0,cctv2,C2_S009,G005,OCCUPIED,OCCUPIED,0.7982724055647851
331.0,cctv2,C2_S010,G002,EMPTY,EMPTY,0.01
331.0,cctv2,C2_S011,G017,OCCUPIED,OCCUPIED,0.8043874219059944
331.0,cctv2,C2_S012,G018,OCCUPIED,OCCUPIED,0.8400645792484284
331.0,cctv2,C2_S013,G019,EMPTY,EMPTY,0.01
331.0,cctv2,C2_S014,G020,EMPTY,EMPTY,0.01
331.0,cctv3,C3_S001,G021,OCCUPIED,OCCUPIED,0.8035247027873994
331.0,cctv3,C3_S002,G019,EMPTY,EMPTY,0.01
331.0,cctv3,C3_S003,G020,OCCUPIED,OCCUPIED,0.51
331.0,cctv3,C3_S004,G024,OCCUPIED,OCCUPIED,0.8180724635720253
331.0,cctv3,C3_S005,G025,OCCUPIED,OCCUPIED,0.830293819308281
331.0,cctv3,C3_S006,G026,OCCUPIED,OCCUPIED,0.8256537854671478
331.0,cctv3,C3_S007,G027,OCCUPIED,OCCUPIED,0.7464725345373154
331.0,cctv3,C3_S008,G028,EMPTY,EMPTY,0.01
331.0,cctv3,C3_S009,G029,EMPTY,EMPTY,0.01
331.0,cctv3,C3_S010,G007,OCCUPIED,OCCUPIED,0.7704088874161245
331.0,cctv3,C3_S011,G008,OCCUPIED,OCCUPIED,0.8000514075160027
331.0,cctv3,C3_S012,G009,OCCUPIED,OCCUPIED,0.8210862830281258
332.0,cctv1,C1_S001,G001,OCCUPIED,OCCUPIED,0.7368273280560971
332.0,cctv1,C1_S002,G002,EMPTY,EMPTY,0.01
332.0,cctv1,C1_S003,G003,OCCUPIED,OCCUPIED,0.8381807804107666
332.0,cctv1,C1_S004,G004,OCCUPIED,OCCUPIED,0.7689458012580872
332.0,cctv1,C1_S005,G005,OCCUPIED,OCCUPIED,0.7956824630498887
332.0,cctv1,C1_S006,G006,EMPTY,EMPTY,0.01
332.0,cctv2,C2_S001,G007,OCCUPIED,OCCUPIED,0.5678978752593199
332.0,cctv2,C2_S002,G008,OCCUPIED,OCCUPIED,0.8228663623332978
332.0,cctv2,C2_S003,G009,EMPTY,EMPTY,0.01
332.0,cctv2,C2_S004,G010,OCCUPIED,OCCUPIED,0.7462155640125275
332.0,cctv2,C2_S005,G001,EMPTY,EMPTY,0.01
332.0,cctv2,C2_S006,G003,OCCUPIED,OCCUPIED,0.8197240918874741
332.0,cctv2,C2_S007,G004,OCCUPIED,OCCUPIED,0.7846428096294403
332.0,cctv2,C2_S008,G006,OCCUPIED,OCCUPIED,0.7660959228873253
332.0,cctv2,C2_S009,G005,OCCUPIED,OCCUPIED,0.7962489038705827
332.0,cctv2,C2_S010,G002,EMPTY,EMPTY,0.01
332.0,cctv2,C2_S011,G017,OCCUPIED,OCCUPIED,0.8088461875915528
332.0,cctv2,C2_S012,G018,OCCUPIED,LEAVING,0.8401412129402162
332.0,cctv2,C2_S013,G019,EMPTY,EMPTY,0.01
332.0,cctv2,C2_S014,G020,EMPTY,EMPTY,0.01
332.0,cctv3,C3_S001,G021,OCCUPIED,OCCUPIED,0.8006681352853776
332.0,cctv3,C3_S002,G019,EMPTY,EMPTY,0.01
332.0,cctv3,C3_S003,G020,OCCUPIED,OCCUPIED,0.6055600617329279
332.0,cctv3,C3_S004,G024,OCCUPIED,OCCUPIED,0.8199851274490357
332.0,cctv3,C3_S005,G025,OCCUPIED,OCCUPIED,0.8303534895181657
332.0,cctv3,C3_S006,G026,OCCUPIED,OCCUPIED,0.8248956084251404
332.0,cctv3,C3_S007,G027,OCCUPIED,OCCUPIED,0.7455569744110108
332.0,cctv3,C3_S008,G028,EMPTY,EMPTY,0.01
332.0,cctv3,C3_S009,G029,EMPTY,MANEUVERING,0.2482377787431081
332.0,cctv3,C3_S010,G007,OCCUPIED,LEAVING,0.5370755540827911
332.0,cctv3,C3_S011,G008,OCCUPIED,OCCUPIED,0.8005270302295685
332.0,cctv3,C3_S012,G009,OCCUPIED,OCCUPIED,0.8226677864789963
333.0,cctv1,C1_S001,G001,OCCUPIED,OCCUPIED,0.7381751304492356
333.0,cctv1,C1_S002,G002,EMPTY,EMPTY,0.01
333.0,cctv1,C1_S003,G003,OCCUPIED,OCCUPIED,0.8380904711782933
333.0,cctv1,C1_S004,G004,OCCUPIED,OCCUPIED,0.770120732113719
333.0,cctv1,C1_S005,G005,OCCUPIED,OCCUPIED,0.7860815308988095
333.0,cctv1,C1_S006,G006,EMPTY,EMPTY,0.01
333.0,cctv2,C2_S001,G007,OCCUPIED,OCCUPIED,0.51
333.0,cctv2,C2_S002,G008,OCCUPIED,OCCUPIED,0.8227495923638344
333.0,cctv2,C2_S003,G009,EMPTY,EMPTY,0.01
333.0,cctv2,C2_S004,G010,OCCUPIED,OCCUPIED,0.7523517578840256
333.0,cctv2,C2_S005,G001,EMPTY,EMPTY,0.01
333.0,cctv2,C2_S006,G003,OCCUPIED,OCCUPIED,0.8201225072145463
333.0,cctv2,C2_S007,G004,OCCUPIED,OCCUPIED,0.7863609701395036
333.0,cctv2,C2_S008,G006,OCCUPIED,OCCUPIED,0.7661262847483159
333.0,cctv2,C2_S009,G005,OCCUPIED,OCCUPIED,0.7985174611210824
333.0,cctv2,C2_S010,G002,EMPTY,EMPTY,0.01
333.0,cctv2,C2_S011,G017,OCCUPIED,OCCUPIED,0.8093283593654633
333.0,cctv2,C2_S012,G018,OCCUPIED,LEAVING,0.8403895601630211
333.0,cctv2,C2_S013,G019,EMPTY,EMPTY,0.01
333.0,cctv2,C2_S014,G020,EMPTY,EMPTY,0.01
333.0,cctv3,C3_S001,G021,OCCUPIED,OCCUPIED,0.7975155487656594
333.0,cctv3,C3_S002,G019,EMPTY,EMPTY,0.01
333.0,cctv3,C3_S003,G020,OCCUPIED,OCCUPIED,0.6548761653900147
333.0,cctv3,C3_S004,G024,OCCUPIED,OCCUPIED,0.8213959060609342
333.0,cctv3,C3_S005,G025,OCCUPIED,OCCUPIED,0.8308101177215577
333.0,cctv3,C3_S006,G026,OCCUPIED,OCCUPIED,0.8253602266311646
333.0,cctv3,C3_S007,G027,OCCUPIED,OCCUPIED,0.74813467040658
333.0,cctv3,C3_S008,G028,EMPTY,EMPTY,0.01
333.0,cctv3,C3_S009,G029,EMPTY,MANEUVERING,0.1899044454097748
333.0,cctv3,C3_S010,G007,OCCUPIED,LEAVING,0.6015311434864998
333.0,cctv3,C3_S011,G008,OCCUPIED,OCCUPIED,0.7982475437223912
333.0,cctv3,C3_S012,G009,OCCUPIED,OCCUPIED,0.823424682021141
334.0,cctv1,C1_S001,G001,OCCUPIED,OCCUPIED,0.7399086545407773
334.0,cctv1,C1_S002,G002,EMPTY,EMPTY,0.01
334.0,cctv1,C1_S003,G003,OCCUPIED,OCCUPIED,0.8378394293785096
334.0,cctv1,C1_S004,G004,OCCUPIED,OCCUPIED,0.7711759647727013
334.0,cctv1,C1_S005,G005,OCCUPIED,OCCUPIED,0.7875697612762452
334.0,cctv1,C1_S006,G006,EMPTY,EMPTY,0.01
334.0,cctv2,C2_S001,G007,OCCUPIED,OCCUPIED,0.51
334.0,cctv2,C2_S002,G008,OCCUPIED,OCCUPIED,0.8244155544042588
334.0,cctv2,C2_S003,G009,EMPTY,EMPTY,0.01
334.0,cctv2,C2_S004,G010,OCCUPIED,OCCUPIED,0.7518496590852738
334.0,cctv2,C2_S005,G001,EMPTY,EMPTY,0.01
334.0,cctv2,C2_S006,G003,OCCUPIED,OCCUPIED,0.8192148065567018
334.0,cctv2,C2_S007,G004,OCCUPIED,OCCUPIED,0.7826272028684617
334.0,cctv2,C2_S008,G006,OCCUPIED,OCCUPIED,0.7647326532006264
334.0,cctv2,C2_S009,G005,OCCUPIED,OCCUPIED,0.7984166860580445
334.0,cctv2,C2_S010,G002,EMPTY,EMPTY,0.01
334.0,cctv2,C2_S011,G017,OCCUPIED,OCCUPIED,0.8096007198095322
334.0,cctv2,C2_S012,G018,OCCUPIED,LEAVING,0.8103990331888199
334.0,cctv2,C2_S013,G019,EMPTY,MANEUVERING,0.2849482824802398
334.0,cctv2,C2_S014,G020,EMPTY,EMPTY,0.01
334.0,cctv3,C3_S001,G021,OCCUPIED,OCCUPIED,0.7967523360252381
334.0,cctv3,C3_S002,G019,EMPTY,EMPTY,0.01
334.0,cctv3,C3_S003,G020,OCCUPIED,LEAVING,0.6810401186347008
334.0,cctv3,C3_S004,G024,OCCUPIED,OCCUPIED,0.822742419242859
334.0,cctv3,C3_S005,G025,OCCUPIED,OCCUPIED,0.8309863603115082
334.0,cctv3,C3_S006,G026,OCCUPIED,OCCUPIED,0.8252736198902131
334.0,cctv3,C3_S007,G027,OCCUPIED,OCCUPIED,0.7489927944540978
334.0,cctv3,C3_S008,G028,EMPTY,EMPTY,0.01
334.0,cctv3,C3_S009,G029,EMPTY,MANEUVERING,0.1639044454097747
334.0,cctv3,C3_S010,G007,OCCUPIED,LEAVING,0.622803143247962
334.0,cctv3,C3_S011,G008,OCCUPIED,OCCUPIED,0.7974609506130219
334.0,cctv3,C3_S012,G009,OCCUPIED,OCCUPIED,0.824202408194542
335.0,cctv1,C1_S001,G001,OCCUPIED,OCCUPIED,0.7398205321282149
335.0,cctv1,C1_S002,G002,EMPTY,EMPTY,0.01
335.0,cctv1,C1_S003,G003,OCCUPIED,OCCUPIED,0.8375834405422211
335.0,cctv1,C1_S004,G004,OCCUPIED,OCCUPIED,0.7713782288134099
335.0,cctv1,C1_S005,G005,OCCUPIED,OCCUPIED,0.7898801863193512
335.0,cctv1,C1_S006,G006,EMPTY,EMPTY,0.01
335.0,cctv2,C2_S001,G007,OCCUPIED,OCCUPIED,0.51
335.0,cctv2,C2_S002,G008,OCCUPIED,OCCUPIED,0.8247169002890588
335.0,cctv2,C2_S003,G009,EMPTY,EMPTY,0.01
335.0,cctv2,C2_S004,G010,OCCUPIED,OCCUPIED,0.7531527392566205
335.0,cctv2,C2_S005,G001,EMPTY,EMPTY,0.01
335.0,cctv2,C2_S006,G003,OCCUPIED,OCCUPIED,0.8188682466745377
335.0,cctv2,C2_S007,G004,OCCUPIED,OCCUPIED,0.7818125262856483
335.0,cctv2,C2_S008,G006,OCCUPIED,OCCUPIED,0.762601013481617
335.0,cctv2,C2_S009,G005,OCCUPIED,OCCUPIED,0.798210808634758
335.0,cctv2,C2_S010,G002,EMPTY,EMPTY,0.01
335.0,cctv2,C2_S011,G017,OCCUPIED,OCCUPIED,0.8085101261734963
335.0,cctv2,C2_S012,G018,OCCUPIED,LEAVING,0.6827323665221532
335.0,cctv2,C2_S013,G019,EMPTY,MANEUVERING,0.3960884102185567
335.0,cctv2,C2_S014,G020,EMPTY,EMPTY,0.01
335.0,cctv3,C3_S001,G021,OCCUPIED,OCCUPIED,0.7985081776976586
335.0,cctv3,C3_S002,G019,EMPTY,EMPTY,0.01
335.0,cctv3,C3_S003,G020,OCCUPIED,LEAVING,0.7415075184901556
335.0,cctv3,C3_S004,G024,OCCUPIED,OCCUPIED,0.8232116669416428
335.0,cctv3,C3_S005,G025,OCCUPIED,OCCUPIED,0.8310824647545815
335.0,cctv3,C3_S006,G026,OCCUPIED,OCCUPIED,0.8255241498351098
335.0,cctv3,C3_S007,G027,OCCUPIED,OCCUPIED,0.7479218780994416
335.0,cctv3,C3_S008,G028,EMPTY,EMPTY,0.01
335.0,cctv3,C3_S009,G029,EMPTY,MANEUVERING,0.1465711120764414
335.0,cctv3,C3_S010,G007,OCCUPIED,LEAVING,0.640465050538381
335.0,cctv3,C3_S011,G008,OCCUPIED,OCCUPIED,0.7977739483118058
335.0,cctv3,C3_S012,G009,OCCUPIED,OCCUPIED,0.8245523348450662
336.0,cctv1,C1_S001,G001,OCCUPIED,OCCUPIED,0.7412006383495672
336.0,cctv1,C1_S002,G002,EMPTY,EMPTY,0.01
336.0,cctv1,C1_S003,G003,OCCUPIED,OCCUPIED,0.8375959302697864
336.0,cctv1,C1_S004,G004,OCCUPIED,OCCUPIED,0.7709237364786012
336.0,cctv1,C1_S005,G005,OCCUPIED,OCCUPIED,0.7906699223177774
336.0,cctv1,C1_S006,G006,EMPTY,EMPTY,0.01
336.0,cctv2,C2_S001,G007,OCCUPIED,OCCUPIED,0.51
336.0,cctv2,C2_S002,G008,OCCUPIED,OCCUPIED,0.8254741081169674
336.0,cctv2,C2_S003,G009,EMPTY,EMPTY,0.01
336.0,cctv2,C2_S004,G010,OCCUPIED,OCCUPIED,0.7538358624492374
336.0,cctv2,C2_S005,G001,EMPTY,EMPTY,0.01
336.0,cctv2,C2_S006,G003,OCCUPIED,OCCUPIED,0.818872715319906
336.0,cctv2,C2_S007,G004,OCCUPIED,OCCUPIED,0.7806030356458256
336.0,cctv2,C2_S008,G006,OCCUPIED,OCCUPIED,0.7603289949042458
336.0,cctv2,C2_S009,G005,OCCUPIED,OCCUPIED,0.7982948000941958
336.0,cctv2,C2_S010,G002,EMPTY,EMPTY,0.01
336.0,cctv2,C2_S011,G017,OCCUPIED,OCCUPIED,0.8077314640794482
336.0,cctv2,C2_S012,G018,OCCUPIED,LEAVING,0.5786847474745342
336.0,cctv2,C2_S013,G019,EMPTY,MANEUVERING,0.49
336.0,cctv2,C2_S014,G020,EMPTY,EMPTY,0.01
336.0,cctv3,C3_S001,G021,OCCUPIED,OCCUPIED,0.7986706912517548
336.0,cctv3,C3_S002,G019,EMPTY,EMPTY,0.01
336.0,cctv3,C3_S003,G020,OCCUPIED,LEAVING,0.7506393607173648
336.0,cctv3,C3_S004,G024,OCCUPIED,OCCUPIED,0.8235598704644612
336.0,cctv3,C3_S005,G025,OCCUPIED,OCCUPIED,0.8311373599937985
336.0,cctv3,C3_S006,G026,OCCUPIED,OCCUPIED,0.8254733251673836
336.0,cctv3,C3_S007,G027,OCCUPIED,OCCUPIED,0.7457831375300885
336.0,cctv3,C3_S008,G028,EMPTY,EMPTY,0.01
336.0,cctv3,C3_S009,G029,EMPTY,MANEUVERING,0.089190159695489
336.0,cctv3,C3_S010,G007,OCCUPIED,LEAVING,0.6960372247227601
336.0,cctv3,C3_S011,G008,OCCUPIED,OCCUPIED,0.796219135607992
336.0,cctv3,C3_S012,G009,OCCUPIED,OCCUPIED,0.8247055811541422
337.0,cctv1,C1_S001,G001,OCCUPIED,OCCUPIED,0.7400914011523129
337.0,cctv1,C1_S002,G002,EMPTY,EMPTY,0.01
337.0,cctv1,C1_S003,G003,OCCUPIED,OCCUPIED,0.8377456720918417
337.0,cctv1,C1_S004,G004,OCCUPIED,OCCUPIED,0.7718541828915477
337.0,cctv1,C1_S005,G005,OCCUPIED,OCCUPIED,0.7891487922519446
337.0,cctv1,C1_S006,G006,EMPTY,EMPTY,0.01
337.0,cctv2,C2_S001,G007,OCCUPIED,OCCUPIED,0.51
337.0,cctv2,C2_S002,G008,OCCUPIED,OCCUPIED,0.8263777058571578
337.0,cctv2,C2_S003,G009,EMPTY,EMPTY,0.01
337.0,cctv2,C2_S004,G010,OCCUPIED,OCCUPIED,0.7551379539072515
337.0,cctv2,C2_S005,G001,EMPTY,EMPTY,0.01
337.0,cctv2,C2_S006,G003,OCCUPIED,OCCUPIED,0.8189227227121592
337.0,cctv2,C2_S007,G004,OCCUPIED,OCCUPIED,0.7798436978831887
337.0,cctv2,C2_S008,G006,OCCUPIED,OCCUPIED,0.7596581360325217
337.0,cctv2,C2_S009,G005,OCCUPIED,OCCUPIED,0.7978755794465543
337.0,cctv2,C2_S010,G002,EMPTY,EMPTY,0.01
337.0,cctv2,C2_S011,G017,OCCUPIED,OCCUPIED,0.8074990089982749
337.0,cctv2,C2_S012,G018,OCCUPIED,LEAVING,0.51
337.0,cctv2,C2_S013,G019,EMPTY,MANEUVERING,0.49
337.0,cctv2,C2_S014,G020,EMPTY,EMPTY,0.01
337.0,cctv3,C3_S001,G021,OCCUPIED,OCCUPIED,0.7997887041419746
337.0,cctv3,C3_S002,G019,EMPTY,EMPTY,0.01
337.0,cctv3,C3_S003,G020,OCCUPIED,LEAVING,0.7590070345572063
337.0,cctv3,C3_S004,G024,OCCUPIED,OCCUPIED,0.8239662602543831
337.0,cctv3,C3_S005,G025,OCCUPIED,OCCUPIED,0.8311499245464802
337.0,cctv3,C3_S006,G026,OCCUPIED,OCCUPIED,0.8253729403018952
337.0,cctv3,C3_S007,G027,OCCUPIED,OCCUPIED,0.7460397274233401
337.0,cctv3,C3_S008,G028,EMPTY,EMPTY,0.01
337.0,cctv3,C3_S009,G029,EMPTY,MANEUVERING,0.0799044454097747
337.0,cctv3,C3_S010,G007,OCCUPIED,LEAVING,0.7046609103253909
337.0,cctv3,C3_S011,G008,OCCUPIED,OCCUPIED,0.7953652307391167
337.0,cctv3,C3_S012,G009,OCCUPIED,OCCUPIED,0.8239383988082409
338.0,cctv1,C1_S001,G001,OCCUPIED,OCCUPIED,0.7384250894188882
338.0,cctv1,C1_S002,G002,EMPTY,EMPTY,0.01
338.0,cctv1,C1_S003,G003,OCCUPIED,OCCUPIED,0.8380047221978506
338.0,cctv1,C1_S004,G004,OCCUPIED,OCCUPIED,0.7711381465196611
338.0,cctv1,C1_S005,G005,OCCUPIED,OCCUPIED,0.7870592708388965
338.0,cctv1,C1_S006,G006,EMPTY,EMPTY,0.01
338.0,cctv2,C2_S001,G007,OCCUPIED,OCCUPIED,0.51
338.0,cctv2,C2_S002,G008,OCCUPIED,OCCUPIED,0.825565078854561
338.0,cctv2,C2_S003,G009,EMPTY,EMPTY,0.01
338.0,cctv2,C2_S004,G010,OCCUPIED,OCCUPIED,0.7562524894873301
338.0,cctv2,C2_S005,G001,EMPTY,EMPTY,0.01
338.0,cctv2,C2_S006,G003,OCCUPIED,OCCUPIED,0.8191953659057618
338.0,cctv2,C2_S007,G004,OCCUPIED,OCCUPIED,0.7797919417421024
338.0,cctv2,C2_S008,G006,OCCUPIED,OCCUPIED,0.7600653390089671
338.0,cctv2,C2_S009,G005,OCCUPIED,OCCUPIED,0.7967264850934347
338.0,cctv2,C2_S010,G002,EMPTY,EMPTY,0.01
338.0,cctv2,C2_S011,G017,OCCUPIED,OCCUPIED,0.8075247198343277
338.0,cctv2,C2_S012,G018,OCCUPIED,OCCUPIED,0.51
338.0,cctv2,C2_S013,G019,EMPTY,MANEUVERING,0.49
338.0,cctv2,C2_S014,G020,EMPTY,EMPTY,0.01
338.0,cctv3,C3_S001,G021,OCCUPIED,OCCUPIED,0.8005036006371181
338.0,cctv3,C3_S002,G019,EMPTY,EMPTY,0.01
338.0,cctv3,C3_S003,G020,OCCUPIED,LEAVING,0.7667584940377209
338.0,cctv3,C3_S004,G024,OCCUPIED,OCCUPIED,0.8244763503472011
338.0,cctv3,C3_S005,G025,OCCUPIED,OCCUPIED,0.831187524398168
338.0,cctv3,C3_S006,G026,OCCUPIED,OCCUPIED,0.8253491034110387
338.0,cctv3,C3_S007,G027,OCCUPIED,OCCUPIED,0.7459341518580914
338.0,cctv3,C3_S008,G028,EMPTY,EMPTY,0.01
338.0,cctv3,C3_S009,G029,EMPTY,MANEUVERING,0.1749773860681388
338.0,cctv3,C3_S010,G007,OCCUPIED,LEAVING,0.6091053547698354
338.0,cctv3,C3_S011,G008,OCCUPIED,OCCUPIED,0.7951536029577256
338.0,cctv3,C3_S012,G009,OCCUPIED,OCCUPIED,0.8240626603364944
339.0,cctv1,C1_S001,G001,OCCUPIED,OCCUPIED,0.7373515902459622
339.0,cctv1,C1_S002,G002,EMPTY,EMPTY,0.01
339.0,cctv1,C1_S003,G003,OCCUPIED,OCCUPIED,0.8380867746472359
339.0,cctv1,C1_S004,G004,OCCUPIED,OCCUPIED,0.7711337588727475
339.0,cctv1,C1_S005,G005,OCCUPIED,OCCUPIED,0.7880546532571316
339.0,cctv1,C1_S006,G006,EMPTY,EMPTY,0.01
339.0,cctv2,C2_S001,G007,OCCUPIED,OCCUPIED,0.51
339.0,cctv2,C2_S002,G008,OCCUPIED,OCCUPIED,0.8243934521079064
339.0,cctv2,C2_S003,G009,EMPTY,EMPTY,0.01
339.0,cctv2,C2_S004,G010,OCCUPIED,OCCUPIED,0.7567918951809407
339.0,cctv2,C2_S005,G001,EMPTY,EMPTY,0.01
339.0,cctv2,C2_S006,G003,OCCUPIED,OCCUPIED,0.8192619195580483
339.0,cctv2,C2_S007,G004,OCCUPIED,OCCUPIED,0.7803500963747502
339.0,cctv2,C2_S008,G006,OCCUPIED,OCCUPIED,0.7609521408379079
339.0,cctv2,C2_S009,G005,OCCUPIED,OCCUPIED,0.7962958303093911
339.0,cctv2,C2_S010,G002,EMPTY,EMPTY,0.01
339.0,cctv2,C2_S011,G017,OCCUPIED,OCCUPIED,0.8078100484609605
339.0,cctv2,C2_S012,G018,OCCUPIED,OCCUPIED,0.51
339.0,cctv2,C2_S013,G019,EMPTY,MANEUVERING,0.49
339.0,cctv2,C2_S014,G020,EMPTY,EMPTY,0.01
339.0,cctv3,C3_S001,G021,OCCUPIED,OCCUPIED,0.8012452453374863
339.0,cctv3,C3_S002,G019,EMPTY,EMPTY,0.01
339.0,cctv3,C3_S003,G020,OCCUPIED,LEAVING,0.7722892489035924
339.0,cctv3,C3_S004,G024,OCCUPIED,OCCUPIED,0.8249006336927415
339.0,cctv3,C3_S005,G025,OCCUPIED,OCCUPIED,0.8312180128693581
339.0,cctv3,C3_S006,G026,OCCUPIED,OCCUPIED,0.8253150993585587
339.0,cctv3,C3_S007,G027,OCCUPIED,OCCUPIED,0.7465151300281286
339.0,cctv3,C3_S008,G028,EMPTY,EMPTY,0.01
339.0,cctv3,C3_S009,G029,EMPTY,MANEUVERING,0.1634218305125832
339.0,cctv3,C3_S010,G007,OCCUPIED,LEAVING,0.6202034143954516
339.0,cctv3,C3_S011,G008,OCCUPIED,OCCUPIED,0.7947717937827111
339.0,cctv3,C3_S012,G009,OCCUPIED,OCCUPIED,0.8239746341109276
340.0,cctv1,C1_S001,G001,OCCUPIED,OCCUPIED,0.7377806541594593
340.0,cctv1,C1_S002,G002,EMPTY,EMPTY,0.01
340.0,cctv1,C1_S003,G003,OCCUPIED,OCCUPIED,0.8382303684949876
340.0,cctv1,C1_S004,G004,OCCUPIED,OCCUPIED,0.7711920280348171
340.0,cctv1,C1_S005,G005,OCCUPIED,OCCUPIED,0.7873712627725168
340.0,cctv1,C1_S006,G006,EMPTY,EMPTY,0.01
340.0,cctv2,C2_S001,G007,OCCUPIED,OCCUPIED,0.51
340.0,cctv2,C2_S002,G008,OCCUPIED,OCCUPIED,0.8237933849746532
340.0,cctv2,C2_S003,G009,EMPTY,EMPTY,0.01
340.0,cctv2,C2_S004,G010,OCCUPIED,OCCUPIED,0.7570096288215031
340.0,cctv2,C2_S005,G001,EMPTY,EMPTY,0.01
340.0,cctv2,C2_S006,G003,OCCUPIED,OCCUPIED,0.8192869600924579
340.0,cctv2,C2_S007,G004,OCCUPIED,OCCUPIED,0.7798257146369327
340.0,cctv2,C2_S008,G006,OCCUPIED,OCCUPIED,0.7615003981373527
340.0,cctv2,C2_S009,G005,OCCUPIED,OCCUPIED,0.7961599826812745
340.0,cctv2,C2_S010,G002,EMPTY,EMPTY,0.01
340.0,cctv2,C2_S011,G017,OCCUPIED,OCCUPIED,0.8080211782997305
340.0,cctv2,C2_S012,G018,OCCUPIED,OCCUPIED,0.51
340.0,cctv2,C2_S013,G019,EMPTY,MANEUVERING,0.49
340.0,cctv2,C2_S014,G020,EMPTY,EMPTY,0.01
340.0,cctv3,C3_S001,G021,OCCUPIED,OCCUPIED,0.8020429318601435
340.0,cctv3,C3_S002,G019,EMPTY,EMPTY,0.01
340.0,cctv3,C3_S003,G020,OCCUPIED,LEAVING,0.7762227209318768
340.0,cctv3,C3_S004,G024,OCCUPIED,OCCUPIED,0.8250223902138798
340.0,cctv3,C3_S005,G025,OCCUPIED,OCCUPIED,0.8312692606990988
340.0,cctv3,C3_S006,G026,OCCUPIED,OCCUPIED,0.8251877971670845
340.0,cctv3,C3_S007,G027,OCCUPIED,OCCUPIED,0.7461480077694763
340.0,cctv3,C3_S008,G028,EMPTY,EMPTY,0.01
340.0,cctv3,C3_S009,G029,EMPTY,MANEUVERING,0.1539672850580378
340.0,cctv3,C3_S010,G007,OCCUPIED,LEAVING,0.6280661434296406
340.0,cctv3,C3_S011,G008,OCCUPIED,OCCUPIED,0.7947992403398861
340.0,cctv3,C3_S012,G009,OCCUPIED,OCCUPIED,0.8240453882650897
341.0,cctv1,C1_S001,G001,OCCUPIED,OCCUPIED,0.737823920222846
341.0,cctv1,C1_S002,G002,EMPTY,EMPTY,0.01
341.0,cctv1,C1_S003,G003,OCCUPIED,OCCUPIED,0.8383175362240185
341.0,cctv1,C1_S004,G004,OCCUPIED,OCCUPIED,0.7699842297218064
341.0,cctv1,C1_S005,G005,OCCUPIED,OCCUPIED,0.7859817582097921
341.0,cctv1,C1_S006,G006,EMPTY,EMPTY,0.01
341.0,cctv2,C2_S001,G007,OCCUPIED,OCCUPIED,0.51
341.0,cctv2,C2_S002,G008,OCCUPIED,OCCUPIED,0.8233685376969251
341.0,cctv2,C2_S003,G009,EMPTY,EMPTY,0.01
341.0,cctv2,C2_S004,G010,OCCUPIED,OCCUPIED,0.7586523997512731
341.0,cctv2,C2_S005,G001,EMPTY,EMPTY,0.01
341.0,cctv2,C2_S006,G003,OCCUPIED,OCCUPIED,0.8191053973002868
341.0,cctv2,C2_S007,G004,OCCUPIED,OCCUPIED,0.7789485250007023
341.0,cctv2,C2_S008,G006,OCCUPIED,OCCUPIED,0.7620924266901884
341.0,cctv2,C2_S009,G005,OCCUPIED,OCCUPIED,0.79519872286103
341.0,cctv2,C2_S010,G002,EMPTY,EMPTY,0.01
341.0,cctv2,C2_S011,G017,OCCUPIED,OCCUPIED,0.8081376934593375
341.0,cctv2,C2_S012,G018,OCCUPIED,OCCUPIED,0.51
341.0,cctv2,C2_S013,G019,EMPTY,MANEUVERING,0.49
341.0,cctv2,C2_S014,G020,EMPTY,EMPTY,0.01
341.0,cctv3,C3_S001,G021,OCCUPIED,OCCUPIED,0.8019782605496321
341.0,cctv3,C3_S002,G019,EMPTY,EMPTY,0.01
341.0,cctv3,C3_S003,G020,OCCUPIED,LEAVING,0.7788603838194501
341.0,cctv3,C3_S004,G024,OCCUPIED,OCCUPIED,0.8265261999585413
341.0,cctv3,C3_S005,G025,OCCUPIED,OCCUPIED,0.8313621659170498
341.0,cctv3,C3_S006,G026,OCCUPIED,OCCUPIED,0.8251311919905924
341.0,cctv3,C3_S007,G027,OCCUPIED,OCCUPIED,0.7458964966237546
341.0,cctv3,C3_S008,G028,EMPTY,EMPTY,0.01
341.0,cctv3,C3_S009,G029,EMPTY,MANEUVERING,0.1539672850580378
341.0,cctv3,C3_S010,G007,OCCUPIED,LEAVING,0.6277023961507914
341.0,cctv3,C3_S011,G008,OCCUPIED,OCCUPIED,0.7944392919540406
341.0,cctv3,C3_S012,G009,OCCUPIED,OCCUPIED,0.8246690490029076
342.0,cctv1,C1_S001,G001,OCCUPIED,OCCUPIED,0.7353881254453551
342.0,cctv1,C1_S002,G002,EMPTY,EMPTY,0.01
342.0,cctv1,C1_S003,G003,OCCUPIED,OCCUPIED,0.8385724988850681
342.0,cctv1,C1_S004,G004,OCCUPIED,OCCUPIED,0.7708199613473633
342.0,cctv1,C1_S005,G005,OCCUPIED,OCCUPIED,0.7857843183658341
342.0,cctv1,C1_S006,G006,EMPTY,EMPTY,0.01
342.0,cctv2,C2_S001,G007,OCCUPIED,OCCUPIED,0.51
342.0,cctv2,C2_S002,G008,OCCUPIED,OCCUPIED,0.8234785545956005
342.0,cctv2,C2_S003,G009,EMPTY,EMPTY,0.01
342.0,cctv2,C2_S004,G010,OCCUPIED,OCCUPIED,0.7615727816115727
342.0,cctv2,C2_S005,G001,EMPTY,EMPTY,0.01
342.0,cctv2,C2_S006,G003,OCCUPIED,OCCUPIED,0.8190130358392542
342.0,cctv2,C2_S007,G004,OCCUPIED,OCCUPIED,0.7791212576356802
342.0,cctv2,C2_S008,G006,OCCUPIED,OCCUPIED,0.7628354274413803
342.0,cctv2,C2_S009,G005,OCCUPIED,OCCUPIED,0.7948849027807063
342.0,cctv2,C2_S010,G002,EMPTY,EMPTY,0.01
342.0,cctv2,C2_S011,G017,OCCUPIED,OCCUPIED,0.808771252361211
342.0,cctv2,C2_S012,G018,OCCUPIED,OCCUPIED,0.51
342.0,cctv2,C2_S013,G019,EMPTY,MANEUVERING,0.49
342.0,cctv2,C2_S014,G020,EMPTY,EMPTY,0.01
342.0,cctv3,C3_S001,G021,OCCUPIED,OCCUPIED,0.8033687640320172
342.0,cctv3,C3_S002,G019,EMPTY,EMPTY,0.01
342.0,cctv3,C3_S003,G020,OCCUPIED,LEAVING,0.8141874996098606
342.0,cctv3,C3_S004,G024,OCCUPIED,OCCUPIED,0.8267756811597131
342.0,cctv3,C3_S005,G025,OCCUPIED,OCCUPIED,0.8314301664179022
342.0,cctv3,C3_S006,G026,OCCUPIED,OCCUPIED,0.8249054914171046
342.0,cctv3,C3_S007,G027,OCCUPIED,OCCUPIED,0.7463564718988809
342.0,cctv3,C3_S008,G028,EMPTY,EMPTY,0.01
342.0,cctv3,C3_S009,G029,EMPTY,MANEUVERING,0.1089672850580378
342.0,cctv3,C3_S010,G007,OCCUPIED,LEAVING,0.6736217078927792
342.0,cctv3,C3_S011,G008,OCCUPIED,OCCUPIED,0.7940590725703673
342.0,cctv3,C3_S012,G009,OCCUPIED,OCCUPIED,0.8249844719063153
343.0,cctv1,C1_S001,G001,OCCUPIED,OCCUPIED,0.7361686671660705
343.0,cctv1,C1_S002,G002,EMPTY,EMPTY,0.01
343.0,cctv1,C1_S003,G003,OCCUPIED,OCCUPIED,0.8384003148837523
343.0,cctv1,C1_S004,G004,OCCUPIED,OCCUPIED,0.7716898521239108
343.0,cctv1,C1_S005,G005,OCCUPIED,OCCUPIED,0.7861141756176949
343.0,cctv1,C1_S006,G006,EMPTY,EMPTY,0.01
343.0,cctv2,C2_S001,G007,EMPTY,EMPTY,0.2206078217517246
343.0,cctv2,C2_S002,G008,OCCUPIED,OCCUPIED,0.8242573526772586
343.0,cctv2,C2_S003,G009,EMPTY,EMPTY,0.01
343.0,cctv2,C2_S004,G010,OCCUPIED,OCCUPIED,0.7611527212641457
343.0,cctv2,C2_S005,G001,EMPTY,EMPTY,0.01
343.0,cctv2,C2_S006,G003,OCCUPIED,OCCUPIED,0.8187130974097686
343.0,cctv2,C2_S007,G004,OCCUPIED,OCCUPIED,0.7790543804114516
343.0,cctv2,C2_S008,G006,OCCUPIED,OCCUPIED,0.7623067290945487
343.0,cctv2,C2_S009,G005,OCCUPIED,OCCUPIED,0.7947731497612867
343.0,cctv2,C2_S010,G002,EMPTY,EMPTY,0.01
343.0,cctv2,C2_S011,G017,OCCUPIED,OCCUPIED,0.8077530768784611
343.0,cctv2,C2_S012,G018,OCCUPIED,OCCUPIED,0.51
343.0,cctv2,C2_S013,G019,EMPTY,MANEUVERING,0.49
343.0,cctv2,C2_S014,G020,EMPTY,EMPTY,0.01
343.0,cctv3,C3_S001,G021,OCCUPIED,OCCUPIED,0.8044277253476056
343.0,cctv3,C3_S002,G019,EMPTY,EMPTY,0.01
343.0,cctv3,C3_S003,G020,OCCUPIED,LEAVING,0.8143678383393722
343.0,cctv3,C3_S004,G024,OCCUPIED,OCCUPIED,0.8270797989585184
343.0,cctv3,C3_S005,G025,OCCUPIED,OCCUPIED,0.8315173650329764
343.0,cctv3,C3_S006,G026,OCCUPIED,OCCUPIED,0.824965310367671
343.0,cctv3,C3_S007,G027,OCCUPIED,OCCUPIED,0.7466846178201112
343.0,cctv3,C3_S008,G028,EMPTY,EMPTY,0.01
343.0,cctv3,C3_S009,G029,EMPTY,MANEUVERING,0.061211942888119
343.0,cctv3,C3_S010,G007,OCCUPIED,LEAVING,0.7216116899929265
343.0,cctv3,C3_S011,G008,OCCUPIED,OCCUPIED,0.7929488387974827
343.0,cctv3,C3_S012,G009,OCCUPIED,OCCUPIED,0.8249150327660821
344.0,cctv1,C1_S001,G001,OCCUPIED,OCCUPIED,0.7350615486163985
344.0,cctv1,C1_S002,G002,EMPTY,EMPTY,0.01
344.0,cctv1,C1_S003,G003,OCCUPIED,OCCUPIED,0.8386057192629035
344.0,cctv1,C1_S004,G004,OCCUPIED,OCCUPIED,0.7715350130742247
344.0,cctv1,C1_S005,G005,OCCUPIED,OCCUPIED,0.788786262951114
344.0,cctv1,C1_S006,G006,EMPTY,EMPTY,0.01
344.0,cctv2,C2_S001,G007,EMPTY,MANEUVERING,0.2206078217517246
344.0,cctv2,C2_S002,G008,OCCUPIED,OCCUPIED,0.8250419353896922
344.0,cctv2,C2_S003,G009,EMPTY,EMPTY,0.01
344.0,cctv2,C2_S004,G010,OCCUPIED,OCCUPIED,0.7616676037961787
344.0,cctv2,C2_S005,G001,EMPTY,EMPTY,0.01
344.0,cctv2,C2_S006,G003,OCCUPIED,OCCUPIED,0.8188894729722631
344.0,cctv2,C2_S007,G004,OCCUPIED,OCCUPIED,0.7786810697479682
344.0,cctv2,C2_S008,G006,OCCUPIED,OCCUPIED,0.763504673134197
344.0,cctv2,C2_S009,G005,OCCUPIED,OCCUPIED,0.7944276633587751
344.0,cctv2,C2_S010,G002,EMPTY,EMPTY,0.01
344.0,cctv2,C2_S011,G017,OCCUPIED,OCCUPIED,0.8080420629544692
344.0,cctv2,C2_S012,G018,EMPTY,EMPTY,0.2668005616556514
344.0,cctv2,C2_S013,G019,EMPTY,MANEUVERING,0.49
344.0,cctv2,C2_S014,G020,EMPTY,EMPTY,0.01
344.0,cctv3,C3_S001,G021,OCCUPIED,OCCUPIED,0.8057750956578689
344.0,cctv3,C3_S002,G019,EMPTY,EMPTY,0.01
344.0,cctv3,C3_S003,G020,OCCUPIED,LEAVING,0.8161800476637754
344.0,cctv3,C3_S004,G024,OCCUPIED,OCCUPIED,0.8274062709374862
344.0,cctv3,C3_S005,G025,OCCUPIED,OCCUPIED,0.8314672548662533
344.0,cctv3,C3_S006,G026,OCCUPIED,OCCUPIED,0.8247538450089369
344.0,cctv3,C3_S007,G027,OCCUPIED,OCCUPIED,0.7465901386331428
344.0,cctv3,C3_S008,G028,EMPTY,EMPTY,0.01
344.0,cctv3,C3_S009,G029,EMPTY,MANEUVERING,0.061211942888119
344.0,cctv3,C3_S010,G007,OCCUPIED,LEAVING,0.7204135338149289
344.0,cctv3,C3_S011,G008,OCCUPIED,OCCUPIED,0.7935290518132123
344.0,cctv3,C3_S012,G009,OCCUPIED,OCCUPIED,0.8247637960043821
345.0,cctv1,C1_S001,G001,OCCUPIED,OCCUPIED,0.7343425109643829
345.0,cctv1,C1_S002,G002,EMPTY,EMPTY,0.01
345.0,cctv1,C1_S003,G003,OCCUPIED,OCCUPIED,0.8386872535402126
345.0,cctv1,C1_S004,G004,OCCUPIED,OCCUPIED,0.7703389823436738
345.0,cctv1,C1_S005,G005,OCCUPIED,OCCUPIED,0.7855309617790309
345.0,cctv1,C1_S006,G006,EMPTY,EMPTY,0.01
345.0,cctv2,C2_S001,G007,EMPTY,MANEUVERING,0.2206078217517246
345.0,cctv2,C2_S002,G008,OCCUPIED,OCCUPIED,0.8237419979138808
345.0,cctv2,C2_S003,G009,EMPTY,EMPTY,0.01
345.0,cctv2,C2_S004,G010,OCCUPIED,OCCUPIED,0.7617647448723968
345.0,cctv2,C2_S005,G001,EMPTY,EMPTY,0.01
345.0,cctv2,C2_S006,G003,OCCUPIED,OCCUPIED,0.8190536656162957
345.0,cctv2,C2_S007,G004,OCCUPIED,OCCUPIED,0.7789758506146345
345.0,cctv2,C2_S008,G006,OCCUPIED,OCCUPIED,0.7648916356942871
345.0,cctv2,C2_S009,G005,OCCUPIED,OCCUPIED,0.7942781415852634
345.0,cctv2,C2_S010,G002,EMPTY,EMPTY,0.01
345.0,cctv2,C2_S011,G017,OCCUPIED,OCCUPIED,0.8081369830803439
345.0,cctv2,C2_S012,G018,EMPTY,EMPTY,0.01
345.0,cctv2,C2_S013,G019,OCCUPIED,OCCUPIED,0.830863078344952
345.0,cctv2,C2_S014,G020,EMPTY,EMPTY,0.01
345.0,cctv3,C3_S001,G021,OCCUPIED,OCCUPIED,0.8064922500740399
345.0,cctv3,C3_S002,G019,EMPTY,EMPTY,0.01
345.0,cctv3,C3_S003,G020,OCCUPIED,LEAVING,0.8159123688936234
345.0,cctv3,C3_S004,G024,OCCUPIED,OCCUPIED,0.8274442632089962
345.0,cctv3,C3_S005,G025,OCCUPIED,OCCUPIED,0.8314631421457638
345.0,cctv3,C3_S006,G026,OCCUPIED,OCCUPIED,0.8247734511440451
345.0,cctv3,C3_S007,G027,OCCUPIED,OCCUPIED,0.7463283672251485
345.0,cctv3,C3_S008,G028,EMPTY,EMPTY,0.01
345.0,cctv3,C3_S009,G029,EMPTY,MANEUVERING,0.061211942888119
345.0,cctv3,C3_S010,G007,OCCUPIED,LEAVING,0.7205707805536011
345.0,cctv3,C3_S011,G008,OCCUPIED,OCCUPIED,0.7927332387729125
345.0,cctv3,C3_S012,G009,OCCUPIED,OCCUPIED,0.8246110954067924
346.0,cctv1,C1_S001,G001,OCCUPIED,OCCUPIED,0.7336444648490711
346.0,cctv1,C1_S002,G002,EMPTY,EMPTY,0.01
346.0,cctv1,C1_S003,G003,OCCUPIED,OCCUPIED,0.83888462592255
346.0,cctv1,C1_S004,G004,OCCUPIED,OCCUPIED,0.7702594515952198
346.0,cctv1,C1_S005,G005,OCCUPIED,OCCUPIED,0.784068536893888
346.0,cctv1,C1_S006,G006,EMPTY,EMPTY,0.01
346.0,cctv2,C2_S001,G007,EMPTY,MANEUVERING,0.2206078217517246
346.0,cctv2,C2_S002,G008,OCCUPIED,OCCUPIED,0.8220094477588481
346.0,cctv2,C2_S003,G009,EMPTY,EMPTY,0.01
346.0,cctv2,C2_S004,G010,OCCUPIED,OCCUPIED,0.7614728567275135
346.0,cctv2,C2_S005,G001,EMPTY,EMPTY,0.01
346.0,cctv2,C2_S006,G003,OCCUPIED,OCCUPIED,0.8192180695858869
346.0,cctv2,C2_S007,G004,OCCUPIED,OCCUPIED,0.7781045366417279
346.0,cctv2,C2_S008,G006,OCCUPIED,OCCUPIED,0.7664787085218864
346.0,cctv2,C2_S009,G005,OCCUPIED,OCCUPIED,0.7940998673439027
346.0,cctv2,C2_S010,G002,EMPTY,EMPTY,0.01
346.0,cctv2,C2_S011,G017,OCCUPIED,OCCUPIED,0.8089498842304403
346.0,cctv2,C2_S012,G018,EMPTY,EMPTY,0.01
346.0,cctv2,C2_S013,G019,OCCUPIED,OCCUPIED,0.8305869107896632
346.0,cctv2,C2_S014,G020,EMPTY,EMPTY,0.01
346.0,cctv3,C3_S001,G021,OCCUPIED,OCCUPIED,0.8065888689322905
346.0,cctv3,C3_S002,G019,EMPTY,EMPTY,0.01
346.0,cctv3,C3_S003,G020,OCCUPIED,LEAVING,0.8151091033762152
346.0,cctv3,C3_S004,G024,OCCUPIED,OCCUPIED,0.827631865035404
346.0,cctv3,C3_S005,G025,OCCUPIED,OCCUPIED,0.8315078732642261
346.0,cctv3,C3_S006,G026,OCCUPIED,OCCUPIED,0.8243840903043748
346.0,cctv3,C3_S007,G027,OCCUPIED,OCCUPIED,0.7459859462624248
346.0,cctv3,C3_S008,G028,EMPTY,EMPTY,0.01
346.0,cctv3,C3_S009,G029,EMPTY,MANEUVERING,0.061211942888119
346.0,cctv3,C3_S010,G007,OCCUPIED,LEAVING,0.7196443008563737
346.0,cctv3,C3_S011,G008,OCCUPIED,OCCUPIED,0.7920865516770971
346.0,cctv3,C3_S012,G009,OCCUPIED,OCCUPIED,0.8244534814899619
347.0,cctv1,C1_S001,G001,OCCUPIED,OCCUPIED,0.733894546296109
347.0,cctv1,C1_S002,G002,EMPTY,EMPTY,0.01
347.0,cctv1,C1_S003,G003,OCCUPIED,OCCUPIED,0.8388944143598731
347.0,cctv1,C1_S004,G004,OCCUPIED,OCCUPIED,0.7701849069107664
347.0,cctv1,C1_S005,G005,OCCUPIED,OCCUPIED,0.7826971502466635
347.0,cctv1,C1_S006,G006,EMPTY,EMPTY,0.01
347.0,cctv2,C2_S001,G007,EMPTY,EMPTY,0.01
347.0,cctv2,C2_S002,G008,OCCUPIED,OCCUPIED,0.8200007064775988
347.0,cctv2,C2_S003,G009,EMPTY,EMPTY,0.01
347.0,cctv2,C2_S004,G010,OCCUPIED,OCCUPIED,0.7599597035483882
347.0,cctv2,C2_S005,G001,EMPTY,EMPTY,0.01
347.0,cctv2,C2_S006,G003,OCCUPIED,OCCUPIED,0.8190165153958582
347.0,cctv2,C2_S007,G004,OCCUPIED,OCCUPIED,0.7777030887928876
347.0,cctv2,C2_S008,G006,OCCUPIED,OCCUPIED,0.767879555983977
347.0,cctv2,C2_S009,G005,OCCUPIED,OCCUPIED,0.7935552439906381
347.0,cctv2,C2_S010,G002,EMPTY,EMPTY,0.01
347.0,cctv2,C2_S011,G017,OCCUPIED,OCCUPIED,0.8091639058156448
347.0,cctv2,C2_S012,G018,EMPTY,EMPTY,0.01
347.0,cctv2,C2_S013,G019,OCCUPIED,OCCUPIED,0.8307339194146071
347.0,cctv2,C2_S014,G020,EMPTY,EMPTY,0.01
347.0,cctv3,C3_S001,G021,OCCUPIED,OCCUPIED,0.8076324896378951
347.0,cctv3,C3_S002,G019,EMPTY,EMPTY,0.01
347.0,cctv3,C3_S003,G020,OCCUPIED,OCCUPIED,0.8166832853447308
347.0,cctv3,C3_S004,G024,OCCUPIED,OCCUPIED,0.8277486931193959
347.0,cctv3,C3_S005,G025,OCCUPIED,OCCUPIED,0.8315669574520805
347.0,cctv3,C3_S006,G026,OCCUPIED,OCCUPIED,0.8242819404060191
347.0,cctv3,C3_S007,G027,OCCUPIED,OCCUPIED,0.745092742822387
347.0,cctv3,C3_S008,G028,EMPTY,EMPTY,0.01
347.0,cctv3,C3_S009,G029,EMPTY,MANEUVERING,0.061211942888119
347.0,cctv3,C3_S010,G007,OCCUPIED,LEAVING,0.7189855606041172
347.0,cctv3,C3_S011,G008,OCCUPIED,OCCUPIED,0.7925584798509425
347.0,cctv3,C3_S012,G009,OCCUPIED,OCCUPIED,0.8242641004649076
348.0,cctv1,C1_S001,G001,OCCUPIED,OCCUPIED,0.7344101426614957
348.0,cctv1,C1_S002,G002,EMPTY,EMPTY,0.01
348.0,cctv1,C1_S003,G003,OCCUPIED,OCCUPIED,0.8389488485726444
348.0,cctv1,C1_S004,G004,OCCUPIED,OCCUPIED,0.7689640397375281
348.0,cctv1,C1_S005,G005,OCCUPIED,OCCUPIED,0.781716710599986
348.0,cctv1,C1_S006,G006,EMPTY,EMPTY,0.01
348.0,cctv2,C2_S001,G007,EMPTY,EMPTY,0.01
348.0,cctv2,C2_S002,G008,OCCUPIED,OCCUPIED,0.8192230999469757
348.0,cctv2,C2_S003,G009,EMPTY,EMPTY,0.01
348.0,cctv2,C2_S004,G010,OCCUPIED,OCCUPIED,0.759867557070472
348.0,cctv2,C2_S005,G001,EMPTY,EMPTY,0.01
348.0,cctv2,C2_S006,G003,OCCUPIED,OCCUPIED,0.8189285950227218
348.0,cctv2,C2_S007,G004,OCCUPIED,OCCUPIED,0.7778257860378787
348.0,cctv2,C2_S008,G006,OCCUPIED,OCCUPIED,0.7687969482757829
348.0,cctv2,C2_S009,G005,OCCUPIED,OCCUPIED,0.7932033121585846
348.0,cctv2,C2_S010,G002,EMPTY,EMPTY,0.01
348.0,cctv2,C2_S011,G017,OCCUPIED,OCCUPIED,0.8090499168092555
348.0,cctv2,C2_S012,G018,EMPTY,EMPTY,0.01
348.0,cctv2,C2_S013,G019,OCCUPIED,OCCUPIED,0.8302154890515588
348.0,cctv2,C2_S014,G020,EMPTY,EMPTY,0.01
348.0,cctv3,C3_S001,G021,OCCUPIED,OCCUPIED,0.8078720458529213
348.0,cctv3,C3_S002,G019,EMPTY,EMPTY,0.01
348.0,cctv3,C3_S003,G020,OCCUPIED,OCCUPIED,0.8171138059009206
348.0,cctv3,C3_S004,G024,OCCUPIED,OCCUPIED,0.8279056015339765
348.0,cctv3,C3_S005,G025,OCCUPIED,OCCUPIED,0.8316120510751551
348.0,cctv3,C3_S006,G026,OCCUPIED,OCCUPIED,0.8242157857526433
348.0,cctv3,C3_S007,G027,OCCUPIED,OCCUPIED,0.7452734249559316
348.0,cctv3,C3_S008,G028,EMPTY,EMPTY,0.01
348.0,cctv3,C3_S009,G029,EMPTY,MANEUVERING,0.061211942888119
348.0,cctv3,C3_S010,G007,OCCUPIED,LEAVING,0.7194006525657395
348.0,cctv3,C3_S011,G008,OCCUPIED,OCCUPIED,0.793303486162966
348.0,cctv3,C3_S012,G009,OCCUPIED,OCCUPIED,0.8249782004139641
349.0,cctv1,C1_S001,G001,OCCUPIED,OCCUPIED,0.7357984568923712
349.0,cctv1,C1_S002,G002,EMPTY,EMPTY,0.01
349.0,cctv1,C1_S003,G003,OCCUPIED,OCCUPIED,0.8389121299440211
349.0,cctv1,C1_S004,G004,OCCUPIED,OCCUPIED,0.7697528599338098
349.0,cctv1,C1_S005,G005,OCCUPIED,OCCUPIED,0.7837049740281973
349.0,cctv1,C1_S006,G006,EMPTY,EMPTY,0.01
349.0,cctv2,C2_S001,G007,EMPTY,EMPTY,0.01
349.0,cctv2,C2_S002,G008,OCCUPIED,OCCUPIED,0.8197126868096265
349.0,cctv2,C2_S003,G009,EMPTY,EMPTY,0.01
349.0,cctv2,C2_S004,G010,OCCUPIED,OCCUPIED,0.7584824171933262
349.0,cctv2,C2_S005,G001,EMPTY,EMPTY,0.01
349.0,cctv2,C2_S006,G003,OCCUPIED,OCCUPIED,0.8187142808328975
349.0,cctv2,C2_S007,G004,OCCUPIED,OCCUPIED,0.7776106102900072
349.0,cctv2,C2_S008,G006,OCCUPIED,OCCUPIED,0.7690567446025935
349.0,cctv2,C2_S009,G005,OCCUPIED,OCCUPIED,0.7939942915331234
349.0,cctv2,C2_S010,G002,EMPTY,EMPTY,0.01
349.0,cctv2,C2_S011,G017,OCCUPIED,OCCUPIED,0.8091394684531472
349.0,cctv2,C2_S012,G018,EMPTY,EMPTY,0.01
349.0,cctv2,C2_S013,G019,OCCUPIED,OCCUPIED,0.8299019688909705
349.0,cctv2,C2_S014,G020,EMPTY,EMPTY,0.01
349.0,cctv3,C3_S001,G021,OCCUPIED,OCCUPIED,0.8081730750474063
349.0,cctv3,C3_S002,G019,EMPTY,EMPTY,0.01
349.0,cctv3,C3_S003,G020,OCCUPIED,OCCUPIED,0.8169079845601863
349.0,cctv3,C3_S004,G024,OCCUPIED,OCCUPIED,0.8278735215013678
349.0,cctv3,C3_S005,G025,OCCUPIED,OCCUPIED,0.8316563457250595
349.0,cctv3,C3_S006,G026,OCCUPIED,OCCUPIED,0.8241491913795471
349.0,cctv3,C3_S007,G027,OCCUPIED,OCCUPIED,0.7465483057228002
349.0,cctv3,C3_S008,G028,EMPTY,EMPTY,0.01
349.0,cctv3,C3_S009,G029,EMPTY,EMPTY,0.01
349.0,cctv3,C3_S010,G007,OCCUPIED,LEAVING,0.7669735988432711
349.0,cctv3,C3_S011,G008,OCCUPIED,OCCUPIED,0.7931378914551303
349.0,cctv3,C3_S012,G009,OCCUPIED,OCCUPIED,0.8252144558863207
350.0,cctv1,C1_S001,G001,OCCUPIED,OCCUPIED,0.7362181104380977
350.0,cctv1,C1_S002,G002,EMPTY,EMPTY,0.01
350.0,cctv1,C1_S003,G003,OCCUPIED,OCCUPIED,0.8389255084774712
350.0,cctv1,C1_S004,G004,OCCUPIED,OCCUPIED,0.7689187079668046
350.0,cctv1,C1_S005,G005,OCCUPIED,OCCUPIED,0.7814586442979901
350.0,cctv1,C1_S006,G006,EMPTY,EMPTY,0.01
350.0,cctv2,C2_S001,G007,EMPTY,EMPTY,0.01
350.0,cctv2,C2_S002,G008,OCCUPIED,OCCUPIED,0.8206890653480183
350.0,cctv2,C2_S003,G009,EMPTY,EMPTY,0.01
350.0,cctv2,C2_S004,G010,OCCUPIED,OCCUPIED,0.7585675114935095
350.0,cctv2,C2_S005,G001,EMPTY,EMPTY,0.01
350.0,cctv2,C2_S006,G003,OCCUPIED,OCCUPIED,0.8184610404751518
350.0,cctv2,C2_S007,G004,OCCUPIED,OCCUPIED,0.7760703761469234
350.0,cctv2,C2_S008,G006,OCCUPIED,OCCUPIED,0.768614826690067
350.0,cctv2,C2_S009,G005,OCCUPIED,OCCUPIED,0.7946572620760312
350.0,cctv2,C2_S010,G002,EMPTY,EMPTY,0.01
350.0,cctv2,C2_S011,G017,OCCUPIED,OCCUPIED,0.8089113912799142
350.0,cctv2,C2_S012,G018,EMPTY,EMPTY,0.01
350.0,cctv2,C2_S013,G019,OCCUPIED,OCCUPIED,0.8296813994646073
350.0,cctv2,C2_S014,G020,EMPTY,EMPTY,0.01
350.0,cctv3,C3_S001,G021,OCCUPIED,OCCUPIED,0.8074953848665412
350.0,cctv3,C3_S002,G019,EMPTY,EMPTY,0.01
350.0,cctv3,C3_S003,G020,OCCUPIED,OCCUPIED,0.8156477974219756
350.0,cctv3,C3_S004,G024,OCCUPIED,OCCUPIED,0.8278675596822392
350.0,cctv3,C3_S005,G025,OCCUPIED,OCCUPIED,0.8317134263840589
350.0,cctv3,C3_S006,G026,OCCUPIED,OCCUPIED,0.8241772025823594
350.0,cctv3,C3_S007,G027,OCCUPIED,OCCUPIED,0.6646651065755974
350.0,cctv3,C3_S008,G028,EMPTY,EMPTY,0.01
350.0,cctv3,C3_S009,G029,EMPTY,EMPTY,0.01
350.0,cctv3,C3_S010,G007,OCCUPIED,LEAVING,0.7657279362732714
350.0,cctv3,C3_S011,G008,OCCUPIED,OCCUPIED,0.793177399581129
350.0,cctv3,C3_S012,G009,OCCUPIED,OCCUPIED,0.825449480793693
351.0,cctv1,C1_S001,G001,OCCUPIED,OCCUPIED,0.7347410914911466
351.0,cctv1,C1_S002,G002,EMPTY,EMPTY,0.01
351.0,cctv1,C1_S003,G003,OCCUPIED,OCCUPIED,0.838783995942636
351.0,cctv1,C1_S004,G004,OCCUPIED,OCCUPIED,0.7679917511614887
351.0,cctv1,C1_S005,G005,OCCUPIED,OCCUPIED,0.7819562070749023
351.0,cctv1,C1_S006,G006,EMPTY,EMPTY,0.01
351.0,cctv2,C2_S001,G007,EMPTY,EMPTY,0.01
351.0,cctv2,C2_S002,G008,OCCUPIED,OCCUPIED,0.8217814632437447
351.0,cctv2,C2_S003,G009,EMPTY,EMPTY,0.01
351.0,cctv2,C2_S004,G010,OCCUPIED,OCCUPIED,0.7586251643570987
351.0,cctv2,C2_S005,G001,EMPTY,EMPTY,0.01
351.0,cctv2,C2_S006,G003,OCCUPIED,OCCUPIED,0.818542689355937
351.0,cctv2,C2_S007,G004,OCCUPIED,OCCUPIED,0.7761029686440122
351.0,cctv2,C2_S008,G006,OCCUPIED,OCCUPIED,0.768327988006852
351.0,cctv2,C2_S009,G005,OCCUPIED,OCCUPIED,0.795090756633065
351.0,cctv2,C2_S010,G002,EMPTY,EMPTY,0.01
351.0,cctv2,C2_S011,G017,OCCUPIED,OCCUPIED,0.8090982981703498
351.0,cctv2,C2_S012,G018,EMPTY,EMPTY,0.01
351.0,cctv2,C2_S013,G019,OCCUPIED,OCCUPIED,0.8292137644507669
351.0,cctv2,C2_S014,G020,EMPTY,EMPTY,0.01
351.0,cctv3,C3_S001,G021,OCCUPIED,OCCUPIED,0.8069054663181305
351.0,cctv3,C3_S002,G019,EMPTY,EMPTY,0.01
351.0,cctv3,C3_S003,G020,OCCUPIED,OCCUPIED,0.8156153443184766
351.0,cctv3,C3_S004,G024,OCCUPIED,OCCUPIED,0.8279910372062164
351.0,cctv3,C3_S005,G025,OCCUPIED,OCCUPIED,0.8317277469418266
351.0,cctv3,C3_S006,G026,OCCUPIED,OCCUPIED,0.8242535520683636
351.0,cctv3,C3_S007,G027,OCCUPIED,OCCUPIED,0.6644769773293625
351.0,cctv3,C3_S008,G028,EMPTY,EMPTY,0.01
351.0,cctv3,C3_S009,G029,EMPTY,EMPTY,0.01
351.0,cctv3,C3_S010,G007,OCCUPIED,LEAVING,0.7665565836158666
351.0,cctv3,C3_S011,G008,OCCUPIED,OCCUPIED,0.7929761948910627
351.0,cctv3,C3_S012,G009,OCCUPIED,OCCUPIED,0.8250703765587374
352.0,cctv1,C1_S001,G001,OCCUPIED,OCCUPIED,0.7338448514653878
352.0,cctv1,C1_S002,G002,EMPTY,EMPTY,0.01
352.0,cctv1,C1_S003,G003,OCCUPIED,OCCUPIED,0.838595267588442
352.0,cctv1,C1_S004,G004,OCCUPIED,OCCUPIED,0.7682393088936806
352.0,cctv1,C1_S005,G005,OCCUPIED,OCCUPIED,0.7807482352310962
352.0,cctv1,C1_S006,G006,EMPTY,EMPTY,0.01
352.0,cctv2,C2_S001,G007,EMPTY,MANEUVERING,0.2578882766853679
352.0,cctv2,C2_S002,G008,OCCUPIED,OCCUPIED,0.8224961573427374
352.0,cctv2,C2_S003,G009,EMPTY,EMPTY,0.01
352.0,cctv2,C2_S004,G010,OCCUPIED,OCCUPIED,0.7595612049102783
352.0,cctv2,C2_S005,G001,EMPTY,EMPTY,0.01
352.0,cctv2,C2_S006,G003,OCCUPIED,OCCUPIED,0.8187077866359191
352.0,cctv2,C2_S007,G004,OCCUPIED,OCCUPIED,0.7756181227889929
352.0,cctv2,C2_S008,G006,OCCUPIED,OCCUPIED,0.7677577263929628
352.0,cctv2,C2_S009,G005,OCCUPIED,OCCUPIED,0.7952835326844996
352.0,cctv2,C2_S010,G002,EMPTY,EMPTY,0.01
352.0,cctv2,C2_S011,G017,OCCUPIED,OCCUPIED,0.8086812780662017
352.0,cctv2,C2_S012,G018,EMPTY,EMPTY,0.01
352.0,cctv2,C2_S013,G019,OCCUPIED,OCCUPIED,0.828490527922457
352.0,cctv2,C2_S014,G020,EMPTY,EMPTY,0.01
352.0,cctv3,C3_S001,G021,OCCUPIED,OCCUPIED,0.8073608826507223
352.0,cctv3,C3_S002,G019,EMPTY,EMPTY,0.01
352.0,cctv3,C3_S003,G020,OCCUPIED,OCCUPIED,0.816029479828748
352.0,cctv3,C3_S004,G024,OCCUPIED,OCCUPIED,0.8280131004073403
352.0,cctv3,C3_S005,G025,OCCUPIED,OCCUPIED,0.8317859338088469
352.0,cctv3,C3_S006,G026,OCCUPIED,OCCUPIED,0.8242655618624254
352.0,cctv3,C3_S007,G027,OCCUPIED,OCCUPIED,0.6648299144614827
352.0,cctv3,C3_S008,G028,EMPTY,EMPTY,0.01
352.0,cctv3,C3_S009,G029,EMPTY,EMPTY,0.01
352.0,cctv3,C3_S010,G007,OCCUPIED,OCCUPIED,0.7656754816120321
352.0,cctv3,C3_S011,G008,OCCUPIED,OCCUPIED,0.7927210810509595
352.0,cctv3,C3_S012,G009,OCCUPIED,OCCUPIED,0.8250254804437811
353.0,cctv1,C1_S001,G001,OCCUPIED,OCCUPIED,0.7353845762935552
353.0,cctv1,C1_S002,G002,EMPTY,EMPTY,0.01
353.0,cctv1,C1_S003,G003,OCCUPIED,OCCUPIED,0.8383995378559287
353.0,cctv1,C1_S004,G004,OCCUPIED,OCCUPIED,0.7671588549559767
353.0,cctv1,C1_S005,G005,OCCUPIED,OCCUPIED,0.7799943532456052
353.0,cctv1,C1_S006,G006,EMPTY,EMPTY,0.01
353.0,cctv2,C2_S001,G007,EMPTY,MANEUVERING,0.2578882766853679
353.0,cctv2,C2_S002,G008,OCCUPIED,OCCUPIED,0.8220681938258085
353.0,cctv2,C2_S003,G009,EMPTY,EMPTY,0.01
353.0,cctv2,C2_S004,G010,OCCUPIED,OCCUPIED,0.7586744154041465
353.0,cctv2,C2_S005,G001,EMPTY,EMPTY,0.01
353.0,cctv2,C2_S006,G003,OCCUPIED,OCCUPIED,0.8185898052020507
353.0,cctv2,C2_S007,G004,OCCUPIED,OCCUPIED,0.7747055263681846
353.0,cctv2,C2_S008,G006,OCCUPIED,OCCUPIED,0.7670496853915129
353.0,cctv2,C2_S009,G005,OCCUPIED,OCCUPIED,0.7958932052959096
353.0,cctv2,C2_S010,G002,EMPTY,EMPTY,0.01
353.0,cctv2,C2_S011,G017,OCCUPIED,OCCUPIED,0.8087629293853587
353.0,cctv2,C2_S012,G018,EMPTY,EMPTY,0.01
353.0,cctv2,C2_S013,G019,OCCUPIED,OCCUPIED,0.82808055146174
353.0,cctv2,C2_S014,G020,EMPTY,EMPTY,0.01
353.0,cctv3,C3_S001,G021,OCCUPIED,OCCUPIED,0.8067397220568224
353.0,cctv3,C3_S002,G019,EMPTY,EMPTY,0.01
353.0,cctv3,C3_S003,G020,OCCUPIED,OCCUPIED,0.8159605990756642
353.0,cctv3,C3_S004,G024,OCCUPIED,OCCUPIED,0.8280570024793799
353.0,cctv3,C3_S005,G025,OCCUPIED,OCCUPIED,0.8318467850034887
353.0,cctv3,C3_S006,G026,OCCUPIED,OCCUPIED,0.8244363121011041
353.0,cctv3,C3_S007,G027,OCCUPIED,OCCUPIED,0.6641196190227162
353.0,cctv3,C3_S008,G028,EMPTY,EMPTY,0.01
353.0,cctv3,C3_S009,G029,EMPTY,EMPTY,0.01
353.0,cctv3,C3_S010,G007,OCCUPIED,OCCUPIED,0.7640264188701457
353.0,cctv3,C3_S011,G008,OCCUPIED,OCCUPIED,0.793050144206394
353.0,cctv3,C3_S012,G009,OCCUPIED,OCCUPIED,0.8251476761969654
354.0,cctv1,C1_S001,G001,OCCUPIED,OCCUPIED,0.7344878467646513
354.0,cctv1,C1_S002,G002,EMPTY,EMPTY,0.01
354.0,cctv1,C1_S003,G003,OCCUPIED,OCCUPIED,0.8386000199751421
354.0,cctv1,C1_S004,G004,OCCUPIED,OCCUPIED,0.7662732496857644
354.0,cctv1,C1_S005,G005,OCCUPIED,LEAVING,0.7651051526990805
354.0,cctv1,C1_S006,G006,EMPTY,MANEUVERING,0.1056694113530895
354.0,cctv2,C2_S001,G007,EMPTY,MANEUVERING,0.2578882766853679
354.0,cctv2,C2_S002,G008,OCCUPIED,OCCUPIED,0.821912833777341
354.0,cctv2,C2_S003,G009,EMPTY,EMPTY,0.01
354.0,cctv2,C2_S004,G010,OCCUPIED,OCCUPIED,0.7599663184447722
354.0,cctv2,C2_S005,G001,EMPTY,EMPTY,0.01
354.0,cctv2,C2_S006,G003,OCCUPIED,OCCUPIED,0.8187798462130808
354.0,cctv2,C2_S007,G004,OCCUPIED,OCCUPIED,0.7738529033281587
354.0,cctv2,C2_S008,G006,OCCUPIED,OCCUPIED,0.7667943504723637
354.0,cctv2,C2_S009,G005,OCCUPIED,OCCUPIED,0.795449105446989
354.0,cctv2,C2_S010,G002,EMPTY,EMPTY,0.01
354.0,cctv2,C2_S011,G017,OCCUPIED,OCCUPIED,0.8090910342606632
354.0,cctv2,C2_S012,G018,EMPTY,EMPTY,0.01
354.0,cctv2,C2_S013,G019,OCCUPIED,OCCUPIED,0.8285906173966149
354.0,cctv2,C2_S014,G020,EMPTY,EMPTY,0.01
354.0,cctv3,C3_S001,G021,OCCUPIED,OCCUPIED,0.8071072318337181
354.0,cctv3,C3_S002,G019,EMPTY,EMPTY,0.01
354.0,cctv3,C3_S003,G020,OCCUPIED,OCCUPIED,0.8176341593265534
354.0,cctv3,C3_S004,G024,OCCUPIED,OCCUPIED,0.828032952005213
354.0,cctv3,C3_S005,G025,OCCUPIED,OCCUPIED,0.8318719018589367
354.0,cctv3,C3_S006,G026,OCCUPIED,OCCUPIED,0.8245678289370104
354.0,cctv3,C3_S007,G027,OCCUPIED,OCCUPIED,0.6275501822251262
354.0,cctv3,C3_S008,G028,EMPTY,EMPTY,0.01
354.0,cctv3,C3_S009,G029,EMPTY,EMPTY,0.01
354.0,cctv3,C3_S010,G007,OCCUPIED,OCCUPIED,0.7631231606006623
354.0,cctv3,C3_S011,G008,OCCUPIED,OCCUPIED,0.7922708503224634
354.0,cctv3,C3_S012,G009,OCCUPIED,OCCUPIED,0.824579690803181
355.0,cctv1,C1_S001,G001,OCCUPIED,OCCUPIED,0.7359004299071703
355.0,cctv1,C1_S002,G002,EMPTY,EMPTY,0.01
355.0,cctv1,C1_S003,G003,OCCUPIED,OCCUPIED,0.8385095458139074
355.0,cctv1,C1_S004,G004,OCCUPIED,OCCUPIED,0.7660851418972016
355.0,cctv1,C1_S005,G005,OCCUPIED,LEAVING,0.7629367151314563
355.0,cctv1,C1_S006,G006,EMPTY,MANEUVERING,0.1056694113530895
355.0,cctv2,C2_S001,G007,EMPTY,MANEUVERING,0.2578882766853679
355.0,cctv2,C2_S002,G008,OCCUPIED,OCCUPIED,0.8221599578857423
355.0,cctv2,C2_S003,G009,EMPTY,EMPTY,0.01
355.0,cctv2,C2_S004,G010,OCCUPIED,OCCUPIED,0.7606117156418888
355.0,cctv2,C2_S005,G001,EMPTY,EMPTY,0.01
355.0,cctv2,C2_S006,G003,OCCUPIED,OCCUPIED,0.8185422041199425
355.0,cctv2,C2_S007,G004,OCCUPIED,OCCUPIED,0.7732199784029614
355.0,cctv2,C2_S008,G006,OCCUPIED,OCCUPIED,0.765586669607596
355.0,cctv2,C2_S009,G005,OCCUPIED,OCCUPIED,0.7949005294929852
355.0,cctv2,C2_S010,G002,EMPTY,EMPTY,0.01
355.0,cctv2,C2_S011,G017,OCCUPIED,OCCUPIED,0.8088205781849949
355.0,cctv2,C2_S012,G018,EMPTY,EMPTY,0.01
355.0,cctv2,C2_S013,G019,OCCUPIED,OCCUPIED,0.8256799556992271
355.0,cctv2,C2_S014,G020,EMPTY,EMPTY,0.01
355.0,cctv3,C3_S001,G021,OCCUPIED,OCCUPIED,0.80744766024026
355.0,cctv3,C3_S002,G019,EMPTY,EMPTY,0.01
355.0,cctv3,C3_S003,G020,OCCUPIED,OCCUPIED,0.813781748847528
355.0,cctv3,C3_S004,G024,OCCUPIED,OCCUPIED,0.8265912183306434
355.0,cctv3,C3_S005,G025,OCCUPIED,OCCUPIED,0.8318929596380755
355.0,cctv3,C3_S006,G026,OCCUPIED,OCCUPIED,0.8246488617225127
355.0,cctv3,C3_S007,G027,OCCUPIED,OCCUPIED,0.6270623082735322
355.0,cctv3,C3_S008,G028,EMPTY,EMPTY,0.01
355.0,cctv3,C3_S009,G029,EMPTY,EMPTY,0.01
355.0,cctv3,C3_S010,G007,OCCUPIED,OCCUPIED,0.7631790651516481
355.0,cctv3,C3_S011,G008,OCCUPIED,OCCUPIED,0.7918101565404372
355.0,cctv3,C3_S012,G009,OCCUPIED,OCCUPIED,0.8243529116565531
356.0,cctv1,C1_S001,G001,OCCUPIED,OCCUPIED,0.7370888756757433
356.0,cctv1,C1_S002,G002,EMPTY,EMPTY,0.01
356.0,cctv1,C1_S003,G003,OCCUPIED,OCCUPIED,0.838619322126562
356.0,cctv1,C1_S004,G004,OCCUPIED,OCCUPIED,0.7663702668114143
356.0,cctv1,C1_S005,G005,OCCUPIED,LEAVING,0.7635481547496537
356.0,cctv1,C1_S006,G006,EMPTY,MANEUVERING,0.1056694113530895
356.0,cctv2,C2_S001,G007,EMPTY,MANEUVERING,0.2128882766853679
356.0,cctv2,C2_S002,G008,OCCUPIED,OCCUPIED,0.8230754640969364
356.0,cctv2,C2_S003,G009,EMPTY,EMPTY,0.01
356.0,cctv2,C2_S004,G010,OCCUPIED,OCCUPIED,0.7609117861498487
356.0,cctv2,C2_S005,G001,EMPTY,EMPTY,0.01
356.0,cctv2,C2_S006,G003,OCCUPIED,OCCUPIED,0.8185921834273773
356.0,cctv2,C2_S007,G004,OCCUPIED,OCCUPIED,0.7735911485823719
356.0,cctv2,C2_S008,G006,OCCUPIED,OCCUPIED,0.7650744688781825
356.0,cctv2,C2_S009,G005,OCCUPIED,OCCUPIED,0.7940497173504396
356.0,cctv2,C2_S010,G002,EMPTY,EMPTY,0.01
356.0,cctv2,C2_S011,G017,OCCUPIED,OCCUPIED,0.8084086664698341
356.0,cctv2,C2_S012,G018,EMPTY,EMPTY,0.01
356.0,cctv2,C2_S013,G019,OCCUPIED,OCCUPIED,0.8216631883924659
356.0,cctv2,C2_S014,G020,EMPTY,EMPTY,0.01
356.0,cctv3,C3_S001,G021,OCCUPIED,OCCUPIED,0.8084066523747011
356.0,cctv3,C3_S002,G019,EMPTY,EMPTY,0.01
356.0,cctv3,C3_S003,G020,OCCUPIED,OCCUPIED,0.8132343823259528
356.0,cctv3,C3_S004,G024,OCCUPIED,OCCUPIED,0.8266794573176992
356.0,cctv3,C3_S005,G025,OCCUPIED,OCCUPIED,0.8319230491464789
356.0,cctv3,C3_S006,G026,OCCUPIED,OCCUPIED,0.8247640617869118
356.0,cctv3,C3_S007,G027,OCCUPIED,OCCUPIED,0.6274224077481212
356.0,cctv3,C3_S008,G028,EMPTY,EMPTY,0.01
356.0,cctv3,C3_S009,G029,EMPTY,MANEUVERING,0.1261264978836883
356.0,cctv3,C3_S010,G007,OCCUPIED,OCCUPIED,0.6822141743112694
356.0,cctv3,C3_S011,G008,OCCUPIED,OCCUPIED,0.7929769702933052
356.0,cctv3,C3_S012,G009,OCCUPIED,OCCUPIED,0.824106471917846
357.0,cctv1,C1_S001,G001,OCCUPIED,OCCUPIED,0.738019182803956
357.0,cctv1,C1_S002,G002,EMPTY,EMPTY,0.01
357.0,cctv1,C1_S003,G003,OCCUPIED,OCCUPIED,0.838643785498359
357.0,cctv1,C1_S004,G004,OCCUPIED,OCCUPIED,0.7660827466032722
357.0,cctv1,C1_S005,G005,OCCUPIED,LEAVING,0.7618846942348915
357.0,cctv1,C1_S006,G006,EMPTY,MANEUVERING,0.1056694113530895
357.0,cctv2,C2_S001,G007,EMPTY,MANEUVERING,0.2943769017539241
357.0,cctv2,C2_S002,G008,OCCUPIED,OCCUPIED,0.8256664186716081
357.0,cctv2,C2_S003,G009,EMPTY,EMPTY,0.01
357.0,cctv2,C2_S004,G010,OCCUPIED,OCCUPIED,0.7608678487214176
357.0,cctv2,C2_S005,G001,EMPTY,EMPTY,0.01
357.0,cctv2,C2_S006,G003,OCCUPIED,OCCUPIED,0.8187516220591285
357.0,cctv2,C2_S007,G004,OCCUPIED,OCCUPIED,0.7755299646746029
357.0,cctv2,C2_S008,G006,OCCUPIED,OCCUPIED,0.7655537593093786
357.0,cctv2,C2_S009,G005,OCCUPIED,OCCUPIED,0.7941186208616604
357.0,cctv2,C2_S010,G002,EMPTY,EMPTY,0.01
357.0,cctv2,C2_S011,G017,OCCUPIED,OCCUPIED,0.8086607933044434
357.0,cctv2,C2_S012,G018,EMPTY,EMPTY,0.01
357.0,cctv2,C2_S013,G019,OCCUPIED,OCCUPIED,0.8223987191915513
357.0,cctv2,C2_S014,G020,EMPTY,EMPTY,0.01
357.0,cctv3,C3_S001,G021,OCCUPIED,OCCUPIED,0.8085054730827159
357.0,cctv3,C3_S002,G019,EMPTY,EMPTY,0.01
357.0,cctv3,C3_S003,G020,OCCUPIED,OCCUPIED,0.8146590847860684
357.0,cctv3,C3_S004,G024,OCCUPIED,OCCUPIED,0.8230689089406621
357.0,cctv3,C3_S005,G025,OCCUPIED,OCCUPIED,0.8318887697024779
357.0,cctv3,C3_S006,G026,OCCUPIED,OCCUPIED,0.8249246805906296
357.0,cctv3,C3_S007,G027,OCCUPIED,OCCUPIED,0.6277408629475217
357.0,cctv3,C3_S008,G028,EMPTY,EMPTY,0.01
357.0,cctv3,C3_S009,G029,EMPTY,MANEUVERING,0.2268401907614686
357.0,cctv3,C3_S010,G007,OCCUPIED,OCCUPIED,0.600783492904721
357.0,cctv3,C3_S011,G008,OCCUPIED,OCCUPIED,0.7933316436680882
357.0,cctv3,C3_S012,G009,OCCUPIED,OCCUPIED,0.823829259113832
358.0,cctv1,C1_S001,G001,OCCUPIED,OCCUPIED,0.7368367073888129
358.0,cctv1,C1_S002,G002,EMPTY,EMPTY,0.01
358.0,cctv1,C1_S003,G003,OCCUPIED,OCCUPIED,0.8387201471762225
358.0,cctv1,C1_S004,G004,OCCUPIED,OCCUPIED,0.7665046247568998
358.0,cctv1,C1_S005,G005,OCCUPIED,LEAVING,0.762748828828335
358.0,cctv1,C1_S006,G006,EMPTY,MANEUVERING,0.0606694113530896
358.0,cctv2,C2_S001,G007,EMPTY,MANEUVERING,0.3788154605301944
358.0,cctv2,C2_S002,G008,OCCUPIED,OCCUPIED,0.827612688053738
358.0,cctv2,C2_S003,G009,EMPTY,EMPTY,0.01
358.0,cctv2,C2_S004,G010,OCCUPIED,OCCUPIED,0.7635525363412771
358.0,cctv2,C2_S005,G001,EMPTY,EMPTY,0.01
358.0,cctv2,C2_S006,G003,OCCUPIED,OCCUPIED,0.8190925925970078
358.0,cctv2,C2_S007,G004,OCCUPIED,OCCUPIED,0.7764775188131766
358.0,cctv2,C2_S008,G006,OCCUPIED,OCCUPIED,0.7668307675556704
358.0,cctv2,C2_S009,G005,OCCUPIED,OCCUPIED,0.7938812599940734
358.0,cctv2,C2_S010,G002,EMPTY,EMPTY,0.01
358.0,cctv2,C2_S011,G017,OCCUPIED,OCCUPIED,0.8090734617276626
358.0,cctv2,C2_S012,G018,EMPTY,EMPTY,0.01
358.0,cctv2,C2_S013,G019,OCCUPIED,OCCUPIED,0.8215829830278051
358.0,cctv2,C2_S014,G020,EMPTY,EMPTY,0.01
358.0,cctv3,C3_S001,G021,OCCUPIED,OCCUPIED,0.8084458402611994
358.0,cctv3,C3_S002,G019,EMPTY,EMPTY,0.01
358.0,cctv3,C3_S003,G020,OCCUPIED,OCCUPIED,0.8144613986665553
358.0,cctv3,C3_S004,G024,OCCUPIED,OCCUPIED,0.8232995716008273
358.0,cctv3,C3_S005,G025,OCCUPIED,OCCUPIED,0.8318705875765194
358.0,cctv3,C3_S006,G026,OCCUPIED,OCCUPIED,0.8249912587079136
358.0,cctv3,C3_S007,G027,OCCUPIED,OCCUPIED,0.6755627196846586
358.0,cctv3,C3_S008,G028,EMPTY,EMPTY,0.01
358.0,cctv3,C3_S009,G029,EMPTY,MANEUVERING,0.2268401907614686
358.0,cctv3,C3_S010,G007,OCCUPIED,OCCUPIED,0.6018776787140153
358.0,cctv3,C3_S011,G008,OCCUPIED,OCCUPIED,0.7934406031261791
358.0,cctv3,C3_S012,G009,OCCUPIED,OCCUPIED,0.8237544051625513
359.0,cctv1,C1_S001,G001,OCCUPIED,OCCUPIED,0.7375549611042846
359.0,cctv1,C1_S002,G002,EMPTY,EMPTY,0.01
359.0,cctv1,C1_S003,G003,OCCUPIED,OCCUPIED,0.8386071839115837
359.0,cctv1,C1_S004,G004,OCCUPIED,OCCUPIED,0.7666809568350966
359.0,cctv1,C1_S005,G005,OCCUPIED,LEAVING,0.7651936911994762
359.0,cctv1,C1_S006,G006,EMPTY,MANEUVERING,0.0606694113530896
359.0,cctv2,C2_S001,G007,OCCUPIED,OCCUPIED,0.51
359.0,cctv2,C2_S002,G008,OCCUPIED,OCCUPIED,0.8277856206352061
359.0,cctv2,C2_S003,G009,EMPTY,EMPTY,0.01
359.0,cctv2,C2_S004,G010,OCCUPIED,OCCUPIED,0.7643869516524402
359.0,cctv2,C2_S005,G001,EMPTY,EMPTY,0.01
359.0,cctv2,C2_S006,G003,OCCUPIED,OCCUPIED,0.8193853329528462
359.0,cctv2,C2_S007,G004,OCCUPIED,OCCUPIED,0.7763866886496544
359.0,cctv2,C2_S008,G006,OCCUPIED,OCCUPIED,0.7667645942081105
359.0,cctv2,C2_S009,G005,OCCUPIED,OCCUPIED,0.7934063480658965
359.0,cctv2,C2_S010,G002,EMPTY,EMPTY,0.01
359.0,cctv2,C2_S011,G017,OCCUPIED,OCCUPIED,0.8098060672933406
359.0,cctv2,C2_S012,G018,EMPTY,EMPTY,0.01
359.0,cctv2,C2_S013,G019,OCCUPIED,OCCUPIED,0.8202868721701883
359.0,cctv2,C2_S014,G020,EMPTY,EMPTY,0.01
359.0,cctv3,C3_S001,G021,OCCUPIED,OCCUPIED,0.808568266846917
359.0,cctv3,C3_S002,G019,EMPTY,EMPTY,0.01
359.0,cctv3,C3_S003,G020,OCCUPIED,OCCUPIED,0.8147828093983911
359.0,cctv3,C3_S004,G024,OCCUPIED,OCCUPIED,0.8233653954484247
359.0,cctv3,C3_S005,G025,OCCUPIED,OCCUPIED,0.8318701925602827
359.0,cctv3,C3_S006,G026,OCCUPIED,OCCUPIED,0.8252255488525738
359.0,cctv3,C3_S007,G027,OCCUPIED,OCCUPIED,0.6761647628563824
359.0,cctv3,C3_S008,G028,EMPTY,EMPTY,0.01
359.0,cctv3,C3_S009,G029,EMPTY,MANEUVERING,0.3483410609039393
359.0,cctv3,C3_S010,G007,OCCUPIED,OCCUPIED,0.5198597040501508
359.0,cctv3,C3_S011,G008,OCCUPIED,OCCUPIED,0.7936488717794419
359.0,cctv3,C3_S012,G009,OCCUPIED,OCCUPIED,0.8237485912713138
360.0,cctv1,C1_S001,G001,OCCUPIED,OCCUPIED,0.7382309444248677
360.0,cctv1,C1_S002,G002,EMPTY,EMPTY,0.01
360.0,cctv1,C1_S003,G003,OCCUPIED,OCCUPIED,0.8385897617448461
360.0,cctv1,C1_S004,G004,OCCUPIED,OCCUPIED,0.7664803804321723
360.0,cctv1,C1_S005,G005,OCCUPIED,LEAVING,0.7624653823267331
360.0,cctv1,C1_S006,G006,EMPTY,MANEUVERING,0.0606694113530896
360.0,cctv2,C2_S001,G007,OCCUPIED,OCCUPIED,0.5575493680888957
360.0,cctv2,C2_S002,G008,OCCUPIED,OCCUPIED,0.8282864020629364
360.0,cctv2,C2_S003,G009,EMPTY,EMPTY,0.01
360.0,cctv2,C2_S004,G010,OCCUPIED,OCCUPIED,0.7685506975108928
360.0,cctv2,C2_S005,G001,EMPTY,EMPTY,0.01
360.0,cctv2,C2_S006,G003,OCCUPIED,OCCUPIED,0.8195731509815564
360.0,cctv2,C2_S007,G004,OCCUPIED,OCCUPIED,0.7766339639371093
360.0,cctv2,C2_S008,G006,OCCUPIED,OCCUPIED,0.766924577409571
360.0,cctv2,C2_S009,G005,OCCUPIED,OCCUPIED,0.7941892523657192
360.0,cctv2,C2_S010,G002,EMPTY,EMPTY,0.01
360.0,cctv2,C2_S011,G017,OCCUPIED,OCCUPIED,0.8110519119284371
360.0,cctv2,C2_S012,G018,EMPTY,EMPTY,0.01
360.0,cctv2,C2_S013,G019,OCCUPIED,OCCUPIED,0.8149559175426311
360.0,cctv2,C2_S014,G020,EMPTY,EMPTY,0.01
360.0,cctv3,C3_S001,G021,OCCUPIED,OCCUPIED,0.8078558176755906
360.0,cctv3,C3_S002,G019,EMPTY,EMPTY,0.01
360.0,cctv3,C3_S003,G020,OCCUPIED,OCCUPIED,0.814773179455237
360.0,cctv3,C3_S004,G024,OCCUPIED,OCCUPIED,0.8227621739560909
360.0,cctv3,C3_S005,G025,OCCUPIED,OCCUPIED,0.8319413686340507
360.0,cctv3,C3_S006,G026,OCCUPIED,OCCUPIED,0.8252779632806778
360.0,cctv3,C3_S007,G027,OCCUPIED,OCCUPIED,0.6745543948628686
360.0,cctv3,C3_S008,G028,EMPTY,EMPTY,0.01
360.0,cctv3,C3_S009,G029,EMPTY,MANEUVERING,0.4142386642894284
360.0,cctv3,C3_S010,G007,OCCUPIED,OCCUPIED,0.51
360.0,cctv3,C3_S011,G008,OCCUPIED,OCCUPIED,0.7935026800090617
360.0,cctv3,C3_S012,G009,OCCUPIED,OCCUPIED,0.8234047076918862
361.0,cctv1,C1_S001,G001,OCCUPIED,OCCUPIED,0.739777792651545
361.0,cctv1,C1_S002,G002,EMPTY,EMPTY,0.01
361.0,cctv1,C1_S003,G003,OCCUPIED,OCCUPIED,0.8386596641757272
361.0,cctv1,C1_S004,G004,OCCUPIED,OCCUPIED,0.7669710076668046
361.0,cctv1,C1_S005,G005,OCCUPIED,LEAVING,0.7648905528133567
361.0,cctv1,C1_S006,G006,EMPTY,MANEUVERING,0.0606694113530896
361.0,cctv2,C2_S001,G007,OCCUPIED,OCCUPIED,0.5947401950305159
361.0,cctv2,C2_S002,G008,OCCUPIED,OCCUPIED,0.8288796010342512
361.0,cctv2,C2_S003,G009,EMPTY,EMPTY,0.01
361.0,cctv2,C2_S004,G010,OCCUPIED,OCCUPIED,0.7700815288857981
361.0,cctv2,C2_S005,G001,EMPTY,EMPTY,0.01
361.0,cctv2,C2_S006,G003,OCCUPIED,OCCUPIED,0.8196931359442798
361.0,cctv2,C2_S007,G004,OCCUPIED,OCCUPIED,0.778824645145373
361.0,cctv2,C2_S008,G006,OCCUPIED,OCCUPIED,0.7685106464407662
361.0,cctv2,C2_S009,G005,OCCUPIED,OCCUPIED,0.7948143582452428
361.0,cctv2,C2_S010,G002,EMPTY,EMPTY,0.01
361.0,cctv2,C2_S011,G017,OCCUPIED,OCCUPIED,0.8109096711332149
361.0,cctv2,C2_S012,G018,EMPTY,EMPTY,0.01
361.0,cctv2,C2_S013,G019,OCCUPIED,OCCUPIED,0.809893271597949
361.0,cctv2,C2_S014,G020,EMPTY,EMPTY,0.01
361.0,cctv3,C3_S001,G021,OCCUPIED,OCCUPIED,0.8086423990401356
361.0,cctv3,C3_S002,G019,EMPTY,EMPTY,0.01
361.0,cctv3,C3_S003,G020,OCCUPIED,OCCUPIED,0.8165710324590857
361.0,cctv3,C3_S004,G024,OCCUPIED,OCCUPIED,0.8221300138668581
361.0,cctv3,C3_S005,G025,OCCUPIED,OCCUPIED,0.8309590973637322
361.0,cctv3,C3_S006,G026,OCCUPIED,OCCUPIED,0.8251242263750598
361.0,cctv3,C3_S007,G027,OCCUPIED,OCCUPIED,0.7098196232725275
361.0,cctv3,C3_S008,G028,EMPTY,EMPTY,0.01
361.0,cctv3,C3_S009,G029,EMPTY,MANEUVERING,0.3692386642894284
361.0,cctv3,C3_S010,G007,OCCUPIED,OCCUPIED,0.527772778094589
361.0,cctv3,C3_S011,G008,OCCUPIED,OCCUPIED,0.7930740126154641
361.0,cctv3,C3_S012,G009,OCCUPIED,OCCUPIED,0.8234570635990663
362.0,cctv1,C1_S001,G001,OCCUPIED,OCCUPIED,0.7419264050369914
362.0,cctv1,C1_S002,G002,EMPTY,EMPTY,0.01
362.0,cctv1,C1_S003,G003,OCCUPIED,OCCUPIED,0.8386981945146215
362.0,cctv1,C1_S004,G004,OCCUPIED,OCCUPIED,0.7678744211792946
362.0,cctv1,C1_S005,G005,OCCUPIED,LEAVING,0.7643455417589708
362.0,cctv1,C1_S006,G006,EMPTY,MANEUVERING,0.0606694113530896
362.0,cctv2,C2_S001,G007,OCCUPIED,OCCUPIED,0.6348551746699718
362.0,cctv2,C2_S002,G008,OCCUPIED,OCCUPIED,0.8294153584675357
362.0,cctv2,C2_S003,G009,EMPTY,EMPTY,0.01
362.0,cctv2,C2_S004,G010,OCCUPIED,OCCUPIED,0.7714803919196129
362.0,cctv2,C2_S005,G001,EMPTY,EMPTY,0.01
362.0,cctv2,C2_S006,G003,OCCUPIED,OCCUPIED,0.8198889526453885
362.0,cctv2,C2_S007,G004,OCCUPIED,OCCUPIED,0.7800804785706781
362.0,cctv2,C2_S008,G006,OCCUPIED,OCCUPIED,0.7695487064394084
362.0,cctv2,C2_S009,G005,OCCUPIED,OCCUPIED,0.7950147160074928
362.0,cctv2,C2_S010,G002,EMPTY,EMPTY,0.01
362.0,cctv2,C2_S011,G017,OCCUPIED,OCCUPIED,0.8115315120328557
362.0,cctv2,C2_S012,G018,EMPTY,EMPTY,0.01
362.0,cctv2,C2_S013,G019,OCCUPIED,OCCUPIED,0.8090574806386774
362.0,cctv2,C2_S014,G020,EMPTY,EMPTY,0.01
362.0,cctv3,C3_S001,G021,OCCUPIED,OCCUPIED,0.809419071674347
362.0,cctv3,C3_S002,G019,EMPTY,EMPTY,0.01
362.0,cctv3,C3_S003,G020,OCCUPIED,OCCUPIED,0.8161387026309967
362.0,cctv3,C3_S004,G024,OCCUPIED,OCCUPIED,0.8223708616061645
362.0,cctv3,C3_S005,G025,OCCUPIED,OCCUPIED,0.8267642858353529
362.0,cctv3,C3_S006,G026,OCCUPIED,OCCUPIED,0.8251272905956616
362.0,cctv3,C3_S007,G027,OCCUPIED,OCCUPIED,0.7101427114416253
362.0,cctv3,C3_S008,G028,EMPTY,EMPTY,0.01
362.0,cctv3,C3_S009,G029,EMPTY,MANEUVERING,0.3692386642894284
362.0,cctv3,C3_S010,G007,OCCUPIED,OCCUPIED,0.5247170478453884
362.0,cctv3,C3_S011,G008,OCCUPIED,OCCUPIED,0.7898522833531554
362.0,cctv3,C3_S012,G009,OCCUPIED,OCCUPIED,0.8234624832868577
363.0,cctv1,C1_S001,G001,OCCUPIED,OCCUPIED,0.7423714166337794
363.0,cctv1,C1_S002,G002,EMPTY,EMPTY,0.01
363.0,cctv1,C1_S003,G003,OCCUPIED,OCCUPIED,0.8387946321205659
363.0,cctv1,C1_S004,G004,OCCUPIED,OCCUPIED,0.7685690027746288
363.0,cctv1,C1_S005,G005,OCCUPIED,LEAVING,0.7659648831866005
363.0,cctv1,C1_S006,G006,EMPTY,MANEUVERING,0.0606694113530896
363.0,cctv2,C2_S001,G007,OCCUPIED,OCCUPIED,0.6414708598093554
363.0,cctv2,C2_S002,G008,OCCUPIED,OCCUPIED,0.8292421381581914
363.0,cctv2,C2_S003,G009,EMPTY,EMPTY,0.01
363.0,cctv2,C2_S004,G010,OCCUPIED,OCCUPIED,0.7722354158759118
363.0,cctv2,C2_S005,G001,EMPTY,EMPTY,0.01
363.0,cctv2,C2_S006,G003,OCCUPIED,OCCUPIED,0.8201431512832642
363.0,cctv2,C2_S007,G004,OCCUPIED,OCCUPIED,0.7815734586932443
363.0,cctv2,C2_S008,G006,OCCUPIED,OCCUPIED,0.7711066846143116
363.0,cctv2,C2_S009,G005,OCCUPIED,OCCUPIED,0.7960590072653511
363.0,cctv2,C2_S010,G002,EMPTY,EMPTY,0.01
363.0,cctv2,C2_S011,G017,OCCUPIED,OCCUPIED,0.8127349119294774
363.0,cctv2,C2_S012,G018,EMPTY,EMPTY,0.01
363.0,cctv2,C2_S013,G019,OCCUPIED,OCCUPIED,0.809571080587127
363.0,cctv2,C2_S014,G020,EMPTY,EMPTY,0.01
363.0,cctv3,C3_S001,G021,OCCUPIED,OCCUPIED,0.8082502072507686
363.0,cctv3,C3_S002,G019,EMPTY,EMPTY,0.01
363.0,cctv3,C3_S003,G020,OCCUPIED,OCCUPIED,0.8149229621345347
363.0,cctv3,C3_S004,G024,OCCUPIED,OCCUPIED,0.8224379022013057
363.0,cctv3,C3_S005,G025,OCCUPIED,OCCUPIED,0.8264106577092951
363.0,cctv3,C3_S006,G026,OCCUPIED,OCCUPIED,0.825166194005446
363.0,cctv3,C3_S007,G027,OCCUPIED,OCCUPIED,0.7100531466711651
363.0,cctv3,C3_S008,G028,EMPTY,EMPTY,0.01
363.0,cctv3,C3_S009,G029,EMPTY,MANEUVERING,0.3242386642894284
363.0,cctv3,C3_S010,G007,OCCUPIED,OCCUPIED,0.5708801986412568
363.0,cctv3,C3_S011,G008,OCCUPIED,OCCUPIED,0.7897306695580483
363.0,cctv3,C3_S012,G009,OCCUPIED,OCCUPIED,0.823404301296581
364.0,cctv1,C1_S001,G001,OCCUPIED,OCCUPIED,0.7438443927602335
364.0,cctv1,C1_S002,G002,EMPTY,EMPTY,0.01
364.0,cctv1,C1_S003,G003,OCCUPIED,OCCUPIED,0.8389221012592316
364.0,cctv1,C1_S004,G004,OCCUPIED,OCCUPIED,0.768578578260812
364.0,cctv1,C1_S005,G005,OCCUPIED,LEAVING,0.7663416734066878
364.0,cctv1,C1_S006,G006,EMPTY,MANEUVERING,0.0606694113530896
364.0,cctv2,C2_S001,G007,OCCUPIED,OCCUPIED,0.6775336216119203
364.0,cctv2,C2_S002,G008,OCCUPIED,OCCUPIED,0.8301257049495524
364.0,cctv2,C2_S003,G009,EMPTY,EMPTY,0.01
364.0,cctv2,C2_S004,G010,OCCUPIED,OCCUPIED,0.7735499128699304
364.0,cctv2,C2_S005,G001,EMPTY,EMPTY,0.01
364.0,cctv2,C2_S006,G003,OCCUPIED,OCCUPIED,0.8207531888376584
364.0,cctv2,C2_S007,G004,OCCUPIED,OCCUPIED,0.7844018838622354
364.0,cctv2,C2_S008,G006,OCCUPIED,OCCUPIED,0.7715880005197092
364.0,cctv2,C2_S009,G005,OCCUPIED,OCCUPIED,0.7965223361145367
364.0,cctv2,C2_S010,G002,EMPTY,EMPTY,0.01
364.0,cctv2,C2_S011,G017,OCCUPIED,OCCUPIED,0.8133561968803407
364.0,cctv2,C2_S012,G018,EMPTY,EMPTY,0.01
364.0,cctv2,C2_S013,G019,OCCUPIED,OCCUPIED,0.8090636293996465
364.0,cctv2,C2_S014,G020,EMPTY,EMPTY,0.01
364.0,cctv3,C3_S001,G021,OCCUPIED,OCCUPIED,0.8078560541976583
364.0,cctv3,C3_S002,G019,EMPTY,EMPTY,0.01
364.0,cctv3,C3_S003,G020,OCCUPIED,OCCUPIED,0.8155143892223186
364.0,cctv3,C3_S004,G024,OCCUPIED,OCCUPIED,0.822364077242938
364.0,cctv3,C3_S005,G025,OCCUPIED,OCCUPIED,0.8264237501404503
364.0,cctv3,C3_S006,G026,OCCUPIED,OCCUPIED,0.8243645353750749
364.0,cctv3,C3_S007,G027,OCCUPIED,OCCUPIED,0.7098075332153928
364.0,cctv3,C3_S008,G028,EMPTY,EMPTY,0.01
364.0,cctv3,C3_S009,G029,EMPTY,MANEUVERING,0.2792386642894284
364.0,cctv3,C3_S010,G007,OCCUPIED,OCCUPIED,0.6150745518215291
364.0,cctv3,C3_S011,G008,OCCUPIED,OCCUPIED,0.788141357492317
364.0,cctv3,C3_S012,G009,OCCUPIED,OCCUPIED,0.823149577595971
365.0,cctv1,C1_S001,G001,OCCUPIED,OCCUPIED,0.743941594389352
365.0,cctv1,C1_S002,G002,EMPTY,EMPTY,0.01
365.0,cctv1,C1_S003,G003,OCCUPIED,OCCUPIED,0.8388189573179592
365.0,cctv1,C1_S004,G004,OCCUPIED,OCCUPIED,0.7701214856722138
365.0,cctv1,C1_S005,G005,OCCUPIED,OCCUPIED,0.7787613007155332
365.0,cctv1,C1_S006,G006,EMPTY,EMPTY,0.01
365.0,cctv2,C2_S001,G007,OCCUPIED,OCCUPIED,0.7111778782624187
365.0,cctv2,C2_S002,G008,OCCUPIED,OCCUPIED,0.829033824801445
365.0,cctv2,C2_S003,G009,EMPTY,EMPTY,0.01
365.0,cctv2,C2_S004,G010,OCCUPIED,OCCUPIED,0.7726834500377829
365.0,cctv2,C2_S005,G001,EMPTY,EMPTY,0.01
365.0,cctv2,C2_S006,G003,OCCUPIED,OCCUPIED,0.8212798348881982
365.0,cctv2,C2_S007,G004,OCCUPIED,OCCUPIED,0.7867929740385576
365.0,cctv2,C2_S008,G006,OCCUPIED,OCCUPIED,0.7733787651766431
365.0,cctv2,C2_S009,G005,OCCUPIED,OCCUPIED,0.7988819355314429
365.0,cctv2,C2_S010,G002,EMPTY,EMPTY,0.01
365.0,cctv2,C2_S011,G017,OCCUPIED,OCCUPIED,0.813499975475398
365.0,cctv2,C2_S012,G018,EMPTY,EMPTY,0.01
365.0,cctv2,C2_S013,G019,OCCUPIED,OCCUPIED,0.8079702610319311
365.0,cctv2,C2_S014,G020,EMPTY,EMPTY,0.01
365.0,cctv3,C3_S001,G021,OCCUPIED,OCCUPIED,0.8071186677976089
365.0,cctv3,C3_S002,G019,EMPTY,EMPTY,0.01
365.0,cctv3,C3_S003,G020,OCCUPIED,OCCUPIED,0.8147856265306473
365.0,cctv3,C3_S004,G024,OCCUPIED,OCCUPIED,0.8223965758627112
365.0,cctv3,C3_S005,G025,OCCUPIED,OCCUPIED,0.8263265363194726
365.0,cctv3,C3_S006,G026,OCCUPIED,OCCUPIED,0.8231619547713888
365.0,cctv3,C3_S007,G027,OCCUPIED,OCCUPIED,0.745431013269858
365.0,cctv3,C3_S008,G028,EMPTY,EMPTY,0.01
365.0,cctv3,C3_S009,G029,EMPTY,MANEUVERING,0.3608550007844513
365.0,cctv3,C3_S010,G007,OCCUPIED,LEAVING,0.515755596236362
365.0,cctv3,C3_S011,G008,OCCUPIED,OCCUPIED,0.7889584282582457
365.0,cctv3,C3_S012,G009,OCCUPIED,OCCUPIED,0.8239398799159311
366.0,cctv1,C1_S001,G001,OCCUPIED,OCCUPIED,0.7448581576347352
366.0,cctv1,C1_S002,G002,EMPTY,EMPTY,0.01
366.0,cctv1,C1_S003,G003,OCCUPIED,OCCUPIED,0.8387989968061448
366.0,cctv1,C1_S004,G004,OCCUPIED,OCCUPIED,0.7701111002401873
366.0,cctv1,C1_S005,G005,OCCUPIED,OCCUPIED,0.7810301553119313
366.0,cctv1,C1_S006,G006,EMPTY,EMPTY,0.01
366.0,cctv2,C2_S001,G007,OCCUPIED,OCCUPIED,0.7466914248872888
366.0,cctv2,C2_S002,G008,OCCUPIED,OCCUPIED,0.8287488425319846
366.0,cctv2,C2_S003,G009,EMPTY,EMPTY,0.01
366.0,cctv2,C2_S004,G010,OCCUPIED,OCCUPIED,0.7694828013127502
366.0,cctv2,C2_S005,G001,EMPTY,EMPTY,0.01
366.0,cctv2,C2_S006,G003,OCCUPIED,OCCUPIED,0.8213931826027958
366.0,cctv2,C2_S007,G004,OCCUPIED,OCCUPIED,0.7879349578510632
366.0,cctv2,C2_S008,G006,OCCUPIED,OCCUPIED,0.7748157911679963
366.0,cctv2,C2_S009,G005,OCCUPIED,OCCUPIED,0.8003143757581711
366.0,cctv2,C2_S010,G002,EMPTY,EMPTY,0.01
366.0,cctv2,C2_S011,G017,OCCUPIED,OCCUPIED,0.8141804600303824
366.0,cctv2,C2_S012,G018,EMPTY,EMPTY,0.01
366.0,cctv2,C2_S013,G019,OCCUPIED,OCCUPIED,0.8071532374078578
366.0,cctv2,C2_S014,G020,EMPTY,EMPTY,0.01
366.0,cctv3,C3_S001,G021,OCCUPIED,OCCUPIED,0.8062493687326259
366.0,cctv3,C3_S002,G019,EMPTY,EMPTY,0.01
366.0,cctv3,C3_S003,G020,OCCUPIED,OCCUPIED,0.8157068474726245
366.0,cctv3,C3_S004,G024,OCCUPIED,OCCUPIED,0.8234096445820549
366.0,cctv3,C3_S005,G025,OCCUPIED,OCCUPIED,0.8263198389248415
366.0,cctv3,C3_S006,G026,OCCUPIED,OCCUPIED,0.8228324714032087
366.0,cctv3,C3_S007,G027,OCCUPIED,OCCUPIED,0.7448501512408258
366.0,cctv3,C3_S008,G028,EMPTY,EMPTY,0.01
366.0,cctv3,C3_S009,G029,EMPTY,MANEUVERING,0.3608550007844513
366.0,cctv3,C3_S010,G007,OCCUPIED,LEAVING,0.5123210179070373
366.0,cctv3,C3_S011,G008,OCCUPIED,OCCUPIED,0.7887474042448132
366.0,cctv3,C3_S012,G009,OCCUPIED,OCCUPIED,0.8245946510271593
367.0,cctv1,C1_S001,G001,OCCUPIED,OCCUPIED,0.7440233607183804
367.0,cctv1,C1_S002,G002,EMPTY,EMPTY,0.01
367.0,cctv1,C1_S003,G003,OCCUPIED,OCCUPIED,0.838755548271266
367.0,cctv1,C1_S004,G004,OCCUPIED,OCCUPIED,0.7710258911956441
367.0,cctv1,C1_S005,G005,OCCUPIED,OCCUPIED,0.7844224490902642
367.0,cctv1,C1_S006,G006,EMPTY,EMPTY,0.01
367.0,cctv2,C2_S001,G007,OCCUPIED,OCCUPIED,0.783367969095707
367.0,cctv2,C2_S002,G008,OCCUPIED,OCCUPIED,0.8288944149559195
367.0,cctv2,C2_S003,G009,EMPTY,EMPTY,0.01
367.0,cctv2,C2_S004,G010,OCCUPIED,OCCUPIED,0.772154409099709
367.0,cctv2,C2_S005,G001,EMPTY,EMPTY,0.01
367.0,cctv2,C2_S006,G003,OCCUPIED,OCCUPIED,0.8215483516454697
367.0,cctv2,C2_S007,G004,OCCUPIED,OCCUPIED,0.7895168141885238
367.0,cctv2,C2_S008,G006,OCCUPIED,OCCUPIED,0.7760830369862644
367.0,cctv2,C2_S009,G005,OCCUPIED,OCCUPIED,0.802260941808874
367.0,cctv2,C2_S010,G002,EMPTY,EMPTY,0.01
367.0,cctv2,C2_S011,G017,OCCUPIED,OCCUPIED,0.8149469614028931
367.0,cctv2,C2_S012,G018,EMPTY,EMPTY,0.01
367.0,cctv2,C2_S013,G019,OCCUPIED,OCCUPIED,0.8110709734938362
367.0,cctv2,C2_S014,G020,EMPTY,EMPTY,0.01
367.0,cctv3,C3_S001,G021,OCCUPIED,OCCUPIED,0.8047780925577338
367.0,cctv3,C3_S002,G019,EMPTY,EMPTY,0.01
367.0,cctv3,C3_S003,G020,OCCUPIED,OCCUPIED,0.816027826612646
367.0,cctv3,C3_S004,G024,OCCUPIED,OCCUPIED,0.823241439190778
367.0,cctv3,C3_S005,G025,OCCUPIED,OCCUPIED,0.82632119465958
367.0,cctv3,C3_S006,G026,OCCUPIED,OCCUPIED,0.8228377098386939
367.0,cctv3,C3_S007,G027,OCCUPIED,OCCUPIED,0.743927935036746
367.0,cctv3,C3_S008,G028,EMPTY,EMPTY,0.01
367.0,cctv3,C3_S009,G029,EMPTY,MANEUVERING,0.3228098537823693
367.0,cctv3,C3_S010,G007,OCCUPIED,LEAVING,0.5513829157956235
367.0,cctv3,C3_S011,G008,OCCUPIED,OCCUPIED,0.7883743699301373
367.0,cctv3,C3_S012,G009,OCCUPIED,OCCUPIED,0.8251201705499129
368.0,cctv1,C1_S001,G001,OCCUPIED,OCCUPIED,0.7435438506305219
368.0,cctv1,C1_S002,G002,EMPTY,EMPTY,0.01
368.0,cctv1,C1_S003,G003,OCCUPIED,OCCUPIED,0.8387881257317283
368.0,cctv1,C1_S004,G004,OCCUPIED,OCCUPIED,0.7708769538185813
368.0,cctv1,C1_S005,G005,OCCUPIED,OCCUPIED,0.7854281449859793
368.0,cctv1,C1_S006,G006,EMPTY,EMPTY,0.01
368.0,cctv2,C2_S001,G007,OCCUPIED,OCCUPIED,0.7851061262867668
368.0,cctv2,C2_S002,G008,OCCUPIED,OCCUPIED,0.8286895445801996
368.0,cctv2,C2_S003,G009,EMPTY,EMPTY,0.01
368.0,cctv2,C2_S004,G010,OCCUPIED,OCCUPIED,0.7732264884493568
368.0,cctv2,C2_S005,G001,EMPTY,EMPTY,0.01
368.0,cctv2,C2_S006,G003,OCCUPIED,OCCUPIED,0.8213870403441517
368.0,cctv2,C2_S007,G004,OCCUPIED,OCCUPIED,0.7905326569622214
368.0,cctv2,C2_S008,G006,OCCUPIED,OCCUPIED,0.7763297591697087
368.0,cctv2,C2_S009,G005,OCCUPIED,OCCUPIED,0.8034918408502233
368.0,cctv2,C2_S010,G002,EMPTY,EMPTY,0.01
368.0,cctv2,C2_S011,G017,OCCUPIED,OCCUPIED,0.8150409866463055
368.0,cctv2,C2_S012,G018,EMPTY,EMPTY,0.01
368.0,cctv2,C2_S013,G019,OCCUPIED,OCCUPIED,0.8099765395576304
368.0,cctv2,C2_S014,G020,EMPTY,EMPTY,0.01
368.0,cctv3,C3_S001,G021,OCCUPIED,OCCUPIED,0.8039061120965265
368.0,cctv3,C3_S002,G019,EMPTY,EMPTY,0.01
368.0,cctv3,C3_S003,G020,OCCUPIED,OCCUPIED,0.815806027434089
368.0,cctv3,C3_S004,G024,OCCUPIED,OCCUPIED,0.8268475798043339
368.0,cctv3,C3_S005,G025,OCCUPIED,OCCUPIED,0.8263412852178921
368.0,cctv3,C3_S006,G026,OCCUPIED,OCCUPIED,0.8230149372057481
368.0,cctv3,C3_S007,G027,OCCUPIED,OCCUPIED,0.7427603273906491
368.0,cctv3,C3_S008,G028,EMPTY,EMPTY,0.01
368.0,cctv3,C3_S009,G029,EMPTY,MANEUVERING,0.2867436620118943
368.0,cctv3,C3_S010,G007,OCCUPIED,LEAVING,0.5889800248272491
368.0,cctv3,C3_S011,G008,OCCUPIED,OCCUPIED,0.7859130103479732
368.0,cctv3,C3_S012,G009,OCCUPIED,OCCUPIED,0.8255040044134314
369.0,cctv1,C1_S001,G001,OCCUPIED,OCCUPIED,0.7427275873720647
369.0,cctv1,C1_S002,G002,EMPTY,EMPTY,0.01
369.0,cctv1,C1_S003,G003,OCCUPIED,OCCUPIED,0.8387485566464338
369.0,cctv1,C1_S004,G004,OCCUPIED,OCCUPIED,0.7699062981388787
369.0,cctv1,C1_S005,G005,OCCUPIED,OCCUPIED,0.78402208103375
369.0,cctv1,C1_S006,G006,EMPTY,EMPTY,0.01
369.0,cctv2,C2_S001,G007,OCCUPIED,OCCUPIED,0.7056656629253517
369.0,cctv2,C2_S002,G008,OCCUPIED,OCCUPIED,0.8285628849809821
369.0,cctv2,C2_S003,G009,EMPTY,EMPTY,0.01
369.0,cctv2,C2_S004,G010,OCCUPIED,OCCUPIED,0.7742601691321894
369.0,cctv2,C2_S005,G001,EMPTY,EMPTY,0.01
369.0,cctv2,C2_S006,G003,OCCUPIED,OCCUPIED,0.8210266823118384
369.0,cctv2,C2_S007,G004,OCCUPIED,OCCUPIED,0.7924611359834671
369.0,cctv2,C2_S008,G006,OCCUPIED,OCCUPIED,0.7768074768510732
369.0,cctv2,C2_S009,G005,OCCUPIED,OCCUPIED,0.804353376139294
369.0,cctv2,C2_S010,G002,EMPTY,EMPTY,0.01
369.0,cctv2,C2_S011,G017,OCCUPIED,OCCUPIED,0.8155402627858249
369.0,cctv2,C2_S012,G018,EMPTY,EMPTY,0.01
369.0,cctv2,C2_S013,G019,OCCUPIED,OCCUPIED,0.8100158054720272
369.0,cctv2,C2_S014,G020,EMPTY,EMPTY,0.01
369.0,cctv3,C3_S001,G021,OCCUPIED,OCCUPIED,0.8038264513015748
369.0,cctv3,C3_S002,G019,EMPTY,EMPTY,0.01
369.0,cctv3,C3_S003,G020,OCCUPIED,OCCUPIED,0.815152779492465
369.0,cctv3,C3_S004,G024,OCCUPIED,OCCUPIED,0.8267026925628836
369.0,cctv3,C3_S005,G025,OCCUPIED,OCCUPIED,0.8262964110482823
369.0,cctv3,C3_S006,G026,OCCUPIED,OCCUPIED,0.8229220311750066
369.0,cctv3,C3_S007,G027,OCCUPIED,OCCUPIED,0.7424521956254136
369.0,cctv3,C3_S008,G028,EMPTY,EMPTY,0.01
369.0,cctv3,C3_S009,G029,EMPTY,MANEUVERING,0.3236944963275032
369.0,cctv3,C3_S010,G007,OCCUPIED,LEAVING,0.538120905053822
369.0,cctv3,C3_S011,G008,OCCUPIED,OCCUPIED,0.786512320691889
369.0,cctv3,C3_S012,G009,OCCUPIED,OCCUPIED,0.8256135133179752
370.0,cctv1,C1_S001,G001,OCCUPIED,OCCUPIED,0.7407670041376895
370.0,cctv1,C1_S002,G002,EMPTY,EMPTY,0.01
370.0,cctv1,C1_S003,G003,OCCUPIED,OCCUPIED,0.8388320635665547
370.0,cctv1,C1_S004,G004,OCCUPIED,OCCUPIED,0.7690516898577864
370.0,cctv1,C1_S005,G005,OCCUPIED,OCCUPIED,0.780998335372318
370.0,cctv1,C1_S006,G006,EMPTY,EMPTY,0.01
370.0,cctv2,C2_S001,G007,OCCUPIED,OCCUPIED,0.7045340201665055
370.0,cctv2,C2_S002,G008,OCCUPIED,OCCUPIED,0.8286072600971569
370.0,cctv2,C2_S003,G009,EMPTY,EMPTY,0.01
370.0,cctv2,C2_S004,G010,OCCUPIED,OCCUPIED,0.7747217748652806
370.0,cctv2,C2_S005,G001,EMPTY,EMPTY,0.01
370.0,cctv2,C2_S006,G003,OCCUPIED,OCCUPIED,0.8205558530308984
370.0,cctv2,C2_S007,G004,OCCUPIED,OCCUPIED,0.7951326600529931
370.0,cctv2,C2_S008,G006,OCCUPIED,OCCUPIED,0.7778475399721754
370.0,cctv2,C2_S009,G005,OCCUPIED,OCCUPIED,0.8050721894611013
370.0,cctv2,C2_S010,G002,EMPTY,EMPTY,0.01
370.0,cctv2,C2_S011,G017,OCCUPIED,OCCUPIED,0.8155959942124107
370.0,cctv2,C2_S012,G018,EMPTY,MANEUVERING,0.2719107581268657
370.0,cctv2,C2_S013,G019,OCCUPIED,OCCUPIED,0.8113646851344543
370.0,cctv2,C2_S014,G020,EMPTY,EMPTY,0.01
370.0,cctv3,C3_S001,G021,OCCUPIED,OCCUPIED,0.8033870128068058
370.0,cctv3,C3_S002,G019,EMPTY,EMPTY,0.01
370.0,cctv3,C3_S003,G020,OCCUPIED,OCCUPIED,0.8146521029147236
370.0,cctv3,C3_S004,G024,OCCUPIED,OCCUPIED,0.8267359194430439
370.0,cctv3,C3_S005,G025,OCCUPIED,OCCUPIED,0.8263008838350123
370.0,cctv3,C3_S006,G026,OCCUPIED,OCCUPIED,0.8228106032718312
370.0,cctv3,C3_S007,G027,OCCUPIED,OCCUPIED,0.727257439504293
370.0,cctv3,C3_S008,G028,EMPTY,MANEUVERING,0.1375436813452027
370.0,cctv3,C3_S009,G029,EMPTY,MANEUVERING,0.2858618280565874
370.0,cctv3,C3_S010,G007,OCCUPIED,LEAVING,0.51
370.0,cctv3,C3_S011,G008,OCCUPIED,OCCUPIED,0.7867172625931828
370.0,cctv3,C3_S012,G009,OCCUPIED,OCCUPIED,0.8254236917604101
371.0,cctv1,C1_S001,G001,OCCUPIED,OCCUPIED,0.6586998813260685
371.0,cctv1,C1_S002,G002,EMPTY,EMPTY,0.01
371.0,cctv1,C1_S003,G003,OCCUPIED,OCCUPIED,0.8387963527982886
371.0,cctv1,C1_S004,G004,OCCUPIED,OCCUPIED,0.7694678817283024
371.0,cctv1,C1_S005,G005,OCCUPIED,OCCUPIED,0.7840644034472379
371.0,cctv1,C1_S006,G006,EMPTY,EMPTY,0.01
371.0,cctv2,C2_S001,G007,OCCUPIED,OCCUPIED,0.7035295266319406
371.0,cctv2,C2_S002,G008,OCCUPIED,OCCUPIED,0.8276823807846416
371.0,cctv2,C2_S003,G009,EMPTY,EMPTY,0.01
371.0,cctv2,C2_S004,G010,OCCUPIED,OCCUPIED,0.7732083611867645
371.0,cctv2,C2_S005,G001,EMPTY,EMPTY,0.01
371.0,cctv2,C2_S006,G003,OCCUPIED,OCCUPIED,0.8199259898879312
371.0,cctv2,C2_S007,G004,OCCUPIED,OCCUPIED,0.7967840863899752
371.0,cctv2,C2_S008,G006,OCCUPIED,OCCUPIED,0.7796213404698806
371.0,cctv2,C2_S009,G005,OCCUPIED,OCCUPIED,0.8046347886323929
371.0,cctv2,C2_S010,G002,EMPTY,EMPTY,0.01
371.0,cctv2,C2_S011,G017,OCCUPIED,OCCUPIED,0.8143704067577016
371.0,cctv2,C2_S012,G018,EMPTY,MANEUVERING,0.2719107581268657
371.0,cctv2,C2_S013,G019,OCCUPIED,OCCUPIED,0.8169971428134225
371.0,cctv2,C2_S014,G020,EMPTY,EMPTY,0.01
371.0,cctv3,C3_S001,G021,OCCUPIED,OCCUPIED,0.8036767848513344
371.0,cctv3,C3_S002,G019,EMPTY,EMPTY,0.01
371.0,cctv3,C3_S003,G020,OCCUPIED,OCCUPIED,0.8144615409049122
371.0,cctv3,C3_S004,G024,OCCUPIED,OCCUPIED,0.8273713648319245
371.0,cctv3,C3_S005,G025,OCCUPIED,OCCUPIED,0.8261865835298192
371.0,cctv3,C3_S006,G026,OCCUPIED,OCCUPIED,0.8227617179805583
371.0,cctv3,C3_S007,G027,OCCUPIED,LEAVING,0.7269170041890308
371.0,cctv3,C3_S008,G028,EMPTY,MANEUVERING,0.1375436813452027
371.0,cctv3,C3_S009,G029,EMPTY,MANEUVERING,0.3380512867766348
371.0,cctv3,C3_S010,G007,OCCUPIED,LEAVING,0.51
371.0,cctv3,C3_S011,G008,OCCUPIED,OCCUPIED,0.7872869231484154
371.0,cctv3,C3_S012,G009,OCCUPIED,OCCUPIED,0.8256582777608525
372.0,cctv1,C1_S001,G001,OCCUPIED,OCCUPIED,0.6586494633961808
372.0,cctv1,C1_S002,G002,EMPTY,EMPTY,0.01
372.0,cctv1,C1_S003,G003,OCCUPIED,OCCUPIED,0.8385097311301666
372.0,cctv1,C1_S004,G004,OCCUPIED,OCCUPIED,0.7691006446426566
372.0,cctv1,C1_S005,G005,OCCUPIED,OCCUPIED,0.7844926676966928
372.0,cctv1,C1_S006,G006,EMPTY,EMPTY,0.01
372.0,cctv2,C2_S001,G007,OCCUPIED,OCCUPIED,0.7041929674554955
372.0,cctv2,C2_S002,G008,OCCUPIED,OCCUPIED,0.8273717574097894
372.0,cctv2,C2_S003,G009,EMPTY,EMPTY,0.01
372.0,cctv2,C2_S004,G010,OCCUPIED,OCCUPIED,0.7737257853150369
372.0,cctv2,C2_S005,G001,EMPTY,EMPTY,0.01
372.0,cctv2,C2_S006,G003,OCCUPIED,OCCUPIED,0.819116579673507
372.0,cctv2,C2_S007,G004,OCCUPIED,OCCUPIED,0.7968216088685123
372.0,cctv2,C2_S008,G006,OCCUPIED,OCCUPIED,0.77927368554202
372.0,cctv2,C2_S009,G005,OCCUPIED,OCCUPIED,0.8048346668481827
372.0,cctv2,C2_S010,G002,EMPTY,EMPTY,0.01
372.0,cctv2,C2_S011,G017,OCCUPIED,OCCUPIED,0.8150788155469029
372.0,cctv2,C2_S012,G018,EMPTY,MANEUVERING,0.2719107581268657
372.0,cctv2,C2_S013,G019,OCCUPIED,OCCUPIED,0.821929420395331
372.0,cctv2,C2_S014,G020,EMPTY,EMPTY,0.01
372.0,cctv3,C3_S001,G021,OCCUPIED,OCCUPIED,0.8028767761859028
372.0,cctv3,C3_S002,G019,EMPTY,EMPTY,0.01
372.0,cctv3,C3_S003,G020,OCCUPIED,OCCUPIED,0.8102576480670409
372.0,cctv3,C3_S004,G024,OCCUPIED,OCCUPIED,0.8279073148965836
372.0,cctv3,C3_S005,G025,OCCUPIED,OCCUPIED,0.8271349459886551
372.0,cctv3,C3_S006,G026,OCCUPIED,OCCUPIED,0.8229502813382583
372.0,cctv3,C3_S007,G027,OCCUPIED,LEAVING,0.7280067304420201
372.0,cctv3,C3_S008,G028,EMPTY,MANEUVERING,0.1375436813452027
372.0,cctv3,C3_S009,G029,EMPTY,MANEUVERING,0.3380512867766348
372.0,cctv3,C3_S010,G007,OCCUPIED,LEAVING,0.51
372.0,cctv3,C3_S011,G008,OCCUPIED,OCCUPIED,0.7874004431746223
372.0,cctv3,C3_S012,G009,OCCUPIED,OCCUPIED,0.8254782015627081
373.0,cctv1,C1_S001,G001,OCCUPIED,OCCUPIED,0.66065417770635
373.0,cctv1,C1_S002,G002,EMPTY,EMPTY,0.01
373.0,cctv1,C1_S003,G003,OCCUPIED,OCCUPIED,0.8386749869043177
373.0,cctv1,C1_S004,G004,OCCUPIED,OCCUPIED,0.7680199545892803
373.0,cctv1,C1_S005,G005,OCCUPIED,OCCUPIED,0.784659536860206
373.0,cctv1,C1_S006,G006,EMPTY,EMPTY,0.01
373.0,cctv2,C2_S001,G007,OCCUPIED,OCCUPIED,0.7483947500992906
373.0,cctv2,C2_S002,G008,OCCUPIED,OCCUPIED,0.8267377847974952
373.0,cctv2,C2_S003,G009,EMPTY,EMPTY,0.01
373.0,cctv2,C2_S004,G010,OCCUPIED,OCCUPIED,0.7742667372931135
373.0,cctv2,C2_S005,G001,EMPTY,EMPTY,0.01
373.0,cctv2,C2_S006,G003,OCCUPIED,OCCUPIED,0.818988184766336
373.0,cctv2,C2_S007,G004,OCCUPIED,OCCUPIED,0.7955709972164848
373.0,cctv2,C2_S008,G006,OCCUPIED,OCCUPIED,0.7787047142332251
373.0,cctv2,C2_S009,G005,OCCUPIED,OCCUPIED,0.8052636357870969
373.0,cctv2,C2_S010,G002,EMPTY,EMPTY,0.01
373.0,cctv2,C2_S011,G017,OCCUPIED,OCCUPIED,0.814349680597132
373.0,cctv2,C2_S012,G018,EMPTY,MANEUVERING,0.2719107581268657
373.0,cctv2,C2_S013,G019,OCCUPIED,OCCUPIED,0.8232536050406369
373.0,cctv2,C2_S014,G020,EMPTY,EMPTY,0.01
373.0,cctv3,C3_S001,G021,OCCUPIED,OCCUPIED,0.8026483901522377
373.0,cctv3,C3_S002,G019,EMPTY,EMPTY,0.01
373.0,cctv3,C3_S003,G020,OCCUPIED,OCCUPIED,0.8110601763833654
373.0,cctv3,C3_S004,G024,OCCUPIED,OCCUPIED,0.8275988202203405
373.0,cctv3,C3_S005,G025,OCCUPIED,OCCUPIED,0.831256772984158
373.0,cctv3,C3_S006,G026,OCCUPIED,OCCUPIED,0.8230172309008512
373.0,cctv3,C3_S007,G027,OCCUPIED,LEAVING,0.7287393526699056
373.0,cctv3,C3_S008,G028,EMPTY,MANEUVERING,0.1375436813452027
373.0,cctv3,C3_S009,G029,EMPTY,MANEUVERING,0.2930512867766348
373.0,cctv3,C3_S010,G007,OCCUPIED,LEAVING,0.51
373.0,cctv3,C3_S011,G008,OCCUPIED,OCCUPIED,0.7902319118380547
373.0,cctv3,C3_S012,G009,OCCUPIED,OCCUPIED,0.8260594378818166
374.0,cctv1,C1_S001,G001,OCCUPIED,OCCUPIED,0.6610091446001422
374.0,cctv1,C1_S002,G002,EMPTY,EMPTY,0.01
374.0,cctv1,C1_S003,G003,OCCUPIED,OCCUPIED,0.8386618733406067
374.0,cctv1,C1_S004,G004,OCCUPIED,OCCUPIED,0.7684130843390119
374.0,cctv1,C1_S005,G005,OCCUPIED,OCCUPIED,0.782840020954609
374.0,cctv1,C1_S006,G006,EMPTY,EMPTY,0.01
374.0,cctv2,C2_S001,G007,OCCUPIED,OCCUPIED,0.7479545700956475
374.0,cctv2,C2_S002,G008,OCCUPIED,OCCUPIED,0.8262898412617771
374.0,cctv2,C2_S003,G009,EMPTY,EMPTY,0.01
374.0,cctv2,C2_S004,G010,OCCUPIED,OCCUPIED,0.7749337555332618
374.0,cctv2,C2_S005,G001,EMPTY,EMPTY,0.01
374.0,cctv2,C2_S006,G003,OCCUPIED,OCCUPIED,0.8187210684472865
374.0,cctv2,C2_S007,G004,OCCUPIED,OCCUPIED,0.7942601984197444
374.0,cctv2,C2_S008,G006,OCCUPIED,OCCUPIED,0.7776995531537316
374.0,cctv2,C2_S009,G005,OCCUPIED,OCCUPIED,0.8057858374985782
374.0,cctv2,C2_S010,G002,EMPTY,EMPTY,0.01
374.0,cctv2,C2_S011,G017,OCCUPIED,OCCUPIED,0.8141770910133016
374.0,cctv2,C2_S012,G018,EMPTY,MANEUVERING,0.2269107581268657
374.0,cctv2,C2_S013,G019,OCCUPIED,OCCUPIED,0.8229173543778333
374.0,cctv2,C2_S014,G020,EMPTY,EMPTY,0.01
374.0,cctv3,C3_S001,G021,OCCUPIED,OCCUPIED,0.802243501760743
374.0,cctv3,C3_S002,G019,EMPTY,EMPTY,0.01
374.0,cctv3,C3_S003,G020,OCCUPIED,OCCUPIED,0.8105201420458881
374.0,cctv3,C3_S004,G024,OCCUPIED,OCCUPIED,0.8273716834458439
374.0,cctv3,C3_S005,G025,OCCUPIED,OCCUPIED,0.8316089323975824
374.0,cctv3,C3_S006,G026,OCCUPIED,OCCUPIED,0.8230428890748458
374.0,cctv3,C3_S007,G027,OCCUPIED,LEAVING,0.7273268896171994
374.0,cctv3,C3_S008,G028,EMPTY,MANEUVERING,0.0925436813452027
374.0,cctv3,C3_S009,G029,EMPTY,MANEUVERING,0.2480512867766348
374.0,cctv3,C3_S010,G007,OCCUPIED,LEAVING,0.5233936453020418
374.0,cctv3,C3_S011,G008,OCCUPIED,OCCUPIED,0.7903276463801211
374.0,cctv3,C3_S012,G009,OCCUPIED,OCCUPIED,0.826146325198087
375.0,cctv1,C1_S001,G001,OCCUPIED,OCCUPIED,0.703962405662645
375.0,cctv1,C1_S002,G002,EMPTY,EMPTY,0.01
375.0,cctv1,C1_S003,G003,OCCUPIED,OCCUPIED,0.8386495717547158
375.0,cctv1,C1_S004,G004,OCCUPIED,OCCUPIED,0.7686493028293957
375.0,cctv1,C1_S005,G005,OCCUPIED,OCCUPIED,0.7842878489331766
375.0,cctv1,C1_S006,G006,EMPTY,EMPTY,0.01
375.0,cctv2,C2_S001,G007,OCCUPIED,OCCUPIED,0.7486696041036737
375.0,cctv2,C2_S002,G008,OCCUPIED,OCCUPIED,0.8252118622714824
375.0,cctv2,C2_S003,G009,EMPTY,EMPTY,0.01
375.0,cctv2,C2_S004,G010,OCCUPIED,OCCUPIED,0.7751681797883728
375.0,cctv2,C2_S005,G001,EMPTY,EMPTY,0.01
375.0,cctv2,C2_S006,G003,OCCUPIED,OCCUPIED,0.8185219745744359
375.0,cctv2,C2_S007,G004,OCCUPIED,OCCUPIED,0.792321769215844
375.0,cctv2,C2_S008,G006,OCCUPIED,OCCUPIED,0.7783894002437592
375.0,cctv2,C2_S009,G005,OCCUPIED,OCCUPIED,0.805746829238805
375.0,cctv2,C2_S010,G002,EMPTY,EMPTY,0.01
375.0,cctv2,C2_S011,G017,OCCUPIED,OCCUPIED,0.8137568254362454
375.0,cctv2,C2_S012,G018,EMPTY,MANEUVERING,0.2269107581268657
375.0,cctv2,C2_S013,G019,OCCUPIED,OCCUPIED,0.823657664385709
375.0,cctv2,C2_S014,G020,EMPTY,EMPTY,0.01
375.0,cctv3,C3_S001,G021,OCCUPIED,OCCUPIED,0.8019481230865826
375.0,cctv3,C3_S002,G019,EMPTY,EMPTY,0.01
375.0,cctv3,C3_S003,G020,OCCUPIED,OCCUPIED,0.8085846340114421
375.0,cctv3,C3_S004,G024,OCCUPIED,OCCUPIED,0.8274005383253098
375.0,cctv3,C3_S005,G025,OCCUPIED,OCCUPIED,0.8315726087851958
375.0,cctv3,C3_S006,G026,OCCUPIED,OCCUPIED,0.8238235029307279
375.0,cctv3,C3_S007,G027,OCCUPIED,LEAVING,0.7285094857317481
375.0,cctv3,C3_S008,G028,EMPTY,MANEUVERING,0.0925436813452027
375.0,cctv3,C3_S009,G029,EMPTY,MANEUVERING,0.2030512867766348
375.0,cctv3,C3_S010,G007,OCCUPIED,LEAVING,0.5708236877136417
375.0,cctv3,C3_S011,G008,OCCUPIED,OCCUPIED,0.7920351016250524
375.0,cctv3,C3_S012,G009,OCCUPIED,OCCUPIED,0.8264963762326675
376.0,cctv1,C1_S001,G001,OCCUPIED,OCCUPIED,0.7050542068887841
376.0,cctv1,C1_S002,G002,EMPTY,EMPTY,0.01
376.0,cctv1,C1_S003,G003,OCCUPIED,OCCUPIED,0.8387173609300094
376.0,cctv1,C1_S004,G004,OCCUPIED,OCCUPIED,0.7670428701422431
376.0,cctv1,C1_S005,G005,OCCUPIED,OCCUPIED,0.7850041117180478
376.0,cctv1,C1_S006,G006,EMPTY,EMPTY,0.01
376.0,cctv2,C2_S001,G007,OCCUPIED,OCCUPIED,0.7532571305740964
376.0,cctv2,C2_S002,G008,OCCUPIED,OCCUPIED,0.8262497601183979
376.0,cctv2,C2_S003,G009,EMPTY,EMPTY,0.01
376.0,cctv2,C2_S004,G010,OCCUPIED,OCCUPIED,0.777118401771242
376.0,cctv2,C2_S005,G001,EMPTY,EMPTY,0.01
376.0,cctv2,C2_S006,G003,OCCUPIED,OCCUPIED,0.8181424761360343
376.0,cctv2,C2_S007,G004,OCCUPIED,OCCUPIED,0.7914057525721464
376.0,cctv2,C2_S008,G006,OCCUPIED,OCCUPIED,0.7768339348110287
376.0,cctv2,C2_S009,G005,OCCUPIED,OCCUPIED,0.8051869506185706
376.0,cctv2,C2_S010,G002,EMPTY,EMPTY,0.01
376.0,cctv2,C2_S011,G017,OCCUPIED,OCCUPIED,0.8136207585985011
376.0,cctv2,C2_S012,G018,EMPTY,MANEUVERING,0.2269107581268657
376.0,cctv2,C2_S013,G019,OCCUPIED,OCCUPIED,0.8246648582545194
376.0,cctv2,C2_S014,G020,EMPTY,EMPTY,0.01
376.0,cctv3,C3_S001,G021,OCCUPIED,OCCUPIED,0.8020979927344756
376.0,cctv3,C3_S002,G019,EMPTY,EMPTY,0.01
376.0,cctv3,C3_S003,G020,OCCUPIED,OCCUPIED,0.8085817234082656
376.0,cctv3,C3_S004,G024,OCCUPIED,OCCUPIED,0.8274261477318677
376.0,cctv3,C3_S005,G025,OCCUPIED,OCCUPIED,0.831655789776282
376.0,cctv3,C3_S006,G026,OCCUPIED,OCCUPIED,0.8249568028883502
376.0,cctv3,C3_S007,G027,OCCUPIED,LEAVING,0.7291933453997429
376.0,cctv3,C3_S008,G028,EMPTY,MANEUVERING,0.0925436813452027
376.0,cctv3,C3_S009,G029,EMPTY,MANEUVERING,0.2478698157790032
376.0,cctv3,C3_S010,G007,OCCUPIED,LEAVING,0.5258236877136416
376.0,cctv3,C3_S011,G008,OCCUPIED,OCCUPIED,0.7928177539597858
376.0,cctv3,C3_S012,G009,OCCUPIED,OCCUPIED,0.8263650382106955
377.0,cctv1,C1_S001,G001,OCCUPIED,OCCUPIED,0.7028397735614669
377.0,cctv1,C1_S002,G002,EMPTY,EMPTY,0.01
377.0,cctv1,C1_S003,G003,OCCUPIED,OCCUPIED,0.8386824426325885
377.0,cctv1,C1_S004,G004,OCCUPIED,OCCUPIED,0.7665698763999073
377.0,cctv1,C1_S005,G005,OCCUPIED,OCCUPIED,0.7861358291723513
377.0,cctv1,C1_S006,G006,EMPTY,EMPTY,0.01
377.0,cctv2,C2_S001,G007,OCCUPIED,OCCUPIED,0.7560301377285611
377.0,cctv2,C2_S002,G008,OCCUPIED,OCCUPIED,0.8250621259212494
377.0,cctv2,C2_S003,G009,EMPTY,MANEUVERING,0.2487722305547107
377.0,cctv2,C2_S004,G010,OCCUPIED,OCCUPIED,0.7787746983495626
377.0,cctv2,C2_S005,G001,EMPTY,EMPTY,0.01
377.0,cctv2,C2_S006,G003,OCCUPIED,OCCUPIED,0.8180967322804712
377.0,cctv2,C2_S007,G004,OCCUPIED,OCCUPIED,0.7912728044119749
377.0,cctv2,C2_S008,G006,OCCUPIED,OCCUPIED,0.775185312601653
377.0,cctv2,C2_S009,G005,OCCUPIED,OCCUPIED,0.8046367320147428
377.0,cctv2,C2_S010,G002,EMPTY,EMPTY,0.01
377.0,cctv2,C2_S011,G017,OCCUPIED,OCCUPIED,0.8129717306657271
377.0,cctv2,C2_S012,G018,EMPTY,MANEUVERING,0.2269107581268657
377.0,cctv2,C2_S013,G019,OCCUPIED,OCCUPIED,0.8283929889852351
377.0,cctv2,C2_S014,G020,EMPTY,EMPTY,0.01
377.0,cctv3,C3_S001,G021,OCCUPIED,OCCUPIED,0.8026235333897851
377.0,cctv3,C3_S002,G019,EMPTY,EMPTY,0.01
377.0,cctv3,C3_S003,G020,OCCUPIED,OCCUPIED,0.8105983536351812
377.0,cctv3,C3_S004,G024,OCCUPIED,OCCUPIED,0.8279109943996776
377.0,cctv3,C3_S005,G025,OCCUPIED,OCCUPIED,0.8316531498323788
377.0,cctv3,C3_S006,G026,OCCUPIED,OCCUPIED,0.825295040011406
377.0,cctv3,C3_S007,G027,OCCUPIED,LEAVING,0.7153681413050402
377.0,cctv3,C3_S008,G028,EMPTY,MANEUVERING,0.1919910875098271
377.0,cctv3,C3_S009,G029,EMPTY,MANEUVERING,0.3297673994912343
377.0,cctv3,C3_S010,G007,OCCUPIED,LEAVING,0.51
377.0,cctv3,C3_S011,G008,OCCUPIED,OCCUPIED,0.7940478759733114
377.0,cctv3,C3_S012,G009,OCCUPIED,OCCUPIED,0.8263288015669044
378.0,cctv1,C1_S001,G001,OCCUPIED,OCCUPIED,0.7014825246144425
378.0,cctv1,C1_S002,G002,EMPTY,EMPTY,0.01
378.0,cctv1,C1_S003,G003,OCCUPIED,OCCUPIED,0.8375943151387302
378.0,cctv1,C1_S004,G004,OCCUPIED,OCCUPIED,0.7651793249628761
378.0,cctv1,C1_S005,G005,OCCUPIED,OCCUPIED,0.7853944625366819
378.0,cctv1,C1_S006,G006,EMPTY,EMPTY,0.01
378.0,cctv2,C2_S001,G007,OCCUPIED,OCCUPIED,0.7583141307939183
378.0,cctv2,C2_S002,G008,OCCUPIED,OCCUPIED,0.824594707922502
378.0,cctv2,C2_S003,G009,EMPTY,MANEUVERING,0.2487722305547107
378.0,cctv2,C2_S004,G010,OCCUPIED,OCCUPIED,0.7781081921674989
378.0,cctv2,C2_S005,G001,EMPTY,EMPTY,0.01
378.0,cctv2,C2_S006,G003,OCCUPIED,OCCUPIED,0.8182802628387105
378.0,cctv2,C2_S007,G004,OCCUPIED,OCCUPIED,0.7908957801081918
378.0,cctv2,C2_S008,G006,OCCUPIED,OCCUPIED,0.772689718685367
378.0,cctv2,C2_S009,G005,OCCUPIED,OCCUPIED,0.8035913573070006
378.0,cctv2,C2_S010,G002,EMPTY,EMPTY,0.01
378.0,cctv2,C2_S011,G017,OCCUPIED,OCCUPIED,0.8125793218612671
378.0,cctv2,C2_S012,G018,EMPTY,MANEUVERING,0.2269107581268657
378.0,cctv2,C2_S013,G019,OCCUPIED,OCCUPIED,0.8276714105497708
378.0,cctv2,C2_S014,G020,EMPTY,EMPTY,0.01
378.0,cctv3,C3_S001,G021,OCCUPIED,OCCUPIED,0.8038202797824687
378.0,cctv3,C3_S002,G019,EMPTY,EMPTY,0.01
378.0,cctv3,C3_S003,G020,OCCUPIED,OCCUPIED,0.8093606450340965
378.0,cctv3,C3_S004,G024,OCCUPIED,OCCUPIED,0.8277668085965244
378.0,cctv3,C3_S005,G025,OCCUPIED,OCCUPIED,0.8315818802876906
378.0,cctv3,C3_S006,G026,OCCUPIED,OCCUPIED,0.8250844711607154
378.0,cctv3,C3_S007,G027,OCCUPIED,LEAVING,0.7171529498323799
378.0,cctv3,C3_S008,G028,EMPTY,MANEUVERING,0.1919910875098271
378.0,cctv3,C3_S009,G029,EMPTY,MANEUVERING,0.3261310358548706
378.0,cctv3,C3_S010,G007,OCCUPIED,LEAVING,0.51
378.0,cctv3,C3_S011,G008,OCCUPIED,OCCUPIED,0.7936492964625359
378.0,cctv3,C3_S012,G009,OCCUPIED,OCCUPIED,0.826117532903498
379.0,cctv1,C1_S001,G001,OCCUPIED,OCCUPIED,0.7017428913373839
379.0,cctv1,C1_S002,G002,EMPTY,EMPTY,0.01
379.0,cctv1,C1_S003,G003,OCCUPIED,OCCUPIED,0.8374302939935164
379.0,cctv1,C1_S004,G004,OCCUPIED,OCCUPIED,0.7645775632424788
379.0,cctv1,C1_S005,G005,OCCUPIED,OCCUPIED,0.7850561953403734
379.0,cctv1,C1_S006,G006,EMPTY,EMPTY,0.01
379.0,cctv2,C2_S001,G007,OCCUPIED,OCCUPIED,0.7603786521066319
379.0,cctv2,C2_S002,G008,OCCUPIED,OCCUPIED,0.824042968587442
379.0,cctv2,C2_S003,G009,EMPTY,MANEUVERING,0.2487722305547107
379.0,cctv2,C2_S004,G010,OCCUPIED,OCCUPIED,0.7776728688315913
379.0,cctv2,C2_S005,G001,EMPTY,EMPTY,0.01
379.0,cctv2,C2_S006,G003,OCCUPIED,OCCUPIED,0.8181171902201393
379.0,cctv2,C2_S007,G004,OCCUPIED,OCCUPIED,0.7895179984244434
379.0,cctv2,C2_S008,G006,OCCUPIED,OCCUPIED,0.7706174285574393
379.0,cctv2,C2_S009,G005,OCCUPIED,OCCUPIED,0.8028052246028727
379.0,cctv2,C2_S010,G002,EMPTY,EMPTY,0.01
379.0,cctv2,C2_S011,G017,OCCUPIED,OCCUPIED,0.8121994048357011
379.0,cctv2,C2_S012,G018,EMPTY,MANEUVERING,0.2269107581268657
379.0,cctv2,C2_S013,G019,OCCUPIED,OCCUPIED,0.8278266689994119
379.0,cctv2,C2_S014,G020,EMPTY,EMPTY,0.01
379.0,cctv3,C3_S001,G021,OCCUPIED,OCCUPIED,0.8037472342902965
379.0,cctv3,C3_S002,G019,EMPTY,EMPTY,0.01
379.0,cctv3,C3_S003,G020,OCCUPIED,OCCUPIED,0.807096241279082
379.0,cctv3,C3_S004,G024,OCCUPIED,OCCUPIED,0.8277910614555533
379.0,cctv3,C3_S005,G025,OCCUPIED,OCCUPIED,0.8315186549316753
379.0,cctv3,C3_S006,G026,OCCUPIED,OCCUPIED,0.8250002619895069
379.0,cctv3,C3_S007,G027,OCCUPIED,LEAVING,0.7184985252977772
379.0,cctv3,C3_S008,G028,EMPTY,MANEUVERING,0.1919910875098271
379.0,cctv3,C3_S009,G029,EMPTY,MANEUVERING,0.3261310358548706
379.0,cctv3,C3_S010,G007,OCCUPIED,LEAVING,0.51
379.0,cctv3,C3_S011,G008,OCCUPIED,OCCUPIED,0.79526393792846
379.0,cctv3,C3_S012,G009,OCCUPIED,OCCUPIED,0.8262114849957554
380.0,cctv1,C1_S001,G001,OCCUPIED,OCCUPIED,0.6996663112599741
380.0,cctv1,C1_S002,G002,EMPTY,EMPTY,0.01
380.0,cctv1,C1_S003,G003,OCCUPIED,OCCUPIED,0.8374075504866514
380.0,cctv1,C1_S004,G004,OCCUPIED,OCCUPIED,0.7657736423340711
380.0,cctv1,C1_S005,G005,OCCUPIED,OCCUPIED,0.7883964855562557
380.0,cctv1,C1_S006,G006,EMPTY,EMPTY,0.01
380.0,cctv2,C2_S001,G007,OCCUPIED,OCCUPIED,0.7967615103179759
380.0,cctv2,C2_S002,G008,OCCUPIED,OCCUPIED,0.8240932323715904
380.0,cctv2,C2_S003,G009,EMPTY,MANEUVERING,0.2487722305547107
380.0,cctv2,C2_S004,G010,OCCUPIED,OCCUPIED,0.7766188639131459
380.0,cctv2,C2_S005,G001,EMPTY,EMPTY,0.01
380.0,cctv2,C2_S006,G003,OCCUPIED,OCCUPIED,0.8183882721445778
380.0,cctv2,C2_S007,G004,OCCUPIED,OCCUPIED,0.7892144877802243
380.0,cctv2,C2_S008,G006,OCCUPIED,OCCUPIED,0.7692763744430109
380.0,cctv2,C2_S009,G005,OCCUPIED,OCCUPIED,0.8032560632987457
380.0,cctv2,C2_S010,G002,EMPTY,EMPTY,0.01
380.0,cctv2,C2_S011,G017,OCCUPIED,OCCUPIED,0.8119302979924463
380.0,cctv2,C2_S012,G018,EMPTY,MANEUVERING,0.2269107581268657
380.0,cctv2,C2_S013,G019,OCCUPIED,OCCUPIED,0.8241611215201292
380.0,cctv2,C2_S014,G020,EMPTY,EMPTY,0.01
380.0,cctv3,C3_S001,G021,OCCUPIED,OCCUPIED,0.8032060969959607
380.0,cctv3,C3_S002,G019,EMPTY,EMPTY,0.01
380.0,cctv3,C3_S003,G020,OCCUPIED,OCCUPIED,0.8055445833639666
380.0,cctv3,C3_S004,G024,OCCUPIED,OCCUPIED,0.8277449388395657
380.0,cctv3,C3_S005,G025,OCCUPIED,OCCUPIED,0.8315676239403812
380.0,cctv3,C3_S006,G026,OCCUPIED,OCCUPIED,0.82513984170827
380.0,cctv3,C3_S007,G027,OCCUPIED,LEAVING,0.7190235473926772
380.0,cctv3,C3_S008,G028,EMPTY,MANEUVERING,0.1919910875098271
380.0,cctv3,C3_S009,G029,EMPTY,MANEUVERING,0.2312618934848543
380.0,cctv3,C3_S010,G007,OCCUPIED,LEAVING,0.5457289315327938
380.0,cctv3,C3_S011,G008,OCCUPIED,OCCUPIED,0.7953987937081944
380.0,cctv3,C3_S012,G009,OCCUPIED,OCCUPIED,0.8266505918719552
381.0,cctv1,C1_S001,G001,OCCUPIED,OCCUPIED,0.7000366713513028
381.0,cctv1,C1_S002,G002,EMPTY,EMPTY,0.01
381.0,cctv1,C1_S003,G003,OCCUPIED,OCCUPIED,0.8373798725279895
381.0,cctv1,C1_S004,G004,OCCUPIED,OCCUPIED,0.7662663332440637
381.0,cctv1,C1_S005,G005,OCCUPIED,OCCUPIED,0.7921594959768383
381.0,cctv1,C1_S006,G006,EMPTY,EMPTY,0.01
381.0,cctv2,C2_S001,G007,OCCUPIED,OCCUPIED,0.7982624484734102
381.0,cctv2,C2_S002,G008,OCCUPIED,OCCUPIED,0.8241871698336168
381.0,cctv2,C2_S003,G009,EMPTY,MANEUVERING,0.2037722305547107
381.0,cctv2,C2_S004,G010,OCCUPIED,OCCUPIED,0.7748543389818886
381.0,cctv2,C2_S005,G001,EMPTY,EMPTY,0.01
381.0,cctv2,C2_S006,G003,OCCUPIED,OCCUPIED,0.8189012242989108
381.0,cctv2,C2_S007,G004,OCCUPIED,OCCUPIED,0.7866708953272213
381.0,cctv2,C2_S008,G006,OCCUPIED,OCCUPIED,0.7672587371685289
381.0,cctv2,C2_S009,G005,OCCUPIED,OCCUPIED,0.8042746817523784
381.0,cctv2,C2_S010,G002,EMPTY,EMPTY,0.01
381.0,cctv2,C2_S011,G017,OCCUPIED,OCCUPIED,0.812011594934897
381.0,cctv2,C2_S012,G018,EMPTY,EMPTY,0.01
381.0,cctv2,C2_S013,G019,OCCUPIED,OCCUPIED,0.8232276404445822
381.0,cctv2,C2_S014,G020,EMPTY,EMPTY,0.01
381.0,cctv3,C3_S001,G021,OCCUPIED,OCCUPIED,0.8030402503230356
381.0,cctv3,C3_S002,G019,EMPTY,EMPTY,0.01
381.0,cctv3,C3_S003,G020,OCCUPIED,OCCUPIED,0.8053915893489665
381.0,cctv3,C3_S004,G024,OCCUPIED,OCCUPIED,0.8273479540239681
381.0,cctv3,C3_S005,G025,OCCUPIED,OCCUPIED,0.8315033476461064
381.0,cctv3,C3_S006,G026,OCCUPIED,OCCUPIED,0.8250013462521814
381.0,cctv3,C3_S007,G027,OCCUPIED,LEAVING,0.7345870840888132
381.0,cctv3,C3_S008,G028,EMPTY,MANEUVERING,0.1068930391289971
381.0,cctv3,C3_S009,G029,EMPTY,MANEUVERING,0.2428805021467533
381.0,cctv3,C3_S010,G007,OCCUPIED,LEAVING,0.641594432329364
381.0,cctv3,C3_S011,G008,OCCUPIED,OCCUPIED,0.7949235777963293
381.0,cctv3,C3_S012,G009,OCCUPIED,OCCUPIED,0.8268231814557856
382.0,cctv1,C1_S001,G001,OCCUPIED,OCCUPIED,0.7355415040119129
382.0,cctv1,C1_S002,G002,EMPTY,EMPTY,0.01
382.0,cctv1,C1_S003,G003,OCCUPIED,OCCUPIED,0.8374035084789451
382.0,cctv1,C1_S004,G004,OCCUPIED,OCCUPIED,0.7664190565997905
382.0,cctv1,C1_S005,G005,OCCUPIED,OCCUPIED,0.7908905892209573
382.0,cctv1,C1_S006,G006,EMPTY,EMPTY,0.01
382.0,cctv2,C2_S001,G007,OCCUPIED,OCCUPIED,0.7985793709754945
382.0,cctv2,C2_S002,G008,OCCUPIED,OCCUPIED,0.8235707591880452
382.0,cctv2,C2_S003,G009,EMPTY,MANEUVERING,0.2037722305547107
382.0,cctv2,C2_S004,G010,OCCUPIED,OCCUPIED,0.7710906962102111
382.0,cctv2,C2_S005,G001,EMPTY,EMPTY,0.01
382.0,cctv2,C2_S006,G003,OCCUPIED,OCCUPIED,0.8196317222985355
382.0,cctv2,C2_S007,G004,OCCUPIED,OCCUPIED,0.7857055195353249
382.0,cctv2,C2_S008,G006,OCCUPIED,OCCUPIED,0.7653309014710514
382.0,cctv2,C2_S009,G005,OCCUPIED,OCCUPIED,0.8050015351989053
382.0,cctv2,C2_S010,G002,EMPTY,EMPTY,0.01
382.0,cctv2,C2_S011,G017,OCCUPIED,OCCUPIED,0.8120911622589285
382.0,cctv2,C2_S012,G018,EMPTY,EMPTY,0.01
382.0,cctv2,C2_S013,G019,OCCUPIED,OCCUPIED,0.8208778887987137
382.0,cctv2,C2_S014,G020,EMPTY,EMPTY,0.01
382.0,cctv3,C3_S001,G021,OCCUPIED,OCCUPIED,0.8034325014461171
382.0,cctv3,C3_S002,G019,EMPTY,EMPTY,0.01
382.0,cctv3,C3_S003,G020,OCCUPIED,OCCUPIED,0.8050990505651995
382.0,cctv3,C3_S004,G024,OCCUPIED,OCCUPIED,0.8273720678958026
382.0,cctv3,C3_S005,G025,OCCUPIED,OCCUPIED,0.8315314344384455
382.0,cctv3,C3_S006,G026,OCCUPIED,OCCUPIED,0.8251581392504953
382.0,cctv3,C3_S007,G027,OCCUPIED,LEAVING,0.7349633179537276
382.0,cctv3,C3_S008,G028,EMPTY,MANEUVERING,0.1068930391289971
382.0,cctv3,C3_S009,G029,EMPTY,MANEUVERING,0.2081124621934511
382.0,cctv3,C3_S010,G007,OCCUPIED,LEAVING,0.6919077572045904
382.0,cctv3,C3_S011,G008,OCCUPIED,OCCUPIED,0.7952373296022416
382.0,cctv3,C3_S012,G009,OCCUPIED,OCCUPIED,0.8268038646741347
383.0,cctv1,C1_S001,G001,OCCUPIED,OCCUPIED,0.7336503160270779
383.0,cctv1,C1_S002,G002,EMPTY,EMPTY,0.01
383.0,cctv1,C1_S003,G003,OCCUPIED,OCCUPIED,0.8375669094649228
383.0,cctv1,C1_S004,G004,OCCUPIED,OCCUPIED,0.7668354951522568
383.0,cctv1,C1_S005,G005,OCCUPIED,OCCUPIED,0.7901170815933836
383.0,cctv1,C1_S006,G006,EMPTY,EMPTY,0.01
383.0,cctv2,C2_S001,G007,OCCUPIED,OCCUPIED,0.7985561365431006
383.0,cctv2,C2_S002,G008,OCCUPIED,OCCUPIED,0.8230140122500333
383.0,cctv2,C2_S003,G009,EMPTY,MANEUVERING,0.2037722305547107
383.0,cctv2,C2_S004,G010,OCCUPIED,OCCUPIED,0.7686297930099748
383.0,cctv2,C2_S005,G001,EMPTY,EMPTY,0.01
383.0,cctv2,C2_S006,G003,OCCUPIED,OCCUPIED,0.8207006752490997
383.0,cctv2,C2_S007,G004,OCCUPIED,OCCUPIED,0.7850948130542582
383.0,cctv2,C2_S008,G006,OCCUPIED,OCCUPIED,0.7655044395815243
383.0,cctv2,C2_S009,G005,OCCUPIED,OCCUPIED,0.8032778298312968
383.0,cctv2,C2_S010,G002,EMPTY,EMPTY,0.01
383.0,cctv2,C2_S011,G017,OCCUPIED,OCCUPIED,0.811967527053573
383.0,cctv2,C2_S012,G018,EMPTY,EMPTY,0.01
383.0,cctv2,C2_S013,G019,OCCUPIED,OCCUPIED,0.8208858029408889
383.0,cctv2,C2_S014,G020,EMPTY,EMPTY,0.01
383.0,cctv3,C3_S001,G021,OCCUPIED,OCCUPIED,0.8035867772319101
383.0,cctv3,C3_S002,G019,EMPTY,EMPTY,0.01
383.0,cctv3,C3_S003,G020,OCCUPIED,OCCUPIED,0.807121858813546
383.0,cctv3,C3_S004,G024,OCCUPIED,OCCUPIED,0.8271627588705583
383.0,cctv3,C3_S005,G025,OCCUPIED,OCCUPIED,0.831471886959943
383.0,cctv3,C3_S006,G026,OCCUPIED,OCCUPIED,0.8251408390023492
383.0,cctv3,C3_S007,G027,OCCUPIED,LEAVING,0.7347770458527587
383.0,cctv3,C3_S008,G028,EMPTY,MANEUVERING,0.1068930391289971
383.0,cctv3,C3_S009,G029,EMPTY,MANEUVERING,0.2875531862202015
383.0,cctv3,C3_S010,G007,OCCUPIED,LEAVING,0.5979254975519849
383.0,cctv3,C3_S011,G008,OCCUPIED,OCCUPIED,0.7963855775919828
383.0,cctv3,C3_S012,G009,OCCUPIED,OCCUPIED,0.8270494062792172
384.0,cctv1,C1_S001,G001,OCCUPIED,OCCUPIED,0.7296351269564846
384.0,cctv1,C1_S002,G002,EMPTY,EMPTY,0.01
384.0,cctv1,C1_S003,G003,OCCUPIED,OCCUPIED,0.8373943198810925
384.0,cctv1,C1_S004,G004,OCCUPIED,OCCUPIED,0.7676556528969245
384.0,cctv1,C1_S005,G005,OCCUPIED,OCCUPIED,0.7901998066089371
384.0,cctv1,C1_S006,G006,EMPTY,EMPTY,0.01
384.0,cctv2,C2_S001,G007,OCCUPIED,OCCUPIED,0.7990015238523483
384.0,cctv2,C2_S002,G008,OCCUPIED,OCCUPIED,0.8227218619801782
384.0,cctv2,C2_S003,G009,EMPTY,MANEUVERING,0.2037722305547107
384.0,cctv2,C2_S004,G010,OCCUPIED,OCCUPIED,0.7684159681200982
384.0,cctv2,C2_S005,G001,EMPTY,EMPTY,0.01
384.0,cctv2,C2_S006,G003,OCCUPIED,OCCUPIED,0.8206105140122502
384.0,cctv2,C2_S007,G004,OCCUPIED,OCCUPIED,0.7854877875609831
384.0,cctv2,C2_S008,G006,OCCUPIED,OCCUPIED,0.766041744161736
384.0,cctv2,C2_S009,G005,OCCUPIED,OCCUPIED,0.8032684559171851
384.0,cctv2,C2_S010,G002,EMPTY,EMPTY,0.01
384.0,cctv2,C2_S011,G017,OCCUPIED,OCCUPIED,0.8119812193241986
384.0,cctv2,C2_S012,G018,EMPTY,EMPTY,0.01
384.0,cctv2,C2_S013,G019,OCCUPIED,OCCUPIED,0.8202860675074838
384.0,cctv2,C2_S014,G020,EMPTY,EMPTY,0.01
384.0,cctv3,C3_S001,G021,OCCUPIED,OCCUPIED,0.8028881877660752
384.0,cctv3,C3_S002,G019,EMPTY,EMPTY,0.01
384.0,cctv3,C3_S003,G020,OCCUPIED,OCCUPIED,0.806186378273097
384.0,cctv3,C3_S004,G024,OCCUPIED,OCCUPIED,0.827343700690703
384.0,cctv3,C3_S005,G025,OCCUPIED,OCCUPIED,0.8315336460416968
384.0,cctv3,C3_S006,G026,OCCUPIED,OCCUPIED,0.8250670335509561
384.0,cctv3,C3_S007,G027,OCCUPIED,LEAVING,0.7334495218572292
384.0,cctv3,C3_S008,G028,EMPTY,MANEUVERING,0.1068930391289971
384.0,cctv3,C3_S009,G029,EMPTY,MANEUVERING,0.2875531862202015
384.0,cctv3,C3_S010,G007,OCCUPIED,LEAVING,0.5989760484151316
384.0,cctv3,C3_S011,G008,OCCUPIED,OCCUPIED,0.7968914405866103
384.0,cctv3,C3_S012,G009,OCCUPIED,OCCUPIED,0.8271536035971209
385.0,cctv1,C1_S001,G001,OCCUPIED,OCCUPIED,0.72942869622599
385.0,cctv1,C1_S002,G002,EMPTY,EMPTY,0.01
385.0,cctv1,C1_S003,G003,OCCUPIED,OCCUPIED,0.8373756647109986
385.0,cctv1,C1_S004,G004,OCCUPIED,OCCUPIED,0.7667623675682329
385.0,cctv1,C1_S005,G005,OCCUPIED,OCCUPIED,0.7897212480956859
385.0,cctv1,C1_S006,G006,EMPTY,EMPTY,0.01
385.0,cctv2,C2_S001,G007,OCCUPIED,OCCUPIED,0.7987363135272807
385.0,cctv2,C2_S002,G008,OCCUPIED,OCCUPIED,0.8217102262106809
385.0,cctv2,C2_S003,G009,EMPTY,MANEUVERING,0.2037722305547107
385.0,cctv2,C2_S004,G010,OCCUPIED,OCCUPIED,0.7673988894982772
385.0,cctv2,C2_S005,G001,EMPTY,EMPTY,0.01
385.0,cctv2,C2_S006,G003,OCCUPIED,OCCUPIED,0.8207734752785076
385.0,cctv2,C2_S007,G004,OCCUPIED,OCCUPIED,0.7854950059543957
385.0,cctv2,C2_S008,G006,OCCUPIED,OCCUPIED,0.7663839696483179
385.0,cctv2,C2_S009,G005,OCCUPIED,OCCUPIED,0.8008245668628
385.0,cctv2,C2_S010,G002,EMPTY,EMPTY,0.01
385.0,cctv2,C2_S011,G017,OCCUPIED,OCCUPIED,0.8118624511090192
385.0,cctv2,C2_S012,G018,EMPTY,EMPTY,0.01
385.0,cctv2,C2_S013,G019,OCCUPIED,OCCUPIED,0.8206660536202518
385.0,cctv2,C2_S014,G020,EMPTY,EMPTY,0.01
385.0,cctv3,C3_S001,G021,OCCUPIED,OCCUPIED,0.8036080284552142
385.0,cctv3,C3_S002,G019,EMPTY,EMPTY,0.01
385.0,cctv3,C3_S003,G020,OCCUPIED,OCCUPIED,0.8063862410458652
385.0,cctv3,C3_S004,G024,OCCUPIED,OCCUPIED,0.8273323435675015
385.0,cctv3,C3_S005,G025,OCCUPIED,OCCUPIED,0.8315136830915105
385.0,cctv3,C3_S006,G026,OCCUPIED,OCCUPIED,0.8250421922315252
385.0,cctv3,C3_S007,G027,OCCUPIED,LEAVING,0.7343820856985722
385.0,cctv3,C3_S008,G028,EMPTY,MANEUVERING,0.1068930391289971
385.0,cctv3,C3_S009,G029,EMPTY,MANEUVERING,0.2875531862202015
385.0,cctv3,C3_S010,G007,OCCUPIED,LEAVING,0.597853842338152
385.0,cctv3,C3_S011,G008,OCCUPIED,OCCUPIED,0.7967491485855797
385.0,cctv3,C3_S012,G009,OCCUPIED,OCCUPIED,0.8270556631413374
386.0,cctv1,C1_S001,G001,OCCUPIED,OCCUPIED,0.7306377472525294
386.0,cctv1,C1_S002,G002,EMPTY,EMPTY,0.01
386.0,cctv1,C1_S003,G003,OCCUPIED,OCCUPIED,0.8373404156077993
386.0,cctv1,C1_S004,G004,OCCUPIED,OCCUPIED,0.7662990496917205
386.0,cctv1,C1_S005,G005,OCCUPIED,OCCUPIED,0.788890489935875
386.0,cctv1,C1_S006,G006,EMPTY,EMPTY,0.01
386.0,cctv2,C2_S001,G007,OCCUPIED,OCCUPIED,0.798251579024575
386.0,cctv2,C2_S002,G008,OCCUPIED,OCCUPIED,0.8226641481572932
386.0,cctv2,C2_S003,G009,EMPTY,MANEUVERING,0.2037722305547107
386.0,cctv2,C2_S004,G010,OCCUPIED,OCCUPIED,0.7650958375497299
386.0,cctv2,C2_S005,G001,EMPTY,EMPTY,0.01
386.0,cctv2,C2_S006,G003,OCCUPIED,OCCUPIED,0.8209211812777953
386.0,cctv2,C2_S007,G004,OCCUPIED,OCCUPIED,0.7860694140195847
386.0,cctv2,C2_S008,G006,OCCUPIED,OCCUPIED,0.7663571930744432
386.0,cctv2,C2_S009,G005,OCCUPIED,OCCUPIED,0.7999591976404191
386.0,cctv2,C2_S010,G002,EMPTY,EMPTY,0.01
386.0,cctv2,C2_S011,G017,OCCUPIED,OCCUPIED,0.8117320039055564
386.0,cctv2,C2_S012,G018,EMPTY,EMPTY,0.01
386.0,cctv2,C2_S013,G019,OCCUPIED,OCCUPIED,0.8201479207385671
386.0,cctv2,C2_S014,G020,EMPTY,EMPTY,0.01
386.0,cctv3,C3_S001,G021,OCCUPIED,OCCUPIED,0.8038118316368624
386.0,cctv3,C3_S002,G019,EMPTY,EMPTY,0.01
386.0,cctv3,C3_S003,G020,OCCUPIED,OCCUPIED,0.8083847216584467
386.0,cctv3,C3_S004,G024,OCCUPIED,OCCUPIED,0.8273557746952231
386.0,cctv3,C3_S005,G025,OCCUPIED,OCCUPIED,0.8315115625208075
386.0,cctv3,C3_S006,G026,OCCUPIED,OCCUPIED,0.8249761863188311
386.0,cctv3,C3_S007,G027,OCCUPIED,LEAVING,0.7327902216735213
386.0,cctv3,C3_S008,G028,EMPTY,MANEUVERING,0.1068930391289971
386.0,cctv3,C3_S009,G029,EMPTY,MANEUVERING,0.2875531862202015
386.0,cctv3,C3_S010,G007,OCCUPIED,LEAVING,0.595811642480619
386.0,cctv3,C3_S011,G008,OCCUPIED,OCCUPIED,0.7957764714956285
386.0,cctv3,C3_S012,G009,OCCUPIED,OCCUPIED,0.8269647427580574
387.0,cctv1,C1_S001,G001,OCCUPIED,OCCUPIED,0.7300046260383997
387.0,cctv1,C1_S002,G002,EMPTY,EMPTY,0.01
387.0,cctv1,C1_S003,G003,OCCUPIED,OCCUPIED,0.837199431386861
387.0,cctv1,C1_S004,G004,OCCUPIED,OCCUPIED,0.7675421438433908
387.0,cctv1,C1_S005,G005,OCCUPIED,OCCUPIED,0.790686117519032
387.0,cctv1,C1_S006,G006,EMPTY,EMPTY,0.01
387.0,cctv2,C2_S001,G007,OCCUPIED,OCCUPIED,0.7954116926951842
387.0,cctv2,C2_S002,G008,OCCUPIED,OCCUPIED,0.8229463319886815
387.0,cctv2,C2_S003,G009,EMPTY,MANEUVERING,0.2037722305547107
387.0,cctv2,C2_S004,G010,OCCUPIED,OCCUPIED,0.7664070484313099
387.0,cctv2,C2_S005,G001,EMPTY,EMPTY,0.01
387.0,cctv2,C2_S006,G003,OCCUPIED,OCCUPIED,0.820737849040465
387.0,cctv2,C2_S007,G004,OCCUPIED,OCCUPIED,0.7856838952411306
387.0,cctv2,C2_S008,G006,OCCUPIED,OCCUPIED,0.7678441760214894
387.0,cctv2,C2_S009,G005,OCCUPIED,OCCUPIED,0.7985907337882303
387.0,cctv2,C2_S010,G002,EMPTY,EMPTY,0.01
387.0,cctv2,C2_S011,G017,OCCUPIED,OCCUPIED,0.8118278254162182
387.0,cctv2,C2_S012,G018,EMPTY,EMPTY,0.01
387.0,cctv2,C2_S013,G019,OCCUPIED,OCCUPIED,0.8203531893816862
387.0,cctv2,C2_S014,G020,EMPTY,EMPTY,0.01
387.0,cctv3,C3_S001,G021,OCCUPIED,OCCUPIED,0.8037586751309309
387.0,cctv3,C3_S002,G019,EMPTY,EMPTY,0.01
387.0,cctv3,C3_S003,G020,OCCUPIED,OCCUPIED,0.8088599838993766
387.0,cctv3,C3_S004,G024,OCCUPIED,OCCUPIED,0.8272950966249814
387.0,cctv3,C3_S005,G025,OCCUPIED,OCCUPIED,0.8315169301899997
387.0,cctv3,C3_S006,G026,OCCUPIED,OCCUPIED,0.82488135072318
387.0,cctv3,C3_S007,G027,OCCUPIED,OCCUPIED,0.732511364594102
387.0,cctv3,C3_S008,G028,EMPTY,MANEUVERING,0.1068930391289971
387.0,cctv3,C3_S009,G029,EMPTY,MANEUVERING,0.2057598206705668
387.0,cctv3,C3_S010,G007,OCCUPIED,LEAVING,0.6786203887679361
387.0,cctv3,C3_S011,G008,OCCUPIED,OCCUPIED,0.7951046098362317
387.0,cctv3,C3_S012,G009,OCCUPIED,OCCUPIED,0.8269031291658229
388.0,cctv1,C1_S001,G001,OCCUPIED,OCCUPIED,0.730941106108102
388.0,cctv1,C1_S002,G002,EMPTY,EMPTY,0.01
388.0,cctv1,C1_S003,G003,OCCUPIED,OCCUPIED,0.8372456734830683
388.0,cctv1,C1_S004,G004,OCCUPIED,OCCUPIED,0.7674941928549247
388.0,cctv1,C1_S005,G005,OCCUPIED,OCCUPIED,0.7898319631814957
388.0,cctv1,C1_S006,G006,EMPTY,EMPTY,0.01
388.0,cctv2,C2_S001,G007,OCCUPIED,OCCUPIED,0.7940790046345104
388.0,cctv2,C2_S002,G008,OCCUPIED,OCCUPIED,0.8234262783419003
388.0,cctv2,C2_S003,G009,EMPTY,EMPTY,0.01
388.0,cctv2,C2_S004,G010,OCCUPIED,OCCUPIED,0.7658100155266849
388.0,cctv2,C2_S005,G001,EMPTY,EMPTY,0.01
388.0,cctv2,C2_S006,G003,OCCUPIED,OCCUPIED,0.8207595123486086
388.0,cctv2,C2_S007,G004,OCCUPIED,OCCUPIED,0.7849741762334651
388.0,cctv2,C2_S008,G006,OCCUPIED,OCCUPIED,0.7698264227672057
388.0,cctv2,C2_S009,G005,OCCUPIED,OCCUPIED,0.7985611417076806
388.0,cctv2,C2_S010,G002,EMPTY,EMPTY,0.01
388.0,cctv2,C2_S011,G017,OCCUPIED,OCCUPIED,0.8116896054961465
388.0,cctv2,C2_S012,G018,EMPTY,EMPTY,0.01
388.0,cctv2,C2_S013,G019,OCCUPIED,OCCUPIED,0.817808403752067
388.0,cctv2,C2_S014,G020,EMPTY,EMPTY,0.01
388.0,cctv3,C3_S001,G021,OCCUPIED,OCCUPIED,0.8037724348631773
388.0,cctv3,C3_S002,G019,EMPTY,EMPTY,0.01
388.0,cctv3,C3_S003,G020,OCCUPIED,OCCUPIED,0.8087650085037406
388.0,cctv3,C3_S004,G024,OCCUPIED,OCCUPIED,0.8271913650360975
388.0,cctv3,C3_S005,G025,OCCUPIED,OCCUPIED,0.8314743651585146
388.0,cctv3,C3_S006,G026,OCCUPIED,OCCUPIED,0.8247644511136143
388.0,cctv3,C3_S007,G027,OCCUPIED,OCCUPIED,0.7458314936946739
388.0,cctv3,C3_S008,G028,EMPTY,EMPTY,0.01
388.0,cctv3,C3_S009,G029,EMPTY,MANEUVERING,0.0568891797282479
388.0,cctv3,C3_S010,G007,OCCUPIED,LEAVING,0.7159536724469879
388.0,cctv3,C3_S011,G008,OCCUPIED,OCCUPIED,0.7934882895513015
388.0,cctv3,C3_S012,G009,OCCUPIED,OCCUPIED,0.8266825207255104
389.0,cctv1,C1_S001,G001,OCCUPIED,OCCUPIED,0.7310337587513708
389.0,cctv1,C1_S002,G002,EMPTY,EMPTY,0.01
389.0,cctv1,C1_S003,G003,OCCUPIED,OCCUPIED,0.8383882863955066
389.0,cctv1,C1_S004,G004,OCCUPIED,OCCUPIED,0.7677185149355369
389.0,cctv1,C1_S005,G005,OCCUPIED,OCCUPIED,0.7898277334191584
389.0,cctv1,C1_S006,G006,EMPTY,EMPTY,0.01
389.0,cctv2,C2_S001,G007,OCCUPIED,OCCUPIED,0.7111895709146153
389.0,cctv2,C2_S002,G008,OCCUPIED,OCCUPIED,0.8236027538776398
389.0,cctv2,C2_S003,G009,EMPTY,EMPTY,0.01
389.0,cctv2,C2_S004,G010,OCCUPIED,OCCUPIED,0.7634637251496316
389.0,cctv2,C2_S005,G001,EMPTY,EMPTY,0.01
389.0,cctv2,C2_S006,G003,OCCUPIED,OCCUPIED,0.8202230851758611
389.0,cctv2,C2_S007,G004,OCCUPIED,OCCUPIED,0.7837568918412383
389.0,cctv2,C2_S008,G006,OCCUPIED,OCCUPIED,0.7718319502743809
389.0,cctv2,C2_S009,G005,OCCUPIED,OCCUPIED,0.7994121976874092
389.0,cctv2,C2_S010,G002,EMPTY,EMPTY,0.01
389.0,cctv2,C2_S011,G017,OCCUPIED,OCCUPIED,0.8115070519122212
389.0,cctv2,C2_S012,G018,EMPTY,EMPTY,0.01
389.0,cctv2,C2_S013,G019,OCCUPIED,OCCUPIED,0.8182419982823459
389.0,cctv2,C2_S014,G020,EMPTY,EMPTY,0.01
389.0,cctv3,C3_S001,G021,OCCUPIED,OCCUPIED,0.8034750843589957
389.0,cctv3,C3_S002,G019,EMPTY,EMPTY,0.01
389.0,cctv3,C3_S003,G020,OCCUPIED,OCCUPIED,0.8098026568239386
389.0,cctv3,C3_S004,G024,OCCUPIED,OCCUPIED,0.8274693890051409
389.0,cctv3,C3_S005,G025,OCCUPIED,OCCUPIED,0.8315375238656998
389.0,cctv3,C3_S006,G026,OCCUPIED,OCCUPIED,0.8248448458584873
389.0,cctv3,C3_S007,G027,OCCUPIED,OCCUPIED,0.7440002475949852
389.0,cctv3,C3_S008,G028,EMPTY,EMPTY,0.01
389.0,cctv3,C3_S009,G029,EMPTY,MANEUVERING,0.0568891797282479
389.0,cctv3,C3_S010,G007,OCCUPIED,LEAVING,0.7159465695104816
389.0,cctv3,C3_S011,G008,OCCUPIED,OCCUPIED,0.7938606281172146
389.0,cctv3,C3_S012,G009,OCCUPIED,OCCUPIED,0.8268028763207523
390.0,cctv1,C1_S001,G001,OCCUPIED,OCCUPIED,0.7311532210897316
390.0,cctv1,C1_S002,G002,EMPTY,EMPTY,0.01
390.0,cctv1,C1_S003,G003,OCCUPIED,OCCUPIED,0.8385081388733604
390.0,cctv1,C1_S004,G004,OCCUPIED,OCCUPIED,0.7674934792247686
390.0,cctv1,C1_S005,G005,OCCUPIED,OCCUPIED,0.7904582337899642
390.0,cctv1,C1_S006,G006,EMPTY,EMPTY,0.01
390.0,cctv2,C2_S001,G007,OCCUPIED,OCCUPIED,0.7076026407290589
390.0,cctv2,C2_S002,G008,OCCUPIED,OCCUPIED,0.8238694694909183
390.0,cctv2,C2_S003,G009,EMPTY,EMPTY,0.01
390.0,cctv2,C2_S004,G010,OCCUPIED,OCCUPIED,0.7656423819336025
390.0,cctv2,C2_S005,G001,EMPTY,EMPTY,0.01
390.0,cctv2,C2_S006,G003,OCCUPIED,OCCUPIED,0.8203404757109556
390.0,cctv2,C2_S007,G004,OCCUPIED,OCCUPIED,0.7824116449464452
390.0,cctv2,C2_S008,G006,OCCUPIED,OCCUPIED,0.7714271663264796
390.0,cctv2,C2_S009,G005,OCCUPIED,OCCUPIED,0.8005255859006536
390.0,cctv2,C2_S010,G002,EMPTY,EMPTY,0.01
390.0,cctv2,C2_S011,G017,OCCUPIED,OCCUPIED,0.8110240884802559
390.0,cctv2,C2_S012,G018,EMPTY,EMPTY,0.01
390.0,cctv2,C2_S013,G019,OCCUPIED,OCCUPIED,0.8177403666756371
390.0,cctv2,C2_S014,G020,EMPTY,EMPTY,0.01
390.0,cctv3,C3_S001,G021,OCCUPIED,OCCUPIED,0.8024614125490189
390.0,cctv3,C3_S002,G019,EMPTY,EMPTY,0.01
390.0,cctv3,C3_S003,G020,OCCUPIED,OCCUPIED,0.8108472992073407
390.0,cctv3,C3_S004,G024,OCCUPIED,OCCUPIED,0.8273200582374227
390.0,cctv3,C3_S005,G025,OCCUPIED,OCCUPIED,0.8315552085638047
390.0,cctv3,C3_S006,G026,OCCUPIED,OCCUPIED,0.8248092927715995
390.0,cctv3,C3_S007,G027,OCCUPIED,OCCUPIED,0.7421660248528827
390.0,cctv3,C3_S008,G028,EMPTY,EMPTY,0.01
390.0,cctv3,C3_S009,G029,EMPTY,MANEUVERING,0.0568891797282479
390.0,cctv3,C3_S010,G007,OCCUPIED,LEAVING,0.7170078378102998
390.0,cctv3,C3_S011,G008,OCCUPIED,OCCUPIED,0.7950089037418366
390.0,cctv3,C3_S012,G009,OCCUPIED,OCCUPIED,0.8267480852929029
391.0,cctv1,C1_S001,G001,OCCUPIED,OCCUPIED,0.736031602526253
391.0,cctv1,C1_S002,G002,EMPTY,EMPTY,0.01
391.0,cctv1,C1_S003,G003,OCCUPIED,OCCUPIED,0.8385133651169865
391.0,cctv1,C1_S004,G004,OCCUPIED,OCCUPIED,0.7669164023616097
391.0,cctv1,C1_S005,G005,OCCUPIED,OCCUPIED,0.7880417300896212
391.0,cctv1,C1_S006,G006,EMPTY,EMPTY,0.01
391.0,cctv2,C2_S001,G007,OCCUPIED,OCCUPIED,0.7062318754602562
391.0,cctv2,C2_S002,G008,OCCUPIED,OCCUPIED,0.8236341812393883
391.0,cctv2,C2_S003,G009,EMPTY,EMPTY,0.01
391.0,cctv2,C2_S004,G010,OCCUPIED,OCCUPIED,0.7662342812527311
391.0,cctv2,C2_S005,G001,EMPTY,EMPTY,0.01
391.0,cctv2,C2_S006,G003,OCCUPIED,OCCUPIED,0.8198572968894786
391.0,cctv2,C2_S007,G004,OCCUPIED,OCCUPIED,0.7797317178411918
391.0,cctv2,C2_S008,G006,OCCUPIED,OCCUPIED,0.7711080631071872
391.0,cctv2,C2_S009,G005,OCCUPIED,OCCUPIED,0.8003381612625989
391.0,cctv2,C2_S010,G002,EMPTY,EMPTY,0.01
391.0,cctv2,C2_S011,G017,OCCUPIED,OCCUPIED,0.8105599175799978
391.0,cctv2,C2_S012,G018,EMPTY,EMPTY,0.01
391.0,cctv2,C2_S013,G019,OCCUPIED,OCCUPIED,0.8217922798611902
391.0,cctv2,C2_S014,G020,EMPTY,EMPTY,0.01
391.0,cctv3,C3_S001,G021,OCCUPIED,OCCUPIED,0.8016843522136863
391.0,cctv3,C3_S002,G019,EMPTY,EMPTY,0.01
391.0,cctv3,C3_S003,G020,OCCUPIED,OCCUPIED,0.810846974903887
391.0,cctv3,C3_S004,G024,OCCUPIED,OCCUPIED,0.8272879578850487
391.0,cctv3,C3_S005,G025,OCCUPIED,OCCUPIED,0.8315652717243542
391.0,cctv3,C3_S006,G026,OCCUPIED,OCCUPIED,0.8247975950891322
391.0,cctv3,C3_S007,G027,OCCUPIED,OCCUPIED,0.7411785858598623
391.0,cctv3,C3_S008,G028,EMPTY,EMPTY,0.01
391.0,cctv3,C3_S009,G029,EMPTY,MANEUVERING,0.0568891797282479
391.0,cctv3,C3_S010,G007,OCCUPIED,LEAVING,0.7163910459659317
391.0,cctv3,C3_S011,G008,OCCUPIED,OCCUPIED,0.7946667977354744
391.0,cctv3,C3_S012,G009,OCCUPIED,OCCUPIED,0.826367228681391
392.0,cctv1,C1_S001,G001,OCCUPIED,OCCUPIED,0.7369144565002486
392.0,cctv1,C1_S002,G002,EMPTY,EMPTY,0.01
392.0,cctv1,C1_S003,G003,OCCUPIED,OCCUPIED,0.8385963998057626
392.0,cctv1,C1_S004,G004,OCCUPIED,OCCUPIED,0.7671960092403672
392.0,cctv1,C1_S005,G005,OCCUPIED,OCCUPIED,0.7860182521018115
392.0,cctv1,C1_S006,G006,EMPTY,EMPTY,0.01
392.0,cctv2,C2_S001,G007,OCCUPIED,OCCUPIED,0.70671902094375
392.0,cctv2,C2_S002,G008,OCCUPIED,OCCUPIED,0.8239453556862745
392.0,cctv2,C2_S003,G009,EMPTY,EMPTY,0.01
392.0,cctv2,C2_S004,G010,OCCUPIED,OCCUPIED,0.7669226124882699
392.0,cctv2,C2_S005,G001,EMPTY,EMPTY,0.01
392.0,cctv2,C2_S006,G003,OCCUPIED,OCCUPIED,0.8194011433558032
392.0,cctv2,C2_S007,G004,OCCUPIED,OCCUPIED,0.7795547213066709
392.0,cctv2,C2_S008,G006,OCCUPIED,OCCUPIED,0.772922886366194
392.0,cctv2,C2_S009,G005,OCCUPIED,OCCUPIED,0.7991453243927523
392.0,cctv2,C2_S010,G002,EMPTY,EMPTY,0.01
392.0,cctv2,C2_S011,G017,OCCUPIED,OCCUPIED,0.8094510996883566
392.0,cctv2,C2_S012,G018,EMPTY,EMPTY,0.01
392.0,cctv2,C2_S013,G019,OCCUPIED,OCCUPIED,0.822364588488232
392.0,cctv2,C2_S014,G020,EMPTY,EMPTY,0.01
392.0,cctv3,C3_S001,G021,OCCUPIED,OCCUPIED,0.8019563574682583
392.0,cctv3,C3_S002,G019,EMPTY,EMPTY,0.01
392.0,cctv3,C3_S003,G020,OCCUPIED,OCCUPIED,0.811041808128357
392.0,cctv3,C3_S004,G024,OCCUPIED,OCCUPIED,0.8275943636894226
392.0,cctv3,C3_S005,G025,OCCUPIED,OCCUPIED,0.8316404369744388
392.0,cctv3,C3_S006,G026,OCCUPIED,OCCUPIED,0.8248861120505767
392.0,cctv3,C3_S007,G027,OCCUPIED,OCCUPIED,0.7393396881493656
392.0,cctv3,C3_S008,G028,EMPTY,EMPTY,0.01
392.0,cctv3,C3_S009,G029,EMPTY,MANEUVERING,0.0568891797282479
392.0,cctv3,C3_S010,G007,OCCUPIED,LEAVING,0.7150626855275849
392.0,cctv3,C3_S011,G008,OCCUPIED,OCCUPIED,0.7937337319959294
392.0,cctv3,C3_S012,G009,OCCUPIED,OCCUPIED,0.8261948869986968
393.0,cctv1,C1_S001,G001,OCCUPIED,OCCUPIED,0.7370830004188148
393.0,cctv1,C1_S002,G002,EMPTY,EMPTY,0.01
393.0,cctv1,C1_S003,G003,OCCUPIED,OCCUPIED,0.8385521360419014
393.0,cctv1,C1_S004,G004,OCCUPIED,OCCUPIED,0.7664607190273025
393.0,cctv1,C1_S005,G005,OCCUPIED,OCCUPIED,0.784807596017014
393.0,cctv1,C1_S006,G006,EMPTY,EMPTY,0.01
393.0,cctv2,C2_S001,G007,OCCUPIED,OCCUPIED,0.7516512638736855
393.0,cctv2,C2_S002,G008,OCCUPIED,OCCUPIED,0.8256150096654893
393.0,cctv2,C2_S003,G009,EMPTY,EMPTY,0.01
393.0,cctv2,C2_S004,G010,OCCUPIED,OCCUPIED,0.7691453099250795
393.0,cctv2,C2_S005,G001,EMPTY,EMPTY,0.01
393.0,cctv2,C2_S006,G003,OCCUPIED,OCCUPIED,0.8189545661211014
393.0,cctv2,C2_S007,G004,OCCUPIED,OCCUPIED,0.7783994634043088
393.0,cctv2,C2_S008,G006,OCCUPIED,OCCUPIED,0.773542468520728
393.0,cctv2,C2_S009,G005,OCCUPIED,OCCUPIED,0.798554319956086
393.0,cctv2,C2_S010,G002,EMPTY,EMPTY,0.01
393.0,cctv2,C2_S011,G017,OCCUPIED,OCCUPIED,0.8095246629281478
393.0,cctv2,C2_S012,G018,EMPTY,EMPTY,0.01
393.0,cctv2,C2_S013,G019,OCCUPIED,OCCUPIED,0.8243484152988955
393.0,cctv2,C2_S014,G020,EMPTY,EMPTY,0.01
393.0,cctv3,C3_S001,G021,OCCUPIED,OCCUPIED,0.8013136067173698
393.0,cctv3,C3_S002,G019,EMPTY,EMPTY,0.01
393.0,cctv3,C3_S003,G020,OCCUPIED,OCCUPIED,0.8087276973507622
393.0,cctv3,C3_S004,G024,OCCUPIED,OCCUPIED,0.82734872861342
393.0,cctv3,C3_S005,G025,OCCUPIED,OCCUPIED,0.831635796752843
393.0,cctv3,C3_S006,G026,OCCUPIED,OCCUPIED,0.8247097535566851
393.0,cctv3,C3_S007,G027,OCCUPIED,OCCUPIED,0.7393821832808583
393.0,cctv3,C3_S008,G028,EMPTY,EMPTY,0.01
393.0,cctv3,C3_S009,G029,EMPTY,MANEUVERING,0.0568891797282479
393.0,cctv3,C3_S010,G007,OCCUPIED,LEAVING,0.7149764712832192
393.0,cctv3,C3_S011,G008,OCCUPIED,OCCUPIED,0.7936690411784433
393.0,cctv3,C3_S012,G009,OCCUPIED,OCCUPIED,0.8262903175570748
394.0,cctv1,C1_S001,G001,OCCUPIED,OCCUPIED,0.7376215229657563
394.0,cctv1,C1_S002,G002,EMPTY,EMPTY,0.01
394.0,cctv1,C1_S003,G003,OCCUPIED,OCCUPIED,0.8386605525558646
394.0,cctv1,C1_S004,G004,OCCUPIED,OCCUPIED,0.7665190200914037
394.0,cctv1,C1_S005,G005,OCCUPIED,OCCUPIED,0.7841812490062281
394.0,cctv1,C1_S006,G006,EMPTY,EMPTY,0.01
394.0,cctv2,C2_S001,G007,OCCUPIED,OCCUPIED,0.7514897215772759
394.0,cctv2,C2_S002,G008,OCCUPIED,OCCUPIED,0.8269833832979203
394.0,cctv2,C2_S003,G009,EMPTY,EMPTY,0.01
394.0,cctv2,C2_S004,G010,OCCUPIED,OCCUPIED,0.7703030326149681
394.0,cctv2,C2_S005,G001,EMPTY,EMPTY,0.01
394.0,cctv2,C2_S006,G003,OCCUPIED,OCCUPIED,0.8188098617575386
394.0,cctv2,C2_S007,G004,OCCUPIED,OCCUPIED,0.7776687191291289
394.0,cctv2,C2_S008,G006,OCCUPIED,OCCUPIED,0.7719054171984847
394.0,cctv2,C2_S009,G005,OCCUPIED,OCCUPIED,0.8001152136109093
394.0,cctv2,C2_S010,G002,EMPTY,EMPTY,0.01
394.0,cctv2,C2_S011,G017,OCCUPIED,OCCUPIED,0.8092179555784573
394.0,cctv2,C2_S012,G018,EMPTY,EMPTY,0.01
394.0,cctv2,C2_S013,G019,OCCUPIED,OCCUPIED,0.8224616259336472
394.0,cctv2,C2_S014,G020,EMPTY,EMPTY,0.01
394.0,cctv3,C3_S001,G021,OCCUPIED,OCCUPIED,0.8010325453498147
394.0,cctv3,C3_S002,G019,EMPTY,EMPTY,0.01
394.0,cctv3,C3_S003,G020,OCCUPIED,OCCUPIED,0.8092249797149138
394.0,cctv3,C3_S004,G024,OCCUPIED,OCCUPIED,0.8274395790967075
394.0,cctv3,C3_S005,G025,OCCUPIED,OCCUPIED,0.8316543990915473
394.0,cctv3,C3_S006,G026,OCCUPIED,OCCUPIED,0.824806152961471
394.0,cctv3,C3_S007,G027,OCCUPIED,OCCUPIED,0.7382438808002256
394.0,cctv3,C3_S008,G028,EMPTY,EMPTY,0.01
394.0,cctv3,C3_S009,G029,EMPTY,EMPTY,0.01
394.0,cctv3,C3_S010,G007,OCCUPIED,LEAVING,0.7619802233847706
394.0,cctv3,C3_S011,G008,OCCUPIED,OCCUPIED,0.7930064867843282
394.0,cctv3,C3_S012,G009,OCCUPIED,OCCUPIED,0.8262901810082524
395.0,cctv1,C1_S001,G001,OCCUPIED,OCCUPIED,0.7386051046577368
395.0,cctv1,C1_S002,G002,EMPTY,EMPTY,0.01
395.0,cctv1,C1_S003,G003,OCCUPIED,OCCUPIED,0.8387237210165371
395.0,cctv1,C1_S004,G004,OCCUPIED,OCCUPIED,0.7671207809990104
395.0,cctv1,C1_S005,G005,OCCUPIED,OCCUPIED,0.7813424932685766
395.0,cctv1,C1_S006,G006,EMPTY,EMPTY,0.01
395.0,cctv2,C2_S001,G007,OCCUPIED,OCCUPIED,0.7500688562203538
395.0,cctv2,C2_S002,G008,OCCUPIED,OCCUPIED,0.8277325120839206
395.0,cctv2,C2_S003,G009,EMPTY,EMPTY,0.01
395.0,cctv2,C2_S004,G010,OCCUPIED,OCCUPIED,0.772346014326269
395.0,cctv2,C2_S005,G001,EMPTY,EMPTY,0.01
395.0,cctv2,C2_S006,G003,OCCUPIED,OCCUPIED,0.8186754765835675
395.0,cctv2,C2_S007,G004,OCCUPIED,OCCUPIED,0.7780846744775772
395.0,cctv2,C2_S008,G006,OCCUPIED,OCCUPIED,0.770816338739612
395.0,cctv2,C2_S009,G005,OCCUPIED,OCCUPIED,0.7994473557580601
395.0,cctv2,C2_S010,G002,EMPTY,EMPTY,0.01
395.0,cctv2,C2_S011,G017,OCCUPIED,OCCUPIED,0.8096178550611843
395.0,cctv2,C2_S012,G018,EMPTY,EMPTY,0.01
395.0,cctv2,C2_S013,G019,OCCUPIED,OCCUPIED,0.8226791920987043
395.0,cctv2,C2_S014,G020,EMPTY,EMPTY,0.01
395.0,cctv3,C3_S001,G021,OCCUPIED,OCCUPIED,0.8018058489669454
395.0,cctv3,C3_S002,G019,EMPTY,EMPTY,0.01
395.0,cctv3,C3_S003,G020,OCCUPIED,OCCUPIED,0.8101767087524588
395.0,cctv3,C3_S004,G024,OCCUPIED,OCCUPIED,0.8273282592946833
395.0,cctv3,C3_S005,G025,OCCUPIED,OCCUPIED,0.8316862165927887
395.0,cctv3,C3_S006,G026,OCCUPIED,OCCUPIED,0.8249282422390851
395.0,cctv3,C3_S007,G027,OCCUPIED,OCCUPIED,0.7387399716133422
395.0,cctv3,C3_S008,G028,EMPTY,EMPTY,0.01
395.0,cctv3,C3_S009,G029,EMPTY,EMPTY,0.01
395.0,cctv3,C3_S010,G007,OCCUPIED,LEAVING,0.7613287383859808
395.0,cctv3,C3_S011,G008,OCCUPIED,OCCUPIED,0.7928100799972362
395.0,cctv3,C3_S012,G009,OCCUPIED,OCCUPIED,0.8263895950534128
396.0,cctv1,C1_S001,G001,OCCUPIED,OCCUPIED,0.7409964663061229
396.0,cctv1,C1_S002,G002,EMPTY,EMPTY,0.01
396.0,cctv1,C1_S003,G003,OCCUPIED,OCCUPIED,0.8386293795975772
396.0,cctv1,C1_S004,G004,OCCUPIED,OCCUPIED,0.7674320407889107
396.0,cctv1,C1_S005,G005,OCCUPIED,OCCUPIED,0.7841258426958865
396.0,cctv1,C1_S006,G006,EMPTY,EMPTY,0.01
396.0,cctv2,C2_S001,G007,OCCUPIED,OCCUPIED,0.7494892836023461
396.0,cctv2,C2_S002,G008,OCCUPIED,OCCUPIED,0.8298170330849561
396.0,cctv2,C2_S003,G009,EMPTY,EMPTY,0.01
396.0,cctv2,C2_S004,G010,OCCUPIED,OCCUPIED,0.7714125747030433
396.0,cctv2,C2_S005,G001,EMPTY,EMPTY,0.01
396.0,cctv2,C2_S006,G003,OCCUPIED,OCCUPIED,0.8181514452804219
396.0,cctv2,C2_S007,G004,OCCUPIED,OCCUPIED,0.7777416288852692
396.0,cctv2,C2_S008,G006,OCCUPIED,OCCUPIED,0.7688642583110117
396.0,cctv2,C2_S009,G005,OCCUPIED,OCCUPIED,0.8015300975604491
396.0,cctv2,C2_S010,G002,EMPTY,EMPTY,0.01
396.0,cctv2,C2_S011,G017,OCCUPIED,OCCUPIED,0.8094388712536206
396.0,cctv2,C2_S012,G018,EMPTY,EMPTY,0.01
396.0,cctv2,C2_S013,G019,OCCUPIED,OCCUPIED,0.821586808833209
396.0,cctv2,C2_S014,G020,EMPTY,EMPTY,0.01
396.0,cctv3,C3_S001,G021,OCCUPIED,OCCUPIED,0.8004466623067856
396.0,cctv3,C3_S002,G019,EMPTY,EMPTY,0.01
396.0,cctv3,C3_S003,G020,OCCUPIED,OCCUPIED,0.8086397631601855
396.0,cctv3,C3_S004,G024,OCCUPIED,OCCUPIED,0.8272855073213577
396.0,cctv3,C3_S005,G025,OCCUPIED,OCCUPIED,0.8316788917238063
396.0,cctv3,C3_S006,G026,OCCUPIED,OCCUPIED,0.8249574401161888
396.0,cctv3,C3_S007,G027,OCCUPIED,OCCUPIED,0.7366175123913722
396.0,cctv3,C3_S008,G028,EMPTY,EMPTY,0.01
396.0,cctv3,C3_S009,G029,EMPTY,EMPTY,0.01
396.0,cctv3,C3_S010,G007,OCCUPIED,LEAVING,0.7604937293312767
396.0,cctv3,C3_S011,G008,OCCUPIED,OCCUPIED,0.7924791791222313
396.0,cctv3,C3_S012,G009,OCCUPIED,OCCUPIED,0.826459432461045
397.0,cctv1,C1_S001,G001,OCCUPIED,OCCUPIED,0.7406542863358151
397.0,cctv1,C1_S002,G002,EMPTY,EMPTY,0.01
397.0,cctv1,C1_S003,G003,OCCUPIED,OCCUPIED,0.8386631551113997
397.0,cctv1,C1_S004,G004,OCCUPIED,OCCUPIED,0.7682909320701253
397.0,cctv1,C1_S005,G005,OCCUPIED,OCCUPIED,0.7841735648837957
397.0,cctv1,C1_S006,G006,EMPTY,EMPTY,0.01
397.0,cctv2,C2_S001,G007,OCCUPIED,OCCUPIED,0.7515001419592988
397.0,cctv2,C2_S002,G008,OCCUPIED,OCCUPIED,0.830363037369468
397.0,cctv2,C2_S003,G009,EMPTY,EMPTY,0.01
397.0,cctv2,C2_S004,G010,OCCUPIED,OCCUPIED,0.7730690346522765
397.0,cctv2,C2_S005,G001,EMPTY,EMPTY,0.01
397.0,cctv2,C2_S006,G003,OCCUPIED,OCCUPIED,0.8174148245291277
397.0,cctv2,C2_S007,G004,OCCUPIED,OCCUPIED,0.7766675175590949
397.0,cctv2,C2_S008,G006,OCCUPIED,OCCUPIED,0.7668634551492605
397.0,cctv2,C2_S009,G005,OCCUPIED,OCCUPIED,0.8013854086399079
397.0,cctv2,C2_S010,G002,EMPTY,EMPTY,0.01
397.0,cctv2,C2_S011,G017,OCCUPIED,OCCUPIED,0.80834467058832
397.0,cctv2,C2_S012,G018,EMPTY,EMPTY,0.01
397.0,cctv2,C2_S013,G019,OCCUPIED,OCCUPIED,0.8206691747361964
397.0,cctv2,C2_S014,G020,EMPTY,EMPTY,0.01
397.0,cctv3,C3_S001,G021,OCCUPIED,OCCUPIED,0.799444315108386
397.0,cctv3,C3_S002,G019,EMPTY,EMPTY,0.01
397.0,cctv3,C3_S003,G020,OCCUPIED,OCCUPIED,0.8080487806688657
397.0,cctv3,C3_S004,G024,OCCUPIED,OCCUPIED,0.8271996164863761
397.0,cctv3,C3_S005,G025,OCCUPIED,OCCUPIED,0.8316980093717575
397.0,cctv3,C3_S006,G026,OCCUPIED,OCCUPIED,0.8251075186512687
397.0,cctv3,C3_S007,G027,OCCUPIED,OCCUPIED,0.736536198177121
397.0,cctv3,C3_S008,G028,EMPTY,EMPTY,0.01
397.0,cctv3,C3_S009,G029,EMPTY,EMPTY,0.01
397.0,cctv3,C3_S010,G007,OCCUPIED,OCCUPIED,0.7611435078761795
397.0,cctv3,C3_S011,G008,OCCUPIED,OCCUPIED,0.793105910582976
397.0,cctv3,C3_S012,G009,OCCUPIED,OCCUPIED,0.8265051186084748
398.0,cctv1,C1_S001,G001,OCCUPIED,OCCUPIED,0.7408248642628844
398.0,cctv1,C1_S002,G002,EMPTY,EMPTY,0.01
398.0,cctv1,C1_S003,G003,OCCUPIED,OCCUPIED,0.8386001175100154
398.0,cctv1,C1_S004,G004,OCCUPIED,OCCUPIED,0.7675879608501088
398.0,cctv1,C1_S005,G005,OCCUPIED,OCCUPIED,0.7815032035112381
398.0,cctv1,C1_S006,G006,EMPTY,EMPTY,0.01
398.0,cctv2,C2_S001,G007,OCCUPIED,OCCUPIED,0.7537921163846146
398.0,cctv2,C2_S002,G008,OCCUPIED,OCCUPIED,0.8311127237298273
398.0,cctv2,C2_S003,G009,EMPTY,EMPTY,0.01
398.0,cctv2,C2_S004,G010,OCCUPIED,OCCUPIED,0.7717845150015572
398.0,cctv2,C2_S005,G001,EMPTY,EMPTY,0.01
398.0,cctv2,C2_S006,G003,OCCUPIED,OCCUPIED,0.8171789535067299
398.0,cctv2,C2_S007,G004,OCCUPIED,OCCUPIED,0.775692107867111
398.0,cctv2,C2_S008,G006,OCCUPIED,OCCUPIED,0.7647985748269341
398.0,cctv2,C2_S009,G005,OCCUPIED,OCCUPIED,0.8015771857716821
398.0,cctv2,C2_S010,G002,EMPTY,EMPTY,0.01
398.0,cctv2,C2_S011,G017,OCCUPIED,OCCUPIED,0.8077174864032053
398.0,cctv2,C2_S012,G018,EMPTY,EMPTY,0.01
398.0,cctv2,C2_S013,G019,OCCUPIED,OCCUPIED,0.8204285659573296
398.0,cctv2,C2_S014,G020,EMPTY,EMPTY,0.01
398.0,cctv3,C3_S001,G021,OCCUPIED,OCCUPIED,0.7991023643450305
398.0,cctv3,C3_S002,G019,EMPTY,EMPTY,0.01
398.0,cctv3,C3_S003,G020,OCCUPIED,OCCUPIED,0.8085620164871217
398.0,cctv3,C3_S004,G024,OCCUPIED,OCCUPIED,0.8271129762584514
398.0,cctv3,C3_S005,G025,OCCUPIED,OCCUPIED,0.8317511845718731
398.0,cctv3,C3_S006,G026,OCCUPIED,OCCUPIED,0.8254038426009092
398.0,cctv3,C3_S007,G027,OCCUPIED,OCCUPIED,0.7344713570719417
398.0,cctv3,C3_S008,G028,EMPTY,EMPTY,0.01
398.0,cctv3,C3_S009,G029,EMPTY,EMPTY,0.01
398.0,cctv3,C3_S010,G007,OCCUPIED,OCCUPIED,0.7609600354324688
398.0,cctv3,C3_S011,G008,OCCUPIED,OCCUPIED,0.7941753877834841
398.0,cctv3,C3_S012,G009,OCCUPIED,OCCUPIED,0.8266389494592494
399.0,cctv1,C1_S001,G001,OCCUPIED,OCCUPIED,0.7404818690635941
399.0,cctv1,C1_S002,G002,EMPTY,EMPTY,0.01
399.0,cctv1,C1_S003,G003,OCCUPIED,OCCUPIED,0.8385381584817714
399.0,cctv1,C1_S004,G004,OCCUPIED,OCCUPIED,0.7684490722688763
399.0,cctv1,C1_S005,G005,OCCUPIED,OCCUPIED,0.7807403109290384
399.0,cctv1,C1_S006,G006,EMPTY,EMPTY,0.01
399.0,cctv2,C2_S001,G007,OCCUPIED,OCCUPIED,0.7516399333287369
399.0,cctv2,C2_S002,G008,OCCUPIED,OCCUPIED,0.8313803439790552
399.0,cctv2,C2_S003,G009,EMPTY,EMPTY,0.01
399.0,cctv2,C2_S004,G010,OCCUPIED,OCCUPIED,0.7725260413505814
399.0,cctv2,C2_S005,G001,EMPTY,EMPTY,0.01
399.0,cctv2,C2_S006,G003,OCCUPIED,OCCUPIED,0.8171013011173769
399.0,cctv2,C2_S007,G004,OCCUPIED,OCCUPIED,0.775446815788746
399.0,cctv2,C2_S008,G006,OCCUPIED,OCCUPIED,0.7627259827472948
399.0,cctv2,C2_S009,G005,OCCUPIED,OCCUPIED,0.8015208317474886
399.0,cctv2,C2_S010,G002,EMPTY,EMPTY,0.01
399.0,cctv2,C2_S011,G017,OCCUPIED,OCCUPIED,0.8075925491072915
399.0,cctv2,C2_S012,G018,EMPTY,EMPTY,0.01
399.0,cctv2,C2_S013,G019,OCCUPIED,OCCUPIED,0.8227919001470914
399.0,cctv2,C2_S014,G020,EMPTY,EMPTY,0.01
399.0,cctv3,C3_S001,G021,OCCUPIED,OCCUPIED,0.7977673435753043
399.0,cctv3,C3_S002,G019,EMPTY,EMPTY,0.01
399.0,cctv3,C3_S003,G020,OCCUPIED,OCCUPIED,0.8074039507995953
399.0,cctv3,C3_S004,G024,OCCUPIED,OCCUPIED,0.8270833662965081
399.0,cctv3,C3_S005,G025,OCCUPIED,OCCUPIED,0.831798147613352
399.0,cctv3,C3_S006,G026,OCCUPIED,OCCUPIED,0.8257336340167306
399.0,cctv3,C3_S007,G027,OCCUPIED,OCCUPIED,0.6527056249637495
399.0,cctv3,C3_S008,G028,EMPTY,EMPTY,0.01
399.0,cctv3,C3_S009,G029,EMPTY,EMPTY,0.01
399.0,cctv3,C3_S010,G007,OCCUPIED,OCCUPIED,0.7613931979645383
399.0,cctv3,C3_S011,G008,OCCUPIED,OCCUPIED,0.7956136744130742
399.0,cctv3,C3_S012,G009,OCCUPIED,OCCUPIED,0.8268321603536606
400.0,cctv1,C1_S001,G001,OCCUPIED,OCCUPIED,0.7411144115708092
400.0,cctv1,C1_S002,G002,EMPTY,EMPTY,0.01
400.0,cctv1,C1_S003,G003,OCCUPIED,OCCUPIED,0.8385071602734653
400.0,cctv1,C1_S004,G004,OCCUPIED,OCCUPIED,0.7685327303680507
400.0,cctv1,C1_S005,G005,OCCUPIED,OCCUPIED,0.7793111169880087
400.0,cctv1,C1_S006,G006,EMPTY,EMPTY,0.01
400.0,cctv2,C2_S001,G007,OCCUPIED,OCCUPIED,0.7895162781531161
400.0,cctv2,C2_S002,G008,OCCUPIED,OCCUPIED,0.8319095503200185
400.0,cctv2,C2_S003,G009,EMPTY,EMPTY,0.01
400.0,cctv2,C2_S004,G010,OCCUPIED,OCCUPIED,0.7744337783618407
400.0,cctv2,C2_S005,G001,EMPTY,EMPTY,0.01
400.0,cctv2,C2_S006,G003,OCCUPIED,OCCUPIED,0.8173526362939315
400.0,cctv2,C2_S007,G004,OCCUPIED,OCCUPIED,0.7759215452454308
400.0,cctv2,C2_S008,G006,OCCUPIED,OCCUPIED,0.7609092790972103
400.0,cctv2,C2_S009,G005,OCCUPIED,OCCUPIED,0.8013239397244021
400.0,cctv2,C2_S010,G002,EMPTY,EMPTY,0.01
400.0,cctv2,C2_S011,G017,OCCUPIED,OCCUPIED,0.8077673210339114
400.0,cctv2,C2_S012,G018,EMPTY,EMPTY,0.01
400.0,cctv2,C2_S013,G019,OCCUPIED,OCCUPIED,0.8237273286689413
400.0,cctv2,C2_S014,G020,EMPTY,EMPTY,0.01
400.0,cctv3,C3_S001,G021,OCCUPIED,OCCUPIED,0.7969158592549238
400.0,cctv3,C3_S002,G019,EMPTY,EMPTY,0.01
400.0,cctv3,C3_S003,G020,OCCUPIED,OCCUPIED,0.8072192002426495
400.0,cctv3,C3_S004,G024,OCCUPIED,OCCUPIED,0.826961825652556
400.0,cctv3,C3_S005,G025,OCCUPIED,OCCUPIED,0.8317606283859773
400.0,cctv3,C3_S006,G026,OCCUPIED,OCCUPIED,0.8256989343599841
400.0,cctv3,C3_S007,G027,OCCUPIED,LEAVING,0.6512170333821665
400.0,cctv3,C3_S008,G028,EMPTY,EMPTY,0.01
400.0,cctv3,C3_S009,G029,EMPTY,EMPTY,0.01
400.0,cctv3,C3_S010,G007,OCCUPIED,OCCUPIED,0.7596423957835545
400.0,cctv3,C3_S011,G008,OCCUPIED,OCCUPIED,0.7943885559385474
400.0,cctv3,C3_S012,G009,OCCUPIED,OCCUPIED,0.8267244436524132
401.0,cctv1,C1_S001,G001,OCCUPIED,OCCUPIED,0.7425279227170078
401.0,cctv1,C1_S002,G002,EMPTY,EMPTY,0.01
401.0,cctv1,C1_S003,G003,OCCUPIED,OCCUPIED,0.8385448217391969
401.0,cctv1,C1_S004,G004,OCCUPIED,OCCUPIED,0.7691192270679907
401.0,cctv1,C1_S005,G005,OCCUPIED,OCCUPIED,0.7788354190913114
401.0,cctv1,C1_S006,G006,EMPTY,EMPTY,0.01
401.0,cctv2,C2_S001,G007,OCCUPIED,OCCUPIED,0.7110372437943112
401.0,cctv2,C2_S002,G008,OCCUPIED,OCCUPIED,0.8315088908780706
401.0,cctv2,C2_S003,G009,EMPTY,EMPTY,0.01
401.0,cctv2,C2_S004,G010,OCCUPIED,OCCUPIED,0.7741612789305774
401.0,cctv2,C2_S005,G001,EMPTY,EMPTY,0.01
401.0,cctv2,C2_S006,G003,OCCUPIED,OCCUPIED,0.8169413414868443
401.0,cctv2,C2_S007,G004,OCCUPIED,OCCUPIED,0.7769075378775597
401.0,cctv2,C2_S008,G006,OCCUPIED,OCCUPIED,0.761856572329998
401.0,cctv2,C2_S009,G005,OCCUPIED,OCCUPIED,0.7999508047645743
401.0,cctv2,C2_S010,G002,EMPTY,EMPTY,0.01
401.0,cctv2,C2_S011,G017,OCCUPIED,OCCUPIED,0.8079211351546375
401.0,cctv2,C2_S012,G018,EMPTY,EMPTY,0.01
401.0,cctv2,C2_S013,G019,OCCUPIED,OCCUPIED,0.824984712492336
401.0,cctv2,C2_S014,G020,EMPTY,EMPTY,0.01
401.0,cctv3,C3_S001,G021,OCCUPIED,OCCUPIED,0.797622886300087
401.0,cctv3,C3_S002,G019,EMPTY,EMPTY,0.01
401.0,cctv3,C3_S003,G020,OCCUPIED,OCCUPIED,0.8076351425864481
401.0,cctv3,C3_S004,G024,OCCUPIED,OCCUPIED,0.827243517745625
401.0,cctv3,C3_S005,G025,OCCUPIED,OCCUPIED,0.8317580152641644
401.0,cctv3,C3_S006,G026,OCCUPIED,OCCUPIED,0.825720052285628
401.0,cctv3,C3_S007,G027,OCCUPIED,LEAVING,0.6527215619791638
401.0,cctv3,C3_S008,G028,EMPTY,EMPTY,0.01
401.0,cctv3,C3_S009,G029,EMPTY,EMPTY,0.01
401.0,cctv3,C3_S010,G007,OCCUPIED,OCCUPIED,0.757111128080975
401.0,cctv3,C3_S011,G008,OCCUPIED,OCCUPIED,0.793085880171169
401.0,cctv3,C3_S012,G009,OCCUPIED,OCCUPIED,0.8265873843973334
402.0,cctv1,C1_S001,G001,OCCUPIED,OCCUPIED,0.7409886618906802
402.0,cctv1,C1_S002,G002,EMPTY,EMPTY,0.01
402.0,cctv1,C1_S003,G003,OCCUPIED,OCCUPIED,0.8387087916786021
402.0,cctv1,C1_S004,G004,OCCUPIED,OCCUPIED,0.7695683430541647
402.0,cctv1,C1_S005,G005,OCCUPIED,OCCUPIED,0.7792572468519211
402.0,cctv1,C1_S006,G006,EMPTY,EMPTY,0.01
402.0,cctv2,C2_S001,G007,OCCUPIED,OCCUPIED,0.7100083738971841
402.0,cctv2,C2_S002,G008,OCCUPIED,OCCUPIED,0.8320334618741816
402.0,cctv2,C2_S003,G009,EMPTY,EMPTY,0.01
402.0,cctv2,C2_S004,G010,OCCUPIED,OCCUPIED,0.7736381116238508
402.0,cctv2,C2_S005,G001,EMPTY,EMPTY,0.01
402.0,cctv2,C2_S006,G003,OCCUPIED,OCCUPIED,0.8174381134184925
402.0,cctv2,C2_S007,G004,OCCUPIED,OCCUPIED,0.7773389399051667
402.0,cctv2,C2_S008,G006,OCCUPIED,OCCUPIED,0.7613612435080789
402.0,cctv2,C2_S009,G005,OCCUPIED,OCCUPIED,0.7996303124861285
402.0,cctv2,C2_S010,G002,EMPTY,EMPTY,0.01
402.0,cctv2,C2_S011,G017,OCCUPIED,OCCUPIED,0.8081817223267123
402.0,cctv2,C2_S012,G018,EMPTY,EMPTY,0.01
402.0,cctv2,C2_S013,G019,OCCUPIED,OCCUPIED,0.8247498038140211
402.0,cctv2,C2_S014,G020,EMPTY,EMPTY,0.01
402.0,cctv3,C3_S001,G021,OCCUPIED,OCCUPIED,0.797752089121125
402.0,cctv3,C3_S002,G019,EMPTY,EMPTY,0.01
402.0,cctv3,C3_S003,G020,OCCUPIED,OCCUPIED,0.8077855608680032
402.0,cctv3,C3_S004,G024,OCCUPIED,OCCUPIED,0.8272697497497906
402.0,cctv3,C3_S005,G025,OCCUPIED,OCCUPIED,0.8317340184341778
402.0,cctv3,C3_S006,G026,OCCUPIED,OCCUPIED,0.8258535011248156
402.0,cctv3,C3_S007,G027,OCCUPIED,LEAVING,0.6529641423035751
402.0,cctv3,C3_S008,G028,EMPTY,EMPTY,0.01
402.0,cctv3,C3_S009,G029,EMPTY,EMPTY,0.01
402.0,cctv3,C3_S010,G007,OCCUPIED,OCCUPIED,0.7570548029108481
402.0,cctv3,C3_S011,G008,OCCUPIED,OCCUPIED,0.7928061338988218
402.0,cctv3,C3_S012,G009,OCCUPIED,OCCUPIED,0.8268909364938737
403.0,cctv1,C1_S001,G001,OCCUPIED,OCCUPIED,0.7422109896486456
403.0,cctv1,C1_S002,G002,EMPTY,EMPTY,0.01
403.0,cctv1,C1_S003,G003,OCCUPIED,OCCUPIED,0.838704538345337
403.0,cctv1,C1_S004,G004,OCCUPIED,OCCUPIED,0.7703853703357957
403.0,cctv1,C1_S005,G005,OCCUPIED,OCCUPIED,0.7797602236270905
403.0,cctv1,C1_S006,G006,EMPTY,EMPTY,0.01
403.0,cctv2,C2_S001,G007,OCCUPIED,OCCUPIED,0.7067390641976486
403.0,cctv2,C2_S002,G008,OCCUPIED,OCCUPIED,0.8303577209060843
403.0,cctv2,C2_S003,G009,EMPTY,EMPTY,0.01
403.0,cctv2,C2_S004,G010,OCCUPIED,OCCUPIED,0.7736118052493443
403.0,cctv2,C2_S005,G001,EMPTY,EMPTY,0.01
403.0,cctv2,C2_S006,G003,OCCUPIED,OCCUPIED,0.8177560015158221
403.0,cctv2,C2_S007,G004,OCCUPIED,OCCUPIED,0.7777842264283787
403.0,cctv2,C2_S008,G006,OCCUPIED,OCCUPIED,0.7597764009779151
403.0,cctv2,C2_S009,G005,OCCUPIED,OCCUPIED,0.8009176655249163
403.0,cctv2,C2_S010,G002,EMPTY,EMPTY,0.01
403.0,cctv2,C2_S011,G017,OCCUPIED,OCCUPIED,0.808657490123402
403.0,cctv2,C2_S012,G018,EMPTY,EMPTY,0.01
403.0,cctv2,C2_S013,G019,OCCUPIED,OCCUPIED,0.8255598601969807
403.0,cctv2,C2_S014,G020,EMPTY,EMPTY,0.01
403.0,cctv3,C3_S001,G021,OCCUPIED,OCCUPIED,0.796994325247678
403.0,cctv3,C3_S002,G019,EMPTY,EMPTY,0.01
403.0,cctv3,C3_S003,G020,OCCUPIED,OCCUPIED,0.8075520111755892
403.0,cctv3,C3_S004,G024,OCCUPIED,OCCUPIED,0.8272188097238541
403.0,cctv3,C3_S005,G025,OCCUPIED,OCCUPIED,0.831672954288396
403.0,cctv3,C3_S006,G026,OCCUPIED,OCCUPIED,0.8260552040555261
403.0,cctv3,C3_S007,G027,OCCUPIED,LEAVING,0.6979869763959539
403.0,cctv3,C3_S008,G028,EMPTY,EMPTY,0.01
403.0,cctv3,C3_S009,G029,EMPTY,EMPTY,0.01
403.0,cctv3,C3_S010,G007,OCCUPIED,OCCUPIED,0.7562570704655215
403.0,cctv3,C3_S011,G008,OCCUPIED,OCCUPIED,0.7932531801137058
403.0,cctv3,C3_S012,G009,OCCUPIED,OCCUPIED,0.8273160308599472
404.0,cctv1,C1_S001,G001,OCCUPIED,OCCUPIED,0.744570113379847
404.0,cctv1,C1_S002,G002,EMPTY,EMPTY,0.01
404.0,cctv1,C1_S003,G003,OCCUPIED,OCCUPIED,0.8387103148482064
404.0,cctv1,C1_S004,G004,OCCUPIED,OCCUPIED,0.7705406003377655
404.0,cctv1,C1_S005,G005,OCCUPIED,OCCUPIED,0.7829603440382265
404.0,cctv1,C1_S006,G006,EMPTY,EMPTY,0.01
404.0,cctv2,C2_S001,G007,OCCUPIED,OCCUPIED,0.6244542760469698
404.0,cctv2,C2_S002,G008,OCCUPIED,OCCUPIED,0.8296628190712496
404.0,cctv2,C2_S003,G009,EMPTY,EMPTY,0.01
404.0,cctv2,C2_S004,G010,OCCUPIED,OCCUPIED,0.7743119410493158
404.0,cctv2,C2_S005,G001,EMPTY,EMPTY,0.01
404.0,cctv2,C2_S006,G003,OCCUPIED,OCCUPIED,0.8175407396121459
404.0,cctv2,C2_S007,G004,OCCUPIED,OCCUPIED,0.7780923451889645
404.0,cctv2,C2_S008,G006,OCCUPIED,OCCUPIED,0.7590520545840264
404.0,cctv2,C2_S009,G005,OCCUPIED,OCCUPIED,0.8013901732184671
404.0,cctv2,C2_S010,G002,EMPTY,EMPTY,0.01
404.0,cctv2,C2_S011,G017,OCCUPIED,OCCUPIED,0.8078140849416907
404.0,cctv2,C2_S012,G018,EMPTY,EMPTY,0.01
404.0,cctv2,C2_S013,G019,OCCUPIED,OCCUPIED,0.8259838036515497
404.0,cctv2,C2_S014,G020,EMPTY,EMPTY,0.01
404.0,cctv3,C3_S001,G021,OCCUPIED,OCCUPIED,0.7962311563166706
404.0,cctv3,C3_S002,G019,EMPTY,EMPTY,0.01
404.0,cctv3,C3_S003,G020,OCCUPIED,LEAVING,0.8072977987202732
404.0,cctv3,C3_S004,G024,OCCUPIED,OCCUPIED,0.8272372714497827
404.0,cctv3,C3_S005,G025,OCCUPIED,OCCUPIED,0.8316916931759228
404.0,cctv3,C3_S006,G026,OCCUPIED,OCCUPIED,0.8261709917675366
404.0,cctv3,C3_S007,G027,OCCUPIED,LEAVING,0.6980234101821077
404.0,cctv3,C3_S008,G028,EMPTY,EMPTY,0.01
404.0,cctv3,C3_S009,G029,EMPTY,EMPTY,0.01
404.0,cctv3,C3_S010,G007,OCCUPIED,OCCUPIED,0.7533946291966872
404.0,cctv3,C3_S011,G008,OCCUPIED,OCCUPIED,0.7923759254542264
404.0,cctv3,C3_S012,G009,OCCUPIED,OCCUPIED,0.8275205541740764
405.0,cctv1,C1_S001,G001,OCCUPIED,OCCUPIED,0.7448450158265505
405.0,cctv1,C1_S002,G002,EMPTY,EMPTY,0.01
405.0,cctv1,C1_S003,G003,OCCUPIED,OCCUPIED,0.8387262349778957
405.0,cctv1,C1_S004,G004,OCCUPIED,OCCUPIED,0.7701181491667575
405.0,cctv1,C1_S005,G005,OCCUPIED,OCCUPIED,0.7831752889535645
405.0,cctv1,C1_S006,G006,EMPTY,EMPTY,0.01
405.0,cctv2,C2_S001,G007,OCCUPIED,OCCUPIED,0.6686533624746582
405.0,cctv2,C2_S002,G008,OCCUPIED,OCCUPIED,0.8288951391523536
405.0,cctv2,C2_S003,G009,EMPTY,EMPTY,0.01
405.0,cctv2,C2_S004,G010,OCCUPIED,OCCUPIED,0.774430220370943
405.0,cctv2,C2_S005,G001,EMPTY,EMPTY,0.01
405.0,cctv2,C2_S006,G003,OCCUPIED,OCCUPIED,0.8173654418100011
405.0,cctv2,C2_S007,G004,OCCUPIED,OCCUPIED,0.7779842318458992
405.0,cctv2,C2_S008,G006,OCCUPIED,OCCUPIED,0.7590477585792542
405.0,cctv2,C2_S009,G005,OCCUPIED,OCCUPIED,0.8006505784663288
405.0,cctv2,C2_S010,G002,EMPTY,EMPTY,0.01
405.0,cctv2,C2_S011,G017,OCCUPIED,OCCUPIED,0.8081234753131867
405.0,cctv2,C2_S012,G018,EMPTY,EMPTY,0.01
405.0,cctv2,C2_S013,G019,OCCUPIED,OCCUPIED,0.8280304689298977
405.0,cctv2,C2_S014,G020,EMPTY,EMPTY,0.01
405.0,cctv3,C3_S001,G021,OCCUPIED,OCCUPIED,0.7963199951431968
405.0,cctv3,C3_S002,G019,EMPTY,EMPTY,0.01
405.0,cctv3,C3_S003,G020,OCCUPIED,LEAVING,0.8068806948986921
405.0,cctv3,C3_S004,G024,OCCUPIED,OCCUPIED,0.8272994157942859
405.0,cctv3,C3_S005,G025,OCCUPIED,OCCUPIED,0.8317009337923744
405.0,cctv3,C3_S006,G026,OCCUPIED,OCCUPIED,0.8260749646208504
405.0,cctv3,C3_S007,G027,OCCUPIED,LEAVING,0.6987522524256599
405.0,cctv3,C3_S008,G028,EMPTY,EMPTY,0.01
405.0,cctv3,C3_S009,G029,EMPTY,EMPTY,0.01
405.0,cctv3,C3_S010,G007,OCCUPIED,OCCUPIED,0.7522466100075029
405.0,cctv3,C3_S011,G008,OCCUPIED,OCCUPIED,0.7918057942932303
405.0,cctv3,C3_S012,G009,OCCUPIED,OCCUPIED,0.827592954310504
406.0,cctv1,C1_S001,G001,OCCUPIED,OCCUPIED,0.7450197731229393
406.0,cctv1,C1_S002,G002,EMPTY,EMPTY,0.01
406.0,cctv1,C1_S003,G003,OCCUPIED,OCCUPIED,0.8386706246571107
406.0,cctv1,C1_S004,G004,OCCUPIED,OCCUPIED,0.7698121700774541
406.0,cctv1,C1_S005,G005,OCCUPIED,OCCUPIED,0.7875563733957032
406.0,cctv1,C1_S006,G006,EMPTY,EMPTY,0.01
406.0,cctv2,C2_S001,G007,OCCUPIED,OCCUPIED,0.6683129484274171
406.0,cctv2,C2_S002,G008,OCCUPIED,OCCUPIED,0.8284624500708146
406.0,cctv2,C2_S003,G009,EMPTY,EMPTY,0.01
406.0,cctv2,C2_S004,G010,OCCUPIED,OCCUPIED,0.7709176197648049
406.0,cctv2,C2_S005,G001,EMPTY,EMPTY,0.01
406.0,cctv2,C2_S006,G003,OCCUPIED,OCCUPIED,0.81708024577661
406.0,cctv2,C2_S007,G004,OCCUPIED,OCCUPIED,0.776896916736256
406.0,cctv2,C2_S008,G006,OCCUPIED,OCCUPIED,0.7581882442940365
406.0,cctv2,C2_S009,G005,OCCUPIED,OCCUPIED,0.8003440247340636
406.0,cctv2,C2_S010,G002,EMPTY,EMPTY,0.01
406.0,cctv2,C2_S011,G017,OCCUPIED,OCCUPIED,0.8066372893073342
406.0,cctv2,C2_S012,G018,EMPTY,EMPTY,0.01
406.0,cctv2,C2_S013,G019,OCCUPIED,OCCUPIED,0.8284395708279177
406.0,cctv2,C2_S014,G020,EMPTY,EMPTY,0.01
406.0,cctv3,C3_S001,G021,OCCUPIED,OCCUPIED,0.7951969087123871
406.0,cctv3,C3_S002,G019,EMPTY,EMPTY,0.01
406.0,cctv3,C3_S003,G020,OCCUPIED,LEAVING,0.8060863050547513
406.0,cctv3,C3_S004,G024,OCCUPIED,OCCUPIED,0.8270967269485647
406.0,cctv3,C3_S005,G025,OCCUPIED,OCCUPIED,0.831577575748617
406.0,cctv3,C3_S006,G026,OCCUPIED,OCCUPIED,0.8261017566377467
406.0,cctv3,C3_S007,G027,OCCUPIED,LEAVING,0.696869119073857
406.0,cctv3,C3_S008,G028,EMPTY,EMPTY,0.01
406.0,cctv3,C3_S009,G029,EMPTY,EMPTY,0.01
406.0,cctv3,C3_S010,G007,OCCUPIED,OCCUPIED,0.7502974259582433
406.0,cctv3,C3_S011,G008,OCCUPIED,OCCUPIED,0.7913625259291043
406.0,cctv3,C3_S012,G009,OCCUPIED,OCCUPIED,0.8273229135708375
407.0,cctv1,C1_S001,G001,OCCUPIED,OCCUPIED,0.7426525375382468
407.0,cctv1,C1_S002,G002,EMPTY,EMPTY,0.01
407.0,cctv1,C1_S003,G003,OCCUPIED,OCCUPIED,0.8386532350019975
407.0,cctv1,C1_S004,G004,OCCUPIED,OCCUPIED,0.7691389319571582
407.0,cctv1,C1_S005,G005,OCCUPIED,OCCUPIED,0.7876540903340687
407.0,cctv1,C1_S006,G006,EMPTY,EMPTY,0.01
407.0,cctv2,C2_S001,G007,OCCUPIED,OCCUPIED,0.6666916673201503
407.0,cctv2,C2_S002,G008,OCCUPIED,OCCUPIED,0.8260491723364051
407.0,cctv2,C2_S003,G009,EMPTY,EMPTY,0.01
407.0,cctv2,C2_S004,G010,OCCUPIED,OCCUPIED,0.7704577948559415
407.0,cctv2,C2_S005,G001,EMPTY,EMPTY,0.01
407.0,cctv2,C2_S006,G003,OCCUPIED,OCCUPIED,0.8173475059595976
407.0,cctv2,C2_S007,G004,OCCUPIED,OCCUPIED,0.7764542815360157
407.0,cctv2,C2_S008,G006,OCCUPIED,OCCUPIED,0.758811767263846
407.0,cctv2,C2_S009,G005,OCCUPIED,OCCUPIED,0.8003599204800347
407.0,cctv2,C2_S010,G002,EMPTY,EMPTY,0.01
407.0,cctv2,C2_S011,G017,OCCUPIED,OCCUPIED,0.8065331025557085
407.0,cctv2,C2_S012,G018,EMPTY,EMPTY,0.01
407.0,cctv2,C2_S013,G019,OCCUPIED,OCCUPIED,0.8288955398581246
407.0,cctv2,C2_S014,G020,EMPTY,EMPTY,0.01
407.0,cctv3,C3_S001,G021,OCCUPIED,OCCUPIED,0.7953419666398656
407.0,cctv3,C3_S002,G019,EMPTY,EMPTY,0.01
407.0,cctv3,C3_S003,G020,OCCUPIED,LEAVING,0.8058007099411705
407.0,cctv3,C3_S004,G024,OCCUPIED,OCCUPIED,0.8268846747550098
407.0,cctv3,C3_S005,G025,OCCUPIED,OCCUPIED,0.8315791428089142
407.0,cctv3,C3_S006,G026,OCCUPIED,OCCUPIED,0.8261886431412264
407.0,cctv3,C3_S007,G027,OCCUPIED,LEAVING,0.6990629291195761
407.0,cctv3,C3_S008,G028,EMPTY,EMPTY,0.01
407.0,cctv3,C3_S009,G029,EMPTY,MANEUVERING,0.1060988106646321
407.0,cctv3,C3_S010,G007,OCCUPIED,LEAVING,0.659025504060767
407.0,cctv3,C3_S011,G008,OCCUPIED,OCCUPIED,0.7930808205496181
407.0,cctv3,C3_S012,G009,OCCUPIED,OCCUPIED,0.8274416988546198
408.0,cctv1,C1_S001,G001,OCCUPIED,OCCUPIED,0.741400997069749
408.0,cctv1,C1_S002,G002,EMPTY,EMPTY,0.01
408.0,cctv1,C1_S003,G003,OCCUPIED,OCCUPIED,0.8385076040571386
408.0,cctv1,C1_S004,G004,OCCUPIED,OCCUPIED,0.7683344614776699
408.0,cctv1,C1_S005,G005,OCCUPIED,OCCUPIED,0.788232885030183
408.0,cctv1,C1_S006,G006,EMPTY,EMPTY,0.01
408.0,cctv2,C2_S001,G007,OCCUPIED,OCCUPIED,0.7111467070200227
408.0,cctv2,C2_S002,G008,OCCUPIED,OCCUPIED,0.8245805596763438
408.0,cctv2,C2_S003,G009,EMPTY,EMPTY,0.01
408.0,cctv2,C2_S004,G010,OCCUPIED,OCCUPIED,0.771180466494777
408.0,cctv2,C2_S005,G001,EMPTY,EMPTY,0.01
408.0,cctv2,C2_S006,G003,OCCUPIED,OCCUPIED,0.8175060854716735
408.0,cctv2,C2_S007,G004,OCCUPIED,OCCUPIED,0.7764189556241036
408.0,cctv2,C2_S008,G006,OCCUPIED,OCCUPIED,0.7592785878614946
408.0,cctv2,C2_S009,G005,OCCUPIED,OCCUPIED,0.8013477829369633
408.0,cctv2,C2_S010,G002,EMPTY,EMPTY,0.01
408.0,cctv2,C2_S011,G017,OCCUPIED,OCCUPIED,0.8071407171812925
408.0,cctv2,C2_S012,G018,EMPTY,EMPTY,0.01
408.0,cctv2,C2_S013,G019,OCCUPIED,OCCUPIED,0.8300974807956003
408.0,cctv2,C2_S014,G020,EMPTY,EMPTY,0.01
408.0,cctv3,C3_S001,G021,OCCUPIED,OCCUPIED,0.7958206539804286
408.0,cctv3,C3_S002,G019,EMPTY,EMPTY,0.01
408.0,cctv3,C3_S003,G020,OCCUPIED,LEAVING,0.8069221309640191
408.0,cctv3,C3_S004,G024,OCCUPIED,OCCUPIED,0.8269213112917814
408.0,cctv3,C3_S005,G025,OCCUPIED,OCCUPIED,0.8315286229957235
408.0,cctv3,C3_S006,G026,OCCUPIED,OCCUPIED,0.8261060148477555
408.0,cctv3,C3_S007,G027,OCCUPIED,LEAVING,0.698827635686506
408.0,cctv3,C3_S008,G028,EMPTY,EMPTY,0.01
408.0,cctv3,C3_S009,G029,EMPTY,MANEUVERING,0.1060988106646321
408.0,cctv3,C3_S010,G007,OCCUPIED,LEAVING,0.6561229833147743
408.0,cctv3,C3_S011,G008,OCCUPIED,OCCUPIED,0.7920465705069629
408.0,cctv3,C3_S012,G009,OCCUPIED,OCCUPIED,0.8272270863706416
409.0,cctv1,C1_S001,G001,OCCUPIED,OCCUPIED,0.7418517683040012
409.0,cctv1,C1_S002,G002,EMPTY,EMPTY,0.01
409.0,cctv1,C1_S003,G003,OCCUPIED,OCCUPIED,0.8387224847620185
409.0,cctv1,C1_S004,G004,OCCUPIED,OCCUPIED,0.7694350563667038
409.0,cctv1,C1_S005,G005,OCCUPIED,OCCUPIED,0.7914274670860985
409.0,cctv1,C1_S006,G006,EMPTY,EMPTY,0.01
409.0,cctv2,C2_S001,G007,OCCUPIED,OCCUPIED,0.7105505274552288
409.0,cctv2,C2_S002,G008,OCCUPIED,OCCUPIED,0.8239148028872231
409.0,cctv2,C2_S003,G009,EMPTY,EMPTY,0.01
409.0,cctv2,C2_S004,G010,OCCUPIED,OCCUPIED,0.7704120859503747
409.0,cctv2,C2_S005,G001,EMPTY,EMPTY,0.01
409.0,cctv2,C2_S006,G003,OCCUPIED,OCCUPIED,0.8171672086824071
409.0,cctv2,C2_S007,G004,OCCUPIED,OCCUPIED,0.7763682391155851
409.0,cctv2,C2_S008,G006,OCCUPIED,OCCUPIED,0.7601554661989213
409.0,cctv2,C2_S009,G005,OCCUPIED,OCCUPIED,0.8018298839980906
409.0,cctv2,C2_S010,G002,EMPTY,EMPTY,0.01
409.0,cctv2,C2_S011,G017,OCCUPIED,OCCUPIED,0.8073927700519562
409.0,cctv2,C2_S012,G018,EMPTY,EMPTY,0.01
409.0,cctv2,C2_S013,G019,OCCUPIED,OCCUPIED,0.8301066043702039
409.0,cctv2,C2_S014,G020,EMPTY,EMPTY,0.01
409.0,cctv3,C3_S001,G021,OCCUPIED,OCCUPIED,0.7949233185161244
409.0,cctv3,C3_S002,G019,EMPTY,EMPTY,0.01
409.0,cctv3,C3_S003,G020,OCCUPIED,LEAVING,0.8060598983006044
409.0,cctv3,C3_S004,G024,OCCUPIED,OCCUPIED,0.8268531279130416
409.0,cctv3,C3_S005,G025,OCCUPIED,OCCUPIED,0.8314911078323018
409.0,cctv3,C3_S006,G026,OCCUPIED,OCCUPIED,0.8260482433167371
409.0,cctv3,C3_S007,G027,OCCUPIED,LEAVING,0.7009821533818137
409.0,cctv3,C3_S008,G028,EMPTY,EMPTY,0.01
409.0,cctv3,C3_S009,G029,EMPTY,MANEUVERING,0.1979650050164623
409.0,cctv3,C3_S010,G007,OCCUPIED,LEAVING,0.5623138152920839
409.0,cctv3,C3_S011,G008,OCCUPIED,OCCUPIED,0.7926375196738678
409.0,cctv3,C3_S012,G009,OCCUPIED,OCCUPIED,0.8273576335473495
410.0,cctv1,C1_S001,G001,OCCUPIED,OCCUPIED,0.7422877126119354
410.0,cctv1,C1_S002,G002,EMPTY,EMPTY,0.01
410.0,cctv1,C1_S003,G003,OCCUPIED,OCCUPIED,0.8388184582645244
410.0,cctv1,C1_S004,G004,OCCUPIED,OCCUPIED,0.7688721988688816
410.0,cctv1,C1_S005,G005,OCCUPIED,OCCUPIED,0.790801513465968
410.0,cctv1,C1_S006,G006,EMPTY,EMPTY,0.01
410.0,cctv2,C2_S001,G007,OCCUPIED,OCCUPIED,0.7125155505357367
410.0,cctv2,C2_S002,G008,OCCUPIED,OCCUPIED,0.8236375364390287
410.0,cctv2,C2_S003,G009,EMPTY,EMPTY,0.01
410.0,cctv2,C2_S004,G010,OCCUPIED,OCCUPIED,0.7708755131472241
410.0,cctv2,C2_S005,G001,EMPTY,EMPTY,0.01
410.0,cctv2,C2_S006,G003,OCCUPIED,OCCUPIED,0.8165941726077688
410.0,cctv2,C2_S007,G004,OCCUPIED,OCCUPIED,0.7762354746460915
410.0,cctv2,C2_S008,G006,OCCUPIED,OCCUPIED,0.7615222788669846
410.0,cctv2,C2_S009,G005,OCCUPIED,OCCUPIED,0.800879016518593
410.0,cctv2,C2_S010,G002,EMPTY,EMPTY,0.01
410.0,cctv2,C2_S011,G017,OCCUPIED,OCCUPIED,0.8072451014410367
410.0,cctv2,C2_S012,G018,EMPTY,EMPTY,0.01
410.0,cctv2,C2_S013,G019,OCCUPIED,OCCUPIED,0.8300628884272143
410.0,cctv2,C2_S014,G020,EMPTY,EMPTY,0.01
410.0,cctv3,C3_S001,G021,OCCUPIED,OCCUPIED,0.7964866871183569
410.0,cctv3,C3_S002,G019,EMPTY,EMPTY,0.01
410.0,cctv3,C3_S003,G020,OCCUPIED,LEAVING,0.8072133286432787
410.0,cctv3,C3_S004,G024,OCCUPIED,OCCUPIED,0.8266104383902118
410.0,cctv3,C3_S005,G025,OCCUPIED,OCCUPIED,0.8314607574181123
410.0,cctv3,C3_S006,G026,OCCUPIED,OCCUPIED,0.8258722871541977
410.0,cctv3,C3_S007,G027,OCCUPIED,LEAVING,0.7386451343921099
410.0,cctv3,C3_S008,G028,EMPTY,EMPTY,0.01
410.0,cctv3,C3_S009,G029,EMPTY,MANEUVERING,0.1979650050164623
410.0,cctv3,C3_S010,G007,OCCUPIED,LEAVING,0.5624894284569857
410.0,cctv3,C3_S011,G008,OCCUPIED,OCCUPIED,0.7920388758182526
410.0,cctv3,C3_S012,G009,OCCUPIED,OCCUPIED,0.8272744013504549
411.0,cctv1,C1_S001,G001,OCCUPIED,OCCUPIED,0.7421182957562534
411.0,cctv1,C1_S002,G002,EMPTY,EMPTY,0.01
411.0,cctv1,C1_S003,G003,OCCUPIED,OCCUPIED,0.838803519173102
411.0,cctv1,C1_S004,G004,OCCUPIED,OCCUPIED,0.7696576484225014
411.0,cctv1,C1_S005,G005,OCCUPIED,OCCUPIED,0.7923570719632236
411.0,cctv1,C1_S006,G006,EMPTY,EMPTY,0.01
411.0,cctv2,C2_S001,G007,OCCUPIED,OCCUPIED,0.7100741085229498
411.0,cctv2,C2_S002,G008,OCCUPIED,OCCUPIED,0.8237981617450715
411.0,cctv2,C2_S003,G009,EMPTY,EMPTY,0.01
411.0,cctv2,C2_S004,G010,OCCUPIED,OCCUPIED,0.7717087966474621
411.0,cctv2,C2_S005,G001,EMPTY,EMPTY,0.01
411.0,cctv2,C2_S006,G003,OCCUPIED,OCCUPIED,0.8166323501955379
411.0,cctv2,C2_S007,G004,OCCUPIED,OCCUPIED,0.7759313535961239
411.0,cctv2,C2_S008,G006,OCCUPIED,OCCUPIED,0.7626987790519542
411.0,cctv2,C2_S009,G005,OCCUPIED,OCCUPIED,0.7999736352400347
411.0,cctv2,C2_S010,G002,EMPTY,EMPTY,0.01
411.0,cctv2,C2_S011,G017,OCCUPIED,OCCUPIED,0.8073760834607212
411.0,cctv2,C2_S012,G018,EMPTY,EMPTY,0.01
411.0,cctv2,C2_S013,G019,OCCUPIED,OCCUPIED,0.829392985593189
411.0,cctv2,C2_S014,G020,EMPTY,EMPTY,0.01
411.0,cctv3,C3_S001,G021,OCCUPIED,OCCUPIED,0.7973866966637699
411.0,cctv3,C3_S002,G019,EMPTY,EMPTY,0.01
411.0,cctv3,C3_S003,G020,OCCUPIED,LEAVING,0.8082696207545021
411.0,cctv3,C3_S004,G024,OCCUPIED,OCCUPIED,0.8265662648461083
411.0,cctv3,C3_S005,G025,OCCUPIED,OCCUPIED,0.8314874218268828
411.0,cctv3,C3_S006,G026,OCCUPIED,OCCUPIED,0.8259611389853738
411.0,cctv3,C3_S007,G027,OCCUPIED,LEAVING,0.7395578116855839
411.0,cctv3,C3_S008,G028,EMPTY,EMPTY,0.01
411.0,cctv3,C3_S009,G029,EMPTY,MANEUVERING,0.1529650050164623
411.0,cctv3,C3_S010,G007,OCCUPIED,LEAVING,0.6103949333591896
411.0,cctv3,C3_S011,G008,OCCUPIED,OCCUPIED,0.7938830310648138
411.0,cctv3,C3_S012,G009,OCCUPIED,OCCUPIED,0.8273086271502755
412.0,cctv1,C1_S001,G001,OCCUPIED,OCCUPIED,0.7387338155372577
412.0,cctv1,C1_S002,G002,EMPTY,EMPTY,0.01
412.0,cctv1,C1_S003,G003,OCCUPIED,OCCUPIED,0.8386964104392313
412.0,cctv1,C1_S004,G004,OCCUPIED,OCCUPIED,0.770665517313914
412.0,cctv1,C1_S005,G005,OCCUPIED,OCCUPIED,0.7924094433134253
412.0,cctv1,C1_S006,G006,EMPTY,EMPTY,0.01
412.0,cctv2,C2_S001,G007,OCCUPIED,OCCUPIED,0.748119867484678
412.0,cctv2,C2_S002,G008,OCCUPIED,OCCUPIED,0.8244801353324545
412.0,cctv2,C2_S003,G009,EMPTY,EMPTY,0.01
412.0,cctv2,C2_S004,G010,OCCUPIED,OCCUPIED,0.7722519797357646
412.0,cctv2,C2_S005,G001,EMPTY,EMPTY,0.01
412.0,cctv2,C2_S006,G003,OCCUPIED,OCCUPIED,0.8169857954437083
412.0,cctv2,C2_S007,G004,OCCUPIED,OCCUPIED,0.7752611500295726
412.0,cctv2,C2_S008,G006,OCCUPIED,OCCUPIED,0.7622362020340834
412.0,cctv2,C2_S009,G005,OCCUPIED,OCCUPIED,0.8007893746549434
412.0,cctv2,C2_S010,G002,EMPTY,EMPTY,0.01
412.0,cctv2,C2_S011,G017,OCCUPIED,OCCUPIED,0.8076004811308601
412.0,cctv2,C2_S012,G018,EMPTY,EMPTY,0.01
412.0,cctv2,C2_S013,G019,OCCUPIED,OCCUPIED,0.8286889317360792
412.0,cctv2,C2_S014,G020,EMPTY,EMPTY,0.01
412.0,cctv3,C3_S001,G021,OCCUPIED,OCCUPIED,0.7969232962890105
412.0,cctv3,C3_S002,G019,EMPTY,EMPTY,0.01
412.0,cctv3,C3_S003,G020,OCCUPIED,LEAVING,0.8066196574406191
412.0,cctv3,C3_S004,G024,OCCUPIED,OCCUPIED,0.8264397239143199
412.0,cctv3,C3_S005,G025,OCCUPIED,OCCUPIED,0.8314117201349953
412.0,cctv3,C3_S006,G026,OCCUPIED,OCCUPIED,0.8261049322106622
412.0,cctv3,C3_S007,G027,OCCUPIED,LEAVING,0.7407919017428702
412.0,cctv3,C3_S008,G028,EMPTY,EMPTY,0.01
412.0,cctv3,C3_S009,G029,EMPTY,MANEUVERING,0.1529650050164623
412.0,cctv3,C3_S010,G007,OCCUPIED,LEAVING,0.6142339041196939
412.0,cctv3,C3_S011,G008,OCCUPIED,OCCUPIED,0.794101780653
412.0,cctv3,C3_S012,G009,OCCUPIED,OCCUPIED,0.8277213914827868
413.0,cctv1,C1_S001,G001,OCCUPIED,OCCUPIED,0.7387995243749836
413.0,cctv1,C1_S002,G002,EMPTY,EMPTY,0.01
413.0,cctv1,C1_S003,G003,OCCUPIED,OCCUPIED,0.8382400829683652
413.0,cctv1,C1_S004,G004,OCCUPIED,OCCUPIED,0.7711126858537848
413.0,cctv1,C1_S005,G005,OCCUPIED,OCCUPIED,0.791862531954592
413.0,cctv1,C1_S006,G006,EMPTY,EMPTY,0.01
413.0,cctv2,C2_S001,G007,OCCUPIED,OCCUPIED,0.7481893474269997
413.0,cctv2,C2_S002,G008,OCCUPIED,OCCUPIED,0.8234372144395655
413.0,cctv2,C2_S003,G009,EMPTY,EMPTY,0.01
413.0,cctv2,C2_S004,G010,OCCUPIED,OCCUPIED,0.7736039764501832
413.0,cctv2,C2_S005,G001,EMPTY,EMPTY,0.01
413.0,cctv2,C2_S006,G003,OCCUPIED,OCCUPIED,0.8166374886577781
413.0,cctv2,C2_S007,G004,OCCUPIED,OCCUPIED,0.7757584242658182
413.0,cctv2,C2_S008,G006,OCCUPIED,OCCUPIED,0.7622044503688813
413.0,cctv2,C2_S009,G005,OCCUPIED,OCCUPIED,0.8017035771499981
413.0,cctv2,C2_S010,G002,EMPTY,EMPTY,0.01
413.0,cctv2,C2_S011,G017,OCCUPIED,OCCUPIED,0.8074006045406515
413.0,cctv2,C2_S012,G018,EMPTY,EMPTY,0.01
413.0,cctv2,C2_S013,G019,OCCUPIED,OCCUPIED,0.824623800949617
413.0,cctv2,C2_S014,G020,EMPTY,EMPTY,0.01
413.0,cctv3,C3_S001,G021,OCCUPIED,OCCUPIED,0.7966717213392258
413.0,cctv3,C3_S002,G019,EMPTY,EMPTY,0.01
413.0,cctv3,C3_S003,G020,OCCUPIED,LEAVING,0.8075036428191446
413.0,cctv3,C3_S004,G024,OCCUPIED,OCCUPIED,0.8265122484077108
413.0,cctv3,C3_S005,G025,OCCUPIED,OCCUPIED,0.8313549987294457
413.0,cctv3,C3_S006,G026,OCCUPIED,OCCUPIED,0.8260577415878123
413.0,cctv3,C3_S007,G027,OCCUPIED,OCCUPIED,0.7392765737392686
413.0,cctv3,C3_S008,G028,EMPTY,EMPTY,0.01
413.0,cctv3,C3_S009,G029,EMPTY,MANEUVERING,0.1079650050164623
413.0,cctv3,C3_S010,G007,OCCUPIED,LEAVING,0.6575393813216325
413.0,cctv3,C3_S011,G008,OCCUPIED,OCCUPIED,0.7933820846405897
413.0,cctv3,C3_S012,G009,OCCUPIED,OCCUPIED,0.8278408521955665
414.0,cctv1,C1_S001,G001,OCCUPIED,OCCUPIED,0.7385290276597847
414.0,cctv1,C1_S002,G002,EMPTY,EMPTY,0.01
414.0,cctv1,C1_S003,G003,OCCUPIED,OCCUPIED,0.8380077996037224
414.0,cctv1,C1_S004,G004,OCCUPIED,OCCUPIED,0.7713560243899172
414.0,cctv1,C1_S005,G005,OCCUPIED,OCCUPIED,0.7924078860066155
414.0,cctv1,C1_S006,G006,EMPTY,EMPTY,0.01
414.0,cctv2,C2_S001,G007,OCCUPIED,OCCUPIED,0.7490658566762101
414.0,cctv2,C2_S002,G008,OCCUPIED,OCCUPIED,0.8246635764837266
414.0,cctv2,C2_S003,G009,EMPTY,EMPTY,0.01
414.0,cctv2,C2_S004,G010,OCCUPIED,OCCUPIED,0.7762924447655678
414.0,cctv2,C2_S005,G001,EMPTY,EMPTY,0.01
414.0,cctv2,C2_S006,G003,OCCUPIED,OCCUPIED,0.8163733715360816
414.0,cctv2,C2_S007,G004,OCCUPIED,OCCUPIED,0.7759451734748755
414.0,cctv2,C2_S008,G006,OCCUPIED,OCCUPIED,0.7626600642095913
414.0,cctv2,C2_S009,G005,OCCUPIED,OCCUPIED,0.8022473787719554
414.0,cctv2,C2_S010,G002,EMPTY,EMPTY,0.01
414.0,cctv2,C2_S011,G017,OCCUPIED,OCCUPIED,0.8074827882376585
414.0,cctv2,C2_S012,G018,EMPTY,EMPTY,0.01
414.0,cctv2,C2_S013,G019,OCCUPIED,OCCUPIED,0.823773048140786
414.0,cctv2,C2_S014,G020,EMPTY,EMPTY,0.01
414.0,cctv3,C3_S001,G021,OCCUPIED,OCCUPIED,0.7970029904083773
414.0,cctv3,C3_S002,G019,EMPTY,EMPTY,0.01
414.0,cctv3,C3_S003,G020,OCCUPIED,LEAVING,0.8070010935718364
414.0,cctv3,C3_S004,G024,OCCUPIED,OCCUPIED,0.8263730336319317
414.0,cctv3,C3_S005,G025,OCCUPIED,OCCUPIED,0.8313365109942177
414.0,cctv3,C3_S006,G026,OCCUPIED,OCCUPIED,0.825993773341179
414.0,cctv3,C3_S007,G027,OCCUPIED,OCCUPIED,0.6579107146371495
414.0,cctv3,C3_S008,G028,EMPTY,EMPTY,0.01
414.0,cctv3,C3_S009,G029,EMPTY,MANEUVERING,0.1079650050164623
414.0,cctv3,C3_S010,G007,OCCUPIED,LEAVING,0.6595485664768652
414.0,cctv3,C3_S011,G008,OCCUPIED,OCCUPIED,0.7918526317585599
414.0,cctv3,C3_S012,G009,OCCUPIED,OCCUPIED,0.8274710885503076
415.0,cctv1,C1_S001,G001,OCCUPIED,OCCUPIED,0.7360942503945395
415.0,cctv1,C1_S002,G002,EMPTY,EMPTY,0.01
415.0,cctv1,C1_S003,G003,OCCUPIED,OCCUPIED,0.8378088024529544
415.0,cctv1,C1_S004,G004,OCCUPIED,OCCUPIED,0.7712350791150874
415.0,cctv1,C1_S005,G005,OCCUPIED,OCCUPIED,0.790948511524634
415.0,cctv1,C1_S006,G006,EMPTY,EMPTY,0.01
415.0,cctv2,C2_S001,G007,OCCUPIED,OCCUPIED,0.7854948779398745
415.0,cctv2,C2_S002,G008,OCCUPIED,OCCUPIED,0.8252057200128382
415.0,cctv2,C2_S003,G009,EMPTY,EMPTY,0.01
415.0,cctv2,C2_S004,G010,OCCUPIED,OCCUPIED,0.7752656061540951
415.0,cctv2,C2_S005,G001,EMPTY,EMPTY,0.01
415.0,cctv2,C2_S006,G003,OCCUPIED,OCCUPIED,0.8163985688577999
415.0,cctv2,C2_S007,G004,OCCUPIED,OCCUPIED,0.7758960662917658
415.0,cctv2,C2_S008,G006,OCCUPIED,OCCUPIED,0.7628132057460872
415.0,cctv2,C2_S009,G005,OCCUPIED,OCCUPIED,0.8015097176486796
415.0,cctv2,C2_S010,G002,EMPTY,EMPTY,0.01
415.0,cctv2,C2_S011,G017,OCCUPIED,OCCUPIED,0.8079671000892467
415.0,cctv2,C2_S012,G018,EMPTY,EMPTY,0.01
415.0,cctv2,C2_S013,G019,OCCUPIED,OCCUPIED,0.8202648878097535
415.0,cctv2,C2_S014,G020,EMPTY,EMPTY,0.01
415.0,cctv3,C3_S001,G021,OCCUPIED,OCCUPIED,0.7980762576515025
415.0,cctv3,C3_S002,G019,EMPTY,EMPTY,0.01
415.0,cctv3,C3_S003,G020,OCCUPIED,LEAVING,0.807884613221342
415.0,cctv3,C3_S004,G024,OCCUPIED,OCCUPIED,0.8264689543030479
415.0,cctv3,C3_S005,G025,OCCUPIED,OCCUPIED,0.8312634841962294
415.0,cctv3,C3_S006,G026,OCCUPIED,OCCUPIED,0.8258930043740706
415.0,cctv3,C3_S007,G027,OCCUPIED,LEAVING,0.6553127247501503
415.0,cctv3,C3_S008,G028,EMPTY,EMPTY,0.01
415.0,cctv3,C3_S009,G029,EMPTY,MANEUVERING,0.1079650050164623
415.0,cctv3,C3_S010,G007,OCCUPIED,LEAVING,0.6628831508123514
415.0,cctv3,C3_S011,G008,OCCUPIED,OCCUPIED,0.7919949505816807
415.0,cctv3,C3_S012,G009,OCCUPIED,OCCUPIED,0.8271462470293045
416.0,cctv1,C1_S001,G001,OCCUPIED,OCCUPIED,0.734863175384023
416.0,cctv1,C1_S002,G002,EMPTY,EMPTY,0.01
416.0,cctv1,C1_S003,G003,OCCUPIED,OCCUPIED,0.8376811845736071
416.0,cctv1,C1_S004,G004,OCCUPIED,OCCUPIED,0.7718429635871541
416.0,cctv1,C1_S005,G005,OCCUPIED,OCCUPIED,0.7903644296255979
416.0,cctv1,C1_S006,G006,EMPTY,EMPTY,0.01
416.0,cctv2,C2_S001,G007,OCCUPIED,OCCUPIED,0.7873075180433013
416.0,cctv2,C2_S002,G008,OCCUPIED,OCCUPIED,0.8253128571943804
416.0,cctv2,C2_S003,G009,EMPTY,EMPTY,0.01
416.0,cctv2,C2_S004,G010,OCCUPIED,OCCUPIED,0.7748030173507604
416.0,cctv2,C2_S005,G001,EMPTY,EMPTY,0.01
416.0,cctv2,C2_S006,G003,OCCUPIED,OCCUPIED,0.8165028596466238
416.0,cctv2,C2_S007,G004,OCCUPIED,OCCUPIED,0.7759839850393209
416.0,cctv2,C2_S008,G006,OCCUPIED,OCCUPIED,0.7629649171775038
416.0,cctv2,C2_S009,G005,OCCUPIED,OCCUPIED,0.8013580045916818
416.0,cctv2,C2_S010,G002,EMPTY,EMPTY,0.01
416.0,cctv2,C2_S011,G017,OCCUPIED,OCCUPIED,0.8076918225396764
416.0,cctv2,C2_S012,G018,EMPTY,EMPTY,0.01
416.0,cctv2,C2_S013,G019,OCCUPIED,OCCUPIED,0.8196694878014652
416.0,cctv2,C2_S014,G020,EMPTY,EMPTY,0.01
416.0,cctv3,C3_S001,G021,OCCUPIED,OCCUPIED,0.7982733983885159
416.0,cctv3,C3_S002,G019,EMPTY,EMPTY,0.01
416.0,cctv3,C3_S003,G020,OCCUPIED,LEAVING,0.8080101438544014
416.0,cctv3,C3_S004,G024,OCCUPIED,OCCUPIED,0.8265263682061976
416.0,cctv3,C3_S005,G025,OCCUPIED,OCCUPIED,0.8313186011531137
416.0,cctv3,C3_S006,G026,OCCUPIED,OCCUPIED,0.826014296304096
416.0,cctv3,C3_S007,G027,OCCUPIED,LEAVING,0.6549670814384114
416.0,cctv3,C3_S008,G028,EMPTY,EMPTY,0.01
416.0,cctv3,C3_S009,G029,EMPTY,MANEUVERING,0.1079650050164623
416.0,cctv3,C3_S010,G007,OCCUPIED,LEAVING,0.6644322184089458
416.0,cctv3,C3_S011,G008,OCCUPIED,OCCUPIED,0.7919687502763488
416.0,cctv3,C3_S012,G009,OCCUPIED,OCCUPIED,0.8270121065053073
417.0,cctv1,C1_S001,G001,OCCUPIED,OCCUPIED,0.7328447473658758
417.0,cctv1,C1_S002,G002,EMPTY,EMPTY,0.01
417.0,cctv1,C1_S003,G003,OCCUPIED,OCCUPIED,0.8375240152532405
417.0,cctv1,C1_S004,G004,OCCUPIED,OCCUPIED,0.771784807606177
417.0,cctv1,C1_S005,G005,OCCUPIED,OCCUPIED,0.7874377421357416
417.0,cctv1,C1_S006,G006,EMPTY,EMPTY,0.01
417.0,cctv2,C2_S001,G007,OCCUPIED,OCCUPIED,0.7848358831622384
417.0,cctv2,C2_S002,G008,OCCUPIED,OCCUPIED,0.8257756073366512
417.0,cctv2,C2_S003,G009,EMPTY,EMPTY,0.01
417.0,cctv2,C2_S004,G010,OCCUPIED,OCCUPIED,0.7777498636733402
417.0,cctv2,C2_S005,G001,EMPTY,EMPTY,0.01
417.0,cctv2,C2_S006,G003,OCCUPIED,OCCUPIED,0.8169886255806144
417.0,cctv2,C2_S007,G004,OCCUPIED,OCCUPIED,0.7766102609309284
417.0,cctv2,C2_S008,G006,OCCUPIED,OCCUPIED,0.7637071575630796
417.0,cctv2,C2_S009,G005,OCCUPIED,OCCUPIED,0.8023054030808536
417.0,cctv2,C2_S010,G002,EMPTY,EMPTY,0.01
417.0,cctv2,C2_S011,G017,OCCUPIED,OCCUPIED,0.8082716218449854
417.0,cctv2,C2_S012,G018,EMPTY,EMPTY,0.01
417.0,cctv2,C2_S013,G019,OCCUPIED,OCCUPIED,0.8187266352501783
417.0,cctv2,C2_S014,G020,EMPTY,EMPTY,0.01
417.0,cctv3,C3_S001,G021,OCCUPIED,OCCUPIED,0.7994589721614664
417.0,cctv3,C3_S002,G019,EMPTY,EMPTY,0.01
417.0,cctv3,C3_S003,G020,OCCUPIED,LEAVING,0.8079402389851484
417.0,cctv3,C3_S004,G024,OCCUPIED,OCCUPIED,0.826771542429924
417.0,cctv3,C3_S005,G025,OCCUPIED,OCCUPIED,0.8314621895551682
417.0,cctv3,C3_S006,G026,OCCUPIED,OCCUPIED,0.8260884033008056
417.0,cctv3,C3_S007,G027,OCCUPIED,LEAVING,0.655651231374253
417.0,cctv3,C3_S008,G028,EMPTY,EMPTY,0.01
417.0,cctv3,C3_S009,G029,EMPTY,MANEUVERING,0.2027998876774852
417.0,cctv3,C3_S010,G007,OCCUPIED,LEAVING,0.5744600900431925
417.0,cctv3,C3_S011,G008,OCCUPIED,OCCUPIED,0.7921828027475964
417.0,cctv3,C3_S012,G009,OCCUPIED,OCCUPIED,0.82684624357657
418.0,cctv1,C1_S001,G001,OCCUPIED,OCCUPIED,0.7318490764295513
418.0,cctv1,C1_S002,G002,EMPTY,EMPTY,0.01
418.0,cctv1,C1_S003,G003,OCCUPIED,OCCUPIED,0.83759760287675
418.0,cctv1,C1_S004,G004,OCCUPIED,OCCUPIED,0.7728834757750686
418.0,cctv1,C1_S005,G005,OCCUPIED,OCCUPIED,0.7870934887365862
418.0,cctv1,C1_S006,G006,EMPTY,EMPTY,0.01
418.0,cctv2,C2_S001,G007,OCCUPIED,OCCUPIED,0.7866930105469444
418.0,cctv2,C2_S002,G008,OCCUPIED,OCCUPIED,0.8276017779653724
418.0,cctv2,C2_S003,G009,EMPTY,EMPTY,0.01
418.0,cctv2,C2_S004,G010,OCCUPIED,OCCUPIED,0.7807584158398889
418.0,cctv2,C2_S005,G001,EMPTY,EMPTY,0.01
418.0,cctv2,C2_S006,G003,OCCUPIED,OCCUPIED,0.8169805171814832
418.0,cctv2,C2_S007,G004,OCCUPIED,OCCUPIED,0.7769647372039883
418.0,cctv2,C2_S008,G006,OCCUPIED,OCCUPIED,0.764496842568571
418.0,cctv2,C2_S009,G005,OCCUPIED,OCCUPIED,0.8013687374916945
418.0,cctv2,C2_S010,G002,EMPTY,EMPTY,0.01
418.0,cctv2,C2_S011,G017,OCCUPIED,OCCUPIED,0.808382740074938
418.0,cctv2,C2_S012,G018,EMPTY,EMPTY,0.01
418.0,cctv2,C2_S013,G019,OCCUPIED,OCCUPIED,0.8187450018796054
418.0,cctv2,C2_S014,G020,EMPTY,EMPTY,0.01
418.0,cctv3,C3_S001,G021,OCCUPIED,OCCUPIED,0.8016273503953761
418.0,cctv3,C3_S002,G019,EMPTY,EMPTY,0.01
418.0,cctv3,C3_S003,G020,OCCUPIED,OCCUPIED,0.8094725833697753
418.0,cctv3,C3_S004,G024,OCCUPIED,OCCUPIED,0.8269642477685756
418.0,cctv3,C3_S005,G025,OCCUPIED,OCCUPIED,0.8314081804318862
418.0,cctv3,C3_S006,G026,OCCUPIED,OCCUPIED,0.825775572386655
418.0,cctv3,C3_S007,G027,OCCUPIED,LEAVING,0.7006334255297076
418.0,cctv3,C3_S008,G028,EMPTY,EMPTY,0.01
418.0,cctv3,C3_S009,G029,EMPTY,MANEUVERING,0.1566049716384573
418.0,cctv3,C3_S010,G007,OCCUPIED,LEAVING,0.6213179841998853
418.0,cctv3,C3_S011,G008,OCCUPIED,OCCUPIED,0.7896764604882761
418.0,cctv3,C3_S012,G009,OCCUPIED,OCCUPIED,0.8264037880030546
419.0,cctv1,C1_S001,G001,OCCUPIED,OCCUPIED,0.7314542837102306
419.0,cctv1,C1_S002,G002,EMPTY,EMPTY,0.01
419.0,cctv1,C1_S003,G003,OCCUPIED,OCCUPIED,0.8376023292541505
419.0,cctv1,C1_S004,G004,OCCUPIED,OCCUPIED,0.7728808029131456
419.0,cctv1,C1_S005,G005,OCCUPIED,LEAVING,0.7832359145988118
419.0,cctv1,C1_S006,G006,EMPTY,EMPTY,0.01
419.0,cctv2,C2_S001,G007,OCCUPIED,OCCUPIED,0.7850838330659
419.0,cctv2,C2_S002,G008,OCCUPIED,OCCUPIED,0.828080948103558
419.0,cctv2,C2_S003,G009,EMPTY,EMPTY,0.01
419.0,cctv2,C2_S004,G010,OCCUPIED,OCCUPIED,0.7803428392518651
419.0,cctv2,C2_S005,G001,EMPTY,EMPTY,0.01
419.0,cctv2,C2_S006,G003,OCCUPIED,OCCUPIED,0.8170800840312785
419.0,cctv2,C2_S007,G004,OCCUPIED,OCCUPIED,0.7776684667576443
419.0,cctv2,C2_S008,G006,OCCUPIED,OCCUPIED,0.7649072262373838
419.0,cctv2,C2_S009,G005,OCCUPIED,OCCUPIED,0.8012771579352292
419.0,cctv2,C2_S010,G002,EMPTY,EMPTY,0.01
419.0,cctv2,C2_S011,G017,OCCUPIED,OCCUPIED,0.8080011592669921
419.0,cctv2,C2_S012,G018,EMPTY,EMPTY,0.01
419.0,cctv2,C2_S013,G019,OCCUPIED,OCCUPIED,0.8187099982391705
419.0,cctv2,C2_S014,G020,EMPTY,EMPTY,0.01
419.0,cctv3,C3_S001,G021,OCCUPIED,OCCUPIED,0.8025345498865302
419.0,cctv3,C3_S002,G019,EMPTY,EMPTY,0.01
419.0,cctv3,C3_S003,G020,OCCUPIED,OCCUPIED,0.809425500035286
419.0,cctv3,C3_S004,G024,OCCUPIED,OCCUPIED,0.8268969860943882
419.0,cctv3,C3_S005,G025,OCCUPIED,OCCUPIED,0.8313921587033706
419.0,cctv3,C3_S006,G026,OCCUPIED,OCCUPIED,0.8258764169432901
419.0,cctv3,C3_S007,G027,OCCUPIED,LEAVING,0.7015356712449681
419.0,cctv3,C3_S008,G028,EMPTY,EMPTY,0.01
419.0,cctv3,C3_S009,G029,EMPTY,MANEUVERING,0.1566049716384573
419.0,cctv3,C3_S010,G007,OCCUPIED,LEAVING,0.6270131220781443
419.0,cctv3,C3_S011,G008,OCCUPIED,OCCUPIED,0.7903013135899197
419.0,cctv3,C3_S012,G009,OCCUPIED,OCCUPIED,0.8265408033674414
420.0,cctv1,C1_S001,G001,OCCUPIED,OCCUPIED,0.7295911386270415
420.0,cctv1,C1_S002,G002,EMPTY,EMPTY,0.01
420.0,cctv1,C1_S003,G003,OCCUPIED,OCCUPIED,0.837472726540132
420.0,cctv1,C1_S004,G004,OCCUPIED,OCCUPIED,0.7722310808571903
420.0,cctv1,C1_S005,G005,OCCUPIED,LEAVING,0.7789314519275319
420.0,cctv1,C1_S006,G006,EMPTY,EMPTY,0.01
420.0,cctv2,C2_S001,G007,OCCUPIED,OCCUPIED,0.7831284738399766
420.0,cctv2,C2_S002,G008,OCCUPIED,OCCUPIED,0.8283166175538844
420.0,cctv2,C2_S003,G009,EMPTY,EMPTY,0.01
420.0,cctv2,C2_S004,G010,OCCUPIED,OCCUPIED,0.7807669200680474
420.0,cctv2,C2_S005,G001,EMPTY,EMPTY,0.01
420.0,cctv2,C2_S006,G003,OCCUPIED,OCCUPIED,0.8173783180388539
420.0,cctv2,C2_S007,G004,OCCUPIED,OCCUPIED,0.7779798265207898
420.0,cctv2,C2_S008,G006,OCCUPIED,OCCUPIED,0.7646311842582443
420.0,cctv2,C2_S009,G005,OCCUPIED,OCCUPIED,0.8020669051192024
420.0,cctv2,C2_S010,G002,EMPTY,EMPTY,0.01
420.0,cctv2,C2_S011,G017,OCCUPIED,OCCUPIED,0.8079781410369007
420.0,cctv2,C2_S012,G018,EMPTY,EMPTY,0.01
420.0,cctv2,C2_S013,G019,OCCUPIED,OCCUPIED,0.8183517786589536
420.0,cctv2,C2_S014,G020,EMPTY,EMPTY,0.01
420.0,cctv3,C3_S001,G021,OCCUPIED,OCCUPIED,0.8034183857115833
420.0,cctv3,C3_S002,G019,EMPTY,EMPTY,0.01
420.0,cctv3,C3_S003,G020,OCCUPIED,OCCUPIED,0.8076775791970167
420.0,cctv3,C3_S004,G024,OCCUPIED,OCCUPIED,0.8269964440302415
420.0,cctv3,C3_S005,G025,OCCUPIED,OCCUPIED,0.8313376220789823
420.0,cctv3,C3_S006,G026,OCCUPIED,OCCUPIED,0.8257923012430018
420.0,cctv3,C3_S007,G027,OCCUPIED,LEAVING,0.7010079412568699
420.0,cctv3,C3_S008,G028,EMPTY,EMPTY,0.01
420.0,cctv3,C3_S009,G029,EMPTY,MANEUVERING,0.113378743908622
420.0,cctv3,C3_S010,G007,OCCUPIED,LEAVING,0.6741990657828072
420.0,cctv3,C3_S011,G008,OCCUPIED,OCCUPIED,0.7890217625282028
420.0,cctv3,C3_S012,G009,OCCUPIED,OCCUPIED,0.8265275183049116
421.0,cctv1,C1_S001,G001,OCCUPIED,OCCUPIED,0.7283836365762083
421.0,cctv1,C1_S002,G002,EMPTY,EMPTY,0.01
421.0,cctv1,C1_S003,G003,OCCUPIED,OCCUPIED,0.8374724193052813
421.0,cctv1,C1_S004,G004,OCCUPIED,OCCUPIED,0.7730338932438331
421.0,cctv1,C1_S005,G005,OCCUPIED,LEAVING,0.7806585953994232
421.0,cctv1,C1_S006,G006,EMPTY,EMPTY,0.01
421.0,cctv2,C2_S001,G007,OCCUPIED,OCCUPIED,0.7812568633393808
421.0,cctv2,C2_S002,G008,OCCUPIED,OCCUPIED,0.8289796644991095
421.0,cctv2,C2_S003,G009,EMPTY,EMPTY,0.01
421.0,cctv2,C2_S004,G010,OCCUPIED,OCCUPIED,0.7791214583949609
421.0,cctv2,C2_S005,G001,EMPTY,EMPTY,0.01
421.0,cctv2,C2_S006,G003,OCCUPIED,OCCUPIED,0.8174676258455624
421.0,cctv2,C2_S007,G004,OCCUPIED,OCCUPIED,0.7775975572791967
421.0,cctv2,C2_S008,G006,OCCUPIED,OCCUPIED,0.7632859897884456
421.0,cctv2,C2_S009,G005,OCCUPIED,OCCUPIED,0.8027747083793988
421.0,cctv2,C2_S010,G002,EMPTY,EMPTY,0.01
421.0,cctv2,C2_S011,G017,OCCUPIED,OCCUPIED,0.8078347542069175
421.0,cctv2,C2_S012,G018,EMPTY,EMPTY,0.01
421.0,cctv2,C2_S013,G019,OCCUPIED,OCCUPIED,0.8183515250682831
421.0,cctv2,C2_S014,G020,EMPTY,EMPTY,0.01
421.0,cctv3,C3_S001,G021,OCCUPIED,OCCUPIED,0.8030410899357363
421.0,cctv3,C3_S002,G019,EMPTY,EMPTY,0.01
421.0,cctv3,C3_S003,G020,OCCUPIED,OCCUPIED,0.8080937605012548
421.0,cctv3,C3_S004,G024,OCCUPIED,OCCUPIED,0.8267642695795406
421.0,cctv3,C3_S005,G025,OCCUPIED,OCCUPIED,0.8312825384465131
421.0,cctv3,C3_S006,G026,OCCUPIED,OCCUPIED,0.8258863427422264
421.0,cctv3,C3_S007,G027,OCCUPIED,LEAVING,0.6060590823112113
421.0,cctv3,C3_S008,G028,EMPTY,MANEUVERING,0.1315731566439975
421.0,cctv3,C3_S009,G029,EMPTY,MANEUVERING,0.068378743908622
421.0,cctv3,C3_S010,G007,OCCUPIED,LEAVING,0.7190385015986184
421.0,cctv3,C3_S011,G008,OCCUPIED,OCCUPIED,0.7885153956033968
421.0,cctv3,C3_S012,G009,OCCUPIED,OCCUPIED,0.826651372963732
422.0,cctv1,C1_S001,G001,OCCUPIED,OCCUPIED,0.7288466455922886
422.0,cctv1,C1_S002,G002,EMPTY,EMPTY,0.01
422.0,cctv1,C1_S003,G003,OCCUPIED,OCCUPIED,0.8375799580053851
422.0,cctv1,C1_S004,G004,OCCUPIED,OCCUPIED,0.7724584017287601
422.0,cctv1,C1_S005,G005,OCCUPIED,LEAVING,0.7813767527992076
422.0,cctv1,C1_S006,G006,EMPTY,EMPTY,0.01
422.0,cctv2,C2_S001,G007,OCCUPIED,OCCUPIED,0.7816915673288433
422.0,cctv2,C2_S002,G008,OCCUPIED,OCCUPIED,0.8286211474375291
422.0,cctv2,C2_S003,G009,EMPTY,EMPTY,0.01
422.0,cctv2,C2_S004,G010,OCCUPIED,OCCUPIED,0.7774967423894189
422.0,cctv2,C2_S005,G001,EMPTY,EMPTY,0.01
422.0,cctv2,C2_S006,G003,OCCUPIED,OCCUPIED,0.8172035241668876
422.0,cctv2,C2_S007,G004,OCCUPIED,OCCUPIED,0.7774709895253182
422.0,cctv2,C2_S008,G006,OCCUPIED,OCCUPIED,0.7627861442891035
422.0,cctv2,C2_S009,G005,OCCUPIED,OCCUPIED,0.803266871788285
422.0,cctv2,C2_S010,G002,EMPTY,EMPTY,0.01
422.0,cctv2,C2_S011,G017,OCCUPIED,OCCUPIED,0.8072648156772961
422.0,cctv2,C2_S012,G018,EMPTY,EMPTY,0.01
422.0,cctv2,C2_S013,G019,OCCUPIED,OCCUPIED,0.8183009174737064
422.0,cctv2,C2_S014,G020,EMPTY,EMPTY,0.01
422.0,cctv3,C3_S001,G021,OCCUPIED,OCCUPIED,0.801415943557566
422.0,cctv3,C3_S002,G019,EMPTY,EMPTY,0.01
422.0,cctv3,C3_S003,G020,OCCUPIED,OCCUPIED,0.8059232430024581
422.0,cctv3,C3_S004,G024,OCCUPIED,OCCUPIED,0.8266613849184731
422.0,cctv3,C3_S005,G025,OCCUPIED,OCCUPIED,0.8312841225754132
422.0,cctv3,C3_S006,G026,OCCUPIED,OCCUPIED,0.8260132754390891
422.0,cctv3,C3_S007,G027,OCCUPIED,LEAVING,0.5245081099149856
422.0,cctv3,C3_S008,G028,EMPTY,MANEUVERING,0.1315731566439975
422.0,cctv3,C3_S009,G029,EMPTY,MANEUVERING,0.068378743908622
422.0,cctv3,C3_S010,G007,OCCUPIED,LEAVING,0.7179533205113628
422.0,cctv3,C3_S011,G008,OCCUPIED,OCCUPIED,0.7887652360580185
422.0,cctv3,C3_S012,G009,OCCUPIED,OCCUPIED,0.8269203969023445
423.0,cctv1,C1_S001,G001,OCCUPIED,OCCUPIED,0.7319476549259641
423.0,cctv1,C1_S002,G002,EMPTY,EMPTY,0.01
423.0,cctv1,C1_S003,G003,OCCUPIED,OCCUPIED,0.8376917541027069
423.0,cctv1,C1_S004,G004,OCCUPIED,OCCUPIED,0.7728917930613866
423.0,cctv1,C1_S005,G005,OCCUPIED,LEAVING,0.7842244248498571
423.0,cctv1,C1_S006,G006,EMPTY,EMPTY,0.01
423.0,cctv2,C2_S001,G007,OCCUPIED,OCCUPIED,0.7794307711449537
423.0,cctv2,C2_S002,G008,OCCUPIED,OCCUPIED,0.828516512838277
423.0,cctv2,C2_S003,G009,EMPTY,EMPTY,0.01
423.0,cctv2,C2_S004,G010,OCCUPIED,OCCUPIED,0.7745440134947951
423.0,cctv2,C2_S005,G001,EMPTY,EMPTY,0.01
423.0,cctv2,C2_S006,G003,OCCUPIED,OCCUPIED,0.81714640611952
423.0,cctv2,C2_S007,G004,OCCUPIED,OCCUPIED,0.7773519071665678
423.0,cctv2,C2_S008,G006,OCCUPIED,OCCUPIED,0.763766297833486
423.0,cctv2,C2_S009,G005,OCCUPIED,OCCUPIED,0.8033437276428397
423.0,cctv2,C2_S010,G002,EMPTY,EMPTY,0.01
423.0,cctv2,C2_S011,G017,OCCUPIED,OCCUPIED,0.8065597588365729
423.0,cctv2,C2_S012,G018,EMPTY,EMPTY,0.01
423.0,cctv2,C2_S013,G019,OCCUPIED,OCCUPIED,0.8185375760902058
423.0,cctv2,C2_S014,G020,EMPTY,EMPTY,0.01
423.0,cctv3,C3_S001,G021,OCCUPIED,OCCUPIED,0.80048455379226
423.0,cctv3,C3_S002,G019,EMPTY,EMPTY,0.01
423.0,cctv3,C3_S003,G020,OCCUPIED,OCCUPIED,0.8064991783012044
423.0,cctv3,C3_S004,G024,OCCUPIED,OCCUPIED,0.8264896008101377
423.0,cctv3,C3_S005,G025,OCCUPIED,OCCUPIED,0.8313785590908744
423.0,cctv3,C3_S006,G026,OCCUPIED,OCCUPIED,0.8260027213530108
423.0,cctv3,C3_S007,G027,OCCUPIED,LEAVING,0.519353004803486
423.0,cctv3,C3_S008,G028,EMPTY,MANEUVERING,0.1329064899773308
423.0,cctv3,C3_S009,G029,EMPTY,MANEUVERING,0.068378743908622
423.0,cctv3,C3_S010,G007,OCCUPIED,LEAVING,0.7156139460883358
423.0,cctv3,C3_S011,G008,OCCUPIED,OCCUPIED,0.7896697801622479
423.0,cctv3,C3_S012,G009,OCCUPIED,OCCUPIED,0.8267260944301432
424.0,cctv1,C1_S001,G001,OCCUPIED,OCCUPIED,0.7294168570163576
424.0,cctv1,C1_S002,G002,EMPTY,EMPTY,0.01
424.0,cctv1,C1_S003,G003,OCCUPIED,OCCUPIED,0.837921530008316
424.0,cctv1,C1_S004,G004,OCCUPIED,OCCUPIED,0.7726895756342195
424.0,cctv1,C1_S005,G005,OCCUPIED,LEAVING,0.7851760417222977
424.0,cctv1,C1_S006,G006,EMPTY,EMPTY,0.01
424.0,cctv2,C2_S001,G007,OCCUPIED,OCCUPIED,0.7820619584484534
424.0,cctv2,C2_S002,G008,OCCUPIED,OCCUPIED,0.8296429772268643
424.0,cctv2,C2_S003,G009,EMPTY,EMPTY,0.01
424.0,cctv2,C2_S004,G010,OCCUPIED,OCCUPIED,0.7752215305512602
424.0,cctv2,C2_S005,G001,EMPTY,EMPTY,0.01
424.0,cctv2,C2_S006,G003,OCCUPIED,OCCUPIED,0.8171840529550206
424.0,cctv2,C2_S007,G004,OCCUPIED,OCCUPIED,0.7771272063255311
424.0,cctv2,C2_S008,G006,OCCUPIED,OCCUPIED,0.7647414701906118
424.0,cctv2,C2_S009,G005,OCCUPIED,OCCUPIED,0.8029572026296096
424.0,cctv2,C2_S010,G002,EMPTY,EMPTY,0.01
424.0,cctv2,C2_S011,G017,OCCUPIED,OCCUPIED,0.8063280761241913
424.0,cctv2,C2_S012,G018,EMPTY,EMPTY,0.01
424.0,cctv2,C2_S013,G019,OCCUPIED,OCCUPIED,0.8208242755044591
424.0,cctv2,C2_S014,G020,EMPTY,EMPTY,0.01
424.0,cctv3,C3_S001,G021,OCCUPIED,OCCUPIED,0.8014252012426204
424.0,cctv3,C3_S002,G019,EMPTY,EMPTY,0.01
424.0,cctv3,C3_S003,G020,OCCUPIED,OCCUPIED,0.8052934895862234
424.0,cctv3,C3_S004,G024,OCCUPIED,OCCUPIED,0.826432013782588
424.0,cctv3,C3_S005,G025,OCCUPIED,OCCUPIED,0.8314184541052039
424.0,cctv3,C3_S006,G026,OCCUPIED,OCCUPIED,0.8260887820612302
424.0,cctv3,C3_S007,G027,OCCUPIED,LEAVING,0.5175515144854559
424.0,cctv3,C3_S008,G028,EMPTY,MANEUVERING,0.1329064899773308
424.0,cctv3,C3_S009,G029,EMPTY,MANEUVERING,0.068378743908622
424.0,cctv3,C3_S010,G007,OCCUPIED,LEAVING,0.7166305895827034
424.0,cctv3,C3_S011,G008,OCCUPIED,OCCUPIED,0.7896800985390491
424.0,cctv3,C3_S012,G009,OCCUPIED,OCCUPIED,0.8263225609605963
425.0,cctv1,C1_S001,G001,OCCUPIED,OCCUPIED,0.7276793167333712
425.0,cctv1,C1_S002,G002,EMPTY,EMPTY,0.01
425.0,cctv1,C1_S003,G003,OCCUPIED,OCCUPIED,0.8379925215786155
425.0,cctv1,C1_S004,G004,OCCUPIED,OCCUPIED,0.7729004525325516
425.0,cctv1,C1_S005,G005,OCCUPIED,LEAVING,0.7846151300451973
425.0,cctv1,C1_S006,G006,EMPTY,EMPTY,0.01
425.0,cctv2,C2_S001,G007,OCCUPIED,OCCUPIED,0.7796325419436803
425.0,cctv2,C2_S002,G008,OCCUPIED,OCCUPIED,0.830421767993407
425.0,cctv2,C2_S003,G009,EMPTY,EMPTY,0.01
425.0,cctv2,C2_S004,G010,OCCUPIED,OCCUPIED,0.7743398908864368
425.0,cctv2,C2_S005,G001,EMPTY,EMPTY,0.01
425.0,cctv2,C2_S006,G003,OCCUPIED,OCCUPIED,0.8173162045803938
425.0,cctv2,C2_S007,G004,OCCUPIED,OCCUPIED,0.7773392991586165
425.0,cctv2,C2_S008,G006,OCCUPIED,OCCUPIED,0.7646185047247194
425.0,cctv2,C2_S009,G005,OCCUPIED,OCCUPIED,0.8021724524823103
425.0,cctv2,C2_S010,G002,EMPTY,EMPTY,0.01
425.0,cctv2,C2_S011,G017,OCCUPIED,OCCUPIED,0.8055317510258069
425.0,cctv2,C2_S012,G018,EMPTY,EMPTY,0.01
425.0,cctv2,C2_S013,G019,OCCUPIED,OCCUPIED,0.8198595653880727
425.0,cctv2,C2_S014,G020,EMPTY,EMPTY,0.01
425.0,cctv3,C3_S001,G021,OCCUPIED,OCCUPIED,0.8018243009393866
425.0,cctv3,C3_S002,G019,EMPTY,EMPTY,0.01
425.0,cctv3,C3_S003,G020,OCCUPIED,OCCUPIED,0.805120609836145
425.0,cctv3,C3_S004,G024,OCCUPIED,OCCUPIED,0.8264393451538954
425.0,cctv3,C3_S005,G025,OCCUPIED,OCCUPIED,0.8314879249442708
425.0,cctv3,C3_S006,G026,OCCUPIED,OCCUPIED,0.8262111419981177
425.0,cctv3,C3_S007,G027,OCCUPIED,LEAVING,0.51
425.0,cctv3,C3_S008,G028,EMPTY,MANEUVERING,0.1756651248119094
425.0,cctv3,C3_S009,G029,EMPTY,MANEUVERING,0.068378743908622
425.0,cctv3,C3_S010,G007,OCCUPIED,LEAVING,0.7163997676155784
425.0,cctv3,C3_S011,G008,OCCUPIED,OCCUPIED,0.7912873769348319
425.0,cctv3,C3_S012,G009,OCCUPIED,OCCUPIED,0.8264172925190493
426.0,cctv1,C1_S001,G001,OCCUPIED,OCCUPIED,0.7276404657485811
426.0,cctv1,C1_S002,G002,EMPTY,EMPTY,0.01
426.0,cctv1,C1_S003,G003,OCCUPIED,OCCUPIED,0.8380055067214099
426.0,cctv1,C1_S004,G004,OCCUPIED,OCCUPIED,0.7729523918845438
426.0,cctv1,C1_S005,G005,OCCUPIED,LEAVING,0.7861119213429365
426.0,cctv1,C1_S006,G006,EMPTY,EMPTY,0.01
426.0,cctv2,C2_S001,G007,OCCUPIED,OCCUPIED,0.7796482133594427
426.0,cctv2,C2_S002,G008,OCCUPIED,OCCUPIED,0.8303744814612649
426.0,cctv2,C2_S003,G009,EMPTY,EMPTY,0.01
426.0,cctv2,C2_S004,G010,OCCUPIED,OCCUPIED,0.7756134919144891
426.0,cctv2,C2_S005,G001,EMPTY,EMPTY,0.01
426.0,cctv2,C2_S006,G003,OCCUPIED,OCCUPIED,0.817673780430447
426.0,cctv2,C2_S007,G004,OCCUPIED,OCCUPIED,0.7774415701627732
426.0,cctv2,C2_S008,G006,OCCUPIED,OCCUPIED,0.7642374046824196
426.0,cctv2,C2_S009,G005,OCCUPIED,OCCUPIED,0.8019147694110871
426.0,cctv2,C2_S010,G002,EMPTY,EMPTY,0.01
426.0,cctv2,C2_S011,G017,OCCUPIED,OCCUPIED,0.8057023216377606
426.0,cctv2,C2_S012,G018,EMPTY,EMPTY,0.01
426.0,cctv2,C2_S013,G019,OCCUPIED,OCCUPIED,0.8229983644051986
426.0,cctv2,C2_S014,G020,EMPTY,EMPTY,0.01
426.0,cctv3,C3_S001,G021,OCCUPIED,OCCUPIED,0.8013373328880831
426.0,cctv3,C3_S002,G019,EMPTY,EMPTY,0.01
426.0,cctv3,C3_S003,G020,OCCUPIED,OCCUPIED,0.8052459551529452
426.0,cctv3,C3_S004,G024,OCCUPIED,OCCUPIED,0.8265714837746188
426.0,cctv3,C3_S005,G025,OCCUPIED,OCCUPIED,0.8315448560497978
426.0,cctv3,C3_S006,G026,OCCUPIED,OCCUPIED,0.8263809534636412
426.0,cctv3,C3_S007,G027,OCCUPIED,LEAVING,0.552356921913949
426.0,cctv3,C3_S008,G028,EMPTY,MANEUVERING,0.1756651248119094
426.0,cctv3,C3_S009,G029,EMPTY,MANEUVERING,0.068378743908622
426.0,cctv3,C3_S010,G007,OCCUPIED,LEAVING,0.7146923059902409
426.0,cctv3,C3_S011,G008,OCCUPIED,OCCUPIED,0.7909743322567507
426.0,cctv3,C3_S012,G009,OCCUPIED,OCCUPIED,0.8264972207221118
427.0,cctv1,C1_S001,G001,OCCUPIED,OCCUPIED,0.7288719439032404
427.0,cctv1,C1_S002,G002,EMPTY,EMPTY,0.01
427.0,cctv1,C1_S003,G003,OCCUPIED,OCCUPIED,0.8380803330378099
427.0,cctv1,C1_S004,G004,OCCUPIED,OCCUPIED,0.7736557162620805
427.0,cctv1,C1_S005,G005,OCCUPIED,LEAVING,0.7874652347781442
427.0,cctv1,C1_S006,G006,EMPTY,EMPTY,0.01
427.0,cctv2,C2_S001,G007,OCCUPIED,OCCUPIED,0.7799179143526338
427.0,cctv2,C2_S002,G008,OCCUPIED,OCCUPIED,0.8309639676050706
427.0,cctv2,C2_S003,G009,EMPTY,EMPTY,0.01
427.0,cctv2,C2_S004,G010,OCCUPIED,OCCUPIED,0.7762604797428305
427.0,cctv2,C2_S005,G001,EMPTY,EMPTY,0.01
427.0,cctv2,C2_S006,G003,OCCUPIED,OCCUPIED,0.8171874983744188
427.0,cctv2,C2_S007,G004,OCCUPIED,OCCUPIED,0.7766512259840966
427.0,cctv2,C2_S008,G006,OCCUPIED,OCCUPIED,0.7638157008723779
427.0,cctv2,C2_S009,G005,OCCUPIED,OCCUPIED,0.8023876298557628
427.0,cctv2,C2_S010,G002,EMPTY,EMPTY,0.01
427.0,cctv2,C2_S011,G017,OCCUPIED,OCCUPIED,0.8053531029007652
427.0,cctv2,C2_S012,G018,EMPTY,EMPTY,0.01
427.0,cctv2,C2_S013,G019,OCCUPIED,OCCUPIED,0.8233715027570725
427.0,cctv2,C2_S014,G020,EMPTY,EMPTY,0.01
427.0,cctv3,C3_S001,G021,OCCUPIED,OCCUPIED,0.8004002942280336
427.0,cctv3,C3_S002,G019,EMPTY,EMPTY,0.01
427.0,cctv3,C3_S003,G020,OCCUPIED,LEAVING,0.8030291191556238
427.0,cctv3,C3_S004,G024,OCCUPIED,OCCUPIED,0.8265673523599452
427.0,cctv3,C3_S005,G025,OCCUPIED,OCCUPIED,0.8315407880327919
427.0,cctv3,C3_S006,G026,OCCUPIED,OCCUPIED,0.8261869127100165
427.0,cctv3,C3_S007,G027,OCCUPIED,LEAVING,0.5528947031450543
427.0,cctv3,C3_S008,G028,EMPTY,MANEUVERING,0.1756651248119094
427.0,cctv3,C3_S009,G029,EMPTY,MANEUVERING,0.1557434550435705
427.0,cctv3,C3_S010,G007,OCCUPIED,LEAVING,0.6225708191954729
427.0,cctv3,C3_S011,G008,OCCUPIED,OCCUPIED,0.7920979933305221
427.0,cctv3,C3_S012,G009,OCCUPIED,OCCUPIED,0.8267637713388964
428.0,cctv1,C1_S001,G001,OCCUPIED,OCCUPIED,0.7303286854516376
428.0,cctv1,C1_S002,G002,EMPTY,EMPTY,0.01
428.0,cctv1,C1_S003,G003,OCCUPIED,OCCUPIED,0.8380717962980271
428.0,cctv1,C1_S004,G004,OCCUPIED,OCCUPIED,0.7739445292136886
428.0,cctv1,C1_S005,G005,OCCUPIED,LEAVING,0.7898105770349503
428.0,cctv1,C1_S006,G006,EMPTY,EMPTY,0.01
428.0,cctv2,C2_S001,G007,OCCUPIED,OCCUPIED,0.7826883920214394
428.0,cctv2,C2_S002,G008,OCCUPIED,OCCUPIED,0.8309721288355915
428.0,cctv2,C2_S003,G009,EMPTY,EMPTY,0.01
428.0,cctv2,C2_S004,G010,OCCUPIED,OCCUPIED,0.7734815844080666
428.0,cctv2,C2_S005,G001,EMPTY,EMPTY,0.01
428.0,cctv2,C2_S006,G003,OCCUPIED,OCCUPIED,0.8163449433716862
428.0,cctv2,C2_S007,G004,OCCUPIED,OCCUPIED,0.7769290719519962
428.0,cctv2,C2_S008,G006,OCCUPIED,OCCUPIED,0.7633305644447154
428.0,cctv2,C2_S009,G005,OCCUPIED,OCCUPIED,0.8025098532438278
428.0,cctv2,C2_S010,G002,EMPTY,EMPTY,0.01
428.0,cctv2,C2_S011,G017,OCCUPIED,OCCUPIED,0.8050209397619421
428.0,cctv2,C2_S012,G018,EMPTY,EMPTY,0.01
428.0,cctv2,C2_S013,G019,OCCUPIED,OCCUPIED,0.8238263980908828
428.0,cctv2,C2_S014,G020,EMPTY,EMPTY,0.01
428.0,cctv3,C3_S001,G021,OCCUPIED,OCCUPIED,0.7988123061982069
428.0,cctv3,C3_S002,G019,EMPTY,EMPTY,0.01
428.0,cctv3,C3_S003,G020,OCCUPIED,LEAVING,0.8005098892883822
428.0,cctv3,C3_S004,G024,OCCUPIED,OCCUPIED,0.8265487557107752
428.0,cctv3,C3_S005,G025,OCCUPIED,OCCUPIED,0.8314645937897943
428.0,cctv3,C3_S006,G026,OCCUPIED,OCCUPIED,0.8262431049888785
428.0,cctv3,C3_S007,G027,OCCUPIED,LEAVING,0.51
428.0,cctv3,C3_S008,G028,EMPTY,MANEUVERING,0.2714332945021716
428.0,cctv3,C3_S009,G029,EMPTY,MANEUVERING,0.1035627116330645
428.0,cctv3,C3_S010,G007,OCCUPIED,LEAVING,0.6689922413907269
428.0,cctv3,C3_S011,G008,OCCUPIED,OCCUPIED,0.7928340101783926
428.0,cctv3,C3_S012,G009,OCCUPIED,OCCUPIED,0.8271617193113674
429.0,cctv1,C1_S001,G001,OCCUPIED,OCCUPIED,0.7315816344862636
429.0,cctv1,C1_S002,G002,EMPTY,EMPTY,0.01
429.0,cctv1,C1_S003,G003,OCCUPIED,OCCUPIED,0.8379023416475817
429.0,cctv1,C1_S004,G004,OCCUPIED,OCCUPIED,0.7738670166243207
429.0,cctv1,C1_S005,G005,OCCUPIED,LEAVING,0.7907413279468364
429.0,cctv1,C1_S006,G006,EMPTY,EMPTY,0.01
429.0,cctv2,C2_S001,G007,OCCUPIED,OCCUPIED,0.7830244996330955
429.0,cctv2,C2_S002,G008,OCCUPIED,OCCUPIED,0.8312842786312103
429.0,cctv2,C2_S003,G009,EMPTY,EMPTY,0.01
429.0,cctv2,C2_S004,G010,OCCUPIED,OCCUPIED,0.7723703834143553
429.0,cctv2,C2_S005,G001,EMPTY,EMPTY,0.01
429.0,cctv2,C2_S006,G003,OCCUPIED,OCCUPIED,0.8161393073472111
429.0,cctv2,C2_S007,G004,OCCUPIED,OCCUPIED,0.7775001349774274
429.0,cctv2,C2_S008,G006,OCCUPIED,OCCUPIED,0.7618946288119663
429.0,cctv2,C2_S009,G005,OCCUPIED,OCCUPIED,0.8033903769471429
429.0,cctv2,C2_S010,G002,EMPTY,EMPTY,0.01
429.0,cctv2,C2_S011,G017,OCCUPIED,OCCUPIED,0.8047834594141354
429.0,cctv2,C2_S012,G018,EMPTY,EMPTY,0.01
429.0,cctv2,C2_S013,G019,OCCUPIED,OCCUPIED,0.8239978749643673
429.0,cctv2,C2_S014,G020,EMPTY,EMPTY,0.01
429.0,cctv3,C3_S001,G021,OCCUPIED,OCCUPIED,0.7967222834175284
429.0,cctv3,C3_S002,G019,EMPTY,EMPTY,0.01
429.0,cctv3,C3_S003,G020,OCCUPIED,LEAVING,0.7996386045759375
429.0,cctv3,C3_S004,G024,OCCUPIED,OCCUPIED,0.8267292448065499
429.0,cctv3,C3_S005,G025,OCCUPIED,OCCUPIED,0.8315275273539804
429.0,cctv3,C3_S006,G026,OCCUPIED,OCCUPIED,0.8265655902299015
429.0,cctv3,C3_S007,G027,OCCUPIED,LEAVING,0.51
429.0,cctv3,C3_S008,G028,EMPTY,MANEUVERING,0.2264332945021716
429.0,cctv3,C3_S009,G029,EMPTY,MANEUVERING,0.1035627116330645
429.0,cctv3,C3_S010,G007,OCCUPIED,LEAVING,0.6701389130137184
429.0,cctv3,C3_S011,G008,OCCUPIED,OCCUPIED,0.7945966587825255
429.0,cctv3,C3_S012,G009,OCCUPIED,OCCUPIED,0.8278282376852903
430.0,cctv1,C1_S001,G001,OCCUPIED,OCCUPIED,0.7338983894749121
430.0,cctv1,C1_S002,G002,EMPTY,EMPTY,0.01
430.0,cctv1,C1_S003,G003,OCCUPIED,OCCUPIED,0.8379922005263243
430.0,cctv1,C1_S004,G004,OCCUPIED,OCCUPIED,0.7744247702035038
430.0,cctv1,C1_S005,G005,OCCUPIED,LEAVING,0.7954100614244288
430.0,cctv1,C1_S006,G006,EMPTY,EMPTY,0.01
430.0,cctv2,C2_S001,G007,OCCUPIED,OCCUPIED,0.7841459889303555
430.0,cctv2,C2_S002,G008,OCCUPIED,OCCUPIED,0.8312663183970885
430.0,cctv2,C2_S003,G009,EMPTY,EMPTY,0.01
430.0,cctv2,C2_S004,G010,OCCUPIED,OCCUPIED,0.7708156023513187
430.0,cctv2,C2_S005,G001,EMPTY,EMPTY,0.01
430.0,cctv2,C2_S006,G003,OCCUPIED,OCCUPIED,0.8161875952373852
430.0,cctv2,C2_S007,G004,OCCUPIED,OCCUPIED,0.7771723991090602
430.0,cctv2,C2_S008,G006,OCCUPIED,OCCUPIED,0.762028893692927
430.0,cctv2,C2_S009,G005,OCCUPIED,OCCUPIED,0.8031737950715152
430.0,cctv2,C2_S010,G002,EMPTY,EMPTY,0.01
430.0,cctv2,C2_S011,G017,OCCUPIED,OCCUPIED,0.8054729358716445
430.0,cctv2,C2_S012,G018,EMPTY,EMPTY,0.01
430.0,cctv2,C2_S013,G019,OCCUPIED,OCCUPIED,0.8235833948308772
430.0,cctv2,C2_S014,G020,EMPTY,EMPTY,0.01
430.0,cctv3,C3_S001,G021,OCCUPIED,OCCUPIED,0.796296349438754
430.0,cctv3,C3_S002,G019,EMPTY,EMPTY,0.01
430.0,cctv3,C3_S003,G020,OCCUPIED,LEAVING,0.7972919244657863
430.0,cctv3,C3_S004,G024,OCCUPIED,OCCUPIED,0.8268218175931411
430.0,cctv3,C3_S005,G025,OCCUPIED,OCCUPIED,0.831573606079275
430.0,cctv3,C3_S006,G026,OCCUPIED,OCCUPIED,0.8264612872492184
430.0,cctv3,C3_S007,G027,OCCUPIED,LEAVING,0.51
430.0,cctv3,C3_S008,G028,EMPTY,MANEUVERING,0.2304332945021716
430.0,cctv3,C3_S009,G029,EMPTY,MANEUVERING,0.1035627116330645
430.0,cctv3,C3_S010,G007,OCCUPIED,LEAVING,0.6667642792246559
430.0,cctv3,C3_S011,G008,OCCUPIED,OCCUPIED,0.7945840889757331
430.0,cctv3,C3_S012,G009,OCCUPIED,OCCUPIED,0.8279633397405799
431.0,cctv1,C1_S001,G001,OCCUPIED,OCCUPIED,0.7355441329831427
431.0,cctv1,C1_S002,G002,EMPTY,EMPTY,0.01
431.0,cctv1,C1_S003,G003,OCCUPIED,OCCUPIED,0.8381122440099716
431.0,cctv1,C1_S004,G004,OCCUPIED,OCCUPIED,0.7733586404811252
431.0,cctv1,C1_S005,G005,OCCUPIED,LEAVING,0.79855870496143
431.0,cctv1,C1_S006,G006,EMPTY,EMPTY,0.01
431.0,cctv2,C2_S001,G007,OCCUPIED,OCCUPIED,0.7865969553589821
431.0,cctv2,C2_S002,G008,OCCUPIED,OCCUPIED,0.8310092408548703
431.0,cctv2,C2_S003,G009,EMPTY,EMPTY,0.01
431.0,cctv2,C2_S004,G010,OCCUPIED,OCCUPIED,0.7725158814679494
431.0,cctv2,C2_S005,G001,EMPTY,EMPTY,0.01
431.0,cctv2,C2_S006,G003,OCCUPIED,OCCUPIED,0.8162339275533503
431.0,cctv2,C2_S007,G004,OCCUPIED,OCCUPIED,0.7773704404180701
431.0,cctv2,C2_S008,G006,OCCUPIED,OCCUPIED,0.7621096115220677
431.0,cctv2,C2_S009,G005,OCCUPIED,OCCUPIED,0.8029796120795337
431.0,cctv2,C2_S010,G002,EMPTY,EMPTY,0.01
431.0,cctv2,C2_S011,G017,OCCUPIED,OCCUPIED,0.8060765661976554
431.0,cctv2,C2_S012,G018,EMPTY,EMPTY,0.01
431.0,cctv2,C2_S013,G019,OCCUPIED,OCCUPIED,0.8243618556044319
431.0,cctv2,C2_S014,G020,EMPTY,EMPTY,0.01
431.0,cctv3,C3_S001,G021,OCCUPIED,OCCUPIED,0.7961003547365015
431.0,cctv3,C3_S002,G019,EMPTY,EMPTY,0.01
431.0,cctv3,C3_S003,G020,OCCUPIED,LEAVING,0.796090191602707
431.0,cctv3,C3_S004,G024,OCCUPIED,OCCUPIED,0.8267960805784573
431.0,cctv3,C3_S005,G025,OCCUPIED,OCCUPIED,0.8316130946982991
431.0,cctv3,C3_S006,G026,OCCUPIED,OCCUPIED,0.8266525385054676
431.0,cctv3,C3_S007,G027,OCCUPIED,LEAVING,0.51
431.0,cctv3,C3_S008,G028,EMPTY,MANEUVERING,0.2304332945021716
431.0,cctv3,C3_S009,G029,EMPTY,MANEUVERING,0.0585627116330645
431.0,cctv3,C3_S010,G007,OCCUPIED,LEAVING,0.7110820446095685
431.0,cctv3,C3_S011,G008,OCCUPIED,OCCUPIED,0.7939825816587969
431.0,cctv3,C3_S012,G009,OCCUPIED,OCCUPIED,0.8278876388614829
432.0,cctv1,C1_S001,G001,OCCUPIED,OCCUPIED,0.736621931533922
432.0,cctv1,C1_S002,G002,EMPTY,EMPTY,0.01
432.0,cctv1,C1_S003,G003,OCCUPIED,OCCUPIED,0.8379251997579229
432.0,cctv1,C1_S004,G004,OCCUPIED,OCCUPIED,0.7718439092690295
432.0,cctv1,C1_S005,G005,OCCUPIED,LEAVING,0.7967951720411128
432.0,cctv1,C1_S006,G006,EMPTY,EMPTY,0.01
432.0,cctv2,C2_S001,G007,OCCUPIED,OCCUPIED,0.7898935763673349
432.0,cctv2,C2_S002,G008,OCCUPIED,OCCUPIED,0.8312663923610342
432.0,cctv2,C2_S003,G009,EMPTY,EMPTY,0.01
432.0,cctv2,C2_S004,G010,OCCUPIED,OCCUPIED,0.773842359401963
432.0,cctv2,C2_S005,G001,EMPTY,EMPTY,0.01
432.0,cctv2,C2_S006,G003,OCCUPIED,OCCUPIED,0.8167199478908019
432.0,cctv2,C2_S007,G004,OCCUPIED,OCCUPIED,0.7781716747717424
432.0,cctv2,C2_S008,G006,OCCUPIED,OCCUPIED,0.7626095976341856
432.0,cctv2,C2_S009,G005,OCCUPIED,OCCUPIED,0.8036533464084973
432.0,cctv2,C2_S010,G002,EMPTY,EMPTY,0.01
432.0,cctv2,C2_S011,G017,OCCUPIED,OCCUPIED,0.8064903774044732
432.0,cctv2,C2_S012,G018,EMPTY,EMPTY,0.01
432.0,cctv2,C2_S013,G019,OCCUPIED,OCCUPIED,0.8241846087304029
432.0,cctv2,C2_S014,G020,EMPTY,EMPTY,0.01
432.0,cctv3,C3_S001,G021,OCCUPIED,OCCUPIED,0.7965653294866736
432.0,cctv3,C3_S002,G019,EMPTY,EMPTY,0.01
432.0,cctv3,C3_S003,G020,OCCUPIED,LEAVING,0.7941078944639727
432.0,cctv3,C3_S004,G024,OCCUPIED,OCCUPIED,0.8271849488670177
432.0,cctv3,C3_S005,G025,OCCUPIED,OCCUPIED,0.8316732704639436
432.0,cctv3,C3_S006,G026,OCCUPIED,OCCUPIED,0.8268223158337854
432.0,cctv3,C3_S007,G027,OCCUPIED,LEAVING,0.5137908342261335
432.0,cctv3,C3_S008,G028,EMPTY,MANEUVERING,0.1348027573706525
432.0,cctv3,C3_S009,G029,EMPTY,MANEUVERING,0.0585627116330645
432.0,cctv3,C3_S010,G007,OCCUPIED,LEAVING,0.7101644837043503
432.0,cctv3,C3_S011,G008,OCCUPIED,OCCUPIED,0.7939412000504408
432.0,cctv3,C3_S012,G009,OCCUPIED,OCCUPIED,0.8277866707606749
433.0,cctv1,C1_S001,G001,OCCUPIED,OCCUPIED,0.7357103295624257
433.0,cctv1,C1_S002,G002,EMPTY,EMPTY,0.01
433.0,cctv1,C1_S003,G003,OCCUPIED,OCCUPIED,0.8376733574000272
433.0,cctv1,C1_S004,G004,OCCUPIED,OCCUPIED,0.7720770623196256
433.0,cctv1,C1_S005,G005,OCCUPIED,OCCUPIED,0.79548178775744
433.0,cctv1,C1_S006,G006,EMPTY,EMPTY,0.01
433.0,cctv2,C2_S001,G007,OCCUPIED,OCCUPIED,0.7910134620287202
433.0,cctv2,C2_S002,G008,OCCUPIED,OCCUPIED,0.8315939640456981
433.0,cctv2,C2_S003,G009,EMPTY,EMPTY,0.01
433.0,cctv2,C2_S004,G010,OCCUPIED,OCCUPIED,0.775391289185394
433.0,cctv2,C2_S005,G001,EMPTY,EMPTY,0.01
433.0,cctv2,C2_S006,G003,OCCUPIED,OCCUPIED,0.8170180989937349
433.0,cctv2,C2_S007,G004,OCCUPIED,OCCUPIED,0.7788092813708566
433.0,cctv2,C2_S008,G006,OCCUPIED,OCCUPIED,0.762104300341823
433.0,cctv2,C2_S009,G005,OCCUPIED,OCCUPIED,0.8036893237720837
433.0,cctv2,C2_S010,G002,EMPTY,EMPTY,0.01
433.0,cctv2,C2_S011,G017,OCCUPIED,OCCUPIED,0.8064991335977209
433.0,cctv2,C2_S012,G018,EMPTY,EMPTY,0.01
433.0,cctv2,C2_S013,G019,OCCUPIED,OCCUPIED,0.8242403677918695
433.0,cctv2,C2_S014,G020,EMPTY,EMPTY,0.01
433.0,cctv3,C3_S001,G021,OCCUPIED,OCCUPIED,0.797292582826181
433.0,cctv3,C3_S002,G019,EMPTY,EMPTY,0.01
433.0,cctv3,C3_S003,G020,OCCUPIED,LEAVING,0.7933086490089244
433.0,cctv3,C3_S004,G024,OCCUPIED,OCCUPIED,0.8272952177307823
433.0,cctv3,C3_S005,G025,OCCUPIED,OCCUPIED,0.8316375954584643
433.0,cctv3,C3_S006,G026,OCCUPIED,OCCUPIED,0.826566138050773
433.0,cctv3,C3_S007,G027,OCCUPIED,LEAVING,0.5981765790050003
433.0,cctv3,C3_S008,G028,EMPTY,MANEUVERING,0.1321360907039859
433.0,cctv3,C3_S009,G029,EMPTY,MANEUVERING,0.0585627116330645
433.0,cctv3,C3_S010,G007,OCCUPIED,LEAVING,0.7095601364157418
433.0,cctv3,C3_S011,G008,OCCUPIED,OCCUPIED,0.7931662521579049
433.0,cctv3,C3_S012,G009,OCCUPIED,OCCUPIED,0.8276238045909189
434.0,cctv1,C1_S001,G001,OCCUPIED,OCCUPIED,0.7343405847522346
434.0,cctv1,C1_S002,G002,EMPTY,EMPTY,0.01
434.0,cctv1,C1_S003,G003,OCCUPIED,OCCUPIED,0.8377004916017706
434.0,cctv1,C1_S004,G004,OCCUPIED,OCCUPIED,0.7712050440636549
434.0,cctv1,C1_S005,G005,OCCUPIED,OCCUPIED,0.7933661328120666
434.0,cctv1,C1_S006,G006,EMPTY,EMPTY,0.01
434.0,cctv2,C2_S001,G007,OCCUPIED,OCCUPIED,0.793956039168618
434.0,cctv2,C2_S002,G008,OCCUPIED,OCCUPIED,0.8311062197793615
434.0,cctv2,C2_S003,G009,EMPTY,EMPTY,0.01
434.0,cctv2,C2_S004,G010,OCCUPIED,OCCUPIED,0.7764632474292409
434.0,cctv2,C2_S005,G001,EMPTY,EMPTY,0.01
434.0,cctv2,C2_S006,G003,OCCUPIED,OCCUPIED,0.8171893141486428
434.0,cctv2,C2_S007,G004,OCCUPIED,OCCUPIED,0.7794697944413532
434.0,cctv2,C2_S008,G006,OCCUPIED,OCCUPIED,0.7613844242962925
434.0,cctv2,C2_S009,G005,OCCUPIED,OCCUPIED,0.8041620468551463
434.0,cctv2,C2_S010,G002,EMPTY,EMPTY,0.01
434.0,cctv2,C2_S011,G017,OCCUPIED,OCCUPIED,0.8070279977538369
434.0,cctv2,C2_S012,G018,EMPTY,EMPTY,0.01
434.0,cctv2,C2_S013,G019,OCCUPIED,OCCUPIED,0.8246037445285104
434.0,cctv2,C2_S014,G020,EMPTY,EMPTY,0.01
434.0,cctv3,C3_S001,G021,OCCUPIED,OCCUPIED,0.7989178917624734
434.0,cctv3,C3_S002,G019,EMPTY,EMPTY,0.01
434.0,cctv3,C3_S003,G020,OCCUPIED,LEAVING,0.7915303363041445
434.0,cctv3,C3_S004,G024,OCCUPIED,OCCUPIED,0.8275254227898339
434.0,cctv3,C3_S005,G025,OCCUPIED,OCCUPIED,0.8316232464530252
434.0,cctv3,C3_S006,G026,OCCUPIED,OCCUPIED,0.8265824458815836
434.0,cctv3,C3_S007,G027,OCCUPIED,LEAVING,0.6004034679521891
434.0,cctv3,C3_S008,G028,EMPTY,MANEUVERING,0.1321360907039859
434.0,cctv3,C3_S009,G029,EMPTY,MANEUVERING,0.15250419144942
434.0,cctv3,C3_S010,G007,OCCUPIED,LEAVING,0.6181507284803824
434.0,cctv3,C3_S011,G008,OCCUPIED,OCCUPIED,0.7931856030767614
434.0,cctv3,C3_S012,G009,OCCUPIED,OCCUPIED,0.8275594096292149
435.0,cctv1,C1_S001,G001,OCCUPIED,OCCUPIED,0.7344327192414891
435.0,cctv1,C1_S002,G002,EMPTY,EMPTY,0.01
435.0,cctv1,C1_S003,G003,OCCUPIED,OCCUPIED,0.8374884857372804
435.0,cctv1,C1_S004,G004,OCCUPIED,OCCUPIED,0.7700162008404733
435.0,cctv1,C1_S005,G005,OCCUPIED,LEAVING,0.7894874277439985
435.0,cctv1,C1_S006,G006,EMPTY,EMPTY,0.01
435.0,cctv2,C2_S001,G007,OCCUPIED,OCCUPIED,0.7920975861224262
435.0,cctv2,C2_S002,G008,OCCUPIED,OCCUPIED,0.8310804681344466
435.0,cctv2,C2_S003,G009,EMPTY,EMPTY,0.01
435.0,cctv2,C2_S004,G010,OCCUPIED,OCCUPIED,0.774293396418745
435.0,cctv2,C2_S005,G001,EMPTY,EMPTY,0.01
435.0,cctv2,C2_S006,G003,OCCUPIED,OCCUPIED,0.8175361985510047
435.0,cctv2,C2_S007,G004,OCCUPIED,OCCUPIED,0.7803178357807073
435.0,cctv2,C2_S008,G006,OCCUPIED,OCCUPIED,0.7610283703966575
435.0,cctv2,C2_S009,G005,OCCUPIED,OCCUPIED,0.80407926494425
435.0,cctv2,C2_S010,G002,EMPTY,EMPTY,0.01
435.0,cctv2,C2_S011,G017,OCCUPIED,OCCUPIED,0.8071659242564982
435.0,cctv2,C2_S012,G018,EMPTY,EMPTY,0.01
435.0,cctv2,C2_S013,G019,OCCUPIED,OCCUPIED,0.8269042743877932
435.0,cctv2,C2_S014,G020,EMPTY,EMPTY,0.01
435.0,cctv3,C3_S001,G021,OCCUPIED,OCCUPIED,0.7990278233181347
435.0,cctv3,C3_S002,G019,EMPTY,EMPTY,0.01
435.0,cctv3,C3_S003,G020,OCCUPIED,LEAVING,0.7934949178587307
435.0,cctv3,C3_S004,G024,OCCUPIED,OCCUPIED,0.8274661394682798
435.0,cctv3,C3_S005,G025,OCCUPIED,OCCUPIED,0.8316522720185193
435.0,cctv3,C3_S006,G026,OCCUPIED,OCCUPIED,0.8266347481445833
435.0,cctv3,C3_S007,G027,OCCUPIED,LEAVING,0.602975927400318
435.0,cctv3,C3_S008,G028,EMPTY,MANEUVERING,0.1321360907039859
435.0,cctv3,C3_S009,G029,EMPTY,MANEUVERING,0.15250419144942
435.0,cctv3,C3_S010,G007,OCCUPIED,LEAVING,0.6189269309603808
435.0,cctv3,C3_S011,G008,OCCUPIED,OCCUPIED,0.7937359899282456
435.0,cctv3,C3_S012,G009,OCCUPIED,OCCUPIED,0.827569046074694
436.0,cctv1,C1_S001,G001,OCCUPIED,OCCUPIED,0.734016955711625
436.0,cctv1,C1_S002,G002,EMPTY,EMPTY,0.01
436.0,cctv1,C1_S003,G003,OCCUPIED,OCCUPIED,0.8375109203837136
436.0,cctv1,C1_S004,G004,OCCUPIED,OCCUPIED,0.7687741173939272
436.0,cctv1,C1_S005,G005,OCCUPIED,LEAVING,0.7886866355484183
436.0,cctv1,C1_S006,G006,EMPTY,EMPTY,0.01
436.0,cctv2,C2_S001,G007,OCCUPIED,OCCUPIED,0.7951285733418032
436.0,cctv2,C2_S002,G008,OCCUPIED,OCCUPIED,0.8301115371964195
436.0,cctv2,C2_S003,G009,EMPTY,EMPTY,0.01
436.0,cctv2,C2_S004,G010,OCCUPIED,OCCUPIED,0.77392657995224
436.0,cctv2,C2_S005,G001,EMPTY,EMPTY,0.01
436.0,cctv2,C2_S006,G003,OCCUPIED,OCCUPIED,0.8179200421680104
436.0,cctv2,C2_S007,G004,OCCUPIED,OCCUPIED,0.7803614915771918
436.0,cctv2,C2_S008,G006,OCCUPIED,OCCUPIED,0.7613857560537078
436.0,cctv2,C2_S009,G005,OCCUPIED,OCCUPIED,0.8040291247042743
436.0,cctv2,C2_S010,G002,EMPTY,EMPTY,0.01
436.0,cctv2,C2_S011,G017,OCCUPIED,OCCUPIED,0.8078330863605847
436.0,cctv2,C2_S012,G018,EMPTY,EMPTY,0.01
436.0,cctv2,C2_S013,G019,OCCUPIED,OCCUPIED,0.8256930367513137
436.0,cctv2,C2_S014,G020,EMPTY,EMPTY,0.01
436.0,cctv3,C3_S001,G021,OCCUPIED,OCCUPIED,0.7988853744485163
436.0,cctv3,C3_S002,G019,EMPTY,EMPTY,0.01
436.0,cctv3,C3_S003,G020,OCCUPIED,LEAVING,0.7912352494218133
436.0,cctv3,C3_S004,G024,OCCUPIED,OCCUPIED,0.8273775412277742
436.0,cctv3,C3_S005,G025,OCCUPIED,OCCUPIED,0.8315736174583436
436.0,cctv3,C3_S006,G026,OCCUPIED,OCCUPIED,0.826701681451364
436.0,cctv3,C3_S007,G027,OCCUPIED,LEAVING,0.5579759274003181
436.0,cctv3,C3_S008,G028,EMPTY,MANEUVERING,0.1809108740917661
436.0,cctv3,C3_S009,G029,EMPTY,MANEUVERING,0.2472879977727478
436.0,cctv3,C3_S010,G007,OCCUPIED,LEAVING,0.5257239796390588
436.0,cctv3,C3_S011,G008,OCCUPIED,OCCUPIED,0.794399428638545
436.0,cctv3,C3_S012,G009,OCCUPIED,OCCUPIED,0.8277413292364642
437.0,cctv1,C1_S001,G001,OCCUPIED,OCCUPIED,0.7336398930034855
437.0,cctv1,C1_S002,G002,EMPTY,EMPTY,0.01
437.0,cctv1,C1_S003,G003,OCCUPIED,OCCUPIED,0.8374158596450633
437.0,cctv1,C1_S004,G004,OCCUPIED,OCCUPIED,0.7678710180250081
437.0,cctv1,C1_S005,G005,OCCUPIED,LEAVING,0.7868796508420598
437.0,cctv1,C1_S006,G006,EMPTY,EMPTY,0.01
437.0,cctv2,C2_S001,G007,OCCUPIED,OCCUPIED,0.7934095159173012
437.0,cctv2,C2_S002,G008,OCCUPIED,OCCUPIED,0.8291664494709536
437.0,cctv2,C2_S003,G009,EMPTY,EMPTY,0.01
437.0,cctv2,C2_S004,G010,OCCUPIED,OCCUPIED,0.7741187098351392
437.0,cctv2,C2_S005,G001,EMPTY,EMPTY,0.01
437.0,cctv2,C2_S006,G003,OCCUPIED,OCCUPIED,0.8182684879411352
437.0,cctv2,C2_S007,G004,OCCUPIED,OCCUPIED,0.781353654509241
437.0,cctv2,C2_S008,G006,OCCUPIED,OCCUPIED,0.7611152016303757
437.0,cctv2,C2_S009,G005,OCCUPIED,OCCUPIED,0.8051240446892652
437.0,cctv2,C2_S010,G002,EMPTY,EMPTY,0.01
437.0,cctv2,C2_S011,G017,OCCUPIED,OCCUPIED,0.8078677835789594
437.0,cctv2,C2_S012,G018,EMPTY,EMPTY,0.01
437.0,cctv2,C2_S013,G019,OCCUPIED,OCCUPIED,0.8260816465724599
437.0,cctv2,C2_S014,G020,EMPTY,EMPTY,0.01
437.0,cctv3,C3_S001,G021,OCCUPIED,OCCUPIED,0.7986334849487652
437.0,cctv3,C3_S002,G019,EMPTY,EMPTY,0.01
437.0,cctv3,C3_S003,G020,OCCUPIED,LEAVING,0.7933662319725211
437.0,cctv3,C3_S004,G024,OCCUPIED,OCCUPIED,0.8270410995591772
437.0,cctv3,C3_S005,G025,OCCUPIED,OCCUPIED,0.8315218776464463
437.0,cctv3,C3_S006,G026,OCCUPIED,OCCUPIED,0.826897278699008
437.0,cctv3,C3_S007,G027,OCCUPIED,LEAVING,0.5602224302803251
437.0,cctv3,C3_S008,G028,EMPTY,MANEUVERING,0.1809108740917661
437.0,cctv3,C3_S009,G029,EMPTY,MANEUVERING,0.3415946282158522
437.0,cctv3,C3_S010,G007,OCCUPIED,LEAVING,0.51
437.0,cctv3,C3_S011,G008,OCCUPIED,OCCUPIED,0.7953106270595031
437.0,cctv3,C3_S012,G009,OCCUPIED,OCCUPIED,0.8277048893950203
438.0,cctv1,C1_S001,G001,OCCUPIED,OCCUPIED,0.7330342428928073
438.0,cctv1,C1_S002,G002,EMPTY,EMPTY,0.01
438.0,cctv1,C1_S003,G003,OCCUPIED,OCCUPIED,0.8373840470205655
438.0,cctv1,C1_S004,G004,OCCUPIED,OCCUPIED,0.765845549106598
438.0,cctv1,C1_S005,G005,OCCUPIED,LEAVING,0.7855096223679456
438.0,cctv1,C1_S006,G006,EMPTY,EMPTY,0.01
438.0,cctv2,C2_S001,G007,OCCUPIED,OCCUPIED,0.7939807492223654
438.0,cctv2,C2_S002,G008,OCCUPIED,OCCUPIED,0.8284220738844439
438.0,cctv2,C2_S003,G009,EMPTY,EMPTY,0.01
438.0,cctv2,C2_S004,G010,OCCUPIED,OCCUPIED,0.7738469451665879
438.0,cctv2,C2_S005,G001,EMPTY,EMPTY,0.01
438.0,cctv2,C2_S006,G003,OCCUPIED,OCCUPIED,0.8188416573134336
438.0,cctv2,C2_S007,G004,OCCUPIED,OCCUPIED,0.7819920702414079
438.0,cctv2,C2_S008,G006,OCCUPIED,OCCUPIED,0.7622805226932873
438.0,cctv2,C2_S009,G005,OCCUPIED,OCCUPIED,0.8053853609345176
438.0,cctv2,C2_S010,G002,EMPTY,EMPTY,0.01
438.0,cctv2,C2_S011,G017,OCCUPIED,OCCUPIED,0.8076529662717473
438.0,cctv2,C2_S012,G018,EMPTY,EMPTY,0.01
438.0,cctv2,C2_S013,G019,OCCUPIED,OCCUPIED,0.8262766838073731
438.0,cctv2,C2_S014,G020,EMPTY,EMPTY,0.01
438.0,cctv3,C3_S001,G021,OCCUPIED,OCCUPIED,0.7991098989139904
438.0,cctv3,C3_S002,G019,EMPTY,EMPTY,0.01
438.0,cctv3,C3_S003,G020,OCCUPIED,LEAVING,0.7946588364514439
438.0,cctv3,C3_S004,G024,OCCUPIED,OCCUPIED,0.8270613429221241
438.0,cctv3,C3_S005,G025,OCCUPIED,OCCUPIED,0.8314892286604102
438.0,cctv3,C3_S006,G026,OCCUPIED,OCCUPIED,0.8272233190861615
438.0,cctv3,C3_S007,G027,OCCUPIED,LEAVING,0.51
438.0,cctv3,C3_S008,G028,EMPTY,MANEUVERING,0.2724180563661185
438.0,cctv3,C3_S009,G029,EMPTY,MANEUVERING,0.3436704397844998
438.0,cctv3,C3_S010,G007,OCCUPIED,LEAVING,0.51
438.0,cctv3,C3_S011,G008,OCCUPIED,OCCUPIED,0.7951399963010441
438.0,cctv3,C3_S012,G009,OCCUPIED,OCCUPIED,0.8275903842665933
439.0,cctv1,C1_S001,G001,OCCUPIED,OCCUPIED,0.7324537287381563
439.0,cctv1,C1_S002,G002,EMPTY,EMPTY,0.01
439.0,cctv1,C1_S003,G003,OCCUPIED,OCCUPIED,0.8375499985434793
439.0,cctv1,C1_S004,G004,OCCUPIED,OCCUPIED,0.7651847206733444
439.0,cctv1,C1_S005,G005,OCCUPIED,LEAVING,0.784900099310008
439.0,cctv1,C1_S006,G006,EMPTY,EMPTY,0.01
439.0,cctv2,C2_S001,G007,OCCUPIED,OCCUPIED,0.7939258379015056
439.0,cctv2,C2_S002,G008,OCCUPIED,OCCUPIED,0.8274281959642065
439.0,cctv2,C2_S003,G009,EMPTY,EMPTY,0.01
439.0,cctv2,C2_S004,G010,OCCUPIED,OCCUPIED,0.7731597697192973
439.0,cctv2,C2_S005,G001,EMPTY,EMPTY,0.01
439.0,cctv2,C2_S006,G003,OCCUPIED,OCCUPIED,0.8193810966881839
439.0,cctv2,C2_S007,G004,OCCUPIED,OCCUPIED,0.7814856748689305
439.0,cctv2,C2_S008,G006,OCCUPIED,OCCUPIED,0.7625602929429575
439.0,cctv2,C2_S009,G005,OCCUPIED,OCCUPIED,0.8052893841808493
439.0,cctv2,C2_S010,G002,EMPTY,EMPTY,0.01
439.0,cctv2,C2_S011,G017,OCCUPIED,OCCUPIED,0.8081220724365928
439.0,cctv2,C2_S012,G018,EMPTY,EMPTY,0.01
439.0,cctv2,C2_S013,G019,OCCUPIED,OCCUPIED,0.826911830089309
439.0,cctv2,C2_S014,G020,EMPTY,EMPTY,0.01
439.0,cctv3,C3_S001,G021,OCCUPIED,OCCUPIED,0.7991790625182066
439.0,cctv3,C3_S002,G019,EMPTY,EMPTY,0.01
439.0,cctv3,C3_S003,G020,OCCUPIED,LEAVING,0.7954299341548574
439.0,cctv3,C3_S004,G024,OCCUPIED,OCCUPIED,0.8272205369039016
439.0,cctv3,C3_S005,G025,OCCUPIED,OCCUPIED,0.8315235690637068
439.0,cctv3,C3_S006,G026,OCCUPIED,OCCUPIED,0.8271846717054194
439.0,cctv3,C3_S007,G027,OCCUPIED,LEAVING,0.5153061654930088
439.0,cctv3,C3_S008,G028,EMPTY,MANEUVERING,0.2221422676078297
439.0,cctv3,C3_S009,G029,EMPTY,MANEUVERING,0.435779566724192
439.0,cctv3,C3_S010,G007,OCCUPIED,OCCUPIED,0.51
439.0,cctv3,C3_S011,G008,OCCUPIED,OCCUPIED,0.7947818238626827
439.0,cctv3,C3_S012,G009,OCCUPIED,OCCUPIED,0.8276656121015549
440.0,cctv1,C1_S001,G001,OCCUPIED,OCCUPIED,0.7332143335179849
440.0,cctv1,C1_S002,G002,EMPTY,EMPTY,0.01
440.0,cctv1,C1_S003,G003,OCCUPIED,OCCUPIED,0.8377086162567139
440.0,cctv1,C1_S004,G004,OCCUPIED,OCCUPIED,0.763749978623607
440.0,cctv1,C1_S005,G005,OCCUPIED,LEAVING,0.780443941869519
440.0,cctv1,C1_S006,G006,EMPTY,EMPTY,0.01
440.0,cctv2,C2_S001,G007,OCCUPIED,OCCUPIED,0.7928112345662984
440.0,cctv2,C2_S002,G008,OCCUPIED,OCCUPIED,0.8271346867084504
440.0,cctv2,C2_S003,G009,EMPTY,EMPTY,0.01
440.0,cctv2,C2_S004,G010,OCCUPIED,OCCUPIED,0.7740191925655713
440.0,cctv2,C2_S005,G001,EMPTY,EMPTY,0.01
440.0,cctv2,C2_S006,G003,OCCUPIED,OCCUPIED,0.8194025738672778
440.0,cctv2,C2_S007,G004,OCCUPIED,OCCUPIED,0.7815780997276307
440.0,cctv2,C2_S008,G006,OCCUPIED,OCCUPIED,0.7644691467285157
440.0,cctv2,C2_S009,G005,OCCUPIED,OCCUPIED,0.8046181304888292
440.0,cctv2,C2_S010,G002,EMPTY,EMPTY,0.01
440.0,cctv2,C2_S011,G017,OCCUPIED,OCCUPIED,0.8080776883797213
440.0,cctv2,C2_S012,G018,EMPTY,EMPTY,0.01
440.0,cctv2,C2_S013,G019,OCCUPIED,OCCUPIED,0.8272985908118162
440.0,cctv2,C2_S014,G020,EMPTY,EMPTY,0.01
440.0,cctv3,C3_S001,G021,OCCUPIED,OCCUPIED,0.799903041124344
440.0,cctv3,C3_S002,G019,EMPTY,EMPTY,0.01
440.0,cctv3,C3_S003,G020,OCCUPIED,LEAVING,0.7954945705153726
440.0,cctv3,C3_S004,G024,OCCUPIED,OCCUPIED,0.8272439160130242
440.0,cctv3,C3_S005,G025,OCCUPIED,OCCUPIED,0.8315528831698679
440.0,cctv3,C3_S006,G026,OCCUPIED,OCCUPIED,0.8272757392037999
440.0,cctv3,C3_S007,G027,OCCUPIED,LEAVING,0.6010367609921731
440.0,cctv3,C3_S008,G028,EMPTY,MANEUVERING,0.1749604494260116
440.0,cctv3,C3_S009,G029,EMPTY,MANEUVERING,0.390779566724192
440.0,cctv3,C3_S010,G007,OCCUPIED,LEAVING,0.51
440.0,cctv3,C3_S011,G008,OCCUPIED,OCCUPIED,0.795461252602664
440.0,cctv3,C3_S012,G009,OCCUPIED,OCCUPIED,0.8275154148990458
441.0,cctv1,C1_S001,G001,OCCUPIED,OCCUPIED,0.7332732575860891
441.0,cctv1,C1_S002,G002,EMPTY,EMPTY,0.01
441.0,cctv1,C1_S003,G003,OCCUPIED,OCCUPIED,0.8378081554716285
441.0,cctv1,C1_S004,G004,OCCUPIED,OCCUPIED,0.7636755461042578
441.0,cctv1,C1_S005,G005,OCCUPIED,LEAVING,0.7780873952941462
441.0,cctv1,C1_S006,G006,EMPTY,EMPTY,0.01
441.0,cctv2,C2_S001,G007,OCCUPIED,OCCUPIED,0.7111111176420342
441.0,cctv2,C2_S002,G008,OCCUPIED,OCCUPIED,0.8274577222087167
441.0,cctv2,C2_S003,G009,EMPTY,EMPTY,0.01
441.0,cctv2,C2_S004,G010,OCCUPIED,OCCUPIED,0.7747861592607065
441.0,cctv2,C2_S005,G001,EMPTY,EMPTY,0.01
441.0,cctv2,C2_S006,G003,OCCUPIED,OCCUPIED,0.8190832390026613
441.0,cctv2,C2_S007,G004,OCCUPIED,OCCUPIED,0.7811580219052056
441.0,cctv2,C2_S008,G006,OCCUPIED,OCCUPIED,0.764136536961252
441.0,cctv2,C2_S009,G005,OCCUPIED,OCCUPIED,0.8044905199245974
441.0,cctv2,C2_S010,G002,EMPTY,EMPTY,0.01
441.0,cctv2,C2_S011,G017,OCCUPIED,OCCUPIED,0.807404794476249
441.0,cctv2,C2_S012,G018,EMPTY,EMPTY,0.01
441.0,cctv2,C2_S013,G019,OCCUPIED,OCCUPIED,0.8279100970788436
441.0,cctv2,C2_S014,G020,EMPTY,EMPTY,0.01
441.0,cctv3,C3_S001,G021,OCCUPIED,OCCUPIED,0.8003580778837205
441.0,cctv3,C3_S002,G019,EMPTY,EMPTY,0.01
441.0,cctv3,C3_S003,G020,OCCUPIED,LEAVING,0.7963956903327596
441.0,cctv3,C3_S004,G024,OCCUPIED,OCCUPIED,0.8274414956569672
441.0,cctv3,C3_S005,G025,OCCUPIED,OCCUPIED,0.8315645507790826
441.0,cctv3,C3_S006,G026,OCCUPIED,OCCUPIED,0.8273019330068069
441.0,cctv3,C3_S007,G027,OCCUPIED,LEAVING,0.6009870695932346
441.0,cctv3,C3_S008,G028,EMPTY,MANEUVERING,0.1749604494260116
441.0,cctv3,C3_S009,G029,EMPTY,MANEUVERING,0.3457795667241921
441.0,cctv3,C3_S010,G007,OCCUPIED,LEAVING,0.51
441.0,cctv3,C3_S011,G008,OCCUPIED,OCCUPIED,0.7956417798995973
441.0,cctv3,C3_S012,G009,OCCUPIED,OCCUPIED,0.8274673220786182
442.0,cctv1,C1_S001,G001,OCCUPIED,OCCUPIED,0.7336911112070085
442.0,cctv1,C1_S002,G002,EMPTY,EMPTY,0.01
442.0,cctv1,C1_S003,G003,OCCUPIED,OCCUPIED,0.8375919938087464
442.0,cctv1,C1_S004,G004,OCCUPIED,OCCUPIED,0.7634908321228895
442.0,cctv1,C1_S005,G005,OCCUPIED,LEAVING,0.7768537709658797
442.0,cctv1,C1_S006,G006,EMPTY,EMPTY,0.01
442.0,cctv2,C2_S001,G007,OCCUPIED,OCCUPIED,0.6289344055273317
442.0,cctv2,C2_S002,G008,OCCUPIED,OCCUPIED,0.8267154135487297
442.0,cctv2,C2_S003,G009,EMPTY,EMPTY,0.01
442.0,cctv2,C2_S004,G010,OCCUPIED,OCCUPIED,0.7715138589793986
442.0,cctv2,C2_S005,G001,EMPTY,EMPTY,0.01
442.0,cctv2,C2_S006,G003,OCCUPIED,OCCUPIED,0.818969245932319
442.0,cctv2,C2_S007,G004,OCCUPIED,OCCUPIED,0.7815087678757582
442.0,cctv2,C2_S008,G006,OCCUPIED,OCCUPIED,0.7642555701461706
442.0,cctv2,C2_S009,G005,OCCUPIED,OCCUPIED,0.8047532626173713
442.0,cctv2,C2_S010,G002,EMPTY,EMPTY,0.01
442.0,cctv2,C2_S011,G017,OCCUPIED,OCCUPIED,0.8066892412575809
442.0,cctv2,C2_S012,G018,EMPTY,EMPTY,0.01
442.0,cctv2,C2_S013,G019,OCCUPIED,OCCUPIED,0.8276750079610131
442.0,cctv2,C2_S014,G020,EMPTY,EMPTY,0.01
442.0,cctv3,C3_S001,G021,OCCUPIED,OCCUPIED,0.7997516930103302
442.0,cctv3,C3_S002,G019,EMPTY,EMPTY,0.01
442.0,cctv3,C3_S003,G020,OCCUPIED,LEAVING,0.7975971135226163
442.0,cctv3,C3_S004,G024,OCCUPIED,OCCUPIED,0.8275403269312599
442.0,cctv3,C3_S005,G025,OCCUPIED,OCCUPIED,0.8315794874321332
442.0,cctv3,C3_S006,G026,OCCUPIED,OCCUPIED,0.827310103990815
442.0,cctv3,C3_S007,G027,OCCUPIED,LEAVING,0.6461389327907201
442.0,cctv3,C3_S008,G028,EMPTY,MANEUVERING,0.1299604494260116
442.0,cctv3,C3_S009,G029,EMPTY,MANEUVERING,0.3923925135318528
442.0,cctv3,C3_S010,G007,OCCUPIED,LEAVING,0.51
442.0,cctv3,C3_S011,G008,OCCUPIED,OCCUPIED,0.7963197976350785
442.0,cctv3,C3_S012,G009,OCCUPIED,OCCUPIED,0.8274520725011826
443.0,cctv1,C1_S001,G001,OCCUPIED,OCCUPIED,0.7326121288267049
443.0,cctv1,C1_S002,G002,EMPTY,EMPTY,0.01
443.0,cctv1,C1_S003,G003,OCCUPIED,OCCUPIED,0.8377592726187273
443.0,cctv1,C1_S004,G004,OCCUPIED,OCCUPIED,0.7644200452349403
443.0,cctv1,C1_S005,G005,OCCUPIED,LEAVING,0.7778812951662324
443.0,cctv1,C1_S006,G006,EMPTY,EMPTY,0.01
443.0,cctv2,C2_S001,G007,OCCUPIED,OCCUPIED,0.5464893227917227
443.0,cctv2,C2_S002,G008,OCCUPIED,OCCUPIED,0.8263480338183317
443.0,cctv2,C2_S003,G009,EMPTY,EMPTY,0.01
443.0,cctv2,C2_S004,G010,OCCUPIED,OCCUPIED,0.7734151794151827
443.0,cctv2,C2_S005,G001,EMPTY,EMPTY,0.01
443.0,cctv2,C2_S006,G003,OCCUPIED,OCCUPIED,0.818446079438383
443.0,cctv2,C2_S007,G004,OCCUPIED,OCCUPIED,0.7806672418659384
443.0,cctv2,C2_S008,G006,OCCUPIED,OCCUPIED,0.7635199515656992
443.0,cctv2,C2_S009,G005,OCCUPIED,OCCUPIED,0.8033622657710856
443.0,cctv2,C2_S010,G002,EMPTY,EMPTY,0.01
443.0,cctv2,C2_S011,G017,OCCUPIED,OCCUPIED,0.8067404649474404
443.0,cctv2,C2_S012,G018,EMPTY,EMPTY,0.01
443.0,cctv2,C2_S013,G019,OCCUPIED,OCCUPIED,0.8277350333603947
443.0,cctv2,C2_S014,G020,EMPTY,EMPTY,0.01
443.0,cctv3,C3_S001,G021,OCCUPIED,OCCUPIED,0.7984060271219774
443.0,cctv3,C3_S002,G019,EMPTY,EMPTY,0.01
443.0,cctv3,C3_S003,G020,OCCUPIED,LEAVING,0.7977152323180979
443.0,cctv3,C3_S004,G024,OCCUPIED,OCCUPIED,0.8274917326190255
443.0,cctv3,C3_S005,G025,OCCUPIED,OCCUPIED,0.8315764898603614
443.0,cctv3,C3_S006,G026,OCCUPIED,OCCUPIED,0.827089237895879
443.0,cctv3,C3_S007,G027,OCCUPIED,LEAVING,0.648112184540792
443.0,cctv3,C3_S008,G028,EMPTY,MANEUVERING,0.1299604494260116
443.0,cctv3,C3_S009,G029,EMPTY,MANEUVERING,0.3473925135318528
443.0,cctv3,C3_S010,G007,OCCUPIED,LEAVING,0.51
443.0,cctv3,C3_S011,G008,OCCUPIED,OCCUPIED,0.7975897398861973
443.0,cctv3,C3_S012,G009,OCCUPIED,OCCUPIED,0.8275440121238883
444.0,cctv1,C1_S001,G001,OCCUPIED,OCCUPIED,0.7340574070811272
444.0,cctv1,C1_S002,G002,EMPTY,EMPTY,0.01
444.0,cctv1,C1_S003,G003,OCCUPIED,OCCUPIED,0.8379501004110683
444.0,cctv1,C1_S004,G004,OCCUPIED,OCCUPIED,0.7651990883729676
444.0,cctv1,C1_S005,G005,OCCUPIED,LEAVING,0.7767987661740997
444.0,cctv1,C1_S006,G006,EMPTY,EMPTY,0.01
444.0,cctv2,C2_S001,G007,OCCUPIED,OCCUPIED,0.5432201726836238
444.0,cctv2,C2_S002,G008,OCCUPIED,OCCUPIED,0.8264660794626584
444.0,cctv2,C2_S003,G009,EMPTY,EMPTY,0.01
444.0,cctv2,C2_S004,G010,OCCUPIED,OCCUPIED,0.7729464621706443
444.0,cctv2,C2_S005,G001,EMPTY,EMPTY,0.01
444.0,cctv2,C2_S006,G003,OCCUPIED,OCCUPIED,0.8179490490393205
444.0,cctv2,C2_S007,G004,OCCUPIED,OCCUPIED,0.7798200954090466
444.0,cctv2,C2_S008,G006,OCCUPIED,OCCUPIED,0.7641742431304672
444.0,cctv2,C2_S009,G005,OCCUPIED,OCCUPIED,0.8031495739113201
444.0,cctv2,C2_S010,G002,EMPTY,EMPTY,0.01
444.0,cctv2,C2_S011,G017,OCCUPIED,OCCUPIED,0.8066075249151751
444.0,cctv2,C2_S012,G018,EMPTY,EMPTY,0.01
444.0,cctv2,C2_S013,G019,OCCUPIED,OCCUPIED,0.8271701861511578
444.0,cctv2,C2_S014,G020,EMPTY,EMPTY,0.01
444.0,cctv3,C3_S001,G021,OCCUPIED,OCCUPIED,0.7976039190183987
444.0,cctv3,C3_S002,G019,EMPTY,EMPTY,0.01
444.0,cctv3,C3_S003,G020,OCCUPIED,LEAVING,0.7987702231515539
444.0,cctv3,C3_S004,G024,OCCUPIED,OCCUPIED,0.8271633847193285
444.0,cctv3,C3_S005,G025,OCCUPIED,OCCUPIED,0.8314787428487431
444.0,cctv3,C3_S006,G026,OCCUPIED,OCCUPIED,0.8272719719193199
444.0,cctv3,C3_S007,G027,OCCUPIED,LEAVING,0.6493390738828616
444.0,cctv3,C3_S008,G028,EMPTY,MANEUVERING,0.1299604494260116
444.0,cctv3,C3_S009,G029,EMPTY,MANEUVERING,0.3473925135318528
444.0,cctv3,C3_S010,G007,OCCUPIED,LEAVING,0.51
444.0,cctv3,C3_S011,G008,OCCUPIED,OCCUPIED,0.7986008741638878
444.0,cctv3,C3_S012,G009,OCCUPIED,OCCUPIED,0.8277846233411269
445.0,cctv1,C1_S001,G001,OCCUPIED,OCCUPIED,0.7327137146483769
445.0,cctv1,C1_S002,G002,EMPTY,EMPTY,0.01
445.0,cctv1,C1_S003,G003,OCCUPIED,OCCUPIED,0.8378195572983136
445.0,cctv1,C1_S004,G004,OCCUPIED,OCCUPIED,0.7655494978482074
445.0,cctv1,C1_S005,G005,OCCUPIED,LEAVING,0.7762641165744175
445.0,cctv1,C1_S006,G006,EMPTY,EMPTY,0.01
445.0,cctv2,C2_S001,G007,OCCUPIED,OCCUPIED,0.5838768543032083
445.0,cctv2,C2_S002,G008,OCCUPIED,OCCUPIED,0.8266876404935664
445.0,cctv2,C2_S003,G009,EMPTY,EMPTY,0.01
445.0,cctv2,C2_S004,G010,OCCUPIED,OCCUPIED,0.7732412861152129
445.0,cctv2,C2_S005,G001,EMPTY,EMPTY,0.01
445.0,cctv2,C2_S006,G003,OCCUPIED,OCCUPIED,0.8179896438663656
445.0,cctv2,C2_S007,G004,OCCUPIED,OCCUPIED,0.779555878314105
445.0,cctv2,C2_S008,G006,OCCUPIED,OCCUPIED,0.7643125374208798
445.0,cctv2,C2_S009,G005,OCCUPIED,OCCUPIED,0.8024190750989048
445.0,cctv2,C2_S010,G002,EMPTY,EMPTY,0.01
445.0,cctv2,C2_S011,G017,OCCUPIED,OCCUPIED,0.8069981854070317
445.0,cctv2,C2_S012,G018,EMPTY,EMPTY,0.01
445.0,cctv2,C2_S013,G019,OCCUPIED,OCCUPIED,0.8265611304478213
445.0,cctv2,C2_S014,G020,EMPTY,EMPTY,0.01
445.0,cctv3,C3_S001,G021,OCCUPIED,OCCUPIED,0.7973493773828854
445.0,cctv3,C3_S002,G019,EMPTY,EMPTY,0.01
445.0,cctv3,C3_S003,G020,OCCUPIED,LEAVING,0.8008300475098871
445.0,cctv3,C3_S004,G024,OCCUPIED,OCCUPIED,0.8268319734118202
445.0,cctv3,C3_S005,G025,OCCUPIED,OCCUPIED,0.8315429630604658
445.0,cctv3,C3_S006,G026,OCCUPIED,OCCUPIED,0.8273786953904413
445.0,cctv3,C3_S007,G027,OCCUPIED,LEAVING,0.6486486357811726
445.0,cctv3,C3_S008,G028,EMPTY,MANEUVERING,0.1299604494260116
445.0,cctv3,C3_S009,G029,EMPTY,MANEUVERING,0.3009455183487047
445.0,cctv3,C3_S010,G007,OCCUPIED,LEAVING,0.51
445.0,cctv3,C3_S011,G008,OCCUPIED,OCCUPIED,0.7991131858392195
445.0,cctv3,C3_S012,G009,OCCUPIED,OCCUPIED,0.8280568220398643
446.0,cctv1,C1_S001,G001,OCCUPIED,OCCUPIED,0.7334059958430854
446.0,cctv1,C1_S002,G002,EMPTY,EMPTY,0.01
446.0,cctv1,C1_S003,G003,OCCUPIED,OCCUPIED,0.8381042152643204
446.0,cctv1,C1_S004,G004,OCCUPIED,OCCUPIED,0.766270014372739
446.0,cctv1,C1_S005,G005,OCCUPIED,LEAVING,0.7788195635784757
446.0,cctv1,C1_S006,G006,EMPTY,EMPTY,0.01
446.0,cctv2,C2_S001,G007,OCCUPIED,OCCUPIED,0.6263465203446421
446.0,cctv2,C2_S002,G008,OCCUPIED,OCCUPIED,0.8264622682874854
446.0,cctv2,C2_S003,G009,EMPTY,EMPTY,0.01
446.0,cctv2,C2_S004,G010,OCCUPIED,OCCUPIED,0.7745561821894212
446.0,cctv2,C2_S005,G001,EMPTY,EMPTY,0.01
446.0,cctv2,C2_S006,G003,OCCUPIED,OCCUPIED,0.8176126057451423
446.0,cctv2,C2_S007,G004,OCCUPIED,OCCUPIED,0.7786547629670664
446.0,cctv2,C2_S008,G006,OCCUPIED,OCCUPIED,0.7627489948814566
446.0,cctv2,C2_S009,G005,OCCUPIED,OCCUPIED,0.8024249336936258
446.0,cctv2,C2_S010,G002,EMPTY,EMPTY,0.01
446.0,cctv2,C2_S011,G017,OCCUPIED,OCCUPIED,0.8071935038674962
446.0,cctv2,C2_S012,G018,EMPTY,EMPTY,0.01
446.0,cctv2,C2_S013,G019,OCCUPIED,OCCUPIED,0.8263864690607245
446.0,cctv2,C2_S014,G020,EMPTY,EMPTY,0.01
446.0,cctv3,C3_S001,G021,OCCUPIED,OCCUPIED,0.7962615611878309
446.0,cctv3,C3_S002,G019,EMPTY,EMPTY,0.01
446.0,cctv3,C3_S003,G020,OCCUPIED,LEAVING,0.7991929571736943
446.0,cctv3,C3_S004,G024,OCCUPIED,OCCUPIED,0.8269997333938426
446.0,cctv3,C3_S005,G025,OCCUPIED,OCCUPIED,0.8315516704862769
446.0,cctv3,C3_S006,G026,OCCUPIED,OCCUPIED,0.8272897370836952
446.0,cctv3,C3_S007,G027,OCCUPIED,LEAVING,0.6493559241159396
446.0,cctv3,C3_S008,G028,EMPTY,MANEUVERING,0.1299604494260116
446.0,cctv3,C3_S009,G029,EMPTY,MANEUVERING,0.3466659314219247
446.0,cctv3,C3_S010,G007,OCCUPIED,LEAVING,0.51
446.0,cctv3,C3_S011,G008,OCCUPIED,OCCUPIED,0.7988315417007967
446.0,cctv3,C3_S012,G009,OCCUPIED,OCCUPIED,0.8284402698278428
447.0,cctv1,C1_S001,G001,OCCUPIED,OCCUPIED,0.7351889865642245
447.0,cctv1,C1_S002,G002,EMPTY,EMPTY,0.01
447.0,cctv1,C1_S003,G003,OCCUPIED,OCCUPIED,0.8382164965976369
447.0,cctv1,C1_S004,G004,OCCUPIED,OCCUPIED,0.7664866913448681
447.0,cctv1,C1_S005,G005,OCCUPIED,LEAVING,0.7791191037405621
447.0,cctv1,C1_S006,G006,EMPTY,EMPTY,0.01
447.0,cctv2,C2_S001,G007,OCCUPIED,OCCUPIED,0.6721137449991974
447.0,cctv2,C2_S002,G008,OCCUPIED,OCCUPIED,0.8269175163724206
447.0,cctv2,C2_S003,G009,EMPTY,EMPTY,0.01
447.0,cctv2,C2_S004,G010,OCCUPIED,OCCUPIED,0.7746321065859362
447.0,cctv2,C2_S005,G001,EMPTY,EMPTY,0.01
447.0,cctv2,C2_S006,G003,OCCUPIED,OCCUPIED,0.8167316333814101
447.0,cctv2,C2_S007,G004,OCCUPIED,OCCUPIED,0.7776442923329094
447.0,cctv2,C2_S008,G006,OCCUPIED,OCCUPIED,0.762774821709503
447.0,cctv2,C2_S009,G005,OCCUPIED,OCCUPIED,0.8022501341321252
447.0,cctv2,C2_S010,G002,EMPTY,EMPTY,0.01
447.0,cctv2,C2_S011,G017,OCCUPIED,OCCUPIED,0.8070672782984647
447.0,cctv2,C2_S012,G018,EMPTY,EMPTY,0.01
447.0,cctv2,C2_S013,G019,OCCUPIED,OCCUPIED,0.8287622893398459
447.0,cctv2,C2_S014,G020,EMPTY,EMPTY,0.01
447.0,cctv3,C3_S001,G021,OCCUPIED,OCCUPIED,0.7946910562840376
447.0,cctv3,C3_S002,G019,EMPTY,EMPTY,0.01
447.0,cctv3,C3_S003,G020,OCCUPIED,LEAVING,0.8007382867011158
447.0,cctv3,C3_S004,G024,OCCUPIED,OCCUPIED,0.8270114099437541
447.0,cctv3,C3_S005,G025,OCCUPIED,OCCUPIED,0.8316266081549906
447.0,cctv3,C3_S006,G026,OCCUPIED,OCCUPIED,0.8271965173157779
447.0,cctv3,C3_S007,G027,OCCUPIED,LEAVING,0.6968764230541209
447.0,cctv3,C3_S008,G028,EMPTY,MANEUVERING,0.0808869663693688
447.0,cctv3,C3_S009,G029,EMPTY,MANEUVERING,0.2989007228951562
447.0,cctv3,C3_S010,G007,OCCUPIED,LEAVING,0.51
447.0,cctv3,C3_S011,G008,OCCUPIED,OCCUPIED,0.7986929373307662
447.0,cctv3,C3_S012,G009,OCCUPIED,OCCUPIED,0.8284934238954025
448.0,cctv1,C1_S001,G001,OCCUPIED,OCCUPIED,0.7372985730117019
448.0,cctv1,C1_S002,G002,EMPTY,EMPTY,0.01
448.0,cctv1,C1_S003,G003,OCCUPIED,OCCUPIED,0.8385415315628052
448.0,cctv1,C1_S004,G004,OCCUPIED,OCCUPIED,0.7673979535698892
448.0,cctv1,C1_S005,G005,OCCUPIED,LEAVING,0.779922050644051
448.0,cctv1,C1_S006,G006,EMPTY,EMPTY,0.01
448.0,cctv2,C2_S001,G007,OCCUPIED,OCCUPIED,0.6762409913268956
448.0,cctv2,C2_S002,G008,OCCUPIED,OCCUPIED,0.8271740566600454
448.0,cctv2,C2_S003,G009,EMPTY,EMPTY,0.01
448.0,cctv2,C2_S004,G010,OCCUPIED,OCCUPIED,0.7737737460569902
448.0,cctv2,C2_S005,G001,EMPTY,EMPTY,0.01
448.0,cctv2,C2_S006,G003,OCCUPIED,OCCUPIED,0.8160394503311678
448.0,cctv2,C2_S007,G004,OCCUPIED,OCCUPIED,0.7763855674050072
448.0,cctv2,C2_S008,G006,OCCUPIED,OCCUPIED,0.764347802373496
448.0,cctv2,C2_S009,G005,OCCUPIED,OCCUPIED,0.8016152316873725
448.0,cctv2,C2_S010,G002,EMPTY,EMPTY,0.01
448.0,cctv2,C2_S011,G017,OCCUPIED,OCCUPIED,0.8065856234593826
448.0,cctv2,C2_S012,G018,EMPTY,EMPTY,0.01
448.0,cctv2,C2_S013,G019,OCCUPIED,OCCUPIED,0.8285306952216409
448.0,cctv2,C2_S014,G020,EMPTY,EMPTY,0.01
448.0,cctv3,C3_S001,G021,OCCUPIED,OCCUPIED,0.7957433267073198
448.0,cctv3,C3_S002,G019,EMPTY,EMPTY,0.01
448.0,cctv3,C3_S003,G020,OCCUPIED,LEAVING,0.7966057471253656
448.0,cctv3,C3_S004,G024,OCCUPIED,OCCUPIED,0.8272535646503623
448.0,cctv3,C3_S005,G025,OCCUPIED,OCCUPIED,0.8316533107649197
448.0,cctv3,C3_S006,G026,OCCUPIED,OCCUPIED,0.8268426599827681
448.0,cctv3,C3_S007,G027,OCCUPIED,OCCUPIED,0.6977340540222148
448.0,cctv3,C3_S008,G028,EMPTY,MANEUVERING,0.0808869663693688
448.0,cctv3,C3_S009,G029,EMPTY,MANEUVERING,0.2501109100962905
448.0,cctv3,C3_S010,G007,OCCUPIED,LEAVING,0.5279265798144527
448.0,cctv3,C3_S011,G008,OCCUPIED,OCCUPIED,0.7987303013151343
448.0,cctv3,C3_S012,G009,OCCUPIED,OCCUPIED,0.8286830105564812
449.0,cctv1,C1_S001,G001,OCCUPIED,OCCUPIED,0.7372262856499716
449.0,cctv1,C1_S002,G002,EMPTY,EMPTY,0.01
449.0,cctv1,C1_S003,G003,OCCUPIED,OCCUPIED,0.8385312261906538
449.0,cctv1,C1_S004,G004,OCCUPIED,OCCUPIED,0.769370223717256
449.0,cctv1,C1_S005,G005,OCCUPIED,OCCUPIED,0.7798773024569858
449.0,cctv1,C1_S006,G006,EMPTY,EMPTY,0.01
449.0,cctv2,C2_S001,G007,OCCUPIED,OCCUPIED,0.6714713240888986
449.0,cctv2,C2_S002,G008,OCCUPIED,OCCUPIED,0.8273150433193555
449.0,cctv2,C2_S003,G009,EMPTY,EMPTY,0.01
449.0,cctv2,C2_S004,G010,OCCUPIED,OCCUPIED,0.7725148707628251
449.0,cctv2,C2_S005,G001,EMPTY,EMPTY,0.01
449.0,cctv2,C2_S006,G003,OCCUPIED,OCCUPIED,0.8160527695309032
449.0,cctv2,C2_S007,G004,OCCUPIED,OCCUPIED,0.7761709988117219
449.0,cctv2,C2_S008,G006,OCCUPIED,OCCUPIED,0.7626970112323762
449.0,cctv2,C2_S009,G005,OCCUPIED,OCCUPIED,0.8003667568618602
449.0,cctv2,C2_S010,G002,EMPTY,EMPTY,0.01
449.0,cctv2,C2_S011,G017,OCCUPIED,OCCUPIED,0.8065451188520952
449.0,cctv2,C2_S012,G018,EMPTY,EMPTY,0.01
449.0,cctv2,C2_S013,G019,OCCUPIED,OCCUPIED,0.8283817448399284
449.0,cctv2,C2_S014,G020,EMPTY,EMPTY,0.01
449.0,cctv3,C3_S001,G021,OCCUPIED,OCCUPIED,0.7956956167112698
449.0,cctv3,C3_S002,G019,EMPTY,EMPTY,0.01
449.0,cctv3,C3_S003,G020,OCCUPIED,LEAVING,0.7991674851287496
449.0,cctv3,C3_S004,G024,OCCUPIED,OCCUPIED,0.8270044101910159
449.0,cctv3,C3_S005,G025,OCCUPIED,OCCUPIED,0.8316264301538467
449.0,cctv3,C3_S006,G026,OCCUPIED,OCCUPIED,0.82679979828271
449.0,cctv3,C3_S007,G027,OCCUPIED,OCCUPIED,0.7443111538209699
449.0,cctv3,C3_S008,G028,EMPTY,EMPTY,0.01
449.0,cctv3,C3_S009,G029,EMPTY,MANEUVERING,0.201647106280381
449.0,cctv3,C3_S010,G007,OCCUPIED,LEAVING,0.5747060961073095
449.0,cctv3,C3_S011,G008,OCCUPIED,OCCUPIED,0.79749204733155
449.0,cctv3,C3_S012,G009,OCCUPIED,OCCUPIED,0.8283706884492528
450.0,cctv1,C1_S001,G001,OCCUPIED,OCCUPIED,0.7366357459263368
450.0,cctv1,C1_S002,G002,EMPTY,EMPTY,0.01
450.0,cctv1,C1_S003,G003,OCCUPIED,OCCUPIED,0.838516504927115
450.0,cctv1,C1_S004,G004,OCCUPIED,OCCUPIED,0.7696348211982034
450.0,cctv1,C1_S005,G005,OCCUPIED,OCCUPIED,0.7800581605596977
450.0,cctv1,C1_S006,G006,EMPTY,EMPTY,0.01
450.0,cctv2,C2_S001,G007,OCCUPIED,OCCUPIED,0.6711799903688106
450.0,cctv2,C2_S002,G008,OCCUPIED,OCCUPIED,0.8275803024118598
450.0,cctv2,C2_S003,G009,EMPTY,EMPTY,0.01
450.0,cctv2,C2_S004,G010,OCCUPIED,OCCUPIED,0.7745174909179862
450.0,cctv2,C2_S005,G001,EMPTY,EMPTY,0.01
450.0,cctv2,C2_S006,G003,OCCUPIED,OCCUPIED,0.8159203049811451
450.0,cctv2,C2_S007,G004,OCCUPIED,OCCUPIED,0.7749377910386432
450.0,cctv2,C2_S008,G006,OCCUPIED,OCCUPIED,0.7629166577350011
450.0,cctv2,C2_S009,G005,OCCUPIED,OCCUPIED,0.7994540035724641
450.0,cctv2,C2_S010,G002,EMPTY,EMPTY,0.01
450.0,cctv2,C2_S011,G017,OCCUPIED,OCCUPIED,0.8067563671957363
450.0,cctv2,C2_S012,G018,EMPTY,EMPTY,0.01
450.0,cctv2,C2_S013,G019,OCCUPIED,OCCUPIED,0.8259347899393603
450.0,cctv2,C2_S014,G020,EMPTY,EMPTY,0.01
450.0,cctv3,C3_S001,G021,OCCUPIED,OCCUPIED,0.7954173237085344
450.0,cctv3,C3_S002,G019,EMPTY,EMPTY,0.01
450.0,cctv3,C3_S003,G020,OCCUPIED,LEAVING,0.799545001170852
450.0,cctv3,C3_S004,G024,OCCUPIED,OCCUPIED,0.8266941476951947
450.0,cctv3,C3_S005,G025,OCCUPIED,OCCUPIED,0.8315774375742133
450.0,cctv3,C3_S006,G026,OCCUPIED,OCCUPIED,0.8266163433139975
450.0,cctv3,C3_S007,G027,OCCUPIED,OCCUPIED,0.7438316305252639
450.0,cctv3,C3_S008,G028,EMPTY,EMPTY,0.01
450.0,cctv3,C3_S009,G029,EMPTY,MANEUVERING,0.1074080767245455
450.0,cctv3,C3_S010,G007,OCCUPIED,LEAVING,0.6674586467309431
450.0,cctv3,C3_S011,G008,OCCUPIED,OCCUPIED,0.7978185095570305
450.0,cctv3,C3_S012,G009,OCCUPIED,OCCUPIED,0.8284408842975444
451.0,cctv1,C1_S001,G001,OCCUPIED,OCCUPIED,0.7365263825113124
451.0,cctv1,C1_S002,G002,EMPTY,EMPTY,0.01
451.0,cctv1,C1_S003,G003,OCCUPIED,OCCUPIED,0.8384919480843978
451.0,cctv1,C1_S004,G004,OCCUPIED,OCCUPIED,0.7702129664746198
451.0,cctv1,C1_S005,G005,OCCUPIED,OCCUPIED,0.781689229336652
451.0,cctv1,C1_S006,G006,EMPTY,EMPTY,0.01
451.0,cctv2,C2_S001,G007,OCCUPIED,OCCUPIED,0.6685679144141349
451.0,cctv2,C2_S002,G008,OCCUPIED,OCCUPIED,0.8273792204531757
451.0,cctv2,C2_S003,G009,EMPTY,EMPTY,0.01
451.0,cctv2,C2_S004,G010,OCCUPIED,OCCUPIED,0.7727064780213617
451.0,cctv2,C2_S005,G001,EMPTY,EMPTY,0.01
451.0,cctv2,C2_S006,G003,OCCUPIED,OCCUPIED,0.8158700127493252
451.0,cctv2,C2_S007,G004,OCCUPIED,OCCUPIED,0.7737115866758607
451.0,cctv2,C2_S008,G006,OCCUPIED,OCCUPIED,0.761833626438271
451.0,cctv2,C2_S009,G005,OCCUPIED,OCCUPIED,0.7991158696738156
451.0,cctv2,C2_S010,G002,EMPTY,EMPTY,0.01
451.0,cctv2,C2_S011,G017,OCCUPIED,OCCUPIED,0.8065704933621667
451.0,cctv2,C2_S012,G018,EMPTY,EMPTY,0.01
451.0,cctv2,C2_S013,G019,OCCUPIED,OCCUPIED,0.8255667315288024
451.0,cctv2,C2_S014,G020,EMPTY,EMPTY,0.01
451.0,cctv3,C3_S001,G021,OCCUPIED,OCCUPIED,0.7950678668238901
451.0,cctv3,C3_S002,G019,EMPTY,EMPTY,0.01
451.0,cctv3,C3_S003,G020,OCCUPIED,LEAVING,0.7980051002719186
451.0,cctv3,C3_S004,G024,OCCUPIED,OCCUPIED,0.8265661445530978
451.0,cctv3,C3_S005,G025,OCCUPIED,OCCUPIED,0.8315187451514332
451.0,cctv3,C3_S006,G026,OCCUPIED,OCCUPIED,0.8265578695318916
451.0,cctv3,C3_S007,G027,OCCUPIED,OCCUPIED,0.7401530715890907
451.0,cctv3,C3_S008,G028,EMPTY,EMPTY,0.01
451.0,cctv3,C3_S009,G029,EMPTY,MANEUVERING,0.1074080767245455
451.0,cctv3,C3_S010,G007,OCCUPIED,LEAVING,0.6658659063144163
451.0,cctv3,C3_S011,G008,OCCUPIED,OCCUPIED,0.7967142367904837
451.0,cctv3,C3_S012,G009,OCCUPIED,OCCUPIED,0.8282411848956889
452.0,cctv1,C1_S001,G001,OCCUPIED,OCCUPIED,0.7350419874895704
452.0,cctv1,C1_S002,G002,EMPTY,EMPTY,0.01
452.0,cctv1,C1_S003,G003,OCCUPIED,OCCUPIED,0.8383868469433351
452.0,cctv1,C1_S004,G004,OCCUPIED,OCCUPIED,0.7703097901561045
452.0,cctv1,C1_S005,G005,OCCUPIED,OCCUPIED,0.7806968684900891
452.0,cctv1,C1_S006,G006,EMPTY,EMPTY,0.01
452.0,cctv2,C2_S001,G007,OCCUPIED,OCCUPIED,0.7087479007063491
452.0,cctv2,C2_S002,G008,OCCUPIED,OCCUPIED,0.8274506549943578
452.0,cctv2,C2_S003,G009,EMPTY,EMPTY,0.01
452.0,cctv2,C2_S004,G010,OCCUPIED,OCCUPIED,0.7716060196811503
452.0,cctv2,C2_S005,G001,EMPTY,EMPTY,0.01
452.0,cctv2,C2_S006,G003,OCCUPIED,OCCUPIED,0.8161021075465463
452.0,cctv2,C2_S007,G004,OCCUPIED,OCCUPIED,0.7732610641555353
452.0,cctv2,C2_S008,G006,OCCUPIED,OCCUPIED,0.7611275239424272
452.0,cctv2,C2_S009,G005,OCCUPIED,OCCUPIED,0.8001200220801614
452.0,cctv2,C2_S010,G002,EMPTY,EMPTY,0.01
452.0,cctv2,C2_S011,G017,OCCUPIED,OCCUPIED,0.8072493946010417
452.0,cctv2,C2_S012,G018,EMPTY,EMPTY,0.01
452.0,cctv2,C2_S013,G019,OCCUPIED,OCCUPIED,0.8243185696276752
452.0,cctv2,C2_S014,G020,EMPTY,EMPTY,0.01
452.0,cctv3,C3_S001,G021,OCCUPIED,OCCUPIED,0.7942993667992679
452.0,cctv3,C3_S002,G019,EMPTY,EMPTY,0.01
452.0,cctv3,C3_S003,G020,OCCUPIED,LEAVING,0.7969132380052046
452.0,cctv3,C3_S004,G024,OCCUPIED,OCCUPIED,0.826378849961541
452.0,cctv3,C3_S005,G025,OCCUPIED,OCCUPIED,0.8314392875541341
452.0,cctv3,C3_S006,G026,OCCUPIED,OCCUPIED,0.8267045156522231
452.0,cctv3,C3_S007,G027,OCCUPIED,OCCUPIED,0.739672891152176
452.0,cctv3,C3_S008,G028,EMPTY,EMPTY,0.01
452.0,cctv3,C3_S009,G029,EMPTY,MANEUVERING,0.2002126024121587
452.0,cctv3,C3_S010,G007,OCCUPIED,LEAVING,0.5734832317551428
452.0,cctv3,C3_S011,G008,OCCUPIED,OCCUPIED,0.7978779082948512
452.0,cctv3,C3_S012,G009,OCCUPIED,OCCUPIED,0.8282372176647187
453.0,cctv1,C1_S001,G001,OCCUPIED,OCCUPIED,0.7347500948743387
453.0,cctv1,C1_S002,G002,EMPTY,EMPTY,0.01
453.0,cctv1,C1_S003,G003,OCCUPIED,OCCUPIED,0.8387190881100568
453.0,cctv1,C1_S004,G004,OCCUPIED,OCCUPIED,0.7716490902683952
453.0,cctv1,C1_S005,G005,OCCUPIED,OCCUPIED,0.7818117953159593
453.0,cctv1,C1_S006,G006,EMPTY,EMPTY,0.01
453.0,cctv2,C2_S001,G007,OCCUPIED,OCCUPIED,0.7475973137129437
453.0,cctv2,C2_S002,G008,OCCUPIED,OCCUPIED,0.828631708838723
453.0,cctv2,C2_S003,G009,EMPTY,EMPTY,0.01
453.0,cctv2,C2_S004,G010,OCCUPIED,OCCUPIED,0.7740804871374911
453.0,cctv2,C2_S005,G001,EMPTY,EMPTY,0.01
453.0,cctv2,C2_S006,G003,OCCUPIED,OCCUPIED,0.8163755798881704
453.0,cctv2,C2_S007,G004,OCCUPIED,OCCUPIED,0.7725788231600416
453.0,cctv2,C2_S008,G006,OCCUPIED,OCCUPIED,0.7608447605913337
453.0,cctv2,C2_S009,G005,OCCUPIED,OCCUPIED,0.7992606658827175
453.0,cctv2,C2_S010,G002,EMPTY,EMPTY,0.01
453.0,cctv2,C2_S011,G017,OCCUPIED,OCCUPIED,0.807250642234629
453.0,cctv2,C2_S012,G018,EMPTY,EMPTY,0.01
453.0,cctv2,C2_S013,G019,OCCUPIED,OCCUPIED,0.8240576110102914
453.0,cctv2,C2_S014,G020,EMPTY,EMPTY,0.01
453.0,cctv3,C3_S001,G021,OCCUPIED,OCCUPIED,0.7957421676679092
453.0,cctv3,C3_S002,G019,EMPTY,EMPTY,0.01
453.0,cctv3,C3_S003,G020,OCCUPIED,LEAVING,0.7979857485402715
453.0,cctv3,C3_S004,G024,OCCUPIED,OCCUPIED,0.8264747283675454
453.0,cctv3,C3_S005,G025,OCCUPIED,OCCUPIED,0.8314775838093325
453.0,cctv3,C3_S006,G026,OCCUPIED,OCCUPIED,0.8265677002343266
453.0,cctv3,C3_S007,G027,OCCUPIED,OCCUPIED,0.739181082119996
453.0,cctv3,C3_S008,G028,EMPTY,EMPTY,0.01
453.0,cctv3,C3_S009,G029,EMPTY,MANEUVERING,0.1519084616513415
453.0,cctv3,C3_S010,G007,OCCUPIED,LEAVING,0.6219858244422711
453.0,cctv3,C3_S011,G008,OCCUPIED,OCCUPIED,0.798142208294435
453.0,cctv3,C3_S012,G009,OCCUPIED,OCCUPIED,0.8283090764825995
454.0,cctv1,C1_S001,G001,OCCUPIED,OCCUPIED,0.7348076873882251
454.0,cctv1,C1_S002,G002,EMPTY,EMPTY,0.01
454.0,cctv1,C1_S003,G003,OCCUPIED,OCCUPIED,0.8387741010297429
454.0,cctv1,C1_S004,G004,OCCUPIED,OCCUPIED,0.771137041530826
454.0,cctv1,C1_S005,G005,OCCUPIED,OCCUPIED,0.7823166089979086
454.0,cctv1,C1_S006,G006,EMPTY,EMPTY,0.01
454.0,cctv2,C2_S001,G007,OCCUPIED,OCCUPIED,0.7856372955170545
454.0,cctv2,C2_S002,G008,OCCUPIED,OCCUPIED,0.8289555660702966
454.0,cctv2,C2_S003,G009,EMPTY,EMPTY,0.01
454.0,cctv2,C2_S004,G010,OCCUPIED,OCCUPIED,0.7724385716698388
454.0,cctv2,C2_S005,G001,EMPTY,EMPTY,0.01
454.0,cctv2,C2_S006,G003,OCCUPIED,OCCUPIED,0.8168612474744971
454.0,cctv2,C2_S007,G004,OCCUPIED,OCCUPIED,0.7733787546103652
454.0,cctv2,C2_S008,G006,OCCUPIED,OCCUPIED,0.761746507883072
454.0,cctv2,C2_S009,G005,OCCUPIED,OCCUPIED,0.7996475387703289
454.0,cctv2,C2_S010,G002,EMPTY,EMPTY,0.01
454.0,cctv2,C2_S011,G017,OCCUPIED,OCCUPIED,0.8074150909077038
454.0,cctv2,C2_S012,G018,EMPTY,EMPTY,0.01
454.0,cctv2,C2_S013,G019,OCCUPIED,OCCUPIED,0.8201986746354537
454.0,cctv2,C2_S014,G020,EMPTY,EMPTY,0.01
454.0,cctv3,C3_S001,G021,OCCUPIED,OCCUPIED,0.7966682539744812
454.0,cctv3,C3_S002,G019,EMPTY,EMPTY,0.01
454.0,cctv3,C3_S003,G020,OCCUPIED,LEAVING,0.7981587632135912
454.0,cctv3,C3_S004,G024,OCCUPIED,OCCUPIED,0.826559269157323
454.0,cctv3,C3_S005,G025,OCCUPIED,OCCUPIED,0.8315221068533984
454.0,cctv3,C3_S006,G026,OCCUPIED,OCCUPIED,0.8264211597767743
454.0,cctv3,C3_S007,G027,OCCUPIED,OCCUPIED,0.7373517763546923
454.0,cctv3,C3_S008,G028,EMPTY,EMPTY,0.01
454.0,cctv3,C3_S009,G029,EMPTY,MANEUVERING,0.1519084616513415
454.0,cctv3,C3_S010,G007,OCCUPIED,LEAVING,0.6214849214120346
454.0,cctv3,C3_S011,G008,OCCUPIED,OCCUPIED,0.7978488802909852
454.0,cctv3,C3_S012,G009,OCCUPIED,OCCUPIED,0.8283190274780448
455.0,cctv1,C1_S001,G001,OCCUPIED,OCCUPIED,0.7336611482907426
455.0,cctv1,C1_S002,G002,EMPTY,EMPTY,0.01
455.0,cctv1,C1_S003,G003,OCCUPIED,OCCUPIED,0.838689767501571
455.0,cctv1,C1_S004,G004,OCCUPIED,OCCUPIED,0.7701637182723393
455.0,cctv1,C1_S005,G005,OCCUPIED,OCCUPIED,0.7835511647842148
455.0,cctv1,C1_S006,G006,EMPTY,EMPTY,0.01
455.0,cctv2,C2_S001,G007,OCCUPIED,OCCUPIED,0.7865054387937893
455.0,cctv2,C2_S002,G008,OCCUPIED,OCCUPIED,0.828959313847802
455.0,cctv2,C2_S003,G009,EMPTY,EMPTY,0.01
455.0,cctv2,C2_S004,G010,OCCUPIED,OCCUPIED,0.7731487486850133
455.0,cctv2,C2_S005,G001,EMPTY,EMPTY,0.01
455.0,cctv2,C2_S006,G003,OCCUPIED,OCCUPIED,0.8168451387773861
455.0,cctv2,C2_S007,G004,OCCUPIED,OCCUPIED,0.7735853456638077
455.0,cctv2,C2_S008,G006,OCCUPIED,OCCUPIED,0.7617697536945344
455.0,cctv2,C2_S009,G005,OCCUPIED,OCCUPIED,0.8002117251807994
455.0,cctv2,C2_S010,G002,EMPTY,EMPTY,0.01
455.0,cctv2,C2_S011,G017,OCCUPIED,OCCUPIED,0.8070208395069296
455.0,cctv2,C2_S012,G018,EMPTY,EMPTY,0.01
455.0,cctv2,C2_S013,G019,OCCUPIED,OCCUPIED,0.8205388153141195
455.0,cctv2,C2_S014,G020,EMPTY,EMPTY,0.01
455.0,cctv3,C3_S001,G021,OCCUPIED,OCCUPIED,0.7973366978493605
455.0,cctv3,C3_S002,G019,EMPTY,EMPTY,0.01
455.0,cctv3,C3_S003,G020,OCCUPIED,LEAVING,0.7965520102869381
455.0,cctv3,C3_S004,G024,OCCUPIED,OCCUPIED,0.8266294544393367
455.0,cctv3,C3_S005,G025,OCCUPIED,OCCUPIED,0.8316560799425299
455.0,cctv3,C3_S006,G026,OCCUPIED,OCCUPIED,0.8263880385593936
455.0,cctv3,C3_S007,G027,OCCUPIED,OCCUPIED,0.6552435591850768
455.0,cctv3,C3_S008,G028,EMPTY,EMPTY,0.01
455.0,cctv3,C3_S009,G029,EMPTY,MANEUVERING,0.1519084616513415
455.0,cctv3,C3_S010,G007,OCCUPIED,LEAVING,0.619838965471947
455.0,cctv3,C3_S011,G008,OCCUPIED,OCCUPIED,0.7971606522798539
455.0,cctv3,C3_S012,G009,OCCUPIED,OCCUPIED,0.827695695920424
456.0,cctv1,C1_S001,G001,OCCUPIED,OCCUPIED,0.733925913612951
456.0,cctv1,C1_S002,G002,EMPTY,EMPTY,0.01
456.0,cctv1,C1_S003,G003,OCCUPIED,OCCUPIED,0.8388494434681806
456.0,cctv1,C1_S004,G004,OCCUPIED,OCCUPIED,0.769260734319687
456.0,cctv1,C1_S005,G005,OCCUPIED,OCCUPIED,0.7841798225587066
456.0,cctv1,C1_S006,G006,EMPTY,EMPTY,0.01
456.0,cctv2,C2_S001,G007,OCCUPIED,OCCUPIED,0.7873891401019963
456.0,cctv2,C2_S002,G008,OCCUPIED,OCCUPIED,0.826658621430397
456.0,cctv2,C2_S003,G009,EMPTY,EMPTY,0.01
456.0,cctv2,C2_S004,G010,OCCUPIED,OCCUPIED,0.771460201794451
456.0,cctv2,C2_S005,G001,EMPTY,EMPTY,0.01
456.0,cctv2,C2_S006,G003,OCCUPIED,OCCUPIED,0.8165442420677705
456.0,cctv2,C2_S007,G004,OCCUPIED,OCCUPIED,0.7735535663637249
456.0,cctv2,C2_S008,G006,OCCUPIED,OCCUPIED,0.7626810187643225
456.0,cctv2,C2_S009,G005,OCCUPIED,OCCUPIED,0.7997280806303025
456.0,cctv2,C2_S010,G002,EMPTY,EMPTY,0.01
456.0,cctv2,C2_S011,G017,OCCUPIED,OCCUPIED,0.8061326836997813
456.0,cctv2,C2_S012,G018,EMPTY,EMPTY,0.01
456.0,cctv2,C2_S013,G019,OCCUPIED,OCCUPIED,0.8207615410739726
456.0,cctv2,C2_S014,G020,EMPTY,EMPTY,0.01
456.0,cctv3,C3_S001,G021,OCCUPIED,OCCUPIED,0.7982174296270718
456.0,cctv3,C3_S002,G019,EMPTY,EMPTY,0.01
456.0,cctv3,C3_S003,G020,OCCUPIED,LEAVING,0.7945207205685703
456.0,cctv3,C3_S004,G024,OCCUPIED,OCCUPIED,0.8268903878602115
456.0,cctv3,C3_S005,G025,OCCUPIED,OCCUPIED,0.8316135075959293
456.0,cctv3,C3_S006,G026,OCCUPIED,OCCUPIED,0.8261331498622895
456.0,cctv3,C3_S007,G027,OCCUPIED,LEAVING,0.6535229442302476
456.0,cctv3,C3_S008,G028,EMPTY,EMPTY,0.01
456.0,cctv3,C3_S009,G029,EMPTY,MANEUVERING,0.1069084616513414
456.0,cctv3,C3_S010,G007,OCCUPIED,LEAVING,0.6648863337798552
456.0,cctv3,C3_S011,G008,OCCUPIED,OCCUPIED,0.7958849814805118
456.0,cctv3,C3_S012,G009,OCCUPIED,OCCUPIED,0.827539692141793
457.0,cctv1,C1_S001,G001,OCCUPIED,OCCUPIED,0.7356014440682802
457.0,cctv1,C1_S002,G002,EMPTY,EMPTY,0.01
457.0,cctv1,C1_S003,G003,OCCUPIED,OCCUPIED,0.8389580030332913
457.0,cctv1,C1_S004,G004,OCCUPIED,OCCUPIED,0.7690732434391976
457.0,cctv1,C1_S005,G005,OCCUPIED,OCCUPIED,0.7844106250188568
457.0,cctv1,C1_S006,G006,EMPTY,EMPTY,0.01
457.0,cctv2,C2_S001,G007,OCCUPIED,OCCUPIED,0.7913162781433626
457.0,cctv2,C2_S002,G008,OCCUPIED,OCCUPIED,0.8265139625831084
457.0,cctv2,C2_S003,G009,EMPTY,EMPTY,0.01
457.0,cctv2,C2_S004,G010,OCCUPIED,OCCUPIED,0.772873344746503
457.0,cctv2,C2_S005,G001,EMPTY,EMPTY,0.01
457.0,cctv2,C2_S006,G003,OCCUPIED,OCCUPIED,0.8167274816469713
457.0,cctv2,C2_S007,G004,OCCUPIED,OCCUPIED,0.7738017970865424
457.0,cctv2,C2_S008,G006,OCCUPIED,OCCUPIED,0.7650101234967059
457.0,cctv2,C2_S009,G005,OCCUPIED,OCCUPIED,0.7997572874481028
457.0,cctv2,C2_S010,G002,EMPTY,EMPTY,0.01
457.0,cctv2,C2_S011,G017,OCCUPIED,OCCUPIED,0.8056891690601002
457.0,cctv2,C2_S012,G018,EMPTY,EMPTY,0.01
457.0,cctv2,C2_S013,G019,OCCUPIED,OCCUPIED,0.8196572187271985
457.0,cctv2,C2_S014,G020,EMPTY,EMPTY,0.01
457.0,cctv3,C3_S001,G021,OCCUPIED,OCCUPIED,0.7993064300580459
457.0,cctv3,C3_S002,G019,EMPTY,EMPTY,0.01
457.0,cctv3,C3_S003,G020,OCCUPIED,LEAVING,0.7936128919774836
457.0,cctv3,C3_S004,G024,OCCUPIED,OCCUPIED,0.8263181345029311
457.0,cctv3,C3_S005,G025,OCCUPIED,OCCUPIED,0.8315920336679979
457.0,cctv3,C3_S006,G026,OCCUPIED,OCCUPIED,0.8260098771615463
457.0,cctv3,C3_S007,G027,OCCUPIED,LEAVING,0.6541092415932904
457.0,cctv3,C3_S008,G028,EMPTY,EMPTY,0.01
457.0,cctv3,C3_S009,G029,EMPTY,MANEUVERING,0.0617307446964762
457.0,cctv3,C3_S010,G007,OCCUPIED,LEAVING,0.7115397385440091
457.0,cctv3,C3_S011,G008,OCCUPIED,OCCUPIED,0.7956190225752918
457.0,cctv3,C3_S012,G009,OCCUPIED,OCCUPIED,0.8274544157765129
458.0,cctv1,C1_S001,G001,OCCUPIED,OCCUPIED,0.7342602434483442
458.0,cctv1,C1_S002,G002,EMPTY,EMPTY,0.01
458.0,cctv1,C1_S003,G003,OCCUPIED,OCCUPIED,0.8390198547731746
458.0,cctv1,C1_S004,G004,OCCUPIED,OCCUPIED,0.7682341419837693
458.0,cctv1,C1_S005,G005,OCCUPIED,OCCUPIED,0.7842659222808752
458.0,cctv1,C1_S006,G006,EMPTY,EMPTY,0.01
458.0,cctv2,C2_S001,G007,OCCUPIED,OCCUPIED,0.7921891104091299
458.0,cctv2,C2_S002,G008,OCCUPIED,OCCUPIED,0.8269423471255737
458.0,cctv2,C2_S003,G009,EMPTY,EMPTY,0.01
458.0,cctv2,C2_S004,G010,OCCUPIED,OCCUPIED,0.7734238527037881
458.0,cctv2,C2_S005,G001,EMPTY,EMPTY,0.01
458.0,cctv2,C2_S006,G003,OCCUPIED,OCCUPIED,0.8172018620100889
458.0,cctv2,C2_S007,G004,OCCUPIED,OCCUPIED,0.7740290090441705
458.0,cctv2,C2_S008,G006,OCCUPIED,OCCUPIED,0.7656134140762416
458.0,cctv2,C2_S009,G005,OCCUPIED,OCCUPIED,0.7998556351119822
458.0,cctv2,C2_S010,G002,EMPTY,EMPTY,0.01
458.0,cctv2,C2_S011,G017,OCCUPIED,OCCUPIED,0.8058243865316566
458.0,cctv2,C2_S012,G018,EMPTY,EMPTY,0.01
458.0,cctv2,C2_S013,G019,OCCUPIED,OCCUPIED,0.8190568176182834
458.0,cctv2,C2_S014,G020,EMPTY,EMPTY,0.01
458.0,cctv3,C3_S001,G021,OCCUPIED,OCCUPIED,0.8004244649952109
458.0,cctv3,C3_S002,G019,EMPTY,EMPTY,0.01
458.0,cctv3,C3_S003,G020,OCCUPIED,LEAVING,0.7935307806188411
458.0,cctv3,C3_S004,G024,OCCUPIED,OCCUPIED,0.8264383324167945
458.0,cctv3,C3_S005,G025,OCCUPIED,OCCUPIED,0.8315128312869506
458.0,cctv3,C3_S006,G026,OCCUPIED,OCCUPIED,0.8259341250766408
458.0,cctv3,C3_S007,G027,OCCUPIED,LEAVING,0.6533306307379495
458.0,cctv3,C3_S008,G028,EMPTY,EMPTY,0.01
458.0,cctv3,C3_S009,G029,EMPTY,MANEUVERING,0.0617307446964762
458.0,cctv3,C3_S010,G007,OCCUPIED,LEAVING,0.7123469484529713
458.0,cctv3,C3_S011,G008,OCCUPIED,OCCUPIED,0.7949182523922488
458.0,cctv3,C3_S012,G009,OCCUPIED,OCCUPIED,0.8272160307927565
459.0,cctv1,C1_S001,G001,OCCUPIED,OCCUPIED,0.7342831714586778
459.0,cctv1,C1_S002,G002,EMPTY,EMPTY,0.01
459.0,cctv1,C1_S003,G003,OCCUPIED,OCCUPIED,0.8388916094194759
459.0,cctv1,C1_S004,G004,OCCUPIED,OCCUPIED,0.76767504892566
459.0,cctv1,C1_S005,G005,OCCUPIED,OCCUPIED,0.7840226686813615
459.0,cctv1,C1_S006,G006,EMPTY,EMPTY,0.01
459.0,cctv2,C2_S001,G007,OCCUPIED,OCCUPIED,0.7916744635863738
459.0,cctv2,C2_S002,G008,OCCUPIED,OCCUPIED,0.8279730265790767
459.0,cctv2,C2_S003,G009,EMPTY,EMPTY,0.01
459.0,cctv2,C2_S004,G010,OCCUPIED,OCCUPIED,0.7727437615394593
459.0,cctv2,C2_S005,G001,EMPTY,EMPTY,0.01
459.0,cctv2,C2_S006,G003,OCCUPIED,OCCUPIED,0.8173886518586766
459.0,cctv2,C2_S007,G004,OCCUPIED,OCCUPIED,0.7739240570501849
459.0,cctv2,C2_S008,G006,OCCUPIED,OCCUPIED,0.763615656034513
459.0,cctv2,C2_S009,G005,OCCUPIED,OCCUPIED,0.8003812944347208
459.0,cctv2,C2_S010,G002,EMPTY,EMPTY,0.01
459.0,cctv2,C2_S011,G017,OCCUPIED,OCCUPIED,0.8059058167717674
459.0,cctv2,C2_S012,G018,EMPTY,EMPTY,0.01
459.0,cctv2,C2_S013,G019,OCCUPIED,OCCUPIED,0.8190188310363077
459.0,cctv2,C2_S014,G020,EMPTY,EMPTY,0.01
459.0,cctv3,C3_S001,G021,OCCUPIED,OCCUPIED,0.7994510320099918
459.0,cctv3,C3_S002,G019,EMPTY,EMPTY,0.01
459.0,cctv3,C3_S003,G020,OCCUPIED,LEAVING,0.7954045035622337
459.0,cctv3,C3_S004,G024,OCCUPIED,OCCUPIED,0.8264259528030049
459.0,cctv3,C3_S005,G025,OCCUPIED,OCCUPIED,0.8314514566551556
459.0,cctv3,C3_S006,G026,OCCUPIED,OCCUPIED,0.8260796162215147
459.0,cctv3,C3_S007,G027,OCCUPIED,LEAVING,0.6949118845571172
459.0,cctv3,C3_S008,G028,EMPTY,EMPTY,0.01
459.0,cctv3,C3_S009,G029,EMPTY,MANEUVERING,0.0617307446964762
459.0,cctv3,C3_S010,G007,OCCUPIED,LEAVING,0.7119874251566151
459.0,cctv3,C3_S011,G008,OCCUPIED,OCCUPIED,0.7943290913646872
459.0,cctv3,C3_S012,G009,OCCUPIED,OCCUPIED,0.8272024555639788
460.0,cctv1,C1_S001,G001,OCCUPIED,OCCUPIED,0.7361442132429644
460.0,cctv1,C1_S002,G002,EMPTY,EMPTY,0.01
460.0,cctv1,C1_S003,G003,OCCUPIED,OCCUPIED,0.8388681717894295
460.0,cctv1,C1_S004,G004,OCCUPIED,OCCUPIED,0.7665632562203841
460.0,cctv1,C1_S005,G005,OCCUPIED,OCCUPIED,0.7837256847457453
460.0,cctv1,C1_S006,G006,EMPTY,EMPTY,0.01
460.0,cctv2,C2_S001,G007,OCCUPIED,OCCUPIED,0.7937470162456687
460.0,cctv2,C2_S002,G008,OCCUPIED,OCCUPIED,0.8280509236184034
460.0,cctv2,C2_S003,G009,EMPTY,EMPTY,0.01
460.0,cctv2,C2_S004,G010,OCCUPIED,OCCUPIED,0.7744787004860966
460.0,cctv2,C2_S005,G001,EMPTY,EMPTY,0.01
460.0,cctv2,C2_S006,G003,OCCUPIED,OCCUPIED,0.8171849462119016
460.0,cctv2,C2_S007,G004,OCCUPIED,OCCUPIED,0.7741287640549921
460.0,cctv2,C2_S008,G006,OCCUPIED,OCCUPIED,0.7643261467868632
460.0,cctv2,C2_S009,G005,OCCUPIED,OCCUPIED,0.8010448859496551
460.0,cctv2,C2_S010,G002,EMPTY,EMPTY,0.01
460.0,cctv2,C2_S011,G017,OCCUPIED,OCCUPIED,0.8059407805854625
460.0,cctv2,C2_S012,G018,EMPTY,EMPTY,0.01
460.0,cctv2,C2_S013,G019,OCCUPIED,OCCUPIED,0.8186768900264394
460.0,cctv2,C2_S014,G020,EMPTY,EMPTY,0.01
460.0,cctv3,C3_S001,G021,OCCUPIED,OCCUPIED,0.8001733728430489
460.0,cctv3,C3_S002,G019,EMPTY,EMPTY,0.01
460.0,cctv3,C3_S003,G020,OCCUPIED,LEAVING,0.793716042421081
460.0,cctv3,C3_S004,G024,OCCUPIED,OCCUPIED,0.826665784554048
460.0,cctv3,C3_S005,G025,OCCUPIED,OCCUPIED,0.8314734158190815
460.0,cctv3,C3_S006,G026,OCCUPIED,OCCUPIED,0.8260874482718381
460.0,cctv3,C3_S007,G027,OCCUPIED,LEAVING,0.6937392377514732
460.0,cctv3,C3_S008,G028,EMPTY,EMPTY,0.01
460.0,cctv3,C3_S009,G029,EMPTY,MANEUVERING,0.0617307446964762
460.0,cctv3,C3_S010,G007,OCCUPIED,LEAVING,0.713276074149392
460.0,cctv3,C3_S011,G008,OCCUPIED,OCCUPIED,0.7954409937966954
460.0,cctv3,C3_S012,G009,OCCUPIED,OCCUPIED,0.8275358931584792
461.0,cctv1,C1_S001,G001,OCCUPIED,OCCUPIED,0.7391075291416862
461.0,cctv1,C1_S002,G002,EMPTY,EMPTY,0.01
461.0,cctv1,C1_S003,G003,OCCUPIED,OCCUPIED,0.8386530618775976
461.0,cctv1,C1_S004,G004,OCCUPIED,OCCUPIED,0.7670436231927439
461.0,cctv1,C1_S005,G005,OCCUPIED,OCCUPIED,0.7830613495274024
461.0,cctv1,C1_S006,G006,EMPTY,EMPTY,0.01
461.0,cctv2,C2_S001,G007,OCCUPIED,OCCUPIED,0.7926613612608476
461.0,cctv2,C2_S002,G008,OCCUPIED,OCCUPIED,0.8277842380783775
461.0,cctv2,C2_S003,G009,EMPTY,EMPTY,0.01
461.0,cctv2,C2_S004,G010,OCCUPIED,OCCUPIED,0.7720168499784037
461.0,cctv2,C2_S005,G001,EMPTY,EMPTY,0.01
461.0,cctv2,C2_S006,G003,OCCUPIED,OCCUPIED,0.8175133688883348
461.0,cctv2,C2_S007,G004,OCCUPIED,OCCUPIED,0.7753536740487272
461.0,cctv2,C2_S008,G006,OCCUPIED,OCCUPIED,0.7651718350973997
461.0,cctv2,C2_S009,G005,OCCUPIED,OCCUPIED,0.8015545975078237
461.0,cctv2,C2_S010,G002,EMPTY,EMPTY,0.01
461.0,cctv2,C2_S011,G017,OCCUPIED,OCCUPIED,0.8058947717601603
461.0,cctv2,C2_S012,G018,EMPTY,EMPTY,0.01
461.0,cctv2,C2_S013,G019,OCCUPIED,OCCUPIED,0.8210411182858728
461.0,cctv2,C2_S014,G020,EMPTY,EMPTY,0.01
461.0,cctv3,C3_S001,G021,OCCUPIED,OCCUPIED,0.7995734106410635
461.0,cctv3,C3_S002,G019,EMPTY,EMPTY,0.01
461.0,cctv3,C3_S003,G020,OCCUPIED,LEAVING,0.7943287280472843
461.0,cctv3,C3_S004,G024,OCCUPIED,OCCUPIED,0.8267582500522788
461.0,cctv3,C3_S005,G025,OCCUPIED,OCCUPIED,0.8315070694143123
461.0,cctv3,C3_S006,G026,OCCUPIED,OCCUPIED,0.8259667724370957
461.0,cctv3,C3_S007,G027,OCCUPIED,LEAVING,0.6932889592308891
461.0,cctv3,C3_S008,G028,EMPTY,EMPTY,0.01
461.0,cctv3,C3_S009,G029,EMPTY,MANEUVERING,0.0617307446964762
461.0,cctv3,C3_S010,G007,OCCUPIED,LEAVING,0.7126268271289089
461.0,cctv3,C3_S011,G008,OCCUPIED,OCCUPIED,0.7955870108170944
461.0,cctv3,C3_S012,G009,OCCUPIED,OCCUPIED,0.8271779621189291
462.0,cctv1,C1_S001,G001,OCCUPIED,OCCUPIED,0.7393073122609746
462.0,cctv1,C1_S002,G002,EMPTY,EMPTY,0.01
462.0,cctv1,C1_S003,G003,OCCUPIED,OCCUPIED,0.8384802406484431
462.0,cctv1,C1_S004,G004,OCCUPIED,OCCUPIED,0.7671155384995721
462.0,cctv1,C1_S005,G005,OCCUPIED,OCCUPIED,0.7840946786782959
462.0,cctv1,C1_S006,G006,EMPTY,EMPTY,0.01
462.0,cctv2,C2_S001,G007,OCCUPIED,OCCUPIED,0.7922984388741581
462.0,cctv2,C2_S002,G008,OCCUPIED,OCCUPIED,0.8279502668163994
462.0,cctv2,C2_S003,G009,EMPTY,EMPTY,0.01
462.0,cctv2,C2_S004,G010,OCCUPIED,OCCUPIED,0.7705972412770445
462.0,cctv2,C2_S005,G001,EMPTY,EMPTY,0.01
462.0,cctv2,C2_S006,G003,OCCUPIED,OCCUPIED,0.8176516765897925
462.0,cctv2,C2_S007,G004,OCCUPIED,OCCUPIED,0.7754462842236867
462.0,cctv2,C2_S008,G006,OCCUPIED,OCCUPIED,0.7644760383801027
462.0,cctv2,C2_S009,G005,OCCUPIED,OCCUPIED,0.8027186778458683
462.0,cctv2,C2_S010,G002,EMPTY,EMPTY,0.01
462.0,cctv2,C2_S011,G017,OCCUPIED,OCCUPIED,0.8064038347114217
462.0,cctv2,C2_S012,G018,EMPTY,EMPTY,0.01
462.0,cctv2,C2_S013,G019,OCCUPIED,OCCUPIED,0.8212891332127832
462.0,cctv2,C2_S014,G020,EMPTY,EMPTY,0.01
462.0,cctv3,C3_S001,G021,OCCUPIED,OCCUPIED,0.8001463499936191
462.0,cctv3,C3_S002,G019,EMPTY,EMPTY,0.01
462.0,cctv3,C3_S003,G020,OCCUPIED,LEAVING,0.7942642469297756
462.0,cctv3,C3_S004,G024,OCCUPIED,OCCUPIED,0.8267638046633115
462.0,cctv3,C3_S005,G025,OCCUPIED,OCCUPIED,0.8315543624487791
462.0,cctv3,C3_S006,G026,OCCUPIED,OCCUPIED,0.8260016850449823
462.0,cctv3,C3_S007,G027,OCCUPIED,LEAVING,0.6939792783592236
462.0,cctv3,C3_S008,G028,EMPTY,EMPTY,0.01
462.0,cctv3,C3_S009,G029,EMPTY,MANEUVERING,0.0617307446964762
462.0,cctv3,C3_S010,G007,OCCUPIED,LEAVING,0.7131700920245865
462.0,cctv3,C3_S011,G008,OCCUPIED,OCCUPIED,0.79504498351704
462.0,cctv3,C3_S012,G009,OCCUPIED,OCCUPIED,0.8271671568805522
463.0,cctv1,C1_S001,G001,OCCUPIED,OCCUPIED,0.7394191030751576
463.0,cctv1,C1_S002,G002,EMPTY,EMPTY,0.01
463.0,cctv1,C1_S003,G003,OCCUPIED,OCCUPIED,0.838454468683763
463.0,cctv1,C1_S004,G004,OCCUPIED,OCCUPIED,0.7662246285514399
463.0,cctv1,C1_S005,G005,OCCUPIED,OCCUPIED,0.7844319420782003
463.0,cctv1,C1_S006,G006,EMPTY,EMPTY,0.01
463.0,cctv2,C2_S001,G007,OCCUPIED,OCCUPIED,0.7903745106675408
463.0,cctv2,C2_S002,G008,OCCUPIED,OCCUPIED,0.827275618097999
463.0,cctv2,C2_S003,G009,EMPTY,EMPTY,0.01
463.0,cctv2,C2_S004,G010,OCCUPIED,OCCUPIED,0.7707125831734051
463.0,cctv2,C2_S005,G001,EMPTY,EMPTY,0.01
463.0,cctv2,C2_S006,G003,OCCUPIED,OCCUPIED,0.8178793538700451
463.0,cctv2,C2_S007,G004,OCCUPIED,OCCUPIED,0.776087192378261
463.0,cctv2,C2_S008,G006,OCCUPIED,OCCUPIED,0.765979885106737
463.0,cctv2,C2_S009,G005,OCCUPIED,OCCUPIED,0.8025517704811964
463.0,cctv2,C2_S010,G002,EMPTY,EMPTY,0.01
463.0,cctv2,C2_S011,G017,OCCUPIED,OCCUPIED,0.8065933750434355
463.0,cctv2,C2_S012,G018,EMPTY,EMPTY,0.01
463.0,cctv2,C2_S013,G019,OCCUPIED,OCCUPIED,0.8225423271005805
463.0,cctv2,C2_S014,G020,EMPTY,EMPTY,0.01
463.0,cctv3,C3_S001,G021,OCCUPIED,OCCUPIED,0.8005111832510342
463.0,cctv3,C3_S002,G019,EMPTY,EMPTY,0.01
463.0,cctv3,C3_S003,G020,OCCUPIED,LEAVING,0.7942447724667463
463.0,cctv3,C3_S004,G024,OCCUPIED,OCCUPIED,0.8269745547663082
463.0,cctv3,C3_S005,G025,OCCUPIED,OCCUPIED,0.8316499701955102
463.0,cctv3,C3_S006,G026,OCCUPIED,OCCUPIED,0.8258977209979839
463.0,cctv3,C3_S007,G027,OCCUPIED,LEAVING,0.6916669578139079
463.0,cctv3,C3_S008,G028,EMPTY,EMPTY,0.01
463.0,cctv3,C3_S009,G029,EMPTY,EMPTY,0.01
463.0,cctv3,C3_S010,G007,OCCUPIED,LEAVING,0.7585217371582985
463.0,cctv3,C3_S011,G008,OCCUPIED,OCCUPIED,0.7932616152546623
463.0,cctv3,C3_S012,G009,OCCUPIED,OCCUPIED,0.827031407031146
464.0,cctv1,C1_S001,G001,OCCUPIED,OCCUPIED,0.7395830283110792
464.0,cctv1,C1_S002,G002,EMPTY,EMPTY,0.01
464.0,cctv1,C1_S003,G003,OCCUPIED,OCCUPIED,0.8380519487641075
464.0,cctv1,C1_S004,G004,OCCUPIED,OCCUPIED,0.7651935634287922
464.0,cctv1,C1_S005,G005,OCCUPIED,OCCUPIED,0.7823764283548702
464.0,cctv1,C1_S006,G006,EMPTY,EMPTY,0.01
464.0,cctv2,C2_S001,G007,OCCUPIED,OCCUPIED,0.7893533075397665
464.0,cctv2,C2_S002,G008,OCCUPIED,OCCUPIED,0.8259976495396008
464.0,cctv2,C2_S003,G009,EMPTY,EMPTY,0.01
464.0,cctv2,C2_S004,G010,OCCUPIED,OCCUPIED,0.7693767073479566
464.0,cctv2,C2_S005,G001,EMPTY,EMPTY,0.01
464.0,cctv2,C2_S006,G003,OCCUPIED,OCCUPIED,0.8176699229262092
464.0,cctv2,C2_S007,G004,OCCUPIED,OCCUPIED,0.7756839714267038
464.0,cctv2,C2_S008,G006,OCCUPIED,OCCUPIED,0.7654181927442552
464.0,cctv2,C2_S009,G005,OCCUPIED,OCCUPIED,0.8026930334893141
464.0,cctv2,C2_S010,G002,EMPTY,EMPTY,0.01
464.0,cctv2,C2_S011,G017,OCCUPIED,OCCUPIED,0.8066529078917071
464.0,cctv2,C2_S012,G018,EMPTY,EMPTY,0.01
464.0,cctv2,C2_S013,G019,OCCUPIED,OCCUPIED,0.8227282090620561
464.0,cctv2,C2_S014,G020,EMPTY,EMPTY,0.01
464.0,cctv3,C3_S001,G021,OCCUPIED,OCCUPIED,0.7987960633906452
464.0,cctv3,C3_S002,G019,EMPTY,EMPTY,0.01
464.0,cctv3,C3_S003,G020,OCCUPIED,LEAVING,0.7919891281561419
464.0,cctv3,C3_S004,G024,OCCUPIED,OCCUPIED,0.8269381002946334
464.0,cctv3,C3_S005,G025,OCCUPIED,OCCUPIED,0.8316339834169908
464.0,cctv3,C3_S006,G026,OCCUPIED,OCCUPIED,0.825852780179544
464.0,cctv3,C3_S007,G027,OCCUPIED,LEAVING,0.691044086966325
464.0,cctv3,C3_S008,G028,EMPTY,EMPTY,0.01
464.0,cctv3,C3_S009,G029,EMPTY,EMPTY,0.01
464.0,cctv3,C3_S010,G007,OCCUPIED,LEAVING,0.7572065631097014
464.0,cctv3,C3_S011,G008,OCCUPIED,OCCUPIED,0.793379072438587
464.0,cctv3,C3_S012,G009,OCCUPIED,OCCUPIED,0.827095115184784
465.0,cctv1,C1_S001,G001,OCCUPIED,OCCUPIED,0.7387570920315656
465.0,cctv1,C1_S002,G002,EMPTY,EMPTY,0.01
465.0,cctv1,C1_S003,G003,OCCUPIED,OCCUPIED,0.838074676827951
465.0,cctv1,C1_S004,G004,OCCUPIED,OCCUPIED,0.7658780152147467
465.0,cctv1,C1_S005,G005,OCCUPIED,OCCUPIED,0.7804312623359941
465.0,cctv1,C1_S006,G006,EMPTY,EMPTY,0.01
465.0,cctv2,C2_S001,G007,OCCUPIED,OCCUPIED,0.7872501516884024
465.0,cctv2,C2_S002,G008,OCCUPIED,OCCUPIED,0.8249184115366502
465.0,cctv2,C2_S003,G009,EMPTY,EMPTY,0.01
465.0,cctv2,C2_S004,G010,OCCUPIED,OCCUPIED,0.7716856491836636
465.0,cctv2,C2_S005,G001,EMPTY,EMPTY,0.01
465.0,cctv2,C2_S006,G003,OCCUPIED,OCCUPIED,0.8177196478301829
465.0,cctv2,C2_S007,G004,OCCUPIED,OCCUPIED,0.7759809813716195
465.0,cctv2,C2_S008,G006,OCCUPIED,OCCUPIED,0.7651258157058196
465.0,cctv2,C2_S009,G005,OCCUPIED,OCCUPIED,0.8034296266057275
465.0,cctv2,C2_S010,G002,EMPTY,EMPTY,0.01
465.0,cctv2,C2_S011,G017,OCCUPIED,OCCUPIED,0.8069209759885615
465.0,cctv2,C2_S012,G018,EMPTY,EMPTY,0.01
465.0,cctv2,C2_S013,G019,OCCUPIED,OCCUPIED,0.8264952358874409
465.0,cctv2,C2_S014,G020,EMPTY,EMPTY,0.01
465.0,cctv3,C3_S001,G021,OCCUPIED,OCCUPIED,0.7990486982193861
465.0,cctv3,C3_S002,G019,EMPTY,EMPTY,0.01
465.0,cctv3,C3_S003,G020,OCCUPIED,LEAVING,0.7936170705340126
465.0,cctv3,C3_S004,G024,OCCUPIED,OCCUPIED,0.8265947824174709
465.0,cctv3,C3_S005,G025,OCCUPIED,OCCUPIED,0.8316568577831442
465.0,cctv3,C3_S006,G026,OCCUPIED,OCCUPIED,0.8258900108662519
465.0,cctv3,C3_S007,G027,OCCUPIED,LEAVING,0.6918688132647764
465.0,cctv3,C3_S008,G028,EMPTY,EMPTY,0.01
465.0,cctv3,C3_S009,G029,EMPTY,EMPTY,0.01
465.0,cctv3,C3_S010,G007,OCCUPIED,LEAVING,0.7572933561422609
465.0,cctv3,C3_S011,G008,OCCUPIED,OCCUPIED,0.7923951788382098
465.0,cctv3,C3_S012,G009,OCCUPIED,OCCUPIED,0.8270756781101227
466.0,cctv1,C1_S001,G001,OCCUPIED,OCCUPIED,0.7400825304063885
466.0,cctv1,C1_S002,G002,EMPTY,EMPTY,0.01
466.0,cctv1,C1_S003,G003,OCCUPIED,OCCUPIED,0.8380948543548584
466.0,cctv1,C1_S004,G004,OCCUPIED,OCCUPIED,0.7655219950459221
466.0,cctv1,C1_S005,G005,OCCUPIED,OCCUPIED,0.7800541795112871
466.0,cctv1,C1_S006,G006,EMPTY,EMPTY,0.01
466.0,cctv2,C2_S001,G007,OCCUPIED,OCCUPIED,0.7870578275485473
466.0,cctv2,C2_S002,G008,OCCUPIED,OCCUPIED,0.8238079314882105
466.0,cctv2,C2_S003,G009,EMPTY,EMPTY,0.01
466.0,cctv2,C2_S004,G010,OCCUPIED,OCCUPIED,0.770754736526446
466.0,cctv2,C2_S005,G001,EMPTY,EMPTY,0.01
466.0,cctv2,C2_S006,G003,OCCUPIED,OCCUPIED,0.8181032817472111
466.0,cctv2,C2_S007,G004,OCCUPIED,OCCUPIED,0.776059019023722
466.0,cctv2,C2_S008,G006,OCCUPIED,OCCUPIED,0.765855538303202
466.0,cctv2,C2_S009,G005,OCCUPIED,OCCUPIED,0.8036437197165056
466.0,cctv2,C2_S010,G002,EMPTY,EMPTY,0.01
466.0,cctv2,C2_S011,G017,OCCUPIED,OCCUPIED,0.8075536627661098
466.0,cctv2,C2_S012,G018,EMPTY,EMPTY,0.01
466.0,cctv2,C2_S013,G019,OCCUPIED,OCCUPIED,0.8268912144682625
466.0,cctv2,C2_S014,G020,EMPTY,EMPTY,0.01
466.0,cctv3,C3_S001,G021,OCCUPIED,OCCUPIED,0.7994755636562001
466.0,cctv3,C3_S002,G019,EMPTY,EMPTY,0.01
466.0,cctv3,C3_S003,G020,OCCUPIED,LEAVING,0.7940233910625631
466.0,cctv3,C3_S004,G024,OCCUPIED,OCCUPIED,0.8268696503205734
466.0,cctv3,C3_S005,G025,OCCUPIED,OCCUPIED,0.8316863336346367
466.0,cctv3,C3_S006,G026,OCCUPIED,OCCUPIED,0.8258923289450733
466.0,cctv3,C3_S007,G027,OCCUPIED,LEAVING,0.7302686404436828
466.0,cctv3,C3_S008,G028,EMPTY,EMPTY,0.01
466.0,cctv3,C3_S009,G029,EMPTY,EMPTY,0.01
466.0,cctv3,C3_S010,G007,OCCUPIED,OCCUPIED,0.7591147699139336
466.0,cctv3,C3_S011,G008,OCCUPIED,OCCUPIED,0.7926603217016568
466.0,cctv3,C3_S012,G009,OCCUPIED,OCCUPIED,0.8272360839627007
467.0,cctv1,C1_S001,G001,OCCUPIED,OCCUPIED,0.7412347216497769
467.0,cctv1,C1_S002,G002,EMPTY,EMPTY,0.01
467.0,cctv1,C1_S003,G003,OCCUPIED,OCCUPIED,0.8380853317000649
467.0,cctv1,C1_S004,G004,OCCUPIED,OCCUPIED,0.7667823853817853
467.0,cctv1,C1_S005,G005,OCCUPIED,OCCUPIED,0.779779112474485
467.0,cctv1,C1_S006,G006,EMPTY,EMPTY,0.01
467.0,cctv2,C2_S001,G007,OCCUPIED,OCCUPIED,0.7859031800519337
467.0,cctv2,C2_S002,G008,OCCUPIED,OCCUPIED,0.8259420725432309
467.0,cctv2,C2_S003,G009,EMPTY,EMPTY,0.01
467.0,cctv2,C2_S004,G010,OCCUPIED,OCCUPIED,0.7731965887275609
467.0,cctv2,C2_S005,G001,EMPTY,EMPTY,0.01
467.0,cctv2,C2_S006,G003,OCCUPIED,OCCUPIED,0.818519979173487
467.0,cctv2,C2_S007,G004,OCCUPIED,OCCUPIED,0.7765552228147334
467.0,cctv2,C2_S008,G006,OCCUPIED,OCCUPIED,0.7660489771853795
467.0,cctv2,C2_S009,G005,OCCUPIED,OCCUPIED,0.8035437505353582
467.0,cctv2,C2_S010,G002,EMPTY,EMPTY,0.01
467.0,cctv2,C2_S011,G017,OCCUPIED,OCCUPIED,0.8085047724572095
467.0,cctv2,C2_S012,G018,EMPTY,EMPTY,0.01
467.0,cctv2,C2_S013,G019,OCCUPIED,OCCUPIED,0.8258442840792917
467.0,cctv2,C2_S014,G020,EMPTY,EMPTY,0.01
467.0,cctv3,C3_S001,G021,OCCUPIED,OCCUPIED,0.7997635402462699
467.0,cctv3,C3_S002,G019,EMPTY,EMPTY,0.01
467.0,cctv3,C3_S003,G020,OCCUPIED,LEAVING,0.7968704063783993
467.0,cctv3,C3_S004,G024,OCCUPIED,OCCUPIED,0.8265323812311347
467.0,cctv3,C3_S005,G025,OCCUPIED,OCCUPIED,0.8316664064472372
467.0,cctv3,C3_S006,G026,OCCUPIED,OCCUPIED,0.8258978274735538
467.0,cctv3,C3_S007,G027,OCCUPIED,LEAVING,0.7328460970046846
467.0,cctv3,C3_S008,G028,EMPTY,EMPTY,0.01
467.0,cctv3,C3_S009,G029,EMPTY,EMPTY,0.01
467.0,cctv3,C3_S010,G007,OCCUPIED,OCCUPIED,0.7607417450709777
467.0,cctv3,C3_S011,G008,OCCUPIED,OCCUPIED,0.7931428559801796
467.0,cctv3,C3_S012,G009,OCCUPIED,OCCUPIED,0.8273184464736418
468.0,cctv1,C1_S001,G001,OCCUPIED,OCCUPIED,0.740394507890398
468.0,cctv1,C1_S002,G002,EMPTY,EMPTY,0.01
468.0,cctv1,C1_S003,G003,OCCUPIED,OCCUPIED,0.8378721838647669
468.0,cctv1,C1_S004,G004,OCCUPIED,OCCUPIED,0.7675277838652785
468.0,cctv1,C1_S005,G005,OCCUPIED,OCCUPIED,0.7795933126048609
468.0,cctv1,C1_S006,G006,EMPTY,EMPTY,0.01
468.0,cctv2,C2_S001,G007,OCCUPIED,OCCUPIED,0.7835415892980316
468.0,cctv2,C2_S002,G008,OCCUPIED,OCCUPIED,0.8248842637647282
468.0,cctv2,C2_S003,G009,EMPTY,EMPTY,0.01
468.0,cctv2,C2_S004,G010,OCCUPIED,OCCUPIED,0.7691626101732255
468.0,cctv2,C2_S005,G001,EMPTY,EMPTY,0.01
468.0,cctv2,C2_S006,G003,OCCUPIED,OCCUPIED,0.8188385483893482
468.0,cctv2,C2_S007,G004,OCCUPIED,OCCUPIED,0.7775761203332381
468.0,cctv2,C2_S008,G006,OCCUPIED,OCCUPIED,0.7659051486036995
468.0,cctv2,C2_S009,G005,OCCUPIED,OCCUPIED,0.8025067857720636
468.0,cctv2,C2_S010,G002,EMPTY,EMPTY,0.01
468.0,cctv2,C2_S011,G017,OCCUPIED,OCCUPIED,0.8088261799378829
468.0,cctv2,C2_S012,G018,EMPTY,EMPTY,0.01
468.0,cctv2,C2_S013,G019,OCCUPIED,OCCUPIED,0.8265390444885601
468.0,cctv2,C2_S014,G020,EMPTY,EMPTY,0.01
468.0,cctv3,C3_S001,G021,OCCUPIED,OCCUPIED,0.7998121743852442
468.0,cctv3,C3_S002,G019,EMPTY,EMPTY,0.01
468.0,cctv3,C3_S003,G020,OCCUPIED,LEAVING,0.7999379708008333
468.0,cctv3,C3_S004,G024,OCCUPIED,OCCUPIED,0.8271061593836004
468.0,cctv3,C3_S005,G025,OCCUPIED,OCCUPIED,0.8317064737731761
468.0,cctv3,C3_S006,G026,OCCUPIED,OCCUPIED,0.8259068827737462
468.0,cctv3,C3_S007,G027,OCCUPIED,LEAVING,0.7344019598920237
468.0,cctv3,C3_S008,G028,EMPTY,EMPTY,0.01
468.0,cctv3,C3_S009,G029,EMPTY,EMPTY,0.01
468.0,cctv3,C3_S010,G007,OCCUPIED,OCCUPIED,0.7630288204008884
468.0,cctv3,C3_S011,G008,OCCUPIED,OCCUPIED,0.794715044986118
468.0,cctv3,C3_S012,G009,OCCUPIED,OCCUPIED,0.8274040146307513
469.0,cctv1,C1_S001,G001,OCCUPIED,OCCUPIED,0.7423249276524241
469.0,cctv1,C1_S002,G002,EMPTY,EMPTY,0.01
469.0,cctv1,C1_S003,G003,OCCUPIED,OCCUPIED,0.8377917135303672
469.0,cctv1,C1_S004,G004,OCCUPIED,OCCUPIED,0.7676791730252179
469.0,cctv1,C1_S005,G005,OCCUPIED,OCCUPIED,0.779477077045224
469.0,cctv1,C1_S006,G006,EMPTY,EMPTY,0.01
469.0,cctv2,C2_S001,G007,OCCUPIED,OCCUPIED,0.7847100367600268
469.0,cctv2,C2_S002,G008,OCCUPIED,OCCUPIED,0.82406787249175
469.0,cctv2,C2_S003,G009,EMPTY,EMPTY,0.01
469.0,cctv2,C2_S004,G010,OCCUPIED,OCCUPIED,0.7697732044891878
469.0,cctv2,C2_S005,G001,EMPTY,EMPTY,0.01
469.0,cctv2,C2_S006,G003,OCCUPIED,OCCUPIED,0.8188897290013054
469.0,cctv2,C2_S007,G004,OCCUPIED,OCCUPIED,0.7776263003999537
469.0,cctv2,C2_S008,G006,OCCUPIED,OCCUPIED,0.7653875212777745
469.0,cctv2,C2_S009,G005,OCCUPIED,OCCUPIED,0.8016252850944346
469.0,cctv2,C2_S010,G002,EMPTY,EMPTY,0.01
469.0,cctv2,C2_S011,G017,OCCUPIED,OCCUPIED,0.8084487874399533
469.0,cctv2,C2_S012,G018,EMPTY,EMPTY,0.01
469.0,cctv2,C2_S013,G019,OCCUPIED,OCCUPIED,0.8259808605367488
469.0,cctv2,C2_S014,G020,EMPTY,EMPTY,0.01
469.0,cctv3,C3_S001,G021,OCCUPIED,OCCUPIED,0.7996342488310555
469.0,cctv3,C3_S002,G019,EMPTY,EMPTY,0.01
469.0,cctv3,C3_S003,G020,OCCUPIED,OCCUPIED,0.8013481755148282
469.0,cctv3,C3_S004,G024,OCCUPIED,OCCUPIED,0.8270901490341533
469.0,cctv3,C3_S005,G025,OCCUPIED,OCCUPIED,0.8317938707091592
469.0,cctv3,C3_S006,G026,OCCUPIED,OCCUPIED,0.8258828022263267
469.0,cctv3,C3_S007,G027,OCCUPIED,OCCUPIED,0.7206852435828611
469.0,cctv3,C3_S008,G028,EMPTY,MANEUVERING,0.1450019926645539
469.0,cctv3,C3_S009,G029,EMPTY,EMPTY,0.01
469.0,cctv3,C3_S010,G007,OCCUPIED,OCCUPIED,0.7627578209746968
469.0,cctv3,C3_S011,G008,OCCUPIED,OCCUPIED,0.7953446082093499
469.0,cctv3,C3_S012,G009,OCCUPIED,OCCUPIED,0.8278512851758437
470.0,cctv1,C1_S001,G001,OCCUPIED,OCCUPIED,0.7424454222348604
470.0,cctv1,C1_S002,G002,EMPTY,EMPTY,0.01
470.0,cctv1,C1_S003,G003,OCCUPIED,OCCUPIED,0.83771228519353
470.0,cctv1,C1_S004,G004,OCCUPIED,OCCUPIED,0.7674912631511689
470.0,cctv1,C1_S005,G005,OCCUPIED,OCCUPIED,0.7796240385283124
470.0,cctv1,C1_S006,G006,EMPTY,EMPTY,0.01
470.0,cctv2,C2_S001,G007,OCCUPIED,OCCUPIED,0.7857866730202329
470.0,cctv2,C2_S002,G008,OCCUPIED,OCCUPIED,0.8237774274565958
470.0,cctv2,C2_S003,G009,EMPTY,EMPTY,0.01
470.0,cctv2,C2_S004,G010,OCCUPIED,OCCUPIED,0.7711851774291559
470.0,cctv2,C2_S005,G001,EMPTY,EMPTY,0.01
470.0,cctv2,C2_S006,G003,OCCUPIED,OCCUPIED,0.8189615138552406
470.0,cctv2,C2_S007,G004,OCCUPIED,OCCUPIED,0.7775927683169193
470.0,cctv2,C2_S008,G006,OCCUPIED,OCCUPIED,0.7662666205655445
470.0,cctv2,C2_S009,G005,OCCUPIED,OCCUPIED,0.8008452011780306
470.0,cctv2,C2_S010,G002,EMPTY,EMPTY,0.01
470.0,cctv2,C2_S011,G017,OCCUPIED,OCCUPIED,0.8091634742238305
470.0,cctv2,C2_S012,G018,EMPTY,EMPTY,0.01
470.0,cctv2,C2_S013,G019,OCCUPIED,OCCUPIED,0.8262203915552659
470.0,cctv2,C2_S014,G020,EMPTY,EMPTY,0.01
470.0,cctv3,C3_S001,G021,OCCUPIED,OCCUPIED,0.8000548078255221
470.0,cctv3,C3_S002,G019,EMPTY,EMPTY,0.01
470.0,cctv3,C3_S003,G020,OCCUPIED,OCCUPIED,0.8024088973348792
470.0,cctv3,C3_S004,G024,OCCUPIED,OCCUPIED,0.8271952826868405
470.0,cctv3,C3_S005,G025,OCCUPIED,OCCUPIED,0.8318305560133674
470.0,cctv3,C3_S006,G026,OCCUPIED,OCCUPIED,0.8257987775585869
470.0,cctv3,C3_S007,G027,OCCUPIED,LEAVING,0.7234765338728375
470.0,cctv3,C3_S008,G028,EMPTY,MANEUVERING,0.1450019926645539
470.0,cctv3,C3_S009,G029,EMPTY,EMPTY,0.01
470.0,cctv3,C3_S010,G007,OCCUPIED,OCCUPIED,0.7636050775647164
470.0,cctv3,C3_S011,G008,OCCUPIED,OCCUPIED,0.795854510773312
470.0,cctv3,C3_S012,G009,OCCUPIED,OCCUPIED,0.8278287229212848
471.0,cctv1,C1_S001,G001,OCCUPIED,OCCUPIED,0.7408327588980849
471.0,cctv1,C1_S002,G002,EMPTY,EMPTY,0.01
471.0,cctv1,C1_S003,G003,OCCUPIED,OCCUPIED,0.8375885093753989
471.0,cctv1,C1_S004,G004,OCCUPIED,OCCUPIED,0.7675119950012728
471.0,cctv1,C1_S005,G005,OCCUPIED,OCCUPIED,0.7775578500194984
471.0,cctv1,C1_S006,G006,EMPTY,EMPTY,0.01
471.0,cctv2,C2_S001,G007,OCCUPIED,OCCUPIED,0.7850938267328523
471.0,cctv2,C2_S002,G008,OCCUPIED,OCCUPIED,0.8235800388184461
471.0,cctv2,C2_S003,G009,EMPTY,EMPTY,0.01
471.0,cctv2,C2_S004,G010,OCCUPIED,OCCUPIED,0.7740921661257745
471.0,cctv2,C2_S005,G001,EMPTY,EMPTY,0.01
471.0,cctv2,C2_S006,G003,OCCUPIED,OCCUPIED,0.8192285228859295
471.0,cctv2,C2_S007,G004,OCCUPIED,OCCUPIED,0.7779137255115943
471.0,cctv2,C2_S008,G006,OCCUPIED,OCCUPIED,0.7659130253575066
471.0,cctv2,C2_S009,G005,OCCUPIED,OCCUPIED,0.8001651360230013
471.0,cctv2,C2_S010,G002,EMPTY,EMPTY,0.01
471.0,cctv2,C2_S011,G017,OCCUPIED,OCCUPIED,0.8097491467540915
471.0,cctv2,C2_S012,G018,EMPTY,EMPTY,0.01
471.0,cctv2,C2_S013,G019,OCCUPIED,OCCUPIED,0.8254485834728589
471.0,cctv2,C2_S014,G020,EMPTY,EMPTY,0.01
471.0,cctv3,C3_S001,G021,OCCUPIED,OCCUPIED,0.7998396450823004
471.0,cctv3,C3_S002,G019,EMPTY,EMPTY,0.01
471.0,cctv3,C3_S003,G020,OCCUPIED,OCCUPIED,0.8036322553049435
471.0,cctv3,C3_S004,G024,OCCUPIED,OCCUPIED,0.8270543317903173
471.0,cctv3,C3_S005,G025,OCCUPIED,OCCUPIED,0.8318053123625843
471.0,cctv3,C3_S006,G026,OCCUPIED,OCCUPIED,0.8255923295562918
471.0,cctv3,C3_S007,G027,OCCUPIED,LEAVING,0.7256105975095523
471.0,cctv3,C3_S008,G028,EMPTY,MANEUVERING,0.1450019926645539
471.0,cctv3,C3_S009,G029,EMPTY,EMPTY,0.01
471.0,cctv3,C3_S010,G007,OCCUPIED,OCCUPIED,0.7626254133202813
471.0,cctv3,C3_S011,G008,OCCUPIED,OCCUPIED,0.7954022618857297
471.0,cctv3,C3_S012,G009,OCCUPIED,OCCUPIED,0.8279219004240903
472.0,cctv1,C1_S001,G001,OCCUPIED,OCCUPIED,0.7403634852983736
472.0,cctv1,C1_S002,G002,EMPTY,EMPTY,0.01
472.0,cctv1,C1_S003,G003,OCCUPIED,OCCUPIED,0.8377988953482022
472.0,cctv1,C1_S004,G004,OCCUPIED,OCCUPIED,0.7672525701197712
472.0,cctv1,C1_S005,G005,OCCUPIED,OCCUPIED,0.7788961146365513
472.0,cctv1,C1_S006,G006,EMPTY,EMPTY,0.01
472.0,cctv2,C2_S001,G007,OCCUPIED,OCCUPIED,0.7875485445965421
472.0,cctv2,C2_S002,G008,OCCUPIED,OCCUPIED,0.8239315130493858
472.0,cctv2,C2_S003,G009,EMPTY,EMPTY,0.01
472.0,cctv2,C2_S004,G010,OCCUPIED,OCCUPIED,0.7755984365940095
472.0,cctv2,C2_S005,G001,EMPTY,EMPTY,0.01
472.0,cctv2,C2_S006,G003,OCCUPIED,OCCUPIED,0.8193454842675817
472.0,cctv2,C2_S007,G004,OCCUPIED,OCCUPIED,0.7786584611643446
472.0,cctv2,C2_S008,G006,OCCUPIED,OCCUPIED,0.7648355137218129
472.0,cctv2,C2_S009,G005,OCCUPIED,OCCUPIED,0.7985821027647366
472.0,cctv2,C2_S010,G002,EMPTY,EMPTY,0.01
472.0,cctv2,C2_S011,G017,OCCUPIED,OCCUPIED,0.8099722195755352
472.0,cctv2,C2_S012,G018,EMPTY,EMPTY,0.01
472.0,cctv2,C2_S013,G019,OCCUPIED,OCCUPIED,0.8243446285074408
472.0,cctv2,C2_S014,G020,EMPTY,EMPTY,0.01
472.0,cctv3,C3_S001,G021,OCCUPIED,OCCUPIED,0.8020317519252951
472.0,cctv3,C3_S002,G019,EMPTY,EMPTY,0.01
472.0,cctv3,C3_S003,G020,OCCUPIED,OCCUPIED,0.8054263353347779
472.0,cctv3,C3_S004,G024,OCCUPIED,OCCUPIED,0.8271018142049964
472.0,cctv3,C3_S005,G025,OCCUPIED,OCCUPIED,0.8318217486143112
472.0,cctv3,C3_S006,G026,OCCUPIED,OCCUPIED,0.8257381068034606
472.0,cctv3,C3_S007,G027,OCCUPIED,LEAVING,0.7268064465814017
472.0,cctv3,C3_S008,G028,EMPTY,MANEUVERING,0.1450019926645539
472.0,cctv3,C3_S009,G029,EMPTY,EMPTY,0.01
472.0,cctv3,C3_S010,G007,OCCUPIED,OCCUPIED,0.7621249053965916
472.0,cctv3,C3_S011,G008,OCCUPIED,OCCUPIED,0.7944402551109141
472.0,cctv3,C3_S012,G009,OCCUPIED,OCCUPIED,0.8279739580371164
473.0,cctv1,C1_S001,G001,OCCUPIED,OCCUPIED,0.7395774314349348
473.0,cctv1,C1_S002,G002,EMPTY,EMPTY,0.01
473.0,cctv1,C1_S003,G003,OCCUPIED,OCCUPIED,0.8379787496545099
473.0,cctv1,C1_S004,G004,OCCUPIED,OCCUPIED,0.7680986835197969
473.0,cctv1,C1_S005,G005,OCCUPIED,OCCUPIED,0.7785774486986075
473.0,cctv1,C1_S006,G006,EMPTY,EMPTY,0.01
473.0,cctv2,C2_S001,G007,OCCUPIED,OCCUPIED,0.790874873914502
473.0,cctv2,C2_S002,G008,OCCUPIED,OCCUPIED,0.8234099388122559
473.0,cctv2,C2_S003,G009,EMPTY,EMPTY,0.01
473.0,cctv2,C2_S004,G010,OCCUPIED,OCCUPIED,0.7776079284873876
473.0,cctv2,C2_S005,G001,EMPTY,EMPTY,0.01
473.0,cctv2,C2_S006,G003,OCCUPIED,OCCUPIED,0.8196895970539614
473.0,cctv2,C2_S007,G004,OCCUPIED,OCCUPIED,0.7797424361109734
473.0,cctv2,C2_S008,G006,OCCUPIED,OCCUPIED,0.76497836004604
473.0,cctv2,C2_S009,G005,OCCUPIED,OCCUPIED,0.7966030437837948
473.0,cctv2,C2_S010,G002,EMPTY,EMPTY,0.01
473.0,cctv2,C2_S011,G017,OCCUPIED,OCCUPIED,0.8098243071274325
473.0,cctv2,C2_S012,G018,EMPTY,EMPTY,0.01
473.0,cctv2,C2_S013,G019,OCCUPIED,OCCUPIED,0.8240974239327692
473.0,cctv2,C2_S014,G020,EMPTY,EMPTY,0.01
473.0,cctv3,C3_S001,G021,OCCUPIED,OCCUPIED,0.8024367142807354
473.0,cctv3,C3_S002,G019,EMPTY,EMPTY,0.01
473.0,cctv3,C3_S003,G020,OCCUPIED,OCCUPIED,0.8091322394934568
473.0,cctv3,C3_S004,G024,OCCUPIED,OCCUPIED,0.8272365244952116
473.0,cctv3,C3_S005,G025,OCCUPIED,OCCUPIED,0.8318338364362717
473.0,cctv3,C3_S006,G026,OCCUPIED,OCCUPIED,0.8256195409731433
473.0,cctv3,C3_S007,G027,OCCUPIED,LEAVING,0.7275588104772298
473.0,cctv3,C3_S008,G028,EMPTY,MANEUVERING,0.1000019926645539
473.0,cctv3,C3_S009,G029,EMPTY,EMPTY,0.01
473.0,cctv3,C3_S010,G007,OCCUPIED,OCCUPIED,0.7617467053911904
473.0,cctv3,C3_S011,G008,OCCUPIED,OCCUPIED,0.7942029617049478
473.0,cctv3,C3_S012,G009,OCCUPIED,OCCUPIED,0.8282681719823317
474.0,cctv1,C1_S001,G001,OCCUPIED,OCCUPIED,0.7414428370920095
474.0,cctv1,C1_S002,G002,EMPTY,EMPTY,0.01
474.0,cctv1,C1_S003,G003,OCCUPIED,OCCUPIED,0.8379800054160031
474.0,cctv1,C1_S004,G004,OCCUPIED,OCCUPIED,0.7698682445016775
474.0,cctv1,C1_S005,G005,OCCUPIED,OCCUPIED,0.7807228554378857
474.0,cctv1,C1_S006,G006,EMPTY,EMPTY,0.01
474.0,cctv2,C2_S001,G007,OCCUPIED,OCCUPIED,0.7913403964855454
474.0,cctv2,C2_S002,G008,OCCUPIED,OCCUPIED,0.8243283223022115
474.0,cctv2,C2_S003,G009,EMPTY,EMPTY,0.01
474.0,cctv2,C2_S004,G010,OCCUPIED,OCCUPIED,0.7801673772660169
474.0,cctv2,C2_S005,G001,EMPTY,EMPTY,0.01
474.0,cctv2,C2_S006,G003,OCCUPIED,OCCUPIED,0.8196693512526426
474.0,cctv2,C2_S007,G004,OCCUPIED,OCCUPIED,0.7799550540067933
474.0,cctv2,C2_S008,G006,OCCUPIED,OCCUPIED,0.764440973780372
474.0,cctv2,C2_S009,G005,OCCUPIED,OCCUPIED,0.7953671533953061
474.0,cctv2,C2_S010,G002,EMPTY,EMPTY,0.01
474.0,cctv2,C2_S011,G017,OCCUPIED,OCCUPIED,0.809355580535802
474.0,cctv2,C2_S012,G018,EMPTY,EMPTY,0.01
474.0,cctv2,C2_S013,G019,OCCUPIED,OCCUPIED,0.8238922853361477
474.0,cctv2,C2_S014,G020,EMPTY,EMPTY,0.01
474.0,cctv3,C3_S001,G021,OCCUPIED,OCCUPIED,0.8032643293792552
474.0,cctv3,C3_S002,G019,EMPTY,EMPTY,0.01
474.0,cctv3,C3_S003,G020,OCCUPIED,OCCUPIED,0.8117065050385216
474.0,cctv3,C3_S004,G024,OCCUPIED,OCCUPIED,0.8269204464825718
474.0,cctv3,C3_S005,G025,OCCUPIED,OCCUPIED,0.8317767785354094
474.0,cctv3,C3_S006,G026,OCCUPIED,OCCUPIED,0.8254640143026006
474.0,cctv3,C3_S007,G027,OCCUPIED,LEAVING,0.7297518713332036
474.0,cctv3,C3_S008,G028,EMPTY,MANEUVERING,0.1000019926645539
474.0,cctv3,C3_S009,G029,EMPTY,EMPTY,0.01
474.0,cctv3,C3_S010,G007,OCCUPIED,OCCUPIED,0.7632539609616453
474.0,cctv3,C3_S011,G008,OCCUPIED,OCCUPIED,0.795122702555223
474.0,cctv3,C3_S012,G009,OCCUPIED,OCCUPIED,0.8284409200603312
475.0,cctv1,C1_S001,G001,OCCUPIED,OCCUPIED,0.7423370937054808
475.0,cctv1,C1_S002,G002,EMPTY,EMPTY,0.01
475.0,cctv1,C1_S003,G003,OCCUPIED,OCCUPIED,0.8382646146145735
475.0,cctv1,C1_S004,G004,OCCUPIED,OCCUPIED,0.7703712306239389
475.0,cctv1,C1_S005,G005,OCCUPIED,OCCUPIED,0.7836567422205752
475.0,cctv1,C1_S006,G006,EMPTY,EMPTY,0.01
475.0,cctv2,C2_S001,G007,OCCUPIED,OCCUPIED,0.7903869329528376
475.0,cctv2,C2_S002,G008,OCCUPIED,OCCUPIED,0.8241182549433276
475.0,cctv2,C2_S003,G009,EMPTY,EMPTY,0.01
475.0,cctv2,C2_S004,G010,OCCUPIED,OCCUPIED,0.7803386736999859
475.0,cctv2,C2_S005,G001,EMPTY,EMPTY,0.01
475.0,cctv2,C2_S006,G003,OCCUPIED,OCCUPIED,0.8200756433335218
475.0,cctv2,C2_S007,G004,OCCUPIED,OCCUPIED,0.7804317991841924
475.0,cctv2,C2_S008,G006,OCCUPIED,OCCUPIED,0.7647382946176963
475.0,cctv2,C2_S009,G005,OCCUPIED,OCCUPIED,0.7950232511216945
475.0,cctv2,C2_S010,G002,EMPTY,EMPTY,0.01
475.0,cctv2,C2_S011,G017,OCCUPIED,OCCUPIED,0.8095167902382938
475.0,cctv2,C2_S012,G018,EMPTY,EMPTY,0.01
475.0,cctv2,C2_S013,G019,OCCUPIED,OCCUPIED,0.8238464853980325
475.0,cctv2,C2_S014,G020,EMPTY,EMPTY,0.01
475.0,cctv3,C3_S001,G021,OCCUPIED,OCCUPIED,0.8050559027628466
475.0,cctv3,C3_S002,G019,EMPTY,EMPTY,0.01
475.0,cctv3,C3_S003,G020,OCCUPIED,OCCUPIED,0.8127678616480395
475.0,cctv3,C3_S004,G024,OCCUPIED,OCCUPIED,0.8268613687970422
475.0,cctv3,C3_S005,G025,OCCUPIED,OCCUPIED,0.8316944176500495
475.0,cctv3,C3_S006,G026,OCCUPIED,OCCUPIED,0.825468471646309
475.0,cctv3,C3_S007,G027,OCCUPIED,LEAVING,0.730662848471918
475.0,cctv3,C3_S008,G028,EMPTY,MANEUVERING,0.1000019926645539
475.0,cctv3,C3_S009,G029,EMPTY,EMPTY,0.01
475.0,cctv3,C3_S010,G007,OCCUPIED,OCCUPIED,0.7624443052844568
475.0,cctv3,C3_S011,G008,OCCUPIED,OCCUPIED,0.7939586701718244
475.0,cctv3,C3_S012,G009,OCCUPIED,OCCUPIED,0.8284373291514138
476.0,cctv1,C1_S001,G001,OCCUPIED,OCCUPIED,0.7425467357716777
476.0,cctv1,C1_S002,G002,EMPTY,EMPTY,0.01
476.0,cctv1,C1_S003,G003,OCCUPIED,OCCUPIED,0.8381469396027652
476.0,cctv1,C1_S004,G004,OCCUPIED,OCCUPIED,0.7701380414041606
476.0,cctv1,C1_S005,G005,OCCUPIED,OCCUPIED,0.7855072815309871
476.0,cctv1,C1_S006,G006,EMPTY,EMPTY,0.01
476.0,cctv2,C2_S001,G007,OCCUPIED,OCCUPIED,0.7896281730044973
476.0,cctv2,C2_S002,G008,OCCUPIED,OCCUPIED,0.8234111693772403
476.0,cctv2,C2_S003,G009,EMPTY,EMPTY,0.01
476.0,cctv2,C2_S004,G010,OCCUPIED,OCCUPIED,0.7780852044170554
476.0,cctv2,C2_S005,G001,EMPTY,EMPTY,0.01
476.0,cctv2,C2_S006,G003,OCCUPIED,OCCUPIED,0.819964667341926
476.0,cctv2,C2_S007,G004,OCCUPIED,OCCUPIED,0.7794361672618173
476.0,cctv2,C2_S008,G006,OCCUPIED,OCCUPIED,0.7641491376540879
476.0,cctv2,C2_S009,G005,OCCUPIED,OCCUPIED,0.7930786780335687
476.0,cctv2,C2_S010,G002,EMPTY,EMPTY,0.01
476.0,cctv2,C2_S011,G017,OCCUPIED,OCCUPIED,0.8088118236173284
476.0,cctv2,C2_S012,G018,EMPTY,EMPTY,0.01
476.0,cctv2,C2_S013,G019,OCCUPIED,OCCUPIED,0.8249028701673855
476.0,cctv2,C2_S014,G020,EMPTY,EMPTY,0.01
476.0,cctv3,C3_S001,G021,OCCUPIED,OCCUPIED,0.8052542220462453
476.0,cctv3,C3_S002,G019,EMPTY,EMPTY,0.01
476.0,cctv3,C3_S003,G020,OCCUPIED,OCCUPIED,0.8116256112402136
476.0,cctv3,C3_S004,G024,OCCUPIED,OCCUPIED,0.827201453393156
476.0,cctv3,C3_S005,G025,OCCUPIED,OCCUPIED,0.8315849924629386
476.0,cctv3,C3_S006,G026,OCCUPIED,OCCUPIED,0.8253978840329431
476.0,cctv3,C3_S007,G027,OCCUPIED,LEAVING,0.731026185381819
476.0,cctv3,C3_S008,G028,EMPTY,MANEUVERING,0.1000019926645539
476.0,cctv3,C3_S009,G029,EMPTY,EMPTY,0.01
476.0,cctv3,C3_S010,G007,OCCUPIED,OCCUPIED,0.7602949878031557
476.0,cctv3,C3_S011,G008,OCCUPIED,OCCUPIED,0.7920352467081764
476.0,cctv3,C3_S012,G009,OCCUPIED,OCCUPIED,0.8281591158021581
477.0,cctv1,C1_S001,G001,OCCUPIED,OCCUPIED,0.7413122149353678
477.0,cctv1,C1_S002,G002,EMPTY,EMPTY,0.01
477.0,cctv1,C1_S003,G003,OCCUPIED,OCCUPIED,0.8381262557073074
477.0,cctv1,C1_S004,G004,OCCUPIED,OCCUPIED,0.7709756981242788
477.0,cctv1,C1_S005,G005,OCCUPIED,OCCUPIED,0.7858310932462866
477.0,cctv1,C1_S006,G006,EMPTY,EMPTY,0.01
477.0,cctv2,C2_S001,G007,OCCUPIED,OCCUPIED,0.7893917631019246
477.0,cctv2,C2_S002,G008,OCCUPIED,OCCUPIED,0.8227610271085393
477.0,cctv2,C2_S003,G009,EMPTY,MANEUVERING,0.2194753253798593
477.0,cctv2,C2_S004,G010,OCCUPIED,OCCUPIED,0.7780552112243393
477.0,cctv2,C2_S005,G001,EMPTY,EMPTY,0.01
477.0,cctv2,C2_S006,G003,OCCUPIED,OCCUPIED,0.8200305651534688
477.0,cctv2,C2_S007,G004,OCCUPIED,OCCUPIED,0.7795506878332659
477.0,cctv2,C2_S008,G006,OCCUPIED,OCCUPIED,0.7635475941679695
477.0,cctv2,C2_S009,G005,OCCUPIED,OCCUPIED,0.7915533789179543
477.0,cctv2,C2_S010,G002,EMPTY,EMPTY,0.01
477.0,cctv2,C2_S011,G017,OCCUPIED,OCCUPIED,0.8084352495995435
477.0,cctv2,C2_S012,G018,EMPTY,EMPTY,0.01
477.0,cctv2,C2_S013,G019,OCCUPIED,OCCUPIED,0.825265872207555
477.0,cctv2,C2_S014,G020,EMPTY,EMPTY,0.01
477.0,cctv3,C3_S001,G021,OCCUPIED,OCCUPIED,0.8060000525279479
477.0,cctv3,C3_S002,G019,EMPTY,EMPTY,0.01
477.0,cctv3,C3_S003,G020,OCCUPIED,OCCUPIED,0.8134242518381639
477.0,cctv3,C3_S004,G024,OCCUPIED,OCCUPIED,0.8272633002562957
477.0,cctv3,C3_S005,G025,OCCUPIED,OCCUPIED,0.8314959089864384
477.0,cctv3,C3_S006,G026,OCCUPIED,OCCUPIED,0.8252223456447776
477.0,cctv3,C3_S007,G027,OCCUPIED,LEAVING,0.7310944370349701
477.0,cctv3,C3_S008,G028,EMPTY,MANEUVERING,0.1000019926645539
477.0,cctv3,C3_S009,G029,EMPTY,EMPTY,0.01
477.0,cctv3,C3_S010,G007,OCCUPIED,OCCUPIED,0.7585818105123261
477.0,cctv3,C3_S011,G008,OCCUPIED,OCCUPIED,0.7896267579360442
477.0,cctv3,C3_S012,G009,OCCUPIED,OCCUPIED,0.8284772119738839
478.0,cctv1,C1_S001,G001,OCCUPIED,OCCUPIED,0.7404010868207975
478.0,cctv1,C1_S002,G002,EMPTY,EMPTY,0.01
478.0,cctv1,C1_S003,G003,OCCUPIED,OCCUPIED,0.8379495769739151
478.0,cctv1,C1_S004,G004,OCCUPIED,OCCUPIED,0.7705590441823006
478.0,cctv1,C1_S005,G005,OCCUPIED,OCCUPIED,0.7870144667950544
478.0,cctv1,C1_S006,G006,EMPTY,EMPTY,0.01
478.0,cctv2,C2_S001,G007,OCCUPIED,OCCUPIED,0.7911406247453256
478.0,cctv2,C2_S002,G008,OCCUPIED,OCCUPIED,0.8218267958272588
478.0,cctv2,C2_S003,G009,EMPTY,MANEUVERING,0.2194753253798593
478.0,cctv2,C2_S004,G010,OCCUPIED,OCCUPIED,0.7755185474048962
478.0,cctv2,C2_S005,G001,EMPTY,EMPTY,0.01
478.0,cctv2,C2_S006,G003,OCCUPIED,OCCUPIED,0.8199983420697126
478.0,cctv2,C2_S007,G004,OCCUPIED,OCCUPIED,0.7801715704527769
478.0,cctv2,C2_S008,G006,OCCUPIED,OCCUPIED,0.76361860727722
478.0,cctv2,C2_S009,G005,OCCUPIED,OCCUPIED,0.7907738273794002
478.0,cctv2,C2_S010,G002,EMPTY,EMPTY,0.01
478.0,cctv2,C2_S011,G017,OCCUPIED,OCCUPIED,0.8076422480019657
478.0,cctv2,C2_S012,G018,EMPTY,EMPTY,0.01
478.0,cctv2,C2_S013,G019,OCCUPIED,OCCUPIED,0.8267159174789083
478.0,cctv2,C2_S014,G020,EMPTY,EMPTY,0.01
478.0,cctv3,C3_S001,G021,OCCUPIED,OCCUPIED,0.8056570386344737
478.0,cctv3,C3_S002,G019,EMPTY,EMPTY,0.01
478.0,cctv3,C3_S003,G020,OCCUPIED,OCCUPIED,0.8113645745949313
478.0,cctv3,C3_S004,G024,OCCUPIED,OCCUPIED,0.8276121963154186
478.0,cctv3,C3_S005,G025,OCCUPIED,OCCUPIED,0.8315227156335658
478.0,cctv3,C3_S006,G026,OCCUPIED,OCCUPIED,0.8250851799141278
478.0,cctv3,C3_S007,G027,OCCUPIED,LEAVING,0.730684341906824
478.0,cctv3,C3_S008,G028,EMPTY,MANEUVERING,0.1000019926645539
478.0,cctv3,C3_S009,G029,EMPTY,EMPTY,0.01
478.0,cctv3,C3_S010,G007,OCCUPIED,OCCUPIED,0.7542275627905672
478.0,cctv3,C3_S011,G008,OCCUPIED,OCCUPIED,0.7868525369600817
478.0,cctv3,C3_S012,G009,OCCUPIED,OCCUPIED,0.8281460111791438
479.0,cctv1,C1_S001,G001,OCCUPIED,OCCUPIED,0.7409545521167192
479.0,cctv1,C1_S002,G002,EMPTY,EMPTY,0.01
479.0,cctv1,C1_S003,G003,OCCUPIED,OCCUPIED,0.8380769753997976
479.0,cctv1,C1_S004,G004,OCCUPIED,OCCUPIED,0.7706732323223895
479.0,cctv1,C1_S005,G005,OCCUPIED,OCCUPIED,0.7875016201626172
479.0,cctv1,C1_S006,G006,EMPTY,EMPTY,0.01
479.0,cctv2,C2_S001,G007,OCCUPIED,OCCUPIED,0.7901216998696328
479.0,cctv2,C2_S002,G008,OCCUPIED,OCCUPIED,0.8222428194501183
479.0,cctv2,C2_S003,G009,EMPTY,MANEUVERING,0.2194753253798593
479.0,cctv2,C2_S004,G010,OCCUPIED,OCCUPIED,0.77694821276448
479.0,cctv2,C2_S005,G001,EMPTY,EMPTY,0.01
479.0,cctv2,C2_S006,G003,OCCUPIED,OCCUPIED,0.8194949572736567
479.0,cctv2,C2_S007,G004,OCCUPIED,OCCUPIED,0.7789726100184702
479.0,cctv2,C2_S008,G006,OCCUPIED,OCCUPIED,0.7620930033651265
479.0,cctv2,C2_S009,G005,OCCUPIED,OCCUPIED,0.7915408164262773
479.0,cctv2,C2_S010,G002,EMPTY,EMPTY,0.01
479.0,cctv2,C2_S011,G017,OCCUPIED,OCCUPIED,0.8076625888997859
479.0,cctv2,C2_S012,G018,EMPTY,EMPTY,0.01
479.0,cctv2,C2_S013,G019,OCCUPIED,OCCUPIED,0.8276138535954736
479.0,cctv2,C2_S014,G020,EMPTY,EMPTY,0.01
479.0,cctv3,C3_S001,G021,OCCUPIED,OCCUPIED,0.8046391419389032
479.0,cctv3,C3_S002,G019,EMPTY,EMPTY,0.01
479.0,cctv3,C3_S003,G020,OCCUPIED,OCCUPIED,0.8084979157556188
479.0,cctv3,C3_S004,G024,OCCUPIED,OCCUPIED,0.8275566193190489
479.0,cctv3,C3_S005,G025,OCCUPIED,OCCUPIED,0.8314855678515001
479.0,cctv3,C3_S006,G026,OCCUPIED,OCCUPIED,0.8248688313094052
479.0,cctv3,C3_S007,G027,OCCUPIED,OCCUPIED,0.7295260551402516
479.0,cctv3,C3_S008,G028,EMPTY,MANEUVERING,0.1000019926645539
479.0,cctv3,C3_S009,G029,EMPTY,EMPTY,0.01
479.0,cctv3,C3_S010,G007,OCCUPIED,OCCUPIED,0.7526945673606613
479.0,cctv3,C3_S011,G008,OCCUPIED,OCCUPIED,0.7863390353592961
479.0,cctv3,C3_S012,G009,OCCUPIED,OCCUPIED,0.8279081520709125
480.0,cctv1,C1_S001,G001,OCCUPIED,OCCUPIED,0.7406623449515213
480.0,cctv1,C1_S002,G002,EMPTY,EMPTY,0.01
480.0,cctv1,C1_S003,G003,OCCUPIED,OCCUPIED,0.8379259564659813
480.0,cctv1,C1_S004,G004,OCCUPIED,OCCUPIED,0.771512351252816
480.0,cctv1,C1_S005,G005,OCCUPIED,OCCUPIED,0.7887315121563999
480.0,cctv1,C1_S006,G006,EMPTY,EMPTY,0.01
480.0,cctv2,C2_S001,G007,OCCUPIED,OCCUPIED,0.7869376162236388
480.0,cctv2,C2_S002,G008,OCCUPIED,OCCUPIED,0.8213546953418038
480.0,cctv2,C2_S003,G009,EMPTY,MANEUVERING,0.2194753253798593
480.0,cctv2,C2_S004,G010,OCCUPIED,OCCUPIED,0.7746944037350743
480.0,cctv2,C2_S005,G001,EMPTY,EMPTY,0.01
480.0,cctv2,C2_S006,G003,OCCUPIED,OCCUPIED,0.81941311982545
480.0,cctv2,C2_S007,G004,OCCUPIED,OCCUPIED,0.7790811313824221
480.0,cctv2,C2_S008,G006,OCCUPIED,OCCUPIED,0.7613704605536028
480.0,cctv2,C2_S009,G005,OCCUPIED,OCCUPIED,0.7910016135735946
480.0,cctv2,C2_S010,G002,EMPTY,EMPTY,0.01
480.0,cctv2,C2_S011,G017,OCCUPIED,OCCUPIED,0.808186347918077
480.0,cctv2,C2_S012,G018,EMPTY,EMPTY,0.01
480.0,cctv2,C2_S013,G019,OCCUPIED,OCCUPIED,0.8295347346500918
480.0,cctv2,C2_S014,G020,EMPTY,EMPTY,0.01
480.0,cctv3,C3_S001,G021,OCCUPIED,OCCUPIED,0.8045971052213149
480.0,cctv3,C3_S002,G019,EMPTY,EMPTY,0.01
480.0,cctv3,C3_S003,G020,OCCUPIED,OCCUPIED,0.8050729924982245
480.0,cctv3,C3_S004,G024,OCCUPIED,OCCUPIED,0.8276609474962409
480.0,cctv3,C3_S005,G025,OCCUPIED,OCCUPIED,0.8314635908061808
480.0,cctv3,C3_S006,G026,OCCUPIED,OCCUPIED,0.8248325020074845
480.0,cctv3,C3_S007,G027,OCCUPIED,OCCUPIED,0.7441228517754512
480.0,cctv3,C3_S008,G028,EMPTY,EMPTY,0.01
480.0,cctv3,C3_S009,G029,EMPTY,EMPTY,0.01
480.0,cctv3,C3_S010,G007,OCCUPIED,OCCUPIED,0.7524411941116507
480.0,cctv3,C3_S011,G008,OCCUPIED,OCCUPIED,0.7864398856054653
480.0,cctv3,C3_S012,G009,OCCUPIED,OCCUPIED,0.8277833570133557
481.0,cctv1,C1_S001,G001,OCCUPIED,OCCUPIED,0.7422354690730573
481.0,cctv1,C1_S002,G002,EMPTY,EMPTY,0.01
481.0,cctv1,C1_S003,G003,OCCUPIED,OCCUPIED,0.8381197826428848
481.0,cctv1,C1_S004,G004,OCCUPIED,OCCUPIED,0.7728066296740013
481.0,cctv1,C1_S005,G005,OCCUPIED,OCCUPIED,0.7890325226567009
481.0,cctv1,C1_S006,G006,EMPTY,EMPTY,0.01
481.0,cctv2,C2_S001,G007,OCCUPIED,OCCUPIED,0.784408207779581
481.0,cctv2,C2_S002,G008,OCCUPIED,OCCUPIED,0.8213785987008703
481.0,cctv2,C2_S003,G009,EMPTY,MANEUVERING,0.1744753253798593
481.0,cctv2,C2_S004,G010,OCCUPIED,OCCUPIED,0.7738569892265581
481.0,cctv2,C2_S005,G001,EMPTY,EMPTY,0.01
481.0,cctv2,C2_S006,G003,OCCUPIED,OCCUPIED,0.8196780911900781
481.0,cctv2,C2_S007,G004,OCCUPIED,OCCUPIED,0.7804443104700609
481.0,cctv2,C2_S008,G006,OCCUPIED,OCCUPIED,0.7614268824458122
481.0,cctv2,C2_S009,G005,OCCUPIED,OCCUPIED,0.7906802142208273
481.0,cctv2,C2_S010,G002,EMPTY,EMPTY,0.01
481.0,cctv2,C2_S011,G017,OCCUPIED,OCCUPIED,0.8081624356183139
481.0,cctv2,C2_S012,G018,EMPTY,EMPTY,0.01
481.0,cctv2,C2_S013,G019,OCCUPIED,OCCUPIED,0.8289882556958632
481.0,cctv2,C2_S014,G020,EMPTY,EMPTY,0.01
481.0,cctv3,C3_S001,G021,OCCUPIED,OCCUPIED,0.804849510030313
481.0,cctv3,C3_S002,G019,EMPTY,EMPTY,0.01
481.0,cctv3,C3_S003,G020,OCCUPIED,OCCUPIED,0.8053705405105245
481.0,cctv3,C3_S004,G024,OCCUPIED,OCCUPIED,0.8274876800450413
481.0,cctv3,C3_S005,G025,OCCUPIED,OCCUPIED,0.8315059810876847
481.0,cctv3,C3_S006,G026,OCCUPIED,OCCUPIED,0.8246410402384672
481.0,cctv3,C3_S007,G027,OCCUPIED,OCCUPIED,0.744651722027497
481.0,cctv3,C3_S008,G028,EMPTY,EMPTY,0.01
481.0,cctv3,C3_S009,G029,EMPTY,EMPTY,0.01
481.0,cctv3,C3_S010,G007,OCCUPIED,OCCUPIED,0.7526138389652426
481.0,cctv3,C3_S011,G008,OCCUPIED,OCCUPIED,0.7865635151212866
481.0,cctv3,C3_S012,G009,OCCUPIED,OCCUPIED,0.8277767490256918
482.0,cctv1,C1_S001,G001,OCCUPIED,OCCUPIED,0.7433712913231417
482.0,cctv1,C1_S002,G002,EMPTY,EMPTY,0.01
482.0,cctv1,C1_S003,G003,OCCUPIED,OCCUPIED,0.8384162333878604
482.0,cctv1,C1_S004,G004,OCCUPIED,OCCUPIED,0.7741847348484127
482.0,cctv1,C1_S005,G005,OCCUPIED,OCCUPIED,0.7893734395503998
482.0,cctv1,C1_S006,G006,EMPTY,EMPTY,0.01
482.0,cctv2,C2_S001,G007,OCCUPIED,OCCUPIED,0.7831657675179569
482.0,cctv2,C2_S002,G008,OCCUPIED,OCCUPIED,0.8212216382676906
482.0,cctv2,C2_S003,G009,EMPTY,MANEUVERING,0.1744753253798593
482.0,cctv2,C2_S004,G010,OCCUPIED,OCCUPIED,0.7703115945512599
482.0,cctv2,C2_S005,G001,EMPTY,EMPTY,0.01
482.0,cctv2,C2_S006,G003,OCCUPIED,OCCUPIED,0.8195990221066909
482.0,cctv2,C2_S007,G004,OCCUPIED,OCCUPIED,0.7797459457408299
482.0,cctv2,C2_S008,G006,OCCUPIED,OCCUPIED,0.7622695780613207
482.0,cctv2,C2_S009,G005,OCCUPIED,OCCUPIED,0.7901931144974449
482.0,cctv2,C2_S010,G002,EMPTY,EMPTY,0.01
482.0,cctv2,C2_S011,G017,OCCUPIED,OCCUPIED,0.8080911782654849
482.0,cctv2,C2_S012,G018,EMPTY,EMPTY,0.01
482.0,cctv2,C2_S013,G019,OCCUPIED,OCCUPIED,0.8303157987919721
482.0,cctv2,C2_S014,G020,EMPTY,EMPTY,0.01
482.0,cctv3,C3_S001,G021,OCCUPIED,OCCUPIED,0.8050831068645825
482.0,cctv3,C3_S002,G019,EMPTY,EMPTY,0.01
482.0,cctv3,C3_S003,G020,OCCUPIED,OCCUPIED,0.8050328707153147
482.0,cctv3,C3_S004,G024,OCCUPIED,OCCUPIED,0.827661481499672
482.0,cctv3,C3_S005,G025,OCCUPIED,OCCUPIED,0.831532890146429
482.0,cctv3,C3_S006,G026,OCCUPIED,OCCUPIED,0.8246797298843211
482.0,cctv3,C3_S007,G027,OCCUPIED,OCCUPIED,0.7449145236475901
482.0,cctv3,C3_S008,G028,EMPTY,EMPTY,0.01
482.0,cctv3,C3_S009,G029,EMPTY,EMPTY,0.01
482.0,cctv3,C3_S010,G007,OCCUPIED,OCCUPIED,0.7522788428447464
482.0,cctv3,C3_S011,G008,OCCUPIED,OCCUPIED,0.7870116577907043
482.0,cctv3,C3_S012,G009,OCCUPIED,OCCUPIED,0.8273110712116416
483.0,cctv1,C1_S001,G001,OCCUPIED,OCCUPIED,0.7435058313337239
483.0,cctv1,C1_S002,G002,EMPTY,EMPTY,0.01
483.0,cctv1,C1_S003,G003,OCCUPIED,OCCUPIED,0.8384933533993635
483.0,cctv1,C1_S004,G004,OCCUPIED,OCCUPIED,0.7729780541224913
483.0,cctv1,C1_S005,G005,OCCUPIED,OCCUPIED,0.7864000056277622
483.0,cctv1,C1_S006,G006,EMPTY,EMPTY,0.01
483.0,cctv2,C2_S001,G007,OCCUPIED,OCCUPIED,0.7822483122348786
483.0,cctv2,C2_S002,G008,OCCUPIED,OCCUPIED,0.8203214466571809
483.0,cctv2,C2_S003,G009,EMPTY,MANEUVERING,0.1744753253798593
483.0,cctv2,C2_S004,G010,OCCUPIED,OCCUPIED,0.769222794066776
483.0,cctv2,C2_S005,G001,EMPTY,EMPTY,0.01
483.0,cctv2,C2_S006,G003,OCCUPIED,OCCUPIED,0.8192334207621488
483.0,cctv2,C2_S007,G004,OCCUPIED,OCCUPIED,0.7795173443176531
483.0,cctv2,C2_S008,G006,OCCUPIED,OCCUPIED,0.763849636912346
483.0,cctv2,C2_S009,G005,OCCUPIED,OCCUPIED,0.7908896256576885
483.0,cctv2,C2_S010,G002,EMPTY,EMPTY,0.01
483.0,cctv2,C2_S011,G017,OCCUPIED,OCCUPIED,0.8077112360434099
483.0,cctv2,C2_S012,G018,EMPTY,EMPTY,0.01
483.0,cctv2,C2_S013,G019,OCCUPIED,OCCUPIED,0.8305069126866081
483.0,cctv2,C2_S014,G020,EMPTY,EMPTY,0.01
483.0,cctv3,C3_S001,G021,OCCUPIED,OCCUPIED,0.8048643402077935
483.0,cctv3,C3_S002,G019,EMPTY,EMPTY,0.01
483.0,cctv3,C3_S003,G020,OCCUPIED,OCCUPIED,0.8034338417378339
483.0,cctv3,C3_S004,G024,OCCUPIED,OCCUPIED,0.8274088767441837
483.0,cctv3,C3_S005,G025,OCCUPIED,OCCUPIED,0.8314728102900766
483.0,cctv3,C3_S006,G026,OCCUPIED,OCCUPIED,0.8247274642640895
483.0,cctv3,C3_S007,G027,OCCUPIED,OCCUPIED,0.745568874952468
483.0,cctv3,C3_S008,G028,EMPTY,EMPTY,0.01
483.0,cctv3,C3_S009,G029,EMPTY,EMPTY,0.01
483.0,cctv3,C3_S010,G007,OCCUPIED,OCCUPIED,0.7525072073394603
483.0,cctv3,C3_S011,G008,OCCUPIED,OCCUPIED,0.7869326415387068
483.0,cctv3,C3_S012,G009,OCCUPIED,OCCUPIED,0.8274237955158408
484.0,cctv1,C1_S001,G001,OCCUPIED,OCCUPIED,0.7437845599922268
484.0,cctv1,C1_S002,G002,EMPTY,EMPTY,0.01
484.0,cctv1,C1_S003,G003,OCCUPIED,OCCUPIED,0.8385498642921448
484.0,cctv1,C1_S004,G004,OCCUPIED,OCCUPIED,0.7713641795245084
484.0,cctv1,C1_S005,G005,OCCUPIED,OCCUPIED,0.7845063782551073
484.0,cctv1,C1_S006,G006,EMPTY,EMPTY,0.01
484.0,cctv2,C2_S001,G007,OCCUPIED,OCCUPIED,0.7825332018462094
484.0,cctv2,C2_S002,G008,OCCUPIED,OCCUPIED,0.8203486296263609
484.0,cctv2,C2_S003,G009,EMPTY,MANEUVERING,0.1744753253798593
484.0,cctv2,C2_S004,G010,OCCUPIED,OCCUPIED,0.7695096469738267
484.0,cctv2,C2_S005,G001,EMPTY,EMPTY,0.01
484.0,cctv2,C2_S006,G003,OCCUPIED,OCCUPIED,0.8192677189003338
484.0,cctv2,C2_S007,G004,OCCUPIED,OCCUPIED,0.7795491748235444
484.0,cctv2,C2_S008,G006,OCCUPIED,OCCUPIED,0.7650078887289221
484.0,cctv2,C2_S009,G005,OCCUPIED,OCCUPIED,0.792261596701362
484.0,cctv2,C2_S010,G002,EMPTY,EMPTY,0.01
484.0,cctv2,C2_S011,G017,OCCUPIED,OCCUPIED,0.8079660613428463
484.0,cctv2,C2_S012,G018,EMPTY,EMPTY,0.01
484.0,cctv2,C2_S013,G019,OCCUPIED,OCCUPIED,0.8284688719294289
484.0,cctv2,C2_S014,G020,EMPTY,EMPTY,0.01
484.0,cctv3,C3_S001,G021,OCCUPIED,OCCUPIED,0.8046493554657157
484.0,cctv3,C3_S002,G019,EMPTY,EMPTY,0.01
484.0,cctv3,C3_S003,G020,OCCUPIED,OCCUPIED,0.802715161713687
484.0,cctv3,C3_S004,G024,OCCUPIED,OCCUPIED,0.8271853536367417
484.0,cctv3,C3_S005,G025,OCCUPIED,OCCUPIED,0.8314647709781474
484.0,cctv3,C3_S006,G026,OCCUPIED,OCCUPIED,0.8246778019449928
484.0,cctv3,C3_S007,G027,OCCUPIED,OCCUPIED,0.7466596194288948
484.0,cctv3,C3_S008,G028,EMPTY,EMPTY,0.01
484.0,cctv3,C3_S009,G029,EMPTY,EMPTY,0.01
484.0,cctv3,C3_S010,G007,OCCUPIED,OCCUPIED,0.7535624468868429
484.0,cctv3,C3_S011,G008,OCCUPIED,OCCUPIED,0.786994554237886
484.0,cctv3,C3_S012,G009,OCCUPIED,OCCUPIED,0.827247796275399
485.0,cctv1,C1_S001,G001,OCCUPIED,OCCUPIED,0.743072580207478
485.0,cctv1,C1_S002,G002,EMPTY,EMPTY,0.01
485.0,cctv1,C1_S003,G003,OCCUPIED,OCCUPIED,0.8386546508832412
485.0,cctv1,C1_S004,G004,OCCUPIED,OCCUPIED,0.7707967736504295
485.0,cctv1,C1_S005,G005,OCCUPIED,OCCUPIED,0.7836680351333185
485.0,cctv1,C1_S006,G006,EMPTY,EMPTY,0.01
485.0,cctv2,C2_S001,G007,OCCUPIED,OCCUPIED,0.7816513492302462
485.0,cctv2,C2_S002,G008,OCCUPIED,OCCUPIED,0.8200346827507019
485.0,cctv2,C2_S003,G009,EMPTY,MANEUVERING,0.1744753253798593
485.0,cctv2,C2_S004,G010,OCCUPIED,OCCUPIED,0.7688776990229433
485.0,cctv2,C2_S005,G001,EMPTY,EMPTY,0.01
485.0,cctv2,C2_S006,G003,OCCUPIED,OCCUPIED,0.8189769706942819
485.0,cctv2,C2_S007,G004,OCCUPIED,OCCUPIED,0.779267450218851
485.0,cctv2,C2_S008,G006,OCCUPIED,OCCUPIED,0.7659115867181259
485.0,cctv2,C2_S009,G005,OCCUPIED,OCCUPIED,0.7928216069936753
485.0,cctv2,C2_S010,G002,EMPTY,EMPTY,0.01
485.0,cctv2,C2_S011,G017,OCCUPIED,OCCUPIED,0.8081875158981844
485.0,cctv2,C2_S012,G018,EMPTY,EMPTY,0.01
485.0,cctv2,C2_S013,G019,OCCUPIED,OCCUPIED,0.8284468721259725
485.0,cctv2,C2_S014,G020,EMPTY,EMPTY,0.01
485.0,cctv3,C3_S001,G021,OCCUPIED,OCCUPIED,0.8048619042743337
485.0,cctv3,C3_S002,G019,EMPTY,EMPTY,0.01
485.0,cctv3,C3_S003,G020,OCCUPIED,OCCUPIED,0.8001450722867793
485.0,cctv3,C3_S004,G024,OCCUPIED,OCCUPIED,0.8271900613199581
485.0,cctv3,C3_S005,G025,OCCUPIED,OCCUPIED,0.8315109903162177
485.0,cctv3,C3_S006,G026,OCCUPIED,OCCUPIED,0.8246726577932185
485.0,cctv3,C3_S007,G027,OCCUPIED,OCCUPIED,0.7478187417442149
485.0,cctv3,C3_S008,G028,EMPTY,EMPTY,0.01
485.0,cctv3,C3_S009,G029,EMPTY,EMPTY,0.01
485.0,cctv3,C3_S010,G007,OCCUPIED,OCCUPIED,0.753538489477201
485.0,cctv3,C3_S011,G008,OCCUPIED,OCCUPIED,0.7864734156565233
485.0,cctv3,C3_S012,G009,OCCUPIED,OCCUPIED,0.8270200003277173
486.0,cctv1,C1_S001,G001,OCCUPIED,OCCUPIED,0.7424824734980411
486.0,cctv1,C1_S002,G002,EMPTY,EMPTY,0.01
486.0,cctv1,C1_S003,G003,OCCUPIED,OCCUPIED,0.8385517036372966
486.0,cctv1,C1_S004,G004,OCCUPIED,OCCUPIED,0.7712543381886049
486.0,cctv1,C1_S005,G005,OCCUPIED,OCCUPIED,0.7796235512603413
486.0,cctv1,C1_S006,G006,EMPTY,EMPTY,0.01
486.0,cctv2,C2_S001,G007,OCCUPIED,OCCUPIED,0.7838319550861013
486.0,cctv2,C2_S002,G008,OCCUPIED,OCCUPIED,0.8218048139051958
486.0,cctv2,C2_S003,G009,EMPTY,MANEUVERING,0.1744753253798593
486.0,cctv2,C2_S004,G010,OCCUPIED,OCCUPIED,0.7696807922287421
486.0,cctv2,C2_S005,G001,EMPTY,EMPTY,0.01
486.0,cctv2,C2_S006,G003,OCCUPIED,OCCUPIED,0.8188981113108722
486.0,cctv2,C2_S007,G004,OCCUPIED,OCCUPIED,0.7787409082055092
486.0,cctv2,C2_S008,G006,OCCUPIED,OCCUPIED,0.7661815896630287
486.0,cctv2,C2_S009,G005,OCCUPIED,OCCUPIED,0.7927979864857414
486.0,cctv2,C2_S010,G002,EMPTY,EMPTY,0.01
486.0,cctv2,C2_S011,G017,OCCUPIED,OCCUPIED,0.807831023498015
486.0,cctv2,C2_S012,G018,EMPTY,EMPTY,0.01
486.0,cctv2,C2_S013,G019,OCCUPIED,OCCUPIED,0.826041443510489
486.0,cctv2,C2_S014,G020,EMPTY,EMPTY,0.01
486.0,cctv3,C3_S001,G021,OCCUPIED,OCCUPIED,0.8045334580269727
486.0,cctv3,C3_S002,G019,EMPTY,EMPTY,0.01
486.0,cctv3,C3_S003,G020,OCCUPIED,OCCUPIED,0.8019669456915423
486.0,cctv3,C3_S004,G024,OCCUPIED,OCCUPIED,0.8271174108440227
486.0,cctv3,C3_S005,G025,OCCUPIED,OCCUPIED,0.8316056137735194
486.0,cctv3,C3_S006,G026,OCCUPIED,OCCUPIED,0.8247144653038546
486.0,cctv3,C3_S007,G027,OCCUPIED,OCCUPIED,0.7479192010381006
486.0,cctv3,C3_S008,G028,EMPTY,EMPTY,0.01
486.0,cctv3,C3_S009,G029,EMPTY,EMPTY,0.01
486.0,cctv3,C3_S010,G007,OCCUPIED,OCCUPIED,0.7548208974979141
486.0,cctv3,C3_S011,G008,OCCUPIED,OCCUPIED,0.7862044746225532
486.0,cctv3,C3_S012,G009,OCCUPIED,OCCUPIED,0.826825735243884
487.0,cctv1,C1_S001,G001,OCCUPIED,OCCUPIED,0.7421722211621025
487.0,cctv1,C1_S002,G002,EMPTY,EMPTY,0.01
487.0,cctv1,C1_S003,G003,OCCUPIED,OCCUPIED,0.8386483403769407
487.0,cctv1,C1_S004,G004,OCCUPIED,OCCUPIED,0.7718324509533969
487.0,cctv1,C1_S005,G005,OCCUPIED,LEAVING,0.7654002647779206
487.0,cctv1,C1_S006,G006,EMPTY,MANEUVERING,0.1056665503301403
487.0,cctv2,C2_S001,G007,OCCUPIED,OCCUPIED,0.7866644990715115
487.0,cctv2,C2_S002,G008,OCCUPIED,OCCUPIED,0.8233083253557032
487.0,cctv2,C2_S003,G009,EMPTY,MANEUVERING,0.1744753253798593
487.0,cctv2,C2_S004,G010,OCCUPIED,OCCUPIED,0.7687636616555128
487.0,cctv2,C2_S005,G001,EMPTY,EMPTY,0.01
487.0,cctv2,C2_S006,G003,OCCUPIED,OCCUPIED,0.8189603507518769
487.0,cctv2,C2_S007,G004,OCCUPIED,OCCUPIED,0.7793743679469283
487.0,cctv2,C2_S008,G006,OCCUPIED,OCCUPIED,0.7665885214101185
487.0,cctv2,C2_S009,G005,OCCUPIED,OCCUPIED,0.7936624917117032
487.0,cctv2,C2_S010,G002,EMPTY,EMPTY,0.01
487.0,cctv2,C2_S011,G017,OCCUPIED,OCCUPIED,0.8078187779946762
487.0,cctv2,C2_S012,G018,EMPTY,EMPTY,0.01
487.0,cctv2,C2_S013,G019,OCCUPIED,OCCUPIED,0.8234837011857467
487.0,cctv2,C2_S014,G020,EMPTY,EMPTY,0.01
487.0,cctv3,C3_S001,G021,OCCUPIED,OCCUPIED,0.8036928488449617
487.0,cctv3,C3_S002,G019,EMPTY,EMPTY,0.01
487.0,cctv3,C3_S003,G020,OCCUPIED,OCCUPIED,0.8035308442332528
487.0,cctv3,C3_S004,G024,OCCUPIED,OCCUPIED,0.8268167904832147
487.0,cctv3,C3_S005,G025,OCCUPIED,OCCUPIED,0.8316719057885084
487.0,cctv3,C3_S006,G026,OCCUPIED,OCCUPIED,0.8247582950375297
487.0,cctv3,C3_S007,G027,OCCUPIED,OCCUPIED,0.748820366778157
487.0,cctv3,C3_S008,G028,EMPTY,EMPTY,0.01
487.0,cctv3,C3_S009,G029,EMPTY,EMPTY,0.01
487.0,cctv3,C3_S010,G007,OCCUPIED,OCCUPIED,0.7577399150891738
487.0,cctv3,C3_S011,G008,OCCUPIED,OCCUPIED,0.7879304931922393
487.0,cctv3,C3_S012,G009,OCCUPIED,OCCUPIED,0.826872716979547
488.0,cctv1,C1_S001,G001,OCCUPIED,OCCUPIED,0.7429066477851435
488.0,cctv1,C1_S002,G002,EMPTY,EMPTY,0.01
488.0,cctv1,C1_S003,G003,OCCUPIED,OCCUPIED,0.8387727729298853
488.0,cctv1,C1_S004,G004,OCCUPIED,OCCUPIED,0.771843096478419
488.0,cctv1,C1_S005,G005,OCCUPIED,LEAVING,0.7626908658851278
488.0,cctv1,C1_S006,G006,EMPTY,MANEUVERING,0.1056665503301403
488.0,cctv2,C2_S001,G007,OCCUPIED,OCCUPIED,0.7889622882008553
488.0,cctv2,C2_S002,G008,OCCUPIED,OCCUPIED,0.8247432827949525
488.0,cctv2,C2_S003,G009,EMPTY,EMPTY,0.01
488.0,cctv2,C2_S004,G010,OCCUPIED,OCCUPIED,0.7682029393586246
488.0,cctv2,C2_S005,G001,EMPTY,EMPTY,0.01
488.0,cctv2,C2_S006,G003,OCCUPIED,OCCUPIED,0.8189122189175
488.0,cctv2,C2_S007,G004,OCCUPIED,OCCUPIED,0.7790009658445012
488.0,cctv2,C2_S008,G006,OCCUPIED,OCCUPIED,0.7665871059352702
488.0,cctv2,C2_S009,G005,OCCUPIED,OCCUPIED,0.7941381579095668
488.0,cctv2,C2_S010,G002,EMPTY,EMPTY,0.01
488.0,cctv2,C2_S011,G017,OCCUPIED,OCCUPIED,0.8083101985129444
488.0,cctv2,C2_S012,G018,EMPTY,EMPTY,0.01
488.0,cctv2,C2_S013,G019,OCCUPIED,OCCUPIED,0.8216792702674867
488.0,cctv2,C2_S014,G020,EMPTY,EMPTY,0.01
488.0,cctv3,C3_S001,G021,OCCUPIED,OCCUPIED,0.8035145485943015
488.0,cctv3,C3_S002,G019,EMPTY,EMPTY,0.01
488.0,cctv3,C3_S003,G020,OCCUPIED,OCCUPIED,0.8034119914878499
488.0,cctv3,C3_S004,G024,OCCUPIED,OCCUPIED,0.8265846794301814
488.0,cctv3,C3_S005,G025,OCCUPIED,OCCUPIED,0.8317169311371717
488.0,cctv3,C3_S006,G026,OCCUPIED,OCCUPIED,0.8246833703734658
488.0,cctv3,C3_S007,G027,OCCUPIED,OCCUPIED,0.7476929623972286
488.0,cctv3,C3_S008,G028,EMPTY,EMPTY,0.01
488.0,cctv3,C3_S009,G029,EMPTY,EMPTY,0.01
488.0,cctv3,C3_S010,G007,OCCUPIED,OCCUPIED,0.757442171600732
488.0,cctv3,C3_S011,G008,OCCUPIED,OCCUPIED,0.7891546842726795
488.0,cctv3,C3_S012,G009,OCCUPIED,OCCUPIED,0.8265051795677706
489.0,cctv1,C1_S001,G001,OCCUPIED,OCCUPIED,0.7450348067012701
489.0,cctv1,C1_S002,G002,EMPTY,EMPTY,0.01
489.0,cctv1,C1_S003,G003,OCCUPIED,OCCUPIED,0.8389137522740798
489.0,cctv1,C1_S004,G004,OCCUPIED,OCCUPIED,0.7709193497896195
489.0,cctv1,C1_S005,G005,OCCUPIED,LEAVING,0.7596858221292497
489.0,cctv1,C1_S006,G006,EMPTY,MANEUVERING,0.1056665503301403
489.0,cctv2,C2_S001,G007,OCCUPIED,OCCUPIED,0.7905812012878332
489.0,cctv2,C2_S002,G008,OCCUPIED,OCCUPIED,0.8248946439136159
489.0,cctv2,C2_S003,G009,EMPTY,EMPTY,0.01
489.0,cctv2,C2_S004,G010,OCCUPIED,OCCUPIED,0.7683479290116918
489.0,cctv2,C2_S005,G001,EMPTY,EMPTY,0.01
489.0,cctv2,C2_S006,G003,OCCUPIED,OCCUPIED,0.8186593435027383
489.0,cctv2,C2_S007,G004,OCCUPIED,OCCUPIED,0.7776578143239022
489.0,cctv2,C2_S008,G006,OCCUPIED,OCCUPIED,0.766298225115646
489.0,cctv2,C2_S009,G005,OCCUPIED,OCCUPIED,0.7953456298871474
489.0,cctv2,C2_S010,G002,EMPTY,EMPTY,0.01
489.0,cctv2,C2_S011,G017,OCCUPIED,OCCUPIED,0.8088228076696397
489.0,cctv2,C2_S012,G018,EMPTY,EMPTY,0.01
489.0,cctv2,C2_S013,G019,OCCUPIED,OCCUPIED,0.8192250311374665
489.0,cctv2,C2_S014,G020,EMPTY,EMPTY,0.01
489.0,cctv3,C3_S001,G021,OCCUPIED,OCCUPIED,0.8036003996025433
489.0,cctv3,C3_S002,G019,EMPTY,EMPTY,0.01
489.0,cctv3,C3_S003,G020,OCCUPIED,OCCUPIED,0.8028596799482
489.0,cctv3,C3_S004,G024,OCCUPIED,OCCUPIED,0.826522001082247
489.0,cctv3,C3_S005,G025,OCCUPIED,OCCUPIED,0.8316599504514175
489.0,cctv3,C3_S006,G026,OCCUPIED,OCCUPIED,0.8248738259077073
489.0,cctv3,C3_S007,G027,OCCUPIED,OCCUPIED,0.747550277818333
489.0,cctv3,C3_S008,G028,EMPTY,EMPTY,0.01
489.0,cctv3,C3_S009,G029,EMPTY,EMPTY,0.01
489.0,cctv3,C3_S010,G007,OCCUPIED,OCCUPIED,0.7597398420626468
489.0,cctv3,C3_S011,G008,OCCUPIED,OCCUPIED,0.7912866852500222
489.0,cctv3,C3_S012,G009,OCCUPIED,OCCUPIED,0.8267401126298038
490.0,cctv1,C1_S001,G001,OCCUPIED,OCCUPIED,0.7439510097557849
490.0,cctv1,C1_S002,G002,EMPTY,EMPTY,0.01
490.0,cctv1,C1_S003,G003,OCCUPIED,OCCUPIED,0.8389992773532868
490.0,cctv1,C1_S004,G004,OCCUPIED,OCCUPIED,0.7693793598901142
490.0,cctv1,C1_S005,G005,OCCUPIED,LEAVING,0.7566268818215891
490.0,cctv1,C1_S006,G006,EMPTY,MANEUVERING,0.1056665503301403
490.0,cctv2,C2_S001,G007,OCCUPIED,OCCUPIED,0.7937178195877509
490.0,cctv2,C2_S002,G008,OCCUPIED,OCCUPIED,0.8260498128154061
490.0,cctv2,C2_S003,G009,EMPTY,EMPTY,0.01
490.0,cctv2,C2_S004,G010,OCCUPIED,OCCUPIED,0.7674648950045759
490.0,cctv2,C2_S005,G001,EMPTY,EMPTY,0.01
490.0,cctv2,C2_S006,G003,OCCUPIED,OCCUPIED,0.8189395294948059
490.0,cctv2,C2_S007,G004,OCCUPIED,OCCUPIED,0.7775587859478864
490.0,cctv2,C2_S008,G006,OCCUPIED,OCCUPIED,0.7671143713322554
490.0,cctv2,C2_S009,G005,OCCUPIED,OCCUPIED,0.7942666284062646
490.0,cctv2,C2_S010,G002,EMPTY,EMPTY,0.01
490.0,cctv2,C2_S011,G017,OCCUPIED,OCCUPIED,0.8089313859289343
490.0,cctv2,C2_S012,G018,EMPTY,EMPTY,0.01
490.0,cctv2,C2_S013,G019,OCCUPIED,OCCUPIED,0.8177138396284798
490.0,cctv2,C2_S014,G020,EMPTY,EMPTY,0.01
490.0,cctv3,C3_S001,G021,OCCUPIED,OCCUPIED,0.8044226998632605
490.0,cctv3,C3_S002,G019,EMPTY,EMPTY,0.01
490.0,cctv3,C3_S003,G020,OCCUPIED,OCCUPIED,0.8034890180284328
490.0,cctv3,C3_S004,G024,OCCUPIED,OCCUPIED,0.8262428465214643
490.0,cctv3,C3_S005,G025,OCCUPIED,OCCUPIED,0.8316368029876189
490.0,cctv3,C3_S006,G026,OCCUPIED,OCCUPIED,0.8250677553090183
490.0,cctv3,C3_S007,G027,OCCUPIED,OCCUPIED,0.746519126946276
490.0,cctv3,C3_S008,G028,EMPTY,EMPTY,0.01
490.0,cctv3,C3_S009,G029,EMPTY,EMPTY,0.01
490.0,cctv3,C3_S010,G007,OCCUPIED,OCCUPIED,0.7578117495233363
490.0,cctv3,C3_S011,G008,OCCUPIED,OCCUPIED,0.7889969492500479
490.0,cctv3,C3_S012,G009,OCCUPIED,OCCUPIED,0.8265760118311103
491.0,cctv1,C1_S001,G001,OCCUPIED,OCCUPIED,0.7433875455097719
491.0,cctv1,C1_S002,G002,EMPTY,EMPTY,0.01
491.0,cctv1,C1_S003,G003,OCCUPIED,OCCUPIED,0.83909832239151
491.0,cctv1,C1_S004,G004,OCCUPIED,OCCUPIED,0.7694657290523703
491.0,cctv1,C1_S005,G005,OCCUPIED,LEAVING,0.7545013169266962
491.0,cctv1,C1_S006,G006,EMPTY,MANEUVERING,0.0606665503301403
491.0,cctv2,C2_S001,G007,OCCUPIED,OCCUPIED,0.794734151661396
491.0,cctv2,C2_S002,G008,OCCUPIED,OCCUPIED,0.8265109682624991
491.0,cctv2,C2_S003,G009,EMPTY,EMPTY,0.01
491.0,cctv2,C2_S004,G010,OCCUPIED,OCCUPIED,0.7651215997609226
491.0,cctv2,C2_S005,G001,EMPTY,EMPTY,0.01
491.0,cctv2,C2_S006,G003,OCCUPIED,OCCUPIED,0.8191809226166119
491.0,cctv2,C2_S007,G004,OCCUPIED,OCCUPIED,0.7776206929575313
491.0,cctv2,C2_S008,G006,OCCUPIED,OCCUPIED,0.7685121537609534
491.0,cctv2,C2_S009,G005,OCCUPIED,OCCUPIED,0.7948805876753547
491.0,cctv2,C2_S010,G002,EMPTY,EMPTY,0.01
491.0,cctv2,C2_S011,G017,OCCUPIED,OCCUPIED,0.8088293563235891
491.0,cctv2,C2_S012,G018,EMPTY,EMPTY,0.01
491.0,cctv2,C2_S013,G019,OCCUPIED,OCCUPIED,0.8138700138438832
491.0,cctv2,C2_S014,G020,EMPTY,EMPTY,0.01
491.0,cctv3,C3_S001,G021,OCCUPIED,OCCUPIED,0.8051865442232653
491.0,cctv3,C3_S002,G019,EMPTY,EMPTY,0.01
491.0,cctv3,C3_S003,G020,OCCUPIED,OCCUPIED,0.8066645885055717
491.0,cctv3,C3_S004,G024,OCCUPIED,OCCUPIED,0.8262806217778813
491.0,cctv3,C3_S005,G025,OCCUPIED,OCCUPIED,0.8316195141185414
491.0,cctv3,C3_S006,G026,OCCUPIED,OCCUPIED,0.8249999807639556
491.0,cctv3,C3_S007,G027,OCCUPIED,OCCUPIED,0.746971755000678
491.0,cctv3,C3_S008,G028,EMPTY,EMPTY,0.01
491.0,cctv3,C3_S009,G029,EMPTY,EMPTY,0.01
491.0,cctv3,C3_S010,G007,OCCUPIED,OCCUPIED,0.7580031015656212
491.0,cctv3,C3_S011,G008,OCCUPIED,OCCUPIED,0.7878308312459426
491.0,cctv3,C3_S012,G009,OCCUPIED,OCCUPIED,0.8264768993312663
492.0,cctv1,C1_S001,G001,OCCUPIED,OCCUPIED,0.7413450892676007
492.0,cctv1,C1_S002,G002,EMPTY,EMPTY,0.01
492.0,cctv1,C1_S003,G003,OCCUPIED,OCCUPIED,0.8390596286817031
492.0,cctv1,C1_S004,G004,OCCUPIED,OCCUPIED,0.7688375666737557
492.0,cctv1,C1_S005,G005,OCCUPIED,LEAVING,0.7516541248289023
492.0,cctv1,C1_S006,G006,EMPTY,MANEUVERING,0.0606665503301403
492.0,cctv2,C2_S001,G007,OCCUPIED,OCCUPIED,0.797034645757892
492.0,cctv2,C2_S002,G008,OCCUPIED,OCCUPIED,0.8265769506042655
492.0,cctv2,C2_S003,G009,EMPTY,EMPTY,0.01
492.0,cctv2,C2_S004,G010,OCCUPIED,OCCUPIED,0.7647834292866967
492.0,cctv2,C2_S005,G001,EMPTY,EMPTY,0.01
492.0,cctv2,C2_S006,G003,OCCUPIED,OCCUPIED,0.8191465147516945
492.0,cctv2,C2_S007,G004,OCCUPIED,OCCUPIED,0.7768988194790754
492.0,cctv2,C2_S008,G006,OCCUPIED,OCCUPIED,0.7679633217779074
492.0,cctv2,C2_S009,G005,OCCUPIED,OCCUPIED,0.7945042420517315
492.0,cctv2,C2_S010,G002,EMPTY,EMPTY,0.01
492.0,cctv2,C2_S011,G017,OCCUPIED,OCCUPIED,0.808562088825486
492.0,cctv2,C2_S012,G018,EMPTY,EMPTY,0.01
492.0,cctv2,C2_S013,G019,OCCUPIED,OCCUPIED,0.8131181744011966
492.0,cctv2,C2_S014,G020,EMPTY,EMPTY,0.01
492.0,cctv3,C3_S001,G021,OCCUPIED,OCCUPIED,0.8050733940167861
492.0,cctv3,C3_S002,G019,EMPTY,EMPTY,0.01
492.0,cctv3,C3_S003,G020,OCCUPIED,OCCUPIED,0.8065207904035395
492.0,cctv3,C3_S004,G024,OCCUPIED,OCCUPIED,0.8262691752477126
492.0,cctv3,C3_S005,G025,OCCUPIED,OCCUPIED,0.83157610215924
492.0,cctv3,C3_S006,G026,OCCUPIED,OCCUPIED,0.8252904867584056
492.0,cctv3,C3_S007,G027,OCCUPIED,OCCUPIED,0.7462772750041702
492.0,cctv3,C3_S008,G028,EMPTY,EMPTY,0.01
492.0,cctv3,C3_S009,G029,EMPTY,EMPTY,0.01
492.0,cctv3,C3_S010,G007,OCCUPIED,OCCUPIED,0.7576083604585041
492.0,cctv3,C3_S011,G008,OCCUPIED,OCCUPIED,0.7869793574918401
492.0,cctv3,C3_S012,G009,OCCUPIED,OCCUPIED,0.8263956340876493
493.0,cctv1,C1_S001,G001,OCCUPIED,OCCUPIED,0.7400008187375287
493.0,cctv1,C1_S002,G002,EMPTY,EMPTY,0.01
493.0,cctv1,C1_S003,G003,OCCUPIED,OCCUPIED,0.8389607120643963
493.0,cctv1,C1_S004,G004,OCCUPIED,OCCUPIED,0.7669650686058131
493.0,cctv1,C1_S005,G005,OCCUPIED,LEAVING,0.7512525148283352
493.0,cctv1,C1_S006,G006,EMPTY,MANEUVERING,0.0606665503301403
493.0,cctv2,C2_S001,G007,OCCUPIED,OCCUPIED,0.7989593644033779
493.0,cctv2,C2_S002,G008,OCCUPIED,OCCUPIED,0.8265383958816529
493.0,cctv2,C2_S003,G009,EMPTY,EMPTY,0.01
493.0,cctv2,C2_S004,G010,OCCUPIED,OCCUPIED,0.765720824355429
493.0,cctv2,C2_S005,G001,EMPTY,EMPTY,0.01
493.0,cctv2,C2_S006,G003,OCCUPIED,OCCUPIED,0.8190356899391522
493.0,cctv2,C2_S007,G004,OCCUPIED,OCCUPIED,0.77744888080792
493.0,cctv2,C2_S008,G006,OCCUPIED,OCCUPIED,0.7683034486391328
493.0,cctv2,C2_S009,G005,OCCUPIED,OCCUPIED,0.7953791745684364
493.0,cctv2,C2_S010,G002,EMPTY,EMPTY,0.01
493.0,cctv2,C2_S011,G017,OCCUPIED,OCCUPIED,0.8085033061829481
493.0,cctv2,C2_S012,G018,EMPTY,EMPTY,0.01
493.0,cctv2,C2_S013,G019,OCCUPIED,OCCUPIED,0.8108826848593625
493.0,cctv2,C2_S014,G020,EMPTY,EMPTY,0.01
493.0,cctv3,C3_S001,G021,OCCUPIED,OCCUPIED,0.8055806493217296
493.0,cctv3,C3_S002,G019,EMPTY,EMPTY,0.01
493.0,cctv3,C3_S003,G020,OCCUPIED,OCCUPIED,0.8074965715408325
493.0,cctv3,C3_S004,G024,OCCUPIED,OCCUPIED,0.8260829104618593
493.0,cctv3,C3_S005,G025,OCCUPIED,OCCUPIED,0.8316260424527255
493.0,cctv3,C3_S006,G026,OCCUPIED,OCCUPIED,0.8251110494136811
493.0,cctv3,C3_S007,G027,OCCUPIED,OCCUPIED,0.7462284149094062
493.0,cctv3,C3_S008,G028,EMPTY,EMPTY,0.01
493.0,cctv3,C3_S009,G029,EMPTY,EMPTY,0.01
493.0,cctv3,C3_S010,G007,OCCUPIED,OCCUPIED,0.7583905027671294
493.0,cctv3,C3_S011,G008,OCCUPIED,OCCUPIED,0.786659742214463
493.0,cctv3,C3_S012,G009,OCCUPIED,OCCUPIED,0.8267682546919043
494.0,cctv1,C1_S001,G001,OCCUPIED,OCCUPIED,0.7374708354473115
494.0,cctv1,C1_S002,G002,EMPTY,EMPTY,0.01
494.0,cctv1,C1_S003,G003,OCCUPIED,OCCUPIED,0.8389637478373269
494.0,cctv1,C1_S004,G004,OCCUPIED,OCCUPIED,0.7691017971797424
494.0,cctv1,C1_S005,G005,OCCUPIED,LEAVING,0.7532000387527726
494.0,cctv1,C1_S006,G006,EMPTY,MANEUVERING,0.0606665503301403
494.0,cctv2,C2_S001,G007,OCCUPIED,OCCUPIED,0.799971315535632
494.0,cctv2,C2_S002,G008,OCCUPIED,OCCUPIED,0.8259115611965007
494.0,cctv2,C2_S003,G009,EMPTY,EMPTY,0.01
494.0,cctv2,C2_S004,G010,OCCUPIED,OCCUPIED,0.7692178616469557
494.0,cctv2,C2_S005,G001,EMPTY,EMPTY,0.01
494.0,cctv2,C2_S006,G003,OCCUPIED,OCCUPIED,0.8190478297797117
494.0,cctv2,C2_S007,G004,OCCUPIED,OCCUPIED,0.7774694094603712
494.0,cctv2,C2_S008,G006,OCCUPIED,OCCUPIED,0.7673565305092118
494.0,cctv2,C2_S009,G005,OCCUPIED,OCCUPIED,0.7952354122291913
494.0,cctv2,C2_S010,G002,EMPTY,EMPTY,0.01
494.0,cctv2,C2_S011,G017,OCCUPIED,OCCUPIED,0.8088604154911909
494.0,cctv2,C2_S012,G018,EMPTY,EMPTY,0.01
494.0,cctv2,C2_S013,G019,OCCUPIED,OCCUPIED,0.8071345968679949
494.0,cctv2,C2_S014,G020,EMPTY,EMPTY,0.01
494.0,cctv3,C3_S001,G021,OCCUPIED,OCCUPIED,0.8053695562210951
494.0,cctv3,C3_S002,G019,EMPTY,EMPTY,0.01
494.0,cctv3,C3_S003,G020,OCCUPIED,OCCUPIED,0.8091176125136289
494.0,cctv3,C3_S004,G024,OCCUPIED,OCCUPIED,0.8264175786213441
494.0,cctv3,C3_S005,G025,OCCUPIED,OCCUPIED,0.8316730786453594
494.0,cctv3,C3_S006,G026,OCCUPIED,OCCUPIED,0.8249337480826812
494.0,cctv3,C3_S007,G027,OCCUPIED,OCCUPIED,0.7450042494318703
494.0,cctv3,C3_S008,G028,EMPTY,EMPTY,0.01
494.0,cctv3,C3_S009,G029,EMPTY,EMPTY,0.01
494.0,cctv3,C3_S010,G007,OCCUPIED,OCCUPIED,0.7595606473359195
494.0,cctv3,C3_S011,G008,OCCUPIED,OCCUPIED,0.787411764535037
494.0,cctv3,C3_S012,G009,OCCUPIED,OCCUPIED,0.8263055086135864
495.0,cctv1,C1_S001,G001,OCCUPIED,OCCUPIED,0.7380791023373604
495.0,cctv1,C1_S002,G002,EMPTY,EMPTY,0.01
495.0,cctv1,C1_S003,G003,OCCUPIED,OCCUPIED,0.8389486632563852
495.0,cctv1,C1_S004,G004,OCCUPIED,OCCUPIED,0.7699167916720564
495.0,cctv1,C1_S005,G005,OCCUPIED,LEAVING,0.7528121206164361
495.0,cctv1,C1_S006,G006,EMPTY,MANEUVERING,0.0606665503301403
495.0,cctv2,C2_S001,G007,OCCUPIED,OCCUPIED,0.7997378414327448
495.0,cctv2,C2_S002,G008,OCCUPIED,OCCUPIED,0.8237589762969451
495.0,cctv2,C2_S003,G009,EMPTY,EMPTY,0.01
495.0,cctv2,C2_S004,G010,OCCUPIED,OCCUPIED,0.7658970280127092
495.0,cctv2,C2_S005,G001,EMPTY,EMPTY,0.01
495.0,cctv2,C2_S006,G003,OCCUPIED,OCCUPIED,0.8190481532703747
495.0,cctv2,C2_S007,G004,OCCUPIED,OCCUPIED,0.7771913505413316
495.0,cctv2,C2_S008,G006,OCCUPIED,OCCUPIED,0.7677742935039781
495.0,cctv2,C2_S009,G005,OCCUPIED,OCCUPIED,0.7944139775904743
495.0,cctv2,C2_S010,G002,EMPTY,EMPTY,0.01
495.0,cctv2,C2_S011,G017,OCCUPIED,OCCUPIED,0.8084120037880811
495.0,cctv2,C2_S012,G018,EMPTY,EMPTY,0.01
495.0,cctv2,C2_S013,G019,OCCUPIED,OCCUPIED,0.8089044199748473
495.0,cctv2,C2_S014,G020,EMPTY,EMPTY,0.01
495.0,cctv3,C3_S001,G021,OCCUPIED,OCCUPIED,0.8056438413533298
495.0,cctv3,C3_S002,G019,EMPTY,EMPTY,0.01
495.0,cctv3,C3_S003,G020,OCCUPIED,OCCUPIED,0.809185916185379
495.0,cctv3,C3_S004,G024,OCCUPIED,OCCUPIED,0.8265827165408568
495.0,cctv3,C3_S005,G025,OCCUPIED,OCCUPIED,0.8315805383703926
495.0,cctv3,C3_S006,G026,OCCUPIED,OCCUPIED,0.8248696652325718
495.0,cctv3,C3_S007,G027,OCCUPIED,OCCUPIED,0.7450222182002935
495.0,cctv3,C3_S008,G028,EMPTY,EMPTY,0.01
495.0,cctv3,C3_S009,G029,EMPTY,EMPTY,0.01
495.0,cctv3,C3_S010,G007,OCCUPIED,OCCUPIED,0.6780171291936528
495.0,cctv3,C3_S011,G008,OCCUPIED,OCCUPIED,0.7885449466380207
495.0,cctv3,C3_S012,G009,OCCUPIED,OCCUPIED,0.8264020315625451
496.0,cctv1,C1_S001,G001,OCCUPIED,OCCUPIED,0.7378601097247818
496.0,cctv1,C1_S002,G002,EMPTY,EMPTY,0.01
496.0,cctv1,C1_S003,G003,OCCUPIED,OCCUPIED,0.8389416952024807
496.0,cctv1,C1_S004,G004,OCCUPIED,OCCUPIED,0.7696235364133662
496.0,cctv1,C1_S005,G005,OCCUPIED,LEAVING,0.7544782348925418
496.0,cctv1,C1_S006,G006,EMPTY,MANEUVERING,0.0606665503301403
496.0,cctv2,C2_S001,G007,OCCUPIED,OCCUPIED,0.799274168773131
496.0,cctv2,C2_S002,G008,OCCUPIED,OCCUPIED,0.8213643301617016
496.0,cctv2,C2_S003,G009,EMPTY,EMPTY,0.01
496.0,cctv2,C2_S004,G010,OCCUPIED,OCCUPIED,0.762120562249964
496.0,cctv2,C2_S005,G001,EMPTY,EMPTY,0.01
496.0,cctv2,C2_S006,G003,OCCUPIED,OCCUPIED,0.8192928536371752
496.0,cctv2,C2_S007,G004,OCCUPIED,OCCUPIED,0.7774527919563381
496.0,cctv2,C2_S008,G006,OCCUPIED,OCCUPIED,0.7677259609103203
496.0,cctv2,C2_S009,G005,OCCUPIED,OCCUPIED,0.7937225179238754
496.0,cctv2,C2_S010,G002,EMPTY,EMPTY,0.01
496.0,cctv2,C2_S011,G017,OCCUPIED,OCCUPIED,0.8080040869387715
496.0,cctv2,C2_S012,G018,EMPTY,EMPTY,0.01
496.0,cctv2,C2_S013,G019,OCCUPIED,OCCUPIED,0.8093153343959288
496.0,cctv2,C2_S014,G020,EMPTY,EMPTY,0.01
496.0,cctv3,C3_S001,G021,OCCUPIED,OCCUPIED,0.8048738360404969
496.0,cctv3,C3_S002,G019,EMPTY,EMPTY,0.01
496.0,cctv3,C3_S003,G020,OCCUPIED,OCCUPIED,0.8107588009400801
496.0,cctv3,C3_S004,G024,OCCUPIED,OCCUPIED,0.8268890508196571
496.0,cctv3,C3_S005,G025,OCCUPIED,OCCUPIED,0.831566582755609
496.0,cctv3,C3_S006,G026,OCCUPIED,OCCUPIED,0.8249081671237946
496.0,cctv3,C3_S007,G027,OCCUPIED,OCCUPIED,0.7446530820293861
496.0,cctv3,C3_S008,G028,EMPTY,EMPTY,0.01
496.0,cctv3,C3_S009,G029,EMPTY,EMPTY,0.01
496.0,cctv3,C3_S010,G007,OCCUPIED,OCCUPIED,0.6767979480732571
496.0,cctv3,C3_S011,G008,OCCUPIED,OCCUPIED,0.7883185771378605
496.0,cctv3,C3_S012,G009,OCCUPIED,OCCUPIED,0.826410733298822
497.0,cctv1,C1_S001,G001,OCCUPIED,OCCUPIED,0.7399760780009357
497.0,cctv1,C1_S002,G002,EMPTY,EMPTY,0.01
497.0,cctv1,C1_S003,G003,OCCUPIED,OCCUPIED,0.8390305616638878
497.0,cctv1,C1_S004,G004,OCCUPIED,OCCUPIED,0.7697748800570315
497.0,cctv1,C1_S005,G005,OCCUPIED,LEAVING,0.7580974569645796
497.0,cctv1,C1_S006,G006,EMPTY,MANEUVERING,0.0606665503301403
497.0,cctv2,C2_S001,G007,OCCUPIED,OCCUPIED,0.7986391110853716
497.0,cctv2,C2_S002,G008,OCCUPIED,OCCUPIED,0.8191340343518692
497.0,cctv2,C2_S003,G009,EMPTY,EMPTY,0.01
497.0,cctv2,C2_S004,G010,OCCUPIED,OCCUPIED,0.7611902234229175
497.0,cctv2,C2_S005,G001,EMPTY,EMPTY,0.01
497.0,cctv2,C2_S006,G003,OCCUPIED,OCCUPIED,0.8191034067760815
497.0,cctv2,C2_S007,G004,OCCUPIED,OCCUPIED,0.7778805774721234
497.0,cctv2,C2_S008,G006,OCCUPIED,OCCUPIED,0.7687987697395412
497.0,cctv2,C2_S009,G005,OCCUPIED,OCCUPIED,0.7938568795269186
497.0,cctv2,C2_S010,G002,EMPTY,EMPTY,0.01
497.0,cctv2,C2_S011,G017,OCCUPIED,OCCUPIED,0.808092898130417
497.0,cctv2,C2_S012,G018,EMPTY,EMPTY,0.01
497.0,cctv2,C2_S013,G019,OCCUPIED,OCCUPIED,0.8115258476950906
497.0,cctv2,C2_S014,G020,EMPTY,EMPTY,0.01
497.0,cctv3,C3_S001,G021,OCCUPIED,OCCUPIED,0.805127038197084
497.0,cctv3,C3_S002,G019,EMPTY,EMPTY,0.01
497.0,cctv3,C3_S003,G020,OCCUPIED,OCCUPIED,0.8103330799124459
497.0,cctv3,C3_S004,G024,OCCUPIED,OCCUPIED,0.826920312372121
497.0,cctv3,C3_S005,G025,OCCUPIED,OCCUPIED,0.8315173154527491
497.0,cctv3,C3_S006,G026,OCCUPIED,OCCUPIED,0.8246564515612342
497.0,cctv3,C3_S007,G027,OCCUPIED,OCCUPIED,0.7434176933359017
497.0,cctv3,C3_S008,G028,EMPTY,EMPTY,0.01
497.0,cctv3,C3_S009,G029,EMPTY,EMPTY,0.01
497.0,cctv3,C3_S010,G007,OCCUPIED,OCCUPIED,0.6741728104312311
497.0,cctv3,C3_S011,G008,OCCUPIED,OCCUPIED,0.7881284329024228
497.0,cctv3,C3_S012,G009,OCCUPIED,OCCUPIED,0.8265931674025276
498.0,cctv1,C1_S001,G001,OCCUPIED,OCCUPIED,0.7425292764197697
498.0,cctv1,C1_S002,G002,EMPTY,EMPTY,0.01
498.0,cctv1,C1_S003,G003,OCCUPIED,OCCUPIED,0.8388201236724854
498.0,cctv1,C1_S004,G004,OCCUPIED,OCCUPIED,0.769435932554982
498.0,cctv1,C1_S005,G005,OCCUPIED,LEAVING,0.7735273335467686
498.0,cctv1,C1_S006,G006,EMPTY,EMPTY,0.01
498.0,cctv2,C2_S001,G007,OCCUPIED,OCCUPIED,0.7968515122478659
498.0,cctv2,C2_S002,G008,OCCUPIED,OCCUPIED,0.8164638042449952
498.0,cctv2,C2_S003,G009,EMPTY,EMPTY,0.01
498.0,cctv2,C2_S004,G010,OCCUPIED,OCCUPIED,0.7607544502074068
498.0,cctv2,C2_S005,G001,EMPTY,EMPTY,0.01
498.0,cctv2,C2_S006,G003,OCCUPIED,OCCUPIED,0.8186351532285865
498.0,cctv2,C2_S007,G004,OCCUPIED,OCCUPIED,0.7769234750758518
498.0,cctv2,C2_S008,G006,OCCUPIED,OCCUPIED,0.7688459274443714
498.0,cctv2,C2_S009,G005,OCCUPIED,OCCUPIED,0.793487088246779
498.0,cctv2,C2_S010,G002,EMPTY,EMPTY,0.01
498.0,cctv2,C2_S011,G017,OCCUPIED,OCCUPIED,0.8085531855171377
498.0,cctv2,C2_S012,G018,EMPTY,EMPTY,0.01
498.0,cctv2,C2_S013,G019,OCCUPIED,OCCUPIED,0.8136012191122229
498.0,cctv2,C2_S014,G020,EMPTY,EMPTY,0.01
498.0,cctv3,C3_S001,G021,OCCUPIED,OCCUPIED,0.8063292619856922
498.0,cctv3,C3_S002,G019,EMPTY,EMPTY,0.01
498.0,cctv3,C3_S003,G020,OCCUPIED,OCCUPIED,0.8096208298748191
498.0,cctv3,C3_S004,G024,OCCUPIED,OCCUPIED,0.8271998684514653
498.0,cctv3,C3_S005,G025,OCCUPIED,OCCUPIED,0.8315048244866459
498.0,cctv3,C3_S006,G026,OCCUPIED,OCCUPIED,0.8246635041453623
498.0,cctv3,C3_S007,G027,OCCUPIED,OCCUPIED,0.7432025342502377
498.0,cctv3,C3_S008,G028,EMPTY,EMPTY,0.01
498.0,cctv3,C3_S009,G029,EMPTY,EMPTY,0.01
498.0,cctv3,C3_S010,G007,OCCUPIED,OCCUPIED,0.6724890590865504
498.0,cctv3,C3_S011,G008,OCCUPIED,OCCUPIED,0.7888288161971353
498.0,cctv3,C3_S012,G009,OCCUPIED,OCCUPIED,0.8267714351415635
499.0,cctv1,C1_S001,G001,OCCUPIED,OCCUPIED,0.7434175968170167
499.0,cctv1,C1_S002,G002,EMPTY,EMPTY,0.01
499.0,cctv1,C1_S003,G003,OCCUPIED,OCCUPIED,0.8385712000456724
499.0,cctv1,C1_S004,G004,OCCUPIED,OCCUPIED,0.7697766746986997
499.0,cctv1,C1_S005,G005,OCCUPIED,LEAVING,0.7744587123394013
499.0,cctv1,C1_S006,G006,EMPTY,EMPTY,0.01
499.0,cctv2,C2_S001,G007,OCCUPIED,OCCUPIED,0.7965652303262191
499.0,cctv2,C2_S002,G008,OCCUPIED,OCCUPIED,0.8146500798788938
499.0,cctv2,C2_S003,G009,EMPTY,EMPTY,0.01
499.0,cctv2,C2_S004,G010,OCCUPIED,OCCUPIED,0.7578798225657507
499.0,cctv2,C2_S005,G001,EMPTY,EMPTY,0.01
499.0,cctv2,C2_S006,G003,OCCUPIED,OCCUPIED,0.8184991278431633
499.0,cctv2,C2_S007,G004,OCCUPIED,OCCUPIED,0.7776090846820312
499.0,cctv2,C2_S008,G006,OCCUPIED,OCCUPIED,0.7695276746695693
499.0,cctv2,C2_S009,G005,OCCUPIED,OCCUPIED,0.7936619040640919
499.0,cctv2,C2_S010,G002,EMPTY,EMPTY,0.01
499.0,cctv2,C2_S011,G017,OCCUPIED,OCCUPIED,0.8087014759128744
499.0,cctv2,C2_S012,G018,EMPTY,EMPTY,0.01
499.0,cctv2,C2_S013,G019,OCCUPIED,OCCUPIED,0.8139125910672276
499.0,cctv2,C2_S014,G020,EMPTY,EMPTY,0.01
499.0,cctv3,C3_S001,G021,OCCUPIED,OCCUPIED,0.8064265375787563
499.0,cctv3,C3_S002,G019,EMPTY,EMPTY,0.01
499.0,cctv3,C3_S003,G020,OCCUPIED,OCCUPIED,0.8085115722634576
499.0,cctv3,C3_S004,G024,OCCUPIED,OCCUPIED,0.8275693655014038
499.0,cctv3,C3_S005,G025,OCCUPIED,OCCUPIED,0.8314793638207696
499.0,cctv3,C3_S006,G026,OCCUPIED,OCCUPIED,0.8247363301840696
499.0,cctv3,C3_S007,G027,OCCUPIED,OCCUPIED,0.7439350577240641
499.0,cctv3,C3_S008,G028,EMPTY,EMPTY,0.01
499.0,cctv3,C3_S009,G029,EMPTY,EMPTY,0.01
499.0,cctv3,C3_S010,G007,OCCUPIED,OCCUPIED,0.717452812160958
499.0,cctv3,C3_S011,G008,OCCUPIED,OCCUPIED,0.7896333651109175
499.0,cctv3,C3_S012,G009,OCCUPIED,OCCUPIED,0.8269607348875567
500.0,cctv1,C1_S001,G001,OCCUPIED,OCCUPIED,0.7443542701276866
500.0,cctv1,C1_S002,G002,EMPTY,EMPTY,0.01
500.0,cctv1,C1_S003,G003,OCCUPIED,OCCUPIED,0.8384792848066851
500.0,cctv1,C1_S004,G004,OCCUPIED,OCCUPIED,0.7703991715203633
500.0,cctv1,C1_S005,G005,OCCUPIED,LEAVING,0.7771805408326062
500.0,cctv1,C1_S006,G006,EMPTY,EMPTY,0.01
500.0,cctv2,C2_S001,G007,OCCUPIED,OCCUPIED,0.7142140405286442
500.0,cctv2,C2_S002,G008,OCCUPIED,OCCUPIED,0.8136551940982992
500.0,cctv2,C2_S003,G009,EMPTY,EMPTY,0.01
500.0,cctv2,C2_S004,G010,OCCUPIED,OCCUPIED,0.759798663109541
500.0,cctv2,C2_S005,G001,EMPTY,EMPTY,0.01
500.0,cctv2,C2_S006,G003,OCCUPIED,OCCUPIED,0.8179164089939812
500.0,cctv2,C2_S007,G004,OCCUPIED,OCCUPIED,0.7775973683053797
500.0,cctv2,C2_S008,G006,OCCUPIED,OCCUPIED,0.7690650179982186
500.0,cctv2,C2_S009,G005,OCCUPIED,OCCUPIED,0.7938415413553065
500.0,cctv2,C2_S010,G002,EMPTY,EMPTY,0.01
500.0,cctv2,C2_S011,G017,OCCUPIED,OCCUPIED,0.8081358955665069
500.0,cctv2,C2_S012,G018,EMPTY,EMPTY,0.01
500.0,cctv2,C2_S013,G019,OCCUPIED,OCCUPIED,0.8160464858466929
500.0,cctv2,C2_S014,G020,EMPTY,EMPTY,0.01
500.0,cctv3,C3_S001,G021,OCCUPIED,OCCUPIED,0.8063222199678421
500.0,cctv3,C3_S002,G019,EMPTY,EMPTY,0.01
500.0,cctv3,C3_S003,G020,OCCUPIED,LEAVING,0.8087631610306827
500.0,cctv3,C3_S004,G024,OCCUPIED,OCCUPIED,0.8277301907539368
500.0,cctv3,C3_S005,G025,OCCUPIED,OCCUPIED,0.8315896156159315
500.0,cctv3,C3_S006,G026,OCCUPIED,OCCUPIED,0.8246908919377761
500.0,cctv3,C3_S007,G027,OCCUPIED,OCCUPIED,0.7440625922923739
500.0,cctv3,C3_S008,G028,EMPTY,EMPTY,0.01
500.0,cctv3,C3_S009,G029,EMPTY,EMPTY,0.01
500.0,cctv3,C3_S010,G007,OCCUPIED,OCCUPIED,0.7183991321582687
500.0,cctv3,C3_S011,G008,OCCUPIED,OCCUPIED,0.7910327109423552
500.0,cctv3,C3_S012,G009,OCCUPIED,OCCUPIED,0.8270571643655951
501.0,cctv1,C1_S001,G001,OCCUPIED,OCCUPIED,0.745600483363325
501.0,cctv1,C1_S002,G002,EMPTY,EMPTY,0.01
501.0,cctv1,C1_S003,G003,OCCUPIED,OCCUPIED,0.8384740764444525
501.0,cctv1,C1_S004,G004,OCCUPIED,OCCUPIED,0.7710144170305946
501.0,cctv1,C1_S005,G005,OCCUPIED,OCCUPIED,0.7785334299911153
501.0,cctv1,C1_S006,G006,EMPTY,EMPTY,0.01
501.0,cctv2,C2_S001,G007,OCCUPIED,OCCUPIED,0.7154696809161794
501.0,cctv2,C2_S002,G008,OCCUPIED,OCCUPIED,0.8139102364128287
501.0,cctv2,C2_S003,G009,EMPTY,EMPTY,0.01
501.0,cctv2,C2_S004,G010,OCCUPIED,OCCUPIED,0.7592926204881886
501.0,cctv2,C2_S005,G001,EMPTY,EMPTY,0.01
501.0,cctv2,C2_S006,G003,OCCUPIED,OCCUPIED,0.8179616115309976
501.0,cctv2,C2_S007,G004,OCCUPIED,OCCUPIED,0.7784915554252538
501.0,cctv2,C2_S008,G006,OCCUPIED,OCCUPIED,0.7701399112289603
501.0,cctv2,C2_S009,G005,OCCUPIED,OCCUPIED,0.7946360108527271
501.0,cctv2,C2_S010,G002,EMPTY,EMPTY,0.01
501.0,cctv2,C2_S011,G017,OCCUPIED,OCCUPIED,0.8077964547005567
501.0,cctv2,C2_S012,G018,EMPTY,EMPTY,0.01
501.0,cctv2,C2_S013,G019,OCCUPIED,OCCUPIED,0.8156030793081631
501.0,cctv2,C2_S014,G020,EMPTY,EMPTY,0.01
501.0,cctv3,C3_S001,G021,OCCUPIED,OCCUPIED,0.8069466813044115
501.0,cctv3,C3_S002,G019,EMPTY,EMPTY,0.01
501.0,cctv3,C3_S003,G020,OCCUPIED,LEAVING,0.8098293285478246
501.0,cctv3,C3_S004,G024,OCCUPIED,OCCUPIED,0.8280163621360606
501.0,cctv3,C3_S005,G025,OCCUPIED,OCCUPIED,0.8315822078423067
501.0,cctv3,C3_S006,G026,OCCUPIED,OCCUPIED,0.82478045983748
501.0,cctv3,C3_S007,G027,OCCUPIED,OCCUPIED,0.7442937312478369
501.0,cctv3,C3_S008,G028,EMPTY,EMPTY,0.01
501.0,cctv3,C3_S009,G029,EMPTY,EMPTY,0.01
501.0,cctv3,C3_S010,G007,OCCUPIED,OCCUPIED,0.719165628369559
501.0,cctv3,C3_S011,G008,OCCUPIED,OCCUPIED,0.7929384415799922
501.0,cctv3,C3_S012,G009,OCCUPIED,OCCUPIED,0.8272740038958464
502.0,cctv1,C1_S001,G001,OCCUPIED,OCCUPIED,0.7460463473742659
502.0,cctv1,C1_S002,G002,EMPTY,EMPTY,0.01
502.0,cctv1,C1_S003,G003,OCCUPIED,OCCUPIED,0.8384348641742361
502.0,cctv1,C1_S004,G004,OCCUPIED,OCCUPIED,0.7710338988087395
502.0,cctv1,C1_S005,G005,OCCUPIED,OCCUPIED,0.7781003202904355
502.0,cctv1,C1_S006,G006,EMPTY,EMPTY,0.01
502.0,cctv2,C2_S001,G007,OCCUPIED,OCCUPIED,0.7152421151507985
502.0,cctv2,C2_S002,G008,OCCUPIED,OCCUPIED,0.8139209514314478
502.0,cctv2,C2_S003,G009,EMPTY,EMPTY,0.01
502.0,cctv2,C2_S004,G010,OCCUPIED,OCCUPIED,0.7638545902615245
502.0,cctv2,C2_S005,G001,EMPTY,EMPTY,0.01
502.0,cctv2,C2_S006,G003,OCCUPIED,OCCUPIED,0.8178702522407879
502.0,cctv2,C2_S007,G004,OCCUPIED,OCCUPIED,0.7779954544522546
502.0,cctv2,C2_S008,G006,OCCUPIED,OCCUPIED,0.7702862387353724
502.0,cctv2,C2_S009,G005,OCCUPIED,OCCUPIED,0.7945266376842153
502.0,cctv2,C2_S010,G002,EMPTY,EMPTY,0.01
502.0,cctv2,C2_S011,G017,OCCUPIED,OCCUPIED,0.8080478256398982
502.0,cctv2,C2_S012,G018,EMPTY,EMPTY,0.01
502.0,cctv2,C2_S013,G019,OCCUPIED,OCCUPIED,0.8181786453182047
502.0,cctv2,C2_S014,G020,EMPTY,EMPTY,0.01
502.0,cctv3,C3_S001,G021,OCCUPIED,OCCUPIED,0.8076683475212618
502.0,cctv3,C3_S002,G019,EMPTY,EMPTY,0.01
502.0,cctv3,C3_S003,G020,OCCUPIED,LEAVING,0.8094886059110815
502.0,cctv3,C3_S004,G024,OCCUPIED,OCCUPIED,0.8280997325073589
502.0,cctv3,C3_S005,G025,OCCUPIED,OCCUPIED,0.8315901292995973
502.0,cctv3,C3_S006,G026,OCCUPIED,OCCUPIED,0.8248684744943273
502.0,cctv3,C3_S007,G027,OCCUPIED,OCCUPIED,0.7293501108647749
502.0,cctv3,C3_S008,G028,EMPTY,MANEUVERING,0.1451086417653344
502.0,cctv3,C3_S009,G029,EMPTY,EMPTY,0.01
502.0,cctv3,C3_S010,G007,OCCUPIED,OCCUPIED,0.7204177125949752
502.0,cctv3,C3_S011,G008,OCCUPIED,OCCUPIED,0.793916915492578
502.0,cctv3,C3_S012,G009,OCCUPIED,OCCUPIED,0.8271108678796075
503.0,cctv1,C1_S001,G001,OCCUPIED,OCCUPIED,0.7460029260678726
503.0,cctv1,C1_S002,G002,EMPTY,EMPTY,0.01
503.0,cctv1,C1_S003,G003,OCCUPIED,OCCUPIED,0.8383859447457574
503.0,cctv1,C1_S004,G004,OCCUPIED,OCCUPIED,0.7697644978761674
503.0,cctv1,C1_S005,G005,OCCUPIED,OCCUPIED,0.7788865797898987
503.0,cctv1,C1_S006,G006,EMPTY,EMPTY,0.01
503.0,cctv2,C2_S001,G007,OCCUPIED,OCCUPIED,0.7136871697415005
503.0,cctv2,C2_S002,G008,OCCUPIED,OCCUPIED,0.8127949852835049
503.0,cctv2,C2_S003,G009,EMPTY,EMPTY,0.01
503.0,cctv2,C2_S004,G010,OCCUPIED,OCCUPIED,0.767006252096458
503.0,cctv2,C2_S005,G001,EMPTY,EMPTY,0.01
503.0,cctv2,C2_S006,G003,OCCUPIED,OCCUPIED,0.8175654256885703
503.0,cctv2,C2_S007,G004,OCCUPIED,OCCUPIED,0.7777069015936419
503.0,cctv2,C2_S008,G006,OCCUPIED,OCCUPIED,0.771537776968696
503.0,cctv2,C2_S009,G005,OCCUPIED,OCCUPIED,0.7948040049184453
503.0,cctv2,C2_S010,G002,EMPTY,EMPTY,0.01
503.0,cctv2,C2_S011,G017,OCCUPIED,OCCUPIED,0.8082137796011839
503.0,cctv2,C2_S012,G018,EMPTY,EMPTY,0.01
503.0,cctv2,C2_S013,G019,OCCUPIED,OCCUPIED,0.8178942466324026
503.0,cctv2,C2_S014,G020,EMPTY,EMPTY,0.01
503.0,cctv3,C3_S001,G021,OCCUPIED,OCCUPIED,0.808106593652205
503.0,cctv3,C3_S002,G019,EMPTY,EMPTY,0.01
503.0,cctv3,C3_S003,G020,OCCUPIED,LEAVING,0.8098673183809628
503.0,cctv3,C3_S004,G024,OCCUPIED,OCCUPIED,0.8281340517780998
503.0,cctv3,C3_S005,G025,OCCUPIED,OCCUPIED,0.83163737681779
503.0,cctv3,C3_S006,G026,OCCUPIED,OCCUPIED,0.8247048247944225
503.0,cctv3,C3_S007,G027,OCCUPIED,LEAVING,0.7291520053453067
503.0,cctv3,C3_S008,G028,EMPTY,MANEUVERING,0.1451086417653344
503.0,cctv3,C3_S009,G029,EMPTY,EMPTY,0.01
503.0,cctv3,C3_S010,G007,OCCUPIED,OCCUPIED,0.7190124684233558
503.0,cctv3,C3_S011,G008,OCCUPIED,OCCUPIED,0.7930231684988196
503.0,cctv3,C3_S012,G009,OCCUPIED,OCCUPIED,0.8268933472308246
504.0,cctv1,C1_S001,G001,OCCUPIED,OCCUPIED,0.7471460479904305
504.0,cctv1,C1_S002,G002,EMPTY,EMPTY,0.01
504.0,cctv1,C1_S003,G003,OCCUPIED,OCCUPIED,0.8382585194977847
504.0,cctv1,C1_S004,G004,OCCUPIED,OCCUPIED,0.7705041133544662
504.0,cctv1,C1_S005,G005,OCCUPIED,OCCUPIED,0.7811181366443635
504.0,cctv1,C1_S006,G006,EMPTY,EMPTY,0.01
504.0,cctv2,C2_S001,G007,OCCUPIED,OCCUPIED,0.7593177910555493
504.0,cctv2,C2_S002,G008,OCCUPIED,OCCUPIED,0.8122854021462528
504.0,cctv2,C2_S003,G009,EMPTY,EMPTY,0.01
504.0,cctv2,C2_S004,G010,OCCUPIED,OCCUPIED,0.7655298565599052
504.0,cctv2,C2_S005,G001,EMPTY,EMPTY,0.01
504.0,cctv2,C2_S006,G003,OCCUPIED,OCCUPIED,0.8177328792485324
504.0,cctv2,C2_S007,G004,OCCUPIED,OCCUPIED,0.7775204336101359
504.0,cctv2,C2_S008,G006,OCCUPIED,OCCUPIED,0.7715852305293084
504.0,cctv2,C2_S009,G005,OCCUPIED,OCCUPIED,0.7947178588672118
504.0,cctv2,C2_S010,G002,EMPTY,EMPTY,0.01
504.0,cctv2,C2_S011,G017,OCCUPIED,OCCUPIED,0.80861429030245
504.0,cctv2,C2_S012,G018,EMPTY,EMPTY,0.01
504.0,cctv2,C2_S013,G019,OCCUPIED,OCCUPIED,0.8177597151561218
504.0,cctv2,C2_S014,G020,EMPTY,EMPTY,0.01
504.0,cctv3,C3_S001,G021,OCCUPIED,OCCUPIED,0.8082834885878997
504.0,cctv3,C3_S002,G019,EMPTY,EMPTY,0.01
504.0,cctv3,C3_S003,G020,OCCUPIED,LEAVING,0.8085810471664776
504.0,cctv3,C3_S004,G024,OCCUPIED,OCCUPIED,0.8283803606575186
504.0,cctv3,C3_S005,G025,OCCUPIED,OCCUPIED,0.8316296658732675
504.0,cctv3,C3_S006,G026,OCCUPIED,OCCUPIED,0.8248316599564119
504.0,cctv3,C3_S007,G027,OCCUPIED,LEAVING,0.7287320209938017
504.0,cctv3,C3_S008,G028,EMPTY,MANEUVERING,0.1451086417653344
504.0,cctv3,C3_S009,G029,EMPTY,EMPTY,0.01
504.0,cctv3,C3_S010,G007,OCCUPIED,OCCUPIED,0.7180997310240161
504.0,cctv3,C3_S011,G008,OCCUPIED,OCCUPIED,0.7924975530667739
504.0,cctv3,C3_S012,G009,OCCUPIED,OCCUPIED,0.8265624748034911
505.0,cctv1,C1_S001,G001,OCCUPIED,OCCUPIED,0.747978729212826
505.0,cctv1,C1_S002,G002,EMPTY,EMPTY,0.01
505.0,cctv1,C1_S003,G003,OCCUPIED,OCCUPIED,0.838197363506664
505.0,cctv1,C1_S004,G004,OCCUPIED,OCCUPIED,0.7690541233528745
505.0,cctv1,C1_S005,G005,OCCUPIED,OCCUPIED,0.7794808979738843
505.0,cctv1,C1_S006,G006,EMPTY,EMPTY,0.01
505.0,cctv2,C2_S001,G007,OCCUPIED,OCCUPIED,0.7576314513791692
505.0,cctv2,C2_S002,G008,OCCUPIED,OCCUPIED,0.813635790348053
505.0,cctv2,C2_S003,G009,EMPTY,EMPTY,0.01
505.0,cctv2,C2_S004,G010,OCCUPIED,OCCUPIED,0.7616085994650018
505.0,cctv2,C2_S005,G001,EMPTY,EMPTY,0.01
505.0,cctv2,C2_S006,G003,OCCUPIED,OCCUPIED,0.8176829194480724
505.0,cctv2,C2_S007,G004,OCCUPIED,OCCUPIED,0.778306413509629
505.0,cctv2,C2_S008,G006,OCCUPIED,OCCUPIED,0.7720596547831189
505.0,cctv2,C2_S009,G005,OCCUPIED,OCCUPIED,0.7949300646781922
505.0,cctv2,C2_S010,G002,EMPTY,EMPTY,0.01
505.0,cctv2,C2_S011,G017,OCCUPIED,OCCUPIED,0.8081770154562864
505.0,cctv2,C2_S012,G018,EMPTY,EMPTY,0.01
505.0,cctv2,C2_S013,G019,OCCUPIED,OCCUPIED,0.8223359433087436
505.0,cctv2,C2_S014,G020,EMPTY,EMPTY,0.01
505.0,cctv3,C3_S001,G021,OCCUPIED,OCCUPIED,0.8089318890463223
505.0,cctv3,C3_S002,G019,EMPTY,EMPTY,0.01
505.0,cctv3,C3_S003,G020,OCCUPIED,LEAVING,0.8078628068620509
505.0,cctv3,C3_S004,G024,OCCUPIED,OCCUPIED,0.828271805156361
505.0,cctv3,C3_S005,G025,OCCUPIED,OCCUPIED,0.8314827653494749
505.0,cctv3,C3_S006,G026,OCCUPIED,OCCUPIED,0.8248152326453817
505.0,cctv3,C3_S007,G027,OCCUPIED,LEAVING,0.7300779295001518
505.0,cctv3,C3_S008,G028,EMPTY,MANEUVERING,0.1451086417653344
505.0,cctv3,C3_S009,G029,EMPTY,EMPTY,0.01
505.0,cctv3,C3_S010,G007,OCCUPIED,OCCUPIED,0.7170031366903674
505.0,cctv3,C3_S011,G008,OCCUPIED,OCCUPIED,0.7935013551603665
505.0,cctv3,C3_S012,G009,OCCUPIED,OCCUPIED,0.8269934155724266
506.0,cctv1,C1_S001,G001,OCCUPIED,OCCUPIED,0.7500631790946831
506.0,cctv1,C1_S002,G002,EMPTY,EMPTY,0.01
506.0,cctv1,C1_S003,G003,OCCUPIED,OCCUPIED,0.8383232127536427
506.0,cctv1,C1_S004,G004,OCCUPIED,OCCUPIED,0.7691402177919042
506.0,cctv1,C1_S005,G005,OCCUPIED,OCCUPIED,0.7820363092151555
506.0,cctv1,C1_S006,G006,EMPTY,EMPTY,0.01
506.0,cctv2,C2_S001,G007,OCCUPIED,OCCUPIED,0.7545701966096054
506.0,cctv2,C2_S002,G008,OCCUPIED,OCCUPIED,0.8110214956782081
506.0,cctv2,C2_S003,G009,EMPTY,EMPTY,0.01
506.0,cctv2,C2_S004,G010,OCCUPIED,OCCUPIED,0.7638340965590694
506.0,cctv2,C2_S005,G001,EMPTY,EMPTY,0.01
506.0,cctv2,C2_S006,G003,OCCUPIED,OCCUPIED,0.817466593601487
506.0,cctv2,C2_S007,G004,OCCUPIED,OCCUPIED,0.7789278951558201
506.0,cctv2,C2_S008,G006,OCCUPIED,OCCUPIED,0.7720336747440426
506.0,cctv2,C2_S009,G005,OCCUPIED,OCCUPIED,0.7958713282238354
506.0,cctv2,C2_S010,G002,EMPTY,EMPTY,0.01
506.0,cctv2,C2_S011,G017,OCCUPIED,OCCUPIED,0.808266771923412
506.0,cctv2,C2_S012,G018,EMPTY,EMPTY,0.01
506.0,cctv2,C2_S013,G019,OCCUPIED,OCCUPIED,0.8221681955185804
506.0,cctv2,C2_S014,G020,EMPTY,EMPTY,0.01
506.0,cctv3,C3_S001,G021,OCCUPIED,OCCUPIED,0.8082633842121472
506.0,cctv3,C3_S002,G019,EMPTY,EMPTY,0.01
506.0,cctv3,C3_S003,G020,OCCUPIED,LEAVING,0.8063730770891364
506.0,cctv3,C3_S004,G024,OCCUPIED,OCCUPIED,0.8280238324945624
506.0,cctv3,C3_S005,G025,OCCUPIED,OCCUPIED,0.8315294528549368
506.0,cctv3,C3_S006,G026,OCCUPIED,OCCUPIED,0.824900896711783
506.0,cctv3,C3_S007,G027,OCCUPIED,LEAVING,0.7297289281846449
506.0,cctv3,C3_S008,G028,EMPTY,MANEUVERING,0.1001086417653343
506.0,cctv3,C3_S009,G029,EMPTY,EMPTY,0.01
506.0,cctv3,C3_S010,G007,OCCUPIED,OCCUPIED,0.7536494733935053
506.0,cctv3,C3_S011,G008,OCCUPIED,OCCUPIED,0.7925179248506373
506.0,cctv3,C3_S012,G009,OCCUPIED,OCCUPIED,0.8269050944935192
507.0,cctv1,C1_S001,G001,OCCUPIED,OCCUPIED,0.749070296030153
507.0,cctv1,C1_S002,G002,EMPTY,EMPTY,0.01
507.0,cctv1,C1_S003,G003,OCCUPIED,OCCUPIED,0.8383368920196187
507.0,cctv1,C1_S004,G004,OCCUPIED,OCCUPIED,0.7684791959144853
507.0,cctv1,C1_S005,G005,OCCUPIED,OCCUPIED,0.7799546492370693
507.0,cctv1,C1_S006,G006,EMPTY,EMPTY,0.01
507.0,cctv2,C2_S001,G007,OCCUPIED,OCCUPIED,0.7570338368822228
507.0,cctv2,C2_S002,G008,OCCUPIED,OCCUPIED,0.8134808025576852
507.0,cctv2,C2_S003,G009,EMPTY,EMPTY,0.01
507.0,cctv2,C2_S004,G010,OCCUPIED,OCCUPIED,0.7681369694119151
507.0,cctv2,C2_S005,G001,EMPTY,EMPTY,0.01
507.0,cctv2,C2_S006,G003,OCCUPIED,OCCUPIED,0.8176473354751415
507.0,cctv2,C2_S007,G004,OCCUPIED,OCCUPIED,0.7800303334539588
507.0,cctv2,C2_S008,G006,OCCUPIED,OCCUPIED,0.7713976957581261
507.0,cctv2,C2_S009,G005,OCCUPIED,OCCUPIED,0.7949589284983549
507.0,cctv2,C2_S010,G002,EMPTY,EMPTY,0.01
507.0,cctv2,C2_S011,G017,OCCUPIED,OCCUPIED,0.8083335629918359
507.0,cctv2,C2_S012,G018,EMPTY,EMPTY,0.01
507.0,cctv2,C2_S013,G019,OCCUPIED,OCCUPIED,0.8220136084339836
507.0,cctv2,C2_S014,G020,EMPTY,EMPTY,0.01
507.0,cctv3,C3_S001,G021,OCCUPIED,OCCUPIED,0.8078453863208945
507.0,cctv3,C3_S002,G019,EMPTY,EMPTY,0.01
507.0,cctv3,C3_S003,G020,OCCUPIED,LEAVING,0.8065430511127819
507.0,cctv3,C3_S004,G024,OCCUPIED,OCCUPIED,0.8276499024846338
507.0,cctv3,C3_S005,G025,OCCUPIED,OCCUPIED,0.8315337736498226
507.0,cctv3,C3_S006,G026,OCCUPIED,OCCUPIED,0.8249215521595695
507.0,cctv3,C3_S007,G027,OCCUPIED,LEAVING,0.7302060858532787
507.0,cctv3,C3_S008,G028,EMPTY,MANEUVERING,0.1001086417653343
507.0,cctv3,C3_S009,G029,EMPTY,EMPTY,0.01
507.0,cctv3,C3_S010,G007,OCCUPIED,OCCUPIED,0.7539717139845545
507.0,cctv3,C3_S011,G008,OCCUPIED,OCCUPIED,0.7920822471380234
507.0,cctv3,C3_S012,G009,OCCUPIED,OCCUPIED,0.8270121512087909
508.0,cctv1,C1_S001,G001,OCCUPIED,OCCUPIED,0.7455952246080746
508.0,cctv1,C1_S002,G002,EMPTY,EMPTY,0.01
508.0,cctv1,C1_S003,G003,OCCUPIED,OCCUPIED,0.8383771999315783
508.0,cctv1,C1_S004,G004,OCCUPIED,OCCUPIED,0.7671947355974805
508.0,cctv1,C1_S005,G005,OCCUPIED,OCCUPIED,0.7788307573307645
508.0,cctv1,C1_S006,G006,EMPTY,EMPTY,0.01
508.0,cctv2,C2_S001,G007,OCCUPIED,OCCUPIED,0.7553606722165238
508.0,cctv2,C2_S002,G008,OCCUPIED,OCCUPIED,0.815115221251141
508.0,cctv2,C2_S003,G009,EMPTY,EMPTY,0.01
508.0,cctv2,C2_S004,G010,OCCUPIED,OCCUPIED,0.768830636211417
508.0,cctv2,C2_S005,G001,EMPTY,EMPTY,0.01
508.0,cctv2,C2_S006,G003,OCCUPIED,OCCUPIED,0.8177958388220181
508.0,cctv2,C2_S007,G004,OCCUPIED,OCCUPIED,0.780360553210432
508.0,cctv2,C2_S008,G006,OCCUPIED,OCCUPIED,0.7700163654305718
508.0,cctv2,C2_S009,G005,OCCUPIED,OCCUPIED,0.7955476433038712
508.0,cctv2,C2_S010,G002,EMPTY,EMPTY,0.01
508.0,cctv2,C2_S011,G017,OCCUPIED,OCCUPIED,0.8091414906761863
508.0,cctv2,C2_S012,G018,EMPTY,EMPTY,0.01
508.0,cctv2,C2_S013,G019,OCCUPIED,OCCUPIED,0.8226463854312898
508.0,cctv2,C2_S014,G020,EMPTY,EMPTY,0.01
508.0,cctv3,C3_S001,G021,OCCUPIED,OCCUPIED,0.8073215996677225
508.0,cctv3,C3_S002,G019,EMPTY,EMPTY,0.01
508.0,cctv3,C3_S003,G020,OCCUPIED,LEAVING,0.8069137949835171
508.0,cctv3,C3_S004,G024,OCCUPIED,OCCUPIED,0.827440619468689
508.0,cctv3,C3_S005,G025,OCCUPIED,OCCUPIED,0.8315215500918303
508.0,cctv3,C3_S006,G026,OCCUPIED,OCCUPIED,0.8251770382577723
508.0,cctv3,C3_S007,G027,OCCUPIED,LEAVING,0.7302027324824172
508.0,cctv3,C3_S008,G028,EMPTY,MANEUVERING,0.1001086417653343
508.0,cctv3,C3_S009,G029,EMPTY,EMPTY,0.01
508.0,cctv3,C3_S010,G007,OCCUPIED,OCCUPIED,0.7557676128365778
508.0,cctv3,C3_S011,G008,OCCUPIED,OCCUPIED,0.7936604548584332
508.0,cctv3,C3_S012,G009,OCCUPIED,OCCUPIED,0.8269232741811059
509.0,cctv1,C1_S001,G001,OCCUPIED,OCCUPIED,0.7455352451313626
509.0,cctv1,C1_S002,G002,EMPTY,EMPTY,0.01
509.0,cctv1,C1_S003,G003,OCCUPIED,OCCUPIED,0.8384543557058681
509.0,cctv1,C1_S004,G004,OCCUPIED,OCCUPIED,0.7676383900371465
509.0,cctv1,C1_S005,G005,OCCUPIED,OCCUPIED,0.7775376180356199
509.0,cctv1,C1_S006,G006,EMPTY,EMPTY,0.01
509.0,cctv2,C2_S001,G007,OCCUPIED,OCCUPIED,0.7575445187498223
509.0,cctv2,C2_S002,G008,OCCUPIED,OCCUPIED,0.8184356854720549
509.0,cctv2,C2_S003,G009,EMPTY,EMPTY,0.01
509.0,cctv2,C2_S004,G010,OCCUPIED,OCCUPIED,0.7703583606942134
509.0,cctv2,C2_S005,G001,EMPTY,EMPTY,0.01
509.0,cctv2,C2_S006,G003,OCCUPIED,OCCUPIED,0.818236033212055
509.0,cctv2,C2_S007,G004,OCCUPIED,OCCUPIED,0.7821162313222886
509.0,cctv2,C2_S008,G006,OCCUPIED,OCCUPIED,0.7704262984069912
509.0,cctv2,C2_S009,G005,OCCUPIED,OCCUPIED,0.796425353938883
509.0,cctv2,C2_S010,G002,EMPTY,EMPTY,0.01
509.0,cctv2,C2_S011,G017,OCCUPIED,OCCUPIED,0.8088095437396657
509.0,cctv2,C2_S012,G018,EMPTY,EMPTY,0.01
509.0,cctv2,C2_S013,G019,OCCUPIED,OCCUPIED,0.821311451630159
509.0,cctv2,C2_S014,G020,EMPTY,EMPTY,0.01
509.0,cctv3,C3_S001,G021,OCCUPIED,OCCUPIED,0.8066634562882511
509.0,cctv3,C3_S002,G019,EMPTY,EMPTY,0.01
509.0,cctv3,C3_S003,G020,OCCUPIED,LEAVING,0.8083681764927778
509.0,cctv3,C3_S004,G024,OCCUPIED,OCCUPIED,0.827173988385634
509.0,cctv3,C3_S005,G025,OCCUPIED,OCCUPIED,0.8314648091793061
509.0,cctv3,C3_S006,G026,OCCUPIED,OCCUPIED,0.8252122288400477
509.0,cctv3,C3_S007,G027,OCCUPIED,LEAVING,0.7305519723519684
509.0,cctv3,C3_S008,G028,EMPTY,MANEUVERING,0.1001086417653343
509.0,cctv3,C3_S009,G029,EMPTY,EMPTY,0.01
509.0,cctv3,C3_S010,G007,OCCUPIED,OCCUPIED,0.7571338402954015
509.0,cctv3,C3_S011,G008,OCCUPIED,OCCUPIED,0.7938538242470135
509.0,cctv3,C3_S012,G009,OCCUPIED,OCCUPIED,0.8268170782110909
510.0,cctv1,C1_S001,G001,OCCUPIED,OCCUPIED,0.7422947177494115
510.0,cctv1,C1_S002,G002,EMPTY,EMPTY,0.01
510.0,cctv1,C1_S003,G003,OCCUPIED,OCCUPIED,0.8385733490640468
510.0,cctv1,C1_S004,G004,OCCUPIED,OCCUPIED,0.7668905064463616
510.0,cctv1,C1_S005,G005,OCCUPIED,OCCUPIED,0.778002787042748
510.0,cctv1,C1_S006,G006,EMPTY,EMPTY,0.01
510.0,cctv2,C2_S001,G007,OCCUPIED,OCCUPIED,0.7568325531889092
510.0,cctv2,C2_S002,G008,OCCUPIED,OCCUPIED,0.8203632834282789
510.0,cctv2,C2_S003,G009,EMPTY,EMPTY,0.01
510.0,cctv2,C2_S004,G010,OCCUPIED,OCCUPIED,0.7729204406792468
510.0,cctv2,C2_S005,G001,EMPTY,EMPTY,0.01
510.0,cctv2,C2_S006,G003,OCCUPIED,OCCUPIED,0.8181201325221495
510.0,cctv2,C2_S007,G004,OCCUPIED,OCCUPIED,0.781749082424424
510.0,cctv2,C2_S008,G006,OCCUPIED,OCCUPIED,0.7684835520657627
510.0,cctv2,C2_S009,G005,OCCUPIED,OCCUPIED,0.7963556945323945
510.0,cctv2,C2_S010,G002,EMPTY,EMPTY,0.01
510.0,cctv2,C2_S011,G017,OCCUPIED,OCCUPIED,0.808542690764774
510.0,cctv2,C2_S012,G018,EMPTY,EMPTY,0.01
510.0,cctv2,C2_S013,G019,OCCUPIED,OCCUPIED,0.8221142953092402
510.0,cctv2,C2_S014,G020,EMPTY,EMPTY,0.01
510.0,cctv3,C3_S001,G021,OCCUPIED,OCCUPIED,0.8056754109534351
510.0,cctv3,C3_S002,G019,EMPTY,EMPTY,0.01
510.0,cctv3,C3_S003,G020,OCCUPIED,LEAVING,0.8095113916830584
510.0,cctv3,C3_S004,G024,OCCUPIED,OCCUPIED,0.826514172283086
510.0,cctv3,C3_S005,G025,OCCUPIED,OCCUPIED,0.8314672312953256
510.0,cctv3,C3_S006,G026,OCCUPIED,OCCUPIED,0.8253236583688043
510.0,cctv3,C3_S007,G027,OCCUPIED,LEAVING,0.7305264430052856
510.0,cctv3,C3_S008,G028,EMPTY,MANEUVERING,0.1001086417653343
510.0,cctv3,C3_S009,G029,EMPTY,EMPTY,0.01
510.0,cctv3,C3_S010,G007,OCCUPIED,OCCUPIED,0.7566002436659554
510.0,cctv3,C3_S011,G008,OCCUPIED,OCCUPIED,0.7927415690638803
510.0,cctv3,C3_S012,G009,OCCUPIED,OCCUPIED,0.8266486143523997
511.0,cctv1,C1_S001,G001,OCCUPIED,OCCUPIED,0.7384366665035487
511.0,cctv1,C1_S002,G002,EMPTY,EMPTY,0.01
511.0,cctv1,C1_S003,G003,OCCUPIED,OCCUPIED,0.838543341647495
511.0,cctv1,C1_S004,G004,OCCUPIED,OCCUPIED,0.7675965792753481
511.0,cctv1,C1_S005,G005,OCCUPIED,OCCUPIED,0.775980525396087
511.0,cctv1,C1_S006,G006,EMPTY,EMPTY,0.01
511.0,cctv2,C2_S001,G007,OCCUPIED,OCCUPIED,0.7938431657173417
511.0,cctv2,C2_S002,G008,OCCUPIED,OCCUPIED,0.8207689277150415
511.0,cctv2,C2_S003,G009,EMPTY,EMPTY,0.01
511.0,cctv2,C2_S004,G010,OCCUPIED,OCCUPIED,0.7724756658077241
511.0,cctv2,C2_S005,G001,EMPTY,EMPTY,0.01
511.0,cctv2,C2_S006,G003,OCCUPIED,OCCUPIED,0.8187364033677362
511.0,cctv2,C2_S007,G004,OCCUPIED,OCCUPIED,0.7830589964985848
511.0,cctv2,C2_S008,G006,OCCUPIED,OCCUPIED,0.7682244153185325
511.0,cctv2,C2_S009,G005,OCCUPIED,OCCUPIED,0.7958311479200018
511.0,cctv2,C2_S010,G002,EMPTY,EMPTY,0.01
511.0,cctv2,C2_S011,G017,OCCUPIED,OCCUPIED,0.8087918346578425
511.0,cctv2,C2_S012,G018,EMPTY,EMPTY,0.01
511.0,cctv2,C2_S013,G019,OCCUPIED,OCCUPIED,0.8210852243683555
511.0,cctv2,C2_S014,G020,EMPTY,EMPTY,0.01
511.0,cctv3,C3_S001,G021,OCCUPIED,OCCUPIED,0.8053074126893824
511.0,cctv3,C3_S002,G019,EMPTY,EMPTY,0.01
511.0,cctv3,C3_S003,G020,OCCUPIED,LEAVING,0.8121648059649902
511.0,cctv3,C3_S004,G024,OCCUPIED,OCCUPIED,0.8263763181187891
511.0,cctv3,C3_S005,G025,OCCUPIED,OCCUPIED,0.8314013619314541
511.0,cctv3,C3_S006,G026,OCCUPIED,OCCUPIED,0.8254607159983028
511.0,cctv3,C3_S007,G027,OCCUPIED,LEAVING,0.7308864531632175
511.0,cctv3,C3_S008,G028,EMPTY,MANEUVERING,0.1001086417653343
511.0,cctv3,C3_S009,G029,EMPTY,MANEUVERING,0.1112999134578488
511.0,cctv3,C3_S010,G007,OCCUPIED,LEAVING,0.6640897690437058
511.0,cctv3,C3_S011,G008,OCCUPIED,OCCUPIED,0.7922467429529537
511.0,cctv3,C3_S012,G009,OCCUPIED,OCCUPIED,0.8266402678056197
512.0,cctv1,C1_S001,G001,OCCUPIED,OCCUPIED,0.7385091259736907
512.0,cctv1,C1_S002,G002,EMPTY,EMPTY,0.01
512.0,cctv1,C1_S003,G003,OCCUPIED,OCCUPIED,0.8385822491212325
512.0,cctv1,C1_S004,G004,OCCUPIED,OCCUPIED,0.7682574398138307
512.0,cctv1,C1_S005,G005,OCCUPIED,OCCUPIED,0.7786011862483893
512.0,cctv1,C1_S006,G006,EMPTY,EMPTY,0.01
512.0,cctv2,C2_S001,G007,OCCUPIED,OCCUPIED,0.7890870194543492
512.0,cctv2,C2_S002,G008,OCCUPIED,OCCUPIED,0.8204278165643866
512.0,cctv2,C2_S003,G009,EMPTY,EMPTY,0.01
512.0,cctv2,C2_S004,G010,OCCUPIED,OCCUPIED,0.7742239304564217
512.0,cctv2,C2_S005,G001,EMPTY,EMPTY,0.01
512.0,cctv2,C2_S006,G003,OCCUPIED,OCCUPIED,0.8183344792235983
512.0,cctv2,C2_S007,G004,OCCUPIED,OCCUPIED,0.7829603903672913
512.0,cctv2,C2_S008,G006,OCCUPIED,OCCUPIED,0.7677122259681876
512.0,cctv2,C2_S009,G005,OCCUPIED,OCCUPIED,0.795671871033582
512.0,cctv2,C2_S010,G002,EMPTY,EMPTY,0.01
512.0,cctv2,C2_S011,G017,OCCUPIED,OCCUPIED,0.8092170119285584
512.0,cctv2,C2_S012,G018,EMPTY,EMPTY,0.01
512.0,cctv2,C2_S013,G019,OCCUPIED,OCCUPIED,0.8228382422165438
512.0,cctv2,C2_S014,G020,EMPTY,EMPTY,0.01
512.0,cctv3,C3_S001,G021,OCCUPIED,OCCUPIED,0.8044593640349129
512.0,cctv3,C3_S002,G019,EMPTY,EMPTY,0.01
512.0,cctv3,C3_S003,G020,OCCUPIED,LEAVING,0.812799610062079
512.0,cctv3,C3_S004,G024,OCCUPIED,OCCUPIED,0.8261750727891922
512.0,cctv3,C3_S005,G025,OCCUPIED,OCCUPIED,0.831423851034858
512.0,cctv3,C3_S006,G026,OCCUPIED,OCCUPIED,0.8254478747194465
512.0,cctv3,C3_S007,G027,OCCUPIED,OCCUPIED,0.7301902996308425
512.0,cctv3,C3_S008,G028,EMPTY,MANEUVERING,0.1001086417653343
512.0,cctv3,C3_S009,G029,EMPTY,MANEUVERING,0.1112999134578488
512.0,cctv3,C3_S010,G007,OCCUPIED,LEAVING,0.6644219476661899
512.0,cctv3,C3_S011,G008,OCCUPIED,OCCUPIED,0.7926110096953133
512.0,cctv3,C3_S012,G009,OCCUPIED,OCCUPIED,0.8264433684674177
513.0,cctv1,C1_S001,G001,OCCUPIED,OCCUPIED,0.6563846124742518
513.0,cctv1,C1_S002,G002,EMPTY,EMPTY,0.01
513.0,cctv1,C1_S003,G003,OCCUPIED,OCCUPIED,0.8385612401095304
513.0,cctv1,C1_S004,G004,OCCUPIED,OCCUPIED,0.7682613070715558
513.0,cctv1,C1_S005,G005,OCCUPIED,LEAVING,0.7651670747453517
513.0,cctv1,C1_S006,G006,EMPTY,MANEUVERING,0.1067335856028578
513.0,cctv2,C2_S001,G007,OCCUPIED,OCCUPIED,0.78879407833923
513.0,cctv2,C2_S002,G008,OCCUPIED,OCCUPIED,0.8209462656216189
513.0,cctv2,C2_S003,G009,EMPTY,EMPTY,0.01
513.0,cctv2,C2_S004,G010,OCCUPIED,OCCUPIED,0.7726272829554298
513.0,cctv2,C2_S005,G001,EMPTY,EMPTY,0.01
513.0,cctv2,C2_S006,G003,OCCUPIED,OCCUPIED,0.8184585565870459
513.0,cctv2,C2_S007,G004,OCCUPIED,OCCUPIED,0.7848732560873032
513.0,cctv2,C2_S008,G006,OCCUPIED,OCCUPIED,0.7678827270865441
513.0,cctv2,C2_S009,G005,OCCUPIED,OCCUPIED,0.7953228684988889
513.0,cctv2,C2_S010,G002,EMPTY,EMPTY,0.01
513.0,cctv2,C2_S011,G017,OCCUPIED,OCCUPIED,0.8096051218834791
513.0,cctv2,C2_S012,G018,EMPTY,MANEUVERING,0.2639972178231586
513.0,cctv2,C2_S013,G019,OCCUPIED,OCCUPIED,0.8238857431845232
513.0,cctv2,C2_S014,G020,EMPTY,EMPTY,0.01
513.0,cctv3,C3_S001,G021,OCCUPIED,OCCUPIED,0.8043069056489252
513.0,cctv3,C3_S002,G019,EMPTY,EMPTY,0.01
513.0,cctv3,C3_S003,G020,OCCUPIED,LEAVING,0.8138621777296067
513.0,cctv3,C3_S004,G024,OCCUPIED,OCCUPIED,0.8263253342021596
513.0,cctv3,C3_S005,G025,OCCUPIED,OCCUPIED,0.8313788915222342
513.0,cctv3,C3_S006,G026,OCCUPIED,OCCUPIED,0.8253175990148025
513.0,cctv3,C3_S007,G027,OCCUPIED,OCCUPIED,0.7441981696269729
513.0,cctv3,C3_S008,G028,EMPTY,EMPTY,0.01
513.0,cctv3,C3_S009,G029,EMPTY,MANEUVERING,0.1999567547575994
513.0,cctv3,C3_S010,G007,OCCUPIED,LEAVING,0.5702555600169934
513.0,cctv3,C3_S011,G008,OCCUPIED,OCCUPIED,0.792605590007522
513.0,cctv3,C3_S012,G009,OCCUPIED,OCCUPIED,0.8263699840415608
514.0,cctv1,C1_S001,G001,OCCUPIED,OCCUPIED,0.6562798292968761
514.0,cctv1,C1_S002,G002,EMPTY,EMPTY,0.01
514.0,cctv1,C1_S003,G003,OCCUPIED,OCCUPIED,0.838627827167511
514.0,cctv1,C1_S004,G004,OCCUPIED,OCCUPIED,0.7705848604440689
514.0,cctv1,C1_S005,G005,OCCUPIED,LEAVING,0.7672158601880075
514.0,cctv1,C1_S006,G006,EMPTY,MANEUVERING,0.1067335856028578
514.0,cctv2,C2_S001,G007,OCCUPIED,OCCUPIED,0.789558383551511
514.0,cctv2,C2_S002,G008,OCCUPIED,OCCUPIED,0.8222394358028066
514.0,cctv2,C2_S003,G009,EMPTY,EMPTY,0.01
514.0,cctv2,C2_S004,G010,OCCUPIED,OCCUPIED,0.7704218361865391
514.0,cctv2,C2_S005,G001,EMPTY,EMPTY,0.01
514.0,cctv2,C2_S006,G003,OCCUPIED,OCCUPIED,0.8183637136762794
514.0,cctv2,C2_S007,G004,OCCUPIED,OCCUPIED,0.7850355207920076
514.0,cctv2,C2_S008,G006,OCCUPIED,OCCUPIED,0.7675234870477157
514.0,cctv2,C2_S009,G005,OCCUPIED,OCCUPIED,0.7951092207973655
514.0,cctv2,C2_S010,G002,EMPTY,EMPTY,0.01
514.0,cctv2,C2_S011,G017,OCCUPIED,OCCUPIED,0.8100206318226728
514.0,cctv2,C2_S012,G018,EMPTY,MANEUVERING,0.2639972178231586
514.0,cctv2,C2_S013,G019,OCCUPIED,OCCUPIED,0.8260837703943253
514.0,cctv2,C2_S014,G020,EMPTY,EMPTY,0.01
514.0,cctv3,C3_S001,G021,OCCUPIED,OCCUPIED,0.8034477063200691
514.0,cctv3,C3_S002,G019,EMPTY,EMPTY,0.01
514.0,cctv3,C3_S003,G020,OCCUPIED,OCCUPIED,0.8133340800350364
514.0,cctv3,C3_S004,G024,OCCUPIED,OCCUPIED,0.8263599818403071
514.0,cctv3,C3_S005,G025,OCCUPIED,OCCUPIED,0.8313929584893314
514.0,cctv3,C3_S006,G026,OCCUPIED,OCCUPIED,0.8253302712332119
514.0,cctv3,C3_S007,G027,OCCUPIED,OCCUPIED,0.7441478184678338
514.0,cctv3,C3_S008,G028,EMPTY,EMPTY,0.01
514.0,cctv3,C3_S009,G029,EMPTY,MANEUVERING,0.1999567547575994
514.0,cctv3,C3_S010,G007,OCCUPIED,LEAVING,0.5705317957563835
514.0,cctv3,C3_S011,G008,OCCUPIED,OCCUPIED,0.7923006667332216
514.0,cctv3,C3_S012,G009,OCCUPIED,OCCUPIED,0.8263476290486076
515.0,cctv1,C1_S001,G001,OCCUPIED,OCCUPIED,0.6537140583280813
515.0,cctv1,C1_S002,G002,EMPTY,EMPTY,0.01
515.0,cctv1,C1_S003,G003,OCCUPIED,OCCUPIED,0.838753200119192
515.0,cctv1,C1_S004,G004,OCCUPIED,OCCUPIED,0.7699190426956524
515.0,cctv1,C1_S005,G005,OCCUPIED,LEAVING,0.7645181951468643
515.0,cctv1,C1_S006,G006,EMPTY,MANEUVERING,0.1067335856028578
515.0,cctv2,C2_S001,G007,OCCUPIED,OCCUPIED,0.789419892972166
515.0,cctv2,C2_S002,G008,OCCUPIED,OCCUPIED,0.8219650011170995
515.0,cctv2,C2_S003,G009,EMPTY,EMPTY,0.01
515.0,cctv2,C2_S004,G010,OCCUPIED,OCCUPIED,0.7708127319812775
515.0,cctv2,C2_S005,G001,EMPTY,EMPTY,0.01
515.0,cctv2,C2_S006,G003,OCCUPIED,OCCUPIED,0.8183233919468793
515.0,cctv2,C2_S007,G004,OCCUPIED,OCCUPIED,0.7850687744942579
515.0,cctv2,C2_S008,G006,OCCUPIED,OCCUPIED,0.7666922749443488
515.0,cctv2,C2_S009,G005,OCCUPIED,OCCUPIED,0.7943779823454944
515.0,cctv2,C2_S010,G002,EMPTY,EMPTY,0.01
515.0,cctv2,C2_S011,G017,OCCUPIED,OCCUPIED,0.8092984893105247
515.0,cctv2,C2_S012,G018,EMPTY,MANEUVERING,0.2639972178231586
515.0,cctv2,C2_S013,G019,OCCUPIED,OCCUPIED,0.8278360583565453
515.0,cctv2,C2_S014,G020,EMPTY,EMPTY,0.01
515.0,cctv3,C3_S001,G021,OCCUPIED,OCCUPIED,0.8027567839080638
515.0,cctv3,C3_S002,G019,EMPTY,EMPTY,0.01
515.0,cctv3,C3_S003,G020,OCCUPIED,OCCUPIED,0.8142538444562393
515.0,cctv3,C3_S004,G024,OCCUPIED,OCCUPIED,0.8263147394765508
515.0,cctv3,C3_S005,G025,OCCUPIED,OCCUPIED,0.8313599453731018
515.0,cctv3,C3_S006,G026,OCCUPIED,OCCUPIED,0.8254289757121693
515.0,cctv3,C3_S007,G027,OCCUPIED,OCCUPIED,0.744663993743333
515.0,cctv3,C3_S008,G028,EMPTY,EMPTY,0.01
515.0,cctv3,C3_S009,G029,EMPTY,MANEUVERING,0.1549567547575994
515.0,cctv3,C3_S010,G007,OCCUPIED,LEAVING,0.6141844834251838
515.0,cctv3,C3_S011,G008,OCCUPIED,OCCUPIED,0.7920992369001563
515.0,cctv3,C3_S012,G009,OCCUPIED,OCCUPIED,0.8264248742298648
516.0,cctv1,C1_S001,G001,OCCUPIED,OCCUPIED,0.6569874295626175
516.0,cctv1,C1_S002,G002,EMPTY,EMPTY,0.01
516.0,cctv1,C1_S003,G003,OCCUPIED,OCCUPIED,0.8386419859799472
516.0,cctv1,C1_S004,G004,OCCUPIED,OCCUPIED,0.7710046415979213
516.0,cctv1,C1_S005,G005,OCCUPIED,LEAVING,0.7647947597503664
516.0,cctv1,C1_S006,G006,EMPTY,MANEUVERING,0.1067335856028578
516.0,cctv2,C2_S001,G007,OCCUPIED,OCCUPIED,0.7888396953994579
516.0,cctv2,C2_S002,G008,OCCUPIED,OCCUPIED,0.821812776002017
516.0,cctv2,C2_S003,G009,EMPTY,EMPTY,0.01
516.0,cctv2,C2_S004,G010,OCCUPIED,OCCUPIED,0.7720414442094891
516.0,cctv2,C2_S005,G001,EMPTY,EMPTY,0.01
516.0,cctv2,C2_S006,G003,OCCUPIED,OCCUPIED,0.8182263829491356
516.0,cctv2,C2_S007,G004,OCCUPIED,OCCUPIED,0.7835166638547725
516.0,cctv2,C2_S008,G006,OCCUPIED,OCCUPIED,0.7662703963843259
516.0,cctv2,C2_S009,G005,OCCUPIED,OCCUPIED,0.7950740001418375
516.0,cctv2,C2_S010,G002,EMPTY,EMPTY,0.01
516.0,cctv2,C2_S011,G017,OCCUPIED,OCCUPIED,0.8095768010074442
516.0,cctv2,C2_S012,G018,EMPTY,MANEUVERING,0.2639972178231586
516.0,cctv2,C2_S013,G019,OCCUPIED,OCCUPIED,0.8281935586170717
516.0,cctv2,C2_S014,G020,EMPTY,EMPTY,0.01
516.0,cctv3,C3_S001,G021,OCCUPIED,OCCUPIED,0.8017303130843423
516.0,cctv3,C3_S002,G019,EMPTY,EMPTY,0.01
516.0,cctv3,C3_S003,G020,OCCUPIED,OCCUPIED,0.814971456473524
516.0,cctv3,C3_S004,G024,OCCUPIED,OCCUPIED,0.8262443095445633
516.0,cctv3,C3_S005,G025,OCCUPIED,OCCUPIED,0.8314949807795612
516.0,cctv3,C3_S006,G026,OCCUPIED,OCCUPIED,0.8256773612715982
516.0,cctv3,C3_S007,G027,OCCUPIED,OCCUPIED,0.7436999098821121
516.0,cctv3,C3_S008,G028,EMPTY,EMPTY,0.01
516.0,cctv3,C3_S009,G029,EMPTY,MANEUVERING,0.1549567547575994
516.0,cctv3,C3_S010,G007,OCCUPIED,LEAVING,0.6117782588167625
516.0,cctv3,C3_S011,G008,OCCUPIED,OCCUPIED,0.7898216220465574
516.0,cctv3,C3_S012,G009,OCCUPIED,OCCUPIED,0.8261491585861553
517.0,cctv1,C1_S001,G001,OCCUPIED,OCCUPIED,0.699793214950372
517.0,cctv1,C1_S002,G002,EMPTY,EMPTY,0.01
517.0,cctv1,C1_S003,G003,OCCUPIED,OCCUPIED,0.8383640717376363
517.0,cctv1,C1_S004,G004,OCCUPIED,OCCUPIED,0.7715200073339723
517.0,cctv1,C1_S005,G005,OCCUPIED,LEAVING,0.7628479457985272
517.0,cctv1,C1_S006,G006,EMPTY,MANEUVERING,0.0617335856028578
517.0,cctv2,C2_S001,G007,OCCUPIED,OCCUPIED,0.7884230516173624
517.0,cctv2,C2_S002,G008,OCCUPIED,OCCUPIED,0.8272695563056253
517.0,cctv2,C2_S003,G009,EMPTY,EMPTY,0.01
517.0,cctv2,C2_S004,G010,OCCUPIED,OCCUPIED,0.7736550696871498
517.0,cctv2,C2_S005,G001,EMPTY,EMPTY,0.01
517.0,cctv2,C2_S006,G003,OCCUPIED,OCCUPIED,0.8182642394846137
517.0,cctv2,C2_S007,G004,OCCUPIED,OCCUPIED,0.7838688720356335
517.0,cctv2,C2_S008,G006,OCCUPIED,OCCUPIED,0.7654259865934199
517.0,cctv2,C2_S009,G005,OCCUPIED,OCCUPIED,0.7942915249954571
517.0,cctv2,C2_S010,G002,EMPTY,EMPTY,0.01
517.0,cctv2,C2_S011,G017,OCCUPIED,OCCUPIED,0.8094460758295927
517.0,cctv2,C2_S012,G018,EMPTY,MANEUVERING,0.2189972178231586
517.0,cctv2,C2_S013,G019,OCCUPIED,OCCUPIED,0.829046500271017
517.0,cctv2,C2_S014,G020,EMPTY,EMPTY,0.01
517.0,cctv3,C3_S001,G021,OCCUPIED,OCCUPIED,0.8005472638390282
517.0,cctv3,C3_S002,G019,EMPTY,EMPTY,0.01
517.0,cctv3,C3_S003,G020,OCCUPIED,OCCUPIED,0.8166032433509827
517.0,cctv3,C3_S004,G024,OCCUPIED,OCCUPIED,0.8264067912643607
517.0,cctv3,C3_S005,G025,OCCUPIED,OCCUPIED,0.8314961373806
517.0,cctv3,C3_S006,G026,OCCUPIED,OCCUPIED,0.8256642216985877
517.0,cctv3,C3_S007,G027,OCCUPIED,OCCUPIED,0.7442564170468938
517.0,cctv3,C3_S008,G028,EMPTY,EMPTY,0.01
517.0,cctv3,C3_S009,G029,EMPTY,MANEUVERING,0.1099567547575994
517.0,cctv3,C3_S010,G007,OCCUPIED,LEAVING,0.6572961521509922
517.0,cctv3,C3_S011,G008,OCCUPIED,OCCUPIED,0.7904548021880063
517.0,cctv3,C3_S012,G009,OCCUPIED,OCCUPIED,0.8262457181106915
518.0,cctv1,C1_S001,G001,OCCUPIED,OCCUPIED,0.6993942725692284
518.0,cctv1,C1_S002,G002,EMPTY,EMPTY,0.01
518.0,cctv1,C1_S003,G003,OCCUPIED,OCCUPIED,0.8382752377878536
518.0,cctv1,C1_S004,G004,OCCUPIED,OCCUPIED,0.772462882237001
518.0,cctv1,C1_S005,G005,OCCUPIED,LEAVING,0.7641543051329527
518.0,cctv1,C1_S006,G006,EMPTY,MANEUVERING,0.0617335856028578
518.0,cctv2,C2_S001,G007,OCCUPIED,OCCUPIED,0.786976045370102
518.0,cctv2,C2_S002,G008,OCCUPIED,OCCUPIED,0.8263873501257464
518.0,cctv2,C2_S003,G009,EMPTY,EMPTY,0.01
518.0,cctv2,C2_S004,G010,OCCUPIED,OCCUPIED,0.7694164515896278
518.0,cctv2,C2_S005,G001,EMPTY,EMPTY,0.01
518.0,cctv2,C2_S006,G003,OCCUPIED,OCCUPIED,0.8180140657858416
518.0,cctv2,C2_S007,G004,OCCUPIED,OCCUPIED,0.7826553171331233
518.0,cctv2,C2_S008,G006,OCCUPIED,OCCUPIED,0.7654677705331283
518.0,cctv2,C2_S009,G005,OCCUPIED,OCCUPIED,0.7948611863634804
518.0,cctv2,C2_S010,G002,EMPTY,EMPTY,0.01
518.0,cctv2,C2_S011,G017,OCCUPIED,OCCUPIED,0.8095427832820199
518.0,cctv2,C2_S012,G018,EMPTY,MANEUVERING,0.2189972178231586
518.0,cctv2,C2_S013,G019,OCCUPIED,OCCUPIED,0.8265631160952829
518.0,cctv2,C2_S014,G020,EMPTY,EMPTY,0.01
518.0,cctv3,C3_S001,G021,OCCUPIED,OCCUPIED,0.8009853547269649
518.0,cctv3,C3_S002,G019,EMPTY,EMPTY,0.01
518.0,cctv3,C3_S003,G020,OCCUPIED,OCCUPIED,0.8175716614181345
518.0,cctv3,C3_S004,G024,OCCUPIED,OCCUPIED,0.8266641459681772
518.0,cctv3,C3_S005,G025,OCCUPIED,OCCUPIED,0.8314760955897245
518.0,cctv3,C3_S006,G026,OCCUPIED,OCCUPIED,0.8256652490659194
518.0,cctv3,C3_S007,G027,OCCUPIED,OCCUPIED,0.7438143585215916
518.0,cctv3,C3_S008,G028,EMPTY,EMPTY,0.01
518.0,cctv3,C3_S009,G029,EMPTY,MANEUVERING,0.1099567547575994
518.0,cctv3,C3_S010,G007,OCCUPIED,LEAVING,0.6584340530001755
518.0,cctv3,C3_S011,G008,OCCUPIED,OCCUPIED,0.7915379115126351
518.0,cctv3,C3_S012,G009,OCCUPIED,OCCUPIED,0.8262637011029504
519.0,cctv1,C1_S001,G001,OCCUPIED,OCCUPIED,0.7004640584472906
519.0,cctv1,C1_S002,G002,EMPTY,EMPTY,0.01
519.0,cctv1,C1_S003,G003,OCCUPIED,OCCUPIED,0.838168489933014
519.0,cctv1,C1_S004,G004,OCCUPIED,OCCUPIED,0.7740337244488977
519.0,cctv1,C1_S005,G005,OCCUPIED,OCCUPIED,0.7731206541711635
519.0,cctv1,C1_S006,G006,EMPTY,MANEUVERING,0.0617335856028578
519.0,cctv2,C2_S001,G007,OCCUPIED,OCCUPIED,0.7866566048427062
519.0,cctv2,C2_S002,G008,OCCUPIED,OCCUPIED,0.8255502115596425
519.0,cctv2,C2_S003,G009,EMPTY,EMPTY,0.01
519.0,cctv2,C2_S004,G010,OCCUPIED,OCCUPIED,0.7678670186888088
519.0,cctv2,C2_S005,G001,EMPTY,EMPTY,0.01
519.0,cctv2,C2_S006,G003,OCCUPIED,OCCUPIED,0.8178766107017345
519.0,cctv2,C2_S007,G004,OCCUPIED,OCCUPIED,0.783558570525863
519.0,cctv2,C2_S008,G006,OCCUPIED,OCCUPIED,0.7664852392944423
519.0,cctv2,C2_S009,G005,OCCUPIED,OCCUPIED,0.7941020781343634
519.0,cctv2,C2_S010,G002,EMPTY,EMPTY,0.01
519.0,cctv2,C2_S011,G017,OCCUPIED,OCCUPIED,0.8094701783223586
519.0,cctv2,C2_S012,G018,EMPTY,MANEUVERING,0.2189972178231586
519.0,cctv2,C2_S013,G019,OCCUPIED,OCCUPIED,0.8244862288236618
519.0,cctv2,C2_S014,G020,EMPTY,EMPTY,0.01
519.0,cctv3,C3_S001,G021,OCCUPIED,OCCUPIED,0.8011677286841653
519.0,cctv3,C3_S002,G019,EMPTY,EMPTY,0.01
519.0,cctv3,C3_S003,G020,OCCUPIED,OCCUPIED,0.817304459756071
519.0,cctv3,C3_S004,G024,OCCUPIED,OCCUPIED,0.8269051944667644
519.0,cctv3,C3_S005,G025,OCCUPIED,OCCUPIED,0.8314938030459664
519.0,cctv3,C3_S006,G026,OCCUPIED,OCCUPIED,0.825547248937867
519.0,cctv3,C3_S007,G027,OCCUPIED,OCCUPIED,0.7457156106829644
519.0,cctv3,C3_S008,G028,EMPTY,EMPTY,0.01
519.0,cctv3,C3_S009,G029,EMPTY,MANEUVERING,0.1099567547575994
519.0,cctv3,C3_S010,G007,OCCUPIED,LEAVING,0.6586422624551889
519.0,cctv3,C3_S011,G008,OCCUPIED,OCCUPIED,0.7907596555623142
519.0,cctv3,C3_S012,G009,OCCUPIED,OCCUPIED,0.8263522676446222
520.0,cctv1,C1_S001,G001,OCCUPIED,OCCUPIED,0.7002624466304075
520.0,cctv1,C1_S002,G002,EMPTY,EMPTY,0.01
520.0,cctv1,C1_S003,G003,OCCUPIED,OCCUPIED,0.8383337749676272
520.0,cctv1,C1_S004,G004,OCCUPIED,OCCUPIED,0.773417329652743
520.0,cctv1,C1_S005,G005,OCCUPIED,OCCUPIED,0.771589371291074
520.0,cctv1,C1_S006,G006,EMPTY,MANEUVERING,0.0617335856028578
520.0,cctv2,C2_S001,G007,OCCUPIED,OCCUPIED,0.7864256967197766
520.0,cctv2,C2_S002,G008,OCCUPIED,OCCUPIED,0.8246753538196738
520.0,cctv2,C2_S003,G009,EMPTY,EMPTY,0.01
520.0,cctv2,C2_S004,G010,OCCUPIED,OCCUPIED,0.7691595028747212
520.0,cctv2,C2_S005,G001,EMPTY,EMPTY,0.01
520.0,cctv2,C2_S006,G003,OCCUPIED,OCCUPIED,0.8179116119037976
520.0,cctv2,C2_S007,G004,OCCUPIED,OCCUPIED,0.7828119565140118
520.0,cctv2,C2_S008,G006,OCCUPIED,OCCUPIED,0.7669677585363389
520.0,cctv2,C2_S009,G005,OCCUPIED,OCCUPIED,0.7940391453829679
520.0,cctv2,C2_S010,G002,EMPTY,EMPTY,0.01
520.0,cctv2,C2_S011,G017,OCCUPIED,OCCUPIED,0.8094264713200656
520.0,cctv2,C2_S012,G018,EMPTY,MANEUVERING,0.2189972178231586
520.0,cctv2,C2_S013,G019,OCCUPIED,OCCUPIED,0.8240057151425969
520.0,cctv2,C2_S014,G020,EMPTY,EMPTY,0.01
520.0,cctv3,C3_S001,G021,OCCUPIED,OCCUPIED,0.8012889637188478
520.0,cctv3,C3_S002,G019,EMPTY,EMPTY,0.01
520.0,cctv3,C3_S003,G020,OCCUPIED,OCCUPIED,0.8135888029228557
520.0,cctv3,C3_S004,G024,OCCUPIED,OCCUPIED,0.8272440501234749
520.0,cctv3,C3_S005,G025,OCCUPIED,OCCUPIED,0.8315739702094685
520.0,cctv3,C3_S006,G026,OCCUPIED,OCCUPIED,0.8256311760707336
520.0,cctv3,C3_S007,G027,OCCUPIED,OCCUPIED,0.744535288756544
520.0,cctv3,C3_S008,G028,EMPTY,EMPTY,0.01
520.0,cctv3,C3_S009,G029,EMPTY,MANEUVERING,0.1099567547575994
520.0,cctv3,C3_S010,G007,OCCUPIED,LEAVING,0.6566532430413997
520.0,cctv3,C3_S011,G008,OCCUPIED,OCCUPIED,0.7905711897394875
520.0,cctv3,C3_S012,G009,OCCUPIED,OCCUPIED,0.826458395340226
521.0,cctv1,C1_S001,G001,OCCUPIED,OCCUPIED,0.7015760742534292
521.0,cctv1,C1_S002,G002,EMPTY,EMPTY,0.01
521.0,cctv1,C1_S003,G003,OCCUPIED,OCCUPIED,0.8384147020903501
521.0,cctv1,C1_S004,G004,OCCUPIED,OCCUPIED,0.7734127402305604
521.0,cctv1,C1_S005,G005,OCCUPIED,OCCUPIED,0.7714887774803423
521.0,cctv1,C1_S006,G006,EMPTY,MANEUVERING,0.0617335856028578
521.0,cctv2,C2_S001,G007,OCCUPIED,OCCUPIED,0.7840211365710605
521.0,cctv2,C2_S002,G008,OCCUPIED,OCCUPIED,0.8215596234256571
521.0,cctv2,C2_S003,G009,EMPTY,EMPTY,0.01
521.0,cctv2,C2_S004,G010,OCCUPIED,OCCUPIED,0.7695756488225678
521.0,cctv2,C2_S005,G001,EMPTY,EMPTY,0.01
521.0,cctv2,C2_S006,G003,OCCUPIED,OCCUPIED,0.8182533253322949
521.0,cctv2,C2_S007,G004,OCCUPIED,OCCUPIED,0.7825858869335869
521.0,cctv2,C2_S008,G006,OCCUPIED,OCCUPIED,0.7688645895231855
521.0,cctv2,C2_S009,G005,OCCUPIED,OCCUPIED,0.7935234768824144
521.0,cctv2,C2_S010,G002,EMPTY,EMPTY,0.01
521.0,cctv2,C2_S011,G017,OCCUPIED,OCCUPIED,0.8091188959100031
521.0,cctv2,C2_S012,G018,EMPTY,MANEUVERING,0.2189972178231586
521.0,cctv2,C2_S013,G019,OCCUPIED,OCCUPIED,0.8247336674820294
521.0,cctv2,C2_S014,G020,EMPTY,EMPTY,0.01
521.0,cctv3,C3_S001,G021,OCCUPIED,OCCUPIED,0.8026493971998042
521.0,cctv3,C3_S002,G019,EMPTY,EMPTY,0.01
521.0,cctv3,C3_S003,G020,OCCUPIED,OCCUPIED,0.8123690464279869
521.0,cctv3,C3_S004,G024,OCCUPIED,OCCUPIED,0.8274946570396424
521.0,cctv3,C3_S005,G025,OCCUPIED,OCCUPIED,0.8315924766388807
521.0,cctv3,C3_S006,G026,OCCUPIED,OCCUPIED,0.8256471977992492
521.0,cctv3,C3_S007,G027,OCCUPIED,OCCUPIED,0.7442973056977447
521.0,cctv3,C3_S008,G028,EMPTY,EMPTY,0.01
521.0,cctv3,C3_S009,G029,EMPTY,MANEUVERING,0.1099567547575994
521.0,cctv3,C3_S010,G007,OCCUPIED,LEAVING,0.6583210639520125
521.0,cctv3,C3_S011,G008,OCCUPIED,OCCUPIED,0.7918257044120269
521.0,cctv3,C3_S012,G009,OCCUPIED,OCCUPIED,0.8265895130959424
522.0,cctv1,C1_S001,G001,OCCUPIED,OCCUPIED,0.7046992250193249
522.0,cctv1,C1_S002,G002,EMPTY,EMPTY,0.01
522.0,cctv1,C1_S003,G003,OCCUPIED,OCCUPIED,0.8385080803524365
522.0,cctv1,C1_S004,G004,OCCUPIED,OCCUPIED,0.7727234202352438
522.0,cctv1,C1_S005,G005,OCCUPIED,OCCUPIED,0.7712078339674256
522.0,cctv1,C1_S006,G006,EMPTY,MANEUVERING,0.0617335856028578
522.0,cctv2,C2_S001,G007,OCCUPIED,OCCUPIED,0.7816370961340992
522.0,cctv2,C2_S002,G008,OCCUPIED,OCCUPIED,0.8214056223630906
522.0,cctv2,C2_S003,G009,EMPTY,EMPTY,0.01
522.0,cctv2,C2_S004,G010,OCCUPIED,OCCUPIED,0.7682905516841195
522.0,cctv2,C2_S005,G001,EMPTY,EMPTY,0.01
522.0,cctv2,C2_S006,G003,OCCUPIED,OCCUPIED,0.8186635456301949
522.0,cctv2,C2_S007,G004,OCCUPIED,OCCUPIED,0.7824775785207749
522.0,cctv2,C2_S008,G006,OCCUPIED,OCCUPIED,0.7699477057565343
522.0,cctv2,C2_S009,G005,OCCUPIED,OCCUPIED,0.793225954879414
522.0,cctv2,C2_S010,G002,EMPTY,EMPTY,0.01
522.0,cctv2,C2_S011,G017,OCCUPIED,OCCUPIED,0.8093289803374898
522.0,cctv2,C2_S012,G018,EMPTY,MANEUVERING,0.2189972178231586
522.0,cctv2,C2_S013,G019,OCCUPIED,OCCUPIED,0.8262247391722419
522.0,cctv2,C2_S014,G020,EMPTY,EMPTY,0.01
522.0,cctv3,C3_S001,G021,OCCUPIED,OCCUPIED,0.8036005800420588
522.0,cctv3,C3_S002,G019,EMPTY,EMPTY,0.01
522.0,cctv3,C3_S003,G020,OCCUPIED,OCCUPIED,0.8124285337599841
522.0,cctv3,C3_S004,G024,OCCUPIED,OCCUPIED,0.82751574001529
522.0,cctv3,C3_S005,G025,OCCUPIED,OCCUPIED,0.8315449259497903
522.0,cctv3,C3_S006,G026,OCCUPIED,OCCUPIED,0.8253561212257906
522.0,cctv3,C3_S007,G027,OCCUPIED,OCCUPIED,0.7445921365510334
522.0,cctv3,C3_S008,G028,EMPTY,EMPTY,0.01
522.0,cctv3,C3_S009,G029,EMPTY,MANEUVERING,0.0590681415118954
522.0,cctv3,C3_S010,G007,OCCUPIED,LEAVING,0.7024984891644934
522.0,cctv3,C3_S011,G008,OCCUPIED,OCCUPIED,0.7899458221413873
522.0,cctv3,C3_S012,G009,OCCUPIED,OCCUPIED,0.8261332880366933
523.0,cctv1,C1_S001,G001,OCCUPIED,OCCUPIED,0.7042204802144658
523.0,cctv1,C1_S002,G002,EMPTY,EMPTY,0.01
523.0,cctv1,C1_S003,G003,OCCUPIED,OCCUPIED,0.8384543557058681
523.0,cctv1,C1_S004,G004,OCCUPIED,OCCUPIED,0.7715854804624211
523.0,cctv1,C1_S005,G005,OCCUPIED,OCCUPIED,0.7714059711857276
523.0,cctv1,C1_S006,G006,EMPTY,MANEUVERING,0.0617335856028578
523.0,cctv2,C2_S001,G007,OCCUPIED,OCCUPIED,0.7839140302755616
523.0,cctv2,C2_S002,G008,OCCUPIED,OCCUPIED,0.8199401706457139
523.0,cctv2,C2_S003,G009,EMPTY,EMPTY,0.01
523.0,cctv2,C2_S004,G010,OCCUPIED,OCCUPIED,0.7671649500727654
523.0,cctv2,C2_S005,G001,EMPTY,EMPTY,0.01
523.0,cctv2,C2_S006,G003,OCCUPIED,OCCUPIED,0.8187180302359842
523.0,cctv2,C2_S007,G004,OCCUPIED,OCCUPIED,0.78279990689321
523.0,cctv2,C2_S008,G006,OCCUPIED,OCCUPIED,0.770798896253109
523.0,cctv2,C2_S009,G005,OCCUPIED,OCCUPIED,0.7924757792191073
523.0,cctv2,C2_S010,G002,EMPTY,EMPTY,0.01
523.0,cctv2,C2_S011,G017,OCCUPIED,OCCUPIED,0.8079614617607811
523.0,cctv2,C2_S012,G018,EMPTY,MANEUVERING,0.296841360100291
523.0,cctv2,C2_S013,G019,OCCUPIED,OCCUPIED,0.8265146437016401
523.0,cctv2,C2_S014,G020,EMPTY,EMPTY,0.01
523.0,cctv3,C3_S001,G021,OCCUPIED,OCCUPIED,0.8039135775782846
523.0,cctv3,C3_S002,G019,EMPTY,EMPTY,0.01
523.0,cctv3,C3_S003,G020,OCCUPIED,OCCUPIED,0.8112543284893037
523.0,cctv3,C3_S004,G024,OCCUPIED,OCCUPIED,0.8276218197562478
523.0,cctv3,C3_S005,G025,OCCUPIED,OCCUPIED,0.8315179274840789
523.0,cctv3,C3_S006,G026,OCCUPIED,OCCUPIED,0.825381619280035
523.0,cctv3,C3_S007,G027,OCCUPIED,OCCUPIED,0.7463463085618887
523.0,cctv3,C3_S008,G028,EMPTY,EMPTY,0.01
523.0,cctv3,C3_S009,G029,EMPTY,MANEUVERING,0.149338651722805
523.0,cctv3,C3_S010,G007,OCCUPIED,LEAVING,0.6100546556575732
523.0,cctv3,C3_S011,G008,OCCUPIED,OCCUPIED,0.7899301076477225
523.0,cctv3,C3_S012,G009,OCCUPIED,OCCUPIED,0.8258054034276443
524.0,cctv1,C1_S001,G001,OCCUPIED,OCCUPIED,0.7422988726334139
524.0,cctv1,C1_S002,G002,EMPTY,EMPTY,0.01
524.0,cctv1,C1_S003,G003,OCCUPIED,OCCUPIED,0.8385425418615342
524.0,cctv1,C1_S004,G004,OCCUPIED,OCCUPIED,0.770235964384946
524.0,cctv1,C1_S005,G005,OCCUPIED,OCCUPIED,0.7763963986526836
524.0,cctv1,C1_S006,G006,EMPTY,EMPTY,0.01
524.0,cctv2,C2_S001,G007,OCCUPIED,OCCUPIED,0.7854317484931513
524.0,cctv2,C2_S002,G008,OCCUPIED,OCCUPIED,0.8197378914464605
524.0,cctv2,C2_S003,G009,EMPTY,EMPTY,0.01
524.0,cctv2,C2_S004,G010,OCCUPIED,OCCUPIED,0.7666096336462281
524.0,cctv2,C2_S005,G001,EMPTY,EMPTY,0.01
524.0,cctv2,C2_S006,G003,OCCUPIED,OCCUPIED,0.8184641055085443
524.0,cctv2,C2_S007,G004,OCCUPIED,OCCUPIED,0.7814095879142935
524.0,cctv2,C2_S008,G006,OCCUPIED,OCCUPIED,0.7702671613205564
524.0,cctv2,C2_S009,G005,OCCUPIED,OCCUPIED,0.7924626997926019
524.0,cctv2,C2_S010,G002,EMPTY,EMPTY,0.01
524.0,cctv2,C2_S011,G017,OCCUPIED,OCCUPIED,0.8068738040598957
524.0,cctv2,C2_S012,G018,EMPTY,MANEUVERING,0.2569582296501506
524.0,cctv2,C2_S013,G019,OCCUPIED,OCCUPIED,0.8263259023427963
524.0,cctv2,C2_S014,G020,EMPTY,EMPTY,0.01
524.0,cctv3,C3_S001,G021,OCCUPIED,OCCUPIED,0.8031193413517692
524.0,cctv3,C3_S002,G019,EMPTY,EMPTY,0.01
524.0,cctv3,C3_S003,G020,OCCUPIED,OCCUPIED,0.8103355158459057
524.0,cctv3,C3_S004,G024,OCCUPIED,OCCUPIED,0.8274252723563802
524.0,cctv3,C3_S005,G025,OCCUPIED,OCCUPIED,0.831608392704617
524.0,cctv3,C3_S006,G026,OCCUPIED,OCCUPIED,0.8254881948232651
524.0,cctv3,C3_S007,G027,OCCUPIED,OCCUPIED,0.7325053138760004
524.0,cctv3,C3_S008,G028,EMPTY,MANEUVERING,0.1413856373049996
524.0,cctv3,C3_S009,G029,EMPTY,MANEUVERING,0.1933576807142658
524.0,cctv3,C3_S010,G007,OCCUPIED,LEAVING,0.5650546556575732
524.0,cctv3,C3_S011,G008,OCCUPIED,OCCUPIED,0.7899028547785499
524.0,cctv3,C3_S012,G009,OCCUPIED,OCCUPIED,0.826007740335031
525.0,cctv1,C1_S001,G001,OCCUPIED,OCCUPIED,0.7411514622243969
525.0,cctv1,C1_S002,G002,EMPTY,EMPTY,0.01
525.0,cctv1,C1_S003,G003,OCCUPIED,OCCUPIED,0.838503460450606
525.0,cctv1,C1_S004,G004,OCCUPIED,OCCUPIED,0.7680156756531109
525.0,cctv1,C1_S005,G005,OCCUPIED,OCCUPIED,0.7763412727551028
525.0,cctv1,C1_S006,G006,EMPTY,EMPTY,0.01
525.0,cctv2,C2_S001,G007,OCCUPIED,OCCUPIED,0.7840564466335558
525.0,cctv2,C2_S002,G008,OCCUPIED,OCCUPIED,0.8181405888362365
525.0,cctv2,C2_S003,G009,EMPTY,EMPTY,0.01
525.0,cctv2,C2_S004,G010,OCCUPIED,OCCUPIED,0.7654842368581078
525.0,cctv2,C2_S005,G001,EMPTY,EMPTY,0.01
525.0,cctv2,C2_S006,G003,OCCUPIED,OCCUPIED,0.8189556731419131
525.0,cctv2,C2_S007,G004,OCCUPIED,OCCUPIED,0.7818966559388422
525.0,cctv2,C2_S008,G006,OCCUPIED,OCCUPIED,0.770985006202351
525.0,cctv2,C2_S009,G005,OCCUPIED,OCCUPIED,0.7925485069101508
525.0,cctv2,C2_S010,G002,EMPTY,EMPTY,0.01
525.0,cctv2,C2_S011,G017,OCCUPIED,OCCUPIED,0.8062747383659536
525.0,cctv2,C2_S012,G018,EMPTY,MANEUVERING,0.2569582296501506
525.0,cctv2,C2_S013,G019,OCCUPIED,OCCUPIED,0.8249450491233306
525.0,cctv2,C2_S014,G020,EMPTY,EMPTY,0.01
525.0,cctv3,C3_S001,G021,OCCUPIED,OCCUPIED,0.8037479836832394
525.0,cctv3,C3_S002,G019,EMPTY,EMPTY,0.01
525.0,cctv3,C3_S003,G020,OCCUPIED,OCCUPIED,0.8103236271576448
525.0,cctv3,C3_S004,G024,OCCUPIED,OCCUPIED,0.8274604011665692
525.0,cctv3,C3_S005,G025,OCCUPIED,OCCUPIED,0.8315537804907019
525.0,cctv3,C3_S006,G026,OCCUPIED,OCCUPIED,0.8255321098999544
525.0,cctv3,C3_S007,G027,OCCUPIED,LEAVING,0.7326211458850992
525.0,cctv3,C3_S008,G028,EMPTY,MANEUVERING,0.1413856373049996
525.0,cctv3,C3_S009,G029,EMPTY,MANEUVERING,0.1933576807142658
525.0,cctv3,C3_S010,G007,OCCUPIED,LEAVING,0.5661498979591962
525.0,cctv3,C3_S011,G008,OCCUPIED,OCCUPIED,0.7918543674729088
525.0,cctv3,C3_S012,G009,OCCUPIED,OCCUPIED,0.8263866592537273
526.0,cctv1,C1_S001,G001,OCCUPIED,OCCUPIED,0.7436812768605623
526.0,cctv1,C1_S002,G002,EMPTY,EMPTY,0.01
526.0,cctv1,C1_S003,G003,OCCUPIED,OCCUPIED,0.8384779542684555
526.0,cctv1,C1_S004,G004,OCCUPIED,OCCUPIED,0.7687846027991989
526.0,cctv1,C1_S005,G005,OCCUPIED,OCCUPIED,0.7782627166672187
526.0,cctv1,C1_S006,G006,EMPTY,EMPTY,0.01
526.0,cctv2,C2_S001,G007,OCCUPIED,OCCUPIED,0.782911668446931
526.0,cctv2,C2_S002,G008,OCCUPIED,OCCUPIED,0.8185768046162346
526.0,cctv2,C2_S003,G009,EMPTY,EMPTY,0.01
526.0,cctv2,C2_S004,G010,OCCUPIED,OCCUPIED,0.766671368750659
526.0,cctv2,C2_S005,G001,EMPTY,EMPTY,0.01
526.0,cctv2,C2_S006,G003,OCCUPIED,OCCUPIED,0.8190805771134118
526.0,cctv2,C2_S007,G004,OCCUPIED,OCCUPIED,0.7829567982391878
526.0,cctv2,C2_S008,G006,OCCUPIED,OCCUPIED,0.77176580903205
526.0,cctv2,C2_S009,G005,OCCUPIED,OCCUPIED,0.7938236217607152
526.0,cctv2,C2_S010,G002,EMPTY,EMPTY,0.01
526.0,cctv2,C2_S011,G017,OCCUPIED,OCCUPIED,0.8069742145863447
526.0,cctv2,C2_S012,G018,EMPTY,MANEUVERING,0.2569582296501506
526.0,cctv2,C2_S013,G019,OCCUPIED,OCCUPIED,0.8249141557650134
526.0,cctv2,C2_S014,G020,EMPTY,EMPTY,0.01
526.0,cctv3,C3_S001,G021,OCCUPIED,OCCUPIED,0.8039390122348613
526.0,cctv3,C3_S002,G019,EMPTY,EMPTY,0.01
526.0,cctv3,C3_S003,G020,OCCUPIED,OCCUPIED,0.8101547959175978
526.0,cctv3,C3_S004,G024,OCCUPIED,OCCUPIED,0.8274856513196772
526.0,cctv3,C3_S005,G025,OCCUPIED,OCCUPIED,0.8315683969042519
526.0,cctv3,C3_S006,G026,OCCUPIED,OCCUPIED,0.8253820232369684
526.0,cctv3,C3_S007,G027,OCCUPIED,LEAVING,0.7325580997494135
526.0,cctv3,C3_S008,G028,EMPTY,MANEUVERING,0.1413856373049996
526.0,cctv3,C3_S009,G029,EMPTY,MANEUVERING,0.1933576807142658
526.0,cctv3,C3_S010,G007,OCCUPIED,LEAVING,0.5688920419279373
526.0,cctv3,C3_S011,G008,OCCUPIED,OCCUPIED,0.7930885892022741
526.0,cctv3,C3_S012,G009,OCCUPIED,OCCUPIED,0.8266261219978333
527.0,cctv1,C1_S001,G001,OCCUPIED,OCCUPIED,0.7429787551137534
527.0,cctv1,C1_S002,G002,EMPTY,EMPTY,0.01
527.0,cctv1,C1_S003,G003,OCCUPIED,OCCUPIED,0.838701069355011
527.0,cctv1,C1_S004,G004,OCCUPIED,OCCUPIED,0.76714050214399
527.0,cctv1,C1_S005,G005,OCCUPIED,OCCUPIED,0.779976427148689
527.0,cctv1,C1_S006,G006,EMPTY,EMPTY,0.01
527.0,cctv2,C2_S001,G007,OCCUPIED,OCCUPIED,0.7856707016175444
527.0,cctv2,C2_S002,G008,OCCUPIED,OCCUPIED,0.8189501364122738
527.0,cctv2,C2_S003,G009,EMPTY,EMPTY,0.01
527.0,cctv2,C2_S004,G010,OCCUPIED,OCCUPIED,0.7654924688014118
527.0,cctv2,C2_S005,G001,EMPTY,EMPTY,0.01
527.0,cctv2,C2_S006,G003,OCCUPIED,OCCUPIED,0.8194211721420288
527.0,cctv2,C2_S007,G004,OCCUPIED,OCCUPIED,0.7831392136487094
527.0,cctv2,C2_S008,G006,OCCUPIED,OCCUPIED,0.7729077908125791
527.0,cctv2,C2_S009,G005,OCCUPIED,OCCUPIED,0.7930583997206255
527.0,cctv2,C2_S010,G002,EMPTY,EMPTY,0.01
527.0,cctv2,C2_S011,G017,OCCUPIED,OCCUPIED,0.8060094451362437
527.0,cctv2,C2_S012,G018,EMPTY,MANEUVERING,0.2119582296501506
527.0,cctv2,C2_S013,G019,OCCUPIED,OCCUPIED,0.8244485543532806
527.0,cctv2,C2_S014,G020,EMPTY,EMPTY,0.01
527.0,cctv3,C3_S001,G021,OCCUPIED,OCCUPIED,0.8045982561328195
527.0,cctv3,C3_S002,G019,EMPTY,EMPTY,0.01
527.0,cctv3,C3_S003,G020,OCCUPIED,OCCUPIED,0.8098640200766651
527.0,cctv3,C3_S004,G024,OCCUPIED,OCCUPIED,0.8274056524038316
527.0,cctv3,C3_S005,G025,OCCUPIED,OCCUPIED,0.8315213550220837
527.0,cctv3,C3_S006,G026,OCCUPIED,OCCUPIED,0.8250891251997514
527.0,cctv3,C3_S007,G027,OCCUPIED,LEAVING,0.7326718225668778
527.0,cctv3,C3_S008,G028,EMPTY,MANEUVERING,0.1413856373049996
527.0,cctv3,C3_S009,G029,EMPTY,MANEUVERING,0.1483576807142659
527.0,cctv3,C3_S010,G007,OCCUPIED,LEAVING,0.6160375692311563
527.0,cctv3,C3_S011,G008,OCCUPIED,OCCUPIED,0.7930324773896825
527.0,cctv3,C3_S012,G009,OCCUPIED,OCCUPIED,0.8261350680481304
528.0,cctv1,C1_S001,G001,OCCUPIED,OCCUPIED,0.74313298904083
528.0,cctv1,C1_S002,G002,EMPTY,EMPTY,0.01
528.0,cctv1,C1_S003,G003,OCCUPIED,OCCUPIED,0.8387446463108064
528.0,cctv1,C1_S004,G004,OCCUPIED,OCCUPIED,0.766636848314242
528.0,cctv1,C1_S005,G005,OCCUPIED,OCCUPIED,0.7806081332943657
528.0,cctv1,C1_S006,G006,EMPTY,EMPTY,0.01
528.0,cctv2,C2_S001,G007,OCCUPIED,OCCUPIED,0.7883228564804251
528.0,cctv2,C2_S002,G008,OCCUPIED,OCCUPIED,0.8174917031418194
528.0,cctv2,C2_S003,G009,EMPTY,EMPTY,0.01
528.0,cctv2,C2_S004,G010,OCCUPIED,OCCUPIED,0.7632667303085328
528.0,cctv2,C2_S005,G001,EMPTY,EMPTY,0.01
528.0,cctv2,C2_S006,G003,OCCUPIED,OCCUPIED,0.819612607088956
528.0,cctv2,C2_S007,G004,OCCUPIED,OCCUPIED,0.7826431756669825
528.0,cctv2,C2_S008,G006,OCCUPIED,OCCUPIED,0.7736740601333706
528.0,cctv2,C2_S009,G005,OCCUPIED,OCCUPIED,0.7929543178189885
528.0,cctv2,C2_S010,G002,EMPTY,EMPTY,0.01
528.0,cctv2,C2_S011,G017,OCCUPIED,OCCUPIED,0.8060841787945141
528.0,cctv2,C2_S012,G018,EMPTY,MANEUVERING,0.2119582296501506
528.0,cctv2,C2_S013,G019,OCCUPIED,OCCUPIED,0.824173120747913
528.0,cctv2,C2_S014,G020,EMPTY,EMPTY,0.01
528.0,cctv3,C3_S001,G021,OCCUPIED,OCCUPIED,0.8067828430370851
528.0,cctv3,C3_S002,G019,EMPTY,EMPTY,0.01
528.0,cctv3,C3_S003,G020,OCCUPIED,OCCUPIED,0.8101543553850868
528.0,cctv3,C3_S004,G024,OCCUPIED,OCCUPIED,0.8272932857275009
528.0,cctv3,C3_S005,G025,OCCUPIED,OCCUPIED,0.8315004313533957
528.0,cctv3,C3_S006,G026,OCCUPIED,OCCUPIED,0.8250911734320902
528.0,cctv3,C3_S007,G027,OCCUPIED,LEAVING,0.7327920456772502
528.0,cctv3,C3_S008,G028,EMPTY,MANEUVERING,0.0963856373049996
528.0,cctv3,C3_S009,G029,EMPTY,MANEUVERING,0.1033576807142658
528.0,cctv3,C3_S010,G007,OCCUPIED,LEAVING,0.65875375468171
528.0,cctv3,C3_S011,G008,OCCUPIED,OCCUPIED,0.7913365141911941
528.0,cctv3,C3_S012,G009,OCCUPIED,OCCUPIED,0.826099583235654
529.0,cctv1,C1_S001,G001,OCCUPIED,OCCUPIED,0.7439427595246922
529.0,cctv1,C1_S002,G002,EMPTY,EMPTY,0.01
529.0,cctv1,C1_S003,G003,OCCUPIED,OCCUPIED,0.8387524816122922
529.0,cctv1,C1_S004,G004,OCCUPIED,OCCUPIED,0.7658060921864077
529.0,cctv1,C1_S005,G005,OCCUPIED,OCCUPIED,0.7778425083919005
529.0,cctv1,C1_S006,G006,EMPTY,EMPTY,0.01
529.0,cctv2,C2_S001,G007,OCCUPIED,OCCUPIED,0.78950773044066
529.0,cctv2,C2_S002,G008,OCCUPIED,OCCUPIED,0.8175835094668649
529.0,cctv2,C2_S003,G009,EMPTY,EMPTY,0.01
529.0,cctv2,C2_S004,G010,OCCUPIED,OCCUPIED,0.7642500480467623
529.0,cctv2,C2_S005,G001,EMPTY,EMPTY,0.01
529.0,cctv2,C2_S006,G003,OCCUPIED,OCCUPIED,0.8197035356001421
529.0,cctv2,C2_S007,G004,OCCUPIED,OCCUPIED,0.7827304490587929
529.0,cctv2,C2_S008,G006,OCCUPIED,OCCUPIED,0.7734160048040477
529.0,cctv2,C2_S009,G005,OCCUPIED,OCCUPIED,0.7938797156919133
529.0,cctv2,C2_S010,G002,EMPTY,EMPTY,0.01
529.0,cctv2,C2_S011,G017,OCCUPIED,OCCUPIED,0.8058522059158846
529.0,cctv2,C2_S012,G018,EMPTY,MANEUVERING,0.2119582296501506
529.0,cctv2,C2_S013,G019,OCCUPIED,OCCUPIED,0.8256765110926195
529.0,cctv2,C2_S014,G020,EMPTY,EMPTY,0.01
529.0,cctv3,C3_S001,G021,OCCUPIED,OCCUPIED,0.8072415958751332
529.0,cctv3,C3_S002,G019,EMPTY,EMPTY,0.01
529.0,cctv3,C3_S003,G020,OCCUPIED,OCCUPIED,0.8090543871576137
529.0,cctv3,C3_S004,G024,OCCUPIED,OCCUPIED,0.8270491884513336
529.0,cctv3,C3_S005,G025,OCCUPIED,OCCUPIED,0.8315025397322395
529.0,cctv3,C3_S006,G026,OCCUPIED,OCCUPIED,0.8250552245161751
529.0,cctv3,C3_S007,G027,OCCUPIED,LEAVING,0.7325639717551796
529.0,cctv3,C3_S008,G028,EMPTY,MANEUVERING,0.0963856373049996
529.0,cctv3,C3_S009,G029,EMPTY,MANEUVERING,0.1033576807142658
529.0,cctv3,C3_S010,G007,OCCUPIED,LEAVING,0.658194415754441
529.0,cctv3,C3_S011,G008,OCCUPIED,OCCUPIED,0.7898774981498718
529.0,cctv3,C3_S012,G009,OCCUPIED,OCCUPIED,0.8259203937920658
530.0,cctv1,C1_S001,G001,OCCUPIED,OCCUPIED,0.7436037614264273
530.0,cctv1,C1_S002,G002,EMPTY,EMPTY,0.01
530.0,cctv1,C1_S003,G003,OCCUPIED,OCCUPIED,0.8387539478865538
530.0,cctv1,C1_S004,G004,OCCUPIED,OCCUPIED,0.7654317293654789
530.0,cctv1,C1_S005,G005,OCCUPIED,OCCUPIED,0.779290294918147
530.0,cctv1,C1_S006,G006,EMPTY,EMPTY,0.01
530.0,cctv2,C2_S001,G007,OCCUPIED,OCCUPIED,0.7909227127378637
530.0,cctv2,C2_S002,G008,OCCUPIED,OCCUPIED,0.818750379302285
530.0,cctv2,C2_S003,G009,EMPTY,EMPTY,0.01
530.0,cctv2,C2_S004,G010,OCCUPIED,OCCUPIED,0.7674496267329564
530.0,cctv2,C2_S005,G001,EMPTY,EMPTY,0.01
530.0,cctv2,C2_S006,G003,OCCUPIED,OCCUPIED,0.819994319568981
530.0,cctv2,C2_S007,G004,OCCUPIED,OCCUPIED,0.7824571400880814
530.0,cctv2,C2_S008,G006,OCCUPIED,OCCUPIED,0.7741307293826885
530.0,cctv2,C2_S009,G005,OCCUPIED,OCCUPIED,0.7933791756629944
530.0,cctv2,C2_S010,G002,EMPTY,EMPTY,0.01
530.0,cctv2,C2_S011,G017,OCCUPIED,OCCUPIED,0.805758565122431
530.0,cctv2,C2_S012,G018,EMPTY,MANEUVERING,0.2119582296501506
530.0,cctv2,C2_S013,G019,OCCUPIED,OCCUPIED,0.826284379308874
530.0,cctv2,C2_S014,G020,EMPTY,EMPTY,0.01
530.0,cctv3,C3_S001,G021,OCCUPIED,OCCUPIED,0.8077083189379086
530.0,cctv3,C3_S002,G019,EMPTY,EMPTY,0.01
530.0,cctv3,C3_S003,G020,OCCUPIED,OCCUPIED,0.8100544284690511
530.0,cctv3,C3_S004,G024,OCCUPIED,OCCUPIED,0.8268657180395994
530.0,cctv3,C3_S005,G025,OCCUPIED,OCCUPIED,0.8314484574578026
530.0,cctv3,C3_S006,G026,OCCUPIED,OCCUPIED,0.8250281911004674
530.0,cctv3,C3_S007,G027,OCCUPIED,LEAVING,0.7326397400958973
530.0,cctv3,C3_S008,G028,EMPTY,MANEUVERING,0.0963856373049996
530.0,cctv3,C3_S009,G029,EMPTY,MANEUVERING,0.1033576807142658
530.0,cctv3,C3_S010,G007,OCCUPIED,LEAVING,0.6587717498206731
530.0,cctv3,C3_S011,G008,OCCUPIED,OCCUPIED,0.7900433586402373
530.0,cctv3,C3_S012,G009,OCCUPIED,OCCUPIED,0.8256043629212814
531.0,cctv1,C1_S001,G001,OCCUPIED,OCCUPIED,0.7425438119606539
531.0,cctv1,C1_S002,G002,EMPTY,EMPTY,0.01
531.0,cctv1,C1_S003,G003,OCCUPIED,OCCUPIED,0.83846439529549
531.0,cctv1,C1_S004,G004,OCCUPIED,OCCUPIED,0.765449319779873
531.0,cctv1,C1_S005,G005,OCCUPIED,OCCUPIED,0.7791480947624554
531.0,cctv1,C1_S006,G006,EMPTY,EMPTY,0.01
531.0,cctv2,C2_S001,G007,OCCUPIED,OCCUPIED,0.7902901950207624
531.0,cctv2,C2_S002,G008,OCCUPIED,OCCUPIED,0.8189389231530103
531.0,cctv2,C2_S003,G009,EMPTY,EMPTY,0.01
531.0,cctv2,C2_S004,G010,OCCUPIED,OCCUPIED,0.765794905342839
531.0,cctv2,C2_S005,G001,EMPTY,EMPTY,0.01
531.0,cctv2,C2_S006,G003,OCCUPIED,OCCUPIED,0.8201405682347038
531.0,cctv2,C2_S007,G004,OCCUPIED,OCCUPIED,0.7822754960168492
531.0,cctv2,C2_S008,G006,OCCUPIED,OCCUPIED,0.7746838203885339
531.0,cctv2,C2_S009,G005,OCCUPIED,OCCUPIED,0.7935762139883908
531.0,cctv2,C2_S010,G002,EMPTY,EMPTY,0.01
531.0,cctv2,C2_S011,G017,OCCUPIED,OCCUPIED,0.8061379969120026
531.0,cctv2,C2_S012,G018,EMPTY,MANEUVERING,0.2119582296501506
531.0,cctv2,C2_S013,G019,OCCUPIED,OCCUPIED,0.8255734232338993
531.0,cctv2,C2_S014,G020,EMPTY,EMPTY,0.01
531.0,cctv3,C3_S001,G021,OCCUPIED,OCCUPIED,0.8072686390443282
531.0,cctv3,C3_S002,G019,EMPTY,EMPTY,0.01
531.0,cctv3,C3_S003,G020,OCCUPIED,OCCUPIED,0.8129530641165648
531.0,cctv3,C3_S004,G024,OCCUPIED,OCCUPIED,0.8266492109407079
531.0,cctv3,C3_S005,G025,OCCUPIED,OCCUPIED,0.8314567389813337
531.0,cctv3,C3_S006,G026,OCCUPIED,OCCUPIED,0.8248573490164497
531.0,cctv3,C3_S007,G027,OCCUPIED,LEAVING,0.7337916818125683
531.0,cctv3,C3_S008,G028,EMPTY,MANEUVERING,0.0963856373049996
531.0,cctv3,C3_S009,G029,EMPTY,MANEUVERING,0.1033576807142658
531.0,cctv3,C3_S010,G007,OCCUPIED,LEAVING,0.659543899681532
531.0,cctv3,C3_S011,G008,OCCUPIED,OCCUPIED,0.7901181500066411
531.0,cctv3,C3_S012,G009,OCCUPIED,OCCUPIED,0.8256648134101522
532.0,cctv1,C1_S001,G001,OCCUPIED,OCCUPIED,0.7443995041603393
532.0,cctv1,C1_S002,G002,EMPTY,EMPTY,0.01
532.0,cctv1,C1_S003,G003,OCCUPIED,OCCUPIED,0.8384219131686471
532.0,cctv1,C1_S004,G004,OCCUPIED,OCCUPIED,0.7656440774148161
532.0,cctv1,C1_S005,G005,OCCUPIED,OCCUPIED,0.7801707995208828
532.0,cctv1,C1_S006,G006,EMPTY,EMPTY,0.01
532.0,cctv2,C2_S001,G007,OCCUPIED,OCCUPIED,0.7938332651149144
532.0,cctv2,C2_S002,G008,OCCUPIED,OCCUPIED,0.8223844856023789
532.0,cctv2,C2_S003,G009,EMPTY,EMPTY,0.01
532.0,cctv2,C2_S004,G010,OCCUPIED,OCCUPIED,0.7647093706510284
532.0,cctv2,C2_S005,G001,EMPTY,EMPTY,0.01
532.0,cctv2,C2_S006,G003,OCCUPIED,OCCUPIED,0.8201142256910151
532.0,cctv2,C2_S007,G004,OCCUPIED,OCCUPIED,0.7827298459681599
532.0,cctv2,C2_S008,G006,OCCUPIED,OCCUPIED,0.7745616754347628
532.0,cctv2,C2_S009,G005,OCCUPIED,OCCUPIED,0.7949945506724445
532.0,cctv2,C2_S010,G002,EMPTY,EMPTY,0.01
532.0,cctv2,C2_S011,G017,OCCUPIED,OCCUPIED,0.8066748052835465
532.0,cctv2,C2_S012,G018,EMPTY,MANEUVERING,0.2119582296501506
532.0,cctv2,C2_S013,G019,OCCUPIED,OCCUPIED,0.8226355054161766
532.0,cctv2,C2_S014,G020,EMPTY,EMPTY,0.01
532.0,cctv3,C3_S001,G021,OCCUPIED,OCCUPIED,0.8064463550394232
532.0,cctv3,C3_S002,G019,EMPTY,EMPTY,0.01
532.0,cctv3,C3_S003,G020,OCCUPIED,OCCUPIED,0.8145243818109686
532.0,cctv3,C3_S004,G024,OCCUPIED,OCCUPIED,0.8267593099312349
532.0,cctv3,C3_S005,G025,OCCUPIED,OCCUPIED,0.8314349179918117
532.0,cctv3,C3_S006,G026,OCCUPIED,OCCUPIED,0.8249087084423412
532.0,cctv3,C3_S007,G027,OCCUPIED,LEAVING,0.7339583660662176
532.0,cctv3,C3_S008,G028,EMPTY,MANEUVERING,0.0963856373049996
532.0,cctv3,C3_S009,G029,EMPTY,MANEUVERING,0.1033576807142658
532.0,cctv3,C3_S010,G007,OCCUPIED,LEAVING,0.6596558083955085
532.0,cctv3,C3_S011,G008,OCCUPIED,OCCUPIED,0.7899369050155987
532.0,cctv3,C3_S012,G009,OCCUPIED,OCCUPIED,0.82557640617544
533.0,cctv1,C1_S001,G001,OCCUPIED,OCCUPIED,0.7420226762240584
533.0,cctv1,C1_S002,G002,EMPTY,EMPTY,0.01
533.0,cctv1,C1_S003,G003,OCCUPIED,OCCUPIED,0.8384212190454657
533.0,cctv1,C1_S004,G004,OCCUPIED,OCCUPIED,0.7647290995175189
533.0,cctv1,C1_S005,G005,OCCUPIED,OCCUPIED,0.7812673121690751
533.0,cctv1,C1_S006,G006,EMPTY,EMPTY,0.01
533.0,cctv2,C2_S001,G007,OCCUPIED,OCCUPIED,0.7967496907169169
533.0,cctv2,C2_S002,G008,OCCUPIED,OCCUPIED,0.8240066262808714
533.0,cctv2,C2_S003,G009,EMPTY,EMPTY,0.01
533.0,cctv2,C2_S004,G010,OCCUPIED,OCCUPIED,0.7674484595656396
533.0,cctv2,C2_S005,G001,EMPTY,EMPTY,0.01
533.0,cctv2,C2_S006,G003,OCCUPIED,OCCUPIED,0.8198383816263893
533.0,cctv2,C2_S007,G004,OCCUPIED,OCCUPIED,0.7821861638264224
533.0,cctv2,C2_S008,G006,OCCUPIED,OCCUPIED,0.7745971813797952
533.0,cctv2,C2_S009,G005,OCCUPIED,OCCUPIED,0.7956394463777543
533.0,cctv2,C2_S010,G002,EMPTY,EMPTY,0.01
533.0,cctv2,C2_S011,G017,OCCUPIED,OCCUPIED,0.806540640375831
533.0,cctv2,C2_S012,G018,EMPTY,MANEUVERING,0.2119582296501506
533.0,cctv2,C2_S013,G019,OCCUPIED,OCCUPIED,0.8181722795421428
533.0,cctv2,C2_S014,G020,EMPTY,EMPTY,0.01
533.0,cctv3,C3_S001,G021,OCCUPIED,OCCUPIED,0.8065150951797313
533.0,cctv3,C3_S002,G019,EMPTY,EMPTY,0.01
533.0,cctv3,C3_S003,G020,OCCUPIED,OCCUPIED,0.815200621160594
533.0,cctv3,C3_S004,G024,OCCUPIED,OCCUPIED,0.8266130523248153
533.0,cctv3,C3_S005,G025,OCCUPIED,OCCUPIED,0.8314052584496412
533.0,cctv3,C3_S006,G026,OCCUPIED,OCCUPIED,0.8249738162214106
533.0,cctv3,C3_S007,G027,OCCUPIED,LEAVING,0.7334536974673922
533.0,cctv3,C3_S008,G028,EMPTY,MANEUVERING,0.0963856373049996
533.0,cctv3,C3_S009,G029,EMPTY,MANEUVERING,0.1033576807142658
533.0,cctv3,C3_S010,G007,OCCUPIED,LEAVING,0.6635039654735363
533.0,cctv3,C3_S011,G008,OCCUPIED,OCCUPIED,0.7908613429828124
533.0,cctv3,C3_S012,G009,OCCUPIED,OCCUPIED,0.8256097720427947
534.0,cctv1,C1_S001,G001,OCCUPIED,OCCUPIED,0.7423577763817528
534.0,cctv1,C1_S002,G002,EMPTY,EMPTY,0.01
534.0,cctv1,C1_S003,G003,OCCUPIED,OCCUPIED,0.8384280570528725
534.0,cctv1,C1_S004,G004,OCCUPIED,OCCUPIED,0.7663420268080452
534.0,cctv1,C1_S005,G005,OCCUPIED,OCCUPIED,0.7806572989983993
534.0,cctv1,C1_S006,G006,EMPTY,EMPTY,0.01
534.0,cctv2,C2_S001,G007,OCCUPIED,OCCUPIED,0.7982049045237629
534.0,cctv2,C2_S002,G008,OCCUPIED,OCCUPIED,0.8245904529636557
534.0,cctv2,C2_S003,G009,EMPTY,EMPTY,0.01
534.0,cctv2,C2_S004,G010,OCCUPIED,OCCUPIED,0.7648947566070341
534.0,cctv2,C2_S005,G001,EMPTY,EMPTY,0.01
534.0,cctv2,C2_S006,G003,OCCUPIED,OCCUPIED,0.8201579530130734
534.0,cctv2,C2_S007,G004,OCCUPIED,OCCUPIED,0.7821778863668443
534.0,cctv2,C2_S008,G006,OCCUPIED,OCCUPIED,0.7743897669694642
534.0,cctv2,C2_S009,G005,OCCUPIED,OCCUPIED,0.7965401207858867
534.0,cctv2,C2_S010,G002,EMPTY,EMPTY,0.01
534.0,cctv2,C2_S011,G017,OCCUPIED,OCCUPIED,0.8079126219857824
534.0,cctv2,C2_S012,G018,EMPTY,EMPTY,0.01
534.0,cctv2,C2_S013,G019,OCCUPIED,OCCUPIED,0.8163606196641923
534.0,cctv2,C2_S014,G020,EMPTY,EMPTY,0.01
534.0,cctv3,C3_S001,G021,OCCUPIED,OCCUPIED,0.8059535218910738
534.0,cctv3,C3_S002,G019,EMPTY,EMPTY,0.01
534.0,cctv3,C3_S003,G020,OCCUPIED,OCCUPIED,0.8160470320419833
534.0,cctv3,C3_S004,G024,OCCUPIED,OCCUPIED,0.8265474154190584
534.0,cctv3,C3_S005,G025,OCCUPIED,OCCUPIED,0.8313534414226359
534.0,cctv3,C3_S006,G026,OCCUPIED,OCCUPIED,0.8248054165731777
534.0,cctv3,C3_S007,G027,OCCUPIED,OCCUPIED,0.7327648070319134
534.0,cctv3,C3_S008,G028,EMPTY,MANEUVERING,0.0963856373049996
534.0,cctv3,C3_S009,G029,EMPTY,MANEUVERING,0.057106199494817
534.0,cctv3,C3_S010,G007,OCCUPIED,LEAVING,0.7095977861366489
534.0,cctv3,C3_S011,G008,OCCUPIED,OCCUPIED,0.7904781325296922
534.0,cctv3,C3_S012,G009,OCCUPIED,OCCUPIED,0.8261534265496515
535.0,cctv1,C1_S001,G001,OCCUPIED,OCCUPIED,0.7411917059258982
535.0,cctv1,C1_S002,G002,EMPTY,EMPTY,0.01
535.0,cctv1,C1_S003,G003,OCCUPIED,OCCUPIED,0.8383380965753036
535.0,cctv1,C1_S004,G004,OCCUPIED,OCCUPIED,0.767338912459937
535.0,cctv1,C1_S005,G005,OCCUPIED,OCCUPIED,0.7794737978415056
535.0,cctv1,C1_S006,G006,EMPTY,EMPTY,0.01
535.0,cctv2,C2_S001,G007,OCCUPIED,OCCUPIED,0.798467258702625
535.0,cctv2,C2_S002,G008,OCCUPIED,OCCUPIED,0.8244702526114205
535.0,cctv2,C2_S003,G009,EMPTY,EMPTY,0.01
535.0,cctv2,C2_S004,G010,OCCUPIED,OCCUPIED,0.7614789313213393
535.0,cctv2,C2_S005,G001,EMPTY,EMPTY,0.01
535.0,cctv2,C2_S006,G003,OCCUPIED,OCCUPIED,0.8199589786204425
535.0,cctv2,C2_S007,G004,OCCUPIED,OCCUPIED,0.7819286116144875
535.0,cctv2,C2_S008,G006,OCCUPIED,OCCUPIED,0.7739047268574889
535.0,cctv2,C2_S009,G005,OCCUPIED,OCCUPIED,0.7980125795711172
535.0,cctv2,C2_S010,G002,EMPTY,EMPTY,0.01
535.0,cctv2,C2_S011,G017,OCCUPIED,OCCUPIED,0.8086263594302265
535.0,cctv2,C2_S012,G018,EMPTY,EMPTY,0.01
535.0,cctv2,C2_S013,G019,OCCUPIED,OCCUPIED,0.8108901605010034
535.0,cctv2,C2_S014,G020,EMPTY,EMPTY,0.01
535.0,cctv3,C3_S001,G021,OCCUPIED,OCCUPIED,0.8055172110145743
535.0,cctv3,C3_S002,G019,EMPTY,EMPTY,0.01
535.0,cctv3,C3_S003,G020,OCCUPIED,OCCUPIED,0.8161671218546955
535.0,cctv3,C3_S004,G024,OCCUPIED,OCCUPIED,0.8264622869816693
535.0,cctv3,C3_S005,G025,OCCUPIED,OCCUPIED,0.831304063580253
535.0,cctv3,C3_S006,G026,OCCUPIED,OCCUPIED,0.8248457529328087
535.0,cctv3,C3_S007,G027,OCCUPIED,OCCUPIED,0.7476855160160499
535.0,cctv3,C3_S008,G028,EMPTY,EMPTY,0.01
535.0,cctv3,C3_S009,G029,EMPTY,EMPTY,0.01
535.0,cctv3,C3_S010,G007,OCCUPIED,LEAVING,0.758412480218844
535.0,cctv3,C3_S011,G008,OCCUPIED,OCCUPIED,0.7903232203288513
535.0,cctv3,C3_S012,G009,OCCUPIED,OCCUPIED,0.8258357327092778
536.0,cctv1,C1_S001,G001,OCCUPIED,OCCUPIED,0.7424138499931856
536.0,cctv1,C1_S002,G002,EMPTY,EMPTY,0.01
536.0,cctv1,C1_S003,G003,OCCUPIED,OCCUPIED,0.8383634393865412
536.0,cctv1,C1_S004,G004,OCCUPIED,OCCUPIED,0.7682641624049708
536.0,cctv1,C1_S005,G005,OCCUPIED,OCCUPIED,0.7779599639502439
536.0,cctv1,C1_S006,G006,EMPTY,EMPTY,0.01
536.0,cctv2,C2_S001,G007,OCCUPIED,OCCUPIED,0.8004345078359951
536.0,cctv2,C2_S002,G008,OCCUPIED,OCCUPIED,0.8260095593604175
536.0,cctv2,C2_S003,G009,EMPTY,EMPTY,0.01
536.0,cctv2,C2_S004,G010,OCCUPIED,OCCUPIED,0.7635776468975978
536.0,cctv2,C2_S005,G001,EMPTY,EMPTY,0.01
536.0,cctv2,C2_S006,G003,OCCUPIED,OCCUPIED,0.8195956506512383
536.0,cctv2,C2_S007,G004,OCCUPIED,OCCUPIED,0.7811555250124499
536.0,cctv2,C2_S008,G006,OCCUPIED,OCCUPIED,0.7726832630959425
536.0,cctv2,C2_S009,G005,OCCUPIED,OCCUPIED,0.7995375243100253
536.0,cctv2,C2_S010,G002,EMPTY,EMPTY,0.01
536.0,cctv2,C2_S011,G017,OCCUPIED,OCCUPIED,0.8088444498452274
536.0,cctv2,C2_S012,G018,EMPTY,EMPTY,0.01
536.0,cctv2,C2_S013,G019,OCCUPIED,OCCUPIED,0.8102420055053452
536.0,cctv2,C2_S014,G020,EMPTY,EMPTY,0.01
536.0,cctv3,C3_S001,G021,OCCUPIED,OCCUPIED,0.8056007691405037
536.0,cctv3,C3_S002,G019,EMPTY,EMPTY,0.01
536.0,cctv3,C3_S003,G020,OCCUPIED,OCCUPIED,0.8167046129703522
536.0,cctv3,C3_S004,G024,OCCUPIED,OCCUPIED,0.8266042246059939
536.0,cctv3,C3_S005,G025,OCCUPIED,OCCUPIED,0.8313773716037924
536.0,cctv3,C3_S006,G026,OCCUPIED,OCCUPIED,0.8249312178655105
536.0,cctv3,C3_S007,G027,OCCUPIED,OCCUPIED,0.7464566832916304
536.0,cctv3,C3_S008,G028,EMPTY,EMPTY,0.01
536.0,cctv3,C3_S009,G029,EMPTY,EMPTY,0.01
536.0,cctv3,C3_S010,G007,OCCUPIED,LEAVING,0.7575924102555622
536.0,cctv3,C3_S011,G008,OCCUPIED,OCCUPIED,0.7900437357750807
536.0,cctv3,C3_S012,G009,OCCUPIED,OCCUPIED,0.8255230814218522
537.0,cctv1,C1_S001,G001,OCCUPIED,OCCUPIED,0.7401481262662195
537.0,cctv1,C1_S002,G002,EMPTY,EMPTY,0.01
537.0,cctv1,C1_S003,G003,OCCUPIED,OCCUPIED,0.8383212197910657
537.0,cctv1,C1_S004,G004,OCCUPIED,OCCUPIED,0.7674824427474629
537.0,cctv1,C1_S005,G005,OCCUPIED,OCCUPIED,0.7773590564727784
537.0,cctv1,C1_S006,G006,EMPTY,EMPTY,0.01
537.0,cctv2,C2_S001,G007,OCCUPIED,OCCUPIED,0.7985871965234931
537.0,cctv2,C2_S002,G008,OCCUPIED,OCCUPIED,0.8267876056107608
537.0,cctv2,C2_S003,G009,EMPTY,EMPTY,0.01
537.0,cctv2,C2_S004,G010,OCCUPIED,OCCUPIED,0.7623091286556288
537.0,cctv2,C2_S005,G001,EMPTY,EMPTY,0.01
537.0,cctv2,C2_S006,G003,OCCUPIED,OCCUPIED,0.8196623677557165
537.0,cctv2,C2_S007,G004,OCCUPIED,OCCUPIED,0.7810807555913926
537.0,cctv2,C2_S008,G006,OCCUPIED,OCCUPIED,0.7728124671361664
537.0,cctv2,C2_S009,G005,OCCUPIED,OCCUPIED,0.7992389497431842
537.0,cctv2,C2_S010,G002,EMPTY,EMPTY,0.01
537.0,cctv2,C2_S011,G017,OCCUPIED,OCCUPIED,0.8080037764527581
537.0,cctv2,C2_S012,G018,EMPTY,EMPTY,0.01
537.0,cctv2,C2_S013,G019,OCCUPIED,OCCUPIED,0.8098684136163106
537.0,cctv2,C2_S014,G020,EMPTY,EMPTY,0.01
537.0,cctv3,C3_S001,G021,OCCUPIED,OCCUPIED,0.8050974721258337
537.0,cctv3,C3_S002,G019,EMPTY,EMPTY,0.01
537.0,cctv3,C3_S003,G020,OCCUPIED,OCCUPIED,0.8166853498328817
537.0,cctv3,C3_S004,G024,OCCUPIED,OCCUPIED,0.8265740595080636
537.0,cctv3,C3_S005,G025,OCCUPIED,OCCUPIED,0.8312568453225223
537.0,cctv3,C3_S006,G026,OCCUPIED,OCCUPIED,0.8248415581204676
537.0,cctv3,C3_S007,G027,OCCUPIED,OCCUPIED,0.7459162543443116
537.0,cctv3,C3_S008,G028,EMPTY,EMPTY,0.01
537.0,cctv3,C3_S009,G029,EMPTY,EMPTY,0.01
537.0,cctv3,C3_S010,G007,OCCUPIED,LEAVING,0.7569798563014378
537.0,cctv3,C3_S011,G008,OCCUPIED,OCCUPIED,0.7900152312083678
537.0,cctv3,C3_S012,G009,OCCUPIED,OCCUPIED,0.8253254188732668
538.0,cctv1,C1_S001,G001,OCCUPIED,OCCUPIED,0.7390639420260083
538.0,cctv1,C1_S002,G002,EMPTY,EMPTY,0.01
538.0,cctv1,C1_S003,G003,OCCUPIED,OCCUPIED,0.8380330863324079
538.0,cctv1,C1_S004,G004,OCCUPIED,OCCUPIED,0.7676879084923052
538.0,cctv1,C1_S005,G005,OCCUPIED,OCCUPIED,0.7768805991519582
538.0,cctv1,C1_S006,G006,EMPTY,EMPTY,0.01
538.0,cctv2,C2_S001,G007,OCCUPIED,OCCUPIED,0.7976909014311704
538.0,cctv2,C2_S002,G008,OCCUPIED,OCCUPIED,0.8264457613229752
538.0,cctv2,C2_S003,G009,EMPTY,EMPTY,0.01
538.0,cctv2,C2_S004,G010,OCCUPIED,OCCUPIED,0.7641596590253441
538.0,cctv2,C2_S005,G001,EMPTY,EMPTY,0.01
538.0,cctv2,C2_S006,G003,OCCUPIED,OCCUPIED,0.8197870734063062
538.0,cctv2,C2_S007,G004,OCCUPIED,OCCUPIED,0.7814567574045875
538.0,cctv2,C2_S008,G006,OCCUPIED,OCCUPIED,0.7721006616950036
538.0,cctv2,C2_S009,G005,OCCUPIED,OCCUPIED,0.7995727880434557
538.0,cctv2,C2_S010,G002,EMPTY,EMPTY,0.01
538.0,cctv2,C2_S011,G017,OCCUPIED,OCCUPIED,0.8087095639922403
538.0,cctv2,C2_S012,G018,EMPTY,EMPTY,0.01
538.0,cctv2,C2_S013,G019,OCCUPIED,OCCUPIED,0.8101322243159468
538.0,cctv2,C2_S014,G020,EMPTY,EMPTY,0.01
538.0,cctv3,C3_S001,G021,OCCUPIED,OCCUPIED,0.8046213792128997
538.0,cctv3,C3_S002,G019,EMPTY,EMPTY,0.01
538.0,cctv3,C3_S003,G020,OCCUPIED,OCCUPIED,0.8166016153313898
538.0,cctv3,C3_S004,G024,OCCUPIED,OCCUPIED,0.8266269453547218
538.0,cctv3,C3_S005,G025,OCCUPIED,OCCUPIED,0.8312671832062982
538.0,cctv3,C3_S006,G026,OCCUPIED,OCCUPIED,0.8249297085133467
538.0,cctv3,C3_S007,G027,OCCUPIED,OCCUPIED,0.7460943660275503
538.0,cctv3,C3_S008,G028,EMPTY,EMPTY,0.01
538.0,cctv3,C3_S009,G029,EMPTY,EMPTY,0.01
538.0,cctv3,C3_S010,G007,OCCUPIED,OCCUPIED,0.7550755128941753
538.0,cctv3,C3_S011,G008,OCCUPIED,OCCUPIED,0.7905702395872637
538.0,cctv3,C3_S012,G009,OCCUPIED,OCCUPIED,0.8257408613508399
539.0,cctv1,C1_S001,G001,OCCUPIED,OCCUPIED,0.7372069387950682
539.0,cctv1,C1_S002,G002,EMPTY,EMPTY,0.01
539.0,cctv1,C1_S003,G003,OCCUPIED,OCCUPIED,0.8379969309676778
539.0,cctv1,C1_S004,G004,OCCUPIED,OCCUPIED,0.7672282522374934
539.0,cctv1,C1_S005,G005,OCCUPIED,OCCUPIED,0.7782387344674632
539.0,cctv1,C1_S006,G006,EMPTY,EMPTY,0.01
539.0,cctv2,C2_S001,G007,OCCUPIED,OCCUPIED,0.7990484933961522
539.0,cctv2,C2_S002,G008,OCCUPIED,OCCUPIED,0.8277624382214113
539.0,cctv2,C2_S003,G009,EMPTY,EMPTY,0.01
539.0,cctv2,C2_S004,G010,OCCUPIED,OCCUPIED,0.763200981034474
539.0,cctv2,C2_S005,G001,EMPTY,EMPTY,0.01
539.0,cctv2,C2_S006,G003,OCCUPIED,OCCUPIED,0.819382945786823
539.0,cctv2,C2_S007,G004,OCCUPIED,OCCUPIED,0.7805211976170541
539.0,cctv2,C2_S008,G006,OCCUPIED,OCCUPIED,0.7710467908870091
539.0,cctv2,C2_S009,G005,OCCUPIED,OCCUPIED,0.8001688805493442
539.0,cctv2,C2_S010,G002,EMPTY,EMPTY,0.01
539.0,cctv2,C2_S011,G017,OCCUPIED,OCCUPIED,0.8088830769062043
539.0,cctv2,C2_S012,G018,EMPTY,EMPTY,0.01
539.0,cctv2,C2_S013,G019,OCCUPIED,OCCUPIED,0.8085259444334291
539.0,cctv2,C2_S014,G020,EMPTY,EMPTY,0.01
539.0,cctv3,C3_S001,G021,OCCUPIED,OCCUPIED,0.8040290751240471
539.0,cctv3,C3_S002,G019,EMPTY,EMPTY,0.01
539.0,cctv3,C3_S003,G020,OCCUPIED,OCCUPIED,0.8151861372319136
539.0,cctv3,C3_S004,G024,OCCUPIED,OCCUPIED,0.8268561011010951
539.0,cctv3,C3_S005,G025,OCCUPIED,OCCUPIED,0.8313530041412874
539.0,cctv3,C3_S006,G026,OCCUPIED,OCCUPIED,0.8250721671364525
539.0,cctv3,C3_S007,G027,OCCUPIED,OCCUPIED,0.7458129815757275
539.0,cctv3,C3_S008,G028,EMPTY,EMPTY,0.01
539.0,cctv3,C3_S009,G029,EMPTY,EMPTY,0.01
539.0,cctv3,C3_S010,G007,OCCUPIED,OCCUPIED,0.7563857447694649
539.0,cctv3,C3_S011,G008,OCCUPIED,OCCUPIED,0.7918531214649027
539.0,cctv3,C3_S012,G009,OCCUPIED,OCCUPIED,0.8256571512330663
540.0,cctv1,C1_S001,G001,OCCUPIED,OCCUPIED,0.7373979342254726
540.0,cctv1,C1_S002,G002,EMPTY,EMPTY,0.01
540.0,cctv1,C1_S003,G003,OCCUPIED,OCCUPIED,0.8380681346763265
540.0,cctv1,C1_S004,G004,OCCUPIED,OCCUPIED,0.7679818720980125
540.0,cctv1,C1_S005,G005,OCCUPIED,OCCUPIED,0.7803124672987245
540.0,cctv1,C1_S006,G006,EMPTY,EMPTY,0.01
540.0,cctv2,C2_S001,G007,OCCUPIED,OCCUPIED,0.7970926989208569
540.0,cctv2,C2_S002,G008,OCCUPIED,OCCUPIED,0.8290363850918684
540.0,cctv2,C2_S003,G009,EMPTY,EMPTY,0.01
540.0,cctv2,C2_S004,G010,OCCUPIED,OCCUPIED,0.7658856056630612
540.0,cctv2,C2_S005,G001,EMPTY,EMPTY,0.01
540.0,cctv2,C2_S006,G003,OCCUPIED,OCCUPIED,0.8195402012629943
540.0,cctv2,C2_S007,G004,OCCUPIED,OCCUPIED,0.7811248913407326
540.0,cctv2,C2_S008,G006,OCCUPIED,OCCUPIED,0.7713304515589368
540.0,cctv2,C2_S009,G005,OCCUPIED,OCCUPIED,0.7992589322003452
540.0,cctv2,C2_S010,G002,EMPTY,EMPTY,0.01
540.0,cctv2,C2_S011,G017,OCCUPIED,OCCUPIED,0.8097441472790459
540.0,cctv2,C2_S012,G018,EMPTY,EMPTY,0.01
540.0,cctv2,C2_S013,G019,OCCUPIED,OCCUPIED,0.8068525556813587
540.0,cctv2,C2_S014,G020,EMPTY,EMPTY,0.01
540.0,cctv3,C3_S001,G021,OCCUPIED,OCCUPIED,0.8042823154817929
540.0,cctv3,C3_S002,G019,EMPTY,EMPTY,0.01
540.0,cctv3,C3_S003,G020,OCCUPIED,OCCUPIED,0.8152690491893075
540.0,cctv3,C3_S004,G024,OCCUPIED,OCCUPIED,0.8272295101122423
540.0,cctv3,C3_S005,G025,OCCUPIED,OCCUPIED,0.8313283229416067
540.0,cctv3,C3_S006,G026,OCCUPIED,OCCUPIED,0.8252067294987766
540.0,cctv3,C3_S007,G027,OCCUPIED,OCCUPIED,0.7460384094579654
540.0,cctv3,C3_S008,G028,EMPTY,EMPTY,0.01
540.0,cctv3,C3_S009,G029,EMPTY,EMPTY,0.01
540.0,cctv3,C3_S010,G007,OCCUPIED,OCCUPIED,0.7581655786118725
540.0,cctv3,C3_S011,G008,OCCUPIED,OCCUPIED,0.7938488239591772
540.0,cctv3,C3_S012,G009,OCCUPIED,OCCUPIED,0.825692505999045
541.0,cctv1,C1_S001,G001,OCCUPIED,OCCUPIED,0.7366734252734618
541.0,cctv1,C1_S002,G002,EMPTY,EMPTY,0.01
541.0,cctv1,C1_S003,G003,OCCUPIED,OCCUPIED,0.8381572010842238
541.0,cctv1,C1_S004,G004,OCCUPIED,OCCUPIED,0.7680170817808673
541.0,cctv1,C1_S005,G005,OCCUPIED,OCCUPIED,0.7821826952424917
541.0,cctv1,C1_S006,G006,EMPTY,EMPTY,0.01
541.0,cctv2,C2_S001,G007,OCCUPIED,OCCUPIED,0.7960950561545113
541.0,cctv2,C2_S002,G008,OCCUPIED,OCCUPIED,0.828195824677294
541.0,cctv2,C2_S003,G009,EMPTY,EMPTY,0.01
541.0,cctv2,C2_S004,G010,OCCUPIED,OCCUPIED,0.7660395929081874
541.0,cctv2,C2_S005,G001,EMPTY,EMPTY,0.01
541.0,cctv2,C2_S006,G003,OCCUPIED,OCCUPIED,0.8194680644707247
541.0,cctv2,C2_S007,G004,OCCUPIED,OCCUPIED,0.7810204323042523
541.0,cctv2,C2_S008,G006,OCCUPIED,OCCUPIED,0.7713908524675803
541.0,cctv2,C2_S009,G005,OCCUPIED,OCCUPIED,0.7990133353255012
541.0,cctv2,C2_S010,G002,EMPTY,EMPTY,0.01
541.0,cctv2,C2_S011,G017,OCCUPIED,OCCUPIED,0.8091221023689618
541.0,cctv2,C2_S012,G018,EMPTY,EMPTY,0.01
541.0,cctv2,C2_S013,G019,OCCUPIED,OCCUPIED,0.8078719755465334
541.0,cctv2,C2_S014,G020,EMPTY,EMPTY,0.01
541.0,cctv3,C3_S001,G021,OCCUPIED,OCCUPIED,0.8033856294371866
541.0,cctv3,C3_S002,G019,EMPTY,EMPTY,0.01
541.0,cctv3,C3_S003,G020,OCCUPIED,OCCUPIED,0.8157526425339959
541.0,cctv3,C3_S004,G024,OCCUPIED,OCCUPIED,0.8276621049100703
541.0,cctv3,C3_S005,G025,OCCUPIED,OCCUPIED,0.8313466034152291
541.0,cctv3,C3_S006,G026,OCCUPIED,OCCUPIED,0.8252284415743568
541.0,cctv3,C3_S007,G027,OCCUPIED,OCCUPIED,0.745118738914078
541.0,cctv3,C3_S008,G028,EMPTY,EMPTY,0.01
541.0,cctv3,C3_S009,G029,EMPTY,EMPTY,0.01
541.0,cctv3,C3_S010,G007,OCCUPIED,OCCUPIED,0.7580500912259927
541.0,cctv3,C3_S011,G008,OCCUPIED,OCCUPIED,0.794406470656395
541.0,cctv3,C3_S012,G009,OCCUPIED,OCCUPIED,0.8259004836732692
542.0,cctv1,C1_S001,G001,OCCUPIED,OCCUPIED,0.7362265590916981
542.0,cctv1,C1_S002,G002,EMPTY,EMPTY,0.01
542.0,cctv1,C1_S003,G003,OCCUPIED,OCCUPIED,0.8382374820384113
542.0,cctv1,C1_S004,G004,OCCUPIED,OCCUPIED,0.7672702702608976
542.0,cctv1,C1_S005,G005,OCCUPIED,OCCUPIED,0.7837904820388014
542.0,cctv1,C1_S006,G006,EMPTY,EMPTY,0.01
542.0,cctv2,C2_S001,G007,OCCUPIED,OCCUPIED,0.7967994375662371
542.0,cctv2,C2_S002,G008,OCCUPIED,OCCUPIED,0.8288582969795575
542.0,cctv2,C2_S003,G009,EMPTY,EMPTY,0.01
542.0,cctv2,C2_S004,G010,OCCUPIED,OCCUPIED,0.7649973470379007
542.0,cctv2,C2_S005,G001,EMPTY,EMPTY,0.01
542.0,cctv2,C2_S006,G003,OCCUPIED,OCCUPIED,0.819330182671547
542.0,cctv2,C2_S007,G004,OCCUPIED,OCCUPIED,0.7803831077434801
542.0,cctv2,C2_S008,G006,OCCUPIED,OCCUPIED,0.7701539013873447
542.0,cctv2,C2_S009,G005,OCCUPIED,OCCUPIED,0.7980193996971304
542.0,cctv2,C2_S010,G002,EMPTY,EMPTY,0.01
542.0,cctv2,C2_S011,G017,OCCUPIED,OCCUPIED,0.8090965986251831
542.0,cctv2,C2_S012,G018,EMPTY,EMPTY,0.01
542.0,cctv2,C2_S013,G019,OCCUPIED,OCCUPIED,0.8104528897187927
542.0,cctv2,C2_S014,G020,EMPTY,EMPTY,0.01
542.0,cctv3,C3_S001,G021,OCCUPIED,OCCUPIED,0.8039436809041284
542.0,cctv3,C3_S002,G019,EMPTY,EMPTY,0.01
542.0,cctv3,C3_S003,G020,OCCUPIED,OCCUPIED,0.8149585542353718
542.0,cctv3,C3_S004,G024,OCCUPIED,OCCUPIED,0.8279547396031294
542.0,cctv3,C3_S005,G025,OCCUPIED,OCCUPIED,0.8313517337495631
542.0,cctv3,C3_S006,G026,OCCUPIED,OCCUPIED,0.8253498220985587
542.0,cctv3,C3_S007,G027,OCCUPIED,OCCUPIED,0.744431033120914
542.0,cctv3,C3_S008,G028,EMPTY,EMPTY,0.01
542.0,cctv3,C3_S009,G029,EMPTY,EMPTY,0.01
542.0,cctv3,C3_S010,G007,OCCUPIED,OCCUPIED,0.7584894707934423
542.0,cctv3,C3_S011,G008,OCCUPIED,OCCUPIED,0.794202370806174
542.0,cctv3,C3_S012,G009,OCCUPIED,OCCUPIED,0.8260127495635641
543.0,cctv1,C1_S001,G001,OCCUPIED,OCCUPIED,0.734922627766024
543.0,cctv1,C1_S002,G002,EMPTY,EMPTY,0.01
543.0,cctv1,C1_S003,G003,OCCUPIED,OCCUPIED,0.8383300044319847
543.0,cctv1,C1_S004,G004,OCCUPIED,OCCUPIED,0.7674673882397739
543.0,cctv1,C1_S005,G005,OCCUPIED,OCCUPIED,0.7824506999416785
543.0,cctv1,C1_S006,G006,EMPTY,EMPTY,0.01
543.0,cctv2,C2_S001,G007,OCCUPIED,OCCUPIED,0.7954034152356062
543.0,cctv2,C2_S002,G008,OCCUPIED,OCCUPIED,0.8283731308850376
543.0,cctv2,C2_S003,G009,EMPTY,EMPTY,0.01
543.0,cctv2,C2_S004,G010,OCCUPIED,OCCUPIED,0.7685260551219637
543.0,cctv2,C2_S005,G001,EMPTY,EMPTY,0.01
543.0,cctv2,C2_S006,G003,OCCUPIED,OCCUPIED,0.8193831180984325
543.0,cctv2,C2_S007,G004,OCCUPIED,OCCUPIED,0.7809558390216395
543.0,cctv2,C2_S008,G006,OCCUPIED,OCCUPIED,0.7695369851860134
543.0,cctv2,C2_S009,G005,OCCUPIED,OCCUPIED,0.7974808917804198
543.0,cctv2,C2_S010,G002,EMPTY,EMPTY,0.01
543.0,cctv2,C2_S011,G017,OCCUPIED,OCCUPIED,0.8093456539240751
543.0,cctv2,C2_S012,G018,EMPTY,EMPTY,0.01
543.0,cctv2,C2_S013,G019,OCCUPIED,OCCUPIED,0.8124368969689717
543.0,cctv2,C2_S014,G020,EMPTY,EMPTY,0.01
543.0,cctv3,C3_S001,G021,OCCUPIED,OCCUPIED,0.8042623330246319
543.0,cctv3,C3_S002,G019,EMPTY,EMPTY,0.01
543.0,cctv3,C3_S003,G020,OCCUPIED,OCCUPIED,0.8153840655630286
543.0,cctv3,C3_S004,G024,OCCUPIED,OCCUPIED,0.8280105571855199
543.0,cctv3,C3_S005,G025,OCCUPIED,OCCUPIED,0.8314580467614261
543.0,cctv3,C3_S006,G026,OCCUPIED,OCCUPIED,0.8253095987168226
543.0,cctv3,C3_S007,G027,OCCUPIED,OCCUPIED,0.7443936646661976
543.0,cctv3,C3_S008,G028,EMPTY,EMPTY,0.01
543.0,cctv3,C3_S009,G029,EMPTY,EMPTY,0.01
543.0,cctv3,C3_S010,G007,OCCUPIED,OCCUPIED,0.7601688181134788
543.0,cctv3,C3_S011,G008,OCCUPIED,OCCUPIED,0.7942612396045166
543.0,cctv3,C3_S012,G009,OCCUPIED,OCCUPIED,0.8263703067194332
544.0,cctv1,C1_S001,G001,OCCUPIED,OCCUPIED,0.7342103257097982
544.0,cctv1,C1_S002,G002,EMPTY,EMPTY,0.01
544.0,cctv1,C1_S003,G003,OCCUPIED,OCCUPIED,0.8383491009473801
544.0,cctv1,C1_S004,G004,OCCUPIED,OCCUPIED,0.7688661720265042
544.0,cctv1,C1_S005,G005,OCCUPIED,OCCUPIED,0.7834944100542502
544.0,cctv1,C1_S006,G006,EMPTY,EMPTY,0.01
544.0,cctv2,C2_S001,G007,OCCUPIED,OCCUPIED,0.7942457461898977
544.0,cctv2,C2_S002,G008,OCCUPIED,OCCUPIED,0.8283706738190217
544.0,cctv2,C2_S003,G009,EMPTY,EMPTY,0.01
544.0,cctv2,C2_S004,G010,OCCUPIED,OCCUPIED,0.7680307112634183
544.0,cctv2,C2_S005,G001,EMPTY,EMPTY,0.01
544.0,cctv2,C2_S006,G003,OCCUPIED,OCCUPIED,0.8193619692867453
544.0,cctv2,C2_S007,G004,OCCUPIED,OCCUPIED,0.7811613238670609
544.0,cctv2,C2_S008,G006,OCCUPIED,OCCUPIED,0.7689355172894219
544.0,cctv2,C2_S009,G005,OCCUPIED,OCCUPIED,0.796571220593019
544.0,cctv2,C2_S010,G002,EMPTY,EMPTY,0.01
544.0,cctv2,C2_S011,G017,OCCUPIED,OCCUPIED,0.8097667062824423
544.0,cctv2,C2_S012,G018,EMPTY,EMPTY,0.01
544.0,cctv2,C2_S013,G019,OCCUPIED,OCCUPIED,0.8164829572493381
544.0,cctv2,C2_S014,G020,EMPTY,EMPTY,0.01
544.0,cctv3,C3_S001,G021,OCCUPIED,OCCUPIED,0.8037997633218766
544.0,cctv3,C3_S002,G019,EMPTY,EMPTY,0.01
544.0,cctv3,C3_S003,G020,OCCUPIED,OCCUPIED,0.8152527421712876
544.0,cctv3,C3_S004,G024,OCCUPIED,OCCUPIED,0.8282308583909815
544.0,cctv3,C3_S005,G025,OCCUPIED,OCCUPIED,0.8315750585360961
544.0,cctv3,C3_S006,G026,OCCUPIED,OCCUPIED,0.8253977775573731
544.0,cctv3,C3_S007,G027,OCCUPIED,OCCUPIED,0.7431111991405488
544.0,cctv3,C3_S008,G028,EMPTY,EMPTY,0.01
544.0,cctv3,C3_S009,G029,EMPTY,EMPTY,0.01
544.0,cctv3,C3_S010,G007,OCCUPIED,OCCUPIED,0.7600664946843277
544.0,cctv3,C3_S011,G008,OCCUPIED,OCCUPIED,0.7953934886238793
544.0,cctv3,C3_S012,G009,OCCUPIED,OCCUPIED,0.826741867444732
545.0,cctv1,C1_S001,G001,OCCUPIED,OCCUPIED,0.7311989293857055
545.0,cctv1,C1_S002,G002,EMPTY,EMPTY,0.01
545.0,cctv1,C1_S003,G003,OCCUPIED,OCCUPIED,0.8382835843346337
545.0,cctv1,C1_S004,G004,OCCUPIED,OCCUPIED,0.7684255159714006
545.0,cctv1,C1_S005,G005,OCCUPIED,OCCUPIED,0.7834577897732908
545.0,cctv1,C1_S006,G006,EMPTY,EMPTY,0.01
545.0,cctv2,C2_S001,G007,OCCUPIED,OCCUPIED,0.7907990255139091
545.0,cctv2,C2_S002,G008,OCCUPIED,OCCUPIED,0.8291867659850555
545.0,cctv2,C2_S003,G009,EMPTY,EMPTY,0.01
545.0,cctv2,C2_S004,G010,OCCUPIED,OCCUPIED,0.7710014282302423
545.0,cctv2,C2_S005,G001,EMPTY,EMPTY,0.01
545.0,cctv2,C2_S006,G003,OCCUPIED,OCCUPIED,0.8195633853023703
545.0,cctv2,C2_S007,G004,OCCUPIED,OCCUPIED,0.7811189018867233
545.0,cctv2,C2_S008,G006,OCCUPIED,OCCUPIED,0.7679728773507206
545.0,cctv2,C2_S009,G005,OCCUPIED,OCCUPIED,0.7968773394823075
545.0,cctv2,C2_S010,G002,EMPTY,EMPTY,0.01
545.0,cctv2,C2_S011,G017,OCCUPIED,OCCUPIED,0.8103311284021898
545.0,cctv2,C2_S012,G018,EMPTY,EMPTY,0.01
545.0,cctv2,C2_S013,G019,OCCUPIED,OCCUPIED,0.8173034059730444
545.0,cctv2,C2_S014,G020,EMPTY,EMPTY,0.01
545.0,cctv3,C3_S001,G021,OCCUPIED,OCCUPIED,0.8046284179795873
545.0,cctv3,C3_S002,G019,EMPTY,EMPTY,0.01
545.0,cctv3,C3_S003,G020,OCCUPIED,OCCUPIED,0.8158037548715419
545.0,cctv3,C3_S004,G024,OCCUPIED,OCCUPIED,0.8280638526786458
545.0,cctv3,C3_S005,G025,OCCUPIED,OCCUPIED,0.8316438482566314
545.0,cctv3,C3_S006,G026,OCCUPIED,OCCUPIED,0.825689506801692
545.0,cctv3,C3_S007,G027,OCCUPIED,OCCUPIED,0.650766265460036
545.0,cctv3,C3_S008,G028,EMPTY,MANEUVERING,0.1276696049489758
545.0,cctv3,C3_S009,G029,EMPTY,EMPTY,0.01
545.0,cctv3,C3_S010,G007,OCCUPIED,OCCUPIED,0.7620169706642629
545.0,cctv3,C3_S011,G008,OCCUPIED,OCCUPIED,0.7956005836075003
545.0,cctv3,C3_S012,G009,OCCUPIED,OCCUPIED,0.8268927335739136
546.0,cctv1,C1_S001,G001,OCCUPIED,OCCUPIED,0.7287032196467573
546.0,cctv1,C1_S002,G002,EMPTY,EMPTY,0.01
546.0,cctv1,C1_S003,G003,OCCUPIED,OCCUPIED,0.8381960874254054
546.0,cctv1,C1_S004,G004,OCCUPIED,OCCUPIED,0.7686276504939253
546.0,cctv1,C1_S005,G005,OCCUPIED,OCCUPIED,0.783218770406463
546.0,cctv1,C1_S006,G006,EMPTY,EMPTY,0.01
546.0,cctv2,C2_S001,G007,OCCUPIED,OCCUPIED,0.7887489652091807
546.0,cctv2,C2_S002,G008,OCCUPIED,OCCUPIED,0.8302686398679561
546.0,cctv2,C2_S003,G009,EMPTY,EMPTY,0.01
546.0,cctv2,C2_S004,G010,OCCUPIED,OCCUPIED,0.7760582582517104
546.0,cctv2,C2_S005,G001,EMPTY,EMPTY,0.01
546.0,cctv2,C2_S006,G003,OCCUPIED,OCCUPIED,0.8198530159213326
546.0,cctv2,C2_S007,G004,OCCUPIED,OCCUPIED,0.7822074869816954
546.0,cctv2,C2_S008,G006,OCCUPIED,OCCUPIED,0.7681947695938024
546.0,cctv2,C2_S009,G005,OCCUPIED,OCCUPIED,0.7961048502813687
546.0,cctv2,C2_S010,G002,EMPTY,EMPTY,0.01
546.0,cctv2,C2_S011,G017,OCCUPIED,OCCUPIED,0.8102531484582208
546.0,cctv2,C2_S012,G018,EMPTY,EMPTY,0.01
546.0,cctv2,C2_S013,G019,OCCUPIED,OCCUPIED,0.8201510069045155
546.0,cctv2,C2_S014,G020,EMPTY,EMPTY,0.01
546.0,cctv3,C3_S001,G021,OCCUPIED,OCCUPIED,0.805045758323236
546.0,cctv3,C3_S002,G019,EMPTY,EMPTY,0.01
546.0,cctv3,C3_S003,G020,OCCUPIED,OCCUPIED,0.8165678520094265
546.0,cctv3,C3_S004,G024,OCCUPIED,OCCUPIED,0.827933603796092
546.0,cctv3,C3_S005,G025,OCCUPIED,OCCUPIED,0.8317229929295453
546.0,cctv3,C3_S006,G026,OCCUPIED,OCCUPIED,0.825663941285827
546.0,cctv3,C3_S007,G027,OCCUPIED,LEAVING,0.6498118876598099
546.0,cctv3,C3_S008,G028,EMPTY,MANEUVERING,0.1276696049489758
546.0,cctv3,C3_S009,G029,EMPTY,EMPTY,0.01
546.0,cctv3,C3_S010,G007,OCCUPIED,OCCUPIED,0.7611202687702396
546.0,cctv3,C3_S011,G008,OCCUPIED,OCCUPIED,0.7958157122135163
546.0,cctv3,C3_S012,G009,OCCUPIED,OCCUPIED,0.8272077338262038
547.0,cctv1,C1_S001,G001,OCCUPIED,OCCUPIED,0.7278369403020902
547.0,cctv1,C1_S002,G002,EMPTY,EMPTY,0.01
547.0,cctv1,C1_S003,G003,OCCUPIED,OCCUPIED,0.8381986436518757
547.0,cctv1,C1_S004,G004,OCCUPIED,OCCUPIED,0.7691694302992388
547.0,cctv1,C1_S005,G005,OCCUPIED,OCCUPIED,0.7840585708618165
547.0,cctv1,C1_S006,G006,EMPTY,EMPTY,0.01
547.0,cctv2,C2_S001,G007,OCCUPIED,OCCUPIED,0.7877238452434541
547.0,cctv2,C2_S002,G008,OCCUPIED,OCCUPIED,0.8304581476883455
547.0,cctv2,C2_S003,G009,EMPTY,EMPTY,0.01
547.0,cctv2,C2_S004,G010,OCCUPIED,OCCUPIED,0.7760576193982905
547.0,cctv2,C2_S005,G001,EMPTY,EMPTY,0.01
547.0,cctv2,C2_S006,G003,OCCUPIED,OCCUPIED,0.8200189869512212
547.0,cctv2,C2_S007,G004,OCCUPIED,OCCUPIED,0.7821316146037796
547.0,cctv2,C2_S008,G006,OCCUPIED,OCCUPIED,0.768282551792535
547.0,cctv2,C2_S009,G005,OCCUPIED,OCCUPIED,0.7941793964667754
547.0,cctv2,C2_S010,G002,EMPTY,EMPTY,0.01
547.0,cctv2,C2_S011,G017,OCCUPIED,OCCUPIED,0.8095952180298893
547.0,cctv2,C2_S012,G018,EMPTY,EMPTY,0.01
547.0,cctv2,C2_S013,G019,OCCUPIED,OCCUPIED,0.821344420042905
547.0,cctv2,C2_S014,G020,EMPTY,EMPTY,0.01
547.0,cctv3,C3_S001,G021,OCCUPIED,OCCUPIED,0.8048020755702799
547.0,cctv3,C3_S002,G019,EMPTY,EMPTY,0.01
547.0,cctv3,C3_S003,G020,OCCUPIED,OCCUPIED,0.8167408739978618
547.0,cctv3,C3_S004,G024,OCCUPIED,OCCUPIED,0.8276542777364905
547.0,cctv3,C3_S005,G025,OCCUPIED,OCCUPIED,0.8316284060478211
547.0,cctv3,C3_S006,G026,OCCUPIED,OCCUPIED,0.8256742458451879
547.0,cctv3,C3_S007,G027,OCCUPIED,LEAVING,0.6513110656968573
547.0,cctv3,C3_S008,G028,EMPTY,MANEUVERING,0.1276696049489758
547.0,cctv3,C3_S009,G029,EMPTY,EMPTY,0.01
547.0,cctv3,C3_S010,G007,OCCUPIED,OCCUPIED,0.7628959630700676
547.0,cctv3,C3_S011,G008,OCCUPIED,OCCUPIED,0.7963044968518345
547.0,cctv3,C3_S012,G009,OCCUPIED,OCCUPIED,0.8275887326760726
548.0,cctv1,C1_S001,G001,OCCUPIED,OCCUPIED,0.7311975892971863
548.0,cctv1,C1_S002,G002,EMPTY,EMPTY,0.01
548.0,cctv1,C1_S003,G003,OCCUPIED,OCCUPIED,0.838224763490937
548.0,cctv1,C1_S004,G004,OCCUPIED,OCCUPIED,0.7696955740451813
548.0,cctv1,C1_S005,G005,OCCUPIED,OCCUPIED,0.7869627737186172
548.0,cctv1,C1_S006,G006,EMPTY,EMPTY,0.01
548.0,cctv2,C2_S001,G007,OCCUPIED,OCCUPIED,0.7907511838457801
548.0,cctv2,C2_S002,G008,OCCUPIED,OCCUPIED,0.8305480488321999
548.0,cctv2,C2_S003,G009,EMPTY,EMPTY,0.01
548.0,cctv2,C2_S004,G010,OCCUPIED,OCCUPIED,0.776764266057448
548.0,cctv2,C2_S005,G001,EMPTY,EMPTY,0.01
548.0,cctv2,C2_S006,G003,OCCUPIED,OCCUPIED,0.8195898018100045
548.0,cctv2,C2_S007,G004,OCCUPIED,OCCUPIED,0.7812764995477417
548.0,cctv2,C2_S008,G006,OCCUPIED,OCCUPIED,0.7681701241569087
548.0,cctv2,C2_S009,G005,OCCUPIED,OCCUPIED,0.79289799711921
548.0,cctv2,C2_S010,G002,EMPTY,EMPTY,0.01
548.0,cctv2,C2_S011,G017,OCCUPIED,OCCUPIED,0.809926367618821
548.0,cctv2,C2_S012,G018,EMPTY,EMPTY,0.01
548.0,cctv2,C2_S013,G019,OCCUPIED,OCCUPIED,0.821894233064218
548.0,cctv2,C2_S014,G020,EMPTY,EMPTY,0.01
548.0,cctv3,C3_S001,G021,OCCUPIED,OCCUPIED,0.8050448382442649
548.0,cctv3,C3_S002,G019,EMPTY,EMPTY,0.01
548.0,cctv3,C3_S003,G020,OCCUPIED,OCCUPIED,0.8169773708690298
548.0,cctv3,C3_S004,G024,OCCUPIED,OCCUPIED,0.8274343471635472
548.0,cctv3,C3_S005,G025,OCCUPIED,OCCUPIED,0.8317313898693433
548.0,cctv3,C3_S006,G026,OCCUPIED,OCCUPIED,0.8258760552514683
548.0,cctv3,C3_S007,G027,OCCUPIED,LEAVING,0.6505875107578256
548.0,cctv3,C3_S008,G028,EMPTY,MANEUVERING,0.1276696049489758
548.0,cctv3,C3_S009,G029,EMPTY,EMPTY,0.01
548.0,cctv3,C3_S010,G007,OCCUPIED,OCCUPIED,0.7620520283552734
548.0,cctv3,C3_S011,G008,OCCUPIED,OCCUPIED,0.796115485646508
548.0,cctv3,C3_S012,G009,OCCUPIED,OCCUPIED,0.8278124313462865
549.0,cctv1,C1_S001,G001,OCCUPIED,OCCUPIED,0.7298129007220269
549.0,cctv1,C1_S002,G002,EMPTY,EMPTY,0.01
549.0,cctv1,C1_S003,G003,OCCUPIED,OCCUPIED,0.8383763489398091
549.0,cctv1,C1_S004,G004,OCCUPIED,OCCUPIED,0.769825215773149
549.0,cctv1,C1_S005,G005,OCCUPIED,OCCUPIED,0.7836583466692405
549.0,cctv1,C1_S006,G006,EMPTY,EMPTY,0.01
549.0,cctv2,C2_S001,G007,OCCUPIED,OCCUPIED,0.7879345445470377
549.0,cctv2,C2_S002,G008,OCCUPIED,OCCUPIED,0.8300071253017947
549.0,cctv2,C2_S003,G009,EMPTY,EMPTY,0.01
549.0,cctv2,C2_S004,G010,OCCUPIED,OCCUPIED,0.7779086451638829
549.0,cctv2,C2_S005,G001,EMPTY,EMPTY,0.01
549.0,cctv2,C2_S006,G003,OCCUPIED,OCCUPIED,0.8194831368598072
549.0,cctv2,C2_S007,G004,OCCUPIED,OCCUPIED,0.7821131983941252
549.0,cctv2,C2_S008,G006,OCCUPIED,OCCUPIED,0.7678486276756634
549.0,cctv2,C2_S009,G005,OCCUPIED,OCCUPIED,0.7919588842175225
549.0,cctv2,C2_S010,G002,EMPTY,EMPTY,0.01
549.0,cctv2,C2_S011,G017,OCCUPIED,OCCUPIED,0.8104223129424183
549.0,cctv2,C2_S012,G018,EMPTY,EMPTY,0.01
549.0,cctv2,C2_S013,G019,OCCUPIED,OCCUPIED,0.8209536953405902
549.0,cctv2,C2_S014,G020,EMPTY,EMPTY,0.01
549.0,cctv3,C3_S001,G021,OCCUPIED,OCCUPIED,0.8061459874564951
549.0,cctv3,C3_S002,G019,EMPTY,EMPTY,0.01
549.0,cctv3,C3_S003,G020,OCCUPIED,OCCUPIED,0.8166594592007724
549.0,cctv3,C3_S004,G024,OCCUPIED,OCCUPIED,0.8274678008122878
549.0,cctv3,C3_S005,G025,OCCUPIED,OCCUPIED,0.8317545056343079
549.0,cctv3,C3_S006,G026,OCCUPIED,OCCUPIED,0.825957887010141
549.0,cctv3,C3_S007,G027,OCCUPIED,LEAVING,0.6952437946132639
549.0,cctv3,C3_S008,G028,EMPTY,MANEUVERING,0.0826696049489758
549.0,cctv3,C3_S009,G029,EMPTY,EMPTY,0.01
549.0,cctv3,C3_S010,G007,OCCUPIED,OCCUPIED,0.7632026186043567
549.0,cctv3,C3_S011,G008,OCCUPIED,OCCUPIED,0.7955334820530632
549.0,cctv3,C3_S012,G009,OCCUPIED,OCCUPIED,0.827922011776404
550.0,cctv1,C1_S001,G001,OCCUPIED,OCCUPIED,0.7302345291457394
550.0,cctv1,C1_S002,G002,EMPTY,EMPTY,0.01
550.0,cctv1,C1_S003,G003,OCCUPIED,OCCUPIED,0.8386245898225091
550.0,cctv1,C1_S004,G004,OCCUPIED,OCCUPIED,0.7708824600685728
550.0,cctv1,C1_S005,G005,OCCUPIED,OCCUPIED,0.7831064317714085
550.0,cctv1,C1_S006,G006,EMPTY,EMPTY,0.01
550.0,cctv2,C2_S001,G007,OCCUPIED,OCCUPIED,0.7863566375591539
550.0,cctv2,C2_S002,G008,OCCUPIED,OCCUPIED,0.8303829604929145
550.0,cctv2,C2_S003,G009,EMPTY,EMPTY,0.01
550.0,cctv2,C2_S004,G010,OCCUPIED,OCCUPIED,0.7800273423845119
550.0,cctv2,C2_S005,G001,EMPTY,EMPTY,0.01
550.0,cctv2,C2_S006,G003,OCCUPIED,OCCUPIED,0.8197803239930761
550.0,cctv2,C2_S007,G004,OCCUPIED,OCCUPIED,0.7835522502660752
550.0,cctv2,C2_S008,G006,OCCUPIED,OCCUPIED,0.7683392016725107
550.0,cctv2,C2_S009,G005,OCCUPIED,OCCUPIED,0.7920723042704843
550.0,cctv2,C2_S010,G002,EMPTY,EMPTY,0.01
550.0,cctv2,C2_S011,G017,OCCUPIED,OCCUPIED,0.8106310879642313
550.0,cctv2,C2_S012,G018,EMPTY,EMPTY,0.01
550.0,cctv2,C2_S013,G019,OCCUPIED,OCCUPIED,0.8227214271372015
550.0,cctv2,C2_S014,G020,EMPTY,EMPTY,0.01
550.0,cctv3,C3_S001,G021,OCCUPIED,OCCUPIED,0.8067827495661649
550.0,cctv3,C3_S002,G019,EMPTY,EMPTY,0.01
550.0,cctv3,C3_S003,G020,OCCUPIED,OCCUPIED,0.8175551178780469
550.0,cctv3,C3_S004,G024,OCCUPIED,OCCUPIED,0.8273904589089481
550.0,cctv3,C3_S005,G025,OCCUPIED,OCCUPIED,0.8316540877927434
550.0,cctv3,C3_S006,G026,OCCUPIED,OCCUPIED,0.8258996895768427
550.0,cctv3,C3_S007,G027,OCCUPIED,LEAVING,0.69674800648608
550.0,cctv3,C3_S008,G028,EMPTY,MANEUVERING,0.0826696049489758
550.0,cctv3,C3_S009,G029,EMPTY,EMPTY,0.01
550.0,cctv3,C3_S010,G007,OCCUPIED,OCCUPIED,0.7611463569104672
550.0,cctv3,C3_S011,G008,OCCUPIED,OCCUPIED,0.794603998281739
550.0,cctv3,C3_S012,G009,OCCUPIED,OCCUPIED,0.8277828660878269
551.0,cctv1,C1_S001,G001,OCCUPIED,OCCUPIED,0.7300844107839195
551.0,cctv1,C1_S002,G002,EMPTY,EMPTY,0.01
551.0,cctv1,C1_S003,G003,OCCUPIED,OCCUPIED,0.8385538396510211
551.0,cctv1,C1_S004,G004,OCCUPIED,OCCUPIED,0.7699897749857469
551.0,cctv1,C1_S005,G005,OCCUPIED,OCCUPIED,0.7811792459000242
551.0,cctv1,C1_S006,G006,EMPTY,EMPTY,0.01
551.0,cctv2,C2_S001,G007,OCCUPIED,OCCUPIED,0.784810522063212
551.0,cctv2,C2_S002,G008,OCCUPIED,OCCUPIED,0.8234856242483313
551.0,cctv2,C2_S003,G009,EMPTY,EMPTY,0.01
551.0,cctv2,C2_S004,G010,OCCUPIED,OCCUPIED,0.7767960477959026
551.0,cctv2,C2_S005,G001,EMPTY,EMPTY,0.01
551.0,cctv2,C2_S006,G003,OCCUPIED,OCCUPIED,0.8193752202120694
551.0,cctv2,C2_S007,G004,OCCUPIED,OCCUPIED,0.7844538480043411
551.0,cctv2,C2_S008,G006,OCCUPIED,OCCUPIED,0.768573139066046
551.0,cctv2,C2_S009,G005,OCCUPIED,OCCUPIED,0.7929794111035088
551.0,cctv2,C2_S010,G002,EMPTY,EMPTY,0.01
551.0,cctv2,C2_S011,G017,OCCUPIED,OCCUPIED,0.8102419465780258
551.0,cctv2,C2_S012,G018,EMPTY,EMPTY,0.01
551.0,cctv2,C2_S013,G019,OCCUPIED,OCCUPIED,0.8255664372986014
551.0,cctv2,C2_S014,G020,EMPTY,EMPTY,0.01
551.0,cctv3,C3_S001,G021,OCCUPIED,OCCUPIED,0.8059967664155094
551.0,cctv3,C3_S002,G019,EMPTY,EMPTY,0.01
551.0,cctv3,C3_S003,G020,OCCUPIED,OCCUPIED,0.8183684554967015
551.0,cctv3,C3_S004,G024,OCCUPIED,OCCUPIED,0.8272703065113589
551.0,cctv3,C3_S005,G025,OCCUPIED,OCCUPIED,0.8316581436178901
551.0,cctv3,C3_S006,G026,OCCUPIED,OCCUPIED,0.8257386473092166
551.0,cctv3,C3_S007,G027,OCCUPIED,LEAVING,0.6960375997356394
551.0,cctv3,C3_S008,G028,EMPTY,MANEUVERING,0.0826696049489758
551.0,cctv3,C3_S009,G029,EMPTY,EMPTY,0.01
551.0,cctv3,C3_S010,G007,OCCUPIED,OCCUPIED,0.7564760092307221
551.0,cctv3,C3_S011,G008,OCCUPIED,OCCUPIED,0.790700577063994
551.0,cctv3,C3_S012,G009,OCCUPIED,OCCUPIED,0.8278118818998337
552.0,cctv1,C1_S001,G001,OCCUPIED,OCCUPIED,0.7316032642667945
552.0,cctv1,C1_S002,G002,EMPTY,EMPTY,0.01
552.0,cctv1,C1_S003,G003,OCCUPIED,OCCUPIED,0.8386249840259552
552.0,cctv1,C1_S004,G004,OCCUPIED,OCCUPIED,0.7697829153050076
552.0,cctv1,C1_S005,G005,OCCUPIED,OCCUPIED,0.777243485775861
552.0,cctv1,C1_S006,G006,EMPTY,EMPTY,0.01
552.0,cctv2,C2_S001,G007,OCCUPIED,OCCUPIED,0.7835676376115193
552.0,cctv2,C2_S002,G008,OCCUPIED,OCCUPIED,0.8219271372665059
552.0,cctv2,C2_S003,G009,EMPTY,EMPTY,0.01
552.0,cctv2,C2_S004,G010,OCCUPIED,OCCUPIED,0.7759669688614933
552.0,cctv2,C2_S005,G001,EMPTY,EMPTY,0.01
552.0,cctv2,C2_S006,G003,OCCUPIED,OCCUPIED,0.8193654642863708
552.0,cctv2,C2_S007,G004,OCCUPIED,OCCUPIED,0.7850436210632324
552.0,cctv2,C2_S008,G006,OCCUPIED,OCCUPIED,0.7681968584656717
552.0,cctv2,C2_S009,G005,OCCUPIED,OCCUPIED,0.793901817094196
552.0,cctv2,C2_S010,G002,EMPTY,EMPTY,0.01
552.0,cctv2,C2_S011,G017,OCCUPIED,OCCUPIED,0.8106636467305097
552.0,cctv2,C2_S012,G018,EMPTY,EMPTY,0.01
552.0,cctv2,C2_S013,G019,OCCUPIED,OCCUPIED,0.8263868575746364
552.0,cctv2,C2_S014,G020,EMPTY,EMPTY,0.01
552.0,cctv3,C3_S001,G021,OCCUPIED,OCCUPIED,0.8073174731297927
552.0,cctv3,C3_S002,G019,EMPTY,EMPTY,0.01
552.0,cctv3,C3_S003,G020,OCCUPIED,OCCUPIED,0.8166302987120369
552.0,cctv3,C3_S004,G024,OCCUPIED,OCCUPIED,0.8272320980375464
552.0,cctv3,C3_S005,G025,OCCUPIED,OCCUPIED,0.8317008069970392
552.0,cctv3,C3_S006,G026,OCCUPIED,OCCUPIED,0.8257474254478109
552.0,cctv3,C3_S007,G027,OCCUPIED,LEAVING,0.6965964455834844
552.0,cctv3,C3_S008,G028,EMPTY,MANEUVERING,0.0826696049489758
552.0,cctv3,C3_S009,G029,EMPTY,EMPTY,0.01
552.0,cctv3,C3_S010,G007,OCCUPIED,OCCUPIED,0.7560533658347347
552.0,cctv3,C3_S011,G008,OCCUPIED,OCCUPIED,0.7902515183795583
552.0,cctv3,C3_S012,G009,OCCUPIED,OCCUPIED,0.827001548355276
553.0,cctv1,C1_S001,G001,OCCUPIED,OCCUPIED,0.7328718428584663
553.0,cctv1,C1_S002,G002,EMPTY,EMPTY,0.01
553.0,cctv1,C1_S003,G003,OCCUPIED,OCCUPIED,0.8386801424351606
553.0,cctv1,C1_S004,G004,OCCUPIED,OCCUPIED,0.7713101354512302
553.0,cctv1,C1_S005,G005,OCCUPIED,OCCUPIED,0.7754483312368393
553.0,cctv1,C1_S006,G006,EMPTY,EMPTY,0.01
553.0,cctv2,C2_S001,G007,OCCUPIED,OCCUPIED,0.7809461371465163
553.0,cctv2,C2_S002,G008,OCCUPIED,OCCUPIED,0.8212736544283954
553.0,cctv2,C2_S003,G009,EMPTY,EMPTY,0.01
553.0,cctv2,C2_S004,G010,OCCUPIED,OCCUPIED,0.7788129726594145
553.0,cctv2,C2_S005,G001,EMPTY,EMPTY,0.01
553.0,cctv2,C2_S006,G003,OCCUPIED,OCCUPIED,0.8189209328456359
553.0,cctv2,C2_S007,G004,OCCUPIED,OCCUPIED,0.7855870488015089
553.0,cctv2,C2_S008,G006,OCCUPIED,OCCUPIED,0.767858533967625
553.0,cctv2,C2_S009,G005,OCCUPIED,OCCUPIED,0.7943752505562522
553.0,cctv2,C2_S010,G002,EMPTY,EMPTY,0.01
553.0,cctv2,C2_S011,G017,OCCUPIED,OCCUPIED,0.8105462480675091
553.0,cctv2,C2_S012,G018,EMPTY,EMPTY,0.01
553.0,cctv2,C2_S013,G019,OCCUPIED,OCCUPIED,0.8260465535250577
553.0,cctv2,C2_S014,G020,EMPTY,EMPTY,0.01
553.0,cctv3,C3_S001,G021,OCCUPIED,OCCUPIED,0.8072391981428321
553.0,cctv3,C3_S002,G019,EMPTY,EMPTY,0.01
553.0,cctv3,C3_S003,G020,OCCUPIED,OCCUPIED,0.8171875869685954
553.0,cctv3,C3_S004,G024,OCCUPIED,OCCUPIED,0.8272017980163748
553.0,cctv3,C3_S005,G025,OCCUPIED,OCCUPIED,0.8316452365029943
553.0,cctv3,C3_S006,G026,OCCUPIED,OCCUPIED,0.8257122893225064
553.0,cctv3,C3_S007,G027,OCCUPIED,LEAVING,0.6966824854842643
553.0,cctv3,C3_S008,G028,EMPTY,MANEUVERING,0.0826696049489758
553.0,cctv3,C3_S009,G029,EMPTY,EMPTY,0.01
553.0,cctv3,C3_S010,G007,OCCUPIED,OCCUPIED,0.7543072888119655
553.0,cctv3,C3_S011,G008,OCCUPIED,OCCUPIED,0.7895876180041921
553.0,cctv3,C3_S012,G009,OCCUPIED,OCCUPIED,0.8265766043554653
554.0,cctv1,C1_S001,G001,OCCUPIED,OCCUPIED,0.7330094131556425
554.0,cctv1,C1_S002,G002,EMPTY,EMPTY,0.01
554.0,cctv1,C1_S003,G003,OCCUPIED,OCCUPIED,0.8385987398299305
554.0,cctv1,C1_S004,G004,OCCUPIED,OCCUPIED,0.7714785021814434
554.0,cctv1,C1_S005,G005,OCCUPIED,OCCUPIED,0.7769175144759092
554.0,cctv1,C1_S006,G006,EMPTY,EMPTY,0.01
554.0,cctv2,C2_S001,G007,OCCUPIED,OCCUPIED,0.7793368129567667
554.0,cctv2,C2_S002,G008,OCCUPIED,OCCUPIED,0.8213091376152906
554.0,cctv2,C2_S003,G009,EMPTY,EMPTY,0.01
554.0,cctv2,C2_S004,G010,OCCUPIED,OCCUPIED,0.7767309107563714
554.0,cctv2,C2_S005,G001,EMPTY,EMPTY,0.01
554.0,cctv2,C2_S006,G003,OCCUPIED,OCCUPIED,0.818723175200549
554.0,cctv2,C2_S007,G004,OCCUPIED,OCCUPIED,0.7852511915293607
554.0,cctv2,C2_S008,G006,OCCUPIED,OCCUPIED,0.7677588553591208
554.0,cctv2,C2_S009,G005,OCCUPIED,OCCUPIED,0.7943959986621684
554.0,cctv2,C2_S010,G002,EMPTY,EMPTY,0.01
554.0,cctv2,C2_S011,G017,OCCUPIED,OCCUPIED,0.810120900110765
554.0,cctv2,C2_S012,G018,EMPTY,EMPTY,0.01
554.0,cctv2,C2_S013,G019,OCCUPIED,OCCUPIED,0.8264258625832471
554.0,cctv2,C2_S014,G020,EMPTY,EMPTY,0.01
554.0,cctv3,C3_S001,G021,OCCUPIED,OCCUPIED,0.8071906290271066
554.0,cctv3,C3_S002,G019,EMPTY,EMPTY,0.01
554.0,cctv3,C3_S003,G020,OCCUPIED,OCCUPIED,0.8147716652263295
554.0,cctv3,C3_S004,G024,OCCUPIED,OCCUPIED,0.8273593599146063
554.0,cctv3,C3_S005,G025,OCCUPIED,OCCUPIED,0.8315540357069536
554.0,cctv3,C3_S006,G026,OCCUPIED,OCCUPIED,0.8256390430710533
554.0,cctv3,C3_S007,G027,OCCUPIED,LEAVING,0.6967112432352522
554.0,cctv3,C3_S008,G028,EMPTY,MANEUVERING,0.0826696049489758
554.0,cctv3,C3_S009,G029,EMPTY,EMPTY,0.01
554.0,cctv3,C3_S010,G007,OCCUPIED,OCCUPIED,0.7508312202990056
554.0,cctv3,C3_S011,G008,OCCUPIED,OCCUPIED,0.7884762650186365
554.0,cctv3,C3_S012,G009,OCCUPIED,OCCUPIED,0.826463949138468
555.0,cctv1,C1_S001,G001,OCCUPIED,OCCUPIED,0.7335791704329578
555.0,cctv1,C1_S002,G002,EMPTY,EMPTY,0.01
555.0,cctv1,C1_S003,G003,OCCUPIED,OCCUPIED,0.8385504933920774
555.0,cctv1,C1_S004,G004,OCCUPIED,OCCUPIED,0.7701426576484334
555.0,cctv1,C1_S005,G005,OCCUPIED,OCCUPIED,0.7771005419167606
555.0,cctv1,C1_S006,G006,EMPTY,EMPTY,0.01
555.0,cctv2,C2_S001,G007,OCCUPIED,OCCUPIED,0.7783280520276591
555.0,cctv2,C2_S002,G008,OCCUPIED,OCCUPIED,0.8213016347451644
555.0,cctv2,C2_S003,G009,EMPTY,EMPTY,0.01
555.0,cctv2,C2_S004,G010,OCCUPIED,OCCUPIED,0.7768023412336004
555.0,cctv2,C2_S005,G001,EMPTY,EMPTY,0.01
555.0,cctv2,C2_S006,G003,OCCUPIED,OCCUPIED,0.8188367374918678
555.0,cctv2,C2_S007,G004,OCCUPIED,OCCUPIED,0.7853825718164444
555.0,cctv2,C2_S008,G006,OCCUPIED,OCCUPIED,0.7675395355983214
555.0,cctv2,C2_S009,G005,OCCUPIED,OCCUPIED,0.7940250597216867
555.0,cctv2,C2_S010,G002,EMPTY,EMPTY,0.01
555.0,cctv2,C2_S011,G017,OCCUPIED,OCCUPIED,0.8099647760391236
555.0,cctv2,C2_S012,G018,EMPTY,EMPTY,0.01
555.0,cctv2,C2_S013,G019,OCCUPIED,OCCUPIED,0.8255595342679458
555.0,cctv2,C2_S014,G020,EMPTY,EMPTY,0.01
555.0,cctv3,C3_S001,G021,OCCUPIED,OCCUPIED,0.805833792144602
555.0,cctv3,C3_S002,G019,EMPTY,EMPTY,0.01
555.0,cctv3,C3_S003,G020,OCCUPIED,OCCUPIED,0.8151874539527026
555.0,cctv3,C3_S004,G024,OCCUPIED,OCCUPIED,0.8273965962908485
555.0,cctv3,C3_S005,G025,OCCUPIED,OCCUPIED,0.8315279719504444
555.0,cctv3,C3_S006,G026,OCCUPIED,OCCUPIED,0.8257208504460075
555.0,cctv3,C3_S007,G027,OCCUPIED,OCCUPIED,0.6995466101846912
555.0,cctv3,C3_S008,G028,EMPTY,MANEUVERING,0.0826696049489758
555.0,cctv3,C3_S009,G029,EMPTY,EMPTY,0.01
555.0,cctv3,C3_S010,G007,OCCUPIED,OCCUPIED,0.7524244845590808
555.0,cctv3,C3_S011,G008,OCCUPIED,OCCUPIED,0.7880937226793984
555.0,cctv3,C3_S012,G009,OCCUPIED,OCCUPIED,0.826413421197371
556.0,cctv1,C1_S001,G001,OCCUPIED,OCCUPIED,0.7358515767211264
556.0,cctv1,C1_S002,G002,EMPTY,EMPTY,0.01
556.0,cctv1,C1_S003,G003,OCCUPIED,OCCUPIED,0.8385740773244338
556.0,cctv1,C1_S004,G004,OCCUPIED,OCCUPIED,0.7702787838198922
556.0,cctv1,C1_S005,G005,OCCUPIED,OCCUPIED,0.7762607829137282
556.0,cctv1,C1_S006,G006,EMPTY,EMPTY,0.01
556.0,cctv2,C2_S001,G007,OCCUPIED,OCCUPIED,0.7791970690543002
556.0,cctv2,C2_S002,G008,OCCUPIED,OCCUPIED,0.8179338669235057
556.0,cctv2,C2_S003,G009,EMPTY,EMPTY,0.01
556.0,cctv2,C2_S004,G010,OCCUPIED,OCCUPIED,0.7748747871680693
556.0,cctv2,C2_S005,G001,EMPTY,EMPTY,0.01
556.0,cctv2,C2_S006,G003,OCCUPIED,OCCUPIED,0.8187393887476488
556.0,cctv2,C2_S007,G004,OCCUPIED,OCCUPIED,0.7853225269100883
556.0,cctv2,C2_S008,G006,OCCUPIED,OCCUPIED,0.7674354138699445
556.0,cctv2,C2_S009,G005,OCCUPIED,OCCUPIED,0.7933015216480602
556.0,cctv2,C2_S010,G002,EMPTY,EMPTY,0.01
556.0,cctv2,C2_S011,G017,OCCUPIED,OCCUPIED,0.8093495317480781
556.0,cctv2,C2_S012,G018,EMPTY,EMPTY,0.01
556.0,cctv2,C2_S013,G019,OCCUPIED,OCCUPIED,0.8257389838045295
556.0,cctv2,C2_S014,G020,EMPTY,EMPTY,0.01
556.0,cctv3,C3_S001,G021,OCCUPIED,OCCUPIED,0.8063765038143506
556.0,cctv3,C3_S002,G019,EMPTY,EMPTY,0.01
556.0,cctv3,C3_S003,G020,OCCUPIED,OCCUPIED,0.8149359245191922
556.0,cctv3,C3_S004,G024,OCCUPIED,OCCUPIED,0.8276656104759736
556.0,cctv3,C3_S005,G025,OCCUPIED,OCCUPIED,0.8315939803015102
556.0,cctv3,C3_S006,G026,OCCUPIED,OCCUPIED,0.8254076066342267
556.0,cctv3,C3_S007,G027,OCCUPIED,OCCUPIED,0.7471656104380435
556.0,cctv3,C3_S008,G028,EMPTY,EMPTY,0.01
556.0,cctv3,C3_S009,G029,EMPTY,EMPTY,0.01
556.0,cctv3,C3_S010,G007,OCCUPIED,OCCUPIED,0.7498401672325352
556.0,cctv3,C3_S011,G008,OCCUPIED,OCCUPIED,0.7844775863669136
556.0,cctv3,C3_S012,G009,OCCUPIED,OCCUPIED,0.8261870029297742
557.0,cctv1,C1_S001,G001,OCCUPIED,OCCUPIED,0.7388139794495974
557.0,cctv1,C1_S002,G002,EMPTY,EMPTY,0.01
557.0,cctv1,C1_S003,G003,OCCUPIED,OCCUPIED,0.8387883996421641
557.0,cctv1,C1_S004,G004,OCCUPIED,OCCUPIED,0.770299764383923
557.0,cctv1,C1_S005,G005,OCCUPIED,OCCUPIED,0.7778704907406461
557.0,cctv1,C1_S006,G006,EMPTY,EMPTY,0.01
557.0,cctv2,C2_S001,G007,OCCUPIED,OCCUPIED,0.7791314922950485
557.0,cctv2,C2_S002,G008,OCCUPIED,OCCUPIED,0.8174294003031471
557.0,cctv2,C2_S003,G009,EMPTY,EMPTY,0.01
557.0,cctv2,C2_S004,G010,OCCUPIED,OCCUPIED,0.7743752306157893
557.0,cctv2,C2_S005,G001,EMPTY,EMPTY,0.01
557.0,cctv2,C2_S006,G003,OCCUPIED,OCCUPIED,0.8188319143923847
557.0,cctv2,C2_S007,G004,OCCUPIED,OCCUPIED,0.7849056075919759
557.0,cctv2,C2_S008,G006,OCCUPIED,OCCUPIED,0.7674095224250448
557.0,cctv2,C2_S009,G005,OCCUPIED,OCCUPIED,0.7930190248922869
557.0,cctv2,C2_S010,G002,EMPTY,EMPTY,0.01
557.0,cctv2,C2_S011,G017,OCCUPIED,OCCUPIED,0.8092348177324642
557.0,cctv2,C2_S012,G018,EMPTY,EMPTY,0.01
557.0,cctv2,C2_S013,G019,OCCUPIED,OCCUPIED,0.8283886763182554
557.0,cctv2,C2_S014,G020,EMPTY,EMPTY,0.01
557.0,cctv3,C3_S001,G021,OCCUPIED,OCCUPIED,0.80689919563857
557.0,cctv3,C3_S002,G019,EMPTY,EMPTY,0.01
557.0,cctv3,C3_S003,G020,OCCUPIED,OCCUPIED,0.8148158086971804
557.0,cctv3,C3_S004,G024,OCCUPIED,OCCUPIED,0.8277200503782793
557.0,cctv3,C3_S005,G025,OCCUPIED,OCCUPIED,0.83153641928326
557.0,cctv3,C3_S006,G026,OCCUPIED,OCCUPIED,0.8254330258477819
557.0,cctv3,C3_S007,G027,OCCUPIED,OCCUPIED,0.7480437701398677
557.0,cctv3,C3_S008,G028,EMPTY,EMPTY,0.01
557.0,cctv3,C3_S009,G029,EMPTY,EMPTY,0.01
557.0,cctv3,C3_S010,G007,OCCUPIED,OCCUPIED,0.7496940429237756
557.0,cctv3,C3_S011,G008,OCCUPIED,OCCUPIED,0.7844964187253606
557.0,cctv3,C3_S012,G009,OCCUPIED,OCCUPIED,0.8260621989315207
558.0,cctv1,C1_S001,G001,OCCUPIED,OCCUPIED,0.7409298861568625
558.0,cctv1,C1_S002,G002,EMPTY,EMPTY,0.01
558.0,cctv1,C1_S003,G003,OCCUPIED,OCCUPIED,0.8388724454424599
558.0,cctv1,C1_S004,G004,OCCUPIED,OCCUPIED,0.7704404637217522
558.0,cctv1,C1_S005,G005,OCCUPIED,OCCUPIED,0.7769596434452317
558.0,cctv1,C1_S006,G006,EMPTY,EMPTY,0.01
558.0,cctv2,C2_S001,G007,OCCUPIED,OCCUPIED,0.6964623770524155
558.0,cctv2,C2_S002,G008,OCCUPIED,OCCUPIED,0.8173289767720483
558.0,cctv2,C2_S003,G009,EMPTY,EMPTY,0.01
558.0,cctv2,C2_S004,G010,OCCUPIED,OCCUPIED,0.7728521934964441
558.0,cctv2,C2_S005,G001,EMPTY,EMPTY,0.01
558.0,cctv2,C2_S006,G003,OCCUPIED,OCCUPIED,0.8191433229229668
558.0,cctv2,C2_S007,G004,OCCUPIED,OCCUPIED,0.786143396659331
558.0,cctv2,C2_S008,G006,OCCUPIED,OCCUPIED,0.7684364488179034
558.0,cctv2,C2_S009,G005,OCCUPIED,OCCUPIED,0.7936212222684514
558.0,cctv2,C2_S010,G002,EMPTY,EMPTY,0.01
558.0,cctv2,C2_S011,G017,OCCUPIED,OCCUPIED,0.8098152697086335
558.0,cctv2,C2_S012,G018,EMPTY,EMPTY,0.01
558.0,cctv2,C2_S013,G019,OCCUPIED,OCCUPIED,0.8279433337124912
558.0,cctv2,C2_S014,G020,EMPTY,EMPTY,0.01
558.0,cctv3,C3_S001,G021,OCCUPIED,OCCUPIED,0.8065695919773797
558.0,cctv3,C3_S002,G019,EMPTY,EMPTY,0.01
558.0,cctv3,C3_S003,G020,OCCUPIED,OCCUPIED,0.8148233944719488
558.0,cctv3,C3_S004,G024,OCCUPIED,OCCUPIED,0.8274535257707943
558.0,cctv3,C3_S005,G025,OCCUPIED,OCCUPIED,0.8315297519618815
558.0,cctv3,C3_S006,G026,OCCUPIED,OCCUPIED,0.8252138885584746
558.0,cctv3,C3_S007,G027,OCCUPIED,OCCUPIED,0.7487234809181907
558.0,cctv3,C3_S008,G028,EMPTY,EMPTY,0.01
558.0,cctv3,C3_S009,G029,EMPTY,EMPTY,0.01
558.0,cctv3,C3_S010,G007,OCCUPIED,OCCUPIED,0.7497961928221313
558.0,cctv3,C3_S011,G008,OCCUPIED,OCCUPIED,0.784496134248647
558.0,cctv3,C3_S012,G009,OCCUPIED,OCCUPIED,0.8258211658759551
559.0,cctv1,C1_S001,G001,OCCUPIED,OCCUPIED,0.7376903783191334
559.0,cctv1,C1_S002,G002,EMPTY,EMPTY,0.01
559.0,cctv1,C1_S003,G003,OCCUPIED,OCCUPIED,0.838851356777278
559.0,cctv1,C1_S004,G004,OCCUPIED,OCCUPIED,0.7696414584463294
559.0,cctv1,C1_S005,G005,OCCUPIED,OCCUPIED,0.7742214636369186
559.0,cctv1,C1_S006,G006,EMPTY,EMPTY,0.01
559.0,cctv2,C2_S001,G007,OCCUPIED,OCCUPIED,0.6961594438959252
559.0,cctv2,C2_S002,G008,OCCUPIED,OCCUPIED,0.8173853446136822
559.0,cctv2,C2_S003,G009,EMPTY,EMPTY,0.01
559.0,cctv2,C2_S004,G010,OCCUPIED,OCCUPIED,0.7738258483734999
559.0,cctv2,C2_S005,G001,EMPTY,EMPTY,0.01
559.0,cctv2,C2_S006,G003,OCCUPIED,OCCUPIED,0.8193424403667451
559.0,cctv2,C2_S007,G004,OCCUPIED,OCCUPIED,0.7867941924116829
559.0,cctv2,C2_S008,G006,OCCUPIED,OCCUPIED,0.7684435188770294
559.0,cctv2,C2_S009,G005,OCCUPIED,OCCUPIED,0.7951812681826679
559.0,cctv2,C2_S010,G002,EMPTY,EMPTY,0.01
559.0,cctv2,C2_S011,G017,OCCUPIED,OCCUPIED,0.8098672411658547
559.0,cctv2,C2_S012,G018,EMPTY,EMPTY,0.01
559.0,cctv2,C2_S013,G019,OCCUPIED,OCCUPIED,0.8281732819297097
559.0,cctv2,C2_S014,G020,EMPTY,EMPTY,0.01
559.0,cctv3,C3_S001,G021,OCCUPIED,OCCUPIED,0.8064498646692797
559.0,cctv3,C3_S002,G019,EMPTY,EMPTY,0.01
559.0,cctv3,C3_S003,G020,OCCUPIED,OCCUPIED,0.8142456393350255
559.0,cctv3,C3_S004,G024,OCCUPIED,OCCUPIED,0.827514592354948
559.0,cctv3,C3_S005,G025,OCCUPIED,OCCUPIED,0.8315005703405901
559.0,cctv3,C3_S006,G026,OCCUPIED,OCCUPIED,0.8251647269183939
559.0,cctv3,C3_S007,G027,OCCUPIED,OCCUPIED,0.749649286812002
559.0,cctv3,C3_S008,G028,EMPTY,EMPTY,0.01
559.0,cctv3,C3_S009,G029,EMPTY,EMPTY,0.01
559.0,cctv3,C3_S010,G007,OCCUPIED,OCCUPIED,0.7497025422751904
559.0,cctv3,C3_S011,G008,OCCUPIED,OCCUPIED,0.7836282388730483
559.0,cctv3,C3_S012,G009,OCCUPIED,OCCUPIED,0.8257504677230663
560.0,cctv1,C1_S001,G001,OCCUPIED,OCCUPIED,0.736423020335761
560.0,cctv1,C1_S002,G002,EMPTY,EMPTY,0.01
560.0,cctv1,C1_S003,G003,OCCUPIED,OCCUPIED,0.8389235894788396
560.0,cctv1,C1_S004,G004,OCCUPIED,OCCUPIED,0.7702752116051588
560.0,cctv1,C1_S005,G005,OCCUPIED,OCCUPIED,0.7745972374623473
560.0,cctv1,C1_S006,G006,EMPTY,EMPTY,0.01
560.0,cctv2,C2_S001,G007,OCCUPIED,OCCUPIED,0.6986565111983907
560.0,cctv2,C2_S002,G008,OCCUPIED,OCCUPIED,0.8169813470406966
560.0,cctv2,C2_S003,G009,EMPTY,EMPTY,0.01
560.0,cctv2,C2_S004,G010,OCCUPIED,OCCUPIED,0.7743216221982783
560.0,cctv2,C2_S005,G001,EMPTY,EMPTY,0.01
560.0,cctv2,C2_S006,G003,OCCUPIED,OCCUPIED,0.8197921411557632
560.0,cctv2,C2_S007,G004,OCCUPIED,OCCUPIED,0.7866364720192823
560.0,cctv2,C2_S008,G006,OCCUPIED,OCCUPIED,0.7688615139235151
560.0,cctv2,C2_S009,G005,OCCUPIED,OCCUPIED,0.7954631577838551
560.0,cctv2,C2_S010,G002,EMPTY,EMPTY,0.01
560.0,cctv2,C2_S011,G017,OCCUPIED,OCCUPIED,0.8097909965298393
560.0,cctv2,C2_S012,G018,EMPTY,EMPTY,0.01
560.0,cctv2,C2_S013,G019,OCCUPIED,OCCUPIED,0.8281657652421431
560.0,cctv2,C2_S014,G020,EMPTY,EMPTY,0.01
560.0,cctv3,C3_S001,G021,OCCUPIED,OCCUPIED,0.8063546194271608
560.0,cctv3,C3_S002,G019,EMPTY,EMPTY,0.01
560.0,cctv3,C3_S003,G020,OCCUPIED,OCCUPIED,0.8142327200282704
560.0,cctv3,C3_S004,G024,OCCUPIED,OCCUPIED,0.8277860684828325
560.0,cctv3,C3_S005,G025,OCCUPIED,OCCUPIED,0.8314294414086776
560.0,cctv3,C3_S006,G026,OCCUPIED,OCCUPIED,0.825010407241908
560.0,cctv3,C3_S007,G027,OCCUPIED,OCCUPIED,0.7500659488818863
560.0,cctv3,C3_S008,G028,EMPTY,EMPTY,0.01
560.0,cctv3,C3_S009,G029,EMPTY,MANEUVERING,0.1075168632783672
560.0,cctv3,C3_S010,G007,OCCUPIED,LEAVING,0.6576375965706327
560.0,cctv3,C3_S011,G008,OCCUPIED,OCCUPIED,0.7853475177829916
560.0,cctv3,C3_S012,G009,OCCUPIED,OCCUPIED,0.8258424374190244
561.0,cctv1,C1_S001,G001,OCCUPIED,OCCUPIED,0.7365257682448084
561.0,cctv1,C1_S002,G002,EMPTY,EMPTY,0.01
561.0,cctv1,C1_S003,G003,OCCUPIED,OCCUPIED,0.8387855776331642
561.0,cctv1,C1_S004,G004,OCCUPIED,OCCUPIED,0.7709021413868125
561.0,cctv1,C1_S005,G005,OCCUPIED,OCCUPIED,0.7766731217503549
561.0,cctv1,C1_S006,G006,EMPTY,EMPTY,0.01
561.0,cctv2,C2_S001,G007,OCCUPIED,OCCUPIED,0.698007418404926
561.0,cctv2,C2_S002,G008,OCCUPIED,OCCUPIED,0.8147665812210604
561.0,cctv2,C2_S003,G009,EMPTY,EMPTY,0.01
561.0,cctv2,C2_S004,G010,OCCUPIED,OCCUPIED,0.7722536951303482
561.0,cctv2,C2_S005,G001,EMPTY,EMPTY,0.01
561.0,cctv2,C2_S006,G003,OCCUPIED,OCCUPIED,0.8195661154660312
561.0,cctv2,C2_S007,G004,OCCUPIED,OCCUPIED,0.7860654809258202
561.0,cctv2,C2_S008,G006,OCCUPIED,OCCUPIED,0.768804867701097
561.0,cctv2,C2_S009,G005,OCCUPIED,OCCUPIED,0.794149108637463
561.0,cctv2,C2_S010,G002,EMPTY,EMPTY,0.01
561.0,cctv2,C2_S011,G017,OCCUPIED,OCCUPIED,0.80923284183849
561.0,cctv2,C2_S012,G018,EMPTY,EMPTY,0.01
561.0,cctv2,C2_S013,G019,OCCUPIED,OCCUPIED,0.8270825681361286
561.0,cctv2,C2_S014,G020,EMPTY,EMPTY,0.01
561.0,cctv3,C3_S001,G021,OCCUPIED,OCCUPIED,0.8064932554960251
561.0,cctv3,C3_S002,G019,EMPTY,EMPTY,0.01
561.0,cctv3,C3_S003,G020,OCCUPIED,OCCUPIED,0.813438413088972
561.0,cctv3,C3_S004,G024,OCCUPIED,OCCUPIED,0.8276834414763885
561.0,cctv3,C3_S005,G025,OCCUPIED,OCCUPIED,0.8314621050249447
561.0,cctv3,C3_S006,G026,OCCUPIED,OCCUPIED,0.8248283974149011
561.0,cctv3,C3_S007,G027,OCCUPIED,OCCUPIED,0.7491184487938881
561.0,cctv3,C3_S008,G028,EMPTY,EMPTY,0.01
561.0,cctv3,C3_S009,G029,EMPTY,MANEUVERING,0.1075168632783672
561.0,cctv3,C3_S010,G007,OCCUPIED,LEAVING,0.6611184402487496
561.0,cctv3,C3_S011,G008,OCCUPIED,OCCUPIED,0.786316039074551
561.0,cctv3,C3_S012,G009,OCCUPIED,OCCUPIED,0.8262306148355658
562.0,cctv1,C1_S001,G001,OCCUPIED,OCCUPIED,0.7357086336748168
562.0,cctv1,C1_S002,G002,EMPTY,EMPTY,0.01
562.0,cctv1,C1_S003,G003,OCCUPIED,OCCUPIED,0.8388290090994401
562.0,cctv1,C1_S004,G004,OCCUPIED,OCCUPIED,0.7722638932141391
562.0,cctv1,C1_S005,G005,OCCUPIED,OCCUPIED,0.7772764220833779
562.0,cctv1,C1_S006,G006,EMPTY,EMPTY,0.01
562.0,cctv2,C2_S001,G007,OCCUPIED,OCCUPIED,0.7457074462283741
562.0,cctv2,C2_S002,G008,OCCUPIED,OCCUPIED,0.8209187120199204
562.0,cctv2,C2_S003,G009,EMPTY,EMPTY,0.01
562.0,cctv2,C2_S004,G010,OCCUPIED,OCCUPIED,0.775535768812353
562.0,cctv2,C2_S005,G001,EMPTY,EMPTY,0.01
562.0,cctv2,C2_S006,G003,OCCUPIED,OCCUPIED,0.8198867467316715
562.0,cctv2,C2_S007,G004,OCCUPIED,OCCUPIED,0.785328632593155
562.0,cctv2,C2_S008,G006,OCCUPIED,OCCUPIED,0.7690898629752073
562.0,cctv2,C2_S009,G005,OCCUPIED,OCCUPIED,0.7936729027466342
562.0,cctv2,C2_S010,G002,EMPTY,EMPTY,0.01
562.0,cctv2,C2_S011,G017,OCCUPIED,OCCUPIED,0.8093855790116571
562.0,cctv2,C2_S012,G018,EMPTY,EMPTY,0.01
562.0,cctv2,C2_S013,G019,OCCUPIED,OCCUPIED,0.8268648686734114
562.0,cctv2,C2_S014,G020,EMPTY,EMPTY,0.01
562.0,cctv3,C3_S001,G021,OCCUPIED,OCCUPIED,0.8069547474384309
562.0,cctv3,C3_S002,G019,EMPTY,EMPTY,0.01
562.0,cctv3,C3_S003,G020,OCCUPIED,OCCUPIED,0.8123516429554333
562.0,cctv3,C3_S004,G024,OCCUPIED,OCCUPIED,0.827618891271678
562.0,cctv3,C3_S005,G025,OCCUPIED,OCCUPIED,0.8315180965445259
562.0,cctv3,C3_S006,G026,OCCUPIED,OCCUPIED,0.8247772598808463
562.0,cctv3,C3_S007,G027,OCCUPIED,OCCUPIED,0.7501843615011736
562.0,cctv3,C3_S008,G028,EMPTY,EMPTY,0.01
562.0,cctv3,C3_S009,G029,EMPTY,MANEUVERING,0.1984393927962942
562.0,cctv3,C3_S010,G007,OCCUPIED,LEAVING,0.5725123498204983
562.0,cctv3,C3_S011,G008,OCCUPIED,OCCUPIED,0.7902736726132307
562.0,cctv3,C3_S012,G009,OCCUPIED,OCCUPIED,0.8262451686642387
563.0,cctv1,C1_S001,G001,OCCUPIED,OCCUPIED,0.7365351023321802
563.0,cctv1,C1_S002,G002,EMPTY,EMPTY,0.01
563.0,cctv1,C1_S003,G003,OCCUPIED,OCCUPIED,0.8387978369539435
563.0,cctv1,C1_S004,G004,OCCUPIED,OCCUPIED,0.7717667750336907
563.0,cctv1,C1_S005,G005,OCCUPIED,OCCUPIED,0.7804585213010962
563.0,cctv1,C1_S006,G006,EMPTY,EMPTY,0.01
563.0,cctv2,C2_S001,G007,OCCUPIED,OCCUPIED,0.747824834774841
563.0,cctv2,C2_S002,G008,OCCUPIED,OCCUPIED,0.8218052146109669
563.0,cctv2,C2_S003,G009,EMPTY,EMPTY,0.01
563.0,cctv2,C2_S004,G010,OCCUPIED,OCCUPIED,0.774086578596722
563.0,cctv2,C2_S005,G001,EMPTY,EMPTY,0.01
563.0,cctv2,C2_S006,G003,OCCUPIED,OCCUPIED,0.8194673524661498
563.0,cctv2,C2_S007,G004,OCCUPIED,OCCUPIED,0.7839921536770734
563.0,cctv2,C2_S008,G006,OCCUPIED,OCCUPIED,0.7692349891770971
563.0,cctv2,C2_S009,G005,OCCUPIED,OCCUPIED,0.7941284149885178
563.0,cctv2,C2_S010,G002,EMPTY,EMPTY,0.01
563.0,cctv2,C2_S011,G017,OCCUPIED,OCCUPIED,0.8092899541963231
563.0,cctv2,C2_S012,G018,EMPTY,EMPTY,0.01
563.0,cctv2,C2_S013,G019,OCCUPIED,OCCUPIED,0.8255988172509454
563.0,cctv2,C2_S014,G020,EMPTY,EMPTY,0.01
563.0,cctv3,C3_S001,G021,OCCUPIED,OCCUPIED,0.8065560557625511
563.0,cctv3,C3_S002,G019,EMPTY,EMPTY,0.01
563.0,cctv3,C3_S003,G020,OCCUPIED,OCCUPIED,0.8115885398604654
563.0,cctv3,C3_S004,G024,OCCUPIED,OCCUPIED,0.8276261234825308
563.0,cctv3,C3_S005,G025,OCCUPIED,OCCUPIED,0.8315188695083966
563.0,cctv3,C3_S006,G026,OCCUPIED,OCCUPIED,0.824815874749964
563.0,cctv3,C3_S007,G027,OCCUPIED,OCCUPIED,0.7504784360527993
563.0,cctv3,C3_S008,G028,EMPTY,EMPTY,0.01
563.0,cctv3,C3_S009,G029,EMPTY,MANEUVERING,0.1984393927962942
563.0,cctv3,C3_S010,G007,OCCUPIED,LEAVING,0.5723503066463904
563.0,cctv3,C3_S011,G008,OCCUPIED,OCCUPIED,0.7896367089314895
563.0,cctv3,C3_S012,G009,OCCUPIED,OCCUPIED,0.8271672633561222
564.0,cctv1,C1_S001,G001,OCCUPIED,OCCUPIED,0.735340114818378
564.0,cctv1,C1_S002,G002,EMPTY,EMPTY,0.01
564.0,cctv1,C1_S003,G003,OCCUPIED,OCCUPIED,0.8388043799183587
564.0,cctv1,C1_S004,G004,OCCUPIED,OCCUPIED,0.7708522006869317
564.0,cctv1,C1_S005,G005,OCCUPIED,OCCUPIED,0.7821545877239922
564.0,cctv1,C1_S006,G006,EMPTY,EMPTY,0.01
564.0,cctv2,C2_S001,G007,OCCUPIED,OCCUPIED,0.7486785081435334
564.0,cctv2,C2_S002,G008,OCCUPIED,OCCUPIED,0.819293947653337
564.0,cctv2,C2_S003,G009,EMPTY,EMPTY,0.01
564.0,cctv2,C2_S004,G010,OCCUPIED,OCCUPIED,0.7706281968138435
564.0,cctv2,C2_S005,G001,EMPTY,EMPTY,0.01
564.0,cctv2,C2_S006,G003,OCCUPIED,OCCUPIED,0.8196053269234571
564.0,cctv2,C2_S007,G004,OCCUPIED,OCCUPIED,0.7838127244602551
564.0,cctv2,C2_S008,G006,OCCUPIED,OCCUPIED,0.7697507978840308
564.0,cctv2,C2_S009,G005,OCCUPIED,OCCUPIED,0.794539661840959
564.0,cctv2,C2_S010,G002,EMPTY,EMPTY,0.01
564.0,cctv2,C2_S011,G017,OCCUPIED,OCCUPIED,0.8093986064195634
564.0,cctv2,C2_S012,G018,EMPTY,EMPTY,0.01
564.0,cctv2,C2_S013,G019,OCCUPIED,OCCUPIED,0.8251984097740868
564.0,cctv2,C2_S014,G020,EMPTY,EMPTY,0.01
564.0,cctv3,C3_S001,G021,OCCUPIED,OCCUPIED,0.8076155177571558
564.0,cctv3,C3_S002,G019,EMPTY,EMPTY,0.01
564.0,cctv3,C3_S003,G020,OCCUPIED,OCCUPIED,0.8107912451028825
564.0,cctv3,C3_S004,G024,OCCUPIED,OCCUPIED,0.8274424807591872
564.0,cctv3,C3_S005,G025,OCCUPIED,OCCUPIED,0.8314426988363266
564.0,cctv3,C3_S006,G026,OCCUPIED,OCCUPIED,0.8248528388413516
564.0,cctv3,C3_S007,G027,OCCUPIED,OCCUPIED,0.7514066181399606
564.0,cctv3,C3_S008,G028,EMPTY,EMPTY,0.01
564.0,cctv3,C3_S009,G029,EMPTY,MANEUVERING,0.1534393927962942
564.0,cctv3,C3_S010,G007,OCCUPIED,LEAVING,0.6170000742240387
564.0,cctv3,C3_S011,G008,OCCUPIED,OCCUPIED,0.7896997286514803
564.0,cctv3,C3_S012,G009,OCCUPIED,OCCUPIED,0.8273940270597285
565.0,cctv1,C1_S001,G001,OCCUPIED,OCCUPIED,0.7360966704785824
565.0,cctv1,C1_S002,G002,EMPTY,EMPTY,0.01
565.0,cctv1,C1_S003,G003,OCCUPIED,OCCUPIED,0.8387619839473205
565.0,cctv1,C1_S004,G004,OCCUPIED,OCCUPIED,0.7711828455328942
565.0,cctv1,C1_S005,G005,OCCUPIED,OCCUPIED,0.7844022179191763
565.0,cctv1,C1_S006,G006,EMPTY,EMPTY,0.01
565.0,cctv2,C2_S001,G007,OCCUPIED,OCCUPIED,0.7486875565756451
565.0,cctv2,C2_S002,G008,OCCUPIED,OCCUPIED,0.8150616494092076
565.0,cctv2,C2_S003,G009,EMPTY,EMPTY,0.01
565.0,cctv2,C2_S004,G010,OCCUPIED,OCCUPIED,0.7677743443033913
565.0,cctv2,C2_S005,G001,EMPTY,EMPTY,0.01
565.0,cctv2,C2_S006,G003,OCCUPIED,OCCUPIED,0.8198618379506198
565.0,cctv2,C2_S007,G004,OCCUPIED,OCCUPIED,0.7838411802595313
565.0,cctv2,C2_S008,G006,OCCUPIED,OCCUPIED,0.7705812833525918
565.0,cctv2,C2_S009,G005,OCCUPIED,OCCUPIED,0.794210103696043
565.0,cctv2,C2_S010,G002,EMPTY,EMPTY,0.01
565.0,cctv2,C2_S011,G017,OCCUPIED,OCCUPIED,0.8100251728838141
565.0,cctv2,C2_S012,G018,EMPTY,EMPTY,0.01
565.0,cctv2,C2_S013,G019,OCCUPIED,OCCUPIED,0.823750867897814
565.0,cctv2,C2_S014,G020,EMPTY,EMPTY,0.01
565.0,cctv3,C3_S001,G021,OCCUPIED,OCCUPIED,0.8082880979234522
565.0,cctv3,C3_S002,G019,EMPTY,EMPTY,0.01
565.0,cctv3,C3_S003,G020,OCCUPIED,OCCUPIED,0.8125690083612096
565.0,cctv3,C3_S004,G024,OCCUPIED,OCCUPIED,0.8272231809117578
565.0,cctv3,C3_S005,G025,OCCUPIED,OCCUPIED,0.831404885378751
565.0,cctv3,C3_S006,G026,OCCUPIED,OCCUPIED,0.8246920160271906
565.0,cctv3,C3_S007,G027,OCCUPIED,OCCUPIED,0.7519445782357996
565.0,cctv3,C3_S008,G028,EMPTY,EMPTY,0.01
565.0,cctv3,C3_S009,G029,EMPTY,MANEUVERING,0.1534393927962942
565.0,cctv3,C3_S010,G007,OCCUPIED,LEAVING,0.6192508325341977
565.0,cctv3,C3_S011,G008,OCCUPIED,OCCUPIED,0.7905133060433649
565.0,cctv3,C3_S012,G009,OCCUPIED,OCCUPIED,0.8273546944965017
566.0,cctv1,C1_S001,G001,OCCUPIED,OCCUPIED,0.7373408023606648
566.0,cctv1,C1_S002,G002,EMPTY,EMPTY,0.01
566.0,cctv1,C1_S003,G003,OCCUPIED,OCCUPIED,0.838784845308824
566.0,cctv1,C1_S004,G004,OCCUPIED,OCCUPIED,0.7712754357944835
566.0,cctv1,C1_S005,G005,OCCUPIED,OCCUPIED,0.7827111095190049
566.0,cctv1,C1_S006,G006,EMPTY,EMPTY,0.01
566.0,cctv2,C2_S001,G007,OCCUPIED,OCCUPIED,0.7485294180024754
566.0,cctv2,C2_S002,G008,OCCUPIED,OCCUPIED,0.815288245677948
566.0,cctv2,C2_S003,G009,EMPTY,EMPTY,0.01
566.0,cctv2,C2_S004,G010,OCCUPIED,OCCUPIED,0.7662652400406925
566.0,cctv2,C2_S005,G001,EMPTY,EMPTY,0.01
566.0,cctv2,C2_S006,G003,OCCUPIED,OCCUPIED,0.8196326301856475
566.0,cctv2,C2_S007,G004,OCCUPIED,OCCUPIED,0.7833785747939891
566.0,cctv2,C2_S008,G006,OCCUPIED,OCCUPIED,0.7708863057873466
566.0,cctv2,C2_S009,G005,OCCUPIED,OCCUPIED,0.7944224013523623
566.0,cctv2,C2_S010,G002,EMPTY,EMPTY,0.01
566.0,cctv2,C2_S011,G017,OCCUPIED,OCCUPIED,0.8100107035853646
566.0,cctv2,C2_S012,G018,EMPTY,EMPTY,0.01
566.0,cctv2,C2_S013,G019,OCCUPIED,OCCUPIED,0.8246215105056763
566.0,cctv2,C2_S014,G020,EMPTY,EMPTY,0.01
566.0,cctv3,C3_S001,G021,OCCUPIED,OCCUPIED,0.8098346880891107
566.0,cctv3,C3_S002,G019,EMPTY,EMPTY,0.01
566.0,cctv3,C3_S003,G020,OCCUPIED,OCCUPIED,0.8109627040949735
566.0,cctv3,C3_S004,G024,OCCUPIED,OCCUPIED,0.8271060431545432
566.0,cctv3,C3_S005,G025,OCCUPIED,OCCUPIED,0.8313689681616697
566.0,cctv3,C3_S006,G026,OCCUPIED,OCCUPIED,0.824544939940626
566.0,cctv3,C3_S007,G027,OCCUPIED,OCCUPIED,0.750483372942968
566.0,cctv3,C3_S008,G028,EMPTY,EMPTY,0.01
566.0,cctv3,C3_S009,G029,EMPTY,MANEUVERING,0.1084393927962942
566.0,cctv3,C3_S010,G007,OCCUPIED,LEAVING,0.6628252146009243
566.0,cctv3,C3_S011,G008,OCCUPIED,OCCUPIED,0.7902158124880357
566.0,cctv3,C3_S012,G009,OCCUPIED,OCCUPIED,0.8275310700589961
567.0,cctv1,C1_S001,G001,OCCUPIED,OCCUPIED,0.7388105419549076
567.0,cctv1,C1_S002,G002,EMPTY,EMPTY,0.01
567.0,cctv1,C1_S003,G003,OCCUPIED,OCCUPIED,0.8387974671342157
567.0,cctv1,C1_S004,G004,OCCUPIED,OCCUPIED,0.7711056251417507
567.0,cctv1,C1_S005,G005,OCCUPIED,OCCUPIED,0.781536614894867
567.0,cctv1,C1_S006,G006,EMPTY,EMPTY,0.01
567.0,cctv2,C2_S001,G007,OCCUPIED,OCCUPIED,0.7499245153773915
567.0,cctv2,C2_S002,G008,OCCUPIED,OCCUPIED,0.8169754136692394
567.0,cctv2,C2_S003,G009,EMPTY,EMPTY,0.01
567.0,cctv2,C2_S004,G010,OCCUPIED,OCCUPIED,0.7689439873803746
567.0,cctv2,C2_S005,G001,EMPTY,EMPTY,0.01
567.0,cctv2,C2_S006,G003,OCCUPIED,OCCUPIED,0.8196836108511145
567.0,cctv2,C2_S007,G004,OCCUPIED,OCCUPIED,0.7831967283378949
567.0,cctv2,C2_S008,G006,OCCUPIED,OCCUPIED,0.770987305180593
567.0,cctv2,C2_S009,G005,OCCUPIED,OCCUPIED,0.7940030704845082
567.0,cctv2,C2_S010,G002,EMPTY,EMPTY,0.01
567.0,cctv2,C2_S011,G017,OCCUPIED,OCCUPIED,0.8102457414973867
567.0,cctv2,C2_S012,G018,EMPTY,EMPTY,0.01
567.0,cctv2,C2_S013,G019,OCCUPIED,OCCUPIED,0.8219542592763901
567.0,cctv2,C2_S014,G020,EMPTY,EMPTY,0.01
567.0,cctv3,C3_S001,G021,OCCUPIED,OCCUPIED,0.8095902380618183
567.0,cctv3,C3_S002,G019,EMPTY,EMPTY,0.01
567.0,cctv3,C3_S003,G020,OCCUPIED,OCCUPIED,0.8107020258903505
567.0,cctv3,C3_S004,G024,OCCUPIED,OCCUPIED,0.8268774970011279
567.0,cctv3,C3_S005,G025,OCCUPIED,OCCUPIED,0.8312985447320071
567.0,cctv3,C3_S006,G026,OCCUPIED,OCCUPIED,0.8245694829659029
567.0,cctv3,C3_S007,G027,OCCUPIED,OCCUPIED,0.7511432849548081
567.0,cctv3,C3_S008,G028,EMPTY,EMPTY,0.01
567.0,cctv3,C3_S009,G029,EMPTY,MANEUVERING,0.1084393927962942
567.0,cctv3,C3_S010,G007,OCCUPIED,LEAVING,0.6660535899165905
567.0,cctv3,C3_S011,G008,OCCUPIED,OCCUPIED,0.7942876959388907
567.0,cctv3,C3_S012,G009,OCCUPIED,OCCUPIED,0.8277852776375685
568.0,cctv1,C1_S001,G001,OCCUPIED,OCCUPIED,0.7401016248898074
568.0,cctv1,C1_S002,G002,EMPTY,EMPTY,0.01
568.0,cctv1,C1_S003,G003,OCCUPIED,OCCUPIED,0.8386852491985668
568.0,cctv1,C1_S004,G004,OCCUPIED,OCCUPIED,0.7710050455548547
568.0,cctv1,C1_S005,G005,OCCUPIED,OCCUPIED,0.781260946393013
568.0,cctv1,C1_S006,G006,EMPTY,EMPTY,0.01
568.0,cctv2,C2_S001,G007,OCCUPIED,OCCUPIED,0.7504040576923978
568.0,cctv2,C2_S002,G008,OCCUPIED,OCCUPIED,0.8113615932789716
568.0,cctv2,C2_S003,G009,EMPTY,EMPTY,0.01
568.0,cctv2,C2_S004,G010,OCCUPIED,OCCUPIED,0.7668425217270852
568.0,cctv2,C2_S005,G001,EMPTY,EMPTY,0.01
568.0,cctv2,C2_S006,G003,OCCUPIED,OCCUPIED,0.8192552344365553
568.0,cctv2,C2_S007,G004,OCCUPIED,OCCUPIED,0.7825235865332865
568.0,cctv2,C2_S008,G006,OCCUPIED,OCCUPIED,0.7716401755809784
568.0,cctv2,C2_S009,G005,OCCUPIED,OCCUPIED,0.7940944468433208
568.0,cctv2,C2_S010,G002,EMPTY,EMPTY,0.01
568.0,cctv2,C2_S011,G017,OCCUPIED,OCCUPIED,0.8099802556363019
568.0,cctv2,C2_S012,G018,EMPTY,EMPTY,0.01
568.0,cctv2,C2_S013,G019,OCCUPIED,OCCUPIED,0.8224303749474613
568.0,cctv2,C2_S014,G020,EMPTY,EMPTY,0.01
568.0,cctv3,C3_S001,G021,OCCUPIED,OCCUPIED,0.8099283288825643
568.0,cctv3,C3_S002,G019,EMPTY,EMPTY,0.01
568.0,cctv3,C3_S003,G020,OCCUPIED,OCCUPIED,0.8094328883019362
568.0,cctv3,C3_S004,G024,OCCUPIED,OCCUPIED,0.8269477830691772
568.0,cctv3,C3_S005,G025,OCCUPIED,OCCUPIED,0.8312246531248093
568.0,cctv3,C3_S006,G026,OCCUPIED,OCCUPIED,0.8244559214873748
568.0,cctv3,C3_S007,G027,OCCUPIED,OCCUPIED,0.7501893528483131
568.0,cctv3,C3_S008,G028,EMPTY,EMPTY,0.01
568.0,cctv3,C3_S009,G029,EMPTY,MANEUVERING,0.1084393927962942
568.0,cctv3,C3_S010,G007,OCCUPIED,LEAVING,0.6629882298274474
568.0,cctv3,C3_S011,G008,OCCUPIED,OCCUPIED,0.7930489112030377
568.0,cctv3,C3_S012,G009,OCCUPIED,OCCUPIED,0.8278010774742474
569.0,cctv1,C1_S001,G001,OCCUPIED,OCCUPIED,0.7379105326126922
569.0,cctv1,C1_S002,G002,EMPTY,EMPTY,0.01
569.0,cctv1,C1_S003,G003,OCCUPIED,OCCUPIED,0.8386735498905182
569.0,cctv1,C1_S004,G004,OCCUPIED,OCCUPIED,0.770105221325701
569.0,cctv1,C1_S005,G005,OCCUPIED,OCCUPIED,0.7843164327469739
569.0,cctv1,C1_S006,G006,EMPTY,EMPTY,0.01
569.0,cctv2,C2_S001,G007,OCCUPIED,OCCUPIED,0.7886954445730556
569.0,cctv2,C2_S002,G008,OCCUPIED,OCCUPIED,0.8087959018620579
569.0,cctv2,C2_S003,G009,EMPTY,MANEUVERING,0.2181456359069455
569.0,cctv2,C2_S004,G010,OCCUPIED,OCCUPIED,0.7663093701004983
569.0,cctv2,C2_S005,G001,EMPTY,EMPTY,0.01
569.0,cctv2,C2_S006,G003,OCCUPIED,OCCUPIED,0.818708807500926
569.0,cctv2,C2_S007,G004,OCCUPIED,OCCUPIED,0.7818253733895042
569.0,cctv2,C2_S008,G006,OCCUPIED,OCCUPIED,0.7718480191447519
569.0,cctv2,C2_S009,G005,OCCUPIED,OCCUPIED,0.7939355917952278
569.0,cctv2,C2_S010,G002,EMPTY,EMPTY,0.01
569.0,cctv2,C2_S011,G017,OCCUPIED,OCCUPIED,0.8097258863123982
569.0,cctv2,C2_S012,G018,EMPTY,EMPTY,0.01
569.0,cctv2,C2_S013,G019,OCCUPIED,OCCUPIED,0.823194042119113
569.0,cctv2,C2_S014,G020,EMPTY,EMPTY,0.01
569.0,cctv3,C3_S001,G021,OCCUPIED,OCCUPIED,0.8103769551623952
569.0,cctv3,C3_S002,G019,EMPTY,EMPTY,0.01
569.0,cctv3,C3_S003,G020,OCCUPIED,OCCUPIED,0.8084340206601404
569.0,cctv3,C3_S004,G024,OCCUPIED,OCCUPIED,0.8272018053314903
569.0,cctv3,C3_S005,G025,OCCUPIED,OCCUPIED,0.831166944178668
569.0,cctv3,C3_S006,G026,OCCUPIED,OCCUPIED,0.8245601797645743
569.0,cctv3,C3_S007,G027,OCCUPIED,OCCUPIED,0.7498883334073154
569.0,cctv3,C3_S008,G028,EMPTY,EMPTY,0.01
569.0,cctv3,C3_S009,G029,EMPTY,MANEUVERING,0.1084393927962942
569.0,cctv3,C3_S010,G007,OCCUPIED,LEAVING,0.5798695063861934
569.0,cctv3,C3_S011,G008,OCCUPIED,OCCUPIED,0.791594775969332
569.0,cctv3,C3_S012,G009,OCCUPIED,OCCUPIED,0.8276292535391722
570.0,cctv1,C1_S001,G001,OCCUPIED,OCCUPIED,0.7417394875802777
570.0,cctv1,C1_S002,G002,EMPTY,EMPTY,0.01
570.0,cctv1,C1_S003,G003,OCCUPIED,OCCUPIED,0.8388363185254011
570.0,cctv1,C1_S004,G004,OCCUPIED,OCCUPIED,0.7707234176722441
570.0,cctv1,C1_S005,G005,OCCUPIED,OCCUPIED,0.7839652117003095
570.0,cctv1,C1_S006,G006,EMPTY,EMPTY,0.01
570.0,cctv2,C2_S001,G007,OCCUPIED,OCCUPIED,0.7888839437202975
570.0,cctv2,C2_S002,G008,OCCUPIED,OCCUPIED,0.8075029543854975
570.0,cctv2,C2_S003,G009,EMPTY,MANEUVERING,0.2181456359069455
570.0,cctv2,C2_S004,G010,OCCUPIED,OCCUPIED,0.7622047608548945
570.0,cctv2,C2_S005,G001,EMPTY,EMPTY,0.01
570.0,cctv2,C2_S006,G003,OCCUPIED,OCCUPIED,0.8188677592711016
570.0,cctv2,C2_S007,G004,OCCUPIED,OCCUPIED,0.7811286086385901
570.0,cctv2,C2_S008,G006,OCCUPIED,OCCUPIED,0.7718702225522562
570.0,cctv2,C2_S009,G005,OCCUPIED,OCCUPIED,0.7938052079894327
570.0,cctv2,C2_S010,G002,EMPTY,EMPTY,0.01
570.0,cctv2,C2_S011,G017,OCCUPIED,OCCUPIED,0.8101359871300785
570.0,cctv2,C2_S012,G018,EMPTY,EMPTY,0.01
570.0,cctv2,C2_S013,G019,OCCUPIED,OCCUPIED,0.8221239626407624
570.0,cctv2,C2_S014,G020,EMPTY,EMPTY,0.01
570.0,cctv3,C3_S001,G021,OCCUPIED,OCCUPIED,0.8105984064665708
570.0,cctv3,C3_S002,G019,EMPTY,EMPTY,0.01
570.0,cctv3,C3_S003,G020,OCCUPIED,OCCUPIED,0.8075450691309842
570.0,cctv3,C3_S004,G024,OCCUPIED,OCCUPIED,0.8271217186342587
570.0,cctv3,C3_S005,G025,OCCUPIED,OCCUPIED,0.8311640010638671
570.0,cctv3,C3_S006,G026,OCCUPIED,OCCUPIED,0.8244976249608127
570.0,cctv3,C3_S007,G027,OCCUPIED,OCCUPIED,0.7494809639724819
570.0,cctv3,C3_S008,G028,EMPTY,EMPTY,0.01
570.0,cctv3,C3_S009,G029,EMPTY,MANEUVERING,0.1106212109781124
570.0,cctv3,C3_S010,G007,OCCUPIED,LEAVING,0.5772704365057025
570.0,cctv3,C3_S011,G008,OCCUPIED,OCCUPIED,0.7921842848712748
570.0,cctv3,C3_S012,G009,OCCUPIED,OCCUPIED,0.8278144169937481
571.0,cctv1,C1_S001,G001,OCCUPIED,OCCUPIED,0.7451158264821227
571.0,cctv1,C1_S002,G002,EMPTY,EMPTY,0.01
571.0,cctv1,C1_S003,G003,OCCUPIED,OCCUPIED,0.8388229424303228
571.0,cctv1,C1_S004,G004,OCCUPIED,OCCUPIED,0.7711693320762028
571.0,cctv1,C1_S005,G005,OCCUPIED,OCCUPIED,0.7865411926399578
571.0,cctv1,C1_S006,G006,EMPTY,EMPTY,0.01
571.0,cctv2,C2_S001,G007,OCCUPIED,OCCUPIED,0.7902618871493774
571.0,cctv2,C2_S002,G008,OCCUPIED,OCCUPIED,0.8090233572504738
571.0,cctv2,C2_S003,G009,EMPTY,MANEUVERING,0.2181456359069455
571.0,cctv2,C2_S004,G010,OCCUPIED,OCCUPIED,0.7583203365856952
571.0,cctv2,C2_S005,G001,EMPTY,EMPTY,0.01
571.0,cctv2,C2_S006,G003,OCCUPIED,OCCUPIED,0.8182825288989328
571.0,cctv2,C2_S007,G004,OCCUPIED,OCCUPIED,0.7803756109692834
571.0,cctv2,C2_S008,G006,OCCUPIED,OCCUPIED,0.7728345213965937
571.0,cctv2,C2_S009,G005,OCCUPIED,OCCUPIED,0.7954367819157514
571.0,cctv2,C2_S010,G002,EMPTY,EMPTY,0.01
571.0,cctv2,C2_S011,G017,OCCUPIED,OCCUPIED,0.8100385571067984
571.0,cctv2,C2_S012,G018,EMPTY,EMPTY,0.01
571.0,cctv2,C2_S013,G019,OCCUPIED,OCCUPIED,0.8205907965248282
571.0,cctv2,C2_S014,G020,EMPTY,EMPTY,0.01
571.0,cctv3,C3_S001,G021,OCCUPIED,OCCUPIED,0.810073745250702
571.0,cctv3,C3_S002,G019,EMPTY,EMPTY,0.01
571.0,cctv3,C3_S003,G020,OCCUPIED,OCCUPIED,0.8074596423994411
571.0,cctv3,C3_S004,G024,OCCUPIED,OCCUPIED,0.8269019815054808
571.0,cctv3,C3_S005,G025,OCCUPIED,OCCUPIED,0.8311760620637374
571.0,cctv3,C3_S006,G026,OCCUPIED,OCCUPIED,0.8246461713855917
571.0,cctv3,C3_S007,G027,OCCUPIED,OCCUPIED,0.7476878316564994
571.0,cctv3,C3_S008,G028,EMPTY,EMPTY,0.01
571.0,cctv3,C3_S009,G029,EMPTY,MANEUVERING,0.0609073768596757
571.0,cctv3,C3_S010,G007,OCCUPIED,LEAVING,0.6242450043179774
571.0,cctv3,C3_S011,G008,OCCUPIED,OCCUPIED,0.7898308248682456
571.0,cctv3,C3_S012,G009,OCCUPIED,OCCUPIED,0.8277261845090174
572.0,cctv1,C1_S001,G001,OCCUPIED,OCCUPIED,0.7458013159984893
572.0,cctv1,C1_S002,G002,EMPTY,EMPTY,0.01
572.0,cctv1,C1_S003,G003,OCCUPIED,OCCUPIED,0.8388118535280228
572.0,cctv1,C1_S004,G004,OCCUPIED,OCCUPIED,0.7698294374075804
572.0,cctv1,C1_S005,G005,OCCUPIED,OCCUPIED,0.7868268470872533
572.0,cctv1,C1_S006,G006,EMPTY,EMPTY,0.01
572.0,cctv2,C2_S001,G007,OCCUPIED,OCCUPIED,0.7917616280642423
572.0,cctv2,C2_S002,G008,OCCUPIED,OCCUPIED,0.8100997439839623
572.0,cctv2,C2_S003,G009,EMPTY,MANEUVERING,0.2181456359069455
572.0,cctv2,C2_S004,G010,OCCUPIED,OCCUPIED,0.758048332550309
572.0,cctv2,C2_S005,G001,EMPTY,EMPTY,0.01
572.0,cctv2,C2_S006,G003,OCCUPIED,OCCUPIED,0.8179211191155694
572.0,cctv2,C2_S007,G004,OCCUPIED,OCCUPIED,0.7799308933994987
572.0,cctv2,C2_S008,G006,OCCUPIED,OCCUPIED,0.773817427456379
572.0,cctv2,C2_S009,G005,OCCUPIED,OCCUPIED,0.7958911026066
572.0,cctv2,C2_S010,G002,EMPTY,EMPTY,0.01
572.0,cctv2,C2_S011,G017,OCCUPIED,OCCUPIED,0.8099768053401601
572.0,cctv2,C2_S012,G018,EMPTY,EMPTY,0.01
572.0,cctv2,C2_S013,G019,OCCUPIED,OCCUPIED,0.8208646492524581
572.0,cctv2,C2_S014,G020,EMPTY,EMPTY,0.01
572.0,cctv3,C3_S001,G021,OCCUPIED,OCCUPIED,0.8094000954519619
572.0,cctv3,C3_S002,G019,EMPTY,EMPTY,0.01
572.0,cctv3,C3_S003,G020,OCCUPIED,OCCUPIED,0.8085223896936937
572.0,cctv3,C3_S004,G024,OCCUPIED,OCCUPIED,0.8269470182332126
572.0,cctv3,C3_S005,G025,OCCUPIED,OCCUPIED,0.8311609165235
572.0,cctv3,C3_S006,G026,OCCUPIED,OCCUPIED,0.8246610096909783
572.0,cctv3,C3_S007,G027,OCCUPIED,OCCUPIED,0.7474218048832634
572.0,cctv3,C3_S008,G028,EMPTY,EMPTY,0.01
572.0,cctv3,C3_S009,G029,EMPTY,MANEUVERING,0.0609073768596757
572.0,cctv3,C3_S010,G007,OCCUPIED,LEAVING,0.6216971238074882
572.0,cctv3,C3_S011,G008,OCCUPIED,OCCUPIED,0.7898245826363565
572.0,cctv3,C3_S012,G009,OCCUPIED,OCCUPIED,0.827335059913722
573.0,cctv1,C1_S001,G001,OCCUPIED,OCCUPIED,0.7478680064055053
573.0,cctv1,C1_S002,G002,EMPTY,EMPTY,0.01
573.0,cctv1,C1_S003,G003,OCCUPIED,OCCUPIED,0.8388283856890419
573.0,cctv1,C1_S004,G004,OCCUPIED,OCCUPIED,0.7691621923988516
573.0,cctv1,C1_S005,G005,OCCUPIED,OCCUPIED,0.7876572094180367
573.0,cctv1,C1_S006,G006,EMPTY,EMPTY,0.01
573.0,cctv2,C2_S001,G007,OCCUPIED,OCCUPIED,0.7929160085591404
573.0,cctv2,C2_S002,G008,OCCUPIED,OCCUPIED,0.8101893078197133
573.0,cctv2,C2_S003,G009,EMPTY,MANEUVERING,0.1731456359069456
573.0,cctv2,C2_S004,G010,OCCUPIED,OCCUPIED,0.7560405007817529
573.0,cctv2,C2_S005,G001,EMPTY,EMPTY,0.01
573.0,cctv2,C2_S006,G003,OCCUPIED,OCCUPIED,0.8179765685038134
573.0,cctv2,C2_S007,G004,OCCUPIED,OCCUPIED,0.7796532465652987
573.0,cctv2,C2_S008,G006,OCCUPIED,OCCUPIED,0.7728350310163065
573.0,cctv2,C2_S009,G005,OCCUPIED,OCCUPIED,0.7965254312211818
573.0,cctv2,C2_S010,G002,EMPTY,EMPTY,0.01
573.0,cctv2,C2_S011,G017,OCCUPIED,OCCUPIED,0.8099730908870698
573.0,cctv2,C2_S012,G018,EMPTY,EMPTY,0.01
573.0,cctv2,C2_S013,G019,OCCUPIED,OCCUPIED,0.8201422214508057
573.0,cctv2,C2_S014,G020,EMPTY,EMPTY,0.01
573.0,cctv3,C3_S001,G021,OCCUPIED,OCCUPIED,0.8089019783518532
573.0,cctv3,C3_S002,G019,EMPTY,EMPTY,0.01
573.0,cctv3,C3_S003,G020,OCCUPIED,OCCUPIED,0.8088528459722346
573.0,cctv3,C3_S004,G024,OCCUPIED,OCCUPIED,0.8267887597734278
573.0,cctv3,C3_S005,G025,OCCUPIED,OCCUPIED,0.8311405634338206
573.0,cctv3,C3_S006,G026,OCCUPIED,OCCUPIED,0.8245865068652414
573.0,cctv3,C3_S007,G027,OCCUPIED,OCCUPIED,0.7468904279849746
573.0,cctv3,C3_S008,G028,EMPTY,EMPTY,0.01
573.0,cctv3,C3_S009,G029,EMPTY,EMPTY,0.01
573.0,cctv3,C3_S010,G007,OCCUPIED,LEAVING,0.7159224100817334
573.0,cctv3,C3_S011,G008,OCCUPIED,OCCUPIED,0.7889293750578708
573.0,cctv3,C3_S012,G009,OCCUPIED,OCCUPIED,0.8274843736128374
574.0,cctv1,C1_S001,G001,OCCUPIED,OCCUPIED,0.7464622834189373
574.0,cctv1,C1_S002,G002,EMPTY,EMPTY,0.01
574.0,cctv1,C1_S003,G003,OCCUPIED,OCCUPIED,0.8387911850755866
574.0,cctv1,C1_S004,G004,OCCUPIED,OCCUPIED,0.7688244014978409
574.0,cctv1,C1_S005,G005,OCCUPIED,OCCUPIED,0.7871006778695367
574.0,cctv1,C1_S006,G006,EMPTY,EMPTY,0.01
574.0,cctv2,C2_S001,G007,OCCUPIED,OCCUPIED,0.7920301318168641
574.0,cctv2,C2_S002,G008,OCCUPIED,OCCUPIED,0.810785658793016
574.0,cctv2,C2_S003,G009,EMPTY,MANEUVERING,0.1731456359069456
574.0,cctv2,C2_S004,G010,OCCUPIED,OCCUPIED,0.7573858456178145
574.0,cctv2,C2_S005,G001,EMPTY,EMPTY,0.01
574.0,cctv2,C2_S006,G003,OCCUPIED,OCCUPIED,0.8182540820403533
574.0,cctv2,C2_S007,G004,OCCUPIED,OCCUPIED,0.7791868209838868
574.0,cctv2,C2_S008,G006,OCCUPIED,OCCUPIED,0.7718792319297791
574.0,cctv2,C2_S009,G005,OCCUPIED,OCCUPIED,0.7961235338991339
574.0,cctv2,C2_S010,G002,EMPTY,EMPTY,0.01
574.0,cctv2,C2_S011,G017,OCCUPIED,OCCUPIED,0.810216011242433
574.0,cctv2,C2_S012,G018,EMPTY,EMPTY,0.01
574.0,cctv2,C2_S013,G019,OCCUPIED,OCCUPIED,0.8202591332522307
574.0,cctv2,C2_S014,G020,EMPTY,EMPTY,0.01
574.0,cctv3,C3_S001,G021,OCCUPIED,OCCUPIED,0.8081616618416527
574.0,cctv3,C3_S002,G019,EMPTY,EMPTY,0.01
574.0,cctv3,C3_S003,G020,OCCUPIED,OCCUPIED,0.8109033435583115
574.0,cctv3,C3_S004,G024,OCCUPIED,OCCUPIED,0.8266225969249552
574.0,cctv3,C3_S005,G025,OCCUPIED,OCCUPIED,0.8310751524838536
574.0,cctv3,C3_S006,G026,OCCUPIED,OCCUPIED,0.8246242991902613
574.0,cctv3,C3_S007,G027,OCCUPIED,OCCUPIED,0.7461636306209999
574.0,cctv3,C3_S008,G028,EMPTY,EMPTY,0.01
574.0,cctv3,C3_S009,G029,EMPTY,EMPTY,0.01
574.0,cctv3,C3_S010,G007,OCCUPIED,LEAVING,0.7151598772812974
574.0,cctv3,C3_S011,G008,OCCUPIED,OCCUPIED,0.788770822367885
574.0,cctv3,C3_S012,G009,OCCUPIED,OCCUPIED,0.8271535239436411
575.0,cctv1,C1_S001,G001,OCCUPIED,OCCUPIED,0.748088549822569
575.0,cctv1,C1_S002,G002,EMPTY,EMPTY,0.01
575.0,cctv1,C1_S003,G003,OCCUPIED,OCCUPIED,0.8387711229649457
575.0,cctv1,C1_S004,G004,OCCUPIED,OCCUPIED,0.7678783538666639
575.0,cctv1,C1_S005,G005,OCCUPIED,OCCUPIED,0.7863270109350031
575.0,cctv1,C1_S006,G006,EMPTY,EMPTY,0.01
575.0,cctv2,C2_S001,G007,OCCUPIED,OCCUPIED,0.7922555674206128
575.0,cctv2,C2_S002,G008,OCCUPIED,OCCUPIED,0.8100231238386848
575.0,cctv2,C2_S003,G009,EMPTY,MANEUVERING,0.1731456359069456
575.0,cctv2,C2_S004,G010,OCCUPIED,OCCUPIED,0.7557389788329602
575.0,cctv2,C2_S005,G001,EMPTY,EMPTY,0.01
575.0,cctv2,C2_S006,G003,OCCUPIED,OCCUPIED,0.8183123152364384
575.0,cctv2,C2_S007,G004,OCCUPIED,OCCUPIED,0.7800864347002724
575.0,cctv2,C2_S008,G006,OCCUPIED,OCCUPIED,0.7726614461703735
575.0,cctv2,C2_S009,G005,OCCUPIED,OCCUPIED,0.7966455218466846
575.0,cctv2,C2_S010,G002,EMPTY,EMPTY,0.01
575.0,cctv2,C2_S011,G017,OCCUPIED,OCCUPIED,0.8099585167386316
575.0,cctv2,C2_S012,G018,EMPTY,MANEUVERING,0.2933494223247874
575.0,cctv2,C2_S013,G019,OCCUPIED,OCCUPIED,0.8210895045237109
575.0,cctv2,C2_S014,G020,EMPTY,EMPTY,0.01
575.0,cctv3,C3_S001,G021,OCCUPIED,OCCUPIED,0.8072556376457215
575.0,cctv3,C3_S002,G019,EMPTY,EMPTY,0.01
575.0,cctv3,C3_S003,G020,OCCUPIED,OCCUPIED,0.8111370054158298
575.0,cctv3,C3_S004,G024,OCCUPIED,OCCUPIED,0.8266362192955885
575.0,cctv3,C3_S005,G025,OCCUPIED,OCCUPIED,0.8311416850848632
575.0,cctv3,C3_S006,G026,OCCUPIED,OCCUPIED,0.8245845846154474
575.0,cctv3,C3_S007,G027,OCCUPIED,OCCUPIED,0.7441457594660196
575.0,cctv3,C3_S008,G028,EMPTY,EMPTY,0.01
575.0,cctv3,C3_S009,G029,EMPTY,EMPTY,0.01
575.0,cctv3,C3_S010,G007,OCCUPIED,LEAVING,0.7161498926986348
575.0,cctv3,C3_S011,G008,OCCUPIED,OCCUPIED,0.7889727138660172
575.0,cctv3,C3_S012,G009,OCCUPIED,OCCUPIED,0.8267645353620703
576.0,cctv1,C1_S001,G001,OCCUPIED,OCCUPIED,0.7467837701466951
576.0,cctv1,C1_S002,G002,EMPTY,EMPTY,0.01
576.0,cctv1,C1_S003,G003,OCCUPIED,OCCUPIED,0.8388232374733146
576.0,cctv1,C1_S004,G004,OCCUPIED,OCCUPIED,0.7664674603126267
576.0,cctv1,C1_S005,G005,OCCUPIED,OCCUPIED,0.7830350212075494
576.0,cctv1,C1_S006,G006,EMPTY,EMPTY,0.01
576.0,cctv2,C2_S001,G007,OCCUPIED,OCCUPIED,0.7955739208243111
576.0,cctv2,C2_S002,G008,OCCUPIED,OCCUPIED,0.8141526829112661
576.0,cctv2,C2_S003,G009,EMPTY,MANEUVERING,0.1731456359069456
576.0,cctv2,C2_S004,G010,OCCUPIED,OCCUPIED,0.7577621414580129
576.0,cctv2,C2_S005,G001,EMPTY,EMPTY,0.01
576.0,cctv2,C2_S006,G003,OCCUPIED,OCCUPIED,0.8181168659166856
576.0,cctv2,C2_S007,G004,OCCUPIED,OCCUPIED,0.780108774250204
576.0,cctv2,C2_S008,G006,OCCUPIED,OCCUPIED,0.773018559136174
576.0,cctv2,C2_S009,G005,OCCUPIED,OCCUPIED,0.7968468858437106
576.0,cctv2,C2_S010,G002,EMPTY,EMPTY,0.01
576.0,cctv2,C2_S011,G017,OCCUPIED,OCCUPIED,0.8096420981667259
576.0,cctv2,C2_S012,G018,EMPTY,MANEUVERING,0.2933494223247874
576.0,cctv2,C2_S013,G019,OCCUPIED,OCCUPIED,0.8215100180019033
576.0,cctv2,C2_S014,G020,EMPTY,EMPTY,0.01
576.0,cctv3,C3_S001,G021,OCCUPIED,OCCUPIED,0.8070624795826999
576.0,cctv3,C3_S002,G019,EMPTY,EMPTY,0.01
576.0,cctv3,C3_S003,G020,OCCUPIED,OCCUPIED,0.8119118809700013
576.0,cctv3,C3_S004,G024,OCCUPIED,OCCUPIED,0.8267064135182989
576.0,cctv3,C3_S005,G025,OCCUPIED,OCCUPIED,0.8311576263471083
576.0,cctv3,C3_S006,G026,OCCUPIED,OCCUPIED,0.8247639536857605
576.0,cctv3,C3_S007,G027,OCCUPIED,OCCUPIED,0.7440561732785269
576.0,cctv3,C3_S008,G028,EMPTY,EMPTY,0.01
576.0,cctv3,C3_S009,G029,EMPTY,EMPTY,0.01
576.0,cctv3,C3_S010,G007,OCCUPIED,OCCUPIED,0.7148864224959504
576.0,cctv3,C3_S011,G008,OCCUPIED,OCCUPIED,0.7884637175635859
576.0,cctv3,C3_S012,G009,OCCUPIED,OCCUPIED,0.8263550392606043
577.0,cctv1,C1_S001,G001,OCCUPIED,OCCUPIED,0.746952194991437
577.0,cctv1,C1_S002,G002,EMPTY,EMPTY,0.01
577.0,cctv1,C1_S003,G003,OCCUPIED,OCCUPIED,0.8386515484614806
577.0,cctv1,C1_S004,G004,OCCUPIED,OCCUPIED,0.7673234231092714
577.0,cctv1,C1_S005,G005,OCCUPIED,OCCUPIED,0.7847443466836757
577.0,cctv1,C1_S006,G006,EMPTY,EMPTY,0.01
577.0,cctv2,C2_S001,G007,OCCUPIED,OCCUPIED,0.7981579666787928
577.0,cctv2,C2_S002,G008,OCCUPIED,OCCUPIED,0.8140539410439405
577.0,cctv2,C2_S003,G009,EMPTY,MANEUVERING,0.1731456359069456
577.0,cctv2,C2_S004,G010,OCCUPIED,OCCUPIED,0.7584321653978392
577.0,cctv2,C2_S005,G001,EMPTY,EMPTY,0.01
577.0,cctv2,C2_S006,G003,OCCUPIED,OCCUPIED,0.8183463939211586
577.0,cctv2,C2_S007,G004,OCCUPIED,OCCUPIED,0.7795110785148361
577.0,cctv2,C2_S008,G006,OCCUPIED,OCCUPIED,0.7730052082376048
577.0,cctv2,C2_S009,G005,OCCUPIED,OCCUPIED,0.7977869106964632
577.0,cctv2,C2_S010,G002,EMPTY,EMPTY,0.01
577.0,cctv2,C2_S011,G017,OCCUPIED,OCCUPIED,0.8100445441224359
577.0,cctv2,C2_S012,G018,EMPTY,MANEUVERING,0.2933494223247874
577.0,cctv2,C2_S013,G019,OCCUPIED,OCCUPIED,0.820806019414555
577.0,cctv2,C2_S014,G020,EMPTY,EMPTY,0.01
577.0,cctv3,C3_S001,G021,OCCUPIED,OCCUPIED,0.8072790183804253
577.0,cctv3,C3_S002,G019,EMPTY,EMPTY,0.01
577.0,cctv3,C3_S003,G020,OCCUPIED,OCCUPIED,0.812349957227707
577.0,cctv3,C3_S004,G024,OCCUPIED,OCCUPIED,0.8267675703222102
577.0,cctv3,C3_S005,G025,OCCUPIED,OCCUPIED,0.8311372952027755
577.0,cctv3,C3_S006,G026,OCCUPIED,OCCUPIED,0.8249107713049109
577.0,cctv3,C3_S007,G027,OCCUPIED,OCCUPIED,0.7451306507668712
577.0,cctv3,C3_S008,G028,EMPTY,EMPTY,0.01
577.0,cctv3,C3_S009,G029,EMPTY,EMPTY,0.01
577.0,cctv3,C3_S010,G007,OCCUPIED,OCCUPIED,0.7124767073650252
577.0,cctv3,C3_S011,G008,OCCUPIED,OCCUPIED,0.7883571355180308
577.0,cctv3,C3_S012,G009,OCCUPIED,OCCUPIED,0.8253426475958392
578.0,cctv1,C1_S001,G001,OCCUPIED,OCCUPIED,0.7460801482877949
578.0,cctv1,C1_S002,G002,EMPTY,EMPTY,0.01
578.0,cctv1,C1_S003,G003,OCCUPIED,OCCUPIED,0.8384597380052914
578.0,cctv1,C1_S004,G004,OCCUPIED,OCCUPIED,0.7671777299859308
578.0,cctv1,C1_S005,G005,OCCUPIED,OCCUPIED,0.7866300761699677
578.0,cctv1,C1_S006,G006,EMPTY,EMPTY,0.01
578.0,cctv2,C2_S001,G007,OCCUPIED,OCCUPIED,0.7999684732068669
578.0,cctv2,C2_S002,G008,OCCUPIED,OCCUPIED,0.8153859569267794
578.0,cctv2,C2_S003,G009,EMPTY,MANEUVERING,0.1731456359069456
578.0,cctv2,C2_S004,G010,OCCUPIED,OCCUPIED,0.7574887288564986
578.0,cctv2,C2_S005,G001,EMPTY,EMPTY,0.01
578.0,cctv2,C2_S006,G003,OCCUPIED,OCCUPIED,0.8182650685310364
578.0,cctv2,C2_S007,G004,OCCUPIED,OCCUPIED,0.7788578191941435
578.0,cctv2,C2_S008,G006,OCCUPIED,OCCUPIED,0.7735938726501032
578.0,cctv2,C2_S009,G005,OCCUPIED,OCCUPIED,0.7976434360850941
578.0,cctv2,C2_S010,G002,EMPTY,EMPTY,0.01
578.0,cctv2,C2_S011,G017,OCCUPIED,OCCUPIED,0.8095305873589083
578.0,cctv2,C2_S012,G018,EMPTY,MANEUVERING,0.2933494223247874
578.0,cctv2,C2_S013,G019,OCCUPIED,OCCUPIED,0.8197709777138451
578.0,cctv2,C2_S014,G020,EMPTY,EMPTY,0.01
578.0,cctv3,C3_S001,G021,OCCUPIED,OCCUPIED,0.8068353314291348
578.0,cctv3,C3_S002,G019,EMPTY,EMPTY,0.01
578.0,cctv3,C3_S003,G020,OCCUPIED,OCCUPIED,0.8121873064474626
578.0,cctv3,C3_S004,G024,OCCUPIED,OCCUPIED,0.8270492867989974
578.0,cctv3,C3_S005,G025,OCCUPIED,OCCUPIED,0.8310973546721719
578.0,cctv3,C3_S006,G026,OCCUPIED,OCCUPIED,0.8249701147729701
578.0,cctv3,C3_S007,G027,OCCUPIED,OCCUPIED,0.7434093386612156
578.0,cctv3,C3_S008,G028,EMPTY,EMPTY,0.01
578.0,cctv3,C3_S009,G029,EMPTY,EMPTY,0.01
578.0,cctv3,C3_S010,G007,OCCUPIED,OCCUPIED,0.7092850362170827
578.0,cctv3,C3_S011,G008,OCCUPIED,OCCUPIED,0.7857317100871694
578.0,cctv3,C3_S012,G009,OCCUPIED,OCCUPIED,0.8245225581255826
579.0,cctv1,C1_S001,G001,OCCUPIED,OCCUPIED,0.7430588131601161
579.0,cctv1,C1_S002,G002,EMPTY,EMPTY,0.01
579.0,cctv1,C1_S003,G003,OCCUPIED,OCCUPIED,0.8384626819328829
579.0,cctv1,C1_S004,G004,OCCUPIED,OCCUPIED,0.7674233532764696
579.0,cctv1,C1_S005,G005,OCCUPIED,OCCUPIED,0.7858071273023433
579.0,cctv1,C1_S006,G006,EMPTY,EMPTY,0.01
579.0,cctv2,C2_S001,G007,OCCUPIED,OCCUPIED,0.8022146891463887
579.0,cctv2,C2_S002,G008,OCCUPIED,OCCUPIED,0.8213664409789173
579.0,cctv2,C2_S003,G009,EMPTY,MANEUVERING,0.1731456359069456
579.0,cctv2,C2_S004,G010,OCCUPIED,OCCUPIED,0.7558711479333314
579.0,cctv2,C2_S005,G001,EMPTY,EMPTY,0.01
579.0,cctv2,C2_S006,G003,OCCUPIED,OCCUPIED,0.8184131061488933
579.0,cctv2,C2_S007,G004,OCCUPIED,OCCUPIED,0.7789029510183768
579.0,cctv2,C2_S008,G006,OCCUPIED,OCCUPIED,0.7729236857457595
579.0,cctv2,C2_S009,G005,OCCUPIED,OCCUPIED,0.7981106029315429
579.0,cctv2,C2_S010,G002,EMPTY,EMPTY,0.01
579.0,cctv2,C2_S011,G017,OCCUPIED,OCCUPIED,0.8099302543835207
579.0,cctv2,C2_S012,G018,EMPTY,MANEUVERING,0.2483494223247875
579.0,cctv2,C2_S013,G019,OCCUPIED,OCCUPIED,0.8176974618976767
579.0,cctv2,C2_S014,G020,EMPTY,EMPTY,0.01
579.0,cctv3,C3_S001,G021,OCCUPIED,OCCUPIED,0.806182475252585
579.0,cctv3,C3_S002,G019,EMPTY,EMPTY,0.01
579.0,cctv3,C3_S003,G020,OCCUPIED,OCCUPIED,0.8129927388646386
579.0,cctv3,C3_S004,G024,OCCUPIED,OCCUPIED,0.827101506157355
579.0,cctv3,C3_S005,G025,OCCUPIED,OCCUPIED,0.831209684772925
579.0,cctv3,C3_S006,G026,OCCUPIED,OCCUPIED,0.8250739739699797
579.0,cctv3,C3_S007,G027,OCCUPIED,OCCUPIED,0.7433663395995445
579.0,cctv3,C3_S008,G028,EMPTY,EMPTY,0.01
579.0,cctv3,C3_S009,G029,EMPTY,EMPTY,0.01
579.0,cctv3,C3_S010,G007,OCCUPIED,OCCUPIED,0.7115813924778592
579.0,cctv3,C3_S011,G008,OCCUPIED,OCCUPIED,0.787133556062525
579.0,cctv3,C3_S012,G009,OCCUPIED,OCCUPIED,0.8245381856506522
580.0,cctv1,C1_S001,G001,OCCUPIED,OCCUPIED,0.7435672594065017
580.0,cctv1,C1_S002,G002,EMPTY,EMPTY,0.01
580.0,cctv1,C1_S003,G003,OCCUPIED,OCCUPIED,0.8384156229821119
580.0,cctv1,C1_S004,G004,OCCUPIED,OCCUPIED,0.7668999921191824
580.0,cctv1,C1_S005,G005,OCCUPIED,OCCUPIED,0.7825206954370846
580.0,cctv1,C1_S006,G006,EMPTY,EMPTY,0.01
580.0,cctv2,C2_S001,G007,OCCUPIED,OCCUPIED,0.8025714302604849
580.0,cctv2,C2_S002,G008,OCCUPIED,OCCUPIED,0.8231087031689558
580.0,cctv2,C2_S003,G009,EMPTY,EMPTY,0.01
580.0,cctv2,C2_S004,G010,OCCUPIED,OCCUPIED,0.7573670004579155
580.0,cctv2,C2_S005,G001,EMPTY,EMPTY,0.01
580.0,cctv2,C2_S006,G003,OCCUPIED,OCCUPIED,0.81866400485689
580.0,cctv2,C2_S007,G004,OCCUPIED,OCCUPIED,0.7785633158954708
580.0,cctv2,C2_S008,G006,OCCUPIED,OCCUPIED,0.7721297563476996
580.0,cctv2,C2_S009,G005,OCCUPIED,OCCUPIED,0.7986635078083386
580.0,cctv2,C2_S010,G002,EMPTY,EMPTY,0.01
580.0,cctv2,C2_S011,G017,OCCUPIED,OCCUPIED,0.8101756309921092
580.0,cctv2,C2_S012,G018,EMPTY,MANEUVERING,0.2483494223247875
580.0,cctv2,C2_S013,G019,OCCUPIED,OCCUPIED,0.8175188479098408
580.0,cctv2,C2_S014,G020,EMPTY,EMPTY,0.01
580.0,cctv3,C3_S001,G021,OCCUPIED,OCCUPIED,0.805850364132361
580.0,cctv3,C3_S002,G019,EMPTY,EMPTY,0.01
580.0,cctv3,C3_S003,G020,OCCUPIED,OCCUPIED,0.8140350712971255
580.0,cctv3,C3_S004,G024,OCCUPIED,OCCUPIED,0.8272047476335006
580.0,cctv3,C3_S005,G025,OCCUPIED,OCCUPIED,0.8313457361676477
580.0,cctv3,C3_S006,G026,OCCUPIED,OCCUPIED,0.8251163593747399
580.0,cctv3,C3_S007,G027,OCCUPIED,OCCUPIED,0.7430420198901134
580.0,cctv3,C3_S008,G028,EMPTY,EMPTY,0.01
580.0,cctv3,C3_S009,G029,EMPTY,EMPTY,0.01
580.0,cctv3,C3_S010,G007,OCCUPIED,OCCUPIED,0.7483262725851754
580.0,cctv3,C3_S011,G008,OCCUPIED,OCCUPIED,0.7866324535825037
580.0,cctv3,C3_S012,G009,OCCUPIED,OCCUPIED,0.8246315939859911
581.0,cctv1,C1_S001,G001,OCCUPIED,OCCUPIED,0.7412664621391081
581.0,cctv1,C1_S002,G002,EMPTY,EMPTY,0.01
581.0,cctv1,C1_S003,G003,OCCUPIED,OCCUPIED,0.8382870004935699
581.0,cctv1,C1_S004,G004,OCCUPIED,OCCUPIED,0.7668985120274805
581.0,cctv1,C1_S005,G005,OCCUPIED,OCCUPIED,0.7823363728143953
581.0,cctv1,C1_S006,G006,EMPTY,EMPTY,0.01
581.0,cctv2,C2_S001,G007,OCCUPIED,OCCUPIED,0.8027856127782302
581.0,cctv2,C2_S002,G008,OCCUPIED,OCCUPIED,0.8237692832946778
581.0,cctv2,C2_S003,G009,EMPTY,EMPTY,0.01
581.0,cctv2,C2_S004,G010,OCCUPIED,OCCUPIED,0.7611711559647865
581.0,cctv2,C2_S005,G001,EMPTY,EMPTY,0.01
581.0,cctv2,C2_S006,G003,OCCUPIED,OCCUPIED,0.8183869570493698
581.0,cctv2,C2_S007,G004,OCCUPIED,OCCUPIED,0.7791528963229873
581.0,cctv2,C2_S008,G006,OCCUPIED,OCCUPIED,0.7722741555083883
581.0,cctv2,C2_S009,G005,OCCUPIED,OCCUPIED,0.7973695297132839
581.0,cctv2,C2_S010,G002,EMPTY,EMPTY,0.01
581.0,cctv2,C2_S011,G017,OCCUPIED,OCCUPIED,0.8096935559402814
581.0,cctv2,C2_S012,G018,EMPTY,MANEUVERING,0.2483494223247875
581.0,cctv2,C2_S013,G019,OCCUPIED,OCCUPIED,0.818050322749398
581.0,cctv2,C2_S014,G020,EMPTY,EMPTY,0.01
581.0,cctv3,C3_S001,G021,OCCUPIED,OCCUPIED,0.8051688798449257
581.0,cctv3,C3_S002,G019,EMPTY,EMPTY,0.01
581.0,cctv3,C3_S003,G020,OCCUPIED,OCCUPIED,0.8154923268339851
581.0,cctv3,C3_S004,G024,OCCUPIED,OCCUPIED,0.8273940075527538
581.0,cctv3,C3_S005,G025,OCCUPIED,OCCUPIED,0.8314104310490869
581.0,cctv3,C3_S006,G026,OCCUPIED,OCCUPIED,0.8251557057554072
581.0,cctv3,C3_S007,G027,OCCUPIED,OCCUPIED,0.7432456763630564
581.0,cctv3,C3_S008,G028,EMPTY,EMPTY,0.01
581.0,cctv3,C3_S009,G029,EMPTY,EMPTY,0.01
581.0,cctv3,C3_S010,G007,OCCUPIED,OCCUPIED,0.7487015518275175
581.0,cctv3,C3_S011,G008,OCCUPIED,OCCUPIED,0.7853563073006544
581.0,cctv3,C3_S012,G009,OCCUPIED,OCCUPIED,0.8244020180268722
582.0,cctv1,C1_S001,G001,OCCUPIED,OCCUPIED,0.7406033087183129
582.0,cctv1,C1_S002,G002,EMPTY,EMPTY,0.01
582.0,cctv1,C1_S003,G003,OCCUPIED,OCCUPIED,0.8383037139068951
582.0,cctv1,C1_S004,G004,OCCUPIED,OCCUPIED,0.767002745108171
582.0,cctv1,C1_S005,G005,OCCUPIED,OCCUPIED,0.7804983679543842
582.0,cctv1,C1_S006,G006,EMPTY,EMPTY,0.01
582.0,cctv2,C2_S001,G007,OCCUPIED,OCCUPIED,0.8018989915197546
582.0,cctv2,C2_S002,G008,OCCUPIED,OCCUPIED,0.8239758580923081
582.0,cctv2,C2_S003,G009,EMPTY,EMPTY,0.01
582.0,cctv2,C2_S004,G010,OCCUPIED,OCCUPIED,0.7623906763439829
582.0,cctv2,C2_S005,G001,EMPTY,EMPTY,0.01
582.0,cctv2,C2_S006,G003,OCCUPIED,OCCUPIED,0.8185513268817556
582.0,cctv2,C2_S007,G004,OCCUPIED,OCCUPIED,0.7800396264954047
582.0,cctv2,C2_S008,G006,OCCUPIED,OCCUPIED,0.7712034997614948
582.0,cctv2,C2_S009,G005,OCCUPIED,OCCUPIED,0.7960570159283552
582.0,cctv2,C2_S010,G002,EMPTY,EMPTY,0.01
582.0,cctv2,C2_S011,G017,OCCUPIED,OCCUPIED,0.8097597422924909
582.0,cctv2,C2_S012,G018,EMPTY,MANEUVERING,0.2483494223247875
582.0,cctv2,C2_S013,G019,OCCUPIED,OCCUPIED,0.819989777695049
582.0,cctv2,C2_S014,G020,EMPTY,EMPTY,0.01
582.0,cctv3,C3_S001,G021,OCCUPIED,OCCUPIED,0.804645616628907
582.0,cctv3,C3_S002,G019,EMPTY,EMPTY,0.01
582.0,cctv3,C3_S003,G020,OCCUPIED,OCCUPIED,0.8158098938790235
582.0,cctv3,C3_S004,G024,OCCUPIED,OCCUPIED,0.827602569623427
582.0,cctv3,C3_S005,G025,OCCUPIED,OCCUPIED,0.8314852858131583
582.0,cctv3,C3_S006,G026,OCCUPIED,OCCUPIED,0.8250764936208725
582.0,cctv3,C3_S007,G027,OCCUPIED,OCCUPIED,0.7459174300459299
582.0,cctv3,C3_S008,G028,EMPTY,EMPTY,0.01
582.0,cctv3,C3_S009,G029,EMPTY,EMPTY,0.01
582.0,cctv3,C3_S010,G007,OCCUPIED,OCCUPIED,0.7500374292785472
582.0,cctv3,C3_S011,G008,OCCUPIED,OCCUPIED,0.7865001584995878
582.0,cctv3,C3_S012,G009,OCCUPIED,OCCUPIED,0.8246146562424573
583.0,cctv1,C1_S001,G001,OCCUPIED,OCCUPIED,0.7394906505942346
583.0,cctv1,C1_S002,G002,EMPTY,EMPTY,0.01
583.0,cctv1,C1_S003,G003,OCCUPIED,OCCUPIED,0.8383188383145767
583.0,cctv1,C1_S004,G004,OCCUPIED,OCCUPIED,0.7661357234824788
583.0,cctv1,C1_S005,G005,OCCUPIED,OCCUPIED,0.776038959351453
583.0,cctv1,C1_S006,G006,EMPTY,EMPTY,0.01
583.0,cctv2,C2_S001,G007,OCCUPIED,OCCUPIED,0.8017028570175172
583.0,cctv2,C2_S002,G008,OCCUPIED,OCCUPIED,0.8240845663981005
583.0,cctv2,C2_S003,G009,EMPTY,EMPTY,0.01
583.0,cctv2,C2_S004,G010,OCCUPIED,OCCUPIED,0.7632046150212939
583.0,cctv2,C2_S005,G001,EMPTY,EMPTY,0.01
583.0,cctv2,C2_S006,G003,OCCUPIED,OCCUPIED,0.8189991086721421
583.0,cctv2,C2_S007,G004,OCCUPIED,OCCUPIED,0.7808875816789541
583.0,cctv2,C2_S008,G006,OCCUPIED,OCCUPIED,0.7709942464124073
583.0,cctv2,C2_S009,G005,OCCUPIED,OCCUPIED,0.7965892434120179
583.0,cctv2,C2_S010,G002,EMPTY,EMPTY,0.01
583.0,cctv2,C2_S011,G017,OCCUPIED,OCCUPIED,0.8099707240408118
583.0,cctv2,C2_S012,G018,EMPTY,MANEUVERING,0.2483494223247875
583.0,cctv2,C2_S013,G019,OCCUPIED,OCCUPIED,0.820270386338234
583.0,cctv2,C2_S014,G020,EMPTY,EMPTY,0.01
583.0,cctv3,C3_S001,G021,OCCUPIED,OCCUPIED,0.8044607352126729
583.0,cctv3,C3_S002,G019,EMPTY,EMPTY,0.01
583.0,cctv3,C3_S003,G020,OCCUPIED,OCCUPIED,0.8139262508262288
583.0,cctv3,C3_S004,G024,OCCUPIED,OCCUPIED,0.8278561025857926
583.0,cctv3,C3_S005,G025,OCCUPIED,OCCUPIED,0.8315525580536236
583.0,cctv3,C3_S006,G026,OCCUPIED,OCCUPIED,0.8251516548070041
583.0,cctv3,C3_S007,G027,OCCUPIED,OCCUPIED,0.7463934250175953
583.0,cctv3,C3_S008,G028,EMPTY,EMPTY,0.01
583.0,cctv3,C3_S009,G029,EMPTY,EMPTY,0.01
583.0,cctv3,C3_S010,G007,OCCUPIED,OCCUPIED,0.7493902069601146
583.0,cctv3,C3_S011,G008,OCCUPIED,OCCUPIED,0.7861334517598153
583.0,cctv3,C3_S012,G009,OCCUPIED,OCCUPIED,0.8243728103962812
584.0,cctv1,C1_S001,G001,OCCUPIED,OCCUPIED,0.7381232846189629
584.0,cctv1,C1_S002,G002,EMPTY,EMPTY,0.01
584.0,cctv1,C1_S003,G003,OCCUPIED,OCCUPIED,0.8383081395517696
584.0,cctv1,C1_S004,G004,OCCUPIED,OCCUPIED,0.7658421138470823
584.0,cctv1,C1_S005,G005,OCCUPIED,OCCUPIED,0.775723453543403
584.0,cctv1,C1_S006,G006,EMPTY,EMPTY,0.01
584.0,cctv2,C2_S001,G007,OCCUPIED,OCCUPIED,0.8014934569597245
584.0,cctv2,C2_S002,G008,OCCUPIED,OCCUPIED,0.8235201507806779
584.0,cctv2,C2_S003,G009,EMPTY,EMPTY,0.01
584.0,cctv2,C2_S004,G010,OCCUPIED,OCCUPIED,0.763856529173526
584.0,cctv2,C2_S005,G001,EMPTY,EMPTY,0.01
584.0,cctv2,C2_S006,G003,OCCUPIED,OCCUPIED,0.8180742074142804
584.0,cctv2,C2_S007,G004,OCCUPIED,OCCUPIED,0.7813965316523206
584.0,cctv2,C2_S008,G006,OCCUPIED,OCCUPIED,0.7711576051332735
584.0,cctv2,C2_S009,G005,OCCUPIED,OCCUPIED,0.7955577056516301
584.0,cctv2,C2_S010,G002,EMPTY,EMPTY,0.01
584.0,cctv2,C2_S011,G017,OCCUPIED,OCCUPIED,0.8095756533471021
584.0,cctv2,C2_S012,G018,EMPTY,MANEUVERING,0.2483494223247875
584.0,cctv2,C2_S013,G019,OCCUPIED,OCCUPIED,0.8212751792235808
584.0,cctv2,C2_S014,G020,EMPTY,EMPTY,0.01
584.0,cctv3,C3_S001,G021,OCCUPIED,OCCUPIED,0.8044974237680436
584.0,cctv3,C3_S002,G019,EMPTY,EMPTY,0.01
584.0,cctv3,C3_S003,G020,OCCUPIED,OCCUPIED,0.8141751817681573
584.0,cctv3,C3_S004,G024,OCCUPIED,OCCUPIED,0.8282560687173497
584.0,cctv3,C3_S005,G025,OCCUPIED,OCCUPIED,0.831500620733608
584.0,cctv3,C3_S006,G026,OCCUPIED,OCCUPIED,0.8254331989721819
584.0,cctv3,C3_S007,G027,OCCUPIED,OCCUPIED,0.732325328659605
584.0,cctv3,C3_S008,G028,EMPTY,MANEUVERING,0.1465739414908669
584.0,cctv3,C3_S009,G029,EMPTY,EMPTY,0.01
584.0,cctv3,C3_S010,G007,OCCUPIED,LEAVING,0.6560524108193138
584.0,cctv3,C3_S011,G008,OCCUPIED,OCCUPIED,0.7865499289198356
584.0,cctv3,C3_S012,G009,OCCUPIED,OCCUPIED,0.8238708837465807
585.0,cctv1,C1_S001,G001,OCCUPIED,OCCUPIED,0.7371214592321353
585.0,cctv1,C1_S002,G002,EMPTY,EMPTY,0.01
585.0,cctv1,C1_S003,G003,OCCUPIED,OCCUPIED,0.8382507987997749
585.0,cctv1,C1_S004,G004,OCCUPIED,OCCUPIED,0.7657359780235724
585.0,cctv1,C1_S005,G005,OCCUPIED,OCCUPIED,0.7756182101639835
585.0,cctv1,C1_S006,G006,EMPTY,EMPTY,0.01
585.0,cctv2,C2_S001,G007,OCCUPIED,OCCUPIED,0.8021638401530007
585.0,cctv2,C2_S002,G008,OCCUPIED,OCCUPIED,0.8234521990472621
585.0,cctv2,C2_S003,G009,EMPTY,EMPTY,0.01
585.0,cctv2,C2_S004,G010,OCCUPIED,OCCUPIED,0.7621631165119735
585.0,cctv2,C2_S005,G001,EMPTY,EMPTY,0.01
585.0,cctv2,C2_S006,G003,OCCUPIED,OCCUPIED,0.8179371132092043
585.0,cctv2,C2_S007,G004,OCCUPIED,OCCUPIED,0.7822404139421204
585.0,cctv2,C2_S008,G006,OCCUPIED,OCCUPIED,0.7722365631298586
585.0,cctv2,C2_S009,G005,OCCUPIED,OCCUPIED,0.7954635601152074
585.0,cctv2,C2_S010,G002,EMPTY,EMPTY,0.01
585.0,cctv2,C2_S011,G017,OCCUPIED,OCCUPIED,0.8096142413941297
585.0,cctv2,C2_S012,G018,EMPTY,MANEUVERING,0.2483494223247875
585.0,cctv2,C2_S013,G019,OCCUPIED,OCCUPIED,0.8225395075299524
585.0,cctv2,C2_S014,G020,EMPTY,EMPTY,0.01
585.0,cctv3,C3_S001,G021,OCCUPIED,OCCUPIED,0.805053366043351
585.0,cctv3,C3_S002,G019,EMPTY,EMPTY,0.01
585.0,cctv3,C3_S003,G020,OCCUPIED,OCCUPIED,0.8128489570184187
585.0,cctv3,C3_S004,G024,OCCUPIED,OCCUPIED,0.8284501818093387
585.0,cctv3,C3_S005,G025,OCCUPIED,OCCUPIED,0.8315165107900446
585.0,cctv3,C3_S006,G026,OCCUPIED,OCCUPIED,0.8254395354877819
585.0,cctv3,C3_S007,G027,OCCUPIED,LEAVING,0.733374757973308
585.0,cctv3,C3_S008,G028,EMPTY,MANEUVERING,0.1465739414908669
585.0,cctv3,C3_S009,G029,EMPTY,EMPTY,0.01
585.0,cctv3,C3_S010,G007,OCCUPIED,LEAVING,0.6554695743999699
585.0,cctv3,C3_S011,G008,OCCUPIED,OCCUPIED,0.7851435443217105
585.0,cctv3,C3_S012,G009,OCCUPIED,OCCUPIED,0.8239178768613122
586.0,cctv1,C1_S001,G001,OCCUPIED,OCCUPIED,0.7350941050459039
586.0,cctv1,C1_S002,G002,EMPTY,EMPTY,0.01
586.0,cctv1,C1_S003,G003,OCCUPIED,OCCUPIED,0.8382000067017296
586.0,cctv1,C1_S004,G004,OCCUPIED,OCCUPIED,0.7661756855520336
586.0,cctv1,C1_S005,G005,OCCUPIED,OCCUPIED,0.7764289200305939
586.0,cctv1,C1_S006,G006,EMPTY,EMPTY,0.01
586.0,cctv2,C2_S001,G007,OCCUPIED,OCCUPIED,0.8011694985357198
586.0,cctv2,C2_S002,G008,OCCUPIED,OCCUPIED,0.8257338567213579
586.0,cctv2,C2_S003,G009,EMPTY,EMPTY,0.01
586.0,cctv2,C2_S004,G010,OCCUPIED,OCCUPIED,0.7665159266103398
586.0,cctv2,C2_S005,G001,EMPTY,EMPTY,0.01
586.0,cctv2,C2_S006,G003,OCCUPIED,OCCUPIED,0.8180833968249235
586.0,cctv2,C2_S007,G004,OCCUPIED,OCCUPIED,0.7823373790491712
586.0,cctv2,C2_S008,G006,OCCUPIED,OCCUPIED,0.7727891510183161
586.0,cctv2,C2_S009,G005,OCCUPIED,OCCUPIED,0.7946342284029181
586.0,cctv2,C2_S010,G002,EMPTY,EMPTY,0.01
586.0,cctv2,C2_S011,G017,OCCUPIED,OCCUPIED,0.8096800611777739
586.0,cctv2,C2_S012,G018,EMPTY,EMPTY,0.01
586.0,cctv2,C2_S013,G019,OCCUPIED,OCCUPIED,0.8227683137763631
586.0,cctv2,C2_S014,G020,EMPTY,EMPTY,0.01
586.0,cctv3,C3_S001,G021,OCCUPIED,OCCUPIED,0.8055470558730039
586.0,cctv3,C3_S002,G019,EMPTY,EMPTY,0.01
586.0,cctv3,C3_S003,G020,OCCUPIED,OCCUPIED,0.8135790843855252
586.0,cctv3,C3_S004,G024,OCCUPIED,OCCUPIED,0.8286366237835452
586.0,cctv3,C3_S005,G025,OCCUPIED,OCCUPIED,0.831561940908432
586.0,cctv3,C3_S006,G026,OCCUPIED,OCCUPIED,0.8255285100503402
586.0,cctv3,C3_S007,G027,OCCUPIED,LEAVING,0.7335658826374196
586.0,cctv3,C3_S008,G028,EMPTY,MANEUVERING,0.1465739414908669
586.0,cctv3,C3_S009,G029,EMPTY,EMPTY,0.01
586.0,cctv3,C3_S010,G007,OCCUPIED,LEAVING,0.6539764543555
586.0,cctv3,C3_S011,G008,OCCUPIED,OCCUPIED,0.7851873740553856
586.0,cctv3,C3_S012,G009,OCCUPIED,OCCUPIED,0.8238864641297948
587.0,cctv1,C1_S001,G001,OCCUPIED,OCCUPIED,0.7368491512130608
587.0,cctv1,C1_S002,G002,EMPTY,EMPTY,0.01
587.0,cctv1,C1_S003,G003,OCCUPIED,OCCUPIED,0.8380364309657704
587.0,cctv1,C1_S004,G004,OCCUPIED,OCCUPIED,0.766518429599025
587.0,cctv1,C1_S005,G005,OCCUPIED,OCCUPIED,0.7781920465556058
587.0,cctv1,C1_S006,G006,EMPTY,EMPTY,0.01
587.0,cctv2,C2_S001,G007,OCCUPIED,OCCUPIED,0.7984340980648995
587.0,cctv2,C2_S002,G008,OCCUPIED,OCCUPIED,0.8228164130991156
587.0,cctv2,C2_S003,G009,EMPTY,EMPTY,0.01
587.0,cctv2,C2_S004,G010,OCCUPIED,OCCUPIED,0.7652891252528538
587.0,cctv2,C2_S005,G001,EMPTY,EMPTY,0.01
587.0,cctv2,C2_S006,G003,OCCUPIED,OCCUPIED,0.8179262941533869
587.0,cctv2,C2_S007,G004,OCCUPIED,OCCUPIED,0.7826431313698943
587.0,cctv2,C2_S008,G006,OCCUPIED,OCCUPIED,0.7724696535955776
587.0,cctv2,C2_S009,G005,OCCUPIED,OCCUPIED,0.7948821165344933
587.0,cctv2,C2_S010,G002,EMPTY,EMPTY,0.01
587.0,cctv2,C2_S011,G017,OCCUPIED,OCCUPIED,0.8091312105005438
587.0,cctv2,C2_S012,G018,EMPTY,EMPTY,0.01
587.0,cctv2,C2_S013,G019,OCCUPIED,OCCUPIED,0.8242733492092653
587.0,cctv2,C2_S014,G020,EMPTY,EMPTY,0.01
587.0,cctv3,C3_S001,G021,OCCUPIED,OCCUPIED,0.8048937038941817
587.0,cctv3,C3_S002,G019,EMPTY,EMPTY,0.01
587.0,cctv3,C3_S003,G020,OCCUPIED,OCCUPIED,0.812303133986213
587.0,cctv3,C3_S004,G024,OCCUPIED,OCCUPIED,0.8286185286261819
587.0,cctv3,C3_S005,G025,OCCUPIED,OCCUPIED,0.8314871836792339
587.0,cctv3,C3_S006,G026,OCCUPIED,OCCUPIED,0.8255788567391309
587.0,cctv3,C3_S007,G027,OCCUPIED,LEAVING,0.7337157815457747
587.0,cctv3,C3_S008,G028,EMPTY,MANEUVERING,0.1465739414908669
587.0,cctv3,C3_S009,G029,EMPTY,EMPTY,0.01
587.0,cctv3,C3_S010,G007,OCCUPIED,LEAVING,0.6522148744694212
587.0,cctv3,C3_S011,G008,OCCUPIED,OCCUPIED,0.7841334886171601
587.0,cctv3,C3_S012,G009,OCCUPIED,OCCUPIED,0.8242961829358881
588.0,cctv1,C1_S001,G001,OCCUPIED,OCCUPIED,0.7367806175215679
588.0,cctv1,C1_S002,G002,EMPTY,EMPTY,0.01
588.0,cctv1,C1_S003,G003,OCCUPIED,OCCUPIED,0.8382358085025441
588.0,cctv1,C1_S004,G004,OCCUPIED,OCCUPIED,0.7661037686196241
588.0,cctv1,C1_S005,G005,OCCUPIED,OCCUPIED,0.7776441192085093
588.0,cctv1,C1_S006,G006,EMPTY,EMPTY,0.01
588.0,cctv2,C2_S001,G007,OCCUPIED,OCCUPIED,0.7967385534535756
588.0,cctv2,C2_S002,G008,OCCUPIED,OCCUPIED,0.8228768725286831
588.0,cctv2,C2_S003,G009,EMPTY,EMPTY,0.01
588.0,cctv2,C2_S004,G010,OCCUPIED,OCCUPIED,0.7662190511822701
588.0,cctv2,C2_S005,G001,EMPTY,EMPTY,0.01
588.0,cctv2,C2_S006,G003,OCCUPIED,OCCUPIED,0.8176224673336203
588.0,cctv2,C2_S007,G004,OCCUPIED,OCCUPIED,0.7828514069318772
588.0,cctv2,C2_S008,G006,OCCUPIED,OCCUPIED,0.7717496796087786
588.0,cctv2,C2_S009,G005,OCCUPIED,OCCUPIED,0.7938171129335058
588.0,cctv2,C2_S010,G002,EMPTY,EMPTY,0.01
588.0,cctv2,C2_S011,G017,OCCUPIED,OCCUPIED,0.8086134506897493
588.0,cctv2,C2_S012,G018,EMPTY,EMPTY,0.01
588.0,cctv2,C2_S013,G019,OCCUPIED,OCCUPIED,0.8253212939609181
588.0,cctv2,C2_S014,G020,EMPTY,EMPTY,0.01
588.0,cctv3,C3_S001,G021,OCCUPIED,OCCUPIED,0.8042253616181287
588.0,cctv3,C3_S002,G019,EMPTY,EMPTY,0.01
588.0,cctv3,C3_S003,G020,OCCUPIED,OCCUPIED,0.8121979978951541
588.0,cctv3,C3_S004,G024,OCCUPIED,OCCUPIED,0.8286645935340362
588.0,cctv3,C3_S005,G025,OCCUPIED,OCCUPIED,0.8315285693515432
588.0,cctv3,C3_S006,G026,OCCUPIED,OCCUPIED,0.825497059117664
588.0,cctv3,C3_S007,G027,OCCUPIED,LEAVING,0.7323608451709153
588.0,cctv3,C3_S008,G028,EMPTY,MANEUVERING,0.1015739414908669
588.0,cctv3,C3_S009,G029,EMPTY,MANEUVERING,0.1045174808122895
588.0,cctv3,C3_S010,G007,OCCUPIED,LEAVING,0.6058830420537429
588.0,cctv3,C3_S011,G008,OCCUPIED,OCCUPIED,0.7850612655282021
588.0,cctv3,C3_S012,G009,OCCUPIED,OCCUPIED,0.8250532079826702
589.0,cctv1,C1_S001,G001,OCCUPIED,OCCUPIED,0.7337819974530828
589.0,cctv1,C1_S002,G002,EMPTY,EMPTY,0.01
589.0,cctv1,C1_S003,G003,OCCUPIED,OCCUPIED,0.8384230006824841
589.0,cctv1,C1_S004,G004,OCCUPIED,OCCUPIED,0.7651383022015745
589.0,cctv1,C1_S005,G005,OCCUPIED,OCCUPIED,0.7779239378192209
589.0,cctv1,C1_S006,G006,EMPTY,EMPTY,0.01
589.0,cctv2,C2_S001,G007,OCCUPIED,OCCUPIED,0.7141258266974579
589.0,cctv2,C2_S002,G008,OCCUPIED,OCCUPIED,0.8204273532737386
589.0,cctv2,C2_S003,G009,EMPTY,EMPTY,0.01
589.0,cctv2,C2_S004,G010,OCCUPIED,OCCUPIED,0.7638800064271147
589.0,cctv2,C2_S005,G001,EMPTY,EMPTY,0.01
589.0,cctv2,C2_S006,G003,OCCUPIED,OCCUPIED,0.8174664245410399
589.0,cctv2,C2_S007,G004,OCCUPIED,OCCUPIED,0.7833516169678082
589.0,cctv2,C2_S008,G006,OCCUPIED,OCCUPIED,0.7727680042386056
589.0,cctv2,C2_S009,G005,OCCUPIED,OCCUPIED,0.795689818263054
589.0,cctv2,C2_S010,G002,EMPTY,EMPTY,0.01
589.0,cctv2,C2_S011,G017,OCCUPIED,OCCUPIED,0.8092269637367943
589.0,cctv2,C2_S012,G018,EMPTY,MANEUVERING,0.2857598168741573
589.0,cctv2,C2_S013,G019,OCCUPIED,OCCUPIED,0.829299867424098
589.0,cctv2,C2_S014,G020,EMPTY,EMPTY,0.01
589.0,cctv3,C3_S001,G021,OCCUPIED,OCCUPIED,0.8030916536396201
589.0,cctv3,C3_S002,G019,EMPTY,EMPTY,0.01
589.0,cctv3,C3_S003,G020,OCCUPIED,OCCUPIED,0.8121114259416408
589.0,cctv3,C3_S004,G024,OCCUPIED,OCCUPIED,0.8280311435461045
589.0,cctv3,C3_S005,G025,OCCUPIED,OCCUPIED,0.8315098377791319
589.0,cctv3,C3_S006,G026,OCCUPIED,OCCUPIED,0.8253661226142537
589.0,cctv3,C3_S007,G027,OCCUPIED,LEAVING,0.7339481163194235
589.0,cctv3,C3_S008,G028,EMPTY,MANEUVERING,0.1015739414908669
589.0,cctv3,C3_S009,G029,EMPTY,MANEUVERING,0.1045174808122895
589.0,cctv3,C3_S010,G007,OCCUPIED,LEAVING,0.609630401716991
589.0,cctv3,C3_S011,G008,OCCUPIED,OCCUPIED,0.787572274424813
589.0,cctv3,C3_S012,G009,OCCUPIED,OCCUPIED,0.825976856730201
590.0,cctv1,C1_S001,G001,OCCUPIED,OCCUPIED,0.734214747697115
590.0,cctv1,C1_S002,G002,EMPTY,EMPTY,0.01
590.0,cctv1,C1_S003,G003,OCCUPIED,OCCUPIED,0.8385467821901496
590.0,cctv1,C1_S004,G004,OCCUPIED,OCCUPIED,0.7655689788135616
590.0,cctv1,C1_S005,G005,OCCUPIED,OCCUPIED,0.7778786483136091
590.0,cctv1,C1_S006,G006,EMPTY,EMPTY,0.01
590.0,cctv2,C2_S001,G007,OCCUPIED,OCCUPIED,0.7112077129293572
590.0,cctv2,C2_S002,G008,OCCUPIED,OCCUPIED,0.8194082707166672
590.0,cctv2,C2_S003,G009,EMPTY,EMPTY,0.01
590.0,cctv2,C2_S004,G010,OCCUPIED,OCCUPIED,0.7643233227458868
590.0,cctv2,C2_S005,G001,EMPTY,EMPTY,0.01
590.0,cctv2,C2_S006,G003,OCCUPIED,OCCUPIED,0.8177120807495984
590.0,cctv2,C2_S007,G004,OCCUPIED,OCCUPIED,0.7841050787405535
590.0,cctv2,C2_S008,G006,OCCUPIED,OCCUPIED,0.7725467597896403
590.0,cctv2,C2_S009,G005,OCCUPIED,OCCUPIED,0.7955425186590716
590.0,cctv2,C2_S010,G002,EMPTY,EMPTY,0.01
590.0,cctv2,C2_S011,G017,OCCUPIED,OCCUPIED,0.8099734997207468
590.0,cctv2,C2_S012,G018,EMPTY,MANEUVERING,0.2857598168741573
590.0,cctv2,C2_S013,G019,OCCUPIED,OCCUPIED,0.8311323241754012
590.0,cctv2,C2_S014,G020,EMPTY,EMPTY,0.01
590.0,cctv3,C3_S001,G021,OCCUPIED,OCCUPIED,0.8033174972642553
590.0,cctv3,C3_S002,G019,EMPTY,EMPTY,0.01
590.0,cctv3,C3_S003,G020,OCCUPIED,OCCUPIED,0.8122384439815176
590.0,cctv3,C3_S004,G024,OCCUPIED,OCCUPIED,0.8280433256517757
590.0,cctv3,C3_S005,G025,OCCUPIED,OCCUPIED,0.8314563285220754
590.0,cctv3,C3_S006,G026,OCCUPIED,OCCUPIED,0.8252275255593388
590.0,cctv3,C3_S007,G027,OCCUPIED,LEAVING,0.7349536512825978
590.0,cctv3,C3_S008,G028,EMPTY,MANEUVERING,0.1015739414908669
590.0,cctv3,C3_S009,G029,EMPTY,MANEUVERING,0.1045174808122895
590.0,cctv3,C3_S010,G007,OCCUPIED,LEAVING,0.6109315845234828
590.0,cctv3,C3_S011,G008,OCCUPIED,OCCUPIED,0.7866773813962937
590.0,cctv3,C3_S012,G009,OCCUPIED,OCCUPIED,0.8260070055723191
591.0,cctv1,C1_S001,G001,OCCUPIED,OCCUPIED,0.7363013917072253
591.0,cctv1,C1_S002,G002,EMPTY,EMPTY,0.01
591.0,cctv1,C1_S003,G003,OCCUPIED,OCCUPIED,0.8384797619147735
591.0,cctv1,C1_S004,G004,OCCUPIED,OCCUPIED,0.7667607155713169
591.0,cctv1,C1_S005,G005,OCCUPIED,OCCUPIED,0.7799430657516827
591.0,cctv1,C1_S006,G006,EMPTY,EMPTY,0.01
591.0,cctv2,C2_S001,G007,OCCUPIED,OCCUPIED,0.7091489413787018
591.0,cctv2,C2_S002,G008,OCCUPIED,OCCUPIED,0.8198480774055829
591.0,cctv2,C2_S003,G009,EMPTY,EMPTY,0.01
591.0,cctv2,C2_S004,G010,OCCUPIED,OCCUPIED,0.7631050183014437
591.0,cctv2,C2_S005,G001,EMPTY,EMPTY,0.01
591.0,cctv2,C2_S006,G003,OCCUPIED,OCCUPIED,0.8176394123922696
591.0,cctv2,C2_S007,G004,OCCUPIED,OCCUPIED,0.7845867839726536
591.0,cctv2,C2_S008,G006,OCCUPIED,OCCUPIED,0.7725877955555916
591.0,cctv2,C2_S009,G005,OCCUPIED,OCCUPIED,0.7957297547297045
591.0,cctv2,C2_S010,G002,EMPTY,EMPTY,0.01
591.0,cctv2,C2_S011,G017,OCCUPIED,OCCUPIED,0.8098468246785078
591.0,cctv2,C2_S012,G018,EMPTY,MANEUVERING,0.2857598168741573
591.0,cctv2,C2_S013,G019,OCCUPIED,OCCUPIED,0.8312469154596329
591.0,cctv2,C2_S014,G020,EMPTY,EMPTY,0.01
591.0,cctv3,C3_S001,G021,OCCUPIED,OCCUPIED,0.8039785041050478
591.0,cctv3,C3_S002,G019,EMPTY,EMPTY,0.01
591.0,cctv3,C3_S003,G020,OCCUPIED,OCCUPIED,0.8102059781551362
591.0,cctv3,C3_S004,G024,OCCUPIED,OCCUPIED,0.828025045990944
591.0,cctv3,C3_S005,G025,OCCUPIED,OCCUPIED,0.8314142666079782
591.0,cctv3,C3_S006,G026,OCCUPIED,OCCUPIED,0.8250837339596315
591.0,cctv3,C3_S007,G027,OCCUPIED,LEAVING,0.7354672357880258
591.0,cctv3,C3_S008,G028,EMPTY,MANEUVERING,0.1015739414908669
591.0,cctv3,C3_S009,G029,EMPTY,MANEUVERING,0.1045174808122895
591.0,cctv3,C3_S010,G007,OCCUPIED,LEAVING,0.6091845150156455
591.0,cctv3,C3_S011,G008,OCCUPIED,OCCUPIED,0.7857888480479067
591.0,cctv3,C3_S012,G009,OCCUPIED,OCCUPIED,0.8255923222411763
592.0,cctv1,C1_S001,G001,OCCUPIED,OCCUPIED,0.7346340326422995
592.0,cctv1,C1_S002,G002,EMPTY,EMPTY,0.01
592.0,cctv1,C1_S003,G003,OCCUPIED,OCCUPIED,0.8385301573710009
592.0,cctv1,C1_S004,G004,OCCUPIED,OCCUPIED,0.7671519734642723
592.0,cctv1,C1_S005,G005,OCCUPIED,OCCUPIED,0.7813541340557012
592.0,cctv1,C1_S006,G006,EMPTY,EMPTY,0.01
592.0,cctv2,C2_S001,G007,OCCUPIED,OCCUPIED,0.708141721825708
592.0,cctv2,C2_S002,G008,OCCUPIED,OCCUPIED,0.8204781665043398
592.0,cctv2,C2_S003,G009,EMPTY,EMPTY,0.01
592.0,cctv2,C2_S004,G010,OCCUPIED,OCCUPIED,0.7638999153267254
592.0,cctv2,C2_S005,G001,EMPTY,EMPTY,0.01
592.0,cctv2,C2_S006,G003,OCCUPIED,OCCUPIED,0.8177520887418227
592.0,cctv2,C2_S007,G004,OCCUPIED,OCCUPIED,0.7832840273326094
592.0,cctv2,C2_S008,G006,OCCUPIED,OCCUPIED,0.7723006370392713
592.0,cctv2,C2_S009,G005,OCCUPIED,OCCUPIED,0.7955415945161474
592.0,cctv2,C2_S010,G002,EMPTY,EMPTY,0.01
592.0,cctv2,C2_S011,G017,OCCUPIED,OCCUPIED,0.8104221121831374
592.0,cctv2,C2_S012,G018,EMPTY,MANEUVERING,0.2857598168741573
592.0,cctv2,C2_S013,G019,OCCUPIED,OCCUPIED,0.8317586793140932
592.0,cctv2,C2_S014,G020,EMPTY,EMPTY,0.01
592.0,cctv3,C3_S001,G021,OCCUPIED,OCCUPIED,0.805331762270494
592.0,cctv3,C3_S002,G019,EMPTY,EMPTY,0.01
592.0,cctv3,C3_S003,G020,OCCUPIED,OCCUPIED,0.8103235028006814
592.0,cctv3,C3_S004,G024,OCCUPIED,OCCUPIED,0.8280598342418671
592.0,cctv3,C3_S005,G025,OCCUPIED,OCCUPIED,0.8314107049595226
592.0,cctv3,C3_S006,G026,OCCUPIED,OCCUPIED,0.8250365579670127
592.0,cctv3,C3_S007,G027,OCCUPIED,LEAVING,0.7356504420428115
592.0,cctv3,C3_S008,G028,EMPTY,MANEUVERING,0.1015739414908669
592.0,cctv3,C3_S009,G029,EMPTY,MANEUVERING,0.0595174808122895
592.0,cctv3,C3_S010,G007,OCCUPIED,LEAVING,0.6536719076199965
592.0,cctv3,C3_S011,G008,OCCUPIED,OCCUPIED,0.7850659215992148
592.0,cctv3,C3_S012,G009,OCCUPIED,OCCUPIED,0.825203251567754
593.0,cctv1,C1_S001,G001,OCCUPIED,OCCUPIED,0.7328548618338325
593.0,cctv1,C1_S002,G002,EMPTY,EMPTY,0.01
593.0,cctv1,C1_S003,G003,OCCUPIED,OCCUPIED,0.8385230592705988
593.0,cctv1,C1_S004,G004,OCCUPIED,OCCUPIED,0.7666601437059316
593.0,cctv1,C1_S005,G005,OCCUPIED,OCCUPIED,0.785456312650984
593.0,cctv1,C1_S006,G006,EMPTY,EMPTY,0.01
593.0,cctv2,C2_S001,G007,OCCUPIED,OCCUPIED,0.7518995246697556
593.0,cctv2,C2_S002,G008,OCCUPIED,OCCUPIED,0.8201372504234314
593.0,cctv2,C2_S003,G009,EMPTY,EMPTY,0.01
593.0,cctv2,C2_S004,G010,OCCUPIED,OCCUPIED,0.7641724915667014
593.0,cctv2,C2_S005,G001,EMPTY,EMPTY,0.01
593.0,cctv2,C2_S006,G003,OCCUPIED,OCCUPIED,0.8178588577292183
593.0,cctv2,C2_S007,G004,OCCUPIED,OCCUPIED,0.7820166835730726
593.0,cctv2,C2_S008,G006,OCCUPIED,OCCUPIED,0.7703907705166124
593.0,cctv2,C2_S009,G005,OCCUPIED,OCCUPIED,0.7962237477302552
593.0,cctv2,C2_S010,G002,EMPTY,EMPTY,0.01
593.0,cctv2,C2_S011,G017,OCCUPIED,OCCUPIED,0.8106349194591697
593.0,cctv2,C2_S012,G018,EMPTY,MANEUVERING,0.2407598168741573
593.0,cctv2,C2_S013,G019,OCCUPIED,OCCUPIED,0.8321513547138735
593.0,cctv2,C2_S014,G020,EMPTY,EMPTY,0.01
593.0,cctv3,C3_S001,G021,OCCUPIED,OCCUPIED,0.8052627083930103
593.0,cctv3,C3_S002,G019,EMPTY,EMPTY,0.01
593.0,cctv3,C3_S003,G020,OCCUPIED,OCCUPIED,0.8076066810976376
593.0,cctv3,C3_S004,G024,OCCUPIED,OCCUPIED,0.8278872202743184
593.0,cctv3,C3_S005,G025,OCCUPIED,OCCUPIED,0.8314831343564121
593.0,cctv3,C3_S006,G026,OCCUPIED,OCCUPIED,0.8251662712205541
593.0,cctv3,C3_S007,G027,OCCUPIED,LEAVING,0.7341553324088456
593.0,cctv3,C3_S008,G028,EMPTY,MANEUVERING,0.1015739414908669
593.0,cctv3,C3_S009,G029,EMPTY,MANEUVERING,0.0595174808122895
593.0,cctv3,C3_S010,G007,OCCUPIED,LEAVING,0.652123231427236
593.0,cctv3,C3_S011,G008,OCCUPIED,OCCUPIED,0.7845569626851516
593.0,cctv3,C3_S012,G009,OCCUPIED,OCCUPIED,0.8241979758847844
594.0,cctv1,C1_S001,G001,OCCUPIED,OCCUPIED,0.7323896909979257
594.0,cctv1,C1_S002,G002,EMPTY,EMPTY,0.01
594.0,cctv1,C1_S003,G003,OCCUPIED,OCCUPIED,0.8386156158013778
594.0,cctv1,C1_S004,G004,OCCUPIED,OCCUPIED,0.7674649896946821
594.0,cctv1,C1_S005,G005,OCCUPIED,OCCUPIED,0.788731939684261
594.0,cctv1,C1_S006,G006,EMPTY,EMPTY,0.01
594.0,cctv2,C2_S001,G007,OCCUPIED,OCCUPIED,0.7495557281781328
594.0,cctv2,C2_S002,G008,OCCUPIED,OCCUPIED,0.8212729294191707
594.0,cctv2,C2_S003,G009,EMPTY,EMPTY,0.01
594.0,cctv2,C2_S004,G010,OCCUPIED,OCCUPIED,0.7659595161676408
594.0,cctv2,C2_S005,G001,EMPTY,EMPTY,0.01
594.0,cctv2,C2_S006,G003,OCCUPIED,OCCUPIED,0.8178985186598519
594.0,cctv2,C2_S007,G004,OCCUPIED,OCCUPIED,0.7805069270459088
594.0,cctv2,C2_S008,G006,OCCUPIED,OCCUPIED,0.7700527918609706
594.0,cctv2,C2_S009,G005,OCCUPIED,OCCUPIED,0.7960069545290688
594.0,cctv2,C2_S010,G002,EMPTY,EMPTY,0.01
594.0,cctv2,C2_S011,G017,OCCUPIED,OCCUPIED,0.8113807101141324
594.0,cctv2,C2_S012,G018,EMPTY,MANEUVERING,0.2407598168741573
594.0,cctv2,C2_S013,G019,OCCUPIED,OCCUPIED,0.8320007893172178
594.0,cctv2,C2_S014,G020,EMPTY,EMPTY,0.01
594.0,cctv3,C3_S001,G021,OCCUPIED,OCCUPIED,0.8060216166756371
594.0,cctv3,C3_S002,G019,EMPTY,EMPTY,0.01
594.0,cctv3,C3_S003,G020,OCCUPIED,OCCUPIED,0.8096746309237047
594.0,cctv3,C3_S004,G024,OCCUPIED,OCCUPIED,0.8277915922078221
594.0,cctv3,C3_S005,G025,OCCUPIED,OCCUPIED,0.8314837260679766
594.0,cctv3,C3_S006,G026,OCCUPIED,OCCUPIED,0.8252071123231541
594.0,cctv3,C3_S007,G027,OCCUPIED,OCCUPIED,0.7336607257513839
594.0,cctv3,C3_S008,G028,EMPTY,MANEUVERING,0.1015739414908669
594.0,cctv3,C3_S009,G029,EMPTY,MANEUVERING,0.0595174808122895
594.0,cctv3,C3_S010,G007,OCCUPIED,LEAVING,0.6541335401300228
594.0,cctv3,C3_S011,G008,OCCUPIED,OCCUPIED,0.7852061320434918
594.0,cctv3,C3_S012,G009,OCCUPIED,OCCUPIED,0.8245142538439144
595.0,cctv1,C1_S001,G001,OCCUPIED,OCCUPIED,0.7326104991815308
595.0,cctv1,C1_S002,G002,EMPTY,EMPTY,0.01
595.0,cctv1,C1_S003,G003,OCCUPIED,OCCUPIED,0.8385534527626906
595.0,cctv1,C1_S004,G004,OCCUPIED,OCCUPIED,0.7675915586677465
595.0,cctv1,C1_S005,G005,OCCUPIED,OCCUPIED,0.7891509836370295
595.0,cctv1,C1_S006,G006,EMPTY,EMPTY,0.01
595.0,cctv2,C2_S001,G007,OCCUPIED,OCCUPIED,0.7502563050795685
595.0,cctv2,C2_S002,G008,OCCUPIED,OCCUPIED,0.8209533799778332
595.0,cctv2,C2_S003,G009,EMPTY,EMPTY,0.01
595.0,cctv2,C2_S004,G010,OCCUPIED,OCCUPIED,0.7660055526278237
595.0,cctv2,C2_S005,G001,EMPTY,EMPTY,0.01
595.0,cctv2,C2_S006,G003,OCCUPIED,OCCUPIED,0.8184874325990678
595.0,cctv2,C2_S007,G004,OCCUPIED,OCCUPIED,0.7792173953218894
595.0,cctv2,C2_S008,G006,OCCUPIED,OCCUPIED,0.7701105816797778
595.0,cctv2,C2_S009,G005,OCCUPIED,OCCUPIED,0.7973377943038941
595.0,cctv2,C2_S010,G002,EMPTY,EMPTY,0.01
595.0,cctv2,C2_S011,G017,OCCUPIED,OCCUPIED,0.8117282675071197
595.0,cctv2,C2_S012,G018,EMPTY,MANEUVERING,0.2407598168741573
595.0,cctv2,C2_S013,G019,OCCUPIED,OCCUPIED,0.8322264606302435
595.0,cctv2,C2_S014,G020,EMPTY,EMPTY,0.01
595.0,cctv3,C3_S001,G021,OCCUPIED,OCCUPIED,0.8050105197863145
595.0,cctv3,C3_S002,G019,EMPTY,EMPTY,0.01
595.0,cctv3,C3_S003,G020,OCCUPIED,OCCUPIED,0.8073639021678405
595.0,cctv3,C3_S004,G024,OCCUPIED,OCCUPIED,0.8275052314454859
595.0,cctv3,C3_S005,G025,OCCUPIED,OCCUPIED,0.8315409383990549
595.0,cctv3,C3_S006,G026,OCCUPIED,OCCUPIED,0.8252409552985972
595.0,cctv3,C3_S007,G027,OCCUPIED,OCCUPIED,0.7480075836858967
595.0,cctv3,C3_S008,G028,EMPTY,EMPTY,0.01
595.0,cctv3,C3_S009,G029,EMPTY,MANEUVERING,0.0595174808122895
595.0,cctv3,C3_S010,G007,OCCUPIED,LEAVING,0.7032537842474201
595.0,cctv3,C3_S011,G008,OCCUPIED,OCCUPIED,0.7858570854772222
595.0,cctv3,C3_S012,G009,OCCUPIED,OCCUPIED,0.8249903662638232
596.0,cctv1,C1_S001,G001,OCCUPIED,OCCUPIED,0.7349687883799727
596.0,cctv1,C1_S002,G002,EMPTY,EMPTY,0.01
596.0,cctv1,C1_S003,G003,OCCUPIED,OCCUPIED,0.8385381844910709
596.0,cctv1,C1_S004,G004,OCCUPIED,OCCUPIED,0.7681102231144906
596.0,cctv1,C1_S005,G005,OCCUPIED,OCCUPIED,0.7884771095080809
596.0,cctv1,C1_S006,G006,EMPTY,EMPTY,0.01
596.0,cctv2,C2_S001,G007,OCCUPIED,OCCUPIED,0.7513662255216729
596.0,cctv2,C2_S002,G008,OCCUPIED,OCCUPIED,0.822069557688453
596.0,cctv2,C2_S003,G009,EMPTY,EMPTY,0.01
596.0,cctv2,C2_S004,G010,OCCUPIED,OCCUPIED,0.7683650650761344
596.0,cctv2,C2_S005,G001,EMPTY,EMPTY,0.01
596.0,cctv2,C2_S006,G003,OCCUPIED,OCCUPIED,0.8186512757431378
596.0,cctv2,C2_S007,G004,OCCUPIED,OCCUPIED,0.7789565748789095
596.0,cctv2,C2_S008,G006,OCCUPIED,OCCUPIED,0.7688121051950889
596.0,cctv2,C2_S009,G005,OCCUPIED,OCCUPIED,0.7980562638152731
596.0,cctv2,C2_S010,G002,EMPTY,EMPTY,0.01
596.0,cctv2,C2_S011,G017,OCCUPIED,OCCUPIED,0.8117905614050953
596.0,cctv2,C2_S012,G018,EMPTY,MANEUVERING,0.2407598168741573
596.0,cctv2,C2_S013,G019,OCCUPIED,OCCUPIED,0.8316752666776831
596.0,cctv2,C2_S014,G020,EMPTY,EMPTY,0.01
596.0,cctv3,C3_S001,G021,OCCUPIED,OCCUPIED,0.8046662143685601
596.0,cctv3,C3_S002,G019,EMPTY,EMPTY,0.01
596.0,cctv3,C3_S003,G020,OCCUPIED,OCCUPIED,0.8070491067387842
596.0,cctv3,C3_S004,G024,OCCUPIED,OCCUPIED,0.8272844246842646
596.0,cctv3,C3_S005,G025,OCCUPIED,OCCUPIED,0.8315688146786258
596.0,cctv3,C3_S006,G026,OCCUPIED,OCCUPIED,0.8252495221116327
596.0,cctv3,C3_S007,G027,OCCUPIED,OCCUPIED,0.7454312709244816
596.0,cctv3,C3_S008,G028,EMPTY,EMPTY,0.01
596.0,cctv3,C3_S009,G029,EMPTY,MANEUVERING,0.0595174808122895
596.0,cctv3,C3_S010,G007,OCCUPIED,LEAVING,0.7027445512197236
596.0,cctv3,C3_S011,G008,OCCUPIED,OCCUPIED,0.785271179676056
596.0,cctv3,C3_S012,G009,OCCUPIED,OCCUPIED,0.8249588958241724
597.0,cctv1,C1_S001,G001,OCCUPIED,OCCUPIED,0.7366256811402061
597.0,cctv1,C1_S002,G002,EMPTY,EMPTY,0.01
597.0,cctv1,C1_S003,G003,OCCUPIED,OCCUPIED,0.8387406888333234
597.0,cctv1,C1_S004,G004,OCCUPIED,OCCUPIED,0.7687082594091242
597.0,cctv1,C1_S005,G005,OCCUPIED,OCCUPIED,0.7870988889174029
597.0,cctv1,C1_S006,G006,EMPTY,EMPTY,0.01
597.0,cctv2,C2_S001,G007,OCCUPIED,OCCUPIED,0.7544136213172566
597.0,cctv2,C2_S002,G008,OCCUPIED,OCCUPIED,0.8234642015262084
597.0,cctv2,C2_S003,G009,EMPTY,EMPTY,0.01
597.0,cctv2,C2_S004,G010,OCCUPIED,OCCUPIED,0.7690056456760928
597.0,cctv2,C2_S005,G001,EMPTY,EMPTY,0.01
597.0,cctv2,C2_S006,G003,OCCUPIED,OCCUPIED,0.8184727714820342
597.0,cctv2,C2_S007,G004,OCCUPIED,OCCUPIED,0.7775504032319243
597.0,cctv2,C2_S008,G006,OCCUPIED,OCCUPIED,0.7670627306808125
597.0,cctv2,C2_S009,G005,OCCUPIED,OCCUPIED,0.7982177775014532
597.0,cctv2,C2_S010,G002,EMPTY,EMPTY,0.01
597.0,cctv2,C2_S011,G017,OCCUPIED,OCCUPIED,0.8121342100880363
597.0,cctv2,C2_S012,G018,EMPTY,MANEUVERING,0.2407598168741573
597.0,cctv2,C2_S013,G019,OCCUPIED,OCCUPIED,0.8305371184240689
597.0,cctv2,C2_S014,G020,EMPTY,EMPTY,0.01
597.0,cctv3,C3_S001,G021,OCCUPIED,OCCUPIED,0.8045173143798655
597.0,cctv3,C3_S002,G019,EMPTY,EMPTY,0.01
597.0,cctv3,C3_S003,G020,OCCUPIED,OCCUPIED,0.8052394528280605
597.0,cctv3,C3_S004,G024,OCCUPIED,OCCUPIED,0.8271494518626821
597.0,cctv3,C3_S005,G025,OCCUPIED,OCCUPIED,0.831515462290157
597.0,cctv3,C3_S006,G026,OCCUPIED,OCCUPIED,0.825201990929517
597.0,cctv3,C3_S007,G027,OCCUPIED,OCCUPIED,0.7463044116442854
597.0,cctv3,C3_S008,G028,EMPTY,EMPTY,0.01
597.0,cctv3,C3_S009,G029,EMPTY,MANEUVERING,0.0595174808122895
597.0,cctv3,C3_S010,G007,OCCUPIED,LEAVING,0.7035203716836194
597.0,cctv3,C3_S011,G008,OCCUPIED,OCCUPIED,0.783256646855311
597.0,cctv3,C3_S012,G009,OCCUPIED,OCCUPIED,0.8248690174384551
598.0,cctv1,C1_S001,G001,OCCUPIED,OCCUPIED,0.7368035457350992
598.0,cctv1,C1_S002,G002,EMPTY,EMPTY,0.01
598.0,cctv1,C1_S003,G003,OCCUPIED,OCCUPIED,0.8389477220448581
598.0,cctv1,C1_S004,G004,OCCUPIED,OCCUPIED,0.7689693700183522
598.0,cctv1,C1_S005,G005,OCCUPIED,OCCUPIED,0.7870012841441415
598.0,cctv1,C1_S006,G006,EMPTY,EMPTY,0.01
598.0,cctv2,C2_S001,G007,OCCUPIED,OCCUPIED,0.7570768188346516
598.0,cctv2,C2_S002,G008,OCCUPIED,OCCUPIED,0.8263878353617409
598.0,cctv2,C2_S003,G009,EMPTY,EMPTY,0.01
598.0,cctv2,C2_S004,G010,OCCUPIED,OCCUPIED,0.7736918891018087
598.0,cctv2,C2_S005,G001,EMPTY,EMPTY,0.01
598.0,cctv2,C2_S006,G003,OCCUPIED,OCCUPIED,0.8185946730050174
598.0,cctv2,C2_S007,G004,OCCUPIED,OCCUPIED,0.7765537057410588
598.0,cctv2,C2_S008,G006,OCCUPIED,OCCUPIED,0.7659184088761157
598.0,cctv2,C2_S009,G005,OCCUPIED,OCCUPIED,0.7979619118300352
598.0,cctv2,C2_S010,G002,EMPTY,EMPTY,0.01
598.0,cctv2,C2_S011,G017,OCCUPIED,OCCUPIED,0.812933285669847
598.0,cctv2,C2_S012,G018,EMPTY,MANEUVERING,0.2407598168741573
598.0,cctv2,C2_S013,G019,OCCUPIED,OCCUPIED,0.8296668683940714
598.0,cctv2,C2_S014,G020,EMPTY,EMPTY,0.01
598.0,cctv3,C3_S001,G021,OCCUPIED,OCCUPIED,0.8048203934322704
598.0,cctv3,C3_S002,G019,EMPTY,EMPTY,0.01
598.0,cctv3,C3_S003,G020,OCCUPIED,OCCUPIED,0.806557550484484
598.0,cctv3,C3_S004,G024,OCCUPIED,OCCUPIED,0.8272838508540934
598.0,cctv3,C3_S005,G025,OCCUPIED,OCCUPIED,0.8316020887006413
598.0,cctv3,C3_S006,G026,OCCUPIED,OCCUPIED,0.8252236973155629
598.0,cctv3,C3_S007,G027,OCCUPIED,OCCUPIED,0.745626275241375
598.0,cctv3,C3_S008,G028,EMPTY,EMPTY,0.01
598.0,cctv3,C3_S009,G029,EMPTY,MANEUVERING,0.0595174808122895
598.0,cctv3,C3_S010,G007,OCCUPIED,LEAVING,0.7044419024816969
598.0,cctv3,C3_S011,G008,OCCUPIED,OCCUPIED,0.7842059570279989
598.0,cctv3,C3_S012,G009,OCCUPIED,OCCUPIED,0.8245667479254983
599.0,cctv1,C1_S001,G001,OCCUPIED,OCCUPIED,0.7381277576088906
599.0,cctv1,C1_S002,G002,EMPTY,EMPTY,0.01
599.0,cctv1,C1_S003,G003,OCCUPIED,OCCUPIED,0.838990840586749
599.0,cctv1,C1_S004,G004,OCCUPIED,OCCUPIED,0.768082709339532
599.0,cctv1,C1_S005,G005,OCCUPIED,OCCUPIED,0.7876959445801649
599.0,cctv1,C1_S006,G006,EMPTY,EMPTY,0.01
599.0,cctv2,C2_S001,G007,OCCUPIED,OCCUPIED,0.7555688478459012
599.0,cctv2,C2_S002,G008,OCCUPIED,OCCUPIED,0.8262246538292278
599.0,cctv2,C2_S003,G009,EMPTY,EMPTY,0.01
599.0,cctv2,C2_S004,G010,OCCUPIED,OCCUPIED,0.773224254900759
599.0,cctv2,C2_S005,G001,EMPTY,EMPTY,0.01
599.0,cctv2,C2_S006,G003,OCCUPIED,OCCUPIED,0.818848249858076
599.0,cctv2,C2_S007,G004,OCCUPIED,OCCUPIED,0.7766775701533665
599.0,cctv2,C2_S008,G006,OCCUPIED,OCCUPIED,0.7670505896210671
599.0,cctv2,C2_S009,G005,OCCUPIED,OCCUPIED,0.7983570329167626
599.0,cctv2,C2_S010,G002,EMPTY,EMPTY,0.01
599.0,cctv2,C2_S011,G017,OCCUPIED,OCCUPIED,0.8130874094637959
599.0,cctv2,C2_S012,G018,EMPTY,MANEUVERING,0.2407598168741573
599.0,cctv2,C2_S013,G019,OCCUPIED,OCCUPIED,0.829825686866587
599.0,cctv2,C2_S014,G020,EMPTY,EMPTY,0.01
599.0,cctv3,C3_S001,G021,OCCUPIED,OCCUPIED,0.8055160503495824
599.0,cctv3,C3_S002,G019,EMPTY,EMPTY,0.01
599.0,cctv3,C3_S003,G020,OCCUPIED,OCCUPIED,0.8072428288784894
599.0,cctv3,C3_S004,G024,OCCUPIED,OCCUPIED,0.8270026415586472
599.0,cctv3,C3_S005,G025,OCCUPIED,OCCUPIED,0.8316233171658083
599.0,cctv3,C3_S006,G026,OCCUPIED,OCCUPIED,0.8251640961928801
599.0,cctv3,C3_S007,G027,OCCUPIED,OCCUPIED,0.7465646279806442
599.0,cctv3,C3_S008,G028,EMPTY,EMPTY,0.01
599.0,cctv3,C3_S009,G029,EMPTY,EMPTY,0.01
599.0,cctv3,C3_S010,G007,OCCUPIED,LEAVING,0.7504802829162641
599.0,cctv3,C3_S011,G008,OCCUPIED,OCCUPIED,0.7795404344797136
599.0,cctv3,C3_S012,G009,OCCUPIED,OCCUPIED,0.8243054406209426
600.0,cctv1,C1_S001,G001,OCCUPIED,OCCUPIED,0.7416380488737063
600.0,cctv1,C1_S002,G002,EMPTY,EMPTY,0.01
600.0,cctv1,C1_S003,G003,OCCUPIED,OCCUPIED,0.839012256806547
600.0,cctv1,C1_S004,G004,OCCUPIED,OCCUPIED,0.7678319597786124
600.0,cctv1,C1_S005,G005,OCCUPIED,OCCUPIED,0.785987749695778
600.0,cctv1,C1_S006,G006,EMPTY,MANEUVERING,0.2257220437716354
600.0,cctv2,C2_S001,G007,OCCUPIED,OCCUPIED,0.7939779154279016
600.0,cctv2,C2_S002,G008,OCCUPIED,OCCUPIED,0.8293411645022306
600.0,cctv2,C2_S003,G009,EMPTY,EMPTY,0.01
600.0,cctv2,C2_S004,G010,OCCUPIED,OCCUPIED,0.7748721431602132
600.0,cctv2,C2_S005,G001,EMPTY,EMPTY,0.01
600.0,cctv2,C2_S006,G003,OCCUPIED,OCCUPIED,0.8190063790841536
600.0,cctv2,C2_S007,G004,OCCUPIED,OCCUPIED,0.7761687185276639
600.0,cctv2,C2_S008,G006,OCCUPIED,OCCUPIED,0.7667775773189285
600.0,cctv2,C2_S009,G005,OCCUPIED,OCCUPIED,0.7972941401329908
600.0,cctv2,C2_S010,G002,EMPTY,EMPTY,0.01
600.0,cctv2,C2_S011,G017,OCCUPIED,OCCUPIED,0.8124042280695656
600.0,cctv2,C2_S012,G018,EMPTY,EMPTY,0.01
600.0,cctv2,C2_S013,G019,OCCUPIED,OCCUPIED,0.8284834103150802
600.0,cctv2,C2_S014,G020,EMPTY,EMPTY,0.01
600.0,cctv3,C3_S001,G021,OCCUPIED,OCCUPIED,0.8073287863623013
600.0,cctv3,C3_S002,G019,EMPTY,EMPTY,0.01
600.0,cctv3,C3_S003,G020,OCCUPIED,OCCUPIED,0.8065390180457723
600.0,cctv3,C3_S004,G024,OCCUPIED,OCCUPIED,0.8275450744412163
600.0,cctv3,C3_S005,G025,OCCUPIED,OCCUPIED,0.8316699932922017
600.0,cctv3,C3_S006,G026,OCCUPIED,OCCUPIED,0.8251752509312197
600.0,cctv3,C3_S007,G027,OCCUPIED,OCCUPIED,0.7464542676779358
600.0,cctv3,C3_S008,G028,EMPTY,EMPTY,0.01
600.0,cctv3,C3_S009,G029,EMPTY,EMPTY,0.01
600.0,cctv3,C3_S010,G007,OCCUPIED,LEAVING,0.7474449356848544
600.0,cctv3,C3_S011,G008,OCCUPIED,OCCUPIED,0.7759447963400321
600.0,cctv3,C3_S012,G009,OCCUPIED,OCCUPIED,0.8240538868037137
601.0,cctv1,C1_S001,G001,OCCUPIED,OCCUPIED,0.7412241255017845
601.0,cctv1,C1_S002,G002,EMPTY,EMPTY,0.01
601.0,cctv1,C1_S003,G003,OCCUPIED,OCCUPIED,0.8389200335199183
601.0,cctv1,C1_S004,G004,OCCUPIED,OCCUPIED,0.768118732625788
601.0,cctv1,C1_S005,G005,OCCUPIED,OCCUPIED,0.7849974931641059
601.0,cctv1,C1_S006,G006,EMPTY,MANEUVERING,0.2257220437716354
601.0,cctv2,C2_S001,G007,OCCUPIED,OCCUPIED,0.7949876622720199
601.0,cctv2,C2_S002,G008,OCCUPIED,OCCUPIED,0.8294713930650192
601.0,cctv2,C2_S003,G009,EMPTY,EMPTY,0.01
601.0,cctv2,C2_S004,G010,OCCUPIED,OCCUPIED,0.7758908225731417
601.0,cctv2,C2_S005,G001,EMPTY,EMPTY,0.01
601.0,cctv2,C2_S006,G003,OCCUPIED,OCCUPIED,0.8187041380188682
601.0,cctv2,C2_S007,G004,OCCUPIED,OCCUPIED,0.7759404202753848
601.0,cctv2,C2_S008,G006,OCCUPIED,OCCUPIED,0.7683279038830237
601.0,cctv2,C2_S009,G005,OCCUPIED,OCCUPIED,0.7976512656970458
601.0,cctv2,C2_S010,G002,EMPTY,EMPTY,0.01
601.0,cctv2,C2_S011,G017,OCCUPIED,OCCUPIED,0.811265166239305
601.0,cctv2,C2_S012,G018,EMPTY,EMPTY,0.01
601.0,cctv2,C2_S013,G019,OCCUPIED,OCCUPIED,0.8281794672662562
601.0,cctv2,C2_S014,G020,EMPTY,EMPTY,0.01
601.0,cctv3,C3_S001,G021,OCCUPIED,OCCUPIED,0.8064713085239584
601.0,cctv3,C3_S002,G019,EMPTY,EMPTY,0.01
601.0,cctv3,C3_S003,G020,OCCUPIED,OCCUPIED,0.8047590830109337
601.0,cctv3,C3_S004,G024,OCCUPIED,OCCUPIED,0.8272761382839897
601.0,cctv3,C3_S005,G025,OCCUPIED,OCCUPIED,0.8316706028851597
601.0,cctv3,C3_S006,G026,OCCUPIED,OCCUPIED,0.8252193171869625
601.0,cctv3,C3_S007,G027,OCCUPIED,OCCUPIED,0.7457224846563557
601.0,cctv3,C3_S008,G028,EMPTY,EMPTY,0.01
601.0,cctv3,C3_S009,G029,EMPTY,MANEUVERING,0.1004978083886883
601.0,cctv3,C3_S010,G007,OCCUPIED,LEAVING,0.652971999265931
601.0,cctv3,C3_S011,G008,OCCUPIED,OCCUPIED,0.7762922651388429
601.0,cctv3,C3_S012,G009,OCCUPIED,OCCUPIED,0.8240337304093621
602.0,cctv1,C1_S001,G001,OCCUPIED,OCCUPIED,0.7390970221974633
602.0,cctv1,C1_S002,G002,EMPTY,EMPTY,0.01
602.0,cctv1,C1_S003,G003,OCCUPIED,OCCUPIED,0.8389585695483468
602.0,cctv1,C1_S004,G004,OCCUPIED,OCCUPIED,0.7673090452497656
602.0,cctv1,C1_S005,G005,OCCUPIED,OCCUPIED,0.7833055345849558
602.0,cctv1,C1_S006,G006,EMPTY,MANEUVERING,0.2257220437716354
602.0,cctv2,C2_S001,G007,OCCUPIED,OCCUPIED,0.7953366680578753
602.0,cctv2,C2_S002,G008,OCCUPIED,OCCUPIED,0.8293744108893655
602.0,cctv2,C2_S003,G009,EMPTY,EMPTY,0.01
602.0,cctv2,C2_S004,G010,OCCUPIED,OCCUPIED,0.776972338015383
602.0,cctv2,C2_S005,G001,EMPTY,EMPTY,0.01
602.0,cctv2,C2_S006,G003,OCCUPIED,OCCUPIED,0.8188653005795046
602.0,cctv2,C2_S007,G004,OCCUPIED,OCCUPIED,0.775643660669977
602.0,cctv2,C2_S008,G006,OCCUPIED,OCCUPIED,0.7679756717248397
602.0,cctv2,C2_S009,G005,OCCUPIED,OCCUPIED,0.7970997376875445
602.0,cctv2,C2_S010,G002,EMPTY,EMPTY,0.01
602.0,cctv2,C2_S011,G017,OCCUPIED,OCCUPIED,0.8111065590923483
602.0,cctv2,C2_S012,G018,EMPTY,EMPTY,0.01
602.0,cctv2,C2_S013,G019,OCCUPIED,OCCUPIED,0.8244751691818237
602.0,cctv2,C2_S014,G020,EMPTY,EMPTY,0.01
602.0,cctv3,C3_S001,G021,OCCUPIED,OCCUPIED,0.8066915666515178
602.0,cctv3,C3_S002,G019,EMPTY,EMPTY,0.01
602.0,cctv3,C3_S003,G020,OCCUPIED,OCCUPIED,0.8055488781495528
602.0,cctv3,C3_S004,G024,OCCUPIED,OCCUPIED,0.827220498702743
602.0,cctv3,C3_S005,G025,OCCUPIED,OCCUPIED,0.8316619149663232
602.0,cctv3,C3_S006,G026,OCCUPIED,OCCUPIED,0.8252664541656322
602.0,cctv3,C3_S007,G027,OCCUPIED,OCCUPIED,0.745388744703748
602.0,cctv3,C3_S008,G028,EMPTY,EMPTY,0.01
602.0,cctv3,C3_S009,G029,EMPTY,MANEUVERING,0.1004978083886883
602.0,cctv3,C3_S010,G007,OCCUPIED,LEAVING,0.6557209387353876
602.0,cctv3,C3_S011,G008,OCCUPIED,OCCUPIED,0.778409760648554
602.0,cctv3,C3_S012,G009,OCCUPIED,OCCUPIED,0.8246680370785974
603.0,cctv1,C1_S001,G001,OCCUPIED,OCCUPIED,0.7395815839821642
603.0,cctv1,C1_S002,G002,EMPTY,EMPTY,0.01
603.0,cctv1,C1_S003,G003,OCCUPIED,OCCUPIED,0.8388617702505806
603.0,cctv1,C1_S004,G004,OCCUPIED,OCCUPIED,0.76639055528424
603.0,cctv1,C1_S005,G005,OCCUPIED,OCCUPIED,0.7840943746946075
603.0,cctv1,C1_S006,G006,EMPTY,MANEUVERING,0.2257220437716354
603.0,cctv2,C2_S001,G007,OCCUPIED,OCCUPIED,0.7967838441783732
603.0,cctv2,C2_S002,G008,OCCUPIED,OCCUPIED,0.8297054507515648
603.0,cctv2,C2_S003,G009,EMPTY,EMPTY,0.01
603.0,cctv2,C2_S004,G010,OCCUPIED,OCCUPIED,0.7757287602532994
603.0,cctv2,C2_S005,G001,EMPTY,EMPTY,0.01
603.0,cctv2,C2_S006,G003,OCCUPIED,OCCUPIED,0.8187739412892949
603.0,cctv2,C2_S007,G004,OCCUPIED,OCCUPIED,0.7764299815351313
603.0,cctv2,C2_S008,G006,OCCUPIED,OCCUPIED,0.7669219037348575
603.0,cctv2,C2_S009,G005,OCCUPIED,OCCUPIED,0.7991173318841241
603.0,cctv2,C2_S010,G002,EMPTY,EMPTY,0.01
603.0,cctv2,C2_S011,G017,OCCUPIED,OCCUPIED,0.8102477076378736
603.0,cctv2,C2_S012,G018,EMPTY,EMPTY,0.01
603.0,cctv2,C2_S013,G019,OCCUPIED,OCCUPIED,0.8236869037151338
603.0,cctv2,C2_S014,G020,EMPTY,EMPTY,0.01
603.0,cctv3,C3_S001,G021,OCCUPIED,OCCUPIED,0.8054620916193183
603.0,cctv3,C3_S002,G019,EMPTY,EMPTY,0.01
603.0,cctv3,C3_S003,G020,OCCUPIED,OCCUPIED,0.804898516427387
603.0,cctv3,C3_S004,G024,OCCUPIED,OCCUPIED,0.8269308437000622
603.0,cctv3,C3_S005,G025,OCCUPIED,OCCUPIED,0.8315793598240073
603.0,cctv3,C3_S006,G026,OCCUPIED,OCCUPIED,0.825244735587727
603.0,cctv3,C3_S007,G027,OCCUPIED,OCCUPIED,0.744220561601899
603.0,cctv3,C3_S008,G028,EMPTY,EMPTY,0.01
603.0,cctv3,C3_S009,G029,EMPTY,MANEUVERING,0.1004978083886883
603.0,cctv3,C3_S010,G007,OCCUPIED,LEAVING,0.6560293297401883
603.0,cctv3,C3_S011,G008,OCCUPIED,OCCUPIED,0.7800536024299536
603.0,cctv3,C3_S012,G009,OCCUPIED,OCCUPIED,0.8248426114970988
604.0,cctv1,C1_S001,G001,OCCUPIED,OCCUPIED,0.742741424319419
604.0,cctv1,C1_S002,G002,EMPTY,EMPTY,0.01
604.0,cctv1,C1_S003,G003,OCCUPIED,OCCUPIED,0.838897559859536
604.0,cctv1,C1_S004,G004,OCCUPIED,OCCUPIED,0.7665700552138416
604.0,cctv1,C1_S005,G005,OCCUPIED,OCCUPIED,0.7819630475206809
604.0,cctv1,C1_S006,G006,EMPTY,MANEUVERING,0.1807220437716354
604.0,cctv2,C2_S001,G007,OCCUPIED,OCCUPIED,0.7990086634050717
604.0,cctv2,C2_S002,G008,OCCUPIED,OCCUPIED,0.8300045487555592
604.0,cctv2,C2_S003,G009,EMPTY,EMPTY,0.01
604.0,cctv2,C2_S004,G010,OCCUPIED,OCCUPIED,0.7758139817552133
604.0,cctv2,C2_S005,G001,EMPTY,EMPTY,0.01
604.0,cctv2,C2_S006,G003,OCCUPIED,OCCUPIED,0.8183846373449672
604.0,cctv2,C2_S007,G004,OCCUPIED,OCCUPIED,0.7763237298889594
604.0,cctv2,C2_S008,G006,OCCUPIED,OCCUPIED,0.7683103874325753
604.0,cctv2,C2_S009,G005,OCCUPIED,OCCUPIED,0.7992742476138203
604.0,cctv2,C2_S010,G002,EMPTY,EMPTY,0.01
604.0,cctv2,C2_S011,G017,OCCUPIED,OCCUPIED,0.8095363988117739
604.0,cctv2,C2_S012,G018,EMPTY,EMPTY,0.01
604.0,cctv2,C2_S013,G019,OCCUPIED,OCCUPIED,0.8227301329374314
604.0,cctv2,C2_S014,G020,EMPTY,EMPTY,0.01
604.0,cctv3,C3_S001,G021,OCCUPIED,OCCUPIED,0.8057254999876023
604.0,cctv3,C3_S002,G019,EMPTY,EMPTY,0.01
604.0,cctv3,C3_S003,G020,OCCUPIED,OCCUPIED,0.8057437755844811
604.0,cctv3,C3_S004,G024,OCCUPIED,OCCUPIED,0.827006300741976
604.0,cctv3,C3_S005,G025,OCCUPIED,OCCUPIED,0.831515554135496
604.0,cctv3,C3_S006,G026,OCCUPIED,OCCUPIED,0.8252222440459512
604.0,cctv3,C3_S007,G027,OCCUPIED,OCCUPIED,0.7437154028903354
604.0,cctv3,C3_S008,G028,EMPTY,EMPTY,0.01
604.0,cctv3,C3_S009,G029,EMPTY,MANEUVERING,0.1004978083886883
604.0,cctv3,C3_S010,G007,OCCUPIED,LEAVING,0.6572680507532576
604.0,cctv3,C3_S011,G008,OCCUPIED,OCCUPIED,0.7810122759504752
604.0,cctv3,C3_S012,G009,OCCUPIED,OCCUPIED,0.8259062658656728
605.0,cctv1,C1_S001,G001,OCCUPIED,OCCUPIED,0.7451020291583105
605.0,cctv1,C1_S002,G002,EMPTY,EMPTY,0.01
605.0,cctv1,C1_S003,G003,OCCUPIED,OCCUPIED,0.8389317352663388
605.0,cctv1,C1_S004,G004,OCCUPIED,OCCUPIED,0.7661443532867865
605.0,cctv1,C1_S005,G005,OCCUPIED,OCCUPIED,0.7821787678382615
605.0,cctv1,C1_S006,G006,EMPTY,MANEUVERING,0.1807220437716354
605.0,cctv2,C2_S001,G007,OCCUPIED,OCCUPIED,0.8007723710753701
605.0,cctv2,C2_S002,G008,OCCUPIED,OCCUPIED,0.8286901679905979
605.0,cctv2,C2_S003,G009,EMPTY,EMPTY,0.01
605.0,cctv2,C2_S004,G010,OCCUPIED,OCCUPIED,0.7739391928369349
605.0,cctv2,C2_S005,G001,EMPTY,EMPTY,0.01
605.0,cctv2,C2_S006,G003,OCCUPIED,OCCUPIED,0.8184761730107395
605.0,cctv2,C2_S007,G004,OCCUPIED,OCCUPIED,0.7773728544061835
605.0,cctv2,C2_S008,G006,OCCUPIED,OCCUPIED,0.7676345752044158
605.0,cctv2,C2_S009,G005,OCCUPIED,OCCUPIED,0.8004561077464711
605.0,cctv2,C2_S010,G002,EMPTY,EMPTY,0.01
605.0,cctv2,C2_S011,G017,OCCUPIED,OCCUPIED,0.8092243522405625
605.0,cctv2,C2_S012,G018,EMPTY,EMPTY,0.01
605.0,cctv2,C2_S013,G019,OCCUPIED,OCCUPIED,0.8222300456328826
605.0,cctv2,C2_S014,G020,EMPTY,EMPTY,0.01
605.0,cctv3,C3_S001,G021,OCCUPIED,OCCUPIED,0.8051525833931836
605.0,cctv3,C3_S002,G019,EMPTY,EMPTY,0.01
605.0,cctv3,C3_S003,G020,OCCUPIED,OCCUPIED,0.8047818078236147
605.0,cctv3,C3_S004,G024,OCCUPIED,OCCUPIED,0.8270570627667688
605.0,cctv3,C3_S005,G025,OCCUPIED,OCCUPIED,0.8315342938358135
605.0,cctv3,C3_S006,G026,OCCUPIED,OCCUPIED,0.8253405562855981
605.0,cctv3,C3_S007,G027,OCCUPIED,OCCUPIED,0.7425705905665051
605.0,cctv3,C3_S008,G028,EMPTY,EMPTY,0.01
605.0,cctv3,C3_S009,G029,EMPTY,MANEUVERING,0.1482466716268523
605.0,cctv3,C3_S010,G007,OCCUPIED,LEAVING,0.6093634429438548
605.0,cctv3,C3_S011,G008,OCCUPIED,OCCUPIED,0.7808622730049221
605.0,cctv3,C3_S012,G009,OCCUPIED,OCCUPIED,0.8261910701339896
606.0,cctv1,C1_S001,G001,OCCUPIED,OCCUPIED,0.7441735101694411
606.0,cctv1,C1_S002,G002,EMPTY,EMPTY,0.01
606.0,cctv1,C1_S003,G003,OCCUPIED,OCCUPIED,0.8390434687787837
606.0,cctv1,C1_S004,G004,OCCUPIED,OCCUPIED,0.765006326951764
606.0,cctv1,C1_S005,G005,OCCUPIED,OCCUPIED,0.7812292284586213
606.0,cctv1,C1_S006,G006,EMPTY,MANEUVERING,0.1807220437716354
606.0,cctv2,C2_S001,G007,OCCUPIED,OCCUPIED,0.7992488438432868
606.0,cctv2,C2_S002,G008,OCCUPIED,OCCUPIED,0.8300517865202645
606.0,cctv2,C2_S003,G009,EMPTY,EMPTY,0.01
606.0,cctv2,C2_S004,G010,OCCUPIED,OCCUPIED,0.7742613854733381
606.0,cctv2,C2_S005,G001,EMPTY,EMPTY,0.01
606.0,cctv2,C2_S006,G003,OCCUPIED,OCCUPIED,0.8187406957149506
606.0,cctv2,C2_S007,G004,OCCUPIED,OCCUPIED,0.7782883276993579
606.0,cctv2,C2_S008,G006,OCCUPIED,OCCUPIED,0.7689819520170039
606.0,cctv2,C2_S009,G005,OCCUPIED,OCCUPIED,0.8003177724101327
606.0,cctv2,C2_S010,G002,EMPTY,EMPTY,0.01
606.0,cctv2,C2_S011,G017,OCCUPIED,OCCUPIED,0.8089511920105328
606.0,cctv2,C2_S012,G018,EMPTY,EMPTY,0.01
606.0,cctv2,C2_S013,G019,OCCUPIED,OCCUPIED,0.8203467886556279
606.0,cctv2,C2_S014,G020,EMPTY,EMPTY,0.01
606.0,cctv3,C3_S001,G021,OCCUPIED,OCCUPIED,0.8062569439411164
606.0,cctv3,C3_S002,G019,EMPTY,EMPTY,0.01
606.0,cctv3,C3_S003,G020,OCCUPIED,OCCUPIED,0.8064758438955655
606.0,cctv3,C3_S004,G024,OCCUPIED,OCCUPIED,0.8271717312661084
606.0,cctv3,C3_S005,G025,OCCUPIED,OCCUPIED,0.8315239892764525
606.0,cctv3,C3_S006,G026,OCCUPIED,OCCUPIED,0.8251168584281748
606.0,cctv3,C3_S007,G027,OCCUPIED,OCCUPIED,0.7418398532000455
606.0,cctv3,C3_S008,G028,EMPTY,EMPTY,0.01
606.0,cctv3,C3_S009,G029,EMPTY,MANEUVERING,0.1482466716268523
606.0,cctv3,C3_S010,G007,OCCUPIED,LEAVING,0.6079791459305721
606.0,cctv3,C3_S011,G008,OCCUPIED,OCCUPIED,0.7785853896628727
606.0,cctv3,C3_S012,G009,OCCUPIED,OCCUPIED,0.8259885080836037
607.0,cctv1,C1_S001,G001,OCCUPIED,OCCUPIED,0.742023053765297
607.0,cctv1,C1_S002,G002,EMPTY,EMPTY,0.01
607.0,cctv1,C1_S003,G003,OCCUPIED,OCCUPIED,0.8391733982346276
607.0,cctv1,C1_S004,G004,OCCUPIED,OCCUPIED,0.7651190752332861
607.0,cctv1,C1_S005,G005,OCCUPIED,OCCUPIED,0.7797540480440314
607.0,cctv1,C1_S006,G006,EMPTY,MANEUVERING,0.1807220437716354
607.0,cctv2,C2_S001,G007,OCCUPIED,OCCUPIED,0.799749687855894
607.0,cctv2,C2_S002,G008,OCCUPIED,OCCUPIED,0.8287515580654145
607.0,cctv2,C2_S003,G009,EMPTY,EMPTY,0.01
607.0,cctv2,C2_S004,G010,OCCUPIED,OCCUPIED,0.7710329539396547
607.0,cctv2,C2_S005,G001,EMPTY,EMPTY,0.01
607.0,cctv2,C2_S006,G003,OCCUPIED,OCCUPIED,0.8187325182286176
607.0,cctv2,C2_S007,G004,OCCUPIED,OCCUPIED,0.779076138003306
607.0,cctv2,C2_S008,G006,OCCUPIED,OCCUPIED,0.7704512396996672
607.0,cctv2,C2_S009,G005,OCCUPIED,OCCUPIED,0.7995019021359357
607.0,cctv2,C2_S010,G002,EMPTY,EMPTY,0.01
607.0,cctv2,C2_S011,G017,OCCUPIED,OCCUPIED,0.8085500489581716
607.0,cctv2,C2_S012,G018,EMPTY,EMPTY,0.01
607.0,cctv2,C2_S013,G019,OCCUPIED,OCCUPIED,0.818511070988395
607.0,cctv2,C2_S014,G020,EMPTY,EMPTY,0.01
607.0,cctv3,C3_S001,G021,OCCUPIED,OCCUPIED,0.8068819547241385
607.0,cctv3,C3_S002,G019,EMPTY,EMPTY,0.01
607.0,cctv3,C3_S003,G020,OCCUPIED,OCCUPIED,0.8057937118140135
607.0,cctv3,C3_S004,G024,OCCUPIED,OCCUPIED,0.8271248348734597
607.0,cctv3,C3_S005,G025,OCCUPIED,OCCUPIED,0.8315159190784802
607.0,cctv3,C3_S006,G026,OCCUPIED,OCCUPIED,0.8249651917002419
607.0,cctv3,C3_S007,G027,OCCUPIED,OCCUPIED,0.7433472743765875
607.0,cctv3,C3_S008,G028,EMPTY,EMPTY,0.01
607.0,cctv3,C3_S009,G029,EMPTY,MANEUVERING,0.2303313732248815
607.0,cctv3,C3_S010,G007,OCCUPIED,LEAVING,0.5279619450579314
607.0,cctv3,C3_S011,G008,OCCUPIED,OCCUPIED,0.7817044403065335
607.0,cctv3,C3_S012,G009,OCCUPIED,OCCUPIED,0.8261437258937143
608.0,cctv1,C1_S001,G001,OCCUPIED,OCCUPIED,0.7431838614019481
608.0,cctv1,C1_S002,G002,EMPTY,EMPTY,0.01
608.0,cctv1,C1_S003,G003,OCCUPIED,OCCUPIED,0.8390241861343384
608.0,cctv1,C1_S004,G004,OCCUPIED,OCCUPIED,0.7648554331877015
608.0,cctv1,C1_S005,G005,OCCUPIED,OCCUPIED,0.7799325482411819
608.0,cctv1,C1_S006,G006,EMPTY,MANEUVERING,0.1807220437716354
608.0,cctv2,C2_S001,G007,OCCUPIED,OCCUPIED,0.8003949517553504
608.0,cctv2,C2_S002,G008,OCCUPIED,OCCUPIED,0.8276834357868542
608.0,cctv2,C2_S003,G009,EMPTY,EMPTY,0.01
608.0,cctv2,C2_S004,G010,OCCUPIED,OCCUPIED,0.7672966128045863
608.0,cctv2,C2_S005,G001,EMPTY,EMPTY,0.01
608.0,cctv2,C2_S006,G003,OCCUPIED,OCCUPIED,0.8187322930856185
608.0,cctv2,C2_S007,G004,OCCUPIED,OCCUPIED,0.7799823694608429
608.0,cctv2,C2_S008,G006,OCCUPIED,OCCUPIED,0.7707615290175786
608.0,cctv2,C2_S009,G005,OCCUPIED,OCCUPIED,0.8006516521627254
608.0,cctv2,C2_S010,G002,EMPTY,EMPTY,0.01
608.0,cctv2,C2_S011,G017,OCCUPIED,OCCUPIED,0.8077403022484346
608.0,cctv2,C2_S012,G018,EMPTY,EMPTY,0.01
608.0,cctv2,C2_S013,G019,OCCUPIED,OCCUPIED,0.8181331420486624
608.0,cctv2,C2_S014,G020,EMPTY,EMPTY,0.01
608.0,cctv3,C3_S001,G021,OCCUPIED,OCCUPIED,0.8057053167711605
608.0,cctv3,C3_S002,G019,EMPTY,EMPTY,0.01
608.0,cctv3,C3_S003,G020,OCCUPIED,LEAVING,0.8068483970381998
608.0,cctv3,C3_S004,G024,OCCUPIED,OCCUPIED,0.8271716166626324
608.0,cctv3,C3_S005,G025,OCCUPIED,OCCUPIED,0.8315232984044336
608.0,cctv3,C3_S006,G026,OCCUPIED,OCCUPIED,0.8248987363143401
608.0,cctv3,C3_S007,G027,OCCUPIED,OCCUPIED,0.7423108649524777
608.0,cctv3,C3_S008,G028,EMPTY,EMPTY,0.01
608.0,cctv3,C3_S009,G029,EMPTY,MANEUVERING,0.2325131914066997
608.0,cctv3,C3_S010,G007,OCCUPIED,LEAVING,0.5244677938100967
608.0,cctv3,C3_S011,G008,OCCUPIED,OCCUPIED,0.7838234874335203
608.0,cctv3,C3_S012,G009,OCCUPIED,OCCUPIED,0.8266365517269482
609.0,cctv1,C1_S001,G001,OCCUPIED,OCCUPIED,0.7415057552131741
609.0,cctv1,C1_S002,G002,EMPTY,EMPTY,0.01
609.0,cctv1,C1_S003,G003,OCCUPIED,OCCUPIED,0.8390389496629889
609.0,cctv1,C1_S004,G004,OCCUPIED,OCCUPIED,0.7646890512921594
609.0,cctv1,C1_S005,G005,OCCUPIED,OCCUPIED,0.7794293959032406
609.0,cctv1,C1_S006,G006,EMPTY,MANEUVERING,0.1807220437716354
609.0,cctv2,C2_S001,G007,OCCUPIED,OCCUPIED,0.7184650271047246
609.0,cctv2,C2_S002,G008,OCCUPIED,OCCUPIED,0.8272867703979666
609.0,cctv2,C2_S003,G009,EMPTY,EMPTY,0.01
609.0,cctv2,C2_S004,G010,OCCUPIED,OCCUPIED,0.7639031603932381
609.0,cctv2,C2_S005,G001,EMPTY,EMPTY,0.01
609.0,cctv2,C2_S006,G003,OCCUPIED,OCCUPIED,0.8188440306620165
609.0,cctv2,C2_S007,G004,OCCUPIED,OCCUPIED,0.7804367909377272
609.0,cctv2,C2_S008,G006,OCCUPIED,OCCUPIED,0.7721618993715808
609.0,cctv2,C2_S009,G005,OCCUPIED,OCCUPIED,0.8010229885578156
609.0,cctv2,C2_S010,G002,EMPTY,EMPTY,0.01
609.0,cctv2,C2_S011,G017,OCCUPIED,OCCUPIED,0.8074543860825626
609.0,cctv2,C2_S012,G018,EMPTY,EMPTY,0.01
609.0,cctv2,C2_S013,G019,OCCUPIED,OCCUPIED,0.8183839432217859
609.0,cctv2,C2_S014,G020,EMPTY,EMPTY,0.01
609.0,cctv3,C3_S001,G021,OCCUPIED,OCCUPIED,0.805995826016773
609.0,cctv3,C3_S002,G019,EMPTY,EMPTY,0.01
609.0,cctv3,C3_S003,G020,OCCUPIED,LEAVING,0.8054184927181764
609.0,cctv3,C3_S004,G024,OCCUPIED,OCCUPIED,0.8271587290547111
609.0,cctv3,C3_S005,G025,OCCUPIED,OCCUPIED,0.8315450876951218
609.0,cctv3,C3_S006,G026,OCCUPIED,OCCUPIED,0.824931486086412
609.0,cctv3,C3_S007,G027,OCCUPIED,OCCUPIED,0.7421314694664696
609.0,cctv3,C3_S008,G028,EMPTY,EMPTY,0.01
609.0,cctv3,C3_S009,G029,EMPTY,MANEUVERING,0.1875131914066997
609.0,cctv3,C3_S010,G007,OCCUPIED,LEAVING,0.5674257110198114
609.0,cctv3,C3_S011,G008,OCCUPIED,OCCUPIED,0.783513294024901
609.0,cctv3,C3_S012,G009,OCCUPIED,OCCUPIED,0.8268821339715612
610.0,cctv1,C1_S001,G001,OCCUPIED,OCCUPIED,0.7396907537498258
610.0,cctv1,C1_S002,G002,EMPTY,EMPTY,0.01
610.0,cctv1,C1_S003,G003,OCCUPIED,OCCUPIED,0.8389438710429452
610.0,cctv1,C1_S004,G004,OCCUPIED,OCCUPIED,0.7663554248484699
610.0,cctv1,C1_S005,G005,OCCUPIED,OCCUPIED,0.7794126264073633
610.0,cctv1,C1_S006,G006,EMPTY,MANEUVERING,0.1807220437716354
610.0,cctv2,C2_S001,G007,OCCUPIED,OCCUPIED,0.7203039129484784
610.0,cctv2,C2_S002,G008,OCCUPIED,OCCUPIED,0.8270800135352395
610.0,cctv2,C2_S003,G009,EMPTY,EMPTY,0.01
610.0,cctv2,C2_S004,G010,OCCUPIED,OCCUPIED,0.7612452066757462
610.0,cctv2,C2_S005,G001,EMPTY,EMPTY,0.01
610.0,cctv2,C2_S006,G003,OCCUPIED,OCCUPIED,0.8187602213837885
610.0,cctv2,C2_S007,G004,OCCUPIED,OCCUPIED,0.7810303516008638
610.0,cctv2,C2_S008,G006,OCCUPIED,OCCUPIED,0.7715496680953287
610.0,cctv2,C2_S009,G005,OCCUPIED,OCCUPIED,0.801060652461919
610.0,cctv2,C2_S010,G002,EMPTY,EMPTY,0.01
610.0,cctv2,C2_S011,G017,OCCUPIED,OCCUPIED,0.8075806189667095
610.0,cctv2,C2_S012,G018,EMPTY,EMPTY,0.01
610.0,cctv2,C2_S013,G019,OCCUPIED,OCCUPIED,0.8153866412964734
610.0,cctv2,C2_S014,G020,EMPTY,EMPTY,0.01
610.0,cctv3,C3_S001,G021,OCCUPIED,OCCUPIED,0.8057375179095703
610.0,cctv3,C3_S002,G019,EMPTY,EMPTY,0.01
610.0,cctv3,C3_S003,G020,OCCUPIED,LEAVING,0.804840483177792
610.0,cctv3,C3_S004,G024,OCCUPIED,OCCUPIED,0.8274525585499677
610.0,cctv3,C3_S005,G025,OCCUPIED,OCCUPIED,0.831595283204859
610.0,cctv3,C3_S006,G026,OCCUPIED,OCCUPIED,0.8249861584468322
610.0,cctv3,C3_S007,G027,OCCUPIED,OCCUPIED,0.7414639290083539
610.0,cctv3,C3_S008,G028,EMPTY,EMPTY,0.01
610.0,cctv3,C3_S009,G029,EMPTY,MANEUVERING,0.1875131914066997
610.0,cctv3,C3_S010,G007,OCCUPIED,LEAVING,0.5689139330153439
610.0,cctv3,C3_S011,G008,OCCUPIED,OCCUPIED,0.787446666983041
610.0,cctv3,C3_S012,G009,OCCUPIED,OCCUPIED,0.8270977445624093
611.0,cctv1,C1_S001,G001,OCCUPIED,OCCUPIED,0.7413178032772109
611.0,cctv1,C1_S002,G002,EMPTY,EMPTY,0.01
611.0,cctv1,C1_S003,G003,OCCUPIED,OCCUPIED,0.8388475886800073
611.0,cctv1,C1_S004,G004,OCCUPIED,OCCUPIED,0.7683498923074116
611.0,cctv1,C1_S005,G005,OCCUPIED,OCCUPIED,0.7817869779738513
611.0,cctv1,C1_S006,G006,EMPTY,EMPTY,0.01
611.0,cctv2,C2_S001,G007,OCCUPIED,OCCUPIED,0.7164002643931996
611.0,cctv2,C2_S002,G008,OCCUPIED,OCCUPIED,0.824789073792371
611.0,cctv2,C2_S003,G009,EMPTY,EMPTY,0.01
611.0,cctv2,C2_S004,G010,OCCUPIED,OCCUPIED,0.7609020306305453
611.0,cctv2,C2_S005,G001,EMPTY,EMPTY,0.01
611.0,cctv2,C2_S006,G003,OCCUPIED,OCCUPIED,0.8186729512431405
611.0,cctv2,C2_S007,G004,OCCUPIED,OCCUPIED,0.7815053139220585
611.0,cctv2,C2_S008,G006,OCCUPIED,OCCUPIED,0.7708316891030832
611.0,cctv2,C2_S009,G005,OCCUPIED,OCCUPIED,0.8012957106937062
611.0,cctv2,C2_S010,G002,EMPTY,EMPTY,0.01
611.0,cctv2,C2_S011,G017,OCCUPIED,OCCUPIED,0.8075928539037706
611.0,cctv2,C2_S012,G018,EMPTY,EMPTY,0.01
611.0,cctv2,C2_S013,G019,OCCUPIED,OCCUPIED,0.8165455238385635
611.0,cctv2,C2_S014,G020,EMPTY,EMPTY,0.01
611.0,cctv3,C3_S001,G021,OCCUPIED,OCCUPIED,0.8039960782636296
611.0,cctv3,C3_S002,G019,EMPTY,EMPTY,0.01
611.0,cctv3,C3_S003,G020,OCCUPIED,LEAVING,0.80315370044925
611.0,cctv3,C3_S004,G024,OCCUPIED,OCCUPIED,0.8275098456577822
611.0,cctv3,C3_S005,G025,OCCUPIED,OCCUPIED,0.8315706979144704
611.0,cctv3,C3_S006,G026,OCCUPIED,OCCUPIED,0.8251475900411607
611.0,cctv3,C3_S007,G027,OCCUPIED,OCCUPIED,0.7399223561991345
611.0,cctv3,C3_S008,G028,EMPTY,EMPTY,0.01
611.0,cctv3,C3_S009,G029,EMPTY,MANEUVERING,0.1425131914066997
611.0,cctv3,C3_S010,G007,OCCUPIED,LEAVING,0.6131229696934196
611.0,cctv3,C3_S011,G008,OCCUPIED,OCCUPIED,0.7897171784530987
611.0,cctv3,C3_S012,G009,OCCUPIED,OCCUPIED,0.8267442919991234
612.0,cctv1,C1_S001,G001,OCCUPIED,OCCUPIED,0.7425157717005774
612.0,cctv1,C1_S002,G002,EMPTY,EMPTY,0.01
612.0,cctv1,C1_S003,G003,OCCUPIED,OCCUPIED,0.8387386844916778
612.0,cctv1,C1_S004,G004,OCCUPIED,OCCUPIED,0.7676333678039639
612.0,cctv1,C1_S005,G005,OCCUPIED,OCCUPIED,0.7845599777319215
612.0,cctv1,C1_S006,G006,EMPTY,EMPTY,0.01
612.0,cctv2,C2_S001,G007,OCCUPIED,OCCUPIED,0.7156317775357853
612.0,cctv2,C2_S002,G008,OCCUPIED,OCCUPIED,0.8248785465955735
612.0,cctv2,C2_S003,G009,EMPTY,EMPTY,0.01
612.0,cctv2,C2_S004,G010,OCCUPIED,OCCUPIED,0.7596169127659365
612.0,cctv2,C2_S005,G001,EMPTY,EMPTY,0.01
612.0,cctv2,C2_S006,G003,OCCUPIED,OCCUPIED,0.8184439101002434
612.0,cctv2,C2_S007,G004,OCCUPIED,OCCUPIED,0.7815345979549668
612.0,cctv2,C2_S008,G006,OCCUPIED,OCCUPIED,0.7705182965506208
612.0,cctv2,C2_S009,G005,OCCUPIED,OCCUPIED,0.8009693305600774
612.0,cctv2,C2_S010,G002,EMPTY,EMPTY,0.01
612.0,cctv2,C2_S011,G017,OCCUPIED,OCCUPIED,0.8082750136202033
612.0,cctv2,C2_S012,G018,EMPTY,EMPTY,0.01
612.0,cctv2,C2_S013,G019,OCCUPIED,OCCUPIED,0.8168103277683259
612.0,cctv2,C2_S014,G020,EMPTY,EMPTY,0.01
612.0,cctv3,C3_S001,G021,OCCUPIED,OCCUPIED,0.8045131886547263
612.0,cctv3,C3_S002,G019,EMPTY,EMPTY,0.01
612.0,cctv3,C3_S003,G020,OCCUPIED,LEAVING,0.8042541433464397
612.0,cctv3,C3_S004,G024,OCCUPIED,OCCUPIED,0.8276497854427858
612.0,cctv3,C3_S005,G025,OCCUPIED,OCCUPIED,0.8315687821670013
612.0,cctv3,C3_S006,G026,OCCUPIED,OCCUPIED,0.8252159506082535
612.0,cctv3,C3_S007,G027,OCCUPIED,OCCUPIED,0.7391721520911564
612.0,cctv3,C3_S008,G028,EMPTY,EMPTY,0.01
612.0,cctv3,C3_S009,G029,EMPTY,MANEUVERING,0.1878701166856017
612.0,cctv3,C3_S010,G007,OCCUPIED,LEAVING,0.5681229696934197
612.0,cctv3,C3_S011,G008,OCCUPIED,OCCUPIED,0.7906352896581997
612.0,cctv3,C3_S012,G009,OCCUPIED,OCCUPIED,0.8263733116063205
613.0,cctv1,C1_S001,G001,OCCUPIED,OCCUPIED,0.7422923908314922
613.0,cctv1,C1_S002,G002,EMPTY,EMPTY,0.01
613.0,cctv1,C1_S003,G003,OCCUPIED,OCCUPIED,0.8388125061988831
613.0,cctv1,C1_S004,G004,OCCUPIED,OCCUPIED,0.7689155319874937
613.0,cctv1,C1_S005,G005,OCCUPIED,OCCUPIED,0.7858013820919124
613.0,cctv1,C1_S006,G006,EMPTY,EMPTY,0.01
613.0,cctv2,C2_S001,G007,OCCUPIED,OCCUPIED,0.7619424541700971
613.0,cctv2,C2_S002,G008,OCCUPIED,OCCUPIED,0.8247298587452282
613.0,cctv2,C2_S003,G009,EMPTY,EMPTY,0.01
613.0,cctv2,C2_S004,G010,OCCUPIED,OCCUPIED,0.7588963495059448
613.0,cctv2,C2_S005,G001,EMPTY,EMPTY,0.01
613.0,cctv2,C2_S006,G003,OCCUPIED,OCCUPIED,0.8180663997476751
613.0,cctv2,C2_S007,G004,OCCUPIED,OCCUPIED,0.7806697188453241
613.0,cctv2,C2_S008,G006,OCCUPIED,OCCUPIED,0.7701025045730852
613.0,cctv2,C2_S009,G005,OCCUPIED,OCCUPIED,0.8013883314349435
613.0,cctv2,C2_S010,G002,EMPTY,EMPTY,0.01
613.0,cctv2,C2_S011,G017,OCCUPIED,OCCUPIED,0.8086442904038863
613.0,cctv2,C2_S012,G018,EMPTY,EMPTY,0.01
613.0,cctv2,C2_S013,G019,OCCUPIED,OCCUPIED,0.820509202101014
613.0,cctv2,C2_S014,G020,EMPTY,EMPTY,0.01
613.0,cctv3,C3_S001,G021,OCCUPIED,OCCUPIED,0.8037520305676894
613.0,cctv3,C3_S002,G019,EMPTY,EMPTY,0.01
613.0,cctv3,C3_S003,G020,OCCUPIED,LEAVING,0.8039833272045309
613.0,cctv3,C3_S004,G024,OCCUPIED,OCCUPIED,0.8278187524188649
613.0,cctv3,C3_S005,G025,OCCUPIED,OCCUPIED,0.8316177495501259
613.0,cctv3,C3_S006,G026,OCCUPIED,OCCUPIED,0.8251783826134422
613.0,cctv3,C3_S007,G027,OCCUPIED,OCCUPIED,0.739042303101583
613.0,cctv3,C3_S008,G028,EMPTY,EMPTY,0.01
613.0,cctv3,C3_S009,G029,EMPTY,MANEUVERING,0.1878701166856017
613.0,cctv3,C3_S010,G007,OCCUPIED,LEAVING,0.5663608433072541
613.0,cctv3,C3_S011,G008,OCCUPIED,OCCUPIED,0.7913687193935568
613.0,cctv3,C3_S012,G009,OCCUPIED,OCCUPIED,0.8262143752791665
614.0,cctv1,C1_S001,G001,OCCUPIED,OCCUPIED,0.7444394780153578
614.0,cctv1,C1_S002,G002,EMPTY,EMPTY,0.01
614.0,cctv1,C1_S003,G003,OCCUPIED,OCCUPIED,0.8387848176739433
614.0,cctv1,C1_S004,G004,OCCUPIED,OCCUPIED,0.7706470190124078
614.0,cctv1,C1_S005,G005,OCCUPIED,OCCUPIED,0.7861473309722814
614.0,cctv1,C1_S006,G006,EMPTY,EMPTY,0.01
614.0,cctv2,C2_S001,G007,OCCUPIED,OCCUPIED,0.7604360916126859
614.0,cctv2,C2_S002,G008,OCCUPIED,OCCUPIED,0.8240068823099137
614.0,cctv2,C2_S003,G009,EMPTY,EMPTY,0.01
614.0,cctv2,C2_S004,G010,OCCUPIED,OCCUPIED,0.7577040389180184
614.0,cctv2,C2_S005,G001,EMPTY,EMPTY,0.01
614.0,cctv2,C2_S006,G003,OCCUPIED,OCCUPIED,0.8181308377872815
614.0,cctv2,C2_S007,G004,OCCUPIED,OCCUPIED,0.7809213189916178
614.0,cctv2,C2_S008,G006,OCCUPIED,OCCUPIED,0.7712307351556692
614.0,cctv2,C2_S009,G005,OCCUPIED,OCCUPIED,0.8014310866594315
614.0,cctv2,C2_S010,G002,EMPTY,EMPTY,0.01
614.0,cctv2,C2_S011,G017,OCCUPIED,OCCUPIED,0.8094188522208822
614.0,cctv2,C2_S012,G018,EMPTY,EMPTY,0.01
614.0,cctv2,C2_S013,G019,OCCUPIED,OCCUPIED,0.8207673305814918
614.0,cctv2,C2_S014,G020,EMPTY,EMPTY,0.01
614.0,cctv3,C3_S001,G021,OCCUPIED,OCCUPIED,0.804262385043231
614.0,cctv3,C3_S002,G019,EMPTY,EMPTY,0.01
614.0,cctv3,C3_S003,G020,OCCUPIED,LEAVING,0.8037647702477195
614.0,cctv3,C3_S004,G024,OCCUPIED,OCCUPIED,0.8281077685681257
614.0,cctv3,C3_S005,G025,OCCUPIED,OCCUPIED,0.8316154794259505
614.0,cctv3,C3_S006,G026,OCCUPIED,OCCUPIED,0.8252382747151635
614.0,cctv3,C3_S007,G027,OCCUPIED,OCCUPIED,0.7396199222992768
614.0,cctv3,C3_S008,G028,EMPTY,EMPTY,0.01
614.0,cctv3,C3_S009,G029,EMPTY,MANEUVERING,0.1878701166856017
614.0,cctv3,C3_S010,G007,OCCUPIED,LEAVING,0.5661660333489154
614.0,cctv3,C3_S011,G008,OCCUPIED,OCCUPIED,0.791576730392196
614.0,cctv3,C3_S012,G009,OCCUPIED,OCCUPIED,0.8266701264814897
615.0,cctv1,C1_S001,G001,OCCUPIED,OCCUPIED,0.7417880646207117
615.0,cctv1,C1_S002,G002,EMPTY,EMPTY,0.01
615.0,cctv1,C1_S003,G003,OCCUPIED,OCCUPIED,0.8387589798732238
615.0,cctv1,C1_S004,G004,OCCUPIED,OCCUPIED,0.770523926344785
615.0,cctv1,C1_S005,G005,OCCUPIED,OCCUPIED,0.7851580912416632
615.0,cctv1,C1_S006,G006,EMPTY,EMPTY,0.01
615.0,cctv2,C2_S001,G007,OCCUPIED,OCCUPIED,0.7599858408082616
615.0,cctv2,C2_S002,G008,OCCUPIED,OCCUPIED,0.8233652247623965
615.0,cctv2,C2_S003,G009,EMPTY,EMPTY,0.01
615.0,cctv2,C2_S004,G010,OCCUPIED,OCCUPIED,0.7588658483190971
615.0,cctv2,C2_S005,G001,EMPTY,EMPTY,0.01
615.0,cctv2,C2_S006,G003,OCCUPIED,OCCUPIED,0.8180492384867235
615.0,cctv2,C2_S007,G004,OCCUPIED,OCCUPIED,0.7812779239632868
615.0,cctv2,C2_S008,G006,OCCUPIED,OCCUPIED,0.7719662846489387
615.0,cctv2,C2_S009,G005,OCCUPIED,OCCUPIED,0.8010768286206507
615.0,cctv2,C2_S010,G002,EMPTY,EMPTY,0.01
615.0,cctv2,C2_S011,G017,OCCUPIED,OCCUPIED,0.8099152803421021
615.0,cctv2,C2_S012,G018,EMPTY,EMPTY,0.01
615.0,cctv2,C2_S013,G019,OCCUPIED,OCCUPIED,0.8213833949782632
615.0,cctv2,C2_S014,G020,EMPTY,EMPTY,0.01
615.0,cctv3,C3_S001,G021,OCCUPIED,OCCUPIED,0.8047177574851296
615.0,cctv3,C3_S002,G019,EMPTY,EMPTY,0.01
615.0,cctv3,C3_S003,G020,OCCUPIED,LEAVING,0.8054268896579743
615.0,cctv3,C3_S004,G024,OCCUPIED,OCCUPIED,0.8280409718101676
615.0,cctv3,C3_S005,G025,OCCUPIED,OCCUPIED,0.8316283719106154
615.0,cctv3,C3_S006,G026,OCCUPIED,OCCUPIED,0.8252278644930233
615.0,cctv3,C3_S007,G027,OCCUPIED,OCCUPIED,0.7404483408413151
615.0,cctv3,C3_S008,G028,EMPTY,EMPTY,0.01
615.0,cctv3,C3_S009,G029,EMPTY,MANEUVERING,0.1878701166856017
615.0,cctv3,C3_S010,G007,OCCUPIED,LEAVING,0.5649060164903376
615.0,cctv3,C3_S011,G008,OCCUPIED,OCCUPIED,0.7909465315667066
615.0,cctv3,C3_S012,G009,OCCUPIED,OCCUPIED,0.8265626105395231
616.0,cctv1,C1_S001,G001,OCCUPIED,OCCUPIED,0.7407224197279324
616.0,cctv1,C1_S002,G002,EMPTY,EMPTY,0.01
616.0,cctv1,C1_S003,G003,OCCUPIED,OCCUPIED,0.8386386259035632
616.0,cctv1,C1_S004,G004,OCCUPIED,OCCUPIED,0.7719133585691452
616.0,cctv1,C1_S005,G005,OCCUPIED,OCCUPIED,0.7860101916573266
616.0,cctv1,C1_S006,G006,EMPTY,EMPTY,0.01
616.0,cctv2,C2_S001,G007,OCCUPIED,OCCUPIED,0.7595537807453763
616.0,cctv2,C2_S002,G008,OCCUPIED,OCCUPIED,0.8239967435598374
616.0,cctv2,C2_S003,G009,EMPTY,EMPTY,0.01
616.0,cctv2,C2_S004,G010,OCCUPIED,OCCUPIED,0.7621601939201356
616.0,cctv2,C2_S005,G001,EMPTY,EMPTY,0.01
616.0,cctv2,C2_S006,G003,OCCUPIED,OCCUPIED,0.8177200176499108
616.0,cctv2,C2_S007,G004,OCCUPIED,OCCUPIED,0.7810886737975208
616.0,cctv2,C2_S008,G006,OCCUPIED,OCCUPIED,0.7721865179863844
616.0,cctv2,C2_S009,G005,OCCUPIED,OCCUPIED,0.8001892352646048
616.0,cctv2,C2_S010,G002,EMPTY,EMPTY,0.01
616.0,cctv2,C2_S011,G017,OCCUPIED,OCCUPIED,0.8100799200209705
616.0,cctv2,C2_S012,G018,EMPTY,EMPTY,0.01
616.0,cctv2,C2_S013,G019,OCCUPIED,OCCUPIED,0.8225305830890483
616.0,cctv2,C2_S014,G020,EMPTY,EMPTY,0.01
616.0,cctv3,C3_S001,G021,OCCUPIED,OCCUPIED,0.804969399896535
616.0,cctv3,C3_S002,G019,EMPTY,EMPTY,0.01
616.0,cctv3,C3_S003,G020,OCCUPIED,LEAVING,0.805688931725242
616.0,cctv3,C3_S004,G024,OCCUPIED,OCCUPIED,0.8279813658107411
616.0,cctv3,C3_S005,G025,OCCUPIED,OCCUPIED,0.8315643638372422
616.0,cctv3,C3_S006,G026,OCCUPIED,OCCUPIED,0.8250686640089209
616.0,cctv3,C3_S007,G027,OCCUPIED,OCCUPIED,0.7417372320863335
616.0,cctv3,C3_S008,G028,EMPTY,EMPTY,0.01
616.0,cctv3,C3_S009,G029,EMPTY,MANEUVERING,0.2028074075958945
616.0,cctv3,C3_S010,G007,OCCUPIED,LEAVING,0.6588842853027763
616.0,cctv3,C3_S011,G008,OCCUPIED,OCCUPIED,0.7908774581822483
616.0,cctv3,C3_S012,G009,OCCUPIED,OCCUPIED,0.8263822181658311
617.0,cctv1,C1_S001,G001,OCCUPIED,OCCUPIED,0.7416178516366265
617.0,cctv1,C1_S002,G002,EMPTY,EMPTY,0.01
617.0,cctv1,C1_S003,G003,OCCUPIED,OCCUPIED,0.8386723282662305
617.0,cctv1,C1_S004,G004,OCCUPIED,OCCUPIED,0.7743193748322401
617.0,cctv1,C1_S005,G005,OCCUPIED,OCCUPIED,0.7874737577004867
617.0,cctv1,C1_S006,G006,EMPTY,EMPTY,0.01
617.0,cctv2,C2_S001,G007,OCCUPIED,OCCUPIED,0.7593061601031911
617.0,cctv2,C2_S002,G008,OCCUPIED,OCCUPIED,0.8234438947655939
617.0,cctv2,C2_S003,G009,EMPTY,EMPTY,0.01
617.0,cctv2,C2_S004,G010,OCCUPIED,OCCUPIED,0.7609503766352481
617.0,cctv2,C2_S005,G001,EMPTY,EMPTY,0.01
617.0,cctv2,C2_S006,G003,OCCUPIED,OCCUPIED,0.8171956051479687
617.0,cctv2,C2_S007,G004,OCCUPIED,OCCUPIED,0.7802933533083309
617.0,cctv2,C2_S008,G006,OCCUPIED,OCCUPIED,0.7695122568444773
617.0,cctv2,C2_S009,G005,OCCUPIED,OCCUPIED,0.8000289846550335
617.0,cctv2,C2_S010,G002,EMPTY,EMPTY,0.01
617.0,cctv2,C2_S011,G017,OCCUPIED,OCCUPIED,0.8107932242480191
617.0,cctv2,C2_S012,G018,EMPTY,EMPTY,0.01
617.0,cctv2,C2_S013,G019,OCCUPIED,OCCUPIED,0.8237743331627413
617.0,cctv2,C2_S014,G020,EMPTY,EMPTY,0.01
617.0,cctv3,C3_S001,G021,OCCUPIED,OCCUPIED,0.804738517782905
617.0,cctv3,C3_S002,G019,EMPTY,EMPTY,0.01
617.0,cctv3,C3_S003,G020,OCCUPIED,LEAVING,0.8056082923303951
617.0,cctv3,C3_S004,G024,OCCUPIED,OCCUPIED,0.8277912996032022
617.0,cctv3,C3_S005,G025,OCCUPIED,OCCUPIED,0.8314761199734428
617.0,cctv3,C3_S006,G026,OCCUPIED,OCCUPIED,0.8250331751324914
617.0,cctv3,C3_S007,G027,OCCUPIED,OCCUPIED,0.7416551044718787
617.0,cctv3,C3_S008,G028,EMPTY,EMPTY,0.01
617.0,cctv3,C3_S009,G029,EMPTY,MANEUVERING,0.2028074075958945
617.0,cctv3,C3_S010,G007,OCCUPIED,LEAVING,0.658605938068845
617.0,cctv3,C3_S011,G008,OCCUPIED,OCCUPIED,0.7916502838784999
617.0,cctv3,C3_S012,G009,OCCUPIED,OCCUPIED,0.826318710771474
618.0,cctv1,C1_S001,G001,OCCUPIED,OCCUPIED,0.740667339143428
618.0,cctv1,C1_S002,G002,EMPTY,EMPTY,0.01
618.0,cctv1,C1_S003,G003,OCCUPIED,OCCUPIED,0.8386170934547078
618.0,cctv1,C1_S004,G004,OCCUPIED,OCCUPIED,0.7744690481912007
618.0,cctv1,C1_S005,G005,OCCUPIED,OCCUPIED,0.78960806903514
618.0,cctv1,C1_S006,G006,EMPTY,EMPTY,0.01
618.0,cctv2,C2_S001,G007,OCCUPIED,OCCUPIED,0.7574764420498502
618.0,cctv2,C2_S002,G008,OCCUPIED,OCCUPIED,0.8240874412384901
618.0,cctv2,C2_S003,G009,EMPTY,EMPTY,0.01
618.0,cctv2,C2_S004,G010,OCCUPIED,OCCUPIED,0.763282222910361
618.0,cctv2,C2_S005,G001,EMPTY,EMPTY,0.01
618.0,cctv2,C2_S006,G003,OCCUPIED,OCCUPIED,0.8168150777166541
618.0,cctv2,C2_S007,G004,OCCUPIED,OCCUPIED,0.7795097280632366
618.0,cctv2,C2_S008,G006,OCCUPIED,OCCUPIED,0.7682412957603282
618.0,cctv2,C2_S009,G005,OCCUPIED,OCCUPIED,0.7991337608207356
618.0,cctv2,C2_S010,G002,EMPTY,EMPTY,0.01
618.0,cctv2,C2_S011,G017,OCCUPIED,OCCUPIED,0.8110404020006007
618.0,cctv2,C2_S012,G018,EMPTY,EMPTY,0.01
618.0,cctv2,C2_S013,G019,OCCUPIED,OCCUPIED,0.8252520295706662
618.0,cctv2,C2_S014,G020,EMPTY,EMPTY,0.01
618.0,cctv3,C3_S001,G021,OCCUPIED,OCCUPIED,0.8045872761444612
618.0,cctv3,C3_S002,G019,EMPTY,EMPTY,0.01
618.0,cctv3,C3_S003,G020,OCCUPIED,LEAVING,0.8073729062622245
618.0,cctv3,C3_S004,G024,OCCUPIED,OCCUPIED,0.8278725022619422
618.0,cctv3,C3_S005,G025,OCCUPIED,OCCUPIED,0.8314719885587692
618.0,cctv3,C3_S006,G026,OCCUPIED,OCCUPIED,0.8249338854442944
618.0,cctv3,C3_S007,G027,OCCUPIED,OCCUPIED,0.7410418171774258
618.0,cctv3,C3_S008,G028,EMPTY,EMPTY,0.01
618.0,cctv3,C3_S009,G029,EMPTY,MANEUVERING,0.0565685842253945
618.0,cctv3,C3_S010,G007,OCCUPIED,LEAVING,0.69673775553026
618.0,cctv3,C3_S011,G008,OCCUPIED,OCCUPIED,0.7911061555147172
618.0,cctv3,C3_S012,G009,OCCUPIED,OCCUPIED,0.8261303961277009
619.0,cctv1,C1_S001,G001,OCCUPIED,OCCUPIED,0.738965646990321
619.0,cctv1,C1_S002,G002,EMPTY,EMPTY,0.01
619.0,cctv1,C1_S003,G003,OCCUPIED,OCCUPIED,0.8385850938883695
619.0,cctv1,C1_S004,G004,OCCUPIED,OCCUPIED,0.7741497202353045
619.0,cctv1,C1_S005,G005,OCCUPIED,OCCUPIED,0.788342443514954
619.0,cctv1,C1_S006,G006,EMPTY,EMPTY,0.01
619.0,cctv2,C2_S001,G007,OCCUPIED,OCCUPIED,0.7566028421033513
619.0,cctv2,C2_S002,G008,OCCUPIED,OCCUPIED,0.8248834436590022
619.0,cctv2,C2_S003,G009,EMPTY,EMPTY,0.01
619.0,cctv2,C2_S004,G010,OCCUPIED,OCCUPIED,0.7652630899440159
619.0,cctv2,C2_S005,G001,EMPTY,EMPTY,0.01
619.0,cctv2,C2_S006,G003,OCCUPIED,OCCUPIED,0.8164730619300496
619.0,cctv2,C2_S007,G004,OCCUPIED,OCCUPIED,0.7785704977133058
619.0,cctv2,C2_S008,G006,OCCUPIED,OCCUPIED,0.7670385924252597
619.0,cctv2,C2_S009,G005,OCCUPIED,OCCUPIED,0.7982535630464554
619.0,cctv2,C2_S010,G002,EMPTY,EMPTY,0.01
619.0,cctv2,C2_S011,G017,OCCUPIED,OCCUPIED,0.8115885325453499
619.0,cctv2,C2_S012,G018,EMPTY,EMPTY,0.01
619.0,cctv2,C2_S013,G019,OCCUPIED,OCCUPIED,0.8262473818930713
619.0,cctv2,C2_S014,G020,EMPTY,EMPTY,0.01
619.0,cctv3,C3_S001,G021,OCCUPIED,OCCUPIED,0.8049065663055941
619.0,cctv3,C3_S002,G019,EMPTY,EMPTY,0.01
619.0,cctv3,C3_S003,G020,OCCUPIED,LEAVING,0.8045768236572093
619.0,cctv3,C3_S004,G024,OCCUPIED,OCCUPIED,0.8276872217655182
619.0,cctv3,C3_S005,G025,OCCUPIED,OCCUPIED,0.8315039978785949
619.0,cctv3,C3_S006,G026,OCCUPIED,OCCUPIED,0.824992537227544
619.0,cctv3,C3_S007,G027,OCCUPIED,OCCUPIED,0.7429769470610402
619.0,cctv3,C3_S008,G028,EMPTY,EMPTY,0.01
619.0,cctv3,C3_S009,G029,EMPTY,MANEUVERING,0.0565685842253945
619.0,cctv3,C3_S010,G007,OCCUPIED,LEAVING,0.6986962278864601
619.0,cctv3,C3_S011,G008,OCCUPIED,OCCUPIED,0.7917071442712438
619.0,cctv3,C3_S012,G009,OCCUPIED,OCCUPIED,0.8261290712790057
620.0,cctv1,C1_S001,G001,OCCUPIED,OCCUPIED,0.7375169958580624
620.0,cctv1,C1_S002,G002,EMPTY,EMPTY,0.01
620.0,cctv1,C1_S003,G003,OCCUPIED,OCCUPIED,0.8385687364773318
620.0,cctv1,C1_S004,G004,OCCUPIED,OCCUPIED,0.7747006097977812
620.0,cctv1,C1_S005,G005,OCCUPIED,OCCUPIED,0.786976524510167
620.0,cctv1,C1_S006,G006,EMPTY,EMPTY,0.01
620.0,cctv2,C2_S001,G007,OCCUPIED,OCCUPIED,0.792463678392497
620.0,cctv2,C2_S002,G008,OCCUPIED,OCCUPIED,0.8248824057253925
620.0,cctv2,C2_S003,G009,EMPTY,EMPTY,0.01
620.0,cctv2,C2_S004,G010,OCCUPIED,OCCUPIED,0.7660536454482513
620.0,cctv2,C2_S005,G001,EMPTY,EMPTY,0.01
620.0,cctv2,C2_S006,G003,OCCUPIED,OCCUPIED,0.8165915822440928
620.0,cctv2,C2_S007,G004,OCCUPIED,OCCUPIED,0.7790039304982532
620.0,cctv2,C2_S008,G006,OCCUPIED,OCCUPIED,0.7663399554111742
620.0,cctv2,C2_S009,G005,OCCUPIED,OCCUPIED,0.7977742969989777
620.0,cctv2,C2_S010,G002,EMPTY,EMPTY,0.01
620.0,cctv2,C2_S011,G017,OCCUPIED,OCCUPIED,0.8117713169618087
620.0,cctv2,C2_S012,G018,EMPTY,EMPTY,0.01
620.0,cctv2,C2_S013,G019,OCCUPIED,OCCUPIED,0.8255772555416281
620.0,cctv2,C2_S014,G020,EMPTY,EMPTY,0.01
620.0,cctv3,C3_S001,G021,OCCUPIED,OCCUPIED,0.8048575794154949
620.0,cctv3,C3_S002,G019,EMPTY,EMPTY,0.01
620.0,cctv3,C3_S003,G020,OCCUPIED,LEAVING,0.8054624012925409
620.0,cctv3,C3_S004,G024,OCCUPIED,OCCUPIED,0.8276744186878204
620.0,cctv3,C3_S005,G025,OCCUPIED,OCCUPIED,0.8315341800451279
620.0,cctv3,C3_S006,G026,OCCUPIED,OCCUPIED,0.8249826049262827
620.0,cctv3,C3_S007,G027,OCCUPIED,OCCUPIED,0.7436448756266725
620.0,cctv3,C3_S008,G028,EMPTY,EMPTY,0.01
620.0,cctv3,C3_S009,G029,EMPTY,MANEUVERING,0.0565685842253945
620.0,cctv3,C3_S010,G007,OCCUPIED,LEAVING,0.7015063212744215
620.0,cctv3,C3_S011,G008,OCCUPIED,OCCUPIED,0.7916396688331258
620.0,cctv3,C3_S012,G009,OCCUPIED,OCCUPIED,0.8258192468773236
621.0,cctv1,C1_S001,G001,OCCUPIED,OCCUPIED,0.7390538124198264
621.0,cctv1,C1_S002,G002,EMPTY,EMPTY,0.01
621.0,cctv1,C1_S003,G003,OCCUPIED,OCCUPIED,0.838580440662124
621.0,cctv1,C1_S004,G004,OCCUPIED,OCCUPIED,0.7739727505228737
621.0,cctv1,C1_S005,G005,OCCUPIED,OCCUPIED,0.7840612433173441
621.0,cctv1,C1_S006,G006,EMPTY,EMPTY,0.01
621.0,cctv2,C2_S001,G007,OCCUPIED,OCCUPIED,0.791852795535868
621.0,cctv2,C2_S002,G008,OCCUPIED,OCCUPIED,0.8236603409051896
621.0,cctv2,C2_S003,G009,EMPTY,EMPTY,0.01
621.0,cctv2,C2_S004,G010,OCCUPIED,OCCUPIED,0.7691283160989936
621.0,cctv2,C2_S005,G001,EMPTY,EMPTY,0.01
621.0,cctv2,C2_S006,G003,OCCUPIED,OCCUPIED,0.8165944806554102
621.0,cctv2,C2_S007,G004,OCCUPIED,OCCUPIED,0.778614177080718
621.0,cctv2,C2_S008,G006,OCCUPIED,OCCUPIED,0.7671630196950653
621.0,cctv2,C2_S009,G005,OCCUPIED,OCCUPIED,0.7984221813353626
621.0,cctv2,C2_S010,G002,EMPTY,EMPTY,0.01
621.0,cctv2,C2_S011,G017,OCCUPIED,OCCUPIED,0.8118266054175117
621.0,cctv2,C2_S012,G018,EMPTY,EMPTY,0.01
621.0,cctv2,C2_S013,G019,OCCUPIED,OCCUPIED,0.8279264114119791
621.0,cctv2,C2_S014,G020,EMPTY,EMPTY,0.01
621.0,cctv3,C3_S001,G021,OCCUPIED,OCCUPIED,0.8052226321263747
621.0,cctv3,C3_S002,G019,EMPTY,EMPTY,0.01
621.0,cctv3,C3_S003,G020,OCCUPIED,LEAVING,0.8043586478991942
621.0,cctv3,C3_S004,G024,OCCUPIED,OCCUPIED,0.8275528772310778
621.0,cctv3,C3_S005,G025,OCCUPIED,OCCUPIED,0.8314172080971979
621.0,cctv3,C3_S006,G026,OCCUPIED,OCCUPIED,0.8250612773678521
621.0,cctv3,C3_S007,G027,OCCUPIED,OCCUPIED,0.7447592692619021
621.0,cctv3,C3_S008,G028,EMPTY,EMPTY,0.01
621.0,cctv3,C3_S009,G029,EMPTY,MANEUVERING,0.0565685842253945
621.0,cctv3,C3_S010,G007,OCCUPIED,LEAVING,0.7022182635895231
621.0,cctv3,C3_S011,G008,OCCUPIED,OCCUPIED,0.7915665062991056
621.0,cctv3,C3_S012,G009,OCCUPIED,OCCUPIED,0.8257494200359692
622.0,cctv1,C1_S001,G001,OCCUPIED,OCCUPIED,0.735193075307391
622.0,cctv1,C1_S002,G002,EMPTY,EMPTY,0.01
622.0,cctv1,C1_S003,G003,OCCUPIED,OCCUPIED,0.8385391126979482
622.0,cctv1,C1_S004,G004,OCCUPIED,OCCUPIED,0.7728494161909277
622.0,cctv1,C1_S005,G005,OCCUPIED,OCCUPIED,0.7815462480891835
622.0,cctv1,C1_S006,G006,EMPTY,EMPTY,0.01
622.0,cctv2,C2_S001,G007,OCCUPIED,OCCUPIED,0.7916050801222976
622.0,cctv2,C2_S002,G008,OCCUPIED,OCCUPIED,0.8251313447952271
622.0,cctv2,C2_S003,G009,EMPTY,EMPTY,0.01
622.0,cctv2,C2_S004,G010,OCCUPIED,OCCUPIED,0.7708719632842325
622.0,cctv2,C2_S005,G001,EMPTY,EMPTY,0.01
622.0,cctv2,C2_S006,G003,OCCUPIED,OCCUPIED,0.816490202871236
622.0,cctv2,C2_S007,G004,OCCUPIED,OCCUPIED,0.7786878784949129
622.0,cctv2,C2_S008,G006,OCCUPIED,OCCUPIED,0.7669123010201888
622.0,cctv2,C2_S009,G005,OCCUPIED,OCCUPIED,0.7983804347840223
622.0,cctv2,C2_S010,G002,EMPTY,EMPTY,0.01
622.0,cctv2,C2_S011,G017,OCCUPIED,OCCUPIED,0.8123193223368038
622.0,cctv2,C2_S012,G018,EMPTY,EMPTY,0.01
622.0,cctv2,C2_S013,G019,OCCUPIED,OCCUPIED,0.8281217859549956
622.0,cctv2,C2_S014,G020,EMPTY,EMPTY,0.01
622.0,cctv3,C3_S001,G021,OCCUPIED,OCCUPIED,0.8062156850641424
622.0,cctv3,C3_S002,G019,EMPTY,EMPTY,0.01
622.0,cctv3,C3_S003,G020,OCCUPIED,OCCUPIED,0.8068002912131224
622.0,cctv3,C3_S004,G024,OCCUPIED,OCCUPIED,0.8274794798005711
622.0,cctv3,C3_S005,G025,OCCUPIED,OCCUPIED,0.8315036524425854
622.0,cctv3,C3_S006,G026,OCCUPIED,OCCUPIED,0.8251879125833512
622.0,cctv3,C3_S007,G027,OCCUPIED,OCCUPIED,0.7451122487810525
622.0,cctv3,C3_S008,G028,EMPTY,EMPTY,0.01
622.0,cctv3,C3_S009,G029,EMPTY,MANEUVERING,0.0565685842253945
622.0,cctv3,C3_S010,G007,OCCUPIED,LEAVING,0.7052669743380764
622.0,cctv3,C3_S011,G008,OCCUPIED,OCCUPIED,0.7925905574451794
622.0,cctv3,C3_S012,G009,OCCUPIED,OCCUPIED,0.8259304683316838
623.0,cctv1,C1_S001,G001,OCCUPIED,OCCUPIED,0.7341137863018297
623.0,cctv1,C1_S002,G002,EMPTY,EMPTY,0.01
623.0,cctv1,C1_S003,G003,OCCUPIED,OCCUPIED,0.8386645311659033
623.0,cctv1,C1_S004,G004,OCCUPIED,OCCUPIED,0.773221921378916
623.0,cctv1,C1_S005,G005,OCCUPIED,OCCUPIED,0.7788048918951642
623.0,cctv1,C1_S006,G006,EMPTY,EMPTY,0.01
623.0,cctv2,C2_S001,G007,OCCUPIED,OCCUPIED,0.789523684707555
623.0,cctv2,C2_S002,G008,OCCUPIED,OCCUPIED,0.8249407372691415
623.0,cctv2,C2_S003,G009,EMPTY,EMPTY,0.01
623.0,cctv2,C2_S004,G010,OCCUPIED,OCCUPIED,0.7740734426812693
623.0,cctv2,C2_S005,G001,EMPTY,EMPTY,0.01
623.0,cctv2,C2_S006,G003,OCCUPIED,OCCUPIED,0.8167875745079735
623.0,cctv2,C2_S007,G004,OCCUPIED,OCCUPIED,0.7786550401286646
623.0,cctv2,C2_S008,G006,OCCUPIED,OCCUPIED,0.7664058077064428
623.0,cctv2,C2_S009,G005,OCCUPIED,OCCUPIED,0.798065639354966
623.0,cctv2,C2_S010,G002,EMPTY,EMPTY,0.01
623.0,cctv2,C2_S011,G017,OCCUPIED,OCCUPIED,0.8124907179312273
623.0,cctv2,C2_S012,G018,EMPTY,EMPTY,0.01
623.0,cctv2,C2_S013,G019,OCCUPIED,OCCUPIED,0.8283437818288804
623.0,cctv2,C2_S014,G020,EMPTY,EMPTY,0.01
623.0,cctv3,C3_S001,G021,OCCUPIED,OCCUPIED,0.806280606714162
623.0,cctv3,C3_S002,G019,EMPTY,EMPTY,0.01
623.0,cctv3,C3_S003,G020,OCCUPIED,OCCUPIED,0.8071403148499403
623.0,cctv3,C3_S004,G024,OCCUPIED,OCCUPIED,0.8275647707960823
623.0,cctv3,C3_S005,G025,OCCUPIED,OCCUPIED,0.8314766702326862
623.0,cctv3,C3_S006,G026,OCCUPIED,OCCUPIED,0.8249933345751329
623.0,cctv3,C3_S007,G027,OCCUPIED,OCCUPIED,0.747019649296999
623.0,cctv3,C3_S008,G028,EMPTY,EMPTY,0.01
623.0,cctv3,C3_S009,G029,EMPTY,EMPTY,0.01
623.0,cctv3,C3_S010,G007,OCCUPIED,LEAVING,0.7526825400916013
623.0,cctv3,C3_S011,G008,OCCUPIED,OCCUPIED,0.7912478923797608
623.0,cctv3,C3_S012,G009,OCCUPIED,OCCUPIED,0.8261460073969582
624.0,cctv1,C1_S001,G001,OCCUPIED,OCCUPIED,0.73449893058701
624.0,cctv1,C1_S002,G002,EMPTY,EMPTY,0.01
624.0,cctv1,C1_S003,G003,OCCUPIED,OCCUPIED,0.8384375260634856
624.0,cctv1,C1_S004,G004,OCCUPIED,OCCUPIED,0.7723757340149446
624.0,cctv1,C1_S005,G005,OCCUPIED,OCCUPIED,0.7762806629592722
624.0,cctv1,C1_S006,G006,EMPTY,EMPTY,0.01
624.0,cctv2,C2_S001,G007,OCCUPIED,OCCUPIED,0.785943531448191
624.0,cctv2,C2_S002,G008,OCCUPIED,OCCUPIED,0.8247998481447048
624.0,cctv2,C2_S003,G009,EMPTY,EMPTY,0.01
624.0,cctv2,C2_S004,G010,OCCUPIED,OCCUPIED,0.7754233054139398
624.0,cctv2,C2_S005,G001,EMPTY,EMPTY,0.01
624.0,cctv2,C2_S006,G003,OCCUPIED,OCCUPIED,0.8169346822933717
624.0,cctv2,C2_S007,G004,OCCUPIED,OCCUPIED,0.7798459165475586
624.0,cctv2,C2_S008,G006,OCCUPIED,OCCUPIED,0.767334382371469
624.0,cctv2,C2_S009,G005,OCCUPIED,OCCUPIED,0.7985274507240816
624.0,cctv2,C2_S010,G002,EMPTY,EMPTY,0.01
624.0,cctv2,C2_S011,G017,OCCUPIED,OCCUPIED,0.8123167474161496
624.0,cctv2,C2_S012,G018,EMPTY,EMPTY,0.01
624.0,cctv2,C2_S013,G019,OCCUPIED,OCCUPIED,0.8287583749402654
624.0,cctv2,C2_S014,G020,EMPTY,EMPTY,0.01
624.0,cctv3,C3_S001,G021,OCCUPIED,OCCUPIED,0.805948506160216
624.0,cctv3,C3_S002,G019,EMPTY,EMPTY,0.01
624.0,cctv3,C3_S003,G020,OCCUPIED,OCCUPIED,0.8063786178827287
624.0,cctv3,C3_S004,G024,OCCUPIED,OCCUPIED,0.8276928625323556
624.0,cctv3,C3_S005,G025,OCCUPIED,OCCUPIED,0.8313837349414825
624.0,cctv3,C3_S006,G026,OCCUPIED,OCCUPIED,0.825120347738266
624.0,cctv3,C3_S007,G027,OCCUPIED,OCCUPIED,0.7472362458028577
624.0,cctv3,C3_S008,G028,EMPTY,EMPTY,0.01
624.0,cctv3,C3_S009,G029,EMPTY,EMPTY,0.01
624.0,cctv3,C3_S010,G007,OCCUPIED,LEAVING,0.7508097351952033
624.0,cctv3,C3_S011,G008,OCCUPIED,OCCUPIED,0.7884866215965965
624.0,cctv3,C3_S012,G009,OCCUPIED,OCCUPIED,0.8258197833191265
625.0,cctv1,C1_S001,G001,OCCUPIED,OCCUPIED,0.7350846864283086
625.0,cctv1,C1_S002,G002,EMPTY,EMPTY,0.01
625.0,cctv1,C1_S003,G003,OCCUPIED,OCCUPIED,0.8386312449520286
625.0,cctv1,C1_S004,G004,OCCUPIED,OCCUPIED,0.771884483369914
625.0,cctv1,C1_S005,G005,OCCUPIED,OCCUPIED,0.7737852949987759
625.0,cctv1,C1_S006,G006,EMPTY,EMPTY,0.01
625.0,cctv2,C2_S001,G007,OCCUPIED,OCCUPIED,0.7859295880252666
625.0,cctv2,C2_S002,G008,OCCUPIED,OCCUPIED,0.8251535965637729
625.0,cctv2,C2_S003,G009,EMPTY,EMPTY,0.01
625.0,cctv2,C2_S004,G010,OCCUPIED,OCCUPIED,0.7773343659260057
625.0,cctv2,C2_S005,G001,EMPTY,EMPTY,0.01
625.0,cctv2,C2_S006,G003,OCCUPIED,OCCUPIED,0.8169529757716439
625.0,cctv2,C2_S007,G004,OCCUPIED,OCCUPIED,0.7797281082380902
625.0,cctv2,C2_S008,G006,OCCUPIED,OCCUPIED,0.766352984851057
625.0,cctv2,C2_S009,G005,OCCUPIED,OCCUPIED,0.7972881165417759
625.0,cctv2,C2_S010,G002,EMPTY,EMPTY,0.01
625.0,cctv2,C2_S011,G017,OCCUPIED,OCCUPIED,0.8120403140783311
625.0,cctv2,C2_S012,G018,EMPTY,EMPTY,0.01
625.0,cctv2,C2_S013,G019,OCCUPIED,OCCUPIED,0.8295572205023333
625.0,cctv2,C2_S014,G020,EMPTY,EMPTY,0.01
625.0,cctv3,C3_S001,G021,OCCUPIED,OCCUPIED,0.8060121582313018
625.0,cctv3,C3_S002,G019,EMPTY,EMPTY,0.01
625.0,cctv3,C3_S003,G020,OCCUPIED,OCCUPIED,0.8065432169220665
625.0,cctv3,C3_S004,G024,OCCUPIED,OCCUPIED,0.8278232682834973
625.0,cctv3,C3_S005,G025,OCCUPIED,OCCUPIED,0.8314989057454196
625.0,cctv3,C3_S006,G026,OCCUPIED,OCCUPIED,0.8252421387217262
625.0,cctv3,C3_S007,G027,OCCUPIED,OCCUPIED,0.7477452542971481
625.0,cctv3,C3_S008,G028,EMPTY,EMPTY,0.01
625.0,cctv3,C3_S009,G029,EMPTY,EMPTY,0.01
625.0,cctv3,C3_S010,G007,OCCUPIED,LEAVING,0.7519308758052914
625.0,cctv3,C3_S011,G008,OCCUPIED,OCCUPIED,0.789868093349717
625.0,cctv3,C3_S012,G009,OCCUPIED,OCCUPIED,0.8256679101423785
626.0,cctv1,C1_S001,G001,OCCUPIED,OCCUPIED,0.7360891446471215
626.0,cctv1,C1_S002,G002,EMPTY,EMPTY,0.01
626.0,cctv1,C1_S003,G003,OCCUPIED,OCCUPIED,0.8385579710656947
626.0,cctv1,C1_S004,G004,OCCUPIED,OCCUPIED,0.7717229257930409
626.0,cctv1,C1_S005,G005,OCCUPIED,OCCUPIED,0.7759230135516687
626.0,cctv1,C1_S006,G006,EMPTY,EMPTY,0.01
626.0,cctv2,C2_S001,G007,OCCUPIED,OCCUPIED,0.7838606124574489
626.0,cctv2,C2_S002,G008,OCCUPIED,OCCUPIED,0.8253199422901327
626.0,cctv2,C2_S003,G009,EMPTY,EMPTY,0.01
626.0,cctv2,C2_S004,G010,OCCUPIED,OCCUPIED,0.7767210572957993
626.0,cctv2,C2_S005,G001,EMPTY,EMPTY,0.01
626.0,cctv2,C2_S006,G003,OCCUPIED,OCCUPIED,0.8172940316525373
626.0,cctv2,C2_S007,G004,OCCUPIED,OCCUPIED,0.7807992492209782
626.0,cctv2,C2_S008,G006,OCCUPIED,OCCUPIED,0.7665349885821343
626.0,cctv2,C2_S009,G005,OCCUPIED,OCCUPIED,0.7969373307444834
626.0,cctv2,C2_S010,G002,EMPTY,EMPTY,0.01
626.0,cctv2,C2_S011,G017,OCCUPIED,OCCUPIED,0.8120490223169328
626.0,cctv2,C2_S012,G018,EMPTY,EMPTY,0.01
626.0,cctv2,C2_S013,G019,OCCUPIED,OCCUPIED,0.8301088679920544
626.0,cctv2,C2_S014,G020,EMPTY,EMPTY,0.01
626.0,cctv3,C3_S001,G021,OCCUPIED,OCCUPIED,0.8060366053472866
626.0,cctv3,C3_S002,G019,EMPTY,EMPTY,0.01
626.0,cctv3,C3_S003,G020,OCCUPIED,OCCUPIED,0.8066415670243177
626.0,cctv3,C3_S004,G024,OCCUPIED,OCCUPIED,0.8276714585044168
626.0,cctv3,C3_S005,G025,OCCUPIED,OCCUPIED,0.8314254254102708
626.0,cctv3,C3_S006,G026,OCCUPIED,OCCUPIED,0.8252803732048382
626.0,cctv3,C3_S007,G027,OCCUPIED,OCCUPIED,0.7480105857280168
626.0,cctv3,C3_S008,G028,EMPTY,EMPTY,0.01
626.0,cctv3,C3_S009,G029,EMPTY,EMPTY,0.01
626.0,cctv3,C3_S010,G007,OCCUPIED,OCCUPIED,0.753072200851007
626.0,cctv3,C3_S011,G008,OCCUPIED,OCCUPIED,0.7904502912001177
626.0,cctv3,C3_S012,G009,OCCUPIED,OCCUPIED,0.8254501188343222
627.0,cctv1,C1_S001,G001,OCCUPIED,OCCUPIED,0.7373702969063413
627.0,cctv1,C1_S002,G002,EMPTY,EMPTY,0.01
627.0,cctv1,C1_S003,G003,OCCUPIED,OCCUPIED,0.8383724581111562
627.0,cctv1,C1_S004,G004,OCCUPIED,OCCUPIED,0.7708164683797143
627.0,cctv1,C1_S005,G005,OCCUPIED,OCCUPIED,0.7732670812444254
627.0,cctv1,C1_S006,G006,EMPTY,EMPTY,0.01
627.0,cctv2,C2_S001,G007,OCCUPIED,OCCUPIED,0.7813156406987798
627.0,cctv2,C2_S002,G008,OCCUPIED,OCCUPIED,0.8245889102870768
627.0,cctv2,C2_S003,G009,EMPTY,EMPTY,0.01
627.0,cctv2,C2_S004,G010,OCCUPIED,OCCUPIED,0.7737304897470908
627.0,cctv2,C2_S005,G001,EMPTY,EMPTY,0.01
627.0,cctv2,C2_S006,G003,OCCUPIED,OCCUPIED,0.8171348401091316
627.0,cctv2,C2_S007,G004,OCCUPIED,OCCUPIED,0.7813769198276781
627.0,cctv2,C2_S008,G006,OCCUPIED,OCCUPIED,0.7670967150818219
627.0,cctv2,C2_S009,G005,OCCUPIED,OCCUPIED,0.7964822842316195
627.0,cctv2,C2_S010,G002,EMPTY,EMPTY,0.01
627.0,cctv2,C2_S011,G017,OCCUPIED,OCCUPIED,0.8115025376731699
627.0,cctv2,C2_S012,G018,EMPTY,EMPTY,0.01
627.0,cctv2,C2_S013,G019,OCCUPIED,OCCUPIED,0.8296877684918318
627.0,cctv2,C2_S014,G020,EMPTY,EMPTY,0.01
627.0,cctv3,C3_S001,G021,OCCUPIED,OCCUPIED,0.8056000611998819
627.0,cctv3,C3_S002,G019,EMPTY,EMPTY,0.01
627.0,cctv3,C3_S003,G020,OCCUPIED,OCCUPIED,0.8049336476759478
627.0,cctv3,C3_S004,G024,OCCUPIED,OCCUPIED,0.8277035978707401
627.0,cctv3,C3_S005,G025,OCCUPIED,OCCUPIED,0.83149628368291
627.0,cctv3,C3_S006,G026,OCCUPIED,OCCUPIED,0.8253139503977516
627.0,cctv3,C3_S007,G027,OCCUPIED,OCCUPIED,0.7490119652991946
627.0,cctv3,C3_S008,G028,EMPTY,EMPTY,0.01
627.0,cctv3,C3_S009,G029,EMPTY,EMPTY,0.01
627.0,cctv3,C3_S010,G007,OCCUPIED,OCCUPIED,0.754042591967366
627.0,cctv3,C3_S011,G008,OCCUPIED,OCCUPIED,0.7911380217833953
627.0,cctv3,C3_S012,G009,OCCUPIED,OCCUPIED,0.8255624595013532
628.0,cctv1,C1_S001,G001,OCCUPIED,OCCUPIED,0.7366535602645441
628.0,cctv1,C1_S002,G002,EMPTY,EMPTY,0.01
628.0,cctv1,C1_S003,G003,OCCUPIED,OCCUPIED,0.8383298248052597
628.0,cctv1,C1_S004,G004,OCCUPIED,OCCUPIED,0.7698596317659725
628.0,cctv1,C1_S005,G005,OCCUPIED,OCCUPIED,0.7733318281444637
628.0,cctv1,C1_S006,G006,EMPTY,EMPTY,0.01
628.0,cctv2,C2_S001,G007,OCCUPIED,OCCUPIED,0.7795281146060338
628.0,cctv2,C2_S002,G008,OCCUPIED,OCCUPIED,0.8196624514731494
628.0,cctv2,C2_S003,G009,EMPTY,MANEUVERING,0.2199235090952027
628.0,cctv2,C2_S004,G010,OCCUPIED,OCCUPIED,0.7741799458861351
628.0,cctv2,C2_S005,G001,EMPTY,EMPTY,0.01
628.0,cctv2,C2_S006,G003,OCCUPIED,OCCUPIED,0.8174585632302545
628.0,cctv2,C2_S007,G004,OCCUPIED,OCCUPIED,0.7812474195252765
628.0,cctv2,C2_S008,G006,OCCUPIED,OCCUPIED,0.768764943832701
628.0,cctv2,C2_S009,G005,OCCUPIED,OCCUPIED,0.7955981809984555
628.0,cctv2,C2_S010,G002,EMPTY,EMPTY,0.01
628.0,cctv2,C2_S011,G017,OCCUPIED,OCCUPIED,0.8110850380225616
628.0,cctv2,C2_S012,G018,EMPTY,EMPTY,0.01
628.0,cctv2,C2_S013,G019,OCCUPIED,OCCUPIED,0.8303413943810897
628.0,cctv2,C2_S014,G020,EMPTY,EMPTY,0.01
628.0,cctv3,C3_S001,G021,OCCUPIED,OCCUPIED,0.8062921410257167
628.0,cctv3,C3_S002,G019,EMPTY,EMPTY,0.01
628.0,cctv3,C3_S003,G020,OCCUPIED,OCCUPIED,0.8039999154481021
628.0,cctv3,C3_S004,G024,OCCUPIED,OCCUPIED,0.8279306159778075
628.0,cctv3,C3_S005,G025,OCCUPIED,OCCUPIED,0.8315852582454681
628.0,cctv3,C3_S006,G026,OCCUPIED,OCCUPIED,0.8253721445798874
628.0,cctv3,C3_S007,G027,OCCUPIED,OCCUPIED,0.7494806016710672
628.0,cctv3,C3_S008,G028,EMPTY,EMPTY,0.01
628.0,cctv3,C3_S009,G029,EMPTY,EMPTY,0.01
628.0,cctv3,C3_S010,G007,OCCUPIED,OCCUPIED,0.7526905733076009
628.0,cctv3,C3_S011,G008,OCCUPIED,OCCUPIED,0.7892097691243346
628.0,cctv3,C3_S012,G009,OCCUPIED,OCCUPIED,0.8243493296883324
629.0,cctv1,C1_S001,G001,OCCUPIED,OCCUPIED,0.7380055563693697
629.0,cctv1,C1_S002,G002,EMPTY,EMPTY,0.01
629.0,cctv1,C1_S003,G003,OCCUPIED,OCCUPIED,0.838263210925189
629.0,cctv1,C1_S004,G004,OCCUPIED,OCCUPIED,0.7701462668451396
629.0,cctv1,C1_S005,G005,OCCUPIED,OCCUPIED,0.7734448157928208
629.0,cctv1,C1_S006,G006,EMPTY,EMPTY,0.01
629.0,cctv2,C2_S001,G007,OCCUPIED,OCCUPIED,0.6971771982718598
629.0,cctv2,C2_S002,G008,OCCUPIED,OCCUPIED,0.8180488719181581
629.0,cctv2,C2_S003,G009,EMPTY,MANEUVERING,0.3138208304650404
629.0,cctv2,C2_S004,G010,OCCUPIED,OCCUPIED,0.7726705441420729
629.0,cctv2,C2_S005,G001,EMPTY,EMPTY,0.01
629.0,cctv2,C2_S006,G003,OCCUPIED,OCCUPIED,0.8179211873899808
629.0,cctv2,C2_S007,G004,OCCUPIED,OCCUPIED,0.7811266339638017
629.0,cctv2,C2_S008,G006,OCCUPIED,OCCUPIED,0.7692631019787356
629.0,cctv2,C2_S009,G005,OCCUPIED,OCCUPIED,0.7967420293526216
629.0,cctv2,C2_S010,G002,EMPTY,EMPTY,0.01
629.0,cctv2,C2_S011,G017,OCCUPIED,OCCUPIED,0.811074396967888
629.0,cctv2,C2_S012,G018,EMPTY,EMPTY,0.01
629.0,cctv2,C2_S013,G019,OCCUPIED,OCCUPIED,0.8309100283817812
629.0,cctv2,C2_S014,G020,EMPTY,EMPTY,0.01
629.0,cctv3,C3_S001,G021,OCCUPIED,OCCUPIED,0.8053734039718455
629.0,cctv3,C3_S002,G019,EMPTY,EMPTY,0.01
629.0,cctv3,C3_S003,G020,OCCUPIED,OCCUPIED,0.8028984622521834
629.0,cctv3,C3_S004,G024,OCCUPIED,OCCUPIED,0.8278251937844537
629.0,cctv3,C3_S005,G025,OCCUPIED,OCCUPIED,0.8316312166777524
629.0,cctv3,C3_S006,G026,OCCUPIED,OCCUPIED,0.8256744392893531
629.0,cctv3,C3_S007,G027,OCCUPIED,OCCUPIED,0.750216471607035
629.0,cctv3,C3_S008,G028,EMPTY,EMPTY,0.01
629.0,cctv3,C3_S009,G029,EMPTY,EMPTY,0.01
629.0,cctv3,C3_S010,G007,OCCUPIED,OCCUPIED,0.7524784341454507
629.0,cctv3,C3_S011,G008,OCCUPIED,OCCUPIED,0.7869643932039088
629.0,cctv3,C3_S012,G009,OCCUPIED,OCCUPIED,0.8246307275512003
630.0,cctv1,C1_S001,G001,OCCUPIED,OCCUPIED,0.7374471474777569
630.0,cctv1,C1_S002,G002,EMPTY,EMPTY,0.01
630.0,cctv1,C1_S003,G003,OCCUPIED,OCCUPIED,0.8383116126060486
630.0,cctv1,C1_S004,G004,OCCUPIED,OCCUPIED,0.7706776128573851
630.0,cctv1,C1_S005,G005,OCCUPIED,OCCUPIED,0.7762574720111761
630.0,cctv1,C1_S006,G006,EMPTY,EMPTY,0.01
630.0,cctv2,C2_S001,G007,OCCUPIED,OCCUPIED,0.6939427975226533
630.0,cctv2,C2_S002,G008,OCCUPIED,OCCUPIED,0.8150311055508528
630.0,cctv2,C2_S003,G009,EMPTY,MANEUVERING,0.4151138741793957
630.0,cctv2,C2_S004,G010,OCCUPIED,OCCUPIED,0.772647276385264
630.0,cctv2,C2_S005,G001,EMPTY,EMPTY,0.01
630.0,cctv2,C2_S006,G003,OCCUPIED,OCCUPIED,0.8181718341328882
630.0,cctv2,C2_S007,G004,OCCUPIED,OCCUPIED,0.7807000042362647
630.0,cctv2,C2_S008,G006,OCCUPIED,OCCUPIED,0.7690087923949416
630.0,cctv2,C2_S009,G005,OCCUPIED,OCCUPIED,0.7951716447418387
630.0,cctv2,C2_S010,G002,EMPTY,EMPTY,0.01
630.0,cctv2,C2_S011,G017,OCCUPIED,OCCUPIED,0.8108497928489339
630.0,cctv2,C2_S012,G018,EMPTY,EMPTY,0.01
630.0,cctv2,C2_S013,G019,OCCUPIED,OCCUPIED,0.8312231494621798
630.0,cctv2,C2_S014,G020,EMPTY,EMPTY,0.01
630.0,cctv3,C3_S001,G021,OCCUPIED,OCCUPIED,0.8058387363498862
630.0,cctv3,C3_S002,G019,EMPTY,EMPTY,0.01
630.0,cctv3,C3_S003,G020,OCCUPIED,OCCUPIED,0.8043127512389964
630.0,cctv3,C3_S004,G024,OCCUPIED,OCCUPIED,0.8280734062194824
630.0,cctv3,C3_S005,G025,OCCUPIED,OCCUPIED,0.8315696006471461
630.0,cctv3,C3_S006,G026,OCCUPIED,OCCUPIED,0.8254888613115658
630.0,cctv3,C3_S007,G027,OCCUPIED,OCCUPIED,0.7495793222026392
630.0,cctv3,C3_S008,G028,EMPTY,EMPTY,0.01
630.0,cctv3,C3_S009,G029,EMPTY,EMPTY,0.01
630.0,cctv3,C3_S010,G007,OCCUPIED,OCCUPIED,0.7507834674282509
630.0,cctv3,C3_S011,G008,OCCUPIED,OCCUPIED,0.7823514825918458
630.0,cctv3,C3_S012,G009,OCCUPIED,OCCUPIED,0.8241033792495728
631.0,cctv1,C1_S001,G001,OCCUPIED,OCCUPIED,0.7368999435143038
631.0,cctv1,C1_S002,G002,EMPTY,EMPTY,0.01
631.0,cctv1,C1_S003,G003,OCCUPIED,OCCUPIED,0.8382247261025689
631.0,cctv1,C1_S004,G004,OCCUPIED,OCCUPIED,0.7701420366764069
631.0,cctv1,C1_S005,G005,OCCUPIED,OCCUPIED,0.7773475713350557
631.0,cctv1,C1_S006,G006,EMPTY,EMPTY,0.01
631.0,cctv2,C2_S001,G007,OCCUPIED,OCCUPIED,0.6956611842323434
631.0,cctv2,C2_S002,G008,OCCUPIED,OCCUPIED,0.8149411792104895
631.0,cctv2,C2_S003,G009,EMPTY,MANEUVERING,0.488501628903164
631.0,cctv2,C2_S004,G010,OCCUPIED,OCCUPIED,0.7752757371826606
631.0,cctv2,C2_S005,G001,EMPTY,EMPTY,0.01
631.0,cctv2,C2_S006,G003,OCCUPIED,OCCUPIED,0.8184290474111384
631.0,cctv2,C2_S007,G004,OCCUPIED,OCCUPIED,0.7804430705579846
631.0,cctv2,C2_S008,G006,OCCUPIED,OCCUPIED,0.7682310513474725
631.0,cctv2,C2_S009,G005,OCCUPIED,OCCUPIED,0.7943050286986612
631.0,cctv2,C2_S010,G002,EMPTY,EMPTY,0.01
631.0,cctv2,C2_S011,G017,OCCUPIED,OCCUPIED,0.8106655754826286
631.0,cctv2,C2_S012,G018,EMPTY,EMPTY,0.01
631.0,cctv2,C2_S013,G019,OCCUPIED,OCCUPIED,0.8321632173928348
631.0,cctv2,C2_S014,G020,EMPTY,EMPTY,0.01
631.0,cctv3,C3_S001,G021,OCCUPIED,OCCUPIED,0.8060878379778429
631.0,cctv3,C3_S002,G019,EMPTY,EMPTY,0.01
631.0,cctv3,C3_S003,G020,OCCUPIED,OCCUPIED,0.8041650907559829
631.0,cctv3,C3_S004,G024,OCCUPIED,OCCUPIED,0.8279715237292378
631.0,cctv3,C3_S005,G025,OCCUPIED,OCCUPIED,0.8314098913561214
631.0,cctv3,C3_S006,G026,OCCUPIED,OCCUPIED,0.8252976563843815
631.0,cctv3,C3_S007,G027,OCCUPIED,OCCUPIED,0.7485234661535783
631.0,cctv3,C3_S008,G028,EMPTY,EMPTY,0.01
631.0,cctv3,C3_S009,G029,EMPTY,EMPTY,0.01
631.0,cctv3,C3_S010,G007,OCCUPIED,OCCUPIED,0.6688229337741028
631.0,cctv3,C3_S011,G008,OCCUPIED,OCCUPIED,0.7827805596319113
631.0,cctv3,C3_S012,G009,OCCUPIED,OCCUPIED,0.8244113391095942
632.0,cctv1,C1_S001,G001,OCCUPIED,OCCUPIED,0.7339199337092314
632.0,cctv1,C1_S002,G002,EMPTY,EMPTY,0.01
632.0,cctv1,C1_S003,G003,OCCUPIED,OCCUPIED,0.8380868955091998
632.0,cctv1,C1_S004,G004,OCCUPIED,OCCUPIED,0.7705639127980579
632.0,cctv1,C1_S005,G005,OCCUPIED,OCCUPIED,0.7800722230564465
632.0,cctv1,C1_S006,G006,EMPTY,EMPTY,0.01
632.0,cctv2,C2_S001,G007,OCCUPIED,OCCUPIED,0.6957008013535629
632.0,cctv2,C2_S002,G008,OCCUPIED,OCCUPIED,0.8151155618104069
632.0,cctv2,C2_S003,G009,EMPTY,MANEUVERING,0.49
632.0,cctv2,C2_S004,G010,OCCUPIED,OCCUPIED,0.7754234261133455
632.0,cctv2,C2_S005,G001,EMPTY,EMPTY,0.01
632.0,cctv2,C2_S006,G003,OCCUPIED,OCCUPIED,0.8183172521266071
632.0,cctv2,C2_S007,G004,OCCUPIED,OCCUPIED,0.7806615080345761
632.0,cctv2,C2_S008,G006,OCCUPIED,OCCUPIED,0.7669604580510747
632.0,cctv2,C2_S009,G005,OCCUPIED,OCCUPIED,0.7924969735470686
632.0,cctv2,C2_S010,G002,EMPTY,EMPTY,0.01
632.0,cctv2,C2_S011,G017,OCCUPIED,OCCUPIED,0.8097120965068991
632.0,cctv2,C2_S012,G018,EMPTY,EMPTY,0.01
632.0,cctv2,C2_S013,G019,OCCUPIED,OCCUPIED,0.8324980221011422
632.0,cctv2,C2_S014,G020,EMPTY,EMPTY,0.01
632.0,cctv3,C3_S001,G021,OCCUPIED,OCCUPIED,0.8055139175870203
632.0,cctv3,C3_S002,G019,EMPTY,EMPTY,0.01
632.0,cctv3,C3_S003,G020,OCCUPIED,OCCUPIED,0.8038684433156794
632.0,cctv3,C3_S004,G024,OCCUPIED,OCCUPIED,0.8280855834484101
632.0,cctv3,C3_S005,G025,OCCUPIED,OCCUPIED,0.8314302078702234
632.0,cctv3,C3_S006,G026,OCCUPIED,OCCUPIED,0.8253017211502249
632.0,cctv3,C3_S007,G027,OCCUPIED,OCCUPIED,0.7476731993935326
632.0,cctv3,C3_S008,G028,EMPTY,EMPTY,0.01
632.0,cctv3,C3_S009,G029,EMPTY,EMPTY,0.01
632.0,cctv3,C3_S010,G007,OCCUPIED,OCCUPIED,0.586684248131333
632.0,cctv3,C3_S011,G008,OCCUPIED,OCCUPIED,0.7827956832268022
632.0,cctv3,C3_S012,G009,OCCUPIED,OCCUPIED,0.8243888516317714
633.0,cctv1,C1_S001,G001,OCCUPIED,OCCUPIED,0.7336410516365008
633.0,cctv1,C1_S002,G002,EMPTY,EMPTY,0.01
633.0,cctv1,C1_S003,G003,OCCUPIED,OCCUPIED,0.8381763528693806
633.0,cctv1,C1_S004,G004,OCCUPIED,OCCUPIED,0.7700483580881899
633.0,cctv1,C1_S005,G005,OCCUPIED,OCCUPIED,0.7802936056798155
633.0,cctv1,C1_S006,G006,EMPTY,EMPTY,0.01
633.0,cctv2,C2_S001,G007,OCCUPIED,OCCUPIED,0.7400110467184674
633.0,cctv2,C2_S002,G008,OCCUPIED,OCCUPIED,0.8136772629889576
633.0,cctv2,C2_S003,G009,EMPTY,MANEUVERING,0.49
633.0,cctv2,C2_S004,G010,OCCUPIED,OCCUPIED,0.7757192160595547
633.0,cctv2,C2_S005,G001,EMPTY,EMPTY,0.01
633.0,cctv2,C2_S006,G003,OCCUPIED,OCCUPIED,0.8185454122044824
633.0,cctv2,C2_S007,G004,OCCUPIED,OCCUPIED,0.7802319465713068
633.0,cctv2,C2_S008,G006,OCCUPIED,OCCUPIED,0.7667347936467691
633.0,cctv2,C2_S009,G005,OCCUPIED,OCCUPIED,0.7914764320308513
633.0,cctv2,C2_S010,G002,EMPTY,EMPTY,0.01
633.0,cctv2,C2_S011,G017,OCCUPIED,OCCUPIED,0.8096114039421082
633.0,cctv2,C2_S012,G018,EMPTY,EMPTY,0.01
633.0,cctv2,C2_S013,G019,OCCUPIED,OCCUPIED,0.8323854977434333
633.0,cctv2,C2_S014,G020,EMPTY,EMPTY,0.01
633.0,cctv3,C3_S001,G021,OCCUPIED,OCCUPIED,0.8057265923781829
633.0,cctv3,C3_S002,G019,EMPTY,EMPTY,0.01
633.0,cctv3,C3_S003,G020,OCCUPIED,OCCUPIED,0.8032025654207577
633.0,cctv3,C3_S004,G024,OCCUPIED,OCCUPIED,0.8281294595111501
633.0,cctv3,C3_S005,G025,OCCUPIED,OCCUPIED,0.8313531390645288
633.0,cctv3,C3_S006,G026,OCCUPIED,OCCUPIED,0.8250922259959308
633.0,cctv3,C3_S007,G027,OCCUPIED,OCCUPIED,0.7487165587869558
633.0,cctv3,C3_S008,G028,EMPTY,EMPTY,0.01
633.0,cctv3,C3_S009,G029,EMPTY,EMPTY,0.01
633.0,cctv3,C3_S010,G007,OCCUPIED,OCCUPIED,0.5869137319741827
633.0,cctv3,C3_S011,G008,OCCUPIED,OCCUPIED,0.7823239452459596
633.0,cctv3,C3_S012,G009,OCCUPIED,OCCUPIED,0.824014794013717
634.0,cctv1,C1_S001,G001,OCCUPIED,OCCUPIED,0.7339297477494587
634.0,cctv1,C1_S002,G002,EMPTY,EMPTY,0.01
634.0,cctv1,C1_S003,G003,OCCUPIED,OCCUPIED,0.8378883965990761
634.0,cctv1,C1_S004,G004,OCCUPIED,OCCUPIED,0.7690027688037266
634.0,cctv1,C1_S005,G005,OCCUPIED,OCCUPIED,0.7811506149443714
634.0,cctv1,C1_S006,G006,EMPTY,EMPTY,0.01
634.0,cctv2,C2_S001,G007,OCCUPIED,OCCUPIED,0.7433499476719987
634.0,cctv2,C2_S002,G008,OCCUPIED,OCCUPIED,0.8131485085595739
634.0,cctv2,C2_S003,G009,EMPTY,MANEUVERING,0.49
634.0,cctv2,C2_S004,G010,OCCUPIED,OCCUPIED,0.7751667651263151
634.0,cctv2,C2_S005,G001,EMPTY,EMPTY,0.01
634.0,cctv2,C2_S006,G003,OCCUPIED,OCCUPIED,0.8186501012607055
634.0,cctv2,C2_S007,G004,OCCUPIED,OCCUPIED,0.7801712563092059
634.0,cctv2,C2_S008,G006,OCCUPIED,OCCUPIED,0.7664206366647375
634.0,cctv2,C2_S009,G005,OCCUPIED,OCCUPIED,0.7914103838530454
634.0,cctv2,C2_S010,G002,EMPTY,EMPTY,0.01
634.0,cctv2,C2_S011,G017,OCCUPIED,OCCUPIED,0.8089180951768702
634.0,cctv2,C2_S012,G018,EMPTY,EMPTY,0.01
634.0,cctv2,C2_S013,G019,OCCUPIED,OCCUPIED,0.8320163290609014
634.0,cctv2,C2_S014,G020,EMPTY,EMPTY,0.01
634.0,cctv3,C3_S001,G021,OCCUPIED,OCCUPIED,0.8060546623034911
634.0,cctv3,C3_S002,G019,EMPTY,EMPTY,0.01
634.0,cctv3,C3_S003,G020,OCCUPIED,OCCUPIED,0.8028989694335245
634.0,cctv3,C3_S004,G024,OCCUPIED,OCCUPIED,0.8281694162975659
634.0,cctv3,C3_S005,G025,OCCUPIED,OCCUPIED,0.8313657283782959
634.0,cctv3,C3_S006,G026,OCCUPIED,OCCUPIED,0.8253153638406234
634.0,cctv3,C3_S007,G027,OCCUPIED,OCCUPIED,0.7474171939221296
634.0,cctv3,C3_S008,G028,EMPTY,EMPTY,0.01
634.0,cctv3,C3_S009,G029,EMPTY,EMPTY,0.01
634.0,cctv3,C3_S010,G007,OCCUPIED,OCCUPIED,0.586416816991387
634.0,cctv3,C3_S011,G008,OCCUPIED,OCCUPIED,0.7835631160573526
634.0,cctv3,C3_S012,G009,OCCUPIED,OCCUPIED,0.8240316390991211
635.0,cctv1,C1_S001,G001,OCCUPIED,OCCUPIED,0.7325960166752339
635.0,cctv1,C1_S002,G002,EMPTY,EMPTY,0.01
635.0,cctv1,C1_S003,G003,OCCUPIED,OCCUPIED,0.8379595060240139
635.0,cctv1,C1_S004,G004,OCCUPIED,OCCUPIED,0.7690645100040869
635.0,cctv1,C1_S005,G005,OCCUPIED,OCCUPIED,0.7807760659943928
635.0,cctv1,C1_S006,G006,EMPTY,EMPTY,0.01
635.0,cctv2,C2_S001,G007,OCCUPIED,OCCUPIED,0.6631907616871776
635.0,cctv2,C2_S002,G008,OCCUPIED,OCCUPIED,0.8128327450969003
635.0,cctv2,C2_S003,G009,EMPTY,MANEUVERING,0.49
635.0,cctv2,C2_S004,G010,OCCUPIED,OCCUPIED,0.7759464532136918
635.0,cctv2,C2_S005,G001,EMPTY,EMPTY,0.01
635.0,cctv2,C2_S006,G003,OCCUPIED,OCCUPIED,0.81868087107485
635.0,cctv2,C2_S007,G004,OCCUPIED,OCCUPIED,0.779661689427766
635.0,cctv2,C2_S008,G006,OCCUPIED,OCCUPIED,0.7660117269916968
635.0,cctv2,C2_S009,G005,OCCUPIED,OCCUPIED,0.7909560078924354
635.0,cctv2,C2_S010,G002,EMPTY,EMPTY,0.01
635.0,cctv2,C2_S011,G017,OCCUPIED,OCCUPIED,0.808572733131322
635.0,cctv2,C2_S012,G018,EMPTY,EMPTY,0.01
635.0,cctv2,C2_S013,G019,OCCUPIED,OCCUPIED,0.8304423218423671
635.0,cctv2,C2_S014,G020,EMPTY,EMPTY,0.01
635.0,cctv3,C3_S001,G021,OCCUPIED,OCCUPIED,0.8065171856771817
635.0,cctv3,C3_S002,G019,EMPTY,EMPTY,0.01
635.0,cctv3,C3_S003,G020,OCCUPIED,OCCUPIED,0.8048237023028462
635.0,cctv3,C3_S004,G024,OCCUPIED,OCCUPIED,0.8280156184326519
635.0,cctv3,C3_S005,G025,OCCUPIED,OCCUPIED,0.8314436124129729
635.0,cctv3,C3_S006,G026,OCCUPIED,OCCUPIED,0.8252630949020386
635.0,cctv3,C3_S007,G027,OCCUPIED,OCCUPIED,0.7475095167756082
635.0,cctv3,C3_S008,G028,EMPTY,EMPTY,0.01
635.0,cctv3,C3_S009,G029,EMPTY,EMPTY,0.01
635.0,cctv3,C3_S010,G007,OCCUPIED,OCCUPIED,0.6338382199226004
635.0,cctv3,C3_S011,G008,OCCUPIED,OCCUPIED,0.7827769106084651
635.0,cctv3,C3_S012,G009,OCCUPIED,OCCUPIED,0.8243508569218896
636.0,cctv1,C1_S001,G001,OCCUPIED,OCCUPIED,0.7304243169724942
636.0,cctv1,C1_S002,G002,EMPTY,EMPTY,0.01
636.0,cctv1,C1_S003,G003,OCCUPIED,OCCUPIED,0.8375538024035367
636.0,cctv1,C1_S004,G004,OCCUPIED,OCCUPIED,0.7688642233610153
636.0,cctv1,C1_S005,G005,OCCUPIED,OCCUPIED,0.780906527015296
636.0,cctv1,C1_S006,G006,EMPTY,EMPTY,0.01
636.0,cctv2,C2_S001,G007,OCCUPIED,OCCUPIED,0.5807964059812102
636.0,cctv2,C2_S002,G008,OCCUPIED,OCCUPIED,0.8116481019691988
636.0,cctv2,C2_S003,G009,EMPTY,MANEUVERING,0.49
636.0,cctv2,C2_S004,G010,OCCUPIED,OCCUPIED,0.774299630522728
636.0,cctv2,C2_S005,G001,EMPTY,EMPTY,0.01
636.0,cctv2,C2_S006,G003,OCCUPIED,OCCUPIED,0.8186406452547421
636.0,cctv2,C2_S007,G004,OCCUPIED,OCCUPIED,0.7807825650681149
636.0,cctv2,C2_S008,G006,OCCUPIED,OCCUPIED,0.7676733518188651
636.0,cctv2,C2_S009,G005,OCCUPIED,OCCUPIED,0.7917015685276553
636.0,cctv2,C2_S010,G002,EMPTY,EMPTY,0.01
636.0,cctv2,C2_S011,G017,OCCUPIED,OCCUPIED,0.8076345939527859
636.0,cctv2,C2_S012,G018,EMPTY,MANEUVERING,0.2737567258964885
636.0,cctv2,C2_S013,G019,OCCUPIED,OCCUPIED,0.8306529833511873
636.0,cctv2,C2_S014,G020,EMPTY,EMPTY,0.01
636.0,cctv3,C3_S001,G021,OCCUPIED,OCCUPIED,0.807752738757567
636.0,cctv3,C3_S002,G019,EMPTY,EMPTY,0.01
636.0,cctv3,C3_S003,G020,OCCUPIED,OCCUPIED,0.8044103852727197
636.0,cctv3,C3_S004,G024,OCCUPIED,OCCUPIED,0.8277295925400474
636.0,cctv3,C3_S005,G025,OCCUPIED,OCCUPIED,0.831374611366879
636.0,cctv3,C3_S006,G026,OCCUPIED,OCCUPIED,0.8250618999654598
636.0,cctv3,C3_S007,G027,OCCUPIED,OCCUPIED,0.7473035722970963
636.0,cctv3,C3_S008,G028,EMPTY,EMPTY,0.01
636.0,cctv3,C3_S009,G029,EMPTY,EMPTY,0.01
636.0,cctv3,C3_S010,G007,OCCUPIED,OCCUPIED,0.6770487335143668
636.0,cctv3,C3_S011,G008,OCCUPIED,OCCUPIED,0.781948734684424
636.0,cctv3,C3_S012,G009,OCCUPIED,OCCUPIED,0.8239191415635023
637.0,cctv1,C1_S001,G001,OCCUPIED,OCCUPIED,0.729565182057294
637.0,cctv1,C1_S002,G002,EMPTY,EMPTY,0.01
637.0,cctv1,C1_S003,G003,OCCUPIED,OCCUPIED,0.8373230982910503
637.0,cctv1,C1_S004,G004,OCCUPIED,OCCUPIED,0.768290589478883
637.0,cctv1,C1_S005,G005,OCCUPIED,LEAVING,0.765551479594274
637.0,cctv1,C1_S006,G006,EMPTY,MANEUVERING,0.1014820701324126
637.0,cctv2,C2_S001,G007,OCCUPIED,OCCUPIED,0.581968478794125
637.0,cctv2,C2_S002,G008,OCCUPIED,OCCUPIED,0.8117494163188068
637.0,cctv2,C2_S003,G009,EMPTY,MANEUVERING,0.4604601279036565
637.0,cctv2,C2_S004,G010,OCCUPIED,OCCUPIED,0.7737590642137961
637.0,cctv2,C2_S005,G001,EMPTY,EMPTY,0.01
637.0,cctv2,C2_S006,G003,OCCUPIED,OCCUPIED,0.8182154029607773
637.0,cctv2,C2_S007,G004,OCCUPIED,OCCUPIED,0.7797170347788118
637.0,cctv2,C2_S008,G006,OCCUPIED,OCCUPIED,0.7667819936167111
637.0,cctv2,C2_S009,G005,OCCUPIED,OCCUPIED,0.7913815517317165
637.0,cctv2,C2_S010,G002,EMPTY,EMPTY,0.01
637.0,cctv2,C2_S011,G017,OCCUPIED,OCCUPIED,0.8066661336205223
637.0,cctv2,C2_S012,G018,EMPTY,MANEUVERING,0.2737567258964885
637.0,cctv2,C2_S013,G019,OCCUPIED,OCCUPIED,0.8302068295803937
637.0,cctv2,C2_S014,G020,EMPTY,EMPTY,0.01
637.0,cctv3,C3_S001,G021,OCCUPIED,OCCUPIED,0.8081421792507172
637.0,cctv3,C3_S002,G019,EMPTY,EMPTY,0.01
637.0,cctv3,C3_S003,G020,OCCUPIED,OCCUPIED,0.8035818192091856
637.0,cctv3,C3_S004,G024,OCCUPIED,OCCUPIED,0.8278870422731747
637.0,cctv3,C3_S005,G025,OCCUPIED,OCCUPIED,0.8314462612975728
637.0,cctv3,C3_S006,G026,OCCUPIED,OCCUPIED,0.8249236792325974
637.0,cctv3,C3_S007,G027,OCCUPIED,OCCUPIED,0.7468121408061549
637.0,cctv3,C3_S008,G028,EMPTY,EMPTY,0.01
637.0,cctv3,C3_S009,G029,EMPTY,EMPTY,0.01
637.0,cctv3,C3_S010,G007,OCCUPIED,OCCUPIED,0.6764171746192557
637.0,cctv3,C3_S011,G008,OCCUPIED,OCCUPIED,0.7822754407470878
637.0,cctv3,C3_S012,G009,OCCUPIED,OCCUPIED,0.8241481932726774
638.0,cctv1,C1_S001,G001,OCCUPIED,OCCUPIED,0.7278890281915665
638.0,cctv1,C1_S002,G002,EMPTY,EMPTY,0.01
638.0,cctv1,C1_S003,G003,OCCUPIED,OCCUPIED,0.8375205218791962
638.0,cctv1,C1_S004,G004,OCCUPIED,OCCUPIED,0.7689771020954306
638.0,cctv1,C1_S005,G005,OCCUPIED,LEAVING,0.7645751221884381
638.0,cctv1,C1_S006,G006,EMPTY,MANEUVERING,0.1014820701324126
638.0,cctv2,C2_S001,G007,OCCUPIED,OCCUPIED,0.51
638.0,cctv2,C2_S002,G008,OCCUPIED,OCCUPIED,0.8126086928627708
638.0,cctv2,C2_S003,G009,EMPTY,MANEUVERING,0.4154601279036565
638.0,cctv2,C2_S004,G010,OCCUPIED,OCCUPIED,0.7766998450864446
638.0,cctv2,C2_S005,G001,EMPTY,EMPTY,0.01
638.0,cctv2,C2_S006,G003,OCCUPIED,OCCUPIED,0.8184977257793601
638.0,cctv2,C2_S007,G004,OCCUPIED,OCCUPIED,0.7794186934828758
638.0,cctv2,C2_S008,G006,OCCUPIED,OCCUPIED,0.7676232644102791
638.0,cctv2,C2_S009,G005,OCCUPIED,OCCUPIED,0.7924045722592962
638.0,cctv2,C2_S010,G002,EMPTY,EMPTY,0.01
638.0,cctv2,C2_S011,G017,OCCUPIED,OCCUPIED,0.8063423560424285
638.0,cctv2,C2_S012,G018,EMPTY,MANEUVERING,0.2737567258964885
638.0,cctv2,C2_S013,G019,OCCUPIED,OCCUPIED,0.830565357208252
638.0,cctv2,C2_S014,G020,EMPTY,EMPTY,0.01
638.0,cctv3,C3_S001,G021,OCCUPIED,OCCUPIED,0.8088688855821436
638.0,cctv3,C3_S002,G019,EMPTY,EMPTY,0.01
638.0,cctv3,C3_S003,G020,OCCUPIED,OCCUPIED,0.804856610569087
638.0,cctv3,C3_S004,G024,OCCUPIED,OCCUPIED,0.8278912102634257
638.0,cctv3,C3_S005,G025,OCCUPIED,OCCUPIED,0.8313913158395074
638.0,cctv3,C3_S006,G026,OCCUPIED,OCCUPIED,0.8249583642591131
638.0,cctv3,C3_S007,G027,OCCUPIED,OCCUPIED,0.7461282965811817
638.0,cctv3,C3_S008,G028,EMPTY,EMPTY,0.01
638.0,cctv3,C3_S009,G029,EMPTY,EMPTY,0.01
638.0,cctv3,C3_S010,G007,OCCUPIED,OCCUPIED,0.6760036967017434
638.0,cctv3,C3_S011,G008,OCCUPIED,OCCUPIED,0.7816873851147565
638.0,cctv3,C3_S012,G009,OCCUPIED,OCCUPIED,0.8238574605096471
639.0,cctv1,C1_S001,G001,OCCUPIED,OCCUPIED,0.7275114379823209
639.0,cctv1,C1_S002,G002,EMPTY,EMPTY,0.01
639.0,cctv1,C1_S003,G003,OCCUPIED,OCCUPIED,0.8372851458462802
639.0,cctv1,C1_S004,G004,OCCUPIED,OCCUPIED,0.7689638556404548
639.0,cctv1,C1_S005,G005,OCCUPIED,LEAVING,0.7641959228569812
639.0,cctv1,C1_S006,G006,EMPTY,MANEUVERING,0.1014820701324126
639.0,cctv2,C2_S001,G007,OCCUPIED,OCCUPIED,0.5495817697822274
639.0,cctv2,C2_S002,G008,OCCUPIED,OCCUPIED,0.8162932937795466
639.0,cctv2,C2_S003,G009,EMPTY,MANEUVERING,0.3828222916444593
639.0,cctv2,C2_S004,G010,OCCUPIED,OCCUPIED,0.7750185206532479
639.0,cctv2,C2_S005,G001,EMPTY,EMPTY,0.01
639.0,cctv2,C2_S006,G003,OCCUPIED,OCCUPIED,0.8185518340630965
639.0,cctv2,C2_S007,G004,OCCUPIED,OCCUPIED,0.7805315720764074
639.0,cctv2,C2_S008,G006,OCCUPIED,OCCUPIED,0.768357909267599
639.0,cctv2,C2_S009,G005,OCCUPIED,OCCUPIED,0.7930161045356231
639.0,cctv2,C2_S010,G002,EMPTY,EMPTY,0.01
639.0,cctv2,C2_S011,G017,OCCUPIED,OCCUPIED,0.8057826708663595
639.0,cctv2,C2_S012,G018,EMPTY,MANEUVERING,0.2737567258964885
639.0,cctv2,C2_S013,G019,OCCUPIED,OCCUPIED,0.830364819819277
639.0,cctv2,C2_S014,G020,EMPTY,EMPTY,0.01
639.0,cctv3,C3_S001,G021,OCCUPIED,OCCUPIED,0.8089931832118469
639.0,cctv3,C3_S002,G019,EMPTY,EMPTY,0.01
639.0,cctv3,C3_S003,G020,OCCUPIED,OCCUPIED,0.8072461865165017
639.0,cctv3,C3_S004,G024,OCCUPIED,OCCUPIED,0.8278552003882149
639.0,cctv3,C3_S005,G025,OCCUPIED,OCCUPIED,0.8313406237147072
639.0,cctv3,C3_S006,G026,OCCUPIED,OCCUPIED,0.8249077973040668
639.0,cctv3,C3_S007,G027,OCCUPIED,OCCUPIED,0.7462574144656009
639.0,cctv3,C3_S008,G028,EMPTY,EMPTY,0.01
639.0,cctv3,C3_S009,G029,EMPTY,EMPTY,0.01
639.0,cctv3,C3_S010,G007,OCCUPIED,OCCUPIED,0.6764956297296467
639.0,cctv3,C3_S011,G008,OCCUPIED,OCCUPIED,0.7827593271027913
639.0,cctv3,C3_S012,G009,OCCUPIED,OCCUPIED,0.8252929356965153
640.0,cctv1,C1_S001,G001,OCCUPIED,OCCUPIED,0.7279176420786164
640.0,cctv1,C1_S002,G002,EMPTY,EMPTY,0.01
640.0,cctv1,C1_S003,G003,OCCUPIED,OCCUPIED,0.8373159522360022
640.0,cctv1,C1_S004,G004,OCCUPIED,OCCUPIED,0.7682138205929236
640.0,cctv1,C1_S005,G005,OCCUPIED,LEAVING,0.7631285215236925
640.0,cctv1,C1_S006,G006,EMPTY,MANEUVERING,0.1014820701324126
640.0,cctv2,C2_S001,G007,OCCUPIED,OCCUPIED,0.6309675088253888
640.0,cctv2,C2_S002,G008,OCCUPIED,OCCUPIED,0.8167956690896642
640.0,cctv2,C2_S003,G009,EMPTY,MANEUVERING,0.3466613014245575
640.0,cctv2,C2_S004,G010,OCCUPIED,OCCUPIED,0.7739747946912593
640.0,cctv2,C2_S005,G001,EMPTY,EMPTY,0.01
640.0,cctv2,C2_S006,G003,OCCUPIED,OCCUPIED,0.8183669144457038
640.0,cctv2,C2_S007,G004,OCCUPIED,OCCUPIED,0.780442614582452
640.0,cctv2,C2_S008,G006,OCCUPIED,OCCUPIED,0.7677848264575006
640.0,cctv2,C2_S009,G005,OCCUPIED,OCCUPIED,0.7928872682831505
640.0,cctv2,C2_S010,G002,EMPTY,EMPTY,0.01
640.0,cctv2,C2_S011,G017,OCCUPIED,OCCUPIED,0.8060066410086373
640.0,cctv2,C2_S012,G018,EMPTY,MANEUVERING,0.2287567258964885
640.0,cctv2,C2_S013,G019,OCCUPIED,OCCUPIED,0.8301507006991994
640.0,cctv2,C2_S014,G020,EMPTY,EMPTY,0.01
640.0,cctv3,C3_S001,G021,OCCUPIED,OCCUPIED,0.8102811832319607
640.0,cctv3,C3_S002,G019,EMPTY,EMPTY,0.01
640.0,cctv3,C3_S003,G020,OCCUPIED,OCCUPIED,0.8081293802369726
640.0,cctv3,C3_S004,G024,OCCUPIED,OCCUPIED,0.8280044189908289
640.0,cctv3,C3_S005,G025,OCCUPIED,OCCUPIED,0.8313363110477274
640.0,cctv3,C3_S006,G026,OCCUPIED,OCCUPIED,0.8248197306286206
640.0,cctv3,C3_S007,G027,OCCUPIED,OCCUPIED,0.745767147297209
640.0,cctv3,C3_S008,G028,EMPTY,EMPTY,0.01
640.0,cctv3,C3_S009,G029,EMPTY,EMPTY,0.01
640.0,cctv3,C3_S010,G007,OCCUPIED,OCCUPIED,0.6767072614846807
640.0,cctv3,C3_S011,G008,OCCUPIED,OCCUPIED,0.7841270224614577
640.0,cctv3,C3_S012,G009,OCCUPIED,OCCUPIED,0.8251471787691117
641.0,cctv1,C1_S001,G001,OCCUPIED,OCCUPIED,0.7291512905874036
641.0,cctv1,C1_S002,G002,EMPTY,EMPTY,0.01
641.0,cctv1,C1_S003,G003,OCCUPIED,OCCUPIED,0.8374169170856476
641.0,cctv1,C1_S004,G004,OCCUPIED,OCCUPIED,0.768519502607259
641.0,cctv1,C1_S005,G005,OCCUPIED,LEAVING,0.7614396450465377
641.0,cctv1,C1_S006,G006,EMPTY,MANEUVERING,0.0564820701324127
641.0,cctv2,C2_S001,G007,OCCUPIED,OCCUPIED,0.6348233351585539
641.0,cctv2,C2_S002,G008,OCCUPIED,OCCUPIED,0.8195124818520113
641.0,cctv2,C2_S003,G009,EMPTY,MANEUVERING,0.2987880000150339
641.0,cctv2,C2_S004,G010,OCCUPIED,OCCUPIED,0.7739518483931369
641.0,cctv2,C2_S005,G001,EMPTY,EMPTY,0.01
641.0,cctv2,C2_S006,G003,OCCUPIED,OCCUPIED,0.8185550608418205
641.0,cctv2,C2_S007,G004,OCCUPIED,OCCUPIED,0.7816121182658456
641.0,cctv2,C2_S008,G006,OCCUPIED,OCCUPIED,0.7696918612176722
641.0,cctv2,C2_S009,G005,OCCUPIED,OCCUPIED,0.7940262537110936
641.0,cctv2,C2_S010,G002,EMPTY,EMPTY,0.01
641.0,cctv2,C2_S011,G017,OCCUPIED,OCCUPIED,0.8061828028072011
641.0,cctv2,C2_S012,G018,EMPTY,MANEUVERING,0.2287567258964885
641.0,cctv2,C2_S013,G019,OCCUPIED,OCCUPIED,0.8297853261232376
641.0,cctv2,C2_S014,G020,EMPTY,EMPTY,0.01
641.0,cctv3,C3_S001,G021,OCCUPIED,OCCUPIED,0.8102304195815867
641.0,cctv3,C3_S002,G019,EMPTY,EMPTY,0.01
641.0,cctv3,C3_S003,G020,OCCUPIED,OCCUPIED,0.8106854530898008
641.0,cctv3,C3_S004,G024,OCCUPIED,OCCUPIED,0.8278887369415977
641.0,cctv3,C3_S005,G025,OCCUPIED,OCCUPIED,0.8313523384657774
641.0,cctv3,C3_S006,G026,OCCUPIED,OCCUPIED,0.8250214782628147
641.0,cctv3,C3_S007,G027,OCCUPIED,OCCUPIED,0.7437925409864297
641.0,cctv3,C3_S008,G028,EMPTY,EMPTY,0.01
641.0,cctv3,C3_S009,G029,EMPTY,EMPTY,0.01
641.0,cctv3,C3_S010,G007,OCCUPIED,OCCUPIED,0.6786924940167052
641.0,cctv3,C3_S011,G008,OCCUPIED,OCCUPIED,0.7883535348556259
641.0,cctv3,C3_S012,G009,OCCUPIED,OCCUPIED,0.825669009035284
642.0,cctv1,C1_S001,G001,OCCUPIED,OCCUPIED,0.7315816379406236
642.0,cctv1,C1_S002,G002,EMPTY,EMPTY,0.01
642.0,cctv1,C1_S003,G003,OCCUPIED,OCCUPIED,0.8375485720959577
642.0,cctv1,C1_S004,G004,OCCUPIED,OCCUPIED,0.7691410826011138
642.0,cctv1,C1_S005,G005,OCCUPIED,LEAVING,0.7618293944001199
642.0,cctv1,C1_S006,G006,EMPTY,MANEUVERING,0.0564820701324127
642.0,cctv2,C2_S001,G007,OCCUPIED,OCCUPIED,0.6760347328064117
642.0,cctv2,C2_S002,G008,OCCUPIED,OCCUPIED,0.8200486741282724
642.0,cctv2,C2_S003,G009,EMPTY,MANEUVERING,0.2671623689952221
642.0,cctv2,C2_S004,G010,OCCUPIED,OCCUPIED,0.769724863767624
642.0,cctv2,C2_S005,G001,EMPTY,EMPTY,0.01
642.0,cctv2,C2_S006,G003,OCCUPIED,OCCUPIED,0.8182484388351441
642.0,cctv2,C2_S007,G004,OCCUPIED,OCCUPIED,0.7822419171983546
642.0,cctv2,C2_S008,G006,OCCUPIED,OCCUPIED,0.7707303333011541
642.0,cctv2,C2_S009,G005,OCCUPIED,OCCUPIED,0.7941134596412833
642.0,cctv2,C2_S010,G002,EMPTY,EMPTY,0.01
642.0,cctv2,C2_S011,G017,OCCUPIED,OCCUPIED,0.8058285943486474
642.0,cctv2,C2_S012,G018,EMPTY,MANEUVERING,0.2287567258964885
642.0,cctv2,C2_S013,G019,OCCUPIED,OCCUPIED,0.8300539948723533
642.0,cctv2,C2_S014,G020,EMPTY,EMPTY,0.01
642.0,cctv3,C3_S001,G021,OCCUPIED,OCCUPIED,0.8088623125444759
642.0,cctv3,C3_S002,G019,EMPTY,EMPTY,0.01
642.0,cctv3,C3_S003,G020,OCCUPIED,OCCUPIED,0.8108903795480729
642.0,cctv3,C3_S004,G024,OCCUPIED,OCCUPIED,0.827857112071731
642.0,cctv3,C3_S005,G025,OCCUPIED,OCCUPIED,0.8314256464893168
642.0,cctv3,C3_S006,G026,OCCUPIED,OCCUPIED,0.8251848873766987
642.0,cctv3,C3_S007,G027,OCCUPIED,OCCUPIED,0.7448569378392264
642.0,cctv3,C3_S008,G028,EMPTY,EMPTY,0.01
642.0,cctv3,C3_S009,G029,EMPTY,EMPTY,0.01
642.0,cctv3,C3_S010,G007,OCCUPIED,OCCUPIED,0.716052275936712
642.0,cctv3,C3_S011,G008,OCCUPIED,OCCUPIED,0.7888659676367586
642.0,cctv3,C3_S012,G009,OCCUPIED,OCCUPIED,0.8251956503499639
643.0,cctv1,C1_S001,G001,OCCUPIED,OCCUPIED,0.7311765503138304
643.0,cctv1,C1_S002,G002,EMPTY,EMPTY,0.01
643.0,cctv1,C1_S003,G003,OCCUPIED,OCCUPIED,0.8377302072264932
643.0,cctv1,C1_S004,G004,OCCUPIED,OCCUPIED,0.7695930014957082
643.0,cctv1,C1_S005,G005,OCCUPIED,LEAVING,0.7620590378208595
643.0,cctv1,C1_S006,G006,EMPTY,MANEUVERING,0.0564820701324127
643.0,cctv2,C2_S001,G007,OCCUPIED,OCCUPIED,0.6754188115623865
643.0,cctv2,C2_S002,G008,OCCUPIED,OCCUPIED,0.8203699751333757
643.0,cctv2,C2_S003,G009,EMPTY,MANEUVERING,0.2421741960129954
643.0,cctv2,C2_S004,G010,OCCUPIED,OCCUPIED,0.767489938708869
643.0,cctv2,C2_S005,G001,EMPTY,EMPTY,0.01
643.0,cctv2,C2_S006,G003,OCCUPIED,OCCUPIED,0.8184231481768869
643.0,cctv2,C2_S007,G004,OCCUPIED,OCCUPIED,0.782089496200735
643.0,cctv2,C2_S008,G006,OCCUPIED,OCCUPIED,0.7719958023591476
643.0,cctv2,C2_S009,G005,OCCUPIED,OCCUPIED,0.7946920893409036
643.0,cctv2,C2_S010,G002,EMPTY,EMPTY,0.01
643.0,cctv2,C2_S011,G017,OCCUPIED,OCCUPIED,0.8060860709710556
643.0,cctv2,C2_S012,G018,EMPTY,MANEUVERING,0.2287567258964885
643.0,cctv2,C2_S013,G019,OCCUPIED,OCCUPIED,0.8288219408555465
643.0,cctv2,C2_S014,G020,EMPTY,EMPTY,0.01
643.0,cctv3,C3_S001,G021,OCCUPIED,OCCUPIED,0.8087467678568581
643.0,cctv3,C3_S002,G019,EMPTY,EMPTY,0.01
643.0,cctv3,C3_S003,G020,OCCUPIED,OCCUPIED,0.8127312941984698
643.0,cctv3,C3_S004,G024,OCCUPIED,OCCUPIED,0.8278144324367698
643.0,cctv3,C3_S005,G025,OCCUPIED,OCCUPIED,0.831412787329067
643.0,cctv3,C3_S006,G026,OCCUPIED,OCCUPIED,0.8250605377283964
643.0,cctv3,C3_S007,G027,OCCUPIED,OCCUPIED,0.7455068318003959
643.0,cctv3,C3_S008,G028,EMPTY,EMPTY,0.01
643.0,cctv3,C3_S009,G029,EMPTY,EMPTY,0.01
643.0,cctv3,C3_S010,G007,OCCUPIED,OCCUPIED,0.7537937967614695
643.0,cctv3,C3_S011,G008,OCCUPIED,OCCUPIED,0.7894206061959267
643.0,cctv3,C3_S012,G009,OCCUPIED,OCCUPIED,0.8252985260703347
644.0,cctv1,C1_S001,G001,OCCUPIED,OCCUPIED,0.7312261593951421
644.0,cctv1,C1_S002,G002,EMPTY,EMPTY,0.01
644.0,cctv1,C1_S003,G003,OCCUPIED,OCCUPIED,0.8377560312097724
644.0,cctv1,C1_S004,G004,OCCUPIED,OCCUPIED,0.7699388593435288
644.0,cctv1,C1_S005,G005,OCCUPIED,LEAVING,0.7626114692471245
644.0,cctv1,C1_S006,G006,EMPTY,MANEUVERING,0.0564820701324127
644.0,cctv2,C2_S001,G007,OCCUPIED,OCCUPIED,0.6776698778298769
644.0,cctv2,C2_S002,G008,OCCUPIED,OCCUPIED,0.8211638935587624
644.0,cctv2,C2_S003,G009,EMPTY,MANEUVERING,0.2231227458607066
644.0,cctv2,C2_S004,G010,OCCUPIED,OCCUPIED,0.765172089907256
644.0,cctv2,C2_S005,G001,EMPTY,EMPTY,0.01
644.0,cctv2,C2_S006,G003,OCCUPIED,OCCUPIED,0.8182934593070638
644.0,cctv2,C2_S007,G004,OCCUPIED,OCCUPIED,0.7822029089385814
644.0,cctv2,C2_S008,G006,OCCUPIED,OCCUPIED,0.772956508262591
644.0,cctv2,C2_S009,G005,OCCUPIED,OCCUPIED,0.795386136120016
644.0,cctv2,C2_S010,G002,EMPTY,EMPTY,0.01
644.0,cctv2,C2_S011,G017,OCCUPIED,OCCUPIED,0.8057546458461069
644.0,cctv2,C2_S012,G018,EMPTY,MANEUVERING,0.2287567258964885
644.0,cctv2,C2_S013,G019,OCCUPIED,OCCUPIED,0.8292605340480805
644.0,cctv2,C2_S014,G020,EMPTY,EMPTY,0.01
644.0,cctv3,C3_S001,G021,OCCUPIED,OCCUPIED,0.8084490304643458
644.0,cctv3,C3_S002,G019,EMPTY,EMPTY,0.01
644.0,cctv3,C3_S003,G020,OCCUPIED,OCCUPIED,0.8133765337142078
644.0,cctv3,C3_S004,G024,OCCUPIED,OCCUPIED,0.82786850577051
644.0,cctv3,C3_S005,G025,OCCUPIED,OCCUPIED,0.8313978888771751
644.0,cctv3,C3_S006,G026,OCCUPIED,OCCUPIED,0.8250706894831225
644.0,cctv3,C3_S007,G027,OCCUPIED,OCCUPIED,0.74428928243843
644.0,cctv3,C3_S008,G028,EMPTY,EMPTY,0.01
644.0,cctv3,C3_S009,G029,EMPTY,EMPTY,0.01
644.0,cctv3,C3_S010,G007,OCCUPIED,OCCUPIED,0.6715106462348591
644.0,cctv3,C3_S011,G008,OCCUPIED,OCCUPIED,0.7896171666004441
644.0,cctv3,C3_S012,G009,OCCUPIED,OCCUPIED,0.8253562155095014
645.0,cctv1,C1_S001,G001,OCCUPIED,OCCUPIED,0.7300917798483915
645.0,cctv1,C1_S002,G002,EMPTY,EMPTY,0.01
645.0,cctv1,C1_S003,G003,OCCUPIED,OCCUPIED,0.8380246487530796
645.0,cctv1,C1_S004,G004,OCCUPIED,OCCUPIED,0.7707858550277624
645.0,cctv1,C1_S005,G005,OCCUPIED,LEAVING,0.7639628027244049
645.0,cctv1,C1_S006,G006,EMPTY,MANEUVERING,0.0564820701324127
645.0,cctv2,C2_S001,G007,OCCUPIED,OCCUPIED,0.6783802620050582
645.0,cctv2,C2_S002,G008,OCCUPIED,OCCUPIED,0.8213446004824205
645.0,cctv2,C2_S003,G009,EMPTY,EMPTY,0.01
645.0,cctv2,C2_S004,G010,OCCUPIED,OCCUPIED,0.7631785132668236
645.0,cctv2,C2_S005,G001,EMPTY,EMPTY,0.01
645.0,cctv2,C2_S006,G003,OCCUPIED,OCCUPIED,0.8183919565244155
645.0,cctv2,C2_S007,G004,OCCUPIED,OCCUPIED,0.7809470125220039
645.0,cctv2,C2_S008,G006,OCCUPIED,OCCUPIED,0.7722091009671038
645.0,cctv2,C2_S009,G005,OCCUPIED,OCCUPIED,0.7951399190859362
645.0,cctv2,C2_S010,G002,EMPTY,EMPTY,0.01
645.0,cctv2,C2_S011,G017,OCCUPIED,OCCUPIED,0.8053961393508045
645.0,cctv2,C2_S012,G018,EMPTY,MANEUVERING,0.2287567258964885
645.0,cctv2,C2_S013,G019,OCCUPIED,OCCUPIED,0.8290992194956
645.0,cctv2,C2_S014,G020,EMPTY,EMPTY,0.01
645.0,cctv3,C3_S001,G021,OCCUPIED,OCCUPIED,0.8082105869596655
645.0,cctv3,C3_S002,G019,EMPTY,EMPTY,0.01
645.0,cctv3,C3_S003,G020,OCCUPIED,OCCUPIED,0.8137828233567151
645.0,cctv3,C3_S004,G024,OCCUPIED,OCCUPIED,0.8277989772233096
645.0,cctv3,C3_S005,G025,OCCUPIED,OCCUPIED,0.8314098978584463
645.0,cctv3,C3_S006,G026,OCCUPIED,OCCUPIED,0.8249289574948224
645.0,cctv3,C3_S007,G027,OCCUPIED,OCCUPIED,0.7445473727177491
645.0,cctv3,C3_S008,G028,EMPTY,EMPTY,0.01
645.0,cctv3,C3_S009,G029,EMPTY,EMPTY,0.01
645.0,cctv3,C3_S010,G007,OCCUPIED,OCCUPIED,0.6731195737827909
645.0,cctv3,C3_S011,G008,OCCUPIED,OCCUPIED,0.7889738298275255
645.0,cctv3,C3_S012,G009,OCCUPIED,OCCUPIED,0.8254835415970196
646.0,cctv1,C1_S001,G001,OCCUPIED,OCCUPIED,0.7303567585281351
646.0,cctv1,C1_S002,G002,EMPTY,EMPTY,0.01
646.0,cctv1,C1_S003,G003,OCCUPIED,OCCUPIED,0.8380704495039853
646.0,cctv1,C1_S004,G004,OCCUPIED,OCCUPIED,0.7710376624356617
646.0,cctv1,C1_S005,G005,OCCUPIED,LEAVING,0.7666313536058773
646.0,cctv1,C1_S006,G006,EMPTY,MANEUVERING,0.0564820701324127
646.0,cctv2,C2_S001,G007,OCCUPIED,OCCUPIED,0.714801335515398
646.0,cctv2,C2_S002,G008,OCCUPIED,OCCUPIED,0.8215126034888355
646.0,cctv2,C2_S003,G009,EMPTY,EMPTY,0.01
646.0,cctv2,C2_S004,G010,OCCUPIED,OCCUPIED,0.7592179829424078
646.0,cctv2,C2_S005,G001,EMPTY,EMPTY,0.01
646.0,cctv2,C2_S006,G003,OCCUPIED,OCCUPIED,0.8184347515756434
646.0,cctv2,C2_S007,G004,OCCUPIED,OCCUPIED,0.7804223240776496
646.0,cctv2,C2_S008,G006,OCCUPIED,OCCUPIED,0.7728660304437984
646.0,cctv2,C2_S009,G005,OCCUPIED,OCCUPIED,0.7947009812701833
646.0,cctv2,C2_S010,G002,EMPTY,EMPTY,0.01
646.0,cctv2,C2_S011,G017,OCCUPIED,OCCUPIED,0.805733043497259
646.0,cctv2,C2_S012,G018,EMPTY,MANEUVERING,0.2287567258964885
646.0,cctv2,C2_S013,G019,OCCUPIED,OCCUPIED,0.8305102719502016
646.0,cctv2,C2_S014,G020,EMPTY,EMPTY,0.01
646.0,cctv3,C3_S001,G021,OCCUPIED,OCCUPIED,0.808395713838664
646.0,cctv3,C3_S002,G019,EMPTY,EMPTY,0.01
646.0,cctv3,C3_S003,G020,OCCUPIED,OCCUPIED,0.8138272261077708
646.0,cctv3,C3_S004,G024,OCCUPIED,OCCUPIED,0.8275099058042874
646.0,cctv3,C3_S005,G025,OCCUPIED,OCCUPIED,0.8313674921339209
646.0,cctv3,C3_S006,G026,OCCUPIED,OCCUPIED,0.8247520885684274
646.0,cctv3,C3_S007,G027,OCCUPIED,OCCUPIED,0.7433656859126958
646.0,cctv3,C3_S008,G028,EMPTY,EMPTY,0.01
646.0,cctv3,C3_S009,G029,EMPTY,EMPTY,0.01
646.0,cctv3,C3_S010,G007,OCCUPIED,OCCUPIED,0.6730086581815373
646.0,cctv3,C3_S011,G008,OCCUPIED,OCCUPIED,0.790538994290612
646.0,cctv3,C3_S012,G009,OCCUPIED,OCCUPIED,0.8254082154143941
647.0,cctv1,C1_S001,G001,OCCUPIED,OCCUPIED,0.7293718050488017
647.0,cctv1,C1_S002,G002,EMPTY,EMPTY,0.01
647.0,cctv1,C1_S003,G003,OCCUPIED,OCCUPIED,0.8381238547238438
647.0,cctv1,C1_S004,G004,OCCUPIED,OCCUPIED,0.7712272096763958
647.0,cctv1,C1_S005,G005,OCCUPIED,LEAVING,0.7676823056827893
647.0,cctv1,C1_S006,G006,EMPTY,MANEUVERING,0.0564820701324127
647.0,cctv2,C2_S001,G007,OCCUPIED,OCCUPIED,0.751124501716007
647.0,cctv2,C2_S002,G008,OCCUPIED,OCCUPIED,0.8197578405792063
647.0,cctv2,C2_S003,G009,EMPTY,EMPTY,0.01
647.0,cctv2,C2_S004,G010,OCCUPIED,OCCUPIED,0.7573014722629028
647.0,cctv2,C2_S005,G001,EMPTY,EMPTY,0.01
647.0,cctv2,C2_S006,G003,OCCUPIED,OCCUPIED,0.8186388343572617
647.0,cctv2,C2_S007,G004,OCCUPIED,OCCUPIED,0.779176437990232
647.0,cctv2,C2_S008,G006,OCCUPIED,OCCUPIED,0.77251297370954
647.0,cctv2,C2_S009,G005,OCCUPIED,OCCUPIED,0.7942781789736315
647.0,cctv2,C2_S010,G002,EMPTY,EMPTY,0.01
647.0,cctv2,C2_S011,G017,OCCUPIED,OCCUPIED,0.8065789732066069
647.0,cctv2,C2_S012,G018,EMPTY,EMPTY,0.01
647.0,cctv2,C2_S013,G019,OCCUPIED,OCCUPIED,0.8292811992493543
647.0,cctv2,C2_S014,G020,EMPTY,EMPTY,0.01
647.0,cctv3,C3_S001,G021,OCCUPIED,OCCUPIED,0.8068163560195403
647.0,cctv3,C3_S002,G019,EMPTY,EMPTY,0.01
647.0,cctv3,C3_S003,G020,OCCUPIED,OCCUPIED,0.8146529815413736
647.0,cctv3,C3_S004,G024,OCCUPIED,OCCUPIED,0.8276061475276948
647.0,cctv3,C3_S005,G025,OCCUPIED,OCCUPIED,0.8313494270498103
647.0,cctv3,C3_S006,G026,OCCUPIED,OCCUPIED,0.8248707941987299
647.0,cctv3,C3_S007,G027,OCCUPIED,OCCUPIED,0.743153873492371
647.0,cctv3,C3_S008,G028,EMPTY,EMPTY,0.01
647.0,cctv3,C3_S009,G029,EMPTY,EMPTY,0.01
647.0,cctv3,C3_S010,G007,OCCUPIED,OCCUPIED,0.6753551279414785
647.0,cctv3,C3_S011,G008,OCCUPIED,OCCUPIED,0.7907954085956921
647.0,cctv3,C3_S012,G009,OCCUPIED,OCCUPIED,0.8259915454821154
648.0,cctv1,C1_S001,G001,OCCUPIED,OCCUPIED,0.7290822455490178
648.0,cctv1,C1_S002,G002,EMPTY,EMPTY,0.01
648.0,cctv1,C1_S003,G003,OCCUPIED,OCCUPIED,0.8384275628761813
648.0,cctv1,C1_S004,G004,OCCUPIED,OCCUPIED,0.7727104472843084
648.0,cctv1,C1_S005,G005,OCCUPIED,LEAVING,0.7836109621958299
648.0,cctv1,C1_S006,G006,EMPTY,EMPTY,0.01
648.0,cctv2,C2_S001,G007,OCCUPIED,OCCUPIED,0.7505810074914586
648.0,cctv2,C2_S002,G008,OCCUPIED,OCCUPIED,0.8188810028813103
648.0,cctv2,C2_S003,G009,EMPTY,EMPTY,0.01
648.0,cctv2,C2_S004,G010,OCCUPIED,OCCUPIED,0.7579219720580361
648.0,cctv2,C2_S005,G001,EMPTY,EMPTY,0.01
648.0,cctv2,C2_S006,G003,OCCUPIED,OCCUPIED,0.8191851531917399
648.0,cctv2,C2_S007,G004,OCCUPIED,OCCUPIED,0.7799592683261092
648.0,cctv2,C2_S008,G006,OCCUPIED,OCCUPIED,0.7727345449003307
648.0,cctv2,C2_S009,G005,OCCUPIED,OCCUPIED,0.7949770651080392
648.0,cctv2,C2_S010,G002,EMPTY,EMPTY,0.01
648.0,cctv2,C2_S011,G017,OCCUPIED,OCCUPIED,0.8077489779754119
648.0,cctv2,C2_S012,G018,EMPTY,EMPTY,0.01
648.0,cctv2,C2_S013,G019,OCCUPIED,OCCUPIED,0.8283410500396382
648.0,cctv2,C2_S014,G020,EMPTY,EMPTY,0.01
648.0,cctv3,C3_S001,G021,OCCUPIED,OCCUPIED,0.8060571933334525
648.0,cctv3,C3_S002,G019,EMPTY,EMPTY,0.01
648.0,cctv3,C3_S003,G020,OCCUPIED,OCCUPIED,0.8154835007407449
648.0,cctv3,C3_S004,G024,OCCUPIED,OCCUPIED,0.8275639571926812
648.0,cctv3,C3_S005,G025,OCCUPIED,OCCUPIED,0.8312890212644231
648.0,cctv3,C3_S006,G026,OCCUPIED,OCCUPIED,0.8249583171172576
648.0,cctv3,C3_S007,G027,OCCUPIED,OCCUPIED,0.7427492346275937
648.0,cctv3,C3_S008,G028,EMPTY,EMPTY,0.01
648.0,cctv3,C3_S009,G029,EMPTY,EMPTY,0.01
648.0,cctv3,C3_S010,G007,OCCUPIED,OCCUPIED,0.7217530823160302
648.0,cctv3,C3_S011,G008,OCCUPIED,OCCUPIED,0.7911744990132072
648.0,cctv3,C3_S012,G009,OCCUPIED,OCCUPIED,0.8260888316414574
649.0,cctv1,C1_S001,G001,OCCUPIED,OCCUPIED,0.7291339601644061
649.0,cctv1,C1_S002,G002,EMPTY,EMPTY,0.01
649.0,cctv1,C1_S003,G003,OCCUPIED,OCCUPIED,0.8384331061081454
649.0,cctv1,C1_S004,G004,OCCUPIED,OCCUPIED,0.7725495850498026
649.0,cctv1,C1_S005,G005,OCCUPIED,LEAVING,0.7837147518992424
649.0,cctv1,C1_S006,G006,EMPTY,EMPTY,0.01
649.0,cctv2,C2_S001,G007,OCCUPIED,OCCUPIED,0.7862234142693607
649.0,cctv2,C2_S002,G008,OCCUPIED,OCCUPIED,0.8187231061133472
649.0,cctv2,C2_S003,G009,EMPTY,EMPTY,0.01
649.0,cctv2,C2_S004,G010,OCCUPIED,OCCUPIED,0.7544422382658179
649.0,cctv2,C2_S005,G001,EMPTY,EMPTY,0.01
649.0,cctv2,C2_S006,G003,OCCUPIED,OCCUPIED,0.8192054493860765
649.0,cctv2,C2_S007,G004,OCCUPIED,OCCUPIED,0.7794750808314844
649.0,cctv2,C2_S008,G006,OCCUPIED,OCCUPIED,0.7722580155188388
649.0,cctv2,C2_S009,G005,OCCUPIED,OCCUPIED,0.7944502272389152
649.0,cctv2,C2_S010,G002,EMPTY,EMPTY,0.01
649.0,cctv2,C2_S011,G017,OCCUPIED,OCCUPIED,0.8079561883752997
649.0,cctv2,C2_S012,G018,EMPTY,EMPTY,0.01
649.0,cctv2,C2_S013,G019,OCCUPIED,OCCUPIED,0.8286684542894364
649.0,cctv2,C2_S014,G020,EMPTY,EMPTY,0.01
649.0,cctv3,C3_S001,G021,OCCUPIED,OCCUPIED,0.8058384583754974
649.0,cctv3,C3_S002,G019,EMPTY,EMPTY,0.01
649.0,cctv3,C3_S003,G020,OCCUPIED,OCCUPIED,0.8156339417804372
649.0,cctv3,C3_S004,G024,OCCUPIED,OCCUPIED,0.8275733514265582
649.0,cctv3,C3_S005,G025,OCCUPIED,OCCUPIED,0.831285911527547
649.0,cctv3,C3_S006,G026,OCCUPIED,OCCUPIED,0.8248168005184694
649.0,cctv3,C3_S007,G027,OCCUPIED,OCCUPIED,0.7415985108776527
649.0,cctv3,C3_S008,G028,EMPTY,EMPTY,0.01
649.0,cctv3,C3_S009,G029,EMPTY,EMPTY,0.01
649.0,cctv3,C3_S010,G007,OCCUPIED,OCCUPIED,0.722128466855396
649.0,cctv3,C3_S011,G008,OCCUPIED,OCCUPIED,0.7917150437831879
649.0,cctv3,C3_S012,G009,OCCUPIED,OCCUPIED,0.8263807023113425
650.0,cctv1,C1_S001,G001,OCCUPIED,OCCUPIED,0.7307460382919421
650.0,cctv1,C1_S002,G002,EMPTY,EMPTY,0.01
650.0,cctv1,C1_S003,G003,OCCUPIED,OCCUPIED,0.8385501016270032
650.0,cctv1,C1_S004,G004,OCCUPIED,OCCUPIED,0.7719785086133264
650.0,cctv1,C1_S005,G005,OCCUPIED,LEAVING,0.7836394817991691
650.0,cctv1,C1_S006,G006,EMPTY,EMPTY,0.01
650.0,cctv2,C2_S001,G007,OCCUPIED,OCCUPIED,0.7864703327417374
650.0,cctv2,C2_S002,G008,OCCUPIED,OCCUPIED,0.8199456049637361
650.0,cctv2,C2_S003,G009,EMPTY,EMPTY,0.01
650.0,cctv2,C2_S004,G010,OCCUPIED,OCCUPIED,0.7576119290156799
650.0,cctv2,C2_S005,G001,EMPTY,EMPTY,0.01
650.0,cctv2,C2_S006,G003,OCCUPIED,OCCUPIED,0.8193503601984545
650.0,cctv2,C2_S007,G004,OCCUPIED,OCCUPIED,0.7789975525303321
650.0,cctv2,C2_S008,G006,OCCUPIED,OCCUPIED,0.7718354716897011
650.0,cctv2,C2_S009,G005,OCCUPIED,OCCUPIED,0.7935813743959774
650.0,cctv2,C2_S010,G002,EMPTY,EMPTY,0.01
650.0,cctv2,C2_S011,G017,OCCUPIED,OCCUPIED,0.8082404545762323
650.0,cctv2,C2_S012,G018,EMPTY,EMPTY,0.01
650.0,cctv2,C2_S013,G019,OCCUPIED,OCCUPIED,0.8272214139049704
650.0,cctv2,C2_S014,G020,EMPTY,EMPTY,0.01
650.0,cctv3,C3_S001,G021,OCCUPIED,OCCUPIED,0.8060213622721759
650.0,cctv3,C3_S002,G019,EMPTY,EMPTY,0.01
650.0,cctv3,C3_S003,G020,OCCUPIED,OCCUPIED,0.8149453081867912
650.0,cctv3,C3_S004,G024,OCCUPIED,OCCUPIED,0.8275647545402701
650.0,cctv3,C3_S005,G025,OCCUPIED,OCCUPIED,0.8313765547492288
650.0,cctv3,C3_S006,G026,OCCUPIED,OCCUPIED,0.8249426050619646
650.0,cctv3,C3_S007,G027,OCCUPIED,OCCUPIED,0.74071109470996
650.0,cctv3,C3_S008,G028,EMPTY,EMPTY,0.01
650.0,cctv3,C3_S009,G029,EMPTY,MANEUVERING,0.1047719072591174
650.0,cctv3,C3_S010,G007,OCCUPIED,LEAVING,0.630625557861545
650.0,cctv3,C3_S011,G008,OCCUPIED,OCCUPIED,0.7931844033978203
650.0,cctv3,C3_S012,G009,OCCUPIED,OCCUPIED,0.8257576885548505
651.0,cctv1,C1_S001,G001,OCCUPIED,OCCUPIED,0.7283786539665678
651.0,cctv1,C1_S002,G002,EMPTY,EMPTY,0.01
651.0,cctv1,C1_S003,G003,OCCUPIED,OCCUPIED,0.8385577922517604
651.0,cctv1,C1_S004,G004,OCCUPIED,OCCUPIED,0.7720893663438885
651.0,cctv1,C1_S005,G005,OCCUPIED,OCCUPIED,0.7823899393731898
651.0,cctv1,C1_S006,G006,EMPTY,EMPTY,0.01
651.0,cctv2,C2_S001,G007,OCCUPIED,OCCUPIED,0.7852968081831933
651.0,cctv2,C2_S002,G008,OCCUPIED,OCCUPIED,0.8202439958398993
651.0,cctv2,C2_S003,G009,EMPTY,EMPTY,0.01
651.0,cctv2,C2_S004,G010,OCCUPIED,OCCUPIED,0.7598388903520324
651.0,cctv2,C2_S005,G001,EMPTY,EMPTY,0.01
651.0,cctv2,C2_S006,G003,OCCUPIED,OCCUPIED,0.8196476286107844
651.0,cctv2,C2_S007,G004,OCCUPIED,OCCUPIED,0.7800985278053718
651.0,cctv2,C2_S008,G006,OCCUPIED,OCCUPIED,0.7729792034084148
651.0,cctv2,C2_S009,G005,OCCUPIED,OCCUPIED,0.7918647451834245
651.0,cctv2,C2_S010,G002,EMPTY,EMPTY,0.01
651.0,cctv2,C2_S011,G017,OCCUPIED,OCCUPIED,0.8083616351539439
651.0,cctv2,C2_S012,G018,EMPTY,EMPTY,0.01
651.0,cctv2,C2_S013,G019,OCCUPIED,OCCUPIED,0.8269202660430562
651.0,cctv2,C2_S014,G020,EMPTY,EMPTY,0.01
651.0,cctv3,C3_S001,G021,OCCUPIED,OCCUPIED,0.8057548262856224
651.0,cctv3,C3_S002,G019,EMPTY,EMPTY,0.01
651.0,cctv3,C3_S003,G020,OCCUPIED,OCCUPIED,0.8151232833212073
651.0,cctv3,C3_S004,G024,OCCUPIED,OCCUPIED,0.8276868958364834
651.0,cctv3,C3_S005,G025,OCCUPIED,OCCUPIED,0.8313810860568828
651.0,cctv3,C3_S006,G026,OCCUPIED,OCCUPIED,0.8249473021789031
651.0,cctv3,C3_S007,G027,OCCUPIED,OCCUPIED,0.7401800236241385
651.0,cctv3,C3_S008,G028,EMPTY,EMPTY,0.01
651.0,cctv3,C3_S009,G029,EMPTY,MANEUVERING,0.1047719072591174
651.0,cctv3,C3_S010,G007,OCCUPIED,LEAVING,0.6294969250379188
651.0,cctv3,C3_S011,G008,OCCUPIED,OCCUPIED,0.7941963529044932
651.0,cctv3,C3_S012,G009,OCCUPIED,OCCUPIED,0.8259082385084846
652.0,cctv1,C1_S001,G001,OCCUPIED,OCCUPIED,0.7273395111276345
652.0,cctv1,C1_S002,G002,EMPTY,EMPTY,0.01
652.0,cctv1,C1_S003,G003,OCCUPIED,OCCUPIED,0.8384465691718189
652.0,cctv1,C1_S004,G004,OCCUPIED,OCCUPIED,0.7726318382404068
652.0,cctv1,C1_S005,G005,OCCUPIED,OCCUPIED,0.7843790395693346
652.0,cctv1,C1_S006,G006,EMPTY,EMPTY,0.01
652.0,cctv2,C2_S001,G007,OCCUPIED,OCCUPIED,0.7829524884169753
652.0,cctv2,C2_S002,G008,OCCUPIED,OCCUPIED,0.8206252978606658
652.0,cctv2,C2_S003,G009,EMPTY,EMPTY,0.01
652.0,cctv2,C2_S004,G010,OCCUPIED,OCCUPIED,0.7612697419795124
652.0,cctv2,C2_S005,G001,EMPTY,EMPTY,0.01
652.0,cctv2,C2_S006,G003,OCCUPIED,OCCUPIED,0.8198116367513484
652.0,cctv2,C2_S007,G004,OCCUPIED,OCCUPIED,0.7807765918699179
652.0,cctv2,C2_S008,G006,OCCUPIED,OCCUPIED,0.7725117931311781
652.0,cctv2,C2_S009,G005,OCCUPIED,OCCUPIED,0.7924970889633353
652.0,cctv2,C2_S010,G002,EMPTY,EMPTY,0.01
652.0,cctv2,C2_S011,G017,OCCUPIED,OCCUPIED,0.8081452889875933
652.0,cctv2,C2_S012,G018,EMPTY,EMPTY,0.01
652.0,cctv2,C2_S013,G019,OCCUPIED,OCCUPIED,0.8270479952747172
652.0,cctv2,C2_S014,G020,EMPTY,EMPTY,0.01
652.0,cctv3,C3_S001,G021,OCCUPIED,OCCUPIED,0.8056637652895668
652.0,cctv3,C3_S002,G019,EMPTY,EMPTY,0.01
652.0,cctv3,C3_S003,G020,OCCUPIED,OCCUPIED,0.8146028860048815
652.0,cctv3,C3_S004,G024,OCCUPIED,OCCUPIED,0.8277945239435544
652.0,cctv3,C3_S005,G025,OCCUPIED,OCCUPIED,0.8314444341442803
652.0,cctv3,C3_S006,G026,OCCUPIED,OCCUPIED,0.8249354143034329
652.0,cctv3,C3_S007,G027,OCCUPIED,OCCUPIED,0.7399610769342293
652.0,cctv3,C3_S008,G028,EMPTY,EMPTY,0.01
652.0,cctv3,C3_S009,G029,EMPTY,MANEUVERING,0.1047719072591174
652.0,cctv3,C3_S010,G007,OCCUPIED,LEAVING,0.6299950494982981
652.0,cctv3,C3_S011,G008,OCCUPIED,OCCUPIED,0.7943919038230723
652.0,cctv3,C3_S012,G009,OCCUPIED,OCCUPIED,0.825916304642504
653.0,cctv1,C1_S001,G001,OCCUPIED,OCCUPIED,0.7254288402470676
653.0,cctv1,C1_S002,G002,EMPTY,EMPTY,0.01
653.0,cctv1,C1_S003,G003,OCCUPIED,OCCUPIED,0.8382907238873569
653.0,cctv1,C1_S004,G004,OCCUPIED,OCCUPIED,0.7716464897448367
653.0,cctv1,C1_S005,G005,OCCUPIED,OCCUPIED,0.7838465666229075
653.0,cctv1,C1_S006,G006,EMPTY,EMPTY,0.01
653.0,cctv2,C2_S001,G007,OCCUPIED,OCCUPIED,0.7856755824251609
653.0,cctv2,C2_S002,G008,OCCUPIED,OCCUPIED,0.8212820383635435
653.0,cctv2,C2_S003,G009,EMPTY,EMPTY,0.01
653.0,cctv2,C2_S004,G010,OCCUPIED,OCCUPIED,0.7615322900089352
653.0,cctv2,C2_S005,G001,EMPTY,EMPTY,0.01
653.0,cctv2,C2_S006,G003,OCCUPIED,OCCUPIED,0.819830426031893
653.0,cctv2,C2_S007,G004,OCCUPIED,OCCUPIED,0.779029475694353
653.0,cctv2,C2_S008,G006,OCCUPIED,OCCUPIED,0.7714135776866566
653.0,cctv2,C2_S009,G005,OCCUPIED,OCCUPIED,0.7937489360570908
653.0,cctv2,C2_S010,G002,EMPTY,EMPTY,0.01
653.0,cctv2,C2_S011,G017,OCCUPIED,OCCUPIED,0.8076899141073227
653.0,cctv2,C2_S012,G018,EMPTY,EMPTY,0.01
653.0,cctv2,C2_S013,G019,OCCUPIED,OCCUPIED,0.8267403922297738
653.0,cctv2,C2_S014,G020,EMPTY,EMPTY,0.01
653.0,cctv3,C3_S001,G021,OCCUPIED,OCCUPIED,0.8061269770969045
653.0,cctv3,C3_S002,G019,EMPTY,EMPTY,0.01
653.0,cctv3,C3_S003,G020,OCCUPIED,OCCUPIED,0.8143810583786532
653.0,cctv3,C3_S004,G024,OCCUPIED,OCCUPIED,0.8279354008761319
653.0,cctv3,C3_S005,G025,OCCUPIED,OCCUPIED,0.8314470545812087
653.0,cctv3,C3_S006,G026,OCCUPIED,OCCUPIED,0.8249027937650681
653.0,cctv3,C3_S007,G027,OCCUPIED,OCCUPIED,0.6575497127730738
653.0,cctv3,C3_S008,G028,EMPTY,EMPTY,0.01
653.0,cctv3,C3_S009,G029,EMPTY,MANEUVERING,0.1047719072591174
653.0,cctv3,C3_S010,G007,OCCUPIED,LEAVING,0.6295050665356897
653.0,cctv3,C3_S011,G008,OCCUPIED,OCCUPIED,0.7948676586151123
653.0,cctv3,C3_S012,G009,OCCUPIED,OCCUPIED,0.8261006292971699
654.0,cctv1,C1_S001,G001,OCCUPIED,OCCUPIED,0.7268600756133146
654.0,cctv1,C1_S002,G002,EMPTY,EMPTY,0.01
654.0,cctv1,C1_S003,G003,OCCUPIED,OCCUPIED,0.8380751076069746
654.0,cctv1,C1_S004,G004,OCCUPIED,OCCUPIED,0.7705917894840241
654.0,cctv1,C1_S005,G005,OCCUPIED,OCCUPIED,0.7822281030091374
654.0,cctv1,C1_S006,G006,EMPTY,EMPTY,0.01
654.0,cctv2,C2_S001,G007,OCCUPIED,OCCUPIED,0.7842279133471577
654.0,cctv2,C2_S002,G008,OCCUPIED,OCCUPIED,0.8224089953032407
654.0,cctv2,C2_S003,G009,EMPTY,EMPTY,0.01
654.0,cctv2,C2_S004,G010,OCCUPIED,OCCUPIED,0.7644961126826026
654.0,cctv2,C2_S005,G001,EMPTY,EMPTY,0.01
654.0,cctv2,C2_S006,G003,OCCUPIED,OCCUPIED,0.8197840051217513
654.0,cctv2,C2_S007,G004,OCCUPIED,OCCUPIED,0.7789882355115632
654.0,cctv2,C2_S008,G006,OCCUPIED,OCCUPIED,0.771150887418877
654.0,cctv2,C2_S009,G005,OCCUPIED,OCCUPIED,0.7941662430763246
654.0,cctv2,C2_S010,G002,EMPTY,EMPTY,0.01
654.0,cctv2,C2_S011,G017,OCCUPIED,OCCUPIED,0.8081505802544682
654.0,cctv2,C2_S012,G018,EMPTY,EMPTY,0.01
654.0,cctv2,C2_S013,G019,OCCUPIED,OCCUPIED,0.8278325340964579
654.0,cctv2,C2_S014,G020,EMPTY,EMPTY,0.01
654.0,cctv3,C3_S001,G021,OCCUPIED,OCCUPIED,0.8063751472668215
654.0,cctv3,C3_S002,G019,EMPTY,EMPTY,0.01
654.0,cctv3,C3_S003,G020,OCCUPIED,OCCUPIED,0.8142783964222129
654.0,cctv3,C3_S004,G024,OCCUPIED,OCCUPIED,0.8279263057491997
654.0,cctv3,C3_S005,G025,OCCUPIED,OCCUPIED,0.8314888832244007
654.0,cctv3,C3_S006,G026,OCCUPIED,OCCUPIED,0.8248756628144872
654.0,cctv3,C3_S007,G027,OCCUPIED,LEAVING,0.6568597520549189
654.0,cctv3,C3_S008,G028,EMPTY,EMPTY,0.01
654.0,cctv3,C3_S009,G029,EMPTY,MANEUVERING,0.0597719072591174
654.0,cctv3,C3_S010,G007,OCCUPIED,LEAVING,0.6734608060735645
654.0,cctv3,C3_S011,G008,OCCUPIED,OCCUPIED,0.7950557798147202
654.0,cctv3,C3_S012,G009,OCCUPIED,OCCUPIED,0.8262861235575243
655.0,cctv1,C1_S001,G001,OCCUPIED,OCCUPIED,0.729454881799492
655.0,cctv1,C1_S002,G002,EMPTY,EMPTY,0.01
655.0,cctv1,C1_S003,G003,OCCUPIED,OCCUPIED,0.838056215914813
655.0,cctv1,C1_S004,G004,OCCUPIED,OCCUPIED,0.7701706712896175
655.0,cctv1,C1_S005,G005,OCCUPIED,LEAVING,0.7799986614422365
655.0,cctv1,C1_S006,G006,EMPTY,EMPTY,0.01
655.0,cctv2,C2_S001,G007,OCCUPIED,OCCUPIED,0.7846181568774311
655.0,cctv2,C2_S002,G008,OCCUPIED,OCCUPIED,0.8234699235721068
655.0,cctv2,C2_S003,G009,EMPTY,EMPTY,0.01
655.0,cctv2,C2_S004,G010,OCCUPIED,OCCUPIED,0.7672818704084917
655.0,cctv2,C2_S005,G001,EMPTY,EMPTY,0.01
655.0,cctv2,C2_S006,G003,OCCUPIED,OCCUPIED,0.8196180909872055
655.0,cctv2,C2_S007,G004,OCCUPIED,OCCUPIED,0.778855073587461
655.0,cctv2,C2_S008,G006,OCCUPIED,OCCUPIED,0.7697927098382604
655.0,cctv2,C2_S009,G005,OCCUPIED,OCCUPIED,0.7939630600539122
655.0,cctv2,C2_S010,G002,EMPTY,EMPTY,0.01
655.0,cctv2,C2_S011,G017,OCCUPIED,OCCUPIED,0.8076195947148583
655.0,cctv2,C2_S012,G018,EMPTY,EMPTY,0.01
655.0,cctv2,C2_S013,G019,OCCUPIED,OCCUPIED,0.8275866307995536
655.0,cctv2,C2_S014,G020,EMPTY,EMPTY,0.01
655.0,cctv3,C3_S001,G021,OCCUPIED,OCCUPIED,0.8064339729872617
655.0,cctv3,C3_S002,G019,EMPTY,EMPTY,0.01
655.0,cctv3,C3_S003,G020,OCCUPIED,OCCUPIED,0.8148766298185696
655.0,cctv3,C3_S004,G024,OCCUPIED,OCCUPIED,0.8278013960881667
655.0,cctv3,C3_S005,G025,OCCUPIED,OCCUPIED,0.8315381659702822
655.0,cctv3,C3_S006,G026,OCCUPIED,OCCUPIED,0.8249882107431239
655.0,cctv3,C3_S007,G027,OCCUPIED,LEAVING,0.6578392563421618
655.0,cctv3,C3_S008,G028,EMPTY,EMPTY,0.01
655.0,cctv3,C3_S009,G029,EMPTY,MANEUVERING,0.0586809981682083
655.0,cctv3,C3_S010,G007,OCCUPIED,LEAVING,0.7107970746538856
655.0,cctv3,C3_S011,G008,OCCUPIED,OCCUPIED,0.7942466882142154
655.0,cctv3,C3_S012,G009,OCCUPIED,OCCUPIED,0.8263535803014582
656.0,cctv1,C1_S001,G001,OCCUPIED,OCCUPIED,0.7298594099215486
656.0,cctv1,C1_S002,G002,EMPTY,EMPTY,0.01
656.0,cctv1,C1_S003,G003,OCCUPIED,OCCUPIED,0.8379700901833448
656.0,cctv1,C1_S004,G004,OCCUPIED,OCCUPIED,0.7702694700522856
656.0,cctv1,C1_S005,G005,OCCUPIED,LEAVING,0.7793987398797816
656.0,cctv1,C1_S006,G006,EMPTY,EMPTY,0.01
656.0,cctv2,C2_S001,G007,OCCUPIED,OCCUPIED,0.7839928835630418
656.0,cctv2,C2_S002,G008,OCCUPIED,OCCUPIED,0.8241926090283828
656.0,cctv2,C2_S003,G009,EMPTY,EMPTY,0.01
656.0,cctv2,C2_S004,G010,OCCUPIED,OCCUPIED,0.7691366532986815
656.0,cctv2,C2_S005,G001,EMPTY,EMPTY,0.01
656.0,cctv2,C2_S006,G003,OCCUPIED,OCCUPIED,0.8194930764761839
656.0,cctv2,C2_S007,G004,OCCUPIED,OCCUPIED,0.7799830839037896
656.0,cctv2,C2_S008,G006,OCCUPIED,OCCUPIED,0.7701902766119351
656.0,cctv2,C2_S009,G005,OCCUPIED,OCCUPIED,0.7932846034115012
656.0,cctv2,C2_S010,G002,EMPTY,EMPTY,0.01
656.0,cctv2,C2_S011,G017,OCCUPIED,OCCUPIED,0.8084431393580004
656.0,cctv2,C2_S012,G018,EMPTY,EMPTY,0.01
656.0,cctv2,C2_S013,G019,OCCUPIED,OCCUPIED,0.8280118251388724
656.0,cctv2,C2_S014,G020,EMPTY,EMPTY,0.01
656.0,cctv3,C3_S001,G021,OCCUPIED,OCCUPIED,0.806818867542527
656.0,cctv3,C3_S002,G019,EMPTY,EMPTY,0.01
656.0,cctv3,C3_S003,G020,OCCUPIED,OCCUPIED,0.8155341237783432
656.0,cctv3,C3_S004,G024,OCCUPIED,OCCUPIED,0.8278348741206256
656.0,cctv3,C3_S005,G025,OCCUPIED,OCCUPIED,0.8315087941559879
656.0,cctv3,C3_S006,G026,OCCUPIED,OCCUPIED,0.824844627217813
656.0,cctv3,C3_S007,G027,OCCUPIED,LEAVING,0.6579194610972297
656.0,cctv3,C3_S008,G028,EMPTY,EMPTY,0.01
656.0,cctv3,C3_S009,G029,EMPTY,MANEUVERING,0.0586809981682083
656.0,cctv3,C3_S010,G007,OCCUPIED,LEAVING,0.709129790284417
656.0,cctv3,C3_S011,G008,OCCUPIED,OCCUPIED,0.792332420024005
656.0,cctv3,C3_S012,G009,OCCUPIED,OCCUPIED,0.8258903432976117
657.0,cctv1,C1_S001,G001,OCCUPIED,OCCUPIED,0.7307402585379102
657.0,cctv1,C1_S002,G002,EMPTY,EMPTY,0.01
657.0,cctv1,C1_S003,G003,OCCUPIED,OCCUPIED,0.8376863173463128
657.0,cctv1,C1_S004,G004,OCCUPIED,OCCUPIED,0.7697632018815388
657.0,cctv1,C1_S005,G005,OCCUPIED,LEAVING,0.7788165875456551
657.0,cctv1,C1_S006,G006,EMPTY,EMPTY,0.01
657.0,cctv2,C2_S001,G007,OCCUPIED,OCCUPIED,0.7820000884207813
657.0,cctv2,C2_S002,G008,OCCUPIED,OCCUPIED,0.8252930161627857
657.0,cctv2,C2_S003,G009,EMPTY,EMPTY,0.01
657.0,cctv2,C2_S004,G010,OCCUPIED,OCCUPIED,0.7703933710401709
657.0,cctv2,C2_S005,G001,EMPTY,EMPTY,0.01
657.0,cctv2,C2_S006,G003,OCCUPIED,OCCUPIED,0.8192424289204858
657.0,cctv2,C2_S007,G004,OCCUPIED,OCCUPIED,0.7807341767983004
657.0,cctv2,C2_S008,G006,OCCUPIED,OCCUPIED,0.7694139510393143
657.0,cctv2,C2_S009,G005,OCCUPIED,OCCUPIED,0.7941004452380268
657.0,cctv2,C2_S010,G002,EMPTY,EMPTY,0.01
657.0,cctv2,C2_S011,G017,OCCUPIED,OCCUPIED,0.808486667546359
657.0,cctv2,C2_S012,G018,EMPTY,EMPTY,0.01
657.0,cctv2,C2_S013,G019,OCCUPIED,OCCUPIED,0.8275410584428095
657.0,cctv2,C2_S014,G020,EMPTY,EMPTY,0.01
657.0,cctv3,C3_S001,G021,OCCUPIED,OCCUPIED,0.8067366643385454
657.0,cctv3,C3_S002,G019,EMPTY,EMPTY,0.01
657.0,cctv3,C3_S003,G020,OCCUPIED,OCCUPIED,0.8150890997864984
657.0,cctv3,C3_S004,G024,OCCUPIED,OCCUPIED,0.8281179089437832
657.0,cctv3,C3_S005,G025,OCCUPIED,OCCUPIED,0.8315486387772995
657.0,cctv3,C3_S006,G026,OCCUPIED,OCCUPIED,0.8250443445010619
657.0,cctv3,C3_S007,G027,OCCUPIED,LEAVING,0.7035332937945019
657.0,cctv3,C3_S008,G028,EMPTY,EMPTY,0.01
657.0,cctv3,C3_S009,G029,EMPTY,MANEUVERING,0.0586809981682083
657.0,cctv3,C3_S010,G007,OCCUPIED,LEAVING,0.7086141275546769
657.0,cctv3,C3_S011,G008,OCCUPIED,OCCUPIED,0.7923629354346883
657.0,cctv3,C3_S012,G009,OCCUPIED,OCCUPIED,0.8259818423878064
658.0,cctv1,C1_S001,G001,OCCUPIED,OCCUPIED,0.7324951039457863
658.0,cctv1,C1_S002,G002,EMPTY,EMPTY,0.01
658.0,cctv1,C1_S003,G003,OCCUPIED,OCCUPIED,0.8378647500818427
658.0,cctv1,C1_S004,G004,OCCUPIED,OCCUPIED,0.768987161192027
658.0,cctv1,C1_S005,G005,OCCUPIED,LEAVING,0.7786690071225167
658.0,cctv1,C1_S006,G006,EMPTY,EMPTY,0.01
658.0,cctv2,C2_S001,G007,OCCUPIED,OCCUPIED,0.7805828128348697
658.0,cctv2,C2_S002,G008,OCCUPIED,OCCUPIED,0.8284084929661317
658.0,cctv2,C2_S003,G009,EMPTY,EMPTY,0.01
658.0,cctv2,C2_S004,G010,OCCUPIED,OCCUPIED,0.7713734737851403
658.0,cctv2,C2_S005,G001,EMPTY,EMPTY,0.01
658.0,cctv2,C2_S006,G003,OCCUPIED,OCCUPIED,0.8188343430107291
658.0,cctv2,C2_S007,G004,OCCUPIED,OCCUPIED,0.7805903429334815
658.0,cctv2,C2_S008,G006,OCCUPIED,OCCUPIED,0.7679564504460855
658.0,cctv2,C2_S009,G005,OCCUPIED,OCCUPIED,0.7947795122861863
658.0,cctv2,C2_S010,G002,EMPTY,EMPTY,0.01
658.0,cctv2,C2_S011,G017,OCCUPIED,OCCUPIED,0.8080693190748042
658.0,cctv2,C2_S012,G018,EMPTY,EMPTY,0.01
658.0,cctv2,C2_S013,G019,OCCUPIED,OCCUPIED,0.8283764738928189
658.0,cctv2,C2_S014,G020,EMPTY,EMPTY,0.01
658.0,cctv3,C3_S001,G021,OCCUPIED,OCCUPIED,0.8063713117079302
658.0,cctv3,C3_S002,G019,EMPTY,EMPTY,0.01
658.0,cctv3,C3_S003,G020,OCCUPIED,LEAVING,0.8117436609484934
658.0,cctv3,C3_S004,G024,OCCUPIED,OCCUPIED,0.8282423049211503
658.0,cctv3,C3_S005,G025,OCCUPIED,OCCUPIED,0.8315471424297853
658.0,cctv3,C3_S006,G026,OCCUPIED,OCCUPIED,0.8250919691540979
658.0,cctv3,C3_S007,G027,OCCUPIED,LEAVING,0.6218130220788898
658.0,cctv3,C3_S008,G028,EMPTY,EMPTY,0.01
658.0,cctv3,C3_S009,G029,EMPTY,MANEUVERING,0.0586809981682083
658.0,cctv3,C3_S010,G007,OCCUPIED,LEAVING,0.7048176202855327
658.0,cctv3,C3_S011,G008,OCCUPIED,OCCUPIED,0.7922983437776566
658.0,cctv3,C3_S012,G009,OCCUPIED,OCCUPIED,0.8258504759181631
659.0,cctv1,C1_S001,G001,OCCUPIED,OCCUPIED,0.732745796204968
659.0,cctv1,C1_S002,G002,EMPTY,EMPTY,0.01
659.0,cctv1,C1_S003,G003,OCCUPIED,OCCUPIED,0.8377318198030645
659.0,cctv1,C1_S004,G004,OCCUPIED,OCCUPIED,0.7666994344104421
659.0,cctv1,C1_S005,G005,OCCUPIED,LEAVING,0.7745553242889318
659.0,cctv1,C1_S006,G006,EMPTY,EMPTY,0.01
659.0,cctv2,C2_S001,G007,OCCUPIED,OCCUPIED,0.6988492194224488
659.0,cctv2,C2_S002,G008,OCCUPIED,OCCUPIED,0.8294285508719358
659.0,cctv2,C2_S003,G009,EMPTY,EMPTY,0.01
659.0,cctv2,C2_S004,G010,OCCUPIED,OCCUPIED,0.7700004802508789
659.0,cctv2,C2_S005,G001,EMPTY,EMPTY,0.01
659.0,cctv2,C2_S006,G003,OCCUPIED,OCCUPIED,0.8185562336986716
659.0,cctv2,C2_S007,G004,OCCUPIED,OCCUPIED,0.7800927996635437
659.0,cctv2,C2_S008,G006,OCCUPIED,OCCUPIED,0.7680660422552716
659.0,cctv2,C2_S009,G005,OCCUPIED,OCCUPIED,0.7943703185428274
659.0,cctv2,C2_S010,G002,EMPTY,EMPTY,0.01
659.0,cctv2,C2_S011,G017,OCCUPIED,OCCUPIED,0.8070277913050219
659.0,cctv2,C2_S012,G018,EMPTY,EMPTY,0.01
659.0,cctv2,C2_S013,G019,OCCUPIED,OCCUPIED,0.8298781321807341
659.0,cctv2,C2_S014,G020,EMPTY,EMPTY,0.01
659.0,cctv3,C3_S001,G021,OCCUPIED,OCCUPIED,0.8068041113289921
659.0,cctv3,C3_S002,G019,EMPTY,EMPTY,0.01
659.0,cctv3,C3_S003,G020,OCCUPIED,LEAVING,0.8093514743176374
659.0,cctv3,C3_S004,G024,OCCUPIED,OCCUPIED,0.8283428357406096
659.0,cctv3,C3_S005,G025,OCCUPIED,OCCUPIED,0.8315891645171426
659.0,cctv3,C3_S006,G026,OCCUPIED,OCCUPIED,0.8250195942141794
659.0,cctv3,C3_S007,G027,OCCUPIED,LEAVING,0.6210494550385258
659.0,cctv3,C3_S008,G028,EMPTY,EMPTY,0.01
659.0,cctv3,C3_S009,G029,EMPTY,MANEUVERING,0.0586809981682083
659.0,cctv3,C3_S010,G007,OCCUPIED,LEAVING,0.7013490215621212
659.0,cctv3,C3_S011,G008,OCCUPIED,OCCUPIED,0.7920119196176529
659.0,cctv3,C3_S012,G009,OCCUPIED,OCCUPIED,0.8251090475104073
660.0,cctv1,C1_S001,G001,OCCUPIED,OCCUPIED,0.733866445483132
660.0,cctv1,C1_S002,G002,EMPTY,EMPTY,0.01
660.0,cctv1,C1_S003,G003,OCCUPIED,OCCUPIED,0.8378750489516692
660.0,cctv1,C1_S004,G004,OCCUPIED,OCCUPIED,0.7660781742496925
660.0,cctv1,C1_S005,G005,OCCUPIED,LEAVING,0.776662995598533
660.0,cctv1,C1_S006,G006,EMPTY,EMPTY,0.01
660.0,cctv2,C2_S001,G007,OCCUPIED,OCCUPIED,0.6993216440487992
660.0,cctv2,C2_S002,G008,OCCUPIED,OCCUPIED,0.8297555414113132
660.0,cctv2,C2_S003,G009,EMPTY,EMPTY,0.01
660.0,cctv2,C2_S004,G010,OCCUPIED,OCCUPIED,0.77018906514753
660.0,cctv2,C2_S005,G001,EMPTY,EMPTY,0.01
660.0,cctv2,C2_S006,G003,OCCUPIED,OCCUPIED,0.8184969731352547
660.0,cctv2,C2_S007,G004,OCCUPIED,OCCUPIED,0.780229498852383
660.0,cctv2,C2_S008,G006,OCCUPIED,OCCUPIED,0.7666185397993435
660.0,cctv2,C2_S009,G005,OCCUPIED,OCCUPIED,0.7945036739110948
660.0,cctv2,C2_S010,G002,EMPTY,EMPTY,0.01
660.0,cctv2,C2_S011,G017,OCCUPIED,OCCUPIED,0.8071822288361463
660.0,cctv2,C2_S012,G018,EMPTY,EMPTY,0.01
660.0,cctv2,C2_S013,G019,OCCUPIED,OCCUPIED,0.8298938003453342
660.0,cctv2,C2_S014,G020,EMPTY,EMPTY,0.01
660.0,cctv3,C3_S001,G021,OCCUPIED,OCCUPIED,0.8058835097334602
660.0,cctv3,C3_S002,G019,EMPTY,EMPTY,0.01
660.0,cctv3,C3_S003,G020,OCCUPIED,LEAVING,0.8088312094861811
660.0,cctv3,C3_S004,G024,OCCUPIED,OCCUPIED,0.8282447359778665
660.0,cctv3,C3_S005,G025,OCCUPIED,OCCUPIED,0.8315577078949322
660.0,cctv3,C3_S006,G026,OCCUPIED,OCCUPIED,0.8250300710851497
660.0,cctv3,C3_S007,G027,OCCUPIED,LEAVING,0.6209017428078435
660.0,cctv3,C3_S008,G028,EMPTY,EMPTY,0.01
660.0,cctv3,C3_S009,G029,EMPTY,MANEUVERING,0.0586809981682083
660.0,cctv3,C3_S010,G007,OCCUPIED,LEAVING,0.7012273172221402
660.0,cctv3,C3_S011,G008,OCCUPIED,OCCUPIED,0.7914918035268784
660.0,cctv3,C3_S012,G009,OCCUPIED,OCCUPIED,0.8248363546349786
