time_sec,cctv,local_id,global_id,state,phase,occupied_score
660.0,cctv1,C1_S001,G001,OCCUPIED,OCCUPIED,0.7465558305382729
660.0,cctv1,C1_S002,G002,EMPTY,EMPTY,0.01
660.0,cctv1,C1_S003,G003,OCCUPIED,OCCUPIED,0.8394294768571854
660.0,cctv1,C1_S004,G004,OCCUPIED,OCCUPIED,0.7639602065086365
660.0,cctv1,C1_S005,G005,OCCUPIED,OCCUPIED,0.7874635636806488
660.0,cctv1,C1_S006,G006,EMPTY,EMPTY,0.01
660.0,cctv2,C2_S001,G007,OCCUPIED,OCCUPIED,0.783735364675522
660.0,cctv2,C2_S002,G008,OCCUPIED,OCCUPIED,0.8279074668884278
660.0,cctv2,C2_S003,G009,EMPTY,EMPTY,0.01
660.0,cctv2,C2_S004,G010,OCCUPIED,OCCUPIED,0.7530548676848412
660.0,cctv2,C2_S005,G001,EMPTY,EMPTY,0.01
660.0,cctv2,C2_S006,G003,OCCUPIED,OCCUPIED,0.816840073466301
660.0,cctv2,C2_S007,G004,OCCUPIED,OCCUPIED,0.7789018362760545
660.0,cctv2,C2_S008,G006,OCCUPIED,OCCUPIED,0.7597578778862953
660.0,cctv2,C2_S009,G005,OCCUPIED,OCCUPIED,0.7995540410280229
660.0,cctv2,C2_S010,G002,EMPTY,EMPTY,0.01
660.0,cctv2,C2_S011,G017,OCCUPIED,OCCUPIED,0.8080658167600633
660.0,cctv2,C2_S012,G018,EMPTY,EMPTY,0.01
660.0,cctv2,C2_S013,G019,OCCUPIED,OCCUPIED,0.8339951783418655
660.0,cctv2,C2_S014,G020,EMPTY,EMPTY,0.01
660.0,cctv3,C3_S001,G021,OCCUPIED,OCCUPIED,0.7989855110645295
660.0,cctv3,C3_S002,G019,EMPTY,EMPTY,0.01
660.0,cctv3,C3_S003,G020,OCCUPIED,OCCUPIED,0.8019658833742143
660.0,cctv3,C3_S004,G024,OCCUPIED,OCCUPIED,0.8278437197208405
660.0,cctv3,C3_S005,G025,OCCUPIED,OCCUPIED,0.8311685770750046
660.0,cctv3,C3_S006,G026,OCCUPIED,OCCUPIED,0.8243309557437897
660.0,cctv3,C3_S007,G027,OCCUPIED,OCCUPIED,0.7380630046129227
660.0,cctv3,C3_S008,G028,EMPTY,EMPTY,0.01
660.0,cctv3,C3_S009,G029,EMPTY,EMPTY,0.01
660.0,cctv3,C3_S010,G007,OCCUPIED,OCCUPIED,0.7580184206366539
660.0,cctv3,C3_S011,G008,OCCUPIED,OCCUPIED,0.7942930132150651
660.0,cctv3,C3_S012,G009,OCCUPIED,OCCUPIED,0.8252191871404648
661.0,cctv1,C1_S001,G001,OCCUPIED,OCCUPIED,0.7494066990911962
661.0,cctv1,C1_S002,G002,EMPTY,EMPTY,0.01
661.0,cctv1,C1_S003,G003,OCCUPIED,OCCUPIED,0.8394388556480408
661.0,cctv1,C1_S004,G004,OCCUPIED,OCCUPIED,0.7585576407611371
661.0,cctv1,C1_S005,G005,OCCUPIED,LEAVING,0.7723149813711644
661.0,cctv1,C1_S006,G006,EMPTY,MANEUVERING,0.418282064087689
661.0,cctv2,C2_S001,G007,OCCUPIED,OCCUPIED,0.7771546095609666
661.0,cctv2,C2_S002,G008,OCCUPIED,OCCUPIED,0.825386592745781
661.0,cctv2,C2_S003,G009,EMPTY,EMPTY,0.01
661.0,cctv2,C2_S004,G010,OCCUPIED,OCCUPIED,0.7544785171747208
661.0,cctv2,C2_S005,G001,EMPTY,EMPTY,0.01
661.0,cctv2,C2_S006,G003,OCCUPIED,OCCUPIED,0.8175733715295792
661.0,cctv2,C2_S007,G004,OCCUPIED,OCCUPIED,0.7796199172735215
661.0,cctv2,C2_S008,G006,OCCUPIED,OCCUPIED,0.7683968372642994
661.0,cctv2,C2_S009,G005,OCCUPIED,OCCUPIED,0.7970943167805672
661.0,cctv2,C2_S010,G002,EMPTY,EMPTY,0.01
661.0,cctv2,C2_S011,G017,OCCUPIED,OCCUPIED,0.8084053531289102
661.0,cctv2,C2_S012,G018,EMPTY,EMPTY,0.01
661.0,cctv2,C2_S013,G019,OCCUPIED,OCCUPIED,0.8343649879097939
661.0,cctv2,C2_S014,G020,EMPTY,EMPTY,0.01
661.0,cctv3,C3_S001,G021,OCCUPIED,OCCUPIED,0.8019337996840478
661.0,cctv3,C3_S002,G019,EMPTY,EMPTY,0.01
661.0,cctv3,C3_S003,G020,OCCUPIED,OCCUPIED,0.7945355206727982
661.0,cctv3,C3_S004,G024,OCCUPIED,OCCUPIED,0.8289393797516823
661.0,cctv3,C3_S005,G025,OCCUPIED,OCCUPIED,0.8313637211918832
661.0,cctv3,C3_S006,G026,OCCUPIED,OCCUPIED,0.8247773736715317
661.0,cctv3,C3_S007,G027,OCCUPIED,OCCUPIED,0.746699420362711
661.0,cctv3,C3_S008,G028,EMPTY,EMPTY,0.01
661.0,cctv3,C3_S009,G029,EMPTY,MANEUVERING,0.3593213647603989
661.0,cctv3,C3_S010,G007,OCCUPIED,LEAVING,0.51
661.0,cctv3,C3_S011,G008,OCCUPIED,OCCUPIED,0.7884738266468049
661.0,cctv3,C3_S012,G009,OCCUPIED,OCCUPIED,0.8249381050467491
662.0,cctv1,C1_S001,G001,OCCUPIED,OCCUPIED,0.7447078034281731
662.0,cctv1,C1_S002,G002,EMPTY,EMPTY,0.01
662.0,cctv1,C1_S003,G003,OCCUPIED,OCCUPIED,0.8394660413265229
662.0,cctv1,C1_S004,G004,OCCUPIED,OCCUPIED,0.764348427951336
662.0,cctv1,C1_S005,G005,OCCUPIED,LEAVING,0.7770186200737954
662.0,cctv1,C1_S006,G006,EMPTY,MANEUVERING,0.3216153974210223
662.0,cctv2,C2_S001,G007,OCCUPIED,OCCUPIED,0.7807150751352311
662.0,cctv2,C2_S002,G008,OCCUPIED,OCCUPIED,0.8236638456583023
662.0,cctv2,C2_S003,G009,EMPTY,EMPTY,0.01
662.0,cctv2,C2_S004,G010,OCCUPIED,OCCUPIED,0.7548867851495743
662.0,cctv2,C2_S005,G001,EMPTY,EMPTY,0.01
662.0,cctv2,C2_S006,G003,OCCUPIED,OCCUPIED,0.8185691207647324
662.0,cctv2,C2_S007,G004,OCCUPIED,OCCUPIED,0.7771759450435639
662.0,cctv2,C2_S008,G006,OCCUPIED,OCCUPIED,0.768413032591343
662.0,cctv2,C2_S009,G005,OCCUPIED,OCCUPIED,0.7928830295801164
662.0,cctv2,C2_S010,G002,EMPTY,EMPTY,0.01
662.0,cctv2,C2_S011,G017,OCCUPIED,OCCUPIED,0.8085826247930528
662.0,cctv2,C2_S012,G018,EMPTY,EMPTY,0.01
662.0,cctv2,C2_S013,G019,OCCUPIED,OCCUPIED,0.8336800783872604
662.0,cctv2,C2_S014,G020,EMPTY,EMPTY,0.01
662.0,cctv3,C3_S001,G021,OCCUPIED,OCCUPIED,0.8035497784614564
662.0,cctv3,C3_S002,G019,EMPTY,EMPTY,0.01
662.0,cctv3,C3_S003,G020,OCCUPIED,OCCUPIED,0.7950517296791078
662.0,cctv3,C3_S004,G024,OCCUPIED,OCCUPIED,0.8268416315317155
662.0,cctv3,C3_S005,G025,OCCUPIED,OCCUPIED,0.83136804997921
662.0,cctv3,C3_S006,G026,OCCUPIED,OCCUPIED,0.8245876997709275
662.0,cctv3,C3_S007,G027,OCCUPIED,OCCUPIED,0.7454399779438973
662.0,cctv3,C3_S008,G028,EMPTY,EMPTY,0.01
662.0,cctv3,C3_S009,G029,EMPTY,MANEUVERING,0.2426546980937322
662.0,cctv3,C3_S010,G007,OCCUPIED,LEAVING,0.5161708528796832
662.0,cctv3,C3_S011,G008,OCCUPIED,OCCUPIED,0.7853096038103105
662.0,cctv3,C3_S012,G009,OCCUPIED,OCCUPIED,0.8252116113901139
663.0,cctv1,C1_S001,G001,OCCUPIED,OCCUPIED,0.7435024797916413
663.0,cctv1,C1_S002,G002,EMPTY,EMPTY,0.01
663.0,cctv1,C1_S003,G003,OCCUPIED,OCCUPIED,0.8395996183156967
663.0,cctv1,C1_S004,G004,OCCUPIED,OCCUPIED,0.7642300333827735
663.0,cctv1,C1_S005,G005,OCCUPIED,LEAVING,0.7806352730840446
663.0,cctv1,C1_S006,G006,EMPTY,MANEUVERING,0.2732820640876889
663.0,cctv2,C2_S001,G007,OCCUPIED,OCCUPIED,0.781381905078888
663.0,cctv2,C2_S002,G008,OCCUPIED,OCCUPIED,0.8249039404094219
663.0,cctv2,C2_S003,G009,EMPTY,EMPTY,0.01
663.0,cctv2,C2_S004,G010,OCCUPIED,OCCUPIED,0.7613218247890473
663.0,cctv2,C2_S005,G001,EMPTY,EMPTY,0.01
663.0,cctv2,C2_S006,G003,OCCUPIED,OCCUPIED,0.8185056112706661
663.0,cctv2,C2_S007,G004,OCCUPIED,OCCUPIED,0.7795695610344411
663.0,cctv2,C2_S008,G006,OCCUPIED,OCCUPIED,0.7684092078357936
663.0,cctv2,C2_S009,G005,OCCUPIED,OCCUPIED,0.7949650786817074
663.0,cctv2,C2_S010,G002,EMPTY,EMPTY,0.01
663.0,cctv2,C2_S011,G017,OCCUPIED,OCCUPIED,0.807258040457964
663.0,cctv2,C2_S012,G018,EMPTY,EMPTY,0.01
663.0,cctv2,C2_S013,G019,OCCUPIED,OCCUPIED,0.8338521003723145
663.0,cctv2,C2_S014,G020,EMPTY,EMPTY,0.01
663.0,cctv3,C3_S001,G021,OCCUPIED,OCCUPIED,0.8036344498395921
663.0,cctv3,C3_S002,G019,EMPTY,EMPTY,0.01
663.0,cctv3,C3_S003,G020,OCCUPIED,OCCUPIED,0.7935594715178014
663.0,cctv3,C3_S004,G024,OCCUPIED,OCCUPIED,0.8272198267281056
663.0,cctv3,C3_S005,G025,OCCUPIED,OCCUPIED,0.831523947417736
663.0,cctv3,C3_S006,G026,OCCUPIED,OCCUPIED,0.8248727217316628
663.0,cctv3,C3_S007,G027,OCCUPIED,OCCUPIED,0.7450642362236978
663.0,cctv3,C3_S008,G028,EMPTY,EMPTY,0.01
663.0,cctv3,C3_S009,G029,EMPTY,MANEUVERING,0.1843213647603988
663.0,cctv3,C3_S010,G007,OCCUPIED,LEAVING,0.5686268903315067
663.0,cctv3,C3_S011,G008,OCCUPIED,OCCUPIED,0.7836551822721959
663.0,cctv3,C3_S012,G009,OCCUPIED,OCCUPIED,0.8232665970921517
664.0,cctv1,C1_S001,G001,OCCUPIED,OCCUPIED,0.7451600697636604
664.0,cctv1,C1_S002,G002,EMPTY,EMPTY,0.01
664.0,cctv1,C1_S003,G003,OCCUPIED,OCCUPIED,0.8397478407621384
664.0,cctv1,C1_S004,G004,OCCUPIED,OCCUPIED,0.7667420014739037
664.0,cctv1,C1_S005,G005,OCCUPIED,LEAVING,0.7846012738347055
664.0,cctv1,C1_S006,G006,EMPTY,MANEUVERING,0.2532820640876889
664.0,cctv2,C2_S001,G007,OCCUPIED,OCCUPIED,0.7786821320652962
664.0,cctv2,C2_S002,G008,OCCUPIED,OCCUPIED,0.8238567823171616
664.0,cctv2,C2_S003,G009,EMPTY,EMPTY,0.01
664.0,cctv2,C2_S004,G010,OCCUPIED,OCCUPIED,0.7634989094734193
664.0,cctv2,C2_S005,G001,EMPTY,EMPTY,0.01
664.0,cctv2,C2_S006,G003,OCCUPIED,OCCUPIED,0.8185949784517289
664.0,cctv2,C2_S007,G004,OCCUPIED,OCCUPIED,0.7790630012750627
664.0,cctv2,C2_S008,G006,OCCUPIED,OCCUPIED,0.7664385631680489
664.0,cctv2,C2_S009,G005,OCCUPIED,OCCUPIED,0.7944466036558152
664.0,cctv2,C2_S010,G002,EMPTY,EMPTY,0.01
664.0,cctv2,C2_S011,G017,OCCUPIED,OCCUPIED,0.8080540812015534
664.0,cctv2,C2_S012,G018,EMPTY,EMPTY,0.01
664.0,cctv2,C2_S013,G019,OCCUPIED,OCCUPIED,0.8336085790395737
664.0,cctv2,C2_S014,G020,EMPTY,EMPTY,0.01
664.0,cctv3,C3_S001,G021,OCCUPIED,OCCUPIED,0.8030365854501725
664.0,cctv3,C3_S002,G019,EMPTY,EMPTY,0.01
664.0,cctv3,C3_S003,G020,OCCUPIED,OCCUPIED,0.7991534405946732
664.0,cctv3,C3_S004,G024,OCCUPIED,OCCUPIED,0.8272583490610124
664.0,cctv3,C3_S005,G025,OCCUPIED,OCCUPIED,0.8315336346626282
664.0,cctv3,C3_S006,G026,OCCUPIED,OCCUPIED,0.8247747272253036
664.0,cctv3,C3_S007,G027,OCCUPIED,OCCUPIED,0.7431590086221695
664.0,cctv3,C3_S008,G028,EMPTY,EMPTY,0.01
664.0,cctv3,C3_S009,G029,EMPTY,MANEUVERING,0.1583213647603988
664.0,cctv3,C3_S010,G007,OCCUPIED,LEAVING,0.5976713538393379
664.0,cctv3,C3_S011,G008,OCCUPIED,OCCUPIED,0.7873904877901078
664.0,cctv3,C3_S012,G009,OCCUPIED,OCCUPIED,0.8239007741212845
665.0,cctv1,C1_S001,G001,OCCUPIED,OCCUPIED,0.7433642443269491
665.0,cctv1,C1_S002,G002,EMPTY,EMPTY,0.01
665.0,cctv1,C1_S003,G003,OCCUPIED,OCCUPIED,0.8397520244121552
665.0,cctv1,C1_S004,G004,OCCUPIED,OCCUPIED,0.7659753262996674
665.0,cctv1,C1_S005,G005,OCCUPIED,LEAVING,0.7801040142774582
665.0,cctv1,C1_S006,G006,EMPTY,MANEUVERING,0.1949487307543555
665.0,cctv2,C2_S001,G007,OCCUPIED,OCCUPIED,0.7818628706037999
665.0,cctv2,C2_S002,G008,OCCUPIED,OCCUPIED,0.8246601358056069
665.0,cctv2,C2_S003,G009,EMPTY,EMPTY,0.01
665.0,cctv2,C2_S004,G010,OCCUPIED,OCCUPIED,0.7652962125837803
665.0,cctv2,C2_S005,G001,EMPTY,EMPTY,0.01
665.0,cctv2,C2_S006,G003,OCCUPIED,OCCUPIED,0.8187795460224152
665.0,cctv2,C2_S007,G004,OCCUPIED,OCCUPIED,0.7786497667431832
665.0,cctv2,C2_S008,G006,OCCUPIED,OCCUPIED,0.7677809439599514
665.0,cctv2,C2_S009,G005,OCCUPIED,OCCUPIED,0.7947757884860039
665.0,cctv2,C2_S010,G002,EMPTY,EMPTY,0.01
665.0,cctv2,C2_S011,G017,OCCUPIED,OCCUPIED,0.8078300431370735
665.0,cctv2,C2_S012,G018,EMPTY,EMPTY,0.01
665.0,cctv2,C2_S013,G019,OCCUPIED,OCCUPIED,0.8335753828287125
665.0,cctv2,C2_S014,G020,EMPTY,EMPTY,0.01
665.0,cctv3,C3_S001,G021,OCCUPIED,OCCUPIED,0.8030083402991296
665.0,cctv3,C3_S002,G019,EMPTY,EMPTY,0.01
665.0,cctv3,C3_S003,G020,OCCUPIED,OCCUPIED,0.8011970505118371
665.0,cctv3,C3_S004,G024,OCCUPIED,OCCUPIED,0.8274703055620194
665.0,cctv3,C3_S005,G025,OCCUPIED,OCCUPIED,0.8316233947873116
665.0,cctv3,C3_S006,G026,OCCUPIED,OCCUPIED,0.8249600291252137
665.0,cctv3,C3_S007,G027,OCCUPIED,OCCUPIED,0.744597002118826
665.0,cctv3,C3_S008,G028,EMPTY,EMPTY,0.01
665.0,cctv3,C3_S009,G029,EMPTY,MANEUVERING,0.0959880314270655
665.0,cctv3,C3_S010,G007,OCCUPIED,LEAVING,0.6622589236994585
665.0,cctv3,C3_S011,G008,OCCUPIED,OCCUPIED,0.7882944285869599
665.0,cctv3,C3_S012,G009,OCCUPIED,OCCUPIED,0.8246856957674027
666.0,cctv1,C1_S001,G001,OCCUPIED,OCCUPIED,0.7433197967708112
666.0,cctv1,C1_S002,G002,EMPTY,EMPTY,0.01
666.0,cctv1,C1_S003,G003,OCCUPIED,OCCUPIED,0.8396300894873483
666.0,cctv1,C1_S004,G004,OCCUPIED,OCCUPIED,0.765442114855562
666.0,cctv1,C1_S005,G005,OCCUPIED,LEAVING,0.7776244444506509
666.0,cctv1,C1_S006,G006,EMPTY,MANEUVERING,0.185424921230546
666.0,cctv2,C2_S001,G007,OCCUPIED,OCCUPIED,0.7849112904497556
666.0,cctv2,C2_S002,G008,OCCUPIED,OCCUPIED,0.8258132108620235
666.0,cctv2,C2_S003,G009,EMPTY,EMPTY,0.01
666.0,cctv2,C2_S004,G010,OCCUPIED,OCCUPIED,0.7671840422919819
666.0,cctv2,C2_S005,G001,EMPTY,EMPTY,0.01
666.0,cctv2,C2_S006,G003,OCCUPIED,OCCUPIED,0.8190797767468861
666.0,cctv2,C2_S007,G004,OCCUPIED,OCCUPIED,0.7781778416463307
666.0,cctv2,C2_S008,G006,OCCUPIED,OCCUPIED,0.767671024799347
666.0,cctv2,C2_S009,G005,OCCUPIED,OCCUPIED,0.7940817790372031
666.0,cctv2,C2_S010,G002,EMPTY,EMPTY,0.01
666.0,cctv2,C2_S011,G017,OCCUPIED,OCCUPIED,0.8073418591703688
666.0,cctv2,C2_S012,G018,EMPTY,EMPTY,0.01
666.0,cctv2,C2_S013,G019,OCCUPIED,OCCUPIED,0.8328106024435589
666.0,cctv2,C2_S014,G020,EMPTY,EMPTY,0.01
666.0,cctv3,C3_S001,G021,OCCUPIED,OCCUPIED,0.8016251202140536
666.0,cctv3,C3_S002,G019,EMPTY,EMPTY,0.01
666.0,cctv3,C3_S003,G020,OCCUPIED,OCCUPIED,0.8010337493249349
666.0,cctv3,C3_S004,G024,OCCUPIED,OCCUPIED,0.8275763762848718
666.0,cctv3,C3_S005,G025,OCCUPIED,OCCUPIED,0.8316914073058538
666.0,cctv3,C3_S006,G026,OCCUPIED,OCCUPIED,0.825045377441815
666.0,cctv3,C3_S007,G027,OCCUPIED,OCCUPIED,0.744769612806184
666.0,cctv3,C3_S008,G028,EMPTY,EMPTY,0.01
666.0,cctv3,C3_S009,G029,EMPTY,MANEUVERING,0.0836070790461131
666.0,cctv3,C3_S010,G007,OCCUPIED,LEAVING,0.6771933433094196
666.0,cctv3,C3_S011,G008,OCCUPIED,OCCUPIED,0.789461408342634
666.0,cctv3,C3_S012,G009,OCCUPIED,OCCUPIED,0.8250097973006113
667.0,cctv1,C1_S001,G001,OCCUPIED,OCCUPIED,0.7420945659279824
667.0,cctv1,C1_S002,G002,EMPTY,EMPTY,0.01
667.0,cctv1,C1_S003,G003,OCCUPIED,OCCUPIED,0.8395469218492508
667.0,cctv1,C1_S004,G004,OCCUPIED,OCCUPIED,0.7646551640704274
667.0,cctv1,C1_S005,G005,OCCUPIED,LEAVING,0.7772037303075195
667.0,cctv1,C1_S006,G006,EMPTY,MANEUVERING,0.1782820640876889
667.0,cctv2,C2_S001,G007,OCCUPIED,OCCUPIED,0.7823842974379659
667.0,cctv2,C2_S002,G008,OCCUPIED,OCCUPIED,0.8245581030845642
667.0,cctv2,C2_S003,G009,EMPTY,EMPTY,0.01
667.0,cctv2,C2_S004,G010,OCCUPIED,OCCUPIED,0.7660929521545768
667.0,cctv2,C2_S005,G001,EMPTY,EMPTY,0.01
667.0,cctv2,C2_S006,G003,OCCUPIED,OCCUPIED,0.8186905283480883
667.0,cctv2,C2_S007,G004,OCCUPIED,OCCUPIED,0.7783096101135016
667.0,cctv2,C2_S008,G006,OCCUPIED,OCCUPIED,0.7676443122327329
667.0,cctv2,C2_S009,G005,OCCUPIED,OCCUPIED,0.7942370600998402
667.0,cctv2,C2_S010,G002,EMPTY,EMPTY,0.01
667.0,cctv2,C2_S011,G017,OCCUPIED,OCCUPIED,0.8075717046856881
667.0,cctv2,C2_S012,G018,EMPTY,EMPTY,0.01
667.0,cctv2,C2_S013,G019,OCCUPIED,OCCUPIED,0.8324815273284912
667.0,cctv2,C2_S014,G020,EMPTY,EMPTY,0.01
667.0,cctv3,C3_S001,G021,OCCUPIED,OCCUPIED,0.8026520494371653
667.0,cctv3,C3_S002,G019,EMPTY,EMPTY,0.01
667.0,cctv3,C3_S003,G020,OCCUPIED,OCCUPIED,0.8000666692852975
667.0,cctv3,C3_S004,G024,OCCUPIED,OCCUPIED,0.8275869283825159
667.0,cctv3,C3_S005,G025,OCCUPIED,OCCUPIED,0.8317253142595291
667.0,cctv3,C3_S006,G026,OCCUPIED,OCCUPIED,0.8250616308301688
667.0,cctv3,C3_S007,G027,OCCUPIED,OCCUPIED,0.7449023179709912
667.0,cctv3,C3_S008,G028,EMPTY,EMPTY,0.01
667.0,cctv3,C3_S009,G029,EMPTY,MANEUVERING,0.076464221903256
667.0,cctv3,C3_S010,G007,OCCUPIED,LEAVING,0.5893362004522767
667.0,cctv3,C3_S011,G008,OCCUPIED,OCCUPIED,0.7888232827186585
667.0,cctv3,C3_S012,G009,OCCUPIED,OCCUPIED,0.8250644125044346
668.0,cctv1,C1_S001,G001,OCCUPIED,OCCUPIED,0.7412800796329976
668.0,cctv1,C1_S002,G002,EMPTY,EMPTY,0.01
668.0,cctv1,C1_S003,G003,OCCUPIED,OCCUPIED,0.8396016647418341
668.0,cctv1,C1_S004,G004,OCCUPIED,OCCUPIED,0.7661188796162606
668.0,cctv1,C1_S005,G005,OCCUPIED,LEAVING,0.7794224724173546
668.0,cctv1,C1_S006,G006,EMPTY,MANEUVERING,0.1727265085321333
668.0,cctv2,C2_S001,G007,OCCUPIED,OCCUPIED,0.7845393165946007
668.0,cctv2,C2_S002,G008,OCCUPIED,OCCUPIED,0.8245761255423228
668.0,cctv2,C2_S003,G009,EMPTY,MANEUVERING,0.2377393825021055
668.0,cctv2,C2_S004,G010,OCCUPIED,OCCUPIED,0.7692787244915963
668.0,cctv2,C2_S005,G001,EMPTY,EMPTY,0.01
668.0,cctv2,C2_S006,G003,OCCUPIED,OCCUPIED,0.8189041415850322
668.0,cctv2,C2_S007,G004,OCCUPIED,OCCUPIED,0.7794406592845917
668.0,cctv2,C2_S008,G006,OCCUPIED,OCCUPIED,0.768314728140831
668.0,cctv2,C2_S009,G005,OCCUPIED,OCCUPIED,0.794125321507454
668.0,cctv2,C2_S010,G002,EMPTY,EMPTY,0.01
668.0,cctv2,C2_S011,G017,OCCUPIED,OCCUPIED,0.8078117569287618
668.0,cctv2,C2_S012,G018,EMPTY,EMPTY,0.01
668.0,cctv2,C2_S013,G019,OCCUPIED,OCCUPIED,0.8324784646431606
668.0,cctv2,C2_S014,G020,EMPTY,EMPTY,0.01
668.0,cctv3,C3_S001,G021,OCCUPIED,OCCUPIED,0.803593397140503
668.0,cctv3,C3_S002,G019,EMPTY,EMPTY,0.01
668.0,cctv3,C3_S003,G020,OCCUPIED,OCCUPIED,0.8004369626442592
668.0,cctv3,C3_S004,G024,OCCUPIED,OCCUPIED,0.8277004092931748
668.0,cctv3,C3_S005,G025,OCCUPIED,OCCUPIED,0.8317448129256567
668.0,cctv3,C3_S006,G026,OCCUPIED,OCCUPIED,0.8250679463148117
668.0,cctv3,C3_S007,G027,OCCUPIED,OCCUPIED,0.7451190208395323
668.0,cctv3,C3_S008,G028,EMPTY,EMPTY,0.01
668.0,cctv3,C3_S009,G029,EMPTY,MANEUVERING,0.0687658092048433
668.0,cctv3,C3_S010,G007,OCCUPIED,LEAVING,0.6046468564040131
668.0,cctv3,C3_S011,G008,OCCUPIED,OCCUPIED,0.7893345286448797
668.0,cctv3,C3_S012,G009,OCCUPIED,OCCUPIED,0.825329954425494
669.0,cctv1,C1_S001,G001,OCCUPIED,OCCUPIED,0.7392787571996451
669.0,cctv1,C1_S002,G002,EMPTY,EMPTY,0.01
669.0,cctv1,C1_S003,G003,OCCUPIED,OCCUPIED,0.8394541701674462
669.0,cctv1,C1_S004,G004,OCCUPIED,OCCUPIED,0.7660485538840295
669.0,cctv1,C1_S005,G005,OCCUPIED,LEAVING,0.7799643741548062
669.0,cctv1,C1_S006,G006,EMPTY,MANEUVERING,0.1682820640876889
669.0,cctv2,C2_S001,G007,OCCUPIED,OCCUPIED,0.7855092807114125
669.0,cctv2,C2_S002,G008,OCCUPIED,OCCUPIED,0.8251013737916947
669.0,cctv2,C2_S003,G009,EMPTY,MANEUVERING,0.233294938057661
669.0,cctv2,C2_S004,G010,OCCUPIED,OCCUPIED,0.7716170920431614
669.0,cctv2,C2_S005,G001,EMPTY,EMPTY,0.01
669.0,cctv2,C2_S006,G003,OCCUPIED,OCCUPIED,0.8189235374331475
669.0,cctv2,C2_S007,G004,OCCUPIED,OCCUPIED,0.7795387893915177
669.0,cctv2,C2_S008,G006,OCCUPIED,OCCUPIED,0.7689485761523247
669.0,cctv2,C2_S009,G005,OCCUPIED,OCCUPIED,0.7945135229825974
669.0,cctv2,C2_S010,G002,EMPTY,EMPTY,0.01
669.0,cctv2,C2_S011,G017,OCCUPIED,OCCUPIED,0.8082943525910378
669.0,cctv2,C2_S012,G018,EMPTY,EMPTY,0.01
669.0,cctv2,C2_S013,G019,OCCUPIED,OCCUPIED,0.8324041107296944
669.0,cctv2,C2_S014,G020,EMPTY,EMPTY,0.01
669.0,cctv3,C3_S001,G021,OCCUPIED,OCCUPIED,0.803843478858471
669.0,cctv3,C3_S002,G019,EMPTY,EMPTY,0.01
669.0,cctv3,C3_S003,G020,OCCUPIED,OCCUPIED,0.802850864827633
669.0,cctv3,C3_S004,G024,OCCUPIED,OCCUPIED,0.8277242094278336
669.0,cctv3,C3_S005,G025,OCCUPIED,OCCUPIED,0.8317440298199654
669.0,cctv3,C3_S006,G026,OCCUPIED,OCCUPIED,0.8250527918338776
669.0,cctv3,C3_S007,G027,OCCUPIED,OCCUPIED,0.7436134546250106
669.0,cctv3,C3_S008,G028,EMPTY,EMPTY,0.01
669.0,cctv3,C3_S009,G029,EMPTY,MANEUVERING,0.0626546980937322
669.0,cctv3,C3_S010,G007,OCCUPIED,LEAVING,0.6142066253783803
669.0,cctv3,C3_S011,G008,OCCUPIED,OCCUPIED,0.7898465132713318
669.0,cctv3,C3_S012,G009,OCCUPIED,OCCUPIED,0.8249804142117501
670.0,cctv1,C1_S001,G001,OCCUPIED,OCCUPIED,0.7390986378219995
670.0,cctv1,C1_S002,G002,EMPTY,EMPTY,0.01
670.0,cctv1,C1_S003,G003,OCCUPIED,OCCUPIED,0.8394132373007862
670.0,cctv1,C1_S004,G004,OCCUPIED,OCCUPIED,0.7662393433126538
670.0,cctv1,C1_S005,G005,OCCUPIED,LEAVING,0.7813314311883667
670.0,cctv1,C1_S006,G006,EMPTY,MANEUVERING,0.1646457004513253
670.0,cctv2,C2_S001,G007,OCCUPIED,OCCUPIED,0.7848035377534954
670.0,cctv2,C2_S002,G008,OCCUPIED,OCCUPIED,0.8252333540808071
670.0,cctv2,C2_S003,G009,EMPTY,MANEUVERING,0.2296585744212974
670.0,cctv2,C2_S004,G010,OCCUPIED,OCCUPIED,0.7706950955770233
670.0,cctv2,C2_S005,G001,EMPTY,EMPTY,0.01
670.0,cctv2,C2_S006,G003,OCCUPIED,OCCUPIED,0.8187126682563262
670.0,cctv2,C2_S007,G004,OCCUPIED,OCCUPIED,0.7801167956807398
670.0,cctv2,C2_S008,G006,OCCUPIED,OCCUPIED,0.7694670360196721
670.0,cctv2,C2_S009,G005,OCCUPIED,OCCUPIED,0.7942648370157589
670.0,cctv2,C2_S010,G002,EMPTY,EMPTY,0.01
670.0,cctv2,C2_S011,G017,OCCUPIED,OCCUPIED,0.8078614308075472
670.0,cctv2,C2_S012,G018,EMPTY,EMPTY,0.01
670.0,cctv2,C2_S013,G019,OCCUPIED,OCCUPIED,0.8328052358193831
670.0,cctv2,C2_S014,G020,EMPTY,EMPTY,0.01
670.0,cctv3,C3_S001,G021,OCCUPIED,OCCUPIED,0.8035822703079745
670.0,cctv3,C3_S002,G019,EMPTY,EMPTY,0.01
670.0,cctv3,C3_S003,G020,OCCUPIED,OCCUPIED,0.8028485243970698
670.0,cctv3,C3_S004,G024,OCCUPIED,OCCUPIED,0.8277705986391415
670.0,cctv3,C3_S005,G025,OCCUPIED,OCCUPIED,0.831712570515546
670.0,cctv3,C3_S006,G026,OCCUPIED,OCCUPIED,0.8250553716312756
670.0,cctv3,C3_S007,G027,OCCUPIED,OCCUPIED,0.7442008536647667
670.0,cctv3,C3_S008,G028,EMPTY,EMPTY,0.01
670.0,cctv3,C3_S009,G029,EMPTY,MANEUVERING,0.0590183344573685
670.0,cctv3,C3_S010,G007,OCCUPIED,LEAVING,0.5401157162874712
670.0,cctv3,C3_S011,G008,OCCUPIED,OCCUPIED,0.7896533914587716
670.0,cctv3,C3_S012,G009,OCCUPIED,OCCUPIED,0.8250663061033596
671.0,cctv1,C1_S001,G001,OCCUPIED,OCCUPIED,0.7384588025510311
671.0,cctv1,C1_S002,G002,EMPTY,EMPTY,0.01
671.0,cctv1,C1_S003,G003,OCCUPIED,OCCUPIED,0.8392288744449616
671.0,cctv1,C1_S004,G004,OCCUPIED,OCCUPIED,0.7668755133043637
671.0,cctv1,C1_S005,G005,OCCUPIED,LEAVING,0.7797660493037918
671.0,cctv1,C1_S006,G006,EMPTY,MANEUVERING,0.1646457004513253
671.0,cctv2,C2_S001,G007,OCCUPIED,OCCUPIED,0.784395417706533
671.0,cctv2,C2_S002,G008,OCCUPIED,OCCUPIED,0.825207070870833
671.0,cctv2,C2_S003,G009,EMPTY,MANEUVERING,0.2296585744212974
671.0,cctv2,C2_S004,G010,OCCUPIED,OCCUPIED,0.772571277212013
671.0,cctv2,C2_S005,G001,EMPTY,EMPTY,0.01
671.0,cctv2,C2_S006,G003,OCCUPIED,OCCUPIED,0.8188141614198685
671.0,cctv2,C2_S007,G004,OCCUPIED,OCCUPIED,0.7804186921228062
671.0,cctv2,C2_S008,G006,OCCUPIED,OCCUPIED,0.7709947129542178
671.0,cctv2,C2_S009,G005,OCCUPIED,OCCUPIED,0.7940284336155112
671.0,cctv2,C2_S010,G002,EMPTY,EMPTY,0.01
671.0,cctv2,C2_S011,G017,OCCUPIED,OCCUPIED,0.8084122687578202
671.0,cctv2,C2_S012,G018,EMPTY,EMPTY,0.01
671.0,cctv2,C2_S013,G019,OCCUPIED,OCCUPIED,0.8322621470147914
671.0,cctv2,C2_S014,G020,EMPTY,EMPTY,0.01
671.0,cctv3,C3_S001,G021,OCCUPIED,OCCUPIED,0.8038708751851863
671.0,cctv3,C3_S002,G019,EMPTY,EMPTY,0.01
671.0,cctv3,C3_S003,G020,OCCUPIED,OCCUPIED,0.8028162037784403
671.0,cctv3,C3_S004,G024,OCCUPIED,OCCUPIED,0.8277779917825353
671.0,cctv3,C3_S005,G025,OCCUPIED,OCCUPIED,0.8317891947247766
671.0,cctv3,C3_S006,G026,OCCUPIED,OCCUPIED,0.8251559008251538
671.0,cctv3,C3_S007,G027,OCCUPIED,OCCUPIED,0.7447306561876428
671.0,cctv3,C3_S008,G028,EMPTY,EMPTY,0.01
671.0,cctv3,C3_S009,G029,EMPTY,MANEUVERING,0.0590183344573685
671.0,cctv3,C3_S010,G007,OCCUPIED,LEAVING,0.5838822773262633
671.0,cctv3,C3_S011,G008,OCCUPIED,OCCUPIED,0.7884658458557996
671.0,cctv3,C3_S012,G009,OCCUPIED,OCCUPIED,0.82470243844119
672.0,cctv1,C1_S001,G001,OCCUPIED,OCCUPIED,0.7369050636887551
672.0,cctv1,C1_S002,G002,EMPTY,EMPTY,0.01
672.0,cctv1,C1_S003,G003,OCCUPIED,OCCUPIED,0.8391435850750317
672.0,cctv1,C1_S004,G004,OCCUPIED,OCCUPIED,0.7681834482333878
672.0,cctv1,C1_S005,G005,OCCUPIED,LEAVING,0.7797412299297073
672.0,cctv1,C1_S006,G006,EMPTY,EMPTY,0.01
672.0,cctv2,C2_S001,G007,OCCUPIED,OCCUPIED,0.7872343993999742
672.0,cctv2,C2_S002,G008,OCCUPIED,OCCUPIED,0.8255841041153128
672.0,cctv2,C2_S003,G009,EMPTY,MANEUVERING,0.1846585744212974
672.0,cctv2,C2_S004,G010,OCCUPIED,OCCUPIED,0.7741665848276833
672.0,cctv2,C2_S005,G001,EMPTY,EMPTY,0.01
672.0,cctv2,C2_S006,G003,OCCUPIED,OCCUPIED,0.8182760127566078
672.0,cctv2,C2_S007,G004,OCCUPIED,OCCUPIED,0.7800168533216824
672.0,cctv2,C2_S008,G006,OCCUPIED,OCCUPIED,0.7706337619911541
672.0,cctv2,C2_S009,G005,OCCUPIED,OCCUPIED,0.7947367635640232
672.0,cctv2,C2_S010,G002,EMPTY,EMPTY,0.01
672.0,cctv2,C2_S011,G017,OCCUPIED,OCCUPIED,0.808465691859072
672.0,cctv2,C2_S012,G018,EMPTY,EMPTY,0.01
672.0,cctv2,C2_S013,G019,OCCUPIED,OCCUPIED,0.8313593983650208
672.0,cctv2,C2_S014,G020,EMPTY,EMPTY,0.01
672.0,cctv3,C3_S001,G021,OCCUPIED,OCCUPIED,0.8039023976434362
672.0,cctv3,C3_S002,G019,EMPTY,EMPTY,0.01
672.0,cctv3,C3_S003,G020,OCCUPIED,LEAVING,0.8023782535032793
672.0,cctv3,C3_S004,G024,OCCUPIED,OCCUPIED,0.827688002857295
672.0,cctv3,C3_S005,G025,OCCUPIED,OCCUPIED,0.8317788324572823
672.0,cctv3,C3_S006,G026,OCCUPIED,OCCUPIED,0.8252030410549858
672.0,cctv3,C3_S007,G027,OCCUPIED,OCCUPIED,0.7429894504222003
672.0,cctv3,C3_S008,G028,EMPTY,EMPTY,0.01
672.0,cctv3,C3_S009,G029,EMPTY,EMPTY,0.01
672.0,cctv3,C3_S010,G007,OCCUPIED,LEAVING,0.6320353105483633
672.0,cctv3,C3_S011,G008,OCCUPIED,OCCUPIED,0.7882549283179371
672.0,cctv3,C3_S012,G009,OCCUPIED,OCCUPIED,0.8243343434550546
673.0,cctv1,C1_S001,G001,OCCUPIED,OCCUPIED,0.7371333956718445
673.0,cctv1,C1_S002,G002,EMPTY,EMPTY,0.01
673.0,cctv1,C1_S003,G003,OCCUPIED,OCCUPIED,0.8389341557567771
673.0,cctv1,C1_S004,G004,OCCUPIED,OCCUPIED,0.7681372134522959
673.0,cctv1,C1_S005,G005,OCCUPIED,LEAVING,0.778599604557861
673.0,cctv1,C1_S006,G006,EMPTY,EMPTY,0.01
673.0,cctv2,C2_S001,G007,OCCUPIED,OCCUPIED,0.7884064816615799
673.0,cctv2,C2_S002,G008,OCCUPIED,OCCUPIED,0.8261716338721189
673.0,cctv2,C2_S003,G009,EMPTY,MANEUVERING,0.1846585744212974
673.0,cctv2,C2_S004,G010,OCCUPIED,OCCUPIED,0.7753722576932475
673.0,cctv2,C2_S005,G001,EMPTY,EMPTY,0.01
673.0,cctv2,C2_S006,G003,OCCUPIED,OCCUPIED,0.8182502237233249
673.0,cctv2,C2_S007,G004,OCCUPIED,OCCUPIED,0.7811734120954168
673.0,cctv2,C2_S008,G006,OCCUPIED,OCCUPIED,0.771560380675576
673.0,cctv2,C2_S009,G005,OCCUPIED,OCCUPIED,0.7963211818174883
673.0,cctv2,C2_S010,G002,EMPTY,EMPTY,0.01
673.0,cctv2,C2_S011,G017,OCCUPIED,OCCUPIED,0.8087846959179099
673.0,cctv2,C2_S012,G018,EMPTY,EMPTY,0.01
673.0,cctv2,C2_S013,G019,OCCUPIED,OCCUPIED,0.8312636849555103
673.0,cctv2,C2_S014,G020,EMPTY,EMPTY,0.01
673.0,cctv3,C3_S001,G021,OCCUPIED,OCCUPIED,0.8042391286654906
673.0,cctv3,C3_S002,G019,EMPTY,EMPTY,0.01
673.0,cctv3,C3_S003,G020,OCCUPIED,LEAVING,0.8037967242977837
673.0,cctv3,C3_S004,G024,OCCUPIED,OCCUPIED,0.82819739011201
673.0,cctv3,C3_S005,G025,OCCUPIED,OCCUPIED,0.831808132746003
673.0,cctv3,C3_S006,G026,OCCUPIED,OCCUPIED,0.825354448502714
673.0,cctv3,C3_S007,G027,OCCUPIED,OCCUPIED,0.7427560844204644
673.0,cctv3,C3_S008,G028,EMPTY,EMPTY,0.01
673.0,cctv3,C3_S009,G029,EMPTY,EMPTY,0.01
673.0,cctv3,C3_S010,G007,OCCUPIED,LEAVING,0.6333575283307018
673.0,cctv3,C3_S011,G008,OCCUPIED,OCCUPIED,0.7898170070214705
673.0,cctv3,C3_S012,G009,OCCUPIED,OCCUPIED,0.8239140803163703
674.0,cctv1,C1_S001,G001,OCCUPIED,OCCUPIED,0.7364327415146612
674.0,cctv1,C1_S002,G002,EMPTY,EMPTY,0.01
674.0,cctv1,C1_S003,G003,OCCUPIED,OCCUPIED,0.8386091524904425
674.0,cctv1,C1_S004,G004,OCCUPIED,OCCUPIED,0.7681466174396603
674.0,cctv1,C1_S005,G005,OCCUPIED,LEAVING,0.7772568582133814
674.0,cctv1,C1_S006,G006,EMPTY,EMPTY,0.01
674.0,cctv2,C2_S001,G007,OCCUPIED,OCCUPIED,0.7901339860125022
674.0,cctv2,C2_S002,G008,OCCUPIED,OCCUPIED,0.8265596373514696
674.0,cctv2,C2_S003,G009,EMPTY,MANEUVERING,0.1846585744212974
674.0,cctv2,C2_S004,G010,OCCUPIED,OCCUPIED,0.7745700061321259
674.0,cctv2,C2_S005,G001,EMPTY,EMPTY,0.01
674.0,cctv2,C2_S006,G003,OCCUPIED,OCCUPIED,0.8183130085468293
674.0,cctv2,C2_S007,G004,OCCUPIED,OCCUPIED,0.7808222418481654
674.0,cctv2,C2_S008,G006,OCCUPIED,OCCUPIED,0.771970637955449
674.0,cctv2,C2_S009,G005,OCCUPIED,OCCUPIED,0.7959251764145765
674.0,cctv2,C2_S010,G002,EMPTY,EMPTY,0.01
674.0,cctv2,C2_S011,G017,OCCUPIED,OCCUPIED,0.8094954829324377
674.0,cctv2,C2_S012,G018,EMPTY,EMPTY,0.01
674.0,cctv2,C2_S013,G019,OCCUPIED,OCCUPIED,0.8304959522052245
674.0,cctv2,C2_S014,G020,EMPTY,EMPTY,0.01
674.0,cctv3,C3_S001,G021,OCCUPIED,OCCUPIED,0.8043358361179179
674.0,cctv3,C3_S002,G019,EMPTY,EMPTY,0.01
674.0,cctv3,C3_S003,G020,OCCUPIED,LEAVING,0.8062341516668147
674.0,cctv3,C3_S004,G024,OCCUPIED,OCCUPIED,0.8279598463665356
674.0,cctv3,C3_S005,G025,OCCUPIED,OCCUPIED,0.8317317214879123
674.0,cctv3,C3_S006,G026,OCCUPIED,OCCUPIED,0.8253278808160263
674.0,cctv3,C3_S007,G027,OCCUPIED,OCCUPIED,0.7425408290191131
674.0,cctv3,C3_S008,G028,EMPTY,EMPTY,0.01
674.0,cctv3,C3_S009,G029,EMPTY,EMPTY,0.01
674.0,cctv3,C3_S010,G007,OCCUPIED,LEAVING,0.67890657279076
674.0,cctv3,C3_S011,G008,OCCUPIED,OCCUPIED,0.7892901167273522
674.0,cctv3,C3_S012,G009,OCCUPIED,OCCUPIED,0.8242147494446148
675.0,cctv1,C1_S001,G001,OCCUPIED,OCCUPIED,0.7333662042563612
675.0,cctv1,C1_S002,G002,EMPTY,EMPTY,0.01
675.0,cctv1,C1_S003,G003,OCCUPIED,OCCUPIED,0.83849985816262
675.0,cctv1,C1_S004,G004,OCCUPIED,OCCUPIED,0.7675520143725656
675.0,cctv1,C1_S005,G005,OCCUPIED,OCCUPIED,0.7740904027765448
675.0,cctv1,C1_S006,G006,EMPTY,EMPTY,0.01
675.0,cctv2,C2_S001,G007,OCCUPIED,OCCUPIED,0.7923258087851786
675.0,cctv2,C2_S002,G008,OCCUPIED,OCCUPIED,0.8266492003744299
675.0,cctv2,C2_S003,G009,EMPTY,MANEUVERING,0.1846585744212974
675.0,cctv2,C2_S004,G010,OCCUPIED,OCCUPIED,0.7717195649038662
675.0,cctv2,C2_S005,G001,EMPTY,EMPTY,0.01
675.0,cctv2,C2_S006,G003,OCCUPIED,OCCUPIED,0.8177806136283008
675.0,cctv2,C2_S007,G004,OCCUPIED,OCCUPIED,0.7808939511125739
675.0,cctv2,C2_S008,G006,OCCUPIED,OCCUPIED,0.773496720601212
675.0,cctv2,C2_S009,G005,OCCUPIED,OCCUPIED,0.796496442231265
675.0,cctv2,C2_S010,G002,EMPTY,EMPTY,0.01
675.0,cctv2,C2_S011,G017,OCCUPIED,OCCUPIED,0.8100461266257547
675.0,cctv2,C2_S012,G018,EMPTY,EMPTY,0.01
675.0,cctv2,C2_S013,G019,OCCUPIED,OCCUPIED,0.8305199726061387
675.0,cctv2,C2_S014,G020,EMPTY,EMPTY,0.01
675.0,cctv3,C3_S001,G021,OCCUPIED,OCCUPIED,0.8040951444344088
675.0,cctv3,C3_S002,G019,EMPTY,EMPTY,0.01
675.0,cctv3,C3_S003,G020,OCCUPIED,LEAVING,0.8043944049965253
675.0,cctv3,C3_S004,G024,OCCUPIED,OCCUPIED,0.8278389722108841
675.0,cctv3,C3_S005,G025,OCCUPIED,OCCUPIED,0.831741719625213
675.0,cctv3,C3_S006,G026,OCCUPIED,OCCUPIED,0.8254946183074605
675.0,cctv3,C3_S007,G027,OCCUPIED,OCCUPIED,0.7409084890376438
675.0,cctv3,C3_S008,G028,EMPTY,EMPTY,0.01
675.0,cctv3,C3_S009,G029,EMPTY,EMPTY,0.01
675.0,cctv3,C3_S010,G007,OCCUPIED,OCCUPIED,0.677552533578692
675.0,cctv3,C3_S011,G008,OCCUPIED,OCCUPIED,0.7870625518939712
675.0,cctv3,C3_S012,G009,OCCUPIED,OCCUPIED,0.8239678366617723
676.0,cctv1,C1_S001,G001,OCCUPIED,OCCUPIED,0.7336007429117507
676.0,cctv1,C1_S002,G002,EMPTY,EMPTY,0.01
676.0,cctv1,C1_S003,G003,OCCUPIED,OCCUPIED,0.8383837160739033
676.0,cctv1,C1_S004,G004,OCCUPIED,OCCUPIED,0.7682097529823131
676.0,cctv1,C1_S005,G005,OCCUPIED,OCCUPIED,0.7765849274667828
676.0,cctv1,C1_S006,G006,EMPTY,EMPTY,0.01
676.0,cctv2,C2_S001,G007,OCCUPIED,OCCUPIED,0.7925372180613606
676.0,cctv2,C2_S002,G008,OCCUPIED,OCCUPIED,0.8269157550551676
676.0,cctv2,C2_S003,G009,EMPTY,MANEUVERING,0.1846585744212974
676.0,cctv2,C2_S004,G010,OCCUPIED,OCCUPIED,0.7720002617348325
676.0,cctv2,C2_S005,G001,EMPTY,EMPTY,0.01
676.0,cctv2,C2_S006,G003,OCCUPIED,OCCUPIED,0.8178042121908882
676.0,cctv2,C2_S007,G004,OCCUPIED,OCCUPIED,0.7808634430170059
676.0,cctv2,C2_S008,G006,OCCUPIED,OCCUPIED,0.7728344429622998
676.0,cctv2,C2_S009,G005,OCCUPIED,OCCUPIED,0.7979233221574263
676.0,cctv2,C2_S010,G002,EMPTY,EMPTY,0.01
676.0,cctv2,C2_S011,G017,OCCUPIED,OCCUPIED,0.8106628599491987
676.0,cctv2,C2_S012,G018,EMPTY,EMPTY,0.01
676.0,cctv2,C2_S013,G019,OCCUPIED,OCCUPIED,0.8301378618587147
676.0,cctv2,C2_S014,G020,EMPTY,EMPTY,0.01
676.0,cctv3,C3_S001,G021,OCCUPIED,OCCUPIED,0.8039972714402459
676.0,cctv3,C3_S002,G019,EMPTY,EMPTY,0.01
676.0,cctv3,C3_S003,G020,OCCUPIED,LEAVING,0.8033900217576461
676.0,cctv3,C3_S004,G024,OCCUPIED,OCCUPIED,0.8274841939861125
676.0,cctv3,C3_S005,G025,OCCUPIED,OCCUPIED,0.8316967804323544
676.0,cctv3,C3_S006,G026,OCCUPIED,OCCUPIED,0.8253989796746861
676.0,cctv3,C3_S007,G027,OCCUPIED,OCCUPIED,0.739375167678703
676.0,cctv3,C3_S008,G028,EMPTY,EMPTY,0.01
676.0,cctv3,C3_S009,G029,EMPTY,EMPTY,0.01
676.0,cctv3,C3_S010,G007,OCCUPIED,OCCUPIED,0.6755766500352007
676.0,cctv3,C3_S011,G008,OCCUPIED,OCCUPIED,0.7857477240941741
676.0,cctv3,C3_S012,G009,OCCUPIED,OCCUPIED,0.8233086610382254
677.0,cctv1,C1_S001,G001,OCCUPIED,OCCUPIED,0.7311304044317116
677.0,cctv1,C1_S002,G002,EMPTY,EMPTY,0.01
677.0,cctv1,C1_S003,G003,OCCUPIED,OCCUPIED,0.8383663516152989
677.0,cctv1,C1_S004,G004,OCCUPIED,OCCUPIED,0.7696342884139582
677.0,cctv1,C1_S005,G005,OCCUPIED,OCCUPIED,0.7767818548462608
677.0,cctv1,C1_S006,G006,EMPTY,EMPTY,0.01
677.0,cctv2,C2_S001,G007,OCCUPIED,OCCUPIED,0.7897843523459002
677.0,cctv2,C2_S002,G008,OCCUPIED,OCCUPIED,0.8251276856118983
677.0,cctv2,C2_S003,G009,EMPTY,MANEUVERING,0.1846585744212974
677.0,cctv2,C2_S004,G010,OCCUPIED,OCCUPIED,0.7722500574859706
677.0,cctv2,C2_S005,G001,EMPTY,EMPTY,0.01
677.0,cctv2,C2_S006,G003,OCCUPIED,OCCUPIED,0.8173715995116668
677.0,cctv2,C2_S007,G004,OCCUPIED,OCCUPIED,0.7820565123449673
677.0,cctv2,C2_S008,G006,OCCUPIED,OCCUPIED,0.7726235697215255
677.0,cctv2,C2_S009,G005,OCCUPIED,OCCUPIED,0.7981755245815625
677.0,cctv2,C2_S010,G002,EMPTY,EMPTY,0.01
677.0,cctv2,C2_S011,G017,OCCUPIED,OCCUPIED,0.8112686205994
677.0,cctv2,C2_S012,G018,EMPTY,EMPTY,0.01
677.0,cctv2,C2_S013,G019,OCCUPIED,OCCUPIED,0.8300800878893246
677.0,cctv2,C2_S014,G020,EMPTY,EMPTY,0.01
677.0,cctv3,C3_S001,G021,OCCUPIED,OCCUPIED,0.8047786330634898
677.0,cctv3,C3_S002,G019,EMPTY,EMPTY,0.01
677.0,cctv3,C3_S003,G020,OCCUPIED,LEAVING,0.8041074135086754
677.0,cctv3,C3_S004,G024,OCCUPIED,OCCUPIED,0.827447006377307
677.0,cctv3,C3_S005,G025,OCCUPIED,OCCUPIED,0.8316579599272121
677.0,cctv3,C3_S006,G026,OCCUPIED,OCCUPIED,0.8254371353171089
677.0,cctv3,C3_S007,G027,OCCUPIED,OCCUPIED,0.7402778590267356
677.0,cctv3,C3_S008,G028,EMPTY,EMPTY,0.01
677.0,cctv3,C3_S009,G029,EMPTY,EMPTY,0.01
677.0,cctv3,C3_S010,G007,OCCUPIED,OCCUPIED,0.6769204074460449
677.0,cctv3,C3_S011,G008,OCCUPIED,OCCUPIED,0.7862671948292039
677.0,cctv3,C3_S012,G009,OCCUPIED,OCCUPIED,0.8231598171320829
678.0,cctv1,C1_S001,G001,OCCUPIED,OCCUPIED,0.7307519488036633
678.0,cctv1,C1_S002,G002,EMPTY,EMPTY,0.01
678.0,cctv1,C1_S003,G003,OCCUPIED,OCCUPIED,0.8383679048581557
678.0,cctv1,C1_S004,G004,OCCUPIED,OCCUPIED,0.7704528270797296
678.0,cctv1,C1_S005,G005,OCCUPIED,OCCUPIED,0.7775268851356073
678.0,cctv1,C1_S006,G006,EMPTY,EMPTY,0.01
678.0,cctv2,C2_S001,G007,OCCUPIED,OCCUPIED,0.7907207814129917
678.0,cctv2,C2_S002,G008,OCCUPIED,OCCUPIED,0.8262292826717551
678.0,cctv2,C2_S003,G009,EMPTY,MANEUVERING,0.1846585744212974
678.0,cctv2,C2_S004,G010,OCCUPIED,OCCUPIED,0.7717879823663019
678.0,cctv2,C2_S005,G001,EMPTY,EMPTY,0.01
678.0,cctv2,C2_S006,G003,OCCUPIED,OCCUPIED,0.817567845366218
678.0,cctv2,C2_S007,G004,OCCUPIED,OCCUPIED,0.7815988161347129
678.0,cctv2,C2_S008,G006,OCCUPIED,OCCUPIED,0.773663166300817
678.0,cctv2,C2_S009,G005,OCCUPIED,OCCUPIED,0.799341049248522
678.0,cctv2,C2_S010,G002,EMPTY,EMPTY,0.01
678.0,cctv2,C2_S011,G017,OCCUPIED,OCCUPIED,0.8116754157976671
678.0,cctv2,C2_S012,G018,EMPTY,EMPTY,0.01
678.0,cctv2,C2_S013,G019,OCCUPIED,OCCUPIED,0.8300223651257429
678.0,cctv2,C2_S014,G020,EMPTY,EMPTY,0.01
678.0,cctv3,C3_S001,G021,OCCUPIED,OCCUPIED,0.8036218402060596
678.0,cctv3,C3_S002,G019,EMPTY,EMPTY,0.01
678.0,cctv3,C3_S003,G020,OCCUPIED,LEAVING,0.8055402048609475
678.0,cctv3,C3_S004,G024,OCCUPIED,OCCUPIED,0.8275438511913473
678.0,cctv3,C3_S005,G025,OCCUPIED,OCCUPIED,0.8316375580700962
678.0,cctv3,C3_S006,G026,OCCUPIED,OCCUPIED,0.8254848144271157
678.0,cctv3,C3_S007,G027,OCCUPIED,OCCUPIED,0.7392045832493089
678.0,cctv3,C3_S008,G028,EMPTY,EMPTY,0.01
678.0,cctv3,C3_S009,G029,EMPTY,MANEUVERING,0.1047837391536344
678.0,cctv3,C3_S010,G007,OCCUPIED,LEAVING,0.6199204074460449
678.0,cctv3,C3_S011,G008,OCCUPIED,OCCUPIED,0.7869373731992462
678.0,cctv3,C3_S012,G009,OCCUPIED,OCCUPIED,0.823031599413265
679.0,cctv1,C1_S001,G001,OCCUPIED,OCCUPIED,0.7307808628136462
679.0,cctv1,C1_S002,G002,EMPTY,EMPTY,0.01
679.0,cctv1,C1_S003,G003,OCCUPIED,OCCUPIED,0.8382839679718018
679.0,cctv1,C1_S004,G004,OCCUPIED,OCCUPIED,0.7689673494208944
679.0,cctv1,C1_S005,G005,OCCUPIED,OCCUPIED,0.7752362896095624
679.0,cctv1,C1_S006,G006,EMPTY,EMPTY,0.01
679.0,cctv2,C2_S001,G007,OCCUPIED,OCCUPIED,0.790570472858169
679.0,cctv2,C2_S002,G008,OCCUPIED,OCCUPIED,0.8264506795189598
679.0,cctv2,C2_S003,G009,EMPTY,EMPTY,0.01
679.0,cctv2,C2_S004,G010,OCCUPIED,OCCUPIED,0.7683303898031062
679.0,cctv2,C2_S005,G001,EMPTY,EMPTY,0.01
679.0,cctv2,C2_S006,G003,OCCUPIED,OCCUPIED,0.8175176750529897
679.0,cctv2,C2_S007,G004,OCCUPIED,OCCUPIED,0.7804840860041706
679.0,cctv2,C2_S008,G006,OCCUPIED,OCCUPIED,0.7738939573818988
679.0,cctv2,C2_S009,G005,OCCUPIED,OCCUPIED,0.7992239139296793
679.0,cctv2,C2_S010,G002,EMPTY,EMPTY,0.01
679.0,cctv2,C2_S011,G017,OCCUPIED,OCCUPIED,0.8115890177813444
679.0,cctv2,C2_S012,G018,EMPTY,EMPTY,0.01
679.0,cctv2,C2_S013,G019,OCCUPIED,OCCUPIED,0.8294186266985807
679.0,cctv2,C2_S014,G020,EMPTY,EMPTY,0.01
679.0,cctv3,C3_S001,G021,OCCUPIED,OCCUPIED,0.8028324994173918
679.0,cctv3,C3_S002,G019,EMPTY,EMPTY,0.01
679.0,cctv3,C3_S003,G020,OCCUPIED,LEAVING,0.8061308541081169
679.0,cctv3,C3_S004,G024,OCCUPIED,OCCUPIED,0.8271459519863129
679.0,cctv3,C3_S005,G025,OCCUPIED,OCCUPIED,0.8315625326199966
679.0,cctv3,C3_S006,G026,OCCUPIED,OCCUPIED,0.8253237144513564
679.0,cctv3,C3_S007,G027,OCCUPIED,OCCUPIED,0.7377647250890732
679.0,cctv3,C3_S008,G028,EMPTY,EMPTY,0.01
679.0,cctv3,C3_S009,G029,EMPTY,MANEUVERING,0.1047837391536344
679.0,cctv3,C3_S010,G007,OCCUPIED,LEAVING,0.6184299858528557
679.0,cctv3,C3_S011,G008,OCCUPIED,OCCUPIED,0.7862424965609205
679.0,cctv3,C3_S012,G009,OCCUPIED,OCCUPIED,0.8226707472042605
680.0,cctv1,C1_S001,G001,OCCUPIED,OCCUPIED,0.7342158882455393
680.0,cctv1,C1_S002,G002,EMPTY,EMPTY,0.01
680.0,cctv1,C1_S003,G003,OCCUPIED,OCCUPIED,0.8382333278656007
680.0,cctv1,C1_S004,G004,OCCUPIED,OCCUPIED,0.7695007794282653
680.0,cctv1,C1_S005,G005,OCCUPIED,OCCUPIED,0.7746243046088652
680.0,cctv1,C1_S006,G006,EMPTY,EMPTY,0.01
680.0,cctv2,C2_S001,G007,OCCUPIED,OCCUPIED,0.7899313105778262
680.0,cctv2,C2_S002,G008,OCCUPIED,OCCUPIED,0.8264535372907466
680.0,cctv2,C2_S003,G009,EMPTY,EMPTY,0.01
680.0,cctv2,C2_S004,G010,OCCUPIED,OCCUPIED,0.7680098633874547
680.0,cctv2,C2_S005,G001,EMPTY,EMPTY,0.01
680.0,cctv2,C2_S006,G003,OCCUPIED,OCCUPIED,0.8173906383189289
680.0,cctv2,C2_S007,G004,OCCUPIED,OCCUPIED,0.7808396404439754
680.0,cctv2,C2_S008,G006,OCCUPIED,OCCUPIED,0.7749793222004717
680.0,cctv2,C2_S009,G005,OCCUPIED,OCCUPIED,0.7997960665009239
680.0,cctv2,C2_S010,G002,EMPTY,EMPTY,0.01
680.0,cctv2,C2_S011,G017,OCCUPIED,OCCUPIED,0.8111424283547836
680.0,cctv2,C2_S012,G018,EMPTY,EMPTY,0.01
680.0,cctv2,C2_S013,G019,OCCUPIED,OCCUPIED,0.8294769875027918
680.0,cctv2,C2_S014,G020,EMPTY,EMPTY,0.01
680.0,cctv3,C3_S001,G021,OCCUPIED,OCCUPIED,0.8034221310507168
680.0,cctv3,C3_S002,G019,EMPTY,EMPTY,0.01
680.0,cctv3,C3_S003,G020,OCCUPIED,LEAVING,0.8040989995002747
680.0,cctv3,C3_S004,G024,OCCUPIED,OCCUPIED,0.8270593702793122
680.0,cctv3,C3_S005,G025,OCCUPIED,OCCUPIED,0.8315139529379932
680.0,cctv3,C3_S006,G026,OCCUPIED,OCCUPIED,0.8253632810982792
680.0,cctv3,C3_S007,G027,OCCUPIED,OCCUPIED,0.7394302486696027
680.0,cctv3,C3_S008,G028,EMPTY,EMPTY,0.01
680.0,cctv3,C3_S009,G029,EMPTY,MANEUVERING,0.1047837391536344
680.0,cctv3,C3_S010,G007,OCCUPIED,LEAVING,0.6194844536103986
680.0,cctv3,C3_S011,G008,OCCUPIED,OCCUPIED,0.7856612634929745
680.0,cctv3,C3_S012,G009,OCCUPIED,OCCUPIED,0.8227728393944828
681.0,cctv1,C1_S001,G001,OCCUPIED,OCCUPIED,0.7332156750288877
681.0,cctv1,C1_S002,G002,EMPTY,EMPTY,0.01
681.0,cctv1,C1_S003,G003,OCCUPIED,OCCUPIED,0.8381237775087357
681.0,cctv1,C1_S004,G004,OCCUPIED,OCCUPIED,0.770222358270125
681.0,cctv1,C1_S005,G005,OCCUPIED,OCCUPIED,0.7727236356247555
681.0,cctv1,C1_S006,G006,EMPTY,EMPTY,0.01
681.0,cctv2,C2_S001,G007,OCCUPIED,OCCUPIED,0.7920138581232592
681.0,cctv2,C2_S002,G008,OCCUPIED,OCCUPIED,0.8264229966835543
681.0,cctv2,C2_S003,G009,EMPTY,EMPTY,0.01
681.0,cctv2,C2_S004,G010,OCCUPIED,OCCUPIED,0.768703076649796
681.0,cctv2,C2_S005,G001,EMPTY,EMPTY,0.01
681.0,cctv2,C2_S006,G003,OCCUPIED,OCCUPIED,0.8176901906728745
681.0,cctv2,C2_S007,G004,OCCUPIED,OCCUPIED,0.780700879205357
681.0,cctv2,C2_S008,G006,OCCUPIED,OCCUPIED,0.7747430781071837
681.0,cctv2,C2_S009,G005,OCCUPIED,OCCUPIED,0.8008486067706889
681.0,cctv2,C2_S010,G002,EMPTY,EMPTY,0.01
681.0,cctv2,C2_S011,G017,OCCUPIED,OCCUPIED,0.8114106655120851
681.0,cctv2,C2_S012,G018,EMPTY,EMPTY,0.01
681.0,cctv2,C2_S013,G019,OCCUPIED,OCCUPIED,0.8285517838868228
681.0,cctv2,C2_S014,G020,EMPTY,EMPTY,0.01
681.0,cctv3,C3_S001,G021,OCCUPIED,OCCUPIED,0.8038602560758591
681.0,cctv3,C3_S002,G019,EMPTY,EMPTY,0.01
681.0,cctv3,C3_S003,G020,OCCUPIED,LEAVING,0.8053764332424511
681.0,cctv3,C3_S004,G024,OCCUPIED,OCCUPIED,0.8268382302739404
681.0,cctv3,C3_S005,G025,OCCUPIED,OCCUPIED,0.831469035690481
681.0,cctv3,C3_S006,G026,OCCUPIED,OCCUPIED,0.8252306962555106
681.0,cctv3,C3_S007,G027,OCCUPIED,OCCUPIED,0.7393091237680479
681.0,cctv3,C3_S008,G028,EMPTY,EMPTY,0.01
681.0,cctv3,C3_S009,G029,EMPTY,MANEUVERING,0.1036928300627253
681.0,cctv3,C3_S010,G007,OCCUPIED,LEAVING,0.6579819613627412
681.0,cctv3,C3_S011,G008,OCCUPIED,OCCUPIED,0.7861381529407069
681.0,cctv3,C3_S012,G009,OCCUPIED,OCCUPIED,0.8224130681969903
682.0,cctv1,C1_S001,G001,OCCUPIED,OCCUPIED,0.7329258897765117
682.0,cctv1,C1_S002,G002,EMPTY,EMPTY,0.01
682.0,cctv1,C1_S003,G003,OCCUPIED,OCCUPIED,0.8382779833945362
682.0,cctv1,C1_S004,G004,OCCUPIED,OCCUPIED,0.7706043125553566
682.0,cctv1,C1_S005,G005,OCCUPIED,OCCUPIED,0.771481082791632
682.0,cctv1,C1_S006,G006,EMPTY,EMPTY,0.01
682.0,cctv2,C2_S001,G007,OCCUPIED,OCCUPIED,0.7939073952761564
682.0,cctv2,C2_S002,G008,OCCUPIED,OCCUPIED,0.8266618205742403
682.0,cctv2,C2_S003,G009,EMPTY,EMPTY,0.01
682.0,cctv2,C2_S004,G010,OCCUPIED,OCCUPIED,0.7680350196632473
682.0,cctv2,C2_S005,G001,EMPTY,EMPTY,0.01
682.0,cctv2,C2_S006,G003,OCCUPIED,OCCUPIED,0.8179208460179243
682.0,cctv2,C2_S007,G004,OCCUPIED,OCCUPIED,0.7802200444720009
682.0,cctv2,C2_S008,G006,OCCUPIED,OCCUPIED,0.7737765188921583
682.0,cctv2,C2_S009,G005,OCCUPIED,OCCUPIED,0.8001153891736812
682.0,cctv2,C2_S010,G002,EMPTY,EMPTY,0.01
682.0,cctv2,C2_S011,G017,OCCUPIED,OCCUPIED,0.8100210764191368
682.0,cctv2,C2_S012,G018,EMPTY,EMPTY,0.01
682.0,cctv2,C2_S013,G019,OCCUPIED,OCCUPIED,0.8282399055632679
682.0,cctv2,C2_S014,G020,EMPTY,EMPTY,0.01
682.0,cctv3,C3_S001,G021,OCCUPIED,OCCUPIED,0.803774178299037
682.0,cctv3,C3_S002,G019,EMPTY,EMPTY,0.01
682.0,cctv3,C3_S003,G020,OCCUPIED,LEAVING,0.8045259909196334
682.0,cctv3,C3_S004,G024,OCCUPIED,OCCUPIED,0.8267051471905276
682.0,cctv3,C3_S005,G025,OCCUPIED,OCCUPIED,0.8314105619083751
682.0,cctv3,C3_S006,G026,OCCUPIED,OCCUPIED,0.8252317317507485
682.0,cctv3,C3_S007,G027,OCCUPIED,OCCUPIED,0.7390993689271538
682.0,cctv3,C3_S008,G028,EMPTY,EMPTY,0.01
682.0,cctv3,C3_S009,G029,EMPTY,MANEUVERING,0.0586928300627253
682.0,cctv3,C3_S010,G007,OCCUPIED,LEAVING,0.70355818211355
682.0,cctv3,C3_S011,G008,OCCUPIED,OCCUPIED,0.7876302975145254
682.0,cctv3,C3_S012,G009,OCCUPIED,OCCUPIED,0.82272528545423
683.0,cctv1,C1_S001,G001,OCCUPIED,OCCUPIED,0.7325733605433595
683.0,cctv1,C1_S002,G002,EMPTY,EMPTY,0.01
683.0,cctv1,C1_S003,G003,OCCUPIED,OCCUPIED,0.8381897712295706
683.0,cctv1,C1_S004,G004,OCCUPIED,OCCUPIED,0.7702336556532167
683.0,cctv1,C1_S005,G005,OCCUPIED,OCCUPIED,0.7716717183589936
683.0,cctv1,C1_S006,G006,EMPTY,EMPTY,0.01
683.0,cctv2,C2_S001,G007,OCCUPIED,OCCUPIED,0.7945746305313978
683.0,cctv2,C2_S002,G008,OCCUPIED,OCCUPIED,0.8268933642994274
683.0,cctv2,C2_S003,G009,EMPTY,EMPTY,0.01
683.0,cctv2,C2_S004,G010,OCCUPIED,OCCUPIED,0.7656397757205097
683.0,cctv2,C2_S005,G001,EMPTY,EMPTY,0.01
683.0,cctv2,C2_S006,G003,OCCUPIED,OCCUPIED,0.818266668102958
683.0,cctv2,C2_S007,G004,OCCUPIED,OCCUPIED,0.7806019690903752
683.0,cctv2,C2_S008,G006,OCCUPIED,OCCUPIED,0.7726018344814127
683.0,cctv2,C2_S009,G005,OCCUPIED,OCCUPIED,0.7996383452957327
683.0,cctv2,C2_S010,G002,EMPTY,EMPTY,0.01
683.0,cctv2,C2_S011,G017,OCCUPIED,OCCUPIED,0.8100139669396661
683.0,cctv2,C2_S012,G018,EMPTY,EMPTY,0.01
683.0,cctv2,C2_S013,G019,OCCUPIED,OCCUPIED,0.8288651309230112
683.0,cctv2,C2_S014,G020,EMPTY,EMPTY,0.01
683.0,cctv3,C3_S001,G021,OCCUPIED,OCCUPIED,0.803711465813897
683.0,cctv3,C3_S002,G019,EMPTY,EMPTY,0.01
683.0,cctv3,C3_S003,G020,OCCUPIED,LEAVING,0.8066859234463085
683.0,cctv3,C3_S004,G024,OCCUPIED,OCCUPIED,0.8264002149755305
683.0,cctv3,C3_S005,G025,OCCUPIED,OCCUPIED,0.8314055169170553
683.0,cctv3,C3_S006,G026,OCCUPIED,OCCUPIED,0.8251710609956222
683.0,cctv3,C3_S007,G027,OCCUPIED,OCCUPIED,0.7400796108625153
683.0,cctv3,C3_S008,G028,EMPTY,EMPTY,0.01
683.0,cctv3,C3_S009,G029,EMPTY,MANEUVERING,0.0586928300627253
683.0,cctv3,C3_S010,G007,OCCUPIED,LEAVING,0.7047025638005951
683.0,cctv3,C3_S011,G008,OCCUPIED,OCCUPIED,0.7876622970808637
683.0,cctv3,C3_S012,G009,OCCUPIED,OCCUPIED,0.8232601374387741
684.0,cctv1,C1_S001,G001,OCCUPIED,OCCUPIED,0.7330474458634854
684.0,cctv1,C1_S002,G002,EMPTY,EMPTY,0.01
684.0,cctv1,C1_S003,G003,OCCUPIED,OCCUPIED,0.8383136267011817
684.0,cctv1,C1_S004,G004,OCCUPIED,OCCUPIED,0.7693801389499144
684.0,cctv1,C1_S005,G005,OCCUPIED,LEAVING,0.7696491490710866
684.0,cctv1,C1_S006,G006,EMPTY,EMPTY,0.01
684.0,cctv2,C2_S001,G007,OCCUPIED,OCCUPIED,0.7944015231999485
684.0,cctv2,C2_S002,G008,OCCUPIED,OCCUPIED,0.8272591282020916
684.0,cctv2,C2_S003,G009,EMPTY,EMPTY,0.01
684.0,cctv2,C2_S004,G010,OCCUPIED,OCCUPIED,0.7649991845542735
684.0,cctv2,C2_S005,G001,EMPTY,EMPTY,0.01
684.0,cctv2,C2_S006,G003,OCCUPIED,OCCUPIED,0.8179423719644547
684.0,cctv2,C2_S007,G004,OCCUPIED,OCCUPIED,0.7797798297621987
684.0,cctv2,C2_S008,G006,OCCUPIED,OCCUPIED,0.7719838535243815
684.0,cctv2,C2_S009,G005,OCCUPIED,OCCUPIED,0.7993660531260751
684.0,cctv2,C2_S010,G002,EMPTY,EMPTY,0.01
684.0,cctv2,C2_S011,G017,OCCUPIED,OCCUPIED,0.8099526752125134
684.0,cctv2,C2_S012,G018,EMPTY,EMPTY,0.01
684.0,cctv2,C2_S013,G019,OCCUPIED,OCCUPIED,0.8282624263655056
684.0,cctv2,C2_S014,G020,EMPTY,EMPTY,0.01
684.0,cctv3,C3_S001,G021,OCCUPIED,OCCUPIED,0.802984637563879
684.0,cctv3,C3_S002,G019,EMPTY,EMPTY,0.01
684.0,cctv3,C3_S003,G020,OCCUPIED,LEAVING,0.8072118266062304
684.0,cctv3,C3_S004,G024,OCCUPIED,OCCUPIED,0.8262196137146517
684.0,cctv3,C3_S005,G025,OCCUPIED,OCCUPIED,0.8314341149546884
684.0,cctv3,C3_S006,G026,OCCUPIED,OCCUPIED,0.8251309896057303
684.0,cctv3,C3_S007,G027,OCCUPIED,OCCUPIED,0.7413690946318887
684.0,cctv3,C3_S008,G028,EMPTY,EMPTY,0.01
684.0,cctv3,C3_S009,G029,EMPTY,MANEUVERING,0.0586928300627253
684.0,cctv3,C3_S010,G007,OCCUPIED,LEAVING,0.7053219690106133
684.0,cctv3,C3_S011,G008,OCCUPIED,OCCUPIED,0.786977668106556
684.0,cctv3,C3_S012,G009,OCCUPIED,OCCUPIED,0.8239176980473779
685.0,cctv1,C1_S001,G001,OCCUPIED,OCCUPIED,0.7331196052106944
685.0,cctv1,C1_S002,G002,EMPTY,EMPTY,0.01
685.0,cctv1,C1_S003,G003,OCCUPIED,OCCUPIED,0.8384810355576603
685.0,cctv1,C1_S004,G004,OCCUPIED,OCCUPIED,0.7699469543316149
685.0,cctv1,C1_S005,G005,OCCUPIED,LEAVING,0.7696140064434572
685.0,cctv1,C1_S006,G006,EMPTY,EMPTY,0.01
685.0,cctv2,C2_S001,G007,OCCUPIED,OCCUPIED,0.7931294587525455
685.0,cctv2,C2_S002,G008,OCCUPIED,OCCUPIED,0.8271261597221549
685.0,cctv2,C2_S003,G009,EMPTY,EMPTY,0.01
685.0,cctv2,C2_S004,G010,OCCUPIED,OCCUPIED,0.7651315861127594
685.0,cctv2,C2_S005,G001,EMPTY,EMPTY,0.01
685.0,cctv2,C2_S006,G003,OCCUPIED,OCCUPIED,0.8179881296374582
685.0,cctv2,C2_S007,G004,OCCUPIED,OCCUPIED,0.7799842327833176
685.0,cctv2,C2_S008,G006,OCCUPIED,OCCUPIED,0.7718169234015726
685.0,cctv2,C2_S009,G005,OCCUPIED,OCCUPIED,0.7992545520717448
685.0,cctv2,C2_S010,G002,EMPTY,EMPTY,0.01
685.0,cctv2,C2_S011,G017,OCCUPIED,OCCUPIED,0.8097301827235656
685.0,cctv2,C2_S012,G018,EMPTY,EMPTY,0.01
685.0,cctv2,C2_S013,G019,OCCUPIED,OCCUPIED,0.8285725913264536
685.0,cctv2,C2_S014,G020,EMPTY,EMPTY,0.01
685.0,cctv3,C3_S001,G021,OCCUPIED,OCCUPIED,0.8028853470628913
685.0,cctv3,C3_S002,G019,EMPTY,EMPTY,0.01
685.0,cctv3,C3_S003,G020,OCCUPIED,LEAVING,0.8080224706368013
685.0,cctv3,C3_S004,G024,OCCUPIED,OCCUPIED,0.8264140543612568
685.0,cctv3,C3_S005,G025,OCCUPIED,OCCUPIED,0.8314934007146142
685.0,cctv3,C3_S006,G026,OCCUPIED,OCCUPIED,0.8248909839174965
685.0,cctv3,C3_S007,G027,OCCUPIED,OCCUPIED,0.7416717693209649
685.0,cctv3,C3_S008,G028,EMPTY,EMPTY,0.01
685.0,cctv3,C3_S009,G029,EMPTY,MANEUVERING,0.0586928300627253
685.0,cctv3,C3_S010,G007,OCCUPIED,LEAVING,0.7075265145979145
685.0,cctv3,C3_S011,G008,OCCUPIED,OCCUPIED,0.7879541844129563
685.0,cctv3,C3_S012,G009,OCCUPIED,OCCUPIED,0.8241584425622768
686.0,cctv1,C1_S001,G001,OCCUPIED,OCCUPIED,0.7347488537430764
686.0,cctv1,C1_S002,G002,EMPTY,EMPTY,0.01
686.0,cctv1,C1_S003,G003,OCCUPIED,OCCUPIED,0.8385104699568315
686.0,cctv1,C1_S004,G004,OCCUPIED,OCCUPIED,0.7704317371953618
686.0,cctv1,C1_S005,G005,OCCUPIED,LEAVING,0.7711528763175012
686.0,cctv1,C1_S006,G006,EMPTY,EMPTY,0.01
686.0,cctv2,C2_S001,G007,OCCUPIED,OCCUPIED,0.7930483227426356
686.0,cctv2,C2_S002,G008,OCCUPIED,OCCUPIED,0.8275219261646272
686.0,cctv2,C2_S003,G009,EMPTY,EMPTY,0.01
686.0,cctv2,C2_S004,G010,OCCUPIED,OCCUPIED,0.7657990851185539
686.0,cctv2,C2_S005,G001,EMPTY,EMPTY,0.01
686.0,cctv2,C2_S006,G003,OCCUPIED,OCCUPIED,0.818122638355602
686.0,cctv2,C2_S007,G004,OCCUPIED,OCCUPIED,0.7801918967203662
686.0,cctv2,C2_S008,G006,OCCUPIED,OCCUPIED,0.7711991895328869
686.0,cctv2,C2_S009,G005,OCCUPIED,OCCUPIED,0.7985145501115106
686.0,cctv2,C2_S010,G002,EMPTY,EMPTY,0.01
686.0,cctv2,C2_S011,G017,OCCUPIED,OCCUPIED,0.8091544498096813
686.0,cctv2,C2_S012,G018,EMPTY,EMPTY,0.01
686.0,cctv2,C2_S013,G019,OCCUPIED,OCCUPIED,0.8272781060500579
686.0,cctv2,C2_S014,G020,EMPTY,EMPTY,0.01
686.0,cctv3,C3_S001,G021,OCCUPIED,OCCUPIED,0.8035369491035289
686.0,cctv3,C3_S002,G019,EMPTY,EMPTY,0.01
686.0,cctv3,C3_S003,G020,OCCUPIED,OCCUPIED,0.8082854482260617
686.0,cctv3,C3_S004,G024,OCCUPIED,OCCUPIED,0.8266841129823165
686.0,cctv3,C3_S005,G025,OCCUPIED,OCCUPIED,0.8315325438976289
686.0,cctv3,C3_S006,G026,OCCUPIED,OCCUPIED,0.8247333293611354
686.0,cctv3,C3_S007,G027,OCCUPIED,OCCUPIED,0.7438857499848713
686.0,cctv3,C3_S008,G028,EMPTY,EMPTY,0.01
686.0,cctv3,C3_S009,G029,EMPTY,MANEUVERING,0.0586928300627253
686.0,cctv3,C3_S010,G007,OCCUPIED,LEAVING,0.7091821385107258
686.0,cctv3,C3_S011,G008,OCCUPIED,OCCUPIED,0.7881112236868252
686.0,cctv3,C3_S012,G009,OCCUPIED,OCCUPIED,0.8241491304202514
687.0,cctv1,C1_S001,G001,OCCUPIED,OCCUPIED,0.733897653086619
687.0,cctv1,C1_S002,G002,EMPTY,EMPTY,0.01
687.0,cctv1,C1_S003,G003,OCCUPIED,OCCUPIED,0.8385137178681115
687.0,cctv1,C1_S004,G004,OCCUPIED,OCCUPIED,0.7707291592251171
687.0,cctv1,C1_S005,G005,OCCUPIED,LEAVING,0.771765095401894
687.0,cctv1,C1_S006,G006,EMPTY,EMPTY,0.01
687.0,cctv2,C2_S001,G007,OCCUPIED,OCCUPIED,0.7916480291973461
687.0,cctv2,C2_S002,G008,OCCUPIED,OCCUPIED,0.8274863234975122
687.0,cctv2,C2_S003,G009,EMPTY,EMPTY,0.01
687.0,cctv2,C2_S004,G010,OCCUPIED,OCCUPIED,0.764771994541992
687.0,cctv2,C2_S005,G001,EMPTY,EMPTY,0.01
687.0,cctv2,C2_S006,G003,OCCUPIED,OCCUPIED,0.8179526106877761
687.0,cctv2,C2_S007,G004,OCCUPIED,OCCUPIED,0.780085734074766
687.0,cctv2,C2_S008,G006,OCCUPIED,OCCUPIED,0.7708733007311822
687.0,cctv2,C2_S009,G005,OCCUPIED,OCCUPIED,0.7965382058512082
687.0,cctv2,C2_S010,G002,EMPTY,EMPTY,0.01
687.0,cctv2,C2_S011,G017,OCCUPIED,OCCUPIED,0.8090703625570644
687.0,cctv2,C2_S012,G018,EMPTY,EMPTY,0.01
687.0,cctv2,C2_S013,G019,OCCUPIED,OCCUPIED,0.8226725174622103
687.0,cctv2,C2_S014,G020,EMPTY,EMPTY,0.01
687.0,cctv3,C3_S001,G021,OCCUPIED,OCCUPIED,0.8040409191088244
687.0,cctv3,C3_S002,G019,EMPTY,EMPTY,0.01
687.0,cctv3,C3_S003,G020,OCCUPIED,OCCUPIED,0.8106225674802607
687.0,cctv3,C3_S004,G024,OCCUPIED,OCCUPIED,0.8269773255694997
687.0,cctv3,C3_S005,G025,OCCUPIED,OCCUPIED,0.8315882452509621
687.0,cctv3,C3_S006,G026,OCCUPIED,OCCUPIED,0.8246083107861606
687.0,cctv3,C3_S007,G027,OCCUPIED,OCCUPIED,0.7450973773544486
687.0,cctv3,C3_S008,G028,EMPTY,EMPTY,0.01
687.0,cctv3,C3_S009,G029,EMPTY,MANEUVERING,0.0586928300627253
687.0,cctv3,C3_S010,G007,OCCUPIED,LEAVING,0.7103869917175988
687.0,cctv3,C3_S011,G008,OCCUPIED,OCCUPIED,0.787972760742361
687.0,cctv3,C3_S012,G009,OCCUPIED,OCCUPIED,0.8241650497371501
688.0,cctv1,C1_S001,G001,OCCUPIED,OCCUPIED,0.7355847995389593
688.0,cctv1,C1_S002,G002,EMPTY,EMPTY,0.01
688.0,cctv1,C1_S003,G003,OCCUPIED,OCCUPIED,0.8385596446015618
688.0,cctv1,C1_S004,G004,OCCUPIED,OCCUPIED,0.7698651684956118
688.0,cctv1,C1_S005,G005,OCCUPIED,LEAVING,0.7724341598424045
688.0,cctv1,C1_S006,G006,EMPTY,EMPTY,0.01
688.0,cctv2,C2_S001,G007,OCCUPIED,OCCUPIED,0.7930123746395111
688.0,cctv2,C2_S002,G008,OCCUPIED,OCCUPIED,0.8289152134548534
688.0,cctv2,C2_S003,G009,EMPTY,EMPTY,0.01
688.0,cctv2,C2_S004,G010,OCCUPIED,OCCUPIED,0.7635278425433419
688.0,cctv2,C2_S005,G001,EMPTY,EMPTY,0.01
688.0,cctv2,C2_S006,G003,OCCUPIED,OCCUPIED,0.818096275492148
688.0,cctv2,C2_S007,G004,OCCUPIED,OCCUPIED,0.7789571190422232
688.0,cctv2,C2_S008,G006,OCCUPIED,OCCUPIED,0.7710721288215031
688.0,cctv2,C2_S009,G005,OCCUPIED,OCCUPIED,0.7965088998729533
688.0,cctv2,C2_S010,G002,EMPTY,EMPTY,0.01
688.0,cctv2,C2_S011,G017,OCCUPIED,OCCUPIED,0.8090729179707441
688.0,cctv2,C2_S012,G018,EMPTY,EMPTY,0.01
688.0,cctv2,C2_S013,G019,OCCUPIED,OCCUPIED,0.8227195682850752
688.0,cctv2,C2_S014,G020,EMPTY,EMPTY,0.01
688.0,cctv3,C3_S001,G021,OCCUPIED,OCCUPIED,0.8043186764825475
688.0,cctv3,C3_S002,G019,EMPTY,EMPTY,0.01
688.0,cctv3,C3_S003,G020,OCCUPIED,OCCUPIED,0.8113001568750903
688.0,cctv3,C3_S004,G024,OCCUPIED,OCCUPIED,0.8270142254504291
688.0,cctv3,C3_S005,G025,OCCUPIED,OCCUPIED,0.8315908031030135
688.0,cctv3,C3_S006,G026,OCCUPIED,OCCUPIED,0.8245464850555767
688.0,cctv3,C3_S007,G027,OCCUPIED,OCCUPIED,0.743995829874819
688.0,cctv3,C3_S008,G028,EMPTY,EMPTY,0.01
688.0,cctv3,C3_S009,G029,EMPTY,MANEUVERING,0.0586928300627253
688.0,cctv3,C3_S010,G007,OCCUPIED,LEAVING,0.7069970550320366
688.0,cctv3,C3_S011,G008,OCCUPIED,OCCUPIED,0.7858751798217948
688.0,cctv3,C3_S012,G009,OCCUPIED,OCCUPIED,0.8241172739050606
689.0,cctv1,C1_S001,G001,OCCUPIED,OCCUPIED,0.7363678641617298
689.0,cctv1,C1_S002,G002,EMPTY,EMPTY,0.01
689.0,cctv1,C1_S003,G003,OCCUPIED,OCCUPIED,0.8384722834283656
689.0,cctv1,C1_S004,G004,OCCUPIED,OCCUPIED,0.7699716416272251
689.0,cctv1,C1_S005,G005,OCCUPIED,LEAVING,0.7707430384375833
689.0,cctv1,C1_S006,G006,EMPTY,EMPTY,0.01
689.0,cctv2,C2_S001,G007,OCCUPIED,OCCUPIED,0.7943514024669475
689.0,cctv2,C2_S002,G008,OCCUPIED,OCCUPIED,0.827722363580357
689.0,cctv2,C2_S003,G009,EMPTY,EMPTY,0.01
689.0,cctv2,C2_S004,G010,OCCUPIED,OCCUPIED,0.7644522191448646
689.0,cctv2,C2_S005,G001,EMPTY,EMPTY,0.01
689.0,cctv2,C2_S006,G003,OCCUPIED,OCCUPIED,0.818008279529485
689.0,cctv2,C2_S007,G004,OCCUPIED,OCCUPIED,0.779937062480233
689.0,cctv2,C2_S008,G006,OCCUPIED,OCCUPIED,0.7695784208449451
689.0,cctv2,C2_S009,G005,OCCUPIED,OCCUPIED,0.7951381447640333
689.0,cctv2,C2_S010,G002,EMPTY,EMPTY,0.01
689.0,cctv2,C2_S011,G017,OCCUPIED,OCCUPIED,0.8090241927992214
689.0,cctv2,C2_S012,G018,EMPTY,EMPTY,0.01
689.0,cctv2,C2_S013,G019,OCCUPIED,OCCUPIED,0.8229860197414052
689.0,cctv2,C2_S014,G020,EMPTY,EMPTY,0.01
689.0,cctv3,C3_S001,G021,OCCUPIED,OCCUPIED,0.8050458867441525
689.0,cctv3,C3_S002,G019,EMPTY,EMPTY,0.01
689.0,cctv3,C3_S003,G020,OCCUPIED,OCCUPIED,0.8125836954875426
689.0,cctv3,C3_S004,G024,OCCUPIED,OCCUPIED,0.8268298739736731
689.0,cctv3,C3_S005,G025,OCCUPIED,OCCUPIED,0.8315912793983113
689.0,cctv3,C3_S006,G026,OCCUPIED,OCCUPIED,0.8245312102816322
689.0,cctv3,C3_S007,G027,OCCUPIED,OCCUPIED,0.7446388837966053
689.0,cctv3,C3_S008,G028,EMPTY,EMPTY,0.01
689.0,cctv3,C3_S009,G029,EMPTY,MANEUVERING,0.1068051167645237
689.0,cctv3,C3_S010,G007,OCCUPIED,LEAVING,0.6619970550320365
689.0,cctv3,C3_S011,G008,OCCUPIED,OCCUPIED,0.7861432487314398
689.0,cctv3,C3_S012,G009,OCCUPIED,OCCUPIED,0.8244551631537351
690.0,cctv1,C1_S001,G001,OCCUPIED,OCCUPIED,0.7363196201622487
690.0,cctv1,C1_S002,G002,EMPTY,EMPTY,0.01
690.0,cctv1,C1_S003,G003,OCCUPIED,OCCUPIED,0.8383136949755929
690.0,cctv1,C1_S004,G004,OCCUPIED,OCCUPIED,0.7706497105685148
690.0,cctv1,C1_S005,G005,OCCUPIED,LEAVING,0.7717066614465281
690.0,cctv1,C1_S006,G006,EMPTY,EMPTY,0.01
690.0,cctv2,C2_S001,G007,OCCUPIED,OCCUPIED,0.7924576312303544
690.0,cctv2,C2_S002,G008,OCCUPIED,OCCUPIED,0.8280494874173945
690.0,cctv2,C2_S003,G009,EMPTY,EMPTY,0.01
690.0,cctv2,C2_S004,G010,OCCUPIED,OCCUPIED,0.7666560773145069
690.0,cctv2,C2_S005,G001,EMPTY,EMPTY,0.01
690.0,cctv2,C2_S006,G003,OCCUPIED,OCCUPIED,0.8178672302852978
690.0,cctv2,C2_S007,G004,OCCUPIED,OCCUPIED,0.7811993734403091
690.0,cctv2,C2_S008,G006,OCCUPIED,OCCUPIED,0.7685654358430343
690.0,cctv2,C2_S009,G005,OCCUPIED,OCCUPIED,0.7946641098369253
690.0,cctv2,C2_S010,G002,EMPTY,EMPTY,0.01
690.0,cctv2,C2_S011,G017,OCCUPIED,OCCUPIED,0.8092671237208627
690.0,cctv2,C2_S012,G018,EMPTY,EMPTY,0.01
690.0,cctv2,C2_S013,G019,OCCUPIED,OCCUPIED,0.8231961610642347
690.0,cctv2,C2_S014,G020,EMPTY,EMPTY,0.01
690.0,cctv3,C3_S001,G021,OCCUPIED,OCCUPIED,0.8050175431099805
690.0,cctv3,C3_S002,G019,EMPTY,EMPTY,0.01
690.0,cctv3,C3_S003,G020,OCCUPIED,OCCUPIED,0.8142040333964609
690.0,cctv3,C3_S004,G024,OCCUPIED,OCCUPIED,0.8271481798453765
690.0,cctv3,C3_S005,G025,OCCUPIED,OCCUPIED,0.8315999388694764
690.0,cctv3,C3_S006,G026,OCCUPIED,OCCUPIED,0.8246506701816213
690.0,cctv3,C3_S007,G027,OCCUPIED,OCCUPIED,0.7449535827067766
690.0,cctv3,C3_S008,G028,EMPTY,EMPTY,0.01
690.0,cctv3,C3_S009,G029,EMPTY,MANEUVERING,0.1068051167645237
690.0,cctv3,C3_S010,G007,OCCUPIED,LEAVING,0.661927775808356
690.0,cctv3,C3_S011,G008,OCCUPIED,OCCUPIED,0.7871806987307289
690.0,cctv3,C3_S012,G009,OCCUPIED,OCCUPIED,0.8246428617022254
691.0,cctv1,C1_S001,G001,OCCUPIED,OCCUPIED,0.7339420385658741
691.0,cctv1,C1_S002,G002,EMPTY,EMPTY,0.01
691.0,cctv1,C1_S003,G003,OCCUPIED,OCCUPIED,0.838340911269188
691.0,cctv1,C1_S004,G004,OCCUPIED,OCCUPIED,0.7692340422760358
691.0,cctv1,C1_S005,G005,OCCUPIED,LEAVING,0.7723320501771841
691.0,cctv1,C1_S006,G006,EMPTY,EMPTY,0.01
691.0,cctv2,C2_S001,G007,OCCUPIED,OCCUPIED,0.7933038665489718
691.0,cctv2,C2_S002,G008,OCCUPIED,OCCUPIED,0.8275322128425946
691.0,cctv2,C2_S003,G009,EMPTY,EMPTY,0.01
691.0,cctv2,C2_S004,G010,OCCUPIED,OCCUPIED,0.767074335298755
691.0,cctv2,C2_S005,G001,EMPTY,EMPTY,0.01
691.0,cctv2,C2_S006,G003,OCCUPIED,OCCUPIED,0.8177572678435934
691.0,cctv2,C2_S007,G004,OCCUPIED,OCCUPIED,0.7813577497547324
691.0,cctv2,C2_S008,G006,OCCUPIED,OCCUPIED,0.7659782656214454
691.0,cctv2,C2_S009,G005,OCCUPIED,OCCUPIED,0.7941524557091973
691.0,cctv2,C2_S010,G002,EMPTY,EMPTY,0.01
691.0,cctv2,C2_S011,G017,OCCUPIED,OCCUPIED,0.8097456005486576
691.0,cctv2,C2_S012,G018,EMPTY,EMPTY,0.01
691.0,cctv2,C2_S013,G019,OCCUPIED,OCCUPIED,0.8232430477033963
691.0,cctv2,C2_S014,G020,EMPTY,EMPTY,0.01
691.0,cctv3,C3_S001,G021,OCCUPIED,OCCUPIED,0.804478663747961
691.0,cctv3,C3_S002,G019,EMPTY,EMPTY,0.01
691.0,cctv3,C3_S003,G020,OCCUPIED,OCCUPIED,0.81481660685756
691.0,cctv3,C3_S004,G024,OCCUPIED,OCCUPIED,0.8271157178011808
691.0,cctv3,C3_S005,G025,OCCUPIED,OCCUPIED,0.8316551517356526
691.0,cctv3,C3_S006,G026,OCCUPIED,OCCUPIED,0.8246444734660062
691.0,cctv3,C3_S007,G027,OCCUPIED,OCCUPIED,0.7441186549311335
691.0,cctv3,C3_S008,G028,EMPTY,EMPTY,0.01
691.0,cctv3,C3_S009,G029,EMPTY,MANEUVERING,0.1068051167645237
691.0,cctv3,C3_S010,G007,OCCUPIED,LEAVING,0.66187220714309
691.0,cctv3,C3_S011,G008,OCCUPIED,OCCUPIED,0.787851415980946
691.0,cctv3,C3_S012,G009,OCCUPIED,OCCUPIED,0.8242937274954536
692.0,cctv1,C1_S001,G001,OCCUPIED,OCCUPIED,0.7358939109200782
692.0,cctv1,C1_S002,G002,EMPTY,EMPTY,0.01
692.0,cctv1,C1_S003,G003,OCCUPIED,OCCUPIED,0.8382983698086306
692.0,cctv1,C1_S004,G004,OCCUPIED,OCCUPIED,0.7678058509122242
692.0,cctv1,C1_S005,G005,OCCUPIED,LEAVING,0.7701869368553163
692.0,cctv1,C1_S006,G006,EMPTY,EMPTY,0.01
692.0,cctv2,C2_S001,G007,OCCUPIED,OCCUPIED,0.7937752932310105
692.0,cctv2,C2_S002,G008,OCCUPIED,OCCUPIED,0.8277070684866472
692.0,cctv2,C2_S003,G009,EMPTY,EMPTY,0.01
692.0,cctv2,C2_S004,G010,OCCUPIED,OCCUPIED,0.7679319248958068
692.0,cctv2,C2_S005,G001,EMPTY,EMPTY,0.01
692.0,cctv2,C2_S006,G003,OCCUPIED,OCCUPIED,0.8173816033385017
692.0,cctv2,C2_S007,G004,OCCUPIED,OCCUPIED,0.7814107428897512
692.0,cctv2,C2_S008,G006,OCCUPIED,OCCUPIED,0.7662138598886403
692.0,cctv2,C2_S009,G005,OCCUPIED,OCCUPIED,0.793206732381474
692.0,cctv2,C2_S010,G002,EMPTY,EMPTY,0.01
692.0,cctv2,C2_S011,G017,OCCUPIED,OCCUPIED,0.8103257184678858
692.0,cctv2,C2_S012,G018,EMPTY,EMPTY,0.01
692.0,cctv2,C2_S013,G019,OCCUPIED,OCCUPIED,0.8228837349198082
692.0,cctv2,C2_S014,G020,EMPTY,EMPTY,0.01
692.0,cctv3,C3_S001,G021,OCCUPIED,OCCUPIED,0.8049118291247975
692.0,cctv3,C3_S002,G019,EMPTY,EMPTY,0.01
692.0,cctv3,C3_S003,G020,OCCUPIED,OCCUPIED,0.815164970538833
692.0,cctv3,C3_S004,G024,OCCUPIED,OCCUPIED,0.8272802233695984
692.0,cctv3,C3_S005,G025,OCCUPIED,OCCUPIED,0.8316829069094225
692.0,cctv3,C3_S006,G026,OCCUPIED,OCCUPIED,0.8247597856955096
692.0,cctv3,C3_S007,G027,OCCUPIED,OCCUPIED,0.7295331882414494
692.0,cctv3,C3_S008,G028,EMPTY,MANEUVERING,0.1386026755788109
692.0,cctv3,C3_S009,G029,EMPTY,MANEUVERING,0.1068051167645237
692.0,cctv3,C3_S010,G007,OCCUPIED,LEAVING,0.661885965534232
692.0,cctv3,C3_S011,G008,OCCUPIED,OCCUPIED,0.7882586923512547
692.0,cctv3,C3_S012,G009,OCCUPIED,OCCUPIED,0.8247101103717631
693.0,cctv1,C1_S001,G001,OCCUPIED,OCCUPIED,0.7354927621781827
693.0,cctv1,C1_S002,G002,EMPTY,EMPTY,0.01
693.0,cctv1,C1_S003,G003,OCCUPIED,OCCUPIED,0.8382761798121713
693.0,cctv1,C1_S004,G004,OCCUPIED,OCCUPIED,0.7673145283352245
693.0,cctv1,C1_S005,G005,OCCUPIED,LEAVING,0.7716901756145738
693.0,cctv1,C1_S006,G006,EMPTY,EMPTY,0.01
693.0,cctv2,C2_S001,G007,OCCUPIED,OCCUPIED,0.7931803223761646
693.0,cctv2,C2_S002,G008,OCCUPIED,OCCUPIED,0.8268738890236075
693.0,cctv2,C2_S003,G009,EMPTY,EMPTY,0.01
693.0,cctv2,C2_S004,G010,OCCUPIED,OCCUPIED,0.7677028154784984
693.0,cctv2,C2_S005,G001,EMPTY,EMPTY,0.01
693.0,cctv2,C2_S006,G003,OCCUPIED,OCCUPIED,0.816934514858506
693.0,cctv2,C2_S007,G004,OCCUPIED,OCCUPIED,0.7817822759801691
693.0,cctv2,C2_S008,G006,OCCUPIED,OCCUPIED,0.7667427130720833
693.0,cctv2,C2_S009,G005,OCCUPIED,OCCUPIED,0.7937012008645319
693.0,cctv2,C2_S010,G002,EMPTY,EMPTY,0.01
693.0,cctv2,C2_S011,G017,OCCUPIED,OCCUPIED,0.8110013327815316
693.0,cctv2,C2_S012,G018,EMPTY,EMPTY,0.01
693.0,cctv2,C2_S013,G019,OCCUPIED,OCCUPIED,0.8232541642405771
693.0,cctv2,C2_S014,G020,EMPTY,EMPTY,0.01
693.0,cctv3,C3_S001,G021,OCCUPIED,OCCUPIED,0.8033433878963645
693.0,cctv3,C3_S002,G019,EMPTY,EMPTY,0.01
693.0,cctv3,C3_S003,G020,OCCUPIED,OCCUPIED,0.8163750003684651
693.0,cctv3,C3_S004,G024,OCCUPIED,OCCUPIED,0.8275274222547359
693.0,cctv3,C3_S005,G025,OCCUPIED,OCCUPIED,0.8316792810505087
693.0,cctv3,C3_S006,G026,OCCUPIED,OCCUPIED,0.8247054929083044
693.0,cctv3,C3_S007,G027,OCCUPIED,LEAVING,0.7294793453338473
693.0,cctv3,C3_S008,G028,EMPTY,MANEUVERING,0.1386026755788109
693.0,cctv3,C3_S009,G029,EMPTY,MANEUVERING,0.0618051167645237
693.0,cctv3,C3_S010,G007,OCCUPIED,LEAVING,0.7057526280663231
693.0,cctv3,C3_S011,G008,OCCUPIED,OCCUPIED,0.7876337921077555
693.0,cctv3,C3_S012,G009,OCCUPIED,OCCUPIED,0.8247325320135463
694.0,cctv1,C1_S001,G001,OCCUPIED,OCCUPIED,0.737748287211765
694.0,cctv1,C1_S002,G002,EMPTY,EMPTY,0.01
694.0,cctv1,C1_S003,G003,OCCUPIED,OCCUPIED,0.8381318030032245
694.0,cctv1,C1_S004,G004,OCCUPIED,OCCUPIED,0.7673620891841976
694.0,cctv1,C1_S005,G005,OCCUPIED,LEAVING,0.7720136504281652
694.0,cctv1,C1_S006,G006,EMPTY,EMPTY,0.01
694.0,cctv2,C2_S001,G007,OCCUPIED,OCCUPIED,0.7925750567154451
694.0,cctv2,C2_S002,G008,OCCUPIED,OCCUPIED,0.8271067689765584
694.0,cctv2,C2_S003,G009,EMPTY,EMPTY,0.01
694.0,cctv2,C2_S004,G010,OCCUPIED,OCCUPIED,0.7696286899122325
694.0,cctv2,C2_S005,G001,EMPTY,EMPTY,0.01
694.0,cctv2,C2_S006,G003,OCCUPIED,OCCUPIED,0.8169025242328645
694.0,cctv2,C2_S007,G004,OCCUPIED,OCCUPIED,0.78214044760574
694.0,cctv2,C2_S008,G006,OCCUPIED,OCCUPIED,0.7674134486100891
694.0,cctv2,C2_S009,G005,OCCUPIED,OCCUPIED,0.7938053494149989
694.0,cctv2,C2_S010,G002,EMPTY,EMPTY,0.01
694.0,cctv2,C2_S011,G017,OCCUPIED,OCCUPIED,0.811154221946543
694.0,cctv2,C2_S012,G018,EMPTY,EMPTY,0.01
694.0,cctv2,C2_S013,G019,OCCUPIED,OCCUPIED,0.8229566162282771
694.0,cctv2,C2_S014,G020,EMPTY,EMPTY,0.01
694.0,cctv3,C3_S001,G021,OCCUPIED,OCCUPIED,0.8039599188349464
694.0,cctv3,C3_S002,G019,EMPTY,EMPTY,0.01
694.0,cctv3,C3_S003,G020,OCCUPIED,OCCUPIED,0.8170018903233789
694.0,cctv3,C3_S004,G024,OCCUPIED,OCCUPIED,0.8278029590845108
694.0,cctv3,C3_S005,G025,OCCUPIED,OCCUPIED,0.8317302552136508
694.0,cctv3,C3_S006,G026,OCCUPIED,OCCUPIED,0.8248989972201262
694.0,cctv3,C3_S007,G027,OCCUPIED,LEAVING,0.7291686557165602
694.0,cctv3,C3_S008,G028,EMPTY,MANEUVERING,0.1386026755788109
694.0,cctv3,C3_S009,G029,EMPTY,MANEUVERING,0.0618051167645237
694.0,cctv3,C3_S010,G007,OCCUPIED,LEAVING,0.7062203659794548
694.0,cctv3,C3_S011,G008,OCCUPIED,OCCUPIED,0.7889736424792897
694.0,cctv3,C3_S012,G009,OCCUPIED,OCCUPIED,0.824782590974461
695.0,cctv1,C1_S001,G001,OCCUPIED,OCCUPIED,0.7362860651178794
695.0,cctv1,C1_S002,G002,EMPTY,EMPTY,0.01
695.0,cctv1,C1_S003,G003,OCCUPIED,OCCUPIED,0.8380025424740531
695.0,cctv1,C1_S004,G004,OCCUPIED,OCCUPIED,0.766626443781636
695.0,cctv1,C1_S005,G005,OCCUPIED,LEAVING,0.7746641337871553
695.0,cctv1,C1_S006,G006,EMPTY,EMPTY,0.01
695.0,cctv2,C2_S001,G007,OCCUPIED,OCCUPIED,0.792102528702129
695.0,cctv2,C2_S002,G008,OCCUPIED,OCCUPIED,0.8276366930116308
695.0,cctv2,C2_S003,G009,EMPTY,EMPTY,0.01
695.0,cctv2,C2_S004,G010,OCCUPIED,OCCUPIED,0.7691968457265335
695.0,cctv2,C2_S005,G001,EMPTY,EMPTY,0.01
695.0,cctv2,C2_S006,G003,OCCUPIED,OCCUPIED,0.8168574403632771
695.0,cctv2,C2_S007,G004,OCCUPIED,OCCUPIED,0.7824380362575705
695.0,cctv2,C2_S008,G006,OCCUPIED,OCCUPIED,0.7666416482491927
695.0,cctv2,C2_S009,G005,OCCUPIED,OCCUPIED,0.7938553368503398
695.0,cctv2,C2_S010,G002,EMPTY,EMPTY,0.01
695.0,cctv2,C2_S011,G017,OCCUPIED,OCCUPIED,0.8106945604085923
695.0,cctv2,C2_S012,G018,EMPTY,EMPTY,0.01
695.0,cctv2,C2_S013,G019,OCCUPIED,OCCUPIED,0.823563517223705
695.0,cctv2,C2_S014,G020,EMPTY,EMPTY,0.01
695.0,cctv3,C3_S001,G021,OCCUPIED,OCCUPIED,0.8039192654869773
695.0,cctv3,C3_S002,G019,EMPTY,EMPTY,0.01
695.0,cctv3,C3_S003,G020,OCCUPIED,OCCUPIED,0.8170018643140793
695.0,cctv3,C3_S004,G024,OCCUPIED,OCCUPIED,0.8280021513050253
695.0,cctv3,C3_S005,G025,OCCUPIED,OCCUPIED,0.831728480891748
695.0,cctv3,C3_S006,G026,OCCUPIED,OCCUPIED,0.8250554764812643
695.0,cctv3,C3_S007,G027,OCCUPIED,LEAVING,0.728098715225404
695.0,cctv3,C3_S008,G028,EMPTY,MANEUVERING,0.1386026755788109
695.0,cctv3,C3_S009,G029,EMPTY,MANEUVERING,0.0618051167645237
695.0,cctv3,C3_S010,G007,OCCUPIED,LEAVING,0.7054533301971176
695.0,cctv3,C3_S011,G008,OCCUPIED,OCCUPIED,0.7897799852219496
695.0,cctv3,C3_S012,G009,OCCUPIED,OCCUPIED,0.8247706031257457
696.0,cctv1,C1_S001,G001,OCCUPIED,OCCUPIED,0.7368984406644649
696.0,cctv1,C1_S002,G002,EMPTY,EMPTY,0.01
696.0,cctv1,C1_S003,G003,OCCUPIED,OCCUPIED,0.838073773004792
696.0,cctv1,C1_S004,G004,OCCUPIED,OCCUPIED,0.7669731587171555
696.0,cctv1,C1_S005,G005,OCCUPIED,LEAVING,0.7736693398518997
696.0,cctv1,C1_S006,G006,EMPTY,EMPTY,0.01
696.0,cctv2,C2_S001,G007,OCCUPIED,OCCUPIED,0.7923956177451394
696.0,cctv2,C2_S002,G008,OCCUPIED,OCCUPIED,0.826852811737494
696.0,cctv2,C2_S003,G009,EMPTY,EMPTY,0.01
696.0,cctv2,C2_S004,G010,OCCUPIED,OCCUPIED,0.7683890818194911
696.0,cctv2,C2_S005,G001,EMPTY,EMPTY,0.01
696.0,cctv2,C2_S006,G003,OCCUPIED,OCCUPIED,0.8165307798168877
696.0,cctv2,C2_S007,G004,OCCUPIED,OCCUPIED,0.7825902768156746
696.0,cctv2,C2_S008,G006,OCCUPIED,OCCUPIED,0.7671633781357245
696.0,cctv2,C2_S009,G005,OCCUPIED,OCCUPIED,0.7935496308586815
696.0,cctv2,C2_S010,G002,EMPTY,EMPTY,0.01
696.0,cctv2,C2_S011,G017,OCCUPIED,OCCUPIED,0.8108663404529746
696.0,cctv2,C2_S012,G018,EMPTY,EMPTY,0.01
696.0,cctv2,C2_S013,G019,OCCUPIED,OCCUPIED,0.823731862414967
696.0,cctv2,C2_S014,G020,EMPTY,EMPTY,0.01
696.0,cctv3,C3_S001,G021,OCCUPIED,OCCUPIED,0.8043879254297778
696.0,cctv3,C3_S002,G019,EMPTY,EMPTY,0.01
696.0,cctv3,C3_S003,G020,OCCUPIED,OCCUPIED,0.8166863853281195
696.0,cctv3,C3_S004,G024,OCCUPIED,OCCUPIED,0.8275139892643149
696.0,cctv3,C3_S005,G025,OCCUPIED,OCCUPIED,0.8316773002797908
696.0,cctv3,C3_S006,G026,OCCUPIED,OCCUPIED,0.8252110405401751
696.0,cctv3,C3_S007,G027,OCCUPIED,LEAVING,0.7284555018557745
696.0,cctv3,C3_S008,G028,EMPTY,MANEUVERING,0.0936026755788109
696.0,cctv3,C3_S009,G029,EMPTY,MANEUVERING,0.0618051167645237
696.0,cctv3,C3_S010,G007,OCCUPIED,LEAVING,0.7054044125161388
696.0,cctv3,C3_S011,G008,OCCUPIED,OCCUPIED,0.7901720355857503
696.0,cctv3,C3_S012,G009,OCCUPIED,OCCUPIED,0.824901399829171
697.0,cctv1,C1_S001,G001,OCCUPIED,OCCUPIED,0.7363773226060651
697.0,cctv1,C1_S002,G002,EMPTY,EMPTY,0.01
697.0,cctv1,C1_S003,G003,OCCUPIED,OCCUPIED,0.837937803701921
697.0,cctv1,C1_S004,G004,OCCUPIED,OCCUPIED,0.7663629338145257
697.0,cctv1,C1_S005,G005,OCCUPIED,LEAVING,0.7747765256599947
697.0,cctv1,C1_S006,G006,EMPTY,EMPTY,0.01
697.0,cctv2,C2_S001,G007,OCCUPIED,OCCUPIED,0.7921358823776246
697.0,cctv2,C2_S002,G008,OCCUPIED,OCCUPIED,0.8273057734424418
697.0,cctv2,C2_S003,G009,EMPTY,EMPTY,0.01
697.0,cctv2,C2_S004,G010,OCCUPIED,OCCUPIED,0.7701941735365174
697.0,cctv2,C2_S005,G001,EMPTY,EMPTY,0.01
697.0,cctv2,C2_S006,G003,OCCUPIED,OCCUPIED,0.8168546809391543
697.0,cctv2,C2_S007,G004,OCCUPIED,OCCUPIED,0.7826822847127916
697.0,cctv2,C2_S008,G006,OCCUPIED,OCCUPIED,0.7669855123216456
697.0,cctv2,C2_S009,G005,OCCUPIED,OCCUPIED,0.7940801531076432
697.0,cctv2,C2_S010,G002,EMPTY,EMPTY,0.01
697.0,cctv2,C2_S011,G017,OCCUPIED,OCCUPIED,0.8108954879370603
697.0,cctv2,C2_S012,G018,EMPTY,EMPTY,0.01
697.0,cctv2,C2_S013,G019,OCCUPIED,OCCUPIED,0.8252629933032123
697.0,cctv2,C2_S014,G020,EMPTY,EMPTY,0.01
697.0,cctv3,C3_S001,G021,OCCUPIED,OCCUPIED,0.8032641513781115
697.0,cctv3,C3_S002,G019,EMPTY,EMPTY,0.01
697.0,cctv3,C3_S003,G020,OCCUPIED,OCCUPIED,0.8173324701460926
697.0,cctv3,C3_S004,G024,OCCUPIED,OCCUPIED,0.8274962525476109
697.0,cctv3,C3_S005,G025,OCCUPIED,OCCUPIED,0.8316090852022171
697.0,cctv3,C3_S006,G026,OCCUPIED,OCCUPIED,0.825350721044974
697.0,cctv3,C3_S007,G027,OCCUPIED,LEAVING,0.7281470551341773
697.0,cctv3,C3_S008,G028,EMPTY,MANEUVERING,0.0936026755788109
697.0,cctv3,C3_S009,G029,EMPTY,MANEUVERING,0.0618051167645237
697.0,cctv3,C3_S010,G007,OCCUPIED,LEAVING,0.7037033434889535
697.0,cctv3,C3_S011,G008,OCCUPIED,OCCUPIED,0.7895768977024339
697.0,cctv3,C3_S012,G009,OCCUPIED,OCCUPIED,0.8248633311553435
698.0,cctv1,C1_S001,G001,OCCUPIED,OCCUPIED,0.737227386371656
698.0,cctv1,C1_S002,G002,EMPTY,EMPTY,0.01
698.0,cctv1,C1_S003,G003,OCCUPIED,OCCUPIED,0.8378085740587928
698.0,cctv1,C1_S004,G004,OCCUPIED,OCCUPIED,0.7652521981434389
698.0,cctv1,C1_S005,G005,OCCUPIED,OCCUPIED,0.7731263522397389
698.0,cctv1,C1_S006,G006,EMPTY,EMPTY,0.01
698.0,cctv2,C2_S001,G007,OCCUPIED,OCCUPIED,0.7906614700501616
698.0,cctv2,C2_S002,G008,OCCUPIED,OCCUPIED,0.8271616672927684
698.0,cctv2,C2_S003,G009,EMPTY,EMPTY,0.01
698.0,cctv2,C2_S004,G010,OCCUPIED,OCCUPIED,0.7703193713318218
698.0,cctv2,C2_S005,G001,EMPTY,EMPTY,0.01
698.0,cctv2,C2_S006,G003,OCCUPIED,OCCUPIED,0.8169271509755742
698.0,cctv2,C2_S007,G004,OCCUPIED,OCCUPIED,0.7840118711644953
698.0,cctv2,C2_S008,G006,OCCUPIED,OCCUPIED,0.7665421403267167
698.0,cctv2,C2_S009,G005,OCCUPIED,OCCUPIED,0.7952584418383513
698.0,cctv2,C2_S010,G002,EMPTY,EMPTY,0.01
698.0,cctv2,C2_S011,G017,OCCUPIED,OCCUPIED,0.8107414828105407
698.0,cctv2,C2_S012,G018,EMPTY,EMPTY,0.01
698.0,cctv2,C2_S013,G019,OCCUPIED,OCCUPIED,0.8303595496849581
698.0,cctv2,C2_S014,G020,EMPTY,EMPTY,0.01
698.0,cctv3,C3_S001,G021,OCCUPIED,OCCUPIED,0.8031743241982027
698.0,cctv3,C3_S002,G019,EMPTY,EMPTY,0.01
698.0,cctv3,C3_S003,G020,OCCUPIED,OCCUPIED,0.8146274290301584
698.0,cctv3,C3_S004,G024,OCCUPIED,OCCUPIED,0.8274424279277975
698.0,cctv3,C3_S005,G025,OCCUPIED,OCCUPIED,0.831485371968963
698.0,cctv3,C3_S006,G026,OCCUPIED,OCCUPIED,0.8255730534141714
698.0,cctv3,C3_S007,G027,OCCUPIED,LEAVING,0.7276498495787384
698.0,cctv3,C3_S008,G028,EMPTY,MANEUVERING,0.0936026755788109
698.0,cctv3,C3_S009,G029,EMPTY,MANEUVERING,0.0618051167645237
698.0,cctv3,C3_S010,G007,OCCUPIED,LEAVING,0.7027122502706269
698.0,cctv3,C3_S011,G008,OCCUPIED,OCCUPIED,0.7910416227850048
698.0,cctv3,C3_S012,G009,OCCUPIED,OCCUPIED,0.8253862684423274
699.0,cctv1,C1_S001,G001,OCCUPIED,OCCUPIED,0.7373814565214244
699.0,cctv1,C1_S002,G002,EMPTY,EMPTY,0.01
699.0,cctv1,C1_S003,G003,OCCUPIED,OCCUPIED,0.8377255605025725
699.0,cctv1,C1_S004,G004,OCCUPIED,OCCUPIED,0.7641014565121045
699.0,cctv1,C1_S005,G005,OCCUPIED,OCCUPIED,0.7722123448144307
699.0,cctv1,C1_S006,G006,EMPTY,EMPTY,0.01
699.0,cctv2,C2_S001,G007,OCCUPIED,OCCUPIED,0.7896992080590942
699.0,cctv2,C2_S002,G008,OCCUPIED,OCCUPIED,0.8270768907937137
699.0,cctv2,C2_S003,G009,EMPTY,EMPTY,0.01
699.0,cctv2,C2_S004,G010,OCCUPIED,OCCUPIED,0.7700990770350804
699.0,cctv2,C2_S005,G001,EMPTY,EMPTY,0.01
699.0,cctv2,C2_S006,G003,OCCUPIED,OCCUPIED,0.8170967055992647
699.0,cctv2,C2_S007,G004,OCCUPIED,OCCUPIED,0.7851907637986271
699.0,cctv2,C2_S008,G006,OCCUPIED,OCCUPIED,0.7662409790537574
699.0,cctv2,C2_S009,G005,OCCUPIED,OCCUPIED,0.7960476598956369
699.0,cctv2,C2_S010,G002,EMPTY,EMPTY,0.01
699.0,cctv2,C2_S011,G017,OCCUPIED,OCCUPIED,0.8105103820562364
699.0,cctv2,C2_S012,G018,EMPTY,EMPTY,0.01
699.0,cctv2,C2_S013,G019,OCCUPIED,OCCUPIED,0.8306083952838725
699.0,cctv2,C2_S014,G020,EMPTY,EMPTY,0.01
699.0,cctv3,C3_S001,G021,OCCUPIED,OCCUPIED,0.8030140882188624
699.0,cctv3,C3_S002,G019,EMPTY,EMPTY,0.01
699.0,cctv3,C3_S003,G020,OCCUPIED,OCCUPIED,0.8141532575542277
699.0,cctv3,C3_S004,G024,OCCUPIED,OCCUPIED,0.8274940620769154
699.0,cctv3,C3_S005,G025,OCCUPIED,OCCUPIED,0.831455550681461
699.0,cctv3,C3_S006,G026,OCCUPIED,OCCUPIED,0.8255337143486197
699.0,cctv3,C3_S007,G027,OCCUPIED,LEAVING,0.7283894861895931
699.0,cctv3,C3_S008,G028,EMPTY,MANEUVERING,0.0936026755788109
699.0,cctv3,C3_S009,G029,EMPTY,MANEUVERING,0.0618051167645237
699.0,cctv3,C3_S010,G007,OCCUPIED,LEAVING,0.7029015811465005
699.0,cctv3,C3_S011,G008,OCCUPIED,OCCUPIED,0.7917645325714893
699.0,cctv3,C3_S012,G009,OCCUPIED,OCCUPIED,0.825215527957136
700.0,cctv1,C1_S001,G001,OCCUPIED,OCCUPIED,0.7364759157327089
700.0,cctv1,C1_S002,G002,EMPTY,EMPTY,0.01
700.0,cctv1,C1_S003,G003,OCCUPIED,OCCUPIED,0.8378081002018669
700.0,cctv1,C1_S004,G004,OCCUPIED,OCCUPIED,0.7634125250306997
700.0,cctv1,C1_S005,G005,OCCUPIED,OCCUPIED,0.775132430818948
700.0,cctv1,C1_S006,G006,EMPTY,EMPTY,0.01
700.0,cctv2,C2_S001,G007,OCCUPIED,OCCUPIED,0.7880529917099259
700.0,cctv2,C2_S002,G008,OCCUPIED,OCCUPIED,0.8275222886692395
700.0,cctv2,C2_S003,G009,EMPTY,EMPTY,0.01
700.0,cctv2,C2_S004,G010,OCCUPIED,OCCUPIED,0.7700559332966805
700.0,cctv2,C2_S005,G001,EMPTY,EMPTY,0.01
700.0,cctv2,C2_S006,G003,OCCUPIED,OCCUPIED,0.8173705396327107
700.0,cctv2,C2_S007,G004,OCCUPIED,OCCUPIED,0.7857029990716414
700.0,cctv2,C2_S008,G006,OCCUPIED,OCCUPIED,0.7664574784311382
700.0,cctv2,C2_S009,G005,OCCUPIED,OCCUPIED,0.7969561370936308
700.0,cctv2,C2_S010,G002,EMPTY,EMPTY,0.01
700.0,cctv2,C2_S011,G017,OCCUPIED,OCCUPIED,0.8103654850612988
700.0,cctv2,C2_S012,G018,EMPTY,EMPTY,0.01
700.0,cctv2,C2_S013,G019,OCCUPIED,OCCUPIED,0.8306349914182317
700.0,cctv2,C2_S014,G020,EMPTY,EMPTY,0.01
700.0,cctv3,C3_S001,G021,OCCUPIED,OCCUPIED,0.8026960213075985
700.0,cctv3,C3_S002,G019,EMPTY,EMPTY,0.01
700.0,cctv3,C3_S003,G020,OCCUPIED,OCCUPIED,0.813682546940717
700.0,cctv3,C3_S004,G024,OCCUPIED,OCCUPIED,0.8272053157741374
700.0,cctv3,C3_S005,G025,OCCUPIED,OCCUPIED,0.831433024189689
700.0,cctv3,C3_S006,G026,OCCUPIED,OCCUPIED,0.8255505602468145
700.0,cctv3,C3_S007,G027,OCCUPIED,LEAVING,0.7145579971914942
700.0,cctv3,C3_S008,G028,EMPTY,MANEUVERING,0.1811099936203523
700.0,cctv3,C3_S009,G029,EMPTY,EMPTY,0.01
700.0,cctv3,C3_S010,G007,OCCUPIED,LEAVING,0.7504843352870508
700.0,cctv3,C3_S011,G008,OCCUPIED,OCCUPIED,0.7910067597573455
700.0,cctv3,C3_S012,G009,OCCUPIED,OCCUPIED,0.8250490749424155
701.0,cctv1,C1_S001,G001,OCCUPIED,OCCUPIED,0.7357825336131183
701.0,cctv1,C1_S002,G002,EMPTY,EMPTY,0.01
701.0,cctv1,C1_S003,G003,OCCUPIED,OCCUPIED,0.8379402258179405
701.0,cctv1,C1_S004,G004,OCCUPIED,OCCUPIED,0.7629967334595594
701.0,cctv1,C1_S005,G005,OCCUPIED,OCCUPIED,0.7750716373324394
701.0,cctv1,C1_S006,G006,EMPTY,EMPTY,0.01
701.0,cctv2,C2_S001,G007,OCCUPIED,OCCUPIED,0.7879107948053967
701.0,cctv2,C2_S002,G008,OCCUPIED,OCCUPIED,0.8273786929520694
701.0,cctv2,C2_S003,G009,EMPTY,EMPTY,0.01
701.0,cctv2,C2_S004,G010,OCCUPIED,OCCUPIED,0.7678579812700099
701.0,cctv2,C2_S005,G001,EMPTY,EMPTY,0.01
701.0,cctv2,C2_S006,G003,OCCUPIED,OCCUPIED,0.8174122422933578
701.0,cctv2,C2_S007,G004,OCCUPIED,OCCUPIED,0.7849423489787363
701.0,cctv2,C2_S008,G006,OCCUPIED,OCCUPIED,0.7659125116738407
701.0,cctv2,C2_S009,G005,OCCUPIED,OCCUPIED,0.7987326990474355
701.0,cctv2,C2_S010,G002,EMPTY,EMPTY,0.01
701.0,cctv2,C2_S011,G017,OCCUPIED,OCCUPIED,0.8105316365307028
701.0,cctv2,C2_S012,G018,EMPTY,EMPTY,0.01
701.0,cctv2,C2_S013,G019,OCCUPIED,OCCUPIED,0.830933688716455
701.0,cctv2,C2_S014,G020,EMPTY,EMPTY,0.01
701.0,cctv3,C3_S001,G021,OCCUPIED,OCCUPIED,0.802720274979418
701.0,cctv3,C3_S002,G019,EMPTY,EMPTY,0.01
701.0,cctv3,C3_S003,G020,OCCUPIED,OCCUPIED,0.8122952962463553
701.0,cctv3,C3_S004,G024,OCCUPIED,OCCUPIED,0.827232167937539
701.0,cctv3,C3_S005,G025,OCCUPIED,OCCUPIED,0.8314434864304283
701.0,cctv3,C3_S006,G026,OCCUPIED,OCCUPIED,0.825463712757284
701.0,cctv3,C3_S007,G027,OCCUPIED,LEAVING,0.7162477858229117
701.0,cctv3,C3_S008,G028,EMPTY,MANEUVERING,0.1811099936203523
701.0,cctv3,C3_S009,G029,EMPTY,MANEUVERING,0.1049284444072029
701.0,cctv3,C3_S010,G007,OCCUPIED,LEAVING,0.6580831130526283
701.0,cctv3,C3_S011,G008,OCCUPIED,OCCUPIED,0.7903174621137706
701.0,cctv3,C3_S012,G009,OCCUPIED,OCCUPIED,0.8248163201592186
702.0,cctv1,C1_S001,G001,OCCUPIED,OCCUPIED,0.7349033650349488
702.0,cctv1,C1_S002,G002,EMPTY,EMPTY,0.01
702.0,cctv1,C1_S003,G003,OCCUPIED,OCCUPIED,0.8381000180136075
702.0,cctv1,C1_S004,G004,OCCUPIED,OCCUPIED,0.7637644133784555
702.0,cctv1,C1_S005,G005,OCCUPIED,OCCUPIED,0.7731923760338264
702.0,cctv1,C1_S006,G006,EMPTY,EMPTY,0.01
702.0,cctv2,C2_S001,G007,OCCUPIED,OCCUPIED,0.7056865618039261
702.0,cctv2,C2_S002,G008,OCCUPIED,OCCUPIED,0.8259924322366715
702.0,cctv2,C2_S003,G009,EMPTY,EMPTY,0.01
702.0,cctv2,C2_S004,G010,OCCUPIED,OCCUPIED,0.7665529622273012
702.0,cctv2,C2_S005,G001,EMPTY,EMPTY,0.01
702.0,cctv2,C2_S006,G003,OCCUPIED,OCCUPIED,0.8177273051305252
702.0,cctv2,C2_S007,G004,OCCUPIED,OCCUPIED,0.7843745976686478
702.0,cctv2,C2_S008,G006,OCCUPIED,OCCUPIED,0.766751305488023
702.0,cctv2,C2_S009,G005,OCCUPIED,OCCUPIED,0.7983847596428612
702.0,cctv2,C2_S010,G002,EMPTY,EMPTY,0.01
702.0,cctv2,C2_S011,G017,OCCUPIED,OCCUPIED,0.8105407186529854
702.0,cctv2,C2_S012,G018,EMPTY,EMPTY,0.01
702.0,cctv2,C2_S013,G019,OCCUPIED,OCCUPIED,0.8279184289953926
702.0,cctv2,C2_S014,G020,EMPTY,EMPTY,0.01
702.0,cctv3,C3_S001,G021,OCCUPIED,OCCUPIED,0.8022036880254746
702.0,cctv3,C3_S002,G019,EMPTY,EMPTY,0.01
702.0,cctv3,C3_S003,G020,OCCUPIED,OCCUPIED,0.8127351785247977
702.0,cctv3,C3_S004,G024,OCCUPIED,OCCUPIED,0.8275414981625298
702.0,cctv3,C3_S005,G025,OCCUPIED,OCCUPIED,0.831349561160261
702.0,cctv3,C3_S006,G026,OCCUPIED,OCCUPIED,0.8254276890646328
702.0,cctv3,C3_S007,G027,OCCUPIED,LEAVING,0.7172632502425801
702.0,cctv3,C3_S008,G028,EMPTY,MANEUVERING,0.1811099936203523
702.0,cctv3,C3_S009,G029,EMPTY,MANEUVERING,0.1049284444072029
702.0,cctv3,C3_S010,G007,OCCUPIED,LEAVING,0.6605374929986217
702.0,cctv3,C3_S011,G008,OCCUPIED,OCCUPIED,0.7913001576607879
702.0,cctv3,C3_S012,G009,OCCUPIED,OCCUPIED,0.8258034941825001
703.0,cctv1,C1_S001,G001,OCCUPIED,OCCUPIED,0.7324728673154658
703.0,cctv1,C1_S002,G002,EMPTY,EMPTY,0.01
703.0,cctv1,C1_S003,G003,OCCUPIED,OCCUPIED,0.838184197924354
703.0,cctv1,C1_S004,G004,OCCUPIED,OCCUPIED,0.7648273858157072
703.0,cctv1,C1_S005,G005,OCCUPIED,OCCUPIED,0.7751481831073762
703.0,cctv1,C1_S006,G006,EMPTY,EMPTY,0.01
703.0,cctv2,C2_S001,G007,OCCUPIED,OCCUPIED,0.7024395551193845
703.0,cctv2,C2_S002,G008,OCCUPIED,OCCUPIED,0.8253340360793201
703.0,cctv2,C2_S003,G009,EMPTY,MANEUVERING,0.2911713076721538
703.0,cctv2,C2_S004,G010,OCCUPIED,OCCUPIED,0.766990752382712
703.0,cctv2,C2_S005,G001,EMPTY,EMPTY,0.01
703.0,cctv2,C2_S006,G003,OCCUPIED,OCCUPIED,0.8179280172694814
703.0,cctv2,C2_S007,G004,OCCUPIED,OCCUPIED,0.783969594673677
703.0,cctv2,C2_S008,G006,OCCUPIED,OCCUPIED,0.7660091829570858
703.0,cctv2,C2_S009,G005,OCCUPIED,OCCUPIED,0.7984644708308307
703.0,cctv2,C2_S010,G002,EMPTY,EMPTY,0.01
703.0,cctv2,C2_S011,G017,OCCUPIED,OCCUPIED,0.8098042027516799
703.0,cctv2,C2_S012,G018,EMPTY,EMPTY,0.01
703.0,cctv2,C2_S013,G019,OCCUPIED,OCCUPIED,0.8286303774877029
703.0,cctv2,C2_S014,G020,EMPTY,EMPTY,0.01
703.0,cctv3,C3_S001,G021,OCCUPIED,OCCUPIED,0.8015240796587685
703.0,cctv3,C3_S002,G019,EMPTY,EMPTY,0.01
703.0,cctv3,C3_S003,G020,OCCUPIED,OCCUPIED,0.8098214729265734
703.0,cctv3,C3_S004,G024,OCCUPIED,OCCUPIED,0.8275201908566736
703.0,cctv3,C3_S005,G025,OCCUPIED,OCCUPIED,0.8314202024178072
703.0,cctv3,C3_S006,G026,OCCUPIED,OCCUPIED,0.8254965072328395
703.0,cctv3,C3_S007,G027,OCCUPIED,LEAVING,0.731591423594139
703.0,cctv3,C3_S008,G028,EMPTY,MANEUVERING,0.1290718571164391
703.0,cctv3,C3_S009,G029,EMPTY,MANEUVERING,0.1049284444072029
703.0,cctv3,C3_S010,G007,OCCUPIED,LEAVING,0.6585463524542072
703.0,cctv3,C3_S011,G008,OCCUPIED,OCCUPIED,0.7912325164133853
703.0,cctv3,C3_S012,G009,OCCUPIED,OCCUPIED,0.8257311037995599
704.0,cctv1,C1_S001,G001,OCCUPIED,OCCUPIED,0.7327561185441235
704.0,cctv1,C1_S002,G002,EMPTY,EMPTY,0.01
704.0,cctv1,C1_S003,G003,OCCUPIED,OCCUPIED,0.8381980373100801
704.0,cctv1,C1_S004,G004,OCCUPIED,OCCUPIED,0.7654757224700668
704.0,cctv1,C1_S005,G005,OCCUPIED,OCCUPIED,0.7775826970284636
704.0,cctv1,C1_S006,G006,EMPTY,EMPTY,0.01
704.0,cctv2,C2_S001,G007,OCCUPIED,OCCUPIED,0.7012713994492185
704.0,cctv2,C2_S002,G008,OCCUPIED,OCCUPIED,0.8264637012373318
704.0,cctv2,C2_S003,G009,EMPTY,MANEUVERING,0.2911713076721538
704.0,cctv2,C2_S004,G010,OCCUPIED,OCCUPIED,0.7682737541469662
704.0,cctv2,C2_S005,G001,EMPTY,EMPTY,0.01
704.0,cctv2,C2_S006,G003,OCCUPIED,OCCUPIED,0.8179061645811255
704.0,cctv2,C2_S007,G004,OCCUPIED,OCCUPIED,0.7837646844712172
704.0,cctv2,C2_S008,G006,OCCUPIED,OCCUPIED,0.7650295300917193
704.0,cctv2,C2_S009,G005,OCCUPIED,OCCUPIED,0.799340041388165
704.0,cctv2,C2_S010,G002,EMPTY,EMPTY,0.01
704.0,cctv2,C2_S011,G017,OCCUPIED,OCCUPIED,0.8108512176708742
704.0,cctv2,C2_S012,G018,EMPTY,EMPTY,0.01
704.0,cctv2,C2_S013,G019,OCCUPIED,OCCUPIED,0.8288829911838879
704.0,cctv2,C2_S014,G020,EMPTY,EMPTY,0.01
704.0,cctv3,C3_S001,G021,OCCUPIED,OCCUPIED,0.8028093088756909
704.0,cctv3,C3_S002,G019,EMPTY,EMPTY,0.01
704.0,cctv3,C3_S003,G020,OCCUPIED,OCCUPIED,0.8109791639176283
704.0,cctv3,C3_S004,G024,OCCUPIED,OCCUPIED,0.8274250171401285
704.0,cctv3,C3_S005,G025,OCCUPIED,OCCUPIED,0.8313920245929198
704.0,cctv3,C3_S006,G026,OCCUPIED,OCCUPIED,0.8256067240780051
704.0,cctv3,C3_S007,G027,OCCUPIED,LEAVING,0.7304020796919412
704.0,cctv3,C3_S008,G028,EMPTY,MANEUVERING,0.0840718571164391
704.0,cctv3,C3_S009,G029,EMPTY,MANEUVERING,0.1949941389025612
704.0,cctv3,C3_S010,G007,OCCUPIED,LEAVING,0.5671891071760293
704.0,cctv3,C3_S011,G008,OCCUPIED,OCCUPIED,0.7910908169367097
704.0,cctv3,C3_S012,G009,OCCUPIED,OCCUPIED,0.8258689855987376
705.0,cctv1,C1_S001,G001,OCCUPIED,OCCUPIED,0.7292830634523523
705.0,cctv1,C1_S002,G002,EMPTY,EMPTY,0.01
705.0,cctv1,C1_S003,G003,OCCUPIED,OCCUPIED,0.8385357826948167
705.0,cctv1,C1_S004,G004,OCCUPIED,OCCUPIED,0.7648367414420302
705.0,cctv1,C1_S005,G005,OCCUPIED,OCCUPIED,0.7789206288077615
705.0,cctv1,C1_S006,G006,EMPTY,EMPTY,0.01
705.0,cctv2,C2_S001,G007,OCCUPIED,OCCUPIED,0.6965227933634411
705.0,cctv2,C2_S002,G008,OCCUPIED,OCCUPIED,0.8251592966643247
705.0,cctv2,C2_S003,G009,EMPTY,MANEUVERING,0.2911713076721538
705.0,cctv2,C2_S004,G010,OCCUPIED,OCCUPIED,0.7679281633008611
705.0,cctv2,C2_S005,G001,EMPTY,EMPTY,0.01
705.0,cctv2,C2_S006,G003,OCCUPIED,OCCUPIED,0.8183793834664606
705.0,cctv2,C2_S007,G004,OCCUPIED,OCCUPIED,0.7841052421114663
705.0,cctv2,C2_S008,G006,OCCUPIED,OCCUPIED,0.7650709007274021
705.0,cctv2,C2_S009,G005,OCCUPIED,OCCUPIED,0.7995134096254003
705.0,cctv2,C2_S010,G002,EMPTY,EMPTY,0.01
705.0,cctv2,C2_S011,G017,OCCUPIED,OCCUPIED,0.8109840674833818
705.0,cctv2,C2_S012,G018,EMPTY,EMPTY,0.01
705.0,cctv2,C2_S013,G019,OCCUPIED,OCCUPIED,0.8281261343847622
705.0,cctv2,C2_S014,G020,EMPTY,EMPTY,0.01
705.0,cctv3,C3_S001,G021,OCCUPIED,OCCUPIED,0.801592154936357
705.0,cctv3,C3_S002,G019,EMPTY,EMPTY,0.01
705.0,cctv3,C3_S003,G020,OCCUPIED,OCCUPIED,0.8112824266607112
705.0,cctv3,C3_S004,G024,OCCUPIED,OCCUPIED,0.8274044380946594
705.0,cctv3,C3_S005,G025,OCCUPIED,OCCUPIED,0.8313491165637971
705.0,cctv3,C3_S006,G026,OCCUPIED,OCCUPIED,0.8255149535157464
705.0,cctv3,C3_S007,G027,OCCUPIED,LEAVING,0.7299437072398989
705.0,cctv3,C3_S008,G028,EMPTY,MANEUVERING,0.0840718571164391
705.0,cctv3,C3_S009,G029,EMPTY,MANEUVERING,0.1499941389025612
705.0,cctv3,C3_S010,G007,OCCUPIED,LEAVING,0.6127478177710014
705.0,cctv3,C3_S011,G008,OCCUPIED,OCCUPIED,0.7910247386856513
705.0,cctv3,C3_S012,G009,OCCUPIED,OCCUPIED,0.8260532330382955
706.0,cctv1,C1_S001,G001,OCCUPIED,OCCUPIED,0.7278410110622645
706.0,cctv1,C1_S002,G002,EMPTY,EMPTY,0.01
706.0,cctv1,C1_S003,G003,OCCUPIED,OCCUPIED,0.8387308597564698
706.0,cctv1,C1_S004,G004,OCCUPIED,OCCUPIED,0.7655133306980134
706.0,cctv1,C1_S005,G005,OCCUPIED,OCCUPIED,0.7791184864260934
706.0,cctv1,C1_S006,G006,EMPTY,EMPTY,0.01
706.0,cctv2,C2_S001,G007,OCCUPIED,OCCUPIED,0.6584102133729242
706.0,cctv2,C2_S002,G008,OCCUPIED,OCCUPIED,0.8235782197930597
706.0,cctv2,C2_S003,G009,EMPTY,MANEUVERING,0.2911713076721538
706.0,cctv2,C2_S004,G010,OCCUPIED,OCCUPIED,0.7684719677675855
706.0,cctv2,C2_S005,G001,EMPTY,EMPTY,0.01
706.0,cctv2,C2_S006,G003,OCCUPIED,OCCUPIED,0.8187261532653463
706.0,cctv2,C2_S007,G004,OCCUPIED,OCCUPIED,0.7849545400251042
706.0,cctv2,C2_S008,G006,OCCUPIED,OCCUPIED,0.7655010368336331
706.0,cctv2,C2_S009,G005,OCCUPIED,OCCUPIED,0.8003226052631032
706.0,cctv2,C2_S010,G002,EMPTY,EMPTY,0.01
706.0,cctv2,C2_S011,G017,OCCUPIED,OCCUPIED,0.8117551261728461
706.0,cctv2,C2_S012,G018,EMPTY,EMPTY,0.01
706.0,cctv2,C2_S013,G019,OCCUPIED,OCCUPIED,0.8271081336519935
706.0,cctv2,C2_S014,G020,EMPTY,EMPTY,0.01
706.0,cctv3,C3_S001,G021,OCCUPIED,OCCUPIED,0.8008879970420492
706.0,cctv3,C3_S002,G019,EMPTY,EMPTY,0.01
706.0,cctv3,C3_S003,G020,OCCUPIED,OCCUPIED,0.810366354747252
706.0,cctv3,C3_S004,G024,OCCUPIED,OCCUPIED,0.8273107907988809
706.0,cctv3,C3_S005,G025,OCCUPIED,OCCUPIED,0.8313273158940403
706.0,cctv3,C3_S006,G026,OCCUPIED,OCCUPIED,0.8254027705300939
706.0,cctv3,C3_S007,G027,OCCUPIED,LEAVING,0.7293180846287447
706.0,cctv3,C3_S008,G028,EMPTY,MANEUVERING,0.0840718571164391
706.0,cctv3,C3_S009,G029,EMPTY,MANEUVERING,0.1499941389025612
706.0,cctv3,C3_S010,G007,OCCUPIED,LEAVING,0.6139137293262916
706.0,cctv3,C3_S011,G008,OCCUPIED,OCCUPIED,0.790375918014483
706.0,cctv3,C3_S012,G009,OCCUPIED,OCCUPIED,0.8258663562211124
707.0,cctv1,C1_S001,G001,OCCUPIED,OCCUPIED,0.7291821793737737
707.0,cctv1,C1_S002,G002,EMPTY,EMPTY,0.01
707.0,cctv1,C1_S003,G003,OCCUPIED,OCCUPIED,0.8387400621717627
707.0,cctv1,C1_S004,G004,OCCUPIED,OCCUPIED,0.7660569153048776
707.0,cctv1,C1_S005,G005,OCCUPIED,OCCUPIED,0.7805983603000641
707.0,cctv1,C1_S006,G006,EMPTY,EMPTY,0.01
707.0,cctv2,C2_S001,G007,OCCUPIED,OCCUPIED,0.6588200241146666
707.0,cctv2,C2_S002,G008,OCCUPIED,OCCUPIED,0.8239643709226089
707.0,cctv2,C2_S003,G009,EMPTY,MANEUVERING,0.2461713076721538
707.0,cctv2,C2_S004,G010,OCCUPIED,OCCUPIED,0.7700761469927702
707.0,cctv2,C2_S005,G001,EMPTY,EMPTY,0.01
707.0,cctv2,C2_S006,G003,OCCUPIED,OCCUPIED,0.818855291875926
707.0,cctv2,C2_S007,G004,OCCUPIED,OCCUPIED,0.7847128347917037
707.0,cctv2,C2_S008,G006,OCCUPIED,OCCUPIED,0.7645928640257229
707.0,cctv2,C2_S009,G005,OCCUPIED,OCCUPIED,0.8003189501437274
707.0,cctv2,C2_S010,G002,EMPTY,EMPTY,0.01
707.0,cctv2,C2_S011,G017,OCCUPIED,OCCUPIED,0.811883638121865
707.0,cctv2,C2_S012,G018,EMPTY,EMPTY,0.01
707.0,cctv2,C2_S013,G019,OCCUPIED,OCCUPIED,0.8268972770734268
707.0,cctv2,C2_S014,G020,EMPTY,EMPTY,0.01
707.0,cctv3,C3_S001,G021,OCCUPIED,OCCUPIED,0.8004782879894431
707.0,cctv3,C3_S002,G019,EMPTY,EMPTY,0.01
707.0,cctv3,C3_S003,G020,OCCUPIED,OCCUPIED,0.8086087673902512
707.0,cctv3,C3_S004,G024,OCCUPIED,OCCUPIED,0.8278205153616993
707.0,cctv3,C3_S005,G025,OCCUPIED,OCCUPIED,0.831385255672715
707.0,cctv3,C3_S006,G026,OCCUPIED,OCCUPIED,0.8254585767334158
707.0,cctv3,C3_S007,G027,OCCUPIED,LEAVING,0.7296250065551564
707.0,cctv3,C3_S008,G028,EMPTY,MANEUVERING,0.0840718571164391
707.0,cctv3,C3_S009,G029,EMPTY,MANEUVERING,0.1499941389025612
707.0,cctv3,C3_S010,G007,OCCUPIED,LEAVING,0.6134398232264953
707.0,cctv3,C3_S011,G008,OCCUPIED,OCCUPIED,0.7883885128931566
707.0,cctv3,C3_S012,G009,OCCUPIED,OCCUPIED,0.8259122024882924
708.0,cctv1,C1_S001,G001,OCCUPIED,OCCUPIED,0.7299323688515209
708.0,cctv1,C1_S002,G002,EMPTY,EMPTY,0.01
708.0,cctv1,C1_S003,G003,OCCUPIED,OCCUPIED,0.8386104188182137
708.0,cctv1,C1_S004,G004,OCCUPIED,OCCUPIED,0.7670339810577307
708.0,cctv1,C1_S005,G005,OCCUPIED,OCCUPIED,0.7784867152571678
708.0,cctv1,C1_S006,G006,EMPTY,EMPTY,0.01
708.0,cctv2,C2_S001,G007,OCCUPIED,OCCUPIED,0.6573555608409823
708.0,cctv2,C2_S002,G008,OCCUPIED,OCCUPIED,0.823537557504394
708.0,cctv2,C2_S003,G009,EMPTY,MANEUVERING,0.2461713076721538
708.0,cctv2,C2_S004,G010,OCCUPIED,OCCUPIED,0.7731400575150144
708.0,cctv2,C2_S005,G001,EMPTY,EMPTY,0.01
708.0,cctv2,C2_S006,G003,OCCUPIED,OCCUPIED,0.8189315852793781
708.0,cctv2,C2_S007,G004,OCCUPIED,OCCUPIED,0.7848419238220562
708.0,cctv2,C2_S008,G006,OCCUPIED,OCCUPIED,0.7652824266390368
708.0,cctv2,C2_S009,G005,OCCUPIED,OCCUPIED,0.8008390199054372
708.0,cctv2,C2_S010,G002,EMPTY,MANEUVERING,0.2018352792479775
708.0,cctv2,C2_S011,G017,OCCUPIED,LEAVING,0.8005896469679746
708.0,cctv2,C2_S012,G018,EMPTY,MANEUVERING,0.1684983895041725
708.0,cctv2,C2_S013,G019,OCCUPIED,OCCUPIED,0.7337640955231407
708.0,cctv2,C2_S014,G020,EMPTY,EMPTY,0.01
708.0,cctv3,C3_S001,G021,OCCUPIED,OCCUPIED,0.8003284224055031
708.0,cctv3,C3_S002,G019,EMPTY,EMPTY,0.01
708.0,cctv3,C3_S003,G020,OCCUPIED,OCCUPIED,0.8102580772204833
708.0,cctv3,C3_S004,G024,OCCUPIED,OCCUPIED,0.8280683092095635
708.0,cctv3,C3_S005,G025,OCCUPIED,OCCUPIED,0.8311816069212827
708.0,cctv3,C3_S006,G026,OCCUPIED,OCCUPIED,0.8253892156210814
708.0,cctv3,C3_S007,G027,OCCUPIED,LEAVING,0.7317739017917353
708.0,cctv3,C3_S008,G028,EMPTY,MANEUVERING,0.0840718571164391
708.0,cctv3,C3_S009,G029,EMPTY,MANEUVERING,0.2020943683589046
708.0,cctv3,C3_S010,G007,OCCUPIED,LEAVING,0.5673947631364519
708.0,cctv3,C3_S011,G008,OCCUPIED,OCCUPIED,0.7905318315733564
708.0,cctv3,C3_S012,G009,OCCUPIED,OCCUPIED,0.8249299669807608
709.0,cctv1,C1_S001,G001,OCCUPIED,OCCUPIED,0.7296348312023012
709.0,cctv1,C1_S002,G002,EMPTY,EMPTY,0.01
709.0,cctv1,C1_S003,G003,OCCUPIED,OCCUPIED,0.8386574233120139
709.0,cctv1,C1_S004,G004,OCCUPIED,OCCUPIED,0.7690633785995571
709.0,cctv1,C1_S005,G005,OCCUPIED,OCCUPIED,0.7785514235496521
709.0,cctv1,C1_S006,G006,EMPTY,EMPTY,0.01
709.0,cctv2,C2_S001,G007,OCCUPIED,OCCUPIED,0.6611140166539134
709.0,cctv2,C2_S002,G008,OCCUPIED,OCCUPIED,0.8231861604885622
709.0,cctv2,C2_S003,G009,EMPTY,MANEUVERING,0.2461713076721538
709.0,cctv2,C2_S004,G010,OCCUPIED,OCCUPIED,0.7754712881012397
709.0,cctv2,C2_S005,G001,EMPTY,EMPTY,0.01
709.0,cctv2,C2_S006,G003,OCCUPIED,OCCUPIED,0.8186716011979364
709.0,cctv2,C2_S007,G004,OCCUPIED,OCCUPIED,0.7838927632028407
709.0,cctv2,C2_S008,G006,OCCUPIED,OCCUPIED,0.76598279774189
709.0,cctv2,C2_S009,G005,OCCUPIED,OCCUPIED,0.8009350633079356
709.0,cctv2,C2_S010,G002,EMPTY,MANEUVERING,0.2857376904921098
709.0,cctv2,C2_S011,G017,OCCUPIED,LEAVING,0.7083793031627481
709.0,cctv2,C2_S012,G018,EMPTY,MANEUVERING,0.2573605703223835
709.0,cctv2,C2_S013,G019,OCCUPIED,LEAVING,0.7274153823337772
709.0,cctv2,C2_S014,G020,EMPTY,EMPTY,0.01
709.0,cctv3,C3_S001,G021,OCCUPIED,OCCUPIED,0.7986719998446379
709.0,cctv3,C3_S002,G019,EMPTY,EMPTY,0.01
709.0,cctv3,C3_S003,G020,OCCUPIED,OCCUPIED,0.7302882741798055
709.0,cctv3,C3_S004,G024,OCCUPIED,OCCUPIED,0.8281682913953609
709.0,cctv3,C3_S005,G025,OCCUPIED,OCCUPIED,0.8309406331994318
709.0,cctv3,C3_S006,G026,OCCUPIED,OCCUPIED,0.8252259698781101
709.0,cctv3,C3_S007,G027,OCCUPIED,LEAVING,0.7326398940181191
709.0,cctv3,C3_S008,G028,EMPTY,MANEUVERING,0.0840718571164391
709.0,cctv3,C3_S009,G029,EMPTY,MANEUVERING,0.2020943683589046
709.0,cctv3,C3_S010,G007,OCCUPIED,LEAVING,0.5681847329234535
709.0,cctv3,C3_S011,G008,OCCUPIED,OCCUPIED,0.7904003960165111
709.0,cctv3,C3_S012,G009,OCCUPIED,OCCUPIED,0.8247002504088663
710.0,cctv1,C1_S001,G001,OCCUPIED,OCCUPIED,0.7304803719913419
710.0,cctv1,C1_S002,G002,EMPTY,EMPTY,0.01
710.0,cctv1,C1_S003,G003,OCCUPIED,OCCUPIED,0.8385943101211029
710.0,cctv1,C1_S004,G004,OCCUPIED,OCCUPIED,0.77012922140685
710.0,cctv1,C1_S005,G005,OCCUPIED,LEAVING,0.7773146809502082
710.0,cctv1,C1_S006,G006,EMPTY,MANEUVERING,0.2569807870279659
710.0,cctv2,C2_S001,G007,OCCUPIED,OCCUPIED,0.7077280687111798
710.0,cctv2,C2_S002,G008,OCCUPIED,OCCUPIED,0.82292930402539
710.0,cctv2,C2_S003,G009,EMPTY,MANEUVERING,0.3236028971455313
710.0,cctv2,C2_S004,G010,OCCUPIED,OCCUPIED,0.7767067753455856
710.0,cctv2,C2_S005,G001,EMPTY,EMPTY,0.01
710.0,cctv2,C2_S006,G003,OCCUPIED,OCCUPIED,0.8187795341014863
710.0,cctv2,C2_S007,G004,OCCUPIED,OCCUPIED,0.7834682483564724
710.0,cctv2,C2_S008,G006,OCCUPIED,OCCUPIED,0.7668469863859091
710.0,cctv2,C2_S009,G005,OCCUPIED,OCCUPIED,0.8011885580691425
710.0,cctv2,C2_S010,G002,EMPTY,MANEUVERING,0.3824189948493783
710.0,cctv2,C2_S011,G017,OCCUPIED,LEAVING,0.6951511841741476
710.0,cctv2,C2_S012,G018,EMPTY,MANEUVERING,0.350028357180682
710.0,cctv2,C2_S013,G019,OCCUPIED,LEAVING,0.6339034153385597
710.0,cctv2,C2_S014,G020,EMPTY,EMPTY,0.01
710.0,cctv3,C3_S001,G021,OCCUPIED,OCCUPIED,0.7971215741200881
710.0,cctv3,C3_S002,G019,EMPTY,EMPTY,0.01
710.0,cctv3,C3_S003,G020,OCCUPIED,OCCUPIED,0.7324670763720166
710.0,cctv3,C3_S004,G024,OCCUPIED,OCCUPIED,0.8284142824736509
710.0,cctv3,C3_S005,G025,OCCUPIED,OCCUPIED,0.8306158575144682
710.0,cctv3,C3_S006,G026,OCCUPIED,OCCUPIED,0.8251270361922005
710.0,cctv3,C3_S007,G027,OCCUPIED,OCCUPIED,0.7321471161395312
710.0,cctv3,C3_S008,G028,EMPTY,MANEUVERING,0.0840718571164391
710.0,cctv3,C3_S009,G029,EMPTY,MANEUVERING,0.2020943683589046
710.0,cctv3,C3_S010,G007,OCCUPIED,LEAVING,0.51
710.0,cctv3,C3_S011,G008,OCCUPIED,OCCUPIED,0.790328226712617
710.0,cctv3,C3_S012,G009,OCCUPIED,OCCUPIED,0.8251542825590481
711.0,cctv1,C1_S001,G001,OCCUPIED,OCCUPIED,0.7341850791126491
711.0,cctv1,C1_S002,G002,EMPTY,EMPTY,0.01
711.0,cctv1,C1_S003,G003,OCCUPIED,OCCUPIED,0.838414094935764
711.0,cctv1,C1_S004,G004,OCCUPIED,OCCUPIED,0.7697925493121148
711.0,cctv1,C1_S005,G005,OCCUPIED,LEAVING,0.773769157041203
711.0,cctv1,C1_S006,G006,EMPTY,MANEUVERING,0.316429791145704
711.0,cctv2,C2_S001,G007,OCCUPIED,OCCUPIED,0.7062065220691941
711.0,cctv2,C2_S002,G008,OCCUPIED,OCCUPIED,0.821083768660372
711.0,cctv2,C2_S003,G009,EMPTY,MANEUVERING,0.3879500906440344
711.0,cctv2,C2_S004,G010,OCCUPIED,OCCUPIED,0.780246241119775
711.0,cctv2,C2_S005,G001,EMPTY,EMPTY,0.01
711.0,cctv2,C2_S006,G003,OCCUPIED,OCCUPIED,0.8187942456115377
711.0,cctv2,C2_S007,G004,OCCUPIED,OCCUPIED,0.7823205400596966
711.0,cctv2,C2_S008,G006,OCCUPIED,OCCUPIED,0.7681792916222052
711.0,cctv2,C2_S009,G005,OCCUPIED,OCCUPIED,0.8007969490506432
711.0,cctv2,C2_S010,G002,EMPTY,MANEUVERING,0.4749537761780348
711.0,cctv2,C2_S011,G017,OCCUPIED,LEAVING,0.6826510444283485
711.0,cctv2,C2_S012,G018,EMPTY,MANEUVERING,0.350028357180682
711.0,cctv2,C2_S013,G019,OCCUPIED,LEAVING,0.6280660612745719
711.0,cctv2,C2_S014,G020,EMPTY,EMPTY,0.01
711.0,cctv3,C3_S001,G021,OCCUPIED,OCCUPIED,0.7954936927015132
711.0,cctv3,C3_S002,G019,EMPTY,EMPTY,0.01
711.0,cctv3,C3_S003,G020,OCCUPIED,OCCUPIED,0.7330951907147061
711.0,cctv3,C3_S004,G024,OCCUPIED,OCCUPIED,0.82866582328623
711.0,cctv3,C3_S005,G025,OCCUPIED,OCCUPIED,0.8303123176097871
711.0,cctv3,C3_S006,G026,OCCUPIED,OCCUPIED,0.8251129172065041
711.0,cctv3,C3_S007,G027,OCCUPIED,OCCUPIED,0.7468310160393066
711.0,cctv3,C3_S008,G028,EMPTY,EMPTY,0.01
711.0,cctv3,C3_S009,G029,EMPTY,MANEUVERING,0.2053670956316319
711.0,cctv3,C3_S010,G007,OCCUPIED,LEAVING,0.51
711.0,cctv3,C3_S011,G008,OCCUPIED,OCCUPIED,0.7910064167597077
711.0,cctv3,C3_S012,G009,OCCUPIED,OCCUPIED,0.8246243950995533
712.0,cctv1,C1_S001,G001,OCCUPIED,OCCUPIED,0.735436055504463
712.0,cctv1,C1_S002,G002,EMPTY,EMPTY,0.01
712.0,cctv1,C1_S003,G003,OCCUPIED,OCCUPIED,0.8381290452046828
712.0,cctv1,C1_S004,G004,OCCUPIED,OCCUPIED,0.7722956704822455
712.0,cctv1,C1_S005,G005,OCCUPIED,LEAVING,0.775191848657348
712.0,cctv1,C1_S006,G006,EMPTY,MANEUVERING,0.276429791145704
712.0,cctv2,C2_S001,G007,OCCUPIED,OCCUPIED,0.7070750769792181
712.0,cctv2,C2_S002,G008,OCCUPIED,OCCUPIED,0.8205920945514333
712.0,cctv2,C2_S003,G009,EMPTY,MANEUVERING,0.3879500906440344
712.0,cctv2,C2_S004,G010,OCCUPIED,OCCUPIED,0.7844452169808476
712.0,cctv2,C2_S005,G001,EMPTY,EMPTY,0.01
712.0,cctv2,C2_S006,G003,OCCUPIED,OCCUPIED,0.8189311431212859
712.0,cctv2,C2_S007,G004,OCCUPIED,OCCUPIED,0.7834450334310532
712.0,cctv2,C2_S008,G006,OCCUPIED,OCCUPIED,0.7696756492961537
712.0,cctv2,C2_S009,G005,OCCUPIED,OCCUPIED,0.801329092816873
712.0,cctv2,C2_S010,G002,EMPTY,MANEUVERING,0.49
712.0,cctv2,C2_S011,G017,OCCUPIED,LEAVING,0.6699709052118388
712.0,cctv2,C2_S012,G018,EMPTY,MANEUVERING,0.3050283571806821
712.0,cctv2,C2_S013,G019,OCCUPIED,LEAVING,0.6681057577693101
712.0,cctv2,C2_S014,G020,EMPTY,EMPTY,0.01
712.0,cctv3,C3_S001,G021,OCCUPIED,OCCUPIED,0.7946071120825682
712.0,cctv3,C3_S002,G019,EMPTY,EMPTY,0.01
712.0,cctv3,C3_S003,G020,OCCUPIED,OCCUPIED,0.735048097263683
712.0,cctv3,C3_S004,G024,OCCUPIED,OCCUPIED,0.8289003962820227
712.0,cctv3,C3_S005,G025,OCCUPIED,OCCUPIED,0.829572864283215
712.0,cctv3,C3_S006,G026,OCCUPIED,OCCUPIED,0.8254187857562846
712.0,cctv3,C3_S007,G027,OCCUPIED,OCCUPIED,0.7475949961353433
712.0,cctv3,C3_S008,G028,EMPTY,EMPTY,0.01
712.0,cctv3,C3_S009,G029,EMPTY,MANEUVERING,0.1133136939711191
712.0,cctv3,C3_S010,G007,OCCUPIED,LEAVING,0.5844916953099045
712.0,cctv3,C3_S011,G008,OCCUPIED,OCCUPIED,0.7097823691774499
712.0,cctv3,C3_S012,G009,OCCUPIED,OCCUPIED,0.8251520278778943
713.0,cctv1,C1_S001,G001,OCCUPIED,OCCUPIED,0.7359938568350944
713.0,cctv1,C1_S002,G002,EMPTY,EMPTY,0.01
713.0,cctv1,C1_S003,G003,OCCUPIED,OCCUPIED,0.8377798573537307
713.0,cctv1,C1_S004,G004,OCCUPIED,OCCUPIED,0.7718800630081785
713.0,cctv1,C1_S005,G005,OCCUPIED,LEAVING,0.7755423946814104
713.0,cctv1,C1_S006,G006,EMPTY,MANEUVERING,0.256429791145704
713.0,cctv2,C2_S001,G007,OCCUPIED,OCCUPIED,0.7434974334050309
713.0,cctv2,C2_S002,G008,OCCUPIED,OCCUPIED,0.8219113536856392
713.0,cctv2,C2_S003,G009,EMPTY,MANEUVERING,0.4584311426295476
713.0,cctv2,C2_S004,G010,OCCUPIED,OCCUPIED,0.7849721962755377
713.0,cctv2,C2_S005,G001,EMPTY,EMPTY,0.01
713.0,cctv2,C2_S006,G003,OCCUPIED,OCCUPIED,0.8193326779387214
713.0,cctv2,C2_S007,G004,OCCUPIED,OCCUPIED,0.7851785922592337
713.0,cctv2,C2_S008,G006,OCCUPIED,OCCUPIED,0.7700926072218202
713.0,cctv2,C2_S009,G005,OCCUPIED,OCCUPIED,0.8011586173014208
713.0,cctv2,C2_S010,G002,EMPTY,MANEUVERING,0.49
713.0,cctv2,C2_S011,G017,OCCUPIED,OCCUPIED,0.7008676127141173
713.0,cctv2,C2_S012,G018,EMPTY,MANEUVERING,0.260028357180682
713.0,cctv2,C2_S013,G019,OCCUPIED,LEAVING,0.6699419950806734
713.0,cctv2,C2_S014,G020,EMPTY,EMPTY,0.01
713.0,cctv3,C3_S001,G021,OCCUPIED,OCCUPIED,0.7922886431217194
713.0,cctv3,C3_S002,G019,EMPTY,EMPTY,0.01
713.0,cctv3,C3_S003,G020,OCCUPIED,OCCUPIED,0.7810845090855252
713.0,cctv3,C3_S004,G024,OCCUPIED,OCCUPIED,0.8284268880432303
713.0,cctv3,C3_S005,G025,OCCUPIED,OCCUPIED,0.8290673719211059
713.0,cctv3,C3_S006,G026,OCCUPIED,OCCUPIED,0.8254222490570763
713.0,cctv3,C3_S007,G027,OCCUPIED,OCCUPIED,0.7479105409573426
713.0,cctv3,C3_S008,G028,EMPTY,EMPTY,0.01
713.0,cctv3,C3_S009,G029,EMPTY,MANEUVERING,0.1133136939711191
713.0,cctv3,C3_S010,G007,OCCUPIED,LEAVING,0.5862204594862733
713.0,cctv3,C3_S011,G008,OCCUPIED,OCCUPIED,0.7091043398190628
713.0,cctv3,C3_S012,G009,OCCUPIED,OCCUPIED,0.824701042066921
714.0,cctv1,C1_S001,G001,OCCUPIED,OCCUPIED,0.7366333078593016
714.0,cctv1,C1_S002,G002,EMPTY,EMPTY,0.01
714.0,cctv1,C1_S003,G003,OCCUPIED,OCCUPIED,0.8376998535611413
714.0,cctv1,C1_S004,G004,OCCUPIED,OCCUPIED,0.7727086059071802
714.0,cctv1,C1_S005,G005,OCCUPIED,LEAVING,0.7744157092137771
714.0,cctv1,C1_S006,G006,EMPTY,MANEUVERING,0.199429791145704
714.0,cctv2,C2_S001,G007,OCCUPIED,OCCUPIED,0.7449389852989804
714.0,cctv2,C2_S002,G008,OCCUPIED,OCCUPIED,0.8223091447895224
714.0,cctv2,C2_S003,G009,EMPTY,MANEUVERING,0.4556740016354756
714.0,cctv2,C2_S004,G010,OCCUPIED,OCCUPIED,0.7842514119364999
714.0,cctv2,C2_S005,G001,EMPTY,EMPTY,0.01
714.0,cctv2,C2_S006,G003,OCCUPIED,OCCUPIED,0.8197388554161246
714.0,cctv2,C2_S007,G004,OCCUPIED,OCCUPIED,0.7871775117787448
714.0,cctv2,C2_S008,G006,OCCUPIED,OCCUPIED,0.7704079687595368
714.0,cctv2,C2_S009,G005,OCCUPIED,OCCUPIED,0.8007342731410807
714.0,cctv2,C2_S010,G002,EMPTY,MANEUVERING,0.49
714.0,cctv2,C2_S011,G017,OCCUPIED,OCCUPIED,0.7492024940871573
714.0,cctv2,C2_S012,G018,EMPTY,MANEUVERING,0.215028357180682
714.0,cctv2,C2_S013,G019,OCCUPIED,LEAVING,0.7126935678088304
714.0,cctv2,C2_S014,G020,EMPTY,EMPTY,0.01
714.0,cctv3,C3_S001,G021,OCCUPIED,OCCUPIED,0.7913874111392282
714.0,cctv3,C3_S002,G019,EMPTY,EMPTY,0.01
714.0,cctv3,C3_S003,G020,OCCUPIED,OCCUPIED,0.7844093011726033
714.0,cctv3,C3_S004,G024,OCCUPIED,OCCUPIED,0.8286310773004186
714.0,cctv3,C3_S005,G025,OCCUPIED,OCCUPIED,0.8287964086640965
714.0,cctv3,C3_S006,G026,OCCUPIED,OCCUPIED,0.825297527963465
714.0,cctv3,C3_S007,G027,OCCUPIED,OCCUPIED,0.7499298050322316
714.0,cctv3,C3_S008,G028,EMPTY,EMPTY,0.01
714.0,cctv3,C3_S009,G029,EMPTY,MANEUVERING,0.2062691322090951
714.0,cctv3,C3_S010,G007,OCCUPIED,LEAVING,0.5413488003789605
714.0,cctv3,C3_S011,G008,OCCUPIED,OCCUPIED,0.7097779372740876
714.0,cctv3,C3_S012,G009,OCCUPIED,OCCUPIED,0.8249644414945083
715.0,cctv1,C1_S001,G001,OCCUPIED,OCCUPIED,0.7359524112194777
715.0,cctv1,C1_S002,G002,EMPTY,EMPTY,0.01
715.0,cctv1,C1_S003,G003,OCCUPIED,OCCUPIED,0.8374686829068445
715.0,cctv1,C1_S004,G004,OCCUPIED,OCCUPIED,0.7706199790943753
715.0,cctv1,C1_S005,G005,OCCUPIED,LEAVING,0.7706972897052765
715.0,cctv1,C1_S006,G006,EMPTY,MANEUVERING,0.146429791145704
715.0,cctv2,C2_S001,G007,OCCUPIED,OCCUPIED,0.7447978572953832
715.0,cctv2,C2_S002,G008,OCCUPIED,OCCUPIED,0.8225242668932136
715.0,cctv2,C2_S003,G009,EMPTY,MANEUVERING,0.4106740016354756
715.0,cctv2,C2_S004,G010,OCCUPIED,OCCUPIED,0.7834525232965297
715.0,cctv2,C2_S005,G001,EMPTY,EMPTY,0.01
715.0,cctv2,C2_S006,G003,OCCUPIED,OCCUPIED,0.8201008951122111
715.0,cctv2,C2_S007,G004,OCCUPIED,OCCUPIED,0.7887331800027327
715.0,cctv2,C2_S008,G006,OCCUPIED,OCCUPIED,0.7705507683483037
715.0,cctv2,C2_S009,G005,OCCUPIED,OCCUPIED,0.7983907686038452
715.0,cctv2,C2_S010,G002,EMPTY,MANEUVERING,0.49
715.0,cctv2,C2_S011,G017,OCCUPIED,OCCUPIED,0.7473314424265515
715.0,cctv2,C2_S012,G018,EMPTY,MANEUVERING,0.215028357180682
715.0,cctv2,C2_S013,G019,OCCUPIED,LEAVING,0.7105740047855811
715.0,cctv2,C2_S014,G020,EMPTY,EMPTY,0.01
715.0,cctv3,C3_S001,G021,OCCUPIED,OCCUPIED,0.790764631466432
715.0,cctv3,C3_S002,G019,EMPTY,EMPTY,0.01
715.0,cctv3,C3_S003,G020,OCCUPIED,OCCUPIED,0.7825314571369778
715.0,cctv3,C3_S004,G024,OCCUPIED,OCCUPIED,0.8286505420099606
715.0,cctv3,C3_S005,G025,OCCUPIED,OCCUPIED,0.8286255169998517
715.0,cctv3,C3_S006,G026,OCCUPIED,OCCUPIED,0.8251205411824314
715.0,cctv3,C3_S007,G027,OCCUPIED,OCCUPIED,0.7535630322992802
715.0,cctv3,C3_S008,G028,EMPTY,EMPTY,0.01
715.0,cctv3,C3_S009,G029,EMPTY,MANEUVERING,0.1618737816146828
715.0,cctv3,C3_S010,G007,OCCUPIED,LEAVING,0.591668018731204
715.0,cctv3,C3_S011,G008,OCCUPIED,OCCUPIED,0.7116894859481941
715.0,cctv3,C3_S012,G009,OCCUPIED,OCCUPIED,0.8251465488563885
716.0,cctv1,C1_S001,G001,OCCUPIED,OCCUPIED,0.7369847505946052
716.0,cctv1,C1_S002,G002,EMPTY,EMPTY,0.01
716.0,cctv1,C1_S003,G003,OCCUPIED,OCCUPIED,0.8371907052668659
716.0,cctv1,C1_S004,G004,OCCUPIED,OCCUPIED,0.7727085295048628
716.0,cctv1,C1_S005,G005,OCCUPIED,LEAVING,0.7680772433226759
716.0,cctv1,C1_S006,G006,EMPTY,MANEUVERING,0.1407155054314183
716.0,cctv2,C2_S001,G007,OCCUPIED,OCCUPIED,0.7466600278426301
716.0,cctv2,C2_S002,G008,OCCUPIED,OCCUPIED,0.8234530345960097
716.0,cctv2,C2_S003,G009,EMPTY,MANEUVERING,0.4106740016354756
716.0,cctv2,C2_S004,G010,OCCUPIED,OCCUPIED,0.7849958497014913
716.0,cctv2,C2_S005,G001,EMPTY,EMPTY,0.01
716.0,cctv2,C2_S006,G003,OCCUPIED,OCCUPIED,0.820151375098662
716.0,cctv2,C2_S007,G004,OCCUPIED,OCCUPIED,0.7902384608983994
716.0,cctv2,C2_S008,G006,OCCUPIED,OCCUPIED,0.7699330125342716
716.0,cctv2,C2_S009,G005,OCCUPIED,OCCUPIED,0.7959109005602925
716.0,cctv2,C2_S010,G002,EMPTY,MANEUVERING,0.49
716.0,cctv2,C2_S011,G017,OCCUPIED,OCCUPIED,0.74716623275569
716.0,cctv2,C2_S012,G018,EMPTY,MANEUVERING,0.215028357180682
716.0,cctv2,C2_S013,G019,OCCUPIED,LEAVING,0.7107243743900097
716.0,cctv2,C2_S014,G020,EMPTY,EMPTY,0.01
716.0,cctv3,C3_S001,G021,OCCUPIED,OCCUPIED,0.79018715755506
716.0,cctv3,C3_S002,G019,EMPTY,EMPTY,0.01
716.0,cctv3,C3_S003,G020,OCCUPIED,LEAVING,0.7793181161988866
716.0,cctv3,C3_S004,G024,OCCUPIED,OCCUPIED,0.8286453141407534
716.0,cctv3,C3_S005,G025,OCCUPIED,OCCUPIED,0.8285461236130108
716.0,cctv3,C3_S006,G026,OCCUPIED,OCCUPIED,0.8248915886337107
716.0,cctv3,C3_S007,G027,OCCUPIED,OCCUPIED,0.755068051069975
716.0,cctv3,C3_S008,G028,EMPTY,MANEUVERING,0.2090462222661484
716.0,cctv3,C3_S009,G029,EMPTY,MANEUVERING,0.2536204285296527
716.0,cctv3,C3_S010,G007,OCCUPIED,LEAVING,0.51
716.0,cctv3,C3_S011,G008,OCCUPIED,OCCUPIED,0.7572191971946847
716.0,cctv3,C3_S012,G009,OCCUPIED,OCCUPIED,0.8247748889706352
717.0,cctv1,C1_S001,G001,OCCUPIED,OCCUPIED,0.7378221654079178
717.0,cctv1,C1_S002,G002,EMPTY,EMPTY,0.01
717.0,cctv1,C1_S003,G003,OCCUPIED,OCCUPIED,0.8371701286597686
717.0,cctv1,C1_S004,G004,OCCUPIED,OCCUPIED,0.7754974327304147
717.0,cctv1,C1_S005,G005,OCCUPIED,OCCUPIED,0.7358939422531562
717.0,cctv1,C1_S006,G006,EMPTY,MANEUVERING,0.136429791145704
717.0,cctv2,C2_S001,G007,OCCUPIED,OCCUPIED,0.7826158598065377
717.0,cctv2,C2_S002,G008,OCCUPIED,OCCUPIED,0.8240793458440088
717.0,cctv2,C2_S003,G009,EMPTY,MANEUVERING,0.3656740016354756
717.0,cctv2,C2_S004,G010,OCCUPIED,OCCUPIED,0.7880489338528027
717.0,cctv2,C2_S005,G001,EMPTY,EMPTY,0.01
717.0,cctv2,C2_S006,G003,OCCUPIED,OCCUPIED,0.8204405928199943
717.0,cctv2,C2_S007,G004,OCCUPIED,OCCUPIED,0.7916377156972886
717.0,cctv2,C2_S008,G006,OCCUPIED,OCCUPIED,0.7708910061554476
717.0,cctv2,C2_S009,G005,OCCUPIED,OCCUPIED,0.79374094795097
717.0,cctv2,C2_S010,G002,EMPTY,MANEUVERING,0.49
717.0,cctv2,C2_S011,G017,OCCUPIED,OCCUPIED,0.7457225481380116
717.0,cctv2,C2_S012,G018,EMPTY,MANEUVERING,0.215028357180682
717.0,cctv2,C2_S013,G019,OCCUPIED,LEAVING,0.7083365854982174
717.0,cctv2,C2_S014,G020,EMPTY,EMPTY,0.01
717.0,cctv3,C3_S001,G021,OCCUPIED,OCCUPIED,0.7902512054551732
717.0,cctv3,C3_S002,G019,EMPTY,EMPTY,0.01
717.0,cctv3,C3_S003,G020,OCCUPIED,LEAVING,0.7808435626734387
717.0,cctv3,C3_S004,G024,OCCUPIED,OCCUPIED,0.8286911823532799
717.0,cctv3,C3_S005,G025,OCCUPIED,OCCUPIED,0.8283462543379178
717.0,cctv3,C3_S006,G026,OCCUPIED,OCCUPIED,0.8249242636290464
717.0,cctv3,C3_S007,G027,OCCUPIED,OCCUPIED,0.757421329211105
717.0,cctv3,C3_S008,G028,EMPTY,MANEUVERING,0.2090462222661484
717.0,cctv3,C3_S009,G029,EMPTY,MANEUVERING,0.2536204285296527
717.0,cctv3,C3_S010,G007,OCCUPIED,LEAVING,0.51
717.0,cctv3,C3_S011,G008,OCCUPIED,OCCUPIED,0.7569494080949913
717.0,cctv3,C3_S012,G009,OCCUPIED,OCCUPIED,0.8241546549580314
718.0,cctv1,C1_S001,G001,OCCUPIED,OCCUPIED,0.7355787288058888
718.0,cctv1,C1_S002,G002,EMPTY,EMPTY,0.01
718.0,cctv1,C1_S003,G003,OCCUPIED,OCCUPIED,0.8369296645576304
718.0,cctv1,C1_S004,G004,OCCUPIED,OCCUPIED,0.7761753716252068
718.0,cctv1,C1_S005,G005,OCCUPIED,OCCUPIED,0.7222478387572548
718.0,cctv1,C1_S006,G006,EMPTY,MANEUVERING,0.2269328433546153
718.0,cctv2,C2_S001,G007,OCCUPIED,OCCUPIED,0.7813648685812951
718.0,cctv2,C2_S002,G008,OCCUPIED,OCCUPIED,0.8234668715433642
718.0,cctv2,C2_S003,G009,EMPTY,MANEUVERING,0.3984610577875918
718.0,cctv2,C2_S004,G010,OCCUPIED,OCCUPIED,0.7879837074063042
718.0,cctv2,C2_S005,G001,EMPTY,EMPTY,0.01
718.0,cctv2,C2_S006,G003,OCCUPIED,OCCUPIED,0.8204224919730967
718.0,cctv2,C2_S007,G004,OCCUPIED,OCCUPIED,0.7931634618477389
718.0,cctv2,C2_S008,G006,OCCUPIED,OCCUPIED,0.7716505219990557
718.0,cctv2,C2_S009,G005,OCCUPIED,OCCUPIED,0.7924897933548147
718.0,cctv2,C2_S010,G002,EMPTY,MANEUVERING,0.49
718.0,cctv2,C2_S011,G017,OCCUPIED,OCCUPIED,0.7450771640918472
718.0,cctv2,C2_S012,G018,EMPTY,MANEUVERING,0.215028357180682
718.0,cctv2,C2_S013,G019,OCCUPIED,LEAVING,0.7010954948627588
718.0,cctv2,C2_S014,G020,EMPTY,EMPTY,0.01
718.0,cctv3,C3_S001,G021,OCCUPIED,OCCUPIED,0.7891214988448404
718.0,cctv3,C3_S002,G019,EMPTY,EMPTY,0.01
718.0,cctv3,C3_S003,G020,OCCUPIED,LEAVING,0.7814436291564595
718.0,cctv3,C3_S004,G024,OCCUPIED,OCCUPIED,0.8282819130203941
718.0,cctv3,C3_S005,G025,OCCUPIED,OCCUPIED,0.8280636405402965
718.0,cctv3,C3_S006,G026,OCCUPIED,OCCUPIED,0.8250885212963278
718.0,cctv3,C3_S007,G027,OCCUPIED,OCCUPIED,0.7572579591111704
718.0,cctv3,C3_S008,G028,EMPTY,MANEUVERING,0.2090462222661484
718.0,cctv3,C3_S009,G029,EMPTY,MANEUVERING,0.2086204285296526
718.0,cctv3,C3_S010,G007,OCCUPIED,LEAVING,0.550312488096875
718.0,cctv3,C3_S011,G008,OCCUPIED,OCCUPIED,0.7601157643307339
718.0,cctv3,C3_S012,G009,OCCUPIED,OCCUPIED,0.8239173916253177
719.0,cctv1,C1_S001,G001,OCCUPIED,OCCUPIED,0.7341493351215667
719.0,cctv1,C1_S002,G002,EMPTY,EMPTY,0.01
719.0,cctv1,C1_S003,G003,OCCUPIED,OCCUPIED,0.8368704462593253
719.0,cctv1,C1_S004,G004,OCCUPIED,OCCUPIED,0.7766307928345421
719.0,cctv1,C1_S005,G005,OCCUPIED,OCCUPIED,0.711995431385257
719.0,cctv1,C1_S006,G006,EMPTY,MANEUVERING,0.3142539872391657
719.0,cctv2,C2_S001,G007,OCCUPIED,OCCUPIED,0.7810247364369306
719.0,cctv2,C2_S002,G008,OCCUPIED,OCCUPIED,0.8224068219011481
719.0,cctv2,C2_S003,G009,EMPTY,MANEUVERING,0.3984610577875918
719.0,cctv2,C2_S004,G010,OCCUPIED,OCCUPIED,0.7836298989978704
719.0,cctv2,C2_S005,G001,EMPTY,EMPTY,0.01
719.0,cctv2,C2_S006,G003,OCCUPIED,OCCUPIED,0.82060196751898
719.0,cctv2,C2_S007,G004,OCCUPIED,OCCUPIED,0.7947189073670995
719.0,cctv2,C2_S008,G006,OCCUPIED,OCCUPIED,0.7724767069924963
719.0,cctv2,C2_S009,G005,OCCUPIED,OCCUPIED,0.7907552453604612
719.0,cctv2,C2_S010,G002,EMPTY,MANEUVERING,0.49
719.0,cctv2,C2_S011,G017,OCCUPIED,OCCUPIED,0.7440835916183213
719.0,cctv2,C2_S012,G018,EMPTY,MANEUVERING,0.1717024319280277
719.0,cctv2,C2_S013,G019,OCCUPIED,LEAVING,0.7466836749694565
719.0,cctv2,C2_S014,G020,EMPTY,EMPTY,0.01
719.0,cctv3,C3_S001,G021,OCCUPIED,OCCUPIED,0.7884612121365288
719.0,cctv3,C3_S002,G019,EMPTY,EMPTY,0.01
719.0,cctv3,C3_S003,G020,OCCUPIED,LEAVING,0.7811269523609768
719.0,cctv3,C3_S004,G024,OCCUPIED,OCCUPIED,0.8279489029537548
719.0,cctv3,C3_S005,G025,OCCUPIED,OCCUPIED,0.8280716286464171
719.0,cctv3,C3_S006,G026,OCCUPIED,OCCUPIED,0.8252272337675095
719.0,cctv3,C3_S007,G027,OCCUPIED,OCCUPIED,0.7578223576599902
719.0,cctv3,C3_S008,G028,EMPTY,MANEUVERING,0.2090462222661484
719.0,cctv3,C3_S009,G029,EMPTY,MANEUVERING,0.1570559564314105
719.0,cctv3,C3_S010,G007,OCCUPIED,LEAVING,0.598724675397304
719.0,cctv3,C3_S011,G008,OCCUPIED,OCCUPIED,0.7618066128004681
719.0,cctv3,C3_S012,G009,OCCUPIED,OCCUPIED,0.8252363622188569
720.0,cctv1,C1_S001,G001,OCCUPIED,OCCUPIED,0.7339599089866335
720.0,cctv1,C1_S002,G002,EMPTY,EMPTY,0.01
720.0,cctv1,C1_S003,G003,OCCUPIED,OCCUPIED,0.8368060496720402
720.0,cctv1,C1_S004,G004,OCCUPIED,OCCUPIED,0.7756304963068529
720.0,cctv1,C1_S005,G005,OCCUPIED,OCCUPIED,0.7094879605661739
720.0,cctv1,C1_S006,G006,EMPTY,MANEUVERING,0.3142539872391657
720.0,cctv2,C2_S001,G007,OCCUPIED,OCCUPIED,0.7803038383072074
720.0,cctv2,C2_S002,G008,OCCUPIED,OCCUPIED,0.821447403864427
720.0,cctv2,C2_S003,G009,EMPTY,MANEUVERING,0.3984610577875918
720.0,cctv2,C2_S004,G010,OCCUPIED,OCCUPIED,0.7789932658726519
720.0,cctv2,C2_S005,G001,EMPTY,EMPTY,0.01
720.0,cctv2,C2_S006,G003,OCCUPIED,OCCUPIED,0.8207900562069633
720.0,cctv2,C2_S007,G004,OCCUPIED,OCCUPIED,0.797156047821045
720.0,cctv2,C2_S008,G006,OCCUPIED,OCCUPIED,0.7741023365746845
720.0,cctv2,C2_S009,G005,OCCUPIED,OCCUPIED,0.7901029240001333
720.0,cctv2,C2_S010,G002,OCCUPIED,OCCUPIED,0.8022168089043011
720.0,cctv2,C2_S011,G017,OCCUPIED,OCCUPIED,0.7914888035167348
720.0,cctv2,C2_S012,G018,EMPTY,MANEUVERING,0.132182112715461
720.0,cctv2,C2_S013,G019,OCCUPIED,OCCUPIED,0.7498374149880627
720.0,cctv2,C2_S014,G020,EMPTY,EMPTY,0.01
720.0,cctv3,C3_S001,G021,OCCUPIED,OCCUPIED,0.7889936915852808
720.0,cctv3,C3_S002,G019,EMPTY,EMPTY,0.01
720.0,cctv3,C3_S003,G020,OCCUPIED,LEAVING,0.8186617217280648
720.0,cctv3,C3_S004,G024,OCCUPIED,OCCUPIED,0.8279803636399183
720.0,cctv3,C3_S005,G025,OCCUPIED,OCCUPIED,0.8283042119307952
720.0,cctv3,C3_S006,G026,OCCUPIED,OCCUPIED,0.8256575844504617
720.0,cctv3,C3_S007,G027,OCCUPIED,OCCUPIED,0.7589828889478337
720.0,cctv3,C3_S008,G028,EMPTY,MANEUVERING,0.1640462222661484
720.0,cctv3,C3_S009,G029,EMPTY,MANEUVERING,0.1120559564314105
720.0,cctv3,C3_S010,G007,OCCUPIED,LEAVING,0.6489992260140451
720.0,cctv3,C3_S011,G008,OCCUPIED,OCCUPIED,0.7637834705818783
720.0,cctv3,C3_S012,G009,OCCUPIED,OCCUPIED,0.8255214086987757
721.0,cctv1,C1_S001,G001,OCCUPIED,OCCUPIED,0.7323090381920339
721.0,cctv1,C1_S002,G002,EMPTY,EMPTY,0.01
721.0,cctv1,C1_S003,G003,OCCUPIED,OCCUPIED,0.8367619931697846
721.0,cctv1,C1_S004,G004,OCCUPIED,OCCUPIED,0.7757001036947424
721.0,cctv1,C1_S005,G005,OCCUPIED,OCCUPIED,0.7123966687213291
721.0,cctv1,C1_S006,G006,EMPTY,MANEUVERING,0.2696177812489596
721.0,cctv2,C2_S001,G007,OCCUPIED,OCCUPIED,0.7785479277372361
721.0,cctv2,C2_S002,G008,OCCUPIED,OCCUPIED,0.8206261521035976
721.0,cctv2,C2_S003,G009,EMPTY,MANEUVERING,0.4310147930139845
721.0,cctv2,C2_S004,G010,OCCUPIED,OCCUPIED,0.7758356349034743
721.0,cctv2,C2_S005,G001,EMPTY,EMPTY,0.01
721.0,cctv2,C2_S006,G003,OCCUPIED,OCCUPIED,0.82081024592573
721.0,cctv2,C2_S007,G004,OCCUPIED,OCCUPIED,0.799053045836362
721.0,cctv2,C2_S008,G006,OCCUPIED,OCCUPIED,0.7744281469420954
721.0,cctv2,C2_S009,G005,OCCUPIED,OCCUPIED,0.7901044723662464
721.0,cctv2,C2_S010,G002,OCCUPIED,OCCUPIED,0.8008118881420656
721.0,cctv2,C2_S011,G017,OCCUPIED,OCCUPIED,0.7917425746267492
721.0,cctv2,C2_S012,G018,EMPTY,EMPTY,0.01
721.0,cctv2,C2_S013,G019,OCCUPIED,OCCUPIED,0.7959471904418686
721.0,cctv2,C2_S014,G020,EMPTY,EMPTY,0.01
721.0,cctv3,C3_S001,G021,OCCUPIED,OCCUPIED,0.7883703795346347
721.0,cctv3,C3_S002,G019,EMPTY,EMPTY,0.01
721.0,cctv3,C3_S003,G020,OCCUPIED,LEAVING,0.8185052205215801
721.0,cctv3,C3_S004,G024,OCCUPIED,OCCUPIED,0.8275844712149014
721.0,cctv3,C3_S005,G025,OCCUPIED,OCCUPIED,0.8285108168016782
721.0,cctv3,C3_S006,G026,OCCUPIED,OCCUPIED,0.8259978665546939
721.0,cctv3,C3_S007,G027,OCCUPIED,OCCUPIED,0.7604613546620717
721.0,cctv3,C3_S008,G028,EMPTY,MANEUVERING,0.1040462222661484
721.0,cctv3,C3_S009,G029,EMPTY,MANEUVERING,0.1910906441184607
721.0,cctv3,C3_S010,G007,OCCUPIED,LEAVING,0.6039992260140452
721.0,cctv3,C3_S011,G008,OCCUPIED,OCCUPIED,0.7666090320457112
721.0,cctv3,C3_S012,G009,OCCUPIED,OCCUPIED,0.8250754857605155
722.0,cctv1,C1_S001,G001,OCCUPIED,OCCUPIED,0.729064157808369
722.0,cctv1,C1_S002,G002,EMPTY,EMPTY,0.01
722.0,cctv1,C1_S003,G003,OCCUPIED,OCCUPIED,0.836803130128167
722.0,cctv1,C1_S004,G004,OCCUPIED,OCCUPIED,0.7771708665923639
722.0,cctv1,C1_S005,G005,OCCUPIED,OCCUPIED,0.7127570470734076
722.0,cctv1,C1_S006,G006,EMPTY,MANEUVERING,0.193623637878082
722.0,cctv2,C2_S001,G007,OCCUPIED,OCCUPIED,0.7809884924780239
722.0,cctv2,C2_S002,G008,OCCUPIED,OCCUPIED,0.8232195125384765
722.0,cctv2,C2_S003,G009,EMPTY,MANEUVERING,0.4300790865177458
722.0,cctv2,C2_S004,G010,OCCUPIED,OCCUPIED,0.7741885960102082
722.0,cctv2,C2_S005,G001,EMPTY,EMPTY,0.01
722.0,cctv2,C2_S006,G003,OCCUPIED,OCCUPIED,0.8208367144519633
722.0,cctv2,C2_S007,G004,OCCUPIED,OCCUPIED,0.8014966626058926
722.0,cctv2,C2_S008,G006,OCCUPIED,OCCUPIED,0.7741263789209454
722.0,cctv2,C2_S009,G005,OCCUPIED,OCCUPIED,0.7906789259477096
722.0,cctv2,C2_S010,G002,OCCUPIED,OCCUPIED,0.7079554467580536
722.0,cctv2,C2_S011,G017,OCCUPIED,LEAVING,0.7925363670695913
722.0,cctv2,C2_S012,G018,EMPTY,MANEUVERING,0.1876828447797081
722.0,cctv2,C2_S013,G019,OCCUPIED,LEAVING,0.7052461434087971
722.0,cctv2,C2_S014,G020,EMPTY,EMPTY,0.01
722.0,cctv3,C3_S001,G021,OCCUPIED,OCCUPIED,0.7891387430104343
722.0,cctv3,C3_S002,G019,EMPTY,EMPTY,0.01
722.0,cctv3,C3_S003,G020,OCCUPIED,LEAVING,0.8188796918500554
722.0,cctv3,C3_S004,G024,OCCUPIED,OCCUPIED,0.8278737482699482
722.0,cctv3,C3_S005,G025,OCCUPIED,OCCUPIED,0.8285439388318496
722.0,cctv3,C3_S006,G026,OCCUPIED,OCCUPIED,0.8260958988558162
722.0,cctv3,C3_S007,G027,OCCUPIED,OCCUPIED,0.7621616683223031
722.0,cctv3,C3_S008,G028,EMPTY,MANEUVERING,0.0840462222661484
722.0,cctv3,C3_S009,G029,EMPTY,MANEUVERING,0.2724468404254453
722.0,cctv3,C3_S010,G007,OCCUPIED,LEAVING,0.5250679983930154
722.0,cctv3,C3_S011,G008,OCCUPIED,OCCUPIED,0.767398085187782
722.0,cctv3,C3_S012,G009,OCCUPIED,OCCUPIED,0.8254791671579536
723.0,cctv1,C1_S001,G001,OCCUPIED,OCCUPIED,0.7277349025688389
723.0,cctv1,C1_S002,G002,EMPTY,EMPTY,0.01
723.0,cctv1,C1_S003,G003,OCCUPIED,OCCUPIED,0.8368782937526703
723.0,cctv1,C1_S004,G004,OCCUPIED,OCCUPIED,0.7743970963087949
723.0,cctv1,C1_S005,G005,OCCUPIED,OCCUPIED,0.7565944322130898
723.0,cctv1,C1_S006,G006,EMPTY,MANEUVERING,0.2315894020172682
723.0,cctv2,C2_S001,G007,OCCUPIED,OCCUPIED,0.7808973802761598
723.0,cctv2,C2_S002,G008,OCCUPIED,OCCUPIED,0.8231604584238746
723.0,cctv2,C2_S003,G009,EMPTY,MANEUVERING,0.49
723.0,cctv2,C2_S004,G010,OCCUPIED,OCCUPIED,0.7703347594900565
723.0,cctv2,C2_S005,G001,EMPTY,EMPTY,0.01
723.0,cctv2,C2_S006,G003,OCCUPIED,OCCUPIED,0.8204720730131323
723.0,cctv2,C2_S007,G004,OCCUPIED,OCCUPIED,0.8029185975139792
723.0,cctv2,C2_S008,G006,OCCUPIED,OCCUPIED,0.7755802109837533
723.0,cctv2,C2_S009,G005,OCCUPIED,OCCUPIED,0.7893474148078399
723.0,cctv2,C2_S010,G002,OCCUPIED,LEAVING,0.7064320754192093
723.0,cctv2,C2_S011,G017,OCCUPIED,LEAVING,0.7918415741486984
723.0,cctv2,C2_S012,G018,EMPTY,MANEUVERING,0.1876828447797081
723.0,cctv2,C2_S013,G019,OCCUPIED,LEAVING,0.7063497892699458
723.0,cctv2,C2_S014,G020,EMPTY,EMPTY,0.01
723.0,cctv3,C3_S001,G021,OCCUPIED,OCCUPIED,0.7883810279044239
723.0,cctv3,C3_S002,G019,EMPTY,EMPTY,0.01
723.0,cctv3,C3_S003,G020,OCCUPIED,LEAVING,0.8188249040733685
723.0,cctv3,C3_S004,G024,OCCUPIED,OCCUPIED,0.8277107496153225
723.0,cctv3,C3_S005,G025,OCCUPIED,OCCUPIED,0.829182609373873
723.0,cctv3,C3_S006,G026,OCCUPIED,OCCUPIED,0.8261565574190834
723.0,cctv3,C3_S007,G027,OCCUPIED,OCCUPIED,0.7623401242223653
723.0,cctv3,C3_S008,G028,EMPTY,MANEUVERING,0.0840462222661484
723.0,cctv3,C3_S009,G029,EMPTY,MANEUVERING,0.2751135070921119
723.0,cctv3,C3_S010,G007,OCCUPIED,LEAVING,0.5215625206693942
723.0,cctv3,C3_S011,G008,OCCUPIED,OCCUPIED,0.8047360826622356
723.0,cctv3,C3_S012,G009,OCCUPIED,OCCUPIED,0.8251163918863644
724.0,cctv1,C1_S001,G001,OCCUPIED,OCCUPIED,0.7277500737119805
724.0,cctv1,C1_S002,G002,EMPTY,EMPTY,0.01
724.0,cctv1,C1_S003,G003,OCCUPIED,OCCUPIED,0.8369720182635568
724.0,cctv1,C1_S004,G004,OCCUPIED,OCCUPIED,0.7748445476997983
724.0,cctv1,C1_S005,G005,OCCUPIED,OCCUPIED,0.756479750302705
724.0,cctv1,C1_S006,G006,EMPTY,MANEUVERING,0.2315894020172682
724.0,cctv2,C2_S001,G007,OCCUPIED,OCCUPIED,0.7820212876254863
724.0,cctv2,C2_S002,G008,OCCUPIED,OCCUPIED,0.8230655009096319
724.0,cctv2,C2_S003,G009,EMPTY,MANEUVERING,0.49
724.0,cctv2,C2_S004,G010,OCCUPIED,OCCUPIED,0.770623335919597
724.0,cctv2,C2_S005,G001,EMPTY,EMPTY,0.01
724.0,cctv2,C2_S006,G003,OCCUPIED,OCCUPIED,0.8201390816406771
724.0,cctv2,C2_S007,G004,OCCUPIED,OCCUPIED,0.803304816105149
724.0,cctv2,C2_S008,G006,OCCUPIED,OCCUPIED,0.7762972581115637
724.0,cctv2,C2_S009,G005,OCCUPIED,OCCUPIED,0.7885549447753213
724.0,cctv2,C2_S010,G002,OCCUPIED,LEAVING,0.7069740041277626
724.0,cctv2,C2_S011,G017,OCCUPIED,LEAVING,0.79328794316812
724.0,cctv2,C2_S012,G018,EMPTY,MANEUVERING,0.1876828447797081
724.0,cctv2,C2_S013,G019,OCCUPIED,LEAVING,0.704900696345351
724.0,cctv2,C2_S014,G020,EMPTY,EMPTY,0.01
724.0,cctv3,C3_S001,G021,OCCUPIED,OCCUPIED,0.7893987726081502
724.0,cctv3,C3_S002,G019,EMPTY,EMPTY,0.01
724.0,cctv3,C3_S003,G020,OCCUPIED,LEAVING,0.8186227142810822
724.0,cctv3,C3_S004,G024,OCCUPIED,OCCUPIED,0.8281294448809191
724.0,cctv3,C3_S005,G025,OCCUPIED,OCCUPIED,0.8296580707485026
724.0,cctv3,C3_S006,G026,OCCUPIED,OCCUPIED,0.8264549612998963
724.0,cctv3,C3_S007,G027,OCCUPIED,OCCUPIED,0.7642346359112047
724.0,cctv3,C3_S008,G028,EMPTY,MANEUVERING,0.0740462222661484
724.0,cctv3,C3_S009,G029,EMPTY,MANEUVERING,0.4188832388648933
724.0,cctv3,C3_S010,G007,OCCUPIED,LEAVING,0.51
724.0,cctv3,C3_S011,G008,OCCUPIED,OCCUPIED,0.8054259484464472
724.0,cctv3,C3_S012,G009,OCCUPIED,OCCUPIED,0.8249407478354195
725.0,cctv1,C1_S001,G001,OCCUPIED,OCCUPIED,0.7281869657337666
725.0,cctv1,C1_S002,G002,EMPTY,EMPTY,0.01
725.0,cctv1,C1_S003,G003,OCCUPIED,OCCUPIED,0.83694750206037
725.0,cctv1,C1_S004,G004,OCCUPIED,OCCUPIED,0.7734758152203127
725.0,cctv1,C1_S005,G005,OCCUPIED,OCCUPIED,0.7546391961249439
725.0,cctv1,C1_S006,G006,EMPTY,MANEUVERING,0.3230763923911885
725.0,cctv2,C2_S001,G007,OCCUPIED,OCCUPIED,0.7818074326623571
725.0,cctv2,C2_S002,G008,OCCUPIED,OCCUPIED,0.8228930950164796
725.0,cctv2,C2_S003,G009,EMPTY,MANEUVERING,0.49
725.0,cctv2,C2_S004,G010,OCCUPIED,OCCUPIED,0.7705272758548911
725.0,cctv2,C2_S005,G001,EMPTY,EMPTY,0.01
725.0,cctv2,C2_S006,G003,OCCUPIED,OCCUPIED,0.8199449051510205
725.0,cctv2,C2_S007,G004,OCCUPIED,OCCUPIED,0.8034038879654625
725.0,cctv2,C2_S008,G006,OCCUPIED,OCCUPIED,0.777411178702658
725.0,cctv2,C2_S009,G005,OCCUPIED,OCCUPIED,0.7891730891032653
725.0,cctv2,C2_S010,G002,OCCUPIED,LEAVING,0.7046804865381935
725.0,cctv2,C2_S011,G017,OCCUPIED,LEAVING,0.7924921569499104
725.0,cctv2,C2_S012,G018,EMPTY,MANEUVERING,0.1876828447797081
725.0,cctv2,C2_S013,G019,OCCUPIED,LEAVING,0.7044620264253834
725.0,cctv2,C2_S014,G020,EMPTY,EMPTY,0.01
725.0,cctv3,C3_S001,G021,OCCUPIED,OCCUPIED,0.7897640309550547
725.0,cctv3,C3_S002,G019,EMPTY,EMPTY,0.01
725.0,cctv3,C3_S003,G020,OCCUPIED,LEAVING,0.8194280304692009
725.0,cctv3,C3_S004,G024,OCCUPIED,OCCUPIED,0.8278260228308765
725.0,cctv3,C3_S005,G025,OCCUPIED,OCCUPIED,0.8297809923237021
725.0,cctv3,C3_S006,G026,OCCUPIED,OCCUPIED,0.8267637185075067
725.0,cctv3,C3_S007,G027,OCCUPIED,OCCUPIED,0.7647882227193226
725.0,cctv3,C3_S008,G028,EMPTY,MANEUVERING,0.0740462222661484
725.0,cctv3,C3_S009,G029,EMPTY,MANEUVERING,0.3366954100462184
725.0,cctv3,C3_S010,G007,OCCUPIED,LEAVING,0.5320375700004689
725.0,cctv3,C3_S011,G008,OCCUPIED,OCCUPIED,0.8058199747042223
725.0,cctv3,C3_S012,G009,OCCUPIED,OCCUPIED,0.824792845140804
726.0,cctv1,C1_S001,G001,OCCUPIED,OCCUPIED,0.7292904813858596
726.0,cctv1,C1_S002,G002,EMPTY,EMPTY,0.01
726.0,cctv1,C1_S003,G003,OCCUPIED,OCCUPIED,0.8370358897881075
726.0,cctv1,C1_S004,G004,OCCUPIED,OCCUPIED,0.7745728675614705
726.0,cctv1,C1_S005,G005,OCCUPIED,OCCUPIED,0.7552497693083504
726.0,cctv1,C1_S006,G006,EMPTY,MANEUVERING,0.3230763923911885
726.0,cctv2,C2_S001,G007,OCCUPIED,OCCUPIED,0.7827993533828043
726.0,cctv2,C2_S002,G008,OCCUPIED,OCCUPIED,0.8207896205511961
726.0,cctv2,C2_S003,G009,EMPTY,MANEUVERING,0.49
726.0,cctv2,C2_S004,G010,OCCUPIED,OCCUPIED,0.7693464955145664
726.0,cctv2,C2_S005,G001,EMPTY,EMPTY,0.01
726.0,cctv2,C2_S006,G003,OCCUPIED,OCCUPIED,0.8200718321583489
726.0,cctv2,C2_S007,G004,OCCUPIED,OCCUPIED,0.8042517805641348
726.0,cctv2,C2_S008,G006,OCCUPIED,OCCUPIED,0.7794461206956343
726.0,cctv2,C2_S009,G005,OCCUPIED,OCCUPIED,0.7899515214291486
726.0,cctv2,C2_S010,G002,OCCUPIED,LEAVING,0.7509436076066711
726.0,cctv2,C2_S011,G017,OCCUPIED,LEAVING,0.7936700709841469
726.0,cctv2,C2_S012,G018,EMPTY,MANEUVERING,0.1426828447797081
726.0,cctv2,C2_S013,G019,OCCUPIED,LEAVING,0.7493203700266102
726.0,cctv2,C2_S014,G020,EMPTY,EMPTY,0.01
726.0,cctv3,C3_S001,G021,OCCUPIED,OCCUPIED,0.7899765179915862
726.0,cctv3,C3_S002,G019,EMPTY,EMPTY,0.01
726.0,cctv3,C3_S003,G020,OCCUPIED,LEAVING,0.8220144139094787
726.0,cctv3,C3_S004,G024,OCCUPIED,OCCUPIED,0.82783483998342
726.0,cctv3,C3_S005,G025,OCCUPIED,OCCUPIED,0.8298500250686299
726.0,cctv3,C3_S006,G026,OCCUPIED,OCCUPIED,0.8270126982168718
726.0,cctv3,C3_S007,G027,OCCUPIED,OCCUPIED,0.7645215599374339
726.0,cctv3,C3_S008,G028,EMPTY,MANEUVERING,0.0740462222661484
726.0,cctv3,C3_S009,G029,EMPTY,MANEUVERING,0.2916954100462185
726.0,cctv3,C3_S010,G007,OCCUPIED,LEAVING,0.5777689100511663
726.0,cctv3,C3_S011,G008,OCCUPIED,OCCUPIED,0.8059396800669758
726.0,cctv3,C3_S012,G009,OCCUPIED,OCCUPIED,0.8244547665119172
727.0,cctv1,C1_S001,G001,OCCUPIED,OCCUPIED,0.7299679915336046
727.0,cctv1,C1_S002,G002,EMPTY,EMPTY,0.01
727.0,cctv1,C1_S003,G003,OCCUPIED,OCCUPIED,0.8371870720928366
727.0,cctv1,C1_S004,G004,OCCUPIED,OCCUPIED,0.7731698523868215
727.0,cctv1,C1_S005,G005,OCCUPIED,OCCUPIED,0.7555113415826451
727.0,cctv1,C1_S006,G006,EMPTY,MANEUVERING,0.4282211507314986
727.0,cctv2,C2_S001,G007,OCCUPIED,OCCUPIED,0.7851361438632012
727.0,cctv2,C2_S002,G008,OCCUPIED,OCCUPIED,0.8207192401994359
727.0,cctv2,C2_S003,G009,EMPTY,MANEUVERING,0.49
727.0,cctv2,C2_S004,G010,OCCUPIED,OCCUPIED,0.7686332282694904
727.0,cctv2,C2_S005,G001,EMPTY,EMPTY,0.01
727.0,cctv2,C2_S006,G003,OCCUPIED,OCCUPIED,0.8199327612465079
727.0,cctv2,C2_S007,G004,OCCUPIED,OCCUPIED,0.8045741853388874
727.0,cctv2,C2_S008,G006,OCCUPIED,OCCUPIED,0.7821922540664673
727.0,cctv2,C2_S009,G005,OCCUPIED,OCCUPIED,0.7921715671365912
727.0,cctv2,C2_S010,G002,OCCUPIED,LEAVING,0.7511847963116387
727.0,cctv2,C2_S011,G017,OCCUPIED,LEAVING,0.7928143690932882
727.0,cctv2,C2_S012,G018,EMPTY,MANEUVERING,0.1426828447797081
727.0,cctv2,C2_S013,G019,OCCUPIED,LEAVING,0.7483954102478245
727.0,cctv2,C2_S014,G020,EMPTY,EMPTY,0.01
727.0,cctv3,C3_S001,G021,OCCUPIED,OCCUPIED,0.7905745847658678
727.0,cctv3,C3_S002,G019,EMPTY,EMPTY,0.01
727.0,cctv3,C3_S003,G020,OCCUPIED,LEAVING,0.8258678046139805
727.0,cctv3,C3_S004,G024,OCCUPIED,OCCUPIED,0.8278040734204379
727.0,cctv3,C3_S005,G025,OCCUPIED,OCCUPIED,0.8297425505789844
727.0,cctv3,C3_S006,G026,OCCUPIED,OCCUPIED,0.8272867630828511
727.0,cctv3,C3_S007,G027,OCCUPIED,OCCUPIED,0.7660718393596737
727.0,cctv3,C3_S008,G028,EMPTY,EMPTY,0.01
727.0,cctv3,C3_S009,G029,EMPTY,MANEUVERING,0.2539802150326696
727.0,cctv3,C3_S010,G007,OCCUPIED,LEAVING,0.6290367256951603
727.0,cctv3,C3_S011,G008,OCCUPIED,OCCUPIED,0.8062740068544042
727.0,cctv3,C3_S012,G009,OCCUPIED,OCCUPIED,0.8243994707410986
728.0,cctv1,C1_S001,G001,OCCUPIED,OCCUPIED,0.730726084587249
728.0,cctv1,C1_S002,G002,EMPTY,EMPTY,0.01
728.0,cctv1,C1_S003,G003,OCCUPIED,OCCUPIED,0.8370198014107618
728.0,cctv1,C1_S004,G004,OCCUPIED,OCCUPIED,0.7717854082584382
728.0,cctv1,C1_S005,G005,OCCUPIED,OCCUPIED,0.7571910879828714
728.0,cctv1,C1_S006,G006,EMPTY,MANEUVERING,0.49
728.0,cctv2,C2_S001,G007,OCCUPIED,OCCUPIED,0.7847440053116193
728.0,cctv2,C2_S002,G008,OCCUPIED,OCCUPIED,0.8203757930885662
728.0,cctv2,C2_S003,G009,EMPTY,MANEUVERING,0.49
728.0,cctv2,C2_S004,G010,OCCUPIED,OCCUPIED,0.7647458519447934
728.0,cctv2,C2_S005,G001,EMPTY,EMPTY,0.01
728.0,cctv2,C2_S006,G003,OCCUPIED,OCCUPIED,0.8195483803749085
728.0,cctv2,C2_S007,G004,OCCUPIED,OCCUPIED,0.8043067341501063
728.0,cctv2,C2_S008,G006,OCCUPIED,OCCUPIED,0.7820379799062556
728.0,cctv2,C2_S009,G005,OCCUPIED,OCCUPIED,0.7923341220075435
728.0,cctv2,C2_S010,G002,OCCUPIED,LEAVING,0.7514221065423706
728.0,cctv2,C2_S011,G017,OCCUPIED,LEAVING,0.7923941287127408
728.0,cctv2,C2_S012,G018,EMPTY,MANEUVERING,0.1426828447797081
728.0,cctv2,C2_S013,G019,OCCUPIED,LEAVING,0.7483163271031598
728.0,cctv2,C2_S014,G020,EMPTY,EMPTY,0.01
728.0,cctv3,C3_S001,G021,OCCUPIED,OCCUPIED,0.7908032463355499
728.0,cctv3,C3_S002,G019,EMPTY,EMPTY,0.01
728.0,cctv3,C3_S003,G020,OCCUPIED,LEAVING,0.8261424961415205
728.0,cctv3,C3_S004,G024,OCCUPIED,OCCUPIED,0.82798400006511
728.0,cctv3,C3_S005,G025,OCCUPIED,OCCUPIED,0.8297922844236548
728.0,cctv3,C3_S006,G026,OCCUPIED,OCCUPIED,0.8272590005939657
728.0,cctv3,C3_S007,G027,OCCUPIED,OCCUPIED,0.7670471641150388
728.0,cctv3,C3_S008,G028,EMPTY,EMPTY,0.01
728.0,cctv3,C3_S009,G029,EMPTY,MANEUVERING,0.2089802150326696
728.0,cctv3,C3_S010,G007,OCCUPIED,LEAVING,0.6753895263102921
728.0,cctv3,C3_S011,G008,OCCUPIED,OCCUPIED,0.8077978624538943
728.0,cctv3,C3_S012,G009,OCCUPIED,OCCUPIED,0.8244995545257222
729.0,cctv1,C1_S001,G001,OCCUPIED,OCCUPIED,0.7308882027864457
729.0,cctv1,C1_S002,G002,EMPTY,EMPTY,0.01
729.0,cctv1,C1_S003,G003,OCCUPIED,OCCUPIED,0.8371058141643352
729.0,cctv1,C1_S004,G004,OCCUPIED,OCCUPIED,0.7697311279448596
729.0,cctv1,C1_S005,G005,OCCUPIED,OCCUPIED,0.7584588458592242
729.0,cctv1,C1_S006,G006,EMPTY,MANEUVERING,0.4289239556545561
729.0,cctv2,C2_S001,G007,OCCUPIED,OCCUPIED,0.7875640806826679
729.0,cctv2,C2_S002,G008,OCCUPIED,OCCUPIED,0.8208759502931076
729.0,cctv2,C2_S003,G009,EMPTY,MANEUVERING,0.49
729.0,cctv2,C2_S004,G010,OCCUPIED,OCCUPIED,0.764003011719747
729.0,cctv2,C2_S005,G001,EMPTY,EMPTY,0.01
729.0,cctv2,C2_S006,G003,OCCUPIED,OCCUPIED,0.8198589590462773
729.0,cctv2,C2_S007,G004,OCCUPIED,OCCUPIED,0.8044082712043417
729.0,cctv2,C2_S008,G006,OCCUPIED,OCCUPIED,0.7811456435106018
729.0,cctv2,C2_S009,G005,OCCUPIED,OCCUPIED,0.7932437769391321
729.0,cctv2,C2_S010,G002,OCCUPIED,LEAVING,0.7501138278029182
729.0,cctv2,C2_S011,G017,OCCUPIED,LEAVING,0.7918409726836465
729.0,cctv2,C2_S012,G018,EMPTY,MANEUVERING,0.1426828447797081
729.0,cctv2,C2_S013,G019,OCCUPIED,LEAVING,0.7528714855692604
729.0,cctv2,C2_S014,G020,EMPTY,EMPTY,0.01
729.0,cctv3,C3_S001,G021,OCCUPIED,OCCUPIED,0.7909566914493388
729.0,cctv3,C3_S002,G019,EMPTY,EMPTY,0.01
729.0,cctv3,C3_S003,G020,OCCUPIED,LEAVING,0.8278203032233499
729.0,cctv3,C3_S004,G024,OCCUPIED,OCCUPIED,0.828385070779107
729.0,cctv3,C3_S005,G025,OCCUPIED,OCCUPIED,0.8298853660171683
729.0,cctv3,C3_S006,G026,OCCUPIED,OCCUPIED,0.8273416150699963
729.0,cctv3,C3_S007,G027,OCCUPIED,OCCUPIED,0.7691956651481716
729.0,cctv3,C3_S008,G028,EMPTY,EMPTY,0.01
729.0,cctv3,C3_S009,G029,EMPTY,MANEUVERING,0.2089802150326696
729.0,cctv3,C3_S010,G007,OCCUPIED,LEAVING,0.6766913263973865
729.0,cctv3,C3_S011,G008,OCCUPIED,OCCUPIED,0.8085296097126875
729.0,cctv3,C3_S012,G009,OCCUPIED,OCCUPIED,0.8251072772524575
730.0,cctv1,C1_S001,G001,OCCUPIED,OCCUPIED,0.7316804139451548
730.0,cctv1,C1_S002,G002,EMPTY,EMPTY,0.01
730.0,cctv1,C1_S003,G003,OCCUPIED,OCCUPIED,0.8371101804754951
730.0,cctv1,C1_S004,G004,OCCUPIED,OCCUPIED,0.7692289485172793
730.0,cctv1,C1_S005,G005,OCCUPIED,OCCUPIED,0.7607326999306679
730.0,cctv1,C1_S006,G006,EMPTY,MANEUVERING,0.3956687716631727
730.0,cctv2,C2_S001,G007,OCCUPIED,OCCUPIED,0.7903688353571026
730.0,cctv2,C2_S002,G008,OCCUPIED,OCCUPIED,0.8221090869470077
730.0,cctv2,C2_S003,G009,EMPTY,MANEUVERING,0.49
730.0,cctv2,C2_S004,G010,OCCUPIED,OCCUPIED,0.7663457371971825
730.0,cctv2,C2_S005,G001,EMPTY,EMPTY,0.01
730.0,cctv2,C2_S006,G003,OCCUPIED,OCCUPIED,0.8197425658052618
730.0,cctv2,C2_S007,G004,OCCUPIED,OCCUPIED,0.8047135919332505
730.0,cctv2,C2_S008,G006,OCCUPIED,OCCUPIED,0.7813880379904401
730.0,cctv2,C2_S009,G005,OCCUPIED,OCCUPIED,0.7924082895571536
730.0,cctv2,C2_S010,G002,OCCUPIED,LEAVING,0.7494197168133476
730.0,cctv2,C2_S011,G017,OCCUPIED,LEAVING,0.7896966351704164
730.0,cctv2,C2_S012,G018,EMPTY,MANEUVERING,0.1426828447797081
730.0,cctv2,C2_S013,G019,OCCUPIED,LEAVING,0.7570981364629487
730.0,cctv2,C2_S014,G020,EMPTY,EMPTY,0.01
730.0,cctv3,C3_S001,G021,OCCUPIED,OCCUPIED,0.7923371821641922
730.0,cctv3,C3_S002,G019,EMPTY,EMPTY,0.01
730.0,cctv3,C3_S003,G020,OCCUPIED,OCCUPIED,0.8266797799955715
730.0,cctv3,C3_S004,G024,OCCUPIED,OCCUPIED,0.8283662774346092
730.0,cctv3,C3_S005,G025,OCCUPIED,OCCUPIED,0.8298714290965687
730.0,cctv3,C3_S006,G026,OCCUPIED,OCCUPIED,0.8274597159840844
730.0,cctv3,C3_S007,G027,OCCUPIED,OCCUPIED,0.7696211220188575
730.0,cctv3,C3_S008,G028,EMPTY,EMPTY,0.01
730.0,cctv3,C3_S009,G029,EMPTY,MANEUVERING,0.2089802150326696
730.0,cctv3,C3_S010,G007,OCCUPIED,LEAVING,0.6775357483801517
730.0,cctv3,C3_S011,G008,OCCUPIED,OCCUPIED,0.8074169066819279
730.0,cctv3,C3_S012,G009,OCCUPIED,OCCUPIED,0.8249348112127999
731.0,cctv1,C1_S001,G001,OCCUPIED,OCCUPIED,0.7322413008321416
731.0,cctv1,C1_S002,G002,EMPTY,EMPTY,0.01
731.0,cctv1,C1_S003,G003,OCCUPIED,OCCUPIED,0.837142180854624
731.0,cctv1,C1_S004,G004,OCCUPIED,OCCUPIED,0.7703968741677025
731.0,cctv1,C1_S005,G005,OCCUPIED,OCCUPIED,0.7636947052045302
731.0,cctv1,C1_S006,G006,EMPTY,MANEUVERING,0.3506687716631727
731.0,cctv2,C2_S001,G007,OCCUPIED,OCCUPIED,0.7899404817006805
731.0,cctv2,C2_S002,G008,OCCUPIED,OCCUPIED,0.8228549011728981
731.0,cctv2,C2_S003,G009,EMPTY,MANEUVERING,0.49
731.0,cctv2,C2_S004,G010,OCCUPIED,OCCUPIED,0.7699493378400804
731.0,cctv2,C2_S005,G001,EMPTY,EMPTY,0.01
731.0,cctv2,C2_S006,G003,OCCUPIED,OCCUPIED,0.8197918835011396
731.0,cctv2,C2_S007,G004,OCCUPIED,OCCUPIED,0.8040460413152521
731.0,cctv2,C2_S008,G006,OCCUPIED,OCCUPIED,0.7808353184299036
731.0,cctv2,C2_S009,G005,OCCUPIED,OCCUPIED,0.7902625089341945
731.0,cctv2,C2_S010,G002,OCCUPIED,LEAVING,0.7476101484081963
731.0,cctv2,C2_S011,G017,OCCUPIED,LEAVING,0.788072287359021
731.0,cctv2,C2_S012,G018,EMPTY,MANEUVERING,0.1426828447797081
731.0,cctv2,C2_S013,G019,OCCUPIED,LEAVING,0.7557967349074104
731.0,cctv2,C2_S014,G020,EMPTY,EMPTY,0.01
731.0,cctv3,C3_S001,G021,OCCUPIED,OCCUPIED,0.792564548145641
731.0,cctv3,C3_S002,G019,EMPTY,EMPTY,0.01
731.0,cctv3,C3_S003,G020,OCCUPIED,OCCUPIED,0.8261579887433486
731.0,cctv3,C3_S004,G024,OCCUPIED,OCCUPIED,0.8282619972120633
731.0,cctv3,C3_S005,G025,OCCUPIED,OCCUPIED,0.8297588177702644
731.0,cctv3,C3_S006,G026,OCCUPIED,OCCUPIED,0.8273473680019379
731.0,cctv3,C3_S007,G027,OCCUPIED,OCCUPIED,0.7684927065264096
731.0,cctv3,C3_S008,G028,EMPTY,EMPTY,0.01
731.0,cctv3,C3_S009,G029,EMPTY,MANEUVERING,0.2970866043450819
731.0,cctv3,C3_S010,G007,OCCUPIED,LEAVING,0.5805740134127728
731.0,cctv3,C3_S011,G008,OCCUPIED,OCCUPIED,0.8063280801881444
731.0,cctv3,C3_S012,G009,OCCUPIED,OCCUPIED,0.8248958045786078
732.0,cctv1,C1_S001,G001,OCCUPIED,OCCUPIED,0.73364213203842
732.0,cctv1,C1_S002,G002,EMPTY,EMPTY,0.01
732.0,cctv1,C1_S003,G003,OCCUPIED,OCCUPIED,0.8371491318399257
732.0,cctv1,C1_S004,G004,OCCUPIED,OCCUPIED,0.7707821990955961
732.0,cctv1,C1_S005,G005,OCCUPIED,OCCUPIED,0.76174872842702
732.0,cctv1,C1_S006,G006,EMPTY,MANEUVERING,0.3056687716631727
732.0,cctv2,C2_S001,G007,OCCUPIED,OCCUPIED,0.7926387807185
732.0,cctv2,C2_S002,G008,OCCUPIED,OCCUPIED,0.8238088231195104
732.0,cctv2,C2_S003,G009,EMPTY,MANEUVERING,0.49
732.0,cctv2,C2_S004,G010,OCCUPIED,OCCUPIED,0.7743975404988637
732.0,cctv2,C2_S005,G001,EMPTY,EMPTY,0.01
732.0,cctv2,C2_S006,G003,OCCUPIED,OCCUPIED,0.8195634064349262
732.0,cctv2,C2_S007,G004,OCCUPIED,OCCUPIED,0.8036779438907451
732.0,cctv2,C2_S008,G006,OCCUPIED,OCCUPIED,0.7811726541681724
732.0,cctv2,C2_S009,G005,OCCUPIED,OCCUPIED,0.788886447115378
732.0,cctv2,C2_S010,G002,OCCUPIED,OCCUPIED,0.7478993817351082
732.0,cctv2,C2_S011,G017,OCCUPIED,LEAVING,0.7861105489459905
732.0,cctv2,C2_S012,G018,EMPTY,MANEUVERING,0.1426828447797081
732.0,cctv2,C2_S013,G019,OCCUPIED,LEAVING,0.7581656538627366
732.0,cctv2,C2_S014,G020,EMPTY,EMPTY,0.01
732.0,cctv3,C3_S001,G021,OCCUPIED,OCCUPIED,0.7944031886079095
732.0,cctv3,C3_S002,G019,EMPTY,EMPTY,0.01
732.0,cctv3,C3_S003,G020,OCCUPIED,OCCUPIED,0.8258141685615887
732.0,cctv3,C3_S004,G024,OCCUPIED,OCCUPIED,0.8283927020701496
732.0,cctv3,C3_S005,G025,OCCUPIED,OCCUPIED,0.8297248870134354
732.0,cctv3,C3_S006,G026,OCCUPIED,OCCUPIED,0.8273288054899737
732.0,cctv3,C3_S007,G027,OCCUPIED,OCCUPIED,0.7691039270975374
732.0,cctv3,C3_S008,G028,EMPTY,EMPTY,0.01
732.0,cctv3,C3_S009,G029,EMPTY,MANEUVERING,0.3486895044478164
732.0,cctv3,C3_S010,G007,OCCUPIED,LEAVING,0.5239073467461062
732.0,cctv3,C3_S011,G008,OCCUPIED,OCCUPIED,0.8048785518516195
732.0,cctv3,C3_S012,G009,OCCUPIED,OCCUPIED,0.8246536376801404
733.0,cctv1,C1_S001,G001,OCCUPIED,OCCUPIED,0.7344465086405928
733.0,cctv1,C1_S002,G002,EMPTY,EMPTY,0.01
733.0,cctv1,C1_S003,G003,OCCUPIED,OCCUPIED,0.8371558511799033
733.0,cctv1,C1_S004,G004,OCCUPIED,OCCUPIED,0.7702859083359892
733.0,cctv1,C1_S005,G005,OCCUPIED,OCCUPIED,0.7621154786510902
733.0,cctv1,C1_S006,G006,EMPTY,MANEUVERING,0.3056687716631727
733.0,cctv2,C2_S001,G007,OCCUPIED,OCCUPIED,0.7931942450729284
733.0,cctv2,C2_S002,G008,OCCUPIED,OCCUPIED,0.8235663197257302
733.0,cctv2,C2_S003,G009,EMPTY,MANEUVERING,0.49
733.0,cctv2,C2_S004,G010,OCCUPIED,OCCUPIED,0.7728793805295772
733.0,cctv2,C2_S005,G001,EMPTY,EMPTY,0.01
733.0,cctv2,C2_S006,G003,OCCUPIED,OCCUPIED,0.8196032811294903
733.0,cctv2,C2_S007,G004,OCCUPIED,OCCUPIED,0.804077860442075
733.0,cctv2,C2_S008,G006,OCCUPIED,OCCUPIED,0.7810478639873593
733.0,cctv2,C2_S009,G005,OCCUPIED,OCCUPIED,0.7883119350129908
733.0,cctv2,C2_S010,G002,OCCUPIED,OCCUPIED,0.7958016306161881
733.0,cctv2,C2_S011,G017,OCCUPIED,LEAVING,0.7823028651150791
733.0,cctv2,C2_S012,G018,EMPTY,EMPTY,0.01
733.0,cctv2,C2_S013,G019,OCCUPIED,LEAVING,0.8066659027879889
733.0,cctv2,C2_S014,G020,EMPTY,EMPTY,0.01
733.0,cctv3,C3_S001,G021,OCCUPIED,OCCUPIED,0.7944110767407851
733.0,cctv3,C3_S002,G019,EMPTY,EMPTY,0.01
733.0,cctv3,C3_S003,G020,OCCUPIED,OCCUPIED,0.8259940456260335
733.0,cctv3,C3_S004,G024,OCCUPIED,OCCUPIED,0.8283237717368387
733.0,cctv3,C3_S005,G025,OCCUPIED,OCCUPIED,0.8298319453542884
733.0,cctv3,C3_S006,G026,OCCUPIED,OCCUPIED,0.8274598476561634
733.0,cctv3,C3_S007,G027,OCCUPIED,OCCUPIED,0.768108447979797
733.0,cctv3,C3_S008,G028,EMPTY,EMPTY,0.01
733.0,cctv3,C3_S009,G029,EMPTY,MANEUVERING,0.2497475294816223
733.0,cctv3,C3_S010,G007,OCCUPIED,LEAVING,0.5624903060075912
733.0,cctv3,C3_S011,G008,OCCUPIED,OCCUPIED,0.8050634064457634
733.0,cctv3,C3_S012,G009,OCCUPIED,OCCUPIED,0.8246852007779208
734.0,cctv1,C1_S001,G001,OCCUPIED,OCCUPIED,0.7355926295573062
734.0,cctv1,C1_S002,G002,EMPTY,EMPTY,0.01
734.0,cctv1,C1_S003,G003,OCCUPIED,OCCUPIED,0.837283739718524
734.0,cctv1,C1_S004,G004,OCCUPIED,OCCUPIED,0.7718067716468465
734.0,cctv1,C1_S005,G005,OCCUPIED,OCCUPIED,0.7639672676270659
734.0,cctv1,C1_S006,G006,EMPTY,MANEUVERING,0.2718089612099257
734.0,cctv2,C2_S001,G007,OCCUPIED,OCCUPIED,0.7930328508669681
734.0,cctv2,C2_S002,G008,OCCUPIED,OCCUPIED,0.823619338057258
734.0,cctv2,C2_S003,G009,EMPTY,MANEUVERING,0.49
734.0,cctv2,C2_S004,G010,OCCUPIED,OCCUPIED,0.7753461565483701
734.0,cctv2,C2_S005,G001,EMPTY,EMPTY,0.01
734.0,cctv2,C2_S006,G003,OCCUPIED,OCCUPIED,0.8199577139182525
734.0,cctv2,C2_S007,G004,OCCUPIED,OCCUPIED,0.8036260439590975
734.0,cctv2,C2_S008,G006,OCCUPIED,OCCUPIED,0.7798185572028161
734.0,cctv2,C2_S009,G005,OCCUPIED,OCCUPIED,0.7873151302337648
734.0,cctv2,C2_S010,G002,OCCUPIED,OCCUPIED,0.7951957691799512
734.0,cctv2,C2_S011,G017,OCCUPIED,LEAVING,0.7812846709381451
734.0,cctv2,C2_S012,G018,EMPTY,EMPTY,0.01
734.0,cctv2,C2_S013,G019,OCCUPIED,LEAVING,0.8071858815171502
734.0,cctv2,C2_S014,G020,EMPTY,EMPTY,0.01
734.0,cctv3,C3_S001,G021,OCCUPIED,OCCUPIED,0.7957539230585099
734.0,cctv3,C3_S002,G019,EMPTY,EMPTY,0.01
734.0,cctv3,C3_S003,G020,OCCUPIED,OCCUPIED,0.826079048080878
734.0,cctv3,C3_S004,G024,OCCUPIED,OCCUPIED,0.8285042583942414
734.0,cctv3,C3_S005,G025,OCCUPIED,OCCUPIED,0.829763107679107
734.0,cctv3,C3_S006,G026,OCCUPIED,OCCUPIED,0.8273318900303408
734.0,cctv3,C3_S007,G027,OCCUPIED,OCCUPIED,0.7686190028082241
734.0,cctv3,C3_S008,G028,EMPTY,EMPTY,0.01
734.0,cctv3,C3_S009,G029,EMPTY,MANEUVERING,0.3276442734631287
734.0,cctv3,C3_S010,G007,OCCUPIED,LEAVING,0.51
734.0,cctv3,C3_S011,G008,OCCUPIED,OCCUPIED,0.8044935817068274
734.0,cctv3,C3_S012,G009,OCCUPIED,OCCUPIED,0.8245200921188702
735.0,cctv1,C1_S001,G001,OCCUPIED,OCCUPIED,0.7363110874864188
735.0,cctv1,C1_S002,G002,EMPTY,EMPTY,0.01
735.0,cctv1,C1_S003,G003,OCCUPIED,OCCUPIED,0.8372888286005368
735.0,cctv1,C1_S004,G004,OCCUPIED,OCCUPIED,0.7729998048056257
735.0,cctv1,C1_S005,G005,OCCUPIED,OCCUPIED,0.7634033571590078
735.0,cctv1,C1_S006,G006,EMPTY,MANEUVERING,0.3503857740251855
735.0,cctv2,C2_S001,G007,OCCUPIED,OCCUPIED,0.7930646204135635
735.0,cctv2,C2_S002,G008,OCCUPIED,OCCUPIED,0.8234926890243184
735.0,cctv2,C2_S003,G009,EMPTY,MANEUVERING,0.49
735.0,cctv2,C2_S004,G010,OCCUPIED,OCCUPIED,0.775572674789212
735.0,cctv2,C2_S005,G001,EMPTY,EMPTY,0.01
735.0,cctv2,C2_S006,G003,OCCUPIED,OCCUPIED,0.8199767250906338
735.0,cctv2,C2_S007,G004,OCCUPIED,OCCUPIED,0.8043735439127142
735.0,cctv2,C2_S008,G006,OCCUPIED,OCCUPIED,0.7802112529223616
735.0,cctv2,C2_S009,G005,OCCUPIED,OCCUPIED,0.7886391563849017
735.0,cctv2,C2_S010,G002,OCCUPIED,OCCUPIED,0.7957997571338308
735.0,cctv2,C2_S011,G017,OCCUPIED,LEAVING,0.777878152917732
735.0,cctv2,C2_S012,G018,EMPTY,EMPTY,0.01
735.0,cctv2,C2_S013,G019,OCCUPIED,LEAVING,0.8094086793336002
735.0,cctv2,C2_S014,G020,EMPTY,EMPTY,0.01
735.0,cctv3,C3_S001,G021,OCCUPIED,OCCUPIED,0.7970772396434438
735.0,cctv3,C3_S002,G019,EMPTY,EMPTY,0.01
735.0,cctv3,C3_S003,G020,OCCUPIED,OCCUPIED,0.8267867042259738
735.0,cctv3,C3_S004,G024,OCCUPIED,OCCUPIED,0.8285445216027174
735.0,cctv3,C3_S005,G025,OCCUPIED,OCCUPIED,0.8296813742680984
735.0,cctv3,C3_S006,G026,OCCUPIED,OCCUPIED,0.827364870634946
735.0,cctv3,C3_S007,G027,OCCUPIED,OCCUPIED,0.7678970362652433
735.0,cctv3,C3_S008,G028,EMPTY,EMPTY,0.01
735.0,cctv3,C3_S009,G029,EMPTY,MANEUVERING,0.2512251779857007
735.0,cctv3,C3_S010,G007,OCCUPIED,LEAVING,0.5615222420123491
735.0,cctv3,C3_S011,G008,OCCUPIED,OCCUPIED,0.8041883772069758
735.0,cctv3,C3_S012,G009,OCCUPIED,OCCUPIED,0.8248505288904364
736.0,cctv1,C1_S001,G001,OCCUPIED,OCCUPIED,0.7359156207604842
736.0,cctv1,C1_S002,G002,EMPTY,EMPTY,0.01
736.0,cctv1,C1_S003,G003,OCCUPIED,OCCUPIED,0.8372840120033784
736.0,cctv1,C1_S004,G004,OCCUPIED,OCCUPIED,0.7736389028755102
736.0,cctv1,C1_S005,G005,OCCUPIED,OCCUPIED,0.7652150641788137
736.0,cctv1,C1_S006,G006,EMPTY,MANEUVERING,0.3040019108625975
736.0,cctv2,C2_S001,G007,OCCUPIED,OCCUPIED,0.7939299660650168
736.0,cctv2,C2_S002,G008,OCCUPIED,OCCUPIED,0.8238229819319466
736.0,cctv2,C2_S003,G009,EMPTY,MANEUVERING,0.49
736.0,cctv2,C2_S004,G010,OCCUPIED,OCCUPIED,0.7771553500132128
736.0,cctv2,C2_S005,G001,EMPTY,EMPTY,0.01
736.0,cctv2,C2_S006,G003,OCCUPIED,OCCUPIED,0.8196858704090119
736.0,cctv2,C2_S007,G004,OCCUPIED,OCCUPIED,0.804641809517687
736.0,cctv2,C2_S008,G006,OCCUPIED,OCCUPIED,0.7805006462064656
736.0,cctv2,C2_S009,G005,OCCUPIED,OCCUPIED,0.7881226385181601
736.0,cctv2,C2_S010,G002,OCCUPIED,OCCUPIED,0.7964522898197175
736.0,cctv2,C2_S011,G017,OCCUPIED,OCCUPIED,0.7765658805316146
736.0,cctv2,C2_S012,G018,EMPTY,EMPTY,0.01
736.0,cctv2,C2_S013,G019,OCCUPIED,OCCUPIED,0.8081101861867038
736.0,cctv2,C2_S014,G020,EMPTY,EMPTY,0.01
736.0,cctv3,C3_S001,G021,OCCUPIED,OCCUPIED,0.7971128431233494
736.0,cctv3,C3_S002,G019,EMPTY,EMPTY,0.01
736.0,cctv3,C3_S003,G020,OCCUPIED,OCCUPIED,0.826946631344882
736.0,cctv3,C3_S004,G024,OCCUPIED,OCCUPIED,0.8287901209159332
736.0,cctv3,C3_S005,G025,OCCUPIED,OCCUPIED,0.8296306293119085
736.0,cctv3,C3_S006,G026,OCCUPIED,OCCUPIED,0.8274978683753448
736.0,cctv3,C3_S007,G027,OCCUPIED,OCCUPIED,0.7671965883536773
736.0,cctv3,C3_S008,G028,EMPTY,EMPTY,0.01
736.0,cctv3,C3_S009,G029,EMPTY,MANEUVERING,0.2895659304982559
736.0,cctv3,C3_S010,G007,OCCUPIED,LEAVING,0.5251695461876981
736.0,cctv3,C3_S011,G008,OCCUPIED,OCCUPIED,0.8034953374754299
736.0,cctv3,C3_S012,G009,OCCUPIED,OCCUPIED,0.8247968977147884
737.0,cctv1,C1_S001,G001,OCCUPIED,OCCUPIED,0.7356158637865023
737.0,cctv1,C1_S002,G002,EMPTY,EMPTY,0.01
737.0,cctv1,C1_S003,G003,OCCUPIED,OCCUPIED,0.8372245653109118
737.0,cctv1,C1_S004,G004,OCCUPIED,OCCUPIED,0.7733218434182081
737.0,cctv1,C1_S005,G005,OCCUPIED,OCCUPIED,0.7640325802293692
737.0,cctv1,C1_S006,G006,EMPTY,MANEUVERING,0.3040019108625975
737.0,cctv2,C2_S001,G007,OCCUPIED,OCCUPIED,0.7934310881928964
737.0,cctv2,C2_S002,G008,OCCUPIED,OCCUPIED,0.8241556831381538
737.0,cctv2,C2_S003,G009,EMPTY,MANEUVERING,0.49
737.0,cctv2,C2_S004,G010,OCCUPIED,OCCUPIED,0.7781080718744886
737.0,cctv2,C2_S005,G001,EMPTY,EMPTY,0.01
737.0,cctv2,C2_S006,G003,OCCUPIED,OCCUPIED,0.8195003257556396
737.0,cctv2,C2_S007,G004,OCCUPIED,OCCUPIED,0.8049477902325718
737.0,cctv2,C2_S008,G006,OCCUPIED,OCCUPIED,0.7802468116987836
737.0,cctv2,C2_S009,G005,OCCUPIED,OCCUPIED,0.7888492001728579
737.0,cctv2,C2_S010,G002,OCCUPIED,OCCUPIED,0.7956060106104071
737.0,cctv2,C2_S011,G017,OCCUPIED,OCCUPIED,0.7735710072246466
737.0,cctv2,C2_S012,G018,EMPTY,EMPTY,0.01
737.0,cctv2,C2_S013,G019,OCCUPIED,OCCUPIED,0.8080243319272996
737.0,cctv2,C2_S014,G020,EMPTY,EMPTY,0.01
737.0,cctv3,C3_S001,G021,OCCUPIED,OCCUPIED,0.7970743989402598
737.0,cctv3,C3_S002,G019,EMPTY,EMPTY,0.01
737.0,cctv3,C3_S003,G020,OCCUPIED,OCCUPIED,0.8273545603860509
737.0,cctv3,C3_S004,G024,OCCUPIED,OCCUPIED,0.8287348519672048
737.0,cctv3,C3_S005,G025,OCCUPIED,OCCUPIED,0.8295748458667236
737.0,cctv3,C3_S006,G026,OCCUPIED,OCCUPIED,0.8276733458042145
737.0,cctv3,C3_S007,G027,OCCUPIED,OCCUPIED,0.7675942038947886
737.0,cctv3,C3_S008,G028,EMPTY,EMPTY,0.01
737.0,cctv3,C3_S009,G029,EMPTY,MANEUVERING,0.3826452728936618
737.0,cctv3,C3_S010,G007,OCCUPIED,LEAVING,0.51
737.0,cctv3,C3_S011,G008,OCCUPIED,OCCUPIED,0.8030193705450406
737.0,cctv3,C3_S012,G009,OCCUPIED,OCCUPIED,0.8253784396431664
738.0,cctv1,C1_S001,G001,OCCUPIED,OCCUPIED,0.7350156890397723
738.0,cctv1,C1_S002,G002,EMPTY,EMPTY,0.01
738.0,cctv1,C1_S003,G003,OCCUPIED,OCCUPIED,0.8372101870450107
738.0,cctv1,C1_S004,G004,OCCUPIED,OCCUPIED,0.773359369554303
738.0,cctv1,C1_S005,G005,OCCUPIED,OCCUPIED,0.7624484446238389
738.0,cctv1,C1_S006,G006,EMPTY,MANEUVERING,0.2708300469747998
738.0,cctv2,C2_S001,G007,OCCUPIED,OCCUPIED,0.7925423609939489
738.0,cctv2,C2_S002,G008,OCCUPIED,OCCUPIED,0.8236741250211543
738.0,cctv2,C2_S003,G009,EMPTY,MANEUVERING,0.49
738.0,cctv2,C2_S004,G010,OCCUPIED,OCCUPIED,0.7791648577560079
738.0,cctv2,C2_S005,G001,EMPTY,EMPTY,0.01
738.0,cctv2,C2_S006,G003,OCCUPIED,OCCUPIED,0.819799945571206
738.0,cctv2,C2_S007,G004,OCCUPIED,OCCUPIED,0.8051940641619943
738.0,cctv2,C2_S008,G006,OCCUPIED,OCCUPIED,0.7787818891080944
738.0,cctv2,C2_S009,G005,OCCUPIED,OCCUPIED,0.7888447095047344
738.0,cctv2,C2_S010,G002,OCCUPIED,OCCUPIED,0.7956380085511642
738.0,cctv2,C2_S011,G017,OCCUPIED,OCCUPIED,0.7732107881795277
738.0,cctv2,C2_S012,G018,EMPTY,EMPTY,0.01
738.0,cctv2,C2_S013,G019,OCCUPIED,OCCUPIED,0.8061393721537157
738.0,cctv2,C2_S014,G020,EMPTY,EMPTY,0.01
738.0,cctv3,C3_S001,G021,OCCUPIED,OCCUPIED,0.7962519865144384
738.0,cctv3,C3_S002,G019,EMPTY,EMPTY,0.01
738.0,cctv3,C3_S003,G020,OCCUPIED,OCCUPIED,0.8279014164751227
738.0,cctv3,C3_S004,G024,OCCUPIED,OCCUPIED,0.8287797553972764
738.0,cctv3,C3_S005,G025,OCCUPIED,OCCUPIED,0.8295530078085986
738.0,cctv3,C3_S006,G026,OCCUPIED,OCCUPIED,0.827850412238728
738.0,cctv3,C3_S007,G027,OCCUPIED,OCCUPIED,0.7668718858198686
738.0,cctv3,C3_S008,G028,EMPTY,EMPTY,0.01
738.0,cctv3,C3_S009,G029,EMPTY,MANEUVERING,0.4297045470881416
738.0,cctv3,C3_S010,G007,OCCUPIED,LEAVING,0.51
738.0,cctv3,C3_S011,G008,OCCUPIED,OCCUPIED,0.802402262525125
738.0,cctv3,C3_S012,G009,OCCUPIED,OCCUPIED,0.8258053408427672
739.0,cctv1,C1_S001,G001,OCCUPIED,OCCUPIED,0.7345478201454336
739.0,cctv1,C1_S002,G002,EMPTY,EMPTY,0.01
739.0,cctv1,C1_S003,G003,OCCUPIED,OCCUPIED,0.837143036723137
739.0,cctv1,C1_S004,G004,OCCUPIED,OCCUPIED,0.7724718790162695
739.0,cctv1,C1_S005,G005,OCCUPIED,OCCUPIED,0.7628388344564222
739.0,cctv1,C1_S006,G006,EMPTY,MANEUVERING,0.1879343942891467
739.0,cctv2,C2_S001,G007,OCCUPIED,OCCUPIED,0.7932384531606328
739.0,cctv2,C2_S002,G008,OCCUPIED,OCCUPIED,0.8239507095380263
739.0,cctv2,C2_S003,G009,EMPTY,MANEUVERING,0.49
739.0,cctv2,C2_S004,G010,OCCUPIED,OCCUPIED,0.7810321588407864
739.0,cctv2,C2_S005,G001,EMPTY,EMPTY,0.01
739.0,cctv2,C2_S006,G003,OCCUPIED,OCCUPIED,0.8200780304995451
739.0,cctv2,C2_S007,G004,OCCUPIED,OCCUPIED,0.8060534463687377
739.0,cctv2,C2_S008,G006,OCCUPIED,OCCUPIED,0.7772472668777813
739.0,cctv2,C2_S009,G005,OCCUPIED,OCCUPIED,0.7895972243764184
739.0,cctv2,C2_S010,G002,OCCUPIED,OCCUPIED,0.7943802077661861
739.0,cctv2,C2_S011,G017,OCCUPIED,OCCUPIED,0.7732348061420702
739.0,cctv2,C2_S012,G018,EMPTY,EMPTY,0.01
739.0,cctv2,C2_S013,G019,OCCUPIED,OCCUPIED,0.8059408017180183
739.0,cctv2,C2_S014,G020,EMPTY,EMPTY,0.01
739.0,cctv3,C3_S001,G021,OCCUPIED,OCCUPIED,0.7960767285390334
739.0,cctv3,C3_S002,G019,EMPTY,EMPTY,0.01
739.0,cctv3,C3_S003,G020,OCCUPIED,OCCUPIED,0.8286300434307619
739.0,cctv3,C3_S004,G024,OCCUPIED,OCCUPIED,0.8287457701834766
739.0,cctv3,C3_S005,G025,OCCUPIED,OCCUPIED,0.8295104183933952
739.0,cctv3,C3_S006,G026,OCCUPIED,OCCUPIED,0.828135159611702
739.0,cctv3,C3_S007,G027,OCCUPIED,OCCUPIED,0.7663156269626185
739.0,cctv3,C3_S008,G028,EMPTY,EMPTY,0.01
739.0,cctv3,C3_S009,G029,EMPTY,MANEUVERING,0.4297045470881416
739.0,cctv3,C3_S010,G007,OCCUPIED,LEAVING,0.51
739.0,cctv3,C3_S011,G008,OCCUPIED,OCCUPIED,0.8022061361507936
739.0,cctv3,C3_S012,G009,OCCUPIED,OCCUPIED,0.8260738982395692
740.0,cctv1,C1_S001,G001,OCCUPIED,OCCUPIED,0.734609977291389
740.0,cctv1,C1_S002,G002,EMPTY,EMPTY,0.01
740.0,cctv1,C1_S003,G003,OCCUPIED,OCCUPIED,0.8370949520306155
740.0,cctv1,C1_S004,G004,OCCUPIED,OCCUPIED,0.7737045832655647
740.0,cctv1,C1_S005,G005,OCCUPIED,OCCUPIED,0.7648972461846743
740.0,cctv1,C1_S006,G006,EMPTY,MANEUVERING,0.1879343942891467
740.0,cctv2,C2_S001,G007,OCCUPIED,OCCUPIED,0.790474962646311
740.0,cctv2,C2_S002,G008,OCCUPIED,OCCUPIED,0.8239553391933442
740.0,cctv2,C2_S003,G009,EMPTY,MANEUVERING,0.49
740.0,cctv2,C2_S004,G010,OCCUPIED,OCCUPIED,0.7811480831016194
740.0,cctv2,C2_S005,G001,EMPTY,EMPTY,0.01
740.0,cctv2,C2_S006,G003,OCCUPIED,OCCUPIED,0.8202761116352949
740.0,cctv2,C2_S007,G004,OCCUPIED,OCCUPIED,0.8065778669985859
740.0,cctv2,C2_S008,G006,OCCUPIED,OCCUPIED,0.7781235490332951
740.0,cctv2,C2_S009,G005,OCCUPIED,OCCUPIED,0.7903250255367973
740.0,cctv2,C2_S010,G002,OCCUPIED,OCCUPIED,0.7944593483751471
740.0,cctv2,C2_S011,G017,OCCUPIED,OCCUPIED,0.7720836914398455
740.0,cctv2,C2_S012,G018,EMPTY,EMPTY,0.01
740.0,cctv2,C2_S013,G019,OCCUPIED,OCCUPIED,0.8048897009004247
740.0,cctv2,C2_S014,G020,EMPTY,EMPTY,0.01
740.0,cctv3,C3_S001,G021,OCCUPIED,OCCUPIED,0.795551438223232
740.0,cctv3,C3_S002,G019,EMPTY,EMPTY,0.01
740.0,cctv3,C3_S003,G020,OCCUPIED,OCCUPIED,0.8285017281770707
740.0,cctv3,C3_S004,G024,OCCUPIED,OCCUPIED,0.8287000401453539
740.0,cctv3,C3_S005,G025,OCCUPIED,OCCUPIED,0.829517888751897
740.0,cctv3,C3_S006,G026,OCCUPIED,OCCUPIED,0.8281763290817088
740.0,cctv3,C3_S007,G027,OCCUPIED,OCCUPIED,0.766060908138752
740.0,cctv3,C3_S008,G028,EMPTY,EMPTY,0.01
740.0,cctv3,C3_S009,G029,EMPTY,MANEUVERING,0.3847045470881416
740.0,cctv3,C3_S010,G007,OCCUPIED,LEAVING,0.51
740.0,cctv3,C3_S011,G008,OCCUPIED,OCCUPIED,0.8021141290664674
740.0,cctv3,C3_S012,G009,OCCUPIED,OCCUPIED,0.8257097615437075
741.0,cctv1,C1_S001,G001,OCCUPIED,OCCUPIED,0.7345930210568689
741.0,cctv1,C1_S002,G002,EMPTY,EMPTY,0.01
741.0,cctv1,C1_S003,G003,OCCUPIED,OCCUPIED,0.8372395678000017
741.0,cctv1,C1_S004,G004,OCCUPIED,OCCUPIED,0.773543252457272
741.0,cctv1,C1_S005,G005,OCCUPIED,OCCUPIED,0.7628025226294995
741.0,cctv1,C1_S006,G006,EMPTY,MANEUVERING,0.1879343942891467
741.0,cctv2,C2_S001,G007,OCCUPIED,OCCUPIED,0.7896229223771529
741.0,cctv2,C2_S002,G008,OCCUPIED,OCCUPIED,0.8244645809585398
741.0,cctv2,C2_S003,G009,EMPTY,MANEUVERING,0.49
741.0,cctv2,C2_S004,G010,OCCUPIED,OCCUPIED,0.7819050740111959
741.0,cctv2,C2_S005,G001,EMPTY,EMPTY,0.01
741.0,cctv2,C2_S006,G003,OCCUPIED,OCCUPIED,0.8205603396350688
741.0,cctv2,C2_S007,G004,OCCUPIED,OCCUPIED,0.8069985186511821
741.0,cctv2,C2_S008,G006,OCCUPIED,OCCUPIED,0.7772426425056025
741.0,cctv2,C2_S009,G005,OCCUPIED,OCCUPIED,0.7926897630095483
741.0,cctv2,C2_S010,G002,OCCUPIED,OCCUPIED,0.7944099526513707
741.0,cctv2,C2_S011,G017,OCCUPIED,OCCUPIED,0.772030877118761
741.0,cctv2,C2_S012,G018,EMPTY,EMPTY,0.01
741.0,cctv2,C2_S013,G019,OCCUPIED,OCCUPIED,0.8051120885393837
741.0,cctv2,C2_S014,G020,EMPTY,EMPTY,0.01
741.0,cctv3,C3_S001,G021,OCCUPIED,OCCUPIED,0.794690996950323
741.0,cctv3,C3_S002,G019,EMPTY,EMPTY,0.01
741.0,cctv3,C3_S003,G020,OCCUPIED,OCCUPIED,0.8300990462303162
741.0,cctv3,C3_S004,G024,OCCUPIED,OCCUPIED,0.8288702165538615
741.0,cctv3,C3_S005,G025,OCCUPIED,OCCUPIED,0.8295617843216117
741.0,cctv3,C3_S006,G026,OCCUPIED,OCCUPIED,0.8281483894044703
741.0,cctv3,C3_S007,G027,OCCUPIED,OCCUPIED,0.7653603594411504
741.0,cctv3,C3_S008,G028,EMPTY,EMPTY,0.01
741.0,cctv3,C3_S009,G029,EMPTY,MANEUVERING,0.3397045470881417
741.0,cctv3,C3_S010,G007,OCCUPIED,OCCUPIED,0.51
741.0,cctv3,C3_S011,G008,OCCUPIED,OCCUPIED,0.8017312234098262
741.0,cctv3,C3_S012,G009,OCCUPIED,OCCUPIED,0.8257879552516071
742.0,cctv1,C1_S001,G001,OCCUPIED,OCCUPIED,0.7338171303272248
742.0,cctv1,C1_S002,G002,EMPTY,EMPTY,0.01
742.0,cctv1,C1_S003,G003,OCCUPIED,OCCUPIED,0.8372231762517583
742.0,cctv1,C1_S004,G004,OCCUPIED,OCCUPIED,0.7729080118916252
742.0,cctv1,C1_S005,G005,OCCUPIED,LEAVING,0.7592579212378372
742.0,cctv1,C1_S006,G006,EMPTY,MANEUVERING,0.2676907761327245
742.0,cctv2,C2_S001,G007,OCCUPIED,OCCUPIED,0.7900039171630686
742.0,cctv2,C2_S002,G008,OCCUPIED,OCCUPIED,0.8246588200330734
742.0,cctv2,C2_S003,G009,EMPTY,MANEUVERING,0.49
742.0,cctv2,C2_S004,G010,OCCUPIED,OCCUPIED,0.7793612897396088
742.0,cctv2,C2_S005,G001,EMPTY,EMPTY,0.01
742.0,cctv2,C2_S006,G003,OCCUPIED,OCCUPIED,0.8207242746244778
742.0,cctv2,C2_S007,G004,OCCUPIED,OCCUPIED,0.8075452398170125
742.0,cctv2,C2_S008,G006,OCCUPIED,OCCUPIED,0.7771531469442629
742.0,cctv2,C2_S009,G005,OCCUPIED,OCCUPIED,0.7944311843677001
742.0,cctv2,C2_S010,G002,OCCUPIED,OCCUPIED,0.7959939336234874
742.0,cctv2,C2_S011,G017,OCCUPIED,OCCUPIED,0.7726393374529752
742.0,cctv2,C2_S012,G018,EMPTY,EMPTY,0.01
742.0,cctv2,C2_S013,G019,OCCUPIED,OCCUPIED,0.8042428374290467
742.0,cctv2,C2_S014,G020,EMPTY,EMPTY,0.01
742.0,cctv3,C3_S001,G021,OCCUPIED,OCCUPIED,0.7943523127924312
742.0,cctv3,C3_S002,G019,EMPTY,EMPTY,0.01
742.0,cctv3,C3_S003,G020,OCCUPIED,OCCUPIED,0.8303954831578515
742.0,cctv3,C3_S004,G024,OCCUPIED,OCCUPIED,0.829102711244063
742.0,cctv3,C3_S005,G025,OCCUPIED,OCCUPIED,0.8295905595475978
742.0,cctv3,C3_S006,G026,OCCUPIED,OCCUPIED,0.8282352108847012
742.0,cctv3,C3_S007,G027,OCCUPIED,OCCUPIED,0.7670298203825952
742.0,cctv3,C3_S008,G028,EMPTY,EMPTY,0.01
742.0,cctv3,C3_S009,G029,EMPTY,MANEUVERING,0.2556067262917306
742.0,cctv3,C3_S010,G007,OCCUPIED,OCCUPIED,0.5598403141444379
742.0,cctv3,C3_S011,G008,OCCUPIED,OCCUPIED,0.8019192738966509
742.0,cctv3,C3_S012,G009,OCCUPIED,OCCUPIED,0.8255909616296943
743.0,cctv1,C1_S001,G001,OCCUPIED,OCCUPIED,0.7322190411388875
743.0,cctv1,C1_S002,G002,EMPTY,EMPTY,0.01
743.0,cctv1,C1_S003,G003,OCCUPIED,OCCUPIED,0.8372161122885617
743.0,cctv1,C1_S004,G004,OCCUPIED,OCCUPIED,0.7720749917355452
743.0,cctv1,C1_S005,G005,OCCUPIED,LEAVING,0.7580240542915735
743.0,cctv1,C1_S006,G006,EMPTY,MANEUVERING,0.3474544461342421
743.0,cctv2,C2_S001,G007,OCCUPIED,OCCUPIED,0.7886554463343187
743.0,cctv2,C2_S002,G008,OCCUPIED,OCCUPIED,0.8244686619801955
743.0,cctv2,C2_S003,G009,EMPTY,MANEUVERING,0.4563226056021529
743.0,cctv2,C2_S004,G010,OCCUPIED,OCCUPIED,0.7780918197198348
743.0,cctv2,C2_S005,G001,EMPTY,EMPTY,0.01
743.0,cctv2,C2_S006,G003,OCCUPIED,OCCUPIED,0.8212110979990527
743.0,cctv2,C2_S007,G004,OCCUPIED,OCCUPIED,0.8082344667478042
743.0,cctv2,C2_S008,G006,OCCUPIED,OCCUPIED,0.7780031901868908
743.0,cctv2,C2_S009,G005,OCCUPIED,OCCUPIED,0.7951853183182804
743.0,cctv2,C2_S010,G002,OCCUPIED,OCCUPIED,0.7955206480893222
743.0,cctv2,C2_S011,G017,OCCUPIED,OCCUPIED,0.7752515635707162
743.0,cctv2,C2_S012,G018,EMPTY,EMPTY,0.01
743.0,cctv2,C2_S013,G019,OCCUPIED,OCCUPIED,0.8036612142216076
743.0,cctv2,C2_S014,G020,EMPTY,EMPTY,0.01
743.0,cctv3,C3_S001,G021,OCCUPIED,OCCUPIED,0.7940047212622383
743.0,cctv3,C3_S002,G019,EMPTY,EMPTY,0.01
743.0,cctv3,C3_S003,G020,OCCUPIED,OCCUPIED,0.8302697867155076
743.0,cctv3,C3_S004,G024,OCCUPIED,OCCUPIED,0.8291832327842713
743.0,cctv3,C3_S005,G025,OCCUPIED,OCCUPIED,0.8296505881981417
743.0,cctv3,C3_S006,G026,OCCUPIED,OCCUPIED,0.8281401460820978
743.0,cctv3,C3_S007,G027,OCCUPIED,OCCUPIED,0.7663126858797941
743.0,cctv3,C3_S008,G028,EMPTY,EMPTY,0.01
743.0,cctv3,C3_S009,G029,EMPTY,MANEUVERING,0.2823029874095862
743.0,cctv3,C3_S010,G007,OCCUPIED,OCCUPIED,0.5148403141444379
743.0,cctv3,C3_S011,G008,OCCUPIED,OCCUPIED,0.8020977115089244
743.0,cctv3,C3_S012,G009,OCCUPIED,OCCUPIED,0.8259732406247746
744.0,cctv1,C1_S001,G001,OCCUPIED,OCCUPIED,0.7305627695538781
744.0,cctv1,C1_S002,G002,EMPTY,EMPTY,0.01
744.0,cctv1,C1_S003,G003,OCCUPIED,OCCUPIED,0.8372789239341563
744.0,cctv1,C1_S004,G004,OCCUPIED,OCCUPIED,0.7731351750818166
744.0,cctv1,C1_S005,G005,OCCUPIED,LEAVING,0.7579891786656597
744.0,cctv1,C1_S006,G006,EMPTY,MANEUVERING,0.3074544461342421
744.0,cctv2,C2_S001,G007,OCCUPIED,OCCUPIED,0.7897838573564183
744.0,cctv2,C2_S002,G008,OCCUPIED,OCCUPIED,0.8245836840434508
744.0,cctv2,C2_S003,G009,EMPTY,MANEUVERING,0.3764150860702449
744.0,cctv2,C2_S004,G010,OCCUPIED,OCCUPIED,0.7793500516902317
744.0,cctv2,C2_S005,G001,EMPTY,EMPTY,0.01
744.0,cctv2,C2_S006,G003,OCCUPIED,OCCUPIED,0.8212927948344838
744.0,cctv2,C2_S007,G004,OCCUPIED,OCCUPIED,0.8077689238569954
744.0,cctv2,C2_S008,G006,OCCUPIED,OCCUPIED,0.7791984182867138
744.0,cctv2,C2_S009,G005,OCCUPIED,OCCUPIED,0.7949255536903035
744.0,cctv2,C2_S010,G002,OCCUPIED,OCCUPIED,0.7941947565837341
744.0,cctv2,C2_S011,G017,OCCUPIED,OCCUPIED,0.778383699736812
744.0,cctv2,C2_S012,G018,EMPTY,EMPTY,0.01
744.0,cctv2,C2_S013,G019,OCCUPIED,OCCUPIED,0.796413136070425
744.0,cctv2,C2_S014,G020,EMPTY,EMPTY,0.01
744.0,cctv3,C3_S001,G021,OCCUPIED,OCCUPIED,0.7937991096214815
744.0,cctv3,C3_S002,G019,EMPTY,EMPTY,0.01
744.0,cctv3,C3_S003,G020,OCCUPIED,OCCUPIED,0.8303366541862488
744.0,cctv3,C3_S004,G024,OCCUPIED,OCCUPIED,0.829199078950015
744.0,cctv3,C3_S005,G025,OCCUPIED,OCCUPIED,0.8296785319393332
744.0,cctv3,C3_S006,G026,OCCUPIED,OCCUPIED,0.8281001454049891
744.0,cctv3,C3_S007,G027,OCCUPIED,OCCUPIED,0.7662362482060087
744.0,cctv3,C3_S008,G028,EMPTY,EMPTY,0.01
744.0,cctv3,C3_S009,G029,EMPTY,MANEUVERING,0.2765887016953005
744.0,cctv3,C3_S010,G007,OCCUPIED,OCCUPIED,0.520363610185586
744.0,cctv3,C3_S011,G008,OCCUPIED,OCCUPIED,0.8015185827558692
744.0,cctv3,C3_S012,G009,OCCUPIED,OCCUPIED,0.8257760860703209
745.0,cctv1,C1_S001,G001,OCCUPIED,OCCUPIED,0.7305351212620735
745.0,cctv1,C1_S002,G002,EMPTY,EMPTY,0.01
745.0,cctv1,C1_S003,G003,OCCUPIED,OCCUPIED,0.8372912791642276
745.0,cctv1,C1_S004,G004,OCCUPIED,OCCUPIED,0.7734813564203002
745.0,cctv1,C1_S005,G005,OCCUPIED,LEAVING,0.7551976692270149
745.0,cctv1,C1_S006,G006,EMPTY,MANEUVERING,0.3995568004860119
745.0,cctv2,C2_S001,G007,OCCUPIED,OCCUPIED,0.7907338031313637
745.0,cctv2,C2_S002,G008,OCCUPIED,OCCUPIED,0.8243260058489713
745.0,cctv2,C2_S003,G009,EMPTY,MANEUVERING,0.3386538205498999
745.0,cctv2,C2_S004,G010,OCCUPIED,OCCUPIED,0.7759048513390802
745.0,cctv2,C2_S005,G001,EMPTY,EMPTY,0.01
745.0,cctv2,C2_S006,G003,OCCUPIED,OCCUPIED,0.8214328004555269
745.0,cctv2,C2_S007,G004,OCCUPIED,OCCUPIED,0.8081318072297357
745.0,cctv2,C2_S008,G006,OCCUPIED,OCCUPIED,0.7793236530639909
745.0,cctv2,C2_S009,G005,OCCUPIED,OCCUPIED,0.7957616193728014
745.0,cctv2,C2_S010,G002,OCCUPIED,OCCUPIED,0.7950901129029014
745.0,cctv2,C2_S011,G017,OCCUPIED,OCCUPIED,0.7800747024742041
745.0,cctv2,C2_S012,G018,EMPTY,EMPTY,0.01
745.0,cctv2,C2_S013,G019,OCCUPIED,OCCUPIED,0.7982357450506905
745.0,cctv2,C2_S014,G020,EMPTY,EMPTY,0.01
745.0,cctv3,C3_S001,G021,OCCUPIED,OCCUPIED,0.7933042022314939
745.0,cctv3,C3_S002,G019,EMPTY,EMPTY,0.01
745.0,cctv3,C3_S003,G020,OCCUPIED,OCCUPIED,0.8304057373241945
745.0,cctv3,C3_S004,G024,OCCUPIED,OCCUPIED,0.8291006581349807
745.0,cctv3,C3_S005,G025,OCCUPIED,OCCUPIED,0.8297567898576911
745.0,cctv3,C3_S006,G026,OCCUPIED,OCCUPIED,0.8282775800336492
745.0,cctv3,C3_S007,G027,OCCUPIED,OCCUPIED,0.7665469813075934
745.0,cctv3,C3_S008,G028,EMPTY,EMPTY,0.01
745.0,cctv3,C3_S009,G029,EMPTY,MANEUVERING,0.2599466230615861
745.0,cctv3,C3_S010,G007,OCCUPIED,OCCUPIED,0.5742431423416385
745.0,cctv3,C3_S011,G008,OCCUPIED,OCCUPIED,0.8012332412329588
745.0,cctv3,C3_S012,G009,OCCUPIED,OCCUPIED,0.8260106330568141
746.0,cctv1,C1_S001,G001,OCCUPIED,OCCUPIED,0.730395358665423
746.0,cctv1,C1_S002,G002,EMPTY,EMPTY,0.01
746.0,cctv1,C1_S003,G003,OCCUPIED,OCCUPIED,0.8373496123335579
746.0,cctv1,C1_S004,G004,OCCUPIED,OCCUPIED,0.7740850363265385
746.0,cctv1,C1_S005,G005,OCCUPIED,LEAVING,0.7546350734477694
746.0,cctv1,C1_S006,G006,EMPTY,MANEUVERING,0.2993703298243609
746.0,cctv2,C2_S001,G007,OCCUPIED,OCCUPIED,0.7916261293671348
746.0,cctv2,C2_S002,G008,OCCUPIED,OCCUPIED,0.8252660315145146
746.0,cctv2,C2_S003,G009,EMPTY,MANEUVERING,0.3038425388051705
746.0,cctv2,C2_S004,G010,OCCUPIED,OCCUPIED,0.7752642431042411
746.0,cctv2,C2_S005,G001,EMPTY,EMPTY,0.01
746.0,cctv2,C2_S006,G003,OCCUPIED,OCCUPIED,0.821540006724271
746.0,cctv2,C2_S007,G004,OCCUPIED,OCCUPIED,0.807507041909478
746.0,cctv2,C2_S008,G006,OCCUPIED,OCCUPIED,0.7782559331167829
746.0,cctv2,C2_S009,G005,OCCUPIED,OCCUPIED,0.7952446292747152
746.0,cctv2,C2_S010,G002,OCCUPIED,OCCUPIED,0.7949806885285812
746.0,cctv2,C2_S011,G017,OCCUPIED,OCCUPIED,0.7826613561673599
746.0,cctv2,C2_S012,G018,EMPTY,EMPTY,0.01
746.0,cctv2,C2_S013,G019,OCCUPIED,OCCUPIED,0.7951369158246301
746.0,cctv2,C2_S014,G020,EMPTY,EMPTY,0.01
746.0,cctv3,C3_S001,G021,OCCUPIED,OCCUPIED,0.7923954681916671
746.0,cctv3,C3_S002,G019,EMPTY,EMPTY,0.01
746.0,cctv3,C3_S003,G020,OCCUPIED,OCCUPIED,0.8303721373731441
746.0,cctv3,C3_S004,G024,OCCUPIED,OCCUPIED,0.8289558237249202
746.0,cctv3,C3_S005,G025,OCCUPIED,OCCUPIED,0.8297861446033825
746.0,cctv3,C3_S006,G026,OCCUPIED,OCCUPIED,0.8281520632180301
746.0,cctv3,C3_S007,G027,OCCUPIED,OCCUPIED,0.7654161014340142
746.0,cctv3,C3_S008,G028,EMPTY,EMPTY,0.01
746.0,cctv3,C3_S009,G029,EMPTY,MANEUVERING,0.2599466230615861
746.0,cctv3,C3_S010,G007,OCCUPIED,OCCUPIED,0.5761713141977013
746.0,cctv3,C3_S011,G008,OCCUPIED,OCCUPIED,0.8017705153335225
746.0,cctv3,C3_S012,G009,OCCUPIED,OCCUPIED,0.8259309039874511
747.0,cctv1,C1_S001,G001,OCCUPIED,OCCUPIED,0.7300502453338017
747.0,cctv1,C1_S002,G002,EMPTY,EMPTY,0.01
747.0,cctv1,C1_S003,G003,OCCUPIED,OCCUPIED,0.8373300411484459
747.0,cctv1,C1_S004,G004,OCCUPIED,OCCUPIED,0.7762920314615424
747.0,cctv1,C1_S005,G005,OCCUPIED,LEAVING,0.7556947532702577
747.0,cctv1,C1_S006,G006,EMPTY,MANEUVERING,0.2423703298243609
747.0,cctv2,C2_S001,G007,OCCUPIED,OCCUPIED,0.7923199566927823
747.0,cctv2,C2_S002,G008,OCCUPIED,OCCUPIED,0.8251062059944327
747.0,cctv2,C2_S003,G009,EMPTY,MANEUVERING,0.351919752271338
747.0,cctv2,C2_S004,G010,OCCUPIED,OCCUPIED,0.7723581570115957
747.0,cctv2,C2_S005,G001,EMPTY,EMPTY,0.01
747.0,cctv2,C2_S006,G003,OCCUPIED,OCCUPIED,0.8221862857992
747.0,cctv2,C2_S007,G004,OCCUPIED,OCCUPIED,0.8076098233461381
747.0,cctv2,C2_S008,G006,OCCUPIED,OCCUPIED,0.7786285025152294
747.0,cctv2,C2_S009,G005,OCCUPIED,OCCUPIED,0.7955975145101548
747.0,cctv2,C2_S010,G002,OCCUPIED,OCCUPIED,0.7961907581849532
747.0,cctv2,C2_S011,G017,OCCUPIED,OCCUPIED,0.7835888827388937
747.0,cctv2,C2_S012,G018,EMPTY,EMPTY,0.01
747.0,cctv2,C2_S013,G019,OCCUPIED,OCCUPIED,0.7980031024325979
747.0,cctv2,C2_S014,G020,EMPTY,EMPTY,0.01
747.0,cctv3,C3_S001,G021,OCCUPIED,OCCUPIED,0.7915973386981271
747.0,cctv3,C3_S002,G019,EMPTY,EMPTY,0.01
747.0,cctv3,C3_S003,G020,OCCUPIED,OCCUPIED,0.8301894878799265
747.0,cctv3,C3_S004,G024,OCCUPIED,OCCUPIED,0.828987298228524
747.0,cctv3,C3_S005,G025,OCCUPIED,OCCUPIED,0.8297956957058474
747.0,cctv3,C3_S006,G026,OCCUPIED,OCCUPIED,0.828067481788722
747.0,cctv3,C3_S007,G027,OCCUPIED,OCCUPIED,0.7657713218168779
747.0,cctv3,C3_S008,G028,EMPTY,EMPTY,0.01
747.0,cctv3,C3_S009,G029,EMPTY,MANEUVERING,0.253085338919226
747.0,cctv3,C3_S010,G007,OCCUPIED,OCCUPIED,0.5761713141977013
747.0,cctv3,C3_S011,G008,OCCUPIED,OCCUPIED,0.8020076843825255
747.0,cctv3,C3_S012,G009,OCCUPIED,OCCUPIED,0.8258891314268113
748.0,cctv1,C1_S001,G001,OCCUPIED,OCCUPIED,0.7301978787915274
748.0,cctv1,C1_S002,G002,EMPTY,EMPTY,0.01
748.0,cctv1,C1_S003,G003,OCCUPIED,OCCUPIED,0.8372866186228666
748.0,cctv1,C1_S004,G004,OCCUPIED,OCCUPIED,0.7780109881000086
748.0,cctv1,C1_S005,G005,OCCUPIED,LEAVING,0.7580012193457647
748.0,cctv1,C1_S006,G006,EMPTY,MANEUVERING,0.2337989012529323
748.0,cctv2,C2_S001,G007,OCCUPIED,OCCUPIED,0.7949407049200752
748.0,cctv2,C2_S002,G008,OCCUPIED,OCCUPIED,0.8265199130231684
748.0,cctv2,C2_S003,G009,EMPTY,MANEUVERING,0.351919752271338
748.0,cctv2,C2_S004,G010,OCCUPIED,OCCUPIED,0.7740467002446002
748.0,cctv2,C2_S005,G001,EMPTY,EMPTY,0.01
748.0,cctv2,C2_S006,G003,OCCUPIED,OCCUPIED,0.822345612265847
748.0,cctv2,C2_S007,G004,OCCUPIED,OCCUPIED,0.8071426028555091
748.0,cctv2,C2_S008,G006,OCCUPIED,OCCUPIED,0.778891984847459
748.0,cctv2,C2_S009,G005,OCCUPIED,OCCUPIED,0.7955562743273649
748.0,cctv2,C2_S010,G002,OCCUPIED,OCCUPIED,0.7966069711880251
748.0,cctv2,C2_S011,G017,OCCUPIED,OCCUPIED,0.7870540521361612
748.0,cctv2,C2_S012,G018,EMPTY,EMPTY,0.01
748.0,cctv2,C2_S013,G019,OCCUPIED,OCCUPIED,0.7935669315132229
748.0,cctv2,C2_S014,G020,EMPTY,EMPTY,0.01
748.0,cctv3,C3_S001,G021,OCCUPIED,OCCUPIED,0.7912180840969086
748.0,cctv3,C3_S002,G019,EMPTY,EMPTY,0.01
748.0,cctv3,C3_S003,G020,OCCUPIED,OCCUPIED,0.8297150359912353
748.0,cctv3,C3_S004,G024,OCCUPIED,OCCUPIED,0.8289486289024354
748.0,cctv3,C3_S005,G025,OCCUPIED,OCCUPIED,0.8299356704408473
748.0,cctv3,C3_S006,G026,OCCUPIED,OCCUPIED,0.8279579988934778
748.0,cctv3,C3_S007,G027,OCCUPIED,OCCUPIED,0.7664933574470607
748.0,cctv3,C3_S008,G028,EMPTY,EMPTY,0.01
748.0,cctv3,C3_S009,G029,EMPTY,MANEUVERING,0.2169242175318526
748.0,cctv3,C3_S010,G007,OCCUPIED,OCCUPIED,0.6276464769718322
748.0,cctv3,C3_S011,G008,OCCUPIED,OCCUPIED,0.8020778005773371
748.0,cctv3,C3_S012,G009,OCCUPIED,OCCUPIED,0.8255442855033008
749.0,cctv1,C1_S001,G001,OCCUPIED,OCCUPIED,0.7316501431844452
749.0,cctv1,C1_S002,G002,EMPTY,EMPTY,0.01
749.0,cctv1,C1_S003,G003,OCCUPIED,OCCUPIED,0.8372270353815773
749.0,cctv1,C1_S004,G004,OCCUPIED,OCCUPIED,0.7785745482553136
749.0,cctv1,C1_S005,G005,OCCUPIED,LEAVING,0.7600495823405007
749.0,cctv1,C1_S006,G006,EMPTY,MANEUVERING,0.1823703298243609
749.0,cctv2,C2_S001,G007,OCCUPIED,OCCUPIED,0.7950896618041126
749.0,cctv2,C2_S002,G008,OCCUPIED,OCCUPIED,0.8270798078992151
749.0,cctv2,C2_S003,G009,EMPTY,MANEUVERING,0.3940714161707596
749.0,cctv2,C2_S004,G010,OCCUPIED,OCCUPIED,0.7723014335740697
749.0,cctv2,C2_S005,G001,EMPTY,EMPTY,0.01
749.0,cctv2,C2_S006,G003,OCCUPIED,OCCUPIED,0.8220910958268426
749.0,cctv2,C2_S007,G004,OCCUPIED,OCCUPIED,0.8066693335771561
749.0,cctv2,C2_S008,G006,OCCUPIED,OCCUPIED,0.778766988624226
749.0,cctv2,C2_S009,G005,OCCUPIED,OCCUPIED,0.7957728927785701
749.0,cctv2,C2_S010,G002,OCCUPIED,OCCUPIED,0.7965914607048036
749.0,cctv2,C2_S011,G017,OCCUPIED,OCCUPIED,0.7878121143037623
749.0,cctv2,C2_S012,G018,EMPTY,EMPTY,0.01
749.0,cctv2,C2_S013,G019,OCCUPIED,OCCUPIED,0.7964660897850991
749.0,cctv2,C2_S014,G020,EMPTY,EMPTY,0.01
749.0,cctv3,C3_S001,G021,OCCUPIED,OCCUPIED,0.7917193531990052
749.0,cctv3,C3_S002,G019,EMPTY,EMPTY,0.01
749.0,cctv3,C3_S003,G020,OCCUPIED,OCCUPIED,0.8293629871173339
749.0,cctv3,C3_S004,G024,OCCUPIED,OCCUPIED,0.8289039327339693
749.0,cctv3,C3_S005,G025,OCCUPIED,OCCUPIED,0.8300442438233984
749.0,cctv3,C3_S006,G026,OCCUPIED,OCCUPIED,0.8278518541292712
749.0,cctv3,C3_S007,G027,OCCUPIED,OCCUPIED,0.76680327125571
749.0,cctv3,C3_S008,G028,EMPTY,EMPTY,0.01
749.0,cctv3,C3_S009,G029,EMPTY,MANEUVERING,0.3302646329152313
749.0,cctv3,C3_S010,G007,OCCUPIED,OCCUPIED,0.5826464769718323
749.0,cctv3,C3_S011,G008,OCCUPIED,OCCUPIED,0.8031212164597078
749.0,cctv3,C3_S012,G009,OCCUPIED,OCCUPIED,0.8254771156744525
750.0,cctv1,C1_S001,G001,OCCUPIED,OCCUPIED,0.7317052300680769
750.0,cctv1,C1_S002,G002,EMPTY,EMPTY,0.01
750.0,cctv1,C1_S003,G003,OCCUPIED,OCCUPIED,0.837330571087924
750.0,cctv1,C1_S004,G004,OCCUPIED,OCCUPIED,0.7790835026990284
750.0,cctv1,C1_S005,G005,OCCUPIED,OCCUPIED,0.7182303464412689
750.0,cctv1,C1_S006,G006,EMPTY,MANEUVERING,0.1773703298243609
750.0,cctv2,C2_S001,G007,OCCUPIED,OCCUPIED,0.7947557251561772
750.0,cctv2,C2_S002,G008,OCCUPIED,OCCUPIED,0.8265555953437632
750.0,cctv2,C2_S003,G009,EMPTY,MANEUVERING,0.3605447146567431
750.0,cctv2,C2_S004,G010,OCCUPIED,OCCUPIED,0.7729966267943383
750.0,cctv2,C2_S005,G001,EMPTY,EMPTY,0.01
750.0,cctv2,C2_S006,G003,OCCUPIED,OCCUPIED,0.8223058749328961
750.0,cctv2,C2_S007,G004,OCCUPIED,OCCUPIED,0.8065639983523977
750.0,cctv2,C2_S008,G006,OCCUPIED,OCCUPIED,0.7807672171430154
750.0,cctv2,C2_S009,G005,OCCUPIED,OCCUPIED,0.7961665183305741
750.0,cctv2,C2_S010,G002,OCCUPIED,OCCUPIED,0.7985461879860272
750.0,cctv2,C2_S011,G017,OCCUPIED,OCCUPIED,0.7895320556380533
750.0,cctv2,C2_S012,G018,EMPTY,EMPTY,0.01
750.0,cctv2,C2_S013,G019,OCCUPIED,OCCUPIED,0.7982731557705186
750.0,cctv2,C2_S014,G020,EMPTY,EMPTY,0.01
750.0,cctv3,C3_S001,G021,OCCUPIED,OCCUPIED,0.7903387592597442
750.0,cctv3,C3_S002,G019,EMPTY,EMPTY,0.01
750.0,cctv3,C3_S003,G020,OCCUPIED,OCCUPIED,0.8292442319068043
750.0,cctv3,C3_S004,G024,OCCUPIED,OCCUPIED,0.8288689095865597
750.0,cctv3,C3_S005,G025,OCCUPIED,OCCUPIED,0.8299141412431544
750.0,cctv3,C3_S006,G026,OCCUPIED,OCCUPIED,0.8276784956455231
750.0,cctv3,C3_S007,G027,OCCUPIED,OCCUPIED,0.7665052351626483
750.0,cctv3,C3_S008,G028,EMPTY,EMPTY,0.01
750.0,cctv3,C3_S009,G029,EMPTY,MANEUVERING,0.3302646329152313
750.0,cctv3,C3_S010,G007,OCCUPIED,OCCUPIED,0.5815508772906932
750.0,cctv3,C3_S011,G008,OCCUPIED,OCCUPIED,0.8037916386669333
750.0,cctv3,C3_S012,G009,OCCUPIED,OCCUPIED,0.8255123387683523
751.0,cctv1,C1_S001,G001,OCCUPIED,OCCUPIED,0.7319021694362164
751.0,cctv1,C1_S002,G002,EMPTY,EMPTY,0.01
751.0,cctv1,C1_S003,G003,OCCUPIED,OCCUPIED,0.8372844712300734
751.0,cctv1,C1_S004,G004,OCCUPIED,OCCUPIED,0.7795255697586321
751.0,cctv1,C1_S005,G005,OCCUPIED,OCCUPIED,0.7212509630159899
751.0,cctv1,C1_S006,G006,EMPTY,MANEUVERING,0.255317366392775
751.0,cctv2,C2_S001,G007,OCCUPIED,OCCUPIED,0.796817773309621
751.0,cctv2,C2_S002,G008,OCCUPIED,OCCUPIED,0.8257851966402748
751.0,cctv2,C2_S003,G009,EMPTY,MANEUVERING,0.3527908209237185
751.0,cctv2,C2_S004,G010,OCCUPIED,OCCUPIED,0.7736538379029795
751.0,cctv2,C2_S005,G001,EMPTY,EMPTY,0.01
751.0,cctv2,C2_S006,G003,OCCUPIED,OCCUPIED,0.8221271585334432
751.0,cctv2,C2_S007,G004,OCCUPIED,OCCUPIED,0.8062612663615835
751.0,cctv2,C2_S008,G006,OCCUPIED,OCCUPIED,0.7816535132852468
751.0,cctv2,C2_S009,G005,OCCUPIED,OCCUPIED,0.7951686683026228
751.0,cctv2,C2_S010,G002,OCCUPIED,OCCUPIED,0.7981488821181385
751.0,cctv2,C2_S011,G017,OCCUPIED,OCCUPIED,0.7904894278808074
751.0,cctv2,C2_S012,G018,EMPTY,EMPTY,0.01
751.0,cctv2,C2_S013,G019,OCCUPIED,OCCUPIED,0.7981214768507264
751.0,cctv2,C2_S014,G020,EMPTY,EMPTY,0.01
751.0,cctv3,C3_S001,G021,OCCUPIED,OCCUPIED,0.7903344986113636
751.0,cctv3,C3_S002,G019,EMPTY,EMPTY,0.01
751.0,cctv3,C3_S003,G020,OCCUPIED,OCCUPIED,0.8297300466082314
751.0,cctv3,C3_S004,G024,OCCUPIED,OCCUPIED,0.8287518644874747
751.0,cctv3,C3_S005,G025,OCCUPIED,OCCUPIED,0.8299997727979314
751.0,cctv3,C3_S006,G026,OCCUPIED,OCCUPIED,0.8276336954398589
751.0,cctv3,C3_S007,G027,OCCUPIED,OCCUPIED,0.7661262695084919
751.0,cctv3,C3_S008,G028,EMPTY,EMPTY,0.01
751.0,cctv3,C3_S009,G029,EMPTY,MANEUVERING,0.2852646329152313
751.0,cctv3,C3_S010,G007,OCCUPIED,OCCUPIED,0.6256502719697628
751.0,cctv3,C3_S011,G008,OCCUPIED,OCCUPIED,0.8042475873773749
751.0,cctv3,C3_S012,G009,OCCUPIED,OCCUPIED,0.8250515864654021
752.0,cctv1,C1_S001,G001,OCCUPIED,OCCUPIED,0.7311110529032622
752.0,cctv1,C1_S002,G002,EMPTY,EMPTY,0.01
752.0,cctv1,C1_S003,G003,OCCUPIED,OCCUPIED,0.8372466829690067
752.0,cctv1,C1_S004,G004,OCCUPIED,OCCUPIED,0.7796333132819696
752.0,cctv1,C1_S005,G005,OCCUPIED,OCCUPIED,0.7254495579546149
752.0,cctv1,C1_S006,G006,EMPTY,MANEUVERING,0.2520446391200477
752.0,cctv2,C2_S001,G007,OCCUPIED,OCCUPIED,0.7963047788901763
752.0,cctv2,C2_S002,G008,OCCUPIED,OCCUPIED,0.8248608139428226
752.0,cctv2,C2_S003,G009,EMPTY,MANEUVERING,0.3527908209237185
752.0,cctv2,C2_S004,G010,OCCUPIED,OCCUPIED,0.7713530418547718
752.0,cctv2,C2_S005,G001,EMPTY,EMPTY,0.01
752.0,cctv2,C2_S006,G003,OCCUPIED,OCCUPIED,0.8218497433445671
752.0,cctv2,C2_S007,G004,OCCUPIED,OCCUPIED,0.806047608093782
752.0,cctv2,C2_S008,G006,OCCUPIED,OCCUPIED,0.7824342425573957
752.0,cctv2,C2_S009,G005,OCCUPIED,OCCUPIED,0.7943166686729952
752.0,cctv2,C2_S010,G002,OCCUPIED,OCCUPIED,0.7986877566034144
752.0,cctv2,C2_S011,G017,OCCUPIED,OCCUPIED,0.7913195130499927
752.0,cctv2,C2_S012,G018,EMPTY,EMPTY,0.01
752.0,cctv2,C2_S013,G019,OCCUPIED,OCCUPIED,0.7979568217288364
752.0,cctv2,C2_S014,G020,EMPTY,EMPTY,0.01
752.0,cctv3,C3_S001,G021,OCCUPIED,OCCUPIED,0.7902875363826752
752.0,cctv3,C3_S002,G019,EMPTY,EMPTY,0.01
752.0,cctv3,C3_S003,G020,OCCUPIED,OCCUPIED,0.829356305978515
752.0,cctv3,C3_S004,G024,OCCUPIED,OCCUPIED,0.8286013129082593
752.0,cctv3,C3_S005,G025,OCCUPIED,OCCUPIED,0.8300822799856014
752.0,cctv3,C3_S006,G026,OCCUPIED,OCCUPIED,0.82759595757181
752.0,cctv3,C3_S007,G027,OCCUPIED,OCCUPIED,0.7670522139831023
752.0,cctv3,C3_S008,G028,EMPTY,EMPTY,0.01
752.0,cctv3,C3_S009,G029,EMPTY,MANEUVERING,0.365960522075607
752.0,cctv3,C3_S010,G007,OCCUPIED,OCCUPIED,0.5448594725906075
752.0,cctv3,C3_S011,G008,OCCUPIED,OCCUPIED,0.8054713062264703
752.0,cctv3,C3_S012,G009,OCCUPIED,OCCUPIED,0.8251639311963862
753.0,cctv1,C1_S001,G001,OCCUPIED,OCCUPIED,0.7308571838519791
753.0,cctv1,C1_S002,G002,EMPTY,EMPTY,0.01
753.0,cctv1,C1_S003,G003,OCCUPIED,OCCUPIED,0.8373139194466852
753.0,cctv1,C1_S004,G004,OCCUPIED,OCCUPIED,0.7807873158292338
753.0,cctv1,C1_S005,G005,OCCUPIED,OCCUPIED,0.7390925818410787
753.0,cctv1,C1_S006,G006,EMPTY,MANEUVERING,0.2049407691982659
753.0,cctv2,C2_S001,G007,OCCUPIED,OCCUPIED,0.7958131340416996
753.0,cctv2,C2_S002,G008,OCCUPIED,OCCUPIED,0.8242979751391845
753.0,cctv2,C2_S003,G009,EMPTY,MANEUVERING,0.3077908209237185
753.0,cctv2,C2_S004,G010,OCCUPIED,OCCUPIED,0.7711911132389849
753.0,cctv2,C2_S005,G001,EMPTY,EMPTY,0.01
753.0,cctv2,C2_S006,G003,OCCUPIED,OCCUPIED,0.8218662275509402
753.0,cctv2,C2_S007,G004,OCCUPIED,OCCUPIED,0.8060069734399969
753.0,cctv2,C2_S008,G006,OCCUPIED,OCCUPIED,0.7829263368790801
753.0,cctv2,C2_S009,G005,OCCUPIED,OCCUPIED,0.7932881179181013
753.0,cctv2,C2_S010,G002,OCCUPIED,OCCUPIED,0.7982003033161164
753.0,cctv2,C2_S011,G017,OCCUPIED,OCCUPIED,0.7916930943727494
753.0,cctv2,C2_S012,G018,EMPTY,EMPTY,0.01
753.0,cctv2,C2_S013,G019,OCCUPIED,OCCUPIED,0.8013981178402901
753.0,cctv2,C2_S014,G020,EMPTY,EMPTY,0.01
753.0,cctv3,C3_S001,G021,OCCUPIED,OCCUPIED,0.7899668807333167
753.0,cctv3,C3_S002,G019,EMPTY,EMPTY,0.01
753.0,cctv3,C3_S003,G020,OCCUPIED,OCCUPIED,0.8296208490024914
753.0,cctv3,C3_S004,G024,OCCUPIED,OCCUPIED,0.8280937316742811
753.0,cctv3,C3_S005,G025,OCCUPIED,OCCUPIED,0.8301038977774707
753.0,cctv3,C3_S006,G026,OCCUPIED,OCCUPIED,0.8275325265797703
753.0,cctv3,C3_S007,G027,OCCUPIED,OCCUPIED,0.7667867248708552
753.0,cctv3,C3_S008,G028,EMPTY,EMPTY,0.01
753.0,cctv3,C3_S009,G029,EMPTY,MANEUVERING,0.320960522075607
753.0,cctv3,C3_S010,G007,OCCUPIED,OCCUPIED,0.5902093744200545
753.0,cctv3,C3_S011,G008,OCCUPIED,OCCUPIED,0.8055814328518781
753.0,cctv3,C3_S012,G009,OCCUPIED,OCCUPIED,0.8252794929526069
754.0,cctv1,C1_S001,G001,OCCUPIED,OCCUPIED,0.7312613947824999
754.0,cctv1,C1_S002,G002,EMPTY,EMPTY,0.01
754.0,cctv1,C1_S003,G003,OCCUPIED,OCCUPIED,0.8372794010422447
754.0,cctv1,C1_S004,G004,OCCUPIED,OCCUPIED,0.7816750250079416
754.0,cctv1,C1_S005,G005,OCCUPIED,OCCUPIED,0.7521362872557208
754.0,cctv1,C1_S006,G006,EMPTY,MANEUVERING,0.1596020789105783
754.0,cctv2,C2_S001,G007,OCCUPIED,OCCUPIED,0.7974074317650363
754.0,cctv2,C2_S002,G008,OCCUPIED,OCCUPIED,0.8247030862353065
754.0,cctv2,C2_S003,G009,EMPTY,MANEUVERING,0.3077908209237185
754.0,cctv2,C2_S004,G010,OCCUPIED,OCCUPIED,0.7698566480116411
754.0,cctv2,C2_S005,G001,EMPTY,EMPTY,0.01
754.0,cctv2,C2_S006,G003,OCCUPIED,OCCUPIED,0.821606442603198
754.0,cctv2,C2_S007,G004,OCCUPIED,OCCUPIED,0.805628740516576
754.0,cctv2,C2_S008,G006,OCCUPIED,OCCUPIED,0.7818185512315143
754.0,cctv2,C2_S009,G005,OCCUPIED,OCCUPIED,0.7923836006359621
754.0,cctv2,C2_S010,G002,OCCUPIED,OCCUPIED,0.7984509980136698
754.0,cctv2,C2_S011,G017,OCCUPIED,OCCUPIED,0.7915283555334265
754.0,cctv2,C2_S012,G018,EMPTY,EMPTY,0.01
754.0,cctv2,C2_S013,G019,OCCUPIED,OCCUPIED,0.801929009096189
754.0,cctv2,C2_S014,G020,EMPTY,EMPTY,0.01
754.0,cctv3,C3_S001,G021,OCCUPIED,OCCUPIED,0.7895495704629205
754.0,cctv3,C3_S002,G019,EMPTY,EMPTY,0.01
754.0,cctv3,C3_S003,G020,OCCUPIED,OCCUPIED,0.8300731499086728
754.0,cctv3,C3_S004,G024,OCCUPIED,OCCUPIED,0.8278033183379607
754.0,cctv3,C3_S005,G025,OCCUPIED,OCCUPIED,0.8301841949874705
754.0,cctv3,C3_S006,G026,OCCUPIED,OCCUPIED,0.8277046780694616
754.0,cctv3,C3_S007,G027,OCCUPIED,OCCUPIED,0.7680687947706744
754.0,cctv3,C3_S008,G028,EMPTY,EMPTY,0.01
754.0,cctv3,C3_S009,G029,EMPTY,MANEUVERING,0.2847984078052368
754.0,cctv3,C3_S010,G007,OCCUPIED,OCCUPIED,0.5452093744200546
754.0,cctv3,C3_S011,G008,OCCUPIED,OCCUPIED,0.8059218588200483
754.0,cctv3,C3_S012,G009,OCCUPIED,OCCUPIED,0.8253965616226197
755.0,cctv1,C1_S001,G001,OCCUPIED,OCCUPIED,0.731975408982147
755.0,cctv1,C1_S002,G002,EMPTY,EMPTY,0.01
755.0,cctv1,C1_S003,G003,OCCUPIED,OCCUPIED,0.8371362718668851
755.0,cctv1,C1_S004,G004,OCCUPIED,OCCUPIED,0.7821612469174646
755.0,cctv1,C1_S005,G005,OCCUPIED,OCCUPIED,0.7514620465582068
755.0,cctv1,C1_S006,G006,EMPTY,MANEUVERING,0.1146020789105783
755.0,cctv2,C2_S001,G007,OCCUPIED,OCCUPIED,0.7951911509037018
755.0,cctv2,C2_S002,G008,OCCUPIED,OCCUPIED,0.8244320498271422
755.0,cctv2,C2_S003,G009,EMPTY,MANEUVERING,0.2627908209237185
755.0,cctv2,C2_S004,G010,OCCUPIED,OCCUPIED,0.7682728698307818
755.0,cctv2,C2_S005,G001,EMPTY,EMPTY,0.01
755.0,cctv2,C2_S006,G003,OCCUPIED,OCCUPIED,0.8214581286365337
755.0,cctv2,C2_S007,G004,OCCUPIED,OCCUPIED,0.8056514190001922
755.0,cctv2,C2_S008,G006,OCCUPIED,OCCUPIED,0.7813822712410581
755.0,cctv2,C2_S009,G005,OCCUPIED,OCCUPIED,0.7912682088938627
755.0,cctv2,C2_S010,G002,OCCUPIED,OCCUPIED,0.7986174778504805
755.0,cctv2,C2_S011,G017,OCCUPIED,OCCUPIED,0.7891698489134963
755.0,cctv2,C2_S012,G018,EMPTY,EMPTY,0.01
755.0,cctv2,C2_S013,G019,OCCUPIED,OCCUPIED,0.8102128498933533
755.0,cctv2,C2_S014,G020,EMPTY,EMPTY,0.01
755.0,cctv3,C3_S001,G021,OCCUPIED,OCCUPIED,0.7889925040981987
755.0,cctv3,C3_S002,G019,EMPTY,EMPTY,0.01
755.0,cctv3,C3_S003,G020,OCCUPIED,OCCUPIED,0.8300096790898931
755.0,cctv3,C3_S004,G024,OCCUPIED,OCCUPIED,0.827695217999545
755.0,cctv3,C3_S005,G025,OCCUPIED,OCCUPIED,0.8301692209460519
755.0,cctv3,C3_S006,G026,OCCUPIED,OCCUPIED,0.8275925853035667
755.0,cctv3,C3_S007,G027,OCCUPIED,OCCUPIED,0.7688985617323356
755.0,cctv3,C3_S008,G028,EMPTY,EMPTY,0.01
755.0,cctv3,C3_S009,G029,EMPTY,MANEUVERING,0.2847984078052368
755.0,cctv3,C3_S010,G007,OCCUPIED,OCCUPIED,0.5453281873387176
755.0,cctv3,C3_S011,G008,OCCUPIED,OCCUPIED,0.8071559301831506
755.0,cctv3,C3_S012,G009,OCCUPIED,OCCUPIED,0.8256441669030623
756.0,cctv1,C1_S001,G001,OCCUPIED,OCCUPIED,0.7312380894341253
756.0,cctv1,C1_S002,G002,EMPTY,EMPTY,0.01
756.0,cctv1,C1_S003,G003,OCCUPIED,OCCUPIED,0.8370964443141764
756.0,cctv1,C1_S004,G004,OCCUPIED,OCCUPIED,0.7820364266633988
756.0,cctv1,C1_S005,G005,OCCUPIED,OCCUPIED,0.7656420921737498
756.0,cctv1,C1_S006,G006,EMPTY,MANEUVERING,0.186976657916199
756.0,cctv2,C2_S001,G007,OCCUPIED,OCCUPIED,0.795921464399858
756.0,cctv2,C2_S002,G008,OCCUPIED,OCCUPIED,0.8245044767856599
756.0,cctv2,C2_S003,G009,EMPTY,MANEUVERING,0.3505884769423442
756.0,cctv2,C2_S004,G010,OCCUPIED,OCCUPIED,0.7688735708594323
756.0,cctv2,C2_S005,G001,EMPTY,EMPTY,0.01
756.0,cctv2,C2_S006,G003,OCCUPIED,OCCUPIED,0.8213481735099446
756.0,cctv2,C2_S007,G004,OCCUPIED,OCCUPIED,0.8041937627575615
756.0,cctv2,C2_S008,G006,OCCUPIED,OCCUPIED,0.7818199004639279
756.0,cctv2,C2_S009,G005,OCCUPIED,OCCUPIED,0.790716917406429
756.0,cctv2,C2_S010,G002,OCCUPIED,OCCUPIED,0.7980599774555727
756.0,cctv2,C2_S011,G017,OCCUPIED,OCCUPIED,0.7893597728826783
756.0,cctv2,C2_S012,G018,EMPTY,EMPTY,0.01
756.0,cctv2,C2_S013,G019,OCCUPIED,OCCUPIED,0.8099039073694837
756.0,cctv2,C2_S014,G020,EMPTY,EMPTY,0.01
756.0,cctv3,C3_S001,G021,OCCUPIED,OCCUPIED,0.7882254272699357
756.0,cctv3,C3_S002,G019,EMPTY,EMPTY,0.01
756.0,cctv3,C3_S003,G020,OCCUPIED,OCCUPIED,0.8289640589193865
756.0,cctv3,C3_S004,G024,OCCUPIED,OCCUPIED,0.8274963793429462
756.0,cctv3,C3_S005,G025,OCCUPIED,OCCUPIED,0.8301672905683518
756.0,cctv3,C3_S006,G026,OCCUPIED,OCCUPIED,0.8275213368914345
756.0,cctv3,C3_S007,G027,OCCUPIED,OCCUPIED,0.7690456256270409
756.0,cctv3,C3_S008,G028,EMPTY,EMPTY,0.01
756.0,cctv3,C3_S009,G029,EMPTY,MANEUVERING,0.3281295079788701
756.0,cctv3,C3_S010,G007,OCCUPIED,OCCUPIED,0.51
756.0,cctv3,C3_S011,G008,OCCUPIED,OCCUPIED,0.8076200986450369
756.0,cctv3,C3_S012,G009,OCCUPIED,OCCUPIED,0.8254940111528744
757.0,cctv1,C1_S001,G001,OCCUPIED,OCCUPIED,0.7298868935216558
757.0,cctv1,C1_S002,G002,EMPTY,EMPTY,0.01
757.0,cctv1,C1_S003,G003,OCCUPIED,OCCUPIED,0.8369317704981024
757.0,cctv1,C1_S004,G004,OCCUPIED,OCCUPIED,0.7787980790842663
757.0,cctv1,C1_S005,G005,OCCUPIED,OCCUPIED,0.7652842732993039
757.0,cctv1,C1_S006,G006,EMPTY,MANEUVERING,0.186976657916199
757.0,cctv2,C2_S001,G007,OCCUPIED,OCCUPIED,0.7957792463627729
757.0,cctv2,C2_S002,G008,OCCUPIED,OCCUPIED,0.8235601140694185
757.0,cctv2,C2_S003,G009,EMPTY,MANEUVERING,0.4280689474398439
757.0,cctv2,C2_S004,G010,OCCUPIED,OCCUPIED,0.7690041708675298
757.0,cctv2,C2_S005,G001,EMPTY,EMPTY,0.01
757.0,cctv2,C2_S006,G003,OCCUPIED,OCCUPIED,0.8211319102482363
757.0,cctv2,C2_S007,G004,OCCUPIED,OCCUPIED,0.803785102204843
757.0,cctv2,C2_S008,G006,OCCUPIED,OCCUPIED,0.7835132139650258
757.0,cctv2,C2_S009,G005,OCCUPIED,OCCUPIED,0.7906452560966666
757.0,cctv2,C2_S010,G002,OCCUPIED,OCCUPIED,0.797186814384027
757.0,cctv2,C2_S011,G017,OCCUPIED,OCCUPIED,0.7890232239257207
757.0,cctv2,C2_S012,G018,EMPTY,EMPTY,0.01
757.0,cctv2,C2_S013,G019,OCCUPIED,OCCUPIED,0.8112863707271489
757.0,cctv2,C2_S014,G020,EMPTY,EMPTY,0.01
757.0,cctv3,C3_S001,G021,OCCUPIED,OCCUPIED,0.7879677490754562
757.0,cctv3,C3_S002,G019,EMPTY,EMPTY,0.01
757.0,cctv3,C3_S003,G020,OCCUPIED,OCCUPIED,0.8279471172527835
757.0,cctv3,C3_S004,G024,OCCUPIED,OCCUPIED,0.8275346910411662
757.0,cctv3,C3_S005,G025,OCCUPIED,OCCUPIED,0.8303557230667635
757.0,cctv3,C3_S006,G026,OCCUPIED,OCCUPIED,0.8275177264755423
757.0,cctv3,C3_S007,G027,OCCUPIED,OCCUPIED,0.7710478243502704
757.0,cctv3,C3_S008,G028,EMPTY,EMPTY,0.01
757.0,cctv3,C3_S009,G029,EMPTY,MANEUVERING,0.3281295079788701
757.0,cctv3,C3_S010,G007,OCCUPIED,OCCUPIED,0.51
757.0,cctv3,C3_S011,G008,OCCUPIED,OCCUPIED,0.8077850358052687
757.0,cctv3,C3_S012,G009,OCCUPIED,OCCUPIED,0.8254389153285461
758.0,cctv1,C1_S001,G001,OCCUPIED,OCCUPIED,0.7302967338399454
758.0,cctv1,C1_S002,G002,EMPTY,EMPTY,0.01
758.0,cctv1,C1_S003,G003,OCCUPIED,OCCUPIED,0.8370530738071962
758.0,cctv1,C1_S004,G004,OCCUPIED,OCCUPIED,0.7780709338459102
758.0,cctv1,C1_S005,G005,OCCUPIED,OCCUPIED,0.7642778637734327
758.0,cctv1,C1_S006,G006,EMPTY,MANEUVERING,0.186976657916199
758.0,cctv2,C2_S001,G007,OCCUPIED,OCCUPIED,0.7925859517671846
758.0,cctv2,C2_S002,G008,OCCUPIED,OCCUPIED,0.8222286874597724
758.0,cctv2,C2_S003,G009,EMPTY,MANEUVERING,0.389154321314259
758.0,cctv2,C2_S004,G010,OCCUPIED,OCCUPIED,0.7705186342651195
758.0,cctv2,C2_S005,G001,EMPTY,EMPTY,0.01
758.0,cctv2,C2_S006,G003,OCCUPIED,OCCUPIED,0.8210456390272488
758.0,cctv2,C2_S007,G004,OCCUPIED,OCCUPIED,0.803641617027196
758.0,cctv2,C2_S008,G006,OCCUPIED,OCCUPIED,0.7826452535661785
758.0,cctv2,C2_S009,G005,OCCUPIED,OCCUPIED,0.7908653484149413
758.0,cctv2,C2_S010,G002,OCCUPIED,OCCUPIED,0.7960629891265523
758.0,cctv2,C2_S011,G017,OCCUPIED,OCCUPIED,0.7879808597944
758.0,cctv2,C2_S012,G018,EMPTY,EMPTY,0.01
758.0,cctv2,C2_S013,G019,OCCUPIED,OCCUPIED,0.8103020268407736
758.0,cctv2,C2_S014,G020,EMPTY,EMPTY,0.01
758.0,cctv3,C3_S001,G021,OCCUPIED,OCCUPIED,0.7878986342386767
758.0,cctv3,C3_S002,G019,EMPTY,EMPTY,0.01
758.0,cctv3,C3_S003,G020,OCCUPIED,OCCUPIED,0.8276259121569721
758.0,cctv3,C3_S004,G024,OCCUPIED,OCCUPIED,0.8275249806317417
758.0,cctv3,C3_S005,G025,OCCUPIED,OCCUPIED,0.830195543982766
758.0,cctv3,C3_S006,G026,OCCUPIED,OCCUPIED,0.8274137339808725
758.0,cctv3,C3_S007,G027,OCCUPIED,OCCUPIED,0.7712950976057487
758.0,cctv3,C3_S008,G028,EMPTY,EMPTY,0.01
758.0,cctv3,C3_S009,G029,EMPTY,MANEUVERING,0.3747536477031694
758.0,cctv3,C3_S010,G007,OCCUPIED,OCCUPIED,0.51
758.0,cctv3,C3_S011,G008,OCCUPIED,OCCUPIED,0.8083787484602495
758.0,cctv3,C3_S012,G009,OCCUPIED,OCCUPIED,0.825269455801357
759.0,cctv1,C1_S001,G001,OCCUPIED,OCCUPIED,0.7284028391607784
759.0,cctv1,C1_S002,G002,EMPTY,EMPTY,0.01
759.0,cctv1,C1_S003,G003,OCCUPIED,OCCUPIED,0.8371430155905811
759.0,cctv1,C1_S004,G004,OCCUPIED,OCCUPIED,0.7779588687148962
759.0,cctv1,C1_S005,G005,OCCUPIED,OCCUPIED,0.7612741976976395
759.0,cctv1,C1_S006,G006,EMPTY,MANEUVERING,0.2790998773954131
759.0,cctv2,C2_S001,G007,OCCUPIED,OCCUPIED,0.7906751753254371
759.0,cctv2,C2_S002,G008,OCCUPIED,OCCUPIED,0.8211339552294125
759.0,cctv2,C2_S003,G009,EMPTY,MANEUVERING,0.389154321314259
759.0,cctv2,C2_S004,G010,OCCUPIED,OCCUPIED,0.7674174308776857
759.0,cctv2,C2_S005,G001,EMPTY,EMPTY,0.01
759.0,cctv2,C2_S006,G003,OCCUPIED,OCCUPIED,0.8208172781900926
759.0,cctv2,C2_S007,G004,OCCUPIED,OCCUPIED,0.8042709754271942
759.0,cctv2,C2_S008,G006,OCCUPIED,OCCUPIED,0.7832736390558157
759.0,cctv2,C2_S009,G005,OCCUPIED,OCCUPIED,0.7903659714893861
759.0,cctv2,C2_S010,G002,OCCUPIED,OCCUPIED,0.7958001545884393
759.0,cctv2,C2_S011,G017,OCCUPIED,OCCUPIED,0.7874182558872483
759.0,cctv2,C2_S012,G018,EMPTY,EMPTY,0.01
759.0,cctv2,C2_S013,G019,OCCUPIED,OCCUPIED,0.8139819261702625
759.0,cctv2,C2_S014,G020,EMPTY,EMPTY,0.01
759.0,cctv3,C3_S001,G021,OCCUPIED,OCCUPIED,0.7873668481003155
759.0,cctv3,C3_S002,G019,EMPTY,EMPTY,0.01
759.0,cctv3,C3_S003,G020,OCCUPIED,OCCUPIED,0.8277792751789094
759.0,cctv3,C3_S004,G024,OCCUPIED,OCCUPIED,0.8276020096106963
759.0,cctv3,C3_S005,G025,OCCUPIED,OCCUPIED,0.8301442406394266
759.0,cctv3,C3_S006,G026,OCCUPIED,OCCUPIED,0.8273980016058142
759.0,cctv3,C3_S007,G027,OCCUPIED,OCCUPIED,0.7712904525074092
759.0,cctv3,C3_S008,G028,EMPTY,EMPTY,0.01
759.0,cctv3,C3_S009,G029,EMPTY,MANEUVERING,0.3747536477031694
759.0,cctv3,C3_S010,G007,OCCUPIED,OCCUPIED,0.51
759.0,cctv3,C3_S011,G008,OCCUPIED,OCCUPIED,0.8089569823308425
759.0,cctv3,C3_S012,G009,OCCUPIED,OCCUPIED,0.8250479410995137
760.0,cctv1,C1_S001,G001,OCCUPIED,OCCUPIED,0.7263772751458667
760.0,cctv1,C1_S002,G002,EMPTY,EMPTY,0.01
760.0,cctv1,C1_S003,G003,OCCUPIED,OCCUPIED,0.8371239085089077
760.0,cctv1,C1_S004,G004,OCCUPIED,OCCUPIED,0.7796717456795953
760.0,cctv1,C1_S005,G005,OCCUPIED,OCCUPIED,0.7618180444294756
760.0,cctv1,C1_S006,G006,EMPTY,MANEUVERING,0.2790998773954131
760.0,cctv2,C2_S001,G007,OCCUPIED,OCCUPIED,0.7898284515196627
760.0,cctv2,C2_S002,G008,OCCUPIED,OCCUPIED,0.8192737286741084
760.0,cctv2,C2_S003,G009,EMPTY,MANEUVERING,0.310381064442071
760.0,cctv2,C2_S004,G010,OCCUPIED,OCCUPIED,0.766997814313932
760.0,cctv2,C2_S005,G001,EMPTY,EMPTY,0.01
760.0,cctv2,C2_S006,G003,OCCUPIED,OCCUPIED,0.8208964504978874
760.0,cctv2,C2_S007,G004,OCCUPIED,OCCUPIED,0.8043818368153139
760.0,cctv2,C2_S008,G006,OCCUPIED,OCCUPIED,0.7838922600854528
760.0,cctv2,C2_S009,G005,OCCUPIED,OCCUPIED,0.7898986737836492
760.0,cctv2,C2_S010,G002,OCCUPIED,OCCUPIED,0.7948701205578718
760.0,cctv2,C2_S011,G017,OCCUPIED,OCCUPIED,0.7869789002971216
760.0,cctv2,C2_S012,G018,EMPTY,EMPTY,0.01
760.0,cctv2,C2_S013,G019,OCCUPIED,OCCUPIED,0.8134774587371133
760.0,cctv2,C2_S014,G020,EMPTY,EMPTY,0.01
760.0,cctv3,C3_S001,G021,OCCUPIED,OCCUPIED,0.7871013264764439
760.0,cctv3,C3_S002,G019,EMPTY,EMPTY,0.01
760.0,cctv3,C3_S003,G020,OCCUPIED,OCCUPIED,0.8280616199428386
760.0,cctv3,C3_S004,G024,OCCUPIED,OCCUPIED,0.8275353095748208
760.0,cctv3,C3_S005,G025,OCCUPIED,OCCUPIED,0.8300702596252616
760.0,cctv3,C3_S006,G026,OCCUPIED,OCCUPIED,0.8273645195094023
760.0,cctv3,C3_S007,G027,OCCUPIED,OCCUPIED,0.7708573009480131
760.0,cctv3,C3_S008,G028,EMPTY,EMPTY,0.01
760.0,cctv3,C3_S009,G029,EMPTY,MANEUVERING,0.2939186402740465
760.0,cctv3,C3_S010,G007,OCCUPIED,OCCUPIED,0.51
760.0,cctv3,C3_S011,G008,OCCUPIED,OCCUPIED,0.8087185502052308
760.0,cctv3,C3_S012,G009,OCCUPIED,OCCUPIED,0.8249065350402486
761.0,cctv1,C1_S001,G001,OCCUPIED,OCCUPIED,0.727036576345563
761.0,cctv1,C1_S002,G002,EMPTY,EMPTY,0.01
761.0,cctv1,C1_S003,G003,OCCUPIED,OCCUPIED,0.8370648161931472
761.0,cctv1,C1_S004,G004,OCCUPIED,OCCUPIED,0.7799780515107242
761.0,cctv1,C1_S005,G005,OCCUPIED,OCCUPIED,0.7607001594521783
761.0,cctv1,C1_S006,G006,EMPTY,MANEUVERING,0.2790998773954131
761.0,cctv2,C2_S001,G007,OCCUPIED,OCCUPIED,0.7907634760845792
761.0,cctv2,C2_S002,G008,OCCUPIED,OCCUPIED,0.8196043523875151
761.0,cctv2,C2_S003,G009,EMPTY,MANEUVERING,0.3568474798514084
761.0,cctv2,C2_S004,G010,OCCUPIED,OCCUPIED,0.7663052907044238
761.0,cctv2,C2_S005,G001,EMPTY,EMPTY,0.01
761.0,cctv2,C2_S006,G003,OCCUPIED,OCCUPIED,0.8206953709775752
761.0,cctv2,C2_S007,G004,OCCUPIED,OCCUPIED,0.8046140982346102
761.0,cctv2,C2_S008,G006,OCCUPIED,OCCUPIED,0.7832191865552556
761.0,cctv2,C2_S009,G005,OCCUPIED,OCCUPIED,0.7904200927777725
761.0,cctv2,C2_S010,G002,OCCUPIED,OCCUPIED,0.792904605106874
761.0,cctv2,C2_S011,G017,OCCUPIED,OCCUPIED,0.7857638758691875
761.0,cctv2,C2_S012,G018,EMPTY,EMPTY,0.01
761.0,cctv2,C2_S013,G019,OCCUPIED,OCCUPIED,0.813306563821706
761.0,cctv2,C2_S014,G020,EMPTY,EMPTY,0.01
761.0,cctv3,C3_S001,G021,OCCUPIED,OCCUPIED,0.7875529877164148
761.0,cctv3,C3_S002,G019,EMPTY,EMPTY,0.01
761.0,cctv3,C3_S003,G020,OCCUPIED,OCCUPIED,0.8278920393098486
761.0,cctv3,C3_S004,G024,OCCUPIED,OCCUPIED,0.8274643602696332
761.0,cctv3,C3_S005,G025,OCCUPIED,OCCUPIED,0.8301690608263016
761.0,cctv3,C3_S006,G026,OCCUPIED,OCCUPIED,0.8273495048284532
761.0,cctv3,C3_S007,G027,OCCUPIED,OCCUPIED,0.771025757897984
761.0,cctv3,C3_S008,G028,EMPTY,EMPTY,0.01
761.0,cctv3,C3_S009,G029,EMPTY,MANEUVERING,0.2939186402740465
761.0,cctv3,C3_S010,G007,OCCUPIED,OCCUPIED,0.51
761.0,cctv3,C3_S011,G008,OCCUPIED,OCCUPIED,0.8086948874321851
761.0,cctv3,C3_S012,G009,OCCUPIED,OCCUPIED,0.825104742158543
762.0,cctv1,C1_S001,G001,OCCUPIED,OCCUPIED,0.7269689119336281
762.0,cctv1,C1_S002,G002,EMPTY,EMPTY,0.01
762.0,cctv1,C1_S003,G003,OCCUPIED,OCCUPIED,0.8371841273524545
762.0,cctv1,C1_S004,G004,OCCUPIED,OCCUPIED,0.7788462934168903
762.0,cctv1,C1_S005,G005,OCCUPIED,OCCUPIED,0.7582309194586494
762.0,cctv1,C1_S006,G006,EMPTY,MANEUVERING,0.3228033322028138
762.0,cctv2,C2_S001,G007,OCCUPIED,OCCUPIED,0.7903228923678399
762.0,cctv2,C2_S002,G008,OCCUPIED,OCCUPIED,0.8200753775509921
762.0,cctv2,C2_S003,G009,EMPTY,MANEUVERING,0.4021880209310488
762.0,cctv2,C2_S004,G010,OCCUPIED,OCCUPIED,0.765521793880246
762.0,cctv2,C2_S005,G001,EMPTY,EMPTY,0.01
762.0,cctv2,C2_S006,G003,OCCUPIED,OCCUPIED,0.8206385991790078
762.0,cctv2,C2_S007,G004,OCCUPIED,OCCUPIED,0.8047862806103447
762.0,cctv2,C2_S008,G006,OCCUPIED,OCCUPIED,0.7818030001087622
762.0,cctv2,C2_S009,G005,OCCUPIED,OCCUPIED,0.7915078301321377
762.0,cctv2,C2_S010,G002,OCCUPIED,OCCUPIED,0.794065461917357
762.0,cctv2,C2_S011,G017,OCCUPIED,OCCUPIED,0.7852159777825529
762.0,cctv2,C2_S012,G018,EMPTY,EMPTY,0.01
762.0,cctv2,C2_S013,G019,OCCUPIED,OCCUPIED,0.8144665842706508
762.0,cctv2,C2_S014,G020,EMPTY,EMPTY,0.01
762.0,cctv3,C3_S001,G021,OCCUPIED,OCCUPIED,0.7882695341652091
762.0,cctv3,C3_S002,G019,EMPTY,EMPTY,0.01
762.0,cctv3,C3_S003,G020,OCCUPIED,OCCUPIED,0.8280368680303748
762.0,cctv3,C3_S004,G024,OCCUPIED,OCCUPIED,0.8278152736750517
762.0,cctv3,C3_S005,G025,OCCUPIED,OCCUPIED,0.830009340968999
762.0,cctv3,C3_S006,G026,OCCUPIED,OCCUPIED,0.82727805565704
762.0,cctv3,C3_S007,G027,OCCUPIED,OCCUPIED,0.7713849930600687
762.0,cctv3,C3_S008,G028,EMPTY,EMPTY,0.01
762.0,cctv3,C3_S009,G029,EMPTY,MANEUVERING,0.2539186402740465
762.0,cctv3,C3_S010,G007,OCCUPIED,OCCUPIED,0.51
762.0,cctv3,C3_S011,G008,OCCUPIED,OCCUPIED,0.8079535524953496
762.0,cctv3,C3_S012,G009,OCCUPIED,OCCUPIED,0.8251969516277313
763.0,cctv1,C1_S001,G001,OCCUPIED,OCCUPIED,0.7283633129501885
763.0,cctv1,C1_S002,G002,EMPTY,EMPTY,0.01
763.0,cctv1,C1_S003,G003,OCCUPIED,OCCUPIED,0.837244442918084
763.0,cctv1,C1_S004,G004,OCCUPIED,OCCUPIED,0.7789178092371334
763.0,cctv1,C1_S005,G005,OCCUPIED,OCCUPIED,0.7572066053748131
763.0,cctv1,C1_S006,G006,EMPTY,MANEUVERING,0.3562791611525145
763.0,cctv2,C2_S001,G007,OCCUPIED,OCCUPIED,0.7893729742277753
763.0,cctv2,C2_S002,G008,OCCUPIED,OCCUPIED,0.8202471600337462
763.0,cctv2,C2_S003,G009,EMPTY,MANEUVERING,0.4812159579450434
763.0,cctv2,C2_S004,G010,OCCUPIED,OCCUPIED,0.7666371055624702
763.0,cctv2,C2_S005,G001,EMPTY,EMPTY,0.01
763.0,cctv2,C2_S006,G003,OCCUPIED,OCCUPIED,0.8207765329967847
763.0,cctv2,C2_S007,G004,OCCUPIED,OCCUPIED,0.8051891687241468
763.0,cctv2,C2_S008,G006,OCCUPIED,OCCUPIED,0.7801595297726719
763.0,cctv2,C2_S009,G005,OCCUPIED,OCCUPIED,0.7923527479171754
763.0,cctv2,C2_S010,G002,OCCUPIED,OCCUPIED,0.7935093839060177
763.0,cctv2,C2_S011,G017,OCCUPIED,OCCUPIED,0.7859172413294966
763.0,cctv2,C2_S012,G018,EMPTY,EMPTY,0.01
763.0,cctv2,C2_S013,G019,OCCUPIED,OCCUPIED,0.8136489014733922
763.0,cctv2,C2_S014,G020,EMPTY,EMPTY,0.01
763.0,cctv3,C3_S001,G021,OCCUPIED,OCCUPIED,0.7886019785295834
763.0,cctv3,C3_S002,G019,EMPTY,EMPTY,0.01
763.0,cctv3,C3_S003,G020,OCCUPIED,OCCUPIED,0.8285307537425649
763.0,cctv3,C3_S004,G024,OCCUPIED,OCCUPIED,0.827930189262737
763.0,cctv3,C3_S005,G025,OCCUPIED,OCCUPIED,0.8299101561307908
763.0,cctv3,C3_S006,G026,OCCUPIED,OCCUPIED,0.8272990167140961
763.0,cctv3,C3_S007,G027,OCCUPIED,OCCUPIED,0.7705295626412739
763.0,cctv3,C3_S008,G028,EMPTY,EMPTY,0.01
763.0,cctv3,C3_S009,G029,EMPTY,MANEUVERING,0.3088791003625727
763.0,cctv3,C3_S010,G007,OCCUPIED,OCCUPIED,0.51
763.0,cctv3,C3_S011,G008,OCCUPIED,OCCUPIED,0.8074436995116148
763.0,cctv3,C3_S012,G009,OCCUPIED,OCCUPIED,0.8251143030144952
764.0,cctv1,C1_S001,G001,OCCUPIED,OCCUPIED,0.728389836339788
764.0,cctv1,C1_S002,G002,EMPTY,EMPTY,0.01
764.0,cctv1,C1_S003,G003,OCCUPIED,OCCUPIED,0.8371806884353812
764.0,cctv1,C1_S004,G004,OCCUPIED,OCCUPIED,0.7784411782568152
764.0,cctv1,C1_S005,G005,OCCUPIED,OCCUPIED,0.7577018703926693
764.0,cctv1,C1_S006,G006,EMPTY,MANEUVERING,0.3262791611525145
764.0,cctv2,C2_S001,G007,OCCUPIED,OCCUPIED,0.7894850840622729
764.0,cctv2,C2_S002,G008,OCCUPIED,OCCUPIED,0.8209642380475999
764.0,cctv2,C2_S003,G009,EMPTY,MANEUVERING,0.49
764.0,cctv2,C2_S004,G010,OCCUPIED,OCCUPIED,0.7702039774168622
764.0,cctv2,C2_S005,G001,EMPTY,EMPTY,0.01
764.0,cctv2,C2_S006,G003,OCCUPIED,OCCUPIED,0.8210251664573497
764.0,cctv2,C2_S007,G004,OCCUPIED,OCCUPIED,0.8056387370282954
764.0,cctv2,C2_S008,G006,OCCUPIED,OCCUPIED,0.7784134885126894
764.0,cctv2,C2_S009,G005,OCCUPIED,OCCUPIED,0.7938721217892387
764.0,cctv2,C2_S010,G002,OCCUPIED,OCCUPIED,0.7933772493492474
764.0,cctv2,C2_S011,G017,OCCUPIED,OCCUPIED,0.7863802052356981
764.0,cctv2,C2_S012,G018,EMPTY,EMPTY,0.01
764.0,cctv2,C2_S013,G019,OCCUPIED,OCCUPIED,0.8095940683375706
764.0,cctv2,C2_S014,G020,EMPTY,EMPTY,0.01
764.0,cctv3,C3_S001,G021,OCCUPIED,OCCUPIED,0.789400572126562
764.0,cctv3,C3_S002,G019,EMPTY,EMPTY,0.01
764.0,cctv3,C3_S003,G020,OCCUPIED,OCCUPIED,0.8286070203239269
764.0,cctv3,C3_S004,G024,OCCUPIED,OCCUPIED,0.8283994937484915
764.0,cctv3,C3_S005,G025,OCCUPIED,OCCUPIED,0.8297605173154311
764.0,cctv3,C3_S006,G026,OCCUPIED,OCCUPIED,0.827163527770476
764.0,cctv3,C3_S007,G027,OCCUPIED,OCCUPIED,0.7702739261768081
764.0,cctv3,C3_S008,G028,EMPTY,EMPTY,0.01
764.0,cctv3,C3_S009,G029,EMPTY,MANEUVERING,0.2638791003625727
764.0,cctv3,C3_S010,G007,OCCUPIED,OCCUPIED,0.51
764.0,cctv3,C3_S011,G008,OCCUPIED,OCCUPIED,0.8079598491842097
764.0,cctv3,C3_S012,G009,OCCUPIED,OCCUPIED,0.8250214221802625
765.0,cctv1,C1_S001,G001,OCCUPIED,OCCUPIED,0.72699130512774
765.0,cctv1,C1_S002,G002,EMPTY,EMPTY,0.01
765.0,cctv1,C1_S003,G003,OCCUPIED,OCCUPIED,0.8372676570307125
765.0,cctv1,C1_S004,G004,OCCUPIED,OCCUPIED,0.7787050934000449
765.0,cctv1,C1_S005,G005,OCCUPIED,OCCUPIED,0.7450815717632121
765.0,cctv1,C1_S006,G006,EMPTY,MANEUVERING,0.3935831970660524
765.0,cctv2,C2_S001,G007,OCCUPIED,OCCUPIED,0.787117621709
765.0,cctv2,C2_S002,G008,OCCUPIED,OCCUPIED,0.819353704831817
765.0,cctv2,C2_S003,G009,EMPTY,MANEUVERING,0.49
765.0,cctv2,C2_S004,G010,OCCUPIED,OCCUPIED,0.7701086699962617
765.0,cctv2,C2_S005,G001,EMPTY,EMPTY,0.01
765.0,cctv2,C2_S006,G003,OCCUPIED,OCCUPIED,0.8210788277062504
765.0,cctv2,C2_S007,G004,OCCUPIED,OCCUPIED,0.8059345432303169
765.0,cctv2,C2_S008,G006,OCCUPIED,OCCUPIED,0.7782247317108242
765.0,cctv2,C2_S009,G005,OCCUPIED,OCCUPIED,0.795420254631476
765.0,cctv2,C2_S010,G002,OCCUPIED,OCCUPIED,0.7932877082716335
765.0,cctv2,C2_S011,G017,OCCUPIED,OCCUPIED,0.784434918111021
765.0,cctv2,C2_S012,G018,EMPTY,EMPTY,0.01
765.0,cctv2,C2_S013,G019,OCCUPIED,OCCUPIED,0.8092490403489634
765.0,cctv2,C2_S014,G020,EMPTY,EMPTY,0.01
765.0,cctv3,C3_S001,G021,OCCUPIED,OCCUPIED,0.7899374438957735
765.0,cctv3,C3_S002,G019,EMPTY,EMPTY,0.01
765.0,cctv3,C3_S003,G020,OCCUPIED,OCCUPIED,0.8285357832908631
765.0,cctv3,C3_S004,G024,OCCUPIED,OCCUPIED,0.8285166567022151
765.0,cctv3,C3_S005,G025,OCCUPIED,OCCUPIED,0.8295900263569572
765.0,cctv3,C3_S006,G026,OCCUPIED,OCCUPIED,0.827149587598714
765.0,cctv3,C3_S007,G027,OCCUPIED,OCCUPIED,0.7695679630745542
765.0,cctv3,C3_S008,G028,EMPTY,EMPTY,0.01
765.0,cctv3,C3_S009,G029,EMPTY,MANEUVERING,0.3428692839994575
765.0,cctv3,C3_S010,G007,OCCUPIED,OCCUPIED,0.51
765.0,cctv3,C3_S011,G008,OCCUPIED,OCCUPIED,0.8080238190564243
765.0,cctv3,C3_S012,G009,OCCUPIED,OCCUPIED,0.8251738488674164
766.0,cctv1,C1_S001,G001,OCCUPIED,OCCUPIED,0.7272917196493258
766.0,cctv1,C1_S002,G002,EMPTY,EMPTY,0.01
766.0,cctv1,C1_S003,G003,OCCUPIED,OCCUPIED,0.8373050413348458
766.0,cctv1,C1_S004,G004,OCCUPIED,OCCUPIED,0.7780856201594527
766.0,cctv1,C1_S005,G005,OCCUPIED,OCCUPIED,0.7442766440890053
766.0,cctv1,C1_S006,G006,EMPTY,MANEUVERING,0.3365831970660524
766.0,cctv2,C2_S001,G007,OCCUPIED,OCCUPIED,0.788445124978369
766.0,cctv2,C2_S002,G008,OCCUPIED,OCCUPIED,0.8195985653183677
766.0,cctv2,C2_S003,G009,EMPTY,MANEUVERING,0.49
766.0,cctv2,C2_S004,G010,OCCUPIED,OCCUPIED,0.7732315452261405
766.0,cctv2,C2_S005,G001,EMPTY,EMPTY,0.01
766.0,cctv2,C2_S006,G003,OCCUPIED,OCCUPIED,0.8211526242169468
766.0,cctv2,C2_S007,G004,OCCUPIED,OCCUPIED,0.8059905006126925
766.0,cctv2,C2_S008,G006,OCCUPIED,OCCUPIED,0.7775591602379626
766.0,cctv2,C2_S009,G005,OCCUPIED,OCCUPIED,0.7956411239775745
766.0,cctv2,C2_S010,G002,OCCUPIED,OCCUPIED,0.7937992957505313
766.0,cctv2,C2_S011,G017,OCCUPIED,OCCUPIED,0.7851867360147564
766.0,cctv2,C2_S012,G018,EMPTY,EMPTY,0.01
766.0,cctv2,C2_S013,G019,OCCUPIED,OCCUPIED,0.808172588592226
766.0,cctv2,C2_S014,G020,EMPTY,EMPTY,0.01
766.0,cctv3,C3_S001,G021,OCCUPIED,OCCUPIED,0.791291012547233
766.0,cctv3,C3_S002,G019,EMPTY,EMPTY,0.01
766.0,cctv3,C3_S003,G020,OCCUPIED,OCCUPIED,0.8286158927462318
766.0,cctv3,C3_S004,G024,OCCUPIED,OCCUPIED,0.8286711478775198
766.0,cctv3,C3_S005,G025,OCCUPIED,OCCUPIED,0.8296173897656528
766.0,cctv3,C3_S006,G026,OCCUPIED,OCCUPIED,0.8272991743954746
766.0,cctv3,C3_S007,G027,OCCUPIED,OCCUPIED,0.7696363224224612
766.0,cctv3,C3_S008,G028,EMPTY,EMPTY,0.01
766.0,cctv3,C3_S009,G029,EMPTY,MANEUVERING,0.3495359506661242
766.0,cctv3,C3_S010,G007,OCCUPIED,OCCUPIED,0.51
766.0,cctv3,C3_S011,G008,OCCUPIED,OCCUPIED,0.80741734884002
766.0,cctv3,C3_S012,G009,OCCUPIED,OCCUPIED,0.8249538045037877
767.0,cctv1,C1_S001,G001,OCCUPIED,OCCUPIED,0.727588649127971
767.0,cctv1,C1_S002,G002,EMPTY,EMPTY,0.01
767.0,cctv1,C1_S003,G003,OCCUPIED,OCCUPIED,0.8372689599340613
767.0,cctv1,C1_S004,G004,OCCUPIED,OCCUPIED,0.7784553456035528
767.0,cctv1,C1_S005,G005,OCCUPIED,OCCUPIED,0.7436149536913093
767.0,cctv1,C1_S006,G006,EMPTY,MANEUVERING,0.2830117684946238
767.0,cctv2,C2_S001,G007,OCCUPIED,OCCUPIED,0.7878156129609455
767.0,cctv2,C2_S002,G008,OCCUPIED,OCCUPIED,0.8198279640891336
767.0,cctv2,C2_S003,G009,EMPTY,MANEUVERING,0.49
767.0,cctv2,C2_S004,G010,OCCUPIED,OCCUPIED,0.7738190493800424
767.0,cctv2,C2_S005,G001,EMPTY,EMPTY,0.01
767.0,cctv2,C2_S006,G003,OCCUPIED,OCCUPIED,0.8211956411600113
767.0,cctv2,C2_S007,G004,OCCUPIED,OCCUPIED,0.8073502944274382
767.0,cctv2,C2_S008,G006,OCCUPIED,OCCUPIED,0.7766461602666161
767.0,cctv2,C2_S009,G005,OCCUPIED,OCCUPIED,0.7949998264962977
767.0,cctv2,C2_S010,G002,OCCUPIED,OCCUPIED,0.79363454553214
767.0,cctv2,C2_S011,G017,OCCUPIED,OCCUPIED,0.7823596263473684
767.0,cctv2,C2_S012,G018,EMPTY,EMPTY,0.01
767.0,cctv2,C2_S013,G019,OCCUPIED,OCCUPIED,0.8088440235365522
767.0,cctv2,C2_S014,G020,EMPTY,EMPTY,0.01
767.0,cctv3,C3_S001,G021,OCCUPIED,OCCUPIED,0.7928739555857399
767.0,cctv3,C3_S002,G019,EMPTY,EMPTY,0.01
767.0,cctv3,C3_S003,G020,OCCUPIED,OCCUPIED,0.828854801979932
767.0,cctv3,C3_S004,G024,OCCUPIED,OCCUPIED,0.8289882825179534
767.0,cctv3,C3_S005,G025,OCCUPIED,OCCUPIED,0.829544802687385
767.0,cctv3,C3_S006,G026,OCCUPIED,OCCUPIED,0.8272299514575439
767.0,cctv3,C3_S007,G027,OCCUPIED,OCCUPIED,0.7690273256464438
767.0,cctv3,C3_S008,G028,EMPTY,EMPTY,0.01
767.0,cctv3,C3_S009,G029,EMPTY,MANEUVERING,0.2479574180258946
767.0,cctv3,C3_S010,G007,OCCUPIED,OCCUPIED,0.51
767.0,cctv3,C3_S011,G008,OCCUPIED,OCCUPIED,0.8072929252277722
767.0,cctv3,C3_S012,G009,OCCUPIED,OCCUPIED,0.8248248772187667
768.0,cctv1,C1_S001,G001,OCCUPIED,OCCUPIED,0.7282177096402104
768.0,cctv1,C1_S002,G002,EMPTY,EMPTY,0.01
768.0,cctv1,C1_S003,G003,OCCUPIED,OCCUPIED,0.83732582682913
768.0,cctv1,C1_S004,G004,OCCUPIED,OCCUPIED,0.7816797757690603
768.0,cctv1,C1_S005,G005,OCCUPIED,OCCUPIED,0.7457578927982937
768.0,cctv1,C1_S006,G006,EMPTY,MANEUVERING,0.2765831970660524
768.0,cctv2,C2_S001,G007,OCCUPIED,OCCUPIED,0.7860444650053978
768.0,cctv2,C2_S002,G008,OCCUPIED,OCCUPIED,0.8194568341428584
768.0,cctv2,C2_S003,G009,EMPTY,MANEUVERING,0.49
768.0,cctv2,C2_S004,G010,OCCUPIED,OCCUPIED,0.7711105396801776
768.0,cctv2,C2_S005,G001,EMPTY,EMPTY,0.01
768.0,cctv2,C2_S006,G003,OCCUPIED,OCCUPIED,0.8212293345819821
768.0,cctv2,C2_S007,G004,OCCUPIED,OCCUPIED,0.8083623504096812
768.0,cctv2,C2_S008,G006,OCCUPIED,OCCUPIED,0.7762647436423735
768.0,cctv2,C2_S009,G005,OCCUPIED,OCCUPIED,0.795629601857879
768.0,cctv2,C2_S010,G002,OCCUPIED,OCCUPIED,0.7946645893833855
768.0,cctv2,C2_S011,G017,OCCUPIED,OCCUPIED,0.7825842792337592
768.0,cctv2,C2_S012,G018,EMPTY,EMPTY,0.01
768.0,cctv2,C2_S013,G019,OCCUPIED,OCCUPIED,0.8107399364764041
768.0,cctv2,C2_S014,G020,EMPTY,EMPTY,0.01
768.0,cctv3,C3_S001,G021,OCCUPIED,OCCUPIED,0.7936162317341025
768.0,cctv3,C3_S002,G019,EMPTY,EMPTY,0.01
768.0,cctv3,C3_S003,G020,OCCUPIED,OCCUPIED,0.8298092172904449
768.0,cctv3,C3_S004,G024,OCCUPIED,OCCUPIED,0.8290134505792098
768.0,cctv3,C3_S005,G025,OCCUPIED,OCCUPIED,0.8293154811317272
768.0,cctv3,C3_S006,G026,OCCUPIED,OCCUPIED,0.8273691564798356
768.0,cctv3,C3_S007,G027,OCCUPIED,OCCUPIED,0.7684411097656597
768.0,cctv3,C3_S008,G028,EMPTY,EMPTY,0.01
768.0,cctv3,C3_S009,G029,EMPTY,MANEUVERING,0.3464107971841639
768.0,cctv3,C3_S010,G007,OCCUPIED,OCCUPIED,0.51
768.0,cctv3,C3_S011,G008,OCCUPIED,OCCUPIED,0.8071850410916589
768.0,cctv3,C3_S012,G009,OCCUPIED,OCCUPIED,0.8248200476169587
769.0,cctv1,C1_S001,G001,OCCUPIED,OCCUPIED,0.728533027896827
769.0,cctv1,C1_S002,G002,EMPTY,EMPTY,0.01
769.0,cctv1,C1_S003,G003,OCCUPIED,OCCUPIED,0.8372273060408506
769.0,cctv1,C1_S004,G004,OCCUPIED,OCCUPIED,0.7809933155775071
769.0,cctv1,C1_S005,G005,OCCUPIED,OCCUPIED,0.7162656384977428
769.0,cctv1,C1_S006,G006,EMPTY,MANEUVERING,0.2265831970660524
769.0,cctv2,C2_S001,G007,OCCUPIED,OCCUPIED,0.7890146323225715
769.0,cctv2,C2_S002,G008,OCCUPIED,OCCUPIED,0.8209191013466228
769.0,cctv2,C2_S003,G009,EMPTY,MANEUVERING,0.49
769.0,cctv2,C2_S004,G010,OCCUPIED,OCCUPIED,0.7716813251376152
769.0,cctv2,C2_S005,G001,EMPTY,EMPTY,0.01
769.0,cctv2,C2_S006,G003,OCCUPIED,OCCUPIED,0.8211735072461042
769.0,cctv2,C2_S007,G004,OCCUPIED,OCCUPIED,0.8088310493664309
769.0,cctv2,C2_S008,G006,OCCUPIED,OCCUPIED,0.7763526022434235
769.0,cctv2,C2_S009,G005,OCCUPIED,OCCUPIED,0.7954005013812673
769.0,cctv2,C2_S010,G002,OCCUPIED,OCCUPIED,0.7946023702621461
769.0,cctv2,C2_S011,G017,OCCUPIED,OCCUPIED,0.7819842767986385
769.0,cctv2,C2_S012,G018,EMPTY,EMPTY,0.01
769.0,cctv2,C2_S013,G019,OCCUPIED,OCCUPIED,0.8095592296936296
769.0,cctv2,C2_S014,G020,EMPTY,EMPTY,0.01
769.0,cctv3,C3_S001,G021,OCCUPIED,OCCUPIED,0.7940098450942473
769.0,cctv3,C3_S002,G019,EMPTY,EMPTY,0.01
769.0,cctv3,C3_S003,G020,OCCUPIED,OCCUPIED,0.830103888836774
769.0,cctv3,C3_S004,G024,OCCUPIED,OCCUPIED,0.8290699476545508
769.0,cctv3,C3_S005,G025,OCCUPIED,OCCUPIED,0.8294183544137261
769.0,cctv3,C3_S006,G026,OCCUPIED,OCCUPIED,0.8275361223654314
769.0,cctv3,C3_S007,G027,OCCUPIED,OCCUPIED,0.7677123657681726
769.0,cctv3,C3_S008,G028,EMPTY,EMPTY,0.01
769.0,cctv3,C3_S009,G029,EMPTY,MANEUVERING,0.264921775707467
769.0,cctv3,C3_S010,G007,OCCUPIED,OCCUPIED,0.51
769.0,cctv3,C3_S011,G008,OCCUPIED,OCCUPIED,0.8064648630944166
769.0,cctv3,C3_S012,G009,OCCUPIED,OCCUPIED,0.8248208287087354
770.0,cctv1,C1_S001,G001,OCCUPIED,OCCUPIED,0.7302385185252537
770.0,cctv1,C1_S002,G002,EMPTY,EMPTY,0.01
770.0,cctv1,C1_S003,G003,OCCUPIED,OCCUPIED,0.8372611514546655
770.0,cctv1,C1_S004,G004,OCCUPIED,OCCUPIED,0.7812820407477292
770.0,cctv1,C1_S005,G005,OCCUPIED,OCCUPIED,0.7295370306842256
770.0,cctv1,C1_S006,G006,EMPTY,MANEUVERING,0.2528283073866006
770.0,cctv2,C2_S001,G007,OCCUPIED,OCCUPIED,0.7891584718769248
770.0,cctv2,C2_S002,G008,OCCUPIED,OCCUPIED,0.8214023004878652
770.0,cctv2,C2_S003,G009,EMPTY,MANEUVERING,0.49
770.0,cctv2,C2_S004,G010,OCCUPIED,OCCUPIED,0.7737995107065548
770.0,cctv2,C2_S005,G001,EMPTY,EMPTY,0.01
770.0,cctv2,C2_S006,G003,OCCUPIED,OCCUPIED,0.8215880312702873
770.0,cctv2,C2_S007,G004,OCCUPIED,OCCUPIED,0.8088343436067755
770.0,cctv2,C2_S008,G006,OCCUPIED,OCCUPIED,0.7752394359220158
770.0,cctv2,C2_S009,G005,OCCUPIED,OCCUPIED,0.7954860305244273
770.0,cctv2,C2_S010,G002,OCCUPIED,OCCUPIED,0.7956982152028518
770.0,cctv2,C2_S011,G017,OCCUPIED,OCCUPIED,0.7818642576987094
770.0,cctv2,C2_S012,G018,EMPTY,EMPTY,0.01
770.0,cctv2,C2_S013,G019,OCCUPIED,OCCUPIED,0.8089512972669168
770.0,cctv2,C2_S014,G020,EMPTY,EMPTY,0.01
770.0,cctv3,C3_S001,G021,OCCUPIED,OCCUPIED,0.795686194842512
770.0,cctv3,C3_S002,G019,EMPTY,EMPTY,0.01
770.0,cctv3,C3_S003,G020,OCCUPIED,OCCUPIED,0.8303260163827376
770.0,cctv3,C3_S004,G024,OCCUPIED,OCCUPIED,0.829152132977139
770.0,cctv3,C3_S005,G025,OCCUPIED,OCCUPIED,0.8293630366975612
770.0,cctv3,C3_S006,G026,OCCUPIED,OCCUPIED,0.8275813834233718
770.0,cctv3,C3_S007,G027,OCCUPIED,OCCUPIED,0.7664788072759455
770.0,cctv3,C3_S008,G028,EMPTY,EMPTY,0.01
770.0,cctv3,C3_S009,G029,EMPTY,MANEUVERING,0.2563503471360385
770.0,cctv3,C3_S010,G007,OCCUPIED,OCCUPIED,0.51
770.0,cctv3,C3_S011,G008,OCCUPIED,OCCUPIED,0.8057499080896379
770.0,cctv3,C3_S012,G009,OCCUPIED,OCCUPIED,0.824962304667993
771.0,cctv1,C1_S001,G001,OCCUPIED,OCCUPIED,0.7312169893898748
771.0,cctv1,C1_S002,G002,EMPTY,EMPTY,0.01
771.0,cctv1,C1_S003,G003,OCCUPIED,OCCUPIED,0.8372663256796924
771.0,cctv1,C1_S004,G004,OCCUPIED,OCCUPIED,0.7811910000714389
771.0,cctv1,C1_S005,G005,OCCUPIED,OCCUPIED,0.7306810314366313
771.0,cctv1,C1_S006,G006,EMPTY,MANEUVERING,0.2528283073866006
771.0,cctv2,C2_S001,G007,OCCUPIED,OCCUPIED,0.7887577262791721
771.0,cctv2,C2_S002,G008,OCCUPIED,OCCUPIED,0.8226827204227448
771.0,cctv2,C2_S003,G009,EMPTY,MANEUVERING,0.49
771.0,cctv2,C2_S004,G010,OCCUPIED,OCCUPIED,0.7770762524821542
771.0,cctv2,C2_S005,G001,EMPTY,EMPTY,0.01
771.0,cctv2,C2_S006,G003,OCCUPIED,OCCUPIED,0.8217509177598087
771.0,cctv2,C2_S007,G004,OCCUPIED,OCCUPIED,0.8087023846127771
771.0,cctv2,C2_S008,G006,OCCUPIED,OCCUPIED,0.7752109728076242
771.0,cctv2,C2_S009,G005,OCCUPIED,OCCUPIED,0.7946394310756164
771.0,cctv2,C2_S010,G002,OCCUPIED,OCCUPIED,0.7961071179671722
771.0,cctv2,C2_S011,G017,OCCUPIED,OCCUPIED,0.7816709338264033
771.0,cctv2,C2_S012,G018,EMPTY,EMPTY,0.01
771.0,cctv2,C2_S013,G019,OCCUPIED,OCCUPIED,0.8084314810958776
771.0,cctv2,C2_S014,G020,EMPTY,EMPTY,0.01
771.0,cctv3,C3_S001,G021,OCCUPIED,OCCUPIED,0.7968755253336647
771.0,cctv3,C3_S002,G019,EMPTY,EMPTY,0.01
771.0,cctv3,C3_S003,G020,OCCUPIED,OCCUPIED,0.8295050816102462
771.0,cctv3,C3_S004,G024,OCCUPIED,OCCUPIED,0.8294168052348224
771.0,cctv3,C3_S005,G025,OCCUPIED,OCCUPIED,0.8293326115066355
771.0,cctv3,C3_S006,G026,OCCUPIED,OCCUPIED,0.8275340562516993
771.0,cctv3,C3_S007,G027,OCCUPIED,OCCUPIED,0.7665687169541013
771.0,cctv3,C3_S008,G028,EMPTY,EMPTY,0.01
771.0,cctv3,C3_S009,G029,EMPTY,MANEUVERING,0.3018724293419003
771.0,cctv3,C3_S010,G007,OCCUPIED,OCCUPIED,0.51
771.0,cctv3,C3_S011,G008,OCCUPIED,OCCUPIED,0.8042908197099513
771.0,cctv3,C3_S012,G009,OCCUPIED,OCCUPIED,0.8248892022804781
772.0,cctv1,C1_S001,G001,OCCUPIED,OCCUPIED,0.7311758717352694
772.0,cctv1,C1_S002,G002,EMPTY,EMPTY,0.01
772.0,cctv1,C1_S003,G003,OCCUPIED,OCCUPIED,0.8371674814007499
772.0,cctv1,C1_S004,G004,OCCUPIED,OCCUPIED,0.7812048378315839
772.0,cctv1,C1_S005,G005,OCCUPIED,OCCUPIED,0.7324538409764116
772.0,cctv1,C1_S006,G006,EMPTY,MANEUVERING,0.3747942271286791
772.0,cctv2,C2_S001,G007,OCCUPIED,OCCUPIED,0.7884717426516794
772.0,cctv2,C2_S002,G008,OCCUPIED,OCCUPIED,0.8229710213162683
772.0,cctv2,C2_S003,G009,EMPTY,MANEUVERING,0.49
772.0,cctv2,C2_S004,G010,OCCUPIED,OCCUPIED,0.7767156839370728
772.0,cctv2,C2_S005,G001,EMPTY,EMPTY,0.01
772.0,cctv2,C2_S006,G003,OCCUPIED,OCCUPIED,0.8217894155870785
772.0,cctv2,C2_S007,G004,OCCUPIED,OCCUPIED,0.8086389259858565
772.0,cctv2,C2_S008,G006,OCCUPIED,OCCUPIED,0.7760959310965105
772.0,cctv2,C2_S009,G005,OCCUPIED,OCCUPIED,0.7922478174621409
772.0,cctv2,C2_S010,G002,OCCUPIED,OCCUPIED,0.7972818710587242
772.0,cctv2,C2_S011,G017,OCCUPIED,OCCUPIED,0.7807656614617868
772.0,cctv2,C2_S012,G018,EMPTY,EMPTY,0.01
772.0,cctv2,C2_S013,G019,OCCUPIED,OCCUPIED,0.8095420017838478
772.0,cctv2,C2_S014,G020,EMPTY,EMPTY,0.01
772.0,cctv3,C3_S001,G021,OCCUPIED,OCCUPIED,0.7980092991482128
772.0,cctv3,C3_S002,G019,EMPTY,EMPTY,0.01
772.0,cctv3,C3_S003,G020,OCCUPIED,OCCUPIED,0.8283384523608468
772.0,cctv3,C3_S004,G024,OCCUPIED,OCCUPIED,0.8294885486364365
772.0,cctv3,C3_S005,G025,OCCUPIED,OCCUPIED,0.8292661154812033
772.0,cctv3,C3_S006,G026,OCCUPIED,OCCUPIED,0.8275552960959348
772.0,cctv3,C3_S007,G027,OCCUPIED,OCCUPIED,0.7669197595932268
772.0,cctv3,C3_S008,G028,EMPTY,EMPTY,0.01
772.0,cctv3,C3_S009,G029,EMPTY,MANEUVERING,0.2397295721990431
772.0,cctv3,C3_S010,G007,OCCUPIED,OCCUPIED,0.51
772.0,cctv3,C3_S011,G008,OCCUPIED,OCCUPIED,0.8036791143092243
772.0,cctv3,C3_S012,G009,OCCUPIED,OCCUPIED,0.824616134708578
773.0,cctv1,C1_S001,G001,OCCUPIED,OCCUPIED,0.7304469724947756
773.0,cctv1,C1_S002,G002,EMPTY,EMPTY,0.01
773.0,cctv1,C1_S003,G003,OCCUPIED,OCCUPIED,0.8370259144089439
773.0,cctv1,C1_S004,G004,OCCUPIED,OCCUPIED,0.7806738510727883
773.0,cctv1,C1_S005,G005,OCCUPIED,OCCUPIED,0.7444383504065601
773.0,cctv1,C1_S006,G006,EMPTY,MANEUVERING,0.342169619300826
773.0,cctv2,C2_S001,G007,OCCUPIED,OCCUPIED,0.7880671330473641
773.0,cctv2,C2_S002,G008,OCCUPIED,OCCUPIED,0.8235260557044637
773.0,cctv2,C2_S003,G009,EMPTY,MANEUVERING,0.49
773.0,cctv2,C2_S004,G010,OCCUPIED,OCCUPIED,0.7785837718031624
773.0,cctv2,C2_S005,G001,EMPTY,EMPTY,0.01
773.0,cctv2,C2_S006,G003,OCCUPIED,OCCUPIED,0.8218395696444946
773.0,cctv2,C2_S007,G004,OCCUPIED,OCCUPIED,0.8085801189596004
773.0,cctv2,C2_S008,G006,OCCUPIED,OCCUPIED,0.7765997048128735
773.0,cctv2,C2_S009,G005,OCCUPIED,OCCUPIED,0.7914479250257667
773.0,cctv2,C2_S010,G002,OCCUPIED,OCCUPIED,0.7970635400577025
773.0,cctv2,C2_S011,G017,OCCUPIED,OCCUPIED,0.7787310185757551
773.0,cctv2,C2_S012,G018,EMPTY,EMPTY,0.01
773.0,cctv2,C2_S013,G019,OCCUPIED,OCCUPIED,0.8109654866836289
773.0,cctv2,C2_S014,G020,EMPTY,EMPTY,0.01
773.0,cctv3,C3_S001,G021,OCCUPIED,OCCUPIED,0.7984334742481058
773.0,cctv3,C3_S002,G019,EMPTY,EMPTY,0.01
773.0,cctv3,C3_S003,G020,OCCUPIED,OCCUPIED,0.8276685097000817
773.0,cctv3,C3_S004,G024,OCCUPIED,OCCUPIED,0.829378196055239
773.0,cctv3,C3_S005,G025,OCCUPIED,OCCUPIED,0.8293021310459484
773.0,cctv3,C3_S006,G026,OCCUPIED,OCCUPIED,0.827524740045721
773.0,cctv3,C3_S007,G027,OCCUPIED,OCCUPIED,0.7667121582410553
773.0,cctv3,C3_S008,G028,EMPTY,EMPTY,0.01
773.0,cctv3,C3_S009,G029,EMPTY,MANEUVERING,0.2397295721990431
773.0,cctv3,C3_S010,G007,OCCUPIED,OCCUPIED,0.51
773.0,cctv3,C3_S011,G008,OCCUPIED,OCCUPIED,0.8032592022960837
773.0,cctv3,C3_S012,G009,OCCUPIED,OCCUPIED,0.8250162024389615
774.0,cctv1,C1_S001,G001,OCCUPIED,OCCUPIED,0.7294678268107502
774.0,cctv1,C1_S002,G002,EMPTY,EMPTY,0.01
774.0,cctv1,C1_S003,G003,OCCUPIED,OCCUPIED,0.836956892230294
774.0,cctv1,C1_S004,G004,OCCUPIED,OCCUPIED,0.7795399277047678
774.0,cctv1,C1_S005,G005,OCCUPIED,OCCUPIED,0.7574178110469472
774.0,cctv1,C1_S006,G006,EMPTY,MANEUVERING,0.2659067951413718
774.0,cctv2,C2_S001,G007,OCCUPIED,OCCUPIED,0.7890317822044547
774.0,cctv2,C2_S002,G008,OCCUPIED,OCCUPIED,0.8238462822003798
774.0,cctv2,C2_S003,G009,EMPTY,MANEUVERING,0.49
774.0,cctv2,C2_S004,G010,OCCUPIED,OCCUPIED,0.7791113558140669
774.0,cctv2,C2_S005,G001,EMPTY,EMPTY,0.01
774.0,cctv2,C2_S006,G003,OCCUPIED,OCCUPIED,0.8219405320557682
774.0,cctv2,C2_S007,G004,OCCUPIED,OCCUPIED,0.8085940461267125
774.0,cctv2,C2_S008,G006,OCCUPIED,OCCUPIED,0.7783035671169108
774.0,cctv2,C2_S009,G005,OCCUPIED,OCCUPIED,0.7905748944390905
774.0,cctv2,C2_S010,G002,OCCUPIED,OCCUPIED,0.7991396990689366
774.0,cctv2,C2_S011,G017,OCCUPIED,OCCUPIED,0.7759193027561362
774.0,cctv2,C2_S012,G018,EMPTY,MANEUVERING,0.3086265427957881
774.0,cctv2,C2_S013,G019,OCCUPIED,OCCUPIED,0.8122324086048387
774.0,cctv2,C2_S014,G020,EMPTY,EMPTY,0.01
774.0,cctv3,C3_S001,G021,OCCUPIED,OCCUPIED,0.7991105231371793
774.0,cctv3,C3_S002,G019,EMPTY,EMPTY,0.01
774.0,cctv3,C3_S003,G020,OCCUPIED,OCCUPIED,0.8274978748776697
774.0,cctv3,C3_S004,G024,OCCUPIED,OCCUPIED,0.8294850211251866
774.0,cctv3,C3_S005,G025,OCCUPIED,OCCUPIED,0.8293124949390238
774.0,cctv3,C3_S006,G026,OCCUPIED,OCCUPIED,0.8275142867456784
774.0,cctv3,C3_S007,G027,OCCUPIED,OCCUPIED,0.7673609829761766
774.0,cctv3,C3_S008,G028,EMPTY,EMPTY,0.01
774.0,cctv3,C3_S009,G029,EMPTY,MANEUVERING,0.2890729116919365
774.0,cctv3,C3_S010,G007,OCCUPIED,OCCUPIED,0.5365873488048454
774.0,cctv3,C3_S011,G008,OCCUPIED,OCCUPIED,0.803394534371116
774.0,cctv3,C3_S012,G009,OCCUPIED,OCCUPIED,0.8250194462862882
775.0,cctv1,C1_S001,G001,OCCUPIED,OCCUPIED,0.7301860411058774
775.0,cctv1,C1_S002,G002,EMPTY,EMPTY,0.01
775.0,cctv1,C1_S003,G003,OCCUPIED,OCCUPIED,0.8369644877585498
775.0,cctv1,C1_S004,G004,OCCUPIED,OCCUPIED,0.7786061194810001
775.0,cctv1,C1_S005,G005,OCCUPIED,OCCUPIED,0.7555921451611953
775.0,cctv1,C1_S006,G006,EMPTY,MANEUVERING,0.2659067951413718
775.0,cctv2,C2_S001,G007,OCCUPIED,OCCUPIED,0.789871868762103
775.0,cctv2,C2_S002,G008,OCCUPIED,OCCUPIED,0.8240400368517096
775.0,cctv2,C2_S003,G009,EMPTY,MANEUVERING,0.49
775.0,cctv2,C2_S004,G010,OCCUPIED,OCCUPIED,0.7789870468052952
775.0,cctv2,C2_S005,G001,EMPTY,EMPTY,0.01
775.0,cctv2,C2_S006,G003,OCCUPIED,OCCUPIED,0.8218667534264652
775.0,cctv2,C2_S007,G004,OCCUPIED,OCCUPIED,0.8081700498407538
775.0,cctv2,C2_S008,G006,OCCUPIED,OCCUPIED,0.7794865793802522
775.0,cctv2,C2_S009,G005,OCCUPIED,OCCUPIED,0.78925979598002
775.0,cctv2,C2_S010,G002,OCCUPIED,OCCUPIED,0.8001575218005614
775.0,cctv2,C2_S011,G017,OCCUPIED,OCCUPIED,0.7738317435437984
775.0,cctv2,C2_S012,G018,EMPTY,MANEUVERING,0.3086265427957881
775.0,cctv2,C2_S013,G019,OCCUPIED,OCCUPIED,0.8167551214044745
775.0,cctv2,C2_S014,G020,EMPTY,EMPTY,0.01
775.0,cctv3,C3_S001,G021,OCCUPIED,OCCUPIED,0.7995321411978116
775.0,cctv3,C3_S002,G019,EMPTY,EMPTY,0.01
775.0,cctv3,C3_S003,G020,OCCUPIED,OCCUPIED,0.8269731453873895
775.0,cctv3,C3_S004,G024,OCCUPIED,OCCUPIED,0.8293755479834297
775.0,cctv3,C3_S005,G025,OCCUPIED,OCCUPIED,0.8294664130969481
775.0,cctv3,C3_S006,G026,OCCUPIED,OCCUPIED,0.8275573678992012
775.0,cctv3,C3_S007,G027,OCCUPIED,OCCUPIED,0.7679982868107883
775.0,cctv3,C3_S008,G028,EMPTY,EMPTY,0.01
775.0,cctv3,C3_S009,G029,EMPTY,MANEUVERING,0.2440729116919365
775.0,cctv3,C3_S010,G007,OCCUPIED,OCCUPIED,0.6187527101303076
775.0,cctv3,C3_S011,G008,OCCUPIED,OCCUPIED,0.8020080330696974
775.0,cctv3,C3_S012,G009,OCCUPIED,OCCUPIED,0.8248762212016366
776.0,cctv1,C1_S001,G001,OCCUPIED,OCCUPIED,0.7318745160644705
776.0,cctv1,C1_S002,G002,EMPTY,EMPTY,0.01
776.0,cctv1,C1_S003,G003,OCCUPIED,OCCUPIED,0.8368663489818573
776.0,cctv1,C1_S004,G004,OCCUPIED,OCCUPIED,0.7781998534094204
776.0,cctv1,C1_S005,G005,OCCUPIED,OCCUPIED,0.7569694013758139
776.0,cctv1,C1_S006,G006,EMPTY,MANEUVERING,0.1839761766723611
776.0,cctv2,C2_S001,G007,OCCUPIED,OCCUPIED,0.7912756174802781
776.0,cctv2,C2_S002,G008,OCCUPIED,OCCUPIED,0.8250755068930713
776.0,cctv2,C2_S003,G009,EMPTY,MANEUVERING,0.49
776.0,cctv2,C2_S004,G010,OCCUPIED,OCCUPIED,0.7802058442072436
776.0,cctv2,C2_S005,G001,EMPTY,EMPTY,0.01
776.0,cctv2,C2_S006,G003,OCCUPIED,OCCUPIED,0.8218656041405419
776.0,cctv2,C2_S007,G004,OCCUPIED,OCCUPIED,0.8080944432453676
776.0,cctv2,C2_S008,G006,OCCUPIED,OCCUPIED,0.7800046374852008
776.0,cctv2,C2_S009,G005,OCCUPIED,OCCUPIED,0.7874072055925023
776.0,cctv2,C2_S010,G002,OCCUPIED,OCCUPIED,0.8004588370973414
776.0,cctv2,C2_S011,G017,OCCUPIED,OCCUPIED,0.7737731876698408
776.0,cctv2,C2_S012,G018,EMPTY,MANEUVERING,0.3086265427957881
776.0,cctv2,C2_S013,G019,OCCUPIED,OCCUPIED,0.8184688522057101
776.0,cctv2,C2_S014,G020,EMPTY,EMPTY,0.01
776.0,cctv3,C3_S001,G021,OCCUPIED,OCCUPIED,0.7999108796769923
776.0,cctv3,C3_S002,G019,EMPTY,EMPTY,0.01
776.0,cctv3,C3_S003,G020,OCCUPIED,OCCUPIED,0.8258720311251554
776.0,cctv3,C3_S004,G024,OCCUPIED,OCCUPIED,0.8295791365883568
776.0,cctv3,C3_S005,G025,OCCUPIED,OCCUPIED,0.8294895524328406
776.0,cctv3,C3_S006,G026,OCCUPIED,OCCUPIED,0.8275048843838952
776.0,cctv3,C3_S007,G027,OCCUPIED,OCCUPIED,0.7689075776121834
776.0,cctv3,C3_S008,G028,EMPTY,EMPTY,0.01
776.0,cctv3,C3_S009,G029,EMPTY,MANEUVERING,0.1044216309916792
776.0,cctv3,C3_S010,G007,OCCUPIED,OCCUPIED,0.6575646339334322
776.0,cctv3,C3_S011,G008,OCCUPIED,OCCUPIED,0.8018457114696503
776.0,cctv3,C3_S012,G009,OCCUPIED,OCCUPIED,0.8248721304264937
777.0,cctv1,C1_S001,G001,OCCUPIED,OCCUPIED,0.7320637455040759
777.0,cctv1,C1_S002,G002,EMPTY,EMPTY,0.01
777.0,cctv1,C1_S003,G003,OCCUPIED,OCCUPIED,0.8368393976580013
777.0,cctv1,C1_S004,G004,OCCUPIED,OCCUPIED,0.7789420482787219
777.0,cctv1,C1_S005,G005,OCCUPIED,OCCUPIED,0.7584105177359148
777.0,cctv1,C1_S006,G006,EMPTY,MANEUVERING,0.1839761766723611
777.0,cctv2,C2_S001,G007,OCCUPIED,OCCUPIED,0.7903653683987532
777.0,cctv2,C2_S002,G008,OCCUPIED,OCCUPIED,0.8249091888015921
777.0,cctv2,C2_S003,G009,EMPTY,MANEUVERING,0.49
777.0,cctv2,C2_S004,G010,OCCUPIED,OCCUPIED,0.7774717019362883
777.0,cctv2,C2_S005,G001,EMPTY,EMPTY,0.01
777.0,cctv2,C2_S006,G003,OCCUPIED,OCCUPIED,0.821807549758391
777.0,cctv2,C2_S007,G004,OCCUPIED,OCCUPIED,0.808169853145426
777.0,cctv2,C2_S008,G006,OCCUPIED,OCCUPIED,0.7799488898028027
777.0,cctv2,C2_S009,G005,OCCUPIED,OCCUPIED,0.7874159894206307
777.0,cctv2,C2_S010,G002,OCCUPIED,OCCUPIED,0.8008995094082573
777.0,cctv2,C2_S011,G017,OCCUPIED,OCCUPIED,0.7719068920070475
777.0,cctv2,C2_S012,G018,EMPTY,MANEUVERING,0.3833370580456473
777.0,cctv2,C2_S013,G019,OCCUPIED,OCCUPIED,0.8196262058886615
777.0,cctv2,C2_S014,G020,EMPTY,EMPTY,0.01
777.0,cctv3,C3_S001,G021,OCCUPIED,OCCUPIED,0.7997017470273106
777.0,cctv3,C3_S002,G019,EMPTY,EMPTY,0.01
777.0,cctv3,C3_S003,G020,OCCUPIED,OCCUPIED,0.8256118227135052
777.0,cctv3,C3_S004,G024,OCCUPIED,OCCUPIED,0.8295421318574385
777.0,cctv3,C3_S005,G025,OCCUPIED,OCCUPIED,0.8293539375066757
777.0,cctv3,C3_S006,G026,OCCUPIED,OCCUPIED,0.8273800933902915
777.0,cctv3,C3_S007,G027,OCCUPIED,OCCUPIED,0.7696860615502705
777.0,cctv3,C3_S008,G028,EMPTY,EMPTY,0.01
777.0,cctv3,C3_S009,G029,EMPTY,MANEUVERING,0.1044216309916792
777.0,cctv3,C3_S010,G007,OCCUPIED,OCCUPIED,0.657346888852842
777.0,cctv3,C3_S011,G008,OCCUPIED,OCCUPIED,0.8017358920790933
777.0,cctv3,C3_S012,G009,OCCUPIED,OCCUPIED,0.8250449711626227
778.0,cctv1,C1_S001,G001,OCCUPIED,OCCUPIED,0.7315395676954227
778.0,cctv1,C1_S002,G002,EMPTY,EMPTY,0.01
778.0,cctv1,C1_S003,G003,OCCUPIED,OCCUPIED,0.8367101420055737
778.0,cctv1,C1_S004,G004,OCCUPIED,OCCUPIED,0.7788188349116933
778.0,cctv1,C1_S005,G005,OCCUPIED,OCCUPIED,0.7583969124338844
778.0,cctv1,C1_S006,G006,EMPTY,MANEUVERING,0.1839761766723611
778.0,cctv2,C2_S001,G007,OCCUPIED,OCCUPIED,0.7909358222376217
778.0,cctv2,C2_S002,G008,OCCUPIED,OCCUPIED,0.8253781803629616
778.0,cctv2,C2_S003,G009,EMPTY,MANEUVERING,0.4523892109018642
778.0,cctv2,C2_S004,G010,OCCUPIED,OCCUPIED,0.7791164268146862
778.0,cctv2,C2_S005,G001,EMPTY,EMPTY,0.01
778.0,cctv2,C2_S006,G003,OCCUPIED,OCCUPIED,0.821643504229459
778.0,cctv2,C2_S007,G004,OCCUPIED,OCCUPIED,0.8077884308316492
778.0,cctv2,C2_S008,G006,OCCUPIED,OCCUPIED,0.7803148581223055
778.0,cctv2,C2_S009,G005,OCCUPIED,OCCUPIED,0.786335815082897
778.0,cctv2,C2_S010,G002,OCCUPIED,OCCUPIED,0.8016954370520333
778.0,cctv2,C2_S011,G017,OCCUPIED,OCCUPIED,0.7728917475451124
778.0,cctv2,C2_S012,G018,EMPTY,MANEUVERING,0.3383370580456473
778.0,cctv2,C2_S013,G019,OCCUPIED,OCCUPIED,0.8163489577445118
778.0,cctv2,C2_S014,G020,EMPTY,EMPTY,0.01
778.0,cctv3,C3_S001,G021,OCCUPIED,OCCUPIED,0.7988264877687802
778.0,cctv3,C3_S002,G019,EMPTY,EMPTY,0.01
778.0,cctv3,C3_S003,G020,OCCUPIED,OCCUPIED,0.8251982236450369
778.0,cctv3,C3_S004,G024,OCCUPIED,OCCUPIED,0.8291609460657294
778.0,cctv3,C3_S005,G025,OCCUPIED,OCCUPIED,0.8293839904395017
778.0,cctv3,C3_S006,G026,OCCUPIED,OCCUPIED,0.8274605612863195
778.0,cctv3,C3_S007,G027,OCCUPIED,OCCUPIED,0.7697436380115423
778.0,cctv3,C3_S008,G028,EMPTY,EMPTY,0.01
778.0,cctv3,C3_S009,G029,EMPTY,MANEUVERING,0.1044216309916792
778.0,cctv3,C3_S010,G007,OCCUPIED,OCCUPIED,0.6588967239834143
778.0,cctv3,C3_S011,G008,OCCUPIED,OCCUPIED,0.8011224221099508
778.0,cctv3,C3_S012,G009,OCCUPIED,OCCUPIED,0.8253401832147078
779.0,cctv1,C1_S001,G001,OCCUPIED,OCCUPIED,0.7319715705784885
779.0,cctv1,C1_S002,G002,EMPTY,EMPTY,0.01
779.0,cctv1,C1_S003,G003,OCCUPIED,OCCUPIED,0.8367694106968967
779.0,cctv1,C1_S004,G004,OCCUPIED,OCCUPIED,0.7770312043753538
779.0,cctv1,C1_S005,G005,OCCUPIED,OCCUPIED,0.75734013305469
779.0,cctv1,C1_S006,G006,EMPTY,MANEUVERING,0.1839761766723611
779.0,cctv2,C2_S001,G007,OCCUPIED,OCCUPIED,0.7916964308782057
779.0,cctv2,C2_S002,G008,OCCUPIED,OCCUPIED,0.8259775996208192
779.0,cctv2,C2_S003,G009,EMPTY,MANEUVERING,0.49
779.0,cctv2,C2_S004,G010,OCCUPIED,OCCUPIED,0.7810577467083931
779.0,cctv2,C2_S005,G001,EMPTY,EMPTY,0.01
779.0,cctv2,C2_S006,G003,OCCUPIED,OCCUPIED,0.8218546119603245
779.0,cctv2,C2_S007,G004,OCCUPIED,OCCUPIED,0.8071523571556265
779.0,cctv2,C2_S008,G006,OCCUPIED,OCCUPIED,0.7792137544263493
779.0,cctv2,C2_S009,G005,OCCUPIED,OCCUPIED,0.7849505614150655
779.0,cctv2,C2_S010,G002,OCCUPIED,OCCUPIED,0.8008444119583478
779.0,cctv2,C2_S011,G017,OCCUPIED,OCCUPIED,0.7714128039099954
779.0,cctv2,C2_S012,G018,EMPTY,MANEUVERING,0.3383370580456473
779.0,cctv2,C2_S013,G019,OCCUPIED,OCCUPIED,0.8153910328041424
779.0,cctv2,C2_S014,G020,EMPTY,EMPTY,0.01
779.0,cctv3,C3_S001,G021,OCCUPIED,OCCUPIED,0.7991224890405482
779.0,cctv3,C3_S002,G019,EMPTY,EMPTY,0.01
779.0,cctv3,C3_S003,G020,OCCUPIED,OCCUPIED,0.824594868855043
779.0,cctv3,C3_S004,G024,OCCUPIED,OCCUPIED,0.8290186800739983
779.0,cctv3,C3_S005,G025,OCCUPIED,OCCUPIED,0.8294111287051982
779.0,cctv3,C3_S006,G026,OCCUPIED,OCCUPIED,0.8274187862873078
779.0,cctv3,C3_S007,G027,OCCUPIED,OCCUPIED,0.7696284720843489
779.0,cctv3,C3_S008,G028,EMPTY,EMPTY,0.01
779.0,cctv3,C3_S009,G029,EMPTY,MANEUVERING,0.170134099681269
779.0,cctv3,C3_S010,G007,OCCUPIED,OCCUPIED,0.708615620118199
779.0,cctv3,C3_S011,G008,OCCUPIED,OCCUPIED,0.8004879918965427
779.0,cctv3,C3_S012,G009,OCCUPIED,OCCUPIED,0.8254626959562302
780.0,cctv1,C1_S001,G001,OCCUPIED,OCCUPIED,0.7311549417674542
780.0,cctv1,C1_S002,G002,EMPTY,EMPTY,0.01
780.0,cctv1,C1_S003,G003,OCCUPIED,OCCUPIED,0.8368183528835124
780.0,cctv1,C1_S004,G004,OCCUPIED,OCCUPIED,0.7761951663277367
780.0,cctv1,C1_S005,G005,OCCUPIED,OCCUPIED,0.7569624349474907
780.0,cctv1,C1_S006,G006,EMPTY,MANEUVERING,0.2580674059959975
780.0,cctv2,C2_S001,G007,OCCUPIED,OCCUPIED,0.7912002628499812
780.0,cctv2,C2_S002,G008,OCCUPIED,OCCUPIED,0.8259983461011541
780.0,cctv2,C2_S003,G009,EMPTY,MANEUVERING,0.49
780.0,cctv2,C2_S004,G010,OCCUPIED,OCCUPIED,0.7806040209802715
780.0,cctv2,C2_S005,G001,EMPTY,EMPTY,0.01
780.0,cctv2,C2_S006,G003,OCCUPIED,OCCUPIED,0.8216765709898689
780.0,cctv2,C2_S007,G004,OCCUPIED,OCCUPIED,0.8068784052675422
780.0,cctv2,C2_S008,G006,OCCUPIED,OCCUPIED,0.7793372912840411
780.0,cctv2,C2_S009,G005,OCCUPIED,OCCUPIED,0.7850861657749524
780.0,cctv2,C2_S010,G002,OCCUPIED,OCCUPIED,0.8021307701414282
780.0,cctv2,C2_S011,G017,OCCUPIED,OCCUPIED,0.7734186276793481
780.0,cctv2,C2_S012,G018,EMPTY,MANEUVERING,0.3383370580456473
780.0,cctv2,C2_S013,G019,OCCUPIED,OCCUPIED,0.8141783492131667
780.0,cctv2,C2_S014,G020,EMPTY,EMPTY,0.01
780.0,cctv3,C3_S001,G021,OCCUPIED,OCCUPIED,0.7994979609142651
780.0,cctv3,C3_S002,G019,EMPTY,EMPTY,0.01
780.0,cctv3,C3_S003,G020,OCCUPIED,OCCUPIED,0.824346258152615
780.0,cctv3,C3_S004,G024,OCCUPIED,OCCUPIED,0.8289776024493305
780.0,cctv3,C3_S005,G025,OCCUPIED,OCCUPIED,0.8293693577701395
780.0,cctv3,C3_S006,G026,OCCUPIED,OCCUPIED,0.8272892900488594
780.0,cctv3,C3_S007,G027,OCCUPIED,OCCUPIED,0.7695156937295741
780.0,cctv3,C3_S008,G028,EMPTY,EMPTY,0.01
780.0,cctv3,C3_S009,G029,EMPTY,MANEUVERING,0.2500301083854653
780.0,cctv3,C3_S010,G007,OCCUPIED,OCCUPIED,0.6516156201181991
780.0,cctv3,C3_S011,G008,OCCUPIED,OCCUPIED,0.8008533697236668
780.0,cctv3,C3_S012,G009,OCCUPIED,OCCUPIED,0.8255117551846938
781.0,cctv1,C1_S001,G001,OCCUPIED,OCCUPIED,0.7312252668494529
781.0,cctv1,C1_S002,G002,EMPTY,EMPTY,0.01
781.0,cctv1,C1_S003,G003,OCCUPIED,OCCUPIED,0.8368150293827057
781.0,cctv1,C1_S004,G004,OCCUPIED,OCCUPIED,0.7759874812581323
781.0,cctv1,C1_S005,G005,OCCUPIED,OCCUPIED,0.7579660399393603
781.0,cctv1,C1_S006,G006,EMPTY,MANEUVERING,0.3624921168657866
781.0,cctv2,C2_S001,G007,OCCUPIED,OCCUPIED,0.7914448860016736
781.0,cctv2,C2_S002,G008,OCCUPIED,OCCUPIED,0.8261248740282926
781.0,cctv2,C2_S003,G009,EMPTY,MANEUVERING,0.49
781.0,cctv2,C2_S004,G010,OCCUPIED,OCCUPIED,0.7795539950782603
781.0,cctv2,C2_S005,G001,EMPTY,EMPTY,0.01
781.0,cctv2,C2_S006,G003,OCCUPIED,OCCUPIED,0.8213366782123392
781.0,cctv2,C2_S007,G004,OCCUPIED,OCCUPIED,0.8066923225467856
781.0,cctv2,C2_S008,G006,OCCUPIED,OCCUPIED,0.7801200240850449
781.0,cctv2,C2_S009,G005,OCCUPIED,OCCUPIED,0.7854806366291913
781.0,cctv2,C2_S010,G002,OCCUPIED,OCCUPIED,0.8018264231356709
781.0,cctv2,C2_S011,G017,OCCUPIED,OCCUPIED,0.773016225614331
781.0,cctv2,C2_S012,G018,EMPTY,MANEUVERING,0.2933370580456473
781.0,cctv2,C2_S013,G019,OCCUPIED,OCCUPIED,0.8155530544844541
781.0,cctv2,C2_S014,G020,EMPTY,EMPTY,0.01
781.0,cctv3,C3_S001,G021,OCCUPIED,OCCUPIED,0.7991795705123381
781.0,cctv3,C3_S002,G019,EMPTY,EMPTY,0.01
781.0,cctv3,C3_S003,G020,OCCUPIED,OCCUPIED,0.8242591245607896
781.0,cctv3,C3_S004,G024,OCCUPIED,OCCUPIED,0.8289215914227747
781.0,cctv3,C3_S005,G025,OCCUPIED,OCCUPIED,0.8294364243745804
781.0,cctv3,C3_S006,G026,OCCUPIED,OCCUPIED,0.8273384029215033
781.0,cctv3,C3_S007,G027,OCCUPIED,OCCUPIED,0.7696654674681751
781.0,cctv3,C3_S008,G028,EMPTY,EMPTY,0.01
781.0,cctv3,C3_S009,G029,EMPTY,MANEUVERING,0.2500301083854653
781.0,cctv3,C3_S010,G007,OCCUPIED,OCCUPIED,0.6510806028662307
781.0,cctv3,C3_S011,G008,OCCUPIED,OCCUPIED,0.8005196216431532
781.0,cctv3,C3_S012,G009,OCCUPIED,OCCUPIED,0.8254922433332964
782.0,cctv1,C1_S001,G001,OCCUPIED,OCCUPIED,0.7310366421260618
782.0,cctv1,C1_S002,G002,EMPTY,EMPTY,0.01
782.0,cctv1,C1_S003,G003,OCCUPIED,OCCUPIED,0.8368820203976198
782.0,cctv1,C1_S004,G004,OCCUPIED,OCCUPIED,0.7750851471315732
782.0,cctv1,C1_S005,G005,OCCUPIED,OCCUPIED,0.7578441900285808
782.0,cctv1,C1_S006,G006,EMPTY,MANEUVERING,0.3624921168657866
782.0,cctv2,C2_S001,G007,OCCUPIED,OCCUPIED,0.793668649413369
782.0,cctv2,C2_S002,G008,OCCUPIED,OCCUPIED,0.826519287987189
782.0,cctv2,C2_S003,G009,EMPTY,MANEUVERING,0.49
782.0,cctv2,C2_S004,G010,OCCUPIED,OCCUPIED,0.7780168479139156
782.0,cctv2,C2_S005,G001,EMPTY,EMPTY,0.01
782.0,cctv2,C2_S006,G003,OCCUPIED,OCCUPIED,0.8212048923427409
782.0,cctv2,C2_S007,G004,OCCUPIED,OCCUPIED,0.807225554639643
782.0,cctv2,C2_S008,G006,OCCUPIED,OCCUPIED,0.7803031596270475
782.0,cctv2,C2_S009,G005,OCCUPIED,OCCUPIED,0.7861637042327361
782.0,cctv2,C2_S010,G002,OCCUPIED,OCCUPIED,0.8010582433505492
782.0,cctv2,C2_S011,G017,OCCUPIED,OCCUPIED,0.7733617924831131
782.0,cctv2,C2_S012,G018,EMPTY,MANEUVERING,0.2933370580456473
782.0,cctv2,C2_S013,G019,OCCUPIED,OCCUPIED,0.8151061700149016
782.0,cctv2,C2_S014,G020,EMPTY,EMPTY,0.01
782.0,cctv3,C3_S001,G021,OCCUPIED,OCCUPIED,0.7981880244883625
782.0,cctv3,C3_S002,G019,EMPTY,EMPTY,0.01
782.0,cctv3,C3_S003,G020,OCCUPIED,OCCUPIED,0.8248541856353934
782.0,cctv3,C3_S004,G024,OCCUPIED,OCCUPIED,0.8284964165904306
782.0,cctv3,C3_S005,G025,OCCUPIED,OCCUPIED,0.829496370120482
782.0,cctv3,C3_S006,G026,OCCUPIED,OCCUPIED,0.8274381095712836
782.0,cctv3,C3_S007,G027,OCCUPIED,OCCUPIED,0.7695845964280043
782.0,cctv3,C3_S008,G028,EMPTY,EMPTY,0.01
782.0,cctv3,C3_S009,G029,EMPTY,MANEUVERING,0.1949814710529013
782.0,cctv3,C3_S010,G007,OCCUPIED,OCCUPIED,0.5962624210480488
782.0,cctv3,C3_S011,G008,OCCUPIED,OCCUPIED,0.8021356542002072
782.0,cctv3,C3_S012,G009,OCCUPIED,OCCUPIED,0.8254392428831621
783.0,cctv1,C1_S001,G001,OCCUPIED,OCCUPIED,0.7312179490923882
783.0,cctv1,C1_S002,G002,EMPTY,EMPTY,0.01
783.0,cctv1,C1_S003,G003,OCCUPIED,OCCUPIED,0.836774150078947
783.0,cctv1,C1_S004,G004,OCCUPIED,OCCUPIED,0.7752713103186001
783.0,cctv1,C1_S005,G005,OCCUPIED,OCCUPIED,0.7591204090551897
783.0,cctv1,C1_S006,G006,EMPTY,MANEUVERING,0.3118031616441228
783.0,cctv2,C2_S001,G007,OCCUPIED,OCCUPIED,0.7945568531751633
783.0,cctv2,C2_S002,G008,OCCUPIED,OCCUPIED,0.8258499752391469
783.0,cctv2,C2_S003,G009,EMPTY,MANEUVERING,0.49
783.0,cctv2,C2_S004,G010,OCCUPIED,OCCUPIED,0.7770543920722875
783.0,cctv2,C2_S005,G001,EMPTY,EMPTY,0.01
783.0,cctv2,C2_S006,G003,OCCUPIED,OCCUPIED,0.821082393418659
783.0,cctv2,C2_S007,G004,OCCUPIED,OCCUPIED,0.8070316861976278
783.0,cctv2,C2_S008,G006,OCCUPIED,OCCUPIED,0.7811070810664784
783.0,cctv2,C2_S009,G005,OCCUPIED,OCCUPIED,0.7873349590735003
783.0,cctv2,C2_S010,G002,OCCUPIED,OCCUPIED,0.7992396845058962
783.0,cctv2,C2_S011,G017,OCCUPIED,OCCUPIED,0.7746602685614066
783.0,cctv2,C2_S012,G018,EMPTY,MANEUVERING,0.2933370580456473
783.0,cctv2,C2_S013,G019,OCCUPIED,OCCUPIED,0.8115243407812986
783.0,cctv2,C2_S014,G020,EMPTY,EMPTY,0.01
783.0,cctv3,C3_S001,G021,OCCUPIED,OCCUPIED,0.7972799610007894
783.0,cctv3,C3_S002,G019,EMPTY,EMPTY,0.01
783.0,cctv3,C3_S003,G020,OCCUPIED,OCCUPIED,0.8257696910337968
783.0,cctv3,C3_S004,G024,OCCUPIED,OCCUPIED,0.8284849253567783
783.0,cctv3,C3_S005,G025,OCCUPIED,OCCUPIED,0.8296083604747599
783.0,cctv3,C3_S006,G026,OCCUPIED,OCCUPIED,0.8275593673641032
783.0,cctv3,C3_S007,G027,OCCUPIED,OCCUPIED,0.7703110633925959
783.0,cctv3,C3_S008,G028,EMPTY,EMPTY,0.01
783.0,cctv3,C3_S009,G029,EMPTY,MANEUVERING,0.2867889304289763
783.0,cctv3,C3_S010,G007,OCCUPIED,OCCUPIED,0.51
783.0,cctv3,C3_S011,G008,OCCUPIED,OCCUPIED,0.8024215272881768
783.0,cctv3,C3_S012,G009,OCCUPIED,OCCUPIED,0.8256056885827672
784.0,cctv1,C1_S001,G001,OCCUPIED,OCCUPIED,0.7315725865011866
784.0,cctv1,C1_S002,G002,EMPTY,EMPTY,0.01
784.0,cctv1,C1_S003,G003,OCCUPIED,OCCUPIED,0.8368425927378915
784.0,cctv1,C1_S004,G004,OCCUPIED,OCCUPIED,0.776463139734485
784.0,cctv1,C1_S005,G005,OCCUPIED,OCCUPIED,0.7613220678134398
784.0,cctv1,C1_S006,G006,EMPTY,MANEUVERING,0.2668031616441228
784.0,cctv2,C2_S001,G007,OCCUPIED,OCCUPIED,0.7949625754898245
784.0,cctv2,C2_S002,G008,OCCUPIED,OCCUPIED,0.8259968318722466
784.0,cctv2,C2_S003,G009,EMPTY,MANEUVERING,0.49
784.0,cctv2,C2_S004,G010,OCCUPIED,OCCUPIED,0.77508773221211
784.0,cctv2,C2_S005,G001,EMPTY,EMPTY,0.01
784.0,cctv2,C2_S006,G003,OCCUPIED,OCCUPIED,0.82119860784574
784.0,cctv2,C2_S007,G004,OCCUPIED,OCCUPIED,0.8072472130710429
784.0,cctv2,C2_S008,G006,OCCUPIED,OCCUPIED,0.7816349438645623
784.0,cctv2,C2_S009,G005,OCCUPIED,OCCUPIED,0.7875043527646499
784.0,cctv2,C2_S010,G002,OCCUPIED,OCCUPIED,0.7988181891766462
784.0,cctv2,C2_S011,G017,OCCUPIED,OCCUPIED,0.7776228761131114
784.0,cctv2,C2_S012,G018,EMPTY,MANEUVERING,0.2933370580456473
784.0,cctv2,C2_S013,G019,OCCUPIED,OCCUPIED,0.8082792458209125
784.0,cctv2,C2_S014,G020,EMPTY,EMPTY,0.01
784.0,cctv3,C3_S001,G021,OCCUPIED,OCCUPIED,0.7959778785705567
784.0,cctv3,C3_S002,G019,EMPTY,EMPTY,0.01
784.0,cctv3,C3_S003,G020,OCCUPIED,OCCUPIED,0.8259395236318763
784.0,cctv3,C3_S004,G024,OCCUPIED,OCCUPIED,0.828498033230955
784.0,cctv3,C3_S005,G025,OCCUPIED,OCCUPIED,0.8295823788101023
784.0,cctv3,C3_S006,G026,OCCUPIED,OCCUPIED,0.8277460450475866
784.0,cctv3,C3_S007,G027,OCCUPIED,OCCUPIED,0.7703427118333904
784.0,cctv3,C3_S008,G028,EMPTY,EMPTY,0.01
784.0,cctv3,C3_S009,G029,EMPTY,MANEUVERING,0.2417889304289763
784.0,cctv3,C3_S010,G007,OCCUPIED,OCCUPIED,0.5491173209791834
784.0,cctv3,C3_S011,G008,OCCUPIED,OCCUPIED,0.8030244618654252
784.0,cctv3,C3_S012,G009,OCCUPIED,OCCUPIED,0.825536572933197
785.0,cctv1,C1_S001,G001,OCCUPIED,OCCUPIED,0.7330631883984263
785.0,cctv1,C1_S002,G002,EMPTY,EMPTY,0.01
785.0,cctv1,C1_S003,G003,OCCUPIED,OCCUPIED,0.8369767682118849
785.0,cctv1,C1_S004,G004,OCCUPIED,OCCUPIED,0.7777070629325781
785.0,cctv1,C1_S005,G005,OCCUPIED,OCCUPIED,0.7647202218120749
785.0,cctv1,C1_S006,G006,EMPTY,MANEUVERING,0.2218031616441228
785.0,cctv2,C2_S001,G007,OCCUPIED,OCCUPIED,0.7971322769468482
785.0,cctv2,C2_S002,G008,OCCUPIED,OCCUPIED,0.8259908611124213
785.0,cctv2,C2_S003,G009,EMPTY,MANEUVERING,0.49
785.0,cctv2,C2_S004,G010,OCCUPIED,OCCUPIED,0.7755916818976403
785.0,cctv2,C2_S005,G001,EMPTY,EMPTY,0.01
785.0,cctv2,C2_S006,G003,OCCUPIED,OCCUPIED,0.820738408240405
785.0,cctv2,C2_S007,G004,OCCUPIED,OCCUPIED,0.8070092946290971
785.0,cctv2,C2_S008,G006,OCCUPIED,OCCUPIED,0.7801158739761873
785.0,cctv2,C2_S009,G005,OCCUPIED,OCCUPIED,0.7860850216312842
785.0,cctv2,C2_S010,G002,OCCUPIED,OCCUPIED,0.7943195101889697
785.0,cctv2,C2_S011,G017,OCCUPIED,OCCUPIED,0.7795846218412573
785.0,cctv2,C2_S012,G018,EMPTY,MANEUVERING,0.2503203005682338
785.0,cctv2,C2_S013,G019,OCCUPIED,OCCUPIED,0.8069884823127227
785.0,cctv2,C2_S014,G020,EMPTY,EMPTY,0.01
785.0,cctv3,C3_S001,G021,OCCUPIED,OCCUPIED,0.7951042871583592
785.0,cctv3,C3_S002,G019,EMPTY,EMPTY,0.01
785.0,cctv3,C3_S003,G020,OCCUPIED,OCCUPIED,0.8238754662600432
785.0,cctv3,C3_S004,G024,OCCUPIED,OCCUPIED,0.8283815733411096
785.0,cctv3,C3_S005,G025,OCCUPIED,OCCUPIED,0.8297168208794161
785.0,cctv3,C3_S006,G026,OCCUPIED,OCCUPIED,0.8278062256899748
785.0,cctv3,C3_S007,G027,OCCUPIED,OCCUPIED,0.7701583709229123
785.0,cctv3,C3_S008,G028,EMPTY,EMPTY,0.01
785.0,cctv3,C3_S009,G029,EMPTY,MANEUVERING,0.3382710086996244
785.0,cctv3,C3_S010,G007,OCCUPIED,OCCUPIED,0.51
785.0,cctv3,C3_S011,G008,OCCUPIED,OCCUPIED,0.8033636816523293
785.0,cctv3,C3_S012,G009,OCCUPIED,OCCUPIED,0.825369910218499
786.0,cctv1,C1_S001,G001,OCCUPIED,OCCUPIED,0.7335526606576009
786.0,cctv1,C1_S002,G002,EMPTY,EMPTY,0.01
786.0,cctv1,C1_S003,G003,OCCUPIED,OCCUPIED,0.8369740144772964
786.0,cctv1,C1_S004,G004,OCCUPIED,OCCUPIED,0.7783298251303761
786.0,cctv1,C1_S005,G005,OCCUPIED,OCCUPIED,0.7523167844794014
786.0,cctv1,C1_S006,G006,EMPTY,MANEUVERING,0.3012489421936598
786.0,cctv2,C2_S001,G007,OCCUPIED,OCCUPIED,0.7971690475940705
786.0,cctv2,C2_S002,G008,OCCUPIED,OCCUPIED,0.8254932235587727
786.0,cctv2,C2_S003,G009,EMPTY,MANEUVERING,0.49
786.0,cctv2,C2_S004,G010,OCCUPIED,OCCUPIED,0.772871321304278
786.0,cctv2,C2_S005,G001,EMPTY,EMPTY,0.01
786.0,cctv2,C2_S006,G003,OCCUPIED,OCCUPIED,0.8121455722911792
786.0,cctv2,C2_S007,G004,OCCUPIED,OCCUPIED,0.8029197549278086
786.0,cctv2,C2_S008,G006,OCCUPIED,LEAVING,0.7827626794576645
786.0,cctv2,C2_S009,G005,OCCUPIED,OCCUPIED,0.7878050686283545
786.0,cctv2,C2_S010,G002,OCCUPIED,OCCUPIED,0.7938970224423842
786.0,cctv2,C2_S011,G017,OCCUPIED,OCCUPIED,0.7819570861079477
786.0,cctv2,C2_S012,G018,EMPTY,MANEUVERING,0.2503203005682338
786.0,cctv2,C2_S013,G019,OCCUPIED,OCCUPIED,0.802096282623031
786.0,cctv2,C2_S014,G020,EMPTY,EMPTY,0.01
786.0,cctv3,C3_S001,G021,OCCUPIED,OCCUPIED,0.7945365968075666
786.0,cctv3,C3_S002,G019,EMPTY,EMPTY,0.01
786.0,cctv3,C3_S003,G020,OCCUPIED,OCCUPIED,0.8240994534709237
786.0,cctv3,C3_S004,G024,OCCUPIED,OCCUPIED,0.8285277122801001
786.0,cctv3,C3_S005,G025,OCCUPIED,OCCUPIED,0.8297305033965545
786.0,cctv3,C3_S006,G026,OCCUPIED,OCCUPIED,0.8278504032980313
786.0,cctv3,C3_S007,G027,OCCUPIED,OCCUPIED,0.7692806667902253
786.0,cctv3,C3_S008,G028,EMPTY,EMPTY,0.01
786.0,cctv3,C3_S009,G029,EMPTY,MANEUVERING,0.2932710086996243
786.0,cctv3,C3_S010,G007,OCCUPIED,OCCUPIED,0.51
786.0,cctv3,C3_S011,G008,OCCUPIED,OCCUPIED,0.8038640388033608
786.0,cctv3,C3_S012,G009,OCCUPIED,OCCUPIED,0.8252825726162304
787.0,cctv1,C1_S001,G001,OCCUPIED,OCCUPIED,0.7337928652763367
787.0,cctv1,C1_S002,G002,EMPTY,EMPTY,0.01
787.0,cctv1,C1_S003,G003,OCCUPIED,OCCUPIED,0.8372701002792879
787.0,cctv1,C1_S004,G004,OCCUPIED,OCCUPIED,0.7790612952275711
787.0,cctv1,C1_S005,G005,OCCUPIED,OCCUPIED,0.7506274089488117
787.0,cctv1,C1_S006,G006,EMPTY,MANEUVERING,0.3012489421936598
787.0,cctv2,C2_S001,G007,OCCUPIED,OCCUPIED,0.7970766698772258
787.0,cctv2,C2_S002,G008,OCCUPIED,OCCUPIED,0.8259577122601597
787.0,cctv2,C2_S003,G009,EMPTY,MANEUVERING,0.4138422775810415
787.0,cctv2,C2_S004,G010,OCCUPIED,OCCUPIED,0.7736274100162767
787.0,cctv2,C2_S005,G001,EMPTY,EMPTY,0.01
787.0,cctv2,C2_S006,G003,OCCUPIED,OCCUPIED,0.8120819494805553
787.0,cctv2,C2_S007,G004,OCCUPIED,OCCUPIED,0.8035841161554511
787.0,cctv2,C2_S008,G006,OCCUPIED,LEAVING,0.7799704287539829
787.0,cctv2,C2_S009,G005,OCCUPIED,OCCUPIED,0.7924904716285793
787.0,cctv2,C2_S010,G002,OCCUPIED,OCCUPIED,0.7947301799600776
787.0,cctv2,C2_S011,G017,OCCUPIED,OCCUPIED,0.7828576203096997
787.0,cctv2,C2_S012,G018,EMPTY,MANEUVERING,0.2503203005682338
787.0,cctv2,C2_S013,G019,OCCUPIED,OCCUPIED,0.8000692828135058
787.0,cctv2,C2_S014,G020,EMPTY,EMPTY,0.01
787.0,cctv3,C3_S001,G021,OCCUPIED,OCCUPIED,0.7940257091413845
787.0,cctv3,C3_S002,G019,EMPTY,EMPTY,0.01
787.0,cctv3,C3_S003,G020,OCCUPIED,OCCUPIED,0.8252341351725839
787.0,cctv3,C3_S004,G024,OCCUPIED,OCCUPIED,0.8284984867681158
787.0,cctv3,C3_S005,G025,OCCUPIED,OCCUPIED,0.8296562013300983
787.0,cctv3,C3_S006,G026,OCCUPIED,OCCUPIED,0.827757429805669
787.0,cctv3,C3_S007,G027,OCCUPIED,OCCUPIED,0.768411154367707
787.0,cctv3,C3_S008,G028,EMPTY,EMPTY,0.01
787.0,cctv3,C3_S009,G029,EMPTY,MANEUVERING,0.3482388454009638
787.0,cctv3,C3_S010,G007,OCCUPIED,OCCUPIED,0.51
787.0,cctv3,C3_S011,G008,OCCUPIED,OCCUPIED,0.8046952057968487
787.0,cctv3,C3_S012,G009,OCCUPIED,OCCUPIED,0.8252854230729016
788.0,cctv1,C1_S001,G001,OCCUPIED,OCCUPIED,0.7331385105170988
788.0,cctv1,C1_S002,G002,EMPTY,EMPTY,0.01
788.0,cctv1,C1_S003,G003,OCCUPIED,OCCUPIED,0.8369918243451553
788.0,cctv1,C1_S004,G004,OCCUPIED,OCCUPIED,0.7768795860084621
788.0,cctv1,C1_S005,G005,OCCUPIED,OCCUPIED,0.6690006103298881
788.0,cctv1,C1_S006,G006,EMPTY,MANEUVERING,0.3012489421936598
788.0,cctv2,C2_S001,G007,OCCUPIED,OCCUPIED,0.7983273408629679
788.0,cctv2,C2_S002,G008,OCCUPIED,OCCUPIED,0.8260344819589095
788.0,cctv2,C2_S003,G009,EMPTY,MANEUVERING,0.4138422775810415
788.0,cctv2,C2_S004,G010,OCCUPIED,OCCUPIED,0.7716082893989303
788.0,cctv2,C2_S005,G001,EMPTY,EMPTY,0.01
788.0,cctv2,C2_S006,G003,OCCUPIED,OCCUPIED,0.8121433972635053
788.0,cctv2,C2_S007,G004,OCCUPIED,OCCUPIED,0.8034964022311298
788.0,cctv2,C2_S008,G006,OCCUPIED,LEAVING,0.779946012117646
788.0,cctv2,C2_S009,G005,OCCUPIED,OCCUPIED,0.7936074361205102
788.0,cctv2,C2_S010,G002,OCCUPIED,OCCUPIED,0.7956540213389831
788.0,cctv2,C2_S011,G017,OCCUPIED,OCCUPIED,0.785862242227251
788.0,cctv2,C2_S012,G018,EMPTY,EMPTY,0.01
788.0,cctv2,C2_S013,G019,OCCUPIED,OCCUPIED,0.7983452035622164
788.0,cctv2,C2_S014,G020,EMPTY,EMPTY,0.01
788.0,cctv3,C3_S001,G021,OCCUPIED,OCCUPIED,0.7934670115059073
788.0,cctv3,C3_S002,G019,EMPTY,EMPTY,0.01
788.0,cctv3,C3_S003,G020,OCCUPIED,OCCUPIED,0.8253683903000573
788.0,cctv3,C3_S004,G024,OCCUPIED,OCCUPIED,0.8284674121574922
788.0,cctv3,C3_S005,G025,OCCUPIED,OCCUPIED,0.829758340662176
788.0,cctv3,C3_S006,G026,OCCUPIED,OCCUPIED,0.8277874941175635
788.0,cctv3,C3_S007,G027,OCCUPIED,OCCUPIED,0.7678729540922425
788.0,cctv3,C3_S008,G028,EMPTY,EMPTY,0.01
788.0,cctv3,C3_S009,G029,EMPTY,MANEUVERING,0.4426514703577214
788.0,cctv3,C3_S010,G007,OCCUPIED,OCCUPIED,0.51
788.0,cctv3,C3_S011,G008,OCCUPIED,OCCUPIED,0.8045286178588867
788.0,cctv3,C3_S012,G009,OCCUPIED,OCCUPIED,0.8252931559627708
789.0,cctv1,C1_S001,G001,OCCUPIED,OCCUPIED,0.7328177307139744
789.0,cctv1,C1_S002,G002,EMPTY,EMPTY,0.01
789.0,cctv1,C1_S003,G003,OCCUPIED,OCCUPIED,0.8372529219497334
789.0,cctv1,C1_S004,G004,OCCUPIED,OCCUPIED,0.7757616360079159
789.0,cctv1,C1_S005,G005,OCCUPIED,OCCUPIED,0.6512096112379523
789.0,cctv1,C1_S006,G006,EMPTY,MANEUVERING,0.3878976588933305
789.0,cctv2,C2_S001,G007,OCCUPIED,OCCUPIED,0.7960651844739914
789.0,cctv2,C2_S002,G008,OCCUPIED,OCCUPIED,0.8248962247913535
789.0,cctv2,C2_S003,G009,EMPTY,MANEUVERING,0.4507077407759505
789.0,cctv2,C2_S004,G010,OCCUPIED,OCCUPIED,0.7692808240652085
789.0,cctv2,C2_S005,G001,EMPTY,EMPTY,0.01
789.0,cctv2,C2_S006,G003,OCCUPIED,OCCUPIED,0.8122763925655322
789.0,cctv2,C2_S007,G004,OCCUPIED,OCCUPIED,0.803735536607829
789.0,cctv2,C2_S008,G006,OCCUPIED,LEAVING,0.7784782939336518
789.0,cctv2,C2_S009,G005,OCCUPIED,OCCUPIED,0.795416183769703
789.0,cctv2,C2_S010,G002,OCCUPIED,OCCUPIED,0.796880224888975
789.0,cctv2,C2_S011,G017,OCCUPIED,OCCUPIED,0.7883604817769745
789.0,cctv2,C2_S012,G018,EMPTY,EMPTY,0.01
789.0,cctv2,C2_S013,G019,OCCUPIED,OCCUPIED,0.8005015126683496
789.0,cctv2,C2_S014,G020,EMPTY,EMPTY,0.01
789.0,cctv3,C3_S001,G021,OCCUPIED,OCCUPIED,0.7929444342851639
789.0,cctv3,C3_S002,G019,EMPTY,EMPTY,0.01
789.0,cctv3,C3_S003,G020,OCCUPIED,OCCUPIED,0.8262642586773092
789.0,cctv3,C3_S004,G024,OCCUPIED,OCCUPIED,0.8285455977374858
789.0,cctv3,C3_S005,G025,OCCUPIED,OCCUPIED,0.8297887292775241
789.0,cctv3,C3_S006,G026,OCCUPIED,OCCUPIED,0.8277476860718294
789.0,cctv3,C3_S007,G027,OCCUPIED,OCCUPIED,0.7685968546704813
789.0,cctv3,C3_S008,G028,EMPTY,EMPTY,0.01
789.0,cctv3,C3_S009,G029,EMPTY,MANEUVERING,0.49
789.0,cctv3,C3_S010,G007,OCCUPIED,OCCUPIED,0.51
789.0,cctv3,C3_S011,G008,OCCUPIED,OCCUPIED,0.8049657455899499
789.0,cctv3,C3_S012,G009,OCCUPIED,OCCUPIED,0.8250104966488752
790.0,cctv1,C1_S001,G001,OCCUPIED,OCCUPIED,0.7334652625024319
790.0,cctv1,C1_S002,G002,EMPTY,EMPTY,0.01
790.0,cctv1,C1_S003,G003,OCCUPIED,OCCUPIED,0.8373432554981926
790.0,cctv1,C1_S004,G004,OCCUPIED,OCCUPIED,0.7778397367759184
790.0,cctv1,C1_S005,G005,OCCUPIED,OCCUPIED,0.6504572261282893
790.0,cctv1,C1_S006,G006,EMPTY,MANEUVERING,0.3428976588933305
790.0,cctv2,C2_S001,G007,OCCUPIED,OCCUPIED,0.795515908707272
790.0,cctv2,C2_S002,G008,OCCUPIED,OCCUPIED,0.8244116309014234
790.0,cctv2,C2_S003,G009,EMPTY,MANEUVERING,0.4148662294989282
790.0,cctv2,C2_S004,G010,OCCUPIED,OCCUPIED,0.7665364678610456
790.0,cctv2,C2_S005,G001,EMPTY,EMPTY,0.01
790.0,cctv2,C2_S006,G003,OCCUPIED,OCCUPIED,0.8124043875797229
790.0,cctv2,C2_S007,G004,OCCUPIED,OCCUPIED,0.8041862867095254
790.0,cctv2,C2_S008,G006,OCCUPIED,LEAVING,0.778451710397547
790.0,cctv2,C2_S009,G005,OCCUPIED,OCCUPIED,0.7964992313222452
790.0,cctv2,C2_S010,G002,OCCUPIED,OCCUPIED,0.7982028652321209
790.0,cctv2,C2_S011,G017,OCCUPIED,OCCUPIED,0.7908436688509854
790.0,cctv2,C2_S012,G018,EMPTY,EMPTY,0.01
790.0,cctv2,C2_S013,G019,OCCUPIED,OCCUPIED,0.8010981863195247
790.0,cctv2,C2_S014,G020,EMPTY,EMPTY,0.01
790.0,cctv3,C3_S001,G021,OCCUPIED,OCCUPIED,0.7917229839346627
790.0,cctv3,C3_S002,G019,EMPTY,EMPTY,0.01
790.0,cctv3,C3_S003,G020,OCCUPIED,OCCUPIED,0.8271041395989331
790.0,cctv3,C3_S004,G024,OCCUPIED,OCCUPIED,0.8280519875613126
790.0,cctv3,C3_S005,G025,OCCUPIED,OCCUPIED,0.8298264655199918
790.0,cctv3,C3_S006,G026,OCCUPIED,OCCUPIED,0.8278299347920852
790.0,cctv3,C3_S007,G027,OCCUPIED,OCCUPIED,0.7691319000991909
790.0,cctv3,C3_S008,G028,EMPTY,EMPTY,0.01
790.0,cctv3,C3_S009,G029,EMPTY,MANEUVERING,0.49
790.0,cctv3,C3_S010,G007,OCCUPIED,OCCUPIED,0.51
790.0,cctv3,C3_S011,G008,OCCUPIED,OCCUPIED,0.8055941294540059
790.0,cctv3,C3_S012,G009,OCCUPIED,OCCUPIED,0.825002401254394
791.0,cctv1,C1_S001,G001,OCCUPIED,OCCUPIED,0.7351159969514067
791.0,cctv1,C1_S002,G002,EMPTY,EMPTY,0.01
791.0,cctv1,C1_S003,G003,OCCUPIED,OCCUPIED,0.8373361086303538
791.0,cctv1,C1_S004,G004,OCCUPIED,OCCUPIED,0.7786072370680897
791.0,cctv1,C1_S005,G005,OCCUPIED,OCCUPIED,0.6370879704166542
791.0,cctv1,C1_S006,G006,EMPTY,MANEUVERING,0.3082564848153428
791.0,cctv2,C2_S001,G007,OCCUPIED,OCCUPIED,0.7940433263778687
791.0,cctv2,C2_S002,G008,OCCUPIED,OCCUPIED,0.8194291480562904
791.0,cctv2,C2_S003,G009,EMPTY,MANEUVERING,0.3794188092107122
791.0,cctv2,C2_S004,G010,OCCUPIED,OCCUPIED,0.7641274316744372
791.0,cctv2,C2_S005,G001,EMPTY,EMPTY,0.01
791.0,cctv2,C2_S006,G003,OCCUPIED,OCCUPIED,0.8124799657274377
791.0,cctv2,C2_S007,G004,OCCUPIED,OCCUPIED,0.8042353134263647
791.0,cctv2,C2_S008,G006,OCCUPIED,LEAVING,0.7782599609006535
791.0,cctv2,C2_S009,G005,OCCUPIED,OCCUPIED,0.7968322218819098
791.0,cctv2,C2_S010,G002,OCCUPIED,OCCUPIED,0.7983714656396346
791.0,cctv2,C2_S011,G017,OCCUPIED,OCCUPIED,0.7907377996227959
791.0,cctv2,C2_S012,G018,EMPTY,EMPTY,0.01
791.0,cctv2,C2_S013,G019,OCCUPIED,OCCUPIED,0.8034263185479424
791.0,cctv2,C2_S014,G020,EMPTY,EMPTY,0.01
791.0,cctv3,C3_S001,G021,OCCUPIED,OCCUPIED,0.7917663690718738
791.0,cctv3,C3_S002,G019,EMPTY,EMPTY,0.01
791.0,cctv3,C3_S003,G020,OCCUPIED,OCCUPIED,0.8272983014583588
791.0,cctv3,C3_S004,G024,OCCUPIED,OCCUPIED,0.8280041580850428
791.0,cctv3,C3_S005,G025,OCCUPIED,OCCUPIED,0.8299387379126115
791.0,cctv3,C3_S006,G026,OCCUPIED,OCCUPIED,0.8278491759842093
791.0,cctv3,C3_S007,G027,OCCUPIED,OCCUPIED,0.7699384078383447
791.0,cctv3,C3_S008,G028,EMPTY,MANEUVERING,0.1045360689700553
791.0,cctv3,C3_S009,G029,EMPTY,MANEUVERING,0.49
791.0,cctv3,C3_S010,G007,OCCUPIED,OCCUPIED,0.51
791.0,cctv3,C3_S011,G008,OCCUPIED,OCCUPIED,0.8061365241354163
791.0,cctv3,C3_S012,G009,OCCUPIED,OCCUPIED,0.8252374952489681
792.0,cctv1,C1_S001,G001,OCCUPIED,OCCUPIED,0.7344308376312256
792.0,cctv1,C1_S002,G002,EMPTY,EMPTY,0.01
792.0,cctv1,C1_S003,G003,OCCUPIED,OCCUPIED,0.8373661688782953
792.0,cctv1,C1_S004,G004,OCCUPIED,OCCUPIED,0.7788611528548328
792.0,cctv1,C1_S005,G005,OCCUPIED,OCCUPIED,0.6839439781416546
792.0,cctv1,C1_S006,G006,EMPTY,MANEUVERING,0.2732534632357684
792.0,cctv2,C2_S001,G007,OCCUPIED,OCCUPIED,0.7931918127970262
792.0,cctv2,C2_S002,G008,OCCUPIED,OCCUPIED,0.8191719518466429
792.0,cctv2,C2_S003,G009,EMPTY,MANEUVERING,0.4266337935084646
792.0,cctv2,C2_S004,G010,OCCUPIED,OCCUPIED,0.7656493016264656
792.0,cctv2,C2_S005,G001,EMPTY,EMPTY,0.01
792.0,cctv2,C2_S006,G003,OCCUPIED,OCCUPIED,0.8126494471999732
792.0,cctv2,C2_S007,G004,OCCUPIED,OCCUPIED,0.8036277020519431
792.0,cctv2,C2_S008,G006,OCCUPIED,LEAVING,0.7779240889982745
792.0,cctv2,C2_S009,G005,OCCUPIED,OCCUPIED,0.7969091923399405
792.0,cctv2,C2_S010,G002,OCCUPIED,OCCUPIED,0.7982732943513178
792.0,cctv2,C2_S011,G017,OCCUPIED,OCCUPIED,0.7912288511341269
792.0,cctv2,C2_S012,G018,EMPTY,EMPTY,0.01
792.0,cctv2,C2_S013,G019,OCCUPIED,OCCUPIED,0.8038467710668391
792.0,cctv2,C2_S014,G020,EMPTY,EMPTY,0.01
792.0,cctv3,C3_S001,G021,OCCUPIED,OCCUPIED,0.790295073390007
792.0,cctv3,C3_S002,G019,EMPTY,EMPTY,0.01
792.0,cctv3,C3_S003,G020,OCCUPIED,OCCUPIED,0.8260967059568927
792.0,cctv3,C3_S004,G024,OCCUPIED,OCCUPIED,0.8279419267719443
792.0,cctv3,C3_S005,G025,OCCUPIED,OCCUPIED,0.8298929257826373
792.0,cctv3,C3_S006,G026,OCCUPIED,OCCUPIED,0.8278133441101422
792.0,cctv3,C3_S007,G027,OCCUPIED,OCCUPIED,0.7700919143178246
792.0,cctv3,C3_S008,G028,EMPTY,MANEUVERING,0.1045360689700553
792.0,cctv3,C3_S009,G029,EMPTY,MANEUVERING,0.49
792.0,cctv3,C3_S010,G007,OCCUPIED,OCCUPIED,0.51
792.0,cctv3,C3_S011,G008,OCCUPIED,OCCUPIED,0.8070101057941264
792.0,cctv3,C3_S012,G009,OCCUPIED,OCCUPIED,0.825110486149788
793.0,cctv1,C1_S001,G001,OCCUPIED,OCCUPIED,0.7345308852466671
793.0,cctv1,C1_S002,G002,EMPTY,EMPTY,0.01
793.0,cctv1,C1_S003,G003,OCCUPIED,OCCUPIED,0.8374376091090117
793.0,cctv1,C1_S004,G004,OCCUPIED,OCCUPIED,0.7793495376001706
793.0,cctv1,C1_S005,G005,OCCUPIED,OCCUPIED,0.6845500916648994
793.0,cctv1,C1_S006,G006,EMPTY,MANEUVERING,0.2282534632357684
793.0,cctv2,C2_S001,G007,OCCUPIED,OCCUPIED,0.7923124806447464
793.0,cctv2,C2_S002,G008,OCCUPIED,OCCUPIED,0.8187695359641856
793.0,cctv2,C2_S003,G009,EMPTY,MANEUVERING,0.4270657534355467
793.0,cctv2,C2_S004,G010,OCCUPIED,OCCUPIED,0.7632350310683251
793.0,cctv2,C2_S005,G001,EMPTY,EMPTY,0.01
793.0,cctv2,C2_S006,G003,OCCUPIED,OCCUPIED,0.8125808582387188
793.0,cctv2,C2_S007,G004,OCCUPIED,OCCUPIED,0.8031535622748462
793.0,cctv2,C2_S008,G006,OCCUPIED,LEAVING,0.7763126348907298
793.0,cctv2,C2_S009,G005,OCCUPIED,OCCUPIED,0.7967342887412419
793.0,cctv2,C2_S010,G002,OCCUPIED,OCCUPIED,0.7970946593718096
793.0,cctv2,C2_S011,G017,OCCUPIED,OCCUPIED,0.7913855929266324
793.0,cctv2,C2_S012,G018,EMPTY,EMPTY,0.01
793.0,cctv2,C2_S013,G019,OCCUPIED,OCCUPIED,0.805537853457711
793.0,cctv2,C2_S014,G020,EMPTY,EMPTY,0.01
793.0,cctv3,C3_S001,G021,OCCUPIED,OCCUPIED,0.7899675122716211
793.0,cctv3,C3_S002,G019,EMPTY,EMPTY,0.01
793.0,cctv3,C3_S003,G020,OCCUPIED,OCCUPIED,0.826114861260761
793.0,cctv3,C3_S004,G024,OCCUPIED,OCCUPIED,0.8278072725642812
793.0,cctv3,C3_S005,G025,OCCUPIED,OCCUPIED,0.8298755003647371
793.0,cctv3,C3_S006,G026,OCCUPIED,OCCUPIED,0.827770881490274
793.0,cctv3,C3_S007,G027,OCCUPIED,OCCUPIED,0.7707712418653749
793.0,cctv3,C3_S008,G028,EMPTY,MANEUVERING,0.1045360689700553
793.0,cctv3,C3_S009,G029,EMPTY,MANEUVERING,0.4492516582452761
793.0,cctv3,C3_S010,G007,OCCUPIED,OCCUPIED,0.51
793.0,cctv3,C3_S011,G008,OCCUPIED,OCCUPIED,0.8074454559521242
793.0,cctv3,C3_S012,G009,OCCUPIED,OCCUPIED,0.8253810600800948
794.0,cctv1,C1_S001,G001,OCCUPIED,OCCUPIED,0.7345897556705909
794.0,cctv1,C1_S002,G002,EMPTY,EMPTY,0.01
794.0,cctv1,C1_S003,G003,OCCUPIED,OCCUPIED,0.837657555937767
794.0,cctv1,C1_S004,G004,OCCUPIED,OCCUPIED,0.7797386797991667
794.0,cctv1,C1_S005,G005,OCCUPIED,OCCUPIED,0.6846660650182854
794.0,cctv1,C1_S006,G006,EMPTY,MANEUVERING,0.30979675675319
794.0,cctv2,C2_S001,G007,OCCUPIED,OCCUPIED,0.7904212180863728
794.0,cctv2,C2_S002,G008,OCCUPIED,OCCUPIED,0.8183154347268018
794.0,cctv2,C2_S003,G009,EMPTY,MANEUVERING,0.3938039893148975
794.0,cctv2,C2_S004,G010,OCCUPIED,OCCUPIED,0.7628195837140084
794.0,cctv2,C2_S005,G001,EMPTY,EMPTY,0.01
794.0,cctv2,C2_S006,G003,OCCUPIED,OCCUPIED,0.812710521912033
794.0,cctv2,C2_S007,G004,OCCUPIED,OCCUPIED,0.8029300554232165
794.0,cctv2,C2_S008,G006,OCCUPIED,LEAVING,0.776226952942935
794.0,cctv2,C2_S009,G005,OCCUPIED,OCCUPIED,0.796635474535552
794.0,cctv2,C2_S010,G002,OCCUPIED,OCCUPIED,0.7980967489155857
794.0,cctv2,C2_S011,G017,OCCUPIED,OCCUPIED,0.7904164782979273
794.0,cctv2,C2_S012,G018,EMPTY,EMPTY,0.01
794.0,cctv2,C2_S013,G019,OCCUPIED,OCCUPIED,0.8067536150867289
794.0,cctv2,C2_S014,G020,EMPTY,EMPTY,0.01
794.0,cctv3,C3_S001,G021,OCCUPIED,OCCUPIED,0.7902245605533774
794.0,cctv3,C3_S002,G019,EMPTY,EMPTY,0.01
794.0,cctv3,C3_S003,G020,OCCUPIED,OCCUPIED,0.8263480256904256
794.0,cctv3,C3_S004,G024,OCCUPIED,OCCUPIED,0.827626131610437
794.0,cctv3,C3_S005,G025,OCCUPIED,OCCUPIED,0.8298406097021971
794.0,cctv3,C3_S006,G026,OCCUPIED,OCCUPIED,0.8276434928178787
794.0,cctv3,C3_S007,G027,OCCUPIED,OCCUPIED,0.7705689508806576
794.0,cctv3,C3_S008,G028,EMPTY,MANEUVERING,0.1045360689700553
794.0,cctv3,C3_S009,G029,EMPTY,MANEUVERING,0.368276798139806
794.0,cctv3,C3_S010,G007,OCCUPIED,OCCUPIED,0.51
794.0,cctv3,C3_S011,G008,OCCUPIED,OCCUPIED,0.8085474366491492
794.0,cctv3,C3_S012,G009,OCCUPIED,OCCUPIED,0.8254067507657139
795.0,cctv1,C1_S001,G001,OCCUPIED,OCCUPIED,0.7355019420385361
795.0,cctv1,C1_S002,G002,EMPTY,EMPTY,0.01
795.0,cctv1,C1_S003,G003,OCCUPIED,OCCUPIED,0.8376438750462099
795.0,cctv1,C1_S004,G004,OCCUPIED,OCCUPIED,0.7804552904584192
795.0,cctv1,C1_S005,G005,OCCUPIED,OCCUPIED,0.684275965880264
795.0,cctv1,C1_S006,G006,EMPTY,MANEUVERING,0.26479675675319
795.0,cctv2,C2_S001,G007,OCCUPIED,OCCUPIED,0.7881510679017414
795.0,cctv2,C2_S002,G008,OCCUPIED,OCCUPIED,0.8177234264937314
795.0,cctv2,C2_S003,G009,EMPTY,MANEUVERING,0.4706881362402981
795.0,cctv2,C2_S004,G010,OCCUPIED,OCCUPIED,0.7621138156815009
795.0,cctv2,C2_S005,G001,EMPTY,EMPTY,0.01
795.0,cctv2,C2_S006,G003,OCCUPIED,OCCUPIED,0.8128413202410395
795.0,cctv2,C2_S007,G004,OCCUPIED,OCCUPIED,0.8028697845610706
795.0,cctv2,C2_S008,G006,OCCUPIED,LEAVING,0.7770638842474331
795.0,cctv2,C2_S009,G005,OCCUPIED,OCCUPIED,0.7968105163086545
795.0,cctv2,C2_S010,G002,OCCUPIED,OCCUPIED,0.7064519586346367
795.0,cctv2,C2_S011,G017,OCCUPIED,LEAVING,0.7793511324579067
795.0,cctv2,C2_S012,G018,EMPTY,MANEUVERING,0.1855837301232598
795.0,cctv2,C2_S013,G019,OCCUPIED,OCCUPIED,0.7271912400830876
795.0,cctv2,C2_S014,G020,EMPTY,EMPTY,0.01
795.0,cctv3,C3_S001,G021,OCCUPIED,OCCUPIED,0.7897227314385502
795.0,cctv3,C3_S002,G019,EMPTY,EMPTY,0.01
795.0,cctv3,C3_S003,G020,OCCUPIED,OCCUPIED,0.8262065074660562
795.0,cctv3,C3_S004,G024,OCCUPIED,OCCUPIED,0.8276042992418463
795.0,cctv3,C3_S005,G025,OCCUPIED,OCCUPIED,0.8299675838513808
795.0,cctv3,C3_S006,G026,OCCUPIED,OCCUPIED,0.8275587130676617
795.0,cctv3,C3_S007,G027,OCCUPIED,OCCUPIED,0.7712873151356524
795.0,cctv3,C3_S008,G028,EMPTY,MANEUVERING,0.0595360689700552
795.0,cctv3,C3_S009,G029,EMPTY,MANEUVERING,0.4042520821300936
795.0,cctv3,C3_S010,G007,OCCUPIED,OCCUPIED,0.51
795.0,cctv3,C3_S011,G008,OCCUPIED,OCCUPIED,0.8092268840833144
795.0,cctv3,C3_S012,G009,OCCUPIED,OCCUPIED,0.825427550890229
796.0,cctv1,C1_S001,G001,OCCUPIED,OCCUPIED,0.7347975476221605
796.0,cctv1,C1_S002,G002,EMPTY,EMPTY,0.01
796.0,cctv1,C1_S003,G003,OCCUPIED,OCCUPIED,0.8376446098089219
796.0,cctv1,C1_S004,G004,OCCUPIED,OCCUPIED,0.7807320285927166
796.0,cctv1,C1_S005,G005,OCCUPIED,OCCUPIED,0.681648387204517
796.0,cctv1,C1_S006,G006,EMPTY,MANEUVERING,0.3513886553997343
796.0,cctv2,C2_S001,G007,OCCUPIED,OCCUPIED,0.7846345528960229
796.0,cctv2,C2_S002,G008,OCCUPIED,OCCUPIED,0.816291072422808
796.0,cctv2,C2_S003,G009,EMPTY,MANEUVERING,0.4676392473483627
796.0,cctv2,C2_S004,G010,OCCUPIED,OCCUPIED,0.7617852970957757
796.0,cctv2,C2_S005,G001,EMPTY,EMPTY,0.01
796.0,cctv2,C2_S006,G003,OCCUPIED,OCCUPIED,0.8131971916691824
796.0,cctv2,C2_S007,G004,OCCUPIED,OCCUPIED,0.8027611388401552
796.0,cctv2,C2_S008,G006,OCCUPIED,LEAVING,0.7788554405624217
796.0,cctv2,C2_S009,G005,OCCUPIED,OCCUPIED,0.797690000859174
796.0,cctv2,C2_S010,G002,OCCUPIED,LEAVING,0.7087331425330856
796.0,cctv2,C2_S011,G017,OCCUPIED,LEAVING,0.7808994351733816
796.0,cctv2,C2_S012,G018,EMPTY,MANEUVERING,0.1855837301232598
796.0,cctv2,C2_S013,G019,OCCUPIED,OCCUPIED,0.7223392031003129
796.0,cctv2,C2_S014,G020,EMPTY,EMPTY,0.01
796.0,cctv3,C3_S001,G021,OCCUPIED,OCCUPIED,0.7895307958126069
796.0,cctv3,C3_S002,G019,EMPTY,EMPTY,0.01
796.0,cctv3,C3_S003,G020,OCCUPIED,OCCUPIED,0.8280710531906649
796.0,cctv3,C3_S004,G024,OCCUPIED,OCCUPIED,0.8275523107160222
796.0,cctv3,C3_S005,G025,OCCUPIED,OCCUPIED,0.8299278148195961
796.0,cctv3,C3_S006,G026,OCCUPIED,OCCUPIED,0.8275337449528954
796.0,cctv3,C3_S007,G027,OCCUPIED,OCCUPIED,0.7705873622135683
796.0,cctv3,C3_S008,G028,EMPTY,MANEUVERING,0.0595360689700552
796.0,cctv3,C3_S009,G029,EMPTY,MANEUVERING,0.3682250602836862
796.0,cctv3,C3_S010,G007,OCCUPIED,OCCUPIED,0.51
796.0,cctv3,C3_S011,G008,OCCUPIED,OCCUPIED,0.8091754100539468
796.0,cctv3,C3_S012,G009,OCCUPIED,OCCUPIED,0.8254064890471372
797.0,cctv1,C1_S001,G001,OCCUPIED,OCCUPIED,0.7340311966159128
797.0,cctv1,C1_S002,G002,EMPTY,EMPTY,0.01
797.0,cctv1,C1_S003,G003,OCCUPIED,OCCUPIED,0.8376509268175473
797.0,cctv1,C1_S004,G004,OCCUPIED,OCCUPIED,0.7796258213845166
797.0,cctv1,C1_S005,G005,OCCUPIED,OCCUPIED,0.6965366668412181
797.0,cctv1,C1_S006,G006,EMPTY,MANEUVERING,0.3057537237295147
797.0,cctv2,C2_S001,G007,OCCUPIED,OCCUPIED,0.783565989272161
797.0,cctv2,C2_S002,G008,OCCUPIED,OCCUPIED,0.8156400051983921
797.0,cctv2,C2_S003,G009,EMPTY,MANEUVERING,0.49
797.0,cctv2,C2_S004,G010,OCCUPIED,OCCUPIED,0.7628313862464645
797.0,cctv2,C2_S005,G001,EMPTY,EMPTY,0.01
797.0,cctv2,C2_S006,G003,OCCUPIED,OCCUPIED,0.8216362110593103
797.0,cctv2,C2_S007,G004,OCCUPIED,OCCUPIED,0.8062616548754953
797.0,cctv2,C2_S008,G006,OCCUPIED,OCCUPIED,0.7759676166556099
797.0,cctv2,C2_S009,G005,OCCUPIED,OCCUPIED,0.7969894826412202
797.0,cctv2,C2_S010,G002,OCCUPIED,LEAVING,0.7067207222364166
797.0,cctv2,C2_S011,G017,OCCUPIED,LEAVING,0.7804900788719005
797.0,cctv2,C2_S012,G018,EMPTY,MANEUVERING,0.1855837301232598
797.0,cctv2,C2_S013,G019,OCCUPIED,OCCUPIED,0.7242005139995705
797.0,cctv2,C2_S014,G020,EMPTY,EMPTY,0.01
797.0,cctv3,C3_S001,G021,OCCUPIED,OCCUPIED,0.788660979000005
797.0,cctv3,C3_S002,G019,EMPTY,EMPTY,0.01
797.0,cctv3,C3_S003,G020,OCCUPIED,OCCUPIED,0.8278543680906296
797.0,cctv3,C3_S004,G024,OCCUPIED,OCCUPIED,0.8274092359976335
797.0,cctv3,C3_S005,G025,OCCUPIED,OCCUPIED,0.8299711845137857
797.0,cctv3,C3_S006,G026,OCCUPIED,OCCUPIED,0.8275907581502742
797.0,cctv3,C3_S007,G027,OCCUPIED,OCCUPIED,0.7710396192290567
797.0,cctv3,C3_S008,G028,EMPTY,MANEUVERING,0.0595360689700552
797.0,cctv3,C3_S009,G029,EMPTY,MANEUVERING,0.3682250602836862
797.0,cctv3,C3_S010,G007,OCCUPIED,OCCUPIED,0.51
797.0,cctv3,C3_S011,G008,OCCUPIED,OCCUPIED,0.8103177303617651
797.0,cctv3,C3_S012,G009,OCCUPIED,OCCUPIED,0.8256822217594494
798.0,cctv1,C1_S001,G001,OCCUPIED,OCCUPIED,0.7340194682505998
798.0,cctv1,C1_S002,G002,EMPTY,EMPTY,0.01
798.0,cctv1,C1_S003,G003,OCCUPIED,OCCUPIED,0.8374252863905647
798.0,cctv1,C1_S004,G004,OCCUPIED,OCCUPIED,0.7797464817762375
798.0,cctv1,C1_S005,G005,OCCUPIED,OCCUPIED,0.6994580749679695
798.0,cctv1,C1_S006,G006,EMPTY,MANEUVERING,0.3844691622907465
798.0,cctv2,C2_S001,G007,OCCUPIED,OCCUPIED,0.7813701525330544
798.0,cctv2,C2_S002,G008,OCCUPIED,OCCUPIED,0.8126193339174445
798.0,cctv2,C2_S003,G009,EMPTY,MANEUVERING,0.49
798.0,cctv2,C2_S004,G010,OCCUPIED,OCCUPIED,0.7599635460159996
798.0,cctv2,C2_S005,G001,EMPTY,EMPTY,0.01
798.0,cctv2,C2_S006,G003,OCCUPIED,OCCUPIED,0.8215390289371665
798.0,cctv2,C2_S007,G004,OCCUPIED,OCCUPIED,0.8049172723835165
798.0,cctv2,C2_S008,G006,OCCUPIED,OCCUPIED,0.7763021165674384
798.0,cctv2,C2_S009,G005,OCCUPIED,OCCUPIED,0.7924928470091387
798.0,cctv2,C2_S010,G002,OCCUPIED,LEAVING,0.7049609642408111
798.0,cctv2,C2_S011,G017,OCCUPIED,LEAVING,0.7819814155318522
798.0,cctv2,C2_S012,G018,EMPTY,MANEUVERING,0.1855837301232598
798.0,cctv2,C2_S013,G019,OCCUPIED,OCCUPIED,0.7229815912653099
798.0,cctv2,C2_S014,G020,EMPTY,EMPTY,0.01
798.0,cctv3,C3_S001,G021,OCCUPIED,OCCUPIED,0.7879176689819857
798.0,cctv3,C3_S002,G019,EMPTY,EMPTY,0.01
798.0,cctv3,C3_S003,G020,OCCUPIED,OCCUPIED,0.8278439302336087
798.0,cctv3,C3_S004,G024,OCCUPIED,OCCUPIED,0.8272742493586107
798.0,cctv3,C3_S005,G025,OCCUPIED,OCCUPIED,0.8300273776054383
798.0,cctv3,C3_S006,G026,OCCUPIED,OCCUPIED,0.8275922520594163
798.0,cctv3,C3_S007,G027,OCCUPIED,OCCUPIED,0.7709390619939025
798.0,cctv3,C3_S008,G028,EMPTY,MANEUVERING,0.0595360689700552
798.0,cctv3,C3_S009,G029,EMPTY,MANEUVERING,0.4131998801152363
798.0,cctv3,C3_S010,G007,OCCUPIED,OCCUPIED,0.51
798.0,cctv3,C3_S011,G008,OCCUPIED,OCCUPIED,0.8100166044451974
798.0,cctv3,C3_S012,G009,OCCUPIED,OCCUPIED,0.8253883223642003
799.0,cctv1,C1_S001,G001,OCCUPIED,OCCUPIED,0.7347387019883503
799.0,cctv1,C1_S002,G002,EMPTY,EMPTY,0.01
799.0,cctv1,C1_S003,G003,OCCUPIED,OCCUPIED,0.8378133353861896
799.0,cctv1,C1_S004,G004,OCCUPIED,OCCUPIED,0.7816514105959372
799.0,cctv1,C1_S005,G005,OCCUPIED,OCCUPIED,0.7357633012804119
799.0,cctv1,C1_S006,G006,EMPTY,MANEUVERING,0.3844691622907465
799.0,cctv2,C2_S001,G007,OCCUPIED,OCCUPIED,0.7799134423786944
799.0,cctv2,C2_S002,G008,OCCUPIED,OCCUPIED,0.8121390348131007
799.0,cctv2,C2_S003,G009,EMPTY,MANEUVERING,0.4609211037477309
799.0,cctv2,C2_S004,G010,OCCUPIED,OCCUPIED,0.763673842495138
799.0,cctv2,C2_S005,G001,EMPTY,EMPTY,0.01
799.0,cctv2,C2_S006,G003,OCCUPIED,OCCUPIED,0.8212195282632655
799.0,cctv2,C2_S007,G004,OCCUPIED,OCCUPIED,0.8040413840250537
799.0,cctv2,C2_S008,G006,OCCUPIED,OCCUPIED,0.7766023642637514
799.0,cctv2,C2_S009,G005,OCCUPIED,OCCUPIED,0.7914436294273898
799.0,cctv2,C2_S010,G002,OCCUPIED,LEAVING,0.7487850131771783
799.0,cctv2,C2_S011,G017,OCCUPIED,LEAVING,0.7832348922707819
799.0,cctv2,C2_S012,G018,EMPTY,MANEUVERING,0.1405837301232598
799.0,cctv2,C2_S013,G019,OCCUPIED,OCCUPIED,0.7606043157387864
799.0,cctv2,C2_S014,G020,EMPTY,EMPTY,0.01
799.0,cctv3,C3_S001,G021,OCCUPIED,OCCUPIED,0.7868579680269415
799.0,cctv3,C3_S002,G019,EMPTY,EMPTY,0.01
799.0,cctv3,C3_S003,G020,OCCUPIED,OCCUPIED,0.8278899650682103
799.0,cctv3,C3_S004,G024,OCCUPIED,OCCUPIED,0.8273446581580423
799.0,cctv3,C3_S005,G025,OCCUPIED,OCCUPIED,0.8300651585513896
799.0,cctv3,C3_S006,G026,OCCUPIED,OCCUPIED,0.8276591300964355
799.0,cctv3,C3_S007,G027,OCCUPIED,OCCUPIED,0.7719621967185628
799.0,cctv3,C3_S008,G028,EMPTY,MANEUVERING,0.0595360689700552
799.0,cctv3,C3_S009,G029,EMPTY,MANEUVERING,0.3325636037766482
799.0,cctv3,C3_S010,G007,OCCUPIED,OCCUPIED,0.5388115974525353
799.0,cctv3,C3_S011,G008,OCCUPIED,OCCUPIED,0.8108396557244388
799.0,cctv3,C3_S012,G009,OCCUPIED,OCCUPIED,0.8255996072834189
800.0,cctv1,C1_S001,G001,OCCUPIED,OCCUPIED,0.7356469221413137
800.0,cctv1,C1_S002,G002,EMPTY,EMPTY,0.01
800.0,cctv1,C1_S003,G003,OCCUPIED,OCCUPIED,0.8377379246733406
800.0,cctv1,C1_S004,G004,OCCUPIED,OCCUPIED,0.7821611672639848
800.0,cctv1,C1_S005,G005,OCCUPIED,OCCUPIED,0.7459096556631003
800.0,cctv1,C1_S006,G006,EMPTY,MANEUVERING,0.4063433086926287
800.0,cctv2,C2_S001,G007,OCCUPIED,OCCUPIED,0.7806572148745711
800.0,cctv2,C2_S002,G008,OCCUPIED,OCCUPIED,0.8124824290925807
800.0,cctv2,C2_S003,G009,EMPTY,MANEUVERING,0.3792706750536506
800.0,cctv2,C2_S004,G010,OCCUPIED,OCCUPIED,0.7661483969200742
800.0,cctv2,C2_S005,G001,EMPTY,EMPTY,0.01
800.0,cctv2,C2_S006,G003,OCCUPIED,OCCUPIED,0.8214211263439872
800.0,cctv2,C2_S007,G004,OCCUPIED,OCCUPIED,0.8043973025950519
800.0,cctv2,C2_S008,G006,OCCUPIED,OCCUPIED,0.7791956487027082
800.0,cctv2,C2_S009,G005,OCCUPIED,OCCUPIED,0.7919184942137112
800.0,cctv2,C2_S010,G002,OCCUPIED,LEAVING,0.7471344085715035
800.0,cctv2,C2_S011,G017,OCCUPIED,LEAVING,0.782884898131544
800.0,cctv2,C2_S012,G018,EMPTY,MANEUVERING,0.1405837301232598
800.0,cctv2,C2_S013,G019,OCCUPIED,OCCUPIED,0.757188873033632
800.0,cctv2,C2_S014,G020,EMPTY,EMPTY,0.01
800.0,cctv3,C3_S001,G021,OCCUPIED,OCCUPIED,0.7873861982063814
800.0,cctv3,C3_S002,G019,EMPTY,EMPTY,0.01
800.0,cctv3,C3_S003,G020,OCCUPIED,OCCUPIED,0.8279864108020609
800.0,cctv3,C3_S004,G024,OCCUPIED,OCCUPIED,0.8274637181650509
800.0,cctv3,C3_S005,G025,OCCUPIED,OCCUPIED,0.8300441763617776
800.0,cctv3,C3_S006,G026,OCCUPIED,OCCUPIED,0.8276810616254807
800.0,cctv3,C3_S007,G027,OCCUPIED,OCCUPIED,0.7708025294271383
800.0,cctv3,C3_S008,G028,EMPTY,MANEUVERING,0.0595360689700552
800.0,cctv3,C3_S009,G029,EMPTY,MANEUVERING,0.3229449945087121
800.0,cctv3,C3_S010,G007,OCCUPIED,OCCUPIED,0.5769866099450496
800.0,cctv3,C3_S011,G008,OCCUPIED,OCCUPIED,0.8103874214670875
800.0,cctv3,C3_S012,G009,OCCUPIED,OCCUPIED,0.8256795940074054
801.0,cctv1,C1_S001,G001,OCCUPIED,OCCUPIED,0.7342141460288656
801.0,cctv1,C1_S002,G002,EMPTY,EMPTY,0.01
801.0,cctv1,C1_S003,G003,OCCUPIED,OCCUPIED,0.8377410734241659
801.0,cctv1,C1_S004,G004,OCCUPIED,OCCUPIED,0.7795143703168089
801.0,cctv1,C1_S005,G005,OCCUPIED,OCCUPIED,0.7444392227584666
801.0,cctv1,C1_S006,G006,EMPTY,MANEUVERING,0.4063433086926287
801.0,cctv2,C2_S001,G007,OCCUPIED,OCCUPIED,0.780394177951596
801.0,cctv2,C2_S002,G008,OCCUPIED,OCCUPIED,0.8132039652629333
801.0,cctv2,C2_S003,G009,EMPTY,MANEUVERING,0.4207622302492911
801.0,cctv2,C2_S004,G010,OCCUPIED,OCCUPIED,0.7698445634408431
801.0,cctv2,C2_S005,G001,EMPTY,EMPTY,0.01
801.0,cctv2,C2_S006,G003,OCCUPIED,OCCUPIED,0.8211409639228475
801.0,cctv2,C2_S007,G004,OCCUPIED,OCCUPIED,0.8042579374530099
801.0,cctv2,C2_S008,G006,OCCUPIED,OCCUPIED,0.7790662284601819
801.0,cctv2,C2_S009,G005,OCCUPIED,OCCUPIED,0.7907462697137486
801.0,cctv2,C2_S010,G002,OCCUPIED,LEAVING,0.745510630526326
801.0,cctv2,C2_S011,G017,OCCUPIED,LEAVING,0.781859753782099
801.0,cctv2,C2_S012,G018,EMPTY,MANEUVERING,0.1405837301232598
801.0,cctv2,C2_S013,G019,OCCUPIED,OCCUPIED,0.7568689766932618
801.0,cctv2,C2_S014,G020,EMPTY,EMPTY,0.01
801.0,cctv3,C3_S001,G021,OCCUPIED,OCCUPIED,0.7880937616933477
801.0,cctv3,C3_S002,G019,EMPTY,EMPTY,0.01
801.0,cctv3,C3_S003,G020,OCCUPIED,OCCUPIED,0.8279030493714593
801.0,cctv3,C3_S004,G024,OCCUPIED,OCCUPIED,0.8280881282958118
801.0,cctv3,C3_S005,G025,OCCUPIED,OCCUPIED,0.8300506973808462
801.0,cctv3,C3_S006,G026,OCCUPIED,OCCUPIED,0.8275303515520963
801.0,cctv3,C3_S007,G027,OCCUPIED,OCCUPIED,0.7706272844563832
801.0,cctv3,C3_S008,G028,EMPTY,MANEUVERING,0.0595360689700552
801.0,cctv3,C3_S009,G029,EMPTY,MANEUVERING,0.28734101137993
801.0,cctv3,C3_S010,G007,OCCUPIED,OCCUPIED,0.6148592235125375
801.0,cctv3,C3_S011,G008,OCCUPIED,OCCUPIED,0.8099180137569255
801.0,cctv3,C3_S012,G009,OCCUPIED,OCCUPIED,0.8256675744598563
802.0,cctv1,C1_S001,G001,OCCUPIED,OCCUPIED,0.7335166694765742
802.0,cctv1,C1_S002,G002,EMPTY,EMPTY,0.01
802.0,cctv1,C1_S003,G003,OCCUPIED,OCCUPIED,0.8377793257886714
802.0,cctv1,C1_S004,G004,OCCUPIED,OCCUPIED,0.7788354361599142
802.0,cctv1,C1_S005,G005,OCCUPIED,OCCUPIED,0.7469662777673115
802.0,cctv1,C1_S006,G006,EMPTY,MANEUVERING,0.3268942074193196
802.0,cctv2,C2_S001,G007,OCCUPIED,OCCUPIED,0.7813995625485074
802.0,cctv2,C2_S002,G008,OCCUPIED,OCCUPIED,0.8176950430328196
802.0,cctv2,C2_S003,G009,EMPTY,MANEUVERING,0.49
802.0,cctv2,C2_S004,G010,OCCUPIED,OCCUPIED,0.7708648403937167
802.0,cctv2,C2_S005,G001,EMPTY,EMPTY,0.01
802.0,cctv2,C2_S006,G003,OCCUPIED,OCCUPIED,0.8209910048679873
802.0,cctv2,C2_S007,G004,OCCUPIED,OCCUPIED,0.8042721239003269
802.0,cctv2,C2_S008,G006,OCCUPIED,OCCUPIED,0.7793972512537783
802.0,cctv2,C2_S009,G005,OCCUPIED,OCCUPIED,0.7900169705802744
802.0,cctv2,C2_S010,G002,OCCUPIED,LEAVING,0.7440584915063599
802.0,cctv2,C2_S011,G017,OCCUPIED,LEAVING,0.7825345341725783
802.0,cctv2,C2_S012,G018,EMPTY,MANEUVERING,0.1405837301232598
802.0,cctv2,C2_S013,G019,OCCUPIED,OCCUPIED,0.7535082072425973
802.0,cctv2,C2_S014,G020,EMPTY,EMPTY,0.01
802.0,cctv3,C3_S001,G021,OCCUPIED,OCCUPIED,0.7872149350968275
802.0,cctv3,C3_S002,G019,EMPTY,EMPTY,0.01
802.0,cctv3,C3_S003,G020,OCCUPIED,OCCUPIED,0.827682622183453
802.0,cctv3,C3_S004,G024,OCCUPIED,OCCUPIED,0.8278384845365179
802.0,cctv3,C3_S005,G025,OCCUPIED,OCCUPIED,0.8301115973429247
802.0,cctv3,C3_S006,G026,OCCUPIED,OCCUPIED,0.827552231875333
802.0,cctv3,C3_S007,G027,OCCUPIED,OCCUPIED,0.7698349022052505
802.0,cctv3,C3_S008,G028,EMPTY,EMPTY,0.01
802.0,cctv3,C3_S009,G029,EMPTY,MANEUVERING,0.2019253880276598
802.0,cctv3,C3_S010,G007,OCCUPIED,OCCUPIED,0.7100482843138956
802.0,cctv3,C3_S011,G008,OCCUPIED,OCCUPIED,0.8094963160428135
802.0,cctv3,C3_S012,G009,OCCUPIED,OCCUPIED,0.8254926489158111
803.0,cctv1,C1_S001,G001,OCCUPIED,OCCUPIED,0.7347432977096602
803.0,cctv1,C1_S002,G002,EMPTY,EMPTY,0.01
803.0,cctv1,C1_S003,G003,OCCUPIED,OCCUPIED,0.8377689814025706
803.0,cctv1,C1_S004,G004,OCCUPIED,OCCUPIED,0.7783334266055715
803.0,cctv1,C1_S005,G005,OCCUPIED,OCCUPIED,0.7441779922626236
803.0,cctv1,C1_S006,G006,EMPTY,MANEUVERING,0.3108942074193196
803.0,cctv2,C2_S001,G007,OCCUPIED,OCCUPIED,0.7808071877468716
803.0,cctv2,C2_S002,G008,OCCUPIED,OCCUPIED,0.817623511769555
803.0,cctv2,C2_S003,G009,EMPTY,MANEUVERING,0.49
803.0,cctv2,C2_S004,G010,OCCUPIED,OCCUPIED,0.7716033777052707
803.0,cctv2,C2_S005,G001,EMPTY,EMPTY,0.01
803.0,cctv2,C2_S006,G003,OCCUPIED,OCCUPIED,0.8210900182073767
803.0,cctv2,C2_S007,G004,OCCUPIED,OCCUPIED,0.8047344221310183
803.0,cctv2,C2_S008,G006,OCCUPIED,OCCUPIED,0.7800237299366432
803.0,cctv2,C2_S009,G005,OCCUPIED,OCCUPIED,0.7902473959055815
803.0,cctv2,C2_S010,G002,OCCUPIED,LEAVING,0.7439365019581535
803.0,cctv2,C2_S011,G017,OCCUPIED,LEAVING,0.7803721055659382
803.0,cctv2,C2_S012,G018,EMPTY,MANEUVERING,0.1405837301232598
803.0,cctv2,C2_S013,G019,OCCUPIED,OCCUPIED,0.7546336809207093
803.0,cctv2,C2_S014,G020,EMPTY,EMPTY,0.01
803.0,cctv3,C3_S001,G021,OCCUPIED,OCCUPIED,0.7889105170965195
803.0,cctv3,C3_S002,G019,EMPTY,EMPTY,0.01
803.0,cctv3,C3_S003,G020,OCCUPIED,OCCUPIED,0.828885351527821
803.0,cctv3,C3_S004,G024,OCCUPIED,OCCUPIED,0.8280836546962912
803.0,cctv3,C3_S005,G025,OCCUPIED,OCCUPIED,0.8300166422670539
803.0,cctv3,C3_S006,G026,OCCUPIED,OCCUPIED,0.8274132308634845
803.0,cctv3,C3_S007,G027,OCCUPIED,OCCUPIED,0.7700538736852733
803.0,cctv3,C3_S008,G028,EMPTY,EMPTY,0.01
803.0,cctv3,C3_S009,G029,EMPTY,MANEUVERING,0.2019253880276598
803.0,cctv3,C3_S010,G007,OCCUPIED,OCCUPIED,0.7102020275412184
803.0,cctv3,C3_S011,G008,OCCUPIED,OCCUPIED,0.8083984041755851
803.0,cctv3,C3_S012,G009,OCCUPIED,OCCUPIED,0.8253494986078956
804.0,cctv1,C1_S001,G001,OCCUPIED,OCCUPIED,0.7357384206219154
804.0,cctv1,C1_S002,G002,EMPTY,EMPTY,0.01
804.0,cctv1,C1_S003,G003,OCCUPIED,OCCUPIED,0.837636073069139
804.0,cctv1,C1_S004,G004,OCCUPIED,OCCUPIED,0.7777071153575724
804.0,cctv1,C1_S005,G005,OCCUPIED,OCCUPIED,0.7418360360915012
804.0,cctv1,C1_S006,G006,EMPTY,MANEUVERING,0.2544656359907482
804.0,cctv2,C2_S001,G007,OCCUPIED,OCCUPIED,0.780663495307619
804.0,cctv2,C2_S002,G008,OCCUPIED,OCCUPIED,0.8178028637712653
804.0,cctv2,C2_S003,G009,EMPTY,MANEUVERING,0.49
804.0,cctv2,C2_S004,G010,OCCUPIED,OCCUPIED,0.7755778998136521
804.0,cctv2,C2_S005,G001,EMPTY,EMPTY,0.01
804.0,cctv2,C2_S006,G003,OCCUPIED,OCCUPIED,0.8208980134942315
804.0,cctv2,C2_S007,G004,OCCUPIED,OCCUPIED,0.8046019592068413
804.0,cctv2,C2_S008,G006,OCCUPIED,OCCUPIED,0.7807616877284917
804.0,cctv2,C2_S009,G005,OCCUPIED,OCCUPIED,0.7888427189805292
804.0,cctv2,C2_S010,G002,OCCUPIED,LEAVING,0.7459235020659187
804.0,cctv2,C2_S011,G017,OCCUPIED,LEAVING,0.7794975249875676
804.0,cctv2,C2_S012,G018,EMPTY,MANEUVERING,0.1405837301232598
804.0,cctv2,C2_S013,G019,OCCUPIED,OCCUPIED,0.753113378028978
804.0,cctv2,C2_S014,G020,EMPTY,EMPTY,0.01
804.0,cctv3,C3_S001,G021,OCCUPIED,OCCUPIED,0.789545564218001
804.0,cctv3,C3_S002,G019,EMPTY,EMPTY,0.01
804.0,cctv3,C3_S003,G020,OCCUPIED,OCCUPIED,0.8287764944813469
804.0,cctv3,C3_S004,G024,OCCUPIED,OCCUPIED,0.828640867363323
804.0,cctv3,C3_S005,G025,OCCUPIED,OCCUPIED,0.8299613050439142
804.0,cctv3,C3_S006,G026,OCCUPIED,OCCUPIED,0.8273691524158825
804.0,cctv3,C3_S007,G027,OCCUPIED,OCCUPIED,0.770155578987165
804.0,cctv3,C3_S008,G028,EMPTY,EMPTY,0.01
804.0,cctv3,C3_S009,G029,EMPTY,MANEUVERING,0.2019253880276598
804.0,cctv3,C3_S010,G007,OCCUPIED,OCCUPIED,0.71032117126566
804.0,cctv3,C3_S011,G008,OCCUPIED,OCCUPIED,0.8070623088966717
804.0,cctv3,C3_S012,G009,OCCUPIED,OCCUPIED,0.8248672715642236
805.0,cctv1,C1_S001,G001,OCCUPIED,OCCUPIED,0.7349181602624331
805.0,cctv1,C1_S002,G002,EMPTY,EMPTY,0.01
805.0,cctv1,C1_S003,G003,OCCUPIED,OCCUPIED,0.8377609298987823
805.0,cctv1,C1_S004,G004,OCCUPIED,OCCUPIED,0.7768954293294387
805.0,cctv1,C1_S005,G005,OCCUPIED,OCCUPIED,0.7410191721807827
805.0,cctv1,C1_S006,G006,EMPTY,MANEUVERING,0.2028119688858459
805.0,cctv2,C2_S001,G007,OCCUPIED,OCCUPIED,0.7803333458575337
805.0,cctv2,C2_S002,G008,OCCUPIED,OCCUPIED,0.8190237549218266
805.0,cctv2,C2_S003,G009,EMPTY,MANEUVERING,0.49
805.0,cctv2,C2_S004,G010,OCCUPIED,OCCUPIED,0.7790731843222272
805.0,cctv2,C2_S005,G001,EMPTY,EMPTY,0.01
805.0,cctv2,C2_S006,G003,OCCUPIED,OCCUPIED,0.8209876423532313
805.0,cctv2,C2_S007,G004,OCCUPIED,OCCUPIED,0.804807030341842
805.0,cctv2,C2_S008,G006,OCCUPIED,OCCUPIED,0.7796691549095242
805.0,cctv2,C2_S009,G005,OCCUPIED,OCCUPIED,0.789310081709515
805.0,cctv2,C2_S010,G002,OCCUPIED,OCCUPIED,0.7469390203736046
805.0,cctv2,C2_S011,G017,OCCUPIED,LEAVING,0.7794050416079435
805.0,cctv2,C2_S012,G018,EMPTY,MANEUVERING,0.2223214988816868
805.0,cctv2,C2_S013,G019,OCCUPIED,OCCUPIED,0.7558209911395204
805.0,cctv2,C2_S014,G020,EMPTY,EMPTY,0.01
805.0,cctv3,C3_S001,G021,OCCUPIED,OCCUPIED,0.7904491809281436
805.0,cctv3,C3_S002,G019,EMPTY,EMPTY,0.01
805.0,cctv3,C3_S003,G020,OCCUPIED,OCCUPIED,0.8289521434090354
805.0,cctv3,C3_S004,G024,OCCUPIED,OCCUPIED,0.8289030110294169
805.0,cctv3,C3_S005,G025,OCCUPIED,OCCUPIED,0.829878946596926
805.0,cctv3,C3_S006,G026,OCCUPIED,OCCUPIED,0.8273547042499889
805.0,cctv3,C3_S007,G027,OCCUPIED,OCCUPIED,0.7691658255728809
805.0,cctv3,C3_S008,G028,EMPTY,EMPTY,0.01
805.0,cctv3,C3_S009,G029,EMPTY,MANEUVERING,0.2019253880276598
805.0,cctv3,C3_S010,G007,OCCUPIED,OCCUPIED,0.7110844087420088
805.0,cctv3,C3_S011,G008,OCCUPIED,OCCUPIED,0.8050768304954876
805.0,cctv3,C3_S012,G009,OCCUPIED,OCCUPIED,0.8245999414812435
806.0,cctv1,C1_S001,G001,OCCUPIED,OCCUPIED,0.7351789770478553
806.0,cctv1,C1_S002,G002,EMPTY,EMPTY,0.01
806.0,cctv1,C1_S003,G003,OCCUPIED,OCCUPIED,0.8380190453746102
806.0,cctv1,C1_S004,G004,OCCUPIED,OCCUPIED,0.7768170080401682
806.0,cctv1,C1_S005,G005,OCCUPIED,OCCUPIED,0.7426771650531077
806.0,cctv1,C1_S006,G006,EMPTY,MANEUVERING,0.1963833974572745
806.0,cctv2,C2_S001,G007,OCCUPIED,OCCUPIED,0.7817566852677953
806.0,cctv2,C2_S002,G008,OCCUPIED,OCCUPIED,0.8193360363895243
806.0,cctv2,C2_S003,G009,EMPTY,MANEUVERING,0.49
806.0,cctv2,C2_S004,G010,OCCUPIED,OCCUPIED,0.7796125944365155
806.0,cctv2,C2_S005,G001,EMPTY,EMPTY,0.01
806.0,cctv2,C2_S006,G003,OCCUPIED,OCCUPIED,0.8206548362970353
806.0,cctv2,C2_S007,G004,OCCUPIED,OCCUPIED,0.804823911190033
806.0,cctv2,C2_S008,G006,OCCUPIED,OCCUPIED,0.7783392295241357
806.0,cctv2,C2_S009,G005,OCCUPIED,OCCUPIED,0.7891726534474981
806.0,cctv2,C2_S010,G002,OCCUPIED,OCCUPIED,0.7948673473163085
806.0,cctv2,C2_S011,G017,OCCUPIED,OCCUPIED,0.7914448356086559
806.0,cctv2,C2_S012,G018,EMPTY,MANEUVERING,0.2954229040037501
806.0,cctv2,C2_S013,G019,OCCUPIED,OCCUPIED,0.7950668349862099
806.0,cctv2,C2_S014,G020,EMPTY,EMPTY,0.01
806.0,cctv3,C3_S001,G021,OCCUPIED,OCCUPIED,0.7918090812184595
806.0,cctv3,C3_S002,G019,EMPTY,EMPTY,0.01
806.0,cctv3,C3_S003,G020,OCCUPIED,OCCUPIED,0.8293840969150718
806.0,cctv3,C3_S004,G024,OCCUPIED,OCCUPIED,0.828989070112055
806.0,cctv3,C3_S005,G025,OCCUPIED,OCCUPIED,0.8297959744930268
806.0,cctv3,C3_S006,G026,OCCUPIED,OCCUPIED,0.8273194080049342
806.0,cctv3,C3_S007,G027,OCCUPIED,OCCUPIED,0.7685452749783344
806.0,cctv3,C3_S008,G028,EMPTY,EMPTY,0.01
806.0,cctv3,C3_S009,G029,EMPTY,MANEUVERING,0.247475402646444
806.0,cctv3,C3_S010,G007,OCCUPIED,OCCUPIED,0.6660844087420088
806.0,cctv3,C3_S011,G008,OCCUPIED,OCCUPIED,0.8040823185985739
806.0,cctv3,C3_S012,G009,OCCUPIED,OCCUPIED,0.8243356081572446
807.0,cctv1,C1_S001,G001,OCCUPIED,OCCUPIED,0.73571442196315
807.0,cctv1,C1_S002,G002,EMPTY,EMPTY,0.01
807.0,cctv1,C1_S003,G003,OCCUPIED,OCCUPIED,0.8379508717493578
807.0,cctv1,C1_S004,G004,OCCUPIED,OCCUPIED,0.7772781293500555
807.0,cctv1,C1_S005,G005,OCCUPIED,OCCUPIED,0.72361527136781
807.0,cctv1,C1_S006,G006,EMPTY,MANEUVERING,0.1359242439202287
807.0,cctv2,C2_S001,G007,OCCUPIED,OCCUPIED,0.7848303391174837
807.0,cctv2,C2_S002,G008,OCCUPIED,OCCUPIED,0.8200891307809137
807.0,cctv2,C2_S003,G009,EMPTY,MANEUVERING,0.4668898910825902
807.0,cctv2,C2_S004,G010,OCCUPIED,OCCUPIED,0.7790928245945411
807.0,cctv2,C2_S005,G001,EMPTY,EMPTY,0.01
807.0,cctv2,C2_S006,G003,OCCUPIED,OCCUPIED,0.8206311759623615
807.0,cctv2,C2_S007,G004,OCCUPIED,OCCUPIED,0.8050014214082198
807.0,cctv2,C2_S008,G006,OCCUPIED,OCCUPIED,0.7770623533563181
807.0,cctv2,C2_S009,G005,OCCUPIED,OCCUPIED,0.789113649725914
807.0,cctv2,C2_S010,G002,OCCUPIED,OCCUPIED,0.7964536674998024
807.0,cctv2,C2_S011,G017,OCCUPIED,OCCUPIED,0.7909707681699233
807.0,cctv2,C2_S012,G018,EMPTY,MANEUVERING,0.2954229040037501
807.0,cctv2,C2_S013,G019,OCCUPIED,OCCUPIED,0.8005194355141033
807.0,cctv2,C2_S014,G020,EMPTY,EMPTY,0.01
807.0,cctv3,C3_S001,G021,OCCUPIED,OCCUPIED,0.7931692350994457
807.0,cctv3,C3_S002,G019,EMPTY,EMPTY,0.01
807.0,cctv3,C3_S003,G020,OCCUPIED,OCCUPIED,0.8290475000034679
807.0,cctv3,C3_S004,G024,OCCUPIED,OCCUPIED,0.8291519899259915
807.0,cctv3,C3_S005,G025,OCCUPIED,OCCUPIED,0.8298191902312366
807.0,cctv3,C3_S006,G026,OCCUPIED,OCCUPIED,0.8274152660911734
807.0,cctv3,C3_S007,G027,OCCUPIED,OCCUPIED,0.7692326597192072
807.0,cctv3,C3_S008,G028,EMPTY,EMPTY,0.01
807.0,cctv3,C3_S009,G029,EMPTY,MANEUVERING,0.247475402646444
807.0,cctv3,C3_S010,G007,OCCUPIED,OCCUPIED,0.66502204585256
807.0,cctv3,C3_S011,G008,OCCUPIED,OCCUPIED,0.8031186976216057
807.0,cctv3,C3_S012,G009,OCCUPIED,OCCUPIED,0.8243396469137886
808.0,cctv1,C1_S001,G001,OCCUPIED,OCCUPIED,0.7360694361003963
808.0,cctv1,C1_S002,G002,EMPTY,EMPTY,0.01
808.0,cctv1,C1_S003,G003,OCCUPIED,OCCUPIED,0.8379961547526447
808.0,cctv1,C1_S004,G004,OCCUPIED,OCCUPIED,0.7771854431791739
808.0,cctv1,C1_S005,G005,OCCUPIED,OCCUPIED,0.7257318534995572
808.0,cctv1,C1_S006,G006,EMPTY,MANEUVERING,0.2189474466217286
808.0,cctv2,C2_S001,G007,OCCUPIED,OCCUPIED,0.7838737991723148
808.0,cctv2,C2_S002,G008,OCCUPIED,OCCUPIED,0.8209260702133179
808.0,cctv2,C2_S003,G009,EMPTY,MANEUVERING,0.4647768039798194
808.0,cctv2,C2_S004,G010,OCCUPIED,OCCUPIED,0.779665953327309
808.0,cctv2,C2_S005,G001,EMPTY,EMPTY,0.01
808.0,cctv2,C2_S006,G003,OCCUPIED,OCCUPIED,0.8206891970200972
808.0,cctv2,C2_S007,G004,OCCUPIED,OCCUPIED,0.8060946922410619
808.0,cctv2,C2_S008,G006,OCCUPIED,OCCUPIED,0.7761872676285831
808.0,cctv2,C2_S009,G005,OCCUPIED,OCCUPIED,0.7888625730167736
808.0,cctv2,C2_S010,G002,OCCUPIED,OCCUPIED,0.7988508471033791
808.0,cctv2,C2_S011,G017,OCCUPIED,OCCUPIED,0.7895289690657096
808.0,cctv2,C2_S012,G018,EMPTY,MANEUVERING,0.2954229040037501
808.0,cctv2,C2_S013,G019,OCCUPIED,OCCUPIED,0.8037616141817787
808.0,cctv2,C2_S014,G020,EMPTY,EMPTY,0.01
808.0,cctv3,C3_S001,G021,OCCUPIED,OCCUPIED,0.7932710875164379
808.0,cctv3,C3_S002,G019,EMPTY,EMPTY,0.01
808.0,cctv3,C3_S003,G020,OCCUPIED,OCCUPIED,0.8292297365990553
808.0,cctv3,C3_S004,G024,OCCUPIED,OCCUPIED,0.8292073897340082
808.0,cctv3,C3_S005,G025,OCCUPIED,OCCUPIED,0.8296623964201321
808.0,cctv3,C3_S006,G026,OCCUPIED,OCCUPIED,0.8272602287205784
808.0,cctv3,C3_S007,G027,OCCUPIED,OCCUPIED,0.7685645080425523
808.0,cctv3,C3_S008,G028,EMPTY,EMPTY,0.01
808.0,cctv3,C3_S009,G029,EMPTY,MANEUVERING,0.247475402646444
808.0,cctv3,C3_S010,G007,OCCUPIED,OCCUPIED,0.6648135299303315
808.0,cctv3,C3_S011,G008,OCCUPIED,OCCUPIED,0.8014019757509232
808.0,cctv3,C3_S012,G009,OCCUPIED,OCCUPIED,0.8242774733088234
809.0,cctv1,C1_S001,G001,OCCUPIED,OCCUPIED,0.7369432811032642
809.0,cctv1,C1_S002,G002,EMPTY,EMPTY,0.01
809.0,cctv1,C1_S003,G003,OCCUPIED,OCCUPIED,0.8380849797617306
809.0,cctv1,C1_S004,G004,OCCUPIED,OCCUPIED,0.7763721742413261
809.0,cctv1,C1_S005,G005,OCCUPIED,OCCUPIED,0.7240688859423002
809.0,cctv1,C1_S006,G006,EMPTY,MANEUVERING,0.1873163177253622
809.0,cctv2,C2_S001,G007,OCCUPIED,OCCUPIED,0.785853093049743
809.0,cctv2,C2_S002,G008,OCCUPIED,OCCUPIED,0.8239341367374767
809.0,cctv2,C2_S003,G009,EMPTY,MANEUVERING,0.4197768039798195
809.0,cctv2,C2_S004,G010,OCCUPIED,OCCUPIED,0.7844737849452279
809.0,cctv2,C2_S005,G001,EMPTY,EMPTY,0.01
809.0,cctv2,C2_S006,G003,OCCUPIED,OCCUPIED,0.8209319255568766
809.0,cctv2,C2_S007,G004,OCCUPIED,OCCUPIED,0.8067467608235099
809.0,cctv2,C2_S008,G006,OCCUPIED,OCCUPIED,0.7778813093900682
809.0,cctv2,C2_S009,G005,OCCUPIED,OCCUPIED,0.7891783267259599
809.0,cctv2,C2_S010,G002,OCCUPIED,OCCUPIED,0.7998306572437287
809.0,cctv2,C2_S011,G017,OCCUPIED,OCCUPIED,0.7884333435784687
809.0,cctv2,C2_S012,G018,EMPTY,MANEUVERING,0.2504229040037502
809.0,cctv2,C2_S013,G019,OCCUPIED,OCCUPIED,0.8053102428262885
809.0,cctv2,C2_S014,G020,EMPTY,EMPTY,0.01
809.0,cctv3,C3_S001,G021,OCCUPIED,OCCUPIED,0.7941851372068579
809.0,cctv3,C3_S002,G019,EMPTY,EMPTY,0.01
809.0,cctv3,C3_S003,G020,OCCUPIED,OCCUPIED,0.8292932212352753
809.0,cctv3,C3_S004,G024,OCCUPIED,OCCUPIED,0.829252092404799
809.0,cctv3,C3_S005,G025,OCCUPIED,OCCUPIED,0.8296712135726756
809.0,cctv3,C3_S006,G026,OCCUPIED,OCCUPIED,0.8272991199385037
809.0,cctv3,C3_S007,G027,OCCUPIED,OCCUPIED,0.7681391714648768
809.0,cctv3,C3_S008,G028,EMPTY,EMPTY,0.01
809.0,cctv3,C3_S009,G029,EMPTY,MANEUVERING,0.2918125494501807
809.0,cctv3,C3_S010,G007,OCCUPIED,OCCUPIED,0.6198135299303316
809.0,cctv3,C3_S011,G008,OCCUPIED,OCCUPIED,0.8000891303474253
809.0,cctv3,C3_S012,G009,OCCUPIED,OCCUPIED,0.8240430441769687
810.0,cctv1,C1_S001,G001,OCCUPIED,OCCUPIED,0.7379441413012419
810.0,cctv1,C1_S002,G002,EMPTY,MANEUVERING,0.2098883928697217
810.0,cctv1,C1_S003,G003,OCCUPIED,OCCUPIED,0.8380665895613758
810.0,cctv1,C1_S004,G004,OCCUPIED,OCCUPIED,0.7758887670256875
810.0,cctv1,C1_S005,G005,OCCUPIED,OCCUPIED,0.7281901106599606
810.0,cctv1,C1_S006,G006,EMPTY,MANEUVERING,0.1873163177253622
810.0,cctv2,C2_S001,G007,OCCUPIED,OCCUPIED,0.7049511470307004
810.0,cctv2,C2_S002,G008,OCCUPIED,OCCUPIED,0.8243948597799649
810.0,cctv2,C2_S003,G009,EMPTY,MANEUVERING,0.49
810.0,cctv2,C2_S004,G010,OCCUPIED,OCCUPIED,0.7845159232616425
810.0,cctv2,C2_S005,G001,EMPTY,EMPTY,0.01
810.0,cctv2,C2_S006,G003,OCCUPIED,OCCUPIED,0.8197747067971664
810.0,cctv2,C2_S007,G004,OCCUPIED,OCCUPIED,0.8065085278315978
810.0,cctv2,C2_S008,G006,OCCUPIED,OCCUPIED,0.7776163144545122
810.0,cctv2,C2_S009,G005,OCCUPIED,OCCUPIED,0.7888740049167113
810.0,cctv2,C2_S010,G002,OCCUPIED,OCCUPIED,0.8000952937386253
810.0,cctv2,C2_S011,G017,OCCUPIED,OCCUPIED,0.7859591341831468
810.0,cctv2,C2_S012,G018,EMPTY,MANEUVERING,0.2504229040037502
810.0,cctv2,C2_S013,G019,OCCUPIED,OCCUPIED,0.8120746748013931
810.0,cctv2,C2_S014,G020,EMPTY,EMPTY,0.01
810.0,cctv3,C3_S001,G021,OCCUPIED,OCCUPIED,0.7966356171803042
810.0,cctv3,C3_S002,G019,EMPTY,EMPTY,0.01
810.0,cctv3,C3_S003,G020,OCCUPIED,OCCUPIED,0.8292525410652161
810.0,cctv3,C3_S004,G024,OCCUPIED,OCCUPIED,0.8292934788898989
810.0,cctv3,C3_S005,G025,OCCUPIED,OCCUPIED,0.8296026156707244
810.0,cctv3,C3_S006,G026,OCCUPIED,OCCUPIED,0.827290165424347
810.0,cctv3,C3_S007,G027,OCCUPIED,OCCUPIED,0.7668184399604798
810.0,cctv3,C3_S008,G028,EMPTY,EMPTY,0.01
810.0,cctv3,C3_S009,G029,EMPTY,MANEUVERING,0.2468125494501807
810.0,cctv3,C3_S010,G007,OCCUPIED,OCCUPIED,0.6635911876776002
810.0,cctv3,C3_S011,G008,OCCUPIED,OCCUPIED,0.7993672048503703
810.0,cctv3,C3_S012,G009,OCCUPIED,OCCUPIED,0.8236222624778748
811.0,cctv1,C1_S001,G001,OCCUPIED,OCCUPIED,0.7379506129432809
811.0,cctv1,C1_S002,G002,EMPTY,MANEUVERING,0.2098883928697217
811.0,cctv1,C1_S003,G003,OCCUPIED,OCCUPIED,0.8379886648871683
811.0,cctv1,C1_S004,G004,OCCUPIED,OCCUPIED,0.7752401629632171
811.0,cctv1,C1_S005,G005,OCCUPIED,OCCUPIED,0.7311603039864338
811.0,cctv1,C1_S006,G006,EMPTY,MANEUVERING,0.1595393065701831
811.0,cctv2,C2_S001,G007,OCCUPIED,OCCUPIED,0.7043031110275876
811.0,cctv2,C2_S002,G008,OCCUPIED,OCCUPIED,0.8244495979764246
811.0,cctv2,C2_S003,G009,EMPTY,MANEUVERING,0.49
811.0,cctv2,C2_S004,G010,OCCUPIED,OCCUPIED,0.7832169018008492
811.0,cctv2,C2_S005,G001,EMPTY,EMPTY,0.01
811.0,cctv2,C2_S006,G003,OCCUPIED,OCCUPIED,0.8182524938475002
811.0,cctv2,C2_S007,G004,OCCUPIED,OCCUPIED,0.8053187145428224
811.0,cctv2,C2_S008,G006,OCCUPIED,OCCUPIED,0.7757620131427592
811.0,cctv2,C2_S009,G005,OCCUPIED,OCCUPIED,0.7891986277970402
811.0,cctv2,C2_S010,G002,OCCUPIED,OCCUPIED,0.7997503088279204
811.0,cctv2,C2_S011,G017,OCCUPIED,OCCUPIED,0.7848517549308864
811.0,cctv2,C2_S012,G018,EMPTY,MANEUVERING,0.2504229040037502
811.0,cctv2,C2_S013,G019,OCCUPIED,OCCUPIED,0.8148483829064803
811.0,cctv2,C2_S014,G020,EMPTY,EMPTY,0.01
811.0,cctv3,C3_S001,G021,OCCUPIED,OCCUPIED,0.7966039207848636
811.0,cctv3,C3_S002,G019,EMPTY,EMPTY,0.01
811.0,cctv3,C3_S003,G020,OCCUPIED,OCCUPIED,0.8293825948780233
811.0,cctv3,C3_S004,G024,OCCUPIED,OCCUPIED,0.8293900611725721
811.0,cctv3,C3_S005,G025,OCCUPIED,OCCUPIED,0.8295490828427402
811.0,cctv3,C3_S006,G026,OCCUPIED,OCCUPIED,0.827357707511295
811.0,cctv3,C3_S007,G027,OCCUPIED,OCCUPIED,0.7675276623530822
811.0,cctv3,C3_S008,G028,EMPTY,EMPTY,0.01
811.0,cctv3,C3_S009,G029,EMPTY,MANEUVERING,0.3374923910471526
811.0,cctv3,C3_S010,G007,OCCUPIED,OCCUPIED,0.5823358252001081
811.0,cctv3,C3_S011,G008,OCCUPIED,OCCUPIED,0.7999888718128205
811.0,cctv3,C3_S012,G009,OCCUPIED,OCCUPIED,0.8235807605765083
812.0,cctv1,C1_S001,G001,OCCUPIED,OCCUPIED,0.7393044776537202
812.0,cctv1,C1_S002,G002,EMPTY,MANEUVERING,0.2098883928697217
812.0,cctv1,C1_S003,G003,OCCUPIED,OCCUPIED,0.8379362260753459
812.0,cctv1,C1_S004,G004,OCCUPIED,OCCUPIED,0.7766170062802056
812.0,cctv1,C1_S005,G005,OCCUPIED,OCCUPIED,0.7310763459675241
812.0,cctv1,C1_S006,G006,EMPTY,MANEUVERING,0.1085393065701831
812.0,cctv2,C2_S001,G007,OCCUPIED,OCCUPIED,0.7039489154924046
812.0,cctv2,C2_S002,G008,OCCUPIED,OCCUPIED,0.8242992951111361
812.0,cctv2,C2_S003,G009,EMPTY,MANEUVERING,0.49
812.0,cctv2,C2_S004,G010,OCCUPIED,OCCUPIED,0.7819501334970649
812.0,cctv2,C2_S005,G001,EMPTY,EMPTY,0.01
812.0,cctv2,C2_S006,G003,OCCUPIED,OCCUPIED,0.8182579029690136
812.0,cctv2,C2_S007,G004,OCCUPIED,OCCUPIED,0.8054538970643824
812.0,cctv2,C2_S008,G006,OCCUPIED,OCCUPIED,0.7763583234765313
812.0,cctv2,C2_S009,G005,OCCUPIED,OCCUPIED,0.7896779548038136
812.0,cctv2,C2_S010,G002,OCCUPIED,OCCUPIED,0.8018977829001167
812.0,cctv2,C2_S011,G017,OCCUPIED,OCCUPIED,0.7861975752494552
812.0,cctv2,C2_S012,G018,EMPTY,MANEUVERING,0.2504229040037502
812.0,cctv2,C2_S013,G019,OCCUPIED,OCCUPIED,0.8123269186778502
812.0,cctv2,C2_S014,G020,EMPTY,EMPTY,0.01
812.0,cctv3,C3_S001,G021,OCCUPIED,OCCUPIED,0.7964254279028287
812.0,cctv3,C3_S002,G019,EMPTY,EMPTY,0.01
812.0,cctv3,C3_S003,G020,OCCUPIED,OCCUPIED,0.8292959839105607
812.0,cctv3,C3_S004,G024,OCCUPIED,OCCUPIED,0.8294168149883098
812.0,cctv3,C3_S005,G025,OCCUPIED,OCCUPIED,0.8294343224980615
812.0,cctv3,C3_S006,G026,OCCUPIED,OCCUPIED,0.8273509459062056
812.0,cctv3,C3_S007,G027,OCCUPIED,OCCUPIED,0.7669080123305322
812.0,cctv3,C3_S008,G028,EMPTY,EMPTY,0.01
812.0,cctv3,C3_S009,G029,EMPTY,MANEUVERING,0.4161491006291049
812.0,cctv3,C3_S010,G007,OCCUPIED,OCCUPIED,0.51
812.0,cctv3,C3_S011,G008,OCCUPIED,OCCUPIED,0.7999262893741782
812.0,cctv3,C3_S012,G009,OCCUPIED,OCCUPIED,0.8232682767239484
813.0,cctv1,C1_S001,G001,OCCUPIED,OCCUPIED,0.7388016748157415
813.0,cctv1,C1_S002,G002,EMPTY,MANEUVERING,0.2098883928697217
813.0,cctv1,C1_S003,G003,OCCUPIED,OCCUPIED,0.8377972063693134
813.0,cctv1,C1_S004,G004,OCCUPIED,OCCUPIED,0.7751872076229617
813.0,cctv1,C1_S005,G005,OCCUPIED,OCCUPIED,0.6488113815495463
813.0,cctv1,C1_S006,G006,EMPTY,MANEUVERING,0.1867445503480055
813.0,cctv2,C2_S001,G007,OCCUPIED,OCCUPIED,0.6221164125023467
813.0,cctv2,C2_S002,G008,OCCUPIED,OCCUPIED,0.8243044343861667
813.0,cctv2,C2_S003,G009,EMPTY,MANEUVERING,0.49
813.0,cctv2,C2_S004,G010,OCCUPIED,OCCUPIED,0.7806067942218348
813.0,cctv2,C2_S005,G001,EMPTY,EMPTY,0.01
813.0,cctv2,C2_S006,G003,OCCUPIED,OCCUPIED,0.8185088471932845
813.0,cctv2,C2_S007,G004,OCCUPIED,OCCUPIED,0.8050441815094515
813.0,cctv2,C2_S008,G006,OCCUPIED,OCCUPIED,0.7746375579725613
813.0,cctv2,C2_S009,G005,OCCUPIED,OCCUPIED,0.7881967995654453
813.0,cctv2,C2_S010,G002,OCCUPIED,OCCUPIED,0.8023217897523534
813.0,cctv2,C2_S011,G017,OCCUPIED,OCCUPIED,0.7835709099065175
813.0,cctv2,C2_S012,G018,EMPTY,MANEUVERING,0.2504229040037502
813.0,cctv2,C2_S013,G019,OCCUPIED,OCCUPIED,0.8171643801710823
813.0,cctv2,C2_S014,G020,EMPTY,EMPTY,0.01
813.0,cctv3,C3_S001,G021,OCCUPIED,OCCUPIED,0.798622663454576
813.0,cctv3,C3_S002,G019,EMPTY,EMPTY,0.01
813.0,cctv3,C3_S003,G020,OCCUPIED,OCCUPIED,0.8295040412382646
813.0,cctv3,C3_S004,G024,OCCUPIED,OCCUPIED,0.829800471663475
813.0,cctv3,C3_S005,G025,OCCUPIED,OCCUPIED,0.8293255564841358
813.0,cctv3,C3_S006,G026,OCCUPIED,OCCUPIED,0.8272246479988099
813.0,cctv3,C3_S007,G027,OCCUPIED,OCCUPIED,0.7678630644624884
813.0,cctv3,C3_S008,G028,EMPTY,EMPTY,0.01
813.0,cctv3,C3_S009,G029,EMPTY,MANEUVERING,0.3711491006291048
813.0,cctv3,C3_S010,G007,OCCUPIED,OCCUPIED,0.51
813.0,cctv3,C3_S011,G008,OCCUPIED,OCCUPIED,0.7996084914966064
813.0,cctv3,C3_S012,G009,OCCUPIED,OCCUPIED,0.8234764868562873
814.0,cctv1,C1_S001,G001,OCCUPIED,OCCUPIED,0.7378296128050849
814.0,cctv1,C1_S002,G002,EMPTY,MANEUVERING,0.1648883928697217
814.0,cctv1,C1_S003,G003,OCCUPIED,OCCUPIED,0.8377973843704571
814.0,cctv1,C1_S004,G004,OCCUPIED,OCCUPIED,0.7768094580281866
814.0,cctv1,C1_S005,G005,OCCUPIED,OCCUPIED,0.6520835603186579
814.0,cctv1,C1_S006,G006,EMPTY,MANEUVERING,0.1810302646337198
814.0,cctv2,C2_S001,G007,OCCUPIED,OCCUPIED,0.667686124624628
814.0,cctv2,C2_S002,G008,OCCUPIED,OCCUPIED,0.8248045907779173
814.0,cctv2,C2_S003,G009,EMPTY,MANEUVERING,0.4587382287328893
814.0,cctv2,C2_S004,G010,OCCUPIED,OCCUPIED,0.7816530264236711
814.0,cctv2,C2_S005,G001,EMPTY,EMPTY,0.01
814.0,cctv2,C2_S006,G003,OCCUPIED,OCCUPIED,0.8184395958076824
814.0,cctv2,C2_S007,G004,OCCUPIED,OCCUPIED,0.8050248216498983
814.0,cctv2,C2_S008,G006,OCCUPIED,OCCUPIED,0.7734614914113825
814.0,cctv2,C2_S009,G005,OCCUPIED,OCCUPIED,0.7867702033032071
814.0,cctv2,C2_S010,G002,OCCUPIED,OCCUPIED,0.80417842539874
814.0,cctv2,C2_S011,G017,OCCUPIED,OCCUPIED,0.7849136440591379
814.0,cctv2,C2_S012,G018,EMPTY,MANEUVERING,0.3309249433062293
814.0,cctv2,C2_S013,G019,OCCUPIED,OCCUPIED,0.816267176378857
814.0,cctv2,C2_S014,G020,EMPTY,EMPTY,0.01
814.0,cctv3,C3_S001,G021,OCCUPIED,OCCUPIED,0.7987350577657873
814.0,cctv3,C3_S002,G019,EMPTY,EMPTY,0.01
814.0,cctv3,C3_S003,G020,OCCUPIED,OCCUPIED,0.8289352568713102
814.0,cctv3,C3_S004,G024,OCCUPIED,OCCUPIED,0.8296531761234458
814.0,cctv3,C3_S005,G025,OCCUPIED,OCCUPIED,0.8293709906664762
814.0,cctv3,C3_S006,G026,OCCUPIED,OCCUPIED,0.8271878708492626
814.0,cctv3,C3_S007,G027,OCCUPIED,OCCUPIED,0.7678954501043667
814.0,cctv3,C3_S008,G028,EMPTY,EMPTY,0.01
814.0,cctv3,C3_S009,G029,EMPTY,MANEUVERING,0.3711491006291048
814.0,cctv3,C3_S010,G007,OCCUPIED,OCCUPIED,0.51
814.0,cctv3,C3_S011,G008,OCCUPIED,OCCUPIED,0.7987947165966035
814.0,cctv3,C3_S012,G009,OCCUPIED,OCCUPIED,0.8233274917710912
815.0,cctv1,C1_S001,G001,OCCUPIED,OCCUPIED,0.7368547743017024
815.0,cctv1,C1_S002,G002,EMPTY,MANEUVERING,0.1648883928697217
815.0,cctv1,C1_S003,G003,OCCUPIED,OCCUPIED,0.8378025927326896
815.0,cctv1,C1_S004,G004,OCCUPIED,OCCUPIED,0.7780899161642248
815.0,cctv1,C1_S005,G005,OCCUPIED,OCCUPIED,0.6490603381801735
815.0,cctv1,C1_S006,G006,EMPTY,MANEUVERING,0.1767445503480055
815.0,cctv2,C2_S001,G007,OCCUPIED,OCCUPIED,0.6660117526668491
815.0,cctv2,C2_S002,G008,OCCUPIED,OCCUPIED,0.8249008950862018
815.0,cctv2,C2_S003,G009,EMPTY,MANEUVERING,0.4562264487689191
815.0,cctv2,C2_S004,G010,OCCUPIED,OCCUPIED,0.7791284947232767
815.0,cctv2,C2_S005,G001,EMPTY,EMPTY,0.01
815.0,cctv2,C2_S006,G003,OCCUPIED,OCCUPIED,0.8186759837649086
815.0,cctv2,C2_S007,G004,OCCUPIED,OCCUPIED,0.8054075891321356
815.0,cctv2,C2_S008,G006,OCCUPIED,OCCUPIED,0.7741702326319435
815.0,cctv2,C2_S009,G005,OCCUPIED,LEAVING,0.7885090005668728
815.0,cctv2,C2_S010,G002,OCCUPIED,OCCUPIED,0.8042778491973878
815.0,cctv2,C2_S011,G017,OCCUPIED,OCCUPIED,0.7851216802542861
815.0,cctv2,C2_S012,G018,EMPTY,MANEUVERING,0.3309249433062293
815.0,cctv2,C2_S013,G019,OCCUPIED,OCCUPIED,0.818092717094855
815.0,cctv2,C2_S014,G020,EMPTY,EMPTY,0.01
815.0,cctv3,C3_S001,G021,OCCUPIED,OCCUPIED,0.7991648492487995
815.0,cctv3,C3_S002,G019,EMPTY,EMPTY,0.01
815.0,cctv3,C3_S003,G020,OCCUPIED,OCCUPIED,0.8290881127119065
815.0,cctv3,C3_S004,G024,OCCUPIED,OCCUPIED,0.8296127357266166
815.0,cctv3,C3_S005,G025,OCCUPIED,OCCUPIED,0.8293221492658962
815.0,cctv3,C3_S006,G026,OCCUPIED,OCCUPIED,0.8272526348179038
815.0,cctv3,C3_S007,G027,OCCUPIED,OCCUPIED,0.7676291689276696
815.0,cctv3,C3_S008,G028,EMPTY,MANEUVERING,0.1139369447644461
815.0,cctv3,C3_S009,G029,EMPTY,MANEUVERING,0.3843326354826039
815.0,cctv3,C3_S010,G007,OCCUPIED,OCCUPIED,0.51
815.0,cctv3,C3_S011,G008,OCCUPIED,OCCUPIED,0.7995371268554168
815.0,cctv3,C3_S012,G009,OCCUPIED,OCCUPIED,0.823690676689148
816.0,cctv1,C1_S001,G001,OCCUPIED,OCCUPIED,0.7371462698687208
816.0,cctv1,C1_S002,G002,EMPTY,MANEUVERING,0.1648883928697217
816.0,cctv1,C1_S003,G003,OCCUPIED,OCCUPIED,0.8376881631937895
816.0,cctv1,C1_S004,G004,OCCUPIED,OCCUPIED,0.7784458810632879
816.0,cctv1,C1_S005,G005,OCCUPIED,OCCUPIED,0.6383849181641231
816.0,cctv1,C1_S006,G006,EMPTY,MANEUVERING,0.2691922154548493
816.0,cctv2,C2_S001,G007,OCCUPIED,OCCUPIED,0.6683624883312167
816.0,cctv2,C2_S002,G008,OCCUPIED,OCCUPIED,0.824546935341575
816.0,cctv2,C2_S003,G009,EMPTY,MANEUVERING,0.454739161634987
816.0,cctv2,C2_S004,G010,OCCUPIED,OCCUPIED,0.7781252469528805
816.0,cctv2,C2_S005,G001,EMPTY,EMPTY,0.01
816.0,cctv2,C2_S006,G003,OCCUPIED,OCCUPIED,0.8183111464435404
816.0,cctv2,C2_S007,G004,OCCUPIED,OCCUPIED,0.8052671104669572
816.0,cctv2,C2_S008,G006,OCCUPIED,OCCUPIED,0.7741026011380283
816.0,cctv2,C2_S009,G005,OCCUPIED,LEAVING,0.7887579054995018
816.0,cctv2,C2_S010,G002,OCCUPIED,OCCUPIED,0.8055652323094282
816.0,cctv2,C2_S011,G017,OCCUPIED,OCCUPIED,0.7853955817493526
816.0,cctv2,C2_S012,G018,EMPTY,MANEUVERING,0.2936997098814357
816.0,cctv2,C2_S013,G019,OCCUPIED,OCCUPIED,0.8176911383867265
816.0,cctv2,C2_S014,G020,EMPTY,EMPTY,0.01
816.0,cctv3,C3_S001,G021,OCCUPIED,OCCUPIED,0.7990781919522719
816.0,cctv3,C3_S002,G019,EMPTY,EMPTY,0.01
816.0,cctv3,C3_S003,G020,OCCUPIED,OCCUPIED,0.8284892534667796
816.0,cctv3,C3_S004,G024,OCCUPIED,OCCUPIED,0.8295168873938648
816.0,cctv3,C3_S005,G025,OCCUPIED,OCCUPIED,0.8294501345265997
816.0,cctv3,C3_S006,G026,OCCUPIED,OCCUPIED,0.8272706503217871
816.0,cctv3,C3_S007,G027,OCCUPIED,OCCUPIED,0.7683002295819197
816.0,cctv3,C3_S008,G028,EMPTY,MANEUVERING,0.1139369447644461
816.0,cctv3,C3_S009,G029,EMPTY,MANEUVERING,0.3393326354826038
816.0,cctv3,C3_S010,G007,OCCUPIED,OCCUPIED,0.51
816.0,cctv3,C3_S011,G008,OCCUPIED,OCCUPIED,0.8000238933346489
816.0,cctv3,C3_S012,G009,OCCUPIED,OCCUPIED,0.8240454516627572
817.0,cctv1,C1_S001,G001,OCCUPIED,OCCUPIED,0.7359145665710624
817.0,cctv1,C1_S002,G002,EMPTY,MANEUVERING,0.1648883928697217
817.0,cctv1,C1_S003,G003,OCCUPIED,OCCUPIED,0.8375527433373712
817.0,cctv1,C1_S004,G004,OCCUPIED,OCCUPIED,0.7786461778662422
817.0,cctv1,C1_S005,G005,OCCUPIED,OCCUPIED,0.6733600206781517
817.0,cctv1,C1_S006,G006,EMPTY,MANEUVERING,0.3134751639863984
817.0,cctv2,C2_S001,G007,OCCUPIED,OCCUPIED,0.7114792567310911
817.0,cctv2,C2_S002,G008,OCCUPIED,OCCUPIED,0.8243677670305426
817.0,cctv2,C2_S003,G009,EMPTY,MANEUVERING,0.49
817.0,cctv2,C2_S004,G010,OCCUPIED,OCCUPIED,0.7796651446006515
817.0,cctv2,C2_S005,G001,EMPTY,EMPTY,0.01
817.0,cctv2,C2_S006,G003,OCCUPIED,OCCUPIED,0.8183874544772236
817.0,cctv2,C2_S007,G004,OCCUPIED,OCCUPIED,0.8053897337480025
817.0,cctv2,C2_S008,G006,OCCUPIED,OCCUPIED,0.7750042679634962
817.0,cctv2,C2_S009,G005,OCCUPIED,OCCUPIED,0.7900083001364362
817.0,cctv2,C2_S010,G002,OCCUPIED,OCCUPIED,0.8062146698886699
817.0,cctv2,C2_S011,G017,OCCUPIED,OCCUPIED,0.784342404251749
817.0,cctv2,C2_S012,G018,EMPTY,MANEUVERING,0.2936997098814357
817.0,cctv2,C2_S013,G019,OCCUPIED,OCCUPIED,0.8177542792125182
817.0,cctv2,C2_S014,G020,EMPTY,EMPTY,0.01
817.0,cctv3,C3_S001,G021,OCCUPIED,OCCUPIED,0.7992539294741371
817.0,cctv3,C3_S002,G019,EMPTY,EMPTY,0.01
817.0,cctv3,C3_S003,G020,OCCUPIED,OCCUPIED,0.8284524470567703
817.0,cctv3,C3_S004,G024,OCCUPIED,OCCUPIED,0.8295439842072401
817.0,cctv3,C3_S005,G025,OCCUPIED,OCCUPIED,0.8293819397687913
817.0,cctv3,C3_S006,G026,OCCUPIED,OCCUPIED,0.8272010047327389
817.0,cctv3,C3_S007,G027,OCCUPIED,OCCUPIED,0.7695014207200571
817.0,cctv3,C3_S008,G028,EMPTY,MANEUVERING,0.1139369447644461
817.0,cctv3,C3_S009,G029,EMPTY,MANEUVERING,0.3838205374086445
817.0,cctv3,C3_S010,G007,OCCUPIED,OCCUPIED,0.51
817.0,cctv3,C3_S011,G008,OCCUPIED,OCCUPIED,0.8004814343018966
817.0,cctv3,C3_S012,G009,OCCUPIED,OCCUPIED,0.8241763442754746
818.0,cctv1,C1_S001,G001,OCCUPIED,OCCUPIED,0.7349196110936729
818.0,cctv1,C1_S002,G002,EMPTY,MANEUVERING,0.1648883928697217
818.0,cctv1,C1_S003,G003,OCCUPIED,OCCUPIED,0.8375522662292828
818.0,cctv1,C1_S004,G004,OCCUPIED,OCCUPIED,0.7782604583285072
818.0,cctv1,C1_S005,G005,OCCUPIED,OCCUPIED,0.6750121954083443
818.0,cctv1,C1_S006,G006,EMPTY,MANEUVERING,0.309111527622762
818.0,cctv2,C2_S001,G007,OCCUPIED,OCCUPIED,0.7121999484119994
818.0,cctv2,C2_S002,G008,OCCUPIED,OCCUPIED,0.8252000109715896
818.0,cctv2,C2_S003,G009,EMPTY,MANEUVERING,0.49
818.0,cctv2,C2_S004,G010,OCCUPIED,OCCUPIED,0.780729835277254
818.0,cctv2,C2_S005,G001,EMPTY,EMPTY,0.01
818.0,cctv2,C2_S006,G003,OCCUPIED,OCCUPIED,0.8181899796832692
818.0,cctv2,C2_S007,G004,OCCUPIED,OCCUPIED,0.8050314873456955
818.0,cctv2,C2_S008,G006,OCCUPIED,OCCUPIED,0.7751538685776971
818.0,cctv2,C2_S009,G005,OCCUPIED,OCCUPIED,0.7906722257083113
818.0,cctv2,C2_S010,G002,OCCUPIED,OCCUPIED,0.8060372043739666
818.0,cctv2,C2_S011,G017,OCCUPIED,OCCUPIED,0.7841000463474881
818.0,cctv2,C2_S012,G018,EMPTY,MANEUVERING,0.2486997098814357
818.0,cctv2,C2_S013,G019,OCCUPIED,OCCUPIED,0.8170316929166968
818.0,cctv2,C2_S014,G020,EMPTY,EMPTY,0.01
818.0,cctv3,C3_S001,G021,OCCUPIED,OCCUPIED,0.7987193286418915
818.0,cctv3,C3_S002,G019,EMPTY,EMPTY,0.01
818.0,cctv3,C3_S003,G020,OCCUPIED,OCCUPIED,0.8279790371656418
818.0,cctv3,C3_S004,G024,OCCUPIED,OCCUPIED,0.8293928774920377
818.0,cctv3,C3_S005,G025,OCCUPIED,OCCUPIED,0.8292869993231514
818.0,cctv3,C3_S006,G026,OCCUPIED,OCCUPIED,0.8271984907713804
818.0,cctv3,C3_S007,G027,OCCUPIED,OCCUPIED,0.7698502777652307
818.0,cctv3,C3_S008,G028,EMPTY,MANEUVERING,0.1139369447644461
818.0,cctv3,C3_S009,G029,EMPTY,MANEUVERING,0.3838205374086445
818.0,cctv3,C3_S010,G007,OCCUPIED,OCCUPIED,0.51
818.0,cctv3,C3_S011,G008,OCCUPIED,OCCUPIED,0.8013663015582345
818.0,cctv3,C3_S012,G009,OCCUPIED,OCCUPIED,0.8243072572079573
819.0,cctv1,C1_S001,G001,OCCUPIED,OCCUPIED,0.733705853603103
819.0,cctv1,C1_S002,G002,EMPTY,MANEUVERING,0.1648883928697217
819.0,cctv1,C1_S003,G003,OCCUPIED,OCCUPIED,0.837530296499079
819.0,cctv1,C1_S004,G004,OCCUPIED,OCCUPIED,0.7797116386619481
819.0,cctv1,C1_S005,G005,OCCUPIED,OCCUPIED,0.6771200518310071
819.0,cctv1,C1_S006,G006,EMPTY,MANEUVERING,0.3507160292650489
819.0,cctv2,C2_S001,G007,OCCUPIED,OCCUPIED,0.7129292877334538
819.0,cctv2,C2_S002,G008,OCCUPIED,OCCUPIED,0.8252347350120545
819.0,cctv2,C2_S003,G009,EMPTY,MANEUVERING,0.49
819.0,cctv2,C2_S004,G010,OCCUPIED,OCCUPIED,0.7815285694870082
819.0,cctv2,C2_S005,G001,EMPTY,EMPTY,0.01
819.0,cctv2,C2_S006,G003,OCCUPIED,OCCUPIED,0.8181647807359695
819.0,cctv2,C2_S007,G004,OCCUPIED,OCCUPIED,0.8048504171046345
819.0,cctv2,C2_S008,G006,OCCUPIED,OCCUPIED,0.7770280145786026
819.0,cctv2,C2_S009,G005,OCCUPIED,OCCUPIED,0.7898203723809937
819.0,cctv2,C2_S010,G002,OCCUPIED,OCCUPIED,0.8039097599007867
819.0,cctv2,C2_S011,G017,OCCUPIED,OCCUPIED,0.7847758878361095
819.0,cctv2,C2_S012,G018,EMPTY,MANEUVERING,0.2486997098814357
819.0,cctv2,C2_S013,G019,OCCUPIED,OCCUPIED,0.8160146025094119
819.0,cctv2,C2_S014,G020,EMPTY,EMPTY,0.01
819.0,cctv3,C3_S001,G021,OCCUPIED,OCCUPIED,0.7993398446928371
819.0,cctv3,C3_S002,G019,EMPTY,EMPTY,0.01
819.0,cctv3,C3_S003,G020,OCCUPIED,OCCUPIED,0.8282566620544954
819.0,cctv3,C3_S004,G024,OCCUPIED,OCCUPIED,0.8294458600607786
819.0,cctv3,C3_S005,G025,OCCUPIED,OCCUPIED,0.8291876754977487
819.0,cctv3,C3_S006,G026,OCCUPIED,OCCUPIED,0.8272997222163461
819.0,cctv3,C3_S007,G027,OCCUPIED,OCCUPIED,0.7712037135254254
819.0,cctv3,C3_S008,G028,EMPTY,MANEUVERING,0.0689369447644461
819.0,cctv3,C3_S009,G029,EMPTY,MANEUVERING,0.3388205374086445
819.0,cctv3,C3_S010,G007,OCCUPIED,OCCUPIED,0.51
819.0,cctv3,C3_S011,G008,OCCUPIED,OCCUPIED,0.8024971802126278
819.0,cctv3,C3_S012,G009,OCCUPIED,OCCUPIED,0.8243610761382364
820.0,cctv1,C1_S001,G001,OCCUPIED,OCCUPIED,0.7318461878733202
820.0,cctv1,C1_S002,G002,EMPTY,MANEUVERING,0.1648883928697217
820.0,cctv1,C1_S003,G003,OCCUPIED,OCCUPIED,0.8374297266656703
820.0,cctv1,C1_S004,G004,OCCUPIED,OCCUPIED,0.7815770829265769
820.0,cctv1,C1_S005,G005,OCCUPIED,OCCUPIED,0.6660333848270503
820.0,cctv1,C1_S006,G006,EMPTY,MANEUVERING,0.3996667231958021
820.0,cctv2,C2_S001,G007,OCCUPIED,OCCUPIED,0.7107433102347634
820.0,cctv2,C2_S002,G008,OCCUPIED,OCCUPIED,0.8250617747957056
820.0,cctv2,C2_S003,G009,EMPTY,MANEUVERING,0.49
820.0,cctv2,C2_S004,G010,OCCUPIED,OCCUPIED,0.7805027058178728
820.0,cctv2,C2_S005,G001,EMPTY,EMPTY,0.01
820.0,cctv2,C2_S006,G003,OCCUPIED,OCCUPIED,0.8179752249609341
820.0,cctv2,C2_S007,G004,OCCUPIED,OCCUPIED,0.8048580142584715
820.0,cctv2,C2_S008,G006,OCCUPIED,OCCUPIED,0.777305062792518
820.0,cctv2,C2_S009,G005,OCCUPIED,OCCUPIED,0.7894519539041953
820.0,cctv2,C2_S010,G002,OCCUPIED,OCCUPIED,0.8017230638048867
820.0,cctv2,C2_S011,G017,OCCUPIED,OCCUPIED,0.7838283999399706
820.0,cctv2,C2_S012,G018,EMPTY,MANEUVERING,0.2486997098814357
820.0,cctv2,C2_S013,G019,OCCUPIED,OCCUPIED,0.8172921386632053
820.0,cctv2,C2_S014,G020,EMPTY,EMPTY,0.01
820.0,cctv3,C3_S001,G021,OCCUPIED,OCCUPIED,0.7992660790681839
820.0,cctv3,C3_S002,G019,EMPTY,EMPTY,0.01
820.0,cctv3,C3_S003,G020,OCCUPIED,OCCUPIED,0.8277578150684184
820.0,cctv3,C3_S004,G024,OCCUPIED,OCCUPIED,0.8295610129833222
820.0,cctv3,C3_S005,G025,OCCUPIED,OCCUPIED,0.8291379270228474
820.0,cctv3,C3_S006,G026,OCCUPIED,OCCUPIED,0.8273078200491992
820.0,cctv3,C3_S007,G027,OCCUPIED,OCCUPIED,0.7715766043825584
820.0,cctv3,C3_S008,G028,EMPTY,MANEUVERING,0.0689369447644461
820.0,cctv3,C3_S009,G029,EMPTY,MANEUVERING,0.3845330957377499
820.0,cctv3,C3_S010,G007,OCCUPIED,OCCUPIED,0.51
820.0,cctv3,C3_S011,G008,OCCUPIED,OCCUPIED,0.8042783823880283
820.0,cctv3,C3_S012,G009,OCCUPIED,OCCUPIED,0.8246294116432017
821.0,cctv1,C1_S001,G001,OCCUPIED,OCCUPIED,0.7315669934857976
821.0,cctv1,C1_S002,G002,EMPTY,EMPTY,0.01
821.0,cctv1,C1_S003,G003,OCCUPIED,OCCUPIED,0.8375728737224233
821.0,cctv1,C1_S004,G004,OCCUPIED,OCCUPIED,0.7831245387142356
821.0,cctv1,C1_S005,G005,OCCUPIED,OCCUPIED,0.6669995326074687
821.0,cctv1,C1_S006,G006,EMPTY,MANEUVERING,0.3546667231958021
821.0,cctv2,C2_S001,G007,OCCUPIED,OCCUPIED,0.7489350985396993
821.0,cctv2,C2_S002,G008,OCCUPIED,OCCUPIED,0.825363794781945
821.0,cctv2,C2_S003,G009,EMPTY,MANEUVERING,0.49
821.0,cctv2,C2_S004,G010,OCCUPIED,OCCUPIED,0.7802378604357894
821.0,cctv2,C2_S005,G001,EMPTY,EMPTY,0.01
821.0,cctv2,C2_S006,G003,OCCUPIED,OCCUPIED,0.8192909565838902
821.0,cctv2,C2_S007,G004,OCCUPIED,OCCUPIED,0.8058081217787483
821.0,cctv2,C2_S008,G006,OCCUPIED,OCCUPIED,0.7782608541575345
821.0,cctv2,C2_S009,G005,OCCUPIED,OCCUPIED,0.7900974559513005
821.0,cctv2,C2_S010,G002,OCCUPIED,OCCUPIED,0.8000692763111809
821.0,cctv2,C2_S011,G017,OCCUPIED,OCCUPIED,0.7848832981152969
821.0,cctv2,C2_S012,G018,EMPTY,MANEUVERING,0.2486997098814357
821.0,cctv2,C2_S013,G019,OCCUPIED,OCCUPIED,0.8175414337353274
821.0,cctv2,C2_S014,G020,EMPTY,EMPTY,0.01
821.0,cctv3,C3_S001,G021,OCCUPIED,OCCUPIED,0.7982976398684762
821.0,cctv3,C3_S002,G019,EMPTY,EMPTY,0.01
821.0,cctv3,C3_S003,G020,OCCUPIED,OCCUPIED,0.826479642499577
821.0,cctv3,C3_S004,G024,OCCUPIED,OCCUPIED,0.829488232460889
821.0,cctv3,C3_S005,G025,OCCUPIED,OCCUPIED,0.8292039808901874
821.0,cctv3,C3_S006,G026,OCCUPIED,OCCUPIED,0.8272920478474011
821.0,cctv3,C3_S007,G027,OCCUPIED,OCCUPIED,0.7720157957889817
821.0,cctv3,C3_S008,G028,EMPTY,MANEUVERING,0.0689369447644461
821.0,cctv3,C3_S009,G029,EMPTY,MANEUVERING,0.3395330957377498
821.0,cctv3,C3_S010,G007,OCCUPIED,OCCUPIED,0.51
821.0,cctv3,C3_S011,G008,OCCUPIED,OCCUPIED,0.8043685948306865
821.0,cctv3,C3_S012,G009,OCCUPIED,OCCUPIED,0.8245533206246116
822.0,cctv1,C1_S001,G001,OCCUPIED,OCCUPIED,0.7323553684760225
822.0,cctv1,C1_S002,G002,EMPTY,EMPTY,0.01
822.0,cctv1,C1_S003,G003,OCCUPIED,OCCUPIED,0.83752175163139
822.0,cctv1,C1_S004,G004,OCCUPIED,OCCUPIED,0.7855063545432959
822.0,cctv1,C1_S005,G005,OCCUPIED,OCCUPIED,0.6677618459138004
822.0,cctv1,C1_S006,G006,EMPTY,MANEUVERING,0.4398330246216871
822.0,cctv2,C2_S001,G007,OCCUPIED,OCCUPIED,0.7513296540487897
822.0,cctv2,C2_S002,G008,OCCUPIED,OCCUPIED,0.8257651280273092
822.0,cctv2,C2_S003,G009,EMPTY,MANEUVERING,0.4570072949474508
822.0,cctv2,C2_S004,G010,OCCUPIED,OCCUPIED,0.7814563075249846
822.0,cctv2,C2_S005,G001,EMPTY,EMPTY,0.01
822.0,cctv2,C2_S006,G003,OCCUPIED,OCCUPIED,0.8207128337838434
822.0,cctv2,C2_S007,G004,OCCUPIED,OCCUPIED,0.8069005115465685
822.0,cctv2,C2_S008,G006,OCCUPIED,OCCUPIED,0.779329047148878
822.0,cctv2,C2_S009,G005,OCCUPIED,OCCUPIED,0.790137722410939
822.0,cctv2,C2_S010,G002,OCCUPIED,OCCUPIED,0.8002835206010126
822.0,cctv2,C2_S011,G017,OCCUPIED,OCCUPIED,0.7854014716365121
822.0,cctv2,C2_S012,G018,EMPTY,MANEUVERING,0.2486997098814357
822.0,cctv2,C2_S013,G019,OCCUPIED,OCCUPIED,0.8177283024246043
822.0,cctv2,C2_S014,G020,EMPTY,EMPTY,0.01
822.0,cctv3,C3_S001,G021,OCCUPIED,OCCUPIED,0.7980864346027375
822.0,cctv3,C3_S002,G019,EMPTY,EMPTY,0.01
822.0,cctv3,C3_S003,G020,OCCUPIED,OCCUPIED,0.8258822576566176
822.0,cctv3,C3_S004,G024,OCCUPIED,OCCUPIED,0.8293102053078739
822.0,cctv3,C3_S005,G025,OCCUPIED,OCCUPIED,0.8293062421408567
822.0,cctv3,C3_S006,G026,OCCUPIED,OCCUPIED,0.8272776265035977
822.0,cctv3,C3_S007,G027,OCCUPIED,OCCUPIED,0.7720883186567914
822.0,cctv3,C3_S008,G028,EMPTY,MANEUVERING,0.0689369447644461
822.0,cctv3,C3_S009,G029,EMPTY,MANEUVERING,0.2980897147482769
822.0,cctv3,C3_S010,G007,OCCUPIED,OCCUPIED,0.537493446693792
822.0,cctv3,C3_S011,G008,OCCUPIED,OCCUPIED,0.8045788458802484
822.0,cctv3,C3_S012,G009,OCCUPIED,OCCUPIED,0.8247494673187084
823.0,cctv1,C1_S001,G001,OCCUPIED,OCCUPIED,0.7316175348379396
823.0,cctv1,C1_S002,G002,EMPTY,EMPTY,0.01
823.0,cctv1,C1_S003,G003,OCCUPIED,OCCUPIED,0.8375887800346722
823.0,cctv1,C1_S004,G004,OCCUPIED,OCCUPIED,0.7868359206752344
823.0,cctv1,C1_S005,G005,OCCUPIED,OCCUPIED,0.6680535075339404
823.0,cctv1,C1_S006,G006,EMPTY,MANEUVERING,0.3948330246216872
823.0,cctv2,C2_S001,G007,OCCUPIED,OCCUPIED,0.7530165480483663
823.0,cctv2,C2_S002,G008,OCCUPIED,OCCUPIED,0.8256489160385999
823.0,cctv2,C2_S003,G009,EMPTY,MANEUVERING,0.4613846067881042
823.0,cctv2,C2_S004,G010,OCCUPIED,OCCUPIED,0.780845920470628
823.0,cctv2,C2_S005,G001,EMPTY,EMPTY,0.01
823.0,cctv2,C2_S006,G003,OCCUPIED,OCCUPIED,0.8207592059265484
823.0,cctv2,C2_S007,G004,OCCUPIED,OCCUPIED,0.8061051520434294
823.0,cctv2,C2_S008,G006,OCCUPIED,OCCUPIED,0.7790240604769101
823.0,cctv2,C2_S009,G005,OCCUPIED,OCCUPIED,0.7896098319779743
823.0,cctv2,C2_S010,G002,OCCUPIED,OCCUPIED,0.7970096170902253
823.0,cctv2,C2_S011,G017,OCCUPIED,OCCUPIED,0.7842907916415822
823.0,cctv2,C2_S012,G018,EMPTY,MANEUVERING,0.2486997098814357
823.0,cctv2,C2_S013,G019,OCCUPIED,OCCUPIED,0.81893011006442
823.0,cctv2,C2_S014,G020,EMPTY,EMPTY,0.01
823.0,cctv3,C3_S001,G021,OCCUPIED,OCCUPIED,0.7980082189494914
823.0,cctv3,C3_S002,G019,EMPTY,EMPTY,0.01
823.0,cctv3,C3_S003,G020,OCCUPIED,OCCUPIED,0.8250945741480048
823.0,cctv3,C3_S004,G024,OCCUPIED,OCCUPIED,0.8292952645908703
823.0,cctv3,C3_S005,G025,OCCUPIED,OCCUPIED,0.8293765485286713
823.0,cctv3,C3_S006,G026,OCCUPIED,OCCUPIED,0.8272754376584834
823.0,cctv3,C3_S007,G027,OCCUPIED,OCCUPIED,0.7720915751023727
823.0,cctv3,C3_S008,G028,EMPTY,MANEUVERING,0.0689369447644461
823.0,cctv3,C3_S009,G029,EMPTY,MANEUVERING,0.2630798765393821
823.0,cctv3,C3_S010,G007,OCCUPIED,OCCUPIED,0.5754323541189169
823.0,cctv3,C3_S011,G008,OCCUPIED,OCCUPIED,0.8046761978756298
823.0,cctv3,C3_S012,G009,OCCUPIED,OCCUPIED,0.8249764122746208
824.0,cctv1,C1_S001,G001,OCCUPIED,OCCUPIED,0.7319454190405933
824.0,cctv1,C1_S002,G002,EMPTY,EMPTY,0.01
824.0,cctv1,C1_S003,G003,OCCUPIED,OCCUPIED,0.837731992114674
824.0,cctv1,C1_S004,G004,OCCUPIED,OCCUPIED,0.7896416409449144
824.0,cctv1,C1_S005,G005,OCCUPIED,OCCUPIED,0.7176485791531477
824.0,cctv1,C1_S006,G006,EMPTY,MANEUVERING,0.307009670720859
824.0,cctv2,C2_S001,G007,OCCUPIED,OCCUPIED,0.7876659306612882
824.0,cctv2,C2_S002,G008,OCCUPIED,OCCUPIED,0.8257594254883853
824.0,cctv2,C2_S003,G009,EMPTY,MANEUVERING,0.49
824.0,cctv2,C2_S004,G010,OCCUPIED,OCCUPIED,0.782867575369098
824.0,cctv2,C2_S005,G001,EMPTY,EMPTY,0.01
824.0,cctv2,C2_S006,G003,OCCUPIED,OCCUPIED,0.8206360104409132
824.0,cctv2,C2_S007,G004,OCCUPIED,OCCUPIED,0.8049713920463216
824.0,cctv2,C2_S008,G006,OCCUPIED,OCCUPIED,0.7786955707452514
824.0,cctv2,C2_S009,G005,OCCUPIED,OCCUPIED,0.7915848964994605
824.0,cctv2,C2_S010,G002,OCCUPIED,OCCUPIED,0.7972161642529748
824.0,cctv2,C2_S011,G017,OCCUPIED,OCCUPIED,0.7856777798045766
824.0,cctv2,C2_S012,G018,EMPTY,MANEUVERING,0.2486997098814357
824.0,cctv2,C2_S013,G019,OCCUPIED,OCCUPIED,0.8149314175952566
824.0,cctv2,C2_S014,G020,EMPTY,EMPTY,0.01
824.0,cctv3,C3_S001,G021,OCCUPIED,OCCUPIED,0.7967455706813119
824.0,cctv3,C3_S002,G019,EMPTY,EMPTY,0.01
824.0,cctv3,C3_S003,G020,OCCUPIED,OCCUPIED,0.8248904913663865
824.0,cctv3,C3_S004,G024,OCCUPIED,OCCUPIED,0.8291096313433215
824.0,cctv3,C3_S005,G025,OCCUPIED,OCCUPIED,0.829461711103266
824.0,cctv3,C3_S006,G026,OCCUPIED,OCCUPIED,0.827360393784263
824.0,cctv3,C3_S007,G027,OCCUPIED,OCCUPIED,0.7716076728972523
824.0,cctv3,C3_S008,G028,EMPTY,MANEUVERING,0.0689369447644461
824.0,cctv3,C3_S009,G029,EMPTY,MANEUVERING,0.2999778298004107
824.0,cctv3,C3_S010,G007,OCCUPIED,OCCUPIED,0.5754323541189169
824.0,cctv3,C3_S011,G008,OCCUPIED,OCCUPIED,0.8050764899362218
824.0,cctv3,C3_S012,G009,OCCUPIED,OCCUPIED,0.8247098974206232
825.0,cctv1,C1_S001,G001,OCCUPIED,OCCUPIED,0.7320088965648955
825.0,cctv1,C1_S002,G002,EMPTY,EMPTY,0.01
825.0,cctv1,C1_S003,G003,OCCUPIED,OCCUPIED,0.83773503520272
825.0,cctv1,C1_S004,G004,OCCUPIED,OCCUPIED,0.7888505778529428
825.0,cctv1,C1_S005,G005,OCCUPIED,OCCUPIED,0.717701700709083
825.0,cctv1,C1_S006,G006,EMPTY,MANEUVERING,0.307009670720859
825.0,cctv2,C2_S001,G007,OCCUPIED,OCCUPIED,0.7883335723118349
825.0,cctv2,C2_S002,G008,OCCUPIED,OCCUPIED,0.8249988680536098
825.0,cctv2,C2_S003,G009,EMPTY,MANEUVERING,0.49
825.0,cctv2,C2_S004,G010,OCCUPIED,OCCUPIED,0.7806410269303756
825.0,cctv2,C2_S005,G001,EMPTY,EMPTY,0.01
825.0,cctv2,C2_S006,G003,OCCUPIED,OCCUPIED,0.8206007946621289
825.0,cctv2,C2_S007,G004,OCCUPIED,OCCUPIED,0.8044837282462554
825.0,cctv2,C2_S008,G006,OCCUPIED,OCCUPIED,0.7786038806492632
825.0,cctv2,C2_S009,G005,OCCUPIED,OCCUPIED,0.7926179444248027
825.0,cctv2,C2_S010,G002,OCCUPIED,OCCUPIED,0.7953524329445579
825.0,cctv2,C2_S011,G017,OCCUPIED,OCCUPIED,0.7871369527144866
825.0,cctv2,C2_S012,G018,EMPTY,EMPTY,0.01
825.0,cctv2,C2_S013,G019,OCCUPIED,OCCUPIED,0.8146944176067006
825.0,cctv2,C2_S014,G020,EMPTY,EMPTY,0.01
825.0,cctv3,C3_S001,G021,OCCUPIED,OCCUPIED,0.7960654486309399
825.0,cctv3,C3_S002,G019,EMPTY,EMPTY,0.01
825.0,cctv3,C3_S003,G020,OCCUPIED,OCCUPIED,0.8250606336376884
825.0,cctv3,C3_S004,G024,OCCUPIED,OCCUPIED,0.8289871372959832
825.0,cctv3,C3_S005,G025,OCCUPIED,OCCUPIED,0.8295080734924838
825.0,cctv3,C3_S006,G026,OCCUPIED,OCCUPIED,0.8274377064271408
825.0,cctv3,C3_S007,G027,OCCUPIED,OCCUPIED,0.7711319733749737
825.0,cctv3,C3_S008,G028,EMPTY,MANEUVERING,0.0689369447644461
825.0,cctv3,C3_S009,G029,EMPTY,MANEUVERING,0.2999778298004107
825.0,cctv3,C3_S010,G007,OCCUPIED,OCCUPIED,0.5752166176616371
825.0,cctv3,C3_S011,G008,OCCUPIED,OCCUPIED,0.806074048172344
825.0,cctv3,C3_S012,G009,OCCUPIED,OCCUPIED,0.8248289858753032
826.0,cctv1,C1_S001,G001,OCCUPIED,OCCUPIED,0.7317777612669902
826.0,cctv1,C1_S002,G002,EMPTY,EMPTY,0.01
826.0,cctv1,C1_S003,G003,OCCUPIED,OCCUPIED,0.837768120657314
826.0,cctv1,C1_S004,G004,OCCUPIED,OCCUPIED,0.788995310664177
826.0,cctv1,C1_S005,G005,OCCUPIED,OCCUPIED,0.7178837068785322
826.0,cctv1,C1_S006,G006,EMPTY,MANEUVERING,0.262009670720859
826.0,cctv2,C2_S001,G007,OCCUPIED,OCCUPIED,0.7895594840699977
826.0,cctv2,C2_S002,G008,OCCUPIED,OCCUPIED,0.8245598961006512
826.0,cctv2,C2_S003,G009,EMPTY,MANEUVERING,0.4667474385892803
826.0,cctv2,C2_S004,G010,OCCUPIED,OCCUPIED,0.7789368045600978
826.0,cctv2,C2_S005,G001,EMPTY,EMPTY,0.01
826.0,cctv2,C2_S006,G003,OCCUPIED,OCCUPIED,0.820571914586154
826.0,cctv2,C2_S007,G004,OCCUPIED,OCCUPIED,0.8044373252175072
826.0,cctv2,C2_S008,G006,OCCUPIED,OCCUPIED,0.777793462574482
826.0,cctv2,C2_S009,G005,OCCUPIED,OCCUPIED,0.7932862850752744
826.0,cctv2,C2_S010,G002,OCCUPIED,OCCUPIED,0.7955699462782253
826.0,cctv2,C2_S011,G017,OCCUPIED,OCCUPIED,0.7881149722771211
826.0,cctv2,C2_S012,G018,EMPTY,EMPTY,0.01
826.0,cctv2,C2_S013,G019,OCCUPIED,OCCUPIED,0.8132181541486221
826.0,cctv2,C2_S014,G020,EMPTY,EMPTY,0.01
826.0,cctv3,C3_S001,G021,OCCUPIED,OCCUPIED,0.794953860748898
826.0,cctv3,C3_S002,G019,EMPTY,EMPTY,0.01
826.0,cctv3,C3_S003,G020,OCCUPIED,OCCUPIED,0.8249063489111987
826.0,cctv3,C3_S004,G024,OCCUPIED,OCCUPIED,0.8287777177312158
826.0,cctv3,C3_S005,G025,OCCUPIED,OCCUPIED,0.8296999115835537
826.0,cctv3,C3_S006,G026,OCCUPIED,OCCUPIED,0.8274516002698379
826.0,cctv3,C3_S007,G027,OCCUPIED,OCCUPIED,0.7712083309888841
826.0,cctv3,C3_S008,G028,EMPTY,EMPTY,0.01
826.0,cctv3,C3_S009,G029,EMPTY,MANEUVERING,0.2615239390107718
826.0,cctv3,C3_S010,G007,OCCUPIED,OCCUPIED,0.6265448881414803
826.0,cctv3,C3_S011,G008,OCCUPIED,OCCUPIED,0.8064028869975698
826.0,cctv3,C3_S012,G009,OCCUPIED,OCCUPIED,0.8246931230480021
827.0,cctv1,C1_S001,G001,OCCUPIED,OCCUPIED,0.7325191685421901
827.0,cctv1,C1_S002,G002,EMPTY,EMPTY,0.01
827.0,cctv1,C1_S003,G003,OCCUPIED,OCCUPIED,0.8378282655369153
827.0,cctv1,C1_S004,G004,OCCUPIED,OCCUPIED,0.7893593205647036
827.0,cctv1,C1_S005,G005,OCCUPIED,OCCUPIED,0.731234813766046
827.0,cctv1,C1_S006,G006,EMPTY,MANEUVERING,0.2158083838021213
827.0,cctv2,C2_S001,G007,OCCUPIED,OCCUPIED,0.7885166972875596
827.0,cctv2,C2_S002,G008,OCCUPIED,OCCUPIED,0.8242378603328359
827.0,cctv2,C2_S003,G009,EMPTY,MANEUVERING,0.4706997622346336
827.0,cctv2,C2_S004,G010,OCCUPIED,OCCUPIED,0.7781097539446571
827.0,cctv2,C2_S005,G001,EMPTY,EMPTY,0.01
827.0,cctv2,C2_S006,G003,OCCUPIED,OCCUPIED,0.8209041484377602
827.0,cctv2,C2_S007,G004,OCCUPIED,OCCUPIED,0.803907968510281
827.0,cctv2,C2_S008,G006,OCCUPIED,OCCUPIED,0.777952828867869
827.0,cctv2,C2_S009,G005,OCCUPIED,OCCUPIED,0.7930406833236868
827.0,cctv2,C2_S010,G002,OCCUPIED,OCCUPIED,0.7939958943562074
827.0,cctv2,C2_S011,G017,OCCUPIED,OCCUPIED,0.788393734260039
827.0,cctv2,C2_S012,G018,EMPTY,EMPTY,0.01
827.0,cctv2,C2_S013,G019,OCCUPIED,OCCUPIED,0.8133246264674447
827.0,cctv2,C2_S014,G020,EMPTY,EMPTY,0.01
827.0,cctv3,C3_S001,G021,OCCUPIED,OCCUPIED,0.7947431358424101
827.0,cctv3,C3_S002,G019,EMPTY,EMPTY,0.01
827.0,cctv3,C3_S003,G020,OCCUPIED,OCCUPIED,0.8253184524449436
827.0,cctv3,C3_S004,G024,OCCUPIED,OCCUPIED,0.8287833690643311
827.0,cctv3,C3_S005,G025,OCCUPIED,OCCUPIED,0.8296560948545283
827.0,cctv3,C3_S006,G026,OCCUPIED,OCCUPIED,0.8274370748888363
827.0,cctv3,C3_S007,G027,OCCUPIED,OCCUPIED,0.771070977097208
827.0,cctv3,C3_S008,G028,EMPTY,EMPTY,0.01
827.0,cctv3,C3_S009,G029,EMPTY,MANEUVERING,0.3429004955193536
827.0,cctv3,C3_S010,G007,OCCUPIED,OCCUPIED,0.5442328574750331
827.0,cctv3,C3_S011,G008,OCCUPIED,OCCUPIED,0.8066061919385737
827.0,cctv3,C3_S012,G009,OCCUPIED,OCCUPIED,0.8238799561153759
828.0,cctv1,C1_S001,G001,OCCUPIED,OCCUPIED,0.7337857795709914
828.0,cctv1,C1_S002,G002,EMPTY,EMPTY,0.01
828.0,cctv1,C1_S003,G003,OCCUPIED,OCCUPIED,0.8378461997617376
828.0,cctv1,C1_S004,G004,OCCUPIED,OCCUPIED,0.7889564812183381
828.0,cctv1,C1_S005,G005,OCCUPIED,OCCUPIED,0.7436203046820381
828.0,cctv1,C1_S006,G006,EMPTY,MANEUVERING,0.1711516600576313
828.0,cctv2,C2_S001,G007,OCCUPIED,OCCUPIED,0.7903862701220946
828.0,cctv2,C2_S002,G008,OCCUPIED,OCCUPIED,0.8239633703773672
828.0,cctv2,C2_S003,G009,EMPTY,MANEUVERING,0.4744916819577867
828.0,cctv2,C2_S004,G010,OCCUPIED,OCCUPIED,0.7751299684697932
828.0,cctv2,C2_S005,G001,EMPTY,EMPTY,0.01
828.0,cctv2,C2_S006,G003,OCCUPIED,OCCUPIED,0.821081625331532
828.0,cctv2,C2_S007,G004,OCCUPIED,OCCUPIED,0.8040337015282024
828.0,cctv2,C2_S008,G006,OCCUPIED,OCCUPIED,0.7781292206861756
828.0,cctv2,C2_S009,G005,OCCUPIED,OCCUPIED,0.7925720997832039
828.0,cctv2,C2_S010,G002,OCCUPIED,OCCUPIED,0.7935809127309106
828.0,cctv2,C2_S011,G017,OCCUPIED,OCCUPIED,0.788299557837573
828.0,cctv2,C2_S012,G018,EMPTY,EMPTY,0.01
828.0,cctv2,C2_S013,G019,OCCUPIED,OCCUPIED,0.8124126437035475
828.0,cctv2,C2_S014,G020,EMPTY,EMPTY,0.01
828.0,cctv3,C3_S001,G021,OCCUPIED,OCCUPIED,0.7943449294025249
828.0,cctv3,C3_S002,G019,EMPTY,EMPTY,0.01
828.0,cctv3,C3_S003,G020,OCCUPIED,OCCUPIED,0.8252870372750543
828.0,cctv3,C3_S004,G024,OCCUPIED,OCCUPIED,0.8284102404659446
828.0,cctv3,C3_S005,G025,OCCUPIED,OCCUPIED,0.8297635319558058
828.0,cctv3,C3_S006,G026,OCCUPIED,OCCUPIED,0.8274884099310096
828.0,cctv3,C3_S007,G027,OCCUPIED,OCCUPIED,0.7695117663253438
828.0,cctv3,C3_S008,G028,EMPTY,EMPTY,0.01
828.0,cctv3,C3_S009,G029,EMPTY,MANEUVERING,0.2868246028843251
828.0,cctv3,C3_S010,G007,OCCUPIED,OCCUPIED,0.6261146137592467
828.0,cctv3,C3_S011,G008,OCCUPIED,OCCUPIED,0.8061716545711864
828.0,cctv3,C3_S012,G009,OCCUPIED,OCCUPIED,0.8238019591028041
829.0,cctv1,C1_S001,G001,OCCUPIED,OCCUPIED,0.7343231609599158
829.0,cctv1,C1_S002,G002,EMPTY,EMPTY,0.01
829.0,cctv1,C1_S003,G003,OCCUPIED,OCCUPIED,0.8379471036520871
829.0,cctv1,C1_S004,G004,OCCUPIED,OCCUPIED,0.7894828501072797
829.0,cctv1,C1_S005,G005,OCCUPIED,OCCUPIED,0.7493539442257449
829.0,cctv1,C1_S006,G006,EMPTY,MANEUVERING,0.1711516600576313
829.0,cctv2,C2_S001,G007,OCCUPIED,OCCUPIED,0.7876160277561709
829.0,cctv2,C2_S002,G008,OCCUPIED,OCCUPIED,0.8235579081557014
829.0,cctv2,C2_S003,G009,EMPTY,MANEUVERING,0.49
829.0,cctv2,C2_S004,G010,OCCUPIED,OCCUPIED,0.7730030982331797
829.0,cctv2,C2_S005,G001,EMPTY,EMPTY,0.01
829.0,cctv2,C2_S006,G003,OCCUPIED,OCCUPIED,0.8212218235839498
829.0,cctv2,C2_S007,G004,OCCUPIED,OCCUPIED,0.8039530125531285
829.0,cctv2,C2_S008,G006,OCCUPIED,OCCUPIED,0.7775017130103978
829.0,cctv2,C2_S009,G005,OCCUPIED,OCCUPIED,0.7920528062365273
829.0,cctv2,C2_S010,G002,OCCUPIED,OCCUPIED,0.7941131613471292
829.0,cctv2,C2_S011,G017,OCCUPIED,OCCUPIED,0.7879744058305568
829.0,cctv2,C2_S012,G018,EMPTY,EMPTY,0.01
829.0,cctv2,C2_S013,G019,OCCUPIED,OCCUPIED,0.812703058665449
829.0,cctv2,C2_S014,G020,EMPTY,EMPTY,0.01
829.0,cctv3,C3_S001,G021,OCCUPIED,OCCUPIED,0.7943263043056835
829.0,cctv3,C3_S002,G019,EMPTY,EMPTY,0.01
829.0,cctv3,C3_S003,G020,OCCUPIED,OCCUPIED,0.8254611012610523
829.0,cctv3,C3_S004,G024,OCCUPIED,OCCUPIED,0.8282296497713436
829.0,cctv3,C3_S005,G025,OCCUPIED,OCCUPIED,0.8298126562075182
829.0,cctv3,C3_S006,G026,OCCUPIED,OCCUPIED,0.8273221316662702
829.0,cctv3,C3_S007,G027,OCCUPIED,OCCUPIED,0.7694224040616643
829.0,cctv3,C3_S008,G028,EMPTY,EMPTY,0.01
829.0,cctv3,C3_S009,G029,EMPTY,MANEUVERING,0.2868246028843251
829.0,cctv3,C3_S010,G007,OCCUPIED,OCCUPIED,0.6251365909454497
829.0,cctv3,C3_S011,G008,OCCUPIED,OCCUPIED,0.805974487012083
829.0,cctv3,C3_S012,G009,OCCUPIED,OCCUPIED,0.8234986329620535
830.0,cctv1,C1_S001,G001,OCCUPIED,OCCUPIED,0.7370223800567064
830.0,cctv1,C1_S002,G002,EMPTY,EMPTY,0.01
830.0,cctv1,C1_S003,G003,OCCUPIED,OCCUPIED,0.8379916713996367
830.0,cctv1,C1_S004,G004,OCCUPIED,OCCUPIED,0.7892700273882259
830.0,cctv1,C1_S005,G005,OCCUPIED,OCCUPIED,0.7604499013857409
830.0,cctv1,C1_S006,G006,EMPTY,MANEUVERING,0.1267033789713274
830.0,cctv2,C2_S001,G007,OCCUPIED,OCCUPIED,0.7891917954791676
830.0,cctv2,C2_S002,G008,OCCUPIED,OCCUPIED,0.8236729139631446
830.0,cctv2,C2_S003,G009,EMPTY,MANEUVERING,0.49
830.0,cctv2,C2_S004,G010,OCCUPIED,OCCUPIED,0.7712835844267499
830.0,cctv2,C2_S005,G001,EMPTY,EMPTY,0.01
830.0,cctv2,C2_S006,G003,OCCUPIED,OCCUPIED,0.8215095441449773
830.0,cctv2,C2_S007,G004,OCCUPIED,OCCUPIED,0.8034266745502299
830.0,cctv2,C2_S008,G006,OCCUPIED,OCCUPIED,0.7768859298391776
830.0,cctv2,C2_S009,G005,OCCUPIED,OCCUPIED,0.7936271190643311
830.0,cctv2,C2_S010,G002,OCCUPIED,OCCUPIED,0.7957650209015067
830.0,cctv2,C2_S011,G017,OCCUPIED,OCCUPIED,0.7886129942807285
830.0,cctv2,C2_S012,G018,EMPTY,EMPTY,0.01
830.0,cctv2,C2_S013,G019,OCCUPIED,OCCUPIED,0.814098611203107
830.0,cctv2,C2_S014,G020,EMPTY,EMPTY,0.01
830.0,cctv3,C3_S001,G021,OCCUPIED,OCCUPIED,0.7937148598107425
830.0,cctv3,C3_S002,G019,EMPTY,EMPTY,0.01
830.0,cctv3,C3_S003,G020,OCCUPIED,OCCUPIED,0.8250117857347836
830.0,cctv3,C3_S004,G024,OCCUPIED,OCCUPIED,0.82794684659351
830.0,cctv3,C3_S005,G025,OCCUPIED,OCCUPIED,0.8299710910428655
830.0,cctv3,C3_S006,G026,OCCUPIED,OCCUPIED,0.827241111072627
830.0,cctv3,C3_S007,G027,OCCUPIED,OCCUPIED,0.7689478046514772
830.0,cctv3,C3_S008,G028,EMPTY,EMPTY,0.01
830.0,cctv3,C3_S009,G029,EMPTY,MANEUVERING,0.3671794297503815
830.0,cctv3,C3_S010,G007,OCCUPIED,OCCUPIED,0.5432535689140295
830.0,cctv3,C3_S011,G008,OCCUPIED,OCCUPIED,0.805739110979167
830.0,cctv3,C3_S012,G009,OCCUPIED,OCCUPIED,0.8228374326770956
831.0,cctv1,C1_S001,G001,OCCUPIED,OCCUPIED,0.740647425773469
831.0,cctv1,C1_S002,G002,EMPTY,EMPTY,0.01
831.0,cctv1,C1_S003,G003,OCCUPIED,OCCUPIED,0.8379855982281945
831.0,cctv1,C1_S004,G004,OCCUPIED,OCCUPIED,0.7895288028500298
831.0,cctv1,C1_S005,G005,OCCUPIED,OCCUPIED,0.7733682505109094
831.0,cctv1,C1_S006,G006,EMPTY,MANEUVERING,0.1114827135692943
831.0,cctv2,C2_S001,G007,OCCUPIED,OCCUPIED,0.790663709694689
831.0,cctv2,C2_S002,G008,OCCUPIED,OCCUPIED,0.8229314603588799
831.0,cctv2,C2_S003,G009,EMPTY,MANEUVERING,0.49
831.0,cctv2,C2_S004,G010,OCCUPIED,OCCUPIED,0.7675319888375023
831.0,cctv2,C2_S005,G001,EMPTY,EMPTY,0.01
831.0,cctv2,C2_S006,G003,OCCUPIED,OCCUPIED,0.822073070569472
831.0,cctv2,C2_S007,G004,OCCUPIED,OCCUPIED,0.8036752202294091
831.0,cctv2,C2_S008,G006,OCCUPIED,OCCUPIED,0.7769444605166262
831.0,cctv2,C2_S009,G005,OCCUPIED,OCCUPIED,0.793823609568856
831.0,cctv2,C2_S010,G002,OCCUPIED,OCCUPIED,0.797946778481657
831.0,cctv2,C2_S011,G017,OCCUPIED,OCCUPIED,0.7886608871546659
831.0,cctv2,C2_S012,G018,EMPTY,EMPTY,0.01
831.0,cctv2,C2_S013,G019,OCCUPIED,OCCUPIED,0.8134439782662826
831.0,cctv2,C2_S014,G020,EMPTY,EMPTY,0.01
831.0,cctv3,C3_S001,G021,OCCUPIED,OCCUPIED,0.7934356914325195
831.0,cctv3,C3_S002,G019,EMPTY,EMPTY,0.01
831.0,cctv3,C3_S003,G020,OCCUPIED,OCCUPIED,0.8249584341591055
831.0,cctv3,C3_S004,G024,OCCUPIED,OCCUPIED,0.8278887962753123
831.0,cctv3,C3_S005,G025,OCCUPIED,OCCUPIED,0.8298700920560144
831.0,cctv3,C3_S006,G026,OCCUPIED,OCCUPIED,0.8271381873976101
831.0,cctv3,C3_S007,G027,OCCUPIED,OCCUPIED,0.7691553304141219
831.0,cctv3,C3_S008,G028,EMPTY,EMPTY,0.01
831.0,cctv3,C3_S009,G029,EMPTY,MANEUVERING,0.2858607095378366
831.0,cctv3,C3_S010,G007,OCCUPIED,OCCUPIED,0.6225703142684968
831.0,cctv3,C3_S011,G008,OCCUPIED,OCCUPIED,0.8049215387214315
831.0,cctv3,C3_S012,G009,OCCUPIED,OCCUPIED,0.8226392605087974
832.0,cctv1,C1_S001,G001,OCCUPIED,OCCUPIED,0.7393964660438626
832.0,cctv1,C1_S002,G002,EMPTY,EMPTY,0.01
832.0,cctv1,C1_S003,G003,OCCUPIED,OCCUPIED,0.8378732144832611
832.0,cctv1,C1_S004,G004,OCCUPIED,OCCUPIED,0.7884235238487071
832.0,cctv1,C1_S005,G005,OCCUPIED,OCCUPIED,0.7728009462356568
832.0,cctv1,C1_S006,G006,EMPTY,MANEUVERING,0.1114827135692943
832.0,cctv2,C2_S001,G007,OCCUPIED,OCCUPIED,0.7890934787013315
832.0,cctv2,C2_S002,G008,OCCUPIED,OCCUPIED,0.822392902861942
832.0,cctv2,C2_S003,G009,EMPTY,MANEUVERING,0.4778930008953267
832.0,cctv2,C2_S004,G010,OCCUPIED,OCCUPIED,0.7640998951413416
832.0,cctv2,C2_S005,G001,EMPTY,EMPTY,0.01
832.0,cctv2,C2_S006,G003,OCCUPIED,OCCUPIED,0.8226595640182496
832.0,cctv2,C2_S007,G004,OCCUPIED,OCCUPIED,0.8034160156141629
832.0,cctv2,C2_S008,G006,OCCUPIED,OCCUPIED,0.7765941193157977
832.0,cctv2,C2_S009,G005,OCCUPIED,OCCUPIED,0.7944552413441919
832.0,cctv2,C2_S010,G002,OCCUPIED,OCCUPIED,0.7992002324624495
832.0,cctv2,C2_S011,G017,OCCUPIED,OCCUPIED,0.7886607189070095
832.0,cctv2,C2_S012,G018,EMPTY,EMPTY,0.01
832.0,cctv2,C2_S013,G019,OCCUPIED,OCCUPIED,0.8120416779409756
832.0,cctv2,C2_S014,G020,EMPTY,EMPTY,0.01
832.0,cctv3,C3_S001,G021,OCCUPIED,OCCUPIED,0.7940902317112143
832.0,cctv3,C3_S002,G019,EMPTY,EMPTY,0.01
832.0,cctv3,C3_S003,G020,OCCUPIED,OCCUPIED,0.8262159577824854
832.0,cctv3,C3_S004,G024,OCCUPIED,OCCUPIED,0.8278686406937513
832.0,cctv3,C3_S005,G025,OCCUPIED,OCCUPIED,0.8298093424601989
832.0,cctv3,C3_S006,G026,OCCUPIED,OCCUPIED,0.8270093869079244
832.0,cctv3,C3_S007,G027,OCCUPIED,OCCUPIED,0.7686210425062614
832.0,cctv3,C3_S008,G028,EMPTY,EMPTY,0.01
832.0,cctv3,C3_S009,G029,EMPTY,MANEUVERING,0.2858607095378366
832.0,cctv3,C3_S010,G007,OCCUPIED,OCCUPIED,0.5410457309151625
832.0,cctv3,C3_S011,G008,OCCUPIED,OCCUPIED,0.8051177561283113
832.0,cctv3,C3_S012,G009,OCCUPIED,OCCUPIED,0.8227490677074953
833.0,cctv1,C1_S001,G001,OCCUPIED,OCCUPIED,0.7404238333756274
833.0,cctv1,C1_S002,G002,EMPTY,EMPTY,0.01
833.0,cctv1,C1_S003,G003,OCCUPIED,OCCUPIED,0.8380238749764183
833.0,cctv1,C1_S004,G004,OCCUPIED,OCCUPIED,0.7876930120316419
833.0,cctv1,C1_S005,G005,OCCUPIED,OCCUPIED,0.7719871949065816
833.0,cctv1,C1_S006,G006,EMPTY,EMPTY,0.01
833.0,cctv2,C2_S001,G007,OCCUPIED,OCCUPIED,0.7877703921361403
833.0,cctv2,C2_S002,G008,OCCUPIED,OCCUPIED,0.8224390677430413
833.0,cctv2,C2_S003,G009,EMPTY,MANEUVERING,0.49
833.0,cctv2,C2_S004,G010,OCCUPIED,OCCUPIED,0.764352927424691
833.0,cctv2,C2_S005,G001,EMPTY,EMPTY,0.01
833.0,cctv2,C2_S006,G003,OCCUPIED,OCCUPIED,0.8229391810568897
833.0,cctv2,C2_S007,G004,OCCUPIED,OCCUPIED,0.8029721035198732
833.0,cctv2,C2_S008,G006,OCCUPIED,OCCUPIED,0.7770213789560578
833.0,cctv2,C2_S009,G005,OCCUPIED,OCCUPIED,0.7941211177544161
833.0,cctv2,C2_S010,G002,OCCUPIED,OCCUPIED,0.8000264137983323
833.0,cctv2,C2_S011,G017,OCCUPIED,OCCUPIED,0.7889106260104614
833.0,cctv2,C2_S012,G018,EMPTY,EMPTY,0.01
833.0,cctv2,C2_S013,G019,OCCUPIED,OCCUPIED,0.8105340960350904
833.0,cctv2,C2_S014,G020,EMPTY,EMPTY,0.01
833.0,cctv3,C3_S001,G021,OCCUPIED,OCCUPIED,0.7934803380207582
833.0,cctv3,C3_S002,G019,EMPTY,EMPTY,0.01
833.0,cctv3,C3_S003,G020,OCCUPIED,OCCUPIED,0.8259982103651221
833.0,cctv3,C3_S004,G024,OCCUPIED,OCCUPIED,0.8279089242219926
833.0,cctv3,C3_S005,G025,OCCUPIED,OCCUPIED,0.8298016875982285
833.0,cctv3,C3_S006,G026,OCCUPIED,OCCUPIED,0.8268298390236768
833.0,cctv3,C3_S007,G027,OCCUPIED,OCCUPIED,0.7680120672691952
833.0,cctv3,C3_S008,G028,EMPTY,EMPTY,0.01
833.0,cctv3,C3_S009,G029,EMPTY,MANEUVERING,0.2858607095378366
833.0,cctv3,C3_S010,G007,OCCUPIED,OCCUPIED,0.541029251933872
833.0,cctv3,C3_S011,G008,OCCUPIED,OCCUPIED,0.803694937716831
833.0,cctv3,C3_S012,G009,OCCUPIED,OCCUPIED,0.8225285535508937
834.0,cctv1,C1_S001,G001,OCCUPIED,OCCUPIED,0.741220489482988
834.0,cctv1,C1_S002,G002,EMPTY,EMPTY,0.01
834.0,cctv1,C1_S003,G003,OCCUPIED,OCCUPIED,0.8379785098812798
834.0,cctv1,C1_S004,G004,OCCUPIED,OCCUPIED,0.787980512326414
834.0,cctv1,C1_S005,G005,OCCUPIED,OCCUPIED,0.7746056482195854
834.0,cctv1,C1_S006,G006,EMPTY,EMPTY,0.01
834.0,cctv2,C2_S001,G007,OCCUPIED,OCCUPIED,0.7880682441321287
834.0,cctv2,C2_S002,G008,OCCUPIED,OCCUPIED,0.8237293159419841
834.0,cctv2,C2_S003,G009,EMPTY,MANEUVERING,0.4258087552880699
834.0,cctv2,C2_S004,G010,OCCUPIED,OCCUPIED,0.7655670976096934
834.0,cctv2,C2_S005,G001,EMPTY,EMPTY,0.01
834.0,cctv2,C2_S006,G003,OCCUPIED,OCCUPIED,0.8234751725738699
834.0,cctv2,C2_S007,G004,OCCUPIED,OCCUPIED,0.8036373515020718
834.0,cctv2,C2_S008,G006,OCCUPIED,OCCUPIED,0.7769408834251491
834.0,cctv2,C2_S009,G005,OCCUPIED,OCCUPIED,0.793831400979649
834.0,cctv2,C2_S010,G002,OCCUPIED,OCCUPIED,0.8013382407751951
834.0,cctv2,C2_S011,G017,OCCUPIED,OCCUPIED,0.7884028887206859
834.0,cctv2,C2_S012,G018,EMPTY,EMPTY,0.01
834.0,cctv2,C2_S013,G019,OCCUPIED,OCCUPIED,0.8120932243087076
834.0,cctv2,C2_S014,G020,EMPTY,EMPTY,0.01
834.0,cctv3,C3_S001,G021,OCCUPIED,OCCUPIED,0.793596024946733
834.0,cctv3,C3_S002,G019,EMPTY,EMPTY,0.01
834.0,cctv3,C3_S003,G020,OCCUPIED,OCCUPIED,0.826395014741204
834.0,cctv3,C3_S004,G024,OCCUPIED,OCCUPIED,0.8279291440140117
834.0,cctv3,C3_S005,G025,OCCUPIED,OCCUPIED,0.8297716102816842
834.0,cctv3,C3_S006,G026,OCCUPIED,OCCUPIED,0.8265581068667499
834.0,cctv3,C3_S007,G027,OCCUPIED,OCCUPIED,0.7683005705475808
834.0,cctv3,C3_S008,G028,EMPTY,EMPTY,0.01
834.0,cctv3,C3_S009,G029,EMPTY,MANEUVERING,0.2408607095378366
834.0,cctv3,C3_S010,G007,OCCUPIED,OCCUPIED,0.5861937454265433
834.0,cctv3,C3_S011,G008,OCCUPIED,OCCUPIED,0.8034725069999695
834.0,cctv3,C3_S012,G009,OCCUPIED,OCCUPIED,0.8220901050350884
835.0,cctv1,C1_S001,G001,OCCUPIED,OCCUPIED,0.7416681999509985
835.0,cctv1,C1_S002,G002,EMPTY,EMPTY,0.01
835.0,cctv1,C1_S003,G003,OCCUPIED,OCCUPIED,0.8380203547802839
835.0,cctv1,C1_S004,G004,OCCUPIED,OCCUPIED,0.787756753509695
835.0,cctv1,C1_S005,G005,OCCUPIED,OCCUPIED,0.77402308461341
835.0,cctv1,C1_S006,G006,EMPTY,EMPTY,0.01
835.0,cctv2,C2_S001,G007,OCCUPIED,OCCUPIED,0.7896745906634765
835.0,cctv2,C2_S002,G008,OCCUPIED,OCCUPIED,0.8236455074765466
835.0,cctv2,C2_S003,G009,EMPTY,MANEUVERING,0.4704553928768092
835.0,cctv2,C2_S004,G010,OCCUPIED,OCCUPIED,0.7674013957381249
835.0,cctv2,C2_S005,G001,EMPTY,EMPTY,0.01
835.0,cctv2,C2_S006,G003,OCCUPIED,OCCUPIED,0.8239646789702503
835.0,cctv2,C2_S007,G004,OCCUPIED,OCCUPIED,0.8053694237362256
835.0,cctv2,C2_S008,G006,OCCUPIED,OCCUPIED,0.7780256821350618
835.0,cctv2,C2_S009,G005,OCCUPIED,OCCUPIED,0.793060473149473
835.0,cctv2,C2_S010,G002,OCCUPIED,OCCUPIED,0.8011182337999344
835.0,cctv2,C2_S011,G017,OCCUPIED,OCCUPIED,0.7878349846059627
835.0,cctv2,C2_S012,G018,EMPTY,EMPTY,0.01
835.0,cctv2,C2_S013,G019,OCCUPIED,OCCUPIED,0.8145589953119106
835.0,cctv2,C2_S014,G020,EMPTY,EMPTY,0.01
835.0,cctv3,C3_S001,G021,OCCUPIED,OCCUPIED,0.7936177638444034
835.0,cctv3,C3_S002,G019,EMPTY,EMPTY,0.01
835.0,cctv3,C3_S003,G020,OCCUPIED,OCCUPIED,0.8264023843136701
835.0,cctv3,C3_S004,G024,OCCUPIED,OCCUPIED,0.8280976241285152
835.0,cctv3,C3_S005,G025,OCCUPIED,OCCUPIED,0.829666982184757
835.0,cctv3,C3_S006,G026,OCCUPIED,OCCUPIED,0.8264080640944569
835.0,cctv3,C3_S007,G027,OCCUPIED,OCCUPIED,0.7686868590387432
835.0,cctv3,C3_S008,G028,EMPTY,EMPTY,0.01
835.0,cctv3,C3_S009,G029,EMPTY,MANEUVERING,0.2834802412140098
835.0,cctv3,C3_S010,G007,OCCUPIED,OCCUPIED,0.5411937454265434
835.0,cctv3,C3_S011,G008,OCCUPIED,OCCUPIED,0.8027228978547184
835.0,cctv3,C3_S012,G009,OCCUPIED,OCCUPIED,0.8210819000547583
836.0,cctv1,C1_S001,G001,OCCUPIED,OCCUPIED,0.7428273356773637
836.0,cctv1,C1_S002,G002,EMPTY,EMPTY,0.01
836.0,cctv1,C1_S003,G003,OCCUPIED,OCCUPIED,0.8380078613758087
836.0,cctv1,C1_S004,G004,OCCUPIED,OCCUPIED,0.7877885515039618
836.0,cctv1,C1_S005,G005,OCCUPIED,OCCUPIED,0.7746996385130016
836.0,cctv1,C1_S006,G006,EMPTY,EMPTY,0.01
836.0,cctv2,C2_S001,G007,OCCUPIED,OCCUPIED,0.7907682061195375
836.0,cctv2,C2_S002,G008,OCCUPIED,OCCUPIED,0.8244285930286754
836.0,cctv2,C2_S003,G009,EMPTY,MANEUVERING,0.4704553928768092
836.0,cctv2,C2_S004,G010,OCCUPIED,OCCUPIED,0.7670188310471449
836.0,cctv2,C2_S005,G001,EMPTY,EMPTY,0.01
836.0,cctv2,C2_S006,G003,OCCUPIED,OCCUPIED,0.8243339191783559
836.0,cctv2,C2_S007,G004,OCCUPIED,OCCUPIED,0.8061069800095125
836.0,cctv2,C2_S008,G006,OCCUPIED,OCCUPIED,0.777894099463116
836.0,cctv2,C2_S009,G005,OCCUPIED,OCCUPIED,0.7919011037458074
836.0,cctv2,C2_S010,G002,OCCUPIED,OCCUPIED,0.8016387579115956
836.0,cctv2,C2_S011,G017,OCCUPIED,OCCUPIED,0.7865567835894498
836.0,cctv2,C2_S012,G018,EMPTY,EMPTY,0.01
836.0,cctv2,C2_S013,G019,OCCUPIED,OCCUPIED,0.8143856197595597
836.0,cctv2,C2_S014,G020,EMPTY,EMPTY,0.01
836.0,cctv3,C3_S001,G021,OCCUPIED,OCCUPIED,0.7936550115997142
836.0,cctv3,C3_S002,G019,EMPTY,EMPTY,0.01
836.0,cctv3,C3_S003,G020,OCCUPIED,OCCUPIED,0.825440800189972
836.0,cctv3,C3_S004,G024,OCCUPIED,OCCUPIED,0.8281281557950108
836.0,cctv3,C3_S005,G025,OCCUPIED,OCCUPIED,0.8296472598205914
836.0,cctv3,C3_S006,G026,OCCUPIED,OCCUPIED,0.8263596632263878
836.0,cctv3,C3_S007,G027,OCCUPIED,OCCUPIED,0.7699465987357227
836.0,cctv3,C3_S008,G028,EMPTY,EMPTY,0.01
836.0,cctv3,C3_S009,G029,EMPTY,MANEUVERING,0.2834802412140098
836.0,cctv3,C3_S010,G007,OCCUPIED,OCCUPIED,0.5867715826553184
836.0,cctv3,C3_S011,G008,OCCUPIED,LEAVING,0.7880492977391591
836.0,cctv3,C3_S012,G009,OCCUPIED,OCCUPIED,0.8214313439347528
837.0,cctv1,C1_S001,G001,OCCUPIED,OCCUPIED,0.7437969150191004
837.0,cctv1,C1_S002,G002,EMPTY,EMPTY,0.01
837.0,cctv1,C1_S003,G003,OCCUPIED,OCCUPIED,0.8380461430007762
837.0,cctv1,C1_S004,G004,OCCUPIED,OCCUPIED,0.7872775451703505
837.0,cctv1,C1_S005,G005,OCCUPIED,OCCUPIED,0.7741519102996046
837.0,cctv1,C1_S006,G006,EMPTY,EMPTY,0.01
837.0,cctv2,C2_S001,G007,OCCUPIED,OCCUPIED,0.7925739399411462
837.0,cctv2,C2_S002,G008,OCCUPIED,OCCUPIED,0.8253042521801862
837.0,cctv2,C2_S003,G009,EMPTY,MANEUVERING,0.4254553928768093
837.0,cctv2,C2_S004,G010,OCCUPIED,OCCUPIED,0.7699945586648855
837.0,cctv2,C2_S005,G001,EMPTY,EMPTY,0.01
837.0,cctv2,C2_S006,G003,OCCUPIED,OCCUPIED,0.8245984435081483
837.0,cctv2,C2_S007,G004,OCCUPIED,OCCUPIED,0.8058831618590789
837.0,cctv2,C2_S008,G006,OCCUPIED,OCCUPIED,0.7789928103035147
837.0,cctv2,C2_S009,G005,OCCUPIED,OCCUPIED,0.7902841836214066
837.0,cctv2,C2_S010,G002,OCCUPIED,OCCUPIED,0.8019364506006241
837.0,cctv2,C2_S011,G017,OCCUPIED,OCCUPIED,0.7855114747177472
837.0,cctv2,C2_S012,G018,EMPTY,EMPTY,0.01
837.0,cctv2,C2_S013,G019,OCCUPIED,OCCUPIED,0.8148286898027768
837.0,cctv2,C2_S014,G020,EMPTY,EMPTY,0.01
837.0,cctv3,C3_S001,G021,OCCUPIED,OCCUPIED,0.7940066557038915
837.0,cctv3,C3_S002,G019,EMPTY,EMPTY,0.01
837.0,cctv3,C3_S003,G020,OCCUPIED,OCCUPIED,0.8253369702534243
837.0,cctv3,C3_S004,G024,OCCUPIED,OCCUPIED,0.8282268610867588
837.0,cctv3,C3_S005,G025,OCCUPIED,OCCUPIED,0.8295982566746799
837.0,cctv3,C3_S006,G026,OCCUPIED,OCCUPIED,0.8263207029212606
837.0,cctv3,C3_S007,G027,OCCUPIED,OCCUPIED,0.7699677130038088
837.0,cctv3,C3_S008,G028,EMPTY,MANEUVERING,0.1573557287048209
837.0,cctv3,C3_S009,G029,EMPTY,MANEUVERING,0.2834802412140098
837.0,cctv3,C3_S010,G007,OCCUPIED,OCCUPIED,0.5785936710586795
837.0,cctv3,C3_S011,G008,OCCUPIED,LEAVING,0.6947382787818258
837.0,cctv3,C3_S012,G009,OCCUPIED,OCCUPIED,0.8215452297167345
838.0,cctv1,C1_S001,G001,OCCUPIED,OCCUPIED,0.7450747805562887
838.0,cctv1,C1_S002,G002,EMPTY,EMPTY,0.01
838.0,cctv1,C1_S003,G003,OCCUPIED,OCCUPIED,0.8380876018242402
838.0,cctv1,C1_S004,G004,OCCUPIED,OCCUPIED,0.7877202746543018
838.0,cctv1,C1_S005,G005,OCCUPIED,OCCUPIED,0.775678186389533
838.0,cctv1,C1_S006,G006,EMPTY,EMPTY,0.01
838.0,cctv2,C2_S001,G007,OCCUPIED,OCCUPIED,0.794898860021071
838.0,cctv2,C2_S002,G008,OCCUPIED,OCCUPIED,0.8261233646761288
838.0,cctv2,C2_S003,G009,EMPTY,MANEUVERING,0.4662139397656376
838.0,cctv2,C2_S004,G010,OCCUPIED,OCCUPIED,0.7717705959623511
838.0,cctv2,C2_S005,G001,EMPTY,EMPTY,0.01
838.0,cctv2,C2_S006,G003,OCCUPIED,OCCUPIED,0.8247869190844623
838.0,cctv2,C2_S007,G004,OCCUPIED,OCCUPIED,0.8063259661197663
838.0,cctv2,C2_S008,G006,OCCUPIED,OCCUPIED,0.7786989312280309
838.0,cctv2,C2_S009,G005,OCCUPIED,OCCUPIED,0.7883691188963977
838.0,cctv2,C2_S010,G002,OCCUPIED,OCCUPIED,0.801664470542561
838.0,cctv2,C2_S011,G017,OCCUPIED,OCCUPIED,0.7844007565216585
838.0,cctv2,C2_S012,G018,EMPTY,EMPTY,0.01
838.0,cctv2,C2_S013,G019,OCCUPIED,OCCUPIED,0.8145336069843987
838.0,cctv2,C2_S014,G020,EMPTY,EMPTY,0.01
838.0,cctv3,C3_S001,G021,OCCUPIED,OCCUPIED,0.7940144202925943
838.0,cctv3,C3_S002,G019,EMPTY,EMPTY,0.01
838.0,cctv3,C3_S003,G020,OCCUPIED,OCCUPIED,0.8252843542532489
838.0,cctv3,C3_S004,G024,OCCUPIED,OCCUPIED,0.8283261247656563
838.0,cctv3,C3_S005,G025,OCCUPIED,OCCUPIED,0.8295652752572841
838.0,cctv3,C3_S006,G026,OCCUPIED,OCCUPIED,0.8261841386556625
838.0,cctv3,C3_S007,G027,OCCUPIED,OCCUPIED,0.6886439979482781
838.0,cctv3,C3_S008,G028,EMPTY,MANEUVERING,0.1573557287048209
838.0,cctv3,C3_S009,G029,EMPTY,MANEUVERING,0.2460689156621017
838.0,cctv3,C3_S010,G007,OCCUPIED,LEAVING,0.5335936710586796
838.0,cctv3,C3_S011,G008,OCCUPIED,LEAVING,0.6920105714554137
838.0,cctv3,C3_S012,G009,OCCUPIED,OCCUPIED,0.8223934474316511
839.0,cctv1,C1_S001,G001,OCCUPIED,OCCUPIED,0.7447338494387541
839.0,cctv1,C1_S002,G002,EMPTY,EMPTY,0.01
839.0,cctv1,C1_S003,G003,OCCUPIED,OCCUPIED,0.8380585486238654
839.0,cctv1,C1_S004,G004,OCCUPIED,OCCUPIED,0.7873956818472256
839.0,cctv1,C1_S005,G005,OCCUPIED,OCCUPIED,0.7753393652764234
839.0,cctv1,C1_S006,G006,EMPTY,EMPTY,0.01
839.0,cctv2,C2_S001,G007,OCCUPIED,OCCUPIED,0.7963329648429698
839.0,cctv2,C2_S002,G008,OCCUPIED,OCCUPIED,0.8270290198651228
839.0,cctv2,C2_S003,G009,EMPTY,MANEUVERING,0.3832776568288152
839.0,cctv2,C2_S004,G010,OCCUPIED,OCCUPIED,0.7753141858360985
839.0,cctv2,C2_S005,G001,EMPTY,EMPTY,0.01
839.0,cctv2,C2_S006,G003,OCCUPIED,OCCUPIED,0.8246930905363777
839.0,cctv2,C2_S007,G004,OCCUPIED,OCCUPIED,0.8058588285337795
839.0,cctv2,C2_S008,G006,OCCUPIED,OCCUPIED,0.7780502690510317
839.0,cctv2,C2_S009,G005,OCCUPIED,OCCUPIED,0.7866017024625432
839.0,cctv2,C2_S010,G002,OCCUPIED,OCCUPIED,0.8009099423885346
839.0,cctv2,C2_S011,G017,OCCUPIED,OCCUPIED,0.7845211616971277
839.0,cctv2,C2_S012,G018,EMPTY,EMPTY,0.01
839.0,cctv2,C2_S013,G019,OCCUPIED,OCCUPIED,0.8148044808344408
839.0,cctv2,C2_S014,G020,EMPTY,EMPTY,0.01
839.0,cctv3,C3_S001,G021,OCCUPIED,OCCUPIED,0.794199052182111
839.0,cctv3,C3_S002,G019,EMPTY,EMPTY,0.01
839.0,cctv3,C3_S003,G020,OCCUPIED,OCCUPIED,0.824463666569103
839.0,cctv3,C3_S004,G024,OCCUPIED,OCCUPIED,0.8285020248456435
839.0,cctv3,C3_S005,G025,OCCUPIED,OCCUPIED,0.8295540433038365
839.0,cctv3,C3_S006,G026,OCCUPIED,OCCUPIED,0.8263260039416227
839.0,cctv3,C3_S007,G027,OCCUPIED,OCCUPIED,0.6856296956945549
839.0,cctv3,C3_S008,G028,EMPTY,MANEUVERING,0.1573557287048209
839.0,cctv3,C3_S009,G029,EMPTY,MANEUVERING,0.2010689156621017
839.0,cctv3,C3_S010,G007,OCCUPIED,LEAVING,0.51
839.0,cctv3,C3_S011,G008,OCCUPIED,LEAVING,0.6917196832055396
839.0,cctv3,C3_S012,G009,OCCUPIED,OCCUPIED,0.8226309765468944
840.0,cctv1,C1_S001,G001,OCCUPIED,OCCUPIED,0.7451322942294858
840.0,cctv1,C1_S002,G002,EMPTY,EMPTY,0.01
840.0,cctv1,C1_S003,G003,OCCUPIED,OCCUPIED,0.8380041591145776
840.0,cctv1,C1_S004,G004,OCCUPIED,OCCUPIED,0.7865145631811836
840.0,cctv1,C1_S005,G005,OCCUPIED,OCCUPIED,0.7702748336575249
840.0,cctv1,C1_S006,G006,EMPTY,EMPTY,0.01
840.0,cctv2,C2_S001,G007,OCCUPIED,OCCUPIED,0.7986750965768641
840.0,cctv2,C2_S002,G008,OCCUPIED,OCCUPIED,0.8272239416837692
840.0,cctv2,C2_S003,G009,EMPTY,MANEUVERING,0.343413904780014
840.0,cctv2,C2_S004,G010,OCCUPIED,OCCUPIED,0.7748974493958734
840.0,cctv2,C2_S005,G001,EMPTY,EMPTY,0.01
840.0,cctv2,C2_S006,G003,OCCUPIED,OCCUPIED,0.8249523195353422
840.0,cctv2,C2_S007,G004,OCCUPIED,OCCUPIED,0.8057561430064115
840.0,cctv2,C2_S008,G006,OCCUPIED,OCCUPIED,0.7784789636731149
840.0,cctv2,C2_S009,G005,OCCUPIED,OCCUPIED,0.7854175193743272
840.0,cctv2,C2_S010,G002,OCCUPIED,OCCUPIED,0.7996295029466803
840.0,cctv2,C2_S011,G017,OCCUPIED,OCCUPIED,0.7827279383485968
840.0,cctv2,C2_S012,G018,EMPTY,EMPTY,0.01
840.0,cctv2,C2_S013,G019,OCCUPIED,OCCUPIED,0.8131266469305213
840.0,cctv2,C2_S014,G020,EMPTY,EMPTY,0.01
840.0,cctv3,C3_S001,G021,OCCUPIED,OCCUPIED,0.7938048747452824
840.0,cctv3,C3_S002,G019,EMPTY,EMPTY,0.01
840.0,cctv3,C3_S003,G020,OCCUPIED,OCCUPIED,0.8248662791468881
840.0,cctv3,C3_S004,G024,OCCUPIED,OCCUPIED,0.828719083016569
840.0,cctv3,C3_S005,G025,OCCUPIED,OCCUPIED,0.8294263945384459
840.0,cctv3,C3_S006,G026,OCCUPIED,OCCUPIED,0.8263634272597054
840.0,cctv3,C3_S007,G027,OCCUPIED,OCCUPIED,0.681219555999745
840.0,cctv3,C3_S008,G028,EMPTY,MANEUVERING,0.1373557287048209
840.0,cctv3,C3_S009,G029,EMPTY,MANEUVERING,0.2010689156621017
840.0,cctv3,C3_S010,G007,OCCUPIED,LEAVING,0.51
840.0,cctv3,C3_S011,G008,OCCUPIED,LEAVING,0.6924809924716299
840.0,cctv3,C3_S012,G009,OCCUPIED,OCCUPIED,0.8229317537762902
841.0,cctv1,C1_S001,G001,OCCUPIED,OCCUPIED,0.743465147506107
841.0,cctv1,C1_S002,G002,EMPTY,EMPTY,0.01
841.0,cctv1,C1_S003,G003,OCCUPIED,OCCUPIED,0.83797965510325
841.0,cctv1,C1_S004,G004,OCCUPIED,OCCUPIED,0.7868677296421746
841.0,cctv1,C1_S005,G005,OCCUPIED,OCCUPIED,0.7716454010118139
841.0,cctv1,C1_S006,G006,EMPTY,EMPTY,0.01
841.0,cctv2,C2_S001,G007,OCCUPIED,OCCUPIED,0.8001042417504571
841.0,cctv2,C2_S002,G008,OCCUPIED,OCCUPIED,0.823509493470192
841.0,cctv2,C2_S003,G009,EMPTY,MANEUVERING,0.3065748466822233
841.0,cctv2,C2_S004,G010,OCCUPIED,OCCUPIED,0.7750567449764773
841.0,cctv2,C2_S005,G001,EMPTY,EMPTY,0.01
841.0,cctv2,C2_S006,G003,OCCUPIED,OCCUPIED,0.8247326449914413
841.0,cctv2,C2_S007,G004,OCCUPIED,OCCUPIED,0.8060035832903603
841.0,cctv2,C2_S008,G006,OCCUPIED,OCCUPIED,0.7785670189694925
841.0,cctv2,C2_S009,G005,OCCUPIED,OCCUPIED,0.7839837307279761
841.0,cctv2,C2_S010,G002,OCCUPIED,OCCUPIED,0.7987945215268569
841.0,cctv2,C2_S011,G017,OCCUPIED,OCCUPIED,0.7819714944471013
841.0,cctv2,C2_S012,G018,EMPTY,EMPTY,0.01
841.0,cctv2,C2_S013,G019,OCCUPIED,OCCUPIED,0.8124836385250093
841.0,cctv2,C2_S014,G020,EMPTY,EMPTY,0.01
841.0,cctv3,C3_S001,G021,OCCUPIED,OCCUPIED,0.7952903828837655
841.0,cctv3,C3_S002,G019,EMPTY,EMPTY,0.01
841.0,cctv3,C3_S003,G020,OCCUPIED,OCCUPIED,0.825017937746915
841.0,cctv3,C3_S004,G024,OCCUPIED,OCCUPIED,0.8291108675978401
841.0,cctv3,C3_S005,G025,OCCUPIED,OCCUPIED,0.8293142814527859
841.0,cctv3,C3_S006,G026,OCCUPIED,OCCUPIED,0.8264175721190193
841.0,cctv3,C3_S007,G027,OCCUPIED,OCCUPIED,0.676701151620258
841.0,cctv3,C3_S008,G028,EMPTY,MANEUVERING,0.0923557287048209
841.0,cctv3,C3_S009,G029,EMPTY,MANEUVERING,0.084348466430198
841.0,cctv3,C3_S010,G007,OCCUPIED,LEAVING,0.51
841.0,cctv3,C3_S011,G008,OCCUPIED,LEAVING,0.738583842610771
841.0,cctv3,C3_S012,G009,OCCUPIED,OCCUPIED,0.8231538390571421
842.0,cctv1,C1_S001,G001,OCCUPIED,OCCUPIED,0.7405770273371177
842.0,cctv1,C1_S002,G002,EMPTY,EMPTY,0.01
842.0,cctv1,C1_S003,G003,OCCUPIED,OCCUPIED,0.8379922606728294
842.0,cctv1,C1_S004,G004,OCCUPIED,OCCUPIED,0.7860081344842912
842.0,cctv1,C1_S005,G005,OCCUPIED,OCCUPIED,0.7714725358919664
842.0,cctv1,C1_S006,G006,EMPTY,EMPTY,0.01
842.0,cctv2,C2_S001,G007,OCCUPIED,OCCUPIED,0.7200051971186291
842.0,cctv2,C2_S002,G008,OCCUPIED,LEAVING,0.8221656059676952
842.0,cctv2,C2_S003,G009,EMPTY,MANEUVERING,0.2615748466822233
842.0,cctv2,C2_S004,G010,OCCUPIED,OCCUPIED,0.7787566877224229
842.0,cctv2,C2_S005,G001,EMPTY,EMPTY,0.01
842.0,cctv2,C2_S006,G003,OCCUPIED,OCCUPIED,0.8241248645565727
842.0,cctv2,C2_S007,G004,OCCUPIED,OCCUPIED,0.8058031848885797
842.0,cctv2,C2_S008,G006,OCCUPIED,OCCUPIED,0.7790702932260254
842.0,cctv2,C2_S009,G005,OCCUPIED,OCCUPIED,0.7845388504591856
842.0,cctv2,C2_S010,G002,OCCUPIED,OCCUPIED,0.7973999735983937
842.0,cctv2,C2_S011,G017,OCCUPIED,OCCUPIED,0.7825581431388856
842.0,cctv2,C2_S012,G018,EMPTY,EMPTY,0.01
842.0,cctv2,C2_S013,G019,OCCUPIED,OCCUPIED,0.8136790503155102
842.0,cctv2,C2_S014,G020,EMPTY,EMPTY,0.01
842.0,cctv3,C3_S001,G021,OCCUPIED,OCCUPIED,0.7958714192563838
842.0,cctv3,C3_S002,G019,EMPTY,EMPTY,0.01
842.0,cctv3,C3_S003,G020,OCCUPIED,OCCUPIED,0.8255919865586542
842.0,cctv3,C3_S004,G024,OCCUPIED,OCCUPIED,0.8291516168551012
842.0,cctv3,C3_S005,G025,OCCUPIED,OCCUPIED,0.8293641811067408
842.0,cctv3,C3_S006,G026,OCCUPIED,OCCUPIED,0.8266515672206879
842.0,cctv3,C3_S007,G027,OCCUPIED,OCCUPIED,0.7208022991229188
842.0,cctv3,C3_S008,G028,EMPTY,MANEUVERING,0.082355728704821
842.0,cctv3,C3_S009,G029,EMPTY,MANEUVERING,0.074348466430198
842.0,cctv3,C3_S010,G007,OCCUPIED,LEAVING,0.51
842.0,cctv3,C3_S011,G008,OCCUPIED,LEAVING,0.738941528593952
842.0,cctv3,C3_S012,G009,OCCUPIED,OCCUPIED,0.8230904682116076
843.0,cctv1,C1_S001,G001,OCCUPIED,OCCUPIED,0.7408671244978905
843.0,cctv1,C1_S002,G002,EMPTY,EMPTY,0.01
843.0,cctv1,C1_S003,G003,OCCUPIED,OCCUPIED,0.8380138451402839
843.0,cctv1,C1_S004,G004,OCCUPIED,OCCUPIED,0.7853642848404971
843.0,cctv1,C1_S005,G005,OCCUPIED,OCCUPIED,0.7676453824747693
843.0,cctv1,C1_S006,G006,EMPTY,EMPTY,0.01
843.0,cctv2,C2_S001,G007,OCCUPIED,OCCUPIED,0.720575873743404
843.0,cctv2,C2_S002,G008,OCCUPIED,LEAVING,0.8227780997753144
843.0,cctv2,C2_S003,G009,EMPTY,MANEUVERING,0.350411317595704
843.0,cctv2,C2_S004,G010,OCCUPIED,OCCUPIED,0.7815254938873378
843.0,cctv2,C2_S005,G001,EMPTY,EMPTY,0.01
843.0,cctv2,C2_S006,G003,OCCUPIED,OCCUPIED,0.8233946843580767
843.0,cctv2,C2_S007,G004,OCCUPIED,OCCUPIED,0.8066447255286304
843.0,cctv2,C2_S008,G006,OCCUPIED,OCCUPIED,0.7795795325528492
843.0,cctv2,C2_S009,G005,OCCUPIED,OCCUPIED,0.7840626575730064
843.0,cctv2,C2_S010,G002,OCCUPIED,OCCUPIED,0.7982535695487804
843.0,cctv2,C2_S011,G017,OCCUPIED,OCCUPIED,0.7815592559901151
843.0,cctv2,C2_S012,G018,EMPTY,EMPTY,0.01
843.0,cctv2,C2_S013,G019,OCCUPIED,OCCUPIED,0.8142219928177921
843.0,cctv2,C2_S014,G020,EMPTY,EMPTY,0.01
843.0,cctv3,C3_S001,G021,OCCUPIED,OCCUPIED,0.7960723102092744
843.0,cctv3,C3_S002,G019,EMPTY,EMPTY,0.01
843.0,cctv3,C3_S003,G020,OCCUPIED,OCCUPIED,0.825105476921255
843.0,cctv3,C3_S004,G024,OCCUPIED,OCCUPIED,0.8293148178945888
843.0,cctv3,C3_S005,G025,OCCUPIED,OCCUPIED,0.8293375475840136
843.0,cctv3,C3_S006,G026,OCCUPIED,OCCUPIED,0.8266961447217248
843.0,cctv3,C3_S007,G027,OCCUPIED,OCCUPIED,0.7201171105016362
843.0,cctv3,C3_S008,G028,EMPTY,MANEUVERING,0.082355728704821
843.0,cctv3,C3_S009,G029,EMPTY,MANEUVERING,0.074348466430198
843.0,cctv3,C3_S010,G007,OCCUPIED,LEAVING,0.51
843.0,cctv3,C3_S011,G008,OCCUPIED,LEAVING,0.7388438032025642
843.0,cctv3,C3_S012,G009,OCCUPIED,OCCUPIED,0.8231096037409523
844.0,cctv1,C1_S001,G001,OCCUPIED,OCCUPIED,0.7392309207130563
844.0,cctv1,C1_S002,G002,EMPTY,EMPTY,0.01
844.0,cctv1,C1_S003,G003,OCCUPIED,OCCUPIED,0.8380522446198897
844.0,cctv1,C1_S004,G004,OCCUPIED,OCCUPIED,0.7844718488779936
844.0,cctv1,C1_S005,G005,OCCUPIED,LEAVING,0.7549525165016002
844.0,cctv1,C1_S006,G006,EMPTY,MANEUVERING,0.1542968706109307
844.0,cctv2,C2_S001,G007,OCCUPIED,OCCUPIED,0.7194035132635723
844.0,cctv2,C2_S002,G008,OCCUPIED,LEAVING,0.8225029262629423
844.0,cctv2,C2_S003,G009,EMPTY,MANEUVERING,0.3214296973022547
844.0,cctv2,C2_S004,G010,OCCUPIED,OCCUPIED,0.7810314334251665
844.0,cctv2,C2_S005,G001,EMPTY,EMPTY,0.01
844.0,cctv2,C2_S006,G003,OCCUPIED,OCCUPIED,0.8229891953143207
844.0,cctv2,C2_S007,G004,OCCUPIED,OCCUPIED,0.8070409828966315
844.0,cctv2,C2_S008,G006,OCCUPIED,OCCUPIED,0.7793619119308213
844.0,cctv2,C2_S009,G005,OCCUPIED,OCCUPIED,0.7822037054733797
844.0,cctv2,C2_S010,G002,OCCUPIED,OCCUPIED,0.7981330538337882
844.0,cctv2,C2_S011,G017,OCCUPIED,OCCUPIED,0.7790965353900736
844.0,cctv2,C2_S012,G018,EMPTY,MANEUVERING,0.2871924025904048
844.0,cctv2,C2_S013,G019,OCCUPIED,OCCUPIED,0.8170942647890612
844.0,cctv2,C2_S014,G020,EMPTY,EMPTY,0.01
844.0,cctv3,C3_S001,G021,OCCUPIED,OCCUPIED,0.79735288457437
844.0,cctv3,C3_S002,G019,EMPTY,EMPTY,0.01
844.0,cctv3,C3_S003,G020,OCCUPIED,OCCUPIED,0.82578399208459
844.0,cctv3,C3_S004,G024,OCCUPIED,OCCUPIED,0.8296162681146102
844.0,cctv3,C3_S005,G025,OCCUPIED,OCCUPIED,0.8292033022100276
844.0,cctv3,C3_S006,G026,OCCUPIED,OCCUPIED,0.8267712360078638
844.0,cctv3,C3_S007,G027,OCCUPIED,OCCUPIED,0.7211572662402284
844.0,cctv3,C3_S008,G028,EMPTY,MANEUVERING,0.0763557287048209
844.0,cctv3,C3_S009,G029,EMPTY,MANEUVERING,0.1755407205826857
844.0,cctv3,C3_S010,G007,OCCUPIED,OCCUPIED,0.51
844.0,cctv3,C3_S011,G008,OCCUPIED,LEAVING,0.7396808464283293
844.0,cctv3,C3_S012,G009,OCCUPIED,OCCUPIED,0.8233521323312414
845.0,cctv1,C1_S001,G001,OCCUPIED,OCCUPIED,0.7388082941824741
845.0,cctv1,C1_S002,G002,EMPTY,EMPTY,0.01
845.0,cctv1,C1_S003,G003,OCCUPIED,OCCUPIED,0.8380683264949106
845.0,cctv1,C1_S004,G004,OCCUPIED,OCCUPIED,0.7830119420181622
845.0,cctv1,C1_S005,G005,OCCUPIED,LEAVING,0.741518349728801
845.0,cctv1,C1_S006,G006,EMPTY,MANEUVERING,0.2424580039219422
845.0,cctv2,C2_S001,G007,OCCUPIED,OCCUPIED,0.7167722009528767
845.0,cctv2,C2_S002,G008,OCCUPIED,LEAVING,0.8211969196796418
845.0,cctv2,C2_S003,G009,EMPTY,MANEUVERING,0.3979251894964413
845.0,cctv2,C2_S004,G010,OCCUPIED,OCCUPIED,0.7817491437901151
845.0,cctv2,C2_S005,G001,EMPTY,EMPTY,0.01
845.0,cctv2,C2_S006,G003,OCCUPIED,OCCUPIED,0.822391414642334
845.0,cctv2,C2_S007,G004,OCCUPIED,OCCUPIED,0.8065630156885495
845.0,cctv2,C2_S008,G006,OCCUPIED,OCCUPIED,0.7790021321990274
845.0,cctv2,C2_S009,G005,OCCUPIED,OCCUPIED,0.7828756256537005
845.0,cctv2,C2_S010,G002,OCCUPIED,OCCUPIED,0.7982845133001155
845.0,cctv2,C2_S011,G017,OCCUPIED,OCCUPIED,0.7801474013111809
845.0,cctv2,C2_S012,G018,EMPTY,MANEUVERING,0.2871924025904048
845.0,cctv2,C2_S013,G019,OCCUPIED,OCCUPIED,0.8150808239525016
845.0,cctv2,C2_S014,G020,EMPTY,EMPTY,0.01
845.0,cctv3,C3_S001,G021,OCCUPIED,OCCUPIED,0.7975154532627626
845.0,cctv3,C3_S002,G019,EMPTY,EMPTY,0.01
845.0,cctv3,C3_S003,G020,OCCUPIED,OCCUPIED,0.8260969546708194
845.0,cctv3,C3_S004,G024,OCCUPIED,OCCUPIED,0.8297429756684738
845.0,cctv3,C3_S005,G025,OCCUPIED,OCCUPIED,0.8291152087124912
845.0,cctv3,C3_S006,G026,OCCUPIED,OCCUPIED,0.8269950029524891
845.0,cctv3,C3_S007,G027,OCCUPIED,OCCUPIED,0.7214072020758282
845.0,cctv3,C3_S008,G028,EMPTY,MANEUVERING,0.0763557287048209
845.0,cctv3,C3_S009,G029,EMPTY,MANEUVERING,0.1755407205826857
845.0,cctv3,C3_S010,G007,OCCUPIED,OCCUPIED,0.51
845.0,cctv3,C3_S011,G008,OCCUPIED,LEAVING,0.6468436748421553
845.0,cctv3,C3_S012,G009,OCCUPIED,OCCUPIED,0.8235981331630187
846.0,cctv1,C1_S001,G001,OCCUPIED,OCCUPIED,0.7387933146547188
846.0,cctv1,C1_S002,G002,EMPTY,EMPTY,0.01
846.0,cctv1,C1_S003,G003,OCCUPIED,OCCUPIED,0.837894044681029
846.0,cctv1,C1_S004,G004,OCCUPIED,OCCUPIED,0.7813562619415197
846.0,cctv1,C1_S005,G005,OCCUPIED,LEAVING,0.739804863171144
846.0,cctv1,C1_S006,G006,EMPTY,MANEUVERING,0.2424580039219422
846.0,cctv2,C2_S001,G007,OCCUPIED,OCCUPIED,0.7599959196556698
846.0,cctv2,C2_S002,G008,OCCUPIED,LEAVING,0.8213499015027828
846.0,cctv2,C2_S003,G009,EMPTY,MANEUVERING,0.359210265007886
846.0,cctv2,C2_S004,G010,OCCUPIED,OCCUPIED,0.7818429593335499
846.0,cctv2,C2_S005,G001,EMPTY,EMPTY,0.01
846.0,cctv2,C2_S006,G003,OCCUPIED,OCCUPIED,0.8216207119551573
846.0,cctv2,C2_S007,G004,OCCUPIED,OCCUPIED,0.8058345732363789
846.0,cctv2,C2_S008,G006,OCCUPIED,OCCUPIED,0.7786569079214877
846.0,cctv2,C2_S009,G005,OCCUPIED,OCCUPIED,0.7831804497675463
846.0,cctv2,C2_S010,G002,OCCUPIED,OCCUPIED,0.7989561506293037
846.0,cctv2,C2_S011,G017,OCCUPIED,OCCUPIED,0.7815588235855103
846.0,cctv2,C2_S012,G018,EMPTY,MANEUVERING,0.2871924025904048
846.0,cctv2,C2_S013,G019,OCCUPIED,OCCUPIED,0.8132455338131298
846.0,cctv2,C2_S014,G020,EMPTY,EMPTY,0.01
846.0,cctv3,C3_S001,G021,OCCUPIED,OCCUPIED,0.7988688398491253
846.0,cctv3,C3_S002,G019,EMPTY,EMPTY,0.01
846.0,cctv3,C3_S003,G020,OCCUPIED,OCCUPIED,0.8264122645963323
846.0,cctv3,C3_S004,G024,OCCUPIED,OCCUPIED,0.8298256893049587
846.0,cctv3,C3_S005,G025,OCCUPIED,OCCUPIED,0.829079155759378
846.0,cctv3,C3_S006,G026,OCCUPIED,OCCUPIED,0.82703998522325
846.0,cctv3,C3_S007,G027,OCCUPIED,OCCUPIED,0.7180569446493279
846.0,cctv3,C3_S008,G028,EMPTY,MANEUVERING,0.0763557287048209
846.0,cctv3,C3_S009,G029,EMPTY,MANEUVERING,0.1170057020079005
846.0,cctv3,C3_S010,G007,OCCUPIED,OCCUPIED,0.51
846.0,cctv3,C3_S011,G008,OCCUPIED,LEAVING,0.6357909128972978
846.0,cctv3,C3_S012,G009,OCCUPIED,OCCUPIED,0.8245735769922083
847.0,cctv1,C1_S001,G001,OCCUPIED,OCCUPIED,0.737568804553964
847.0,cctv1,C1_S002,G002,EMPTY,EMPTY,0.01
847.0,cctv1,C1_S003,G003,OCCUPIED,OCCUPIED,0.8378947209228169
847.0,cctv1,C1_S004,G004,OCCUPIED,OCCUPIED,0.7796751415187663
847.0,cctv1,C1_S005,G005,OCCUPIED,LEAVING,0.7389764682000334
847.0,cctv1,C1_S006,G006,EMPTY,MANEUVERING,0.2424580039219422
847.0,cctv2,C2_S001,G007,OCCUPIED,OCCUPIED,0.7577091871608388
847.0,cctv2,C2_S002,G008,OCCUPIED,LEAVING,0.821321966702288
847.0,cctv2,C2_S003,G009,EMPTY,MANEUVERING,0.3142102650078859
847.0,cctv2,C2_S004,G010,OCCUPIED,OCCUPIED,0.7840243893590841
847.0,cctv2,C2_S005,G001,EMPTY,EMPTY,0.01
847.0,cctv2,C2_S006,G003,OCCUPIED,OCCUPIED,0.8214012414216996
847.0,cctv2,C2_S007,G004,OCCUPIED,OCCUPIED,0.8052890013564717
847.0,cctv2,C2_S008,G006,OCCUPIED,OCCUPIED,0.7787338393655691
847.0,cctv2,C2_S009,G005,OCCUPIED,OCCUPIED,0.7835257476026363
847.0,cctv2,C2_S010,G002,OCCUPIED,OCCUPIED,0.798585825345733
847.0,cctv2,C2_S011,G017,OCCUPIED,OCCUPIED,0.7812750808217309
847.0,cctv2,C2_S012,G018,EMPTY,MANEUVERING,0.2871924025904048
847.0,cctv2,C2_S013,G019,OCCUPIED,OCCUPIED,0.8122912331060931
847.0,cctv2,C2_S014,G020,EMPTY,EMPTY,0.01
847.0,cctv3,C3_S001,G021,OCCUPIED,OCCUPIED,0.7992751026695426
847.0,cctv3,C3_S002,G019,EMPTY,EMPTY,0.01
847.0,cctv3,C3_S003,G020,OCCUPIED,OCCUPIED,0.8270437882705168
847.0,cctv3,C3_S004,G024,OCCUPIED,OCCUPIED,0.8301049381494523
847.0,cctv3,C3_S005,G025,OCCUPIED,OCCUPIED,0.8290900447151879
847.0,cctv3,C3_S006,G026,OCCUPIED,OCCUPIED,0.8271333301609214
847.0,cctv3,C3_S007,G027,OCCUPIED,OCCUPIED,0.7181377712298523
847.0,cctv3,C3_S008,G028,EMPTY,MANEUVERING,0.0723557287048209
847.0,cctv3,C3_S009,G029,EMPTY,MANEUVERING,0.1130057020079005
847.0,cctv3,C3_S010,G007,OCCUPIED,OCCUPIED,0.51
847.0,cctv3,C3_S011,G008,OCCUPIED,LEAVING,0.6409362803805959
847.0,cctv3,C3_S012,G009,OCCUPIED,OCCUPIED,0.8242585352875971
848.0,cctv1,C1_S001,G001,OCCUPIED,OCCUPIED,0.73645547343926
848.0,cctv1,C1_S002,G002,EMPTY,EMPTY,0.01
848.0,cctv1,C1_S003,G003,OCCUPIED,OCCUPIED,0.837881997498599
848.0,cctv1,C1_S004,G004,OCCUPIED,OCCUPIED,0.7782517318021168
848.0,cctv1,C1_S005,G005,OCCUPIED,LEAVING,0.7401290158521046
848.0,cctv1,C1_S006,G006,EMPTY,MANEUVERING,0.1974580039219423
848.0,cctv2,C2_S001,G007,OCCUPIED,OCCUPIED,0.754621227871288
848.0,cctv2,C2_S002,G008,OCCUPIED,OCCUPIED,0.8212229029698805
848.0,cctv2,C2_S003,G009,EMPTY,MANEUVERING,0.3952720220996575
848.0,cctv2,C2_S004,G010,OCCUPIED,OCCUPIED,0.7825706605206837
848.0,cctv2,C2_S005,G001,EMPTY,EMPTY,0.01
848.0,cctv2,C2_S006,G003,OCCUPIED,OCCUPIED,0.8211401698264209
848.0,cctv2,C2_S007,G004,OCCUPIED,OCCUPIED,0.8054423765702682
848.0,cctv2,C2_S008,G006,OCCUPIED,OCCUPIED,0.7785926421934909
848.0,cctv2,C2_S009,G005,OCCUPIED,OCCUPIED,0.7837567475709049
848.0,cctv2,C2_S010,G002,OCCUPIED,OCCUPIED,0.7983097683299673
848.0,cctv2,C2_S011,G017,OCCUPIED,OCCUPIED,0.7820546047254042
848.0,cctv2,C2_S012,G018,EMPTY,MANEUVERING,0.2421924025904048
848.0,cctv2,C2_S013,G019,OCCUPIED,OCCUPIED,0.810037495602261
848.0,cctv2,C2_S014,G020,EMPTY,EMPTY,0.01
848.0,cctv3,C3_S001,G021,OCCUPIED,OCCUPIED,0.7992767315019261
848.0,cctv3,C3_S002,G019,EMPTY,EMPTY,0.01
848.0,cctv3,C3_S003,G020,OCCUPIED,OCCUPIED,0.8267950881611218
848.0,cctv3,C3_S004,G024,OCCUPIED,OCCUPIED,0.8303148608316075
848.0,cctv3,C3_S005,G025,OCCUPIED,OCCUPIED,0.8289212533018806
848.0,cctv3,C3_S006,G026,OCCUPIED,OCCUPIED,0.8269621215083383
848.0,cctv3,C3_S007,G027,OCCUPIED,OCCUPIED,0.7152951947260987
848.0,cctv3,C3_S008,G028,EMPTY,EMPTY,0.01
848.0,cctv3,C3_S009,G029,EMPTY,MANEUVERING,0.0680057020079005
848.0,cctv3,C3_S010,G007,OCCUPIED,OCCUPIED,0.5156084250861949
848.0,cctv3,C3_S011,G008,OCCUPIED,LEAVING,0.6748239150643348
848.0,cctv3,C3_S012,G009,OCCUPIED,OCCUPIED,0.8238296500661157
849.0,cctv1,C1_S001,G001,OCCUPIED,OCCUPIED,0.7341783994978125
849.0,cctv1,C1_S002,G002,EMPTY,EMPTY,0.01
849.0,cctv1,C1_S003,G003,OCCUPIED,OCCUPIED,0.8378520055250689
849.0,cctv1,C1_S004,G004,OCCUPIED,OCCUPIED,0.7768753798170523
849.0,cctv1,C1_S005,G005,OCCUPIED,LEAVING,0.738564498370344
849.0,cctv1,C1_S006,G006,EMPTY,MANEUVERING,0.1524580039219422
849.0,cctv2,C2_S001,G007,OCCUPIED,OCCUPIED,0.7527540581334722
849.0,cctv2,C2_S002,G008,OCCUPIED,OCCUPIED,0.8207710108973764
849.0,cctv2,C2_S003,G009,EMPTY,MANEUVERING,0.39256805813448
849.0,cctv2,C2_S004,G010,OCCUPIED,OCCUPIED,0.7802233411507173
849.0,cctv2,C2_S005,G001,EMPTY,EMPTY,0.01
849.0,cctv2,C2_S006,G003,OCCUPIED,OCCUPIED,0.820816505226222
849.0,cctv2,C2_S007,G004,OCCUPIED,OCCUPIED,0.8055104477839037
849.0,cctv2,C2_S008,G006,OCCUPIED,OCCUPIED,0.7781506295908582
849.0,cctv2,C2_S009,G005,OCCUPIED,OCCUPIED,0.7855776822025127
849.0,cctv2,C2_S010,G002,OCCUPIED,OCCUPIED,0.7978453665971756
849.0,cctv2,C2_S011,G017,OCCUPIED,OCCUPIED,0.7830881053751166
849.0,cctv2,C2_S012,G018,EMPTY,MANEUVERING,0.2421924025904048
849.0,cctv2,C2_S013,G019,OCCUPIED,OCCUPIED,0.809063636714762
849.0,cctv2,C2_S014,G020,EMPTY,EMPTY,0.01
849.0,cctv3,C3_S001,G021,OCCUPIED,OCCUPIED,0.7992127144878561
849.0,cctv3,C3_S002,G019,EMPTY,EMPTY,0.01
849.0,cctv3,C3_S003,G020,OCCUPIED,OCCUPIED,0.8261408656835556
849.0,cctv3,C3_S004,G024,OCCUPIED,OCCUPIED,0.8302165001630784
849.0,cctv3,C3_S005,G025,OCCUPIED,OCCUPIED,0.8289922863245011
849.0,cctv3,C3_S006,G026,OCCUPIED,OCCUPIED,0.8271317379041152
849.0,cctv3,C3_S007,G027,OCCUPIED,OCCUPIED,0.7524693707173522
849.0,cctv3,C3_S008,G028,EMPTY,MANEUVERING,0.210206696760248
849.0,cctv3,C3_S009,G029,EMPTY,MANEUVERING,0.1539295673834813
849.0,cctv3,C3_S010,G007,OCCUPIED,OCCUPIED,0.51
849.0,cctv3,C3_S011,G008,OCCUPIED,LEAVING,0.7110252443226901
849.0,cctv3,C3_S012,G009,OCCUPIED,OCCUPIED,0.8236565411090851
850.0,cctv1,C1_S001,G001,OCCUPIED,OCCUPIED,0.7330789807167921
850.0,cctv1,C1_S002,G002,EMPTY,EMPTY,0.01
850.0,cctv1,C1_S003,G003,OCCUPIED,OCCUPIED,0.837870386784727
850.0,cctv1,C1_S004,G004,OCCUPIED,OCCUPIED,0.7759644207629292
850.0,cctv1,C1_S005,G005,OCCUPIED,LEAVING,0.7247532877867873
850.0,cctv1,C1_S006,G006,EMPTY,MANEUVERING,0.2356038362736051
850.0,cctv2,C2_S001,G007,OCCUPIED,OCCUPIED,0.7501399164308201
850.0,cctv2,C2_S002,G008,OCCUPIED,OCCUPIED,0.8201349315318195
850.0,cctv2,C2_S003,G009,EMPTY,MANEUVERING,0.4722900536114519
850.0,cctv2,C2_S004,G010,OCCUPIED,OCCUPIED,0.7804438089782542
850.0,cctv2,C2_S005,G001,EMPTY,EMPTY,0.01
850.0,cctv2,C2_S006,G003,OCCUPIED,OCCUPIED,0.8207010743292896
850.0,cctv2,C2_S007,G004,OCCUPIED,OCCUPIED,0.805671664801511
850.0,cctv2,C2_S008,G006,OCCUPIED,OCCUPIED,0.7775597308169713
850.0,cctv2,C2_S009,G005,OCCUPIED,OCCUPIED,0.7849997193975883
850.0,cctv2,C2_S010,G002,OCCUPIED,OCCUPIED,0.7982585698366166
850.0,cctv2,C2_S011,G017,OCCUPIED,OCCUPIED,0.7824826007539576
850.0,cctv2,C2_S012,G018,EMPTY,MANEUVERING,0.2421924025904048
850.0,cctv2,C2_S013,G019,OCCUPIED,OCCUPIED,0.8084338938648051
850.0,cctv2,C2_S014,G020,EMPTY,EMPTY,0.01
850.0,cctv3,C3_S001,G021,OCCUPIED,OCCUPIED,0.7996409112756904
850.0,cctv3,C3_S002,G019,EMPTY,EMPTY,0.01
850.0,cctv3,C3_S003,G020,OCCUPIED,OCCUPIED,0.8265040546655655
850.0,cctv3,C3_S004,G024,OCCUPIED,OCCUPIED,0.8304755284027621
850.0,cctv3,C3_S005,G025,OCCUPIED,OCCUPIED,0.8288599436933345
850.0,cctv3,C3_S006,G026,OCCUPIED,OCCUPIED,0.8268756113269113
850.0,cctv3,C3_S007,G027,OCCUPIED,OCCUPIED,0.754792596128854
850.0,cctv3,C3_S008,G028,EMPTY,MANEUVERING,0.150206696760248
850.0,cctv3,C3_S009,G029,EMPTY,MANEUVERING,0.2300832394781438
850.0,cctv3,C3_S010,G007,OCCUPIED,OCCUPIED,0.51
850.0,cctv3,C3_S011,G008,OCCUPIED,LEAVING,0.7112686717781154
850.0,cctv3,C3_S012,G009,OCCUPIED,OCCUPIED,0.8234490031545814
851.0,cctv1,C1_S001,G001,OCCUPIED,OCCUPIED,0.7321732202714141
851.0,cctv1,C1_S002,G002,EMPTY,EMPTY,0.01
851.0,cctv1,C1_S003,G003,OCCUPIED,OCCUPIED,0.837789275971326
851.0,cctv1,C1_S004,G004,OCCUPIED,OCCUPIED,0.7759435645558618
851.0,cctv1,C1_S005,G005,OCCUPIED,LEAVING,0.7248324308341201
851.0,cctv1,C1_S006,G006,EMPTY,MANEUVERING,0.2356038362736051
851.0,cctv2,C2_S001,G007,OCCUPIED,OCCUPIED,0.748062558959831
851.0,cctv2,C2_S002,G008,OCCUPIED,LEAVING,0.8198717783797872
851.0,cctv2,C2_S003,G009,EMPTY,MANEUVERING,0.4722900536114519
851.0,cctv2,C2_S004,G010,OCCUPIED,OCCUPIED,0.7827012263915756
851.0,cctv2,C2_S005,G001,EMPTY,EMPTY,0.01
851.0,cctv2,C2_S006,G003,OCCUPIED,OCCUPIED,0.8205110763961619
851.0,cctv2,C2_S007,G004,OCCUPIED,OCCUPIED,0.806048413569277
851.0,cctv2,C2_S008,G006,OCCUPIED,OCCUPIED,0.7771046481349252
851.0,cctv2,C2_S009,G005,OCCUPIED,OCCUPIED,0.7862626293843443
851.0,cctv2,C2_S010,G002,OCCUPIED,OCCUPIED,0.7990799280730161
851.0,cctv2,C2_S011,G017,OCCUPIED,OCCUPIED,0.783500848575072
851.0,cctv2,C2_S012,G018,EMPTY,MANEUVERING,0.2421924025904048
851.0,cctv2,C2_S013,G019,OCCUPIED,OCCUPIED,0.810701048103246
851.0,cctv2,C2_S014,G020,EMPTY,EMPTY,0.01
851.0,cctv3,C3_S001,G021,OCCUPIED,OCCUPIED,0.8003634796901183
851.0,cctv3,C3_S002,G019,EMPTY,EMPTY,0.01
851.0,cctv3,C3_S003,G020,OCCUPIED,OCCUPIED,0.8262792953036049
851.0,cctv3,C3_S004,G024,OCCUPIED,OCCUPIED,0.8306668601252817
851.0,cctv3,C3_S005,G025,OCCUPIED,OCCUPIED,0.8288874298334122
851.0,cctv3,C3_S006,G026,OCCUPIED,OCCUPIED,0.8267828060822053
851.0,cctv3,C3_S007,G027,OCCUPIED,OCCUPIED,0.7584231995046139
851.0,cctv3,C3_S008,G028,EMPTY,MANEUVERING,0.150206696760248
851.0,cctv3,C3_S009,G029,EMPTY,MANEUVERING,0.2300832394781438
851.0,cctv3,C3_S010,G007,OCCUPIED,OCCUPIED,0.51
851.0,cctv3,C3_S011,G008,OCCUPIED,OCCUPIED,0.7347800283540379
851.0,cctv3,C3_S012,G009,OCCUPIED,OCCUPIED,0.8233050522479145
852.0,cctv1,C1_S001,G001,OCCUPIED,OCCUPIED,0.731604375961152
852.0,cctv1,C1_S002,G002,EMPTY,EMPTY,0.01
852.0,cctv1,C1_S003,G003,OCCUPIED,OCCUPIED,0.837804234569723
852.0,cctv1,C1_S004,G004,OCCUPIED,OCCUPIED,0.7749985776164315
852.0,cctv1,C1_S005,G005,OCCUPIED,LEAVING,0.7102503883296795
852.0,cctv1,C1_S006,G006,EMPTY,MANEUVERING,0.322501133185896
852.0,cctv2,C2_S001,G007,OCCUPIED,OCCUPIED,0.7456980406154287
852.0,cctv2,C2_S002,G008,OCCUPIED,LEAVING,0.8234114042737268
852.0,cctv2,C2_S003,G009,EMPTY,MANEUVERING,0.49
852.0,cctv2,C2_S004,G010,OCCUPIED,OCCUPIED,0.7845111525871538
852.0,cctv2,C2_S005,G001,EMPTY,EMPTY,0.01
852.0,cctv2,C2_S006,G003,OCCUPIED,OCCUPIED,0.8203674376010895
852.0,cctv2,C2_S007,G004,OCCUPIED,OCCUPIED,0.8061468400738456
852.0,cctv2,C2_S008,G006,OCCUPIED,OCCUPIED,0.7764382155104117
852.0,cctv2,C2_S009,G005,OCCUPIED,OCCUPIED,0.7877199816432867
852.0,cctv2,C2_S010,G002,OCCUPIED,OCCUPIED,0.7996294923804024
852.0,cctv2,C2_S011,G017,OCCUPIED,OCCUPIED,0.7847780319777402
852.0,cctv2,C2_S012,G018,EMPTY,MANEUVERING,0.2421924025904048
852.0,cctv2,C2_S013,G019,OCCUPIED,OCCUPIED,0.8106713633645666
852.0,cctv2,C2_S014,G020,EMPTY,EMPTY,0.01
852.0,cctv3,C3_S001,G021,OCCUPIED,OCCUPIED,0.7986282936551354
852.0,cctv3,C3_S002,G019,EMPTY,EMPTY,0.01
852.0,cctv3,C3_S003,G020,OCCUPIED,OCCUPIED,0.8262978253039448
852.0,cctv3,C3_S004,G024,OCCUPIED,OCCUPIED,0.8306043792854656
852.0,cctv3,C3_S005,G025,OCCUPIED,OCCUPIED,0.8289384649558501
852.0,cctv3,C3_S006,G026,OCCUPIED,OCCUPIED,0.826780811494047
852.0,cctv3,C3_S007,G027,OCCUPIED,OCCUPIED,0.7613855906508187
852.0,cctv3,C3_S008,G028,EMPTY,MANEUVERING,0.150206696760248
852.0,cctv3,C3_S009,G029,EMPTY,MANEUVERING,0.3183474824870514
852.0,cctv3,C3_S010,G007,OCCUPIED,OCCUPIED,0.51
852.0,cctv3,C3_S011,G008,OCCUPIED,OCCUPIED,0.7359218985745402
852.0,cctv3,C3_S012,G009,OCCUPIED,OCCUPIED,0.8230575152418831
853.0,cctv1,C1_S001,G001,OCCUPIED,OCCUPIED,0.7307441338219427
853.0,cctv1,C1_S002,G002,EMPTY,EMPTY,0.01
853.0,cctv1,C1_S003,G003,OCCUPIED,OCCUPIED,0.8378174237229608
853.0,cctv1,C1_S004,G004,OCCUPIED,OCCUPIED,0.7756137568842282
853.0,cctv1,C1_S005,G005,OCCUPIED,LEAVING,0.6992859276858243
853.0,cctv1,C1_S006,G006,EMPTY,MANEUVERING,0.4119309408556331
853.0,cctv2,C2_S001,G007,OCCUPIED,OCCUPIED,0.7818425590341742
853.0,cctv2,C2_S002,G008,OCCUPIED,LEAVING,0.8255515957420523
853.0,cctv2,C2_S003,G009,EMPTY,MANEUVERING,0.4677263625508004
853.0,cctv2,C2_S004,G010,OCCUPIED,OCCUPIED,0.7830865809863264
853.0,cctv2,C2_S005,G001,EMPTY,EMPTY,0.01
853.0,cctv2,C2_S006,G003,OCCUPIED,OCCUPIED,0.8205648498101669
853.0,cctv2,C2_S007,G004,OCCUPIED,OCCUPIED,0.8059399807995017
853.0,cctv2,C2_S008,G006,OCCUPIED,OCCUPIED,0.7750734531066635
853.0,cctv2,C2_S009,G005,OCCUPIED,OCCUPIED,0.787595474313606
853.0,cctv2,C2_S010,G002,OCCUPIED,OCCUPIED,0.8002888069911437
853.0,cctv2,C2_S011,G017,OCCUPIED,OCCUPIED,0.7860592671416023
853.0,cctv2,C2_S012,G018,EMPTY,MANEUVERING,0.2421924025904048
853.0,cctv2,C2_S013,G019,OCCUPIED,OCCUPIED,0.8100542382760482
853.0,cctv2,C2_S014,G020,EMPTY,EMPTY,0.01
853.0,cctv3,C3_S001,G021,OCCUPIED,OCCUPIED,0.7975572128187527
853.0,cctv3,C3_S002,G019,EMPTY,EMPTY,0.01
853.0,cctv3,C3_S003,G020,OCCUPIED,OCCUPIED,0.8264032539996234
853.0,cctv3,C3_S004,G024,OCCUPIED,OCCUPIED,0.8306946583769539
853.0,cctv3,C3_S005,G025,OCCUPIED,OCCUPIED,0.8289440837773411
853.0,cctv3,C3_S006,G026,OCCUPIED,OCCUPIED,0.8265836089849472
853.0,cctv3,C3_S007,G027,OCCUPIED,OCCUPIED,0.7619264422492548
853.0,cctv3,C3_S008,G028,EMPTY,MANEUVERING,0.085206696760248
853.0,cctv3,C3_S009,G029,EMPTY,MANEUVERING,0.3544237028042024
853.0,cctv3,C3_S010,G007,OCCUPIED,OCCUPIED,0.51
853.0,cctv3,C3_S011,G008,OCCUPIED,OCCUPIED,0.7486742797403625
853.0,cctv3,C3_S012,G009,OCCUPIED,OCCUPIED,0.8228925171223554
854.0,cctv1,C1_S001,G001,OCCUPIED,OCCUPIED,0.7303914546289227
854.0,cctv1,C1_S002,G002,EMPTY,EMPTY,0.01
854.0,cctv1,C1_S003,G003,OCCUPIED,OCCUPIED,0.8378059430555864
854.0,cctv1,C1_S004,G004,OCCUPIED,OCCUPIED,0.7757100368087942
854.0,cctv1,C1_S005,G005,OCCUPIED,LEAVING,0.7005296988920733
854.0,cctv1,C1_S006,G006,EMPTY,MANEUVERING,0.3669309408556331
854.0,cctv2,C2_S001,G007,OCCUPIED,OCCUPIED,0.7805656844919379
854.0,cctv2,C2_S002,G008,OCCUPIED,LEAVING,0.8250862097198314
854.0,cctv2,C2_S003,G009,EMPTY,MANEUVERING,0.3817965799028223
854.0,cctv2,C2_S004,G010,OCCUPIED,OCCUPIED,0.7848664290525698
854.0,cctv2,C2_S005,G001,EMPTY,EMPTY,0.01
854.0,cctv2,C2_S006,G003,OCCUPIED,OCCUPIED,0.8205990837378936
854.0,cctv2,C2_S007,G004,OCCUPIED,OCCUPIED,0.8052245096726851
854.0,cctv2,C2_S008,G006,OCCUPIED,OCCUPIED,0.773131662607193
854.0,cctv2,C2_S009,G005,OCCUPIED,OCCUPIED,0.7858768716454506
854.0,cctv2,C2_S010,G002,OCCUPIED,OCCUPIED,0.7978747546672822
854.0,cctv2,C2_S011,G017,OCCUPIED,OCCUPIED,0.7856395575133237
854.0,cctv2,C2_S012,G018,EMPTY,MANEUVERING,0.2421924025904048
854.0,cctv2,C2_S013,G019,OCCUPIED,OCCUPIED,0.8124370615590704
854.0,cctv2,C2_S014,G020,EMPTY,EMPTY,0.01
854.0,cctv3,C3_S001,G021,OCCUPIED,OCCUPIED,0.7970860454169187
854.0,cctv3,C3_S002,G019,EMPTY,EMPTY,0.01
854.0,cctv3,C3_S003,G020,OCCUPIED,OCCUPIED,0.8265723916617307
854.0,cctv3,C3_S004,G024,OCCUPIED,OCCUPIED,0.8307115627960726
854.0,cctv3,C3_S005,G025,OCCUPIED,OCCUPIED,0.8288853312080557
854.0,cctv3,C3_S006,G026,OCCUPIED,OCCUPIED,0.8265907184644179
854.0,cctv3,C3_S007,G027,OCCUPIED,OCCUPIED,0.7631310052492403
854.0,cctv3,C3_S008,G028,EMPTY,MANEUVERING,0.085206696760248
854.0,cctv3,C3_S009,G029,EMPTY,MANEUVERING,0.3120903694708691
854.0,cctv3,C3_S010,G007,OCCUPIED,OCCUPIED,0.51
854.0,cctv3,C3_S011,G008,OCCUPIED,OCCUPIED,0.7493087939132344
854.0,cctv3,C3_S012,G009,OCCUPIED,OCCUPIED,0.8228260056539016
855.0,cctv1,C1_S001,G001,OCCUPIED,OCCUPIED,0.729929904775186
855.0,cctv1,C1_S002,G002,EMPTY,EMPTY,0.01
855.0,cctv1,C1_S003,G003,OCCUPIED,OCCUPIED,0.8377249053933404
855.0,cctv1,C1_S004,G004,OCCUPIED,OCCUPIED,0.7759663714603945
855.0,cctv1,C1_S005,G005,OCCUPIED,LEAVING,0.7016381985761903
855.0,cctv1,C1_S006,G006,EMPTY,MANEUVERING,0.3252030947804451
855.0,cctv2,C2_S001,G007,OCCUPIED,OCCUPIED,0.7827791563489221
855.0,cctv2,C2_S002,G008,OCCUPIED,OCCUPIED,0.8253634225238454
855.0,cctv2,C2_S003,G009,EMPTY,MANEUVERING,0.3817965799028223
855.0,cctv2,C2_S004,G010,OCCUPIED,OCCUPIED,0.7855396074327556
855.0,cctv2,C2_S005,G001,EMPTY,EMPTY,0.01
855.0,cctv2,C2_S006,G003,OCCUPIED,OCCUPIED,0.820544599944895
855.0,cctv2,C2_S007,G004,OCCUPIED,OCCUPIED,0.8048674775795503
855.0,cctv2,C2_S008,G006,OCCUPIED,OCCUPIED,0.7721811535683546
855.0,cctv2,C2_S009,G005,OCCUPIED,OCCUPIED,0.7866592525081202
855.0,cctv2,C2_S010,G002,OCCUPIED,OCCUPIED,0.7971545896746897
855.0,cctv2,C2_S011,G017,OCCUPIED,OCCUPIED,0.7868661414493214
855.0,cctv2,C2_S012,G018,EMPTY,EMPTY,0.01
855.0,cctv2,C2_S013,G019,OCCUPIED,OCCUPIED,0.8118353794921529
855.0,cctv2,C2_S014,G020,EMPTY,EMPTY,0.01
855.0,cctv3,C3_S001,G021,OCCUPIED,OCCUPIED,0.7971910953521729
855.0,cctv3,C3_S002,G019,EMPTY,EMPTY,0.01
855.0,cctv3,C3_S003,G020,OCCUPIED,OCCUPIED,0.8264197235757655
855.0,cctv3,C3_S004,G024,OCCUPIED,OCCUPIED,0.8305261831391942
855.0,cctv3,C3_S005,G025,OCCUPIED,OCCUPIED,0.8288632582534444
855.0,cctv3,C3_S006,G026,OCCUPIED,OCCUPIED,0.8265106016939338
855.0,cctv3,C3_S007,G027,OCCUPIED,OCCUPIED,0.7621651271527464
855.0,cctv3,C3_S008,G028,EMPTY,MANEUVERING,0.085206696760248
855.0,cctv3,C3_S009,G029,EMPTY,MANEUVERING,0.2762175969426718
855.0,cctv3,C3_S010,G007,OCCUPIED,OCCUPIED,0.5145036496641316
855.0,cctv3,C3_S011,G008,OCCUPIED,OCCUPIED,0.7609809868444096
855.0,cctv3,C3_S012,G009,OCCUPIED,OCCUPIED,0.8225638847459447
856.0,cctv1,C1_S001,G001,OCCUPIED,OCCUPIED,0.7291497133672238
856.0,cctv1,C1_S002,G002,EMPTY,EMPTY,0.01
856.0,cctv1,C1_S003,G003,OCCUPIED,OCCUPIED,0.8376853208650243
856.0,cctv1,C1_S004,G004,OCCUPIED,OCCUPIED,0.776462372866544
856.0,cctv1,C1_S005,G005,OCCUPIED,LEAVING,0.7036679586948771
856.0,cctv1,C1_S006,G006,EMPTY,MANEUVERING,0.3174279081810153
856.0,cctv2,C2_S001,G007,OCCUPIED,OCCUPIED,0.7834726211699573
856.0,cctv2,C2_S002,G008,OCCUPIED,OCCUPIED,0.8253770351409913
856.0,cctv2,C2_S003,G009,EMPTY,MANEUVERING,0.3844925012642687
856.0,cctv2,C2_S004,G010,OCCUPIED,OCCUPIED,0.7850021374496547
856.0,cctv2,C2_S005,G001,EMPTY,EMPTY,0.01
856.0,cctv2,C2_S006,G003,OCCUPIED,OCCUPIED,0.8207394469868053
856.0,cctv2,C2_S007,G004,OCCUPIED,OCCUPIED,0.8051739394664765
856.0,cctv2,C2_S008,G006,OCCUPIED,OCCUPIED,0.7725072809241036
856.0,cctv2,C2_S009,G005,OCCUPIED,OCCUPIED,0.7865426308729433
856.0,cctv2,C2_S010,G002,OCCUPIED,OCCUPIED,0.7972761920907281
856.0,cctv2,C2_S011,G017,OCCUPIED,OCCUPIED,0.7868176991289313
856.0,cctv2,C2_S012,G018,EMPTY,EMPTY,0.01
856.0,cctv2,C2_S013,G019,OCCUPIED,OCCUPIED,0.8134098947048187
856.0,cctv2,C2_S014,G020,EMPTY,EMPTY,0.01
856.0,cctv3,C3_S001,G021,OCCUPIED,OCCUPIED,0.7976667428558524
856.0,cctv3,C3_S002,G019,EMPTY,EMPTY,0.01
856.0,cctv3,C3_S003,G020,OCCUPIED,OCCUPIED,0.8263823498379101
856.0,cctv3,C3_S004,G024,OCCUPIED,OCCUPIED,0.830504773421721
856.0,cctv3,C3_S005,G025,OCCUPIED,OCCUPIED,0.8288302288814025
856.0,cctv3,C3_S006,G026,OCCUPIED,OCCUPIED,0.8264875428243117
856.0,cctv3,C3_S007,G027,OCCUPIED,OCCUPIED,0.7607501984997229
856.0,cctv3,C3_S008,G028,EMPTY,MANEUVERING,0.085206696760248
856.0,cctv3,C3_S009,G029,EMPTY,MANEUVERING,0.2312175969426718
856.0,cctv3,C3_S010,G007,OCCUPIED,OCCUPIED,0.51
856.0,cctv3,C3_S011,G008,OCCUPIED,OCCUPIED,0.7975643393668262
856.0,cctv3,C3_S012,G009,OCCUPIED,OCCUPIED,0.8222835345701739
857.0,cctv1,C1_S001,G001,OCCUPIED,OCCUPIED,0.7284657082097098
857.0,cctv1,C1_S002,G002,EMPTY,EMPTY,0.01
857.0,cctv1,C1_S003,G003,OCCUPIED,OCCUPIED,0.8377857443961231
857.0,cctv1,C1_S004,G004,OCCUPIED,OCCUPIED,0.7780282046307218
857.0,cctv1,C1_S005,G005,OCCUPIED,LEAVING,0.7036963653203213
857.0,cctv1,C1_S006,G006,EMPTY,MANEUVERING,0.2724279081810153
857.0,cctv2,C2_S001,G007,OCCUPIED,OCCUPIED,0.7863825269720772
857.0,cctv2,C2_S002,G008,OCCUPIED,OCCUPIED,0.8256923044269736
857.0,cctv2,C2_S003,G009,EMPTY,MANEUVERING,0.3844925012642687
857.0,cctv2,C2_S004,G010,OCCUPIED,OCCUPIED,0.7852314126762477
857.0,cctv2,C2_S005,G001,EMPTY,EMPTY,0.01
857.0,cctv2,C2_S006,G003,OCCUPIED,OCCUPIED,0.8209283444014464
857.0,cctv2,C2_S007,G004,OCCUPIED,OCCUPIED,0.805339146473191
857.0,cctv2,C2_S008,G006,OCCUPIED,OCCUPIED,0.7734362059018829
857.0,cctv2,C2_S009,G005,OCCUPIED,OCCUPIED,0.7850705540992997
857.0,cctv2,C2_S010,G002,OCCUPIED,OCCUPIED,0.7953680190173062
857.0,cctv2,C2_S011,G017,OCCUPIED,OCCUPIED,0.785692370208827
857.0,cctv2,C2_S012,G018,EMPTY,EMPTY,0.01
857.0,cctv2,C2_S013,G019,OCCUPIED,OCCUPIED,0.8154849710789595
857.0,cctv2,C2_S014,G020,EMPTY,EMPTY,0.01
857.0,cctv3,C3_S001,G021,OCCUPIED,OCCUPIED,0.7957109947096218
857.0,cctv3,C3_S002,G019,EMPTY,EMPTY,0.01
857.0,cctv3,C3_S003,G020,OCCUPIED,OCCUPIED,0.826370058818297
857.0,cctv3,C3_S004,G024,OCCUPIED,OCCUPIED,0.8303900740363381
857.0,cctv3,C3_S005,G025,OCCUPIED,OCCUPIED,0.8288161993026734
857.0,cctv3,C3_S006,G026,OCCUPIED,OCCUPIED,0.8265246987342835
857.0,cctv3,C3_S007,G027,OCCUPIED,OCCUPIED,0.7619151107289575
857.0,cctv3,C3_S008,G028,EMPTY,MANEUVERING,0.085206696760248
857.0,cctv3,C3_S009,G029,EMPTY,MANEUVERING,0.1895509302760051
857.0,cctv3,C3_S010,G007,OCCUPIED,OCCUPIED,0.5160386601632291
857.0,cctv3,C3_S011,G008,OCCUPIED,OCCUPIED,0.7978036216714166
857.0,cctv3,C3_S012,G009,OCCUPIED,OCCUPIED,0.8225820424881849
858.0,cctv1,C1_S001,G001,OCCUPIED,OCCUPIED,0.7286284703422677
858.0,cctv1,C1_S002,G002,EMPTY,EMPTY,0.01
858.0,cctv1,C1_S003,G003,OCCUPIED,OCCUPIED,0.8378527435389432
858.0,cctv1,C1_S004,G004,OCCUPIED,OCCUPIED,0.7798095047473909
858.0,cctv1,C1_S005,G005,OCCUPIED,LEAVING,0.7029707997405168
858.0,cctv1,C1_S006,G006,EMPTY,MANEUVERING,0.2724279081810153
858.0,cctv2,C2_S001,G007,OCCUPIED,OCCUPIED,0.7869282297112725
858.0,cctv2,C2_S002,G008,OCCUPIED,OCCUPIED,0.8252372278408571
858.0,cctv2,C2_S003,G009,EMPTY,MANEUVERING,0.4666495860164815
858.0,cctv2,C2_S004,G010,OCCUPIED,OCCUPIED,0.7833906975659458
858.0,cctv2,C2_S005,G001,EMPTY,EMPTY,0.01
858.0,cctv2,C2_S006,G003,OCCUPIED,OCCUPIED,0.8207571178674699
858.0,cctv2,C2_S007,G004,OCCUPIED,OCCUPIED,0.8056389816782692
858.0,cctv2,C2_S008,G006,OCCUPIED,OCCUPIED,0.7731001242995262
858.0,cctv2,C2_S009,G005,OCCUPIED,OCCUPIED,0.7852171766487035
858.0,cctv2,C2_S010,G002,OCCUPIED,OCCUPIED,0.794731704755263
858.0,cctv2,C2_S011,G017,OCCUPIED,OCCUPIED,0.7872426293113015
858.0,cctv2,C2_S012,G018,EMPTY,EMPTY,0.01
858.0,cctv2,C2_S013,G019,OCCUPIED,OCCUPIED,0.8138641885735772
858.0,cctv2,C2_S014,G020,EMPTY,EMPTY,0.01
858.0,cctv3,C3_S001,G021,OCCUPIED,OCCUPIED,0.7954799792983316
858.0,cctv3,C3_S002,G019,EMPTY,EMPTY,0.01
858.0,cctv3,C3_S003,G020,OCCUPIED,OCCUPIED,0.8267898497256366
858.0,cctv3,C3_S004,G024,OCCUPIED,OCCUPIED,0.8303315206007524
858.0,cctv3,C3_S005,G025,OCCUPIED,OCCUPIED,0.8284580024805936
858.0,cctv3,C3_S006,G026,OCCUPIED,OCCUPIED,0.8263892471790314
858.0,cctv3,C3_S007,G027,OCCUPIED,OCCUPIED,0.7600230817090382
858.0,cctv3,C3_S008,G028,EMPTY,MANEUVERING,0.085206696760248
858.0,cctv3,C3_S009,G029,EMPTY,MANEUVERING,0.1895509302760051
858.0,cctv3,C3_S010,G007,OCCUPIED,OCCUPIED,0.5200905265455895
858.0,cctv3,C3_S011,G008,OCCUPIED,OCCUPIED,0.7982641114429995
858.0,cctv3,C3_S012,G009,OCCUPIED,OCCUPIED,0.8228307369080458
859.0,cctv1,C1_S001,G001,OCCUPIED,OCCUPIED,0.7293895961208777
859.0,cctv1,C1_S002,G002,EMPTY,EMPTY,0.01
859.0,cctv1,C1_S003,G003,OCCUPIED,OCCUPIED,0.8377901017665863
859.0,cctv1,C1_S004,G004,OCCUPIED,OCCUPIED,0.7816728089343419
859.0,cctv1,C1_S005,G005,OCCUPIED,LEAVING,0.703738696674506
859.0,cctv1,C1_S006,G006,EMPTY,MANEUVERING,0.2724279081810153
859.0,cctv2,C2_S001,G007,OCCUPIED,OCCUPIED,0.7883654182607478
859.0,cctv2,C2_S002,G008,OCCUPIED,OCCUPIED,0.8245436248454181
859.0,cctv2,C2_S003,G009,EMPTY,MANEUVERING,0.49
859.0,cctv2,C2_S004,G010,OCCUPIED,OCCUPIED,0.7841852280226621
859.0,cctv2,C2_S005,G001,EMPTY,EMPTY,0.01
859.0,cctv2,C2_S006,G003,OCCUPIED,OCCUPIED,0.8206032240932639
859.0,cctv2,C2_S007,G004,OCCUPIED,OCCUPIED,0.8057810851118782
859.0,cctv2,C2_S008,G006,OCCUPIED,OCCUPIED,0.7726292690092867
859.0,cctv2,C2_S009,G005,OCCUPIED,OCCUPIED,0.7852222752842037
859.0,cctv2,C2_S010,G002,OCCUPIED,OCCUPIED,0.7940041352402081
859.0,cctv2,C2_S011,G017,OCCUPIED,OCCUPIED,0.7885508572513408
859.0,cctv2,C2_S012,G018,EMPTY,EMPTY,0.01
859.0,cctv2,C2_S013,G019,OCCUPIED,OCCUPIED,0.8098145609552211
859.0,cctv2,C2_S014,G020,EMPTY,EMPTY,0.01
859.0,cctv3,C3_S001,G021,OCCUPIED,OCCUPIED,0.7955197727138347
859.0,cctv3,C3_S002,G019,EMPTY,EMPTY,0.01
859.0,cctv3,C3_S003,G020,OCCUPIED,OCCUPIED,0.8269678760658612
859.0,cctv3,C3_S004,G024,OCCUPIED,OCCUPIED,0.8301367743448778
859.0,cctv3,C3_S005,G025,OCCUPIED,OCCUPIED,0.8285366505384446
859.0,cctv3,C3_S006,G026,OCCUPIED,OCCUPIED,0.8264773114161059
859.0,cctv3,C3_S007,G027,OCCUPIED,OCCUPIED,0.762326986274936
859.0,cctv3,C3_S008,G028,EMPTY,MANEUVERING,0.085206696760248
859.0,cctv3,C3_S009,G029,EMPTY,MANEUVERING,0.1895509302760051
859.0,cctv3,C3_S010,G007,OCCUPIED,OCCUPIED,0.5247073436325246
859.0,cctv3,C3_S011,G008,OCCUPIED,OCCUPIED,0.8003407256169753
859.0,cctv3,C3_S012,G009,OCCUPIED,OCCUPIED,0.8228763832287356
860.0,cctv1,C1_S001,G001,OCCUPIED,OCCUPIED,0.7303949049250646
860.0,cctv1,C1_S002,G002,EMPTY,EMPTY,0.01
860.0,cctv1,C1_S003,G003,OCCUPIED,OCCUPIED,0.8377885534004732
860.0,cctv1,C1_S004,G004,OCCUPIED,OCCUPIED,0.78297859931534
860.0,cctv1,C1_S005,G005,OCCUPIED,OCCUPIED,0.7595491130243649
860.0,cctv1,C1_S006,G006,EMPTY,MANEUVERING,0.2274279081810153
860.0,cctv2,C2_S001,G007,OCCUPIED,OCCUPIED,0.7898430593989113
860.0,cctv2,C2_S002,G008,OCCUPIED,OCCUPIED,0.8247717800465497
860.0,cctv2,C2_S003,G009,EMPTY,MANEUVERING,0.49
860.0,cctv2,C2_S004,G010,OCCUPIED,OCCUPIED,0.7846203111789444
860.0,cctv2,C2_S005,G001,EMPTY,EMPTY,0.01
860.0,cctv2,C2_S006,G003,OCCUPIED,OCCUPIED,0.8204423346302727
860.0,cctv2,C2_S007,G004,OCCUPIED,OCCUPIED,0.805692327564413
860.0,cctv2,C2_S008,G006,OCCUPIED,OCCUPIED,0.7730922377922319
860.0,cctv2,C2_S009,G005,OCCUPIED,OCCUPIED,0.7845077096061274
860.0,cctv2,C2_S010,G002,OCCUPIED,OCCUPIED,0.7939941704273225
860.0,cctv2,C2_S011,G017,OCCUPIED,OCCUPIED,0.788900894468481
860.0,cctv2,C2_S012,G018,EMPTY,EMPTY,0.01
860.0,cctv2,C2_S013,G019,OCCUPIED,OCCUPIED,0.8101894029162148
860.0,cctv2,C2_S014,G020,EMPTY,EMPTY,0.01
860.0,cctv3,C3_S001,G021,OCCUPIED,OCCUPIED,0.7951280222697692
860.0,cctv3,C3_S002,G019,EMPTY,EMPTY,0.01
860.0,cctv3,C3_S003,G020,OCCUPIED,OCCUPIED,0.8267804709347812
860.0,cctv3,C3_S004,G024,OCCUPIED,OCCUPIED,0.8300688274882058
860.0,cctv3,C3_S005,G025,OCCUPIED,OCCUPIED,0.8284620176662099
860.0,cctv3,C3_S006,G026,OCCUPIED,OCCUPIED,0.8263810054822402
860.0,cctv3,C3_S007,G027,OCCUPIED,OCCUPIED,0.7617976596409625
860.0,cctv3,C3_S008,G028,EMPTY,EMPTY,0.01
860.0,cctv3,C3_S009,G029,EMPTY,MANEUVERING,0.1990604857253757
860.0,cctv3,C3_S010,G007,OCCUPIED,OCCUPIED,0.5247073436325246
860.0,cctv3,C3_S011,G008,OCCUPIED,OCCUPIED,0.80072878761725
860.0,cctv3,C3_S012,G009,OCCUPIED,OCCUPIED,0.8227493180470034
861.0,cctv1,C1_S001,G001,OCCUPIED,OCCUPIED,0.7305714087052779
861.0,cctv1,C1_S002,G002,EMPTY,EMPTY,0.01
861.0,cctv1,C1_S003,G003,OCCUPIED,OCCUPIED,0.8377120364796032
861.0,cctv1,C1_S004,G004,OCCUPIED,OCCUPIED,0.7846798208626835
861.0,cctv1,C1_S005,G005,OCCUPIED,LEAVING,0.7198343232815916
861.0,cctv1,C1_S006,G006,EMPTY,MANEUVERING,0.1771003267439928
861.0,cctv2,C2_S001,G007,OCCUPIED,OCCUPIED,0.7894981346347116
861.0,cctv2,C2_S002,G008,OCCUPIED,OCCUPIED,0.8249781809069894
861.0,cctv2,C2_S003,G009,EMPTY,MANEUVERING,0.4758148553425615
861.0,cctv2,C2_S004,G010,OCCUPIED,OCCUPIED,0.7846111713485285
861.0,cctv2,C2_S005,G001,EMPTY,EMPTY,0.01
861.0,cctv2,C2_S006,G003,OCCUPIED,OCCUPIED,0.8204942825165662
861.0,cctv2,C2_S007,G004,OCCUPIED,OCCUPIED,0.8054847123948011
861.0,cctv2,C2_S008,G006,OCCUPIED,OCCUPIED,0.7728810703212565
861.0,cctv2,C2_S009,G005,OCCUPIED,OCCUPIED,0.7850358605384827
861.0,cctv2,C2_S010,G002,OCCUPIED,OCCUPIED,0.7940097434954211
861.0,cctv2,C2_S011,G017,OCCUPIED,OCCUPIED,0.7895487812432377
861.0,cctv2,C2_S012,G018,EMPTY,EMPTY,0.01
861.0,cctv2,C2_S013,G019,OCCUPIED,OCCUPIED,0.811092847314748
861.0,cctv2,C2_S014,G020,EMPTY,EMPTY,0.01
861.0,cctv3,C3_S001,G021,OCCUPIED,OCCUPIED,0.7957516131075947
861.0,cctv3,C3_S002,G019,EMPTY,EMPTY,0.01
861.0,cctv3,C3_S003,G020,OCCUPIED,OCCUPIED,0.8272864721038126
861.0,cctv3,C3_S004,G024,OCCUPIED,OCCUPIED,0.8300028922882947
861.0,cctv3,C3_S005,G025,OCCUPIED,OCCUPIED,0.8283264758912
861.0,cctv3,C3_S006,G026,OCCUPIED,OCCUPIED,0.8263165105472912
861.0,cctv3,C3_S007,G027,OCCUPIED,OCCUPIED,0.7615496012297545
861.0,cctv3,C3_S008,G028,EMPTY,EMPTY,0.01
861.0,cctv3,C3_S009,G029,EMPTY,MANEUVERING,0.0977525796114721
861.0,cctv3,C3_S010,G007,OCCUPIED,OCCUPIED,0.5749339939363591
861.0,cctv3,C3_S011,G008,OCCUPIED,OCCUPIED,0.8007734008810737
861.0,cctv3,C3_S012,G009,OCCUPIED,OCCUPIED,0.8226005058396947
862.0,cctv1,C1_S001,G001,OCCUPIED,OCCUPIED,0.730611216141419
862.0,cctv1,C1_S002,G002,EMPTY,EMPTY,0.01
862.0,cctv1,C1_S003,G003,OCCUPIED,OCCUPIED,0.8377737354148519
862.0,cctv1,C1_S004,G004,OCCUPIED,OCCUPIED,0.7850462593815544
862.0,cctv1,C1_S005,G005,OCCUPIED,LEAVING,0.7201192319935019
862.0,cctv1,C1_S006,G006,EMPTY,MANEUVERING,0.1771003267439928
862.0,cctv2,C2_S001,G007,OCCUPIED,OCCUPIED,0.7899651121009481
862.0,cctv2,C2_S002,G008,OCCUPIED,OCCUPIED,0.8247468615120108
862.0,cctv2,C2_S003,G009,EMPTY,MANEUVERING,0.49
862.0,cctv2,C2_S004,G010,OCCUPIED,OCCUPIED,0.785183175991882
862.0,cctv2,C2_S005,G001,EMPTY,EMPTY,0.01
862.0,cctv2,C2_S006,G003,OCCUPIED,OCCUPIED,0.8203414437445729
862.0,cctv2,C2_S007,G004,OCCUPIED,OCCUPIED,0.8054400324821472
862.0,cctv2,C2_S008,G006,OCCUPIED,OCCUPIED,0.773858545314182
862.0,cctv2,C2_S009,G005,OCCUPIED,OCCUPIED,0.7850045615976508
862.0,cctv2,C2_S010,G002,OCCUPIED,OCCUPIED,0.7923835608092222
862.0,cctv2,C2_S011,G017,OCCUPIED,OCCUPIED,0.7912650894034994
862.0,cctv2,C2_S012,G018,EMPTY,EMPTY,0.01
862.0,cctv2,C2_S013,G019,OCCUPIED,OCCUPIED,0.8106947871771726
862.0,cctv2,C2_S014,G020,EMPTY,EMPTY,0.01
862.0,cctv3,C3_S001,G021,OCCUPIED,OCCUPIED,0.7954545430161737
862.0,cctv3,C3_S002,G019,EMPTY,EMPTY,0.01
862.0,cctv3,C3_S003,G020,OCCUPIED,OCCUPIED,0.82737830768932
862.0,cctv3,C3_S004,G024,OCCUPIED,OCCUPIED,0.8298289567232132
862.0,cctv3,C3_S005,G025,OCCUPIED,OCCUPIED,0.8282267034053803
862.0,cctv3,C3_S006,G026,OCCUPIED,OCCUPIED,0.826102471893484
862.0,cctv3,C3_S007,G027,OCCUPIED,OCCUPIED,0.7597709560936148
862.0,cctv3,C3_S008,G028,EMPTY,EMPTY,0.01
862.0,cctv3,C3_S009,G029,EMPTY,MANEUVERING,0.0977525796114721
862.0,cctv3,C3_S010,G007,OCCUPIED,OCCUPIED,0.5736323460007643
862.0,cctv3,C3_S011,G008,OCCUPIED,OCCUPIED,0.8008084272796459
862.0,cctv3,C3_S012,G009,OCCUPIED,OCCUPIED,0.8225329409946096
863.0,cctv1,C1_S001,G001,OCCUPIED,OCCUPIED,0.7313856761563908
863.0,cctv1,C1_S002,G002,EMPTY,EMPTY,0.01
863.0,cctv1,C1_S003,G003,OCCUPIED,OCCUPIED,0.8377408409660514
863.0,cctv1,C1_S004,G004,OCCUPIED,OCCUPIED,0.7858125437389721
863.0,cctv1,C1_S005,G005,OCCUPIED,LEAVING,0.7351889185291349
863.0,cctv1,C1_S006,G006,EMPTY,MANEUVERING,0.1277660993667262
863.0,cctv2,C2_S001,G007,OCCUPIED,OCCUPIED,0.7897746321829884
863.0,cctv2,C2_S002,G008,OCCUPIED,OCCUPIED,0.8247990426692097
863.0,cctv2,C2_S003,G009,EMPTY,MANEUVERING,0.49
863.0,cctv2,C2_S004,G010,OCCUPIED,OCCUPIED,0.7848552450537682
863.0,cctv2,C2_S005,G001,EMPTY,EMPTY,0.01
863.0,cctv2,C2_S006,G003,OCCUPIED,OCCUPIED,0.8204522514885123
863.0,cctv2,C2_S007,G004,OCCUPIED,OCCUPIED,0.8054590534080159
863.0,cctv2,C2_S008,G006,OCCUPIED,OCCUPIED,0.7738662912087008
863.0,cctv2,C2_S009,G005,OCCUPIED,OCCUPIED,0.7841206981377169
863.0,cctv2,C2_S010,G002,OCCUPIED,OCCUPIED,0.7918434687636116
863.0,cctv2,C2_S011,G017,OCCUPIED,OCCUPIED,0.7906221744689075
863.0,cctv2,C2_S012,G018,EMPTY,EMPTY,0.01
863.0,cctv2,C2_S013,G019,OCCUPIED,OCCUPIED,0.8108766011216424
863.0,cctv2,C2_S014,G020,EMPTY,EMPTY,0.01
863.0,cctv3,C3_S001,G021,OCCUPIED,OCCUPIED,0.7959188496524638
863.0,cctv3,C3_S002,G019,EMPTY,EMPTY,0.01
863.0,cctv3,C3_S003,G020,OCCUPIED,OCCUPIED,0.8275700401176107
863.0,cctv3,C3_S004,G024,OCCUPIED,OCCUPIED,0.8296938302842054
863.0,cctv3,C3_S005,G025,OCCUPIED,OCCUPIED,0.8280908771536568
863.0,cctv3,C3_S006,G026,OCCUPIED,OCCUPIED,0.8260610780932687
863.0,cctv3,C3_S007,G027,OCCUPIED,OCCUPIED,0.7597691626711326
863.0,cctv3,C3_S008,G028,EMPTY,EMPTY,0.01
863.0,cctv3,C3_S009,G029,EMPTY,MANEUVERING,0.2087537971071221
863.0,cctv3,C3_S010,G007,OCCUPIED,OCCUPIED,0.5286323460007643
863.0,cctv3,C3_S011,G008,OCCUPIED,OCCUPIED,0.8011078877882525
863.0,cctv3,C3_S012,G009,OCCUPIED,OCCUPIED,0.823112104697661
864.0,cctv1,C1_S001,G001,OCCUPIED,OCCUPIED,0.731750210510059
864.0,cctv1,C1_S002,G002,EMPTY,EMPTY,0.01
864.0,cctv1,C1_S003,G003,OCCUPIED,OCCUPIED,0.8377441693436016
864.0,cctv1,C1_S004,G004,OCCUPIED,OCCUPIED,0.7850884862921456
864.0,cctv1,C1_S005,G005,OCCUPIED,LEAVING,0.7503441305503702
864.0,cctv1,C1_S006,G006,EMPTY,MANEUVERING,0.0772456635625073
864.0,cctv2,C2_S001,G007,OCCUPIED,OCCUPIED,0.7891358348456297
864.0,cctv2,C2_S002,G008,OCCUPIED,OCCUPIED,0.8240460027347912
864.0,cctv2,C2_S003,G009,EMPTY,MANEUVERING,0.49
864.0,cctv2,C2_S004,G010,OCCUPIED,OCCUPIED,0.7850055414167318
864.0,cctv2,C2_S005,G001,EMPTY,EMPTY,0.01
864.0,cctv2,C2_S006,G003,OCCUPIED,OCCUPIED,0.8204426361755892
864.0,cctv2,C2_S007,G004,OCCUPIED,OCCUPIED,0.8058157099918887
864.0,cctv2,C2_S008,G006,OCCUPIED,OCCUPIED,0.7756943694569849
864.0,cctv2,C2_S009,G005,OCCUPIED,OCCUPIED,0.784151627258821
864.0,cctv2,C2_S010,G002,OCCUPIED,OCCUPIED,0.791740801117637
864.0,cctv2,C2_S011,G017,OCCUPIED,OCCUPIED,0.7895707363432105
864.0,cctv2,C2_S012,G018,EMPTY,EMPTY,0.01
864.0,cctv2,C2_S013,G019,OCCUPIED,OCCUPIED,0.8104268540035595
864.0,cctv2,C2_S014,G020,EMPTY,EMPTY,0.01
864.0,cctv3,C3_S001,G021,OCCUPIED,OCCUPIED,0.7967109271071174
864.0,cctv3,C3_S002,G019,EMPTY,EMPTY,0.01
864.0,cctv3,C3_S003,G020,OCCUPIED,OCCUPIED,0.8269607755270871
864.0,cctv3,C3_S004,G024,OCCUPIED,OCCUPIED,0.8293698706410149
864.0,cctv3,C3_S005,G025,OCCUPIED,OCCUPIED,0.8282197069038045
864.0,cctv3,C3_S006,G026,OCCUPIED,OCCUPIED,0.825994979522445
864.0,cctv3,C3_S007,G027,OCCUPIED,OCCUPIED,0.7591018124060198
864.0,cctv3,C3_S008,G028,EMPTY,EMPTY,0.01
864.0,cctv3,C3_S009,G029,EMPTY,MANEUVERING,0.2109608283232558
864.0,cctv3,C3_S010,G007,OCCUPIED,OCCUPIED,0.6242028145221147
864.0,cctv3,C3_S011,G008,OCCUPIED,OCCUPIED,0.8009669710289349
864.0,cctv3,C3_S012,G009,OCCUPIED,OCCUPIED,0.8234343672340567
865.0,cctv1,C1_S001,G001,OCCUPIED,OCCUPIED,0.7319107407196003
865.0,cctv1,C1_S002,G002,EMPTY,EMPTY,0.01
865.0,cctv1,C1_S003,G003,OCCUPIED,OCCUPIED,0.8377582550048829
865.0,cctv1,C1_S004,G004,OCCUPIED,OCCUPIED,0.7855053381486373
865.0,cctv1,C1_S005,G005,OCCUPIED,LEAVING,0.753213248810985
865.0,cctv1,C1_S006,G006,EMPTY,MANEUVERING,0.075912330229174
865.0,cctv2,C2_S001,G007,OCCUPIED,OCCUPIED,0.7090717111934315
865.0,cctv2,C2_S002,G008,OCCUPIED,OCCUPIED,0.8233736818486994
865.0,cctv2,C2_S003,G009,EMPTY,MANEUVERING,0.49
865.0,cctv2,C2_S004,G010,OCCUPIED,OCCUPIED,0.7820132544094867
865.0,cctv2,C2_S005,G001,EMPTY,EMPTY,0.01
865.0,cctv2,C2_S006,G003,OCCUPIED,OCCUPIED,0.8204706774516539
865.0,cctv2,C2_S007,G004,OCCUPIED,OCCUPIED,0.8052757065404546
865.0,cctv2,C2_S008,G006,OCCUPIED,OCCUPIED,0.7760037919337099
865.0,cctv2,C2_S009,G005,OCCUPIED,OCCUPIED,0.7852191285653548
865.0,cctv2,C2_S010,G002,OCCUPIED,OCCUPIED,0.7930349125103517
865.0,cctv2,C2_S011,G017,OCCUPIED,OCCUPIED,0.7908666570078243
865.0,cctv2,C2_S012,G018,EMPTY,EMPTY,0.01
865.0,cctv2,C2_S013,G019,OCCUPIED,OCCUPIED,0.8092267020182177
865.0,cctv2,C2_S014,G020,EMPTY,EMPTY,0.01
865.0,cctv3,C3_S001,G021,OCCUPIED,OCCUPIED,0.7962191107598219
865.0,cctv3,C3_S002,G019,EMPTY,EMPTY,0.01
865.0,cctv3,C3_S003,G020,OCCUPIED,OCCUPIED,0.8273129926486449
865.0,cctv3,C3_S004,G024,OCCUPIED,OCCUPIED,0.8293282216245479
865.0,cctv3,C3_S005,G025,OCCUPIED,OCCUPIED,0.8282513049515812
865.0,cctv3,C3_S006,G026,OCCUPIED,OCCUPIED,0.8259684484113348
865.0,cctv3,C3_S007,G027,OCCUPIED,OCCUPIED,0.7582125162536448
865.0,cctv3,C3_S008,G028,EMPTY,EMPTY,0.01
865.0,cctv3,C3_S009,G029,EMPTY,MANEUVERING,0.2109608283232558
865.0,cctv3,C3_S010,G007,OCCUPIED,OCCUPIED,0.6219549853456291
865.0,cctv3,C3_S011,G008,OCCUPIED,OCCUPIED,0.8002204009077767
865.0,cctv3,C3_S012,G009,OCCUPIED,OCCUPIED,0.8230422884225845
866.0,cctv1,C1_S001,G001,OCCUPIED,OCCUPIED,0.7324808204715902
866.0,cctv1,C1_S002,G002,EMPTY,EMPTY,0.01
866.0,cctv1,C1_S003,G003,OCCUPIED,OCCUPIED,0.837747645649043
866.0,cctv1,C1_S004,G004,OCCUPIED,OCCUPIED,0.7863302629102361
866.0,cctv1,C1_S005,G005,OCCUPIED,LEAVING,0.7559665382179348
866.0,cctv1,C1_S006,G006,EMPTY,MANEUVERING,0.0748214211382649
866.0,cctv2,C2_S001,G007,OCCUPIED,OCCUPIED,0.7092855905402791
866.0,cctv2,C2_S002,G008,OCCUPIED,OCCUPIED,0.8238677195527337
866.0,cctv2,C2_S003,G009,EMPTY,MANEUVERING,0.49
866.0,cctv2,C2_S004,G010,OCCUPIED,OCCUPIED,0.7796886196190661
866.0,cctv2,C2_S005,G001,EMPTY,EMPTY,0.01
866.0,cctv2,C2_S006,G003,OCCUPIED,OCCUPIED,0.8205719609152188
866.0,cctv2,C2_S007,G004,OCCUPIED,OCCUPIED,0.805534835566174
866.0,cctv2,C2_S008,G006,OCCUPIED,OCCUPIED,0.7768362374468284
866.0,cctv2,C2_S009,G005,OCCUPIED,OCCUPIED,0.7849203922531822
866.0,cctv2,C2_S010,G002,OCCUPIED,OCCUPIED,0.7937648635018957
866.0,cctv2,C2_S011,G017,OCCUPIED,OCCUPIED,0.7915358762849461
866.0,cctv2,C2_S012,G018,EMPTY,EMPTY,0.01
866.0,cctv2,C2_S013,G019,OCCUPIED,OCCUPIED,0.8088202823292125
866.0,cctv2,C2_S014,G020,EMPTY,EMPTY,0.01
866.0,cctv3,C3_S001,G021,OCCUPIED,OCCUPIED,0.7950834220105952
866.0,cctv3,C3_S002,G019,EMPTY,EMPTY,0.01
866.0,cctv3,C3_S003,G020,OCCUPIED,OCCUPIED,0.8268126054243609
866.0,cctv3,C3_S004,G024,OCCUPIED,OCCUPIED,0.829221847653389
866.0,cctv3,C3_S005,G025,OCCUPIED,OCCUPIED,0.8283871563998136
866.0,cctv3,C3_S006,G026,OCCUPIED,OCCUPIED,0.8260761943730441
866.0,cctv3,C3_S007,G027,OCCUPIED,OCCUPIED,0.7575650289654733
866.0,cctv3,C3_S008,G028,EMPTY,EMPTY,0.01
866.0,cctv3,C3_S009,G029,EMPTY,MANEUVERING,0.2109608283232558
866.0,cctv3,C3_S010,G007,OCCUPIED,OCCUPIED,0.6195005746659907
866.0,cctv3,C3_S011,G008,OCCUPIED,OCCUPIED,0.8005589046261528
866.0,cctv3,C3_S012,G009,OCCUPIED,OCCUPIED,0.8227327086708763
867.0,cctv1,C1_S001,G001,OCCUPIED,OCCUPIED,0.7331051887436347
867.0,cctv1,C1_S002,G002,EMPTY,EMPTY,0.01
867.0,cctv1,C1_S003,G003,OCCUPIED,OCCUPIED,0.8377818641337482
867.0,cctv1,C1_S004,G004,OCCUPIED,OCCUPIED,0.787301540374756
867.0,cctv1,C1_S005,G005,OCCUPIED,LEAVING,0.7701619691469453
867.0,cctv1,C1_S006,G006,EMPTY,EMPTY,0.01
867.0,cctv2,C2_S001,G007,OCCUPIED,OCCUPIED,0.7090100865472447
867.0,cctv2,C2_S002,G008,OCCUPIED,OCCUPIED,0.8236425432291898
867.0,cctv2,C2_S003,G009,EMPTY,MANEUVERING,0.49
867.0,cctv2,C2_S004,G010,OCCUPIED,OCCUPIED,0.777279506623745
867.0,cctv2,C2_S005,G001,EMPTY,EMPTY,0.01
867.0,cctv2,C2_S006,G003,OCCUPIED,OCCUPIED,0.8204308547756889
867.0,cctv2,C2_S007,G004,OCCUPIED,OCCUPIED,0.8060255960984664
867.0,cctv2,C2_S008,G006,OCCUPIED,OCCUPIED,0.7779672091657466
867.0,cctv2,C2_S009,G005,OCCUPIED,OCCUPIED,0.7857270381667398
867.0,cctv2,C2_S010,G002,OCCUPIED,OCCUPIED,0.7942556045272134
867.0,cctv2,C2_S011,G017,OCCUPIED,OCCUPIED,0.7916316092014314
867.0,cctv2,C2_S012,G018,EMPTY,EMPTY,0.01
867.0,cctv2,C2_S013,G019,OCCUPIED,OCCUPIED,0.807987129688263
867.0,cctv2,C2_S014,G020,EMPTY,EMPTY,0.01
867.0,cctv3,C3_S001,G021,OCCUPIED,OCCUPIED,0.7949147947809914
867.0,cctv3,C3_S002,G019,EMPTY,EMPTY,0.01
867.0,cctv3,C3_S003,G020,OCCUPIED,OCCUPIED,0.8255043449726972
867.0,cctv3,C3_S004,G024,OCCUPIED,OCCUPIED,0.829024628888477
867.0,cctv3,C3_S005,G025,OCCUPIED,OCCUPIED,0.8282653865489094
867.0,cctv3,C3_S006,G026,OCCUPIED,OCCUPIED,0.8259028618985957
867.0,cctv3,C3_S007,G027,OCCUPIED,OCCUPIED,0.7576636273752559
867.0,cctv3,C3_S008,G028,EMPTY,EMPTY,0.01
867.0,cctv3,C3_S009,G029,EMPTY,MANEUVERING,0.1659608283232559
867.0,cctv3,C3_S010,G007,OCCUPIED,OCCUPIED,0.7004354419130268
867.0,cctv3,C3_S011,G008,OCCUPIED,OCCUPIED,0.8003868132829667
867.0,cctv3,C3_S012,G009,OCCUPIED,OCCUPIED,0.8226011642000892
868.0,cctv1,C1_S001,G001,OCCUPIED,OCCUPIED,0.7338632279499011
868.0,cctv1,C1_S002,G002,EMPTY,EMPTY,0.01
868.0,cctv1,C1_S003,G003,OCCUPIED,OCCUPIED,0.8378005753863942
868.0,cctv1,C1_S004,G004,OCCUPIED,OCCUPIED,0.7881332275542346
868.0,cctv1,C1_S005,G005,OCCUPIED,LEAVING,0.7743654734709047
868.0,cctv1,C1_S006,G006,EMPTY,EMPTY,0.01
868.0,cctv2,C2_S001,G007,OCCUPIED,OCCUPIED,0.7055608533729206
868.0,cctv2,C2_S002,G008,OCCUPIED,OCCUPIED,0.8231707572937013
868.0,cctv2,C2_S003,G009,EMPTY,MANEUVERING,0.49
868.0,cctv2,C2_S004,G010,OCCUPIED,OCCUPIED,0.7742693780498072
868.0,cctv2,C2_S005,G001,EMPTY,EMPTY,0.01
868.0,cctv2,C2_S006,G003,OCCUPIED,OCCUPIED,0.8204975385557522
868.0,cctv2,C2_S007,G004,OCCUPIED,OCCUPIED,0.8057541118426756
868.0,cctv2,C2_S008,G006,OCCUPIED,OCCUPIED,0.7777108964594929
868.0,cctv2,C2_S009,G005,OCCUPIED,OCCUPIED,0.7881949923255227
868.0,cctv2,C2_S010,G002,OCCUPIED,OCCUPIED,0.7957184471867302
868.0,cctv2,C2_S011,G017,OCCUPIED,OCCUPIED,0.7929581281813709
868.0,cctv2,C2_S012,G018,EMPTY,MANEUVERING,0.2926220430027355
868.0,cctv2,C2_S013,G019,OCCUPIED,OCCUPIED,0.8091443492607637
868.0,cctv2,C2_S014,G020,EMPTY,EMPTY,0.01
868.0,cctv3,C3_S001,G021,OCCUPIED,OCCUPIED,0.7959370122714476
868.0,cctv3,C3_S002,G019,EMPTY,EMPTY,0.01
868.0,cctv3,C3_S003,G020,OCCUPIED,OCCUPIED,0.8250954308293084
868.0,cctv3,C3_S004,G024,OCCUPIED,OCCUPIED,0.8289180224592037
868.0,cctv3,C3_S005,G025,OCCUPIED,OCCUPIED,0.8279615524140271
868.0,cctv3,C3_S006,G026,OCCUPIED,OCCUPIED,0.8256440522995863
868.0,cctv3,C3_S007,G027,OCCUPIED,OCCUPIED,0.7579396315596321
868.0,cctv3,C3_S008,G028,EMPTY,EMPTY,0.01
868.0,cctv3,C3_S009,G029,EMPTY,MANEUVERING,0.1659608283232559
868.0,cctv3,C3_S010,G007,OCCUPIED,OCCUPIED,0.6998190946199677
868.0,cctv3,C3_S011,G008,OCCUPIED,OCCUPIED,0.8004958987236024
868.0,cctv3,C3_S012,G009,OCCUPIED,OCCUPIED,0.8218568040566011
869.0,cctv1,C1_S001,G001,OCCUPIED,OCCUPIED,0.7334458758207886
869.0,cctv1,C1_S002,G002,EMPTY,EMPTY,0.01
869.0,cctv1,C1_S003,G003,OCCUPIED,OCCUPIED,0.8377563473853199
869.0,cctv1,C1_S004,G004,OCCUPIED,OCCUPIED,0.7881756950508465
869.0,cctv1,C1_S005,G005,OCCUPIED,LEAVING,0.7762739399617369
869.0,cctv1,C1_S006,G006,EMPTY,EMPTY,0.01
869.0,cctv2,C2_S001,G007,OCCUPIED,OCCUPIED,0.7499282347072255
869.0,cctv2,C2_S002,G008,OCCUPIED,OCCUPIED,0.8225197949192742
869.0,cctv2,C2_S003,G009,EMPTY,MANEUVERING,0.49
869.0,cctv2,C2_S004,G010,OCCUPIED,OCCUPIED,0.774261208284985
869.0,cctv2,C2_S005,G001,EMPTY,EMPTY,0.01
869.0,cctv2,C2_S006,G003,OCCUPIED,OCCUPIED,0.8206782877445221
869.0,cctv2,C2_S007,G004,OCCUPIED,OCCUPIED,0.8056456392461604
869.0,cctv2,C2_S008,G006,OCCUPIED,OCCUPIED,0.7793670597401533
869.0,cctv2,C2_S009,G005,OCCUPIED,OCCUPIED,0.7896127714352175
869.0,cctv2,C2_S010,G002,OCCUPIED,OCCUPIED,0.7960324915972623
869.0,cctv2,C2_S011,G017,OCCUPIED,OCCUPIED,0.7927682822400874
869.0,cctv2,C2_S012,G018,EMPTY,MANEUVERING,0.2926220430027355
869.0,cctv2,C2_S013,G019,OCCUPIED,OCCUPIED,0.8132221173156392
869.0,cctv2,C2_S014,G020,EMPTY,EMPTY,0.01
869.0,cctv3,C3_S001,G021,OCCUPIED,OCCUPIED,0.7954755008220673
869.0,cctv3,C3_S002,G019,EMPTY,EMPTY,0.01
869.0,cctv3,C3_S003,G020,OCCUPIED,OCCUPIED,0.8250294493003325
869.0,cctv3,C3_S004,G024,OCCUPIED,OCCUPIED,0.8284467957236551
869.0,cctv3,C3_S005,G025,OCCUPIED,OCCUPIED,0.8282271276820791
869.0,cctv3,C3_S006,G026,OCCUPIED,OCCUPIED,0.8255968551744115
869.0,cctv3,C3_S007,G027,OCCUPIED,OCCUPIED,0.7575709074735643
869.0,cctv3,C3_S008,G028,EMPTY,EMPTY,0.01
869.0,cctv3,C3_S009,G029,EMPTY,MANEUVERING,0.1659608283232559
869.0,cctv3,C3_S010,G007,OCCUPIED,OCCUPIED,0.6960245715397777
869.0,cctv3,C3_S011,G008,OCCUPIED,OCCUPIED,0.7996390735561199
869.0,cctv3,C3_S012,G009,OCCUPIED,OCCUPIED,0.8214769301089374
870.0,cctv1,C1_S001,G001,OCCUPIED,OCCUPIED,0.7328513753685085
870.0,cctv1,C1_S002,G002,EMPTY,EMPTY,0.01
870.0,cctv1,C1_S003,G003,OCCUPIED,OCCUPIED,0.8378000885248185
870.0,cctv1,C1_S004,G004,OCCUPIED,OCCUPIED,0.7871932335875251
870.0,cctv1,C1_S005,G005,OCCUPIED,OCCUPIED,0.7745629291642797
870.0,cctv1,C1_S006,G006,EMPTY,EMPTY,0.01
870.0,cctv2,C2_S001,G007,OCCUPIED,OCCUPIED,0.7476564358581197
870.0,cctv2,C2_S002,G008,OCCUPIED,OCCUPIED,0.822896585952152
870.0,cctv2,C2_S003,G009,EMPTY,MANEUVERING,0.49
870.0,cctv2,C2_S004,G010,OCCUPIED,OCCUPIED,0.7704844125292518
870.0,cctv2,C2_S005,G001,EMPTY,EMPTY,0.01
870.0,cctv2,C2_S006,G003,OCCUPIED,OCCUPIED,0.8206225896423514
870.0,cctv2,C2_S007,G004,OCCUPIED,OCCUPIED,0.8049035459756851
870.0,cctv2,C2_S008,G006,OCCUPIED,OCCUPIED,0.7799151301383973
870.0,cctv2,C2_S009,G005,OCCUPIED,OCCUPIED,0.7905003143982454
870.0,cctv2,C2_S010,G002,OCCUPIED,OCCUPIED,0.7969207831404427
870.0,cctv2,C2_S011,G017,OCCUPIED,OCCUPIED,0.7911460220813752
870.0,cctv2,C2_S012,G018,EMPTY,MANEUVERING,0.2926220430027355
870.0,cctv2,C2_S013,G019,OCCUPIED,OCCUPIED,0.8206922311674465
870.0,cctv2,C2_S014,G020,EMPTY,EMPTY,0.01
870.0,cctv3,C3_S001,G021,OCCUPIED,OCCUPIED,0.7960960640148683
870.0,cctv3,C3_S002,G019,EMPTY,EMPTY,0.01
870.0,cctv3,C3_S003,G020,OCCUPIED,OCCUPIED,0.8250890577381308
870.0,cctv3,C3_S004,G024,OCCUPIED,OCCUPIED,0.8283037128773603
870.0,cctv3,C3_S005,G025,OCCUPIED,OCCUPIED,0.8279606331478466
870.0,cctv3,C3_S006,G026,OCCUPIED,OCCUPIED,0.8255290391770277
870.0,cctv3,C3_S007,G027,OCCUPIED,OCCUPIED,0.7569703551855955
870.0,cctv3,C3_S008,G028,EMPTY,EMPTY,0.01
870.0,cctv3,C3_S009,G029,EMPTY,MANEUVERING,0.1659608283232559
870.0,cctv3,C3_S010,G007,OCCUPIED,OCCUPIED,0.6931406976598682
870.0,cctv3,C3_S011,G008,OCCUPIED,OCCUPIED,0.7984993647445333
870.0,cctv3,C3_S012,G009,OCCUPIED,OCCUPIED,0.8205701768398286
871.0,cctv1,C1_S001,G001,OCCUPIED,OCCUPIED,0.7322562374851921
871.0,cctv1,C1_S002,G002,EMPTY,EMPTY,0.01
871.0,cctv1,C1_S003,G003,OCCUPIED,OCCUPIED,0.8377863426100125
871.0,cctv1,C1_S004,G004,OCCUPIED,OCCUPIED,0.7855748902667653
871.0,cctv1,C1_S005,G005,OCCUPIED,OCCUPIED,0.7706908511844549
871.0,cctv1,C1_S006,G006,EMPTY,EMPTY,0.01
871.0,cctv2,C2_S001,G007,OCCUPIED,OCCUPIED,0.7463256471265447
871.0,cctv2,C2_S002,G008,OCCUPIED,OCCUPIED,0.8228529992428694
871.0,cctv2,C2_S003,G009,EMPTY,MANEUVERING,0.49
871.0,cctv2,C2_S004,G010,OCCUPIED,OCCUPIED,0.7696467241103
871.0,cctv2,C2_S005,G001,EMPTY,EMPTY,0.01
871.0,cctv2,C2_S006,G003,OCCUPIED,OCCUPIED,0.8207958522168073
871.0,cctv2,C2_S007,G004,OCCUPIED,OCCUPIED,0.8045275327834217
871.0,cctv2,C2_S008,G006,OCCUPIED,OCCUPIED,0.77963394603946
871.0,cctv2,C2_S009,G005,OCCUPIED,OCCUPIED,0.7899897672913292
871.0,cctv2,C2_S010,G002,OCCUPIED,OCCUPIED,0.7977730623700403
871.0,cctv2,C2_S011,G017,OCCUPIED,OCCUPIED,0.7915869666771456
871.0,cctv2,C2_S012,G018,EMPTY,MANEUVERING,0.2926220430027355
871.0,cctv2,C2_S013,G019,OCCUPIED,OCCUPIED,0.8212238742546603
871.0,cctv2,C2_S014,G020,EMPTY,EMPTY,0.01
871.0,cctv3,C3_S001,G021,OCCUPIED,OCCUPIED,0.7964191417802464
871.0,cctv3,C3_S002,G019,EMPTY,EMPTY,0.01
871.0,cctv3,C3_S003,G020,OCCUPIED,OCCUPIED,0.8244304949587042
871.0,cctv3,C3_S004,G024,OCCUPIED,OCCUPIED,0.8281976542689584
871.0,cctv3,C3_S005,G025,OCCUPIED,OCCUPIED,0.8277659470384772
871.0,cctv3,C3_S006,G026,OCCUPIED,OCCUPIED,0.825354106317867
871.0,cctv3,C3_S007,G027,OCCUPIED,OCCUPIED,0.7569590874693611
871.0,cctv3,C3_S008,G028,EMPTY,EMPTY,0.01
871.0,cctv3,C3_S009,G029,EMPTY,MANEUVERING,0.1659608283232559
871.0,cctv3,C3_S010,G007,OCCUPIED,OCCUPIED,0.7288062562454831
871.0,cctv3,C3_S011,G008,OCCUPIED,OCCUPIED,0.7977190304886211
871.0,cctv3,C3_S012,G009,OCCUPIED,OCCUPIED,0.820484070615335
872.0,cctv1,C1_S001,G001,OCCUPIED,OCCUPIED,0.7329188918525523
872.0,cctv1,C1_S002,G002,EMPTY,EMPTY,0.01
872.0,cctv1,C1_S003,G003,OCCUPIED,OCCUPIED,0.83792359856042
872.0,cctv1,C1_S004,G004,OCCUPIED,OCCUPIED,0.7845692585815084
872.0,cctv1,C1_S005,G005,OCCUPIED,OCCUPIED,0.7751032776453279
872.0,cctv1,C1_S006,G006,EMPTY,EMPTY,0.01
872.0,cctv2,C2_S001,G007,OCCUPIED,OCCUPIED,0.7470831807364118
872.0,cctv2,C2_S002,G008,OCCUPIED,OCCUPIED,0.822339357029308
872.0,cctv2,C2_S003,G009,EMPTY,MANEUVERING,0.49
872.0,cctv2,C2_S004,G010,OCCUPIED,OCCUPIED,0.767329977452755
872.0,cctv2,C2_S005,G001,EMPTY,EMPTY,0.01
872.0,cctv2,C2_S006,G003,OCCUPIED,OCCUPIED,0.821030285412615
872.0,cctv2,C2_S007,G004,OCCUPIED,OCCUPIED,0.8050492573868145
872.0,cctv2,C2_S008,G006,OCCUPIED,OCCUPIED,0.780362010950392
872.0,cctv2,C2_S009,G005,OCCUPIED,OCCUPIED,0.7908145937052641
872.0,cctv2,C2_S010,G002,OCCUPIED,OCCUPIED,0.7978425372730602
872.0,cctv2,C2_S011,G017,OCCUPIED,OCCUPIED,0.7917892523787239
872.0,cctv2,C2_S012,G018,EMPTY,MANEUVERING,0.2476220430027355
872.0,cctv2,C2_S013,G019,OCCUPIED,OCCUPIED,0.8215783176097003
872.0,cctv2,C2_S014,G020,EMPTY,EMPTY,0.01
872.0,cctv3,C3_S001,G021,OCCUPIED,OCCUPIED,0.7939055575565859
872.0,cctv3,C3_S002,G019,EMPTY,EMPTY,0.01
872.0,cctv3,C3_S003,G020,OCCUPIED,OCCUPIED,0.8239889984781092
872.0,cctv3,C3_S004,G024,OCCUPIED,OCCUPIED,0.8278525043617596
872.0,cctv3,C3_S005,G025,OCCUPIED,OCCUPIED,0.8278874023394152
872.0,cctv3,C3_S006,G026,OCCUPIED,OCCUPIED,0.825259443846616
872.0,cctv3,C3_S007,G027,OCCUPIED,OCCUPIED,0.7569263043728742
872.0,cctv3,C3_S008,G028,EMPTY,EMPTY,0.01
872.0,cctv3,C3_S009,G029,EMPTY,MANEUVERING,0.1659608283232559
872.0,cctv3,C3_S010,G007,OCCUPIED,OCCUPIED,0.7287408890236509
872.0,cctv3,C3_S011,G008,OCCUPIED,OCCUPIED,0.7975417941808701
872.0,cctv3,C3_S012,G009,OCCUPIED,OCCUPIED,0.8205966981974515
873.0,cctv1,C1_S001,G001,OCCUPIED,OCCUPIED,0.732886472886259
873.0,cctv1,C1_S002,G002,EMPTY,EMPTY,0.01
873.0,cctv1,C1_S003,G003,OCCUPIED,OCCUPIED,0.8378964936191386
873.0,cctv1,C1_S004,G004,OCCUPIED,OCCUPIED,0.7797255772081289
873.0,cctv1,C1_S005,G005,OCCUPIED,OCCUPIED,0.7784687627445568
873.0,cctv1,C1_S006,G006,EMPTY,EMPTY,0.01
873.0,cctv2,C2_S001,G007,OCCUPIED,OCCUPIED,0.7458913572538983
873.0,cctv2,C2_S002,G008,OCCUPIED,OCCUPIED,0.8220808636058461
873.0,cctv2,C2_S003,G009,EMPTY,MANEUVERING,0.49
873.0,cctv2,C2_S004,G010,OCCUPIED,OCCUPIED,0.7661280543966728
873.0,cctv2,C2_S005,G001,EMPTY,EMPTY,0.01
873.0,cctv2,C2_S006,G003,OCCUPIED,OCCUPIED,0.8213751898570495
873.0,cctv2,C2_S007,G004,OCCUPIED,OCCUPIED,0.8056315300139515
873.0,cctv2,C2_S008,G006,OCCUPIED,OCCUPIED,0.7801461711525918
873.0,cctv2,C2_S009,G005,OCCUPIED,OCCUPIED,0.7921099080280825
873.0,cctv2,C2_S010,G002,OCCUPIED,OCCUPIED,0.8000948418270458
873.0,cctv2,C2_S011,G017,OCCUPIED,OCCUPIED,0.791446075114337
873.0,cctv2,C2_S012,G018,EMPTY,MANEUVERING,0.2476220430027355
873.0,cctv2,C2_S013,G019,OCCUPIED,OCCUPIED,0.820820654522289
873.0,cctv2,C2_S014,G020,EMPTY,EMPTY,0.01
873.0,cctv3,C3_S001,G021,OCCUPIED,OCCUPIED,0.7943034648895264
873.0,cctv3,C3_S002,G019,EMPTY,EMPTY,0.01
873.0,cctv3,C3_S003,G020,OCCUPIED,OCCUPIED,0.8235669675198469
873.0,cctv3,C3_S004,G024,OCCUPIED,OCCUPIED,0.8277059297670019
873.0,cctv3,C3_S005,G025,OCCUPIED,OCCUPIED,0.8278738726269116
873.0,cctv3,C3_S006,G026,OCCUPIED,OCCUPIED,0.8252949002114209
873.0,cctv3,C3_S007,G027,OCCUPIED,OCCUPIED,0.756994337385351
873.0,cctv3,C3_S008,G028,EMPTY,EMPTY,0.01
873.0,cctv3,C3_S009,G029,EMPTY,MANEUVERING,0.1659608283232559
873.0,cctv3,C3_S010,G007,OCCUPIED,OCCUPIED,0.7276415945995938
873.0,cctv3,C3_S011,G008,OCCUPIED,OCCUPIED,0.7968554347753526
873.0,cctv3,C3_S012,G009,OCCUPIED,OCCUPIED,0.8202196381308816
874.0,cctv1,C1_S001,G001,OCCUPIED,OCCUPIED,0.7318836942992428
874.0,cctv1,C1_S002,G002,EMPTY,EMPTY,0.01
874.0,cctv1,C1_S003,G003,OCCUPIED,OCCUPIED,0.8379400461912155
874.0,cctv1,C1_S004,G004,OCCUPIED,OCCUPIED,0.776795193552971
874.0,cctv1,C1_S005,G005,OCCUPIED,OCCUPIED,0.7838873325423762
874.0,cctv1,C1_S006,G006,EMPTY,EMPTY,0.01
874.0,cctv2,C2_S001,G007,OCCUPIED,OCCUPIED,0.7456942980397832
874.0,cctv2,C2_S002,G008,OCCUPIED,OCCUPIED,0.8218878615986218
874.0,cctv2,C2_S003,G009,EMPTY,MANEUVERING,0.49
874.0,cctv2,C2_S004,G010,OCCUPIED,OCCUPIED,0.7645730981772597
874.0,cctv2,C2_S005,G001,EMPTY,EMPTY,0.01
874.0,cctv2,C2_S006,G003,OCCUPIED,OCCUPIED,0.8215269736268305
874.0,cctv2,C2_S007,G004,OCCUPIED,OCCUPIED,0.8062256084247069
874.0,cctv2,C2_S008,G006,OCCUPIED,OCCUPIED,0.7795510653745045
874.0,cctv2,C2_S009,G005,OCCUPIED,OCCUPIED,0.7927351130680605
874.0,cctv2,C2_S010,G002,OCCUPIED,OCCUPIED,0.801732989603823
874.0,cctv2,C2_S011,G017,OCCUPIED,OCCUPIED,0.7915160677649759
874.0,cctv2,C2_S012,G018,EMPTY,MANEUVERING,0.2476220430027355
874.0,cctv2,C2_S013,G019,OCCUPIED,OCCUPIED,0.8196172172372992
874.0,cctv2,C2_S014,G020,EMPTY,EMPTY,0.01
874.0,cctv3,C3_S001,G021,OCCUPIED,OCCUPIED,0.7943131143396551
874.0,cctv3,C3_S002,G019,EMPTY,EMPTY,0.01
874.0,cctv3,C3_S003,G020,OCCUPIED,OCCUPIED,0.8233211747624658
874.0,cctv3,C3_S004,G024,OCCUPIED,OCCUPIED,0.8275952658870004
874.0,cctv3,C3_S005,G025,OCCUPIED,OCCUPIED,0.827755346623334
874.0,cctv3,C3_S006,G026,OCCUPIED,OCCUPIED,0.8250207662582398
874.0,cctv3,C3_S007,G027,OCCUPIED,OCCUPIED,0.7564953672614965
874.0,cctv3,C3_S008,G028,EMPTY,EMPTY,0.01
874.0,cctv3,C3_S009,G029,EMPTY,MANEUVERING,0.2102929979528893
874.0,cctv3,C3_S010,G007,OCCUPIED,OCCUPIED,0.6826415945995938
874.0,cctv3,C3_S011,G008,OCCUPIED,OCCUPIED,0.797831340269609
874.0,cctv3,C3_S012,G009,OCCUPIED,OCCUPIED,0.819823137738488
875.0,cctv1,C1_S001,G001,OCCUPIED,OCCUPIED,0.7327087369154801
875.0,cctv1,C1_S002,G002,EMPTY,EMPTY,0.01
875.0,cctv1,C1_S003,G003,OCCUPIED,OCCUPIED,0.8379492534832522
875.0,cctv1,C1_S004,G004,OCCUPIED,OCCUPIED,0.7772619905796918
875.0,cctv1,C1_S005,G005,OCCUPIED,OCCUPIED,0.7832805286754262
875.0,cctv1,C1_S006,G006,EMPTY,EMPTY,0.01
875.0,cctv2,C2_S001,G007,OCCUPIED,OCCUPIED,0.7461924933303486
875.0,cctv2,C2_S002,G008,OCCUPIED,OCCUPIED,0.8224301896312021
875.0,cctv2,C2_S003,G009,EMPTY,MANEUVERING,0.4699605946039611
875.0,cctv2,C2_S004,G010,OCCUPIED,OCCUPIED,0.7646613062782721
875.0,cctv2,C2_S005,G001,EMPTY,EMPTY,0.01
875.0,cctv2,C2_S006,G003,OCCUPIED,OCCUPIED,0.821487059918317
875.0,cctv2,C2_S007,G004,OCCUPIED,OCCUPIED,0.8060914166949013
875.0,cctv2,C2_S008,G006,OCCUPIED,OCCUPIED,0.6974348226596009
875.0,cctv2,C2_S009,G005,OCCUPIED,OCCUPIED,0.7928724543614821
875.0,cctv2,C2_S010,G002,OCCUPIED,OCCUPIED,0.8026109708981081
875.0,cctv2,C2_S011,G017,OCCUPIED,OCCUPIED,0.792222256010229
875.0,cctv2,C2_S012,G018,EMPTY,MANEUVERING,0.2476220430027355
875.0,cctv2,C2_S013,G019,OCCUPIED,OCCUPIED,0.8198895825581117
875.0,cctv2,C2_S014,G020,EMPTY,EMPTY,0.01
875.0,cctv3,C3_S001,G021,OCCUPIED,OCCUPIED,0.7948439893397419
875.0,cctv3,C3_S002,G019,EMPTY,EMPTY,0.01
875.0,cctv3,C3_S003,G020,OCCUPIED,OCCUPIED,0.823657943985679
875.0,cctv3,C3_S004,G024,OCCUPIED,OCCUPIED,0.8277194042097439
875.0,cctv3,C3_S005,G025,OCCUPIED,OCCUPIED,0.8275269353931601
875.0,cctv3,C3_S006,G026,OCCUPIED,OCCUPIED,0.8251189025965604
875.0,cctv3,C3_S007,G027,OCCUPIED,OCCUPIED,0.7618100335652178
875.0,cctv3,C3_S008,G028,EMPTY,EMPTY,0.01
875.0,cctv3,C3_S009,G029,EMPTY,MANEUVERING,0.2102929979528893
875.0,cctv3,C3_S010,G007,OCCUPIED,OCCUPIED,0.6851442811299454
875.0,cctv3,C3_S011,G008,OCCUPIED,OCCUPIED,0.7992504889314825
875.0,cctv3,C3_S012,G009,OCCUPIED,OCCUPIED,0.8198468817905947
876.0,cctv1,C1_S001,G001,OCCUPIED,OCCUPIED,0.7331303222612902
876.0,cctv1,C1_S002,G002,EMPTY,EMPTY,0.01
876.0,cctv1,C1_S003,G003,OCCUPIED,OCCUPIED,0.8377384920011868
876.0,cctv1,C1_S004,G004,OCCUPIED,OCCUPIED,0.7766558812423187
876.0,cctv1,C1_S005,G005,OCCUPIED,OCCUPIED,0.782046277685599
876.0,cctv1,C1_S006,G006,EMPTY,EMPTY,0.01
876.0,cctv2,C2_S001,G007,OCCUPIED,OCCUPIED,0.78210949735208
876.0,cctv2,C2_S002,G008,OCCUPIED,OCCUPIED,0.8226021501150999
876.0,cctv2,C2_S003,G009,EMPTY,MANEUVERING,0.3890037439221685
876.0,cctv2,C2_S004,G010,OCCUPIED,OCCUPIED,0.7666243256493048
876.0,cctv2,C2_S005,G001,EMPTY,EMPTY,0.01
876.0,cctv2,C2_S006,G003,OCCUPIED,OCCUPIED,0.8216685845093294
876.0,cctv2,C2_S007,G004,OCCUPIED,OCCUPIED,0.8073587336323479
876.0,cctv2,C2_S008,G006,OCCUPIED,OCCUPIED,0.6951797067035328
876.0,cctv2,C2_S009,G005,OCCUPIED,OCCUPIED,0.793767383965579
876.0,cctv2,C2_S010,G002,OCCUPIED,OCCUPIED,0.8033361313017933
876.0,cctv2,C2_S011,G017,OCCUPIED,OCCUPIED,0.7927747609940443
876.0,cctv2,C2_S012,G018,EMPTY,MANEUVERING,0.2476220430027355
876.0,cctv2,C2_S013,G019,OCCUPIED,OCCUPIED,0.8187814539129085
876.0,cctv2,C2_S014,G020,EMPTY,EMPTY,0.01
876.0,cctv3,C3_S001,G021,OCCUPIED,OCCUPIED,0.7946116442030127
876.0,cctv3,C3_S002,G019,EMPTY,EMPTY,0.01
876.0,cctv3,C3_S003,G020,OCCUPIED,OCCUPIED,0.8234075443311172
876.0,cctv3,C3_S004,G024,OCCUPIED,OCCUPIED,0.8274755905974995
876.0,cctv3,C3_S005,G025,OCCUPIED,OCCUPIED,0.8276545199480925
876.0,cctv3,C3_S006,G026,OCCUPIED,OCCUPIED,0.8252458572387695
876.0,cctv3,C3_S007,G027,OCCUPIED,LEAVING,0.7678456321358681
876.0,cctv3,C3_S008,G028,EMPTY,EMPTY,0.01
876.0,cctv3,C3_S009,G029,EMPTY,MANEUVERING,0.1502929979528893
876.0,cctv3,C3_S010,G007,OCCUPIED,OCCUPIED,0.6031269200462284
876.0,cctv3,C3_S011,G008,OCCUPIED,OCCUPIED,0.8015366876667197
876.0,cctv3,C3_S012,G009,OCCUPIED,OCCUPIED,0.8196361308748072
877.0,cctv1,C1_S001,G001,OCCUPIED,OCCUPIED,0.7329606552692978
877.0,cctv1,C1_S002,G002,EMPTY,EMPTY,0.01
877.0,cctv1,C1_S003,G003,OCCUPIED,OCCUPIED,0.8378774377432737
877.0,cctv1,C1_S004,G004,OCCUPIED,OCCUPIED,0.7760504798455672
877.0,cctv1,C1_S005,G005,OCCUPIED,LEAVING,0.7791350962086158
877.0,cctv1,C1_S006,G006,EMPTY,MANEUVERING,0.2376252872835506
877.0,cctv2,C2_S001,G007,OCCUPIED,OCCUPIED,0.7831241436979988
877.0,cctv2,C2_S002,G008,OCCUPIED,OCCUPIED,0.8229508779265664
877.0,cctv2,C2_S003,G009,EMPTY,MANEUVERING,0.3440037439221685
877.0,cctv2,C2_S004,G010,OCCUPIED,OCCUPIED,0.7701528008688581
877.0,cctv2,C2_S005,G001,EMPTY,EMPTY,0.01
877.0,cctv2,C2_S006,G003,OCCUPIED,OCCUPIED,0.822018065777692
877.0,cctv2,C2_S007,G004,OCCUPIED,OCCUPIED,0.8072016228329052
877.0,cctv2,C2_S008,G006,OCCUPIED,OCCUPIED,0.6912464738298546
877.0,cctv2,C2_S009,G005,OCCUPIED,OCCUPIED,0.7959544945846905
877.0,cctv2,C2_S010,G002,OCCUPIED,OCCUPIED,0.80359586910768
877.0,cctv2,C2_S011,G017,OCCUPIED,OCCUPIED,0.7943765754049475
877.0,cctv2,C2_S012,G018,EMPTY,MANEUVERING,0.2476220430027355
877.0,cctv2,C2_S013,G019,OCCUPIED,OCCUPIED,0.818114306439053
877.0,cctv2,C2_S014,G020,EMPTY,EMPTY,0.01
877.0,cctv3,C3_S001,G021,OCCUPIED,OCCUPIED,0.7950418087569151
877.0,cctv3,C3_S002,G019,EMPTY,EMPTY,0.01
877.0,cctv3,C3_S003,G020,OCCUPIED,OCCUPIED,0.8238027263771405
877.0,cctv3,C3_S004,G024,OCCUPIED,OCCUPIED,0.8273553447289901
877.0,cctv3,C3_S005,G025,OCCUPIED,OCCUPIED,0.8274856171824716
877.0,cctv3,C3_S006,G026,OCCUPIED,OCCUPIED,0.8250993208451705
877.0,cctv3,C3_S007,G027,OCCUPIED,LEAVING,0.6874887405742298
877.0,cctv3,C3_S008,G028,EMPTY,EMPTY,0.01
877.0,cctv3,C3_S009,G029,EMPTY,MANEUVERING,0.1502929979528893
877.0,cctv3,C3_S010,G007,OCCUPIED,OCCUPIED,0.5225213243168864
877.0,cctv3,C3_S011,G008,OCCUPIED,OCCUPIED,0.8016441906040366
877.0,cctv3,C3_S012,G009,OCCUPIED,OCCUPIED,0.8205183134837585
878.0,cctv1,C1_S001,G001,OCCUPIED,OCCUPIED,0.732868433811448
878.0,cctv1,C1_S002,G002,EMPTY,EMPTY,0.01
878.0,cctv1,C1_S003,G003,OCCUPIED,OCCUPIED,0.837283541397615
878.0,cctv1,C1_S004,G004,OCCUPIED,OCCUPIED,0.7753758351911199
878.0,cctv1,C1_S005,G005,OCCUPIED,LEAVING,0.7754960989410228
878.0,cctv1,C1_S006,G006,EMPTY,MANEUVERING,0.3155721805176951
878.0,cctv2,C2_S001,G007,OCCUPIED,OCCUPIED,0.7858675875447014
878.0,cctv2,C2_S002,G008,OCCUPIED,OCCUPIED,0.824045497991822
878.0,cctv2,C2_S003,G009,EMPTY,MANEUVERING,0.3041694615273314
878.0,cctv2,C2_S004,G010,OCCUPIED,OCCUPIED,0.7744818398898299
878.0,cctv2,C2_S005,G001,EMPTY,EMPTY,0.01
878.0,cctv2,C2_S006,G003,OCCUPIED,OCCUPIED,0.822144688801332
878.0,cctv2,C2_S007,G004,OCCUPIED,OCCUPIED,0.8067464609037747
878.0,cctv2,C2_S008,G006,OCCUPIED,OCCUPIED,0.6873533247817647
878.0,cctv2,C2_S009,G005,OCCUPIED,OCCUPIED,0.7965932268988003
878.0,cctv2,C2_S010,G002,OCCUPIED,OCCUPIED,0.8031371772289276
878.0,cctv2,C2_S011,G017,OCCUPIED,OCCUPIED,0.7944667797196996
878.0,cctv2,C2_S012,G018,EMPTY,MANEUVERING,0.2476220430027355
878.0,cctv2,C2_S013,G019,OCCUPIED,OCCUPIED,0.817212911085649
878.0,cctv2,C2_S014,G020,EMPTY,EMPTY,0.01
878.0,cctv3,C3_S001,G021,OCCUPIED,OCCUPIED,0.7938032719221982
878.0,cctv3,C3_S002,G019,EMPTY,EMPTY,0.01
878.0,cctv3,C3_S003,G020,OCCUPIED,OCCUPIED,0.8242215256799352
878.0,cctv3,C3_S004,G024,OCCUPIED,OCCUPIED,0.8273485465483232
878.0,cctv3,C3_S005,G025,OCCUPIED,OCCUPIED,0.8275631248950959
878.0,cctv3,C3_S006,G026,OCCUPIED,OCCUPIED,0.8233546893705022
878.0,cctv3,C3_S007,G027,OCCUPIED,LEAVING,0.6074443621256136
878.0,cctv3,C3_S008,G028,EMPTY,EMPTY,0.01
878.0,cctv3,C3_S009,G029,EMPTY,MANEUVERING,0.1052929979528893
878.0,cctv3,C3_S010,G007,OCCUPIED,LEAVING,0.5719851828468118
878.0,cctv3,C3_S011,G008,OCCUPIED,LEAVING,0.7961439792405476
878.0,cctv3,C3_S012,G009,OCCUPIED,OCCUPIED,0.8213312203233893
879.0,cctv1,C1_S001,G001,OCCUPIED,OCCUPIED,0.732775989445773
879.0,cctv1,C1_S002,G002,EMPTY,EMPTY,0.01
879.0,cctv1,C1_S003,G003,OCCUPIED,OCCUPIED,0.8374157426032154
879.0,cctv1,C1_S004,G004,OCCUPIED,OCCUPIED,0.7741669457067144
879.0,cctv1,C1_S005,G005,OCCUPIED,LEAVING,0.7696390562436798
879.0,cctv1,C1_S006,G006,EMPTY,MANEUVERING,0.3155721805176951
879.0,cctv2,C2_S001,G007,OCCUPIED,OCCUPIED,0.7896337048573928
879.0,cctv2,C2_S002,G008,OCCUPIED,OCCUPIED,0.8246963733976538
879.0,cctv2,C2_S003,G009,EMPTY,MANEUVERING,0.2658274518224325
879.0,cctv2,C2_S004,G010,OCCUPIED,OCCUPIED,0.7770344681360506
879.0,cctv2,C2_S005,G001,EMPTY,EMPTY,0.01
879.0,cctv2,C2_S006,G003,OCCUPIED,OCCUPIED,0.8222697610204871
879.0,cctv2,C2_S007,G004,OCCUPIED,OCCUPIED,0.8074013043533672
879.0,cctv2,C2_S008,G006,OCCUPIED,OCCUPIED,0.731504890661348
879.0,cctv2,C2_S009,G005,OCCUPIED,OCCUPIED,0.7961470373652199
879.0,cctv2,C2_S010,G002,OCCUPIED,OCCUPIED,0.8033824758096175
879.0,cctv2,C2_S011,G017,OCCUPIED,OCCUPIED,0.7946003155274826
879.0,cctv2,C2_S012,G018,EMPTY,EMPTY,0.01
879.0,cctv2,C2_S013,G019,OCCUPIED,OCCUPIED,0.8113611576232044
879.0,cctv2,C2_S014,G020,EMPTY,EMPTY,0.01
879.0,cctv3,C3_S001,G021,OCCUPIED,OCCUPIED,0.7928392811255022
879.0,cctv3,C3_S002,G019,EMPTY,EMPTY,0.01
879.0,cctv3,C3_S003,G020,OCCUPIED,OCCUPIED,0.8237926737828689
879.0,cctv3,C3_S004,G024,OCCUPIED,OCCUPIED,0.8274112151427703
879.0,cctv3,C3_S005,G025,OCCUPIED,OCCUPIED,0.827938700806011
879.0,cctv3,C3_S006,G026,OCCUPIED,OCCUPIED,0.8219265975735405
879.0,cctv3,C3_S007,G027,OCCUPIED,LEAVING,0.6020826628747764
879.0,cctv3,C3_S008,G028,EMPTY,EMPTY,0.01
879.0,cctv3,C3_S009,G029,EMPTY,MANEUVERING,0.1052929979528893
879.0,cctv3,C3_S010,G007,OCCUPIED,LEAVING,0.51
879.0,cctv3,C3_S011,G008,OCCUPIED,LEAVING,0.797205317968672
879.0,cctv3,C3_S012,G009,OCCUPIED,OCCUPIED,0.821763412789865
880.0,cctv1,C1_S001,G001,OCCUPIED,OCCUPIED,0.7336150811477141
880.0,cctv1,C1_S002,G002,EMPTY,EMPTY,0.01
880.0,cctv1,C1_S003,G003,OCCUPIED,OCCUPIED,0.8372460148551248
880.0,cctv1,C1_S004,G004,OCCUPIED,OCCUPIED,0.7728980999101293
880.0,cctv1,C1_S005,G005,OCCUPIED,LEAVING,0.7659212512048809
880.0,cctv1,C1_S006,G006,EMPTY,MANEUVERING,0.3155721805176951
880.0,cctv2,C2_S001,G007,OCCUPIED,OCCUPIED,0.7914667988365347
880.0,cctv2,C2_S002,G008,OCCUPIED,OCCUPIED,0.8256093363870275
880.0,cctv2,C2_S003,G009,EMPTY,MANEUVERING,0.3081136746975508
880.0,cctv2,C2_S004,G010,OCCUPIED,OCCUPIED,0.7776891075751999
880.0,cctv2,C2_S005,G001,EMPTY,EMPTY,0.01
880.0,cctv2,C2_S006,G003,OCCUPIED,OCCUPIED,0.8222849236293273
880.0,cctv2,C2_S007,G004,OCCUPIED,OCCUPIED,0.8077920396219601
880.0,cctv2,C2_S008,G006,OCCUPIED,OCCUPIED,0.7288768940080297
880.0,cctv2,C2_S009,G005,OCCUPIED,OCCUPIED,0.7962667207826268
880.0,cctv2,C2_S010,G002,OCCUPIED,OCCUPIED,0.804492119496519
880.0,cctv2,C2_S011,G017,OCCUPIED,OCCUPIED,0.7954105767336759
880.0,cctv2,C2_S012,G018,EMPTY,EMPTY,0.01
880.0,cctv2,C2_S013,G019,OCCUPIED,OCCUPIED,0.8062201367183166
880.0,cctv2,C2_S014,G020,EMPTY,EMPTY,0.01
880.0,cctv3,C3_S001,G021,OCCUPIED,OCCUPIED,0.7925183312459426
880.0,cctv3,C3_S002,G019,EMPTY,EMPTY,0.01
880.0,cctv3,C3_S003,G020,OCCUPIED,OCCUPIED,0.8227859635244716
880.0,cctv3,C3_S004,G024,OCCUPIED,OCCUPIED,0.8275878556750038
880.0,cctv3,C3_S005,G025,OCCUPIED,OCCUPIED,0.8280559808015824
880.0,cctv3,C3_S006,G026,OCCUPIED,OCCUPIED,0.8201742275194689
880.0,cctv3,C3_S007,G027,OCCUPIED,LEAVING,0.5220325133073228
880.0,cctv3,C3_S008,G028,EMPTY,EMPTY,0.01
880.0,cctv3,C3_S009,G029,EMPTY,MANEUVERING,0.1052929979528893
880.0,cctv3,C3_S010,G007,OCCUPIED,LEAVING,0.51
880.0,cctv3,C3_S011,G008,OCCUPIED,LEAVING,0.7983471050858498
880.0,cctv3,C3_S012,G009,OCCUPIED,OCCUPIED,0.8219238755377857
881.0,cctv1,C1_S001,G001,OCCUPIED,OCCUPIED,0.7341386257924818
881.0,cctv1,C1_S002,G002,EMPTY,EMPTY,0.01
881.0,cctv1,C1_S003,G003,OCCUPIED,OCCUPIED,0.8371343634345315
881.0,cctv1,C1_S004,G004,OCCUPIED,OCCUPIED,0.7732074163176798
881.0,cctv1,C1_S005,G005,OCCUPIED,LEAVING,0.7654013444076886
881.0,cctv1,C1_S006,G006,EMPTY,MANEUVERING,0.3521983053061095
881.0,cctv2,C2_S001,G007,OCCUPIED,OCCUPIED,0.7940638810396196
881.0,cctv2,C2_S002,G008,OCCUPIED,OCCUPIED,0.8260174905711954
881.0,cctv2,C2_S003,G009,EMPTY,MANEUVERING,0.3081136746975508
881.0,cctv2,C2_S004,G010,OCCUPIED,OCCUPIED,0.7820164047858933
881.0,cctv2,C2_S005,G001,EMPTY,EMPTY,0.01
881.0,cctv2,C2_S006,G003,OCCUPIED,OCCUPIED,0.8227050591598858
881.0,cctv2,C2_S007,G004,OCCUPIED,OCCUPIED,0.8079208693721078
881.0,cctv2,C2_S008,G006,OCCUPIED,OCCUPIED,0.7273304301906717
881.0,cctv2,C2_S009,G005,OCCUPIED,OCCUPIED,0.7975875884294511
881.0,cctv2,C2_S010,G002,OCCUPIED,OCCUPIED,0.8045226901769639
881.0,cctv2,C2_S011,G017,OCCUPIED,OCCUPIED,0.7968441345474937
881.0,cctv2,C2_S012,G018,EMPTY,EMPTY,0.01
881.0,cctv2,C2_S013,G019,OCCUPIED,OCCUPIED,0.8044783459468322
881.0,cctv2,C2_S014,G020,EMPTY,EMPTY,0.01
881.0,cctv3,C3_S001,G021,OCCUPIED,OCCUPIED,0.7914545809680766
881.0,cctv3,C3_S002,G019,EMPTY,EMPTY,0.01
881.0,cctv3,C3_S003,G020,OCCUPIED,OCCUPIED,0.8225063286044382
881.0,cctv3,C3_S004,G024,OCCUPIED,OCCUPIED,0.8276991128921509
881.0,cctv3,C3_S005,G025,OCCUPIED,OCCUPIED,0.8283134777437557
881.0,cctv3,C3_S006,G026,OCCUPIED,OCCUPIED,0.818970241600817
881.0,cctv3,C3_S007,G027,OCCUPIED,LEAVING,0.51
881.0,cctv3,C3_S008,G028,EMPTY,EMPTY,0.01
881.0,cctv3,C3_S009,G029,EMPTY,MANEUVERING,0.1052929979528893
881.0,cctv3,C3_S010,G007,OCCUPIED,LEAVING,0.5130309276824647
881.0,cctv3,C3_S011,G008,OCCUPIED,LEAVING,0.7180335933376443
881.0,cctv3,C3_S012,G009,OCCUPIED,OCCUPIED,0.8229653951796619
882.0,cctv1,C1_S001,G001,OCCUPIED,OCCUPIED,0.7355564237995582
882.0,cctv1,C1_S002,G002,EMPTY,EMPTY,0.01
882.0,cctv1,C1_S003,G003,OCCUPIED,OCCUPIED,0.8370251609520479
882.0,cctv1,C1_S004,G004,OCCUPIED,OCCUPIED,0.77414651946588
882.0,cctv1,C1_S005,G005,OCCUPIED,LEAVING,0.7653797993605788
882.0,cctv1,C1_S006,G006,EMPTY,MANEUVERING,0.2771983053061095
882.0,cctv2,C2_S001,G007,OCCUPIED,OCCUPIED,0.7949489677494224
882.0,cctv2,C2_S002,G008,OCCUPIED,OCCUPIED,0.8268056040460414
882.0,cctv2,C2_S003,G009,EMPTY,MANEUVERING,0.3081136746975508
882.0,cctv2,C2_S004,G010,OCCUPIED,OCCUPIED,0.7848215138370341
882.0,cctv2,C2_S005,G001,EMPTY,EMPTY,0.01
882.0,cctv2,C2_S006,G003,OCCUPIED,OCCUPIED,0.8229321878064764
882.0,cctv2,C2_S007,G004,OCCUPIED,OCCUPIED,0.8067334895784205
882.0,cctv2,C2_S008,G006,OCCUPIED,OCCUPIED,0.7260321619022977
882.0,cctv2,C2_S009,G005,OCCUPIED,OCCUPIED,0.800057571313598
882.0,cctv2,C2_S010,G002,OCCUPIED,OCCUPIED,0.8050438775257631
882.0,cctv2,C2_S011,G017,OCCUPIED,OCCUPIED,0.7981895379044793
882.0,cctv2,C2_S012,G018,EMPTY,EMPTY,0.01
882.0,cctv2,C2_S013,G019,OCCUPIED,OCCUPIED,0.8038934894583443
882.0,cctv2,C2_S014,G020,EMPTY,EMPTY,0.01
882.0,cctv3,C3_S001,G021,OCCUPIED,OCCUPIED,0.7909365675666116
882.0,cctv3,C3_S002,G019,EMPTY,EMPTY,0.01
882.0,cctv3,C3_S003,G020,OCCUPIED,OCCUPIED,0.8222428438338367
882.0,cctv3,C3_S004,G024,OCCUPIED,OCCUPIED,0.8278128141706641
882.0,cctv3,C3_S005,G025,OCCUPIED,OCCUPIED,0.8286812085996975
882.0,cctv3,C3_S006,G026,OCCUPIED,OCCUPIED,0.8170099215074019
882.0,cctv3,C3_S007,G027,OCCUPIED,LEAVING,0.51
882.0,cctv3,C3_S008,G028,EMPTY,EMPTY,0.01
882.0,cctv3,C3_S009,G029,EMPTY,MANEUVERING,0.1052929979528893
882.0,cctv3,C3_S010,G007,OCCUPIED,OCCUPIED,0.5207339369302446
882.0,cctv3,C3_S011,G008,OCCUPIED,LEAVING,0.7118826599825512
882.0,cctv3,C3_S012,G009,OCCUPIED,OCCUPIED,0.8235577634789728
883.0,cctv1,C1_S001,G001,OCCUPIED,OCCUPIED,0.7366545301269402
883.0,cctv1,C1_S002,G002,EMPTY,EMPTY,0.01
883.0,cctv1,C1_S003,G003,OCCUPIED,OCCUPIED,0.8368758643215354
883.0,cctv1,C1_S004,G004,OCCUPIED,OCCUPIED,0.7747687537561764
883.0,cctv1,C1_S005,G005,OCCUPIED,LEAVING,0.7613146437840029
883.0,cctv1,C1_S006,G006,EMPTY,MANEUVERING,0.363624260769649
883.0,cctv2,C2_S001,G007,OCCUPIED,OCCUPIED,0.7963379968296398
883.0,cctv2,C2_S002,G008,OCCUPIED,OCCUPIED,0.8275481435385618
883.0,cctv2,C2_S003,G009,EMPTY,MANEUVERING,0.2789105268500068
883.0,cctv2,C2_S004,G010,OCCUPIED,OCCUPIED,0.7856380766088313
883.0,cctv2,C2_S005,G001,EMPTY,EMPTY,0.01
883.0,cctv2,C2_S006,G003,OCCUPIED,OCCUPIED,0.8229809601198543
883.0,cctv2,C2_S007,G004,OCCUPIED,OCCUPIED,0.8036279914054004
883.0,cctv2,C2_S008,G006,OCCUPIED,OCCUPIED,0.7240400405634534
883.0,cctv2,C2_S009,G005,OCCUPIED,OCCUPIED,0.801276219162074
883.0,cctv2,C2_S010,G002,OCCUPIED,OCCUPIED,0.8056608416817406
883.0,cctv2,C2_S011,G017,OCCUPIED,OCCUPIED,0.7987773846496236
883.0,cctv2,C2_S012,G018,EMPTY,EMPTY,0.01
883.0,cctv2,C2_S013,G019,OCCUPIED,OCCUPIED,0.8032448581673883
883.0,cctv2,C2_S014,G020,EMPTY,EMPTY,0.01
883.0,cctv3,C3_S001,G021,OCCUPIED,OCCUPIED,0.791244460777803
883.0,cctv3,C3_S002,G019,EMPTY,EMPTY,0.01
883.0,cctv3,C3_S003,G020,OCCUPIED,OCCUPIED,0.8218691121448171
883.0,cctv3,C3_S004,G024,OCCUPIED,OCCUPIED,0.8279948183081367
883.0,cctv3,C3_S005,G025,OCCUPIED,OCCUPIED,0.8287471234798431
883.0,cctv3,C3_S006,G026,OCCUPIED,OCCUPIED,0.81543441306461
883.0,cctv3,C3_S007,G027,OCCUPIED,OCCUPIED,0.51
883.0,cctv3,C3_S008,G028,EMPTY,EMPTY,0.01
883.0,cctv3,C3_S009,G029,EMPTY,MANEUVERING,0.1052929979528893
883.0,cctv3,C3_S010,G007,OCCUPIED,OCCUPIED,0.51
883.0,cctv3,C3_S011,G008,OCCUPIED,LEAVING,0.7115905477512967
883.0,cctv3,C3_S012,G009,OCCUPIED,OCCUPIED,0.8239307994192298
884.0,cctv1,C1_S001,G001,OCCUPIED,OCCUPIED,0.7385958124290813
884.0,cctv1,C1_S002,G002,EMPTY,EMPTY,0.01
884.0,cctv1,C1_S003,G003,OCCUPIED,OCCUPIED,0.8367243487726559
884.0,cctv1,C1_S004,G004,OCCUPIED,OCCUPIED,0.7786583156748252
884.0,cctv1,C1_S005,G005,OCCUPIED,LEAVING,0.7572846483100545
884.0,cctv1,C1_S006,G006,EMPTY,MANEUVERING,0.4501462944800204
884.0,cctv2,C2_S001,G007,OCCUPIED,OCCUPIED,0.797589249773459
884.0,cctv2,C2_S002,G008,OCCUPIED,OCCUPIED,0.828445053100586
884.0,cctv2,C2_S003,G009,EMPTY,MANEUVERING,0.2160974816571582
884.0,cctv2,C2_S004,G010,OCCUPIED,OCCUPIED,0.7838846698403359
884.0,cctv2,C2_S005,G001,EMPTY,EMPTY,0.01
884.0,cctv2,C2_S006,G003,OCCUPIED,OCCUPIED,0.8231835928830235
884.0,cctv2,C2_S007,G004,OCCUPIED,OCCUPIED,0.8020828740163284
884.0,cctv2,C2_S008,G006,OCCUPIED,OCCUPIED,0.7235724153031002
884.0,cctv2,C2_S009,G005,OCCUPIED,OCCUPIED,0.8015876577659087
884.0,cctv2,C2_S010,G002,OCCUPIED,OCCUPIED,0.8047812518748371
884.0,cctv2,C2_S011,G017,OCCUPIED,OCCUPIED,0.7992975234985352
884.0,cctv2,C2_S012,G018,EMPTY,EMPTY,0.01
884.0,cctv2,C2_S013,G019,OCCUPIED,OCCUPIED,0.8016690774397417
884.0,cctv2,C2_S014,G020,EMPTY,EMPTY,0.01
884.0,cctv3,C3_S001,G021,OCCUPIED,OCCUPIED,0.790785547007214
884.0,cctv3,C3_S002,G019,EMPTY,EMPTY,0.01
884.0,cctv3,C3_S003,G020,OCCUPIED,OCCUPIED,0.8214220903136514
884.0,cctv3,C3_S004,G024,OCCUPIED,OCCUPIED,0.8280251329595393
884.0,cctv3,C3_S005,G025,OCCUPIED,OCCUPIED,0.8287340212952008
884.0,cctv3,C3_S006,G026,OCCUPIED,OCCUPIED,0.8139450961893255
884.0,cctv3,C3_S007,G027,OCCUPIED,OCCUPIED,0.51
884.0,cctv3,C3_S008,G028,EMPTY,EMPTY,0.01
884.0,cctv3,C3_S009,G029,EMPTY,MANEUVERING,0.1052929979528893
884.0,cctv3,C3_S010,G007,OCCUPIED,OCCUPIED,0.51
884.0,cctv3,C3_S011,G008,OCCUPIED,LEAVING,0.7124087144840847
884.0,cctv3,C3_S012,G009,OCCUPIED,OCCUPIED,0.8245979086919265
885.0,cctv1,C1_S001,G001,OCCUPIED,OCCUPIED,0.7411126059564678
885.0,cctv1,C1_S002,G002,EMPTY,EMPTY,0.01
885.0,cctv1,C1_S003,G003,OCCUPIED,OCCUPIED,0.8366681028496136
885.0,cctv1,C1_S004,G004,OCCUPIED,OCCUPIED,0.7817155572501097
885.0,cctv1,C1_S005,G005,OCCUPIED,LEAVING,0.7527278271588413
885.0,cctv1,C1_S006,G006,EMPTY,MANEUVERING,0.4886712586889406
885.0,cctv2,C2_S001,G007,OCCUPIED,OCCUPIED,0.7983801844445142
885.0,cctv2,C2_S002,G008,OCCUPIED,OCCUPIED,0.828517067974264
885.0,cctv2,C2_S003,G009,EMPTY,MANEUVERING,0.2774217499724843
885.0,cctv2,C2_S004,G010,OCCUPIED,OCCUPIED,0.7850727445699952
885.0,cctv2,C2_S005,G001,EMPTY,EMPTY,0.01
885.0,cctv2,C2_S006,G003,OCCUPIED,OCCUPIED,0.822725381363522
885.0,cctv2,C2_S007,G004,OCCUPIED,OCCUPIED,0.7985347073186528
885.0,cctv2,C2_S008,G006,OCCUPIED,OCCUPIED,0.7245163181830536
885.0,cctv2,C2_S009,G005,OCCUPIED,OCCUPIED,0.8019045225598596
885.0,cctv2,C2_S010,G002,OCCUPIED,OCCUPIED,0.804679282415997
885.0,cctv2,C2_S011,G017,OCCUPIED,OCCUPIED,0.8007076396183535
885.0,cctv2,C2_S012,G018,EMPTY,EMPTY,0.01
885.0,cctv2,C2_S013,G019,OCCUPIED,OCCUPIED,0.8005547480149703
885.0,cctv2,C2_S014,G020,EMPTY,EMPTY,0.01
885.0,cctv3,C3_S001,G021,OCCUPIED,OCCUPIED,0.7910829495299947
885.0,cctv3,C3_S002,G019,EMPTY,EMPTY,0.01
885.0,cctv3,C3_S003,G020,OCCUPIED,OCCUPIED,0.8199902328577909
885.0,cctv3,C3_S004,G024,OCCUPIED,OCCUPIED,0.8281244397163392
885.0,cctv3,C3_S005,G025,OCCUPIED,OCCUPIED,0.8290451721711593
885.0,cctv3,C3_S006,G026,OCCUPIED,OCCUPIED,0.812918661128391
885.0,cctv3,C3_S007,G027,OCCUPIED,OCCUPIED,0.51
885.0,cctv3,C3_S008,G028,EMPTY,EMPTY,0.01
885.0,cctv3,C3_S009,G029,EMPTY,EMPTY,0.01
885.0,cctv3,C3_S010,G007,OCCUPIED,OCCUPIED,0.51
885.0,cctv3,C3_S011,G008,OCCUPIED,LEAVING,0.757787814329971
885.0,cctv3,C3_S012,G009,OCCUPIED,OCCUPIED,0.8248053734952754
886.0,cctv1,C1_S001,G001,OCCUPIED,OCCUPIED,0.6602464222569357
886.0,cctv1,C1_S002,G002,EMPTY,EMPTY,0.01
886.0,cctv1,C1_S003,G003,OCCUPIED,OCCUPIED,0.8367116611112249
886.0,cctv1,C1_S004,G004,OCCUPIED,OCCUPIED,0.781176041473042
886.0,cctv1,C1_S005,G005,OCCUPIED,LEAVING,0.7510517671704293
886.0,cctv1,C1_S006,G006,EMPTY,MANEUVERING,0.49
886.0,cctv2,C2_S001,G007,OCCUPIED,OCCUPIED,0.8007793545722962
886.0,cctv2,C2_S002,G008,OCCUPIED,OCCUPIED,0.8292242079973221
886.0,cctv2,C2_S003,G009,EMPTY,MANEUVERING,0.2774217499724843
886.0,cctv2,C2_S004,G010,OCCUPIED,OCCUPIED,0.786226413873109
886.0,cctv2,C2_S005,G001,EMPTY,EMPTY,0.01
886.0,cctv2,C2_S006,G003,OCCUPIED,OCCUPIED,0.8228572111238134
886.0,cctv2,C2_S007,G004,OCCUPIED,OCCUPIED,0.7967729861086066
886.0,cctv2,C2_S008,G006,OCCUPIED,OCCUPIED,0.7618212525140156
886.0,cctv2,C2_S009,G005,OCCUPIED,OCCUPIED,0.8022436464374716
886.0,cctv2,C2_S010,G002,OCCUPIED,OCCUPIED,0.8040085025809028
886.0,cctv2,C2_S011,G017,OCCUPIED,OCCUPIED,0.8013621798970483
886.0,cctv2,C2_S012,G018,EMPTY,EMPTY,0.01
886.0,cctv2,C2_S013,G019,OCCUPIED,OCCUPIED,0.7990600797263059
886.0,cctv2,C2_S014,G020,EMPTY,EMPTY,0.01
886.0,cctv3,C3_S001,G021,OCCUPIED,OCCUPIED,0.7905588450756941
886.0,cctv3,C3_S002,G019,EMPTY,EMPTY,0.01
886.0,cctv3,C3_S003,G020,OCCUPIED,OCCUPIED,0.8197857388041236
886.0,cctv3,C3_S004,G024,OCCUPIED,OCCUPIED,0.8279797451062636
886.0,cctv3,C3_S005,G025,OCCUPIED,OCCUPIED,0.829375288703225
886.0,cctv3,C3_S006,G026,OCCUPIED,OCCUPIED,0.8115798909555783
886.0,cctv3,C3_S007,G027,OCCUPIED,OCCUPIED,0.51
886.0,cctv3,C3_S008,G028,EMPTY,EMPTY,0.01
886.0,cctv3,C3_S009,G029,EMPTY,EMPTY,0.01
886.0,cctv3,C3_S010,G007,OCCUPIED,OCCUPIED,0.51
886.0,cctv3,C3_S011,G008,OCCUPIED,LEAVING,0.7560618611086499
886.0,cctv3,C3_S012,G009,OCCUPIED,OCCUPIED,0.8247970854694193
887.0,cctv1,C1_S001,G001,OCCUPIED,OCCUPIED,0.6601497440446507
887.0,cctv1,C1_S002,G002,EMPTY,EMPTY,0.01
887.0,cctv1,C1_S003,G003,OCCUPIED,OCCUPIED,0.8368720856579868
887.0,cctv1,C1_S004,G004,OCCUPIED,OCCUPIED,0.781785446676341
887.0,cctv1,C1_S005,G005,OCCUPIED,LEAVING,0.7509389461441475
887.0,cctv1,C1_S006,G006,EMPTY,MANEUVERING,0.49
887.0,cctv2,C2_S001,G007,OCCUPIED,OCCUPIED,0.8017576025290923
887.0,cctv2,C2_S002,G008,OCCUPIED,OCCUPIED,0.8301065198399804
887.0,cctv2,C2_S003,G009,EMPTY,MANEUVERING,0.2774217499724843
887.0,cctv2,C2_S004,G010,OCCUPIED,OCCUPIED,0.7861847404729236
887.0,cctv2,C2_S005,G001,EMPTY,EMPTY,0.01
887.0,cctv2,C2_S006,G003,OCCUPIED,OCCUPIED,0.8229092159054496
887.0,cctv2,C2_S007,G004,OCCUPIED,OCCUPIED,0.7959380932829597
887.0,cctv2,C2_S008,G006,OCCUPIED,OCCUPIED,0.7656715322624554
887.0,cctv2,C2_S009,G005,OCCUPIED,OCCUPIED,0.8034464822574096
887.0,cctv2,C2_S010,G002,OCCUPIED,OCCUPIED,0.8043462975458666
887.0,cctv2,C2_S011,G017,OCCUPIED,OCCUPIED,0.8003306583924727
887.0,cctv2,C2_S012,G018,EMPTY,EMPTY,0.01
887.0,cctv2,C2_S013,G019,OCCUPIED,OCCUPIED,0.7998888831246984
887.0,cctv2,C2_S014,G020,EMPTY,EMPTY,0.01
887.0,cctv3,C3_S001,G021,OCCUPIED,OCCUPIED,0.7902933364564723
887.0,cctv3,C3_S002,G019,EMPTY,EMPTY,0.01
887.0,cctv3,C3_S003,G020,OCCUPIED,OCCUPIED,0.81956238638271
887.0,cctv3,C3_S004,G024,OCCUPIED,OCCUPIED,0.8280915980989283
887.0,cctv3,C3_S005,G025,OCCUPIED,OCCUPIED,0.8293577137318525
887.0,cctv3,C3_S006,G026,OCCUPIED,OCCUPIED,0.8096568836407229
887.0,cctv3,C3_S007,G027,EMPTY,EMPTY,0.163922412615608
887.0,cctv3,C3_S008,G028,EMPTY,EMPTY,0.01
887.0,cctv3,C3_S009,G029,EMPTY,EMPTY,0.01
887.0,cctv3,C3_S010,G007,OCCUPIED,OCCUPIED,0.51
887.0,cctv3,C3_S011,G008,OCCUPIED,LEAVING,0.7479445717145097
887.0,cctv3,C3_S012,G009,OCCUPIED,OCCUPIED,0.8255387861620297
888.0,cctv1,C1_S001,G001,OCCUPIED,OCCUPIED,0.659759667258371
888.0,cctv1,C1_S002,G002,EMPTY,EMPTY,0.01
888.0,cctv1,C1_S003,G003,OCCUPIED,OCCUPIED,0.8366737753152848
888.0,cctv1,C1_S004,G004,OCCUPIED,OCCUPIED,0.7815750420093537
888.0,cctv1,C1_S005,G005,OCCUPIED,LEAVING,0.7510453144257719
888.0,cctv1,C1_S006,G006,EMPTY,MANEUVERING,0.49
888.0,cctv2,C2_S001,G007,OCCUPIED,OCCUPIED,0.8001563026146455
888.0,cctv2,C2_S002,G008,OCCUPIED,OCCUPIED,0.8294291482730346
888.0,cctv2,C2_S003,G009,EMPTY,MANEUVERING,0.2774217499724843
888.0,cctv2,C2_S004,G010,OCCUPIED,OCCUPIED,0.7848537283864889
888.0,cctv2,C2_S005,G001,EMPTY,EMPTY,0.01
888.0,cctv2,C2_S006,G003,OCCUPIED,OCCUPIED,0.8227294518188998
888.0,cctv2,C2_S007,G004,OCCUPIED,OCCUPIED,0.7959805949167772
888.0,cctv2,C2_S008,G006,OCCUPIED,OCCUPIED,0.7685636229135774
888.0,cctv2,C2_S009,G005,OCCUPIED,OCCUPIED,0.8000123273242604
888.0,cctv2,C2_S010,G002,OCCUPIED,OCCUPIED,0.8046196016398344
888.0,cctv2,C2_S011,G017,OCCUPIED,OCCUPIED,0.7992570952935653
888.0,cctv2,C2_S012,G018,EMPTY,EMPTY,0.01
888.0,cctv2,C2_S013,G019,OCCUPIED,OCCUPIED,0.7944184763865038
888.0,cctv2,C2_S014,G020,EMPTY,EMPTY,0.01
888.0,cctv3,C3_S001,G021,OCCUPIED,OCCUPIED,0.7909820318222046
888.0,cctv3,C3_S002,G019,EMPTY,EMPTY,0.01
888.0,cctv3,C3_S003,G020,OCCUPIED,OCCUPIED,0.8191939207640562
888.0,cctv3,C3_S004,G024,OCCUPIED,OCCUPIED,0.8281292327425698
888.0,cctv3,C3_S005,G025,OCCUPIED,OCCUPIED,0.8290130100466989
888.0,cctv3,C3_S006,G026,OCCUPIED,OCCUPIED,0.8072470822117546
888.0,cctv3,C3_S007,G027,EMPTY,MANEUVERING,0.163922412615608
888.0,cctv3,C3_S008,G028,EMPTY,EMPTY,0.01
888.0,cctv3,C3_S009,G029,EMPTY,EMPTY,0.01
888.0,cctv3,C3_S010,G007,OCCUPIED,LEAVING,0.51
888.0,cctv3,C3_S011,G008,OCCUPIED,LEAVING,0.7490012324262749
888.0,cctv3,C3_S012,G009,OCCUPIED,OCCUPIED,0.8249729676680132
889.0,cctv1,C1_S001,G001,OCCUPIED,OCCUPIED,0.6595720659602772
889.0,cctv1,C1_S002,G002,EMPTY,EMPTY,0.01
889.0,cctv1,C1_S003,G003,OCCUPIED,OCCUPIED,0.8372844297777523
889.0,cctv1,C1_S004,G004,OCCUPIED,OCCUPIED,0.7792668426578696
889.0,cctv1,C1_S005,G005,OCCUPIED,LEAVING,0.755395292152058
889.0,cctv1,C1_S006,G006,EMPTY,MANEUVERING,0.4478838738099192
889.0,cctv2,C2_S001,G007,OCCUPIED,OCCUPIED,0.8001237373460424
889.0,cctv2,C2_S002,G008,OCCUPIED,OCCUPIED,0.8286291932517833
889.0,cctv2,C2_S003,G009,EMPTY,MANEUVERING,0.3373179523917761
889.0,cctv2,C2_S004,G010,OCCUPIED,OCCUPIED,0.7843842003833165
889.0,cctv2,C2_S005,G001,EMPTY,EMPTY,0.01
889.0,cctv2,C2_S006,G003,OCCUPIED,OCCUPIED,0.8224793634631418
889.0,cctv2,C2_S007,G004,OCCUPIED,OCCUPIED,0.7957063821229069
889.0,cctv2,C2_S008,G006,OCCUPIED,OCCUPIED,0.7708652874285525
889.0,cctv2,C2_S009,G005,OCCUPIED,OCCUPIED,0.7955817866054449
889.0,cctv2,C2_S010,G002,OCCUPIED,OCCUPIED,0.8046299834143033
889.0,cctv2,C2_S011,G017,OCCUPIED,OCCUPIED,0.7998307328332555
889.0,cctv2,C2_S012,G018,EMPTY,MANEUVERING,0.183580781600692
889.0,cctv2,C2_S013,G019,OCCUPIED,OCCUPIED,0.7016136925599792
889.0,cctv2,C2_S014,G020,EMPTY,EMPTY,0.01
889.0,cctv3,C3_S001,G021,OCCUPIED,OCCUPIED,0.7900492452762344
889.0,cctv3,C3_S002,G019,EMPTY,EMPTY,0.01
889.0,cctv3,C3_S003,G020,OCCUPIED,OCCUPIED,0.819579517570409
889.0,cctv3,C3_S004,G024,OCCUPIED,OCCUPIED,0.8278365070169623
889.0,cctv3,C3_S005,G025,OCCUPIED,OCCUPIED,0.828412456133149
889.0,cctv3,C3_S006,G026,OCCUPIED,OCCUPIED,0.8054555998607116
889.0,cctv3,C3_S007,G027,EMPTY,MANEUVERING,0.2497205560400404
889.0,cctv3,C3_S008,G028,EMPTY,EMPTY,0.01
889.0,cctv3,C3_S009,G029,EMPTY,EMPTY,0.01
889.0,cctv3,C3_S010,G007,OCCUPIED,LEAVING,0.51
889.0,cctv3,C3_S011,G008,OCCUPIED,LEAVING,0.7558515571464193
889.0,cctv3,C3_S012,G009,OCCUPIED,OCCUPIED,0.8246420082720844
890.0,cctv1,C1_S001,G001,OCCUPIED,OCCUPIED,0.7044557649303567
890.0,cctv1,C1_S002,G002,EMPTY,EMPTY,0.01
890.0,cctv1,C1_S003,G003,OCCUPIED,OCCUPIED,0.8370452523231506
890.0,cctv1,C1_S004,G004,OCCUPIED,OCCUPIED,0.7796760567209938
890.0,cctv1,C1_S005,G005,OCCUPIED,LEAVING,0.7568995440548117
890.0,cctv1,C1_S006,G006,EMPTY,MANEUVERING,0.4028838738099192
890.0,cctv2,C2_S001,G007,OCCUPIED,OCCUPIED,0.7996363011273472
890.0,cctv2,C2_S002,G008,OCCUPIED,OCCUPIED,0.8282262173565952
890.0,cctv2,C2_S003,G009,EMPTY,MANEUVERING,0.4131039170412854
890.0,cctv2,C2_S004,G010,OCCUPIED,OCCUPIED,0.7802650182084604
890.0,cctv2,C2_S005,G001,EMPTY,EMPTY,0.01
890.0,cctv2,C2_S006,G003,OCCUPIED,OCCUPIED,0.8214410120790656
890.0,cctv2,C2_S007,G004,OCCUPIED,OCCUPIED,0.7946146279573442
890.0,cctv2,C2_S008,G006,OCCUPIED,OCCUPIED,0.7706081822514534
890.0,cctv2,C2_S009,G005,OCCUPIED,OCCUPIED,0.7930715315721253
890.0,cctv2,C2_S010,G002,OCCUPIED,OCCUPIED,0.7123651119253853
890.0,cctv2,C2_S011,G017,OCCUPIED,LEAVING,0.7999334378675982
890.0,cctv2,C2_S012,G018,EMPTY,MANEUVERING,0.183580781600692
890.0,cctv2,C2_S013,G019,OCCUPIED,LEAVING,0.7044532703540543
890.0,cctv2,C2_S014,G020,EMPTY,EMPTY,0.01
890.0,cctv3,C3_S001,G021,OCCUPIED,OCCUPIED,0.7918283260681414
890.0,cctv3,C3_S002,G019,EMPTY,EMPTY,0.01
890.0,cctv3,C3_S003,G020,OCCUPIED,OCCUPIED,0.819968467950821
890.0,cctv3,C3_S004,G024,OCCUPIED,OCCUPIED,0.8276894675059753
890.0,cctv3,C3_S005,G025,OCCUPIED,OCCUPIED,0.8274079217152163
890.0,cctv3,C3_S006,G026,OCCUPIED,OCCUPIED,0.8046437220139937
890.0,cctv3,C3_S007,G027,EMPTY,MANEUVERING,0.2177914267372001
890.0,cctv3,C3_S008,G028,EMPTY,EMPTY,0.01
890.0,cctv3,C3_S009,G029,EMPTY,EMPTY,0.01
890.0,cctv3,C3_S010,G007,OCCUPIED,LEAVING,0.51
890.0,cctv3,C3_S011,G008,OCCUPIED,LEAVING,0.7552823888171804
890.0,cctv3,C3_S012,G009,OCCUPIED,OCCUPIED,0.824195987798951
891.0,cctv1,C1_S001,G001,OCCUPIED,OCCUPIED,0.7046601930667055
891.0,cctv1,C1_S002,G002,EMPTY,EMPTY,0.01
891.0,cctv1,C1_S003,G003,OCCUPIED,OCCUPIED,0.837174454331398
891.0,cctv1,C1_S004,G004,OCCUPIED,OCCUPIED,0.7782645531676033
891.0,cctv1,C1_S005,G005,OCCUPIED,LEAVING,0.757035002518784
891.0,cctv1,C1_S006,G006,EMPTY,MANEUVERING,0.4378387080410342
891.0,cctv2,C2_S001,G007,OCCUPIED,OCCUPIED,0.7979174042289908
891.0,cctv2,C2_S002,G008,OCCUPIED,OCCUPIED,0.8285481515255841
891.0,cctv2,C2_S003,G009,EMPTY,MANEUVERING,0.4475483097745614
891.0,cctv2,C2_S004,G010,OCCUPIED,OCCUPIED,0.7810120418667794
891.0,cctv2,C2_S005,G001,EMPTY,EMPTY,0.01
891.0,cctv2,C2_S006,G003,OCCUPIED,OCCUPIED,0.8205757785927166
891.0,cctv2,C2_S007,G004,OCCUPIED,OCCUPIED,0.7932241147214717
891.0,cctv2,C2_S008,G006,OCCUPIED,OCCUPIED,0.7724912689490753
891.0,cctv2,C2_S009,G005,OCCUPIED,OCCUPIED,0.7921090988950297
891.0,cctv2,C2_S010,G002,OCCUPIED,LEAVING,0.7098103310845115
891.0,cctv2,C2_S011,G017,OCCUPIED,LEAVING,0.8008987307548524
891.0,cctv2,C2_S012,G018,EMPTY,MANEUVERING,0.183580781600692
891.0,cctv2,C2_S013,G019,OCCUPIED,LEAVING,0.7095212756774643
891.0,cctv2,C2_S014,G020,EMPTY,EMPTY,0.01
891.0,cctv3,C3_S001,G021,OCCUPIED,OCCUPIED,0.710844472985376
891.0,cctv3,C3_S002,G019,EMPTY,EMPTY,0.01
891.0,cctv3,C3_S003,G020,OCCUPIED,OCCUPIED,0.8209851617162879
891.0,cctv3,C3_S004,G024,OCCUPIED,OCCUPIED,0.8276780608025465
891.0,cctv3,C3_S005,G025,OCCUPIED,OCCUPIED,0.8268776359883222
891.0,cctv3,C3_S006,G026,OCCUPIED,OCCUPIED,0.8011018207127398
891.0,cctv3,C3_S007,G027,EMPTY,MANEUVERING,0.2177914267372001
891.0,cctv3,C3_S008,G028,EMPTY,EMPTY,0.01
891.0,cctv3,C3_S009,G029,EMPTY,EMPTY,0.01
891.0,cctv3,C3_S010,G007,OCCUPIED,OCCUPIED,0.51
891.0,cctv3,C3_S011,G008,OCCUPIED,LEAVING,0.7540965931523931
891.0,cctv3,C3_S012,G009,OCCUPIED,OCCUPIED,0.8238543085076593
892.0,cctv1,C1_S001,G001,OCCUPIED,OCCUPIED,0.70277721662413
892.0,cctv1,C1_S002,G002,EMPTY,EMPTY,0.01
892.0,cctv1,C1_S003,G003,OCCUPIED,OCCUPIED,0.8372015990994194
892.0,cctv1,C1_S004,G004,OCCUPIED,OCCUPIED,0.7772208471189846
892.0,cctv1,C1_S005,G005,OCCUPIED,LEAVING,0.7614541101184759
892.0,cctv1,C1_S006,G006,EMPTY,MANEUVERING,0.401140773971424
892.0,cctv2,C2_S001,G007,OCCUPIED,OCCUPIED,0.7988001948053187
892.0,cctv2,C2_S002,G008,OCCUPIED,OCCUPIED,0.828798231753436
892.0,cctv2,C2_S003,G009,EMPTY,MANEUVERING,0.49
892.0,cctv2,C2_S004,G010,OCCUPIED,OCCUPIED,0.7814794915643606
892.0,cctv2,C2_S005,G001,EMPTY,EMPTY,0.01
892.0,cctv2,C2_S006,G003,OCCUPIED,OCCUPIED,0.8171053382483396
892.0,cctv2,C2_S007,G004,OCCUPIED,OCCUPIED,0.7901556111194872
892.0,cctv2,C2_S008,G006,OCCUPIED,OCCUPIED,0.774544497917999
892.0,cctv2,C2_S009,G005,OCCUPIED,OCCUPIED,0.7905581985007634
892.0,cctv2,C2_S010,G002,OCCUPIED,LEAVING,0.617679722941283
892.0,cctv2,C2_S011,G017,OCCUPIED,LEAVING,0.7986511810259386
892.0,cctv2,C2_S012,G018,EMPTY,MANEUVERING,0.183580781600692
892.0,cctv2,C2_S013,G019,OCCUPIED,LEAVING,0.7092434551499107
892.0,cctv2,C2_S014,G020,EMPTY,EMPTY,0.01
892.0,cctv3,C3_S001,G021,OCCUPIED,OCCUPIED,0.7102084130455147
892.0,cctv3,C3_S002,G019,EMPTY,EMPTY,0.01
892.0,cctv3,C3_S003,G020,OCCUPIED,OCCUPIED,0.8206412952054631
892.0,cctv3,C3_S004,G024,OCCUPIED,OCCUPIED,0.827739968624982
892.0,cctv3,C3_S005,G025,OCCUPIED,OCCUPIED,0.8270361992445859
892.0,cctv3,C3_S006,G026,OCCUPIED,OCCUPIED,0.8013134502551773
892.0,cctv3,C3_S007,G027,EMPTY,MANEUVERING,0.2177914267372001
892.0,cctv3,C3_S008,G028,EMPTY,EMPTY,0.01
892.0,cctv3,C3_S009,G029,EMPTY,EMPTY,0.01
892.0,cctv3,C3_S010,G007,OCCUPIED,LEAVING,0.51
892.0,cctv3,C3_S011,G008,OCCUPIED,LEAVING,0.7745989583374618
892.0,cctv3,C3_S012,G009,OCCUPIED,OCCUPIED,0.8241933478550478
893.0,cctv1,C1_S001,G001,OCCUPIED,OCCUPIED,0.7011523956466805
893.0,cctv1,C1_S002,G002,EMPTY,EMPTY,0.01
893.0,cctv1,C1_S003,G003,OCCUPIED,OCCUPIED,0.8372649829496037
893.0,cctv1,C1_S004,G004,OCCUPIED,OCCUPIED,0.7765714249827645
893.0,cctv1,C1_S005,G005,OCCUPIED,OCCUPIED,0.763486487757076
893.0,cctv1,C1_S006,G006,EMPTY,MANEUVERING,0.401140773971424
893.0,cctv2,C2_S001,G007,OCCUPIED,OCCUPIED,0.7974720526825299
893.0,cctv2,C2_S002,G008,OCCUPIED,OCCUPIED,0.8287803300402382
893.0,cctv2,C2_S003,G009,EMPTY,MANEUVERING,0.4802400075847452
893.0,cctv2,C2_S004,G010,OCCUPIED,OCCUPIED,0.7816662968559699
893.0,cctv2,C2_S005,G001,EMPTY,EMPTY,0.01
893.0,cctv2,C2_S006,G003,OCCUPIED,OCCUPIED,0.8114132518118079
893.0,cctv2,C2_S007,G004,OCCUPIED,OCCUPIED,0.7905816954645244
893.0,cctv2,C2_S008,G006,OCCUPIED,OCCUPIED,0.7751649497584864
893.0,cctv2,C2_S009,G005,OCCUPIED,OCCUPIED,0.7892357654192231
893.0,cctv2,C2_S010,G002,OCCUPIED,LEAVING,0.5248656438087875
893.0,cctv2,C2_S011,G017,OCCUPIED,LEAVING,0.7976215671409261
893.0,cctv2,C2_S012,G018,EMPTY,MANEUVERING,0.138580781600692
893.0,cctv2,C2_S013,G019,OCCUPIED,LEAVING,0.7552618103406648
893.0,cctv2,C2_S014,G020,EMPTY,EMPTY,0.01
893.0,cctv3,C3_S001,G021,OCCUPIED,OCCUPIED,0.7117303252626549
893.0,cctv3,C3_S002,G019,EMPTY,EMPTY,0.01
893.0,cctv3,C3_S003,G020,OCCUPIED,OCCUPIED,0.8212025198069486
893.0,cctv3,C3_S004,G024,OCCUPIED,OCCUPIED,0.8278667517683723
893.0,cctv3,C3_S005,G025,OCCUPIED,OCCUPIED,0.8270291677930139
893.0,cctv3,C3_S006,G026,OCCUPIED,OCCUPIED,0.803509702330286
893.0,cctv3,C3_S007,G027,EMPTY,MANEUVERING,0.1727914267372001
893.0,cctv3,C3_S008,G028,EMPTY,EMPTY,0.01
893.0,cctv3,C3_S009,G029,EMPTY,EMPTY,0.01
893.0,cctv3,C3_S010,G007,OCCUPIED,OCCUPIED,0.51
893.0,cctv3,C3_S011,G008,OCCUPIED,OCCUPIED,0.7753863435519207
893.0,cctv3,C3_S012,G009,OCCUPIED,OCCUPIED,0.8223717890002511
894.0,cctv1,C1_S001,G001,OCCUPIED,LEAVING,0.7032267561961305
894.0,cctv1,C1_S002,G002,EMPTY,EMPTY,0.01
894.0,cctv1,C1_S003,G003,OCCUPIED,OCCUPIED,0.8373909020965751
894.0,cctv1,C1_S004,G004,OCCUPIED,OCCUPIED,0.7760634601116181
894.0,cctv1,C1_S005,G005,OCCUPIED,OCCUPIED,0.7651064334945246
894.0,cctv1,C1_S006,G006,EMPTY,MANEUVERING,0.3651642609094128
894.0,cctv2,C2_S001,G007,OCCUPIED,OCCUPIED,0.7967789625579661
894.0,cctv2,C2_S002,G008,OCCUPIED,OCCUPIED,0.8284383500164206
894.0,cctv2,C2_S003,G009,EMPTY,MANEUVERING,0.4352400075847452
894.0,cctv2,C2_S004,G010,OCCUPIED,OCCUPIED,0.783340794254433
894.0,cctv2,C2_S005,G001,EMPTY,EMPTY,0.01
894.0,cctv2,C2_S006,G003,OCCUPIED,OCCUPIED,0.8078872564164076
894.0,cctv2,C2_S007,G004,OCCUPIED,OCCUPIED,0.7927935027263382
894.0,cctv2,C2_S008,G006,OCCUPIED,OCCUPIED,0.775417076999491
894.0,cctv2,C2_S009,G005,OCCUPIED,OCCUPIED,0.7874890125610612
894.0,cctv2,C2_S010,G002,OCCUPIED,LEAVING,0.5706868423318322
894.0,cctv2,C2_S011,G017,OCCUPIED,LEAVING,0.7978114569729026
894.0,cctv2,C2_S012,G018,EMPTY,MANEUVERING,0.138580781600692
894.0,cctv2,C2_S013,G019,OCCUPIED,LEAVING,0.7567062442682007
894.0,cctv2,C2_S014,G020,EMPTY,EMPTY,0.01
894.0,cctv3,C3_S001,G021,OCCUPIED,OCCUPIED,0.7145936620641838
894.0,cctv3,C3_S002,G019,EMPTY,EMPTY,0.01
894.0,cctv3,C3_S003,G020,OCCUPIED,OCCUPIED,0.8212061074647037
894.0,cctv3,C3_S004,G024,OCCUPIED,OCCUPIED,0.8279409026557749
894.0,cctv3,C3_S005,G025,OCCUPIED,OCCUPIED,0.8270988353274086
894.0,cctv3,C3_S006,G026,OCCUPIED,OCCUPIED,0.805102911726995
894.0,cctv3,C3_S007,G027,EMPTY,MANEUVERING,0.2551665576479652
894.0,cctv3,C3_S008,G028,EMPTY,EMPTY,0.01
894.0,cctv3,C3_S009,G029,EMPTY,MANEUVERING,0.1578126963353776
894.0,cctv3,C3_S010,G007,OCCUPIED,OCCUPIED,0.51
894.0,cctv3,C3_S011,G008,OCCUPIED,OCCUPIED,0.7770244390314276
894.0,cctv3,C3_S012,G009,OCCUPIED,OCCUPIED,0.8217164651914077
895.0,cctv1,C1_S001,G001,OCCUPIED,LEAVING,0.7093033619631421
895.0,cctv1,C1_S002,G002,EMPTY,EMPTY,0.01
895.0,cctv1,C1_S003,G003,OCCUPIED,OCCUPIED,0.8376094021580437
895.0,cctv1,C1_S004,G004,OCCUPIED,OCCUPIED,0.7768917238170451
895.0,cctv1,C1_S005,G005,OCCUPIED,OCCUPIED,0.7515740220384165
895.0,cctv1,C1_S006,G006,EMPTY,MANEUVERING,0.3631461064969048
895.0,cctv2,C2_S001,G007,OCCUPIED,OCCUPIED,0.794840461828492
895.0,cctv2,C2_S002,G008,OCCUPIED,OCCUPIED,0.8287535071372987
895.0,cctv2,C2_S003,G009,EMPTY,MANEUVERING,0.3902400075847452
895.0,cctv2,C2_S004,G010,OCCUPIED,OCCUPIED,0.7860474394126372
895.0,cctv2,C2_S005,G001,EMPTY,EMPTY,0.01
895.0,cctv2,C2_S006,G003,OCCUPIED,OCCUPIED,0.8062550306320191
895.0,cctv2,C2_S007,G004,OCCUPIED,OCCUPIED,0.7934518314220689
895.0,cctv2,C2_S008,G006,OCCUPIED,OCCUPIED,0.7732110206376424
895.0,cctv2,C2_S009,G005,OCCUPIED,OCCUPIED,0.7858110445466909
895.0,cctv2,C2_S010,G002,OCCUPIED,LEAVING,0.5730249898677523
895.0,cctv2,C2_S011,G017,OCCUPIED,LEAVING,0.7983574084260248
895.0,cctv2,C2_S012,G018,EMPTY,MANEUVERING,0.138580781600692
895.0,cctv2,C2_S013,G019,OCCUPIED,LEAVING,0.75798460833051
895.0,cctv2,C2_S014,G020,EMPTY,EMPTY,0.01
895.0,cctv3,C3_S001,G021,OCCUPIED,OCCUPIED,0.7594298103858125
895.0,cctv3,C3_S002,G019,EMPTY,EMPTY,0.01
895.0,cctv3,C3_S003,G020,OCCUPIED,LEAVING,0.8214028442447836
895.0,cctv3,C3_S004,G024,OCCUPIED,OCCUPIED,0.8278738181699407
895.0,cctv3,C3_S005,G025,OCCUPIED,OCCUPIED,0.8270670877261596
895.0,cctv3,C3_S006,G026,OCCUPIED,OCCUPIED,0.8065421346913685
895.0,cctv3,C3_S007,G027,EMPTY,MANEUVERING,0.2551665576479652
895.0,cctv3,C3_S008,G028,EMPTY,EMPTY,0.01
895.0,cctv3,C3_S009,G029,EMPTY,MANEUVERING,0.1578126963353776
895.0,cctv3,C3_S010,G007,OCCUPIED,OCCUPIED,0.51
895.0,cctv3,C3_S011,G008,OCCUPIED,OCCUPIED,0.7763631604115169
895.0,cctv3,C3_S012,G009,OCCUPIED,OCCUPIED,0.8217768246477302
896.0,cctv1,C1_S001,G001,OCCUPIED,LEAVING,0.7155088907886635
896.0,cctv1,C1_S002,G002,EMPTY,EMPTY,0.01
896.0,cctv1,C1_S003,G003,OCCUPIED,OCCUPIED,0.8376230139623989
896.0,cctv1,C1_S004,G004,OCCUPIED,OCCUPIED,0.7770304720510137
896.0,cctv1,C1_S005,G005,OCCUPIED,OCCUPIED,0.7555325786001755
896.0,cctv1,C1_S006,G006,EMPTY,MANEUVERING,0.3269094789886113
896.0,cctv2,C2_S001,G007,OCCUPIED,OCCUPIED,0.7952542096376419
896.0,cctv2,C2_S002,G008,OCCUPIED,OCCUPIED,0.8290760484608738
896.0,cctv2,C2_S003,G009,EMPTY,MANEUVERING,0.392291573380882
896.0,cctv2,C2_S004,G010,OCCUPIED,OCCUPIED,0.7879742733456873
896.0,cctv2,C2_S005,G001,EMPTY,EMPTY,0.01
896.0,cctv2,C2_S006,G003,OCCUPIED,OCCUPIED,0.8054947869344191
896.0,cctv2,C2_S007,G004,OCCUPIED,OCCUPIED,0.7959120429374955
896.0,cctv2,C2_S008,G006,OCCUPIED,OCCUPIED,0.7728436555374754
896.0,cctv2,C2_S009,G005,OCCUPIED,OCCUPIED,0.7854727854782886
896.0,cctv2,C2_S010,G002,OCCUPIED,LEAVING,0.6191098607128317
896.0,cctv2,C2_S011,G017,OCCUPIED,LEAVING,0.7991817666725679
896.0,cctv2,C2_S012,G018,EMPTY,MANEUVERING,0.138580781600692
896.0,cctv2,C2_S013,G019,OCCUPIED,LEAVING,0.7599355416677216
896.0,cctv2,C2_S014,G020,EMPTY,EMPTY,0.01
896.0,cctv3,C3_S001,G021,OCCUPIED,OCCUPIED,0.7596219665218484
896.0,cctv3,C3_S002,G019,EMPTY,EMPTY,0.01
896.0,cctv3,C3_S003,G020,OCCUPIED,LEAVING,0.8224359490654686
896.0,cctv3,C3_S004,G024,OCCUPIED,OCCUPIED,0.8278756697069516
896.0,cctv3,C3_S005,G025,OCCUPIED,OCCUPIED,0.8270797363736413
896.0,cctv3,C3_S006,G026,OCCUPIED,OCCUPIED,0.8077310823581436
896.0,cctv3,C3_S007,G027,EMPTY,MANEUVERING,0.3333958139168945
896.0,cctv3,C3_S008,G028,EMPTY,EMPTY,0.01
896.0,cctv3,C3_S009,G029,EMPTY,MANEUVERING,0.1578126963353776
896.0,cctv3,C3_S010,G007,OCCUPIED,OCCUPIED,0.51
896.0,cctv3,C3_S011,G008,OCCUPIED,OCCUPIED,0.7748786072189158
896.0,cctv3,C3_S012,G009,OCCUPIED,OCCUPIED,0.8222359456799248
897.0,cctv1,C1_S001,G001,OCCUPIED,LEAVING,0.7578564867377282
897.0,cctv1,C1_S002,G002,EMPTY,EMPTY,0.01
897.0,cctv1,C1_S003,G003,OCCUPIED,OCCUPIED,0.8375904722647234
897.0,cctv1,C1_S004,G004,OCCUPIED,OCCUPIED,0.7767292339693417
897.0,cctv1,C1_S005,G005,OCCUPIED,OCCUPIED,0.7584587803645568
897.0,cctv1,C1_S006,G006,EMPTY,MANEUVERING,0.2915579764319188
897.0,cctv2,C2_S001,G007,OCCUPIED,OCCUPIED,0.7959674951705067
897.0,cctv2,C2_S002,G008,OCCUPIED,OCCUPIED,0.8294865613633937
897.0,cctv2,C2_S003,G009,EMPTY,MANEUVERING,0.392291573380882
897.0,cctv2,C2_S004,G010,OCCUPIED,OCCUPIED,0.7876802674748682
897.0,cctv2,C2_S005,G001,EMPTY,EMPTY,0.01
897.0,cctv2,C2_S006,G003,OCCUPIED,OCCUPIED,0.8037167863412338
897.0,cctv2,C2_S007,G004,OCCUPIED,OCCUPIED,0.7970774058591237
897.0,cctv2,C2_S008,G006,OCCUPIED,OCCUPIED,0.7732940252531659
897.0,cctv2,C2_S009,G005,OCCUPIED,OCCUPIED,0.7855086628686299
897.0,cctv2,C2_S010,G002,OCCUPIED,LEAVING,0.5730996773227469
897.0,cctv2,C2_S011,G017,OCCUPIED,LEAVING,0.7850899024985054
897.0,cctv2,C2_S012,G018,EMPTY,MANEUVERING,0.2096805584837089
897.0,cctv2,C2_S013,G019,OCCUPIED,LEAVING,0.7601512896201829
897.0,cctv2,C2_S014,G020,EMPTY,EMPTY,0.01
897.0,cctv3,C3_S001,G021,OCCUPIED,OCCUPIED,0.76114036236297
897.0,cctv3,C3_S002,G019,EMPTY,EMPTY,0.01
897.0,cctv3,C3_S003,G020,OCCUPIED,LEAVING,0.8213526349176061
897.0,cctv3,C3_S004,G024,OCCUPIED,OCCUPIED,0.8281578185883436
897.0,cctv3,C3_S005,G025,OCCUPIED,OCCUPIED,0.8269391105933623
897.0,cctv3,C3_S006,G026,OCCUPIED,OCCUPIED,0.8088357574560426
897.0,cctv3,C3_S007,G027,EMPTY,MANEUVERING,0.4132626493605362
897.0,cctv3,C3_S008,G028,EMPTY,EMPTY,0.01
897.0,cctv3,C3_S009,G029,EMPTY,MANEUVERING,0.2613710258088328
897.0,cctv3,C3_S010,G007,OCCUPIED,OCCUPIED,0.51
897.0,cctv3,C3_S011,G008,OCCUPIED,OCCUPIED,0.773854703415524
897.0,cctv3,C3_S012,G009,OCCUPIED,OCCUPIED,0.8223414369604805
898.0,cctv1,C1_S001,G001,OCCUPIED,LEAVING,0.765411325679584
898.0,cctv1,C1_S002,G002,EMPTY,EMPTY,0.01
898.0,cctv1,C1_S003,G003,OCCUPIED,OCCUPIED,0.837590656768192
898.0,cctv1,C1_S004,G004,OCCUPIED,OCCUPIED,0.7769772180102089
898.0,cctv1,C1_S005,G005,OCCUPIED,OCCUPIED,0.762314624705098
898.0,cctv1,C1_S006,G006,EMPTY,MANEUVERING,0.2632496247372844
898.0,cctv2,C2_S001,G007,OCCUPIED,OCCUPIED,0.7981216325001284
898.0,cctv2,C2_S002,G008,OCCUPIED,OCCUPIED,0.8301426069302993
898.0,cctv2,C2_S003,G009,EMPTY,MANEUVERING,0.392291573380882
898.0,cctv2,C2_S004,G010,OCCUPIED,OCCUPIED,0.7888833073052494
898.0,cctv2,C2_S005,G001,EMPTY,EMPTY,0.01
898.0,cctv2,C2_S006,G003,OCCUPIED,OCCUPIED,0.8021690233187243
898.0,cctv2,C2_S007,G004,OCCUPIED,OCCUPIED,0.7971766849810428
898.0,cctv2,C2_S008,G006,OCCUPIED,OCCUPIED,0.7714638016440653
898.0,cctv2,C2_S009,G005,OCCUPIED,OCCUPIED,0.7849975898861886
898.0,cctv2,C2_S010,G002,OCCUPIED,LEAVING,0.51
898.0,cctv2,C2_S011,G017,OCCUPIED,LEAVING,0.7882072527842089
898.0,cctv2,C2_S012,G018,EMPTY,MANEUVERING,0.2096805584837089
898.0,cctv2,C2_S013,G019,OCCUPIED,LEAVING,0.758356052257798
898.0,cctv2,C2_S014,G020,EMPTY,EMPTY,0.01
898.0,cctv3,C3_S001,G021,OCCUPIED,OCCUPIED,0.7536740504611623
898.0,cctv3,C3_S002,G019,EMPTY,EMPTY,0.01
898.0,cctv3,C3_S003,G020,OCCUPIED,LEAVING,0.8203467715870251
898.0,cctv3,C3_S004,G024,OCCUPIED,OCCUPIED,0.8282579682090067
898.0,cctv3,C3_S005,G025,OCCUPIED,OCCUPIED,0.8269302495501258
898.0,cctv3,C3_S006,G026,OCCUPIED,OCCUPIED,0.8106250233270906
898.0,cctv3,C3_S007,G027,EMPTY,MANEUVERING,0.4489069080183452
898.0,cctv3,C3_S008,G028,EMPTY,EMPTY,0.01
898.0,cctv3,C3_S009,G029,EMPTY,MANEUVERING,0.2163710258088328
898.0,cctv3,C3_S010,G007,OCCUPIED,OCCUPIED,0.51
898.0,cctv3,C3_S011,G008,OCCUPIED,OCCUPIED,0.7898177950219675
898.0,cctv3,C3_S012,G009,OCCUPIED,OCCUPIED,0.8224664774808017
899.0,cctv1,C1_S001,G001,OCCUPIED,LEAVING,0.7728375589983031
899.0,cctv1,C1_S002,G002,EMPTY,EMPTY,0.01
899.0,cctv1,C1_S003,G003,OCCUPIED,OCCUPIED,0.8376239177855579
899.0,cctv1,C1_S004,G004,OCCUPIED,OCCUPIED,0.7775849838148464
899.0,cctv1,C1_S005,G005,OCCUPIED,OCCUPIED,0.751158890453252
899.0,cctv1,C1_S006,G006,EMPTY,MANEUVERING,0.2020079055157574
899.0,cctv2,C2_S001,G007,OCCUPIED,OCCUPIED,0.7993311307647012
899.0,cctv2,C2_S002,G008,OCCUPIED,OCCUPIED,0.8299991469491612
899.0,cctv2,C2_S003,G009,EMPTY,MANEUVERING,0.392291573380882
899.0,cctv2,C2_S004,G010,OCCUPIED,OCCUPIED,0.791119624267925
899.0,cctv2,C2_S005,G001,EMPTY,EMPTY,0.01
899.0,cctv2,C2_S006,G003,OCCUPIED,OCCUPIED,0.8003028666431254
899.0,cctv2,C2_S007,G004,OCCUPIED,OCCUPIED,0.7969399507750166
899.0,cctv2,C2_S008,G006,OCCUPIED,OCCUPIED,0.7713443909179081
899.0,cctv2,C2_S009,G005,OCCUPIED,OCCUPIED,0.7885716195810926
899.0,cctv2,C2_S010,G002,OCCUPIED,LEAVING,0.51
899.0,cctv2,C2_S011,G017,OCCUPIED,OCCUPIED,0.7496878358450804
899.0,cctv2,C2_S012,G018,EMPTY,MANEUVERING,0.2096805584837089
899.0,cctv2,C2_S013,G019,OCCUPIED,OCCUPIED,0.7642518802664497
899.0,cctv2,C2_S014,G020,EMPTY,EMPTY,0.01
899.0,cctv3,C3_S001,G021,OCCUPIED,OCCUPIED,0.7521465789188039
899.0,cctv3,C3_S002,G019,EMPTY,EMPTY,0.01
899.0,cctv3,C3_S003,G020,OCCUPIED,LEAVING,0.8209491136399183
899.0,cctv3,C3_S004,G024,OCCUPIED,OCCUPIED,0.8284538824449886
899.0,cctv3,C3_S005,G025,OCCUPIED,OCCUPIED,0.827165840159763
899.0,cctv3,C3_S006,G026,OCCUPIED,OCCUPIED,0.8130731860345061
899.0,cctv3,C3_S007,G027,EMPTY,MANEUVERING,0.49
899.0,cctv3,C3_S008,G028,EMPTY,EMPTY,0.01
899.0,cctv3,C3_S009,G029,EMPTY,MANEUVERING,0.3125239101323214
899.0,cctv3,C3_S010,G007,OCCUPIED,OCCUPIED,0.51
899.0,cctv3,C3_S011,G008,OCCUPIED,OCCUPIED,0.7878892054611987
899.0,cctv3,C3_S012,G009,OCCUPIED,OCCUPIED,0.8223371917551214
900.0,cctv1,C1_S001,G001,OCCUPIED,LEAVING,0.7810164853930474
900.0,cctv1,C1_S002,G002,EMPTY,EMPTY,0.01
900.0,cctv1,C1_S003,G003,OCCUPIED,OCCUPIED,0.8375548882917925
900.0,cctv1,C1_S004,G004,OCCUPIED,OCCUPIED,0.7798310428857804
900.0,cctv1,C1_S005,G005,OCCUPIED,OCCUPIED,0.7487963284145702
900.0,cctv1,C1_S006,G006,EMPTY,MANEUVERING,0.2020079055157574
900.0,cctv2,C2_S001,G007,OCCUPIED,OCCUPIED,0.7995105453512886
900.0,cctv2,C2_S002,G008,OCCUPIED,OCCUPIED,0.8305400997400284
900.0,cctv2,C2_S003,G009,EMPTY,MANEUVERING,0.386010211800987
900.0,cctv2,C2_S004,G010,OCCUPIED,OCCUPIED,0.7899679438634353
900.0,cctv2,C2_S005,G001,EMPTY,EMPTY,0.01
900.0,cctv2,C2_S006,G003,OCCUPIED,OCCUPIED,0.7988156126304107
900.0,cctv2,C2_S007,G004,OCCUPIED,OCCUPIED,0.7967043723572385
900.0,cctv2,C2_S008,G006,OCCUPIED,OCCUPIED,0.7709864472801036
900.0,cctv2,C2_S009,G005,OCCUPIED,OCCUPIED,0.7921982778744264
900.0,cctv2,C2_S010,G002,OCCUPIED,LEAVING,0.51
900.0,cctv2,C2_S011,G017,OCCUPIED,OCCUPIED,0.7495444628325376
900.0,cctv2,C2_S012,G018,EMPTY,MANEUVERING,0.1721439717303622
900.0,cctv2,C2_S013,G019,OCCUPIED,OCCUPIED,0.8083918083797802
900.0,cctv2,C2_S014,G020,EMPTY,EMPTY,0.01
900.0,cctv3,C3_S001,G021,OCCUPIED,OCCUPIED,0.7549962941218507
900.0,cctv3,C3_S002,G019,EMPTY,EMPTY,0.01
900.0,cctv3,C3_S003,G020,OCCUPIED,LEAVING,0.8212020865895532
900.0,cctv3,C3_S004,G024,OCCUPIED,OCCUPIED,0.8287065774202347
900.0,cctv3,C3_S005,G025,OCCUPIED,OCCUPIED,0.8278042831204155
900.0,cctv3,C3_S006,G026,OCCUPIED,OCCUPIED,0.8165897530588238
900.0,cctv3,C3_S007,G027,EMPTY,MANEUVERING,0.4473151673952287
900.0,cctv3,C3_S008,G028,EMPTY,EMPTY,0.01
900.0,cctv3,C3_S009,G029,EMPTY,MANEUVERING,0.3125239101323214
900.0,cctv3,C3_S010,G007,OCCUPIED,OCCUPIED,0.51
900.0,cctv3,C3_S011,G008,OCCUPIED,OCCUPIED,0.7860071936791594
900.0,cctv3,C3_S012,G009,OCCUPIED,OCCUPIED,0.8225089262832296
901.0,cctv1,C1_S001,G001,OCCUPIED,LEAVING,0.7886421311985363
901.0,cctv1,C1_S002,G002,EMPTY,EMPTY,0.01
901.0,cctv1,C1_S003,G003,OCCUPIED,OCCUPIED,0.8376323586160487
901.0,cctv1,C1_S004,G004,OCCUPIED,OCCUPIED,0.7793860684741628
901.0,cctv1,C1_S005,G005,OCCUPIED,OCCUPIED,0.752061405425722
901.0,cctv1,C1_S006,G006,EMPTY,MANEUVERING,0.2020079055157574
901.0,cctv2,C2_S001,G007,OCCUPIED,OCCUPIED,0.7995362100276081
901.0,cctv2,C2_S002,G008,OCCUPIED,OCCUPIED,0.830902062221007
901.0,cctv2,C2_S003,G009,EMPTY,MANEUVERING,0.3492154938219623
901.0,cctv2,C2_S004,G010,OCCUPIED,OCCUPIED,0.7944273081692783
901.0,cctv2,C2_S005,G001,EMPTY,EMPTY,0.01
901.0,cctv2,C2_S006,G003,OCCUPIED,OCCUPIED,0.79825263727795
901.0,cctv2,C2_S007,G004,OCCUPIED,OCCUPIED,0.7969582401893356
901.0,cctv2,C2_S008,G006,OCCUPIED,OCCUPIED,0.7717818726192822
901.0,cctv2,C2_S009,G005,OCCUPIED,OCCUPIED,0.7946026116609574
901.0,cctv2,C2_S010,G002,OCCUPIED,LEAVING,0.51
901.0,cctv2,C2_S011,G017,OCCUPIED,LEAVING,0.7878667417516957
901.0,cctv2,C2_S012,G018,EMPTY,MANEUVERING,0.1242868288732194
901.0,cctv2,C2_S013,G019,OCCUPIED,OCCUPIED,0.8093460660089147
901.0,cctv2,C2_S014,G020,EMPTY,EMPTY,0.01
901.0,cctv3,C3_S001,G021,OCCUPIED,OCCUPIED,0.7522590318728577
901.0,cctv3,C3_S002,G019,EMPTY,EMPTY,0.01
901.0,cctv3,C3_S003,G020,OCCUPIED,LEAVING,0.8212074526331642
901.0,cctv3,C3_S004,G024,OCCUPIED,OCCUPIED,0.828694266893647
901.0,cctv3,C3_S005,G025,OCCUPIED,OCCUPIED,0.8286961070515894
901.0,cctv3,C3_S006,G026,OCCUPIED,OCCUPIED,0.8190999788316814
901.0,cctv3,C3_S007,G027,EMPTY,MANEUVERING,0.4836034147424454
901.0,cctv3,C3_S008,G028,EMPTY,EMPTY,0.01
901.0,cctv3,C3_S009,G029,EMPTY,MANEUVERING,0.2675239101323214
901.0,cctv3,C3_S010,G007,OCCUPIED,OCCUPIED,0.51
901.0,cctv3,C3_S011,G008,OCCUPIED,OCCUPIED,0.7746143411777238
901.0,cctv3,C3_S012,G009,OCCUPIED,OCCUPIED,0.8233995773575523
902.0,cctv1,C1_S001,G001,OCCUPIED,LEAVING,0.7955998329953714
902.0,cctv1,C1_S002,G002,EMPTY,EMPTY,0.01
902.0,cctv1,C1_S003,G003,OCCUPIED,LEAVING,0.8321270929141479
902.0,cctv1,C1_S004,G004,OCCUPIED,OCCUPIED,0.7820208137685603
902.0,cctv1,C1_S005,G005,OCCUPIED,OCCUPIED,0.7530392161011696
902.0,cctv1,C1_S006,G006,EMPTY,MANEUVERING,0.1671067894385619
902.0,cctv2,C2_S001,G007,OCCUPIED,OCCUPIED,0.8014221085743471
902.0,cctv2,C2_S002,G008,OCCUPIED,OCCUPIED,0.8313387973742052
902.0,cctv2,C2_S003,G009,EMPTY,MANEUVERING,0.3199350348385897
902.0,cctv2,C2_S004,G010,OCCUPIED,OCCUPIED,0.7952456346967004
902.0,cctv2,C2_S005,G001,EMPTY,EMPTY,0.01
902.0,cctv2,C2_S006,G003,OCCUPIED,OCCUPIED,0.7966129013083199
902.0,cctv2,C2_S007,G004,OCCUPIED,OCCUPIED,0.7975727635351095
902.0,cctv2,C2_S008,G006,OCCUPIED,OCCUPIED,0.7703310669823127
902.0,cctv2,C2_S009,G005,OCCUPIED,OCCUPIED,0.7954563368450512
902.0,cctv2,C2_S010,G002,OCCUPIED,LEAVING,0.5330851017345081
902.0,cctv2,C2_S011,G017,OCCUPIED,LEAVING,0.7873889606726635
902.0,cctv2,C2_S012,G018,EMPTY,MANEUVERING,0.1242868288732194
902.0,cctv2,C2_S013,G019,OCCUPIED,OCCUPIED,0.8073245631022887
902.0,cctv2,C2_S014,G020,EMPTY,EMPTY,0.01
902.0,cctv3,C3_S001,G021,OCCUPIED,OCCUPIED,0.7877595913681118
902.0,cctv3,C3_S002,G019,EMPTY,EMPTY,0.01
902.0,cctv3,C3_S003,G020,OCCUPIED,LEAVING,0.8205835236744448
902.0,cctv3,C3_S004,G024,OCCUPIED,OCCUPIED,0.828777604753321
902.0,cctv3,C3_S005,G025,OCCUPIED,OCCUPIED,0.8291368573904038
902.0,cctv3,C3_S006,G026,OCCUPIED,OCCUPIED,0.8244321749968962
902.0,cctv3,C3_S007,G027,EMPTY,MANEUVERING,0.4386034147424454
902.0,cctv3,C3_S008,G028,EMPTY,EMPTY,0.01
902.0,cctv3,C3_S009,G029,EMPTY,MANEUVERING,0.2675239101323214
902.0,cctv3,C3_S010,G007,OCCUPIED,OCCUPIED,0.51
902.0,cctv3,C3_S011,G008,OCCUPIED,OCCUPIED,0.7638713204589758
902.0,cctv3,C3_S012,G009,OCCUPIED,OCCUPIED,0.8240958576852626
903.0,cctv1,C1_S001,G001,OCCUPIED,LEAVING,0.8049886699427259
903.0,cctv1,C1_S002,G002,EMPTY,EMPTY,0.01
903.0,cctv1,C1_S003,G003,OCCUPIED,LEAVING,0.8322899070653049
903.0,cctv1,C1_S004,G004,OCCUPIED,OCCUPIED,0.7835773850029166
903.0,cctv1,C1_S005,G005,OCCUPIED,OCCUPIED,0.7496747587756678
903.0,cctv1,C1_S006,G006,EMPTY,MANEUVERING,0.1221067894385619
903.0,cctv2,C2_S001,G007,OCCUPIED,OCCUPIED,0.8005046020854604
903.0,cctv2,C2_S002,G008,OCCUPIED,OCCUPIED,0.8311066204851325
903.0,cctv2,C2_S003,G009,EMPTY,MANEUVERING,0.3660341720553962
903.0,cctv2,C2_S004,G010,OCCUPIED,OCCUPIED,0.79363540424542
903.0,cctv2,C2_S005,G001,EMPTY,EMPTY,0.01
903.0,cctv2,C2_S006,G003,OCCUPIED,OCCUPIED,0.7979909837245942
903.0,cctv2,C2_S007,G004,OCCUPIED,OCCUPIED,0.8003727211193605
903.0,cctv2,C2_S008,G006,OCCUPIED,OCCUPIED,0.7684512798081745
903.0,cctv2,C2_S009,G005,OCCUPIED,OCCUPIED,0.7953101328828118
903.0,cctv2,C2_S010,G002,OCCUPIED,LEAVING,0.624990460036637
903.0,cctv2,C2_S011,G017,OCCUPIED,LEAVING,0.7907138640772213
903.0,cctv2,C2_S012,G018,EMPTY,MANEUVERING,0.1221439717303622
903.0,cctv2,C2_S013,G019,OCCUPIED,OCCUPIED,0.8082071586088702
903.0,cctv2,C2_S014,G020,EMPTY,EMPTY,0.01
903.0,cctv3,C3_S001,G021,OCCUPIED,OCCUPIED,0.7883918018503623
903.0,cctv3,C3_S002,G019,EMPTY,EMPTY,0.01
903.0,cctv3,C3_S003,G020,OCCUPIED,LEAVING,0.8200015363368122
903.0,cctv3,C3_S004,G024,OCCUPIED,OCCUPIED,0.8287429294802926
903.0,cctv3,C3_S005,G025,OCCUPIED,OCCUPIED,0.8283475865017285
903.0,cctv3,C3_S006,G026,OCCUPIED,OCCUPIED,0.8253019235350869
903.0,cctv3,C3_S007,G027,EMPTY,MANEUVERING,0.3936034147424454
903.0,cctv3,C3_S008,G028,EMPTY,EMPTY,0.01
903.0,cctv3,C3_S009,G029,EMPTY,MANEUVERING,0.2225239101323214
903.0,cctv3,C3_S010,G007,OCCUPIED,LEAVING,0.51
903.0,cctv3,C3_S011,G008,OCCUPIED,OCCUPIED,0.7526434473828837
903.0,cctv3,C3_S012,G009,OCCUPIED,OCCUPIED,0.8239585879174146
904.0,cctv1,C1_S001,G001,OCCUPIED,LEAVING,0.8134867798198354
904.0,cctv1,C1_S002,G002,EMPTY,EMPTY,0.01
904.0,cctv1,C1_S003,G003,OCCUPIED,LEAVING,0.8258529342033647
904.0,cctv1,C1_S004,G004,OCCUPIED,OCCUPIED,0.7835042822090063
904.0,cctv1,C1_S005,G005,OCCUPIED,OCCUPIED,0.7468177310986953
904.0,cctv1,C1_S006,G006,EMPTY,MANEUVERING,0.20683028859171
904.0,cctv2,C2_S001,G007,OCCUPIED,OCCUPIED,0.8018108281222257
904.0,cctv2,C2_S002,G008,OCCUPIED,OCCUPIED,0.8307588542049582
904.0,cctv2,C2_S003,G009,EMPTY,MANEUVERING,0.3966378990425305
904.0,cctv2,C2_S004,G010,OCCUPIED,OCCUPIED,0.7907852023839951
904.0,cctv2,C2_S005,G001,EMPTY,EMPTY,0.01
904.0,cctv2,C2_S006,G003,OCCUPIED,OCCUPIED,0.801584987748753
904.0,cctv2,C2_S007,G004,OCCUPIED,OCCUPIED,0.8008420662446456
904.0,cctv2,C2_S008,G006,OCCUPIED,OCCUPIED,0.7690482342785055
904.0,cctv2,C2_S009,G005,OCCUPIED,OCCUPIED,0.7955246754667976
904.0,cctv2,C2_S010,G002,OCCUPIED,LEAVING,0.6724555898254568
904.0,cctv2,C2_S011,G017,OCCUPIED,LEAVING,0.793528134190675
904.0,cctv2,C2_S012,G018,EMPTY,MANEUVERING,0.1204773050636956
904.0,cctv2,C2_S013,G019,OCCUPIED,OCCUPIED,0.8050861670212313
904.0,cctv2,C2_S014,G020,EMPTY,EMPTY,0.01
904.0,cctv3,C3_S001,G021,OCCUPIED,OCCUPIED,0.7860189905220812
904.0,cctv3,C3_S002,G019,EMPTY,EMPTY,0.01
904.0,cctv3,C3_S003,G020,OCCUPIED,LEAVING,0.8209396462548864
904.0,cctv3,C3_S004,G024,OCCUPIED,OCCUPIED,0.8287102520465851
904.0,cctv3,C3_S005,G025,OCCUPIED,OCCUPIED,0.8275910670107062
904.0,cctv3,C3_S006,G026,OCCUPIED,OCCUPIED,0.8250521887432446
904.0,cctv3,C3_S007,G027,EMPTY,MANEUVERING,0.3936034147424454
904.0,cctv3,C3_S008,G028,EMPTY,EMPTY,0.01
904.0,cctv3,C3_S009,G029,EMPTY,MANEUVERING,0.2225239101323214
904.0,cctv3,C3_S010,G007,OCCUPIED,LEAVING,0.51
904.0,cctv3,C3_S011,G008,OCCUPIED,OCCUPIED,0.7567744617570531
904.0,cctv3,C3_S012,G009,OCCUPIED,OCCUPIED,0.8257410653612831
905.0,cctv1,C1_S001,G001,OCCUPIED,LEAVING,0.8178961249915037
905.0,cctv1,C1_S002,G002,EMPTY,EMPTY,0.01
905.0,cctv1,C1_S003,G003,OCCUPIED,LEAVING,0.8257491156458855
905.0,cctv1,C1_S004,G004,OCCUPIED,OCCUPIED,0.7832687639377335
905.0,cctv1,C1_S005,G005,OCCUPIED,OCCUPIED,0.7448585005510937
905.0,cctv1,C1_S006,G006,EMPTY,MANEUVERING,0.20683028859171
905.0,cctv2,C2_S001,G007,OCCUPIED,OCCUPIED,0.8022258260033348
905.0,cctv2,C2_S002,G008,OCCUPIED,OCCUPIED,0.8310736756433141
905.0,cctv2,C2_S003,G009,EMPTY,MANEUVERING,0.3966378990425305
905.0,cctv2,C2_S004,G010,OCCUPIED,OCCUPIED,0.7887896990234202
905.0,cctv2,C2_S005,G001,EMPTY,EMPTY,0.01
905.0,cctv2,C2_S006,G003,OCCUPIED,OCCUPIED,0.8029821471734481
905.0,cctv2,C2_S007,G004,OCCUPIED,OCCUPIED,0.8004023115743291
905.0,cctv2,C2_S008,G006,OCCUPIED,OCCUPIED,0.7700843289494516
905.0,cctv2,C2_S009,G005,OCCUPIED,OCCUPIED,0.7961583457209848
905.0,cctv2,C2_S010,G002,OCCUPIED,LEAVING,0.6715096808766777
905.0,cctv2,C2_S011,G017,OCCUPIED,LEAVING,0.7934639375498801
905.0,cctv2,C2_S012,G018,EMPTY,MANEUVERING,0.1204773050636956
905.0,cctv2,C2_S013,G019,OCCUPIED,OCCUPIED,0.8018356255509638
905.0,cctv2,C2_S014,G020,EMPTY,EMPTY,0.01
905.0,cctv3,C3_S001,G021,OCCUPIED,OCCUPIED,0.7837408530441198
905.0,cctv3,C3_S002,G019,EMPTY,EMPTY,0.01
905.0,cctv3,C3_S003,G020,OCCUPIED,LEAVING,0.8213981731371447
905.0,cctv3,C3_S004,G024,OCCUPIED,OCCUPIED,0.828726753321561
905.0,cctv3,C3_S005,G025,OCCUPIED,OCCUPIED,0.827441082759337
905.0,cctv3,C3_S006,G026,OCCUPIED,OCCUPIED,0.825098919326609
905.0,cctv3,C3_S007,G027,EMPTY,MANEUVERING,0.3919324558025057
905.0,cctv3,C3_S008,G028,EMPTY,EMPTY,0.01
905.0,cctv3,C3_S009,G029,EMPTY,MANEUVERING,0.2874783243509856
905.0,cctv3,C3_S010,G007,OCCUPIED,LEAVING,0.51
905.0,cctv3,C3_S011,G008,OCCUPIED,OCCUPIED,0.7572893914309415
905.0,cctv3,C3_S012,G009,OCCUPIED,OCCUPIED,0.8264701491052455
906.0,cctv1,C1_S001,G001,OCCUPIED,LEAVING,0.8178843598474157
906.0,cctv1,C1_S002,G002,EMPTY,EMPTY,0.01
906.0,cctv1,C1_S003,G003,OCCUPIED,LEAVING,0.8256539142944597
906.0,cctv1,C1_S004,G004,OCCUPIED,OCCUPIED,0.7832441583275795
906.0,cctv1,C1_S005,G005,OCCUPIED,OCCUPIED,0.7445572449944237
906.0,cctv1,C1_S006,G006,EMPTY,MANEUVERING,0.252180734845725
906.0,cctv2,C2_S001,G007,OCCUPIED,OCCUPIED,0.8053841677579013
906.0,cctv2,C2_S002,G008,OCCUPIED,OCCUPIED,0.8307438265193593
906.0,cctv2,C2_S003,G009,EMPTY,MANEUVERING,0.3966378990425305
906.0,cctv2,C2_S004,G010,OCCUPIED,OCCUPIED,0.7885976617986507
906.0,cctv2,C2_S005,G001,EMPTY,EMPTY,0.01
906.0,cctv2,C2_S006,G003,OCCUPIED,LEAVING,0.8053298505869779
906.0,cctv2,C2_S007,G004,OCCUPIED,OCCUPIED,0.8000274671749635
906.0,cctv2,C2_S008,G006,OCCUPIED,OCCUPIED,0.7715394842353734
906.0,cctv2,C2_S009,G005,OCCUPIED,OCCUPIED,0.796940635551106
906.0,cctv2,C2_S010,G002,OCCUPIED,LEAVING,0.6710539433901961
906.0,cctv2,C2_S011,G017,OCCUPIED,LEAVING,0.7927746057690997
906.0,cctv2,C2_S012,G018,EMPTY,MANEUVERING,0.1204773050636956
906.0,cctv2,C2_S013,G019,OCCUPIED,OCCUPIED,0.8014270479028875
906.0,cctv2,C2_S014,G020,EMPTY,EMPTY,0.01
906.0,cctv3,C3_S001,G021,OCCUPIED,OCCUPIED,0.7831595435738564
906.0,cctv3,C3_S002,G019,EMPTY,EMPTY,0.01
906.0,cctv3,C3_S003,G020,OCCUPIED,LEAVING,0.8220749603076415
906.0,cctv3,C3_S004,G024,OCCUPIED,OCCUPIED,0.828738113695925
906.0,cctv3,C3_S005,G025,OCCUPIED,OCCUPIED,0.8276896609501405
906.0,cctv3,C3_S006,G026,OCCUPIED,OCCUPIED,0.8252958674322476
906.0,cctv3,C3_S007,G027,EMPTY,MANEUVERING,0.4738802654750936
906.0,cctv3,C3_S008,G028,EMPTY,EMPTY,0.01
906.0,cctv3,C3_S009,G029,EMPTY,MANEUVERING,0.3930630402504043
906.0,cctv3,C3_S010,G007,OCCUPIED,LEAVING,0.51
906.0,cctv3,C3_S011,G008,OCCUPIED,OCCUPIED,0.7589793472940273
906.0,cctv3,C3_S012,G009,OCCUPIED,OCCUPIED,0.8260820155793971
907.0,cctv1,C1_S001,G001,OCCUPIED,LEAVING,0.8102845487946815
907.0,cctv1,C1_S002,G002,EMPTY,EMPTY,0.01
907.0,cctv1,C1_S003,G003,OCCUPIED,LEAVING,0.8254952608184382
907.0,cctv1,C1_S004,G004,OCCUPIED,OCCUPIED,0.7817303443496878
907.0,cctv1,C1_S005,G005,OCCUPIED,OCCUPIED,0.7328650880401786
907.0,cctv1,C1_S006,G006,EMPTY,MANEUVERING,0.3456737612357194
907.0,cctv2,C2_S001,G007,OCCUPIED,OCCUPIED,0.8051798427646811
907.0,cctv2,C2_S002,G008,OCCUPIED,OCCUPIED,0.8309975578026338
907.0,cctv2,C2_S003,G009,EMPTY,MANEUVERING,0.4072999000413851
907.0,cctv2,C2_S004,G010,OCCUPIED,OCCUPIED,0.7878070229833777
907.0,cctv2,C2_S005,G001,EMPTY,EMPTY,0.01
907.0,cctv2,C2_S006,G003,OCCUPIED,LEAVING,0.8058175143870441
907.0,cctv2,C2_S007,G004,OCCUPIED,OCCUPIED,0.7998600054870952
907.0,cctv2,C2_S008,G006,OCCUPIED,OCCUPIED,0.7701647501100194
907.0,cctv2,C2_S009,G005,OCCUPIED,OCCUPIED,0.7961553709073501
907.0,cctv2,C2_S010,G002,OCCUPIED,OCCUPIED,0.6699193198030645
907.0,cctv2,C2_S011,G017,OCCUPIED,LEAVING,0.7905773880987457
907.0,cctv2,C2_S012,G018,EMPTY,MANEUVERING,0.1204773050636956
907.0,cctv2,C2_S013,G019,OCCUPIED,OCCUPIED,0.8017209212888372
907.0,cctv2,C2_S014,G020,EMPTY,EMPTY,0.01
907.0,cctv3,C3_S001,G021,OCCUPIED,OCCUPIED,0.783499064906077
907.0,cctv3,C3_S002,G019,EMPTY,EMPTY,0.01
907.0,cctv3,C3_S003,G020,OCCUPIED,LEAVING,0.8222271902994677
907.0,cctv3,C3_S004,G024,OCCUPIED,OCCUPIED,0.8286960794167086
907.0,cctv3,C3_S005,G025,OCCUPIED,OCCUPIED,0.8276808194138787
907.0,cctv3,C3_S006,G026,OCCUPIED,OCCUPIED,0.8253112860701302
907.0,cctv3,C3_S007,G027,EMPTY,MANEUVERING,0.49
907.0,cctv3,C3_S008,G028,EMPTY,EMPTY,0.01
907.0,cctv3,C3_S009,G029,EMPTY,MANEUVERING,0.3930630402504043
907.0,cctv3,C3_S010,G007,OCCUPIED,OCCUPIED,0.51
907.0,cctv3,C3_S011,G008,OCCUPIED,OCCUPIED,0.7612138834324751
907.0,cctv3,C3_S012,G009,OCCUPIED,OCCUPIED,0.8257546349005267
908.0,cctv1,C1_S001,G001,OCCUPIED,LEAVING,0.8036308115856214
908.0,cctv1,C1_S002,G002,EMPTY,EMPTY,0.01
908.0,cctv1,C1_S003,G003,OCCUPIED,LEAVING,0.825367982685566
908.0,cctv1,C1_S004,G004,OCCUPIED,OCCUPIED,0.7817837438800119
908.0,cctv1,C1_S005,G005,OCCUPIED,OCCUPIED,0.7309157824787227
908.0,cctv1,C1_S006,G006,EMPTY,MANEUVERING,0.3006737612357194
908.0,cctv2,C2_S001,G007,OCCUPIED,OCCUPIED,0.8038281045176767
908.0,cctv2,C2_S002,G008,OCCUPIED,OCCUPIED,0.8308759480714798
908.0,cctv2,C2_S003,G009,EMPTY,MANEUVERING,0.3622999000413852
908.0,cctv2,C2_S004,G010,OCCUPIED,OCCUPIED,0.7880046286366204
908.0,cctv2,C2_S005,G001,EMPTY,EMPTY,0.01
908.0,cctv2,C2_S006,G003,OCCUPIED,LEAVING,0.8081033229827882
908.0,cctv2,C2_S007,G004,OCCUPIED,OCCUPIED,0.7998853239146146
908.0,cctv2,C2_S008,G006,OCCUPIED,OCCUPIED,0.7683678553863006
908.0,cctv2,C2_S009,G005,OCCUPIED,OCCUPIED,0.7956620809706776
908.0,cctv2,C2_S010,G002,OCCUPIED,OCCUPIED,0.7155881456895308
908.0,cctv2,C2_S011,G017,OCCUPIED,LEAVING,0.8031611293554307
908.0,cctv2,C2_S012,G018,EMPTY,EMPTY,0.01
908.0,cctv2,C2_S013,G019,OCCUPIED,OCCUPIED,0.800471792979674
908.0,cctv2,C2_S014,G020,EMPTY,EMPTY,0.01
908.0,cctv3,C3_S001,G021,OCCUPIED,OCCUPIED,0.7812005336989056
908.0,cctv3,C3_S002,G019,EMPTY,EMPTY,0.01
908.0,cctv3,C3_S003,G020,OCCUPIED,LEAVING,0.8231582321903923
908.0,cctv3,C3_S004,G024,OCCUPIED,OCCUPIED,0.8286279732530768
908.0,cctv3,C3_S005,G025,OCCUPIED,OCCUPIED,0.8276467309756713
908.0,cctv3,C3_S006,G026,OCCUPIED,OCCUPIED,0.8254872227256949
908.0,cctv3,C3_S007,G027,EMPTY,MANEUVERING,0.4845399434102529
908.0,cctv3,C3_S008,G028,EMPTY,EMPTY,0.01
908.0,cctv3,C3_S009,G029,EMPTY,MANEUVERING,0.4323566025732593
908.0,cctv3,C3_S010,G007,OCCUPIED,OCCUPIED,0.51
908.0,cctv3,C3_S011,G008,OCCUPIED,OCCUPIED,0.762566632790999
908.0,cctv3,C3_S012,G009,OCCUPIED,OCCUPIED,0.826105658845468
909.0,cctv1,C1_S001,G001,OCCUPIED,LEAVING,0.795500926131552
909.0,cctv1,C1_S002,G002,EMPTY,EMPTY,0.01
909.0,cctv1,C1_S003,G003,OCCUPIED,LEAVING,0.8252974657849832
909.0,cctv1,C1_S004,G004,OCCUPIED,OCCUPIED,0.7805009266192263
909.0,cctv1,C1_S005,G005,OCCUPIED,OCCUPIED,0.7160342266342858
909.0,cctv1,C1_S006,G006,EMPTY,MANEUVERING,0.3932716271145777
909.0,cctv2,C2_S001,G007,OCCUPIED,OCCUPIED,0.8033551514148712
909.0,cctv2,C2_S002,G008,OCCUPIED,OCCUPIED,0.8308410574089398
909.0,cctv2,C2_S003,G009,EMPTY,MANEUVERING,0.3622999000413852
909.0,cctv2,C2_S004,G010,OCCUPIED,OCCUPIED,0.7880230424079029
909.0,cctv2,C2_S005,G001,EMPTY,EMPTY,0.01
909.0,cctv2,C2_S006,G003,OCCUPIED,LEAVING,0.8100115813992241
909.0,cctv2,C2_S007,G004,OCCUPIED,OCCUPIED,0.7988056665117091
909.0,cctv2,C2_S008,G006,OCCUPIED,OCCUPIED,0.7676114131103863
909.0,cctv2,C2_S009,G005,OCCUPIED,OCCUPIED,0.7951094735752453
909.0,cctv2,C2_S010,G002,OCCUPIED,OCCUPIED,0.7613784914396027
909.0,cctv2,C2_S011,G017,OCCUPIED,LEAVING,0.8018509141423487
909.0,cctv2,C2_S012,G018,EMPTY,EMPTY,0.01
909.0,cctv2,C2_S013,G019,OCCUPIED,OCCUPIED,0.7958620819178495
909.0,cctv2,C2_S014,G020,EMPTY,EMPTY,0.01
909.0,cctv3,C3_S001,G021,OCCUPIED,OCCUPIED,0.7876934948292647
909.0,cctv3,C3_S002,G019,EMPTY,EMPTY,0.01
909.0,cctv3,C3_S003,G020,OCCUPIED,LEAVING,0.8236121489243075
909.0,cctv3,C3_S004,G024,OCCUPIED,OCCUPIED,0.8286670831116764
909.0,cctv3,C3_S005,G025,OCCUPIED,OCCUPIED,0.8274562193588777
909.0,cctv3,C3_S006,G026,OCCUPIED,OCCUPIED,0.825378029183908
909.0,cctv3,C3_S007,G027,EMPTY,MANEUVERING,0.4036056890169328
909.0,cctv3,C3_S008,G028,EMPTY,EMPTY,0.01
909.0,cctv3,C3_S009,G029,EMPTY,MANEUVERING,0.3873566025732593
909.0,cctv3,C3_S010,G007,OCCUPIED,OCCUPIED,0.51
909.0,cctv3,C3_S011,G008,OCCUPIED,OCCUPIED,0.7619585077329116
909.0,cctv3,C3_S012,G009,OCCUPIED,OCCUPIED,0.8262059417637913
910.0,cctv1,C1_S001,G001,OCCUPIED,LEAVING,0.7883345527405089
910.0,cctv1,C1_S002,G002,EMPTY,EMPTY,0.01
910.0,cctv1,C1_S003,G003,OCCUPIED,LEAVING,0.8198351016098804
910.0,cctv1,C1_S004,G004,OCCUPIED,OCCUPIED,0.7791095664555376
910.0,cctv1,C1_S005,G005,OCCUPIED,OCCUPIED,0.7174804664200004
910.0,cctv1,C1_S006,G006,EMPTY,MANEUVERING,0.3939185799522833
910.0,cctv2,C2_S001,G007,OCCUPIED,OCCUPIED,0.8026290335438468
910.0,cctv2,C2_S002,G008,OCCUPIED,OCCUPIED,0.831292417103594
910.0,cctv2,C2_S003,G009,EMPTY,MANEUVERING,0.3622999000413852
910.0,cctv2,C2_S004,G010,OCCUPIED,OCCUPIED,0.7847446843981744
910.0,cctv2,C2_S005,G001,EMPTY,EMPTY,0.01
910.0,cctv2,C2_S006,G003,OCCUPIED,LEAVING,0.8119505511088805
910.0,cctv2,C2_S007,G004,OCCUPIED,OCCUPIED,0.7984183742241426
910.0,cctv2,C2_S008,G006,OCCUPIED,OCCUPIED,0.7665108925916932
910.0,cctv2,C2_S009,G005,OCCUPIED,OCCUPIED,0.7936943409117786
910.0,cctv2,C2_S010,G002,OCCUPIED,OCCUPIED,0.8085581297224219
910.0,cctv2,C2_S011,G017,OCCUPIED,OCCUPIED,0.8011641369624571
910.0,cctv2,C2_S012,G018,EMPTY,EMPTY,0.01
910.0,cctv2,C2_S013,G019,OCCUPIED,OCCUPIED,0.7942597375674681
910.0,cctv2,C2_S014,G020,EMPTY,EMPTY,0.01
910.0,cctv3,C3_S001,G021,OCCUPIED,OCCUPIED,0.7897903101010757
910.0,cctv3,C3_S002,G019,EMPTY,EMPTY,0.01
910.0,cctv3,C3_S003,G020,OCCUPIED,LEAVING,0.8233089138161053
910.0,cctv3,C3_S004,G024,OCCUPIED,OCCUPIED,0.8286479166962885
910.0,cctv3,C3_S005,G025,OCCUPIED,OCCUPIED,0.8275615415789865
910.0,cctv3,C3_S006,G026,OCCUPIED,OCCUPIED,0.8253164294091139
910.0,cctv3,C3_S007,G027,EMPTY,MANEUVERING,0.4037418626452034
910.0,cctv3,C3_S008,G028,EMPTY,EMPTY,0.01
910.0,cctv3,C3_S009,G029,EMPTY,MANEUVERING,0.3022898195954886
910.0,cctv3,C3_S010,G007,OCCUPIED,OCCUPIED,0.51
910.0,cctv3,C3_S011,G008,OCCUPIED,OCCUPIED,0.7617922335321253
910.0,cctv3,C3_S012,G009,OCCUPIED,OCCUPIED,0.826463905247775
911.0,cctv1,C1_S001,G001,OCCUPIED,LEAVING,0.7809438131749631
911.0,cctv1,C1_S002,G002,EMPTY,EMPTY,0.01
911.0,cctv1,C1_S003,G003,OCCUPIED,LEAVING,0.8197609783573585
911.0,cctv1,C1_S004,G004,OCCUPIED,OCCUPIED,0.7789376401088455
911.0,cctv1,C1_S005,G005,OCCUPIED,OCCUPIED,0.715480887727304
911.0,cctv1,C1_S006,G006,EMPTY,MANEUVERING,0.3489185799522833
911.0,cctv2,C2_S001,G007,OCCUPIED,OCCUPIED,0.802796535058455
911.0,cctv2,C2_S002,G008,OCCUPIED,OCCUPIED,0.8314601819623602
911.0,cctv2,C2_S003,G009,EMPTY,MANEUVERING,0.2719229260357943
911.0,cctv2,C2_S004,G010,OCCUPIED,OCCUPIED,0.7850645841522651
911.0,cctv2,C2_S005,G001,EMPTY,EMPTY,0.01
911.0,cctv2,C2_S006,G003,OCCUPIED,LEAVING,0.8131943507628008
911.0,cctv2,C2_S007,G004,OCCUPIED,OCCUPIED,0.7983264996246858
911.0,cctv2,C2_S008,G006,OCCUPIED,OCCUPIED,0.7659983106634835
911.0,cctv2,C2_S009,G005,OCCUPIED,OCCUPIED,0.7936526780778712
911.0,cctv2,C2_S010,G002,OCCUPIED,OCCUPIED,0.8082613270391118
911.0,cctv2,C2_S011,G017,OCCUPIED,OCCUPIED,0.8011625934730877
911.0,cctv2,C2_S012,G018,EMPTY,EMPTY,0.01
911.0,cctv2,C2_S013,G019,OCCUPIED,OCCUPIED,0.7965124428272248
911.0,cctv2,C2_S014,G020,EMPTY,EMPTY,0.01
911.0,cctv3,C3_S001,G021,OCCUPIED,OCCUPIED,0.7895019653168592
911.0,cctv3,C3_S002,G019,EMPTY,EMPTY,0.01
911.0,cctv3,C3_S003,G020,OCCUPIED,OCCUPIED,0.8236046346751127
911.0,cctv3,C3_S004,G024,OCCUPIED,OCCUPIED,0.8287895040078597
911.0,cctv3,C3_S005,G025,OCCUPIED,OCCUPIED,0.827795899998058
911.0,cctv3,C3_S006,G026,OCCUPIED,OCCUPIED,0.8254995812069287
911.0,cctv3,C3_S007,G027,EMPTY,MANEUVERING,0.4396022559685463
911.0,cctv3,C3_S008,G028,EMPTY,EMPTY,0.01
911.0,cctv3,C3_S009,G029,EMPTY,MANEUVERING,0.3022898195954886
911.0,cctv3,C3_S010,G007,OCCUPIED,OCCUPIED,0.51
911.0,cctv3,C3_S011,G008,OCCUPIED,LEAVING,0.76233157212084
911.0,cctv3,C3_S012,G009,OCCUPIED,OCCUPIED,0.826236548207023
912.0,cctv1,C1_S001,G001,OCCUPIED,OCCUPIED,0.7732015211473813
912.0,cctv1,C1_S002,G002,EMPTY,EMPTY,0.01
912.0,cctv1,C1_S003,G003,OCCUPIED,LEAVING,0.8199110251936046
912.0,cctv1,C1_S004,G004,OCCUPIED,OCCUPIED,0.7793646087700671
912.0,cctv1,C1_S005,G005,OCCUPIED,OCCUPIED,0.7114981625296855
912.0,cctv1,C1_S006,G006,EMPTY,MANEUVERING,0.3489185799522833
912.0,cctv2,C2_S001,G007,OCCUPIED,OCCUPIED,0.8036624163389207
912.0,cctv2,C2_S002,G008,OCCUPIED,OCCUPIED,0.8317564368247986
912.0,cctv2,C2_S003,G009,EMPTY,MANEUVERING,0.2719229260357943
912.0,cctv2,C2_S004,G010,OCCUPIED,OCCUPIED,0.786223318766464
912.0,cctv2,C2_S005,G001,EMPTY,EMPTY,0.01
912.0,cctv2,C2_S006,G003,OCCUPIED,LEAVING,0.8149597880515186
912.0,cctv2,C2_S007,G004,OCCUPIED,OCCUPIED,0.7984156798232687
912.0,cctv2,C2_S008,G006,OCCUPIED,OCCUPIED,0.7649860364469616
912.0,cctv2,C2_S009,G005,OCCUPIED,OCCUPIED,0.7930841326713562
912.0,cctv2,C2_S010,G002,OCCUPIED,OCCUPIED,0.806540849263018
912.0,cctv2,C2_S011,G017,OCCUPIED,OCCUPIED,0.8005257850343531
912.0,cctv2,C2_S012,G018,EMPTY,EMPTY,0.01
912.0,cctv2,C2_S013,G019,OCCUPIED,OCCUPIED,0.7927590408108451
912.0,cctv2,C2_S014,G020,EMPTY,EMPTY,0.01
912.0,cctv3,C3_S001,G021,OCCUPIED,OCCUPIED,0.7881873281164603
912.0,cctv3,C3_S002,G019,EMPTY,EMPTY,0.01
912.0,cctv3,C3_S003,G020,OCCUPIED,OCCUPIED,0.8215947465463118
912.0,cctv3,C3_S004,G024,OCCUPIED,OCCUPIED,0.8289064410057936
912.0,cctv3,C3_S005,G025,OCCUPIED,OCCUPIED,0.827444662289186
912.0,cctv3,C3_S006,G026,OCCUPIED,OCCUPIED,0.8253118168223988
912.0,cctv3,C3_S007,G027,EMPTY,MANEUVERING,0.4035137768665498
912.0,cctv3,C3_S008,G028,EMPTY,EMPTY,0.01
912.0,cctv3,C3_S009,G029,EMPTY,MANEUVERING,0.2572898195954886
912.0,cctv3,C3_S010,G007,OCCUPIED,OCCUPIED,0.51
912.0,cctv3,C3_S011,G008,OCCUPIED,LEAVING,0.7724755807898261
912.0,cctv3,C3_S012,G009,OCCUPIED,OCCUPIED,0.8260437323288485
913.0,cctv1,C1_S001,G001,OCCUPIED,OCCUPIED,0.7674105310981925
913.0,cctv1,C1_S002,G002,EMPTY,EMPTY,0.01
913.0,cctv1,C1_S003,G003,OCCUPIED,LEAVING,0.8254654289646582
913.0,cctv1,C1_S004,G004,OCCUPIED,OCCUPIED,0.777966894209385
913.0,cctv1,C1_S005,G005,OCCUPIED,OCCUPIED,0.7012895825234327
913.0,cctv1,C1_S006,G006,EMPTY,MANEUVERING,0.3959739772907712
913.0,cctv2,C2_S001,G007,OCCUPIED,OCCUPIED,0.8043987452983857
913.0,cctv2,C2_S002,G008,OCCUPIED,OCCUPIED,0.8314335362477736
913.0,cctv2,C2_S003,G009,EMPTY,MANEUVERING,0.2719229260357943
913.0,cctv2,C2_S004,G010,OCCUPIED,OCCUPIED,0.7865840311754835
913.0,cctv2,C2_S005,G001,EMPTY,EMPTY,0.01
913.0,cctv2,C2_S006,G003,OCCUPIED,LEAVING,0.8171322871338238
913.0,cctv2,C2_S007,G004,OCCUPIED,OCCUPIED,0.7972510126504032
913.0,cctv2,C2_S008,G006,OCCUPIED,OCCUPIED,0.7647803508422593
913.0,cctv2,C2_S009,G005,OCCUPIED,OCCUPIED,0.7921277422796597
913.0,cctv2,C2_S010,G002,OCCUPIED,OCCUPIED,0.8029907700690357
913.0,cctv2,C2_S011,G017,OCCUPIED,OCCUPIED,0.7990501555529508
913.0,cctv2,C2_S012,G018,EMPTY,EMPTY,0.01
913.0,cctv2,C2_S013,G019,OCCUPIED,OCCUPIED,0.787894180552526
913.0,cctv2,C2_S014,G020,EMPTY,EMPTY,0.01
913.0,cctv3,C3_S001,G021,OCCUPIED,OCCUPIED,0.7878475938330998
913.0,cctv3,C3_S002,G019,EMPTY,EMPTY,0.01
913.0,cctv3,C3_S003,G020,OCCUPIED,OCCUPIED,0.8222278657284651
913.0,cctv3,C3_S004,G024,OCCUPIED,OCCUPIED,0.828979208523577
913.0,cctv3,C3_S005,G025,OCCUPIED,OCCUPIED,0.8275437723506581
913.0,cctv3,C3_S006,G026,OCCUPIED,OCCUPIED,0.8253357998349451
913.0,cctv3,C3_S007,G027,EMPTY,MANEUVERING,0.4842739646678621
913.0,cctv3,C3_S008,G028,EMPTY,EMPTY,0.01
913.0,cctv3,C3_S009,G029,EMPTY,MANEUVERING,0.3484295853464441
913.0,cctv3,C3_S010,G007,EMPTY,EMPTY,0.1292232874848626
913.0,cctv3,C3_S011,G008,OCCUPIED,LEAVING,0.7828249499472706
913.0,cctv3,C3_S012,G009,OCCUPIED,OCCUPIED,0.8261743274602024
914.0,cctv1,C1_S001,G001,OCCUPIED,OCCUPIED,0.7629383763129062
914.0,cctv1,C1_S002,G002,EMPTY,EMPTY,0.01
914.0,cctv1,C1_S003,G003,OCCUPIED,LEAVING,0.82523983405395
914.0,cctv1,C1_S004,G004,OCCUPIED,OCCUPIED,0.7771395058794456
914.0,cctv1,C1_S005,G005,OCCUPIED,OCCUPIED,0.7371779193196979
914.0,cctv1,C1_S006,G006,EMPTY,MANEUVERING,0.4433141426954951
914.0,cctv2,C2_S001,G007,OCCUPIED,OCCUPIED,0.8057447793808851
914.0,cctv2,C2_S002,G008,OCCUPIED,OCCUPIED,0.8318358261476864
914.0,cctv2,C2_S003,G009,EMPTY,MANEUVERING,0.2409595565430143
914.0,cctv2,C2_S004,G010,OCCUPIED,OCCUPIED,0.7896966481750662
914.0,cctv2,C2_S005,G001,EMPTY,EMPTY,0.01
914.0,cctv2,C2_S006,G003,OCCUPIED,LEAVING,0.8179116712375121
914.0,cctv2,C2_S007,G004,OCCUPIED,OCCUPIED,0.7971797179092062
914.0,cctv2,C2_S008,G006,OCCUPIED,OCCUPIED,0.7634974823756652
914.0,cctv2,C2_S009,G005,OCCUPIED,OCCUPIED,0.792289165746082
914.0,cctv2,C2_S010,G002,OCCUPIED,OCCUPIED,0.8016396015882493
914.0,cctv2,C2_S011,G017,OCCUPIED,OCCUPIED,0.7998408146879891
914.0,cctv2,C2_S012,G018,EMPTY,EMPTY,0.01
914.0,cctv2,C2_S013,G019,OCCUPIED,OCCUPIED,0.7811994092030959
914.0,cctv2,C2_S014,G020,EMPTY,EMPTY,0.01
914.0,cctv3,C3_S001,G021,OCCUPIED,OCCUPIED,0.7890556396408515
914.0,cctv3,C3_S002,G019,EMPTY,EMPTY,0.01
914.0,cctv3,C3_S003,G020,OCCUPIED,OCCUPIED,0.8225078826600856
914.0,cctv3,C3_S004,G024,OCCUPIED,OCCUPIED,0.829158488186923
914.0,cctv3,C3_S005,G025,OCCUPIED,OCCUPIED,0.8276529301296581
914.0,cctv3,C3_S006,G026,OCCUPIED,OCCUPIED,0.8254189564423129
914.0,cctv3,C3_S007,G027,EMPTY,MANEUVERING,0.4392739646678621
914.0,cctv3,C3_S008,G028,EMPTY,EMPTY,0.01
914.0,cctv3,C3_S009,G029,EMPTY,MANEUVERING,0.3484295853464441
914.0,cctv3,C3_S010,G007,EMPTY,EMPTY,0.01
914.0,cctv3,C3_S011,G008,OCCUPIED,OCCUPIED,0.7924662118608302
914.0,cctv3,C3_S012,G009,OCCUPIED,OCCUPIED,0.8259750685908578
915.0,cctv1,C1_S001,G001,OCCUPIED,OCCUPIED,0.7574386477470398
915.0,cctv1,C1_S002,G002,EMPTY,EMPTY,0.01
915.0,cctv1,C1_S003,G003,OCCUPIED,LEAVING,0.8315093037757008
915.0,cctv1,C1_S004,G004,OCCUPIED,OCCUPIED,0.7775497192686255
915.0,cctv1,C1_S005,G005,OCCUPIED,OCCUPIED,0.7542547803033482
915.0,cctv1,C1_S006,G006,EMPTY,MANEUVERING,0.49
915.0,cctv2,C2_S001,G007,OCCUPIED,OCCUPIED,0.8067995084957643
915.0,cctv2,C2_S002,G008,OCCUPIED,OCCUPIED,0.8321547838774594
915.0,cctv2,C2_S003,G009,EMPTY,MANEUVERING,0.2289245785366405
915.0,cctv2,C2_S004,G010,OCCUPIED,OCCUPIED,0.7943138535727154
915.0,cctv2,C2_S005,G001,EMPTY,EMPTY,0.01
915.0,cctv2,C2_S006,G003,OCCUPIED,LEAVING,0.820906334031712
915.0,cctv2,C2_S007,G004,OCCUPIED,OCCUPIED,0.7976939835331658
915.0,cctv2,C2_S008,G006,OCCUPIED,OCCUPIED,0.7635092442685908
915.0,cctv2,C2_S009,G005,OCCUPIED,OCCUPIED,0.7928134230050174
915.0,cctv2,C2_S010,G002,OCCUPIED,OCCUPIED,0.8002512682567944
915.0,cctv2,C2_S011,G017,OCCUPIED,OCCUPIED,0.7985247920859945
915.0,cctv2,C2_S012,G018,EMPTY,EMPTY,0.01
915.0,cctv2,C2_S013,G019,OCCUPIED,OCCUPIED,0.780195912718773
915.0,cctv2,C2_S014,G020,EMPTY,EMPTY,0.01
915.0,cctv3,C3_S001,G021,OCCUPIED,OCCUPIED,0.7907120483842763
915.0,cctv3,C3_S002,G019,EMPTY,EMPTY,0.01
915.0,cctv3,C3_S003,G020,OCCUPIED,OCCUPIED,0.8222564970905131
915.0,cctv3,C3_S004,G024,OCCUPIED,OCCUPIED,0.8291247240521692
915.0,cctv3,C3_S005,G025,OCCUPIED,OCCUPIED,0.8282589029182088
915.0,cctv3,C3_S006,G026,OCCUPIED,OCCUPIED,0.8254940022121777
915.0,cctv3,C3_S007,G027,EMPTY,MANEUVERING,0.3942739646678621
915.0,cctv3,C3_S008,G028,EMPTY,EMPTY,0.01
915.0,cctv3,C3_S009,G029,EMPTY,MANEUVERING,0.3484295853464441
915.0,cctv3,C3_S010,G007,EMPTY,EMPTY,0.01
915.0,cctv3,C3_S011,G008,OCCUPIED,OCCUPIED,0.7926524376327342
915.0,cctv3,C3_S012,G009,OCCUPIED,OCCUPIED,0.8254361526532608
916.0,cctv1,C1_S001,G001,OCCUPIED,OCCUPIED,0.7505657801573927
916.0,cctv1,C1_S002,G002,EMPTY,EMPTY,0.01
916.0,cctv1,C1_S003,G003,OCCUPIED,LEAVING,0.8313926536928524
916.0,cctv1,C1_S004,G004,OCCUPIED,OCCUPIED,0.776162376728925
916.0,cctv1,C1_S005,G005,OCCUPIED,OCCUPIED,0.7562953061678194
916.0,cctv1,C1_S006,G006,EMPTY,MANEUVERING,0.49
916.0,cctv2,C2_S001,G007,OCCUPIED,OCCUPIED,0.8076839352195914
916.0,cctv2,C2_S002,G008,OCCUPIED,OCCUPIED,0.8325814201073214
916.0,cctv2,C2_S003,G009,EMPTY,MANEUVERING,0.2289245785366405
916.0,cctv2,C2_S004,G010,OCCUPIED,OCCUPIED,0.7975262613459068
916.0,cctv2,C2_S005,G001,EMPTY,EMPTY,0.01
916.0,cctv2,C2_S006,G003,OCCUPIED,LEAVING,0.8241075838154013
916.0,cctv2,C2_S007,G004,OCCUPIED,OCCUPIED,0.7970333993434907
916.0,cctv2,C2_S008,G006,OCCUPIED,OCCUPIED,0.7644005220044744
916.0,cctv2,C2_S009,G005,OCCUPIED,OCCUPIED,0.7933100055564535
916.0,cctv2,C2_S010,G002,OCCUPIED,OCCUPIED,0.8000455631451174
916.0,cctv2,C2_S011,G017,OCCUPIED,OCCUPIED,0.7983779939738187
916.0,cctv2,C2_S012,G018,EMPTY,EMPTY,0.01
916.0,cctv2,C2_S013,G019,OCCUPIED,OCCUPIED,0.7808516868136146
916.0,cctv2,C2_S014,G020,EMPTY,EMPTY,0.01
916.0,cctv3,C3_S001,G021,OCCUPIED,OCCUPIED,0.7908431775190614
916.0,cctv3,C3_S002,G019,EMPTY,EMPTY,0.01
916.0,cctv3,C3_S003,G020,OCCUPIED,OCCUPIED,0.8219863970171322
916.0,cctv3,C3_S004,G024,OCCUPIED,OCCUPIED,0.8290420689366081
916.0,cctv3,C3_S005,G025,OCCUPIED,OCCUPIED,0.8283123195171357
916.0,cctv3,C3_S006,G026,OCCUPIED,OCCUPIED,0.825405483625152
916.0,cctv3,C3_S007,G027,EMPTY,MANEUVERING,0.4391258744133466
916.0,cctv3,C3_S008,G028,EMPTY,EMPTY,0.01
916.0,cctv3,C3_S009,G029,EMPTY,MANEUVERING,0.3150011471184817
916.0,cctv3,C3_S010,G007,EMPTY,EMPTY,0.01
916.0,cctv3,C3_S011,G008,OCCUPIED,OCCUPIED,0.7922344519333406
916.0,cctv3,C3_S012,G009,OCCUPIED,OCCUPIED,0.8250445200638339
917.0,cctv1,C1_S001,G001,OCCUPIED,OCCUPIED,0.7520654227245939
917.0,cctv1,C1_S002,G002,EMPTY,EMPTY,0.01
917.0,cctv1,C1_S003,G003,OCCUPIED,LEAVING,0.8312385754151779
917.0,cctv1,C1_S004,G004,OCCUPIED,OCCUPIED,0.7747697368264199
917.0,cctv1,C1_S005,G005,OCCUPIED,OCCUPIED,0.7551885417916558
917.0,cctv1,C1_S006,G006,EMPTY,MANEUVERING,0.4181206101314588
917.0,cctv2,C2_S001,G007,OCCUPIED,OCCUPIED,0.807666205818003
917.0,cctv2,C2_S002,G008,OCCUPIED,OCCUPIED,0.8330465232784099
917.0,cctv2,C2_S003,G009,EMPTY,MANEUVERING,0.2289245785366405
917.0,cctv2,C2_S004,G010,OCCUPIED,OCCUPIED,0.7995725511149927
917.0,cctv2,C2_S005,G001,EMPTY,EMPTY,0.01
917.0,cctv2,C2_S006,G003,OCCUPIED,LEAVING,0.8175503211942586
917.0,cctv2,C2_S007,G004,OCCUPIED,OCCUPIED,0.7971985494548625
917.0,cctv2,C2_S008,G006,OCCUPIED,OCCUPIED,0.7652306827631864
917.0,cctv2,C2_S009,G005,OCCUPIED,OCCUPIED,0.7936333312229678
917.0,cctv2,C2_S010,G002,OCCUPIED,OCCUPIED,0.7988182184371082
917.0,cctv2,C2_S011,G017,OCCUPIED,OCCUPIED,0.7980225346305154
917.0,cctv2,C2_S012,G018,EMPTY,EMPTY,0.01
917.0,cctv2,C2_S013,G019,OCCUPIED,OCCUPIED,0.7824436315081337
917.0,cctv2,C2_S014,G020,EMPTY,EMPTY,0.01
917.0,cctv3,C3_S001,G021,OCCUPIED,OCCUPIED,0.7919120833277703
917.0,cctv3,C3_S002,G019,EMPTY,EMPTY,0.01
917.0,cctv3,C3_S003,G020,OCCUPIED,OCCUPIED,0.8215725394812498
917.0,cctv3,C3_S004,G024,OCCUPIED,OCCUPIED,0.8291580118916252
917.0,cctv3,C3_S005,G025,OCCUPIED,OCCUPIED,0.8273814141750336
917.0,cctv3,C3_S006,G026,OCCUPIED,OCCUPIED,0.8250790417194367
917.0,cctv3,C3_S007,G027,EMPTY,MANEUVERING,0.3573830791393464
917.0,cctv3,C3_S008,G028,EMPTY,EMPTY,0.01
917.0,cctv3,C3_S009,G029,EMPTY,MANEUVERING,0.2439567630670287
917.0,cctv3,C3_S010,G007,EMPTY,EMPTY,0.01
917.0,cctv3,C3_S011,G008,OCCUPIED,OCCUPIED,0.7911479435183786
917.0,cctv3,C3_S012,G009,OCCUPIED,OCCUPIED,0.825494967807423
918.0,cctv1,C1_S001,G001,OCCUPIED,OCCUPIED,0.7619040907106617
918.0,cctv1,C1_S002,G002,EMPTY,EMPTY,0.01
918.0,cctv1,C1_S003,G003,OCCUPIED,LEAVING,0.8313338523561304
918.0,cctv1,C1_S004,G004,OCCUPIED,OCCUPIED,0.7761878951029345
918.0,cctv1,C1_S005,G005,OCCUPIED,OCCUPIED,0.7540184378623963
918.0,cctv1,C1_S006,G006,EMPTY,MANEUVERING,0.3362414368038827
918.0,cctv2,C2_S001,G007,OCCUPIED,OCCUPIED,0.808184043656696
918.0,cctv2,C2_S002,G008,OCCUPIED,OCCUPIED,0.8332578862255271
918.0,cctv2,C2_S003,G009,EMPTY,EMPTY,0.01
918.0,cctv2,C2_S004,G010,OCCUPIED,OCCUPIED,0.7997577291997997
918.0,cctv2,C2_S005,G001,EMPTY,EMPTY,0.01
918.0,cctv2,C2_S006,G003,OCCUPIED,LEAVING,0.8127633234316654
918.0,cctv2,C2_S007,G004,OCCUPIED,OCCUPIED,0.795779945362698
918.0,cctv2,C2_S008,G006,OCCUPIED,OCCUPIED,0.7672755960713734
918.0,cctv2,C2_S009,G005,OCCUPIED,OCCUPIED,0.7948487197810954
918.0,cctv2,C2_S010,G002,OCCUPIED,OCCUPIED,0.7988206698135897
918.0,cctv2,C2_S011,G017,OCCUPIED,OCCUPIED,0.7988497287034989
918.0,cctv2,C2_S012,G018,EMPTY,EMPTY,0.01
918.0,cctv2,C2_S013,G019,OCCUPIED,OCCUPIED,0.7814780980348588
918.0,cctv2,C2_S014,G020,EMPTY,EMPTY,0.01
918.0,cctv3,C3_S001,G021,OCCUPIED,OCCUPIED,0.7913095104423437
918.0,cctv3,C3_S002,G019,EMPTY,EMPTY,0.01
918.0,cctv3,C3_S003,G020,OCCUPIED,OCCUPIED,0.8217706840146672
918.0,cctv3,C3_S004,G024,OCCUPIED,OCCUPIED,0.8292624668641524
918.0,cctv3,C3_S005,G025,OCCUPIED,OCCUPIED,0.8270117521286011
918.0,cctv3,C3_S006,G026,OCCUPIED,OCCUPIED,0.8247845481742513
918.0,cctv3,C3_S007,G027,EMPTY,MANEUVERING,0.3188709369445728
918.0,cctv3,C3_S008,G028,EMPTY,EMPTY,0.01
918.0,cctv3,C3_S009,G029,EMPTY,MANEUVERING,0.2439567630670287
918.0,cctv3,C3_S010,G007,EMPTY,EMPTY,0.01
918.0,cctv3,C3_S011,G008,OCCUPIED,OCCUPIED,0.7911005245013671
918.0,cctv3,C3_S012,G009,OCCUPIED,OCCUPIED,0.8254947150295432
919.0,cctv1,C1_S001,G001,OCCUPIED,OCCUPIED,0.7705237570811403
919.0,cctv1,C1_S002,G002,EMPTY,EMPTY,0.01
919.0,cctv1,C1_S003,G003,OCCUPIED,LEAVING,0.8313473853197966
919.0,cctv1,C1_S004,G004,OCCUPIED,OCCUPIED,0.7753217606381937
919.0,cctv1,C1_S005,G005,OCCUPIED,OCCUPIED,0.740912240490769
919.0,cctv1,C1_S006,G006,EMPTY,MANEUVERING,0.3726288755373521
919.0,cctv2,C2_S001,G007,OCCUPIED,OCCUPIED,0.8095945165915923
919.0,cctv2,C2_S002,G008,OCCUPIED,OCCUPIED,0.8329018871892583
919.0,cctv2,C2_S003,G009,EMPTY,EMPTY,0.01
919.0,cctv2,C2_S004,G010,OCCUPIED,OCCUPIED,0.8008596814491533
919.0,cctv2,C2_S005,G001,EMPTY,EMPTY,0.01
919.0,cctv2,C2_S006,G003,OCCUPIED,LEAVING,0.8077794604680756
919.0,cctv2,C2_S007,G004,OCCUPIED,OCCUPIED,0.7946319655938583
919.0,cctv2,C2_S008,G006,OCCUPIED,OCCUPIED,0.7678645356134935
919.0,cctv2,C2_S009,G005,OCCUPIED,OCCUPIED,0.7954815975644373
919.0,cctv2,C2_S010,G002,OCCUPIED,OCCUPIED,0.7992110637101261
919.0,cctv2,C2_S011,G017,OCCUPIED,OCCUPIED,0.7982018663124605
919.0,cctv2,C2_S012,G018,EMPTY,EMPTY,0.01
919.0,cctv2,C2_S013,G019,OCCUPIED,OCCUPIED,0.7788634355772626
919.0,cctv2,C2_S014,G020,EMPTY,EMPTY,0.01
919.0,cctv3,C3_S001,G021,OCCUPIED,OCCUPIED,0.7917656997388061
919.0,cctv3,C3_S002,G019,EMPTY,EMPTY,0.01
919.0,cctv3,C3_S003,G020,OCCUPIED,OCCUPIED,0.8222903311252594
919.0,cctv3,C3_S004,G024,OCCUPIED,OCCUPIED,0.8293269666758452
919.0,cctv3,C3_S005,G025,OCCUPIED,OCCUPIED,0.8267369354313071
919.0,cctv3,C3_S006,G026,OCCUPIED,OCCUPIED,0.8248382273045454
919.0,cctv3,C3_S007,G027,EMPTY,MANEUVERING,0.4003830166736787
919.0,cctv3,C3_S008,G028,EMPTY,EMPTY,0.01
919.0,cctv3,C3_S009,G029,EMPTY,MANEUVERING,0.2236670644174922
919.0,cctv3,C3_S010,G007,EMPTY,EMPTY,0.01
919.0,cctv3,C3_S011,G008,OCCUPIED,OCCUPIED,0.791593978621743
919.0,cctv3,C3_S012,G009,OCCUPIED,OCCUPIED,0.824601848288016
920.0,cctv1,C1_S001,G001,OCCUPIED,OCCUPIED,0.7707420385019347
920.0,cctv1,C1_S002,G002,EMPTY,EMPTY,0.01
920.0,cctv1,C1_S003,G003,OCCUPIED,LEAVING,0.8312387444756248
920.0,cctv1,C1_S004,G004,OCCUPIED,OCCUPIED,0.775475447150794
920.0,cctv1,C1_S005,G005,OCCUPIED,OCCUPIED,0.7276260303186649
920.0,cctv1,C1_S006,G006,EMPTY,MANEUVERING,0.4178794020549817
920.0,cctv2,C2_S001,G007,OCCUPIED,OCCUPIED,0.8093710455027494
920.0,cctv2,C2_S002,G008,OCCUPIED,OCCUPIED,0.8326216971332377
920.0,cctv2,C2_S003,G009,EMPTY,EMPTY,0.01
920.0,cctv2,C2_S004,G010,OCCUPIED,OCCUPIED,0.8020514397458597
920.0,cctv2,C2_S005,G001,EMPTY,EMPTY,0.01
920.0,cctv2,C2_S006,G003,OCCUPIED,LEAVING,0.808735750886527
920.0,cctv2,C2_S007,G004,OCCUPIED,OCCUPIED,0.7953036191788587
920.0,cctv2,C2_S008,G006,OCCUPIED,OCCUPIED,0.7697710103609345
920.0,cctv2,C2_S009,G005,OCCUPIED,OCCUPIED,0.7947458570653743
920.0,cctv2,C2_S010,G002,OCCUPIED,OCCUPIED,0.7999090964143927
920.0,cctv2,C2_S011,G017,OCCUPIED,OCCUPIED,0.7977420592849905
920.0,cctv2,C2_S012,G018,EMPTY,EMPTY,0.01
920.0,cctv2,C2_S013,G019,OCCUPIED,OCCUPIED,0.782338013838638
920.0,cctv2,C2_S014,G020,EMPTY,EMPTY,0.01
920.0,cctv3,C3_S001,G021,OCCUPIED,OCCUPIED,0.7922102059830319
920.0,cctv3,C3_S002,G019,EMPTY,EMPTY,0.01
920.0,cctv3,C3_S003,G020,OCCUPIED,OCCUPIED,0.8233222403309562
920.0,cctv3,C3_S004,G024,OCCUPIED,OCCUPIED,0.8291898261417043
920.0,cctv3,C3_S005,G025,OCCUPIED,OCCUPIED,0.8265955074266955
920.0,cctv3,C3_S006,G026,OCCUPIED,OCCUPIED,0.824773211370815
920.0,cctv3,C3_S007,G027,EMPTY,MANEUVERING,0.3553830166736786
920.0,cctv3,C3_S008,G028,EMPTY,EMPTY,0.01
920.0,cctv3,C3_S009,G029,EMPTY,MANEUVERING,0.2236670644174922
920.0,cctv3,C3_S010,G007,EMPTY,EMPTY,0.01
920.0,cctv3,C3_S011,G008,OCCUPIED,OCCUPIED,0.7926812299273231
920.0,cctv3,C3_S012,G009,OCCUPIED,OCCUPIED,0.8236920893192292
921.0,cctv1,C1_S001,G001,OCCUPIED,OCCUPIED,0.7721585299481046
921.0,cctv1,C1_S002,G002,EMPTY,MANEUVERING,0.2105358345400203
921.0,cctv1,C1_S003,G003,OCCUPIED,OCCUPIED,0.8366862760348754
921.0,cctv1,C1_S004,G004,OCCUPIED,OCCUPIED,0.7759602816267448
921.0,cctv1,C1_S005,G005,OCCUPIED,OCCUPIED,0.71220277661627
921.0,cctv1,C1_S006,G006,EMPTY,MANEUVERING,0.464711583642797
921.0,cctv2,C2_S001,G007,OCCUPIED,OCCUPIED,0.8095709773627195
921.0,cctv2,C2_S002,G008,OCCUPIED,OCCUPIED,0.8326336565342817
921.0,cctv2,C2_S003,G009,EMPTY,EMPTY,0.01
921.0,cctv2,C2_S004,G010,OCCUPIED,OCCUPIED,0.8055757668885318
921.0,cctv2,C2_S005,G001,EMPTY,EMPTY,0.01
921.0,cctv2,C2_S006,G003,OCCUPIED,LEAVING,0.8098184294321321
921.0,cctv2,C2_S007,G004,OCCUPIED,OCCUPIED,0.7961400124159727
921.0,cctv2,C2_S008,G006,OCCUPIED,OCCUPIED,0.7695606930689379
921.0,cctv2,C2_S009,G005,OCCUPIED,OCCUPIED,0.7939453517848796
921.0,cctv2,C2_S010,G002,OCCUPIED,OCCUPIED,0.7995714818889446
921.0,cctv2,C2_S011,G017,OCCUPIED,OCCUPIED,0.7970706657929855
921.0,cctv2,C2_S012,G018,EMPTY,EMPTY,0.01
921.0,cctv2,C2_S013,G019,OCCUPIED,OCCUPIED,0.781479505381801
921.0,cctv2,C2_S014,G020,EMPTY,EMPTY,0.01
921.0,cctv3,C3_S001,G021,OCCUPIED,OCCUPIED,0.7896743553605947
921.0,cctv3,C3_S002,G019,EMPTY,EMPTY,0.01
921.0,cctv3,C3_S003,G020,OCCUPIED,OCCUPIED,0.8230973899364472
921.0,cctv3,C3_S004,G024,OCCUPIED,OCCUPIED,0.8292047562924298
921.0,cctv3,C3_S005,G025,OCCUPIED,OCCUPIED,0.8261090164834803
921.0,cctv3,C3_S006,G026,OCCUPIED,OCCUPIED,0.8246045036749406
921.0,cctv3,C3_S007,G027,EMPTY,MANEUVERING,0.318873100174083
921.0,cctv3,C3_S008,G028,EMPTY,EMPTY,0.01
921.0,cctv3,C3_S009,G029,EMPTY,MANEUVERING,0.2236670644174922
921.0,cctv3,C3_S010,G007,EMPTY,EMPTY,0.01
921.0,cctv3,C3_S011,G008,OCCUPIED,OCCUPIED,0.7920589647509836
921.0,cctv3,C3_S012,G009,OCCUPIED,OCCUPIED,0.8234772573817861
922.0,cctv1,C1_S001,G001,OCCUPIED,OCCUPIED,0.7727869577028535
922.0,cctv1,C1_S002,G002,EMPTY,MANEUVERING,0.2918385959348895
922.0,cctv1,C1_S003,G003,OCCUPIED,OCCUPIED,0.8366236789660021
922.0,cctv1,C1_S004,G004,OCCUPIED,OCCUPIED,0.7760307456959379
922.0,cctv1,C1_S005,G005,OCCUPIED,OCCUPIED,0.7049671809890053
922.0,cctv1,C1_S006,G006,EMPTY,MANEUVERING,0.49
922.0,cctv2,C2_S001,G007,OCCUPIED,OCCUPIED,0.8089147651737387
922.0,cctv2,C2_S002,G008,OCCUPIED,OCCUPIED,0.83233902156353
922.0,cctv2,C2_S003,G009,EMPTY,MANEUVERING,0.2441375208984721
922.0,cctv2,C2_S004,G010,OCCUPIED,OCCUPIED,0.8078651127490131
922.0,cctv2,C2_S005,G001,EMPTY,EMPTY,0.01
922.0,cctv2,C2_S006,G003,OCCUPIED,LEAVING,0.8114723055200144
922.0,cctv2,C2_S007,G004,OCCUPIED,OCCUPIED,0.7964930187572133
922.0,cctv2,C2_S008,G006,OCCUPIED,OCCUPIED,0.7681055109609258
922.0,cctv2,C2_S009,G005,OCCUPIED,OCCUPIED,0.7935250333764337
922.0,cctv2,C2_S010,G002,OCCUPIED,OCCUPIED,0.79992269765247
922.0,cctv2,C2_S011,G017,OCCUPIED,OCCUPIED,0.796702187169682
922.0,cctv2,C2_S012,G018,EMPTY,EMPTY,0.01
922.0,cctv2,C2_S013,G019,OCCUPIED,OCCUPIED,0.7792354774746029
922.0,cctv2,C2_S014,G020,EMPTY,EMPTY,0.01
922.0,cctv3,C3_S001,G021,OCCUPIED,OCCUPIED,0.78783321719278
922.0,cctv3,C3_S002,G019,EMPTY,EMPTY,0.01
922.0,cctv3,C3_S003,G020,OCCUPIED,OCCUPIED,0.8215639084577561
922.0,cctv3,C3_S004,G024,OCCUPIED,OCCUPIED,0.8290176429531791
922.0,cctv3,C3_S005,G025,OCCUPIED,OCCUPIED,0.8258349410512231
922.0,cctv3,C3_S006,G026,OCCUPIED,OCCUPIED,0.824441816319119
922.0,cctv3,C3_S007,G027,EMPTY,MANEUVERING,0.2823475745218721
922.0,cctv3,C3_S008,G028,EMPTY,EMPTY,0.01
922.0,cctv3,C3_S009,G029,EMPTY,MANEUVERING,0.2236670644174922
922.0,cctv3,C3_S010,G007,EMPTY,EMPTY,0.01
922.0,cctv3,C3_S011,G008,OCCUPIED,OCCUPIED,0.791802847927267
922.0,cctv3,C3_S012,G009,OCCUPIED,OCCUPIED,0.8233269545164976
923.0,cctv1,C1_S001,G001,OCCUPIED,OCCUPIED,0.7741320893845776
923.0,cctv1,C1_S002,G002,EMPTY,MANEUVERING,0.2918385959348895
923.0,cctv1,C1_S003,G003,OCCUPIED,OCCUPIED,0.8362819801677358
923.0,cctv1,C1_S004,G004,OCCUPIED,OCCUPIED,0.7749066266146574
923.0,cctv1,C1_S005,G005,OCCUPIED,OCCUPIED,0.706038876701485
923.0,cctv1,C1_S006,G006,EMPTY,MANEUVERING,0.4732290443998653
923.0,cctv2,C2_S001,G007,OCCUPIED,OCCUPIED,0.8080601085316051
923.0,cctv2,C2_S002,G008,OCCUPIED,OCCUPIED,0.8324334263801575
923.0,cctv2,C2_S003,G009,EMPTY,MANEUVERING,0.2441375208984721
923.0,cctv2,C2_S004,G010,OCCUPIED,OCCUPIED,0.8082952586087314
923.0,cctv2,C2_S005,G001,EMPTY,EMPTY,0.01
923.0,cctv2,C2_S006,G003,OCCUPIED,OCCUPIED,0.8122784783894366
923.0,cctv2,C2_S007,G004,OCCUPIED,OCCUPIED,0.7964252824133093
923.0,cctv2,C2_S008,G006,OCCUPIED,OCCUPIED,0.7667864599011162
923.0,cctv2,C2_S009,G005,OCCUPIED,OCCUPIED,0.7918026463551955
923.0,cctv2,C2_S010,G002,OCCUPIED,OCCUPIED,0.800129026987336
923.0,cctv2,C2_S011,G017,OCCUPIED,OCCUPIED,0.795630207386884
923.0,cctv2,C2_S012,G018,EMPTY,MANEUVERING,0.1621511787988923
923.0,cctv2,C2_S013,G019,OCCUPIED,OCCUPIED,0.6885923067412594
923.0,cctv2,C2_S014,G020,EMPTY,EMPTY,0.01
923.0,cctv3,C3_S001,G021,OCCUPIED,OCCUPIED,0.7879530465061015
923.0,cctv3,C3_S002,G019,EMPTY,EMPTY,0.01
923.0,cctv3,C3_S003,G020,OCCUPIED,OCCUPIED,0.8230125947432085
923.0,cctv3,C3_S004,G024,OCCUPIED,OCCUPIED,0.8290040490302173
923.0,cctv3,C3_S005,G025,OCCUPIED,OCCUPIED,0.8255637965419076
923.0,cctv3,C3_S006,G026,OCCUPIED,OCCUPIED,0.8243847340345383
923.0,cctv3,C3_S007,G027,EMPTY,MANEUVERING,0.2373475745218721
923.0,cctv3,C3_S008,G028,EMPTY,EMPTY,0.01
923.0,cctv3,C3_S009,G029,EMPTY,MANEUVERING,0.2236670644174922
923.0,cctv3,C3_S010,G007,EMPTY,EMPTY,0.01
923.0,cctv3,C3_S011,G008,OCCUPIED,OCCUPIED,0.7912038513205268
923.0,cctv3,C3_S012,G009,OCCUPIED,OCCUPIED,0.8229679335247387
924.0,cctv1,C1_S001,G001,OCCUPIED,OCCUPIED,0.7733953784135256
924.0,cctv1,C1_S002,G002,EMPTY,MANEUVERING,0.2918385959348895
924.0,cctv1,C1_S003,G003,OCCUPIED,OCCUPIED,0.8360685738650235
924.0,cctv1,C1_S004,G004,OCCUPIED,OCCUPIED,0.7742888647046957
924.0,cctv1,C1_S005,G005,OCCUPIED,OCCUPIED,0.706325760494579
924.0,cctv1,C1_S006,G006,EMPTY,MANEUVERING,0.392452663863247
924.0,cctv2,C2_S001,G007,OCCUPIED,OCCUPIED,0.8072559782049873
924.0,cctv2,C2_S002,G008,OCCUPIED,OCCUPIED,0.8322384785522114
924.0,cctv2,C2_S003,G009,EMPTY,MANEUVERING,0.3223961650512435
924.0,cctv2,C2_S004,G010,OCCUPIED,OCCUPIED,0.8096026144244455
924.0,cctv2,C2_S005,G001,EMPTY,EMPTY,0.01
924.0,cctv2,C2_S006,G003,OCCUPIED,OCCUPIED,0.7302626201916824
924.0,cctv2,C2_S007,G004,OCCUPIED,OCCUPIED,0.7977966511791403
924.0,cctv2,C2_S008,G006,OCCUPIED,OCCUPIED,0.7663304916836999
924.0,cctv2,C2_S009,G005,OCCUPIED,OCCUPIED,0.7913436976346103
924.0,cctv2,C2_S010,G002,OCCUPIED,OCCUPIED,0.8022884035652335
924.0,cctv2,C2_S011,G017,OCCUPIED,OCCUPIED,0.7961434001272376
924.0,cctv2,C2_S012,G018,EMPTY,MANEUVERING,0.1621511787988923
924.0,cctv2,C2_S013,G019,OCCUPIED,LEAVING,0.6926279678127983
924.0,cctv2,C2_S014,G020,EMPTY,EMPTY,0.01
924.0,cctv3,C3_S001,G021,OCCUPIED,OCCUPIED,0.7887397489764474
924.0,cctv3,C3_S002,G019,EMPTY,EMPTY,0.01
924.0,cctv3,C3_S003,G020,OCCUPIED,OCCUPIED,0.8223622752861544
924.0,cctv3,C3_S004,G024,OCCUPIED,OCCUPIED,0.8288777348670093
924.0,cctv3,C3_S005,G025,OCCUPIED,OCCUPIED,0.8247284558686344
924.0,cctv3,C3_S006,G026,OCCUPIED,OCCUPIED,0.8242291220209816
924.0,cctv3,C3_S007,G027,EMPTY,MANEUVERING,0.2010748190365054
924.0,cctv3,C3_S008,G028,EMPTY,EMPTY,0.01
924.0,cctv3,C3_S009,G029,EMPTY,EMPTY,0.01
924.0,cctv3,C3_S010,G007,EMPTY,EMPTY,0.01
924.0,cctv3,C3_S011,G008,OCCUPIED,OCCUPIED,0.790901867909865
924.0,cctv3,C3_S012,G009,OCCUPIED,OCCUPIED,0.8222265067425641
925.0,cctv1,C1_S001,G001,OCCUPIED,LEAVING,0.7701478383757852
925.0,cctv1,C1_S002,G002,EMPTY,MANEUVERING,0.2468385959348895
925.0,cctv1,C1_S003,G003,OCCUPIED,OCCUPIED,0.8361083128235558
925.0,cctv1,C1_S004,G004,OCCUPIED,OCCUPIED,0.774273871969093
925.0,cctv1,C1_S005,G005,OCCUPIED,OCCUPIED,0.68771048129508
925.0,cctv1,C1_S006,G006,EMPTY,MANEUVERING,0.4111839814529274
925.0,cctv2,C2_S001,G007,OCCUPIED,OCCUPIED,0.8050753325223924
925.0,cctv2,C2_S002,G008,OCCUPIED,OCCUPIED,0.8320150033994155
925.0,cctv2,C2_S003,G009,EMPTY,MANEUVERING,0.3223961650512435
925.0,cctv2,C2_S004,G010,OCCUPIED,OCCUPIED,0.8103735707022928
925.0,cctv2,C2_S005,G001,EMPTY,EMPTY,0.01
925.0,cctv2,C2_S006,G003,OCCUPIED,OCCUPIED,0.6491789532520555
925.0,cctv2,C2_S007,G004,OCCUPIED,OCCUPIED,0.7982322988185017
925.0,cctv2,C2_S008,G006,OCCUPIED,OCCUPIED,0.7674768747253852
925.0,cctv2,C2_S009,G005,OCCUPIED,OCCUPIED,0.790092862465165
925.0,cctv2,C2_S010,G002,OCCUPIED,OCCUPIED,0.8029212951660157
925.0,cctv2,C2_S011,G017,OCCUPIED,OCCUPIED,0.796230560541153
925.0,cctv2,C2_S012,G018,EMPTY,MANEUVERING,0.1621511787988923
925.0,cctv2,C2_S013,G019,OCCUPIED,LEAVING,0.6986742082915524
925.0,cctv2,C2_S014,G020,EMPTY,EMPTY,0.01
925.0,cctv3,C3_S001,G021,OCCUPIED,OCCUPIED,0.784189708530903
925.0,cctv3,C3_S002,G019,EMPTY,EMPTY,0.01
925.0,cctv3,C3_S003,G020,OCCUPIED,OCCUPIED,0.8227988226847216
925.0,cctv3,C3_S004,G024,OCCUPIED,OCCUPIED,0.8287394669922916
925.0,cctv3,C3_S005,G025,OCCUPIED,OCCUPIED,0.8227799220518633
925.0,cctv3,C3_S006,G026,OCCUPIED,OCCUPIED,0.8240175062959845
925.0,cctv3,C3_S007,G027,EMPTY,MANEUVERING,0.2010748190365054
925.0,cctv3,C3_S008,G028,EMPTY,EMPTY,0.01
925.0,cctv3,C3_S009,G029,EMPTY,EMPTY,0.01
925.0,cctv3,C3_S010,G007,EMPTY,EMPTY,0.01
925.0,cctv3,C3_S011,G008,OCCUPIED,OCCUPIED,0.7912007334557447
925.0,cctv3,C3_S012,G009,OCCUPIED,OCCUPIED,0.8214214994148775
926.0,cctv1,C1_S001,G001,OCCUPIED,LEAVING,0.7753773262554949
926.0,cctv1,C1_S002,G002,EMPTY,MANEUVERING,0.2018385959348895
926.0,cctv1,C1_S003,G003,OCCUPIED,OCCUPIED,0.8361539550802926
926.0,cctv1,C1_S004,G004,OCCUPIED,OCCUPIED,0.7748129732229494
926.0,cctv1,C1_S005,G005,OCCUPIED,OCCUPIED,0.758406187593937
926.0,cctv1,C1_S006,G006,EMPTY,MANEUVERING,0.4255674137716944
926.0,cctv2,C2_S001,G007,OCCUPIED,OCCUPIED,0.8023793784054843
926.0,cctv2,C2_S002,G008,OCCUPIED,OCCUPIED,0.8315318627790972
926.0,cctv2,C2_S003,G009,EMPTY,MANEUVERING,0.3556102808090773
926.0,cctv2,C2_S004,G010,OCCUPIED,OCCUPIED,0.8093033067204736
926.0,cctv2,C2_S005,G001,EMPTY,EMPTY,0.01
926.0,cctv2,C2_S006,G003,OCCUPIED,OCCUPIED,0.6493051531730277
926.0,cctv2,C2_S007,G004,OCCUPIED,OCCUPIED,0.7978219582275912
926.0,cctv2,C2_S008,G006,OCCUPIED,OCCUPIED,0.7650693210688505
926.0,cctv2,C2_S009,G005,OCCUPIED,OCCUPIED,0.7900403887033464
926.0,cctv2,C2_S010,G002,OCCUPIED,OCCUPIED,0.80286668213931
926.0,cctv2,C2_S011,G017,OCCUPIED,OCCUPIED,0.7963021300055765
926.0,cctv2,C2_S012,G018,EMPTY,MANEUVERING,0.1621511787988923
926.0,cctv2,C2_S013,G019,OCCUPIED,LEAVING,0.7009342358193614
926.0,cctv2,C2_S014,G020,EMPTY,EMPTY,0.01
926.0,cctv3,C3_S001,G021,OCCUPIED,OCCUPIED,0.7802474769678983
926.0,cctv3,C3_S002,G019,EMPTY,EMPTY,0.01
926.0,cctv3,C3_S003,G020,OCCUPIED,OCCUPIED,0.8230645767667077
926.0,cctv3,C3_S004,G024,OCCUPIED,OCCUPIED,0.8283521015535702
926.0,cctv3,C3_S005,G025,OCCUPIED,OCCUPIED,0.8216977295550434
926.0,cctv3,C3_S006,G026,OCCUPIED,OCCUPIED,0.8237578010017222
926.0,cctv3,C3_S007,G027,EMPTY,MANEUVERING,0.2010748190365054
926.0,cctv3,C3_S008,G028,EMPTY,EMPTY,0.01
926.0,cctv3,C3_S009,G029,EMPTY,EMPTY,0.01
926.0,cctv3,C3_S010,G007,EMPTY,EMPTY,0.01
926.0,cctv3,C3_S011,G008,OCCUPIED,OCCUPIED,0.7923006204041568
926.0,cctv3,C3_S012,G009,OCCUPIED,OCCUPIED,0.8217905892567202
927.0,cctv1,C1_S001,G001,OCCUPIED,LEAVING,0.7824402925643055
927.0,cctv1,C1_S002,G002,EMPTY,MANEUVERING,0.2018385959348895
927.0,cctv1,C1_S003,G003,OCCUPIED,OCCUPIED,0.8361257837577301
927.0,cctv1,C1_S004,G004,OCCUPIED,OCCUPIED,0.7764583393931389
927.0,cctv1,C1_S005,G005,OCCUPIED,OCCUPIED,0.758925626630133
927.0,cctv1,C1_S006,G006,EMPTY,MANEUVERING,0.4255674137716944
927.0,cctv2,C2_S001,G007,OCCUPIED,OCCUPIED,0.8007548464970156
927.0,cctv2,C2_S002,G008,OCCUPIED,OCCUPIED,0.8306977965615013
927.0,cctv2,C2_S003,G009,EMPTY,MANEUVERING,0.3556102808090773
927.0,cctv2,C2_S004,G010,OCCUPIED,OCCUPIED,0.8080024516040629
927.0,cctv2,C2_S005,G001,EMPTY,EMPTY,0.01
927.0,cctv2,C2_S006,G003,OCCUPIED,OCCUPIED,0.6413682508288009
927.0,cctv2,C2_S007,G004,OCCUPIED,OCCUPIED,0.7985501657832753
927.0,cctv2,C2_S008,G006,OCCUPIED,OCCUPIED,0.7646907215768641
927.0,cctv2,C2_S009,G005,OCCUPIED,OCCUPIED,0.7903409269723026
927.0,cctv2,C2_S010,G002,OCCUPIED,OCCUPIED,0.803307550332763
927.0,cctv2,C2_S011,G017,OCCUPIED,OCCUPIED,0.7957540352236141
927.0,cctv2,C2_S012,G018,EMPTY,MANEUVERING,0.1171511787988922
927.0,cctv2,C2_S013,G019,OCCUPIED,LEAVING,0.7453091979704121
927.0,cctv2,C2_S014,G020,EMPTY,EMPTY,0.01
927.0,cctv3,C3_S001,G021,OCCUPIED,OCCUPIED,0.7780563840811904
927.0,cctv3,C3_S002,G019,EMPTY,EMPTY,0.01
927.0,cctv3,C3_S003,G020,OCCUPIED,LEAVING,0.8190040707588196
927.0,cctv3,C3_S004,G024,OCCUPIED,OCCUPIED,0.8280192142183131
927.0,cctv3,C3_S005,G025,OCCUPIED,OCCUPIED,0.8217550125989048
927.0,cctv3,C3_S006,G026,OCCUPIED,OCCUPIED,0.8237321842800488
927.0,cctv3,C3_S007,G027,EMPTY,MANEUVERING,0.1655222446810115
927.0,cctv3,C3_S008,G028,EMPTY,EMPTY,0.01
927.0,cctv3,C3_S009,G029,EMPTY,EMPTY,0.01
927.0,cctv3,C3_S010,G007,EMPTY,EMPTY,0.01
927.0,cctv3,C3_S011,G008,OCCUPIED,OCCUPIED,0.7914742415601558
927.0,cctv3,C3_S012,G009,OCCUPIED,OCCUPIED,0.8220389764417302
928.0,cctv1,C1_S001,G001,OCCUPIED,LEAVING,0.7738998724655672
928.0,cctv1,C1_S002,G002,EMPTY,MANEUVERING,0.2018385959348895
928.0,cctv1,C1_S003,G003,OCCUPIED,OCCUPIED,0.8362158409573816
928.0,cctv1,C1_S004,G004,OCCUPIED,OCCUPIED,0.7776975097981367
928.0,cctv1,C1_S005,G005,OCCUPIED,OCCUPIED,0.7587319902398371
928.0,cctv1,C1_S006,G006,EMPTY,MANEUVERING,0.4255674137716944
928.0,cctv2,C2_S001,G007,OCCUPIED,OCCUPIED,0.799558592655442
928.0,cctv2,C2_S002,G008,OCCUPIED,OCCUPIED,0.8304648003794931
928.0,cctv2,C2_S003,G009,EMPTY,MANEUVERING,0.3106102808090773
928.0,cctv2,C2_S004,G010,OCCUPIED,OCCUPIED,0.8076582851735029
928.0,cctv2,C2_S005,G001,EMPTY,EMPTY,0.01
928.0,cctv2,C2_S006,G003,OCCUPIED,OCCUPIED,0.6901438082077287
928.0,cctv2,C2_S007,G004,OCCUPIED,OCCUPIED,0.7989935706962239
928.0,cctv2,C2_S008,G006,OCCUPIED,OCCUPIED,0.765171772918918
928.0,cctv2,C2_S009,G005,OCCUPIED,OCCUPIED,0.7902773163535379
928.0,cctv2,C2_S010,G002,OCCUPIED,OCCUPIED,0.8044725027951328
928.0,cctv2,C2_S011,G017,OCCUPIED,OCCUPIED,0.7967480911449953
928.0,cctv2,C2_S012,G018,EMPTY,MANEUVERING,0.1171511787988922
928.0,cctv2,C2_S013,G019,OCCUPIED,LEAVING,0.744850170978091
928.0,cctv2,C2_S014,G020,EMPTY,EMPTY,0.01
928.0,cctv3,C3_S001,G021,OCCUPIED,OCCUPIED,0.7761512337760492
928.0,cctv3,C3_S002,G019,EMPTY,EMPTY,0.01
928.0,cctv3,C3_S003,G020,OCCUPIED,LEAVING,0.8186065275560727
928.0,cctv3,C3_S004,G024,OCCUPIED,OCCUPIED,0.8279948548837142
928.0,cctv3,C3_S005,G025,OCCUPIED,OCCUPIED,0.8221455918117003
928.0,cctv3,C3_S006,G026,OCCUPIED,OCCUPIED,0.8234650517051871
928.0,cctv3,C3_S007,G027,EMPTY,MANEUVERING,0.1655222446810115
928.0,cctv3,C3_S008,G028,EMPTY,EMPTY,0.01
928.0,cctv3,C3_S009,G029,EMPTY,EMPTY,0.01
928.0,cctv3,C3_S010,G007,EMPTY,MANEUVERING,0.2698615862022746
928.0,cctv3,C3_S011,G008,OCCUPIED,OCCUPIED,0.7922232833775608
928.0,cctv3,C3_S012,G009,OCCUPIED,OCCUPIED,0.8219271323897622
929.0,cctv1,C1_S001,G001,OCCUPIED,LEAVING,0.7630931149829518
929.0,cctv1,C1_S002,G002,EMPTY,MANEUVERING,0.2018385959348895
929.0,cctv1,C1_S003,G003,OCCUPIED,OCCUPIED,0.8363341865214435
929.0,cctv1,C1_S004,G004,OCCUPIED,OCCUPIED,0.7768696467984807
929.0,cctv1,C1_S005,G005,OCCUPIED,OCCUPIED,0.7554781898856163
929.0,cctv1,C1_S006,G006,EMPTY,MANEUVERING,0.3805674137716943
929.0,cctv2,C2_S001,G007,OCCUPIED,OCCUPIED,0.7991489990191026
929.0,cctv2,C2_S002,G008,OCCUPIED,OCCUPIED,0.8302916020154953
929.0,cctv2,C2_S003,G009,EMPTY,MANEUVERING,0.3106102808090773
929.0,cctv2,C2_S004,G010,OCCUPIED,OCCUPIED,0.8088918452913112
929.0,cctv2,C2_S005,G001,EMPTY,EMPTY,0.01
929.0,cctv2,C2_S006,G003,OCCUPIED,OCCUPIED,0.7405432568806591
929.0,cctv2,C2_S007,G004,OCCUPIED,OCCUPIED,0.8001091737638821
929.0,cctv2,C2_S008,G006,OCCUPIED,OCCUPIED,0.7663320737806234
929.0,cctv2,C2_S009,G005,OCCUPIED,OCCUPIED,0.7885430471463637
929.0,cctv2,C2_S010,G002,OCCUPIED,OCCUPIED,0.8040142530744727
929.0,cctv2,C2_S011,G017,OCCUPIED,OCCUPIED,0.7972809566692873
929.0,cctv2,C2_S012,G018,EMPTY,MANEUVERING,0.1171511787988922
929.0,cctv2,C2_S013,G019,OCCUPIED,LEAVING,0.7455961040339687
929.0,cctv2,C2_S014,G020,EMPTY,EMPTY,0.01
929.0,cctv3,C3_S001,G021,OCCUPIED,OCCUPIED,0.7760944018309768
929.0,cctv3,C3_S002,G019,EMPTY,EMPTY,0.01
929.0,cctv3,C3_S003,G020,OCCUPIED,LEAVING,0.8183691650629044
929.0,cctv3,C3_S004,G024,OCCUPIED,OCCUPIED,0.8278356730937958
929.0,cctv3,C3_S005,G025,OCCUPIED,OCCUPIED,0.8222745784304359
929.0,cctv3,C3_S006,G026,OCCUPIED,OCCUPIED,0.8235513367436149
929.0,cctv3,C3_S007,G027,EMPTY,MANEUVERING,0.2471785921908237
929.0,cctv3,C3_S008,G028,EMPTY,EMPTY,0.01
929.0,cctv3,C3_S009,G029,EMPTY,EMPTY,0.01
929.0,cctv3,C3_S010,G007,EMPTY,MANEUVERING,0.2698615862022746
929.0,cctv3,C3_S011,G008,OCCUPIED,OCCUPIED,0.7923421491276135
929.0,cctv3,C3_S012,G009,OCCUPIED,OCCUPIED,0.8221062389287083
930.0,cctv1,C1_S001,G001,OCCUPIED,LEAVING,0.7528331800617956
930.0,cctv1,C1_S002,G002,EMPTY,MANEUVERING,0.2018385959348895
930.0,cctv1,C1_S003,G003,OCCUPIED,OCCUPIED,0.8363494035872547
930.0,cctv1,C1_S004,G004,OCCUPIED,OCCUPIED,0.7776132766496052
930.0,cctv1,C1_S005,G005,OCCUPIED,OCCUPIED,0.7541029441085729
930.0,cctv1,C1_S006,G006,EMPTY,MANEUVERING,0.3000404099578207
930.0,cctv2,C2_S001,G007,OCCUPIED,OCCUPIED,0.7958433332768354
930.0,cctv2,C2_S002,G008,OCCUPIED,OCCUPIED,0.8303132897073573
930.0,cctv2,C2_S003,G009,EMPTY,MANEUVERING,0.2656102808090773
930.0,cctv2,C2_S004,G010,OCCUPIED,OCCUPIED,0.8053018121556803
930.0,cctv2,C2_S005,G001,EMPTY,EMPTY,0.01
930.0,cctv2,C2_S006,G003,OCCUPIED,OCCUPIED,0.7457163708228054
930.0,cctv2,C2_S007,G004,OCCUPIED,OCCUPIED,0.800997822934931
930.0,cctv2,C2_S008,G006,OCCUPIED,OCCUPIED,0.7678256663409146
930.0,cctv2,C2_S009,G005,OCCUPIED,OCCUPIED,0.7883941089565104
930.0,cctv2,C2_S010,G002,OCCUPIED,OCCUPIED,0.8034479184584185
930.0,cctv2,C2_S011,G017,OCCUPIED,OCCUPIED,0.7973330020904542
930.0,cctv2,C2_S012,G018,EMPTY,MANEUVERING,0.1171511787988922
930.0,cctv2,C2_S013,G019,OCCUPIED,LEAVING,0.7494261344454506
930.0,cctv2,C2_S014,G020,EMPTY,EMPTY,0.01
930.0,cctv3,C3_S001,G021,OCCUPIED,OCCUPIED,0.7769935043020683
930.0,cctv3,C3_S002,G019,EMPTY,EMPTY,0.01
930.0,cctv3,C3_S003,G020,OCCUPIED,LEAVING,0.818366959961978
930.0,cctv3,C3_S004,G024,OCCUPIED,OCCUPIED,0.8277018633755772
930.0,cctv3,C3_S005,G025,OCCUPIED,OCCUPIED,0.8210236002098431
930.0,cctv3,C3_S006,G026,OCCUPIED,OCCUPIED,0.8174247552048077
930.0,cctv3,C3_S007,G027,EMPTY,MANEUVERING,0.2111076669733632
930.0,cctv3,C3_S008,G028,EMPTY,EMPTY,0.01
930.0,cctv3,C3_S009,G029,EMPTY,EMPTY,0.01
930.0,cctv3,C3_S010,G007,EMPTY,MANEUVERING,0.2698615862022746
930.0,cctv3,C3_S011,G008,OCCUPIED,OCCUPIED,0.791144329851324
930.0,cctv3,C3_S012,G009,OCCUPIED,OCCUPIED,0.8225052419033918
931.0,cctv1,C1_S001,G001,OCCUPIED,LEAVING,0.7523383137177337
931.0,cctv1,C1_S002,G002,EMPTY,MANEUVERING,0.2018385959348895
931.0,cctv1,C1_S003,G003,OCCUPIED,OCCUPIED,0.8364997032013807
931.0,cctv1,C1_S004,G004,OCCUPIED,OCCUPIED,0.7782965608618477
931.0,cctv1,C1_S005,G005,OCCUPIED,OCCUPIED,0.7537106442180548
931.0,cctv1,C1_S006,G006,EMPTY,MANEUVERING,0.2643271318315105
931.0,cctv2,C2_S001,G007,OCCUPIED,OCCUPIED,0.7950994876298039
931.0,cctv2,C2_S002,G008,OCCUPIED,OCCUPIED,0.8307496956803583
931.0,cctv2,C2_S003,G009,EMPTY,MANEUVERING,0.2656102808090773
931.0,cctv2,C2_S004,G010,OCCUPIED,OCCUPIED,0.8027620528231968
931.0,cctv2,C2_S005,G001,EMPTY,EMPTY,0.01
931.0,cctv2,C2_S006,G003,OCCUPIED,LEAVING,0.7439154661514542
931.0,cctv2,C2_S007,G004,OCCUPIED,OCCUPIED,0.8004072362726385
931.0,cctv2,C2_S008,G006,OCCUPIED,OCCUPIED,0.7672423378987746
931.0,cctv2,C2_S009,G005,OCCUPIED,OCCUPIED,0.7888349226929925
931.0,cctv2,C2_S010,G002,OCCUPIED,OCCUPIED,0.8020935979756443
931.0,cctv2,C2_S011,G017,OCCUPIED,OCCUPIED,0.7959376592527737
931.0,cctv2,C2_S012,G018,EMPTY,MANEUVERING,0.1171511787988922
931.0,cctv2,C2_S013,G019,OCCUPIED,LEAVING,0.750580430247567
931.0,cctv2,C2_S014,G020,EMPTY,EMPTY,0.01
931.0,cctv3,C3_S001,G021,OCCUPIED,OCCUPIED,0.7766180779446256
931.0,cctv3,C3_S002,G019,EMPTY,EMPTY,0.01
931.0,cctv3,C3_S003,G020,OCCUPIED,LEAVING,0.8178614050149918
931.0,cctv3,C3_S004,G024,OCCUPIED,OCCUPIED,0.8274618942629208
931.0,cctv3,C3_S005,G025,OCCUPIED,OCCUPIED,0.8191366775469348
931.0,cctv3,C3_S006,G026,OCCUPIED,OCCUPIED,0.8149358603087339
931.0,cctv3,C3_S007,G027,EMPTY,MANEUVERING,0.1511076669733632
931.0,cctv3,C3_S008,G028,EMPTY,EMPTY,0.01
931.0,cctv3,C3_S009,G029,EMPTY,MANEUVERING,0.1530077907781709
931.0,cctv3,C3_S010,G007,EMPTY,MANEUVERING,0.2698615862022746
931.0,cctv3,C3_S011,G008,OCCUPIED,OCCUPIED,0.7918902936306867
931.0,cctv3,C3_S012,G009,OCCUPIED,OCCUPIED,0.8229950352148577
932.0,cctv1,C1_S001,G001,OCCUPIED,LEAVING,0.7500269759785045
932.0,cctv1,C1_S002,G002,EMPTY,MANEUVERING,0.165414084602486
932.0,cctv1,C1_S003,G003,OCCUPIED,OCCUPIED,0.8364968177947132
932.0,cctv1,C1_S004,G004,OCCUPIED,OCCUPIED,0.7781154637986964
932.0,cctv1,C1_S005,G005,OCCUPIED,OCCUPIED,0.7542853530157697
932.0,cctv1,C1_S006,G006,EMPTY,MANEUVERING,0.2270944930883971
932.0,cctv2,C2_S001,G007,OCCUPIED,OCCUPIED,0.7946600206873634
932.0,cctv2,C2_S002,G008,OCCUPIED,OCCUPIED,0.8309006707234816
932.0,cctv2,C2_S003,G009,EMPTY,MANEUVERING,0.2656102808090773
932.0,cctv2,C2_S004,G010,OCCUPIED,OCCUPIED,0.797984532605518
932.0,cctv2,C2_S005,G001,EMPTY,EMPTY,0.01
932.0,cctv2,C2_S006,G003,OCCUPIED,LEAVING,0.7421884315031948
932.0,cctv2,C2_S007,G004,OCCUPIED,OCCUPIED,0.7992120910774578
932.0,cctv2,C2_S008,G006,OCCUPIED,OCCUPIED,0.7659413003108719
932.0,cctv2,C2_S009,G005,OCCUPIED,OCCUPIED,0.7890030354261399
932.0,cctv2,C2_S010,G002,OCCUPIED,OCCUPIED,0.8004370096054945
932.0,cctv2,C2_S011,G017,OCCUPIED,OCCUPIED,0.7948387265205384
932.0,cctv2,C2_S012,G018,EMPTY,MANEUVERING,0.1171511787988922
932.0,cctv2,C2_S013,G019,OCCUPIED,LEAVING,0.7522437208078125
932.0,cctv2,C2_S014,G020,EMPTY,EMPTY,0.01
932.0,cctv3,C3_S001,G021,OCCUPIED,OCCUPIED,0.776050687107173
932.0,cctv3,C3_S002,G019,EMPTY,EMPTY,0.01
932.0,cctv3,C3_S003,G020,OCCUPIED,LEAVING,0.8176389385353435
932.0,cctv3,C3_S004,G024,OCCUPIED,OCCUPIED,0.827400782162493
932.0,cctv3,C3_S005,G025,OCCUPIED,OCCUPIED,0.8195215046405793
932.0,cctv3,C3_S006,G026,OCCUPIED,LEAVING,0.8104924080046741
932.0,cctv3,C3_S007,G027,EMPTY,MANEUVERING,0.1511076669733632
932.0,cctv3,C3_S008,G028,EMPTY,EMPTY,0.01
932.0,cctv3,C3_S009,G029,EMPTY,MANEUVERING,0.1530077907781709
932.0,cctv3,C3_S010,G007,EMPTY,MANEUVERING,0.2248615862022746
932.0,cctv3,C3_S011,G008,OCCUPIED,OCCUPIED,0.7933610423044726
932.0,cctv3,C3_S012,G009,OCCUPIED,OCCUPIED,0.8227267517284914
933.0,cctv1,C1_S001,G001,OCCUPIED,LEAVING,0.7482071276415478
933.0,cctv1,C1_S002,G002,EMPTY,EMPTY,0.01
933.0,cctv1,C1_S003,G003,OCCUPIED,OCCUPIED,0.8366675972938538
933.0,cctv1,C1_S004,G004,OCCUPIED,OCCUPIED,0.7776535955342381
933.0,cctv1,C1_S005,G005,OCCUPIED,OCCUPIED,0.7560149312019349
933.0,cctv1,C1_S006,G006,EMPTY,MANEUVERING,0.3134025810929861
933.0,cctv2,C2_S001,G007,OCCUPIED,OCCUPIED,0.7941243445331401
933.0,cctv2,C2_S002,G008,OCCUPIED,OCCUPIED,0.8308578756722538
933.0,cctv2,C2_S003,G009,EMPTY,MANEUVERING,0.2261193880371072
933.0,cctv2,C2_S004,G010,OCCUPIED,OCCUPIED,0.7950174518606881
933.0,cctv2,C2_S005,G001,EMPTY,EMPTY,0.01
933.0,cctv2,C2_S006,G003,OCCUPIED,LEAVING,0.7389181700168235
933.0,cctv2,C2_S007,G004,OCCUPIED,OCCUPIED,0.7968911975622178
933.0,cctv2,C2_S008,G006,OCCUPIED,OCCUPIED,0.7664951850067486
933.0,cctv2,C2_S009,G005,OCCUPIED,OCCUPIED,0.7885441712357781
933.0,cctv2,C2_S010,G002,OCCUPIED,OCCUPIED,0.7988171390511773
933.0,cctv2,C2_S011,G017,OCCUPIED,OCCUPIED,0.7937534462321889
933.0,cctv2,C2_S012,G018,EMPTY,MANEUVERING,0.1171511787988922
933.0,cctv2,C2_S013,G019,OCCUPIED,OCCUPIED,0.7566513948819855
933.0,cctv2,C2_S014,G020,EMPTY,EMPTY,0.01
933.0,cctv3,C3_S001,G021,OCCUPIED,OCCUPIED,0.7769877729090778
933.0,cctv3,C3_S002,G019,EMPTY,EMPTY,0.01
933.0,cctv3,C3_S003,G020,OCCUPIED,LEAVING,0.8183307078751652
933.0,cctv3,C3_S004,G024,OCCUPIED,OCCUPIED,0.8277735263109207
933.0,cctv3,C3_S005,G025,OCCUPIED,OCCUPIED,0.818982219696045
933.0,cctv3,C3_S006,G026,OCCUPIED,LEAVING,0.8074749878861688
933.0,cctv3,C3_S007,G027,EMPTY,MANEUVERING,0.1061076669733632
933.0,cctv3,C3_S008,G028,EMPTY,EMPTY,0.01
933.0,cctv3,C3_S009,G029,EMPTY,MANEUVERING,0.1530077907781709
933.0,cctv3,C3_S010,G007,EMPTY,MANEUVERING,0.316993858136914
933.0,cctv3,C3_S011,G008,OCCUPIED,OCCUPIED,0.7125052373517644
933.0,cctv3,C3_S012,G009,OCCUPIED,OCCUPIED,0.8221800370649859
934.0,cctv1,C1_S001,G001,OCCUPIED,LEAVING,0.7454568756574935
934.0,cctv1,C1_S002,G002,EMPTY,EMPTY,0.01
934.0,cctv1,C1_S003,G003,OCCUPIED,OCCUPIED,0.8369299043308606
934.0,cctv1,C1_S004,G004,OCCUPIED,OCCUPIED,0.7780966310338541
934.0,cctv1,C1_S005,G005,OCCUPIED,OCCUPIED,0.7562889021905986
934.0,cctv1,C1_S006,G006,EMPTY,MANEUVERING,0.3134025810929861
934.0,cctv2,C2_S001,G007,OCCUPIED,OCCUPIED,0.7927953343499792
934.0,cctv2,C2_S002,G008,OCCUPIED,OCCUPIED,0.8308487155220726
934.0,cctv2,C2_S003,G009,EMPTY,MANEUVERING,0.2261193880371072
934.0,cctv2,C2_S004,G010,OCCUPIED,OCCUPIED,0.7913705266334794
934.0,cctv2,C2_S005,G001,EMPTY,EMPTY,0.01
934.0,cctv2,C2_S006,G003,OCCUPIED,LEAVING,0.7371107724128347
934.0,cctv2,C2_S007,G004,OCCUPIED,OCCUPIED,0.7957551674409347
934.0,cctv2,C2_S008,G006,OCCUPIED,OCCUPIED,0.765865110944618
934.0,cctv2,C2_S009,G005,OCCUPIED,OCCUPIED,0.788153359564868
934.0,cctv2,C2_S010,G002,OCCUPIED,OCCUPIED,0.7970458285375075
934.0,cctv2,C2_S011,G017,OCCUPIED,OCCUPIED,0.792697601968592
934.0,cctv2,C2_S012,G018,EMPTY,EMPTY,0.01
934.0,cctv2,C2_S013,G019,OCCUPIED,OCCUPIED,0.8053473767909137
934.0,cctv2,C2_S014,G020,EMPTY,EMPTY,0.01
934.0,cctv3,C3_S001,G021,OCCUPIED,OCCUPIED,0.7794406587427314
934.0,cctv3,C3_S002,G019,EMPTY,EMPTY,0.01
934.0,cctv3,C3_S003,G020,OCCUPIED,LEAVING,0.8191831049594013
934.0,cctv3,C3_S004,G024,OCCUPIED,OCCUPIED,0.8277416039596905
934.0,cctv3,C3_S005,G025,OCCUPIED,OCCUPIED,0.8191658225926487
934.0,cctv3,C3_S006,G026,OCCUPIED,LEAVING,0.8053632132031702
934.0,cctv3,C3_S007,G027,EMPTY,MANEUVERING,0.0861076669733632
934.0,cctv3,C3_S008,G028,EMPTY,EMPTY,0.01
934.0,cctv3,C3_S009,G029,EMPTY,MANEUVERING,0.2858932453698732
934.0,cctv3,C3_S010,G007,EMPTY,MANEUVERING,0.316993858136914
934.0,cctv3,C3_S011,G008,OCCUPIED,OCCUPIED,0.7140158932317388
934.0,cctv3,C3_S012,G009,OCCUPIED,OCCUPIED,0.8222950623794036
935.0,cctv1,C1_S001,G001,OCCUPIED,LEAVING,0.7431059472940186
935.0,cctv1,C1_S002,G002,EMPTY,EMPTY,0.01
935.0,cctv1,C1_S003,G003,OCCUPIED,OCCUPIED,0.8370581618764185
935.0,cctv1,C1_S004,G004,OCCUPIED,OCCUPIED,0.7799137516455218
935.0,cctv1,C1_S005,G005,OCCUPIED,OCCUPIED,0.7557003609158777
935.0,cctv1,C1_S006,G006,EMPTY,MANEUVERING,0.3933303726701574
935.0,cctv2,C2_S001,G007,OCCUPIED,OCCUPIED,0.7905699990012429
935.0,cctv2,C2_S002,G008,OCCUPIED,OCCUPIED,0.8302706116979773
935.0,cctv2,C2_S003,G009,EMPTY,MANEUVERING,0.1865839668701995
935.0,cctv2,C2_S004,G010,OCCUPIED,OCCUPIED,0.7870115285569972
935.0,cctv2,C2_S005,G001,EMPTY,EMPTY,0.01
935.0,cctv2,C2_S006,G003,OCCUPIED,LEAVING,0.7743240142274987
935.0,cctv2,C2_S007,G004,OCCUPIED,OCCUPIED,0.7935973993756555
935.0,cctv2,C2_S008,G006,OCCUPIED,OCCUPIED,0.765165546942841
935.0,cctv2,C2_S009,G005,OCCUPIED,OCCUPIED,0.7868700359355321
935.0,cctv2,C2_S010,G002,OCCUPIED,OCCUPIED,0.7967583014206453
935.0,cctv2,C2_S011,G017,OCCUPIED,OCCUPIED,0.7924746738238768
935.0,cctv2,C2_S012,G018,EMPTY,EMPTY,0.01
935.0,cctv2,C2_S013,G019,OCCUPIED,OCCUPIED,0.8066327937624672
935.0,cctv2,C2_S014,G020,EMPTY,EMPTY,0.01
935.0,cctv3,C3_S001,G021,OCCUPIED,OCCUPIED,0.7777810532938351
935.0,cctv3,C3_S002,G019,EMPTY,EMPTY,0.01
935.0,cctv3,C3_S003,G020,OCCUPIED,LEAVING,0.8186978258869866
935.0,cctv3,C3_S004,G024,OCCUPIED,OCCUPIED,0.8273642033338547
935.0,cctv3,C3_S005,G025,OCCUPIED,OCCUPIED,0.8191676741296595
935.0,cctv3,C3_S006,G026,OCCUPIED,LEAVING,0.8016561524434523
935.0,cctv3,C3_S007,G027,EMPTY,MANEUVERING,0.0861076669733632
935.0,cctv3,C3_S008,G028,EMPTY,EMPTY,0.01
935.0,cctv3,C3_S009,G029,EMPTY,MANEUVERING,0.2408932453698732
935.0,cctv3,C3_S010,G007,EMPTY,MANEUVERING,0.316993858136914
935.0,cctv3,C3_S011,G008,OCCUPIED,OCCUPIED,0.7143673359264027
935.0,cctv3,C3_S012,G009,OCCUPIED,OCCUPIED,0.8228294884616679
936.0,cctv1,C1_S001,G001,OCCUPIED,LEAVING,0.7425994428044016
936.0,cctv1,C1_S002,G002,EMPTY,EMPTY,0.01
936.0,cctv1,C1_S003,G003,OCCUPIED,OCCUPIED,0.8370851562781768
936.0,cctv1,C1_S004,G004,OCCUPIED,OCCUPIED,0.7796446147290144
936.0,cctv1,C1_S005,G005,OCCUPIED,OCCUPIED,0.7556976396929135
936.0,cctv1,C1_S006,G006,EMPTY,MANEUVERING,0.3582231197032061
936.0,cctv2,C2_S001,G007,OCCUPIED,OCCUPIED,0.7914026940410788
936.0,cctv2,C2_S002,G008,OCCUPIED,OCCUPIED,0.8294689888303931
936.0,cctv2,C2_S003,G009,EMPTY,MANEUVERING,0.1865839668701995
936.0,cctv2,C2_S004,G010,OCCUPIED,OCCUPIED,0.7845551054586064
936.0,cctv2,C2_S005,G001,EMPTY,EMPTY,0.01
936.0,cctv2,C2_S006,G003,OCCUPIED,LEAVING,0.811352086473595
936.0,cctv2,C2_S007,G004,OCCUPIED,OCCUPIED,0.7924068480730058
936.0,cctv2,C2_S008,G006,OCCUPIED,OCCUPIED,0.7650326463309202
936.0,cctv2,C2_S009,G005,OCCUPIED,OCCUPIED,0.7877165606076068
936.0,cctv2,C2_S010,G002,OCCUPIED,OCCUPIED,0.7971120018850674
936.0,cctv2,C2_S011,G017,OCCUPIED,OCCUPIED,0.7922303741628474
936.0,cctv2,C2_S012,G018,EMPTY,EMPTY,0.01
936.0,cctv2,C2_S013,G019,OCCUPIED,OCCUPIED,0.8076658953319897
936.0,cctv2,C2_S014,G020,EMPTY,EMPTY,0.01
936.0,cctv3,C3_S001,G021,OCCUPIED,OCCUPIED,0.7807144068858841
936.0,cctv3,C3_S002,G019,EMPTY,EMPTY,0.01
936.0,cctv3,C3_S003,G020,OCCUPIED,LEAVING,0.8180322991176086
936.0,cctv3,C3_S004,G024,OCCUPIED,OCCUPIED,0.8272131689570168
936.0,cctv3,C3_S005,G025,OCCUPIED,OCCUPIED,0.8200650713660501
936.0,cctv3,C3_S006,G026,OCCUPIED,LEAVING,0.7983776192773473
936.0,cctv3,C3_S007,G027,EMPTY,MANEUVERING,0.0861076669733632
936.0,cctv3,C3_S008,G028,EMPTY,EMPTY,0.01
936.0,cctv3,C3_S009,G029,EMPTY,MANEUVERING,0.2408932453698732
936.0,cctv3,C3_S010,G007,EMPTY,MANEUVERING,0.3866377610239115
936.0,cctv3,C3_S011,G008,OCCUPIED,OCCUPIED,0.7153689603913914
936.0,cctv3,C3_S012,G009,OCCUPIED,OCCUPIED,0.8234660693190315
937.0,cctv1,C1_S001,G001,OCCUPIED,LEAVING,0.7340093286877329
937.0,cctv1,C1_S002,G002,EMPTY,EMPTY,0.01
937.0,cctv1,C1_S003,G003,OCCUPIED,OCCUPIED,0.8372211678461596
937.0,cctv1,C1_S004,G004,OCCUPIED,OCCUPIED,0.780148365280845
937.0,cctv1,C1_S005,G005,OCCUPIED,OCCUPIED,0.7532782457091592
937.0,cctv1,C1_S006,G006,EMPTY,MANEUVERING,0.2758677283606746
937.0,cctv2,C2_S001,G007,OCCUPIED,OCCUPIED,0.7926262430169366
937.0,cctv2,C2_S002,G008,OCCUPIED,OCCUPIED,0.829105251214721
937.0,cctv2,C2_S003,G009,EMPTY,EMPTY,0.01
937.0,cctv2,C2_S004,G010,OCCUPIED,OCCUPIED,0.7825966206463901
937.0,cctv2,C2_S005,G001,EMPTY,EMPTY,0.01
937.0,cctv2,C2_S006,G003,OCCUPIED,OCCUPIED,0.8098732562227683
937.0,cctv2,C2_S007,G004,OCCUPIED,OCCUPIED,0.7917230367660523
937.0,cctv2,C2_S008,G006,OCCUPIED,OCCUPIED,0.7669312492012978
937.0,cctv2,C2_S009,G005,OCCUPIED,OCCUPIED,0.7857705643231219
937.0,cctv2,C2_S010,G002,OCCUPIED,OCCUPIED,0.7966274722055956
937.0,cctv2,C2_S011,G017,OCCUPIED,OCCUPIED,0.7906255881894719
937.0,cctv2,C2_S012,G018,EMPTY,EMPTY,0.01
937.0,cctv2,C2_S013,G019,OCCUPIED,OCCUPIED,0.8092133462429048
937.0,cctv2,C2_S014,G020,EMPTY,EMPTY,0.01
937.0,cctv3,C3_S001,G021,OCCUPIED,OCCUPIED,0.7836578398942948
937.0,cctv3,C3_S002,G019,EMPTY,EMPTY,0.01
937.0,cctv3,C3_S003,G020,OCCUPIED,LEAVING,0.8169079260392623
937.0,cctv3,C3_S004,G024,OCCUPIED,OCCUPIED,0.827441354231401
937.0,cctv3,C3_S005,G025,OCCUPIED,OCCUPIED,0.8200876141136344
937.0,cctv3,C3_S006,G026,OCCUPIED,LEAVING,0.7962612344460055
937.0,cctv3,C3_S007,G027,EMPTY,MANEUVERING,0.0861076669733632
937.0,cctv3,C3_S008,G028,EMPTY,EMPTY,0.01
937.0,cctv3,C3_S009,G029,EMPTY,MANEUVERING,0.2408932453698732
937.0,cctv3,C3_S010,G007,EMPTY,MANEUVERING,0.3416377610239115
937.0,cctv3,C3_S011,G008,OCCUPIED,OCCUPIED,0.7600251950729977
937.0,cctv3,C3_S012,G009,OCCUPIED,OCCUPIED,0.8226972287351435
938.0,cctv1,C1_S001,G001,OCCUPIED,LEAVING,0.7250981364737858
938.0,cctv1,C1_S002,G002,EMPTY,EMPTY,0.01
938.0,cctv1,C1_S003,G003,OCCUPIED,OCCUPIED,0.8372544646263123
938.0,cctv1,C1_S004,G004,OCCUPIED,OCCUPIED,0.7804094019261274
938.0,cctv1,C1_S005,G005,OCCUPIED,OCCUPIED,0.753844305601987
938.0,cctv1,C1_S006,G006,EMPTY,MANEUVERING,0.2758677283606746
938.0,cctv2,C2_S001,G007,OCCUPIED,OCCUPIED,0.7917660008777272
938.0,cctv2,C2_S002,G008,OCCUPIED,OCCUPIED,0.8288782127878883
938.0,cctv2,C2_S003,G009,EMPTY,EMPTY,0.01
938.0,cctv2,C2_S004,G010,OCCUPIED,OCCUPIED,0.7805230873552236
938.0,cctv2,C2_S005,G001,EMPTY,EMPTY,0.01
938.0,cctv2,C2_S006,G003,OCCUPIED,OCCUPIED,0.8145810698921031
938.0,cctv2,C2_S007,G004,OCCUPIED,OCCUPIED,0.7918170985850421
938.0,cctv2,C2_S008,G006,OCCUPIED,OCCUPIED,0.7662298917770386
938.0,cctv2,C2_S009,G005,OCCUPIED,OCCUPIED,0.7851254166527228
938.0,cctv2,C2_S010,G002,OCCUPIED,OCCUPIED,0.7954515031792901
938.0,cctv2,C2_S011,G017,OCCUPIED,OCCUPIED,0.7897020987489007
938.0,cctv2,C2_S012,G018,EMPTY,EMPTY,0.01
938.0,cctv2,C2_S013,G019,OCCUPIED,OCCUPIED,0.811233606392687
938.0,cctv2,C2_S014,G020,EMPTY,EMPTY,0.01
938.0,cctv3,C3_S001,G021,OCCUPIED,OCCUPIED,0.7833055284890262
938.0,cctv3,C3_S002,G019,EMPTY,EMPTY,0.01
938.0,cctv3,C3_S003,G020,OCCUPIED,LEAVING,0.8194966291839427
938.0,cctv3,C3_S004,G024,OCCUPIED,OCCUPIED,0.8274270726875825
938.0,cctv3,C3_S005,G025,OCCUPIED,OCCUPIED,0.8196120080622761
938.0,cctv3,C3_S006,G026,OCCUPIED,LEAVING,0.7945179123770107
938.0,cctv3,C3_S007,G027,EMPTY,MANEUVERING,0.0861076669733632
938.0,cctv3,C3_S008,G028,EMPTY,EMPTY,0.01
938.0,cctv3,C3_S009,G029,EMPTY,MANEUVERING,0.1958932453698732
938.0,cctv3,C3_S010,G007,EMPTY,MANEUVERING,0.427968474091454
938.0,cctv3,C3_S011,G008,OCCUPIED,OCCUPIED,0.6802580743847472
938.0,cctv3,C3_S012,G009,OCCUPIED,OCCUPIED,0.8222375257448717
939.0,cctv1,C1_S001,G001,OCCUPIED,LEAVING,0.7244071994315495
939.0,cctv1,C1_S002,G002,EMPTY,EMPTY,0.01
939.0,cctv1,C1_S003,G003,OCCUPIED,OCCUPIED,0.8372677984562787
939.0,cctv1,C1_S004,G004,OCCUPIED,OCCUPIED,0.7800842328505083
939.0,cctv1,C1_S005,G005,OCCUPIED,OCCUPIED,0.7551819423382933
939.0,cctv1,C1_S006,G006,EMPTY,MANEUVERING,0.3109726710888472
939.0,cctv2,C2_S001,G007,OCCUPIED,OCCUPIED,0.791863667423075
939.0,cctv2,C2_S002,G008,OCCUPIED,OCCUPIED,0.8283150846307928
939.0,cctv2,C2_S003,G009,EMPTY,MANEUVERING,0.2865976495634426
939.0,cctv2,C2_S004,G010,OCCUPIED,OCCUPIED,0.7787211557680911
939.0,cctv2,C2_S005,G001,EMPTY,EMPTY,0.01
939.0,cctv2,C2_S006,G003,OCCUPIED,OCCUPIED,0.8165163040161133
939.0,cctv2,C2_S007,G004,OCCUPIED,OCCUPIED,0.7909698334607211
939.0,cctv2,C2_S008,G006,OCCUPIED,OCCUPIED,0.7653044772419063
939.0,cctv2,C2_S009,G005,OCCUPIED,OCCUPIED,0.7853024465116588
939.0,cctv2,C2_S010,G002,OCCUPIED,OCCUPIED,0.7014523961327294
939.0,cctv2,C2_S011,G017,OCCUPIED,LEAVING,0.7775607603788377
939.0,cctv2,C2_S012,G018,EMPTY,MANEUVERING,0.1333626360513947
939.0,cctv2,C2_S013,G019,OCCUPIED,OCCUPIED,0.8115271205251868
939.0,cctv2,C2_S014,G020,EMPTY,EMPTY,0.01
939.0,cctv3,C3_S001,G021,OCCUPIED,OCCUPIED,0.7859266367825596
939.0,cctv3,C3_S002,G019,EMPTY,EMPTY,0.01
939.0,cctv3,C3_S003,G020,OCCUPIED,LEAVING,0.8191534169695595
939.0,cctv3,C3_S004,G024,OCCUPIED,OCCUPIED,0.8273268417878585
939.0,cctv3,C3_S005,G025,OCCUPIED,OCCUPIED,0.8193932462822308
939.0,cctv3,C3_S006,G026,OCCUPIED,LEAVING,0.7932394528930838
939.0,cctv3,C3_S007,G027,EMPTY,MANEUVERING,0.0861076669733632
939.0,cctv3,C3_S008,G028,EMPTY,EMPTY,0.01
939.0,cctv3,C3_S009,G029,EMPTY,MANEUVERING,0.1958932453698732
939.0,cctv3,C3_S010,G007,EMPTY,MANEUVERING,0.4774887093021112
939.0,cctv3,C3_S011,G008,OCCUPIED,OCCUPIED,0.599383474635807
939.0,cctv3,C3_S012,G009,OCCUPIED,OCCUPIED,0.8223098055882888
940.0,cctv1,C1_S001,G001,OCCUPIED,LEAVING,0.7248718336224557
940.0,cctv1,C1_S002,G002,EMPTY,EMPTY,0.01
940.0,cctv1,C1_S003,G003,OCCUPIED,OCCUPIED,0.8371921691027555
940.0,cctv1,C1_S004,G004,OCCUPIED,OCCUPIED,0.7791238963603974
940.0,cctv1,C1_S005,G005,OCCUPIED,LEAVING,0.7559712087566203
940.0,cctv1,C1_S006,G006,EMPTY,MANEUVERING,0.3912599481506781
940.0,cctv2,C2_S001,G007,OCCUPIED,OCCUPIED,0.7910084930333225
940.0,cctv2,C2_S002,G008,OCCUPIED,OCCUPIED,0.8283116107637233
940.0,cctv2,C2_S003,G009,EMPTY,MANEUVERING,0.2865976495634426
940.0,cctv2,C2_S004,G010,OCCUPIED,OCCUPIED,0.7763399133628066
940.0,cctv2,C2_S005,G001,EMPTY,EMPTY,0.01
940.0,cctv2,C2_S006,G003,OCCUPIED,OCCUPIED,0.8166486848484387
940.0,cctv2,C2_S007,G004,OCCUPIED,OCCUPIED,0.7898642269047824
940.0,cctv2,C2_S008,G006,OCCUPIED,OCCUPIED,0.7621907491575588
940.0,cctv2,C2_S009,G005,OCCUPIED,OCCUPIED,0.7851668454029344
940.0,cctv2,C2_S010,G002,OCCUPIED,OCCUPIED,0.6082338758670923
940.0,cctv2,C2_S011,G017,OCCUPIED,LEAVING,0.7630453037131917
940.0,cctv2,C2_S012,G018,EMPTY,MANEUVERING,0.238485797657208
940.0,cctv2,C2_S013,G019,OCCUPIED,OCCUPIED,0.8133921571753242
940.0,cctv2,C2_S014,G020,EMPTY,EMPTY,0.01
940.0,cctv3,C3_S001,G021,OCCUPIED,LEAVING,0.7896913130174984
940.0,cctv3,C3_S002,G019,EMPTY,EMPTY,0.01
940.0,cctv3,C3_S003,G020,OCCUPIED,LEAVING,0.8191385372118517
940.0,cctv3,C3_S004,G024,OCCUPIED,OCCUPIED,0.82741154757413
940.0,cctv3,C3_S005,G025,OCCUPIED,OCCUPIED,0.8193158564242451
940.0,cctv3,C3_S006,G026,OCCUPIED,LEAVING,0.7910948829217391
940.0,cctv3,C3_S007,G027,EMPTY,EMPTY,0.01
940.0,cctv3,C3_S008,G028,EMPTY,MANEUVERING,0.1099391779642213
940.0,cctv3,C3_S009,G029,EMPTY,MANEUVERING,0.1958932453698732
940.0,cctv3,C3_S010,G007,EMPTY,MANEUVERING,0.49
940.0,cctv3,C3_S011,G008,OCCUPIED,LEAVING,0.51
940.0,cctv3,C3_S012,G009,OCCUPIED,OCCUPIED,0.8221974259073085
941.0,cctv1,C1_S001,G001,OCCUPIED,OCCUPIED,0.7240232330831615
941.0,cctv1,C1_S002,G002,EMPTY,EMPTY,0.01
941.0,cctv1,C1_S003,G003,OCCUPIED,OCCUPIED,0.8372336970134215
941.0,cctv1,C1_S004,G004,OCCUPIED,OCCUPIED,0.7780559528957715
941.0,cctv1,C1_S005,G005,OCCUPIED,LEAVING,0.7585042125799439
941.0,cctv1,C1_S006,G006,EMPTY,MANEUVERING,0.3672599481506781
941.0,cctv2,C2_S001,G007,OCCUPIED,OCCUPIED,0.7939493677832864
941.0,cctv2,C2_S002,G008,OCCUPIED,OCCUPIED,0.8284592208537189
941.0,cctv2,C2_S003,G009,EMPTY,MANEUVERING,0.2865976495634426
941.0,cctv2,C2_S004,G010,OCCUPIED,OCCUPIED,0.7793930568478324
941.0,cctv2,C2_S005,G001,EMPTY,EMPTY,0.01
941.0,cctv2,C2_S006,G003,OCCUPIED,OCCUPIED,0.816025497154756
941.0,cctv2,C2_S007,G004,OCCUPIED,OCCUPIED,0.789160197431391
941.0,cctv2,C2_S008,G006,OCCUPIED,OCCUPIED,0.7620690264485099
941.0,cctv2,C2_S009,G005,OCCUPIED,OCCUPIED,0.7837831457907504
941.0,cctv2,C2_S010,G002,OCCUPIED,OCCUPIED,0.5265467756512491
941.0,cctv2,C2_S011,G017,OCCUPIED,LEAVING,0.6697622894969854
941.0,cctv2,C2_S012,G018,EMPTY,MANEUVERING,0.3510304215008561
941.0,cctv2,C2_S013,G019,OCCUPIED,OCCUPIED,0.8169639321890745
941.0,cctv2,C2_S014,G020,EMPTY,EMPTY,0.01
941.0,cctv3,C3_S001,G021,OCCUPIED,LEAVING,0.7071201582659374
941.0,cctv3,C3_S002,G019,EMPTY,EMPTY,0.01
941.0,cctv3,C3_S003,G020,OCCUPIED,LEAVING,0.8170201049609618
941.0,cctv3,C3_S004,G024,OCCUPIED,OCCUPIED,0.8273271937261929
941.0,cctv3,C3_S005,G025,OCCUPIED,OCCUPIED,0.8198820520531048
941.0,cctv3,C3_S006,G026,OCCUPIED,LEAVING,0.794167801195925
941.0,cctv3,C3_S007,G027,EMPTY,EMPTY,0.01
941.0,cctv3,C3_S008,G028,EMPTY,MANEUVERING,0.1099391779642213
941.0,cctv3,C3_S009,G029,EMPTY,MANEUVERING,0.1958932453698732
941.0,cctv3,C3_S010,G007,EMPTY,MANEUVERING,0.49
941.0,cctv3,C3_S011,G008,OCCUPIED,LEAVING,0.51
941.0,cctv3,C3_S012,G009,OCCUPIED,OCCUPIED,0.8221935488960961
942.0,cctv1,C1_S001,G001,OCCUPIED,OCCUPIED,0.7240203456445174
942.0,cctv1,C1_S002,G002,EMPTY,EMPTY,0.01
942.0,cctv1,C1_S003,G003,OCCUPIED,OCCUPIED,0.8370709885250439
942.0,cctv1,C1_S004,G004,OCCUPIED,OCCUPIED,0.7776805436069316
942.0,cctv1,C1_S005,G005,OCCUPIED,LEAVING,0.7594191559336403
942.0,cctv1,C1_S006,G006,EMPTY,MANEUVERING,0.4509885268861597
942.0,cctv2,C2_S001,G007,OCCUPIED,OCCUPIED,0.7929105425422842
942.0,cctv2,C2_S002,G008,OCCUPIED,OCCUPIED,0.8277454175732353
942.0,cctv2,C2_S003,G009,EMPTY,MANEUVERING,0.3604602425477721
942.0,cctv2,C2_S004,G010,OCCUPIED,OCCUPIED,0.7802131772041322
942.0,cctv2,C2_S005,G001,EMPTY,EMPTY,0.01
942.0,cctv2,C2_S006,G003,OCCUPIED,OCCUPIED,0.816062118248506
942.0,cctv2,C2_S007,G004,OCCUPIED,OCCUPIED,0.7892743546854366
942.0,cctv2,C2_S008,G006,OCCUPIED,OCCUPIED,0.7623326087539847
942.0,cctv2,C2_S009,G005,OCCUPIED,OCCUPIED,0.782519579069181
942.0,cctv2,C2_S010,G002,OCCUPIED,OCCUPIED,0.51
942.0,cctv2,C2_S011,G017,OCCUPIED,LEAVING,0.5776075918385477
942.0,cctv2,C2_S012,G018,EMPTY,MANEUVERING,0.4551032691719857
942.0,cctv2,C2_S013,G019,OCCUPIED,OCCUPIED,0.8206325983459299
942.0,cctv2,C2_S014,G020,EMPTY,EMPTY,0.01
942.0,cctv3,C3_S001,G021,OCCUPIED,LEAVING,0.6260538605668329
942.0,cctv3,C3_S002,G019,EMPTY,EMPTY,0.01
942.0,cctv3,C3_S003,G020,OCCUPIED,LEAVING,0.8133616043762728
942.0,cctv3,C3_S004,G024,OCCUPIED,OCCUPIED,0.8270968187939037
942.0,cctv3,C3_S005,G025,OCCUPIED,OCCUPIED,0.8213552464138378
942.0,cctv3,C3_S006,G026,OCCUPIED,OCCUPIED,0.7929251743988558
942.0,cctv3,C3_S007,G027,EMPTY,EMPTY,0.01
942.0,cctv3,C3_S008,G028,EMPTY,MANEUVERING,0.1099391779642213
942.0,cctv3,C3_S009,G029,EMPTY,MANEUVERING,0.1910514272343028
942.0,cctv3,C3_S010,G007,EMPTY,MANEUVERING,0.49
942.0,cctv3,C3_S011,G008,OCCUPIED,LEAVING,0.5414943147905462
942.0,cctv3,C3_S012,G009,OCCUPIED,OCCUPIED,0.8223638008941304
943.0,cctv1,C1_S001,G001,OCCUPIED,OCCUPIED,0.7234469637274743
943.0,cctv1,C1_S002,G002,EMPTY,EMPTY,0.01
943.0,cctv1,C1_S003,G003,OCCUPIED,OCCUPIED,0.8370599630204114
943.0,cctv1,C1_S004,G004,OCCUPIED,OCCUPIED,0.776260645552115
943.0,cctv1,C1_S005,G005,OCCUPIED,LEAVING,0.7603377844799649
943.0,cctv1,C1_S006,G006,EMPTY,MANEUVERING,0.3917028126004455
943.0,cctv2,C2_S001,G007,OCCUPIED,OCCUPIED,0.791307492689653
943.0,cctv2,C2_S002,G008,OCCUPIED,OCCUPIED,0.8272637481039221
943.0,cctv2,C2_S003,G009,EMPTY,MANEUVERING,0.3154602425477721
943.0,cctv2,C2_S004,G010,OCCUPIED,OCCUPIED,0.783222106505524
943.0,cctv2,C2_S005,G001,EMPTY,EMPTY,0.01
943.0,cctv2,C2_S006,G003,OCCUPIED,OCCUPIED,0.8156876648014243
943.0,cctv2,C2_S007,G004,OCCUPIED,OCCUPIED,0.7885955209081824
943.0,cctv2,C2_S008,G006,OCCUPIED,OCCUPIED,0.7642549442974005
943.0,cctv2,C2_S009,G005,OCCUPIED,OCCUPIED,0.7829901254989885
943.0,cctv2,C2_S010,G002,OCCUPIED,OCCUPIED,0.51
943.0,cctv2,C2_S011,G017,OCCUPIED,LEAVING,0.51
943.0,cctv2,C2_S012,G018,EMPTY,MANEUVERING,0.49
943.0,cctv2,C2_S013,G019,OCCUPIED,OCCUPIED,0.8233737907626413
943.0,cctv2,C2_S014,G020,EMPTY,EMPTY,0.01
943.0,cctv3,C3_S001,G021,OCCUPIED,LEAVING,0.5334075359605027
943.0,cctv3,C3_S002,G019,EMPTY,MANEUVERING,0.2347288528175065
943.0,cctv3,C3_S003,G020,OCCUPIED,LEAVING,0.7311359720338475
943.0,cctv3,C3_S004,G024,OCCUPIED,OCCUPIED,0.8263433789665049
943.0,cctv3,C3_S005,G025,OCCUPIED,OCCUPIED,0.8188084182414143
943.0,cctv3,C3_S006,G026,OCCUPIED,OCCUPIED,0.7909827722744509
943.0,cctv3,C3_S007,G027,EMPTY,EMPTY,0.01
943.0,cctv3,C3_S008,G028,EMPTY,MANEUVERING,0.1099391779642213
943.0,cctv3,C3_S009,G029,EMPTY,MANEUVERING,0.1910514272343028
943.0,cctv3,C3_S010,G007,EMPTY,MANEUVERING,0.49
943.0,cctv3,C3_S011,G008,OCCUPIED,LEAVING,0.5838990898140065
943.0,cctv3,C3_S012,G009,OCCUPIED,OCCUPIED,0.8225769625468689
944.0,cctv1,C1_S001,G001,OCCUPIED,OCCUPIED,0.723334067518061
944.0,cctv1,C1_S002,G002,EMPTY,EMPTY,0.01
944.0,cctv1,C1_S003,G003,OCCUPIED,OCCUPIED,0.8370217927477577
944.0,cctv1,C1_S004,G004,OCCUPIED,OCCUPIED,0.776172396811572
944.0,cctv1,C1_S005,G005,OCCUPIED,LEAVING,0.7571312958543952
944.0,cctv1,C1_S006,G006,EMPTY,MANEUVERING,0.2910607507582996
944.0,cctv2,C2_S001,G007,OCCUPIED,OCCUPIED,0.7909493291919882
944.0,cctv2,C2_S002,G008,OCCUPIED,OCCUPIED,0.8270111709833146
944.0,cctv2,C2_S003,G009,EMPTY,MANEUVERING,0.3804002869400111
944.0,cctv2,C2_S004,G010,OCCUPIED,OCCUPIED,0.7850981743498282
944.0,cctv2,C2_S005,G001,EMPTY,EMPTY,0.01
944.0,cctv2,C2_S006,G003,OCCUPIED,OCCUPIED,0.8166915172880347
944.0,cctv2,C2_S007,G004,OCCUPIED,OCCUPIED,0.7898642366582698
944.0,cctv2,C2_S008,G006,OCCUPIED,OCCUPIED,0.7639270162040538
944.0,cctv2,C2_S009,G005,OCCUPIED,OCCUPIED,0.7837926123629917
944.0,cctv2,C2_S010,G002,OCCUPIED,OCCUPIED,0.51
944.0,cctv2,C2_S011,G017,OCCUPIED,LEAVING,0.51
944.0,cctv2,C2_S012,G018,EMPTY,MANEUVERING,0.49
944.0,cctv2,C2_S013,G019,OCCUPIED,OCCUPIED,0.7313148417256096
944.0,cctv2,C2_S014,G020,EMPTY,EMPTY,0.01
944.0,cctv3,C3_S001,G021,OCCUPIED,OCCUPIED,0.51
944.0,cctv3,C3_S002,G019,EMPTY,MANEUVERING,0.3302628281893152
944.0,cctv3,C3_S003,G020,OCCUPIED,LEAVING,0.6490092205820662
944.0,cctv3,C3_S004,G024,OCCUPIED,OCCUPIED,0.8254380578344519
944.0,cctv3,C3_S005,G025,OCCUPIED,OCCUPIED,0.8162435388023204
944.0,cctv3,C3_S006,G026,OCCUPIED,OCCUPIED,0.7882397514852612
944.0,cctv3,C3_S007,G027,EMPTY,EMPTY,0.01
944.0,cctv3,C3_S008,G028,EMPTY,MANEUVERING,0.0649391779642213
944.0,cctv3,C3_S009,G029,EMPTY,MANEUVERING,0.1910514272343028
944.0,cctv3,C3_S010,G007,OCCUPIED,OCCUPIED,0.5976706546893367
944.0,cctv3,C3_S011,G008,OCCUPIED,LEAVING,0.5838990898140065
944.0,cctv3,C3_S012,G009,OCCUPIED,OCCUPIED,0.8233330504460769
945.0,cctv1,C1_S001,G001,OCCUPIED,OCCUPIED,0.7235202158716593
945.0,cctv1,C1_S002,G002,EMPTY,EMPTY,0.01
945.0,cctv1,C1_S003,G003,OCCUPIED,OCCUPIED,0.836895701289177
945.0,cctv1,C1_S004,G004,OCCUPIED,OCCUPIED,0.7763204799457031
945.0,cctv1,C1_S005,G005,OCCUPIED,LEAVING,0.755969425900416
945.0,cctv1,C1_S006,G006,EMPTY,MANEUVERING,0.282489322186871
945.0,cctv2,C2_S001,G007,OCCUPIED,OCCUPIED,0.791549378362569
945.0,cctv2,C2_S002,G008,OCCUPIED,OCCUPIED,0.8263405602086675
945.0,cctv2,C2_S003,G009,EMPTY,MANEUVERING,0.3804002869400111
945.0,cctv2,C2_S004,G010,OCCUPIED,OCCUPIED,0.7880684278228067
945.0,cctv2,C2_S005,G001,EMPTY,EMPTY,0.01
945.0,cctv2,C2_S006,G003,OCCUPIED,OCCUPIED,0.816867035356435
945.0,cctv2,C2_S007,G004,OCCUPIED,OCCUPIED,0.7908663912252947
945.0,cctv2,C2_S008,G006,OCCUPIED,OCCUPIED,0.7674985754218969
945.0,cctv2,C2_S009,G005,OCCUPIED,OCCUPIED,0.7854444329034199
945.0,cctv2,C2_S010,G002,OCCUPIED,OCCUPIED,0.51
945.0,cctv2,C2_S011,G017,OCCUPIED,LEAVING,0.5393346010487189
945.0,cctv2,C2_S012,G018,EMPTY,MANEUVERING,0.49
945.0,cctv2,C2_S013,G019,OCCUPIED,LEAVING,0.7324770804426888
945.0,cctv2,C2_S014,G020,EMPTY,EMPTY,0.01
945.0,cctv3,C3_S001,G021,OCCUPIED,OCCUPIED,0.51
945.0,cctv3,C3_S002,G019,EMPTY,MANEUVERING,0.3302628281893152
945.0,cctv3,C3_S003,G020,OCCUPIED,LEAVING,0.5654898617890748
945.0,cctv3,C3_S004,G024,OCCUPIED,OCCUPIED,0.8245701681483877
945.0,cctv3,C3_S005,G025,OCCUPIED,OCCUPIED,0.8124170636588878
945.0,cctv3,C3_S006,G026,OCCUPIED,OCCUPIED,0.7840335247191517
945.0,cctv3,C3_S007,G027,EMPTY,EMPTY,0.01
945.0,cctv3,C3_S008,G028,EMPTY,MANEUVERING,0.0649391779642213
945.0,cctv3,C3_S009,G029,EMPTY,EMPTY,0.01
945.0,cctv3,C3_S010,G007,OCCUPIED,OCCUPIED,0.6347949367118153
945.0,cctv3,C3_S011,G008,OCCUPIED,LEAVING,0.51
945.0,cctv3,C3_S012,G009,OCCUPIED,OCCUPIED,0.8233428608287465
946.0,cctv1,C1_S001,G001,OCCUPIED,OCCUPIED,0.7237571668895809
946.0,cctv1,C1_S002,G002,EMPTY,EMPTY,0.01
946.0,cctv1,C1_S003,G003,OCCUPIED,OCCUPIED,0.8368504020300779
946.0,cctv1,C1_S004,G004,OCCUPIED,OCCUPIED,0.7747145479375667
946.0,cctv1,C1_S005,G005,OCCUPIED,LEAVING,0.7549497146498074
946.0,cctv1,C1_S006,G006,EMPTY,MANEUVERING,0.1856145137819376
946.0,cctv2,C2_S001,G007,OCCUPIED,OCCUPIED,0.7936924300410532
946.0,cctv2,C2_S002,G008,OCCUPIED,OCCUPIED,0.8261608140035109
946.0,cctv2,C2_S003,G009,EMPTY,MANEUVERING,0.4166837803883986
946.0,cctv2,C2_S004,G010,OCCUPIED,OCCUPIED,0.7879528473724019
946.0,cctv2,C2_S005,G001,EMPTY,EMPTY,0.01
946.0,cctv2,C2_S006,G003,OCCUPIED,OCCUPIED,0.8168438667600806
946.0,cctv2,C2_S007,G004,OCCUPIED,OCCUPIED,0.7932336203076623
946.0,cctv2,C2_S008,G006,OCCUPIED,OCCUPIED,0.7692981113087047
946.0,cctv2,C2_S009,G005,OCCUPIED,OCCUPIED,0.7868384342301976
946.0,cctv2,C2_S010,G002,OCCUPIED,OCCUPIED,0.51
946.0,cctv2,C2_S011,G017,OCCUPIED,LEAVING,0.51
946.0,cctv2,C2_S012,G018,EMPTY,MANEUVERING,0.4582976976714351
946.0,cctv2,C2_S013,G019,OCCUPIED,LEAVING,0.73524938932874
946.0,cctv2,C2_S014,G020,EMPTY,EMPTY,0.01
946.0,cctv3,C3_S001,G021,OCCUPIED,OCCUPIED,0.51
946.0,cctv3,C3_S002,G019,EMPTY,MANEUVERING,0.3302628281893152
946.0,cctv3,C3_S003,G020,OCCUPIED,OCCUPIED,0.51
946.0,cctv3,C3_S004,G024,OCCUPIED,OCCUPIED,0.8236945667050102
946.0,cctv3,C3_S005,G025,OCCUPIED,OCCUPIED,0.8079219654202462
946.0,cctv3,C3_S006,G026,OCCUPIED,OCCUPIED,0.7811382597143001
946.0,cctv3,C3_S007,G027,EMPTY,EMPTY,0.01
946.0,cctv3,C3_S008,G028,EMPTY,MANEUVERING,0.0649391779642213
946.0,cctv3,C3_S009,G029,EMPTY,EMPTY,0.01
946.0,cctv3,C3_S010,G007,OCCUPIED,OCCUPIED,0.5897949367118154
946.0,cctv3,C3_S011,G008,OCCUPIED,OCCUPIED,0.5156838186627084
946.0,cctv3,C3_S012,G009,OCCUPIED,OCCUPIED,0.823515469106761
947.0,cctv1,C1_S001,G001,OCCUPIED,OCCUPIED,0.722392927211794
947.0,cctv1,C1_S002,G002,EMPTY,EMPTY,0.01
947.0,cctv1,C1_S003,G003,OCCUPIED,OCCUPIED,0.8368207758123225
947.0,cctv1,C1_S004,G004,OCCUPIED,OCCUPIED,0.774593565680764
947.0,cctv1,C1_S005,G005,OCCUPIED,OCCUPIED,0.7147239417379553
947.0,cctv1,C1_S006,G006,EMPTY,MANEUVERING,0.261521447063847
947.0,cctv2,C2_S001,G007,OCCUPIED,OCCUPIED,0.7945792089809072
947.0,cctv2,C2_S002,G008,OCCUPIED,OCCUPIED,0.826923428611322
947.0,cctv2,C2_S003,G009,EMPTY,MANEUVERING,0.4166837803883986
947.0,cctv2,C2_S004,G010,OCCUPIED,OCCUPIED,0.7868470006368378
947.0,cctv2,C2_S005,G001,EMPTY,EMPTY,0.01
947.0,cctv2,C2_S006,G003,OCCUPIED,OCCUPIED,0.8166775283488361
947.0,cctv2,C2_S007,G004,OCCUPIED,OCCUPIED,0.7940615231340582
947.0,cctv2,C2_S008,G006,OCCUPIED,OCCUPIED,0.7687301108782942
947.0,cctv2,C2_S009,G005,OCCUPIED,LEAVING,0.7910303107716821
947.0,cctv2,C2_S010,G002,OCCUPIED,OCCUPIED,0.51
947.0,cctv2,C2_S011,G017,OCCUPIED,LEAVING,0.51
947.0,cctv2,C2_S012,G018,EMPTY,MANEUVERING,0.49
947.0,cctv2,C2_S013,G019,OCCUPIED,LEAVING,0.7347876184365967
947.0,cctv2,C2_S014,G020,EMPTY,EMPTY,0.01
947.0,cctv3,C3_S001,G021,OCCUPIED,OCCUPIED,0.51
947.0,cctv3,C3_S002,G019,EMPTY,MANEUVERING,0.2852628281893152
947.0,cctv3,C3_S003,G020,OCCUPIED,OCCUPIED,0.51
947.0,cctv3,C3_S004,G024,OCCUPIED,OCCUPIED,0.8214341480623593
947.0,cctv3,C3_S005,G025,OCCUPIED,OCCUPIED,0.8053628901189025
947.0,cctv3,C3_S006,G026,OCCUPIED,OCCUPIED,0.7784025735475801
947.0,cctv3,C3_S007,G027,EMPTY,EMPTY,0.01
947.0,cctv3,C3_S008,G028,EMPTY,MANEUVERING,0.0649391779642213
947.0,cctv3,C3_S009,G029,EMPTY,EMPTY,0.01
947.0,cctv3,C3_S010,G007,OCCUPIED,OCCUPIED,0.5598282233228932
947.0,cctv3,C3_S011,G008,OCCUPIED,OCCUPIED,0.5173905022984201
947.0,cctv3,C3_S012,G009,OCCUPIED,OCCUPIED,0.8242781747471203
948.0,cctv1,C1_S001,G001,OCCUPIED,OCCUPIED,0.7230359217998658
948.0,cctv1,C1_S002,G002,EMPTY,EMPTY,0.01
948.0,cctv1,C1_S003,G003,OCCUPIED,OCCUPIED,0.8367128477855162
948.0,cctv1,C1_S004,G004,OCCUPIED,OCCUPIED,0.774009980396791
948.0,cctv1,C1_S005,G005,OCCUPIED,OCCUPIED,0.7178398084315387
948.0,cctv1,C1_S006,G006,EMPTY,MANEUVERING,0.338986919527704
948.0,cctv2,C2_S001,G007,OCCUPIED,OCCUPIED,0.7954280809922653
948.0,cctv2,C2_S002,G008,OCCUPIED,OCCUPIED,0.8272023840384051
948.0,cctv2,C2_S003,G009,EMPTY,MANEUVERING,0.4463006615096873
948.0,cctv2,C2_S004,G010,OCCUPIED,OCCUPIED,0.7879466364329513
948.0,cctv2,C2_S005,G001,EMPTY,EMPTY,0.01
948.0,cctv2,C2_S006,G003,OCCUPIED,OCCUPIED,0.816064017740163
948.0,cctv2,C2_S007,G004,OCCUPIED,OCCUPIED,0.795125837488608
948.0,cctv2,C2_S008,G006,OCCUPIED,OCCUPIED,0.7682604182850231
948.0,cctv2,C2_S009,G005,OCCUPIED,LEAVING,0.7869442847642032
948.0,cctv2,C2_S010,G002,EMPTY,EMPTY,0.2311688245968385
948.0,cctv2,C2_S011,G017,OCCUPIED,LEAVING,0.51
948.0,cctv2,C2_S012,G018,EMPTY,MANEUVERING,0.4559589947469823
948.0,cctv2,C2_S013,G019,OCCUPIED,LEAVING,0.7799633147499779
948.0,cctv2,C2_S014,G020,EMPTY,EMPTY,0.01
948.0,cctv3,C3_S001,G021,OCCUPIED,OCCUPIED,0.51
948.0,cctv3,C3_S002,G019,EMPTY,MANEUVERING,0.2402628281893152
948.0,cctv3,C3_S003,G020,OCCUPIED,OCCUPIED,0.51
948.0,cctv3,C3_S004,G024,OCCUPIED,OCCUPIED,0.8200478345155716
948.0,cctv3,C3_S005,G025,OCCUPIED,OCCUPIED,0.8033811570568519
948.0,cctv3,C3_S006,G026,OCCUPIED,OCCUPIED,0.7739799144593152
948.0,cctv3,C3_S007,G027,EMPTY,EMPTY,0.01
948.0,cctv3,C3_S008,G028,EMPTY,MANEUVERING,0.0649391779642213
948.0,cctv3,C3_S009,G029,EMPTY,EMPTY,0.01
948.0,cctv3,C3_S010,G007,OCCUPIED,OCCUPIED,0.5148282233228931
948.0,cctv3,C3_S011,G008,OCCUPIED,OCCUPIED,0.5639686351066285
948.0,cctv3,C3_S012,G009,OCCUPIED,OCCUPIED,0.8248544172807174
949.0,cctv1,C1_S001,G001,OCCUPIED,OCCUPIED,0.7252902837300843
949.0,cctv1,C1_S002,G002,EMPTY,EMPTY,0.01
949.0,cctv1,C1_S003,G003,OCCUPIED,OCCUPIED,0.836708920381286
949.0,cctv1,C1_S004,G004,OCCUPIED,OCCUPIED,0.7746827865188772
949.0,cctv1,C1_S005,G005,OCCUPIED,OCCUPIED,0.7180610885132443
949.0,cctv1,C1_S006,G006,EMPTY,MANEUVERING,0.4172969303754242
949.0,cctv2,C2_S001,G007,OCCUPIED,OCCUPIED,0.7973442592404106
949.0,cctv2,C2_S002,G008,OCCUPIED,OCCUPIED,0.8275429213588888
949.0,cctv2,C2_S003,G009,EMPTY,MANEUVERING,0.49
949.0,cctv2,C2_S004,G010,OCCUPIED,OCCUPIED,0.7890360314737668
949.0,cctv2,C2_S005,G001,EMPTY,EMPTY,0.01
949.0,cctv2,C2_S006,G003,OCCUPIED,OCCUPIED,0.8128806176510724
949.0,cctv2,C2_S007,G004,OCCUPIED,OCCUPIED,0.7896574298089202
949.0,cctv2,C2_S008,G006,OCCUPIED,OCCUPIED,0.7644389025866986
949.0,cctv2,C2_S009,G005,OCCUPIED,LEAVING,0.7880496019666846
949.0,cctv2,C2_S010,G002,EMPTY,EMPTY,0.01
949.0,cctv2,C2_S011,G017,OCCUPIED,OCCUPIED,0.51
949.0,cctv2,C2_S012,G018,EMPTY,MANEUVERING,0.49
949.0,cctv2,C2_S013,G019,OCCUPIED,LEAVING,0.7803634896061638
949.0,cctv2,C2_S014,G020,EMPTY,EMPTY,0.01
949.0,cctv3,C3_S001,G021,OCCUPIED,OCCUPIED,0.51
949.0,cctv3,C3_S002,G019,EMPTY,MANEUVERING,0.2402628281893152
949.0,cctv3,C3_S003,G020,OCCUPIED,OCCUPIED,0.51
949.0,cctv3,C3_S004,G024,OCCUPIED,OCCUPIED,0.8192860148169778
949.0,cctv3,C3_S005,G025,OCCUPIED,OCCUPIED,0.8013242603702979
949.0,cctv3,C3_S006,G026,OCCUPIED,OCCUPIED,0.7693349010565065
949.0,cctv3,C3_S007,G027,EMPTY,EMPTY,0.01
949.0,cctv3,C3_S008,G028,EMPTY,MANEUVERING,0.0649391779642213
949.0,cctv3,C3_S009,G029,EMPTY,MANEUVERING,0.2093847041915763
949.0,cctv3,C3_S010,G007,OCCUPIED,OCCUPIED,0.51
949.0,cctv3,C3_S011,G008,OCCUPIED,OCCUPIED,0.6475832609967752
949.0,cctv3,C3_S012,G009,OCCUPIED,OCCUPIED,0.8252633297985251
950.0,cctv1,C1_S001,G001,OCCUPIED,OCCUPIED,0.6436439169232141
950.0,cctv1,C1_S002,G002,EMPTY,EMPTY,0.01
950.0,cctv1,C1_S003,G003,OCCUPIED,OCCUPIED,0.836621708761562
950.0,cctv1,C1_S004,G004,OCCUPIED,OCCUPIED,0.7751495282758367
950.0,cctv1,C1_S005,G005,OCCUPIED,OCCUPIED,0.717319817786867
950.0,cctv1,C1_S006,G006,EMPTY,MANEUVERING,0.4076107142323797
950.0,cctv2,C2_S001,G007,OCCUPIED,OCCUPIED,0.7986173608086327
950.0,cctv2,C2_S002,G008,OCCUPIED,OCCUPIED,0.8279197197068822
950.0,cctv2,C2_S003,G009,EMPTY,MANEUVERING,0.4432006278092211
950.0,cctv2,C2_S004,G010,OCCUPIED,OCCUPIED,0.7886682965538719
950.0,cctv2,C2_S005,G001,EMPTY,EMPTY,0.01
950.0,cctv2,C2_S006,G003,OCCUPIED,LEAVING,0.8145127296447754
950.0,cctv2,C2_S007,G004,OCCUPIED,OCCUPIED,0.7931804146278989
950.0,cctv2,C2_S008,G006,OCCUPIED,LEAVING,0.7703149515796792
950.0,cctv2,C2_S009,G005,OCCUPIED,LEAVING,0.7735662433775989
950.0,cctv2,C2_S010,G002,EMPTY,EMPTY,0.01
950.0,cctv2,C2_S011,G017,OCCUPIED,OCCUPIED,0.5535428608005697
950.0,cctv2,C2_S012,G018,EMPTY,MANEUVERING,0.49
950.0,cctv2,C2_S013,G019,OCCUPIED,LEAVING,0.7808588712594726
950.0,cctv2,C2_S014,G020,EMPTY,EMPTY,0.01
950.0,cctv3,C3_S001,G021,EMPTY,EMPTY,0.2633106485099503
950.0,cctv3,C3_S002,G019,EMPTY,MANEUVERING,0.2402628281893152
950.0,cctv3,C3_S003,G020,OCCUPIED,LEAVING,0.51
950.0,cctv3,C3_S004,G024,OCCUPIED,OCCUPIED,0.8184599188241093
950.0,cctv3,C3_S005,G025,OCCUPIED,OCCUPIED,0.798940038274635
950.0,cctv3,C3_S006,G026,OCCUPIED,OCCUPIED,0.7633221337741072
950.0,cctv3,C3_S007,G027,EMPTY,EMPTY,0.01
950.0,cctv3,C3_S008,G028,EMPTY,MANEUVERING,0.0649391779642213
950.0,cctv3,C3_S009,G029,EMPTY,MANEUVERING,0.2093847041915763
950.0,cctv3,C3_S010,G007,OCCUPIED,OCCUPIED,0.51
950.0,cctv3,C3_S011,G008,OCCUPIED,OCCUPIED,0.685454240153459
950.0,cctv3,C3_S012,G009,OCCUPIED,OCCUPIED,0.825232536413453
951.0,cctv1,C1_S001,G001,OCCUPIED,LEAVING,0.6505002064291726
951.0,cctv1,C1_S002,G002,EMPTY,EMPTY,0.01
951.0,cctv1,C1_S003,G003,OCCUPIED,OCCUPIED,0.8365465898405422
951.0,cctv1,C1_S004,G004,OCCUPIED,OCCUPIED,0.7761464769190008
951.0,cctv1,C1_S005,G005,OCCUPIED,OCCUPIED,0.7385579749291594
951.0,cctv1,C1_S006,G006,EMPTY,MANEUVERING,0.4256794687563723
951.0,cctv2,C2_S001,G007,OCCUPIED,OCCUPIED,0.8004295441237363
951.0,cctv2,C2_S002,G008,OCCUPIED,OCCUPIED,0.8273679608648474
951.0,cctv2,C2_S003,G009,EMPTY,MANEUVERING,0.49
951.0,cctv2,C2_S004,G010,OCCUPIED,OCCUPIED,0.7894637487151407
951.0,cctv2,C2_S005,G001,EMPTY,EMPTY,0.01
951.0,cctv2,C2_S006,G003,OCCUPIED,LEAVING,0.8165396587415176
951.0,cctv2,C2_S007,G004,OCCUPIED,OCCUPIED,0.789239921217615
951.0,cctv2,C2_S008,G006,OCCUPIED,LEAVING,0.7729356229982594
951.0,cctv2,C2_S009,G005,OCCUPIED,LEAVING,0.7760486001860012
951.0,cctv2,C2_S010,G002,EMPTY,EMPTY,0.01
951.0,cctv2,C2_S011,G017,OCCUPIED,OCCUPIED,0.6141655404513532
951.0,cctv2,C2_S012,G018,EMPTY,MANEUVERING,0.49
951.0,cctv2,C2_S013,G019,OCCUPIED,LEAVING,0.779828869917176
951.0,cctv2,C2_S014,G020,EMPTY,EMPTY,0.01
951.0,cctv3,C3_S001,G021,EMPTY,EMPTY,0.01
951.0,cctv3,C3_S002,G019,EMPTY,MANEUVERING,0.2402628281893152
951.0,cctv3,C3_S003,G020,OCCUPIED,LEAVING,0.51
951.0,cctv3,C3_S004,G024,OCCUPIED,OCCUPIED,0.8179870884526861
951.0,cctv3,C3_S005,G025,OCCUPIED,OCCUPIED,0.795656919343905
951.0,cctv3,C3_S006,G026,OCCUPIED,LEAVING,0.7582333850589666
951.0,cctv3,C3_S007,G027,EMPTY,EMPTY,0.01
951.0,cctv3,C3_S008,G028,EMPTY,EMPTY,0.01
951.0,cctv3,C3_S009,G029,EMPTY,MANEUVERING,0.2910285118154504
951.0,cctv3,C3_S010,G007,OCCUPIED,OCCUPIED,0.51
951.0,cctv3,C3_S011,G008,OCCUPIED,OCCUPIED,0.7229962623932145
951.0,cctv3,C3_S012,G009,OCCUPIED,OCCUPIED,0.8251662094484676
952.0,cctv1,C1_S001,G001,OCCUPIED,LEAVING,0.6604230979118835
952.0,cctv1,C1_S002,G002,EMPTY,EMPTY,0.01
952.0,cctv1,C1_S003,G003,OCCUPIED,OCCUPIED,0.8364829402078282
952.0,cctv1,C1_S004,G004,OCCUPIED,OCCUPIED,0.7778695580634205
952.0,cctv1,C1_S005,G005,OCCUPIED,OCCUPIED,0.7375386058633978
952.0,cctv1,C1_S006,G006,EMPTY,MANEUVERING,0.4672868292256222
952.0,cctv2,C2_S001,G007,OCCUPIED,OCCUPIED,0.7998155011372133
952.0,cctv2,C2_S002,G008,OCCUPIED,OCCUPIED,0.8271177392114293
952.0,cctv2,C2_S003,G009,EMPTY,MANEUVERING,0.4742791597341949
952.0,cctv2,C2_S004,G010,OCCUPIED,OCCUPIED,0.7884375461123208
952.0,cctv2,C2_S005,G001,EMPTY,EMPTY,0.01
952.0,cctv2,C2_S006,G003,OCCUPIED,LEAVING,0.8184088568795812
952.0,cctv2,C2_S007,G004,OCCUPIED,OCCUPIED,0.7900417822328482
952.0,cctv2,C2_S008,G006,OCCUPIED,LEAVING,0.7717259056866169
952.0,cctv2,C2_S009,G005,OCCUPIED,LEAVING,0.7776022559404374
952.0,cctv2,C2_S010,G002,EMPTY,EMPTY,0.01
952.0,cctv2,C2_S011,G017,OCCUPIED,OCCUPIED,0.6543015681768393
952.0,cctv2,C2_S012,G018,OCCUPIED,OCCUPIED,0.6970012399283323
952.0,cctv2,C2_S013,G019,OCCUPIED,LEAVING,0.7795998906276443
952.0,cctv2,C2_S014,G020,EMPTY,EMPTY,0.01
952.0,cctv3,C3_S001,G021,EMPTY,EMPTY,0.01
952.0,cctv3,C3_S002,G019,EMPTY,MANEUVERING,0.2402628281893152
952.0,cctv3,C3_S003,G020,OCCUPIED,LEAVING,0.5127597343786197
952.0,cctv3,C3_S004,G024,OCCUPIED,OCCUPIED,0.8176710795272482
952.0,cctv3,C3_S005,G025,OCCUPIED,OCCUPIED,0.7919058857993647
952.0,cctv3,C3_S006,G026,OCCUPIED,LEAVING,0.7554452373222872
952.0,cctv3,C3_S007,G027,EMPTY,EMPTY,0.01
952.0,cctv3,C3_S008,G028,EMPTY,EMPTY,0.01
952.0,cctv3,C3_S009,G029,EMPTY,MANEUVERING,0.3727000717344609
952.0,cctv3,C3_S010,G007,OCCUPIED,OCCUPIED,0.51
952.0,cctv3,C3_S011,G008,OCCUPIED,OCCUPIED,0.7300544015385888
952.0,cctv3,C3_S012,G009,OCCUPIED,OCCUPIED,0.825607851418582
953.0,cctv1,C1_S001,G001,OCCUPIED,LEAVING,0.663401936668564
953.0,cctv1,C1_S002,G002,EMPTY,EMPTY,0.01
953.0,cctv1,C1_S003,G003,OCCUPIED,OCCUPIED,0.8365770654244857
953.0,cctv1,C1_S004,G004,OCCUPIED,OCCUPIED,0.7776799010959539
953.0,cctv1,C1_S005,G005,OCCUPIED,OCCUPIED,0.7489555777473884
953.0,cctv1,C1_S006,G006,EMPTY,MANEUVERING,0.4852665616581579
953.0,cctv2,C2_S001,G007,OCCUPIED,OCCUPIED,0.8017398259856485
953.0,cctv2,C2_S002,G008,OCCUPIED,OCCUPIED,0.8272801916707646
953.0,cctv2,C2_S003,G009,EMPTY,MANEUVERING,0.475193490514701
953.0,cctv2,C2_S004,G010,OCCUPIED,OCCUPIED,0.7898944326422432
953.0,cctv2,C2_S005,G001,EMPTY,EMPTY,0.01
953.0,cctv2,C2_S006,G003,OCCUPIED,LEAVING,0.81824672953649
953.0,cctv2,C2_S007,G004,OCCUPIED,OCCUPIED,0.7911429322578691
953.0,cctv2,C2_S008,G006,OCCUPIED,LEAVING,0.7704538148235192
953.0,cctv2,C2_S009,G005,OCCUPIED,LEAVING,0.7946581740270962
953.0,cctv2,C2_S010,G002,EMPTY,EMPTY,0.01
953.0,cctv2,C2_S011,G017,OCCUPIED,OCCUPIED,0.6933593969734071
953.0,cctv2,C2_S012,G018,OCCUPIED,LEAVING,0.6936265437779102
953.0,cctv2,C2_S013,G019,OCCUPIED,LEAVING,0.7793486686728218
953.0,cctv2,C2_S014,G020,EMPTY,EMPTY,0.01
953.0,cctv3,C3_S001,G021,EMPTY,EMPTY,0.01
953.0,cctv3,C3_S002,G019,EMPTY,MANEUVERING,0.2402628281893152
953.0,cctv3,C3_S003,G020,OCCUPIED,OCCUPIED,0.5685694703324274
953.0,cctv3,C3_S004,G024,OCCUPIED,OCCUPIED,0.8177938970652494
953.0,cctv3,C3_S005,G025,OCCUPIED,OCCUPIED,0.7880758863958446
953.0,cctv3,C3_S006,G026,OCCUPIED,LEAVING,0.7540084344419566
953.0,cctv3,C3_S007,G027,EMPTY,EMPTY,0.01
953.0,cctv3,C3_S008,G028,EMPTY,EMPTY,0.01
953.0,cctv3,C3_S009,G029,EMPTY,MANEUVERING,0.4167195170796053
953.0,cctv3,C3_S010,G007,OCCUPIED,OCCUPIED,0.51
953.0,cctv3,C3_S011,G008,OCCUPIED,OCCUPIED,0.7304121178207976
953.0,cctv3,C3_S012,G009,OCCUPIED,OCCUPIED,0.825804272835905
954.0,cctv1,C1_S001,G001,OCCUPIED,LEAVING,0.7122991271350873
954.0,cctv1,C1_S002,G002,EMPTY,EMPTY,0.01
954.0,cctv1,C1_S003,G003,OCCUPIED,OCCUPIED,0.8365508911284534
954.0,cctv1,C1_S004,G004,OCCUPIED,OCCUPIED,0.779305501011285
954.0,cctv1,C1_S005,G005,OCCUPIED,OCCUPIED,0.748250900073485
954.0,cctv1,C1_S006,G006,EMPTY,MANEUVERING,0.49
954.0,cctv2,C2_S001,G007,OCCUPIED,OCCUPIED,0.8044497722929175
954.0,cctv2,C2_S002,G008,OCCUPIED,OCCUPIED,0.8276369514790449
954.0,cctv2,C2_S003,G009,EMPTY,MANEUVERING,0.475193490514701
954.0,cctv2,C2_S004,G010,OCCUPIED,OCCUPIED,0.7907678679986434
954.0,cctv2,C2_S005,G001,EMPTY,EMPTY,0.01
954.0,cctv2,C2_S006,G003,OCCUPIED,LEAVING,0.8190794944763184
954.0,cctv2,C2_S007,G004,OCCUPIED,OCCUPIED,0.7916963264346123
954.0,cctv2,C2_S008,G006,OCCUPIED,LEAVING,0.7698406504636461
954.0,cctv2,C2_S009,G005,OCCUPIED,LEAVING,0.7952051772312685
954.0,cctv2,C2_S010,G002,EMPTY,EMPTY,0.01
954.0,cctv2,C2_S011,G017,OCCUPIED,OCCUPIED,0.730689771753369
954.0,cctv2,C2_S012,G018,OCCUPIED,LEAVING,0.6907989981499586
954.0,cctv2,C2_S013,G019,OCCUPIED,OCCUPIED,0.7801296564123849
954.0,cctv2,C2_S014,G020,EMPTY,EMPTY,0.01
954.0,cctv3,C3_S001,G021,EMPTY,EMPTY,0.01
954.0,cctv3,C3_S002,G019,EMPTY,MANEUVERING,0.2047361975005178
954.0,cctv3,C3_S003,G020,OCCUPIED,OCCUPIED,0.6067902355844325
954.0,cctv3,C3_S004,G024,OCCUPIED,OCCUPIED,0.818287800658833
954.0,cctv3,C3_S005,G025,OCCUPIED,OCCUPIED,0.7865727106278594
954.0,cctv3,C3_S006,G026,OCCUPIED,LEAVING,0.7552039827812802
954.0,cctv3,C3_S007,G027,EMPTY,EMPTY,0.01
954.0,cctv3,C3_S008,G028,EMPTY,EMPTY,0.01
954.0,cctv3,C3_S009,G029,EMPTY,MANEUVERING,0.49
954.0,cctv3,C3_S010,G007,OCCUPIED,OCCUPIED,0.51
954.0,cctv3,C3_S011,G008,OCCUPIED,OCCUPIED,0.7326414795535984
954.0,cctv3,C3_S012,G009,OCCUPIED,OCCUPIED,0.8263942531564019
955.0,cctv1,C1_S001,G001,OCCUPIED,LEAVING,0.7130163390968334
955.0,cctv1,C1_S002,G002,EMPTY,EMPTY,0.01
955.0,cctv1,C1_S003,G003,OCCUPIED,OCCUPIED,0.836650680682876
955.0,cctv1,C1_S004,G004,OCCUPIED,OCCUPIED,0.7789370544932106
955.0,cctv1,C1_S005,G005,OCCUPIED,OCCUPIED,0.7493727774782615
955.0,cctv1,C1_S006,G006,EMPTY,MANEUVERING,0.49
955.0,cctv2,C2_S001,G007,OCCUPIED,OCCUPIED,0.8057896421714263
955.0,cctv2,C2_S002,G008,OCCUPIED,OCCUPIED,0.8281955393877897
955.0,cctv2,C2_S003,G009,EMPTY,MANEUVERING,0.3975397498363798
955.0,cctv2,C2_S004,G010,OCCUPIED,OCCUPIED,0.7907897979021073
955.0,cctv2,C2_S005,G001,EMPTY,EMPTY,0.01
955.0,cctv2,C2_S006,G003,OCCUPIED,LEAVING,0.8194103514606303
955.0,cctv2,C2_S007,G004,OCCUPIED,OCCUPIED,0.7916708795861765
955.0,cctv2,C2_S008,G006,OCCUPIED,LEAVING,0.7702343455092474
955.0,cctv2,C2_S009,G005,OCCUPIED,LEAVING,0.795879366722974
955.0,cctv2,C2_S010,G002,EMPTY,EMPTY,0.01
955.0,cctv2,C2_S011,G017,OCCUPIED,OCCUPIED,0.7313914153792642
955.0,cctv2,C2_S012,G018,OCCUPIED,OCCUPIED,0.6873222305354747
955.0,cctv2,C2_S013,G019,OCCUPIED,OCCUPIED,0.8281603658741171
955.0,cctv2,C2_S014,G020,EMPTY,EMPTY,0.01
955.0,cctv3,C3_S001,G021,EMPTY,EMPTY,0.01
955.0,cctv3,C3_S002,G019,EMPTY,EMPTY,0.01
955.0,cctv3,C3_S003,G020,OCCUPIED,OCCUPIED,0.6440648475831205
955.0,cctv3,C3_S004,G024,OCCUPIED,OCCUPIED,0.818731793219393
955.0,cctv3,C3_S005,G025,OCCUPIED,OCCUPIED,0.7851043995131146
955.0,cctv3,C3_S006,G026,OCCUPIED,OCCUPIED,0.7548783471638507
955.0,cctv3,C3_S007,G027,EMPTY,EMPTY,0.01
955.0,cctv3,C3_S008,G028,EMPTY,EMPTY,0.01
955.0,cctv3,C3_S009,G029,EMPTY,MANEUVERING,0.49
955.0,cctv3,C3_S010,G007,EMPTY,EMPTY,0.2505740017782558
955.0,cctv3,C3_S011,G008,OCCUPIED,OCCUPIED,0.7691288654912602
955.0,cctv3,C3_S012,G009,OCCUPIED,OCCUPIED,0.8267077229239724
956.0,cctv1,C1_S001,G001,OCCUPIED,LEAVING,0.714526984918524
956.0,cctv1,C1_S002,G002,EMPTY,EMPTY,0.01
956.0,cctv1,C1_S003,G003,OCCUPIED,OCCUPIED,0.8366071988235821
956.0,cctv1,C1_S004,G004,OCCUPIED,OCCUPIED,0.7781700162725016
956.0,cctv1,C1_S005,G005,OCCUPIED,OCCUPIED,0.7494244498285381
956.0,cctv1,C1_S006,G006,EMPTY,MANEUVERING,0.49
956.0,cctv2,C2_S001,G007,OCCUPIED,OCCUPIED,0.8064969049258666
956.0,cctv2,C2_S002,G008,OCCUPIED,OCCUPIED,0.8282566864382137
956.0,cctv2,C2_S003,G009,EMPTY,MANEUVERING,0.3975397498363798
956.0,cctv2,C2_S004,G010,OCCUPIED,OCCUPIED,0.7888731839981946
956.0,cctv2,C2_S005,G001,EMPTY,EMPTY,0.01
956.0,cctv2,C2_S006,G003,OCCUPIED,LEAVING,0.8196463094516234
956.0,cctv2,C2_S007,G004,OCCUPIED,OCCUPIED,0.7915751816196875
956.0,cctv2,C2_S008,G006,OCCUPIED,LEAVING,0.7683312743224882
956.0,cctv2,C2_S009,G005,OCCUPIED,LEAVING,0.7971095968376507
956.0,cctv2,C2_S010,G002,EMPTY,EMPTY,0.01
956.0,cctv2,C2_S011,G017,OCCUPIED,OCCUPIED,0.7322028405088368
956.0,cctv2,C2_S012,G018,OCCUPIED,OCCUPIED,0.7238855532624505
956.0,cctv2,C2_S013,G019,OCCUPIED,OCCUPIED,0.8282858794385737
956.0,cctv2,C2_S014,G020,EMPTY,EMPTY,0.01
956.0,cctv3,C3_S001,G021,EMPTY,EMPTY,0.01
956.0,cctv3,C3_S002,G019,EMPTY,EMPTY,0.01
956.0,cctv3,C3_S003,G020,OCCUPIED,OCCUPIED,0.681385619377161
956.0,cctv3,C3_S004,G024,OCCUPIED,OCCUPIED,0.8191000540148129
956.0,cctv3,C3_S005,G025,OCCUPIED,OCCUPIED,0.7851692512631417
956.0,cctv3,C3_S006,G026,OCCUPIED,OCCUPIED,0.7553184058178556
956.0,cctv3,C3_S007,G027,EMPTY,EMPTY,0.01
956.0,cctv3,C3_S008,G028,EMPTY,EMPTY,0.01
956.0,cctv3,C3_S009,G029,EMPTY,MANEUVERING,0.49
956.0,cctv3,C3_S010,G007,EMPTY,EMPTY,0.01
956.0,cctv3,C3_S011,G008,OCCUPIED,OCCUPIED,0.805684627998959
956.0,cctv3,C3_S012,G009,OCCUPIED,OCCUPIED,0.8267354309558869
957.0,cctv1,C1_S001,G001,OCCUPIED,LEAVING,0.7152117557857525
957.0,cctv1,C1_S002,G002,EMPTY,EMPTY,0.01
957.0,cctv1,C1_S003,G003,OCCUPIED,OCCUPIED,0.8364965268156745
957.0,cctv1,C1_S004,G004,OCCUPIED,OCCUPIED,0.7772831198844043
957.0,cctv1,C1_S005,G005,OCCUPIED,OCCUPIED,0.74819761921059
957.0,cctv1,C1_S006,G006,EMPTY,MANEUVERING,0.49
957.0,cctv2,C2_S001,G007,OCCUPIED,OCCUPIED,0.805809464508837
957.0,cctv2,C2_S002,G008,OCCUPIED,OCCUPIED,0.8287034156647596
957.0,cctv2,C2_S003,G009,EMPTY,MANEUVERING,0.3136093039302663
957.0,cctv2,C2_S004,G010,OCCUPIED,OCCUPIED,0.7909607037901879
957.0,cctv2,C2_S005,G001,EMPTY,EMPTY,0.01
957.0,cctv2,C2_S006,G003,OCCUPIED,OCCUPIED,0.8000023239309138
957.0,cctv2,C2_S007,G004,OCCUPIED,OCCUPIED,0.790611260722984
957.0,cctv2,C2_S008,G006,OCCUPIED,LEAVING,0.7670317875390704
957.0,cctv2,C2_S009,G005,OCCUPIED,LEAVING,0.798995409228585
957.0,cctv2,C2_S010,G002,EMPTY,EMPTY,0.01
957.0,cctv2,C2_S011,G017,OCCUPIED,OCCUPIED,0.7690247040174225
957.0,cctv2,C2_S012,G018,OCCUPIED,OCCUPIED,0.7606845580447804
957.0,cctv2,C2_S013,G019,OCCUPIED,OCCUPIED,0.8278262105855075
957.0,cctv2,C2_S014,G020,EMPTY,EMPTY,0.01
957.0,cctv3,C3_S001,G021,EMPTY,EMPTY,0.01
957.0,cctv3,C3_S002,G019,EMPTY,EMPTY,0.01
957.0,cctv3,C3_S003,G020,OCCUPIED,OCCUPIED,0.7182070515033874
957.0,cctv3,C3_S004,G024,OCCUPIED,OCCUPIED,0.8195384635166689
957.0,cctv3,C3_S005,G025,OCCUPIED,OCCUPIED,0.7852470129728318
957.0,cctv3,C3_S006,G026,OCCUPIED,OCCUPIED,0.7557199284434319
957.0,cctv3,C3_S007,G027,EMPTY,EMPTY,0.01
957.0,cctv3,C3_S008,G028,EMPTY,EMPTY,0.01
957.0,cctv3,C3_S009,G029,EMPTY,MANEUVERING,0.49
957.0,cctv3,C3_S010,G007,EMPTY,MANEUVERING,0.2989344788681377
957.0,cctv3,C3_S011,G008,OCCUPIED,LEAVING,0.7999805195765063
957.0,cctv3,C3_S012,G009,OCCUPIED,OCCUPIED,0.8265209802172402
958.0,cctv1,C1_S001,G001,OCCUPIED,OCCUPIED,0.7164417849887502
958.0,cctv1,C1_S002,G002,EMPTY,EMPTY,0.01
958.0,cctv1,C1_S003,G003,OCCUPIED,OCCUPIED,0.8365151779218154
958.0,cctv1,C1_S004,G004,OCCUPIED,OCCUPIED,0.7776866769248789
958.0,cctv1,C1_S005,G005,OCCUPIED,OCCUPIED,0.7499557621099733
958.0,cctv1,C1_S006,G006,EMPTY,MANEUVERING,0.4345357160192805
958.0,cctv2,C2_S001,G007,OCCUPIED,OCCUPIED,0.8044995353980499
958.0,cctv2,C2_S002,G008,OCCUPIED,OCCUPIED,0.8282209781083194
958.0,cctv2,C2_S003,G009,EMPTY,MANEUVERING,0.3950696463341062
958.0,cctv2,C2_S004,G010,OCCUPIED,OCCUPIED,0.7917720480398699
958.0,cctv2,C2_S005,G001,EMPTY,EMPTY,0.01
958.0,cctv2,C2_S006,G003,OCCUPIED,OCCUPIED,0.8030305689650697
958.0,cctv2,C2_S007,G004,OCCUPIED,OCCUPIED,0.789348031309518
958.0,cctv2,C2_S008,G006,OCCUPIED,LEAVING,0.7666997954926709
958.0,cctv2,C2_S009,G005,OCCUPIED,OCCUPIED,0.7952732874588534
958.0,cctv2,C2_S010,G002,EMPTY,EMPTY,0.01
958.0,cctv2,C2_S011,G017,OCCUPIED,OCCUPIED,0.8158866782080044
958.0,cctv2,C2_S012,G018,OCCUPIED,OCCUPIED,0.760683881234039
958.0,cctv2,C2_S013,G019,OCCUPIED,OCCUPIED,0.8288938955827193
958.0,cctv2,C2_S014,G020,EMPTY,EMPTY,0.01
958.0,cctv3,C3_S001,G021,EMPTY,EMPTY,0.01
958.0,cctv3,C3_S002,G019,EMPTY,EMPTY,0.01
958.0,cctv3,C3_S003,G020,OCCUPIED,OCCUPIED,0.7544920287349007
958.0,cctv3,C3_S004,G024,OCCUPIED,OCCUPIED,0.8210669885982167
958.0,cctv3,C3_S005,G025,OCCUPIED,OCCUPIED,0.7865998801859944
958.0,cctv3,C3_S006,G026,OCCUPIED,OCCUPIED,0.756142480806871
958.0,cctv3,C3_S007,G027,EMPTY,EMPTY,0.01
958.0,cctv3,C3_S008,G028,EMPTY,EMPTY,0.01
958.0,cctv3,C3_S009,G029,EMPTY,MANEUVERING,0.49
958.0,cctv3,C3_S010,G007,EMPTY,MANEUVERING,0.2989344788681377
958.0,cctv3,C3_S011,G008,OCCUPIED,LEAVING,0.7994636188853872
958.0,cctv3,C3_S012,G009,OCCUPIED,OCCUPIED,0.8260929890654305
959.0,cctv1,C1_S001,G001,OCCUPIED,OCCUPIED,0.7169777169484984
959.0,cctv1,C1_S002,G002,EMPTY,EMPTY,0.01
959.0,cctv1,C1_S003,G003,OCCUPIED,OCCUPIED,0.8365955271504143
959.0,cctv1,C1_S004,G004,OCCUPIED,OCCUPIED,0.7786132248965177
959.0,cctv1,C1_S005,G005,OCCUPIED,OCCUPIED,0.7492919978770344
959.0,cctv1,C1_S006,G006,EMPTY,MANEUVERING,0.4798697340623899
959.0,cctv2,C2_S001,G007,OCCUPIED,OCCUPIED,0.8050798305056313
959.0,cctv2,C2_S002,G008,OCCUPIED,OCCUPIED,0.8280470051548698
959.0,cctv2,C2_S003,G009,EMPTY,MANEUVERING,0.3638950114189224
959.0,cctv2,C2_S004,G010,OCCUPIED,OCCUPIED,0.7914328054948288
959.0,cctv2,C2_S005,G001,EMPTY,EMPTY,0.01
959.0,cctv2,C2_S006,G003,OCCUPIED,OCCUPIED,0.8057067646763542
959.0,cctv2,C2_S007,G004,OCCUPIED,OCCUPIED,0.7881604271856222
959.0,cctv2,C2_S008,G006,OCCUPIED,LEAVING,0.7662615168501031
959.0,cctv2,C2_S009,G005,OCCUPIED,OCCUPIED,0.8012428841807626
959.0,cctv2,C2_S010,G002,EMPTY,EMPTY,0.01
959.0,cctv2,C2_S011,G017,OCCUPIED,OCCUPIED,0.8157939160412009
959.0,cctv2,C2_S012,G018,OCCUPIED,OCCUPIED,0.7972381990064275
959.0,cctv2,C2_S013,G019,OCCUPIED,OCCUPIED,0.8296624744480308
959.0,cctv2,C2_S014,G020,EMPTY,EMPTY,0.01
959.0,cctv3,C3_S001,G021,EMPTY,EMPTY,0.01
959.0,cctv3,C3_S002,G019,EMPTY,EMPTY,0.01
959.0,cctv3,C3_S003,G020,OCCUPIED,OCCUPIED,0.7873599984158169
959.0,cctv3,C3_S004,G024,OCCUPIED,OCCUPIED,0.8213773835789074
959.0,cctv3,C3_S005,G025,OCCUPIED,OCCUPIED,0.7855791208418934
959.0,cctv3,C3_S006,G026,OCCUPIED,OCCUPIED,0.7561779912222516
959.0,cctv3,C3_S007,G027,EMPTY,EMPTY,0.01
959.0,cctv3,C3_S008,G028,EMPTY,EMPTY,0.01
959.0,cctv3,C3_S009,G029,EMPTY,MANEUVERING,0.49
959.0,cctv3,C3_S010,G007,EMPTY,MANEUVERING,0.2989344788681377
959.0,cctv3,C3_S011,G008,OCCUPIED,LEAVING,0.7992668113925241
959.0,cctv3,C3_S012,G009,OCCUPIED,OCCUPIED,0.8262891390106896
960.0,cctv1,C1_S001,G001,OCCUPIED,OCCUPIED,0.7151230335641992
960.0,cctv1,C1_S002,G002,EMPTY,EMPTY,0.01
960.0,cctv1,C1_S003,G003,OCCUPIED,OCCUPIED,0.836615188555284
960.0,cctv1,C1_S004,G004,OCCUPIED,OCCUPIED,0.7778487335551869
960.0,cctv1,C1_S005,G005,OCCUPIED,OCCUPIED,0.7488921735774388
960.0,cctv1,C1_S006,G006,EMPTY,MANEUVERING,0.4802812417625607
960.0,cctv2,C2_S001,G007,OCCUPIED,OCCUPIED,0.8044664718888024
960.0,cctv2,C2_S002,G008,OCCUPIED,OCCUPIED,0.8282774052836679
960.0,cctv2,C2_S003,G009,EMPTY,MANEUVERING,0.3221002488109198
960.0,cctv2,C2_S004,G010,OCCUPIED,OCCUPIED,0.7911467332731594
960.0,cctv2,C2_S005,G001,EMPTY,EMPTY,0.01
960.0,cctv2,C2_S006,G003,OCCUPIED,OCCUPIED,0.8104972798896559
960.0,cctv2,C2_S007,G004,OCCUPIED,OCCUPIED,0.7924721574241466
960.0,cctv2,C2_S008,G006,OCCUPIED,LEAVING,0.7680465779521249
960.0,cctv2,C2_S009,G005,OCCUPIED,OCCUPIED,0.799658448045904
960.0,cctv2,C2_S010,G002,EMPTY,EMPTY,0.01
960.0,cctv2,C2_S011,G017,OCCUPIED,OCCUPIED,0.8142587463964116
960.0,cctv2,C2_S012,G018,OCCUPIED,OCCUPIED,0.7975478738546372
960.0,cctv2,C2_S013,G019,OCCUPIED,OCCUPIED,0.7489468814839016
960.0,cctv2,C2_S014,G020,EMPTY,EMPTY,0.01
960.0,cctv3,C3_S001,G021,EMPTY,EMPTY,0.01
960.0,cctv3,C3_S002,G019,EMPTY,EMPTY,0.01
960.0,cctv3,C3_S003,G020,OCCUPIED,OCCUPIED,0.8237295532768424
960.0,cctv3,C3_S004,G024,OCCUPIED,OCCUPIED,0.8213245497508483
960.0,cctv3,C3_S005,G025,OCCUPIED,OCCUPIED,0.7852949107235129
960.0,cctv3,C3_S006,G026,OCCUPIED,OCCUPIED,0.7558412780815905
960.0,cctv3,C3_S007,G027,EMPTY,EMPTY,0.01
960.0,cctv3,C3_S008,G028,EMPTY,EMPTY,0.01
960.0,cctv3,C3_S009,G029,EMPTY,MANEUVERING,0.49
960.0,cctv3,C3_S010,G007,EMPTY,MANEUVERING,0.2989344788681377
960.0,cctv3,C3_S011,G008,OCCUPIED,LEAVING,0.7986391452225773
960.0,cctv3,C3_S012,G009,OCCUPIED,OCCUPIED,0.8260285502130336
961.0,cctv1,C1_S001,G001,OCCUPIED,OCCUPIED,0.749420593137091
961.0,cctv1,C1_S002,G002,EMPTY,EMPTY,0.01
961.0,cctv1,C1_S003,G003,OCCUPIED,OCCUPIED,0.8366963562640277
961.0,cctv1,C1_S004,G004,OCCUPIED,OCCUPIED,0.7773468694903635
961.0,cctv1,C1_S005,G005,OCCUPIED,OCCUPIED,0.7479755814779889
961.0,cctv1,C1_S006,G006,EMPTY,MANEUVERING,0.49
961.0,cctv2,C2_S001,G007,OCCUPIED,OCCUPIED,0.7226050122488629
961.0,cctv2,C2_S002,G008,OCCUPIED,OCCUPIED,0.8285713932730936
961.0,cctv2,C2_S003,G009,EMPTY,MANEUVERING,0.3221002488109198
961.0,cctv2,C2_S004,G010,OCCUPIED,OCCUPIED,0.7915079634297979
961.0,cctv2,C2_S005,G001,EMPTY,EMPTY,0.01
961.0,cctv2,C2_S006,G003,OCCUPIED,OCCUPIED,0.821851073070006
961.0,cctv2,C2_S007,G004,OCCUPIED,OCCUPIED,0.7880804221738469
961.0,cctv2,C2_S008,G006,OCCUPIED,OCCUPIED,0.7607696961272847
961.0,cctv2,C2_S009,G005,OCCUPIED,OCCUPIED,0.798013871908188
961.0,cctv2,C2_S010,G002,EMPTY,EMPTY,0.01
961.0,cctv2,C2_S011,G017,OCCUPIED,OCCUPIED,0.8134536399082705
961.0,cctv2,C2_S012,G018,OCCUPIED,OCCUPIED,0.7975051300092177
961.0,cctv2,C2_S013,G019,OCCUPIED,OCCUPIED,0.745908426832069
961.0,cctv2,C2_S014,G020,EMPTY,EMPTY,0.01
961.0,cctv3,C3_S001,G021,EMPTY,EMPTY,0.01
961.0,cctv3,C3_S002,G019,EMPTY,EMPTY,0.01
961.0,cctv3,C3_S003,G020,OCCUPIED,OCCUPIED,0.825969328663566
961.0,cctv3,C3_S004,G024,OCCUPIED,OCCUPIED,0.8204452249136839
961.0,cctv3,C3_S005,G025,OCCUPIED,OCCUPIED,0.7825869866392829
961.0,cctv3,C3_S006,G026,OCCUPIED,OCCUPIED,0.7579699596220797
961.0,cctv3,C3_S007,G027,EMPTY,EMPTY,0.01
961.0,cctv3,C3_S008,G028,EMPTY,EMPTY,0.01
961.0,cctv3,C3_S009,G029,EMPTY,MANEUVERING,0.49
961.0,cctv3,C3_S010,G007,EMPTY,MANEUVERING,0.2539344788681377
961.0,cctv3,C3_S011,G008,OCCUPIED,LEAVING,0.7984150003303182
961.0,cctv3,C3_S012,G009,OCCUPIED,OCCUPIED,0.825983074578372
962.0,cctv1,C1_S001,G001,OCCUPIED,LEAVING,0.743291282450611
962.0,cctv1,C1_S002,G002,EMPTY,EMPTY,0.01
962.0,cctv1,C1_S003,G003,OCCUPIED,OCCUPIED,0.836710967800834
962.0,cctv1,C1_S004,G004,OCCUPIED,OCCUPIED,0.7780953659252687
962.0,cctv1,C1_S005,G005,OCCUPIED,OCCUPIED,0.7475339955904268
962.0,cctv1,C1_S006,G006,EMPTY,MANEUVERING,0.49
962.0,cctv2,C2_S001,G007,OCCUPIED,OCCUPIED,0.7199114601720463
962.0,cctv2,C2_S002,G008,OCCUPIED,OCCUPIED,0.8294073069637473
962.0,cctv2,C2_S003,G009,EMPTY,MANEUVERING,0.2549053726277568
962.0,cctv2,C2_S004,G010,OCCUPIED,OCCUPIED,0.79056259366599
962.0,cctv2,C2_S005,G001,EMPTY,EMPTY,0.01
962.0,cctv2,C2_S006,G003,OCCUPIED,OCCUPIED,0.8196724861860276
962.0,cctv2,C2_S007,G004,OCCUPIED,OCCUPIED,0.7911206357858398
962.0,cctv2,C2_S008,G006,OCCUPIED,OCCUPIED,0.7571961597962813
962.0,cctv2,C2_S009,G005,OCCUPIED,OCCUPIED,0.7963150826367466
962.0,cctv2,C2_S010,G002,EMPTY,EMPTY,0.01
962.0,cctv2,C2_S011,G017,OCCUPIED,OCCUPIED,0.8126957988197154
962.0,cctv2,C2_S012,G018,OCCUPIED,OCCUPIED,0.7990009792826394
962.0,cctv2,C2_S013,G019,OCCUPIED,OCCUPIED,0.7421908171881328
962.0,cctv2,C2_S014,G020,EMPTY,EMPTY,0.01
962.0,cctv3,C3_S001,G021,EMPTY,EMPTY,0.01
962.0,cctv3,C3_S002,G019,EMPTY,EMPTY,0.01
962.0,cctv3,C3_S003,G020,OCCUPIED,OCCUPIED,0.8253692859953101
962.0,cctv3,C3_S004,G024,OCCUPIED,OCCUPIED,0.8144182524897836
962.0,cctv3,C3_S005,G025,OCCUPIED,OCCUPIED,0.7793758476322348
962.0,cctv3,C3_S006,G026,OCCUPIED,OCCUPIED,0.7630645352331076
962.0,cctv3,C3_S007,G027,EMPTY,EMPTY,0.01
962.0,cctv3,C3_S008,G028,EMPTY,EMPTY,0.01
962.0,cctv3,C3_S009,G029,EMPTY,MANEUVERING,0.49
962.0,cctv3,C3_S010,G007,EMPTY,MANEUVERING,0.2539344788681377
962.0,cctv3,C3_S011,G008,OCCUPIED,LEAVING,0.7978128525343808
962.0,cctv3,C3_S012,G009,OCCUPIED,OCCUPIED,0.8253656658259305
963.0,cctv1,C1_S001,G001,OCCUPIED,OCCUPIED,0.7343796681951393
963.0,cctv1,C1_S002,G002,EMPTY,EMPTY,0.01
963.0,cctv1,C1_S003,G003,OCCUPIED,OCCUPIED,0.8367150992155076
963.0,cctv1,C1_S004,G004,OCCUPIED,OCCUPIED,0.7771363697268747
963.0,cctv1,C1_S005,G005,OCCUPIED,OCCUPIED,0.7467694607647983
963.0,cctv1,C1_S006,G006,EMPTY,MANEUVERING,0.49
963.0,cctv2,C2_S001,G007,OCCUPIED,OCCUPIED,0.7221080722321164
963.0,cctv2,C2_S002,G008,OCCUPIED,OCCUPIED,0.8300362353975124
963.0,cctv2,C2_S003,G009,EMPTY,MANEUVERING,0.2549053726277568
963.0,cctv2,C2_S004,G010,OCCUPIED,OCCUPIED,0.7905132402073254
963.0,cctv2,C2_S005,G001,EMPTY,EMPTY,0.01
963.0,cctv2,C2_S006,G003,OCCUPIED,OCCUPIED,0.8175452408465473
963.0,cctv2,C2_S007,G004,OCCUPIED,OCCUPIED,0.7902046581560915
963.0,cctv2,C2_S008,G006,OCCUPIED,OCCUPIED,0.7551374355500395
963.0,cctv2,C2_S009,G005,OCCUPIED,OCCUPIED,0.7965004476633939
963.0,cctv2,C2_S010,G002,EMPTY,EMPTY,0.01
963.0,cctv2,C2_S011,G017,OCCUPIED,OCCUPIED,0.8118973498994655
963.0,cctv2,C2_S012,G018,OCCUPIED,OCCUPIED,0.800569262829694
963.0,cctv2,C2_S013,G019,OCCUPIED,OCCUPIED,0.6595743882475478
963.0,cctv2,C2_S014,G020,EMPTY,EMPTY,0.01
963.0,cctv3,C3_S001,G021,EMPTY,EMPTY,0.01
963.0,cctv3,C3_S002,G019,EMPTY,EMPTY,0.01
963.0,cctv3,C3_S003,G020,OCCUPIED,OCCUPIED,0.8246545813300393
963.0,cctv3,C3_S004,G024,OCCUPIED,OCCUPIED,0.8130706903609364
963.0,cctv3,C3_S005,G025,OCCUPIED,OCCUPIED,0.7813707064498555
963.0,cctv3,C3_S006,G026,OCCUPIED,OCCUPIED,0.7682990355925127
963.0,cctv3,C3_S007,G027,EMPTY,EMPTY,0.01
963.0,cctv3,C3_S008,G028,EMPTY,EMPTY,0.01
963.0,cctv3,C3_S009,G029,EMPTY,MANEUVERING,0.49
963.0,cctv3,C3_S010,G007,EMPTY,MANEUVERING,0.2539344788681377
963.0,cctv3,C3_S011,G008,OCCUPIED,LEAVING,0.7965027007189664
963.0,cctv3,C3_S012,G009,OCCUPIED,OCCUPIED,0.8248451457782225
964.0,cctv1,C1_S001,G001,OCCUPIED,OCCUPIED,0.7314976577731697
964.0,cctv1,C1_S002,G002,EMPTY,EMPTY,0.01
964.0,cctv1,C1_S003,G003,OCCUPIED,OCCUPIED,0.8367209228602324
964.0,cctv1,C1_S004,G004,OCCUPIED,OCCUPIED,0.7782097503542901
964.0,cctv1,C1_S005,G005,OCCUPIED,OCCUPIED,0.7474101234566082
964.0,cctv1,C1_S006,G006,EMPTY,MANEUVERING,0.49
964.0,cctv2,C2_S001,G007,OCCUPIED,OCCUPIED,0.7199571122635495
964.0,cctv2,C2_S002,G008,OCCUPIED,OCCUPIED,0.8306488275527955
964.0,cctv2,C2_S003,G009,EMPTY,MANEUVERING,0.2050019250403751
964.0,cctv2,C2_S004,G010,OCCUPIED,OCCUPIED,0.7891000712459738
964.0,cctv2,C2_S005,G001,EMPTY,EMPTY,0.01
964.0,cctv2,C2_S006,G003,OCCUPIED,OCCUPIED,0.8169004434889013
964.0,cctv2,C2_S007,G004,OCCUPIED,OCCUPIED,0.7868331502784383
964.0,cctv2,C2_S008,G006,OCCUPIED,OCCUPIED,0.7531018644571305
964.0,cctv2,C2_S009,G005,OCCUPIED,OCCUPIED,0.7930598716844213
964.0,cctv2,C2_S010,G002,EMPTY,EMPTY,0.01
964.0,cctv2,C2_S011,G017,OCCUPIED,OCCUPIED,0.8098462540994992
964.0,cctv2,C2_S012,G018,OCCUPIED,OCCUPIED,0.8006828803907742
964.0,cctv2,C2_S013,G019,OCCUPIED,OCCUPIED,0.6216148467090997
964.0,cctv2,C2_S014,G020,EMPTY,EMPTY,0.01
964.0,cctv3,C3_S001,G021,EMPTY,EMPTY,0.01
964.0,cctv3,C3_S002,G019,EMPTY,EMPTY,0.01
964.0,cctv3,C3_S003,G020,OCCUPIED,OCCUPIED,0.8249516717412255
964.0,cctv3,C3_S004,G024,OCCUPIED,OCCUPIED,0.812801307168874
964.0,cctv3,C3_S005,G025,OCCUPIED,OCCUPIED,0.7837103242223914
964.0,cctv3,C3_S006,G026,OCCUPIED,OCCUPIED,0.7732754659923641
964.0,cctv3,C3_S007,G027,EMPTY,EMPTY,0.01
964.0,cctv3,C3_S008,G028,EMPTY,EMPTY,0.01
964.0,cctv3,C3_S009,G029,EMPTY,MANEUVERING,0.49
964.0,cctv3,C3_S010,G007,EMPTY,MANEUVERING,0.2539344788681377
964.0,cctv3,C3_S011,G008,OCCUPIED,LEAVING,0.7971476232463663
964.0,cctv3,C3_S012,G009,OCCUPIED,OCCUPIED,0.8247016866098751
965.0,cctv1,C1_S001,G001,OCCUPIED,OCCUPIED,0.728795744275505
965.0,cctv1,C1_S002,G002,EMPTY,EMPTY,0.01
965.0,cctv1,C1_S003,G003,OCCUPIED,OCCUPIED,0.8367157909003171
965.0,cctv1,C1_S004,G004,OCCUPIED,OCCUPIED,0.7797442161224106
965.0,cctv1,C1_S005,G005,OCCUPIED,OCCUPIED,0.7466256029226563
965.0,cctv1,C1_S006,G006,EMPTY,MANEUVERING,0.49
965.0,cctv2,C2_S001,G007,OCCUPIED,OCCUPIED,0.7644387288797986
965.0,cctv2,C2_S002,G008,OCCUPIED,OCCUPIED,0.8310207784175874
965.0,cctv2,C2_S003,G009,EMPTY,MANEUVERING,0.2050019250403751
965.0,cctv2,C2_S004,G010,OCCUPIED,OCCUPIED,0.7877607142383403
965.0,cctv2,C2_S005,G001,EMPTY,EMPTY,0.01
965.0,cctv2,C2_S006,G003,OCCUPIED,OCCUPIED,0.8155371684919704
965.0,cctv2,C2_S007,G004,OCCUPIED,OCCUPIED,0.7859952663833445
965.0,cctv2,C2_S008,G006,OCCUPIED,OCCUPIED,0.7518047083507885
965.0,cctv2,C2_S009,G005,OCCUPIED,OCCUPIED,0.7919867019761693
965.0,cctv2,C2_S010,G002,EMPTY,EMPTY,0.01
965.0,cctv2,C2_S011,G017,OCCUPIED,OCCUPIED,0.8098151941191067
965.0,cctv2,C2_S012,G018,OCCUPIED,OCCUPIED,0.803607707402923
965.0,cctv2,C2_S013,G019,OCCUPIED,OCCUPIED,0.537989827471894
965.0,cctv2,C2_S014,G020,EMPTY,EMPTY,0.01
965.0,cctv3,C3_S001,G021,EMPTY,EMPTY,0.01
965.0,cctv3,C3_S002,G019,EMPTY,EMPTY,0.01
965.0,cctv3,C3_S003,G020,OCCUPIED,OCCUPIED,0.823476742072539
965.0,cctv3,C3_S004,G024,OCCUPIED,LEAVING,0.8108765027739786
965.0,cctv3,C3_S005,G025,OCCUPIED,OCCUPIED,0.7826558702371338
965.0,cctv3,C3_S006,G026,OCCUPIED,OCCUPIED,0.7783003098585389
965.0,cctv3,C3_S007,G027,EMPTY,EMPTY,0.01
965.0,cctv3,C3_S008,G028,EMPTY,EMPTY,0.01
965.0,cctv3,C3_S009,G029,EMPTY,MANEUVERING,0.49
965.0,cctv3,C3_S010,G007,EMPTY,MANEUVERING,0.2539344788681377
965.0,cctv3,C3_S011,G008,OCCUPIED,LEAVING,0.7983655387705023
965.0,cctv3,C3_S012,G009,OCCUPIED,OCCUPIED,0.8245845293456858
966.0,cctv1,C1_S001,G001,OCCUPIED,OCCUPIED,0.7281941026449205
966.0,cctv1,C1_S002,G002,EMPTY,EMPTY,0.01
966.0,cctv1,C1_S003,G003,OCCUPIED,OCCUPIED,0.8365259246392684
966.0,cctv1,C1_S004,G004,OCCUPIED,OCCUPIED,0.7817545590075581
966.0,cctv1,C1_S005,G005,OCCUPIED,OCCUPIED,0.7465588500553912
966.0,cctv1,C1_S006,G006,EMPTY,MANEUVERING,0.49
966.0,cctv2,C2_S001,G007,OCCUPIED,OCCUPIED,0.7629213397611272
966.0,cctv2,C2_S002,G008,OCCUPIED,OCCUPIED,0.831409414248033
966.0,cctv2,C2_S003,G009,EMPTY,MANEUVERING,0.2050019250403751
966.0,cctv2,C2_S004,G010,OCCUPIED,OCCUPIED,0.786330413276499
966.0,cctv2,C2_S005,G001,EMPTY,EMPTY,0.01
966.0,cctv2,C2_S006,G003,OCCUPIED,OCCUPIED,0.8150378687815233
966.0,cctv2,C2_S007,G004,OCCUPIED,OCCUPIED,0.785540167039091
966.0,cctv2,C2_S008,G006,OCCUPIED,OCCUPIED,0.7511575770649044
966.0,cctv2,C2_S009,G005,OCCUPIED,OCCUPIED,0.7918476855212992
966.0,cctv2,C2_S010,G002,EMPTY,EMPTY,0.01
966.0,cctv2,C2_S011,G017,OCCUPIED,OCCUPIED,0.8096110950816762
966.0,cctv2,C2_S012,G018,OCCUPIED,OCCUPIED,0.7233554505218159
966.0,cctv2,C2_S013,G019,OCCUPIED,LEAVING,0.5356831813632668
966.0,cctv2,C2_S014,G020,EMPTY,EMPTY,0.01
966.0,cctv3,C3_S001,G021,EMPTY,EMPTY,0.01
966.0,cctv3,C3_S002,G019,EMPTY,EMPTY,0.01
966.0,cctv3,C3_S003,G020,OCCUPIED,OCCUPIED,0.8215847711671483
966.0,cctv3,C3_S004,G024,OCCUPIED,LEAVING,0.8095096238634804
966.0,cctv3,C3_S005,G025,OCCUPIED,OCCUPIED,0.7849323870106177
966.0,cctv3,C3_S006,G026,OCCUPIED,OCCUPIED,0.7840520823543723
966.0,cctv3,C3_S007,G027,EMPTY,EMPTY,0.01
966.0,cctv3,C3_S008,G028,EMPTY,EMPTY,0.01
966.0,cctv3,C3_S009,G029,EMPTY,MANEUVERING,0.49
966.0,cctv3,C3_S010,G007,EMPTY,MANEUVERING,0.2539344788681377
966.0,cctv3,C3_S011,G008,OCCUPIED,LEAVING,0.797488361326131
966.0,cctv3,C3_S012,G009,OCCUPIED,OCCUPIED,0.8229539746587927
967.0,cctv1,C1_S001,G001,OCCUPIED,OCCUPIED,0.7275604392994535
967.0,cctv1,C1_S002,G002,EMPTY,EMPTY,0.01
967.0,cctv1,C1_S003,G003,OCCUPIED,OCCUPIED,0.8365410888736899
967.0,cctv1,C1_S004,G004,OCCUPIED,OCCUPIED,0.7833653055808761
967.0,cctv1,C1_S005,G005,OCCUPIED,OCCUPIED,0.7468224632469092
967.0,cctv1,C1_S006,G006,EMPTY,MANEUVERING,0.4637242783402854
967.0,cctv2,C2_S001,G007,OCCUPIED,OCCUPIED,0.7624487550963055
967.0,cctv2,C2_S002,G008,OCCUPIED,OCCUPIED,0.8324734034863386
967.0,cctv2,C2_S003,G009,EMPTY,MANEUVERING,0.2050019250403751
967.0,cctv2,C2_S004,G010,OCCUPIED,OCCUPIED,0.7876873281869022
967.0,cctv2,C2_S005,G001,EMPTY,EMPTY,0.01
967.0,cctv2,C2_S006,G003,OCCUPIED,OCCUPIED,0.8146666754375805
967.0,cctv2,C2_S007,G004,OCCUPIED,OCCUPIED,0.7851838770237837
967.0,cctv2,C2_S008,G006,OCCUPIED,OCCUPIED,0.7504619790749117
967.0,cctv2,C2_S009,G005,OCCUPIED,OCCUPIED,0.7912308774211191
967.0,cctv2,C2_S010,G002,EMPTY,EMPTY,0.01
967.0,cctv2,C2_S011,G017,OCCUPIED,OCCUPIED,0.8098148722540249
967.0,cctv2,C2_S012,G018,OCCUPIED,OCCUPIED,0.7216268767822873
967.0,cctv2,C2_S013,G019,OCCUPIED,LEAVING,0.51
967.0,cctv2,C2_S014,G020,EMPTY,EMPTY,0.01
967.0,cctv3,C3_S001,G021,EMPTY,EMPTY,0.01
967.0,cctv3,C3_S002,G019,EMPTY,EMPTY,0.01
967.0,cctv3,C3_S003,G020,OCCUPIED,OCCUPIED,0.8207162962718444
967.0,cctv3,C3_S004,G024,OCCUPIED,LEAVING,0.8080807103352113
967.0,cctv3,C3_S005,G025,OCCUPIED,OCCUPIED,0.788137226890434
967.0,cctv3,C3_S006,G026,OCCUPIED,OCCUPIED,0.7897589944980362
967.0,cctv3,C3_S007,G027,EMPTY,EMPTY,0.01
967.0,cctv3,C3_S008,G028,EMPTY,EMPTY,0.01
967.0,cctv3,C3_S009,G029,EMPTY,MANEUVERING,0.49
967.0,cctv3,C3_S010,G007,EMPTY,MANEUVERING,0.2539344788681377
967.0,cctv3,C3_S011,G008,OCCUPIED,LEAVING,0.7967444173314355
967.0,cctv3,C3_S012,G009,OCCUPIED,OCCUPIED,0.8229095304554159
968.0,cctv1,C1_S001,G001,OCCUPIED,OCCUPIED,0.7282052518969233
968.0,cctv1,C1_S002,G002,EMPTY,EMPTY,0.01
968.0,cctv1,C1_S003,G003,OCCUPIED,OCCUPIED,0.8366765688766133
968.0,cctv1,C1_S004,G004,OCCUPIED,OCCUPIED,0.7858712906187232
968.0,cctv1,C1_S005,G005,OCCUPIED,OCCUPIED,0.7465327556160364
968.0,cctv1,C1_S006,G006,EMPTY,MANEUVERING,0.4187242783402854
968.0,cctv2,C2_S001,G007,OCCUPIED,OCCUPIED,0.7620398460734975
968.0,cctv2,C2_S002,G008,OCCUPIED,OCCUPIED,0.8334527665918524
968.0,cctv2,C2_S003,G009,EMPTY,MANEUVERING,0.2050019250403751
968.0,cctv2,C2_S004,G010,OCCUPIED,OCCUPIED,0.7885015298019756
968.0,cctv2,C2_S005,G001,EMPTY,EMPTY,0.01
968.0,cctv2,C2_S006,G003,OCCUPIED,OCCUPIED,0.8140793472528458
968.0,cctv2,C2_S007,G004,OCCUPIED,OCCUPIED,0.7849045217037202
968.0,cctv2,C2_S008,G006,OCCUPIED,OCCUPIED,0.7493419979106297
968.0,cctv2,C2_S009,G005,OCCUPIED,OCCUPIED,0.7907107036222112
968.0,cctv2,C2_S010,G002,EMPTY,EMPTY,0.01
968.0,cctv2,C2_S011,G017,OCCUPIED,OCCUPIED,0.8107161684469744
968.0,cctv2,C2_S012,G018,OCCUPIED,OCCUPIED,0.7213586245883595
968.0,cctv2,C2_S013,G019,OCCUPIED,LEAVING,0.51
968.0,cctv2,C2_S014,G020,EMPTY,EMPTY,0.01
968.0,cctv3,C3_S001,G021,EMPTY,EMPTY,0.01
968.0,cctv3,C3_S002,G019,EMPTY,EMPTY,0.01
968.0,cctv3,C3_S003,G020,OCCUPIED,OCCUPIED,0.816566241871227
968.0,cctv3,C3_S004,G024,OCCUPIED,LEAVING,0.8051418204199184
968.0,cctv3,C3_S005,G025,OCCUPIED,OCCUPIED,0.7922889028083195
968.0,cctv3,C3_S006,G026,OCCUPIED,OCCUPIED,0.7957395533269103
968.0,cctv3,C3_S007,G027,EMPTY,EMPTY,0.01
968.0,cctv3,C3_S008,G028,EMPTY,MANEUVERING,0.216031203601848
968.0,cctv3,C3_S009,G029,EMPTY,MANEUVERING,0.49
968.0,cctv3,C3_S010,G007,EMPTY,EMPTY,0.01
968.0,cctv3,C3_S011,G008,OCCUPIED,LEAVING,0.8026933521032334
968.0,cctv3,C3_S012,G009,OCCUPIED,OCCUPIED,0.8227372578599237
969.0,cctv1,C1_S001,G001,OCCUPIED,OCCUPIED,0.7276039223779333
969.0,cctv1,C1_S002,G002,EMPTY,EMPTY,0.01
969.0,cctv1,C1_S003,G003,OCCUPIED,OCCUPIED,0.8367059073664926
969.0,cctv1,C1_S004,G004,OCCUPIED,OCCUPIED,0.7862522585825488
969.0,cctv1,C1_S005,G005,OCCUPIED,OCCUPIED,0.7469955654984172
969.0,cctv1,C1_S006,G006,EMPTY,MANEUVERING,0.3737242783402854
969.0,cctv2,C2_S001,G007,OCCUPIED,OCCUPIED,0.7619473581422459
969.0,cctv2,C2_S002,G008,OCCUPIED,OCCUPIED,0.8341141139919108
969.0,cctv2,C2_S003,G009,EMPTY,EMPTY,0.01
969.0,cctv2,C2_S004,G010,OCCUPIED,OCCUPIED,0.7901768871329048
969.0,cctv2,C2_S005,G001,EMPTY,EMPTY,0.01
969.0,cctv2,C2_S006,G003,OCCUPIED,OCCUPIED,0.8142334507270294
969.0,cctv2,C2_S007,G004,OCCUPIED,OCCUPIED,0.7856089226224207
969.0,cctv2,C2_S008,G006,OCCUPIED,OCCUPIED,0.7500069736079736
969.0,cctv2,C2_S009,G005,OCCUPIED,OCCUPIED,0.7912902420217341
969.0,cctv2,C2_S010,G002,EMPTY,EMPTY,0.01
969.0,cctv2,C2_S011,G017,OCCUPIED,OCCUPIED,0.8111344947056337
969.0,cctv2,C2_S012,G018,OCCUPIED,OCCUPIED,0.7214085047353398
969.0,cctv2,C2_S013,G019,OCCUPIED,LEAVING,0.51
969.0,cctv2,C2_S014,G020,EMPTY,EMPTY,0.01
969.0,cctv3,C3_S001,G021,EMPTY,EMPTY,0.01
969.0,cctv3,C3_S002,G019,EMPTY,EMPTY,0.01
969.0,cctv3,C3_S003,G020,OCCUPIED,OCCUPIED,0.8166796009648931
969.0,cctv3,C3_S004,G024,OCCUPIED,LEAVING,0.7223480324853551
969.0,cctv3,C3_S005,G025,OCCUPIED,OCCUPIED,0.7933775009079413
969.0,cctv3,C3_S006,G026,OCCUPIED,OCCUPIED,0.8011484992775051
969.0,cctv3,C3_S007,G027,EMPTY,EMPTY,0.01
969.0,cctv3,C3_S008,G028,EMPTY,MANEUVERING,0.216031203601848
969.0,cctv3,C3_S009,G029,EMPTY,MANEUVERING,0.49
969.0,cctv3,C3_S010,G007,EMPTY,EMPTY,0.01
969.0,cctv3,C3_S011,G008,OCCUPIED,LEAVING,0.8015445189042525
969.0,cctv3,C3_S012,G009,OCCUPIED,OCCUPIED,0.8219618661837145
970.0,cctv1,C1_S001,G001,OCCUPIED,OCCUPIED,0.7269379983571443
970.0,cctv1,C1_S002,G002,EMPTY,EMPTY,0.01
970.0,cctv1,C1_S003,G003,OCCUPIED,OCCUPIED,0.8366334812207656
970.0,cctv1,C1_S004,G004,OCCUPIED,OCCUPIED,0.7847629303281958
970.0,cctv1,C1_S005,G005,OCCUPIED,OCCUPIED,0.7487492449581624
970.0,cctv1,C1_S006,G006,EMPTY,MANEUVERING,0.3376862923259084
970.0,cctv2,C2_S001,G007,OCCUPIED,OCCUPIED,0.7604943339933049
970.0,cctv2,C2_S002,G008,OCCUPIED,OCCUPIED,0.8349173079837453
970.0,cctv2,C2_S003,G009,EMPTY,EMPTY,0.01
970.0,cctv2,C2_S004,G010,OCCUPIED,OCCUPIED,0.7893587069077925
970.0,cctv2,C2_S005,G001,EMPTY,EMPTY,0.01
970.0,cctv2,C2_S006,G003,OCCUPIED,OCCUPIED,0.8141968328844418
970.0,cctv2,C2_S007,G004,OCCUPIED,OCCUPIED,0.7852525797757236
970.0,cctv2,C2_S008,G006,OCCUPIED,OCCUPIED,0.7500773787498475
970.0,cctv2,C2_S009,G005,OCCUPIED,OCCUPIED,0.790227821469307
970.0,cctv2,C2_S010,G002,EMPTY,EMPTY,0.01
970.0,cctv2,C2_S011,G017,OCCUPIED,OCCUPIED,0.8110525873574345
970.0,cctv2,C2_S012,G018,OCCUPIED,OCCUPIED,0.7673652826655996
970.0,cctv2,C2_S013,G019,OCCUPIED,OCCUPIED,0.51
970.0,cctv2,C2_S014,G020,EMPTY,EMPTY,0.01
970.0,cctv3,C3_S001,G021,EMPTY,EMPTY,0.01
970.0,cctv3,C3_S002,G019,EMPTY,EMPTY,0.01
970.0,cctv3,C3_S003,G020,OCCUPIED,OCCUPIED,0.8205548337914728
970.0,cctv3,C3_S004,G024,OCCUPIED,LEAVING,0.7248916007984768
970.0,cctv3,C3_S005,G025,OCCUPIED,OCCUPIED,0.7968299306251787
970.0,cctv3,C3_S006,G026,OCCUPIED,OCCUPIED,0.8075556285002016
970.0,cctv3,C3_S007,G027,EMPTY,EMPTY,0.01
970.0,cctv3,C3_S008,G028,EMPTY,MANEUVERING,0.216031203601848
970.0,cctv3,C3_S009,G029,EMPTY,MANEUVERING,0.49
970.0,cctv3,C3_S010,G007,EMPTY,EMPTY,0.01
970.0,cctv3,C3_S011,G008,OCCUPIED,LEAVING,0.800532332875512
970.0,cctv3,C3_S012,G009,OCCUPIED,OCCUPIED,0.8216088346459649
971.0,cctv1,C1_S001,G001,OCCUPIED,OCCUPIED,0.7274766968732531
971.0,cctv1,C1_S002,G002,EMPTY,EMPTY,0.01
971.0,cctv1,C1_S003,G003,OCCUPIED,OCCUPIED,0.8365711921995337
971.0,cctv1,C1_S004,G004,OCCUPIED,OCCUPIED,0.7834096924825149
971.0,cctv1,C1_S005,G005,OCCUPIED,OCCUPIED,0.7505608247762378
971.0,cctv1,C1_S006,G006,EMPTY,MANEUVERING,0.3014487080513077
971.0,cctv2,C2_S001,G007,OCCUPIED,OCCUPIED,0.7595064576376569
971.0,cctv2,C2_S002,G008,OCCUPIED,OCCUPIED,0.8356438013640317
971.0,cctv2,C2_S003,G009,EMPTY,EMPTY,0.01
971.0,cctv2,C2_S004,G010,OCCUPIED,OCCUPIED,0.7903369995680722
971.0,cctv2,C2_S005,G001,EMPTY,EMPTY,0.01
971.0,cctv2,C2_S006,G003,OCCUPIED,OCCUPIED,0.8143512127074329
971.0,cctv2,C2_S007,G004,OCCUPIED,OCCUPIED,0.7853612279350108
971.0,cctv2,C2_S008,G006,OCCUPIED,OCCUPIED,0.7509114388715138
971.0,cctv2,C2_S009,G005,OCCUPIED,OCCUPIED,0.7909205889159984
971.0,cctv2,C2_S010,G002,EMPTY,EMPTY,0.01
971.0,cctv2,C2_S011,G017,OCCUPIED,OCCUPIED,0.8119480460882188
971.0,cctv2,C2_S012,G018,OCCUPIED,OCCUPIED,0.7675453554500233
971.0,cctv2,C2_S013,G019,OCCUPIED,OCCUPIED,0.51
971.0,cctv2,C2_S014,G020,EMPTY,EMPTY,0.01
971.0,cctv3,C3_S001,G021,EMPTY,EMPTY,0.01
971.0,cctv3,C3_S002,G019,EMPTY,EMPTY,0.01
971.0,cctv3,C3_S003,G020,OCCUPIED,OCCUPIED,0.8210175343535164
971.0,cctv3,C3_S004,G024,OCCUPIED,LEAVING,0.7273609979857099
971.0,cctv3,C3_S005,G025,OCCUPIED,LEAVING,0.799042091450908
971.0,cctv3,C3_S006,G026,OCCUPIED,OCCUPIED,0.8140856634486806
971.0,cctv3,C3_S007,G027,EMPTY,EMPTY,0.01
971.0,cctv3,C3_S008,G028,EMPTY,MANEUVERING,0.216031203601848
971.0,cctv3,C3_S009,G029,EMPTY,MANEUVERING,0.49
971.0,cctv3,C3_S010,G007,EMPTY,EMPTY,0.01
971.0,cctv3,C3_S011,G008,OCCUPIED,OCCUPIED,0.7995465405962685
971.0,cctv3,C3_S012,G009,OCCUPIED,OCCUPIED,0.8205332582647151
972.0,cctv1,C1_S001,G001,OCCUPIED,OCCUPIED,0.7273037342185324
972.0,cctv1,C1_S002,G002,EMPTY,EMPTY,0.01
972.0,cctv1,C1_S003,G003,OCCUPIED,OCCUPIED,0.8366197101094507
972.0,cctv1,C1_S004,G004,OCCUPIED,OCCUPIED,0.7829476157372649
972.0,cctv1,C1_S005,G005,OCCUPIED,OCCUPIED,0.750140973722393
972.0,cctv1,C1_S006,G006,EMPTY,MANEUVERING,0.2658057333799925
972.0,cctv2,C2_S001,G007,OCCUPIED,OCCUPIED,0.7957914187149568
972.0,cctv2,C2_S002,G008,OCCUPIED,OCCUPIED,0.8357723425735127
972.0,cctv2,C2_S003,G009,EMPTY,EMPTY,0.01
972.0,cctv2,C2_S004,G010,OCCUPIED,OCCUPIED,0.791459633274512
972.0,cctv2,C2_S005,G001,EMPTY,EMPTY,0.01
972.0,cctv2,C2_S006,G003,OCCUPIED,OCCUPIED,0.8149545878171921
972.0,cctv2,C2_S007,G004,OCCUPIED,OCCUPIED,0.7855388925834136
972.0,cctv2,C2_S008,G006,OCCUPIED,OCCUPIED,0.7511908397078515
972.0,cctv2,C2_S009,G005,OCCUPIED,OCCUPIED,0.7917984068393707
972.0,cctv2,C2_S010,G002,EMPTY,EMPTY,0.01
972.0,cctv2,C2_S011,G017,OCCUPIED,OCCUPIED,0.8123750708319925
972.0,cctv2,C2_S012,G018,OCCUPIED,OCCUPIED,0.7675725405324589
972.0,cctv2,C2_S013,G019,OCCUPIED,OCCUPIED,0.51
972.0,cctv2,C2_S014,G020,EMPTY,EMPTY,0.01
972.0,cctv3,C3_S001,G021,EMPTY,EMPTY,0.01
972.0,cctv3,C3_S002,G019,EMPTY,EMPTY,0.01
972.0,cctv3,C3_S003,G020,OCCUPIED,OCCUPIED,0.8211016224189238
972.0,cctv3,C3_S004,G024,OCCUPIED,LEAVING,0.7306278016079556
972.0,cctv3,C3_S005,G025,OCCUPIED,LEAVING,0.803954250026833
972.0,cctv3,C3_S006,G026,OCCUPIED,OCCUPIED,0.8195076774467123
972.0,cctv3,C3_S007,G027,EMPTY,EMPTY,0.01
972.0,cctv3,C3_S008,G028,EMPTY,MANEUVERING,0.171031203601848
972.0,cctv3,C3_S009,G029,EMPTY,MANEUVERING,0.49
972.0,cctv3,C3_S010,G007,EMPTY,EMPTY,0.01
972.0,cctv3,C3_S011,G008,OCCUPIED,OCCUPIED,0.7981190762736581
972.0,cctv3,C3_S012,G009,OCCUPIED,OCCUPIED,0.8188222494992343
973.0,cctv1,C1_S001,G001,OCCUPIED,OCCUPIED,0.7270805876363409
973.0,cctv1,C1_S002,G002,EMPTY,EMPTY,0.01
973.0,cctv1,C1_S003,G003,OCCUPIED,OCCUPIED,0.8365951077504592
973.0,cctv1,C1_S004,G004,OCCUPIED,OCCUPIED,0.7827001380649481
973.0,cctv1,C1_S005,G005,OCCUPIED,OCCUPIED,0.7504581274634059
973.0,cctv1,C1_S006,G006,EMPTY,MANEUVERING,0.346651844592257
973.0,cctv2,C2_S001,G007,OCCUPIED,OCCUPIED,0.7968625483187763
973.0,cctv2,C2_S002,G008,OCCUPIED,OCCUPIED,0.8356158218600533
973.0,cctv2,C2_S003,G009,EMPTY,EMPTY,0.01
973.0,cctv2,C2_S004,G010,OCCUPIED,OCCUPIED,0.7928665445609526
973.0,cctv2,C2_S005,G001,EMPTY,EMPTY,0.01
973.0,cctv2,C2_S006,G003,OCCUPIED,OCCUPIED,0.8156110324642876
973.0,cctv2,C2_S007,G004,OCCUPIED,OCCUPIED,0.7875766809691083
973.0,cctv2,C2_S008,G006,OCCUPIED,OCCUPIED,0.7514583140611649
973.0,cctv2,C2_S009,G005,OCCUPIED,OCCUPIED,0.7923390458930624
973.0,cctv2,C2_S010,G002,EMPTY,EMPTY,0.01
973.0,cctv2,C2_S011,G017,OCCUPIED,OCCUPIED,0.8127778451551091
973.0,cctv2,C2_S012,G018,OCCUPIED,OCCUPIED,0.7667366899956357
973.0,cctv2,C2_S013,G019,EMPTY,EMPTY,0.2759573013674129
973.0,cctv2,C2_S014,G020,EMPTY,EMPTY,0.01
973.0,cctv3,C3_S001,G021,EMPTY,EMPTY,0.01
973.0,cctv3,C3_S002,G019,EMPTY,EMPTY,0.01
973.0,cctv3,C3_S003,G020,OCCUPIED,OCCUPIED,0.8195732850920071
973.0,cctv3,C3_S004,G024,OCCUPIED,LEAVING,0.7836490674723279
973.0,cctv3,C3_S005,G025,OCCUPIED,LEAVING,0.8105988173322245
973.0,cctv3,C3_S006,G026,OCCUPIED,OCCUPIED,0.8217965827746825
973.0,cctv3,C3_S007,G027,EMPTY,EMPTY,0.01
973.0,cctv3,C3_S008,G028,EMPTY,MANEUVERING,0.171031203601848
973.0,cctv3,C3_S009,G029,EMPTY,MANEUVERING,0.49
973.0,cctv3,C3_S010,G007,EMPTY,EMPTY,0.01
973.0,cctv3,C3_S011,G008,OCCUPIED,OCCUPIED,0.797415905919942
973.0,cctv3,C3_S012,G009,OCCUPIED,OCCUPIED,0.8190144435925918
974.0,cctv1,C1_S001,G001,OCCUPIED,OCCUPIED,0.7283929173241963
974.0,cctv1,C1_S002,G002,EMPTY,EMPTY,0.01
974.0,cctv1,C1_S003,G003,OCCUPIED,OCCUPIED,0.8365321595560421
974.0,cctv1,C1_S004,G004,OCCUPIED,OCCUPIED,0.7831555982882327
974.0,cctv1,C1_S005,G005,OCCUPIED,OCCUPIED,0.7537732106040825
974.0,cctv1,C1_S006,G006,EMPTY,MANEUVERING,0.3117568119141188
974.0,cctv2,C2_S001,G007,OCCUPIED,OCCUPIED,0.794046596234495
974.0,cctv2,C2_S002,G008,OCCUPIED,OCCUPIED,0.8352777619253506
974.0,cctv2,C2_S003,G009,EMPTY,EMPTY,0.01
974.0,cctv2,C2_S004,G010,OCCUPIED,OCCUPIED,0.7922659166834571
974.0,cctv2,C2_S005,G001,EMPTY,EMPTY,0.01
974.0,cctv2,C2_S006,G003,OCCUPIED,OCCUPIED,0.8162672178311782
974.0,cctv2,C2_S007,G004,OCCUPIED,OCCUPIED,0.7868619527329099
974.0,cctv2,C2_S008,G006,OCCUPIED,OCCUPIED,0.7530692414803939
974.0,cctv2,C2_S009,G005,OCCUPIED,OCCUPIED,0.7916148494590414
974.0,cctv2,C2_S010,G002,EMPTY,EMPTY,0.01
974.0,cctv2,C2_S011,G017,OCCUPIED,OCCUPIED,0.8131086745045403
974.0,cctv2,C2_S012,G018,OCCUPIED,OCCUPIED,0.765758252333511
974.0,cctv2,C2_S013,G019,EMPTY,MANEUVERING,0.2759573013674129
974.0,cctv2,C2_S014,G020,EMPTY,EMPTY,0.01
974.0,cctv3,C3_S001,G021,EMPTY,EMPTY,0.01
974.0,cctv3,C3_S002,G019,EMPTY,EMPTY,0.01
974.0,cctv3,C3_S003,G020,OCCUPIED,OCCUPIED,0.8173598368059506
974.0,cctv3,C3_S004,G024,OCCUPIED,LEAVING,0.7858651863444935
974.0,cctv3,C3_S005,G025,OCCUPIED,LEAVING,0.8130561751398174
974.0,cctv3,C3_S006,G026,OCCUPIED,OCCUPIED,0.8223438322544099
974.0,cctv3,C3_S007,G027,EMPTY,EMPTY,0.01
974.0,cctv3,C3_S008,G028,EMPTY,MANEUVERING,0.171031203601848
974.0,cctv3,C3_S009,G029,EMPTY,MANEUVERING,0.49
974.0,cctv3,C3_S010,G007,EMPTY,EMPTY,0.01
974.0,cctv3,C3_S011,G008,OCCUPIED,OCCUPIED,0.7960273775187406
974.0,cctv3,C3_S012,G009,OCCUPIED,OCCUPIED,0.8187053206292066
975.0,cctv1,C1_S001,G001,OCCUPIED,OCCUPIED,0.728601624681191
975.0,cctv1,C1_S002,G002,EMPTY,EMPTY,0.01
975.0,cctv1,C1_S003,G003,OCCUPIED,OCCUPIED,0.8364546859806234
975.0,cctv1,C1_S004,G004,OCCUPIED,OCCUPIED,0.7823976043950428
975.0,cctv1,C1_S005,G005,OCCUPIED,OCCUPIED,0.7543290626596322
975.0,cctv1,C1_S006,G006,EMPTY,MANEUVERING,0.2734167872301556
975.0,cctv2,C2_S001,G007,OCCUPIED,OCCUPIED,0.79362063462084
975.0,cctv2,C2_S002,G008,OCCUPIED,OCCUPIED,0.8350313051180407
975.0,cctv2,C2_S003,G009,EMPTY,EMPTY,0.01
975.0,cctv2,C2_S004,G010,OCCUPIED,OCCUPIED,0.7903731845996598
975.0,cctv2,C2_S005,G001,EMPTY,EMPTY,0.01
975.0,cctv2,C2_S006,G003,OCCUPIED,OCCUPIED,0.817095494541255
975.0,cctv2,C2_S007,G004,OCCUPIED,OCCUPIED,0.7895784968679602
975.0,cctv2,C2_S008,G006,OCCUPIED,OCCUPIED,0.7554899562488904
975.0,cctv2,C2_S009,G005,OCCUPIED,OCCUPIED,0.7941576218063182
975.0,cctv2,C2_S010,G002,EMPTY,EMPTY,0.01
975.0,cctv2,C2_S011,G017,OCCUPIED,OCCUPIED,0.8148546438325536
975.0,cctv2,C2_S012,G018,OCCUPIED,OCCUPIED,0.7646887393702161
975.0,cctv2,C2_S013,G019,EMPTY,MANEUVERING,0.3585648300430991
975.0,cctv2,C2_S014,G020,EMPTY,EMPTY,0.01
975.0,cctv3,C3_S001,G021,EMPTY,EMPTY,0.01
975.0,cctv3,C3_S002,G019,EMPTY,EMPTY,0.01
975.0,cctv3,C3_S003,G020,OCCUPIED,OCCUPIED,0.8172770272601735
975.0,cctv3,C3_S004,G024,OCCUPIED,OCCUPIED,0.7866702656854283
975.0,cctv3,C3_S005,G025,OCCUPIED,LEAVING,0.8147359564900398
975.0,cctv3,C3_S006,G026,OCCUPIED,OCCUPIED,0.8227027134461837
975.0,cctv3,C3_S007,G027,EMPTY,EMPTY,0.01
975.0,cctv3,C3_S008,G028,EMPTY,MANEUVERING,0.171031203601848
975.0,cctv3,C3_S009,G029,EMPTY,MANEUVERING,0.49
975.0,cctv3,C3_S010,G007,EMPTY,EMPTY,0.01
975.0,cctv3,C3_S011,G008,OCCUPIED,OCCUPIED,0.7942705582488667
975.0,cctv3,C3_S012,G009,OCCUPIED,OCCUPIED,0.8181276345794852
976.0,cctv1,C1_S001,G001,OCCUPIED,OCCUPIED,0.7282694052566182
976.0,cctv1,C1_S002,G002,EMPTY,EMPTY,0.01
976.0,cctv1,C1_S003,G003,OCCUPIED,OCCUPIED,0.8364389202811502
976.0,cctv1,C1_S004,G004,OCCUPIED,OCCUPIED,0.7813762443986807
976.0,cctv1,C1_S005,G005,OCCUPIED,OCCUPIED,0.7417591762316951
976.0,cctv1,C1_S006,G006,EMPTY,MANEUVERING,0.3206582131914117
976.0,cctv2,C2_S001,G007,OCCUPIED,OCCUPIED,0.7908293621106581
976.0,cctv2,C2_S002,G008,OCCUPIED,OCCUPIED,0.8349017877470364
976.0,cctv2,C2_S003,G009,EMPTY,EMPTY,0.01
976.0,cctv2,C2_S004,G010,OCCUPIED,OCCUPIED,0.7918405171145093
976.0,cctv2,C2_S005,G001,EMPTY,EMPTY,0.01
976.0,cctv2,C2_S006,G003,OCCUPIED,OCCUPIED,0.8180924074216323
976.0,cctv2,C2_S007,G004,OCCUPIED,OCCUPIED,0.7906701884486459
976.0,cctv2,C2_S008,G006,OCCUPIED,OCCUPIED,0.7581455248323354
976.0,cctv2,C2_S009,G005,OCCUPIED,OCCUPIED,0.7950939882885326
976.0,cctv2,C2_S010,G002,EMPTY,EMPTY,0.01
976.0,cctv2,C2_S011,G017,OCCUPIED,OCCUPIED,0.8154025557366285
976.0,cctv2,C2_S012,G018,OCCUPIED,OCCUPIED,0.7614039497483861
976.0,cctv2,C2_S013,G019,EMPTY,MANEUVERING,0.4291624251278964
976.0,cctv2,C2_S014,G020,EMPTY,MANEUVERING,0.2052731535922397
976.0,cctv3,C3_S001,G021,EMPTY,EMPTY,0.01
976.0,cctv3,C3_S002,G019,EMPTY,EMPTY,0.01
976.0,cctv3,C3_S003,G020,OCCUPIED,LEAVING,0.8142454532059757
976.0,cctv3,C3_S004,G024,OCCUPIED,OCCUPIED,0.7896635733951223
976.0,cctv3,C3_S005,G025,OCCUPIED,LEAVING,0.820248087427833
976.0,cctv3,C3_S006,G026,OCCUPIED,OCCUPIED,0.8230956261808222
976.0,cctv3,C3_S007,G027,EMPTY,EMPTY,0.01
976.0,cctv3,C3_S008,G028,EMPTY,MANEUVERING,0.171031203601848
976.0,cctv3,C3_S009,G029,EMPTY,MANEUVERING,0.49
976.0,cctv3,C3_S010,G007,EMPTY,EMPTY,0.01
976.0,cctv3,C3_S011,G008,OCCUPIED,OCCUPIED,0.7900095067240975
976.0,cctv3,C3_S012,G009,OCCUPIED,OCCUPIED,0.816449461741881
977.0,cctv1,C1_S001,G001,OCCUPIED,OCCUPIED,0.7293352169746703
977.0,cctv1,C1_S002,G002,EMPTY,EMPTY,0.01
977.0,cctv1,C1_S003,G003,OCCUPIED,OCCUPIED,0.836447548866272
977.0,cctv1,C1_S004,G004,OCCUPIED,OCCUPIED,0.7808354273438455
977.0,cctv1,C1_S005,G005,OCCUPIED,OCCUPIED,0.7451574070390428
977.0,cctv1,C1_S006,G006,EMPTY,MANEUVERING,0.2756582131914117
977.0,cctv2,C2_S001,G007,OCCUPIED,OCCUPIED,0.7092871649969708
977.0,cctv2,C2_S002,G008,OCCUPIED,OCCUPIED,0.8349292730743235
977.0,cctv2,C2_S003,G009,EMPTY,EMPTY,0.01
977.0,cctv2,C2_S004,G010,OCCUPIED,OCCUPIED,0.7913254419511015
977.0,cctv2,C2_S005,G001,EMPTY,EMPTY,0.01
977.0,cctv2,C2_S006,G003,OCCUPIED,OCCUPIED,0.8186152122237467
977.0,cctv2,C2_S007,G004,OCCUPIED,OCCUPIED,0.7915022617036647
977.0,cctv2,C2_S008,G006,OCCUPIED,OCCUPIED,0.7592943665656178
977.0,cctv2,C2_S009,G005,OCCUPIED,OCCUPIED,0.795228097113696
977.0,cctv2,C2_S010,G002,EMPTY,EMPTY,0.01
977.0,cctv2,C2_S011,G017,OCCUPIED,OCCUPIED,0.8161612624471839
977.0,cctv2,C2_S012,G018,OCCUPIED,OCCUPIED,0.7981454001231627
977.0,cctv2,C2_S013,G019,EMPTY,MANEUVERING,0.4538639307293025
977.0,cctv2,C2_S014,G020,EMPTY,MANEUVERING,0.3040515159747817
977.0,cctv3,C3_S001,G021,EMPTY,EMPTY,0.01
977.0,cctv3,C3_S002,G019,EMPTY,EMPTY,0.01
977.0,cctv3,C3_S003,G020,OCCUPIED,LEAVING,0.814487465674227
977.0,cctv3,C3_S004,G024,OCCUPIED,OCCUPIED,0.788867646645416
977.0,cctv3,C3_S005,G025,OCCUPIED,LEAVING,0.8227479785680771
977.0,cctv3,C3_S006,G026,OCCUPIED,OCCUPIED,0.823391114581715
977.0,cctv3,C3_S007,G027,EMPTY,EMPTY,0.01
977.0,cctv3,C3_S008,G028,EMPTY,MANEUVERING,0.171031203601848
977.0,cctv3,C3_S009,G029,EMPTY,MANEUVERING,0.4658572219087827
977.0,cctv3,C3_S010,G007,EMPTY,EMPTY,0.01
977.0,cctv3,C3_S011,G008,OCCUPIED,OCCUPIED,0.7889402473514731
977.0,cctv3,C3_S012,G009,OCCUPIED,OCCUPIED,0.817472904920578
978.0,cctv1,C1_S001,G001,OCCUPIED,OCCUPIED,0.7286255335265941
978.0,cctv1,C1_S002,G002,EMPTY,EMPTY,0.01
978.0,cctv1,C1_S003,G003,OCCUPIED,OCCUPIED,0.8364581427790903
978.0,cctv1,C1_S004,G004,OCCUPIED,OCCUPIED,0.7788192567500202
978.0,cctv1,C1_S005,G005,OCCUPIED,OCCUPIED,0.7278557521782139
978.0,cctv1,C1_S006,G006,EMPTY,MANEUVERING,0.2652084292742339
978.0,cctv2,C2_S001,G007,OCCUPIED,OCCUPIED,0.7077566419948231
978.0,cctv2,C2_S002,G008,OCCUPIED,OCCUPIED,0.8348486548120326
978.0,cctv2,C2_S003,G009,EMPTY,EMPTY,0.01
978.0,cctv2,C2_S004,G010,OCCUPIED,OCCUPIED,0.7924381482330236
978.0,cctv2,C2_S005,G001,EMPTY,EMPTY,0.01
978.0,cctv2,C2_S006,G003,OCCUPIED,OCCUPIED,0.8186958946964958
978.0,cctv2,C2_S007,G004,OCCUPIED,OCCUPIED,0.791912306438793
978.0,cctv2,C2_S008,G006,OCCUPIED,OCCUPIED,0.7606466233730317
978.0,cctv2,C2_S009,G005,OCCUPIED,OCCUPIED,0.79462239661
978.0,cctv2,C2_S010,G002,EMPTY,EMPTY,0.01
978.0,cctv2,C2_S011,G017,OCCUPIED,OCCUPIED,0.8160990522666411
978.0,cctv2,C2_S012,G018,OCCUPIED,OCCUPIED,0.7989934877915816
978.0,cctv2,C2_S013,G019,EMPTY,MANEUVERING,0.4715095560117201
978.0,cctv2,C2_S014,G020,EMPTY,MANEUVERING,0.2840515159747817
978.0,cctv3,C3_S001,G021,EMPTY,EMPTY,0.01
978.0,cctv3,C3_S002,G019,EMPTY,EMPTY,0.01
978.0,cctv3,C3_S003,G020,OCCUPIED,LEAVING,0.8114972090179271
978.0,cctv3,C3_S004,G024,OCCUPIED,OCCUPIED,0.7911069254983556
978.0,cctv3,C3_S005,G025,OCCUPIED,LEAVING,0.8239371798255227
978.0,cctv3,C3_S006,G026,OCCUPIED,OCCUPIED,0.8236465128985319
978.0,cctv3,C3_S007,G027,EMPTY,EMPTY,0.01
978.0,cctv3,C3_S008,G028,EMPTY,MANEUVERING,0.171031203601848
978.0,cctv3,C3_S009,G029,EMPTY,MANEUVERING,0.3845065026067488
978.0,cctv3,C3_S010,G007,EMPTY,EMPTY,0.01
978.0,cctv3,C3_S011,G008,OCCUPIED,OCCUPIED,0.7861792313781653
978.0,cctv3,C3_S012,G009,OCCUPIED,OCCUPIED,0.8170874145897953
979.0,cctv1,C1_S001,G001,OCCUPIED,OCCUPIED,0.7276902088387447
979.0,cctv1,C1_S002,G002,EMPTY,EMPTY,0.01
979.0,cctv1,C1_S003,G003,OCCUPIED,OCCUPIED,0.8364156265150418
979.0,cctv1,C1_S004,G004,OCCUPIED,OCCUPIED,0.7790209474888715
979.0,cctv1,C1_S005,G005,OCCUPIED,OCCUPIED,0.75876032859087
979.0,cctv1,C1_S006,G006,EMPTY,MANEUVERING,0.3610128116472201
979.0,cctv2,C2_S001,G007,OCCUPIED,OCCUPIED,0.7080763425339353
979.0,cctv2,C2_S002,G008,OCCUPIED,OCCUPIED,0.8347072926434604
979.0,cctv2,C2_S003,G009,EMPTY,EMPTY,0.01
979.0,cctv2,C2_S004,G010,OCCUPIED,OCCUPIED,0.7913683873685924
979.0,cctv2,C2_S005,G001,EMPTY,EMPTY,0.01
979.0,cctv2,C2_S006,G003,OCCUPIED,OCCUPIED,0.8189811728217385
979.0,cctv2,C2_S007,G004,OCCUPIED,OCCUPIED,0.7923957217823376
979.0,cctv2,C2_S008,G006,OCCUPIED,OCCUPIED,0.7624977734955876
979.0,cctv2,C2_S009,G005,OCCUPIED,OCCUPIED,0.7946498957547276
979.0,cctv2,C2_S010,G002,EMPTY,EMPTY,0.01
979.0,cctv2,C2_S011,G017,OCCUPIED,OCCUPIED,0.8152545839548111
979.0,cctv2,C2_S012,G018,OCCUPIED,OCCUPIED,0.7986386356028644
979.0,cctv2,C2_S013,G019,EMPTY,MANEUVERING,0.49
979.0,cctv2,C2_S014,G020,EMPTY,MANEUVERING,0.2720515159747817
979.0,cctv3,C3_S001,G021,EMPTY,EMPTY,0.01
979.0,cctv3,C3_S002,G019,EMPTY,EMPTY,0.01
979.0,cctv3,C3_S003,G020,OCCUPIED,LEAVING,0.8136828167871996
979.0,cctv3,C3_S004,G024,OCCUPIED,OCCUPIED,0.7924506648291242
979.0,cctv3,C3_S005,G025,OCCUPIED,OCCUPIED,0.8252297485416586
979.0,cctv3,C3_S006,G026,OCCUPIED,OCCUPIED,0.8239202762191946
979.0,cctv3,C3_S007,G027,EMPTY,EMPTY,0.01
979.0,cctv3,C3_S008,G028,EMPTY,EMPTY,0.01
979.0,cctv3,C3_S009,G029,EMPTY,MANEUVERING,0.4290646012475738
979.0,cctv3,C3_S010,G007,EMPTY,EMPTY,0.01
979.0,cctv3,C3_S011,G008,OCCUPIED,OCCUPIED,0.7851082464510745
979.0,cctv3,C3_S012,G009,OCCUPIED,OCCUPIED,0.8167816419493069
980.0,cctv1,C1_S001,G001,OCCUPIED,OCCUPIED,0.7281611143188044
980.0,cctv1,C1_S002,G002,EMPTY,EMPTY,0.01
980.0,cctv1,C1_S003,G003,OCCUPIED,OCCUPIED,0.8364169058474629
980.0,cctv1,C1_S004,G004,OCCUPIED,OCCUPIED,0.7780983090400696
980.0,cctv1,C1_S005,G005,OCCUPIED,OCCUPIED,0.7559805940498006
980.0,cctv1,C1_S006,G006,EMPTY,MANEUVERING,0.4123645604605024
980.0,cctv2,C2_S001,G007,OCCUPIED,OCCUPIED,0.7076231305707585
980.0,cctv2,C2_S002,G008,OCCUPIED,OCCUPIED,0.8345064569603313
980.0,cctv2,C2_S003,G009,EMPTY,EMPTY,0.01
980.0,cctv2,C2_S004,G010,OCCUPIED,OCCUPIED,0.7914842620491982
980.0,cctv2,C2_S005,G001,EMPTY,EMPTY,0.01
980.0,cctv2,C2_S006,G003,OCCUPIED,OCCUPIED,0.8189279228448868
980.0,cctv2,C2_S007,G004,OCCUPIED,OCCUPIED,0.7928079610521144
980.0,cctv2,C2_S008,G006,OCCUPIED,OCCUPIED,0.7623267916115848
980.0,cctv2,C2_S009,G005,OCCUPIED,OCCUPIED,0.7942544113505972
980.0,cctv2,C2_S010,G002,EMPTY,EMPTY,0.01
980.0,cctv2,C2_S011,G017,OCCUPIED,OCCUPIED,0.8150748442519795
980.0,cctv2,C2_S012,G018,OCCUPIED,OCCUPIED,0.7978475586934524
980.0,cctv2,C2_S013,G019,EMPTY,MANEUVERING,0.4590587004477328
980.0,cctv2,C2_S014,G020,EMPTY,MANEUVERING,0.3359987196597186
980.0,cctv3,C3_S001,G021,EMPTY,EMPTY,0.01
980.0,cctv3,C3_S002,G019,EMPTY,EMPTY,0.01
980.0,cctv3,C3_S003,G020,OCCUPIED,LEAVING,0.8127016484737397
980.0,cctv3,C3_S004,G024,OCCUPIED,OCCUPIED,0.8289448746226051
980.0,cctv3,C3_S005,G025,OCCUPIED,OCCUPIED,0.8270700909874656
980.0,cctv3,C3_S006,G026,OCCUPIED,OCCUPIED,0.8244155225428669
980.0,cctv3,C3_S007,G027,EMPTY,EMPTY,0.01
980.0,cctv3,C3_S008,G028,EMPTY,EMPTY,0.01
980.0,cctv3,C3_S009,G029,EMPTY,MANEUVERING,0.4839852198774552
980.0,cctv3,C3_S010,G007,EMPTY,EMPTY,0.01
980.0,cctv3,C3_S011,G008,OCCUPIED,OCCUPIED,0.7846012301065706
980.0,cctv3,C3_S012,G009,OCCUPIED,OCCUPIED,0.8169682261618701
981.0,cctv1,C1_S001,G001,OCCUPIED,OCCUPIED,0.7276883633976634
981.0,cctv1,C1_S002,G002,EMPTY,EMPTY,0.01
981.0,cctv1,C1_S003,G003,OCCUPIED,OCCUPIED,0.8365094948898663
981.0,cctv1,C1_S004,G004,OCCUPIED,OCCUPIED,0.7775590501048348
981.0,cctv1,C1_S005,G005,OCCUPIED,OCCUPIED,0.7544891021468423
981.0,cctv1,C1_S006,G006,EMPTY,MANEUVERING,0.49
981.0,cctv2,C2_S001,G007,OCCUPIED,OCCUPIED,0.7518630434979092
981.0,cctv2,C2_S002,G008,OCCUPIED,OCCUPIED,0.8343038778413426
981.0,cctv2,C2_S003,G009,EMPTY,EMPTY,0.01
981.0,cctv2,C2_S004,G010,OCCUPIED,OCCUPIED,0.7923909600485456
981.0,cctv2,C2_S005,G001,EMPTY,EMPTY,0.01
981.0,cctv2,C2_S006,G003,OCCUPIED,OCCUPIED,0.8187634367834439
981.0,cctv2,C2_S007,G004,OCCUPIED,OCCUPIED,0.7939505308866501
981.0,cctv2,C2_S008,G006,OCCUPIED,OCCUPIED,0.7625395245172761
981.0,cctv2,C2_S009,G005,OCCUPIED,OCCUPIED,0.7951899300922047
981.0,cctv2,C2_S010,G002,EMPTY,EMPTY,0.01
981.0,cctv2,C2_S011,G017,OCCUPIED,OCCUPIED,0.8153279821981084
981.0,cctv2,C2_S012,G018,OCCUPIED,OCCUPIED,0.7959954413500699
981.0,cctv2,C2_S013,G019,EMPTY,MANEUVERING,0.4140587004477328
981.0,cctv2,C2_S014,G020,EMPTY,MANEUVERING,0.2909987196597186
981.0,cctv3,C3_S001,G021,EMPTY,EMPTY,0.01
981.0,cctv3,C3_S002,G019,EMPTY,EMPTY,0.01
981.0,cctv3,C3_S003,G020,OCCUPIED,LEAVING,0.8101989288221707
981.0,cctv3,C3_S004,G024,OCCUPIED,OCCUPIED,0.8285039861093868
981.0,cctv3,C3_S005,G025,OCCUPIED,OCCUPIED,0.827683298425241
981.0,cctv3,C3_S006,G026,OCCUPIED,OCCUPIED,0.8247965742241253
981.0,cctv3,C3_S007,G027,EMPTY,EMPTY,0.01
981.0,cctv3,C3_S008,G028,EMPTY,EMPTY,0.01
981.0,cctv3,C3_S009,G029,EMPTY,MANEUVERING,0.4489325933700258
981.0,cctv3,C3_S010,G007,EMPTY,EMPTY,0.01
981.0,cctv3,C3_S011,G008,OCCUPIED,OCCUPIED,0.7835126498883421
981.0,cctv3,C3_S012,G009,OCCUPIED,OCCUPIED,0.81669361428781
982.0,cctv1,C1_S001,G001,OCCUPIED,OCCUPIED,0.7269959621131421
982.0,cctv1,C1_S002,G002,EMPTY,EMPTY,0.01
982.0,cctv1,C1_S003,G003,OCCUPIED,OCCUPIED,0.8365210617130454
982.0,cctv1,C1_S004,G004,OCCUPIED,OCCUPIED,0.7773609238592062
982.0,cctv1,C1_S005,G005,OCCUPIED,OCCUPIED,0.7522993357344108
982.0,cctv1,C1_S006,G006,EMPTY,MANEUVERING,0.49
982.0,cctv2,C2_S001,G007,OCCUPIED,OCCUPIED,0.7513258327950131
982.0,cctv2,C2_S002,G008,OCCUPIED,OCCUPIED,0.8344375054944646
982.0,cctv2,C2_S003,G009,EMPTY,EMPTY,0.01
982.0,cctv2,C2_S004,G010,OCCUPIED,OCCUPIED,0.7925287500023842
982.0,cctv2,C2_S005,G001,EMPTY,EMPTY,0.01
982.0,cctv2,C2_S006,G003,OCCUPIED,OCCUPIED,0.8188480425964703
982.0,cctv2,C2_S007,G004,OCCUPIED,OCCUPIED,0.7950958861546084
982.0,cctv2,C2_S008,G006,OCCUPIED,OCCUPIED,0.7629442369396037
982.0,cctv2,C2_S009,G005,OCCUPIED,OCCUPIED,0.7954546811905775
982.0,cctv2,C2_S010,G002,EMPTY,EMPTY,0.01
982.0,cctv2,C2_S011,G017,OCCUPIED,OCCUPIED,0.8149140482599085
982.0,cctv2,C2_S012,G018,OCCUPIED,OCCUPIED,0.7959066309712151
982.0,cctv2,C2_S013,G019,EMPTY,MANEUVERING,0.3690587004477327
982.0,cctv2,C2_S014,G020,EMPTY,MANEUVERING,0.2909987196597186
982.0,cctv3,C3_S001,G021,EMPTY,EMPTY,0.01
982.0,cctv3,C3_S002,G019,EMPTY,EMPTY,0.01
982.0,cctv3,C3_S003,G020,OCCUPIED,LEAVING,0.8104791164398194
982.0,cctv3,C3_S004,G024,OCCUPIED,OCCUPIED,0.7459714015234601
982.0,cctv3,C3_S005,G025,OCCUPIED,OCCUPIED,0.8268022959882564
982.0,cctv3,C3_S006,G026,OCCUPIED,OCCUPIED,0.8247890859842301
982.0,cctv3,C3_S007,G027,EMPTY,EMPTY,0.01
982.0,cctv3,C3_S008,G028,EMPTY,EMPTY,0.01
982.0,cctv3,C3_S009,G029,EMPTY,MANEUVERING,0.4151204414868897
982.0,cctv3,C3_S010,G007,EMPTY,MANEUVERING,0.2225733615051616
982.0,cctv3,C3_S011,G008,OCCUPIED,LEAVING,0.7790401191873985
982.0,cctv3,C3_S012,G009,OCCUPIED,OCCUPIED,0.8178501454266636
983.0,cctv1,C1_S001,G001,OCCUPIED,OCCUPIED,0.7275437271053141
983.0,cctv1,C1_S002,G002,EMPTY,EMPTY,0.01
983.0,cctv1,C1_S003,G003,OCCUPIED,OCCUPIED,0.8364216850562529
983.0,cctv1,C1_S004,G004,OCCUPIED,OCCUPIED,0.7758469818667932
983.0,cctv1,C1_S005,G005,OCCUPIED,OCCUPIED,0.754258246448907
983.0,cctv1,C1_S006,G006,EMPTY,MANEUVERING,0.49
983.0,cctv2,C2_S001,G007,OCCUPIED,OCCUPIED,0.7501775630224835
983.0,cctv2,C2_S002,G008,OCCUPIED,OCCUPIED,0.8347072698853233
983.0,cctv2,C2_S003,G009,EMPTY,EMPTY,0.01
983.0,cctv2,C2_S004,G010,OCCUPIED,OCCUPIED,0.7906909247690982
983.0,cctv2,C2_S005,G001,EMPTY,EMPTY,0.01
983.0,cctv2,C2_S006,G003,OCCUPIED,OCCUPIED,0.8186400600455025
983.0,cctv2,C2_S007,G004,OCCUPIED,OCCUPIED,0.7951725038615141
983.0,cctv2,C2_S008,G006,OCCUPIED,OCCUPIED,0.7634159005501054
983.0,cctv2,C2_S009,G005,OCCUPIED,OCCUPIED,0.7954559263857929
983.0,cctv2,C2_S010,G002,EMPTY,EMPTY,0.01
983.0,cctv2,C2_S011,G017,OCCUPIED,OCCUPIED,0.8147166758775711
983.0,cctv2,C2_S012,G018,OCCUPIED,OCCUPIED,0.7944423415444115
983.0,cctv2,C2_S013,G019,EMPTY,MANEUVERING,0.3984270369058305
983.0,cctv2,C2_S014,G020,EMPTY,MANEUVERING,0.2909987196597186
983.0,cctv3,C3_S001,G021,EMPTY,EMPTY,0.01
983.0,cctv3,C3_S002,G019,EMPTY,EMPTY,0.01
983.0,cctv3,C3_S003,G020,OCCUPIED,LEAVING,0.8101347801360218
983.0,cctv3,C3_S004,G024,OCCUPIED,OCCUPIED,0.7424400087107312
983.0,cctv3,C3_S005,G025,OCCUPIED,OCCUPIED,0.8265042155981064
983.0,cctv3,C3_S006,G026,OCCUPIED,OCCUPIED,0.8247870605100286
983.0,cctv3,C3_S007,G027,EMPTY,EMPTY,0.01
983.0,cctv3,C3_S008,G028,EMPTY,EMPTY,0.01
983.0,cctv3,C3_S009,G029,EMPTY,MANEUVERING,0.3368315205028789
983.0,cctv3,C3_S010,G007,EMPTY,MANEUVERING,0.2225733615051616
983.0,cctv3,C3_S011,G008,OCCUPIED,LEAVING,0.7796715437011286
983.0,cctv3,C3_S012,G009,OCCUPIED,OCCUPIED,0.8193067182194104
984.0,cctv1,C1_S001,G001,OCCUPIED,OCCUPIED,0.7282379390841182
984.0,cctv1,C1_S002,G002,EMPTY,EMPTY,0.01
984.0,cctv1,C1_S003,G003,OCCUPIED,OCCUPIED,0.8365457664836538
984.0,cctv1,C1_S004,G004,OCCUPIED,OCCUPIED,0.7752024454149333
984.0,cctv1,C1_S005,G005,OCCUPIED,OCCUPIED,0.7543167564001951
984.0,cctv1,C1_S006,G006,EMPTY,MANEUVERING,0.49
984.0,cctv2,C2_S001,G007,OCCUPIED,OCCUPIED,0.6677056550798994
984.0,cctv2,C2_S002,G008,OCCUPIED,OCCUPIED,0.835053741390055
984.0,cctv2,C2_S003,G009,EMPTY,EMPTY,0.01
984.0,cctv2,C2_S004,G010,OCCUPIED,OCCUPIED,0.7898052520372651
984.0,cctv2,C2_S005,G001,EMPTY,EMPTY,0.01
984.0,cctv2,C2_S006,G003,OCCUPIED,OCCUPIED,0.8186048369516027
984.0,cctv2,C2_S007,G004,OCCUPIED,OCCUPIED,0.7939123671163213
984.0,cctv2,C2_S008,G006,OCCUPIED,OCCUPIED,0.7648588070815261
984.0,cctv2,C2_S009,G005,OCCUPIED,OCCUPIED,0.7943561142141169
984.0,cctv2,C2_S010,G002,EMPTY,EMPTY,0.01
984.0,cctv2,C2_S011,G017,OCCUPIED,OCCUPIED,0.8143371433019638
984.0,cctv2,C2_S012,G018,OCCUPIED,OCCUPIED,0.7946483953432604
984.0,cctv2,C2_S013,G019,EMPTY,MANEUVERING,0.49
984.0,cctv2,C2_S014,G020,EMPTY,MANEUVERING,0.2459987196597186
984.0,cctv3,C3_S001,G021,EMPTY,EMPTY,0.01
984.0,cctv3,C3_S002,G019,EMPTY,EMPTY,0.01
984.0,cctv3,C3_S003,G020,OCCUPIED,LEAVING,0.8095617521892895
984.0,cctv3,C3_S004,G024,OCCUPIED,OCCUPIED,0.7385209741104732
984.0,cctv3,C3_S005,G025,OCCUPIED,OCCUPIED,0.8236462674357675
984.0,cctv3,C3_S006,G026,OCCUPIED,OCCUPIED,0.8245031990788201
984.0,cctv3,C3_S007,G027,EMPTY,EMPTY,0.01
984.0,cctv3,C3_S008,G028,EMPTY,EMPTY,0.01
984.0,cctv3,C3_S009,G029,EMPTY,MANEUVERING,0.2611502684551206
984.0,cctv3,C3_S010,G007,EMPTY,MANEUVERING,0.2225733615051616
984.0,cctv3,C3_S011,G008,OCCUPIED,LEAVING,0.7797165227207271
984.0,cctv3,C3_S012,G009,OCCUPIED,OCCUPIED,0.8191083704883403
985.0,cctv1,C1_S001,G001,OCCUPIED,OCCUPIED,0.7271446229381996
985.0,cctv1,C1_S002,G002,EMPTY,EMPTY,0.01
985.0,cctv1,C1_S003,G003,OCCUPIED,OCCUPIED,0.836563339829445
985.0,cctv1,C1_S004,G004,OCCUPIED,OCCUPIED,0.7747054207054052
985.0,cctv1,C1_S005,G005,OCCUPIED,OCCUPIED,0.7497097058052367
985.0,cctv1,C1_S006,G006,EMPTY,MANEUVERING,0.49
985.0,cctv2,C2_S001,G007,OCCUPIED,OCCUPIED,0.6677570263364099
985.0,cctv2,C2_S002,G008,OCCUPIED,OCCUPIED,0.8351623050191186
985.0,cctv2,C2_S003,G009,EMPTY,EMPTY,0.01
985.0,cctv2,C2_S004,G010,OCCUPIED,OCCUPIED,0.7905146077275277
985.0,cctv2,C2_S005,G001,EMPTY,EMPTY,0.01
985.0,cctv2,C2_S006,G003,OCCUPIED,OCCUPIED,0.8187573749910702
985.0,cctv2,C2_S007,G004,OCCUPIED,OCCUPIED,0.7947418743913824
985.0,cctv2,C2_S008,G006,OCCUPIED,OCCUPIED,0.7639949732206085
985.0,cctv2,C2_S009,G005,OCCUPIED,OCCUPIED,0.7945212188092146
985.0,cctv2,C2_S010,G002,EMPTY,EMPTY,0.01
985.0,cctv2,C2_S011,G017,OCCUPIED,OCCUPIED,0.8136354562911121
985.0,cctv2,C2_S012,G018,OCCUPIED,OCCUPIED,0.7944096811793068
985.0,cctv2,C2_S013,G019,EMPTY,MANEUVERING,0.49
985.0,cctv2,C2_S014,G020,EMPTY,MANEUVERING,0.2459987196597186
985.0,cctv3,C3_S001,G021,EMPTY,EMPTY,0.01
985.0,cctv3,C3_S002,G019,EMPTY,EMPTY,0.01
985.0,cctv3,C3_S003,G020,OCCUPIED,LEAVING,0.8129851636561481
985.0,cctv3,C3_S004,G024,OCCUPIED,OCCUPIED,0.737156402062286
985.0,cctv3,C3_S005,G025,OCCUPIED,OCCUPIED,0.8227400059049781
985.0,cctv3,C3_S006,G026,OCCUPIED,OCCUPIED,0.8241105114871806
985.0,cctv3,C3_S007,G027,EMPTY,EMPTY,0.01
985.0,cctv3,C3_S008,G028,EMPTY,EMPTY,0.01
985.0,cctv3,C3_S009,G029,EMPTY,MANEUVERING,0.3069095962393012
985.0,cctv3,C3_S010,G007,EMPTY,MANEUVERING,0.2225733615051616
985.0,cctv3,C3_S011,G008,OCCUPIED,LEAVING,0.7807753743095832
985.0,cctv3,C3_S012,G009,OCCUPIED,OCCUPIED,0.8191134162924507
986.0,cctv1,C1_S001,G001,OCCUPIED,OCCUPIED,0.7270793995396658
986.0,cctv1,C1_S002,G002,EMPTY,EMPTY,0.01
986.0,cctv1,C1_S003,G003,OCCUPIED,OCCUPIED,0.8366567579182712
986.0,cctv1,C1_S004,G004,OCCUPIED,OCCUPIED,0.7752743009816517
986.0,cctv1,C1_S005,G005,OCCUPIED,OCCUPIED,0.7481241492385214
986.0,cctv1,C1_S006,G006,EMPTY,MANEUVERING,0.49
986.0,cctv2,C2_S001,G007,OCCUPIED,OCCUPIED,0.6702652116435946
986.0,cctv2,C2_S002,G008,OCCUPIED,OCCUPIED,0.835432706637816
986.0,cctv2,C2_S003,G009,EMPTY,EMPTY,0.01
986.0,cctv2,C2_S004,G010,OCCUPIED,OCCUPIED,0.7932917681607334
986.0,cctv2,C2_S005,G001,EMPTY,EMPTY,0.01
986.0,cctv2,C2_S006,G003,OCCUPIED,OCCUPIED,0.8184100313620134
986.0,cctv2,C2_S007,G004,OCCUPIED,OCCUPIED,0.7939208680933173
986.0,cctv2,C2_S008,G006,OCCUPIED,OCCUPIED,0.7638797491788865
986.0,cctv2,C2_S009,G005,OCCUPIED,OCCUPIED,0.7949621308933605
986.0,cctv2,C2_S010,G002,EMPTY,EMPTY,0.01
986.0,cctv2,C2_S011,G017,OCCUPIED,OCCUPIED,0.813921011577953
986.0,cctv2,C2_S012,G018,OCCUPIED,OCCUPIED,0.7949318552559073
986.0,cctv2,C2_S013,G019,EMPTY,MANEUVERING,0.49
986.0,cctv2,C2_S014,G020,EMPTY,MANEUVERING,0.2459987196597186
986.0,cctv3,C3_S001,G021,EMPTY,EMPTY,0.01
986.0,cctv3,C3_S002,G019,EMPTY,EMPTY,0.01
986.0,cctv3,C3_S003,G020,OCCUPIED,LEAVING,0.8125025220892647
986.0,cctv3,C3_S004,G024,OCCUPIED,OCCUPIED,0.7792708601463925
986.0,cctv3,C3_S005,G025,OCCUPIED,OCCUPIED,0.8223265165632422
986.0,cctv3,C3_S006,G026,OCCUPIED,OCCUPIED,0.8238040886142037
986.0,cctv3,C3_S007,G027,EMPTY,EMPTY,0.01
986.0,cctv3,C3_S008,G028,EMPTY,EMPTY,0.01
986.0,cctv3,C3_S009,G029,EMPTY,MANEUVERING,0.3833064992310987
986.0,cctv3,C3_S010,G007,EMPTY,MANEUVERING,0.1775733615051616
986.0,cctv3,C3_S011,G008,OCCUPIED,LEAVING,0.7809277627955784
986.0,cctv3,C3_S012,G009,OCCUPIED,OCCUPIED,0.8197061129591683
987.0,cctv1,C1_S001,G001,OCCUPIED,OCCUPIED,0.7270070798695089
987.0,cctv1,C1_S002,G002,EMPTY,EMPTY,0.01
987.0,cctv1,C1_S003,G003,OCCUPIED,OCCUPIED,0.8366897840391506
987.0,cctv1,C1_S004,G004,OCCUPIED,OCCUPIED,0.7747541426257655
987.0,cctv1,C1_S005,G005,OCCUPIED,OCCUPIED,0.747836047885093
987.0,cctv1,C1_S006,G006,EMPTY,MANEUVERING,0.49
987.0,cctv2,C2_S001,G007,OCCUPIED,OCCUPIED,0.6724393824555657
987.0,cctv2,C2_S002,G008,OCCUPIED,OCCUPIED,0.8355765591968191
987.0,cctv2,C2_S003,G009,EMPTY,EMPTY,0.01
987.0,cctv2,C2_S004,G010,OCCUPIED,OCCUPIED,0.7924606409939854
987.0,cctv2,C2_S005,G001,EMPTY,EMPTY,0.01
987.0,cctv2,C2_S006,G003,OCCUPIED,OCCUPIED,0.8177547294985165
987.0,cctv2,C2_S007,G004,OCCUPIED,OCCUPIED,0.7929669843478637
987.0,cctv2,C2_S008,G006,OCCUPIED,OCCUPIED,0.7623813237656247
987.0,cctv2,C2_S009,G005,OCCUPIED,OCCUPIED,0.7953900212591345
987.0,cctv2,C2_S010,G002,EMPTY,EMPTY,0.01
987.0,cctv2,C2_S011,G017,OCCUPIED,OCCUPIED,0.8135983735322952
987.0,cctv2,C2_S012,G018,OCCUPIED,OCCUPIED,0.7956565775654534
987.0,cctv2,C2_S013,G019,EMPTY,MANEUVERING,0.49
987.0,cctv2,C2_S014,G020,EMPTY,MANEUVERING,0.2161342299661853
987.0,cctv3,C3_S001,G021,EMPTY,EMPTY,0.01
987.0,cctv3,C3_S002,G019,EMPTY,EMPTY,0.01
987.0,cctv3,C3_S003,G020,OCCUPIED,LEAVING,0.8144339897415855
987.0,cctv3,C3_S004,G024,OCCUPIED,OCCUPIED,0.7756029571999203
987.0,cctv3,C3_S005,G025,OCCUPIED,OCCUPIED,0.821140946041454
987.0,cctv3,C3_S006,G026,OCCUPIED,OCCUPIED,0.8234873782504689
987.0,cctv3,C3_S007,G027,EMPTY,EMPTY,0.01
987.0,cctv3,C3_S008,G028,EMPTY,EMPTY,0.01
987.0,cctv3,C3_S009,G029,EMPTY,MANEUVERING,0.3833064992310987
987.0,cctv3,C3_S010,G007,EMPTY,MANEUVERING,0.2771601148627021
987.0,cctv3,C3_S011,G008,OCCUPIED,LEAVING,0.7005895170975815
987.0,cctv3,C3_S012,G009,OCCUPIED,OCCUPIED,0.8203376089984721
988.0,cctv1,C1_S001,G001,OCCUPIED,OCCUPIED,0.7261593071574515
988.0,cctv1,C1_S002,G002,EMPTY,EMPTY,0.01
988.0,cctv1,C1_S003,G003,OCCUPIED,OCCUPIED,0.8367356741970237
988.0,cctv1,C1_S004,G004,OCCUPIED,OCCUPIED,0.7734133794903756
988.0,cctv1,C1_S005,G005,OCCUPIED,OCCUPIED,0.7433104553683239
988.0,cctv1,C1_S006,G006,EMPTY,MANEUVERING,0.49
988.0,cctv2,C2_S001,G007,OCCUPIED,OCCUPIED,0.7536473803628575
988.0,cctv2,C2_S002,G008,OCCUPIED,OCCUPIED,0.8355716824531556
988.0,cctv2,C2_S003,G009,EMPTY,EMPTY,0.01
988.0,cctv2,C2_S004,G010,OCCUPIED,OCCUPIED,0.795406537977132
988.0,cctv2,C2_S005,G001,EMPTY,EMPTY,0.01
988.0,cctv2,C2_S006,G003,OCCUPIED,OCCUPIED,0.8174780198118904
988.0,cctv2,C2_S007,G004,OCCUPIED,OCCUPIED,0.7922040202400902
988.0,cctv2,C2_S008,G006,OCCUPIED,OCCUPIED,0.7625187512148511
988.0,cctv2,C2_S009,G005,OCCUPIED,OCCUPIED,0.7955347565087406
988.0,cctv2,C2_S010,G002,EMPTY,EMPTY,0.01
988.0,cctv2,C2_S011,G017,OCCUPIED,OCCUPIED,0.8133071652867578
988.0,cctv2,C2_S012,G018,OCCUPIED,OCCUPIED,0.7959854407743975
988.0,cctv2,C2_S013,G019,EMPTY,MANEUVERING,0.4157901271635835
988.0,cctv2,C2_S014,G020,EMPTY,MANEUVERING,0.2044385815750469
988.0,cctv3,C3_S001,G021,EMPTY,EMPTY,0.01
988.0,cctv3,C3_S002,G019,EMPTY,EMPTY,0.01
988.0,cctv3,C3_S003,G020,OCCUPIED,LEAVING,0.8143824303692038
988.0,cctv3,C3_S004,G024,OCCUPIED,OCCUPIED,0.6952126701492252
988.0,cctv3,C3_S005,G025,OCCUPIED,OCCUPIED,0.8193117087537592
988.0,cctv3,C3_S006,G026,OCCUPIED,OCCUPIED,0.8230265341021799
988.0,cctv3,C3_S007,G027,EMPTY,EMPTY,0.01
988.0,cctv3,C3_S008,G028,EMPTY,EMPTY,0.01
988.0,cctv3,C3_S009,G029,EMPTY,MANEUVERING,0.4611856730858033
988.0,cctv3,C3_S010,G007,EMPTY,MANEUVERING,0.2771601148627021
988.0,cctv3,C3_S011,G008,OCCUPIED,LEAVING,0.7000519621778618
988.0,cctv3,C3_S012,G009,OCCUPIED,OCCUPIED,0.8200883521275087
989.0,cctv1,C1_S001,G001,OCCUPIED,OCCUPIED,0.7272542399438945
989.0,cctv1,C1_S002,G002,EMPTY,EMPTY,0.01
989.0,cctv1,C1_S003,G003,OCCUPIED,OCCUPIED,0.8367730463092978
989.0,cctv1,C1_S004,G004,OCCUPIED,OCCUPIED,0.7745192246003585
989.0,cctv1,C1_S005,G005,OCCUPIED,OCCUPIED,0.7435972765765407
989.0,cctv1,C1_S006,G006,EMPTY,MANEUVERING,0.49
989.0,cctv2,C2_S001,G007,OCCUPIED,OCCUPIED,0.7528779735077512
989.0,cctv2,C2_S002,G008,OCCUPIED,OCCUPIED,0.835610529780388
989.0,cctv2,C2_S003,G009,EMPTY,EMPTY,0.01
989.0,cctv2,C2_S004,G010,OCCUPIED,OCCUPIED,0.793576787818562
989.0,cctv2,C2_S005,G001,EMPTY,EMPTY,0.01
989.0,cctv2,C2_S006,G003,OCCUPIED,OCCUPIED,0.817319543524222
989.0,cctv2,C2_S007,G004,OCCUPIED,OCCUPIED,0.791596577113325
989.0,cctv2,C2_S008,G006,OCCUPIED,OCCUPIED,0.7631668594750491
989.0,cctv2,C2_S009,G005,OCCUPIED,OCCUPIED,0.7971637132492932
989.0,cctv2,C2_S010,G002,EMPTY,EMPTY,0.01
989.0,cctv2,C2_S011,G017,OCCUPIED,OCCUPIED,0.8132808674465527
989.0,cctv2,C2_S012,G018,OCCUPIED,OCCUPIED,0.7966321116144007
989.0,cctv2,C2_S013,G019,EMPTY,MANEUVERING,0.3329442328079181
989.0,cctv2,C2_S014,G020,EMPTY,MANEUVERING,0.2044385815750469
989.0,cctv3,C3_S001,G021,EMPTY,EMPTY,0.01
989.0,cctv3,C3_S002,G019,EMPTY,EMPTY,0.01
989.0,cctv3,C3_S003,G020,OCCUPIED,LEAVING,0.8168118143623526
989.0,cctv3,C3_S004,G024,OCCUPIED,OCCUPIED,0.6966024766185067
989.0,cctv3,C3_S005,G025,OCCUPIED,OCCUPIED,0.8183698388663205
989.0,cctv3,C3_S006,G026,OCCUPIED,OCCUPIED,0.8227899307554419
989.0,cctv3,C3_S007,G027,EMPTY,EMPTY,0.01
989.0,cctv3,C3_S008,G028,EMPTY,EMPTY,0.01
989.0,cctv3,C3_S009,G029,EMPTY,MANEUVERING,0.49
989.0,cctv3,C3_S010,G007,EMPTY,MANEUVERING,0.2771601148627021
989.0,cctv3,C3_S011,G008,OCCUPIED,LEAVING,0.7014725391973149
989.0,cctv3,C3_S012,G009,OCCUPIED,OCCUPIED,0.8195609826933254
990.0,cctv1,C1_S001,G001,OCCUPIED,OCCUPIED,0.7279883900149303
990.0,cctv1,C1_S002,G002,EMPTY,EMPTY,0.01
990.0,cctv1,C1_S003,G003,OCCUPIED,OCCUPIED,0.836822083592415
990.0,cctv1,C1_S004,G004,OCCUPIED,OCCUPIED,0.772576373002746
990.0,cctv1,C1_S005,G005,OCCUPIED,OCCUPIED,0.7442058413543485
990.0,cctv1,C1_S006,G006,EMPTY,MANEUVERING,0.49
990.0,cctv2,C2_S001,G007,OCCUPIED,OCCUPIED,0.7524410961974751
990.0,cctv2,C2_S002,G008,OCCUPIED,OCCUPIED,0.8358257518573241
990.0,cctv2,C2_S003,G009,EMPTY,EMPTY,0.01
990.0,cctv2,C2_S004,G010,OCCUPIED,OCCUPIED,0.7947510312904011
990.0,cctv2,C2_S005,G001,EMPTY,EMPTY,0.01
990.0,cctv2,C2_S006,G003,OCCUPIED,OCCUPIED,0.817399045012214
990.0,cctv2,C2_S007,G004,OCCUPIED,OCCUPIED,0.7917031315239994
990.0,cctv2,C2_S008,G006,OCCUPIED,OCCUPIED,0.7636902803724464
990.0,cctv2,C2_S009,G005,OCCUPIED,OCCUPIED,0.7972607596354052
990.0,cctv2,C2_S010,G002,EMPTY,EMPTY,0.01
990.0,cctv2,C2_S011,G017,OCCUPIED,OCCUPIED,0.8135099882429297
990.0,cctv2,C2_S012,G018,OCCUPIED,OCCUPIED,0.7966716181148183
990.0,cctv2,C2_S013,G019,EMPTY,MANEUVERING,0.2967496419223872
990.0,cctv2,C2_S014,G020,EMPTY,MANEUVERING,0.2044385815750469
990.0,cctv3,C3_S001,G021,EMPTY,EMPTY,0.01
990.0,cctv3,C3_S002,G019,EMPTY,EMPTY,0.01
990.0,cctv3,C3_S003,G020,OCCUPIED,LEAVING,0.8188918040557341
990.0,cctv3,C3_S004,G024,OCCUPIED,OCCUPIED,0.700696982921976
990.0,cctv3,C3_S005,G025,OCCUPIED,OCCUPIED,0.8178695556792347
990.0,cctv3,C3_S006,G026,OCCUPIED,OCCUPIED,0.8225251089442861
990.0,cctv3,C3_S007,G027,EMPTY,EMPTY,0.01
990.0,cctv3,C3_S008,G028,EMPTY,EMPTY,0.01
990.0,cctv3,C3_S009,G029,EMPTY,MANEUVERING,0.49
990.0,cctv3,C3_S010,G007,EMPTY,MANEUVERING,0.2771601148627021
990.0,cctv3,C3_S011,G008,OCCUPIED,LEAVING,0.7007852839339863
990.0,cctv3,C3_S012,G009,OCCUPIED,OCCUPIED,0.8192640312693337
