time_sec,timestamp,cctv,local_id,global_id,initial_state,detected,det_conf,det_center_x,det_center_y,track_id,track_age_sec,track_speed_px_s,track_motion_span_px,full_detected,full_det_conf,full_center_x,full_center_y,full_track_id,full_track_age_sec,full_track_speed_px_s,full_track_motion_span_px,full_match_score,full_occupancy_score,aux_requested,aux_trigger_reason,recent_full_hit_ratio,crop_detected,crop_det_conf,crop_center_x,crop_center_y,crop_score,crop_center_distance_px,crop_occupancy_score,aux_crop_detected,aux_crop_det_conf,aux_support_scales,aux_total_scales,aux_best_scale,aux_mean_conf_supported,aux_max_conf_supported,crop_x1,crop_y1,crop_x2,crop_y2,crop_core_radius_px,visual_diff_initial
900.0,15:00,cctv1,C1_S001,G001,UNKNOWN,1,0.8021429181098938,39.19271816313267,86.77912712097168,2,0.0,0.0,0.0,1,0.8021429181098938,39.19271816313267,86.77912712097168,2,0.0,0.0,0.0,0.7958713416051464,0.9098354293785976,0,SKIPPED,1.0,0,0.0,,,0.0,,0.0,0,0.0,0,0,1.0,0.0,0.0,0,0,149,202,62.82492817345676,0.1899017691612243
900.0,15:00,cctv1,C1_S002,G002,UNKNOWN,0,0.0,,,-1,0.0,0.0,0.0,0,0.0,,,-1,0.0,0.0,0.0,0.0,0.0,1,PERIODIC_AUDIT,0.0,0,0.0,,,0.0,,0.0,0,0.0,0,2,1.0,0.0,0.0,0,0,143,297,62.82492817345676,0.1276845782995224
900.0,15:00,cctv1,C1_S003,G003,UNKNOWN,1,0.9147537350654602,471.67943572998047,64.94987297058105,1,0.0,0.0,0.0,1,0.9147537350654602,471.67943572998047,64.94987297058105,1,0.0,0.0,0.0,0.8162222297543407,0.9439035098234556,0,SKIPPED,1.0,0,0.0,,,0.0,,0.0,0,0.0,0,0,1.0,0.0,0.0,170,0,674,208,105.0,0.1825293749570846
900.0,15:00,cctv1,C1_S004,G004,UNKNOWN,1,0.5540425777435303,647.4238662719727,75.33962059020996,3,0.0,0.0,0.0,1,0.5540425777435303,647.4238662719727,75.33962059020996,3,0.0,0.0,0.0,0.9937711727571314,0.8784703070870369,0,SKIPPED,1.0,0,0.0,,,0.0,,0.0,0,0.0,0,0,1.0,0.0,0.0,561,0,719,153,37.10702898373837,0.1858813315629959
900.0,15:00,cctv1,C1_S005,G005,UNKNOWN,1,0.4588648676872253,671.1379776000977,123.87010955810548,4,0.0,0.0,0.0,1,0.4588648676872253,671.1379776000977,123.87010955810548,4,0.0,0.0,0.0,0.5929091129777476,0.7806171546115455,0,SKIPPED,1.0,0,0.0,,,0.0,,0.0,0,0.0,0,0,1.0,0.0,0.0,566,20,724,209,37.10702898373837,0.1338330805301666
900.0,15:00,cctv1,C1_S006,G006,UNKNOWN,0,0.0,,,-1,0.0,0.0,0.0,0,0.0,,,-1,0.0,0.0,0.0,0.0,0.0,1,PERIODIC_AUDIT,0.0,1,0.0684653222560882,690.7850303649902,117.8028392791748,0.0505419850110637,61.37658401394074,0.0684653222560882,1,0.0684653222560882,2,2,1.0,0.0537201259285211,0.0684653222560882,597,0,812,229,70.3356893760202,0.167260929942131
900.0,15:00,cctv2,C2_S001,G007,UNKNOWN,1,0.7217223048210144,38.34676876664162,298.586181640625,3,0.0,0.0,0.0,1,0.7217223048210144,38.34676876664162,298.586181640625,3,0.0,0.0,0.0,0.967505084887104,0.9190159375813528,0,SKIPPED,1.0,0,0.0,,,0.0,,0.0,0,0.0,0,0,1.0,0.0,0.0,0,78,175,404,64.07440986852708,0.1855004429817199
900.0,15:00,cctv2,C2_S002,G008,UNKNOWN,1,0.865498423576355,83.30984325706959,194.20064544677732,2,0.0,0.0,0.0,1,0.865498423576355,83.30984325706959,194.20064544677732,2,0.0,0.0,0.0,0.6166040433554327,0.8946733021695938,0,SKIPPED,1.0,0,0.0,,,0.0,,0.0,0,0.0,0,0,1.0,0.0,0.0,0,43,242,337,57.87714574855951,0.1665056049823761
900.0,15:00,cctv2,C2_S003,G009,UNKNOWN,1,0.1732290536165237,181.01297760009768,166.21826934814453,12,0.0,0.0,0.0,1,0.1732290536165237,181.01297760009768,166.21826934814453,12,0.0,0.0,0.0,0.9955671319422624,0.7759739282260687,1,WEAK_FULL,1.0,1,0.5259024500846863,177.17009887844324,154.67983436584473,0.4956616444714946,6.025985623334575,0.5259024500846863,1,0.5259024500846863,1,2,1.55,0.5259024500846863,0.5259024500846863,77,18,283,266,31.43845416047042,0.1645683646202087
900.0,15:00,cctv2,C2_S004,G010,UNKNOWN,1,0.568276584148407,207.1003646850586,127.11988830566406,9,0.0,0.0,0.0,1,0.568276584148407,207.1003646850586,127.11988830566406,9,0.0,0.0,0.0,0.8520392052838861,0.8568017346711694,0,SKIPPED,1.0,0,0.0,,,0.0,,0.0,0,0.0,0,0,1.0,0.0,0.0,153,44,281,188,24.20499948357777,0.0604897402226924
900.0,15:00,cctv2,C2_S005,G001,UNKNOWN,0,0.0,,,-1,0.0,0.0,0.0,0,0.0,,,-1,0.0,0.0,0.0,0.0,0.0,1,PERIODIC_AUDIT,0.0,0,0.0,,,0.0,,0.0,0,0.0,0,2,1.0,0.0,0.0,186,28,314,172,24.20499948357777,0.0632756575942039
900.0,15:00,cctv2,C2_S006,G003,UNKNOWN,1,0.690015971660614,402.9463195800781,90.2153434753418,4,0.0,0.0,0.0,1,0.690015971660614,402.9463195800781,90.2153434753418,4,0.0,0.0,0.0,1.0,0.9163043123483658,0,SKIPPED,1.0,0,0.0,,,0.0,,0.0,0,0.0,0,0,1.0,0.0,0.0,330,0,476,161,34.54770614671834,0.107527457177639
900.0,15:00,cctv2,C2_S007,G004,UNKNOWN,1,0.6701096296310425,449.8863677978516,84.03801727294922,7,0.0,0.0,0.0,1,0.6701096296310425,449.8863677978516,84.03801727294922,7,0.0,0.0,0.0,1.0,0.9109296000003816,0,SKIPPED,1.0,0,0.0,,,0.0,,0.0,0,0.0,0,0,1.0,0.0,0.0,382,0,528,154,34.3453752345203,0.180298238992691
900.0,15:00,cctv2,C2_S008,G006,UNKNOWN,1,0.4656707644462585,503.1929473876953,92.17713928222656,11,0.0,0.0,0.0,1,0.4656707644462585,503.1929473876953,92.17713928222656,11,0.0,0.0,0.0,1.0,0.8557311064004899,0,SKIPPED,1.0,0,0.0,,,0.0,,0.0,0,0.0,0,0,1.0,0.0,0.0,434,0,580,156,34.3453752345203,0.1874252259731292
900.0,15:00,cctv2,C2_S009,G005,UNKNOWN,1,0.616631031036377,576.5029602050781,101.34123229980467,8,0.0,0.0,0.0,1,0.616631031036377,576.5029602050781,101.34123229980467,8,0.0,0.0,0.0,1.0,0.8964903783798219,0,SKIPPED,1.0,0,0.0,,,0.0,,0.0,0,0.0,0,0,1.0,0.0,0.0,481,0,661,182,42.65561158862923,0.1384910494089126
900.0,15:00,cctv2,C2_S010,G002,UNKNOWN,1,0.6845963001251221,671.4582214355469,142.44863891601562,5,0.0,0.0,0.0,1,0.6845963001251221,671.4582214355469,142.44863891601562,5,0.0,0.0,0.0,0.4838619193028209,0.8219361465082908,0,SKIPPED,1.0,0,0.0,,,0.0,,0.0,0,0.0,0,0,1.0,0.0,0.0,584,61,712,205,24.853184906566806,0.1865639984607696
900.0,15:00,cctv2,C2_S011,G017,UNKNOWN,1,0.6758897304534912,708.006591796875,155.4682731628418,6,0.0,0.0,0.0,1,0.6758897304534912,708.006591796875,155.4682731628418,6,0.0,0.0,0.0,0.4308238312852904,0.8100385168537949,0,SKIPPED,1.0,0,0.0,,,0.0,,0.0,0,0.0,0,0,1.0,0.0,0.0,621,68,749,212,24.853184906566806,0.1513599008321762
900.0,15:00,cctv2,C2_S012,G018,UNKNOWN,0,0.0,,,-1,0.0,0.0,0.0,0,0.0,,,-1,0.0,0.0,0.0,0.0,0.0,1,PERIODIC_AUDIT,0.0,1,0.6608304381370544,745.6162242889404,173.29052138328552,0.5339864499879752,25.14617283773454,0.6608304381370544,1,0.6608304381370544,2,2,1.0,0.476929098367691,0.6608304381370544,647,71,813,270,39.30187781773283,0.179589495062828
900.0,15:00,cctv2,C2_S013,G019,UNKNOWN,1,0.5137587785720825,773.1030883789062,232.8961334228516,10,0.0,0.0,0.0,1,0.5137587785720825,773.1030883789062,232.8961334228516,10,0.0,0.0,0.0,0.4584353644818462,0.7712332358211946,0,SKIPPED,1.0,0,0.0,,,0.0,,0.0,0,0.0,0,0,1.0,0.0,0.0,702,75,861,370,58.11748790166348,0.2050025463104248
900.0,15:00,cctv2,C2_S014,G020,UNKNOWN,0,0.0,,,-1,0.0,0.0,0.0,0,0.0,,,-1,0.0,0.0,0.0,0.0,0.0,1,PERIODIC_AUDIT,0.0,0,0.0,,,0.0,,0.0,0,0.0,0,2,1.0,0.0,0.0,725,160,861,455,58.11748790166348,0.0932815447449684
900.0,15:00,cctv3,C3_S001,G021,UNKNOWN,1,0.682554304599762,32.35557176172733,273.0139465332031,8,0.0,0.0,0.0,1,0.682554304599762,32.35557176172733,273.0139465332031,8,0.0,0.0,0.0,1.0,0.914289662241936,0,SKIPPED,1.0,0,0.0,,,0.0,,0.0,0,0.0,0,0,1.0,0.0,0.0,0,47,188,433,75.98890445321607,0.25160613656044
900.0,15:00,cctv3,C3_S002,G019,UNKNOWN,0,0.0,,,-1,0.0,0.0,0.0,0,0.0,,,-1,0.0,0.0,0.0,0.0,0.0,1,PERIODIC_AUDIT,0.0,1,0.7576115727424622,153.24831008911133,216.21911716461184,0.5303281009197235,37.4854055052115,0.7576115727424622,1,0.7576115727424622,2,2,1.55,0.513798862695694,0.7576115727424622,38,125,236,348,24.0,0.1693031191825866
900.0,15:00,cctv3,C3_S003,G020,UNKNOWN,1,0.835823655128479,118.83387914299963,217.0044174194336,5,0.0,0.0,0.0,1,0.835823655128479,118.83387914299963,217.0044174194336,5,0.0,0.0,0.0,0.0994719207068398,0.7935773326119205,0,SKIPPED,1.0,0,0.0,,,0.0,,0.0,0,0.0,0,0,1.0,0.0,0.0,91,133,219,277,24.0,0.2134534418582916
900.0,15:00,cctv3,C3_S004,G024,UNKNOWN,1,0.8511773347854614,224.0545883178711,158.333984375,3,0.0,0.0,0.0,1,0.8511773347854614,224.0545883178711,158.333984375,3,0.0,0.0,0.0,0.9600014564487414,0.952618142552848,0,SKIPPED,1.0,0,0.0,,,0.0,,0.0,0,0.0,0,0,1.0,0.0,0.0,144,17,336,248,45.46341386213755,0.115880012512207
900.0,15:00,cctv3,C3_S005,G025,UNKNOWN,1,0.8532235622406006,311.9891815185547,135.6616973876953,2,0.0,0.0,0.0,1,0.8532235622406006,311.9891815185547,135.6616973876953,2,0.0,0.0,0.0,0.983192912108452,0.9573450859844836,0,SKIPPED,1.0,0,0.0,,,0.0,,0.0,0,0.0,0,0,1.0,0.0,0.0,205,0,397,216,45.46341386213755,0.0919359251856803
900.0,15:00,cctv3,C3_S006,G026,UNKNOWN,1,0.8297826647758484,415.7448425292969,121.6889305114746,6,0.0,0.0,0.0,1,0.8297826647758484,415.7448425292969,121.6889305114746,6,0.0,0.0,0.0,0.821444365628182,0.921901305302552,0,SKIPPED,1.0,0,0.0,,,0.0,,0.0,0,0.0,0,0,1.0,0.0,0.0,263,0,515,225,59.28255055241804,0.0692962557077407
900.0,15:00,cctv3,C3_S007,G027,UNKNOWN,0,0.0,,,-1,0.0,0.0,0.0,0,0.0,,,-1,0.0,0.0,0.0,0.0,0.0,1,PERIODIC_AUDIT,0.0,0,0.0,,,0.0,,0.0,0,0.0,0,2,1.0,0.0,0.0,548,40,676,184,24.0,0.0726589262485504
900.0,15:00,cctv3,C3_S008,G028,UNKNOWN,0,0.0,,,-1,0.0,0.0,0.0,0,0.0,,,-1,0.0,0.0,0.0,0.0,0.0,1,PERIODIC_AUDIT,0.0,0,0.0,,,0.0,,0.0,0,0.0,0,2,1.0,0.0,0.0,556,56,684,200,24.0,0.0843310356140136
900.0,15:00,cctv3,C3_S009,G029,UNKNOWN,0,0.0,,,-1,0.0,0.0,0.0,0,0.0,,,-1,0.0,0.0,0.0,0.0,0.0,1,PERIODIC_AUDIT,0.0,0,0.0,,,0.0,,0.0,0,0.0,0,2,1.0,0.0,0.0,578,67,706,211,24.0,0.0934923812747001
900.0,15:00,cctv3,C3_S010,G007,UNKNOWN,0,0.0,,,-1,0.0,0.0,0.0,0,0.0,,,-1,0.0,0.0,0.0,0.0,0.0,1,PERIODIC_AUDIT,0.0,1,0.1245808824896812,682.774124622345,167.15983200073242,0.1090193287623879,12.427131403339652,0.1245808824896812,1,0.1245808824896812,1,2,1.55,0.1245808824896812,0.1245808824896812,580,44,778,279,29.84630630413084,0.0919385775923729
900.0,15:00,cctv3,C3_S011,G008,UNKNOWN,1,0.567781925201416,721.2332763671875,169.15413665771484,9,0.0,0.0,0.0,1,0.567781925201416,721.2332763671875,169.15413665771484,9,0.0,0.0,0.0,0.4867758755261804,0.7909207773990948,0,SKIPPED,1.0,0,0.0,,,0.0,,0.0,0,0.0,0,0,1.0,0.0,0.0,648,76,824,286,41.34888148426751,0.0692456364631652
900.0,15:00,cctv3,C3_S012,G009,UNKNOWN,1,0.8393990993499756,858.606689453125,233.6740264892578,4,0.0,0.0,0.0,1,0.8393990993499756,858.606689453125,233.6740264892578,4,0.0,0.0,0.0,0.8745943259146377,0.9340647354891284,0,SKIPPED,1.0,0,0.0,,,0.0,,0.0,0,0.0,0,0,1.0,0.0,0.0,668,6,926,435,84.56503532784694,0.0906256288290023
901.0,15:01,cctv1,C1_S001,G001,UNKNOWN,1,0.7970386147499084,39.1552973613143,86.87352180480957,2,1.0,0.1015414828805701,0.1015414828805701,1,0.7970386147499084,39.1552973613143,86.87352180480957,2,1.0,0.1015414828805701,0.1015414828805701,0.7956635082864332,0.9084198574740332,0,SKIPPED,1.0,0,0.0,,,0.0,,0.0,0,0.0,0,0,1.0,0.0,0.0,0,0,149,202,62.82492817345676,0.1942736357450485
901.0,15:01,cctv1,C1_S002,G002,UNKNOWN,0,0.0,,,-1,0.0,0.0,0.0,0,0.0,,,-1,0.0,0.0,0.0,0.0,0.0,0,SKIPPED,0.0,0,0.0,,,0.0,,0.0,0,0.0,0,0,1.0,0.0,0.0,0,0,143,297,62.82492817345676,0.1287200003862381
901.0,15:01,cctv1,C1_S003,G003,UNKNOWN,1,0.9169683456420898,471.5064125061035,64.91277885437012,1,1.0,0.1769548232127194,0.1769548232127194,1,0.9169683456420898,471.5064125061035,64.91277885437012,1,1.0,0.1769548232127194,0.1769548232127194,0.8175647144807225,0.9447431019298944,0,SKIPPED,1.0,0,0.0,,,0.0,,0.0,0,0.0,0,0,1.0,0.0,0.0,170,0,674,208,105.0,0.1859920024871826
901.0,15:01,cctv1,C1_S004,G004,UNKNOWN,1,0.5386877059936523,646.8961868286133,75.36647987365723,3,1.0,0.5283625801013546,0.5283625801013546,1,0.5386877059936523,646.8961868286133,75.36647987365723,3,1.0,0.5283625801013546,0.5283625801013546,0.9971834319873406,0.8749386983760075,0,SKIPPED,1.0,0,0.0,,,0.0,,0.0,0,0.0,0,0,1.0,0.0,0.0,561,0,719,153,37.10702898373837,0.1899970769882202
901.0,15:01,cctv1,C1_S005,G005,UNKNOWN,1,0.6255866885185242,671.9351119995117,122.44025421142578,4,1.0,1.6370429325945326,1.6370429325945326,1,0.6255866885185242,671.9351119995117,122.44025421142578,4,1.0,1.6370429325945326,1.6370429325945326,0.583957686280058,0.824020789430412,0,SKIPPED,1.0,0,0.0,,,0.0,,0.0,0,0.0,0,0,1.0,0.0,0.0,566,20,724,209,37.10702898373837,0.1360205709934234
901.0,15:01,cctv1,C1_S006,G006,UNKNOWN,0,0.0,,,-1,0.0,0.0,0.0,0,0.0,,,-1,0.0,0.0,0.0,0.0,0.0,0,SKIPPED,0.0,0,0.0,,,0.0,,0.0,0,0.0,0,0,1.0,0.0,0.0,597,0,812,229,70.3356893760202,0.1688336282968521
901.0,15:01,cctv2,C2_S001,G007,UNKNOWN,1,0.6952988505363464,38.15312774479389,297.42137908935547,3,1.0,1.1807886469585656,1.1807886469585656,1,0.6952988505363464,38.15312774479389,297.42137908935547,3,1.0,1.1807886469585656,1.1807886469585656,0.974125146024752,0.9130732159292688,0,SKIPPED,1.0,0,0.0,,,0.0,,0.0,0,0.0,0,0,1.0,0.0,0.0,0,78,175,404,64.07440986852708,0.1892159134149551
901.0,15:01,cctv2,C2_S002,G008,UNKNOWN,1,0.8568965792655945,83.2809140831232,199.15896224975583,2,1.0,4.958401195527073,4.958401195527073,1,0.8568965792655945,83.2809140831232,199.15896224975583,2,1.0,4.958401195527073,4.958401195527073,0.6513648603535205,0.8986077512653443,0,SKIPPED,1.0,0,0.0,,,0.0,,0.0,0,0.0,0,0,1.0,0.0,0.0,0,43,242,337,57.87714574855951,0.1695134043693542
901.0,15:01,cctv2,C2_S003,G009,UNKNOWN,0,0.0,,,-1,0.0,0.0,0.0,0,0.0,,,-1,0.0,0.0,0.0,0.0,0.0,1,RECENT_FULL_MISS,0.5,1,0.538757860660553,177.63179321587086,152.47089195251465,0.498180544071063,7.892773363216758,0.538757860660553,1,0.538757860660553,2,2,1.55,0.3112099319696426,0.538757860660553,77,18,283,266,31.43845416047042,0.1702063530683517
901.0,15:01,cctv2,C2_S004,G010,UNKNOWN,1,0.6158633232116699,208.5308074951172,129.48236846923828,9,1.0,2.761789122313649,2.761789122313649,1,0.6158633232116699,208.5308074951172,129.48236846923828,9,1.0,2.761789122313649,2.761789122313649,0.91091356855008,0.8802475396061653,0,SKIPPED,1.0,0,0.0,,,0.0,,0.0,0,0.0,0,0,1.0,0.0,0.0,153,44,281,188,24.20499948357777,0.0611610077321529
901.0,15:01,cctv2,C2_S005,G001,UNKNOWN,0,0.0,,,-1,0.0,0.0,0.0,0,0.0,,,-1,0.0,0.0,0.0,0.0,0.0,0,SKIPPED,0.0,0,0.0,,,0.0,,0.0,0,0.0,0,0,1.0,0.0,0.0,186,28,314,172,24.20499948357777,0.0623524524271488
901.0,15:01,cctv2,C2_S006,G003,UNKNOWN,1,0.6984080076217651,403.7771453857422,89.8855209350586,4,1.0,0.8938984435808152,0.8938984435808152,1,0.6984080076217651,403.7771453857422,89.8855209350586,4,1.0,0.8938984435808152,0.8938984435808152,1.0,0.9185701620578768,0,SKIPPED,1.0,0,0.0,,,0.0,,0.0,0,0.0,0,0,1.0,0.0,0.0,330,0,476,161,34.54770614671834,0.1099890619516372
901.0,15:01,cctv2,C2_S007,G004,UNKNOWN,1,0.6653079986572266,450.26263427734375,84.16508483886719,7,1.0,0.3971430849174666,0.3971430849174666,1,0.6653079986572266,450.26263427734375,84.16508483886719,7,1.0,0.3971430849174666,0.3971430849174666,1.0,0.9096331596374512,0,SKIPPED,1.0,0,0.0,,,0.0,,0.0,0,0.0,0,0,1.0,0.0,0.0,382,0,528,154,34.3453752345203,0.1878208070993423
901.0,15:01,cctv2,C2_S008,G006,UNKNOWN,1,0.494827002286911,503.2004089355469,92.79669189453124,11,1.0,0.6195975420463703,0.6195975420463703,1,0.494827002286911,503.2004089355469,92.79669189453124,11,1.0,0.6195975420463703,0.6195975420463703,1.0,0.863603290617466,0,SKIPPED,1.0,0,0.0,,,0.0,,0.0,0,0.0,0,0,1.0,0.0,0.0,434,0,580,156,34.3453752345203,0.1855735182762146
901.0,15:01,cctv2,C2_S009,G005,UNKNOWN,1,0.6425472497940063,576.5051574707031,101.01895523071288,8,1.0,0.3222845594170245,0.3222845594170245,1,0.6425472497940063,576.5051574707031,101.01895523071288,8,1.0,0.3222845594170245,0.3222845594170245,1.0,0.9034877574443818,0,SKIPPED,1.0,0,0.0,,,0.0,,0.0,0,0.0,0,0,1.0,0.0,0.0,481,0,661,182,42.65561158862923,0.1426712274551391
901.0,15:01,cctv2,C2_S010,G002,UNKNOWN,1,0.78191077709198,669.7462158203125,142.3876609802246,5,1.0,1.713091222103296,1.713091222103296,1,0.78191077709198,669.7462158203125,142.3876609802246,5,1.0,1.713091222103296,1.713091222103296,0.5400150914285067,0.8583186262719659,0,SKIPPED,1.0,0,0.0,,,0.0,,0.0,0,0.0,0,0,1.0,0.0,0.0,584,61,712,205,24.853184906566806,0.1891174167394638
901.0,15:01,cctv2,C2_S011,G017,UNKNOWN,1,0.7522337436676025,708.066162109375,155.13873291015625,6,1.0,0.334881173360644,0.334881173360644,1,0.7522337436676025,708.066162109375,155.13873291015625,6,1.0,0.334881173360644,0.334881173360644,0.4348196208386764,0.8313706425412144,0,SKIPPED,1.0,0,0.0,,,0.0,,0.0,0,0.0,0,0,1.0,0.0,0.0,621,68,749,212,24.853184906566806,0.157221108675003
901.0,15:01,cctv2,C2_S012,G018,UNKNOWN,0,0.0,,,-1,0.0,0.0,0.0,0,0.0,,,-1,0.0,0.0,0.0,0.0,0.0,0,SKIPPED,0.0,0,0.0,,,0.0,,0.0,0,0.0,0,0,1.0,0.0,0.0,647,71,813,270,39.30187781773283,0.1781015396118164
901.0,15:01,cctv2,C2_S013,G019,UNKNOWN,1,0.694848895072937,771.9191284179688,233.8672637939453,10,1.0,1.5312920644879642,1.5312920644879642,1,0.694848895072937,771.9191284179688,233.8672637939453,10,1.0,1.5312920644879642,1.5312920644879642,0.4651387991989301,0.8213341855255005,0,SKIPPED,1.0,0,0.0,,,0.0,,0.0,0,0.0,0,0,1.0,0.0,0.0,702,75,861,370,58.11748790166348,0.2051872760057449
901.0,15:01,cctv2,C2_S014,G020,UNKNOWN,0,0.0,,,-1,0.0,0.0,0.0,0,0.0,,,-1,0.0,0.0,0.0,0.0,0.0,0,SKIPPED,0.0,0,0.0,,,0.0,,0.0,0,0.0,0,0,1.0,0.0,0.0,725,160,861,455,58.11748790166348,0.1018762737512588
901.0,15:01,cctv3,C3_S001,G021,UNKNOWN,1,0.5602425336837769,31.90409156680107,272.80664825439453,8,1.0,0.496796681558624,0.496796681558624,1,0.5602425336837769,31.90409156680107,272.80664825439453,8,1.0,0.496796681558624,0.496796681558624,1.0,0.8812654840946198,0,SKIPPED,1.0,0,0.0,,,0.0,,0.0,0,0.0,0,0,1.0,0.0,0.0,0,47,188,433,75.98890445321607,0.2553671300411224
901.0,15:01,cctv3,C3_S002,G019,UNKNOWN,0,0.0,,,-1,0.0,0.0,0.0,0,0.0,,,-1,0.0,0.0,0.0,0.0,0.0,0,SKIPPED,0.0,0,0.0,,,0.0,,0.0,0,0.0,0,0,1.0,0.0,0.0,73,164,201,308,24.0,0.166616141796112
901.0,15:01,cctv3,C3_S003,G020,UNKNOWN,1,0.838527500629425,118.78248465061188,216.90887451171875,5,1.0,0.1084888983371287,0.1084888983371287,1,0.838527500629425,118.78248465061188,216.90887451171875,5,1.0,0.1084888983371287,0.1084888983371287,0.0981418430785353,0.7940679569240812,0,SKIPPED,1.0,0,0.0,,,0.0,,0.0,0,0.0,0,0,1.0,0.0,0.0,91,133,219,277,24.0,0.2121540457010269
901.0,15:01,cctv3,C3_S004,G024,UNKNOWN,1,0.8504500389099121,222.3642616271973,158.44887924194336,3,1.0,1.694227007119845,1.694227007119845,1,0.8504500389099121,222.3642616271973,158.44887924194336,3,1.0,1.694227007119845,1.694227007119845,0.9342974314590768,0.9477950481683102,0,SKIPPED,1.0,0,0.0,,,0.0,,0.0,0,0.0,0,0,1.0,0.0,0.0,144,17,336,248,45.46341386213755,0.1171877458691597
901.0,15:01,cctv3,C3_S005,G025,UNKNOWN,1,0.8553839921951294,311.97418212890625,135.36266326904297,2,1.0,0.2994100629705181,0.2994100629705181,1,0.8553839921951294,311.97418212890625,135.36266326904297,2,1.0,0.2994100629705181,0.2994100629705181,0.9854124550961768,0.9583279198099968,0,SKIPPED,1.0,0,0.0,,,0.0,,0.0,0,0.0,0,0,1.0,0.0,0.0,205,0,397,216,45.46341386213755,0.092557892203331
901.0,15:01,cctv3,C3_S006,G026,UNKNOWN,1,0.845666229724884,415.7371215820313,121.4935188293457,6,1.0,0.1955641545353525,0.1955641545353525,1,0.845666229724884,415.7371215820313,121.4935188293457,6,1.0,0.1955641545353525,0.1955641545353525,0.823732631220939,0.9266017556454876,0,SKIPPED,1.0,0,0.0,,,0.0,,0.0,0,0.0,0,0,1.0,0.0,0.0,263,0,515,225,59.28255055241804,0.0700671449303627
901.0,15:01,cctv3,C3_S007,G027,UNKNOWN,1,0.0669643431901931,615.2803039550781,104.78766632080078,11,0.0,0.0,0.0,1,0.0669643431901931,615.2803039550781,104.78766632080078,11,0.0,0.0,0.0,0.4144537807837092,0.6426820532024199,1,WEAK_FULL,0.5,0,0.0,,,0.0,,0.0,0,0.0,0,2,1.0,0.0,0.0,548,40,676,184,24.0,0.0735644325613975
901.0,15:01,cctv3,C3_S008,G028,UNKNOWN,0,0.0,,,-1,0.0,0.0,0.0,0,0.0,,,-1,0.0,0.0,0.0,0.0,0.0,0,SKIPPED,0.0,0,0.0,,,0.0,,0.0,0,0.0,0,0,1.0,0.0,0.0,556,56,684,200,24.0,0.086514338850975
901.0,15:01,cctv3,C3_S009,G029,UNKNOWN,0,0.0,,,-1,0.0,0.0,0.0,0,0.0,,,-1,0.0,0.0,0.0,0.0,0.0,0,SKIPPED,0.0,0,0.0,,,0.0,,0.0,0,0.0,0,0,1.0,0.0,0.0,578,67,706,211,24.0,0.0962041169404983
901.0,15:01,cctv3,C3_S010,G007,UNKNOWN,1,0.6853537559509277,720.9841918945312,168.71583557128906,9,1.0,0.5041338283436873,0.5041338283436873,1,0.6853537559509277,720.9841918945312,168.71583557128906,9,1.0,0.5041338283436873,0.5041338283436873,0.1222979121988909,0.7570591383025509,0,SKIPPED,0.5,0,0.0,,,0.0,,0.0,0,0.0,0,0,1.0,0.0,0.0,615,86,743,238,29.84630630413084,0.0944518074393272
901.0,15:01,cctv3,C3_S011,G008,UNKNOWN,1,0.0867308601737022,748.9953918457031,209.28192901611328,7,1.0,58.71766633202412,58.71766633202412,1,0.0867308601737022,748.9953918457031,209.28192901611328,7,1.0,58.71766633202412,58.71766633202412,0.8565585355429333,0.7275978686446276,1,WEAK_FULL,1.0,1,0.6838515996932983,725.999969959259,173.34024047851562,0.5191198425320045,33.20152065454145,0.6838515996932983,1,0.6838515996932983,2,2,1.0,0.5633630007505417,0.6838515996932983,648,76,824,286,41.34888148426751,0.0711707174777984
901.0,15:01,cctv3,C3_S012,G009,UNKNOWN,1,0.8603845238685608,858.4960632324219,232.86466217041016,4,1.0,0.8168896873695903,0.8168896873695903,1,0.8603845238685608,858.4960632324219,232.86466217041016,4,1.0,0.8168896873695903,0.8168896873695903,0.8700710276591029,0.93891660642315,0,SKIPPED,1.0,0,0.0,,,0.0,,0.0,0,0.0,0,0,1.0,0.0,0.0,668,6,926,435,84.56503532784694,0.0916924700140953
902.0,15:02,cctv1,C1_S001,G001,UNKNOWN,1,0.7797389626502991,39.22502789646387,86.64227294921875,2,2.0,0.1715374387789037,0.1406164399852089,1,0.7797389626502991,39.22502789646387,86.64227294921875,2,2.0,0.1715374387789037,0.1406164399852089,0.794704111967268,0.903576260069689,0,SKIPPED,1.0,0,0.0,,,0.0,,0.0,0,0.0,0,0,1.0,0.0,0.0,0,0,149,202,62.82492817345676,0.1934525370597839
902.0,15:02,cctv1,C1_S002,G002,UNKNOWN,0,0.0,,,-1,0.0,0.0,0.0,0,0.0,,,-1,0.0,0.0,0.0,0.0,0.0,0,SKIPPED,0.0,0,0.0,,,0.0,,0.0,0,0.0,0,0,1.0,0.0,0.0,0,0,143,297,62.82492817345676,0.1286822408437729
902.0,15:02,cctv1,C1_S003,G003,UNKNOWN,1,0.5133194327354431,391.7195281982422,52.21921142935753,5,2.0,1.6675126043849713,1.6431512714720626,1,0.5133194327354431,391.7195281982422,52.21921142935753,5,2.0,1.6675126043849713,1.6431512714720626,0.8356637249782246,0.8390157173346502,0,SKIPPED,1.0,0,0.0,,,0.0,,0.0,0,0.0,0,0,1.0,0.0,0.0,170,0,674,208,105.0,0.1865710616111755
902.0,15:02,cctv1,C1_S004,G004,UNKNOWN,1,0.5926018953323364,647.2573471069336,75.13215637207031,3,2.0,0.4794394199972359,0.5283625801013546,1,0.5926018953323364,647.2573471069336,75.13215637207031,3,2.0,0.4794394199972359,0.5283625801013546,0.9965598640353088,0.8893832872660865,0,SKIPPED,1.0,0,0.0,,,0.0,,0.0,0,0.0,0,0,1.0,0.0,0.0,561,0,719,153,37.10702898373837,0.1911861300468444
902.0,15:02,cctv1,C1_S005,G005,UNKNOWN,1,0.3951590359210968,672.2217178344727,120.89778137207033,4,2.0,1.602958424373404,3.163736357710962,1,0.3951590359210968,672.2217178344727,120.89778137207033,4,2.0,1.602958424373404,3.163736357710962,0.5446732139181751,0.7547341182039677,0,SKIPPED,1.0,0,0.0,,,0.0,,0.0,0,0.0,0,0,1.0,0.0,0.0,566,20,724,209,37.10702898373837,0.136437714099884
902.0,15:02,cctv1,C1_S006,G006,UNKNOWN,0,0.0,,,-1,0.0,0.0,0.0,0,0.0,,,-1,0.0,0.0,0.0,0.0,0.0,0,SKIPPED,0.0,0,0.0,,,0.0,,0.0,0,0.0,0,0,1.0,0.0,0.0,597,0,812,229,70.3356893760202,0.1672654300928115
902.0,15:02,cctv2,C2_S001,G007,UNKNOWN,1,0.7024828195571899,38.37035794556141,297.2467269897461,3,2.0,0.7297610304284846,1.3396623496699616,1,0.7024828195571899,38.37035794556141,297.2467269897461,3,2.0,0.7297610304284846,1.3396623496699616,0.9766995017227572,0.9154762715905376,0,SKIPPED,1.0,0,0.0,,,0.0,,0.0,0,0.0,0,0,1.0,0.0,0.0,0,78,175,404,64.07440986852708,0.1889192759990692
902.0,15:02,cctv2,C2_S002,G008,UNKNOWN,1,0.8977205753326416,83.32766878604889,199.16357040405276,2,2.0,2.502691219997167,4.9629569694921125,1,0.8977205753326416,83.32766878604889,199.16357040405276,2,2.0,2.502691219997167,4.9629569694921125,0.655466945965796,0.9103686056136566,0,SKIPPED,1.0,0,0.0,,,0.0,,0.0,0,0.0,0,0,1.0,0.0,0.0,0,43,242,337,57.87714574855951,0.1689748466014862
902.0,15:02,cctv2,C2_S003,G009,UNKNOWN,0,0.0,,,-1,0.0,0.0,0.0,0,0.0,,,-1,0.0,0.0,0.0,0.0,0.0,1,RECENT_FULL_MISS,0.3333333333333333,1,0.4915560185909271,178.0714000761509,153.66410064697266,0.4604901972248532,6.622923695616845,0.4915560185909271,1,0.4915560185909271,1,2,1.55,0.4915560185909271,0.4915560185909271,77,18,283,266,31.43845416047042,0.1726645231246948
902.0,15:02,cctv2,C2_S004,G010,UNKNOWN,1,0.6573453545570374,208.1166534423828,125.7509307861328,9,2.0,3.258070016614825,2.761789122313649,1,0.6573453545570374,208.1166534423828,125.7509307861328,9,2.0,3.258070016614825,2.761789122313649,0.872822520209994,0.884591299368199,0,SKIPPED,1.0,0,0.0,,,0.0,,0.0,0,0.0,0,0,1.0,0.0,0.0,153,44,281,188,24.20499948357777,0.0607336051762104
902.0,15:02,cctv2,C2_S005,G001,UNKNOWN,0,0.0,,,-1,0.0,0.0,0.0,0,0.0,,,-1,0.0,0.0,0.0,0.0,0.0,0,SKIPPED,0.0,0,0.0,,,0.0,,0.0,0,0.0,0,0,1.0,0.0,0.0,186,28,314,172,24.20499948357777,0.0615968517959117
902.0,15:02,cctv2,C2_S006,G003,UNKNOWN,1,0.632688045501709,403.8045501708984,89.50130462646484,4,2.0,0.6395454276453438,1.116427886038909,1,0.632688045501709,403.8045501708984,89.50130462646484,4,2.0,0.6395454276453438,1.116427886038909,1.0,0.9008257722854616,0,SKIPPED,1.0,0,0.0,,,0.0,,0.0,0,0.0,0,0,1.0,0.0,0.0,330,0,476,161,34.54770614671834,0.1088658422231674
902.0,15:02,cctv2,C2_S007,G004,UNKNOWN,1,0.6743165254592896,450.1412658691406,84.63316345214844,7,2.0,0.4403503043057255,0.6474349398683334,1,0.6743165254592896,450.1412658691406,84.63316345214844,7,2.0,0.4403503043057255,0.6474349398683334,1.0,0.9120654618740084,0,SKIPPED,1.0,0,0.0,,,0.0,,0.0,0,0.0,0,0,1.0,0.0,0.0,382,0,528,154,34.3453752345203,0.1878150403499603
902.0,15:02,cctv2,C2_S008,G006,UNKNOWN,1,0.4663756191730499,503.2693786621094,89.14236831665039,11,2.0,2.1372859553173784,3.035733280973921,1,0.4663756191730499,503.2693786621094,89.14236831665039,11,2.0,2.1372859553173784,3.035733280973921,1.0,0.8559214171767235,0,SKIPPED,1.0,0,0.0,,,0.0,,0.0,0,0.0,0,0,1.0,0.0,0.0,434,0,580,156,34.3453752345203,0.1853845119476318
902.0,15:02,cctv2,C2_S009,G005,UNKNOWN,1,0.676632821559906,576.2405700683594,99.97632598876952,8,2.0,0.6989810635541917,1.3898984933263592,1,0.676632821559906,576.2405700683594,99.97632598876952,8,2.0,0.6989810635541917,1.3898984933263592,1.0,0.9126908618211746,0,SKIPPED,1.0,0,0.0,,,0.0,,0.0,0,0.0,0,0,1.0,0.0,0.0,481,0,661,182,42.65561158862923,0.1474054455757141
902.0,15:02,cctv2,C2_S010,G002,UNKNOWN,1,0.7920087575912476,670.3027038574219,142.04752731323242,5,2.0,1.1826475302684003,1.713091222103296,1,0.7920087575912476,670.3027038574219,142.04752731323242,5,2.0,1.1826475302684003,1.713091222103296,0.5237128331243339,0.8581106745120171,0,SKIPPED,1.0,0,0.0,,,0.0,,0.0,0,0.0,0,0,1.0,0.0,0.0,584,61,712,205,24.853184906566806,0.1886719912290573
902.0,15:02,cctv2,C2_S011,G017,UNKNOWN,1,0.7222594618797302,708.2834777832031,153.91864013671875,6,2.0,0.7870881635104471,1.574175455619916,1,0.7222594618797302,708.2834777832031,153.91864013671875,6,2.0,0.7870881635104471,1.574175455619916,0.428641247355759,0.8221654792315638,0,SKIPPED,1.0,0,0.0,,,0.0,,0.0,0,0.0,0,0,1.0,0.0,0.0,621,68,749,212,24.853184906566806,0.1569961607456207
902.0,15:02,cctv2,C2_S012,G018,UNKNOWN,0,0.0,,,-1,0.0,0.0,0.0,0,0.0,,,-1,0.0,0.0,0.0,0.0,0.0,0,SKIPPED,0.0,0,0.0,,,0.0,,0.0,0,0.0,0,0,1.0,0.0,0.0,647,71,813,270,39.30187781773283,0.1765470504760742
902.0,15:02,cctv2,C2_S013,G019,UNKNOWN,1,0.6669377684593201,772.3314514160156,232.7023162841797,10,2.0,1.3835280912219663,1.5312920644879642,1,0.6669377684593201,772.3314514160156,232.7023162841797,10,2.0,1.3835280912219663,1.5312920644879642,0.46221868773006,0.8132725612754272,0,SKIPPED,1.0,0,0.0,,,0.0,,0.0,0,0.0,0,0,1.0,0.0,0.0,702,75,861,370,58.11748790166348,0.2055012732744217
902.0,15:02,cctv2,C2_S014,G020,UNKNOWN,0,0.0,,,-1,0.0,0.0,0.0,0,0.0,,,-1,0.0,0.0,0.0,0.0,0.0,0,SKIPPED,0.0,0,0.0,,,0.0,,0.0,0,0.0,0,0,1.0,0.0,0.0,725,160,861,455,58.11748790166348,0.1017927154898643
902.0,15:02,cctv3,C3_S001,G021,UNKNOWN,1,0.5275254845619202,32.01386059820652,272.2699584960937,8,2.0,0.5222984762852302,0.8187091783024107,1,0.5275254845619202,32.01386059820652,272.2699584960937,8,2.0,0.5222984762852302,0.8187091783024107,1.0,0.8724318808317185,0,SKIPPED,1.0,0,0.0,,,0.0,,0.0,0,0.0,0,0,1.0,0.0,0.0,0,47,188,433,75.98890445321607,0.2554846405982971
902.0,15:02,cctv3,C3_S002,G019,UNKNOWN,0,0.0,,,-1,0.0,0.0,0.0,0,0.0,,,-1,0.0,0.0,0.0,0.0,0.0,0,SKIPPED,0.0,0,0.0,,,0.0,,0.0,0,0.0,0,0,1.0,0.0,0.0,73,164,201,308,24.0,0.1684572249650955
902.0,15:02,cctv3,C3_S003,G020,UNKNOWN,1,0.7969841361045837,118.76046952605247,216.6698455810547,5,2.0,0.1742647551627702,0.3425307094211726,1,0.7969841361045837,118.76046952605247,216.6698455810547,5,2.0,0.1742647551627702,0.3425307094211726,0.0930834983086065,0.7819407464437869,0,SKIPPED,1.0,0,0.0,,,0.0,,0.0,0,0.0,0,0,1.0,0.0,0.0,91,133,219,277,24.0,0.212138369679451
902.0,15:02,cctv3,C3_S004,G024,UNKNOWN,1,0.8527023792266846,223.2809257507324,158.2644081115723,3,2.0,1.3146342820598909,1.694227007119845,1,0.8527023792266846,223.2809257507324,158.2644081115723,3,2.0,1.3146342820598909,1.694227007119845,0.948011006311984,0.950871623527362,0,SKIPPED,1.0,0,0.0,,,0.0,,0.0,0,0.0,0,0,1.0,0.0,0.0,144,17,336,248,45.46341386213755,0.1172282323241233
902.0,15:02,cctv3,C3_S005,G025,UNKNOWN,1,0.8602630496025085,312.00719451904297,135.15296936035156,2,2.0,0.2558433295270342,0.5090468288788902,1,0.8602630496025085,312.00719451904297,135.15296936035156,2,2.0,0.2558433295270342,0.5090468288788902,0.9872655450065312,0.9599788214938528,0,SKIPPED,1.0,0,0.0,,,0.0,,0.0,0,0.0,0,0,1.0,0.0,0.0,205,0,397,216,45.46341386213755,0.0930398926138877
902.0,15:02,cctv3,C3_S006,G026,UNKNOWN,1,0.8391426801681519,415.84814453125,121.47904586791992,6,2.0,0.1537632389778027,0.2339291927220749,1,0.8391426801681519,415.84814453125,121.47904586791992,6,2.0,0.1537632389778027,0.2339291927220749,0.8222263494558362,0.9245692665474516,0,SKIPPED,1.0,0,0.0,,,0.0,,0.0,0,0.0,0,0,1.0,0.0,0.0,263,0,515,225,59.28255055241804,0.0706854835152626
902.0,15:02,cctv3,C3_S007,G027,UNKNOWN,0,0.0,,,-1,0.0,0.0,0.0,0,0.0,,,-1,0.0,0.0,0.0,0.0,0.0,1,RECENT_FULL_MISS,0.3333333333333333,0,0.0,,,0.0,,0.0,0,0.0,0,2,1.0,0.0,0.0,548,40,676,184,24.0,0.0745413228869438
902.0,15:02,cctv3,C3_S008,G028,UNKNOWN,0,0.0,,,-1,0.0,0.0,0.0,0,0.0,,,-1,0.0,0.0,0.0,0.0,0.0,0,SKIPPED,0.0,0,0.0,,,0.0,,0.0,0,0.0,0,0,1.0,0.0,0.0,556,56,684,200,24.0,0.0863526463508606
902.0,15:02,cctv3,C3_S009,G029,UNKNOWN,0,0.0,,,-1,0.0,0.0,0.0,0,0.0,,,-1,0.0,0.0,0.0,0.0,0.0,0,SKIPPED,0.0,0,0.0,,,0.0,,0.0,0,0.0,0,0,1.0,0.0,0.0,578,67,706,211,24.0,0.0979029238224029
902.0,15:02,cctv3,C3_S010,G007,UNKNOWN,1,0.5831409692764282,721.1004943847656,168.9711456298828,9,2.0,0.392342977038839,0.5041338283436873,1,0.5831409692764282,721.1004943847656,168.9711456298828,9,2.0,0.392342977038839,0.5041338283436873,0.1118166415524836,0.7275750571840827,0,SKIPPED,0.6666666666666666,0,0.0,,,0.0,,0.0,0,0.0,0,0,1.0,0.0,0.0,615,86,743,238,29.84630630413084,0.0932145491242408
902.0,15:02,cctv3,C3_S011,G008,UNKNOWN,1,0.1035834923386573,749.220458984375,209.82941436767575,7,2.0,29.65480420643893,58.71766633202412,1,0.1035834923386573,749.220458984375,209.82941436767575,7,2.0,29.65480420643893,58.71766633202412,0.8520319733295545,0.7313332981307573,1,WEAK_FULL,1.0,1,0.6841680407524109,726.4311865568161,177.6066370010376,0.5401338417436103,29.01652162309224,0.6841680407524109,1,0.6841680407524109,2,2,1.0,0.4591274857521057,0.6841680407524109,648,76,824,286,41.34888148426751,0.0704056695103645
902.0,15:02,cctv3,C3_S012,G009,UNKNOWN,1,0.8500514030456543,858.5155944824219,232.7808074951172,4,2.0,0.4514944554572947,0.8978521399322903,1,0.8500514030456543,858.5155944824219,232.7808074951172,4,2.0,0.4514944554572947,0.8978521399322903,0.8686866365110653,0.9358774733943184,0,SKIPPED,1.0,0,0.0,,,0.0,,0.0,0,0.0,0,0,1.0,0.0,0.0,668,6,926,435,84.56503532784694,0.0922522917389869
903.0,15:03,cctv1,C1_S001,G001,UNKNOWN,1,0.8114895224571228,39.45079752802849,86.63252449035645,2,3.0,0.2259799968736459,0.2968118762589142,1,0.8114895224571228,39.45079752802849,86.63252449035645,2,3.0,0.2259799968736459,0.2968118762589142,0.794388059475964,0.9120920217690968,0,SKIPPED,1.0,0,0.0,,,0.0,,0.0,0,0.0,0,0,1.0,0.0,0.0,0,0,149,202,62.82492817345676,0.1911396831274032
903.0,15:03,cctv1,C1_S002,G002,UNKNOWN,0,0.0,,,-1,0.0,0.0,0.0,0,0.0,,,-1,0.0,0.0,0.0,0.0,0.0,0,SKIPPED,0.0,0,0.0,,,0.0,,0.0,0,0.0,0,0,1.0,0.0,0.0,0,0,143,297,62.82492817345676,0.1296330541372299
903.0,15:03,cctv1,C1_S003,G003,UNKNOWN,1,0.9248118996620178,471.6308031082153,65.06816673278809,1,3.0,0.2393095858961041,0.185798578762494,1,0.9248118996620178,471.6308031082153,65.06816673278809,1,3.0,0.2393095858961041,0.185798578762494,0.8171107095275114,0.946779140623697,0,SKIPPED,1.0,0,0.0,,,0.0,,0.0,0,0.0,0,0,1.0,0.0,0.0,170,0,674,208,105.0,0.1842860132455825
903.0,15:03,cctv1,C1_S004,G004,UNKNOWN,1,0.6042764782905579,647.3941879272461,75.48122024536133,3,3.0,0.4305162598931172,0.5283625801013546,1,0.6042764782905579,647.3941879272461,75.48122024536133,3,3.0,0.4305162598931172,0.5283625801013546,0.9990780134142554,0.8929886915530167,0,SKIPPED,1.0,0,0.0,,,0.0,,0.0,0,0.0,0,0,1.0,0.0,0.0,561,0,719,153,37.10702898373837,0.1871800720691681
903.0,15:03,cctv1,C1_S005,G005,UNKNOWN,1,0.408125638961792,671.3188018798828,126.56865692138672,4,3.0,1.6370429325945326,3.163736357710962,1,0.408125638961792,671.3188018798828,126.56865692138672,4,3.0,1.6370429325945326,3.163736357710962,0.6030943598741779,0.768750907297036,0,SKIPPED,1.0,0,0.0,,,0.0,,0.0,0,0.0,0,0,1.0,0.0,0.0,566,20,724,209,37.10702898373837,0.134742870926857
903.0,15:03,cctv1,C1_S006,G006,UNKNOWN,0,0.0,,,-1,0.0,0.0,0.0,0,0.0,,,-1,0.0,0.0,0.0,0.0,0.0,0,SKIPPED,0.0,0,0.0,,,0.0,,0.0,0,0.0,0,0,1.0,0.0,0.0,597,0,812,229,70.3356893760202,0.1668070703744888
903.0,15:03,cctv2,C2_S001,G007,UNKNOWN,1,0.6623294949531555,38.15493752062321,297.5945739746094,3,3.0,0.4091497089807486,1.3396623496699616,1,0.6623294949531555,38.15493752062321,297.5945739746094,3,3.0,0.4091497089807486,1.3396623496699616,0.9696191197382604,0.9033604051902387,0,SKIPPED,1.0,0,0.0,,,0.0,,0.0,0,0.0,0,0,1.0,0.0,0.0,0,78,175,404,64.07440986852708,0.1881632804870605
903.0,15:03,cctv2,C2_S002,G008,UNKNOWN,1,0.8637276291847229,83.20949549973011,191.66662979125977,2,3.0,4.958401195527073,4.9629569694921125,1,0.8637276291847229,83.20949549973011,191.66662979125977,2,3.0,4.958401195527073,4.9629569694921125,0.5942762706978916,0.8901761886054957,0,SKIPPED,1.0,0,0.0,,,0.0,,0.0,0,0.0,0,0,1.0,0.0,0.0,0,43,242,337,57.87714574855951,0.1683774441480636
903.0,15:03,cctv2,C2_S003,G009,UNKNOWN,1,0.2135432213544845,180.7834930419922,166.56427764892578,12,3.0,70.3736816545897,71.69582897556701,1,0.2135432213544845,180.7834930419922,166.56427764892578,12,3.0,70.3736816545897,71.69582897556701,0.9919221031761948,0.7862026483374259,0,SKIPPED,0.5,0,0.0,,,0.0,,0.0,0,0.0,0,0,1.0,0.0,0.0,113,62,247,222,31.43845416047042,0.1673318892717361
903.0,15:03,cctv2,C2_S004,G010,UNKNOWN,1,0.4678421914577484,204.42508697509768,130.19732666015625,9,3.0,3.754350910916002,4.077712306074746,1,0.4678421914577484,204.42508697509768,130.19732666015625,9,3.0,3.754350910916002,4.077712306074746,0.7774507486695961,0.8162585264541194,0,SKIPPED,1.0,0,0.0,,,0.0,,0.0,0,0.0,0,0,1.0,0.0,0.0,153,44,281,188,24.20499948357777,0.0612353272736072
903.0,15:03,cctv2,C2_S005,G001,UNKNOWN,0,0.0,,,-1,0.0,0.0,0.0,0,0.0,,,-1,0.0,0.0,0.0,0.0,0.0,0,SKIPPED,0.0,0,0.0,,,0.0,,0.0,0,0.0,0,0,1.0,0.0,0.0,186,28,314,172,24.20499948357777,0.0619564168155193
903.0,15:03,cctv2,C2_S006,G003,UNKNOWN,1,0.6702220439910889,402.7508392333984,89.79794692993164,4,3.0,0.8938984435808152,1.116427886038909,1,0.6702220439910889,402.7508392333984,89.79794692993164,4,3.0,0.8938984435808152,1.116427886038909,1.0,0.910959951877594,0,SKIPPED,1.0,0,0.0,,,0.0,,0.0,0,0.0,0,0,1.0,0.0,0.0,330,0,476,161,34.54770614671834,0.1098367720842361
903.0,15:03,cctv2,C2_S007,G004,UNKNOWN,1,0.6610785126686096,450.0834655761719,84.21015167236328,7,3.0,0.4269424313701777,0.6474349398683334,1,0.6610785126686096,450.0834655761719,84.21015167236328,7,3.0,0.4269424313701777,0.6474349398683334,1.0,0.9084911984205246,0,SKIPPED,1.0,0,0.0,,,0.0,,0.0,0,0.0,0,0,1.0,0.0,0.0,382,0,528,154,34.3453752345203,0.1845697164535522
903.0,15:03,cctv2,C2_S008,G006,UNKNOWN,1,0.4633638858795166,503.2777099609375,91.69421768188477,11,3.0,2.551862965244656,3.035733280973921,1,0.4633638858795166,503.2777099609375,91.69421768188477,11,3.0,2.551862965244656,3.035733280973921,1.0,0.8551082491874695,0,SKIPPED,1.0,0,0.0,,,0.0,,0.0,0,0.0,0,0,1.0,0.0,0.0,434,0,580,156,34.3453752345203,0.1851190626621246
903.0,15:03,cctv2,C2_S009,G005,UNKNOWN,1,0.6153741478919983,576.4678649902344,101.09700775146484,8,3.0,1.0756775676913588,1.3898984933263592,1,0.6153741478919983,576.4678649902344,101.09700775146484,8,3.0,1.0756775676913588,1.3898984933263592,1.0,0.8961510199308396,0,SKIPPED,1.0,0,0.0,,,0.0,,0.0,0,0.0,0,0,1.0,0.0,0.0,481,0,661,182,42.65561158862923,0.1420115232467651
903.0,15:03,cctv2,C2_S010,G002,UNKNOWN,1,0.7458477020263672,670.2048645019531,142.21564102172852,5,3.0,0.6522038384335049,1.713091222103296,1,0.7458477020263672,670.2048645019531,142.21564102172852,5,3.0,0.6522038384335049,1.713091222103296,0.523841569193024,0.8456703620018635,0,SKIPPED,1.0,0,0.0,,,0.0,,0.0,0,0.0,0,0,1.0,0.0,0.0,584,61,712,205,24.853184906566806,0.1883774548768997
903.0,15:03,cctv2,C2_S011,G017,UNKNOWN,1,0.5913667678833008,708.4993896484375,154.46028900146484,6,3.0,0.5830964124651421,1.574175455619916,1,0.5913667678833008,708.4993896484375,154.46028900146484,6,3.0,0.5830964124651421,1.574175455619916,0.4104647295490263,0.783552678647316,0,SKIPPED,1.0,0,0.0,,,0.0,,0.0,0,0.0,0,0,1.0,0.0,0.0,621,68,749,212,24.853184906566806,0.1558938175439834
903.0,15:03,cctv2,C2_S012,G018,UNKNOWN,0,0.0,,,-1,0.0,0.0,0.0,0,0.0,,,-1,0.0,0.0,0.0,0.0,0.0,0,SKIPPED,0.0,0,0.0,,,0.0,,0.0,0,0.0,0,0,1.0,0.0,0.0,647,71,813,270,39.30187781773283,0.1772876977920532
903.0,15:03,cctv2,C2_S013,G019,UNKNOWN,1,0.7992015480995178,772.4142761230469,233.0496063232422,10,3.0,1.235764117955969,1.5312920644879642,1,0.7992015480995178,772.4142761230469,233.0496063232422,10,3.0,1.235764117955969,1.5312920644879642,0.4755935115532399,0.8513912500664531,0,SKIPPED,1.0,0,0.0,,,0.0,,0.0,0,0.0,0,0,1.0,0.0,0.0,702,75,861,370,58.11748790166348,0.2049839347600937
903.0,15:03,cctv2,C2_S014,G020,UNKNOWN,0,0.0,,,-1,0.0,0.0,0.0,0,0.0,,,-1,0.0,0.0,0.0,0.0,0.0,0,SKIPPED,0.0,0,0.0,,,0.0,,0.0,0,0.0,0,0,1.0,0.0,0.0,725,160,861,455,58.11748790166348,0.0961752906441688
903.0,15:03,cctv3,C3_S001,G021,UNKNOWN,1,0.5987063646316528,31.83711645007133,273.1987609863281,8,3.0,0.5478002710118364,0.8187091783024107,1,0.5987063646316528,31.83711645007133,273.1987609863281,8,3.0,0.5478002710118364,0.8187091783024107,1.0,0.8916507184505463,0,SKIPPED,1.0,0,0.0,,,0.0,,0.0,0,0.0,0,0,1.0,0.0,0.0,0,47,188,433,75.98890445321607,0.2542599737644195
903.0,15:03,cctv3,C3_S002,G019,UNKNOWN,0,0.0,,,-1,0.0,0.0,0.0,0,0.0,,,-1,0.0,0.0,0.0,0.0,0.0,0,SKIPPED,0.0,0,0.0,,,0.0,,0.0,0,0.0,0,0,1.0,0.0,0.0,73,164,201,308,24.0,0.1682937443256378
903.0,15:03,cctv3,C3_S003,G020,UNKNOWN,1,0.758392870426178,118.9705891609192,217.14051818847656,5,3.0,0.2400406119884116,0.3425307094211726,1,0.758392870426178,118.9705891609192,217.14051818847656,5,3.0,0.2400406119884116,0.3425307094211726,0.0970460021924565,0.7722343554097103,0,SKIPPED,1.0,0,0.0,,,0.0,,0.0,0,0.0,0,0,1.0,0.0,0.0,91,133,219,277,24.0,0.2127505242824554
903.0,15:03,cctv3,C3_S004,G024,UNKNOWN,1,0.8580294251441956,223.13091659545896,158.16273498535156,3,3.0,0.9350415569999364,1.694227007119845,1,0.8580294251441956,223.13091659545896,158.16273498535156,3,3.0,0.9350415569999364,1.694227007119845,0.946695209945676,0.9520730825791546,0,SKIPPED,1.0,0,0.0,,,0.0,,0.0,0,0.0,0,0,1.0,0.0,0.0,144,17,336,248,45.46341386213755,0.1171397417783737
903.0,15:03,cctv3,C3_S005,G025,UNKNOWN,1,0.8139519691467285,311.67234802246094,135.67135620117188,2,3.0,0.2994100629705181,0.5090468288788902,1,0.8139519691467285,311.67234802246094,135.67135620117188,2,3.0,0.2994100629705181,0.5090468288788902,0.9819655750526242,0.946520835179089,0,SKIPPED,1.0,0,0.0,,,0.0,,0.0,0,0.0,0,0,1.0,0.0,0.0,205,0,397,216,45.46341386213755,0.0926875695586204
903.0,15:03,cctv3,C3_S006,G026,UNKNOWN,1,0.8276916146278381,415.6653289794922,121.4867057800293,6,3.0,0.1829759553002437,0.2339291927220749,1,0.8276916146278381,415.6653289794922,121.4867057800293,6,3.0,0.1829759553002437,0.2339291927220749,0.8230355252811314,0.92162313050012,0,SKIPPED,1.0,0,0.0,,,0.0,,0.0,0,0.0,0,0,1.0,0.0,0.0,263,0,515,225,59.28255055241804,0.0693069845438003
903.0,15:03,cctv3,C3_S007,G027,UNKNOWN,0,0.0,,,-1,0.0,0.0,0.0,0,0.0,,,-1,0.0,0.0,0.0,0.0,0.0,1,RECENT_FULL_MISS,0.25,0,0.0,,,0.0,,0.0,0,0.0,0,2,1.0,0.0,0.0,548,40,676,184,24.0,0.0731966271996498
903.0,15:03,cctv3,C3_S008,G028,UNKNOWN,0,0.0,,,-1,0.0,0.0,0.0,0,0.0,,,-1,0.0,0.0,0.0,0.0,0.0,0,SKIPPED,0.0,0,0.0,,,0.0,,0.0,0,0.0,0,0,1.0,0.0,0.0,556,56,684,200,24.0,0.0856958255171775
903.0,15:03,cctv3,C3_S009,G029,UNKNOWN,0,0.0,,,-1,0.0,0.0,0.0,0,0.0,,,-1,0.0,0.0,0.0,0.0,0.0,0,SKIPPED,0.0,0,0.0,,,0.0,,0.0,0,0.0,0,0,1.0,0.0,0.0,578,67,706,211,24.0,0.0949422866106033
903.0,15:03,cctv3,C3_S010,G007,UNKNOWN,1,0.5463370680809021,721.0386962890625,169.49126815795898,9,3.0,0.5041338283436873,0.5041338283436873,1,0.5463370680809021,721.0386962890625,169.49126815795898,9,3.0,0.5041338283436873,0.5041338283436873,0.1119196301676077,0.717656541812013,0,SKIPPED,0.75,0,0.0,,,0.0,,0.0,0,0.0,0,0,1.0,0.0,0.0,615,86,743,238,29.84630630413084,0.0925069972872734
903.0,15:03,cctv3,C3_S011,G008,UNKNOWN,1,0.1685255467891693,749.3957214355469,209.52519989013672,7,3.0,0.591942080853743,58.71766633202412,1,0.1685255467891693,749.3957214355469,209.52519989013672,7,3.0,0.591942080853743,58.71766633202412,0.8554789348817142,0.7494881059117844,1,WEAK_FULL,1.0,1,0.6736738085746765,726.5221832990646,180.33998012542725,0.5445465487039772,26.41865987575548,0.6736738085746765,1,0.6736738085746765,2,2,1.0,0.475059762597084,0.6736738085746765,648,76,824,286,41.34888148426751,0.069740429520607
903.0,15:03,cctv3,C3_S012,G009,UNKNOWN,1,0.8419868350028992,858.3775939941406,232.9145278930664,4,3.0,0.1921595160109455,0.8978521399322903,1,0.8419868350028992,858.3775939941406,232.9145278930664,4,3.0,0.1921595160109455,0.8978521399322903,0.8694561640053062,0.933838554971738,0,SKIPPED,1.0,0,0.0,,,0.0,,0.0,0,0.0,0,0,1.0,0.0,0.0,668,6,926,435,84.56503532784694,0.0914237648248672
904.0,15:04,cctv1,C1_S001,G001,UNKNOWN,1,0.8148531317710876,39.24343081191182,86.45979118347168,2,4.0,0.2337566957754416,0.3233376156978982,1,0.8148531317710876,39.24343081191182,86.45979118347168,2,4.0,0.2337566957754416,0.3233376156978982,0.7976007492768417,0.9135784804480253,0,SKIPPED,1.0,0,0.0,,,0.0,,0.0,0,0.0,0,0,1.0,0.0,0.0,0,0,149,202,62.82492817345676,0.1923181414604187
904.0,15:04,cctv1,C1_S002,G002,UNKNOWN,0,0.0,,,-1,0.0,0.0,0.0,0,0.0,,,-1,0.0,0.0,0.0,0.0,0.0,0,SKIPPED,0.0,0,0.0,,,0.0,,0.0,0,0.0,0,0,1.0,0.0,0.0,0,0,143,297,62.82492817345676,0.1269897073507309
904.0,15:04,cctv1,C1_S003,G003,UNKNOWN,1,0.4437068402767181,391.1475524902344,52.02458715438843,5,4.0,1.6675126043849713,1.6431512714720626,1,0.4437068402767181,391.1475524902344,52.02458715438843,5,4.0,1.6675126043849713,1.6431512714720626,0.825763607796246,0.8184382962780383,0,SKIPPED,1.0,0,0.0,,,0.0,,0.0,0,0.0,0,0,1.0,0.0,0.0,170,0,674,208,105.0,0.1866631954908371
904.0,15:04,cctv1,C1_S004,G004,UNKNOWN,1,0.4945587813854217,647.3326721191406,75.14054489135742,3,4.0,0.4027221249834217,0.5283625801013546,1,0.4945587813854217,647.3326721191406,75.14054489135742,3,4.0,0.4027221249834217,0.5283625801013546,0.9876937342314062,0.861315743135717,0,SKIPPED,1.0,0,0.0,,,0.0,,0.0,0,0.0,0,0,1.0,0.0,0.0,561,0,719,153,37.10702898373837,0.1913025975227356
904.0,15:04,cctv1,C1_S005,G005,UNKNOWN,1,0.2720853686332702,671.4765701293945,129.44776916503906,4,4.0,2.2602372957954744,5.587927307304048,1,0.2720853686332702,671.4765701293945,129.44776916503906,4,4.0,2.2602372957954744,5.587927307304048,0.6017072171281506,0.7317703486140501,0,SKIPPED,1.0,0,0.0,,,0.0,,0.0,0,0.0,0,0,1.0,0.0,0.0,566,20,724,209,37.10702898373837,0.1371764242649078
904.0,15:04,cctv1,C1_S006,G006,UNKNOWN,1,0.2509394884109497,694.0594787597656,95.02025604248048,9,0.0,0.0,0.0,1,0.2509394884109497,694.0594787597656,95.02025604248048,9,0.0,0.0,0.0,0.5968692513492527,0.7251901271138219,0,SKIPPED,0.2,0,0.0,,,0.0,,0.0,0,0.0,0,0,1.0,0.0,0.0,597,0,812,229,70.3356893760202,0.1684961467981338
904.0,15:04,cctv2,C2_S001,G007,UNKNOWN,1,0.664743959903717,38.30278405547142,297.30113983154297,3,4.0,0.3688628593657608,1.3396623496699616,1,0.664743959903717,38.30278405547142,297.30113983154297,3,4.0,0.3688628593657608,1.3396623496699616,0.9724720035642404,0.904525829815567,0,SKIPPED,1.0,0,0.0,,,0.0,,0.0,0,0.0,0,0,1.0,0.0,0.0,0,78,175,404,64.07440986852708,0.1884026229381561
904.0,15:04,cctv2,C2_S002,G008,UNKNOWN,1,0.8712702989578247,83.56243212521076,190.03677368164065,2,4.0,3.3130164047120063,4.9629569694921125,1,0.8712702989578247,83.56243212521076,190.03677368164065,2,4.0,3.3130164047120063,4.9629569694921125,0.5832641255696487,0.8902305233211495,0,SKIPPED,1.0,0,0.0,,,0.0,,0.0,0,0.0,0,0,1.0,0.0,0.0,0,43,242,337,57.87714574855951,0.1685625910758972
904.0,15:04,cctv2,C2_S003,G009,UNKNOWN,1,0.1593575030565261,181.08740997314453,165.2482681274414,12,4.0,35.95916080293768,71.69582897556701,1,0.1593575030565261,181.08740997314453,165.2482681274414,12,4.0,35.95916080293768,71.69582897556701,1.0,0.7730265258252621,1,WEAK_FULL,0.6,1,0.1017163768410682,210.05867767333984,148.48065948486328,0.0712014637887477,32.19036050393672,0.1017163768410682,1,0.1017163768410682,2,2,1.55,0.0821748487651348,0.1017163768410682,77,18,283,266,31.43845416047042,0.1719882041215896
904.0,15:04,cctv2,C2_S004,G010,UNKNOWN,1,0.4305398762226105,208.27510833740237,119.22271728515624,9,4.0,4.766729886980137,7.984067433073843,1,0.4305398762226105,208.27510833740237,119.22271728515624,9,4.0,4.766729886980137,7.984067433073843,0.7280104999690034,0.7972876565745255,0,SKIPPED,1.0,0,0.0,,,0.0,,0.0,0,0.0,0,0,1.0,0.0,0.0,153,44,281,188,24.20499948357777,0.0610369443893432
904.0,15:04,cctv2,C2_S005,G001,UNKNOWN,0,0.0,,,-1,0.0,0.0,0.0,0,0.0,,,-1,0.0,0.0,0.0,0.0,0.0,0,SKIPPED,0.0,0,0.0,,,0.0,,0.0,0,0.0,0,0,1.0,0.0,0.0,186,28,314,172,24.20499948357777,0.0605093650519847
904.0,15:04,cctv2,C2_S006,G003,UNKNOWN,1,0.6759277582168579,403.33848571777344,89.52350616455078,4,4.0,0.7712354087846769,1.116427886038909,1,0.6759277582168579,403.33848571777344,89.52350616455078,4,4.0,0.7712354087846769,1.116427886038909,1.0,0.9125004947185518,0,SKIPPED,1.0,0,0.0,,,0.0,,0.0,0,0.0,0,0,1.0,0.0,0.0,330,0,476,161,34.54770614671834,0.1109188348054885
904.0,15:04,cctv2,C2_S007,G004,UNKNOWN,1,0.6585047841072083,450.0569152832031,84.58321762084961,7,4.0,0.4120427581438221,0.6474349398683334,1,0.6585047841072083,450.0569152832031,84.58321762084961,7,4.0,0.4120427581438221,0.6474349398683334,1.0,0.9077962917089464,0,SKIPPED,1.0,0,0.0,,,0.0,,0.0,0,0.0,0,0,1.0,0.0,0.0,382,0,528,154,34.3453752345203,0.1852482855319976
904.0,15:04,cctv2,C2_S008,G006,UNKNOWN,1,0.5038727521896362,503.3114013671875,92.7281379699707,11,4.0,1.793166021533548,3.035733280973921,1,0.5038727521896362,503.3114013671875,92.7281379699707,11,4.0,1.793166021533548,3.035733280973921,1.0,0.8660456430912018,0,SKIPPED,1.0,0,0.0,,,0.0,,0.0,0,0.0,0,0,1.0,0.0,0.0,434,0,580,156,34.3453752345203,0.1840948760509491
904.0,15:04,cctv2,C2_S009,G005,UNKNOWN,1,0.6382960081100464,576.5935974121094,101.2754898071289,8,4.0,0.6989810635541917,1.3898984933263592,1,0.6382960081100464,576.5935974121094,101.2754898071289,8,4.0,0.6989810635541917,1.3898984933263592,1.0,0.9023399221897126,0,SKIPPED,1.0,0,0.0,,,0.0,,0.0,0,0.0,0,0,1.0,0.0,0.0,481,0,661,182,42.65561158862923,0.1433500051498413
904.0,15:04,cctv2,C2_S010,G002,UNKNOWN,1,0.7708039283752441,670.2017517089844,142.20454788208008,5,4.0,0.423357713983504,1.713091222103296,1,0.7708039283752441,670.2017517089844,142.20454788208008,5,4.0,0.423357713983504,1.713091222103296,0.5254770976325062,0.8527029382351671,0,SKIPPED,1.0,0,0.0,,,0.0,,0.0,0,0.0,0,0,1.0,0.0,0.0,584,61,712,205,24.853184906566806,0.1873335540294647
904.0,15:04,cctv2,C2_S011,G017,UNKNOWN,1,0.7419901490211487,708.306640625,154.08967971801758,6,4.0,0.5004162429288339,1.574175455619916,1,0.7419901490211487,708.306640625,154.08967971801758,6,4.0,0.5004162429288339,1.574175455619916,0.4299476097222672,0.8277279099857182,0,SKIPPED,1.0,0,0.0,,,0.0,,0.0,0,0.0,0,0,1.0,0.0,0.0,621,68,749,212,24.853184906566806,0.1531555503606796
904.0,15:04,cctv2,C2_S012,G018,UNKNOWN,0,0.0,,,-1,0.0,0.0,0.0,0,0.0,,,-1,0.0,0.0,0.0,0.0,0.0,0,SKIPPED,0.0,0,0.0,,,0.0,,0.0,0,0.0,0,0,1.0,0.0,0.0,647,71,813,270,39.30187781773283,0.1784552633762359
904.0,15:04,cctv2,C2_S013,G019,UNKNOWN,1,0.5939292311668396,772.0757751464844,232.7216033935547,10,4.0,0.8535560037710764,1.5312920644879642,1,0.5939292311668396,772.0757751464844,232.7216033935547,10,4.0,0.8535560037710764,1.5312920644879642,0.4527363777112517,0.791853440403072,0,SKIPPED,1.0,0,0.0,,,0.0,,0.0,0,0.0,0,0,1.0,0.0,0.0,702,75,861,370,58.11748790166348,0.2049932777881622
904.0,15:04,cctv2,C2_S014,G020,UNKNOWN,0,0.0,,,-1,0.0,0.0,0.0,0,0.0,,,-1,0.0,0.0,0.0,0.0,0.0,0,SKIPPED,0.0,0,0.0,,,0.0,,0.0,0,0.0,0,0,1.0,0.0,0.0,725,160,861,455,58.11748790166348,0.1017339453101158
904.0,15:04,cctv3,C3_S001,G021,UNKNOWN,1,0.5293083190917969,31.672542229294777,272.33111572265625,8,4.0,0.7154578830646177,0.965809120896639,1,0.5293083190917969,31.672542229294777,272.33111572265625,8,4.0,0.7154578830646177,0.965809120896639,1.0,0.8729132461547853,0,SKIPPED,1.0,0,0.0,,,0.0,,0.0,0,0.0,0,0,1.0,0.0,0.0,0,47,188,433,75.98890445321607,0.2537518441677093
904.0,15:04,cctv3,C3_S002,G019,UNKNOWN,0,0.0,,,-1,0.0,0.0,0.0,0,0.0,,,-1,0.0,0.0,0.0,0.0,0.0,0,SKIPPED,0.0,0,0.0,,,0.0,,0.0,0,0.0,0,0,1.0,0.0,0.0,73,164,201,308,24.0,0.1692121624946594
904.0,15:04,cctv3,C3_S003,G020,UNKNOWN,1,0.8447213768959045,118.7683303654194,216.8020477294922,5,4.0,0.317169280098894,0.3425307094211726,1,0.8447213768959045,118.7683303654194,216.8020477294922,5,4.0,0.317169280098894,0.3425307094211726,0.0978404665988772,0.7956860557496921,0,SKIPPED,1.0,0,0.0,,,0.0,,0.0,0,0.0,0,0,1.0,0.0,0.0,91,133,219,277,24.0,0.2121747732162475
904.0,15:04,cctv3,C3_S004,G024,UNKNOWN,1,0.8620758056640625,224.04206466674805,158.29008102416992,3,4.0,0.9275229038799782,1.694227007119845,1,0.8620758056640625,224.04206466674805,158.29008102416992,3,4.0,0.9275229038799782,1.694227007119845,0.9606154899419423,0.9556712557188464,0,SKIPPED,1.0,0,0.0,,,0.0,,0.0,0,0.0,0,0,1.0,0.0,0.0,144,17,336,248,45.46341386213755,0.1167829111218452
904.0,15:04,cctv3,C3_S005,G025,UNKNOWN,1,0.816857099533081,312.1412506103516,135.3430213928223,2,4.0,0.4359188428678074,0.5090468288788902,1,0.816857099533081,312.1412506103516,135.3430213928223,2,4.0,0.4359188428678074,0.5090468288788902,0.9813161543995268,0.9471883246658468,0,SKIPPED,1.0,0,0.0,,,0.0,,0.0,0,0.0,0,0,1.0,0.0,0.0,205,0,397,216,45.46341386213755,0.0928537845611572
904.0,15:04,cctv3,C3_S006,G026,UNKNOWN,1,0.8287215828895569,415.719970703125,121.57778930664062,6,4.0,0.1474691393602482,0.2339291927220749,1,0.8287215828895569,415.719970703125,121.57778930664062,6,4.0,0.1474691393602482,0.2339291927220749,0.8222245990897903,0.9217552552163426,0,SKIPPED,1.0,0,0.0,,,0.0,,0.0,0,0.0,0,0,1.0,0.0,0.0,263,0,515,225,59.28255055241804,0.0705639570951461
904.0,15:04,cctv3,C3_S007,G027,UNKNOWN,0,0.0,,,-1,0.0,0.0,0.0,0,0.0,,,-1,0.0,0.0,0.0,0.0,0.0,1,OCCUPIED_MEMORY_RECHECK,0.2,0,0.0,,,0.0,,0.0,0,0.0,0,2,1.0,0.0,0.0,548,40,676,184,24.0,0.0736155733466148
904.0,15:04,cctv3,C3_S008,G028,UNKNOWN,0,0.0,,,-1,0.0,0.0,0.0,0,0.0,,,-1,0.0,0.0,0.0,0.0,0.0,0,SKIPPED,0.0,0,0.0,,,0.0,,0.0,0,0.0,0,0,1.0,0.0,0.0,556,56,684,200,24.0,0.0868410766124725
904.0,15:04,cctv3,C3_S009,G029,UNKNOWN,0,0.0,,,-1,0.0,0.0,0.0,0,0.0,,,-1,0.0,0.0,0.0,0.0,0.0,0,SKIPPED,0.0,0,0.0,,,0.0,,0.0,0,0.0,0,0,1.0,0.0,0.0,578,67,706,211,24.0,0.0961031466722488
904.0,15:04,cctv3,C3_S010,G007,UNKNOWN,0,0.0,,,-1,0.0,0.0,0.0,0,0.0,,,-1,0.0,0.0,0.0,0.0,0.0,1,RECENT_FULL_MISS,0.6,1,0.0423458367586135,708.6157054901123,182.98497009277344,0.0296420857310295,29.88260360673693,0.0423458367586135,1,0.0423458367586135,1,2,1.55,0.0423458367586135,0.0423458367586135,580,44,778,279,29.84630630413084,0.092915691435337
904.0,15:04,cctv3,C3_S011,G008,UNKNOWN,1,0.5718712210655212,720.9007873535156,169.90973281860352,9,4.0,0.4723687223305687,0.8255146894890459,1,0.5718712210655212,720.9007873535156,169.90973281860352,9,4.0,0.4723687223305687,0.8255146894890459,0.4987179005392588,0.7941744517847573,0,SKIPPED,1.0,0,0.0,,,0.0,,0.0,0,0.0,0,0,1.0,0.0,0.0,648,76,824,286,41.34888148426751,0.0700834095478057
904.0,15:04,cctv3,C3_S012,G009,UNKNOWN,1,0.8551725149154663,858.3721923828125,233.50645446777344,4,4.0,0.3920553681701191,0.8978521399322903,1,0.8551725149154663,858.3721923828125,233.50645446777344,4,4.0,0.3920553681701191,0.8978521399322903,0.874867197108043,0.9383726745066236,0,SKIPPED,1.0,0,0.0,,,0.0,,0.0,0,0.0,0,0,1.0,0.0,0.0,668,6,926,435,84.56503532784694,0.0919277444481849
905.0,15:05,cctv1,C1_S001,G001,UNKNOWN,1,0.78370600938797,39.43816535174847,86.76277542114258,2,5.0,0.2557090463810494,0.3233376156978982,1,0.78370600938797,39.43816535174847,86.76277542114258,2,5.0,0.2557090463810494,0.3233376156978982,0.7923500258014384,0.904223627179011,0,SKIPPED,1.0,0,0.0,,,0.0,,0.0,0,0.0,0,0,1.0,0.0,0.0,0,0,149,202,62.82492817345676,0.1924608051776886
905.0,15:05,cctv1,C1_S002,G002,UNKNOWN,0,0.0,,,-1,0.0,0.0,0.0,0,0.0,,,-1,0.0,0.0,0.0,0.0,0.0,0,SKIPPED,0.0,0,0.0,,,0.0,,0.0,0,0.0,0,0,1.0,0.0,0.0,0,0,143,297,62.82492817345676,0.1274664998054504
905.0,15:05,cctv1,C1_S003,G003,UNKNOWN,1,0.9164843559265136,471.3722524642944,64.78607749938965,1,5.0,0.266917403669334,0.3481242811128693,1,0.9164843559265136,471.3722524642944,64.78607749938965,1,5.0,0.266917403669334,0.3481242811128693,0.8181182784248435,0.9447120662166306,0,SKIPPED,1.0,0,0.0,,,0.0,,0.0,0,0.0,0,0,1.0,0.0,0.0,170,0,674,208,105.0,0.1871135383844375
905.0,15:05,cctv1,C1_S004,G004,UNKNOWN,1,0.504186749458313,647.1676406860352,75.25059127807617,3,5.0,0.3605563775039692,0.5283625801013546,1,0.504186749458313,647.1676406860352,75.25059127807617,3,5.0,0.3605563775039692,0.5283625801013546,0.9913204664746776,0.8645681063191866,0,SKIPPED,1.0,0,0.0,,,0.0,,0.0,0,0.0,0,0,1.0,0.0,0.0,561,0,719,153,37.10702898373837,0.1898584067821502
905.0,15:05,cctv1,C1_S005,G005,UNKNOWN,1,0.2810747921466827,671.1032867431641,126.57721328735352,4,5.0,2.8890782178922416,5.587927307304048,1,0.2810747921466827,671.1032867431641,126.57721328735352,4,5.0,2.8890782178922416,5.587927307304048,0.5937240570797715,0.7327605241539632,0,SKIPPED,1.0,0,0.0,,,0.0,,0.0,0,0.0,0,0,1.0,0.0,0.0,566,20,724,209,37.10702898373837,0.1359665393829345
905.0,15:05,cctv1,C1_S006,G006,UNKNOWN,0,0.0,,,-1,0.0,0.0,0.0,0,0.0,,,-1,0.0,0.0,0.0,0.0,0.0,0,SKIPPED,0.1666666666666666,0,0.0,,,0.0,,0.0,0,0.0,0,0,1.0,0.0,0.0,597,0,812,229,70.3356893760202,0.1686716228723526
905.0,15:05,cctv2,C2_S001,G007,UNKNOWN,1,0.6663392782211304,38.10381111502648,297.61572265625,3,5.0,0.3504012665132685,1.3396623496699616,1,0.6663392782211304,38.10381111502648,297.61572265625,3,5.0,0.3504012665132685,1.3396623496699616,0.9699932892576736,0.9045103971860864,0,SKIPPED,1.0,0,0.0,,,0.0,,0.0,0,0.0,0,0,1.0,0.0,0.0,0,78,175,404,64.07440986852708,0.1891301870346069
905.0,15:05,cctv2,C2_S002,G008,UNKNOWN,1,0.8645689487457275,83.22110614180565,199.85974884033203,2,5.0,4.582751771903859,5.659799068391699,1,0.8645689487457275,83.22110614180565,199.85974884033203,2,5.0,4.582751771903859,5.659799068391699,0.6561127674223801,0.9015339142973748,0,SKIPPED,1.0,0,0.0,,,0.0,,0.0,0,0.0,0,0,1.0,0.0,0.0,0,43,242,337,57.87714574855951,0.1691119521856308
905.0,15:05,cctv2,C2_S003,G009,UNKNOWN,0,0.0,,,-1,0.0,0.0,0.0,0,0.0,,,-1,0.0,0.0,0.0,0.0,0.0,1,RECENT_FULL_MISS,0.5,1,0.2584062218666076,207.47167205810547,122.222412109375,0.1808843553066253,46.71015855787678,0.2584062218666076,1,0.2584062218666076,1,2,1.55,0.2584062218666076,0.2584062218666076,77,18,283,266,31.43845416047042,0.1700058877468109
905.0,15:05,cctv2,C2_S004,G010,UNKNOWN,1,0.5035631060600281,201.95076751708984,127.33988571166992,9,5.0,8.034593548862777,7.984067433073843,1,0.5035631060600281,201.95076751708984,127.33988571166992,9,5.0,8.034593548862777,7.984067433073843,0.6978300600066565,0.8115714494374058,0,SKIPPED,1.0,0,0.0,,,0.0,,0.0,0,0.0,0,0,1.0,0.0,0.0,153,44,281,188,24.20499948357777,0.0608841031789779
905.0,15:05,cctv2,C2_S005,G001,UNKNOWN,0,0.0,,,-1,0.0,0.0,0.0,0,0.0,,,-1,0.0,0.0,0.0,0.0,0.0,0,SKIPPED,0.0,0,0.0,,,0.0,,0.0,0,0.0,0,0,1.0,0.0,0.0,186,28,314,172,24.20499948357777,0.0612150020897388
905.0,15:05,cctv2,C2_S006,G003,UNKNOWN,1,0.6700621843338013,403.4933319091797,89.92768859863281,4,5.0,0.5407005944475952,1.116427886038909,1,0.6700621843338013,403.4933319091797,89.92768859863281,4,5.0,0.5407005944475952,1.116427886038909,1.0,0.9109167897701264,0,SKIPPED,1.0,0,0.0,,,0.0,,0.0,0,0.0,0,0,1.0,0.0,0.0,330,0,476,161,34.54770614671834,0.1128614544868469
905.0,15:05,cctv2,C2_S007,G004,UNKNOWN,1,0.6385685205459595,450.20159912109375,84.44084167480469,7,5.0,0.4004759749672593,0.6474349398683334,1,0.6385685205459595,450.20159912109375,84.44084167480469,7,5.0,0.4004759749672593,0.6474349398683334,1.0,0.9024135005474092,0,SKIPPED,1.0,0,0.0,,,0.0,,0.0,0,0.0,0,0,1.0,0.0,0.0,382,0,528,154,34.3453752345203,0.1868846714496612
905.0,15:05,cctv2,C2_S008,G006,UNKNOWN,1,0.4883759021759033,503.0843353271485,92.96189880371094,11,5.0,1.793166021533548,3.035733280973921,1,0.4883759021759033,503.0843353271485,92.96189880371094,11,5.0,1.793166021533548,3.035733280973921,1.0,0.861861493587494,0,SKIPPED,1.0,0,0.0,,,0.0,,0.0,0,0.0,0,0,1.0,0.0,0.0,434,0,580,156,34.3453752345203,0.1877211183309555
905.0,15:05,cctv2,C2_S009,G005,UNKNOWN,1,0.5985782742500305,576.4631042480469,101.2562484741211,8,5.0,0.6469997728763566,1.3898984933263592,1,0.5985782742500305,576.4631042480469,101.2562484741211,8,5.0,0.6469997728763566,1.3898984933263592,1.0,0.8916161340475084,0,SKIPPED,1.0,0,0.0,,,0.0,,0.0,0,0.0,0,0,1.0,0.0,0.0,481,0,661,182,42.65561158862923,0.1426102072000503
905.0,15:05,cctv2,C2_S010,G002,UNKNOWN,1,0.7131482362747192,669.9915466308594,142.1867637634277,5,5.0,0.2027338135026213,1.713091222103296,1,0.7131482362747192,669.9915466308594,142.1867637634277,5,5.0,0.2027338135026213,1.713091222103296,0.526309937082492,0.8372858124690228,0,SKIPPED,1.0,0,0.0,,,0.0,,0.0,0,0.0,0,0,1.0,0.0,0.0,584,61,712,205,24.853184906566806,0.188014954328537
905.0,15:05,cctv2,C2_S011,G017,UNKNOWN,1,0.6701562404632568,708.0882568359375,154.4481544494629,6,5.0,0.5014265116919988,1.574175455619916,1,0.6701562404632568,708.0882568359375,154.4481544494629,6,5.0,0.5014265116919988,1.574175455619916,0.428325149336465,0.8080407118056432,0,SKIPPED,1.0,0,0.0,,,0.0,,0.0,0,0.0,0,0,1.0,0.0,0.0,621,68,749,212,24.853184906566806,0.1552458554506302
905.0,15:05,cctv2,C2_S012,G018,UNKNOWN,0,0.0,,,-1,0.0,0.0,0.0,0,0.0,,,-1,0.0,0.0,0.0,0.0,0.0,0,SKIPPED,0.0,0,0.0,,,0.0,,0.0,0,0.0,0,0,1.0,0.0,0.0,647,71,813,270,39.30187781773283,0.17819744348526
905.0,15:05,cctv2,C2_S013,G019,UNKNOWN,1,0.6399619579315186,772.7439880371094,233.3025131225586,10,5.0,0.6783828165273305,1.5312920644879642,1,0.6399619579315186,772.7439880371094,233.3025131225586,10,5.0,0.6783828165273305,1.5312920644879642,0.4675687636036612,0.8069521060901691,0,SKIPPED,1.0,0,0.0,,,0.0,,0.0,0,0.0,0,0,1.0,0.0,0.0,702,75,861,370,58.11748790166348,0.2051275819540023
905.0,15:05,cctv2,C2_S014,G020,UNKNOWN,0,0.0,,,-1,0.0,0.0,0.0,0,0.0,,,-1,0.0,0.0,0.0,0.0,0.0,0,SKIPPED,0.0,0,0.0,,,0.0,,0.0,0,0.0,0,0,1.0,0.0,0.0,725,160,861,455,58.11748790166348,0.0985779613256454
905.0,15:05,cctv3,C3_S001,G021,UNKNOWN,1,0.5738206505775452,31.80805829167366,272.6029510498047,8,5.0,0.7154578830646177,0.965809120896639,1,0.5738206505775452,31.80805829167366,272.6029510498047,8,5.0,0.7154578830646177,0.965809120896639,1.0,0.8849315756559373,0,SKIPPED,1.0,0,0.0,,,0.0,,0.0,0,0.0,0,0,1.0,0.0,0.0,0,47,188,433,75.98890445321607,0.2558581829071045
905.0,15:05,cctv3,C3_S002,G019,UNKNOWN,0,0.0,,,-1,0.0,0.0,0.0,0,0.0,,,-1,0.0,0.0,0.0,0.0,0.0,0,SKIPPED,0.0,0,0.0,,,0.0,,0.0,0,0.0,0,0,1.0,0.0,0.0,73,164,201,308,24.0,0.1676973849534988
905.0,15:05,cctv3,C3_S003,G020,UNKNOWN,1,0.8372154831886292,118.6887667775154,216.92566680908203,5,5.0,0.317169280098894,0.3425307094211726,1,0.8372154831886292,118.6887667775154,216.92566680908203,5,5.0,0.317169280098894,0.3425307094211726,0.0950321943517085,0.7931539754442375,0,SKIPPED,1.0,0,0.0,,,0.0,,0.0,0,0.0,0,0,1.0,0.0,0.0,91,133,219,277,24.0,0.2125709652900695
905.0,15:05,cctv3,C3_S004,G024,UNKNOWN,1,0.861258327960968,223.08678436279297,158.2197494506836,3,5.0,0.9275229038799782,1.694227007119845,1,0.861258327960968,223.08678436279297,158.2197494506836,3,5.0,0.9275229038799782,1.694227007119845,0.946210430071708,0.9528576259623688,0,SKIPPED,1.0,0,0.0,,,0.0,,0.0,0,0.0,0,0,1.0,0.0,0.0,144,17,336,248,45.46341386213755,0.1176468208432197
905.0,15:05,cctv3,C3_S005,G025,UNKNOWN,1,0.8546221852302551,312.35921478271484,135.2926254272461,2,5.0,0.3980710125145775,0.52262675838006,1,0.8546221852302551,312.35921478271484,135.2926254272461,2,5.0,0.3980710125145775,0.52262675838006,0.9829471641727489,0.9576784795632638,0,SKIPPED,1.0,0,0.0,,,0.0,,0.0,0,0.0,0,0,1.0,0.0,0.0,205,0,397,216,45.46341386213755,0.0931157320737838
905.0,15:05,cctv3,C3_S006,G026,UNKNOWN,1,0.8327099680900574,415.4117736816406,121.55112075805664,6,5.0,0.1474691393602482,0.3604530280302603,1,0.8327099680900574,415.4117736816406,121.55112075805664,6,5.0,0.1474691393602482,0.3604530280302603,0.8254342075565277,0.9234098487444906,0,SKIPPED,1.0,0,0.0,,,0.0,,0.0,0,0.0,0,0,1.0,0.0,0.0,263,0,515,225,59.28255055241804,0.0713728740811348
905.0,15:05,cctv3,C3_S007,G027,UNKNOWN,1,0.0561668388545513,615.8874816894531,104.6206169128418,12,0.0,0.0,0.0,1,0.0561668388545513,615.8874816894531,104.6206169128418,12,0.0,0.0,0.0,0.4080791644642084,0.6386192960942865,1,WEAK_FULL,0.3333333333333333,0,0.0,,,0.0,,0.0,0,0.0,0,2,1.0,0.0,0.0,548,40,676,184,24.0,0.0738688260316848
905.0,15:05,cctv3,C3_S008,G028,UNKNOWN,0,0.0,,,-1,0.0,0.0,0.0,0,0.0,,,-1,0.0,0.0,0.0,0.0,0.0,0,SKIPPED,0.0,0,0.0,,,0.0,,0.0,0,0.0,0,0,1.0,0.0,0.0,556,56,684,200,24.0,0.0870893374085426
905.0,15:05,cctv3,C3_S009,G029,UNKNOWN,1,0.1944629698991775,665.8663635253906,131.5555076599121,10,5.0,5.455163443575991,5.12245616023339,1,0.1944629698991775,665.8663635253906,131.5555076599121,10,5.0,5.455163443575991,5.12245616023339,0.0471682728245193,0.6109952909811914,0,SKIPPED,0.1666666666666666,0,0.0,,,0.0,,0.0,0,0.0,0,0,1.0,0.0,0.0,578,67,706,211,24.0,0.0953548029065132
905.0,15:05,cctv3,C3_S010,G007,UNKNOWN,0,0.0,,,-1,0.0,0.0,0.0,0,0.0,,,-1,0.0,0.0,0.0,0.0,0.0,1,RECENT_FULL_MISS,0.5,1,0.1150614470243454,684.3586869239807,164.1241693496704,0.0967747364488241,15.811573706830297,0.1150614470243454,1,0.1150614470243454,1,2,1.55,0.1150614470243454,0.1150614470243454,580,44,778,279,29.84630630413084,0.0933779329061508
905.0,15:05,cctv3,C3_S011,G008,UNKNOWN,1,0.6380546689033508,720.89892578125,169.4885597229004,9,5.0,0.4308904130234315,0.8255146894890459,1,0.6380546689033508,720.89892578125,169.4885597229004,9,5.0,0.4308904130234315,0.8255146894890459,0.4973693974249841,0.8118012521404019,0,SKIPPED,1.0,0,0.0,,,0.0,,0.0,0,0.0,0,0,1.0,0.0,0.0,648,76,824,286,41.34888148426751,0.0704844370484352
905.0,15:05,cctv3,C3_S012,G009,UNKNOWN,1,0.8515722751617432,858.3226013183594,233.96055603027344,4,5.0,0.3244804490828726,0.8978521399322903,1,0.8515722751617432,858.3226013183594,233.96055603027344,4,5.0,0.3244804490828726,0.8978521399322903,0.8783827678015445,0.9380334124979488,0,SKIPPED,1.0,0,0.0,,,0.0,,0.0,0,0.0,0,0,1.0,0.0,0.0,668,6,926,435,84.56503532784694,0.0809234604239463
906.0,15:06,cctv1,C1_S001,G001,UNKNOWN,1,0.7544429898262024,64.22212033718824,76.72587585449219,2,6.0,0.3150263497770917,26.97292780210538,1,0.7544429898262024,64.22212033718824,76.72587585449219,2,6.0,0.3150263497770917,26.97292780210538,0.5251808672256368,0.8482321633536893,0,SKIPPED,1.0,0,0.0,,,0.0,,0.0,0,0.0,0,0,1.0,0.0,0.0,0,0,149,202,62.82492817345676,0.1951047629117965
906.0,15:06,cctv1,C1_S002,G002,UNKNOWN,0,0.0,,,-1,0.0,0.0,0.0,0,0.0,,,-1,0.0,0.0,0.0,0.0,0.0,0,SKIPPED,0.0,0,0.0,,,0.0,,0.0,0,0.0,0,0,1.0,0.0,0.0,0,0,143,297,62.82492817345676,0.1184788718819618
906.0,15:06,cctv1,C1_S003,G003,UNKNOWN,1,0.9162328839302064,471.4227056503296,64.85750007629395,1,6.0,0.262217443702231,0.3481242811128693,1,0.9162328839302064,471.4227056503296,64.85750007629395,1,6.0,0.262217443702231,0.3481242811128693,0.8180166225842722,0.9446258707263248,0,SKIPPED,1.0,0,0.0,,,0.0,,0.0,0,0.0,0,0,1.0,0.0,0.0,170,0,674,208,105.0,0.1856121718883514
906.0,15:06,cctv1,C1_S004,G004,UNKNOWN,1,0.5508506298065186,647.1718215942383,75.17498588562012,3,6.0,0.2722709854300152,0.5283625801013546,1,0.5508506298065186,647.1718215942383,75.17498588562012,3,6.0,0.2722709854300152,0.5283625801013546,0.9947256266577318,0.8777802828461518,0,SKIPPED,1.0,0,0.0,,,0.0,,0.0,0,0.0,0,0,1.0,0.0,0.0,561,0,719,153,37.10702898373837,0.1890026032924652
906.0,15:06,cctv1,C1_S005,G005,UNKNOWN,1,0.3972744047641754,619.5036773681641,125.97708892822266,9,2.0,44.30030918561195,80.72727558551513,1,0.3972744047641754,619.5036773681641,125.97708892822266,9,2.0,44.30030918561195,80.72727558551513,0.53495637431126,0.7535562366623543,0,SKIPPED,1.0,0,0.0,,,0.0,,0.0,0,0.0,0,0,1.0,0.0,0.0,566,20,724,209,37.10702898373837,0.1359286308288574
906.0,15:06,cctv1,C1_S006,G006,UNKNOWN,1,0.1928151249885559,697.843505859375,107.98369979858398,4,6.0,4.318515759292545,31.073513715936283,1,0.1928151249885559,697.843505859375,107.98369979858398,4,6.0,4.318515759292545,31.073513715936283,0.5686834780967098,0.7044231098043179,0,SKIPPED,0.2857142857142857,0,0.0,,,0.0,,0.0,0,0.0,0,0,1.0,0.0,0.0,597,0,812,229,70.3356893760202,0.1676986068487167
906.0,15:06,cctv2,C2_S001,G007,UNKNOWN,1,0.718133807182312,38.1640967130661,296.00437927246094,3,6.0,0.3906881161282563,2.5882566618121663,1,0.718133807182312,38.1640967130661,296.00437927246094,3,6.0,0.3906881161282563,2.5882566618121663,0.9865184181737175,0.9214694432104936,0,SKIPPED,1.0,0,0.0,,,0.0,,0.0,0,0.0,0,0,1.0,0.0,0.0,0,78,175,404,64.07440986852708,0.1905670017004013
906.0,15:06,cctv2,C2_S002,G008,UNKNOWN,1,0.8584458827972412,83.22291287779808,195.95569610595703,2,6.0,5.700962541175336,5.659799068391699,1,0.8584458827972412,83.22291287779808,195.95569610595703,2,6.0,5.700962541175336,5.659799068391699,0.6289909197897552,0.8949987539174111,0,SKIPPED,1.0,0,0.0,,,0.0,,0.0,0,0.0,0,0,1.0,0.0,0.0,0,43,242,337,57.87714574855951,0.1703489422798156
906.0,15:06,cctv2,C2_S003,G009,UNKNOWN,0,0.0,,,-1,0.0,0.0,0.0,0,0.0,,,-1,0.0,0.0,0.0,0.0,0.0,1,RECENT_FULL_MISS,0.4285714285714285,1,0.3557147681713104,210.0708694458008,147.63111114501953,0.2490003377199172,32.515328704062874,0.3557147681713104,1,0.3557147681713104,1,2,1.55,0.3557147681713104,0.3557147681713104,77,18,283,266,31.43845416047042,0.1728075742721557
906.0,15:06,cctv2,C2_S004,G010,UNKNOWN,1,0.5796126127243042,207.02639770507807,128.93915939331055,9,6.0,8.034593548862777,7.984067433073843,1,0.5796126127243042,207.02639770507807,128.93915939331055,9,6.0,8.034593548862777,7.984067433073843,0.8621690277224775,0.8616858304256081,0,SKIPPED,1.0,0,0.0,,,0.0,,0.0,0,0.0,0,0,1.0,0.0,0.0,153,44,281,188,24.20499948357777,0.0624420829117298
906.0,15:06,cctv2,C2_S005,G001,UNKNOWN,0,0.0,,,-1,0.0,0.0,0.0,0,0.0,,,-1,0.0,0.0,0.0,0.0,0.0,0,SKIPPED,0.0,0,0.0,,,0.0,,0.0,0,0.0,0,0,1.0,0.0,0.0,186,28,314,172,24.20499948357777,0.0617965757846832
906.0,15:06,cctv2,C2_S006,G003,UNKNOWN,1,0.8887340426445007,368.8149566650391,121.77193450927734,1,6.0,0.6200111121744929,12.730473884813833,1,0.8887340426445007,368.8149566650391,121.77193450927734,1,6.0,0.6200111121744929,12.730473884813833,0.1871630218743865,0.8236475354514048,0,SKIPPED,1.0,0,0.0,,,0.0,,0.0,0,0.0,0,0,1.0,0.0,0.0,330,0,476,161,34.54770614671834,0.1613876074552536
906.0,15:06,cctv2,C2_S007,G004,UNKNOWN,1,0.6548975110054016,450.3761444091797,84.52959060668945,7,6.0,0.2884989992159558,0.6939203639096846,1,0.6548975110054016,450.3761444091797,84.52959060668945,7,6.0,0.2884989992159558,0.6939203639096846,1.0,0.9068223279714585,0,SKIPPED,1.0,0,0.0,,,0.0,,0.0,0,0.0,0,0,1.0,0.0,0.0,382,0,528,154,34.3453752345203,0.1998756229877472
906.0,15:06,cctv2,C2_S008,G006,UNKNOWN,1,0.4289300739765167,502.9990539550781,92.55334091186523,11,6.0,0.7259163921062216,3.035733280973921,1,0.4289300739765167,502.9990539550781,92.55334091186523,11,6.0,0.7259163921062216,3.035733280973921,1.0,0.8458111199736595,0,SKIPPED,1.0,0,0.0,,,0.0,,0.0,0,0.0,0,0,1.0,0.0,0.0,434,0,580,156,34.3453752345203,0.1910934746265411
906.0,15:06,cctv2,C2_S009,G005,UNKNOWN,1,0.6232048869132996,575.9169006347656,100.40217971801758,8,6.0,0.6160563991780023,1.3898984933263592,1,0.6232048869132996,575.9169006347656,100.40217971801758,8,6.0,0.6160563991780023,1.3898984933263592,1.0,0.8982653194665909,0,SKIPPED,1.0,0,0.0,,,0.0,,0.0,0,0.0,0,0,1.0,0.0,0.0,481,0,661,182,42.65561158862923,0.1443257927894592
906.0,15:06,cctv2,C2_S010,G002,UNKNOWN,1,0.7560107707977295,669.4432678222656,142.34444427490234,5,6.0,0.2027338135026213,2.017645803135895,1,0.7560107707977295,669.4432678222656,142.34444427490234,5,6.0,0.2027338135026213,2.017645803135895,0.5453213169932032,0.8522807451741636,0,SKIPPED,1.0,0,0.0,,,0.0,,0.0,0,0.0,0,0,1.0,0.0,0.0,584,61,712,205,24.853184906566806,0.188302144408226
906.0,15:06,cctv2,C2_S011,G017,UNKNOWN,1,0.6449185609817505,708.2276306152344,155.2250862121582,6,6.0,0.5014265116919988,1.574175455619916,1,0.6449185609817505,708.2276306152344,155.2250862121582,6,6.0,0.5014265116919988,1.574175455619916,0.4186324741263361,0.7994818568078131,0,SKIPPED,1.0,0,0.0,,,0.0,,0.0,0,0.0,0,0,1.0,0.0,0.0,621,68,749,212,24.853184906566806,0.1572940647602081
906.0,15:06,cctv2,C2_S012,G018,UNKNOWN,0,0.0,,,-1,0.0,0.0,0.0,0,0.0,,,-1,0.0,0.0,0.0,0.0,0.0,0,SKIPPED,0.0,0,0.0,,,0.0,,0.0,0,0.0,0,0,1.0,0.0,0.0,647,71,813,270,39.30187781773283,0.1820915937423706
906.0,15:06,cctv2,C2_S013,G019,UNKNOWN,1,0.6924659609794617,771.9537658691406,233.1720428466797,10,6.0,0.6361341699207409,1.5312920644879642,1,0.6924659609794617,771.9537658691406,233.1720428466797,10,6.0,0.6361341699207409,1.5312920644879642,0.4621013518082485,0.8201440527899395,0,SKIPPED,1.0,0,0.0,,,0.0,,0.0,0,0.0,0,0,1.0,0.0,0.0,702,75,861,370,58.11748790166348,0.2055590599775314
906.0,15:06,cctv2,C2_S014,G020,UNKNOWN,0,0.0,,,-1,0.0,0.0,0.0,0,0.0,,,-1,0.0,0.0,0.0,0.0,0.0,0,SKIPPED,0.0,0,0.0,,,0.0,,0.0,0,0.0,0,0,1.0,0.0,0.0,725,160,861,455,58.11748790166348,0.0989142581820488
906.0,15:06,cctv3,C3_S001,G021,UNKNOWN,1,0.5933085680007935,31.716518223285675,272.7117462158203,8,6.0,0.5934286205467213,0.965809120896639,1,0.5933085680007935,31.716518223285675,272.7117462158203,8,6.0,0.5934286205467213,0.965809120896639,1.0,0.8901933133602142,0,SKIPPED,1.0,0,0.0,,,0.0,,0.0,0,0.0,0,0,1.0,0.0,0.0,0,47,188,433,75.98890445321607,0.2578166723251343
906.0,15:06,cctv3,C3_S002,G019,UNKNOWN,0,0.0,,,-1,0.0,0.0,0.0,0,0.0,,,-1,0.0,0.0,0.0,0.0,0.0,0,SKIPPED,0.0,0,0.0,,,0.0,,0.0,0,0.0,0,0,1.0,0.0,0.0,73,164,201,308,24.0,0.1683217883110046
906.0,15:06,cctv3,C3_S003,G020,UNKNOWN,1,0.8304169774055481,118.81497782468796,216.88525390625,5,6.0,0.2706541463016055,0.3425307094211726,1,0.8304169774055481,118.81497782468796,216.88525390625,5,6.0,0.2706541463016055,0.3425307094211726,0.0982059488643908,0.7918896546950884,0,SKIPPED,1.0,0,0.0,,,0.0,,0.0,0,0.0,0,0,1.0,0.0,0.0,91,133,219,277,24.0,0.2142622619867324
906.0,15:06,cctv3,C3_S004,G024,UNKNOWN,1,0.8489797711372375,221.6555595397949,158.4672813415527,3,6.0,0.9389350510996688,2.4027291065223757,1,0.8489797711372375,221.6555595397949,158.4672813415527,3,6.0,0.9389350510996688,2.4027291065223757,0.9228268131284474,0.9453333645701748,0,SKIPPED,1.0,0,0.0,,,0.0,,0.0,0,0.0,0,0,1.0,0.0,0.0,144,17,336,248,45.46341386213755,0.1184463649988174
906.0,15:06,cctv3,C3_S005,G025,UNKNOWN,1,0.8677073121070862,312.1169204711914,135.3246307373047,2,6.0,0.408413313497495,0.52262675838006,1,0.8677073121070862,312.1169204711914,135.3246307373047,2,6.0,0.408413313497495,0.52262675838006,0.9859029541416312,0.9617435060144068,0,SKIPPED,1.0,0,0.0,,,0.0,,0.0,0,0.0,0,0,1.0,0.0,0.0,205,0,397,216,45.46341386213755,0.0934885293245315
906.0,15:06,cctv3,C3_S006,G026,UNKNOWN,1,0.8406740427017212,415.6000213623047,121.50040435791016,6,6.0,0.1889679018899585,0.3604530280302603,1,0.8406740427017212,415.6000213623047,121.50040435791016,6,6.0,0.1889679018899585,0.3604530280302603,0.824353898705225,0.9253656932964052,0,SKIPPED,1.0,0,0.0,,,0.0,,0.0,0,0.0,0,0,1.0,0.0,0.0,263,0,515,225,59.28255055241804,0.070191778242588
906.0,15:06,cctv3,C3_S007,G027,UNKNOWN,1,0.0855990052223205,615.4161376953125,105.7694969177246,12,1.0,1.241809335780646,1.241809335780646,1,0.0855990052223205,615.4161376953125,105.7694969177246,12,1.0,1.241809335780646,1.241809335780646,0.4447847132600845,0.6531729797968419,1,WEAK_FULL,0.4285714285714285,1,0.0912212878465652,644.0938911437988,146.37918090820312,0.0638549014925956,38.01748102175208,0.0912212878465652,1,0.0912212878465652,1,2,1.55,0.0912212878465652,0.0912212878465652,513,1,711,224,24.0,0.0753206610679626
906.0,15:06,cctv3,C3_S008,G028,UNKNOWN,0,0.0,,,-1,0.0,0.0,0.0,0,0.0,,,-1,0.0,0.0,0.0,0.0,0.0,0,SKIPPED,0.0,0,0.0,,,0.0,,0.0,0,0.0,0,0,1.0,0.0,0.0,556,56,684,200,24.0,0.0876170694828033
906.0,15:06,cctv3,C3_S009,G029,UNKNOWN,1,0.1351448893547058,662.0492248535156,130.88225936889648,10,6.0,4.61770400641763,8.513232482614434,1,0.1351448893547058,662.0492248535156,130.88225936889648,10,6.0,4.61770400641763,8.513232482614434,0.110279502221673,0.6063394305256717,1,WEAK_FULL,0.2857142857142857,1,0.0775530934333801,656.5754442214966,157.03518676757812,0.0628919717896395,15.123700159127583,0.0775530934333801,1,0.0775530934333801,1,2,1.55,0.0775530934333801,0.0775530934333801,543,28,741,251,24.0,0.0975380092859268
906.0,15:06,cctv3,C3_S010,G007,UNKNOWN,0,0.0,,,-1,0.0,0.0,0.0,0,0.0,,,-1,0.0,0.0,0.0,0.0,0.0,1,RECENT_FULL_MISS,0.4285714285714285,1,0.1764799654483795,680.351633310318,163.30246829986572,0.1485312763999665,15.755615319062652,0.1764799654483795,1,0.1764799654483795,1,2,1.55,0.1764799654483795,0.1764799654483795,580,44,778,279,29.84630630413084,0.0957722291350364
906.0,15:06,cctv3,C3_S011,G008,UNKNOWN,1,0.6519012451171875,720.7049865722656,169.3848419189453,9,6.0,0.4308904130234315,0.8255146894890459,1,0.6519012451171875,720.7049865722656,169.3848419189453,9,6.0,0.4308904130234315,0.8255146894890459,0.4957533313654321,0.8152489358274184,0,SKIPPED,1.0,0,0.0,,,0.0,,0.0,0,0.0,0,0,1.0,0.0,0.0,648,76,824,286,41.34888148426751,0.072557047009468
906.0,15:06,cctv3,C3_S012,G009,UNKNOWN,1,0.8191966414451599,858.1430969238281,249.8000640869141,4,6.0,0.5243763012420463,16.132699917690246,1,0.8191966414451599,858.1430969238281,249.8000640869141,4,6.0,0.5243763012420463,16.132699917690246,1.0,0.9511830931901932,0,SKIPPED,1.0,0,0.0,,,0.0,,0.0,0,0.0,0,0,1.0,0.0,0.0,668,6,926,435,84.56503532784694,0.0566573701798915
907.0,15:07,cctv1,C1_S001,G001,UNKNOWN,1,0.1506025195121765,12.573740839958193,58.80439853668213,10,1.0,63.105106560485886,63.105106560485886,1,0.1506025195121765,12.573740839958193,58.80439853668213,10,1.0,63.105106560485886,63.105106560485886,0.9179635289892016,0.7558961154863441,1,WEAK_FULL,1.0,1,0.2057646960020065,13.08053145557642,55.370566844940186,0.1823707674500393,23.80910346508912,0.2057646960020065,1,0.2057646960020065,2,2,1.0,0.1794477254152298,0.2057646960020065,0,0,149,202,62.82492817345676,0.1967472434043884
907.0,15:07,cctv1,C1_S002,G002,UNKNOWN,0,0.0,,,-1,0.0,0.0,0.0,0,0.0,,,-1,0.0,0.0,0.0,0.0,0.0,0,SKIPPED,0.0,0,0.0,,,0.0,,0.0,0,0.0,0,0,1.0,0.0,0.0,0,0,143,297,62.82492817345676,0.2283978462219238
907.0,15:07,cctv1,C1_S003,G003,UNKNOWN,1,0.9053052067756652,471.4605007171631,64.83721733093262,1,7.0,0.1586775629756219,0.3481242811128693,1,0.9053052067756652,471.4605007171631,64.83721733093262,1,7.0,0.1586775629756219,0.3481242811128693,0.8176723711961218,0.9416134326447316,0,SKIPPED,1.0,0,0.0,,,0.0,,0.0,0,0.0,0,0,1.0,0.0,0.0,170,0,674,208,105.0,0.1797806024551391
907.0,15:07,cctv1,C1_S004,G004,UNKNOWN,1,0.4684185087680816,647.1570663452148,75.31704139709473,3,7.0,0.1705884862320626,0.5283625801013546,1,0.4684185087680816,647.1570663452148,75.31704139709473,3,7.0,0.1705884862320626,0.5283625801013546,0.9887939495793032,0.8544559082916567,0,SKIPPED,1.0,0,0.0,,,0.0,,0.0,0,0.0,0,0,1.0,0.0,0.0,561,0,719,153,37.10702898373837,0.1877676099538803
907.0,15:07,cctv1,C1_S005,G005,UNKNOWN,1,0.5634089112281799,619.5518341064453,125.16193008422852,9,3.0,35.86728358529179,80.72727558551513,1,0.5634089112281799,619.5518341064453,125.16193008422852,9,3.0,35.86728358529179,80.72727558551513,0.5431184692187014,0.7998817304909749,0,SKIPPED,1.0,0,0.0,,,0.0,,0.0,0,0.0,0,0,1.0,0.0,0.0,566,20,724,209,37.10702898373837,0.1350663006305694
907.0,15:07,cctv1,C1_S006,G006,UNKNOWN,1,0.2410189360380172,693.8460540771484,95.19769668579102,4,7.0,8.14552438164968,36.57545621325933,1,0.2410189360380172,693.8460540771484,95.19769668579102,4,7.0,8.14552438164968,36.57545621325933,0.593382611143191,0.721883982736039,0,SKIPPED,0.375,0,0.0,,,0.0,,0.0,0,0.0,0,0,1.0,0.0,0.0,597,0,812,229,70.3356893760202,0.1687114387750625
907.0,15:07,cctv2,C2_S001,G007,UNKNOWN,1,0.6663396954536438,38.62724043428898,299.0409393310547,3,7.0,0.9923486264371106,2.5882566618121663,1,0.6663396954536438,38.62724043428898,299.0409393310547,3,7.0,0.9923486264371106,2.5882566618121663,0.9597016229591624,0.9026580099051332,0,SKIPPED,1.0,0,0.0,,,0.0,,0.0,0,0.0,0,0,1.0,0.0,0.0,0,78,175,404,64.07440986852708,0.1874704658985138
907.0,15:07,cctv2,C2_S002,G008,UNKNOWN,1,0.8750563859939575,83.40227906405926,192.84938430786133,2,7.0,3.507769583255687,5.659799068391699,1,0.8750563859939575,83.40227906405926,192.84938430786133,2,7.0,3.507769583255687,5.659799068391699,0.606964595546922,0.8955188514168145,0,SKIPPED,1.0,0,0.0,,,0.0,,0.0,0,0.0,0,0,1.0,0.0,0.0,0,43,242,337,57.87714574855951,0.17007876932621
907.0,15:07,cctv2,C2_S003,G009,UNKNOWN,1,0.162814125418663,181.10840606689453,165.0908203125,12,7.0,0.701796958054438,71.69582897556701,1,0.162814125418663,181.10840606689453,165.0908203125,12,7.0,0.701796958054438,71.69582897556701,1.0,0.773959813863039,1,WEAK_FULL,0.5,1,0.4837396144866943,178.7947704344988,154.1867151260376,0.4563344799756755,5.936906545617702,0.4837396144866943,1,0.4837396144866943,2,2,1.55,0.2742670848965645,0.4837396144866943,77,18,283,266,31.43845416047042,0.173152208328247
907.0,15:07,cctv2,C2_S004,G010,UNKNOWN,1,0.6274040341377258,208.21302032470703,126.88922882080078,9,7.0,7.805851874469855,7.984067433073843,1,0.6274040341377258,208.21302032470703,126.88922882080078,9,7.0,7.805851874469855,7.984067433073843,0.8850687605285922,0.8787114661123326,0,SKIPPED,1.0,0,0.0,,,0.0,,0.0,0,0.0,0,0,1.0,0.0,0.0,153,44,281,188,24.20499948357777,0.0619839318096637
907.0,15:07,cctv2,C2_S005,G001,UNKNOWN,0,0.0,,,-1,0.0,0.0,0.0,0,0.0,,,-1,0.0,0.0,0.0,0.0,0.0,0,SKIPPED,0.0,0,0.0,,,0.0,,0.0,0,0.0,0,0,1.0,0.0,0.0,186,28,314,172,24.20499948357777,0.061902742832899
907.0,15:07,cctv2,C2_S006,G003,UNKNOWN,1,0.76823890209198,402.5441436767578,92.28571701049805,4,7.0,0.6485723739885387,2.109073737991846,1,0.76823890209198,402.5441436767578,92.28571701049805,4,7.0,0.6485723739885387,2.109073737991846,1.0,0.9374245035648346,0,SKIPPED,1.0,0,0.0,,,0.0,,0.0,0,0.0,0,0,1.0,0.0,0.0,330,0,476,161,34.54770614671834,0.1449550688266754
907.0,15:07,cctv2,C2_S007,G004,UNKNOWN,1,0.6605526804924011,450.16856384277344,84.76497650146484,7,7.0,0.2584147699870187,0.7798104434371096,1,0.6605526804924011,450.16856384277344,84.76497650146484,7,7.0,0.2584147699870187,0.7798104434371096,1.0,0.9083492237329484,0,SKIPPED,1.0,0,0.0,,,0.0,,0.0,0,0.0,0,0,1.0,0.0,0.0,382,0,528,154,34.3453752345203,0.2029469013214111
907.0,15:07,cctv2,C2_S008,G006,UNKNOWN,1,0.3700330555438995,503.2505493164063,93.06842041015624,11,7.0,0.4952812279017897,3.035733280973921,1,0.3700330555438995,503.2505493164063,93.06842041015624,11,7.0,0.4952812279017897,3.035733280973921,1.0,0.829908924996853,0,SKIPPED,1.0,0,0.0,,,0.0,,0.0,0,0.0,0,0,1.0,0.0,0.0,434,0,580,156,34.3453752345203,0.192279428243637
907.0,15:07,cctv2,C2_S009,G005,UNKNOWN,1,0.5909698605537415,576.4319763183594,101.34378814697266,8,7.0,0.6160563991780023,1.3898984933263592,1,0.5909698605537415,576.4319763183594,101.34378814697266,8,7.0,0.6160563991780023,1.3898984933263592,1.0,0.8895618623495103,0,SKIPPED,1.0,0,0.0,,,0.0,,0.0,0,0.0,0,0,1.0,0.0,0.0,481,0,661,182,42.65561158862923,0.1445518434047699
907.0,15:07,cctv2,C2_S010,G002,UNKNOWN,1,0.715006947517395,669.9963073730469,142.16973876953125,5,7.0,0.3907291342691295,2.017645803135895,1,0.715006947517395,669.9963073730469,142.16973876953125,5,7.0,0.3907291342691295,2.017645803135895,0.5260445137519091,0.8377398883050403,0,SKIPPED,1.0,0,0.0,,,0.0,,0.0,0,0.0,0,0,1.0,0.0,0.0,584,61,712,205,24.853184906566806,0.184789091348648
907.0,15:07,cctv2,C2_S011,G017,UNKNOWN,1,0.5860444903373718,708.4194641113281,154.5090103149414,6,7.0,0.5805414884161355,1.574175455619916,1,0.5860444903373718,708.4194641113281,154.5090103149414,6,7.0,0.5805414884161355,1.574175455619916,0.4117015641156514,0.7823382939319077,0,SKIPPED,1.0,0,0.0,,,0.0,,0.0,0,0.0,0,0,1.0,0.0,0.0,621,68,749,212,24.853184906566806,0.1577685475349426
907.0,15:07,cctv2,C2_S012,G018,UNKNOWN,0,0.0,,,-1,0.0,0.0,0.0,0,0.0,,,-1,0.0,0.0,0.0,0.0,0.0,0,SKIPPED,0.0,0,0.0,,,0.0,,0.0,0,0.0,0,0,1.0,0.0,0.0,647,71,813,270,39.30187781773283,0.1808611303567886
907.0,15:07,cctv2,C2_S013,G019,UNKNOWN,1,0.7970336675643921,772.7746276855469,233.2062225341797,10,7.0,0.8112467793962149,1.5312920644879642,1,0.7970336675643921,772.7746276855469,233.2062225341797,10,7.0,0.8112467793962149,1.5312920644879642,0.480321392611694,0.8516569409124909,0,SKIPPED,1.0,0,0.0,,,0.0,,0.0,0,0.0,0,0,1.0,0.0,0.0,702,75,861,370,58.11748790166348,0.2075486779212951
907.0,15:07,cctv2,C2_S014,G020,UNKNOWN,0,0.0,,,-1,0.0,0.0,0.0,0,0.0,,,-1,0.0,0.0,0.0,0.0,0.0,0,SKIPPED,0.0,0,0.0,,,0.0,,0.0,0,0.0,0,0,1.0,0.0,0.0,725,160,861,455,58.11748790166348,0.1088328287005424
907.0,15:07,cctv3,C3_S001,G021,UNKNOWN,1,0.6630379557609558,32.10665783286095,273.4095916748047,8,7.0,0.5516199191359328,0.965809120896639,1,0.6630379557609558,32.10665783286095,273.4095916748047,8,7.0,0.5516199191359328,0.965809120896639,1.0,0.909020248055458,0,SKIPPED,1.0,0,0.0,,,0.0,,0.0,0,0.0,0,0,1.0,0.0,0.0,0,47,188,433,75.98890445321607,0.2581877708435058
907.0,15:07,cctv3,C3_S002,G019,UNKNOWN,0,0.0,,,-1,0.0,0.0,0.0,0,0.0,,,-1,0.0,0.0,0.0,0.0,0.0,0,SKIPPED,0.0,0,0.0,,,0.0,,0.0,0,0.0,0,0,1.0,0.0,0.0,73,164,201,308,24.0,0.1702495515346527
907.0,15:07,cctv3,C3_S003,G020,UNKNOWN,1,0.8308868408203125,118.68897247314452,216.96875762939453,5,7.0,0.1490866189887409,0.3425307094211726,1,0.8308868408203125,118.68897247314452,216.96875762939453,5,7.0,0.1490866189887409,0.3425307094211726,0.0945822583536033,0.7913642535251331,0,SKIPPED,1.0,0,0.0,,,0.0,,0.0,0,0.0,0,0,1.0,0.0,0.0,91,133,219,277,24.0,0.2146013230085373
907.0,15:07,cctv3,C3_S004,G024,UNKNOWN,1,0.8545057773590088,222.7125473022461,158.39487075805664,3,7.0,1.0086655050872535,2.4027291065223757,1,0.8545057773590088,222.7125473022461,158.39487075805664,3,7.0,1.0086655050872535,2.4027291065223757,0.9400491209376336,0.9499254016557064,0,SKIPPED,1.0,0,0.0,,,0.0,,0.0,0,0.0,0,0,1.0,0.0,0.0,144,17,336,248,45.46341386213755,0.1178042814135551
907.0,15:07,cctv3,C3_S005,G025,UNKNOWN,1,0.8643198609352112,311.95875549316406,135.40463638305664,2,7.0,0.2340567032469756,0.52262675838006,1,0.8643198609352112,311.95875549316406,135.40463638305664,2,7.0,0.2340567032469756,0.52262675838006,0.9862668278282638,0.9608943914615946,0,SKIPPED,1.0,0,0.0,,,0.0,,0.0,0,0.0,0,0,1.0,0.0,0.0,205,0,397,216,45.46341386213755,0.0932252779603004
907.0,15:07,cctv3,C3_S006,G026,UNKNOWN,1,0.8369213342666626,415.781982421875,121.38429641723631,6,7.0,0.2054045288111159,0.3604530280302603,1,0.8369213342666626,415.781982421875,121.38429641723631,6,7.0,0.2054045288111159,0.3604530280302603,0.823000509850223,0.9241088520250392,0,SKIPPED,1.0,0,0.0,,,0.0,,0.0,0,0.0,0,0,1.0,0.0,0.0,263,0,515,225,59.28255055241804,0.0703322663903236
907.0,15:07,cctv3,C3_S007,G027,UNKNOWN,1,0.127726137638092,615.9304504394531,104.22218704223631,12,2.0,1.4361784638584352,1.241809335780646,1,0.127726137638092,615.9304504394531,104.22218704223631,12,2.0,1.4361784638584352,1.241809335780646,0.4028919464033484,0.6570066075148876,1,WEAK_FULL,0.5,0,0.0,,,0.0,,0.0,0,0.0,0,2,1.0,0.0,0.0,548,40,676,184,24.0,0.0731718316674232
907.0,15:07,cctv3,C3_S008,G028,UNKNOWN,0,0.0,,,-1,0.0,0.0,0.0,0,0.0,,,-1,0.0,0.0,0.0,0.0,0.0,0,SKIPPED,0.0,0,0.0,,,0.0,,0.0,0,0.0,0,0,1.0,0.0,0.0,556,56,684,200,24.0,0.0877157896757125
907.0,15:07,cctv3,C3_S009,G029,UNKNOWN,0,0.0,,,-1,0.0,0.0,0.0,0,0.0,,,-1,0.0,0.0,0.0,0.0,0.0,1,RECENT_FULL_MISS,0.25,1,0.0676571428775787,650.9160680770874,156.3597755432129,0.0595991071440431,9.528082790153984,0.0676571428775787,1,0.0676571428775787,1,2,1.55,0.0676571428775787,0.0676571428775787,543,28,741,251,24.0,0.0962036252021789
907.0,15:07,cctv3,C3_S010,G007,UNKNOWN,0,0.0,,,-1,0.0,0.0,0.0,0,0.0,,,-1,0.0,0.0,0.0,0.0,0.0,1,RECENT_FULL_MISS,0.375,1,0.4539262652397156,709.5505523681641,186.83301544189453,0.3177483856678009,31.53874412390089,0.4539262652397156,1,0.4539262652397156,1,2,1.55,0.4539262652397156,0.4539262652397156,580,44,778,279,29.84630630413084,0.0960420370101928
907.0,15:07,cctv3,C3_S011,G008,UNKNOWN,1,0.6836317777633667,720.3835144042969,169.42158126831055,9,7.0,0.372370969919051,0.8908546533034529,1,0.6836317777633667,720.3835144042969,169.42158126831055,9,7.0,0.372370969919051,0.8908546533034529,0.4963033567742901,0.8239151842154813,0,SKIPPED,1.0,0,0.0,,,0.0,,0.0,0,0.0,0,0,1.0,0.0,0.0,648,76,824,286,41.34888148426751,0.0746436640620231
907.0,15:07,cctv3,C3_S012,G009,UNKNOWN,1,0.8276084065437317,858.2890319824219,252.66009521484372,4,7.0,1.7278515731982398,18.988725916221075,1,0.8276084065437317,858.2890319824219,252.66009521484372,4,7.0,1.7278515731982398,18.988725916221075,1.0,0.9534542697668076,0,SKIPPED,1.0,0,0.0,,,0.0,,0.0,0,0.0,0,0,1.0,0.0,0.0,668,6,926,435,84.56503532784694,0.057506900280714
908.0,15:08,cctv1,C1_S001,G001,UNKNOWN,1,0.2966998219490051,12.78703824430704,57.94527292251587,10,2.0,31.99515711089133,63.88603015891008,1,0.2966998219490051,12.78703824430704,57.94527292251587,10,2.0,31.99515711089133,63.88603015891008,0.9226192160044324,0.7961804108070293,0,SKIPPED,1.0,0,0.0,,,0.0,,0.0,0,0.0,0,0,1.0,0.0,0.0,0,0,149,202,62.82492817345676,0.1975394040346145
908.0,15:08,cctv1,C1_S002,G002,UNKNOWN,0,0.0,,,-1,0.0,0.0,0.0,0,0.0,,,-1,0.0,0.0,0.0,0.0,0.0,0,SKIPPED,0.0,0,0.0,,,0.0,,0.0,0,0.0,0,0,1.0,0.0,0.0,0,0,143,297,62.82492817345676,0.2255823165178299
908.0,15:08,cctv1,C1_S003,G003,UNKNOWN,1,0.9089232683181764,471.2904138565064,64.83300590515137,1,8.0,0.1287922255191788,0.4061969091751707,1,0.9089232683181764,471.2904138565064,64.83300590515137,1,8.0,0.1287922255191788,0.4061969091751707,0.8187403827468217,0.9427825513403356,0,SKIPPED,1.0,0,0.0,,,0.0,,0.0,0,0.0,0,0,1.0,0.0,0.0,170,0,674,208,105.0,0.191910982131958
908.0,15:08,cctv1,C1_S004,G004,UNKNOWN,1,0.5408632159233093,647.2894973754883,75.27508163452148,3,8.0,0.1408695828338776,0.5283625801013546,1,0.5408632159233093,647.2894973754883,75.27508163452148,3,8.0,0.1408695828338776,0.5283625801013546,0.9934331628008066,0.8748510376034389,0,SKIPPED,1.0,0,0.0,,,0.0,,0.0,0,0.0,0,0,1.0,0.0,0.0,561,0,719,153,37.10702898373837,0.1920906007289886
908.0,15:08,cctv1,C1_S005,G005,UNKNOWN,1,0.3462331891059875,671.7717742919922,124.02459335327148,4,8.0,22.982802473168206,36.57545621325933,1,0.3462331891059875,671.7717742919922,124.02459335327148,4,8.0,22.982802473168206,36.57545621325933,0.5724402688315955,0.7465222094483039,0,SKIPPED,1.0,0,0.0,,,0.0,,0.0,0,0.0,0,0,1.0,0.0,0.0,566,20,724,209,37.10702898373837,0.138370856642723
908.0,15:08,cctv1,C1_S006,G006,UNKNOWN,0,0.0,,,-1,0.0,0.0,0.0,0,0.0,,,-1,0.0,0.0,0.0,0.0,0.0,1,RECENT_FULL_MISS,0.3333333333333333,1,0.3063995540142059,674.6644325256348,119.55879592895508,0.2144796878099441,76.83988555302133,0.3063995540142059,1,0.3063995540142059,2,2,1.55,0.1835536435246467,0.3063995540142059,515,0,812,257,70.3356893760202,0.1707243770360946
908.0,15:08,cctv2,C2_S001,G007,UNKNOWN,1,0.6464963555335999,38.06614597141743,296.6259002685547,3,8.0,2.045916843009054,2.5882566618121663,1,0.6464963555335999,38.06614597141743,296.6259002685547,3,8.0,2.045916843009054,2.5882566618121663,0.9754364828714976,0.9001325829109417,0,SKIPPED,1.0,0,0.0,,,0.0,,0.0,0,0.0,0,0,1.0,0.0,0.0,0,78,175,404,64.07440986852708,0.1914549767971038
908.0,15:08,cctv2,C2_S002,G008,UNKNOWN,1,0.8988736271858215,83.59037134051323,199.7117691040039,2,8.0,5.384507595642721,5.659799068391699,1,0.8988736271858215,83.59037134051323,199.7117691040039,2,8.0,5.384507595642721,5.659799068391699,0.6616506295320065,0.9117929926559328,0,SKIPPED,1.0,0,0.0,,,0.0,,0.0,0,0.0,0,0,1.0,0.0,0.0,0,43,242,337,57.87714574855951,0.17326021194458
908.0,15:08,cctv2,C2_S003,G009,UNKNOWN,0,0.0,,,-1,0.0,0.0,0.0,0,0.0,,,-1,0.0,0.0,0.0,0.0,0.0,1,RECENT_FULL_MISS,0.4444444444444444,1,0.4149435460567474,178.5095386505127,153.0583209991455,0.3868309814949937,7.099886082552293,0.4149435460567474,1,0.4149435460567474,2,2,1.55,0.2289865501224994,0.4149435460567474,77,18,283,266,31.43845416047042,0.1774018555879593
908.0,15:08,cctv2,C2_S004,G010,UNKNOWN,1,0.6202602386474609,208.7142791748047,127.87831497192384,9,8.0,3.845115146040635,7.984067433073843,1,0.6202602386474609,208.7142791748047,127.87831497192384,9,8.0,3.845115146040635,7.984067433073843,0.9073047010300648,0.8807851106202262,0,SKIPPED,1.0,0,0.0,,,0.0,,0.0,0,0.0,0,0,1.0,0.0,0.0,153,44,281,188,24.20499948357777,0.0644500702619552
908.0,15:08,cctv2,C2_S005,G001,UNKNOWN,0,0.0,,,-1,0.0,0.0,0.0,0,0.0,,,-1,0.0,0.0,0.0,0.0,0.0,0,SKIPPED,0.0,0,0.0,,,0.0,,0.0,0,0.0,0,0,1.0,0.0,0.0,186,28,314,172,24.20499948357777,0.0749244466423988
908.0,15:08,cctv2,C2_S006,G003,UNKNOWN,1,0.8568731546401978,400.87232971191406,92.57870864868164,4,8.0,1.270950067049434,3.144348726811779,1,0.8568731546401978,400.87232971191406,92.57870864868164,4,8.0,1.270950067049434,3.144348726811779,1.0,0.9613557517528536,0,SKIPPED,1.0,0,0.0,,,0.0,,0.0,0,0.0,0,0,1.0,0.0,0.0,330,0,476,161,34.54770614671834,0.1501224935054779
908.0,15:08,cctv2,C2_S007,G004,UNKNOWN,1,0.6747360825538635,450.3000946044922,84.4025764465332,7,8.0,0.2584147699870187,0.7798104434371096,1,0.6747360825538635,450.3000946044922,84.4025764465332,7,8.0,0.2584147699870187,0.7798104434371096,1.0,0.9121787422895432,0,SKIPPED,1.0,0,0.0,,,0.0,,0.0,0,0.0,0,0,1.0,0.0,0.0,382,0,528,154,34.3453752345203,0.2108192145824432
908.0,15:08,cctv2,C2_S008,G006,UNKNOWN,1,0.3761497139930725,503.4277801513672,93.47566223144533,11,8.0,0.4307497875460596,3.035733280973921,1,0.3761497139930725,503.4277801513672,93.47566223144533,11,8.0,0.4307497875460596,3.035733280973921,1.0,0.8315604227781297,0,SKIPPED,1.0,0,0.0,,,0.0,,0.0,0,0.0,0,0,1.0,0.0,0.0,434,0,580,156,34.3453752345203,0.1951845735311508
908.0,15:08,cctv2,C2_S009,G005,UNKNOWN,1,0.6177439093589783,575.8211059570312,100.3623161315918,8,8.0,1.0435352785201517,1.3898984933263592,1,0.6177439093589783,575.8211059570312,100.3623161315918,8,8.0,1.0435352785201517,1.3898984933263592,1.0,0.8967908555269242,0,SKIPPED,1.0,0,0.0,,,0.0,,0.0,0,0.0,0,0,1.0,0.0,0.0,481,0,661,182,42.65561158862923,0.1488116681575775
908.0,15:08,cctv2,C2_S010,G002,UNKNOWN,1,0.6486825942993164,670.0302124023438,141.78161239624023,5,8.0,0.4800533438673182,2.017645803135895,1,0.6486825942993164,670.0302124023438,141.78161239624023,5,8.0,0.4800533438673182,2.017645803135895,0.5171504661186797,0.8182313843621778,0,SKIPPED,1.0,0,0.0,,,0.0,,0.0,0,0.0,0,0,1.0,0.0,0.0,584,61,712,205,24.853184906566806,0.18599334359169
908.0,15:08,cctv2,C2_S011,G017,UNKNOWN,1,0.6768022775650024,708.2120056152344,154.68316268920898,6,8.0,0.5805414884161355,1.574175455619916,1,0.6768022775650024,708.2120056152344,154.68316268920898,6,8.0,0.5805414884161355,1.574175455619916,0.4249042659739996,0.8092193828178706,0,SKIPPED,1.0,0,0.0,,,0.0,,0.0,0,0.0,0,0,1.0,0.0,0.0,621,68,749,212,24.853184906566806,0.1579319387674331
908.0,15:08,cctv2,C2_S012,G018,UNKNOWN,0,0.0,,,-1,0.0,0.0,0.0,0,0.0,,,-1,0.0,0.0,0.0,0.0,0.0,0,SKIPPED,0.0,0,0.0,,,0.0,,0.0,0,0.0,0,0,1.0,0.0,0.0,647,71,813,270,39.30187781773283,0.1818180084228515
908.0,15:08,cctv2,C2_S013,G019,UNKNOWN,1,0.5886055827140808,771.9711608886719,232.17071533203125,10,8.0,0.8534954260028045,1.5312920644879642,1,0.5886055827140808,771.9711608886719,232.17071533203125,10,8.0,0.8534954260028045,1.5312920644879642,0.4476853158733032,0.7895068641899964,0,SKIPPED,1.0,0,0.0,,,0.0,,0.0,0,0.0,0,0,1.0,0.0,0.0,702,75,861,370,58.11748790166348,0.2087718993425369
908.0,15:08,cctv2,C2_S014,G020,UNKNOWN,0,0.0,,,-1,0.0,0.0,0.0,0,0.0,,,-1,0.0,0.0,0.0,0.0,0.0,0,SKIPPED,0.0,0,0.0,,,0.0,,0.0,0,0.0,0,0,1.0,0.0,0.0,725,160,861,455,58.11748790166348,0.1039824113249778
908.0,15:08,cctv3,C3_S001,G021,UNKNOWN,1,0.5790552496910095,31.884915307164192,272.17435455322266,8,8.0,0.5516199191359328,0.965809120896639,1,0.5790552496910095,31.884915307164192,272.17435455322266,8,8.0,0.5516199191359328,0.965809120896639,1.0,0.8863449174165726,0,SKIPPED,1.0,0,0.0,,,0.0,,0.0,0,0.0,0,0,1.0,0.0,0.0,0,47,188,433,75.98890445321607,0.2588750422000885
908.0,15:08,cctv3,C3_S002,G019,UNKNOWN,0,0.0,,,-1,0.0,0.0,0.0,0,0.0,,,-1,0.0,0.0,0.0,0.0,0.0,0,SKIPPED,0.0,0,0.0,,,0.0,,0.0,0,0.0,0,0,1.0,0.0,0.0,73,164,201,308,24.0,0.1732090711593628
908.0,15:08,cctv3,C3_S003,G020,UNKNOWN,1,0.831382155418396,118.78252640366554,216.5959701538086,5,8.0,0.1490866189887409,0.4116628142468736,1,0.831382155418396,118.78252640366554,216.5959701538086,5,8.0,0.1490866189887409,0.4116628142468736,0.0964541760775021,0.7918349336569174,0,SKIPPED,1.0,0,0.0,,,0.0,,0.0,0,0.0,0,0,1.0,0.0,0.0,91,133,219,277,24.0,0.2157021611928939
908.0,15:08,cctv3,C3_S004,G024,UNKNOWN,1,0.8607035875320435,223.20304489135745,158.28698348999023,3,8.0,1.0086655050872535,2.4027291065223757,1,0.8607035875320435,223.20304489135745,158.28698348999023,3,8.0,1.0086655050872535,2.4027291065223757,0.9479737977637888,0.9530252522311338,0,SKIPPED,1.0,0,0.0,,,0.0,,0.0,0,0.0,0,0,1.0,0.0,0.0,144,17,336,248,45.46341386213755,0.1186840459704399
908.0,15:08,cctv3,C3_S005,G025,UNKNOWN,1,0.8605763912200928,311.95943450927734,135.35660934448242,2,8.0,0.2004814974995845,0.52262675838006,1,0.8605763912200928,311.95943450927734,135.35660934448242,2,8.0,0.2004814974995845,0.52262675838006,0.986200784615444,0.959871766860205,0,SKIPPED,1.0,0,0.0,,,0.0,,0.0,0,0.0,0,0,1.0,0.0,0.0,205,0,397,216,45.46341386213755,0.0955308005213737
908.0,15:08,cctv3,C3_S006,G026,UNKNOWN,1,0.8395209312438965,415.73187255859375,121.3655128479004,6,8.0,0.2054045288111159,0.3604530280302603,1,0.8395209312438965,415.73187255859375,121.3655128479004,6,8.0,0.2054045288111159,0.3604530280302603,0.8237220283035697,0.9249406165304948,0,SKIPPED,1.0,0,0.0,,,0.0,,0.0,0,0.0,0,0,1.0,0.0,0.0,263,0,515,225,59.28255055241804,0.0723256766796112
908.0,15:08,cctv3,C3_S007,G027,UNKNOWN,0,0.0,,,-1,0.0,0.0,0.0,0,0.0,,,-1,0.0,0.0,0.0,0.0,0.0,1,RECENT_FULL_MISS,0.4444444444444444,0,0.0,,,0.0,,0.0,0,0.0,0,2,1.0,0.0,0.0,548,40,676,184,24.0,0.0710471868515014
908.0,15:08,cctv3,C3_S008,G028,UNKNOWN,0,0.0,,,-1,0.0,0.0,0.0,0,0.0,,,-1,0.0,0.0,0.0,0.0,0.0,0,SKIPPED,0.0,0,0.0,,,0.0,,0.0,0,0.0,0,0,1.0,0.0,0.0,556,56,684,200,24.0,0.0874269306659698
908.0,15:08,cctv3,C3_S009,G029,UNKNOWN,1,0.2343703508377075,666.1983337402344,131.53324508666992,10,8.0,5.966332508221488,8.513232482614434,1,0.2343703508377075,666.1983337402344,131.53324508666992,10,8.0,5.966332508221488,8.513232482614434,0.0407859903223825,0.6206214729842099,0,SKIPPED,0.3333333333333333,0,0.0,,,0.0,,0.0,0,0.0,0,0,1.0,0.0,0.0,578,67,706,211,24.0,0.0974791124463081
908.0,15:08,cctv3,C3_S010,G007,UNKNOWN,0,0.0,,,-1,0.0,0.0,0.0,0,0.0,,,-1,0.0,0.0,0.0,0.0,0.0,1,RECENT_FULL_MISS,0.3333333333333333,1,0.0641008913516998,679.9758057594299,167.4285249710083,0.0566188140705652,11.612546285234563,0.0641008913516998,1,0.0641008913516998,1,2,1.55,0.0641008913516998,0.0641008913516998,580,44,778,279,29.84630630413084,0.094354823231697
908.0,15:08,cctv3,C3_S011,G008,UNKNOWN,1,0.6091559529304504,720.7857360839844,168.4115447998047,9,8.0,0.372370969919051,0.8908546533034529,1,0.6091559529304504,720.7857360839844,168.4115447998047,9,8.0,0.372370969919051,0.8908546533034529,0.4756740149939458,0.8000934299901319,0,SKIPPED,1.0,0,0.0,,,0.0,,0.0,0,0.0,0,0,1.0,0.0,0.0,648,76,824,286,41.34888148426751,0.0715057477355003
908.0,15:08,cctv3,C3_S012,G009,UNKNOWN,1,0.8578625321388245,858.1849060058594,252.10222625732425,4,8.0,1.715627611821324,18.988725916221075,1,0.8578625321388245,858.1849060058594,252.10222625732425,4,8.0,1.715627611821324,18.988725916221075,1.0,0.9616228836774828,0,SKIPPED,1.0,0,0.0,,,0.0,,0.0,0,0.0,0,0,1.0,0.0,0.0,668,6,926,435,84.56503532784694,0.056258775293827
909.0,15:09,cctv1,C1_S001,G001,UNKNOWN,1,0.2016613334417343,11.079979971051216,72.4154281616211,10,3.0,14.570498982261917,63.88603015891008,1,0.2016613334417343,11.079979971051216,72.4154281616211,10,3.0,14.570498982261917,63.88603015891008,0.997785898531914,0.7840500217650128,0,SKIPPED,1.0,0,0.0,,,0.0,,0.0,0,0.0,0,0,1.0,0.0,0.0,0,0,149,202,62.82492817345676,0.1960727274417877
909.0,15:09,cctv1,C1_S002,G002,UNKNOWN,0,0.0,,,-1,0.0,0.0,0.0,0,0.0,,,-1,0.0,0.0,0.0,0.0,0.0,0,SKIPPED,0.0,0,0.0,,,0.0,,0.0,0,0.0,0,0,1.0,0.0,0.0,0,0,143,297,62.82492817345676,0.2198541164398193
909.0,15:09,cctv1,C1_S003,G003,UNKNOWN,1,0.9132429957389832,470.9573831558228,64.90910911560059,1,9.0,0.1287922255191788,0.7232023311084188,1,0.9132429957389832,470.9573831558228,64.90910911560059,1,9.0,0.1287922255191788,0.7232023311084188,0.8208733673320084,0.944332814969287,0,SKIPPED,1.0,0,0.0,,,0.0,,0.0,0,0.0,0,0,1.0,0.0,0.0,170,0,674,208,105.0,0.2075325697660446
909.0,15:09,cctv1,C1_S004,G004,UNKNOWN,1,0.4722444117069244,647.4350891113281,75.43775939941406,3,9.0,0.1408695828338776,0.5283625801013546,1,0.4722444117069244,647.4350891113281,75.43775939941406,3,9.0,0.1408695828338776,0.5283625801013546,0.9883110524289044,0.8554019805980724,0,SKIPPED,1.0,0,0.0,,,0.0,,0.0,0,0.0,0,0,1.0,0.0,0.0,561,0,719,153,37.10702898373837,0.1924361437559127
909.0,15:09,cctv1,C1_S005,G005,UNKNOWN,1,0.2953974306583404,630.5339279174805,129.84575271606445,9,5.0,5.969601722914084,80.72727558551513,1,0.2953974306583404,630.5339279174805,129.84575271606445,9,5.0,5.969601722914084,80.72727558551513,0.7990214397035772,0.7735811654243958,0,SKIPPED,1.0,0,0.0,,,0.0,,0.0,0,0.0,0,0,1.0,0.0,0.0,566,20,724,209,37.10702898373837,0.138126865029335
909.0,15:09,cctv1,C1_S006,G006,UNKNOWN,1,0.2274509072303772,695.4133148193359,94.4882583618164,4,9.0,34.43859183706174,38.11279544757388,1,0.2274509072303772,695.4133148193359,94.4882583618164,4,9.0,34.43859183706174,38.11279544757388,0.6093454561250629,0.7210939270547132,0,SKIPPED,0.4,0,0.0,,,0.0,,0.0,0,0.0,0,0,1.0,0.0,0.0,597,0,812,229,70.3356893760202,0.1689562946557998
909.0,15:09,cctv2,C2_S001,G007,UNKNOWN,1,0.7126461863517761,38.26008278131485,296.58211517333984,3,9.0,2.045916843009054,2.5882566618121663,1,0.7126461863517761,38.26008278131485,296.58211517333984,3,9.0,2.045916843009054,2.5882566618121663,0.9822365516241474,0.9192170496073262,0,SKIPPED,1.0,0,0.0,,,0.0,,0.0,0,0.0,0,0,1.0,0.0,0.0,0,78,175,404,64.07440986852708,0.18972048163414
909.0,15:09,cctv2,C2_S002,G008,UNKNOWN,1,0.9003590941429138,83.33398730307817,199.32323837280276,2,9.0,3.507769583255687,5.659799068391699,1,0.9003590941429138,83.33398730307817,199.32323837280276,2,9.0,3.507769583255687,5.659799068391699,0.6568239500282353,0.9113252664236692,0,SKIPPED,1.0,0,0.0,,,0.0,,0.0,0,0.0,0,0,1.0,0.0,0.0,0,43,242,337,57.87714574855951,0.1720702052116394
909.0,15:09,cctv2,C2_S003,G009,UNKNOWN,0,0.0,,,-1,0.0,0.0,0.0,0,0.0,,,-1,0.0,0.0,0.0,0.0,0.0,1,RECENT_FULL_MISS,0.4,1,0.4037317037582397,177.16669350862503,153.29405689239502,0.3756851314107325,7.279924356509639,0.4037317037582397,1,0.4037317037582397,2,2,1.55,0.218509366735816,0.4037317037582397,77,18,283,266,31.43845416047042,0.17615507543087
909.0,15:09,cctv2,C2_S004,G010,UNKNOWN,1,0.6531267166137695,207.5809097290039,127.23308181762695,9,9.0,1.836385996295984,7.984067433073843,1,0.6531267166137695,207.5809097290039,127.23308181762695,9,9.0,1.836385996295984,7.984067433073843,0.8724739221026884,0.8833895194642017,0,SKIPPED,1.0,0,0.0,,,0.0,,0.0,0,0.0,0,0,1.0,0.0,0.0,153,44,281,188,24.20499948357777,0.0655516758561134
909.0,15:09,cctv2,C2_S005,G001,UNKNOWN,0,0.0,,,-1,0.0,0.0,0.0,0,0.0,,,-1,0.0,0.0,0.0,0.0,0.0,0,SKIPPED,0.0,0,0.0,,,0.0,,0.0,0,0.0,0,0,1.0,0.0,0.0,186,28,314,172,24.20499948357777,0.0805016979575157
909.0,15:09,cctv2,C2_S006,G003,UNKNOWN,1,0.8336299657821655,401.2983093261719,92.7100944519043,4,9.0,1.270950067049434,3.144348726811779,1,0.8336299657821655,401.2983093261719,92.7100944519043,4,9.0,1.270950067049434,3.144348726811779,1.0,0.9550800907611848,0,SKIPPED,1.0,0,0.0,,,0.0,,0.0,0,0.0,0,0,1.0,0.0,0.0,330,0,476,161,34.54770614671834,0.1444550156593322
909.0,15:09,cctv2,C2_S007,G004,UNKNOWN,1,0.5975858569145203,450.5618438720703,84.55046081542969,7,9.0,0.3072389135277741,0.8478598416435975,1,0.5975858569145203,450.5618438720703,84.55046081542969,7,9.0,0.3072389135277741,0.8478598416435975,1.0,0.8913481813669206,0,SKIPPED,1.0,0,0.0,,,0.0,,0.0,0,0.0,0,0,1.0,0.0,0.0,382,0,528,154,34.3453752345203,0.2086393386125564
909.0,15:09,cctv2,C2_S008,G006,UNKNOWN,1,0.4066270291805267,503.1052551269531,92.83493423461914,11,9.0,0.5086673090578467,3.035733280973921,1,0.4066270291805267,503.1052551269531,92.83493423461914,11,9.0,0.5086673090578467,3.035733280973921,1.0,0.8397892978787422,0,SKIPPED,1.0,0,0.0,,,0.0,,0.0,0,0.0,0,0,1.0,0.0,0.0,434,0,580,156,34.3453752345203,0.1966863721609115
909.0,15:09,cctv2,C2_S009,G005,UNKNOWN,1,0.6438114047050476,575.8631591796875,100.30240249633788,8,9.0,1.0435352785201517,1.3898984933263592,1,0.6438114047050476,575.8631591796875,100.30240249633788,8,9.0,1.0435352785201517,1.3898984933263592,1.0,0.9038290792703628,0,SKIPPED,1.0,0,0.0,,,0.0,,0.0,0,0.0,0,0,1.0,0.0,0.0,481,0,661,182,42.65561158862923,0.14559406042099
909.0,15:09,cctv2,C2_S010,G002,UNKNOWN,1,0.6353985667228699,669.8733520507812,141.9819221496582,5,9.0,0.4800533438673182,2.017645803135895,1,0.6353985667228699,669.8733520507812,141.9819221496582,5,9.0,0.4800533438673182,2.017645803135895,0.5211934557994793,0.8153724350590812,0,SKIPPED,1.0,0,0.0,,,0.0,,0.0,0,0.0,0,0,1.0,0.0,0.0,584,61,712,205,24.853184906566806,0.1854964047670364
909.0,15:09,cctv2,C2_S011,G017,UNKNOWN,1,0.6879838705062866,708.0626525878906,154.48094177246094,6,9.0,0.506095894168323,1.574175455619916,1,0.6879838705062866,708.0626525878906,154.48094177246094,6,9.0,0.506095894168323,1.574175455619916,0.430213744222944,0.8131941189968274,0,SKIPPED,1.0,0,0.0,,,0.0,,0.0,0,0.0,0,0,1.0,0.0,0.0,621,68,749,212,24.853184906566806,0.1571993231773376
909.0,15:09,cctv2,C2_S012,G018,UNKNOWN,0,0.0,,,-1,0.0,0.0,0.0,0,0.0,,,-1,0.0,0.0,0.0,0.0,0.0,0,SKIPPED,0.0,0,0.0,,,0.0,,0.0,0,0.0,0,0,1.0,0.0,0.0,647,71,813,270,39.30187781773283,0.1826713979244232
909.0,15:09,cctv2,C2_S013,G019,UNKNOWN,1,0.3164165019989013,772.3193054199219,233.48899841308597,10,9.0,1.066117398076077,1.5312920644879642,1,0.3164165019989013,772.3193054199219,233.48899841308597,10,9.0,1.066117398076077,1.5312920644879642,0.4349720627611563,0.7137274268367115,0,SKIPPED,1.0,0,0.0,,,0.0,,0.0,0,0.0,0,0,1.0,0.0,0.0,702,75,861,370,58.11748790166348,0.2083205282688141
909.0,15:09,cctv2,C2_S014,G020,UNKNOWN,0,0.0,,,-1,0.0,0.0,0.0,0,0.0,,,-1,0.0,0.0,0.0,0.0,0.0,0,SKIPPED,0.0,0,0.0,,,0.0,,0.0,0,0.0,0,0,1.0,0.0,0.0,725,160,861,455,58.11748790166348,0.0988631770014762
909.0,15:09,cctv3,C3_S001,G021,UNKNOWN,1,0.5669857859611511,31.902251690626144,272.1036529541016,8,9.0,0.4708404877369735,1.016923540398549,1,0.5669857859611511,31.902251690626144,272.1036529541016,8,9.0,0.4708404877369735,1.016923540398549,1.0,0.8830861622095109,0,SKIPPED,1.0,0,0.0,,,0.0,,0.0,0,0.0,0,0,1.0,0.0,0.0,0,47,188,433,75.98890445321607,0.256795734167099
909.0,15:09,cctv3,C3_S002,G019,UNKNOWN,0,0.0,,,-1,0.0,0.0,0.0,0,0.0,,,-1,0.0,0.0,0.0,0.0,0.0,0,SKIPPED,0.0,0,0.0,,,0.0,,0.0,0,0.0,0,0,1.0,0.0,0.0,73,164,201,308,24.0,0.1731332689523697
909.0,15:09,cctv3,C3_S003,G020,UNKNOWN,1,0.7922890186309814,118.81612396240234,216.9678268432617,5,9.0,0.262267140836728,0.4116628142468736,1,0.7922890186309814,118.81612396240234,216.9678268432617,5,9.0,0.262267140836728,0.4116628142468736,0.0949204170139806,0.7810037100928815,0,SKIPPED,1.0,0,0.0,,,0.0,,0.0,0,0.0,0,0,1.0,0.0,0.0,91,133,219,277,24.0,0.2158965617418289
909.0,15:09,cctv3,C3_S004,G024,UNKNOWN,1,0.8697284460067749,222.8132667541504,158.1103515625,3,9.0,0.7808438831428617,2.4027291065223757,1,0.8697284460067749,222.8132667541504,158.1103515625,3,9.0,0.7808438831428617,2.4027291065223757,0.94254373871799,0.9544845533910676,0,SKIPPED,1.0,0,0.0,,,0.0,,0.0,0,0.0,0,0,1.0,0.0,0.0,144,17,336,248,45.46341386213755,0.1177891492843627
909.0,15:09,cctv3,C3_S005,G025,UNKNOWN,1,0.8527924418449402,312.2957229614258,135.4004364013672,2,9.0,0.2108237984825019,0.52262675838006,1,0.8527924418449402,312.2957229614258,135.4004364013672,2,9.0,0.2108237984825019,0.52262675838006,0.982581944968426,0.9571187093924504,0,SKIPPED,1.0,0,0.0,,,0.0,,0.0,0,0.0,0,0,1.0,0.0,0.0,205,0,397,216,45.46341386213755,0.0939319133758544
909.0,15:09,cctv3,C3_S006,G026,UNKNOWN,1,0.8337326049804688,415.7410583496094,121.5407371520996,6,9.0,0.1852123805184042,0.3604530280302603,1,0.8337326049804688,415.7410583496094,121.5407371520996,6,9.0,0.1852123805184042,0.3604530280302603,0.8224493236319474,0.9231486815984772,0,SKIPPED,1.0,0,0.0,,,0.0,,0.0,0,0.0,0,0,1.0,0.0,0.0,263,0,515,225,59.28255055241804,0.0706995204091072
909.0,15:09,cctv3,C3_S007,G027,UNKNOWN,0,0.0,,,-1,0.0,0.0,0.0,0,0.0,,,-1,0.0,0.0,0.0,0.0,0.0,1,RECENT_FULL_MISS,0.4,0,0.0,,,0.0,,0.0,0,0.0,0,2,1.0,0.0,0.0,548,40,676,184,24.0,0.0704710334539413
909.0,15:09,cctv3,C3_S008,G028,UNKNOWN,0,0.0,,,-1,0.0,0.0,0.0,0,0.0,,,-1,0.0,0.0,0.0,0.0,0.0,0,SKIPPED,0.0,0,0.0,,,0.0,,0.0,0,0.0,0,0,1.0,0.0,0.0,556,56,684,200,24.0,0.0864755883812904
909.0,15:09,cctv3,C3_S009,G029,UNKNOWN,0,0.0,,,-1,0.0,0.0,0.0,0,0.0,,,-1,0.0,0.0,0.0,0.0,0.0,1,RECENT_FULL_MISS,0.3,1,0.0464558750391006,638.9539108276367,152.10154342651367,0.0446116766824794,3.175827996039712,0.0464558750391006,1,0.0464558750391006,1,2,1.55,0.0464558750391006,0.0464558750391006,543,28,741,251,24.0,0.096872329711914
909.0,15:09,cctv3,C3_S010,G007,UNKNOWN,0,0.0,,,-1,0.0,0.0,0.0,0,0.0,,,-1,0.0,0.0,0.0,0.0,0.0,1,RECENT_FULL_MISS,0.3,1,0.0849766507744789,681.1956787109375,180.18253135681152,0.0828465310770986,2.493869565856776,0.0849766507744789,1,0.0849766507744789,1,2,1.55,0.0849766507744789,0.0849766507744789,580,44,778,279,29.84630630413084,0.0936521738767623
909.0,15:09,cctv3,C3_S011,G008,UNKNOWN,1,0.5478911995887756,720.7095031738281,169.60249710083008,9,9.0,0.7053713520938223,0.8908546533034529,1,0.5478911995887756,720.7095031738281,169.60249710083008,9,9.0,0.7053713520938223,0.8908546533034529,0.4898809833096452,0.7861092008847056,0,SKIPPED,1.0,0,0.0,,,0.0,,0.0,0,0.0,0,0,1.0,0.0,0.0,648,76,824,286,41.34888148426751,0.0700572431087493
909.0,15:09,cctv3,C3_S012,G009,UNKNOWN,1,0.8436883091926575,858.1183471679688,251.4551239013672,4,9.0,1.75713414432443,18.988725916221075,1,0.8436883091926575,858.1183471679688,251.4551239013672,4,9.0,1.75713414432443,18.988725916221075,1.0,0.9577958434820176,0,SKIPPED,1.0,0,0.0,,,0.0,,0.0,0,0.0,0,0,1.0,0.0,0.0,668,6,926,435,84.56503532784694,0.0547732822597026
910.0,15:10,cctv1,C1_S001,G001,UNKNOWN,1,0.2303292006254196,12.774590484797956,58.78997898101807,10,4.0,14.150461981769844,63.88603015891008,1,0.2303292006254196,12.774590484797956,58.78997898101807,10,4.0,14.150461981769844,63.88603015891008,0.926617654535798,0.778980061985307,0,SKIPPED,1.0,0,0.0,,,0.0,,0.0,0,0.0,0,0,1.0,0.0,0.0,0,0,149,202,62.82492817345676,0.1943646371364593
910.0,15:10,cctv1,C1_S002,G002,UNKNOWN,0,0.0,,,-1,0.0,0.0,0.0,0,0.0,,,-1,0.0,0.0,0.0,0.0,0.0,1,PERIODIC_AUDIT,0.0,0,0.0,,,0.0,,0.0,0,0.0,0,2,1.0,0.0,0.0,0,0,143,297,62.82492817345676,0.2183825522661209
910.0,15:10,cctv1,C1_S003,G003,UNKNOWN,1,0.5141584873199463,392.20658391714096,51.837358474731445,5,10.0,0.953280067622577,10.524491975102752,1,0.5141584873199463,392.20658391714096,51.837358474731445,5,10.0,0.953280067622577,10.524491975102752,0.8226668463404095,0.8369028239176592,0,SKIPPED,1.0,0,0.0,,,0.0,,0.0,0,0.0,0,0,1.0,0.0,0.0,170,0,674,208,105.0,0.1842198073863983
910.0,15:10,cctv1,C1_S004,G004,UNKNOWN,1,0.48063725233078,647.3325576782227,75.23299407958984,3,10.0,0.1805668902995129,0.5283625801013546,1,0.48063725233078,647.3325576782227,75.23299407958984,3,10.0,0.1805668902995129,0.5283625801013546,0.9876016395999924,0.8575403532573093,0,SKIPPED,1.0,0,0.0,,,0.0,,0.0,0,0.0,0,0,1.0,0.0,0.0,561,0,719,153,37.10702898373837,0.1900036782026291
910.0,15:10,cctv1,C1_S005,G005,UNKNOWN,1,0.4386905431747436,619.6251449584961,124.94944381713869,9,6.0,5.969601722914084,80.72727558551513,1,0.4386905431747436,619.6251449584961,124.94944381713869,9,6.0,5.969601722914084,80.72727558551513,0.5323031431417886,0.7642610124227027,0,SKIPPED,1.0,0,0.0,,,0.0,,0.0,0,0.0,0,0,1.0,0.0,0.0,566,20,724,209,37.10702898373837,0.1386445015668869
910.0,15:10,cctv1,C1_S006,G006,UNKNOWN,1,0.2032433599233627,694.1827697753906,94.58752822875977,4,10.0,24.852113350404828,38.11279544757388,1,0.2032433599233627,694.1827697753906,94.58752822875977,4,10.0,24.852113350404828,38.11279544757388,0.5953141517352927,0.7120322544916606,0,SKIPPED,0.4545454545454545,0,0.0,,,0.0,,0.0,0,0.0,0,0,1.0,0.0,0.0,597,0,812,229,70.3356893760202,0.1688844561576843
910.0,15:10,cctv2,C2_S001,G007,UNKNOWN,1,0.6695963740348816,38.12594838440418,296.99684143066406,3,10.0,1.4576206354009684,2.5882566618121663,1,0.6695963740348816,38.12594838440418,296.99684143066406,3,10.0,1.4576206354009684,2.5882566618121663,0.9750093057011796,0.9062926960156305,0,SKIPPED,1.0,0,0.0,,,0.0,,0.0,0,0.0,0,0,1.0,0.0,0.0,0,78,175,404,64.07440986852708,0.1890056431293487
910.0,15:10,cctv2,C2_S002,G008,UNKNOWN,1,0.875693142414093,83.28885275870562,199.1743278503418,2,10.0,1.7884922840159374,5.659799068391699,1,0.875693142414093,83.28885275870562,199.1743278503418,2,10.0,1.7884922840159374,5.659799068391699,0.6532234259692258,0.9040173651262656,0,SKIPPED,1.0,0,0.0,,,0.0,,0.0,0,0.0,0,0,1.0,0.0,0.0,0,43,242,337,57.87714574855951,0.1700186282396316
910.0,15:10,cctv2,C2_S003,G009,UNKNOWN,0,0.0,,,-1,0.0,0.0,0.0,0,0.0,,,-1,0.0,0.0,0.0,0.0,0.0,1,RECENT_FULL_MISS,0.3636363636363636,1,0.5551078915596008,177.6235404908657,154.9272232055664,0.5254344265998222,5.601841144186326,0.5551078915596008,1,0.5551078915596008,2,2,1.55,0.2947377599775791,0.5551078915596008,77,18,283,266,31.43845416047042,0.1685745120048523
910.0,15:10,cctv2,C2_S004,G010,UNKNOWN,1,0.4907761514186859,210.80506134033203,120.40547561645508,9,10.0,1.836385996295984,7.984067433073843,1,0.4907761514186859,210.80506134033203,120.40547561645508,9,10.0,1.836385996295984,7.984067433073843,0.8050594146372985,0.827420255517759,0,SKIPPED,1.0,0,0.0,,,0.0,,0.0,0,0.0,0,0,1.0,0.0,0.0,153,44,281,188,24.20499948357777,0.0648899674415588
910.0,15:10,cctv2,C2_S005,G001,UNKNOWN,0,0.0,,,-1,0.0,0.0,0.0,0,0.0,,,-1,0.0,0.0,0.0,0.0,0.0,1,PERIODIC_AUDIT,0.0,1,0.4891984760761261,215.69226713478565,146.4177131652832,0.3424389332532882,47.20093919846812,0.4891984760761261,1,0.4891984760761261,1,2,1.55,0.4891984760761261,0.4891984760761261,151,0,349,212,24.20499948357777,0.083027608692646
910.0,15:10,cctv2,C2_S006,G003,UNKNOWN,1,0.8249070048332214,400.55224609375,92.7971649169922,4,10.0,1.0110384811146012,3.5209927313905385,1,0.8249070048332214,400.55224609375,92.7971649169922,4,10.0,1.0110384811146012,3.5209927313905385,1.0,0.9527248913049698,0,SKIPPED,1.0,0,0.0,,,0.0,,0.0,0,0.0,0,0,1.0,0.0,0.0,330,0,476,161,34.54770614671834,0.1383147835731506
910.0,15:10,cctv2,C2_S007,G004,UNKNOWN,1,0.6616893410682678,450.2505340576172,84.52061462402344,7,10.0,0.3132891615912576,0.8478598416435975,1,0.6616893410682678,450.2505340576172,84.52061462402344,7,10.0,0.3132891615912576,0.8478598416435975,1.0,0.9086561220884324,0,SKIPPED,1.0,0,0.0,,,0.0,,0.0,0,0.0,0,0,1.0,0.0,0.0,382,0,528,154,34.3453752345203,0.1986576467752456
910.0,15:10,cctv2,C2_S008,G006,UNKNOWN,1,0.4132396578788757,503.29322814941406,93.46902084350586,11,10.0,0.6172803708127632,3.035733280973921,1,0.4132396578788757,503.29322814941406,93.46902084350586,11,10.0,0.6172803708127632,3.035733280973921,1.0,0.8415747076272966,0,SKIPPED,1.0,0,0.0,,,0.0,,0.0,0,0.0,0,0,1.0,0.0,0.0,434,0,580,156,34.3453752345203,0.1923090368509292
910.0,15:10,cctv2,C2_S009,G005,UNKNOWN,1,0.6071287393569946,575.8333129882812,99.77710723876952,8,10.0,0.7997111052865511,1.7014448570324083,1,0.6071287393569946,575.8333129882812,99.77710723876952,8,10.0,0.7997111052865511,1.7014448570324083,1.0,0.8939247596263886,0,SKIPPED,1.0,0,0.0,,,0.0,,0.0,0,0.0,0,0,1.0,0.0,0.0,481,0,661,182,42.65561158862923,0.1416775584220886
910.0,15:10,cctv2,C2_S010,G002,UNKNOWN,1,0.7175149321556091,669.60595703125,141.81540298461914,5,10.0,0.3523051876677041,2.017645803135895,1,0.7175149321556091,669.60595703125,141.81540298461914,5,10.0,0.3523051876677041,2.017645803135895,0.5350470114939286,0.8400374937509216,0,SKIPPED,1.0,0,0.0,,,0.0,,0.0,0,0.0,0,0,1.0,0.0,0.0,584,61,712,205,24.853184906566806,0.1846330016851425
910.0,15:10,cctv2,C2_S011,G017,UNKNOWN,1,0.669058084487915,708.2660827636719,153.88881301879883,6,10.0,0.448482346785526,1.600634220697975,1,0.669058084487915,708.2660827636719,153.88881301879883,6,10.0,0.448482346785526,1.600634220697975,0.4247429870647456,0.8070994204833913,0,SKIPPED,1.0,0,0.0,,,0.0,,0.0,0,0.0,0,0,1.0,0.0,0.0,621,68,749,212,24.853184906566806,0.1560830920934677
910.0,15:10,cctv2,C2_S012,G018,UNKNOWN,0,0.0,,,-1,0.0,0.0,0.0,0,0.0,,,-1,0.0,0.0,0.0,0.0,0.0,1,PERIODIC_AUDIT,0.0,1,0.2653672099113464,728.8002834320068,171.67052841186523,0.2220937903516396,21.363185110665626,0.2653672099113464,1,0.2653672099113464,1,2,1.0,0.2653672099113464,0.2653672099113464,647,71,813,270,39.30187781773283,0.1809244900941848
910.0,15:10,cctv2,C2_S013,G019,UNKNOWN,1,0.6092208623886108,772.9051208496094,232.27655792236328,10,10.0,1.3286048707095863,1.5312920644879642,1,0.6092208623886108,772.9051208496094,232.27655792236328,10,10.0,1.3286048707095863,1.5312920644879642,0.4599090070956052,0.7972732541221339,0,SKIPPED,1.0,0,0.0,,,0.0,,0.0,0,0.0,0,0,1.0,0.0,0.0,702,75,861,370,58.11748790166348,0.2082140445709228
910.0,15:10,cctv2,C2_S014,G020,UNKNOWN,0,0.0,,,-1,0.0,0.0,0.0,0,0.0,,,-1,0.0,0.0,0.0,0.0,0.0,1,PERIODIC_AUDIT,0.0,0,0.0,,,0.0,,0.0,0,0.0,0,2,1.0,0.0,0.0,725,160,861,455,58.11748790166348,0.0976703539490699
910.0,15:10,cctv3,C3_S001,G021,UNKNOWN,1,0.7100775241851807,32.195850014686584,272.1904830932617,8,10.0,0.5528335399394697,1.016923540398549,1,0.7100775241851807,32.195850014686584,272.1904830932617,8,10.0,0.5528335399394697,1.016923540398549,1.0,0.9217209315299988,0,SKIPPED,1.0,0,0.0,,,0.0,,0.0,0,0.0,0,0,1.0,0.0,0.0,0,47,188,433,75.98890445321607,0.2561315596103668
910.0,15:10,cctv3,C3_S002,G019,UNKNOWN,0,0.0,,,-1,0.0,0.0,0.0,0,0.0,,,-1,0.0,0.0,0.0,0.0,0.0,1,PERIODIC_AUDIT,0.0,1,0.7195758819580078,153.31494331359863,214.753532409668,0.5037031173706055,38.83929521660071,0.7195758819580078,1,0.7195758819580078,2,2,1.55,0.4085806645452976,0.7195758819580078,38,125,236,348,24.0,0.1720136404037475
910.0,15:10,cctv3,C3_S003,G020,UNKNOWN,1,0.8460136651992798,118.84502765536308,216.37593841552732,5,10.0,0.3788593393957082,0.6285778771790412,1,0.8460136651992798,118.84502765536308,216.37593841552732,5,10.0,0.3788593393957082,0.6285778771790412,0.0990927337321402,0.7962603816755909,0,SKIPPED,1.0,0,0.0,,,0.0,,0.0,0,0.0,0,0,1.0,0.0,0.0,91,133,219,277,24.0,0.2165277004241943
910.0,15:10,cctv3,C3_S004,G024,UNKNOWN,1,0.8645696640014648,223.0779266357422,158.09390258789062,3,10.0,0.465077325641765,2.4027291065223757,1,0.8645696640014648,223.0779266357422,158.09390258789062,3,10.0,0.465077325641765,2.4027291065223757,0.9460887366037778,0.9537297818690756,0,SKIPPED,1.0,0,0.0,,,0.0,,0.0,0,0.0,0,0,1.0,0.0,0.0,144,17,336,248,45.46341386213755,0.1179439797997474
910.0,15:10,cctv3,C3_S005,G025,UNKNOWN,1,0.8548151850700378,312.24588775634766,135.49761581420898,2,10.0,0.1432305825108538,0.52262675838006,1,0.8548151850700378,312.24588775634766,135.49761581420898,2,10.0,0.1432305825108538,0.52262675838006,0.9824730840844152,0.957645255104105,0,SKIPPED,1.0,0,0.0,,,0.0,,0.0,0,0.0,0,0,1.0,0.0,0.0,205,0,397,216,45.46341386213755,0.0939078480005264
910.0,15:10,cctv3,C3_S006,G026,UNKNOWN,1,0.8353078365325928,415.79258728027344,121.70196151733398,6,10.0,0.1723618345118514,0.3604530280302603,1,0.8353078365325928,415.79258728027344,121.70196151733398,6,10.0,0.1723618345118514,0.3604530280302603,0.8214252209365702,0.9233896556323828,0,SKIPPED,1.0,0,0.0,,,0.0,,0.0,0,0.0,0,0,1.0,0.0,0.0,263,0,515,225,59.28255055241804,0.0708179175853729
910.0,15:10,cctv3,C3_S007,G027,UNKNOWN,1,0.0609997026622295,615.4868469238281,104.90486526489258,12,5.0,0.9509647883372075,1.241809335780646,1,0.0609997026622295,615.4868469238281,104.90486526489258,12,5.0,0.9509647883372075,1.241809335780646,0.4173594643597619,0.6415946233035592,1,WEAK_FULL,0.4545454545454545,1,0.0328649245202541,627.9225120544434,148.01775741577148,0.0230054471641778,27.171824225540217,0.0328649245202541,1,0.0328649245202541,1,2,1.55,0.0328649245202541,0.0328649245202541,513,1,711,224,24.0,0.0694835558533668
910.0,15:10,cctv3,C3_S008,G028,UNKNOWN,0,0.0,,,-1,0.0,0.0,0.0,0,0.0,,,-1,0.0,0.0,0.0,0.0,0.0,1,PERIODIC_AUDIT,0.0,0,0.0,,,0.0,,0.0,0,0.0,0,2,1.0,0.0,0.0,556,56,684,200,24.0,0.0856990218162536
910.0,15:10,cctv3,C3_S009,G029,UNKNOWN,0,0.0,,,-1,0.0,0.0,0.0,0,0.0,,,-1,0.0,0.0,0.0,0.0,0.0,1,RECENT_FULL_MISS,0.2727272727272727,1,0.0403954461216926,655.0181303024292,157.43356704711914,0.0334512719574707,13.75239009526439,0.0403954461216926,1,0.0403954461216926,1,2,1.55,0.0403954461216926,0.0403954461216926,543,28,741,251,24.0,0.0961330905556678
910.0,15:10,cctv3,C3_S010,G007,UNKNOWN,0,0.0,,,-1,0.0,0.0,0.0,0,0.0,,,-1,0.0,0.0,0.0,0.0,0.0,1,RECENT_FULL_MISS,0.2727272727272727,1,0.0882213786244392,681.0480992794037,155.7630250453949,0.0675359509427309,23.327059731119967,0.0882213786244392,1,0.0882213786244392,1,2,1.55,0.0882213786244392,0.0882213786244392,580,44,778,279,29.84630630413084,0.0939655527472496
910.0,15:10,cctv3,C3_S011,G008,UNKNOWN,1,0.6194490194320679,720.8543395996094,169.49292755126953,9,10.0,0.7053713520938223,0.8908546533034529,1,0.6194490194320679,720.8543395996094,169.49292755126953,9,10.0,0.7053713520938223,0.8908546533034529,0.495897077600454,0.8065127092147402,0,SKIPPED,1.0,0,0.0,,,0.0,,0.0,0,0.0,0,0,1.0,0.0,0.0,648,76,824,286,41.34888148426751,0.0707858875393867
910.0,15:10,cctv3,C3_S012,G009,UNKNOWN,1,0.8270971775054932,858.0798645019531,253.9049224853516,4,10.0,1.550308590220559,20.237754256190076,1,0.8270971775054932,858.0798645019531,253.9049224853516,4,10.0,1.550308590220559,20.237754256190076,1.0,0.9533162379264832,0,SKIPPED,1.0,0,0.0,,,0.0,,0.0,0,0.0,0,0,1.0,0.0,0.0,668,6,926,435,84.56503532784694,0.0551145076751709
