time_sec,cctv,local_id,global_id,state,phase,occupied_score
0.0,cctv1,C1_S001,G001,EMPTY,EMPTY,0.01
0.0,cctv1,C1_S002,G002,EMPTY,EMPTY,0.01
0.0,cctv1,C1_S003,G003,OCCUPIED,OCCUPIED,0.8371090978384018
0.0,cctv1,C1_S004,G004,OCCUPIED,OCCUPIED,0.7942105621099472
0.0,cctv1,C1_S005,G005,OCCUPIED,OCCUPIED,0.8032596468925477
0.0,cctv1,C1_S006,G006,EMPTY,EMPTY,0.01
0.0,cctv2,C2_S001,G007,OCCUPIED,OCCUPIED,0.8042312502861023
0.0,cctv2,C2_S002,G008,OCCUPIED,OCCUPIED,0.7763173669576645
0.0,cctv2,C2_S003,G009,EMPTY,EMPTY,0.01
0.0,cctv2,C2_S004,G010,EMPTY,MANEUVERING,0.49
0.0,cctv2,C2_S005,G001,EMPTY,EMPTY,0.01
0.0,cctv2,C2_S006,G003,OCCUPIED,OCCUPIED,0.8194966495037079
0.0,cctv2,C2_S007,G004,OCCUPIED,OCCUPIED,0.7991344720125199
0.0,cctv2,C2_S008,G006,OCCUPIED,OCCUPIED,0.7767307937145234
0.0,cctv2,C2_S009,G005,OCCUPIED,OCCUPIED,0.7913011074066163
0.0,cctv2,C2_S010,G002,EMPTY,EMPTY,0.01
0.0,cctv2,C2_S011,G017,OCCUPIED,OCCUPIED,0.8070194423198701
0.0,cctv2,C2_S012,G018,OCCUPIED,OCCUPIED,0.7554741173982621
0.0,cctv2,C2_S013,G019,EMPTY,EMPTY,0.01
0.0,cctv2,C2_S014,G020,EMPTY,EMPTY,0.01
0.0,cctv3,C3_S001,G021,OCCUPIED,OCCUPIED,0.8215439438819886
0.0,cctv3,C3_S002,G019,EMPTY,EMPTY,0.01
0.0,cctv3,C3_S003,G020,EMPTY,EMPTY,0.01
0.0,cctv3,C3_S004,G024,OCCUPIED,OCCUPIED,0.8300526082515717
0.0,cctv3,C3_S005,G025,OCCUPIED,OCCUPIED,0.8294634342193604
0.0,cctv3,C3_S006,G026,OCCUPIED,OCCUPIED,0.8293400526046754
0.0,cctv3,C3_S007,G027,EMPTY,MANEUVERING,0.49
0.0,cctv3,C3_S008,G028,EMPTY,EMPTY,0.01
0.0,cctv3,C3_S009,G029,EMPTY,EMPTY,0.01
0.0,cctv3,C3_S010,G007,OCCUPIED,OCCUPIED,0.7610904127359391
0.0,cctv3,C3_S011,G008,OCCUPIED,OCCUPIED,0.8222756683826447
0.0,cctv3,C3_S012,G009,OCCUPIED,OCCUPIED,0.8262814581394196
1.0,cctv1,C1_S001,G001,EMPTY,MANEUVERING,0.4181604124978185
1.0,cctv1,C1_S002,G002,EMPTY,EMPTY,0.01
1.0,cctv1,C1_S003,G003,OCCUPIED,OCCUPIED,0.8367313176393509
1.0,cctv1,C1_S004,G004,OCCUPIED,OCCUPIED,0.7898658975958824
1.0,cctv1,C1_S005,G005,OCCUPIED,OCCUPIED,0.7991868287324906
1.0,cctv1,C1_S006,G006,EMPTY,EMPTY,0.01
1.0,cctv2,C2_S001,G007,OCCUPIED,OCCUPIED,0.8086376547813416
1.0,cctv2,C2_S002,G008,OCCUPIED,OCCUPIED,0.7904840126633644
1.0,cctv2,C2_S003,G009,EMPTY,EMPTY,0.01
1.0,cctv2,C2_S004,G010,OCCUPIED,OCCUPIED,0.7475111104547978
1.0,cctv2,C2_S005,G001,EMPTY,EMPTY,0.01
1.0,cctv2,C2_S006,G003,OCCUPIED,OCCUPIED,0.8200548261404038
1.0,cctv2,C2_S007,G004,OCCUPIED,OCCUPIED,0.8002216473221779
1.0,cctv2,C2_S008,G006,OCCUPIED,OCCUPIED,0.7780901953577996
1.0,cctv2,C2_S009,G005,OCCUPIED,OCCUPIED,0.7791560761630536
1.0,cctv2,C2_S010,G002,EMPTY,EMPTY,0.01
1.0,cctv2,C2_S011,G017,OCCUPIED,OCCUPIED,0.8077805951237679
1.0,cctv2,C2_S012,G018,OCCUPIED,OCCUPIED,0.7616509921848774
1.0,cctv2,C2_S013,G019,EMPTY,EMPTY,0.01
1.0,cctv2,C2_S014,G020,EMPTY,EMPTY,0.01
1.0,cctv3,C3_S001,G021,OCCUPIED,OCCUPIED,0.8223151370882988
1.0,cctv3,C3_S002,G019,EMPTY,EMPTY,0.01
1.0,cctv3,C3_S003,G020,EMPTY,EMPTY,0.01
1.0,cctv3,C3_S004,G024,OCCUPIED,OCCUPIED,0.8301116839051247
1.0,cctv3,C3_S005,G025,OCCUPIED,OCCUPIED,0.8302932024002075
1.0,cctv3,C3_S006,G026,OCCUPIED,OCCUPIED,0.8294095128774643
1.0,cctv3,C3_S007,G027,EMPTY,MANEUVERING,0.49
1.0,cctv3,C3_S008,G028,EMPTY,EMPTY,0.01
1.0,cctv3,C3_S009,G029,EMPTY,EMPTY,0.01
1.0,cctv3,C3_S010,G007,OCCUPIED,OCCUPIED,0.7526498317718506
1.0,cctv3,C3_S011,G008,OCCUPIED,OCCUPIED,0.8162015870213509
1.0,cctv3,C3_S012,G009,OCCUPIED,OCCUPIED,0.8279295772314073
2.0,cctv1,C1_S001,G001,EMPTY,MANEUVERING,0.3214937458311518
2.0,cctv1,C1_S002,G002,EMPTY,EMPTY,0.01
2.0,cctv1,C1_S003,G003,OCCUPIED,OCCUPIED,0.8374956786632539
2.0,cctv1,C1_S004,G004,OCCUPIED,OCCUPIED,0.7895127832889558
2.0,cctv1,C1_S005,G005,OCCUPIED,OCCUPIED,0.7966840088367463
2.0,cctv1,C1_S006,G006,EMPTY,EMPTY,0.01
2.0,cctv2,C2_S001,G007,OCCUPIED,OCCUPIED,0.8112734824419022
2.0,cctv2,C2_S002,G008,OCCUPIED,OCCUPIED,0.7985011607408524
2.0,cctv2,C2_S003,G009,EMPTY,MANEUVERING,0.3706981622179349
2.0,cctv2,C2_S004,G010,OCCUPIED,OCCUPIED,0.7519327625632287
2.0,cctv2,C2_S005,G001,EMPTY,EMPTY,0.01
2.0,cctv2,C2_S006,G003,OCCUPIED,OCCUPIED,0.8200631022453309
2.0,cctv2,C2_S007,G004,OCCUPIED,OCCUPIED,0.8004306793212891
2.0,cctv2,C2_S008,G006,OCCUPIED,OCCUPIED,0.7767717406153679
2.0,cctv2,C2_S009,G005,OCCUPIED,OCCUPIED,0.7818008974194527
2.0,cctv2,C2_S010,G002,EMPTY,EMPTY,0.01
2.0,cctv2,C2_S011,G017,OCCUPIED,OCCUPIED,0.8053013533353807
2.0,cctv2,C2_S012,G018,OCCUPIED,OCCUPIED,0.7653552874922753
2.0,cctv2,C2_S013,G019,EMPTY,EMPTY,0.01
2.0,cctv2,C2_S014,G020,EMPTY,EMPTY,0.01
2.0,cctv3,C3_S001,G021,OCCUPIED,OCCUPIED,0.8235246598720551
2.0,cctv3,C3_S002,G019,EMPTY,EMPTY,0.01
2.0,cctv3,C3_S003,G020,EMPTY,EMPTY,0.01
2.0,cctv3,C3_S004,G024,OCCUPIED,OCCUPIED,0.8306096225976944
2.0,cctv3,C3_S005,G025,OCCUPIED,OCCUPIED,0.830504384636879
2.0,cctv3,C3_S006,G026,OCCUPIED,OCCUPIED,0.8287347912788392
2.0,cctv3,C3_S007,G027,EMPTY,MANEUVERING,0.49
2.0,cctv3,C3_S008,G028,EMPTY,EMPTY,0.01
2.0,cctv3,C3_S009,G029,EMPTY,EMPTY,0.01
2.0,cctv3,C3_S010,G007,OCCUPIED,OCCUPIED,0.7544034987688065
2.0,cctv3,C3_S011,G008,OCCUPIED,OCCUPIED,0.8113673985004426
2.0,cctv3,C3_S012,G009,OCCUPIED,OCCUPIED,0.8287420570850372
3.0,cctv1,C1_S001,G001,EMPTY,MANEUVERING,0.4223195047490299
3.0,cctv1,C1_S002,G002,EMPTY,EMPTY,0.01
3.0,cctv1,C1_S003,G003,OCCUPIED,OCCUPIED,0.8376292228698731
3.0,cctv1,C1_S004,G004,OCCUPIED,OCCUPIED,0.7843579009175301
3.0,cctv1,C1_S005,G005,OCCUPIED,OCCUPIED,0.7984518006443978
3.0,cctv1,C1_S006,G006,EMPTY,EMPTY,0.01
3.0,cctv2,C2_S001,G007,OCCUPIED,OCCUPIED,0.8097621709108354
3.0,cctv2,C2_S002,G008,OCCUPIED,OCCUPIED,0.8010545760393143
3.0,cctv2,C2_S003,G009,OCCUPIED,OCCUPIED,0.51
3.0,cctv2,C2_S004,G010,OCCUPIED,OCCUPIED,0.7570710889995099
3.0,cctv2,C2_S005,G001,EMPTY,EMPTY,0.01
3.0,cctv2,C2_S006,G003,OCCUPIED,OCCUPIED,0.8203419744968414
3.0,cctv2,C2_S007,G004,OCCUPIED,OCCUPIED,0.800515016168356
3.0,cctv2,C2_S008,G006,OCCUPIED,OCCUPIED,0.776065180078149
3.0,cctv2,C2_S009,G005,OCCUPIED,OCCUPIED,0.7808535490185023
3.0,cctv2,C2_S010,G002,EMPTY,EMPTY,0.01
3.0,cctv2,C2_S011,G017,OCCUPIED,OCCUPIED,0.8061029180884361
3.0,cctv2,C2_S012,G018,OCCUPIED,OCCUPIED,0.7678548242896795
3.0,cctv2,C2_S013,G019,EMPTY,EMPTY,0.01
3.0,cctv2,C2_S014,G020,EMPTY,EMPTY,0.01
3.0,cctv3,C3_S001,G021,OCCUPIED,OCCUPIED,0.8236729808151723
3.0,cctv3,C3_S002,G019,EMPTY,EMPTY,0.01
3.0,cctv3,C3_S003,G020,EMPTY,EMPTY,0.01
3.0,cctv3,C3_S004,G024,OCCUPIED,OCCUPIED,0.8303752578794956
3.0,cctv3,C3_S005,G025,OCCUPIED,OCCUPIED,0.8305247731506825
3.0,cctv3,C3_S006,G026,OCCUPIED,OCCUPIED,0.8285882584750652
3.0,cctv3,C3_S007,G027,EMPTY,MANEUVERING,0.49
3.0,cctv3,C3_S008,G028,EMPTY,MANEUVERING,0.2211354121565819
3.0,cctv3,C3_S009,G029,EMPTY,EMPTY,0.01
3.0,cctv3,C3_S010,G007,OCCUPIED,OCCUPIED,0.7574824761599303
3.0,cctv3,C3_S011,G008,OCCUPIED,OCCUPIED,0.8116282597184182
3.0,cctv3,C3_S012,G009,OCCUPIED,OCCUPIED,0.8283278606832027
4.0,cctv1,C1_S001,G001,EMPTY,MANEUVERING,0.49
4.0,cctv1,C1_S002,G002,EMPTY,EMPTY,0.01
4.0,cctv1,C1_S003,G003,OCCUPIED,OCCUPIED,0.8381111764907838
4.0,cctv1,C1_S004,G004,OCCUPIED,OCCUPIED,0.7865275835990906
4.0,cctv1,C1_S005,G005,OCCUPIED,OCCUPIED,0.7934158602356911
4.0,cctv1,C1_S006,G006,EMPTY,EMPTY,0.01
4.0,cctv2,C2_S001,G007,OCCUPIED,OCCUPIED,0.8115747720003129
4.0,cctv2,C2_S002,G008,OCCUPIED,LEAVING,0.798942016363144
4.0,cctv2,C2_S003,G009,OCCUPIED,LEAVING,0.5340675649046898
4.0,cctv2,C2_S004,G010,OCCUPIED,OCCUPIED,0.6320710889995099
4.0,cctv2,C2_S005,G001,EMPTY,EMPTY,0.01
4.0,cctv2,C2_S006,G003,OCCUPIED,OCCUPIED,0.8210016906261445
4.0,cctv2,C2_S007,G004,OCCUPIED,OCCUPIED,0.8002599519491196
4.0,cctv2,C2_S008,G006,OCCUPIED,OCCUPIED,0.7767975243926049
4.0,cctv2,C2_S009,G005,OCCUPIED,OCCUPIED,0.7842168292403222
4.0,cctv2,C2_S010,G002,EMPTY,EMPTY,0.01
4.0,cctv2,C2_S011,G017,OCCUPIED,OCCUPIED,0.8078222024440767
4.0,cctv2,C2_S012,G018,OCCUPIED,OCCUPIED,0.767693182528019
4.0,cctv2,C2_S013,G019,EMPTY,EMPTY,0.01
4.0,cctv2,C2_S014,G020,EMPTY,EMPTY,0.01
4.0,cctv3,C3_S001,G021,OCCUPIED,OCCUPIED,0.8229573732614518
4.0,cctv3,C3_S002,G019,EMPTY,EMPTY,0.01
4.0,cctv3,C3_S003,G020,EMPTY,EMPTY,0.01
4.0,cctv3,C3_S004,G024,OCCUPIED,OCCUPIED,0.8307148241996766
4.0,cctv3,C3_S005,G025,OCCUPIED,OCCUPIED,0.8306139588356019
4.0,cctv3,C3_S006,G026,OCCUPIED,OCCUPIED,0.828392413854599
4.0,cctv3,C3_S007,G027,EMPTY,MANEUVERING,0.4182694226950407
4.0,cctv3,C3_S008,G028,EMPTY,MANEUVERING,0.3410502191185951
4.0,cctv3,C3_S009,G029,EMPTY,EMPTY,0.01
4.0,cctv3,C3_S010,G007,OCCUPIED,OCCUPIED,0.7603529259562493
4.0,cctv3,C3_S011,G008,OCCUPIED,OCCUPIED,0.8114105117321015
4.0,cctv3,C3_S012,G009,OCCUPIED,OCCUPIED,0.8272117966413499
5.0,cctv1,C1_S001,G001,EMPTY,MANEUVERING,0.49
5.0,cctv1,C1_S002,G002,EMPTY,EMPTY,0.01
5.0,cctv1,C1_S003,G003,OCCUPIED,OCCUPIED,0.8383353352546692
5.0,cctv1,C1_S004,G004,OCCUPIED,OCCUPIED,0.7855047851800919
5.0,cctv1,C1_S005,G005,OCCUPIED,OCCUPIED,0.793942990154028
5.0,cctv1,C1_S006,G006,EMPTY,EMPTY,0.01
5.0,cctv2,C2_S001,G007,OCCUPIED,OCCUPIED,0.8123740211129189
5.0,cctv2,C2_S002,G008,OCCUPIED,LEAVING,0.8044239029288293
5.0,cctv2,C2_S003,G009,OCCUPIED,LEAVING,0.51
5.0,cctv2,C2_S004,G010,OCCUPIED,OCCUPIED,0.6448310478528341
5.0,cctv2,C2_S005,G001,EMPTY,EMPTY,0.01
5.0,cctv2,C2_S006,G003,OCCUPIED,OCCUPIED,0.8203885018825532
5.0,cctv2,C2_S007,G004,OCCUPIED,OCCUPIED,0.8007012069225312
5.0,cctv2,C2_S008,G006,OCCUPIED,OCCUPIED,0.7783315412700177
5.0,cctv2,C2_S009,G005,OCCUPIED,OCCUPIED,0.7836250759661199
5.0,cctv2,C2_S010,G002,EMPTY,EMPTY,0.01
5.0,cctv2,C2_S011,G017,OCCUPIED,OCCUPIED,0.8083672657608987
5.0,cctv2,C2_S012,G018,OCCUPIED,OCCUPIED,0.7696997158229352
5.0,cctv2,C2_S013,G019,EMPTY,EMPTY,0.01
5.0,cctv2,C2_S014,G020,EMPTY,EMPTY,0.01
5.0,cctv3,C3_S001,G021,OCCUPIED,OCCUPIED,0.8233811214566231
5.0,cctv3,C3_S002,G019,EMPTY,EMPTY,0.01
5.0,cctv3,C3_S003,G020,EMPTY,EMPTY,0.01
5.0,cctv3,C3_S004,G024,OCCUPIED,OCCUPIED,0.830658881366253
5.0,cctv3,C3_S005,G025,OCCUPIED,OCCUPIED,0.8306572034955025
5.0,cctv3,C3_S006,G026,OCCUPIED,OCCUPIED,0.8285616010427476
5.0,cctv3,C3_S007,G027,EMPTY,MANEUVERING,0.4519450796271363
5.0,cctv3,C3_S008,G028,EMPTY,MANEUVERING,0.3063835524519284
5.0,cctv3,C3_S009,G029,EMPTY,EMPTY,0.01
5.0,cctv3,C3_S010,G007,OCCUPIED,OCCUPIED,0.7614183746278287
5.0,cctv3,C3_S011,G008,OCCUPIED,OCCUPIED,0.8109453812241555
5.0,cctv3,C3_S012,G009,OCCUPIED,OCCUPIED,0.8274564638733864
6.0,cctv1,C1_S001,G001,EMPTY,MANEUVERING,0.49
6.0,cctv1,C1_S002,G002,EMPTY,EMPTY,0.01
6.0,cctv1,C1_S003,G003,OCCUPIED,OCCUPIED,0.838262192266328
6.0,cctv1,C1_S004,G004,OCCUPIED,OCCUPIED,0.7830405492867742
6.0,cctv1,C1_S005,G005,OCCUPIED,OCCUPIED,0.7964889141065734
6.0,cctv1,C1_S006,G006,EMPTY,EMPTY,0.01
6.0,cctv2,C2_S001,G007,OCCUPIED,OCCUPIED,0.8114637349333083
6.0,cctv2,C2_S002,G008,OCCUPIED,LEAVING,0.8061989405325481
6.0,cctv2,C2_S003,G009,OCCUPIED,LEAVING,0.51
6.0,cctv2,C2_S004,G010,OCCUPIED,OCCUPIED,0.6514516702507224
6.0,cctv2,C2_S005,G001,EMPTY,EMPTY,0.01
6.0,cctv2,C2_S006,G003,OCCUPIED,OCCUPIED,0.8201946343694415
6.0,cctv2,C2_S007,G004,OCCUPIED,OCCUPIED,0.8006390878132412
6.0,cctv2,C2_S008,G006,OCCUPIED,OCCUPIED,0.7772936872073583
6.0,cctv2,C2_S009,G005,OCCUPIED,OCCUPIED,0.7858028069138527
6.0,cctv2,C2_S010,G002,EMPTY,EMPTY,0.01
6.0,cctv2,C2_S011,G017,OCCUPIED,OCCUPIED,0.8093910451446261
6.0,cctv2,C2_S012,G018,OCCUPIED,OCCUPIED,0.7710957580379078
6.0,cctv2,C2_S013,G019,EMPTY,EMPTY,0.01
6.0,cctv2,C2_S014,G020,EMPTY,EMPTY,0.01
6.0,cctv3,C3_S001,G021,OCCUPIED,OCCUPIED,0.8229809871741705
6.0,cctv3,C3_S002,G019,EMPTY,EMPTY,0.01
6.0,cctv3,C3_S003,G020,EMPTY,EMPTY,0.01
6.0,cctv3,C3_S004,G024,OCCUPIED,OCCUPIED,0.8306876876524517
6.0,cctv3,C3_S005,G025,OCCUPIED,OCCUPIED,0.8304961511066983
6.0,cctv3,C3_S006,G026,OCCUPIED,OCCUPIED,0.8283808678388596
6.0,cctv3,C3_S007,G027,EMPTY,MANEUVERING,0.4779412304716451
6.0,cctv3,C3_S008,G028,EMPTY,MANEUVERING,0.2816216476900237
6.0,cctv3,C3_S009,G029,EMPTY,EMPTY,0.01
6.0,cctv3,C3_S010,G007,OCCUPIED,OCCUPIED,0.763826057101999
6.0,cctv3,C3_S011,G008,OCCUPIED,OCCUPIED,0.8112326996667045
6.0,cctv3,C3_S012,G009,OCCUPIED,OCCUPIED,0.8278037215982166
7.0,cctv1,C1_S001,G001,EMPTY,MANEUVERING,0.49
7.0,cctv1,C1_S002,G002,EMPTY,EMPTY,0.01
7.0,cctv1,C1_S003,G003,OCCUPIED,OCCUPIED,0.8385201230645181
7.0,cctv1,C1_S004,G004,OCCUPIED,OCCUPIED,0.7827361417934299
7.0,cctv1,C1_S005,G005,OCCUPIED,OCCUPIED,0.7959190113469959
7.0,cctv1,C1_S006,G006,EMPTY,EMPTY,0.01
7.0,cctv2,C2_S001,G007,OCCUPIED,OCCUPIED,0.8123940348625184
7.0,cctv2,C2_S002,G008,OCCUPIED,LEAVING,0.8057948965579272
7.0,cctv2,C2_S003,G009,OCCUPIED,LEAVING,0.51
7.0,cctv2,C2_S004,G010,OCCUPIED,OCCUPIED,0.6581170700277601
7.0,cctv2,C2_S005,G001,EMPTY,EMPTY,0.01
7.0,cctv2,C2_S006,G003,OCCUPIED,OCCUPIED,0.8202484715729952
7.0,cctv2,C2_S007,G004,OCCUPIED,OCCUPIED,0.8003447931259872
7.0,cctv2,C2_S008,G006,OCCUPIED,OCCUPIED,0.7777695920318366
7.0,cctv2,C2_S009,G005,OCCUPIED,OCCUPIED,0.7852736366912724
7.0,cctv2,C2_S010,G002,EMPTY,EMPTY,0.01
7.0,cctv2,C2_S011,G017,OCCUPIED,OCCUPIED,0.8104940764606
7.0,cctv2,C2_S012,G018,OCCUPIED,OCCUPIED,0.7714611560106278
7.0,cctv2,C2_S013,G019,EMPTY,EMPTY,0.01
7.0,cctv2,C2_S014,G020,EMPTY,EMPTY,0.01
7.0,cctv3,C3_S001,G021,OCCUPIED,OCCUPIED,0.8227500963956118
7.0,cctv3,C3_S002,G019,EMPTY,EMPTY,0.01
7.0,cctv3,C3_S003,G020,EMPTY,EMPTY,0.01
7.0,cctv3,C3_S004,G024,OCCUPIED,OCCUPIED,0.830673909559846
7.0,cctv3,C3_S005,G025,OCCUPIED,OCCUPIED,0.8305206291377545
7.0,cctv3,C3_S006,G026,OCCUPIED,OCCUPIED,0.8283087264746428
7.0,cctv3,C3_S007,G027,EMPTY,MANEUVERING,0.49
7.0,cctv3,C3_S008,G028,EMPTY,MANEUVERING,0.2180502191185951
7.0,cctv3,C3_S009,G029,EMPTY,EMPTY,0.01
7.0,cctv3,C3_S010,G007,OCCUPIED,OCCUPIED,0.7649823566898705
7.0,cctv3,C3_S011,G008,OCCUPIED,OCCUPIED,0.8107821948826314
7.0,cctv3,C3_S012,G009,OCCUPIED,OCCUPIED,0.8278898973017932
8.0,cctv1,C1_S001,G001,EMPTY,MANEUVERING,0.49
8.0,cctv1,C1_S002,G002,EMPTY,EMPTY,0.01
8.0,cctv1,C1_S003,G003,OCCUPIED,OCCUPIED,0.8386111726363501
8.0,cctv1,C1_S004,G004,OCCUPIED,OCCUPIED,0.7815230891108513
8.0,cctv1,C1_S005,G005,OCCUPIED,OCCUPIED,0.796947300930818
8.0,cctv1,C1_S006,G006,EMPTY,EMPTY,0.01
8.0,cctv2,C2_S001,G007,OCCUPIED,OCCUPIED,0.8089961618185044
8.0,cctv2,C2_S002,G008,OCCUPIED,LEAVING,0.7997766807675363
8.0,cctv2,C2_S003,G009,OCCUPIED,OCCUPIED,0.51
8.0,cctv2,C2_S004,G010,OCCUPIED,OCCUPIED,0.6192281811388712
8.0,cctv2,C2_S005,G001,EMPTY,EMPTY,0.01
8.0,cctv2,C2_S006,G003,OCCUPIED,OCCUPIED,0.8202140430609386
8.0,cctv2,C2_S007,G004,OCCUPIED,OCCUPIED,0.8005015214284261
8.0,cctv2,C2_S008,G006,OCCUPIED,OCCUPIED,0.7758259475231171
8.0,cctv2,C2_S009,G005,OCCUPIED,OCCUPIED,0.7854247346520424
8.0,cctv2,C2_S010,G002,EMPTY,EMPTY,0.01
8.0,cctv2,C2_S011,G017,OCCUPIED,OCCUPIED,0.8099044591188431
8.0,cctv2,C2_S012,G018,OCCUPIED,OCCUPIED,0.7719627479712169
8.0,cctv2,C2_S013,G019,EMPTY,EMPTY,0.01
8.0,cctv2,C2_S014,G020,EMPTY,EMPTY,0.01
8.0,cctv3,C3_S001,G021,OCCUPIED,OCCUPIED,0.8225203394889832
8.0,cctv3,C3_S002,G019,EMPTY,EMPTY,0.01
8.0,cctv3,C3_S003,G020,EMPTY,EMPTY,0.01
8.0,cctv3,C3_S004,G024,OCCUPIED,OCCUPIED,0.8306485116481781
8.0,cctv3,C3_S005,G025,OCCUPIED,OCCUPIED,0.8303913394610087
8.0,cctv3,C3_S006,G026,OCCUPIED,OCCUPIED,0.8283640881379446
8.0,cctv3,C3_S007,G027,EMPTY,MANEUVERING,0.49
8.0,cctv3,C3_S008,G028,EMPTY,MANEUVERING,0.161939108007484
8.0,cctv3,C3_S009,G029,EMPTY,EMPTY,0.01
8.0,cctv3,C3_S010,G007,OCCUPIED,OCCUPIED,0.7665976747870445
8.0,cctv3,C3_S011,G008,OCCUPIED,OCCUPIED,0.8104821642239889
8.0,cctv3,C3_S012,G009,OCCUPIED,OCCUPIED,0.8275230099757513
9.0,cctv1,C1_S001,G001,EMPTY,MANEUVERING,0.49
9.0,cctv1,C1_S002,G002,EMPTY,EMPTY,0.01
9.0,cctv1,C1_S003,G003,OCCUPIED,OCCUPIED,0.8386455708742142
9.0,cctv1,C1_S004,G004,OCCUPIED,OCCUPIED,0.7809126977622509
9.0,cctv1,C1_S005,G005,OCCUPIED,OCCUPIED,0.7966510249674321
9.0,cctv1,C1_S006,G006,EMPTY,EMPTY,0.01
9.0,cctv2,C2_S001,G007,OCCUPIED,OCCUPIED,0.8095072439312936
9.0,cctv2,C2_S002,G008,OCCUPIED,LEAVING,0.8010039086639882
9.0,cctv2,C2_S003,G009,OCCUPIED,OCCUPIED,0.51
9.0,cctv2,C2_S004,G010,OCCUPIED,LEAVING,0.6256445670500398
9.0,cctv2,C2_S005,G001,EMPTY,EMPTY,0.01
9.0,cctv2,C2_S006,G003,OCCUPIED,OCCUPIED,0.8203850758075715
9.0,cctv2,C2_S007,G004,OCCUPIED,OCCUPIED,0.8007557627558709
9.0,cctv2,C2_S008,G006,OCCUPIED,OCCUPIED,0.7759895268082619
9.0,cctv2,C2_S009,G005,OCCUPIED,OCCUPIED,0.7857020242512227
9.0,cctv2,C2_S010,G002,EMPTY,EMPTY,0.01
9.0,cctv2,C2_S011,G017,OCCUPIED,OCCUPIED,0.8106012642383577
9.0,cctv2,C2_S012,G018,OCCUPIED,OCCUPIED,0.7718085253238679
9.0,cctv2,C2_S013,G019,EMPTY,EMPTY,0.01
9.0,cctv2,C2_S014,G020,EMPTY,EMPTY,0.01
9.0,cctv3,C3_S001,G021,OCCUPIED,OCCUPIED,0.822392247915268
9.0,cctv3,C3_S002,G019,EMPTY,EMPTY,0.01
9.0,cctv3,C3_S003,G020,EMPTY,EMPTY,0.01
9.0,cctv3,C3_S004,G024,OCCUPIED,OCCUPIED,0.8306567373871804
9.0,cctv3,C3_S005,G025,OCCUPIED,OCCUPIED,0.8303666573762895
9.0,cctv3,C3_S006,G026,OCCUPIED,OCCUPIED,0.8284044221043587
9.0,cctv3,C3_S007,G027,EMPTY,MANEUVERING,0.4418902837485074
9.0,cctv3,C3_S008,G028,EMPTY,MANEUVERING,0.2386018601059913
9.0,cctv3,C3_S009,G029,EMPTY,EMPTY,0.01
9.0,cctv3,C3_S010,G007,OCCUPIED,OCCUPIED,0.766894924491644
9.0,cctv3,C3_S011,G008,OCCUPIED,OCCUPIED,0.8100787019729615
9.0,cctv3,C3_S012,G009,OCCUPIED,OCCUPIED,0.8273413911461831
10.0,cctv1,C1_S001,G001,EMPTY,MANEUVERING,0.49
10.0,cctv1,C1_S002,G002,EMPTY,EMPTY,0.01
10.0,cctv1,C1_S003,G003,OCCUPIED,OCCUPIED,0.8385101172057066
10.0,cctv1,C1_S004,G004,OCCUPIED,OCCUPIED,0.780473182824525
10.0,cctv1,C1_S005,G005,OCCUPIED,OCCUPIED,0.7955098969015209
10.0,cctv1,C1_S006,G006,EMPTY,EMPTY,0.01
10.0,cctv2,C2_S001,G007,OCCUPIED,OCCUPIED,0.809836142171513
10.0,cctv2,C2_S002,G008,OCCUPIED,LEAVING,0.8017137837680904
10.0,cctv2,C2_S003,G009,OCCUPIED,OCCUPIED,0.51
10.0,cctv2,C2_S004,G010,OCCUPIED,LEAVING,0.6314370694079182
10.0,cctv2,C2_S005,G001,EMPTY,EMPTY,0.01
10.0,cctv2,C2_S006,G003,OCCUPIED,OCCUPIED,0.8204456995834004
10.0,cctv2,C2_S007,G004,OCCUPIED,OCCUPIED,0.8008840769529343
10.0,cctv2,C2_S008,G006,OCCUPIED,OCCUPIED,0.775694444233721
10.0,cctv2,C2_S009,G005,OCCUPIED,OCCUPIED,0.7865393179384146
10.0,cctv2,C2_S010,G002,EMPTY,EMPTY,0.01
10.0,cctv2,C2_S011,G017,OCCUPIED,OCCUPIED,0.8109992333433845
10.0,cctv2,C2_S012,G018,OCCUPIED,OCCUPIED,0.7713513378392567
10.0,cctv2,C2_S013,G019,EMPTY,EMPTY,0.01
10.0,cctv2,C2_S014,G020,EMPTY,EMPTY,0.01
10.0,cctv3,C3_S001,G021,OCCUPIED,OCCUPIED,0.8219618702476675
10.0,cctv3,C3_S002,G019,EMPTY,EMPTY,0.01
10.0,cctv3,C3_S003,G020,EMPTY,EMPTY,0.01
10.0,cctv3,C3_S004,G024,OCCUPIED,OCCUPIED,0.8306753497232091
10.0,cctv3,C3_S005,G025,OCCUPIED,OCCUPIED,0.830285370349884
10.0,cctv3,C3_S006,G026,OCCUPIED,OCCUPIED,0.8284017598087138
10.0,cctv3,C3_S007,G027,EMPTY,MANEUVERING,0.4603780851329302
10.0,cctv3,C3_S008,G028,EMPTY,MANEUVERING,0.2276927691969004
10.0,cctv3,C3_S009,G029,EMPTY,EMPTY,0.01
10.0,cctv3,C3_S010,G007,OCCUPIED,OCCUPIED,0.7684012452309783
10.0,cctv3,C3_S011,G008,OCCUPIED,OCCUPIED,0.8105619389902462
10.0,cctv3,C3_S012,G009,OCCUPIED,OCCUPIED,0.8274345316670159
11.0,cctv1,C1_S001,G001,EMPTY,MANEUVERING,0.49
11.0,cctv1,C1_S002,G002,EMPTY,EMPTY,0.01
11.0,cctv1,C1_S003,G003,OCCUPIED,OCCUPIED,0.8385048048062759
11.0,cctv1,C1_S004,G004,OCCUPIED,OCCUPIED,0.779135329479521
11.0,cctv1,C1_S005,G005,OCCUPIED,OCCUPIED,0.7949061487208714
11.0,cctv1,C1_S006,G006,EMPTY,EMPTY,0.01
11.0,cctv2,C2_S001,G007,OCCUPIED,OCCUPIED,0.8104966215111993
11.0,cctv2,C2_S002,G008,OCCUPIED,LEAVING,0.8020393080332063
11.0,cctv2,C2_S003,G009,OCCUPIED,OCCUPIED,0.51
11.0,cctv2,C2_S004,G010,OCCUPIED,OCCUPIED,0.6318076920825424
11.0,cctv2,C2_S005,G001,EMPTY,EMPTY,0.01
11.0,cctv2,C2_S006,G003,OCCUPIED,OCCUPIED,0.8207041734998877
11.0,cctv2,C2_S007,G004,OCCUPIED,OCCUPIED,0.8007844109426846
11.0,cctv2,C2_S008,G006,OCCUPIED,OCCUPIED,0.7754759299484166
11.0,cctv2,C2_S009,G005,OCCUPIED,OCCUPIED,0.785828025368127
11.0,cctv2,C2_S010,G002,EMPTY,EMPTY,0.01
11.0,cctv2,C2_S011,G017,OCCUPIED,OCCUPIED,0.8116608180783013
11.0,cctv2,C2_S012,G018,OCCUPIED,OCCUPIED,0.7721681570464916
11.0,cctv2,C2_S013,G019,EMPTY,EMPTY,0.01
11.0,cctv2,C2_S014,G020,EMPTY,EMPTY,0.01
11.0,cctv3,C3_S001,G021,OCCUPIED,OCCUPIED,0.8215817167000338
11.0,cctv3,C3_S002,G019,EMPTY,EMPTY,0.01
11.0,cctv3,C3_S003,G020,EMPTY,EMPTY,0.01
11.0,cctv3,C3_S004,G024,OCCUPIED,OCCUPIED,0.8305930489843543
11.0,cctv3,C3_S005,G025,OCCUPIED,OCCUPIED,0.8302856263789264
11.0,cctv3,C3_S006,G026,OCCUPIED,OCCUPIED,0.8283188226548108
11.0,cctv3,C3_S007,G027,EMPTY,MANEUVERING,0.381321063505655
11.0,cctv3,C3_S008,G028,EMPTY,MANEUVERING,0.3098298998786645
11.0,cctv3,C3_S009,G029,EMPTY,EMPTY,0.01
11.0,cctv3,C3_S010,G007,OCCUPIED,OCCUPIED,0.7701949741352689
11.0,cctv3,C3_S011,G008,OCCUPIED,OCCUPIED,0.8096022405407646
11.0,cctv3,C3_S012,G009,OCCUPIED,OCCUPIED,0.8275695410641758
12.0,cctv1,C1_S001,G001,EMPTY,MANEUVERING,0.49
12.0,cctv1,C1_S002,G002,EMPTY,EMPTY,0.01
12.0,cctv1,C1_S003,G003,OCCUPIED,OCCUPIED,0.8386055079373447
12.0,cctv1,C1_S004,G004,OCCUPIED,OCCUPIED,0.7778724268078805
12.0,cctv1,C1_S005,G005,OCCUPIED,OCCUPIED,0.7951696050438015
12.0,cctv1,C1_S006,G006,EMPTY,EMPTY,0.01
12.0,cctv2,C2_S001,G007,OCCUPIED,OCCUPIED,0.8094469560818239
12.0,cctv2,C2_S002,G008,OCCUPIED,LEAVING,0.7867633636882811
12.0,cctv2,C2_S003,G009,OCCUPIED,LEAVING,0.51
12.0,cctv2,C2_S004,G010,OCCUPIED,OCCUPIED,0.5934525395845147
12.0,cctv2,C2_S005,G001,EMPTY,EMPTY,0.01
12.0,cctv2,C2_S006,G003,OCCUPIED,OCCUPIED,0.8212757936932824
12.0,cctv2,C2_S007,G004,OCCUPIED,OCCUPIED,0.8007136965339835
12.0,cctv2,C2_S008,G006,OCCUPIED,OCCUPIED,0.7753724194385789
12.0,cctv2,C2_S009,G005,OCCUPIED,OCCUPIED,0.7890273224223745
12.0,cctv2,C2_S010,G002,EMPTY,EMPTY,0.01
12.0,cctv2,C2_S011,G017,OCCUPIED,OCCUPIED,0.8119775479490108
12.0,cctv2,C2_S012,G018,OCCUPIED,OCCUPIED,0.7719679577784105
12.0,cctv2,C2_S013,G019,EMPTY,EMPTY,0.01
12.0,cctv2,C2_S014,G020,EMPTY,EMPTY,0.01
12.0,cctv3,C3_S001,G021,OCCUPIED,OCCUPIED,0.8204386380585758
12.0,cctv3,C3_S002,G019,EMPTY,EMPTY,0.01
12.0,cctv3,C3_S003,G020,EMPTY,EMPTY,0.01
12.0,cctv3,C3_S004,G024,OCCUPIED,OCCUPIED,0.8305216063152661
12.0,cctv3,C3_S005,G025,OCCUPIED,OCCUPIED,0.8301221449266781
12.0,cctv3,C3_S006,G026,OCCUPIED,OCCUPIED,0.8281820470636542
12.0,cctv3,C3_S007,G027,EMPTY,MANEUVERING,0.3487470430338924
12.0,cctv3,C3_S008,G028,EMPTY,MANEUVERING,0.4507506393844431
12.0,cctv3,C3_S009,G029,EMPTY,MANEUVERING,0.1212105640091679
12.0,cctv3,C3_S010,G007,OCCUPIED,LEAVING,0.6805208191952923
12.0,cctv3,C3_S011,G008,OCCUPIED,OCCUPIED,0.8102410809560256
12.0,cctv3,C3_S012,G009,OCCUPIED,OCCUPIED,0.8274165779352188
13.0,cctv1,C1_S001,G001,EMPTY,MANEUVERING,0.49
13.0,cctv1,C1_S002,G002,EMPTY,EMPTY,0.01
13.0,cctv1,C1_S003,G003,OCCUPIED,OCCUPIED,0.8384654413570058
13.0,cctv1,C1_S004,G004,OCCUPIED,OCCUPIED,0.7765562851320614
13.0,cctv1,C1_S005,G005,OCCUPIED,OCCUPIED,0.7963938839056276
13.0,cctv1,C1_S006,G006,EMPTY,EMPTY,0.01
13.0,cctv2,C2_S001,G007,OCCUPIED,OCCUPIED,0.8076975291425532
13.0,cctv2,C2_S002,G008,OCCUPIED,LEAVING,0.7838697234518601
13.0,cctv2,C2_S003,G009,OCCUPIED,LEAVING,0.51
13.0,cctv2,C2_S004,G010,OCCUPIED,OCCUPIED,0.5916219241087409
13.0,cctv2,C2_S005,G001,EMPTY,EMPTY,0.01
13.0,cctv2,C2_S006,G003,OCCUPIED,OCCUPIED,0.8215419200333682
13.0,cctv2,C2_S007,G004,OCCUPIED,OCCUPIED,0.8001874373717742
13.0,cctv2,C2_S008,G006,OCCUPIED,OCCUPIED,0.7754099703647874
13.0,cctv2,C2_S009,G005,OCCUPIED,OCCUPIED,0.7903730354525826
13.0,cctv2,C2_S010,G002,EMPTY,EMPTY,0.01
13.0,cctv2,C2_S011,G017,OCCUPIED,OCCUPIED,0.813297872651707
13.0,cctv2,C2_S012,G018,OCCUPIED,OCCUPIED,0.7716158016161486
13.0,cctv2,C2_S013,G019,EMPTY,EMPTY,0.01
13.0,cctv2,C2_S014,G020,EMPTY,EMPTY,0.01
13.0,cctv3,C3_S001,G021,OCCUPIED,OCCUPIED,0.8195824143561451
13.0,cctv3,C3_S002,G019,EMPTY,EMPTY,0.01
13.0,cctv3,C3_S003,G020,EMPTY,EMPTY,0.01
13.0,cctv3,C3_S004,G024,OCCUPIED,OCCUPIED,0.8304067907008259
13.0,cctv3,C3_S005,G025,OCCUPIED,OCCUPIED,0.8300410690632734
13.0,cctv3,C3_S006,G026,OCCUPIED,OCCUPIED,0.8283265140923588
13.0,cctv3,C3_S007,G027,EMPTY,MANEUVERING,0.3134595819613474
13.0,cctv3,C3_S008,G028,EMPTY,MANEUVERING,0.49
13.0,cctv3,C3_S009,G029,EMPTY,MANEUVERING,0.2033694712208076
13.0,cctv3,C3_S010,G007,OCCUPIED,LEAVING,0.5899017267787096
13.0,cctv3,C3_S011,G008,OCCUPIED,OCCUPIED,0.8113186153498564
13.0,cctv3,C3_S012,G009,OCCUPIED,OCCUPIED,0.8274750444022092
14.0,cctv1,C1_S001,G001,EMPTY,MANEUVERING,0.49
14.0,cctv1,C1_S002,G002,EMPTY,EMPTY,0.01
14.0,cctv1,C1_S003,G003,OCCUPIED,OCCUPIED,0.8385855734348298
14.0,cctv1,C1_S004,G004,OCCUPIED,OCCUPIED,0.7786700462753123
14.0,cctv1,C1_S005,G005,OCCUPIED,OCCUPIED,0.7959310240366243
14.0,cctv1,C1_S006,G006,EMPTY,EMPTY,0.01
14.0,cctv2,C2_S001,G007,OCCUPIED,OCCUPIED,0.8069655315442519
14.0,cctv2,C2_S002,G008,OCCUPIED,LEAVING,0.7798273039676926
14.0,cctv2,C2_S003,G009,OCCUPIED,LEAVING,0.51
14.0,cctv2,C2_S004,G010,OCCUPIED,OCCUPIED,0.5873720158924434
14.0,cctv2,C2_S005,G001,EMPTY,EMPTY,0.01
14.0,cctv2,C2_S006,G003,OCCUPIED,OCCUPIED,0.8218907600099391
14.0,cctv2,C2_S007,G004,OCCUPIED,OCCUPIED,0.7996957974000412
14.0,cctv2,C2_S008,G006,OCCUPIED,OCCUPIED,0.7751169886101377
14.0,cctv2,C2_S009,G005,OCCUPIED,OCCUPIED,0.7923837306824598
14.0,cctv2,C2_S010,G002,EMPTY,EMPTY,0.01
14.0,cctv2,C2_S011,G017,OCCUPIED,OCCUPIED,0.8136094624345953
14.0,cctv2,C2_S012,G018,OCCUPIED,OCCUPIED,0.7700355700471185
14.0,cctv2,C2_S013,G019,EMPTY,EMPTY,0.01
14.0,cctv2,C2_S014,G020,EMPTY,EMPTY,0.01
14.0,cctv3,C3_S001,G021,OCCUPIED,OCCUPIED,0.818103835257617
14.0,cctv3,C3_S002,G019,EMPTY,EMPTY,0.01
14.0,cctv3,C3_S003,G020,EMPTY,EMPTY,0.01
14.0,cctv3,C3_S004,G024,OCCUPIED,OCCUPIED,0.8304307030005889
14.0,cctv3,C3_S005,G025,OCCUPIED,OCCUPIED,0.8299894227222964
14.0,cctv3,C3_S006,G026,OCCUPIED,OCCUPIED,0.8283445718613538
14.0,cctv3,C3_S007,G027,EMPTY,MANEUVERING,0.3508451152051036
14.0,cctv3,C3_S008,G028,EMPTY,MANEUVERING,0.4394911285692995
14.0,cctv3,C3_S009,G029,EMPTY,MANEUVERING,0.2927256471121853
14.0,cctv3,C3_S010,G007,OCCUPIED,LEAVING,0.51
14.0,cctv3,C3_S011,G008,OCCUPIED,OCCUPIED,0.8116357410495932
14.0,cctv3,C3_S012,G009,OCCUPIED,OCCUPIED,0.8279044620015406
15.0,cctv1,C1_S001,G001,EMPTY,MANEUVERING,0.49
15.0,cctv1,C1_S002,G002,EMPTY,EMPTY,0.01
15.0,cctv1,C1_S003,G003,OCCUPIED,OCCUPIED,0.8385073016990315
15.0,cctv1,C1_S004,G004,OCCUPIED,OCCUPIED,0.7770077000964772
15.0,cctv1,C1_S005,G005,OCCUPIED,OCCUPIED,0.7976484648206018
15.0,cctv1,C1_S006,G006,EMPTY,EMPTY,0.01
15.0,cctv2,C2_S001,G007,OCCUPIED,OCCUPIED,0.8060243980451064
15.0,cctv2,C2_S002,G008,OCCUPIED,LEAVING,0.7799798769571564
15.0,cctv2,C2_S003,G009,OCCUPIED,OCCUPIED,0.51
15.0,cctv2,C2_S004,G010,OCCUPIED,OCCUPIED,0.6233686702766201
15.0,cctv2,C2_S005,G001,EMPTY,EMPTY,0.01
15.0,cctv2,C2_S006,G003,OCCUPIED,OCCUPIED,0.8221451382745397
15.0,cctv2,C2_S007,G004,OCCUPIED,OCCUPIED,0.7977984563870864
15.0,cctv2,C2_S008,G006,OCCUPIED,OCCUPIED,0.774271916394884
15.0,cctv2,C2_S009,G005,OCCUPIED,OCCUPIED,0.792463703589006
15.0,cctv2,C2_S010,G002,EMPTY,EMPTY,0.01
15.0,cctv2,C2_S011,G017,OCCUPIED,OCCUPIED,0.8130112347277729
15.0,cctv2,C2_S012,G018,OCCUPIED,OCCUPIED,0.769676112993197
15.0,cctv2,C2_S013,G019,EMPTY,EMPTY,0.01
15.0,cctv2,C2_S014,G020,EMPTY,EMPTY,0.01
15.0,cctv3,C3_S001,G021,OCCUPIED,OCCUPIED,0.8166973490606655
15.0,cctv3,C3_S002,G019,EMPTY,EMPTY,0.01
15.0,cctv3,C3_S003,G020,EMPTY,EMPTY,0.01
15.0,cctv3,C3_S004,G024,OCCUPIED,OCCUPIED,0.8301539835604755
15.0,cctv3,C3_S005,G025,OCCUPIED,OCCUPIED,0.8298226470297034
15.0,cctv3,C3_S006,G026,OCCUPIED,OCCUPIED,0.828421144864776
15.0,cctv3,C3_S007,G027,EMPTY,MANEUVERING,0.4591839023476297
15.0,cctv3,C3_S008,G028,EMPTY,MANEUVERING,0.3588044723732905
15.0,cctv3,C3_S009,G029,EMPTY,MANEUVERING,0.2927256471121853
15.0,cctv3,C3_S010,G007,OCCUPIED,LEAVING,0.51
15.0,cctv3,C3_S011,G008,OCCUPIED,OCCUPIED,0.8114249080419541
15.0,cctv3,C3_S012,G009,OCCUPIED,OCCUPIED,0.8285149986093695
16.0,cctv1,C1_S001,G001,EMPTY,MANEUVERING,0.49
16.0,cctv1,C1_S002,G002,EMPTY,EMPTY,0.01
16.0,cctv1,C1_S003,G003,OCCUPIED,OCCUPIED,0.8384112810546702
16.0,cctv1,C1_S004,G004,OCCUPIED,OCCUPIED,0.7761452203447169
16.0,cctv1,C1_S005,G005,OCCUPIED,OCCUPIED,0.7976288700645621
16.0,cctv1,C1_S006,G006,EMPTY,EMPTY,0.01
16.0,cctv2,C2_S001,G007,OCCUPIED,OCCUPIED,0.8047318244522269
16.0,cctv2,C2_S002,G008,OCCUPIED,OCCUPIED,0.7908495302904737
16.0,cctv2,C2_S003,G009,EMPTY,EMPTY,0.1070244802128184
16.0,cctv2,C2_S004,G010,OCCUPIED,OCCUPIED,0.6678635154483896
16.0,cctv2,C2_S005,G001,EMPTY,EMPTY,0.01
16.0,cctv2,C2_S006,G003,OCCUPIED,OCCUPIED,0.8226915530183099
16.0,cctv2,C2_S007,G004,OCCUPIED,OCCUPIED,0.7972534396431663
16.0,cctv2,C2_S008,G006,OCCUPIED,OCCUPIED,0.7732441243800251
16.0,cctv2,C2_S009,G005,OCCUPIED,OCCUPIED,0.7925331386652861
16.0,cctv2,C2_S010,G002,EMPTY,EMPTY,0.01
16.0,cctv2,C2_S011,G017,OCCUPIED,OCCUPIED,0.8127097194845027
16.0,cctv2,C2_S012,G018,OCCUPIED,OCCUPIED,0.7678844384171747
16.0,cctv2,C2_S013,G019,EMPTY,EMPTY,0.01
16.0,cctv2,C2_S014,G020,EMPTY,EMPTY,0.01
16.0,cctv3,C3_S001,G021,OCCUPIED,OCCUPIED,0.8159776522354647
16.0,cctv3,C3_S002,G019,EMPTY,EMPTY,0.01
16.0,cctv3,C3_S003,G020,EMPTY,EMPTY,0.01
16.0,cctv3,C3_S004,G024,OCCUPIED,OCCUPIED,0.8300609775564888
16.0,cctv3,C3_S005,G025,OCCUPIED,OCCUPIED,0.8297738893465563
16.0,cctv3,C3_S006,G026,OCCUPIED,OCCUPIED,0.8284280682151969
16.0,cctv3,C3_S007,G027,EMPTY,MANEUVERING,0.49
16.0,cctv3,C3_S008,G028,EMPTY,MANEUVERING,0.3023759009447191
16.0,cctv3,C3_S009,G029,EMPTY,MANEUVERING,0.3384336521561173
16.0,cctv3,C3_S010,G007,OCCUPIED,LEAVING,0.51
16.0,cctv3,C3_S011,G008,OCCUPIED,OCCUPIED,0.8121445877985521
16.0,cctv3,C3_S012,G009,OCCUPIED,OCCUPIED,0.8285658809271726
17.0,cctv1,C1_S001,G001,EMPTY,MANEUVERING,0.49
17.0,cctv1,C1_S002,G002,EMPTY,EMPTY,0.01
17.0,cctv1,C1_S003,G003,OCCUPIED,OCCUPIED,0.838584314422174
17.0,cctv1,C1_S004,G004,OCCUPIED,OCCUPIED,0.7778522338379514
17.0,cctv1,C1_S005,G005,OCCUPIED,OCCUPIED,0.793661940233274
17.0,cctv1,C1_S006,G006,EMPTY,EMPTY,0.01
17.0,cctv2,C2_S001,G007,OCCUPIED,OCCUPIED,0.8057742072777315
17.0,cctv2,C2_S002,G008,OCCUPIED,OCCUPIED,0.7884427093646744
17.0,cctv2,C2_S003,G009,EMPTY,MANEUVERING,0.1070244802128184
17.0,cctv2,C2_S004,G010,OCCUPIED,OCCUPIED,0.6685746490278027
17.0,cctv2,C2_S005,G001,EMPTY,EMPTY,0.01
17.0,cctv2,C2_S006,G003,OCCUPIED,OCCUPIED,0.8230966397307137
17.0,cctv2,C2_S007,G004,OCCUPIED,OCCUPIED,0.7965807139873505
17.0,cctv2,C2_S008,G006,OCCUPIED,OCCUPIED,0.7739686609669165
17.0,cctv2,C2_S009,G005,OCCUPIED,OCCUPIED,0.7921193900433454
17.0,cctv2,C2_S010,G002,EMPTY,EMPTY,0.01
17.0,cctv2,C2_S011,G017,OCCUPIED,OCCUPIED,0.8123667478561402
17.0,cctv2,C2_S012,G018,OCCUPIED,OCCUPIED,0.766917552866719
17.0,cctv2,C2_S013,G019,EMPTY,EMPTY,0.01
17.0,cctv2,C2_S014,G020,EMPTY,EMPTY,0.01
17.0,cctv3,C3_S001,G021,OCCUPIED,OCCUPIED,0.8158576843413441
17.0,cctv3,C3_S002,G019,EMPTY,EMPTY,0.01
17.0,cctv3,C3_S003,G020,EMPTY,EMPTY,0.01
17.0,cctv3,C3_S004,G024,OCCUPIED,OCCUPIED,0.8299747282808478
17.0,cctv3,C3_S005,G025,OCCUPIED,OCCUPIED,0.8297772445461967
17.0,cctv3,C3_S006,G026,OCCUPIED,OCCUPIED,0.8285130552270197
17.0,cctv3,C3_S007,G027,EMPTY,MANEUVERING,0.4033699564838951
17.0,cctv3,C3_S008,G028,EMPTY,MANEUVERING,0.348128228133375
17.0,cctv3,C3_S009,G029,EMPTY,MANEUVERING,0.3853751475702633
17.0,cctv3,C3_S010,G007,OCCUPIED,LEAVING,0.51
17.0,cctv3,C3_S011,G008,OCCUPIED,OCCUPIED,0.8125164947726511
17.0,cctv3,C3_S012,G009,OCCUPIED,OCCUPIED,0.8289248620921916
18.0,cctv1,C1_S001,G001,EMPTY,MANEUVERING,0.49
18.0,cctv1,C1_S002,G002,EMPTY,EMPTY,0.01
18.0,cctv1,C1_S003,G003,OCCUPIED,OCCUPIED,0.8384524513374676
18.0,cctv1,C1_S004,G004,OCCUPIED,OCCUPIED,0.7788242371244865
18.0,cctv1,C1_S005,G005,OCCUPIED,OCCUPIED,0.791148585622961
18.0,cctv1,C1_S006,G006,EMPTY,EMPTY,0.01
18.0,cctv2,C2_S001,G007,OCCUPIED,OCCUPIED,0.8045864852991972
18.0,cctv2,C2_S002,G008,OCCUPIED,OCCUPIED,0.7869203135371209
18.0,cctv2,C2_S003,G009,EMPTY,MANEUVERING,0.1826601049981334
18.0,cctv2,C2_S004,G010,OCCUPIED,LEAVING,0.572758878821112
18.0,cctv2,C2_S005,G001,EMPTY,EMPTY,0.01
18.0,cctv2,C2_S006,G003,OCCUPIED,OCCUPIED,0.8228346740657634
18.0,cctv2,C2_S007,G004,OCCUPIED,OCCUPIED,0.7959104445847599
18.0,cctv2,C2_S008,G006,OCCUPIED,OCCUPIED,0.7719328996810046
18.0,cctv2,C2_S009,G005,OCCUPIED,OCCUPIED,0.7920668203722347
18.0,cctv2,C2_S010,G002,EMPTY,EMPTY,0.01
18.0,cctv2,C2_S011,G017,OCCUPIED,OCCUPIED,0.8114513529972597
18.0,cctv2,C2_S012,G018,OCCUPIED,OCCUPIED,0.7658624653111805
18.0,cctv2,C2_S013,G019,EMPTY,EMPTY,0.01
18.0,cctv2,C2_S014,G020,EMPTY,EMPTY,0.01
18.0,cctv3,C3_S001,G021,OCCUPIED,OCCUPIED,0.8154655039310456
18.0,cctv3,C3_S002,G019,EMPTY,EMPTY,0.01
18.0,cctv3,C3_S003,G020,EMPTY,EMPTY,0.01
18.0,cctv3,C3_S004,G024,OCCUPIED,OCCUPIED,0.8296727456829766
18.0,cctv3,C3_S005,G025,OCCUPIED,OCCUPIED,0.8297223576090553
18.0,cctv3,C3_S006,G026,OCCUPIED,OCCUPIED,0.8286342626268214
18.0,cctv3,C3_S007,G027,EMPTY,MANEUVERING,0.3151996619677679
18.0,cctv3,C3_S008,G028,EMPTY,MANEUVERING,0.4329971830343658
18.0,cctv3,C3_S009,G029,EMPTY,MANEUVERING,0.4335464826632629
18.0,cctv3,C3_S010,G007,OCCUPIED,LEAVING,0.51
18.0,cctv3,C3_S011,G008,OCCUPIED,OCCUPIED,0.813543553243984
18.0,cctv3,C3_S012,G009,OCCUPIED,OCCUPIED,0.8289374879815362
19.0,cctv1,C1_S001,G001,EMPTY,MANEUVERING,0.49
19.0,cctv1,C1_S002,G002,EMPTY,EMPTY,0.01
19.0,cctv1,C1_S003,G003,OCCUPIED,OCCUPIED,0.8385124198415064
19.0,cctv1,C1_S004,G004,OCCUPIED,OCCUPIED,0.7787224261598155
19.0,cctv1,C1_S005,G005,OCCUPIED,OCCUPIED,0.7861126024614682
19.0,cctv1,C1_S006,G006,EMPTY,EMPTY,0.01
19.0,cctv2,C2_S001,G007,OCCUPIED,OCCUPIED,0.8078966961665588
19.0,cctv2,C2_S002,G008,OCCUPIED,LEAVING,0.7898230493068695
19.0,cctv2,C2_S003,G009,EMPTY,MANEUVERING,0.2749528479250994
19.0,cctv2,C2_S004,G010,OCCUPIED,LEAVING,0.5170922121544453
19.0,cctv2,C2_S005,G001,EMPTY,EMPTY,0.01
19.0,cctv2,C2_S006,G003,OCCUPIED,OCCUPIED,0.8230817526578904
19.0,cctv2,C2_S007,G004,OCCUPIED,OCCUPIED,0.7950494376095859
19.0,cctv2,C2_S008,G006,OCCUPIED,OCCUPIED,0.7735182014378635
19.0,cctv2,C2_S009,G005,OCCUPIED,OCCUPIED,0.7925049486485395
19.0,cctv2,C2_S010,G002,EMPTY,EMPTY,0.01
19.0,cctv2,C2_S011,G017,OCCUPIED,OCCUPIED,0.8114788058129224
19.0,cctv2,C2_S012,G018,OCCUPIED,OCCUPIED,0.7639457396485589
19.0,cctv2,C2_S013,G019,EMPTY,EMPTY,0.01
19.0,cctv2,C2_S014,G020,EMPTY,EMPTY,0.01
19.0,cctv3,C3_S001,G021,OCCUPIED,OCCUPIED,0.8152504192157226
19.0,cctv3,C3_S002,G019,EMPTY,EMPTY,0.01
19.0,cctv3,C3_S003,G020,EMPTY,EMPTY,0.01
19.0,cctv3,C3_S004,G024,OCCUPIED,OCCUPIED,0.8296626638282429
19.0,cctv3,C3_S005,G025,OCCUPIED,OCCUPIED,0.8297003407369961
19.0,cctv3,C3_S006,G026,OCCUPIED,OCCUPIED,0.8287031376903709
19.0,cctv3,C3_S007,G027,EMPTY,MANEUVERING,0.2661996619677679
19.0,cctv3,C3_S008,G028,EMPTY,MANEUVERING,0.49
19.0,cctv3,C3_S009,G029,EMPTY,MANEUVERING,0.49
19.0,cctv3,C3_S010,G007,OCCUPIED,OCCUPIED,0.51
19.0,cctv3,C3_S011,G008,OCCUPIED,OCCUPIED,0.8135492484677922
19.0,cctv3,C3_S012,G009,OCCUPIED,OCCUPIED,0.8288898104971106
20.0,cctv1,C1_S001,G001,EMPTY,MANEUVERING,0.4774587307207577
20.0,cctv1,C1_S002,G002,EMPTY,EMPTY,0.01
20.0,cctv1,C1_S003,G003,OCCUPIED,OCCUPIED,0.8385502804409375
20.0,cctv1,C1_S004,G004,OCCUPIED,OCCUPIED,0.7773535746065053
20.0,cctv1,C1_S005,G005,OCCUPIED,OCCUPIED,0.783774897185239
20.0,cctv1,C1_S006,G006,EMPTY,EMPTY,0.01
20.0,cctv2,C2_S001,G007,OCCUPIED,OCCUPIED,0.8054728505286304
20.0,cctv2,C2_S002,G008,OCCUPIED,LEAVING,0.7903037718751215
20.0,cctv2,C2_S003,G009,EMPTY,MANEUVERING,0.3630039174570279
20.0,cctv2,C2_S004,G010,OCCUPIED,LEAVING,0.51
20.0,cctv2,C2_S005,G001,EMPTY,EMPTY,0.01
20.0,cctv2,C2_S006,G003,OCCUPIED,OCCUPIED,0.8235458073290912
20.0,cctv2,C2_S007,G004,OCCUPIED,OCCUPIED,0.7942842464555394
20.0,cctv2,C2_S008,G006,OCCUPIED,OCCUPIED,0.7743965135379272
20.0,cctv2,C2_S009,G005,OCCUPIED,OCCUPIED,0.7935882871801203
20.0,cctv2,C2_S010,G002,EMPTY,EMPTY,0.01
20.0,cctv2,C2_S011,G017,OCCUPIED,OCCUPIED,0.81031478155743
20.0,cctv2,C2_S012,G018,OCCUPIED,OCCUPIED,0.7626851652156224
20.0,cctv2,C2_S013,G019,EMPTY,EMPTY,0.01
20.0,cctv2,C2_S014,G020,EMPTY,EMPTY,0.01
20.0,cctv3,C3_S001,G021,OCCUPIED,OCCUPIED,0.8144880777055568
20.0,cctv3,C3_S002,G019,EMPTY,EMPTY,0.01
20.0,cctv3,C3_S003,G020,EMPTY,EMPTY,0.01
20.0,cctv3,C3_S004,G024,OCCUPIED,OCCUPIED,0.8294317865913565
20.0,cctv3,C3_S005,G025,OCCUPIED,OCCUPIED,0.8296383036808535
20.0,cctv3,C3_S006,G026,OCCUPIED,OCCUPIED,0.828619160977277
20.0,cctv3,C3_S007,G027,EMPTY,MANEUVERING,0.2211996619677679
20.0,cctv3,C3_S008,G028,EMPTY,MANEUVERING,0.49
20.0,cctv3,C3_S009,G029,EMPTY,MANEUVERING,0.49
20.0,cctv3,C3_S010,G007,OCCUPIED,OCCUPIED,0.51
20.0,cctv3,C3_S011,G008,OCCUPIED,OCCUPIED,0.8143510021946647
20.0,cctv3,C3_S012,G009,OCCUPIED,OCCUPIED,0.8294179545207457
21.0,cctv1,C1_S001,G001,EMPTY,MANEUVERING,0.396884009594267
21.0,cctv1,C1_S002,G002,EMPTY,EMPTY,0.01
21.0,cctv1,C1_S003,G003,OCCUPIED,OCCUPIED,0.8384709171273492
21.0,cctv1,C1_S004,G004,OCCUPIED,OCCUPIED,0.7775059574029664
21.0,cctv1,C1_S005,G005,OCCUPIED,OCCUPIED,0.7841718446124685
21.0,cctv1,C1_S006,G006,EMPTY,EMPTY,0.01
21.0,cctv2,C2_S001,G007,OCCUPIED,OCCUPIED,0.8040620378472589
21.0,cctv2,C2_S002,G008,OCCUPIED,LEAVING,0.7884813295169311
21.0,cctv2,C2_S003,G009,EMPTY,MANEUVERING,0.3630039174570279
21.0,cctv2,C2_S004,G010,OCCUPIED,LEAVING,0.51
21.0,cctv2,C2_S005,G001,EMPTY,EMPTY,0.01
21.0,cctv2,C2_S006,G003,OCCUPIED,OCCUPIED,0.8239027833396739
21.0,cctv2,C2_S007,G004,OCCUPIED,OCCUPIED,0.7937916026874022
21.0,cctv2,C2_S008,G006,OCCUPIED,OCCUPIED,0.774722595377402
21.0,cctv2,C2_S009,G005,OCCUPIED,OCCUPIED,0.7950315204533664
21.0,cctv2,C2_S010,G002,EMPTY,EMPTY,0.01
21.0,cctv2,C2_S011,G017,OCCUPIED,OCCUPIED,0.8092242660847577
21.0,cctv2,C2_S012,G018,OCCUPIED,OCCUPIED,0.7622689042579045
21.0,cctv2,C2_S013,G019,EMPTY,EMPTY,0.01
21.0,cctv2,C2_S014,G020,EMPTY,EMPTY,0.01
21.0,cctv3,C3_S001,G021,OCCUPIED,OCCUPIED,0.8141784532503649
21.0,cctv3,C3_S002,G019,EMPTY,EMPTY,0.01
21.0,cctv3,C3_S003,G020,EMPTY,EMPTY,0.01
21.0,cctv3,C3_S004,G024,OCCUPIED,OCCUPIED,0.8293853746219115
21.0,cctv3,C3_S005,G025,OCCUPIED,OCCUPIED,0.8296429382129149
21.0,cctv3,C3_S006,G026,OCCUPIED,OCCUPIED,0.8287472966042433
21.0,cctv3,C3_S007,G027,EMPTY,MANEUVERING,0.2671638132906095
21.0,cctv3,C3_S008,G028,EMPTY,MANEUVERING,0.49
21.0,cctv3,C3_S009,G029,EMPTY,MANEUVERING,0.49
21.0,cctv3,C3_S010,G007,OCCUPIED,LEAVING,0.51
21.0,cctv3,C3_S011,G008,OCCUPIED,OCCUPIED,0.8135619141838768
21.0,cctv3,C3_S012,G009,OCCUPIED,OCCUPIED,0.8294969090006569
22.0,cctv1,C1_S001,G001,EMPTY,MANEUVERING,0.3962072609720582
22.0,cctv1,C1_S002,G002,EMPTY,EMPTY,0.01
22.0,cctv1,C1_S003,G003,OCCUPIED,OCCUPIED,0.8385369636795739
22.0,cctv1,C1_S004,G004,OCCUPIED,OCCUPIED,0.7774185035716404
22.0,cctv1,C1_S005,G005,OCCUPIED,OCCUPIED,0.7829671442508698
22.0,cctv1,C1_S006,G006,EMPTY,EMPTY,0.01
22.0,cctv2,C2_S001,G007,OCCUPIED,OCCUPIED,0.8033430075103587
22.0,cctv2,C2_S002,G008,OCCUPIED,LEAVING,0.7905116877772592
22.0,cctv2,C2_S003,G009,EMPTY,MANEUVERING,0.3180039174570279
22.0,cctv2,C2_S004,G010,OCCUPIED,LEAVING,0.5521861358982596
22.0,cctv2,C2_S005,G001,EMPTY,EMPTY,0.01
22.0,cctv2,C2_S006,G003,OCCUPIED,OCCUPIED,0.8242223888635636
22.0,cctv2,C2_S007,G004,OCCUPIED,OCCUPIED,0.7938192302530462
22.0,cctv2,C2_S008,G006,OCCUPIED,OCCUPIED,0.7739851606163113
22.0,cctv2,C2_S009,G005,OCCUPIED,OCCUPIED,0.7961109494621104
22.0,cctv2,C2_S010,G002,EMPTY,EMPTY,0.01
22.0,cctv2,C2_S011,G017,OCCUPIED,OCCUPIED,0.8085159995339134
22.0,cctv2,C2_S012,G018,OCCUPIED,OCCUPIED,0.7615711288018661
22.0,cctv2,C2_S013,G019,EMPTY,EMPTY,0.01
22.0,cctv2,C2_S014,G020,EMPTY,EMPTY,0.01
22.0,cctv3,C3_S001,G021,OCCUPIED,OCCUPIED,0.8131200511347164
22.0,cctv3,C3_S002,G019,EMPTY,EMPTY,0.01
22.0,cctv3,C3_S003,G020,EMPTY,EMPTY,0.01
22.0,cctv3,C3_S004,G024,OCCUPIED,OCCUPIED,0.8295391367240386
22.0,cctv3,C3_S005,G025,OCCUPIED,OCCUPIED,0.8297113955020905
22.0,cctv3,C3_S006,G026,OCCUPIED,OCCUPIED,0.8287226909940894
22.0,cctv3,C3_S007,G027,EMPTY,MANEUVERING,0.3632128423953598
22.0,cctv3,C3_S008,G028,EMPTY,MANEUVERING,0.4229405687248165
22.0,cctv3,C3_S009,G029,EMPTY,MANEUVERING,0.49
22.0,cctv3,C3_S010,G007,OCCUPIED,LEAVING,0.51
22.0,cctv3,C3_S011,G008,OCCUPIED,OCCUPIED,0.8132975442843005
22.0,cctv3,C3_S012,G009,OCCUPIED,OCCUPIED,0.8297664189880545
23.0,cctv1,C1_S001,G001,EMPTY,MANEUVERING,0.4425200091285461
23.0,cctv1,C1_S002,G002,EMPTY,EMPTY,0.01
23.0,cctv1,C1_S003,G003,OCCUPIED,OCCUPIED,0.8385539534417066
23.0,cctv1,C1_S004,G004,OCCUPIED,OCCUPIED,0.778651242770932
23.0,cctv1,C1_S005,G005,OCCUPIED,OCCUPIED,0.7831209510564805
23.0,cctv1,C1_S006,G006,EMPTY,EMPTY,0.01
23.0,cctv2,C2_S001,G007,OCCUPIED,OCCUPIED,0.8039222142913125
23.0,cctv2,C2_S002,G008,OCCUPIED,LEAVING,0.7931377305225893
23.0,cctv2,C2_S003,G009,EMPTY,MANEUVERING,0.3140899754776196
23.0,cctv2,C2_S004,G010,OCCUPIED,LEAVING,0.6366632398186308
23.0,cctv2,C2_S005,G001,EMPTY,EMPTY,0.01
23.0,cctv2,C2_S006,G003,OCCUPIED,OCCUPIED,0.8238431285728108
23.0,cctv2,C2_S007,G004,OCCUPIED,OCCUPIED,0.7928055072372611
23.0,cctv2,C2_S008,G006,OCCUPIED,OCCUPIED,0.772926760126244
23.0,cctv2,C2_S009,G005,OCCUPIED,OCCUPIED,0.7937003937634556
23.0,cctv2,C2_S010,G002,EMPTY,EMPTY,0.01
23.0,cctv2,C2_S011,G017,OCCUPIED,OCCUPIED,0.806944780999964
23.0,cctv2,C2_S012,G018,OCCUPIED,OCCUPIED,0.7607530518011614
23.0,cctv2,C2_S013,G019,EMPTY,EMPTY,0.01
23.0,cctv2,C2_S014,G020,EMPTY,EMPTY,0.01
23.0,cctv3,C3_S001,G021,OCCUPIED,OCCUPIED,0.8136465890841051
23.0,cctv3,C3_S002,G019,EMPTY,EMPTY,0.01
23.0,cctv3,C3_S003,G020,EMPTY,EMPTY,0.01
23.0,cctv3,C3_S004,G024,OCCUPIED,OCCUPIED,0.8296482871879232
23.0,cctv3,C3_S005,G025,OCCUPIED,OCCUPIED,0.8298210482705723
23.0,cctv3,C3_S006,G026,OCCUPIED,OCCUPIED,0.8286736065691168
23.0,cctv3,C3_S007,G027,EMPTY,MANEUVERING,0.452794762419706
23.0,cctv3,C3_S008,G028,EMPTY,MANEUVERING,0.3296965084428137
23.0,cctv3,C3_S009,G029,EMPTY,MANEUVERING,0.4803597373812544
23.0,cctv3,C3_S010,G007,OCCUPIED,LEAVING,0.51
23.0,cctv3,C3_S011,G008,OCCUPIED,OCCUPIED,0.8124239926988429
23.0,cctv3,C3_S012,G009,OCCUPIED,OCCUPIED,0.829965277151628
24.0,cctv1,C1_S001,G001,EMPTY,MANEUVERING,0.49
24.0,cctv1,C1_S002,G002,EMPTY,EMPTY,0.01
24.0,cctv1,C1_S003,G003,OCCUPIED,OCCUPIED,0.8385656056078998
24.0,cctv1,C1_S004,G004,OCCUPIED,OCCUPIED,0.7785319043831392
24.0,cctv1,C1_S005,G005,OCCUPIED,OCCUPIED,0.7814147605137393
24.0,cctv1,C1_S006,G006,EMPTY,EMPTY,0.01
24.0,cctv2,C2_S001,G007,OCCUPIED,OCCUPIED,0.8047478551214392
24.0,cctv2,C2_S002,G008,OCCUPIED,LEAVING,0.7964606054804543
24.0,cctv2,C2_S003,G009,EMPTY,MANEUVERING,0.3493675994927233
24.0,cctv2,C2_S004,G010,OCCUPIED,OCCUPIED,0.6785385829029662
24.0,cctv2,C2_S005,G001,EMPTY,EMPTY,0.01
24.0,cctv2,C2_S006,G003,OCCUPIED,OCCUPIED,0.8236193307421424
24.0,cctv2,C2_S007,G004,OCCUPIED,OCCUPIED,0.793179653449492
24.0,cctv2,C2_S008,G006,OCCUPIED,OCCUPIED,0.7729262785478073
24.0,cctv2,C2_S009,G005,OCCUPIED,OCCUPIED,0.7923474777828564
24.0,cctv2,C2_S010,G002,EMPTY,EMPTY,0.01
24.0,cctv2,C2_S011,G017,OCCUPIED,OCCUPIED,0.8049088185483759
24.0,cctv2,C2_S012,G018,OCCUPIED,OCCUPIED,0.7593165959824216
24.0,cctv2,C2_S013,G019,EMPTY,EMPTY,0.01
24.0,cctv2,C2_S014,G020,EMPTY,EMPTY,0.01
24.0,cctv3,C3_S001,G021,OCCUPIED,OCCUPIED,0.8136698413978924
24.0,cctv3,C3_S002,G019,EMPTY,EMPTY,0.01
24.0,cctv3,C3_S003,G020,EMPTY,EMPTY,0.01
24.0,cctv3,C3_S004,G024,OCCUPIED,OCCUPIED,0.8297070023688404
24.0,cctv3,C3_S005,G025,OCCUPIED,OCCUPIED,0.8298287202011456
24.0,cctv3,C3_S006,G026,OCCUPIED,OCCUPIED,0.8285461861978878
24.0,cctv3,C3_S007,G027,EMPTY,MANEUVERING,0.49
24.0,cctv3,C3_S008,G028,EMPTY,MANEUVERING,0.2370929892151193
24.0,cctv3,C3_S009,G029,EMPTY,MANEUVERING,0.3879590224258892
24.0,cctv3,C3_S010,G007,OCCUPIED,LEAVING,0.51
24.0,cctv3,C3_S011,G008,OCCUPIED,OCCUPIED,0.8119086875156923
24.0,cctv3,C3_S012,G009,OCCUPIED,OCCUPIED,0.8297923372550444
25.0,cctv1,C1_S001,G001,EMPTY,MANEUVERING,0.49
25.0,cctv1,C1_S002,G002,EMPTY,EMPTY,0.01
25.0,cctv1,C1_S003,G003,OCCUPIED,OCCUPIED,0.8384783972393384
25.0,cctv1,C1_S004,G004,OCCUPIED,OCCUPIED,0.7763996863907034
25.0,cctv1,C1_S005,G005,OCCUPIED,OCCUPIED,0.7800739469853315
25.0,cctv1,C1_S006,G006,EMPTY,EMPTY,0.01
25.0,cctv2,C2_S001,G007,OCCUPIED,OCCUPIED,0.805366930907423
25.0,cctv2,C2_S002,G008,OCCUPIED,LEAVING,0.7967933692715385
25.0,cctv2,C2_S003,G009,EMPTY,MANEUVERING,0.3493675994927233
25.0,cctv2,C2_S004,G010,OCCUPIED,OCCUPIED,0.679606329085249
25.0,cctv2,C2_S005,G001,EMPTY,EMPTY,0.01
25.0,cctv2,C2_S006,G003,OCCUPIED,OCCUPIED,0.824781797690825
25.0,cctv2,C2_S007,G004,OCCUPIED,OCCUPIED,0.7935651567849247
25.0,cctv2,C2_S008,G006,OCCUPIED,OCCUPIED,0.7746917832981457
25.0,cctv2,C2_S009,G005,OCCUPIED,OCCUPIED,0.7908688686110757
25.0,cctv2,C2_S010,G002,EMPTY,EMPTY,0.01
25.0,cctv2,C2_S011,G017,OCCUPIED,OCCUPIED,0.8034420427950947
25.0,cctv2,C2_S012,G018,OCCUPIED,OCCUPIED,0.7594622838226233
25.0,cctv2,C2_S013,G019,EMPTY,EMPTY,0.01
25.0,cctv2,C2_S014,G020,EMPTY,EMPTY,0.01
25.0,cctv3,C3_S001,G021,OCCUPIED,OCCUPIED,0.814529033411633
25.0,cctv3,C3_S002,G019,EMPTY,EMPTY,0.01
25.0,cctv3,C3_S003,G020,EMPTY,EMPTY,0.01
25.0,cctv3,C3_S004,G024,OCCUPIED,OCCUPIED,0.8297576457262039
25.0,cctv3,C3_S005,G025,OCCUPIED,OCCUPIED,0.8298525715416128
25.0,cctv3,C3_S006,G026,OCCUPIED,OCCUPIED,0.8285624769600956
25.0,cctv3,C3_S007,G027,EMPTY,MANEUVERING,0.49
25.0,cctv3,C3_S008,G028,EMPTY,MANEUVERING,0.2370929892151193
25.0,cctv3,C3_S009,G029,EMPTY,MANEUVERING,0.4330679652943434
25.0,cctv3,C3_S010,G007,OCCUPIED,LEAVING,0.51
25.0,cctv3,C3_S011,G008,OCCUPIED,OCCUPIED,0.8113540635867553
25.0,cctv3,C3_S012,G009,OCCUPIED,OCCUPIED,0.8297312771732157
26.0,cctv1,C1_S001,G001,EMPTY,MANEUVERING,0.49
26.0,cctv1,C1_S002,G002,EMPTY,EMPTY,0.01
26.0,cctv1,C1_S003,G003,OCCUPIED,OCCUPIED,0.8381916357712313
26.0,cctv1,C1_S004,G004,OCCUPIED,OCCUPIED,0.7764468729496002
26.0,cctv1,C1_S005,G005,OCCUPIED,OCCUPIED,0.7802580375563015
26.0,cctv1,C1_S006,G006,EMPTY,EMPTY,0.01
26.0,cctv2,C2_S001,G007,OCCUPIED,OCCUPIED,0.8047014545310628
26.0,cctv2,C2_S002,G008,OCCUPIED,LEAVING,0.7958421685478905
26.0,cctv2,C2_S003,G009,EMPTY,MANEUVERING,0.3493675994927233
26.0,cctv2,C2_S004,G010,OCCUPIED,OCCUPIED,0.6797815746881746
26.0,cctv2,C2_S005,G001,EMPTY,EMPTY,0.01
26.0,cctv2,C2_S006,G003,OCCUPIED,OCCUPIED,0.8220944046974182
26.0,cctv2,C2_S007,G004,OCCUPIED,OCCUPIED,0.7900569533759898
26.0,cctv2,C2_S008,G006,OCCUPIED,LEAVING,0.7808341037143361
26.0,cctv2,C2_S009,G005,OCCUPIED,OCCUPIED,0.7924881100654603
26.0,cctv2,C2_S010,G002,EMPTY,EMPTY,0.01
26.0,cctv2,C2_S011,G017,OCCUPIED,OCCUPIED,0.803872787681493
26.0,cctv2,C2_S012,G018,OCCUPIED,OCCUPIED,0.7595798235047948
26.0,cctv2,C2_S013,G019,EMPTY,EMPTY,0.01
26.0,cctv2,C2_S014,G020,EMPTY,EMPTY,0.01
26.0,cctv3,C3_S001,G021,OCCUPIED,OCCUPIED,0.8149068412455647
26.0,cctv3,C3_S002,G019,EMPTY,EMPTY,0.01
26.0,cctv3,C3_S003,G020,EMPTY,EMPTY,0.01
26.0,cctv3,C3_S004,G024,OCCUPIED,OCCUPIED,0.8299188627438112
26.0,cctv3,C3_S005,G025,OCCUPIED,OCCUPIED,0.8299963363192299
26.0,cctv3,C3_S006,G026,OCCUPIED,OCCUPIED,0.828557481549003
26.0,cctv3,C3_S007,G027,EMPTY,MANEUVERING,0.49
26.0,cctv3,C3_S008,G028,EMPTY,MANEUVERING,0.3181177085502581
26.0,cctv3,C3_S009,G029,EMPTY,MANEUVERING,0.4632637803839294
26.0,cctv3,C3_S010,G007,OCCUPIED,LEAVING,0.51
26.0,cctv3,C3_S011,G008,OCCUPIED,OCCUPIED,0.8114907310767607
26.0,cctv3,C3_S012,G009,OCCUPIED,OCCUPIED,0.8297239189798182
27.0,cctv1,C1_S001,G001,EMPTY,MANEUVERING,0.49
27.0,cctv1,C1_S002,G002,EMPTY,EMPTY,0.01
27.0,cctv1,C1_S003,G003,OCCUPIED,OCCUPIED,0.8382759855552153
27.0,cctv1,C1_S004,G004,OCCUPIED,OCCUPIED,0.7765105404637077
27.0,cctv1,C1_S005,G005,OCCUPIED,OCCUPIED,0.7822041955861179
27.0,cctv1,C1_S006,G006,EMPTY,EMPTY,0.01
27.0,cctv2,C2_S001,G007,OCCUPIED,OCCUPIED,0.8060231146487323
27.0,cctv2,C2_S002,G008,OCCUPIED,LEAVING,0.7963975662534888
27.0,cctv2,C2_S003,G009,EMPTY,MANEUVERING,0.3043675994927232
27.0,cctv2,C2_S004,G010,OCCUPIED,OCCUPIED,0.6777033825038058
27.0,cctv2,C2_S005,G001,EMPTY,EMPTY,0.01
27.0,cctv2,C2_S006,G003,OCCUPIED,OCCUPIED,0.8222104248675434
27.0,cctv2,C2_S007,G004,OCCUPIED,OCCUPIED,0.7901806121522731
27.0,cctv2,C2_S008,G006,OCCUPIED,LEAVING,0.7807071360674772
27.0,cctv2,C2_S009,G005,OCCUPIED,LEAVING,0.7960945611650294
27.0,cctv2,C2_S010,G002,EMPTY,EMPTY,0.01
27.0,cctv2,C2_S011,G017,OCCUPIED,OCCUPIED,0.8041228735988791
27.0,cctv2,C2_S012,G018,OCCUPIED,OCCUPIED,0.7591831312938171
27.0,cctv2,C2_S013,G019,EMPTY,EMPTY,0.01
27.0,cctv2,C2_S014,G020,EMPTY,EMPTY,0.01
27.0,cctv3,C3_S001,G021,OCCUPIED,OCCUPIED,0.8148647013035688
27.0,cctv3,C3_S002,G019,EMPTY,EMPTY,0.01
27.0,cctv3,C3_S003,G020,EMPTY,EMPTY,0.01
27.0,cctv3,C3_S004,G024,OCCUPIED,OCCUPIED,0.830079719695178
27.0,cctv3,C3_S005,G025,OCCUPIED,OCCUPIED,0.8299314447424629
27.0,cctv3,C3_S006,G026,OCCUPIED,OCCUPIED,0.8284314234148373
27.0,cctv3,C3_S007,G027,EMPTY,MANEUVERING,0.49
27.0,cctv3,C3_S008,G028,EMPTY,MANEUVERING,0.3181177085502581
27.0,cctv3,C3_S009,G029,EMPTY,MANEUVERING,0.49
27.0,cctv3,C3_S010,G007,OCCUPIED,LEAVING,0.51
27.0,cctv3,C3_S011,G008,OCCUPIED,OCCUPIED,0.8109423599459908
27.0,cctv3,C3_S012,G009,OCCUPIED,OCCUPIED,0.8299615480683067
28.0,cctv1,C1_S001,G001,EMPTY,MANEUVERING,0.49
28.0,cctv1,C1_S002,G002,EMPTY,EMPTY,0.01
28.0,cctv1,C1_S003,G003,OCCUPIED,OCCUPIED,0.838162359866229
28.0,cctv1,C1_S004,G004,OCCUPIED,OCCUPIED,0.7749445713379167
28.0,cctv1,C1_S005,G005,OCCUPIED,OCCUPIED,0.7857757092876868
28.0,cctv1,C1_S006,G006,EMPTY,EMPTY,0.01
28.0,cctv2,C2_S001,G007,OCCUPIED,OCCUPIED,0.8059406407854774
28.0,cctv2,C2_S002,G008,OCCUPIED,LEAVING,0.7963396565480666
28.0,cctv2,C2_S003,G009,EMPTY,MANEUVERING,0.2593675994927233
28.0,cctv2,C2_S004,G010,OCCUPIED,LEAVING,0.6766249775209211
28.0,cctv2,C2_S005,G001,EMPTY,EMPTY,0.01
28.0,cctv2,C2_S006,G003,OCCUPIED,OCCUPIED,0.8223604611375116
28.0,cctv2,C2_S007,G004,OCCUPIED,OCCUPIED,0.7904050277038055
28.0,cctv2,C2_S008,G006,OCCUPIED,LEAVING,0.7810021140358665
28.0,cctv2,C2_S009,G005,OCCUPIED,LEAVING,0.7958495072343134
28.0,cctv2,C2_S010,G002,EMPTY,EMPTY,0.01
28.0,cctv2,C2_S011,G017,OCCUPIED,OCCUPIED,0.8047550775788048
28.0,cctv2,C2_S012,G018,OCCUPIED,OCCUPIED,0.7581520413810557
28.0,cctv2,C2_S013,G019,EMPTY,EMPTY,0.01
28.0,cctv2,C2_S014,G020,EMPTY,EMPTY,0.01
28.0,cctv3,C3_S001,G021,OCCUPIED,OCCUPIED,0.8144532187418505
28.0,cctv3,C3_S002,G019,EMPTY,EMPTY,0.01
28.0,cctv3,C3_S003,G020,EMPTY,EMPTY,0.01
28.0,cctv3,C3_S004,G024,OCCUPIED,OCCUPIED,0.8302189507267692
28.0,cctv3,C3_S005,G025,OCCUPIED,OCCUPIED,0.8299315162680366
28.0,cctv3,C3_S006,G026,OCCUPIED,OCCUPIED,0.8284388263117184
28.0,cctv3,C3_S007,G027,EMPTY,MANEUVERING,0.49
28.0,cctv3,C3_S008,G028,EMPTY,MANEUVERING,0.3614690700037913
28.0,cctv3,C3_S009,G029,EMPTY,MANEUVERING,0.49
28.0,cctv3,C3_S010,G007,OCCUPIED,OCCUPIED,0.51
28.0,cctv3,C3_S011,G008,OCCUPIED,OCCUPIED,0.8107772277160125
28.0,cctv3,C3_S012,G009,OCCUPIED,OCCUPIED,0.8295291150158103
29.0,cctv1,C1_S001,G001,EMPTY,MANEUVERING,0.49
29.0,cctv1,C1_S002,G002,EMPTY,EMPTY,0.01
29.0,cctv1,C1_S003,G003,OCCUPIED,OCCUPIED,0.8379797884009101
29.0,cctv1,C1_S004,G004,OCCUPIED,OCCUPIED,0.7730054858055982
29.0,cctv1,C1_S005,G005,OCCUPIED,OCCUPIED,0.79024877846241
29.0,cctv1,C1_S006,G006,EMPTY,EMPTY,0.01
29.0,cctv2,C2_S001,G007,OCCUPIED,OCCUPIED,0.8045674001628703
29.0,cctv2,C2_S002,G008,OCCUPIED,LEAVING,0.7947656001557004
29.0,cctv2,C2_S003,G009,EMPTY,MANEUVERING,0.2223401123745875
29.0,cctv2,C2_S004,G010,OCCUPIED,LEAVING,0.7120869166810405
29.0,cctv2,C2_S005,G001,EMPTY,EMPTY,0.01
29.0,cctv2,C2_S006,G003,OCCUPIED,OCCUPIED,0.8230346351861955
29.0,cctv2,C2_S007,G004,OCCUPIED,OCCUPIED,0.7903491743586281
29.0,cctv2,C2_S008,G006,OCCUPIED,LEAVING,0.782303251190619
29.0,cctv2,C2_S009,G005,OCCUPIED,LEAVING,0.7936734997413376
29.0,cctv2,C2_S010,G002,EMPTY,EMPTY,0.01
29.0,cctv2,C2_S011,G017,OCCUPIED,OCCUPIED,0.805382467399944
29.0,cctv2,C2_S012,G018,OCCUPIED,OCCUPIED,0.7579369806430557
29.0,cctv2,C2_S013,G019,EMPTY,EMPTY,0.01
29.0,cctv2,C2_S014,G020,EMPTY,EMPTY,0.01
29.0,cctv3,C3_S001,G021,OCCUPIED,OCCUPIED,0.8143239061940801
29.0,cctv3,C3_S002,G019,EMPTY,EMPTY,0.01
29.0,cctv3,C3_S003,G020,EMPTY,EMPTY,0.01
29.0,cctv3,C3_S004,G024,OCCUPIED,OCCUPIED,0.8305284752087161
29.0,cctv3,C3_S005,G025,OCCUPIED,OCCUPIED,0.8299271101301368
29.0,cctv3,C3_S006,G026,OCCUPIED,OCCUPIED,0.828360392017798
29.0,cctv3,C3_S007,G027,EMPTY,MANEUVERING,0.4682391956816246
29.0,cctv3,C3_S008,G028,EMPTY,MANEUVERING,0.3272735753926364
29.0,cctv3,C3_S009,G029,EMPTY,MANEUVERING,0.49
29.0,cctv3,C3_S010,G007,OCCUPIED,LEAVING,0.51
29.0,cctv3,C3_S011,G008,OCCUPIED,OCCUPIED,0.8099661642854865
29.0,cctv3,C3_S012,G009,OCCUPIED,OCCUPIED,0.8296627507968383
30.0,cctv1,C1_S001,G001,EMPTY,MANEUVERING,0.49
30.0,cctv1,C1_S002,G002,EMPTY,EMPTY,0.01
30.0,cctv1,C1_S003,G003,OCCUPIED,OCCUPIED,0.837767671996897
30.0,cctv1,C1_S004,G004,OCCUPIED,OCCUPIED,0.7737260563807055
30.0,cctv1,C1_S005,G005,OCCUPIED,OCCUPIED,0.7928241867910732
30.0,cctv1,C1_S006,G006,EMPTY,EMPTY,0.01
30.0,cctv2,C2_S001,G007,OCCUPIED,OCCUPIED,0.8029117001728578
30.0,cctv2,C2_S002,G008,OCCUPIED,LEAVING,0.796390274302526
30.0,cctv2,C2_S003,G009,EMPTY,MANEUVERING,0.2650316143306818
30.0,cctv2,C2_S004,G010,OCCUPIED,LEAVING,0.7471116760914976
30.0,cctv2,C2_S005,G001,EMPTY,EMPTY,0.01
30.0,cctv2,C2_S006,G003,OCCUPIED,OCCUPIED,0.8232538309964268
30.0,cctv2,C2_S007,G004,OCCUPIED,OCCUPIED,0.7913043488155712
30.0,cctv2,C2_S008,G006,OCCUPIED,LEAVING,0.7829935794526881
30.0,cctv2,C2_S009,G005,OCCUPIED,LEAVING,0.7943663988601078
30.0,cctv2,C2_S010,G002,EMPTY,MANEUVERING,0.2599081544171679
30.0,cctv2,C2_S011,G017,OCCUPIED,OCCUPIED,0.8067392449487341
30.0,cctv2,C2_S012,G018,OCCUPIED,OCCUPIED,0.7587097978050059
30.0,cctv2,C2_S013,G019,EMPTY,EMPTY,0.01
30.0,cctv2,C2_S014,G020,EMPTY,EMPTY,0.01
30.0,cctv3,C3_S001,G021,OCCUPIED,OCCUPIED,0.8134223531592977
30.0,cctv3,C3_S002,G019,EMPTY,EMPTY,0.01
30.0,cctv3,C3_S003,G020,EMPTY,EMPTY,0.01
30.0,cctv3,C3_S004,G024,OCCUPIED,OCCUPIED,0.83064434745095
30.0,cctv3,C3_S005,G025,OCCUPIED,OCCUPIED,0.830094336108728
30.0,cctv3,C3_S006,G026,OCCUPIED,OCCUPIED,0.8281695414673199
30.0,cctv3,C3_S007,G027,EMPTY,MANEUVERING,0.49
30.0,cctv3,C3_S008,G028,EMPTY,MANEUVERING,0.2357396197589961
30.0,cctv3,C3_S009,G029,EMPTY,MANEUVERING,0.4070109754464552
30.0,cctv3,C3_S010,G007,OCCUPIED,LEAVING,0.51
30.0,cctv3,C3_S011,G008,OCCUPIED,OCCUPIED,0.8095432270656933
30.0,cctv3,C3_S012,G009,OCCUPIED,OCCUPIED,0.8300460360266946
31.0,cctv1,C1_S001,G001,EMPTY,MANEUVERING,0.49
31.0,cctv1,C1_S002,G002,EMPTY,EMPTY,0.01
31.0,cctv1,C1_S003,G003,OCCUPIED,OCCUPIED,0.8375203983350235
31.0,cctv1,C1_S004,G004,OCCUPIED,OCCUPIED,0.7751716540618376
31.0,cctv1,C1_S005,G005,OCCUPIED,OCCUPIED,0.795826159011234
31.0,cctv1,C1_S006,G006,EMPTY,EMPTY,0.01
31.0,cctv2,C2_S001,G007,OCCUPIED,OCCUPIED,0.8046734246340665
31.0,cctv2,C2_S002,G008,OCCUPIED,LEAVING,0.7921706746925008
31.0,cctv2,C2_S003,G009,EMPTY,MANEUVERING,0.2313324948332526
31.0,cctv2,C2_S004,G010,OCCUPIED,LEAVING,0.6647254813123833
31.0,cctv2,C2_S005,G001,EMPTY,EMPTY,0.01
31.0,cctv2,C2_S006,G003,OCCUPIED,OCCUPIED,0.8229656991633503
31.0,cctv2,C2_S007,G004,OCCUPIED,OCCUPIED,0.7916647076606751
31.0,cctv2,C2_S008,G006,OCCUPIED,OCCUPIED,0.7809528357603334
31.0,cctv2,C2_S009,G005,OCCUPIED,LEAVING,0.7938465753739531
31.0,cctv2,C2_S010,G002,EMPTY,MANEUVERING,0.3451821475408294
31.0,cctv2,C2_S011,G017,OCCUPIED,OCCUPIED,0.80731463405219
31.0,cctv2,C2_S012,G018,OCCUPIED,OCCUPIED,0.7584576213901694
31.0,cctv2,C2_S013,G019,EMPTY,EMPTY,0.01
31.0,cctv2,C2_S014,G020,EMPTY,EMPTY,0.01
31.0,cctv3,C3_S001,G021,OCCUPIED,OCCUPIED,0.8132703003558246
31.0,cctv3,C3_S002,G019,EMPTY,EMPTY,0.01
31.0,cctv3,C3_S003,G020,EMPTY,EMPTY,0.01
31.0,cctv3,C3_S004,G024,OCCUPIED,OCCUPIED,0.8309546928514134
31.0,cctv3,C3_S005,G025,OCCUPIED,OCCUPIED,0.8301803317936984
31.0,cctv3,C3_S006,G026,OCCUPIED,OCCUPIED,0.8282547820698132
31.0,cctv3,C3_S007,G027,EMPTY,MANEUVERING,0.49
31.0,cctv3,C3_S008,G028,EMPTY,MANEUVERING,0.2045619585297324
31.0,cctv3,C3_S009,G029,EMPTY,MANEUVERING,0.3126307891884988
31.0,cctv3,C3_S010,G007,OCCUPIED,LEAVING,0.51
31.0,cctv3,C3_S011,G008,OCCUPIED,OCCUPIED,0.8093118304556067
31.0,cctv3,C3_S012,G009,OCCUPIED,OCCUPIED,0.8299920049580661
32.0,cctv1,C1_S001,G001,EMPTY,MANEUVERING,0.49
32.0,cctv1,C1_S002,G002,EMPTY,EMPTY,0.01
32.0,cctv1,C1_S003,G003,OCCUPIED,OCCUPIED,0.8376750138672916
32.0,cctv1,C1_S004,G004,OCCUPIED,OCCUPIED,0.7751715630292894
32.0,cctv1,C1_S005,G005,OCCUPIED,OCCUPIED,0.7976895156231794
32.0,cctv1,C1_S006,G006,EMPTY,EMPTY,0.01
32.0,cctv2,C2_S001,G007,OCCUPIED,OCCUPIED,0.8060575379566713
32.0,cctv2,C2_S002,G008,OCCUPIED,LEAVING,0.7943211780353027
32.0,cctv2,C2_S003,G009,EMPTY,MANEUVERING,0.2313324948332526
32.0,cctv2,C2_S004,G010,OCCUPIED,LEAVING,0.6652576946128499
32.0,cctv2,C2_S005,G001,EMPTY,EMPTY,0.01
32.0,cctv2,C2_S006,G003,OCCUPIED,OCCUPIED,0.823145505515012
32.0,cctv2,C2_S007,G004,OCCUPIED,OCCUPIED,0.7913550222461875
32.0,cctv2,C2_S008,G006,OCCUPIED,OCCUPIED,0.7815514422275804
32.0,cctv2,C2_S009,G005,OCCUPIED,LEAVING,0.7935246103189209
32.0,cctv2,C2_S010,G002,EMPTY,MANEUVERING,0.4370676443251696
32.0,cctv2,C2_S011,G017,OCCUPIED,OCCUPIED,0.8087145789103075
32.0,cctv2,C2_S012,G018,OCCUPIED,OCCUPIED,0.7578661370006475
32.0,cctv2,C2_S013,G019,EMPTY,EMPTY,0.01
32.0,cctv2,C2_S014,G020,EMPTY,EMPTY,0.01
32.0,cctv3,C3_S001,G021,OCCUPIED,OCCUPIED,0.8129347072406249
32.0,cctv3,C3_S002,G019,EMPTY,EMPTY,0.01
32.0,cctv3,C3_S003,G020,EMPTY,EMPTY,0.01
32.0,cctv3,C3_S004,G024,OCCUPIED,OCCUPIED,0.8309399382634597
32.0,cctv3,C3_S005,G025,OCCUPIED,OCCUPIED,0.8301275215365671
32.0,cctv3,C3_S006,G026,OCCUPIED,OCCUPIED,0.8280505107207732
32.0,cctv3,C3_S007,G027,EMPTY,MANEUVERING,0.49
32.0,cctv3,C3_S008,G028,EMPTY,MANEUVERING,0.1595619585297324
32.0,cctv3,C3_S009,G029,EMPTY,MANEUVERING,0.2592974558551654
32.0,cctv3,C3_S010,G007,OCCUPIED,OCCUPIED,0.5141350231613173
32.0,cctv3,C3_S011,G008,OCCUPIED,OCCUPIED,0.8093430676243523
32.0,cctv3,C3_S012,G009,OCCUPIED,OCCUPIED,0.8299460180781105
33.0,cctv1,C1_S001,G001,EMPTY,MANEUVERING,0.49
33.0,cctv1,C1_S002,G002,EMPTY,EMPTY,0.01
33.0,cctv1,C1_S003,G003,OCCUPIED,OCCUPIED,0.8374259894544429
33.0,cctv1,C1_S004,G004,OCCUPIED,OCCUPIED,0.7741235178979962
33.0,cctv1,C1_S005,G005,OCCUPIED,OCCUPIED,0.7991155421191997
33.0,cctv1,C1_S006,G006,EMPTY,EMPTY,0.01
33.0,cctv2,C2_S001,G007,OCCUPIED,OCCUPIED,0.8070357021960346
33.0,cctv2,C2_S002,G008,OCCUPIED,LEAVING,0.7962077642028983
33.0,cctv2,C2_S003,G009,EMPTY,MANEUVERING,0.2313324948332526
33.0,cctv2,C2_S004,G010,OCCUPIED,OCCUPIED,0.6635367034782063
33.0,cctv2,C2_S005,G001,EMPTY,EMPTY,0.01
33.0,cctv2,C2_S006,G003,OCCUPIED,OCCUPIED,0.8232207422906703
33.0,cctv2,C2_S007,G004,OCCUPIED,OCCUPIED,0.7914919945326719
33.0,cctv2,C2_S008,G006,OCCUPIED,OCCUPIED,0.7833023947748272
33.0,cctv2,C2_S009,G005,OCCUPIED,LEAVING,0.7928011876615612
33.0,cctv2,C2_S010,G002,OCCUPIED,OCCUPIED,0.5294211500747638
33.0,cctv2,C2_S011,G017,OCCUPIED,OCCUPIED,0.8093314959244295
33.0,cctv2,C2_S012,G018,OCCUPIED,OCCUPIED,0.7588373892686584
33.0,cctv2,C2_S013,G019,EMPTY,EMPTY,0.01
33.0,cctv2,C2_S014,G020,EMPTY,EMPTY,0.01
33.0,cctv3,C3_S001,G021,OCCUPIED,OCCUPIED,0.813600786707618
33.0,cctv3,C3_S002,G019,EMPTY,EMPTY,0.01
33.0,cctv3,C3_S003,G020,EMPTY,EMPTY,0.01
33.0,cctv3,C3_S004,G024,OCCUPIED,OCCUPIED,0.83082642799074
33.0,cctv3,C3_S005,G025,OCCUPIED,OCCUPIED,0.8301112608476119
33.0,cctv3,C3_S006,G026,OCCUPIED,OCCUPIED,0.8280715002255007
33.0,cctv3,C3_S007,G027,EMPTY,MANEUVERING,0.49
33.0,cctv3,C3_S008,G028,EMPTY,MANEUVERING,0.1562286251963991
33.0,cctv3,C3_S009,G029,EMPTY,MANEUVERING,0.3070253582005248
33.0,cctv3,C3_S010,G007,OCCUPIED,OCCUPIED,0.51
33.0,cctv3,C3_S011,G008,OCCUPIED,OCCUPIED,0.8097013384103776
33.0,cctv3,C3_S012,G009,OCCUPIED,OCCUPIED,0.8300435570153324
34.0,cctv1,C1_S001,G001,EMPTY,MANEUVERING,0.49
34.0,cctv1,C1_S002,G002,EMPTY,EMPTY,0.01
34.0,cctv1,C1_S003,G003,OCCUPIED,OCCUPIED,0.8373852840878747
34.0,cctv1,C1_S004,G004,OCCUPIED,OCCUPIED,0.773645987158472
34.0,cctv1,C1_S005,G005,OCCUPIED,OCCUPIED,0.7996433610265906
34.0,cctv1,C1_S006,G006,EMPTY,EMPTY,0.01
34.0,cctv2,C2_S001,G007,OCCUPIED,OCCUPIED,0.8064322271130302
34.0,cctv2,C2_S002,G008,OCCUPIED,LEAVING,0.7952019333839417
34.0,cctv2,C2_S003,G009,EMPTY,MANEUVERING,0.1935690046440471
34.0,cctv2,C2_S004,G010,OCCUPIED,OCCUPIED,0.661055664609779
34.0,cctv2,C2_S005,G001,EMPTY,EMPTY,0.01
34.0,cctv2,C2_S006,G003,OCCUPIED,OCCUPIED,0.8232433939521964
34.0,cctv2,C2_S007,G004,OCCUPIED,OCCUPIED,0.7916293569586494
34.0,cctv2,C2_S008,G006,OCCUPIED,OCCUPIED,0.7842094560915774
34.0,cctv2,C2_S009,G005,OCCUPIED,LEAVING,0.7918149166486481
34.0,cctv2,C2_S010,G002,OCCUPIED,OCCUPIED,0.51
34.0,cctv2,C2_S011,G017,OCCUPIED,OCCUPIED,0.8113582835956054
34.0,cctv2,C2_S012,G018,OCCUPIED,OCCUPIED,0.7591465569355271
34.0,cctv2,C2_S013,G019,EMPTY,EMPTY,0.01
34.0,cctv2,C2_S014,G020,EMPTY,EMPTY,0.01
34.0,cctv3,C3_S001,G021,OCCUPIED,OCCUPIED,0.8133944720029831
34.0,cctv3,C3_S002,G019,EMPTY,EMPTY,0.01
34.0,cctv3,C3_S003,G020,EMPTY,EMPTY,0.01
34.0,cctv3,C3_S004,G024,OCCUPIED,OCCUPIED,0.8308733812787317
34.0,cctv3,C3_S005,G025,OCCUPIED,OCCUPIED,0.8300782054662705
34.0,cctv3,C3_S006,G026,OCCUPIED,OCCUPIED,0.8281872440468182
34.0,cctv3,C3_S007,G027,EMPTY,MANEUVERING,0.49
34.0,cctv3,C3_S008,G028,EMPTY,MANEUVERING,0.1562286251963991
34.0,cctv3,C3_S009,G029,EMPTY,MANEUVERING,0.3003586915338581
34.0,cctv3,C3_S010,G007,OCCUPIED,OCCUPIED,0.51
34.0,cctv3,C3_S011,G008,OCCUPIED,OCCUPIED,0.8102963490919634
34.0,cctv3,C3_S012,G009,OCCUPIED,OCCUPIED,0.8298589031804693
35.0,cctv1,C1_S001,G001,EMPTY,MANEUVERING,0.49
35.0,cctv1,C1_S002,G002,EMPTY,EMPTY,0.01
35.0,cctv1,C1_S003,G003,OCCUPIED,OCCUPIED,0.8372116134925323
35.0,cctv1,C1_S004,G004,OCCUPIED,OCCUPIED,0.7731809827414426
35.0,cctv1,C1_S005,G005,OCCUPIED,OCCUPIED,0.8029973406683315
35.0,cctv1,C1_S006,G006,EMPTY,EMPTY,0.01
35.0,cctv2,C2_S001,G007,OCCUPIED,OCCUPIED,0.8052594442259182
35.0,cctv2,C2_S002,G008,OCCUPIED,LEAVING,0.7935421531850642
35.0,cctv2,C2_S003,G009,EMPTY,EMPTY,0.01
35.0,cctv2,C2_S004,G010,OCCUPIED,OCCUPIED,0.7013364497233522
35.0,cctv2,C2_S005,G001,EMPTY,EMPTY,0.01
35.0,cctv2,C2_S006,G003,OCCUPIED,OCCUPIED,0.8237633499232206
35.0,cctv2,C2_S007,G004,OCCUPIED,OCCUPIED,0.791352034427903
35.0,cctv2,C2_S008,G006,OCCUPIED,OCCUPIED,0.7863026666370305
35.0,cctv2,C2_S009,G005,OCCUPIED,LEAVING,0.7919718315655535
35.0,cctv2,C2_S010,G002,OCCUPIED,OCCUPIED,0.51
35.0,cctv2,C2_S011,G017,OCCUPIED,OCCUPIED,0.8139127056707036
35.0,cctv2,C2_S012,G018,OCCUPIED,OCCUPIED,0.7604540968483146
35.0,cctv2,C2_S013,G019,EMPTY,EMPTY,0.01
35.0,cctv2,C2_S014,G020,EMPTY,EMPTY,0.01
35.0,cctv3,C3_S001,G021,OCCUPIED,OCCUPIED,0.8126425520940261
35.0,cctv3,C3_S002,G019,EMPTY,EMPTY,0.01
35.0,cctv3,C3_S003,G020,EMPTY,EMPTY,0.01
35.0,cctv3,C3_S004,G024,OCCUPIED,OCCUPIED,0.8308281389149753
35.0,cctv3,C3_S005,G025,OCCUPIED,OCCUPIED,0.8299985966899179
35.0,cctv3,C3_S006,G026,OCCUPIED,OCCUPIED,0.828214836662466
35.0,cctv3,C3_S007,G027,EMPTY,MANEUVERING,0.49
35.0,cctv3,C3_S008,G028,EMPTY,MANEUVERING,0.1562286251963991
35.0,cctv3,C3_S009,G029,EMPTY,MANEUVERING,0.2949041460793127
35.0,cctv3,C3_S010,G007,OCCUPIED,OCCUPIED,0.51
35.0,cctv3,C3_S011,G008,OCCUPIED,OCCUPIED,0.810227613828399
35.0,cctv3,C3_S012,G009,OCCUPIED,OCCUPIED,0.8298601199280132
36.0,cctv1,C1_S001,G001,EMPTY,MANEUVERING,0.49
36.0,cctv1,C1_S002,G002,EMPTY,EMPTY,0.01
36.0,cctv1,C1_S003,G003,OCCUPIED,OCCUPIED,0.8370423555374146
36.0,cctv1,C1_S004,G004,OCCUPIED,OCCUPIED,0.7746163067492573
36.0,cctv1,C1_S005,G005,OCCUPIED,OCCUPIED,0.8056091278791429
36.0,cctv1,C1_S006,G006,EMPTY,EMPTY,0.01
36.0,cctv2,C2_S001,G007,OCCUPIED,OCCUPIED,0.8018096134066582
36.0,cctv2,C2_S002,G008,OCCUPIED,LEAVING,0.7923076473853805
36.0,cctv2,C2_S003,G009,EMPTY,EMPTY,0.01
36.0,cctv2,C2_S004,G010,OCCUPIED,OCCUPIED,0.6991134232689035
36.0,cctv2,C2_S005,G001,EMPTY,EMPTY,0.01
36.0,cctv2,C2_S006,G003,OCCUPIED,OCCUPIED,0.8226247221231461
36.0,cctv2,C2_S007,G004,OCCUPIED,OCCUPIED,0.7912483849308708
36.0,cctv2,C2_S008,G006,OCCUPIED,OCCUPIED,0.785086653855714
36.0,cctv2,C2_S009,G005,OCCUPIED,LEAVING,0.7960199002515187
36.0,cctv2,C2_S010,G002,OCCUPIED,OCCUPIED,0.51
36.0,cctv2,C2_S011,G017,OCCUPIED,OCCUPIED,0.8158522622151809
36.0,cctv2,C2_S012,G018,OCCUPIED,OCCUPIED,0.7607880530032245
36.0,cctv2,C2_S013,G019,EMPTY,EMPTY,0.01
36.0,cctv2,C2_S014,G020,EMPTY,EMPTY,0.01
36.0,cctv3,C3_S001,G021,OCCUPIED,OCCUPIED,0.8116132551973517
36.0,cctv3,C3_S002,G019,EMPTY,EMPTY,0.01
36.0,cctv3,C3_S003,G020,EMPTY,EMPTY,0.01
36.0,cctv3,C3_S004,G024,OCCUPIED,OCCUPIED,0.8307962433858351
36.0,cctv3,C3_S005,G025,OCCUPIED,OCCUPIED,0.8299829285253179
36.0,cctv3,C3_S006,G026,OCCUPIED,OCCUPIED,0.8281612534414639
36.0,cctv3,C3_S007,G027,EMPTY,MANEUVERING,0.49
36.0,cctv3,C3_S008,G028,EMPTY,MANEUVERING,0.1535619585297324
36.0,cctv3,C3_S009,G029,EMPTY,MANEUVERING,0.2483073055828837
36.0,cctv3,C3_S010,G007,OCCUPIED,OCCUPIED,0.5301412804366706
36.0,cctv3,C3_S011,G008,OCCUPIED,OCCUPIED,0.8101545293222775
36.0,cctv3,C3_S012,G009,OCCUPIED,OCCUPIED,0.8297230988740921
37.0,cctv1,C1_S001,G001,EMPTY,MANEUVERING,0.49
37.0,cctv1,C1_S002,G002,EMPTY,EMPTY,0.01
37.0,cctv1,C1_S003,G003,OCCUPIED,OCCUPIED,0.8369861461899498
37.0,cctv1,C1_S004,G004,OCCUPIED,OCCUPIED,0.7745799424973402
37.0,cctv1,C1_S005,G005,OCCUPIED,OCCUPIED,0.8064933278343895
37.0,cctv1,C1_S006,G006,EMPTY,EMPTY,0.01
37.0,cctv2,C2_S001,G007,OCCUPIED,OCCUPIED,0.801019634577361
37.0,cctv2,C2_S002,G008,OCCUPIED,LEAVING,0.7948003030636095
37.0,cctv2,C2_S003,G009,EMPTY,EMPTY,0.01
37.0,cctv2,C2_S004,G010,OCCUPIED,OCCUPIED,0.6986768336255442
37.0,cctv2,C2_S005,G001,EMPTY,EMPTY,0.01
37.0,cctv2,C2_S006,G003,OCCUPIED,OCCUPIED,0.8244237146594309
37.0,cctv2,C2_S007,G004,OCCUPIED,OCCUPIED,0.792150940136476
37.0,cctv2,C2_S008,G006,OCCUPIED,OCCUPIED,0.7812113470651887
37.0,cctv2,C2_S009,G005,OCCUPIED,LEAVING,0.7960225824605336
37.0,cctv2,C2_S010,G002,OCCUPIED,OCCUPIED,0.51
37.0,cctv2,C2_S011,G017,OCCUPIED,OCCUPIED,0.8163110662590374
37.0,cctv2,C2_S012,G018,OCCUPIED,OCCUPIED,0.7610162407159806
37.0,cctv2,C2_S013,G019,EMPTY,EMPTY,0.01
37.0,cctv2,C2_S014,G020,EMPTY,EMPTY,0.01
37.0,cctv3,C3_S001,G021,OCCUPIED,OCCUPIED,0.8115828121250327
37.0,cctv3,C3_S002,G019,EMPTY,EMPTY,0.01
37.0,cctv3,C3_S003,G020,EMPTY,EMPTY,0.01
37.0,cctv3,C3_S004,G024,OCCUPIED,OCCUPIED,0.8306282062422146
37.0,cctv3,C3_S005,G025,OCCUPIED,OCCUPIED,0.8298144061457028
37.0,cctv3,C3_S006,G026,OCCUPIED,OCCUPIED,0.8281339672478764
37.0,cctv3,C3_S007,G027,EMPTY,MANEUVERING,0.49
37.0,cctv3,C3_S008,G028,EMPTY,MANEUVERING,0.1102709675322879
37.0,cctv3,C3_S009,G029,EMPTY,MANEUVERING,0.1574911747330969
37.0,cctv3,C3_S010,G007,OCCUPIED,OCCUPIED,0.6240588055720384
37.0,cctv3,C3_S011,G008,OCCUPIED,OCCUPIED,0.810628523609855
37.0,cctv3,C3_S012,G009,OCCUPIED,OCCUPIED,0.8296821114691821
38.0,cctv1,C1_S001,G001,EMPTY,MANEUVERING,0.49
38.0,cctv1,C1_S002,G002,EMPTY,EMPTY,0.01
38.0,cctv1,C1_S003,G003,OCCUPIED,OCCUPIED,0.8366522591222417
38.0,cctv1,C1_S004,G004,OCCUPIED,OCCUPIED,0.7753268548033455
38.0,cctv1,C1_S005,G005,OCCUPIED,OCCUPIED,0.8039656725796787
38.0,cctv1,C1_S006,G006,EMPTY,EMPTY,0.01
38.0,cctv2,C2_S001,G007,OCCUPIED,OCCUPIED,0.7981178916313432
38.0,cctv2,C2_S002,G008,OCCUPIED,LEAVING,0.7970361575484276
38.0,cctv2,C2_S003,G009,EMPTY,EMPTY,0.01
38.0,cctv2,C2_S004,G010,OCCUPIED,OCCUPIED,0.6993744339455258
38.0,cctv2,C2_S005,G001,EMPTY,EMPTY,0.01
38.0,cctv2,C2_S006,G003,OCCUPIED,OCCUPIED,0.8200909067283978
38.0,cctv2,C2_S007,G004,OCCUPIED,OCCUPIED,0.7871103594248946
38.0,cctv2,C2_S008,G006,OCCUPIED,OCCUPIED,0.7006389184702526
38.0,cctv2,C2_S009,G005,OCCUPIED,LEAVING,0.7954247213222765
38.0,cctv2,C2_S010,G002,OCCUPIED,OCCUPIED,0.51
38.0,cctv2,C2_S011,G017,OCCUPIED,OCCUPIED,0.8155214605006306
38.0,cctv2,C2_S012,G018,OCCUPIED,OCCUPIED,0.7627623165195639
38.0,cctv2,C2_S013,G019,EMPTY,EMPTY,0.01
38.0,cctv2,C2_S014,G020,EMPTY,EMPTY,0.01
38.0,cctv3,C3_S001,G021,OCCUPIED,OCCUPIED,0.8109748593785546
38.0,cctv3,C3_S002,G019,EMPTY,EMPTY,0.01
38.0,cctv3,C3_S003,G020,EMPTY,EMPTY,0.01
38.0,cctv3,C3_S004,G024,OCCUPIED,OCCUPIED,0.8305426120758057
38.0,cctv3,C3_S005,G025,OCCUPIED,OCCUPIED,0.8298451775854285
38.0,cctv3,C3_S006,G026,OCCUPIED,OCCUPIED,0.8281675745140423
38.0,cctv3,C3_S007,G027,EMPTY,MANEUVERING,0.49
38.0,cctv3,C3_S008,G028,EMPTY,MANEUVERING,0.0996043008656212
38.0,cctv3,C3_S009,G029,EMPTY,MANEUVERING,0.112856113737957
38.0,cctv3,C3_S010,G007,OCCUPIED,OCCUPIED,0.6712256771687306
38.0,cctv3,C3_S011,G008,OCCUPIED,OCCUPIED,0.8104936621405863
38.0,cctv3,C3_S012,G009,OCCUPIED,OCCUPIED,0.8294184990904548
39.0,cctv1,C1_S001,G001,EMPTY,MANEUVERING,0.49
39.0,cctv1,C1_S002,G002,EMPTY,EMPTY,0.01
39.0,cctv1,C1_S003,G003,OCCUPIED,OCCUPIED,0.8364341199398041
39.0,cctv1,C1_S004,G004,OCCUPIED,OCCUPIED,0.7754500352523545
39.0,cctv1,C1_S005,G005,OCCUPIED,OCCUPIED,0.8023077431050214
39.0,cctv1,C1_S006,G006,EMPTY,EMPTY,0.01
39.0,cctv2,C2_S001,G007,OCCUPIED,OCCUPIED,0.7960773434151304
39.0,cctv2,C2_S002,G008,OCCUPIED,LEAVING,0.8000694717873227
39.0,cctv2,C2_S003,G009,EMPTY,EMPTY,0.01
39.0,cctv2,C2_S004,G010,OCCUPIED,OCCUPIED,0.6997378401864659
39.0,cctv2,C2_S005,G001,EMPTY,EMPTY,0.01
39.0,cctv2,C2_S006,G003,OCCUPIED,OCCUPIED,0.8207557808269155
39.0,cctv2,C2_S007,G004,OCCUPIED,OCCUPIED,0.7851067671721632
39.0,cctv2,C2_S008,G006,OCCUPIED,OCCUPIED,0.7024439458955418
39.0,cctv2,C2_S009,G005,OCCUPIED,LEAVING,0.7814173410426487
39.0,cctv2,C2_S010,G002,OCCUPIED,OCCUPIED,0.51
39.0,cctv2,C2_S011,G017,OCCUPIED,OCCUPIED,0.8140767975287004
39.0,cctv2,C2_S012,G018,OCCUPIED,OCCUPIED,0.7636784055016258
39.0,cctv2,C2_S013,G019,EMPTY,EMPTY,0.01
39.0,cctv2,C2_S014,G020,EMPTY,EMPTY,0.01
39.0,cctv3,C3_S001,G021,OCCUPIED,OCCUPIED,0.8103608480908655
39.0,cctv3,C3_S002,G019,EMPTY,EMPTY,0.01
39.0,cctv3,C3_S003,G020,EMPTY,EMPTY,0.01
39.0,cctv3,C3_S004,G024,OCCUPIED,OCCUPIED,0.8303230610760777
39.0,cctv3,C3_S005,G025,OCCUPIED,OCCUPIED,0.8298601857640527
39.0,cctv3,C3_S006,G026,OCCUPIED,OCCUPIED,0.8282180366190998
39.0,cctv3,C3_S007,G027,EMPTY,MANEUVERING,0.49
39.0,cctv3,C3_S008,G028,EMPTY,MANEUVERING,0.1526496136278817
39.0,cctv3,C3_S009,G029,EMPTY,MANEUVERING,0.0686625730314038
39.0,cctv3,C3_S010,G007,OCCUPIED,OCCUPIED,0.7185001169822434
39.0,cctv3,C3_S011,G008,OCCUPIED,OCCUPIED,0.8095385405150327
39.0,cctv3,C3_S012,G009,OCCUPIED,OCCUPIED,0.8292821022597227
40.0,cctv1,C1_S001,G001,EMPTY,MANEUVERING,0.49
40.0,cctv1,C1_S002,G002,EMPTY,EMPTY,0.01
40.0,cctv1,C1_S003,G003,OCCUPIED,OCCUPIED,0.8363049114292319
40.0,cctv1,C1_S004,G004,OCCUPIED,OCCUPIED,0.7753581066023221
40.0,cctv1,C1_S005,G005,OCCUPIED,OCCUPIED,0.7983532026410104
40.0,cctv1,C1_S006,G006,EMPTY,EMPTY,0.01
40.0,cctv2,C2_S001,G007,OCCUPIED,OCCUPIED,0.797669230401516
40.0,cctv2,C2_S002,G008,OCCUPIED,LEAVING,0.8053970261053606
40.0,cctv2,C2_S003,G009,EMPTY,EMPTY,0.01
40.0,cctv2,C2_S004,G010,OCCUPIED,OCCUPIED,0.6997849612344396
40.0,cctv2,C2_S005,G001,EMPTY,EMPTY,0.01
40.0,cctv2,C2_S006,G003,OCCUPIED,OCCUPIED,0.8175450197675012
40.0,cctv2,C2_S007,G004,OCCUPIED,OCCUPIED,0.7862414797598666
40.0,cctv2,C2_S008,G006,OCCUPIED,OCCUPIED,0.703479829769243
40.0,cctv2,C2_S009,G005,OCCUPIED,LEAVING,0.7852629464322871
40.0,cctv2,C2_S010,G002,OCCUPIED,OCCUPIED,0.51
40.0,cctv2,C2_S011,G017,OCCUPIED,OCCUPIED,0.813638113303618
40.0,cctv2,C2_S012,G018,OCCUPIED,OCCUPIED,0.7624388408931819
40.0,cctv2,C2_S013,G019,EMPTY,EMPTY,0.01
40.0,cctv2,C2_S014,G020,EMPTY,EMPTY,0.01
40.0,cctv3,C3_S001,G021,OCCUPIED,OCCUPIED,0.8099302649497987
40.0,cctv3,C3_S002,G019,EMPTY,EMPTY,0.01
40.0,cctv3,C3_S003,G020,EMPTY,EMPTY,0.01
40.0,cctv3,C3_S004,G024,OCCUPIED,OCCUPIED,0.830353098565882
40.0,cctv3,C3_S005,G025,OCCUPIED,OCCUPIED,0.8298201802102003
40.0,cctv3,C3_S006,G026,OCCUPIED,OCCUPIED,0.8282767469232734
40.0,cctv3,C3_S007,G027,EMPTY,MANEUVERING,0.49
40.0,cctv3,C3_S008,G028,EMPTY,MANEUVERING,0.1526496136278817
40.0,cctv3,C3_S009,G029,EMPTY,MANEUVERING,0.0686625730314038
40.0,cctv3,C3_S010,G007,OCCUPIED,OCCUPIED,0.7181520248136738
40.0,cctv3,C3_S011,G008,OCCUPIED,OCCUPIED,0.8095688291571358
40.0,cctv3,C3_S012,G009,OCCUPIED,OCCUPIED,0.8290371385487644
41.0,cctv1,C1_S001,G001,EMPTY,MANEUVERING,0.49
41.0,cctv1,C1_S002,G002,EMPTY,EMPTY,0.01
41.0,cctv1,C1_S003,G003,OCCUPIED,OCCUPIED,0.8361705839633942
41.0,cctv1,C1_S004,G004,OCCUPIED,OCCUPIED,0.7755563673647968
41.0,cctv1,C1_S005,G005,OCCUPIED,OCCUPIED,0.7969470643184402
41.0,cctv1,C1_S006,G006,EMPTY,EMPTY,0.01
41.0,cctv2,C2_S001,G007,OCCUPIED,OCCUPIED,0.7952399150891738
41.0,cctv2,C2_S002,G008,OCCUPIED,LEAVING,0.8067177637056872
41.0,cctv2,C2_S003,G009,EMPTY,MANEUVERING,0.2641613466631282
41.0,cctv2,C2_S004,G010,OCCUPIED,OCCUPIED,0.7011807401139628
41.0,cctv2,C2_S005,G001,EMPTY,EMPTY,0.01
41.0,cctv2,C2_S006,G003,OCCUPIED,OCCUPIED,0.8142532909458334
41.0,cctv2,C2_S007,G004,OCCUPIED,OCCUPIED,0.7857185213403269
41.0,cctv2,C2_S008,G006,OCCUPIED,OCCUPIED,0.70277388129722
41.0,cctv2,C2_S009,G005,OCCUPIED,OCCUPIED,0.7612525921518153
41.0,cctv2,C2_S010,G002,OCCUPIED,OCCUPIED,0.51
41.0,cctv2,C2_S011,G017,OCCUPIED,OCCUPIED,0.8106165861541575
41.0,cctv2,C2_S012,G018,OCCUPIED,OCCUPIED,0.7625698310407726
41.0,cctv2,C2_S013,G019,EMPTY,EMPTY,0.01
41.0,cctv2,C2_S014,G020,EMPTY,EMPTY,0.01
41.0,cctv3,C3_S001,G021,OCCUPIED,OCCUPIED,0.8104683599688791
41.0,cctv3,C3_S002,G019,EMPTY,EMPTY,0.01
41.0,cctv3,C3_S003,G020,EMPTY,EMPTY,0.01
41.0,cctv3,C3_S004,G024,OCCUPIED,OCCUPIED,0.8301632030443713
41.0,cctv3,C3_S005,G025,OCCUPIED,OCCUPIED,0.8297642277045684
41.0,cctv3,C3_S006,G026,OCCUPIED,OCCUPIED,0.8282486698844217
41.0,cctv3,C3_S007,G027,EMPTY,MANEUVERING,0.49
41.0,cctv3,C3_S008,G028,EMPTY,MANEUVERING,0.1526496136278817
41.0,cctv3,C3_S009,G029,EMPTY,MANEUVERING,0.0686625730314038
41.0,cctv3,C3_S010,G007,OCCUPIED,OCCUPIED,0.7184960588000038
41.0,cctv3,C3_S011,G008,OCCUPIED,OCCUPIED,0.8100957182320683
41.0,cctv3,C3_S012,G009,OCCUPIED,OCCUPIED,0.8291618222540076
42.0,cctv1,C1_S001,G001,EMPTY,MANEUVERING,0.49
42.0,cctv1,C1_S002,G002,EMPTY,EMPTY,0.01
42.0,cctv1,C1_S003,G003,OCCUPIED,OCCUPIED,0.8363203698938544
42.0,cctv1,C1_S004,G004,OCCUPIED,OCCUPIED,0.7758803245696155
42.0,cctv1,C1_S005,G005,OCCUPIED,LEAVING,0.782334322306243
42.0,cctv1,C1_S006,G006,EMPTY,MANEUVERING,0.1102568951316855
42.0,cctv2,C2_S001,G007,OCCUPIED,OCCUPIED,0.7936904273249887
42.0,cctv2,C2_S002,G008,OCCUPIED,LEAVING,0.8055060022256592
42.0,cctv2,C2_S003,G009,EMPTY,MANEUVERING,0.2641613466631282
42.0,cctv2,C2_S004,G010,OCCUPIED,OCCUPIED,0.7371337835761634
42.0,cctv2,C2_S005,G001,EMPTY,EMPTY,0.01
42.0,cctv2,C2_S006,G003,OCCUPIED,OCCUPIED,0.8111907723275098
42.0,cctv2,C2_S007,G004,OCCUPIED,OCCUPIED,0.7856585512107069
42.0,cctv2,C2_S008,G006,OCCUPIED,OCCUPIED,0.7491983493078839
42.0,cctv2,C2_S009,G005,OCCUPIED,OCCUPIED,0.7748313695553578
42.0,cctv2,C2_S010,G002,OCCUPIED,OCCUPIED,0.51
42.0,cctv2,C2_S011,G017,OCCUPIED,OCCUPIED,0.8079743916338141
42.0,cctv2,C2_S012,G018,OCCUPIED,OCCUPIED,0.7621673472902992
42.0,cctv2,C2_S013,G019,EMPTY,EMPTY,0.01
42.0,cctv2,C2_S014,G020,EMPTY,EMPTY,0.01
42.0,cctv3,C3_S001,G021,OCCUPIED,OCCUPIED,0.8100911162116311
42.0,cctv3,C3_S002,G019,EMPTY,EMPTY,0.01
42.0,cctv3,C3_S003,G020,EMPTY,EMPTY,0.01
42.0,cctv3,C3_S004,G024,OCCUPIED,OCCUPIED,0.830079782280055
42.0,cctv3,C3_S005,G025,OCCUPIED,OCCUPIED,0.8296739226037806
42.0,cctv3,C3_S006,G026,OCCUPIED,OCCUPIED,0.8281375337730755
42.0,cctv3,C3_S007,G027,EMPTY,MANEUVERING,0.49
42.0,cctv3,C3_S008,G028,EMPTY,MANEUVERING,0.1526496136278817
42.0,cctv3,C3_S009,G029,EMPTY,MANEUVERING,0.0686625730314038
42.0,cctv3,C3_S010,G007,OCCUPIED,OCCUPIED,0.7168046788058499
42.0,cctv3,C3_S011,G008,OCCUPIED,OCCUPIED,0.8090188495137476
42.0,cctv3,C3_S012,G009,OCCUPIED,OCCUPIED,0.8287864121523771
43.0,cctv1,C1_S001,G001,EMPTY,MANEUVERING,0.49
43.0,cctv1,C1_S002,G002,EMPTY,EMPTY,0.01
43.0,cctv1,C1_S003,G003,OCCUPIED,OCCUPIED,0.836055941473354
43.0,cctv1,C1_S004,G004,OCCUPIED,OCCUPIED,0.7743565295230259
43.0,cctv1,C1_S005,G005,OCCUPIED,LEAVING,0.7786961886286736
43.0,cctv1,C1_S006,G006,EMPTY,MANEUVERING,0.1102568951316855
43.0,cctv2,C2_S001,G007,OCCUPIED,OCCUPIED,0.7931022798473185
43.0,cctv2,C2_S002,G008,OCCUPIED,LEAVING,0.8071072062308139
43.0,cctv2,C2_S003,G009,EMPTY,MANEUVERING,0.2641613466631282
43.0,cctv2,C2_S004,G010,OCCUPIED,OCCUPIED,0.7382420146329837
43.0,cctv2,C2_S005,G001,EMPTY,EMPTY,0.01
43.0,cctv2,C2_S006,G003,OCCUPIED,OCCUPIED,0.8120829311284152
43.0,cctv2,C2_S007,G004,OCCUPIED,OCCUPIED,0.7841853308406743
43.0,cctv2,C2_S008,G006,OCCUPIED,OCCUPIED,0.7518214603174816
43.0,cctv2,C2_S009,G005,OCCUPIED,OCCUPIED,0.7881200489853368
43.0,cctv2,C2_S010,G002,EMPTY,EMPTY,0.1666331824750611
43.0,cctv2,C2_S011,G017,OCCUPIED,OCCUPIED,0.807288797064261
43.0,cctv2,C2_S012,G018,OCCUPIED,OCCUPIED,0.7620234675028108
43.0,cctv2,C2_S013,G019,EMPTY,EMPTY,0.01
43.0,cctv2,C2_S014,G020,EMPTY,EMPTY,0.01
43.0,cctv3,C3_S001,G021,OCCUPIED,OCCUPIED,0.8091421937400645
43.0,cctv3,C3_S002,G019,EMPTY,EMPTY,0.01
43.0,cctv3,C3_S003,G020,EMPTY,EMPTY,0.01
43.0,cctv3,C3_S004,G024,OCCUPIED,OCCUPIED,0.8300442275675861
43.0,cctv3,C3_S005,G025,OCCUPIED,OCCUPIED,0.8298143817619845
43.0,cctv3,C3_S006,G026,OCCUPIED,OCCUPIED,0.8282438028942456
43.0,cctv3,C3_S007,G027,EMPTY,MANEUVERING,0.49
43.0,cctv3,C3_S008,G028,EMPTY,MANEUVERING,0.1987717306794542
43.0,cctv3,C3_S009,G029,EMPTY,MANEUVERING,0.0686625730314038
43.0,cctv3,C3_S010,G007,OCCUPIED,OCCUPIED,0.7194449845633725
43.0,cctv3,C3_S011,G008,OCCUPIED,OCCUPIED,0.8090931678360159
43.0,cctv3,C3_S012,G009,OCCUPIED,OCCUPIED,0.8289350292899392
44.0,cctv1,C1_S001,G001,EMPTY,MANEUVERING,0.49
44.0,cctv1,C1_S002,G002,EMPTY,EMPTY,0.01
44.0,cctv1,C1_S003,G003,OCCUPIED,OCCUPIED,0.8361987837336281
44.0,cctv1,C1_S004,G004,OCCUPIED,OCCUPIED,0.7744255541400477
44.0,cctv1,C1_S005,G005,OCCUPIED,LEAVING,0.7637484171227976
44.0,cctv1,C1_S006,G006,EMPTY,MANEUVERING,0.2010132638818838
44.0,cctv2,C2_S001,G007,OCCUPIED,OCCUPIED,0.7913141827691685
44.0,cctv2,C2_S002,G008,OCCUPIED,LEAVING,0.8070923776789145
44.0,cctv2,C2_S003,G009,EMPTY,MANEUVERING,0.2641613466631282
44.0,cctv2,C2_S004,G010,OCCUPIED,OCCUPIED,0.7393213274126704
44.0,cctv2,C2_S005,G001,EMPTY,EMPTY,0.01
44.0,cctv2,C2_S006,G003,OCCUPIED,OCCUPIED,0.8041281372308732
44.0,cctv2,C2_S007,G004,OCCUPIED,OCCUPIED,0.781355692581697
44.0,cctv2,C2_S008,G006,OCCUPIED,OCCUPIED,0.7532037930596959
44.0,cctv2,C2_S009,G005,OCCUPIED,OCCUPIED,0.8037717366760428
44.0,cctv2,C2_S010,G002,EMPTY,EMPTY,0.01
44.0,cctv2,C2_S011,G017,OCCUPIED,OCCUPIED,0.8064252184195952
44.0,cctv2,C2_S012,G018,OCCUPIED,OCCUPIED,0.7605812047015538
44.0,cctv2,C2_S013,G019,EMPTY,EMPTY,0.01
44.0,cctv2,C2_S014,G020,EMPTY,EMPTY,0.01
44.0,cctv3,C3_S001,G021,OCCUPIED,OCCUPIED,0.8090087806636638
44.0,cctv3,C3_S002,G019,EMPTY,EMPTY,0.01
44.0,cctv3,C3_S003,G020,EMPTY,EMPTY,0.01
44.0,cctv3,C3_S004,G024,OCCUPIED,OCCUPIED,0.8301594820889561
44.0,cctv3,C3_S005,G025,OCCUPIED,OCCUPIED,0.8297486546364699
44.0,cctv3,C3_S006,G026,OCCUPIED,OCCUPIED,0.828178083896637
44.0,cctv3,C3_S007,G027,EMPTY,MANEUVERING,0.49
44.0,cctv3,C3_S008,G028,EMPTY,MANEUVERING,0.1987717306794542
44.0,cctv3,C3_S009,G029,EMPTY,EMPTY,0.01
44.0,cctv3,C3_S010,G007,OCCUPIED,OCCUPIED,0.7653983362696388
44.0,cctv3,C3_S011,G008,OCCUPIED,OCCUPIED,0.8085986448959871
44.0,cctv3,C3_S012,G009,OCCUPIED,OCCUPIED,0.8285573929548264
45.0,cctv1,C1_S001,G001,EMPTY,MANEUVERING,0.49
45.0,cctv1,C1_S002,G002,EMPTY,EMPTY,0.01
45.0,cctv1,C1_S003,G003,OCCUPIED,OCCUPIED,0.8359214099970731
45.0,cctv1,C1_S004,G004,OCCUPIED,OCCUPIED,0.7733357088132339
45.0,cctv1,C1_S005,G005,OCCUPIED,LEAVING,0.7458487854166465
45.0,cctv1,C1_S006,G006,EMPTY,MANEUVERING,0.3127565629902211
45.0,cctv2,C2_S001,G007,OCCUPIED,OCCUPIED,0.7917022691531616
45.0,cctv2,C2_S002,G008,OCCUPIED,LEAVING,0.806695687093518
45.0,cctv2,C2_S003,G009,EMPTY,MANEUVERING,0.2191613466631282
45.0,cctv2,C2_S004,G010,OCCUPIED,OCCUPIED,0.7418657330626792
45.0,cctv2,C2_S005,G001,EMPTY,EMPTY,0.01
45.0,cctv2,C2_S006,G003,OCCUPIED,OCCUPIED,0.7967921683734114
45.0,cctv2,C2_S007,G004,OCCUPIED,OCCUPIED,0.7786371705206958
45.0,cctv2,C2_S008,G006,OCCUPIED,OCCUPIED,0.7546887703646313
45.0,cctv2,C2_S009,G005,OCCUPIED,OCCUPIED,0.8072430897842755
45.0,cctv2,C2_S010,G002,EMPTY,EMPTY,0.01
45.0,cctv2,C2_S011,G017,OCCUPIED,OCCUPIED,0.806343976746906
45.0,cctv2,C2_S012,G018,OCCUPIED,LEAVING,0.7594225038181652
45.0,cctv2,C2_S013,G019,EMPTY,EMPTY,0.01
45.0,cctv2,C2_S014,G020,EMPTY,EMPTY,0.01
45.0,cctv3,C3_S001,G021,OCCUPIED,OCCUPIED,0.8089376866817475
45.0,cctv3,C3_S002,G019,EMPTY,EMPTY,0.01
45.0,cctv3,C3_S003,G020,EMPTY,EMPTY,0.01
45.0,cctv3,C3_S004,G024,OCCUPIED,OCCUPIED,0.8299276831475172
45.0,cctv3,C3_S005,G025,OCCUPIED,OCCUPIED,0.8296934564005245
45.0,cctv3,C3_S006,G026,OCCUPIED,OCCUPIED,0.8280391942371023
45.0,cctv3,C3_S007,G027,EMPTY,MANEUVERING,0.49
45.0,cctv3,C3_S008,G028,EMPTY,MANEUVERING,0.1987717306794542
45.0,cctv3,C3_S009,G029,EMPTY,EMPTY,0.01
45.0,cctv3,C3_S010,G007,OCCUPIED,OCCUPIED,0.7638915204189041
45.0,cctv3,C3_S011,G008,OCCUPIED,OCCUPIED,0.8070957771756433
45.0,cctv3,C3_S012,G009,OCCUPIED,OCCUPIED,0.8287536688826301
46.0,cctv1,C1_S001,G001,EMPTY,MANEUVERING,0.49
46.0,cctv1,C1_S002,G002,EMPTY,EMPTY,0.01
46.0,cctv1,C1_S003,G003,OCCUPIED,OCCUPIED,0.8360921399159865
46.0,cctv1,C1_S004,G004,OCCUPIED,OCCUPIED,0.7735850030725653
46.0,cctv1,C1_S005,G005,OCCUPIED,LEAVING,0.6603429159332406
46.0,cctv1,C1_S006,G006,EMPTY,MANEUVERING,0.2677565629902211
46.0,cctv2,C2_S001,G007,OCCUPIED,OCCUPIED,0.7926857270977714
46.0,cctv2,C2_S002,G008,OCCUPIED,LEAVING,0.8060124813155695
46.0,cctv2,C2_S003,G009,EMPTY,MANEUVERING,0.2191613466631282
46.0,cctv2,C2_S004,G010,OCCUPIED,OCCUPIED,0.7424788868562743
46.0,cctv2,C2_S005,G001,EMPTY,EMPTY,0.01
46.0,cctv2,C2_S006,G003,OCCUPIED,OCCUPIED,0.7881236134604975
46.0,cctv2,C2_S007,G004,OCCUPIED,OCCUPIED,0.7757472536780619
46.0,cctv2,C2_S008,G006,OCCUPIED,OCCUPIED,0.7548225804079663
46.0,cctv2,C2_S009,G005,OCCUPIED,OCCUPIED,0.8090286241336303
46.0,cctv2,C2_S010,G002,EMPTY,EMPTY,0.01
46.0,cctv2,C2_S011,G017,OCCUPIED,OCCUPIED,0.8055896265940233
46.0,cctv2,C2_S012,G018,OCCUPIED,LEAVING,0.7583090969107369
46.0,cctv2,C2_S013,G019,EMPTY,EMPTY,0.01
46.0,cctv2,C2_S014,G020,EMPTY,EMPTY,0.01
46.0,cctv3,C3_S001,G021,OCCUPIED,OCCUPIED,0.8085002484646711
46.0,cctv3,C3_S002,G019,EMPTY,EMPTY,0.01
46.0,cctv3,C3_S003,G020,EMPTY,EMPTY,0.01
46.0,cctv3,C3_S004,G024,OCCUPIED,OCCUPIED,0.8298503420569681
46.0,cctv3,C3_S005,G025,OCCUPIED,OCCUPIED,0.8297286160967567
46.0,cctv3,C3_S006,G026,OCCUPIED,OCCUPIED,0.8280114016749642
46.0,cctv3,C3_S007,G027,EMPTY,MANEUVERING,0.49
46.0,cctv3,C3_S008,G028,EMPTY,MANEUVERING,0.1987717306794542
46.0,cctv3,C3_S009,G029,EMPTY,EMPTY,0.01
46.0,cctv3,C3_S010,G007,OCCUPIED,OCCUPIED,0.7628556342287498
46.0,cctv3,C3_S011,G008,OCCUPIED,OCCUPIED,0.8066219015554948
46.0,cctv3,C3_S012,G009,OCCUPIED,OCCUPIED,0.8288163496689364
47.0,cctv1,C1_S001,G001,EMPTY,MANEUVERING,0.49
47.0,cctv1,C1_S002,G002,EMPTY,EMPTY,0.01
47.0,cctv1,C1_S003,G003,OCCUPIED,OCCUPIED,0.8359675830060787
47.0,cctv1,C1_S004,G004,OCCUPIED,OCCUPIED,0.7717115674506535
47.0,cctv1,C1_S005,G005,OCCUPIED,LEAVING,0.5750972933787288
47.0,cctv1,C1_S006,G006,EMPTY,MANEUVERING,0.2677565629902211
47.0,cctv2,C2_S001,G007,OCCUPIED,OCCUPIED,0.7968614368276163
47.0,cctv2,C2_S002,G008,OCCUPIED,LEAVING,0.8081799626350403
47.0,cctv2,C2_S003,G009,EMPTY,MANEUVERING,0.2191613466631282
47.0,cctv2,C2_S004,G010,OCCUPIED,OCCUPIED,0.7439125974747268
47.0,cctv2,C2_S005,G001,EMPTY,EMPTY,0.01
47.0,cctv2,C2_S006,G003,OCCUPIED,OCCUPIED,0.7802777205001225
47.0,cctv2,C2_S007,G004,OCCUPIED,OCCUPIED,0.7725583648139781
47.0,cctv2,C2_S008,G006,OCCUPIED,OCCUPIED,0.7567142941464078
47.0,cctv2,C2_S009,G005,OCCUPIED,OCCUPIED,0.8065295287153939
47.0,cctv2,C2_S010,G002,EMPTY,EMPTY,0.01
47.0,cctv2,C2_S011,G017,OCCUPIED,OCCUPIED,0.8049117080189966
47.0,cctv2,C2_S012,G018,OCCUPIED,LEAVING,0.7567228068004955
47.0,cctv2,C2_S013,G019,EMPTY,EMPTY,0.01
47.0,cctv2,C2_S014,G020,EMPTY,EMPTY,0.01
47.0,cctv3,C3_S001,G021,OCCUPIED,OCCUPIED,0.8092775973406705
47.0,cctv3,C3_S002,G019,EMPTY,EMPTY,0.01
47.0,cctv3,C3_S003,G020,EMPTY,EMPTY,0.01
47.0,cctv3,C3_S004,G024,OCCUPIED,OCCUPIED,0.8297845653512261
47.0,cctv3,C3_S005,G025,OCCUPIED,OCCUPIED,0.8297111589800228
47.0,cctv3,C3_S006,G026,OCCUPIED,OCCUPIED,0.8281107685782694
47.0,cctv3,C3_S007,G027,EMPTY,MANEUVERING,0.49
47.0,cctv3,C3_S008,G028,EMPTY,MANEUVERING,0.1537717306794542
47.0,cctv3,C3_S009,G029,EMPTY,EMPTY,0.01
47.0,cctv3,C3_S010,G007,OCCUPIED,OCCUPIED,0.7617215730927208
47.0,cctv3,C3_S011,G008,OCCUPIED,OCCUPIED,0.8054508466612209
47.0,cctv3,C3_S012,G009,OCCUPIED,OCCUPIED,0.8288626567883925
48.0,cctv1,C1_S001,G001,EMPTY,MANEUVERING,0.49
48.0,cctv1,C1_S002,G002,EMPTY,EMPTY,0.01
48.0,cctv1,C1_S003,G003,OCCUPIED,LEAVING,0.8363721308383075
48.0,cctv1,C1_S004,G004,OCCUPIED,OCCUPIED,0.7689125181599097
48.0,cctv1,C1_S005,G005,OCCUPIED,LEAVING,0.5606847833413067
48.0,cctv1,C1_S006,G006,EMPTY,MANEUVERING,0.2317565629902211
48.0,cctv2,C2_S001,G007,OCCUPIED,OCCUPIED,0.7989709519527176
48.0,cctv2,C2_S002,G008,OCCUPIED,LEAVING,0.8098042295737701
48.0,cctv2,C2_S003,G009,EMPTY,MANEUVERING,0.2191613466631282
48.0,cctv2,C2_S004,G010,OCCUPIED,OCCUPIED,0.7445890239693902
48.0,cctv2,C2_S005,G001,EMPTY,EMPTY,0.01
48.0,cctv2,C2_S006,G003,OCCUPIED,OCCUPIED,0.7722504921257497
48.0,cctv2,C2_S007,G004,OCCUPIED,OCCUPIED,0.7737238781018692
48.0,cctv2,C2_S008,G006,OCCUPIED,OCCUPIED,0.7567015679587018
48.0,cctv2,C2_S009,G005,OCCUPIED,OCCUPIED,0.8055500981482593
48.0,cctv2,C2_S010,G002,EMPTY,EMPTY,0.01
48.0,cctv2,C2_S011,G017,OCCUPIED,OCCUPIED,0.8051496264609425
48.0,cctv2,C2_S012,G018,OCCUPIED,LEAVING,0.7561313350092281
48.0,cctv2,C2_S013,G019,EMPTY,EMPTY,0.01
48.0,cctv2,C2_S014,G020,EMPTY,EMPTY,0.01
48.0,cctv3,C3_S001,G021,OCCUPIED,OCCUPIED,0.8086266195232219
48.0,cctv3,C3_S002,G019,EMPTY,EMPTY,0.01
48.0,cctv3,C3_S003,G020,EMPTY,EMPTY,0.01
48.0,cctv3,C3_S004,G024,OCCUPIED,OCCUPIED,0.8297113889997656
48.0,cctv3,C3_S005,G025,OCCUPIED,OCCUPIED,0.8298014681447636
48.0,cctv3,C3_S006,G026,OCCUPIED,OCCUPIED,0.8280881201679057
48.0,cctv3,C3_S007,G027,EMPTY,MANEUVERING,0.49
48.0,cctv3,C3_S008,G028,EMPTY,MANEUVERING,0.1511050640127875
48.0,cctv3,C3_S009,G029,EMPTY,EMPTY,0.01
48.0,cctv3,C3_S010,G007,OCCUPIED,OCCUPIED,0.7603927531025627
48.0,cctv3,C3_S011,G008,OCCUPIED,OCCUPIED,0.804380550980568
48.0,cctv3,C3_S012,G009,OCCUPIED,OCCUPIED,0.8289231194691224
49.0,cctv1,C1_S001,G001,EMPTY,MANEUVERING,0.49
49.0,cctv1,C1_S002,G002,EMPTY,EMPTY,0.01
49.0,cctv1,C1_S003,G003,OCCUPIED,LEAVING,0.8360126392407852
49.0,cctv1,C1_S004,G004,OCCUPIED,OCCUPIED,0.7670259466225451
49.0,cctv1,C1_S005,G005,OCCUPIED,LEAVING,0.5595670114773693
49.0,cctv1,C1_S006,G006,EMPTY,MANEUVERING,0.2621001417799429
49.0,cctv2,C2_S001,G007,OCCUPIED,OCCUPIED,0.8020804173567079
49.0,cctv2,C2_S002,G008,OCCUPIED,LEAVING,0.810114196213809
49.0,cctv2,C2_S003,G009,EMPTY,MANEUVERING,0.2191613466631282
49.0,cctv2,C2_S004,G010,OCCUPIED,OCCUPIED,0.746311104162173
49.0,cctv2,C2_S005,G001,EMPTY,EMPTY,0.01
49.0,cctv2,C2_S006,G003,OCCUPIED,LEAVING,0.7683170976286585
49.0,cctv2,C2_S007,G004,OCCUPIED,OCCUPIED,0.7747073604301974
49.0,cctv2,C2_S008,G006,OCCUPIED,OCCUPIED,0.7929386992346157
49.0,cctv2,C2_S009,G005,OCCUPIED,OCCUPIED,0.8042751686139541
49.0,cctv2,C2_S010,G002,EMPTY,EMPTY,0.01
49.0,cctv2,C2_S011,G017,OCCUPIED,OCCUPIED,0.8071676912632856
49.0,cctv2,C2_S012,G018,OCCUPIED,LEAVING,0.7539437375285409
49.0,cctv2,C2_S013,G019,EMPTY,EMPTY,0.01
49.0,cctv2,C2_S014,G020,EMPTY,EMPTY,0.01
49.0,cctv3,C3_S001,G021,OCCUPIED,OCCUPIED,0.8090572075410323
49.0,cctv3,C3_S002,G019,EMPTY,EMPTY,0.01
49.0,cctv3,C3_S003,G020,EMPTY,EMPTY,0.01
49.0,cctv3,C3_S004,G024,OCCUPIED,OCCUPIED,0.8296017183498903
49.0,cctv3,C3_S005,G025,OCCUPIED,OCCUPIED,0.8297700082713908
49.0,cctv3,C3_S006,G026,OCCUPIED,OCCUPIED,0.8280494752255354
49.0,cctv3,C3_S007,G027,EMPTY,MANEUVERING,0.49
49.0,cctv3,C3_S008,G028,EMPTY,MANEUVERING,0.1511050640127875
49.0,cctv3,C3_S009,G029,EMPTY,EMPTY,0.01
49.0,cctv3,C3_S010,G007,OCCUPIED,OCCUPIED,0.7584121177142318
49.0,cctv3,C3_S011,G008,OCCUPIED,OCCUPIED,0.8031404430216009
49.0,cctv3,C3_S012,G009,OCCUPIED,OCCUPIED,0.8288192805918781
50.0,cctv1,C1_S001,G001,EMPTY,MANEUVERING,0.49
50.0,cctv1,C1_S002,G002,EMPTY,EMPTY,0.01
50.0,cctv1,C1_S003,G003,OCCUPIED,LEAVING,0.8350539405237545
50.0,cctv1,C1_S004,G004,OCCUPIED,OCCUPIED,0.7678734628991648
50.0,cctv1,C1_S005,G005,OCCUPIED,LEAVING,0.6057443512298845
50.0,cctv1,C1_S006,G006,EMPTY,MANEUVERING,0.2621001417799429
50.0,cctv2,C2_S001,G007,OCCUPIED,OCCUPIED,0.8026890788565983
50.0,cctv2,C2_S002,G008,OCCUPIED,LEAVING,0.806900268522176
50.0,cctv2,C2_S003,G009,EMPTY,MANEUVERING,0.2191613466631282
50.0,cctv2,C2_S004,G010,OCCUPIED,OCCUPIED,0.7487379937009379
50.0,cctv2,C2_S005,G001,EMPTY,EMPTY,0.01
50.0,cctv2,C2_S006,G003,OCCUPIED,LEAVING,0.7684289359910922
50.0,cctv2,C2_S007,G004,OCCUPIED,OCCUPIED,0.7740401442755354
50.0,cctv2,C2_S008,G006,OCCUPIED,OCCUPIED,0.7923827699639581
50.0,cctv2,C2_S009,G005,OCCUPIED,OCCUPIED,0.7988570706410842
50.0,cctv2,C2_S010,G002,EMPTY,EMPTY,0.01
50.0,cctv2,C2_S011,G017,OCCUPIED,OCCUPIED,0.808564092354341
50.0,cctv2,C2_S012,G018,OCCUPIED,LEAVING,0.7519615090706132
50.0,cctv2,C2_S013,G019,EMPTY,EMPTY,0.01
50.0,cctv2,C2_S014,G020,EMPTY,EMPTY,0.01
50.0,cctv3,C3_S001,G021,OCCUPIED,OCCUPIED,0.809796995737336
50.0,cctv3,C3_S002,G019,EMPTY,EMPTY,0.01
50.0,cctv3,C3_S003,G020,EMPTY,EMPTY,0.01
50.0,cctv3,C3_S004,G024,OCCUPIED,OCCUPIED,0.8296008397232403
50.0,cctv3,C3_S005,G025,OCCUPIED,OCCUPIED,0.8297797853296454
50.0,cctv3,C3_S006,G026,OCCUPIED,OCCUPIED,0.8279219589450143
50.0,cctv3,C3_S007,G027,EMPTY,MANEUVERING,0.49
50.0,cctv3,C3_S008,G028,EMPTY,MANEUVERING,0.099166575003754
50.0,cctv3,C3_S009,G029,EMPTY,EMPTY,0.01
50.0,cctv3,C3_S010,G007,OCCUPIED,OCCUPIED,0.7580933221361854
50.0,cctv3,C3_S011,G008,OCCUPIED,OCCUPIED,0.803523887558417
50.0,cctv3,C3_S012,G009,OCCUPIED,OCCUPIED,0.8289552474563773
51.0,cctv1,C1_S001,G001,EMPTY,MANEUVERING,0.49
51.0,cctv1,C1_S002,G002,EMPTY,EMPTY,0.01
51.0,cctv1,C1_S003,G003,OCCUPIED,LEAVING,0.8357769039544193
51.0,cctv1,C1_S004,G004,OCCUPIED,OCCUPIED,0.76749635650353
51.0,cctv1,C1_S005,G005,OCCUPIED,LEAVING,0.6528926233269952
51.0,cctv1,C1_S006,G006,EMPTY,MANEUVERING,0.2621001417799429
51.0,cctv2,C2_S001,G007,OCCUPIED,OCCUPIED,0.8029647961258889
51.0,cctv2,C2_S002,G008,OCCUPIED,LEAVING,0.8037925351749767
51.0,cctv2,C2_S003,G009,EMPTY,MANEUVERING,0.2191613466631282
51.0,cctv2,C2_S004,G010,OCCUPIED,OCCUPIED,0.7497488943013279
51.0,cctv2,C2_S005,G001,EMPTY,EMPTY,0.01
51.0,cctv2,C2_S006,G003,OCCUPIED,LEAVING,0.7689302709292283
51.0,cctv2,C2_S007,G004,OCCUPIED,OCCUPIED,0.7739272419701924
51.0,cctv2,C2_S008,G006,OCCUPIED,OCCUPIED,0.7906512508338148
51.0,cctv2,C2_S009,G005,OCCUPIED,OCCUPIED,0.7964318643916738
51.0,cctv2,C2_S010,G002,EMPTY,EMPTY,0.01
51.0,cctv2,C2_S011,G017,OCCUPIED,OCCUPIED,0.809040525826541
51.0,cctv2,C2_S012,G018,OCCUPIED,LEAVING,0.7515145746144383
51.0,cctv2,C2_S013,G019,EMPTY,EMPTY,0.01
51.0,cctv2,C2_S014,G020,EMPTY,EMPTY,0.01
51.0,cctv3,C3_S001,G021,OCCUPIED,OCCUPIED,0.8097585938193582
51.0,cctv3,C3_S002,G019,EMPTY,EMPTY,0.01
51.0,cctv3,C3_S003,G020,EMPTY,EMPTY,0.01
51.0,cctv3,C3_S004,G024,OCCUPIED,OCCUPIED,0.829529403556477
51.0,cctv3,C3_S005,G025,OCCUPIED,OCCUPIED,0.8297938157211651
51.0,cctv3,C3_S006,G026,OCCUPIED,OCCUPIED,0.8277665200558576
51.0,cctv3,C3_S007,G027,EMPTY,MANEUVERING,0.49
51.0,cctv3,C3_S008,G028,EMPTY,MANEUVERING,0.0980756659128449
51.0,cctv3,C3_S009,G029,EMPTY,EMPTY,0.01
51.0,cctv3,C3_S010,G007,OCCUPIED,OCCUPIED,0.7557676429098303
51.0,cctv3,C3_S011,G008,OCCUPIED,OCCUPIED,0.8025080065835607
51.0,cctv3,C3_S012,G009,OCCUPIED,OCCUPIED,0.8287177004597405
52.0,cctv1,C1_S001,G001,EMPTY,MANEUVERING,0.49
52.0,cctv1,C1_S002,G002,EMPTY,EMPTY,0.01
52.0,cctv1,C1_S003,G003,OCCUPIED,LEAVING,0.8297410477291455
52.0,cctv1,C1_S004,G004,OCCUPIED,OCCUPIED,0.7668716021559456
52.0,cctv1,C1_S005,G005,OCCUPIED,LEAVING,0.657549403093078
52.0,cctv1,C1_S006,G006,EMPTY,MANEUVERING,0.2621001417799429
52.0,cctv2,C2_S001,G007,OCCUPIED,OCCUPIED,0.8049538292668084
52.0,cctv2,C2_S002,G008,OCCUPIED,LEAVING,0.8017273789102382
52.0,cctv2,C2_S003,G009,EMPTY,MANEUVERING,0.2355865826796401
52.0,cctv2,C2_S004,G010,OCCUPIED,OCCUPIED,0.7529215220700611
52.0,cctv2,C2_S005,G001,EMPTY,EMPTY,0.01
52.0,cctv2,C2_S006,G003,OCCUPIED,LEAVING,0.7733064176684077
52.0,cctv2,C2_S007,G004,OCCUPIED,OCCUPIED,0.7740585239096122
52.0,cctv2,C2_S008,G006,OCCUPIED,OCCUPIED,0.7908003540201621
52.0,cctv2,C2_S009,G005,OCCUPIED,OCCUPIED,0.7941080911593005
52.0,cctv2,C2_S010,G002,EMPTY,EMPTY,0.01
52.0,cctv2,C2_S011,G017,OCCUPIED,OCCUPIED,0.8110210803422062
52.0,cctv2,C2_S012,G018,OCCUPIED,LEAVING,0.7491910440000622
52.0,cctv2,C2_S013,G019,EMPTY,EMPTY,0.01
52.0,cctv2,C2_S014,G020,EMPTY,EMPTY,0.01
52.0,cctv3,C3_S001,G021,OCCUPIED,OCCUPIED,0.8090352215550163
52.0,cctv3,C3_S002,G019,EMPTY,EMPTY,0.01
52.0,cctv3,C3_S003,G020,EMPTY,EMPTY,0.01
52.0,cctv3,C3_S004,G024,OCCUPIED,OCCUPIED,0.8294502263719385
52.0,cctv3,C3_S005,G025,OCCUPIED,OCCUPIED,0.829737625880675
52.0,cctv3,C3_S006,G026,OCCUPIED,OCCUPIED,0.8278363428332589
52.0,cctv3,C3_S007,G027,EMPTY,MANEUVERING,0.49
52.0,cctv3,C3_S008,G028,EMPTY,MANEUVERING,0.0980756659128449
52.0,cctv3,C3_S009,G029,EMPTY,EMPTY,0.01
52.0,cctv3,C3_S010,G007,OCCUPIED,OCCUPIED,0.755954780226404
52.0,cctv3,C3_S011,G008,OCCUPIED,OCCUPIED,0.8021734156391838
52.0,cctv3,C3_S012,G009,OCCUPIED,OCCUPIED,0.8287291981957177
53.0,cctv1,C1_S001,G001,EMPTY,MANEUVERING,0.49
53.0,cctv1,C1_S002,G002,EMPTY,EMPTY,0.01
53.0,cctv1,C1_S003,G003,OCCUPIED,LEAVING,0.8301000573418358
53.0,cctv1,C1_S004,G004,OCCUPIED,OCCUPIED,0.7669072040102699
53.0,cctv1,C1_S005,G005,OCCUPIED,LEAVING,0.6775406046527805
53.0,cctv1,C1_S006,G006,EMPTY,MANEUVERING,0.168623648238453
53.0,cctv2,C2_S001,G007,OCCUPIED,OCCUPIED,0.8059975995258852
53.0,cctv2,C2_S002,G008,OCCUPIED,LEAVING,0.8056295931339265
53.0,cctv2,C2_S003,G009,EMPTY,MANEUVERING,0.3118712372265079
53.0,cctv2,C2_S004,G010,OCCUPIED,OCCUPIED,0.7573360195214098
53.0,cctv2,C2_S005,G001,EMPTY,EMPTY,0.01
53.0,cctv2,C2_S006,G003,OCCUPIED,LEAVING,0.7775437438352542
53.0,cctv2,C2_S007,G004,OCCUPIED,OCCUPIED,0.7740220751274717
53.0,cctv2,C2_S008,G006,OCCUPIED,OCCUPIED,0.7916340609843081
53.0,cctv2,C2_S009,G005,OCCUPIED,OCCUPIED,0.7879405114461075
53.0,cctv2,C2_S010,G002,EMPTY,EMPTY,0.01
53.0,cctv2,C2_S011,G017,OCCUPIED,OCCUPIED,0.8137959109111266
53.0,cctv2,C2_S012,G018,OCCUPIED,LEAVING,0.7485848944295537
53.0,cctv2,C2_S013,G019,EMPTY,EMPTY,0.01
53.0,cctv2,C2_S014,G020,EMPTY,EMPTY,0.01
53.0,cctv3,C3_S001,G021,OCCUPIED,OCCUPIED,0.809734122319655
53.0,cctv3,C3_S002,G019,EMPTY,EMPTY,0.01
53.0,cctv3,C3_S003,G020,EMPTY,EMPTY,0.01
53.0,cctv3,C3_S004,G024,OCCUPIED,OCCUPIED,0.8293547624891455
53.0,cctv3,C3_S005,G025,OCCUPIED,OCCUPIED,0.8297076924280687
53.0,cctv3,C3_S006,G026,OCCUPIED,OCCUPIED,0.8278023933822459
53.0,cctv3,C3_S007,G027,OCCUPIED,OCCUPIED,0.7351318539475854
53.0,cctv3,C3_S008,G028,EMPTY,MANEUVERING,0.0980756659128449
53.0,cctv3,C3_S009,G029,EMPTY,EMPTY,0.01
53.0,cctv3,C3_S010,G007,OCCUPIED,OCCUPIED,0.7549036700617184
53.0,cctv3,C3_S011,G008,OCCUPIED,OCCUPIED,0.8020588731223888
53.0,cctv3,C3_S012,G009,OCCUPIED,OCCUPIED,0.8290039783174342
54.0,cctv1,C1_S001,G001,EMPTY,MANEUVERING,0.49
54.0,cctv1,C1_S002,G002,EMPTY,EMPTY,0.01
54.0,cctv1,C1_S003,G003,OCCUPIED,LEAVING,0.8302185240116987
54.0,cctv1,C1_S004,G004,OCCUPIED,OCCUPIED,0.768414588814432
54.0,cctv1,C1_S005,G005,OCCUPIED,LEAVING,0.6829481279669387
54.0,cctv1,C1_S006,G006,EMPTY,MANEUVERING,0.1652903149051196
54.0,cctv2,C2_S001,G007,OCCUPIED,OCCUPIED,0.8044896746223624
54.0,cctv2,C2_S002,G008,OCCUPIED,LEAVING,0.8048429597507825
54.0,cctv2,C2_S003,G009,EMPTY,MANEUVERING,0.3118712372265079
54.0,cctv2,C2_S004,G010,OCCUPIED,OCCUPIED,0.7612219352613796
54.0,cctv2,C2_S005,G001,EMPTY,EMPTY,0.01
54.0,cctv2,C2_S006,G003,OCCUPIED,LEAVING,0.7749024750834163
54.0,cctv2,C2_S007,G004,OCCUPIED,OCCUPIED,0.7751078625971621
54.0,cctv2,C2_S008,G006,OCCUPIED,OCCUPIED,0.7893751752647488
54.0,cctv2,C2_S009,G005,OCCUPIED,OCCUPIED,0.7897329512644898
54.0,cctv2,C2_S010,G002,EMPTY,EMPTY,0.01
54.0,cctv2,C2_S011,G017,OCCUPIED,OCCUPIED,0.8130686600099911
54.0,cctv2,C2_S012,G018,OCCUPIED,LEAVING,0.7486867167732933
54.0,cctv2,C2_S013,G019,EMPTY,EMPTY,0.01
54.0,cctv2,C2_S014,G020,EMPTY,EMPTY,0.01
54.0,cctv3,C3_S001,G021,OCCUPIED,OCCUPIED,0.8107056070457805
54.0,cctv3,C3_S002,G019,EMPTY,EMPTY,0.01
54.0,cctv3,C3_S003,G020,EMPTY,EMPTY,0.01
54.0,cctv3,C3_S004,G024,OCCUPIED,OCCUPIED,0.8293769565495579
54.0,cctv3,C3_S005,G025,OCCUPIED,OCCUPIED,0.8296134534207258
54.0,cctv3,C3_S006,G026,OCCUPIED,OCCUPIED,0.8275833763859489
54.0,cctv3,C3_S007,G027,OCCUPIED,OCCUPIED,0.7479523122987964
54.0,cctv3,C3_S008,G028,EMPTY,EMPTY,0.01
54.0,cctv3,C3_S009,G029,EMPTY,EMPTY,0.01
54.0,cctv3,C3_S010,G007,OCCUPIED,OCCUPIED,0.7518528430299326
54.0,cctv3,C3_S011,G008,OCCUPIED,OCCUPIED,0.8011644929647447
54.0,cctv3,C3_S012,G009,OCCUPIED,OCCUPIED,0.8289210712367838
55.0,cctv1,C1_S001,G001,EMPTY,MANEUVERING,0.49
55.0,cctv1,C1_S002,G002,EMPTY,EMPTY,0.01
55.0,cctv1,C1_S003,G003,OCCUPIED,LEAVING,0.8302095654335889
55.0,cctv1,C1_S004,G004,OCCUPIED,OCCUPIED,0.7703527965328911
55.0,cctv1,C1_S005,G005,OCCUPIED,LEAVING,0.6982638988711618
55.0,cctv1,C1_S006,G006,EMPTY,MANEUVERING,0.1250658075567899
55.0,cctv2,C2_S001,G007,OCCUPIED,OCCUPIED,0.8055535037409176
55.0,cctv2,C2_S002,G008,OCCUPIED,LEAVING,0.8052549885077911
55.0,cctv2,C2_S003,G009,EMPTY,MANEUVERING,0.3118712372265079
55.0,cctv2,C2_S004,G010,OCCUPIED,OCCUPIED,0.7637018045241183
55.0,cctv2,C2_S005,G001,EMPTY,EMPTY,0.01
55.0,cctv2,C2_S006,G003,OCCUPIED,LEAVING,0.7813288463110274
55.0,cctv2,C2_S007,G004,OCCUPIED,OCCUPIED,0.7776536857539957
55.0,cctv2,C2_S008,G006,OCCUPIED,OCCUPIED,0.7856575868346475
55.0,cctv2,C2_S009,G005,OCCUPIED,LEAVING,0.7912336577746002
55.0,cctv2,C2_S010,G002,EMPTY,EMPTY,0.01
55.0,cctv2,C2_S011,G017,OCCUPIED,OCCUPIED,0.8129153286868877
55.0,cctv2,C2_S012,G018,OCCUPIED,LEAVING,0.7476761299100789
55.0,cctv2,C2_S013,G019,EMPTY,EMPTY,0.01
55.0,cctv2,C2_S014,G020,EMPTY,EMPTY,0.01
55.0,cctv3,C3_S001,G021,OCCUPIED,OCCUPIED,0.810459965467453
55.0,cctv3,C3_S002,G019,EMPTY,EMPTY,0.01
55.0,cctv3,C3_S003,G020,EMPTY,EMPTY,0.01
55.0,cctv3,C3_S004,G024,OCCUPIED,OCCUPIED,0.8292641924186187
55.0,cctv3,C3_S005,G025,OCCUPIED,OCCUPIED,0.8296046354553916
55.0,cctv3,C3_S006,G026,OCCUPIED,OCCUPIED,0.8274062815037642
55.0,cctv3,C3_S007,G027,OCCUPIED,OCCUPIED,0.7479128602553499
55.0,cctv3,C3_S008,G028,EMPTY,EMPTY,0.01
55.0,cctv3,C3_S009,G029,EMPTY,EMPTY,0.01
55.0,cctv3,C3_S010,G007,OCCUPIED,OCCUPIED,0.7519213072278284
55.0,cctv3,C3_S011,G008,OCCUPIED,OCCUPIED,0.8008427709341049
55.0,cctv3,C3_S012,G009,OCCUPIED,OCCUPIED,0.8292000981894407
56.0,cctv1,C1_S001,G001,OCCUPIED,OCCUPIED,0.7376978370953691
56.0,cctv1,C1_S002,G002,EMPTY,EMPTY,0.01
56.0,cctv1,C1_S003,G003,OCCUPIED,LEAVING,0.8303060623732481
56.0,cctv1,C1_S004,G004,OCCUPIED,OCCUPIED,0.7705711214379831
56.0,cctv1,C1_S005,G005,OCCUPIED,LEAVING,0.7175595891295058
56.0,cctv1,C1_S006,G006,EMPTY,MANEUVERING,0.1649490599672902
56.0,cctv2,C2_S001,G007,OCCUPIED,OCCUPIED,0.8051996756683697
56.0,cctv2,C2_S002,G008,OCCUPIED,LEAVING,0.8050317084247416
56.0,cctv2,C2_S003,G009,EMPTY,MANEUVERING,0.2668712372265079
56.0,cctv2,C2_S004,G010,OCCUPIED,OCCUPIED,0.7623393480073323
56.0,cctv2,C2_S005,G001,EMPTY,EMPTY,0.01
56.0,cctv2,C2_S006,G003,OCCUPIED,LEAVING,0.7866157464683057
56.0,cctv2,C2_S007,G004,OCCUPIED,OCCUPIED,0.7799354287711058
56.0,cctv2,C2_S008,G006,OCCUPIED,OCCUPIED,0.7810783436352557
56.0,cctv2,C2_S009,G005,OCCUPIED,LEAVING,0.7897877276621083
56.0,cctv2,C2_S010,G002,EMPTY,EMPTY,0.01
56.0,cctv2,C2_S011,G017,OCCUPIED,OCCUPIED,0.8126199028708718
56.0,cctv2,C2_S012,G018,OCCUPIED,LEAVING,0.7480866314335304
56.0,cctv2,C2_S013,G019,EMPTY,EMPTY,0.01
56.0,cctv2,C2_S014,G020,EMPTY,EMPTY,0.01
56.0,cctv3,C3_S001,G021,OCCUPIED,OCCUPIED,0.8100559865886515
56.0,cctv3,C3_S002,G019,EMPTY,EMPTY,0.01
56.0,cctv3,C3_S003,G020,EMPTY,EMPTY,0.01
56.0,cctv3,C3_S004,G024,OCCUPIED,OCCUPIED,0.8292482617226514
56.0,cctv3,C3_S005,G025,OCCUPIED,OCCUPIED,0.8294852909716693
56.0,cctv3,C3_S006,G026,OCCUPIED,OCCUPIED,0.8272491999647835
56.0,cctv3,C3_S007,G027,OCCUPIED,OCCUPIED,0.7336914028565993
56.0,cctv3,C3_S008,G028,EMPTY,MANEUVERING,0.1299876169183037
56.0,cctv3,C3_S009,G029,EMPTY,MANEUVERING,0.1062499900229952
56.0,cctv3,C3_S010,G007,OCCUPIED,LEAVING,0.6598373515091159
56.0,cctv3,C3_S011,G008,OCCUPIED,OCCUPIED,0.8012230789119548
56.0,cctv3,C3_S012,G009,OCCUPIED,OCCUPIED,0.8291951361027632
57.0,cctv1,C1_S001,G001,OCCUPIED,OCCUPIED,0.7377120365473357
57.0,cctv1,C1_S002,G002,EMPTY,EMPTY,0.01
57.0,cctv1,C1_S003,G003,OCCUPIED,LEAVING,0.8302476454864849
57.0,cctv1,C1_S004,G004,OCCUPIED,OCCUPIED,0.7717070934447376
57.0,cctv1,C1_S005,G005,OCCUPIED,LEAVING,0.7542197154868733
57.0,cctv1,C1_S006,G006,EMPTY,MANEUVERING,0.1649490599672902
57.0,cctv2,C2_S001,G007,OCCUPIED,OCCUPIED,0.8045370603149589
57.0,cctv2,C2_S002,G008,OCCUPIED,LEAVING,0.8076850731264462
57.0,cctv2,C2_S003,G009,EMPTY,MANEUVERING,0.2218712372265079
57.0,cctv2,C2_S004,G010,OCCUPIED,OCCUPIED,0.7626621904698285
57.0,cctv2,C2_S005,G001,EMPTY,EMPTY,0.01
57.0,cctv2,C2_S006,G003,OCCUPIED,LEAVING,0.7929629559544
57.0,cctv2,C2_S007,G004,OCCUPIED,OCCUPIED,0.7772917852483013
57.0,cctv2,C2_S008,G006,OCCUPIED,LEAVING,0.7835362809625539
57.0,cctv2,C2_S009,G005,OCCUPIED,LEAVING,0.7903602419251746
57.0,cctv2,C2_S010,G002,EMPTY,EMPTY,0.01
57.0,cctv2,C2_S011,G017,OCCUPIED,OCCUPIED,0.812249068780379
57.0,cctv2,C2_S012,G018,OCCUPIED,LEAVING,0.7482635657895695
57.0,cctv2,C2_S013,G019,EMPTY,EMPTY,0.01
57.0,cctv2,C2_S014,G020,EMPTY,EMPTY,0.01
57.0,cctv3,C3_S001,G021,OCCUPIED,OCCUPIED,0.8105233428153126
57.0,cctv3,C3_S002,G019,EMPTY,EMPTY,0.01
57.0,cctv3,C3_S003,G020,EMPTY,EMPTY,0.01
57.0,cctv3,C3_S004,G024,OCCUPIED,OCCUPIED,0.8292085349559785
57.0,cctv3,C3_S005,G025,OCCUPIED,OCCUPIED,0.8294355937025765
57.0,cctv3,C3_S006,G026,OCCUPIED,OCCUPIED,0.8271421497518366
57.0,cctv3,C3_S007,G027,OCCUPIED,LEAVING,0.733096442161636
57.0,cctv3,C3_S008,G028,EMPTY,MANEUVERING,0.1299876169183037
57.0,cctv3,C3_S009,G029,EMPTY,MANEUVERING,0.1062499900229952
57.0,cctv3,C3_S010,G007,OCCUPIED,LEAVING,0.6595802371881225
57.0,cctv3,C3_S011,G008,OCCUPIED,OCCUPIED,0.8009099131280726
57.0,cctv3,C3_S012,G009,OCCUPIED,OCCUPIED,0.8291116503151981
58.0,cctv1,C1_S001,G001,OCCUPIED,OCCUPIED,0.7397353617305106
58.0,cctv1,C1_S002,G002,EMPTY,EMPTY,0.01
58.0,cctv1,C1_S003,G003,OCCUPIED,LEAVING,0.8302312913266096
58.0,cctv1,C1_S004,G004,OCCUPIED,OCCUPIED,0.7720133846456355
58.0,cctv1,C1_S005,G005,OCCUPIED,LEAVING,0.788473809578202
58.0,cctv1,C1_S006,G006,EMPTY,MANEUVERING,0.1649490599672902
58.0,cctv2,C2_S001,G007,OCCUPIED,OCCUPIED,0.8037161442366514
58.0,cctv2,C2_S002,G008,OCCUPIED,LEAVING,0.8056211559609934
58.0,cctv2,C2_S003,G009,EMPTY,MANEUVERING,0.2218712372265079
58.0,cctv2,C2_S004,G010,OCCUPIED,OCCUPIED,0.7642389197241177
58.0,cctv2,C2_S005,G001,EMPTY,EMPTY,0.01
58.0,cctv2,C2_S006,G003,OCCUPIED,OCCUPIED,0.80186596844684
58.0,cctv2,C2_S007,G004,OCCUPIED,OCCUPIED,0.7800064750015736
58.0,cctv2,C2_S008,G006,OCCUPIED,LEAVING,0.7831069048155439
58.0,cctv2,C2_S009,G005,OCCUPIED,LEAVING,0.7897328139028766
58.0,cctv2,C2_S010,G002,EMPTY,EMPTY,0.01
58.0,cctv2,C2_S011,G017,OCCUPIED,OCCUPIED,0.8119558610699394
58.0,cctv2,C2_S012,G018,OCCUPIED,LEAVING,0.750001457604495
58.0,cctv2,C2_S013,G019,EMPTY,EMPTY,0.01
58.0,cctv2,C2_S014,G020,EMPTY,EMPTY,0.01
58.0,cctv3,C3_S001,G021,OCCUPIED,OCCUPIED,0.8101392041553152
58.0,cctv3,C3_S002,G019,EMPTY,EMPTY,0.01
58.0,cctv3,C3_S003,G020,EMPTY,EMPTY,0.01
58.0,cctv3,C3_S004,G024,OCCUPIED,OCCUPIED,0.8290553613142535
58.0,cctv3,C3_S005,G025,OCCUPIED,OCCUPIED,0.8294414856217125
58.0,cctv3,C3_S006,G026,OCCUPIED,OCCUPIED,0.8269912844354457
58.0,cctv3,C3_S007,G027,OCCUPIED,LEAVING,0.7324237912825564
58.0,cctv3,C3_S008,G028,EMPTY,MANEUVERING,0.1299876169183037
58.0,cctv3,C3_S009,G029,EMPTY,MANEUVERING,0.203914730227129
58.0,cctv3,C3_S010,G007,OCCUPIED,LEAVING,0.5665179419878758
58.0,cctv3,C3_S011,G008,OCCUPIED,OCCUPIED,0.802237313173034
58.0,cctv3,C3_S012,G009,OCCUPIED,OCCUPIED,0.8290376749905674
59.0,cctv1,C1_S001,G001,OCCUPIED,OCCUPIED,0.7375101645561782
59.0,cctv1,C1_S002,G002,EMPTY,EMPTY,0.01
59.0,cctv1,C1_S003,G003,OCCUPIED,LEAVING,0.8298890438946811
59.0,cctv1,C1_S004,G004,OCCUPIED,OCCUPIED,0.7749778156930751
59.0,cctv1,C1_S005,G005,OCCUPIED,OCCUPIED,0.793012498183684
59.0,cctv1,C1_S006,G006,EMPTY,MANEUVERING,0.1649490599672902
59.0,cctv2,C2_S001,G007,OCCUPIED,OCCUPIED,0.8017566580664028
59.0,cctv2,C2_S002,G008,OCCUPIED,LEAVING,0.801931603523818
59.0,cctv2,C2_S003,G009,EMPTY,MANEUVERING,0.3079667619141665
59.0,cctv2,C2_S004,G010,OCCUPIED,OCCUPIED,0.7677174363623966
59.0,cctv2,C2_S005,G001,EMPTY,EMPTY,0.01
59.0,cctv2,C2_S006,G003,OCCUPIED,OCCUPIED,0.8038789486343211
59.0,cctv2,C2_S007,G004,OCCUPIED,OCCUPIED,0.7776573473756965
59.0,cctv2,C2_S008,G006,OCCUPIED,LEAVING,0.7808126371015203
59.0,cctv2,C2_S009,G005,OCCUPIED,LEAVING,0.7901617974720219
59.0,cctv2,C2_S010,G002,EMPTY,EMPTY,0.01
59.0,cctv2,C2_S011,G017,OCCUPIED,OCCUPIED,0.8111093095757745
59.0,cctv2,C2_S012,G018,OCCUPIED,LEAVING,0.7501813789660281
59.0,cctv2,C2_S013,G019,EMPTY,EMPTY,0.01
59.0,cctv2,C2_S014,G020,EMPTY,EMPTY,0.01
59.0,cctv3,C3_S001,G021,OCCUPIED,OCCUPIED,0.8112155608155511
59.0,cctv3,C3_S002,G019,EMPTY,EMPTY,0.01
59.0,cctv3,C3_S003,G020,EMPTY,EMPTY,0.01
59.0,cctv3,C3_S004,G024,OCCUPIED,OCCUPIED,0.8291791997172616
59.0,cctv3,C3_S005,G025,OCCUPIED,OCCUPIED,0.8294541391459379
59.0,cctv3,C3_S006,G026,OCCUPIED,OCCUPIED,0.8269744881174782
59.0,cctv3,C3_S007,G027,OCCUPIED,LEAVING,0.7315228230506183
59.0,cctv3,C3_S008,G028,EMPTY,MANEUVERING,0.1299876169183037
59.0,cctv3,C3_S009,G029,EMPTY,MANEUVERING,0.2997614017332142
59.0,cctv3,C3_S010,G007,OCCUPIED,LEAVING,0.51
59.0,cctv3,C3_S011,G008,OCCUPIED,OCCUPIED,0.8026758689772
59.0,cctv3,C3_S012,G009,OCCUPIED,OCCUPIED,0.8286773299629039
60.0,cctv1,C1_S001,G001,OCCUPIED,OCCUPIED,0.7397143925455484
60.0,cctv1,C1_S002,G002,EMPTY,EMPTY,0.01
60.0,cctv1,C1_S003,G003,OCCUPIED,LEAVING,0.8305541707710786
60.0,cctv1,C1_S004,G004,OCCUPIED,OCCUPIED,0.7757695485245099
60.0,cctv1,C1_S005,G005,OCCUPIED,OCCUPIED,0.7936848962848837
60.0,cctv1,C1_S006,G006,EMPTY,EMPTY,0.01
60.0,cctv2,C2_S001,G007,OCCUPIED,OCCUPIED,0.799137364734303
60.0,cctv2,C2_S002,G008,OCCUPIED,LEAVING,0.8021606909957799
60.0,cctv2,C2_S003,G009,EMPTY,MANEUVERING,0.3079667619141665
60.0,cctv2,C2_S004,G010,OCCUPIED,OCCUPIED,0.7675547347827392
60.0,cctv2,C2_S005,G001,EMPTY,EMPTY,0.01
60.0,cctv2,C2_S006,G003,OCCUPIED,OCCUPIED,0.8132008644667539
60.0,cctv2,C2_S007,G004,OCCUPIED,OCCUPIED,0.7822466496716847
60.0,cctv2,C2_S008,G006,OCCUPIED,LEAVING,0.7755544239824469
60.0,cctv2,C2_S009,G005,OCCUPIED,LEAVING,0.7857999737289819
60.0,cctv2,C2_S010,G002,EMPTY,EMPTY,0.01
60.0,cctv2,C2_S011,G017,OCCUPIED,OCCUPIED,0.8105718973008069
60.0,cctv2,C2_S012,G018,OCCUPIED,LEAVING,0.7506206488067454
60.0,cctv2,C2_S013,G019,EMPTY,EMPTY,0.01
60.0,cctv2,C2_S014,G020,EMPTY,EMPTY,0.01
60.0,cctv3,C3_S001,G021,OCCUPIED,OCCUPIED,0.8107935233549639
60.0,cctv3,C3_S002,G019,EMPTY,EMPTY,0.01
60.0,cctv3,C3_S003,G020,EMPTY,EMPTY,0.01
60.0,cctv3,C3_S004,G024,OCCUPIED,OCCUPIED,0.8292390552434055
60.0,cctv3,C3_S005,G025,OCCUPIED,OCCUPIED,0.8293114618821578
60.0,cctv3,C3_S006,G026,OCCUPIED,OCCUPIED,0.8267439538782294
60.0,cctv3,C3_S007,G027,OCCUPIED,LEAVING,0.7313794459741225
60.0,cctv3,C3_S008,G028,EMPTY,MANEUVERING,0.0849876169183037
60.0,cctv3,C3_S009,G029,EMPTY,MANEUVERING,0.2547614017332142
60.0,cctv3,C3_S010,G007,OCCUPIED,LEAVING,0.5216275669803674
60.0,cctv3,C3_S011,G008,OCCUPIED,OCCUPIED,0.8034143729643389
60.0,cctv3,C3_S012,G009,OCCUPIED,OCCUPIED,0.8283911780877548
61.0,cctv1,C1_S001,G001,OCCUPIED,OCCUPIED,0.7389756061136723
61.0,cctv1,C1_S002,G002,EMPTY,EMPTY,0.01
61.0,cctv1,C1_S003,G003,OCCUPIED,LEAVING,0.8314810552380303
61.0,cctv1,C1_S004,G004,OCCUPIED,OCCUPIED,0.7722855362025175
61.0,cctv1,C1_S005,G005,OCCUPIED,OCCUPIED,0.7117123781551015
61.0,cctv1,C1_S006,G006,EMPTY,EMPTY,0.01
61.0,cctv2,C2_S001,G007,OCCUPIED,OCCUPIED,0.7996701652353461
61.0,cctv2,C2_S002,G008,OCCUPIED,LEAVING,0.8050528665835208
61.0,cctv2,C2_S003,G009,EMPTY,MANEUVERING,0.3079667619141665
61.0,cctv2,C2_S004,G010,OCCUPIED,OCCUPIED,0.7676367766477845
61.0,cctv2,C2_S005,G001,EMPTY,EMPTY,0.01
61.0,cctv2,C2_S006,G003,OCCUPIED,LEAVING,0.8104079736904665
61.0,cctv2,C2_S007,G004,OCCUPIED,OCCUPIED,0.7851499137553303
61.0,cctv2,C2_S008,G006,OCCUPIED,LEAVING,0.77341003079306
61.0,cctv2,C2_S009,G005,OCCUPIED,LEAVING,0.7874616148119624
61.0,cctv2,C2_S010,G002,EMPTY,EMPTY,0.01
61.0,cctv2,C2_S011,G017,OCCUPIED,OCCUPIED,0.8091462056745183
61.0,cctv2,C2_S012,G018,OCCUPIED,LEAVING,0.7516122602603653
61.0,cctv2,C2_S013,G019,EMPTY,EMPTY,0.01
61.0,cctv2,C2_S014,G020,EMPTY,EMPTY,0.01
61.0,cctv3,C3_S001,G021,OCCUPIED,OCCUPIED,0.8105137738314543
61.0,cctv3,C3_S002,G019,EMPTY,EMPTY,0.01
61.0,cctv3,C3_S003,G020,EMPTY,EMPTY,0.01
61.0,cctv3,C3_S004,G024,OCCUPIED,OCCUPIED,0.8293085537173532
61.0,cctv3,C3_S005,G025,OCCUPIED,OCCUPIED,0.8293931757861919
61.0,cctv3,C3_S006,G026,OCCUPIED,OCCUPIED,0.826624223318967
61.0,cctv3,C3_S007,G027,OCCUPIED,LEAVING,0.7306914439187809
61.0,cctv3,C3_S008,G028,EMPTY,MANEUVERING,0.0849876169183037
61.0,cctv3,C3_S009,G029,EMPTY,MANEUVERING,0.2547614017332142
61.0,cctv3,C3_S010,G007,OCCUPIED,LEAVING,0.5245603451674635
61.0,cctv3,C3_S011,G008,OCCUPIED,OCCUPIED,0.8039447757330809
61.0,cctv3,C3_S012,G009,OCCUPIED,OCCUPIED,0.8283233726566489
62.0,cctv1,C1_S001,G001,OCCUPIED,OCCUPIED,0.6599528079886329
62.0,cctv1,C1_S002,G002,EMPTY,EMPTY,0.01
62.0,cctv1,C1_S003,G003,OCCUPIED,LEAVING,0.8214646264910699
62.0,cctv1,C1_S004,G004,OCCUPIED,OCCUPIED,0.7711276590824128
62.0,cctv1,C1_S005,G005,OCCUPIED,OCCUPIED,0.7090866519917142
62.0,cctv1,C1_S006,G006,EMPTY,EMPTY,0.01
62.0,cctv2,C2_S001,G007,OCCUPIED,OCCUPIED,0.7989471359686419
62.0,cctv2,C2_S002,G008,OCCUPIED,LEAVING,0.8069626684893262
62.0,cctv2,C2_S003,G009,EMPTY,MANEUVERING,0.390576778338714
62.0,cctv2,C2_S004,G010,OCCUPIED,OCCUPIED,0.7709064869718119
62.0,cctv2,C2_S005,G001,EMPTY,EMPTY,0.01
62.0,cctv2,C2_S006,G003,OCCUPIED,LEAVING,0.8129292794249275
62.0,cctv2,C2_S007,G004,OCCUPIED,OCCUPIED,0.7842045529322191
62.0,cctv2,C2_S008,G006,OCCUPIED,LEAVING,0.7745195862921802
62.0,cctv2,C2_S009,G005,OCCUPIED,LEAVING,0.7907860738987273
62.0,cctv2,C2_S010,G002,EMPTY,EMPTY,0.01
62.0,cctv2,C2_S011,G017,OCCUPIED,OCCUPIED,0.8083425930955194
62.0,cctv2,C2_S012,G018,OCCUPIED,LEAVING,0.753506993434646
62.0,cctv2,C2_S013,G019,EMPTY,EMPTY,0.01
62.0,cctv2,C2_S014,G020,EMPTY,EMPTY,0.01
62.0,cctv3,C3_S001,G021,OCCUPIED,OCCUPIED,0.8099181616848166
62.0,cctv3,C3_S002,G019,EMPTY,EMPTY,0.01
62.0,cctv3,C3_S003,G020,EMPTY,EMPTY,0.01
62.0,cctv3,C3_S004,G024,OCCUPIED,OCCUPIED,0.8292618247595701
62.0,cctv3,C3_S005,G025,OCCUPIED,OCCUPIED,0.8293426072055644
62.0,cctv3,C3_S006,G026,OCCUPIED,OCCUPIED,0.826646793701432
62.0,cctv3,C3_S007,G027,OCCUPIED,LEAVING,0.7318200520426036
62.0,cctv3,C3_S008,G028,EMPTY,MANEUVERING,0.0849876169183037
62.0,cctv3,C3_S009,G029,EMPTY,MANEUVERING,0.2097614017332142
62.0,cctv3,C3_S010,G007,OCCUPIED,LEAVING,0.5722309329530055
62.0,cctv3,C3_S011,G008,OCCUPIED,OCCUPIED,0.8044668010689996
62.0,cctv3,C3_S012,G009,OCCUPIED,OCCUPIED,0.828914559158412
63.0,cctv1,C1_S001,G001,OCCUPIED,OCCUPIED,0.5795973810372931
63.0,cctv1,C1_S002,G002,EMPTY,EMPTY,0.01
63.0,cctv1,C1_S003,G003,OCCUPIED,LEAVING,0.8275082383643497
63.0,cctv1,C1_S004,G004,OCCUPIED,OCCUPIED,0.7703168626536023
63.0,cctv1,C1_S005,G005,OCCUPIED,OCCUPIED,0.7065429424155842
63.0,cctv1,C1_S006,G006,EMPTY,EMPTY,0.01
63.0,cctv2,C2_S001,G007,OCCUPIED,OCCUPIED,0.7991772329265422
63.0,cctv2,C2_S002,G008,OCCUPIED,LEAVING,0.8069834637370977
63.0,cctv2,C2_S003,G009,EMPTY,MANEUVERING,0.309512904164466
63.0,cctv2,C2_S004,G010,OCCUPIED,OCCUPIED,0.7693069882013581
63.0,cctv2,C2_S005,G001,EMPTY,EMPTY,0.01
63.0,cctv2,C2_S006,G003,OCCUPIED,LEAVING,0.8116480328819969
63.0,cctv2,C2_S007,G004,OCCUPIED,OCCUPIED,0.7840471909804778
63.0,cctv2,C2_S008,G006,OCCUPIED,LEAVING,0.7738180362365463
63.0,cctv2,C2_S009,G005,OCCUPIED,LEAVING,0.7920098634606059
63.0,cctv2,C2_S010,G002,EMPTY,EMPTY,0.01
63.0,cctv2,C2_S011,G017,OCCUPIED,OCCUPIED,0.8098741848360409
63.0,cctv2,C2_S012,G018,OCCUPIED,LEAVING,0.7562178996476261
63.0,cctv2,C2_S013,G019,EMPTY,EMPTY,0.01
63.0,cctv2,C2_S014,G020,EMPTY,EMPTY,0.01
63.0,cctv3,C3_S001,G021,OCCUPIED,OCCUPIED,0.8109816591848027
63.0,cctv3,C3_S002,G019,EMPTY,EMPTY,0.01
63.0,cctv3,C3_S003,G020,EMPTY,EMPTY,0.01
63.0,cctv3,C3_S004,G024,OCCUPIED,OCCUPIED,0.8292314093221318
63.0,cctv3,C3_S005,G025,OCCUPIED,OCCUPIED,0.8292432768778368
63.0,cctv3,C3_S006,G026,OCCUPIED,OCCUPIED,0.8265076122500681
63.0,cctv3,C3_S007,G027,OCCUPIED,LEAVING,0.731907860657031
63.0,cctv3,C3_S008,G028,EMPTY,MANEUVERING,0.0849876169183037
63.0,cctv3,C3_S009,G029,EMPTY,MANEUVERING,0.1647614017332142
63.0,cctv3,C3_S010,G007,OCCUPIED,LEAVING,0.6168098227849061
63.0,cctv3,C3_S011,G008,OCCUPIED,OCCUPIED,0.8041422724723817
63.0,cctv3,C3_S012,G009,OCCUPIED,OCCUPIED,0.8289279409430245
64.0,cctv1,C1_S001,G001,OCCUPIED,OCCUPIED,0.51
64.0,cctv1,C1_S002,G002,EMPTY,EMPTY,0.01
64.0,cctv1,C1_S003,G003,OCCUPIED,LEAVING,0.8266374128786
64.0,cctv1,C1_S004,G004,OCCUPIED,OCCUPIED,0.7697602973742919
64.0,cctv1,C1_S005,G005,OCCUPIED,LEAVING,0.7021207723427902
64.0,cctv1,C1_S006,G006,EMPTY,EMPTY,0.01
64.0,cctv2,C2_S001,G007,OCCUPIED,OCCUPIED,0.7985012788664212
64.0,cctv2,C2_S002,G008,OCCUPIED,LEAVING,0.8088131919503213
64.0,cctv2,C2_S003,G009,EMPTY,MANEUVERING,0.2974743676456538
64.0,cctv2,C2_S004,G010,OCCUPIED,OCCUPIED,0.7691627706993711
64.0,cctv2,C2_S005,G001,EMPTY,EMPTY,0.01
64.0,cctv2,C2_S006,G003,OCCUPIED,LEAVING,0.8105834681879391
64.0,cctv2,C2_S007,G004,OCCUPIED,OCCUPIED,0.7833985856988214
64.0,cctv2,C2_S008,G006,OCCUPIED,LEAVING,0.772543488713828
64.0,cctv2,C2_S009,G005,OCCUPIED,LEAVING,0.7995024365457623
64.0,cctv2,C2_S010,G002,EMPTY,EMPTY,0.01
64.0,cctv2,C2_S011,G017,OCCUPIED,OCCUPIED,0.8109457858584145
64.0,cctv2,C2_S012,G018,OCCUPIED,LEAVING,0.7575788362459703
64.0,cctv2,C2_S013,G019,EMPTY,EMPTY,0.01
64.0,cctv2,C2_S014,G020,EMPTY,EMPTY,0.01
64.0,cctv3,C3_S001,G021,OCCUPIED,OCCUPIED,0.8107732897455042
64.0,cctv3,C3_S002,G019,EMPTY,EMPTY,0.01
64.0,cctv3,C3_S003,G020,EMPTY,EMPTY,0.01
64.0,cctv3,C3_S004,G024,OCCUPIED,OCCUPIED,0.8291814129460943
64.0,cctv3,C3_S005,G025,OCCUPIED,OCCUPIED,0.8292527336965908
64.0,cctv3,C3_S006,G026,OCCUPIED,OCCUPIED,0.826564987952059
64.0,cctv3,C3_S007,G027,OCCUPIED,LEAVING,0.6402837860414927
64.0,cctv3,C3_S008,G028,EMPTY,MANEUVERING,0.1833818984167142
64.0,cctv3,C3_S009,G029,EMPTY,MANEUVERING,0.1647614017332142
64.0,cctv3,C3_S010,G007,OCCUPIED,LEAVING,0.6189709618484432
64.0,cctv3,C3_S011,G008,OCCUPIED,OCCUPIED,0.8044976155866277
64.0,cctv3,C3_S012,G009,OCCUPIED,OCCUPIED,0.82895798005841
65.0,cctv1,C1_S001,G001,OCCUPIED,OCCUPIED,0.51
65.0,cctv1,C1_S002,G002,EMPTY,EMPTY,0.01
65.0,cctv1,C1_S003,G003,OCCUPIED,LEAVING,0.8269330800934271
65.0,cctv1,C1_S004,G004,OCCUPIED,OCCUPIED,0.7683967346494849
65.0,cctv1,C1_S005,G005,OCCUPIED,LEAVING,0.743525412421335
65.0,cctv1,C1_S006,G006,EMPTY,EMPTY,0.01
65.0,cctv2,C2_S001,G007,OCCUPIED,OCCUPIED,0.7998586001721296
65.0,cctv2,C2_S002,G008,OCCUPIED,LEAVING,0.8095338503068145
65.0,cctv2,C2_S003,G009,EMPTY,MANEUVERING,0.3919613921208816
65.0,cctv2,C2_S004,G010,OCCUPIED,OCCUPIED,0.7705302681435239
65.0,cctv2,C2_S005,G001,EMPTY,EMPTY,0.01
65.0,cctv2,C2_S006,G003,OCCUPIED,LEAVING,0.8118482744151896
65.0,cctv2,C2_S007,G004,OCCUPIED,OCCUPIED,0.7839439178054983
65.0,cctv2,C2_S008,G006,OCCUPIED,LEAVING,0.7720691400495443
65.0,cctv2,C2_S009,G005,OCCUPIED,LEAVING,0.7973109336061912
65.0,cctv2,C2_S010,G002,EMPTY,EMPTY,0.01
65.0,cctv2,C2_S011,G017,OCCUPIED,OCCUPIED,0.8128166494044391
65.0,cctv2,C2_S012,G018,OCCUPIED,OCCUPIED,0.7577412716367029
65.0,cctv2,C2_S013,G019,EMPTY,EMPTY,0.01
65.0,cctv2,C2_S014,G020,EMPTY,EMPTY,0.01
65.0,cctv3,C3_S001,G021,OCCUPIED,OCCUPIED,0.811108761754903
65.0,cctv3,C3_S002,G019,EMPTY,EMPTY,0.01
65.0,cctv3,C3_S003,G020,EMPTY,EMPTY,0.01
65.0,cctv3,C3_S004,G024,OCCUPIED,OCCUPIED,0.8289829148487612
65.0,cctv3,C3_S005,G025,OCCUPIED,OCCUPIED,0.8293468581004577
65.0,cctv3,C3_S006,G026,OCCUPIED,OCCUPIED,0.8267373979091645
65.0,cctv3,C3_S007,G027,OCCUPIED,LEAVING,0.6415141345391219
65.0,cctv3,C3_S008,G028,EMPTY,MANEUVERING,0.1833818984167142
65.0,cctv3,C3_S009,G029,EMPTY,MANEUVERING,0.1647614017332142
65.0,cctv3,C3_S010,G007,OCCUPIED,LEAVING,0.6219545667787845
65.0,cctv3,C3_S011,G008,OCCUPIED,OCCUPIED,0.8055864575234327
65.0,cctv3,C3_S012,G009,OCCUPIED,OCCUPIED,0.8290189068425786
66.0,cctv1,C1_S001,G001,OCCUPIED,OCCUPIED,0.5403613979284737
66.0,cctv1,C1_S002,G002,EMPTY,EMPTY,0.01
66.0,cctv1,C1_S003,G003,OCCUPIED,LEAVING,0.8273097557100384
66.0,cctv1,C1_S004,G004,OCCUPIED,OCCUPIED,0.765988399494778
66.0,cctv1,C1_S005,G005,OCCUPIED,LEAVING,0.7390078424323689
66.0,cctv1,C1_S006,G006,EMPTY,EMPTY,0.01
66.0,cctv2,C2_S001,G007,OCCUPIED,OCCUPIED,0.7969299018383027
66.0,cctv2,C2_S002,G008,OCCUPIED,LEAVING,0.8064953374591741
66.0,cctv2,C2_S003,G009,EMPTY,MANEUVERING,0.3469613921208815
66.0,cctv2,C2_S004,G010,OCCUPIED,OCCUPIED,0.7688726345246489
66.0,cctv2,C2_S005,G001,EMPTY,EMPTY,0.01
66.0,cctv2,C2_S006,G003,OCCUPIED,LEAVING,0.8130274759097533
66.0,cctv2,C2_S007,G004,OCCUPIED,OCCUPIED,0.7840150337327612
66.0,cctv2,C2_S008,G006,OCCUPIED,LEAVING,0.7742285983128981
66.0,cctv2,C2_S009,G005,OCCUPIED,OCCUPIED,0.7940421734343877
66.0,cctv2,C2_S010,G002,EMPTY,EMPTY,0.01
66.0,cctv2,C2_S011,G017,OCCUPIED,OCCUPIED,0.8139252462170341
66.0,cctv2,C2_S012,G018,OCCUPIED,OCCUPIED,0.7595084942199968
66.0,cctv2,C2_S013,G019,EMPTY,EMPTY,0.01
66.0,cctv2,C2_S014,G020,EMPTY,EMPTY,0.01
66.0,cctv3,C3_S001,G021,OCCUPIED,OCCUPIED,0.8105125164443797
66.0,cctv3,C3_S002,G019,EMPTY,EMPTY,0.01
66.0,cctv3,C3_S003,G020,EMPTY,EMPTY,0.01
66.0,cctv3,C3_S004,G024,OCCUPIED,OCCUPIED,0.8289255952293223
66.0,cctv3,C3_S005,G025,OCCUPIED,OCCUPIED,0.8293719782070681
66.0,cctv3,C3_S006,G026,OCCUPIED,OCCUPIED,0.8268598960204558
66.0,cctv3,C3_S007,G027,OCCUPIED,LEAVING,0.641707627309317
66.0,cctv3,C3_S008,G028,EMPTY,MANEUVERING,0.1833818984167142
66.0,cctv3,C3_S009,G029,EMPTY,MANEUVERING,0.1647614017332142
66.0,cctv3,C3_S010,G007,OCCUPIED,LEAVING,0.6230237327312882
66.0,cctv3,C3_S011,G008,OCCUPIED,OCCUPIED,0.8055976309559563
66.0,cctv3,C3_S012,G009,OCCUPIED,OCCUPIED,0.8289984066377987
67.0,cctv1,C1_S001,G001,OCCUPIED,OCCUPIED,0.51
67.0,cctv1,C1_S002,G002,EMPTY,EMPTY,0.01
67.0,cctv1,C1_S003,G003,OCCUPIED,LEAVING,0.8274419341575017
67.0,cctv1,C1_S004,G004,OCCUPIED,OCCUPIED,0.7674053999510679
67.0,cctv1,C1_S005,G005,OCCUPIED,LEAVING,0.7360089682448995
67.0,cctv1,C1_S006,G006,EMPTY,EMPTY,0.01
67.0,cctv2,C2_S001,G007,OCCUPIED,OCCUPIED,0.7969459633935583
67.0,cctv2,C2_S002,G008,OCCUPIED,LEAVING,0.8084524795413018
67.0,cctv2,C2_S003,G009,EMPTY,MANEUVERING,0.3469613921208815
67.0,cctv2,C2_S004,G010,OCCUPIED,OCCUPIED,0.766472854803909
67.0,cctv2,C2_S005,G001,EMPTY,EMPTY,0.01
67.0,cctv2,C2_S006,G003,OCCUPIED,LEAVING,0.8152565809813413
67.0,cctv2,C2_S007,G004,OCCUPIED,OCCUPIED,0.7853245881470767
67.0,cctv2,C2_S008,G006,OCCUPIED,LEAVING,0.7762924573638224
67.0,cctv2,C2_S009,G005,OCCUPIED,OCCUPIED,0.7954224698922852
67.0,cctv2,C2_S010,G002,EMPTY,EMPTY,0.01
67.0,cctv2,C2_S011,G017,OCCUPIED,OCCUPIED,0.8124677988615904
67.0,cctv2,C2_S012,G018,OCCUPIED,OCCUPIED,0.7600248454646631
67.0,cctv2,C2_S013,G019,EMPTY,EMPTY,0.01
67.0,cctv2,C2_S014,G020,EMPTY,EMPTY,0.01
67.0,cctv3,C3_S001,G021,OCCUPIED,OCCUPIED,0.8108173893256622
67.0,cctv3,C3_S002,G019,EMPTY,EMPTY,0.01
67.0,cctv3,C3_S003,G020,EMPTY,EMPTY,0.01
67.0,cctv3,C3_S004,G024,OCCUPIED,OCCUPIED,0.8290045822208578
67.0,cctv3,C3_S005,G025,OCCUPIED,OCCUPIED,0.8296173605051909
67.0,cctv3,C3_S006,G026,OCCUPIED,OCCUPIED,0.8269541447812861
67.0,cctv3,C3_S007,G027,OCCUPIED,LEAVING,0.5636508026086924
67.0,cctv3,C3_S008,G028,EMPTY,MANEUVERING,0.153139816278761
67.0,cctv3,C3_S009,G029,EMPTY,MANEUVERING,0.1219716530428691
67.0,cctv3,C3_S010,G007,OCCUPIED,LEAVING,0.6688798469666279
67.0,cctv3,C3_S011,G008,OCCUPIED,OCCUPIED,0.8055795829404485
67.0,cctv3,C3_S012,G009,OCCUPIED,OCCUPIED,0.8290365167639473
68.0,cctv1,C1_S001,G001,OCCUPIED,OCCUPIED,0.5447152337354498
68.0,cctv1,C1_S002,G002,EMPTY,EMPTY,0.01
68.0,cctv1,C1_S003,G003,OCCUPIED,LEAVING,0.8273943915963173
68.0,cctv1,C1_S004,G004,OCCUPIED,OCCUPIED,0.7664025163108653
68.0,cctv1,C1_S005,G005,OCCUPIED,LEAVING,0.7309537168253553
68.0,cctv1,C1_S006,G006,EMPTY,EMPTY,0.01
68.0,cctv2,C2_S001,G007,OCCUPIED,OCCUPIED,0.7989570455117659
68.0,cctv2,C2_S002,G008,OCCUPIED,LEAVING,0.8066895383325491
68.0,cctv2,C2_S003,G009,EMPTY,MANEUVERING,0.3019613921208816
68.0,cctv2,C2_S004,G010,OCCUPIED,OCCUPIED,0.7646444746039132
68.0,cctv2,C2_S005,G001,EMPTY,EMPTY,0.01
68.0,cctv2,C2_S006,G003,OCCUPIED,LEAVING,0.8172841790047559
68.0,cctv2,C2_S007,G004,OCCUPIED,OCCUPIED,0.7912639512934468
68.0,cctv2,C2_S008,G006,OCCUPIED,OCCUPIED,0.7714742305603894
68.0,cctv2,C2_S009,G005,OCCUPIED,OCCUPIED,0.7940445321527395
68.0,cctv2,C2_S010,G002,EMPTY,EMPTY,0.01
68.0,cctv2,C2_S011,G017,OCCUPIED,OCCUPIED,0.8118954154578123
68.0,cctv2,C2_S012,G018,OCCUPIED,OCCUPIED,0.7601785909045827
68.0,cctv2,C2_S013,G019,EMPTY,EMPTY,0.01
68.0,cctv2,C2_S014,G020,EMPTY,EMPTY,0.01
68.0,cctv3,C3_S001,G021,OCCUPIED,OCCUPIED,0.8112839035012506
68.0,cctv3,C3_S002,G019,EMPTY,EMPTY,0.01
68.0,cctv3,C3_S003,G020,EMPTY,EMPTY,0.01
68.0,cctv3,C3_S004,G024,OCCUPIED,OCCUPIED,0.8290225489573047
68.0,cctv3,C3_S005,G025,OCCUPIED,OCCUPIED,0.8297962638464842
68.0,cctv3,C3_S006,G026,OCCUPIED,OCCUPIED,0.8268969503316013
68.0,cctv3,C3_S007,G027,OCCUPIED,LEAVING,0.6060613095182362
68.0,cctv3,C3_S008,G028,EMPTY,MANEUVERING,0.0983216344605792
68.0,cctv3,C3_S009,G029,EMPTY,MANEUVERING,0.2007748381522568
68.0,cctv3,C3_S010,G007,OCCUPIED,LEAVING,0.5891531844335525
68.0,cctv3,C3_S011,G008,OCCUPIED,OCCUPIED,0.8042168866504323
68.0,cctv3,C3_S012,G009,OCCUPIED,OCCUPIED,0.8288390419699929
69.0,cctv1,C1_S001,G001,OCCUPIED,OCCUPIED,0.5400086836652322
69.0,cctv1,C1_S002,G002,EMPTY,EMPTY,0.01
69.0,cctv1,C1_S003,G003,OCCUPIED,LEAVING,0.8275351653044875
69.0,cctv1,C1_S004,G004,OCCUPIED,OCCUPIED,0.7673488146879457
69.0,cctv1,C1_S005,G005,OCCUPIED,LEAVING,0.7292993446100843
69.0,cctv1,C1_S006,G006,EMPTY,EMPTY,0.01
69.0,cctv2,C2_S001,G007,OCCUPIED,OCCUPIED,0.7986736823212017
69.0,cctv2,C2_S002,G008,OCCUPIED,LEAVING,0.8075414440848612
69.0,cctv2,C2_S003,G009,EMPTY,MANEUVERING,0.2569613921208815
69.0,cctv2,C2_S004,G010,OCCUPIED,OCCUPIED,0.7621932848610662
69.0,cctv2,C2_S005,G001,EMPTY,EMPTY,0.01
69.0,cctv2,C2_S006,G003,OCCUPIED,LEAVING,0.8161581169475209
69.0,cctv2,C2_S007,G004,OCCUPIED,OCCUPIED,0.7916083054786379
69.0,cctv2,C2_S008,G006,OCCUPIED,OCCUPIED,0.7705127886750482
69.0,cctv2,C2_S009,G005,OCCUPIED,OCCUPIED,0.7949420122937724
69.0,cctv2,C2_S010,G002,EMPTY,EMPTY,0.01
69.0,cctv2,C2_S011,G017,OCCUPIED,OCCUPIED,0.8114740867506375
69.0,cctv2,C2_S012,G018,OCCUPIED,OCCUPIED,0.7592968939380212
69.0,cctv2,C2_S013,G019,EMPTY,EMPTY,0.01
69.0,cctv2,C2_S014,G020,EMPTY,EMPTY,0.01
69.0,cctv3,C3_S001,G021,OCCUPIED,OCCUPIED,0.8112490640445189
69.0,cctv3,C3_S002,G019,EMPTY,EMPTY,0.01
69.0,cctv3,C3_S003,G020,EMPTY,EMPTY,0.01
69.0,cctv3,C3_S004,G024,OCCUPIED,OCCUPIED,0.8293185258453544
69.0,cctv3,C3_S005,G025,OCCUPIED,OCCUPIED,0.8298321786251935
69.0,cctv3,C3_S006,G026,OCCUPIED,OCCUPIED,0.8269292685118589
69.0,cctv3,C3_S007,G027,OCCUPIED,LEAVING,0.5940442258336328
69.0,cctv3,C3_S008,G028,EMPTY,MANEUVERING,0.0983216344605792
69.0,cctv3,C3_S009,G029,EMPTY,MANEUVERING,0.2474940713914958
69.0,cctv3,C3_S010,G007,OCCUPIED,LEAVING,0.5441531844335524
69.0,cctv3,C3_S011,G008,OCCUPIED,OCCUPIED,0.8038708581165834
69.0,cctv3,C3_S012,G009,OCCUPIED,OCCUPIED,0.8288560195402666
70.0,cctv1,C1_S001,G001,OCCUPIED,OCCUPIED,0.5371955290465773
70.0,cctv1,C1_S002,G002,EMPTY,EMPTY,0.01
70.0,cctv1,C1_S003,G003,OCCUPIED,LEAVING,0.8276420838453553
70.0,cctv1,C1_S004,G004,OCCUPIED,OCCUPIED,0.7665424565022643
70.0,cctv1,C1_S005,G005,OCCUPIED,LEAVING,0.7227481916953218
70.0,cctv1,C1_S006,G006,EMPTY,EMPTY,0.01
70.0,cctv2,C2_S001,G007,OCCUPIED,OCCUPIED,0.7990644346583974
70.0,cctv2,C2_S002,G008,OCCUPIED,LEAVING,0.8074846877293154
70.0,cctv2,C2_S003,G009,EMPTY,MANEUVERING,0.2193201614889231
70.0,cctv2,C2_S004,G010,OCCUPIED,OCCUPIED,0.7581280299208382
70.0,cctv2,C2_S005,G001,EMPTY,EMPTY,0.01
70.0,cctv2,C2_S006,G003,OCCUPIED,LEAVING,0.8229849948124452
70.0,cctv2,C2_S007,G004,OCCUPIED,OCCUPIED,0.7972356151450765
70.0,cctv2,C2_S008,G006,OCCUPIED,OCCUPIED,0.7703411606225101
70.0,cctv2,C2_S009,G005,OCCUPIED,OCCUPIED,0.7943659103729509
70.0,cctv2,C2_S010,G002,EMPTY,EMPTY,0.01
70.0,cctv2,C2_S011,G017,OCCUPIED,OCCUPIED,0.8107686804099516
70.0,cctv2,C2_S012,G018,OCCUPIED,OCCUPIED,0.7595553373748607
70.0,cctv2,C2_S013,G019,EMPTY,EMPTY,0.01
70.0,cctv2,C2_S014,G020,EMPTY,EMPTY,0.01
70.0,cctv3,C3_S001,G021,OCCUPIED,OCCUPIED,0.810369930213148
70.0,cctv3,C3_S002,G019,EMPTY,EMPTY,0.01
70.0,cctv3,C3_S003,G020,EMPTY,EMPTY,0.01
70.0,cctv3,C3_S004,G024,OCCUPIED,OCCUPIED,0.8294231141155417
70.0,cctv3,C3_S005,G025,OCCUPIED,OCCUPIED,0.8297509962862188
70.0,cctv3,C3_S006,G026,OCCUPIED,OCCUPIED,0.8268464540893382
70.0,cctv3,C3_S007,G027,OCCUPIED,LEAVING,0.5788076831915162
70.0,cctv3,C3_S008,G028,EMPTY,MANEUVERING,0.1755669422826984
70.0,cctv3,C3_S009,G029,EMPTY,MANEUVERING,0.3033965472253885
70.0,cctv3,C3_S010,G007,OCCUPIED,LEAVING,0.51
70.0,cctv3,C3_S011,G008,OCCUPIED,OCCUPIED,0.8031149246475914
70.0,cctv3,C3_S012,G009,OCCUPIED,OCCUPIED,0.829107173464515
71.0,cctv1,C1_S001,G001,OCCUPIED,OCCUPIED,0.5768163272554612
71.0,cctv1,C1_S002,G002,EMPTY,EMPTY,0.01
71.0,cctv1,C1_S003,G003,OCCUPIED,LEAVING,0.827415077930147
71.0,cctv1,C1_S004,G004,OCCUPIED,OCCUPIED,0.7672540018504317
71.0,cctv1,C1_S005,G005,OCCUPIED,LEAVING,0.7191449018229138
71.0,cctv1,C1_S006,G006,EMPTY,EMPTY,0.01
71.0,cctv2,C2_S001,G007,OCCUPIED,OCCUPIED,0.800954667004672
71.0,cctv2,C2_S002,G008,OCCUPIED,LEAVING,0.8038899001750079
71.0,cctv2,C2_S003,G009,EMPTY,MANEUVERING,0.2193201614889231
71.0,cctv2,C2_S004,G010,OCCUPIED,OCCUPIED,0.756481528078968
71.0,cctv2,C2_S005,G001,EMPTY,EMPTY,0.01
71.0,cctv2,C2_S006,G003,OCCUPIED,OCCUPIED,0.8216533544388684
71.0,cctv2,C2_S007,G004,OCCUPIED,OCCUPIED,0.79618428430774
71.0,cctv2,C2_S008,G006,OCCUPIED,OCCUPIED,0.7734761687842283
71.0,cctv2,C2_S009,G005,OCCUPIED,OCCUPIED,0.7991144582629205
71.0,cctv2,C2_S010,G002,EMPTY,EMPTY,0.01
71.0,cctv2,C2_S011,G017,OCCUPIED,OCCUPIED,0.8092673773115332
71.0,cctv2,C2_S012,G018,OCCUPIED,OCCUPIED,0.7596979146653956
71.0,cctv2,C2_S013,G019,EMPTY,EMPTY,0.01
71.0,cctv2,C2_S014,G020,EMPTY,EMPTY,0.01
71.0,cctv3,C3_S001,G021,OCCUPIED,OCCUPIED,0.8103912147608671
71.0,cctv3,C3_S002,G019,EMPTY,EMPTY,0.01
71.0,cctv3,C3_S003,G020,EMPTY,EMPTY,0.01
71.0,cctv3,C3_S004,G024,OCCUPIED,OCCUPIED,0.8295453001152386
71.0,cctv3,C3_S005,G025,OCCUPIED,OCCUPIED,0.829988644881682
71.0,cctv3,C3_S006,G026,OCCUPIED,OCCUPIED,0.827042116360231
71.0,cctv3,C3_S007,G027,OCCUPIED,LEAVING,0.6089612268724226
71.0,cctv3,C3_S008,G028,EMPTY,MANEUVERING,0.3095111441883174
71.0,cctv3,C3_S009,G029,EMPTY,MANEUVERING,0.3958842054171995
71.0,cctv3,C3_S010,G007,OCCUPIED,OCCUPIED,0.51
71.0,cctv3,C3_S011,G008,OCCUPIED,OCCUPIED,0.8037349579009143
71.0,cctv3,C3_S012,G009,OCCUPIED,OCCUPIED,0.8293348564343019
72.0,cctv1,C1_S001,G001,OCCUPIED,OCCUPIED,0.575863470587057
72.0,cctv1,C1_S002,G002,EMPTY,EMPTY,0.01
72.0,cctv1,C1_S003,G003,OCCUPIED,LEAVING,0.8273940746079792
72.0,cctv1,C1_S004,G004,OCCUPIED,OCCUPIED,0.7690708985382861
72.0,cctv1,C1_S005,G005,OCCUPIED,LEAVING,0.757081984254447
72.0,cctv1,C1_S006,G006,EMPTY,EMPTY,0.01
72.0,cctv2,C2_S001,G007,OCCUPIED,OCCUPIED,0.7993297465822914
72.0,cctv2,C2_S002,G008,OCCUPIED,LEAVING,0.8001057600433177
72.0,cctv2,C2_S003,G009,EMPTY,MANEUVERING,0.2193201614889231
72.0,cctv2,C2_S004,G010,OCCUPIED,OCCUPIED,0.7531099809841677
72.0,cctv2,C2_S005,G001,EMPTY,EMPTY,0.01
72.0,cctv2,C2_S006,G003,OCCUPIED,OCCUPIED,0.8235382475636223
72.0,cctv2,C2_S007,G004,OCCUPIED,OCCUPIED,0.7959328012032942
72.0,cctv2,C2_S008,G006,OCCUPIED,OCCUPIED,0.7738056907599623
72.0,cctv2,C2_S009,G005,OCCUPIED,OCCUPIED,0.8030426374890588
72.0,cctv2,C2_S010,G002,EMPTY,EMPTY,0.01
72.0,cctv2,C2_S011,G017,OCCUPIED,OCCUPIED,0.8090062894604424
72.0,cctv2,C2_S012,G018,OCCUPIED,OCCUPIED,0.7586194370280613
72.0,cctv2,C2_S013,G019,EMPTY,EMPTY,0.01
72.0,cctv2,C2_S014,G020,EMPTY,EMPTY,0.01
72.0,cctv3,C3_S001,G021,OCCUPIED,OCCUPIED,0.8101339226419276
72.0,cctv3,C3_S002,G019,EMPTY,EMPTY,0.01
72.0,cctv3,C3_S003,G020,EMPTY,EMPTY,0.01
72.0,cctv3,C3_S004,G024,OCCUPIED,OCCUPIED,0.8295530191876672
72.0,cctv3,C3_S005,G025,OCCUPIED,OCCUPIED,0.8299143436280164
72.0,cctv3,C3_S006,G026,OCCUPIED,OCCUPIED,0.8272070909088309
72.0,cctv3,C3_S007,G027,OCCUPIED,LEAVING,0.5966828915594203
72.0,cctv3,C3_S008,G028,EMPTY,MANEUVERING,0.2975111441883173
72.0,cctv3,C3_S009,G029,EMPTY,MANEUVERING,0.443753963058645
72.0,cctv3,C3_S010,G007,OCCUPIED,OCCUPIED,0.51
72.0,cctv3,C3_S011,G008,OCCUPIED,OCCUPIED,0.8023938509550962
72.0,cctv3,C3_S012,G009,OCCUPIED,OCCUPIED,0.8294130834666166
73.0,cctv1,C1_S001,G001,OCCUPIED,OCCUPIED,0.6114856616974893
73.0,cctv1,C1_S002,G002,EMPTY,EMPTY,0.01
73.0,cctv1,C1_S003,G003,OCCUPIED,LEAVING,0.8367769607088783
73.0,cctv1,C1_S004,G004,OCCUPIED,OCCUPIED,0.7703938574953513
73.0,cctv1,C1_S005,G005,OCCUPIED,LEAVING,0.7561318974603307
73.0,cctv1,C1_S006,G006,EMPTY,EMPTY,0.01
73.0,cctv2,C2_S001,G007,OCCUPIED,OCCUPIED,0.7996632134372539
73.0,cctv2,C2_S002,G008,OCCUPIED,LEAVING,0.8006858568299902
73.0,cctv2,C2_S003,G009,EMPTY,MANEUVERING,0.1826404647908427
73.0,cctv2,C2_S004,G010,OCCUPIED,OCCUPIED,0.7476539807563479
73.0,cctv2,C2_S005,G001,EMPTY,EMPTY,0.01
73.0,cctv2,C2_S006,G003,OCCUPIED,OCCUPIED,0.8237036138772965
73.0,cctv2,C2_S007,G004,OCCUPIED,OCCUPIED,0.7967326334931635
73.0,cctv2,C2_S008,G006,OCCUPIED,OCCUPIED,0.7740662787448277
73.0,cctv2,C2_S009,G005,OCCUPIED,OCCUPIED,0.8029337544332852
73.0,cctv2,C2_S010,G002,EMPTY,EMPTY,0.01
73.0,cctv2,C2_S011,G017,OCCUPIED,OCCUPIED,0.8087723593820226
73.0,cctv2,C2_S012,G018,OCCUPIED,OCCUPIED,0.7590904406525872
73.0,cctv2,C2_S013,G019,EMPTY,EMPTY,0.01
73.0,cctv2,C2_S014,G020,EMPTY,EMPTY,0.01
73.0,cctv3,C3_S001,G021,OCCUPIED,OCCUPIED,0.81059158959172
73.0,cctv3,C3_S002,G019,EMPTY,EMPTY,0.01
73.0,cctv3,C3_S003,G020,EMPTY,EMPTY,0.01
73.0,cctv3,C3_S004,G024,OCCUPIED,OCCUPIED,0.8295581324533983
73.0,cctv3,C3_S005,G025,OCCUPIED,OCCUPIED,0.829925947026773
73.0,cctv3,C3_S006,G026,OCCUPIED,OCCUPIED,0.8271855600855568
73.0,cctv3,C3_S007,G027,OCCUPIED,OCCUPIED,0.626247653893449
73.0,cctv3,C3_S008,G028,EMPTY,MANEUVERING,0.2895111441883173
73.0,cctv3,C3_S009,G029,EMPTY,MANEUVERING,0.3987539630586451
73.0,cctv3,C3_S010,G007,OCCUPIED,LEAVING,0.51
73.0,cctv3,C3_S011,G008,OCCUPIED,OCCUPIED,0.8024267860434273
73.0,cctv3,C3_S012,G009,OCCUPIED,OCCUPIED,0.8291842983527618
74.0,cctv1,C1_S001,G001,OCCUPIED,OCCUPIED,0.6470617638844433
74.0,cctv1,C1_S002,G002,EMPTY,EMPTY,0.01
74.0,cctv1,C1_S003,G003,OCCUPIED,LEAVING,0.8368619200858204
74.0,cctv1,C1_S004,G004,OCCUPIED,OCCUPIED,0.7706775835969232
74.0,cctv1,C1_S005,G005,OCCUPIED,LEAVING,0.7544033645228907
74.0,cctv1,C1_S006,G006,EMPTY,EMPTY,0.01
74.0,cctv2,C2_S001,G007,OCCUPIED,OCCUPIED,0.7993590850721707
74.0,cctv2,C2_S002,G008,OCCUPIED,LEAVING,0.8004398738796061
74.0,cctv2,C2_S003,G009,EMPTY,MANEUVERING,0.2686725030812349
74.0,cctv2,C2_S004,G010,OCCUPIED,OCCUPIED,0.7472272705625405
74.0,cctv2,C2_S005,G001,EMPTY,EMPTY,0.01
74.0,cctv2,C2_S006,G003,OCCUPIED,OCCUPIED,0.8237363067540256
74.0,cctv2,C2_S007,G004,OCCUPIED,OCCUPIED,0.7965546599843286
74.0,cctv2,C2_S008,G006,OCCUPIED,OCCUPIED,0.7751212000846863
74.0,cctv2,C2_S009,G005,OCCUPIED,OCCUPIED,0.8034839746626942
74.0,cctv2,C2_S010,G002,EMPTY,EMPTY,0.01
74.0,cctv2,C2_S011,G017,OCCUPIED,OCCUPIED,0.8065924687819048
74.0,cctv2,C2_S012,G018,OCCUPIED,OCCUPIED,0.757641665366563
74.0,cctv2,C2_S013,G019,EMPTY,EMPTY,0.01
74.0,cctv2,C2_S014,G020,EMPTY,EMPTY,0.01
74.0,cctv3,C3_S001,G021,OCCUPIED,OCCUPIED,0.8091979714957152
74.0,cctv3,C3_S002,G019,EMPTY,EMPTY,0.01
74.0,cctv3,C3_S003,G020,EMPTY,EMPTY,0.01
74.0,cctv3,C3_S004,G024,OCCUPIED,OCCUPIED,0.829660065336661
74.0,cctv3,C3_S005,G025,OCCUPIED,OCCUPIED,0.8299061084335502
74.0,cctv3,C3_S006,G026,OCCUPIED,OCCUPIED,0.8274028108878569
74.0,cctv3,C3_S007,G027,OCCUPIED,OCCUPIED,0.6316181256122146
74.0,cctv3,C3_S008,G028,EMPTY,MANEUVERING,0.2387968584740316
74.0,cctv3,C3_S009,G029,EMPTY,MANEUVERING,0.4476123263930732
74.0,cctv3,C3_S010,G007,OCCUPIED,LEAVING,0.51
74.0,cctv3,C3_S011,G008,OCCUPIED,OCCUPIED,0.8031066935170781
74.0,cctv3,C3_S012,G009,OCCUPIED,OCCUPIED,0.8290873511271044
75.0,cctv1,C1_S001,G001,OCCUPIED,OCCUPIED,0.6840241276134145
75.0,cctv1,C1_S002,G002,EMPTY,EMPTY,0.01
75.0,cctv1,C1_S003,G003,OCCUPIED,OCCUPIED,0.8372699783606963
75.0,cctv1,C1_S004,G004,OCCUPIED,OCCUPIED,0.7693491208282385
75.0,cctv1,C1_S005,G005,OCCUPIED,LEAVING,0.755211213366552
75.0,cctv1,C1_S006,G006,EMPTY,EMPTY,0.01
75.0,cctv2,C2_S001,G007,OCCUPIED,OCCUPIED,0.80013908283277
75.0,cctv2,C2_S002,G008,OCCUPIED,LEAVING,0.7965188207951459
75.0,cctv2,C2_S003,G009,EMPTY,MANEUVERING,0.2371249771497466
75.0,cctv2,C2_S004,G010,OCCUPIED,OCCUPIED,0.7436229587278583
75.0,cctv2,C2_S005,G001,EMPTY,EMPTY,0.01
75.0,cctv2,C2_S006,G003,OCCUPIED,OCCUPIED,0.8235415474935012
75.0,cctv2,C2_S007,G004,OCCUPIED,OCCUPIED,0.7962174347855828
75.0,cctv2,C2_S008,G006,OCCUPIED,OCCUPIED,0.7749581843614579
75.0,cctv2,C2_S009,G005,OCCUPIED,OCCUPIED,0.802727114612406
75.0,cctv2,C2_S010,G002,EMPTY,EMPTY,0.01
75.0,cctv2,C2_S011,G017,OCCUPIED,OCCUPIED,0.8058936606753957
75.0,cctv2,C2_S012,G018,OCCUPIED,OCCUPIED,0.7580939874053002
75.0,cctv2,C2_S013,G019,EMPTY,EMPTY,0.01
75.0,cctv2,C2_S014,G020,EMPTY,EMPTY,0.01
75.0,cctv3,C3_S001,G021,OCCUPIED,OCCUPIED,0.8091590225696564
75.0,cctv3,C3_S002,G019,EMPTY,EMPTY,0.01
75.0,cctv3,C3_S003,G020,EMPTY,EMPTY,0.01
75.0,cctv3,C3_S004,G024,OCCUPIED,OCCUPIED,0.8298089767044241
75.0,cctv3,C3_S005,G025,OCCUPIED,OCCUPIED,0.8300790800289675
75.0,cctv3,C3_S006,G026,OCCUPIED,OCCUPIED,0.8274783849716187
75.0,cctv3,C3_S007,G027,OCCUPIED,OCCUPIED,0.6736746343631637
75.0,cctv3,C3_S008,G028,EMPTY,MANEUVERING,0.1533786263249137
75.0,cctv3,C3_S009,G029,EMPTY,MANEUVERING,0.49
75.0,cctv3,C3_S010,G007,OCCUPIED,LEAVING,0.51
75.0,cctv3,C3_S011,G008,OCCUPIED,OCCUPIED,0.8030447052283721
75.0,cctv3,C3_S012,G009,OCCUPIED,OCCUPIED,0.8290478243069216
76.0,cctv1,C1_S001,G001,OCCUPIED,OCCUPIED,0.6815155134011399
76.0,cctv1,C1_S002,G002,EMPTY,EMPTY,0.01
76.0,cctv1,C1_S003,G003,OCCUPIED,OCCUPIED,0.8373102732680061
76.0,cctv1,C1_S004,G004,OCCUPIED,OCCUPIED,0.7694791482253509
76.0,cctv1,C1_S005,G005,OCCUPIED,LEAVING,0.7565783206712117
76.0,cctv1,C1_S006,G006,EMPTY,EMPTY,0.01
76.0,cctv2,C2_S001,G007,OCCUPIED,OCCUPIED,0.7992836312814193
76.0,cctv2,C2_S002,G008,OCCUPIED,LEAVING,0.7930730055678975
76.0,cctv2,C2_S003,G009,EMPTY,MANEUVERING,0.2532820342074741
76.0,cctv2,C2_S004,G010,OCCUPIED,OCCUPIED,0.7406505749306896
76.0,cctv2,C2_S005,G001,EMPTY,EMPTY,0.01
76.0,cctv2,C2_S006,G003,OCCUPIED,OCCUPIED,0.8236118668859655
76.0,cctv2,C2_S007,G004,OCCUPIED,OCCUPIED,0.7952796467325904
76.0,cctv2,C2_S008,G006,OCCUPIED,OCCUPIED,0.7741817384958268
76.0,cctv2,C2_S009,G005,OCCUPIED,OCCUPIED,0.8027390528808941
76.0,cctv2,C2_S010,G002,EMPTY,EMPTY,0.01
76.0,cctv2,C2_S011,G017,OCCUPIED,OCCUPIED,0.8047102017836137
76.0,cctv2,C2_S012,G018,OCCUPIED,OCCUPIED,0.7592808693647385
76.0,cctv2,C2_S013,G019,EMPTY,EMPTY,0.01
76.0,cctv2,C2_S014,G020,EMPTY,EMPTY,0.01
76.0,cctv3,C3_S001,G021,OCCUPIED,OCCUPIED,0.8088587387041613
76.0,cctv3,C3_S002,G019,EMPTY,EMPTY,0.01
76.0,cctv3,C3_S003,G020,EMPTY,EMPTY,0.01
76.0,cctv3,C3_S004,G024,OCCUPIED,OCCUPIED,0.8300469179045071
76.0,cctv3,C3_S005,G025,OCCUPIED,OCCUPIED,0.8301229333335703
76.0,cctv3,C3_S006,G026,OCCUPIED,OCCUPIED,0.8275104300542312
76.0,cctv3,C3_S007,G027,OCCUPIED,OCCUPIED,0.676061218545744
76.0,cctv3,C3_S008,G028,EMPTY,MANEUVERING,0.1500452929915803
76.0,cctv3,C3_S009,G029,EMPTY,MANEUVERING,0.49
76.0,cctv3,C3_S010,G007,OCCUPIED,LEAVING,0.51
76.0,cctv3,C3_S011,G008,OCCUPIED,OCCUPIED,0.8020192715254697
76.0,cctv3,C3_S012,G009,OCCUPIED,OCCUPIED,0.8288079738616944
77.0,cctv1,C1_S001,G001,OCCUPIED,OCCUPIED,0.6815984402630817
77.0,cctv1,C1_S002,G002,EMPTY,EMPTY,0.01
77.0,cctv1,C1_S003,G003,OCCUPIED,OCCUPIED,0.8369492820718072
77.0,cctv1,C1_S004,G004,OCCUPIED,OCCUPIED,0.77109876844016
77.0,cctv1,C1_S005,G005,OCCUPIED,OCCUPIED,0.7582315054806796
77.0,cctv1,C1_S006,G006,EMPTY,EMPTY,0.01
77.0,cctv2,C2_S001,G007,OCCUPIED,OCCUPIED,0.8022330882874402
77.0,cctv2,C2_S002,G008,OCCUPIED,LEAVING,0.7929477472196926
77.0,cctv2,C2_S003,G009,EMPTY,MANEUVERING,0.2532820342074741
77.0,cctv2,C2_S004,G010,OCCUPIED,OCCUPIED,0.7397682441906496
77.0,cctv2,C2_S005,G001,EMPTY,EMPTY,0.01
77.0,cctv2,C2_S006,G003,OCCUPIED,OCCUPIED,0.8234970301389695
77.0,cctv2,C2_S007,G004,OCCUPIED,OCCUPIED,0.7952450332316486
77.0,cctv2,C2_S008,G006,OCCUPIED,OCCUPIED,0.7737002210183578
77.0,cctv2,C2_S009,G005,OCCUPIED,OCCUPIED,0.8033132926984268
77.0,cctv2,C2_S010,G002,EMPTY,EMPTY,0.01
77.0,cctv2,C2_S011,G017,OCCUPIED,OCCUPIED,0.8047563122077422
77.0,cctv2,C2_S012,G018,OCCUPIED,OCCUPIED,0.7596019200303339
77.0,cctv2,C2_S013,G019,EMPTY,EMPTY,0.01
77.0,cctv2,C2_S014,G020,EMPTY,EMPTY,0.01
77.0,cctv3,C3_S001,G021,OCCUPIED,OCCUPIED,0.8100979460911318
77.0,cctv3,C3_S002,G019,EMPTY,EMPTY,0.01
77.0,cctv3,C3_S003,G020,EMPTY,EMPTY,0.01
77.0,cctv3,C3_S004,G024,OCCUPIED,OCCUPIED,0.830151183496822
77.0,cctv3,C3_S005,G025,OCCUPIED,OCCUPIED,0.8303042563525114
77.0,cctv3,C3_S006,G026,OCCUPIED,OCCUPIED,0.827626440470869
77.0,cctv3,C3_S007,G027,OCCUPIED,OCCUPIED,0.6773072140921246
77.0,cctv3,C3_S008,G028,EMPTY,MANEUVERING,0.1473786263249137
77.0,cctv3,C3_S009,G029,EMPTY,MANEUVERING,0.49
77.0,cctv3,C3_S010,G007,OCCUPIED,OCCUPIED,0.51
77.0,cctv3,C3_S011,G008,OCCUPIED,OCCUPIED,0.801563222841783
77.0,cctv3,C3_S012,G009,OCCUPIED,OCCUPIED,0.8284710493954746
78.0,cctv1,C1_S001,G001,OCCUPIED,OCCUPIED,0.7191376418891279
78.0,cctv1,C1_S002,G002,EMPTY,EMPTY,0.01
78.0,cctv1,C1_S003,G003,OCCUPIED,OCCUPIED,0.8368442475795747
78.0,cctv1,C1_S004,G004,OCCUPIED,OCCUPIED,0.7695299232547934
78.0,cctv1,C1_S005,G005,OCCUPIED,OCCUPIED,0.7573413754051382
78.0,cctv1,C1_S006,G006,EMPTY,EMPTY,0.01
78.0,cctv2,C2_S001,G007,OCCUPIED,OCCUPIED,0.8025900968096473
78.0,cctv2,C2_S002,G008,OCCUPIED,LEAVING,0.7899970783428713
78.0,cctv2,C2_S003,G009,EMPTY,MANEUVERING,0.2082820342074741
78.0,cctv2,C2_S004,G010,OCCUPIED,LEAVING,0.7408098284493794
78.0,cctv2,C2_S005,G001,EMPTY,EMPTY,0.01
78.0,cctv2,C2_S006,G003,OCCUPIED,OCCUPIED,0.82344013560902
78.0,cctv2,C2_S007,G004,OCCUPIED,OCCUPIED,0.794960954785347
78.0,cctv2,C2_S008,G006,OCCUPIED,OCCUPIED,0.7740631271492352
78.0,cctv2,C2_S009,G005,OCCUPIED,OCCUPIED,0.8033970101313158
78.0,cctv2,C2_S010,G002,EMPTY,EMPTY,0.01
78.0,cctv2,C2_S011,G017,OCCUPIED,OCCUPIED,0.8066233288158071
78.0,cctv2,C2_S012,G018,OCCUPIED,OCCUPIED,0.7596463654528965
78.0,cctv2,C2_S013,G019,EMPTY,EMPTY,0.01
78.0,cctv2,C2_S014,G020,EMPTY,EMPTY,0.01
78.0,cctv3,C3_S001,G021,OCCUPIED,OCCUPIED,0.8099539708007466
78.0,cctv3,C3_S002,G019,EMPTY,EMPTY,0.01
78.0,cctv3,C3_S003,G020,EMPTY,EMPTY,0.01
78.0,cctv3,C3_S004,G024,OCCUPIED,OCCUPIED,0.8302544420415705
78.0,cctv3,C3_S005,G025,OCCUPIED,OCCUPIED,0.8302656821229242
78.0,cctv3,C3_S006,G026,OCCUPIED,OCCUPIED,0.8277511274272746
78.0,cctv3,C3_S007,G027,OCCUPIED,OCCUPIED,0.7025941232185473
78.0,cctv3,C3_S008,G028,EMPTY,MANEUVERING,0.2312826887721365
78.0,cctv3,C3_S009,G029,EMPTY,MANEUVERING,0.49
78.0,cctv3,C3_S010,G007,OCCUPIED,OCCUPIED,0.51
78.0,cctv3,C3_S011,G008,OCCUPIED,OCCUPIED,0.8016520356590098
78.0,cctv3,C3_S012,G009,OCCUPIED,OCCUPIED,0.8280389121987604
79.0,cctv1,C1_S001,G001,OCCUPIED,OCCUPIED,0.7183723424307326
79.0,cctv1,C1_S002,G002,EMPTY,EMPTY,0.01
79.0,cctv1,C1_S003,G003,OCCUPIED,OCCUPIED,0.836877029863271
79.0,cctv1,C1_S004,G004,OCCUPIED,OCCUPIED,0.7681081208315763
79.0,cctv1,C1_S005,G005,OCCUPIED,OCCUPIED,0.7585247932509943
79.0,cctv1,C1_S006,G006,EMPTY,EMPTY,0.01
79.0,cctv2,C2_S001,G007,OCCUPIED,OCCUPIED,0.8007654656063428
79.0,cctv2,C2_S002,G008,OCCUPIED,LEAVING,0.7888919586485084
79.0,cctv2,C2_S003,G009,EMPTY,MANEUVERING,0.2082820342074741
79.0,cctv2,C2_S004,G010,OCCUPIED,LEAVING,0.7410237033258785
79.0,cctv2,C2_S005,G001,EMPTY,EMPTY,0.01
79.0,cctv2,C2_S006,G003,OCCUPIED,OCCUPIED,0.8234947210008449
79.0,cctv2,C2_S007,G004,OCCUPIED,OCCUPIED,0.7949931063435295
79.0,cctv2,C2_S008,G006,OCCUPIED,OCCUPIED,0.7745638541199945
79.0,cctv2,C2_S009,G005,OCCUPIED,OCCUPIED,0.8040966545993632
79.0,cctv2,C2_S010,G002,EMPTY,EMPTY,0.01
79.0,cctv2,C2_S011,G017,OCCUPIED,OCCUPIED,0.8074048830704256
79.0,cctv2,C2_S012,G018,OCCUPIED,OCCUPIED,0.7605974922125991
79.0,cctv2,C2_S013,G019,EMPTY,EMPTY,0.01
79.0,cctv2,C2_S014,G020,EMPTY,EMPTY,0.01
79.0,cctv3,C3_S001,G021,OCCUPIED,OCCUPIED,0.809791527282108
79.0,cctv3,C3_S002,G019,EMPTY,EMPTY,0.01
79.0,cctv3,C3_S003,G020,EMPTY,EMPTY,0.01
79.0,cctv3,C3_S004,G024,OCCUPIED,OCCUPIED,0.8303323732181029
79.0,cctv3,C3_S005,G025,OCCUPIED,OCCUPIED,0.8302723169326782
79.0,cctv3,C3_S006,G026,OCCUPIED,OCCUPIED,0.8279660910367966
79.0,cctv3,C3_S007,G027,OCCUPIED,OCCUPIED,0.7030406850102273
79.0,cctv3,C3_S008,G028,EMPTY,MANEUVERING,0.2312826887721365
79.0,cctv3,C3_S009,G029,EMPTY,MANEUVERING,0.49
79.0,cctv3,C3_S010,G007,OCCUPIED,OCCUPIED,0.51
79.0,cctv3,C3_S011,G008,OCCUPIED,OCCUPIED,0.8028995164416054
79.0,cctv3,C3_S012,G009,OCCUPIED,OCCUPIED,0.8283021482554349
80.0,cctv1,C1_S001,G001,OCCUPIED,OCCUPIED,0.7174857333641161
80.0,cctv1,C1_S002,G002,EMPTY,EMPTY,0.01
80.0,cctv1,C1_S003,G003,OCCUPIED,OCCUPIED,0.8369051898067649
80.0,cctv1,C1_S004,G004,OCCUPIED,OCCUPIED,0.7667564500461925
80.0,cctv1,C1_S005,G005,OCCUPIED,OCCUPIED,0.7577997722408989
80.0,cctv1,C1_S006,G006,EMPTY,EMPTY,0.01
80.0,cctv2,C2_S001,G007,OCCUPIED,OCCUPIED,0.80073294097727
80.0,cctv2,C2_S002,G008,OCCUPIED,LEAVING,0.7894357171925632
80.0,cctv2,C2_S003,G009,EMPTY,MANEUVERING,0.2082820342074741
80.0,cctv2,C2_S004,G010,OCCUPIED,LEAVING,0.743810223652558
80.0,cctv2,C2_S005,G001,EMPTY,EMPTY,0.01
80.0,cctv2,C2_S006,G003,OCCUPIED,OCCUPIED,0.823113805868409
80.0,cctv2,C2_S007,G004,OCCUPIED,OCCUPIED,0.7952926936474713
80.0,cctv2,C2_S008,G006,OCCUPIED,OCCUPIED,0.7739127076484941
80.0,cctv2,C2_S009,G005,OCCUPIED,OCCUPIED,0.803757099129937
80.0,cctv2,C2_S010,G002,EMPTY,EMPTY,0.01
80.0,cctv2,C2_S011,G017,OCCUPIED,OCCUPIED,0.8081547303633257
80.0,cctv2,C2_S012,G018,OCCUPIED,OCCUPIED,0.7618021226742051
80.0,cctv2,C2_S013,G019,EMPTY,EMPTY,0.01
80.0,cctv2,C2_S014,G020,EMPTY,EMPTY,0.01
80.0,cctv3,C3_S001,G021,OCCUPIED,OCCUPIED,0.8102757294069638
80.0,cctv3,C3_S002,G019,EMPTY,EMPTY,0.01
80.0,cctv3,C3_S003,G020,EMPTY,EMPTY,0.01
80.0,cctv3,C3_S004,G024,OCCUPIED,OCCUPIED,0.8303391697731886
80.0,cctv3,C3_S005,G025,OCCUPIED,OCCUPIED,0.8302420941266148
80.0,cctv3,C3_S006,G026,OCCUPIED,OCCUPIED,0.8279852013696325
80.0,cctv3,C3_S007,G027,OCCUPIED,OCCUPIED,0.6885096733102746
80.0,cctv3,C3_S008,G028,EMPTY,MANEUVERING,0.3217691030251709
80.0,cctv3,C3_S009,G029,EMPTY,MANEUVERING,0.3987259868155052
80.0,cctv3,C3_S010,G007,OCCUPIED,OCCUPIED,0.51
80.0,cctv3,C3_S011,G008,OCCUPIED,OCCUPIED,0.8029885357076472
80.0,cctv3,C3_S012,G009,OCCUPIED,OCCUPIED,0.8283644364638763
81.0,cctv1,C1_S001,G001,OCCUPIED,OCCUPIED,0.7195282921195031
81.0,cctv1,C1_S002,G002,EMPTY,EMPTY,0.01
81.0,cctv1,C1_S003,G003,OCCUPIED,OCCUPIED,0.8369154065847397
81.0,cctv1,C1_S004,G004,OCCUPIED,OCCUPIED,0.7662328267639335
81.0,cctv1,C1_S005,G005,OCCUPIED,OCCUPIED,0.7585634394125506
81.0,cctv1,C1_S006,G006,EMPTY,EMPTY,0.01
81.0,cctv2,C2_S001,G007,OCCUPIED,OCCUPIED,0.8015677777203647
81.0,cctv2,C2_S002,G008,OCCUPIED,LEAVING,0.7908467395739123
81.0,cctv2,C2_S003,G009,EMPTY,MANEUVERING,0.2758317308805205
81.0,cctv2,C2_S004,G010,OCCUPIED,LEAVING,0.7469576652754437
81.0,cctv2,C2_S005,G001,EMPTY,EMPTY,0.01
81.0,cctv2,C2_S006,G003,OCCUPIED,OCCUPIED,0.822999797355045
81.0,cctv2,C2_S007,G004,OCCUPIED,OCCUPIED,0.795362613959746
81.0,cctv2,C2_S008,G006,OCCUPIED,OCCUPIED,0.7750249429182573
81.0,cctv2,C2_S009,G005,OCCUPIED,OCCUPIED,0.8036545623432507
81.0,cctv2,C2_S010,G002,EMPTY,EMPTY,0.01
81.0,cctv2,C2_S011,G017,OCCUPIED,OCCUPIED,0.8090541628274052
81.0,cctv2,C2_S012,G018,OCCUPIED,OCCUPIED,0.76098785888065
81.0,cctv2,C2_S013,G019,EMPTY,EMPTY,0.01
81.0,cctv2,C2_S014,G020,EMPTY,EMPTY,0.01
81.0,cctv3,C3_S001,G021,OCCUPIED,OCCUPIED,0.8106404350562529
81.0,cctv3,C3_S002,G019,EMPTY,EMPTY,0.01
81.0,cctv3,C3_S003,G020,EMPTY,EMPTY,0.01
81.0,cctv3,C3_S004,G024,OCCUPIED,OCCUPIED,0.8302926667711952
81.0,cctv3,C3_S005,G025,OCCUPIED,OCCUPIED,0.8303812544454229
81.0,cctv3,C3_S006,G026,OCCUPIED,OCCUPIED,0.8281102833422749
81.0,cctv3,C3_S007,G027,OCCUPIED,OCCUPIED,0.6885174051841553
81.0,cctv3,C3_S008,G028,EMPTY,MANEUVERING,0.3549819149991328
81.0,cctv3,C3_S009,G029,EMPTY,MANEUVERING,0.4441578361972586
81.0,cctv3,C3_S010,G007,OCCUPIED,OCCUPIED,0.51
81.0,cctv3,C3_S011,G008,OCCUPIED,OCCUPIED,0.8029951729557732
81.0,cctv3,C3_S012,G009,OCCUPIED,OCCUPIED,0.8280493874441495
82.0,cctv1,C1_S001,G001,OCCUPIED,OCCUPIED,0.7198338183828377
82.0,cctv1,C1_S002,G002,EMPTY,EMPTY,0.01
82.0,cctv1,C1_S003,G003,OCCUPIED,OCCUPIED,0.8369213610887528
82.0,cctv1,C1_S004,G004,OCCUPIED,OCCUPIED,0.765205847539685
82.0,cctv1,C1_S005,G005,OCCUPIED,OCCUPIED,0.7601647791537373
82.0,cctv1,C1_S006,G006,EMPTY,EMPTY,0.01
82.0,cctv2,C2_S001,G007,OCCUPIED,OCCUPIED,0.7997524001381615
82.0,cctv2,C2_S002,G008,OCCUPIED,LEAVING,0.7917293033816598
82.0,cctv2,C2_S003,G009,EMPTY,MANEUVERING,0.2758317308805205
82.0,cctv2,C2_S004,G010,OCCUPIED,LEAVING,0.7472620661285791
82.0,cctv2,C2_S005,G001,EMPTY,EMPTY,0.01
82.0,cctv2,C2_S006,G003,OCCUPIED,OCCUPIED,0.8232813569632444
82.0,cctv2,C2_S007,G004,OCCUPIED,OCCUPIED,0.7961400083520196
82.0,cctv2,C2_S008,G006,OCCUPIED,OCCUPIED,0.7763896256685258
82.0,cctv2,C2_S009,G005,OCCUPIED,OCCUPIED,0.8035612539811569
82.0,cctv2,C2_S010,G002,EMPTY,EMPTY,0.01
82.0,cctv2,C2_S011,G017,OCCUPIED,OCCUPIED,0.8099750578403474
82.0,cctv2,C2_S012,G018,OCCUPIED,OCCUPIED,0.76126244393262
82.0,cctv2,C2_S013,G019,EMPTY,EMPTY,0.01
82.0,cctv2,C2_S014,G020,EMPTY,EMPTY,0.01
82.0,cctv3,C3_S001,G021,OCCUPIED,OCCUPIED,0.810776742480018
82.0,cctv3,C3_S002,G019,EMPTY,EMPTY,0.01
82.0,cctv3,C3_S003,G020,EMPTY,EMPTY,0.01
82.0,cctv3,C3_S004,G024,OCCUPIED,OCCUPIED,0.8302676271308553
82.0,cctv3,C3_S005,G025,OCCUPIED,OCCUPIED,0.8304041141813452
82.0,cctv3,C3_S006,G026,OCCUPIED,OCCUPIED,0.8282281883738258
82.0,cctv3,C3_S007,G027,OCCUPIED,OCCUPIED,0.6085910103283823
82.0,cctv3,C3_S008,G028,EMPTY,MANEUVERING,0.33618393775753
82.0,cctv3,C3_S009,G029,EMPTY,MANEUVERING,0.4440310172039967
82.0,cctv3,C3_S010,G007,OCCUPIED,OCCUPIED,0.51
82.0,cctv3,C3_S011,G008,OCCUPIED,OCCUPIED,0.8011330339041624
82.0,cctv3,C3_S012,G009,OCCUPIED,OCCUPIED,0.8277121427384291
83.0,cctv1,C1_S001,G001,OCCUPIED,OCCUPIED,0.7191951048645107
83.0,cctv1,C1_S002,G002,EMPTY,EMPTY,0.01
83.0,cctv1,C1_S003,G003,OCCUPIED,OCCUPIED,0.8370059677145698
83.0,cctv1,C1_S004,G004,OCCUPIED,OCCUPIED,0.7664926340634173
83.0,cctv1,C1_S005,G005,OCCUPIED,OCCUPIED,0.7589185423471712
83.0,cctv1,C1_S006,G006,EMPTY,EMPTY,0.01
83.0,cctv2,C2_S001,G007,OCCUPIED,OCCUPIED,0.8017566060478037
83.0,cctv2,C2_S002,G008,OCCUPIED,LEAVING,0.7931876114823602
83.0,cctv2,C2_S003,G009,EMPTY,MANEUVERING,0.2758317308805205
83.0,cctv2,C2_S004,G010,OCCUPIED,LEAVING,0.7476542300798676
83.0,cctv2,C2_S005,G001,EMPTY,EMPTY,0.01
83.0,cctv2,C2_S006,G003,OCCUPIED,OCCUPIED,0.823262260447849
83.0,cctv2,C2_S007,G004,OCCUPIED,OCCUPIED,0.7963943541049958
83.0,cctv2,C2_S008,G006,OCCUPIED,OCCUPIED,0.7769514744932002
83.0,cctv2,C2_S009,G005,OCCUPIED,OCCUPIED,0.8034752956845544
83.0,cctv2,C2_S010,G002,EMPTY,EMPTY,0.01
83.0,cctv2,C2_S011,G017,OCCUPIED,OCCUPIED,0.8115065569227393
83.0,cctv2,C2_S012,G018,OCCUPIED,OCCUPIED,0.7630279978567904
83.0,cctv2,C2_S013,G019,EMPTY,EMPTY,0.01
83.0,cctv2,C2_S014,G020,EMPTY,EMPTY,0.01
83.0,cctv3,C3_S001,G021,OCCUPIED,OCCUPIED,0.8111587508158251
83.0,cctv3,C3_S002,G019,EMPTY,EMPTY,0.01
83.0,cctv3,C3_S003,G020,EMPTY,EMPTY,0.01
83.0,cctv3,C3_S004,G024,OCCUPIED,OCCUPIED,0.8303926131942057
83.0,cctv3,C3_S005,G025,OCCUPIED,OCCUPIED,0.8305012637918646
83.0,cctv3,C3_S006,G026,OCCUPIED,OCCUPIED,0.8281937740065836
83.0,cctv3,C3_S007,G027,OCCUPIED,OCCUPIED,0.6077722454629838
83.0,cctv3,C3_S008,G028,EMPTY,MANEUVERING,0.33618393775753
83.0,cctv3,C3_S009,G029,EMPTY,MANEUVERING,0.3851640211339249
83.0,cctv3,C3_S010,G007,OCCUPIED,OCCUPIED,0.51
83.0,cctv3,C3_S011,G008,OCCUPIED,OCCUPIED,0.8013462833382867
83.0,cctv3,C3_S012,G009,OCCUPIED,OCCUPIED,0.8274906394156544
84.0,cctv1,C1_S001,G001,OCCUPIED,OCCUPIED,0.7186666931279682
84.0,cctv1,C1_S002,G002,EMPTY,EMPTY,0.01
84.0,cctv1,C1_S003,G003,OCCUPIED,OCCUPIED,0.837181444330649
84.0,cctv1,C1_S004,G004,OCCUPIED,OCCUPIED,0.767394501648166
84.0,cctv1,C1_S005,G005,OCCUPIED,OCCUPIED,0.7587669032541189
84.0,cctv1,C1_S006,G006,EMPTY,EMPTY,0.01
84.0,cctv2,C2_S001,G007,OCCUPIED,OCCUPIED,0.8021923008290205
84.0,cctv2,C2_S002,G008,OCCUPIED,OCCUPIED,0.791581386869604
84.0,cctv2,C2_S003,G009,EMPTY,MANEUVERING,0.3608811515840617
84.0,cctv2,C2_S004,G010,OCCUPIED,LEAVING,0.6682682960886847
84.0,cctv2,C2_S005,G001,EMPTY,EMPTY,0.01
84.0,cctv2,C2_S006,G003,OCCUPIED,OCCUPIED,0.8230982775037939
84.0,cctv2,C2_S007,G004,OCCUPIED,OCCUPIED,0.7958727042783391
84.0,cctv2,C2_S008,G006,OCCUPIED,OCCUPIED,0.7774515536698429
84.0,cctv2,C2_S009,G005,OCCUPIED,OCCUPIED,0.8031024905768308
84.0,cctv2,C2_S010,G002,EMPTY,EMPTY,0.01
84.0,cctv2,C2_S011,G017,OCCUPIED,OCCUPIED,0.8121089599349283
84.0,cctv2,C2_S012,G018,OCCUPIED,OCCUPIED,0.761571512032639
84.0,cctv2,C2_S013,G019,EMPTY,EMPTY,0.01
84.0,cctv2,C2_S014,G020,EMPTY,EMPTY,0.01
84.0,cctv3,C3_S001,G021,OCCUPIED,OCCUPIED,0.8116993939334697
84.0,cctv3,C3_S002,G019,EMPTY,EMPTY,0.01
84.0,cctv3,C3_S003,G020,EMPTY,EMPTY,0.01
84.0,cctv3,C3_S004,G024,OCCUPIED,OCCUPIED,0.8304548713293943
84.0,cctv3,C3_S005,G025,OCCUPIED,OCCUPIED,0.8307071932337502
84.0,cctv3,C3_S006,G026,OCCUPIED,OCCUPIED,0.8282031154090709
84.0,cctv3,C3_S007,G027,OCCUPIED,OCCUPIED,0.6074692501686513
84.0,cctv3,C3_S008,G028,EMPTY,MANEUVERING,0.29118393775753
84.0,cctv3,C3_S009,G029,EMPTY,MANEUVERING,0.3851640211339249
84.0,cctv3,C3_S010,G007,OCCUPIED,OCCUPIED,0.51
84.0,cctv3,C3_S011,G008,OCCUPIED,OCCUPIED,0.798429285125299
84.0,cctv3,C3_S012,G009,OCCUPIED,OCCUPIED,0.8273748386989941
85.0,cctv1,C1_S001,G001,OCCUPIED,OCCUPIED,0.7207606659694152
85.0,cctv1,C1_S002,G002,EMPTY,EMPTY,0.01
85.0,cctv1,C1_S003,G003,OCCUPIED,OCCUPIED,0.8371435032649475
85.0,cctv1,C1_S004,G004,OCCUPIED,OCCUPIED,0.767061911387877
85.0,cctv1,C1_S005,G005,OCCUPIED,OCCUPIED,0.7581551543690942
85.0,cctv1,C1_S006,G006,EMPTY,EMPTY,0.01
85.0,cctv2,C2_S001,G007,OCCUPIED,OCCUPIED,0.8038384424014525
85.0,cctv2,C2_S002,G008,OCCUPIED,OCCUPIED,0.7926742805676027
85.0,cctv2,C2_S003,G009,EMPTY,MANEUVERING,0.2744534375450828
85.0,cctv2,C2_S004,G010,OCCUPIED,OCCUPIED,0.6676594753224742
85.0,cctv2,C2_S005,G001,EMPTY,EMPTY,0.01
85.0,cctv2,C2_S006,G003,OCCUPIED,OCCUPIED,0.822985283353112
85.0,cctv2,C2_S007,G004,OCCUPIED,OCCUPIED,0.795259391990575
85.0,cctv2,C2_S008,G006,OCCUPIED,OCCUPIED,0.7758930553089489
85.0,cctv2,C2_S009,G005,OCCUPIED,OCCUPIED,0.8018473785031927
85.0,cctv2,C2_S010,G002,EMPTY,EMPTY,0.01
85.0,cctv2,C2_S011,G017,OCCUPIED,OCCUPIED,0.8127019345760346
85.0,cctv2,C2_S012,G018,OCCUPIED,OCCUPIED,0.7627841712398963
85.0,cctv2,C2_S013,G019,EMPTY,EMPTY,0.01
85.0,cctv2,C2_S014,G020,EMPTY,EMPTY,0.01
85.0,cctv3,C3_S001,G021,OCCUPIED,OCCUPIED,0.8130584757436407
85.0,cctv3,C3_S002,G019,EMPTY,EMPTY,0.01
85.0,cctv3,C3_S003,G020,EMPTY,EMPTY,0.01
85.0,cctv3,C3_S004,G024,OCCUPIED,OCCUPIED,0.8305948054248637
85.0,cctv3,C3_S005,G025,OCCUPIED,OCCUPIED,0.8309986615722831
85.0,cctv3,C3_S006,G026,OCCUPIED,OCCUPIED,0.8281029942360791
85.0,cctv3,C3_S007,G027,OCCUPIED,OCCUPIED,0.606212061252445
85.0,cctv3,C3_S008,G028,EMPTY,MANEUVERING,0.24618393775753
85.0,cctv3,C3_S009,G029,EMPTY,MANEUVERING,0.2902159967476671
85.0,cctv3,C3_S010,G007,OCCUPIED,OCCUPIED,0.51
85.0,cctv3,C3_S011,G008,OCCUPIED,OCCUPIED,0.7964896790005944
85.0,cctv3,C3_S012,G009,OCCUPIED,OCCUPIED,0.8271511099555277
86.0,cctv1,C1_S001,G001,OCCUPIED,OCCUPIED,0.7206739942458543
86.0,cctv1,C1_S002,G002,EMPTY,EMPTY,0.01
86.0,cctv1,C1_S003,G003,OCCUPIED,OCCUPIED,0.8371433041312478
86.0,cctv1,C1_S004,G004,OCCUPIED,OCCUPIED,0.7677478436719288
86.0,cctv1,C1_S005,G005,OCCUPIED,OCCUPIED,0.7576247491619804
86.0,cctv1,C1_S006,G006,EMPTY,MANEUVERING,0.117104674402963
86.0,cctv2,C2_S001,G007,OCCUPIED,OCCUPIED,0.8040001080794769
86.0,cctv2,C2_S002,G008,OCCUPIED,LEAVING,0.7960312228311193
86.0,cctv2,C2_S003,G009,EMPTY,MANEUVERING,0.2744534375450828
86.0,cctv2,C2_S004,G010,OCCUPIED,OCCUPIED,0.6696467190642249
86.0,cctv2,C2_S005,G001,EMPTY,EMPTY,0.01
86.0,cctv2,C2_S006,G003,OCCUPIED,OCCUPIED,0.8230567073280162
86.0,cctv2,C2_S007,G004,OCCUPIED,OCCUPIED,0.7963174486702139
86.0,cctv2,C2_S008,G006,OCCUPIED,OCCUPIED,0.7762000105597757
86.0,cctv2,C2_S009,G005,OCCUPIED,OCCUPIED,0.8010957942767577
86.0,cctv2,C2_S010,G002,EMPTY,EMPTY,0.01
86.0,cctv2,C2_S011,G017,OCCUPIED,OCCUPIED,0.8120204494758086
86.0,cctv2,C2_S012,G018,OCCUPIED,OCCUPIED,0.7635449712926692
86.0,cctv2,C2_S013,G019,EMPTY,MANEUVERING,0.2260338326882232
86.0,cctv2,C2_S014,G020,EMPTY,EMPTY,0.01
86.0,cctv3,C3_S001,G021,OCCUPIED,OCCUPIED,0.8137326766144146
86.0,cctv3,C3_S002,G019,EMPTY,EMPTY,0.01
86.0,cctv3,C3_S003,G020,EMPTY,EMPTY,0.01
86.0,cctv3,C3_S004,G024,OCCUPIED,OCCUPIED,0.8306275503201919
86.0,cctv3,C3_S005,G025,OCCUPIED,OCCUPIED,0.8309960703958166
86.0,cctv3,C3_S006,G026,OCCUPIED,OCCUPIED,0.8280206788669934
86.0,cctv3,C3_S007,G027,OCCUPIED,OCCUPIED,0.6528252601098607
86.0,cctv3,C3_S008,G028,EMPTY,MANEUVERING,0.20118393775753
86.0,cctv3,C3_S009,G029,EMPTY,MANEUVERING,0.1949474310987826
86.0,cctv3,C3_S010,G007,OCCUPIED,OCCUPIED,0.5940274757779006
86.0,cctv3,C3_S011,G008,OCCUPIED,OCCUPIED,0.7953339005058463
86.0,cctv3,C3_S012,G009,OCCUPIED,OCCUPIED,0.8267893539233642
87.0,cctv1,C1_S001,G001,OCCUPIED,OCCUPIED,0.7206613630733707
87.0,cctv1,C1_S002,G002,EMPTY,EMPTY,0.01
87.0,cctv1,C1_S003,G003,OCCUPIED,OCCUPIED,0.8367652321403678
87.0,cctv1,C1_S004,G004,OCCUPIED,OCCUPIED,0.7675852343440056
87.0,cctv1,C1_S005,G005,OCCUPIED,OCCUPIED,0.7565044424750589
87.0,cctv1,C1_S006,G006,EMPTY,MANEUVERING,0.113104674402963
87.0,cctv2,C2_S001,G007,OCCUPIED,OCCUPIED,0.8051280972632495
87.0,cctv2,C2_S002,G008,OCCUPIED,LEAVING,0.7954284394329245
87.0,cctv2,C2_S003,G009,EMPTY,MANEUVERING,0.2744534375450828
87.0,cctv2,C2_S004,G010,OCCUPIED,OCCUPIED,0.6670721019465815
87.0,cctv2,C2_S005,G001,EMPTY,EMPTY,0.01
87.0,cctv2,C2_S006,G003,OCCUPIED,OCCUPIED,0.8232552988962695
87.0,cctv2,C2_S007,G004,OCCUPIED,OCCUPIED,0.7976012985814702
87.0,cctv2,C2_S008,G006,OCCUPIED,OCCUPIED,0.7769343579357322
87.0,cctv2,C2_S009,G005,OCCUPIED,OCCUPIED,0.8006077257069675
87.0,cctv2,C2_S010,G002,EMPTY,EMPTY,0.01
87.0,cctv2,C2_S011,G017,OCCUPIED,OCCUPIED,0.8125078678131104
87.0,cctv2,C2_S012,G018,OCCUPIED,OCCUPIED,0.7627664536237717
87.0,cctv2,C2_S013,G019,EMPTY,MANEUVERING,0.2260338326882232
87.0,cctv2,C2_S014,G020,EMPTY,EMPTY,0.01
87.0,cctv3,C3_S001,G021,OCCUPIED,OCCUPIED,0.8146818794987419
87.0,cctv3,C3_S002,G019,EMPTY,EMPTY,0.01
87.0,cctv3,C3_S003,G020,EMPTY,EMPTY,0.01
87.0,cctv3,C3_S004,G024,OCCUPIED,OCCUPIED,0.830604470318014
87.0,cctv3,C3_S005,G025,OCCUPIED,OCCUPIED,0.8309414329853926
87.0,cctv3,C3_S006,G026,OCCUPIED,OCCUPIED,0.8279879038984126
87.0,cctv3,C3_S007,G027,OCCUPIED,OCCUPIED,0.6585925976832869
87.0,cctv3,C3_S008,G028,EMPTY,MANEUVERING,0.20118393775753
87.0,cctv3,C3_S009,G029,EMPTY,MANEUVERING,0.2409330188595888
87.0,cctv3,C3_S010,G007,OCCUPIED,OCCUPIED,0.5490274757779006
87.0,cctv3,C3_S011,G008,OCCUPIED,OCCUPIED,0.7954065265980634
87.0,cctv3,C3_S012,G009,OCCUPIED,OCCUPIED,0.8267625822262331
88.0,cctv1,C1_S001,G001,OCCUPIED,OCCUPIED,0.7209019644355232
88.0,cctv1,C1_S002,G002,EMPTY,EMPTY,0.01
88.0,cctv1,C1_S003,G003,OCCUPIED,OCCUPIED,0.8368437704714863
88.0,cctv1,C1_S004,G004,OCCUPIED,OCCUPIED,0.7660920185121624
88.0,cctv1,C1_S005,G005,OCCUPIED,OCCUPIED,0.7365900144600249
88.0,cctv1,C1_S006,G006,EMPTY,MANEUVERING,0.1102475315458201
88.0,cctv2,C2_S001,G007,OCCUPIED,OCCUPIED,0.8052706241607667
88.0,cctv2,C2_S002,G008,OCCUPIED,LEAVING,0.7968068567189304
88.0,cctv2,C2_S003,G009,EMPTY,MANEUVERING,0.2294534375450828
88.0,cctv2,C2_S004,G010,OCCUPIED,OCCUPIED,0.7124102867056024
88.0,cctv2,C2_S005,G001,EMPTY,EMPTY,0.01
88.0,cctv2,C2_S006,G003,OCCUPIED,OCCUPIED,0.8233575414527547
88.0,cctv2,C2_S007,G004,OCCUPIED,OCCUPIED,0.7972524569793181
88.0,cctv2,C2_S008,G006,OCCUPIED,OCCUPIED,0.7766931241208858
88.0,cctv2,C2_S009,G005,OCCUPIED,OCCUPIED,0.8000039742751556
88.0,cctv2,C2_S010,G002,EMPTY,EMPTY,0.01
88.0,cctv2,C2_S011,G017,OCCUPIED,OCCUPIED,0.812486882372336
88.0,cctv2,C2_S012,G018,OCCUPIED,OCCUPIED,0.7628268037330022
88.0,cctv2,C2_S013,G019,EMPTY,MANEUVERING,0.2260338326882232
88.0,cctv2,C2_S014,G020,EMPTY,EMPTY,0.01
88.0,cctv3,C3_S001,G021,OCCUPIED,OCCUPIED,0.8149613770571622
88.0,cctv3,C3_S002,G019,EMPTY,EMPTY,0.01
88.0,cctv3,C3_S003,G020,EMPTY,EMPTY,0.01
88.0,cctv3,C3_S004,G024,OCCUPIED,OCCUPIED,0.8307586607607929
88.0,cctv3,C3_S005,G025,OCCUPIED,OCCUPIED,0.8308910042047501
88.0,cctv3,C3_S006,G026,OCCUPIED,OCCUPIED,0.8279136449098587
88.0,cctv3,C3_S007,G027,OCCUPIED,OCCUPIED,0.6634005123596978
88.0,cctv3,C3_S008,G028,EMPTY,MANEUVERING,0.20118393775753
88.0,cctv3,C3_S009,G029,EMPTY,MANEUVERING,0.2409330188595888
88.0,cctv3,C3_S010,G007,OCCUPIED,OCCUPIED,0.5504974201953773
88.0,cctv3,C3_S011,G008,OCCUPIED,OCCUPIED,0.7954674769531598
88.0,cctv3,C3_S012,G009,OCCUPIED,OCCUPIED,0.8268171286041087
89.0,cctv1,C1_S001,G001,OCCUPIED,OCCUPIED,0.7203383036973802
89.0,cctv1,C1_S002,G002,EMPTY,EMPTY,0.01
89.0,cctv1,C1_S003,G003,OCCUPIED,OCCUPIED,0.837010269002481
89.0,cctv1,C1_S004,G004,OCCUPIED,OCCUPIED,0.7658029300245373
89.0,cctv1,C1_S005,G005,OCCUPIED,OCCUPIED,0.7403319603204728
89.0,cctv1,C1_S006,G006,EMPTY,MANEUVERING,0.108104674402963
89.0,cctv2,C2_S001,G007,OCCUPIED,OCCUPIED,0.8056556796485728
89.0,cctv2,C2_S002,G008,OCCUPIED,LEAVING,0.7975055567242884
89.0,cctv2,C2_S003,G009,EMPTY,MANEUVERING,0.2294534375450828
89.0,cctv2,C2_S004,G010,OCCUPIED,OCCUPIED,0.7128612344373356
89.0,cctv2,C2_S005,G001,EMPTY,EMPTY,0.01
89.0,cctv2,C2_S006,G003,OCCUPIED,OCCUPIED,0.8234506953846326
89.0,cctv2,C2_S007,G004,OCCUPIED,OCCUPIED,0.7970789294351232
89.0,cctv2,C2_S008,G006,OCCUPIED,OCCUPIED,0.7781680907715451
89.0,cctv2,C2_S009,G005,OCCUPIED,OCCUPIED,0.7993453172120182
89.0,cctv2,C2_S010,G002,EMPTY,EMPTY,0.01
89.0,cctv2,C2_S011,G017,OCCUPIED,OCCUPIED,0.8119085940447721
89.0,cctv2,C2_S012,G018,OCCUPIED,OCCUPIED,0.7630501468073239
89.0,cctv2,C2_S013,G019,EMPTY,MANEUVERING,0.2260338326882232
89.0,cctv2,C2_S014,G020,EMPTY,EMPTY,0.01
89.0,cctv3,C3_S001,G021,OCCUPIED,OCCUPIED,0.8154770504344594
89.0,cctv3,C3_S002,G019,EMPTY,EMPTY,0.01
89.0,cctv3,C3_S003,G020,EMPTY,EMPTY,0.01
89.0,cctv3,C3_S004,G024,OCCUPIED,OCCUPIED,0.8308041372082451
89.0,cctv3,C3_S005,G025,OCCUPIED,OCCUPIED,0.8309231525117702
89.0,cctv3,C3_S006,G026,OCCUPIED,OCCUPIED,0.827908376401121
89.0,cctv3,C3_S007,G027,OCCUPIED,OCCUPIED,0.6691353229777606
89.0,cctv3,C3_S008,G028,EMPTY,MANEUVERING,0.1702755851817853
89.0,cctv3,C3_S009,G029,EMPTY,MANEUVERING,0.2003717975047501
89.0,cctv3,C3_S010,G007,OCCUPIED,OCCUPIED,0.5995295155398322
89.0,cctv3,C3_S011,G008,OCCUPIED,OCCUPIED,0.7939487736333501
89.0,cctv3,C3_S012,G009,OCCUPIED,OCCUPIED,0.8269268528981643
90.0,cctv1,C1_S001,G001,OCCUPIED,OCCUPIED,0.7210667750036175
90.0,cctv1,C1_S002,G002,EMPTY,EMPTY,0.01
90.0,cctv1,C1_S003,G003,OCCUPIED,OCCUPIED,0.836893480745229
90.0,cctv1,C1_S004,G004,OCCUPIED,OCCUPIED,0.7655587697570975
90.0,cctv1,C1_S005,G005,OCCUPIED,OCCUPIED,0.7401295742392541
90.0,cctv1,C1_S006,G006,EMPTY,MANEUVERING,0.063104674402963
90.0,cctv2,C2_S001,G007,OCCUPIED,OCCUPIED,0.8046735042875464
90.0,cctv2,C2_S002,G008,OCCUPIED,LEAVING,0.7970039925792001
90.0,cctv2,C2_S003,G009,EMPTY,MANEUVERING,0.2294534375450828
90.0,cctv2,C2_S004,G010,OCCUPIED,OCCUPIED,0.7113804418254983
90.0,cctv2,C2_S005,G001,EMPTY,EMPTY,0.01
90.0,cctv2,C2_S006,G003,OCCUPIED,OCCUPIED,0.8234973853284663
90.0,cctv2,C2_S007,G004,OCCUPIED,OCCUPIED,0.7966054756533016
90.0,cctv2,C2_S008,G006,OCCUPIED,OCCUPIED,0.7784912733869119
90.0,cctv2,C2_S009,G005,OCCUPIED,OCCUPIED,0.7987213191660969
90.0,cctv2,C2_S010,G002,EMPTY,EMPTY,0.01
90.0,cctv2,C2_S011,G017,OCCUPIED,OCCUPIED,0.8121266096830368
90.0,cctv2,C2_S012,G018,OCCUPIED,OCCUPIED,0.7626576961441474
90.0,cctv2,C2_S013,G019,EMPTY,MANEUVERING,0.1810338326882232
90.0,cctv2,C2_S014,G020,EMPTY,EMPTY,0.01
90.0,cctv3,C3_S001,G021,OCCUPIED,OCCUPIED,0.8160099793564191
90.0,cctv3,C3_S002,G019,EMPTY,EMPTY,0.01
90.0,cctv3,C3_S003,G020,EMPTY,EMPTY,0.01
90.0,cctv3,C3_S004,G024,OCCUPIED,OCCUPIED,0.8307997457005761
90.0,cctv3,C3_S005,G025,OCCUPIED,OCCUPIED,0.8307440979914232
90.0,cctv3,C3_S006,G026,OCCUPIED,OCCUPIED,0.8278559294613925
90.0,cctv3,C3_S007,G027,OCCUPIED,OCCUPIED,0.6708557852056216
90.0,cctv3,C3_S008,G028,EMPTY,MANEUVERING,0.1676089185151187
90.0,cctv3,C3_S009,G029,EMPTY,MANEUVERING,0.2003717975047501
90.0,cctv3,C3_S010,G007,OCCUPIED,OCCUPIED,0.599781291147299
90.0,cctv3,C3_S011,G008,OCCUPIED,OCCUPIED,0.7939020983197473
90.0,cctv3,C3_S012,G009,OCCUPIED,OCCUPIED,0.8262102511796086
91.0,cctv1,C1_S001,G001,OCCUPIED,OCCUPIED,0.7208261839029465
91.0,cctv1,C1_S002,G002,EMPTY,EMPTY,0.01
91.0,cctv1,C1_S003,G003,OCCUPIED,OCCUPIED,0.8369174613194033
91.0,cctv1,C1_S004,G004,OCCUPIED,OCCUPIED,0.7659991214221175
91.0,cctv1,C1_S005,G005,OCCUPIED,OCCUPIED,0.7459640966400957
91.0,cctv1,C1_S006,G006,EMPTY,MANEUVERING,0.0614380077362963
91.0,cctv2,C2_S001,G007,OCCUPIED,OCCUPIED,0.8048647514798425
91.0,cctv2,C2_S002,G008,OCCUPIED,LEAVING,0.7974784363399853
91.0,cctv2,C2_S003,G009,EMPTY,MANEUVERING,0.2294534375450828
91.0,cctv2,C2_S004,G010,OCCUPIED,OCCUPIED,0.7095012320984494
91.0,cctv2,C2_S005,G001,EMPTY,EMPTY,0.01
91.0,cctv2,C2_S006,G003,OCCUPIED,OCCUPIED,0.8236465405334127
91.0,cctv2,C2_S007,G004,OCCUPIED,OCCUPIED,0.7962052315473557
91.0,cctv2,C2_S008,G006,OCCUPIED,OCCUPIED,0.7789728758009998
91.0,cctv2,C2_S009,G005,OCCUPIED,OCCUPIED,0.7982578903436661
91.0,cctv2,C2_S010,G002,EMPTY,EMPTY,0.01
91.0,cctv2,C2_S011,G017,OCCUPIED,OCCUPIED,0.8124764745885676
91.0,cctv2,C2_S012,G018,OCCUPIED,OCCUPIED,0.7619855057109487
91.0,cctv2,C2_S013,G019,EMPTY,MANEUVERING,0.1810338326882232
91.0,cctv2,C2_S014,G020,EMPTY,EMPTY,0.01
91.0,cctv3,C3_S001,G021,OCCUPIED,OCCUPIED,0.8159965057264675
91.0,cctv3,C3_S002,G019,EMPTY,EMPTY,0.01
91.0,cctv3,C3_S003,G020,EMPTY,EMPTY,0.01
91.0,cctv3,C3_S004,G024,OCCUPIED,OCCUPIED,0.8308388254859231
91.0,cctv3,C3_S005,G025,OCCUPIED,OCCUPIED,0.8308512034741315
91.0,cctv3,C3_S006,G026,OCCUPIED,OCCUPIED,0.8278596593575045
91.0,cctv3,C3_S007,G027,OCCUPIED,OCCUPIED,0.6748009102249688
91.0,cctv3,C3_S008,G028,EMPTY,MANEUVERING,0.1276628412441774
91.0,cctv3,C3_S009,G029,EMPTY,MANEUVERING,0.1553717975047501
91.0,cctv3,C3_S010,G007,OCCUPIED,OCCUPIED,0.6418063642807079
91.0,cctv3,C3_S011,G008,OCCUPIED,OCCUPIED,0.7923993476412514
91.0,cctv3,C3_S012,G009,OCCUPIED,OCCUPIED,0.8258240415291354
92.0,cctv1,C1_S001,G001,OCCUPIED,OCCUPIED,0.719104240462184
92.0,cctv1,C1_S002,G002,EMPTY,EMPTY,0.01
92.0,cctv1,C1_S003,G003,OCCUPIED,OCCUPIED,0.8369039771231739
92.0,cctv1,C1_S004,G004,OCCUPIED,OCCUPIED,0.7658303296024149
92.0,cctv1,C1_S005,G005,OCCUPIED,OCCUPIED,0.7465009127331503
92.0,cctv1,C1_S006,G006,EMPTY,MANEUVERING,0.0614380077362963
92.0,cctv2,C2_S001,G007,OCCUPIED,OCCUPIED,0.801919847726822
92.0,cctv2,C2_S002,G008,OCCUPIED,LEAVING,0.7956811969930476
92.0,cctv2,C2_S003,G009,EMPTY,MANEUVERING,0.2055254475365985
92.0,cctv2,C2_S004,G010,OCCUPIED,OCCUPIED,0.7051101088185202
92.0,cctv2,C2_S005,G001,EMPTY,EMPTY,0.01
92.0,cctv2,C2_S006,G003,OCCUPIED,OCCUPIED,0.8234332789074291
92.0,cctv2,C2_S007,G004,OCCUPIED,OCCUPIED,0.7961903534152291
92.0,cctv2,C2_S008,G006,OCCUPIED,OCCUPIED,0.7794270827011629
92.0,cctv2,C2_S009,G005,OCCUPIED,OCCUPIED,0.7982751954685559
92.0,cctv2,C2_S010,G002,EMPTY,EMPTY,0.01
92.0,cctv2,C2_S011,G017,OCCUPIED,OCCUPIED,0.8120518768375571
92.0,cctv2,C2_S012,G018,OCCUPIED,OCCUPIED,0.7624564345587385
92.0,cctv2,C2_S013,G019,EMPTY,MANEUVERING,0.1810338326882232
92.0,cctv2,C2_S014,G020,EMPTY,EMPTY,0.01
92.0,cctv3,C3_S001,G021,OCCUPIED,OCCUPIED,0.8170896391976964
92.0,cctv3,C3_S002,G019,EMPTY,EMPTY,0.01
92.0,cctv3,C3_S003,G020,EMPTY,EMPTY,0.01
92.0,cctv3,C3_S004,G024,OCCUPIED,OCCUPIED,0.8308274805545808
92.0,cctv3,C3_S005,G025,OCCUPIED,OCCUPIED,0.8308683362874119
92.0,cctv3,C3_S006,G026,OCCUPIED,OCCUPIED,0.8278939095410435
92.0,cctv3,C3_S007,G027,OCCUPIED,OCCUPIED,0.595390638248487
92.0,cctv3,C3_S008,G028,EMPTY,MANEUVERING,0.1732509021596475
92.0,cctv3,C3_S009,G029,EMPTY,MANEUVERING,0.1163287736610932
92.0,cctv3,C3_S010,G007,OCCUPIED,OCCUPIED,0.679981277050394
92.0,cctv3,C3_S011,G008,OCCUPIED,OCCUPIED,0.7920434949072925
92.0,cctv3,C3_S012,G009,OCCUPIED,OCCUPIED,0.8258330927653746
93.0,cctv1,C1_S001,G001,OCCUPIED,OCCUPIED,0.7189112290062688
93.0,cctv1,C1_S002,G002,EMPTY,EMPTY,0.01
93.0,cctv1,C1_S003,G003,OCCUPIED,OCCUPIED,0.836901626532728
93.0,cctv1,C1_S004,G004,OCCUPIED,OCCUPIED,0.7668542779304766
93.0,cctv1,C1_S005,G005,OCCUPIED,OCCUPIED,0.7470476298350277
93.0,cctv1,C1_S006,G006,EMPTY,MANEUVERING,0.0614380077362963
93.0,cctv2,C2_S001,G007,OCCUPIED,OCCUPIED,0.8030176945708015
93.0,cctv2,C2_S002,G008,OCCUPIED,LEAVING,0.7947261257605119
93.0,cctv2,C2_S003,G009,EMPTY,MANEUVERING,0.2055254475365985
93.0,cctv2,C2_S004,G010,OCCUPIED,OCCUPIED,0.7057365548272025
93.0,cctv2,C2_S005,G001,EMPTY,EMPTY,0.01
93.0,cctv2,C2_S006,G003,OCCUPIED,OCCUPIED,0.8228358135981994
93.0,cctv2,C2_S007,G004,OCCUPIED,OCCUPIED,0.7952574372291565
93.0,cctv2,C2_S008,G006,OCCUPIED,OCCUPIED,0.7793065027757125
93.0,cctv2,C2_S009,G005,OCCUPIED,OCCUPIED,0.797767903588035
93.0,cctv2,C2_S010,G002,EMPTY,EMPTY,0.01
93.0,cctv2,C2_S011,G017,OCCUPIED,OCCUPIED,0.8118937427347357
93.0,cctv2,C2_S012,G018,OCCUPIED,OCCUPIED,0.7624478681520983
93.0,cctv2,C2_S013,G019,EMPTY,MANEUVERING,0.1810338326882232
93.0,cctv2,C2_S014,G020,EMPTY,EMPTY,0.01
93.0,cctv3,C3_S001,G021,OCCUPIED,OCCUPIED,0.8177838997407394
93.0,cctv3,C3_S002,G019,EMPTY,EMPTY,0.01
93.0,cctv3,C3_S003,G020,EMPTY,EMPTY,0.01
93.0,cctv3,C3_S004,G024,OCCUPIED,OCCUPIED,0.8307841783220118
93.0,cctv3,C3_S005,G025,OCCUPIED,OCCUPIED,0.8308008754795249
93.0,cctv3,C3_S006,G026,OCCUPIED,OCCUPIED,0.8277399369261482
93.0,cctv3,C3_S007,G027,OCCUPIED,OCCUPIED,0.6328054083341902
93.0,cctv3,C3_S008,G028,EMPTY,MANEUVERING,0.1807487107406963
93.0,cctv3,C3_S009,G029,EMPTY,MANEUVERING,0.07192537300966
93.0,cctv3,C3_S010,G007,OCCUPIED,OCCUPIED,0.7194431834600189
93.0,cctv3,C3_S011,G008,OCCUPIED,OCCUPIED,0.7938313018191945
93.0,cctv3,C3_S012,G009,OCCUPIED,OCCUPIED,0.826411200653423
94.0,cctv1,C1_S001,G001,OCCUPIED,OCCUPIED,0.7194086766717109
94.0,cctv1,C1_S002,G002,EMPTY,EMPTY,0.01
94.0,cctv1,C1_S003,G003,OCCUPIED,OCCUPIED,0.8369047248905356
94.0,cctv1,C1_S004,G004,OCCUPIED,OCCUPIED,0.7663338631391526
94.0,cctv1,C1_S005,G005,OCCUPIED,OCCUPIED,0.7489351108020003
94.0,cctv1,C1_S006,G006,EMPTY,MANEUVERING,0.060104674402963
94.0,cctv2,C2_S001,G007,OCCUPIED,OCCUPIED,0.7996491135521369
94.0,cctv2,C2_S002,G008,OCCUPIED,LEAVING,0.7963856913826683
94.0,cctv2,C2_S003,G009,EMPTY,MANEUVERING,0.2055254475365985
94.0,cctv2,C2_S004,G010,OCCUPIED,OCCUPIED,0.7057395946640861
94.0,cctv2,C2_S005,G001,EMPTY,EMPTY,0.01
94.0,cctv2,C2_S006,G003,OCCUPIED,OCCUPIED,0.8229796385223216
94.0,cctv2,C2_S007,G004,OCCUPIED,OCCUPIED,0.7951744358647954
94.0,cctv2,C2_S008,G006,OCCUPIED,OCCUPIED,0.7789396513592114
94.0,cctv2,C2_S009,G005,OCCUPIED,OCCUPIED,0.797340505773371
94.0,cctv2,C2_S010,G002,EMPTY,EMPTY,0.01
94.0,cctv2,C2_S011,G017,OCCUPIED,OCCUPIED,0.8113791048526765
94.0,cctv2,C2_S012,G018,OCCUPIED,OCCUPIED,0.7631514241749591
94.0,cctv2,C2_S013,G019,EMPTY,MANEUVERING,0.1810338326882232
94.0,cctv2,C2_S014,G020,EMPTY,EMPTY,0.01
94.0,cctv3,C3_S001,G021,OCCUPIED,OCCUPIED,0.8182296780022709
94.0,cctv3,C3_S002,G019,EMPTY,EMPTY,0.01
94.0,cctv3,C3_S003,G020,EMPTY,EMPTY,0.01
94.0,cctv3,C3_S004,G024,OCCUPIED,OCCUPIED,0.830656626278704
94.0,cctv3,C3_S005,G025,OCCUPIED,OCCUPIED,0.830748374895616
94.0,cctv3,C3_S006,G026,OCCUPIED,OCCUPIED,0.827726894888011
94.0,cctv3,C3_S007,G027,OCCUPIED,OCCUPIED,0.5512208807829655
94.0,cctv3,C3_S008,G028,EMPTY,MANEUVERING,0.2860539068958976
94.0,cctv3,C3_S009,G029,EMPTY,MANEUVERING,0.07192537300966
94.0,cctv3,C3_S010,G007,OCCUPIED,OCCUPIED,0.7203856383941392
94.0,cctv3,C3_S011,G008,OCCUPIED,OCCUPIED,0.7942594823512165
94.0,cctv3,C3_S012,G009,OCCUPIED,OCCUPIED,0.826489253748547
95.0,cctv1,C1_S001,G001,OCCUPIED,OCCUPIED,0.7214664980091833
95.0,cctv1,C1_S002,G002,EMPTY,EMPTY,0.01
95.0,cctv1,C1_S003,G003,OCCUPIED,OCCUPIED,0.8367996042424983
95.0,cctv1,C1_S004,G004,OCCUPIED,OCCUPIED,0.7657536326484248
95.0,cctv1,C1_S005,G005,OCCUPIED,OCCUPIED,0.753867462981831
95.0,cctv1,C1_S006,G006,EMPTY,MANEUVERING,0.0590137653120539
95.0,cctv2,C2_S001,G007,OCCUPIED,OCCUPIED,0.7995411205020818
95.0,cctv2,C2_S002,G008,OCCUPIED,LEAVING,0.7958626817573201
95.0,cctv2,C2_S003,G009,EMPTY,EMPTY,0.01
95.0,cctv2,C2_S004,G010,OCCUPIED,OCCUPIED,0.742506860264323
95.0,cctv2,C2_S005,G001,EMPTY,EMPTY,0.01
95.0,cctv2,C2_S006,G003,OCCUPIED,OCCUPIED,0.8228535462509503
95.0,cctv2,C2_S007,G004,OCCUPIED,OCCUPIED,0.7955753488974139
95.0,cctv2,C2_S008,G006,OCCUPIED,OCCUPIED,0.777922810478644
95.0,cctv2,C2_S009,G005,OCCUPIED,OCCUPIED,0.7972655242139643
95.0,cctv2,C2_S010,G002,EMPTY,EMPTY,0.01
95.0,cctv2,C2_S011,G017,OCCUPIED,OCCUPIED,0.8116866184906527
95.0,cctv2,C2_S012,G018,OCCUPIED,OCCUPIED,0.7644714948805896
95.0,cctv2,C2_S013,G019,EMPTY,MANEUVERING,0.1810338326882232
95.0,cctv2,C2_S014,G020,EMPTY,EMPTY,0.01
95.0,cctv3,C3_S001,G021,OCCUPIED,OCCUPIED,0.8189065326343884
95.0,cctv3,C3_S002,G019,EMPTY,EMPTY,0.01
95.0,cctv3,C3_S003,G020,EMPTY,EMPTY,0.01
95.0,cctv3,C3_S004,G024,OCCUPIED,OCCUPIED,0.8305339859290557
95.0,cctv3,C3_S005,G025,OCCUPIED,OCCUPIED,0.8307404363697226
95.0,cctv3,C3_S006,G026,OCCUPIED,OCCUPIED,0.8277586603706534
95.0,cctv3,C3_S007,G027,OCCUPIED,OCCUPIED,0.5513241994742192
95.0,cctv3,C3_S008,G028,EMPTY,MANEUVERING,0.2660539068958976
95.0,cctv3,C3_S009,G029,EMPTY,MANEUVERING,0.07192537300966
95.0,cctv3,C3_S010,G007,OCCUPIED,OCCUPIED,0.7223220636627892
95.0,cctv3,C3_S011,G008,OCCUPIED,OCCUPIED,0.796616956320676
95.0,cctv3,C3_S012,G009,OCCUPIED,OCCUPIED,0.8263203989375723
96.0,cctv1,C1_S001,G001,OCCUPIED,OCCUPIED,0.7189786067063159
96.0,cctv1,C1_S002,G002,EMPTY,EMPTY,0.01
96.0,cctv1,C1_S003,G003,OCCUPIED,OCCUPIED,0.836870991641825
96.0,cctv1,C1_S004,G004,OCCUPIED,OCCUPIED,0.7666944089260969
96.0,cctv1,C1_S005,G005,OCCUPIED,OCCUPIED,0.7545643707838927
96.0,cctv1,C1_S006,G006,EMPTY,MANEUVERING,0.0590137653120539
96.0,cctv2,C2_S001,G007,OCCUPIED,OCCUPIED,0.7983039044521072
96.0,cctv2,C2_S002,G008,OCCUPIED,LEAVING,0.7948170672763478
96.0,cctv2,C2_S003,G009,EMPTY,EMPTY,0.01
96.0,cctv2,C2_S004,G010,OCCUPIED,OCCUPIED,0.7427861627529968
96.0,cctv2,C2_S005,G001,EMPTY,EMPTY,0.01
96.0,cctv2,C2_S006,G003,OCCUPIED,OCCUPIED,0.8232925588434393
96.0,cctv2,C2_S007,G004,OCCUPIED,OCCUPIED,0.7964174438606609
96.0,cctv2,C2_S008,G006,OCCUPIED,OCCUPIED,0.7788480173457754
96.0,cctv2,C2_S009,G005,OCCUPIED,OCCUPIED,0.7990590491078118
96.0,cctv2,C2_S010,G002,EMPTY,EMPTY,0.01
96.0,cctv2,C2_S011,G017,OCCUPIED,OCCUPIED,0.8122227051041344
96.0,cctv2,C2_S012,G018,OCCUPIED,OCCUPIED,0.7645840606906198
96.0,cctv2,C2_S013,G019,EMPTY,MANEUVERING,0.1810338326882232
96.0,cctv2,C2_S014,G020,EMPTY,EMPTY,0.01
96.0,cctv3,C3_S001,G021,OCCUPIED,OCCUPIED,0.8188535281203011
96.0,cctv3,C3_S002,G019,EMPTY,EMPTY,0.01
96.0,cctv3,C3_S003,G020,EMPTY,EMPTY,0.01
96.0,cctv3,C3_S004,G024,OCCUPIED,OCCUPIED,0.8305261953310534
96.0,cctv3,C3_S005,G025,OCCUPIED,OCCUPIED,0.8307112433693626
96.0,cctv3,C3_S006,G026,OCCUPIED,OCCUPIED,0.8278032346205279
96.0,cctv3,C3_S007,G027,OCCUPIED,OCCUPIED,0.5971132373177644
96.0,cctv3,C3_S008,G028,EMPTY,MANEUVERING,0.2090539068958976
96.0,cctv3,C3_S009,G029,EMPTY,MANEUVERING,0.1614593335376544
96.0,cctv3,C3_S010,G007,OCCUPIED,OCCUPIED,0.6307239602370697
96.0,cctv3,C3_S011,G008,OCCUPIED,OCCUPIED,0.7982324475591833
96.0,cctv3,C3_S012,G009,OCCUPIED,OCCUPIED,0.8264826904643666
97.0,cctv1,C1_S001,G001,OCCUPIED,OCCUPIED,0.718187546662309
97.0,cctv1,C1_S002,G002,EMPTY,EMPTY,0.01
97.0,cctv1,C1_S003,G003,OCCUPIED,OCCUPIED,0.8367418481545015
97.0,cctv1,C1_S004,G004,OCCUPIED,OCCUPIED,0.7661248077045788
97.0,cctv1,C1_S005,G005,OCCUPIED,OCCUPIED,0.7674228981137277
97.0,cctv1,C1_S006,G006,EMPTY,EMPTY,0.01
97.0,cctv2,C2_S001,G007,OCCUPIED,OCCUPIED,0.7974216202443297
97.0,cctv2,C2_S002,G008,OCCUPIED,LEAVING,0.7927987960251895
97.0,cctv2,C2_S003,G009,EMPTY,EMPTY,0.01
97.0,cctv2,C2_S004,G010,OCCUPIED,OCCUPIED,0.7431323152374139
97.0,cctv2,C2_S005,G001,EMPTY,EMPTY,0.01
97.0,cctv2,C2_S006,G003,OCCUPIED,OCCUPIED,0.8231857475909321
97.0,cctv2,C2_S007,G004,OCCUPIED,OCCUPIED,0.7966705818067898
97.0,cctv2,C2_S008,G006,OCCUPIED,OCCUPIED,0.779280934008685
97.0,cctv2,C2_S009,G005,OCCUPIED,OCCUPIED,0.799988305297765
97.0,cctv2,C2_S010,G002,EMPTY,EMPTY,0.01
97.0,cctv2,C2_S011,G017,OCCUPIED,OCCUPIED,0.8125007656487553
97.0,cctv2,C2_S012,G018,OCCUPIED,OCCUPIED,0.7640572175383569
97.0,cctv2,C2_S013,G019,EMPTY,EMPTY,0.01
97.0,cctv2,C2_S014,G020,EMPTY,EMPTY,0.01
97.0,cctv3,C3_S001,G021,OCCUPIED,OCCUPIED,0.8186768859624863
97.0,cctv3,C3_S002,G019,EMPTY,EMPTY,0.01
97.0,cctv3,C3_S003,G020,EMPTY,EMPTY,0.01
97.0,cctv3,C3_S004,G024,OCCUPIED,OCCUPIED,0.8305298439481043
97.0,cctv3,C3_S005,G025,OCCUPIED,OCCUPIED,0.8306822812015361
97.0,cctv3,C3_S006,G026,OCCUPIED,OCCUPIED,0.8278049764308063
97.0,cctv3,C3_S007,G027,OCCUPIED,OCCUPIED,0.5978264083826181
97.0,cctv3,C3_S008,G028,EMPTY,MANEUVERING,0.2010539068958975
97.0,cctv3,C3_S009,G029,EMPTY,MANEUVERING,0.2558978868479078
97.0,cctv3,C3_S010,G007,OCCUPIED,OCCUPIED,0.5411894504150208
97.0,cctv3,C3_S011,G008,OCCUPIED,OCCUPIED,0.7995629532770677
97.0,cctv3,C3_S012,G009,OCCUPIED,OCCUPIED,0.8266824199394747
98.0,cctv1,C1_S001,G001,OCCUPIED,OCCUPIED,0.7176531550220469
98.0,cctv1,C1_S002,G002,EMPTY,EMPTY,0.01
98.0,cctv1,C1_S003,G003,OCCUPIED,OCCUPIED,0.8367814180525868
98.0,cctv1,C1_S004,G004,OCCUPIED,OCCUPIED,0.7671360049735416
98.0,cctv1,C1_S005,G005,OCCUPIED,LEAVING,0.7666984245181084
98.0,cctv1,C1_S006,G006,EMPTY,EMPTY,0.01
98.0,cctv2,C2_S001,G007,OCCUPIED,OCCUPIED,0.7982773140072823
98.0,cctv2,C2_S002,G008,OCCUPIED,LEAVING,0.7941178373315119
98.0,cctv2,C2_S003,G009,EMPTY,EMPTY,0.01
98.0,cctv2,C2_S004,G010,OCCUPIED,OCCUPIED,0.7438209419223396
98.0,cctv2,C2_S005,G001,EMPTY,EMPTY,0.01
98.0,cctv2,C2_S006,G003,OCCUPIED,OCCUPIED,0.8231568293137984
98.0,cctv2,C2_S007,G004,OCCUPIED,OCCUPIED,0.7964150688864968
98.0,cctv2,C2_S008,G006,OCCUPIED,OCCUPIED,0.7779441750862383
98.0,cctv2,C2_S009,G005,OCCUPIED,OCCUPIED,0.8006419450044633
98.0,cctv2,C2_S010,G002,EMPTY,EMPTY,0.01
98.0,cctv2,C2_S011,G017,OCCUPIED,OCCUPIED,0.8126723189245572
98.0,cctv2,C2_S012,G018,OCCUPIED,OCCUPIED,0.7644197932698511
98.0,cctv2,C2_S013,G019,EMPTY,EMPTY,0.01
98.0,cctv2,C2_S014,G020,EMPTY,EMPTY,0.01
98.0,cctv3,C3_S001,G021,OCCUPIED,OCCUPIED,0.8184862377968702
98.0,cctv3,C3_S002,G019,EMPTY,EMPTY,0.01
98.0,cctv3,C3_S003,G020,EMPTY,EMPTY,0.01
98.0,cctv3,C3_S004,G024,OCCUPIED,OCCUPIED,0.8304957002401352
98.0,cctv3,C3_S005,G025,OCCUPIED,OCCUPIED,0.8306410288268871
98.0,cctv3,C3_S006,G026,OCCUPIED,OCCUPIED,0.8276717592369427
98.0,cctv3,C3_S007,G027,OCCUPIED,OCCUPIED,0.6615825047660056
98.0,cctv3,C3_S008,G028,EMPTY,MANEUVERING,0.2441377076138923
98.0,cctv3,C3_S009,G029,EMPTY,MANEUVERING,0.2083386892215772
98.0,cctv3,C3_S010,G007,OCCUPIED,OCCUPIED,0.5872896321975825
98.0,cctv3,C3_S011,G008,OCCUPIED,OCCUPIED,0.7997817947105929
98.0,cctv3,C3_S012,G009,OCCUPIED,OCCUPIED,0.8266773221167651
99.0,cctv1,C1_S001,G001,OCCUPIED,OCCUPIED,0.635952217433263
99.0,cctv1,C1_S002,G002,EMPTY,EMPTY,0.01
99.0,cctv1,C1_S003,G003,OCCUPIED,OCCUPIED,0.8366066534410824
99.0,cctv1,C1_S004,G004,OCCUPIED,OCCUPIED,0.7676437747749416
99.0,cctv1,C1_S005,G005,OCCUPIED,LEAVING,0.7681595798243177
99.0,cctv1,C1_S006,G006,EMPTY,EMPTY,0.01
99.0,cctv2,C2_S001,G007,OCCUPIED,OCCUPIED,0.7983613915064118
99.0,cctv2,C2_S002,G008,OCCUPIED,LEAVING,0.7927258635109122
99.0,cctv2,C2_S003,G009,EMPTY,EMPTY,0.01
99.0,cctv2,C2_S004,G010,OCCUPIED,OCCUPIED,0.7447131364860319
99.0,cctv2,C2_S005,G001,EMPTY,EMPTY,0.01
99.0,cctv2,C2_S006,G003,OCCUPIED,OCCUPIED,0.8230989009141922
99.0,cctv2,C2_S007,G004,OCCUPIED,OCCUPIED,0.7969997750087219
99.0,cctv2,C2_S008,G006,OCCUPIED,OCCUPIED,0.7779852600260215
99.0,cctv2,C2_S009,G005,OCCUPIED,OCCUPIED,0.8013847315853293
99.0,cctv2,C2_S010,G002,EMPTY,EMPTY,0.01
99.0,cctv2,C2_S011,G017,OCCUPIED,OCCUPIED,0.8116270945830779
99.0,cctv2,C2_S012,G018,OCCUPIED,OCCUPIED,0.764852358807217
99.0,cctv2,C2_S013,G019,EMPTY,EMPTY,0.01
99.0,cctv2,C2_S014,G020,EMPTY,EMPTY,0.01
99.0,cctv3,C3_S001,G021,OCCUPIED,OCCUPIED,0.8180093125863509
99.0,cctv3,C3_S002,G019,EMPTY,EMPTY,0.01
99.0,cctv3,C3_S003,G020,EMPTY,EMPTY,0.01
99.0,cctv3,C3_S004,G024,OCCUPIED,OCCUPIED,0.8304633015936072
99.0,cctv3,C3_S005,G025,OCCUPIED,OCCUPIED,0.8306853958151558
99.0,cctv3,C3_S006,G026,OCCUPIED,OCCUPIED,0.8275448346679861
99.0,cctv3,C3_S007,G027,OCCUPIED,OCCUPIED,0.6156667320498012
99.0,cctv3,C3_S008,G028,EMPTY,MANEUVERING,0.2377091361853209
99.0,cctv3,C3_S009,G029,EMPTY,MANEUVERING,0.2083386892215772
99.0,cctv3,C3_S010,G007,OCCUPIED,OCCUPIED,0.5863679357730982
99.0,cctv3,C3_S011,G008,OCCUPIED,OCCUPIED,0.8003156900405884
99.0,cctv3,C3_S012,G009,OCCUPIED,OCCUPIED,0.8264275499365548
100.0,cctv1,C1_S001,G001,OCCUPIED,OCCUPIED,0.6342520751651716
100.0,cctv1,C1_S002,G002,EMPTY,EMPTY,0.01
100.0,cctv1,C1_S003,G003,OCCUPIED,OCCUPIED,0.8365428201176904
100.0,cctv1,C1_S004,G004,OCCUPIED,OCCUPIED,0.769096889956431
100.0,cctv1,C1_S005,G005,OCCUPIED,LEAVING,0.7685495490377601
100.0,cctv1,C1_S006,G006,EMPTY,EMPTY,0.01
100.0,cctv2,C2_S001,G007,OCCUPIED,OCCUPIED,0.7955801252614368
100.0,cctv2,C2_S002,G008,OCCUPIED,LEAVING,0.7922978057102724
100.0,cctv2,C2_S003,G009,EMPTY,EMPTY,0.01
100.0,cctv2,C2_S004,G010,OCCUPIED,OCCUPIED,0.7448286246847023
100.0,cctv2,C2_S005,G001,EMPTY,EMPTY,0.01
100.0,cctv2,C2_S006,G003,OCCUPIED,OCCUPIED,0.8230242753570731
100.0,cctv2,C2_S007,G004,OCCUPIED,OCCUPIED,0.7975464189594443
100.0,cctv2,C2_S008,G006,OCCUPIED,OCCUPIED,0.7771536138924686
100.0,cctv2,C2_S009,G005,OCCUPIED,OCCUPIED,0.8029759309508584
100.0,cctv2,C2_S010,G002,EMPTY,EMPTY,0.01
100.0,cctv2,C2_S011,G017,OCCUPIED,OCCUPIED,0.8119831521402706
100.0,cctv2,C2_S012,G018,OCCUPIED,OCCUPIED,0.7645984393629162
100.0,cctv2,C2_S013,G019,EMPTY,EMPTY,0.01
100.0,cctv2,C2_S014,G020,EMPTY,EMPTY,0.01
100.0,cctv3,C3_S001,G021,OCCUPIED,OCCUPIED,0.8178717851638795
100.0,cctv3,C3_S002,G019,EMPTY,EMPTY,0.01
100.0,cctv3,C3_S003,G020,EMPTY,EMPTY,0.01
100.0,cctv3,C3_S004,G024,OCCUPIED,OCCUPIED,0.8305291165005078
100.0,cctv3,C3_S005,G025,OCCUPIED,OCCUPIED,0.8306647452441129
100.0,cctv3,C3_S006,G026,OCCUPIED,OCCUPIED,0.8275950082323769
100.0,cctv3,C3_S007,G027,OCCUPIED,OCCUPIED,0.6203657112089973
100.0,cctv3,C3_S008,G028,EMPTY,MANEUVERING,0.2327091361853209
100.0,cctv3,C3_S009,G029,EMPTY,MANEUVERING,0.1633386892215772
100.0,cctv3,C3_S010,G007,OCCUPIED,OCCUPIED,0.6313694949312645
100.0,cctv3,C3_S011,G008,OCCUPIED,OCCUPIED,0.8022870941595598
100.0,cctv3,C3_S012,G009,OCCUPIED,OCCUPIED,0.8265404676849193
101.0,cctv1,C1_S001,G001,OCCUPIED,OCCUPIED,0.6333220862444829
101.0,cctv1,C1_S002,G002,EMPTY,EMPTY,0.01
101.0,cctv1,C1_S003,G003,OCCUPIED,OCCUPIED,0.8366591003808109
101.0,cctv1,C1_S004,G004,OCCUPIED,OCCUPIED,0.7700359211726623
101.0,cctv1,C1_S005,G005,OCCUPIED,LEAVING,0.7708796904845672
101.0,cctv1,C1_S006,G006,EMPTY,EMPTY,0.01
101.0,cctv2,C2_S001,G007,OCCUPIED,OCCUPIED,0.796998830139637
101.0,cctv2,C2_S002,G008,OCCUPIED,LEAVING,0.7921495730226691
101.0,cctv2,C2_S003,G009,EMPTY,EMPTY,0.01
101.0,cctv2,C2_S004,G010,OCCUPIED,OCCUPIED,0.7473641465333376
101.0,cctv2,C2_S005,G001,EMPTY,EMPTY,0.01
101.0,cctv2,C2_S006,G003,OCCUPIED,OCCUPIED,0.8227681723507969
101.0,cctv2,C2_S007,G004,OCCUPIED,OCCUPIED,0.797508429126306
101.0,cctv2,C2_S008,G006,OCCUPIED,OCCUPIED,0.7760147564790466
101.0,cctv2,C2_S009,G005,OCCUPIED,OCCUPIED,0.8033637824383649
101.0,cctv2,C2_S010,G002,EMPTY,EMPTY,0.01
101.0,cctv2,C2_S011,G017,OCCUPIED,OCCUPIED,0.8118181507695805
101.0,cctv2,C2_S012,G018,OCCUPIED,OCCUPIED,0.764332376420498
101.0,cctv2,C2_S013,G019,EMPTY,EMPTY,0.01
101.0,cctv2,C2_S014,G020,EMPTY,EMPTY,0.01
101.0,cctv3,C3_S001,G021,OCCUPIED,OCCUPIED,0.8175673471255737
101.0,cctv3,C3_S002,G019,EMPTY,EMPTY,0.01
101.0,cctv3,C3_S003,G020,EMPTY,EMPTY,0.01
101.0,cctv3,C3_S004,G024,OCCUPIED,OCCUPIED,0.8305138717998158
101.0,cctv3,C3_S005,G025,OCCUPIED,OCCUPIED,0.830849086154591
101.0,cctv3,C3_S006,G026,OCCUPIED,OCCUPIED,0.8276291608810425
101.0,cctv3,C3_S007,G027,OCCUPIED,OCCUPIED,0.6243199303714615
101.0,cctv3,C3_S008,G028,EMPTY,MANEUVERING,0.2287091361853209
101.0,cctv3,C3_S009,G029,EMPTY,MANEUVERING,0.1183386892215772
101.0,cctv3,C3_S010,G007,OCCUPIED,OCCUPIED,0.6749732799692587
101.0,cctv3,C3_S011,G008,OCCUPIED,OCCUPIED,0.8024072961373763
101.0,cctv3,C3_S012,G009,OCCUPIED,OCCUPIED,0.826987255432389
102.0,cctv1,C1_S001,G001,OCCUPIED,OCCUPIED,0.6342276409115981
102.0,cctv1,C1_S002,G002,EMPTY,EMPTY,0.01
102.0,cctv1,C1_S003,G003,OCCUPIED,OCCUPIED,0.8366357773542404
102.0,cctv1,C1_S004,G004,OCCUPIED,OCCUPIED,0.7691331440752204
102.0,cctv1,C1_S005,G005,OCCUPIED,LEAVING,0.7676795363426209
102.0,cctv1,C1_S006,G006,EMPTY,EMPTY,0.01
102.0,cctv2,C2_S001,G007,OCCUPIED,OCCUPIED,0.7964829844507305
102.0,cctv2,C2_S002,G008,OCCUPIED,LEAVING,0.7927473520690745
102.0,cctv2,C2_S003,G009,EMPTY,EMPTY,0.01
102.0,cctv2,C2_S004,G010,OCCUPIED,OCCUPIED,0.7469665049829267
102.0,cctv2,C2_S005,G001,EMPTY,EMPTY,0.01
102.0,cctv2,C2_S006,G003,OCCUPIED,OCCUPIED,0.8227680520577865
102.0,cctv2,C2_S007,G004,OCCUPIED,OCCUPIED,0.7972188781608236
102.0,cctv2,C2_S008,G006,OCCUPIED,OCCUPIED,0.7756823547861793
102.0,cctv2,C2_S009,G005,OCCUPIED,OCCUPIED,0.8039023683829741
102.0,cctv2,C2_S010,G002,EMPTY,EMPTY,0.01
102.0,cctv2,C2_S011,G017,OCCUPIED,OCCUPIED,0.8123184469613163
102.0,cctv2,C2_S012,G018,OCCUPIED,OCCUPIED,0.764965285089883
102.0,cctv2,C2_S013,G019,EMPTY,EMPTY,0.01
102.0,cctv2,C2_S014,G020,EMPTY,EMPTY,0.01
102.0,cctv3,C3_S001,G021,OCCUPIED,OCCUPIED,0.8176014225591314
102.0,cctv3,C3_S002,G019,EMPTY,EMPTY,0.01
102.0,cctv3,C3_S003,G020,EMPTY,EMPTY,0.01
102.0,cctv3,C3_S004,G024,OCCUPIED,OCCUPIED,0.8303277768872002
102.0,cctv3,C3_S005,G025,OCCUPIED,OCCUPIED,0.8308377810499885
102.0,cctv3,C3_S006,G026,OCCUPIED,OCCUPIED,0.8276112542911009
102.0,cctv3,C3_S007,G027,OCCUPIED,OCCUPIED,0.6273878498759234
102.0,cctv3,C3_S008,G028,EMPTY,MANEUVERING,0.1804364089125936
102.0,cctv3,C3_S009,G029,EMPTY,MANEUVERING,0.2072261122072284
102.0,cctv3,C3_S010,G007,OCCUPIED,OCCUPIED,0.5840049716627056
102.0,cctv3,C3_S011,G008,OCCUPIED,OCCUPIED,0.8011440894820474
102.0,cctv3,C3_S012,G009,OCCUPIED,OCCUPIED,0.8271629490635612
103.0,cctv1,C1_S001,G001,OCCUPIED,OCCUPIED,0.6780032116581094
103.0,cctv1,C1_S002,G002,EMPTY,EMPTY,0.01
103.0,cctv1,C1_S003,G003,OCCUPIED,OCCUPIED,0.8368249527432703
103.0,cctv1,C1_S004,G004,OCCUPIED,OCCUPIED,0.7699875377795914
103.0,cctv1,C1_S005,G005,OCCUPIED,LEAVING,0.769086642292413
103.0,cctv1,C1_S006,G006,EMPTY,EMPTY,0.01
103.0,cctv2,C2_S001,G007,OCCUPIED,OCCUPIED,0.7997690676288172
103.0,cctv2,C2_S002,G008,OCCUPIED,LEAVING,0.7943291742693295
103.0,cctv2,C2_S003,G009,EMPTY,EMPTY,0.01
103.0,cctv2,C2_S004,G010,OCCUPIED,OCCUPIED,0.7493049301884391
103.0,cctv2,C2_S005,G001,EMPTY,EMPTY,0.01
103.0,cctv2,C2_S006,G003,OCCUPIED,OCCUPIED,0.8227571452205832
103.0,cctv2,C2_S007,G004,OCCUPIED,OCCUPIED,0.7963414349339226
103.0,cctv2,C2_S008,G006,OCCUPIED,OCCUPIED,0.7754245839335703
103.0,cctv2,C2_S009,G005,OCCUPIED,OCCUPIED,0.8041689498858019
103.0,cctv2,C2_S010,G002,EMPTY,EMPTY,0.01
103.0,cctv2,C2_S011,G017,OCCUPIED,OCCUPIED,0.8134967462583023
103.0,cctv2,C2_S012,G018,OCCUPIED,OCCUPIED,0.7652274324135347
103.0,cctv2,C2_S013,G019,EMPTY,EMPTY,0.01
103.0,cctv2,C2_S014,G020,EMPTY,EMPTY,0.01
103.0,cctv3,C3_S001,G021,OCCUPIED,OCCUPIED,0.8169862538576127
103.0,cctv3,C3_S002,G019,EMPTY,EMPTY,0.01
103.0,cctv3,C3_S003,G020,EMPTY,EMPTY,0.01
103.0,cctv3,C3_S004,G024,OCCUPIED,OCCUPIED,0.8302508560093967
103.0,cctv3,C3_S005,G025,OCCUPIED,OCCUPIED,0.8308597125790337
103.0,cctv3,C3_S006,G026,OCCUPIED,OCCUPIED,0.8275695329362697
103.0,cctv3,C3_S007,G027,OCCUPIED,OCCUPIED,0.6751066698709672
103.0,cctv3,C3_S008,G028,EMPTY,MANEUVERING,0.1327802579985423
103.0,cctv3,C3_S009,G029,EMPTY,MANEUVERING,0.2072261122072284
103.0,cctv3,C3_S010,G007,OCCUPIED,OCCUPIED,0.5822654859145934
103.0,cctv3,C3_S011,G008,OCCUPIED,OCCUPIED,0.8014106400988319
103.0,cctv3,C3_S012,G009,OCCUPIED,OCCUPIED,0.8272945488041098
104.0,cctv1,C1_S001,G001,OCCUPIED,OCCUPIED,0.6778664790127765
104.0,cctv1,C1_S002,G002,EMPTY,EMPTY,0.01
104.0,cctv1,C1_S003,G003,OCCUPIED,OCCUPIED,0.8368530362844467
104.0,cctv1,C1_S004,G004,OCCUPIED,OCCUPIED,0.7687526792287828
104.0,cctv1,C1_S005,G005,OCCUPIED,LEAVING,0.769121696732261
104.0,cctv1,C1_S006,G006,EMPTY,EMPTY,0.01
104.0,cctv2,C2_S001,G007,OCCUPIED,OCCUPIED,0.7987214130434124
104.0,cctv2,C2_S002,G008,OCCUPIED,LEAVING,0.7952743855389682
104.0,cctv2,C2_S003,G009,EMPTY,EMPTY,0.01
104.0,cctv2,C2_S004,G010,OCCUPIED,OCCUPIED,0.7490741151300344
104.0,cctv2,C2_S005,G001,EMPTY,EMPTY,0.01
104.0,cctv2,C2_S006,G003,OCCUPIED,OCCUPIED,0.8229634306647562
104.0,cctv2,C2_S007,G004,OCCUPIED,OCCUPIED,0.7968623573129828
104.0,cctv2,C2_S008,G006,OCCUPIED,OCCUPIED,0.7748030697757549
104.0,cctv2,C2_S009,G005,OCCUPIED,OCCUPIED,0.8047384234991941
104.0,cctv2,C2_S010,G002,EMPTY,EMPTY,0.01
104.0,cctv2,C2_S011,G017,OCCUPIED,OCCUPIED,0.8139576895670458
104.0,cctv2,C2_S012,G018,OCCUPIED,OCCUPIED,0.7649599072608082
104.0,cctv2,C2_S013,G019,EMPTY,EMPTY,0.01
104.0,cctv2,C2_S014,G020,EMPTY,EMPTY,0.01
104.0,cctv3,C3_S001,G021,OCCUPIED,OCCUPIED,0.8163609130816026
104.0,cctv3,C3_S002,G019,EMPTY,EMPTY,0.01
104.0,cctv3,C3_S003,G020,EMPTY,EMPTY,0.01
104.0,cctv3,C3_S004,G024,OCCUPIED,OCCUPIED,0.8302204275673086
104.0,cctv3,C3_S005,G025,OCCUPIED,OCCUPIED,0.8308770640329881
104.0,cctv3,C3_S006,G026,OCCUPIED,OCCUPIED,0.8276938362555071
104.0,cctv3,C3_S007,G027,OCCUPIED,OCCUPIED,0.6742948362806982
104.0,cctv3,C3_S008,G028,EMPTY,MANEUVERING,0.1327802579985423
104.0,cctv3,C3_S009,G029,EMPTY,MANEUVERING,0.3008686791072515
104.0,cctv3,C3_S010,G007,OCCUPIED,OCCUPIED,0.51
104.0,cctv3,C3_S011,G008,OCCUPIED,OCCUPIED,0.8002342224121094
104.0,cctv3,C3_S012,G009,OCCUPIED,OCCUPIED,0.827219985019077
105.0,cctv1,C1_S001,G001,OCCUPIED,OCCUPIED,0.6790678650174629
105.0,cctv1,C1_S002,G002,EMPTY,EMPTY,0.01
105.0,cctv1,C1_S003,G003,OCCUPIED,OCCUPIED,0.8368320110169325
105.0,cctv1,C1_S004,G004,OCCUPIED,OCCUPIED,0.7685330404476687
105.0,cctv1,C1_S005,G005,OCCUPIED,LEAVING,0.7691571770743891
105.0,cctv1,C1_S006,G006,EMPTY,EMPTY,0.01
105.0,cctv2,C2_S001,G007,OCCUPIED,OCCUPIED,0.8010615725408902
105.0,cctv2,C2_S002,G008,OCCUPIED,LEAVING,0.7929276842962613
105.0,cctv2,C2_S003,G009,EMPTY,EMPTY,0.01
105.0,cctv2,C2_S004,G010,OCCUPIED,OCCUPIED,0.749011561951854
105.0,cctv2,C2_S005,G001,EMPTY,EMPTY,0.01
105.0,cctv2,C2_S006,G003,OCCUPIED,OCCUPIED,0.8227133414962076
105.0,cctv2,C2_S007,G004,OCCUPIED,OCCUPIED,0.7965236040678891
105.0,cctv2,C2_S008,G006,OCCUPIED,OCCUPIED,0.7742281317710877
105.0,cctv2,C2_S009,G005,OCCUPIED,OCCUPIED,0.8055936271494086
105.0,cctv2,C2_S010,G002,EMPTY,EMPTY,0.01
105.0,cctv2,C2_S011,G017,OCCUPIED,OCCUPIED,0.8143479436635972
105.0,cctv2,C2_S012,G018,OCCUPIED,OCCUPIED,0.7643983075564559
105.0,cctv2,C2_S013,G019,EMPTY,EMPTY,0.01
105.0,cctv2,C2_S014,G020,EMPTY,EMPTY,0.01
105.0,cctv3,C3_S001,G021,OCCUPIED,OCCUPIED,0.8160788999362426
105.0,cctv3,C3_S002,G019,EMPTY,EMPTY,0.01
105.0,cctv3,C3_S003,G020,EMPTY,EMPTY,0.01
105.0,cctv3,C3_S004,G024,OCCUPIED,OCCUPIED,0.8302566000006416
105.0,cctv3,C3_S005,G025,OCCUPIED,OCCUPIED,0.8309193640947342
105.0,cctv3,C3_S006,G026,OCCUPIED,OCCUPIED,0.8278239607810974
105.0,cctv3,C3_S007,G027,OCCUPIED,OCCUPIED,0.7230496638132768
105.0,cctv3,C3_S008,G028,EMPTY,MANEUVERING,0.076474140218713
105.0,cctv3,C3_S009,G029,EMPTY,MANEUVERING,0.3949247421662916
105.0,cctv3,C3_S010,G007,OCCUPIED,OCCUPIED,0.51
105.0,cctv3,C3_S011,G008,OCCUPIED,OCCUPIED,0.7995188301259821
105.0,cctv3,C3_S012,G009,OCCUPIED,OCCUPIED,0.8273186618631537
106.0,cctv1,C1_S001,G001,OCCUPIED,OCCUPIED,0.6773356810246002
106.0,cctv1,C1_S002,G002,EMPTY,EMPTY,0.01
106.0,cctv1,C1_S003,G003,OCCUPIED,OCCUPIED,0.8369103485887701
106.0,cctv1,C1_S004,G004,OCCUPIED,OCCUPIED,0.7697381386702712
106.0,cctv1,C1_S005,G005,OCCUPIED,LEAVING,0.7683334771882404
106.0,cctv1,C1_S006,G006,EMPTY,EMPTY,0.01
106.0,cctv2,C2_S001,G007,OCCUPIED,OCCUPIED,0.8000490427017213
106.0,cctv2,C2_S002,G008,OCCUPIED,LEAVING,0.7927775578065352
106.0,cctv2,C2_S003,G009,EMPTY,EMPTY,0.01
106.0,cctv2,C2_S004,G010,OCCUPIED,OCCUPIED,0.7498570677908984
106.0,cctv2,C2_S005,G001,EMPTY,EMPTY,0.01
106.0,cctv2,C2_S006,G003,OCCUPIED,OCCUPIED,0.8230622936378826
106.0,cctv2,C2_S007,G004,OCCUPIED,OCCUPIED,0.796522306041284
106.0,cctv2,C2_S008,G006,OCCUPIED,OCCUPIED,0.7742410258813338
106.0,cctv2,C2_S009,G005,OCCUPIED,OCCUPIED,0.8059303890575062
106.0,cctv2,C2_S010,G002,EMPTY,EMPTY,0.01
106.0,cctv2,C2_S011,G017,OCCUPIED,OCCUPIED,0.8144408675757322
106.0,cctv2,C2_S012,G018,OCCUPIED,OCCUPIED,0.7645606693896381
106.0,cctv2,C2_S013,G019,EMPTY,EMPTY,0.01
106.0,cctv2,C2_S014,G020,EMPTY,EMPTY,0.01
106.0,cctv3,C3_S001,G021,OCCUPIED,OCCUPIED,0.8155816435813904
106.0,cctv3,C3_S002,G019,EMPTY,EMPTY,0.01
106.0,cctv3,C3_S003,G020,EMPTY,EMPTY,0.01
106.0,cctv3,C3_S004,G024,OCCUPIED,OCCUPIED,0.8302636761556973
106.0,cctv3,C3_S005,G025,OCCUPIED,OCCUPIED,0.8308611122044651
106.0,cctv3,C3_S006,G026,OCCUPIED,OCCUPIED,0.8278224644335834
106.0,cctv3,C3_S007,G027,OCCUPIED,OCCUPIED,0.7223594670200891
106.0,cctv3,C3_S008,G028,EMPTY,MANEUVERING,0.076474140218713
106.0,cctv3,C3_S009,G029,EMPTY,MANEUVERING,0.3499247421662916
106.0,cctv3,C3_S010,G007,OCCUPIED,OCCUPIED,0.51
106.0,cctv3,C3_S011,G008,OCCUPIED,OCCUPIED,0.7996508037502116
106.0,cctv3,C3_S012,G009,OCCUPIED,OCCUPIED,0.8274408372965727
107.0,cctv1,C1_S001,G001,OCCUPIED,OCCUPIED,0.6785955928299915
107.0,cctv1,C1_S002,G002,EMPTY,EMPTY,0.01
107.0,cctv1,C1_S003,G003,OCCUPIED,OCCUPIED,0.8368076061660594
107.0,cctv1,C1_S004,G004,OCCUPIED,OCCUPIED,0.7698053755543449
107.0,cctv1,C1_S005,G005,OCCUPIED,LEAVING,0.7701063401319764
107.0,cctv1,C1_S006,G006,EMPTY,EMPTY,0.01
107.0,cctv2,C2_S001,G007,OCCUPIED,OCCUPIED,0.8012284506451001
107.0,cctv2,C2_S002,G008,OCCUPIED,LEAVING,0.7921941163865003
107.0,cctv2,C2_S003,G009,EMPTY,EMPTY,0.01
107.0,cctv2,C2_S004,G010,OCCUPIED,OCCUPIED,0.7475859973240983
107.0,cctv2,C2_S005,G001,EMPTY,EMPTY,0.01
107.0,cctv2,C2_S006,G003,OCCUPIED,OCCUPIED,0.8223625109954315
107.0,cctv2,C2_S007,G004,OCCUPIED,OCCUPIED,0.7965409628369592
107.0,cctv2,C2_S008,G006,OCCUPIED,OCCUPIED,0.7728199976411734
107.0,cctv2,C2_S009,G005,OCCUPIED,OCCUPIED,0.8032272531227632
107.0,cctv2,C2_S010,G002,EMPTY,EMPTY,0.01
107.0,cctv2,C2_S011,G017,OCCUPIED,OCCUPIED,0.8142717347903685
107.0,cctv2,C2_S012,G018,OCCUPIED,OCCUPIED,0.7653630627827211
107.0,cctv2,C2_S013,G019,EMPTY,EMPTY,0.01
107.0,cctv2,C2_S014,G020,EMPTY,EMPTY,0.01
107.0,cctv3,C3_S001,G021,OCCUPIED,OCCUPIED,0.8146660869771785
107.0,cctv3,C3_S002,G019,EMPTY,EMPTY,0.01
107.0,cctv3,C3_S003,G020,EMPTY,EMPTY,0.01
107.0,cctv3,C3_S004,G024,OCCUPIED,OCCUPIED,0.8300783078778875
107.0,cctv3,C3_S005,G025,OCCUPIED,OCCUPIED,0.8308468964966862
107.0,cctv3,C3_S006,G026,OCCUPIED,OCCUPIED,0.8276923594149677
107.0,cctv3,C3_S007,G027,OCCUPIED,OCCUPIED,0.7213684493100102
107.0,cctv3,C3_S008,G028,EMPTY,MANEUVERING,0.076474140218713
107.0,cctv3,C3_S009,G029,EMPTY,MANEUVERING,0.3037485132823613
107.0,cctv3,C3_S010,G007,OCCUPIED,OCCUPIED,0.51
107.0,cctv3,C3_S011,G008,OCCUPIED,OCCUPIED,0.7982144873250615
107.0,cctv3,C3_S012,G009,OCCUPIED,OCCUPIED,0.8272399073297327
108.0,cctv1,C1_S001,G001,OCCUPIED,OCCUPIED,0.678944263685156
108.0,cctv1,C1_S002,G002,EMPTY,EMPTY,0.01
108.0,cctv1,C1_S003,G003,OCCUPIED,OCCUPIED,0.8369604197415439
108.0,cctv1,C1_S004,G004,OCCUPIED,OCCUPIED,0.7710854663090273
108.0,cctv1,C1_S005,G005,OCCUPIED,LEAVING,0.7705876552245834
108.0,cctv1,C1_S006,G006,EMPTY,EMPTY,0.01
108.0,cctv2,C2_S001,G007,OCCUPIED,OCCUPIED,0.8011578687212685
108.0,cctv2,C2_S002,G008,OCCUPIED,LEAVING,0.7916466287591242
108.0,cctv2,C2_S003,G009,EMPTY,EMPTY,0.01
108.0,cctv2,C2_S004,G010,OCCUPIED,OCCUPIED,0.7441073181276973
108.0,cctv2,C2_S005,G001,EMPTY,EMPTY,0.01
108.0,cctv2,C2_S006,G003,OCCUPIED,OCCUPIED,0.8225662369619717
108.0,cctv2,C2_S007,G004,OCCUPIED,OCCUPIED,0.7956483504988932
108.0,cctv2,C2_S008,G006,OCCUPIED,OCCUPIED,0.7716795601628044
108.0,cctv2,C2_S009,G005,OCCUPIED,OCCUPIED,0.8019432495940816
108.0,cctv2,C2_S010,G002,EMPTY,EMPTY,0.01
108.0,cctv2,C2_S011,G017,OCCUPIED,OCCUPIED,0.8149016353217039
108.0,cctv2,C2_S012,G018,OCCUPIED,OCCUPIED,0.7656280386176977
108.0,cctv2,C2_S013,G019,EMPTY,MANEUVERING,0.2308271659504283
108.0,cctv2,C2_S014,G020,EMPTY,EMPTY,0.01
108.0,cctv3,C3_S001,G021,OCCUPIED,OCCUPIED,0.8138977031816137
108.0,cctv3,C3_S002,G019,EMPTY,EMPTY,0.01
108.0,cctv3,C3_S003,G020,EMPTY,EMPTY,0.01
108.0,cctv3,C3_S004,G024,OCCUPIED,OCCUPIED,0.8299167381091552
108.0,cctv3,C3_S005,G025,OCCUPIED,OCCUPIED,0.830878327109597
108.0,cctv3,C3_S006,G026,OCCUPIED,OCCUPIED,0.8278052056377585
108.0,cctv3,C3_S007,G027,OCCUPIED,OCCUPIED,0.7209492919729515
108.0,cctv3,C3_S008,G028,EMPTY,MANEUVERING,0.076474140218713
108.0,cctv3,C3_S009,G029,EMPTY,MANEUVERING,0.2102245350385254
108.0,cctv3,C3_S010,G007,OCCUPIED,OCCUPIED,0.5734574490209872
108.0,cctv3,C3_S011,G008,OCCUPIED,OCCUPIED,0.7979853177612479
108.0,cctv3,C3_S012,G009,OCCUPIED,OCCUPIED,0.827391556989063
109.0,cctv1,C1_S001,G001,OCCUPIED,OCCUPIED,0.6799026879329574
109.0,cctv1,C1_S002,G002,EMPTY,EMPTY,0.01
109.0,cctv1,C1_S003,G003,OCCUPIED,OCCUPIED,0.8370285974307494
109.0,cctv1,C1_S004,G004,OCCUPIED,OCCUPIED,0.7709849285808477
109.0,cctv1,C1_S005,G005,OCCUPIED,LEAVING,0.7718898835507306
109.0,cctv1,C1_S006,G006,EMPTY,EMPTY,0.01
109.0,cctv2,C2_S001,G007,OCCUPIED,OCCUPIED,0.7982885975729336
109.0,cctv2,C2_S002,G008,OCCUPIED,LEAVING,0.7909106167879972
109.0,cctv2,C2_S003,G009,EMPTY,EMPTY,0.01
109.0,cctv2,C2_S004,G010,OCCUPIED,OCCUPIED,0.7437024516815489
109.0,cctv2,C2_S005,G001,EMPTY,EMPTY,0.01
109.0,cctv2,C2_S006,G003,OCCUPIED,OCCUPIED,0.8223855170336637
109.0,cctv2,C2_S007,G004,OCCUPIED,OCCUPIED,0.79564222287048
109.0,cctv2,C2_S008,G006,OCCUPIED,OCCUPIED,0.772317735715346
109.0,cctv2,C2_S009,G005,OCCUPIED,OCCUPIED,0.8008570370349017
109.0,cctv2,C2_S010,G002,EMPTY,EMPTY,0.01
109.0,cctv2,C2_S011,G017,OCCUPIED,OCCUPIED,0.8152474273334851
109.0,cctv2,C2_S012,G018,OCCUPIED,OCCUPIED,0.7663226380944252
109.0,cctv2,C2_S013,G019,EMPTY,MANEUVERING,0.3096085972271182
109.0,cctv2,C2_S014,G020,EMPTY,EMPTY,0.01
109.0,cctv3,C3_S001,G021,OCCUPIED,OCCUPIED,0.8134996861219407
109.0,cctv3,C3_S002,G019,EMPTY,EMPTY,0.01
109.0,cctv3,C3_S003,G020,EMPTY,EMPTY,0.01
109.0,cctv3,C3_S004,G024,OCCUPIED,OCCUPIED,0.8299151962453669
109.0,cctv3,C3_S005,G025,OCCUPIED,OCCUPIED,0.8309952055866069
109.0,cctv3,C3_S006,G026,OCCUPIED,OCCUPIED,0.8279959529638291
109.0,cctv3,C3_S007,G027,OCCUPIED,OCCUPIED,0.7317746964367954
109.0,cctv3,C3_S008,G028,EMPTY,EMPTY,0.01
109.0,cctv3,C3_S009,G029,EMPTY,MANEUVERING,0.1652245350385254
109.0,cctv3,C3_S010,G007,OCCUPIED,OCCUPIED,0.6179414076527412
109.0,cctv3,C3_S011,G008,OCCUPIED,OCCUPIED,0.7974233380772852
109.0,cctv3,C3_S012,G009,OCCUPIED,OCCUPIED,0.8272789797999642
110.0,cctv1,C1_S001,G001,OCCUPIED,OCCUPIED,0.7161643091589213
110.0,cctv1,C1_S002,G002,EMPTY,EMPTY,0.01
110.0,cctv1,C1_S003,G003,OCCUPIED,OCCUPIED,0.8374043627218768
110.0,cctv1,C1_S004,G004,OCCUPIED,OCCUPIED,0.7709831688891758
110.0,cctv1,C1_S005,G005,OCCUPIED,LEAVING,0.7726073732430285
110.0,cctv1,C1_S006,G006,EMPTY,EMPTY,0.01
110.0,cctv2,C2_S001,G007,OCCUPIED,OCCUPIED,0.7982023466717114
110.0,cctv2,C2_S002,G008,OCCUPIED,LEAVING,0.7910829316486012
110.0,cctv2,C2_S003,G009,EMPTY,EMPTY,0.01
110.0,cctv2,C2_S004,G010,OCCUPIED,OCCUPIED,0.743096599592404
110.0,cctv2,C2_S005,G001,EMPTY,EMPTY,0.01
110.0,cctv2,C2_S006,G003,OCCUPIED,OCCUPIED,0.8225366773930464
110.0,cctv2,C2_S007,G004,OCCUPIED,OCCUPIED,0.7955081936987964
110.0,cctv2,C2_S008,G006,OCCUPIED,OCCUPIED,0.7716807598417457
110.0,cctv2,C2_S009,G005,OCCUPIED,OCCUPIED,0.8001686627214606
110.0,cctv2,C2_S010,G002,EMPTY,EMPTY,0.01
110.0,cctv2,C2_S011,G017,OCCUPIED,OCCUPIED,0.815925938432867
110.0,cctv2,C2_S012,G018,OCCUPIED,OCCUPIED,0.7665122836828232
110.0,cctv2,C2_S013,G019,EMPTY,MANEUVERING,0.3096085972271182
110.0,cctv2,C2_S014,G020,EMPTY,EMPTY,0.01
110.0,cctv3,C3_S001,G021,OCCUPIED,OCCUPIED,0.8139099072326315
110.0,cctv3,C3_S002,G019,EMPTY,EMPTY,0.01
110.0,cctv3,C3_S003,G020,EMPTY,EMPTY,0.01
110.0,cctv3,C3_S004,G024,OCCUPIED,OCCUPIED,0.829802878336473
110.0,cctv3,C3_S005,G025,OCCUPIED,OCCUPIED,0.8309864437038249
110.0,cctv3,C3_S006,G026,OCCUPIED,OCCUPIED,0.8280764980749651
110.0,cctv3,C3_S007,G027,OCCUPIED,OCCUPIED,0.7317140937528828
110.0,cctv3,C3_S008,G028,EMPTY,EMPTY,0.01
110.0,cctv3,C3_S009,G029,EMPTY,MANEUVERING,0.1652245350385254
110.0,cctv3,C3_S010,G007,OCCUPIED,OCCUPIED,0.6180111355876381
110.0,cctv3,C3_S011,G008,OCCUPIED,OCCUPIED,0.7966351392594251
110.0,cctv3,C3_S012,G009,OCCUPIED,OCCUPIED,0.8276592276313088
111.0,cctv1,C1_S001,G001,OCCUPIED,OCCUPIED,0.7168174621564422
111.0,cctv1,C1_S002,G002,EMPTY,EMPTY,0.01
111.0,cctv1,C1_S003,G003,OCCUPIED,OCCUPIED,0.8374477982521058
111.0,cctv1,C1_S004,G004,OCCUPIED,OCCUPIED,0.7690816176208584
111.0,cctv1,C1_S005,G005,OCCUPIED,LEAVING,0.7713217116215013
111.0,cctv1,C1_S006,G006,EMPTY,EMPTY,0.01
111.0,cctv2,C2_S001,G007,OCCUPIED,OCCUPIED,0.8009134422649038
111.0,cctv2,C2_S002,G008,OCCUPIED,LEAVING,0.7911242084069686
111.0,cctv2,C2_S003,G009,EMPTY,EMPTY,0.01
111.0,cctv2,C2_S004,G010,OCCUPIED,OCCUPIED,0.7432652808725835
111.0,cctv2,C2_S005,G001,EMPTY,EMPTY,0.01
111.0,cctv2,C2_S006,G003,OCCUPIED,OCCUPIED,0.8224661816250195
111.0,cctv2,C2_S007,G004,OCCUPIED,OCCUPIED,0.795220911231908
111.0,cctv2,C2_S008,G006,OCCUPIED,OCCUPIED,0.771807871758938
111.0,cctv2,C2_S009,G005,OCCUPIED,OCCUPIED,0.7986896552822808
111.0,cctv2,C2_S010,G002,EMPTY,EMPTY,0.01
111.0,cctv2,C2_S011,G017,OCCUPIED,OCCUPIED,0.815890030969273
111.0,cctv2,C2_S012,G018,OCCUPIED,OCCUPIED,0.7676441364667633
111.0,cctv2,C2_S013,G019,EMPTY,MANEUVERING,0.3096085972271182
111.0,cctv2,C2_S014,G020,EMPTY,EMPTY,0.01
111.0,cctv3,C3_S001,G021,OCCUPIED,OCCUPIED,0.8139120920137927
111.0,cctv3,C3_S002,G019,EMPTY,EMPTY,0.01
111.0,cctv3,C3_S003,G020,EMPTY,EMPTY,0.01
111.0,cctv3,C3_S004,G024,OCCUPIED,OCCUPIED,0.8297408542849801
111.0,cctv3,C3_S005,G025,OCCUPIED,OCCUPIED,0.8310910002751785
111.0,cctv3,C3_S006,G026,OCCUPIED,OCCUPIED,0.8281266789544713
111.0,cctv3,C3_S007,G027,OCCUPIED,OCCUPIED,0.6392995322427967
111.0,cctv3,C3_S008,G028,EMPTY,MANEUVERING,0.1205479443886063
111.0,cctv3,C3_S009,G029,EMPTY,MANEUVERING,0.2567626303146509
111.0,cctv3,C3_S010,G007,OCCUPIED,OCCUPIED,0.5253835008128898
111.0,cctv3,C3_S011,G008,OCCUPIED,OCCUPIED,0.7959777233275501
111.0,cctv3,C3_S012,G009,OCCUPIED,OCCUPIED,0.8275463041934101
112.0,cctv1,C1_S001,G001,OCCUPIED,OCCUPIED,0.636033244005997
112.0,cctv1,C1_S002,G002,EMPTY,EMPTY,0.01
112.0,cctv1,C1_S003,G003,OCCUPIED,OCCUPIED,0.8374661380594428
112.0,cctv1,C1_S004,G004,OCCUPIED,OCCUPIED,0.7692841630090368
112.0,cctv1,C1_S005,G005,OCCUPIED,LEAVING,0.77037873999639
112.0,cctv1,C1_S006,G006,EMPTY,EMPTY,0.01
112.0,cctv2,C2_S001,G007,OCCUPIED,OCCUPIED,0.8014617825096304
112.0,cctv2,C2_S002,G008,OCCUPIED,LEAVING,0.7919236074794423
112.0,cctv2,C2_S003,G009,EMPTY,EMPTY,0.01
112.0,cctv2,C2_S004,G010,OCCUPIED,OCCUPIED,0.741413898291913
112.0,cctv2,C2_S005,G001,EMPTY,EMPTY,0.01
112.0,cctv2,C2_S006,G003,OCCUPIED,OCCUPIED,0.8222477498379621
112.0,cctv2,C2_S007,G004,OCCUPIED,OCCUPIED,0.7951501968232069
112.0,cctv2,C2_S008,G006,OCCUPIED,OCCUPIED,0.7716492877765135
112.0,cctv2,C2_S009,G005,OCCUPIED,OCCUPIED,0.7973198592662812
112.0,cctv2,C2_S010,G002,EMPTY,EMPTY,0.01
112.0,cctv2,C2_S011,G017,OCCUPIED,OCCUPIED,0.8162303325804798
112.0,cctv2,C2_S012,G018,OCCUPIED,OCCUPIED,0.768361542035233
112.0,cctv2,C2_S013,G019,EMPTY,MANEUVERING,0.2646085972271182
112.0,cctv2,C2_S014,G020,EMPTY,EMPTY,0.01
112.0,cctv3,C3_S001,G021,OCCUPIED,OCCUPIED,0.813932706009258
112.0,cctv3,C3_S002,G019,EMPTY,EMPTY,0.01
112.0,cctv3,C3_S003,G020,EMPTY,EMPTY,0.01
112.0,cctv3,C3_S004,G024,OCCUPIED,OCCUPIED,0.8297948439012874
112.0,cctv3,C3_S005,G025,OCCUPIED,OCCUPIED,0.8310945074666631
112.0,cctv3,C3_S006,G026,OCCUPIED,OCCUPIED,0.8281340217048472
112.0,cctv3,C3_S007,G027,OCCUPIED,LEAVING,0.5468609522644318
112.0,cctv3,C3_S008,G028,EMPTY,MANEUVERING,0.2104419680075211
112.0,cctv3,C3_S009,G029,EMPTY,MANEUVERING,0.2567626303146509
112.0,cctv3,C3_S010,G007,OCCUPIED,OCCUPIED,0.5270098614421758
112.0,cctv3,C3_S011,G008,OCCUPIED,OCCUPIED,0.7965958603403785
112.0,cctv3,C3_S012,G009,OCCUPIED,OCCUPIED,0.8276254943825982
113.0,cctv1,C1_S001,G001,OCCUPIED,OCCUPIED,0.6357002408277582
113.0,cctv1,C1_S002,G002,EMPTY,EMPTY,0.01
113.0,cctv1,C1_S003,G003,OCCUPIED,OCCUPIED,0.8375912631099875
113.0,cctv1,C1_S004,G004,OCCUPIED,OCCUPIED,0.7709524161436342
113.0,cctv1,C1_S005,G005,OCCUPIED,LEAVING,0.7712677431377498
113.0,cctv1,C1_S006,G006,EMPTY,EMPTY,0.01
113.0,cctv2,C2_S001,G007,OCCUPIED,OCCUPIED,0.8023821865970439
113.0,cctv2,C2_S002,G008,OCCUPIED,LEAVING,0.7910179929299789
113.0,cctv2,C2_S003,G009,EMPTY,EMPTY,0.01
113.0,cctv2,C2_S004,G010,OCCUPIED,OCCUPIED,0.7408717506988483
113.0,cctv2,C2_S005,G001,EMPTY,EMPTY,0.01
113.0,cctv2,C2_S006,G003,OCCUPIED,OCCUPIED,0.8222493339668622
113.0,cctv2,C2_S007,G004,OCCUPIED,OCCUPIED,0.7956006973981858
113.0,cctv2,C2_S008,G006,OCCUPIED,OCCUPIED,0.7706339383667167
113.0,cctv2,C2_S009,G005,OCCUPIED,OCCUPIED,0.7969448734413495
113.0,cctv2,C2_S010,G002,EMPTY,EMPTY,0.01
113.0,cctv2,C2_S011,G017,OCCUPIED,OCCUPIED,0.8158409749919718
113.0,cctv2,C2_S012,G018,OCCUPIED,OCCUPIED,0.7694785626097159
113.0,cctv2,C2_S013,G019,EMPTY,MANEUVERING,0.2196085972271182
113.0,cctv2,C2_S014,G020,EMPTY,EMPTY,0.01
113.0,cctv3,C3_S001,G021,OCCUPIED,OCCUPIED,0.8137831086462195
113.0,cctv3,C3_S002,G019,EMPTY,EMPTY,0.01
113.0,cctv3,C3_S003,G020,EMPTY,EMPTY,0.01
113.0,cctv3,C3_S004,G024,OCCUPIED,OCCUPIED,0.8298694426363166
113.0,cctv3,C3_S005,G025,OCCUPIED,OCCUPIED,0.8310648040337997
113.0,cctv3,C3_S006,G026,OCCUPIED,OCCUPIED,0.8280968649820848
113.0,cctv3,C3_S007,G027,OCCUPIED,LEAVING,0.548082946823402
113.0,cctv3,C3_S008,G028,EMPTY,MANEUVERING,0.2104419680075211
113.0,cctv3,C3_S009,G029,EMPTY,MANEUVERING,0.304153141555461
113.0,cctv3,C3_S010,G007,OCCUPIED,OCCUPIED,0.51
113.0,cctv3,C3_S011,G008,OCCUPIED,OCCUPIED,0.798256834528663
113.0,cctv3,C3_S012,G009,OCCUPIED,OCCUPIED,0.8272839061238549
114.0,cctv1,C1_S001,G001,OCCUPIED,OCCUPIED,0.6400651338357817
114.0,cctv1,C1_S002,G002,EMPTY,EMPTY,0.01
114.0,cctv1,C1_S003,G003,OCCUPIED,OCCUPIED,0.8372904655608264
114.0,cctv1,C1_S004,G004,OCCUPIED,OCCUPIED,0.7715180655772036
114.0,cctv1,C1_S005,G005,OCCUPIED,LEAVING,0.771775282919407
114.0,cctv1,C1_S006,G006,EMPTY,EMPTY,0.01
114.0,cctv2,C2_S001,G007,OCCUPIED,OCCUPIED,0.8028418725187129
114.0,cctv2,C2_S002,G008,OCCUPIED,LEAVING,0.7905507252974944
114.0,cctv2,C2_S003,G009,EMPTY,EMPTY,0.01
114.0,cctv2,C2_S004,G010,OCCUPIED,OCCUPIED,0.7405950137837367
114.0,cctv2,C2_S005,G001,EMPTY,EMPTY,0.01
114.0,cctv2,C2_S006,G003,OCCUPIED,OCCUPIED,0.8222724903713574
114.0,cctv2,C2_S007,G004,OCCUPIED,OCCUPIED,0.7959952698512511
114.0,cctv2,C2_S008,G006,OCCUPIED,OCCUPIED,0.769256180253896
114.0,cctv2,C2_S009,G005,OCCUPIED,OCCUPIED,0.79574810591611
114.0,cctv2,C2_S010,G002,EMPTY,EMPTY,0.01
114.0,cctv2,C2_S011,G017,OCCUPIED,OCCUPIED,0.8144077122211457
114.0,cctv2,C2_S012,G018,OCCUPIED,OCCUPIED,0.7700358610261571
114.0,cctv2,C2_S013,G019,EMPTY,MANEUVERING,0.3018046996268358
114.0,cctv2,C2_S014,G020,EMPTY,EMPTY,0.01
114.0,cctv3,C3_S001,G021,OCCUPIED,OCCUPIED,0.8134957839142193
114.0,cctv3,C3_S002,G019,EMPTY,EMPTY,0.01
114.0,cctv3,C3_S003,G020,EMPTY,EMPTY,0.01
114.0,cctv3,C3_S004,G024,OCCUPIED,OCCUPIED,0.8299652478911661
114.0,cctv3,C3_S005,G025,OCCUPIED,OCCUPIED,0.8310695889321241
114.0,cctv3,C3_S006,G026,OCCUPIED,OCCUPIED,0.8281570602547039
114.0,cctv3,C3_S007,G027,OCCUPIED,LEAVING,0.5482839540505049
114.0,cctv3,C3_S008,G028,EMPTY,MANEUVERING,0.2104419680075211
114.0,cctv3,C3_S009,G029,EMPTY,MANEUVERING,0.3966281592439521
114.0,cctv3,C3_S010,G007,OCCUPIED,OCCUPIED,0.51
114.0,cctv3,C3_S011,G008,OCCUPIED,OCCUPIED,0.7983857634392653
114.0,cctv3,C3_S012,G009,OCCUPIED,OCCUPIED,0.8274994711984288
115.0,cctv1,C1_S001,G001,OCCUPIED,OCCUPIED,0.6425587320361625
115.0,cctv1,C1_S002,G002,EMPTY,EMPTY,0.01
115.0,cctv1,C1_S003,G003,OCCUPIED,OCCUPIED,0.8371621795675972
115.0,cctv1,C1_S004,G004,OCCUPIED,OCCUPIED,0.7727253981611946
115.0,cctv1,C1_S005,G005,OCCUPIED,LEAVING,0.7702962470325557
115.0,cctv1,C1_S006,G006,EMPTY,EMPTY,0.01
115.0,cctv2,C2_S001,G007,OCCUPIED,OCCUPIED,0.8045515653761951
115.0,cctv2,C2_S002,G008,OCCUPIED,LEAVING,0.7910415077751334
115.0,cctv2,C2_S003,G009,EMPTY,EMPTY,0.01
115.0,cctv2,C2_S004,G010,OCCUPIED,OCCUPIED,0.7409960300407628
115.0,cctv2,C2_S005,G001,EMPTY,EMPTY,0.01
115.0,cctv2,C2_S006,G003,OCCUPIED,OCCUPIED,0.8227577336809853
115.0,cctv2,C2_S007,G004,OCCUPIED,OCCUPIED,0.796306883205067
115.0,cctv2,C2_S008,G006,OCCUPIED,OCCUPIED,0.7686059311032296
115.0,cctv2,C2_S009,G005,OCCUPIED,OCCUPIED,0.7951376717198979
115.0,cctv2,C2_S010,G002,EMPTY,EMPTY,0.01
115.0,cctv2,C2_S011,G017,OCCUPIED,OCCUPIED,0.814462455294349
115.0,cctv2,C2_S012,G018,OCCUPIED,OCCUPIED,0.7700857476754622
115.0,cctv2,C2_S013,G019,EMPTY,MANEUVERING,0.3018046996268358
115.0,cctv2,C2_S014,G020,EMPTY,EMPTY,0.01
115.0,cctv3,C3_S001,G021,OCCUPIED,OCCUPIED,0.8137311802669005
115.0,cctv3,C3_S002,G019,EMPTY,EMPTY,0.01
115.0,cctv3,C3_S003,G020,EMPTY,EMPTY,0.01
115.0,cctv3,C3_S004,G024,OCCUPIED,OCCUPIED,0.8300392305309123
115.0,cctv3,C3_S005,G025,OCCUPIED,OCCUPIED,0.831155437501994
115.0,cctv3,C3_S006,G026,OCCUPIED,OCCUPIED,0.8281434850259262
115.0,cctv3,C3_S007,G027,OCCUPIED,LEAVING,0.5927603915694989
115.0,cctv3,C3_S008,G028,EMPTY,MANEUVERING,0.1654419680075212
115.0,cctv3,C3_S009,G029,EMPTY,MANEUVERING,0.3968848073076118
115.0,cctv3,C3_S010,G007,OCCUPIED,OCCUPIED,0.51
115.0,cctv3,C3_S011,G008,OCCUPIED,OCCUPIED,0.7991300260478801
115.0,cctv3,C3_S012,G009,OCCUPIED,OCCUPIED,0.8273291037841277
116.0,cctv1,C1_S001,G001,OCCUPIED,OCCUPIED,0.687273353043605
116.0,cctv1,C1_S002,G002,EMPTY,EMPTY,0.01
116.0,cctv1,C1_S003,G003,OCCUPIED,OCCUPIED,0.8371210783720017
116.0,cctv1,C1_S004,G004,OCCUPIED,OCCUPIED,0.7725368721918627
116.0,cctv1,C1_S005,G005,OCCUPIED,OCCUPIED,0.7699600150639361
116.0,cctv1,C1_S006,G006,EMPTY,EMPTY,0.01
116.0,cctv2,C2_S001,G007,OCCUPIED,OCCUPIED,0.8057759303938259
116.0,cctv2,C2_S002,G008,OCCUPIED,LEAVING,0.7945356742902236
116.0,cctv2,C2_S003,G009,EMPTY,EMPTY,0.01
116.0,cctv2,C2_S004,G010,OCCUPIED,OCCUPIED,0.7424754678525709
116.0,cctv2,C2_S005,G001,EMPTY,EMPTY,0.01
116.0,cctv2,C2_S006,G003,OCCUPIED,OCCUPIED,0.8229169861836867
116.0,cctv2,C2_S007,G004,OCCUPIED,OCCUPIED,0.7963879322463816
116.0,cctv2,C2_S008,G006,OCCUPIED,OCCUPIED,0.7684328136118976
116.0,cctv2,C2_S009,G005,OCCUPIED,OCCUPIED,0.793869698047638
116.0,cctv2,C2_S010,G002,EMPTY,EMPTY,0.01
116.0,cctv2,C2_S011,G017,OCCUPIED,OCCUPIED,0.8142561462792484
116.0,cctv2,C2_S012,G018,OCCUPIED,OCCUPIED,0.7698348847302524
116.0,cctv2,C2_S013,G019,EMPTY,MANEUVERING,0.3018046996268358
116.0,cctv2,C2_S014,G020,EMPTY,EMPTY,0.01
116.0,cctv3,C3_S001,G021,OCCUPIED,OCCUPIED,0.8141310196031224
116.0,cctv3,C3_S002,G019,EMPTY,EMPTY,0.01
116.0,cctv3,C3_S003,G020,EMPTY,EMPTY,0.01
116.0,cctv3,C3_S004,G024,OCCUPIED,OCCUPIED,0.8301228000359102
116.0,cctv3,C3_S005,G025,OCCUPIED,OCCUPIED,0.8311821319840171
116.0,cctv3,C3_S006,G026,OCCUPIED,OCCUPIED,0.8279692942445929
116.0,cctv3,C3_S007,G027,OCCUPIED,LEAVING,0.5434284253960306
116.0,cctv3,C3_S008,G028,EMPTY,MANEUVERING,0.2156677597219293
116.0,cctv3,C3_S009,G029,EMPTY,MANEUVERING,0.3483187605339018
116.0,cctv3,C3_S010,G007,OCCUPIED,OCCUPIED,0.51
116.0,cctv3,C3_S011,G008,OCCUPIED,OCCUPIED,0.7991525289687245
116.0,cctv3,C3_S012,G009,OCCUPIED,OCCUPIED,0.8272663465955041
117.0,cctv1,C1_S001,G001,OCCUPIED,OCCUPIED,0.6873874089528215
117.0,cctv1,C1_S002,G002,EMPTY,EMPTY,0.01
117.0,cctv1,C1_S003,G003,OCCUPIED,OCCUPIED,0.8369011469862678
117.0,cctv1,C1_S004,G004,OCCUPIED,OCCUPIED,0.7709835610606455
117.0,cctv1,C1_S005,G005,OCCUPIED,OCCUPIED,0.7673692510886626
117.0,cctv1,C1_S006,G006,EMPTY,EMPTY,0.01
117.0,cctv2,C2_S001,G007,OCCUPIED,OCCUPIED,0.8064866718920796
117.0,cctv2,C2_S002,G008,OCCUPIED,LEAVING,0.7945876904509285
117.0,cctv2,C2_S003,G009,EMPTY,EMPTY,0.01
117.0,cctv2,C2_S004,G010,OCCUPIED,OCCUPIED,0.7415108008140868
117.0,cctv2,C2_S005,G001,EMPTY,EMPTY,0.01
117.0,cctv2,C2_S006,G003,OCCUPIED,OCCUPIED,0.8226165665821596
117.0,cctv2,C2_S007,G004,OCCUPIED,OCCUPIED,0.7960346194830809
117.0,cctv2,C2_S008,G006,OCCUPIED,OCCUPIED,0.7684281388467009
117.0,cctv2,C2_S009,G005,OCCUPIED,OCCUPIED,0.7934563078663567
117.0,cctv2,C2_S010,G002,EMPTY,EMPTY,0.01
117.0,cctv2,C2_S011,G017,OCCUPIED,OCCUPIED,0.8140687118877065
117.0,cctv2,C2_S012,G018,OCCUPIED,OCCUPIED,0.7704299279234627
117.0,cctv2,C2_S013,G019,EMPTY,MANEUVERING,0.3018046996268358
117.0,cctv2,C2_S014,G020,EMPTY,EMPTY,0.01
117.0,cctv3,C3_S001,G021,OCCUPIED,OCCUPIED,0.8140270092270592
117.0,cctv3,C3_S002,G019,EMPTY,EMPTY,0.01
117.0,cctv3,C3_S003,G020,EMPTY,EMPTY,0.01
117.0,cctv3,C3_S004,G024,OCCUPIED,OCCUPIED,0.8302168512886221
117.0,cctv3,C3_S005,G025,OCCUPIED,OCCUPIED,0.83119616643949
117.0,cctv3,C3_S006,G026,OCCUPIED,OCCUPIED,0.8279220003973354
117.0,cctv3,C3_S007,G027,OCCUPIED,LEAVING,0.5443026260455901
117.0,cctv3,C3_S008,G028,EMPTY,MANEUVERING,0.2156677597219293
117.0,cctv3,C3_S009,G029,EMPTY,MANEUVERING,0.3033187605339018
117.0,cctv3,C3_S010,G007,OCCUPIED,OCCUPIED,0.51
117.0,cctv3,C3_S011,G008,OCCUPIED,OCCUPIED,0.7989567244594749
117.0,cctv3,C3_S012,G009,OCCUPIED,OCCUPIED,0.8271059261126952
118.0,cctv1,C1_S001,G001,OCCUPIED,OCCUPIED,0.6862001280147921
118.0,cctv1,C1_S002,G002,EMPTY,EMPTY,0.01
118.0,cctv1,C1_S003,G003,OCCUPIED,OCCUPIED,0.8368982201272792
118.0,cctv1,C1_S004,G004,OCCUPIED,OCCUPIED,0.7705940315669234
118.0,cctv1,C1_S005,G005,OCCUPIED,OCCUPIED,0.7645597066391598
118.0,cctv1,C1_S006,G006,EMPTY,EMPTY,0.01
118.0,cctv2,C2_S001,G007,OCCUPIED,OCCUPIED,0.8057590357281945
118.0,cctv2,C2_S002,G008,OCCUPIED,LEAVING,0.7956340917132119
118.0,cctv2,C2_S003,G009,EMPTY,EMPTY,0.01
118.0,cctv2,C2_S004,G010,OCCUPIED,OCCUPIED,0.7422552525997163
118.0,cctv2,C2_S005,G001,EMPTY,EMPTY,0.01
118.0,cctv2,C2_S006,G003,OCCUPIED,OCCUPIED,0.822779114950787
118.0,cctv2,C2_S007,G004,OCCUPIED,OCCUPIED,0.7964092094789852
118.0,cctv2,C2_S008,G006,OCCUPIED,OCCUPIED,0.76973565437577
118.0,cctv2,C2_S009,G005,OCCUPIED,OCCUPIED,0.7953125623139469
118.0,cctv2,C2_S010,G002,EMPTY,EMPTY,0.01
118.0,cctv2,C2_S011,G017,OCCUPIED,OCCUPIED,0.8147880876606162
118.0,cctv2,C2_S012,G018,OCCUPIED,OCCUPIED,0.7699322192506357
118.0,cctv2,C2_S013,G019,EMPTY,MANEUVERING,0.2568046996268359
118.0,cctv2,C2_S014,G020,EMPTY,EMPTY,0.01
118.0,cctv3,C3_S001,G021,OCCUPIED,OCCUPIED,0.8152286941354926
118.0,cctv3,C3_S002,G019,EMPTY,EMPTY,0.01
118.0,cctv3,C3_S003,G020,EMPTY,EMPTY,0.01
118.0,cctv3,C3_S004,G024,OCCUPIED,OCCUPIED,0.830364786494862
118.0,cctv3,C3_S005,G025,OCCUPIED,OCCUPIED,0.831158230250532
118.0,cctv3,C3_S006,G026,OCCUPIED,OCCUPIED,0.8280826923522083
118.0,cctv3,C3_S007,G027,OCCUPIED,LEAVING,0.5448986098153348
118.0,cctv3,C3_S008,G028,EMPTY,MANEUVERING,0.2156677597219293
118.0,cctv3,C3_S009,G029,EMPTY,MANEUVERING,0.3515473022650589
118.0,cctv3,C3_S010,G007,OCCUPIED,OCCUPIED,0.51
118.0,cctv3,C3_S011,G008,OCCUPIED,OCCUPIED,0.7999916361136871
118.0,cctv3,C3_S012,G009,OCCUPIED,OCCUPIED,0.8272540230642667
119.0,cctv1,C1_S001,G001,OCCUPIED,OCCUPIED,0.6855781900171529
119.0,cctv1,C1_S002,G002,EMPTY,EMPTY,0.01
119.0,cctv1,C1_S003,G003,OCCUPIED,OCCUPIED,0.8367542082613165
119.0,cctv1,C1_S004,G004,OCCUPIED,OCCUPIED,0.7702425967563283
119.0,cctv1,C1_S005,G005,OCCUPIED,OCCUPIED,0.7610090922225606
119.0,cctv1,C1_S006,G006,EMPTY,EMPTY,0.01
119.0,cctv2,C2_S001,G007,OCCUPIED,OCCUPIED,0.8081517238508572
119.0,cctv2,C2_S002,G008,OCCUPIED,LEAVING,0.7977198075164449
119.0,cctv2,C2_S003,G009,EMPTY,EMPTY,0.01
119.0,cctv2,C2_S004,G010,OCCUPIED,OCCUPIED,0.743770907548341
119.0,cctv2,C2_S005,G001,EMPTY,EMPTY,0.01
119.0,cctv2,C2_S006,G003,OCCUPIED,OCCUPIED,0.8225121693177657
119.0,cctv2,C2_S007,G004,OCCUPIED,OCCUPIED,0.797198251973499
119.0,cctv2,C2_S008,G006,OCCUPIED,OCCUPIED,0.7708680086515167
119.0,cctv2,C2_S009,G005,OCCUPIED,OCCUPIED,0.7967160574414514
119.0,cctv2,C2_S010,G002,EMPTY,EMPTY,0.01
119.0,cctv2,C2_S011,G017,OCCUPIED,OCCUPIED,0.8143305775794116
119.0,cctv2,C2_S012,G018,OCCUPIED,OCCUPIED,0.7686673435297879
119.0,cctv2,C2_S013,G019,EMPTY,MANEUVERING,0.2195661937377669
119.0,cctv2,C2_S014,G020,EMPTY,EMPTY,0.01
119.0,cctv3,C3_S001,G021,OCCUPIED,OCCUPIED,0.8157767303965309
119.0,cctv3,C3_S002,G019,EMPTY,EMPTY,0.01
119.0,cctv3,C3_S003,G020,EMPTY,EMPTY,0.01
119.0,cctv3,C3_S004,G024,OCCUPIED,OCCUPIED,0.830394949967211
119.0,cctv3,C3_S005,G025,OCCUPIED,OCCUPIED,0.8312085094777021
119.0,cctv3,C3_S006,G026,OCCUPIED,OCCUPIED,0.8280872228470716
119.0,cctv3,C3_S007,G027,OCCUPIED,LEAVING,0.544482349975204
119.0,cctv3,C3_S008,G028,EMPTY,MANEUVERING,0.2156677597219293
119.0,cctv3,C3_S009,G029,EMPTY,MANEUVERING,0.3984322121400724
119.0,cctv3,C3_S010,G007,OCCUPIED,OCCUPIED,0.51
119.0,cctv3,C3_S011,G008,OCCUPIED,OCCUPIED,0.8000273655761373
119.0,cctv3,C3_S012,G009,OCCUPIED,OCCUPIED,0.8269794493913651
120.0,cctv1,C1_S001,G001,OCCUPIED,OCCUPIED,0.6850293138284576
120.0,cctv1,C1_S002,G002,EMPTY,EMPTY,0.01
120.0,cctv1,C1_S003,G003,OCCUPIED,OCCUPIED,0.8368994701992383
120.0,cctv1,C1_S004,G004,OCCUPIED,OCCUPIED,0.7703875156966123
120.0,cctv1,C1_S005,G005,OCCUPIED,OCCUPIED,0.7602954035455531
120.0,cctv1,C1_S006,G006,EMPTY,EMPTY,0.01
120.0,cctv2,C2_S001,G007,OCCUPIED,OCCUPIED,0.8086927489800887
120.0,cctv2,C2_S002,G008,OCCUPIED,LEAVING,0.7964878063310277
120.0,cctv2,C2_S003,G009,EMPTY,EMPTY,0.01
120.0,cctv2,C2_S004,G010,OCCUPIED,OCCUPIED,0.7432750498029319
120.0,cctv2,C2_S005,G001,EMPTY,EMPTY,0.01
120.0,cctv2,C2_S006,G003,OCCUPIED,OCCUPIED,0.8225285535508937
120.0,cctv2,C2_S007,G004,OCCUPIED,OCCUPIED,0.7975304216146469
120.0,cctv2,C2_S008,G006,OCCUPIED,OCCUPIED,0.7712574308568781
120.0,cctv2,C2_S009,G005,OCCUPIED,OCCUPIED,0.79703093577515
120.0,cctv2,C2_S010,G002,EMPTY,EMPTY,0.01
120.0,cctv2,C2_S011,G017,OCCUPIED,OCCUPIED,0.8139191405339675
120.0,cctv2,C2_S012,G018,OCCUPIED,OCCUPIED,0.7677806389602748
120.0,cctv2,C2_S013,G019,EMPTY,MANEUVERING,0.1857423589717258
120.0,cctv2,C2_S014,G020,EMPTY,EMPTY,0.01
120.0,cctv3,C3_S001,G021,OCCUPIED,OCCUPIED,0.8156143519011412
120.0,cctv3,C3_S002,G019,EMPTY,EMPTY,0.01
120.0,cctv3,C3_S003,G020,EMPTY,EMPTY,0.01
120.0,cctv3,C3_S004,G024,OCCUPIED,OCCUPIED,0.8304329755631361
120.0,cctv3,C3_S005,G025,OCCUPIED,OCCUPIED,0.8310971376570789
120.0,cctv3,C3_S006,G026,OCCUPIED,OCCUPIED,0.8280638299205088
120.0,cctv3,C3_S007,G027,OCCUPIED,LEAVING,0.51
120.0,cctv3,C3_S008,G028,EMPTY,MANEUVERING,0.2657932774248449
120.0,cctv3,C3_S009,G029,EMPTY,MANEUVERING,0.49
120.0,cctv3,C3_S010,G007,OCCUPIED,OCCUPIED,0.51
120.0,cctv3,C3_S011,G008,OCCUPIED,OCCUPIED,0.8014543666080995
120.0,cctv3,C3_S012,G009,OCCUPIED,OCCUPIED,0.8269282525235957
121.0,cctv1,C1_S001,G001,OCCUPIED,OCCUPIED,0.6843136593919587
121.0,cctv1,C1_S002,G002,EMPTY,EMPTY,0.01
121.0,cctv1,C1_S003,G003,OCCUPIED,OCCUPIED,0.8365233903581446
121.0,cctv1,C1_S004,G004,OCCUPIED,OCCUPIED,0.7710691560398449
121.0,cctv1,C1_S005,G005,OCCUPIED,OCCUPIED,0.7586100009354679
121.0,cctv1,C1_S006,G006,EMPTY,EMPTY,0.01
121.0,cctv2,C2_S001,G007,OCCUPIED,OCCUPIED,0.8091803119941192
121.0,cctv2,C2_S002,G008,OCCUPIED,LEAVING,0.7972347641533072
121.0,cctv2,C2_S003,G009,EMPTY,EMPTY,0.01
121.0,cctv2,C2_S004,G010,OCCUPIED,OCCUPIED,0.7443720834499057
121.0,cctv2,C2_S005,G001,EMPTY,EMPTY,0.01
121.0,cctv2,C2_S006,G003,OCCUPIED,OCCUPIED,0.822563324733214
121.0,cctv2,C2_S007,G004,OCCUPIED,OCCUPIED,0.7976934942332181
121.0,cctv2,C2_S008,G006,OCCUPIED,OCCUPIED,0.7716778126629917
121.0,cctv2,C2_S009,G005,OCCUPIED,OCCUPIED,0.7974824994802475
121.0,cctv2,C2_S010,G002,EMPTY,EMPTY,0.01
121.0,cctv2,C2_S011,G017,OCCUPIED,OCCUPIED,0.813587032664906
121.0,cctv2,C2_S012,G018,OCCUPIED,OCCUPIED,0.7660133505409414
121.0,cctv2,C2_S013,G019,EMPTY,MANEUVERING,0.1857423589717258
121.0,cctv2,C2_S014,G020,EMPTY,EMPTY,0.01
121.0,cctv3,C3_S001,G021,OCCUPIED,OCCUPIED,0.8159106652845036
121.0,cctv3,C3_S002,G019,EMPTY,EMPTY,0.01
121.0,cctv3,C3_S003,G020,EMPTY,EMPTY,0.01
121.0,cctv3,C3_S004,G024,OCCUPIED,OCCUPIED,0.8304995983839035
121.0,cctv3,C3_S005,G025,OCCUPIED,OCCUPIED,0.831034381281246
121.0,cctv3,C3_S006,G026,OCCUPIED,OCCUPIED,0.8280406279997392
121.0,cctv3,C3_S007,G027,OCCUPIED,LEAVING,0.51
121.0,cctv3,C3_S008,G028,EMPTY,MANEUVERING,0.2657932774248449
121.0,cctv3,C3_S009,G029,EMPTY,MANEUVERING,0.49
121.0,cctv3,C3_S010,G007,OCCUPIED,OCCUPIED,0.51
121.0,cctv3,C3_S011,G008,OCCUPIED,OCCUPIED,0.8014539260755886
121.0,cctv3,C3_S012,G009,OCCUPIED,OCCUPIED,0.8265447762879459
122.0,cctv1,C1_S001,G001,OCCUPIED,OCCUPIED,0.6845150814425539
122.0,cctv1,C1_S002,G002,EMPTY,EMPTY,0.01
122.0,cctv1,C1_S003,G003,OCCUPIED,OCCUPIED,0.836288693818179
122.0,cctv1,C1_S004,G004,OCCUPIED,OCCUPIED,0.7717291586778381
122.0,cctv1,C1_S005,G005,OCCUPIED,OCCUPIED,0.7584139704704286
122.0,cctv1,C1_S006,G006,EMPTY,EMPTY,0.01
122.0,cctv2,C2_S001,G007,OCCUPIED,OCCUPIED,0.8095942150462758
122.0,cctv2,C2_S002,G008,OCCUPIED,LEAVING,0.7982996580275623
122.0,cctv2,C2_S003,G009,EMPTY,EMPTY,0.01
122.0,cctv2,C2_S004,G010,OCCUPIED,OCCUPIED,0.7430134834213691
122.0,cctv2,C2_S005,G001,EMPTY,EMPTY,0.01
122.0,cctv2,C2_S006,G003,OCCUPIED,OCCUPIED,0.8222201523455708
122.0,cctv2,C2_S007,G004,OCCUPIED,OCCUPIED,0.7974225212227215
122.0,cctv2,C2_S008,G006,OCCUPIED,OCCUPIED,0.7719573996283792
122.0,cctv2,C2_S009,G005,OCCUPIED,OCCUPIED,0.7968601652167061
122.0,cctv2,C2_S010,G002,EMPTY,EMPTY,0.01
122.0,cctv2,C2_S011,G017,OCCUPIED,OCCUPIED,0.8116572214798494
122.0,cctv2,C2_S012,G018,OCCUPIED,OCCUPIED,0.7659625661644069
122.0,cctv2,C2_S013,G019,EMPTY,MANEUVERING,0.1857423589717258
122.0,cctv2,C2_S014,G020,EMPTY,EMPTY,0.01
122.0,cctv3,C3_S001,G021,OCCUPIED,OCCUPIED,0.8164611659266733
122.0,cctv3,C3_S002,G019,EMPTY,EMPTY,0.01
122.0,cctv3,C3_S003,G020,EMPTY,EMPTY,0.01
122.0,cctv3,C3_S004,G024,OCCUPIED,OCCUPIED,0.8305220159617338
122.0,cctv3,C3_S005,G025,OCCUPIED,OCCUPIED,0.8310518749735573
122.0,cctv3,C3_S006,G026,OCCUPIED,OCCUPIED,0.8279043896631761
122.0,cctv3,C3_S007,G027,OCCUPIED,LEAVING,0.51
122.0,cctv3,C3_S008,G028,EMPTY,MANEUVERING,0.3139235181632367
122.0,cctv3,C3_S009,G029,EMPTY,MANEUVERING,0.4001875458319078
122.0,cctv3,C3_S010,G007,OCCUPIED,OCCUPIED,0.51
122.0,cctv3,C3_S011,G008,OCCUPIED,OCCUPIED,0.8011324844577097
122.0,cctv3,C3_S012,G009,OCCUPIED,OCCUPIED,0.8264162545854395
123.0,cctv1,C1_S001,G001,OCCUPIED,OCCUPIED,0.7209399851039052
123.0,cctv1,C1_S002,G002,EMPTY,EMPTY,0.01
123.0,cctv1,C1_S003,G003,OCCUPIED,OCCUPIED,0.8363222758878361
123.0,cctv1,C1_S004,G004,OCCUPIED,OCCUPIED,0.7726269700310447
123.0,cctv1,C1_S005,G005,OCCUPIED,OCCUPIED,0.7568523542447524
123.0,cctv1,C1_S006,G006,EMPTY,EMPTY,0.01
123.0,cctv2,C2_S001,G007,OCCUPIED,OCCUPIED,0.81001624844291
123.0,cctv2,C2_S002,G008,OCCUPIED,LEAVING,0.7997163325548172
123.0,cctv2,C2_S003,G009,EMPTY,EMPTY,0.01
123.0,cctv2,C2_S004,G010,OCCUPIED,OCCUPIED,0.7466948860070923
123.0,cctv2,C2_S005,G001,EMPTY,EMPTY,0.01
123.0,cctv2,C2_S006,G003,OCCUPIED,OCCUPIED,0.822335295514627
123.0,cctv2,C2_S007,G004,OCCUPIED,OCCUPIED,0.7973621064966376
123.0,cctv2,C2_S008,G006,OCCUPIED,OCCUPIED,0.7717731818556787
123.0,cctv2,C2_S009,G005,OCCUPIED,OCCUPIED,0.7968122146346353
123.0,cctv2,C2_S010,G002,EMPTY,EMPTY,0.01
123.0,cctv2,C2_S011,G017,OCCUPIED,OCCUPIED,0.8103985014286909
123.0,cctv2,C2_S012,G018,OCCUPIED,OCCUPIED,0.7660552202300592
123.0,cctv2,C2_S013,G019,EMPTY,MANEUVERING,0.1857423589717258
123.0,cctv2,C2_S014,G020,EMPTY,EMPTY,0.01
123.0,cctv3,C3_S001,G021,OCCUPIED,OCCUPIED,0.8168535779822957
123.0,cctv3,C3_S002,G019,EMPTY,EMPTY,0.01
123.0,cctv3,C3_S003,G020,EMPTY,EMPTY,0.01
123.0,cctv3,C3_S004,G024,OCCUPIED,OCCUPIED,0.8305220094594089
123.0,cctv3,C3_S005,G025,OCCUPIED,OCCUPIED,0.8310150401158767
123.0,cctv3,C3_S006,G026,OCCUPIED,OCCUPIED,0.8278490995818919
123.0,cctv3,C3_S007,G027,OCCUPIED,LEAVING,0.51
123.0,cctv3,C3_S008,G028,EMPTY,MANEUVERING,0.2704223906452005
123.0,cctv3,C3_S009,G029,EMPTY,MANEUVERING,0.3551875458319078
123.0,cctv3,C3_S010,G007,OCCUPIED,OCCUPIED,0.51
123.0,cctv3,C3_S011,G008,OCCUPIED,OCCUPIED,0.8004561800848354
123.0,cctv3,C3_S012,G009,OCCUPIED,OCCUPIED,0.8264701580459421
124.0,cctv1,C1_S001,G001,OCCUPIED,OCCUPIED,0.7216338112103668
124.0,cctv1,C1_S002,G002,EMPTY,EMPTY,0.01
124.0,cctv1,C1_S003,G003,OCCUPIED,OCCUPIED,0.836088872497732
124.0,cctv1,C1_S004,G004,OCCUPIED,OCCUPIED,0.7731912742961538
124.0,cctv1,C1_S005,G005,OCCUPIED,OCCUPIED,0.7556214413859628
124.0,cctv1,C1_S006,G006,EMPTY,EMPTY,0.01
124.0,cctv2,C2_S001,G007,OCCUPIED,OCCUPIED,0.8104358792304993
124.0,cctv2,C2_S002,G008,OCCUPIED,LEAVING,0.8012015521526338
124.0,cctv2,C2_S003,G009,EMPTY,EMPTY,0.01
124.0,cctv2,C2_S004,G010,OCCUPIED,OCCUPIED,0.7497296978126873
124.0,cctv2,C2_S005,G001,EMPTY,EMPTY,0.01
124.0,cctv2,C2_S006,G003,OCCUPIED,OCCUPIED,0.822336103428494
124.0,cctv2,C2_S007,G004,OCCUPIED,OCCUPIED,0.7973992843519558
124.0,cctv2,C2_S008,G006,OCCUPIED,OCCUPIED,0.7710480068217624
124.0,cctv2,C2_S009,G005,OCCUPIED,OCCUPIED,0.795406398177147
124.0,cctv2,C2_S010,G002,EMPTY,EMPTY,0.01
124.0,cctv2,C2_S011,G017,OCCUPIED,OCCUPIED,0.8091712973334573
124.0,cctv2,C2_S012,G018,OCCUPIED,OCCUPIED,0.7637162535028025
124.0,cctv2,C2_S013,G019,EMPTY,MANEUVERING,0.1857423589717258
124.0,cctv2,C2_S014,G020,EMPTY,EMPTY,0.01
124.0,cctv3,C3_S001,G021,OCCUPIED,OCCUPIED,0.8176736008037221
124.0,cctv3,C3_S002,G019,EMPTY,EMPTY,0.01
124.0,cctv3,C3_S003,G020,EMPTY,EMPTY,0.01
124.0,cctv3,C3_S004,G024,OCCUPIED,OCCUPIED,0.8304785332896494
124.0,cctv3,C3_S005,G025,OCCUPIED,OCCUPIED,0.8310649064454166
124.0,cctv3,C3_S006,G026,OCCUPIED,OCCUPIED,0.8278708880597896
124.0,cctv3,C3_S007,G027,OCCUPIED,LEAVING,0.5484041293134744
124.0,cctv3,C3_S008,G028,EMPTY,MANEUVERING,0.2254223906452005
124.0,cctv3,C3_S009,G029,EMPTY,MANEUVERING,0.2635851816426623
124.0,cctv3,C3_S010,G007,OCCUPIED,OCCUPIED,0.5326130460609089
124.0,cctv3,C3_S011,G008,OCCUPIED,OCCUPIED,0.8002935366197066
124.0,cctv3,C3_S012,G009,OCCUPIED,OCCUPIED,0.826801962744106
125.0,cctv1,C1_S001,G001,OCCUPIED,OCCUPIED,0.719165691445497
125.0,cctv1,C1_S002,G002,EMPTY,EMPTY,0.01
125.0,cctv1,C1_S003,G003,OCCUPIED,OCCUPIED,0.8360975482247093
125.0,cctv1,C1_S004,G004,OCCUPIED,OCCUPIED,0.7727417003024709
125.0,cctv1,C1_S005,G005,OCCUPIED,OCCUPIED,0.754945330457254
125.0,cctv1,C1_S006,G006,EMPTY,EMPTY,0.01
125.0,cctv2,C2_S001,G007,OCCUPIED,OCCUPIED,0.8084267315539447
125.0,cctv2,C2_S002,G008,OCCUPIED,LEAVING,0.8012507048520175
125.0,cctv2,C2_S003,G009,EMPTY,EMPTY,0.01
125.0,cctv2,C2_S004,G010,OCCUPIED,OCCUPIED,0.7478693412108856
125.0,cctv2,C2_S005,G001,EMPTY,EMPTY,0.01
125.0,cctv2,C2_S006,G003,OCCUPIED,OCCUPIED,0.8224341446703132
125.0,cctv2,C2_S007,G004,OCCUPIED,OCCUPIED,0.7976412415504456
125.0,cctv2,C2_S008,G006,OCCUPIED,OCCUPIED,0.7710584272037854
125.0,cctv2,C2_S009,G005,OCCUPIED,OCCUPIED,0.7963278946551411
125.0,cctv2,C2_S010,G002,EMPTY,EMPTY,0.01
125.0,cctv2,C2_S011,G017,OCCUPIED,OCCUPIED,0.8093111273917286
125.0,cctv2,C2_S012,G018,OCCUPIED,OCCUPIED,0.7631036117672921
125.0,cctv2,C2_S013,G019,EMPTY,EMPTY,0.01
125.0,cctv2,C2_S014,G020,EMPTY,EMPTY,0.01
125.0,cctv3,C3_S001,G021,OCCUPIED,OCCUPIED,0.8182919767769901
125.0,cctv3,C3_S002,G019,EMPTY,EMPTY,0.01
125.0,cctv3,C3_S003,G020,EMPTY,EMPTY,0.01
125.0,cctv3,C3_S004,G024,OCCUPIED,OCCUPIED,0.8303087982264432
125.0,cctv3,C3_S005,G025,OCCUPIED,OCCUPIED,0.8310719565911727
125.0,cctv3,C3_S006,G026,OCCUPIED,OCCUPIED,0.827797649123452
125.0,cctv3,C3_S007,G027,OCCUPIED,LEAVING,0.51
125.0,cctv3,C3_S008,G028,EMPTY,MANEUVERING,0.3170335098999468
125.0,cctv3,C3_S009,G029,EMPTY,MANEUVERING,0.2165994195538488
125.0,cctv3,C3_S010,G007,OCCUPIED,OCCUPIED,0.5784564965266686
125.0,cctv3,C3_S011,G008,OCCUPIED,OCCUPIED,0.7994206108830193
125.0,cctv3,C3_S012,G009,OCCUPIED,OCCUPIED,0.8267494849183343
126.0,cctv1,C1_S001,G001,OCCUPIED,OCCUPIED,0.7170259712941268
126.0,cctv1,C1_S002,G002,EMPTY,EMPTY,0.01
126.0,cctv1,C1_S003,G003,OCCUPIED,OCCUPIED,0.8362114600159906
126.0,cctv1,C1_S004,G004,OCCUPIED,OCCUPIED,0.7716764244166288
126.0,cctv1,C1_S005,G005,OCCUPIED,OCCUPIED,0.7544285703789104
126.0,cctv1,C1_S006,G006,EMPTY,EMPTY,0.01
126.0,cctv2,C2_S001,G007,OCCUPIED,OCCUPIED,0.8078376095403326
126.0,cctv2,C2_S002,G008,OCCUPIED,LEAVING,0.8017936611717398
126.0,cctv2,C2_S003,G009,EMPTY,EMPTY,0.01
126.0,cctv2,C2_S004,G010,OCCUPIED,OCCUPIED,0.7472442723133348
126.0,cctv2,C2_S005,G001,EMPTY,EMPTY,0.01
126.0,cctv2,C2_S006,G003,OCCUPIED,OCCUPIED,0.8221123576164246
126.0,cctv2,C2_S007,G004,OCCUPIED,OCCUPIED,0.7967441840605303
126.0,cctv2,C2_S008,G006,OCCUPIED,OCCUPIED,0.769757508689707
126.0,cctv2,C2_S009,G005,OCCUPIED,OCCUPIED,0.7952391721985558
126.0,cctv2,C2_S010,G002,EMPTY,EMPTY,0.01
126.0,cctv2,C2_S011,G017,OCCUPIED,OCCUPIED,0.8083593154495413
126.0,cctv2,C2_S012,G018,OCCUPIED,OCCUPIED,0.7647779145024041
126.0,cctv2,C2_S013,G019,EMPTY,EMPTY,0.01
126.0,cctv2,C2_S014,G020,EMPTY,EMPTY,0.01
126.0,cctv3,C3_S001,G021,OCCUPIED,OCCUPIED,0.8181290130723607
126.0,cctv3,C3_S002,G019,EMPTY,EMPTY,0.01
126.0,cctv3,C3_S003,G020,EMPTY,EMPTY,0.01
126.0,cctv3,C3_S004,G024,OCCUPIED,OCCUPIED,0.8301808243448084
126.0,cctv3,C3_S005,G025,OCCUPIED,OCCUPIED,0.8310204898769206
126.0,cctv3,C3_S006,G026,OCCUPIED,OCCUPIED,0.8275863918391142
126.0,cctv3,C3_S007,G027,OCCUPIED,LEAVING,0.51
126.0,cctv3,C3_S008,G028,EMPTY,MANEUVERING,0.2720335098999468
126.0,cctv3,C3_S009,G029,EMPTY,MANEUVERING,0.1694393526965921
126.0,cctv3,C3_S010,G007,OCCUPIED,OCCUPIED,0.6239416053315455
126.0,cctv3,C3_S011,G008,OCCUPIED,OCCUPIED,0.7961241093548862
126.0,cctv3,C3_S012,G009,OCCUPIED,OCCUPIED,0.8267433199015531
127.0,cctv1,C1_S001,G001,OCCUPIED,OCCUPIED,0.7157123359597543
127.0,cctv1,C1_S002,G002,EMPTY,EMPTY,0.01
127.0,cctv1,C1_S003,G003,OCCUPIED,OCCUPIED,0.8363333030180498
127.0,cctv1,C1_S004,G004,OCCUPIED,OCCUPIED,0.7715829022906044
127.0,cctv1,C1_S005,G005,OCCUPIED,OCCUPIED,0.7557799026370049
127.0,cctv1,C1_S006,G006,EMPTY,EMPTY,0.01
127.0,cctv2,C2_S001,G007,OCCUPIED,OCCUPIED,0.8079779305241326
127.0,cctv2,C2_S002,G008,OCCUPIED,LEAVING,0.7988056510686875
127.0,cctv2,C2_S003,G009,EMPTY,MANEUVERING,0.123167834512212
127.0,cctv2,C2_S004,G010,OCCUPIED,LEAVING,0.6547111350975254
127.0,cctv2,C2_S005,G001,EMPTY,EMPTY,0.01
127.0,cctv2,C2_S006,G003,OCCUPIED,OCCUPIED,0.8222262702204965
127.0,cctv2,C2_S007,G004,OCCUPIED,OCCUPIED,0.7971519594842738
127.0,cctv2,C2_S008,G006,OCCUPIED,OCCUPIED,0.7697688369588419
127.0,cctv2,C2_S009,G005,OCCUPIED,OCCUPIED,0.7950533796440472
127.0,cctv2,C2_S010,G002,EMPTY,EMPTY,0.01
127.0,cctv2,C2_S011,G017,OCCUPIED,OCCUPIED,0.8079897696321662
127.0,cctv2,C2_S012,G018,OCCUPIED,OCCUPIED,0.7641542956233025
127.0,cctv2,C2_S013,G019,EMPTY,EMPTY,0.01
127.0,cctv2,C2_S014,G020,EMPTY,EMPTY,0.01
127.0,cctv3,C3_S001,G021,OCCUPIED,OCCUPIED,0.81818078214472
127.0,cctv3,C3_S002,G019,EMPTY,EMPTY,0.01
127.0,cctv3,C3_S003,G020,EMPTY,EMPTY,0.01
127.0,cctv3,C3_S004,G024,OCCUPIED,OCCUPIED,0.8299255113710058
127.0,cctv3,C3_S005,G025,OCCUPIED,OCCUPIED,0.8309985981746154
127.0,cctv3,C3_S006,G026,OCCUPIED,OCCUPIED,0.8276069855148143
127.0,cctv3,C3_S007,G027,OCCUPIED,LEAVING,0.5475437677448446
127.0,cctv3,C3_S008,G028,EMPTY,MANEUVERING,0.2258230806345289
127.0,cctv3,C3_S009,G029,EMPTY,MANEUVERING,0.1694393526965921
127.0,cctv3,C3_S010,G007,OCCUPIED,OCCUPIED,0.6228745521774347
127.0,cctv3,C3_S011,G008,OCCUPIED,OCCUPIED,0.7959702228957957
127.0,cctv3,C3_S012,G009,OCCUPIED,OCCUPIED,0.8266590839082545
128.0,cctv1,C1_S001,G001,OCCUPIED,OCCUPIED,0.7150529023259878
128.0,cctv1,C1_S002,G002,EMPTY,EMPTY,0.01
128.0,cctv1,C1_S003,G003,OCCUPIED,OCCUPIED,0.8363010774959219
128.0,cctv1,C1_S004,G004,OCCUPIED,OCCUPIED,0.7725519730286166
128.0,cctv1,C1_S005,G005,OCCUPIED,OCCUPIED,0.7572215712883257
128.0,cctv1,C1_S006,G006,EMPTY,EMPTY,0.01
128.0,cctv2,C2_S001,G007,OCCUPIED,OCCUPIED,0.8072408733042804
128.0,cctv2,C2_S002,G008,OCCUPIED,LEAVING,0.8004379817030647
128.0,cctv2,C2_S003,G009,EMPTY,MANEUVERING,0.123167834512212
128.0,cctv2,C2_S004,G010,OCCUPIED,LEAVING,0.6543610509417275
128.0,cctv2,C2_S005,G001,EMPTY,EMPTY,0.01
128.0,cctv2,C2_S006,G003,OCCUPIED,OCCUPIED,0.8223531403324822
128.0,cctv2,C2_S007,G004,OCCUPIED,OCCUPIED,0.7972803877158599
128.0,cctv2,C2_S008,G006,OCCUPIED,OCCUPIED,0.7689807807857341
128.0,cctv2,C2_S009,G005,OCCUPIED,OCCUPIED,0.7932535873218016
128.0,cctv2,C2_S010,G002,EMPTY,EMPTY,0.01
128.0,cctv2,C2_S011,G017,OCCUPIED,OCCUPIED,0.8080486709421332
128.0,cctv2,C2_S012,G018,OCCUPIED,OCCUPIED,0.762745873765512
128.0,cctv2,C2_S013,G019,EMPTY,EMPTY,0.01
128.0,cctv2,C2_S014,G020,EMPTY,EMPTY,0.01
128.0,cctv3,C3_S001,G021,OCCUPIED,OCCUPIED,0.8186279332095927
128.0,cctv3,C3_S002,G019,EMPTY,EMPTY,0.01
128.0,cctv3,C3_S003,G020,EMPTY,EMPTY,0.01
128.0,cctv3,C3_S004,G024,OCCUPIED,OCCUPIED,0.8299771146340804
128.0,cctv3,C3_S005,G025,OCCUPIED,OCCUPIED,0.8309866525910118
128.0,cctv3,C3_S006,G026,OCCUPIED,OCCUPIED,0.827584979209033
128.0,cctv3,C3_S007,G027,OCCUPIED,LEAVING,0.5480503037554973
128.0,cctv3,C3_S008,G028,EMPTY,MANEUVERING,0.2258230806345289
128.0,cctv3,C3_S009,G029,EMPTY,MANEUVERING,0.1694393526965921
128.0,cctv3,C3_S010,G007,OCCUPIED,OCCUPIED,0.6240011827817018
128.0,cctv3,C3_S011,G008,OCCUPIED,OCCUPIED,0.795959536324848
128.0,cctv3,C3_S012,G009,OCCUPIED,OCCUPIED,0.8270608674396169
129.0,cctv1,C1_S001,G001,OCCUPIED,OCCUPIED,0.7159680620851843
129.0,cctv1,C1_S002,G002,EMPTY,EMPTY,0.01
129.0,cctv1,C1_S003,G003,OCCUPIED,OCCUPIED,0.8363938469778408
129.0,cctv1,C1_S004,G004,OCCUPIED,OCCUPIED,0.7723267861387947
129.0,cctv1,C1_S005,G005,OCCUPIED,OCCUPIED,0.7602638217535886
129.0,cctv1,C1_S006,G006,EMPTY,EMPTY,0.01
129.0,cctv2,C2_S001,G007,OCCUPIED,OCCUPIED,0.8083380886099556
129.0,cctv2,C2_S002,G008,OCCUPIED,LEAVING,0.800625271417878
129.0,cctv2,C2_S003,G009,EMPTY,MANEUVERING,0.123167834512212
129.0,cctv2,C2_S004,G010,OCCUPIED,LEAVING,0.656102285601876
129.0,cctv2,C2_S005,G001,EMPTY,EMPTY,0.01
129.0,cctv2,C2_S006,G003,OCCUPIED,OCCUPIED,0.8224159064618024
129.0,cctv2,C2_S007,G004,OCCUPIED,OCCUPIED,0.7966834848577327
129.0,cctv2,C2_S008,G006,OCCUPIED,OCCUPIED,0.7661333403804086
129.0,cctv2,C2_S009,G005,OCCUPIED,OCCUPIED,0.792051216418093
129.0,cctv2,C2_S010,G002,EMPTY,EMPTY,0.01
129.0,cctv2,C2_S011,G017,OCCUPIED,OCCUPIED,0.8067684281956067
129.0,cctv2,C2_S012,G018,OCCUPIED,OCCUPIED,0.7624222347682174
129.0,cctv2,C2_S013,G019,EMPTY,MANEUVERING,0.2346544681083072
129.0,cctv2,C2_S014,G020,EMPTY,EMPTY,0.01
129.0,cctv3,C3_S001,G021,OCCUPIED,OCCUPIED,0.8181655252521689
129.0,cctv3,C3_S002,G019,EMPTY,EMPTY,0.01
129.0,cctv3,C3_S003,G020,EMPTY,EMPTY,0.01
129.0,cctv3,C3_S004,G024,OCCUPIED,OCCUPIED,0.8297573710029776
129.0,cctv3,C3_S005,G025,OCCUPIED,OCCUPIED,0.8310276383703405
129.0,cctv3,C3_S006,G026,OCCUPIED,OCCUPIED,0.8273642342198979
129.0,cctv3,C3_S007,G027,OCCUPIED,LEAVING,0.5914388451522047
129.0,cctv3,C3_S008,G028,EMPTY,MANEUVERING,0.1808230806345289
129.0,cctv3,C3_S009,G029,EMPTY,MANEUVERING,0.1214737489954991
129.0,cctv3,C3_S010,G007,OCCUPIED,OCCUPIED,0.670980818307761
129.0,cctv3,C3_S011,G008,OCCUPIED,OCCUPIED,0.7943691464987669
129.0,cctv3,C3_S012,G009,OCCUPIED,OCCUPIED,0.8271294832229614
130.0,cctv1,C1_S001,G001,OCCUPIED,OCCUPIED,0.7161800286309287
130.0,cctv1,C1_S002,G002,EMPTY,EMPTY,0.01
130.0,cctv1,C1_S003,G003,OCCUPIED,OCCUPIED,0.836545081301169
130.0,cctv1,C1_S004,G004,OCCUPIED,OCCUPIED,0.7717244587161325
130.0,cctv1,C1_S005,G005,OCCUPIED,OCCUPIED,0.7607031184163962
130.0,cctv1,C1_S006,G006,EMPTY,EMPTY,0.01
130.0,cctv2,C2_S001,G007,OCCUPIED,OCCUPIED,0.8081606661731547
130.0,cctv2,C2_S002,G008,OCCUPIED,LEAVING,0.7987420355731791
130.0,cctv2,C2_S003,G009,EMPTY,MANEUVERING,0.123167834512212
130.0,cctv2,C2_S004,G010,OCCUPIED,LEAVING,0.6552507553181866
130.0,cctv2,C2_S005,G001,EMPTY,EMPTY,0.01
130.0,cctv2,C2_S006,G003,OCCUPIED,OCCUPIED,0.8224254648793828
130.0,cctv2,C2_S007,G004,OCCUPIED,OCCUPIED,0.7965406807986173
130.0,cctv2,C2_S008,G006,OCCUPIED,OCCUPIED,0.7640944872390141
130.0,cctv2,C2_S009,G005,OCCUPIED,OCCUPIED,0.7902898016301069
130.0,cctv2,C2_S010,G002,EMPTY,EMPTY,0.01
130.0,cctv2,C2_S011,G017,OCCUPIED,OCCUPIED,0.8056397863409737
130.0,cctv2,C2_S012,G018,OCCUPIED,OCCUPIED,0.762901988083666
130.0,cctv2,C2_S013,G019,EMPTY,MANEUVERING,0.3114236301861026
130.0,cctv2,C2_S014,G020,EMPTY,EMPTY,0.01
130.0,cctv3,C3_S001,G021,OCCUPIED,OCCUPIED,0.8184742946516385
130.0,cctv3,C3_S002,G019,EMPTY,EMPTY,0.01
130.0,cctv3,C3_S003,G020,EMPTY,EMPTY,0.01
130.0,cctv3,C3_S004,G024,OCCUPIED,OCCUPIED,0.829730669205839
130.0,cctv3,C3_S005,G025,OCCUPIED,OCCUPIED,0.8310107079419223
130.0,cctv3,C3_S006,G026,OCCUPIED,OCCUPIED,0.8271242764863102
130.0,cctv3,C3_S007,G027,OCCUPIED,LEAVING,0.5920199432207103
130.0,cctv3,C3_S008,G028,EMPTY,MANEUVERING,0.1808230806345289
130.0,cctv3,C3_S009,G029,EMPTY,MANEUVERING,0.078272554657676
130.0,cctv3,C3_S010,G007,OCCUPIED,OCCUPIED,0.7172704452953557
130.0,cctv3,C3_S011,G008,OCCUPIED,OCCUPIED,0.7917339598590678
130.0,cctv3,C3_S012,G009,OCCUPIED,OCCUPIED,0.8271067941730673
131.0,cctv1,C1_S001,G001,OCCUPIED,OCCUPIED,0.7168824726546353
131.0,cctv1,C1_S002,G002,EMPTY,EMPTY,0.01
131.0,cctv1,C1_S003,G003,OCCUPIED,OCCUPIED,0.8363479974594984
131.0,cctv1,C1_S004,G004,OCCUPIED,OCCUPIED,0.7706927848133175
131.0,cctv1,C1_S005,G005,OCCUPIED,OCCUPIED,0.7646603378382597
131.0,cctv1,C1_S006,G006,EMPTY,EMPTY,0.01
131.0,cctv2,C2_S001,G007,OCCUPIED,OCCUPIED,0.8098346555774862
131.0,cctv2,C2_S002,G008,OCCUPIED,LEAVING,0.8006106850775806
131.0,cctv2,C2_S003,G009,EMPTY,MANEUVERING,0.078167834512212
131.0,cctv2,C2_S004,G010,OCCUPIED,LEAVING,0.7020940402082423
131.0,cctv2,C2_S005,G001,EMPTY,EMPTY,0.01
131.0,cctv2,C2_S006,G003,OCCUPIED,OCCUPIED,0.822486972808838
131.0,cctv2,C2_S007,G004,OCCUPIED,OCCUPIED,0.7967635130340404
131.0,cctv2,C2_S008,G006,OCCUPIED,OCCUPIED,0.7634990136731755
131.0,cctv2,C2_S009,G005,OCCUPIED,OCCUPIED,0.7886551033366811
131.0,cctv2,C2_S010,G002,EMPTY,EMPTY,0.01
131.0,cctv2,C2_S011,G017,OCCUPIED,OCCUPIED,0.8051461469043386
131.0,cctv2,C2_S012,G018,OCCUPIED,OCCUPIED,0.7650911176746542
131.0,cctv2,C2_S013,G019,EMPTY,MANEUVERING,0.3114236301861026
131.0,cctv2,C2_S014,G020,EMPTY,EMPTY,0.01
131.0,cctv3,C3_S001,G021,OCCUPIED,OCCUPIED,0.8181648116220128
131.0,cctv3,C3_S002,G019,EMPTY,EMPTY,0.01
131.0,cctv3,C3_S003,G020,EMPTY,EMPTY,0.01
131.0,cctv3,C3_S004,G024,OCCUPIED,OCCUPIED,0.8296857617118143
131.0,cctv3,C3_S005,G025,OCCUPIED,OCCUPIED,0.8311351323669608
131.0,cctv3,C3_S006,G026,OCCUPIED,OCCUPIED,0.8269514788280834
131.0,cctv3,C3_S007,G027,OCCUPIED,LEAVING,0.6373808763785795
131.0,cctv3,C3_S008,G028,EMPTY,MANEUVERING,0.1329224329577251
131.0,cctv3,C3_S009,G029,EMPTY,EMPTY,0.01
131.0,cctv3,C3_S010,G007,OCCUPIED,OCCUPIED,0.7638000286438249
131.0,cctv3,C3_S011,G008,OCCUPIED,OCCUPIED,0.7890709465200252
131.0,cctv3,C3_S012,G009,OCCUPIED,OCCUPIED,0.8274400797757236
132.0,cctv1,C1_S001,G001,OCCUPIED,OCCUPIED,0.7178915617987515
132.0,cctv1,C1_S002,G002,EMPTY,EMPTY,0.01
132.0,cctv1,C1_S003,G003,OCCUPIED,OCCUPIED,0.8364460387013176
132.0,cctv1,C1_S004,G004,OCCUPIED,OCCUPIED,0.7707147480411963
132.0,cctv1,C1_S005,G005,OCCUPIED,OCCUPIED,0.7662287311120467
132.0,cctv1,C1_S006,G006,EMPTY,EMPTY,0.01
132.0,cctv2,C2_S001,G007,OCCUPIED,OCCUPIED,0.8092144987799905
132.0,cctv2,C2_S002,G008,OCCUPIED,LEAVING,0.798306756940755
132.0,cctv2,C2_S003,G009,EMPTY,MANEUVERING,0.078167834512212
132.0,cctv2,C2_S004,G010,OCCUPIED,LEAVING,0.703698110275648
132.0,cctv2,C2_S005,G001,EMPTY,EMPTY,0.01
132.0,cctv2,C2_S006,G003,OCCUPIED,OCCUPIED,0.8222742094234987
132.0,cctv2,C2_S007,G004,OCCUPIED,OCCUPIED,0.7963731890374964
132.0,cctv2,C2_S008,G006,OCCUPIED,OCCUPIED,0.7610214832154187
132.0,cctv2,C2_S009,G005,OCCUPIED,OCCUPIED,0.7866105163639243
132.0,cctv2,C2_S010,G002,EMPTY,EMPTY,0.01
132.0,cctv2,C2_S011,G017,OCCUPIED,OCCUPIED,0.8037020667032763
132.0,cctv2,C2_S012,G018,OCCUPIED,OCCUPIED,0.7666861721060494
132.0,cctv2,C2_S013,G019,EMPTY,MANEUVERING,0.392659804252061
132.0,cctv2,C2_S014,G020,EMPTY,EMPTY,0.01
132.0,cctv3,C3_S001,G021,OCCUPIED,OCCUPIED,0.8181171609596773
132.0,cctv3,C3_S002,G019,EMPTY,EMPTY,0.01
132.0,cctv3,C3_S003,G020,EMPTY,EMPTY,0.01
132.0,cctv3,C3_S004,G024,OCCUPIED,OCCUPIED,0.829528458280997
132.0,cctv3,C3_S005,G025,OCCUPIED,OCCUPIED,0.8312409739602696
132.0,cctv3,C3_S006,G026,OCCUPIED,OCCUPIED,0.8267859800295396
132.0,cctv3,C3_S007,G027,OCCUPIED,LEAVING,0.6390724186960495
132.0,cctv3,C3_S008,G028,EMPTY,MANEUVERING,0.1329224329577251
132.0,cctv3,C3_S009,G029,EMPTY,EMPTY,0.01
132.0,cctv3,C3_S010,G007,OCCUPIED,OCCUPIED,0.7642846676436338
132.0,cctv3,C3_S011,G008,OCCUPIED,OCCUPIED,0.7901068318973888
132.0,cctv3,C3_S012,G009,OCCUPIED,OCCUPIED,0.8277387543158099
133.0,cctv1,C1_S001,G001,OCCUPIED,OCCUPIED,0.7185099121691152
133.0,cctv1,C1_S002,G002,EMPTY,EMPTY,0.01
133.0,cctv1,C1_S003,G003,OCCUPIED,OCCUPIED,0.8367223858833314
133.0,cctv1,C1_S004,G004,OCCUPIED,OCCUPIED,0.7708407935771076
133.0,cctv1,C1_S005,G005,OCCUPIED,OCCUPIED,0.7671745003624396
133.0,cctv1,C1_S006,G006,EMPTY,EMPTY,0.01
133.0,cctv2,C2_S001,G007,OCCUPIED,OCCUPIED,0.8038569244471464
133.0,cctv2,C2_S002,G008,OCCUPIED,LEAVING,0.7988150932572106
133.0,cctv2,C2_S003,G009,EMPTY,MANEUVERING,0.078167834512212
133.0,cctv2,C2_S004,G010,OCCUPIED,LEAVING,0.7046727286956528
133.0,cctv2,C2_S005,G001,EMPTY,EMPTY,0.01
133.0,cctv2,C2_S006,G003,OCCUPIED,OCCUPIED,0.8225136640396986
133.0,cctv2,C2_S007,G004,OCCUPIED,OCCUPIED,0.796479237892411
133.0,cctv2,C2_S008,G006,OCCUPIED,OCCUPIED,0.757879059558565
133.0,cctv2,C2_S009,G005,OCCUPIED,OCCUPIED,0.7879030371254141
133.0,cctv2,C2_S010,G002,EMPTY,EMPTY,0.01
133.0,cctv2,C2_S011,G017,OCCUPIED,OCCUPIED,0.8048384999687022
133.0,cctv2,C2_S012,G018,OCCUPIED,OCCUPIED,0.7668028831481934
133.0,cctv2,C2_S013,G019,EMPTY,MANEUVERING,0.347659804252061
133.0,cctv2,C2_S014,G020,EMPTY,EMPTY,0.01
133.0,cctv3,C3_S001,G021,OCCUPIED,OCCUPIED,0.8171151315624064
133.0,cctv3,C3_S002,G019,EMPTY,EMPTY,0.01
133.0,cctv3,C3_S003,G020,EMPTY,EMPTY,0.01
133.0,cctv3,C3_S004,G024,OCCUPIED,OCCUPIED,0.8294631123542786
133.0,cctv3,C3_S005,G025,OCCUPIED,OCCUPIED,0.8311332084915856
133.0,cctv3,C3_S006,G026,OCCUPIED,OCCUPIED,0.8268112342466009
133.0,cctv3,C3_S007,G027,OCCUPIED,LEAVING,0.6731392876634544
133.0,cctv3,C3_S008,G028,EMPTY,MANEUVERING,0.1853603751347823
133.0,cctv3,C3_S009,G029,EMPTY,EMPTY,0.01
133.0,cctv3,C3_S010,G007,OCCUPIED,OCCUPIED,0.7659312420270661
133.0,cctv3,C3_S011,G008,OCCUPIED,OCCUPIED,0.7909950307824396
133.0,cctv3,C3_S012,G009,OCCUPIED,OCCUPIED,0.8280616240067916
134.0,cctv1,C1_S001,G001,OCCUPIED,OCCUPIED,0.7188091022216462
134.0,cctv1,C1_S002,G002,EMPTY,EMPTY,0.01
134.0,cctv1,C1_S003,G003,OCCUPIED,OCCUPIED,0.8367605333978481
134.0,cctv1,C1_S004,G004,OCCUPIED,OCCUPIED,0.7699003566395153
134.0,cctv1,C1_S005,G005,OCCUPIED,OCCUPIED,0.7683822214603425
134.0,cctv1,C1_S006,G006,EMPTY,EMPTY,0.01
134.0,cctv2,C2_S001,G007,OCCUPIED,OCCUPIED,0.7996915526010774
134.0,cctv2,C2_S002,G008,OCCUPIED,LEAVING,0.7987028029831974
134.0,cctv2,C2_S003,G009,EMPTY,MANEUVERING,0.078167834512212
134.0,cctv2,C2_S004,G010,OCCUPIED,LEAVING,0.7014220880649308
134.0,cctv2,C2_S005,G001,EMPTY,EMPTY,0.01
134.0,cctv2,C2_S006,G003,OCCUPIED,OCCUPIED,0.8228133318099109
134.0,cctv2,C2_S007,G004,OCCUPIED,OCCUPIED,0.7969118213111704
134.0,cctv2,C2_S008,G006,OCCUPIED,OCCUPIED,0.7586653080853549
134.0,cctv2,C2_S009,G005,OCCUPIED,OCCUPIED,0.787103094296022
134.0,cctv2,C2_S010,G002,EMPTY,EMPTY,0.01
134.0,cctv2,C2_S011,G017,OCCUPIED,OCCUPIED,0.8051222484220159
134.0,cctv2,C2_S012,G018,OCCUPIED,OCCUPIED,0.7663644862445919
134.0,cctv2,C2_S013,G019,EMPTY,MANEUVERING,0.3026598042520609
134.0,cctv2,C2_S014,G020,EMPTY,EMPTY,0.01
134.0,cctv3,C3_S001,G021,OCCUPIED,OCCUPIED,0.816636595400897
134.0,cctv3,C3_S002,G019,EMPTY,EMPTY,0.01
134.0,cctv3,C3_S003,G020,EMPTY,EMPTY,0.01
134.0,cctv3,C3_S004,G024,OCCUPIED,OCCUPIED,0.82946483140642
134.0,cctv3,C3_S005,G025,OCCUPIED,OCCUPIED,0.8311672798611902
134.0,cctv3,C3_S006,G026,OCCUPIED,OCCUPIED,0.826932271773165
134.0,cctv3,C3_S007,G027,OCCUPIED,LEAVING,0.6759840980002826
134.0,cctv3,C3_S008,G028,EMPTY,MANEUVERING,0.1853603751347823
134.0,cctv3,C3_S009,G029,EMPTY,MANEUVERING,0.1096012816645882
134.0,cctv3,C3_S010,G007,OCCUPIED,OCCUPIED,0.6736472830853679
134.0,cctv3,C3_S011,G008,OCCUPIED,OCCUPIED,0.7912391077388418
134.0,cctv3,C3_S012,G009,OCCUPIED,OCCUPIED,0.8277966217561202
135.0,cctv1,C1_S001,G001,OCCUPIED,OCCUPIED,0.719373480857096
135.0,cctv1,C1_S002,G002,EMPTY,EMPTY,0.01
135.0,cctv1,C1_S003,G003,OCCUPIED,OCCUPIED,0.8370489399541509
135.0,cctv1,C1_S004,G004,OCCUPIED,OCCUPIED,0.7686812751672485
135.0,cctv1,C1_S005,G005,OCCUPIED,OCCUPIED,0.7691368760033088
135.0,cctv1,C1_S006,G006,EMPTY,EMPTY,0.01
135.0,cctv2,C2_S001,G007,OCCUPIED,OCCUPIED,0.7953414623032917
135.0,cctv2,C2_S002,G008,OCCUPIED,LEAVING,0.7994587112556805
135.0,cctv2,C2_S003,G009,EMPTY,MANEUVERING,0.078167834512212
135.0,cctv2,C2_S004,G010,OCCUPIED,LEAVING,0.7022992879829625
135.0,cctv2,C2_S005,G001,EMPTY,EMPTY,0.01
135.0,cctv2,C2_S006,G003,OCCUPIED,OCCUPIED,0.8227223951708187
135.0,cctv2,C2_S007,G004,OCCUPIED,OCCUPIED,0.7963615913282742
135.0,cctv2,C2_S008,G006,OCCUPIED,OCCUPIED,0.7597850588234989
135.0,cctv2,C2_S009,G005,OCCUPIED,OCCUPIED,0.7882126144387506
135.0,cctv2,C2_S010,G002,EMPTY,EMPTY,0.01
135.0,cctv2,C2_S011,G017,OCCUPIED,OCCUPIED,0.8034525286067616
135.0,cctv2,C2_S012,G018,OCCUPIED,OCCUPIED,0.7685476393862205
135.0,cctv2,C2_S013,G019,EMPTY,MANEUVERING,0.3026598042520609
135.0,cctv2,C2_S014,G020,EMPTY,EMPTY,0.01
135.0,cctv3,C3_S001,G021,OCCUPIED,OCCUPIED,0.8154411445964467
135.0,cctv3,C3_S002,G019,EMPTY,EMPTY,0.01
135.0,cctv3,C3_S003,G020,EMPTY,EMPTY,0.01
135.0,cctv3,C3_S004,G024,OCCUPIED,OCCUPIED,0.8294949883764441
135.0,cctv3,C3_S005,G025,OCCUPIED,OCCUPIED,0.8311499438502572
135.0,cctv3,C3_S006,G026,OCCUPIED,OCCUPIED,0.8267897952686657
135.0,cctv3,C3_S007,G027,OCCUPIED,LEAVING,0.6751551785150712
135.0,cctv3,C3_S008,G028,EMPTY,MANEUVERING,0.1853603751347823
135.0,cctv3,C3_S009,G029,EMPTY,MANEUVERING,0.1096012816645882
135.0,cctv3,C3_S010,G007,OCCUPIED,OCCUPIED,0.6713157290897587
135.0,cctv3,C3_S011,G008,OCCUPIED,OCCUPIED,0.7910212806679986
135.0,cctv3,C3_S012,G009,OCCUPIED,OCCUPIED,0.827801846374165
136.0,cctv1,C1_S001,G001,OCCUPIED,OCCUPIED,0.7184421743012288
136.0,cctv1,C1_S002,G002,EMPTY,EMPTY,0.01
136.0,cctv1,C1_S003,G003,OCCUPIED,OCCUPIED,0.8371334149078891
136.0,cctv1,C1_S004,G004,OCCUPIED,OCCUPIED,0.7676275738260964
136.0,cctv1,C1_S005,G005,OCCUPIED,OCCUPIED,0.7673627451062203
136.0,cctv1,C1_S006,G006,EMPTY,EMPTY,0.01
136.0,cctv2,C2_S001,G007,OCCUPIED,OCCUPIED,0.7920203819870949
136.0,cctv2,C2_S002,G008,OCCUPIED,LEAVING,0.802175041220405
136.0,cctv2,C2_S003,G009,EMPTY,MANEUVERING,0.1557544444907795
136.0,cctv2,C2_S004,G010,OCCUPIED,LEAVING,0.7084744819185952
136.0,cctv2,C2_S005,G001,EMPTY,EMPTY,0.01
136.0,cctv2,C2_S006,G003,OCCUPIED,OCCUPIED,0.8228530415079811
136.0,cctv2,C2_S007,G004,OCCUPIED,OCCUPIED,0.7965456144376235
136.0,cctv2,C2_S008,G006,OCCUPIED,OCCUPIED,0.7599042667583986
136.0,cctv2,C2_S009,G005,OCCUPIED,OCCUPIED,0.7881019692529332
136.0,cctv2,C2_S010,G002,EMPTY,EMPTY,0.01
136.0,cctv2,C2_S011,G017,OCCUPIED,OCCUPIED,0.8024063817479394
136.0,cctv2,C2_S012,G018,OCCUPIED,OCCUPIED,0.7692866310477258
136.0,cctv2,C2_S013,G019,EMPTY,MANEUVERING,0.257659804252061
136.0,cctv2,C2_S014,G020,EMPTY,EMPTY,0.01
136.0,cctv3,C3_S001,G021,OCCUPIED,OCCUPIED,0.815102512457154
136.0,cctv3,C3_S002,G019,EMPTY,EMPTY,0.01
136.0,cctv3,C3_S003,G020,EMPTY,EMPTY,0.01
136.0,cctv3,C3_S004,G024,OCCUPIED,OCCUPIED,0.8294161460616373
136.0,cctv3,C3_S005,G025,OCCUPIED,OCCUPIED,0.8310637742280961
136.0,cctv3,C3_S006,G026,OCCUPIED,OCCUPIED,0.8267252881418575
136.0,cctv3,C3_S007,G027,OCCUPIED,LEAVING,0.7243469219248404
136.0,cctv3,C3_S008,G028,EMPTY,MANEUVERING,0.1479447916962883
136.0,cctv3,C3_S009,G029,EMPTY,MANEUVERING,0.1895973132957111
136.0,cctv3,C3_S010,G007,OCCUPIED,OCCUPIED,0.5904650606802017
136.0,cctv3,C3_S011,G008,OCCUPIED,OCCUPIED,0.7928828475150196
136.0,cctv3,C3_S012,G009,OCCUPIED,OCCUPIED,0.82795769572258
137.0,cctv1,C1_S001,G001,OCCUPIED,OCCUPIED,0.7186277023939924
137.0,cctv1,C1_S002,G002,EMPTY,EMPTY,0.01
137.0,cctv1,C1_S003,G003,OCCUPIED,OCCUPIED,0.8370860227129677
137.0,cctv1,C1_S004,G004,OCCUPIED,OCCUPIED,0.7686893937262622
137.0,cctv1,C1_S005,G005,OCCUPIED,OCCUPIED,0.7687709178436887
137.0,cctv1,C1_S006,G006,EMPTY,EMPTY,0.01
137.0,cctv2,C2_S001,G007,OCCUPIED,OCCUPIED,0.7895081388679418
137.0,cctv2,C2_S002,G008,OCCUPIED,LEAVING,0.8036117900501598
137.0,cctv2,C2_S003,G009,EMPTY,MANEUVERING,0.1557544444907795
137.0,cctv2,C2_S004,G010,OCCUPIED,LEAVING,0.7099169059775093
137.0,cctv2,C2_S005,G001,EMPTY,EMPTY,0.01
137.0,cctv2,C2_S006,G003,OCCUPIED,OCCUPIED,0.8227559845555913
137.0,cctv2,C2_S007,G004,OCCUPIED,OCCUPIED,0.7975527489727194
137.0,cctv2,C2_S008,G006,OCCUPIED,OCCUPIED,0.7619328714229845
137.0,cctv2,C2_S009,G005,OCCUPIED,OCCUPIED,0.7896459991281684
137.0,cctv2,C2_S010,G002,EMPTY,EMPTY,0.01
137.0,cctv2,C2_S011,G017,OCCUPIED,OCCUPIED,0.8032988957383417
137.0,cctv2,C2_S012,G018,OCCUPIED,OCCUPIED,0.7694721732627262
137.0,cctv2,C2_S013,G019,EMPTY,MANEUVERING,0.257659804252061
137.0,cctv2,C2_S014,G020,EMPTY,EMPTY,0.01
137.0,cctv3,C3_S001,G021,OCCUPIED,OCCUPIED,0.8150510774417358
137.0,cctv3,C3_S002,G019,EMPTY,EMPTY,0.01
137.0,cctv3,C3_S003,G020,EMPTY,EMPTY,0.01
137.0,cctv3,C3_S004,G024,OCCUPIED,OCCUPIED,0.8294661790132523
137.0,cctv3,C3_S005,G025,OCCUPIED,OCCUPIED,0.8309806582602588
137.0,cctv3,C3_S006,G026,OCCUPIED,OCCUPIED,0.8269608917561445
137.0,cctv3,C3_S007,G027,OCCUPIED,LEAVING,0.7266848612847654
137.0,cctv3,C3_S008,G028,EMPTY,MANEUVERING,0.1029447916962883
137.0,cctv3,C3_S009,G029,EMPTY,MANEUVERING,0.3398542224141684
137.0,cctv3,C3_S010,G007,OCCUPIED,OCCUPIED,0.510458295121789
137.0,cctv3,C3_S011,G008,OCCUPIED,OCCUPIED,0.7962006116455252
137.0,cctv3,C3_S012,G009,OCCUPIED,OCCUPIED,0.8282678493044594
138.0,cctv1,C1_S001,G001,OCCUPIED,OCCUPIED,0.7196808444336057
138.0,cctv1,C1_S002,G002,EMPTY,EMPTY,0.01
138.0,cctv1,C1_S003,G003,OCCUPIED,OCCUPIED,0.836994997479699
138.0,cctv1,C1_S004,G004,OCCUPIED,OCCUPIED,0.7680084531957454
138.0,cctv1,C1_S005,G005,OCCUPIED,OCCUPIED,0.7712490383874286
138.0,cctv1,C1_S006,G006,EMPTY,EMPTY,0.01
138.0,cctv2,C2_S001,G007,OCCUPIED,OCCUPIED,0.78949017863382
138.0,cctv2,C2_S002,G008,OCCUPIED,LEAVING,0.8051979899406434
138.0,cctv2,C2_S003,G009,EMPTY,MANEUVERING,0.2247046908329833
138.0,cctv2,C2_S004,G010,OCCUPIED,LEAVING,0.7591457453641025
138.0,cctv2,C2_S005,G001,EMPTY,EMPTY,0.01
138.0,cctv2,C2_S006,G003,OCCUPIED,OCCUPIED,0.8227735310792923
138.0,cctv2,C2_S007,G004,OCCUPIED,OCCUPIED,0.797916358167475
138.0,cctv2,C2_S008,G006,OCCUPIED,OCCUPIED,0.7622879418459806
138.0,cctv2,C2_S009,G005,OCCUPIED,OCCUPIED,0.7898094147443772
138.0,cctv2,C2_S010,G002,EMPTY,EMPTY,0.01
138.0,cctv2,C2_S011,G017,OCCUPIED,OCCUPIED,0.802218675071543
138.0,cctv2,C2_S012,G018,OCCUPIED,OCCUPIED,0.770498383587057
138.0,cctv2,C2_S013,G019,EMPTY,MANEUVERING,0.257659804252061
138.0,cctv2,C2_S014,G020,EMPTY,EMPTY,0.01
138.0,cctv3,C3_S001,G021,OCCUPIED,OCCUPIED,0.8146077294241298
138.0,cctv3,C3_S002,G019,EMPTY,EMPTY,0.01
138.0,cctv3,C3_S003,G020,EMPTY,EMPTY,0.01
138.0,cctv3,C3_S004,G024,OCCUPIED,OCCUPIED,0.8295879748734561
138.0,cctv3,C3_S005,G025,OCCUPIED,OCCUPIED,0.830983746864579
138.0,cctv3,C3_S006,G026,OCCUPIED,OCCUPIED,0.8268978980454532
138.0,cctv3,C3_S007,G027,OCCUPIED,LEAVING,0.7287492289394142
138.0,cctv3,C3_S008,G028,EMPTY,MANEUVERING,0.1029447916962883
138.0,cctv3,C3_S009,G029,EMPTY,MANEUVERING,0.3879024799405174
138.0,cctv3,C3_S010,G007,OCCUPIED,OCCUPIED,0.51
138.0,cctv3,C3_S011,G008,OCCUPIED,OCCUPIED,0.7954617045142435
138.0,cctv3,C3_S012,G009,OCCUPIED,OCCUPIED,0.8283006819811735
139.0,cctv1,C1_S001,G001,OCCUPIED,OCCUPIED,0.6394078016314995
139.0,cctv1,C1_S002,G002,EMPTY,EMPTY,0.01
139.0,cctv1,C1_S003,G003,OCCUPIED,LEAVING,0.8284657008268617
139.0,cctv1,C1_S004,G004,OCCUPIED,OCCUPIED,0.7653280396353115
139.0,cctv1,C1_S005,G005,OCCUPIED,OCCUPIED,0.770869274979288
139.0,cctv1,C1_S006,G006,EMPTY,EMPTY,0.01
139.0,cctv2,C2_S001,G007,OCCUPIED,OCCUPIED,0.7867979852990671
139.0,cctv2,C2_S002,G008,OCCUPIED,LEAVING,0.8046900510787964
139.0,cctv2,C2_S003,G009,EMPTY,MANEUVERING,0.3122901815108277
139.0,cctv2,C2_S004,G010,OCCUPIED,LEAVING,0.679523529749025
139.0,cctv2,C2_S005,G001,EMPTY,EMPTY,0.01
139.0,cctv2,C2_S006,G003,OCCUPIED,OCCUPIED,0.8228079178116539
139.0,cctv2,C2_S007,G004,OCCUPIED,OCCUPIED,0.7979633618484845
139.0,cctv2,C2_S008,G006,OCCUPIED,OCCUPIED,0.7634863479570909
139.0,cctv2,C2_S009,G005,OCCUPIED,OCCUPIED,0.7864952167326754
139.0,cctv2,C2_S010,G002,EMPTY,EMPTY,0.01
139.0,cctv2,C2_S011,G017,OCCUPIED,OCCUPIED,0.8019445216113872
139.0,cctv2,C2_S012,G018,OCCUPIED,OCCUPIED,0.771052413772453
139.0,cctv2,C2_S013,G019,EMPTY,MANEUVERING,0.257659804252061
139.0,cctv2,C2_S014,G020,EMPTY,EMPTY,0.01
139.0,cctv3,C3_S001,G021,OCCUPIED,OCCUPIED,0.8129803015427156
139.0,cctv3,C3_S002,G019,EMPTY,EMPTY,0.01
139.0,cctv3,C3_S003,G020,EMPTY,EMPTY,0.01
139.0,cctv3,C3_S004,G024,OCCUPIED,OCCUPIED,0.8295542326840488
139.0,cctv3,C3_S005,G025,OCCUPIED,OCCUPIED,0.8309246309778908
139.0,cctv3,C3_S006,G026,OCCUPIED,OCCUPIED,0.8269934757189318
139.0,cctv3,C3_S007,G027,OCCUPIED,LEAVING,0.7306387013264679
139.0,cctv3,C3_S008,G028,EMPTY,MANEUVERING,0.1029447916962883
139.0,cctv3,C3_S009,G029,EMPTY,MANEUVERING,0.4758088113421743
139.0,cctv3,C3_S010,G007,OCCUPIED,OCCUPIED,0.51
139.0,cctv3,C3_S011,G008,OCCUPIED,OCCUPIED,0.7957957484505394
139.0,cctv3,C3_S012,G009,OCCUPIED,OCCUPIED,0.8282830826260827
140.0,cctv1,C1_S001,G001,OCCUPIED,OCCUPIED,0.6403288156573068
140.0,cctv1,C1_S002,G002,EMPTY,EMPTY,0.01
140.0,cctv1,C1_S003,G003,OCCUPIED,LEAVING,0.828608795052225
140.0,cctv1,C1_S004,G004,OCCUPIED,OCCUPIED,0.7663648333061825
140.0,cctv1,C1_S005,G005,OCCUPIED,LEAVING,0.7690282599492507
140.0,cctv1,C1_S006,G006,EMPTY,EMPTY,0.01
140.0,cctv2,C2_S001,G007,OCCUPIED,OCCUPIED,0.7820254320448096
140.0,cctv2,C2_S002,G008,OCCUPIED,LEAVING,0.8061941241676158
140.0,cctv2,C2_S003,G009,EMPTY,MANEUVERING,0.2272901815108277
140.0,cctv2,C2_S004,G010,OCCUPIED,LEAVING,0.681563254039396
140.0,cctv2,C2_S005,G001,EMPTY,EMPTY,0.01
140.0,cctv2,C2_S006,G003,OCCUPIED,OCCUPIED,0.8230848705226725
140.0,cctv2,C2_S007,G004,OCCUPIED,OCCUPIED,0.7977067329666832
140.0,cctv2,C2_S008,G006,OCCUPIED,OCCUPIED,0.7670191984285009
140.0,cctv2,C2_S009,G005,OCCUPIED,LEAVING,0.7899740824645216
140.0,cctv2,C2_S010,G002,EMPTY,EMPTY,0.01
140.0,cctv2,C2_S011,G017,OCCUPIED,OCCUPIED,0.8008701058951292
140.0,cctv2,C2_S012,G018,OCCUPIED,OCCUPIED,0.7720603293993257
140.0,cctv2,C2_S013,G019,EMPTY,MANEUVERING,0.2189351995966651
140.0,cctv2,C2_S014,G020,EMPTY,EMPTY,0.01
140.0,cctv3,C3_S001,G021,OCCUPIED,OCCUPIED,0.8127419385043058
140.0,cctv3,C3_S002,G019,EMPTY,EMPTY,0.01
140.0,cctv3,C3_S003,G020,EMPTY,EMPTY,0.01
140.0,cctv3,C3_S004,G024,OCCUPIED,OCCUPIED,0.8299640685319901
140.0,cctv3,C3_S005,G025,OCCUPIED,OCCUPIED,0.8310009243813429
140.0,cctv3,C3_S006,G026,OCCUPIED,OCCUPIED,0.8270799420096658
140.0,cctv3,C3_S007,G027,OCCUPIED,LEAVING,0.73309547229924
140.0,cctv3,C3_S008,G028,EMPTY,MANEUVERING,0.1029447916962883
140.0,cctv3,C3_S009,G029,EMPTY,MANEUVERING,0.4308088113421744
140.0,cctv3,C3_S010,G007,OCCUPIED,OCCUPIED,0.51
140.0,cctv3,C3_S011,G008,OCCUPIED,OCCUPIED,0.7973373025655747
140.0,cctv3,C3_S012,G009,OCCUPIED,OCCUPIED,0.8283681891181253
141.0,cctv1,C1_S001,G001,OCCUPIED,OCCUPIED,0.6413079839978706
141.0,cctv1,C1_S002,G002,EMPTY,EMPTY,0.01
141.0,cctv1,C1_S003,G003,OCCUPIED,LEAVING,0.8275843976573511
141.0,cctv1,C1_S004,G004,OCCUPIED,OCCUPIED,0.7661810914223846
141.0,cctv1,C1_S005,G005,OCCUPIED,LEAVING,0.7704627256501806
141.0,cctv1,C1_S006,G006,EMPTY,EMPTY,0.01
141.0,cctv2,C2_S001,G007,OCCUPIED,OCCUPIED,0.7781843656843359
141.0,cctv2,C2_S002,G008,OCCUPIED,LEAVING,0.8078475962985646
141.0,cctv2,C2_S003,G009,EMPTY,MANEUVERING,0.3207810431989756
141.0,cctv2,C2_S004,G010,OCCUPIED,OCCUPIED,0.6034220444975478
141.0,cctv2,C2_S005,G001,EMPTY,EMPTY,0.01
141.0,cctv2,C2_S006,G003,OCCUPIED,OCCUPIED,0.8231710848483174
141.0,cctv2,C2_S007,G004,OCCUPIED,OCCUPIED,0.7977253832600334
141.0,cctv2,C2_S008,G006,OCCUPIED,OCCUPIED,0.7698582520539111
141.0,cctv2,C2_S009,G005,OCCUPIED,LEAVING,0.7943358590657061
141.0,cctv2,C2_S010,G002,EMPTY,EMPTY,0.01
141.0,cctv2,C2_S011,G017,OCCUPIED,OCCUPIED,0.8018436819314957
141.0,cctv2,C2_S012,G018,OCCUPIED,OCCUPIED,0.7726780425418508
141.0,cctv2,C2_S013,G019,EMPTY,MANEUVERING,0.1846776069294322
141.0,cctv2,C2_S014,G020,EMPTY,EMPTY,0.01
141.0,cctv3,C3_S001,G021,OCCUPIED,OCCUPIED,0.8114263036034325
141.0,cctv3,C3_S002,G019,EMPTY,EMPTY,0.01
141.0,cctv3,C3_S003,G020,EMPTY,EMPTY,0.01
141.0,cctv3,C3_S004,G024,OCCUPIED,OCCUPIED,0.8301008514382623
141.0,cctv3,C3_S005,G025,OCCUPIED,OCCUPIED,0.8308710274371235
141.0,cctv3,C3_S006,G026,OCCUPIED,OCCUPIED,0.8271933222358878
141.0,cctv3,C3_S007,G027,OCCUPIED,LEAVING,0.7346680890362373
141.0,cctv3,C3_S008,G028,EMPTY,MANEUVERING,0.1029447916962883
141.0,cctv3,C3_S009,G029,EMPTY,MANEUVERING,0.3858088113421744
141.0,cctv3,C3_S010,G007,OCCUPIED,OCCUPIED,0.51
141.0,cctv3,C3_S011,G008,OCCUPIED,OCCUPIED,0.8003378434614702
141.0,cctv3,C3_S012,G009,OCCUPIED,OCCUPIED,0.8285589933395386
142.0,cctv1,C1_S001,G001,OCCUPIED,OCCUPIED,0.6415588686649095
142.0,cctv1,C1_S002,G002,EMPTY,EMPTY,0.01
142.0,cctv1,C1_S003,G003,OCCUPIED,LEAVING,0.8274882282723081
142.0,cctv1,C1_S004,G004,OCCUPIED,OCCUPIED,0.7670927653258498
142.0,cctv1,C1_S005,G005,OCCUPIED,LEAVING,0.7700701177120209
142.0,cctv1,C1_S006,G006,EMPTY,EMPTY,0.01
142.0,cctv2,C2_S001,G007,OCCUPIED,OCCUPIED,0.7731888903812929
142.0,cctv2,C2_S002,G008,OCCUPIED,LEAVING,0.8112729552117262
142.0,cctv2,C2_S003,G009,EMPTY,MANEUVERING,0.3207810431989756
142.0,cctv2,C2_S004,G010,OCCUPIED,LEAVING,0.6037755094784679
142.0,cctv2,C2_S005,G001,EMPTY,EMPTY,0.01
142.0,cctv2,C2_S006,G003,OCCUPIED,OCCUPIED,0.8230570275675168
142.0,cctv2,C2_S007,G004,OCCUPIED,OCCUPIED,0.797844608263536
142.0,cctv2,C2_S008,G006,OCCUPIED,OCCUPIED,0.7700542682951148
142.0,cctv2,C2_S009,G005,OCCUPIED,LEAVING,0.7993222132325173
142.0,cctv2,C2_S010,G002,EMPTY,EMPTY,0.01
142.0,cctv2,C2_S011,G017,OCCUPIED,OCCUPIED,0.8012600072405556
142.0,cctv2,C2_S012,G018,OCCUPIED,OCCUPIED,0.7712122941559012
142.0,cctv2,C2_S013,G019,EMPTY,MANEUVERING,0.1846776069294322
142.0,cctv2,C2_S014,G020,EMPTY,EMPTY,0.01
142.0,cctv3,C3_S001,G021,OCCUPIED,OCCUPIED,0.8113409028811889
142.0,cctv3,C3_S002,G019,EMPTY,EMPTY,0.01
142.0,cctv3,C3_S003,G020,EMPTY,EMPTY,0.01
142.0,cctv3,C3_S004,G024,OCCUPIED,OCCUPIED,0.8301718625155363
142.0,cctv3,C3_S005,G025,OCCUPIED,OCCUPIED,0.8307463282888586
142.0,cctv3,C3_S006,G026,OCCUPIED,OCCUPIED,0.8272434478456324
142.0,cctv3,C3_S007,G027,OCCUPIED,LEAVING,0.7386170515214856
142.0,cctv3,C3_S008,G028,EMPTY,MANEUVERING,0.1029447916962883
142.0,cctv3,C3_S009,G029,EMPTY,MANEUVERING,0.3408088113421743
142.0,cctv3,C3_S010,G007,OCCUPIED,OCCUPIED,0.5263343339481137
142.0,cctv3,C3_S011,G008,OCCUPIED,OCCUPIED,0.8023046374320985
142.0,cctv3,C3_S012,G009,OCCUPIED,OCCUPIED,0.8285287941044028
143.0,cctv1,C1_S001,G001,OCCUPIED,OCCUPIED,0.6861109281365168
143.0,cctv1,C1_S002,G002,EMPTY,EMPTY,0.01
143.0,cctv1,C1_S003,G003,OCCUPIED,LEAVING,0.8274057592857968
143.0,cctv1,C1_S004,G004,OCCUPIED,OCCUPIED,0.766508461534977
143.0,cctv1,C1_S005,G005,OCCUPIED,OCCUPIED,0.7692663641138511
143.0,cctv1,C1_S006,G006,EMPTY,EMPTY,0.01
143.0,cctv2,C2_S001,G007,OCCUPIED,OCCUPIED,0.7720309547402643
143.0,cctv2,C2_S002,G008,OCCUPIED,LEAVING,0.8141515750776638
143.0,cctv2,C2_S003,G009,EMPTY,MANEUVERING,0.2757810431989756
143.0,cctv2,C2_S004,G010,OCCUPIED,LEAVING,0.6467058400132439
143.0,cctv2,C2_S005,G001,EMPTY,EMPTY,0.01
143.0,cctv2,C2_S006,G003,OCCUPIED,OCCUPIED,0.8228379910642452
143.0,cctv2,C2_S007,G004,OCCUPIED,OCCUPIED,0.7988162685524334
143.0,cctv2,C2_S008,G006,OCCUPIED,OCCUPIED,0.7717867306687616
143.0,cctv2,C2_S009,G005,OCCUPIED,LEAVING,0.7202711064029824
143.0,cctv2,C2_S010,G002,EMPTY,EMPTY,0.01
143.0,cctv2,C2_S011,G017,OCCUPIED,OCCUPIED,0.802769865772941
143.0,cctv2,C2_S012,G018,OCCUPIED,OCCUPIED,0.7704097191041167
143.0,cctv2,C2_S013,G019,EMPTY,EMPTY,0.01
143.0,cctv2,C2_S014,G020,EMPTY,EMPTY,0.01
143.0,cctv3,C3_S001,G021,OCCUPIED,OCCUPIED,0.8096604038368572
143.0,cctv3,C3_S002,G019,EMPTY,EMPTY,0.01
143.0,cctv3,C3_S003,G020,EMPTY,EMPTY,0.01
143.0,cctv3,C3_S004,G024,OCCUPIED,OCCUPIED,0.8302066816525027
143.0,cctv3,C3_S005,G025,OCCUPIED,OCCUPIED,0.8306198076768355
143.0,cctv3,C3_S006,G026,OCCUPIED,OCCUPIED,0.8273959444327789
143.0,cctv3,C3_S007,G027,OCCUPIED,OCCUPIED,0.7391247628019616
143.0,cctv3,C3_S008,G028,EMPTY,MANEUVERING,0.1029447916962883
143.0,cctv3,C3_S009,G029,EMPTY,MANEUVERING,0.2958088113421744
143.0,cctv3,C3_S010,G007,OCCUPIED,OCCUPIED,0.5764217855578119
143.0,cctv3,C3_S011,G008,OCCUPIED,OCCUPIED,0.8018768551674756
143.0,cctv3,C3_S012,G009,OCCUPIED,OCCUPIED,0.8284937433221125
144.0,cctv1,C1_S001,G001,OCCUPIED,OCCUPIED,0.6848943233896386
144.0,cctv1,C1_S002,G002,EMPTY,EMPTY,0.01
144.0,cctv1,C1_S003,G003,OCCUPIED,LEAVING,0.8205224278298292
144.0,cctv1,C1_S004,G004,OCCUPIED,OCCUPIED,0.7683968504721469
144.0,cctv1,C1_S005,G005,OCCUPIED,OCCUPIED,0.7707050152800301
144.0,cctv1,C1_S006,G006,EMPTY,EMPTY,0.01
144.0,cctv2,C2_S001,G007,OCCUPIED,OCCUPIED,0.7766104177995162
144.0,cctv2,C2_S002,G008,OCCUPIED,LEAVING,0.8128695921464401
144.0,cctv2,C2_S003,G009,EMPTY,MANEUVERING,0.2757810431989756
144.0,cctv2,C2_S004,G010,OCCUPIED,LEAVING,0.6498278925635598
144.0,cctv2,C2_S005,G001,EMPTY,EMPTY,0.01
144.0,cctv2,C2_S006,G003,OCCUPIED,OCCUPIED,0.8228098896416751
144.0,cctv2,C2_S007,G004,OCCUPIED,OCCUPIED,0.7995060189203783
144.0,cctv2,C2_S008,G006,OCCUPIED,OCCUPIED,0.7720905729315498
144.0,cctv2,C2_S009,G005,OCCUPIED,LEAVING,0.7176392862607133
144.0,cctv2,C2_S010,G002,EMPTY,EMPTY,0.01
144.0,cctv2,C2_S011,G017,OCCUPIED,OCCUPIED,0.8028491429307245
144.0,cctv2,C2_S012,G018,OCCUPIED,OCCUPIED,0.7696394171227109
144.0,cctv2,C2_S013,G019,EMPTY,EMPTY,0.01
144.0,cctv2,C2_S014,G020,EMPTY,EMPTY,0.01
144.0,cctv3,C3_S001,G021,OCCUPIED,OCCUPIED,0.8100071118636565
144.0,cctv3,C3_S002,G019,EMPTY,EMPTY,0.01
144.0,cctv3,C3_S003,G020,EMPTY,EMPTY,0.01
144.0,cctv3,C3_S004,G024,OCCUPIED,OCCUPIED,0.8301781535148621
144.0,cctv3,C3_S005,G025,OCCUPIED,OCCUPIED,0.8304771312258461
144.0,cctv3,C3_S006,G026,OCCUPIED,OCCUPIED,0.8274328361858022
144.0,cctv3,C3_S007,G027,OCCUPIED,OCCUPIED,0.7539146829057825
144.0,cctv3,C3_S008,G028,EMPTY,EMPTY,0.01
144.0,cctv3,C3_S009,G029,EMPTY,MANEUVERING,0.2958088113421744
144.0,cctv3,C3_S010,G007,OCCUPIED,OCCUPIED,0.5710681328719313
144.0,cctv3,C3_S011,G008,OCCUPIED,OCCUPIED,0.8011928772384471
144.0,cctv3,C3_S012,G009,OCCUPIED,OCCUPIED,0.828303277221593
145.0,cctv1,C1_S001,G001,OCCUPIED,OCCUPIED,0.6862151814658534
145.0,cctv1,C1_S002,G002,EMPTY,EMPTY,0.01
145.0,cctv1,C1_S003,G003,OCCUPIED,LEAVING,0.8205151744864204
145.0,cctv1,C1_S004,G004,OCCUPIED,OCCUPIED,0.7688570638949221
145.0,cctv1,C1_S005,G005,OCCUPIED,OCCUPIED,0.7717349144545469
145.0,cctv1,C1_S006,G006,EMPTY,EMPTY,0.01
145.0,cctv2,C2_S001,G007,OCCUPIED,OCCUPIED,0.7762686198407954
145.0,cctv2,C2_S002,G008,OCCUPIED,LEAVING,0.8138265433636579
145.0,cctv2,C2_S003,G009,EMPTY,MANEUVERING,0.3167573835043745
145.0,cctv2,C2_S004,G010,OCCUPIED,LEAVING,0.7004606725591602
145.0,cctv2,C2_S005,G001,EMPTY,EMPTY,0.01
145.0,cctv2,C2_S006,G003,OCCUPIED,OCCUPIED,0.8219484592025931
145.0,cctv2,C2_S007,G004,OCCUPIED,OCCUPIED,0.7990163044496017
145.0,cctv2,C2_S008,G006,OCCUPIED,OCCUPIED,0.7776417401703922
145.0,cctv2,C2_S009,G005,OCCUPIED,LEAVING,0.7071207953899196
145.0,cctv2,C2_S010,G002,EMPTY,EMPTY,0.01
145.0,cctv2,C2_S011,G017,OCCUPIED,OCCUPIED,0.8037053739482707
145.0,cctv2,C2_S012,G018,OCCUPIED,OCCUPIED,0.7692022954875773
145.0,cctv2,C2_S013,G019,EMPTY,EMPTY,0.01
145.0,cctv2,C2_S014,G020,EMPTY,EMPTY,0.01
145.0,cctv3,C3_S001,G021,OCCUPIED,OCCUPIED,0.8099051659757441
145.0,cctv3,C3_S002,G019,EMPTY,EMPTY,0.01
145.0,cctv3,C3_S003,G020,EMPTY,EMPTY,0.01
145.0,cctv3,C3_S004,G024,OCCUPIED,OCCUPIED,0.8301141348752109
145.0,cctv3,C3_S005,G025,OCCUPIED,OCCUPIED,0.8303627748381008
145.0,cctv3,C3_S006,G026,OCCUPIED,OCCUPIED,0.8271939992904663
145.0,cctv3,C3_S007,G027,OCCUPIED,OCCUPIED,0.7532129837030714
145.0,cctv3,C3_S008,G028,EMPTY,EMPTY,0.01
145.0,cctv3,C3_S009,G029,EMPTY,MANEUVERING,0.340262816181237
145.0,cctv3,C3_S010,G007,OCCUPIED,LEAVING,0.51
145.0,cctv3,C3_S011,G008,OCCUPIED,OCCUPIED,0.8015063104304401
145.0,cctv3,C3_S012,G009,OCCUPIED,OCCUPIED,0.8287323404442181
146.0,cctv1,C1_S001,G001,OCCUPIED,OCCUPIED,0.6883759227801454
146.0,cctv1,C1_S002,G002,EMPTY,MANEUVERING,0.2111105816404928
146.0,cctv1,C1_S003,G003,OCCUPIED,LEAVING,0.8206115340644664
146.0,cctv1,C1_S004,G004,OCCUPIED,OCCUPIED,0.7682059409943495
146.0,cctv1,C1_S005,G005,OCCUPIED,OCCUPIED,0.7723570016297427
146.0,cctv1,C1_S006,G006,EMPTY,EMPTY,0.01
146.0,cctv2,C2_S001,G007,OCCUPIED,OCCUPIED,0.7782830758528276
146.0,cctv2,C2_S002,G008,OCCUPIED,LEAVING,0.8125959938222712
146.0,cctv2,C2_S003,G009,EMPTY,MANEUVERING,0.3167573835043745
146.0,cctv2,C2_S004,G010,OCCUPIED,OCCUPIED,0.6995295551238638
146.0,cctv2,C2_S005,G001,EMPTY,EMPTY,0.01
146.0,cctv2,C2_S006,G003,OCCUPIED,OCCUPIED,0.7406801666725766
146.0,cctv2,C2_S007,G004,OCCUPIED,OCCUPIED,0.8029068177396601
146.0,cctv2,C2_S008,G006,OCCUPIED,OCCUPIED,0.7765604636885903
146.0,cctv2,C2_S009,G005,OCCUPIED,LEAVING,0.7046135558097651
146.0,cctv2,C2_S010,G002,EMPTY,EMPTY,0.01
146.0,cctv2,C2_S011,G017,OCCUPIED,OCCUPIED,0.8058605053208092
146.0,cctv2,C2_S012,G018,OCCUPIED,OCCUPIED,0.7682309217073702
146.0,cctv2,C2_S013,G019,EMPTY,EMPTY,0.01
146.0,cctv2,C2_S014,G020,EMPTY,EMPTY,0.01
146.0,cctv3,C3_S001,G021,OCCUPIED,OCCUPIED,0.8098183087327264
146.0,cctv3,C3_S002,G019,EMPTY,EMPTY,0.01
146.0,cctv3,C3_S003,G020,EMPTY,EMPTY,0.01
146.0,cctv3,C3_S004,G024,OCCUPIED,OCCUPIED,0.8302365322004666
146.0,cctv3,C3_S005,G025,OCCUPIED,OCCUPIED,0.8303574754433198
146.0,cctv3,C3_S006,G026,OCCUPIED,OCCUPIED,0.82725031348792
146.0,cctv3,C3_S007,G027,OCCUPIED,OCCUPIED,0.7545672056349841
146.0,cctv3,C3_S008,G028,EMPTY,EMPTY,0.01
146.0,cctv3,C3_S009,G029,EMPTY,MANEUVERING,0.340262816181237
146.0,cctv3,C3_S010,G007,OCCUPIED,LEAVING,0.51
146.0,cctv3,C3_S011,G008,OCCUPIED,OCCUPIED,0.802801408550956
146.0,cctv3,C3_S012,G009,OCCUPIED,OCCUPIED,0.8288078560070559
147.0,cctv1,C1_S001,G001,OCCUPIED,OCCUPIED,0.6931549919430505
147.0,cctv1,C1_S002,G002,EMPTY,MANEUVERING,0.2920595811798491
147.0,cctv1,C1_S003,G003,OCCUPIED,LEAVING,0.8205718650059267
147.0,cctv1,C1_S004,G004,OCCUPIED,OCCUPIED,0.7683475197716193
147.0,cctv1,C1_S005,G005,OCCUPIED,OCCUPIED,0.7746656862172214
147.0,cctv1,C1_S006,G006,EMPTY,EMPTY,0.01
147.0,cctv2,C2_S001,G007,OCCUPIED,OCCUPIED,0.7794459272514691
147.0,cctv2,C2_S002,G008,OCCUPIED,LEAVING,0.80976289592006
147.0,cctv2,C2_S003,G009,EMPTY,MANEUVERING,0.2827143416675654
147.0,cctv2,C2_S004,G010,OCCUPIED,OCCUPIED,0.6980044292229595
147.0,cctv2,C2_S005,G001,EMPTY,EMPTY,0.01
147.0,cctv2,C2_S006,G003,OCCUPIED,OCCUPIED,0.7411861895431172
147.0,cctv2,C2_S007,G004,OCCUPIED,LEAVING,0.7110680591247299
147.0,cctv2,C2_S008,G006,OCCUPIED,OCCUPIED,0.6959746638346802
147.0,cctv2,C2_S009,G005,OCCUPIED,LEAVING,0.7475544275253109
147.0,cctv2,C2_S010,G002,EMPTY,EMPTY,0.01
147.0,cctv2,C2_S011,G017,OCCUPIED,OCCUPIED,0.8077295417135413
147.0,cctv2,C2_S012,G018,OCCUPIED,OCCUPIED,0.7678947324102576
147.0,cctv2,C2_S013,G019,EMPTY,EMPTY,0.01
147.0,cctv2,C2_S014,G020,EMPTY,EMPTY,0.01
147.0,cctv3,C3_S001,G021,OCCUPIED,OCCUPIED,0.8096940753134815
147.0,cctv3,C3_S002,G019,EMPTY,EMPTY,0.01
147.0,cctv3,C3_S003,G020,EMPTY,EMPTY,0.01
147.0,cctv3,C3_S004,G024,OCCUPIED,OCCUPIED,0.8303522126241164
147.0,cctv3,C3_S005,G025,OCCUPIED,OCCUPIED,0.830359222130342
147.0,cctv3,C3_S006,G026,OCCUPIED,OCCUPIED,0.8272337967699225
147.0,cctv3,C3_S007,G027,OCCUPIED,OCCUPIED,0.7551418953321197
147.0,cctv3,C3_S008,G028,EMPTY,EMPTY,0.01
147.0,cctv3,C3_S009,G029,EMPTY,MANEUVERING,0.304612002176656
147.0,cctv3,C3_S010,G007,OCCUPIED,LEAVING,0.5470597108695414
147.0,cctv3,C3_S011,G008,OCCUPIED,OCCUPIED,0.8014284109527415
147.0,cctv3,C3_S012,G009,OCCUPIED,OCCUPIED,0.8283530614592813
148.0,cctv1,C1_S001,G001,OCCUPIED,OCCUPIED,0.6941267073188316
148.0,cctv1,C1_S002,G002,EMPTY,MANEUVERING,0.2920595811798491
148.0,cctv1,C1_S003,G003,OCCUPIED,LEAVING,0.8208402639085597
148.0,cctv1,C1_S004,G004,OCCUPIED,OCCUPIED,0.7678039514205673
148.0,cctv1,C1_S005,G005,OCCUPIED,OCCUPIED,0.7740224421024323
148.0,cctv1,C1_S006,G006,EMPTY,MANEUVERING,0.2097090698744763
148.0,cctv2,C2_S001,G007,OCCUPIED,OCCUPIED,0.781864054907452
148.0,cctv2,C2_S002,G008,OCCUPIED,LEAVING,0.8071486329490489
148.0,cctv2,C2_S003,G009,EMPTY,MANEUVERING,0.2827143416675654
148.0,cctv2,C2_S004,G010,OCCUPIED,OCCUPIED,0.6981741887150389
148.0,cctv2,C2_S005,G001,EMPTY,EMPTY,0.01
148.0,cctv2,C2_S006,G003,OCCUPIED,OCCUPIED,0.7364111851562154
148.0,cctv2,C2_S007,G004,OCCUPIED,LEAVING,0.7107295419953087
148.0,cctv2,C2_S008,G006,OCCUPIED,LEAVING,0.695597761165012
148.0,cctv2,C2_S009,G005,OCCUPIED,LEAVING,0.7443649551182083
148.0,cctv2,C2_S010,G002,EMPTY,EMPTY,0.01
148.0,cctv2,C2_S011,G017,OCCUPIED,OCCUPIED,0.8076967041600835
148.0,cctv2,C2_S012,G018,OCCUPIED,OCCUPIED,0.7668084511702712
148.0,cctv2,C2_S013,G019,EMPTY,EMPTY,0.01
148.0,cctv2,C2_S014,G020,EMPTY,EMPTY,0.01
148.0,cctv3,C3_S001,G021,OCCUPIED,OCCUPIED,0.8088439963080667
148.0,cctv3,C3_S002,G019,EMPTY,EMPTY,0.01
148.0,cctv3,C3_S003,G020,EMPTY,EMPTY,0.01
148.0,cctv3,C3_S004,G024,OCCUPIED,OCCUPIED,0.8302688715132801
148.0,cctv3,C3_S005,G025,OCCUPIED,OCCUPIED,0.8304450333118439
148.0,cctv3,C3_S006,G026,OCCUPIED,OCCUPIED,0.8271234653212808
148.0,cctv3,C3_S007,G027,OCCUPIED,OCCUPIED,0.7537941600788723
148.0,cctv3,C3_S008,G028,EMPTY,EMPTY,0.01
148.0,cctv3,C3_S009,G029,EMPTY,MANEUVERING,0.2691781711700288
148.0,cctv3,C3_S010,G007,OCCUPIED,LEAVING,0.5870106966770959
148.0,cctv3,C3_S011,G008,OCCUPIED,OCCUPIED,0.8013305160132322
148.0,cctv3,C3_S012,G009,OCCUPIED,OCCUPIED,0.8280840619043871
149.0,cctv1,C1_S001,G001,OCCUPIED,OCCUPIED,0.6932747637514364
149.0,cctv1,C1_S002,G002,EMPTY,MANEUVERING,0.2920595811798491
149.0,cctv1,C1_S003,G003,OCCUPIED,LEAVING,0.8207612947984175
149.0,cctv1,C1_S004,G004,OCCUPIED,OCCUPIED,0.6874639900435101
149.0,cctv1,C1_S005,G005,OCCUPIED,OCCUPIED,0.7674516148187898
149.0,cctv1,C1_S006,G006,EMPTY,MANEUVERING,0.2097090698744763
149.0,cctv2,C2_S001,G007,OCCUPIED,OCCUPIED,0.7770477129654452
149.0,cctv2,C2_S002,G008,OCCUPIED,LEAVING,0.8067760684273461
149.0,cctv2,C2_S003,G009,EMPTY,MANEUVERING,0.2377143416675654
149.0,cctv2,C2_S004,G010,OCCUPIED,OCCUPIED,0.6979367238102537
149.0,cctv2,C2_S005,G001,EMPTY,EMPTY,0.01
149.0,cctv2,C2_S006,G003,OCCUPIED,OCCUPIED,0.7353386797417294
149.0,cctv2,C2_S007,G004,OCCUPIED,LEAVING,0.7098325853727081
149.0,cctv2,C2_S008,G006,OCCUPIED,LEAVING,0.6948372833837162
149.0,cctv2,C2_S009,G005,OCCUPIED,LEAVING,0.7529686241258275
149.0,cctv2,C2_S010,G002,EMPTY,EMPTY,0.01
149.0,cctv2,C2_S011,G017,OCCUPIED,OCCUPIED,0.8091615300286901
149.0,cctv2,C2_S012,G018,OCCUPIED,OCCUPIED,0.7672710086811674
149.0,cctv2,C2_S013,G019,EMPTY,EMPTY,0.01
149.0,cctv2,C2_S014,G020,EMPTY,EMPTY,0.01
149.0,cctv3,C3_S001,G021,OCCUPIED,OCCUPIED,0.8082049079916694
149.0,cctv3,C3_S002,G019,EMPTY,EMPTY,0.01
149.0,cctv3,C3_S003,G020,EMPTY,EMPTY,0.01
149.0,cctv3,C3_S004,G024,OCCUPIED,OCCUPIED,0.8301110170104288
149.0,cctv3,C3_S005,G025,OCCUPIED,OCCUPIED,0.8303783869201488
149.0,cctv3,C3_S006,G026,OCCUPIED,OCCUPIED,0.8272073729471727
149.0,cctv3,C3_S007,G027,OCCUPIED,OCCUPIED,0.754300123046745
149.0,cctv3,C3_S008,G028,EMPTY,EMPTY,0.01
149.0,cctv3,C3_S009,G029,EMPTY,MANEUVERING,0.1986217308464375
149.0,cctv3,C3_S010,G007,OCCUPIED,LEAVING,0.5763440300104293
149.0,cctv3,C3_S011,G008,OCCUPIED,OCCUPIED,0.8031306627121839
149.0,cctv3,C3_S012,G009,OCCUPIED,OCCUPIED,0.8279899196191268
150.0,cctv1,C1_S001,G001,OCCUPIED,OCCUPIED,0.7287009638480165
150.0,cctv1,C1_S002,G002,EMPTY,MANEUVERING,0.2470595811798491
150.0,cctv1,C1_S003,G003,OCCUPIED,LEAVING,0.8270447363907641
150.0,cctv1,C1_S004,G004,OCCUPIED,OCCUPIED,0.6084693350213948
150.0,cctv1,C1_S005,G005,OCCUPIED,OCCUPIED,0.7650000965053385
150.0,cctv1,C1_S006,G006,EMPTY,MANEUVERING,0.2097090698744763
150.0,cctv2,C2_S001,G007,OCCUPIED,LEAVING,0.7734463885426522
150.0,cctv2,C2_S002,G008,OCCUPIED,LEAVING,0.8073434206572446
150.0,cctv2,C2_S003,G009,EMPTY,MANEUVERING,0.1997700400433757
150.0,cctv2,C2_S004,G010,OCCUPIED,OCCUPIED,0.7361675824631345
150.0,cctv2,C2_S005,G001,EMPTY,EMPTY,0.01
150.0,cctv2,C2_S006,G003,OCCUPIED,OCCUPIED,0.7801841219175946
150.0,cctv2,C2_S007,G004,OCCUPIED,LEAVING,0.7097763135216454
150.0,cctv2,C2_S008,G006,OCCUPIED,LEAVING,0.693501371185888
150.0,cctv2,C2_S009,G005,OCCUPIED,LEAVING,0.7571790177036416
150.0,cctv2,C2_S010,G002,EMPTY,EMPTY,0.01
150.0,cctv2,C2_S011,G017,OCCUPIED,OCCUPIED,0.8095010578632356
150.0,cctv2,C2_S012,G018,OCCUPIED,OCCUPIED,0.7676722110672431
150.0,cctv2,C2_S013,G019,EMPTY,EMPTY,0.01
150.0,cctv2,C2_S014,G020,EMPTY,EMPTY,0.01
150.0,cctv3,C3_S001,G021,OCCUPIED,OCCUPIED,0.808273214914582
150.0,cctv3,C3_S002,G019,EMPTY,EMPTY,0.01
150.0,cctv3,C3_S003,G020,EMPTY,EMPTY,0.01
150.0,cctv3,C3_S004,G024,OCCUPIED,OCCUPIED,0.8299959169192748
150.0,cctv3,C3_S005,G025,OCCUPIED,OCCUPIED,0.8304106221957641
150.0,cctv3,C3_S006,G026,OCCUPIED,OCCUPIED,0.8271151724186812
150.0,cctv3,C3_S007,G027,OCCUPIED,OCCUPIED,0.7536432281136514
150.0,cctv3,C3_S008,G028,EMPTY,EMPTY,0.01
150.0,cctv3,C3_S009,G029,EMPTY,MANEUVERING,0.2564219089055603
150.0,cctv3,C3_S010,G007,OCCUPIED,LEAVING,0.5226167572831566
150.0,cctv3,C3_S011,G008,OCCUPIED,OCCUPIED,0.8027838587760926
150.0,cctv3,C3_S012,G009,OCCUPIED,OCCUPIED,0.8278502553701401
151.0,cctv1,C1_S001,G001,OCCUPIED,OCCUPIED,0.6472915372286331
151.0,cctv1,C1_S002,G002,EMPTY,MANEUVERING,0.2020595811798491
151.0,cctv1,C1_S003,G003,OCCUPIED,LEAVING,0.8173376998440787
151.0,cctv1,C1_S004,G004,OCCUPIED,OCCUPIED,0.6077070954261404
151.0,cctv1,C1_S005,G005,OCCUPIED,OCCUPIED,0.7631907998160883
151.0,cctv1,C1_S006,G006,EMPTY,MANEUVERING,0.2920225080221214
151.0,cctv2,C2_S001,G007,OCCUPIED,LEAVING,0.7723513007164002
151.0,cctv2,C2_S002,G008,OCCUPIED,LEAVING,0.8066377038305457
151.0,cctv2,C2_S003,G009,EMPTY,MANEUVERING,0.1997700400433757
151.0,cctv2,C2_S004,G010,OCCUPIED,OCCUPIED,0.7340398669649255
151.0,cctv2,C2_S005,G001,EMPTY,EMPTY,0.01
151.0,cctv2,C2_S006,G003,OCCUPIED,OCCUPIED,0.7799016897786748
151.0,cctv2,C2_S007,G004,OCCUPIED,LEAVING,0.7558767854354599
151.0,cctv2,C2_S008,G006,OCCUPIED,LEAVING,0.7368253723193299
151.0,cctv2,C2_S009,G005,OCCUPIED,LEAVING,0.7524381784011017
151.0,cctv2,C2_S010,G002,EMPTY,EMPTY,0.01
151.0,cctv2,C2_S011,G017,OCCUPIED,OCCUPIED,0.8113859469240363
151.0,cctv2,C2_S012,G018,OCCUPIED,OCCUPIED,0.767123645273122
151.0,cctv2,C2_S013,G019,EMPTY,EMPTY,0.01
151.0,cctv2,C2_S014,G020,EMPTY,EMPTY,0.01
151.0,cctv3,C3_S001,G021,OCCUPIED,OCCUPIED,0.8083031654357911
151.0,cctv3,C3_S002,G019,EMPTY,EMPTY,0.01
151.0,cctv3,C3_S003,G020,EMPTY,EMPTY,0.01
151.0,cctv3,C3_S004,G024,OCCUPIED,OCCUPIED,0.8299191000786695
151.0,cctv3,C3_S005,G025,OCCUPIED,OCCUPIED,0.8301931047981437
151.0,cctv3,C3_S006,G026,OCCUPIED,OCCUPIED,0.8271070168776946
151.0,cctv3,C3_S007,G027,OCCUPIED,OCCUPIED,0.7543212417851796
151.0,cctv3,C3_S008,G028,EMPTY,EMPTY,0.01
151.0,cctv3,C3_S009,G029,EMPTY,MANEUVERING,0.2564219089055603
151.0,cctv3,C3_S010,G007,OCCUPIED,LEAVING,0.5228560047393496
151.0,cctv3,C3_S011,G008,OCCUPIED,OCCUPIED,0.8035058240998876
151.0,cctv3,C3_S012,G009,OCCUPIED,OCCUPIED,0.8277417917143215
152.0,cctv1,C1_S001,G001,OCCUPIED,OCCUPIED,0.6456992660869252
152.0,cctv1,C1_S002,G002,EMPTY,MANEUVERING,0.2020595811798491
152.0,cctv1,C1_S003,G003,OCCUPIED,LEAVING,0.8185074095698921
152.0,cctv1,C1_S004,G004,OCCUPIED,OCCUPIED,0.6083079261400484
152.0,cctv1,C1_S005,G005,OCCUPIED,OCCUPIED,0.7649243228814819
152.0,cctv1,C1_S006,G006,EMPTY,MANEUVERING,0.2470225080221214
152.0,cctv2,C2_S001,G007,OCCUPIED,LEAVING,0.7754527438770642
152.0,cctv2,C2_S002,G008,OCCUPIED,LEAVING,0.8049360657280142
152.0,cctv2,C2_S003,G009,EMPTY,MANEUVERING,0.1585045862387527
152.0,cctv2,C2_S004,G010,OCCUPIED,OCCUPIED,0.770369040966034
152.0,cctv2,C2_S005,G001,EMPTY,EMPTY,0.01
152.0,cctv2,C2_S006,G003,OCCUPIED,OCCUPIED,0.7798632742870938
152.0,cctv2,C2_S007,G004,OCCUPIED,LEAVING,0.7554765274307945
152.0,cctv2,C2_S008,G006,OCCUPIED,LEAVING,0.7337680644203317
152.0,cctv2,C2_S009,G005,OCCUPIED,LEAVING,0.7473150045086038
152.0,cctv2,C2_S010,G002,EMPTY,EMPTY,0.01
152.0,cctv2,C2_S011,G017,OCCUPIED,OCCUPIED,0.8114458837292412
152.0,cctv2,C2_S012,G018,OCCUPIED,OCCUPIED,0.7677230998873711
152.0,cctv2,C2_S013,G019,EMPTY,EMPTY,0.01
152.0,cctv2,C2_S014,G020,EMPTY,EMPTY,0.01
152.0,cctv3,C3_S001,G021,OCCUPIED,OCCUPIED,0.8095363142815504
152.0,cctv3,C3_S002,G019,EMPTY,EMPTY,0.01
152.0,cctv3,C3_S003,G020,EMPTY,EMPTY,0.01
152.0,cctv3,C3_S004,G024,OCCUPIED,OCCUPIED,0.8299132309176706
152.0,cctv3,C3_S005,G025,OCCUPIED,OCCUPIED,0.8302892294797031
152.0,cctv3,C3_S006,G026,OCCUPIED,OCCUPIED,0.8269332576881756
152.0,cctv3,C3_S007,G027,OCCUPIED,OCCUPIED,0.7539237827062607
152.0,cctv3,C3_S008,G028,EMPTY,EMPTY,0.01
152.0,cctv3,C3_S009,G029,EMPTY,MANEUVERING,0.2564219089055603
152.0,cctv3,C3_S010,G007,OCCUPIED,LEAVING,0.5237563798373397
152.0,cctv3,C3_S011,G008,OCCUPIED,OCCUPIED,0.8031094017353926
152.0,cctv3,C3_S012,G009,OCCUPIED,OCCUPIED,0.8277298152446747
153.0,cctv1,C1_S001,G001,OCCUPIED,OCCUPIED,0.6443688624758612
153.0,cctv1,C1_S002,G002,EMPTY,MANEUVERING,0.2020595811798491
153.0,cctv1,C1_S003,G003,OCCUPIED,LEAVING,0.8186215855181218
153.0,cctv1,C1_S004,G004,OCCUPIED,OCCUPIED,0.6528671930053017
153.0,cctv1,C1_S005,G005,OCCUPIED,OCCUPIED,0.7609951967542823
153.0,cctv1,C1_S006,G006,EMPTY,MANEUVERING,0.2470225080221214
153.0,cctv2,C2_S001,G007,OCCUPIED,LEAVING,0.7800900743766265
153.0,cctv2,C2_S002,G008,OCCUPIED,LEAVING,0.8019767471335152
153.0,cctv2,C2_S003,G009,EMPTY,MANEUVERING,0.1585045862387527
153.0,cctv2,C2_S004,G010,OCCUPIED,OCCUPIED,0.7717268471013417
153.0,cctv2,C2_S005,G001,EMPTY,EMPTY,0.01
153.0,cctv2,C2_S006,G003,OCCUPIED,OCCUPIED,0.7798082496632229
153.0,cctv2,C2_S007,G004,OCCUPIED,LEAVING,0.7551763283393601
153.0,cctv2,C2_S008,G006,OCCUPIED,OCCUPIED,0.7328664715994488
153.0,cctv2,C2_S009,G005,OCCUPIED,OCCUPIED,0.7435772112418305
153.0,cctv2,C2_S010,G002,EMPTY,EMPTY,0.01
153.0,cctv2,C2_S011,G017,OCCUPIED,OCCUPIED,0.810717859864235
153.0,cctv2,C2_S012,G018,OCCUPIED,OCCUPIED,0.7675597692077811
153.0,cctv2,C2_S013,G019,EMPTY,EMPTY,0.01
153.0,cctv2,C2_S014,G020,EMPTY,EMPTY,0.01
153.0,cctv3,C3_S001,G021,OCCUPIED,OCCUPIED,0.8099523419683631
153.0,cctv3,C3_S002,G019,EMPTY,EMPTY,0.01
153.0,cctv3,C3_S003,G020,EMPTY,EMPTY,0.01
153.0,cctv3,C3_S004,G024,OCCUPIED,OCCUPIED,0.8298652551390908
153.0,cctv3,C3_S005,G025,OCCUPIED,OCCUPIED,0.8304233448071914
153.0,cctv3,C3_S006,G026,OCCUPIED,OCCUPIED,0.8268871033733542
153.0,cctv3,C3_S007,G027,OCCUPIED,OCCUPIED,0.752252993258563
153.0,cctv3,C3_S008,G028,EMPTY,EMPTY,0.01
153.0,cctv3,C3_S009,G029,EMPTY,MANEUVERING,0.2114219089055602
153.0,cctv3,C3_S010,G007,OCCUPIED,LEAVING,0.568853017592972
153.0,cctv3,C3_S011,G008,OCCUPIED,OCCUPIED,0.8024772424589505
153.0,cctv3,C3_S012,G009,OCCUPIED,OCCUPIED,0.8274959997697311
154.0,cctv1,C1_S001,G001,OCCUPIED,OCCUPIED,0.6440999013964426
154.0,cctv1,C1_S002,G002,EMPTY,MANEUVERING,0.2020595811798491
154.0,cctv1,C1_S003,G003,OCCUPIED,LEAVING,0.8187178711322222
154.0,cctv1,C1_S004,G004,OCCUPIED,OCCUPIED,0.69919188636722
154.0,cctv1,C1_S005,G005,OCCUPIED,OCCUPIED,0.7616408581083471
154.0,cctv1,C1_S006,G006,EMPTY,MANEUVERING,0.2470225080221214
154.0,cctv2,C2_S001,G007,OCCUPIED,LEAVING,0.7817300322380933
154.0,cctv2,C2_S002,G008,OCCUPIED,LEAVING,0.8018423570828005
154.0,cctv2,C2_S003,G009,EMPTY,MANEUVERING,0.1585045862387527
154.0,cctv2,C2_S004,G010,OCCUPIED,OCCUPIED,0.7703384741463445
154.0,cctv2,C2_S005,G001,EMPTY,EMPTY,0.01
154.0,cctv2,C2_S006,G003,OCCUPIED,OCCUPIED,0.7801193832267415
154.0,cctv2,C2_S007,G004,OCCUPIED,LEAVING,0.7542432817003945
154.0,cctv2,C2_S008,G006,OCCUPIED,OCCUPIED,0.730875773172487
154.0,cctv2,C2_S009,G005,OCCUPIED,OCCUPIED,0.7785924682563002
154.0,cctv2,C2_S010,G002,EMPTY,EMPTY,0.01
154.0,cctv2,C2_S011,G017,OCCUPIED,OCCUPIED,0.8073914431712845
154.0,cctv2,C2_S012,G018,OCCUPIED,OCCUPIED,0.7690135614438491
154.0,cctv2,C2_S013,G019,EMPTY,EMPTY,0.01
154.0,cctv2,C2_S014,G020,EMPTY,EMPTY,0.01
154.0,cctv3,C3_S001,G021,OCCUPIED,OCCUPIED,0.8119723907925867
154.0,cctv3,C3_S002,G019,EMPTY,EMPTY,0.01
154.0,cctv3,C3_S003,G020,EMPTY,EMPTY,0.01
154.0,cctv3,C3_S004,G024,OCCUPIED,OCCUPIED,0.8299799545244737
154.0,cctv3,C3_S005,G025,OCCUPIED,OCCUPIED,0.8303293423219161
154.0,cctv3,C3_S006,G026,OCCUPIED,OCCUPIED,0.8267056519334968
154.0,cctv3,C3_S007,G027,OCCUPIED,OCCUPIED,0.6599735294959762
154.0,cctv3,C3_S008,G028,EMPTY,MANEUVERING,0.1393801228024742
154.0,cctv3,C3_S009,G029,EMPTY,MANEUVERING,0.2467750179005617
154.0,cctv3,C3_S010,G007,OCCUPIED,LEAVING,0.5342708204783403
154.0,cctv3,C3_S011,G008,OCCUPIED,OCCUPIED,0.8033444242043929
154.0,cctv3,C3_S012,G009,OCCUPIED,OCCUPIED,0.8273671066219157
155.0,cctv1,C1_S001,G001,OCCUPIED,OCCUPIED,0.6890661846880208
155.0,cctv1,C1_S002,G002,EMPTY,MANEUVERING,0.2020595811798491
155.0,cctv1,C1_S003,G003,OCCUPIED,LEAVING,0.8256330314684999
155.0,cctv1,C1_S004,G004,OCCUPIED,OCCUPIED,0.697151503147501
155.0,cctv1,C1_S005,G005,OCCUPIED,OCCUPIED,0.75789259780537
155.0,cctv1,C1_S006,G006,EMPTY,MANEUVERING,0.2020225080221214
155.0,cctv2,C2_S001,G007,OCCUPIED,LEAVING,0.7800997059453618
155.0,cctv2,C2_S002,G008,OCCUPIED,LEAVING,0.8028136012229053
155.0,cctv2,C2_S003,G009,EMPTY,MANEUVERING,0.1585045862387527
155.0,cctv2,C2_S004,G010,OCCUPIED,OCCUPIED,0.7691939373585311
155.0,cctv2,C2_S005,G001,EMPTY,EMPTY,0.01
155.0,cctv2,C2_S006,G003,OCCUPIED,OCCUPIED,0.7802389650453221
155.0,cctv2,C2_S007,G004,OCCUPIED,LEAVING,0.7543023376844147
155.0,cctv2,C2_S008,G006,OCCUPIED,OCCUPIED,0.7318000847507607
155.0,cctv2,C2_S009,G005,OCCUPIED,OCCUPIED,0.7779711918397384
155.0,cctv2,C2_S010,G002,EMPTY,EMPTY,0.01
155.0,cctv2,C2_S011,G017,OCCUPIED,OCCUPIED,0.8065165675499223
155.0,cctv2,C2_S012,G018,OCCUPIED,OCCUPIED,0.7701861277222634
155.0,cctv2,C2_S013,G019,EMPTY,EMPTY,0.01
155.0,cctv2,C2_S014,G020,EMPTY,EMPTY,0.01
155.0,cctv3,C3_S001,G021,OCCUPIED,OCCUPIED,0.8127675584771417
155.0,cctv3,C3_S002,G019,EMPTY,EMPTY,0.01
155.0,cctv3,C3_S003,G020,EMPTY,EMPTY,0.01
155.0,cctv3,C3_S004,G024,OCCUPIED,OCCUPIED,0.8299742454832251
155.0,cctv3,C3_S005,G025,OCCUPIED,OCCUPIED,0.8303603080185977
155.0,cctv3,C3_S006,G026,OCCUPIED,OCCUPIED,0.8264752331105146
155.0,cctv3,C3_S007,G027,OCCUPIED,LEAVING,0.6587614213607529
155.0,cctv3,C3_S008,G028,EMPTY,MANEUVERING,0.1393801228024742
155.0,cctv3,C3_S009,G029,EMPTY,MANEUVERING,0.2467750179005617
155.0,cctv3,C3_S010,G007,OCCUPIED,OCCUPIED,0.5467904282986344
155.0,cctv3,C3_S011,G008,OCCUPIED,OCCUPIED,0.8043770681728017
155.0,cctv3,C3_S012,G009,OCCUPIED,OCCUPIED,0.8273074664852836
156.0,cctv1,C1_S001,G001,OCCUPIED,OCCUPIED,0.6063000473944526
156.0,cctv1,C1_S002,G002,EMPTY,MANEUVERING,0.2020595811798491
156.0,cctv1,C1_S003,G003,OCCUPIED,LEAVING,0.8257631503045559
156.0,cctv1,C1_S004,G004,OCCUPIED,OCCUPIED,0.6951642942247969
156.0,cctv1,C1_S005,G005,OCCUPIED,OCCUPIED,0.7556917343627323
156.0,cctv1,C1_S006,G006,EMPTY,MANEUVERING,0.2020225080221214
156.0,cctv2,C2_S001,G007,OCCUPIED,LEAVING,0.7844049436124889
156.0,cctv2,C2_S002,G008,OCCUPIED,LEAVING,0.8019663645462557
156.0,cctv2,C2_S003,G009,EMPTY,EMPTY,0.01
156.0,cctv2,C2_S004,G010,OCCUPIED,OCCUPIED,0.7666425628418273
156.0,cctv2,C2_S005,G001,EMPTY,EMPTY,0.01
156.0,cctv2,C2_S006,G003,OCCUPIED,OCCUPIED,0.780836523662914
156.0,cctv2,C2_S007,G004,OCCUPIED,LEAVING,0.7545806338570336
156.0,cctv2,C2_S008,G006,OCCUPIED,LEAVING,0.7238775460828435
156.0,cctv2,C2_S009,G005,OCCUPIED,OCCUPIED,0.7732446413148534
156.0,cctv2,C2_S010,G002,EMPTY,EMPTY,0.01
156.0,cctv2,C2_S011,G017,OCCUPIED,OCCUPIED,0.8054177307269791
156.0,cctv2,C2_S012,G018,OCCUPIED,OCCUPIED,0.7701653442599558
156.0,cctv2,C2_S013,G019,EMPTY,EMPTY,0.01
156.0,cctv2,C2_S014,G020,EMPTY,EMPTY,0.01
156.0,cctv3,C3_S001,G021,OCCUPIED,OCCUPIED,0.8132827490568162
156.0,cctv3,C3_S002,G019,EMPTY,EMPTY,0.01
156.0,cctv3,C3_S003,G020,EMPTY,EMPTY,0.01
156.0,cctv3,C3_S004,G024,OCCUPIED,OCCUPIED,0.8300487222996625
156.0,cctv3,C3_S005,G025,OCCUPIED,OCCUPIED,0.8304408230564811
156.0,cctv3,C3_S006,G026,OCCUPIED,OCCUPIED,0.8264455191113733
156.0,cctv3,C3_S007,G027,OCCUPIED,LEAVING,0.6574074976823547
156.0,cctv3,C3_S008,G028,EMPTY,MANEUVERING,0.1393801228024742
156.0,cctv3,C3_S009,G029,EMPTY,MANEUVERING,0.2134095885807817
156.0,cctv3,C3_S010,G007,OCCUPIED,OCCUPIED,0.588427388789979
156.0,cctv3,C3_S011,G008,OCCUPIED,OCCUPIED,0.8044936036521739
156.0,cctv3,C3_S012,G009,OCCUPIED,OCCUPIED,0.8272586486556314
157.0,cctv1,C1_S001,G001,OCCUPIED,OCCUPIED,0.6025125738052708
157.0,cctv1,C1_S002,G002,EMPTY,MANEUVERING,0.1652813079919327
157.0,cctv1,C1_S003,G003,OCCUPIED,LEAVING,0.8255443625152111
157.0,cctv1,C1_S004,G004,OCCUPIED,OCCUPIED,0.6958362422206186
157.0,cctv1,C1_S005,G005,OCCUPIED,OCCUPIED,0.7578899509527467
157.0,cctv1,C1_S006,G006,EMPTY,MANEUVERING,0.2020225080221214
157.0,cctv2,C2_S001,G007,OCCUPIED,LEAVING,0.7847504438324409
157.0,cctv2,C2_S002,G008,OCCUPIED,LEAVING,0.8036230788989501
157.0,cctv2,C2_S003,G009,EMPTY,EMPTY,0.01
157.0,cctv2,C2_S004,G010,OCCUPIED,OCCUPIED,0.7682385930283504
157.0,cctv2,C2_S005,G001,EMPTY,EMPTY,0.01
157.0,cctv2,C2_S006,G003,OCCUPIED,OCCUPIED,0.8173216380856254
157.0,cctv2,C2_S007,G004,OCCUPIED,LEAVING,0.7500900759480217
157.0,cctv2,C2_S008,G006,OCCUPIED,LEAVING,0.7231064369190824
157.0,cctv2,C2_S009,G005,OCCUPIED,OCCUPIED,0.7715199313380502
157.0,cctv2,C2_S010,G002,EMPTY,EMPTY,0.01
157.0,cctv2,C2_S011,G017,OCCUPIED,OCCUPIED,0.80411847518249
157.0,cctv2,C2_S012,G018,OCCUPIED,OCCUPIED,0.7701387253674594
157.0,cctv2,C2_S013,G019,EMPTY,EMPTY,0.01
157.0,cctv2,C2_S014,G020,EMPTY,EMPTY,0.01
157.0,cctv3,C3_S001,G021,OCCUPIED,OCCUPIED,0.8144526091488926
157.0,cctv3,C3_S002,G019,EMPTY,EMPTY,0.01
157.0,cctv3,C3_S003,G020,EMPTY,EMPTY,0.01
157.0,cctv3,C3_S004,G024,OCCUPIED,OCCUPIED,0.8300778153267774
157.0,cctv3,C3_S005,G025,OCCUPIED,OCCUPIED,0.8303553857586601
157.0,cctv3,C3_S006,G026,OCCUPIED,OCCUPIED,0.8262514767321674
157.0,cctv3,C3_S007,G027,OCCUPIED,LEAVING,0.6579307823560455
157.0,cctv3,C3_S008,G028,EMPTY,MANEUVERING,0.1393801228024742
157.0,cctv3,C3_S009,G029,EMPTY,MANEUVERING,0.2915224024263972
157.0,cctv3,C3_S010,G007,OCCUPIED,OCCUPIED,0.51
157.0,cctv3,C3_S011,G008,OCCUPIED,OCCUPIED,0.8045790108767423
157.0,cctv3,C3_S012,G009,OCCUPIED,OCCUPIED,0.8272225469350816
158.0,cctv1,C1_S001,G001,OCCUPIED,OCCUPIED,0.5975345775304418
158.0,cctv1,C1_S002,G002,EMPTY,EMPTY,0.01
158.0,cctv1,C1_S003,G003,OCCUPIED,LEAVING,0.8256515647200021
158.0,cctv1,C1_S004,G004,OCCUPIED,OCCUPIED,0.6959780069011631
158.0,cctv1,C1_S005,G005,OCCUPIED,OCCUPIED,0.7552389799193903
158.0,cctv1,C1_S006,G006,EMPTY,MANEUVERING,0.2020225080221214
158.0,cctv2,C2_S001,G007,OCCUPIED,LEAVING,0.7826004310087725
158.0,cctv2,C2_S002,G008,OCCUPIED,LEAVING,0.8056961322372611
158.0,cctv2,C2_S003,G009,EMPTY,EMPTY,0.01
158.0,cctv2,C2_S004,G010,OCCUPIED,OCCUPIED,0.7650819252160463
158.0,cctv2,C2_S005,G001,EMPTY,EMPTY,0.01
158.0,cctv2,C2_S006,G003,OCCUPIED,OCCUPIED,0.8165650088678708
158.0,cctv2,C2_S007,G004,OCCUPIED,LEAVING,0.7972955617037687
158.0,cctv2,C2_S008,G006,OCCUPIED,LEAVING,0.7602310557257046
158.0,cctv2,C2_S009,G005,OCCUPIED,OCCUPIED,0.7717665458267386
158.0,cctv2,C2_S010,G002,EMPTY,EMPTY,0.01
158.0,cctv2,C2_S011,G017,OCCUPIED,OCCUPIED,0.8029431206258861
158.0,cctv2,C2_S012,G018,OCCUPIED,OCCUPIED,0.7703947092999113
158.0,cctv2,C2_S013,G019,EMPTY,EMPTY,0.01
158.0,cctv2,C2_S014,G020,EMPTY,EMPTY,0.01
158.0,cctv3,C3_S001,G021,OCCUPIED,OCCUPIED,0.814686011726206
158.0,cctv3,C3_S002,G019,EMPTY,EMPTY,0.01
158.0,cctv3,C3_S003,G020,EMPTY,EMPTY,0.01
158.0,cctv3,C3_S004,G024,OCCUPIED,OCCUPIED,0.8302386072548954
158.0,cctv3,C3_S005,G025,OCCUPIED,OCCUPIED,0.8303971379995346
158.0,cctv3,C3_S006,G026,OCCUPIED,OCCUPIED,0.8262572020292283
158.0,cctv3,C3_S007,G027,OCCUPIED,LEAVING,0.7023332595012406
158.0,cctv3,C3_S008,G028,EMPTY,MANEUVERING,0.0943801228024742
158.0,cctv3,C3_S009,G029,EMPTY,MANEUVERING,0.3383816322142428
158.0,cctv3,C3_S010,G007,OCCUPIED,OCCUPIED,0.51
158.0,cctv3,C3_S011,G008,OCCUPIED,OCCUPIED,0.8055493560704319
158.0,cctv3,C3_S012,G009,OCCUPIED,OCCUPIED,0.8276512777263468
159.0,cctv1,C1_S001,G001,OCCUPIED,OCCUPIED,0.5956737922944806
159.0,cctv1,C1_S002,G002,EMPTY,EMPTY,0.01
159.0,cctv1,C1_S003,G003,OCCUPIED,LEAVING,0.8254737879064951
159.0,cctv1,C1_S004,G004,OCCUPIED,OCCUPIED,0.6954094401814721
159.0,cctv1,C1_S005,G005,OCCUPIED,OCCUPIED,0.7561475294557485
159.0,cctv1,C1_S006,G006,EMPTY,MANEUVERING,0.0706086734424937
159.0,cctv2,C2_S001,G007,OCCUPIED,LEAVING,0.7796888768672944
159.0,cctv2,C2_S002,G008,OCCUPIED,LEAVING,0.808096974275329
159.0,cctv2,C2_S003,G009,EMPTY,EMPTY,0.01
159.0,cctv2,C2_S004,G010,OCCUPIED,OCCUPIED,0.7629884757101536
159.0,cctv2,C2_S005,G001,EMPTY,EMPTY,0.01
159.0,cctv2,C2_S006,G003,OCCUPIED,OCCUPIED,0.8209361057389867
159.0,cctv2,C2_S007,G004,OCCUPIED,LEAVING,0.7970018516887318
159.0,cctv2,C2_S008,G006,OCCUPIED,OCCUPIED,0.7603607454083183
159.0,cctv2,C2_S009,G005,OCCUPIED,OCCUPIED,0.7702603403817524
159.0,cctv2,C2_S010,G002,EMPTY,EMPTY,0.01
159.0,cctv2,C2_S011,G017,OCCUPIED,OCCUPIED,0.802426355670799
159.0,cctv2,C2_S012,G018,OCCUPIED,OCCUPIED,0.7703653651204977
159.0,cctv2,C2_S013,G019,EMPTY,MANEUVERING,0.2288132963668216
159.0,cctv2,C2_S014,G020,EMPTY,EMPTY,0.01
159.0,cctv3,C3_S001,G021,OCCUPIED,OCCUPIED,0.8158075367862528
159.0,cctv3,C3_S002,G019,EMPTY,EMPTY,0.01
159.0,cctv3,C3_S003,G020,EMPTY,EMPTY,0.01
159.0,cctv3,C3_S004,G024,OCCUPIED,OCCUPIED,0.8304939511147413
159.0,cctv3,C3_S005,G025,OCCUPIED,OCCUPIED,0.8304868107492274
159.0,cctv3,C3_S006,G026,OCCUPIED,OCCUPIED,0.8262617008252577
159.0,cctv3,C3_S007,G027,OCCUPIED,LEAVING,0.7026989938996056
159.0,cctv3,C3_S008,G028,EMPTY,MANEUVERING,0.0943801228024742
159.0,cctv3,C3_S009,G029,EMPTY,MANEUVERING,0.3333816322142428
159.0,cctv3,C3_S010,G007,OCCUPIED,OCCUPIED,0.51
159.0,cctv3,C3_S011,G008,OCCUPIED,OCCUPIED,0.8052516203035008
159.0,cctv3,C3_S012,G009,OCCUPIED,OCCUPIED,0.8277492791414262
160.0,cctv1,C1_S001,G001,OCCUPIED,OCCUPIED,0.5593421929617497
160.0,cctv1,C1_S002,G002,EMPTY,EMPTY,0.01
160.0,cctv1,C1_S003,G003,OCCUPIED,LEAVING,0.8256137008694086
160.0,cctv1,C1_S004,G004,OCCUPIED,OCCUPIED,0.7310542205382478
160.0,cctv1,C1_S005,G005,OCCUPIED,OCCUPIED,0.7580765758048404
160.0,cctv1,C1_S006,G006,EMPTY,MANEUVERING,0.0706086734424937
160.0,cctv2,C2_S001,G007,OCCUPIED,LEAVING,0.7831544770435854
160.0,cctv2,C2_S002,G008,OCCUPIED,LEAVING,0.8062253775921735
160.0,cctv2,C2_S003,G009,EMPTY,EMPTY,0.01
160.0,cctv2,C2_S004,G010,OCCUPIED,OCCUPIED,0.7590602237392556
160.0,cctv2,C2_S005,G001,EMPTY,EMPTY,0.01
160.0,cctv2,C2_S006,G003,OCCUPIED,OCCUPIED,0.8216586091301659
160.0,cctv2,C2_S007,G004,OCCUPIED,LEAVING,0.7964370288632133
160.0,cctv2,C2_S008,G006,OCCUPIED,OCCUPIED,0.7616058085452427
160.0,cctv2,C2_S009,G005,OCCUPIED,OCCUPIED,0.7743717986074361
160.0,cctv2,C2_S010,G002,EMPTY,EMPTY,0.01
160.0,cctv2,C2_S011,G017,OCCUPIED,OCCUPIED,0.8018595333803784
160.0,cctv2,C2_S012,G018,OCCUPIED,OCCUPIED,0.7696972532705828
160.0,cctv2,C2_S013,G019,EMPTY,MANEUVERING,0.2288132963668216
160.0,cctv2,C2_S014,G020,EMPTY,EMPTY,0.01
160.0,cctv3,C3_S001,G021,OCCUPIED,OCCUPIED,0.8164376795291901
160.0,cctv3,C3_S002,G019,EMPTY,EMPTY,0.01
160.0,cctv3,C3_S003,G020,EMPTY,EMPTY,0.01
160.0,cctv3,C3_S004,G024,OCCUPIED,OCCUPIED,0.8306402176618577
160.0,cctv3,C3_S005,G025,OCCUPIED,OCCUPIED,0.8305550534616818
160.0,cctv3,C3_S006,G026,OCCUPIED,OCCUPIED,0.8262678333304145
160.0,cctv3,C3_S007,G027,OCCUPIED,LEAVING,0.7007922081581572
160.0,cctv3,C3_S008,G028,EMPTY,MANEUVERING,0.0943801228024742
160.0,cctv3,C3_S009,G029,EMPTY,MANEUVERING,0.2917007391987876
160.0,cctv3,C3_S010,G007,OCCUPIED,OCCUPIED,0.51
160.0,cctv3,C3_S011,G008,OCCUPIED,OCCUPIED,0.8034170974384656
160.0,cctv3,C3_S012,G009,OCCUPIED,OCCUPIED,0.8274641684510492
161.0,cctv1,C1_S001,G001,OCCUPIED,OCCUPIED,0.5591549321645024
161.0,cctv1,C1_S002,G002,EMPTY,EMPTY,0.01
161.0,cctv1,C1_S003,G003,OCCUPIED,LEAVING,0.8281502391127024
161.0,cctv1,C1_S004,G004,OCCUPIED,OCCUPIED,0.7669855761257085
161.0,cctv1,C1_S005,G005,OCCUPIED,OCCUPIED,0.7600884353572672
161.0,cctv1,C1_S006,G006,EMPTY,MANEUVERING,0.0666086734424937
161.0,cctv2,C2_S001,G007,OCCUPIED,LEAVING,0.7901620029048487
161.0,cctv2,C2_S002,G008,OCCUPIED,LEAVING,0.806057701327584
161.0,cctv2,C2_S003,G009,EMPTY,EMPTY,0.01
161.0,cctv2,C2_S004,G010,OCCUPIED,OCCUPIED,0.7551801129498266
161.0,cctv2,C2_S005,G001,EMPTY,EMPTY,0.01
161.0,cctv2,C2_S006,G003,OCCUPIED,OCCUPIED,0.8212993264198304
161.0,cctv2,C2_S007,G004,OCCUPIED,OCCUPIED,0.7960842208428817
161.0,cctv2,C2_S008,G006,OCCUPIED,OCCUPIED,0.7616685567931696
161.0,cctv2,C2_S009,G005,OCCUPIED,OCCUPIED,0.7756656978618015
161.0,cctv2,C2_S010,G002,EMPTY,EMPTY,0.01
161.0,cctv2,C2_S011,G017,OCCUPIED,OCCUPIED,0.8005228260701354
161.0,cctv2,C2_S012,G018,OCCUPIED,OCCUPIED,0.7687912713397633
161.0,cctv2,C2_S013,G019,EMPTY,MANEUVERING,0.3152768000147559
161.0,cctv2,C2_S014,G020,EMPTY,EMPTY,0.01
161.0,cctv3,C3_S001,G021,OCCUPIED,OCCUPIED,0.8176036886193536
161.0,cctv3,C3_S002,G019,EMPTY,EMPTY,0.01
161.0,cctv3,C3_S003,G020,EMPTY,EMPTY,0.01
161.0,cctv3,C3_S004,G024,OCCUPIED,OCCUPIED,0.830811983076009
161.0,cctv3,C3_S005,G025,OCCUPIED,OCCUPIED,0.8306407906792381
161.0,cctv3,C3_S006,G026,OCCUPIED,OCCUPIED,0.8262999523769726
161.0,cctv3,C3_S007,G027,OCCUPIED,LEAVING,0.6079730240368483
161.0,cctv3,C3_S008,G028,EMPTY,MANEUVERING,0.1825044942037625
161.0,cctv3,C3_S009,G029,EMPTY,MANEUVERING,0.2967281348901716
161.0,cctv3,C3_S010,G007,OCCUPIED,OCCUPIED,0.51
161.0,cctv3,C3_S011,G008,OCCUPIED,OCCUPIED,0.8031719102100893
161.0,cctv3,C3_S012,G009,OCCUPIED,OCCUPIED,0.827396993745457
162.0,cctv1,C1_S001,G001,OCCUPIED,OCCUPIED,0.5958489396739187
162.0,cctv1,C1_S002,G002,EMPTY,EMPTY,0.01
162.0,cctv1,C1_S003,G003,OCCUPIED,LEAVING,0.8375843820246784
162.0,cctv1,C1_S004,G004,OCCUPIED,OCCUPIED,0.7666975125670433
162.0,cctv1,C1_S005,G005,OCCUPIED,OCCUPIED,0.7615139627998526
162.0,cctv1,C1_S006,G006,EMPTY,EMPTY,0.01
162.0,cctv2,C2_S001,G007,OCCUPIED,LEAVING,0.7960780131545935
162.0,cctv2,C2_S002,G008,OCCUPIED,LEAVING,0.805659168958664
162.0,cctv2,C2_S003,G009,EMPTY,EMPTY,0.01
162.0,cctv2,C2_S004,G010,OCCUPIED,OCCUPIED,0.7532502026043155
162.0,cctv2,C2_S005,G001,EMPTY,EMPTY,0.01
162.0,cctv2,C2_S006,G003,OCCUPIED,OCCUPIED,0.8210259036584334
162.0,cctv2,C2_S007,G004,OCCUPIED,OCCUPIED,0.7957898898558183
162.0,cctv2,C2_S008,G006,OCCUPIED,OCCUPIED,0.760757703808221
162.0,cctv2,C2_S009,G005,OCCUPIED,OCCUPIED,0.7776100157336756
162.0,cctv2,C2_S010,G002,EMPTY,EMPTY,0.01
162.0,cctv2,C2_S011,G017,OCCUPIED,OCCUPIED,0.7981761492111467
162.0,cctv2,C2_S012,G018,OCCUPIED,OCCUPIED,0.767623048614372
162.0,cctv2,C2_S013,G019,EMPTY,MANEUVERING,0.3939337902041999
162.0,cctv2,C2_S014,G020,EMPTY,EMPTY,0.01
162.0,cctv3,C3_S001,G021,OCCUPIED,OCCUPIED,0.8183467596769334
162.0,cctv3,C3_S002,G019,EMPTY,EMPTY,0.01
162.0,cctv3,C3_S003,G020,EMPTY,EMPTY,0.01
162.0,cctv3,C3_S004,G024,OCCUPIED,OCCUPIED,0.8308676754886455
162.0,cctv3,C3_S005,G025,OCCUPIED,OCCUPIED,0.8307626068592072
162.0,cctv3,C3_S006,G026,OCCUPIED,OCCUPIED,0.8261376112699509
162.0,cctv3,C3_S007,G027,OCCUPIED,LEAVING,0.6064614144825575
162.0,cctv3,C3_S008,G028,EMPTY,MANEUVERING,0.1825044942037625
162.0,cctv3,C3_S009,G029,EMPTY,MANEUVERING,0.2517281348901716
162.0,cctv3,C3_S010,G007,OCCUPIED,OCCUPIED,0.5335754429171612
162.0,cctv3,C3_S011,G008,OCCUPIED,OCCUPIED,0.8025788347829472
162.0,cctv3,C3_S012,G009,OCCUPIED,OCCUPIED,0.8274681771343405
163.0,cctv1,C1_S001,G001,OCCUPIED,OCCUPIED,0.5959865680404685
163.0,cctv1,C1_S002,G002,EMPTY,EMPTY,0.01
163.0,cctv1,C1_S003,G003,OCCUPIED,OCCUPIED,0.837472607872703
163.0,cctv1,C1_S004,G004,OCCUPIED,OCCUPIED,0.7676611936905168
163.0,cctv1,C1_S005,G005,OCCUPIED,OCCUPIED,0.7395406474037605
163.0,cctv1,C1_S006,G006,EMPTY,EMPTY,0.01
163.0,cctv2,C2_S001,G007,OCCUPIED,LEAVING,0.7956156994808805
163.0,cctv2,C2_S002,G008,OCCUPIED,LEAVING,0.8071904038841075
163.0,cctv2,C2_S003,G009,EMPTY,EMPTY,0.01
163.0,cctv2,C2_S004,G010,OCCUPIED,OCCUPIED,0.7505310506305912
163.0,cctv2,C2_S005,G001,EMPTY,EMPTY,0.01
163.0,cctv2,C2_S006,G003,OCCUPIED,OCCUPIED,0.8212711469693618
163.0,cctv2,C2_S007,G004,OCCUPIED,OCCUPIED,0.7969710802490062
163.0,cctv2,C2_S008,G006,OCCUPIED,OCCUPIED,0.7615080135789785
163.0,cctv2,C2_S009,G005,OCCUPIED,OCCUPIED,0.7787347610701215
163.0,cctv2,C2_S010,G002,EMPTY,EMPTY,0.01
163.0,cctv2,C2_S011,G017,OCCUPIED,OCCUPIED,0.797036685049534
163.0,cctv2,C2_S012,G018,OCCUPIED,OCCUPIED,0.7658935964107514
163.0,cctv2,C2_S013,G019,EMPTY,MANEUVERING,0.4308123654364185
163.0,cctv2,C2_S014,G020,EMPTY,EMPTY,0.01
163.0,cctv3,C3_S001,G021,OCCUPIED,OCCUPIED,0.8184641559015622
163.0,cctv3,C3_S002,G019,EMPTY,EMPTY,0.01
163.0,cctv3,C3_S003,G020,EMPTY,EMPTY,0.01
163.0,cctv3,C3_S004,G024,OCCUPIED,OCCUPIED,0.8308026002212004
163.0,cctv3,C3_S005,G025,OCCUPIED,OCCUPIED,0.8307761585170573
163.0,cctv3,C3_S006,G026,OCCUPIED,OCCUPIED,0.8261836859312925
163.0,cctv3,C3_S007,G027,OCCUPIED,LEAVING,0.605734121090535
163.0,cctv3,C3_S008,G028,EMPTY,MANEUVERING,0.1825044942037625
163.0,cctv3,C3_S009,G029,EMPTY,MANEUVERING,0.2517281348901716
163.0,cctv3,C3_S010,G007,OCCUPIED,OCCUPIED,0.5346393839105383
163.0,cctv3,C3_S011,G008,OCCUPIED,OCCUPIED,0.8025180705569008
163.0,cctv3,C3_S012,G009,OCCUPIED,OCCUPIED,0.8273597614331679
164.0,cctv1,C1_S001,G001,OCCUPIED,OCCUPIED,0.6406960760497235
164.0,cctv1,C1_S002,G002,EMPTY,EMPTY,0.01
164.0,cctv1,C1_S003,G003,OCCUPIED,OCCUPIED,0.837428118153052
164.0,cctv1,C1_S004,G004,OCCUPIED,OCCUPIED,0.7680352066050877
164.0,cctv1,C1_S005,G005,OCCUPIED,OCCUPIED,0.7407688715512103
164.0,cctv1,C1_S006,G006,EMPTY,EMPTY,0.01
164.0,cctv2,C2_S001,G007,OCCUPIED,OCCUPIED,0.7949525688182224
164.0,cctv2,C2_S002,G008,OCCUPIED,LEAVING,0.8078816205263138
164.0,cctv2,C2_S003,G009,EMPTY,EMPTY,0.01
164.0,cctv2,C2_S004,G010,OCCUPIED,OCCUPIED,0.7490376385098154
164.0,cctv2,C2_S005,G001,EMPTY,EMPTY,0.01
164.0,cctv2,C2_S006,G003,OCCUPIED,OCCUPIED,0.8209989377043465
164.0,cctv2,C2_S007,G004,OCCUPIED,OCCUPIED,0.7955510805953634
164.0,cctv2,C2_S008,G006,OCCUPIED,OCCUPIED,0.760660359127955
164.0,cctv2,C2_S009,G005,OCCUPIED,OCCUPIED,0.778405950692567
164.0,cctv2,C2_S010,G002,EMPTY,EMPTY,0.01
164.0,cctv2,C2_S011,G017,OCCUPIED,OCCUPIED,0.7974409614096989
164.0,cctv2,C2_S012,G018,OCCUPIED,OCCUPIED,0.7657135612585328
164.0,cctv2,C2_S013,G019,EMPTY,MANEUVERING,0.4308123654364185
164.0,cctv2,C2_S014,G020,EMPTY,EMPTY,0.01
164.0,cctv3,C3_S001,G021,OCCUPIED,OCCUPIED,0.8190855936570601
164.0,cctv3,C3_S002,G019,EMPTY,EMPTY,0.01
164.0,cctv3,C3_S003,G020,EMPTY,EMPTY,0.01
164.0,cctv3,C3_S004,G024,OCCUPIED,OCCUPIED,0.8307882715355267
164.0,cctv3,C3_S005,G025,OCCUPIED,OCCUPIED,0.8308159811930224
164.0,cctv3,C3_S006,G026,OCCUPIED,OCCUPIED,0.8259676770730453
164.0,cctv3,C3_S007,G027,OCCUPIED,LEAVING,0.6055377545817333
164.0,cctv3,C3_S008,G028,EMPTY,MANEUVERING,0.1825044942037625
164.0,cctv3,C3_S009,G029,EMPTY,MANEUVERING,0.2517281348901716
164.0,cctv3,C3_S010,G007,OCCUPIED,OCCUPIED,0.5333085829174364
164.0,cctv3,C3_S011,G008,OCCUPIED,OCCUPIED,0.8017204238609835
164.0,cctv3,C3_S012,G009,OCCUPIED,OCCUPIED,0.8273791017857466
165.0,cctv1,C1_S001,G001,OCCUPIED,OCCUPIED,0.6413670870108586
165.0,cctv1,C1_S002,G002,EMPTY,EMPTY,0.01
165.0,cctv1,C1_S003,G003,OCCUPIED,OCCUPIED,0.8373833463950591
165.0,cctv1,C1_S004,G004,OCCUPIED,OCCUPIED,0.7668252828446303
165.0,cctv1,C1_S005,G005,OCCUPIED,OCCUPIED,0.7413026742230763
165.0,cctv1,C1_S006,G006,EMPTY,EMPTY,0.01
165.0,cctv2,C2_S001,G007,OCCUPIED,OCCUPIED,0.7944621772928672
165.0,cctv2,C2_S002,G008,OCCUPIED,LEAVING,0.8058982529423454
165.0,cctv2,C2_S003,G009,EMPTY,EMPTY,0.01
165.0,cctv2,C2_S004,G010,OCCUPIED,OCCUPIED,0.7516109784895724
165.0,cctv2,C2_S005,G001,EMPTY,EMPTY,0.01
165.0,cctv2,C2_S006,G003,OCCUPIED,OCCUPIED,0.8208796907554974
165.0,cctv2,C2_S007,G004,OCCUPIED,OCCUPIED,0.7958878010511399
165.0,cctv2,C2_S008,G006,OCCUPIED,OCCUPIED,0.7630970033732328
165.0,cctv2,C2_S009,G005,OCCUPIED,OCCUPIED,0.7817389725284144
165.0,cctv2,C2_S010,G002,EMPTY,EMPTY,0.01
165.0,cctv2,C2_S011,G017,OCCUPIED,OCCUPIED,0.8001513128930873
165.0,cctv2,C2_S012,G018,OCCUPIED,OCCUPIED,0.7646625904874369
165.0,cctv2,C2_S013,G019,EMPTY,MANEUVERING,0.4669328967685049
165.0,cctv2,C2_S014,G020,EMPTY,EMPTY,0.01
165.0,cctv3,C3_S001,G021,OCCUPIED,OCCUPIED,0.8182975573973222
165.0,cctv3,C3_S002,G019,EMPTY,EMPTY,0.01
165.0,cctv3,C3_S003,G020,EMPTY,EMPTY,0.01
165.0,cctv3,C3_S004,G024,OCCUPIED,OCCUPIED,0.8307674356482246
165.0,cctv3,C3_S005,G025,OCCUPIED,OCCUPIED,0.8310288128527729
165.0,cctv3,C3_S006,G026,OCCUPIED,OCCUPIED,0.8259970131245526
165.0,cctv3,C3_S007,G027,OCCUPIED,LEAVING,0.698073937737129
165.0,cctv3,C3_S008,G028,EMPTY,MANEUVERING,0.0860834110595963
165.0,cctv3,C3_S009,G029,EMPTY,MANEUVERING,0.1584806103462522
165.0,cctv3,C3_S010,G007,OCCUPIED,OCCUPIED,0.6263974515518005
165.0,cctv3,C3_S011,G008,OCCUPIED,OCCUPIED,0.8006164550781251
165.0,cctv3,C3_S012,G009,OCCUPIED,OCCUPIED,0.8278182102875277
166.0,cctv1,C1_S001,G001,OCCUPIED,OCCUPIED,0.6415215617610198
166.0,cctv1,C1_S002,G002,EMPTY,EMPTY,0.01
166.0,cctv1,C1_S003,G003,OCCUPIED,OCCUPIED,0.8373703181743622
166.0,cctv1,C1_S004,G004,OCCUPIED,OCCUPIED,0.7662888694893231
166.0,cctv1,C1_S005,G005,OCCUPIED,OCCUPIED,0.7438547066937794
166.0,cctv1,C1_S006,G006,EMPTY,EMPTY,0.01
166.0,cctv2,C2_S001,G007,OCCUPIED,OCCUPIED,0.7973532304167749
166.0,cctv2,C2_S002,G008,OCCUPIED,LEAVING,0.8048477446491069
166.0,cctv2,C2_S003,G009,EMPTY,EMPTY,0.01
166.0,cctv2,C2_S004,G010,OCCUPIED,OCCUPIED,0.7502382235093551
166.0,cctv2,C2_S005,G001,EMPTY,EMPTY,0.01
166.0,cctv2,C2_S006,G003,OCCUPIED,OCCUPIED,0.820624402165413
166.0,cctv2,C2_S007,G004,OCCUPIED,OCCUPIED,0.7953857687386601
166.0,cctv2,C2_S008,G006,OCCUPIED,OCCUPIED,0.7637997888705947
166.0,cctv2,C2_S009,G005,OCCUPIED,OCCUPIED,0.7848465144634248
166.0,cctv2,C2_S010,G002,EMPTY,EMPTY,0.01
166.0,cctv2,C2_S011,G017,OCCUPIED,OCCUPIED,0.8007929241115397
166.0,cctv2,C2_S012,G018,OCCUPIED,OCCUPIED,0.7641934188929471
166.0,cctv2,C2_S013,G019,EMPTY,MANEUVERING,0.4219328967685049
166.0,cctv2,C2_S014,G020,EMPTY,EMPTY,0.01
166.0,cctv3,C3_S001,G021,OCCUPIED,OCCUPIED,0.8179980554363945
166.0,cctv3,C3_S002,G019,EMPTY,EMPTY,0.01
166.0,cctv3,C3_S003,G020,EMPTY,EMPTY,0.01
166.0,cctv3,C3_S004,G024,OCCUPIED,OCCUPIED,0.8307809084653854
166.0,cctv3,C3_S005,G025,OCCUPIED,OCCUPIED,0.8311662638729269
166.0,cctv3,C3_S006,G026,OCCUPIED,OCCUPIED,0.8260718581351367
166.0,cctv3,C3_S007,G027,OCCUPIED,LEAVING,0.6985875977508047
166.0,cctv3,C3_S008,G028,EMPTY,MANEUVERING,0.0860834110595963
166.0,cctv3,C3_S009,G029,EMPTY,MANEUVERING,0.1584806103462522
166.0,cctv3,C3_S010,G007,OCCUPIED,OCCUPIED,0.6261958908086473
166.0,cctv3,C3_S011,G008,OCCUPIED,OCCUPIED,0.7993364976211028
166.0,cctv3,C3_S012,G009,OCCUPIED,OCCUPIED,0.8279367907480761
167.0,cctv1,C1_S001,G001,OCCUPIED,OCCUPIED,0.6778627621975135
167.0,cctv1,C1_S002,G002,EMPTY,EMPTY,0.01
167.0,cctv1,C1_S003,G003,OCCUPIED,OCCUPIED,0.8372326972809705
167.0,cctv1,C1_S004,G004,OCCUPIED,OCCUPIED,0.767408879914067
167.0,cctv1,C1_S005,G005,OCCUPIED,OCCUPIED,0.7654960861260242
167.0,cctv1,C1_S006,G006,EMPTY,EMPTY,0.01
167.0,cctv2,C2_S001,G007,OCCUPIED,OCCUPIED,0.7977243579246782
167.0,cctv2,C2_S002,G008,OCCUPIED,LEAVING,0.8053382410244508
167.0,cctv2,C2_S003,G009,EMPTY,EMPTY,0.01
167.0,cctv2,C2_S004,G010,OCCUPIED,OCCUPIED,0.7481875905936415
167.0,cctv2,C2_S005,G001,EMPTY,EMPTY,0.01
167.0,cctv2,C2_S006,G003,OCCUPIED,OCCUPIED,0.8207901407371868
167.0,cctv2,C2_S007,G004,OCCUPIED,OCCUPIED,0.7946536792950197
167.0,cctv2,C2_S008,G006,OCCUPIED,OCCUPIED,0.7649123045531186
167.0,cctv2,C2_S009,G005,OCCUPIED,OCCUPIED,0.7866616059433331
167.0,cctv2,C2_S010,G002,EMPTY,EMPTY,0.01
167.0,cctv2,C2_S011,G017,OCCUPIED,OCCUPIED,0.8010404724966397
167.0,cctv2,C2_S012,G018,OCCUPIED,OCCUPIED,0.7645250646905466
167.0,cctv2,C2_S013,G019,EMPTY,MANEUVERING,0.3769328967685049
167.0,cctv2,C2_S014,G020,EMPTY,EMPTY,0.01
167.0,cctv3,C3_S001,G021,OCCUPIED,OCCUPIED,0.8180001223629172
167.0,cctv3,C3_S002,G019,EMPTY,EMPTY,0.01
167.0,cctv3,C3_S003,G020,EMPTY,EMPTY,0.01
167.0,cctv3,C3_S004,G024,OCCUPIED,OCCUPIED,0.8307124528017912
167.0,cctv3,C3_S005,G025,OCCUPIED,OCCUPIED,0.8312531064857137
167.0,cctv3,C3_S006,G026,OCCUPIED,OCCUPIED,0.8261037788607858
167.0,cctv3,C3_S007,G027,OCCUPIED,LEAVING,0.6986654850772837
167.0,cctv3,C3_S008,G028,EMPTY,MANEUVERING,0.0860834110595963
167.0,cctv3,C3_S009,G029,EMPTY,MANEUVERING,0.1584806103462522
167.0,cctv3,C3_S010,G007,OCCUPIED,OCCUPIED,0.6256577580964023
167.0,cctv3,C3_S011,G008,OCCUPIED,OCCUPIED,0.7978426063602622
167.0,cctv3,C3_S012,G009,OCCUPIED,OCCUPIED,0.8274109729311684
168.0,cctv1,C1_S001,G001,OCCUPIED,OCCUPIED,0.6777928955700587
168.0,cctv1,C1_S002,G002,EMPTY,EMPTY,0.01
168.0,cctv1,C1_S003,G003,OCCUPIED,OCCUPIED,0.8372991770505905
168.0,cctv1,C1_S004,G004,OCCUPIED,OCCUPIED,0.7662894477898425
168.0,cctv1,C1_S005,G005,OCCUPIED,OCCUPIED,0.7634513430974701
168.0,cctv1,C1_S006,G006,EMPTY,EMPTY,0.01
168.0,cctv2,C2_S001,G007,OCCUPIED,OCCUPIED,0.7984373955564066
168.0,cctv2,C2_S002,G008,OCCUPIED,LEAVING,0.8034266778013923
168.0,cctv2,C2_S003,G009,EMPTY,EMPTY,0.01
168.0,cctv2,C2_S004,G010,OCCUPIED,OCCUPIED,0.7441907427527689
168.0,cctv2,C2_S005,G001,EMPTY,EMPTY,0.01
168.0,cctv2,C2_S006,G003,OCCUPIED,OCCUPIED,0.8211989142678001
168.0,cctv2,C2_S007,G004,OCCUPIED,OCCUPIED,0.795517555421049
168.0,cctv2,C2_S008,G006,OCCUPIED,OCCUPIED,0.7666623394597661
168.0,cctv2,C2_S009,G005,OCCUPIED,OCCUPIED,0.7880331527103078
168.0,cctv2,C2_S010,G002,EMPTY,EMPTY,0.01
168.0,cctv2,C2_S011,G017,OCCUPIED,OCCUPIED,0.8026224109259519
168.0,cctv2,C2_S012,G018,OCCUPIED,OCCUPIED,0.7657091352072629
168.0,cctv2,C2_S013,G019,EMPTY,MANEUVERING,0.4581798676943237
168.0,cctv2,C2_S014,G020,EMPTY,EMPTY,0.01
168.0,cctv3,C3_S001,G021,OCCUPIED,OCCUPIED,0.8175288346680729
168.0,cctv3,C3_S002,G019,EMPTY,EMPTY,0.01
168.0,cctv3,C3_S003,G020,EMPTY,EMPTY,0.01
168.0,cctv3,C3_S004,G024,OCCUPIED,OCCUPIED,0.8306038469076157
168.0,cctv3,C3_S005,G025,OCCUPIED,OCCUPIED,0.8313462685454976
168.0,cctv3,C3_S006,G026,OCCUPIED,OCCUPIED,0.8262285137718375
168.0,cctv3,C3_S007,G027,OCCUPIED,LEAVING,0.6947945078394631
168.0,cctv3,C3_S008,G028,EMPTY,MANEUVERING,0.0860834110595963
168.0,cctv3,C3_S009,G029,EMPTY,MANEUVERING,0.112745038992302
168.0,cctv3,C3_S010,G007,OCCUPIED,OCCUPIED,0.6725670349959172
168.0,cctv3,C3_S011,G008,OCCUPIED,OCCUPIED,0.7967875293710016
168.0,cctv3,C3_S012,G009,OCCUPIED,OCCUPIED,0.8273602734912526
169.0,cctv1,C1_S001,G001,OCCUPIED,OCCUPIED,0.6794567555409264
169.0,cctv1,C1_S002,G002,EMPTY,EMPTY,0.01
169.0,cctv1,C1_S003,G003,OCCUPIED,OCCUPIED,0.8371374040842057
169.0,cctv1,C1_S004,G004,OCCUPIED,OCCUPIED,0.7667585425756195
169.0,cctv1,C1_S005,G005,OCCUPIED,OCCUPIED,0.7656208572062579
169.0,cctv1,C1_S006,G006,EMPTY,EMPTY,0.01
169.0,cctv2,C2_S001,G007,OCCUPIED,OCCUPIED,0.8044062115929345
169.0,cctv2,C2_S002,G008,OCCUPIED,LEAVING,0.8009712593121963
169.0,cctv2,C2_S003,G009,EMPTY,EMPTY,0.01
169.0,cctv2,C2_S004,G010,OCCUPIED,OCCUPIED,0.7433580918068237
169.0,cctv2,C2_S005,G001,EMPTY,EMPTY,0.01
169.0,cctv2,C2_S006,G003,OCCUPIED,OCCUPIED,0.8211909765546973
169.0,cctv2,C2_S007,G004,OCCUPIED,OCCUPIED,0.7959979317405008
169.0,cctv2,C2_S008,G006,OCCUPIED,OCCUPIED,0.7653770419684324
169.0,cctv2,C2_S009,G005,OCCUPIED,OCCUPIED,0.786659366705201
169.0,cctv2,C2_S010,G002,EMPTY,EMPTY,0.01
169.0,cctv2,C2_S011,G017,OCCUPIED,OCCUPIED,0.8028740070082925
169.0,cctv2,C2_S012,G018,OCCUPIED,OCCUPIED,0.7658471145413139
169.0,cctv2,C2_S013,G019,EMPTY,MANEUVERING,0.49
169.0,cctv2,C2_S014,G020,EMPTY,EMPTY,0.01
169.0,cctv3,C3_S001,G021,OCCUPIED,OCCUPIED,0.8175628954713996
169.0,cctv3,C3_S002,G019,EMPTY,EMPTY,0.01
169.0,cctv3,C3_S003,G020,EMPTY,EMPTY,0.01
169.0,cctv3,C3_S004,G024,OCCUPIED,OCCUPIED,0.8305710638111289
169.0,cctv3,C3_S005,G025,OCCUPIED,OCCUPIED,0.8314123809337617
169.0,cctv3,C3_S006,G026,OCCUPIED,OCCUPIED,0.8260348485274749
169.0,cctv3,C3_S007,G027,OCCUPIED,LEAVING,0.6910685111514547
169.0,cctv3,C3_S008,G028,EMPTY,MANEUVERING,0.0860834110595963
169.0,cctv3,C3_S009,G029,EMPTY,MANEUVERING,0.0692169811644337
169.0,cctv3,C3_S010,G007,OCCUPIED,OCCUPIED,0.7191196782074192
169.0,cctv3,C3_S011,G008,OCCUPIED,OCCUPIED,0.7957840930331838
169.0,cctv3,C3_S012,G009,OCCUPIED,OCCUPIED,0.8272868768735366
170.0,cctv1,C1_S001,G001,OCCUPIED,OCCUPIED,0.6803530337881636
170.0,cctv1,C1_S002,G002,EMPTY,EMPTY,0.01
170.0,cctv1,C1_S003,G003,OCCUPIED,OCCUPIED,0.8371204362674194
170.0,cctv1,C1_S004,G004,OCCUPIED,OCCUPIED,0.7675828463651918
170.0,cctv1,C1_S005,G005,OCCUPIED,OCCUPIED,0.7679052474823865
170.0,cctv1,C1_S006,G006,EMPTY,EMPTY,0.01
170.0,cctv2,C2_S001,G007,OCCUPIED,OCCUPIED,0.8048187060789629
170.0,cctv2,C2_S002,G008,OCCUPIED,LEAVING,0.8020618284290488
170.0,cctv2,C2_S003,G009,EMPTY,EMPTY,0.01
170.0,cctv2,C2_S004,G010,OCCUPIED,OCCUPIED,0.7457794564014132
170.0,cctv2,C2_S005,G001,EMPTY,EMPTY,0.01
170.0,cctv2,C2_S006,G003,OCCUPIED,OCCUPIED,0.8215216417204251
170.0,cctv2,C2_S007,G004,OCCUPIED,OCCUPIED,0.7975475121628155
170.0,cctv2,C2_S008,G006,OCCUPIED,OCCUPIED,0.7654777276245031
170.0,cctv2,C2_S009,G005,OCCUPIED,OCCUPIED,0.7872082527388227
170.0,cctv2,C2_S010,G002,EMPTY,EMPTY,0.01
170.0,cctv2,C2_S011,G017,OCCUPIED,OCCUPIED,0.8028201734477824
170.0,cctv2,C2_S012,G018,OCCUPIED,OCCUPIED,0.7662480235099793
170.0,cctv2,C2_S013,G019,EMPTY,MANEUVERING,0.49
170.0,cctv2,C2_S014,G020,EMPTY,EMPTY,0.01
170.0,cctv3,C3_S001,G021,OCCUPIED,OCCUPIED,0.8172541382637891
170.0,cctv3,C3_S002,G019,EMPTY,EMPTY,0.01
170.0,cctv3,C3_S003,G020,EMPTY,EMPTY,0.01
170.0,cctv3,C3_S004,G024,OCCUPIED,OCCUPIED,0.8304512804204768
170.0,cctv3,C3_S005,G025,OCCUPIED,OCCUPIED,0.8313394979997115
170.0,cctv3,C3_S006,G026,OCCUPIED,OCCUPIED,0.8258138629523191
170.0,cctv3,C3_S007,G027,OCCUPIED,LEAVING,0.6909903354875067
170.0,cctv3,C3_S008,G028,EMPTY,MANEUVERING,0.0860834110595963
170.0,cctv3,C3_S009,G029,EMPTY,MANEUVERING,0.0692169811644337
170.0,cctv3,C3_S010,G007,OCCUPIED,OCCUPIED,0.7198857524178246
170.0,cctv3,C3_S011,G008,OCCUPIED,OCCUPIED,0.7955939983779734
170.0,cctv3,C3_S012,G009,OCCUPIED,OCCUPIED,0.8273861633105712
171.0,cctv1,C1_S001,G001,OCCUPIED,OCCUPIED,0.7169256917285649
171.0,cctv1,C1_S002,G002,EMPTY,EMPTY,0.01
171.0,cctv1,C1_S003,G003,OCCUPIED,OCCUPIED,0.8370663474906576
171.0,cctv1,C1_S004,G004,OCCUPIED,OCCUPIED,0.7686015729199757
171.0,cctv1,C1_S005,G005,OCCUPIED,OCCUPIED,0.7672953830523925
171.0,cctv1,C1_S006,G006,EMPTY,EMPTY,0.01
171.0,cctv2,C2_S001,G007,OCCUPIED,OCCUPIED,0.8036729216575623
171.0,cctv2,C2_S002,G008,OCCUPIED,LEAVING,0.8048813909292222
171.0,cctv2,C2_S003,G009,EMPTY,EMPTY,0.01
171.0,cctv2,C2_S004,G010,OCCUPIED,OCCUPIED,0.7467638941651041
171.0,cctv2,C2_S005,G001,EMPTY,EMPTY,0.01
171.0,cctv2,C2_S006,G003,OCCUPIED,OCCUPIED,0.8213114613836463
171.0,cctv2,C2_S007,G004,OCCUPIED,OCCUPIED,0.7983269165862691
171.0,cctv2,C2_S008,G006,OCCUPIED,OCCUPIED,0.7641937033696609
171.0,cctv2,C2_S009,G005,OCCUPIED,OCCUPIED,0.7834818280555986
171.0,cctv2,C2_S010,G002,EMPTY,EMPTY,0.01
171.0,cctv2,C2_S011,G017,OCCUPIED,OCCUPIED,0.803248828649521
171.0,cctv2,C2_S012,G018,OCCUPIED,OCCUPIED,0.7671937240795657
171.0,cctv2,C2_S013,G019,EMPTY,MANEUVERING,0.49
171.0,cctv2,C2_S014,G020,EMPTY,EMPTY,0.01
171.0,cctv3,C3_S001,G021,OCCUPIED,OCCUPIED,0.8171259034763684
171.0,cctv3,C3_S002,G019,EMPTY,EMPTY,0.01
171.0,cctv3,C3_S003,G020,EMPTY,EMPTY,0.01
171.0,cctv3,C3_S004,G024,OCCUPIED,OCCUPIED,0.8305688603357836
171.0,cctv3,C3_S005,G025,OCCUPIED,OCCUPIED,0.8313051161440936
171.0,cctv3,C3_S006,G026,OCCUPIED,OCCUPIED,0.8258280136368492
171.0,cctv3,C3_S007,G027,OCCUPIED,OCCUPIED,0.6921876478872517
171.0,cctv3,C3_S008,G028,EMPTY,MANEUVERING,0.0860834110595963
171.0,cctv3,C3_S009,G029,EMPTY,MANEUVERING,0.0692169811644337
171.0,cctv3,C3_S010,G007,OCCUPIED,OCCUPIED,0.7183064266226509
171.0,cctv3,C3_S011,G008,OCCUPIED,OCCUPIED,0.7958147043531592
171.0,cctv3,C3_S012,G009,OCCUPIED,OCCUPIED,0.8278557408939708
172.0,cctv1,C1_S001,G001,OCCUPIED,OCCUPIED,0.7168918762864037
172.0,cctv1,C1_S002,G002,EMPTY,EMPTY,0.01
172.0,cctv1,C1_S003,G003,OCCUPIED,OCCUPIED,0.8368615104393526
172.0,cctv1,C1_S004,G004,OCCUPIED,OCCUPIED,0.7687740686264906
172.0,cctv1,C1_S005,G005,OCCUPIED,OCCUPIED,0.7653808275407011
172.0,cctv1,C1_S006,G006,EMPTY,EMPTY,0.01
172.0,cctv2,C2_S001,G007,OCCUPIED,OCCUPIED,0.8035434107888829
172.0,cctv2,C2_S002,G008,OCCUPIED,LEAVING,0.8046058362180537
172.0,cctv2,C2_S003,G009,EMPTY,EMPTY,0.01
172.0,cctv2,C2_S004,G010,OCCUPIED,OCCUPIED,0.7491526804864407
172.0,cctv2,C2_S005,G001,EMPTY,EMPTY,0.01
172.0,cctv2,C2_S006,G003,OCCUPIED,OCCUPIED,0.8217336451465433
172.0,cctv2,C2_S007,G004,OCCUPIED,OCCUPIED,0.7984075901183216
172.0,cctv2,C2_S008,G006,OCCUPIED,OCCUPIED,0.7631975476037373
172.0,cctv2,C2_S009,G005,OCCUPIED,OCCUPIED,0.7811571006070485
172.0,cctv2,C2_S010,G002,EMPTY,EMPTY,0.01
172.0,cctv2,C2_S011,G017,OCCUPIED,OCCUPIED,0.8043680819598111
172.0,cctv2,C2_S012,G018,OCCUPIED,OCCUPIED,0.7680136387998409
172.0,cctv2,C2_S013,G019,EMPTY,MANEUVERING,0.4561858922784979
172.0,cctv2,C2_S014,G020,EMPTY,EMPTY,0.01
172.0,cctv3,C3_S001,G021,OCCUPIED,OCCUPIED,0.8174354490908711
172.0,cctv3,C3_S002,G019,EMPTY,EMPTY,0.01
172.0,cctv3,C3_S003,G020,EMPTY,EMPTY,0.01
172.0,cctv3,C3_S004,G024,OCCUPIED,OCCUPIED,0.8304981150410393
172.0,cctv3,C3_S005,G025,OCCUPIED,OCCUPIED,0.8311809314922853
172.0,cctv3,C3_S006,G026,OCCUPIED,OCCUPIED,0.8255869375033813
172.0,cctv3,C3_S007,G027,OCCUPIED,OCCUPIED,0.7392947700890629
172.0,cctv3,C3_S008,G028,EMPTY,EMPTY,0.01
172.0,cctv3,C3_S009,G029,EMPTY,MANEUVERING,0.1126945794441483
172.0,cctv3,C3_S010,G007,OCCUPIED,OCCUPIED,0.6733064266226509
172.0,cctv3,C3_S011,G008,OCCUPIED,OCCUPIED,0.7967287743633444
172.0,cctv3,C3_S012,G009,OCCUPIED,OCCUPIED,0.8278298331932589
173.0,cctv1,C1_S001,G001,OCCUPIED,OCCUPIED,0.7182111218063669
173.0,cctv1,C1_S002,G002,EMPTY,EMPTY,0.01
173.0,cctv1,C1_S003,G003,OCCUPIED,OCCUPIED,0.8370638603513891
173.0,cctv1,C1_S004,G004,OCCUPIED,OCCUPIED,0.7682777864011852
173.0,cctv1,C1_S005,G005,OCCUPIED,OCCUPIED,0.7668136197057638
173.0,cctv1,C1_S006,G006,EMPTY,EMPTY,0.01
173.0,cctv2,C2_S001,G007,OCCUPIED,OCCUPIED,0.7969685874202035
173.0,cctv2,C2_S002,G008,OCCUPIED,LEAVING,0.8075407393954017
173.0,cctv2,C2_S003,G009,EMPTY,EMPTY,0.01
173.0,cctv2,C2_S004,G010,OCCUPIED,OCCUPIED,0.7506325889040124
173.0,cctv2,C2_S005,G001,EMPTY,EMPTY,0.01
173.0,cctv2,C2_S006,G003,OCCUPIED,OCCUPIED,0.8221393544565548
173.0,cctv2,C2_S007,G004,OCCUPIED,OCCUPIED,0.7986678976904262
173.0,cctv2,C2_S008,G006,OCCUPIED,OCCUPIED,0.7647059593688359
173.0,cctv2,C2_S009,G005,OCCUPIED,OCCUPIED,0.7794944967735898
173.0,cctv2,C2_S010,G002,EMPTY,EMPTY,0.01
173.0,cctv2,C2_S011,G017,OCCUPIED,OCCUPIED,0.805338234522126
173.0,cctv2,C2_S012,G018,OCCUPIED,OCCUPIED,0.7684332972223109
173.0,cctv2,C2_S013,G019,EMPTY,MANEUVERING,0.4568602879142219
173.0,cctv2,C2_S014,G020,EMPTY,EMPTY,0.01
173.0,cctv3,C3_S001,G021,OCCUPIED,OCCUPIED,0.8164329303936525
173.0,cctv3,C3_S002,G019,EMPTY,EMPTY,0.01
173.0,cctv3,C3_S003,G020,EMPTY,EMPTY,0.01
173.0,cctv3,C3_S004,G024,OCCUPIED,OCCUPIED,0.8301881370219318
173.0,cctv3,C3_S005,G025,OCCUPIED,OCCUPIED,0.8312164016745308
173.0,cctv3,C3_S006,G026,OCCUPIED,OCCUPIED,0.8258562995628878
173.0,cctv3,C3_S007,G027,OCCUPIED,OCCUPIED,0.7400222457268022
173.0,cctv3,C3_S008,G028,EMPTY,EMPTY,0.01
173.0,cctv3,C3_S009,G029,EMPTY,MANEUVERING,0.1126945794441483
173.0,cctv3,C3_S010,G007,OCCUPIED,OCCUPIED,0.6732231324098328
173.0,cctv3,C3_S011,G008,OCCUPIED,OCCUPIED,0.7960532388903878
173.0,cctv3,C3_S012,G009,OCCUPIED,OCCUPIED,0.8278598186644641
174.0,cctv1,C1_S001,G001,OCCUPIED,OCCUPIED,0.7194455078210343
174.0,cctv1,C1_S002,G002,EMPTY,EMPTY,0.01
174.0,cctv1,C1_S003,G003,OCCUPIED,OCCUPIED,0.8368200654333289
174.0,cctv1,C1_S004,G004,OCCUPIED,OCCUPIED,0.7677017958326774
174.0,cctv1,C1_S005,G005,OCCUPIED,OCCUPIED,0.7669504586945881
174.0,cctv1,C1_S006,G006,EMPTY,EMPTY,0.01
174.0,cctv2,C2_S001,G007,OCCUPIED,OCCUPIED,0.7956008282574741
174.0,cctv2,C2_S002,G008,OCCUPIED,LEAVING,0.8080699465491555
174.0,cctv2,C2_S003,G009,EMPTY,EMPTY,0.01
174.0,cctv2,C2_S004,G010,OCCUPIED,OCCUPIED,0.7503681549971755
174.0,cctv2,C2_S005,G001,EMPTY,EMPTY,0.01
174.0,cctv2,C2_S006,G003,OCCUPIED,OCCUPIED,0.8217296104539525
174.0,cctv2,C2_S007,G004,OCCUPIED,OCCUPIED,0.7980982273817063
174.0,cctv2,C2_S008,G006,OCCUPIED,OCCUPIED,0.7647090756080368
174.0,cctv2,C2_S009,G005,OCCUPIED,OCCUPIED,0.7792123706503349
174.0,cctv2,C2_S010,G002,EMPTY,EMPTY,0.01
174.0,cctv2,C2_S011,G017,OCCUPIED,OCCUPIED,0.8062698664990339
174.0,cctv2,C2_S012,G018,OCCUPIED,OCCUPIED,0.7705929359251803
174.0,cctv2,C2_S013,G019,EMPTY,MANEUVERING,0.3748518181795423
174.0,cctv2,C2_S014,G020,EMPTY,EMPTY,0.01
174.0,cctv3,C3_S001,G021,OCCUPIED,OCCUPIED,0.815774922750213
174.0,cctv3,C3_S002,G019,EMPTY,EMPTY,0.01
174.0,cctv3,C3_S003,G020,EMPTY,EMPTY,0.01
174.0,cctv3,C3_S004,G024,OCCUPIED,OCCUPIED,0.830225171013312
174.0,cctv3,C3_S005,G025,OCCUPIED,OCCUPIED,0.8312350414016031
174.0,cctv3,C3_S006,G026,OCCUPIED,OCCUPIED,0.8258274625648152
174.0,cctv3,C3_S007,G027,OCCUPIED,OCCUPIED,0.7415376218882475
174.0,cctv3,C3_S008,G028,EMPTY,EMPTY,0.01
174.0,cctv3,C3_S009,G029,EMPTY,MANEUVERING,0.1126945794441483
174.0,cctv3,C3_S010,G007,OCCUPIED,OCCUPIED,0.6724027193269947
174.0,cctv3,C3_S011,G008,OCCUPIED,OCCUPIED,0.7960787239399824
174.0,cctv3,C3_S012,G009,OCCUPIED,OCCUPIED,0.8279589035294274
175.0,cctv1,C1_S001,G001,OCCUPIED,OCCUPIED,0.7206187638030811
175.0,cctv1,C1_S002,G002,EMPTY,EMPTY,0.01
175.0,cctv1,C1_S003,G003,OCCUPIED,OCCUPIED,0.8368845489892094
175.0,cctv1,C1_S004,G004,OCCUPIED,OCCUPIED,0.76649942655455
175.0,cctv1,C1_S005,G005,OCCUPIED,OCCUPIED,0.7689969650723718
175.0,cctv1,C1_S006,G006,EMPTY,EMPTY,0.01
175.0,cctv2,C2_S001,G007,OCCUPIED,OCCUPIED,0.7961843225088987
175.0,cctv2,C2_S002,G008,OCCUPIED,LEAVING,0.808045446601781
175.0,cctv2,C2_S003,G009,EMPTY,EMPTY,0.01
175.0,cctv2,C2_S004,G010,OCCUPIED,OCCUPIED,0.7525071175260978
175.0,cctv2,C2_S005,G001,EMPTY,EMPTY,0.01
175.0,cctv2,C2_S006,G003,OCCUPIED,OCCUPIED,0.8218482413075188
175.0,cctv2,C2_S007,G004,OCCUPIED,OCCUPIED,0.7997083924033426
175.0,cctv2,C2_S008,G006,OCCUPIED,OCCUPIED,0.765602603961121
175.0,cctv2,C2_S009,G005,OCCUPIED,OCCUPIED,0.7792637804692443
175.0,cctv2,C2_S010,G002,EMPTY,EMPTY,0.01
175.0,cctv2,C2_S011,G017,OCCUPIED,OCCUPIED,0.8066698147491976
175.0,cctv2,C2_S012,G018,OCCUPIED,OCCUPIED,0.7714529569853437
175.0,cctv2,C2_S013,G019,EMPTY,MANEUVERING,0.3748518181795423
175.0,cctv2,C2_S014,G020,EMPTY,EMPTY,0.01
175.0,cctv3,C3_S001,G021,OCCUPIED,OCCUPIED,0.8153864380988208
175.0,cctv3,C3_S002,G019,EMPTY,EMPTY,0.01
175.0,cctv3,C3_S003,G020,EMPTY,EMPTY,0.01
175.0,cctv3,C3_S004,G024,OCCUPIED,OCCUPIED,0.8302136757157066
175.0,cctv3,C3_S005,G025,OCCUPIED,OCCUPIED,0.8311781842600217
175.0,cctv3,C3_S006,G026,OCCUPIED,OCCUPIED,0.8261287461627614
175.0,cctv3,C3_S007,G027,OCCUPIED,OCCUPIED,0.7417011098428207
175.0,cctv3,C3_S008,G028,EMPTY,EMPTY,0.01
175.0,cctv3,C3_S009,G029,EMPTY,MANEUVERING,0.1126945794441483
175.0,cctv3,C3_S010,G007,OCCUPIED,OCCUPIED,0.6726112762770871
175.0,cctv3,C3_S011,G008,OCCUPIED,OCCUPIED,0.7973562674088912
175.0,cctv3,C3_S012,G009,OCCUPIED,OCCUPIED,0.8281319027597255
176.0,cctv1,C1_S001,G001,OCCUPIED,OCCUPIED,0.7207858937707815
176.0,cctv1,C1_S002,G002,EMPTY,EMPTY,0.01
176.0,cctv1,C1_S003,G003,OCCUPIED,OCCUPIED,0.8368271147662943
176.0,cctv1,C1_S004,G004,OCCUPIED,OCCUPIED,0.7652094079689546
176.0,cctv1,C1_S005,G005,OCCUPIED,OCCUPIED,0.7668820160356435
176.0,cctv1,C1_S006,G006,EMPTY,EMPTY,0.01
176.0,cctv2,C2_S001,G007,OCCUPIED,OCCUPIED,0.7964207616719333
176.0,cctv2,C2_S002,G008,OCCUPIED,LEAVING,0.8078766373070805
176.0,cctv2,C2_S003,G009,EMPTY,EMPTY,0.01
176.0,cctv2,C2_S004,G010,OCCUPIED,OCCUPIED,0.7528831433166158
176.0,cctv2,C2_S005,G001,EMPTY,EMPTY,0.01
176.0,cctv2,C2_S006,G003,OCCUPIED,OCCUPIED,0.8216308531436054
176.0,cctv2,C2_S007,G004,OCCUPIED,OCCUPIED,0.8000823175365275
176.0,cctv2,C2_S008,G006,OCCUPIED,OCCUPIED,0.7645089368928564
176.0,cctv2,C2_S009,G005,OCCUPIED,OCCUPIED,0.7777183338999749
176.0,cctv2,C2_S010,G002,EMPTY,EMPTY,0.01
176.0,cctv2,C2_S011,G017,OCCUPIED,OCCUPIED,0.8075123933228581
176.0,cctv2,C2_S012,G018,OCCUPIED,OCCUPIED,0.7728078236634082
176.0,cctv2,C2_S013,G019,EMPTY,MANEUVERING,0.3382110172002153
176.0,cctv2,C2_S014,G020,EMPTY,EMPTY,0.01
176.0,cctv3,C3_S001,G021,OCCUPIED,OCCUPIED,0.8153766252777794
176.0,cctv3,C3_S002,G019,EMPTY,EMPTY,0.01
176.0,cctv3,C3_S003,G020,EMPTY,EMPTY,0.01
176.0,cctv3,C3_S004,G024,OCCUPIED,OCCUPIED,0.8302181680094113
176.0,cctv3,C3_S005,G025,OCCUPIED,OCCUPIED,0.8311622308059172
176.0,cctv3,C3_S006,G026,OCCUPIED,OCCUPIED,0.8260209042917599
176.0,cctv3,C3_S007,G027,OCCUPIED,OCCUPIED,0.7412432071837513
176.0,cctv3,C3_S008,G028,EMPTY,EMPTY,0.01
176.0,cctv3,C3_S009,G029,EMPTY,MANEUVERING,0.0676945794441483
176.0,cctv3,C3_S010,G007,OCCUPIED,OCCUPIED,0.7170494656942108
176.0,cctv3,C3_S011,G008,OCCUPIED,OCCUPIED,0.7969788513400339
176.0,cctv3,C3_S012,G009,OCCUPIED,OCCUPIED,0.8277284700762142
177.0,cctv1,C1_S001,G001,OCCUPIED,OCCUPIED,0.720848092369058
177.0,cctv1,C1_S002,G002,EMPTY,EMPTY,0.01
177.0,cctv1,C1_S003,G003,OCCUPIED,OCCUPIED,0.8366456104950473
177.0,cctv1,C1_S004,G004,OCCUPIED,OCCUPIED,0.7658888419920749
177.0,cctv1,C1_S005,G005,OCCUPIED,OCCUPIED,0.7654588733207096
177.0,cctv1,C1_S006,G006,EMPTY,EMPTY,0.01
177.0,cctv2,C2_S001,G007,OCCUPIED,OCCUPIED,0.7961028158664704
177.0,cctv2,C2_S002,G008,OCCUPIED,LEAVING,0.8077709403905002
177.0,cctv2,C2_S003,G009,EMPTY,EMPTY,0.01
177.0,cctv2,C2_S004,G010,OCCUPIED,OCCUPIED,0.7566463122313674
177.0,cctv2,C2_S005,G001,EMPTY,EMPTY,0.01
177.0,cctv2,C2_S006,G003,OCCUPIED,OCCUPIED,0.8217542819001459
177.0,cctv2,C2_S007,G004,OCCUPIED,OCCUPIED,0.8006135509772735
177.0,cctv2,C2_S008,G006,OCCUPIED,OCCUPIED,0.7634794949130579
177.0,cctv2,C2_S009,G005,OCCUPIED,OCCUPIED,0.7736345357515596
177.0,cctv2,C2_S010,G002,EMPTY,EMPTY,0.01
177.0,cctv2,C2_S011,G017,OCCUPIED,OCCUPIED,0.8075145464051854
177.0,cctv2,C2_S012,G018,OCCUPIED,OCCUPIED,0.7728762411258439
177.0,cctv2,C2_S013,G019,EMPTY,MANEUVERING,0.2932110172002153
177.0,cctv2,C2_S014,G020,EMPTY,EMPTY,0.01
177.0,cctv3,C3_S001,G021,OCCUPIED,OCCUPIED,0.8157579882578417
177.0,cctv3,C3_S002,G019,EMPTY,EMPTY,0.01
177.0,cctv3,C3_S003,G020,EMPTY,EMPTY,0.01
177.0,cctv3,C3_S004,G024,OCCUPIED,OCCUPIED,0.830246829444712
177.0,cctv3,C3_S005,G025,OCCUPIED,OCCUPIED,0.8310717363249173
177.0,cctv3,C3_S006,G026,OCCUPIED,OCCUPIED,0.8258244381709533
177.0,cctv3,C3_S007,G027,OCCUPIED,OCCUPIED,0.7413658914240925
177.0,cctv3,C3_S008,G028,EMPTY,EMPTY,0.01
177.0,cctv3,C3_S009,G029,EMPTY,MANEUVERING,0.0676945794441483
177.0,cctv3,C3_S010,G007,OCCUPIED,OCCUPIED,0.7166311076960781
177.0,cctv3,C3_S011,G008,OCCUPIED,OCCUPIED,0.7965978736227209
177.0,cctv3,C3_S012,G009,OCCUPIED,OCCUPIED,0.827503062920137
178.0,cctv1,C1_S001,G001,OCCUPIED,OCCUPIED,0.7210463129999963
178.0,cctv1,C1_S002,G002,EMPTY,EMPTY,0.01
178.0,cctv1,C1_S003,G003,OCCUPIED,OCCUPIED,0.8366237708113411
178.0,cctv1,C1_S004,G004,OCCUPIED,OCCUPIED,0.7651475103064017
178.0,cctv1,C1_S005,G005,OCCUPIED,OCCUPIED,0.764123380726034
178.0,cctv1,C1_S006,G006,EMPTY,EMPTY,0.01
178.0,cctv2,C2_S001,G007,OCCUPIED,OCCUPIED,0.7955147992480885
178.0,cctv2,C2_S002,G008,OCCUPIED,LEAVING,0.806656358187849
178.0,cctv2,C2_S003,G009,EMPTY,EMPTY,0.01
178.0,cctv2,C2_S004,G010,OCCUPIED,OCCUPIED,0.7574613164771687
178.0,cctv2,C2_S005,G001,EMPTY,EMPTY,0.01
178.0,cctv2,C2_S006,G003,OCCUPIED,OCCUPIED,0.8220177634195849
178.0,cctv2,C2_S007,G004,OCCUPIED,OCCUPIED,0.8015176285396923
178.0,cctv2,C2_S008,G006,OCCUPIED,OCCUPIED,0.7624181687831879
178.0,cctv2,C2_S009,G005,OCCUPIED,OCCUPIED,0.7746633230285211
178.0,cctv2,C2_S010,G002,EMPTY,EMPTY,0.01
178.0,cctv2,C2_S011,G017,OCCUPIED,OCCUPIED,0.8079720004038378
178.0,cctv2,C2_S012,G018,OCCUPIED,OCCUPIED,0.7734246675263752
178.0,cctv2,C2_S013,G019,EMPTY,MANEUVERING,0.2932110172002153
178.0,cctv2,C2_S014,G020,EMPTY,EMPTY,0.01
178.0,cctv3,C3_S001,G021,OCCUPIED,OCCUPIED,0.8154009634798224
178.0,cctv3,C3_S002,G019,EMPTY,EMPTY,0.01
178.0,cctv3,C3_S003,G020,EMPTY,EMPTY,0.01
178.0,cctv3,C3_S004,G024,OCCUPIED,OCCUPIED,0.8302542981776325
178.0,cctv3,C3_S005,G025,OCCUPIED,OCCUPIED,0.831029144471342
178.0,cctv3,C3_S006,G026,OCCUPIED,OCCUPIED,0.8259596247564663
178.0,cctv3,C3_S007,G027,OCCUPIED,OCCUPIED,0.7413169642741031
178.0,cctv3,C3_S008,G028,EMPTY,EMPTY,0.01
178.0,cctv3,C3_S009,G029,EMPTY,MANEUVERING,0.0676945794441483
178.0,cctv3,C3_S010,G007,OCCUPIED,OCCUPIED,0.714287450679324
178.0,cctv3,C3_S011,G008,OCCUPIED,OCCUPIED,0.7958522487770427
178.0,cctv3,C3_S012,G009,OCCUPIED,OCCUPIED,0.8278351496566426
179.0,cctv1,C1_S001,G001,OCCUPIED,OCCUPIED,0.7212152805856684
179.0,cctv1,C1_S002,G002,EMPTY,EMPTY,0.01
179.0,cctv1,C1_S003,G003,OCCUPIED,OCCUPIED,0.8365802418101919
179.0,cctv1,C1_S004,G004,OCCUPIED,OCCUPIED,0.7662020106207241
179.0,cctv1,C1_S005,G005,OCCUPIED,OCCUPIED,0.7650014181028714
179.0,cctv1,C1_S006,G006,EMPTY,EMPTY,0.01
179.0,cctv2,C2_S001,G007,OCCUPIED,OCCUPIED,0.7956686312502081
179.0,cctv2,C2_S002,G008,OCCUPIED,LEAVING,0.8071434432810004
179.0,cctv2,C2_S003,G009,EMPTY,EMPTY,0.01
179.0,cctv2,C2_S004,G010,OCCUPIED,OCCUPIED,0.7576377253640783
179.0,cctv2,C2_S005,G001,EMPTY,EMPTY,0.01
179.0,cctv2,C2_S006,G003,OCCUPIED,OCCUPIED,0.8217637777328491
179.0,cctv2,C2_S007,G004,OCCUPIED,OCCUPIED,0.8016724472696132
179.0,cctv2,C2_S008,G006,OCCUPIED,OCCUPIED,0.7620826715772803
179.0,cctv2,C2_S009,G005,OCCUPIED,OCCUPIED,0.7759271921081977
179.0,cctv2,C2_S010,G002,EMPTY,EMPTY,0.01
179.0,cctv2,C2_S011,G017,OCCUPIED,OCCUPIED,0.8082153702324087
179.0,cctv2,C2_S012,G018,OCCUPIED,OCCUPIED,0.7727305626327342
179.0,cctv2,C2_S013,G019,EMPTY,MANEUVERING,0.3368476587398486
179.0,cctv2,C2_S014,G020,EMPTY,EMPTY,0.01
179.0,cctv3,C3_S001,G021,OCCUPIED,OCCUPIED,0.8156798360022632
179.0,cctv3,C3_S002,G019,EMPTY,EMPTY,0.01
179.0,cctv3,C3_S003,G020,EMPTY,EMPTY,0.01
179.0,cctv3,C3_S004,G024,OCCUPIED,OCCUPIED,0.8302480933341114
179.0,cctv3,C3_S005,G025,OCCUPIED,OCCUPIED,0.8310831332748587
179.0,cctv3,C3_S006,G026,OCCUPIED,OCCUPIED,0.8257915274663405
179.0,cctv3,C3_S007,G027,OCCUPIED,OCCUPIED,0.7435768938200041
179.0,cctv3,C3_S008,G028,EMPTY,EMPTY,0.01
179.0,cctv3,C3_S009,G029,EMPTY,MANEUVERING,0.1434309298392724
179.0,cctv3,C3_S010,G007,OCCUPIED,OCCUPIED,0.6326299578041742
179.0,cctv3,C3_S011,G008,OCCUPIED,OCCUPIED,0.7955636991695925
179.0,cctv3,C3_S012,G009,OCCUPIED,OCCUPIED,0.8275020997632634
180.0,cctv1,C1_S001,G001,OCCUPIED,OCCUPIED,0.7201636179265651
180.0,cctv1,C1_S002,G002,EMPTY,EMPTY,0.01
180.0,cctv1,C1_S003,G003,OCCUPIED,OCCUPIED,0.8366058113900099
180.0,cctv1,C1_S004,G004,OCCUPIED,OCCUPIED,0.7649359791116281
180.0,cctv1,C1_S005,G005,OCCUPIED,OCCUPIED,0.7655444183132866
180.0,cctv1,C1_S006,G006,EMPTY,EMPTY,0.01
180.0,cctv2,C2_S001,G007,OCCUPIED,OCCUPIED,0.7948973644863476
180.0,cctv2,C2_S002,G008,OCCUPIED,LEAVING,0.8088599221272903
180.0,cctv2,C2_S003,G009,EMPTY,EMPTY,0.01
180.0,cctv2,C2_S004,G010,OCCUPIED,OCCUPIED,0.758356447043744
180.0,cctv2,C2_S005,G001,EMPTY,EMPTY,0.01
180.0,cctv2,C2_S006,G003,OCCUPIED,OCCUPIED,0.8216054306788878
180.0,cctv2,C2_S007,G004,OCCUPIED,OCCUPIED,0.8011488963257183
180.0,cctv2,C2_S008,G006,OCCUPIED,OCCUPIED,0.7633953040296382
180.0,cctv2,C2_S009,G005,OCCUPIED,OCCUPIED,0.7782522438602014
180.0,cctv2,C2_S010,G002,EMPTY,EMPTY,0.01
180.0,cctv2,C2_S011,G017,OCCUPIED,OCCUPIED,0.8084080625664105
180.0,cctv2,C2_S012,G018,OCCUPIED,OCCUPIED,0.772542393072085
180.0,cctv2,C2_S013,G019,EMPTY,MANEUVERING,0.2994303724440661
180.0,cctv2,C2_S014,G020,EMPTY,EMPTY,0.01
180.0,cctv3,C3_S001,G021,OCCUPIED,OCCUPIED,0.8158279329538346
180.0,cctv3,C3_S002,G019,EMPTY,EMPTY,0.01
180.0,cctv3,C3_S003,G020,EMPTY,EMPTY,0.01
180.0,cctv3,C3_S004,G024,OCCUPIED,OCCUPIED,0.8303002501075919
180.0,cctv3,C3_S005,G025,OCCUPIED,OCCUPIED,0.8310805315321143
180.0,cctv3,C3_S006,G026,OCCUPIED,OCCUPIED,0.8258592613718727
180.0,cctv3,C3_S007,G027,OCCUPIED,OCCUPIED,0.7449895216660066
180.0,cctv3,C3_S008,G028,EMPTY,EMPTY,0.01
180.0,cctv3,C3_S009,G029,EMPTY,MANEUVERING,0.1445218389301815
180.0,cctv3,C3_S010,G007,OCCUPIED,OCCUPIED,0.6305079251148485
180.0,cctv3,C3_S011,G008,OCCUPIED,OCCUPIED,0.7950718226757917
180.0,cctv3,C3_S012,G009,OCCUPIED,OCCUPIED,0.8275343000888825
181.0,cctv1,C1_S001,G001,OCCUPIED,OCCUPIED,0.7199619748375633
181.0,cctv1,C1_S002,G002,EMPTY,EMPTY,0.01
181.0,cctv1,C1_S003,G003,OCCUPIED,OCCUPIED,0.8364923303777522
181.0,cctv1,C1_S004,G004,OCCUPIED,OCCUPIED,0.7645896348086271
181.0,cctv1,C1_S005,G005,OCCUPIED,OCCUPIED,0.7623229995369912
181.0,cctv1,C1_S006,G006,EMPTY,EMPTY,0.01
181.0,cctv2,C2_S001,G007,OCCUPIED,OCCUPIED,0.7981057546355508
181.0,cctv2,C2_S002,G008,OCCUPIED,LEAVING,0.8055090156468478
181.0,cctv2,C2_S003,G009,EMPTY,EMPTY,0.01
181.0,cctv2,C2_S004,G010,OCCUPIED,OCCUPIED,0.7598437656733124
181.0,cctv2,C2_S005,G001,EMPTY,EMPTY,0.01
181.0,cctv2,C2_S006,G003,OCCUPIED,OCCUPIED,0.8209638227115978
181.0,cctv2,C2_S007,G004,OCCUPIED,OCCUPIED,0.8003321864388206
181.0,cctv2,C2_S008,G006,OCCUPIED,OCCUPIED,0.7616099428046834
181.0,cctv2,C2_S009,G005,OCCUPIED,OCCUPIED,0.7793665318326517
181.0,cctv2,C2_S010,G002,EMPTY,EMPTY,0.01
181.0,cctv2,C2_S011,G017,OCCUPIED,OCCUPIED,0.8080271831967615
181.0,cctv2,C2_S012,G018,OCCUPIED,OCCUPIED,0.7725318170406602
181.0,cctv2,C2_S013,G019,EMPTY,MANEUVERING,0.2639458982578733
181.0,cctv2,C2_S014,G020,EMPTY,EMPTY,0.01
181.0,cctv3,C3_S001,G021,OCCUPIED,OCCUPIED,0.816247828711163
181.0,cctv3,C3_S002,G019,EMPTY,EMPTY,0.01
181.0,cctv3,C3_S003,G020,EMPTY,EMPTY,0.01
181.0,cctv3,C3_S004,G024,OCCUPIED,OCCUPIED,0.8302640776742589
181.0,cctv3,C3_S005,G025,OCCUPIED,OCCUPIED,0.8311125579205427
181.0,cctv3,C3_S006,G026,OCCUPIED,OCCUPIED,0.8258276673880491
181.0,cctv3,C3_S007,G027,OCCUPIED,OCCUPIED,0.743805055320263
181.0,cctv3,C3_S008,G028,EMPTY,EMPTY,0.01
181.0,cctv3,C3_S009,G029,EMPTY,MANEUVERING,0.1445218389301815
181.0,cctv3,C3_S010,G007,OCCUPIED,OCCUPIED,0.6268743450063649
181.0,cctv3,C3_S011,G008,OCCUPIED,OCCUPIED,0.7935161633925005
181.0,cctv3,C3_S012,G009,OCCUPIED,OCCUPIED,0.8272595581683246
182.0,cctv1,C1_S001,G001,OCCUPIED,OCCUPIED,0.7199813007631086
182.0,cctv1,C1_S002,G002,EMPTY,EMPTY,0.01
182.0,cctv1,C1_S003,G003,OCCUPIED,OCCUPIED,0.8365922231565823
182.0,cctv1,C1_S004,G004,OCCUPIED,OCCUPIED,0.7645048034462063
182.0,cctv1,C1_S005,G005,OCCUPIED,OCCUPIED,0.7642733812332154
182.0,cctv1,C1_S006,G006,EMPTY,EMPTY,0.01
182.0,cctv2,C2_S001,G007,OCCUPIED,OCCUPIED,0.7969466725533659
182.0,cctv2,C2_S002,G008,OCCUPIED,LEAVING,0.8060609191656113
182.0,cctv2,C2_S003,G009,EMPTY,EMPTY,0.01
182.0,cctv2,C2_S004,G010,OCCUPIED,OCCUPIED,0.759748860584064
182.0,cctv2,C2_S005,G001,EMPTY,EMPTY,0.01
182.0,cctv2,C2_S006,G003,OCCUPIED,OCCUPIED,0.8211574960838666
182.0,cctv2,C2_S007,G004,OCCUPIED,OCCUPIED,0.8008968491445889
182.0,cctv2,C2_S008,G006,OCCUPIED,OCCUPIED,0.7613183159719814
182.0,cctv2,C2_S009,G005,OCCUPIED,OCCUPIED,0.7803255650130185
182.0,cctv2,C2_S010,G002,EMPTY,EMPTY,0.01
182.0,cctv2,C2_S011,G017,OCCUPIED,OCCUPIED,0.8067509832707319
182.0,cctv2,C2_S012,G018,OCCUPIED,OCCUPIED,0.7723168737509034
182.0,cctv2,C2_S013,G019,EMPTY,MANEUVERING,0.2639458982578733
182.0,cctv2,C2_S014,G020,EMPTY,EMPTY,0.01
182.0,cctv3,C3_S001,G021,OCCUPIED,OCCUPIED,0.8161269439892336
182.0,cctv3,C3_S002,G019,EMPTY,EMPTY,0.01
182.0,cctv3,C3_S003,G020,EMPTY,EMPTY,0.01
182.0,cctv3,C3_S004,G024,OCCUPIED,OCCUPIED,0.8301734832200138
182.0,cctv3,C3_S005,G025,OCCUPIED,OCCUPIED,0.8310620584271171
182.0,cctv3,C3_S006,G026,OCCUPIED,OCCUPIED,0.8257179804823616
182.0,cctv3,C3_S007,G027,OCCUPIED,OCCUPIED,0.7451107144355774
182.0,cctv3,C3_S008,G028,EMPTY,EMPTY,0.01
182.0,cctv3,C3_S009,G029,EMPTY,MANEUVERING,0.1445218389301815
182.0,cctv3,C3_S010,G007,OCCUPIED,OCCUPIED,0.6304866114872876
182.0,cctv3,C3_S011,G008,OCCUPIED,OCCUPIED,0.7947572231292725
182.0,cctv3,C3_S012,G009,OCCUPIED,OCCUPIED,0.8273752930489454
183.0,cctv1,C1_S001,G001,OCCUPIED,OCCUPIED,0.7209353365004063
183.0,cctv1,C1_S002,G002,EMPTY,EMPTY,0.01
183.0,cctv1,C1_S003,G003,OCCUPIED,OCCUPIED,0.8366466508670287
183.0,cctv1,C1_S004,G004,OCCUPIED,OCCUPIED,0.7662031810392034
183.0,cctv1,C1_S005,G005,OCCUPIED,OCCUPIED,0.7674167920242657
183.0,cctv1,C1_S006,G006,EMPTY,EMPTY,0.01
183.0,cctv2,C2_S001,G007,OCCUPIED,OCCUPIED,0.7972198937426914
183.0,cctv2,C2_S002,G008,OCCUPIED,LEAVING,0.8070528065616435
183.0,cctv2,C2_S003,G009,EMPTY,EMPTY,0.01
183.0,cctv2,C2_S004,G010,OCCUPIED,OCCUPIED,0.7585390623997559
183.0,cctv2,C2_S005,G001,EMPTY,EMPTY,0.01
183.0,cctv2,C2_S006,G003,OCCUPIED,OCCUPIED,0.8210524006323382
183.0,cctv2,C2_S007,G004,OCCUPIED,OCCUPIED,0.8010718990455975
183.0,cctv2,C2_S008,G006,OCCUPIED,OCCUPIED,0.7607564679600977
183.0,cctv2,C2_S009,G005,OCCUPIED,OCCUPIED,0.7806786526333203
183.0,cctv2,C2_S010,G002,EMPTY,EMPTY,0.01
183.0,cctv2,C2_S011,G017,OCCUPIED,OCCUPIED,0.8069233290173792
183.0,cctv2,C2_S012,G018,OCCUPIED,OCCUPIED,0.7727637005123226
183.0,cctv2,C2_S013,G019,EMPTY,MANEUVERING,0.2189458982578733
183.0,cctv2,C2_S014,G020,EMPTY,EMPTY,0.01
183.0,cctv3,C3_S001,G021,OCCUPIED,OCCUPIED,0.8156221343712374
183.0,cctv3,C3_S002,G019,EMPTY,EMPTY,0.01
183.0,cctv3,C3_S003,G020,EMPTY,EMPTY,0.01
183.0,cctv3,C3_S004,G024,OCCUPIED,OCCUPIED,0.8302721153606069
183.0,cctv3,C3_S005,G025,OCCUPIED,OCCUPIED,0.8310478646646847
183.0,cctv3,C3_S006,G026,OCCUPIED,OCCUPIED,0.8257090365344828
183.0,cctv3,C3_S007,G027,OCCUPIED,OCCUPIED,0.7453238187865778
183.0,cctv3,C3_S008,G028,EMPTY,EMPTY,0.01
183.0,cctv3,C3_S009,G029,EMPTY,MANEUVERING,0.24984298938208
183.0,cctv3,C3_S010,G007,OCCUPIED,OCCUPIED,0.6304866114872876
183.0,cctv3,C3_S011,G008,OCCUPIED,OCCUPIED,0.7942685197700154
183.0,cctv3,C3_S012,G009,OCCUPIED,OCCUPIED,0.8274252699180084
184.0,cctv1,C1_S001,G001,OCCUPIED,OCCUPIED,0.7199132565747608
184.0,cctv1,C1_S002,G002,EMPTY,EMPTY,0.01
184.0,cctv1,C1_S003,G003,OCCUPIED,OCCUPIED,0.8365734988992866
184.0,cctv1,C1_S004,G004,OCCUPIED,OCCUPIED,0.7666306568817659
184.0,cctv1,C1_S005,G005,OCCUPIED,OCCUPIED,0.7646103869784963
184.0,cctv1,C1_S006,G006,EMPTY,EMPTY,0.01
184.0,cctv2,C2_S001,G007,OCCUPIED,OCCUPIED,0.7998929913748395
184.0,cctv2,C2_S002,G008,OCCUPIED,LEAVING,0.8056593372063204
184.0,cctv2,C2_S003,G009,EMPTY,EMPTY,0.01
184.0,cctv2,C2_S004,G010,OCCUPIED,OCCUPIED,0.757261235266924
184.0,cctv2,C2_S005,G001,EMPTY,EMPTY,0.01
184.0,cctv2,C2_S006,G003,OCCUPIED,OCCUPIED,0.8209384433247827
184.0,cctv2,C2_S007,G004,OCCUPIED,OCCUPIED,0.800415876236829
184.0,cctv2,C2_S008,G006,OCCUPIED,OCCUPIED,0.7593493266539141
184.0,cctv2,C2_S009,G005,OCCUPIED,OCCUPIED,0.7804224301468243
184.0,cctv2,C2_S010,G002,EMPTY,EMPTY,0.01
184.0,cctv2,C2_S011,G017,OCCUPIED,OCCUPIED,0.8081181767311963
184.0,cctv2,C2_S012,G018,OCCUPIED,OCCUPIED,0.7732925589789045
184.0,cctv2,C2_S013,G019,EMPTY,MANEUVERING,0.1803249248455871
184.0,cctv2,C2_S014,G020,EMPTY,EMPTY,0.01
184.0,cctv3,C3_S001,G021,OCCUPIED,OCCUPIED,0.8162051661448045
184.0,cctv3,C3_S002,G019,EMPTY,EMPTY,0.01
184.0,cctv3,C3_S003,G020,EMPTY,EMPTY,0.01
184.0,cctv3,C3_S004,G024,OCCUPIED,OCCUPIED,0.8303775790062818
184.0,cctv3,C3_S005,G025,OCCUPIED,OCCUPIED,0.8309389572251927
184.0,cctv3,C3_S006,G026,OCCUPIED,OCCUPIED,0.8256765866821463
184.0,cctv3,C3_S007,G027,OCCUPIED,OCCUPIED,0.6633012649823319
184.0,cctv3,C3_S008,G028,EMPTY,MANEUVERING,0.1880513824116099
184.0,cctv3,C3_S009,G029,EMPTY,MANEUVERING,0.24984298938208
184.0,cctv3,C3_S010,G007,OCCUPIED,OCCUPIED,0.6409805993058465
184.0,cctv3,C3_S011,G008,OCCUPIED,OCCUPIED,0.7954297772862695
184.0,cctv3,C3_S012,G009,OCCUPIED,OCCUPIED,0.827444000677629
185.0,cctv1,C1_S001,G001,OCCUPIED,OCCUPIED,0.7195912000807849
185.0,cctv1,C1_S002,G002,EMPTY,EMPTY,0.01
185.0,cctv1,C1_S003,G003,OCCUPIED,LEAVING,0.8273589793254029
185.0,cctv1,C1_S004,G004,OCCUPIED,OCCUPIED,0.7669064050370997
185.0,cctv1,C1_S005,G005,OCCUPIED,OCCUPIED,0.7628071183508094
185.0,cctv1,C1_S006,G006,EMPTY,EMPTY,0.01
185.0,cctv2,C2_S001,G007,OCCUPIED,OCCUPIED,0.798048710552129
185.0,cctv2,C2_S002,G008,OCCUPIED,LEAVING,0.8049774635921826
185.0,cctv2,C2_S003,G009,EMPTY,EMPTY,0.01
185.0,cctv2,C2_S004,G010,OCCUPIED,OCCUPIED,0.7562503161755476
185.0,cctv2,C2_S005,G001,EMPTY,EMPTY,0.01
185.0,cctv2,C2_S006,G003,OCCUPIED,OCCUPIED,0.8212643016468395
185.0,cctv2,C2_S007,G004,OCCUPIED,OCCUPIED,0.7999249068173496
185.0,cctv2,C2_S008,G006,OCCUPIED,OCCUPIED,0.7591789775274017
185.0,cctv2,C2_S009,G005,OCCUPIED,OCCUPIED,0.7800777118314397
185.0,cctv2,C2_S010,G002,EMPTY,EMPTY,0.01
185.0,cctv2,C2_S011,G017,OCCUPIED,OCCUPIED,0.8087017612023788
185.0,cctv2,C2_S012,G018,OCCUPIED,OCCUPIED,0.7738857636397536
185.0,cctv2,C2_S013,G019,EMPTY,MANEUVERING,0.1803249248455871
185.0,cctv2,C2_S014,G020,EMPTY,EMPTY,0.01
185.0,cctv3,C3_S001,G021,OCCUPIED,OCCUPIED,0.815643647313118
185.0,cctv3,C3_S002,G019,EMPTY,EMPTY,0.01
185.0,cctv3,C3_S003,G020,EMPTY,EMPTY,0.01
185.0,cctv3,C3_S004,G024,OCCUPIED,OCCUPIED,0.8303381383419037
185.0,cctv3,C3_S005,G025,OCCUPIED,OCCUPIED,0.8309141541069205
185.0,cctv3,C3_S006,G026,OCCUPIED,OCCUPIED,0.8258468614383178
185.0,cctv3,C3_S007,G027,OCCUPIED,OCCUPIED,0.6618200105835091
185.0,cctv3,C3_S008,G028,EMPTY,MANEUVERING,0.16805138241161
185.0,cctv3,C3_S009,G029,EMPTY,MANEUVERING,0.3341170476275411
185.0,cctv3,C3_S010,G007,OCCUPIED,OCCUPIED,0.5455352830491735
185.0,cctv3,C3_S011,G008,OCCUPIED,OCCUPIED,0.7948140136220239
185.0,cctv3,C3_S012,G009,OCCUPIED,OCCUPIED,0.8275213856588711
186.0,cctv1,C1_S001,G001,OCCUPIED,OCCUPIED,0.7199994885786014
186.0,cctv1,C1_S002,G002,EMPTY,EMPTY,0.01
186.0,cctv1,C1_S003,G003,OCCUPIED,LEAVING,0.8214414536275647
186.0,cctv1,C1_S004,G004,OCCUPIED,OCCUPIED,0.7683180439201269
186.0,cctv1,C1_S005,G005,OCCUPIED,OCCUPIED,0.7606454066254876
186.0,cctv1,C1_S006,G006,EMPTY,EMPTY,0.01
186.0,cctv2,C2_S001,G007,OCCUPIED,OCCUPIED,0.79297724948688
186.0,cctv2,C2_S002,G008,OCCUPIED,LEAVING,0.8054455456408588
186.0,cctv2,C2_S003,G009,EMPTY,EMPTY,0.01
186.0,cctv2,C2_S004,G010,OCCUPIED,OCCUPIED,0.7542392592538487
186.0,cctv2,C2_S005,G001,EMPTY,EMPTY,0.01
186.0,cctv2,C2_S006,G003,OCCUPIED,OCCUPIED,0.8216518580913544
186.0,cctv2,C2_S007,G004,OCCUPIED,OCCUPIED,0.7992891249331562
186.0,cctv2,C2_S008,G006,OCCUPIED,OCCUPIED,0.7581326205622066
186.0,cctv2,C2_S009,G005,OCCUPIED,OCCUPIED,0.7780054066668858
186.0,cctv2,C2_S010,G002,EMPTY,EMPTY,0.01
186.0,cctv2,C2_S011,G017,OCCUPIED,OCCUPIED,0.808341759172353
186.0,cctv2,C2_S012,G018,OCCUPIED,OCCUPIED,0.7731919806111943
186.0,cctv2,C2_S013,G019,EMPTY,MANEUVERING,0.1803249248455871
186.0,cctv2,C2_S014,G020,EMPTY,EMPTY,0.01
186.0,cctv3,C3_S001,G021,OCCUPIED,OCCUPIED,0.8154523822394285
186.0,cctv3,C3_S002,G019,EMPTY,EMPTY,0.01
186.0,cctv3,C3_S003,G020,EMPTY,EMPTY,0.01
186.0,cctv3,C3_S004,G024,OCCUPIED,OCCUPIED,0.8303149803118273
186.0,cctv3,C3_S005,G025,OCCUPIED,OCCUPIED,0.830825993960554
186.0,cctv3,C3_S006,G026,OCCUPIED,OCCUPIED,0.8256780074401335
186.0,cctv3,C3_S007,G027,OCCUPIED,OCCUPIED,0.6639057790149342
186.0,cctv3,C3_S008,G028,EMPTY,MANEUVERING,0.15805138241161
186.0,cctv3,C3_S009,G029,EMPTY,MANEUVERING,0.322448181586453
186.0,cctv3,C3_S010,G007,OCCUPIED,OCCUPIED,0.51
186.0,cctv3,C3_S011,G008,OCCUPIED,OCCUPIED,0.7950103822079573
186.0,cctv3,C3_S012,G009,OCCUPIED,OCCUPIED,0.8276231299747121
187.0,cctv1,C1_S001,G001,OCCUPIED,OCCUPIED,0.7197683822363615
187.0,cctv1,C1_S002,G002,EMPTY,EMPTY,0.01
187.0,cctv1,C1_S003,G003,OCCUPIED,LEAVING,0.8159187316217207
187.0,cctv1,C1_S004,G004,OCCUPIED,OCCUPIED,0.7702808178283952
187.0,cctv1,C1_S005,G005,OCCUPIED,OCCUPIED,0.7626493573188783
187.0,cctv1,C1_S006,G006,EMPTY,EMPTY,0.01
187.0,cctv2,C2_S001,G007,OCCUPIED,OCCUPIED,0.7901101273569194
187.0,cctv2,C2_S002,G008,OCCUPIED,LEAVING,0.8085190320556814
187.0,cctv2,C2_S003,G009,EMPTY,MANEUVERING,0.227125759978186
187.0,cctv2,C2_S004,G010,OCCUPIED,OCCUPIED,0.7560605129057711
187.0,cctv2,C2_S005,G001,EMPTY,EMPTY,0.01
187.0,cctv2,C2_S006,G003,OCCUPIED,OCCUPIED,0.8217564715580508
187.0,cctv2,C2_S007,G004,OCCUPIED,OCCUPIED,0.798428270762617
187.0,cctv2,C2_S008,G006,OCCUPIED,OCCUPIED,0.7564757017926736
187.0,cctv2,C2_S009,G005,OCCUPIED,OCCUPIED,0.7767394653775476
187.0,cctv2,C2_S010,G002,EMPTY,EMPTY,0.01
187.0,cctv2,C2_S011,G017,OCCUPIED,OCCUPIED,0.8074607526714153
187.0,cctv2,C2_S012,G018,OCCUPIED,OCCUPIED,0.7715796889229255
187.0,cctv2,C2_S013,G019,EMPTY,MANEUVERING,0.1803249248455871
187.0,cctv2,C2_S014,G020,EMPTY,EMPTY,0.01
187.0,cctv3,C3_S001,G021,OCCUPIED,OCCUPIED,0.8154117329554125
187.0,cctv3,C3_S002,G019,EMPTY,EMPTY,0.01
187.0,cctv3,C3_S003,G020,EMPTY,EMPTY,0.01
187.0,cctv3,C3_S004,G024,OCCUPIED,OCCUPIED,0.8302657585252415
187.0,cctv3,C3_S005,G025,OCCUPIED,OCCUPIED,0.83063835718415
187.0,cctv3,C3_S006,G026,OCCUPIED,OCCUPIED,0.8258229182525115
187.0,cctv3,C3_S007,G027,OCCUPIED,OCCUPIED,0.6649503653157841
187.0,cctv3,C3_S008,G028,EMPTY,MANEUVERING,0.1520513824116099
187.0,cctv3,C3_S009,G029,EMPTY,MANEUVERING,0.2774481815864529
187.0,cctv3,C3_S010,G007,OCCUPIED,OCCUPIED,0.51
187.0,cctv3,C3_S011,G008,OCCUPIED,OCCUPIED,0.7961046487092972
187.0,cctv3,C3_S012,G009,OCCUPIED,OCCUPIED,0.8278013936497949
188.0,cctv1,C1_S001,G001,OCCUPIED,OCCUPIED,0.7212128645655784
188.0,cctv1,C1_S002,G002,EMPTY,EMPTY,0.01
188.0,cctv1,C1_S003,G003,OCCUPIED,LEAVING,0.8158603919500655
188.0,cctv1,C1_S004,G004,OCCUPIED,OCCUPIED,0.7696689323945479
188.0,cctv1,C1_S005,G005,OCCUPIED,OCCUPIED,0.7643219657919624
188.0,cctv1,C1_S006,G006,EMPTY,EMPTY,0.01
188.0,cctv2,C2_S001,G007,OCCUPIED,OCCUPIED,0.7858662094582212
188.0,cctv2,C2_S002,G008,OCCUPIED,LEAVING,0.8126519942825492
188.0,cctv2,C2_S003,G009,EMPTY,MANEUVERING,0.3175202633372762
188.0,cctv2,C2_S004,G010,OCCUPIED,OCCUPIED,0.7572832320224155
188.0,cctv2,C2_S005,G001,EMPTY,EMPTY,0.01
188.0,cctv2,C2_S006,G003,OCCUPIED,OCCUPIED,0.8207778854803606
188.0,cctv2,C2_S007,G004,OCCUPIED,OCCUPIED,0.796790995110165
188.0,cctv2,C2_S008,G006,OCCUPIED,OCCUPIED,0.7555285024372015
188.0,cctv2,C2_S009,G005,OCCUPIED,OCCUPIED,0.7772855159911243
188.0,cctv2,C2_S010,G002,EMPTY,EMPTY,0.01
188.0,cctv2,C2_S011,G017,OCCUPIED,OCCUPIED,0.8069721988656304
188.0,cctv2,C2_S012,G018,OCCUPIED,OCCUPIED,0.7713590894233098
188.0,cctv2,C2_S013,G019,EMPTY,MANEUVERING,0.1803249248455871
188.0,cctv2,C2_S014,G020,EMPTY,EMPTY,0.01
188.0,cctv3,C3_S001,G021,OCCUPIED,OCCUPIED,0.8150598295710304
188.0,cctv3,C3_S002,G019,EMPTY,EMPTY,0.01
188.0,cctv3,C3_S003,G020,EMPTY,EMPTY,0.01
188.0,cctv3,C3_S004,G024,OCCUPIED,OCCUPIED,0.8304048570719633
188.0,cctv3,C3_S005,G025,OCCUPIED,OCCUPIED,0.8302410862662576
188.0,cctv3,C3_S006,G026,OCCUPIED,OCCUPIED,0.8258890347047286
188.0,cctv3,C3_S007,G027,OCCUPIED,OCCUPIED,0.7109139149297368
188.0,cctv3,C3_S008,G028,EMPTY,MANEUVERING,0.1030513824116099
188.0,cctv3,C3_S009,G029,EMPTY,MANEUVERING,0.2774481815864529
188.0,cctv3,C3_S010,G007,OCCUPIED,OCCUPIED,0.51
188.0,cctv3,C3_S011,G008,OCCUPIED,OCCUPIED,0.7970298937775873
188.0,cctv3,C3_S012,G009,OCCUPIED,OCCUPIED,0.8282803077589382
189.0,cctv1,C1_S001,G001,OCCUPIED,OCCUPIED,0.7249545472589407
189.0,cctv1,C1_S002,G002,EMPTY,EMPTY,0.01
189.0,cctv1,C1_S003,G003,OCCUPIED,LEAVING,0.8157453609461135
189.0,cctv1,C1_S004,G004,OCCUPIED,OCCUPIED,0.7708772943778472
189.0,cctv1,C1_S005,G005,OCCUPIED,OCCUPIED,0.7683736603368413
189.0,cctv1,C1_S006,G006,EMPTY,EMPTY,0.01
189.0,cctv2,C2_S001,G007,OCCUPIED,OCCUPIED,0.7822126591747458
189.0,cctv2,C2_S002,G008,OCCUPIED,LEAVING,0.8153492025353692
189.0,cctv2,C2_S003,G009,EMPTY,MANEUVERING,0.4012002639743414
189.0,cctv2,C2_S004,G010,OCCUPIED,OCCUPIED,0.7620098154653203
189.0,cctv2,C2_S005,G001,EMPTY,EMPTY,0.01
189.0,cctv2,C2_S006,G003,OCCUPIED,OCCUPIED,0.818881364573132
189.0,cctv2,C2_S007,G004,OCCUPIED,OCCUPIED,0.7951822524720973
189.0,cctv2,C2_S008,G006,OCCUPIED,OCCUPIED,0.7544721375812184
189.0,cctv2,C2_S009,G005,OCCUPIED,OCCUPIED,0.7737968736074188
189.0,cctv2,C2_S010,G002,EMPTY,EMPTY,0.01
189.0,cctv2,C2_S011,G017,OCCUPIED,OCCUPIED,0.8044226811690764
189.0,cctv2,C2_S012,G018,OCCUPIED,OCCUPIED,0.7703731219876897
189.0,cctv2,C2_S013,G019,EMPTY,MANEUVERING,0.1803249248455871
189.0,cctv2,C2_S014,G020,EMPTY,EMPTY,0.01
189.0,cctv3,C3_S001,G021,OCCUPIED,OCCUPIED,0.8152327515862205
189.0,cctv3,C3_S002,G019,EMPTY,EMPTY,0.01
189.0,cctv3,C3_S003,G020,EMPTY,EMPTY,0.01
189.0,cctv3,C3_S004,G024,OCCUPIED,OCCUPIED,0.8305999195033854
189.0,cctv3,C3_S005,G025,OCCUPIED,OCCUPIED,0.8299317836761475
189.0,cctv3,C3_S006,G026,OCCUPIED,OCCUPIED,0.8256289026953958
189.0,cctv3,C3_S007,G027,OCCUPIED,OCCUPIED,0.7131387876380574
189.0,cctv3,C3_S008,G028,EMPTY,MANEUVERING,0.1001942395544671
189.0,cctv3,C3_S009,G029,EMPTY,MANEUVERING,0.232448181586453
189.0,cctv3,C3_S010,G007,OCCUPIED,OCCUPIED,0.5501024304323898
189.0,cctv3,C3_S011,G008,OCCUPIED,OCCUPIED,0.7989586767825214
189.0,cctv3,C3_S012,G009,OCCUPIED,OCCUPIED,0.8283734112977982
190.0,cctv1,C1_S001,G001,OCCUPIED,OCCUPIED,0.7259618831629103
190.0,cctv1,C1_S002,G002,EMPTY,EMPTY,0.01
190.0,cctv1,C1_S003,G003,OCCUPIED,LEAVING,0.815765980631113
190.0,cctv1,C1_S004,G004,OCCUPIED,OCCUPIED,0.7713227328929035
190.0,cctv1,C1_S005,G005,OCCUPIED,OCCUPIED,0.7667668074369431
190.0,cctv1,C1_S006,G006,EMPTY,EMPTY,0.01
190.0,cctv2,C2_S001,G007,OCCUPIED,OCCUPIED,0.7815300889990547
190.0,cctv2,C2_S002,G008,OCCUPIED,LEAVING,0.817938595739278
190.0,cctv2,C2_S003,G009,EMPTY,MANEUVERING,0.4797720809890465
190.0,cctv2,C2_S004,G010,OCCUPIED,OCCUPIED,0.7677763222293421
190.0,cctv2,C2_S005,G001,EMPTY,EMPTY,0.01
190.0,cctv2,C2_S006,G003,OCCUPIED,OCCUPIED,0.8178474323316054
190.0,cctv2,C2_S007,G004,OCCUPIED,OCCUPIED,0.7948613724925302
190.0,cctv2,C2_S008,G006,OCCUPIED,OCCUPIED,0.7541601141745394
190.0,cctv2,C2_S009,G005,OCCUPIED,OCCUPIED,0.7742382376031443
190.0,cctv2,C2_S010,G002,EMPTY,EMPTY,0.01
190.0,cctv2,C2_S011,G017,OCCUPIED,OCCUPIED,0.8030858397483827
190.0,cctv2,C2_S012,G018,OCCUPIED,OCCUPIED,0.7694546966390177
190.0,cctv2,C2_S013,G019,EMPTY,EMPTY,0.01
190.0,cctv2,C2_S014,G020,EMPTY,EMPTY,0.01
190.0,cctv3,C3_S001,G021,OCCUPIED,OCCUPIED,0.8150476043874568
190.0,cctv3,C3_S002,G019,EMPTY,EMPTY,0.01
190.0,cctv3,C3_S003,G020,EMPTY,EMPTY,0.01
190.0,cctv3,C3_S004,G024,OCCUPIED,OCCUPIED,0.8307477262887089
190.0,cctv3,C3_S005,G025,OCCUPIED,OCCUPIED,0.8295059634880586
190.0,cctv3,C3_S006,G026,OCCUPIED,OCCUPIED,0.8254968941211701
190.0,cctv3,C3_S007,G027,OCCUPIED,OCCUPIED,0.6843609527159821
190.0,cctv3,C3_S008,G028,EMPTY,MANEUVERING,0.09805138241161
190.0,cctv3,C3_S009,G029,EMPTY,MANEUVERING,0.1504711082997647
190.0,cctv3,C3_S010,G007,OCCUPIED,OCCUPIED,0.6356486418423327
190.0,cctv3,C3_S011,G008,OCCUPIED,OCCUPIED,0.8002244933085009
190.0,cctv3,C3_S012,G009,OCCUPIED,OCCUPIED,0.8287948245351966
191.0,cctv1,C1_S001,G001,OCCUPIED,LEAVING,0.7351265191354536
191.0,cctv1,C1_S002,G002,EMPTY,EMPTY,0.01
191.0,cctv1,C1_S003,G003,OCCUPIED,LEAVING,0.8160629491237077
191.0,cctv1,C1_S004,G004,OCCUPIED,OCCUPIED,0.7728308679027991
191.0,cctv1,C1_S005,G005,OCCUPIED,OCCUPIED,0.7696956602009861
191.0,cctv1,C1_S006,G006,EMPTY,EMPTY,0.01
191.0,cctv2,C2_S001,G007,OCCUPIED,OCCUPIED,0.775550481135195
191.0,cctv2,C2_S002,G008,OCCUPIED,OCCUPIED,0.8179709342393009
191.0,cctv2,C2_S003,G009,EMPTY,MANEUVERING,0.4347720809890465
191.0,cctv2,C2_S004,G010,OCCUPIED,OCCUPIED,0.7688479407267138
191.0,cctv2,C2_S005,G001,EMPTY,EMPTY,0.01
191.0,cctv2,C2_S006,G003,OCCUPIED,LEAVING,0.8194498774680226
191.0,cctv2,C2_S007,G004,OCCUPIED,OCCUPIED,0.7944404956969349
191.0,cctv2,C2_S008,G006,OCCUPIED,OCCUPIED,0.7539758350361477
191.0,cctv2,C2_S009,G005,OCCUPIED,OCCUPIED,0.773181703280319
191.0,cctv2,C2_S010,G002,EMPTY,EMPTY,0.01
191.0,cctv2,C2_S011,G017,OCCUPIED,OCCUPIED,0.8022718161344529
191.0,cctv2,C2_S012,G018,OCCUPIED,OCCUPIED,0.7695012077689172
191.0,cctv2,C2_S013,G019,EMPTY,EMPTY,0.01
191.0,cctv2,C2_S014,G020,EMPTY,EMPTY,0.01
191.0,cctv3,C3_S001,G021,OCCUPIED,OCCUPIED,0.8148098094896837
191.0,cctv3,C3_S002,G019,EMPTY,EMPTY,0.01
191.0,cctv3,C3_S003,G020,EMPTY,EMPTY,0.01
191.0,cctv3,C3_S004,G024,OCCUPIED,OCCUPIED,0.8307331488891082
191.0,cctv3,C3_S005,G025,OCCUPIED,OCCUPIED,0.829144491932609
191.0,cctv3,C3_S006,G026,OCCUPIED,OCCUPIED,0.8251079534942454
191.0,cctv3,C3_S007,G027,OCCUPIED,OCCUPIED,0.6884916813084575
191.0,cctv3,C3_S008,G028,EMPTY,MANEUVERING,0.0963847157449433
191.0,cctv3,C3_S009,G029,EMPTY,MANEUVERING,0.1504711082997647
191.0,cctv3,C3_S010,G007,OCCUPIED,OCCUPIED,0.6357145705399189
191.0,cctv3,C3_S011,G008,OCCUPIED,OCCUPIED,0.7994530574841934
191.0,cctv3,C3_S012,G009,OCCUPIED,OCCUPIED,0.8285705772313205
192.0,cctv1,C1_S001,G001,OCCUPIED,LEAVING,0.6555420280281793
192.0,cctv1,C1_S002,G002,EMPTY,EMPTY,0.01
192.0,cctv1,C1_S003,G003,OCCUPIED,LEAVING,0.8162278578362683
192.0,cctv1,C1_S004,G004,OCCUPIED,OCCUPIED,0.7731797655875033
192.0,cctv1,C1_S005,G005,OCCUPIED,OCCUPIED,0.7709011058915746
192.0,cctv1,C1_S006,G006,EMPTY,EMPTY,0.01
192.0,cctv2,C2_S001,G007,OCCUPIED,OCCUPIED,0.7739158372987401
192.0,cctv2,C2_S002,G008,OCCUPIED,OCCUPIED,0.8203755346211521
192.0,cctv2,C2_S003,G009,EMPTY,MANEUVERING,0.4697173962945288
192.0,cctv2,C2_S004,G010,OCCUPIED,OCCUPIED,0.7702792397954248
192.0,cctv2,C2_S005,G001,EMPTY,EMPTY,0.01
192.0,cctv2,C2_S006,G003,OCCUPIED,LEAVING,0.8155319499698552
192.0,cctv2,C2_S007,G004,OCCUPIED,OCCUPIED,0.7902570774609393
192.0,cctv2,C2_S008,G006,OCCUPIED,OCCUPIED,0.7558094760233707
192.0,cctv2,C2_S009,G005,OCCUPIED,OCCUPIED,0.7741849246350202
192.0,cctv2,C2_S010,G002,EMPTY,EMPTY,0.01
192.0,cctv2,C2_S011,G017,OCCUPIED,OCCUPIED,0.802769131010229
192.0,cctv2,C2_S012,G018,OCCUPIED,OCCUPIED,0.7700442669066516
192.0,cctv2,C2_S013,G019,EMPTY,EMPTY,0.01
192.0,cctv2,C2_S014,G020,EMPTY,EMPTY,0.01
192.0,cctv3,C3_S001,G021,OCCUPIED,OCCUPIED,0.8145538503473456
192.0,cctv3,C3_S002,G019,EMPTY,EMPTY,0.01
192.0,cctv3,C3_S003,G020,EMPTY,EMPTY,0.01
192.0,cctv3,C3_S004,G024,OCCUPIED,OCCUPIED,0.8307634472846985
192.0,cctv3,C3_S005,G025,OCCUPIED,OCCUPIED,0.8286307749423114
192.0,cctv3,C3_S006,G026,OCCUPIED,OCCUPIED,0.8245782611044972
192.0,cctv3,C3_S007,G027,OCCUPIED,OCCUPIED,0.6885084451619875
192.0,cctv3,C3_S008,G028,EMPTY,MANEUVERING,0.09505138241161
192.0,cctv3,C3_S009,G029,EMPTY,MANEUVERING,0.1504711082997647
192.0,cctv3,C3_S010,G007,OCCUPIED,OCCUPIED,0.6352497297477994
192.0,cctv3,C3_S011,G008,OCCUPIED,OCCUPIED,0.7991692968390205
192.0,cctv3,C3_S012,G009,OCCUPIED,OCCUPIED,0.8279442090879787
193.0,cctv1,C1_S001,G001,OCCUPIED,LEAVING,0.6556605152819645
193.0,cctv1,C1_S002,G002,EMPTY,EMPTY,0.01
193.0,cctv1,C1_S003,G003,OCCUPIED,LEAVING,0.8164468366314065
193.0,cctv1,C1_S004,G004,OCCUPIED,OCCUPIED,0.7732264047319239
193.0,cctv1,C1_S005,G005,OCCUPIED,OCCUPIED,0.7707479159940374
193.0,cctv1,C1_S006,G006,EMPTY,EMPTY,0.01
193.0,cctv2,C2_S001,G007,OCCUPIED,OCCUPIED,0.7756579771637917
193.0,cctv2,C2_S002,G008,OCCUPIED,OCCUPIED,0.8208951053294269
193.0,cctv2,C2_S003,G009,EMPTY,MANEUVERING,0.49
193.0,cctv2,C2_S004,G010,OCCUPIED,OCCUPIED,0.77521768970923
193.0,cctv2,C2_S005,G001,EMPTY,EMPTY,0.01
193.0,cctv2,C2_S006,G003,OCCUPIED,LEAVING,0.811532251265916
193.0,cctv2,C2_S007,G004,OCCUPIED,OCCUPIED,0.7905464032834227
193.0,cctv2,C2_S008,G006,OCCUPIED,OCCUPIED,0.7574791791764173
193.0,cctv2,C2_S009,G005,OCCUPIED,OCCUPIED,0.7756292092529211
193.0,cctv2,C2_S010,G002,EMPTY,EMPTY,0.01
193.0,cctv2,C2_S011,G017,OCCUPIED,OCCUPIED,0.8041416523131458
193.0,cctv2,C2_S012,G018,OCCUPIED,OCCUPIED,0.7692625964229758
193.0,cctv2,C2_S013,G019,EMPTY,EMPTY,0.01
193.0,cctv2,C2_S014,G020,EMPTY,EMPTY,0.01
193.0,cctv3,C3_S001,G021,OCCUPIED,OCCUPIED,0.8115970083258369
193.0,cctv3,C3_S002,G019,EMPTY,EMPTY,0.01
193.0,cctv3,C3_S003,G020,EMPTY,EMPTY,0.01
193.0,cctv3,C3_S004,G024,OCCUPIED,OCCUPIED,0.830534836920825
193.0,cctv3,C3_S005,G025,OCCUPIED,OCCUPIED,0.8285772209817713
193.0,cctv3,C3_S006,G026,OCCUPIED,OCCUPIED,0.8243117901411924
193.0,cctv3,C3_S007,G027,OCCUPIED,OCCUPIED,0.5972421253111326
193.0,cctv3,C3_S008,G028,EMPTY,MANEUVERING,0.1839793761210008
193.0,cctv3,C3_S009,G029,EMPTY,MANEUVERING,0.2437889691344039
193.0,cctv3,C3_S010,G007,OCCUPIED,OCCUPIED,0.5407251261139845
193.0,cctv3,C3_S011,G008,OCCUPIED,OCCUPIED,0.799568325010213
193.0,cctv3,C3_S012,G009,OCCUPIED,OCCUPIED,0.8281425470655616
194.0,cctv1,C1_S001,G001,OCCUPIED,LEAVING,0.6559772720966827
194.0,cctv1,C1_S002,G002,EMPTY,EMPTY,0.01
194.0,cctv1,C1_S003,G003,OCCUPIED,LEAVING,0.8166426882825115
194.0,cctv1,C1_S004,G004,OCCUPIED,OCCUPIED,0.7717728705568747
194.0,cctv1,C1_S005,G005,OCCUPIED,OCCUPIED,0.7691422103480859
194.0,cctv1,C1_S006,G006,EMPTY,EMPTY,0.01
194.0,cctv2,C2_S001,G007,OCCUPIED,OCCUPIED,0.7715028237212789
194.0,cctv2,C2_S002,G008,OCCUPIED,OCCUPIED,0.8197270122441379
194.0,cctv2,C2_S003,G009,EMPTY,MANEUVERING,0.49
194.0,cctv2,C2_S004,G010,OCCUPIED,OCCUPIED,0.7781717032194139
194.0,cctv2,C2_S005,G001,EMPTY,EMPTY,0.01
194.0,cctv2,C2_S006,G003,OCCUPIED,LEAVING,0.8113389802249996
194.0,cctv2,C2_S007,G004,OCCUPIED,OCCUPIED,0.7889581697908316
194.0,cctv2,C2_S008,G006,OCCUPIED,OCCUPIED,0.759744480252266
194.0,cctv2,C2_S009,G005,OCCUPIED,OCCUPIED,0.7757008242336187
194.0,cctv2,C2_S010,G002,EMPTY,EMPTY,0.01
194.0,cctv2,C2_S011,G017,OCCUPIED,OCCUPIED,0.8037070182236759
194.0,cctv2,C2_S012,G018,OCCUPIED,OCCUPIED,0.7683072561567481
194.0,cctv2,C2_S013,G019,EMPTY,EMPTY,0.01
194.0,cctv2,C2_S014,G020,EMPTY,EMPTY,0.01
194.0,cctv3,C3_S001,G021,OCCUPIED,OCCUPIED,0.8098545128648932
194.0,cctv3,C3_S002,G019,EMPTY,EMPTY,0.01
194.0,cctv3,C3_S003,G020,EMPTY,EMPTY,0.01
194.0,cctv3,C3_S004,G024,OCCUPIED,OCCUPIED,0.8292710117318414
194.0,cctv3,C3_S005,G025,OCCUPIED,OCCUPIED,0.8271108475598423
194.0,cctv3,C3_S006,G026,OCCUPIED,OCCUPIED,0.8239748169075359
194.0,cctv3,C3_S007,G027,OCCUPIED,OCCUPIED,0.60824856153266
194.0,cctv3,C3_S008,G028,EMPTY,MANEUVERING,0.1839793761210008
194.0,cctv3,C3_S009,G029,EMPTY,MANEUVERING,0.2974281352843073
194.0,cctv3,C3_S010,G007,OCCUPIED,OCCUPIED,0.51
194.0,cctv3,C3_S011,G008,OCCUPIED,OCCUPIED,0.8003436549143358
194.0,cctv3,C3_S012,G009,OCCUPIED,OCCUPIED,0.8281265123323962
195.0,cctv1,C1_S001,G001,OCCUPIED,LEAVING,0.6560610099915754
195.0,cctv1,C1_S002,G002,EMPTY,EMPTY,0.01
195.0,cctv1,C1_S003,G003,OCCUPIED,LEAVING,0.8167891840365801
195.0,cctv1,C1_S004,G004,OCCUPIED,OCCUPIED,0.7713659473440865
195.0,cctv1,C1_S005,G005,OCCUPIED,OCCUPIED,0.7714182341640646
195.0,cctv1,C1_S006,G006,EMPTY,EMPTY,0.01
195.0,cctv2,C2_S001,G007,OCCUPIED,OCCUPIED,0.7682821559635076
195.0,cctv2,C2_S002,G008,OCCUPIED,OCCUPIED,0.8187128503214229
195.0,cctv2,C2_S003,G009,EMPTY,MANEUVERING,0.49
195.0,cctv2,C2_S004,G010,OCCUPIED,OCCUPIED,0.7008243440498005
195.0,cctv2,C2_S005,G001,EMPTY,EMPTY,0.01
195.0,cctv2,C2_S006,G003,OCCUPIED,LEAVING,0.8115768612785773
195.0,cctv2,C2_S007,G004,OCCUPIED,OCCUPIED,0.7888037257573822
195.0,cctv2,C2_S008,G006,OCCUPIED,OCCUPIED,0.7591354196721858
195.0,cctv2,C2_S009,G005,OCCUPIED,OCCUPIED,0.7756711785088887
195.0,cctv2,C2_S010,G002,EMPTY,EMPTY,0.01
195.0,cctv2,C2_S011,G017,OCCUPIED,OCCUPIED,0.8031089449470694
195.0,cctv2,C2_S012,G018,OCCUPIED,OCCUPIED,0.7690887210043995
195.0,cctv2,C2_S013,G019,EMPTY,EMPTY,0.01
195.0,cctv2,C2_S014,G020,EMPTY,EMPTY,0.01
195.0,cctv3,C3_S001,G021,OCCUPIED,OCCUPIED,0.8097643500024623
195.0,cctv3,C3_S002,G019,EMPTY,EMPTY,0.01
195.0,cctv3,C3_S003,G020,EMPTY,EMPTY,0.01
195.0,cctv3,C3_S004,G024,OCCUPIED,OCCUPIED,0.8281183730472219
195.0,cctv3,C3_S005,G025,OCCUPIED,OCCUPIED,0.820968133346601
195.0,cctv3,C3_S006,G026,OCCUPIED,OCCUPIED,0.8207566488872875
195.0,cctv3,C3_S007,G027,OCCUPIED,OCCUPIED,0.56324856153266
195.0,cctv3,C3_S008,G028,EMPTY,MANEUVERING,0.2231433776901527
195.0,cctv3,C3_S009,G029,EMPTY,MANEUVERING,0.3898874043266881
195.0,cctv3,C3_S010,G007,OCCUPIED,OCCUPIED,0.51
195.0,cctv3,C3_S011,G008,OCCUPIED,OCCUPIED,0.799909083409743
195.0,cctv3,C3_S012,G009,OCCUPIED,OCCUPIED,0.8279828767884863
196.0,cctv1,C1_S001,G001,OCCUPIED,LEAVING,0.7017426560853016
196.0,cctv1,C1_S002,G002,EMPTY,EMPTY,0.01
196.0,cctv1,C1_S003,G003,OCCUPIED,LEAVING,0.8263906650922516
196.0,cctv1,C1_S004,G004,OCCUPIED,OCCUPIED,0.7706630358641798
196.0,cctv1,C1_S005,G005,OCCUPIED,OCCUPIED,0.7737356964837422
196.0,cctv1,C1_S006,G006,EMPTY,EMPTY,0.01
196.0,cctv2,C2_S001,G007,OCCUPIED,OCCUPIED,0.7669789908961817
196.0,cctv2,C2_S002,G008,OCCUPIED,OCCUPIED,0.8215985138307919
196.0,cctv2,C2_S003,G009,EMPTY,MANEUVERING,0.49
196.0,cctv2,C2_S004,G010,OCCUPIED,OCCUPIED,0.7060553503442895
196.0,cctv2,C2_S005,G001,EMPTY,EMPTY,0.01
196.0,cctv2,C2_S006,G003,OCCUPIED,LEAVING,0.8116259229454128
196.0,cctv2,C2_S007,G004,OCCUPIED,OCCUPIED,0.7886421381072565
196.0,cctv2,C2_S008,G006,OCCUPIED,OCCUPIED,0.7564727499403737
196.0,cctv2,C2_S009,G005,OCCUPIED,OCCUPIED,0.7741634303873236
196.0,cctv2,C2_S010,G002,EMPTY,EMPTY,0.01
196.0,cctv2,C2_S011,G017,OCCUPIED,OCCUPIED,0.8021992713212968
196.0,cctv2,C2_S012,G018,OCCUPIED,OCCUPIED,0.7692699074745178
196.0,cctv2,C2_S013,G019,EMPTY,MANEUVERING,0.238266286064278
196.0,cctv2,C2_S014,G020,EMPTY,EMPTY,0.01
196.0,cctv3,C3_S001,G021,OCCUPIED,OCCUPIED,0.811226134408604
196.0,cctv3,C3_S002,G019,EMPTY,EMPTY,0.01
196.0,cctv3,C3_S003,G020,EMPTY,EMPTY,0.01
196.0,cctv3,C3_S004,G024,OCCUPIED,OCCUPIED,0.827248994328759
196.0,cctv3,C3_S005,G025,OCCUPIED,OCCUPIED,0.8167691920291295
196.0,cctv3,C3_S006,G026,OCCUPIED,OCCUPIED,0.8151227298108015
196.0,cctv3,C3_S007,G027,OCCUPIED,OCCUPIED,0.51
196.0,cctv3,C3_S008,G028,EMPTY,MANEUVERING,0.3180172348970716
196.0,cctv3,C3_S009,G029,EMPTY,MANEUVERING,0.3529429643787444
196.0,cctv3,C3_S010,G007,OCCUPIED,OCCUPIED,0.51
196.0,cctv3,C3_S011,G008,OCCUPIED,OCCUPIED,0.8017944926565345
196.0,cctv3,C3_S012,G009,OCCUPIED,OCCUPIED,0.827707574042407
197.0,cctv1,C1_S001,G001,OCCUPIED,LEAVING,0.7002941884506833
197.0,cctv1,C1_S002,G002,EMPTY,EMPTY,0.01
197.0,cctv1,C1_S003,G003,OCCUPIED,LEAVING,0.8322219016877088
197.0,cctv1,C1_S004,G004,OCCUPIED,OCCUPIED,0.7702486455440521
197.0,cctv1,C1_S005,G005,OCCUPIED,OCCUPIED,0.7746266096830369
197.0,cctv1,C1_S006,G006,EMPTY,EMPTY,0.01
197.0,cctv2,C2_S001,G007,OCCUPIED,OCCUPIED,0.7735062859275125
197.0,cctv2,C2_S002,G008,OCCUPIED,OCCUPIED,0.8205797238783403
197.0,cctv2,C2_S003,G009,EMPTY,MANEUVERING,0.49
197.0,cctv2,C2_S004,G010,OCCUPIED,OCCUPIED,0.7053426409174095
197.0,cctv2,C2_S005,G001,EMPTY,EMPTY,0.01
197.0,cctv2,C2_S006,G003,OCCUPIED,LEAVING,0.8111971198157831
197.0,cctv2,C2_S007,G004,OCCUPIED,OCCUPIED,0.7881204809654844
197.0,cctv2,C2_S008,G006,OCCUPIED,OCCUPIED,0.756403440440243
197.0,cctv2,C2_S009,G005,OCCUPIED,OCCUPIED,0.7734272920272568
197.0,cctv2,C2_S010,G002,EMPTY,EMPTY,0.01
197.0,cctv2,C2_S011,G017,OCCUPIED,OCCUPIED,0.8022086712447081
197.0,cctv2,C2_S012,G018,OCCUPIED,OCCUPIED,0.7703820988535882
197.0,cctv2,C2_S013,G019,EMPTY,MANEUVERING,0.238266286064278
197.0,cctv2,C2_S014,G020,EMPTY,EMPTY,0.01
197.0,cctv3,C3_S001,G021,OCCUPIED,OCCUPIED,0.8117305360057138
197.0,cctv3,C3_S002,G019,EMPTY,EMPTY,0.01
197.0,cctv3,C3_S003,G020,EMPTY,EMPTY,0.01
197.0,cctv3,C3_S004,G024,OCCUPIED,OCCUPIED,0.8268512519923124
197.0,cctv3,C3_S005,G025,OCCUPIED,OCCUPIED,0.8155748197978194
197.0,cctv3,C3_S006,G026,OCCUPIED,LEAVING,0.808298960057172
197.0,cctv3,C3_S007,G027,OCCUPIED,OCCUPIED,0.51
197.0,cctv3,C3_S008,G028,EMPTY,MANEUVERING,0.3673483841764656
197.0,cctv3,C3_S009,G029,EMPTY,MANEUVERING,0.3503292558132247
197.0,cctv3,C3_S010,G007,OCCUPIED,OCCUPIED,0.51
197.0,cctv3,C3_S011,G008,OCCUPIED,OCCUPIED,0.8021799163384872
197.0,cctv3,C3_S012,G009,OCCUPIED,OCCUPIED,0.8274987120519985
198.0,cctv1,C1_S001,G001,OCCUPIED,LEAVING,0.6999129839647901
198.0,cctv1,C1_S002,G002,EMPTY,EMPTY,0.01
198.0,cctv1,C1_S003,G003,OCCUPIED,LEAVING,0.8380032739856027
198.0,cctv1,C1_S004,G004,OCCUPIED,OCCUPIED,0.7692523162473333
198.0,cctv1,C1_S005,G005,OCCUPIED,OCCUPIED,0.7747408681295136
198.0,cctv1,C1_S006,G006,EMPTY,EMPTY,0.01
198.0,cctv2,C2_S001,G007,OCCUPIED,OCCUPIED,0.7740965742956509
198.0,cctv2,C2_S002,G008,OCCUPIED,OCCUPIED,0.818420340798118
198.0,cctv2,C2_S003,G009,EMPTY,MANEUVERING,0.49
198.0,cctv2,C2_S004,G010,OCCUPIED,OCCUPIED,0.7016382907737385
198.0,cctv2,C2_S005,G001,EMPTY,EMPTY,0.01
198.0,cctv2,C2_S006,G003,OCCUPIED,LEAVING,0.8111506143754179
198.0,cctv2,C2_S007,G004,OCCUPIED,OCCUPIED,0.7876322181387382
198.0,cctv2,C2_S008,G006,OCCUPIED,OCCUPIED,0.7597538421777162
198.0,cctv2,C2_S009,G005,OCCUPIED,OCCUPIED,0.7733219685879621
198.0,cctv2,C2_S010,G002,EMPTY,EMPTY,0.01
198.0,cctv2,C2_S011,G017,OCCUPIED,OCCUPIED,0.8013892035592687
198.0,cctv2,C2_S012,G018,OCCUPIED,OCCUPIED,0.7715603485703469
198.0,cctv2,C2_S013,G019,EMPTY,MANEUVERING,0.3155495113811709
198.0,cctv2,C2_S014,G020,EMPTY,EMPTY,0.01
198.0,cctv3,C3_S001,G021,OCCUPIED,OCCUPIED,0.8114297156984156
198.0,cctv3,C3_S002,G019,EMPTY,EMPTY,0.01
198.0,cctv3,C3_S003,G020,EMPTY,EMPTY,0.01
198.0,cctv3,C3_S004,G024,OCCUPIED,OCCUPIED,0.8268880917267367
198.0,cctv3,C3_S005,G025,OCCUPIED,OCCUPIED,0.8154510480436412
198.0,cctv3,C3_S006,G026,OCCUPIED,LEAVING,0.806082148443569
198.0,cctv3,C3_S007,G027,OCCUPIED,OCCUPIED,0.51
198.0,cctv3,C3_S008,G028,EMPTY,MANEUVERING,0.4620033266733993
198.0,cctv3,C3_S009,G029,EMPTY,MANEUVERING,0.3053292558132247
198.0,cctv3,C3_S010,G007,OCCUPIED,OCCUPIED,0.51
198.0,cctv3,C3_S011,G008,OCCUPIED,OCCUPIED,0.8025872439146042
198.0,cctv3,C3_S012,G009,OCCUPIED,OCCUPIED,0.8273688833821904
199.0,cctv1,C1_S001,G001,OCCUPIED,LEAVING,0.6993476970155131
199.0,cctv1,C1_S002,G002,EMPTY,EMPTY,0.01
199.0,cctv1,C1_S003,G003,OCCUPIED,OCCUPIED,0.8384547100825743
199.0,cctv1,C1_S004,G004,OCCUPIED,OCCUPIED,0.7690450331026858
199.0,cctv1,C1_S005,G005,OCCUPIED,OCCUPIED,0.77370141541416
199.0,cctv1,C1_S006,G006,EMPTY,EMPTY,0.01
199.0,cctv2,C2_S001,G007,OCCUPIED,OCCUPIED,0.7787155032157899
199.0,cctv2,C2_S002,G008,OCCUPIED,LEAVING,0.8146917378360575
199.0,cctv2,C2_S003,G009,EMPTY,MANEUVERING,0.4526815579541318
199.0,cctv2,C2_S004,G010,OCCUPIED,OCCUPIED,0.7434628633071076
199.0,cctv2,C2_S005,G001,EMPTY,EMPTY,0.01
199.0,cctv2,C2_S006,G003,OCCUPIED,LEAVING,0.8119232141158799
199.0,cctv2,C2_S007,G004,OCCUPIED,OCCUPIED,0.7877357197078793
199.0,cctv2,C2_S008,G006,OCCUPIED,OCCUPIED,0.7620909329842438
199.0,cctv2,C2_S009,G005,OCCUPIED,OCCUPIED,0.7741171834143726
199.0,cctv2,C2_S010,G002,EMPTY,EMPTY,0.01
199.0,cctv2,C2_S011,G017,OCCUPIED,OCCUPIED,0.8022964404387908
199.0,cctv2,C2_S012,G018,OCCUPIED,OCCUPIED,0.7718304547396574
199.0,cctv2,C2_S013,G019,EMPTY,MANEUVERING,0.3971689902516928
199.0,cctv2,C2_S014,G020,EMPTY,EMPTY,0.01
199.0,cctv3,C3_S001,G021,OCCUPIED,OCCUPIED,0.810543887723576
199.0,cctv3,C3_S002,G019,EMPTY,EMPTY,0.01
199.0,cctv3,C3_S003,G020,EMPTY,EMPTY,0.01
199.0,cctv3,C3_S004,G024,OCCUPIED,OCCUPIED,0.8266261772675948
199.0,cctv3,C3_S005,G025,OCCUPIED,OCCUPIED,0.8158267718824475
199.0,cctv3,C3_S006,G026,OCCUPIED,LEAVING,0.803013158386404
199.0,cctv3,C3_S007,G027,OCCUPIED,OCCUPIED,0.51
199.0,cctv3,C3_S008,G028,EMPTY,MANEUVERING,0.4170033266733993
199.0,cctv3,C3_S009,G029,EMPTY,MANEUVERING,0.3589280128185496
199.0,cctv3,C3_S010,G007,OCCUPIED,OCCUPIED,0.51
199.0,cctv3,C3_S011,G008,OCCUPIED,OCCUPIED,0.8041834078051828
199.0,cctv3,C3_S012,G009,OCCUPIED,OCCUPIED,0.8271911715919322
200.0,cctv1,C1_S001,G001,OCCUPIED,LEAVING,0.6953244018216025
200.0,cctv1,C1_S002,G002,EMPTY,EMPTY,0.01
200.0,cctv1,C1_S003,G003,OCCUPIED,OCCUPIED,0.8385608101432974
200.0,cctv1,C1_S004,G004,OCCUPIED,OCCUPIED,0.7691627073017034
200.0,cctv1,C1_S005,G005,OCCUPIED,OCCUPIED,0.7713754431767897
200.0,cctv1,C1_S006,G006,EMPTY,EMPTY,0.01
200.0,cctv2,C2_S001,G007,OCCUPIED,OCCUPIED,0.7837844608859583
200.0,cctv2,C2_S002,G008,OCCUPIED,LEAVING,0.8111852282827552
200.0,cctv2,C2_S003,G009,EMPTY,MANEUVERING,0.4506998841387111
200.0,cctv2,C2_S004,G010,OCCUPIED,OCCUPIED,0.7404806143451821
200.0,cctv2,C2_S005,G001,EMPTY,EMPTY,0.01
200.0,cctv2,C2_S006,G003,OCCUPIED,LEAVING,0.8131694301962853
200.0,cctv2,C2_S007,G004,OCCUPIED,OCCUPIED,0.789300552958792
200.0,cctv2,C2_S008,G006,OCCUPIED,OCCUPIED,0.7626599250191992
200.0,cctv2,C2_S009,G005,OCCUPIED,OCCUPIED,0.7762864605946975
200.0,cctv2,C2_S010,G002,EMPTY,EMPTY,0.01
200.0,cctv2,C2_S011,G017,OCCUPIED,OCCUPIED,0.8047932250933214
200.0,cctv2,C2_S012,G018,OCCUPIED,OCCUPIED,0.7721268607811494
200.0,cctv2,C2_S013,G019,EMPTY,MANEUVERING,0.4313689724220471
200.0,cctv2,C2_S014,G020,EMPTY,EMPTY,0.01
200.0,cctv3,C3_S001,G021,OCCUPIED,OCCUPIED,0.8107790808786046
200.0,cctv3,C3_S002,G019,EMPTY,EMPTY,0.01
200.0,cctv3,C3_S003,G020,EMPTY,EMPTY,0.01
200.0,cctv3,C3_S004,G024,OCCUPIED,OCCUPIED,0.8263917554508556
200.0,cctv3,C3_S005,G025,OCCUPIED,OCCUPIED,0.8160332865335725
200.0,cctv3,C3_S006,G026,OCCUPIED,LEAVING,0.7989885752851313
200.0,cctv3,C3_S007,G027,OCCUPIED,OCCUPIED,0.51
200.0,cctv3,C3_S008,G028,EMPTY,MANEUVERING,0.3720033266733993
200.0,cctv3,C3_S009,G029,EMPTY,MANEUVERING,0.4551534199883991
200.0,cctv3,C3_S010,G007,OCCUPIED,OCCUPIED,0.51
200.0,cctv3,C3_S011,G008,OCCUPIED,OCCUPIED,0.8057668060064317
200.0,cctv3,C3_S012,G009,OCCUPIED,OCCUPIED,0.827305393056436
201.0,cctv1,C1_S001,G001,OCCUPIED,LEAVING,0.6933071620982479
201.0,cctv1,C1_S002,G002,EMPTY,EMPTY,0.01
201.0,cctv1,C1_S003,G003,OCCUPIED,OCCUPIED,0.83837752179666
201.0,cctv1,C1_S004,G004,OCCUPIED,OCCUPIED,0.7696918669072065
201.0,cctv1,C1_S005,G005,OCCUPIED,OCCUPIED,0.7717051748525013
201.0,cctv1,C1_S006,G006,EMPTY,EMPTY,0.01
201.0,cctv2,C2_S001,G007,OCCUPIED,OCCUPIED,0.7871641344644807
201.0,cctv2,C2_S002,G008,OCCUPIED,LEAVING,0.8075479756702078
201.0,cctv2,C2_S003,G009,EMPTY,MANEUVERING,0.4152049731259996
201.0,cctv2,C2_S004,G010,OCCUPIED,OCCUPIED,0.736484880190004
201.0,cctv2,C2_S005,G001,EMPTY,EMPTY,0.01
201.0,cctv2,C2_S006,G003,OCCUPIED,LEAVING,0.8141465321183206
201.0,cctv2,C2_S007,G004,OCCUPIED,OCCUPIED,0.788022993234071
201.0,cctv2,C2_S008,G006,OCCUPIED,OCCUPIED,0.7612626826898619
201.0,cctv2,C2_S009,G005,OCCUPIED,OCCUPIED,0.7741956274617803
201.0,cctv2,C2_S010,G002,EMPTY,EMPTY,0.01
201.0,cctv2,C2_S011,G017,OCCUPIED,OCCUPIED,0.8052989718588917
201.0,cctv2,C2_S012,G018,OCCUPIED,OCCUPIED,0.7743676253340461
201.0,cctv2,C2_S013,G019,EMPTY,MANEUVERING,0.49
201.0,cctv2,C2_S014,G020,EMPTY,EMPTY,0.01
201.0,cctv3,C3_S001,G021,OCCUPIED,OCCUPIED,0.8109840739857067
201.0,cctv3,C3_S002,G019,EMPTY,EMPTY,0.01
201.0,cctv3,C3_S003,G020,EMPTY,EMPTY,0.01
201.0,cctv3,C3_S004,G024,OCCUPIED,OCCUPIED,0.8260905726389451
201.0,cctv3,C3_S005,G025,OCCUPIED,OCCUPIED,0.8157220373099501
201.0,cctv3,C3_S006,G026,OCCUPIED,OCCUPIED,0.7961004189469598
201.0,cctv3,C3_S007,G027,OCCUPIED,OCCUPIED,0.51
201.0,cctv3,C3_S008,G028,EMPTY,MANEUVERING,0.4067062823406674
201.0,cctv3,C3_S009,G029,EMPTY,MANEUVERING,0.4101534199883992
201.0,cctv3,C3_S010,G007,OCCUPIED,OCCUPIED,0.51
201.0,cctv3,C3_S011,G008,OCCUPIED,OCCUPIED,0.8067311194810001
201.0,cctv3,C3_S012,G009,OCCUPIED,OCCUPIED,0.8271470655094494
202.0,cctv1,C1_S001,G001,OCCUPIED,LEAVING,0.6832540956359696
202.0,cctv1,C1_S002,G002,EMPTY,EMPTY,0.01
202.0,cctv1,C1_S003,G003,OCCUPIED,OCCUPIED,0.8382530648599972
202.0,cctv1,C1_S004,G004,OCCUPIED,OCCUPIED,0.7698053918101572
202.0,cctv1,C1_S005,G005,OCCUPIED,OCCUPIED,0.76964432800358
202.0,cctv1,C1_S006,G006,EMPTY,EMPTY,0.01
202.0,cctv2,C2_S001,G007,OCCUPIED,OCCUPIED,0.7944324397227982
202.0,cctv2,C2_S002,G008,OCCUPIED,LEAVING,0.807581632516601
202.0,cctv2,C2_S003,G009,EMPTY,MANEUVERING,0.4152049731259996
202.0,cctv2,C2_S004,G010,OCCUPIED,OCCUPIED,0.7370759652961385
202.0,cctv2,C2_S005,G001,EMPTY,EMPTY,0.01
202.0,cctv2,C2_S006,G003,OCCUPIED,OCCUPIED,0.8126787850802596
202.0,cctv2,C2_S007,G004,OCCUPIED,OCCUPIED,0.7880617893554949
202.0,cctv2,C2_S008,G006,OCCUPIED,OCCUPIED,0.7606519534506582
202.0,cctv2,C2_S009,G005,OCCUPIED,OCCUPIED,0.7725897100838749
202.0,cctv2,C2_S010,G002,EMPTY,EMPTY,0.01
202.0,cctv2,C2_S011,G017,OCCUPIED,OCCUPIED,0.8052736379883507
202.0,cctv2,C2_S012,G018,OCCUPIED,OCCUPIED,0.7744077381762592
202.0,cctv2,C2_S013,G019,EMPTY,MANEUVERING,0.4677311525697058
202.0,cctv2,C2_S014,G020,EMPTY,EMPTY,0.01
202.0,cctv3,C3_S001,G021,OCCUPIED,OCCUPIED,0.8113792722875423
202.0,cctv3,C3_S002,G019,EMPTY,EMPTY,0.01
202.0,cctv3,C3_S003,G020,EMPTY,EMPTY,0.01
202.0,cctv3,C3_S004,G024,OCCUPIED,OCCUPIED,0.8260159235108984
202.0,cctv3,C3_S005,G025,OCCUPIED,OCCUPIED,0.8158433812585745
202.0,cctv3,C3_S006,G026,OCCUPIED,OCCUPIED,0.7933775175701488
202.0,cctv3,C3_S007,G027,OCCUPIED,OCCUPIED,0.51
202.0,cctv3,C3_S008,G028,EMPTY,MANEUVERING,0.3671608277952129
202.0,cctv3,C3_S009,G029,EMPTY,MANEUVERING,0.49
202.0,cctv3,C3_S010,G007,EMPTY,EMPTY,0.0870697748751351
202.0,cctv3,C3_S011,G008,OCCUPIED,OCCUPIED,0.8097470050508326
202.0,cctv3,C3_S012,G009,OCCUPIED,OCCUPIED,0.8272990118373524
203.0,cctv1,C1_S001,G001,OCCUPIED,LEAVING,0.718695416182957
203.0,cctv1,C1_S002,G002,EMPTY,EMPTY,0.01
203.0,cctv1,C1_S003,G003,OCCUPIED,OCCUPIED,0.8383646447550167
203.0,cctv1,C1_S004,G004,OCCUPIED,OCCUPIED,0.7694900583137166
203.0,cctv1,C1_S005,G005,OCCUPIED,OCCUPIED,0.7708387071436102
203.0,cctv1,C1_S006,G006,EMPTY,EMPTY,0.01
203.0,cctv2,C2_S001,G007,OCCUPIED,OCCUPIED,0.7971564188599587
203.0,cctv2,C2_S002,G008,OCCUPIED,LEAVING,0.8055954916910693
203.0,cctv2,C2_S003,G009,EMPTY,MANEUVERING,0.3798007817024534
203.0,cctv2,C2_S004,G010,OCCUPIED,OCCUPIED,0.7308137361366641
203.0,cctv2,C2_S005,G001,EMPTY,EMPTY,0.01
203.0,cctv2,C2_S006,G003,OCCUPIED,OCCUPIED,0.8169089371507818
203.0,cctv2,C2_S007,G004,OCCUPIED,OCCUPIED,0.7912736025723545
203.0,cctv2,C2_S008,G006,OCCUPIED,OCCUPIED,0.7582966008646922
203.0,cctv2,C2_S009,G005,OCCUPIED,OCCUPIED,0.7710779061371631
203.0,cctv2,C2_S010,G002,EMPTY,EMPTY,0.01
203.0,cctv2,C2_S011,G017,OCCUPIED,OCCUPIED,0.8041371226310731
203.0,cctv2,C2_S012,G018,OCCUPIED,OCCUPIED,0.7736132325096564
203.0,cctv2,C2_S013,G019,EMPTY,MANEUVERING,0.4227311525697058
203.0,cctv2,C2_S014,G020,EMPTY,EMPTY,0.01
203.0,cctv3,C3_S001,G021,OCCUPIED,OCCUPIED,0.8116291363130916
203.0,cctv3,C3_S002,G019,EMPTY,EMPTY,0.01
203.0,cctv3,C3_S003,G020,EMPTY,EMPTY,0.01
203.0,cctv3,C3_S004,G024,OCCUPIED,OCCUPIED,0.8259430739012632
203.0,cctv3,C3_S005,G025,OCCUPIED,OCCUPIED,0.8159967572851615
203.0,cctv3,C3_S006,G026,OCCUPIED,LEAVING,0.7915314547040246
203.0,cctv3,C3_S007,G027,OCCUPIED,OCCUPIED,0.51
203.0,cctv3,C3_S008,G028,EMPTY,MANEUVERING,0.4575626422515164
203.0,cctv3,C3_S009,G029,EMPTY,MANEUVERING,0.49
203.0,cctv3,C3_S010,G007,EMPTY,EMPTY,0.01
203.0,cctv3,C3_S011,G008,OCCUPIED,OCCUPIED,0.813020820780234
203.0,cctv3,C3_S012,G009,OCCUPIED,OCCUPIED,0.8281917087056421
204.0,cctv1,C1_S001,G001,OCCUPIED,LEAVING,0.7178563137115404
204.0,cctv1,C1_S002,G002,EMPTY,EMPTY,0.01
204.0,cctv1,C1_S003,G003,OCCUPIED,OCCUPIED,0.8380301228978417
204.0,cctv1,C1_S004,G004,OCCUPIED,OCCUPIED,0.7700134682384405
204.0,cctv1,C1_S005,G005,OCCUPIED,OCCUPIED,0.7735430882735687
204.0,cctv1,C1_S006,G006,EMPTY,EMPTY,0.01
204.0,cctv2,C2_S001,G007,OCCUPIED,OCCUPIED,0.7989449751648037
204.0,cctv2,C2_S002,G008,OCCUPIED,LEAVING,0.8021666938608344
204.0,cctv2,C2_S003,G009,EMPTY,MANEUVERING,0.2979116443781691
204.0,cctv2,C2_S004,G010,OCCUPIED,OCCUPIED,0.7245736383308065
204.0,cctv2,C2_S005,G001,EMPTY,EMPTY,0.01
204.0,cctv2,C2_S006,G003,OCCUPIED,OCCUPIED,0.8207932846112685
204.0,cctv2,C2_S007,G004,OCCUPIED,OCCUPIED,0.7901738985018297
204.0,cctv2,C2_S008,G006,OCCUPIED,OCCUPIED,0.7563968921926889
204.0,cctv2,C2_S009,G005,OCCUPIED,OCCUPIED,0.7699533497745341
204.0,cctv2,C2_S010,G002,EMPTY,EMPTY,0.01
204.0,cctv2,C2_S011,G017,OCCUPIED,OCCUPIED,0.8026682035489516
204.0,cctv2,C2_S012,G018,OCCUPIED,OCCUPIED,0.7739967205307701
204.0,cctv2,C2_S013,G019,EMPTY,MANEUVERING,0.3777311525697058
204.0,cctv2,C2_S014,G020,EMPTY,EMPTY,0.01
204.0,cctv3,C3_S001,G021,OCCUPIED,OCCUPIED,0.8152549163861709
204.0,cctv3,C3_S002,G019,EMPTY,EMPTY,0.01
204.0,cctv3,C3_S003,G020,EMPTY,EMPTY,0.01
204.0,cctv3,C3_S004,G024,OCCUPIED,OCCUPIED,0.8260806248946624
204.0,cctv3,C3_S005,G025,OCCUPIED,OCCUPIED,0.8149990527467295
204.0,cctv3,C3_S006,G026,OCCUPIED,LEAVING,0.7885039446028796
204.0,cctv3,C3_S007,G027,OCCUPIED,OCCUPIED,0.51
204.0,cctv3,C3_S008,G028,EMPTY,MANEUVERING,0.4210051876550371
204.0,cctv3,C3_S009,G029,EMPTY,MANEUVERING,0.4602031990772847
204.0,cctv3,C3_S010,G007,EMPTY,MANEUVERING,0.1418948316664406
204.0,cctv3,C3_S011,G008,OCCUPIED,OCCUPIED,0.8130797635425222
204.0,cctv3,C3_S012,G009,OCCUPIED,OCCUPIED,0.8280097695914183
205.0,cctv1,C1_S001,G001,OCCUPIED,OCCUPIED,0.7169839374213057
205.0,cctv1,C1_S002,G002,EMPTY,EMPTY,0.01
205.0,cctv1,C1_S003,G003,OCCUPIED,OCCUPIED,0.8378587378696962
205.0,cctv1,C1_S004,G004,OCCUPIED,OCCUPIED,0.7713786845857448
205.0,cctv1,C1_S005,G005,OCCUPIED,OCCUPIED,0.7749600131403317
205.0,cctv1,C1_S006,G006,EMPTY,EMPTY,0.01
205.0,cctv2,C2_S001,G007,OCCUPIED,OCCUPIED,0.8034652991728349
205.0,cctv2,C2_S002,G008,OCCUPIED,LEAVING,0.8006658426739953
205.0,cctv2,C2_S003,G009,EMPTY,MANEUVERING,0.2602628404172983
205.0,cctv2,C2_S004,G010,OCCUPIED,OCCUPIED,0.7199202037264001
205.0,cctv2,C2_S005,G001,EMPTY,EMPTY,0.01
205.0,cctv2,C2_S006,G003,OCCUPIED,OCCUPIED,0.8206736385822296
205.0,cctv2,C2_S007,G004,OCCUPIED,OCCUPIED,0.7917505513538015
205.0,cctv2,C2_S008,G006,OCCUPIED,OCCUPIED,0.7545805278826844
205.0,cctv2,C2_S009,G005,OCCUPIED,OCCUPIED,0.7700687562877482
205.0,cctv2,C2_S010,G002,EMPTY,EMPTY,0.01
205.0,cctv2,C2_S011,G017,OCCUPIED,OCCUPIED,0.8028987808661028
205.0,cctv2,C2_S012,G018,OCCUPIED,OCCUPIED,0.7742392767559398
205.0,cctv2,C2_S013,G019,EMPTY,MANEUVERING,0.3327311525697058
205.0,cctv2,C2_S014,G020,EMPTY,EMPTY,0.01
205.0,cctv3,C3_S001,G021,OCCUPIED,OCCUPIED,0.8172829614444213
205.0,cctv3,C3_S002,G019,EMPTY,EMPTY,0.01
205.0,cctv3,C3_S003,G020,EMPTY,EMPTY,0.01
205.0,cctv3,C3_S004,G024,OCCUPIED,OCCUPIED,0.8267217289317739
205.0,cctv3,C3_S005,G025,OCCUPIED,OCCUPIED,0.8107620951804249
205.0,cctv3,C3_S006,G026,OCCUPIED,OCCUPIED,0.7826484120704912
205.0,cctv3,C3_S007,G027,OCCUPIED,OCCUPIED,0.51
205.0,cctv3,C3_S008,G028,EMPTY,MANEUVERING,0.3706718543217037
205.0,cctv3,C3_S009,G029,EMPTY,MANEUVERING,0.49
205.0,cctv3,C3_S010,G007,EMPTY,MANEUVERING,0.1418948316664406
205.0,cctv3,C3_S011,G008,OCCUPIED,OCCUPIED,0.812040489641103
205.0,cctv3,C3_S012,G009,OCCUPIED,OCCUPIED,0.8280475741082972
206.0,cctv1,C1_S001,G001,OCCUPIED,OCCUPIED,0.7159514659169046
206.0,cctv1,C1_S002,G002,EMPTY,EMPTY,0.01
206.0,cctv1,C1_S003,G003,OCCUPIED,OCCUPIED,0.83748939037323
206.0,cctv1,C1_S004,G004,OCCUPIED,OCCUPIED,0.7723020565780727
206.0,cctv1,C1_S005,G005,OCCUPIED,OCCUPIED,0.7748780785636469
206.0,cctv1,C1_S006,G006,EMPTY,EMPTY,0.01
206.0,cctv2,C2_S001,G007,OCCUPIED,OCCUPIED,0.8054377578876236
206.0,cctv2,C2_S002,G008,OCCUPIED,LEAVING,0.7971887744285844
206.0,cctv2,C2_S003,G009,EMPTY,MANEUVERING,0.2201656093380668
206.0,cctv2,C2_S004,G010,OCCUPIED,OCCUPIED,0.7547114901921966
206.0,cctv2,C2_S005,G001,EMPTY,EMPTY,0.01
206.0,cctv2,C2_S006,G003,OCCUPIED,OCCUPIED,0.8201223405924711
206.0,cctv2,C2_S007,G004,OCCUPIED,OCCUPIED,0.7908258037133651
206.0,cctv2,C2_S008,G006,OCCUPIED,OCCUPIED,0.7548516703600234
206.0,cctv2,C2_S009,G005,OCCUPIED,OCCUPIED,0.7696612856604836
206.0,cctv2,C2_S010,G002,EMPTY,EMPTY,0.01
206.0,cctv2,C2_S011,G017,OCCUPIED,OCCUPIED,0.8030376331372695
206.0,cctv2,C2_S012,G018,OCCUPIED,OCCUPIED,0.6924236520041119
206.0,cctv2,C2_S013,G019,EMPTY,MANEUVERING,0.3327311525697058
206.0,cctv2,C2_S014,G020,EMPTY,EMPTY,0.01
206.0,cctv3,C3_S001,G021,OCCUPIED,OCCUPIED,0.8174887161363256
206.0,cctv3,C3_S002,G019,EMPTY,EMPTY,0.01
206.0,cctv3,C3_S003,G020,EMPTY,EMPTY,0.01
206.0,cctv3,C3_S004,G024,OCCUPIED,OCCUPIED,0.8265126100995325
206.0,cctv3,C3_S005,G025,OCCUPIED,OCCUPIED,0.811557946015488
206.0,cctv3,C3_S006,G026,OCCUPIED,OCCUPIED,0.7820243376222524
206.0,cctv3,C3_S007,G027,OCCUPIED,OCCUPIED,0.51
206.0,cctv3,C3_S008,G028,EMPTY,MANEUVERING,0.3221364086821223
206.0,cctv3,C3_S009,G029,EMPTY,MANEUVERING,0.49
206.0,cctv3,C3_S010,G007,EMPTY,MANEUVERING,0.1418948316664406
206.0,cctv3,C3_S011,G008,OCCUPIED,OCCUPIED,0.8117658696391367
206.0,cctv3,C3_S012,G009,OCCUPIED,OCCUPIED,0.8282315728339282
207.0,cctv1,C1_S001,G001,OCCUPIED,OCCUPIED,0.7154774427752604
207.0,cctv1,C1_S002,G002,EMPTY,EMPTY,0.01
207.0,cctv1,C1_S003,G003,OCCUPIED,OCCUPIED,0.8371686258099297
207.0,cctv1,C1_S004,G004,OCCUPIED,OCCUPIED,0.7721862440759486
207.0,cctv1,C1_S005,G005,OCCUPIED,OCCUPIED,0.7759878059679812
207.0,cctv1,C1_S006,G006,EMPTY,EMPTY,0.01
207.0,cctv2,C2_S001,G007,OCCUPIED,OCCUPIED,0.8070610015229746
207.0,cctv2,C2_S002,G008,OCCUPIED,LEAVING,0.7959215859120543
207.0,cctv2,C2_S003,G009,EMPTY,MANEUVERING,0.1842340030859817
207.0,cctv2,C2_S004,G010,OCCUPIED,OCCUPIED,0.7504359380765395
207.0,cctv2,C2_S005,G001,EMPTY,EMPTY,0.01
207.0,cctv2,C2_S006,G003,OCCUPIED,OCCUPIED,0.8197401217438959
207.0,cctv2,C2_S007,G004,OCCUPIED,OCCUPIED,0.7901995965025642
207.0,cctv2,C2_S008,G006,OCCUPIED,OCCUPIED,0.7584136148745364
207.0,cctv2,C2_S009,G005,OCCUPIED,OCCUPIED,0.7687504846941342
207.0,cctv2,C2_S010,G002,EMPTY,EMPTY,0.01
207.0,cctv2,C2_S011,G017,OCCUPIED,OCCUPIED,0.8012447040189397
207.0,cctv2,C2_S012,G018,OCCUPIED,LEAVING,0.69763147641312
207.0,cctv2,C2_S013,G019,EMPTY,MANEUVERING,0.29487009646879
207.0,cctv2,C2_S014,G020,EMPTY,EMPTY,0.01
207.0,cctv3,C3_S001,G021,OCCUPIED,OCCUPIED,0.8173011947761883
207.0,cctv3,C3_S002,G019,EMPTY,EMPTY,0.01
207.0,cctv3,C3_S003,G020,EMPTY,EMPTY,0.01
207.0,cctv3,C3_S004,G024,OCCUPIED,LEAVING,0.8259062658656728
207.0,cctv3,C3_S005,G025,OCCUPIED,OCCUPIED,0.8132681793787263
207.0,cctv3,C3_S006,G026,OCCUPIED,LEAVING,0.7871673141013493
207.0,cctv3,C3_S007,G027,OCCUPIED,OCCUPIED,0.5450122559525362
207.0,cctv3,C3_S008,G028,EMPTY,MANEUVERING,0.2263353341309862
207.0,cctv3,C3_S009,G029,EMPTY,MANEUVERING,0.49
207.0,cctv3,C3_S010,G007,EMPTY,MANEUVERING,0.1405614983331073
207.0,cctv3,C3_S011,G008,OCCUPIED,OCCUPIED,0.8109113820574501
207.0,cctv3,C3_S012,G009,OCCUPIED,OCCUPIED,0.8281815927137028
208.0,cctv1,C1_S001,G001,OCCUPIED,OCCUPIED,0.7166203530674632
208.0,cctv1,C1_S002,G002,EMPTY,EMPTY,0.01
208.0,cctv1,C1_S003,G003,OCCUPIED,OCCUPIED,0.8372593299909072
208.0,cctv1,C1_S004,G004,OCCUPIED,OCCUPIED,0.7733092626387423
208.0,cctv1,C1_S005,G005,OCCUPIED,OCCUPIED,0.7761499239639803
208.0,cctv1,C1_S006,G006,EMPTY,EMPTY,0.01
208.0,cctv2,C2_S001,G007,OCCUPIED,OCCUPIED,0.8006018057465554
208.0,cctv2,C2_S002,G008,OCCUPIED,LEAVING,0.7949605764313178
208.0,cctv2,C2_S003,G009,EMPTY,MANEUVERING,0.1842340030859817
208.0,cctv2,C2_S004,G010,OCCUPIED,OCCUPIED,0.7505033188245513
208.0,cctv2,C2_S005,G001,EMPTY,EMPTY,0.01
208.0,cctv2,C2_S006,G003,OCCUPIED,OCCUPIED,0.8197131062095816
208.0,cctv2,C2_S007,G004,OCCUPIED,OCCUPIED,0.7900684316049923
208.0,cctv2,C2_S008,G006,OCCUPIED,OCCUPIED,0.7604975673285398
208.0,cctv2,C2_S009,G005,OCCUPIED,OCCUPIED,0.7696881357919086
208.0,cctv2,C2_S010,G002,EMPTY,EMPTY,0.01
208.0,cctv2,C2_S011,G017,OCCUPIED,OCCUPIED,0.8006059253757651
208.0,cctv2,C2_S012,G018,OCCUPIED,LEAVING,0.703377407382835
208.0,cctv2,C2_S013,G019,EMPTY,MANEUVERING,0.29487009646879
208.0,cctv2,C2_S014,G020,EMPTY,EMPTY,0.01
208.0,cctv3,C3_S001,G021,OCCUPIED,OCCUPIED,0.816955703496933
208.0,cctv3,C3_S002,G019,EMPTY,EMPTY,0.01
208.0,cctv3,C3_S003,G020,EMPTY,EMPTY,0.01
208.0,cctv3,C3_S004,G024,OCCUPIED,LEAVING,0.8255078741095283
208.0,cctv3,C3_S005,G025,OCCUPIED,OCCUPIED,0.8121710461649029
208.0,cctv3,C3_S006,G026,OCCUPIED,LEAVING,0.793616469475356
208.0,cctv3,C3_S007,G027,OCCUPIED,OCCUPIED,0.5966929745247983
208.0,cctv3,C3_S008,G028,EMPTY,MANEUVERING,0.1737877136243112
208.0,cctv3,C3_S009,G029,EMPTY,MANEUVERING,0.49
208.0,cctv3,C3_S010,G007,EMPTY,MANEUVERING,0.0955614983331073
208.0,cctv3,C3_S011,G008,OCCUPIED,OCCUPIED,0.8095425028692593
208.0,cctv3,C3_S012,G009,OCCUPIED,OCCUPIED,0.8282381109215997
209.0,cctv1,C1_S001,G001,OCCUPIED,OCCUPIED,0.7165626055137678
209.0,cctv1,C1_S002,G002,EMPTY,EMPTY,0.01
209.0,cctv1,C1_S003,G003,OCCUPIED,OCCUPIED,0.83691349002448
209.0,cctv1,C1_S004,G004,OCCUPIED,OCCUPIED,0.7739612625403838
209.0,cctv1,C1_S005,G005,OCCUPIED,OCCUPIED,0.7755607564340938
209.0,cctv1,C1_S006,G006,EMPTY,EMPTY,0.01
209.0,cctv2,C2_S001,G007,OCCUPIED,OCCUPIED,0.7968481558290396
209.0,cctv2,C2_S002,G008,OCCUPIED,LEAVING,0.794428238408132
209.0,cctv2,C2_S003,G009,EMPTY,MANEUVERING,0.1842340030859817
209.0,cctv2,C2_S004,G010,OCCUPIED,OCCUPIED,0.7492751812393016
209.0,cctv2,C2_S005,G001,EMPTY,EMPTY,0.01
209.0,cctv2,C2_S006,G003,OCCUPIED,OCCUPIED,0.8194796662439
209.0,cctv2,C2_S007,G004,OCCUPIED,OCCUPIED,0.789639951153235
209.0,cctv2,C2_S008,G006,OCCUPIED,OCCUPIED,0.7581489836627787
209.0,cctv2,C2_S009,G005,OCCUPIED,OCCUPIED,0.7690224907614969
209.0,cctv2,C2_S010,G002,EMPTY,EMPTY,0.01
209.0,cctv2,C2_S011,G017,OCCUPIED,OCCUPIED,0.8007829739288851
209.0,cctv2,C2_S012,G018,OCCUPIED,LEAVING,0.623118063094038
209.0,cctv2,C2_S013,G019,EMPTY,MANEUVERING,0.2587310345741835
209.0,cctv2,C2_S014,G020,EMPTY,EMPTY,0.01
209.0,cctv3,C3_S001,G021,OCCUPIED,OCCUPIED,0.8176986412568527
209.0,cctv3,C3_S002,G019,EMPTY,EMPTY,0.01
209.0,cctv3,C3_S003,G020,EMPTY,EMPTY,0.01
209.0,cctv3,C3_S004,G024,OCCUPIED,LEAVING,0.8234480903907256
209.0,cctv3,C3_S005,G025,OCCUPIED,OCCUPIED,0.8094960270957514
209.0,cctv3,C3_S006,G026,OCCUPIED,OCCUPIED,0.7955097278410739
209.0,cctv3,C3_S007,G027,OCCUPIED,OCCUPIED,0.5516929745247983
209.0,cctv3,C3_S008,G028,EMPTY,MANEUVERING,0.1141882039240815
209.0,cctv3,C3_S009,G029,EMPTY,MANEUVERING,0.49
209.0,cctv3,C3_S010,G007,EMPTY,MANEUVERING,0.1858471252403476
209.0,cctv3,C3_S011,G008,OCCUPIED,OCCUPIED,0.8081768025051465
209.0,cctv3,C3_S012,G009,OCCUPIED,OCCUPIED,0.8281950639052825
210.0,cctv1,C1_S001,G001,OCCUPIED,OCCUPIED,0.7155925622717901
210.0,cctv1,C1_S002,G002,EMPTY,EMPTY,0.01
210.0,cctv1,C1_S003,G003,OCCUPIED,OCCUPIED,0.8363966250961478
210.0,cctv1,C1_S004,G004,OCCUPIED,OCCUPIED,0.7738516837358476
210.0,cctv1,C1_S005,G005,OCCUPIED,OCCUPIED,0.7753522996198048
210.0,cctv1,C1_S006,G006,EMPTY,EMPTY,0.01
210.0,cctv2,C2_S001,G007,OCCUPIED,OCCUPIED,0.793144477903843
210.0,cctv2,C2_S002,G008,OCCUPIED,LEAVING,0.7929529064080932
210.0,cctv2,C2_S003,G009,EMPTY,MANEUVERING,0.1842340030859817
210.0,cctv2,C2_S004,G010,OCCUPIED,OCCUPIED,0.7473930922421543
210.0,cctv2,C2_S005,G001,EMPTY,EMPTY,0.01
210.0,cctv2,C2_S006,G003,OCCUPIED,OCCUPIED,0.8196907243945383
210.0,cctv2,C2_S007,G004,OCCUPIED,OCCUPIED,0.7904021878134121
210.0,cctv2,C2_S008,G006,OCCUPIED,OCCUPIED,0.7573639551346953
210.0,cctv2,C2_S009,G005,OCCUPIED,OCCUPIED,0.7695898324251176
210.0,cctv2,C2_S010,G002,EMPTY,EMPTY,0.01
210.0,cctv2,C2_S011,G017,OCCUPIED,OCCUPIED,0.8013480202718215
210.0,cctv2,C2_S012,G018,OCCUPIED,LEAVING,0.6755724583882274
210.0,cctv2,C2_S013,G019,EMPTY,MANEUVERING,0.220392577864907
210.0,cctv2,C2_S014,G020,EMPTY,EMPTY,0.01
210.0,cctv3,C3_S001,G021,OCCUPIED,OCCUPIED,0.8187410752881658
210.0,cctv3,C3_S002,G019,EMPTY,EMPTY,0.01
210.0,cctv3,C3_S003,G020,EMPTY,EMPTY,0.01
210.0,cctv3,C3_S004,G024,OCCUPIED,LEAVING,0.821077263084325
210.0,cctv3,C3_S005,G025,OCCUPIED,OCCUPIED,0.8024483363736761
210.0,cctv3,C3_S006,G026,OCCUPIED,OCCUPIED,0.7945327332073993
210.0,cctv3,C3_S007,G027,OCCUPIED,OCCUPIED,0.51
210.0,cctv3,C3_S008,G028,EMPTY,MANEUVERING,0.1141882039240815
210.0,cctv3,C3_S009,G029,EMPTY,MANEUVERING,0.4622987295673652
210.0,cctv3,C3_S010,G007,EMPTY,MANEUVERING,0.3647240381213751
210.0,cctv3,C3_S011,G008,OCCUPIED,OCCUPIED,0.8009442336179994
210.0,cctv3,C3_S012,G009,OCCUPIED,OCCUPIED,0.8281923898241738
211.0,cctv1,C1_S001,G001,OCCUPIED,OCCUPIED,0.7160035963762891
211.0,cctv1,C1_S002,G002,EMPTY,EMPTY,0.01
211.0,cctv1,C1_S003,G003,OCCUPIED,OCCUPIED,0.8363663640889255
211.0,cctv1,C1_S004,G004,OCCUPIED,OCCUPIED,0.773809448290955
211.0,cctv1,C1_S005,G005,OCCUPIED,OCCUPIED,0.7752434645186772
211.0,cctv1,C1_S006,G006,EMPTY,EMPTY,0.01
211.0,cctv2,C2_S001,G007,OCCUPIED,OCCUPIED,0.7926703373139555
211.0,cctv2,C2_S002,G008,OCCUPIED,LEAVING,0.7932491978461093
211.0,cctv2,C2_S003,G009,EMPTY,EMPTY,0.01
211.0,cctv2,C2_S004,G010,OCCUPIED,OCCUPIED,0.7438780508258127
211.0,cctv2,C2_S005,G001,EMPTY,EMPTY,0.01
211.0,cctv2,C2_S006,G003,OCCUPIED,OCCUPIED,0.8196180828592995
211.0,cctv2,C2_S007,G004,OCCUPIED,OCCUPIED,0.7905564099550247
211.0,cctv2,C2_S008,G006,OCCUPIED,OCCUPIED,0.7590843365951019
211.0,cctv2,C2_S009,G005,OCCUPIED,OCCUPIED,0.771397300335494
211.0,cctv2,C2_S010,G002,EMPTY,EMPTY,0.01
211.0,cctv2,C2_S011,G017,OCCUPIED,OCCUPIED,0.800394816832109
211.0,cctv2,C2_S012,G018,OCCUPIED,LEAVING,0.6750917240796668
211.0,cctv2,C2_S013,G019,EMPTY,MANEUVERING,0.1872707822512496
211.0,cctv2,C2_S014,G020,EMPTY,EMPTY,0.01
211.0,cctv3,C3_S001,G021,OCCUPIED,OCCUPIED,0.8183410652659157
211.0,cctv3,C3_S002,G019,EMPTY,EMPTY,0.01
211.0,cctv3,C3_S003,G020,EMPTY,EMPTY,0.01
211.0,cctv3,C3_S004,G024,OCCUPIED,LEAVING,0.8206285717812452
211.0,cctv3,C3_S005,G025,OCCUPIED,OCCUPIED,0.7963260951367293
211.0,cctv3,C3_S006,G026,OCCUPIED,OCCUPIED,0.7928490870378235
211.0,cctv3,C3_S007,G027,OCCUPIED,OCCUPIED,0.51
211.0,cctv3,C3_S008,G028,EMPTY,MANEUVERING,0.1141882039240815
211.0,cctv3,C3_S009,G029,EMPTY,MANEUVERING,0.3796250075122171
211.0,cctv3,C3_S010,G007,EMPTY,MANEUVERING,0.4466100993244486
211.0,cctv3,C3_S011,G008,OCCUPIED,OCCUPIED,0.7968326266516339
211.0,cctv3,C3_S012,G009,OCCUPIED,OCCUPIED,0.8280363153327596
212.0,cctv1,C1_S001,G001,OCCUPIED,OCCUPIED,0.719716073725034
212.0,cctv1,C1_S002,G002,EMPTY,EMPTY,0.01
212.0,cctv1,C1_S003,G003,OCCUPIED,OCCUPIED,0.8365383123809642
212.0,cctv1,C1_S004,G004,OCCUPIED,OCCUPIED,0.773368589444594
212.0,cctv1,C1_S005,G005,OCCUPIED,OCCUPIED,0.7775140003724532
212.0,cctv1,C1_S006,G006,EMPTY,EMPTY,0.01
212.0,cctv2,C2_S001,G007,OCCUPIED,OCCUPIED,0.7904413736679338
212.0,cctv2,C2_S002,G008,OCCUPIED,LEAVING,0.7932347976348617
212.0,cctv2,C2_S003,G009,EMPTY,EMPTY,0.01
212.0,cctv2,C2_S004,G010,OCCUPIED,OCCUPIED,0.7421787564050069
212.0,cctv2,C2_S005,G001,EMPTY,EMPTY,0.01
212.0,cctv2,C2_S006,G003,OCCUPIED,OCCUPIED,0.8197759552435442
212.0,cctv2,C2_S007,G004,OCCUPIED,OCCUPIED,0.7921784539114346
212.0,cctv2,C2_S008,G006,OCCUPIED,OCCUPIED,0.7623972816900774
212.0,cctv2,C2_S009,G005,OCCUPIED,OCCUPIED,0.7737889992919835
212.0,cctv2,C2_S010,G002,EMPTY,EMPTY,0.01
212.0,cctv2,C2_S011,G017,OCCUPIED,OCCUPIED,0.8002666844563051
212.0,cctv2,C2_S012,G018,OCCUPIED,LEAVING,0.6735983659643116
212.0,cctv2,C2_S013,G019,EMPTY,EMPTY,0.01
212.0,cctv2,C2_S014,G020,EMPTY,EMPTY,0.01
212.0,cctv3,C3_S001,G021,OCCUPIED,OCCUPIED,0.8173578714782542
212.0,cctv3,C3_S002,G019,EMPTY,EMPTY,0.01
212.0,cctv3,C3_S003,G020,EMPTY,EMPTY,0.01
212.0,cctv3,C3_S004,G024,OCCUPIED,LEAVING,0.8207185477018357
212.0,cctv3,C3_S005,G025,OCCUPIED,OCCUPIED,0.7966097582470287
212.0,cctv3,C3_S006,G026,OCCUPIED,OCCUPIED,0.7927779207175429
212.0,cctv3,C3_S007,G027,OCCUPIED,OCCUPIED,0.5143050264296207
212.0,cctv3,C3_S008,G028,EMPTY,MANEUVERING,0.0746098926257003
212.0,cctv3,C3_S009,G029,EMPTY,MANEUVERING,0.4150556511737696
212.0,cctv3,C3_S010,G007,EMPTY,MANEUVERING,0.4466100993244486
212.0,cctv3,C3_S011,G008,OCCUPIED,OCCUPIED,0.7955585985021159
212.0,cctv3,C3_S012,G009,OCCUPIED,OCCUPIED,0.8282948477701708
213.0,cctv1,C1_S001,G001,OCCUPIED,OCCUPIED,0.719860074211928
213.0,cctv1,C1_S002,G002,EMPTY,EMPTY,0.01
213.0,cctv1,C1_S003,G003,OCCUPIED,OCCUPIED,0.836338956789537
213.0,cctv1,C1_S004,G004,OCCUPIED,OCCUPIED,0.7728133807128127
213.0,cctv1,C1_S005,G005,OCCUPIED,OCCUPIED,0.7749863975427368
213.0,cctv1,C1_S006,G006,EMPTY,EMPTY,0.01
213.0,cctv2,C2_S001,G007,OCCUPIED,OCCUPIED,0.7898040970618075
213.0,cctv2,C2_S002,G008,OCCUPIED,LEAVING,0.7943476307121191
213.0,cctv2,C2_S003,G009,EMPTY,EMPTY,0.01
213.0,cctv2,C2_S004,G010,OCCUPIED,OCCUPIED,0.7404461879621853
213.0,cctv2,C2_S005,G001,EMPTY,EMPTY,0.01
213.0,cctv2,C2_S006,G003,OCCUPIED,OCCUPIED,0.8199488650668751
213.0,cctv2,C2_S007,G004,OCCUPIED,OCCUPIED,0.7922960029406981
213.0,cctv2,C2_S008,G006,OCCUPIED,OCCUPIED,0.7629178346558051
213.0,cctv2,C2_S009,G005,OCCUPIED,OCCUPIED,0.7746042002331127
213.0,cctv2,C2_S010,G002,EMPTY,EMPTY,0.01
213.0,cctv2,C2_S011,G017,OCCUPIED,OCCUPIED,0.8004320857199756
213.0,cctv2,C2_S012,G018,OCCUPIED,LEAVING,0.7184911784349066
213.0,cctv2,C2_S013,G019,EMPTY,EMPTY,0.01
213.0,cctv2,C2_S014,G020,EMPTY,EMPTY,0.01
213.0,cctv3,C3_S001,G021,OCCUPIED,OCCUPIED,0.8167722152038055
213.0,cctv3,C3_S002,G019,EMPTY,EMPTY,0.01
213.0,cctv3,C3_S003,G020,EMPTY,EMPTY,0.01
213.0,cctv3,C3_S004,G024,OCCUPIED,LEAVING,0.8207257644696669
213.0,cctv3,C3_S005,G025,OCCUPIED,OCCUPIED,0.7966093274680052
213.0,cctv3,C3_S006,G026,OCCUPIED,OCCUPIED,0.7921691738746384
213.0,cctv3,C3_S007,G027,OCCUPIED,LEAVING,0.561454998143864
213.0,cctv3,C3_S008,G028,EMPTY,MANEUVERING,0.0746098926257003
213.0,cctv3,C3_S009,G029,EMPTY,MANEUVERING,0.4596842932687565
213.0,cctv3,C3_S010,G007,EMPTY,MANEUVERING,0.4016100993244486
213.0,cctv3,C3_S011,G008,OCCUPIED,OCCUPIED,0.7956830302422697
213.0,cctv3,C3_S012,G009,OCCUPIED,OCCUPIED,0.8282896239649167
214.0,cctv1,C1_S001,G001,OCCUPIED,OCCUPIED,0.7216027420860801
214.0,cctv1,C1_S002,G002,EMPTY,EMPTY,0.01
214.0,cctv1,C1_S003,G003,OCCUPIED,OCCUPIED,0.8362829408862374
214.0,cctv1,C1_S004,G004,OCCUPIED,OCCUPIED,0.7733240468935534
214.0,cctv1,C1_S005,G005,OCCUPIED,OCCUPIED,0.7753598626364362
214.0,cctv1,C1_S006,G006,EMPTY,EMPTY,0.01
214.0,cctv2,C2_S001,G007,OCCUPIED,OCCUPIED,0.7869869135997513
214.0,cctv2,C2_S002,G008,OCCUPIED,LEAVING,0.7929770690473644
214.0,cctv2,C2_S003,G009,EMPTY,EMPTY,0.01
214.0,cctv2,C2_S004,G010,OCCUPIED,OCCUPIED,0.7411952799694105
214.0,cctv2,C2_S005,G001,EMPTY,EMPTY,0.01
214.0,cctv2,C2_S006,G003,OCCUPIED,OCCUPIED,0.8202742666006089
214.0,cctv2,C2_S007,G004,OCCUPIED,OCCUPIED,0.7929429281841626
214.0,cctv2,C2_S008,G006,OCCUPIED,OCCUPIED,0.7629254188049924
214.0,cctv2,C2_S009,G005,OCCUPIED,OCCUPIED,0.7749272552403538
214.0,cctv2,C2_S010,G002,EMPTY,EMPTY,0.01
214.0,cctv2,C2_S011,G017,OCCUPIED,OCCUPIED,0.7998750087889759
214.0,cctv2,C2_S012,G018,OCCUPIED,LEAVING,0.7183595197218837
214.0,cctv2,C2_S013,G019,EMPTY,EMPTY,0.01
214.0,cctv2,C2_S014,G020,EMPTY,EMPTY,0.01
214.0,cctv3,C3_S001,G021,OCCUPIED,OCCUPIED,0.8166408584876494
214.0,cctv3,C3_S002,G019,EMPTY,EMPTY,0.01
214.0,cctv3,C3_S003,G020,EMPTY,EMPTY,0.01
214.0,cctv3,C3_S004,G024,OCCUPIED,LEAVING,0.8205099246718668
214.0,cctv3,C3_S005,G025,OCCUPIED,OCCUPIED,0.7952606290578843
214.0,cctv3,C3_S006,G026,OCCUPIED,OCCUPIED,0.7928089546886358
214.0,cctv3,C3_S007,G027,OCCUPIED,LEAVING,0.6563676566449982
214.0,cctv3,C3_S008,G028,EMPTY,MANEUVERING,0.1714658338915217
214.0,cctv3,C3_S009,G029,EMPTY,MANEUVERING,0.49
214.0,cctv3,C3_S010,G007,EMPTY,MANEUVERING,0.3266100993244486
214.0,cctv3,C3_S011,G008,OCCUPIED,OCCUPIED,0.7958343360911717
214.0,cctv3,C3_S012,G009,OCCUPIED,OCCUPIED,0.8279100271788511
215.0,cctv1,C1_S001,G001,OCCUPIED,OCCUPIED,0.7229077336971056
215.0,cctv1,C1_S002,G002,EMPTY,EMPTY,0.01
215.0,cctv1,C1_S003,G003,OCCUPIED,OCCUPIED,0.8365054626356472
215.0,cctv1,C1_S004,G004,OCCUPIED,OCCUPIED,0.7728027754209259
215.0,cctv1,C1_S005,G005,OCCUPIED,OCCUPIED,0.7755062063986605
215.0,cctv1,C1_S006,G006,EMPTY,EMPTY,0.01
215.0,cctv2,C2_S001,G007,OCCUPIED,OCCUPIED,0.784938445551829
215.0,cctv2,C2_S002,G008,OCCUPIED,LEAVING,0.7920340344309807
215.0,cctv2,C2_S003,G009,EMPTY,EMPTY,0.01
215.0,cctv2,C2_S004,G010,OCCUPIED,OCCUPIED,0.740431469949809
215.0,cctv2,C2_S005,G001,EMPTY,EMPTY,0.01
215.0,cctv2,C2_S006,G003,OCCUPIED,OCCUPIED,0.8205938843163578
215.0,cctv2,C2_S007,G004,OCCUPIED,OCCUPIED,0.7936666889624163
215.0,cctv2,C2_S008,G006,OCCUPIED,OCCUPIED,0.7644541674039581
215.0,cctv2,C2_S009,G005,OCCUPIED,OCCUPIED,0.7743903790007939
215.0,cctv2,C2_S010,G002,EMPTY,EMPTY,0.01
215.0,cctv2,C2_S011,G017,OCCUPIED,OCCUPIED,0.7997082404114984
215.0,cctv2,C2_S012,G018,OCCUPIED,LEAVING,0.7177940435030244
215.0,cctv2,C2_S013,G019,EMPTY,EMPTY,0.01
215.0,cctv2,C2_S014,G020,EMPTY,EMPTY,0.01
215.0,cctv3,C3_S001,G021,OCCUPIED,OCCUPIED,0.8161741679364986
215.0,cctv3,C3_S002,G019,EMPTY,EMPTY,0.01
215.0,cctv3,C3_S003,G020,EMPTY,EMPTY,0.01
215.0,cctv3,C3_S004,G024,OCCUPIED,LEAVING,0.8205386616966942
215.0,cctv3,C3_S005,G025,OCCUPIED,OCCUPIED,0.7964478779922832
215.0,cctv3,C3_S006,G026,OCCUPIED,OCCUPIED,0.7947080074386164
215.0,cctv3,C3_S007,G027,OCCUPIED,OCCUPIED,0.6598430194525104
215.0,cctv3,C3_S008,G028,EMPTY,MANEUVERING,0.1654658338915217
215.0,cctv3,C3_S009,G029,EMPTY,MANEUVERING,0.49
215.0,cctv3,C3_S010,G007,EMPTY,MANEUVERING,0.2268990269276228
215.0,cctv3,C3_S011,G008,OCCUPIED,OCCUPIED,0.7958548614924605
215.0,cctv3,C3_S012,G009,OCCUPIED,OCCUPIED,0.8276638125831431
216.0,cctv1,C1_S001,G001,OCCUPIED,OCCUPIED,0.7241415474055843
216.0,cctv1,C1_S002,G002,EMPTY,EMPTY,0.01
216.0,cctv1,C1_S003,G003,OCCUPIED,OCCUPIED,0.836491784182462
216.0,cctv1,C1_S004,G004,OCCUPIED,OCCUPIED,0.7730528182604097
216.0,cctv1,C1_S005,G005,OCCUPIED,OCCUPIED,0.7760343240066009
216.0,cctv1,C1_S006,G006,EMPTY,EMPTY,0.01
216.0,cctv2,C2_S001,G007,OCCUPIED,OCCUPIED,0.7817677420648662
216.0,cctv2,C2_S002,G008,OCCUPIED,LEAVING,0.790816865861416
216.0,cctv2,C2_S003,G009,EMPTY,EMPTY,0.01
216.0,cctv2,C2_S004,G010,OCCUPIED,OCCUPIED,0.7393849689174783
216.0,cctv2,C2_S005,G001,EMPTY,EMPTY,0.01
216.0,cctv2,C2_S006,G003,OCCUPIED,OCCUPIED,0.8210633286020973
216.0,cctv2,C2_S007,G004,OCCUPIED,OCCUPIED,0.7938587920232253
216.0,cctv2,C2_S008,G006,OCCUPIED,OCCUPIED,0.7644638839093122
216.0,cctv2,C2_S009,G005,OCCUPIED,OCCUPIED,0.7713293770497496
216.0,cctv2,C2_S010,G002,EMPTY,EMPTY,0.01
216.0,cctv2,C2_S011,G017,OCCUPIED,OCCUPIED,0.7993466892025688
216.0,cctv2,C2_S012,G018,OCCUPIED,LEAVING,0.7187285693305911
216.0,cctv2,C2_S013,G019,EMPTY,EMPTY,0.01
216.0,cctv2,C2_S014,G020,EMPTY,EMPTY,0.01
216.0,cctv3,C3_S001,G021,OCCUPIED,OCCUPIED,0.8162112385034561
216.0,cctv3,C3_S002,G019,EMPTY,EMPTY,0.01
216.0,cctv3,C3_S003,G020,EMPTY,EMPTY,0.01
216.0,cctv3,C3_S004,G024,OCCUPIED,LEAVING,0.8210433875972575
216.0,cctv3,C3_S005,G025,OCCUPIED,OCCUPIED,0.8015448818152602
216.0,cctv3,C3_S006,G026,OCCUPIED,OCCUPIED,0.799772262302312
216.0,cctv3,C3_S007,G027,OCCUPIED,OCCUPIED,0.5796095374607566
216.0,cctv3,C3_S008,G028,EMPTY,MANEUVERING,0.2592866655371405
216.0,cctv3,C3_S009,G029,EMPTY,MANEUVERING,0.49
216.0,cctv3,C3_S010,G007,EMPTY,MANEUVERING,0.2148990269276228
216.0,cctv3,C3_S011,G008,OCCUPIED,OCCUPIED,0.7973260141231797
216.0,cctv3,C3_S012,G009,OCCUPIED,OCCUPIED,0.8278626707467167
217.0,cctv1,C1_S001,G001,OCCUPIED,OCCUPIED,0.724983895095912
217.0,cctv1,C1_S002,G002,EMPTY,EMPTY,0.01
217.0,cctv1,C1_S003,G003,OCCUPIED,OCCUPIED,0.8368807199326429
217.0,cctv1,C1_S004,G004,OCCUPIED,OCCUPIED,0.7729958103461699
217.0,cctv1,C1_S005,G005,OCCUPIED,OCCUPIED,0.774025065384128
217.0,cctv1,C1_S006,G006,EMPTY,EMPTY,0.01
217.0,cctv2,C2_S001,G007,OCCUPIED,OCCUPIED,0.7847236916422845
217.0,cctv2,C2_S002,G008,OCCUPIED,LEAVING,0.7903746374628762
217.0,cctv2,C2_S003,G009,EMPTY,EMPTY,0.01
217.0,cctv2,C2_S004,G010,OCCUPIED,OCCUPIED,0.7386199236593464
217.0,cctv2,C2_S005,G001,EMPTY,EMPTY,0.01
217.0,cctv2,C2_S006,G003,OCCUPIED,OCCUPIED,0.8214614537629215
217.0,cctv2,C2_S007,G004,OCCUPIED,OCCUPIED,0.7948136291720651
217.0,cctv2,C2_S008,G006,OCCUPIED,OCCUPIED,0.7655119843103669
217.0,cctv2,C2_S009,G005,OCCUPIED,OCCUPIED,0.7725378902121024
217.0,cctv2,C2_S010,G002,EMPTY,EMPTY,0.01
217.0,cctv2,C2_S011,G017,OCCUPIED,OCCUPIED,0.7993360676548699
217.0,cctv2,C2_S012,G018,OCCUPIED,LEAVING,0.753112871538509
217.0,cctv2,C2_S013,G019,EMPTY,EMPTY,0.01
217.0,cctv2,C2_S014,G020,EMPTY,EMPTY,0.01
217.0,cctv3,C3_S001,G021,OCCUPIED,OCCUPIED,0.8156020592559469
217.0,cctv3,C3_S002,G019,EMPTY,EMPTY,0.01
217.0,cctv3,C3_S003,G020,EMPTY,EMPTY,0.01
217.0,cctv3,C3_S004,G024,OCCUPIED,LEAVING,0.8222449725324458
217.0,cctv3,C3_S005,G025,OCCUPIED,OCCUPIED,0.8067474813623863
217.0,cctv3,C3_S006,G026,OCCUPIED,OCCUPIED,0.8028359805995768
217.0,cctv3,C3_S007,G027,OCCUPIED,OCCUPIED,0.51
217.0,cctv3,C3_S008,G028,EMPTY,MANEUVERING,0.3496743638445804
217.0,cctv3,C3_S009,G029,EMPTY,MANEUVERING,0.49
217.0,cctv3,C3_S010,G007,EMPTY,MANEUVERING,0.2063275983561943
217.0,cctv3,C3_S011,G008,OCCUPIED,OCCUPIED,0.7986679972572761
217.0,cctv3,C3_S012,G009,OCCUPIED,OCCUPIED,0.8277058549902656
218.0,cctv1,C1_S001,G001,OCCUPIED,OCCUPIED,0.7257838728753004
218.0,cctv1,C1_S002,G002,EMPTY,EMPTY,0.01
218.0,cctv1,C1_S003,G003,OCCUPIED,OCCUPIED,0.8370371707461097
218.0,cctv1,C1_S004,G004,OCCUPIED,OCCUPIED,0.7743407528508794
218.0,cctv1,C1_S005,G005,OCCUPIED,OCCUPIED,0.7729374523867261
218.0,cctv1,C1_S006,G006,EMPTY,EMPTY,0.01
218.0,cctv2,C2_S001,G007,OCCUPIED,OCCUPIED,0.7870644079013305
218.0,cctv2,C2_S002,G008,OCCUPIED,LEAVING,0.7878565365617927
218.0,cctv2,C2_S003,G009,EMPTY,EMPTY,0.01
218.0,cctv2,C2_S004,G010,OCCUPIED,OCCUPIED,0.6579818944294344
218.0,cctv2,C2_S005,G001,EMPTY,EMPTY,0.01
218.0,cctv2,C2_S006,G003,OCCUPIED,OCCUPIED,0.8217375400391492
218.0,cctv2,C2_S007,G004,OCCUPIED,OCCUPIED,0.7958154383030805
218.0,cctv2,C2_S008,G006,OCCUPIED,OCCUPIED,0.7636463587934321
218.0,cctv2,C2_S009,G005,OCCUPIED,OCCUPIED,0.7739398487589577
218.0,cctv2,C2_S010,G002,EMPTY,EMPTY,0.01
218.0,cctv2,C2_S011,G017,OCCUPIED,OCCUPIED,0.8014016815207222
218.0,cctv2,C2_S012,G018,OCCUPIED,LEAVING,0.7460885376144539
218.0,cctv2,C2_S013,G019,EMPTY,EMPTY,0.01
218.0,cctv2,C2_S014,G020,EMPTY,EMPTY,0.01
218.0,cctv3,C3_S001,G021,OCCUPIED,OCCUPIED,0.8150112889029764
218.0,cctv3,C3_S002,G019,EMPTY,EMPTY,0.01
218.0,cctv3,C3_S003,G020,EMPTY,EMPTY,0.01
218.0,cctv3,C3_S004,G024,OCCUPIED,LEAVING,0.8236103599721736
218.0,cctv3,C3_S005,G025,OCCUPIED,OCCUPIED,0.8090465587648479
218.0,cctv3,C3_S006,G026,OCCUPIED,OCCUPIED,0.8021989811550487
218.0,cctv3,C3_S007,G027,OCCUPIED,OCCUPIED,0.51
218.0,cctv3,C3_S008,G028,EMPTY,MANEUVERING,0.3937862651659684
218.0,cctv3,C3_S009,G029,EMPTY,MANEUVERING,0.49
218.0,cctv3,C3_S010,G007,EMPTY,MANEUVERING,0.1998990269276228
218.0,cctv3,C3_S011,G008,OCCUPIED,OCCUPIED,0.7991450135003437
218.0,cctv3,C3_S012,G009,OCCUPIED,OCCUPIED,0.828148596666076
219.0,cctv1,C1_S001,G001,OCCUPIED,OCCUPIED,0.7269313743168658
219.0,cctv1,C1_S002,G002,EMPTY,EMPTY,0.01
219.0,cctv1,C1_S003,G003,OCCUPIED,OCCUPIED,0.8371935053305193
219.0,cctv1,C1_S004,G004,OCCUPIED,OCCUPIED,0.7731657425110992
219.0,cctv1,C1_S005,G005,OCCUPIED,OCCUPIED,0.7741889824921435
219.0,cctv1,C1_S006,G006,EMPTY,EMPTY,0.01
219.0,cctv2,C2_S001,G007,OCCUPIED,OCCUPIED,0.7929218655282801
219.0,cctv2,C2_S002,G008,OCCUPIED,LEAVING,0.7868481129407884
219.0,cctv2,C2_S003,G009,EMPTY,EMPTY,0.01
219.0,cctv2,C2_S004,G010,OCCUPIED,OCCUPIED,0.575160892339367
219.0,cctv2,C2_S005,G001,EMPTY,EMPTY,0.01
219.0,cctv2,C2_S006,G003,OCCUPIED,OCCUPIED,0.8220802979035812
219.0,cctv2,C2_S007,G004,OCCUPIED,OCCUPIED,0.7962554254315117
219.0,cctv2,C2_S008,G006,OCCUPIED,OCCUPIED,0.7646533267064528
219.0,cctv2,C2_S009,G005,OCCUPIED,OCCUPIED,0.7757594264366411
219.0,cctv2,C2_S010,G002,EMPTY,EMPTY,0.01
219.0,cctv2,C2_S011,G017,OCCUPIED,OCCUPIED,0.8029541814869101
219.0,cctv2,C2_S012,G018,OCCUPIED,LEAVING,0.7397263083268296
219.0,cctv2,C2_S013,G019,EMPTY,MANEUVERING,0.2249658217619765
219.0,cctv2,C2_S014,G020,EMPTY,EMPTY,0.01
219.0,cctv3,C3_S001,G021,OCCUPIED,OCCUPIED,0.8150913780385798
219.0,cctv3,C3_S002,G019,EMPTY,EMPTY,0.01
219.0,cctv3,C3_S003,G020,EMPTY,EMPTY,0.01
219.0,cctv3,C3_S004,G024,OCCUPIED,LEAVING,0.8244233269583096
219.0,cctv3,C3_S005,G025,OCCUPIED,OCCUPIED,0.8111547848040408
219.0,cctv3,C3_S006,G026,OCCUPIED,OCCUPIED,0.799219928004525
219.0,cctv3,C3_S007,G027,OCCUPIED,OCCUPIED,0.51
219.0,cctv3,C3_S008,G028,EMPTY,MANEUVERING,0.4775021686111436
219.0,cctv3,C3_S009,G029,EMPTY,MANEUVERING,0.49
219.0,cctv3,C3_S010,G007,EMPTY,MANEUVERING,0.1948990269276228
219.0,cctv3,C3_S011,G008,OCCUPIED,OCCUPIED,0.8005094532262196
219.0,cctv3,C3_S012,G009,OCCUPIED,OCCUPIED,0.8278300892223012
220.0,cctv1,C1_S001,G001,OCCUPIED,OCCUPIED,0.7285071797330271
220.0,cctv1,C1_S002,G002,EMPTY,EMPTY,0.01
220.0,cctv1,C1_S003,G003,OCCUPIED,OCCUPIED,0.8375381131063808
220.0,cctv1,C1_S004,G004,OCCUPIED,OCCUPIED,0.7722123724493114
220.0,cctv1,C1_S005,G005,OCCUPIED,OCCUPIED,0.7748074052008717
220.0,cctv1,C1_S006,G006,EMPTY,EMPTY,0.01
220.0,cctv2,C2_S001,G007,OCCUPIED,OCCUPIED,0.7997031897306442
220.0,cctv2,C2_S002,G008,OCCUPIED,LEAVING,0.786747373234142
220.0,cctv2,C2_S003,G009,EMPTY,EMPTY,0.01
220.0,cctv2,C2_S004,G010,OCCUPIED,OCCUPIED,0.5783406928497734
220.0,cctv2,C2_S005,G001,EMPTY,EMPTY,0.01
220.0,cctv2,C2_S006,G003,OCCUPIED,OCCUPIED,0.8222870222546839
220.0,cctv2,C2_S007,G004,OCCUPIED,OCCUPIED,0.7967465509067883
220.0,cctv2,C2_S008,G006,OCCUPIED,OCCUPIED,0.7658557585694574
220.0,cctv2,C2_S009,G005,OCCUPIED,OCCUPIED,0.7779103617776525
220.0,cctv2,C2_S010,G002,EMPTY,EMPTY,0.01
220.0,cctv2,C2_S011,G017,OCCUPIED,OCCUPIED,0.8036849355155772
220.0,cctv2,C2_S012,G018,OCCUPIED,LEAVING,0.7757703962651167
220.0,cctv2,C2_S013,G019,EMPTY,MANEUVERING,0.2249658217619765
220.0,cctv2,C2_S014,G020,EMPTY,EMPTY,0.01
220.0,cctv3,C3_S001,G021,OCCUPIED,OCCUPIED,0.814590948549184
220.0,cctv3,C3_S002,G019,EMPTY,EMPTY,0.01
220.0,cctv3,C3_S003,G020,EMPTY,EMPTY,0.01
220.0,cctv3,C3_S004,G024,OCCUPIED,LEAVING,0.8263628761876713
220.0,cctv3,C3_S005,G025,OCCUPIED,OCCUPIED,0.8134284373034131
220.0,cctv3,C3_S006,G026,OCCUPIED,OCCUPIED,0.7970055092464794
220.0,cctv3,C3_S007,G027,OCCUPIED,OCCUPIED,0.51
220.0,cctv3,C3_S008,G028,EMPTY,MANEUVERING,0.4325021686111435
220.0,cctv3,C3_S009,G029,EMPTY,MANEUVERING,0.49
220.0,cctv3,C3_S010,G007,EMPTY,MANEUVERING,0.2352408628436652
220.0,cctv3,C3_S011,G008,OCCUPIED,OCCUPIED,0.8013729644092648
220.0,cctv3,C3_S012,G009,OCCUPIED,OCCUPIED,0.827699837088585
221.0,cctv1,C1_S001,G001,OCCUPIED,OCCUPIED,0.6487113048915158
221.0,cctv1,C1_S002,G002,EMPTY,EMPTY,0.01
221.0,cctv1,C1_S003,G003,OCCUPIED,OCCUPIED,0.8376738336953251
221.0,cctv1,C1_S004,G004,OCCUPIED,OCCUPIED,0.7733922132036903
221.0,cctv1,C1_S005,G005,OCCUPIED,OCCUPIED,0.7767634691162544
221.0,cctv1,C1_S006,G006,EMPTY,EMPTY,0.01
221.0,cctv2,C2_S001,G007,OCCUPIED,OCCUPIED,0.80347515669736
221.0,cctv2,C2_S002,G008,OCCUPIED,LEAVING,0.7903540982441469
221.0,cctv2,C2_S003,G009,EMPTY,EMPTY,0.01
221.0,cctv2,C2_S004,G010,OCCUPIED,OCCUPIED,0.5813396195886714
221.0,cctv2,C2_S005,G001,EMPTY,EMPTY,0.01
221.0,cctv2,C2_S006,G003,OCCUPIED,OCCUPIED,0.822372883016413
221.0,cctv2,C2_S007,G004,OCCUPIED,OCCUPIED,0.7965593197128991
221.0,cctv2,C2_S008,G006,OCCUPIED,OCCUPIED,0.7654847680167719
221.0,cctv2,C2_S009,G005,OCCUPIED,OCCUPIED,0.7775930044325916
221.0,cctv2,C2_S010,G002,EMPTY,EMPTY,0.01
221.0,cctv2,C2_S011,G017,OCCUPIED,OCCUPIED,0.8021817768161947
221.0,cctv2,C2_S012,G018,OCCUPIED,LEAVING,0.7698290460489013
221.0,cctv2,C2_S013,G019,EMPTY,MANEUVERING,0.2249658217619765
221.0,cctv2,C2_S014,G020,EMPTY,EMPTY,0.01
221.0,cctv3,C3_S001,G021,OCCUPIED,OCCUPIED,0.8143223383209923
221.0,cctv3,C3_S002,G019,EMPTY,EMPTY,0.01
221.0,cctv3,C3_S003,G020,EMPTY,EMPTY,0.01
221.0,cctv3,C3_S004,G024,OCCUPIED,LEAVING,0.8286650877107274
221.0,cctv3,C3_S005,G025,OCCUPIED,OCCUPIED,0.8176280235702342
221.0,cctv3,C3_S006,G026,OCCUPIED,OCCUPIED,0.7969024148854343
221.0,cctv3,C3_S007,G027,OCCUPIED,OCCUPIED,0.51
221.0,cctv3,C3_S008,G028,EMPTY,MANEUVERING,0.3958355019444769
221.0,cctv3,C3_S009,G029,EMPTY,MANEUVERING,0.49
221.0,cctv3,C3_S010,G007,EMPTY,MANEUVERING,0.1821223623237826
221.0,cctv3,C3_S011,G008,OCCUPIED,OCCUPIED,0.8075350327925249
221.0,cctv3,C3_S012,G009,OCCUPIED,OCCUPIED,0.8274576490575618
222.0,cctv1,C1_S001,G001,OCCUPIED,OCCUPIED,0.6474378689412367
222.0,cctv1,C1_S002,G002,EMPTY,EMPTY,0.01
222.0,cctv1,C1_S003,G003,OCCUPIED,OCCUPIED,0.8374540323560888
222.0,cctv1,C1_S004,G004,OCCUPIED,OCCUPIED,0.7736885745416988
222.0,cctv1,C1_S005,G005,OCCUPIED,OCCUPIED,0.7772250809452751
222.0,cctv1,C1_S006,G006,EMPTY,EMPTY,0.01
222.0,cctv2,C2_S001,G007,OCCUPIED,OCCUPIED,0.8036636851050638
222.0,cctv2,C2_S002,G008,OCCUPIED,LEAVING,0.7913211150602861
222.0,cctv2,C2_S003,G009,EMPTY,EMPTY,0.01
222.0,cctv2,C2_S004,G010,OCCUPIED,OCCUPIED,0.6263560173231544
222.0,cctv2,C2_S005,G001,EMPTY,EMPTY,0.01
222.0,cctv2,C2_S006,G003,OCCUPIED,OCCUPIED,0.8230621448972009
222.0,cctv2,C2_S007,G004,OCCUPIED,OCCUPIED,0.7961592170325194
222.0,cctv2,C2_S008,G006,OCCUPIED,OCCUPIED,0.7652146443724633
222.0,cctv2,C2_S009,G005,OCCUPIED,OCCUPIED,0.7781241338361394
222.0,cctv2,C2_S010,G002,EMPTY,EMPTY,0.01
222.0,cctv2,C2_S011,G017,OCCUPIED,OCCUPIED,0.8033442624590614
222.0,cctv2,C2_S012,G018,OCCUPIED,OCCUPIED,0.7700972336259756
222.0,cctv2,C2_S013,G019,EMPTY,MANEUVERING,0.3093165024302222
222.0,cctv2,C2_S014,G020,EMPTY,EMPTY,0.01
222.0,cctv3,C3_S001,G021,OCCUPIED,OCCUPIED,0.8144286684014581
222.0,cctv3,C3_S002,G019,EMPTY,EMPTY,0.01
222.0,cctv3,C3_S003,G020,EMPTY,EMPTY,0.01
222.0,cctv3,C3_S004,G024,OCCUPIED,LEAVING,0.8288007067008453
222.0,cctv3,C3_S005,G025,OCCUPIED,OCCUPIED,0.8187557063319467
222.0,cctv3,C3_S006,G026,OCCUPIED,OCCUPIED,0.7959892677989874
222.0,cctv3,C3_S007,G027,OCCUPIED,OCCUPIED,0.51
222.0,cctv3,C3_S008,G028,EMPTY,MANEUVERING,0.4440435805713588
222.0,cctv3,C3_S009,G029,EMPTY,MANEUVERING,0.49
222.0,cctv3,C3_S010,G007,EMPTY,MANEUVERING,0.143340078077533
222.0,cctv3,C3_S011,G008,OCCUPIED,OCCUPIED,0.8111876707185399
222.0,cctv3,C3_S012,G009,OCCUPIED,OCCUPIED,0.827464291995222
223.0,cctv1,C1_S001,G001,OCCUPIED,OCCUPIED,0.563733798421242
223.0,cctv1,C1_S002,G002,EMPTY,EMPTY,0.01
223.0,cctv1,C1_S003,G003,OCCUPIED,OCCUPIED,0.8374660844152625
223.0,cctv1,C1_S004,G004,OCCUPIED,OCCUPIED,0.7727782592177391
223.0,cctv1,C1_S005,G005,OCCUPIED,OCCUPIED,0.7750373257832094
223.0,cctv1,C1_S006,G006,EMPTY,EMPTY,0.01
223.0,cctv2,C2_S001,G007,OCCUPIED,OCCUPIED,0.8024103026498448
223.0,cctv2,C2_S002,G008,OCCUPIED,LEAVING,0.7915896716442976
223.0,cctv2,C2_S003,G009,EMPTY,EMPTY,0.01
223.0,cctv2,C2_S004,G010,OCCUPIED,OCCUPIED,0.6706585297304573
223.0,cctv2,C2_S005,G001,EMPTY,EMPTY,0.01
223.0,cctv2,C2_S006,G003,OCCUPIED,OCCUPIED,0.8233723830093038
223.0,cctv2,C2_S007,G004,OCCUPIED,OCCUPIED,0.7957167061892423
223.0,cctv2,C2_S008,G006,OCCUPIED,OCCUPIED,0.7627916363152591
223.0,cctv2,C2_S009,G005,OCCUPIED,OCCUPIED,0.778651861710982
223.0,cctv2,C2_S010,G002,EMPTY,EMPTY,0.01
223.0,cctv2,C2_S011,G017,OCCUPIED,LEAVING,0.8048701760443775
223.0,cctv2,C2_S012,G018,OCCUPIED,LEAVING,0.7739908627488397
223.0,cctv2,C2_S013,G019,EMPTY,MANEUVERING,0.2643165024302222
223.0,cctv2,C2_S014,G020,EMPTY,EMPTY,0.01
223.0,cctv3,C3_S001,G021,OCCUPIED,OCCUPIED,0.8149599831212652
223.0,cctv3,C3_S002,G019,EMPTY,EMPTY,0.01
223.0,cctv3,C3_S003,G020,EMPTY,EMPTY,0.01
223.0,cctv3,C3_S004,G024,OCCUPIED,OCCUPIED,0.8280466150153768
223.0,cctv3,C3_S005,G025,OCCUPIED,LEAVING,0.8144579085436735
223.0,cctv3,C3_S006,G026,OCCUPIED,OCCUPIED,0.7937142087654635
223.0,cctv3,C3_S007,G027,OCCUPIED,OCCUPIED,0.51
223.0,cctv3,C3_S008,G028,EMPTY,MANEUVERING,0.3890435805713588
223.0,cctv3,C3_S009,G029,EMPTY,MANEUVERING,0.49
223.0,cctv3,C3_S010,G007,EMPTY,MANEUVERING,0.143340078077533
223.0,cctv3,C3_S011,G008,OCCUPIED,OCCUPIED,0.810370316288688
223.0,cctv3,C3_S012,G009,OCCUPIED,OCCUPIED,0.8271868239749562
224.0,cctv1,C1_S001,G001,OCCUPIED,OCCUPIED,0.5641568550535224
224.0,cctv1,C1_S002,G002,EMPTY,EMPTY,0.01
224.0,cctv1,C1_S003,G003,OCCUPIED,OCCUPIED,0.8376981133764441
224.0,cctv1,C1_S004,G004,OCCUPIED,OCCUPIED,0.7732225074009462
224.0,cctv1,C1_S005,G005,OCCUPIED,OCCUPIED,0.7778894222595476
224.0,cctv1,C1_S006,G006,EMPTY,EMPTY,0.01
224.0,cctv2,C2_S001,G007,OCCUPIED,OCCUPIED,0.7984965175390244
224.0,cctv2,C2_S002,G008,OCCUPIED,LEAVING,0.7880908819762144
224.0,cctv2,C2_S003,G009,EMPTY,EMPTY,0.01
224.0,cctv2,C2_S004,G010,OCCUPIED,OCCUPIED,0.6705382699090423
224.0,cctv2,C2_S005,G001,EMPTY,EMPTY,0.01
224.0,cctv2,C2_S006,G003,OCCUPIED,OCCUPIED,0.8233820397745479
224.0,cctv2,C2_S007,G004,OCCUPIED,OCCUPIED,0.7957424423911356
224.0,cctv2,C2_S008,G006,OCCUPIED,OCCUPIED,0.7645185997540301
224.0,cctv2,C2_S009,G005,OCCUPIED,OCCUPIED,0.7780908541245894
224.0,cctv2,C2_S010,G002,EMPTY,EMPTY,0.01
224.0,cctv2,C2_S011,G017,OCCUPIED,LEAVING,0.8058615603230217
224.0,cctv2,C2_S012,G018,OCCUPIED,LEAVING,0.7765428911555898
224.0,cctv2,C2_S013,G019,EMPTY,MANEUVERING,0.3465334068509665
224.0,cctv2,C2_S014,G020,EMPTY,EMPTY,0.01
224.0,cctv3,C3_S001,G021,OCCUPIED,OCCUPIED,0.8146808220581575
224.0,cctv3,C3_S002,G019,EMPTY,EMPTY,0.01
224.0,cctv3,C3_S003,G020,EMPTY,EMPTY,0.01
224.0,cctv3,C3_S004,G024,OCCUPIED,LEAVING,0.8267050390893763
224.0,cctv3,C3_S005,G025,OCCUPIED,LEAVING,0.7207532548091629
224.0,cctv3,C3_S006,G026,OCCUPIED,OCCUPIED,0.7972739276560871
224.0,cctv3,C3_S007,G027,OCCUPIED,OCCUPIED,0.51
224.0,cctv3,C3_S008,G028,EMPTY,MANEUVERING,0.3810435805713588
224.0,cctv3,C3_S009,G029,EMPTY,MANEUVERING,0.49
224.0,cctv3,C3_S010,G007,EMPTY,MANEUVERING,0.1971186016635461
224.0,cctv3,C3_S011,G008,OCCUPIED,OCCUPIED,0.8075899880040777
224.0,cctv3,C3_S012,G009,OCCUPIED,OCCUPIED,0.8271881236271426
225.0,cctv1,C1_S001,G001,OCCUPIED,OCCUPIED,0.6089849050907474
225.0,cctv1,C1_S002,G002,EMPTY,EMPTY,0.01
225.0,cctv1,C1_S003,G003,OCCUPIED,OCCUPIED,0.837804432890632
225.0,cctv1,C1_S004,G004,OCCUPIED,OCCUPIED,0.7739850862459704
225.0,cctv1,C1_S005,G005,OCCUPIED,OCCUPIED,0.7790787958286026
225.0,cctv1,C1_S006,G006,EMPTY,EMPTY,0.01
225.0,cctv2,C2_S001,G007,OCCUPIED,OCCUPIED,0.7935422371056947
225.0,cctv2,C2_S002,G008,OCCUPIED,LEAVING,0.7882578210397201
225.0,cctv2,C2_S003,G009,EMPTY,EMPTY,0.01
225.0,cctv2,C2_S004,G010,OCCUPIED,OCCUPIED,0.6703480215686741
225.0,cctv2,C2_S005,G001,EMPTY,EMPTY,0.01
225.0,cctv2,C2_S006,G003,OCCUPIED,OCCUPIED,0.8228346439925107
225.0,cctv2,C2_S007,G004,OCCUPIED,OCCUPIED,0.7956845733252439
225.0,cctv2,C2_S008,G006,OCCUPIED,OCCUPIED,0.7654500313780526
225.0,cctv2,C2_S009,G005,OCCUPIED,OCCUPIED,0.7782100978222761
225.0,cctv2,C2_S010,G002,EMPTY,EMPTY,0.01
225.0,cctv2,C2_S011,G017,OCCUPIED,LEAVING,0.8052914649248124
225.0,cctv2,C2_S012,G018,OCCUPIED,LEAVING,0.6962070092965256
225.0,cctv2,C2_S013,G019,EMPTY,MANEUVERING,0.3465334068509665
225.0,cctv2,C2_S014,G020,EMPTY,EMPTY,0.01
225.0,cctv3,C3_S001,G021,OCCUPIED,OCCUPIED,0.8141376755454324
225.0,cctv3,C3_S002,G019,EMPTY,EMPTY,0.01
225.0,cctv3,C3_S003,G020,EMPTY,EMPTY,0.01
225.0,cctv3,C3_S004,G024,OCCUPIED,LEAVING,0.7452934794534336
225.0,cctv3,C3_S005,G025,OCCUPIED,LEAVING,0.7176702549240807
225.0,cctv3,C3_S006,G026,OCCUPIED,OCCUPIED,0.798962705785578
225.0,cctv3,C3_S007,G027,OCCUPIED,OCCUPIED,0.51
225.0,cctv3,C3_S008,G028,EMPTY,MANEUVERING,0.3298318571800535
225.0,cctv3,C3_S009,G029,EMPTY,MANEUVERING,0.49
225.0,cctv3,C3_S010,G007,EMPTY,MANEUVERING,0.1971186016635461
225.0,cctv3,C3_S011,G008,OCCUPIED,OCCUPIED,0.8037771413272078
225.0,cctv3,C3_S012,G009,OCCUPIED,OCCUPIED,0.8274855732917786
226.0,cctv1,C1_S001,G001,OCCUPIED,OCCUPIED,0.6074260653126421
226.0,cctv1,C1_S002,G002,EMPTY,EMPTY,0.01
226.0,cctv1,C1_S003,G003,OCCUPIED,OCCUPIED,0.8378626116297463
226.0,cctv1,C1_S004,G004,OCCUPIED,OCCUPIED,0.7749549401077358
226.0,cctv1,C1_S005,G005,OCCUPIED,OCCUPIED,0.7786192610859871
226.0,cctv1,C1_S006,G006,EMPTY,EMPTY,0.01
226.0,cctv2,C2_S001,G007,OCCUPIED,OCCUPIED,0.788608654588461
226.0,cctv2,C2_S002,G008,OCCUPIED,LEAVING,0.7920805792916905
226.0,cctv2,C2_S003,G009,EMPTY,EMPTY,0.01
226.0,cctv2,C2_S004,G010,OCCUPIED,OCCUPIED,0.6726559228517793
226.0,cctv2,C2_S005,G001,EMPTY,EMPTY,0.01
226.0,cctv2,C2_S006,G003,OCCUPIED,OCCUPIED,0.8222696342251519
226.0,cctv2,C2_S007,G004,OCCUPIED,OCCUPIED,0.7950356274843217
226.0,cctv2,C2_S008,G006,OCCUPIED,OCCUPIED,0.762895487790758
226.0,cctv2,C2_S009,G005,OCCUPIED,OCCUPIED,0.7792768948457458
226.0,cctv2,C2_S010,G002,EMPTY,EMPTY,0.01
226.0,cctv2,C2_S011,G017,OCCUPIED,LEAVING,0.8068967377597636
226.0,cctv2,C2_S012,G018,OCCUPIED,LEAVING,0.7031426783312451
226.0,cctv2,C2_S013,G019,EMPTY,MANEUVERING,0.3015334068509665
226.0,cctv2,C2_S014,G020,EMPTY,EMPTY,0.01
226.0,cctv3,C3_S001,G021,OCCUPIED,OCCUPIED,0.8140537654811686
226.0,cctv3,C3_S002,G019,EMPTY,EMPTY,0.01
226.0,cctv3,C3_S003,G020,EMPTY,EMPTY,0.01
226.0,cctv3,C3_S004,G024,OCCUPIED,LEAVING,0.7461767425049435
226.0,cctv3,C3_S005,G025,OCCUPIED,LEAVING,0.717734856822274
226.0,cctv3,C3_S006,G026,OCCUPIED,OCCUPIED,0.8004172067750585
226.0,cctv3,C3_S007,G027,OCCUPIED,OCCUPIED,0.51
226.0,cctv3,C3_S008,G028,EMPTY,MANEUVERING,0.2848318571800535
226.0,cctv3,C3_S009,G029,EMPTY,MANEUVERING,0.4854057092854584
226.0,cctv3,C3_S010,G007,EMPTY,MANEUVERING,0.2912200232798403
226.0,cctv3,C3_S011,G008,OCCUPIED,OCCUPIED,0.8021734038537199
226.0,cctv3,C3_S012,G009,OCCUPIED,OCCUPIED,0.8273164153099061
227.0,cctv1,C1_S001,G001,OCCUPIED,OCCUPIED,0.6495051959473076
227.0,cctv1,C1_S002,G002,EMPTY,EMPTY,0.01
227.0,cctv1,C1_S003,G003,OCCUPIED,OCCUPIED,0.8377917655489662
227.0,cctv1,C1_S004,G004,OCCUPIED,OCCUPIED,0.7743174440481446
227.0,cctv1,C1_S005,G005,OCCUPIED,OCCUPIED,0.7801940843462944
227.0,cctv1,C1_S006,G006,EMPTY,EMPTY,0.01
227.0,cctv2,C2_S001,G007,OCCUPIED,OCCUPIED,0.7864786120300944
227.0,cctv2,C2_S002,G008,OCCUPIED,LEAVING,0.7940847982059827
227.0,cctv2,C2_S003,G009,EMPTY,EMPTY,0.01
227.0,cctv2,C2_S004,G010,OCCUPIED,OCCUPIED,0.6735968132136446
227.0,cctv2,C2_S005,G001,EMPTY,EMPTY,0.01
227.0,cctv2,C2_S006,G003,OCCUPIED,OCCUPIED,0.8221561784094031
227.0,cctv2,C2_S007,G004,OCCUPIED,OCCUPIED,0.7945830933072351
227.0,cctv2,C2_S008,G006,OCCUPIED,OCCUPIED,0.7626856236295267
227.0,cctv2,C2_S009,G005,OCCUPIED,OCCUPIED,0.7807176982814616
227.0,cctv2,C2_S010,G002,EMPTY,EMPTY,0.01
227.0,cctv2,C2_S011,G017,OCCUPIED,LEAVING,0.8065688588402489
227.0,cctv2,C2_S012,G018,OCCUPIED,LEAVING,0.7091182944584977
227.0,cctv2,C2_S013,G019,EMPTY,MANEUVERING,0.3015334068509665
227.0,cctv2,C2_S014,G020,EMPTY,EMPTY,0.01
227.0,cctv3,C3_S001,G021,OCCUPIED,OCCUPIED,0.813224453275854
227.0,cctv3,C3_S002,G019,EMPTY,EMPTY,0.01
227.0,cctv3,C3_S003,G020,EMPTY,EMPTY,0.01
227.0,cctv3,C3_S004,G024,OCCUPIED,LEAVING,0.7434294434298169
227.0,cctv3,C3_S005,G025,OCCUPIED,LEAVING,0.7184479936144569
227.0,cctv3,C3_S006,G026,OCCUPIED,OCCUPIED,0.8015843708406796
227.0,cctv3,C3_S007,G027,OCCUPIED,OCCUPIED,0.5178278362994845
227.0,cctv3,C3_S008,G028,EMPTY,MANEUVERING,0.2339674926339225
227.0,cctv3,C3_S009,G029,EMPTY,MANEUVERING,0.4849698142783548
227.0,cctv3,C3_S010,G007,EMPTY,MANEUVERING,0.2912200232798403
227.0,cctv3,C3_S011,G008,OCCUPIED,OCCUPIED,0.8009567237713121
227.0,cctv3,C3_S012,G009,OCCUPIED,OCCUPIED,0.8269420463930477
228.0,cctv1,C1_S001,G001,OCCUPIED,OCCUPIED,0.6512463182775361
228.0,cctv1,C1_S002,G002,EMPTY,EMPTY,0.01
228.0,cctv1,C1_S003,G003,OCCUPIED,OCCUPIED,0.837684962424365
228.0,cctv1,C1_S004,G004,OCCUPIED,OCCUPIED,0.7726603403687478
228.0,cctv1,C1_S005,G005,OCCUPIED,OCCUPIED,0.7826524987816811
228.0,cctv1,C1_S006,G006,EMPTY,EMPTY,0.01
228.0,cctv2,C2_S001,G007,OCCUPIED,OCCUPIED,0.7832859343425794
228.0,cctv2,C2_S002,G008,OCCUPIED,LEAVING,0.7983760327100754
228.0,cctv2,C2_S003,G009,EMPTY,EMPTY,0.01
228.0,cctv2,C2_S004,G010,OCCUPIED,OCCUPIED,0.6782419462321383
228.0,cctv2,C2_S005,G001,EMPTY,EMPTY,0.01
228.0,cctv2,C2_S006,G003,OCCUPIED,OCCUPIED,0.8222276535901157
228.0,cctv2,C2_S007,G004,OCCUPIED,OCCUPIED,0.7933573684909128
228.0,cctv2,C2_S008,G006,OCCUPIED,OCCUPIED,0.7606769485907122
228.0,cctv2,C2_S009,G005,OCCUPIED,OCCUPIED,0.7771253169937568
228.0,cctv2,C2_S010,G002,EMPTY,EMPTY,0.01
228.0,cctv2,C2_S011,G017,OCCUPIED,LEAVING,0.805506366762248
228.0,cctv2,C2_S012,G018,OCCUPIED,LEAVING,0.7138184428621422
228.0,cctv2,C2_S013,G019,EMPTY,MANEUVERING,0.3655916393785314
228.0,cctv2,C2_S014,G020,EMPTY,EMPTY,0.01
228.0,cctv3,C3_S001,G021,OCCUPIED,OCCUPIED,0.8132294803857804
228.0,cctv3,C3_S002,G019,EMPTY,EMPTY,0.01
228.0,cctv3,C3_S003,G020,EMPTY,EMPTY,0.01
228.0,cctv3,C3_S004,G024,OCCUPIED,LEAVING,0.7426988543976437
228.0,cctv3,C3_S005,G025,OCCUPIED,LEAVING,0.7635883473537186
228.0,cctv3,C3_S006,G026,OCCUPIED,LEAVING,0.8018446296453476
228.0,cctv3,C3_S007,G027,OCCUPIED,OCCUPIED,0.5678115742725212
228.0,cctv3,C3_S008,G028,EMPTY,MANEUVERING,0.1826595505448904
228.0,cctv3,C3_S009,G029,EMPTY,MANEUVERING,0.4369793707606468
228.0,cctv3,C3_S010,G007,EMPTY,MANEUVERING,0.3440827635946599
228.0,cctv3,C3_S011,G008,OCCUPIED,OCCUPIED,0.7996255678209392
228.0,cctv3,C3_S012,G009,OCCUPIED,OCCUPIED,0.8266447389667685
229.0,cctv1,C1_S001,G001,OCCUPIED,OCCUPIED,0.6513406605092865
229.0,cctv1,C1_S002,G002,EMPTY,EMPTY,0.01
229.0,cctv1,C1_S003,G003,OCCUPIED,OCCUPIED,0.8378285589543256
229.0,cctv1,C1_S004,G004,OCCUPIED,OCCUPIED,0.7708093670281497
229.0,cctv1,C1_S005,G005,OCCUPIED,OCCUPIED,0.7835217116908594
229.0,cctv1,C1_S006,G006,EMPTY,EMPTY,0.01
229.0,cctv2,C2_S001,G007,OCCUPIED,OCCUPIED,0.7776832252063535
229.0,cctv2,C2_S002,G008,OCCUPIED,LEAVING,0.8007784670049495
229.0,cctv2,C2_S003,G009,EMPTY,EMPTY,0.01
229.0,cctv2,C2_S004,G010,OCCUPIED,OCCUPIED,0.7160540544648063
229.0,cctv2,C2_S005,G001,EMPTY,EMPTY,0.01
229.0,cctv2,C2_S006,G003,OCCUPIED,OCCUPIED,0.822037641026757
229.0,cctv2,C2_S007,G004,OCCUPIED,OCCUPIED,0.792759322849187
229.0,cctv2,C2_S008,G006,OCCUPIED,OCCUPIED,0.7598298127000983
229.0,cctv2,C2_S009,G005,OCCUPIED,OCCUPIED,0.7760189606384799
229.0,cctv2,C2_S010,G002,EMPTY,EMPTY,0.01
229.0,cctv2,C2_S011,G017,OCCUPIED,LEAVING,0.8036953514272517
229.0,cctv2,C2_S012,G018,OCCUPIED,LEAVING,0.7608294527639042
229.0,cctv2,C2_S013,G019,EMPTY,MANEUVERING,0.4635960588807409
229.0,cctv2,C2_S014,G020,EMPTY,EMPTY,0.01
229.0,cctv3,C3_S001,G021,OCCUPIED,OCCUPIED,0.8110957701097836
229.0,cctv3,C3_S002,G019,EMPTY,EMPTY,0.01
229.0,cctv3,C3_S003,G020,EMPTY,MANEUVERING,0.2519230849634517
229.0,cctv3,C3_S004,G024,OCCUPIED,LEAVING,0.7873666359890592
229.0,cctv3,C3_S005,G025,OCCUPIED,LEAVING,0.7638111817023971
229.0,cctv3,C3_S006,G026,OCCUPIED,LEAVING,0.8027639234607871
229.0,cctv3,C3_S007,G027,OCCUPIED,OCCUPIED,0.6166262545761737
229.0,cctv3,C3_S008,G028,EMPTY,MANEUVERING,0.1276491204730489
229.0,cctv3,C3_S009,G029,EMPTY,MANEUVERING,0.3447512307424437
229.0,cctv3,C3_S010,G007,EMPTY,MANEUVERING,0.4399064407836307
229.0,cctv3,C3_S011,G008,OCCUPIED,OCCUPIED,0.7981867488134992
229.0,cctv3,C3_S012,G009,OCCUPIED,OCCUPIED,0.8261868354949085
230.0,cctv1,C1_S001,G001,OCCUPIED,OCCUPIED,0.6523622873493217
230.0,cctv1,C1_S002,G002,EMPTY,EMPTY,0.01
230.0,cctv1,C1_S003,G003,OCCUPIED,OCCUPIED,0.8379063324494795
230.0,cctv1,C1_S004,G004,OCCUPIED,OCCUPIED,0.7714316301725128
230.0,cctv1,C1_S005,G005,OCCUPIED,OCCUPIED,0.7836328998208046
230.0,cctv1,C1_S006,G006,EMPTY,EMPTY,0.01
230.0,cctv2,C2_S001,G007,OCCUPIED,OCCUPIED,0.7701994044536895
230.0,cctv2,C2_S002,G008,OCCUPIED,LEAVING,0.8031735626134007
230.0,cctv2,C2_S003,G009,EMPTY,EMPTY,0.01
230.0,cctv2,C2_S004,G010,OCCUPIED,OCCUPIED,0.7529261937872931
230.0,cctv2,C2_S005,G001,EMPTY,EMPTY,0.01
230.0,cctv2,C2_S006,G003,OCCUPIED,OCCUPIED,0.8221185844052923
230.0,cctv2,C2_S007,G004,OCCUPIED,OCCUPIED,0.791654412042011
230.0,cctv2,C2_S008,G006,OCCUPIED,OCCUPIED,0.7557843693278053
230.0,cctv2,C2_S009,G005,OCCUPIED,OCCUPIED,0.7742249110882933
230.0,cctv2,C2_S010,G002,EMPTY,EMPTY,0.01
230.0,cctv2,C2_S011,G017,OCCUPIED,LEAVING,0.8011317919601094
230.0,cctv2,C2_S012,G018,OCCUPIED,LEAVING,0.7596870404888284
230.0,cctv2,C2_S013,G019,EMPTY,MANEUVERING,0.49
230.0,cctv2,C2_S014,G020,EMPTY,EMPTY,0.01
230.0,cctv3,C3_S001,G021,OCCUPIED,OCCUPIED,0.8073525352911516
230.0,cctv3,C3_S002,G019,EMPTY,EMPTY,0.01
230.0,cctv3,C3_S003,G020,EMPTY,MANEUVERING,0.3600409304282881
230.0,cctv3,C3_S004,G024,OCCUPIED,LEAVING,0.7865891699899327
230.0,cctv3,C3_S005,G025,OCCUPIED,LEAVING,0.7640802689573982
230.0,cctv3,C3_S006,G026,OCCUPIED,LEAVING,0.8060201617804441
230.0,cctv3,C3_S007,G027,OCCUPIED,OCCUPIED,0.6665335602182331
230.0,cctv3,C3_S008,G028,EMPTY,MANEUVERING,0.0784476100694049
230.0,cctv3,C3_S009,G029,EMPTY,MANEUVERING,0.390518331717361
230.0,cctv3,C3_S010,G007,EMPTY,MANEUVERING,0.3949064407836308
230.0,cctv3,C3_S011,G008,OCCUPIED,OCCUPIED,0.7969982668757439
230.0,cctv3,C3_S012,G009,OCCUPIED,OCCUPIED,0.8263793230056763
231.0,cctv1,C1_S001,G001,OCCUPIED,OCCUPIED,0.6544381795394602
231.0,cctv1,C1_S002,G002,EMPTY,EMPTY,0.01
231.0,cctv1,C1_S003,G003,OCCUPIED,OCCUPIED,0.8378303682262248
231.0,cctv1,C1_S004,G004,OCCUPIED,OCCUPIED,0.7724183364347978
231.0,cctv1,C1_S005,G005,OCCUPIED,OCCUPIED,0.7865840011022308
231.0,cctv1,C1_S006,G006,EMPTY,EMPTY,0.01
231.0,cctv2,C2_S001,G007,OCCUPIED,OCCUPIED,0.684109532054175
231.0,cctv2,C2_S002,G008,OCCUPIED,LEAVING,0.8062916907397184
231.0,cctv2,C2_S003,G009,EMPTY,EMPTY,0.01
231.0,cctv2,C2_S004,G010,OCCUPIED,OCCUPIED,0.7515095525844532
231.0,cctv2,C2_S005,G001,EMPTY,EMPTY,0.01
231.0,cctv2,C2_S006,G003,OCCUPIED,OCCUPIED,0.8224205816333945
231.0,cctv2,C2_S007,G004,OCCUPIED,OCCUPIED,0.7915644531900233
231.0,cctv2,C2_S008,G006,OCCUPIED,OCCUPIED,0.755712953074412
231.0,cctv2,C2_S009,G005,OCCUPIED,OCCUPIED,0.7738477892496369
231.0,cctv2,C2_S010,G002,EMPTY,EMPTY,0.01
231.0,cctv2,C2_S011,G017,OCCUPIED,LEAVING,0.8010098180987619
231.0,cctv2,C2_S012,G018,OCCUPIED,LEAVING,0.7592248824645172
231.0,cctv2,C2_S013,G019,EMPTY,MANEUVERING,0.49
231.0,cctv2,C2_S014,G020,EMPTY,EMPTY,0.01
231.0,cctv3,C3_S001,G021,OCCUPIED,OCCUPIED,0.8050826370716095
231.0,cctv3,C3_S002,G019,EMPTY,EMPTY,0.01
231.0,cctv3,C3_S003,G020,EMPTY,MANEUVERING,0.4443949249657717
231.0,cctv3,C3_S004,G024,OCCUPIED,LEAVING,0.7860321565378796
231.0,cctv3,C3_S005,G025,OCCUPIED,LEAVING,0.7649354966662147
231.0,cctv3,C3_S006,G026,OCCUPIED,LEAVING,0.8086799377744849
231.0,cctv3,C3_S007,G027,OCCUPIED,OCCUPIED,0.7041304530880669
231.0,cctv3,C3_S008,G028,EMPTY,MANEUVERING,0.0773567009784958
231.0,cctv3,C3_S009,G029,EMPTY,MANEUVERING,0.345518331717361
231.0,cctv3,C3_S010,G007,EMPTY,MANEUVERING,0.4458660722862591
231.0,cctv3,C3_S011,G008,OCCUPIED,OCCUPIED,0.7959109172225
231.0,cctv3,C3_S012,G009,OCCUPIED,OCCUPIED,0.8262543174353514
232.0,cctv1,C1_S001,G001,OCCUPIED,OCCUPIED,0.691297793540765
232.0,cctv1,C1_S002,G002,EMPTY,EMPTY,0.01
232.0,cctv1,C1_S003,G003,OCCUPIED,OCCUPIED,0.8380760870196603
232.0,cctv1,C1_S004,G004,OCCUPIED,OCCUPIED,0.7721596434712411
232.0,cctv1,C1_S005,G005,OCCUPIED,OCCUPIED,0.788299162414941
232.0,cctv1,C1_S006,G006,EMPTY,EMPTY,0.01
232.0,cctv2,C2_S001,G007,OCCUPIED,OCCUPIED,0.6758475334603679
232.0,cctv2,C2_S002,G008,OCCUPIED,LEAVING,0.8061670931902799
232.0,cctv2,C2_S003,G009,EMPTY,EMPTY,0.01
232.0,cctv2,C2_S004,G010,OCCUPIED,OCCUPIED,0.7494937879795378
232.0,cctv2,C2_S005,G001,EMPTY,EMPTY,0.01
232.0,cctv2,C2_S006,G003,OCCUPIED,OCCUPIED,0.8224680494178426
232.0,cctv2,C2_S007,G004,OCCUPIED,OCCUPIED,0.7905267934907567
232.0,cctv2,C2_S008,G006,OCCUPIED,OCCUPIED,0.7556098099459302
232.0,cctv2,C2_S009,G005,OCCUPIED,OCCUPIED,0.7729087299921297
232.0,cctv2,C2_S010,G002,EMPTY,EMPTY,0.01
232.0,cctv2,C2_S011,G017,OCCUPIED,LEAVING,0.8009552042592656
232.0,cctv2,C2_S012,G018,OCCUPIED,LEAVING,0.7650049288977276
232.0,cctv2,C2_S013,G019,EMPTY,MANEUVERING,0.49
232.0,cctv2,C2_S014,G020,EMPTY,EMPTY,0.01
232.0,cctv3,C3_S001,G021,OCCUPIED,OCCUPIED,0.8021509273485704
232.0,cctv3,C3_S002,G019,EMPTY,EMPTY,0.01
232.0,cctv3,C3_S003,G020,EMPTY,MANEUVERING,0.49
232.0,cctv3,C3_S004,G024,OCCUPIED,LEAVING,0.7857904921878468
232.0,cctv3,C3_S005,G025,OCCUPIED,LEAVING,0.7682534017346123
232.0,cctv3,C3_S006,G026,OCCUPIED,LEAVING,0.81284818649292
232.0,cctv3,C3_S007,G027,OCCUPIED,OCCUPIED,0.7056172981045464
232.0,cctv3,C3_S008,G028,EMPTY,MANEUVERING,0.0773567009784958
232.0,cctv3,C3_S009,G029,EMPTY,MANEUVERING,0.2996428498964418
232.0,cctv3,C3_S010,G007,EMPTY,MANEUVERING,0.49
232.0,cctv3,C3_S011,G008,OCCUPIED,OCCUPIED,0.7945925594730812
232.0,cctv3,C3_S012,G009,OCCUPIED,OCCUPIED,0.8259671390056611
233.0,cctv1,C1_S001,G001,OCCUPIED,OCCUPIED,0.6931008169088851
233.0,cctv1,C1_S002,G002,EMPTY,EMPTY,0.01
233.0,cctv1,C1_S003,G003,OCCUPIED,OCCUPIED,0.8383200225504963
233.0,cctv1,C1_S004,G004,OCCUPIED,OCCUPIED,0.7723314592784102
233.0,cctv1,C1_S005,G005,OCCUPIED,OCCUPIED,0.7901789008216425
233.0,cctv1,C1_S006,G006,EMPTY,EMPTY,0.01
233.0,cctv2,C2_S001,G007,OCCUPIED,OCCUPIED,0.6701346853036773
233.0,cctv2,C2_S002,G008,OCCUPIED,LEAVING,0.8075614655559714
233.0,cctv2,C2_S003,G009,EMPTY,EMPTY,0.01
233.0,cctv2,C2_S004,G010,OCCUPIED,OCCUPIED,0.7541794490407814
233.0,cctv2,C2_S005,G001,EMPTY,EMPTY,0.01
233.0,cctv2,C2_S006,G003,OCCUPIED,OCCUPIED,0.8223570466041565
233.0,cctv2,C2_S007,G004,OCCUPIED,OCCUPIED,0.7900172956965187
233.0,cctv2,C2_S008,G006,OCCUPIED,OCCUPIED,0.753192661702633
233.0,cctv2,C2_S009,G005,OCCUPIED,OCCUPIED,0.7687256348404018
233.0,cctv2,C2_S010,G002,EMPTY,EMPTY,0.01
233.0,cctv2,C2_S011,G017,OCCUPIED,LEAVING,0.8004581324078821
233.0,cctv2,C2_S012,G018,OCCUPIED,LEAVING,0.7727832277525556
233.0,cctv2,C2_S013,G019,EMPTY,MANEUVERING,0.49
233.0,cctv2,C2_S014,G020,EMPTY,EMPTY,0.01
233.0,cctv3,C3_S001,G021,OCCUPIED,OCCUPIED,0.80268579965288
233.0,cctv3,C3_S002,G019,EMPTY,EMPTY,0.01
233.0,cctv3,C3_S003,G020,EMPTY,MANEUVERING,0.49
233.0,cctv3,C3_S004,G024,OCCUPIED,LEAVING,0.7852335484732281
233.0,cctv3,C3_S005,G025,OCCUPIED,LEAVING,0.7737150319597939
233.0,cctv3,C3_S006,G026,OCCUPIED,LEAVING,0.8194825796918436
233.0,cctv3,C3_S007,G027,OCCUPIED,OCCUPIED,0.7527897654609247
233.0,cctv3,C3_S008,G028,EMPTY,EMPTY,0.01
233.0,cctv3,C3_S009,G029,EMPTY,MANEUVERING,0.2514862725595859
233.0,cctv3,C3_S010,G007,EMPTY,MANEUVERING,0.49
233.0,cctv3,C3_S011,G008,OCCUPIED,OCCUPIED,0.7933822126551109
233.0,cctv3,C3_S012,G009,OCCUPIED,OCCUPIED,0.8254928000948647
234.0,cctv1,C1_S001,G001,OCCUPIED,OCCUPIED,0.7297610256820918
234.0,cctv1,C1_S002,G002,EMPTY,EMPTY,0.01
234.0,cctv1,C1_S003,G003,OCCUPIED,OCCUPIED,0.838384346799417
234.0,cctv1,C1_S004,G004,OCCUPIED,OCCUPIED,0.773303892124783
234.0,cctv1,C1_S005,G005,OCCUPIED,OCCUPIED,0.7921810056675564
234.0,cctv1,C1_S006,G006,EMPTY,EMPTY,0.01
234.0,cctv2,C2_S001,G007,OCCUPIED,OCCUPIED,0.6642420283366334
234.0,cctv2,C2_S002,G008,OCCUPIED,LEAVING,0.8067518968473781
234.0,cctv2,C2_S003,G009,EMPTY,EMPTY,0.01
234.0,cctv2,C2_S004,G010,OCCUPIED,OCCUPIED,0.7533641521903602
234.0,cctv2,C2_S005,G001,EMPTY,EMPTY,0.01
234.0,cctv2,C2_S006,G003,OCCUPIED,OCCUPIED,0.8222137109799819
234.0,cctv2,C2_S007,G004,OCCUPIED,OCCUPIED,0.7901813745498658
234.0,cctv2,C2_S008,G006,OCCUPIED,OCCUPIED,0.7522697838869963
234.0,cctv2,C2_S009,G005,OCCUPIED,OCCUPIED,0.7686477646231652
234.0,cctv2,C2_S010,G002,EMPTY,EMPTY,0.01
234.0,cctv2,C2_S011,G017,OCCUPIED,OCCUPIED,0.7957758444276724
234.0,cctv2,C2_S012,G018,OCCUPIED,LEAVING,0.6905520021734816
234.0,cctv2,C2_S013,G019,EMPTY,MANEUVERING,0.49
234.0,cctv2,C2_S014,G020,EMPTY,EMPTY,0.01
234.0,cctv3,C3_S001,G021,OCCUPIED,OCCUPIED,0.8029128657145934
234.0,cctv3,C3_S002,G019,EMPTY,EMPTY,0.01
234.0,cctv3,C3_S003,G020,EMPTY,MANEUVERING,0.4474327089353041
234.0,cctv3,C3_S004,G024,OCCUPIED,LEAVING,0.7793310484696518
234.0,cctv3,C3_S005,G025,OCCUPIED,LEAVING,0.7786613070152024
234.0,cctv3,C3_S006,G026,OCCUPIED,LEAVING,0.8251904501156374
234.0,cctv3,C3_S007,G027,OCCUPIED,OCCUPIED,0.7522514042529194
234.0,cctv3,C3_S008,G028,EMPTY,EMPTY,0.01
234.0,cctv3,C3_S009,G029,EMPTY,MANEUVERING,0.1607707914168184
234.0,cctv3,C3_S010,G007,EMPTY,MANEUVERING,0.49
234.0,cctv3,C3_S011,G008,OCCUPIED,OCCUPIED,0.792306375368075
234.0,cctv3,C3_S012,G009,OCCUPIED,OCCUPIED,0.8251382185654208
235.0,cctv1,C1_S001,G001,OCCUPIED,OCCUPIED,0.72924612486227
235.0,cctv1,C1_S002,G002,EMPTY,EMPTY,0.01
235.0,cctv1,C1_S003,G003,OCCUPIED,OCCUPIED,0.8383158740672199
235.0,cctv1,C1_S004,G004,OCCUPIED,OCCUPIED,0.7735408376563679
235.0,cctv1,C1_S005,G005,OCCUPIED,OCCUPIED,0.7893966036764059
235.0,cctv1,C1_S006,G006,EMPTY,EMPTY,0.01
235.0,cctv2,C2_S001,G007,OCCUPIED,OCCUPIED,0.6253679359771989
235.0,cctv2,C2_S002,G008,OCCUPIED,LEAVING,0.8073689967393876
235.0,cctv2,C2_S003,G009,EMPTY,EMPTY,0.01
235.0,cctv2,C2_S004,G010,OCCUPIED,OCCUPIED,0.7541091528128494
235.0,cctv2,C2_S005,G001,EMPTY,EMPTY,0.01
235.0,cctv2,C2_S006,G003,OCCUPIED,OCCUPIED,0.8221282330426304
235.0,cctv2,C2_S007,G004,OCCUPIED,OCCUPIED,0.78953480693427
235.0,cctv2,C2_S008,G006,OCCUPIED,OCCUPIED,0.7507269784808159
235.0,cctv2,C2_S009,G005,OCCUPIED,OCCUPIED,0.770391248031096
235.0,cctv2,C2_S010,G002,EMPTY,EMPTY,0.01
235.0,cctv2,C2_S011,G017,OCCUPIED,OCCUPIED,0.7914306804537774
235.0,cctv2,C2_S012,G018,OCCUPIED,LEAVING,0.610415198030797
235.0,cctv2,C2_S013,G019,EMPTY,MANEUVERING,0.4863165574724024
235.0,cctv2,C2_S014,G020,EMPTY,EMPTY,0.01
235.0,cctv3,C3_S001,G021,OCCUPIED,OCCUPIED,0.8033035180785439
235.0,cctv3,C3_S002,G019,EMPTY,EMPTY,0.01
235.0,cctv3,C3_S003,G020,EMPTY,MANEUVERING,0.4024327089353042
235.0,cctv3,C3_S004,G024,OCCUPIED,LEAVING,0.6980341747222525
235.0,cctv3,C3_S005,G025,OCCUPIED,LEAVING,0.8248584633523768
235.0,cctv3,C3_S006,G026,OCCUPIED,OCCUPIED,0.8254712790250779
235.0,cctv3,C3_S007,G027,OCCUPIED,OCCUPIED,0.7529658793048426
235.0,cctv3,C3_S008,G028,EMPTY,EMPTY,0.01
235.0,cctv3,C3_S009,G029,EMPTY,MANEUVERING,0.2542933364483443
235.0,cctv3,C3_S010,G007,EMPTY,MANEUVERING,0.49
235.0,cctv3,C3_S011,G008,OCCUPIED,OCCUPIED,0.7930654453960333
235.0,cctv3,C3_S012,G009,OCCUPIED,OCCUPIED,0.8244575340639462
236.0,cctv1,C1_S001,G001,OCCUPIED,OCCUPIED,0.7284497147256679
236.0,cctv1,C1_S002,G002,EMPTY,EMPTY,0.01
236.0,cctv1,C1_S003,G003,OCCUPIED,OCCUPIED,0.8380002170801163
236.0,cctv1,C1_S004,G004,OCCUPIED,OCCUPIED,0.7722479779611935
236.0,cctv1,C1_S005,G005,OCCUPIED,OCCUPIED,0.7878435274416751
236.0,cctv1,C1_S006,G006,EMPTY,EMPTY,0.01
236.0,cctv2,C2_S001,G007,OCCUPIED,OCCUPIED,0.6274994365690333
236.0,cctv2,C2_S002,G008,OCCUPIED,LEAVING,0.8080049533735623
236.0,cctv2,C2_S003,G009,EMPTY,EMPTY,0.01
236.0,cctv2,C2_S004,G010,OCCUPIED,OCCUPIED,0.7534717833453959
236.0,cctv2,C2_S005,G001,EMPTY,EMPTY,0.01
236.0,cctv2,C2_S006,G003,OCCUPIED,OCCUPIED,0.8225471851500599
236.0,cctv2,C2_S007,G004,OCCUPIED,OCCUPIED,0.788394506411119
236.0,cctv2,C2_S008,G006,OCCUPIED,OCCUPIED,0.7505792212757199
236.0,cctv2,C2_S009,G005,OCCUPIED,OCCUPIED,0.7731983118436554
236.0,cctv2,C2_S010,G002,EMPTY,EMPTY,0.01
236.0,cctv2,C2_S011,G017,OCCUPIED,OCCUPIED,0.7881639526648956
236.0,cctv2,C2_S012,G018,OCCUPIED,LEAVING,0.565415198030797
236.0,cctv2,C2_S013,G019,EMPTY,MANEUVERING,0.49
236.0,cctv2,C2_S014,G020,EMPTY,EMPTY,0.01
236.0,cctv3,C3_S001,G021,OCCUPIED,OCCUPIED,0.8041519869457592
236.0,cctv3,C3_S002,G019,EMPTY,EMPTY,0.01
236.0,cctv3,C3_S003,G020,EMPTY,MANEUVERING,0.3574327089353041
236.0,cctv3,C3_S004,G024,OCCUPIED,LEAVING,0.6530341747222526
236.0,cctv3,C3_S005,G025,OCCUPIED,LEAVING,0.8274839444593951
236.0,cctv3,C3_S006,G026,OCCUPIED,OCCUPIED,0.8255591416900809
236.0,cctv3,C3_S007,G027,OCCUPIED,OCCUPIED,0.6719339010525833
236.0,cctv3,C3_S008,G028,EMPTY,EMPTY,0.01
236.0,cctv3,C3_S009,G029,EMPTY,MANEUVERING,0.2084651754254644
236.0,cctv3,C3_S010,G007,EMPTY,MANEUVERING,0.49
236.0,cctv3,C3_S011,G008,OCCUPIED,OCCUPIED,0.7953534066677094
236.0,cctv3,C3_S012,G009,OCCUPIED,OCCUPIED,0.8231716294180264
237.0,cctv1,C1_S001,G001,OCCUPIED,OCCUPIED,0.7284296520054341
237.0,cctv1,C1_S002,G002,EMPTY,EMPTY,0.01
237.0,cctv1,C1_S003,G003,OCCUPIED,OCCUPIED,0.837612976811149
237.0,cctv1,C1_S004,G004,OCCUPIED,OCCUPIED,0.7718502510677685
237.0,cctv1,C1_S005,G005,OCCUPIED,OCCUPIED,0.7879662279378284
237.0,cctv1,C1_S006,G006,EMPTY,EMPTY,0.01
237.0,cctv2,C2_S001,G007,OCCUPIED,OCCUPIED,0.6273021710235062
237.0,cctv2,C2_S002,G008,OCCUPIED,LEAVING,0.8069366547194394
237.0,cctv2,C2_S003,G009,EMPTY,EMPTY,0.01
237.0,cctv2,C2_S004,G010,OCCUPIED,OCCUPIED,0.7520424595610663
237.0,cctv2,C2_S005,G001,EMPTY,EMPTY,0.01
237.0,cctv2,C2_S006,G003,OCCUPIED,OCCUPIED,0.8231409733945674
237.0,cctv2,C2_S007,G004,OCCUPIED,OCCUPIED,0.7884420254013755
237.0,cctv2,C2_S008,G006,OCCUPIED,OCCUPIED,0.75084512044083
237.0,cctv2,C2_S009,G005,OCCUPIED,OCCUPIED,0.7764405721967871
237.0,cctv2,C2_S010,G002,EMPTY,EMPTY,0.01
237.0,cctv2,C2_S011,G017,OCCUPIED,OCCUPIED,0.7833616996353323
237.0,cctv2,C2_S012,G018,OCCUPIED,LEAVING,0.5526903170635077
237.0,cctv2,C2_S013,G019,EMPTY,MANEUVERING,0.49
237.0,cctv2,C2_S014,G020,EMPTY,EMPTY,0.01
237.0,cctv3,C3_S001,G021,OCCUPIED,OCCUPIED,0.8045625599947843
237.0,cctv3,C3_S002,G019,EMPTY,EMPTY,0.01
237.0,cctv3,C3_S003,G020,EMPTY,MANEUVERING,0.3574327089353041
237.0,cctv3,C3_S004,G024,OCCUPIED,LEAVING,0.5688901322436604
237.0,cctv3,C3_S005,G025,OCCUPIED,LEAVING,0.8254741294817491
237.0,cctv3,C3_S006,G026,OCCUPIED,OCCUPIED,0.8253746024586939
237.0,cctv3,C3_S007,G027,OCCUPIED,LEAVING,0.6669967001337896
237.0,cctv3,C3_S008,G028,EMPTY,EMPTY,0.01
237.0,cctv3,C3_S009,G029,EMPTY,MANEUVERING,0.2084651754254644
237.0,cctv3,C3_S010,G007,EMPTY,MANEUVERING,0.49
237.0,cctv3,C3_S011,G008,OCCUPIED,OCCUPIED,0.7954464061693712
237.0,cctv3,C3_S012,G009,OCCUPIED,OCCUPIED,0.8224538816647097
238.0,cctv1,C1_S001,G001,OCCUPIED,OCCUPIED,0.7323465764183891
238.0,cctv1,C1_S002,G002,EMPTY,EMPTY,0.01
238.0,cctv1,C1_S003,G003,OCCUPIED,OCCUPIED,0.8377390227534555
238.0,cctv1,C1_S004,G004,OCCUPIED,OCCUPIED,0.7716535728086126
238.0,cctv1,C1_S005,G005,OCCUPIED,OCCUPIED,0.7866437111388553
238.0,cctv1,C1_S006,G006,EMPTY,EMPTY,0.01
238.0,cctv2,C2_S001,G007,OCCUPIED,OCCUPIED,0.6249972842453104
238.0,cctv2,C2_S002,G008,OCCUPIED,LEAVING,0.8048316578973425
238.0,cctv2,C2_S003,G009,EMPTY,EMPTY,0.01
238.0,cctv2,C2_S004,G010,OCCUPIED,OCCUPIED,0.6716290516812693
238.0,cctv2,C2_S005,G001,EMPTY,EMPTY,0.01
238.0,cctv2,C2_S006,G003,OCCUPIED,OCCUPIED,0.8229696363210679
238.0,cctv2,C2_S007,G004,OCCUPIED,OCCUPIED,0.7871866954998538
238.0,cctv2,C2_S008,G006,OCCUPIED,OCCUPIED,0.7508532414382155
238.0,cctv2,C2_S009,G005,OCCUPIED,OCCUPIED,0.7792621711438353
238.0,cctv2,C2_S010,G002,EMPTY,EMPTY,0.01
238.0,cctv2,C2_S011,G017,OCCUPIED,OCCUPIED,0.7763701621781697
238.0,cctv2,C2_S012,G018,OCCUPIED,LEAVING,0.5110583763172875
238.0,cctv2,C2_S013,G019,EMPTY,MANEUVERING,0.49
238.0,cctv2,C2_S014,G020,EMPTY,EMPTY,0.01
238.0,cctv3,C3_S001,G021,OCCUPIED,OCCUPIED,0.805236346342347
238.0,cctv3,C3_S002,G019,EMPTY,EMPTY,0.01
238.0,cctv3,C3_S003,G020,EMPTY,MANEUVERING,0.3574327089353041
238.0,cctv3,C3_S004,G024,OCCUPIED,OCCUPIED,0.51
238.0,cctv3,C3_S005,G025,OCCUPIED,OCCUPIED,0.8237314552068711
238.0,cctv3,C3_S006,G026,OCCUPIED,OCCUPIED,0.8255136473612352
238.0,cctv3,C3_S007,G027,OCCUPIED,LEAVING,0.5736034616945368
238.0,cctv3,C3_S008,G028,EMPTY,MANEUVERING,0.1317024078260768
238.0,cctv3,C3_S009,G029,EMPTY,MANEUVERING,0.2554008571261709
238.0,cctv3,C3_S010,G007,EMPTY,MANEUVERING,0.49
238.0,cctv3,C3_S011,G008,OCCUPIED,OCCUPIED,0.7944549316709693
238.0,cctv3,C3_S012,G009,OCCUPIED,OCCUPIED,0.8215968841856177
239.0,cctv1,C1_S001,G001,OCCUPIED,OCCUPIED,0.7316664450209249
239.0,cctv1,C1_S002,G002,EMPTY,EMPTY,0.01
239.0,cctv1,C1_S003,G003,OCCUPIED,OCCUPIED,0.8376933333548633
239.0,cctv1,C1_S004,G004,OCCUPIED,OCCUPIED,0.7726160778240725
239.0,cctv1,C1_S005,G005,OCCUPIED,LEAVING,0.7854194448752837
239.0,cctv1,C1_S006,G006,EMPTY,EMPTY,0.01
239.0,cctv2,C2_S001,G007,OCCUPIED,OCCUPIED,0.6775103012043419
239.0,cctv2,C2_S002,G008,OCCUPIED,LEAVING,0.8035541526295923
239.0,cctv2,C2_S003,G009,EMPTY,EMPTY,0.01
239.0,cctv2,C2_S004,G010,OCCUPIED,OCCUPIED,0.669999718781222
239.0,cctv2,C2_S005,G001,EMPTY,EMPTY,0.01
239.0,cctv2,C2_S006,G003,OCCUPIED,OCCUPIED,0.8226889618418434
239.0,cctv2,C2_S007,G004,OCCUPIED,OCCUPIED,0.7878566844896837
239.0,cctv2,C2_S008,G006,OCCUPIED,OCCUPIED,0.751935710283843
239.0,cctv2,C2_S009,G005,OCCUPIED,OCCUPIED,0.7817160201343624
239.0,cctv2,C2_S010,G002,EMPTY,EMPTY,0.01
239.0,cctv2,C2_S011,G017,OCCUPIED,OCCUPIED,0.7724101813002067
239.0,cctv2,C2_S012,G018,OCCUPIED,LEAVING,0.51
239.0,cctv2,C2_S013,G019,EMPTY,MANEUVERING,0.49
239.0,cctv2,C2_S014,G020,EMPTY,EMPTY,0.01
239.0,cctv3,C3_S001,G021,OCCUPIED,OCCUPIED,0.8051959043199366
239.0,cctv3,C3_S002,G019,EMPTY,EMPTY,0.01
239.0,cctv3,C3_S003,G020,EMPTY,MANEUVERING,0.3574327089353041
239.0,cctv3,C3_S004,G024,OCCUPIED,OCCUPIED,0.51
239.0,cctv3,C3_S005,G025,OCCUPIED,OCCUPIED,0.823140312595801
239.0,cctv3,C3_S006,G026,OCCUPIED,OCCUPIED,0.8257706761360168
239.0,cctv3,C3_S007,G027,OCCUPIED,LEAVING,0.5561330097335758
239.0,cctv3,C3_S008,G028,EMPTY,MANEUVERING,0.2218281038186766
239.0,cctv3,C3_S009,G029,EMPTY,MANEUVERING,0.3018303552540866
239.0,cctv3,C3_S010,G007,EMPTY,MANEUVERING,0.4866666865503634
239.0,cctv3,C3_S011,G008,OCCUPIED,OCCUPIED,0.7948262631893158
239.0,cctv3,C3_S012,G009,OCCUPIED,OCCUPIED,0.8210750270973552
240.0,cctv1,C1_S001,G001,OCCUPIED,OCCUPIED,0.7322472401979295
240.0,cctv1,C1_S002,G002,EMPTY,EMPTY,0.01
240.0,cctv1,C1_S003,G003,OCCUPIED,OCCUPIED,0.8377665544098074
240.0,cctv1,C1_S004,G004,OCCUPIED,OCCUPIED,0.7742705899206075
240.0,cctv1,C1_S005,G005,OCCUPIED,LEAVING,0.7840479513460941
240.0,cctv1,C1_S006,G006,EMPTY,EMPTY,0.01
240.0,cctv2,C2_S001,G007,OCCUPIED,OCCUPIED,0.6859300657429479
240.0,cctv2,C2_S002,G008,OCCUPIED,LEAVING,0.8013002119281076
240.0,cctv2,C2_S003,G009,EMPTY,EMPTY,0.01
240.0,cctv2,C2_S004,G010,OCCUPIED,OCCUPIED,0.6673583379049193
240.0,cctv2,C2_S005,G001,EMPTY,EMPTY,0.01
240.0,cctv2,C2_S006,G003,OCCUPIED,OCCUPIED,0.8229430328715932
240.0,cctv2,C2_S007,G004,OCCUPIED,OCCUPIED,0.7886383948000996
240.0,cctv2,C2_S008,G006,OCCUPIED,OCCUPIED,0.7546488549221646
240.0,cctv2,C2_S009,G005,OCCUPIED,OCCUPIED,0.7849501143802297
240.0,cctv2,C2_S010,G002,EMPTY,EMPTY,0.01
240.0,cctv2,C2_S011,G017,OCCUPIED,OCCUPIED,0.7698651977560738
240.0,cctv2,C2_S012,G018,OCCUPIED,LEAVING,0.51
240.0,cctv2,C2_S013,G019,EMPTY,MANEUVERING,0.4492882368916815
240.0,cctv2,C2_S014,G020,EMPTY,EMPTY,0.01
240.0,cctv3,C3_S001,G021,OCCUPIED,OCCUPIED,0.8074774433266033
240.0,cctv3,C3_S002,G019,EMPTY,EMPTY,0.01
240.0,cctv3,C3_S003,G020,EMPTY,MANEUVERING,0.3168753108653155
240.0,cctv3,C3_S004,G024,OCCUPIED,LEAVING,0.51
240.0,cctv3,C3_S005,G025,OCCUPIED,OCCUPIED,0.8231496450575916
240.0,cctv3,C3_S006,G026,OCCUPIED,OCCUPIED,0.8258919591253455
240.0,cctv3,C3_S007,G027,OCCUPIED,LEAVING,0.51
240.0,cctv3,C3_S008,G028,EMPTY,MANEUVERING,0.3178440336259928
240.0,cctv3,C3_S009,G029,EMPTY,MANEUVERING,0.3920292412083258
240.0,cctv3,C3_S010,G007,EMPTY,MANEUVERING,0.3915624578703533
240.0,cctv3,C3_S011,G008,OCCUPIED,OCCUPIED,0.7951278727162969
240.0,cctv3,C3_S012,G009,OCCUPIED,OCCUPIED,0.8211897476152941
241.0,cctv1,C1_S001,G001,OCCUPIED,OCCUPIED,0.7309713678265161
241.0,cctv1,C1_S002,G002,EMPTY,EMPTY,0.01
241.0,cctv1,C1_S003,G003,OCCUPIED,OCCUPIED,0.8376915761015633
241.0,cctv1,C1_S004,G004,OCCUPIED,OCCUPIED,0.7735513324087318
241.0,cctv1,C1_S005,G005,OCCUPIED,LEAVING,0.783983331241391
241.0,cctv1,C1_S006,G006,EMPTY,EMPTY,0.01
241.0,cctv2,C2_S001,G007,OCCUPIED,OCCUPIED,0.6867941940146866
241.0,cctv2,C2_S002,G008,OCCUPIED,LEAVING,0.7983509638092735
241.0,cctv2,C2_S003,G009,EMPTY,EMPTY,0.01
241.0,cctv2,C2_S004,G010,OCCUPIED,OCCUPIED,0.6638324306566608
241.0,cctv2,C2_S005,G001,EMPTY,EMPTY,0.01
241.0,cctv2,C2_S006,G003,OCCUPIED,OCCUPIED,0.8228153922341087
241.0,cctv2,C2_S007,G004,OCCUPIED,OCCUPIED,0.7890270566398447
241.0,cctv2,C2_S008,G006,OCCUPIED,OCCUPIED,0.7572733521461488
241.0,cctv2,C2_S009,G005,OCCUPIED,OCCUPIED,0.7870584708723156
241.0,cctv2,C2_S010,G002,EMPTY,EMPTY,0.01
241.0,cctv2,C2_S011,G017,OCCUPIED,OCCUPIED,0.7680407937277448
241.0,cctv2,C2_S012,G018,OCCUPIED,OCCUPIED,0.51
241.0,cctv2,C2_S013,G019,EMPTY,MANEUVERING,0.4035998218743639
241.0,cctv2,C2_S014,G020,EMPTY,EMPTY,0.01
241.0,cctv3,C3_S001,G021,OCCUPIED,OCCUPIED,0.8108308198777112
241.0,cctv3,C3_S002,G019,EMPTY,EMPTY,0.01
241.0,cctv3,C3_S003,G020,EMPTY,MANEUVERING,0.2773699419877746
241.0,cctv3,C3_S004,G024,OCCUPIED,LEAVING,0.5381270058994944
241.0,cctv3,C3_S005,G025,OCCUPIED,OCCUPIED,0.8229589026082647
241.0,cctv3,C3_S006,G026,OCCUPIED,OCCUPIED,0.8260395432060416
241.0,cctv3,C3_S007,G027,OCCUPIED,LEAVING,0.51
241.0,cctv3,C3_S008,G028,EMPTY,MANEUVERING,0.3178440336259928
241.0,cctv3,C3_S009,G029,EMPTY,MANEUVERING,0.3430469091693787
241.0,cctv3,C3_S010,G007,EMPTY,MANEUVERING,0.4410414802331429
241.0,cctv3,C3_S011,G008,OCCUPIED,OCCUPIED,0.7956445653330196
241.0,cctv3,C3_S012,G009,OCCUPIED,OCCUPIED,0.8204365174878728
242.0,cctv1,C1_S001,G001,OCCUPIED,OCCUPIED,0.7298156986521049
242.0,cctv1,C1_S002,G002,EMPTY,EMPTY,0.01
242.0,cctv1,C1_S003,G003,OCCUPIED,OCCUPIED,0.8375201658769088
242.0,cctv1,C1_S004,G004,OCCUPIED,OCCUPIED,0.7730537976730955
242.0,cctv1,C1_S005,G005,OCCUPIED,LEAVING,0.7825715334577994
242.0,cctv1,C1_S006,G006,EMPTY,EMPTY,0.01
242.0,cctv2,C2_S001,G007,OCCUPIED,OCCUPIED,0.7209668327529323
242.0,cctv2,C2_S002,G008,OCCUPIED,LEAVING,0.792323706095869
242.0,cctv2,C2_S003,G009,EMPTY,EMPTY,0.01
242.0,cctv2,C2_S004,G010,OCCUPIED,OCCUPIED,0.7066351625729691
242.0,cctv2,C2_S005,G001,EMPTY,EMPTY,0.01
242.0,cctv2,C2_S006,G003,OCCUPIED,OCCUPIED,0.8224471046165988
242.0,cctv2,C2_S007,G004,OCCUPIED,OCCUPIED,0.7884555681185289
242.0,cctv2,C2_S008,G006,OCCUPIED,OCCUPIED,0.756116880747405
242.0,cctv2,C2_S009,G005,OCCUPIED,OCCUPIED,0.7847437127069994
242.0,cctv2,C2_S010,G002,EMPTY,EMPTY,0.01
242.0,cctv2,C2_S011,G017,OCCUPIED,OCCUPIED,0.768493134460666
242.0,cctv2,C2_S012,G018,OCCUPIED,LEAVING,0.51
242.0,cctv2,C2_S013,G019,EMPTY,MANEUVERING,0.2665279738875952
242.0,cctv2,C2_S014,G020,EMPTY,EMPTY,0.01
242.0,cctv3,C3_S001,G021,OCCUPIED,OCCUPIED,0.8114501768892463
242.0,cctv3,C3_S002,G019,EMPTY,EMPTY,0.01
242.0,cctv3,C3_S003,G020,EMPTY,MANEUVERING,0.259364242662083
242.0,cctv3,C3_S004,G024,OCCUPIED,LEAVING,0.5785557960515673
242.0,cctv3,C3_S005,G025,OCCUPIED,OCCUPIED,0.8227507420561531
242.0,cctv3,C3_S006,G026,OCCUPIED,OCCUPIED,0.8260198297825727
242.0,cctv3,C3_S007,G027,OCCUPIED,LEAVING,0.5504993957904253
242.0,cctv3,C3_S008,G028,EMPTY,MANEUVERING,0.2728440336259928
242.0,cctv3,C3_S009,G029,EMPTY,MANEUVERING,0.3897354024242271
242.0,cctv3,C3_S010,G007,EMPTY,MANEUVERING,0.391146566461433
242.0,cctv3,C3_S011,G008,OCCUPIED,OCCUPIED,0.7963554271242836
242.0,cctv3,C3_S012,G009,OCCUPIED,OCCUPIED,0.8196189720522274
243.0,cctv1,C1_S001,G001,OCCUPIED,OCCUPIED,0.7301554780453444
243.0,cctv1,C1_S002,G002,EMPTY,EMPTY,0.01
243.0,cctv1,C1_S003,G003,OCCUPIED,OCCUPIED,0.8374345985325901
243.0,cctv1,C1_S004,G004,OCCUPIED,OCCUPIED,0.7729461159218443
243.0,cctv1,C1_S005,G005,OCCUPIED,LEAVING,0.7792145257646388
243.0,cctv1,C1_S006,G006,EMPTY,EMPTY,0.01
243.0,cctv2,C2_S001,G007,OCCUPIED,OCCUPIED,0.7202717195112598
243.0,cctv2,C2_S002,G008,OCCUPIED,LEAVING,0.7912920732389798
243.0,cctv2,C2_S003,G009,EMPTY,EMPTY,0.01
243.0,cctv2,C2_S004,G010,OCCUPIED,OCCUPIED,0.7058157048035753
243.0,cctv2,C2_S005,G001,EMPTY,EMPTY,0.01
243.0,cctv2,C2_S006,G003,OCCUPIED,OCCUPIED,0.8221552298827606
243.0,cctv2,C2_S007,G004,OCCUPIED,OCCUPIED,0.7887415192343973
243.0,cctv2,C2_S008,G006,OCCUPIED,OCCUPIED,0.7576960882002658
243.0,cctv2,C2_S009,G005,OCCUPIED,OCCUPIED,0.7844683461568573
243.0,cctv2,C2_S010,G002,EMPTY,EMPTY,0.01
243.0,cctv2,C2_S011,G017,OCCUPIED,OCCUPIED,0.7684165159409697
243.0,cctv2,C2_S012,G018,OCCUPIED,LEAVING,0.51
243.0,cctv2,C2_S013,G019,EMPTY,MANEUVERING,0.1984374172917821
243.0,cctv2,C2_S014,G020,EMPTY,EMPTY,0.01
243.0,cctv3,C3_S001,G021,OCCUPIED,OCCUPIED,0.8137857038866391
243.0,cctv3,C3_S002,G019,EMPTY,EMPTY,0.01
243.0,cctv3,C3_S003,G020,EMPTY,EMPTY,0.01
243.0,cctv3,C3_S004,G024,OCCUPIED,LEAVING,0.6225769596343691
243.0,cctv3,C3_S005,G025,OCCUPIED,OCCUPIED,0.8225766057317908
243.0,cctv3,C3_S006,G026,OCCUPIED,OCCUPIED,0.8259959337386219
243.0,cctv3,C3_S007,G027,OCCUPIED,LEAVING,0.5533733581629667
243.0,cctv3,C3_S008,G028,EMPTY,MANEUVERING,0.2278440336259928
243.0,cctv3,C3_S009,G029,EMPTY,MANEUVERING,0.4360703633014451
243.0,cctv3,C3_S010,G007,EMPTY,MANEUVERING,0.3416900460015644
243.0,cctv3,C3_S011,G008,OCCUPIED,OCCUPIED,0.7973345488309861
243.0,cctv3,C3_S012,G009,OCCUPIED,OCCUPIED,0.8193737173622305
244.0,cctv1,C1_S001,G001,OCCUPIED,OCCUPIED,0.7296179790049792
244.0,cctv1,C1_S002,G002,EMPTY,EMPTY,0.01
244.0,cctv1,C1_S003,G003,OCCUPIED,OCCUPIED,0.8375122354789214
244.0,cctv1,C1_S004,G004,OCCUPIED,OCCUPIED,0.7727712285789577
244.0,cctv1,C1_S005,G005,OCCUPIED,LEAVING,0.7770895594900306
244.0,cctv1,C1_S006,G006,EMPTY,EMPTY,0.01
244.0,cctv2,C2_S001,G007,OCCUPIED,OCCUPIED,0.716944121833552
244.0,cctv2,C2_S002,G008,OCCUPIED,LEAVING,0.7905648621645841
244.0,cctv2,C2_S003,G009,EMPTY,EMPTY,0.01
244.0,cctv2,C2_S004,G010,OCCUPIED,OCCUPIED,0.70042437907647
244.0,cctv2,C2_S005,G001,EMPTY,EMPTY,0.01
244.0,cctv2,C2_S006,G003,OCCUPIED,OCCUPIED,0.8219399834221061
244.0,cctv2,C2_S007,G004,OCCUPIED,OCCUPIED,0.7899399416013198
244.0,cctv2,C2_S008,G006,OCCUPIED,OCCUPIED,0.7593607618050142
244.0,cctv2,C2_S009,G005,OCCUPIED,OCCUPIED,0.7856259363618765
244.0,cctv2,C2_S010,G002,EMPTY,EMPTY,0.01
244.0,cctv2,C2_S011,G017,OCCUPIED,OCCUPIED,0.7685959792949937
244.0,cctv2,C2_S012,G018,OCCUPIED,LEAVING,0.51
244.0,cctv2,C2_S013,G019,EMPTY,MANEUVERING,0.1984374172917821
244.0,cctv2,C2_S014,G020,EMPTY,EMPTY,0.01
244.0,cctv3,C3_S001,G021,OCCUPIED,OCCUPIED,0.8119371668858962
244.0,cctv3,C3_S002,G019,EMPTY,EMPTY,0.01
244.0,cctv3,C3_S003,G020,EMPTY,EMPTY,0.01
244.0,cctv3,C3_S004,G024,OCCUPIED,LEAVING,0.6228580268269236
244.0,cctv3,C3_S005,G025,OCCUPIED,OCCUPIED,0.8225855187936263
244.0,cctv3,C3_S006,G026,OCCUPIED,OCCUPIED,0.8259558176452464
244.0,cctv3,C3_S007,G027,OCCUPIED,LEAVING,0.5985476039600643
244.0,cctv3,C3_S008,G028,EMPTY,MANEUVERING,0.1828440336259928
244.0,cctv3,C3_S009,G029,EMPTY,MANEUVERING,0.4819875143782853
244.0,cctv3,C3_S010,G007,EMPTY,MANEUVERING,0.2922899329188195
244.0,cctv3,C3_S011,G008,OCCUPIED,OCCUPIED,0.7979923963546753
244.0,cctv3,C3_S012,G009,OCCUPIED,OCCUPIED,0.8192078471183777
245.0,cctv1,C1_S001,G001,OCCUPIED,OCCUPIED,0.7290655047040094
245.0,cctv1,C1_S002,G002,EMPTY,EMPTY,0.01
245.0,cctv1,C1_S003,G003,OCCUPIED,OCCUPIED,0.8374044155532664
245.0,cctv1,C1_S004,G004,OCCUPIED,OCCUPIED,0.7719376512549141
245.0,cctv1,C1_S005,G005,OCCUPIED,LEAVING,0.7773037785833533
245.0,cctv1,C1_S006,G006,EMPTY,EMPTY,0.01
245.0,cctv2,C2_S001,G007,OCCUPIED,OCCUPIED,0.7180595204640519
245.0,cctv2,C2_S002,G008,OCCUPIED,LEAVING,0.7919997586445375
245.0,cctv2,C2_S003,G009,EMPTY,EMPTY,0.01
245.0,cctv2,C2_S004,G010,OCCUPIED,OCCUPIED,0.7027037292380225
245.0,cctv2,C2_S005,G001,EMPTY,EMPTY,0.01
245.0,cctv2,C2_S006,G003,OCCUPIED,OCCUPIED,0.8216340279037303
245.0,cctv2,C2_S007,G004,OCCUPIED,OCCUPIED,0.7893533571199938
245.0,cctv2,C2_S008,G006,OCCUPIED,OCCUPIED,0.7595780430869623
245.0,cctv2,C2_S009,G005,OCCUPIED,OCCUPIED,0.7809363946318627
245.0,cctv2,C2_S010,G002,EMPTY,EMPTY,0.01
245.0,cctv2,C2_S011,G017,OCCUPIED,OCCUPIED,0.7716037398034876
245.0,cctv2,C2_S012,G018,OCCUPIED,LEAVING,0.5953339562768286
245.0,cctv2,C2_S013,G019,EMPTY,MANEUVERING,0.1984374172917821
245.0,cctv2,C2_S014,G020,EMPTY,EMPTY,0.01
245.0,cctv3,C3_S001,G021,OCCUPIED,OCCUPIED,0.8108235340226781
245.0,cctv3,C3_S002,G019,EMPTY,EMPTY,0.01
245.0,cctv3,C3_S003,G020,EMPTY,MANEUVERING,0.2710401542078364
245.0,cctv3,C3_S004,G024,OCCUPIED,LEAVING,0.6328166673129255
245.0,cctv3,C3_S005,G025,OCCUPIED,OCCUPIED,0.8226800812916323
245.0,cctv3,C3_S006,G026,OCCUPIED,OCCUPIED,0.8256884615529668
245.0,cctv3,C3_S007,G027,OCCUPIED,LEAVING,0.6003847914067182
245.0,cctv3,C3_S008,G028,EMPTY,MANEUVERING,0.1828440336259928
245.0,cctv3,C3_S009,G029,EMPTY,MANEUVERING,0.49
245.0,cctv3,C3_S010,G007,EMPTY,MANEUVERING,0.1946242269331758
245.0,cctv3,C3_S011,G008,OCCUPIED,OCCUPIED,0.7997447241436352
245.0,cctv3,C3_S012,G009,OCCUPIED,OCCUPIED,0.8196226686239243
246.0,cctv1,C1_S001,G001,OCCUPIED,OCCUPIED,0.7299624171108008
246.0,cctv1,C1_S002,G002,EMPTY,EMPTY,0.01
246.0,cctv1,C1_S003,G003,OCCUPIED,OCCUPIED,0.8374115859920329
246.0,cctv1,C1_S004,G004,OCCUPIED,OCCUPIED,0.7708304670724002
246.0,cctv1,C1_S005,G005,OCCUPIED,LEAVING,0.7788302729075606
246.0,cctv1,C1_S006,G006,EMPTY,EMPTY,0.01
246.0,cctv2,C2_S001,G007,OCCUPIED,OCCUPIED,0.7525382008742203
246.0,cctv2,C2_S002,G008,OCCUPIED,LEAVING,0.7946108899333261
246.0,cctv2,C2_S003,G009,EMPTY,EMPTY,0.01
246.0,cctv2,C2_S004,G010,OCCUPIED,OCCUPIED,0.702627841945399
246.0,cctv2,C2_S005,G001,EMPTY,EMPTY,0.01
246.0,cctv2,C2_S006,G003,OCCUPIED,OCCUPIED,0.8213614236224782
246.0,cctv2,C2_S007,G004,OCCUPIED,OCCUPIED,0.7908901019529864
246.0,cctv2,C2_S008,G006,OCCUPIED,OCCUPIED,0.7606743062084372
246.0,cctv2,C2_S009,G005,OCCUPIED,OCCUPIED,0.7803556216034023
246.0,cctv2,C2_S010,G002,EMPTY,EMPTY,0.01
246.0,cctv2,C2_S011,G017,OCCUPIED,OCCUPIED,0.7759046042507346
246.0,cctv2,C2_S012,G018,OCCUPIED,LEAVING,0.6354495613073761
246.0,cctv2,C2_S013,G019,EMPTY,MANEUVERING,0.3114454661580649
246.0,cctv2,C2_S014,G020,EMPTY,EMPTY,0.01
246.0,cctv3,C3_S001,G021,OCCUPIED,OCCUPIED,0.810137718374079
246.0,cctv3,C3_S002,G019,EMPTY,EMPTY,0.01
246.0,cctv3,C3_S003,G020,EMPTY,MANEUVERING,0.3710956995866515
246.0,cctv3,C3_S004,G024,OCCUPIED,LEAVING,0.6708758086740196
246.0,cctv3,C3_S005,G025,OCCUPIED,OCCUPIED,0.8242506821047176
246.0,cctv3,C3_S006,G026,OCCUPIED,OCCUPIED,0.8255227587439797
246.0,cctv3,C3_S007,G027,OCCUPIED,LEAVING,0.5997518437233839
246.0,cctv3,C3_S008,G028,EMPTY,MANEUVERING,0.1828440336259928
246.0,cctv3,C3_S009,G029,EMPTY,MANEUVERING,0.4797807481454371
246.0,cctv3,C3_S010,G007,EMPTY,MANEUVERING,0.2913367216559974
246.0,cctv3,C3_S011,G008,OCCUPIED,OCCUPIED,0.8005310592326251
246.0,cctv3,C3_S012,G009,OCCUPIED,OCCUPIED,0.8202979496934197
247.0,cctv1,C1_S001,G001,OCCUPIED,OCCUPIED,0.7317956780168143
247.0,cctv1,C1_S002,G002,EMPTY,EMPTY,0.01
247.0,cctv1,C1_S003,G003,OCCUPIED,OCCUPIED,0.837359352816235
247.0,cctv1,C1_S004,G004,OCCUPIED,OCCUPIED,0.7710203682834452
247.0,cctv1,C1_S005,G005,OCCUPIED,LEAVING,0.7788752047853037
247.0,cctv1,C1_S006,G006,EMPTY,EMPTY,0.01
247.0,cctv2,C2_S001,G007,OCCUPIED,LEAVING,0.7505530114200982
247.0,cctv2,C2_S002,G008,OCCUPIED,LEAVING,0.7963819785551592
247.0,cctv2,C2_S003,G009,EMPTY,EMPTY,0.01
247.0,cctv2,C2_S004,G010,OCCUPIED,OCCUPIED,0.6222477671820106
247.0,cctv2,C2_S005,G001,EMPTY,EMPTY,0.01
247.0,cctv2,C2_S006,G003,OCCUPIED,OCCUPIED,0.8212370910427788
247.0,cctv2,C2_S007,G004,OCCUPIED,OCCUPIED,0.791382757100192
247.0,cctv2,C2_S008,G006,OCCUPIED,OCCUPIED,0.7618197321891785
247.0,cctv2,C2_S009,G005,OCCUPIED,OCCUPIED,0.7795980666171421
247.0,cctv2,C2_S010,G002,EMPTY,EMPTY,0.01
247.0,cctv2,C2_S011,G017,OCCUPIED,OCCUPIED,0.7799230893904513
247.0,cctv2,C2_S012,G018,OCCUPIED,LEAVING,0.6724209721309025
247.0,cctv2,C2_S013,G019,EMPTY,MANEUVERING,0.4312592613967982
247.0,cctv2,C2_S014,G020,EMPTY,EMPTY,0.01
247.0,cctv3,C3_S001,G021,OCCUPIED,OCCUPIED,0.808784737370231
247.0,cctv3,C3_S002,G019,EMPTY,EMPTY,0.01
247.0,cctv3,C3_S003,G020,EMPTY,MANEUVERING,0.450142630663785
247.0,cctv3,C3_S004,G024,OCCUPIED,LEAVING,0.7081860939887437
247.0,cctv3,C3_S005,G025,OCCUPIED,OCCUPIED,0.8262479955499823
247.0,cctv3,C3_S006,G026,OCCUPIED,OCCUPIED,0.8257128631526774
247.0,cctv3,C3_S007,G027,OCCUPIED,LEAVING,0.6395060308413073
247.0,cctv3,C3_S008,G028,EMPTY,MANEUVERING,0.1795713063532655
247.0,cctv3,C3_S009,G029,EMPTY,MANEUVERING,0.4347807481454371
247.0,cctv3,C3_S010,G007,EMPTY,MANEUVERING,0.3439502870562402
247.0,cctv3,C3_S011,G008,OCCUPIED,OCCUPIED,0.8001284661618147
247.0,cctv3,C3_S012,G009,OCCUPIED,OCCUPIED,0.8207522573796187
248.0,cctv1,C1_S001,G001,OCCUPIED,OCCUPIED,0.7366123414175078
248.0,cctv1,C1_S002,G002,EMPTY,EMPTY,0.01
248.0,cctv1,C1_S003,G003,OCCUPIED,OCCUPIED,0.8376483592120084
248.0,cctv1,C1_S004,G004,OCCUPIED,OCCUPIED,0.7705865193497051
248.0,cctv1,C1_S005,G005,OCCUPIED,LEAVING,0.7775911362333732
248.0,cctv1,C1_S006,G006,EMPTY,EMPTY,0.01
248.0,cctv2,C2_S001,G007,OCCUPIED,LEAVING,0.751064243303104
248.0,cctv2,C2_S002,G008,OCCUPIED,LEAVING,0.7981500817970797
248.0,cctv2,C2_S003,G009,EMPTY,EMPTY,0.01
248.0,cctv2,C2_S004,G010,OCCUPIED,OCCUPIED,0.6231009195067666
248.0,cctv2,C2_S005,G001,EMPTY,EMPTY,0.01
248.0,cctv2,C2_S006,G003,OCCUPIED,OCCUPIED,0.820704569328915
248.0,cctv2,C2_S007,G004,OCCUPIED,OCCUPIED,0.7913704798980193
248.0,cctv2,C2_S008,G006,OCCUPIED,OCCUPIED,0.7636878895488652
248.0,cctv2,C2_S009,G005,OCCUPIED,OCCUPIED,0.7781151390888474
248.0,cctv2,C2_S010,G002,EMPTY,EMPTY,0.01
248.0,cctv2,C2_S011,G017,OCCUPIED,OCCUPIED,0.7837502708489246
248.0,cctv2,C2_S012,G018,OCCUPIED,LEAVING,0.6793855331547849
248.0,cctv2,C2_S013,G019,EMPTY,MANEUVERING,0.49
248.0,cctv2,C2_S014,G020,EMPTY,EMPTY,0.01
248.0,cctv3,C3_S001,G021,OCCUPIED,OCCUPIED,0.8070492896166716
248.0,cctv3,C3_S002,G019,EMPTY,EMPTY,0.01
248.0,cctv3,C3_S003,G020,EMPTY,MANEUVERING,0.49
248.0,cctv3,C3_S004,G024,OCCUPIED,LEAVING,0.7453793507633788
248.0,cctv3,C3_S005,G025,OCCUPIED,OCCUPIED,0.8282503905621442
248.0,cctv3,C3_S006,G026,OCCUPIED,OCCUPIED,0.8258506864309312
248.0,cctv3,C3_S007,G027,OCCUPIED,LEAVING,0.5624852133897895
248.0,cctv3,C3_S008,G028,EMPTY,MANEUVERING,0.1795713063532655
248.0,cctv3,C3_S009,G029,EMPTY,MANEUVERING,0.3897807481454371
248.0,cctv3,C3_S010,G007,EMPTY,MANEUVERING,0.393944021564993
248.0,cctv3,C3_S011,G008,OCCUPIED,OCCUPIED,0.8002997625957836
248.0,cctv3,C3_S012,G009,OCCUPIED,OCCUPIED,0.8209865540266037
249.0,cctv1,C1_S001,G001,OCCUPIED,OCCUPIED,0.733876744657755
249.0,cctv1,C1_S002,G002,EMPTY,EMPTY,0.01
249.0,cctv1,C1_S003,G003,OCCUPIED,OCCUPIED,0.8376944241198627
249.0,cctv1,C1_S004,G004,OCCUPIED,OCCUPIED,0.7697987834160979
249.0,cctv1,C1_S005,G005,OCCUPIED,LEAVING,0.7770609976215797
249.0,cctv1,C1_S006,G006,EMPTY,EMPTY,0.01
249.0,cctv2,C2_S001,G007,OCCUPIED,LEAVING,0.7532458842478016
249.0,cctv2,C2_S002,G008,OCCUPIED,LEAVING,0.8004693708636544
249.0,cctv2,C2_S003,G009,EMPTY,EMPTY,0.01
249.0,cctv2,C2_S004,G010,OCCUPIED,OCCUPIED,0.6607928255606782
249.0,cctv2,C2_S005,G001,EMPTY,EMPTY,0.01
249.0,cctv2,C2_S006,G003,OCCUPIED,OCCUPIED,0.8207060177217831
249.0,cctv2,C2_S007,G004,OCCUPIED,OCCUPIED,0.7929853412238035
249.0,cctv2,C2_S008,G006,OCCUPIED,OCCUPIED,0.765303979001262
249.0,cctv2,C2_S009,G005,OCCUPIED,OCCUPIED,0.7779600919647651
249.0,cctv2,C2_S010,G002,EMPTY,EMPTY,0.01
249.0,cctv2,C2_S011,G017,OCCUPIED,OCCUPIED,0.7905262741175565
249.0,cctv2,C2_S012,G018,OCCUPIED,LEAVING,0.7066748496991667
249.0,cctv2,C2_S013,G019,EMPTY,MANEUVERING,0.49
249.0,cctv2,C2_S014,G020,EMPTY,EMPTY,0.01
249.0,cctv3,C3_S001,G021,OCCUPIED,OCCUPIED,0.8062249143015255
249.0,cctv3,C3_S002,G019,EMPTY,EMPTY,0.01
249.0,cctv3,C3_S003,G020,EMPTY,MANEUVERING,0.49
249.0,cctv3,C3_S004,G024,OCCUPIED,LEAVING,0.7826420419324529
249.0,cctv3,C3_S005,G025,OCCUPIED,OCCUPIED,0.8301638101989574
249.0,cctv3,C3_S006,G026,OCCUPIED,OCCUPIED,0.8257898783141917
249.0,cctv3,C3_S007,G027,OCCUPIED,LEAVING,0.6070904480336291
249.0,cctv3,C3_S008,G028,EMPTY,MANEUVERING,0.1341875737986781
249.0,cctv3,C3_S009,G029,EMPTY,MANEUVERING,0.3888363484181947
249.0,cctv3,C3_S010,G007,EMPTY,MANEUVERING,0.393944021564993
249.0,cctv3,C3_S011,G008,OCCUPIED,OCCUPIED,0.8016510432416744
249.0,cctv3,C3_S012,G009,OCCUPIED,OCCUPIED,0.8219249012795362
250.0,cctv1,C1_S001,G001,OCCUPIED,OCCUPIED,0.7363914263519374
250.0,cctv1,C1_S002,G002,EMPTY,EMPTY,0.01
250.0,cctv1,C1_S003,G003,OCCUPIED,OCCUPIED,0.8375731321898374
250.0,cctv1,C1_S004,G004,OCCUPIED,OCCUPIED,0.7700445664199916
250.0,cctv1,C1_S005,G005,OCCUPIED,LEAVING,0.779451801695607
250.0,cctv1,C1_S006,G006,EMPTY,EMPTY,0.01
250.0,cctv2,C2_S001,G007,OCCUPIED,LEAVING,0.7515248293903741
250.0,cctv2,C2_S002,G008,OCCUPIED,LEAVING,0.8023822434923866
250.0,cctv2,C2_S003,G009,EMPTY,EMPTY,0.01
250.0,cctv2,C2_S004,G010,OCCUPIED,OCCUPIED,0.6593457961488854
250.0,cctv2,C2_S005,G001,EMPTY,EMPTY,0.01
250.0,cctv2,C2_S006,G003,OCCUPIED,OCCUPIED,0.8208883754231714
250.0,cctv2,C2_S007,G004,OCCUPIED,OCCUPIED,0.7936244295402007
250.0,cctv2,C2_S008,G006,OCCUPIED,OCCUPIED,0.7686033500866457
250.0,cctv2,C2_S009,G005,OCCUPIED,OCCUPIED,0.7798290279778568
250.0,cctv2,C2_S010,G002,EMPTY,EMPTY,0.01
250.0,cctv2,C2_S011,G017,OCCUPIED,OCCUPIED,0.7944549056616697
250.0,cctv2,C2_S012,G018,OCCUPIED,LEAVING,0.7415279653487784
250.0,cctv2,C2_S013,G019,EMPTY,MANEUVERING,0.49
250.0,cctv2,C2_S014,G020,EMPTY,EMPTY,0.01
250.0,cctv3,C3_S001,G021,OCCUPIED,OCCUPIED,0.8054547220468522
250.0,cctv3,C3_S002,G019,EMPTY,EMPTY,0.01
250.0,cctv3,C3_S003,G020,EMPTY,MANEUVERING,0.49
250.0,cctv3,C3_S004,G024,OCCUPIED,LEAVING,0.8197123673829166
250.0,cctv3,C3_S005,G025,OCCUPIED,OCCUPIED,0.8308871288191189
250.0,cctv3,C3_S006,G026,OCCUPIED,OCCUPIED,0.8259632546793332
250.0,cctv3,C3_S007,G027,OCCUPIED,LEAVING,0.6227202146866105
250.0,cctv3,C3_S008,G028,EMPTY,MANEUVERING,0.0914213477860797
250.0,cctv3,C3_S009,G029,EMPTY,MANEUVERING,0.3403498709421943
250.0,cctv3,C3_S010,G007,EMPTY,MANEUVERING,0.4413150529157031
250.0,cctv3,C3_S011,G008,OCCUPIED,OCCUPIED,0.8009490644389934
250.0,cctv3,C3_S012,G009,OCCUPIED,OCCUPIED,0.8223930572921581
251.0,cctv1,C1_S001,G001,OCCUPIED,OCCUPIED,0.7344705133952878
251.0,cctv1,C1_S002,G002,EMPTY,EMPTY,0.01
251.0,cctv1,C1_S003,G003,OCCUPIED,OCCUPIED,0.8371417338197882
251.0,cctv1,C1_S004,G004,OCCUPIED,OCCUPIED,0.7687469067898665
251.0,cctv1,C1_S005,G005,OCCUPIED,LEAVING,0.7808760737830943
251.0,cctv1,C1_S006,G006,EMPTY,EMPTY,0.01
251.0,cctv2,C2_S001,G007,OCCUPIED,LEAVING,0.7459292829714039
251.0,cctv2,C2_S002,G008,OCCUPIED,LEAVING,0.8041720628738404
251.0,cctv2,C2_S003,G009,EMPTY,EMPTY,0.01
251.0,cctv2,C2_S004,G010,OCCUPIED,OCCUPIED,0.7037336367030036
251.0,cctv2,C2_S005,G001,EMPTY,EMPTY,0.01
251.0,cctv2,C2_S006,G003,OCCUPIED,OCCUPIED,0.8207733720541001
251.0,cctv2,C2_S007,G004,OCCUPIED,OCCUPIED,0.7931713654236361
251.0,cctv2,C2_S008,G006,OCCUPIED,OCCUPIED,0.7678759203715758
251.0,cctv2,C2_S009,G005,OCCUPIED,OCCUPIED,0.7780733157287945
251.0,cctv2,C2_S010,G002,EMPTY,EMPTY,0.01
251.0,cctv2,C2_S011,G017,OCCUPIED,OCCUPIED,0.7980795978145167
251.0,cctv2,C2_S012,G018,OCCUPIED,LEAVING,0.7756740549613129
251.0,cctv2,C2_S013,G019,EMPTY,MANEUVERING,0.49
251.0,cctv2,C2_S014,G020,EMPTY,EMPTY,0.01
251.0,cctv3,C3_S001,G021,OCCUPIED,OCCUPIED,0.8049221653829922
251.0,cctv3,C3_S002,G019,EMPTY,EMPTY,0.01
251.0,cctv3,C3_S003,G020,EMPTY,MANEUVERING,0.49
251.0,cctv3,C3_S004,G024,OCCUPIED,OCCUPIED,0.8181414406407964
251.0,cctv3,C3_S005,G025,OCCUPIED,OCCUPIED,0.8308767876841806
251.0,cctv3,C3_S006,G026,OCCUPIED,OCCUPIED,0.8259646299210462
251.0,cctv3,C3_S007,G027,OCCUPIED,LEAVING,0.6702762444723737
251.0,cctv3,C3_S008,G028,EMPTY,EMPTY,0.01
251.0,cctv3,C3_S009,G029,EMPTY,MANEUVERING,0.2929457972164858
251.0,cctv3,C3_S010,G007,EMPTY,MANEUVERING,0.4873590565134178
251.0,cctv3,C3_S011,G008,OCCUPIED,OCCUPIED,0.8014097582210195
251.0,cctv3,C3_S012,G009,OCCUPIED,OCCUPIED,0.8223028497262435
252.0,cctv1,C1_S001,G001,OCCUPIED,OCCUPIED,0.7344833983616396
252.0,cctv1,C1_S002,G002,EMPTY,EMPTY,0.01
252.0,cctv1,C1_S003,G003,OCCUPIED,OCCUPIED,0.8371699969876897
252.0,cctv1,C1_S004,G004,OCCUPIED,OCCUPIED,0.7690746666355567
252.0,cctv1,C1_S005,G005,OCCUPIED,LEAVING,0.7792159509929745
252.0,cctv1,C1_S006,G006,EMPTY,EMPTY,0.01
252.0,cctv2,C2_S001,G007,OCCUPIED,LEAVING,0.7458118131892248
252.0,cctv2,C2_S002,G008,OCCUPIED,LEAVING,0.8073266048323025
252.0,cctv2,C2_S003,G009,EMPTY,EMPTY,0.01
252.0,cctv2,C2_S004,G010,OCCUPIED,OCCUPIED,0.7075633465905081
252.0,cctv2,C2_S005,G001,EMPTY,EMPTY,0.01
252.0,cctv2,C2_S006,G003,OCCUPIED,OCCUPIED,0.8207147674127059
252.0,cctv2,C2_S007,G004,OCCUPIED,OCCUPIED,0.7936846126209607
252.0,cctv2,C2_S008,G006,OCCUPIED,OCCUPIED,0.7677795693278313
252.0,cctv2,C2_S009,G005,OCCUPIED,OCCUPIED,0.775172353468158
252.0,cctv2,C2_S010,G002,EMPTY,EMPTY,0.01
252.0,cctv2,C2_S011,G017,OCCUPIED,OCCUPIED,0.8024227115240965
252.0,cctv2,C2_S012,G018,OCCUPIED,LEAVING,0.8119311428882859
252.0,cctv2,C2_S013,G019,EMPTY,MANEUVERING,0.49
252.0,cctv2,C2_S014,G020,EMPTY,EMPTY,0.01
252.0,cctv3,C3_S001,G021,OCCUPIED,OCCUPIED,0.8042621745304629
252.0,cctv3,C3_S002,G019,EMPTY,EMPTY,0.01
252.0,cctv3,C3_S003,G020,EMPTY,MANEUVERING,0.49
252.0,cctv3,C3_S004,G024,OCCUPIED,OCCUPIED,0.822099856896834
252.0,cctv3,C3_S005,G025,OCCUPIED,OCCUPIED,0.8311028914018112
252.0,cctv3,C3_S006,G026,OCCUPIED,OCCUPIED,0.8260718500072306
252.0,cctv3,C3_S007,G027,OCCUPIED,LEAVING,0.7138670297373425
252.0,cctv3,C3_S008,G028,EMPTY,EMPTY,0.01
252.0,cctv3,C3_S009,G029,EMPTY,MANEUVERING,0.3873741014894436
252.0,cctv3,C3_S010,G007,EMPTY,MANEUVERING,0.3931568358432163
252.0,cctv3,C3_S011,G008,OCCUPIED,OCCUPIED,0.8013331974094565
252.0,cctv3,C3_S012,G009,OCCUPIED,OCCUPIED,0.822800527106632
253.0,cctv1,C1_S001,G001,OCCUPIED,OCCUPIED,0.7354051394896074
253.0,cctv1,C1_S002,G002,EMPTY,EMPTY,0.01
253.0,cctv1,C1_S003,G003,OCCUPIED,OCCUPIED,0.8373348983851346
253.0,cctv1,C1_S004,G004,OCCUPIED,OCCUPIED,0.767864224721085
253.0,cctv1,C1_S005,G005,OCCUPIED,OCCUPIED,0.7766401492736557
253.0,cctv1,C1_S006,G006,EMPTY,EMPTY,0.01
253.0,cctv2,C2_S001,G007,OCCUPIED,LEAVING,0.7456854451786389
253.0,cctv2,C2_S002,G008,OCCUPIED,LEAVING,0.8135776343670759
253.0,cctv2,C2_S003,G009,EMPTY,EMPTY,0.01
253.0,cctv2,C2_S004,G010,OCCUPIED,OCCUPIED,0.7095456745136869
253.0,cctv2,C2_S005,G001,EMPTY,EMPTY,0.01
253.0,cctv2,C2_S006,G003,OCCUPIED,OCCUPIED,0.8211852536960083
253.0,cctv2,C2_S007,G004,OCCUPIED,OCCUPIED,0.7938427581028505
253.0,cctv2,C2_S008,G006,OCCUPIED,OCCUPIED,0.7707846732302146
253.0,cctv2,C2_S009,G005,OCCUPIED,OCCUPIED,0.7748196994716472
253.0,cctv2,C2_S010,G002,EMPTY,EMPTY,0.01
253.0,cctv2,C2_S011,G017,OCCUPIED,OCCUPIED,0.8025807545943694
253.0,cctv2,C2_S012,G018,OCCUPIED,LEAVING,0.8088070773265579
253.0,cctv2,C2_S013,G019,EMPTY,MANEUVERING,0.49
253.0,cctv2,C2_S014,G020,EMPTY,EMPTY,0.01
253.0,cctv3,C3_S001,G021,OCCUPIED,OCCUPIED,0.8046924471855165
253.0,cctv3,C3_S002,G019,EMPTY,EMPTY,0.01
253.0,cctv3,C3_S003,G020,EMPTY,MANEUVERING,0.49
253.0,cctv3,C3_S004,G024,OCCUPIED,OCCUPIED,0.824866120652719
253.0,cctv3,C3_S005,G025,OCCUPIED,OCCUPIED,0.8312516337091274
253.0,cctv3,C3_S006,G026,OCCUPIED,OCCUPIED,0.8259140589020469
253.0,cctv3,C3_S007,G027,OCCUPIED,LEAVING,0.7121926634420048
253.0,cctv3,C3_S008,G028,EMPTY,EMPTY,0.01
253.0,cctv3,C3_S009,G029,EMPTY,MANEUVERING,0.3879846495610068
253.0,cctv3,C3_S010,G007,EMPTY,MANEUVERING,0.3931568358432163
253.0,cctv3,C3_S011,G008,OCCUPIED,OCCUPIED,0.8004227752035316
253.0,cctv3,C3_S012,G009,OCCUPIED,OCCUPIED,0.8231988359581341
254.0,cctv1,C1_S001,G001,OCCUPIED,OCCUPIED,0.7348486341536046
254.0,cctv1,C1_S002,G002,EMPTY,EMPTY,0.01
254.0,cctv1,C1_S003,G003,OCCUPIED,OCCUPIED,0.8374204657294534
254.0,cctv1,C1_S004,G004,OCCUPIED,OCCUPIED,0.7691185918721286
254.0,cctv1,C1_S005,G005,OCCUPIED,OCCUPIED,0.778994767503305
254.0,cctv1,C1_S006,G006,EMPTY,EMPTY,0.01
254.0,cctv2,C2_S001,G007,OCCUPIED,LEAVING,0.7462802916765213
254.0,cctv2,C2_S002,G008,OCCUPIED,LEAVING,0.8149881601333618
254.0,cctv2,C2_S003,G009,EMPTY,EMPTY,0.01
254.0,cctv2,C2_S004,G010,OCCUPIED,OCCUPIED,0.709481536637653
254.0,cctv2,C2_S005,G001,EMPTY,EMPTY,0.01
254.0,cctv2,C2_S006,G003,OCCUPIED,OCCUPIED,0.8212310707027263
254.0,cctv2,C2_S007,G004,OCCUPIED,OCCUPIED,0.7938098417087035
254.0,cctv2,C2_S008,G006,OCCUPIED,OCCUPIED,0.7709689401767471
254.0,cctv2,C2_S009,G005,OCCUPIED,OCCUPIED,0.7768004714088007
254.0,cctv2,C2_S010,G002,EMPTY,EMPTY,0.01
254.0,cctv2,C2_S011,G017,OCCUPIED,OCCUPIED,0.8031705829230222
254.0,cctv2,C2_S012,G018,OCCUPIED,LEAVING,0.8031333380124787
254.0,cctv2,C2_S013,G019,EMPTY,MANEUVERING,0.49
254.0,cctv2,C2_S014,G020,EMPTY,EMPTY,0.01
254.0,cctv3,C3_S001,G021,OCCUPIED,OCCUPIED,0.8036742765795102
254.0,cctv3,C3_S002,G019,EMPTY,EMPTY,0.01
254.0,cctv3,C3_S003,G020,EMPTY,MANEUVERING,0.49
254.0,cctv3,C3_S004,G024,OCCUPIED,OCCUPIED,0.8251912027597428
254.0,cctv3,C3_S005,G025,OCCUPIED,OCCUPIED,0.8313646993853829
254.0,cctv3,C3_S006,G026,OCCUPIED,OCCUPIED,0.8257925995371559
254.0,cctv3,C3_S007,G027,OCCUPIED,LEAVING,0.6945651307661426
254.0,cctv3,C3_S008,G028,EMPTY,MANEUVERING,0.1318525668274272
254.0,cctv3,C3_S009,G029,EMPTY,MANEUVERING,0.4336072202619503
254.0,cctv3,C3_S010,G007,EMPTY,MANEUVERING,0.3481568358432163
254.0,cctv3,C3_S011,G008,OCCUPIED,OCCUPIED,0.7997116825797341
254.0,cctv3,C3_S012,G009,OCCUPIED,OCCUPIED,0.8235463722185655
255.0,cctv1,C1_S001,G001,OCCUPIED,OCCUPIED,0.7375453669239175
255.0,cctv1,C1_S002,G002,EMPTY,EMPTY,0.01
255.0,cctv1,C1_S003,G003,OCCUPIED,OCCUPIED,0.8375250775705685
255.0,cctv1,C1_S004,G004,OCCUPIED,OCCUPIED,0.7684012858705088
255.0,cctv1,C1_S005,G005,OCCUPIED,OCCUPIED,0.7802287844094364
255.0,cctv1,C1_S006,G006,EMPTY,EMPTY,0.01
255.0,cctv2,C2_S001,G007,OCCUPIED,LEAVING,0.7477363178675825
255.0,cctv2,C2_S002,G008,OCCUPIED,LEAVING,0.814352143352682
255.0,cctv2,C2_S003,G009,EMPTY,EMPTY,0.01
255.0,cctv2,C2_S004,G010,OCCUPIED,OCCUPIED,0.7104622172970664
255.0,cctv2,C2_S005,G001,EMPTY,EMPTY,0.01
255.0,cctv2,C2_S006,G003,OCCUPIED,OCCUPIED,0.8212143597277729
255.0,cctv2,C2_S007,G004,OCCUPIED,OCCUPIED,0.7914395857941021
255.0,cctv2,C2_S008,G006,OCCUPIED,OCCUPIED,0.7718700006604196
255.0,cctv2,C2_S009,G005,OCCUPIED,OCCUPIED,0.7768131208690731
255.0,cctv2,C2_S010,G002,EMPTY,EMPTY,0.01
255.0,cctv2,C2_S011,G017,OCCUPIED,OCCUPIED,0.8027653352780776
255.0,cctv2,C2_S012,G018,OCCUPIED,LEAVING,0.7983576039021666
255.0,cctv2,C2_S013,G019,EMPTY,MANEUVERING,0.49
255.0,cctv2,C2_S014,G020,EMPTY,EMPTY,0.01
255.0,cctv3,C3_S001,G021,OCCUPIED,OCCUPIED,0.8039950890974565
255.0,cctv3,C3_S002,G019,EMPTY,EMPTY,0.01
255.0,cctv3,C3_S003,G020,EMPTY,MANEUVERING,0.49
255.0,cctv3,C3_S004,G024,OCCUPIED,OCCUPIED,0.8255228993567554
255.0,cctv3,C3_S005,G025,OCCUPIED,OCCUPIED,0.8315078253095801
255.0,cctv3,C3_S006,G026,OCCUPIED,OCCUPIED,0.8256751155311411
255.0,cctv3,C3_S007,G027,OCCUPIED,LEAVING,0.6941969698626888
255.0,cctv3,C3_S008,G028,EMPTY,MANEUVERING,0.1318525668274272
255.0,cctv3,C3_S009,G029,EMPTY,MANEUVERING,0.4798164244402538
255.0,cctv3,C3_S010,G007,EMPTY,MANEUVERING,0.3031568358432163
255.0,cctv3,C3_S011,G008,OCCUPIED,OCCUPIED,0.7994227095083758
255.0,cctv3,C3_S012,G009,OCCUPIED,OCCUPIED,0.8238122579726307
256.0,cctv1,C1_S001,G001,OCCUPIED,OCCUPIED,0.7387347508560528
256.0,cctv1,C1_S002,G002,EMPTY,EMPTY,0.01
256.0,cctv1,C1_S003,G003,OCCUPIED,OCCUPIED,0.8376798702911898
256.0,cctv1,C1_S004,G004,OCCUPIED,OCCUPIED,0.7691655504432592
256.0,cctv1,C1_S005,G005,OCCUPIED,OCCUPIED,0.7796833889050918
256.0,cctv1,C1_S006,G006,EMPTY,EMPTY,0.01
256.0,cctv2,C2_S001,G007,OCCUPIED,LEAVING,0.74698002433235
256.0,cctv2,C2_S002,G008,OCCUPIED,OCCUPIED,0.8138077158819546
256.0,cctv2,C2_S003,G009,EMPTY,EMPTY,0.01
256.0,cctv2,C2_S004,G010,OCCUPIED,OCCUPIED,0.7094668173451316
256.0,cctv2,C2_S005,G001,EMPTY,EMPTY,0.01
256.0,cctv2,C2_S006,G003,OCCUPIED,OCCUPIED,0.8215129700574009
256.0,cctv2,C2_S007,G004,OCCUPIED,OCCUPIED,0.7911011909896678
256.0,cctv2,C2_S008,G006,OCCUPIED,OCCUPIED,0.7743819649923932
256.0,cctv2,C2_S009,G005,OCCUPIED,OCCUPIED,0.7810244296084752
256.0,cctv2,C2_S010,G002,EMPTY,EMPTY,0.01
256.0,cctv2,C2_S011,G017,OCCUPIED,OCCUPIED,0.803493390029127
256.0,cctv2,C2_S012,G018,OCCUPIED,LEAVING,0.7933984367684885
256.0,cctv2,C2_S013,G019,EMPTY,MANEUVERING,0.49
256.0,cctv2,C2_S014,G020,EMPTY,EMPTY,0.01
256.0,cctv3,C3_S001,G021,OCCUPIED,OCCUPIED,0.8041615591807799
256.0,cctv3,C3_S002,G019,EMPTY,EMPTY,0.01
256.0,cctv3,C3_S003,G020,EMPTY,MANEUVERING,0.49
256.0,cctv3,C3_S004,G024,OCCUPIED,OCCUPIED,0.8259250283241273
256.0,cctv3,C3_S005,G025,OCCUPIED,OCCUPIED,0.8316155769608238
256.0,cctv3,C3_S006,G026,OCCUPIED,OCCUPIED,0.8255096589977091
256.0,cctv3,C3_S007,G027,OCCUPIED,LEAVING,0.6923467861075293
256.0,cctv3,C3_S008,G028,EMPTY,MANEUVERING,0.1318525668274272
256.0,cctv3,C3_S009,G029,EMPTY,MANEUVERING,0.4813466531817209
256.0,cctv3,C3_S010,G007,EMPTY,MANEUVERING,0.3031568358432163
256.0,cctv3,C3_S011,G008,OCCUPIED,OCCUPIED,0.7992783879691905
256.0,cctv3,C3_S012,G009,OCCUPIED,OCCUPIED,0.8237362986261195
257.0,cctv1,C1_S001,G001,OCCUPIED,OCCUPIED,0.7392132482068106
257.0,cctv1,C1_S002,G002,EMPTY,EMPTY,0.01
257.0,cctv1,C1_S003,G003,OCCUPIED,OCCUPIED,0.8378042313185605
257.0,cctv1,C1_S004,G004,OCCUPIED,OCCUPIED,0.7704390689730645
257.0,cctv1,C1_S005,G005,OCCUPIED,OCCUPIED,0.7802212031050162
257.0,cctv1,C1_S006,G006,EMPTY,EMPTY,0.01
257.0,cctv2,C2_S001,G007,OCCUPIED,LEAVING,0.7535973072729328
257.0,cctv2,C2_S002,G008,OCCUPIED,OCCUPIED,0.8136217762123455
257.0,cctv2,C2_S003,G009,EMPTY,EMPTY,0.01
257.0,cctv2,C2_S004,G010,OCCUPIED,OCCUPIED,0.708589393909682
257.0,cctv2,C2_S005,G001,EMPTY,EMPTY,0.01
257.0,cctv2,C2_S006,G003,OCCUPIED,OCCUPIED,0.8218111804940484
257.0,cctv2,C2_S007,G004,OCCUPIED,OCCUPIED,0.7892273339358243
257.0,cctv2,C2_S008,G006,OCCUPIED,OCCUPIED,0.7742555711757053
257.0,cctv2,C2_S009,G005,OCCUPIED,OCCUPIED,0.7811022543094376
257.0,cctv2,C2_S010,G002,EMPTY,EMPTY,0.01
257.0,cctv2,C2_S011,G017,OCCUPIED,OCCUPIED,0.8028069672259418
257.0,cctv2,C2_S012,G018,OCCUPIED,LEAVING,0.7897629747336562
257.0,cctv2,C2_S013,G019,EMPTY,MANEUVERING,0.49
257.0,cctv2,C2_S014,G020,EMPTY,EMPTY,0.01
257.0,cctv3,C3_S001,G021,OCCUPIED,OCCUPIED,0.8037468717856842
257.0,cctv3,C3_S002,G019,EMPTY,EMPTY,0.01
257.0,cctv3,C3_S003,G020,EMPTY,MANEUVERING,0.49
257.0,cctv3,C3_S004,G024,OCCUPIED,OCCUPIED,0.825839265910062
257.0,cctv3,C3_S005,G025,OCCUPIED,OCCUPIED,0.8316386829723013
257.0,cctv3,C3_S006,G026,OCCUPIED,OCCUPIED,0.825548150322654
257.0,cctv3,C3_S007,G027,OCCUPIED,LEAVING,0.6925605134625327
257.0,cctv3,C3_S008,G028,EMPTY,MANEUVERING,0.1318525668274272
257.0,cctv3,C3_S009,G029,EMPTY,MANEUVERING,0.4363466531817208
257.0,cctv3,C3_S010,G007,EMPTY,MANEUVERING,0.3499170238863338
257.0,cctv3,C3_S011,G008,OCCUPIED,OCCUPIED,0.7982773583043706
257.0,cctv3,C3_S012,G009,OCCUPIED,OCCUPIED,0.823698192563924
258.0,cctv1,C1_S001,G001,OCCUPIED,OCCUPIED,0.7384688880633224
258.0,cctv1,C1_S002,G002,EMPTY,EMPTY,0.01
258.0,cctv1,C1_S003,G003,OCCUPIED,OCCUPIED,0.8379853478886865
258.0,cctv1,C1_S004,G004,OCCUPIED,OCCUPIED,0.7698670371012255
258.0,cctv1,C1_S005,G005,OCCUPIED,OCCUPIED,0.7801960553635251
258.0,cctv1,C1_S006,G006,EMPTY,EMPTY,0.01
258.0,cctv2,C2_S001,G007,OCCUPIED,LEAVING,0.7530778609216214
258.0,cctv2,C2_S002,G008,OCCUPIED,OCCUPIED,0.814274843714454
258.0,cctv2,C2_S003,G009,EMPTY,EMPTY,0.01
258.0,cctv2,C2_S004,G010,OCCUPIED,OCCUPIED,0.745513398742134
258.0,cctv2,C2_S005,G001,EMPTY,EMPTY,0.01
258.0,cctv2,C2_S006,G003,OCCUPIED,OCCUPIED,0.8214450272646818
258.0,cctv2,C2_S007,G004,OCCUPIED,OCCUPIED,0.7883617306297477
258.0,cctv2,C2_S008,G006,OCCUPIED,OCCUPIED,0.776365984028036
258.0,cctv2,C2_S009,G005,OCCUPIED,OCCUPIED,0.780770282176408
258.0,cctv2,C2_S010,G002,EMPTY,EMPTY,0.01
258.0,cctv2,C2_S011,G017,OCCUPIED,OCCUPIED,0.8047684552994642
258.0,cctv2,C2_S012,G018,OCCUPIED,OCCUPIED,0.7872060078111562
258.0,cctv2,C2_S013,G019,OCCUPIED,OCCUPIED,0.838997797261585
258.0,cctv2,C2_S014,G020,EMPTY,EMPTY,0.01
258.0,cctv3,C3_S001,G021,OCCUPIED,OCCUPIED,0.8019631442698566
258.0,cctv3,C3_S002,G019,EMPTY,EMPTY,0.01
258.0,cctv3,C3_S003,G020,EMPTY,MANEUVERING,0.49
258.0,cctv3,C3_S004,G024,OCCUPIED,OCCUPIED,0.8262187440286983
258.0,cctv3,C3_S005,G025,OCCUPIED,OCCUPIED,0.8315971729430286
258.0,cctv3,C3_S006,G026,OCCUPIED,OCCUPIED,0.8255704435435209
258.0,cctv3,C3_S007,G027,OCCUPIED,LEAVING,0.6929691274423492
258.0,cctv3,C3_S008,G028,EMPTY,MANEUVERING,0.0868525668274272
258.0,cctv3,C3_S009,G029,EMPTY,MANEUVERING,0.3913466531817208
258.0,cctv3,C3_S010,G007,EMPTY,MANEUVERING,0.3950345028530468
258.0,cctv3,C3_S011,G008,OCCUPIED,OCCUPIED,0.798841014775363
258.0,cctv3,C3_S012,G009,OCCUPIED,OCCUPIED,0.82421495589343
259.0,cctv1,C1_S001,G001,OCCUPIED,OCCUPIED,0.736891257017851
259.0,cctv1,C1_S002,G002,EMPTY,EMPTY,0.01
259.0,cctv1,C1_S003,G003,OCCUPIED,OCCUPIED,0.8379751400514083
259.0,cctv1,C1_S004,G004,OCCUPIED,OCCUPIED,0.7694671725684947
259.0,cctv1,C1_S005,G005,OCCUPIED,OCCUPIED,0.7779244141145186
259.0,cctv1,C1_S006,G006,EMPTY,EMPTY,0.01
259.0,cctv2,C2_S001,G007,OCCUPIED,LEAVING,0.7521585628390313
259.0,cctv2,C2_S002,G008,OCCUPIED,OCCUPIED,0.8129287624900992
259.0,cctv2,C2_S003,G009,EMPTY,EMPTY,0.01
259.0,cctv2,C2_S004,G010,OCCUPIED,OCCUPIED,0.7466728051277725
259.0,cctv2,C2_S005,G001,EMPTY,EMPTY,0.01
259.0,cctv2,C2_S006,G003,OCCUPIED,OCCUPIED,0.8216414868831635
259.0,cctv2,C2_S007,G004,OCCUPIED,OCCUPIED,0.7870207577943803
259.0,cctv2,C2_S008,G006,OCCUPIED,OCCUPIED,0.7771670570427722
259.0,cctv2,C2_S009,G005,OCCUPIED,OCCUPIED,0.7808612123131753
259.0,cctv2,C2_S010,G002,EMPTY,EMPTY,0.01
259.0,cctv2,C2_S011,G017,OCCUPIED,OCCUPIED,0.8053343331271953
259.0,cctv2,C2_S012,G018,OCCUPIED,OCCUPIED,0.7865376419641755
259.0,cctv2,C2_S013,G019,OCCUPIED,OCCUPIED,0.8389710792086342
259.0,cctv2,C2_S014,G020,EMPTY,EMPTY,0.01
259.0,cctv3,C3_S001,G021,OCCUPIED,OCCUPIED,0.802063311771913
259.0,cctv3,C3_S002,G019,EMPTY,EMPTY,0.01
259.0,cctv3,C3_S003,G020,EMPTY,MANEUVERING,0.49
259.0,cctv3,C3_S004,G024,OCCUPIED,OCCUPIED,0.8263220350850713
259.0,cctv3,C3_S005,G025,OCCUPIED,OCCUPIED,0.8315797377716412
259.0,cctv3,C3_S006,G026,OCCUPIED,OCCUPIED,0.8256455478343098
259.0,cctv3,C3_S007,G027,OCCUPIED,LEAVING,0.7315558110719378
259.0,cctv3,C3_S008,G028,EMPTY,MANEUVERING,0.0857616577365181
259.0,cctv3,C3_S009,G029,EMPTY,MANEUVERING,0.4392353397230437
259.0,cctv3,C3_S010,G007,EMPTY,MANEUVERING,0.349607569900426
259.0,cctv3,C3_S011,G008,OCCUPIED,OCCUPIED,0.7987334086136385
259.0,cctv3,C3_S012,G009,OCCUPIED,OCCUPIED,0.8243708832697435
260.0,cctv1,C1_S001,G001,OCCUPIED,OCCUPIED,0.7399515437131579
260.0,cctv1,C1_S002,G002,EMPTY,EMPTY,0.01
260.0,cctv1,C1_S003,G003,OCCUPIED,OCCUPIED,0.838071541894566
260.0,cctv1,C1_S004,G004,OCCUPIED,OCCUPIED,0.7694669770923528
260.0,cctv1,C1_S005,G005,OCCUPIED,OCCUPIED,0.7760789754715833
260.0,cctv1,C1_S006,G006,EMPTY,EMPTY,0.01
260.0,cctv2,C2_S001,G007,OCCUPIED,LEAVING,0.7503235295414925
260.0,cctv2,C2_S002,G008,OCCUPIED,OCCUPIED,0.8121016423810613
260.0,cctv2,C2_S003,G009,EMPTY,EMPTY,0.01
260.0,cctv2,C2_S004,G010,OCCUPIED,OCCUPIED,0.7448151502419602
260.0,cctv2,C2_S005,G001,EMPTY,EMPTY,0.01
260.0,cctv2,C2_S006,G003,OCCUPIED,OCCUPIED,0.8216693379662254
260.0,cctv2,C2_S007,G004,OCCUPIED,OCCUPIED,0.7869876528328116
260.0,cctv2,C2_S008,G006,OCCUPIED,OCCUPIED,0.7770496331832626
260.0,cctv2,C2_S009,G005,OCCUPIED,OCCUPIED,0.7778218484737657
260.0,cctv2,C2_S010,G002,EMPTY,EMPTY,0.01
260.0,cctv2,C2_S011,G017,OCCUPIED,OCCUPIED,0.805196594379165
260.0,cctv2,C2_S012,G018,OCCUPIED,OCCUPIED,0.787249384414066
260.0,cctv2,C2_S013,G019,OCCUPIED,OCCUPIED,0.8389796582135288
260.0,cctv2,C2_S014,G020,EMPTY,EMPTY,0.01
260.0,cctv3,C3_S001,G021,OCCUPIED,OCCUPIED,0.8017493795264852
260.0,cctv3,C3_S002,G019,EMPTY,EMPTY,0.01
260.0,cctv3,C3_S003,G020,EMPTY,MANEUVERING,0.49
260.0,cctv3,C3_S004,G024,OCCUPIED,OCCUPIED,0.8262813996184957
260.0,cctv3,C3_S005,G025,OCCUPIED,OCCUPIED,0.8315211371942001
260.0,cctv3,C3_S006,G026,OCCUPIED,OCCUPIED,0.8256072759628297
260.0,cctv3,C3_S007,G027,OCCUPIED,LEAVING,0.7332764818858017
260.0,cctv3,C3_S008,G028,EMPTY,MANEUVERING,0.0857616577365181
260.0,cctv3,C3_S009,G029,EMPTY,MANEUVERING,0.439341696175662
260.0,cctv3,C3_S010,G007,EMPTY,MANEUVERING,0.349607569900426
260.0,cctv3,C3_S011,G008,OCCUPIED,OCCUPIED,0.7983175085349516
260.0,cctv3,C3_S012,G009,OCCUPIED,OCCUPIED,0.8241588440808384
261.0,cctv1,C1_S001,G001,OCCUPIED,OCCUPIED,0.7378225626593287
261.0,cctv1,C1_S002,G002,EMPTY,EMPTY,0.01
261.0,cctv1,C1_S003,G003,OCCUPIED,OCCUPIED,0.838304947723042
261.0,cctv1,C1_S004,G004,OCCUPIED,OCCUPIED,0.7698614300651985
261.0,cctv1,C1_S005,G005,OCCUPIED,OCCUPIED,0.7758993715047837
261.0,cctv1,C1_S006,G006,EMPTY,EMPTY,0.01
261.0,cctv2,C2_S001,G007,OCCUPIED,LEAVING,0.743335727669976
261.0,cctv2,C2_S002,G008,OCCUPIED,OCCUPIED,0.8109369670802897
261.0,cctv2,C2_S003,G009,EMPTY,EMPTY,0.01
261.0,cctv2,C2_S004,G010,OCCUPIED,OCCUPIED,0.744541181285273
261.0,cctv2,C2_S005,G001,EMPTY,EMPTY,0.01
261.0,cctv2,C2_S006,G003,OCCUPIED,OCCUPIED,0.8215853084217419
261.0,cctv2,C2_S007,G004,OCCUPIED,OCCUPIED,0.786392739686099
261.0,cctv2,C2_S008,G006,OCCUPIED,OCCUPIED,0.7763149818236178
261.0,cctv2,C2_S009,G005,OCCUPIED,OCCUPIED,0.7782840004021472
261.0,cctv2,C2_S010,G002,EMPTY,EMPTY,0.01
261.0,cctv2,C2_S011,G017,OCCUPIED,OCCUPIED,0.8067145791920749
261.0,cctv2,C2_S012,G018,OCCUPIED,OCCUPIED,0.7844139529900118
261.0,cctv2,C2_S013,G019,OCCUPIED,OCCUPIED,0.8387832246043466
261.0,cctv2,C2_S014,G020,EMPTY,EMPTY,0.01
261.0,cctv3,C3_S001,G021,OCCUPIED,OCCUPIED,0.8005812360481783
261.0,cctv3,C3_S002,G019,EMPTY,EMPTY,0.01
261.0,cctv3,C3_S003,G020,EMPTY,MANEUVERING,0.49
261.0,cctv3,C3_S004,G024,OCCUPIED,OCCUPIED,0.8260264767841861
261.0,cctv3,C3_S005,G025,OCCUPIED,OCCUPIED,0.8315779691392726
261.0,cctv3,C3_S006,G026,OCCUPIED,OCCUPIED,0.8255437059835955
261.0,cctv3,C3_S007,G027,OCCUPIED,LEAVING,0.7340199044753206
261.0,cctv3,C3_S008,G028,EMPTY,MANEUVERING,0.0857616577365181
261.0,cctv3,C3_S009,G029,EMPTY,MANEUVERING,0.439341696175662
261.0,cctv3,C3_S010,G007,EMPTY,MANEUVERING,0.3471000151607123
261.0,cctv3,C3_S011,G008,OCCUPIED,OCCUPIED,0.7978377710689198
261.0,cctv3,C3_S012,G009,OCCUPIED,OCCUPIED,0.8237237361344425
262.0,cctv1,C1_S001,G001,OCCUPIED,OCCUPIED,0.7380327328362248
262.0,cctv1,C1_S002,G002,EMPTY,EMPTY,0.01
262.0,cctv1,C1_S003,G003,OCCUPIED,OCCUPIED,0.8386578711596403
262.0,cctv1,C1_S004,G004,OCCUPIED,OCCUPIED,0.7706625242124905
262.0,cctv1,C1_S005,G005,OCCUPIED,OCCUPIED,0.7758376709439538
262.0,cctv1,C1_S006,G006,EMPTY,EMPTY,0.01
262.0,cctv2,C2_S001,G007,OCCUPIED,LEAVING,0.7423369518735192
262.0,cctv2,C2_S002,G008,OCCUPIED,OCCUPIED,0.8119287553158674
262.0,cctv2,C2_S003,G009,EMPTY,EMPTY,0.01
262.0,cctv2,C2_S004,G010,OCCUPIED,OCCUPIED,0.7455002232031389
262.0,cctv2,C2_S005,G001,EMPTY,EMPTY,0.01
262.0,cctv2,C2_S006,G003,OCCUPIED,OCCUPIED,0.8214078737930819
262.0,cctv2,C2_S007,G004,OCCUPIED,OCCUPIED,0.785688371279023
262.0,cctv2,C2_S008,G006,OCCUPIED,OCCUPIED,0.77836092046716
262.0,cctv2,C2_S009,G005,OCCUPIED,OCCUPIED,0.7799439171498472
262.0,cctv2,C2_S010,G002,EMPTY,EMPTY,0.01
262.0,cctv2,C2_S011,G017,OCCUPIED,OCCUPIED,0.8066343656995081
262.0,cctv2,C2_S012,G018,OCCUPIED,OCCUPIED,0.7827791941436855
262.0,cctv2,C2_S013,G019,OCCUPIED,OCCUPIED,0.8385100936347789
262.0,cctv2,C2_S014,G020,EMPTY,EMPTY,0.01
262.0,cctv3,C3_S001,G021,OCCUPIED,OCCUPIED,0.7993342242457651
262.0,cctv3,C3_S002,G019,EMPTY,EMPTY,0.01
262.0,cctv3,C3_S003,G020,EMPTY,MANEUVERING,0.49
262.0,cctv3,C3_S004,G024,OCCUPIED,OCCUPIED,0.8261654647913846
262.0,cctv3,C3_S005,G025,OCCUPIED,OCCUPIED,0.8316659260879864
262.0,cctv3,C3_S006,G026,OCCUPIED,OCCUPIED,0.8254880737174641
262.0,cctv3,C3_S007,G027,OCCUPIED,LEAVING,0.7342276582257315
262.0,cctv3,C3_S008,G028,EMPTY,MANEUVERING,0.0857616577365181
262.0,cctv3,C3_S009,G029,EMPTY,MANEUVERING,0.49
262.0,cctv3,C3_S010,G007,EMPTY,MANEUVERING,0.256637298410589
262.0,cctv3,C3_S011,G008,OCCUPIED,OCCUPIED,0.7983098707415841
262.0,cctv3,C3_S012,G009,OCCUPIED,OCCUPIED,0.8237540938637474
263.0,cctv1,C1_S001,G001,OCCUPIED,OCCUPIED,0.738643428547816
263.0,cctv1,C1_S002,G002,EMPTY,EMPTY,0.01
263.0,cctv1,C1_S003,G003,OCCUPIED,OCCUPIED,0.8386622683568434
263.0,cctv1,C1_S004,G004,OCCUPIED,OCCUPIED,0.7714303715662524
263.0,cctv1,C1_S005,G005,OCCUPIED,OCCUPIED,0.7757559302178296
263.0,cctv1,C1_S006,G006,EMPTY,EMPTY,0.01
263.0,cctv2,C2_S001,G007,OCCUPIED,LEAVING,0.7417846803638068
263.0,cctv2,C2_S002,G008,OCCUPIED,OCCUPIED,0.8120386259122329
263.0,cctv2,C2_S003,G009,EMPTY,EMPTY,0.01
263.0,cctv2,C2_S004,G010,OCCUPIED,OCCUPIED,0.7474718028848822
263.0,cctv2,C2_S005,G001,EMPTY,EMPTY,0.01
263.0,cctv2,C2_S006,G003,OCCUPIED,OCCUPIED,0.8213812890377912
263.0,cctv2,C2_S007,G004,OCCUPIED,OCCUPIED,0.7867854297161103
263.0,cctv2,C2_S008,G006,OCCUPIED,OCCUPIED,0.7778488115830855
263.0,cctv2,C2_S009,G005,OCCUPIED,OCCUPIED,0.783666096221317
263.0,cctv2,C2_S010,G002,EMPTY,EMPTY,0.01
263.0,cctv2,C2_S011,G017,OCCUPIED,OCCUPIED,0.8049912899732591
263.0,cctv2,C2_S012,G018,OCCUPIED,OCCUPIED,0.7766504534266212
263.0,cctv2,C2_S013,G019,OCCUPIED,OCCUPIED,0.8385029516436837
263.0,cctv2,C2_S014,G020,EMPTY,EMPTY,0.01
263.0,cctv3,C3_S001,G021,OCCUPIED,OCCUPIED,0.7989482535557314
263.0,cctv3,C3_S002,G019,EMPTY,EMPTY,0.01
263.0,cctv3,C3_S003,G020,EMPTY,MANEUVERING,0.49
263.0,cctv3,C3_S004,G024,OCCUPIED,OCCUPIED,0.8261201663450761
263.0,cctv3,C3_S005,G025,OCCUPIED,OCCUPIED,0.83171012645418
263.0,cctv3,C3_S006,G026,OCCUPIED,OCCUPIED,0.8252823905511336
263.0,cctv3,C3_S007,G027,OCCUPIED,LEAVING,0.7346588891609149
263.0,cctv3,C3_S008,G028,EMPTY,MANEUVERING,0.0857616577365181
263.0,cctv3,C3_S009,G029,EMPTY,MANEUVERING,0.437492729440912
263.0,cctv3,C3_S010,G007,EMPTY,MANEUVERING,0.3532147297534075
263.0,cctv3,C3_S011,G008,OCCUPIED,OCCUPIED,0.7985550701618195
263.0,cctv3,C3_S012,G009,OCCUPIED,OCCUPIED,0.8238563380458139
264.0,cctv1,C1_S001,G001,OCCUPIED,OCCUPIED,0.7381922001188452
264.0,cctv1,C1_S002,G002,EMPTY,EMPTY,0.01
264.0,cctv1,C1_S003,G003,OCCUPIED,OCCUPIED,0.8387159482999282
264.0,cctv1,C1_S004,G004,OCCUPIED,OCCUPIED,0.7731948046521707
264.0,cctv1,C1_S005,G005,OCCUPIED,OCCUPIED,0.7784680157899857
264.0,cctv1,C1_S006,G006,EMPTY,EMPTY,0.01
264.0,cctv2,C2_S001,G007,OCCUPIED,LEAVING,0.7422254764220932
264.0,cctv2,C2_S002,G008,OCCUPIED,LEAVING,0.8083128587766127
264.0,cctv2,C2_S003,G009,EMPTY,EMPTY,0.01
264.0,cctv2,C2_S004,G010,OCCUPIED,OCCUPIED,0.6660831073332917
264.0,cctv2,C2_S005,G001,EMPTY,EMPTY,0.01
264.0,cctv2,C2_S006,G003,OCCUPIED,OCCUPIED,0.8210087992928246
264.0,cctv2,C2_S007,G004,OCCUPIED,OCCUPIED,0.7858384002338756
264.0,cctv2,C2_S008,G006,OCCUPIED,OCCUPIED,0.7769663266160272
264.0,cctv2,C2_S009,G005,OCCUPIED,OCCUPIED,0.786690538037907
264.0,cctv2,C2_S010,G002,EMPTY,EMPTY,0.01
264.0,cctv2,C2_S011,G017,OCCUPIED,OCCUPIED,0.804403227838603
264.0,cctv2,C2_S012,G018,OCCUPIED,OCCUPIED,0.7750417538664558
264.0,cctv2,C2_S013,G019,OCCUPIED,OCCUPIED,0.8385400287129663
264.0,cctv2,C2_S014,G020,EMPTY,EMPTY,0.01
264.0,cctv3,C3_S001,G021,OCCUPIED,OCCUPIED,0.7989471977407283
264.0,cctv3,C3_S002,G019,EMPTY,EMPTY,0.01
264.0,cctv3,C3_S003,G020,OCCUPIED,OCCUPIED,0.8168565235354684
264.0,cctv3,C3_S004,G024,OCCUPIED,OCCUPIED,0.8261277049779893
264.0,cctv3,C3_S005,G025,OCCUPIED,OCCUPIED,0.8318122511560267
264.0,cctv3,C3_S006,G026,OCCUPIED,OCCUPIED,0.8254121834581549
264.0,cctv3,C3_S007,G027,OCCUPIED,OCCUPIED,0.7353729188035836
264.0,cctv3,C3_S008,G028,EMPTY,MANEUVERING,0.0857616577365181
264.0,cctv3,C3_S009,G029,EMPTY,MANEUVERING,0.344700922187079
264.0,cctv3,C3_S010,G007,EMPTY,MANEUVERING,0.445552745569836
264.0,cctv3,C3_S011,G008,OCCUPIED,OCCUPIED,0.7985542947595771
264.0,cctv3,C3_S012,G009,OCCUPIED,OCCUPIED,0.8241612978956917
265.0,cctv1,C1_S001,G001,OCCUPIED,OCCUPIED,0.6576736594397914
265.0,cctv1,C1_S002,G002,EMPTY,EMPTY,0.01
265.0,cctv1,C1_S003,G003,OCCUPIED,OCCUPIED,0.8386769790541042
265.0,cctv1,C1_S004,G004,OCCUPIED,OCCUPIED,0.771340523660183
265.0,cctv1,C1_S005,G005,OCCUPIED,OCCUPIED,0.7782391664656727
265.0,cctv1,C1_S006,G006,EMPTY,EMPTY,0.01
265.0,cctv2,C2_S001,G007,OCCUPIED,LEAVING,0.7423880162564191
265.0,cctv2,C2_S002,G008,OCCUPIED,LEAVING,0.8073400605808605
265.0,cctv2,C2_S003,G009,EMPTY,EMPTY,0.01
265.0,cctv2,C2_S004,G010,OCCUPIED,LEAVING,0.6668196280707013
265.0,cctv2,C2_S005,G001,EMPTY,EMPTY,0.01
265.0,cctv2,C2_S006,G003,OCCUPIED,OCCUPIED,0.8211500403555958
265.0,cctv2,C2_S007,G004,OCCUPIED,OCCUPIED,0.7864409698681398
265.0,cctv2,C2_S008,G006,OCCUPIED,OCCUPIED,0.7761726162650369
265.0,cctv2,C2_S009,G005,OCCUPIED,OCCUPIED,0.7872839158231563
265.0,cctv2,C2_S010,G002,EMPTY,EMPTY,0.01
265.0,cctv2,C2_S011,G017,OCCUPIED,OCCUPIED,0.8036621603098784
265.0,cctv2,C2_S012,G018,OCCUPIED,OCCUPIED,0.7740465917370537
265.0,cctv2,C2_S013,G019,OCCUPIED,OCCUPIED,0.8385648115114732
265.0,cctv2,C2_S014,G020,EMPTY,EMPTY,0.01
265.0,cctv3,C3_S001,G021,OCCUPIED,OCCUPIED,0.7992008916356348
265.0,cctv3,C3_S002,G019,EMPTY,EMPTY,0.01
265.0,cctv3,C3_S003,G020,OCCUPIED,OCCUPIED,0.8172948176210577
265.0,cctv3,C3_S004,G024,OCCUPIED,OCCUPIED,0.8265074375000867
265.0,cctv3,C3_S005,G025,OCCUPIED,OCCUPIED,0.8318976917050103
265.0,cctv3,C3_S006,G026,OCCUPIED,OCCUPIED,0.8257342338562013
265.0,cctv3,C3_S007,G027,OCCUPIED,OCCUPIED,0.7499221227385782
265.0,cctv3,C3_S008,G028,EMPTY,EMPTY,0.01
265.0,cctv3,C3_S009,G029,EMPTY,MANEUVERING,0.2973449882458557
265.0,cctv3,C3_S010,G007,EMPTY,MANEUVERING,0.49
265.0,cctv3,C3_S011,G008,OCCUPIED,OCCUPIED,0.7993759334087372
265.0,cctv3,C3_S012,G009,OCCUPIED,OCCUPIED,0.8245865336873315
266.0,cctv1,C1_S001,G001,OCCUPIED,OCCUPIED,0.65541600656103
266.0,cctv1,C1_S002,G002,EMPTY,EMPTY,0.01
266.0,cctv1,C1_S003,G003,OCCUPIED,OCCUPIED,0.8386035986922005
266.0,cctv1,C1_S004,G004,OCCUPIED,OCCUPIED,0.7727793414484372
266.0,cctv1,C1_S005,G005,OCCUPIED,OCCUPIED,0.7782878493720835
266.0,cctv1,C1_S006,G006,EMPTY,EMPTY,0.01
266.0,cctv2,C2_S001,G007,OCCUPIED,LEAVING,0.7447888721119275
266.0,cctv2,C2_S002,G008,OCCUPIED,LEAVING,0.8075670835646717
266.0,cctv2,C2_S003,G009,EMPTY,EMPTY,0.01
266.0,cctv2,C2_S004,G010,OCCUPIED,LEAVING,0.6672434394467961
266.0,cctv2,C2_S005,G001,EMPTY,EMPTY,0.01
266.0,cctv2,C2_S006,G003,OCCUPIED,OCCUPIED,0.8214132601564581
266.0,cctv2,C2_S007,G004,OCCUPIED,OCCUPIED,0.7881745595823635
266.0,cctv2,C2_S008,G006,OCCUPIED,OCCUPIED,0.7743710280819374
266.0,cctv2,C2_S009,G005,OCCUPIED,OCCUPIED,0.7897497827356512
266.0,cctv2,C2_S010,G002,EMPTY,EMPTY,0.01
266.0,cctv2,C2_S011,G017,OCCUPIED,OCCUPIED,0.8029412703080612
266.0,cctv2,C2_S012,G018,OCCUPIED,OCCUPIED,0.7724612160162493
266.0,cctv2,C2_S013,G019,OCCUPIED,OCCUPIED,0.8386003824797544
266.0,cctv2,C2_S014,G020,EMPTY,EMPTY,0.01
266.0,cctv3,C3_S001,G021,OCCUPIED,OCCUPIED,0.7998025810176677
266.0,cctv3,C3_S002,G019,EMPTY,EMPTY,0.01
266.0,cctv3,C3_S003,G020,OCCUPIED,OCCUPIED,0.8156126686117866
266.0,cctv3,C3_S004,G024,OCCUPIED,OCCUPIED,0.8266265121373264
266.0,cctv3,C3_S005,G025,OCCUPIED,OCCUPIED,0.831921352039684
266.0,cctv3,C3_S006,G026,OCCUPIED,OCCUPIED,0.8259042850949548
266.0,cctv3,C3_S007,G027,OCCUPIED,OCCUPIED,0.7498857527971269
266.0,cctv3,C3_S008,G028,EMPTY,EMPTY,0.01
266.0,cctv3,C3_S009,G029,EMPTY,MANEUVERING,0.2052675511027601
266.0,cctv3,C3_S010,G007,EMPTY,MANEUVERING,0.49
266.0,cctv3,C3_S011,G008,OCCUPIED,OCCUPIED,0.7991185161200437
266.0,cctv3,C3_S012,G009,OCCUPIED,OCCUPIED,0.8246275674213064
267.0,cctv1,C1_S001,G001,OCCUPIED,OCCUPIED,0.5737242465533994
267.0,cctv1,C1_S002,G002,EMPTY,EMPTY,0.01
267.0,cctv1,C1_S003,G003,OCCUPIED,OCCUPIED,0.8385374814271928
267.0,cctv1,C1_S004,G004,OCCUPIED,OCCUPIED,0.7726732222871348
267.0,cctv1,C1_S005,G005,OCCUPIED,OCCUPIED,0.7789282170209019
267.0,cctv1,C1_S006,G006,EMPTY,EMPTY,0.01
267.0,cctv2,C2_S001,G007,OCCUPIED,LEAVING,0.7457088454203172
267.0,cctv2,C2_S002,G008,OCCUPIED,LEAVING,0.8073874300176448
267.0,cctv2,C2_S003,G009,EMPTY,EMPTY,0.01
267.0,cctv2,C2_S004,G010,OCCUPIED,LEAVING,0.6678067051280628
267.0,cctv2,C2_S005,G001,EMPTY,EMPTY,0.01
267.0,cctv2,C2_S006,G003,OCCUPIED,OCCUPIED,0.8213942823084919
267.0,cctv2,C2_S007,G004,OCCUPIED,OCCUPIED,0.7892639046365565
267.0,cctv2,C2_S008,G006,OCCUPIED,OCCUPIED,0.7720461961897938
267.0,cctv2,C2_S009,G005,OCCUPIED,OCCUPIED,0.7888695231892846
267.0,cctv2,C2_S010,G002,EMPTY,EMPTY,0.01
267.0,cctv2,C2_S011,G017,OCCUPIED,OCCUPIED,0.8024861823428762
267.0,cctv2,C2_S012,G018,OCCUPIED,OCCUPIED,0.7688704712824389
267.0,cctv2,C2_S013,G019,OCCUPIED,OCCUPIED,0.8386180996894836
267.0,cctv2,C2_S014,G020,EMPTY,EMPTY,0.01
267.0,cctv3,C3_S001,G021,OCCUPIED,OCCUPIED,0.7995041649449957
267.0,cctv3,C3_S002,G019,EMPTY,EMPTY,0.01
267.0,cctv3,C3_S003,G020,OCCUPIED,OCCUPIED,0.8133339613676072
267.0,cctv3,C3_S004,G024,OCCUPIED,OCCUPIED,0.8266231837597761
267.0,cctv3,C3_S005,G025,OCCUPIED,OCCUPIED,0.831922954862768
267.0,cctv3,C3_S006,G026,OCCUPIED,OCCUPIED,0.8261377933350477
267.0,cctv3,C3_S007,G027,OCCUPIED,OCCUPIED,0.7510430325161328
267.0,cctv3,C3_S008,G028,EMPTY,EMPTY,0.01
267.0,cctv3,C3_S009,G029,EMPTY,MANEUVERING,0.1574917413497513
267.0,cctv3,C3_S010,G007,EMPTY,MANEUVERING,0.49
267.0,cctv3,C3_S011,G008,OCCUPIED,OCCUPIED,0.7989652173085646
267.0,cctv3,C3_S012,G009,OCCUPIED,OCCUPIED,0.8244808066974987
268.0,cctv1,C1_S001,G001,OCCUPIED,OCCUPIED,0.5734002563176733
268.0,cctv1,C1_S002,G002,EMPTY,EMPTY,0.01
268.0,cctv1,C1_S003,G003,OCCUPIED,OCCUPIED,0.8384040650996296
268.0,cctv1,C1_S004,G004,OCCUPIED,OCCUPIED,0.7716172256252983
268.0,cctv1,C1_S005,G005,OCCUPIED,OCCUPIED,0.7769733962687579
268.0,cctv1,C1_S006,G006,EMPTY,EMPTY,0.01
268.0,cctv2,C2_S001,G007,OCCUPIED,LEAVING,0.7457090169191362
268.0,cctv2,C2_S002,G008,OCCUPIED,LEAVING,0.8070046503435482
268.0,cctv2,C2_S003,G009,EMPTY,EMPTY,0.01
268.0,cctv2,C2_S004,G010,OCCUPIED,LEAVING,0.7142211457003247
268.0,cctv2,C2_S005,G001,EMPTY,EMPTY,0.01
268.0,cctv2,C2_S006,G003,OCCUPIED,OCCUPIED,0.8210288134488193
268.0,cctv2,C2_S007,G004,OCCUPIED,OCCUPIED,0.7903416666117582
268.0,cctv2,C2_S008,G006,OCCUPIED,OCCUPIED,0.7718092352151872
268.0,cctv2,C2_S009,G005,OCCUPIED,OCCUPIED,0.7904639704660936
268.0,cctv2,C2_S010,G002,EMPTY,EMPTY,0.01
268.0,cctv2,C2_S011,G017,OCCUPIED,OCCUPIED,0.8023292706771331
268.0,cctv2,C2_S012,G018,OCCUPIED,OCCUPIED,0.7679346924478359
268.0,cctv2,C2_S013,G019,OCCUPIED,OCCUPIED,0.8386318984356794
268.0,cctv2,C2_S014,G020,EMPTY,EMPTY,0.01
268.0,cctv3,C3_S001,G021,OCCUPIED,OCCUPIED,0.7994472492824902
268.0,cctv3,C3_S002,G019,EMPTY,EMPTY,0.01
268.0,cctv3,C3_S003,G020,OCCUPIED,OCCUPIED,0.8112028975378384
268.0,cctv3,C3_S004,G024,OCCUPIED,OCCUPIED,0.8264114778150212
268.0,cctv3,C3_S005,G025,OCCUPIED,OCCUPIED,0.831967830657959
268.0,cctv3,C3_S006,G026,OCCUPIED,OCCUPIED,0.8262674350630154
268.0,cctv3,C3_S007,G027,OCCUPIED,OCCUPIED,0.7494617114012893
268.0,cctv3,C3_S008,G028,EMPTY,EMPTY,0.01
268.0,cctv3,C3_S009,G029,EMPTY,MANEUVERING,0.1574917413497513
268.0,cctv3,C3_S010,G007,EMPTY,MANEUVERING,0.49
268.0,cctv3,C3_S011,G008,OCCUPIED,OCCUPIED,0.7989139464768498
268.0,cctv3,C3_S012,G009,OCCUPIED,OCCUPIED,0.8231513860550794
269.0,cctv1,C1_S001,G001,OCCUPIED,OCCUPIED,0.6200944031097673
269.0,cctv1,C1_S002,G002,EMPTY,EMPTY,0.01
269.0,cctv1,C1_S003,G003,OCCUPIED,OCCUPIED,0.8384682332927531
269.0,cctv1,C1_S004,G004,OCCUPIED,OCCUPIED,0.7715854837135836
269.0,cctv1,C1_S005,G005,OCCUPIED,OCCUPIED,0.7780820548534394
269.0,cctv1,C1_S006,G006,EMPTY,EMPTY,0.01
269.0,cctv2,C2_S001,G007,OCCUPIED,LEAVING,0.7527261125770482
269.0,cctv2,C2_S002,G008,OCCUPIED,LEAVING,0.8064317784526132
269.0,cctv2,C2_S003,G009,EMPTY,EMPTY,0.01
269.0,cctv2,C2_S004,G010,OCCUPIED,LEAVING,0.7125645731795919
269.0,cctv2,C2_S005,G001,EMPTY,EMPTY,0.01
269.0,cctv2,C2_S006,G003,OCCUPIED,OCCUPIED,0.8210723733360118
269.0,cctv2,C2_S007,G004,OCCUPIED,OCCUPIED,0.79220125106248
269.0,cctv2,C2_S008,G006,OCCUPIED,OCCUPIED,0.7688136820088733
269.0,cctv2,C2_S009,G005,OCCUPIED,OCCUPIED,0.790648916092786
269.0,cctv2,C2_S010,G002,EMPTY,EMPTY,0.01
269.0,cctv2,C2_S011,G017,OCCUPIED,OCCUPIED,0.801358208602125
269.0,cctv2,C2_S012,G018,OCCUPIED,OCCUPIED,0.7697408042170786
269.0,cctv2,C2_S013,G019,OCCUPIED,OCCUPIED,0.8387879444794222
269.0,cctv2,C2_S014,G020,EMPTY,EMPTY,0.01
269.0,cctv3,C3_S001,G021,OCCUPIED,OCCUPIED,0.8007217911156742
269.0,cctv3,C3_S002,G019,EMPTY,EMPTY,0.01
269.0,cctv3,C3_S003,G020,OCCUPIED,OCCUPIED,0.8141838656230407
269.0,cctv3,C3_S004,G024,OCCUPIED,OCCUPIED,0.8261424815112894
269.0,cctv3,C3_S005,G025,OCCUPIED,OCCUPIED,0.831982259316878
269.0,cctv3,C3_S006,G026,OCCUPIED,OCCUPIED,0.8261918024583297
269.0,cctv3,C3_S007,G027,OCCUPIED,OCCUPIED,0.7485436335206033
269.0,cctv3,C3_S008,G028,EMPTY,EMPTY,0.01
269.0,cctv3,C3_S009,G029,EMPTY,MANEUVERING,0.2520321624438194
269.0,cctv3,C3_S010,G007,EMPTY,MANEUVERING,0.49
269.0,cctv3,C3_S011,G008,OCCUPIED,OCCUPIED,0.7992829891768369
269.0,cctv3,C3_S012,G009,OCCUPIED,OCCUPIED,0.8227003848010844
270.0,cctv1,C1_S001,G001,OCCUPIED,OCCUPIED,0.6194789002158425
270.0,cctv1,C1_S002,G002,EMPTY,EMPTY,0.01
270.0,cctv1,C1_S003,G003,OCCUPIED,OCCUPIED,0.8384409592910247
270.0,cctv1,C1_S004,G004,OCCUPIED,OCCUPIED,0.7715526010502469
270.0,cctv1,C1_S005,G005,OCCUPIED,OCCUPIED,0.7817019214684313
270.0,cctv1,C1_S006,G006,EMPTY,EMPTY,0.01
270.0,cctv2,C2_S001,G007,OCCUPIED,LEAVING,0.7528441171754491
270.0,cctv2,C2_S002,G008,OCCUPIED,LEAVING,0.806681203571233
270.0,cctv2,C2_S003,G009,EMPTY,EMPTY,0.01
270.0,cctv2,C2_S004,G010,OCCUPIED,LEAVING,0.7122752745855939
270.0,cctv2,C2_S005,G001,EMPTY,EMPTY,0.01
270.0,cctv2,C2_S006,G003,OCCUPIED,OCCUPIED,0.8208934878761118
270.0,cctv2,C2_S007,G004,OCCUPIED,OCCUPIED,0.7937317902391607
270.0,cctv2,C2_S008,G006,OCCUPIED,OCCUPIED,0.7667870711196554
270.0,cctv2,C2_S009,G005,OCCUPIED,OCCUPIED,0.7901853775436228
270.0,cctv2,C2_S010,G002,EMPTY,EMPTY,0.01
270.0,cctv2,C2_S011,G017,OCCUPIED,OCCUPIED,0.8007684461095117
270.0,cctv2,C2_S012,G018,OCCUPIED,OCCUPIED,0.7749249095266516
270.0,cctv2,C2_S013,G019,OCCUPIED,OCCUPIED,0.8388657634908503
270.0,cctv2,C2_S014,G020,EMPTY,EMPTY,0.01
270.0,cctv3,C3_S001,G021,OCCUPIED,OCCUPIED,0.7999648221514443
270.0,cctv3,C3_S002,G019,EMPTY,EMPTY,0.01
270.0,cctv3,C3_S003,G020,OCCUPIED,OCCUPIED,0.8132750202309003
270.0,cctv3,C3_S004,G024,OCCUPIED,OCCUPIED,0.8259741379456087
270.0,cctv3,C3_S005,G025,OCCUPIED,OCCUPIED,0.8320124179124833
270.0,cctv3,C3_S006,G026,OCCUPIED,OCCUPIED,0.8259763714942066
270.0,cctv3,C3_S007,G027,OCCUPIED,OCCUPIED,0.7483234302564101
270.0,cctv3,C3_S008,G028,EMPTY,EMPTY,0.01
270.0,cctv3,C3_S009,G029,EMPTY,MANEUVERING,0.2033991848135536
270.0,cctv3,C3_S010,G007,EMPTY,MANEUVERING,0.49
270.0,cctv3,C3_S011,G008,OCCUPIED,OCCUPIED,0.7994576359337027
270.0,cctv3,C3_S012,G009,OCCUPIED,OCCUPIED,0.8228571290319617
271.0,cctv1,C1_S001,G001,OCCUPIED,OCCUPIED,0.6631336139458599
271.0,cctv1,C1_S002,G002,EMPTY,EMPTY,0.01
271.0,cctv1,C1_S003,G003,OCCUPIED,OCCUPIED,0.8383339204571465
271.0,cctv1,C1_S004,G004,OCCUPIED,OCCUPIED,0.7728424127806317
271.0,cctv1,C1_S005,G005,OCCUPIED,OCCUPIED,0.7855186195536094
271.0,cctv1,C1_S006,G006,EMPTY,EMPTY,0.01
271.0,cctv2,C2_S001,G007,OCCUPIED,LEAVING,0.7525746151127599
271.0,cctv2,C2_S002,G008,OCCUPIED,LEAVING,0.806961860169064
271.0,cctv2,C2_S003,G009,EMPTY,EMPTY,0.01
271.0,cctv2,C2_S004,G010,OCCUPIED,LEAVING,0.714501284103502
271.0,cctv2,C2_S005,G001,EMPTY,EMPTY,0.01
271.0,cctv2,C2_S006,G003,OCCUPIED,OCCUPIED,0.8207165238532154
271.0,cctv2,C2_S007,G004,OCCUPIED,OCCUPIED,0.7940450088544326
271.0,cctv2,C2_S008,G006,OCCUPIED,OCCUPIED,0.7673678815364838
271.0,cctv2,C2_S009,G005,OCCUPIED,OCCUPIED,0.7927284961396999
271.0,cctv2,C2_S010,G002,EMPTY,EMPTY,0.01
271.0,cctv2,C2_S011,G017,OCCUPIED,OCCUPIED,0.8000095833431591
271.0,cctv2,C2_S012,G018,OCCUPIED,OCCUPIED,0.7804105601527475
271.0,cctv2,C2_S013,G019,OCCUPIED,OCCUPIED,0.8389545844359831
271.0,cctv2,C2_S014,G020,EMPTY,EMPTY,0.01
271.0,cctv3,C3_S001,G021,OCCUPIED,OCCUPIED,0.8003783911466599
271.0,cctv3,C3_S002,G019,EMPTY,EMPTY,0.01
271.0,cctv3,C3_S003,G020,OCCUPIED,OCCUPIED,0.8147569821639495
271.0,cctv3,C3_S004,G024,OCCUPIED,OCCUPIED,0.8259249811822719
271.0,cctv3,C3_S005,G025,OCCUPIED,OCCUPIED,0.8320096568627792
271.0,cctv3,C3_S006,G026,OCCUPIED,OCCUPIED,0.8259609910574827
271.0,cctv3,C3_S007,G027,OCCUPIED,OCCUPIED,0.7472240395166658
271.0,cctv3,C3_S008,G028,EMPTY,EMPTY,0.01
271.0,cctv3,C3_S009,G029,EMPTY,MANEUVERING,0.1577040498094125
271.0,cctv3,C3_S010,G007,EMPTY,MANEUVERING,0.49
271.0,cctv3,C3_S011,G008,OCCUPIED,OCCUPIED,0.7989145259965551
271.0,cctv3,C3_S012,G009,OCCUPIED,OCCUPIED,0.822806084968827
272.0,cctv1,C1_S001,G001,OCCUPIED,OCCUPIED,0.6630537077107214
272.0,cctv1,C1_S002,G002,EMPTY,EMPTY,0.01
272.0,cctv1,C1_S003,G003,OCCUPIED,OCCUPIED,0.8383749688213522
272.0,cctv1,C1_S004,G004,OCCUPIED,OCCUPIED,0.7728346242146059
272.0,cctv1,C1_S005,G005,OCCUPIED,OCCUPIED,0.7868361303752119
272.0,cctv1,C1_S006,G006,EMPTY,EMPTY,0.01
272.0,cctv2,C2_S001,G007,OCCUPIED,LEAVING,0.7588199457661673
272.0,cctv2,C2_S002,G008,OCCUPIED,LEAVING,0.8061479999260469
272.0,cctv2,C2_S003,G009,EMPTY,EMPTY,0.01
272.0,cctv2,C2_S004,G010,OCCUPIED,LEAVING,0.7145170554925095
272.0,cctv2,C2_S005,G001,EMPTY,EMPTY,0.01
272.0,cctv2,C2_S006,G003,OCCUPIED,OCCUPIED,0.8205567787994039
272.0,cctv2,C2_S007,G004,OCCUPIED,OCCUPIED,0.7948079209436071
272.0,cctv2,C2_S008,G006,OCCUPIED,OCCUPIED,0.7657393324104222
272.0,cctv2,C2_S009,G005,OCCUPIED,OCCUPIED,0.7932487333362753
272.0,cctv2,C2_S010,G002,EMPTY,EMPTY,0.01
272.0,cctv2,C2_S011,G017,OCCUPIED,OCCUPIED,0.7991649752313441
272.0,cctv2,C2_S012,G018,OCCUPIED,OCCUPIED,0.78578558428721
272.0,cctv2,C2_S013,G019,OCCUPIED,OCCUPIED,0.8390345890413632
272.0,cctv2,C2_S014,G020,EMPTY,EMPTY,0.01
272.0,cctv3,C3_S001,G021,OCCUPIED,OCCUPIED,0.800796410983259
272.0,cctv3,C3_S002,G019,EMPTY,EMPTY,0.01
272.0,cctv3,C3_S003,G020,OCCUPIED,OCCUPIED,0.8160917680371892
272.0,cctv3,C3_S004,G024,OCCUPIED,OCCUPIED,0.826053163138303
272.0,cctv3,C3_S005,G025,OCCUPIED,OCCUPIED,0.8319371055472982
272.0,cctv3,C3_S006,G026,OCCUPIED,OCCUPIED,0.8258008209141818
272.0,cctv3,C3_S007,G027,OCCUPIED,OCCUPIED,0.7470714258876714
272.0,cctv3,C3_S008,G028,EMPTY,EMPTY,0.01
272.0,cctv3,C3_S009,G029,EMPTY,MANEUVERING,0.2384707262841138
272.0,cctv3,C3_S010,G007,EMPTY,MANEUVERING,0.49
272.0,cctv3,C3_S011,G008,OCCUPIED,OCCUPIED,0.7994936718182131
272.0,cctv3,C3_S012,G009,OCCUPIED,OCCUPIED,0.8226795082742518
273.0,cctv1,C1_S001,G001,OCCUPIED,OCCUPIED,0.664153968226729
273.0,cctv1,C1_S002,G002,EMPTY,EMPTY,0.01
273.0,cctv1,C1_S003,G003,OCCUPIED,OCCUPIED,0.838219330798496
273.0,cctv1,C1_S004,G004,OCCUPIED,OCCUPIED,0.7728211627765136
273.0,cctv1,C1_S005,G005,OCCUPIED,OCCUPIED,0.7865398186174306
273.0,cctv1,C1_S006,G006,EMPTY,EMPTY,0.01
273.0,cctv2,C2_S001,G007,OCCUPIED,LEAVING,0.7583905285732313
273.0,cctv2,C2_S002,G008,OCCUPIED,LEAVING,0.8040383271195672
273.0,cctv2,C2_S003,G009,EMPTY,EMPTY,0.01
273.0,cctv2,C2_S004,G010,OCCUPIED,LEAVING,0.7133185334164989
273.0,cctv2,C2_S005,G001,EMPTY,EMPTY,0.01
273.0,cctv2,C2_S006,G003,OCCUPIED,OCCUPIED,0.8207221963188865
273.0,cctv2,C2_S007,G004,OCCUPIED,OCCUPIED,0.7963351886380803
273.0,cctv2,C2_S008,G006,OCCUPIED,OCCUPIED,0.7647425959056074
273.0,cctv2,C2_S009,G005,OCCUPIED,OCCUPIED,0.7910797788338229
273.0,cctv2,C2_S010,G002,EMPTY,EMPTY,0.01
273.0,cctv2,C2_S011,G017,OCCUPIED,OCCUPIED,0.7986148289658808
273.0,cctv2,C2_S012,G018,OCCUPIED,OCCUPIED,0.7899965358051387
273.0,cctv2,C2_S013,G019,OCCUPIED,OCCUPIED,0.839120164513588
273.0,cctv2,C2_S014,G020,EMPTY,EMPTY,0.01
273.0,cctv3,C3_S001,G021,OCCUPIED,OCCUPIED,0.8018043542450125
273.0,cctv3,C3_S002,G019,EMPTY,EMPTY,0.01
273.0,cctv3,C3_S003,G020,OCCUPIED,OCCUPIED,0.8144816371527586
273.0,cctv3,C3_S004,G024,OCCUPIED,OCCUPIED,0.8259602587331426
273.0,cctv3,C3_S005,G025,OCCUPIED,OCCUPIED,0.8319304796782407
273.0,cctv3,C3_S006,G026,OCCUPIED,OCCUPIED,0.8258567587895828
273.0,cctv3,C3_S007,G027,OCCUPIED,OCCUPIED,0.7463872203772719
273.0,cctv3,C3_S008,G028,EMPTY,EMPTY,0.01
273.0,cctv3,C3_S009,G029,EMPTY,MANEUVERING,0.3415346402200785
273.0,cctv3,C3_S010,G007,EMPTY,MANEUVERING,0.49
273.0,cctv3,C3_S011,G008,OCCUPIED,OCCUPIED,0.7990102711048994
273.0,cctv3,C3_S012,G009,OCCUPIED,OCCUPIED,0.8228037010539663
274.0,cctv1,C1_S001,G001,OCCUPIED,OCCUPIED,0.6616272134649934
274.0,cctv1,C1_S002,G002,EMPTY,EMPTY,0.01
274.0,cctv1,C1_S003,G003,OCCUPIED,OCCUPIED,0.8381871849298478
274.0,cctv1,C1_S004,G004,OCCUPIED,OCCUPIED,0.7713983524929394
274.0,cctv1,C1_S005,G005,OCCUPIED,OCCUPIED,0.7892940583554182
274.0,cctv1,C1_S006,G006,EMPTY,EMPTY,0.01
274.0,cctv2,C2_S001,G007,OCCUPIED,LEAVING,0.759066395055164
274.0,cctv2,C2_S002,G008,OCCUPIED,LEAVING,0.8033430058847775
274.0,cctv2,C2_S003,G009,EMPTY,EMPTY,0.01
274.0,cctv2,C2_S004,G010,OCCUPIED,LEAVING,0.7090961405296218
274.0,cctv2,C2_S005,G001,EMPTY,EMPTY,0.01
274.0,cctv2,C2_S006,G003,OCCUPIED,OCCUPIED,0.8207571146163074
274.0,cctv2,C2_S007,G004,OCCUPIED,OCCUPIED,0.7956697626547381
274.0,cctv2,C2_S008,G006,OCCUPIED,OCCUPIED,0.7668579277667134
274.0,cctv2,C2_S009,G005,OCCUPIED,OCCUPIED,0.7896962889216164
274.0,cctv2,C2_S010,G002,EMPTY,EMPTY,0.01
274.0,cctv2,C2_S011,G017,OCCUPIED,OCCUPIED,0.7995147556066514
274.0,cctv2,C2_S012,G018,OCCUPIED,OCCUPIED,0.797109147364443
274.0,cctv2,C2_S013,G019,OCCUPIED,OCCUPIED,0.83919223790819
274.0,cctv2,C2_S014,G020,EMPTY,EMPTY,0.01
274.0,cctv3,C3_S001,G021,OCCUPIED,OCCUPIED,0.8014028641310605
274.0,cctv3,C3_S002,G019,EMPTY,EMPTY,0.01
274.0,cctv3,C3_S003,G020,OCCUPIED,OCCUPIED,0.8111550014127386
274.0,cctv3,C3_S004,G024,OCCUPIED,OCCUPIED,0.8256218826228923
274.0,cctv3,C3_S005,G025,OCCUPIED,OCCUPIED,0.831893787058917
274.0,cctv3,C3_S006,G026,OCCUPIED,OCCUPIED,0.8258402103727515
274.0,cctv3,C3_S007,G027,OCCUPIED,OCCUPIED,0.7452053100548008
274.0,cctv3,C3_S008,G028,EMPTY,EMPTY,0.01
274.0,cctv3,C3_S009,G029,EMPTY,MANEUVERING,0.3415346402200785
274.0,cctv3,C3_S010,G007,EMPTY,MANEUVERING,0.49
274.0,cctv3,C3_S011,G008,OCCUPIED,OCCUPIED,0.7988503813743592
274.0,cctv3,C3_S012,G009,OCCUPIED,OCCUPIED,0.8229512323032726
275.0,cctv1,C1_S001,G001,OCCUPIED,OCCUPIED,0.6581189747222446
275.0,cctv1,C1_S002,G002,EMPTY,EMPTY,0.01
275.0,cctv1,C1_S003,G003,OCCUPIED,OCCUPIED,0.8382054645906796
275.0,cctv1,C1_S004,G004,OCCUPIED,OCCUPIED,0.7719655259089037
275.0,cctv1,C1_S005,G005,OCCUPIED,OCCUPIED,0.7895820333199068
275.0,cctv1,C1_S006,G006,EMPTY,EMPTY,0.01
275.0,cctv2,C2_S001,G007,OCCUPIED,LEAVING,0.7581817165694454
275.0,cctv2,C2_S002,G008,OCCUPIED,LEAVING,0.8064047369089994
275.0,cctv2,C2_S003,G009,EMPTY,EMPTY,0.01
275.0,cctv2,C2_S004,G010,OCCUPIED,LEAVING,0.7480378060855649
275.0,cctv2,C2_S005,G001,EMPTY,EMPTY,0.01
275.0,cctv2,C2_S006,G003,OCCUPIED,OCCUPIED,0.8207566285675223
275.0,cctv2,C2_S007,G004,OCCUPIED,OCCUPIED,0.7984386679801074
275.0,cctv2,C2_S008,G006,OCCUPIED,OCCUPIED,0.7660639902407473
275.0,cctv2,C2_S009,G005,OCCUPIED,OCCUPIED,0.7887062668800354
275.0,cctv2,C2_S010,G002,EMPTY,EMPTY,0.01
275.0,cctv2,C2_S011,G017,OCCUPIED,OCCUPIED,0.7994104079224847
275.0,cctv2,C2_S012,G018,OCCUPIED,OCCUPIED,0.7971701822497629
275.0,cctv2,C2_S013,G019,OCCUPIED,OCCUPIED,0.8392127958211033
275.0,cctv2,C2_S014,G020,EMPTY,EMPTY,0.01
275.0,cctv3,C3_S001,G021,OCCUPIED,OCCUPIED,0.8015859549695796
275.0,cctv3,C3_S002,G019,EMPTY,EMPTY,0.01
275.0,cctv3,C3_S003,G020,OCCUPIED,OCCUPIED,0.8102100063454022
275.0,cctv3,C3_S004,G024,OCCUPIED,OCCUPIED,0.8255556613206864
275.0,cctv3,C3_S005,G025,OCCUPIED,OCCUPIED,0.8318296603181146
275.0,cctv3,C3_S006,G026,OCCUPIED,OCCUPIED,0.8258003438060935
275.0,cctv3,C3_S007,G027,OCCUPIED,OCCUPIED,0.7440106673674151
275.0,cctv3,C3_S008,G028,EMPTY,EMPTY,0.01
275.0,cctv3,C3_S009,G029,EMPTY,MANEUVERING,0.4195507789640265
275.0,cctv3,C3_S010,G007,EMPTY,MANEUVERING,0.4646823119046368
275.0,cctv3,C3_S011,G008,OCCUPIED,OCCUPIED,0.7995285567912189
275.0,cctv3,C3_S012,G009,OCCUPIED,OCCUPIED,0.8235805468125778
276.0,cctv1,C1_S001,G001,OCCUPIED,OCCUPIED,0.6924545485932719
276.0,cctv1,C1_S002,G002,EMPTY,EMPTY,0.01
276.0,cctv1,C1_S003,G003,OCCUPIED,OCCUPIED,0.8381745858625933
276.0,cctv1,C1_S004,G004,OCCUPIED,OCCUPIED,0.7728259875015779
276.0,cctv1,C1_S005,G005,OCCUPIED,OCCUPIED,0.7910974277691408
276.0,cctv1,C1_S006,G006,EMPTY,EMPTY,0.01
276.0,cctv2,C2_S001,G007,OCCUPIED,LEAVING,0.761792183261026
276.0,cctv2,C2_S002,G008,OCCUPIED,LEAVING,0.8062707589431243
276.0,cctv2,C2_S003,G009,EMPTY,EMPTY,0.01
276.0,cctv2,C2_S004,G010,OCCUPIED,LEAVING,0.7494934197853913
276.0,cctv2,C2_S005,G001,EMPTY,EMPTY,0.01
276.0,cctv2,C2_S006,G003,OCCUPIED,OCCUPIED,0.8206794654781169
276.0,cctv2,C2_S007,G004,OCCUPIED,OCCUPIED,0.799452382055196
276.0,cctv2,C2_S008,G006,OCCUPIED,OCCUPIED,0.766889568485997
276.0,cctv2,C2_S009,G005,OCCUPIED,OCCUPIED,0.7911053671078249
276.0,cctv2,C2_S010,G002,EMPTY,EMPTY,0.01
276.0,cctv2,C2_S011,G017,OCCUPIED,OCCUPIED,0.7990934049541301
276.0,cctv2,C2_S012,G018,OCCUPIED,OCCUPIED,0.797121350196275
276.0,cctv2,C2_S013,G019,OCCUPIED,OCCUPIED,0.8390383034944535
276.0,cctv2,C2_S014,G020,EMPTY,EMPTY,0.01
276.0,cctv3,C3_S001,G021,OCCUPIED,OCCUPIED,0.8015432972799649
276.0,cctv3,C3_S002,G019,EMPTY,EMPTY,0.01
276.0,cctv3,C3_S003,G020,OCCUPIED,OCCUPIED,0.8095373985442249
276.0,cctv3,C3_S004,G024,OCCUPIED,OCCUPIED,0.8254287278110332
276.0,cctv3,C3_S005,G025,OCCUPIED,OCCUPIED,0.8317846219648015
276.0,cctv3,C3_S006,G026,OCCUPIED,OCCUPIED,0.8256780220703646
276.0,cctv3,C3_S007,G027,OCCUPIED,OCCUPIED,0.7432268177921122
276.0,cctv3,C3_S008,G028,EMPTY,EMPTY,0.01
276.0,cctv3,C3_S009,G029,EMPTY,MANEUVERING,0.3745507789640264
276.0,cctv3,C3_S010,G007,EMPTY,MANEUVERING,0.4145374769514257
276.0,cctv3,C3_S011,G008,OCCUPIED,OCCUPIED,0.7991097981279547
276.0,cctv3,C3_S012,G009,OCCUPIED,OCCUPIED,0.8236168679865925
277.0,cctv1,C1_S001,G001,OCCUPIED,OCCUPIED,0.6909123540703547
277.0,cctv1,C1_S002,G002,EMPTY,EMPTY,0.01
277.0,cctv1,C1_S003,G003,OCCUPIED,OCCUPIED,0.8382234475829385
277.0,cctv1,C1_S004,G004,OCCUPIED,OCCUPIED,0.7730320396748457
277.0,cctv1,C1_S005,G005,OCCUPIED,OCCUPIED,0.7925884539430792
277.0,cctv1,C1_S006,G006,EMPTY,EMPTY,0.01
277.0,cctv2,C2_S001,G007,OCCUPIED,LEAVING,0.7617106611755762
277.0,cctv2,C2_S002,G008,OCCUPIED,LEAVING,0.8053670292550867
277.0,cctv2,C2_S003,G009,EMPTY,EMPTY,0.01
277.0,cctv2,C2_S004,G010,OCCUPIED,LEAVING,0.7524808991361749
277.0,cctv2,C2_S005,G001,EMPTY,EMPTY,0.01
277.0,cctv2,C2_S006,G003,OCCUPIED,OCCUPIED,0.8205429475415837
277.0,cctv2,C2_S007,G004,OCCUPIED,OCCUPIED,0.7999751909212633
277.0,cctv2,C2_S008,G006,OCCUPIED,OCCUPIED,0.7677971540526911
277.0,cctv2,C2_S009,G005,OCCUPIED,OCCUPIED,0.7898357678543438
277.0,cctv2,C2_S010,G002,EMPTY,EMPTY,0.01
277.0,cctv2,C2_S011,G017,OCCUPIED,OCCUPIED,0.7997846728021449
277.0,cctv2,C2_S012,G018,OCCUPIED,OCCUPIED,0.7956929942423647
277.0,cctv2,C2_S013,G019,OCCUPIED,OCCUPIED,0.8389707110144876
277.0,cctv2,C2_S014,G020,EMPTY,EMPTY,0.01
277.0,cctv3,C3_S001,G021,OCCUPIED,OCCUPIED,0.801365025476976
277.0,cctv3,C3_S002,G019,EMPTY,EMPTY,0.01
277.0,cctv3,C3_S003,G020,OCCUPIED,OCCUPIED,0.8110743514516138
277.0,cctv3,C3_S004,G024,OCCUPIED,OCCUPIED,0.8253282945264471
277.0,cctv3,C3_S005,G025,OCCUPIED,OCCUPIED,0.8317694170908495
277.0,cctv3,C3_S006,G026,OCCUPIED,OCCUPIED,0.8256792404434898
277.0,cctv3,C3_S007,G027,OCCUPIED,OCCUPIED,0.7428904639049011
277.0,cctv3,C3_S008,G028,EMPTY,EMPTY,0.01
277.0,cctv3,C3_S009,G029,EMPTY,MANEUVERING,0.4088425257632678
277.0,cctv3,C3_S010,G007,EMPTY,MANEUVERING,0.3667708668564305
277.0,cctv3,C3_S011,G008,OCCUPIED,OCCUPIED,0.7993744086135518
277.0,cctv3,C3_S012,G009,OCCUPIED,OCCUPIED,0.8239404383030805
278.0,cctv1,C1_S001,G001,OCCUPIED,OCCUPIED,0.7264604676176202
278.0,cctv1,C1_S002,G002,EMPTY,EMPTY,0.01
278.0,cctv1,C1_S003,G003,OCCUPIED,OCCUPIED,0.8382763846354051
278.0,cctv1,C1_S004,G004,OCCUPIED,OCCUPIED,0.7741370378570124
278.0,cctv1,C1_S005,G005,OCCUPIED,OCCUPIED,0.7945584885098718
278.0,cctv1,C1_S006,G006,EMPTY,EMPTY,0.01
278.0,cctv2,C2_S001,G007,OCCUPIED,LEAVING,0.7662814151834358
278.0,cctv2,C2_S002,G008,OCCUPIED,OCCUPIED,0.8074485348029571
278.0,cctv2,C2_S003,G009,EMPTY,EMPTY,0.01
278.0,cctv2,C2_S004,G010,OCCUPIED,OCCUPIED,0.7539516843855382
278.0,cctv2,C2_S005,G001,EMPTY,EMPTY,0.01
278.0,cctv2,C2_S006,G003,OCCUPIED,OCCUPIED,0.8202046315778386
278.0,cctv2,C2_S007,G004,OCCUPIED,OCCUPIED,0.7998370986093175
278.0,cctv2,C2_S008,G006,OCCUPIED,OCCUPIED,0.7677504206245597
278.0,cctv2,C2_S009,G005,OCCUPIED,OCCUPIED,0.787714233994484
278.0,cctv2,C2_S010,G002,EMPTY,EMPTY,0.01
278.0,cctv2,C2_S011,G017,OCCUPIED,OCCUPIED,0.79923915700479
278.0,cctv2,C2_S012,G018,OCCUPIED,OCCUPIED,0.7953566655516625
278.0,cctv2,C2_S013,G019,OCCUPIED,OCCUPIED,0.8389676402915609
278.0,cctv2,C2_S014,G020,EMPTY,EMPTY,0.01
278.0,cctv3,C3_S001,G021,OCCUPIED,OCCUPIED,0.8017915739254519
278.0,cctv3,C3_S002,G019,EMPTY,EMPTY,0.01
278.0,cctv3,C3_S003,G020,OCCUPIED,OCCUPIED,0.812891912189397
278.0,cctv3,C3_S004,G024,OCCUPIED,OCCUPIED,0.825372581861236
278.0,cctv3,C3_S005,G025,OCCUPIED,OCCUPIED,0.8317879698493265
278.0,cctv3,C3_S006,G026,OCCUPIED,OCCUPIED,0.8256331909786572
278.0,cctv3,C3_S007,G027,OCCUPIED,OCCUPIED,0.7429926097393037
278.0,cctv3,C3_S008,G028,EMPTY,EMPTY,0.01
278.0,cctv3,C3_S009,G029,EMPTY,MANEUVERING,0.4088425257632678
278.0,cctv3,C3_S010,G007,EMPTY,MANEUVERING,0.276074240690831
278.0,cctv3,C3_S011,G008,OCCUPIED,OCCUPIED,0.8006834013895555
278.0,cctv3,C3_S012,G009,OCCUPIED,OCCUPIED,0.8241724249991504
279.0,cctv1,C1_S001,G001,OCCUPIED,OCCUPIED,0.7240947404199026
279.0,cctv1,C1_S002,G002,EMPTY,EMPTY,0.01
279.0,cctv1,C1_S003,G003,OCCUPIED,OCCUPIED,0.8381986265832728
279.0,cctv1,C1_S004,G004,OCCUPIED,OCCUPIED,0.7750152853402226
279.0,cctv1,C1_S005,G005,OCCUPIED,OCCUPIED,0.7979265172373166
279.0,cctv1,C1_S006,G006,EMPTY,EMPTY,0.01
279.0,cctv2,C2_S001,G007,OCCUPIED,LEAVING,0.7624483109197834
279.0,cctv2,C2_S002,G008,OCCUPIED,OCCUPIED,0.8067608985033903
279.0,cctv2,C2_S003,G009,EMPTY,EMPTY,0.01
279.0,cctv2,C2_S004,G010,OCCUPIED,OCCUPIED,0.755422915044156
279.0,cctv2,C2_S005,G001,EMPTY,EMPTY,0.01
279.0,cctv2,C2_S006,G003,OCCUPIED,OCCUPIED,0.8203462627801029
279.0,cctv2,C2_S007,G004,OCCUPIED,OCCUPIED,0.8001800458539616
279.0,cctv2,C2_S008,G006,OCCUPIED,OCCUPIED,0.7670474689115179
279.0,cctv2,C2_S009,G005,OCCUPIED,OCCUPIED,0.7875694329088385
279.0,cctv2,C2_S010,G002,EMPTY,EMPTY,0.01
279.0,cctv2,C2_S011,G017,OCCUPIED,OCCUPIED,0.799496082555164
279.0,cctv2,C2_S012,G018,OCCUPIED,OCCUPIED,0.7149543020535599
279.0,cctv2,C2_S013,G019,OCCUPIED,OCCUPIED,0.8389571902426807
279.0,cctv2,C2_S014,G020,EMPTY,EMPTY,0.01
279.0,cctv3,C3_S001,G021,OCCUPIED,OCCUPIED,0.8026292993263765
279.0,cctv3,C3_S002,G019,EMPTY,EMPTY,0.01
279.0,cctv3,C3_S003,G020,OCCUPIED,OCCUPIED,0.815133252198046
279.0,cctv3,C3_S004,G024,OCCUPIED,OCCUPIED,0.8258936716751619
279.0,cctv3,C3_S005,G025,OCCUPIED,OCCUPIED,0.8317736663601616
279.0,cctv3,C3_S006,G026,OCCUPIED,OCCUPIED,0.8255089071663944
279.0,cctv3,C3_S007,G027,OCCUPIED,OCCUPIED,0.7439075120470742
279.0,cctv3,C3_S008,G028,EMPTY,EMPTY,0.01
279.0,cctv3,C3_S009,G029,EMPTY,MANEUVERING,0.4436985111405903
279.0,cctv3,C3_S010,G007,EMPTY,MANEUVERING,0.226875983801755
279.0,cctv3,C3_S011,G008,OCCUPIED,OCCUPIED,0.8019680267030543
279.0,cctv3,C3_S012,G009,OCCUPIED,OCCUPIED,0.8254392501982777
280.0,cctv1,C1_S001,G001,OCCUPIED,OCCUPIED,0.7209530965340409
280.0,cctv1,C1_S002,G002,EMPTY,EMPTY,0.01
280.0,cctv1,C1_S003,G003,OCCUPIED,OCCUPIED,0.8381089473312552
280.0,cctv1,C1_S004,G004,OCCUPIED,OCCUPIED,0.7762233786962249
280.0,cctv1,C1_S005,G005,OCCUPIED,OCCUPIED,0.7973509972745723
280.0,cctv1,C1_S006,G006,EMPTY,EMPTY,0.01
280.0,cctv2,C2_S001,G007,OCCUPIED,LEAVING,0.7588134873319756
280.0,cctv2,C2_S002,G008,OCCUPIED,OCCUPIED,0.8073348132046787
280.0,cctv2,C2_S003,G009,EMPTY,EMPTY,0.01
280.0,cctv2,C2_S004,G010,OCCUPIED,OCCUPIED,0.7603476312350144
280.0,cctv2,C2_S005,G001,EMPTY,EMPTY,0.01
280.0,cctv2,C2_S006,G003,OCCUPIED,OCCUPIED,0.8206850387833335
280.0,cctv2,C2_S007,G004,OCCUPIED,OCCUPIED,0.7991983362219551
280.0,cctv2,C2_S008,G006,OCCUPIED,OCCUPIED,0.7672515586018563
280.0,cctv2,C2_S009,G005,OCCUPIED,OCCUPIED,0.7879056096076966
280.0,cctv2,C2_S010,G002,EMPTY,EMPTY,0.01
280.0,cctv2,C2_S011,G017,OCCUPIED,OCCUPIED,0.7995299393480475
280.0,cctv2,C2_S012,G018,OCCUPIED,OCCUPIED,0.7106380130756985
280.0,cctv2,C2_S013,G019,OCCUPIED,OCCUPIED,0.8388778358697891
280.0,cctv2,C2_S014,G020,EMPTY,EMPTY,0.01
280.0,cctv3,C3_S001,G021,OCCUPIED,OCCUPIED,0.8032481629740109
280.0,cctv3,C3_S002,G019,EMPTY,EMPTY,0.01
280.0,cctv3,C3_S003,G020,OCCUPIED,OCCUPIED,0.8150896427306262
280.0,cctv3,C3_S004,G024,OCCUPIED,OCCUPIED,0.8260991288857027
280.0,cctv3,C3_S005,G025,OCCUPIED,OCCUPIED,0.8316923637281766
280.0,cctv3,C3_S006,G026,OCCUPIED,OCCUPIED,0.8253171332857826
280.0,cctv3,C3_S007,G027,OCCUPIED,OCCUPIED,0.7055645592375236
280.0,cctv3,C3_S008,G028,EMPTY,EMPTY,0.01
280.0,cctv3,C3_S009,G029,EMPTY,MANEUVERING,0.3854893464053219
280.0,cctv3,C3_S010,G007,EMPTY,MANEUVERING,0.3053823571516709
280.0,cctv3,C3_S011,G008,OCCUPIED,OCCUPIED,0.8017128714106301
280.0,cctv3,C3_S012,G009,OCCUPIED,OCCUPIED,0.8260196070779454
281.0,cctv1,C1_S001,G001,OCCUPIED,OCCUPIED,0.7205592446198519
281.0,cctv1,C1_S002,G002,EMPTY,EMPTY,0.01
281.0,cctv1,C1_S003,G003,OCCUPIED,OCCUPIED,0.8383221626281738
281.0,cctv1,C1_S004,G004,OCCUPIED,OCCUPIED,0.7771439506248995
281.0,cctv1,C1_S005,G005,OCCUPIED,OCCUPIED,0.7962896244092421
281.0,cctv1,C1_S006,G006,EMPTY,EMPTY,0.01
281.0,cctv2,C2_S001,G007,OCCUPIED,LEAVING,0.7585873112759808
281.0,cctv2,C2_S002,G008,OCCUPIED,OCCUPIED,0.805751736055721
281.0,cctv2,C2_S003,G009,EMPTY,EMPTY,0.01
281.0,cctv2,C2_S004,G010,OCCUPIED,OCCUPIED,0.7602447477931327
281.0,cctv2,C2_S005,G001,EMPTY,EMPTY,0.01
281.0,cctv2,C2_S006,G003,OCCUPIED,OCCUPIED,0.8209595734422858
281.0,cctv2,C2_S007,G004,OCCUPIED,OCCUPIED,0.7994711567055096
281.0,cctv2,C2_S008,G006,OCCUPIED,OCCUPIED,0.769168630513278
281.0,cctv2,C2_S009,G005,OCCUPIED,OCCUPIED,0.7871817456050353
281.0,cctv2,C2_S010,G002,EMPTY,EMPTY,0.01
281.0,cctv2,C2_S011,G017,OCCUPIED,OCCUPIED,0.7998666980049828
281.0,cctv2,C2_S012,G018,OCCUPIED,OCCUPIED,0.7070723139155994
281.0,cctv2,C2_S013,G019,OCCUPIED,OCCUPIED,0.83869525058703
281.0,cctv2,C2_S014,G020,EMPTY,EMPTY,0.01
281.0,cctv3,C3_S001,G021,OCCUPIED,OCCUPIED,0.8036182362924923
281.0,cctv3,C3_S002,G019,EMPTY,EMPTY,0.01
281.0,cctv3,C3_S003,G020,OCCUPIED,OCCUPIED,0.8140743136405946
281.0,cctv3,C3_S004,G024,OCCUPIED,OCCUPIED,0.8264055672017011
281.0,cctv3,C3_S005,G025,OCCUPIED,OCCUPIED,0.8316772068088706
281.0,cctv3,C3_S006,G026,OCCUPIED,OCCUPIED,0.8254567804661664
281.0,cctv3,C3_S007,G027,OCCUPIED,OCCUPIED,0.7188697403488739
281.0,cctv3,C3_S008,G028,EMPTY,EMPTY,0.01
281.0,cctv3,C3_S009,G029,EMPTY,MANEUVERING,0.4253247797126313
281.0,cctv3,C3_S010,G007,EMPTY,MANEUVERING,0.253335169978214
281.0,cctv3,C3_S011,G008,OCCUPIED,OCCUPIED,0.8023017000068319
281.0,cctv3,C3_S012,G009,OCCUPIED,OCCUPIED,0.8261231370947578
282.0,cctv1,C1_S001,G001,OCCUPIED,OCCUPIED,0.7199666928330606
282.0,cctv1,C1_S002,G002,EMPTY,EMPTY,0.01
282.0,cctv1,C1_S003,G003,OCCUPIED,OCCUPIED,0.8384205037897284
282.0,cctv1,C1_S004,G004,OCCUPIED,OCCUPIED,0.7772052968090232
282.0,cctv1,C1_S005,G005,OCCUPIED,OCCUPIED,0.796004424311898
282.0,cctv1,C1_S006,G006,EMPTY,EMPTY,0.01
282.0,cctv2,C2_S001,G007,OCCUPIED,LEAVING,0.7588641940870069
282.0,cctv2,C2_S002,G008,OCCUPIED,OCCUPIED,0.8074114544825121
282.0,cctv2,C2_S003,G009,EMPTY,EMPTY,0.01
282.0,cctv2,C2_S004,G010,OCCUPIED,OCCUPIED,0.7603503922847185
282.0,cctv2,C2_S005,G001,EMPTY,EMPTY,0.01
282.0,cctv2,C2_S006,G003,OCCUPIED,OCCUPIED,0.8207332925363021
282.0,cctv2,C2_S007,G004,OCCUPIED,OCCUPIED,0.7980685515837237
282.0,cctv2,C2_S008,G006,OCCUPIED,OCCUPIED,0.7668431821194562
282.0,cctv2,C2_S009,G005,OCCUPIED,OCCUPIED,0.7856314747170969
282.0,cctv2,C2_S010,G002,EMPTY,EMPTY,0.01
282.0,cctv2,C2_S011,G017,OCCUPIED,OCCUPIED,0.8000528506257318
282.0,cctv2,C2_S012,G018,OCCUPIED,OCCUPIED,0.7012254402447831
282.0,cctv2,C2_S013,G019,OCCUPIED,OCCUPIED,0.8385350178588521
282.0,cctv2,C2_S014,G020,EMPTY,EMPTY,0.01
282.0,cctv3,C3_S001,G021,OCCUPIED,OCCUPIED,0.8027333105152304
282.0,cctv3,C3_S002,G019,EMPTY,EMPTY,0.01
282.0,cctv3,C3_S003,G020,OCCUPIED,OCCUPIED,0.8119879654862665
282.0,cctv3,C3_S004,G024,OCCUPIED,OCCUPIED,0.8264277750795539
282.0,cctv3,C3_S005,G025,OCCUPIED,OCCUPIED,0.8316529840230942
282.0,cctv3,C3_S006,G026,OCCUPIED,OCCUPIED,0.8253458499908448
282.0,cctv3,C3_S007,G027,OCCUPIED,OCCUPIED,0.7320797444925164
282.0,cctv3,C3_S008,G028,EMPTY,EMPTY,0.01
282.0,cctv3,C3_S009,G029,EMPTY,MANEUVERING,0.4124676368554885
282.0,cctv3,C3_S010,G007,EMPTY,MANEUVERING,0.2987421596321192
282.0,cctv3,C3_S011,G008,OCCUPIED,OCCUPIED,0.8022176542065361
282.0,cctv3,C3_S012,G009,OCCUPIED,OCCUPIED,0.8260477784005079
283.0,cctv1,C1_S001,G001,OCCUPIED,OCCUPIED,0.720558439550752
283.0,cctv1,C1_S002,G002,EMPTY,EMPTY,0.01
283.0,cctv1,C1_S003,G003,OCCUPIED,OCCUPIED,0.8382013404911215
283.0,cctv1,C1_S004,G004,OCCUPIED,OCCUPIED,0.7779635312882337
283.0,cctv1,C1_S005,G005,OCCUPIED,OCCUPIED,0.7937768310308457
283.0,cctv1,C1_S006,G006,EMPTY,EMPTY,0.01
283.0,cctv2,C2_S001,G007,OCCUPIED,LEAVING,0.7526566929437898
283.0,cctv2,C2_S002,G008,OCCUPIED,OCCUPIED,0.8085308288986033
283.0,cctv2,C2_S003,G009,EMPTY,EMPTY,0.01
283.0,cctv2,C2_S004,G010,OCCUPIED,OCCUPIED,0.7608907192268155
283.0,cctv2,C2_S005,G001,EMPTY,EMPTY,0.01
283.0,cctv2,C2_S006,G003,OCCUPIED,OCCUPIED,0.8208340314301579
283.0,cctv2,C2_S007,G004,OCCUPIED,OCCUPIED,0.7973251009529287
283.0,cctv2,C2_S008,G006,OCCUPIED,OCCUPIED,0.7662312881513076
283.0,cctv2,C2_S009,G005,OCCUPIED,OCCUPIED,0.7842571985992519
283.0,cctv2,C2_S010,G002,EMPTY,EMPTY,0.01
283.0,cctv2,C2_S011,G017,OCCUPIED,OCCUPIED,0.8006181245500392
283.0,cctv2,C2_S012,G018,OCCUPIED,OCCUPIED,0.7430279770899904
283.0,cctv2,C2_S013,G019,OCCUPIED,OCCUPIED,0.8383801763707942
283.0,cctv2,C2_S014,G020,EMPTY,EMPTY,0.01
283.0,cctv3,C3_S001,G021,OCCUPIED,OCCUPIED,0.8021168624812907
283.0,cctv3,C3_S002,G019,EMPTY,EMPTY,0.01
283.0,cctv3,C3_S003,G020,OCCUPIED,OCCUPIED,0.809939044713974
283.0,cctv3,C3_S004,G024,OCCUPIED,OCCUPIED,0.8262700896371495
283.0,cctv3,C3_S005,G025,OCCUPIED,OCCUPIED,0.8317298845811324
283.0,cctv3,C3_S006,G026,OCCUPIED,OCCUPIED,0.8255551273172552
283.0,cctv3,C3_S007,G027,OCCUPIED,OCCUPIED,0.7333141331672669
283.0,cctv3,C3_S008,G028,EMPTY,EMPTY,0.01
283.0,cctv3,C3_S009,G029,EMPTY,MANEUVERING,0.3156876211071556
283.0,cctv3,C3_S010,G007,EMPTY,MANEUVERING,0.3984625459326939
283.0,cctv3,C3_S011,G008,OCCUPIED,OCCUPIED,0.802415004643527
283.0,cctv3,C3_S012,G009,OCCUPIED,OCCUPIED,0.8268597456541928
284.0,cctv1,C1_S001,G001,OCCUPIED,OCCUPIED,0.7199277459389785
284.0,cctv1,C1_S002,G002,EMPTY,EMPTY,0.01
284.0,cctv1,C1_S003,G003,OCCUPIED,OCCUPIED,0.838086093284867
284.0,cctv1,C1_S004,G004,OCCUPIED,OCCUPIED,0.7769650302150033
284.0,cctv1,C1_S005,G005,OCCUPIED,OCCUPIED,0.7945894395763224
284.0,cctv1,C1_S006,G006,EMPTY,EMPTY,0.01
284.0,cctv2,C2_S001,G007,OCCUPIED,LEAVING,0.7596127187663859
284.0,cctv2,C2_S002,G008,OCCUPIED,OCCUPIED,0.8084261479702863
284.0,cctv2,C2_S003,G009,EMPTY,EMPTY,0.01
284.0,cctv2,C2_S004,G010,OCCUPIED,OCCUPIED,0.7638555889779872
284.0,cctv2,C2_S005,G001,EMPTY,EMPTY,0.01
284.0,cctv2,C2_S006,G003,OCCUPIED,OCCUPIED,0.8204542111266744
284.0,cctv2,C2_S007,G004,OCCUPIED,OCCUPIED,0.7964301819151098
284.0,cctv2,C2_S008,G006,OCCUPIED,OCCUPIED,0.7660578345710581
284.0,cctv2,C2_S009,G005,OCCUPIED,OCCUPIED,0.7868501347574322
284.0,cctv2,C2_S010,G002,EMPTY,EMPTY,0.01
284.0,cctv2,C2_S011,G017,OCCUPIED,OCCUPIED,0.8021554318341343
284.0,cctv2,C2_S012,G018,OCCUPIED,OCCUPIED,0.7396027988601815
284.0,cctv2,C2_S013,G019,OCCUPIED,OCCUPIED,0.8381873369216919
284.0,cctv2,C2_S014,G020,EMPTY,EMPTY,0.01
284.0,cctv3,C3_S001,G021,OCCUPIED,OCCUPIED,0.801535900072618
284.0,cctv3,C3_S002,G019,EMPTY,EMPTY,0.01
284.0,cctv3,C3_S003,G020,OCCUPIED,OCCUPIED,0.8088297627188943
284.0,cctv3,C3_S004,G024,OCCUPIED,OCCUPIED,0.8261012250726874
284.0,cctv3,C3_S005,G025,OCCUPIED,OCCUPIED,0.8316654189066455
284.0,cctv3,C3_S006,G026,OCCUPIED,OCCUPIED,0.8256178601221605
284.0,cctv3,C3_S007,G027,OCCUPIED,OCCUPIED,0.7340218974378977
284.0,cctv3,C3_S008,G028,EMPTY,EMPTY,0.01
284.0,cctv3,C3_S009,G029,EMPTY,MANEUVERING,0.261236558822407
284.0,cctv3,C3_S010,G007,EMPTY,MANEUVERING,0.4476759650761431
284.0,cctv3,C3_S011,G008,OCCUPIED,OCCUPIED,0.8018368081613021
284.0,cctv3,C3_S012,G009,OCCUPIED,OCCUPIED,0.8267897928302939
285.0,cctv1,C1_S001,G001,OCCUPIED,OCCUPIED,0.7219839632341808
285.0,cctv1,C1_S002,G002,EMPTY,EMPTY,0.01
285.0,cctv1,C1_S003,G003,OCCUPIED,OCCUPIED,0.8380076898769899
285.0,cctv1,C1_S004,G004,OCCUPIED,OCCUPIED,0.7765915029428223
285.0,cctv1,C1_S005,G005,OCCUPIED,OCCUPIED,0.7921281478621743
285.0,cctv1,C1_S006,G006,EMPTY,EMPTY,0.01
285.0,cctv2,C2_S001,G007,OCCUPIED,LEAVING,0.7657339440150694
285.0,cctv2,C2_S002,G008,OCCUPIED,OCCUPIED,0.8093059312213552
285.0,cctv2,C2_S003,G009,EMPTY,EMPTY,0.01
285.0,cctv2,C2_S004,G010,OCCUPIED,OCCUPIED,0.7648955354636366
285.0,cctv2,C2_S005,G001,EMPTY,EMPTY,0.01
285.0,cctv2,C2_S006,G003,OCCUPIED,OCCUPIED,0.8202680251815103
285.0,cctv2,C2_S007,G004,OCCUPIED,OCCUPIED,0.7965116357261485
285.0,cctv2,C2_S008,G006,OCCUPIED,OCCUPIED,0.7635917847806758
285.0,cctv2,C2_S009,G005,OCCUPIED,OCCUPIED,0.7861491134220904
285.0,cctv2,C2_S010,G002,EMPTY,EMPTY,0.01
285.0,cctv2,C2_S011,G017,OCCUPIED,OCCUPIED,0.8018618136644364
285.0,cctv2,C2_S012,G018,OCCUPIED,OCCUPIED,0.7348189673234117
285.0,cctv2,C2_S013,G019,OCCUPIED,OCCUPIED,0.8380567694252188
285.0,cctv2,C2_S014,G020,EMPTY,EMPTY,0.01
285.0,cctv3,C3_S001,G021,OCCUPIED,OCCUPIED,0.8017825478857215
285.0,cctv3,C3_S002,G019,EMPTY,EMPTY,0.01
285.0,cctv3,C3_S003,G020,OCCUPIED,OCCUPIED,0.8116236792369322
285.0,cctv3,C3_S004,G024,OCCUPIED,OCCUPIED,0.8265795214609667
285.0,cctv3,C3_S005,G025,OCCUPIED,OCCUPIED,0.8316957424987447
285.0,cctv3,C3_S006,G026,OCCUPIED,OCCUPIED,0.8257065664638173
285.0,cctv3,C3_S007,G027,OCCUPIED,OCCUPIED,0.745938188108531
285.0,cctv3,C3_S008,G028,EMPTY,EMPTY,0.01
285.0,cctv3,C3_S009,G029,EMPTY,MANEUVERING,0.3045759110604271
285.0,cctv3,C3_S010,G007,EMPTY,MANEUVERING,0.4036935312662161
285.0,cctv3,C3_S011,G008,OCCUPIED,OCCUPIED,0.8015999552878468
285.0,cctv3,C3_S012,G009,OCCUPIED,OCCUPIED,0.8264400766654448
286.0,cctv1,C1_S001,G001,OCCUPIED,OCCUPIED,0.724517968212339
286.0,cctv1,C1_S002,G002,EMPTY,EMPTY,0.01
286.0,cctv1,C1_S003,G003,OCCUPIED,OCCUPIED,0.8379145977171986
286.0,cctv1,C1_S004,G004,OCCUPIED,OCCUPIED,0.7752607716755434
286.0,cctv1,C1_S005,G005,OCCUPIED,OCCUPIED,0.7918472084132109
286.0,cctv1,C1_S006,G006,EMPTY,EMPTY,0.01
286.0,cctv2,C2_S001,G007,OCCUPIED,LEAVING,0.7655184108425271
286.0,cctv2,C2_S002,G008,OCCUPIED,OCCUPIED,0.8084886182438245
286.0,cctv2,C2_S003,G009,EMPTY,EMPTY,0.01
286.0,cctv2,C2_S004,G010,OCCUPIED,OCCUPIED,0.7622006790204482
286.0,cctv2,C2_S005,G001,EMPTY,EMPTY,0.01
286.0,cctv2,C2_S006,G003,OCCUPIED,OCCUPIED,0.8205012440681458
286.0,cctv2,C2_S007,G004,OCCUPIED,OCCUPIED,0.794629501212727
286.0,cctv2,C2_S008,G006,OCCUPIED,OCCUPIED,0.7633344178850001
286.0,cctv2,C2_S009,G005,OCCUPIED,OCCUPIED,0.7876921638846398
286.0,cctv2,C2_S010,G002,EMPTY,EMPTY,0.01
286.0,cctv2,C2_S011,G017,OCCUPIED,OCCUPIED,0.8026240999048407
286.0,cctv2,C2_S012,G018,OCCUPIED,OCCUPIED,0.7355166501213204
286.0,cctv2,C2_S013,G019,OCCUPIED,OCCUPIED,0.8379451025616039
286.0,cctv2,C2_S014,G020,EMPTY,EMPTY,0.01
286.0,cctv3,C3_S001,G021,OCCUPIED,OCCUPIED,0.801907362450253
286.0,cctv3,C3_S002,G019,EMPTY,EMPTY,0.01
286.0,cctv3,C3_S003,G020,OCCUPIED,OCCUPIED,0.8105401440100237
286.0,cctv3,C3_S004,G024,OCCUPIED,OCCUPIED,0.8265778316692873
286.0,cctv3,C3_S005,G025,OCCUPIED,OCCUPIED,0.8316441229798578
286.0,cctv3,C3_S006,G026,OCCUPIED,OCCUPIED,0.8258172287182375
286.0,cctv3,C3_S007,G027,OCCUPIED,OCCUPIED,0.7473669116469948
286.0,cctv3,C3_S008,G028,EMPTY,EMPTY,0.01
286.0,cctv3,C3_S009,G029,EMPTY,MANEUVERING,0.3509456054572806
286.0,cctv3,C3_S010,G007,EMPTY,MANEUVERING,0.3586935312662161
286.0,cctv3,C3_S011,G008,OCCUPIED,OCCUPIED,0.8003610681403768
286.0,cctv3,C3_S012,G009,OCCUPIED,OCCUPIED,0.8259084498340434
287.0,cctv1,C1_S001,G001,OCCUPIED,OCCUPIED,0.7261524753983726
287.0,cctv1,C1_S002,G002,EMPTY,EMPTY,0.01
287.0,cctv1,C1_S003,G003,OCCUPIED,OCCUPIED,0.838059847463261
287.0,cctv1,C1_S004,G004,OCCUPIED,OCCUPIED,0.7743754264983265
287.0,cctv1,C1_S005,G005,OCCUPIED,OCCUPIED,0.7900513459335674
287.0,cctv1,C1_S006,G006,EMPTY,EMPTY,0.01
287.0,cctv2,C2_S001,G007,OCCUPIED,LEAVING,0.7618715412914754
287.0,cctv2,C2_S002,G008,OCCUPIED,OCCUPIED,0.8086541276086461
287.0,cctv2,C2_S003,G009,EMPTY,EMPTY,0.01
287.0,cctv2,C2_S004,G010,OCCUPIED,OCCUPIED,0.7628179422833703
287.0,cctv2,C2_S005,G001,EMPTY,EMPTY,0.01
287.0,cctv2,C2_S006,G003,OCCUPIED,OCCUPIED,0.8205561659552835
287.0,cctv2,C2_S007,G004,OCCUPIED,OCCUPIED,0.7932452635331588
287.0,cctv2,C2_S008,G006,OCCUPIED,OCCUPIED,0.7612351012500851
287.0,cctv2,C2_S009,G005,OCCUPIED,OCCUPIED,0.7835312660444868
287.0,cctv2,C2_S010,G002,EMPTY,EMPTY,0.01
287.0,cctv2,C2_S011,G017,OCCUPIED,OCCUPIED,0.8038151437586005
287.0,cctv2,C2_S012,G018,OCCUPIED,OCCUPIED,0.7369397108663213
287.0,cctv2,C2_S013,G019,OCCUPIED,OCCUPIED,0.838046725771644
287.0,cctv2,C2_S014,G020,EMPTY,EMPTY,0.01
287.0,cctv3,C3_S001,G021,OCCUPIED,OCCUPIED,0.8008409949866209
287.0,cctv3,C3_S002,G019,EMPTY,EMPTY,0.01
287.0,cctv3,C3_S003,G020,OCCUPIED,OCCUPIED,0.8097825020551682
287.0,cctv3,C3_S004,G024,OCCUPIED,OCCUPIED,0.8264167479493402
287.0,cctv3,C3_S005,G025,OCCUPIED,OCCUPIED,0.83165441616015
287.0,cctv3,C3_S006,G026,OCCUPIED,OCCUPIED,0.8257009606469762
287.0,cctv3,C3_S007,G027,OCCUPIED,OCCUPIED,0.7479386805810713
287.0,cctv3,C3_S008,G028,EMPTY,EMPTY,0.01
287.0,cctv3,C3_S009,G029,EMPTY,MANEUVERING,0.344278938790614
287.0,cctv3,C3_S010,G007,EMPTY,MANEUVERING,0.4024583020264452
287.0,cctv3,C3_S011,G008,OCCUPIED,OCCUPIED,0.7997926064512947
287.0,cctv3,C3_S012,G009,OCCUPIED,OCCUPIED,0.8252251066944817
288.0,cctv1,C1_S001,G001,OCCUPIED,OCCUPIED,0.7283986481583932
288.0,cctv1,C1_S002,G002,EMPTY,EMPTY,0.01
288.0,cctv1,C1_S003,G003,OCCUPIED,OCCUPIED,0.838078116557815
288.0,cctv1,C1_S004,G004,OCCUPIED,OCCUPIED,0.7733898642388257
288.0,cctv1,C1_S005,G005,OCCUPIED,OCCUPIED,0.7878528180447493
288.0,cctv1,C1_S006,G006,EMPTY,EMPTY,0.01
288.0,cctv2,C2_S001,G007,OCCUPIED,LEAVING,0.7600553562018005
288.0,cctv2,C2_S002,G008,OCCUPIED,OCCUPIED,0.8103946089744568
288.0,cctv2,C2_S003,G009,EMPTY,EMPTY,0.01
288.0,cctv2,C2_S004,G010,OCCUPIED,OCCUPIED,0.759124518930912
288.0,cctv2,C2_S005,G001,EMPTY,EMPTY,0.01
288.0,cctv2,C2_S006,G003,OCCUPIED,OCCUPIED,0.8207072352821178
288.0,cctv2,C2_S007,G004,OCCUPIED,OCCUPIED,0.791931393200701
288.0,cctv2,C2_S008,G006,OCCUPIED,OCCUPIED,0.7597463691776449
288.0,cctv2,C2_S009,G005,OCCUPIED,OCCUPIED,0.7827884827147831
288.0,cctv2,C2_S010,G002,EMPTY,EMPTY,0.01
288.0,cctv2,C2_S011,G017,OCCUPIED,OCCUPIED,0.8036045854741878
288.0,cctv2,C2_S012,G018,OCCUPIED,OCCUPIED,0.7400104508210312
288.0,cctv2,C2_S013,G019,OCCUPIED,OCCUPIED,0.8380449652671814
288.0,cctv2,C2_S014,G020,EMPTY,EMPTY,0.01
288.0,cctv3,C3_S001,G021,OCCUPIED,OCCUPIED,0.8002097541635688
288.0,cctv3,C3_S002,G019,EMPTY,EMPTY,0.01
288.0,cctv3,C3_S003,G020,OCCUPIED,OCCUPIED,0.8103303928266873
288.0,cctv3,C3_S004,G024,OCCUPIED,OCCUPIED,0.8262884188782086
288.0,cctv3,C3_S005,G025,OCCUPIED,OCCUPIED,0.8317051042209973
288.0,cctv3,C3_S006,G026,OCCUPIED,OCCUPIED,0.8256435321135955
288.0,cctv3,C3_S007,G027,OCCUPIED,OCCUPIED,0.7336963358352131
288.0,cctv3,C3_S008,G028,EMPTY,MANEUVERING,0.1492381037094376
288.0,cctv3,C3_S009,G029,EMPTY,MANEUVERING,0.2968462952482091
288.0,cctv3,C3_S010,G007,EMPTY,MANEUVERING,0.451750030839985
288.0,cctv3,C3_S011,G008,OCCUPIED,OCCUPIED,0.8001128792762757
288.0,cctv3,C3_S012,G009,OCCUPIED,OCCUPIED,0.8248407176949761
289.0,cctv1,C1_S001,G001,OCCUPIED,OCCUPIED,0.729667742770504
289.0,cctv1,C1_S002,G002,EMPTY,EMPTY,0.01
289.0,cctv1,C1_S003,G003,OCCUPIED,OCCUPIED,0.8380850138989362
289.0,cctv1,C1_S004,G004,OCCUPIED,OCCUPIED,0.7718103629621593
289.0,cctv1,C1_S005,G005,OCCUPIED,OCCUPIED,0.7857097419825467
289.0,cctv1,C1_S006,G006,EMPTY,EMPTY,0.01
289.0,cctv2,C2_S001,G007,OCCUPIED,LEAVING,0.7554207916286859
289.0,cctv2,C2_S002,G008,OCCUPIED,OCCUPIED,0.8097883346405896
289.0,cctv2,C2_S003,G009,EMPTY,EMPTY,0.01
289.0,cctv2,C2_S004,G010,OCCUPIED,OCCUPIED,0.7616486328569326
289.0,cctv2,C2_S005,G001,EMPTY,EMPTY,0.01
289.0,cctv2,C2_S006,G003,OCCUPIED,OCCUPIED,0.8210046353665266
289.0,cctv2,C2_S007,G004,OCCUPIED,OCCUPIED,0.7911984608931976
289.0,cctv2,C2_S008,G006,OCCUPIED,OCCUPIED,0.7596258542754434
289.0,cctv2,C2_S009,G005,OCCUPIED,OCCUPIED,0.7848791240291163
289.0,cctv2,C2_S010,G002,EMPTY,EMPTY,0.01
289.0,cctv2,C2_S011,G017,OCCUPIED,OCCUPIED,0.8040233026851308
289.0,cctv2,C2_S012,G018,OCCUPIED,OCCUPIED,0.7436878568340433
289.0,cctv2,C2_S013,G019,OCCUPIED,OCCUPIED,0.8379903749986128
289.0,cctv2,C2_S014,G020,EMPTY,EMPTY,0.01
289.0,cctv3,C3_S001,G021,OCCUPIED,OCCUPIED,0.7997685982422396
289.0,cctv3,C3_S002,G019,EMPTY,EMPTY,0.01
289.0,cctv3,C3_S003,G020,OCCUPIED,LEAVING,0.8078409452329983
289.0,cctv3,C3_S004,G024,OCCUPIED,OCCUPIED,0.8261484953490171
289.0,cctv3,C3_S005,G025,OCCUPIED,OCCUPIED,0.831713996150277
289.0,cctv3,C3_S006,G026,OCCUPIED,OCCUPIED,0.8254202853549611
289.0,cctv3,C3_S007,G027,OCCUPIED,LEAVING,0.7334468391910196
289.0,cctv3,C3_S008,G028,EMPTY,MANEUVERING,0.1492381037094376
289.0,cctv3,C3_S009,G029,EMPTY,MANEUVERING,0.2474826588845727
289.0,cctv3,C3_S010,G007,EMPTY,MANEUVERING,0.49
289.0,cctv3,C3_S011,G008,OCCUPIED,OCCUPIED,0.7985127359628678
289.0,cctv3,C3_S012,G009,OCCUPIED,OCCUPIED,0.8245366356589579
290.0,cctv1,C1_S001,G001,OCCUPIED,OCCUPIED,0.7312973970377987
290.0,cctv1,C1_S002,G002,EMPTY,EMPTY,0.01
290.0,cctv1,C1_S003,G003,OCCUPIED,OCCUPIED,0.8383052476427773
290.0,cctv1,C1_S004,G004,OCCUPIED,OCCUPIED,0.7698583804748276
290.0,cctv1,C1_S005,G005,OCCUPIED,OCCUPIED,0.7842060834169389
290.0,cctv1,C1_S006,G006,EMPTY,EMPTY,0.01
290.0,cctv2,C2_S001,G007,OCCUPIED,LEAVING,0.7526960403404453
290.0,cctv2,C2_S002,G008,OCCUPIED,OCCUPIED,0.8123594164848328
290.0,cctv2,C2_S003,G009,EMPTY,EMPTY,0.01
290.0,cctv2,C2_S004,G010,OCCUPIED,OCCUPIED,0.7616550766608933
290.0,cctv2,C2_S005,G001,EMPTY,EMPTY,0.01
290.0,cctv2,C2_S006,G003,OCCUPIED,OCCUPIED,0.8215777616609228
290.0,cctv2,C2_S007,G004,OCCUPIED,OCCUPIED,0.7914462750608271
290.0,cctv2,C2_S008,G006,OCCUPIED,OCCUPIED,0.7589074063030157
290.0,cctv2,C2_S009,G005,OCCUPIED,OCCUPIED,0.7836008921265603
290.0,cctv2,C2_S010,G002,EMPTY,EMPTY,0.01
290.0,cctv2,C2_S011,G017,OCCUPIED,OCCUPIED,0.8041191778399728
290.0,cctv2,C2_S012,G018,OCCUPIED,OCCUPIED,0.780868267335675
290.0,cctv2,C2_S013,G019,OCCUPIED,OCCUPIED,0.8379265579310331
290.0,cctv2,C2_S014,G020,EMPTY,EMPTY,0.01
290.0,cctv3,C3_S001,G021,OCCUPIED,OCCUPIED,0.7982691003517671
290.0,cctv3,C3_S002,G019,EMPTY,EMPTY,0.01
290.0,cctv3,C3_S003,G020,OCCUPIED,LEAVING,0.8065020019357856
290.0,cctv3,C3_S004,G024,OCCUPIED,OCCUPIED,0.826139585538344
290.0,cctv3,C3_S005,G025,OCCUPIED,OCCUPIED,0.8316865839741447
290.0,cctv3,C3_S006,G026,OCCUPIED,OCCUPIED,0.825202589956197
290.0,cctv3,C3_S007,G027,OCCUPIED,LEAVING,0.7338345419378445
290.0,cctv3,C3_S008,G028,EMPTY,MANEUVERING,0.1492381037094376
290.0,cctv3,C3_S009,G029,EMPTY,MANEUVERING,0.1570143688673322
290.0,cctv3,C3_S010,G007,EMPTY,MANEUVERING,0.49
290.0,cctv3,C3_S011,G008,OCCUPIED,OCCUPIED,0.7980758740143343
290.0,cctv3,C3_S012,G009,OCCUPIED,OCCUPIED,0.8239847687157719
291.0,cctv1,C1_S001,G001,OCCUPIED,OCCUPIED,0.7312346278605136
291.0,cctv1,C1_S002,G002,EMPTY,EMPTY,0.01
291.0,cctv1,C1_S003,G003,OCCUPIED,OCCUPIED,0.8385079559954731
291.0,cctv1,C1_S004,G004,OCCUPIED,OCCUPIED,0.7694385729052804
291.0,cctv1,C1_S005,G005,OCCUPIED,OCCUPIED,0.7841804154894569
291.0,cctv1,C1_S006,G006,EMPTY,EMPTY,0.01
291.0,cctv2,C2_S001,G007,OCCUPIED,LEAVING,0.7528625522824852
291.0,cctv2,C2_S002,G008,OCCUPIED,OCCUPIED,0.8128376754847441
291.0,cctv2,C2_S003,G009,EMPTY,MANEUVERING,0.2945214314352382
291.0,cctv2,C2_S004,G010,OCCUPIED,OCCUPIED,0.7626493682915515
291.0,cctv2,C2_S005,G001,EMPTY,EMPTY,0.01
291.0,cctv2,C2_S006,G003,OCCUPIED,OCCUPIED,0.821802081303163
291.0,cctv2,C2_S007,G004,OCCUPIED,OCCUPIED,0.7902896723963998
291.0,cctv2,C2_S008,G006,OCCUPIED,OCCUPIED,0.7573709703304552
291.0,cctv2,C2_S009,G005,OCCUPIED,OCCUPIED,0.7809641014445913
291.0,cctv2,C2_S010,G002,EMPTY,EMPTY,0.01
291.0,cctv2,C2_S011,G017,OCCUPIED,OCCUPIED,0.8041034641590986
291.0,cctv2,C2_S012,G018,OCCUPIED,OCCUPIED,0.7810646562413737
291.0,cctv2,C2_S013,G019,OCCUPIED,OCCUPIED,0.8379056009379301
291.0,cctv2,C2_S014,G020,EMPTY,EMPTY,0.01
291.0,cctv3,C3_S001,G021,OCCUPIED,OCCUPIED,0.7989974062551153
291.0,cctv3,C3_S002,G019,EMPTY,EMPTY,0.01
291.0,cctv3,C3_S003,G020,OCCUPIED,LEAVING,0.8076113928448071
291.0,cctv3,C3_S004,G024,OCCUPIED,OCCUPIED,0.8261844954707407
291.0,cctv3,C3_S005,G025,OCCUPIED,OCCUPIED,0.8317247607491234
291.0,cctv3,C3_S006,G026,OCCUPIED,OCCUPIED,0.8251014479181984
291.0,cctv3,C3_S007,G027,OCCUPIED,LEAVING,0.7326723476804117
291.0,cctv3,C3_S008,G028,EMPTY,MANEUVERING,0.1492381037094376
291.0,cctv3,C3_S009,G029,EMPTY,MANEUVERING,0.2373390476574952
291.0,cctv3,C3_S010,G007,EMPTY,MANEUVERING,0.49
291.0,cctv3,C3_S011,G008,OCCUPIED,OCCUPIED,0.7981107370419936
291.0,cctv3,C3_S012,G009,OCCUPIED,OCCUPIED,0.8241404384374619
292.0,cctv1,C1_S001,G001,OCCUPIED,OCCUPIED,0.7314977119253441
292.0,cctv1,C1_S002,G002,EMPTY,EMPTY,0.01
292.0,cctv1,C1_S003,G003,OCCUPIED,OCCUPIED,0.8384870404546911
292.0,cctv1,C1_S004,G004,OCCUPIED,OCCUPIED,0.7693333677270197
292.0,cctv1,C1_S005,G005,OCCUPIED,OCCUPIED,0.7852467268705369
292.0,cctv1,C1_S006,G006,EMPTY,EMPTY,0.01
292.0,cctv2,C2_S001,G007,OCCUPIED,LEAVING,0.7548063192855229
292.0,cctv2,C2_S002,G008,OCCUPIED,OCCUPIED,0.8142169909043746
292.0,cctv2,C2_S003,G009,EMPTY,MANEUVERING,0.2945214314352382
292.0,cctv2,C2_S004,G010,OCCUPIED,OCCUPIED,0.7668187671087006
292.0,cctv2,C2_S005,G001,EMPTY,EMPTY,0.01
292.0,cctv2,C2_S006,G003,OCCUPIED,OCCUPIED,0.8216571704907851
292.0,cctv2,C2_S007,G004,OCCUPIED,OCCUPIED,0.7885169915177606
292.0,cctv2,C2_S008,G006,OCCUPIED,OCCUPIED,0.7561244482343847
292.0,cctv2,C2_S009,G005,OCCUPIED,OCCUPIED,0.7801444350318476
292.0,cctv2,C2_S010,G002,EMPTY,EMPTY,0.01
292.0,cctv2,C2_S011,G017,OCCUPIED,OCCUPIED,0.8037348587404598
292.0,cctv2,C2_S012,G018,OCCUPIED,OCCUPIED,0.7782878859476611
292.0,cctv2,C2_S013,G019,OCCUPIED,OCCUPIED,0.8379856461828405
292.0,cctv2,C2_S014,G020,EMPTY,EMPTY,0.01
292.0,cctv3,C3_S001,G021,OCCUPIED,OCCUPIED,0.7993641341274436
292.0,cctv3,C3_S002,G019,EMPTY,EMPTY,0.01
292.0,cctv3,C3_S003,G020,OCCUPIED,LEAVING,0.8095193147659302
292.0,cctv3,C3_S004,G024,OCCUPIED,OCCUPIED,0.8258984768932517
292.0,cctv3,C3_S005,G025,OCCUPIED,OCCUPIED,0.8316561189564793
292.0,cctv3,C3_S006,G026,OCCUPIED,OCCUPIED,0.8250206654722041
292.0,cctv3,C3_S007,G027,OCCUPIED,LEAVING,0.7329083479365166
292.0,cctv3,C3_S008,G028,EMPTY,MANEUVERING,0.1042381037094376
292.0,cctv3,C3_S009,G029,EMPTY,MANEUVERING,0.1911808520230379
292.0,cctv3,C3_S010,G007,EMPTY,MANEUVERING,0.49
292.0,cctv3,C3_S011,G008,OCCUPIED,OCCUPIED,0.798931924592365
292.0,cctv3,C3_S012,G009,OCCUPIED,OCCUPIED,0.8243865156715567
293.0,cctv1,C1_S001,G001,OCCUPIED,OCCUPIED,0.7323341346261176
293.0,cctv1,C1_S002,G002,EMPTY,EMPTY,0.01
293.0,cctv1,C1_S003,G003,OCCUPIED,OCCUPIED,0.838392447070642
293.0,cctv1,C1_S004,G004,OCCUPIED,OCCUPIED,0.7681027173995972
293.0,cctv1,C1_S005,G005,OCCUPIED,OCCUPIED,0.784737420894883
293.0,cctv1,C1_S006,G006,EMPTY,EMPTY,0.01
293.0,cctv2,C2_S001,G007,OCCUPIED,LEAVING,0.7547149366275832
293.0,cctv2,C2_S002,G008,OCCUPIED,OCCUPIED,0.8142155530777845
293.0,cctv2,C2_S003,G009,EMPTY,MANEUVERING,0.2945214314352382
293.0,cctv2,C2_S004,G010,OCCUPIED,OCCUPIED,0.7686122989112681
293.0,cctv2,C2_S005,G001,EMPTY,EMPTY,0.01
293.0,cctv2,C2_S006,G003,OCCUPIED,OCCUPIED,0.8223536922173067
293.0,cctv2,C2_S007,G004,OCCUPIED,OCCUPIED,0.7885988704182886
293.0,cctv2,C2_S008,G006,OCCUPIED,OCCUPIED,0.7553786116567526
293.0,cctv2,C2_S009,G005,OCCUPIED,OCCUPIED,0.7790763428265399
293.0,cctv2,C2_S010,G002,EMPTY,EMPTY,0.01
293.0,cctv2,C2_S011,G017,OCCUPIED,OCCUPIED,0.8048950888893822
293.0,cctv2,C2_S012,G018,OCCUPIED,OCCUPIED,0.7804461274634709
293.0,cctv2,C2_S013,G019,OCCUPIED,OCCUPIED,0.8380599799481305
293.0,cctv2,C2_S014,G020,EMPTY,EMPTY,0.01
293.0,cctv3,C3_S001,G021,OCCUPIED,OCCUPIED,0.7986495367505334
293.0,cctv3,C3_S002,G019,EMPTY,EMPTY,0.01
293.0,cctv3,C3_S003,G020,OCCUPIED,LEAVING,0.8068812890486284
293.0,cctv3,C3_S004,G024,OCCUPIED,OCCUPIED,0.825871516628699
293.0,cctv3,C3_S005,G025,OCCUPIED,OCCUPIED,0.8316741474650123
293.0,cctv3,C3_S006,G026,OCCUPIED,OCCUPIED,0.8248672837560828
293.0,cctv3,C3_S007,G027,OCCUPIED,LEAVING,0.732427635121752
293.0,cctv3,C3_S008,G028,EMPTY,MANEUVERING,0.1042381037094376
293.0,cctv3,C3_S009,G029,EMPTY,MANEUVERING,0.1911808520230379
293.0,cctv3,C3_S010,G007,EMPTY,MANEUVERING,0.49
293.0,cctv3,C3_S011,G008,OCCUPIED,OCCUPIED,0.7979954565113242
293.0,cctv3,C3_S012,G009,OCCUPIED,OCCUPIED,0.8239685153419322
294.0,cctv1,C1_S001,G001,OCCUPIED,OCCUPIED,0.7324485666033898
294.0,cctv1,C1_S002,G002,EMPTY,EMPTY,0.01
294.0,cctv1,C1_S003,G003,OCCUPIED,OCCUPIED,0.8386055778373372
294.0,cctv1,C1_S004,G004,OCCUPIED,OCCUPIED,0.7673460239713843
294.0,cctv1,C1_S005,G005,OCCUPIED,OCCUPIED,0.7865992258895528
294.0,cctv1,C1_S006,G006,EMPTY,EMPTY,0.01
294.0,cctv2,C2_S001,G007,OCCUPIED,LEAVING,0.7551327152685686
294.0,cctv2,C2_S002,G008,OCCUPIED,OCCUPIED,0.8137451041828503
294.0,cctv2,C2_S003,G009,EMPTY,MANEUVERING,0.2945214314352382
294.0,cctv2,C2_S004,G010,OCCUPIED,OCCUPIED,0.7694398810917682
294.0,cctv2,C2_S005,G001,EMPTY,EMPTY,0.01
294.0,cctv2,C2_S006,G003,OCCUPIED,OCCUPIED,0.8222397032109174
294.0,cctv2,C2_S007,G004,OCCUPIED,OCCUPIED,0.7878501179543409
294.0,cctv2,C2_S008,G006,OCCUPIED,OCCUPIED,0.7548842919143764
294.0,cctv2,C2_S009,G005,OCCUPIED,OCCUPIED,0.7782472850246863
294.0,cctv2,C2_S010,G002,EMPTY,EMPTY,0.01
294.0,cctv2,C2_S011,G017,OCCUPIED,OCCUPIED,0.8043958647684618
294.0,cctv2,C2_S012,G018,OCCUPIED,OCCUPIED,0.7780163374814121
294.0,cctv2,C2_S013,G019,OCCUPIED,OCCUPIED,0.8380833078514447
294.0,cctv2,C2_S014,G020,EMPTY,EMPTY,0.01
294.0,cctv3,C3_S001,G021,OCCUPIED,OCCUPIED,0.7985298468308016
294.0,cctv3,C3_S002,G019,EMPTY,EMPTY,0.01
294.0,cctv3,C3_S003,G020,OCCUPIED,LEAVING,0.8062690642747012
294.0,cctv3,C3_S004,G024,OCCUPIED,OCCUPIED,0.8262221065434543
294.0,cctv3,C3_S005,G025,OCCUPIED,OCCUPIED,0.8315896749496461
294.0,cctv3,C3_S006,G026,OCCUPIED,OCCUPIED,0.8247254851189527
294.0,cctv3,C3_S007,G027,OCCUPIED,LEAVING,0.7331162374229595
294.0,cctv3,C3_S008,G028,EMPTY,MANEUVERING,0.1042381037094376
294.0,cctv3,C3_S009,G029,EMPTY,MANEUVERING,0.2727902724234896
294.0,cctv3,C3_S010,G007,EMPTY,MANEUVERING,0.49
294.0,cctv3,C3_S011,G008,OCCUPIED,OCCUPIED,0.7980557777664878
294.0,cctv3,C3_S012,G009,OCCUPIED,OCCUPIED,0.8236466161229394
295.0,cctv1,C1_S001,G001,OCCUPIED,OCCUPIED,0.7330486102876339
295.0,cctv1,C1_S002,G002,EMPTY,EMPTY,0.01
295.0,cctv1,C1_S003,G003,OCCUPIED,OCCUPIED,0.8389802182262595
295.0,cctv1,C1_S004,G004,OCCUPIED,OCCUPIED,0.7681658704172482
295.0,cctv1,C1_S005,G005,OCCUPIED,OCCUPIED,0.7856919036670165
295.0,cctv1,C1_S006,G006,EMPTY,EMPTY,0.01
295.0,cctv2,C2_S001,G007,OCCUPIED,OCCUPIED,0.7484712744301016
295.0,cctv2,C2_S002,G008,OCCUPIED,OCCUPIED,0.8144460588693619
295.0,cctv2,C2_S003,G009,EMPTY,MANEUVERING,0.2495214314352382
295.0,cctv2,C2_S004,G010,OCCUPIED,OCCUPIED,0.7701439325105061
295.0,cctv2,C2_S005,G001,EMPTY,EMPTY,0.01
295.0,cctv2,C2_S006,G003,OCCUPIED,OCCUPIED,0.8225599638440393
295.0,cctv2,C2_S007,G004,OCCUPIED,OCCUPIED,0.7866246768019417
295.0,cctv2,C2_S008,G006,OCCUPIED,OCCUPIED,0.7525250168009239
295.0,cctv2,C2_S009,G005,OCCUPIED,OCCUPIED,0.7744313143871048
295.0,cctv2,C2_S010,G002,EMPTY,EMPTY,0.01
295.0,cctv2,C2_S011,G017,OCCUPIED,OCCUPIED,0.8034018763087013
295.0,cctv2,C2_S012,G018,OCCUPIED,OCCUPIED,0.7764655374667861
295.0,cctv2,C2_S013,G019,OCCUPIED,OCCUPIED,0.8381503013047306
295.0,cctv2,C2_S014,G020,EMPTY,EMPTY,0.01
295.0,cctv3,C3_S001,G021,OCCUPIED,OCCUPIED,0.7981337723406879
295.0,cctv3,C3_S002,G019,EMPTY,EMPTY,0.01
295.0,cctv3,C3_S003,G020,OCCUPIED,LEAVING,0.8086703956127167
295.0,cctv3,C3_S004,G024,OCCUPIED,OCCUPIED,0.8264773593707518
295.0,cctv3,C3_S005,G025,OCCUPIED,OCCUPIED,0.8315357723019341
295.0,cctv3,C3_S006,G026,OCCUPIED,OCCUPIED,0.8243500043045391
295.0,cctv3,C3_S007,G027,OCCUPIED,LEAVING,0.7348721737990326
295.0,cctv3,C3_S008,G028,EMPTY,MANEUVERING,0.1042381037094376
295.0,cctv3,C3_S009,G029,EMPTY,MANEUVERING,0.3740323623100465
295.0,cctv3,C3_S010,G007,EMPTY,MANEUVERING,0.4724026369696313
295.0,cctv3,C3_S011,G008,OCCUPIED,OCCUPIED,0.7985292396762155
295.0,cctv3,C3_S012,G009,OCCUPIED,OCCUPIED,0.8232649621638386
296.0,cctv1,C1_S001,G001,OCCUPIED,OCCUPIED,0.7333056874234569
296.0,cctv1,C1_S002,G002,EMPTY,EMPTY,0.01
296.0,cctv1,C1_S003,G003,OCCUPIED,OCCUPIED,0.8388385618274863
296.0,cctv1,C1_S004,G004,OCCUPIED,OCCUPIED,0.7683667365800251
296.0,cctv1,C1_S005,G005,OCCUPIED,OCCUPIED,0.7877492091872476
296.0,cctv1,C1_S006,G006,EMPTY,EMPTY,0.01
296.0,cctv2,C2_S001,G007,OCCUPIED,LEAVING,0.7491076715967873
296.0,cctv2,C2_S002,G008,OCCUPIED,OCCUPIED,0.8149813107468866
296.0,cctv2,C2_S003,G009,EMPTY,MANEUVERING,0.2495214314352382
296.0,cctv2,C2_S004,G010,OCCUPIED,OCCUPIED,0.7695818504149264
296.0,cctv2,C2_S005,G001,EMPTY,EMPTY,0.01
296.0,cctv2,C2_S006,G003,OCCUPIED,OCCUPIED,0.8223477986725894
296.0,cctv2,C2_S007,G004,OCCUPIED,OCCUPIED,0.7855419299819253
296.0,cctv2,C2_S008,G006,OCCUPIED,OCCUPIED,0.7528524551879276
296.0,cctv2,C2_S009,G005,OCCUPIED,OCCUPIED,0.7757717572829941
296.0,cctv2,C2_S010,G002,EMPTY,EMPTY,0.01
296.0,cctv2,C2_S011,G017,OCCUPIED,OCCUPIED,0.8047799359668386
296.0,cctv2,C2_S012,G018,OCCUPIED,OCCUPIED,0.7781884918158706
296.0,cctv2,C2_S013,G019,OCCUPIED,OCCUPIED,0.8381916829130867
296.0,cctv2,C2_S014,G020,EMPTY,EMPTY,0.01
296.0,cctv3,C3_S001,G021,OCCUPIED,OCCUPIED,0.7970674341375178
296.0,cctv3,C3_S002,G019,EMPTY,EMPTY,0.01
296.0,cctv3,C3_S003,G020,OCCUPIED,LEAVING,0.8073391754518856
296.0,cctv3,C3_S004,G024,OCCUPIED,OCCUPIED,0.8263808729973707
296.0,cctv3,C3_S005,G025,OCCUPIED,OCCUPIED,0.8315022609450601
296.0,cctv3,C3_S006,G026,OCCUPIED,OCCUPIED,0.8244222613898191
296.0,cctv3,C3_S007,G027,OCCUPIED,LEAVING,0.733588257442144
296.0,cctv3,C3_S008,G028,EMPTY,MANEUVERING,0.1042381037094376
296.0,cctv3,C3_S009,G029,EMPTY,MANEUVERING,0.4245330543497747
296.0,cctv3,C3_S010,G007,EMPTY,MANEUVERING,0.4274026369696313
296.0,cctv3,C3_S011,G008,OCCUPIED,OCCUPIED,0.7976143771951849
296.0,cctv3,C3_S012,G009,OCCUPIED,OCCUPIED,0.8234023749828339
297.0,cctv1,C1_S001,G001,OCCUPIED,OCCUPIED,0.7309562008489263
297.0,cctv1,C1_S002,G002,EMPTY,EMPTY,0.01
297.0,cctv1,C1_S003,G003,OCCUPIED,OCCUPIED,0.8390218574892392
297.0,cctv1,C1_S004,G004,OCCUPIED,OCCUPIED,0.7690678582950072
297.0,cctv1,C1_S005,G005,OCCUPIED,OCCUPIED,0.7882311354983937
297.0,cctv1,C1_S006,G006,EMPTY,EMPTY,0.01
297.0,cctv2,C2_S001,G007,OCCUPIED,LEAVING,0.7496808066286824
297.0,cctv2,C2_S002,G008,OCCUPIED,OCCUPIED,0.8160418895157902
297.0,cctv2,C2_S003,G009,EMPTY,MANEUVERING,0.2495214314352382
297.0,cctv2,C2_S004,G010,OCCUPIED,OCCUPIED,0.7737986487421123
297.0,cctv2,C2_S005,G001,EMPTY,EMPTY,0.01
297.0,cctv2,C2_S006,G003,OCCUPIED,OCCUPIED,0.8224079614335841
297.0,cctv2,C2_S007,G004,OCCUPIED,OCCUPIED,0.787515107610009
297.0,cctv2,C2_S008,G006,OCCUPIED,OCCUPIED,0.7519163930957968
297.0,cctv2,C2_S009,G005,OCCUPIED,OCCUPIED,0.7734075806357644
297.0,cctv2,C2_S010,G002,EMPTY,EMPTY,0.01
297.0,cctv2,C2_S011,G017,OCCUPIED,OCCUPIED,0.8045865966515108
297.0,cctv2,C2_S012,G018,OCCUPIED,OCCUPIED,0.7765834217721767
297.0,cctv2,C2_S013,G019,OCCUPIED,OCCUPIED,0.8381861112334512
297.0,cctv2,C2_S014,G020,EMPTY,EMPTY,0.01
297.0,cctv3,C3_S001,G021,OCCUPIED,OCCUPIED,0.7965221117843282
297.0,cctv3,C3_S002,G019,EMPTY,EMPTY,0.01
297.0,cctv3,C3_S003,G020,OCCUPIED,LEAVING,0.8075011321089485
297.0,cctv3,C3_S004,G024,OCCUPIED,OCCUPIED,0.8266900366002864
297.0,cctv3,C3_S005,G025,OCCUPIED,OCCUPIED,0.8315063492818313
297.0,cctv3,C3_S006,G026,OCCUPIED,OCCUPIED,0.8243004330179908
297.0,cctv3,C3_S007,G027,OCCUPIED,LEAVING,0.734036847959188
297.0,cctv3,C3_S008,G028,EMPTY,MANEUVERING,0.1042381037094376
297.0,cctv3,C3_S009,G029,EMPTY,MANEUVERING,0.3871225829603659
297.0,cctv3,C3_S010,G007,EMPTY,MANEUVERING,0.3824026369696314
297.0,cctv3,C3_S011,G008,OCCUPIED,OCCUPIED,0.7995711356401444
297.0,cctv3,C3_S012,G009,OCCUPIED,OCCUPIED,0.8237315925684843
298.0,cctv1,C1_S001,G001,OCCUPIED,OCCUPIED,0.6498336644132029
298.0,cctv1,C1_S002,G002,EMPTY,EMPTY,0.01
298.0,cctv1,C1_S003,G003,OCCUPIED,OCCUPIED,0.8390078157186509
298.0,cctv1,C1_S004,G004,OCCUPIED,OCCUPIED,0.7695539269935001
298.0,cctv1,C1_S005,G005,OCCUPIED,OCCUPIED,0.7870932038534773
298.0,cctv1,C1_S006,G006,EMPTY,EMPTY,0.01
298.0,cctv2,C2_S001,G007,OCCUPIED,LEAVING,0.7516968187283386
298.0,cctv2,C2_S002,G008,OCCUPIED,OCCUPIED,0.8163460008122705
298.0,cctv2,C2_S003,G009,EMPTY,MANEUVERING,0.2495214314352382
298.0,cctv2,C2_S004,G010,OCCUPIED,OCCUPIED,0.7734494202516297
298.0,cctv2,C2_S005,G001,EMPTY,EMPTY,0.01
298.0,cctv2,C2_S006,G003,OCCUPIED,OCCUPIED,0.8223523055965251
298.0,cctv2,C2_S007,G004,OCCUPIED,OCCUPIED,0.7890440821647645
298.0,cctv2,C2_S008,G006,OCCUPIED,OCCUPIED,0.7516131494532933
298.0,cctv2,C2_S009,G005,OCCUPIED,OCCUPIED,0.7725997537374497
298.0,cctv2,C2_S010,G002,EMPTY,EMPTY,0.01
298.0,cctv2,C2_S011,G017,OCCUPIED,OCCUPIED,0.804084752093662
298.0,cctv2,C2_S012,G018,OCCUPIED,OCCUPIED,0.7756770350716331
298.0,cctv2,C2_S013,G019,OCCUPIED,OCCUPIED,0.8380972512743691
298.0,cctv2,C2_S014,G020,EMPTY,EMPTY,0.01
298.0,cctv3,C3_S001,G021,OCCUPIED,OCCUPIED,0.7980223411863501
298.0,cctv3,C3_S002,G019,EMPTY,EMPTY,0.01
298.0,cctv3,C3_S003,G020,OCCUPIED,LEAVING,0.8083888433196329
298.0,cctv3,C3_S004,G024,OCCUPIED,OCCUPIED,0.8268794932148674
298.0,cctv3,C3_S005,G025,OCCUPIED,OCCUPIED,0.831422544880347
298.0,cctv3,C3_S006,G026,OCCUPIED,OCCUPIED,0.8243286872451956
298.0,cctv3,C3_S007,G027,OCCUPIED,OCCUPIED,0.7332176822254605
298.0,cctv3,C3_S008,G028,EMPTY,MANEUVERING,0.1042381037094376
298.0,cctv3,C3_S009,G029,EMPTY,MANEUVERING,0.3421225829603658
298.0,cctv3,C3_S010,G007,EMPTY,MANEUVERING,0.3449675661379641
298.0,cctv3,C3_S011,G008,OCCUPIED,OCCUPIED,0.8001096484335987
298.0,cctv3,C3_S012,G009,OCCUPIED,OCCUPIED,0.8243843040683053
299.0,cctv1,C1_S001,G001,OCCUPIED,OCCUPIED,0.6488189610500228
299.0,cctv1,C1_S002,G002,EMPTY,EMPTY,0.01
299.0,cctv1,C1_S003,G003,OCCUPIED,OCCUPIED,0.8389878462661398
299.0,cctv1,C1_S004,G004,OCCUPIED,OCCUPIED,0.7695952342315154
299.0,cctv1,C1_S005,G005,OCCUPIED,OCCUPIED,0.7874254206364806
299.0,cctv1,C1_S006,G006,EMPTY,EMPTY,0.01
299.0,cctv2,C2_S001,G007,OCCUPIED,LEAVING,0.670152242149819
299.0,cctv2,C2_S002,G008,OCCUPIED,OCCUPIED,0.8155440227551894
299.0,cctv2,C2_S003,G009,EMPTY,MANEUVERING,0.2495214314352382
299.0,cctv2,C2_S004,G010,OCCUPIED,OCCUPIED,0.7735878653147005
299.0,cctv2,C2_S005,G001,EMPTY,EMPTY,0.01
299.0,cctv2,C2_S006,G003,OCCUPIED,OCCUPIED,0.8219781772656874
299.0,cctv2,C2_S007,G004,OCCUPIED,OCCUPIED,0.7886095756834204
299.0,cctv2,C2_S008,G006,OCCUPIED,OCCUPIED,0.7539285411888903
299.0,cctv2,C2_S009,G005,OCCUPIED,OCCUPIED,0.7741111045533962
299.0,cctv2,C2_S010,G002,EMPTY,EMPTY,0.01
299.0,cctv2,C2_S011,G017,OCCUPIED,OCCUPIED,0.8049483738162302
299.0,cctv2,C2_S012,G018,OCCUPIED,OCCUPIED,0.7766313093629751
299.0,cctv2,C2_S013,G019,OCCUPIED,OCCUPIED,0.83801349401474
299.0,cctv2,C2_S014,G020,EMPTY,EMPTY,0.01
299.0,cctv3,C3_S001,G021,OCCUPIED,OCCUPIED,0.7973381088538604
299.0,cctv3,C3_S002,G019,EMPTY,EMPTY,0.01
299.0,cctv3,C3_S003,G020,OCCUPIED,LEAVING,0.8048556872389534
299.0,cctv3,C3_S004,G024,OCCUPIED,OCCUPIED,0.8269578641111202
299.0,cctv3,C3_S005,G025,OCCUPIED,OCCUPIED,0.8314086185260253
299.0,cctv3,C3_S006,G026,OCCUPIED,OCCUPIED,0.824477141011845
299.0,cctv3,C3_S007,G027,OCCUPIED,OCCUPIED,0.7484927892007611
299.0,cctv3,C3_S008,G028,EMPTY,EMPTY,0.01
299.0,cctv3,C3_S009,G029,EMPTY,MANEUVERING,0.2971225829603659
299.0,cctv3,C3_S010,G007,EMPTY,MANEUVERING,0.3907257479483431
299.0,cctv3,C3_S011,G008,OCCUPIED,OCCUPIED,0.7994814466346395
299.0,cctv3,C3_S012,G009,OCCUPIED,OCCUPIED,0.8245814919471741
300.0,cctv1,C1_S001,G001,OCCUPIED,OCCUPIED,0.6482379574735057
300.0,cctv1,C1_S002,G002,EMPTY,EMPTY,0.01
300.0,cctv1,C1_S003,G003,OCCUPIED,OCCUPIED,0.838992923769084
300.0,cctv1,C1_S004,G004,OCCUPIED,OCCUPIED,0.7700458933006634
300.0,cctv1,C1_S005,G005,OCCUPIED,OCCUPIED,0.7882165341214701
300.0,cctv1,C1_S006,G006,EMPTY,EMPTY,0.01
300.0,cctv2,C2_S001,G007,OCCUPIED,LEAVING,0.6687027162719856
300.0,cctv2,C2_S002,G008,OCCUPIED,OCCUPIED,0.8173995717005297
300.0,cctv2,C2_S003,G009,EMPTY,MANEUVERING,0.2495214314352382
300.0,cctv2,C2_S004,G010,OCCUPIED,OCCUPIED,0.7722452725876462
300.0,cctv2,C2_S005,G001,EMPTY,EMPTY,0.01
300.0,cctv2,C2_S006,G003,OCCUPIED,OCCUPIED,0.8213544076139278
300.0,cctv2,C2_S007,G004,OCCUPIED,OCCUPIED,0.7879298283295199
300.0,cctv2,C2_S008,G006,OCCUPIED,OCCUPIED,0.7557027679952709
300.0,cctv2,C2_S009,G005,OCCUPIED,OCCUPIED,0.7746720024130562
300.0,cctv2,C2_S010,G002,EMPTY,EMPTY,0.01
300.0,cctv2,C2_S011,G017,OCCUPIED,OCCUPIED,0.8051587475971743
300.0,cctv2,C2_S012,G018,OCCUPIED,OCCUPIED,0.7769612999124961
300.0,cctv2,C2_S013,G019,OCCUPIED,OCCUPIED,0.8379792665893382
300.0,cctv2,C2_S014,G020,EMPTY,EMPTY,0.01
300.0,cctv3,C3_S001,G021,OCCUPIED,OCCUPIED,0.7979095225984401
300.0,cctv3,C3_S002,G019,EMPTY,EMPTY,0.01
300.0,cctv3,C3_S003,G020,OCCUPIED,LEAVING,0.8076554501598532
300.0,cctv3,C3_S004,G024,OCCUPIED,OCCUPIED,0.826555255597288
300.0,cctv3,C3_S005,G025,OCCUPIED,OCCUPIED,0.831390805407004
300.0,cctv3,C3_S006,G026,OCCUPIED,OCCUPIED,0.8246364390308207
300.0,cctv3,C3_S007,G027,OCCUPIED,OCCUPIED,0.7490705471824517
300.0,cctv3,C3_S008,G028,EMPTY,EMPTY,0.01
300.0,cctv3,C3_S009,G029,EMPTY,MANEUVERING,0.2361225829603658
300.0,cctv3,C3_S010,G007,EMPTY,MANEUVERING,0.4362012106234377
300.0,cctv3,C3_S011,G008,OCCUPIED,OCCUPIED,0.799855305931785
300.0,cctv3,C3_S012,G009,OCCUPIED,OCCUPIED,0.8248725782741201
301.0,cctv1,C1_S001,G001,OCCUPIED,OCCUPIED,0.6478246847201478
301.0,cctv1,C1_S002,G002,EMPTY,EMPTY,0.01
301.0,cctv1,C1_S003,G003,OCCUPIED,OCCUPIED,0.8389512113549493
301.0,cctv1,C1_S004,G004,OCCUPIED,OCCUPIED,0.7715607659383255
301.0,cctv1,C1_S005,G005,OCCUPIED,OCCUPIED,0.7894521814855663
301.0,cctv1,C1_S006,G006,EMPTY,EMPTY,0.01
301.0,cctv2,C2_S001,G007,OCCUPIED,LEAVING,0.6687952920455824
301.0,cctv2,C2_S002,G008,OCCUPIED,OCCUPIED,0.8153904443437403
301.0,cctv2,C2_S003,G009,EMPTY,MANEUVERING,0.2495214314352382
301.0,cctv2,C2_S004,G010,OCCUPIED,OCCUPIED,0.7696507080034777
301.0,cctv2,C2_S005,G001,EMPTY,EMPTY,0.01
301.0,cctv2,C2_S006,G003,OCCUPIED,OCCUPIED,0.8207811821590771
301.0,cctv2,C2_S007,G004,OCCUPIED,OCCUPIED,0.7871773825450378
301.0,cctv2,C2_S008,G006,OCCUPIED,OCCUPIED,0.7569016829133034
301.0,cctv2,C2_S009,G005,OCCUPIED,OCCUPIED,0.7725913450121881
301.0,cctv2,C2_S010,G002,EMPTY,EMPTY,0.01
301.0,cctv2,C2_S011,G017,OCCUPIED,OCCUPIED,0.8053823934359985
301.0,cctv2,C2_S012,G018,OCCUPIED,OCCUPIED,0.7750187551433391
301.0,cctv2,C2_S013,G019,OCCUPIED,OCCUPIED,0.8379158209670674
301.0,cctv2,C2_S014,G020,EMPTY,EMPTY,0.01
301.0,cctv3,C3_S001,G021,OCCUPIED,OCCUPIED,0.7985553400083022
301.0,cctv3,C3_S002,G019,EMPTY,EMPTY,0.01
301.0,cctv3,C3_S003,G020,OCCUPIED,LEAVING,0.805029031905261
301.0,cctv3,C3_S004,G024,OCCUPIED,OCCUPIED,0.8254060013727709
301.0,cctv3,C3_S005,G025,OCCUPIED,OCCUPIED,0.8313504511659796
301.0,cctv3,C3_S006,G026,OCCUPIED,OCCUPIED,0.8248908563093706
301.0,cctv3,C3_S007,G027,OCCUPIED,OCCUPIED,0.7486682836982338
301.0,cctv3,C3_S008,G028,EMPTY,EMPTY,0.01
301.0,cctv3,C3_S009,G029,EMPTY,MANEUVERING,0.2246940115317944
301.0,cctv3,C3_S010,G007,EMPTY,MANEUVERING,0.4391108951282191
301.0,cctv3,C3_S011,G008,OCCUPIED,OCCUPIED,0.7984567574479364
301.0,cctv3,C3_S012,G009,OCCUPIED,OCCUPIED,0.8250868818976663
302.0,cctv1,C1_S001,G001,OCCUPIED,OCCUPIED,0.6962307681922209
302.0,cctv1,C1_S002,G002,EMPTY,EMPTY,0.01
302.0,cctv1,C1_S003,G003,OCCUPIED,OCCUPIED,0.8389559816230427
302.0,cctv1,C1_S004,G004,OCCUPIED,OCCUPIED,0.7719121853058989
302.0,cctv1,C1_S005,G005,OCCUPIED,OCCUPIED,0.7872608333826066
302.0,cctv1,C1_S006,G006,EMPTY,EMPTY,0.01
302.0,cctv2,C2_S001,G007,OCCUPIED,LEAVING,0.6664808331091295
302.0,cctv2,C2_S002,G008,OCCUPIED,OCCUPIED,0.814491879940033
302.0,cctv2,C2_S003,G009,EMPTY,EMPTY,0.01
302.0,cctv2,C2_S004,G010,OCCUPIED,OCCUPIED,0.7651362507180735
302.0,cctv2,C2_S005,G001,EMPTY,EMPTY,0.01
302.0,cctv2,C2_S006,G003,OCCUPIED,OCCUPIED,0.8205575468865308
302.0,cctv2,C2_S007,G004,OCCUPIED,OCCUPIED,0.7886939652941445
302.0,cctv2,C2_S008,G006,OCCUPIED,OCCUPIED,0.7577882310206241
302.0,cctv2,C2_S009,G005,OCCUPIED,OCCUPIED,0.7732663753357801
302.0,cctv2,C2_S010,G002,EMPTY,EMPTY,0.01
302.0,cctv2,C2_S011,G017,OCCUPIED,OCCUPIED,0.8046904607252642
302.0,cctv2,C2_S012,G018,OCCUPIED,OCCUPIED,0.7717006925154817
302.0,cctv2,C2_S013,G019,OCCUPIED,OCCUPIED,0.8376816828142514
302.0,cctv2,C2_S014,G020,EMPTY,EMPTY,0.01
302.0,cctv3,C3_S001,G021,OCCUPIED,OCCUPIED,0.7966897132721815
302.0,cctv3,C3_S002,G019,EMPTY,EMPTY,0.01
302.0,cctv3,C3_S003,G020,OCCUPIED,LEAVING,0.8013662365349857
302.0,cctv3,C3_S004,G024,OCCUPIED,OCCUPIED,0.8250540427186273
302.0,cctv3,C3_S005,G025,OCCUPIED,OCCUPIED,0.8313795945861123
302.0,cctv3,C3_S006,G026,OCCUPIED,OCCUPIED,0.8250063823028044
302.0,cctv3,C3_S007,G027,OCCUPIED,OCCUPIED,0.7489946475760504
302.0,cctv3,C3_S008,G028,EMPTY,EMPTY,0.01
302.0,cctv3,C3_S009,G029,EMPTY,MANEUVERING,0.1710634116088221
302.0,cctv3,C3_S010,G007,EMPTY,MANEUVERING,0.49
302.0,cctv3,C3_S011,G008,OCCUPIED,OCCUPIED,0.7984495943242854
302.0,cctv3,C3_S012,G009,OCCUPIED,OCCUPIED,0.8245648996396499
303.0,cctv1,C1_S001,G001,OCCUPIED,OCCUPIED,0.6988707798008215
303.0,cctv1,C1_S002,G002,EMPTY,EMPTY,0.01
303.0,cctv1,C1_S003,G003,OCCUPIED,OCCUPIED,0.8388789867812938
303.0,cctv1,C1_S004,G004,OCCUPIED,OCCUPIED,0.7707022330977701
303.0,cctv1,C1_S005,G005,OCCUPIED,OCCUPIED,0.7878795897418803
303.0,cctv1,C1_S006,G006,EMPTY,EMPTY,0.01
303.0,cctv2,C2_S001,G007,OCCUPIED,LEAVING,0.7100132101435553
303.0,cctv2,C2_S002,G008,OCCUPIED,OCCUPIED,0.8165539069609209
303.0,cctv2,C2_S003,G009,EMPTY,EMPTY,0.01
303.0,cctv2,C2_S004,G010,OCCUPIED,OCCUPIED,0.7654466757720167
303.0,cctv2,C2_S005,G001,EMPTY,EMPTY,0.01
303.0,cctv2,C2_S006,G003,OCCUPIED,OCCUPIED,0.820716495405544
303.0,cctv2,C2_S007,G004,OCCUPIED,OCCUPIED,0.788309113003991
303.0,cctv2,C2_S008,G006,OCCUPIED,OCCUPIED,0.7561414156447758
303.0,cctv2,C2_S009,G005,OCCUPIED,OCCUPIED,0.7747578887776896
303.0,cctv2,C2_S010,G002,EMPTY,EMPTY,0.01
303.0,cctv2,C2_S011,G017,OCCUPIED,OCCUPIED,0.8047155101190915
303.0,cctv2,C2_S012,G018,OCCUPIED,OCCUPIED,0.7722939670763234
303.0,cctv2,C2_S013,G019,OCCUPIED,OCCUPIED,0.8375636591152712
303.0,cctv2,C2_S014,G020,EMPTY,EMPTY,0.01
303.0,cctv3,C3_S001,G021,OCCUPIED,OCCUPIED,0.7967947054993023
303.0,cctv3,C3_S002,G019,EMPTY,EMPTY,0.01
303.0,cctv3,C3_S003,G020,OCCUPIED,LEAVING,0.7999788135290147
303.0,cctv3,C3_S004,G024,OCCUPIED,OCCUPIED,0.8251871729438955
303.0,cctv3,C3_S005,G025,OCCUPIED,OCCUPIED,0.8314424541863529
303.0,cctv3,C3_S006,G026,OCCUPIED,OCCUPIED,0.8251455962657929
303.0,cctv3,C3_S007,G027,OCCUPIED,OCCUPIED,0.7493938923559407
303.0,cctv3,C3_S008,G028,EMPTY,EMPTY,0.01
303.0,cctv3,C3_S009,G029,EMPTY,MANEUVERING,0.1646348401802507
303.0,cctv3,C3_S010,G007,EMPTY,MANEUVERING,0.49
303.0,cctv3,C3_S011,G008,OCCUPIED,OCCUPIED,0.7976786518638785
303.0,cctv3,C3_S012,G009,OCCUPIED,OCCUPIED,0.8246173124421727
304.0,cctv1,C1_S001,G001,OCCUPIED,OCCUPIED,0.6977782452140343
304.0,cctv1,C1_S002,G002,EMPTY,EMPTY,0.01
304.0,cctv1,C1_S003,G003,OCCUPIED,OCCUPIED,0.8390042353760113
304.0,cctv1,C1_S004,G004,OCCUPIED,OCCUPIED,0.7707894292744724
304.0,cctv1,C1_S005,G005,OCCUPIED,OCCUPIED,0.7855139122767882
304.0,cctv1,C1_S006,G006,EMPTY,EMPTY,0.01
304.0,cctv2,C2_S001,G007,OCCUPIED,LEAVING,0.7095424960960042
304.0,cctv2,C2_S002,G008,OCCUPIED,OCCUPIED,0.8184439214793119
304.0,cctv2,C2_S003,G009,EMPTY,EMPTY,0.01
304.0,cctv2,C2_S004,G010,OCCUPIED,OCCUPIED,0.7654484183950858
304.0,cctv2,C2_S005,G001,EMPTY,EMPTY,0.01
304.0,cctv2,C2_S006,G003,OCCUPIED,OCCUPIED,0.8204923415725882
304.0,cctv2,C2_S007,G004,OCCUPIED,OCCUPIED,0.7882549583911896
304.0,cctv2,C2_S008,G006,OCCUPIED,OCCUPIED,0.7563340015032075
304.0,cctv2,C2_S009,G005,OCCUPIED,OCCUPIED,0.7744709285822782
304.0,cctv2,C2_S010,G002,EMPTY,EMPTY,0.01
304.0,cctv2,C2_S011,G017,OCCUPIED,OCCUPIED,0.8030613479289143
304.0,cctv2,C2_S012,G018,OCCUPIED,OCCUPIED,0.7689572584222664
304.0,cctv2,C2_S013,G019,OCCUPIED,OCCUPIED,0.8358915375037628
304.0,cctv2,C2_S014,G020,EMPTY,EMPTY,0.01
304.0,cctv3,C3_S001,G021,OCCUPIED,OCCUPIED,0.7978002388368954
304.0,cctv3,C3_S002,G019,EMPTY,EMPTY,0.01
304.0,cctv3,C3_S003,G020,OCCUPIED,LEAVING,0.8003984532573007
304.0,cctv3,C3_S004,G024,OCCUPIED,OCCUPIED,0.8249856325713072
304.0,cctv3,C3_S005,G025,OCCUPIED,OCCUPIED,0.8314378773624247
304.0,cctv3,C3_S006,G026,OCCUPIED,OCCUPIED,0.8254030525684357
304.0,cctv3,C3_S007,G027,OCCUPIED,OCCUPIED,0.7500650615177372
304.0,cctv3,C3_S008,G028,EMPTY,EMPTY,0.01
304.0,cctv3,C3_S009,G029,EMPTY,MANEUVERING,0.1596348401802507
304.0,cctv3,C3_S010,G007,EMPTY,MANEUVERING,0.49
304.0,cctv3,C3_S011,G008,OCCUPIED,OCCUPIED,0.7998862878842787
304.0,cctv3,C3_S012,G009,OCCUPIED,OCCUPIED,0.8255239689891989
305.0,cctv1,C1_S001,G001,OCCUPIED,OCCUPIED,0.6982070213590157
305.0,cctv1,C1_S002,G002,EMPTY,EMPTY,0.01
305.0,cctv1,C1_S003,G003,OCCUPIED,OCCUPIED,0.839123660326004
305.0,cctv1,C1_S004,G004,OCCUPIED,OCCUPIED,0.7708921046419578
305.0,cctv1,C1_S005,G005,OCCUPIED,OCCUPIED,0.7843179315328599
305.0,cctv1,C1_S006,G006,EMPTY,EMPTY,0.01
305.0,cctv2,C2_S001,G007,OCCUPIED,LEAVING,0.7108191743899476
305.0,cctv2,C2_S002,G008,OCCUPIED,OCCUPIED,0.820422082326629
305.0,cctv2,C2_S003,G009,EMPTY,EMPTY,0.01
305.0,cctv2,C2_S004,G010,OCCUPIED,OCCUPIED,0.7647236538204281
305.0,cctv2,C2_S005,G001,EMPTY,EMPTY,0.01
305.0,cctv2,C2_S006,G003,OCCUPIED,OCCUPIED,0.820597102154385
305.0,cctv2,C2_S007,G004,OCCUPIED,OCCUPIED,0.7897143759510734
305.0,cctv2,C2_S008,G006,OCCUPIED,OCCUPIED,0.756413835016164
305.0,cctv2,C2_S009,G005,OCCUPIED,OCCUPIED,0.7725453796711835
305.0,cctv2,C2_S010,G002,EMPTY,EMPTY,0.01
305.0,cctv2,C2_S011,G017,OCCUPIED,OCCUPIED,0.8022881857373498
305.0,cctv2,C2_S012,G018,OCCUPIED,OCCUPIED,0.766223994371566
305.0,cctv2,C2_S013,G019,OCCUPIED,OCCUPIED,0.8358914090828462
305.0,cctv2,C2_S014,G020,EMPTY,EMPTY,0.01
305.0,cctv3,C3_S001,G021,OCCUPIED,OCCUPIED,0.7996645073999059
305.0,cctv3,C3_S002,G019,EMPTY,EMPTY,0.01
305.0,cctv3,C3_S003,G020,OCCUPIED,LEAVING,0.8008782971989026
305.0,cctv3,C3_S004,G024,OCCUPIED,OCCUPIED,0.8236517367037861
305.0,cctv3,C3_S005,G025,OCCUPIED,OCCUPIED,0.831489227034829
305.0,cctv3,C3_S006,G026,OCCUPIED,OCCUPIED,0.8255038524215872
305.0,cctv3,C3_S007,G027,OCCUPIED,OCCUPIED,0.7491883636198261
305.0,cctv3,C3_S008,G028,EMPTY,EMPTY,0.01
305.0,cctv3,C3_S009,G029,EMPTY,MANEUVERING,0.108173296488257
305.0,cctv3,C3_S010,G007,EMPTY,MANEUVERING,0.49
305.0,cctv3,C3_S011,G008,OCCUPIED,OCCUPIED,0.798750208995559
305.0,cctv3,C3_S012,G009,OCCUPIED,OCCUPIED,0.8255889296531678
306.0,cctv1,C1_S001,G001,OCCUPIED,OCCUPIED,0.6990669355575334
306.0,cctv1,C1_S002,G002,EMPTY,EMPTY,0.01
306.0,cctv1,C1_S003,G003,OCCUPIED,OCCUPIED,0.8390102760358291
306.0,cctv1,C1_S004,G004,OCCUPIED,OCCUPIED,0.7711296678944068
306.0,cctv1,C1_S005,G005,OCCUPIED,OCCUPIED,0.784248633818193
306.0,cctv1,C1_S006,G006,EMPTY,EMPTY,0.01
306.0,cctv2,C2_S001,G007,OCCUPIED,LEAVING,0.7102945557643068
306.0,cctv2,C2_S002,G008,OCCUPIED,OCCUPIED,0.8210143977945502
306.0,cctv2,C2_S003,G009,EMPTY,EMPTY,0.01
306.0,cctv2,C2_S004,G010,OCCUPIED,OCCUPIED,0.7644901358268479
306.0,cctv2,C2_S005,G001,EMPTY,EMPTY,0.01
306.0,cctv2,C2_S006,G003,OCCUPIED,OCCUPIED,0.820411060073159
306.0,cctv2,C2_S007,G004,OCCUPIED,OCCUPIED,0.7907334837046537
306.0,cctv2,C2_S008,G006,OCCUPIED,OCCUPIED,0.7572703464464708
306.0,cctv2,C2_S009,G005,OCCUPIED,OCCUPIED,0.7733855450695212
306.0,cctv2,C2_S010,G002,EMPTY,EMPTY,0.01
306.0,cctv2,C2_S011,G017,OCCUPIED,OCCUPIED,0.8013910038904711
306.0,cctv2,C2_S012,G018,OCCUPIED,OCCUPIED,0.7654059884900397
306.0,cctv2,C2_S013,G019,OCCUPIED,OCCUPIED,0.835867983644659
306.0,cctv2,C2_S014,G020,EMPTY,EMPTY,0.01
306.0,cctv3,C3_S001,G021,OCCUPIED,OCCUPIED,0.8002384814349088
306.0,cctv3,C3_S002,G019,EMPTY,EMPTY,0.01
306.0,cctv3,C3_S003,G020,OCCUPIED,LEAVING,0.8002327350052921
306.0,cctv3,C3_S004,G024,OCCUPIED,OCCUPIED,0.8210288760336963
306.0,cctv3,C3_S005,G025,OCCUPIED,OCCUPIED,0.8316222174601122
306.0,cctv3,C3_S006,G026,OCCUPIED,OCCUPIED,0.8258118228478866
306.0,cctv3,C3_S007,G027,OCCUPIED,OCCUPIED,0.7485826066271826
306.0,cctv3,C3_S008,G028,EMPTY,EMPTY,0.01
306.0,cctv3,C3_S009,G029,EMPTY,MANEUVERING,0.0595276893020579
306.0,cctv3,C3_S010,G007,EMPTY,MANEUVERING,0.49
306.0,cctv3,C3_S011,G008,OCCUPIED,OCCUPIED,0.7976232764395801
306.0,cctv3,C3_S012,G009,OCCUPIED,OCCUPIED,0.8259696992960843
307.0,cctv1,C1_S001,G001,OCCUPIED,OCCUPIED,0.6984993439201604
307.0,cctv1,C1_S002,G002,EMPTY,EMPTY,0.01
307.0,cctv1,C1_S003,G003,OCCUPIED,OCCUPIED,0.8393440623175015
307.0,cctv1,C1_S004,G004,OCCUPIED,OCCUPIED,0.7724137583916838
307.0,cctv1,C1_S005,G005,OCCUPIED,OCCUPIED,0.7847459161823447
307.0,cctv1,C1_S006,G006,EMPTY,EMPTY,0.01
307.0,cctv2,C2_S001,G007,OCCUPIED,LEAVING,0.7094449910927904
307.0,cctv2,C2_S002,G008,OCCUPIED,OCCUPIED,0.8205495750362224
307.0,cctv2,C2_S003,G009,EMPTY,EMPTY,0.01
307.0,cctv2,C2_S004,G010,OCCUPIED,OCCUPIED,0.7643495275215669
307.0,cctv2,C2_S005,G001,EMPTY,EMPTY,0.01
307.0,cctv2,C2_S006,G003,OCCUPIED,OCCUPIED,0.8207944599064915
307.0,cctv2,C2_S007,G004,OCCUPIED,OCCUPIED,0.7915930902416056
307.0,cctv2,C2_S008,G006,OCCUPIED,OCCUPIED,0.7555735464800488
307.0,cctv2,C2_S009,G005,OCCUPIED,OCCUPIED,0.7717481767589396
307.0,cctv2,C2_S010,G002,EMPTY,EMPTY,0.01
307.0,cctv2,C2_S011,G017,OCCUPIED,OCCUPIED,0.8003333406014876
307.0,cctv2,C2_S012,G018,OCCUPIED,OCCUPIED,0.7602545043284243
307.0,cctv2,C2_S013,G019,OCCUPIED,OCCUPIED,0.8356869637966157
307.0,cctv2,C2_S014,G020,EMPTY,EMPTY,0.01
307.0,cctv3,C3_S001,G021,OCCUPIED,OCCUPIED,0.8006497193466534
307.0,cctv3,C3_S002,G019,EMPTY,EMPTY,0.01
307.0,cctv3,C3_S003,G020,OCCUPIED,LEAVING,0.8024952165105127
307.0,cctv3,C3_S004,G024,OCCUPIED,OCCUPIED,0.8149577012116259
307.0,cctv3,C3_S005,G025,OCCUPIED,OCCUPIED,0.8316096029498361
307.0,cctv3,C3_S006,G026,OCCUPIED,OCCUPIED,0.8256728665395217
307.0,cctv3,C3_S007,G027,OCCUPIED,OCCUPIED,0.7499683363871141
307.0,cctv3,C3_S008,G028,EMPTY,EMPTY,0.01
307.0,cctv3,C3_S009,G029,EMPTY,EMPTY,0.01
307.0,cctv3,C3_S010,G007,EMPTY,MANEUVERING,0.49
307.0,cctv3,C3_S011,G008,OCCUPIED,OCCUPIED,0.7985616822134365
307.0,cctv3,C3_S012,G009,OCCUPIED,OCCUPIED,0.8262813484126872
308.0,cctv1,C1_S001,G001,OCCUPIED,OCCUPIED,0.7018221738595855
308.0,cctv1,C1_S002,G002,EMPTY,EMPTY,0.01
308.0,cctv1,C1_S003,G003,OCCUPIED,OCCUPIED,0.8393960841677406
308.0,cctv1,C1_S004,G004,OCCUPIED,OCCUPIED,0.7714998168024151
308.0,cctv1,C1_S005,G005,OCCUPIED,OCCUPIED,0.7852445363998414
308.0,cctv1,C1_S006,G006,EMPTY,EMPTY,0.01
308.0,cctv2,C2_S001,G007,OCCUPIED,LEAVING,0.7096479913998734
308.0,cctv2,C2_S002,G008,OCCUPIED,OCCUPIED,0.8205557928843932
308.0,cctv2,C2_S003,G009,EMPTY,EMPTY,0.01
308.0,cctv2,C2_S004,G010,OCCUPIED,OCCUPIED,0.7584890209138394
308.0,cctv2,C2_S005,G001,EMPTY,EMPTY,0.01
308.0,cctv2,C2_S006,G003,OCCUPIED,OCCUPIED,0.8208941917527807
308.0,cctv2,C2_S007,G004,OCCUPIED,OCCUPIED,0.7891065491871401
308.0,cctv2,C2_S008,G006,OCCUPIED,OCCUPIED,0.7563905148343607
308.0,cctv2,C2_S009,G005,OCCUPIED,OCCUPIED,0.7732900702140548
308.0,cctv2,C2_S010,G002,EMPTY,EMPTY,0.01
308.0,cctv2,C2_S011,G017,OCCUPIED,OCCUPIED,0.7993016475980933
308.0,cctv2,C2_S012,G018,OCCUPIED,OCCUPIED,0.758525531671264
308.0,cctv2,C2_S013,G019,OCCUPIED,OCCUPIED,0.8356651241129096
308.0,cctv2,C2_S014,G020,EMPTY,EMPTY,0.01
308.0,cctv3,C3_S001,G021,OCCUPIED,OCCUPIED,0.8001036923040044
308.0,cctv3,C3_S002,G019,EMPTY,EMPTY,0.01
308.0,cctv3,C3_S003,G020,OCCUPIED,LEAVING,0.8028621581467716
308.0,cctv3,C3_S004,G024,OCCUPIED,OCCUPIED,0.812561901726506
308.0,cctv3,C3_S005,G025,OCCUPIED,OCCUPIED,0.8316529271277515
308.0,cctv3,C3_S006,G026,OCCUPIED,OCCUPIED,0.8255303583361886
308.0,cctv3,C3_S007,G027,OCCUPIED,OCCUPIED,0.7497042603113435
308.0,cctv3,C3_S008,G028,EMPTY,EMPTY,0.01
308.0,cctv3,C3_S009,G029,EMPTY,EMPTY,0.01
308.0,cctv3,C3_S010,G007,EMPTY,MANEUVERING,0.49
308.0,cctv3,C3_S011,G008,OCCUPIED,OCCUPIED,0.7973425466905941
308.0,cctv3,C3_S012,G009,OCCUPIED,OCCUPIED,0.8262263208627701
309.0,cctv1,C1_S001,G001,OCCUPIED,OCCUPIED,0.7372275483201851
309.0,cctv1,C1_S002,G002,EMPTY,EMPTY,0.01
309.0,cctv1,C1_S003,G003,OCCUPIED,OCCUPIED,0.8394487765702335
309.0,cctv1,C1_S004,G004,OCCUPIED,OCCUPIED,0.770607310939919
309.0,cctv1,C1_S005,G005,OCCUPIED,OCCUPIED,0.7836003516208042
309.0,cctv1,C1_S006,G006,EMPTY,EMPTY,0.01
309.0,cctv2,C2_S001,G007,OCCUPIED,LEAVING,0.7063804483820092
309.0,cctv2,C2_S002,G008,OCCUPIED,OCCUPIED,0.8207194946028971
309.0,cctv2,C2_S003,G009,EMPTY,EMPTY,0.01
309.0,cctv2,C2_S004,G010,OCCUPIED,OCCUPIED,0.7576302442361008
309.0,cctv2,C2_S005,G001,EMPTY,EMPTY,0.01
309.0,cctv2,C2_S006,G003,OCCUPIED,OCCUPIED,0.8209702266888186
309.0,cctv2,C2_S007,G004,OCCUPIED,OCCUPIED,0.7867528433149512
309.0,cctv2,C2_S008,G006,OCCUPIED,OCCUPIED,0.7560950020497497
309.0,cctv2,C2_S009,G005,OCCUPIED,OCCUPIED,0.7751370019533418
309.0,cctv2,C2_S010,G002,EMPTY,EMPTY,0.01
309.0,cctv2,C2_S011,G017,OCCUPIED,OCCUPIED,0.7993722327730873
309.0,cctv2,C2_S012,G018,OCCUPIED,OCCUPIED,0.7570122903043575
309.0,cctv2,C2_S013,G019,OCCUPIED,OCCUPIED,0.8356828364458951
309.0,cctv2,C2_S014,G020,EMPTY,EMPTY,0.01
309.0,cctv3,C3_S001,G021,OCCUPIED,OCCUPIED,0.7984636263413863
309.0,cctv3,C3_S002,G019,EMPTY,EMPTY,0.01
309.0,cctv3,C3_S003,G020,OCCUPIED,LEAVING,0.8004304796457291
309.0,cctv3,C3_S004,G024,OCCUPIED,OCCUPIED,0.8120107232169672
309.0,cctv3,C3_S005,G025,OCCUPIED,OCCUPIED,0.8317110912366348
309.0,cctv3,C3_S006,G026,OCCUPIED,OCCUPIED,0.8255472562529824
309.0,cctv3,C3_S007,G027,OCCUPIED,OCCUPIED,0.7506627367301422
309.0,cctv3,C3_S008,G028,EMPTY,EMPTY,0.01
309.0,cctv3,C3_S009,G029,EMPTY,EMPTY,0.01
309.0,cctv3,C3_S010,G007,EMPTY,MANEUVERING,0.49
309.0,cctv3,C3_S011,G008,OCCUPIED,OCCUPIED,0.7972974351861261
309.0,cctv3,C3_S012,G009,OCCUPIED,OCCUPIED,0.8258879041129893
310.0,cctv1,C1_S001,G001,OCCUPIED,OCCUPIED,0.7370271354913712
310.0,cctv1,C1_S002,G002,EMPTY,EMPTY,0.01
310.0,cctv1,C1_S003,G003,OCCUPIED,OCCUPIED,0.8395719574256377
310.0,cctv1,C1_S004,G004,OCCUPIED,OCCUPIED,0.769488574564457
310.0,cctv1,C1_S005,G005,OCCUPIED,OCCUPIED,0.7833357078107921
310.0,cctv1,C1_S006,G006,EMPTY,EMPTY,0.01
310.0,cctv2,C2_S001,G007,OCCUPIED,LEAVING,0.7421083656901664
310.0,cctv2,C2_S002,G008,OCCUPIED,OCCUPIED,0.8198529842224989
310.0,cctv2,C2_S003,G009,EMPTY,EMPTY,0.01
310.0,cctv2,C2_S004,G010,OCCUPIED,OCCUPIED,0.7591609630395066
310.0,cctv2,C2_S005,G001,EMPTY,EMPTY,0.01
310.0,cctv2,C2_S006,G003,OCCUPIED,OCCUPIED,0.8210052400827408
310.0,cctv2,C2_S007,G004,OCCUPIED,OCCUPIED,0.7856732517480851
310.0,cctv2,C2_S008,G006,OCCUPIED,OCCUPIED,0.7537053497000175
310.0,cctv2,C2_S009,G005,OCCUPIED,OCCUPIED,0.772840737212788
310.0,cctv2,C2_S010,G002,EMPTY,EMPTY,0.01
310.0,cctv2,C2_S011,G017,OCCUPIED,OCCUPIED,0.7984429400075567
310.0,cctv2,C2_S012,G018,OCCUPIED,OCCUPIED,0.673189534734596
310.0,cctv2,C2_S013,G019,OCCUPIED,OCCUPIED,0.8357012697241524
310.0,cctv2,C2_S014,G020,EMPTY,EMPTY,0.01
310.0,cctv3,C3_S001,G021,OCCUPIED,OCCUPIED,0.7989135124466636
310.0,cctv3,C3_S002,G019,EMPTY,EMPTY,0.01
310.0,cctv3,C3_S003,G020,OCCUPIED,LEAVING,0.8019646511836486
310.0,cctv3,C3_S004,G024,OCCUPIED,OCCUPIED,0.8120253843340007
310.0,cctv3,C3_S005,G025,OCCUPIED,OCCUPIED,0.8316814715212042
310.0,cctv3,C3_S006,G026,OCCUPIED,OCCUPIED,0.825483052297072
310.0,cctv3,C3_S007,G027,OCCUPIED,OCCUPIED,0.75028882866556
310.0,cctv3,C3_S008,G028,EMPTY,EMPTY,0.01
310.0,cctv3,C3_S009,G029,EMPTY,EMPTY,0.01
310.0,cctv3,C3_S010,G007,OCCUPIED,OCCUPIED,0.778911260583184
310.0,cctv3,C3_S011,G008,OCCUPIED,OCCUPIED,0.7978337193077262
310.0,cctv3,C3_S012,G009,OCCUPIED,OCCUPIED,0.825930411436341
311.0,cctv1,C1_S001,G001,OCCUPIED,OCCUPIED,0.7378687744790858
311.0,cctv1,C1_S002,G002,EMPTY,EMPTY,0.01
311.0,cctv1,C1_S003,G003,OCCUPIED,OCCUPIED,0.8396032433618199
311.0,cctv1,C1_S004,G004,OCCUPIED,OCCUPIED,0.7683936968445778
311.0,cctv1,C1_S005,G005,OCCUPIED,OCCUPIED,0.7801594497127967
311.0,cctv1,C1_S006,G006,EMPTY,EMPTY,0.01
311.0,cctv2,C2_S001,G007,OCCUPIED,LEAVING,0.7432172374291854
311.0,cctv2,C2_S002,G008,OCCUPIED,OCCUPIED,0.8195300072431565
311.0,cctv2,C2_S003,G009,EMPTY,EMPTY,0.01
311.0,cctv2,C2_S004,G010,OCCUPIED,OCCUPIED,0.7553512484512547
311.0,cctv2,C2_S005,G001,EMPTY,EMPTY,0.01
311.0,cctv2,C2_S006,G003,OCCUPIED,OCCUPIED,0.8216423744505102
311.0,cctv2,C2_S007,G004,OCCUPIED,OCCUPIED,0.7852582896297629
311.0,cctv2,C2_S008,G006,OCCUPIED,OCCUPIED,0.7516416914083741
311.0,cctv2,C2_S009,G005,OCCUPIED,OCCUPIED,0.7720254423943433
311.0,cctv2,C2_S010,G002,EMPTY,EMPTY,0.01
311.0,cctv2,C2_S011,G017,OCCUPIED,OCCUPIED,0.7977732354944403
311.0,cctv2,C2_S012,G018,OCCUPIED,OCCUPIED,0.5890849796750329
311.0,cctv2,C2_S013,G019,OCCUPIED,OCCUPIED,0.8357250446623022
311.0,cctv2,C2_S014,G020,EMPTY,EMPTY,0.01
311.0,cctv3,C3_S001,G021,OCCUPIED,OCCUPIED,0.7985112932595341
311.0,cctv3,C3_S002,G019,EMPTY,EMPTY,0.01
311.0,cctv3,C3_S003,G020,OCCUPIED,LEAVING,0.7998273735696619
311.0,cctv3,C3_S004,G024,OCCUPIED,OCCUPIED,0.8123959404501049
311.0,cctv3,C3_S005,G025,OCCUPIED,OCCUPIED,0.8317356180060994
311.0,cctv3,C3_S006,G026,OCCUPIED,OCCUPIED,0.8255303607745604
311.0,cctv3,C3_S007,G027,OCCUPIED,OCCUPIED,0.749596090885726
311.0,cctv3,C3_S008,G028,EMPTY,EMPTY,0.01
311.0,cctv3,C3_S009,G029,EMPTY,EMPTY,0.01
311.0,cctv3,C3_S010,G007,OCCUPIED,OCCUPIED,0.7787432490424677
311.0,cctv3,C3_S011,G008,OCCUPIED,OCCUPIED,0.796966808221557
311.0,cctv3,C3_S012,G009,OCCUPIED,OCCUPIED,0.8260078776966442
312.0,cctv1,C1_S001,G001,OCCUPIED,OCCUPIED,0.739064670489593
312.0,cctv1,C1_S002,G002,EMPTY,EMPTY,0.01
312.0,cctv1,C1_S003,G003,OCCUPIED,OCCUPIED,0.8397093214771965
312.0,cctv1,C1_S004,G004,OCCUPIED,OCCUPIED,0.7680139622905038
312.0,cctv1,C1_S005,G005,OCCUPIED,OCCUPIED,0.7797125571153382
312.0,cctv1,C1_S006,G006,EMPTY,EMPTY,0.01
312.0,cctv2,C2_S001,G007,OCCUPIED,LEAVING,0.7426860805939545
312.0,cctv2,C2_S002,G008,OCCUPIED,OCCUPIED,0.8200444638729096
312.0,cctv2,C2_S003,G009,EMPTY,EMPTY,0.01
312.0,cctv2,C2_S004,G010,OCCUPIED,OCCUPIED,0.7574983600188386
312.0,cctv2,C2_S005,G001,EMPTY,EMPTY,0.01
312.0,cctv2,C2_S006,G003,OCCUPIED,OCCUPIED,0.8217290658842434
312.0,cctv2,C2_S007,G004,OCCUPIED,OCCUPIED,0.7839429123835131
312.0,cctv2,C2_S008,G006,OCCUPIED,OCCUPIED,0.7496565531600606
312.0,cctv2,C2_S009,G005,OCCUPIED,OCCUPIED,0.7723383480852302
312.0,cctv2,C2_S010,G002,EMPTY,EMPTY,0.01
312.0,cctv2,C2_S011,G017,OCCUPIED,OCCUPIED,0.7962198707190428
312.0,cctv2,C2_S012,G018,OCCUPIED,OCCUPIED,0.51
312.0,cctv2,C2_S013,G019,OCCUPIED,OCCUPIED,0.8357979552312331
312.0,cctv2,C2_S014,G020,EMPTY,EMPTY,0.01
312.0,cctv3,C3_S001,G021,OCCUPIED,OCCUPIED,0.7989136481826956
312.0,cctv3,C3_S002,G019,EMPTY,EMPTY,0.01
312.0,cctv3,C3_S003,G020,OCCUPIED,LEAVING,0.8033292989839208
312.0,cctv3,C3_S004,G024,OCCUPIED,OCCUPIED,0.813249598172578
312.0,cctv3,C3_S005,G025,OCCUPIED,OCCUPIED,0.8316999178041112
312.0,cctv3,C3_S006,G026,OCCUPIED,OCCUPIED,0.8253494530916214
312.0,cctv3,C3_S007,G027,OCCUPIED,OCCUPIED,0.7493871167302132
312.0,cctv3,C3_S008,G028,EMPTY,EMPTY,0.01
312.0,cctv3,C3_S009,G029,EMPTY,EMPTY,0.01
312.0,cctv3,C3_S010,G007,OCCUPIED,OCCUPIED,0.7785251464356077
312.0,cctv3,C3_S011,G008,OCCUPIED,OCCUPIED,0.7987297819419341
312.0,cctv3,C3_S012,G009,OCCUPIED,OCCUPIED,0.8261842711405321
313.0,cctv1,C1_S001,G001,OCCUPIED,OCCUPIED,0.7397924419831147
313.0,cctv1,C1_S002,G002,EMPTY,EMPTY,0.01
313.0,cctv1,C1_S003,G003,OCCUPIED,OCCUPIED,0.8396868112412367
313.0,cctv1,C1_S004,G004,OCCUPIED,OCCUPIED,0.7669691037047994
313.0,cctv1,C1_S005,G005,OCCUPIED,OCCUPIED,0.7818415227261457
313.0,cctv1,C1_S006,G006,EMPTY,EMPTY,0.01
313.0,cctv2,C2_S001,G007,OCCUPIED,LEAVING,0.7438175111331724
313.0,cctv2,C2_S002,G008,OCCUPIED,OCCUPIED,0.819519977407022
313.0,cctv2,C2_S003,G009,EMPTY,EMPTY,0.01
313.0,cctv2,C2_S004,G010,OCCUPIED,OCCUPIED,0.7572120687500997
313.0,cctv2,C2_S005,G001,EMPTY,EMPTY,0.01
313.0,cctv2,C2_S006,G003,OCCUPIED,OCCUPIED,0.8217488500204954
313.0,cctv2,C2_S007,G004,OCCUPIED,OCCUPIED,0.78229461285201
313.0,cctv2,C2_S008,G006,OCCUPIED,OCCUPIED,0.7485074907541276
313.0,cctv2,C2_S009,G005,OCCUPIED,OCCUPIED,0.7727743094617671
313.0,cctv2,C2_S010,G002,EMPTY,EMPTY,0.01
313.0,cctv2,C2_S011,G017,OCCUPIED,OCCUPIED,0.7962116005745802
313.0,cctv2,C2_S012,G018,OCCUPIED,OCCUPIED,0.5103312355940315
313.0,cctv2,C2_S013,G019,OCCUPIED,OCCUPIED,0.8359575816176155
313.0,cctv2,C2_S014,G020,EMPTY,EMPTY,0.01
313.0,cctv3,C3_S001,G021,OCCUPIED,OCCUPIED,0.7996474233540622
313.0,cctv3,C3_S002,G019,EMPTY,EMPTY,0.01
313.0,cctv3,C3_S003,G020,OCCUPIED,LEAVING,0.8054893916303462
313.0,cctv3,C3_S004,G024,OCCUPIED,OCCUPIED,0.8135788401419467
313.0,cctv3,C3_S005,G025,OCCUPIED,OCCUPIED,0.8316470083865253
313.0,cctv3,C3_S006,G026,OCCUPIED,OCCUPIED,0.8253174104473808
313.0,cctv3,C3_S007,G027,OCCUPIED,OCCUPIED,0.7493060473691334
313.0,cctv3,C3_S008,G028,EMPTY,EMPTY,0.01
313.0,cctv3,C3_S009,G029,EMPTY,EMPTY,0.01
313.0,cctv3,C3_S010,G007,OCCUPIED,OCCUPIED,0.7771619872613387
313.0,cctv3,C3_S011,G008,OCCUPIED,OCCUPIED,0.7978869587183
313.0,cctv3,C3_S012,G009,OCCUPIED,OCCUPIED,0.8266086925159801
314.0,cctv1,C1_S001,G001,OCCUPIED,OCCUPIED,0.738451178575104
314.0,cctv1,C1_S002,G002,EMPTY,EMPTY,0.01
314.0,cctv1,C1_S003,G003,OCCUPIED,OCCUPIED,0.8397335052490235
314.0,cctv1,C1_S004,G004,OCCUPIED,OCCUPIED,0.7677687563679436
314.0,cctv1,C1_S005,G005,OCCUPIED,OCCUPIED,0.7811604269526222
314.0,cctv1,C1_S006,G006,EMPTY,EMPTY,0.01
314.0,cctv2,C2_S001,G007,OCCUPIED,LEAVING,0.7432691066779874
314.0,cctv2,C2_S002,G008,OCCUPIED,OCCUPIED,0.8176445069638166
314.0,cctv2,C2_S003,G009,EMPTY,EMPTY,0.01
314.0,cctv2,C2_S004,G010,OCCUPIED,OCCUPIED,0.6718298811871897
314.0,cctv2,C2_S005,G001,EMPTY,EMPTY,0.01
314.0,cctv2,C2_S006,G003,OCCUPIED,OCCUPIED,0.821579476649111
314.0,cctv2,C2_S007,G004,OCCUPIED,OCCUPIED,0.7828951635143975
314.0,cctv2,C2_S008,G006,OCCUPIED,OCCUPIED,0.7493343442678452
314.0,cctv2,C2_S009,G005,OCCUPIED,OCCUPIED,0.772640085220337
314.0,cctv2,C2_S010,G002,EMPTY,EMPTY,0.01
314.0,cctv2,C2_S011,G017,OCCUPIED,OCCUPIED,0.7958437380465595
314.0,cctv2,C2_S012,G018,OCCUPIED,OCCUPIED,0.553584201103923
314.0,cctv2,C2_S013,G019,OCCUPIED,OCCUPIED,0.8360240443186326
314.0,cctv2,C2_S014,G020,EMPTY,EMPTY,0.01
314.0,cctv3,C3_S001,G021,OCCUPIED,OCCUPIED,0.7987358217889613
314.0,cctv3,C3_S002,G019,EMPTY,EMPTY,0.01
314.0,cctv3,C3_S003,G020,OCCUPIED,LEAVING,0.8080467064272274
314.0,cctv3,C3_S004,G024,OCCUPIED,OCCUPIED,0.8134592136198825
314.0,cctv3,C3_S005,G025,OCCUPIED,OCCUPIED,0.8315809780901129
314.0,cctv3,C3_S006,G026,OCCUPIED,OCCUPIED,0.8251123929565604
314.0,cctv3,C3_S007,G027,OCCUPIED,OCCUPIED,0.7471414559266785
314.0,cctv3,C3_S008,G028,EMPTY,EMPTY,0.01
314.0,cctv3,C3_S009,G029,EMPTY,EMPTY,0.01
314.0,cctv3,C3_S010,G007,OCCUPIED,OCCUPIED,0.7755081253972921
314.0,cctv3,C3_S011,G008,OCCUPIED,OCCUPIED,0.7974161684513092
314.0,cctv3,C3_S012,G009,OCCUPIED,OCCUPIED,0.826673263040456
315.0,cctv1,C1_S001,G001,OCCUPIED,OCCUPIED,0.7390112146735192
315.0,cctv1,C1_S002,G002,EMPTY,EMPTY,0.01
315.0,cctv1,C1_S003,G003,OCCUPIED,OCCUPIED,0.8394956721500917
315.0,cctv1,C1_S004,G004,OCCUPIED,OCCUPIED,0.7662887150591071
315.0,cctv1,C1_S005,G005,OCCUPIED,OCCUPIED,0.7822552087632093
315.0,cctv1,C1_S006,G006,EMPTY,EMPTY,0.01
315.0,cctv2,C2_S001,G007,OCCUPIED,LEAVING,0.7448518450964582
315.0,cctv2,C2_S002,G008,OCCUPIED,LEAVING,0.8138559094884179
315.0,cctv2,C2_S003,G009,EMPTY,EMPTY,0.01
315.0,cctv2,C2_S004,G010,OCCUPIED,OCCUPIED,0.6696393023092638
315.0,cctv2,C2_S005,G001,EMPTY,EMPTY,0.01
315.0,cctv2,C2_S006,G003,OCCUPIED,OCCUPIED,0.8213468941775236
315.0,cctv2,C2_S007,G004,OCCUPIED,OCCUPIED,0.7824213838035411
315.0,cctv2,C2_S008,G006,OCCUPIED,OCCUPIED,0.7496637097813867
315.0,cctv2,C2_S009,G005,OCCUPIED,OCCUPIED,0.7747473220933568
315.0,cctv2,C2_S010,G002,EMPTY,EMPTY,0.01
315.0,cctv2,C2_S011,G017,OCCUPIED,OCCUPIED,0.7967786374417218
315.0,cctv2,C2_S012,G018,OCCUPIED,OCCUPIED,0.6007004969854923
315.0,cctv2,C2_S013,G019,OCCUPIED,OCCUPIED,0.837633900479837
315.0,cctv2,C2_S014,G020,EMPTY,EMPTY,0.01
315.0,cctv3,C3_S001,G021,OCCUPIED,OCCUPIED,0.7981849537654357
315.0,cctv3,C3_S002,G019,EMPTY,EMPTY,0.01
315.0,cctv3,C3_S003,G020,OCCUPIED,LEAVING,0.8084551710974087
315.0,cctv3,C3_S004,G024,OCCUPIED,OCCUPIED,0.8138284261931074
315.0,cctv3,C3_S005,G025,OCCUPIED,OCCUPIED,0.8316181421279908
315.0,cctv3,C3_S006,G026,OCCUPIED,OCCUPIED,0.8251665540716866
315.0,cctv3,C3_S007,G027,OCCUPIED,OCCUPIED,0.7469296219674024
315.0,cctv3,C3_S008,G028,EMPTY,EMPTY,0.01
315.0,cctv3,C3_S009,G029,EMPTY,EMPTY,0.01
315.0,cctv3,C3_S010,G007,OCCUPIED,OCCUPIED,0.7746767072515055
315.0,cctv3,C3_S011,G008,OCCUPIED,OCCUPIED,0.7969347387552262
315.0,cctv3,C3_S012,G009,OCCUPIED,OCCUPIED,0.8264112039045854
316.0,cctv1,C1_S001,G001,OCCUPIED,OCCUPIED,0.7385867861861533
316.0,cctv1,C1_S002,G002,EMPTY,EMPTY,0.01
316.0,cctv1,C1_S003,G003,OCCUPIED,OCCUPIED,0.8394600174643777
316.0,cctv1,C1_S004,G004,OCCUPIED,OCCUPIED,0.7660517845641484
316.0,cctv1,C1_S005,G005,OCCUPIED,OCCUPIED,0.7820161865516143
316.0,cctv1,C1_S006,G006,EMPTY,EMPTY,0.01
316.0,cctv2,C2_S001,G007,OCCUPIED,LEAVING,0.7436756472695958
316.0,cctv2,C2_S002,G008,OCCUPIED,LEAVING,0.8127334033901041
316.0,cctv2,C2_S003,G009,EMPTY,EMPTY,0.01
316.0,cctv2,C2_S004,G010,OCCUPIED,OCCUPIED,0.6682051287252795
316.0,cctv2,C2_S005,G001,EMPTY,EMPTY,0.01
316.0,cctv2,C2_S006,G003,OCCUPIED,OCCUPIED,0.8212011356245388
316.0,cctv2,C2_S007,G004,OCCUPIED,OCCUPIED,0.781802874532613
316.0,cctv2,C2_S008,G006,OCCUPIED,OCCUPIED,0.75000302832235
316.0,cctv2,C2_S009,G005,OCCUPIED,OCCUPIED,0.7759540341117166
316.0,cctv2,C2_S010,G002,EMPTY,EMPTY,0.01
316.0,cctv2,C2_S011,G017,OCCUPIED,OCCUPIED,0.7975795621221716
316.0,cctv2,C2_S012,G018,OCCUPIED,OCCUPIED,0.6496212551285597
316.0,cctv2,C2_S013,G019,OCCUPIED,OCCUPIED,0.8375971127640118
316.0,cctv2,C2_S014,G020,EMPTY,EMPTY,0.01
316.0,cctv3,C3_S001,G021,OCCUPIED,OCCUPIED,0.7967663009058346
316.0,cctv3,C3_S002,G019,EMPTY,EMPTY,0.01
316.0,cctv3,C3_S003,G020,OCCUPIED,LEAVING,0.8092289802702991
316.0,cctv3,C3_S004,G024,OCCUPIED,LEAVING,0.8151978410103105
316.0,cctv3,C3_S005,G025,OCCUPIED,OCCUPIED,0.8316093753684651
316.0,cctv3,C3_S006,G026,OCCUPIED,OCCUPIED,0.8250589771704241
316.0,cctv3,C3_S007,G027,OCCUPIED,OCCUPIED,0.7465888314626434
316.0,cctv3,C3_S008,G028,EMPTY,EMPTY,0.01
316.0,cctv3,C3_S009,G029,EMPTY,MANEUVERING,0.2210283501039851
316.0,cctv3,C3_S010,G007,OCCUPIED,OCCUPIED,0.693137103955854
316.0,cctv3,C3_S011,G008,OCCUPIED,OCCUPIED,0.7976869463920594
316.0,cctv3,C3_S012,G009,OCCUPIED,OCCUPIED,0.8264886539090764
317.0,cctv1,C1_S001,G001,OCCUPIED,OCCUPIED,0.7390670271759684
317.0,cctv1,C1_S002,G002,EMPTY,EMPTY,0.01
317.0,cctv1,C1_S003,G003,OCCUPIED,OCCUPIED,0.8394107420336117
317.0,cctv1,C1_S004,G004,OCCUPIED,OCCUPIED,0.7653128591450779
317.0,cctv1,C1_S005,G005,OCCUPIED,OCCUPIED,0.7807902670719408
317.0,cctv1,C1_S006,G006,EMPTY,EMPTY,0.01
317.0,cctv2,C2_S001,G007,OCCUPIED,LEAVING,0.7461395118724217
317.0,cctv2,C2_S002,G008,OCCUPIED,LEAVING,0.8102722400968726
317.0,cctv2,C2_S003,G009,EMPTY,EMPTY,0.01
317.0,cctv2,C2_S004,G010,OCCUPIED,LEAVING,0.664148276637901
317.0,cctv2,C2_S005,G001,EMPTY,EMPTY,0.01
317.0,cctv2,C2_S006,G003,OCCUPIED,OCCUPIED,0.8211141312664206
317.0,cctv2,C2_S007,G004,OCCUPIED,OCCUPIED,0.7806232910264623
317.0,cctv2,C2_S008,G006,OCCUPIED,OCCUPIED,0.7487262123010376
317.0,cctv2,C2_S009,G005,OCCUPIED,OCCUPIED,0.7768961860374971
317.0,cctv2,C2_S010,G002,EMPTY,EMPTY,0.01
317.0,cctv2,C2_S011,G017,OCCUPIED,OCCUPIED,0.7980697699568489
317.0,cctv2,C2_S012,G018,OCCUPIED,OCCUPIED,0.6498092237775299
317.0,cctv2,C2_S013,G019,OCCUPIED,OCCUPIED,0.8375699216669257
317.0,cctv2,C2_S014,G020,EMPTY,EMPTY,0.01
317.0,cctv3,C3_S001,G021,OCCUPIED,OCCUPIED,0.7969445922157982
317.0,cctv3,C3_S002,G019,EMPTY,EMPTY,0.01
317.0,cctv3,C3_S003,G020,OCCUPIED,LEAVING,0.809576375917955
317.0,cctv3,C3_S004,G024,OCCUPIED,LEAVING,0.8177522842179645
317.0,cctv3,C3_S005,G025,OCCUPIED,OCCUPIED,0.8315870862115514
317.0,cctv3,C3_S006,G026,OCCUPIED,OCCUPIED,0.8250847166234797
317.0,cctv3,C3_S007,G027,OCCUPIED,OCCUPIED,0.7469534493305467
317.0,cctv3,C3_S008,G028,EMPTY,EMPTY,0.01
317.0,cctv3,C3_S009,G029,EMPTY,MANEUVERING,0.2210283501039851
317.0,cctv3,C3_S010,G007,OCCUPIED,OCCUPIED,0.6939992566813122
317.0,cctv3,C3_S011,G008,OCCUPIED,OCCUPIED,0.7985026939348742
317.0,cctv3,C3_S012,G009,OCCUPIED,OCCUPIED,0.8265615604140543
318.0,cctv1,C1_S001,G001,OCCUPIED,OCCUPIED,0.740812114219774
318.0,cctv1,C1_S002,G002,EMPTY,EMPTY,0.01
318.0,cctv1,C1_S003,G003,OCCUPIED,OCCUPIED,0.8392436582933773
318.0,cctv1,C1_S004,G004,OCCUPIED,OCCUPIED,0.7645956644957717
318.0,cctv1,C1_S005,G005,OCCUPIED,OCCUPIED,0.7767029263756493
318.0,cctv1,C1_S006,G006,EMPTY,EMPTY,0.01
318.0,cctv2,C2_S001,G007,OCCUPIED,LEAVING,0.741179989955642
318.0,cctv2,C2_S002,G008,OCCUPIED,LEAVING,0.8120151687752117
318.0,cctv2,C2_S003,G009,EMPTY,MANEUVERING,0.2738912878524173
318.0,cctv2,C2_S004,G010,OCCUPIED,LEAVING,0.7139302793551575
318.0,cctv2,C2_S005,G001,EMPTY,EMPTY,0.01
318.0,cctv2,C2_S006,G003,OCCUPIED,OCCUPIED,0.8208717538551852
318.0,cctv2,C2_S007,G004,OCCUPIED,OCCUPIED,0.7791336856105111
318.0,cctv2,C2_S008,G006,OCCUPIED,OCCUPIED,0.748448383808136
318.0,cctv2,C2_S009,G005,OCCUPIED,OCCUPIED,0.7752139086073095
318.0,cctv2,C2_S010,G002,EMPTY,EMPTY,0.01
318.0,cctv2,C2_S011,G017,OCCUPIED,OCCUPIED,0.7969376103444533
318.0,cctv2,C2_S012,G018,OCCUPIED,OCCUPIED,0.6533981085670265
318.0,cctv2,C2_S013,G019,OCCUPIED,OCCUPIED,0.837589348175309
318.0,cctv2,C2_S014,G020,EMPTY,EMPTY,0.01
318.0,cctv3,C3_S001,G021,OCCUPIED,OCCUPIED,0.7976638103073295
318.0,cctv3,C3_S002,G019,EMPTY,EMPTY,0.01
318.0,cctv3,C3_S003,G020,OCCUPIED,LEAVING,0.8085675263946708
318.0,cctv3,C3_S004,G024,OCCUPIED,LEAVING,0.823906047506766
318.0,cctv3,C3_S005,G025,OCCUPIED,OCCUPIED,0.8316863043741747
318.0,cctv3,C3_S006,G026,OCCUPIED,OCCUPIED,0.8252300882881338
318.0,cctv3,C3_S007,G027,OCCUPIED,OCCUPIED,0.7478465627540242
318.0,cctv3,C3_S008,G028,EMPTY,EMPTY,0.01
318.0,cctv3,C3_S009,G029,EMPTY,MANEUVERING,0.2210283501039851
318.0,cctv3,C3_S010,G007,OCCUPIED,OCCUPIED,0.6950293979455124
318.0,cctv3,C3_S011,G008,OCCUPIED,OCCUPIED,0.7993599555709145
318.0,cctv3,C3_S012,G009,OCCUPIED,OCCUPIED,0.8266562123190273
319.0,cctv1,C1_S001,G001,OCCUPIED,OCCUPIED,0.741030512276021
319.0,cctv1,C1_S002,G002,EMPTY,EMPTY,0.01
319.0,cctv1,C1_S003,G003,OCCUPIED,OCCUPIED,0.8390627644278787
319.0,cctv1,C1_S004,G004,OCCUPIED,OCCUPIED,0.7649877189235255
319.0,cctv1,C1_S005,G005,OCCUPIED,OCCUPIED,0.7762722643938932
319.0,cctv1,C1_S006,G006,EMPTY,EMPTY,0.01
319.0,cctv2,C2_S001,G007,OCCUPIED,LEAVING,0.7485079400241376
319.0,cctv2,C2_S002,G008,OCCUPIED,LEAVING,0.8116338586265391
319.0,cctv2,C2_S003,G009,EMPTY,MANEUVERING,0.2738912878524173
319.0,cctv2,C2_S004,G010,OCCUPIED,LEAVING,0.7184230672974479
319.0,cctv2,C2_S005,G001,EMPTY,EMPTY,0.01
319.0,cctv2,C2_S006,G003,OCCUPIED,OCCUPIED,0.8204613173549826
319.0,cctv2,C2_S007,G004,OCCUPIED,OCCUPIED,0.7797018294984644
319.0,cctv2,C2_S008,G006,OCCUPIED,OCCUPIED,0.7474482315507802
319.0,cctv2,C2_S009,G005,OCCUPIED,OCCUPIED,0.775073513659564
319.0,cctv2,C2_S010,G002,EMPTY,EMPTY,0.01
319.0,cctv2,C2_S011,G017,OCCUPIED,OCCUPIED,0.7978392080827194
319.0,cctv2,C2_S012,G018,OCCUPIED,OCCUPIED,0.6554952506822619
319.0,cctv2,C2_S013,G019,OCCUPIED,OCCUPIED,0.8376006028868936
319.0,cctv2,C2_S014,G020,EMPTY,EMPTY,0.01
319.0,cctv3,C3_S001,G021,OCCUPIED,OCCUPIED,0.7961588155139577
319.0,cctv3,C3_S002,G019,EMPTY,EMPTY,0.01
319.0,cctv3,C3_S003,G020,OCCUPIED,LEAVING,0.8089997911995108
319.0,cctv3,C3_S004,G024,OCCUPIED,LEAVING,0.8258552876385776
319.0,cctv3,C3_S005,G025,OCCUPIED,OCCUPIED,0.8317132589491931
319.0,cctv3,C3_S006,G026,OCCUPIED,OCCUPIED,0.8254225636070426
319.0,cctv3,C3_S007,G027,OCCUPIED,OCCUPIED,0.7473098929632794
319.0,cctv3,C3_S008,G028,EMPTY,EMPTY,0.01
319.0,cctv3,C3_S009,G029,EMPTY,MANEUVERING,0.3023865650526501
319.0,cctv3,C3_S010,G007,OCCUPIED,OCCUPIED,0.6135970714507681
319.0,cctv3,C3_S011,G008,OCCUPIED,OCCUPIED,0.7989730826833032
319.0,cctv3,C3_S012,G009,OCCUPIED,OCCUPIED,0.826437857747078
320.0,cctv1,C1_S001,G001,OCCUPIED,OCCUPIED,0.7409980776635083
320.0,cctv1,C1_S002,G002,EMPTY,EMPTY,0.01
320.0,cctv1,C1_S003,G003,OCCUPIED,OCCUPIED,0.8386816477233714
320.0,cctv1,C1_S004,G004,OCCUPIED,OCCUPIED,0.7660258797082035
320.0,cctv1,C1_S005,G005,OCCUPIED,OCCUPIED,0.7790531591935592
320.0,cctv1,C1_S006,G006,EMPTY,EMPTY,0.01
320.0,cctv2,C2_S001,G007,OCCUPIED,LEAVING,0.748513391207565
320.0,cctv2,C2_S002,G008,OCCUPIED,LEAVING,0.8117576555772261
320.0,cctv2,C2_S003,G009,EMPTY,MANEUVERING,0.331702659197829
320.0,cctv2,C2_S004,G010,OCCUPIED,OCCUPIED,0.7204194832999599
320.0,cctv2,C2_S005,G001,EMPTY,EMPTY,0.01
320.0,cctv2,C2_S006,G003,OCCUPIED,OCCUPIED,0.8201672757213767
320.0,cctv2,C2_S007,G004,OCCUPIED,OCCUPIED,0.7796298211271113
320.0,cctv2,C2_S008,G006,OCCUPIED,OCCUPIED,0.7500116365877065
320.0,cctv2,C2_S009,G005,OCCUPIED,OCCUPIED,0.7746537593278019
320.0,cctv2,C2_S010,G002,EMPTY,EMPTY,0.01
320.0,cctv2,C2_S011,G017,OCCUPIED,OCCUPIED,0.7975842267274857
320.0,cctv2,C2_S012,G018,OCCUPIED,OCCUPIED,0.6568846723911438
320.0,cctv2,C2_S013,G019,OCCUPIED,OCCUPIED,0.8376791542226618
320.0,cctv2,C2_S014,G020,EMPTY,EMPTY,0.01
320.0,cctv3,C3_S001,G021,OCCUPIED,OCCUPIED,0.7970769592306831
320.0,cctv3,C3_S002,G019,EMPTY,EMPTY,0.01
320.0,cctv3,C3_S003,G020,OCCUPIED,LEAVING,0.8110553126443517
320.0,cctv3,C3_S004,G024,OCCUPIED,OCCUPIED,0.826179095289924
320.0,cctv3,C3_S005,G025,OCCUPIED,OCCUPIED,0.8317625148729846
320.0,cctv3,C3_S006,G026,OCCUPIED,OCCUPIED,0.8255685156041926
320.0,cctv3,C3_S007,G027,OCCUPIED,OCCUPIED,0.7470489335331051
320.0,cctv3,C3_S008,G028,EMPTY,EMPTY,0.01
320.0,cctv3,C3_S009,G029,EMPTY,MANEUVERING,0.2573865650526502
320.0,cctv3,C3_S010,G007,OCCUPIED,OCCUPIED,0.6585971747654857
320.0,cctv3,C3_S011,G008,OCCUPIED,OCCUPIED,0.7983834380453284
320.0,cctv3,C3_S012,G009,OCCUPIED,OCCUPIED,0.8265104115009309
321.0,cctv1,C1_S001,G001,OCCUPIED,OCCUPIED,0.7431305880573663
321.0,cctv1,C1_S002,G002,EMPTY,EMPTY,0.01
321.0,cctv1,C1_S003,G003,OCCUPIED,OCCUPIED,0.8385465903715654
321.0,cctv1,C1_S004,G004,OCCUPIED,OCCUPIED,0.7660697301680393
321.0,cctv1,C1_S005,G005,OCCUPIED,OCCUPIED,0.7769875550811942
321.0,cctv1,C1_S006,G006,EMPTY,EMPTY,0.01
321.0,cctv2,C2_S001,G007,OCCUPIED,LEAVING,0.7552775986492635
321.0,cctv2,C2_S002,G008,OCCUPIED,LEAVING,0.81288371600888
321.0,cctv2,C2_S003,G009,EMPTY,MANEUVERING,0.331702659197829
321.0,cctv2,C2_S004,G010,OCCUPIED,OCCUPIED,0.7193024871904742
321.0,cctv2,C2_S005,G001,EMPTY,EMPTY,0.01
321.0,cctv2,C2_S006,G003,OCCUPIED,OCCUPIED,0.8201272067698566
321.0,cctv2,C2_S007,G004,OCCUPIED,OCCUPIED,0.7806980815800755
321.0,cctv2,C2_S008,G006,OCCUPIED,OCCUPIED,0.7517736564983022
321.0,cctv2,C2_S009,G005,OCCUPIED,OCCUPIED,0.7774862082167106
321.0,cctv2,C2_S010,G002,EMPTY,EMPTY,0.01
321.0,cctv2,C2_S011,G017,OCCUPIED,OCCUPIED,0.7989146991209551
321.0,cctv2,C2_S012,G018,OCCUPIED,OCCUPIED,0.6948852699814421
321.0,cctv2,C2_S013,G019,OCCUPIED,OCCUPIED,0.8377171879464931
321.0,cctv2,C2_S014,G020,EMPTY,EMPTY,0.01
321.0,cctv3,C3_S001,G021,OCCUPIED,OCCUPIED,0.7964050317352469
321.0,cctv3,C3_S002,G019,EMPTY,EMPTY,0.01
321.0,cctv3,C3_S003,G020,OCCUPIED,LEAVING,0.811045464873314
321.0,cctv3,C3_S004,G024,OCCUPIED,OCCUPIED,0.8260113857009195
321.0,cctv3,C3_S005,G025,OCCUPIED,OCCUPIED,0.8318015523932197
321.0,cctv3,C3_S006,G026,OCCUPIED,OCCUPIED,0.8256523468277672
321.0,cctv3,C3_S007,G027,OCCUPIED,OCCUPIED,0.7453230478546837
321.0,cctv3,C3_S008,G028,EMPTY,EMPTY,0.01
321.0,cctv3,C3_S009,G029,EMPTY,MANEUVERING,0.2573865650526502
321.0,cctv3,C3_S010,G007,OCCUPIED,OCCUPIED,0.6561238288698774
321.0,cctv3,C3_S011,G008,OCCUPIED,OCCUPIED,0.7974027525294911
321.0,cctv3,C3_S012,G009,OCCUPIED,OCCUPIED,0.8264686243100601
322.0,cctv1,C1_S001,G001,OCCUPIED,OCCUPIED,0.744011977789077
322.0,cctv1,C1_S002,G002,EMPTY,EMPTY,0.01
322.0,cctv1,C1_S003,G003,OCCUPIED,OCCUPIED,0.8382146044210954
322.0,cctv1,C1_S004,G004,OCCUPIED,OCCUPIED,0.7663320847532966
322.0,cctv1,C1_S005,G005,OCCUPIED,LEAVING,0.7759792736985467
322.0,cctv1,C1_S006,G006,EMPTY,EMPTY,0.01
322.0,cctv2,C2_S001,G007,OCCUPIED,LEAVING,0.7543505493890156
322.0,cctv2,C2_S002,G008,OCCUPIED,LEAVING,0.8130023143508218
322.0,cctv2,C2_S003,G009,EMPTY,MANEUVERING,0.286702659197829
322.0,cctv2,C2_S004,G010,OCCUPIED,OCCUPIED,0.7237046627361666
322.0,cctv2,C2_S005,G001,EMPTY,EMPTY,0.01
322.0,cctv2,C2_S006,G003,OCCUPIED,OCCUPIED,0.8200935458595103
322.0,cctv2,C2_S007,G004,OCCUPIED,OCCUPIED,0.7809037208557129
322.0,cctv2,C2_S008,G006,OCCUPIED,OCCUPIED,0.753813969005238
322.0,cctv2,C2_S009,G005,OCCUPIED,OCCUPIED,0.7777165750210936
322.0,cctv2,C2_S010,G002,EMPTY,EMPTY,0.01
322.0,cctv2,C2_S011,G017,OCCUPIED,OCCUPIED,0.7993998741561716
322.0,cctv2,C2_S012,G018,OCCUPIED,OCCUPIED,0.7310330351103437
322.0,cctv2,C2_S013,G019,OCCUPIED,OCCUPIED,0.8377551802180031
322.0,cctv2,C2_S014,G020,EMPTY,EMPTY,0.01
322.0,cctv3,C3_S001,G021,OCCUPIED,OCCUPIED,0.7951409919695421
322.0,cctv3,C3_S002,G019,EMPTY,EMPTY,0.01
322.0,cctv3,C3_S003,G020,OCCUPIED,LEAVING,0.8128823960369285
322.0,cctv3,C3_S004,G024,OCCUPIED,OCCUPIED,0.8258986630223015
322.0,cctv3,C3_S005,G025,OCCUPIED,OCCUPIED,0.8317739857868716
322.0,cctv3,C3_S006,G026,OCCUPIED,OCCUPIED,0.8254554109139877
322.0,cctv3,C3_S007,G027,OCCUPIED,OCCUPIED,0.7308375800130044
322.0,cctv3,C3_S008,G028,EMPTY,MANEUVERING,0.1402580679275772
322.0,cctv3,C3_S009,G029,EMPTY,MANEUVERING,0.2173865650526502
322.0,cctv3,C3_S010,G007,OCCUPIED,OCCUPIED,0.6560944725889148
322.0,cctv3,C3_S011,G008,OCCUPIED,OCCUPIED,0.7976459085941315
322.0,cctv3,C3_S012,G009,OCCUPIED,OCCUPIED,0.8260581431063739
323.0,cctv1,C1_S001,G001,OCCUPIED,OCCUPIED,0.7440484810281884
323.0,cctv1,C1_S002,G002,EMPTY,EMPTY,0.01
323.0,cctv1,C1_S003,G003,OCCUPIED,OCCUPIED,0.8380746109919115
323.0,cctv1,C1_S004,G004,OCCUPIED,OCCUPIED,0.7672893216664142
323.0,cctv1,C1_S005,G005,OCCUPIED,LEAVING,0.7780409024520354
323.0,cctv1,C1_S006,G006,EMPTY,EMPTY,0.01
323.0,cctv2,C2_S001,G007,OCCUPIED,LEAVING,0.7558677742427047
323.0,cctv2,C2_S002,G008,OCCUPIED,LEAVING,0.8136156908490442
323.0,cctv2,C2_S003,G009,EMPTY,MANEUVERING,0.286702659197829
323.0,cctv2,C2_S004,G010,OCCUPIED,OCCUPIED,0.7251479830999267
323.0,cctv2,C2_S005,G001,EMPTY,EMPTY,0.01
323.0,cctv2,C2_S006,G003,OCCUPIED,OCCUPIED,0.820469277013432
323.0,cctv2,C2_S007,G004,OCCUPIED,OCCUPIED,0.7824456301602452
323.0,cctv2,C2_S008,G006,OCCUPIED,OCCUPIED,0.7532323360443116
323.0,cctv2,C2_S009,G005,OCCUPIED,OCCUPIED,0.7797756658359007
323.0,cctv2,C2_S010,G002,EMPTY,EMPTY,0.01
323.0,cctv2,C2_S011,G017,OCCUPIED,OCCUPIED,0.8004421399398284
323.0,cctv2,C2_S012,G018,OCCUPIED,OCCUPIED,0.7713743759827181
323.0,cctv2,C2_S013,G019,OCCUPIED,OCCUPIED,0.8378817666660656
323.0,cctv2,C2_S014,G020,EMPTY,EMPTY,0.01
323.0,cctv3,C3_S001,G021,OCCUPIED,OCCUPIED,0.7946282747116956
323.0,cctv3,C3_S002,G019,EMPTY,EMPTY,0.01
323.0,cctv3,C3_S003,G020,OCCUPIED,OCCUPIED,0.8122213924472983
323.0,cctv3,C3_S004,G024,OCCUPIED,OCCUPIED,0.8257556687701832
323.0,cctv3,C3_S005,G025,OCCUPIED,OCCUPIED,0.8318610901182348
323.0,cctv3,C3_S006,G026,OCCUPIED,OCCUPIED,0.8256263237107885
323.0,cctv3,C3_S007,G027,OCCUPIED,LEAVING,0.7308790725672788
323.0,cctv3,C3_S008,G028,EMPTY,MANEUVERING,0.1402580679275772
323.0,cctv3,C3_S009,G029,EMPTY,MANEUVERING,0.2521922932091084
323.0,cctv3,C3_S010,G007,OCCUPIED,LEAVING,0.6062609096593929
323.0,cctv3,C3_S011,G008,OCCUPIED,OCCUPIED,0.7971146255731584
323.0,cctv3,C3_S012,G009,OCCUPIED,OCCUPIED,0.8257908739826897
324.0,cctv1,C1_S001,G001,OCCUPIED,OCCUPIED,0.7434212257238952
324.0,cctv1,C1_S002,G002,EMPTY,EMPTY,0.01
324.0,cctv1,C1_S003,G003,OCCUPIED,OCCUPIED,0.8379220745780251
324.0,cctv1,C1_S004,G004,OCCUPIED,OCCUPIED,0.7670301926406948
324.0,cctv1,C1_S005,G005,OCCUPIED,LEAVING,0.7773532783443278
324.0,cctv1,C1_S006,G006,EMPTY,EMPTY,0.01
324.0,cctv2,C2_S001,G007,OCCUPIED,LEAVING,0.7534549892626026
324.0,cctv2,C2_S002,G008,OCCUPIED,LEAVING,0.8145931243896485
324.0,cctv2,C2_S003,G009,EMPTY,MANEUVERING,0.241702659197829
324.0,cctv2,C2_S004,G010,OCCUPIED,OCCUPIED,0.725697508271445
324.0,cctv2,C2_S005,G001,EMPTY,EMPTY,0.01
324.0,cctv2,C2_S006,G003,OCCUPIED,OCCUPIED,0.8202860374342312
324.0,cctv2,C2_S007,G004,OCCUPIED,OCCUPIED,0.7825373487039047
324.0,cctv2,C2_S008,G006,OCCUPIED,OCCUPIED,0.7557740476998417
324.0,cctv2,C2_S009,G005,OCCUPIED,OCCUPIED,0.7799009290608494
324.0,cctv2,C2_S010,G002,EMPTY,EMPTY,0.01
324.0,cctv2,C2_S011,G017,OCCUPIED,OCCUPIED,0.800800295309587
324.0,cctv2,C2_S012,G018,OCCUPIED,OCCUPIED,0.7767153519121084
324.0,cctv2,C2_S013,G019,OCCUPIED,OCCUPIED,0.8381347184831447
324.0,cctv2,C2_S014,G020,EMPTY,EMPTY,0.01
324.0,cctv3,C3_S001,G021,OCCUPIED,OCCUPIED,0.7938340880654076
324.0,cctv3,C3_S002,G019,EMPTY,EMPTY,0.01
324.0,cctv3,C3_S003,G020,OCCUPIED,OCCUPIED,0.8148099167780444
324.0,cctv3,C3_S004,G024,OCCUPIED,OCCUPIED,0.8256089722568339
324.0,cctv3,C3_S005,G025,OCCUPIED,OCCUPIED,0.8318758885968816
324.0,cctv3,C3_S006,G026,OCCUPIED,OCCUPIED,0.8257336746562611
324.0,cctv3,C3_S007,G027,OCCUPIED,LEAVING,0.7305197272720663
324.0,cctv3,C3_S008,G028,EMPTY,MANEUVERING,0.1402580679275772
324.0,cctv3,C3_S009,G029,EMPTY,MANEUVERING,0.2521922932091084
324.0,cctv3,C3_S010,G007,OCCUPIED,LEAVING,0.6059913521237446
324.0,cctv3,C3_S011,G008,OCCUPIED,OCCUPIED,0.7973707058212974
324.0,cctv3,C3_S012,G009,OCCUPIED,OCCUPIED,0.8256321254101667
325.0,cctv1,C1_S001,G001,OCCUPIED,OCCUPIED,0.7405012305487286
325.0,cctv1,C1_S002,G002,EMPTY,EMPTY,0.01
325.0,cctv1,C1_S003,G003,OCCUPIED,OCCUPIED,0.837913020903414
325.0,cctv1,C1_S004,G004,OCCUPIED,OCCUPIED,0.7669081143357538
325.0,cctv1,C1_S005,G005,OCCUPIED,LEAVING,0.7773875862360001
325.0,cctv1,C1_S006,G006,EMPTY,EMPTY,0.01
325.0,cctv2,C2_S001,G007,OCCUPIED,LEAVING,0.7535136205228893
325.0,cctv2,C2_S002,G008,OCCUPIED,LEAVING,0.8138539921153676
325.0,cctv2,C2_S003,G009,EMPTY,MANEUVERING,0.241702659197829
325.0,cctv2,C2_S004,G010,OCCUPIED,OCCUPIED,0.7622613129967993
325.0,cctv2,C2_S005,G001,EMPTY,EMPTY,0.01
325.0,cctv2,C2_S006,G003,OCCUPIED,OCCUPIED,0.8204901909286326
325.0,cctv2,C2_S007,G004,OCCUPIED,OCCUPIED,0.7836729586124421
325.0,cctv2,C2_S008,G006,OCCUPIED,OCCUPIED,0.7577582252296535
325.0,cctv2,C2_S009,G005,OCCUPIED,OCCUPIED,0.7796704086390409
325.0,cctv2,C2_S010,G002,EMPTY,EMPTY,0.01
325.0,cctv2,C2_S011,G017,OCCUPIED,OCCUPIED,0.8016265124082566
325.0,cctv2,C2_S012,G018,OCCUPIED,LEAVING,0.7802127317948775
325.0,cctv2,C2_S013,G019,OCCUPIED,OCCUPIED,0.7567990903962742
325.0,cctv2,C2_S014,G020,EMPTY,EMPTY,0.01
325.0,cctv3,C3_S001,G021,OCCUPIED,OCCUPIED,0.7943458437919617
325.0,cctv3,C3_S002,G019,EMPTY,EMPTY,0.01
325.0,cctv3,C3_S003,G020,OCCUPIED,LEAVING,0.815960178050128
325.0,cctv3,C3_S004,G024,OCCUPIED,OCCUPIED,0.8254552881826055
325.0,cctv3,C3_S005,G025,OCCUPIED,OCCUPIED,0.8317714994603937
325.0,cctv3,C3_S006,G026,OCCUPIED,OCCUPIED,0.8259104216640647
325.0,cctv3,C3_S007,G027,OCCUPIED,LEAVING,0.7328495273468171
325.0,cctv3,C3_S008,G028,EMPTY,MANEUVERING,0.1402580679275772
325.0,cctv3,C3_S009,G029,EMPTY,MANEUVERING,0.341053553359075
325.0,cctv3,C3_S010,G007,OCCUPIED,LEAVING,0.5254370017627101
325.0,cctv3,C3_S011,G008,OCCUPIED,OCCUPIED,0.7975620928135786
325.0,cctv3,C3_S012,G009,OCCUPIED,OCCUPIED,0.825108417597684
326.0,cctv1,C1_S001,G001,OCCUPIED,OCCUPIED,0.7393836940554056
326.0,cctv1,C1_S002,G002,EMPTY,EMPTY,0.01
326.0,cctv1,C1_S003,G003,OCCUPIED,OCCUPIED,0.8380018410357563
326.0,cctv1,C1_S004,G004,OCCUPIED,OCCUPIED,0.7681734322146937
326.0,cctv1,C1_S005,G005,OCCUPIED,LEAVING,0.7770172532309186
326.0,cctv1,C1_S006,G006,EMPTY,EMPTY,0.01
326.0,cctv2,C2_S001,G007,OCCUPIED,LEAVING,0.6616759892485359
326.0,cctv2,C2_S002,G008,OCCUPIED,LEAVING,0.8018087337233805
326.0,cctv2,C2_S003,G009,EMPTY,MANEUVERING,0.3237447774681177
326.0,cctv2,C2_S004,G010,OCCUPIED,OCCUPIED,0.6816296979446302
326.0,cctv2,C2_S005,G001,EMPTY,EMPTY,0.01
326.0,cctv2,C2_S006,G003,OCCUPIED,OCCUPIED,0.8208736980503256
326.0,cctv2,C2_S007,G004,OCCUPIED,OCCUPIED,0.7844063233245504
326.0,cctv2,C2_S008,G006,OCCUPIED,OCCUPIED,0.7598999154838649
326.0,cctv2,C2_S009,G005,OCCUPIED,OCCUPIED,0.7799967871470885
326.0,cctv2,C2_S010,G002,EMPTY,EMPTY,0.01
326.0,cctv2,C2_S011,G017,OCCUPIED,OCCUPIED,0.8020157025618987
326.0,cctv2,C2_S012,G018,OCCUPIED,LEAVING,0.7868872500278734
326.0,cctv2,C2_S013,G019,OCCUPIED,OCCUPIED,0.6754797804175001
326.0,cctv2,C2_S014,G020,EMPTY,EMPTY,0.01
326.0,cctv3,C3_S001,G021,OCCUPIED,OCCUPIED,0.7952063322067261
326.0,cctv3,C3_S002,G019,EMPTY,EMPTY,0.01
326.0,cctv3,C3_S003,G020,OCCUPIED,LEAVING,0.737066752802242
326.0,cctv3,C3_S004,G024,OCCUPIED,OCCUPIED,0.8245947957038879
326.0,cctv3,C3_S005,G025,OCCUPIED,OCCUPIED,0.8316341085867449
326.0,cctv3,C3_S006,G026,OCCUPIED,OCCUPIED,0.8261181270534342
326.0,cctv3,C3_S007,G027,OCCUPIED,LEAVING,0.7315455880964346
326.0,cctv3,C3_S008,G028,EMPTY,MANEUVERING,0.0952580679275772
326.0,cctv3,C3_S009,G029,EMPTY,MANEUVERING,0.4277066759074276
326.0,cctv3,C3_S010,G007,OCCUPIED,LEAVING,0.51
326.0,cctv3,C3_S011,G008,OCCUPIED,OCCUPIED,0.7965329706668854
326.0,cctv3,C3_S012,G009,OCCUPIED,OCCUPIED,0.825059891559861
327.0,cctv1,C1_S001,G001,OCCUPIED,OCCUPIED,0.7384495196694678
327.0,cctv1,C1_S002,G002,EMPTY,EMPTY,0.01
327.0,cctv1,C1_S003,G003,OCCUPIED,OCCUPIED,0.8378190078518608
327.0,cctv1,C1_S004,G004,OCCUPIED,OCCUPIED,0.7676190980456092
327.0,cctv1,C1_S005,G005,OCCUPIED,LEAVING,0.776857080649246
327.0,cctv1,C1_S006,G006,EMPTY,EMPTY,0.01
327.0,cctv2,C2_S001,G007,OCCUPIED,LEAVING,0.6632581023059109
327.0,cctv2,C2_S002,G008,OCCUPIED,LEAVING,0.7968268771334129
327.0,cctv2,C2_S003,G009,EMPTY,MANEUVERING,0.3237447774681177
327.0,cctv2,C2_S004,G010,OCCUPIED,OCCUPIED,0.6037662123956464
327.0,cctv2,C2_S005,G001,EMPTY,EMPTY,0.01
327.0,cctv2,C2_S006,G003,OCCUPIED,OCCUPIED,0.821064020286907
327.0,cctv2,C2_S007,G004,OCCUPIED,OCCUPIED,0.7843839723955501
327.0,cctv2,C2_S008,G006,OCCUPIED,OCCUPIED,0.7619843710552563
327.0,cctv2,C2_S009,G005,OCCUPIED,OCCUPIED,0.781941784511913
327.0,cctv2,C2_S010,G002,EMPTY,EMPTY,0.01
327.0,cctv2,C2_S011,G017,OCCUPIED,OCCUPIED,0.8029100136323409
327.0,cctv2,C2_S012,G018,OCCUPIED,LEAVING,0.7925618175755849
327.0,cctv2,C2_S013,G019,OCCUPIED,OCCUPIED,0.5941619251397523
327.0,cctv2,C2_S014,G020,EMPTY,EMPTY,0.01
327.0,cctv3,C3_S001,G021,OCCUPIED,OCCUPIED,0.7973211711103266
327.0,cctv3,C3_S002,G019,EMPTY,EMPTY,0.01
327.0,cctv3,C3_S003,G020,OCCUPIED,LEAVING,0.6564499008474929
327.0,cctv3,C3_S004,G024,OCCUPIED,OCCUPIED,0.8221404996785251
327.0,cctv3,C3_S005,G025,OCCUPIED,OCCUPIED,0.8314854751933706
327.0,cctv3,C3_S006,G026,OCCUPIED,OCCUPIED,0.8262272254987197
327.0,cctv3,C3_S007,G027,OCCUPIED,LEAVING,0.7318572827293115
327.0,cctv3,C3_S008,G028,EMPTY,MANEUVERING,0.0952580679275772
327.0,cctv3,C3_S009,G029,EMPTY,MANEUVERING,0.3451489846310155
327.0,cctv3,C3_S010,G007,OCCUPIED,LEAVING,0.5250203645577679
327.0,cctv3,C3_S011,G008,OCCUPIED,OCCUPIED,0.7957350289279765
327.0,cctv3,C3_S012,G009,OCCUPIED,OCCUPIED,0.8246189705350183
328.0,cctv1,C1_S001,G001,OCCUPIED,OCCUPIED,0.7368422680957751
328.0,cctv1,C1_S002,G002,EMPTY,EMPTY,0.01
328.0,cctv1,C1_S003,G003,OCCUPIED,OCCUPIED,0.8377748050472954
328.0,cctv1,C1_S004,G004,OCCUPIED,OCCUPIED,0.7671632399613207
328.0,cctv1,C1_S005,G005,OCCUPIED,LEAVING,0.7780835316939788
328.0,cctv1,C1_S006,G006,EMPTY,EMPTY,0.01
328.0,cctv2,C2_S001,G007,OCCUPIED,LEAVING,0.6616998573324898
328.0,cctv2,C2_S002,G008,OCCUPIED,LEAVING,0.7987758336013014
328.0,cctv2,C2_S003,G009,EMPTY,MANEUVERING,0.3237447774681177
328.0,cctv2,C2_S004,G010,OCCUPIED,OCCUPIED,0.603148683192152
328.0,cctv2,C2_S005,G001,EMPTY,EMPTY,0.01
328.0,cctv2,C2_S006,G003,OCCUPIED,OCCUPIED,0.8214196234941483
328.0,cctv2,C2_S007,G004,OCCUPIED,OCCUPIED,0.7858209650624883
328.0,cctv2,C2_S008,G006,OCCUPIED,OCCUPIED,0.764207293635065
328.0,cctv2,C2_S009,G005,OCCUPIED,OCCUPIED,0.7830447616902265
328.0,cctv2,C2_S010,G002,EMPTY,EMPTY,0.01
328.0,cctv2,C2_S011,G017,OCCUPIED,OCCUPIED,0.8050621539354325
328.0,cctv2,C2_S012,G018,OCCUPIED,LEAVING,0.7991827940398997
328.0,cctv2,C2_S013,G019,OCCUPIED,OCCUPIED,0.5129048692251181
328.0,cctv2,C2_S014,G020,EMPTY,EMPTY,0.01
328.0,cctv3,C3_S001,G021,OCCUPIED,OCCUPIED,0.7977528604594144
328.0,cctv3,C3_S002,G019,EMPTY,EMPTY,0.01
328.0,cctv3,C3_S003,G020,OCCUPIED,LEAVING,0.5751878109303388
328.0,cctv3,C3_S004,G024,OCCUPIED,OCCUPIED,0.8197141612117942
328.0,cctv3,C3_S005,G025,OCCUPIED,OCCUPIED,0.8312393150546334
328.0,cctv3,C3_S006,G026,OCCUPIED,OCCUPIED,0.8261423254554923
328.0,cctv3,C3_S007,G027,OCCUPIED,LEAVING,0.7304401546648959
328.0,cctv3,C3_S008,G028,EMPTY,MANEUVERING,0.0952580679275772
328.0,cctv3,C3_S009,G029,EMPTY,MANEUVERING,0.428005203535611
328.0,cctv3,C3_S010,G007,OCCUPIED,LEAVING,0.51
328.0,cctv3,C3_S011,G008,OCCUPIED,OCCUPIED,0.7952337004921654
328.0,cctv3,C3_S012,G009,OCCUPIED,OCCUPIED,0.8239299329844388
329.0,cctv1,C1_S001,G001,OCCUPIED,OCCUPIED,0.7347405675459993
329.0,cctv1,C1_S002,G002,EMPTY,EMPTY,0.01
329.0,cctv1,C1_S003,G003,OCCUPIED,OCCUPIED,0.837858577749946
329.0,cctv1,C1_S004,G004,OCCUPIED,OCCUPIED,0.7667488260702654
329.0,cctv1,C1_S005,G005,OCCUPIED,LEAVING,0.781780269606547
329.0,cctv1,C1_S006,G006,EMPTY,EMPTY,0.01
329.0,cctv2,C2_S001,G007,OCCUPIED,LEAVING,0.6612981934032658
329.0,cctv2,C2_S002,G008,OCCUPIED,LEAVING,0.7945576096393846
329.0,cctv2,C2_S003,G009,EMPTY,MANEUVERING,0.2759442495486953
329.0,cctv2,C2_S004,G010,OCCUPIED,OCCUPIED,0.5966754677711112
329.0,cctv2,C2_S005,G001,EMPTY,EMPTY,0.01
329.0,cctv2,C2_S006,G003,OCCUPIED,OCCUPIED,0.8215544345703992
329.0,cctv2,C2_S007,G004,OCCUPIED,OCCUPIED,0.7863891235806726
329.0,cctv2,C2_S008,G006,OCCUPIED,OCCUPIED,0.7663819669322535
329.0,cctv2,C2_S009,G005,OCCUPIED,OCCUPIED,0.7834445201537826
329.0,cctv2,C2_S010,G002,EMPTY,EMPTY,0.01
329.0,cctv2,C2_S011,G017,OCCUPIED,OCCUPIED,0.8073347546837547
329.0,cctv2,C2_S012,G018,OCCUPIED,LEAVING,0.8053375903855671
329.0,cctv2,C2_S013,G019,OCCUPIED,OCCUPIED,0.51
329.0,cctv2,C2_S014,G020,EMPTY,EMPTY,0.01
329.0,cctv3,C3_S001,G021,OCCUPIED,OCCUPIED,0.7983002017844808
329.0,cctv3,C3_S002,G019,EMPTY,EMPTY,0.01
329.0,cctv3,C3_S003,G020,OCCUPIED,OCCUPIED,0.51
329.0,cctv3,C3_S004,G024,OCCUPIED,OCCUPIED,0.8177700733596629
329.0,cctv3,C3_S005,G025,OCCUPIED,OCCUPIED,0.8310549765825272
329.0,cctv3,C3_S006,G026,OCCUPIED,OCCUPIED,0.8261300417509947
329.0,cctv3,C3_S007,G027,OCCUPIED,LEAVING,0.7293081746792253
329.0,cctv3,C3_S008,G028,EMPTY,MANEUVERING,0.0952580679275772
329.0,cctv3,C3_S009,G029,EMPTY,MANEUVERING,0.3830052035356109
329.0,cctv3,C3_S010,G007,OCCUPIED,LEAVING,0.51
329.0,cctv3,C3_S011,G008,OCCUPIED,OCCUPIED,0.7941550460728732
329.0,cctv3,C3_S012,G009,OCCUPIED,OCCUPIED,0.8234623898159374
330.0,cctv1,C1_S001,G001,OCCUPIED,OCCUPIED,0.7336332996460525
330.0,cctv1,C1_S002,G002,EMPTY,EMPTY,0.01
330.0,cctv1,C1_S003,G003,OCCUPIED,OCCUPIED,0.8379121837290852
330.0,cctv1,C1_S004,G004,OCCUPIED,OCCUPIED,0.767375891587951
330.0,cctv1,C1_S005,G005,OCCUPIED,LEAVING,0.7828137946399776
330.0,cctv1,C1_S006,G006,EMPTY,EMPTY,0.01
330.0,cctv2,C2_S001,G007,OCCUPIED,LEAVING,0.6997523959658364
330.0,cctv2,C2_S002,G008,OCCUPIED,LEAVING,0.7929295168952509
330.0,cctv2,C2_S003,G009,EMPTY,MANEUVERING,0.2309442495486953
330.0,cctv2,C2_S004,G010,OCCUPIED,OCCUPIED,0.5588594532859597
330.0,cctv2,C2_S005,G001,EMPTY,EMPTY,0.01
330.0,cctv2,C2_S006,G003,OCCUPIED,OCCUPIED,0.821562456000935
330.0,cctv2,C2_S007,G004,OCCUPIED,OCCUPIED,0.7873603140765971
330.0,cctv2,C2_S008,G006,OCCUPIED,OCCUPIED,0.7681327898393978
330.0,cctv2,C2_S009,G005,OCCUPIED,OCCUPIED,0.7824372909285806
330.0,cctv2,C2_S010,G002,EMPTY,EMPTY,0.01
330.0,cctv2,C2_S011,G017,OCCUPIED,OCCUPIED,0.8076293286952106
330.0,cctv2,C2_S012,G018,OCCUPIED,LEAVING,0.8114455362612552
330.0,cctv2,C2_S013,G019,OCCUPIED,OCCUPIED,0.51
330.0,cctv2,C2_S014,G020,EMPTY,EMPTY,0.01
330.0,cctv3,C3_S001,G021,OCCUPIED,OCCUPIED,0.8013047326694835
330.0,cctv3,C3_S002,G019,EMPTY,EMPTY,0.01
330.0,cctv3,C3_S003,G020,OCCUPIED,LEAVING,0.5372859123697529
330.0,cctv3,C3_S004,G024,OCCUPIED,OCCUPIED,0.8166306994178079
330.0,cctv3,C3_S005,G025,OCCUPIED,OCCUPIED,0.8308589566837659
330.0,cctv3,C3_S006,G026,OCCUPIED,OCCUPIED,0.8260043323040009
330.0,cctv3,C3_S007,G027,OCCUPIED,LEAVING,0.729556850404902
330.0,cctv3,C3_S008,G028,EMPTY,MANEUVERING,0.0952580679275772
330.0,cctv3,C3_S009,G029,EMPTY,MANEUVERING,0.3005248548737304
330.0,cctv3,C3_S010,G007,OCCUPIED,LEAVING,0.567090657899132
330.0,cctv3,C3_S011,G008,OCCUPIED,OCCUPIED,0.7951318716461009
330.0,cctv3,C3_S012,G009,OCCUPIED,OCCUPIED,0.8230156353928827
